season,gw,fixture,element,name,position,team,team_id,opponent_team,was_home,kickoff_time,minutes,total_points,goals_scored,assists,clean_sheets,goals_conceded,bonus,bps,influence,creativity,threat,ict_index,expected_goals,expected_assists,expected_goal_involvements,expected_goals_conceded,starts,value
2022-23,23,224,1,Cédric Alves Soares,DEF,Fulham,9,16,1,2023-02-11T15:00:00Z,1,1,0,0,0,0,0,3,0.4,0.1,0.0,0.1,0.0,0.0,0.0,0.0,0,42
2022-23,23,224,2,Bernd Leno,GK,Fulham,9,16,1,2023-02-11T15:00:00Z,90,6,0,0,1,0,0,28,16.2,0.0,0.0,1.6,0.0,0.0,0.0,0.67,1,45
2022-23,23,111,3,Granit Xhaka,MID,Arsenal,1,13,1,2023-02-15T19:30:00Z,82,2,0,0,0,3,0,9,5.0,4.2,6.0,1.5,0.05,0.08,0.13,1.71,1,49
2022-23,23,221,3,Granit Xhaka,MID,Arsenal,1,4,1,2023-02-11T15:00:00Z,80,2,0,0,0,1,0,15,15.4,35.2,10.0,6.1,0.02,0.09,0.11,2.23,1,49
2022-23,23,111,4,Mohamed Elneny,MID,Arsenal,1,13,1,2023-02-15T19:30:00Z,0,0,0,0,0,0,0,0,0.0,0.0,0.0,0.0,0.0,0.0,0.0,0.0,0,41
2022-23,23,221,4,Mohamed Elneny,MID,Arsenal,1,4,1,2023-02-11T15:00:00Z,0,0,0,0,0,0,0,0,0.0,0.0,0.0,0.0,0.0,0.0,0.0,0.0,0,41
2022-23,23,111,5,Rob Holding,DEF,Arsenal,1,13,1,2023-02-15T19:30:00Z,0,0,0,0,0,0,0,0,0.0,0.0,0.0,0.0,0.0,0.0,0.0,0.0,0,42
2022-23,23,221,5,Rob Holding,DEF,Arsenal,1,4,1,2023-02-11T15:00:00Z,0,0,0,0,0,0,0,0,0.0,0.0,0.0,0.0,0.0,0.0,0.0,0.0,0,42
2022-23,23,111,6,Thomas Partey,MID,Arsenal,1,13,1,2023-02-15T19:30:00Z,0,0,0,0,0,0,0,0,0.0,0.0,0.0,0.0,0.0,0.0,0.0,0.0,0,47
2022-23,23,221,6,Thomas Partey,MID,Arsenal,1,4,1,2023-02-11T15:00:00Z,90,3,0,0,0,1,1,23,33.4,68.8,3.0,10.5,0.04,0.14,0.18,2.37,1,47
2022-23,23,111,7,Martin Ødegaard,MID,Arsenal,1,13,1,2023-02-15T19:30:00Z,90,2,0,0,0,3,0,8,3.8,15.0,6.0,2.5,0.1,0.11,0.22,1.71,1,70
2022-23,23,221,7,Martin Ødegaard,MID,Arsenal,1,4,1,2023-02-11T15:00:00Z,90,2,0,0,0,1,0,14,20.6,42.6,27.0,9.0,0.12,0.18,0.3,2.37,1,70
2022-23,23,111,8,Kieran Tierney,DEF,Arsenal,1,13,1,2023-02-15T19:30:00Z,0,0,0,0,0,0,0,0,0.0,0.0,0.0,0.0,0.0,0.0,0.0,0.0,0,46
2022-23,23,221,8,Kieran Tierney,DEF,Arsenal,1,4,1,2023-02-11T15:00:00Z,0,0,0,0,0,0,0,0,0.0,0.0,0.0,0.0,0.0,0.0,0.0,0.0,0,46
2022-23,23,111,9,Nicolas Pépé,MID,Arsenal,1,13,1,2023-02-15T19:30:00Z,0,0,0,0,0,0,0,0,0.0,0.0,0.0,0.0,0.0,0.0,0.0,0.0,0,53
2022-23,23,221,9,Nicolas Pépé,MID,Arsenal,1,4,1,2023-02-11T15:00:00Z,0,0,0,0,0,0,0,0,0.0,0.0,0.0,0.0,0.0,0.0,0.0,0.0,0,53
2022-23,23,111,10,Benjamin White,DEF,Arsenal,1,13,1,2023-02-15T19:30:00Z,7,1,0,0,0,0,0,3,0.2,0.6,4.0,0.5,0.03,0.0,0.03,0.0,0,47
2022-23,23,221,10,Benjamin White,DEF,Arsenal,1,4,1,2023-02-11T15:00:00Z,90,2,0,0,0,1,0,16,17.8,37.4,10.0,6.5,0.0,0.12,0.12,2.37,1,47
2022-23,23,111,11,Eddie Nketiah,FWD,Arsenal,1,13,1,2023-02-15T19:30:00Z,90,4,0,1,0,3,0,-3,0.0,0.6,22.0,1.8,0.51,0.0,0.51,1.71,1,68
2022-23,23,221,11,Eddie Nketiah,FWD,Arsenal,1,4,1,2023-02-11T15:00:00Z,90,2,0,0,0,1,0,0,7.2,20.6,23.0,5.1,0.02,0.09,0.12,2.37,1,68
2022-23,23,111,12,Emile Smith Rowe,MID,Arsenal,1,13,1,2023-02-15T19:30:00Z,0,0,0,0,0,0,0,0,0.0,0.0,0.0,0.0,0.0,0.0,0.0,0.0,0,56
2022-23,23,221,12,Emile Smith Rowe,MID,Arsenal,1,4,1,2023-02-11T15:00:00Z,0,0,0,0,0,0,0,0,0.0,0.0,0.0,0.0,0.0,0.0,0.0,0.0,0,56
2022-23,23,111,13,Bukayo Saka,MID,Arsenal,1,13,1,2023-02-15T19:30:00Z,90,9,1,0,0,3,2,30,43.2,16.0,19.0,7.8,0.79,0.12,0.91,1.71,1,83
2022-23,23,221,13,Bukayo Saka,MID,Arsenal,1,4,1,2023-02-11T15:00:00Z,90,6,0,1,0,1,1,23,29.6,31.3,61.0,12.2,0.35,0.44,0.79,2.37,1,83
2022-23,23,111,14,Takehiro Tomiyasu,DEF,Arsenal,1,13,1,2023-02-15T19:30:00Z,82,0,0,0,0,3,0,0,3.6,7.8,6.0,1.7,0.14,0.01,0.14,1.71,1,42
2022-23,23,221,14,Takehiro Tomiyasu,DEF,Arsenal,1,4,1,2023-02-11T15:00:00Z,0,0,0,0,0,0,0,0,0.0,0.0,0.0,0.0,0.0,0.0,0.0,0.0,0,42
2022-23,23,111,15,Aaron Ramsdale,GK,Arsenal,1,13,1,2023-02-15T19:30:00Z,90,1,0,0,0,3,0,15,19.8,0.0,0.0,2.0,0.0,0.0,0.0,1.71,1,49
2022-23,23,221,15,Aaron Ramsdale,GK,Arsenal,1,4,1,2023-02-11T15:00:00Z,90,2,0,0,0,1,0,10,7.2,0.0,0.0,0.7,0.0,0.0,0.0,2.37,1,49
2022-23,23,111,16,Gabriel dos Santos Magalhães,DEF,Arsenal,1,13,1,2023-02-15T19:30:00Z,90,1,0,0,0,3,0,14,15.8,11.0,2.0,2.9,0.0,0.01,0.01,1.71,1,52
2022-23,23,221,16,Gabriel dos Santos Magalhães,DEF,Arsenal,1,4,1,2023-02-11T15:00:00Z,90,2,0,0,0,1,0,13,19.2,4.3,9.0,3.3,0.03,0.04,0.06,2.37,1,52
2022-23,23,111,17,Nuno Varela Tavares,DEF,Arsenal,1,13,1,2023-02-15T19:30:00Z,0,0,0,0,0,0,0,0,0.0,0.0,0.0,0.0,0.0,0.0,0.0,0.0,0,45
2022-23,23,221,17,Nuno Varela Tavares,DEF,Arsenal,1,4,1,2023-02-11T15:00:00Z,0,0,0,0,0,0,0,0,0.0,0.0,0.0,0.0,0.0,0.0,0.0,0.0,0,45
2022-23,23,223,18,Albert Sambi Lokonga,MID,Crystal Palace,7,5,1,2023-02-11T15:00:00Z,34,0,0,0,0,1,0,1,6.2,0.0,0.0,0.6,0.0,0.0,0.0,0.7,0,43
2022-23,23,111,19,Gabriel Martinelli Silva,MID,Arsenal,1,13,1,2023-02-15T19:30:00Z,75,2,0,0,0,2,0,7,5.0,17.3,2.0,2.4,0.0,0.1,0.1,1.59,1,66
2022-23,23,221,19,Gabriel Martinelli Silva,MID,Arsenal,1,4,1,2023-02-11T15:00:00Z,61,3,0,0,1,0,0,6,0.0,6.4,37.0,4.3,0.19,0.09,0.27,1.25,1,66
2022-23,23,111,20,Pablo Marí Villar,DEF,Arsenal,1,13,1,2023-02-15T19:30:00Z,0,0,0,0,0,0,0,0,0.0,0.0,0.0,0.0,0.0,0.0,0.0,0.0,0,45
2022-23,23,221,20,Pablo Marí Villar,DEF,Arsenal,1,4,1,2023-02-11T15:00:00Z,0,0,0,0,0,0,0,0,0.0,0.0,0.0,0.0,0.0,0.0,0.0,0.0,0,45
2022-23,23,229,21,Ainsley Maitland-Niles,MID,Southampton,17,20,1,2023-02-11T15:00:00Z,90,1,0,0,0,2,0,8,17.8,11.6,2.0,3.1,0.0,0.05,0.05,0.78,1,48
2022-23,23,111,22,Lucas Torreira di Pascua,MID,Arsenal,1,13,1,2023-02-15T19:30:00Z,0,0,0,0,0,0,0,0,0.0,0.0,0.0,0.0,0.0,0.0,0.0,0.0,0,45
2022-23,23,221,22,Lucas Torreira di Pascua,MID,Arsenal,1,4,1,2023-02-11T15:00:00Z,0,0,0,0,0,0,0,0,0.0,0.0,0.0,0.0,0.0,0.0,0.0,0.0,0,45
2022-23,23,111,23,Reiss Nelson,MID,Arsenal,1,13,1,2023-02-15T19:30:00Z,0,0,0,0,0,0,0,0,0.0,0.0,0.0,0.0,0.0,0.0,0.0,0.0,0,47
2022-23,23,221,23,Reiss Nelson,MID,Arsenal,1,4,1,2023-02-11T15:00:00Z,0,0,0,0,0,0,0,0,0.0,0.0,0.0,0.0,0.0,0.0,0.0,0.0,0,47
2022-23,23,111,24,Matt Turner,GK,Arsenal,1,13,1,2023-02-15T19:30:00Z,0,0,0,0,0,0,0,0,0.0,0.0,0.0,0.0,0.0,0.0,0.0,0.0,0,39
2022-23,23,221,24,Matt Turner,GK,Arsenal,1,4,1,2023-02-11T15:00:00Z,0,0,0,0,0,0,0,0,0.0,0.0,0.0,0.0,0.0,0.0,0.0,0.0,0,39
2022-23,23,111,25,Fábio Ferreira Vieira,MID,Arsenal,1,13,1,2023-02-15T19:30:00Z,7,1,0,0,0,0,0,2,0.6,0.6,2.0,0.3,0.0,0.0,0.0,0.0,0,56
2022-23,23,221,25,Fábio Ferreira Vieira,MID,Arsenal,1,4,1,2023-02-11T15:00:00Z,9,1,0,0,0,0,0,3,1.0,1.3,0.0,0.2,0.0,0.01,0.01,0.14,0,56
2022-23,23,111,26,William Saliba,DEF,Arsenal,1,13,1,2023-02-15T19:30:00Z,90,1,0,0,0,3,0,14,12.6,0.9,0.0,1.4,0.0,0.01,0.01,1.71,1,53
2022-23,23,221,26,William Saliba,DEF,Arsenal,1,4,1,2023-02-11T15:00:00Z,90,2,0,0,0,1,0,13,15.4,2.7,0.0,1.8,0.0,0.02,0.02,2.37,1,53
2022-23,23,111,27,Marcus Oliveira Alencar,MID,Arsenal,1,13,1,2023-02-15T19:30:00Z,0,0,0,0,0,0,0,0,0.0,0.0,0.0,0.0,0.0,0.0,0.0,0.0,0,46
2022-23,23,221,27,Marcus Oliveira Alencar,MID,Arsenal,1,4,1,2023-02-11T15:00:00Z,0,0,0,0,0,0,0,0,0.0,0.0,0.0,0.0,0.0,0.0,0.0,0.0,0,46
2022-23,23,111,28,Gabriel Fernando de Jesus,FWD,Arsenal,1,13,1,2023-02-15T19:30:00Z,0,0,0,0,0,0,0,0,0.0,0.0,0.0,0.0,0.0,0.0,0.0,0.0,0,79
2022-23,23,221,28,Gabriel Fernando de Jesus,FWD,Arsenal,1,4,1,2023-02-11T15:00:00Z,0,0,0,0,0,0,0,0,0.0,0.0,0.0,0.0,0.0,0.0,0.0,0.0,0,79
2022-23,23,228,29,Philippe Coutinho Correia,MID,Aston Villa,2,13,0,2023-02-12T16:30:00Z,14,1,0,0,0,0,0,8,8.6,7.1,11.0,2.7,0.02,0.02,0.04,0.42,0,66
2022-23,23,230,30,Danny Ings,FWD,West Ham,19,6,1,2023-02-11T12:30:00Z,23,1,0,0,0,0,0,3,0.0,0.3,4.0,0.3,0.08,0.0,0.08,0.15,0,64
2022-23,23,228,31,Emiliano Martínez Romero,GK,Aston Villa,2,13,0,2023-02-12T16:30:00Z,90,2,0,0,0,3,0,21,36.4,0.0,0.0,3.6,0.0,0.0,0.0,3.59,1,49
2022-23,23,228,32,Calum Chambers,DEF,Aston Villa,2,13,0,2023-02-12T16:30:00Z,90,1,0,0,0,3,0,10,8.8,0.3,0.0,0.9,0.0,0.0,0.0,3.59,1,42
2022-23,23,228,33,Lucas Digne,DEF,Aston Villa,2,13,0,2023-02-12T16:30:00Z,59,-1,0,0,0,3,0,-1,0.0,1.0,0.0,0.1,0.0,0.01,0.01,2.94,1,46
2022-23,23,228,34,Bertrand Traoré,MID,Aston Villa,2,13,0,2023-02-12T16:30:00Z,0,0,0,0,0,0,0,0,0.0,0.0,0.0,0.0,0.0,0.0,0.0,0.0,0,49
2022-23,23,228,35,Robin Olsen,GK,Aston Villa,2,13,0,2023-02-12T16:30:00Z,0,0,0,0,0,0,0,0,0.0,0.0,0.0,0.0,0.0,0.0,0.0,0.0,0,39
2022-23,23,228,36,Morgan Sanson,MID,Aston Villa,2,13,0,2023-02-12T16:30:00Z,0,0,0,0,0,0,0,0,0.0,0.0,0.0,0.0,0.0,0.0,0.0,0.0,0,43
2022-23,23,228,37,John McGinn,MID,Aston Villa,2,13,0,2023-02-12T16:30:00Z,30,1,0,0,0,0,0,3,2.2,0.8,2.0,0.5,0.0,0.01,0.01,0.65,0,51
2022-23,23,228,38,Kortney Hause,DEF,Aston Villa,2,13,0,2023-02-12T16:30:00Z,0,0,0,0,0,0,0,0,0.0,0.0,0.0,0.0,0.0,0.0,0.0,0.0,0,44
2022-23,23,228,39,Tyrone Mings,DEF,Aston Villa,2,13,0,2023-02-12T16:30:00Z,0,0,0,0,0,0,0,0,0.0,0.0,0.0,0.0,0.0,0.0,0.0,0.0,0,43
2022-23,23,228,40,Ollie Watkins,FWD,Aston Villa,2,13,0,2023-02-12T16:30:00Z,90,7,1,0,0,3,1,31,41.6,33.7,19.0,9.4,0.08,0.04,0.11,3.59,1,71
2022-23,23,228,41,Marvelous Nakamba,MID,Aston Villa,2,13,0,2023-02-12T16:30:00Z,0,0,0,0,0,0,0,0,0.0,0.0,0.0,0.0,0.0,0.0,0.0,0.0,0,43
2022-23,23,228,42,Emiliano Buendía Stati,MID,Aston Villa,2,13,0,2023-02-12T16:30:00Z,59,1,0,0,0,3,0,3,1.6,0.9,0.0,0.3,0.0,0.01,0.01,2.94,1,57
2022-23,23,228,43,Matty Cash,DEF,Aston Villa,2,13,0,2023-02-12T16:30:00Z,14,1,0,0,0,0,0,3,2.6,0.7,0.0,0.3,0.0,0.0,0.0,0.42,0,46
2022-23,23,228,44,Ezri Konsa Ngoyo,DEF,Aston Villa,2,13,0,2023-02-12T16:30:00Z,90,0,0,0,0,3,0,13,18.0,0.1,0.0,1.8,0.0,0.0,0.0,3.59,1,44
2022-23,23,228,45,Leon Bailey,MID,Aston Villa,2,13,0,2023-02-12T16:30:00Z,59,1,0,0,0,3,0,3,0.0,4.3,10.0,1.4,0.12,0.0,0.13,2.94,1,45
2022-23,23,228,46,Douglas Luiz Soares de Paulo,MID,Aston Villa,2,13,0,2023-02-12T16:30:00Z,90,5,0,1,0,3,0,20,22.8,12.1,0.0,3.5,0.0,0.03,0.03,3.59,1,48
2022-23,23,228,47,Jacob Ramsey,MID,Aston Villa,2,13,0,2023-02-12T16:30:00Z,75,2,0,0,0,3,0,1,1.4,0.4,0.0,0.2,0.0,0.01,0.01,3.18,1,52
2022-23,23,230,48,Carney Chukwuemeka,MID,Chelsea,6,19,0,2023-02-11T12:30:00Z,0,0,0,0,0,0,0,0,0.0,0.0,0.0,0.0,0.0,0.0,0.0,0.0,0,43
2022-23,23,228,49,Tim Iroegbunam,MID,Aston Villa,2,13,0,2023-02-12T16:30:00Z,0,0,0,0,0,0,0,0,0.0,0.0,0.0,0.0,0.0,0.0,0.0,0.0,0,45
2022-23,23,228,50,Diego Carlos Santos Silva,DEF,Aston Villa,2,13,0,2023-02-12T16:30:00Z,0,0,0,0,0,0,0,0,0.0,0.0,0.0,0.0,0.0,0.0,0.0,0.0,0,47
2022-23,23,228,51,Anwar El Ghazi,MID,Aston Villa,2,13,0,2023-02-12T16:30:00Z,0,0,0,0,0,0,0,0,0.0,0.0,0.0,0.0,0.0,0.0,0.0,0.0,0,48
2022-23,23,228,52,Keinan Davis,FWD,Aston Villa,2,13,0,2023-02-12T16:30:00Z,0,0,0,0,0,0,0,0,0.0,0.0,0.0,0.0,0.0,0.0,0.0,0.0,0,54
2022-23,23,228,53,Boubacar Kamara,MID,Aston Villa,2,13,0,2023-02-12T16:30:00Z,90,2,0,0,0,3,0,14,13.6,1.0,4.0,1.9,0.0,0.19,0.19,3.59,1,48
2022-23,23,228,54,Cameron Archer,FWD,Aston Villa,2,13,0,2023-02-12T16:30:00Z,0,0,0,0,0,0,0,0,0.0,0.0,0.0,0.0,0.0,0.0,0.0,0.0,0,42
2022-23,23,228,55,Jaden Philogene-Bidace,MID,Aston Villa,2,13,0,2023-02-12T16:30:00Z,0,0,0,0,0,0,0,0,0.0,0.0,0.0,0.0,0.0,0.0,0.0,0.0,0,45
2022-23,23,228,56,Frédéric Guilbert,DEF,Aston Villa,2,13,0,2023-02-12T16:30:00Z,0,0,0,0,0,0,0,0,0.0,0.0,0.0,0.0,0.0,0.0,0.0,0.0,0,39
2022-23,23,222,57,Adam Smith,DEF,Bournemouth,3,15,1,2023-02-11T17:30:00Z,78,1,0,0,0,1,0,1,1.2,0.0,0.0,0.1,0.0,0.0,0.0,1.16,1,43
2022-23,23,222,58,Junior Stanislas,MID,Bournemouth,3,15,1,2023-02-11T17:30:00Z,0,0,0,0,0,0,0,0,0.0,0.0,0.0,0.0,0.0,0.0,0.0,0.0,0,48
2022-23,23,222,59,Ryan Fredericks,DEF,Bournemouth,3,15,1,2023-02-11T17:30:00Z,11,1,0,0,0,0,0,6,6.0,0.0,2.0,0.8,0.0,0.0,0.0,0.1,0,44
2022-23,23,222,60,David Brooks,MID,Bournemouth,3,15,1,2023-02-11T17:30:00Z,0,0,0,0,0,0,0,0,0.0,0.0,0.0,0.0,0.0,0.0,0.0,0.0,0,53
2022-23,23,222,61,Jamal Lowe,MID,Bournemouth,3,15,1,2023-02-11T17:30:00Z,0,0,0,0,0,0,0,0,0.0,0.0,0.0,0.0,0.0,0.0,0.0,0.0,0,52
2022-23,23,222,62,Kieffer Moore,FWD,Bournemouth,3,15,1,2023-02-11T17:30:00Z,0,0,0,0,0,0,0,0,0.0,0.0,0.0,0.0,0.0,0.0,0.0,0.0,0,52
2022-23,23,222,63,Emiliano Marcondes,MID,Bournemouth,3,15,1,2023-02-11T17:30:00Z,0,0,0,0,0,0,0,0,0.0,0.0,0.0,0.0,0.0,0.0,0.0,0.0,0,47
2022-23,23,222,64,Jefferson Lerma Solís,MID,Bournemouth,3,15,1,2023-02-11T17:30:00Z,90,2,0,0,0,1,0,19,26.2,11.7,2.0,4.0,0.0,0.02,0.02,1.27,1,48
2022-23,23,222,65,Jack Stacey,DEF,Bournemouth,3,15,1,2023-02-11T17:30:00Z,0,0,0,0,0,0,0,0,0.0,0.0,0.0,0.0,0.0,0.0,0.0,0.0,0,43
2022-23,23,222,66,Dominic Solanke,FWD,Bournemouth,3,15,1,2023-02-11T17:30:00Z,90,2,0,0,0,1,0,-1,7.6,0.7,47.0,5.5,0.75,0.0,0.76,1.27,1,55
2022-23,23,222,67,Lewis Cook,MID,Bournemouth,3,15,1,2023-02-11T17:30:00Z,0,0,0,0,0,0,0,0,0.0,0.0,0.0,0.0,0.0,0.0,0.0,0.0,0,49
2022-23,23,222,68,Ben Pearson,MID,Bournemouth,3,15,1,2023-02-11T17:30:00Z,0,0,0,0,0,0,0,0,0.0,0.0,0.0,0.0,0.0,0.0,0.0,0.0,0,44
2022-23,23,222,69,Ryan Christie,MID,Bournemouth,3,15,1,2023-02-11T17:30:00Z,0,0,0,0,0,0,0,0,0.0,0.0,0.0,0.0,0.0,0.0,0.0,0.0,0,53
2022-23,23,222,70,Philip Billing,MID,Bournemouth,3,15,1,2023-02-11T17:30:00Z,90,2,0,0,0,1,0,12,9.4,2.6,4.0,1.6,0.08,0.02,0.1,1.27,1,51
2022-23,23,222,71,Chris Mepham,DEF,Bournemouth,3,15,1,2023-02-11T17:30:00Z,37,1,0,0,0,0,0,7,13.8,0.1,0.0,1.4,0.0,0.0,0.0,0.7,0,44
2022-23,23,222,72,Mark Travers,GK,Bournemouth,3,15,1,2023-02-11T17:30:00Z,0,0,0,0,0,0,0,0,0.0,0.0,0.0,0.0,0.0,0.0,0.0,0.0,0,42
2022-23,23,222,73,Lloyd Kelly,DEF,Bournemouth,3,15,1,2023-02-11T17:30:00Z,0,0,0,0,0,0,0,0,0.0,0.0,0.0,0.0,0.0,0.0,0.0,0.0,0,43
2022-23,23,222,74,Siriki Dembélé,MID,Bournemouth,3,15,1,2023-02-11T17:30:00Z,0,0,0,0,0,0,0,0,0.0,0.0,0.0,0.0,0.0,0.0,0.0,0.0,0,47
2022-23,23,222,75,Jaidon Anthony,MID,Bournemouth,3,15,1,2023-02-11T17:30:00Z,62,2,0,0,0,1,0,10,13.2,16.0,5.0,3.4,0.03,0.11,0.13,0.59,1,52
2022-23,23,222,76,Jordan Zemura,DEF,Bournemouth,3,15,1,2023-02-11T17:30:00Z,90,2,0,0,0,1,0,13,10.6,2.2,4.0,1.7,0.0,0.02,0.02,1.27,1,43
2022-23,23,222,77,Will Dennis,GK,Bournemouth,3,15,1,2023-02-11T17:30:00Z,0,0,0,0,0,0,0,0,0.0,0.0,0.0,0.0,0.0,0.0,0.0,0.0,0,39
2022-23,23,221,78,Pontus Jansson,DEF,Brentford,4,1,0,2023-02-11T15:00:00Z,0,0,0,0,0,0,0,0,0.0,0.0,0.0,0.0,0.0,0.0,0.0,0.0,0,42
2022-23,23,221,79,Christian Nørgaard,MID,Brentford,4,1,0,2023-02-11T15:00:00Z,90,4,0,1,0,1,0,17,27.2,23.1,26.0,7.6,0.14,0.69,0.83,1.68,1,53
2022-23,23,221,80,Ivan Toney,FWD,Brentford,4,1,0,2023-02-11T15:00:00Z,90,9,1,0,0,1,3,30,38.6,19.2,54.0,11.2,1.44,0.4,1.84,1.68,1,76
2022-23,23,221,81,David Raya Martin,GK,Brentford,4,1,0,2023-02-11T15:00:00Z,90,6,0,0,0,1,2,24,45.8,0.0,0.0,4.6,0.0,0.01,0.01,1.68,1,47
2022-23,23,221,82,Sergi Canós Tenés,DEF,Brentford,4,1,0,2023-02-11T15:00:00Z,0,0,0,0,0,0,0,0,0.0,0.0,0.0,0.0,0.0,0.0,0.0,0.0,0,50
2022-23,23,221,83,Josh Dasilva,MID,Brentford,4,1,0,2023-02-11T15:00:00Z,19,1,0,0,0,0,0,3,5.0,0.0,0.0,0.5,0.0,0.0,0.0,0.1,0,41
2022-23,23,221,84,Kristoffer Ajer,DEF,Brentford,4,1,0,2023-02-11T15:00:00Z,90,2,0,0,0,1,0,8,14.2,0.9,4.0,1.9,0.0,0.06,0.06,1.68,1,45
2022-23,23,221,85,Rico Henry,DEF,Brentford,4,1,0,2023-02-11T15:00:00Z,90,2,0,0,0,1,0,1,8.0,1.6,9.0,1.9,0.61,0.01,0.62,1.68,1,45
2022-23,23,221,86,Vitaly Janelt,MID,Brentford,4,1,0,2023-02-11T15:00:00Z,70,2,0,0,0,1,0,6,16.0,12.3,6.0,3.4,0.0,0.03,0.03,1.58,1,55
2022-23,23,221,87,Saman Ghoddos,MID,Brentford,4,1,0,2023-02-11T15:00:00Z,0,0,0,0,0,0,0,0,0.0,0.0,0.0,0.0,0.0,0.0,0.0,0.0,0,48
2022-23,23,221,88,Mathias Jensen,MID,Brentford,4,1,0,2023-02-11T15:00:00Z,90,2,0,0,0,1,0,12,17.2,26.1,3.0,4.6,0.06,0.14,0.19,1.68,1,48
2022-23,23,221,89,Yoane Wissa,MID,Brentford,4,1,0,2023-02-11T15:00:00Z,19,1,0,0,0,0,0,1,0.2,0.5,2.0,0.3,0.0,0.02,0.02,0.1,0,53
2022-23,23,221,90,Mads Roerslev Rasmussen,DEF,Brentford,4,1,0,2023-02-11T15:00:00Z,90,2,0,0,0,1,0,13,16.0,1.8,4.0,2.2,0.0,0.0,0.0,1.68,1,43
2022-23,23,221,91,Mads Bech Sørensen,DEF,Brentford,4,1,0,2023-02-11T15:00:00Z,0,0,0,0,0,0,0,0,0.0,0.0,0.0,0.0,0.0,0.0,0.0,0.0,0,45
2022-23,23,221,92,Ethan Pinnock,DEF,Brentford,4,1,0,2023-02-11T15:00:00Z,90,2,0,0,0,1,0,13,20.6,0.3,9.0,3.0,0.05,0.07,0.12,1.68,1,44
2022-23,23,221,93,Frank Onyeka,MID,Brentford,4,1,0,2023-02-11T15:00:00Z,0,0,0,0,0,0,0,0,0.0,0.0,0.0,0.0,0.0,0.0,0.0,0.0,0,48
2022-23,23,221,94,Shandon Baptiste,MID,Brentford,4,1,0,2023-02-11T15:00:00Z,0,0,0,0,0,0,0,0,0.0,0.0,0.0,0.0,0.0,0.0,0.0,0.0,0,45
2022-23,23,221,95,Bryan Mbeumo,FWD,Brentford,4,1,0,2023-02-11T15:00:00Z,70,2,0,0,0,1,0,11,4.6,42.0,6.0,5.3,0.0,0.35,0.35,1.58,1,58
2022-23,23,221,96,Charlie Goode,DEF,Brentford,4,1,0,2023-02-11T15:00:00Z,0,0,0,0,0,0,0,0,0.0,0.0,0.0,0.0,0.0,0.0,0.0,0.0,0,39
2022-23,23,221,97,Marcus Forss,FWD,Brentford,4,1,0,2023-02-11T15:00:00Z,0,0,0,0,0,0,0,0,0.0,0.0,0.0,0.0,0.0,0.0,0.0,0.0,0,45
2022-23,23,221,98,Dominic Thompson,DEF,Brentford,4,1,0,2023-02-11T15:00:00Z,0,0,0,0,0,0,0,0,0.0,0.0,0.0,0.0,0.0,0.0,0.0,0.0,0,40
2022-23,23,221,99,Mads Bidstrup,MID,Brentford,4,1,0,2023-02-11T15:00:00Z,0,0,0,0,0,0,0,0,0.0,0.0,0.0,0.0,0.0,0.0,0.0,0.0,0,45
2022-23,23,221,100,Ellery Balcombe,GK,Brentford,4,1,0,2023-02-11T15:00:00Z,0,0,0,0,0,0,0,0,0.0,0.0,0.0,0.0,0.0,0.0,0.0,0.0,0,40
2022-23,23,223,101,Adam Lallana,MID,Brighton,5,7,0,2023-02-11T15:00:00Z,0,0,0,0,0,0,0,0,0.0,0.0,0.0,0.0,0.0,0.0,0.0,0.0,0,49
2022-23,23,223,102,Jason Steele,GK,Brighton,5,7,0,2023-02-11T15:00:00Z,0,0,0,0,0,0,0,0,0.0,0.0,0.0,0.0,0.0,0.0,0.0,0.0,0,39
2022-23,23,223,103,Danny Welbeck,FWD,Brighton,5,7,0,2023-02-11T15:00:00Z,0,0,0,0,0,0,0,0,0.0,0.0,0.0,0.0,0.0,0.0,0.0,0.0,0,65
2022-23,23,223,104,Pascal Groß,MID,Brighton,5,7,0,2023-02-11T15:00:00Z,90,2,0,0,0,1,0,18,18.0,25.5,8.0,5.2,0.0,0.16,0.16,0.89,1,55
2022-23,23,224,105,Shane Duffy,DEF,Fulham,9,16,1,2023-02-11T15:00:00Z,0,0,0,0,0,0,0,0,0.0,0.0,0.0,0.0,0.0,0.0,0.0,0.0,0,43
2022-23,23,223,106,Lewis Dunk,DEF,Brighton,5,7,0,2023-02-11T15:00:00Z,90,2,0,0,0,1,0,17,19.0,4.6,9.0,3.3,0.02,0.01,0.04,0.89,1,47
2022-23,23,223,107,Solly March,MID,Brighton,5,7,0,2023-02-11T15:00:00Z,90,10,1,0,0,1,3,46,55.8,57.5,37.0,15.0,0.31,0.68,0.99,0.89,1,52
2022-23,23,223,108,Adam Webster,DEF,Brighton,5,7,0,2023-02-11T15:00:00Z,75,2,0,0,0,1,0,8,23.6,1.1,6.0,3.1,0.23,0.01,0.23,0.84,1,45
2022-23,23,223,109,Joël Veltman,DEF,Brighton,5,7,0,2023-02-11T15:00:00Z,90,2,0,0,0,1,0,16,32.2,39.6,2.0,7.4,0.0,0.1,0.1,0.89,1,46
2022-23,23,227,110,Neal Maupay,FWD,Everton,8,12,0,2023-02-13T20:00:00Z,12,1,0,0,0,0,0,2,0.0,0.3,0.0,0.0,0.0,0.0,0.0,0.3,0,59
2022-23,23,111,111,Leandro Trossard,MID,Arsenal,1,13,1,2023-02-15T19:30:00Z,14,1,0,0,0,1,0,2,1.4,12.3,6.0,2.0,0.0,0.03,0.03,0.11,0,67
2022-23,23,221,111,Leandro Trossard,MID,Arsenal,1,4,1,2023-02-11T15:00:00Z,28,6,1,0,0,1,0,21,35.0,14.2,37.0,8.6,0.76,0.11,0.87,1.12,0,67
2022-23,23,230,112,Marc Cucurella Saseta,DEF,Chelsea,6,19,0,2023-02-11T12:30:00Z,66,2,0,0,0,1,0,17,11.2,4.2,0.0,1.5,0.0,0.02,0.02,1.16,1,51
2022-23,23,223,113,Robert Sánchez,GK,Brighton,5,7,0,2023-02-11T15:00:00Z,90,2,0,0,0,1,0,3,0.2,0.0,0.0,0.0,0.0,0.0,0.0,0.89,1,46
2022-23,23,223,114,Tariq Lamptey,DEF,Brighton,5,7,0,2023-02-11T15:00:00Z,14,1,0,0,0,0,0,1,0.6,1.0,2.0,0.4,0.0,0.08,0.08,0.05,0,42
2022-23,23,223,115,Steven Alzate,MID,Brighton,5,7,0,2023-02-11T15:00:00Z,0,0,0,0,0,0,0,0,0.0,0.0,0.0,0.0,0.0,0.0,0.0,0.0,0,44
2022-23,23,223,116,Alexis Mac Allister,MID,Brighton,5,7,0,2023-02-11T15:00:00Z,90,1,0,0,0,1,0,-3,13.8,29.6,70.0,11.3,1.32,0.09,1.41,0.89,1,54
2022-23,23,223,117,Jakub Moder,MID,Brighton,5,7,0,2023-02-11T15:00:00Z,0,0,0,0,0,0,0,0,0.0,0.0,0.0,0.0,0.0,0.0,0.0,0.0,0,44
2022-23,23,223,118,Enock Mwepu,MID,Brighton,5,7,0,2023-02-11T15:00:00Z,0,0,0,0,0,0,0,0,0.0,0.0,0.0,0.0,0.0,0.0,0.0,0.0,0,53
2022-23,23,223,119,Jeremy Sarmiento Morante,MID,Brighton,5,7,0,2023-02-11T15:00:00Z,0,0,0,0,0,0,0,0,0.0,0.0,0.0,0.0,0.0,0.0,0.0,0.0,0,45
2022-23,23,223,120,Moisés Caicedo Corozo,MID,Brighton,5,7,0,2023-02-11T15:00:00Z,90,2,0,0,0,1,0,20,13.8,19.8,0.0,3.4,0.0,0.11,0.11,0.89,1,50
2022-23,23,223,121,Taylor Richards,MID,Brighton,5,7,0,2023-02-11T15:00:00Z,0,0,0,0,0,0,0,0,0.0,0.0,0.0,0.0,0.0,0.0,0.0,0.0,0,45
2022-23,23,223,122,Haydon Roberts,DEF,Brighton,5,7,0,2023-02-11T15:00:00Z,0,0,0,0,0,0,0,0,0.0,0.0,0.0,0.0,0.0,0.0,0.0,0.0,0,40
2022-23,23,223,123,Deniz Undav,FWD,Brighton,5,7,0,2023-02-11T15:00:00Z,56,1,0,0,0,0,0,-2,0.0,5.5,26.0,3.1,0.24,0.0,0.25,0.17,1,51
2022-23,23,223,124,Kaoru Mitoma,MID,Brighton,5,7,0,2023-02-11T15:00:00Z,90,2,0,0,0,1,0,14,16.8,4.8,23.0,4.5,0.16,0.04,0.2,0.89,1,53
2022-23,23,223,125,Julio Enciso,FWD,Brighton,5,7,0,2023-02-11T15:00:00Z,0,0,0,0,0,0,0,0,0.0,0.0,0.0,0.0,0.0,0.0,0.0,0.0,0,47
2022-23,23,223,126,Kacper Kozłowski,MID,Brighton,5,7,0,2023-02-11T15:00:00Z,0,0,0,0,0,0,0,0,0.0,0.0,0.0,0.0,0.0,0.0,0.0,0.0,0,45
2022-23,23,230,127,César Azpilicueta,DEF,Chelsea,6,19,0,2023-02-11T12:30:00Z,0,0,0,0,0,0,0,0,0.0,0.0,0.0,0.0,0.0,0.0,0.0,0.0,0,48
2022-23,23,230,128,Thiago Emiliano da Silva,DEF,Chelsea,6,19,0,2023-02-11T12:30:00Z,90,2,0,0,0,1,0,20,32.4,1.7,0.0,3.4,0.0,0.01,0.01,1.29,1,55
2022-23,23,230,129,Marcos Alonso,DEF,Chelsea,6,19,0,2023-02-11T12:30:00Z,0,0,0,0,0,0,0,0,0.0,0.0,0.0,0.0,0.0,0.0,0.0,0.0,0,53
2022-23,23,111,130,Jorge Luiz Frello Filho,MID,Arsenal,1,13,1,2023-02-15T19:30:00Z,90,2,0,0,0,3,0,14,17.8,21.8,2.0,4.2,0.0,0.05,0.05,1.71,1,58
2022-23,23,221,130,Jorge Luiz Frello Filho,MID,Arsenal,1,4,1,2023-02-11T15:00:00Z,0,0,0,0,0,0,0,0,0.0,0.0,0.0,0.0,0.0,0.0,0.0,0.0,0,58
2022-23,23,230,131,Ross Barkley,MID,Chelsea,6,19,0,2023-02-11T12:30:00Z,0,0,0,0,0,0,0,0,0.0,0.0,0.0,0.0,0.0,0.0,0.0,0.0,0,49
2022-23,23,230,132,Mateo Kovacic,MID,Chelsea,6,19,0,2023-02-11T12:30:00Z,0,0,0,0,0,0,0,0,0.0,0.0,0.0,0.0,0.0,0.0,0.0,0.0,0,49
2022-23,23,230,133,Kepa Arrizabalaga,GK,Chelsea,6,19,0,2023-02-11T12:30:00Z,90,2,0,0,0,1,0,9,12.2,0.0,0.0,1.2,0.0,0.0,0.0,1.29,1,46
2022-23,23,230,134,N'Golo Kanté,MID,Chelsea,6,19,0,2023-02-11T12:30:00Z,0,0,0,0,0,0,0,0,0.0,0.0,0.0,0.0,0.0,0.0,0.0,0.0,0,48
2022-23,23,230,135,Hakim Ziyech,MID,Chelsea,6,19,0,2023-02-11T12:30:00Z,23,1,0,0,0,0,0,3,1.6,5.9,0.0,0.8,0.0,0.03,0.03,0.14,0,55
2022-23,23,230,136,Ruben Loftus-Cheek,MID,Chelsea,6,19,0,2023-02-11T12:30:00Z,78,3,0,0,0,1,1,21,13.4,4.8,4.0,2.2,0.0,0.04,0.04,1.29,1,50
2022-23,23,230,137,Timo Werner,FWD,Chelsea,6,19,0,2023-02-11T12:30:00Z,0,0,0,0,0,0,0,0,0.0,0.0,0.0,0.0,0.0,0.0,0.0,0.0,0,79
2022-23,23,230,138,Robert Kenedy Nunes do Nascimento,DEF,Chelsea,6,19,0,2023-02-11T12:30:00Z,0,0,0,0,0,0,0,0,0.0,0.0,0.0,0.0,0.0,0.0,0.0,0.0,0,39
2022-23,23,230,139,Ben Chilwell,DEF,Chelsea,6,19,0,2023-02-11T12:30:00Z,23,1,0,0,0,0,0,9,11.6,14.9,0.0,2.7,0.0,0.05,0.05,0.14,0,58
2022-23,23,230,140,Christian Pulisic,MID,Chelsea,6,19,0,2023-02-11T12:30:00Z,0,0,0,0,0,0,0,0,0.0,0.0,0.0,0.0,0.0,0.0,0.0,0.0,0,57
2022-23,23,230,141,Trevoh Chalobah,DEF,Chelsea,6,19,0,2023-02-11T12:30:00Z,0,0,0,0,0,0,0,0,0.0,0.0,0.0,0.0,0.0,0.0,0.0,0.0,0,46
2022-23,23,230,142,Mason Mount,MID,Chelsea,6,19,0,2023-02-11T12:30:00Z,22,1,0,0,0,0,0,0,0.0,2.0,6.0,0.8,0.0,0.05,0.05,0.14,0,73
2022-23,23,230,143,Malang Sarr,DEF,Chelsea,6,19,0,2023-02-11T12:30:00Z,0,0,0,0,0,0,0,0,0.0,0.0,0.0,0.0,0.0,0.0,0.0,0.0,0,50
2022-23,23,230,144,Callum Hudson-Odoi,MID,Chelsea,6,19,0,2023-02-11T12:30:00Z,0,0,0,0,0,0,0,0,0.0,0.0,0.0,0.0,0.0,0.0,0.0,0.0,0,53
2022-23,23,230,145,Kai Havertz,FWD,Chelsea,6,19,0,2023-02-11T12:30:00Z,90,2,0,0,0,1,0,-5,0.0,15.9,12.0,2.7,0.06,0.06,0.12,1.29,1,77
2022-23,23,230,146,Reece James,DEF,Chelsea,6,19,0,2023-02-11T12:30:00Z,90,2,0,0,0,1,0,17,21.0,29.5,11.0,6.2,0.04,0.06,0.09,1.29,1,57
2022-23,23,230,147,Edouard Mendy,GK,Chelsea,6,19,0,2023-02-11T12:30:00Z,0,0,0,0,0,0,0,0,0.0,0.0,0.0,0.0,0.0,0.0,0.0,0.0,0,48
2022-23,23,230,148,Conor Gallagher,MID,Chelsea,6,19,0,2023-02-11T12:30:00Z,11,1,0,0,0,0,0,4,3.8,0.9,2.0,0.7,0.04,0.0,0.05,0.12,0,57
2022-23,23,223,149,Billy Gilmour,MID,Brighton,5,7,0,2023-02-11T15:00:00Z,0,0,0,0,0,0,0,0,0.0,0.0,0.0,0.0,0.0,0.0,0.0,0.0,0,42
2022-23,23,230,150,Armando Broja,FWD,Chelsea,6,19,0,2023-02-11T12:30:00Z,0,0,0,0,0,0,0,0,0.0,0.0,0.0,0.0,0.0,0.0,0.0,0.0,0,53
2022-23,23,230,151,Ethan Ampadu,DEF,Chelsea,6,19,0,2023-02-11T12:30:00Z,0,0,0,0,0,0,0,0,0.0,0.0,0.0,0.0,0.0,0.0,0.0,0.0,0,44
2022-23,23,223,152,Vicente Guaita,GK,Crystal Palace,7,5,1,2023-02-11T15:00:00Z,90,4,0,0,0,1,0,21,46.4,0.0,0.0,4.6,0.0,0.0,0.0,2.36,1,44
2022-23,23,223,153,James Tomkins,DEF,Crystal Palace,7,5,1,2023-02-11T15:00:00Z,90,9,1,0,0,1,1,25,48.2,0.3,33.0,8.2,0.63,0.0,0.63,2.36,1,39
2022-23,23,223,154,James McArthur,MID,Crystal Palace,7,5,1,2023-02-11T15:00:00Z,0,0,0,0,0,0,0,0,0.0,0.0,0.0,0.0,0.0,0.0,0.0,0.0,0,48
2022-23,23,223,155,Christian Benteke,FWD,Crystal Palace,7,5,1,2023-02-11T15:00:00Z,0,0,0,0,0,0,0,0,0.0,0.0,0.0,0.0,0.0,0.0,0.0,0.0,0,55
2022-23,23,223,156,Joel Ward,DEF,Crystal Palace,7,5,1,2023-02-11T15:00:00Z,0,0,0,0,0,0,0,0,0.0,0.0,0.0,0.0,0.0,0.0,0.0,0.0,0,44
2022-23,23,223,157,Nathaniel Clyne,DEF,Crystal Palace,7,5,1,2023-02-11T15:00:00Z,90,2,0,0,0,1,0,9,14.2,0.6,0.0,1.5,0.0,0.0,0.0,2.36,1,45
2022-23,23,223,158,Luka Milivojevic,MID,Crystal Palace,7,5,1,2023-02-11T15:00:00Z,0,0,0,0,0,0,0,0,0.0,0.0,0.0,0.0,0.0,0.0,0.0,0.0,0,42
2022-23,23,223,159,Jordan Ayew,MID,Crystal Palace,7,5,1,2023-02-11T15:00:00Z,90,2,0,0,0,1,0,6,9.2,12.7,10.0,3.2,0.0,0.01,0.01,2.36,1,53
2022-23,23,223,160,Wilfried Zaha,MID,Crystal Palace,7,5,1,2023-02-11T15:00:00Z,0,0,0,0,0,0,0,0,0.0,0.0,0.0,0.0,0.0,0.0,0.0,0.0,0,72
2022-23,23,223,161,Jeffrey Schlupp,MID,Crystal Palace,7,5,1,2023-02-11T15:00:00Z,70,2,0,0,0,1,0,6,5.2,0.3,0.0,0.6,0.0,0.0,0.0,1.9,1,47
2022-23,23,225,162,Jack Butland,GK,Man Utd,14,11,0,2023-02-12T14:00:00Z,0,0,0,0,0,0,0,0,0.0,0.0,0.0,0.0,0.0,0.0,0.0,0.0,0,44
2022-23,23,223,163,Will Hughes,MID,Crystal Palace,7,5,1,2023-02-11T15:00:00Z,55,0,0,0,0,0,0,8,8.0,0.4,0.0,0.8,0.0,0.0,0.0,1.66,1,48
2022-23,23,223,164,Jairo Riedewald,MID,Crystal Palace,7,5,1,2023-02-11T15:00:00Z,0,0,0,0,0,0,0,0,0.0,0.0,0.0,0.0,0.0,0.0,0.0,0.0,0,43
2022-23,23,223,165,Joachim Andersen,DEF,Crystal Palace,7,5,1,2023-02-11T15:00:00Z,0,0,0,0,0,0,0,0,0.0,0.0,0.0,0.0,0.0,0.0,0.0,0.0,0,45
2022-23,23,223,166,Odsonne Edouard,FWD,Crystal Palace,7,5,1,2023-02-11T15:00:00Z,19,1,0,0,0,0,0,2,5.2,0.2,4.0,0.9,0.05,0.0,0.05,0.46,0,51
2022-23,23,223,167,Marc Guéhi,DEF,Crystal Palace,7,5,1,2023-02-11T15:00:00Z,90,2,0,0,0,1,0,10,25.6,0.3,0.0,2.6,0.0,0.01,0.01,2.36,1,44
2022-23,23,223,168,Jean-Philippe Mateta,FWD,Crystal Palace,7,5,1,2023-02-11T15:00:00Z,70,2,0,0,0,1,0,3,3.6,1.3,10.0,1.5,0.12,0.01,0.13,1.9,1,51
2022-23,23,223,169,Eberechi Eze,MID,Crystal Palace,7,5,1,2023-02-11T15:00:00Z,19,1,0,0,0,0,0,3,0.0,0.0,2.0,0.2,0.04,0.0,0.04,0.46,0,55
2022-23,23,223,170,Tyrick Mitchell,DEF,Crystal Palace,7,5,1,2023-02-11T15:00:00Z,90,1,0,0,0,1,0,8,11.4,14.9,2.0,2.8,0.0,0.02,0.02,2.36,1,44
2022-23,23,223,171,Michael Olise,MID,Crystal Palace,7,5,1,2023-02-11T15:00:00Z,83,2,0,0,0,1,0,9,17.2,26.3,8.0,5.2,0.0,0.14,0.14,2.15,1,54
2022-23,23,223,172,Jesurun Rak-Sakyi,MID,Crystal Palace,7,5,1,2023-02-11T15:00:00Z,0,0,0,0,0,0,0,0,0.0,0.0,0.0,0.0,0.0,0.0,0.0,0.0,0,45
2022-23,23,223,173,Malcolm Ebiowei,MID,Crystal Palace,7,5,1,2023-02-11T15:00:00Z,0,0,0,0,0,0,0,0,0.0,0.0,0.0,0.0,0.0,0.0,0.0,0.0,0,42
2022-23,23,223,174,Nathan Ferguson,DEF,Crystal Palace,7,5,1,2023-02-11T15:00:00Z,0,0,0,0,0,0,0,0,0.0,0.0,0.0,0.0,0.0,0.0,0.0,0.0,0,39
2022-23,23,223,175,Sam Johnstone,GK,Crystal Palace,7,5,1,2023-02-11T15:00:00Z,0,0,0,0,0,0,0,0,0.0,0.0,0.0,0.0,0.0,0.0,0.0,0.0,0,44
2022-23,23,227,176,Asmir Begović,GK,Everton,8,12,0,2023-02-13T20:00:00Z,0,0,0,0,0,0,0,0,0.0,0.0,0.0,0.0,0.0,0.0,0.0,0.0,0,40
2022-23,23,227,177,Salomón Rondón,FWD,Everton,8,12,0,2023-02-13T20:00:00Z,0,0,0,0,0,0,0,0,0.0,0.0,0.0,0.0,0.0,0.0,0.0,0.0,0,49
2022-23,23,227,178,Seamus Coleman,DEF,Everton,8,12,0,2023-02-13T20:00:00Z,90,1,0,0,0,2,0,11,21.8,0.2,2.0,2.4,0.0,0.0,0.0,2.19,1,44
2022-23,23,227,179,Andros Townsend,MID,Everton,8,12,0,2023-02-13T20:00:00Z,0,0,0,0,0,0,0,0,0.0,0.0,0.0,0.0,0.0,0.0,0.0,0.0,0,54
2022-23,23,227,180,Michael Keane,DEF,Everton,8,12,0,2023-02-13T20:00:00Z,0,0,0,0,0,0,0,0,0.0,0.0,0.0,0.0,0.0,0.0,0.0,0.0,0,42
2022-23,23,227,181,Dele Alli,MID,Everton,8,12,0,2023-02-13T20:00:00Z,0,0,0,0,0,0,0,0,0.0,0.0,0.0,0.0,0.0,0.0,0.0,0.0,0,53
2022-23,23,227,182,Jordan Pickford,GK,Everton,8,12,0,2023-02-13T20:00:00Z,90,1,0,0,0,2,0,12,26.0,0.0,0.0,2.6,0.0,0.0,0.0,2.19,1,44
2022-23,23,227,183,Allan Marques Loureiro,MID,Everton,8,12,0,2023-02-13T20:00:00Z,0,0,0,0,0,0,0,0,0.0,0.0,0.0,0.0,0.0,0.0,0.0,0.0,0,48
2022-23,23,227,184,André Tavares Gomes,MID,Everton,8,12,0,2023-02-13T20:00:00Z,0,0,0,0,0,0,0,0,0.0,0.0,0.0,0.0,0.0,0.0,0.0,0.0,0,45
2022-23,23,227,185,Abdoulaye Doucouré,MID,Everton,8,12,0,2023-02-13T20:00:00Z,90,1,0,0,0,2,0,5,1.0,2.1,2.0,0.5,0.0,0.02,0.02,2.19,1,53
2022-23,23,227,186,Alex Iwobi,MID,Everton,8,12,0,2023-02-13T20:00:00Z,90,2,0,0,0,2,0,13,17.4,29.3,7.0,5.4,0.02,0.13,0.15,2.19,1,54
2022-23,23,227,187,Jean-Philippe Gbamin,MID,Everton,8,12,0,2023-02-13T20:00:00Z,0,0,0,0,0,0,0,0,0.0,0.0,0.0,0.0,0.0,0.0,0.0,0.0,0,45
2022-23,23,227,188,Yerry Mina,DEF,Everton,8,12,0,2023-02-13T20:00:00Z,0,0,0,0,0,0,0,0,0.0,0.0,0.0,0.0,0.0,0.0,0.0,0.0,0,43
2022-23,23,227,189,Demarai Gray,MID,Everton,8,12,0,2023-02-13T20:00:00Z,29,1,0,0,0,0,0,2,3.8,0.8,0.0,0.5,0.0,0.0,0.0,0.44,0,53
2022-23,23,227,190,Tom Davies,MID,Everton,8,12,0,2023-02-13T20:00:00Z,12,1,0,0,0,0,0,-2,0.0,0.3,7.0,0.7,0.08,0.0,0.08,0.3,0,49
2022-23,23,227,191,Dominic Calvert-Lewin,FWD,Everton,8,12,0,2023-02-13T20:00:00Z,0,0,0,0,0,0,0,0,0.0,0.0,0.0,0.0,0.0,0.0,0.0,0.0,0,79
2022-23,23,227,192,Mason Holgate,DEF,Everton,8,12,0,2023-02-13T20:00:00Z,0,0,0,0,0,0,0,0,0.0,0.0,0.0,0.0,0.0,0.0,0.0,0.0,0,43
2022-23,23,227,193,Ben Godfrey,DEF,Everton,8,12,0,2023-02-13T20:00:00Z,0,0,0,0,0,0,0,0,0.0,0.0,0.0,0.0,0.0,0.0,0.0,0.0,0,43
2022-23,23,227,194,Vitalii Mykolenko,DEF,Everton,8,12,0,2023-02-13T20:00:00Z,90,1,0,0,0,2,0,13,18.2,11.3,2.0,3.2,0.0,0.02,0.02,2.19,1,43
2022-23,23,222,195,Anthony Gordon,MID,Newcastle,15,3,0,2023-02-11T17:30:00Z,54,0,0,0,0,0,0,-2,0.8,13.9,19.0,3.4,0.23,0.08,0.3,0.49,0,52
2022-23,23,227,196,Jarrad Branthwaite,DEF,Everton,8,12,0,2023-02-13T20:00:00Z,0,0,0,0,0,0,0,0,0.0,0.0,0.0,0.0,0.0,0.0,0.0,0.0,0,40
2022-23,23,227,197,Nathan Patterson,DEF,Everton,8,12,0,2023-02-13T20:00:00Z,0,0,0,0,0,0,0,0,0.0,0.0,0.0,0.0,0.0,0.0,0.0,0.0,0,39
2022-23,23,227,198,Niels Nkounkou,DEF,Everton,8,12,0,2023-02-13T20:00:00Z,0,0,0,0,0,0,0,0,0.0,0.0,0.0,0.0,0.0,0.0,0.0,0.0,0,40
2022-23,23,227,199,James Tarkowski,DEF,Everton,8,12,0,2023-02-13T20:00:00Z,90,1,0,0,0,2,0,12,21.4,0.4,11.0,3.3,0.07,0.0,0.07,2.19,1,42
2022-23,23,224,200,Tom Cairney,MID,Fulham,9,16,1,2023-02-11T15:00:00Z,0,0,0,0,0,0,0,0,0.0,0.0,0.0,0.0,0.0,0.0,0.0,0.0,0,47
2022-23,23,224,201,Tim Ream,DEF,Fulham,9,16,1,2023-02-11T15:00:00Z,90,9,0,0,1,0,3,33,23.8,10.1,0.0,3.4,0.0,0.01,0.01,0.67,1,45
2022-23,23,224,202,Anthony Knockaert,MID,Fulham,9,16,1,2023-02-11T15:00:00Z,0,0,0,0,0,0,0,0,0.0,0.0,0.0,0.0,0.0,0.0,0.0,0.0,0,47
2022-23,23,224,203,Nathaniel Chalobah,MID,Fulham,9,16,1,2023-02-11T15:00:00Z,0,0,0,0,0,0,0,0,0.0,0.0,0.0,0.0,0.0,0.0,0.0,0.0,0,44
2022-23,23,224,204,Neeskens Kebano,MID,Fulham,9,16,1,2023-02-11T15:00:00Z,0,0,0,0,0,0,0,0,0.0,0.0,0.0,0.0,0.0,0.0,0.0,0.0,0,54
2022-23,23,224,205,Bobby De Cordova-Reid,MID,Fulham,9,16,1,2023-02-11T15:00:00Z,84,3,0,0,1,0,0,6,3.0,5.9,13.0,2.2,0.14,0.08,0.23,0.67,1,55
2022-23,23,224,206,Joe Bryan,DEF,Fulham,9,16,1,2023-02-11T15:00:00Z,0,0,0,0,0,0,0,0,0.0,0.0,0.0,0.0,0.0,0.0,0.0,0.0,0,44
2022-23,23,224,207,Paulo Gazzaniga Farias,GK,Fulham,9,16,1,2023-02-11T15:00:00Z,0,0,0,0,0,0,0,0,0.0,0.0,0.0,0.0,0.0,0.0,0.0,0.0,0,40
2022-23,23,224,208,Terence Kongolo,DEF,Fulham,9,16,1,2023-02-11T15:00:00Z,0,0,0,0,0,0,0,0,0.0,0.0,0.0,0.0,0.0,0.0,0.0,0.0,0,39
2022-23,23,224,209,Tosin Adarabioyo,DEF,Fulham,9,16,1,2023-02-11T15:00:00Z,0,0,0,0,0,0,0,0,0.0,0.0,0.0,0.0,0.0,0.0,0.0,0.0,0,45
2022-23,23,224,210,Aleksandar Mitrović,FWD,Fulham,9,16,1,2023-02-11T15:00:00Z,83,2,0,0,1,0,0,-3,0.0,22.1,56.0,7.6,0.89,0.0,0.89,0.67,1,70
2022-23,23,224,211,Harrison Reed,MID,Fulham,9,16,1,2023-02-11T15:00:00Z,90,3,0,0,1,0,0,11,9.8,16.0,3.0,2.9,0.04,0.08,0.12,0.67,1,44
2022-23,23,224,212,Harry Wilson,MID,Fulham,9,16,1,2023-02-11T15:00:00Z,5,1,0,0,0,0,0,0,0.2,0.3,2.0,0.3,0.0,0.03,0.03,0.0,0,57
2022-23,23,224,213,Marek Rodák,GK,Fulham,9,16,1,2023-02-11T15:00:00Z,0,0,0,0,0,0,0,0,0.0,0.0,0.0,0.0,0.0,0.0,0.0,0.0,0,43
2022-23,23,224,214,Ivan Neves Abreu Cavaleiro,MID,Fulham,9,16,1,2023-02-11T15:00:00Z,0,0,0,0,0,0,0,0,0.0,0.0,0.0,0.0,0.0,0.0,0.0,0.0,0,48
2022-23,23,224,215,Kenny Tete,DEF,Fulham,9,16,1,2023-02-11T15:00:00Z,90,6,0,0,1,0,0,25,20.0,15.2,0.0,3.5,0.0,0.01,0.01,0.67,1,44
2022-23,23,224,216,Josh Onomah,MID,Fulham,9,16,1,2023-02-11T15:00:00Z,0,0,0,0,0,0,0,0,0.0,0.0,0.0,0.0,0.0,0.0,0.0,0.0,0,43
2022-23,23,224,217,Antonee Robinson,DEF,Fulham,9,16,1,2023-02-11T15:00:00Z,90,8,0,0,1,0,2,32,24.6,33.3,4.0,6.2,0.0,0.12,0.12,0.67,1,44
2022-23,23,224,218,Rodrigo Muniz Carvalho,FWD,Fulham,9,16,1,2023-02-11T15:00:00Z,0,0,0,0,0,0,0,0,0.0,0.0,0.0,0.0,0.0,0.0,0.0,0.0,0,54
2022-23,23,224,219,Jay Stansfield,FWD,Fulham,9,16,1,2023-02-11T15:00:00Z,0,0,0,0,0,0,0,0,0.0,0.0,0.0,0.0,0.0,0.0,0.0,0.0,0,45
2022-23,23,224,220,João Palhinha Gonçalves,MID,Fulham,9,16,1,2023-02-11T15:00:00Z,90,3,0,0,1,0,0,12,9.4,1.0,5.0,1.5,0.09,0.01,0.1,0.67,1,50
2022-23,23,225,221,Liam Cooper,DEF,Leeds,11,14,1,2023-02-12T14:00:00Z,0,0,0,0,0,0,0,0,0.0,0.0,0.0,0.0,0.0,0.0,0.0,0.0,0,44
2022-23,23,225,222,Luke Ayling,DEF,Leeds,11,14,1,2023-02-12T14:00:00Z,90,1,0,0,0,2,0,12,25.2,11.2,23.0,5.9,0.22,0.08,0.3,1.12,1,45
2022-23,23,225,223,Mateusz Klich,MID,Leeds,11,14,1,2023-02-12T14:00:00Z,0,0,0,0,0,0,0,0,0.0,0.0,0.0,0.0,0.0,0.0,0.0,0.0,0,46
2022-23,23,225,224,Adam Forshaw,MID,Leeds,11,14,1,2023-02-12T14:00:00Z,0,0,0,0,0,0,0,0,0.0,0.0,0.0,0.0,0.0,0.0,0.0,0.0,0,44
2022-23,23,225,225,Rodrigo Moreno,MID,Leeds,11,14,1,2023-02-12T14:00:00Z,0,0,0,0,0,0,0,0,0.0,0.0,0.0,0.0,0.0,0.0,0.0,0.0,0,64
2022-23,23,225,226,Stuart Dallas,DEF,Leeds,11,14,1,2023-02-12T14:00:00Z,0,0,0,0,0,0,0,0,0.0,0.0,0.0,0.0,0.0,0.0,0.0,0.0,0,49
2022-23,23,225,227,Patrick Bamford,FWD,Leeds,11,14,1,2023-02-12T14:00:00Z,57,1,0,0,0,0,0,2,1.2,0.3,40.0,4.2,0.23,0.0,0.23,0.45,1,72
2022-23,23,225,228,Diego Llorente,DEF,Leeds,11,14,1,2023-02-12T14:00:00Z,0,0,0,0,0,0,0,0,0.0,0.0,0.0,0.0,0.0,0.0,0.0,0.0,0,44
2022-23,23,225,229,Tyler Roberts,MID,Leeds,11,14,1,2023-02-12T14:00:00Z,0,0,0,0,0,0,0,0,0.0,0.0,0.0,0.0,0.0,0.0,0.0,0.0,0,50
2022-23,23,225,230,Robin Koch,DEF,Leeds,11,14,1,2023-02-12T14:00:00Z,90,1,0,0,0,2,0,10,14.6,0.3,8.0,2.3,0.25,0.0,0.25,1.12,1,45
2022-23,23,224,231,Daniel James,MID,Fulham,9,16,1,2023-02-11T15:00:00Z,0,0,0,0,0,0,0,0,0.0,0.0,0.0,0.0,0.0,0.0,0.0,0.0,0,60
2022-23,23,225,232,Raphael Dias Belloli,MID,Leeds,11,14,1,2023-02-12T14:00:00Z,0,0,0,0,0,0,0,0,0.0,0.0,0.0,0.0,0.0,0.0,0.0,0.0,0,70
2022-23,23,225,233,Jack Harrison,MID,Leeds,11,14,1,2023-02-12T14:00:00Z,72,3,0,0,1,0,0,-1,7.6,20.8,8.0,3.6,0.28,0.16,0.45,0.51,1,58
2022-23,23,225,234,Jamie Shackleton,MID,Leeds,11,14,1,2023-02-12T14:00:00Z,0,0,0,0,0,0,0,0,0.0,0.0,0.0,0.0,0.0,0.0,0.0,0.0,0,45
2022-23,23,225,235,Pascal Struijk,DEF,Leeds,11,14,1,2023-02-12T14:00:00Z,0,0,0,0,0,0,0,0,0.0,0.0,0.0,0.0,0.0,0.0,0.0,0.0,0,45
2022-23,23,225,236,Kristoffer Klaesson,GK,Leeds,11,14,1,2023-02-12T14:00:00Z,0,0,0,0,0,0,0,0,0.0,0.0,0.0,0.0,0.0,0.0,0.0,0.0,0,39
2022-23,23,225,237,Sam Greenwood,FWD,Leeds,11,14,1,2023-02-12T14:00:00Z,4,1,0,0,0,0,0,4,4.2,28.1,0.0,3.2,0.0,0.07,0.07,0.3,0,41
2022-23,23,225,238,Illan Meslier,GK,Leeds,11,14,1,2023-02-12T14:00:00Z,90,2,0,0,0,2,0,14,24.4,0.0,0.0,2.4,0.0,0.0,0.0,1.12,1,45
2022-23,23,225,239,Junior Firpo Adames,DEF,Leeds,11,14,1,2023-02-12T14:00:00Z,90,0,0,0,0,2,0,8,12.4,11.3,2.0,2.6,0.0,0.02,0.02,1.12,1,45
2022-23,23,225,240,Crysencio Summerville,MID,Leeds,11,14,1,2023-02-12T14:00:00Z,90,2,0,0,0,2,0,3,14.0,2.9,51.0,6.8,0.36,0.03,0.39,1.12,1,42
2022-23,23,225,241,Lewis Bate,MID,Leeds,11,14,1,2023-02-12T14:00:00Z,0,0,0,0,0,0,0,0,0.0,0.0,0.0,0.0,0.0,0.0,0.0,0.0,0,45
2022-23,23,225,242,Joe Gelhardt,FWD,Leeds,11,14,1,2023-02-12T14:00:00Z,0,0,0,0,0,0,0,0,0.0,0.0,0.0,0.0,0.0,0.0,0.0,0.0,0,51
2022-23,23,225,243,Leo Fuhr Hjelde,DEF,Leeds,11,14,1,2023-02-12T14:00:00Z,0,0,0,0,0,0,0,0,0.0,0.0,0.0,0.0,0.0,0.0,0.0,0.0,0,39
2022-23,23,225,244,Rasmus Kristensen,DEF,Leeds,11,14,1,2023-02-12T14:00:00Z,0,0,0,0,0,0,0,0,0.0,0.0,0.0,0.0,0.0,0.0,0.0,0.0,0,48
2022-23,23,225,245,Marc Roca Junqué,MID,Leeds,11,14,1,2023-02-12T14:00:00Z,0,0,0,0,0,0,0,0,0.0,0.0,0.0,0.0,0.0,0.0,0.0,0.0,0,48
2022-23,23,225,246,Brenden Aaronson,MID,Leeds,11,14,1,2023-02-12T14:00:00Z,17,1,0,0,0,2,0,1,0.2,0.3,5.0,0.6,0.05,0.0,0.06,0.61,0,54
2022-23,23,225,247,Darko Gyabi,MID,Leeds,11,14,1,2023-02-12T14:00:00Z,0,0,0,0,0,0,0,0,0.0,0.0,0.0,0.0,0.0,0.0,0.0,0.0,0,43
2022-23,23,226,248,Kasper Schmeichel,GK,Leicester,10,18,1,2023-02-11T15:00:00Z,0,0,0,0,0,0,0,0,0.0,0.0,0.0,0.0,0.0,0.0,0.0,0.0,0,50
2022-23,23,226,249,Jonny Evans,DEF,Leicester,10,18,1,2023-02-11T15:00:00Z,0,0,0,0,0,0,0,0,0.0,0.0,0.0,0.0,0.0,0.0,0.0,0.0,0,44
2022-23,23,226,250,Ryan Bertrand,DEF,Leicester,10,18,1,2023-02-11T15:00:00Z,0,0,0,0,0,0,0,0,0.0,0.0,0.0,0.0,0.0,0.0,0.0,0.0,0,39
2022-23,23,226,251,Marc Albrighton,MID,Leicester,10,18,1,2023-02-11T15:00:00Z,0,0,0,0,0,0,0,0,0.0,0.0,0.0,0.0,0.0,0.0,0.0,0.0,0,47
2022-23,23,226,252,Nampalys Mendy,MID,Leicester,10,18,1,2023-02-11T15:00:00Z,68,8,1,0,0,1,1,36,46.4,12.5,17.0,7.6,0.03,0.0,0.04,1.13,1,43
2022-23,23,226,253,Jannik Vestergaard,DEF,Leicester,10,18,1,2023-02-11T15:00:00Z,0,0,0,0,0,0,0,0,0.0,0.0,0.0,0.0,0.0,0.0,0.0,0.0,0,39
2022-23,23,226,254,Danny Ward,GK,Leicester,10,18,1,2023-02-11T15:00:00Z,90,3,0,0,0,1,0,15,18.2,0.0,0.0,1.8,0.0,0.0,0.0,1.28,1,40
2022-23,23,226,255,Jamie Vardy,FWD,Leicester,10,18,1,2023-02-11T15:00:00Z,13,1,0,0,0,0,0,1,0.0,0.0,0.0,0.0,0.0,0.0,0.0,0.11,0,91
2022-23,23,226,256,Ricardo Barbosa Pereira,DEF,Leicester,10,18,1,2023-02-11T15:00:00Z,2,1,0,0,0,0,0,2,0.2,0.0,0.0,0.0,0.0,0.0,0.0,0.11,0,43
2022-23,23,226,257,Daniel Amartey,DEF,Leicester,10,18,1,2023-02-11T15:00:00Z,0,0,0,0,0,0,0,0,0.0,0.0,0.0,0.0,0.0,0.0,0.0,0.0,0,41
2022-23,23,226,258,Timothy Castagne,DEF,Leicester,10,18,1,2023-02-11T15:00:00Z,90,5,0,1,0,1,0,21,10.6,1.7,5.0,1.7,0.02,0.01,0.02,1.28,1,45
2022-23,23,226,259,Youri Tielemans,MID,Leicester,10,18,1,2023-02-11T15:00:00Z,0,0,0,0,0,0,0,0,0.0,0.0,0.0,0.0,0.0,0.0,0.0,0.0,0,62
2022-23,23,226,260,Ayoze Pérez,MID,Leicester,10,18,1,2023-02-11T15:00:00Z,0,0,0,0,0,0,0,0,0.0,0.0,0.0,0.0,0.0,0.0,0.0,0.0,0,47
2022-23,23,226,261,James Maddison,MID,Leicester,10,18,1,2023-02-11T15:00:00Z,87,11,1,1,0,1,2,38,51.2,29.3,26.0,10.7,0.55,0.09,0.64,1.17,1,80
2022-23,23,226,262,Kelechi Iheanacho,FWD,Leicester,10,18,1,2023-02-11T15:00:00Z,76,12,1,1,0,1,3,42,59.6,12.2,47.0,11.9,0.38,0.18,0.56,1.17,1,61
2022-23,23,226,263,Hamza Choudhury,MID,Leicester,10,18,1,2023-02-11T15:00:00Z,0,0,0,0,0,0,0,0,0.0,0.0,0.0,0.0,0.0,0.0,0.0,0.0,0,45
2022-23,23,226,264,Harvey Barnes,MID,Leicester,10,18,1,2023-02-11T15:00:00Z,90,6,1,0,0,1,0,20,41.0,17.4,36.0,9.4,0.36,0.17,0.53,1.28,1,67
2022-23,23,226,265,Wilfred Ndidi,MID,Leicester,10,18,1,2023-02-11T15:00:00Z,21,1,0,0,0,0,0,8,5.4,0.3,0.0,0.6,0.0,0.0,0.0,0.15,0,48
2022-23,23,226,266,Kiernan Dewsbury-Hall,MID,Leicester,10,18,1,2023-02-11T15:00:00Z,90,1,0,0,0,1,0,12,15.4,42.9,2.0,6.0,0.0,0.03,0.03,1.28,1,49
2022-23,23,226,267,Çaglar Söyüncü,DEF,Leicester,10,18,1,2023-02-11T15:00:00Z,0,0,0,0,0,0,0,0,0.0,0.0,0.0,0.0,0.0,0.0,0.0,0.0,0,42
2022-23,23,226,268,James Justin,DEF,Leicester,10,18,1,2023-02-11T15:00:00Z,0,0,0,0,0,0,0,0,0.0,0.0,0.0,0.0,0.0,0.0,0.0,0.0,0,42
2022-23,23,226,269,Boubakary Soumaré,MID,Leicester,10,18,1,2023-02-11T15:00:00Z,0,0,0,0,0,0,0,0,0.0,0.0,0.0,0.0,0.0,0.0,0.0,0.0,0,44
2022-23,23,226,270,Luke Thomas,DEF,Leicester,10,18,1,2023-02-11T15:00:00Z,0,0,0,0,0,0,0,0,0.0,0.0,0.0,0.0,0.0,0.0,0.0,0.0,0,41
2022-23,23,226,271,Patson Daka,FWD,Leicester,10,18,1,2023-02-11T15:00:00Z,0,0,0,0,0,0,0,0,0.0,0.0,0.0,0.0,0.0,0.0,0.0,0.0,0,56
2022-23,23,230,272,Wesley Fofana,DEF,Chelsea,6,19,0,2023-02-11T12:30:00Z,0,0,0,0,0,0,0,0,0.0,0.0,0.0,0.0,0.0,0.0,0.0,0.0,0,43
2022-23,23,226,273,Lewis Brunt,DEF,Leicester,10,18,1,2023-02-11T15:00:00Z,0,0,0,0,0,0,0,0,0.0,0.0,0.0,0.0,0.0,0.0,0.0,0.0,0,39
2022-23,23,227,274,James Milner,MID,Liverpool,12,8,1,2023-02-13T20:00:00Z,10,1,0,0,0,0,0,3,6.4,0.5,2.0,0.9,0.0,0.0,0.0,0.08,0,44
2022-23,23,227,275,Jordan Henderson,MID,Liverpool,12,8,1,2023-02-13T20:00:00Z,79,3,0,0,1,0,0,13,6.4,3.2,4.0,1.4,0.0,0.01,0.01,0.2,1,53
2022-23,23,227,276,Joel Matip,DEF,Liverpool,12,8,1,2023-02-13T20:00:00Z,90,7,0,0,1,0,1,29,15.2,1.7,4.0,2.1,0.0,0.02,0.02,0.28,1,59
2022-23,23,227,277,Thiago Alcántara do Nascimento,MID,Liverpool,12,8,1,2023-02-13T20:00:00Z,0,0,0,0,0,0,0,0,0.0,0.0,0.0,0.0,0.0,0.0,0.0,0.0,0,51
2022-23,23,227,278,Alex Oxlade-Chamberlain,MID,Liverpool,12,8,1,2023-02-13T20:00:00Z,0,0,0,0,0,0,0,0,0.0,0.0,0.0,0.0,0.0,0.0,0.0,0.0,0,49
2022-23,23,227,279,Roberto Firmino,FWD,Liverpool,12,8,1,2023-02-13T20:00:00Z,10,1,0,0,0,0,0,4,2.2,10.3,0.0,1.3,0.0,0.0,0.0,0.08,0,80
2022-23,23,227,280,Virgil van Dijk,DEF,Liverpool,12,8,1,2023-02-13T20:00:00Z,0,0,0,0,0,0,0,0,0.0,0.0,0.0,0.0,0.0,0.0,0.0,0.0,0,65
2022-23,23,227,281,Alisson Ramses Becker,GK,Liverpool,12,8,1,2023-02-13T20:00:00Z,90,6,0,0,1,0,0,22,8.6,0.0,0.0,0.9,0.0,0.0,0.0,0.28,1,54
2022-23,23,227,282,Fabio Henrique Tavares,MID,Liverpool,12,8,1,2023-02-13T20:00:00Z,90,3,0,0,1,0,0,8,5.6,14.8,2.0,2.2,0.0,0.09,0.09,0.28,1,53
2022-23,23,227,283,Mohamed Salah,MID,Liverpool,12,8,1,2023-02-13T20:00:00Z,89,11,1,0,1,0,3,31,46.6,14.1,69.0,13.0,0.84,0.03,0.87,0.28,1,127
2022-23,23,227,284,Andrew Robertson,DEF,Liverpool,12,8,1,2023-02-13T20:00:00Z,90,5,0,0,1,0,0,23,7.0,16.8,0.0,2.4,0.0,0.09,0.09,0.28,1,68
2022-23,23,227,285,Trent Alexander-Arnold,DEF,Liverpool,12,8,1,2023-02-13T20:00:00Z,90,6,0,0,1,0,0,27,19.2,17.1,2.0,3.8,0.0,0.07,0.07,0.28,1,73
2022-23,23,227,286,Joseph Gomez,DEF,Liverpool,12,8,1,2023-02-13T20:00:00Z,90,8,0,0,1,0,2,30,22.2,1.8,1.0,2.5,0.03,0.01,0.04,0.28,1,43
2022-23,23,227,287,Naby Keita,MID,Liverpool,12,8,1,2023-02-13T20:00:00Z,1,1,0,0,0,0,0,7,6.0,0.3,0.0,0.6,0.0,0.0,0.0,0.0,0,47
2022-23,23,227,288,Diogo Teixeira da Silva,FWD,Liverpool,12,8,1,2023-02-13T20:00:00Z,20,1,0,0,0,0,0,2,0.0,1.2,0.0,0.1,0.0,0.0,0.0,0.08,0,88
2022-23,23,227,289,Caoimhin Kelleher,GK,Liverpool,12,8,1,2023-02-13T20:00:00Z,0,0,0,0,0,0,0,0,0.0,0.0,0.0,0.0,0.0,0.0,0.0,0.0,0,40
2022-23,23,227,290,Ibrahima Konaté,DEF,Liverpool,12,8,1,2023-02-13T20:00:00Z,0,0,0,0,0,0,0,0,0.0,0.0,0.0,0.0,0.0,0.0,0.0,0.0,0,48
2022-23,23,227,291,Curtis Jones,MID,Liverpool,12,8,1,2023-02-13T20:00:00Z,0,0,0,0,0,0,0,0,0.0,0.0,0.0,0.0,0.0,0.0,0.0,0.0,0,49
2022-23,23,227,292,Konstantinos Tsimikas,DEF,Liverpool,12,8,1,2023-02-13T20:00:00Z,0,0,0,0,0,0,0,0,0.0,0.0,0.0,0.0,0.0,0.0,0.0,0.0,0,44
2022-23,23,227,293,Luis Díaz,MID,Liverpool,12,8,1,2023-02-13T20:00:00Z,0,0,0,0,0,0,0,0,0.0,0.0,0.0,0.0,0.0,0.0,0.0,0.0,0,78
2022-23,23,227,294,Harvey Elliott,MID,Liverpool,12,8,1,2023-02-13T20:00:00Z,1,1,0,0,0,0,0,4,3.4,0.0,0.0,0.3,0.0,0.0,0.0,0.0,0,49
2022-23,23,224,295,Neco Williams,DEF,Nott'm Forest,16,9,0,2023-02-11T15:00:00Z,0,0,0,0,0,0,0,0,0.0,0.0,0.0,0.0,0.0,0.0,0.0,0.0,0,39
2022-23,23,227,296,Fábio Freitas Gouveia Carvalho,MID,Liverpool,12,8,1,2023-02-13T20:00:00Z,0,0,0,0,0,0,0,0,0.0,0.0,0.0,0.0,0.0,0.0,0.0,0.0,0,51
2022-23,23,227,297,Darwin Núñez Ribeiro,FWD,Liverpool,12,8,1,2023-02-13T20:00:00Z,69,5,0,1,1,0,0,19,19.8,21.8,40.0,8.2,0.39,0.06,0.44,0.2,1,87
2022-23,23,227,298,Calvin Ramsay,DEF,Liverpool,12,8,1,2023-02-13T20:00:00Z,0,0,0,0,0,0,0,0,0.0,0.0,0.0,0.0,0.0,0.0,0.0,0.0,0,39
2022-23,23,111,299,Kyle Walker,DEF,Man City,13,1,0,2023-02-15T19:30:00Z,90,1,0,0,0,1,0,12,12.6,1.6,0.0,1.4,0.0,0.01,0.01,1.62,1,48
2022-23,23,228,299,Kyle Walker,DEF,Man City,13,2,1,2023-02-12T16:30:00Z,90,2,0,0,0,1,0,13,9.4,6.7,0.0,1.6,0.0,0.02,0.02,0.28,1,48
2022-23,23,111,300,Ilkay Gündogan,MID,Man City,13,1,0,2023-02-15T19:30:00Z,90,5,0,1,0,1,0,13,23.2,15.2,2.0,4.0,0.0,0.16,0.16,1.62,1,73
2022-23,23,228,300,Ilkay Gündogan,MID,Man City,13,2,1,2023-02-12T16:30:00Z,90,7,1,0,0,1,0,28,45.0,12.6,64.0,12.2,1.5,0.13,1.63,0.28,1,73
2022-23,23,111,301,Kevin De Bruyne,MID,Man City,13,1,0,2023-02-15T19:30:00Z,86,13,1,1,0,1,3,42,54.2,28.1,9.0,9.1,0.21,0.2,0.42,1.45,1,124
2022-23,23,228,301,Kevin De Bruyne,MID,Man City,13,2,1,2023-02-12T16:30:00Z,90,2,0,0,0,1,0,12,9.0,41.9,10.0,6.1,0.0,0.2,0.2,0.28,1,124
2022-23,23,111,302,John Stones,DEF,Man City,13,1,0,2023-02-15T19:30:00Z,0,0,0,0,0,0,0,0,0.0,0.0,0.0,0.0,0.0,0.0,0.0,0.0,0,54
2022-23,23,228,302,John Stones,DEF,Man City,13,2,1,2023-02-12T16:30:00Z,0,0,0,0,0,0,0,0,0.0,0.0,0.0,0.0,0.0,0.0,0.0,0.0,0,54
2022-23,23,111,303,Riyad Mahrez,MID,Man City,13,1,0,2023-02-15T19:30:00Z,60,2,0,0,0,1,0,9,3.8,1.6,4.0,0.9,0.0,0.1,0.1,1.33,1,78
2022-23,23,228,303,Riyad Mahrez,MID,Man City,13,2,1,2023-02-12T16:30:00Z,84,12,1,1,0,1,2,35,52.0,33.2,27.0,11.2,1.24,0.12,1.36,0.23,1,78
2022-23,23,230,304,Raheem Sterling,MID,Chelsea,6,19,0,2023-02-11T12:30:00Z,0,0,0,0,0,0,0,0,0.0,0.0,0.0,0.0,0.0,0.0,0.0,0.0,0,97
2022-23,23,111,305,Jack Grealish,MID,Man City,13,1,0,2023-02-15T19:30:00Z,76,8,1,0,0,1,2,30,38.4,12.6,19.0,7.0,0.07,0.01,0.07,1.33,1,68
2022-23,23,228,305,Jack Grealish,MID,Man City,13,2,1,2023-02-12T16:30:00Z,68,5,0,1,0,1,0,17,4.6,16.9,33.0,5.5,0.1,0.26,0.36,0.2,1,68
2022-23,23,111,306,João Cancelo,DEF,Man City,13,1,0,2023-02-15T19:30:00Z,0,0,0,0,0,0,0,0,0.0,0.0,0.0,0.0,0.0,0.0,0.0,0.0,0,71
2022-23,23,228,306,João Cancelo,DEF,Man City,13,2,1,2023-02-12T16:30:00Z,0,0,0,0,0,0,0,0,0.0,0.0,0.0,0.0,0.0,0.0,0.0,0.0,0,71
2022-23,23,111,307,Ederson Santana de Moraes,GK,Man City,13,1,0,2023-02-15T19:30:00Z,90,1,0,0,0,1,0,1,0.0,0.0,0.0,0.0,0.0,0.0,0.0,1.62,1,54
2022-23,23,228,307,Ederson Santana de Moraes,GK,Man City,13,2,1,2023-02-12T16:30:00Z,90,2,0,0,0,1,0,11,9.2,0.0,0.0,0.9,0.0,0.0,0.0,0.28,1,54
2022-23,23,111,308,Nathan Aké,DEF,Man City,13,1,0,2023-02-15T19:30:00Z,90,2,0,0,0,1,0,5,10.0,0.4,9.0,1.9,0.68,0.0,0.68,1.62,1,51
2022-23,23,228,308,Nathan Aké,DEF,Man City,13,2,1,2023-02-12T16:30:00Z,5,1,0,0,0,0,0,3,2.0,0.0,0.0,0.2,0.0,0.0,0.0,0.05,0,51
2022-23,23,111,309,Aymeric Laporte,DEF,Man City,13,1,0,2023-02-15T19:30:00Z,0,0,0,0,0,0,0,0,0.0,0.0,0.0,0.0,0.0,0.0,0.0,0.0,0,57
2022-23,23,228,309,Aymeric Laporte,DEF,Man City,13,2,1,2023-02-12T16:30:00Z,90,2,0,0,0,1,0,15,15.4,3.5,2.0,2.1,0.0,0.02,0.02,0.28,1,57
2022-23,23,111,310,Zack Steffen,GK,Man City,13,1,0,2023-02-15T19:30:00Z,0,0,0,0,0,0,0,0,0.0,0.0,0.0,0.0,0.0,0.0,0.0,0.0,0,40
2022-23,23,228,310,Zack Steffen,GK,Man City,13,2,1,2023-02-12T16:30:00Z,0,0,0,0,0,0,0,0,0.0,0.0,0.0,0.0,0.0,0.0,0.0,0.0,0,40
2022-23,23,111,311,Bernardo Veiga de Carvalho e Silva,MID,Man City,13,1,0,2023-02-15T19:30:00Z,90,1,0,0,0,1,0,10,10.2,15.6,2.0,2.8,0.0,0.2,0.2,1.62,1,68
2022-23,23,228,311,Bernardo Veiga de Carvalho e Silva,MID,Man City,13,2,1,2023-02-12T16:30:00Z,90,2,0,0,0,1,0,15,8.4,13.0,5.0,2.6,0.03,0.04,0.07,0.28,1,68
2022-23,23,111,312,Rúben Gato Alves Dias,DEF,Man City,13,1,0,2023-02-15T19:30:00Z,90,2,0,0,0,1,0,15,25.6,0.5,0.0,2.6,0.0,0.0,0.0,1.62,1,59
2022-23,23,228,312,Rúben Gato Alves Dias,DEF,Man City,13,2,1,2023-02-12T16:30:00Z,45,0,0,0,0,0,0,6,4.0,0.3,4.0,0.8,0.05,0.01,0.05,0.12,1,59
2022-23,23,111,313,Oleksandr Zinchenko,DEF,Arsenal,1,13,1,2023-02-15T19:30:00Z,90,1,0,0,0,3,0,16,10.4,18.7,4.0,3.3,0.0,0.19,0.19,1.71,1,51
2022-23,23,221,313,Oleksandr Zinchenko,DEF,Arsenal,1,4,1,2023-02-11T15:00:00Z,90,2,0,0,0,1,0,11,14.4,31.8,22.0,6.8,0.16,0.17,0.33,2.37,1,51
2022-23,23,111,314,Phil Foden,MID,Man City,13,1,0,2023-02-15T19:30:00Z,13,1,0,0,0,0,0,1,0.0,0.3,0.0,0.0,0.0,0.0,0.0,0.29,0,80
2022-23,23,228,314,Phil Foden,MID,Man City,13,2,1,2023-02-12T16:30:00Z,21,1,0,0,0,0,0,2,0.0,1.1,2.0,0.2,0.0,0.0,0.0,0.08,0,80
2022-23,23,111,315,Rodrigo Hernandez,MID,Man City,13,1,0,2023-02-15T19:30:00Z,90,2,0,0,0,1,0,18,22.4,11.4,22.0,5.6,0.23,0.01,0.24,1.62,1,56
2022-23,23,228,315,Rodrigo Hernandez,MID,Man City,13,2,1,2023-02-12T16:30:00Z,90,10,1,0,0,1,3,44,65.2,55.5,57.0,17.8,0.27,0.33,0.61,0.28,1,56
2022-23,23,111,316,Cole Palmer,MID,Man City,13,1,0,2023-02-15T19:30:00Z,0,0,0,0,0,0,0,0,0.0,0.0,0.0,0.0,0.0,0.0,0.0,0.0,0,43
2022-23,23,228,316,Cole Palmer,MID,Man City,13,2,1,2023-02-12T16:30:00Z,0,0,0,0,0,0,0,0,0.0,0.0,0.0,0.0,0.0,0.0,0.0,0.0,0,43
2022-23,23,111,317,James McAtee,MID,Man City,13,1,0,2023-02-15T19:30:00Z,0,0,0,0,0,0,0,0,0.0,0.0,0.0,0.0,0.0,0.0,0.0,0.0,0,45
2022-23,23,228,317,James McAtee,MID,Man City,13,2,1,2023-02-12T16:30:00Z,0,0,0,0,0,0,0,0,0.0,0.0,0.0,0.0,0.0,0.0,0.0,0.0,0,45
2022-23,23,111,318,Erling Haaland,FWD,Man City,13,1,0,2023-02-15T19:30:00Z,90,6,1,0,0,1,0,22,34.8,1.2,45.0,8.1,0.3,0.04,0.34,1.62,1,122
2022-23,23,228,318,Erling Haaland,FWD,Man City,13,2,1,2023-02-12T16:30:00Z,45,4,0,1,0,0,0,11,13.2,10.4,8.0,3.2,0.16,0.01,0.17,0.12,1,122
2022-23,23,111,319,Julián Álvarez,FWD,Man City,13,1,0,2023-02-15T19:30:00Z,0,0,0,0,0,0,0,0,0.0,0.0,0.0,0.0,0.0,0.0,0.0,0.0,0,60
2022-23,23,228,319,Julián Álvarez,FWD,Man City,13,2,1,2023-02-12T16:30:00Z,45,1,0,0,0,1,0,4,2.6,21.8,19.0,4.3,0.25,0.12,0.36,0.16,0,60
2022-23,23,111,320,Luke Mbete-Tabu,DEF,Man City,13,1,0,2023-02-15T19:30:00Z,0,0,0,0,0,0,0,0,0.0,0.0,0.0,0.0,0.0,0.0,0.0,0.0,0,39
2022-23,23,228,320,Luke Mbete-Tabu,DEF,Man City,13,2,1,2023-02-12T16:30:00Z,0,0,0,0,0,0,0,0,0.0,0.0,0.0,0.0,0.0,0.0,0.0,0.0,0,39
2022-23,23,229,321,Roméo Lavia,MID,Southampton,17,20,1,2023-02-11T15:00:00Z,88,2,0,0,0,2,0,12,17.8,13.0,0.0,3.1,0.0,0.02,0.02,0.78,1,45
2022-23,23,111,322,Josh Wilson-Esbrand,DEF,Man City,13,1,0,2023-02-15T19:30:00Z,0,0,0,0,0,0,0,0,0.0,0.0,0.0,0.0,0.0,0.0,0.0,0.0,0,38
2022-23,23,228,322,Josh Wilson-Esbrand,DEF,Man City,13,2,1,2023-02-12T16:30:00Z,0,0,0,0,0,0,0,0,0.0,0.0,0.0,0.0,0.0,0.0,0.0,0.0,0,38
2022-23,23,111,323,Liam Delap,FWD,Man City,13,1,0,2023-02-15T19:30:00Z,0,0,0,0,0,0,0,0,0.0,0.0,0.0,0.0,0.0,0.0,0.0,0.0,0,44
2022-23,23,228,323,Liam Delap,FWD,Man City,13,2,1,2023-02-12T16:30:00Z,0,0,0,0,0,0,0,0,0.0,0.0,0.0,0.0,0.0,0.0,0.0,0.0,0,44
2022-23,23,111,324,Stefan Ortega Moreno,GK,Man City,13,1,0,2023-02-15T19:30:00Z,0,0,0,0,0,0,0,0,0.0,0.0,0.0,0.0,0.0,0.0,0.0,0.0,0,38
2022-23,23,228,324,Stefan Ortega Moreno,GK,Man City,13,2,1,2023-02-12T16:30:00Z,0,0,0,0,0,0,0,0,0.0,0.0,0.0,0.0,0.0,0.0,0.0,0.0,0,38
2022-23,23,111,325,Kalvin Phillips,MID,Man City,13,1,0,2023-02-15T19:30:00Z,3,1,0,0,0,0,0,6,4.2,0.3,0.0,0.5,0.0,0.0,0.0,0.17,0,48
2022-23,23,228,325,Kalvin Phillips,MID,Man City,13,2,1,2023-02-12T16:30:00Z,0,0,0,0,0,0,0,0,0.0,0.0,0.0,0.0,0.0,0.0,0.0,0.0,0,48
2022-23,23,225,326,Cristiano Ronaldo dos Santos Aveiro,FWD,Man Utd,14,11,0,2023-02-12T14:00:00Z,0,0,0,0,0,0,0,0,0.0,0.0,0.0,0.0,0.0,0.0,0.0,0.0,0,102
2022-23,23,225,327,David De Gea Quintana,GK,Man Utd,14,11,0,2023-02-12T14:00:00Z,90,10,0,0,1,0,2,35,45.4,0.0,0.0,4.5,0.0,0.0,0.0,1.83,1,50
2022-23,23,225,328,Phil Jones,DEF,Man Utd,14,11,0,2023-02-12T14:00:00Z,0,0,0,0,0,0,0,0,0.0,0.0,0.0,0.0,0.0,0.0,0.0,0.0,0,39
2022-23,23,225,329,Raphaël Varane,DEF,Man Utd,14,11,0,2023-02-12T14:00:00Z,0,0,0,0,0,0,0,0,0.0,0.0,0.0,0.0,0.0,0.0,0.0,0.0,0,48
2022-23,23,225,330,Harry Maguire,DEF,Man Utd,14,11,0,2023-02-12T14:00:00Z,90,7,0,0,1,0,1,27,28.2,1.0,7.0,3.6,0.1,0.0,0.11,1.83,1,47
2022-23,23,225,331,Frederico Rodrigues de Paula Santos,MID,Man Utd,14,11,0,2023-02-12T14:00:00Z,90,2,0,0,1,0,0,14,23.8,11.8,3.0,3.9,0.03,0.06,0.09,1.83,1,51
2022-23,23,225,332,Luke Shaw,DEF,Man Utd,14,11,0,2023-02-12T14:00:00Z,90,12,0,1,1,0,3,42,45.2,24.9,0.0,7.0,0.0,0.11,0.11,1.83,1,53
2022-23,23,225,333,Bruno Borges Fernandes,MID,Man Utd,14,11,0,2023-02-12T14:00:00Z,90,3,0,0,1,0,0,13,21.4,27.0,47.0,9.5,0.49,0.07,0.56,1.83,1,99
2022-23,23,225,334,Alex Telles,DEF,Man Utd,14,11,0,2023-02-12T14:00:00Z,0,0,0,0,0,0,0,0,0.0,0.0,0.0,0.0,0.0,0.0,0.0,0.0,0,50
2022-23,23,225,335,Marcus Rashford,MID,Man Utd,14,11,0,2023-02-12T14:00:00Z,90,8,1,0,1,0,0,26,37.4,12.1,23.0,7.3,0.21,0.03,0.24,1.83,1,72
2022-23,23,225,336,Donny van de Beek,MID,Man Utd,14,11,0,2023-02-12T14:00:00Z,0,0,0,0,0,0,0,0,0.0,0.0,0.0,0.0,0.0,0.0,0.0,0.0,0,51
2022-23,23,225,337,Victor Lindelöf,DEF,Man Utd,14,11,0,2023-02-12T14:00:00Z,0,0,0,0,0,0,0,0,0.0,0.0,0.0,0.0,0.0,0.0,0.0,0.0,0,41
2022-23,23,225,338,Scott McTominay,MID,Man Utd,14,11,0,2023-02-12T14:00:00Z,0,0,0,0,0,0,0,0,0.0,0.0,0.0,0.0,0.0,0.0,0.0,0.0,0,49
2022-23,23,225,339,Eric Bailly,DEF,Man Utd,14,11,0,2023-02-12T14:00:00Z,0,0,0,0,0,0,0,0,0.0,0.0,0.0,0.0,0.0,0.0,0.0,0.0,0,40
2022-23,23,225,340,Jadon Sancho,MID,Man Utd,14,11,0,2023-02-12T14:00:00Z,60,3,0,0,1,0,0,6,4.8,12.5,2.0,1.9,0.0,0.02,0.02,1.25,1,71
2022-23,23,225,341,Aaron Wan-Bissaka,DEF,Man Utd,14,11,0,2023-02-12T14:00:00Z,17,1,0,0,0,0,0,4,4.0,0.3,0.0,0.4,0.0,0.0,0.0,0.39,0,43
2022-23,23,225,342,Diogo Dalot Teixeira,DEF,Man Utd,14,11,0,2023-02-12T14:00:00Z,72,6,0,0,1,0,0,22,5.2,1.5,1.0,0.8,0.03,0.02,0.05,1.44,1,47
2022-23,23,225,343,Brandon Williams,DEF,Man Utd,14,11,0,2023-02-12T14:00:00Z,0,0,0,0,0,0,0,0,0.0,0.0,0.0,0.0,0.0,0.0,0.0,0.0,0,38
2022-23,23,225,344,Anthony Elanga,MID,Man Utd,14,11,0,2023-02-12T14:00:00Z,1,1,0,0,0,0,0,3,0.0,10.0,4.0,1.4,0.04,0.0,0.04,0.0,0,47
2022-23,23,225,345,Anthony Martial,FWD,Man Utd,14,11,0,2023-02-12T14:00:00Z,0,0,0,0,0,0,0,0,0.0,0.0,0.0,0.0,0.0,0.0,0.0,0.0,0,65
2022-23,23,224,346,Andreas Hoelgebaum Pereira,MID,Fulham,9,16,1,2023-02-11T15:00:00Z,90,6,0,1,1,0,0,22,22.0,60.3,11.0,9.3,0.11,0.25,0.36,0.67,1,44
2022-23,23,225,347,Facundo Pellistri Rebollo,MID,Man Utd,14,11,0,2023-02-12T14:00:00Z,0,0,0,0,0,0,0,0,0.0,0.0,0.0,0.0,0.0,0.0,0.0,0.0,0,43
2022-23,23,225,348,Tom Heaton,GK,Man Utd,14,11,0,2023-02-12T14:00:00Z,0,0,0,0,0,0,0,0,0.0,0.0,0.0,0.0,0.0,0.0,0.0,0.0,0,39
2022-23,23,224,349,Jonjo Shelvey,MID,Nott'm Forest,16,9,0,2023-02-11T15:00:00Z,34,1,0,0,0,1,0,9,7.8,25.9,0.0,3.4,0.0,0.11,0.11,0.42,0,48
2022-23,23,222,350,Matt Ritchie,DEF,Newcastle,15,3,0,2023-02-11T17:30:00Z,0,0,0,0,0,0,0,0,0.0,0.0,0.0,0.0,0.0,0.0,0.0,0.0,0,42
2022-23,23,222,351,Federico Fernández,DEF,Newcastle,15,3,0,2023-02-11T17:30:00Z,0,0,0,0,0,0,0,0,0.0,0.0,0.0,0.0,0.0,0.0,0.0,0.0,0,44
2022-23,23,222,352,Ciaran Clark,DEF,Newcastle,15,3,0,2023-02-11T17:30:00Z,0,0,0,0,0,0,0,0,0.0,0.0,0.0,0.0,0.0,0.0,0.0,0.0,0,45
2022-23,23,222,353,Karl Darlow,GK,Newcastle,15,3,0,2023-02-11T17:30:00Z,0,0,0,0,0,0,0,0,0.0,0.0,0.0,0.0,0.0,0.0,0.0,0.0,0,39
2022-23,23,224,354,Chris Wood,FWD,Nott'm Forest,16,9,0,2023-02-11T15:00:00Z,62,2,0,0,0,1,0,4,3.4,13.7,7.0,2.4,0.04,0.02,0.07,1.24,1,56
2022-23,23,222,355,Martin Dubravka,GK,Newcastle,15,3,0,2023-02-11T17:30:00Z,0,0,0,0,0,0,0,0,0.0,0.0,0.0,0.0,0.0,0.0,0.0,0.0,0,41
2022-23,23,222,356,Callum Wilson,FWD,Newcastle,15,3,0,2023-02-11T17:30:00Z,0,0,0,0,0,0,0,0,0.0,0.0,0.0,0.0,0.0,0.0,0.0,0.0,0,71
2022-23,23,222,357,Kieran Trippier,DEF,Newcastle,15,3,0,2023-02-11T17:30:00Z,90,2,0,0,0,1,0,10,25.8,43.5,0.0,6.9,0.0,0.07,0.07,1.83,1,61
2022-23,23,222,358,Dan Burn,DEF,Newcastle,15,3,0,2023-02-11T17:30:00Z,90,2,0,0,0,1,0,14,19.6,23.1,0.0,4.3,0.0,0.02,0.02,1.83,1,46
2022-23,23,222,359,Ryan Fraser,MID,Newcastle,15,3,0,2023-02-11T17:30:00Z,0,0,0,0,0,0,0,0,0.0,0.0,0.0,0.0,0.0,0.0,0.0,0.0,0,52
2022-23,23,222,360,Jamaal Lascelles,DEF,Newcastle,15,3,0,2023-02-11T17:30:00Z,0,0,0,0,0,0,0,0,0.0,0.0,0.0,0.0,0.0,0.0,0.0,0.0,0,43
2022-23,23,222,361,Dwight Gayle,FWD,Newcastle,15,3,0,2023-02-11T17:30:00Z,0,0,0,0,0,0,0,0,0.0,0.0,0.0,0.0,0.0,0.0,0.0,0.0,0,45
2022-23,23,222,362,Paul Dummett,DEF,Newcastle,15,3,0,2023-02-11T17:30:00Z,0,0,0,0,0,0,0,0,0.0,0.0,0.0,0.0,0.0,0.0,0.0,0.0,0,39
2022-23,23,222,363,Javier Manquillo Gaitán,DEF,Newcastle,15,3,0,2023-02-11T17:30:00Z,0,0,0,0,0,0,0,0,0.0,0.0,0.0,0.0,0.0,0.0,0.0,0.0,0,42
2022-23,23,222,364,Emil Krafth,DEF,Newcastle,15,3,0,2023-02-11T17:30:00Z,0,0,0,0,0,0,0,0,0.0,0.0,0.0,0.0,0.0,0.0,0.0,0.0,0,43
2022-23,23,222,365,Jacob Murphy,MID,Newcastle,15,3,0,2023-02-11T17:30:00Z,9,1,0,0,0,0,0,5,4.0,10.6,8.0,2.3,0.0,0.03,0.03,0.37,0,42
2022-23,23,222,366,Fabian Schär,DEF,Newcastle,15,3,0,2023-02-11T17:30:00Z,90,2,0,0,0,1,0,13,11.6,4.6,7.0,2.3,0.15,0.12,0.27,1.83,1,52
2022-23,23,222,367,Matt Targett,DEF,Newcastle,15,3,0,2023-02-11T17:30:00Z,0,0,0,0,0,0,0,0,0.0,0.0,0.0,0.0,0.0,0.0,0.0,0.0,0,47
2022-23,23,222,368,Allan Saint-Maximin,MID,Newcastle,15,3,0,2023-02-11T17:30:00Z,83,2,0,0,0,1,0,9,10.8,27.2,26.0,6.4,0.06,0.03,0.08,1.47,1,61
2022-23,23,222,369,Miguel Almirón Rejala,MID,Newcastle,15,3,0,2023-02-11T17:30:00Z,80,10,1,0,0,1,3,33,38.4,6.8,19.0,6.4,0.3,0.04,0.34,1.47,1,57
2022-23,23,222,370,Sean Longstaff,MID,Newcastle,15,3,0,2023-02-11T17:30:00Z,90,5,0,1,0,1,0,12,17.4,3.3,59.0,8.0,0.47,0.05,0.52,1.83,1,43
2022-23,23,222,371,Joelinton Cássio Apolinário de Lira,MID,Newcastle,15,3,0,2023-02-11T17:30:00Z,90,1,0,0,0,1,0,14,10.0,3.6,4.0,1.8,0.06,0.02,0.08,1.83,1,59
2022-23,23,222,372,Jamal Lewis,DEF,Newcastle,15,3,0,2023-02-11T17:30:00Z,0,0,0,0,0,0,0,0,0.0,0.0,0.0,0.0,0.0,0.0,0.0,0.0,0,44
2022-23,23,222,373,Joe Willock,MID,Newcastle,15,3,0,2023-02-11T17:30:00Z,35,1,0,0,0,1,0,4,3.8,0.3,0.0,0.4,0.0,0.0,0.0,1.34,1,47
2022-23,23,222,374,Bruno Guimarães Rodriguez Moura,MID,Newcastle,15,3,0,2023-02-11T17:30:00Z,0,0,0,0,0,0,0,0,0.0,0.0,0.0,0.0,0.0,0.0,0.0,0.0,0,56
2022-23,23,222,375,Jeff Hendrick,MID,Newcastle,15,3,0,2023-02-11T17:30:00Z,0,0,0,0,0,0,0,0,0.0,0.0,0.0,0.0,0.0,0.0,0.0,0.0,0,45
2022-23,23,222,376,Nick Pope,GK,Newcastle,15,3,0,2023-02-11T17:30:00Z,90,3,0,0,0,1,0,17,29.2,0.0,0.0,2.9,0.0,0.0,0.0,1.83,1,55
2022-23,23,222,377,Sven Botman,DEF,Newcastle,15,3,0,2023-02-11T17:30:00Z,90,1,0,0,0,1,0,13,19.6,11.0,19.0,5.0,0.03,0.01,0.04,1.83,1,45
2022-23,23,224,378,Harry Arter,MID,Nott'm Forest,16,9,0,2023-02-11T15:00:00Z,0,0,0,0,0,0,0,0,0.0,0.0,0.0,0.0,0.0,0.0,0.0,0.0,0,42
2022-23,23,224,379,Steve Cook,DEF,Nott'm Forest,16,9,0,2023-02-11T15:00:00Z,0,0,0,0,0,0,0,0,0.0,0.0,0.0,0.0,0.0,0.0,0.0,0.0,0,43
2022-23,23,224,380,Lyle Taylor,FWD,Nott'm Forest,16,9,0,2023-02-11T15:00:00Z,0,0,0,0,0,0,0,0,0.0,0.0,0.0,0.0,0.0,0.0,0.0,0.0,0,42
2022-23,23,224,381,Jack Colback,MID,Nott'm Forest,16,9,0,2023-02-11T15:00:00Z,0,0,0,0,0,0,0,0,0.0,0.0,0.0,0.0,0.0,0.0,0.0,0.0,0,41
2022-23,23,224,382,Brice Samba,GK,Nott'm Forest,16,9,0,2023-02-11T15:00:00Z,0,0,0,0,0,0,0,0,0.0,0.0,0.0,0.0,0.0,0.0,0.0,0.0,0,45
2022-23,23,224,383,Carlos Ribeiro Dias,MID,Nott'm Forest,16,9,0,2023-02-11T15:00:00Z,0,0,0,0,0,0,0,0,0.0,0.0,0.0,0.0,0.0,0.0,0.0,0.0,0,42
2022-23,23,224,384,Joe Lolley,MID,Nott'm Forest,16,9,0,2023-02-11T15:00:00Z,0,0,0,0,0,0,0,0,0.0,0.0,0.0,0.0,0.0,0.0,0.0,0.0,0,49
2022-23,23,224,385,Scott McKenna,DEF,Nott'm Forest,16,9,0,2023-02-11T15:00:00Z,6,1,0,0,0,0,0,3,0.0,0.0,0.0,0.0,0.0,0.0,0.0,0.0,1,44
2022-23,23,224,386,Mohamed Dräger,DEF,Nott'm Forest,16,9,0,2023-02-11T15:00:00Z,0,0,0,0,0,0,0,0,0.0,0.0,0.0,0.0,0.0,0.0,0.0,0.0,0,40
2022-23,23,224,387,Ryan Yates,MID,Nott'm Forest,16,9,0,2023-02-11T15:00:00Z,0,0,0,0,0,0,0,0,0.0,0.0,0.0,0.0,0.0,0.0,0.0,0.0,0,50
2022-23,23,224,388,Joe Worrall,DEF,Nott'm Forest,16,9,0,2023-02-11T15:00:00Z,83,1,0,0,0,2,0,15,12.4,0.5,2.0,1.5,0.0,0.0,0.0,1.62,0,42
2022-23,23,224,389,Jonathan Panzo,DEF,Nott'm Forest,16,9,0,2023-02-11T15:00:00Z,0,0,0,0,0,0,0,0,0.0,0.0,0.0,0.0,0.0,0.0,0.0,0.0,0,40
2022-23,23,224,390,Xande Nascimento da Costa Silva,MID,Nott'm Forest,16,9,0,2023-02-11T15:00:00Z,0,0,0,0,0,0,0,0,0.0,0.0,0.0,0.0,0.0,0.0,0.0,0.0,0,50
2022-23,23,224,391,Sam Surridge,FWD,Nott'm Forest,16,9,0,2023-02-11T15:00:00Z,0,0,0,0,0,0,0,0,0.0,0.0,0.0,0.0,0.0,0.0,0.0,0.0,0,47
2022-23,23,224,392,Richie Laryea,DEF,Nott'm Forest,16,9,0,2023-02-11T15:00:00Z,0,0,0,0,0,0,0,0,0.0,0.0,0.0,0.0,0.0,0.0,0.0,0.0,0,45
2022-23,23,224,393,Loïc Mbe Soh,DEF,Nott'm Forest,16,9,0,2023-02-11T15:00:00Z,0,0,0,0,0,0,0,0,0.0,0.0,0.0,0.0,0.0,0.0,0.0,0.0,0,42
2022-23,23,224,394,Brennan Johnson,FWD,Nott'm Forest,16,9,0,2023-02-11T15:00:00Z,90,2,0,0,0,2,0,5,3.4,15.1,5.0,2.4,0.02,0.08,0.1,1.62,1,57
2022-23,23,224,395,Alex Mighten,MID,Nott'm Forest,16,9,0,2023-02-11T15:00:00Z,0,0,0,0,0,0,0,0,0.0,0.0,0.0,0.0,0.0,0.0,0.0,0.0,0,49
2022-23,23,224,396,Braian Ojeda Rodríguez,MID,Nott'm Forest,16,9,0,2023-02-11T15:00:00Z,0,0,0,0,0,0,0,0,0.0,0.0,0.0,0.0,0.0,0.0,0.0,0.0,0,45
2022-23,23,224,397,Taiwo Awoniyi,FWD,Nott'm Forest,16,9,0,2023-02-11T15:00:00Z,0,0,0,0,0,0,0,0,0.0,0.0,0.0,0.0,0.0,0.0,0.0,0.0,0,56
2022-23,23,224,398,Dean Henderson,GK,Nott'm Forest,16,9,0,2023-02-11T15:00:00Z,0,0,0,0,0,0,0,0,0.0,0.0,0.0,0.0,0.0,0.0,0.0,0.0,0,47
2022-23,23,224,399,Giulian Biancone,DEF,Nott'm Forest,16,9,0,2023-02-11T15:00:00Z,0,0,0,0,0,0,0,0,0.0,0.0,0.0,0.0,0.0,0.0,0.0,0.0,0,42
2022-23,23,229,400,Theo Walcott,MID,Southampton,17,20,1,2023-02-11T15:00:00Z,0,0,0,0,0,0,0,0,0.0,0.0,0.0,0.0,0.0,0.0,0.0,0.0,0,48
2022-23,23,229,401,Alex McCarthy,GK,Southampton,17,20,1,2023-02-11T15:00:00Z,0,0,0,0,0,0,0,0,0.0,0.0,0.0,0.0,0.0,0.0,0.0,0.0,0,43
2022-23,23,229,402,Oriol Romeu Vidal,MID,Southampton,17,20,1,2023-02-11T15:00:00Z,0,0,0,0,0,0,0,0,0.0,0.0,0.0,0.0,0.0,0.0,0.0,0.0,0,48
2022-23,23,229,403,Nathan Redmond,MID,Southampton,17,20,1,2023-02-11T15:00:00Z,0,0,0,0,0,0,0,0,0.0,0.0,0.0,0.0,0.0,0.0,0.0,0.0,0,53
2022-23,23,222,404,Jack Stephens,DEF,Bournemouth,3,15,1,2023-02-11T17:30:00Z,90,1,0,0,0,1,0,13,24.6,10.3,0.0,3.5,0.0,0.0,0.0,1.27,1,43
2022-23,23,229,405,Stuart Armstrong,MID,Southampton,17,20,1,2023-02-11T15:00:00Z,1,1,0,0,0,0,0,2,0.0,0.0,0.0,0.0,0.0,0.0,0.0,0.0,0,47
2022-23,23,229,406,Mohamed Elyounoussi,MID,Southampton,17,20,1,2023-02-11T15:00:00Z,0,0,0,0,0,0,0,0,0.0,0.0,0.0,0.0,0.0,0.0,0.0,0.0,0,52
2022-23,23,229,407,James Ward-Prowse,MID,Southampton,17,20,1,2023-02-11T15:00:00Z,90,1,0,0,0,2,0,14,11.8,56.8,4.0,7.3,0.02,0.18,0.19,0.78,1,62
2022-23,23,229,408,Adam Armstrong,FWD,Southampton,17,20,1,2023-02-11T15:00:00Z,0,0,0,0,0,0,0,0,0.0,0.0,0.0,0.0,0.0,0.0,0.0,0.0,0,54
2022-23,23,229,409,Kyle Walker-Peters,DEF,Southampton,17,20,1,2023-02-11T15:00:00Z,0,0,0,0,0,0,0,0,0.0,0.0,0.0,0.0,0.0,0.0,0.0,0.0,0,44
2022-23,23,229,410,Jan Bednarek,DEF,Southampton,17,20,1,2023-02-11T15:00:00Z,90,-1,0,0,0,2,0,6,12.8,0.1,13.0,2.6,0.24,0.01,0.25,0.78,1,42
2022-23,23,229,411,Che Adams,FWD,Southampton,17,20,1,2023-02-11T15:00:00Z,16,1,0,0,0,1,0,2,0.0,1.8,0.0,0.1,0.0,0.0,0.0,0.23,0,63
2022-23,23,229,412,Nathan Tella,MID,Southampton,17,20,1,2023-02-11T15:00:00Z,0,0,0,0,0,0,0,0,0.0,0.0,0.0,0.0,0.0,0.0,0.0,0.0,0,50
2022-23,23,229,413,Lyanco Silveira Neves Vojnovic,DEF,Southampton,17,20,1,2023-02-11T15:00:00Z,16,1,0,0,0,1,0,6,2.6,0.2,4.0,0.7,0.07,0.0,0.07,0.23,0,44
2022-23,23,229,414,Yan Valery,DEF,Southampton,17,20,1,2023-02-11T15:00:00Z,0,0,0,0,0,0,0,0,0.0,0.0,0.0,0.0,0.0,0.0,0.0,0.0,0,40
2022-23,23,229,415,Will Smallbone,MID,Southampton,17,20,1,2023-02-11T15:00:00Z,0,0,0,0,0,0,0,0,0.0,0.0,0.0,0.0,0.0,0.0,0.0,0.0,0,45
2022-23,23,229,416,Ibrahima Diallo,MID,Southampton,17,20,1,2023-02-11T15:00:00Z,0,0,0,0,0,0,0,0,0.0,0.0,0.0,0.0,0.0,0.0,0.0,0.0,0,42
2022-23,23,229,417,Romain Perraud,DEF,Southampton,17,20,1,2023-02-11T15:00:00Z,73,2,0,0,0,1,0,5,1.4,11.3,11.0,2.4,0.15,0.01,0.16,0.55,1,42
2022-23,23,229,418,Moussa Djenepo,MID,Southampton,17,20,1,2023-02-11T15:00:00Z,0,0,0,0,0,0,0,0,0.0,0.0,0.0,0.0,0.0,0.0,0.0,0.0,0,50
2022-23,23,229,419,Tino Livramento,DEF,Southampton,17,20,1,2023-02-11T15:00:00Z,0,0,0,0,0,0,0,0,0.0,0.0,0.0,0.0,0.0,0.0,0.0,0.0,0,44
2022-23,23,229,420,Mohammed Salisu,DEF,Southampton,17,20,1,2023-02-11T15:00:00Z,90,1,0,0,0,2,0,17,39.2,21.4,25.0,8.6,0.26,0.12,0.38,0.78,1,44
2022-23,23,229,421,Mateusz Lis,GK,Southampton,17,20,1,2023-02-11T15:00:00Z,0,0,0,0,0,0,0,0,0.0,0.0,0.0,0.0,0.0,0.0,0.0,0.0,0,40
2022-23,23,229,422,Gavin Bazunu,GK,Southampton,17,20,1,2023-02-11T15:00:00Z,90,1,0,0,0,2,0,7,3.0,0.0,0.0,0.3,0.0,0.0,0.0,0.78,1,45
2022-23,23,229,423,Armel Bella-Kotchap,DEF,Southampton,17,20,1,2023-02-11T15:00:00Z,0,0,0,0,0,0,0,0,0.0,0.0,0.0,0.0,0.0,0.0,0.0,0.0,0,45
2022-23,23,229,424,Willy Caballero,GK,Southampton,17,20,1,2023-02-11T15:00:00Z,0,0,0,0,0,0,0,0,0.0,0.0,0.0,0.0,0.0,0.0,0.0,0.0,0,39
2022-23,23,226,425,Hugo Lloris,GK,Spurs,18,10,0,2023-02-11T15:00:00Z,0,0,0,0,0,0,0,0,0.0,0.0,0.0,0.0,0.0,0.0,0.0,0.0,0,55
2022-23,23,226,426,Fraser Forster,GK,Spurs,18,10,0,2023-02-11T15:00:00Z,90,0,0,0,0,4,0,12,19.2,0.0,0.0,1.9,0.0,0.0,0.0,1.54,1,39
2022-23,23,226,427,Harry Kane,FWD,Spurs,18,10,0,2023-02-11T15:00:00Z,90,2,0,0,0,4,0,4,8.4,22.3,19.0,5.0,0.07,0.02,0.09,1.54,1,118
2022-23,23,226,428,Son Heung-min,MID,Spurs,18,10,0,2023-02-11T15:00:00Z,90,2,0,0,0,4,0,4,1.6,1.3,8.0,1.1,0.04,0.01,0.05,1.54,1,116
2022-23,23,226,429,Matt Doherty,DEF,Spurs,18,10,0,2023-02-11T15:00:00Z,0,0,0,0,0,0,0,0,0.0,0.0,0.0,0.0,0.0,0.0,0.0,0.0,0,46
2022-23,23,226,430,Eric Dier,DEF,Spurs,18,10,0,2023-02-11T15:00:00Z,90,-1,0,0,0,4,0,10,13.0,0.4,2.0,1.5,0.04,0.0,0.04,1.54,1,51
2022-23,23,226,431,Lucas Rodrigues Moura da Silva,MID,Spurs,18,10,0,2023-02-11T15:00:00Z,0,0,0,0,0,0,0,0,0.0,0.0,0.0,0.0,0.0,0.0,0.0,0.0,0,58
2022-23,23,226,432,Ben Davies,DEF,Spurs,18,10,0,2023-02-11T15:00:00Z,90,3,0,1,0,4,0,23,9.4,0.9,7.0,1.7,0.09,0.0,0.09,1.54,1,48
2022-23,23,226,433,Pierre-Emile Højbjerg,MID,Spurs,18,10,0,2023-02-11T15:00:00Z,90,2,0,0,0,4,0,17,21.4,4.1,2.0,2.8,0.0,0.09,0.09,1.54,1,55
2022-23,23,226,434,Harry Winks,MID,Spurs,18,10,0,2023-02-11T15:00:00Z,0,0,0,0,0,0,0,0,0.0,0.0,0.0,0.0,0.0,0.0,0.0,0.0,0,44
2022-23,23,226,435,Davinson Sánchez,DEF,Spurs,18,10,0,2023-02-11T15:00:00Z,14,1,0,0,0,1,0,4,2.8,0.8,0.0,0.4,0.0,0.0,0.0,0.13,0,43
2022-23,23,226,436,Ryan Sessegnon,DEF,Spurs,18,10,0,2023-02-11T15:00:00Z,0,0,0,0,0,0,0,0,0.0,0.0,0.0,0.0,0.0,0.0,0.0,0.0,0,44
2022-23,23,226,437,Steven Bergwijn,MID,Spurs,18,10,0,2023-02-11T15:00:00Z,0,0,0,0,0,0,0,0,0.0,0.0,0.0,0.0,0.0,0.0,0.0,0.0,0,55
2022-23,23,226,438,Sergio Reguilón,DEF,Spurs,18,10,0,2023-02-11T15:00:00Z,0,0,0,0,0,0,0,0,0.0,0.0,0.0,0.0,0.0,0.0,0.0,0.0,0,42
2022-23,23,226,439,Japhet Tanganga,DEF,Spurs,18,10,0,2023-02-11T15:00:00Z,75,1,0,0,0,3,0,17,14.2,5.1,0.0,1.9,0.0,0.01,0.01,1.41,1,39
2022-23,23,226,440,Rodrigo Bentancur,MID,Spurs,18,10,0,2023-02-11T15:00:00Z,64,6,1,0,0,3,0,26,42.2,1.3,46.0,9.0,0.81,0.01,0.82,1.24,1,54
2022-23,23,226,441,Oliver Skipp,MID,Spurs,18,10,0,2023-02-11T15:00:00Z,0,0,0,0,0,0,0,0,0.0,0.0,0.0,0.0,0.0,0.0,0.0,0.0,0,43
2022-23,23,226,442,Joe Rodon,DEF,Spurs,18,10,0,2023-02-11T15:00:00Z,0,0,0,0,0,0,0,0,0.0,0.0,0.0,0.0,0.0,0.0,0.0,0.0,0,40
2022-23,23,226,443,Cristian Romero,DEF,Spurs,18,10,0,2023-02-11T15:00:00Z,0,0,0,0,0,0,0,0,0.0,0.0,0.0,0.0,0.0,0.0,0.0,0.0,0,49
2022-23,23,226,444,Yves Bissouma,MID,Spurs,18,10,0,2023-02-11T15:00:00Z,0,0,0,0,0,0,0,0,0.0,0.0,0.0,0.0,0.0,0.0,0.0,0.0,0,47
2022-23,23,226,445,Emerson Leite de Souza Junior,DEF,Spurs,18,10,0,2023-02-11T15:00:00Z,15,1,0,0,0,1,0,2,0.6,1.2,0.0,0.2,0.0,0.0,0.0,0.13,0,49
2022-23,23,226,446,Dejan Kulusevski,MID,Spurs,18,10,0,2023-02-11T15:00:00Z,78,2,0,0,0,3,0,0,1.0,3.1,8.0,1.2,0.06,0.01,0.07,1.41,1,79
2022-23,23,226,447,Dane Scarlett,FWD,Spurs,18,10,0,2023-02-11T15:00:00Z,0,0,0,0,0,0,0,0,0.0,0.0,0.0,0.0,0.0,0.0,0.0,0.0,0,45
2022-23,23,226,448,Ivan Perišić,DEF,Spurs,18,10,0,2023-02-11T15:00:00Z,74,1,0,0,0,3,0,6,5.4,24.9,21.0,5.1,0.17,0.16,0.33,1.41,1,55
2022-23,23,226,449,Harvey White,MID,Spurs,18,10,0,2023-02-11T15:00:00Z,0,0,0,0,0,0,0,0,0.0,0.0,0.0,0.0,0.0,0.0,0.0,0.0,0,44
2022-23,23,226,450,Pape Matar Sarr,MID,Spurs,18,10,0,2023-02-11T15:00:00Z,25,1,0,0,0,1,0,1,1.0,0.8,0.0,0.2,0.0,0.0,0.0,0.31,0,42
2022-23,23,226,451,Brandon Austin,GK,Spurs,18,10,0,2023-02-11T15:00:00Z,0,0,0,0,0,0,0,0,0.0,0.0,0.0,0.0,0.0,0.0,0.0,0.0,0,39
2022-23,23,226,452,Alfie Devine,MID,Spurs,18,10,0,2023-02-11T15:00:00Z,0,0,0,0,0,0,0,0,0.0,0.0,0.0,0.0,0.0,0.0,0.0,0.0,0,43
2022-23,23,226,453,Troy Parrott,FWD,Spurs,18,10,0,2023-02-11T15:00:00Z,0,0,0,0,0,0,0,0,0.0,0.0,0.0,0.0,0.0,0.0,0.0,0.0,0,45
2022-23,23,226,454,Richarlison de Andrade,FWD,Spurs,18,10,0,2023-02-11T15:00:00Z,15,1,0,0,0,1,0,4,0.0,1.8,0.0,0.2,0.0,0.0,0.0,0.13,0,84
2022-23,23,230,455,Lukasz Fabianski,GK,West Ham,19,6,1,2023-02-11T12:30:00Z,90,3,0,0,0,1,0,14,19.0,0.0,0.0,1.9,0.0,0.0,0.0,1.15,1,50
2022-23,23,230,456,Angelo Ogbonna,DEF,West Ham,19,6,1,2023-02-11T12:30:00Z,90,2,0,0,0,1,0,7,12.4,0.4,0.0,1.3,0.0,0.01,0.01,1.15,1,44
2022-23,23,230,457,Aaron Cresswell,DEF,West Ham,19,6,1,2023-02-11T12:30:00Z,0,0,0,0,0,0,0,0,0.0,0.0,0.0,0.0,0.0,0.0,0.0,0.0,0,48
2022-23,23,230,458,Michail Antonio,FWD,West Ham,19,6,1,2023-02-11T12:30:00Z,66,2,0,0,0,1,0,1,13.8,12.0,46.0,7.2,0.62,0.0,0.62,0.99,1,70
2022-23,23,229,459,Craig Dawson,DEF,Wolves,20,17,0,2023-02-11T15:00:00Z,90,3,0,0,0,1,1,19,30.4,0.7,0.0,3.1,0.0,0.01,0.01,1.14,1,48
2022-23,23,230,460,Manuel Lanzini,MID,West Ham,19,6,1,2023-02-11T12:30:00Z,0,0,0,0,0,0,0,0,0.0,0.0,0.0,0.0,0.0,0.0,0.0,0.0,0,51
2022-23,23,230,461,Kurt Zouma,DEF,West Ham,19,6,1,2023-02-11T12:30:00Z,0,0,0,0,0,0,0,0,0.0,0.0,0.0,0.0,0.0,0.0,0.0,0.0,0,44
2022-23,23,230,462,Arthur Masuaku,DEF,West Ham,19,6,1,2023-02-11T12:30:00Z,0,0,0,0,0,0,0,0,0.0,0.0,0.0,0.0,0.0,0.0,0.0,0.0,0,45
2022-23,23,230,463,Vladimir Coufal,DEF,West Ham,19,6,1,2023-02-11T12:30:00Z,90,1,0,0,0,1,0,2,9.0,7.5,4.0,2.1,0.0,0.1,0.1,1.15,1,41
2022-23,23,230,464,Saïd Benrahma,MID,West Ham,19,6,1,2023-02-11T12:30:00Z,66,2,0,0,0,1,0,8,4.4,21.3,7.0,3.3,0.07,0.18,0.25,0.99,1,56
2022-23,23,230,465,Jarrod Bowen,MID,West Ham,19,6,1,2023-02-11T12:30:00Z,90,5,0,1,0,1,0,17,24.8,43.2,15.0,8.3,0.04,0.84,0.88,1.15,1,80
2022-23,23,230,466,Nikola Vlasic,MID,West Ham,19,6,1,2023-02-11T12:30:00Z,0,0,0,0,0,0,0,0,0.0,0.0,0.0,0.0,0.0,0.0,0.0,0.0,0,50
2022-23,23,230,467,Declan Rice,MID,West Ham,19,6,1,2023-02-11T12:30:00Z,90,2,0,0,0,1,0,8,19.6,1.3,3.0,2.4,0.02,0.01,0.02,1.15,1,47
2022-23,23,230,468,Tomas Soucek,MID,West Ham,19,6,1,2023-02-11T12:30:00Z,76,2,0,0,0,1,0,5,20.4,15.3,16.0,5.2,0.06,0.09,0.14,1.08,0,51
2022-23,23,230,469,Pablo Fornals Malla,MID,West Ham,19,6,1,2023-02-11T12:30:00Z,0,0,0,0,0,0,0,0,0.0,0.0,0.0,0.0,0.0,0.0,0.0,0.0,0,49
2022-23,23,224,470,Issa Diop,DEF,Fulham,9,16,1,2023-02-11T15:00:00Z,90,6,0,0,1,0,0,22,12.8,0.0,0.0,1.3,0.0,0.0,0.0,0.67,1,43
2022-23,23,230,471,Ben Johnson,DEF,West Ham,19,6,1,2023-02-11T12:30:00Z,10,1,0,0,0,0,0,6,6.2,0.2,0.0,0.6,0.0,0.0,0.0,0.04,0,44
2022-23,23,230,472,Nayef Aguerd,DEF,West Ham,19,6,1,2023-02-11T12:30:00Z,79,2,0,0,0,1,0,15,8.8,0.4,4.0,1.3,0.05,0.0,0.06,1.1,1,48
2022-23,23,230,473,Alphonse Areola,GK,West Ham,19,6,1,2023-02-11T12:30:00Z,0,0,0,0,0,0,0,0,0.0,0.0,0.0,0.0,0.0,0.0,0.0,0.0,0,43
2022-23,23,224,474,Willy Boly,DEF,Nott'm Forest,16,9,0,2023-02-11T15:00:00Z,6,1,0,0,0,0,0,3,0.0,0.0,0.0,0.0,0.0,0.0,0.0,0.0,1,42
2022-23,23,227,475,Conor Coady,DEF,Everton,8,12,0,2023-02-13T20:00:00Z,90,0,0,0,0,2,0,7,7.2,0.5,0.0,0.8,0.0,0.01,0.01,2.19,1,49
2022-23,23,229,476,Raúl Jiménez,FWD,Wolves,20,17,0,2023-02-11T15:00:00Z,0,0,0,0,0,0,0,0,0.0,0.0,0.0,0.0,0.0,0.0,0.0,0.0,0,67
2022-23,23,229,477,Jonathan Castro Otto,DEF,Wolves,20,17,0,2023-02-11T15:00:00Z,6,1,0,0,0,0,0,4,2.2,0.0,0.0,0.2,0.0,0.0,0.0,0.36,0,43
2022-23,23,229,478,José Malheiro de Sá,GK,Wolves,20,17,0,2023-02-11T15:00:00Z,90,2,0,0,0,1,0,11,13.0,0.0,0.0,1.3,0.0,0.0,0.0,1.14,1,50
2022-23,23,228,479,Leander Dendoncker,MID,Aston Villa,2,13,0,2023-02-12T16:30:00Z,0,0,0,0,0,0,0,0,0.0,0.0,0.0,0.0,0.0,0.0,0.0,0.0,0,47
2022-23,23,229,480,Rúben da Silva Neves,MID,Wolves,20,17,0,2023-02-11T15:00:00Z,90,2,0,0,0,1,0,15,19.4,4.3,9.0,3.3,0.1,0.02,0.12,1.14,1,54
2022-23,23,229,481,Hwang Hee-chan,MID,Wolves,20,17,0,2023-02-11T15:00:00Z,0,0,0,0,0,0,0,0,0.0,0.0,0.0,0.0,0.0,0.0,0.0,0.0,0,57
2022-23,23,229,482,Nélson Cabral Semedo,DEF,Wolves,20,17,0,2023-02-11T15:00:00Z,83,1,0,0,0,1,0,2,7.0,3.8,9.0,2.0,0.01,0.02,0.03,0.79,1,50
2022-23,23,229,483,Daniel Castelo Podence,MID,Wolves,20,17,0,2023-02-11T15:00:00Z,0,0,0,0,0,0,0,0,0.0,0.0,0.0,0.0,0.0,0.0,0.0,0.0,0,53
2022-23,23,229,484,Max Kilman,DEF,Wolves,20,17,0,2023-02-11T15:00:00Z,90,2,0,0,0,1,0,13,21.4,0.4,0.0,2.2,0.0,0.0,0.0,1.14,1,43
2022-23,23,229,485,Luke Cundle,MID,Wolves,20,17,0,2023-02-11T15:00:00Z,0,0,0,0,0,0,0,0,0.0,0.0,0.0,0.0,0.0,0.0,0.0,0.0,0,44
2022-23,23,229,486,Pedro Lomba Neto,MID,Wolves,20,17,0,2023-02-11T15:00:00Z,0,0,0,0,0,0,0,0,0.0,0.0,0.0,0.0,0.0,0.0,0.0,0.0,0,49
2022-23,23,229,487,Rayan Aït-Nouri,DEF,Wolves,20,17,0,2023-02-11T15:00:00Z,45,0,0,0,0,1,0,4,6.2,1.3,0.0,0.8,0.0,0.0,0.0,0.73,1,42
2022-23,23,229,488,Fabio Silva,FWD,Wolves,20,17,0,2023-02-11T15:00:00Z,0,0,0,0,0,0,0,0,0.0,0.0,0.0,0.0,0.0,0.0,0.0,0.0,0,55
2022-23,23,229,489,Toti António Gomes,DEF,Wolves,20,17,0,2023-02-11T15:00:00Z,0,0,0,0,0,0,0,0,0.0,0.0,0.0,0.0,0.0,0.0,0.0,0.0,0,39
2022-23,23,229,490,Francisco Jorge Tomás Oliveira,MID,Wolves,20,17,0,2023-02-11T15:00:00Z,0,0,0,0,0,0,0,0,0.0,0.0,0.0,0.0,0.0,0.0,0.0,0.0,0,50
2022-23,23,229,491,Adama Traoré Diarra,MID,Wolves,20,17,0,2023-02-11T15:00:00Z,45,4,0,1,0,0,0,13,6.4,1.7,14.0,2.2,0.2,0.08,0.28,0.41,0,54
2022-23,23,229,492,Matija Šarkić,GK,Wolves,20,17,0,2023-02-11T15:00:00Z,0,0,0,0,0,0,0,0,0.0,0.0,0.0,0.0,0.0,0.0,0.0,0.0,0,39
2022-23,23,224,493,Morgan Gibbs-White,MID,Nott'm Forest,16,9,0,2023-02-11T15:00:00Z,90,2,0,0,0,2,0,6,1.0,7.3,18.0,2.6,0.21,0.06,0.27,1.62,1,55
2022-23,23,229,494,Yerson Mosquera Valdelamar,DEF,Wolves,20,17,0,2023-02-11T15:00:00Z,0,0,0,0,0,0,0,0,0.0,0.0,0.0,0.0,0.0,0.0,0.0,0.0,0,39
2022-23,23,223,495,Remi Matthews,GK,Crystal Palace,7,5,1,2023-02-11T15:00:00Z,0,0,0,0,0,0,0,0,0.0,0.0,0.0,0.0,0.0,0.0,0.0,0.0,0,40
2022-23,23,223,496,Luke Plange,FWD,Crystal Palace,7,5,1,2023-02-11T15:00:00Z,0,0,0,0,0,0,0,0,0.0,0.0,0.0,0.0,0.0,0.0,0.0,0.0,0,45
2022-23,23,227,497,Adrián San Miguel del Castillo,GK,Liverpool,12,8,1,2023-02-13T20:00:00Z,0,0,0,0,0,0,0,0,0.0,0.0,0.0,0.0,0.0,0.0,0.0,0.0,0,39
2022-23,23,227,498,Rhys Williams,DEF,Liverpool,12,8,1,2023-02-13T20:00:00Z,0,0,0,0,0,0,0,0,0.0,0.0,0.0,0.0,0.0,0.0,0.0,0.0,0,40
2022-23,23,227,499,Ben Davies,DEF,Liverpool,12,8,1,2023-02-13T20:00:00Z,0,0,0,0,0,0,0,0,0.0,0.0,0.0,0.0,0.0,0.0,0.0,0.0,0,40
2022-23,23,227,500,Sepp van den Berg,DEF,Liverpool,12,8,1,2023-02-13T20:00:00Z,0,0,0,0,0,0,0,0,0.0,0.0,0.0,0.0,0.0,0.0,0.0,0.0,0,40
2022-23,23,227,501,Nathaniel Phillips,DEF,Liverpool,12,8,1,2023-02-13T20:00:00Z,0,0,0,0,0,0,0,0,0.0,0.0,0.0,0.0,0.0,0.0,0.0,0.0,0,39
2022-23,23,111,502,Scott Carson,GK,Man City,13,1,0,2023-02-15T19:30:00Z,0,0,0,0,0,0,0,0,0.0,0.0,0.0,0.0,0.0,0.0,0.0,0.0,0,38
2022-23,23,228,502,Scott Carson,GK,Man City,13,2,1,2023-02-12T16:30:00Z,0,0,0,0,0,0,0,0,0.0,0.0,0.0,0.0,0.0,0.0,0.0,0.0,0,38
2022-23,23,229,503,João Filipe Iria Santos Moutinho,MID,Wolves,20,17,0,2023-02-11T15:00:00Z,45,1,0,0,0,1,0,7,13.8,13.9,0.0,2.8,0.0,0.13,0.13,0.73,1,47
2022-23,23,225,504,Tyrell Malacia,DEF,Man Utd,14,11,0,2023-02-12T14:00:00Z,60,6,0,0,1,0,0,15,6.2,0.8,0.0,0.7,0.0,0.0,0.0,1.25,1,42
2022-23,23,222,505,Joe Rothwell,MID,Bournemouth,3,15,1,2023-02-11T17:30:00Z,0,0,0,0,0,0,0,0,0.0,0.0,0.0,0.0,0.0,0.0,0.0,0.0,0,49
2022-23,23,225,506,Tyler Adams,MID,Leeds,11,14,1,2023-02-12T14:00:00Z,90,2,0,0,0,2,0,7,13.4,0.8,0.0,1.4,0.0,0.0,0.0,1.12,1,49
2022-23,23,224,507,Moussa Niakhaté,DEF,Nott'm Forest,16,9,0,2023-02-11T15:00:00Z,0,0,0,0,0,0,0,0,0.0,0.0,0.0,0.0,0.0,0.0,0.0,0.0,0,43
2022-23,23,225,508,Luis Sinisterra Lucumí,MID,Leeds,11,14,1,2023-02-12T14:00:00Z,0,0,0,0,0,0,0,0,0.0,0.0,0.0,0.0,0.0,0.0,0.0,0.0,0,65
2022-23,23,230,509,Flynn Downes,MID,West Ham,19,6,1,2023-02-11T12:30:00Z,23,1,0,0,0,0,0,8,5.4,0.4,0.0,0.6,0.0,0.0,0.0,0.15,0,42
2022-23,23,221,510,Aaron Hickey,DEF,Brentford,4,1,0,2023-02-11T15:00:00Z,0,0,0,0,0,0,0,0,0.0,0.0,0.0,0.0,0.0,0.0,0.0,0.0,0,49
2022-23,23,224,511,Omar Richards,DEF,Nott'm Forest,16,9,0,2023-02-11T15:00:00Z,0,0,0,0,0,0,0,0,0.0,0.0,0.0,0.0,0.0,0.0,0.0,0.0,0,44
2022-23,23,229,512,Joe Ayodele-Aribo,MID,Southampton,17,20,1,2023-02-11T15:00:00Z,11,1,0,0,0,1,0,4,0.4,0.3,0.0,0.1,0.0,0.01,0.01,0.23,0,51
2022-23,23,226,513,Clément Lenglet,DEF,Spurs,18,10,0,2023-02-11T15:00:00Z,0,0,0,0,0,0,0,0,0.0,0.0,0.0,0.0,0.0,0.0,0.0,0.0,0,48
2022-23,23,223,514,Cheick Doucouré,MID,Crystal Palace,7,5,1,2023-02-11T15:00:00Z,90,1,0,0,0,1,0,0,5.4,1.6,4.0,1.1,0.05,0.0,0.06,2.36,1,50
2022-23,23,221,515,Keane Lewis-Potter,MID,Brentford,4,1,0,2023-02-11T15:00:00Z,0,0,0,0,0,0,0,0,0.0,0.0,0.0,0.0,0.0,0.0,0.0,0.0,0,52
2022-23,23,229,516,Nathan Collins,DEF,Wolves,20,17,0,2023-02-11T15:00:00Z,0,0,0,0,0,0,0,0,0.0,0.0,0.0,0.0,0.0,0.0,0.0,0.0,0,44
2022-23,23,221,517,Thomas Strakosha,GK,Brentford,4,1,0,2023-02-11T15:00:00Z,0,0,0,0,0,0,0,0,0.0,0.0,0.0,0.0,0.0,0.0,0.0,0.0,0,43
2022-23,23,224,518,Wayne Hennessey,GK,Nott'm Forest,16,9,0,2023-02-11T15:00:00Z,0,0,0,0,0,0,0,0,0.0,0.0,0.0,0.0,0.0,0.0,0.0,0.0,0,39
2022-23,23,225,519,Christian Eriksen,MID,Man Utd,14,11,0,2023-02-12T14:00:00Z,0,0,0,0,0,0,0,0,0.0,0.0,0.0,0.0,0.0,0.0,0.0,0.0,0,63
2022-23,23,230,520,Kalidou Koulibaly,DEF,Chelsea,6,19,0,2023-02-11T12:30:00Z,0,0,0,0,0,0,0,0,0.0,0.0,0.0,0.0,0.0,0.0,0.0,0.0,0,55
2022-23,23,224,521,Tyrese Francois,MID,Fulham,9,16,1,2023-02-11T15:00:00Z,0,0,0,0,0,0,0,0,0.0,0.0,0.0,0.0,0.0,0.0,0.0,0.0,0,44
2022-23,23,226,522,Djed Spence,DEF,Spurs,18,10,0,2023-02-11T15:00:00Z,0,0,0,0,0,0,0,0,0.0,0.0,0.0,0.0,0.0,0.0,0.0,0.0,0,41
2022-23,23,224,523,Harry Toffolo,DEF,Nott'm Forest,16,9,0,2023-02-11T15:00:00Z,0,0,0,0,0,0,0,0,0.0,0.0,0.0,0.0,0.0,0.0,0.0,0.0,0,43
2022-23,23,224,524,Lewis O'Brien,MID,Nott'm Forest,16,9,0,2023-02-11T15:00:00Z,0,0,0,0,0,0,0,0,0.0,0.0,0.0,0.0,0.0,0.0,0.0,0.0,0,48
2022-23,23,228,525,Ludwig Augustinsson,DEF,Aston Villa,2,13,0,2023-02-12T16:30:00Z,0,0,0,0,0,0,0,0,0.0,0.0,0.0,0.0,0.0,0.0,0.0,0.0,0,43
2022-23,23,221,526,Ben Mee,DEF,Brentford,4,1,0,2023-02-11T15:00:00Z,90,2,0,0,0,1,0,9,18.4,0.8,11.0,3.0,0.07,0.09,0.17,1.68,1,49
2022-23,23,224,527,Jesse Lingard,MID,Nott'm Forest,16,9,0,2023-02-11T15:00:00Z,0,0,0,0,0,0,0,0,0.0,0.0,0.0,0.0,0.0,0.0,0.0,0.0,0,54
2022-23,23,229,528,Sékou Mara,FWD,Southampton,17,20,1,2023-02-11T15:00:00Z,0,0,0,0,0,0,0,0,0.0,0.0,0.0,0.0,0.0,0.0,0.0,0.0,0,53
2022-23,23,230,529,Gianluca Scamacca,FWD,West Ham,19,6,1,2023-02-11T12:30:00Z,0,0,0,0,0,0,0,0,0.0,0.0,0.0,0.0,0.0,0.0,0.0,0.0,0,66
2022-23,23,223,530,Chris Richards,DEF,Crystal Palace,7,5,1,2023-02-11T15:00:00Z,0,0,0,0,0,0,0,0,0.0,0.0,0.0,0.0,0.0,0.0,0.0,0.0,0,44
2022-23,23,227,531,Rúben Nascimento Vinagre,DEF,Everton,8,12,0,2023-02-13T20:00:00Z,0,0,0,0,0,0,0,0,0.0,0.0,0.0,0.0,0.0,0.0,0.0,0.0,0,43
2022-23,23,224,532,Kevin Mbabu,DEF,Fulham,9,16,1,2023-02-11T15:00:00Z,0,0,0,0,0,0,0,0,0.0,0.0,0.0,0.0,0.0,0.0,0.0,0.0,0,43
2022-23,23,225,533,Lisandro Martínez,DEF,Man Utd,14,11,0,2023-02-12T14:00:00Z,29,1,0,0,0,0,0,9,8.0,0.2,0.0,0.8,0.0,0.01,0.01,0.58,0,45
2022-23,23,227,534,Dwight McNeil,MID,Everton,8,12,0,2023-02-13T20:00:00Z,77,2,0,0,0,2,0,5,12.0,20.5,4.0,3.7,0.04,0.02,0.06,1.89,1,51
2022-23,23,222,535,Marcus Tavernier,MID,Bournemouth,3,15,1,2023-02-11T17:30:00Z,27,1,0,0,0,0,0,3,5.2,0.8,17.0,2.3,0.04,0.0,0.05,0.67,0,47
2022-23,23,224,536,Orel Mangala,MID,Nott'm Forest,16,9,0,2023-02-11T15:00:00Z,55,1,0,0,0,1,0,4,8.6,0.7,0.0,0.9,0.0,0.0,0.0,1.2,1,49
2022-23,23,228,537,Kaine Kesler Hayden,DEF,Aston Villa,2,13,0,2023-02-12T16:30:00Z,0,0,0,0,0,0,0,0,0.0,0.0,0.0,0.0,0.0,0.0,0.0,0.0,0,40
2022-23,23,228,538,Ashley Young,DEF,Aston Villa,2,13,0,2023-02-12T16:30:00Z,75,1,0,0,0,3,0,6,6.2,0.3,0.0,0.7,0.0,0.0,0.0,3.18,1,44
2022-23,23,222,539,James Hill,DEF,Bournemouth,3,15,1,2023-02-11T17:30:00Z,0,0,0,0,0,0,0,0,0.0,0.0,0.0,0.0,0.0,0.0,0.0,0.0,0,44
2022-23,23,221,540,Fin Stevens,DEF,Brentford,4,1,0,2023-02-11T15:00:00Z,0,0,0,0,0,0,0,0,0.0,0.0,0.0,0.0,0.0,0.0,0.0,0.0,0,40
2022-23,23,221,541,Halil Dervişoğlu,FWD,Brentford,4,1,0,2023-02-11T15:00:00Z,0,0,0,0,0,0,0,0,0.0,0.0,0.0,0.0,0.0,0.0,0.0,0.0,0,45
2022-23,23,223,542,Kjell Scherpen,GK,Brighton,5,7,0,2023-02-11T15:00:00Z,0,0,0,0,0,0,0,0,0.0,0.0,0.0,0.0,0.0,0.0,0.0,0.0,0,40
2022-23,23,223,543,Matt Clarke,DEF,Brighton,5,7,0,2023-02-11T15:00:00Z,0,0,0,0,0,0,0,0,0.0,0.0,0.0,0.0,0.0,0.0,0.0,0.0,0,40
2022-23,23,223,544,Jan Paul van Hecke,DEF,Brighton,5,7,0,2023-02-11T15:00:00Z,0,0,0,0,0,0,0,0,0.0,0.0,0.0,0.0,0.0,0.0,0.0,0.0,0,40
2022-23,23,230,545,Emerson Palmieri dos Santos,DEF,West Ham,19,6,1,2023-02-11T12:30:00Z,90,10,1,0,0,1,2,24,49.2,1.5,35.0,8.6,0.36,0.01,0.37,1.15,1,40
2022-23,23,224,546,Luke Harris,MID,Fulham,9,16,1,2023-02-11T15:00:00Z,0,0,0,0,0,0,0,0,0.0,0.0,0.0,0.0,0.0,0.0,0.0,0.0,0,44
2022-23,23,225,547,Cody Drameh,DEF,Leeds,11,14,1,2023-02-12T14:00:00Z,0,0,0,0,0,0,0,0,0.0,0.0,0.0,0.0,0.0,0.0,0.0,0.0,0,40
2022-23,23,226,548,Daniel Iversen,GK,Leicester,10,18,1,2023-02-11T15:00:00Z,0,0,0,0,0,0,0,0,0.0,0.0,0.0,0.0,0.0,0.0,0.0,0.0,0,39
2022-23,23,226,549,Dennis Praet,MID,Leicester,10,18,1,2023-02-11T15:00:00Z,13,1,0,0,0,0,0,3,3.0,0.6,0.0,0.4,0.0,0.0,0.0,0.11,0,48
2022-23,23,225,550,Amad Diallo,MID,Man Utd,14,11,0,2023-02-12T14:00:00Z,0,0,0,0,0,0,0,0,0.0,0.0,0.0,0.0,0.0,0.0,0.0,0.0,0,44
2022-23,23,225,551,Zidane Iqbal,MID,Man Utd,14,11,0,2023-02-12T14:00:00Z,0,0,0,0,0,0,0,0,0.0,0.0,0.0,0.0,0.0,0.0,0.0,0.0,0,42
2022-23,23,222,552,Elliot Anderson,MID,Newcastle,15,3,0,2023-02-11T17:30:00Z,6,1,0,0,0,0,0,0,0.4,1.8,8.0,1.0,0.0,0.03,0.03,0.37,0,44
2022-23,23,224,553,Oliver Hammond,MID,Nott'm Forest,16,9,0,2023-02-11T15:00:00Z,0,0,0,0,0,0,0,0,0.0,0.0,0.0,0.0,0.0,0.0,0.0,0.0,0,43
2022-23,23,226,554,Bryan Gil Salvatierra,MID,Spurs,18,10,0,2023-02-11T15:00:00Z,0,0,0,0,0,0,0,0,0.0,0.0,0.0,0.0,0.0,0.0,0.0,0.0,0,50
2022-23,23,222,555,Harrison Ashby,DEF,Newcastle,15,3,0,2023-02-11T17:30:00Z,0,0,0,0,0,0,0,0,0.0,0.0,0.0,0.0,0.0,0.0,0.0,0.0,0,39
2022-23,23,230,556,Conor Coventry,MID,West Ham,19,6,1,2023-02-11T12:30:00Z,0,0,0,0,0,0,0,0,0.0,0.0,0.0,0.0,0.0,0.0,0.0,0.0,0,44
2022-23,23,229,557,Jackson Smith,GK,Wolves,20,17,0,2023-02-11T15:00:00Z,0,0,0,0,0,0,0,0,0.0,0.0,0.0,0.0,0.0,0.0,0.0,0.0,0,39
2022-23,23,229,558,Hugo Bueno López,DEF,Wolves,20,17,0,2023-02-11T15:00:00Z,45,1,0,0,0,0,0,8,7.6,4.9,0.0,1.3,0.0,0.05,0.05,0.41,0,39
2022-23,23,223,559,Levi Colwill,DEF,Brighton,5,7,0,2023-02-11T15:00:00Z,0,0,0,0,0,0,0,0,0.0,0.0,0.0,0.0,0.0,0.0,0.0,0.0,0,44
2022-23,23,227,560,Stanley Mills,MID,Everton,8,12,0,2023-02-13T20:00:00Z,0,0,0,0,0,0,0,0,0.0,0.0,0.0,0.0,0.0,0.0,0.0,0.0,0,44
2022-23,23,227,561,Lewis Warrington,MID,Everton,8,12,0,2023-02-13T20:00:00Z,0,0,0,0,0,0,0,0,0.0,0.0,0.0,0.0,0.0,0.0,0.0,0.0,0,44
2022-23,23,224,562,Manor Solomon,MID,Fulham,9,16,1,2023-02-11T15:00:00Z,18,6,1,0,0,0,0,22,35.8,0.6,17.0,5.3,0.21,0.05,0.27,0.12,0,49
2022-23,23,227,563,Luke Chambers,DEF,Liverpool,12,8,1,2023-02-13T20:00:00Z,0,0,0,0,0,0,0,0,0.0,0.0,0.0,0.0,0.0,0.0,0.0,0.0,0,40
2022-23,23,227,564,Stefan Bajcetic,MID,Liverpool,12,8,1,2023-02-13T20:00:00Z,89,3,0,0,1,0,0,13,17.2,22.6,7.0,4.7,0.02,0.08,0.1,0.28,1,44
2022-23,23,225,565,Archie Gray,MID,Leeds,11,14,1,2023-02-12T14:00:00Z,0,0,0,0,0,0,0,0,0.0,0.0,0.0,0.0,0.0,0.0,0.0,0.0,0,45
2022-23,23,229,566,Joseph Hodge,MID,Wolves,20,17,0,2023-02-11T15:00:00Z,0,0,0,0,0,0,0,0,0.0,0.0,0.0,0.0,0.0,0.0,0.0,0.0,0,44
2022-23,23,229,567,Connor Ronan,MID,Wolves,20,17,0,2023-02-11T15:00:00Z,0,0,0,0,0,0,0,0,0.0,0.0,0.0,0.0,0.0,0.0,0.0,0.0,0,44
2022-23,23,229,568,Chem Campbell,MID,Wolves,20,17,0,2023-02-11T15:00:00Z,0,0,0,0,0,0,0,0,0.0,0.0,0.0,0.0,0.0,0.0,0.0,0.0,0,44
2022-23,23,225,569,Alejandro Garnacho,MID,Man Utd,14,11,0,2023-02-12T14:00:00Z,29,6,1,0,0,0,0,19,34.0,0.8,26.0,6.1,0.21,0.02,0.23,0.58,0,42
2022-23,23,227,570,James Garner,MID,Everton,8,12,0,2023-02-13T20:00:00Z,0,0,0,0,0,0,0,0,0.0,0.0,0.0,0.0,0.0,0.0,0.0,0.0,0,45
2022-23,23,222,571,Darren Randolph,GK,Bournemouth,3,15,1,2023-02-11T17:30:00Z,0,0,0,0,0,0,0,0,0.0,0.0,0.0,0.0,0.0,0.0,0.0,0.0,0,40
2022-23,23,230,572,Armstrong Oko-Flex,MID,West Ham,19,6,1,2023-02-11T12:30:00Z,0,0,0,0,0,0,0,0,0.0,0.0,0.0,0.0,0.0,0.0,0.0,0.0,0,44
2022-23,23,111,573,Rico Lewis,DEF,Man City,13,1,0,2023-02-15T19:30:00Z,0,0,0,0,0,0,0,0,0.0,0.0,0.0,0.0,0.0,0.0,0.0,0.0,0,39
2022-23,23,228,573,Rico Lewis,DEF,Man City,13,2,1,2023-02-12T16:30:00Z,0,0,0,0,0,0,0,0,0.0,0.0,0.0,0.0,0.0,0.0,0.0,0.0,0,39
2022-23,23,222,574,Norberto Murara Neto,GK,Bournemouth,3,15,1,2023-02-11T17:30:00Z,90,4,0,0,0,1,0,19,42.8,0.0,0.0,4.3,0.0,0.0,0.0,1.27,1,45
2022-23,23,230,575,Maxwel Cornet,MID,West Ham,19,6,1,2023-02-11T12:30:00Z,0,0,0,0,0,0,0,0,0.0,0.0,0.0,0.0,0.0,0.0,0.0,0.0,0,59
2022-23,23,222,576,Marcos Senesi,DEF,Bournemouth,3,15,1,2023-02-11T17:30:00Z,52,8,1,0,0,1,1,20,51.0,0.0,33.0,8.4,0.79,0.0,0.79,0.56,1,44
2022-23,23,227,577,Amadou Onana,MID,Everton,8,12,0,2023-02-13T20:00:00Z,77,2,0,0,0,2,0,5,2.2,0.4,0.0,0.3,0.0,0.0,0.0,1.89,1,48
2022-23,23,225,578,Joel Robles,GK,Leeds,11,14,1,2023-02-12T14:00:00Z,0,0,0,0,0,0,0,0,0.0,0.0,0.0,0.0,0.0,0.0,0.0,0.0,0,40
2022-23,23,229,579,Gonçalo Manuel Ganchinho Guedes,MID,Wolves,20,17,0,2023-02-11T15:00:00Z,0,0,0,0,0,0,0,0,0.0,0.0,0.0,0.0,0.0,0.0,0.0,0.0,0,58
2022-23,23,221,580,Mikkel Damsgaard,MID,Brentford,4,1,0,2023-02-11T15:00:00Z,0,0,0,0,0,0,0,0,0.0,0.0,0.0,0.0,0.0,0.0,0.0,0.0,0,51
2022-23,23,226,581,Alex Smithies,GK,Leicester,10,18,1,2023-02-11T15:00:00Z,0,0,0,0,0,0,0,0,0.0,0.0,0.0,0.0,0.0,0.0,0.0,0.0,0,40
2022-23,23,224,582,Remo Freuler,MID,Nott'm Forest,16,9,0,2023-02-11T15:00:00Z,90,2,0,0,0,2,0,9,2.4,1.3,0.0,0.4,0.0,0.01,0.01,1.62,1,49
2022-23,23,224,583,Cheikhou Kouyaté,MID,Nott'm Forest,16,9,0,2023-02-11T15:00:00Z,0,0,0,0,0,0,0,0,0.0,0.0,0.0,0.0,0.0,0.0,0.0,0.0,0,44
2022-23,23,227,584,Bobby Clark,MID,Liverpool,12,8,1,2023-02-13T20:00:00Z,0,0,0,0,0,0,0,0,0.0,0.0,0.0,0.0,0.0,0.0,0.0,0.0,0,45
2022-23,23,224,585,Emmanuel Dennis,FWD,Nott'm Forest,16,9,0,2023-02-11T15:00:00Z,34,1,0,0,0,1,0,3,1.0,1.1,16.0,1.8,0.14,0.01,0.15,0.42,0,57
2022-23,23,223,586,Pervis Estupiñán,DEF,Brighton,5,7,0,2023-02-11T15:00:00Z,90,7,0,1,0,1,2,33,50.0,45.3,7.0,10.2,0.07,0.37,0.44,0.89,1,46
2022-23,23,111,587,Sergio Gómez,DEF,Man City,13,1,0,2023-02-15T19:30:00Z,0,0,0,0,0,0,0,0,0.0,0.0,0.0,0.0,0.0,0.0,0.0,0.0,0,45
2022-23,23,228,587,Sergio Gómez,DEF,Man City,13,2,1,2023-02-12T16:30:00Z,0,0,0,0,0,0,0,0,0.0,0.0,0.0,0.0,0.0,0.0,0.0,0.0,0,45
2022-23,23,230,588,Thilo Kehrer,DEF,West Ham,19,6,1,2023-02-11T12:30:00Z,90,2,0,0,0,1,0,13,15.2,0.8,2.0,1.8,0.0,0.01,0.01,1.15,1,44
2022-23,23,229,589,Matheus Luiz Nunes,MID,Wolves,20,17,0,2023-02-11T15:00:00Z,69,2,0,0,0,1,0,14,16.8,24.3,2.0,4.3,0.0,0.02,0.02,0.79,1,48
2022-23,23,223,590,Joseph Whitworth,GK,Crystal Palace,7,5,1,2023-02-11T15:00:00Z,0,0,0,0,0,0,0,0,0.0,0.0,0.0,0.0,0.0,0.0,0.0,0.0,0,40
2022-23,23,224,591,Terry Ablade,FWD,Fulham,9,16,1,2023-02-11T15:00:00Z,0,0,0,0,0,0,0,0,0.0,0.0,0.0,0.0,0.0,0.0,0.0,0.0,0,45
2022-23,23,227,592,Harvey Davies,GK,Liverpool,12,8,1,2023-02-13T20:00:00Z,0,0,0,0,0,0,0,0,0.0,0.0,0.0,0.0,0.0,0.0,0.0,0.0,0,40
2022-23,23,225,593,Carlos Henrique Casimiro,MID,Man Utd,14,11,0,2023-02-12T14:00:00Z,0,0,0,0,0,0,0,0,0.0,0.0,0.0,0.0,0.0,0.0,0.0,0.0,0,49
2022-23,23,222,594,Alexander Isak,FWD,Newcastle,15,3,0,2023-02-11T17:30:00Z,90,2,0,0,0,1,0,3,10.2,26.9,32.0,6.9,0.08,0.03,0.11,1.83,1,66
2022-23,23,221,595,Mathias Jorgensen,DEF,Brentford,4,1,0,2023-02-11T15:00:00Z,0,0,0,0,0,0,0,0,0.0,0.0,0.0,0.0,0.0,0.0,0.0,0.0,0,40
2022-23,23,223,596,Evan Ferguson,FWD,Brighton,5,7,0,2023-02-11T15:00:00Z,33,1,0,0,0,1,0,2,1.4,0.4,0.0,0.2,0.0,0.0,0.0,0.72,0,46
2022-23,23,222,597,Christian Saydee,FWD,Bournemouth,3,15,1,2023-02-11T17:30:00Z,0,0,0,0,0,0,0,0,0.0,0.0,0.0,0.0,0.0,0.0,0.0,0.0,0,45
2022-23,23,222,598,Owen Bevan,DEF,Bournemouth,3,15,1,2023-02-11T17:30:00Z,0,0,0,0,0,0,0,0,0.0,0.0,0.0,0.0,0.0,0.0,0.0,0.0,0,40
2022-23,23,111,599,Claudio Gomes,MID,Man City,13,1,0,2023-02-15T19:30:00Z,0,0,0,0,0,0,0,0,0.0,0.0,0.0,0.0,0.0,0.0,0.0,0.0,0,45
2022-23,23,228,599,Claudio Gomes,MID,Man City,13,2,1,2023-02-12T16:30:00Z,0,0,0,0,0,0,0,0,0.0,0.0,0.0,0.0,0.0,0.0,0.0,0.0,0,45
2022-23,23,111,600,Ben Knight,MID,Man City,13,1,0,2023-02-15T19:30:00Z,0,0,0,0,0,0,0,0,0.0,0.0,0.0,0.0,0.0,0.0,0.0,0.0,0,45
2022-23,23,228,600,Ben Knight,MID,Man City,13,2,1,2023-02-12T16:30:00Z,0,0,0,0,0,0,0,0,0.0,0.0,0.0,0.0,0.0,0.0,0.0,0.0,0,45
2022-23,23,223,601,Kaden Rodney,MID,Crystal Palace,7,5,1,2023-02-11T15:00:00Z,0,0,0,0,0,0,0,0,0.0,0.0,0.0,0.0,0.0,0.0,0.0,0.0,0,45
2022-23,23,224,602,Renan Augusto Lodi dos Santos,DEF,Nott'm Forest,16,9,0,2023-02-11T15:00:00Z,90,1,0,0,0,2,0,15,14.6,15.3,0.0,3.0,0.0,0.1,0.1,1.62,1,43
2022-23,23,230,603,Lucas Tolentino Coelho de Lima,MID,West Ham,19,6,1,2023-02-11T12:30:00Z,13,1,0,0,0,0,0,3,0.2,0.0,0.0,0.0,0.0,0.0,0.0,0.07,1,59
2022-23,23,223,604,Killian Phillips,MID,Crystal Palace,7,5,1,2023-02-11T15:00:00Z,0,0,0,0,0,0,0,0,0.0,0.0,0.0,0.0,0.0,0.0,0.0,0.0,0,45
2022-23,23,227,605,Reece Welch,DEF,Everton,8,12,0,2023-02-13T20:00:00Z,0,0,0,0,0,0,0,0,0.0,0.0,0.0,0.0,0.0,0.0,0.0,0.0,0,40
2022-23,23,230,606,Harvey Vale,MID,Chelsea,6,19,0,2023-02-11T12:30:00Z,0,0,0,0,0,0,0,0,0.0,0.0,0.0,0.0,0.0,0.0,0.0,0.0,0,45
2022-23,23,111,607,Matthew Smith,MID,Arsenal,1,13,1,2023-02-15T19:30:00Z,0,0,0,0,0,0,0,0,0.0,0.0,0.0,0.0,0.0,0.0,0.0,0.0,0,45
2022-23,23,221,607,Matthew Smith,MID,Arsenal,1,4,1,2023-02-11T15:00:00Z,0,0,0,0,0,0,0,0,0.0,0.0,0.0,0.0,0.0,0.0,0.0,0.0,0,45
2022-23,23,229,608,Sasa Kalajdzic,FWD,Wolves,20,17,0,2023-02-11T15:00:00Z,0,0,0,0,0,0,0,0,0.0,0.0,0.0,0.0,0.0,0.0,0.0,0.0,0,53
2022-23,23,225,609,Antony Matheus dos Santos,MID,Man Utd,14,11,0,2023-02-12T14:00:00Z,0,0,0,0,0,0,0,0,0.0,0.0,0.0,0.0,0.0,0.0,0.0,0.0,0,73
2022-23,23,111,610,Manuel Akanji,DEF,Man City,13,1,0,2023-02-15T19:30:00Z,29,1,0,0,0,0,0,4,4.0,0.0,5.0,0.9,0.26,0.0,0.26,0.29,0,50
2022-23,23,228,610,Manuel Akanji,DEF,Man City,13,2,1,2023-02-12T16:30:00Z,45,1,0,0,0,1,0,9,4.6,0.3,0.0,0.5,0.0,0.01,0.01,0.16,0,50
2022-23,23,227,611,Idrissa Gueye,MID,Everton,8,12,0,2023-02-13T20:00:00Z,90,2,0,0,0,2,0,10,15.6,1.8,1.0,1.8,0.02,0.01,0.03,2.19,1,49
2022-23,23,226,612,Wout Faes,DEF,Leicester,10,18,1,2023-02-11T15:00:00Z,90,1,0,0,0,1,0,12,9.6,0.8,0.0,1.0,0.0,0.0,0.0,1.28,1,42
2022-23,23,224,613,Layvin Kurzawa,DEF,Fulham,9,16,1,2023-02-11T15:00:00Z,0,0,0,0,0,0,0,0,0.0,0.0,0.0,0.0,0.0,0.0,0.0,0.0,0,43
2022-23,23,224,614,Willian Borges da Silva,MID,Fulham,9,16,1,2023-02-11T15:00:00Z,71,9,1,0,1,0,1,31,39.2,33.5,24.0,9.7,0.13,0.09,0.22,0.55,1,55
2022-23,23,225,615,Matej Kovár,GK,Man Utd,14,11,0,2023-02-12T14:00:00Z,0,0,0,0,0,0,0,0,0.0,0.0,0.0,0.0,0.0,0.0,0.0,0.0,0,40
2022-23,23,230,616,Denis Zakaria,MID,Chelsea,6,19,0,2023-02-11T12:30:00Z,0,0,0,0,0,0,0,0,0.0,0.0,0.0,0.0,0.0,0.0,0.0,0.0,0,49
2022-23,23,230,617,Pierre-Emerick Aubameyang,FWD,Chelsea,6,19,0,2023-02-11T12:30:00Z,0,0,0,0,0,0,0,0,0.0,0.0,0.0,0.0,0.0,0.0,0.0,0.0,0,84
2022-23,23,224,618,Carlos Vinícius Alves Morais,FWD,Fulham,9,16,1,2023-02-11T15:00:00Z,6,1,0,0,0,0,0,3,0.2,0.5,0.0,0.1,0.0,0.0,0.0,0.0,0,54
2022-23,23,225,619,Wilfried Gnonto,FWD,Leeds,11,14,1,2023-02-12T14:00:00Z,90,2,0,0,0,2,0,6,10.4,16.3,12.0,3.9,0.1,0.25,0.35,1.12,1,50
2022-23,23,227,620,Arthur Henrique Ramos de Oliveira Melo,MID,Liverpool,12,8,1,2023-02-13T20:00:00Z,0,0,0,0,0,0,0,0,0.0,0.0,0.0,0.0,0.0,0.0,0.0,0.0,0,48
2022-23,23,224,621,Loïc Badé,DEF,Nott'm Forest,16,9,0,2023-02-11T15:00:00Z,0,0,0,0,0,0,0,0,0.0,0.0,0.0,0.0,0.0,0.0,0.0,0.0,0,45
2022-23,23,229,622,Juan Larios López,DEF,Southampton,17,20,1,2023-02-11T15:00:00Z,0,0,0,0,0,0,0,0,0.0,0.0,0.0,0.0,0.0,0.0,0.0,0.0,0,40
2022-23,23,229,623,Duje Caleta-Car,DEF,Southampton,17,20,1,2023-02-11T15:00:00Z,0,0,0,0,0,0,0,0,0.0,0.0,0.0,0.0,0.0,0.0,0.0,0.0,0,45
2022-23,23,229,624,Samuel Edozie,MID,Southampton,17,20,1,2023-02-11T15:00:00Z,10,1,0,0,0,1,0,2,0.2,0.1,0.0,0.0,0.0,0.0,0.0,0.23,0,47
2022-23,23,229,625,Diego Da Silva Costa,FWD,Wolves,20,17,0,2023-02-11T15:00:00Z,31,1,0,0,0,0,0,3,6.2,10.4,9.0,2.6,0.16,0.0,0.17,0.37,0,54
2022-23,23,222,626,Loris Karius,GK,Newcastle,15,3,0,2023-02-11T17:30:00Z,0,0,0,0,0,0,0,0,0.0,0.0,0.0,0.0,0.0,0.0,0.0,0.0,0,39
2022-23,23,227,627,Eldin Jakupovic,GK,Everton,8,12,0,2023-02-13T20:00:00Z,0,0,0,0,0,0,0,0,0.0,0.0,0.0,0.0,0.0,0.0,0.0,0.0,0,40
2022-23,23,224,628,Serge Aurier,DEF,Nott'm Forest,16,9,0,2023-02-11T15:00:00Z,90,0,0,0,0,2,0,9,19.2,15.7,33.0,6.8,0.12,0.02,0.14,1.62,1,46
2022-23,23,229,629,Boubacar Traoré,MID,Wolves,20,17,0,2023-02-11T15:00:00Z,0,0,0,0,0,0,0,0,0.0,0.0,0.0,0.0,0.0,0.0,0.0,0.0,0,43
2022-23,23,111,630,Ethan Nwaneri,MID,Arsenal,1,13,1,2023-02-15T19:30:00Z,0,0,0,0,0,0,0,0,0.0,0.0,0.0,0.0,0.0,0.0,0.0,0.0,0,45
2022-23,23,221,630,Ethan Nwaneri,MID,Arsenal,1,4,1,2023-02-11T15:00:00Z,0,0,0,0,0,0,0,0,0.0,0.0,0.0,0.0,0.0,0.0,0.0,0.0,0,45
2022-23,23,111,631,Lino Sousa,DEF,Arsenal,1,13,1,2023-02-15T19:30:00Z,0,0,0,0,0,0,0,0,0.0,0.0,0.0,0.0,0.0,0.0,0.0,0.0,0,40
2022-23,23,221,631,Lino Sousa,DEF,Arsenal,1,4,1,2023-02-11T15:00:00Z,0,0,0,0,0,0,0,0,0.0,0.0,0.0,0.0,0.0,0.0,0.0,0.0,0,40
2022-23,23,221,632,Ryan Trevitt,MID,Brentford,4,1,0,2023-02-11T15:00:00Z,0,0,0,0,0,0,0,0,0.0,0.0,0.0,0.0,0.0,0.0,0.0,0.0,0,44
2022-23,23,221,633,Matthew Cox,GK,Brentford,4,1,0,2023-02-11T15:00:00Z,0,0,0,0,0,0,0,0,0.0,0.0,0.0,0.0,0.0,0.0,0.0,0.0,0,39
2022-23,23,223,634,John-Kymani Gordon,FWD,Crystal Palace,7,5,1,2023-02-11T15:00:00Z,0,0,0,0,0,0,0,0,0.0,0.0,0.0,0.0,0.0,0.0,0.0,0.0,0,45
2022-23,23,230,635,Marcus Bettinelli,GK,Chelsea,6,19,0,2023-02-11T12:30:00Z,0,0,0,0,0,0,0,0,0.0,0.0,0.0,0.0,0.0,0.0,0.0,0.0,0,40
2022-23,23,224,636,Stefan Parkes,DEF,Fulham,9,16,1,2023-02-11T15:00:00Z,0,0,0,0,0,0,0,0,0.0,0.0,0.0,0.0,0.0,0.0,0.0,0.0,0,40
2022-23,23,227,637,Kyle John,DEF,Everton,8,12,0,2023-02-13T20:00:00Z,0,0,0,0,0,0,0,0,0.0,0.0,0.0,0.0,0.0,0.0,0.0,0.0,0,40
2022-23,23,228,638,Lamare Bogarde,DEF,Aston Villa,2,13,0,2023-02-12T16:30:00Z,0,0,0,0,0,0,0,0,0.0,0.0,0.0,0.0,0.0,0.0,0.0,0.0,0,40
2022-23,23,226,639,Sammy Braybrooke,MID,Leicester,10,18,1,2023-02-11T15:00:00Z,0,0,0,0,0,0,0,0,0.0,0.0,0.0,0.0,0.0,0.0,0.0,0.0,0,45
2022-23,23,223,640,Ed Turns,DEF,Brighton,5,7,0,2023-02-11T15:00:00Z,0,0,0,0,0,0,0,0,0.0,0.0,0.0,0.0,0.0,0.0,0.0,0.0,0,40
2022-23,23,224,641,Martial Godo,MID,Fulham,9,16,1,2023-02-11T15:00:00Z,0,0,0,0,0,0,0,0,0.0,0.0,0.0,0.0,0.0,0.0,0.0,0.0,0,45
2022-23,23,223,642,Kofi Balmer,DEF,Crystal Palace,7,5,1,2023-02-11T15:00:00Z,0,0,0,0,0,0,0,0,0.0,0.0,0.0,0.0,0.0,0.0,0.0,0.0,0,40
2022-23,23,225,643,Kobbie Mainoo,MID,Man Utd,14,11,0,2023-02-12T14:00:00Z,0,0,0,0,0,0,0,0,0.0,0.0,0.0,0.0,0.0,0.0,0.0,0.0,0,45
2022-23,23,223,644,Owen Goodman,GK,Crystal Palace,7,5,1,2023-02-11T15:00:00Z,0,0,0,0,0,0,0,0,0.0,0.0,0.0,0.0,0.0,0.0,0.0,0.0,0,40
2022-23,23,226,645,Joe Wormleighton,DEF,Leicester,10,18,1,2023-02-11T15:00:00Z,0,0,0,0,0,0,0,0,0.0,0.0,0.0,0.0,0.0,0.0,0.0,0.0,0,40
2022-23,23,221,646,Tristan Crama,DEF,Brentford,4,1,0,2023-02-11T15:00:00Z,0,0,0,0,0,0,0,0,0.0,0.0,0.0,0.0,0.0,0.0,0.0,0.0,0,40
2022-23,23,229,647,Lewis Payne,MID,Southampton,17,20,1,2023-02-11T15:00:00Z,0,0,0,0,0,0,0,0,0.0,0.0,0.0,0.0,0.0,0.0,0.0,0.0,0,45
2022-23,23,229,648,Ryan Finnigan,MID,Southampton,17,20,1,2023-02-11T15:00:00Z,0,0,0,0,0,0,0,0,0.0,0.0,0.0,0.0,0.0,0.0,0.0,0.0,0,45
2022-23,23,222,649,Cameron Plain,GK,Bournemouth,3,15,1,2023-02-11T17:30:00Z,0,0,0,0,0,0,0,0,0.0,0.0,0.0,0.0,0.0,0.0,0.0,0.0,0,40
2022-23,23,221,650,Yegor Yarmolyuk,MID,Brentford,4,1,0,2023-02-11T15:00:00Z,0,0,0,0,0,0,0,0,0.0,0.0,0.0,0.0,0.0,0.0,0.0,0.0,0,45
2022-23,23,223,651,Andrew Moran,MID,Brighton,5,7,0,2023-02-11T15:00:00Z,0,0,0,0,0,0,0,0,0.0,0.0,0.0,0.0,0.0,0.0,0.0,0.0,0,45
2022-23,23,223,652,James Furlong,DEF,Brighton,5,7,0,2023-02-11T15:00:00Z,0,0,0,0,0,0,0,0,0.0,0.0,0.0,0.0,0.0,0.0,0.0,0.0,0,40
2022-23,23,230,653,Omari Hutchinson,MID,Chelsea,6,19,0,2023-02-11T12:30:00Z,0,0,0,0,0,0,0,0,0.0,0.0,0.0,0.0,0.0,0.0,0.0,0.0,0,43
2022-23,23,223,654,Jack Wells-Morrison,MID,Crystal Palace,7,5,1,2023-02-11T15:00:00Z,0,0,0,0,0,0,0,0,0.0,0.0,0.0,0.0,0.0,0.0,0.0,0.0,0,45
2022-23,23,111,655,Karl Hein,GK,Arsenal,1,13,1,2023-02-15T19:30:00Z,0,0,0,0,0,0,0,0,0.0,0.0,0.0,0.0,0.0,0.0,0.0,0.0,0,40
2022-23,23,221,655,Karl Hein,GK,Arsenal,1,4,1,2023-02-11T15:00:00Z,0,0,0,0,0,0,0,0,0.0,0.0,0.0,0.0,0.0,0.0,0.0,0.0,0,40
2022-23,23,225,656,Nathan Bishop,GK,Man Utd,14,11,0,2023-02-12T14:00:00Z,0,0,0,0,0,0,0,0,0.0,0.0,0.0,0.0,0.0,0.0,0.0,0.0,0,40
2022-23,23,229,657,Nathan Fraser,FWD,Wolves,20,17,0,2023-02-11T15:00:00Z,0,0,0,0,0,0,0,0,0.0,0.0,0.0,0.0,0.0,0.0,0.0,0.0,0,45
2022-23,23,229,658,Harvey Griffiths,MID,Wolves,20,17,0,2023-02-11T15:00:00Z,0,0,0,0,0,0,0,0,0.0,0.0,0.0,0.0,0.0,0.0,0.0,0.0,0,44
2022-23,23,225,659,Mateo Joseph Fernández,FWD,Leeds,11,14,1,2023-02-12T14:00:00Z,0,0,0,0,0,0,0,0,0.0,0.0,0.0,0.0,0.0,0.0,0.0,0.0,0,45
2022-23,23,225,660,Shola Shoretire,FWD,Man Utd,14,11,0,2023-02-12T14:00:00Z,0,0,0,0,0,0,0,0,0.0,0.0,0.0,0.0,0.0,0.0,0.0,0.0,0,45
2022-23,23,230,661,Lewis Hall,MID,Chelsea,6,19,0,2023-02-11T12:30:00Z,0,0,0,0,0,0,0,0,0.0,0.0,0.0,0.0,0.0,0.0,0.0,0.0,0,44
2022-23,23,227,662,Thomas Cannon,FWD,Everton,8,12,0,2023-02-13T20:00:00Z,0,0,0,0,0,0,0,0,0.0,0.0,0.0,0.0,0.0,0.0,0.0,0.0,0,45
2022-23,23,225,663,Sonny Perkins,FWD,Leeds,11,14,1,2023-02-12T14:00:00Z,0,0,0,0,0,0,0,0,0.0,0.0,0.0,0.0,0.0,0.0,0.0,0.0,0,45
2022-23,23,229,664,Dexter Lembikisa,DEF,Wolves,20,17,0,2023-02-11T15:00:00Z,0,0,0,0,0,0,0,0,0.0,0.0,0.0,0.0,0.0,0.0,0.0,0.0,0,40
2022-23,23,227,665,Ben Doak,MID,Liverpool,12,8,1,2023-02-13T20:00:00Z,0,0,0,0,0,0,0,0,0.0,0.0,0.0,0.0,0.0,0.0,0.0,0.0,0,45
2022-23,23,224,666,Dale Taylor,FWD,Nott'm Forest,16,9,0,2023-02-11T15:00:00Z,0,0,0,0,0,0,0,0,0.0,0.0,0.0,0.0,0.0,0.0,0.0,0.0,0,45
2022-23,23,224,667,Kristian Sekularac,MID,Fulham,9,16,1,2023-02-11T15:00:00Z,0,0,0,0,0,0,0,0,0.0,0.0,0.0,0.0,0.0,0.0,0.0,0.0,0,45
2022-23,23,111,668,Amario Cozier-Duberry,MID,Arsenal,1,13,1,2023-02-15T19:30:00Z,0,0,0,0,0,0,0,0,0.0,0.0,0.0,0.0,0.0,0.0,0.0,0.0,0,45
2022-23,23,221,668,Amario Cozier-Duberry,MID,Arsenal,1,4,1,2023-02-11T15:00:00Z,0,0,0,0,0,0,0,0,0.0,0.0,0.0,0.0,0.0,0.0,0.0,0.0,0,45
2022-23,23,230,669,Divin Mubama,FWD,West Ham,19,6,1,2023-02-11T12:30:00Z,0,0,0,0,0,0,0,0,0.0,0.0,0.0,0.0,0.0,0.0,0.0,0.0,0,45
2022-23,23,228,670,Filip Marschall,GK,Aston Villa,2,13,0,2023-02-12T16:30:00Z,0,0,0,0,0,0,0,0,0.0,0.0,0.0,0.0,0.0,0.0,0.0,0.0,0,40
2022-23,23,229,671,Jimmy Morgan,FWD,Southampton,17,20,1,2023-02-11T15:00:00Z,0,0,0,0,0,0,0,0,0.0,0.0,0.0,0.0,0.0,0.0,0.0,0.0,0,45
2022-23,23,228,672,Kadan Young,MID,Aston Villa,2,13,0,2023-02-12T16:30:00Z,0,0,0,0,0,0,0,0,0.0,0.0,0.0,0.0,0.0,0.0,0.0,0.0,0,45
2022-23,23,230,673,Bashir Humphreys,DEF,Chelsea,6,19,0,2023-02-11T12:30:00Z,0,0,0,0,0,0,0,0,0.0,0.0,0.0,0.0,0.0,0.0,0.0,0.0,0,45
2022-23,23,225,674,Rhys Bennett,DEF,Man Utd,14,11,0,2023-02-12T14:00:00Z,0,0,0,0,0,0,0,0,0.0,0.0,0.0,0.0,0.0,0.0,0.0,0.0,0,40
2022-23,23,224,675,Jordan Smith,GK,Nott'm Forest,16,9,0,2023-02-11T15:00:00Z,0,0,0,0,0,0,0,0,0.0,0.0,0.0,0.0,0.0,0.0,0.0,0.0,0,40
2022-23,23,223,676,David Ozoh,MID,Crystal Palace,7,5,1,2023-02-11T15:00:00Z,0,0,0,0,0,0,0,0,0.0,0.0,0.0,0.0,0.0,0.0,0.0,0.0,0,45
2022-23,23,223,677,Jack Hinshelwood,MID,Brighton,5,7,0,2023-02-11T15:00:00Z,0,0,0,0,0,0,0,0,0.0,0.0,0.0,0.0,0.0,0.0,0.0,0.0,0,45
2022-23,23,227,678,Isaac Price,MID,Everton,8,12,0,2023-02-13T20:00:00Z,0,0,0,0,0,0,0,0,0.0,0.0,0.0,0.0,0.0,0.0,0.0,0.0,0,45
2022-23,23,223,679,Facundo Buonanotte,MID,Brighton,5,7,0,2023-02-11T15:00:00Z,0,0,0,0,0,0,0,0,0.0,0.0,0.0,0.0,0.0,0.0,0.0,0.0,0,45
2022-23,23,227,680,Cody Gakpo,MID,Liverpool,12,8,1,2023-02-13T20:00:00Z,79,8,1,0,1,0,0,23,39.0,21.2,37.0,9.7,0.91,0.03,0.94,0.2,1,77
2022-23,23,224,681,Gustavo Henrique Furtado Scarpa,MID,Nott'm Forest,16,9,0,2023-02-11T15:00:00Z,55,1,0,0,0,1,0,-1,0.0,0.4,3.0,0.3,0.07,0.0,0.08,1.2,1,50
2022-23,23,229,682,Matheus Santos Carneiro Da Cunha,FWD,Wolves,20,17,0,2023-02-11T15:00:00Z,58,1,0,0,0,1,0,-3,0.0,0.6,4.0,0.1,0.06,0.01,0.06,0.77,1,55
2022-23,23,222,683,Garang Kuol,MID,Newcastle,15,3,0,2023-02-11T17:30:00Z,0,0,0,0,0,0,0,0,0.0,0.0,0.0,0.0,0.0,0.0,0.0,0.0,0,45
2022-23,23,230,684,David Datro Fofana,FWD,Chelsea,6,19,0,2023-02-11T12:30:00Z,0,0,0,0,0,0,0,0,0.0,0.0,0.0,0.0,0.0,0.0,0.0,0.0,0,50
2022-23,23,111,685,Nathan Butler-Oyedeji,FWD,Arsenal,1,13,1,2023-02-15T19:30:00Z,0,0,0,0,0,0,0,0,0.0,0.0,0.0,0.0,0.0,0.0,0.0,0.0,0,45
2022-23,23,221,685,Nathan Butler-Oyedeji,FWD,Arsenal,1,4,1,2023-02-11T15:00:00Z,0,0,0,0,0,0,0,0,0.0,0.0,0.0,0.0,0.0,0.0,0.0,0.0,0,45
2022-23,23,227,686,Ellis Simms,FWD,Everton,8,12,0,2023-02-13T20:00:00Z,60,2,0,0,0,2,0,5,1.0,15.5,9.0,2.6,0.04,0.12,0.16,1.75,1,45
2022-23,23,226,687,Kasey McAteer,MID,Leicester,10,18,1,2023-02-11T15:00:00Z,0,0,0,0,0,0,0,0,0.0,0.0,0.0,0.0,0.0,0.0,0.0,0.0,0,45
2022-23,23,221,688,Kevin Schade,MID,Brentford,4,1,0,2023-02-11T15:00:00Z,1,0,0,0,0,0,0,-1,0.0,0.0,0.0,0.0,0.0,0.0,0.0,0.0,0,50
2022-23,23,230,689,Benoît Badiashile,DEF,Chelsea,6,19,0,2023-02-11T12:30:00Z,90,1,0,0,0,1,0,11,11.0,1.8,9.0,2.2,0.2,0.04,0.24,1.29,1,50
2022-23,23,230,690,João Félix Sequeira,FWD,Chelsea,6,19,0,2023-02-11T12:30:00Z,90,9,1,0,0,1,3,35,50.6,35.8,33.0,11.9,0.64,0.32,0.96,1.29,1,75
2022-23,23,225,691,Maximilian Wöber,DEF,Leeds,11,14,1,2023-02-12T14:00:00Z,90,1,0,0,0,2,0,13,8.6,14.6,9.0,3.2,0.19,0.06,0.25,1.12,1,45
2022-23,23,229,692,Mislav Orsic,MID,Southampton,17,20,1,2023-02-11T15:00:00Z,0,0,0,0,0,0,0,0,0.0,0.0,0.0,0.0,0.0,0.0,0.0,0.0,0,54
2022-23,23,229,693,Carlos Alcaraz,MID,Southampton,17,20,1,2023-02-11T15:00:00Z,78,10,1,0,0,1,3,24,41.2,1.9,26.0,6.9,0.19,0.03,0.22,0.55,1,50
2022-23,23,228,694,Alexandre Moreno Lopera,DEF,Aston Villa,2,13,0,2023-02-12T16:30:00Z,30,1,0,0,0,0,0,8,7.4,10.9,2.0,2.0,0.0,0.0,0.0,0.65,0,45
2022-23,23,222,695,Daniel Adu-Adjei,FWD,Bournemouth,3,15,1,2023-02-11T17:30:00Z,0,0,0,0,0,0,0,0,0.0,0.0,0.0,0.0,0.0,0.0,0.0,0.0,0,45
2022-23,23,222,696,Michael Dacosta Gonzalez,MID,Bournemouth,3,15,1,2023-02-11T17:30:00Z,0,0,0,0,0,0,0,0,0.0,0.0,0.0,0.0,0.0,0.0,0.0,0.0,0,44
2022-23,23,222,697,Dominic Sadi,FWD,Bournemouth,3,15,1,2023-02-11T17:30:00Z,0,0,0,0,0,0,0,0,0.0,0.0,0.0,0.0,0.0,0.0,0.0,0.0,0,45
2022-23,23,229,698,Mario Lemina,MID,Wolves,20,17,0,2023-02-11T15:00:00Z,26,-2,0,0,0,1,0,-3,0.4,0.7,0.0,0.1,0.0,0.0,0.0,1.88,1,45
2022-23,23,230,699,Mykhailo Mudryk,MID,Chelsea,6,19,0,2023-02-11T12:30:00Z,66,2,0,0,0,1,0,10,4.6,1.9,6.0,1.3,0.0,0.04,0.04,1.16,1,70
2022-23,23,225,700,Georginio Rutter,FWD,Leeds,11,14,1,2023-02-12T14:00:00Z,32,1,0,0,0,2,0,-2,1.6,10.6,2.0,1.4,0.0,0.1,0.1,0.67,0,55
2022-23,23,225,701,Wout Weghorst,FWD,Man Utd,14,11,0,2023-02-12T14:00:00Z,90,5,0,1,1,0,0,20,28.6,22.9,2.0,5.4,0.0,0.02,0.02,1.83,1,60
2022-23,23,230,702,Andrey Nascimento dos Santos,MID,Chelsea,6,19,0,2023-02-11T12:30:00Z,0,0,0,0,0,0,0,0,0.0,0.0,0.0,0.0,0.0,0.0,0.0,0.0,0,45
2022-23,23,224,703,Danilo dos Santos de Oliveira,MID,Nott'm Forest,16,9,0,2023-02-11T15:00:00Z,0,0,0,0,0,0,0,0,0.0,0.0,0.0,0.0,0.0,0.0,0.0,0.0,0,45
2022-23,23,229,704,Pablo Sarabia,MID,Wolves,20,17,0,2023-02-11T15:00:00Z,90,2,0,0,0,1,0,8,5.2,15.9,7.0,2.8,0.03,0.01,0.04,1.14,1,55
2022-23,23,222,705,Dango Ouattara,MID,Bournemouth,3,15,1,2023-02-11T17:30:00Z,78,7,0,1,0,1,2,29,32.4,39.3,4.0,7.6,0.1,0.24,0.34,1.16,1,50
2022-23,23,222,706,Euan Pollock,FWD,Bournemouth,3,15,1,2023-02-11T17:30:00Z,0,0,0,0,0,0,0,0,0.0,0.0,0.0,0.0,0.0,0.0,0.0,0.0,0,45
2022-23,23,228,707,Viljami Sinisalo,GK,Aston Villa,2,13,0,2023-02-12T16:30:00Z,0,0,0,0,0,0,0,0,0.0,0.0,0.0,0.0,0.0,0.0,0.0,0.0,0,40
2022-23,23,230,708,Noni Madueke,MID,Chelsea,6,19,0,2023-02-11T12:30:00Z,67,2,0,0,0,1,0,6,13.4,3.3,25.0,4.2,0.09,0.09,0.18,1.16,1,55
2022-23,23,226,709,Victor Kristiansen,DEF,Leicester,10,18,1,2023-02-11T15:00:00Z,90,2,0,0,0,1,0,15,22.8,21.8,7.0,5.2,0.07,0.31,0.38,1.28,1,45
2022-23,23,111,710,Jakub Kiwior,DEF,Arsenal,1,13,1,2023-02-15T19:30:00Z,0,0,0,0,0,0,0,0,0.0,0.0,0.0,0.0,0.0,0.0,0.0,0.0,0,40
2022-23,23,221,710,Jakub Kiwior,DEF,Arsenal,1,4,1,2023-02-11T15:00:00Z,0,0,0,0,0,0,0,0,0.0,0.0,0.0,0.0,0.0,0.0,0.0,0.0,0,40
2022-23,23,228,711,Jhon Durán,FWD,Aston Villa,2,13,0,2023-02-12T16:30:00Z,30,1,0,0,0,0,0,1,1.2,0.8,6.0,0.8,0.07,0.0,0.07,0.65,0,55
2022-23,23,111,712,Máximo Perrone,MID,Man City,13,1,0,2023-02-15T19:30:00Z,0,0,0,0,0,0,0,0,0.0,0.0,0.0,0.0,0.0,0.0,0.0,0.0,0,45
2022-23,23,228,712,Máximo Perrone,MID,Man City,13,2,1,2023-02-12T16:30:00Z,0,0,0,0,0,0,0,0,0.0,0.0,0.0,0.0,0.0,0.0,0.0,0.0,0,45
2022-23,23,226,713,Arnaut Danjuma,MID,Spurs,18,10,0,2023-02-11T15:00:00Z,11,1,0,0,0,1,0,6,6.0,14.8,0.0,2.1,0.0,0.02,0.02,0.13,0,65
2022-23,23,222,714,Antoine Semenyo,FWD,Bournemouth,3,15,1,2023-02-11T17:30:00Z,11,1,0,0,0,0,0,3,1.0,0.0,0.0,0.1,0.0,0.0,0.0,0.1,0,50
2022-23,23,226,715,Mateus Cardoso Lemos Martins,MID,Leicester,10,18,1,2023-02-11T15:00:00Z,76,2,0,0,0,1,0,5,0.0,1.7,5.0,0.5,0.13,0.0,0.14,1.17,1,55
2022-23,23,229,716,James Bree,DEF,Southampton,17,20,1,2023-02-11T15:00:00Z,79,2,0,0,0,1,0,10,12.0,17.4,0.0,2.9,0.0,0.07,0.07,0.55,1,45
2022-23,23,229,717,Daniel Bentley,GK,Wolves,20,17,0,2023-02-11T15:00:00Z,0,0,0,0,0,0,0,0,0.0,0.0,0.0,0.0,0.0,0.0,0.0,0.0,0,40
2022-23,23,222,718,Matías Viña,DEF,Bournemouth,3,15,1,2023-02-11T17:30:00Z,0,0,0,0,0,0,0,0,0.0,0.0,0.0,0.0,0.0,0.0,0.0,0.0,0,45
2022-23,23,223,719,Yasin Ayari,MID,Brighton,5,7,0,2023-02-11T15:00:00Z,0,0,0,0,0,0,0,0,0.0,0.0,0.0,0.0,0.0,0.0,0.0,0.0,0,45
2022-23,23,225,720,Weston McKennie,MID,Leeds,11,14,1,2023-02-12T14:00:00Z,85,1,0,0,0,2,0,3,5.8,14.5,7.0,2.7,0.17,0.01,0.18,0.81,1,50
2022-23,23,229,721,João Victor Gomes da Silva,MID,Wolves,20,17,0,2023-02-11T15:00:00Z,20,8,1,0,0,0,2,23,36.6,0.4,19.0,5.6,0.23,0.0,0.24,0.36,0,45
2022-23,23,222,722,Illia Zabarnyi,DEF,Bournemouth,3,15,1,2023-02-11T17:30:00Z,0,0,0,0,0,0,0,0,0.0,0.0,0.0,0.0,0.0,0.0,0.0,0.0,0,45
2022-23,23,222,723,Hamed Traorè,MID,Bournemouth,3,15,1,2023-02-11T17:30:00Z,90,2,0,0,0,1,0,12,13.8,54.5,5.0,7.3,0.04,0.35,0.38,1.27,1,45
2022-23,23,230,724,Enzo Fernández,MID,Chelsea,6,19,0,2023-02-11T12:30:00Z,90,6,0,1,0,1,1,21,34.0,19.6,4.0,5.8,0.08,0.38,0.46,1.29,1,50
2022-23,23,223,725,Naouirou Ahamada,MID,Crystal Palace,7,5,1,2023-02-11T15:00:00Z,6,1,0,0,0,0,0,3,1.4,0.1,0.0,0.2,0.0,0.0,0.0,0.21,0,45
2022-23,23,224,726,Sasa Lukic,MID,Fulham,9,16,1,2023-02-11T15:00:00Z,1,1,0,0,0,0,0,3,0.0,1.8,4.0,0.6,0.0,0.03,0.03,0.0,0,45
2022-23,23,226,727,Harry Souttar,DEF,Leicester,10,18,1,2023-02-11T15:00:00Z,90,4,0,1,0,1,0,24,34.2,11.3,0.0,4.6,0.0,0.01,0.01,1.28,1,45
2022-23,23,225,728,Marcel Sabitzer,MID,Man Utd,14,11,0,2023-02-12T14:00:00Z,90,3,0,0,1,0,0,15,16.0,3.5,0.0,2.0,0.0,0.03,0.03,1.83,1,50
2022-23,23,224,729,Keylor Navas,GK,Nott'm Forest,16,9,0,2023-02-11T15:00:00Z,90,1,0,0,0,2,0,10,13.0,0.0,0.0,1.3,0.0,0.0,0.0,1.62,1,45
2022-23,23,224,730,Felipe Augusto de Almeida Monteiro,DEF,Nott'm Forest,16,9,0,2023-02-11T15:00:00Z,83,1,0,0,0,2,0,16,19.2,0.3,4.0,2.4,0.06,0.0,0.06,1.62,0,45
2022-23,23,229,731,Kamaldeen Sulemana,MID,Southampton,17,20,1,2023-02-11T15:00:00Z,90,2,0,0,0,2,0,7,1.8,14.3,23.0,3.9,0.23,0.16,0.39,0.78,1,50
2022-23,23,229,732,Paul Onuachu,FWD,Southampton,17,20,1,2023-02-11T15:00:00Z,73,2,0,0,0,1,0,3,0.0,1.9,16.0,1.6,0.0,0.02,0.02,0.55,1,55
2022-23,23,226,733,Pedro Porro,DEF,Spurs,18,10,0,2023-02-11T15:00:00Z,75,1,0,0,0,3,0,7,8.0,4.8,0.0,1.3,0.0,0.02,0.02,1.41,1,50
2022-23,23,224,734,André Ayew,MID,Nott'm Forest,16,9,0,2023-02-11T15:00:00Z,27,1,0,0,0,1,0,3,2.2,0.1,0.0,0.2,0.0,0.0,0.0,0.38,0,50
2022-23,23,226,735,Wanya Marçal-Madivadua,MID,Leicester,10,18,1,2023-02-11T15:00:00Z,0,0,0,0,0,0,0,0,0.0,0.0,0.0,0.0,0.0,0.0,0.0,0.0,0,45
2022-23,23,223,736,Odeluga Offiah,DEF,Brighton,5,7,0,2023-02-11T15:00:00Z,0,0,0,0,0,0,0,0,0.0,0.0,0.0,0.0,0.0,0.0,0.0,0.0,0,40
2022-23,23,222,737,Ben Greenwood,DEF,Bournemouth,3,15,1,2023-02-11T17:30:00Z,0,0,0,0,0,0,0,0,0.0,0.0,0.0,0.0,0.0,0.0,0.0,0.0,0,40
2022-23,23,222,738,Max Kinsey-Wellings,DEF,Bournemouth,3,15,1,2023-02-11T17:30:00Z,0,0,0,0,0,0,0,0,0.0,0.0,0.0,0.0,0.0,0.0,0.0,0.0,0,40
2022-23,23,230,739,Joseph Anang,GK,West Ham,19,6,1,2023-02-11T12:30:00Z,0,0,0,0,0,0,0,0,0.0,0.0,0.0,0.0,0.0,0.0,0.0,0.0,0,40
2022-23,23,230,740,Krisztián Hegyi,GK,West Ham,19,6,1,2023-02-11T12:30:00Z,0,0,0,0,0,0,0,0,0.0,0.0,0.0,0.0,0.0,0.0,0.0,0.0,0,40
2022-23,23,222,741,Lewis Miley,MID,Newcastle,15,3,0,2023-02-11T17:30:00Z,0,0,0,0,0,0,0,0,0.0,0.0,0.0,0.0,0.0,0.0,0.0,0.0,0,45
2022-23,23,225,742,Jeremiah Chilokoa-Mullen,DEF,Leeds,11,14,1,2023-02-12T14:00:00Z,0,0,0,0,0,0,0,0,0.0,0.0,0.0,0.0,0.0,0.0,0.0,0.0,0,40
2022-23,23,225,743,Diogo Pinheiro Monteiro,DEF,Leeds,11,14,1,2023-02-12T14:00:00Z,0,0,0,0,0,0,0,0,0.0,0.0,0.0,0.0,0.0,0.0,0.0,0.0,0,40
2022-23,23,228,744,Sil Swinkels,DEF,Aston Villa,2,13,0,2023-02-12T16:30:00Z,0,0,0,0,0,0,0,0,0.0,0.0,0.0,0.0,0.0,0.0,0.0,0.0,0,40
2022-23,23,228,745,Oliwier Zych,GK,Aston Villa,2,13,0,2023-02-12T16:30:00Z,0,0,0,0,0,0,0,0,0.0,0.0,0.0,0.0,0.0,0.0,0.0,0.0,0,40
