season,gw,fixture,element,name,position,team,team_id,opponent_team,was_home,kickoff_time,minutes,total_points,goals_scored,assists,clean_sheets,goals_conceded,bonus,bps,influence,creativity,threat,ict_index,expected_goals,expected_assists,expected_goal_involvements,expected_goals_conceded,starts,value
2022-23,36,360,1,Cédric Alves Soares,DEF,Fulham,9,17,0,2023-05-13T14:00:00Z,0,0,0,0,0,0,0,0,0.0,0.0,0.0,0.0,0.0,0.0,0.0,0.0,0,42
2022-23,36,360,2,Bernd Leno,GK,Fulham,9,17,0,2023-05-13T14:00:00Z,90,8,0,0,1,0,2,29,12.4,0.0,0.0,1.2,0.0,0.0,0.0,0.25,1,46
2022-23,36,351,3,Granit Xhaka,MID,Arsenal,1,5,1,2023-05-14T15:30:00Z,59,1,0,0,0,1,0,2,3.6,21.9,4.0,3.0,0.1,0.02,0.12,0.96,1,48
2022-23,36,351,4,Mohamed Elneny,MID,Arsenal,1,5,1,2023-05-14T15:30:00Z,0,0,0,0,0,0,0,0,0.0,0.0,0.0,0.0,0.0,0.0,0.0,0.0,0,41
2022-23,36,351,5,Rob Holding,DEF,Arsenal,1,5,1,2023-05-14T15:30:00Z,0,0,0,0,0,0,0,0,0.0,0.0,0.0,0.0,0.0,0.0,0.0,0.0,0,42
2022-23,36,351,6,Thomas Partey,MID,Arsenal,1,5,1,2023-05-14T15:30:00Z,30,0,0,0,0,2,0,3,5.2,21.3,2.0,2.9,0.0,0.06,0.06,0.82,0,47
2022-23,36,351,7,Martin Ødegaard,MID,Arsenal,1,5,1,2023-05-14T15:30:00Z,76,2,0,0,0,1,0,5,0.4,21.8,9.0,3.1,0.06,0.07,0.13,1.08,1,67
2022-23,36,351,8,Kieran Tierney,DEF,Arsenal,1,5,1,2023-05-14T15:30:00Z,90,1,0,0,0,3,0,8,10.8,0.8,2.0,1.4,0.0,0.0,0.0,1.78,1,46
2022-23,36,351,9,Nicolas Pépé,MID,Arsenal,1,5,1,2023-05-14T15:30:00Z,0,0,0,0,0,0,0,0,0.0,0.0,0.0,0.0,0.0,0.0,0.0,0.0,0,53
2022-23,36,351,10,Benjamin White,DEF,Arsenal,1,5,1,2023-05-14T15:30:00Z,90,1,0,0,0,3,0,10,14.8,2.6,0.0,1.7,0.0,0.01,0.01,1.78,1,50
2022-23,36,351,11,Eddie Nketiah,FWD,Arsenal,1,5,1,2023-05-14T15:30:00Z,13,1,0,0,0,2,0,3,2.4,10.4,4.0,1.7,0.0,0.0,0.0,0.7,0,63
2022-23,36,351,12,Emile Smith Rowe,MID,Arsenal,1,5,1,2023-05-14T15:30:00Z,13,1,0,0,0,2,0,2,0.4,0.6,0.0,0.1,0.0,0.04,0.04,0.7,0,56
2022-23,36,351,13,Bukayo Saka,MID,Arsenal,1,5,1,2023-05-14T15:30:00Z,90,2,0,0,0,3,0,7,13.6,13.0,16.0,4.3,0.1,0.03,0.13,1.78,1,81
2022-23,36,351,14,Takehiro Tomiyasu,DEF,Arsenal,1,5,1,2023-05-14T15:30:00Z,0,0,0,0,0,0,0,0,0.0,0.0,0.0,0.0,0.0,0.0,0.0,0.0,0,42
2022-23,36,351,15,Aaron Ramsdale,GK,Arsenal,1,5,1,2023-05-14T15:30:00Z,90,2,0,0,0,3,0,14,19.8,0.0,0.0,2.0,0.0,0.0,0.0,1.78,1,48
2022-23,36,351,16,Gabriel dos Santos Magalhães,DEF,Arsenal,1,5,1,2023-05-14T15:30:00Z,90,1,0,0,0,3,0,3,2.4,0.5,11.0,1.4,0.26,0.0,0.26,1.78,1,52
2022-23,36,351,17,Nuno Varela Tavares,DEF,Arsenal,1,5,1,2023-05-14T15:30:00Z,0,0,0,0,0,0,0,0,0.0,0.0,0.0,0.0,0.0,0.0,0.0,0.0,0,45
2022-23,36,355,18,Albert Sambi Lokonga,MID,Crystal Palace,7,3,1,2023-05-13T14:00:00Z,0,0,0,0,0,0,0,0,0.0,0.0,0.0,0.0,0.0,0.0,0.0,0.0,0,43
2022-23,36,351,19,Gabriel Martinelli Silva,MID,Arsenal,1,5,1,2023-05-14T15:30:00Z,19,1,0,0,0,0,0,3,0.0,0.3,0.0,0.0,0.0,0.0,0.0,0.04,1,67
2022-23,36,351,20,Pablo Marí Villar,DEF,Arsenal,1,5,1,2023-05-14T15:30:00Z,0,0,0,0,0,0,0,0,0.0,0.0,0.0,0.0,0.0,0.0,0.0,0.0,0,45
2022-23,36,360,21,Ainsley Maitland-Niles,MID,Southampton,17,9,1,2023-05-13T14:00:00Z,81,2,0,0,0,2,0,9,11.2,1.4,0.0,1.3,0.0,0.01,0.01,1.44,1,48
2022-23,36,351,22,Lucas Torreira di Pascua,MID,Arsenal,1,5,1,2023-05-14T15:30:00Z,0,0,0,0,0,0,0,0,0.0,0.0,0.0,0.0,0.0,0.0,0.0,0.0,0,45
2022-23,36,351,23,Reiss Nelson,MID,Arsenal,1,5,1,2023-05-14T15:30:00Z,30,1,0,0,0,2,0,-1,0.0,0.6,14.0,1.4,0.1,0.0,0.1,0.82,0,47
2022-23,36,351,24,Matt Turner,GK,Arsenal,1,5,1,2023-05-14T15:30:00Z,0,0,0,0,0,0,0,0,0.0,0.0,0.0,0.0,0.0,0.0,0.0,0.0,0,38
2022-23,36,351,25,Fábio Ferreira Vieira,MID,Arsenal,1,5,1,2023-05-14T15:30:00Z,0,0,0,0,0,0,0,0,0.0,0.0,0.0,0.0,0.0,0.0,0.0,0.0,0,56
2022-23,36,351,26,William Saliba,DEF,Arsenal,1,5,1,2023-05-14T15:30:00Z,0,0,0,0,0,0,0,0,0.0,0.0,0.0,0.0,0.0,0.0,0.0,0.0,0,49
2022-23,36,351,27,Marcus Oliveira Alencar,MID,Arsenal,1,5,1,2023-05-14T15:30:00Z,0,0,0,0,0,0,0,0,0.0,0.0,0.0,0.0,0.0,0.0,0.0,0.0,0,46
2022-23,36,351,28,Gabriel Fernando de Jesus,FWD,Arsenal,1,5,1,2023-05-14T15:30:00Z,76,2,0,0,0,1,0,5,10.6,21.3,25.0,5.7,0.06,0.05,0.11,1.08,1,81
2022-23,36,352,29,Philippe Coutinho Correia,MID,Aston Villa,2,18,1,2023-05-13T14:00:00Z,0,0,0,0,0,0,0,0,0.0,0.0,0.0,0.0,0.0,0.0,0.0,0.0,0,66
2022-23,36,353,30,Danny Ings,FWD,West Ham,19,4,0,2023-05-14T13:00:00Z,82,2,0,0,0,2,0,11,9.4,1.2,19.0,3.0,0.05,0.01,0.06,3.3,1,63
2022-23,36,352,31,Emiliano Martínez Romero,GK,Aston Villa,2,18,1,2023-05-13T14:00:00Z,90,2,0,0,0,1,0,10,5.8,0.0,0.0,0.6,0.0,0.0,0.0,1.36,1,50
2022-23,36,352,32,Calum Chambers,DEF,Aston Villa,2,18,1,2023-05-13T14:00:00Z,0,0,0,0,0,0,0,0,0.0,0.0,0.0,0.0,0.0,0.0,0.0,0.0,0,42
2022-23,36,352,33,Lucas Digne,DEF,Aston Villa,2,18,1,2023-05-13T14:00:00Z,0,0,0,0,0,0,0,0,0.0,0.0,0.0,0.0,0.0,0.0,0.0,0.0,0,45
2022-23,36,352,34,Bertrand Traoré,MID,Aston Villa,2,18,1,2023-05-13T14:00:00Z,0,0,0,0,0,0,0,0,0.0,0.0,0.0,0.0,0.0,0.0,0.0,0.0,0,49
2022-23,36,352,35,Robin Olsen,GK,Aston Villa,2,18,1,2023-05-13T14:00:00Z,0,0,0,0,0,0,0,0,0.0,0.0,0.0,0.0,0.0,0.0,0.0,0.0,0,39
2022-23,36,352,36,Morgan Sanson,MID,Aston Villa,2,18,1,2023-05-13T14:00:00Z,0,0,0,0,0,0,0,0,0.0,0.0,0.0,0.0,0.0,0.0,0.0,0.0,0,43
2022-23,36,352,37,John McGinn,MID,Aston Villa,2,18,1,2023-05-13T14:00:00Z,90,1,0,0,0,1,0,12,8.4,10.8,3.0,2.2,0.03,0.15,0.18,1.36,1,51
2022-23,36,352,38,Kortney Hause,DEF,Aston Villa,2,18,1,2023-05-13T14:00:00Z,0,0,0,0,0,0,0,0,0.0,0.0,0.0,0.0,0.0,0.0,0.0,0.0,0,44
2022-23,36,352,39,Tyrone Mings,DEF,Aston Villa,2,18,1,2023-05-13T14:00:00Z,90,2,0,0,0,1,0,16,19.2,2.4,2.0,2.4,0.0,0.01,0.01,1.36,1,48
2022-23,36,352,40,Ollie Watkins,FWD,Aston Villa,2,18,1,2023-05-13T14:00:00Z,90,4,0,1,0,1,0,10,1.4,11.2,15.0,2.8,0.47,0.25,0.72,1.23,1,74
2022-23,36,352,41,Marvelous Nakamba,MID,Aston Villa,2,18,1,2023-05-13T14:00:00Z,0,0,0,0,0,0,0,0,0.0,0.0,0.0,0.0,0.0,0.0,0.0,0.0,0,43
2022-23,36,352,42,Emiliano Buendía Stati,MID,Aston Villa,2,18,1,2023-05-13T14:00:00Z,67,3,0,0,1,0,0,4,0.0,3.4,25.0,2.8,0.14,0.17,0.31,0.44,1,57
2022-23,36,352,43,Matty Cash,DEF,Aston Villa,2,18,1,2023-05-13T14:00:00Z,1,1,0,0,0,0,0,3,0.0,0.0,0.0,0.0,0.0,0.0,0.0,0.13,0,46
2022-23,36,352,44,Ezri Konsa Ngoyo,DEF,Aston Villa,2,18,1,2023-05-13T14:00:00Z,90,2,0,0,0,1,0,16,13.2,0.9,0.0,1.4,0.0,0.01,0.01,1.36,1,44
2022-23,36,352,45,Leon Bailey,MID,Aston Villa,2,18,1,2023-05-13T14:00:00Z,67,6,0,1,1,0,0,20,26.0,31.8,29.0,8.7,0.21,0.15,0.36,0.44,1,43
2022-23,36,352,46,Douglas Luiz Soares de Paulo,MID,Aston Villa,2,18,1,2023-05-13T14:00:00Z,90,10,1,0,0,1,3,34,40.4,28.9,7.0,7.6,0.08,0.16,0.24,1.36,1,48
2022-23,36,352,47,Jacob Ramsey,MID,Aston Villa,2,18,1,2023-05-13T14:00:00Z,90,8,1,0,0,1,1,23,42.0,12.3,25.0,7.9,0.15,0.09,0.24,1.36,1,51
2022-23,36,354,48,Carney Chukwuemeka,MID,Chelsea,6,16,1,2023-05-13T14:00:00Z,0,0,0,0,0,0,0,0,0.0,0.0,0.0,0.0,0.0,0.0,0.0,0.0,0,42
2022-23,36,352,49,Tim Iroegbunam,MID,Aston Villa,2,18,1,2023-05-13T14:00:00Z,0,0,0,0,0,0,0,0,0.0,0.0,0.0,0.0,0.0,0.0,0.0,0.0,0,45
2022-23,36,352,50,Diego Carlos Santos Silva,DEF,Aston Villa,2,18,1,2023-05-13T14:00:00Z,0,0,0,0,0,0,0,0,0.0,0.0,0.0,0.0,0.0,0.0,0.0,0.0,0,47
2022-23,36,352,51,Anwar El Ghazi,MID,Aston Villa,2,18,1,2023-05-13T14:00:00Z,0,0,0,0,0,0,0,0,0.0,0.0,0.0,0.0,0.0,0.0,0.0,0.0,0,48
2022-23,36,352,52,Keinan Davis,FWD,Aston Villa,2,18,1,2023-05-13T14:00:00Z,0,0,0,0,0,0,0,0,0.0,0.0,0.0,0.0,0.0,0.0,0.0,0.0,0,54
2022-23,36,352,53,Boubacar Kamara,MID,Aston Villa,2,18,1,2023-05-13T14:00:00Z,22,1,0,0,0,1,0,2,0.4,0.7,4.0,0.5,0.0,0.0,0.0,0.92,0,48
2022-23,36,352,54,Cameron Archer,FWD,Aston Villa,2,18,1,2023-05-13T14:00:00Z,0,0,0,0,0,0,0,0,0.0,0.0,0.0,0.0,0.0,0.0,0.0,0.0,0,42
2022-23,36,352,55,Jaden Philogene-Bidace,MID,Aston Villa,2,18,1,2023-05-13T14:00:00Z,0,0,0,0,0,0,0,0,0.0,0.0,0.0,0.0,0.0,0.0,0.0,0.0,0,45
2022-23,36,352,56,Frédéric Guilbert,DEF,Aston Villa,2,18,1,2023-05-13T14:00:00Z,0,0,0,0,0,0,0,0,0.0,0.0,0.0,0.0,0.0,0.0,0.0,0.0,0,39
2022-23,36,355,57,Adam Smith,DEF,Bournemouth,3,7,0,2023-05-13T14:00:00Z,30,1,0,0,0,0,0,3,1.6,0.2,0.0,0.2,0.0,0.0,0.0,0.11,0,43
2022-23,36,355,58,Junior Stanislas,MID,Bournemouth,3,7,0,2023-05-13T14:00:00Z,0,0,0,0,0,0,0,0,0.0,0.0,0.0,0.0,0.0,0.0,0.0,0.0,0,48
2022-23,36,355,59,Ryan Fredericks,DEF,Bournemouth,3,7,0,2023-05-13T14:00:00Z,0,0,0,0,0,0,0,0,0.0,0.0,0.0,0.0,0.0,0.0,0.0,0.0,0,44
2022-23,36,355,60,David Brooks,MID,Bournemouth,3,7,0,2023-05-13T14:00:00Z,30,0,0,0,0,0,0,-2,0.0,0.3,0.0,0.0,0.0,0.0,0.0,0.11,0,53
2022-23,36,355,61,Jamal Lowe,MID,Bournemouth,3,7,0,2023-05-13T14:00:00Z,0,0,0,0,0,0,0,0,0.0,0.0,0.0,0.0,0.0,0.0,0.0,0.0,0,52
2022-23,36,355,62,Kieffer Moore,FWD,Bournemouth,3,7,0,2023-05-13T14:00:00Z,30,1,0,0,0,0,0,3,4.0,1.5,2.0,0.8,0.0,0.0,0.0,0.11,0,49
2022-23,36,355,63,Emiliano Marcondes,MID,Bournemouth,3,7,0,2023-05-13T14:00:00Z,0,0,0,0,0,0,0,0,0.0,0.0,0.0,0.0,0.0,0.0,0.0,0.0,0,47
2022-23,36,355,64,Jefferson Lerma Solís,MID,Bournemouth,3,7,0,2023-05-13T14:00:00Z,90,1,0,0,0,2,0,11,20.0,11.5,2.0,3.4,0.0,0.15,0.15,1.54,1,47
2022-23,36,355,65,Jack Stacey,DEF,Bournemouth,3,7,0,2023-05-13T14:00:00Z,0,0,0,0,0,0,0,0,0.0,0.0,0.0,0.0,0.0,0.0,0.0,0.0,0,42
2022-23,36,355,66,Dominic Solanke,FWD,Bournemouth,3,7,0,2023-05-13T14:00:00Z,90,2,0,0,0,2,0,-1,11.8,2.2,16.0,3.0,0.13,0.02,0.15,1.54,1,57
2022-23,36,355,67,Lewis Cook,MID,Bournemouth,3,7,0,2023-05-13T14:00:00Z,9,1,0,0,0,0,0,1,0.0,0.3,1.0,0.0,0.04,0.0,0.04,0.0,0,49
2022-23,36,355,68,Ben Pearson,MID,Bournemouth,3,7,0,2023-05-13T14:00:00Z,0,0,0,0,0,0,0,0,0.0,0.0,0.0,0.0,0.0,0.0,0.0,0.0,0,44
2022-23,36,355,69,Ryan Christie,MID,Bournemouth,3,7,0,2023-05-13T14:00:00Z,59,1,0,0,0,2,0,8,11.4,25.3,14.0,5.1,0.15,0.06,0.21,1.43,1,53
2022-23,36,355,70,Philip Billing,MID,Bournemouth,3,7,0,2023-05-13T14:00:00Z,59,1,0,0,0,2,0,2,2.2,12.9,2.0,1.7,0.0,0.03,0.03,1.43,1,51
2022-23,36,355,71,Chris Mepham,DEF,Bournemouth,3,7,0,2023-05-13T14:00:00Z,90,1,0,0,0,2,0,13,20.0,0.3,0.0,2.0,0.0,0.0,0.0,1.54,1,43
2022-23,36,355,72,Mark Travers,GK,Bournemouth,3,7,0,2023-05-13T14:00:00Z,0,0,0,0,0,0,0,0,0.0,0.0,0.0,0.0,0.0,0.0,0.0,0.0,0,41
2022-23,36,355,73,Lloyd Kelly,DEF,Bournemouth,3,7,0,2023-05-13T14:00:00Z,90,1,0,0,0,2,0,16,24.6,0.3,0.0,2.5,0.0,0.0,0.0,1.54,1,43
2022-23,36,355,74,Siriki Dembélé,MID,Bournemouth,3,7,0,2023-05-13T14:00:00Z,0,0,0,0,0,0,0,0,0.0,0.0,0.0,0.0,0.0,0.0,0.0,0.0,0,47
2022-23,36,355,75,Jaidon Anthony,MID,Bournemouth,3,7,0,2023-05-13T14:00:00Z,17,1,0,0,0,0,0,2,2.2,1.1,6.0,0.9,0.0,0.0,0.0,0.04,0,52
2022-23,36,355,76,Jordan Zemura,DEF,Bournemouth,3,7,0,2023-05-13T14:00:00Z,0,0,0,0,0,0,0,0,0.0,0.0,0.0,0.0,0.0,0.0,0.0,0.0,0,42
2022-23,36,355,77,Will Dennis,GK,Bournemouth,3,7,0,2023-05-13T14:00:00Z,0,0,0,0,0,0,0,0,0.0,0.0,0.0,0.0,0.0,0.0,0.0,0.0,0,39
2022-23,36,353,78,Pontus Jansson,DEF,Brentford,4,19,1,2023-05-14T13:00:00Z,0,0,0,0,0,0,0,0,0.0,0.0,0.0,0.0,0.0,0.0,0.0,0.0,0,42
2022-23,36,353,79,Christian Nørgaard,MID,Brentford,4,19,1,2023-05-14T13:00:00Z,0,0,0,0,0,0,0,0,0.0,0.0,0.0,0.0,0.0,0.0,0.0,0.0,0,53
2022-23,36,353,80,Ivan Toney,FWD,Brentford,4,19,1,2023-05-14T13:00:00Z,0,0,0,0,0,0,0,0,0.0,0.0,0.0,0.0,0.0,0.0,0.0,0.0,0,73
2022-23,36,353,81,David Raya Martin,GK,Brentford,4,19,1,2023-05-14T13:00:00Z,90,7,0,0,1,0,0,29,33.4,0.0,0.0,3.3,0.0,0.0,0.0,0.22,1,48
2022-23,36,353,82,Sergi Canós Tenés,DEF,Brentford,4,19,1,2023-05-14T13:00:00Z,0,0,0,0,0,0,0,0,0.0,0.0,0.0,0.0,0.0,0.0,0.0,0.0,0,50
2022-23,36,353,83,Josh Dasilva,MID,Brentford,4,19,1,2023-05-14T13:00:00Z,13,1,0,0,0,0,0,3,0.6,2.1,4.0,0.7,0.05,0.05,0.1,0.11,0,41
2022-23,36,353,84,Kristoffer Ajer,DEF,Brentford,4,19,1,2023-05-14T13:00:00Z,0,0,0,0,0,0,0,0,0.0,0.0,0.0,0.0,0.0,0.0,0.0,0.0,0,45
2022-23,36,353,85,Rico Henry,DEF,Brentford,4,19,1,2023-05-14T13:00:00Z,90,6,0,0,1,0,0,29,13.8,16.8,2.0,3.3,0.02,0.14,0.16,0.22,1,44
2022-23,36,353,86,Vitaly Janelt,MID,Brentford,4,19,1,2023-05-14T13:00:00Z,90,3,0,0,1,0,0,14,13.0,17.0,2.0,3.2,0.0,0.11,0.11,0.22,1,55
2022-23,36,353,87,Saman Ghoddos,MID,Brentford,4,19,1,2023-05-14T13:00:00Z,4,1,0,0,0,0,0,3,1.2,11.4,2.0,1.5,0.0,0.0,0.0,0.0,0,48
2022-23,36,353,88,Mathias Jensen,MID,Brentford,4,19,1,2023-05-14T13:00:00Z,69,6,0,1,1,0,0,25,23.4,36.7,0.0,6.0,0.0,0.17,0.17,0.11,1,48
2022-23,36,353,89,Yoane Wissa,MID,Brentford,4,19,1,2023-05-14T13:00:00Z,76,8,1,0,1,0,0,23,36.4,13.6,99.0,14.9,1.05,0.04,1.09,0.11,1,53
2022-23,36,353,90,Mads Roerslev Rasmussen,DEF,Brentford,4,19,1,2023-05-14T13:00:00Z,5,1,0,0,0,0,0,8,9.2,14.3,2.0,2.6,0.0,0.06,0.06,0.0,0,43
2022-23,36,353,91,Mads Bech Sørensen,DEF,Brentford,4,19,1,2023-05-14T13:00:00Z,0,0,0,0,0,0,0,0,0.0,0.0,0.0,0.0,0.0,0.0,0.0,0.0,0,45
2022-23,36,353,92,Ethan Pinnock,DEF,Brentford,4,19,1,2023-05-14T13:00:00Z,90,7,0,0,1,0,1,30,22.0,0.7,2.0,2.5,0.0,0.0,0.0,0.22,1,44
2022-23,36,353,93,Frank Onyeka,MID,Brentford,4,19,1,2023-05-14T13:00:00Z,20,1,0,0,0,0,0,2,9.2,1.3,11.0,2.2,0.09,0.01,0.1,0.11,0,48
2022-23,36,353,94,Shandon Baptiste,MID,Brentford,4,19,1,2023-05-14T13:00:00Z,13,1,0,0,0,0,0,3,2.4,10.5,2.0,1.5,0.0,0.0,0.0,0.11,0,45
2022-23,36,353,95,Bryan Mbeumo,FWD,Brentford,4,19,1,2023-05-14T13:00:00Z,90,9,1,0,1,0,3,39,54.6,33.8,70.0,15.8,0.88,0.14,1.02,0.22,1,56
2022-23,36,353,96,Charlie Goode,DEF,Brentford,4,19,1,2023-05-14T13:00:00Z,0,0,0,0,0,0,0,0,0.0,0.0,0.0,0.0,0.0,0.0,0.0,0.0,0,39
2022-23,36,353,97,Marcus Forss,FWD,Brentford,4,19,1,2023-05-14T13:00:00Z,0,0,0,0,0,0,0,0,0.0,0.0,0.0,0.0,0.0,0.0,0.0,0.0,0,45
2022-23,36,353,98,Dominic Thompson,DEF,Brentford,4,19,1,2023-05-14T13:00:00Z,0,0,0,0,0,0,0,0,0.0,0.0,0.0,0.0,0.0,0.0,0.0,0.0,0,40
2022-23,36,353,99,Mads Bidstrup,MID,Brentford,4,19,1,2023-05-14T13:00:00Z,0,0,0,0,0,0,0,0,0.0,0.0,0.0,0.0,0.0,0.0,0.0,0.0,0,45
2022-23,36,353,100,Ellery Balcombe,GK,Brentford,4,19,1,2023-05-14T13:00:00Z,0,0,0,0,0,0,0,0,0.0,0.0,0.0,0.0,0.0,0.0,0.0,0.0,0,40
2022-23,36,248,101,Adam Lallana,MID,Brighton,5,15,0,2023-05-18T18:30:00Z,0,0,0,0,0,0,0,0,0.0,0.0,0.0,0.0,0.0,0.0,0.0,0.0,0,48
2022-23,36,351,101,Adam Lallana,MID,Brighton,5,1,0,2023-05-14T15:30:00Z,0,0,0,0,0,0,0,0,0.0,0.0,0.0,0.0,0.0,0.0,0.0,0.0,0,48
2022-23,36,248,102,Jason Steele,GK,Brighton,5,15,0,2023-05-18T18:30:00Z,90,1,0,0,0,4,0,25,45.6,0.0,0.0,4.6,0.0,0.0,0.0,3.16,1,40
2022-23,36,351,102,Jason Steele,GK,Brighton,5,1,0,2023-05-14T15:30:00Z,90,6,0,0,1,0,0,29,23.6,0.0,0.0,2.4,0.0,0.0,0.0,0.84,1,40
2022-23,36,248,103,Danny Welbeck,FWD,Brighton,5,15,0,2023-05-18T18:30:00Z,55,1,0,0,0,2,0,1,5.2,0.3,7.0,1.3,0.03,0.0,0.03,1.85,1,65
2022-23,36,351,103,Danny Welbeck,FWD,Brighton,5,1,0,2023-05-14T15:30:00Z,30,1,0,0,0,0,0,4,2.8,21.1,1.0,2.5,0.04,0.01,0.05,0.36,0,65
2022-23,36,248,104,Pascal Groß,MID,Brighton,5,15,0,2023-05-18T18:30:00Z,68,1,0,0,0,2,0,12,11.4,1.1,0.0,1.3,0.0,0.0,0.0,2.17,1,54
2022-23,36,351,104,Pascal Groß,MID,Brighton,5,1,0,2023-05-14T15:30:00Z,90,5,0,1,1,0,0,23,20.8,11.9,0.0,3.3,0.0,0.02,0.02,0.84,1,54
2022-23,36,360,105,Shane Duffy,DEF,Fulham,9,17,0,2023-05-13T14:00:00Z,0,0,0,0,0,0,0,0,0.0,0.0,0.0,0.0,0.0,0.0,0.0,0.0,0,42
2022-23,36,248,106,Lewis Dunk,DEF,Brighton,5,15,0,2023-05-18T18:30:00Z,90,0,0,0,0,4,0,20,30.8,0.7,0.0,3.2,0.0,0.0,0.0,3.16,1,48
2022-23,36,351,106,Lewis Dunk,DEF,Brighton,5,1,0,2023-05-14T15:30:00Z,90,6,0,0,1,0,0,25,18.2,0.5,0.0,1.9,0.0,0.0,0.0,0.84,1,48
2022-23,36,248,107,Solly March,MID,Brighton,5,15,0,2023-05-18T18:30:00Z,0,0,0,0,0,0,0,0,0.0,0.0,0.0,0.0,0.0,0.0,0.0,0.0,0,53
2022-23,36,351,107,Solly March,MID,Brighton,5,1,0,2023-05-14T15:30:00Z,0,0,0,0,0,0,0,0,0.0,0.0,0.0,0.0,0.0,0.0,0.0,0.0,0,53
2022-23,36,248,108,Adam Webster,DEF,Brighton,5,15,0,2023-05-18T18:30:00Z,0,0,0,0,0,0,0,0,0.0,0.0,0.0,0.0,0.0,0.0,0.0,0.0,0,45
2022-23,36,351,108,Adam Webster,DEF,Brighton,5,1,0,2023-05-14T15:30:00Z,0,0,0,0,0,0,0,0,0.0,0.0,0.0,0.0,0.0,0.0,0.0,0.0,0,45
2022-23,36,248,109,Joël Veltman,DEF,Brighton,5,15,0,2023-05-18T18:30:00Z,0,0,0,0,0,0,0,0,0.0,0.0,0.0,0.0,0.0,0.0,0.0,0.0,0,46
2022-23,36,351,109,Joël Veltman,DEF,Brighton,5,1,0,2023-05-14T15:30:00Z,0,0,0,0,0,0,0,0,0.0,0.0,0.0,0.0,0.0,0.0,0.0,0.0,0,46
2022-23,36,356,110,Neal Maupay,FWD,Everton,8,13,1,2023-05-14T13:00:00Z,45,1,0,0,0,1,0,2,0.0,3.2,8.0,1.0,0.36,0.01,0.37,0.27,0,56
2022-23,36,351,111,Leandro Trossard,MID,Arsenal,1,5,1,2023-05-14T15:30:00Z,70,2,0,0,0,3,0,3,2.8,29.4,25.0,5.7,0.16,0.35,0.51,1.74,0,66
2022-23,36,354,112,Marc Cucurella Saseta,DEF,Chelsea,6,16,1,2023-05-13T14:00:00Z,0,0,0,0,0,0,0,0,0.0,0.0,0.0,0.0,0.0,0.0,0.0,0.0,0,49
2022-23,36,248,113,Robert Sánchez,GK,Brighton,5,15,0,2023-05-18T18:30:00Z,0,0,0,0,0,0,0,0,0.0,0.0,0.0,0.0,0.0,0.0,0.0,0.0,0,45
2022-23,36,351,113,Robert Sánchez,GK,Brighton,5,1,0,2023-05-14T15:30:00Z,0,0,0,0,0,0,0,0,0.0,0.0,0.0,0.0,0.0,0.0,0.0,0.0,0,45
2022-23,36,248,114,Tariq Lamptey,DEF,Brighton,5,15,0,2023-05-18T18:30:00Z,0,0,0,0,0,0,0,0,0.0,0.0,0.0,0.0,0.0,0.0,0.0,0.0,0,42
2022-23,36,351,114,Tariq Lamptey,DEF,Brighton,5,1,0,2023-05-14T15:30:00Z,0,0,0,0,0,0,0,0,0.0,0.0,0.0,0.0,0.0,0.0,0.0,0.0,0,42
2022-23,36,248,115,Steven Alzate,MID,Brighton,5,15,0,2023-05-18T18:30:00Z,0,0,0,0,0,0,0,0,0.0,0.0,0.0,0.0,0.0,0.0,0.0,0.0,0,44
2022-23,36,351,115,Steven Alzate,MID,Brighton,5,1,0,2023-05-14T15:30:00Z,0,0,0,0,0,0,0,0,0.0,0.0,0.0,0.0,0.0,0.0,0.0,0.0,0,44
2022-23,36,248,116,Alexis Mac Allister,MID,Brighton,5,15,0,2023-05-18T18:30:00Z,34,0,0,0,0,2,0,1,3.4,14.0,0.0,1.7,0.0,0.02,0.02,1.31,0,56
2022-23,36,351,116,Alexis Mac Allister,MID,Brighton,5,1,0,2023-05-14T15:30:00Z,90,3,0,0,1,0,0,10,9.0,6.6,3.0,1.9,0.02,0.02,0.04,0.84,1,56
2022-23,36,248,117,Jakub Moder,MID,Brighton,5,15,0,2023-05-18T18:30:00Z,0,0,0,0,0,0,0,0,0.0,0.0,0.0,0.0,0.0,0.0,0.0,0.0,0,44
2022-23,36,351,117,Jakub Moder,MID,Brighton,5,1,0,2023-05-14T15:30:00Z,0,0,0,0,0,0,0,0,0.0,0.0,0.0,0.0,0.0,0.0,0.0,0.0,0,44
2022-23,36,248,118,Enock Mwepu,MID,Brighton,5,15,0,2023-05-18T18:30:00Z,0,0,0,0,0,0,0,0,0.0,0.0,0.0,0.0,0.0,0.0,0.0,0.0,0,53
2022-23,36,351,118,Enock Mwepu,MID,Brighton,5,1,0,2023-05-14T15:30:00Z,0,0,0,0,0,0,0,0,0.0,0.0,0.0,0.0,0.0,0.0,0.0,0.0,0,53
2022-23,36,248,119,Jeremy Sarmiento Morante,MID,Brighton,5,15,0,2023-05-18T18:30:00Z,0,0,0,0,0,0,0,0,0.0,0.0,0.0,0.0,0.0,0.0,0.0,0.0,0,45
2022-23,36,351,119,Jeremy Sarmiento Morante,MID,Brighton,5,1,0,2023-05-14T15:30:00Z,0,0,0,0,0,0,0,0,0.0,0.0,0.0,0.0,0.0,0.0,0.0,0.0,0,45
2022-23,36,248,120,Moisés Caicedo Corozo,MID,Brighton,5,15,0,2023-05-18T18:30:00Z,90,2,0,0,0,4,0,10,8.8,17.1,2.0,2.8,0.02,0.06,0.08,3.16,1,50
2022-23,36,351,120,Moisés Caicedo Corozo,MID,Brighton,5,1,0,2023-05-14T15:30:00Z,90,3,0,0,1,0,0,9,15.2,6.5,0.0,2.2,0.0,0.02,0.02,0.84,1,50
2022-23,36,248,121,Taylor Richards,MID,Brighton,5,15,0,2023-05-18T18:30:00Z,0,0,0,0,0,0,0,0,0.0,0.0,0.0,0.0,0.0,0.0,0.0,0.0,0,45
2022-23,36,351,121,Taylor Richards,MID,Brighton,5,1,0,2023-05-14T15:30:00Z,0,0,0,0,0,0,0,0,0.0,0.0,0.0,0.0,0.0,0.0,0.0,0.0,0,45
2022-23,36,248,122,Haydon Roberts,DEF,Brighton,5,15,0,2023-05-18T18:30:00Z,0,0,0,0,0,0,0,0,0.0,0.0,0.0,0.0,0.0,0.0,0.0,0.0,0,40
2022-23,36,351,122,Haydon Roberts,DEF,Brighton,5,1,0,2023-05-14T15:30:00Z,0,0,0,0,0,0,0,0,0.0,0.0,0.0,0.0,0.0,0.0,0.0,0.0,0,40
2022-23,36,248,123,Deniz Undav,FWD,Brighton,5,15,0,2023-05-18T18:30:00Z,84,3,1,0,0,2,0,17,22.4,3.4,19.0,4.5,0.17,0.0,0.17,2.21,1,50
2022-23,36,351,123,Deniz Undav,FWD,Brighton,5,1,0,2023-05-14T15:30:00Z,8,10,1,1,0,0,2,36,40.4,10.3,31.0,8.2,0.44,0.02,0.46,0.22,0,50
2022-23,36,248,124,Kaoru Mitoma,MID,Brighton,5,15,0,2023-05-18T18:30:00Z,90,2,0,0,0,4,0,3,0.2,11.5,6.0,1.8,0.03,0.02,0.05,3.16,1,56
2022-23,36,351,124,Kaoru Mitoma,MID,Brighton,5,1,0,2023-05-14T15:30:00Z,90,3,0,0,1,0,0,6,9.0,12.3,15.0,3.6,0.11,0.02,0.13,0.84,1,56
2022-23,36,248,125,Julio Enciso,FWD,Brighton,5,15,0,2023-05-18T18:30:00Z,34,1,0,0,0,2,0,0,0.0,1.3,8.0,0.9,0.18,0.02,0.2,1.31,0,46
2022-23,36,351,125,Julio Enciso,FWD,Brighton,5,1,0,2023-05-14T15:30:00Z,81,6,1,0,1,0,0,26,39.0,12.6,60.0,11.2,0.91,0.01,0.92,0.62,1,46
2022-23,36,248,126,Kacper Kozłowski,MID,Brighton,5,15,0,2023-05-18T18:30:00Z,0,0,0,0,0,0,0,0,0.0,0.0,0.0,0.0,0.0,0.0,0.0,0.0,0,45
2022-23,36,351,126,Kacper Kozłowski,MID,Brighton,5,1,0,2023-05-14T15:30:00Z,0,0,0,0,0,0,0,0,0.0,0.0,0.0,0.0,0.0,0.0,0.0,0.0,0,45
2022-23,36,354,127,César Azpilicueta,DEF,Chelsea,6,16,1,2023-05-13T14:00:00Z,0,0,0,0,0,0,0,0,0.0,0.0,0.0,0.0,0.0,0.0,0.0,0.0,0,47
2022-23,36,354,128,Thiago Emiliano da Silva,DEF,Chelsea,6,16,1,2023-05-13T14:00:00Z,90,0,0,0,0,2,0,11,21.8,14.1,0.0,3.6,0.0,0.16,0.16,1.63,1,54
2022-23,36,354,129,Marcos Alonso,DEF,Chelsea,6,16,1,2023-05-13T14:00:00Z,0,0,0,0,0,0,0,0,0.0,0.0,0.0,0.0,0.0,0.0,0.0,0.0,0,53
2022-23,36,351,130,Jorge Luiz Frello Filho,MID,Arsenal,1,5,1,2023-05-14T15:30:00Z,59,1,0,0,0,1,0,7,6.4,1.4,0.0,0.8,0.0,0.01,0.01,0.96,1,57
2022-23,36,354,131,Ross Barkley,MID,Chelsea,6,16,1,2023-05-13T14:00:00Z,0,0,0,0,0,0,0,0,0.0,0.0,0.0,0.0,0.0,0.0,0.0,0.0,0,49
2022-23,36,354,132,Mateo Kovacic,MID,Chelsea,6,16,1,2023-05-13T14:00:00Z,45,1,0,0,0,1,0,3,2.0,3.0,0.0,0.5,0.0,0.01,0.01,0.37,1,49
2022-23,36,354,133,Kepa Arrizabalaga,GK,Chelsea,6,16,1,2023-05-13T14:00:00Z,0,0,0,0,0,0,0,0,0.0,0.0,0.0,0.0,0.0,0.0,0.0,0.0,0,46
2022-23,36,354,134,N'Golo Kanté,MID,Chelsea,6,16,1,2023-05-13T14:00:00Z,0,0,0,0,0,0,0,0,0.0,0.0,0.0,0.0,0.0,0.0,0.0,0.0,0,48
2022-23,36,354,135,Hakim Ziyech,MID,Chelsea,6,16,1,2023-05-13T14:00:00Z,17,1,0,0,0,0,0,4,5.4,12.9,9.0,2.7,0.02,0.03,0.05,0.0,0,55
2022-23,36,354,136,Ruben Loftus-Cheek,MID,Chelsea,6,16,1,2023-05-13T14:00:00Z,45,4,0,1,0,1,0,18,20.8,15.5,4.0,4.0,0.0,0.03,0.03,1.26,0,50
2022-23,36,354,137,Timo Werner,FWD,Chelsea,6,16,1,2023-05-13T14:00:00Z,0,0,0,0,0,0,0,0,0.0,0.0,0.0,0.0,0.0,0.0,0.0,0.0,0,79
2022-23,36,354,138,Robert Kenedy Nunes do Nascimento,DEF,Chelsea,6,16,1,2023-05-13T14:00:00Z,0,0,0,0,0,0,0,0,0.0,0.0,0.0,0.0,0.0,0.0,0.0,0.0,0,39
2022-23,36,354,139,Ben Chilwell,DEF,Chelsea,6,16,1,2023-05-13T14:00:00Z,0,0,0,0,0,0,0,0,0.0,0.0,0.0,0.0,0.0,0.0,0.0,0.0,0,56
2022-23,36,354,140,Christian Pulisic,MID,Chelsea,6,16,1,2023-05-13T14:00:00Z,0,0,0,0,0,0,0,0,0.0,0.0,0.0,0.0,0.0,0.0,0.0,0.0,0,56
2022-23,36,354,141,Trevoh Chalobah,DEF,Chelsea,6,16,1,2023-05-13T14:00:00Z,90,2,0,0,0,2,1,25,34.6,31.3,6.0,7.2,0.0,0.04,0.04,1.63,1,44
2022-23,36,354,142,Mason Mount,MID,Chelsea,6,16,1,2023-05-13T14:00:00Z,0,0,0,0,0,0,0,0,0.0,0.0,0.0,0.0,0.0,0.0,0.0,0.0,0,72
2022-23,36,354,143,Malang Sarr,DEF,Chelsea,6,16,1,2023-05-13T14:00:00Z,0,0,0,0,0,0,0,0,0.0,0.0,0.0,0.0,0.0,0.0,0.0,0.0,0,50
2022-23,36,354,144,Callum Hudson-Odoi,MID,Chelsea,6,16,1,2023-05-13T14:00:00Z,0,0,0,0,0,0,0,0,0.0,0.0,0.0,0.0,0.0,0.0,0.0,0.0,0,53
2022-23,36,354,145,Kai Havertz,FWD,Chelsea,6,16,1,2023-05-13T14:00:00Z,17,1,0,0,0,0,0,2,0.2,3.0,0.0,0.3,0.0,0.01,0.01,0.0,0,74
2022-23,36,354,146,Reece James,DEF,Chelsea,6,16,1,2023-05-13T14:00:00Z,0,0,0,0,0,0,0,0,0.0,0.0,0.0,0.0,0.0,0.0,0.0,0.0,0,58
2022-23,36,354,147,Edouard Mendy,GK,Chelsea,6,16,1,2023-05-13T14:00:00Z,90,1,0,0,0,2,0,5,0.0,0.0,0.0,0.0,0.0,0.0,0.0,1.63,1,48
2022-23,36,354,148,Conor Gallagher,MID,Chelsea,6,16,1,2023-05-13T14:00:00Z,90,1,0,0,0,2,0,6,9.4,8.5,27.0,4.5,0.14,0.04,0.18,1.63,1,56
2022-23,36,248,149,Billy Gilmour,MID,Brighton,5,15,0,2023-05-18T18:30:00Z,55,4,0,1,0,2,0,24,24.0,16.8,0.0,4.1,0.0,0.19,0.19,1.85,1,42
2022-23,36,351,149,Billy Gilmour,MID,Brighton,5,1,0,2023-05-14T15:30:00Z,59,1,0,0,0,0,0,7,5.6,2.2,0.0,0.8,0.0,0.0,0.0,0.47,1,42
2022-23,36,354,150,Armando Broja,FWD,Chelsea,6,16,1,2023-05-13T14:00:00Z,0,0,0,0,0,0,0,0,0.0,0.0,0.0,0.0,0.0,0.0,0.0,0.0,0,52
2022-23,36,354,151,Ethan Ampadu,DEF,Chelsea,6,16,1,2023-05-13T14:00:00Z,0,0,0,0,0,0,0,0,0.0,0.0,0.0,0.0,0.0,0.0,0.0,0.0,0,44
2022-23,36,355,152,Vicente Guaita,GK,Crystal Palace,7,3,1,2023-05-13T14:00:00Z,0,0,0,0,0,0,0,0,0.0,0.0,0.0,0.0,0.0,0.0,0.0,0.0,0,44
2022-23,36,355,153,James Tomkins,DEF,Crystal Palace,7,3,1,2023-05-13T14:00:00Z,0,0,0,0,0,0,0,0,0.0,0.0,0.0,0.0,0.0,0.0,0.0,0.0,0,39
2022-23,36,355,154,James McArthur,MID,Crystal Palace,7,3,1,2023-05-13T14:00:00Z,9,1,0,0,0,0,0,3,1.8,0.6,0.0,0.2,0.0,0.0,0.0,0.04,0,48
2022-23,36,355,155,Christian Benteke,FWD,Crystal Palace,7,3,1,2023-05-13T14:00:00Z,0,0,0,0,0,0,0,0,0.0,0.0,0.0,0.0,0.0,0.0,0.0,0.0,0,55
2022-23,36,355,156,Joel Ward,DEF,Crystal Palace,7,3,1,2023-05-13T14:00:00Z,90,7,0,0,1,0,1,32,18.4,38.5,9.0,6.6,0.04,0.31,0.35,0.33,1,44
2022-23,36,355,157,Nathaniel Clyne,DEF,Crystal Palace,7,3,1,2023-05-13T14:00:00Z,0,0,0,0,0,0,0,0,0.0,0.0,0.0,0.0,0.0,0.0,0.0,0.0,0,45
2022-23,36,355,158,Luka Milivojevic,MID,Crystal Palace,7,3,1,2023-05-13T14:00:00Z,0,0,0,0,0,0,0,0,0.0,0.0,0.0,0.0,0.0,0.0,0.0,0.0,0,42
2022-23,36,355,159,Jordan Ayew,MID,Crystal Palace,7,3,1,2023-05-13T14:00:00Z,90,6,0,1,1,0,0,26,26.2,16.0,10.0,5.2,0.14,0.26,0.4,0.33,1,52
2022-23,36,355,160,Wilfried Zaha,MID,Crystal Palace,7,3,1,2023-05-13T14:00:00Z,50,1,0,0,0,0,0,4,0.0,17.3,23.0,3.9,0.25,0.11,0.36,0.15,1,72
2022-23,36,355,161,Jeffrey Schlupp,MID,Crystal Palace,7,3,1,2023-05-13T14:00:00Z,0,0,0,0,0,0,0,0,0.0,0.0,0.0,0.0,0.0,0.0,0.0,0.0,0,47
2022-23,36,359,162,Jack Butland,GK,Man Utd,14,20,1,2023-05-13T14:00:00Z,0,0,0,0,0,0,0,0,0.0,0.0,0.0,0.0,0.0,0.0,0.0,0.0,0,44
2022-23,36,355,163,Will Hughes,MID,Crystal Palace,7,3,1,2023-05-13T14:00:00Z,76,3,0,0,1,0,0,19,25.0,4.7,9.0,3.9,0.09,0.02,0.11,0.3,1,48
2022-23,36,355,164,Jairo Riedewald,MID,Crystal Palace,7,3,1,2023-05-13T14:00:00Z,13,1,0,0,0,0,0,2,0.0,0.6,4.0,0.3,0.04,0.0,0.04,0.04,0,42
2022-23,36,355,165,Joachim Andersen,DEF,Crystal Palace,7,3,1,2023-05-13T14:00:00Z,90,6,0,0,1,0,0,29,28.0,11.6,0.0,4.0,0.0,0.02,0.02,0.33,1,45
2022-23,36,355,166,Odsonne Edouard,FWD,Crystal Palace,7,3,1,2023-05-13T14:00:00Z,39,1,0,0,0,0,0,1,3.6,3.3,8.0,1.5,0.0,0.04,0.04,0.18,0,50
2022-23,36,355,167,Marc Guéhi,DEF,Crystal Palace,7,3,1,2023-05-13T14:00:00Z,90,6,0,0,1,0,0,26,15.4,12.6,13.0,4.1,0.08,0.01,0.09,0.33,1,45
2022-23,36,355,168,Jean-Philippe Mateta,FWD,Crystal Palace,7,3,1,2023-05-13T14:00:00Z,0,0,0,0,0,0,0,0,0.0,0.0,0.0,0.0,0.0,0.0,0.0,0.0,0,51
2022-23,36,355,169,Eberechi Eze,MID,Crystal Palace,7,3,1,2023-05-13T14:00:00Z,90,16,2,0,1,0,3,49,76.6,21.5,45.0,14.3,0.71,0.09,0.8,0.33,1,55
2022-23,36,355,170,Tyrick Mitchell,DEF,Crystal Palace,7,3,1,2023-05-13T14:00:00Z,90,8,0,0,1,0,2,33,23.6,4.3,4.0,3.2,0.0,0.01,0.01,0.33,1,44
2022-23,36,355,171,Michael Olise,MID,Crystal Palace,7,3,1,2023-05-13T14:00:00Z,90,6,0,1,1,0,0,24,31.4,67.5,41.0,14.0,0.13,0.31,0.44,0.33,1,53
2022-23,36,355,172,Jesurun Rak-Sakyi,MID,Crystal Palace,7,3,1,2023-05-13T14:00:00Z,0,0,0,0,0,0,0,0,0.0,0.0,0.0,0.0,0.0,0.0,0.0,0.0,0,45
2022-23,36,355,173,Malcolm Ebiowei,MID,Crystal Palace,7,3,1,2023-05-13T14:00:00Z,0,0,0,0,0,0,0,0,0.0,0.0,0.0,0.0,0.0,0.0,0.0,0.0,0,42
2022-23,36,355,174,Nathan Ferguson,DEF,Crystal Palace,7,3,1,2023-05-13T14:00:00Z,0,0,0,0,0,0,0,0,0.0,0.0,0.0,0.0,0.0,0.0,0.0,0.0,0,39
2022-23,36,355,175,Sam Johnstone,GK,Crystal Palace,7,3,1,2023-05-13T14:00:00Z,90,6,0,0,1,0,0,18,4.0,0.0,0.0,0.4,0.0,0.0,0.0,0.33,1,44
2022-23,36,356,176,Asmir Begović,GK,Everton,8,13,1,2023-05-14T13:00:00Z,0,0,0,0,0,0,0,0,0.0,0.0,0.0,0.0,0.0,0.0,0.0,0.0,0,39
2022-23,36,356,177,Salomón Rondón,FWD,Everton,8,13,1,2023-05-14T13:00:00Z,0,0,0,0,0,0,0,0,0.0,0.0,0.0,0.0,0.0,0.0,0.0,0.0,0,49
2022-23,36,356,178,Seamus Coleman,DEF,Everton,8,13,1,2023-05-14T13:00:00Z,0,0,0,0,0,0,0,0,0.0,0.0,0.0,0.0,0.0,0.0,0.0,0.0,0,42
2022-23,36,356,179,Andros Townsend,MID,Everton,8,13,1,2023-05-14T13:00:00Z,0,0,0,0,0,0,0,0,0.0,0.0,0.0,0.0,0.0,0.0,0.0,0.0,0,54
2022-23,36,356,180,Michael Keane,DEF,Everton,8,13,1,2023-05-14T13:00:00Z,0,0,0,0,0,0,0,0,0.0,0.0,0.0,0.0,0.0,0.0,0.0,0.0,0,42
2022-23,36,356,181,Dele Alli,MID,Everton,8,13,1,2023-05-14T13:00:00Z,0,0,0,0,0,0,0,0,0.0,0.0,0.0,0.0,0.0,0.0,0.0,0.0,0,53
2022-23,36,356,182,Jordan Pickford,GK,Everton,8,13,1,2023-05-14T13:00:00Z,90,1,0,0,0,3,0,9,7.0,0.0,0.0,0.7,0.0,0.0,0.0,0.76,1,44
2022-23,36,356,183,Allan Marques Loureiro,MID,Everton,8,13,1,2023-05-14T13:00:00Z,0,0,0,0,0,0,0,0,0.0,0.0,0.0,0.0,0.0,0.0,0.0,0.0,0,48
2022-23,36,356,184,André Tavares Gomes,MID,Everton,8,13,1,2023-05-14T13:00:00Z,0,0,0,0,0,0,0,0,0.0,0.0,0.0,0.0,0.0,0.0,0.0,0.0,0,45
2022-23,36,356,185,Abdoulaye Doucouré,MID,Everton,8,13,1,2023-05-14T13:00:00Z,90,2,0,0,0,3,0,8,5.8,2.7,6.0,1.5,0.0,0.01,0.01,0.76,1,53
2022-23,36,356,186,Alex Iwobi,MID,Everton,8,13,1,2023-05-14T13:00:00Z,90,2,0,0,0,3,0,12,4.0,10.3,0.0,1.4,0.0,0.06,0.06,0.76,1,49
2022-23,36,356,187,Jean-Philippe Gbamin,MID,Everton,8,13,1,2023-05-14T13:00:00Z,0,0,0,0,0,0,0,0,0.0,0.0,0.0,0.0,0.0,0.0,0.0,0.0,0,45
2022-23,36,356,188,Yerry Mina,DEF,Everton,8,13,1,2023-05-14T13:00:00Z,90,1,0,0,0,3,0,14,14.6,1.8,42.0,5.8,0.4,0.01,0.41,0.76,1,43
2022-23,36,356,189,Demarai Gray,MID,Everton,8,13,1,2023-05-14T13:00:00Z,14,1,0,0,0,0,0,3,5.2,1.1,0.0,0.6,0.0,0.0,0.0,0.0,0,52
2022-23,36,356,190,Tom Davies,MID,Everton,8,13,1,2023-05-14T13:00:00Z,0,0,0,0,0,0,0,0,0.0,0.0,0.0,0.0,0.0,0.0,0.0,0.0,0,49
2022-23,36,356,191,Dominic Calvert-Lewin,FWD,Everton,8,13,1,2023-05-14T13:00:00Z,45,1,0,0,0,2,0,3,2.4,0.1,0.0,0.3,0.0,0.0,0.0,0.49,1,79
2022-23,36,356,192,Mason Holgate,DEF,Everton,8,13,1,2023-05-14T13:00:00Z,55,0,0,0,0,3,0,-3,0.0,0.0,7.0,0.5,0.7,0.0,0.7,0.62,1,42
2022-23,36,356,193,Ben Godfrey,DEF,Everton,8,13,1,2023-05-14T13:00:00Z,0,0,0,0,0,0,0,0,0.0,0.0,0.0,0.0,0.0,0.0,0.0,0.0,0,43
2022-23,36,356,194,Vitalii Mykolenko,DEF,Everton,8,13,1,2023-05-14T13:00:00Z,0,0,0,0,0,0,0,0,0.0,0.0,0.0,0.0,0.0,0.0,0.0,0.0,0,41
2022-23,36,248,195,Anthony Gordon,MID,Newcastle,15,5,1,2023-05-18T18:30:00Z,1,1,0,0,0,0,0,3,0.0,0.0,0.0,0.0,0.0,0.0,0.0,0.09,0,51
2022-23,36,357,195,Anthony Gordon,MID,Newcastle,15,11,0,2023-05-13T11:30:00Z,17,1,0,0,0,1,0,0,0.6,1.1,0.0,0.2,0.0,0.02,0.02,0.18,0,51
2022-23,36,356,196,Jarrad Branthwaite,DEF,Everton,8,13,1,2023-05-14T13:00:00Z,0,0,0,0,0,0,0,0,0.0,0.0,0.0,0.0,0.0,0.0,0.0,0.0,0,40
2022-23,36,356,197,Nathan Patterson,DEF,Everton,8,13,1,2023-05-14T13:00:00Z,90,1,0,0,0,3,0,16,11.6,6.6,0.0,1.8,0.0,0.06,0.06,0.76,1,39
2022-23,36,356,198,Niels Nkounkou,DEF,Everton,8,13,1,2023-05-14T13:00:00Z,0,0,0,0,0,0,0,0,0.0,0.0,0.0,0.0,0.0,0.0,0.0,0.0,0,40
2022-23,36,356,199,James Tarkowski,DEF,Everton,8,13,1,2023-05-14T13:00:00Z,90,1,0,0,0,3,0,16,21.8,11.0,28.0,6.1,0.34,0.02,0.36,0.76,1,41
2022-23,36,360,200,Tom Cairney,MID,Fulham,9,17,0,2023-05-13T14:00:00Z,68,3,0,0,1,0,0,11,1.4,10.5,6.0,1.8,0.08,0.08,0.16,0.17,1,47
2022-23,36,360,201,Tim Ream,DEF,Fulham,9,17,0,2023-05-13T14:00:00Z,0,0,0,0,0,0,0,0,0.0,0.0,0.0,0.0,0.0,0.0,0.0,0.0,0,45
2022-23,36,360,202,Anthony Knockaert,MID,Fulham,9,17,0,2023-05-13T14:00:00Z,0,0,0,0,0,0,0,0,0.0,0.0,0.0,0.0,0.0,0.0,0.0,0.0,0,47
2022-23,36,360,203,Nathaniel Chalobah,MID,Fulham,9,17,0,2023-05-13T14:00:00Z,0,0,0,0,0,0,0,0,0.0,0.0,0.0,0.0,0.0,0.0,0.0,0.0,0,44
2022-23,36,360,204,Neeskens Kebano,MID,Fulham,9,17,0,2023-05-13T14:00:00Z,12,1,0,0,0,0,0,5,4.0,1.3,2.0,0.7,0.0,0.0,0.0,0.09,0,54
2022-23,36,360,205,Bobby De Cordova-Reid,MID,Fulham,9,17,0,2023-05-13T14:00:00Z,21,1,0,0,0,0,0,2,0.0,10.8,6.0,1.6,0.0,0.06,0.06,0.09,0,54
2022-23,36,360,206,Joe Bryan,DEF,Fulham,9,17,0,2023-05-13T14:00:00Z,0,0,0,0,0,0,0,0,0.0,0.0,0.0,0.0,0.0,0.0,0.0,0.0,0,44
2022-23,36,360,207,Paulo Gazzaniga Farias,GK,Fulham,9,17,0,2023-05-13T14:00:00Z,0,0,0,0,0,0,0,0,0.0,0.0,0.0,0.0,0.0,0.0,0.0,0.0,0,40
2022-23,36,360,208,Terence Kongolo,DEF,Fulham,9,17,0,2023-05-13T14:00:00Z,0,0,0,0,0,0,0,0,0.0,0.0,0.0,0.0,0.0,0.0,0.0,0.0,0,39
2022-23,36,360,209,Tosin Adarabioyo,DEF,Fulham,9,17,0,2023-05-13T14:00:00Z,90,6,0,0,1,0,0,23,11.4,1.3,1.0,1.4,0.02,0.01,0.03,0.25,1,44
2022-23,36,360,210,Aleksandar Mitrović,FWD,Fulham,9,17,0,2023-05-13T14:00:00Z,25,5,1,0,0,0,0,27,33.4,0.9,21.0,5.5,0.21,0.02,0.23,0.09,0,66
2022-23,36,360,211,Harrison Reed,MID,Fulham,9,17,0,2023-05-13T14:00:00Z,90,6,0,1,1,0,0,22,27.6,25.6,8.0,6.1,0.0,0.14,0.14,0.25,1,43
2022-23,36,360,212,Harry Wilson,MID,Fulham,9,17,0,2023-05-13T14:00:00Z,77,6,0,1,1,0,0,22,27.8,29.9,8.0,6.6,0.0,0.39,0.39,0.17,1,57
2022-23,36,360,213,Marek Rodák,GK,Fulham,9,17,0,2023-05-13T14:00:00Z,0,0,0,0,0,0,0,0,0.0,0.0,0.0,0.0,0.0,0.0,0.0,0.0,0,43
2022-23,36,360,214,Ivan Neves Abreu Cavaleiro,MID,Fulham,9,17,0,2023-05-13T14:00:00Z,0,0,0,0,0,0,0,0,0.0,0.0,0.0,0.0,0.0,0.0,0.0,0.0,0,48
2022-23,36,360,215,Kenny Tete,DEF,Fulham,9,17,0,2023-05-13T14:00:00Z,90,6,0,0,1,0,0,23,5.6,6.3,4.0,1.6,0.0,0.06,0.06,0.25,1,44
2022-23,36,360,216,Josh Onomah,MID,Fulham,9,17,0,2023-05-13T14:00:00Z,0,0,0,0,0,0,0,0,0.0,0.0,0.0,0.0,0.0,0.0,0.0,0.0,0,43
2022-23,36,360,217,Antonee Robinson,DEF,Fulham,9,17,0,2023-05-13T14:00:00Z,90,6,0,0,1,0,0,23,14.2,5.0,2.0,2.1,0.0,0.02,0.02,0.25,1,44
2022-23,36,360,218,Rodrigo Muniz Carvalho,FWD,Fulham,9,17,0,2023-05-13T14:00:00Z,0,0,0,0,0,0,0,0,0.0,0.0,0.0,0.0,0.0,0.0,0.0,0.0,0,54
2022-23,36,360,219,Jay Stansfield,FWD,Fulham,9,17,0,2023-05-13T14:00:00Z,0,0,0,0,0,0,0,0,0.0,0.0,0.0,0.0,0.0,0.0,0.0,0.0,0,45
2022-23,36,360,220,João Palhinha Gonçalves,MID,Fulham,9,17,0,2023-05-13T14:00:00Z,76,3,0,0,1,0,0,9,7.4,3.1,5.0,1.6,0.05,0.02,0.07,0.17,1,49
2022-23,36,357,221,Liam Cooper,DEF,Leeds,11,15,1,2023-05-13T11:30:00Z,0,0,0,0,0,0,0,0,0.0,0.0,0.0,0.0,0.0,0.0,0.0,0.0,0,44
2022-23,36,357,222,Luke Ayling,DEF,Leeds,11,15,1,2023-05-13T11:30:00Z,90,9,1,0,0,2,2,27,51.6,1.2,33.0,8.6,0.82,0.01,0.83,2.42,1,45
2022-23,36,357,223,Mateusz Klich,MID,Leeds,11,15,1,2023-05-13T11:30:00Z,0,0,0,0,0,0,0,0,0.0,0.0,0.0,0.0,0.0,0.0,0.0,0.0,0,46
2022-23,36,357,224,Adam Forshaw,MID,Leeds,11,15,1,2023-05-13T11:30:00Z,45,1,0,0,0,1,0,13,16.4,15.5,0.0,3.2,0.0,0.07,0.07,1.24,0,44
2022-23,36,357,225,Rodrigo Moreno,MID,Leeds,11,15,1,2023-05-13T11:30:00Z,86,5,0,1,0,2,0,12,19.6,15.0,19.0,5.4,0.21,0.12,0.33,2.29,1,63
2022-23,36,357,226,Stuart Dallas,DEF,Leeds,11,15,1,2023-05-13T11:30:00Z,0,0,0,0,0,0,0,0,0.0,0.0,0.0,0.0,0.0,0.0,0.0,0.0,0,49
2022-23,36,357,227,Patrick Bamford,FWD,Leeds,11,15,1,2023-05-13T11:30:00Z,90,2,0,1,0,2,0,-1,0.0,13.3,37.0,4.9,0.98,0.19,1.17,2.29,1,71
2022-23,36,357,228,Diego Llorente,DEF,Leeds,11,15,1,2023-05-13T11:30:00Z,0,0,0,0,0,0,0,0,0.0,0.0,0.0,0.0,0.0,0.0,0.0,0.0,0,44
2022-23,36,357,229,Tyler Roberts,MID,Leeds,11,15,1,2023-05-13T11:30:00Z,0,0,0,0,0,0,0,0,0.0,0.0,0.0,0.0,0.0,0.0,0.0,0.0,0,50
2022-23,36,357,230,Robin Koch,DEF,Leeds,11,15,1,2023-05-13T11:30:00Z,90,1,0,0,0,2,0,9,17.8,11.4,6.0,3.5,0.0,0.05,0.05,2.42,1,45
2022-23,36,360,231,Daniel James,MID,Fulham,9,17,0,2023-05-13T14:00:00Z,0,0,0,0,0,0,0,0,0.0,0.0,0.0,0.0,0.0,0.0,0.0,0.0,0,59
2022-23,36,357,232,Raphael Dias Belloli,MID,Leeds,11,15,1,2023-05-13T11:30:00Z,0,0,0,0,0,0,0,0,0.0,0.0,0.0,0.0,0.0,0.0,0.0,0.0,0,70
2022-23,36,357,233,Jack Harrison,MID,Leeds,11,15,1,2023-05-13T11:30:00Z,63,2,0,0,0,1,0,3,1.4,1.3,0.0,0.3,0.0,0.01,0.01,1.45,1,57
2022-23,36,357,234,Jamie Shackleton,MID,Leeds,11,15,1,2023-05-13T11:30:00Z,0,0,0,0,0,0,0,0,0.0,0.0,0.0,0.0,0.0,0.0,0.0,0.0,0,45
2022-23,36,357,235,Pascal Struijk,DEF,Leeds,11,15,1,2023-05-13T11:30:00Z,1,1,0,0,0,0,0,6,6.0,0.0,0.0,0.6,0.0,0.0,0.0,0.13,0,45
2022-23,36,357,236,Kristoffer Klaesson,GK,Leeds,11,15,1,2023-05-13T11:30:00Z,0,0,0,0,0,0,0,0,0.0,0.0,0.0,0.0,0.0,0.0,0.0,0.0,0,38
2022-23,36,357,237,Sam Greenwood,FWD,Leeds,11,15,1,2023-05-13T11:30:00Z,45,1,0,0,0,1,0,2,3.0,0.3,1.0,0.4,0.08,0.0,0.08,1.18,1,40
2022-23,36,357,238,Illan Meslier,GK,Leeds,11,15,1,2023-05-13T11:30:00Z,0,0,0,0,0,0,0,0,0.0,0.0,0.0,0.0,0.0,0.0,0.0,0.0,0,45
2022-23,36,357,239,Junior Firpo Adames,DEF,Leeds,11,15,1,2023-05-13T11:30:00Z,90,-2,0,0,0,2,0,-8,2.0,1.2,2.0,0.5,0.0,0.01,0.01,2.55,1,45
2022-23,36,357,240,Crysencio Summerville,MID,Leeds,11,15,1,2023-05-13T11:30:00Z,0,0,0,0,0,0,0,0,0.0,0.0,0.0,0.0,0.0,0.0,0.0,0.0,0,42
2022-23,36,357,241,Lewis Bate,MID,Leeds,11,15,1,2023-05-13T11:30:00Z,0,0,0,0,0,0,0,0,0.0,0.0,0.0,0.0,0.0,0.0,0.0,0.0,0,45
2022-23,36,357,242,Joe Gelhardt,FWD,Leeds,11,15,1,2023-05-13T11:30:00Z,0,0,0,0,0,0,0,0,0.0,0.0,0.0,0.0,0.0,0.0,0.0,0.0,0,51
2022-23,36,357,243,Leo Fuhr Hjelde,DEF,Leeds,11,15,1,2023-05-13T11:30:00Z,0,0,0,0,0,0,0,0,0.0,0.0,0.0,0.0,0.0,0.0,0.0,0.0,0,39
2022-23,36,357,244,Rasmus Kristensen,DEF,Leeds,11,15,1,2023-05-13T11:30:00Z,90,7,1,0,0,2,0,23,48.2,0.3,17.0,6.6,0.03,0.0,0.03,2.42,1,47
2022-23,36,357,245,Marc Roca Junqué,MID,Leeds,11,15,1,2023-05-13T11:30:00Z,0,0,0,0,0,0,0,0,0.0,0.0,0.0,0.0,0.0,0.0,0.0,0.0,0,48
2022-23,36,357,246,Brenden Aaronson,MID,Leeds,11,15,1,2023-05-13T11:30:00Z,3,1,0,0,0,0,0,2,0.0,0.3,0.0,0.0,0.0,0.0,0.0,0.13,0,53
2022-23,36,357,247,Darko Gyabi,MID,Leeds,11,15,1,2023-05-13T11:30:00Z,0,0,0,0,0,0,0,0,0.0,0.0,0.0,0.0,0.0,0.0,0.0,0.0,0,42
2022-23,36,358,248,Kasper Schmeichel,GK,Leicester,10,12,1,2023-05-15T19:00:00Z,0,0,0,0,0,0,0,0,0.0,0.0,0.0,0.0,0.0,0.0,0.0,0.0,0,50
2022-23,36,358,249,Jonny Evans,DEF,Leicester,10,12,1,2023-05-15T19:00:00Z,88,1,0,0,0,3,0,7,15.0,0.3,0.0,1.5,0.0,0.0,0.0,2.04,1,44
2022-23,36,358,250,Ryan Bertrand,DEF,Leicester,10,12,1,2023-05-15T19:00:00Z,0,0,0,0,0,0,0,0,0.0,0.0,0.0,0.0,0.0,0.0,0.0,0.0,0,39
2022-23,36,358,251,Marc Albrighton,MID,Leicester,10,12,1,2023-05-15T19:00:00Z,0,0,0,0,0,0,0,0,0.0,0.0,0.0,0.0,0.0,0.0,0.0,0.0,0,47
2022-23,36,358,252,Nampalys Mendy,MID,Leicester,10,12,1,2023-05-15T19:00:00Z,0,0,0,0,0,0,0,0,0.0,0.0,0.0,0.0,0.0,0.0,0.0,0.0,0,42
2022-23,36,358,253,Jannik Vestergaard,DEF,Leicester,10,12,1,2023-05-15T19:00:00Z,0,0,0,0,0,0,0,0,0.0,0.0,0.0,0.0,0.0,0.0,0.0,0.0,0,38
2022-23,36,358,254,Danny Ward,GK,Leicester,10,12,1,2023-05-15T19:00:00Z,0,0,0,0,0,0,0,0,0.0,0.0,0.0,0.0,0.0,0.0,0.0,0.0,0,38
2022-23,36,358,255,Jamie Vardy,FWD,Leicester,10,12,1,2023-05-15T19:00:00Z,90,2,0,0,0,3,0,2,10.0,0.7,52.0,6.3,0.34,0.02,0.36,2.04,1,91
2022-23,36,358,256,Ricardo Barbosa Pereira,DEF,Leicester,10,12,1,2023-05-15T19:00:00Z,66,0,0,0,0,2,0,6,13.6,10.6,0.0,2.4,0.0,0.01,0.01,1.17,1,42
2022-23,36,358,257,Daniel Amartey,DEF,Leicester,10,12,1,2023-05-15T19:00:00Z,0,0,0,0,0,0,0,0,0.0,0.0,0.0,0.0,0.0,0.0,0.0,0.0,0,39
2022-23,36,358,258,Timothy Castagne,DEF,Leicester,10,12,1,2023-05-15T19:00:00Z,90,1,0,0,0,3,0,9,16.4,0.5,0.0,1.7,0.0,0.0,0.0,2.04,1,43
2022-23,36,358,259,Youri Tielemans,MID,Leicester,10,12,1,2023-05-15T19:00:00Z,90,2,0,0,0,3,0,10,20.8,18.3,2.0,4.1,0.0,0.03,0.03,2.04,1,61
2022-23,36,358,260,Ayoze Pérez,MID,Leicester,10,12,1,2023-05-15T19:00:00Z,0,0,0,0,0,0,0,0,0.0,0.0,0.0,0.0,0.0,0.0,0.0,0.0,0,47
2022-23,36,358,261,James Maddison,MID,Leicester,10,12,1,2023-05-15T19:00:00Z,90,2,0,0,0,3,0,6,10.8,6.9,17.0,3.5,0.17,0.01,0.18,2.04,1,78
2022-23,36,358,262,Kelechi Iheanacho,FWD,Leicester,10,12,1,2023-05-15T19:00:00Z,0,0,0,0,0,0,0,0,0.0,0.0,0.0,0.0,0.0,0.0,0.0,0.0,0,58
2022-23,36,358,263,Hamza Choudhury,MID,Leicester,10,12,1,2023-05-15T19:00:00Z,0,0,0,0,0,0,0,0,0.0,0.0,0.0,0.0,0.0,0.0,0.0,0.0,0,45
2022-23,36,358,264,Harvey Barnes,MID,Leicester,10,12,1,2023-05-15T19:00:00Z,60,2,0,0,0,2,0,9,9.8,13.8,9.0,3.3,0.04,0.23,0.27,1.17,1,66
2022-23,36,358,265,Wilfred Ndidi,MID,Leicester,10,12,1,2023-05-15T19:00:00Z,60,2,0,0,0,2,0,10,24.4,0.1,0.0,2.5,0.0,0.0,0.0,1.17,1,48
2022-23,36,358,266,Kiernan Dewsbury-Hall,MID,Leicester,10,12,1,2023-05-15T19:00:00Z,0,0,0,0,0,0,0,0,0.0,0.0,0.0,0.0,0.0,0.0,0.0,0.0,0,49
2022-23,36,358,267,Çaglar Söyüncü,DEF,Leicester,10,12,1,2023-05-15T19:00:00Z,0,0,0,0,0,0,0,0,0.0,0.0,0.0,0.0,0.0,0.0,0.0,0.0,0,42
2022-23,36,358,268,James Justin,DEF,Leicester,10,12,1,2023-05-15T19:00:00Z,0,0,0,0,0,0,0,0,0.0,0.0,0.0,0.0,0.0,0.0,0.0,0.0,0,41
2022-23,36,358,269,Boubakary Soumaré,MID,Leicester,10,12,1,2023-05-15T19:00:00Z,90,2,0,0,0,3,0,4,9.6,1.8,0.0,1.1,0.0,0.0,0.0,2.04,1,44
2022-23,36,358,270,Luke Thomas,DEF,Leicester,10,12,1,2023-05-15T19:00:00Z,23,0,0,0,0,1,0,2,6.8,1.3,0.0,0.8,0.0,0.01,0.01,0.87,0,39
2022-23,36,358,271,Patson Daka,FWD,Leicester,10,12,1,2023-05-15T19:00:00Z,29,1,0,0,0,1,0,3,2.2,4.1,2.0,0.8,0.0,0.01,0.01,0.87,0,56
2022-23,36,354,272,Wesley Fofana,DEF,Chelsea,6,16,1,2023-05-13T14:00:00Z,0,0,0,0,0,0,0,0,0.0,0.0,0.0,0.0,0.0,0.0,0.0,0.0,0,43
2022-23,36,358,273,Lewis Brunt,DEF,Leicester,10,12,1,2023-05-15T19:00:00Z,0,0,0,0,0,0,0,0,0.0,0.0,0.0,0.0,0.0,0.0,0.0,0.0,0,39
2022-23,36,358,274,James Milner,MID,Liverpool,12,10,0,2023-05-15T19:00:00Z,16,1,0,0,0,0,0,4,3.0,14.0,0.0,1.7,0.0,0.01,0.01,0.09,0,44
2022-23,36,358,275,Jordan Henderson,MID,Liverpool,12,10,0,2023-05-15T19:00:00Z,73,3,0,0,1,0,0,16,14.0,31.3,2.0,4.7,0.0,0.06,0.06,0.45,1,53
2022-23,36,358,276,Joel Matip,DEF,Liverpool,12,10,0,2023-05-15T19:00:00Z,0,0,0,0,0,0,0,0,0.0,0.0,0.0,0.0,0.0,0.0,0.0,0.0,0,59
2022-23,36,358,277,Thiago Alcántara do Nascimento,MID,Liverpool,12,10,0,2023-05-15T19:00:00Z,0,0,0,0,0,0,0,0,0.0,0.0,0.0,0.0,0.0,0.0,0.0,0.0,0,51
2022-23,36,358,278,Alex Oxlade-Chamberlain,MID,Liverpool,12,10,0,2023-05-15T19:00:00Z,0,0,0,0,0,0,0,0,0.0,0.0,0.0,0.0,0.0,0.0,0.0,0.0,0,49
2022-23,36,358,279,Roberto Firmino,FWD,Liverpool,12,10,0,2023-05-15T19:00:00Z,0,0,0,0,0,0,0,0,0.0,0.0,0.0,0.0,0.0,0.0,0.0,0.0,0,80
2022-23,36,358,280,Virgil van Dijk,DEF,Liverpool,12,10,0,2023-05-15T19:00:00Z,90,6,0,0,1,0,0,28,16.2,1.0,2.0,1.9,0.0,0.01,0.01,0.54,1,66
2022-23,36,358,281,Alisson Ramses Becker,GK,Liverpool,12,10,0,2023-05-15T19:00:00Z,90,9,0,0,1,0,2,35,35.2,0.0,0.0,3.5,0.0,0.01,0.01,0.54,1,54
2022-23,36,358,282,Fabio Henrique Tavares,MID,Liverpool,12,10,0,2023-05-15T19:00:00Z,90,3,0,0,1,0,0,9,11.0,6.0,2.0,1.9,0.06,0.03,0.09,0.54,1,52
2022-23,36,358,283,Mohamed Salah,MID,Liverpool,12,10,0,2023-05-15T19:00:00Z,87,12,0,3,1,0,0,33,57.0,52.7,48.0,15.8,0.94,0.42,1.36,0.45,1,131
2022-23,36,358,284,Andrew Robertson,DEF,Liverpool,12,10,0,2023-05-15T19:00:00Z,90,6,0,0,1,0,0,25,10.4,18.8,4.0,3.3,0.0,0.03,0.03,0.54,1,68
2022-23,36,358,285,Trent Alexander-Arnold,DEF,Liverpool,12,10,0,2023-05-15T19:00:00Z,90,13,1,0,1,0,1,34,46.6,35.3,9.0,9.1,0.07,0.3,0.37,0.54,1,77
2022-23,36,358,286,Joseph Gomez,DEF,Liverpool,12,10,0,2023-05-15T19:00:00Z,0,0,0,0,0,0,0,0,0.0,0.0,0.0,0.0,0.0,0.0,0.0,0.0,0,43
2022-23,36,358,287,Naby Keita,MID,Liverpool,12,10,0,2023-05-15T19:00:00Z,0,0,0,0,0,0,0,0,0.0,0.0,0.0,0.0,0.0,0.0,0.0,0.0,0,47
2022-23,36,358,288,Diogo Teixeira da Silva,FWD,Liverpool,12,10,0,2023-05-15T19:00:00Z,16,1,0,0,0,0,0,3,0.8,0.1,6.0,0.7,0.0,0.0,0.0,0.09,0,87
2022-23,36,358,289,Caoimhin Kelleher,GK,Liverpool,12,10,0,2023-05-15T19:00:00Z,0,0,0,0,0,0,0,0,0.0,0.0,0.0,0.0,0.0,0.0,0.0,0.0,0,40
2022-23,36,358,290,Ibrahima Konaté,DEF,Liverpool,12,10,0,2023-05-15T19:00:00Z,90,5,0,0,1,0,0,21,8.2,0.7,5.0,1.4,0.02,0.01,0.03,0.54,1,48
2022-23,36,358,291,Curtis Jones,MID,Liverpool,12,10,0,2023-05-15T19:00:00Z,83,16,2,0,1,0,3,57,78.8,30.5,59.0,16.8,0.5,0.19,0.69,0.45,1,49
2022-23,36,358,292,Konstantinos Tsimikas,DEF,Liverpool,12,10,0,2023-05-15T19:00:00Z,0,0,0,0,0,0,0,0,0.0,0.0,0.0,0.0,0.0,0.0,0.0,0.0,0,43
2022-23,36,358,293,Luis Díaz,MID,Liverpool,12,10,0,2023-05-15T19:00:00Z,73,3,0,0,1,0,0,1,1.2,18.4,22.0,4.2,0.1,0.17,0.27,0.45,1,78
2022-23,36,358,294,Harvey Elliott,MID,Liverpool,12,10,0,2023-05-15T19:00:00Z,2,1,0,0,0,0,0,3,0.0,0.0,5.0,0.5,0.04,0.0,0.04,0.09,0,48
2022-23,36,354,295,Neco Williams,DEF,Nott'm Forest,16,6,0,2023-05-13T14:00:00Z,0,0,0,0,0,0,0,0,0.0,0.0,0.0,0.0,0.0,0.0,0.0,0.0,0,38
2022-23,36,358,296,Fábio Freitas Gouveia Carvalho,MID,Liverpool,12,10,0,2023-05-15T19:00:00Z,6,1,0,0,0,0,0,1,0.2,0.4,0.0,0.1,0.0,0.0,0.0,0.09,0,51
2022-23,36,358,297,Darwin Núñez Ribeiro,FWD,Liverpool,12,10,0,2023-05-15T19:00:00Z,0,0,0,0,0,0,0,0,0.0,0.0,0.0,0.0,0.0,0.0,0.0,0.0,0,86
2022-23,36,358,298,Calvin Ramsay,DEF,Liverpool,12,10,0,2023-05-15T19:00:00Z,0,0,0,0,0,0,0,0,0.0,0.0,0.0,0.0,0.0,0.0,0.0,0.0,0,39
2022-23,36,356,299,Kyle Walker,DEF,Man City,13,8,0,2023-05-14T13:00:00Z,90,6,0,0,1,0,0,28,14.0,8.7,3.0,2.6,0.02,0.02,0.04,1.78,1,47
2022-23,36,356,300,Ilkay Gündogan,MID,Man City,13,8,0,2023-05-14T13:00:00Z,77,19,2,1,1,0,3,61,85.4,27.8,34.0,14.7,0.26,0.37,0.63,1.78,1,73
2022-23,36,356,301,Kevin De Bruyne,MID,Man City,13,8,0,2023-05-14T13:00:00Z,0,0,0,0,0,0,0,0,0.0,0.0,0.0,0.0,0.0,0.0,0.0,0.0,0,122
2022-23,36,356,302,John Stones,DEF,Man City,13,8,0,2023-05-14T13:00:00Z,0,0,0,0,0,0,0,0,0.0,0.0,0.0,0.0,0.0,0.0,0.0,0.0,0,56
2022-23,36,356,303,Riyad Mahrez,MID,Man City,13,8,0,2023-05-14T13:00:00Z,90,6,0,1,1,0,0,22,30.0,33.9,11.0,7.5,0.07,0.22,0.29,1.78,1,74
2022-23,36,354,304,Raheem Sterling,MID,Chelsea,6,16,1,2023-05-13T14:00:00Z,90,15,2,0,0,2,3,50,80.2,19.4,58.0,15.8,0.56,0.05,0.61,1.63,1,97
2022-23,36,356,305,Jack Grealish,MID,Man City,13,8,0,2023-05-14T13:00:00Z,12,1,0,0,0,0,0,0,1.0,0.8,0.0,0.2,0.0,0.0,0.0,0.0,0,72
2022-23,36,356,306,João Cancelo,DEF,Man City,13,8,0,2023-05-14T13:00:00Z,0,0,0,0,0,0,0,0,0.0,0.0,0.0,0.0,0.0,0.0,0.0,0.0,0,71
2022-23,36,356,307,Ederson Santana de Moraes,GK,Man City,13,8,0,2023-05-14T13:00:00Z,90,8,0,0,1,0,2,31,21.4,0.0,0.0,2.1,0.0,0.0,0.0,1.78,1,54
2022-23,36,356,308,Nathan Aké,DEF,Man City,13,8,0,2023-05-14T13:00:00Z,0,0,0,0,0,0,0,0,0.0,0.0,0.0,0.0,0.0,0.0,0.0,0.0,0,50
2022-23,36,356,309,Aymeric Laporte,DEF,Man City,13,8,0,2023-05-14T13:00:00Z,90,7,0,0,1,0,1,30,22.2,17.0,2.0,4.1,0.0,0.05,0.05,1.78,1,56
2022-23,36,356,310,Zack Steffen,GK,Man City,13,8,0,2023-05-14T13:00:00Z,0,0,0,0,0,0,0,0,0.0,0.0,0.0,0.0,0.0,0.0,0.0,0.0,0,40
2022-23,36,356,311,Bernardo Veiga de Carvalho e Silva,MID,Man City,13,8,0,2023-05-14T13:00:00Z,12,1,0,0,0,0,0,3,0.6,1.2,0.0,0.2,0.0,0.0,0.0,0.0,0,67
2022-23,36,356,312,Rúben Gato Alves Dias,DEF,Man City,13,8,0,2023-05-14T13:00:00Z,90,6,0,0,1,0,0,27,27.4,2.5,0.0,3.0,0.0,0.02,0.02,1.78,1,60
2022-23,36,351,313,Oleksandr Zinchenko,DEF,Arsenal,1,5,1,2023-05-14T15:30:00Z,0,0,0,0,0,0,0,0,0.0,0.0,0.0,0.0,0.0,0.0,0.0,0.0,0,51
2022-23,36,356,314,Phil Foden,MID,Man City,13,8,0,2023-05-14T13:00:00Z,90,6,0,1,1,0,0,23,7.6,17.8,10.0,3.5,0.03,0.1,0.13,1.78,1,80
2022-23,36,356,315,Rodrigo Hernandez,MID,Man City,13,8,0,2023-05-14T13:00:00Z,87,3,0,0,1,0,0,15,11.4,5.7,7.0,2.4,0.02,0.04,0.06,1.78,1,56
2022-23,36,356,316,Cole Palmer,MID,Man City,13,8,0,2023-05-14T13:00:00Z,0,0,0,0,0,0,0,0,0.0,0.0,0.0,0.0,0.0,0.0,0.0,0.0,0,42
2022-23,36,356,317,James McAtee,MID,Man City,13,8,0,2023-05-14T13:00:00Z,0,0,0,0,0,0,0,0,0.0,0.0,0.0,0.0,0.0,0.0,0.0,0.0,0,45
2022-23,36,356,318,Erling Haaland,FWD,Man City,13,8,0,2023-05-14T13:00:00Z,77,7,1,0,1,0,1,30,33.2,0.8,41.0,7.5,0.36,0.01,0.37,1.78,1,124
2022-23,36,356,319,Julián Álvarez,FWD,Man City,13,8,0,2023-05-14T13:00:00Z,90,2,0,0,1,0,0,3,3.2,6.0,8.0,1.7,0.0,0.09,0.09,1.78,1,60
2022-23,36,356,320,Luke Mbete-Tabu,DEF,Man City,13,8,0,2023-05-14T13:00:00Z,0,0,0,0,0,0,0,0,0.0,0.0,0.0,0.0,0.0,0.0,0.0,0.0,0,39
2022-23,36,360,321,Roméo Lavia,MID,Southampton,17,9,1,2023-05-13T14:00:00Z,90,1,0,0,0,2,0,5,5.0,3.0,2.0,1.0,0.02,0.01,0.03,1.49,1,45
2022-23,36,356,322,Josh Wilson-Esbrand,DEF,Man City,13,8,0,2023-05-14T13:00:00Z,0,0,0,0,0,0,0,0,0.0,0.0,0.0,0.0,0.0,0.0,0.0,0.0,0,38
2022-23,36,356,323,Liam Delap,FWD,Man City,13,8,0,2023-05-14T13:00:00Z,0,0,0,0,0,0,0,0,0.0,0.0,0.0,0.0,0.0,0.0,0.0,0.0,0,44
2022-23,36,356,324,Stefan Ortega Moreno,GK,Man City,13,8,0,2023-05-14T13:00:00Z,0,0,0,0,0,0,0,0,0.0,0.0,0.0,0.0,0.0,0.0,0.0,0.0,0,38
2022-23,36,356,325,Kalvin Phillips,MID,Man City,13,8,0,2023-05-14T13:00:00Z,2,1,0,0,0,0,0,3,0.2,1.4,0.0,0.2,0.0,0.0,0.0,0.0,0,48
2022-23,36,359,326,Cristiano Ronaldo dos Santos Aveiro,FWD,Man Utd,14,20,1,2023-05-13T14:00:00Z,0,0,0,0,0,0,0,0,0.0,0.0,0.0,0.0,0.0,0.0,0.0,0.0,0,102
2022-23,36,359,327,David De Gea Quintana,GK,Man Utd,14,20,1,2023-05-13T14:00:00Z,90,6,0,0,1,0,0,19,1.8,0.0,0.0,0.2,0.0,0.0,0.0,0.39,1,50
2022-23,36,359,328,Phil Jones,DEF,Man Utd,14,20,1,2023-05-13T14:00:00Z,0,0,0,0,0,0,0,0,0.0,0.0,0.0,0.0,0.0,0.0,0.0,0.0,0,38
2022-23,36,359,329,Raphaël Varane,DEF,Man Utd,14,20,1,2023-05-13T14:00:00Z,80,6,0,0,1,0,0,23,12.8,1.9,18.0,3.3,0.04,0.01,0.05,0.39,1,48
2022-23,36,359,330,Harry Maguire,DEF,Man Utd,14,20,1,2023-05-13T14:00:00Z,9,1,0,0,0,0,0,4,3.4,0.1,0.0,0.4,0.0,0.0,0.0,0.0,0,47
2022-23,36,359,331,Frederico Rodrigues de Paula Santos,MID,Man Utd,14,20,1,2023-05-13T14:00:00Z,9,1,0,0,0,0,0,7,4.6,0.3,0.0,0.5,0.0,0.0,0.0,0.0,0,51
2022-23,36,359,332,Luke Shaw,DEF,Man Utd,14,20,1,2023-05-13T14:00:00Z,90,8,0,0,1,0,3,37,25.2,23.7,4.0,5.3,0.04,0.23,0.27,0.39,1,52
2022-23,36,359,333,Bruno Borges Fernandes,MID,Man Utd,14,20,1,2023-05-13T14:00:00Z,90,6,0,1,1,0,0,26,31.2,66.0,47.0,14.4,0.43,0.6,1.03,0.39,1,94
2022-23,36,359,334,Alex Telles,DEF,Man Utd,14,20,1,2023-05-13T14:00:00Z,0,0,0,0,0,0,0,0,0.0,0.0,0.0,0.0,0.0,0.0,0.0,0.0,0,50
2022-23,36,359,335,Marcus Rashford,MID,Man Utd,14,20,1,2023-05-13T14:00:00Z,0,0,0,0,0,0,0,0,0.0,0.0,0.0,0.0,0.0,0.0,0.0,0.0,0,73
2022-23,36,359,336,Donny van de Beek,MID,Man Utd,14,20,1,2023-05-13T14:00:00Z,0,0,0,0,0,0,0,0,0.0,0.0,0.0,0.0,0.0,0.0,0.0,0.0,0,51
2022-23,36,359,337,Victor Lindelöf,DEF,Man Utd,14,20,1,2023-05-13T14:00:00Z,90,7,0,0,1,0,1,28,11.2,31.8,6.0,4.9,0.12,0.26,0.38,0.39,1,41
2022-23,36,359,338,Scott McTominay,MID,Man Utd,14,20,1,2023-05-13T14:00:00Z,0,0,0,0,0,0,0,0,0.0,0.0,0.0,0.0,0.0,0.0,0.0,0.0,0,49
2022-23,36,359,339,Eric Bailly,DEF,Man Utd,14,20,1,2023-05-13T14:00:00Z,0,0,0,0,0,0,0,0,0.0,0.0,0.0,0.0,0.0,0.0,0.0,0.0,0,40
2022-23,36,359,340,Jadon Sancho,MID,Man Utd,14,20,1,2023-05-13T14:00:00Z,81,3,0,0,1,0,0,13,12.4,38.2,31.0,8.2,0.13,0.08,0.21,0.39,1,71
2022-23,36,359,341,Aaron Wan-Bissaka,DEF,Man Utd,14,20,1,2023-05-13T14:00:00Z,90,6,0,0,1,0,0,24,14.2,12.9,4.0,3.1,0.0,0.03,0.03,0.39,1,43
2022-23,36,359,342,Diogo Dalot Teixeira,DEF,Man Utd,14,20,1,2023-05-13T14:00:00Z,0,0,0,0,0,0,0,0,0.0,0.0,0.0,0.0,0.0,0.0,0.0,0.0,0,48
2022-23,36,359,343,Brandon Williams,DEF,Man Utd,14,20,1,2023-05-13T14:00:00Z,0,0,0,0,0,0,0,0,0.0,0.0,0.0,0.0,0.0,0.0,0.0,0.0,0,38
2022-23,36,359,344,Anthony Elanga,MID,Man Utd,14,20,1,2023-05-13T14:00:00Z,0,0,0,0,0,0,0,0,0.0,0.0,0.0,0.0,0.0,0.0,0.0,0.0,0,46
2022-23,36,359,345,Anthony Martial,FWD,Man Utd,14,20,1,2023-05-13T14:00:00Z,68,8,1,0,1,0,2,34,41.2,24.0,37.0,10.2,0.51,0.05,0.56,0.32,1,63
2022-23,36,360,346,Andreas Hoelgebaum Pereira,MID,Fulham,9,17,0,2023-05-13T14:00:00Z,0,0,0,0,0,0,0,0,0.0,0.0,0.0,0.0,0.0,0.0,0.0,0.0,0,44
2022-23,36,359,347,Facundo Pellistri Rebollo,MID,Man Utd,14,20,1,2023-05-13T14:00:00Z,0,0,0,0,0,0,0,0,0.0,0.0,0.0,0.0,0.0,0.0,0.0,0.0,0,43
2022-23,36,359,348,Tom Heaton,GK,Man Utd,14,20,1,2023-05-13T14:00:00Z,0,0,0,0,0,0,0,0,0.0,0.0,0.0,0.0,0.0,0.0,0.0,0.0,0,38
2022-23,36,354,349,Jonjo Shelvey,MID,Nott'm Forest,16,6,0,2023-05-13T14:00:00Z,0,0,0,0,0,0,0,0,0.0,0.0,0.0,0.0,0.0,0.0,0.0,0.0,0,48
2022-23,36,248,350,Matt Ritchie,DEF,Newcastle,15,5,1,2023-05-18T18:30:00Z,0,0,0,0,0,0,0,0,0.0,0.0,0.0,0.0,0.0,0.0,0.0,0.0,0,42
2022-23,36,357,350,Matt Ritchie,DEF,Newcastle,15,11,0,2023-05-13T11:30:00Z,0,0,0,0,0,0,0,0,0.0,0.0,0.0,0.0,0.0,0.0,0.0,0.0,0,42
2022-23,36,248,351,Federico Fernández,DEF,Newcastle,15,5,1,2023-05-18T18:30:00Z,0,0,0,0,0,0,0,0,0.0,0.0,0.0,0.0,0.0,0.0,0.0,0.0,0,44
2022-23,36,357,351,Federico Fernández,DEF,Newcastle,15,11,0,2023-05-13T11:30:00Z,0,0,0,0,0,0,0,0,0.0,0.0,0.0,0.0,0.0,0.0,0.0,0.0,0,44
2022-23,36,248,352,Ciaran Clark,DEF,Newcastle,15,5,1,2023-05-18T18:30:00Z,0,0,0,0,0,0,0,0,0.0,0.0,0.0,0.0,0.0,0.0,0.0,0.0,0,45
2022-23,36,357,352,Ciaran Clark,DEF,Newcastle,15,11,0,2023-05-13T11:30:00Z,0,0,0,0,0,0,0,0,0.0,0.0,0.0,0.0,0.0,0.0,0.0,0.0,0,45
2022-23,36,248,353,Karl Darlow,GK,Newcastle,15,5,1,2023-05-18T18:30:00Z,0,0,0,0,0,0,0,0,0.0,0.0,0.0,0.0,0.0,0.0,0.0,0.0,0,39
2022-23,36,357,353,Karl Darlow,GK,Newcastle,15,11,0,2023-05-13T11:30:00Z,0,0,0,0,0,0,0,0,0.0,0.0,0.0,0.0,0.0,0.0,0.0,0.0,0,39
2022-23,36,354,354,Chris Wood,FWD,Nott'm Forest,16,6,0,2023-05-13T14:00:00Z,0,0,0,0,0,0,0,0,0.0,0.0,0.0,0.0,0.0,0.0,0.0,0.0,0,56
2022-23,36,248,355,Martin Dubravka,GK,Newcastle,15,5,1,2023-05-18T18:30:00Z,0,0,0,0,0,0,0,0,0.0,0.0,0.0,0.0,0.0,0.0,0.0,0.0,0,41
2022-23,36,357,355,Martin Dubravka,GK,Newcastle,15,11,0,2023-05-13T11:30:00Z,0,0,0,0,0,0,0,0,0.0,0.0,0.0,0.0,0.0,0.0,0.0,0.0,0,41
2022-23,36,248,356,Callum Wilson,FWD,Newcastle,15,5,1,2023-05-18T18:30:00Z,90,12,1,1,0,1,3,39,54.4,31.2,58.0,14.4,1.3,0.29,1.59,0.49,1,71
2022-23,36,357,356,Callum Wilson,FWD,Newcastle,15,11,0,2023-05-13T11:30:00Z,72,12,2,0,0,1,3,53,70.4,10.7,66.0,14.7,1.76,0.01,1.77,1.87,1,71
2022-23,36,248,357,Kieran Trippier,DEF,Newcastle,15,5,1,2023-05-18T18:30:00Z,90,10,0,2,0,1,2,38,27.2,46.2,0.0,7.3,0.0,0.35,0.35,0.4,1,61
2022-23,36,357,357,Kieran Trippier,DEF,Newcastle,15,11,0,2023-05-13T11:30:00Z,90,1,0,0,0,2,0,14,25.8,46.8,8.0,8.1,0.09,0.32,0.41,2.06,1,61
2022-23,36,248,358,Dan Burn,DEF,Newcastle,15,5,1,2023-05-18T18:30:00Z,90,8,1,0,0,1,0,25,44.2,5.6,50.0,10.0,0.61,0.02,0.63,0.49,1,45
2022-23,36,357,358,Dan Burn,DEF,Newcastle,15,11,0,2023-05-13T11:30:00Z,90,1,0,0,0,2,0,15,20.0,11.8,1.0,3.3,0.04,0.02,0.06,2.06,1,45
2022-23,36,248,359,Ryan Fraser,MID,Newcastle,15,5,1,2023-05-18T18:30:00Z,0,0,0,0,0,0,0,0,0.0,0.0,0.0,0.0,0.0,0.0,0.0,0.0,0,52
2022-23,36,357,359,Ryan Fraser,MID,Newcastle,15,11,0,2023-05-13T11:30:00Z,0,0,0,0,0,0,0,0,0.0,0.0,0.0,0.0,0.0,0.0,0.0,0.0,0,52
2022-23,36,248,360,Jamaal Lascelles,DEF,Newcastle,15,5,1,2023-05-18T18:30:00Z,0,0,0,0,0,0,0,0,0.0,0.0,0.0,0.0,0.0,0.0,0.0,0.0,0,43
2022-23,36,357,360,Jamaal Lascelles,DEF,Newcastle,15,11,0,2023-05-13T11:30:00Z,0,0,0,0,0,0,0,0,0.0,0.0,0.0,0.0,0.0,0.0,0.0,0.0,0,43
2022-23,36,248,361,Dwight Gayle,FWD,Newcastle,15,5,1,2023-05-18T18:30:00Z,0,0,0,0,0,0,0,0,0.0,0.0,0.0,0.0,0.0,0.0,0.0,0.0,0,45
2022-23,36,357,361,Dwight Gayle,FWD,Newcastle,15,11,0,2023-05-13T11:30:00Z,0,0,0,0,0,0,0,0,0.0,0.0,0.0,0.0,0.0,0.0,0.0,0.0,0,45
2022-23,36,248,362,Paul Dummett,DEF,Newcastle,15,5,1,2023-05-18T18:30:00Z,0,0,0,0,0,0,0,0,0.0,0.0,0.0,0.0,0.0,0.0,0.0,0.0,0,39
2022-23,36,357,362,Paul Dummett,DEF,Newcastle,15,11,0,2023-05-13T11:30:00Z,0,0,0,0,0,0,0,0,0.0,0.0,0.0,0.0,0.0,0.0,0.0,0.0,0,39
2022-23,36,248,363,Javier Manquillo Gaitán,DEF,Newcastle,15,5,1,2023-05-18T18:30:00Z,1,1,0,0,0,0,0,3,0.0,0.0,0.0,0.0,0.0,0.0,0.0,0.09,0,42
2022-23,36,357,363,Javier Manquillo Gaitán,DEF,Newcastle,15,11,0,2023-05-13T11:30:00Z,0,0,0,0,0,0,0,0,0.0,0.0,0.0,0.0,0.0,0.0,0.0,0.0,0,42
2022-23,36,248,364,Emil Krafth,DEF,Newcastle,15,5,1,2023-05-18T18:30:00Z,0,0,0,0,0,0,0,0,0.0,0.0,0.0,0.0,0.0,0.0,0.0,0.0,0,43
2022-23,36,357,364,Emil Krafth,DEF,Newcastle,15,11,0,2023-05-13T11:30:00Z,0,0,0,0,0,0,0,0,0.0,0.0,0.0,0.0,0.0,0.0,0.0,0.0,0,43
2022-23,36,248,365,Jacob Murphy,MID,Newcastle,15,5,1,2023-05-18T18:30:00Z,0,0,0,0,0,0,0,0,0.0,0.0,0.0,0.0,0.0,0.0,0.0,0.0,0,42
2022-23,36,357,365,Jacob Murphy,MID,Newcastle,15,11,0,2023-05-13T11:30:00Z,0,0,0,0,0,0,0,0,0.0,0.0,0.0,0.0,0.0,0.0,0.0,0.0,0,42
2022-23,36,248,366,Fabian Schär,DEF,Newcastle,15,5,1,2023-05-18T18:30:00Z,90,1,0,0,0,1,0,1,10.8,4.2,50.0,6.5,0.27,0.02,0.29,0.49,1,51
2022-23,36,357,366,Fabian Schär,DEF,Newcastle,15,11,0,2023-05-13T11:30:00Z,90,1,0,0,0,2,0,12,16.8,0.6,23.0,4.0,0.31,0.03,0.34,2.06,1,51
2022-23,36,248,367,Matt Targett,DEF,Newcastle,15,5,1,2023-05-18T18:30:00Z,1,1,0,0,0,0,0,3,0.4,0.3,0.0,0.1,0.0,0.01,0.01,0.09,0,47
2022-23,36,357,367,Matt Targett,DEF,Newcastle,15,11,0,2023-05-13T11:30:00Z,0,0,0,0,0,0,0,0,0.0,0.0,0.0,0.0,0.0,0.0,0.0,0.0,0,47
2022-23,36,248,368,Allan Saint-Maximin,MID,Newcastle,15,5,1,2023-05-18T18:30:00Z,1,1,0,0,0,0,0,4,1.2,0.3,4.0,0.6,0.0,0.02,0.02,0.09,0,61
2022-23,36,357,368,Allan Saint-Maximin,MID,Newcastle,15,11,0,2023-05-13T11:30:00Z,17,1,0,0,0,1,0,2,6.4,0.5,23.0,3.0,0.03,0.01,0.04,0.18,0,61
2022-23,36,248,369,Miguel Almirón Rejala,MID,Newcastle,15,5,1,2023-05-18T18:30:00Z,90,5,0,1,0,1,0,24,32.8,50.2,39.0,12.2,0.5,0.5,1.0,0.4,1,54
2022-23,36,357,369,Miguel Almirón Rejala,MID,Newcastle,15,11,0,2023-05-13T11:30:00Z,72,2,0,0,0,1,0,6,1.0,6.8,16.0,2.4,0.08,0.05,0.13,1.87,1,54
2022-23,36,248,370,Sean Longstaff,MID,Newcastle,15,5,1,2023-05-18T18:30:00Z,0,0,0,0,0,0,0,0,0.0,0.0,0.0,0.0,0.0,0.0,0.0,0.0,0,43
2022-23,36,357,370,Sean Longstaff,MID,Newcastle,15,11,0,2023-05-13T11:30:00Z,0,0,0,0,0,0,0,0,0.0,0.0,0.0,0.0,0.0,0.0,0.0,0.0,0,43
2022-23,36,248,371,Joelinton Cássio Apolinário de Lira,MID,Newcastle,15,5,1,2023-05-18T18:30:00Z,90,2,0,0,0,1,0,-1,4.4,12.5,9.0,2.6,0.07,0.01,0.08,0.4,1,61
2022-23,36,357,371,Joelinton Cássio Apolinário de Lira,MID,Newcastle,15,11,0,2023-05-13T11:30:00Z,90,2,0,0,0,2,0,17,9.6,13.4,5.0,2.8,0.05,0.05,0.1,2.06,1,61
2022-23,36,248,372,Jamal Lewis,DEF,Newcastle,15,5,1,2023-05-18T18:30:00Z,0,0,0,0,0,0,0,0,0.0,0.0,0.0,0.0,0.0,0.0,0.0,0.0,0,44
2022-23,36,357,372,Jamal Lewis,DEF,Newcastle,15,11,0,2023-05-13T11:30:00Z,0,0,0,0,0,0,0,0,0.0,0.0,0.0,0.0,0.0,0.0,0.0,0.0,0,44
2022-23,36,248,373,Joe Willock,MID,Newcastle,15,5,1,2023-05-18T18:30:00Z,60,2,0,0,0,1,0,9,2.0,21.8,8.0,3.2,0.14,0.15,0.29,0.24,1,47
2022-23,36,357,373,Joe Willock,MID,Newcastle,15,11,0,2023-05-13T11:30:00Z,86,5,0,1,0,2,0,23,15.8,36.1,12.0,6.4,0.02,0.05,0.07,2.06,1,47
2022-23,36,248,374,Bruno Guimarães Rodriguez Moura,MID,Newcastle,15,5,1,2023-05-18T18:30:00Z,90,7,1,0,0,1,1,32,47.8,12.3,18.0,7.8,0.22,0.03,0.25,0.49,1,55
2022-23,36,357,374,Bruno Guimarães Rodriguez Moura,MID,Newcastle,15,11,0,2023-05-13T11:30:00Z,90,1,0,0,0,2,0,9,15.4,19.1,0.0,3.5,0.0,0.11,0.11,2.06,1,55
2022-23,36,248,375,Jeff Hendrick,MID,Newcastle,15,5,1,2023-05-18T18:30:00Z,0,0,0,0,0,0,0,0,0.0,0.0,0.0,0.0,0.0,0.0,0.0,0.0,0,45
2022-23,36,357,375,Jeff Hendrick,MID,Newcastle,15,11,0,2023-05-13T11:30:00Z,0,0,0,0,0,0,0,0,0.0,0.0,0.0,0.0,0.0,0.0,0.0,0.0,0,45
2022-23,36,248,376,Nick Pope,GK,Newcastle,15,5,1,2023-05-18T18:30:00Z,90,2,0,0,0,1,0,12,7.4,0.0,0.0,0.7,0.0,0.0,0.0,0.49,1,54
2022-23,36,357,376,Nick Pope,GK,Newcastle,15,11,0,2023-05-13T11:30:00Z,90,8,0,0,0,2,2,27,39.8,0.0,0.0,4.0,0.0,0.0,0.0,2.06,1,54
2022-23,36,248,377,Sven Botman,DEF,Newcastle,15,5,1,2023-05-18T18:30:00Z,90,2,0,0,0,1,0,8,8.0,0.7,2.0,1.1,0.0,0.01,0.01,0.49,1,45
2022-23,36,357,377,Sven Botman,DEF,Newcastle,15,11,0,2023-05-13T11:30:00Z,90,1,0,0,0,2,0,15,14.0,0.1,0.0,1.4,0.0,0.0,0.0,2.06,1,45
2022-23,36,354,378,Harry Arter,MID,Nott'm Forest,16,6,0,2023-05-13T14:00:00Z,0,0,0,0,0,0,0,0,0.0,0.0,0.0,0.0,0.0,0.0,0.0,0.0,0,41
2022-23,36,354,379,Steve Cook,DEF,Nott'm Forest,16,6,0,2023-05-13T14:00:00Z,0,0,0,0,0,0,0,0,0.0,0.0,0.0,0.0,0.0,0.0,0.0,0.0,0,43
2022-23,36,354,380,Lyle Taylor,FWD,Nott'm Forest,16,6,0,2023-05-13T14:00:00Z,0,0,0,0,0,0,0,0,0.0,0.0,0.0,0.0,0.0,0.0,0.0,0.0,0,41
2022-23,36,354,381,Jack Colback,MID,Nott'm Forest,16,6,0,2023-05-13T14:00:00Z,0,0,0,0,0,0,0,0,0.0,0.0,0.0,0.0,0.0,0.0,0.0,0.0,0,41
2022-23,36,354,382,Brice Samba,GK,Nott'm Forest,16,6,0,2023-05-13T14:00:00Z,0,0,0,0,0,0,0,0,0.0,0.0,0.0,0.0,0.0,0.0,0.0,0.0,0,45
2022-23,36,354,383,Carlos Ribeiro Dias,MID,Nott'm Forest,16,6,0,2023-05-13T14:00:00Z,0,0,0,0,0,0,0,0,0.0,0.0,0.0,0.0,0.0,0.0,0.0,0.0,0,42
2022-23,36,354,384,Joe Lolley,MID,Nott'm Forest,16,6,0,2023-05-13T14:00:00Z,0,0,0,0,0,0,0,0,0.0,0.0,0.0,0.0,0.0,0.0,0.0,0.0,0,49
2022-23,36,354,385,Scott McKenna,DEF,Nott'm Forest,16,6,0,2023-05-13T14:00:00Z,0,0,0,0,0,0,0,0,0.0,0.0,0.0,0.0,0.0,0.0,0.0,0.0,0,44
2022-23,36,354,386,Mohamed Dräger,DEF,Nott'm Forest,16,6,0,2023-05-13T14:00:00Z,0,0,0,0,0,0,0,0,0.0,0.0,0.0,0.0,0.0,0.0,0.0,0.0,0,40
2022-23,36,354,387,Ryan Yates,MID,Nott'm Forest,16,6,0,2023-05-13T14:00:00Z,84,2,0,0,0,2,0,12,10.0,0.2,2.0,1.2,0.0,0.0,0.0,1.01,1,50
2022-23,36,354,388,Joe Worrall,DEF,Nott'm Forest,16,6,0,2023-05-13T14:00:00Z,90,1,0,0,0,2,0,8,22.2,0.2,0.0,2.2,0.0,0.0,0.0,1.14,1,42
2022-23,36,354,389,Jonathan Panzo,DEF,Nott'm Forest,16,6,0,2023-05-13T14:00:00Z,0,0,0,0,0,0,0,0,0.0,0.0,0.0,0.0,0.0,0.0,0.0,0.0,0,40
2022-23,36,354,390,Xande Nascimento da Costa Silva,MID,Nott'm Forest,16,6,0,2023-05-13T14:00:00Z,0,0,0,0,0,0,0,0,0.0,0.0,0.0,0.0,0.0,0.0,0.0,0.0,0,50
2022-23,36,354,391,Sam Surridge,FWD,Nott'm Forest,16,6,0,2023-05-13T14:00:00Z,0,0,0,0,0,0,0,0,0.0,0.0,0.0,0.0,0.0,0.0,0.0,0.0,0,46
2022-23,36,354,392,Richie Laryea,DEF,Nott'm Forest,16,6,0,2023-05-13T14:00:00Z,0,0,0,0,0,0,0,0,0.0,0.0,0.0,0.0,0.0,0.0,0.0,0.0,0,45
2022-23,36,354,393,Loïc Mbe Soh,DEF,Nott'm Forest,16,6,0,2023-05-13T14:00:00Z,0,0,0,0,0,0,0,0,0.0,0.0,0.0,0.0,0.0,0.0,0.0,0.0,0,42
2022-23,36,354,394,Brennan Johnson,FWD,Nott'm Forest,16,6,0,2023-05-13T14:00:00Z,9,1,0,0,0,0,0,3,0.0,0.0,0.0,0.0,0.0,0.0,0.0,0.14,0,55
2022-23,36,354,395,Alex Mighten,MID,Nott'm Forest,16,6,0,2023-05-13T14:00:00Z,0,0,0,0,0,0,0,0,0.0,0.0,0.0,0.0,0.0,0.0,0.0,0.0,0,49
2022-23,36,354,396,Braian Ojeda Rodríguez,MID,Nott'm Forest,16,6,0,2023-05-13T14:00:00Z,0,0,0,0,0,0,0,0,0.0,0.0,0.0,0.0,0.0,0.0,0.0,0.0,0,45
2022-23,36,354,397,Taiwo Awoniyi,FWD,Nott'm Forest,16,6,0,2023-05-13T14:00:00Z,80,12,2,0,0,2,2,48,67.2,1.5,34.0,10.3,0.65,0.0,0.65,1.01,1,56
2022-23,36,354,398,Dean Henderson,GK,Nott'm Forest,16,6,0,2023-05-13T14:00:00Z,0,0,0,0,0,0,0,0,0.0,0.0,0.0,0.0,0.0,0.0,0.0,0.0,0,46
2022-23,36,354,399,Giulian Biancone,DEF,Nott'm Forest,16,6,0,2023-05-13T14:00:00Z,0,0,0,0,0,0,0,0,0.0,0.0,0.0,0.0,0.0,0.0,0.0,0.0,0,42
2022-23,36,360,400,Theo Walcott,MID,Southampton,17,9,1,2023-05-13T14:00:00Z,61,2,0,0,0,1,0,6,6.6,1.5,4.0,1.2,0.0,0.0,0.0,1.23,1,48
2022-23,36,360,401,Alex McCarthy,GK,Southampton,17,9,1,2023-05-13T14:00:00Z,90,1,0,0,0,2,0,9,6.4,0.0,0.0,0.6,0.0,0.0,0.0,1.49,1,43
2022-23,36,360,402,Oriol Romeu Vidal,MID,Southampton,17,9,1,2023-05-13T14:00:00Z,0,0,0,0,0,0,0,0,0.0,0.0,0.0,0.0,0.0,0.0,0.0,0.0,0,48
2022-23,36,360,403,Nathan Redmond,MID,Southampton,17,9,1,2023-05-13T14:00:00Z,0,0,0,0,0,0,0,0,0.0,0.0,0.0,0.0,0.0,0.0,0.0,0.0,0,53
2022-23,36,355,404,Jack Stephens,DEF,Bournemouth,3,7,0,2023-05-13T14:00:00Z,0,0,0,0,0,0,0,0,0.0,0.0,0.0,0.0,0.0,0.0,0.0,0.0,0,43
2022-23,36,360,405,Stuart Armstrong,MID,Southampton,17,9,1,2023-05-13T14:00:00Z,72,2,0,0,0,2,0,9,8.4,20.0,2.0,3.0,0.0,0.06,0.06,1.44,1,47
2022-23,36,360,406,Mohamed Elyounoussi,MID,Southampton,17,9,1,2023-05-13T14:00:00Z,17,1,0,0,0,0,0,1,0.0,0.0,0.0,0.0,0.0,0.0,0.0,0.05,0,51
2022-23,36,360,407,James Ward-Prowse,MID,Southampton,17,9,1,2023-05-13T14:00:00Z,90,2,0,0,0,2,0,23,22.4,8.3,0.0,3.1,0.0,0.15,0.15,1.49,1,61
2022-23,36,360,408,Adam Armstrong,FWD,Southampton,17,9,1,2023-05-13T14:00:00Z,8,1,0,0,0,0,0,3,0.2,1.2,0.0,0.1,0.0,0.0,0.0,0.05,0,53
2022-23,36,360,409,Kyle Walker-Peters,DEF,Southampton,17,9,1,2023-05-13T14:00:00Z,90,1,0,0,0,2,0,17,15.2,16.5,0.0,3.2,0.0,0.12,0.12,1.49,1,44
2022-23,36,360,410,Jan Bednarek,DEF,Southampton,17,9,1,2023-05-13T14:00:00Z,90,1,0,0,0,2,0,15,21.0,0.4,0.0,2.1,0.0,0.01,0.01,1.49,1,42
2022-23,36,360,411,Che Adams,FWD,Southampton,17,9,1,2023-05-13T14:00:00Z,0,0,0,0,0,0,0,0,0.0,0.0,0.0,0.0,0.0,0.0,0.0,0.0,0,60
2022-23,36,360,412,Nathan Tella,MID,Southampton,17,9,1,2023-05-13T14:00:00Z,0,0,0,0,0,0,0,0,0.0,0.0,0.0,0.0,0.0,0.0,0.0,0.0,0,50
2022-23,36,360,413,Lyanco Silveira Neves Vojnovic,DEF,Southampton,17,9,1,2023-05-13T14:00:00Z,90,1,0,0,0,2,0,19,32.0,1.0,0.0,3.3,0.0,0.01,0.01,1.49,1,44
2022-23,36,360,414,Yan Valery,DEF,Southampton,17,9,1,2023-05-13T14:00:00Z,0,0,0,0,0,0,0,0,0.0,0.0,0.0,0.0,0.0,0.0,0.0,0.0,0,40
2022-23,36,360,415,Will Smallbone,MID,Southampton,17,9,1,2023-05-13T14:00:00Z,0,0,0,0,0,0,0,0,0.0,0.0,0.0,0.0,0.0,0.0,0.0,0.0,0,45
2022-23,36,360,416,Ibrahima Diallo,MID,Southampton,17,9,1,2023-05-13T14:00:00Z,0,0,0,0,0,0,0,0,0.0,0.0,0.0,0.0,0.0,0.0,0.0,0.0,0,42
2022-23,36,360,417,Romain Perraud,DEF,Southampton,17,9,1,2023-05-13T14:00:00Z,0,0,0,0,0,0,0,0,0.0,0.0,0.0,0.0,0.0,0.0,0.0,0.0,0,41
2022-23,36,360,418,Moussa Djenepo,MID,Southampton,17,9,1,2023-05-13T14:00:00Z,17,0,0,0,0,0,0,-3,0.0,11.0,2.0,1.2,0.0,0.01,0.01,0.05,0,49
2022-23,36,360,419,Tino Livramento,DEF,Southampton,17,9,1,2023-05-13T14:00:00Z,0,0,0,0,0,0,0,0,0.0,0.0,0.0,0.0,0.0,0.0,0.0,0.0,0,44
2022-23,36,360,420,Mohammed Salisu,DEF,Southampton,17,9,1,2023-05-13T14:00:00Z,0,0,0,0,0,0,0,0,0.0,0.0,0.0,0.0,0.0,0.0,0.0,0.0,0,43
2022-23,36,360,421,Mateusz Lis,GK,Southampton,17,9,1,2023-05-13T14:00:00Z,0,0,0,0,0,0,0,0,0.0,0.0,0.0,0.0,0.0,0.0,0.0,0.0,0,40
2022-23,36,360,422,Gavin Bazunu,GK,Southampton,17,9,1,2023-05-13T14:00:00Z,0,0,0,0,0,0,0,0,0.0,0.0,0.0,0.0,0.0,0.0,0.0,0.0,0,44
2022-23,36,360,423,Armel Bella-Kotchap,DEF,Southampton,17,9,1,2023-05-13T14:00:00Z,0,0,0,0,0,0,0,0,0.0,0.0,0.0,0.0,0.0,0.0,0.0,0.0,0,45
2022-23,36,360,424,Willy Caballero,GK,Southampton,17,9,1,2023-05-13T14:00:00Z,0,0,0,0,0,0,0,0,0.0,0.0,0.0,0.0,0.0,0.0,0.0,0.0,0,38
2022-23,36,352,425,Hugo Lloris,GK,Spurs,18,2,0,2023-05-13T14:00:00Z,0,0,0,0,0,0,0,0,0.0,0.0,0.0,0.0,0.0,0.0,0.0,0.0,0,54
2022-23,36,352,426,Fraser Forster,GK,Spurs,18,2,0,2023-05-13T14:00:00Z,90,1,0,0,0,2,0,13,17.6,0.0,0.0,1.8,0.0,0.0,0.0,1.18,1,39
2022-23,36,352,427,Harry Kane,FWD,Spurs,18,2,0,2023-05-13T14:00:00Z,90,7,1,0,0,2,2,24,35.2,8.1,38.0,8.1,1.09,0.0,1.09,1.18,1,114
2022-23,36,352,428,Son Heung-min,MID,Spurs,18,2,0,2023-05-13T14:00:00Z,90,2,0,0,0,2,0,-1,0.4,1.8,4.0,0.6,0.0,0.13,0.13,1.18,1,115
2022-23,36,352,429,Matt Doherty,DEF,Spurs,18,2,0,2023-05-13T14:00:00Z,0,0,0,0,0,0,0,0,0.0,0.0,0.0,0.0,0.0,0.0,0.0,0.0,0,46
2022-23,36,352,430,Eric Dier,DEF,Spurs,18,2,0,2023-05-13T14:00:00Z,0,0,0,0,0,0,0,0,0.0,0.0,0.0,0.0,0.0,0.0,0.0,0.0,0,50
2022-23,36,352,431,Lucas Rodrigues Moura da Silva,MID,Spurs,18,2,0,2023-05-13T14:00:00Z,0,0,0,0,0,0,0,0,0.0,0.0,0.0,0.0,0.0,0.0,0.0,0.0,0,58
2022-23,36,352,432,Ben Davies,DEF,Spurs,18,2,0,2023-05-13T14:00:00Z,89,1,0,0,0,2,0,6,4.2,1.5,2.0,0.8,0.0,0.0,0.0,1.18,1,47
2022-23,36,352,433,Pierre-Emile Højbjerg,MID,Spurs,18,2,0,2023-05-13T14:00:00Z,90,2,0,0,0,2,0,16,15.4,14.3,2.0,3.2,0.0,0.06,0.06,1.18,1,53
2022-23,36,352,434,Harry Winks,MID,Spurs,18,2,0,2023-05-13T14:00:00Z,0,0,0,0,0,0,0,0,0.0,0.0,0.0,0.0,0.0,0.0,0.0,0.0,0,44
2022-23,36,352,435,Davinson Sánchez,DEF,Spurs,18,2,0,2023-05-13T14:00:00Z,0,0,0,0,0,0,0,0,0.0,0.0,0.0,0.0,0.0,0.0,0.0,0.0,0,42
2022-23,36,352,436,Ryan Sessegnon,DEF,Spurs,18,2,0,2023-05-13T14:00:00Z,0,0,0,0,0,0,0,0,0.0,0.0,0.0,0.0,0.0,0.0,0.0,0.0,0,44
2022-23,36,352,437,Steven Bergwijn,MID,Spurs,18,2,0,2023-05-13T14:00:00Z,0,0,0,0,0,0,0,0,0.0,0.0,0.0,0.0,0.0,0.0,0.0,0.0,0,55
2022-23,36,352,438,Sergio Reguilón,DEF,Spurs,18,2,0,2023-05-13T14:00:00Z,0,0,0,0,0,0,0,0,0.0,0.0,0.0,0.0,0.0,0.0,0.0,0.0,0,42
2022-23,36,352,439,Japhet Tanganga,DEF,Spurs,18,2,0,2023-05-13T14:00:00Z,0,0,0,0,0,0,0,0,0.0,0.0,0.0,0.0,0.0,0.0,0.0,0.0,0,38
2022-23,36,352,440,Rodrigo Bentancur,MID,Spurs,18,2,0,2023-05-13T14:00:00Z,0,0,0,0,0,0,0,0,0.0,0.0,0.0,0.0,0.0,0.0,0.0,0.0,0,53
2022-23,36,352,441,Oliver Skipp,MID,Spurs,18,2,0,2023-05-13T14:00:00Z,60,1,0,0,0,1,0,4,0.0,2.5,0.0,0.2,0.0,0.0,0.0,1.09,1,43
2022-23,36,352,442,Joe Rodon,DEF,Spurs,18,2,0,2023-05-13T14:00:00Z,0,0,0,0,0,0,0,0,0.0,0.0,0.0,0.0,0.0,0.0,0.0,0.0,0,40
2022-23,36,352,443,Cristian Romero,DEF,Spurs,18,2,0,2023-05-13T14:00:00Z,90,0,0,0,0,2,0,14,15.8,0.8,0.0,1.7,0.0,0.01,0.01,1.18,1,49
2022-23,36,352,444,Yves Bissouma,MID,Spurs,18,2,0,2023-05-13T14:00:00Z,29,1,0,0,0,1,0,8,2.0,3.3,2.0,0.7,0.0,0.01,0.01,0.08,0,47
2022-23,36,352,445,Emerson Leite de Souza Junior,DEF,Spurs,18,2,0,2023-05-13T14:00:00Z,90,1,0,0,0,2,0,11,18.4,8.1,0.0,2.7,0.0,0.01,0.01,1.18,1,48
2022-23,36,352,446,Dejan Kulusevski,MID,Spurs,18,2,0,2023-05-13T14:00:00Z,28,1,0,0,0,1,0,2,2.6,5.4,13.0,2.1,0.22,0.04,0.26,0.08,0,78
2022-23,36,352,447,Dane Scarlett,FWD,Spurs,18,2,0,2023-05-13T14:00:00Z,0,0,0,0,0,0,0,0,0.0,0.0,0.0,0.0,0.0,0.0,0.0,0.0,0,45
2022-23,36,352,448,Ivan Perišić,DEF,Spurs,18,2,0,2023-05-13T14:00:00Z,1,1,0,0,0,0,0,5,4.2,14.8,0.0,1.9,0.0,0.01,0.01,0.0,0,53
2022-23,36,352,449,Harvey White,MID,Spurs,18,2,0,2023-05-13T14:00:00Z,0,0,0,0,0,0,0,0,0.0,0.0,0.0,0.0,0.0,0.0,0.0,0.0,0,44
2022-23,36,352,450,Pape Matar Sarr,MID,Spurs,18,2,0,2023-05-13T14:00:00Z,0,0,0,0,0,0,0,0,0.0,0.0,0.0,0.0,0.0,0.0,0.0,0.0,0,42
2022-23,36,352,451,Brandon Austin,GK,Spurs,18,2,0,2023-05-13T14:00:00Z,0,0,0,0,0,0,0,0,0.0,0.0,0.0,0.0,0.0,0.0,0.0,0.0,0,39
2022-23,36,352,452,Alfie Devine,MID,Spurs,18,2,0,2023-05-13T14:00:00Z,0,0,0,0,0,0,0,0,0.0,0.0,0.0,0.0,0.0,0.0,0.0,0.0,0,43
2022-23,36,352,453,Troy Parrott,FWD,Spurs,18,2,0,2023-05-13T14:00:00Z,0,0,0,0,0,0,0,0,0.0,0.0,0.0,0.0,0.0,0.0,0.0,0.0,0,45
2022-23,36,352,454,Richarlison de Andrade,FWD,Spurs,18,2,0,2023-05-13T14:00:00Z,61,2,0,0,0,1,0,1,0.0,0.3,2.0,0.0,0.0,0.0,0.0,1.09,1,84
2022-23,36,353,455,Lukasz Fabianski,GK,West Ham,19,4,0,2023-05-14T13:00:00Z,90,3,0,0,0,2,0,22,50.0,0.0,0.0,5.0,0.0,0.0,0.0,3.62,1,49
2022-23,36,353,456,Angelo Ogbonna,DEF,West Ham,19,4,0,2023-05-14T13:00:00Z,90,1,0,0,0,2,0,17,25.0,10.5,0.0,3.6,0.0,0.0,0.0,3.62,1,44
2022-23,36,353,457,Aaron Cresswell,DEF,West Ham,19,4,0,2023-05-14T13:00:00Z,0,0,0,0,0,0,0,0,0.0,0.0,0.0,0.0,0.0,0.0,0.0,0.0,0,47
2022-23,36,353,458,Michail Antonio,FWD,West Ham,19,4,0,2023-05-14T13:00:00Z,0,0,0,0,0,0,0,0,0.0,0.0,0.0,0.0,0.0,0.0,0.0,0.0,0,70
2022-23,36,359,459,Craig Dawson,DEF,Wolves,20,14,0,2023-05-13T14:00:00Z,90,0,0,0,0,2,0,8,13.2,0.7,4.0,1.8,0.07,0.02,0.09,2.68,1,48
2022-23,36,353,460,Manuel Lanzini,MID,West Ham,19,4,0,2023-05-14T13:00:00Z,90,2,0,0,0,2,0,14,7.0,3.8,2.0,1.3,0.0,0.06,0.06,3.62,1,50
2022-23,36,353,461,Kurt Zouma,DEF,West Ham,19,4,0,2023-05-14T13:00:00Z,0,0,0,0,0,0,0,0,0.0,0.0,0.0,0.0,0.0,0.0,0.0,0.0,0,44
2022-23,36,353,462,Arthur Masuaku,DEF,West Ham,19,4,0,2023-05-14T13:00:00Z,0,0,0,0,0,0,0,0,0.0,0.0,0.0,0.0,0.0,0.0,0.0,0.0,0,45
2022-23,36,353,463,Vladimir Coufal,DEF,West Ham,19,4,0,2023-05-14T13:00:00Z,0,0,0,0,0,0,0,0,0.0,0.0,0.0,0.0,0.0,0.0,0.0,0.0,0,40
2022-23,36,353,464,Saïd Benrahma,MID,West Ham,19,4,0,2023-05-14T13:00:00Z,31,1,0,0,0,0,0,7,6.4,1.8,23.0,3.1,0.11,0.01,0.12,1.04,0,55
2022-23,36,353,465,Jarrod Bowen,MID,West Ham,19,4,0,2023-05-14T13:00:00Z,7,1,0,0,0,0,0,2,0.0,0.1,0.0,0.0,0.0,0.0,0.0,0.32,0,80
2022-23,36,353,466,Nikola Vlasic,MID,West Ham,19,4,0,2023-05-14T13:00:00Z,0,0,0,0,0,0,0,0,0.0,0.0,0.0,0.0,0.0,0.0,0.0,0.0,0,50
2022-23,36,353,467,Declan Rice,MID,West Ham,19,4,0,2023-05-14T13:00:00Z,32,1,0,0,0,0,0,5,4.8,1.8,0.0,0.7,0.0,0.01,0.01,1.04,0,47
2022-23,36,353,468,Tomas Soucek,MID,West Ham,19,4,0,2023-05-14T13:00:00Z,57,1,0,0,0,2,0,7,0.4,3.1,0.0,0.4,0.0,0.01,0.01,2.58,1,50
2022-23,36,353,469,Pablo Fornals Malla,MID,West Ham,19,4,0,2023-05-14T13:00:00Z,57,1,0,0,0,2,0,3,0.0,5.3,0.0,0.5,0.0,0.02,0.02,2.58,1,49
2022-23,36,360,470,Issa Diop,DEF,Fulham,9,17,0,2023-05-13T14:00:00Z,90,8,0,0,1,0,2,29,23.4,1.3,0.0,2.5,0.0,0.01,0.01,0.25,1,43
2022-23,36,353,471,Ben Johnson,DEF,West Ham,19,4,0,2023-05-14T13:00:00Z,90,1,0,0,0,2,0,12,12.8,5.6,17.0,3.5,0.03,0.01,0.04,3.62,1,44
2022-23,36,353,472,Nayef Aguerd,DEF,West Ham,19,4,0,2023-05-14T13:00:00Z,90,1,0,0,0,2,0,14,30.6,10.3,0.0,4.1,0.0,0.0,0.0,3.62,1,48
2022-23,36,353,473,Alphonse Areola,GK,West Ham,19,4,0,2023-05-14T13:00:00Z,0,0,0,0,0,0,0,0,0.0,0.0,0.0,0.0,0.0,0.0,0.0,0.0,0,43
2022-23,36,354,474,Willy Boly,DEF,Nott'm Forest,16,6,0,2023-05-13T14:00:00Z,0,0,0,0,0,0,0,0,0.0,0.0,0.0,0.0,0.0,0.0,0.0,0.0,0,41
2022-23,36,356,475,Conor Coady,DEF,Everton,8,13,1,2023-05-14T13:00:00Z,34,1,0,0,0,0,0,3,3.2,0.1,0.0,0.3,0.0,0.0,0.0,0.14,0,47
2022-23,36,359,476,Raúl Jiménez,FWD,Wolves,20,14,0,2023-05-13T14:00:00Z,12,1,0,0,0,1,0,1,0.0,0.3,4.0,0.3,0.0,0.0,0.0,0.84,0,65
2022-23,36,359,477,Jonathan Castro Otto,DEF,Wolves,20,14,0,2023-05-13T14:00:00Z,0,0,0,0,0,0,0,0,0.0,0.0,0.0,0.0,0.0,0.0,0.0,0.0,0,43
2022-23,36,359,478,José Malheiro de Sá,GK,Wolves,20,14,0,2023-05-13T14:00:00Z,0,0,0,0,0,0,0,0,0.0,0.0,0.0,0.0,0.0,0.0,0.0,0.0,0,50
2022-23,36,352,479,Leander Dendoncker,MID,Aston Villa,2,18,1,2023-05-13T14:00:00Z,0,0,0,0,0,0,0,0,0.0,0.0,0.0,0.0,0.0,0.0,0.0,0.0,0,47
2022-23,36,359,480,Rúben da Silva Neves,MID,Wolves,20,14,0,2023-05-13T14:00:00Z,90,2,0,0,0,2,0,13,19.4,31.3,4.0,5.5,0.0,0.14,0.14,2.68,1,52
2022-23,36,359,481,Hwang Hee-chan,MID,Wolves,20,14,0,2023-05-13T14:00:00Z,45,1,0,0,0,1,0,1,0.0,2.7,17.0,2.0,0.19,0.08,0.27,1.23,0,57
2022-23,36,359,482,Nélson Cabral Semedo,DEF,Wolves,20,14,0,2023-05-13T14:00:00Z,90,1,0,0,0,2,0,17,14.0,2.8,0.0,1.7,0.0,0.01,0.01,2.68,1,50
2022-23,36,359,483,Daniel Castelo Podence,MID,Wolves,20,14,0,2023-05-13T14:00:00Z,29,1,0,0,0,1,0,4,1.8,3.8,4.0,1.0,0.0,0.15,0.15,1.03,0,52
2022-23,36,359,484,Max Kilman,DEF,Wolves,20,14,0,2023-05-13T14:00:00Z,90,1,0,0,0,2,0,16,12.2,10.8,8.0,3.1,0.12,0.0,0.12,2.68,1,43
2022-23,36,359,485,Luke Cundle,MID,Wolves,20,14,0,2023-05-13T14:00:00Z,0,0,0,0,0,0,0,0,0.0,0.0,0.0,0.0,0.0,0.0,0.0,0.0,0,44
2022-23,36,359,486,Pedro Lomba Neto,MID,Wolves,20,14,0,2023-05-13T14:00:00Z,45,1,0,0,0,1,0,2,1.2,20.6,2.0,2.4,0.0,0.03,0.03,1.45,1,49
2022-23,36,359,487,Rayan Aït-Nouri,DEF,Wolves,20,14,0,2023-05-13T14:00:00Z,0,0,0,0,0,0,0,0,0.0,0.0,0.0,0.0,0.0,0.0,0.0,0.0,0,41
2022-23,36,359,488,Fabio Silva,FWD,Wolves,20,14,0,2023-05-13T14:00:00Z,0,0,0,0,0,0,0,0,0.0,0.0,0.0,0.0,0.0,0.0,0.0,0.0,0,55
2022-23,36,359,489,Toti António Gomes,DEF,Wolves,20,14,0,2023-05-13T14:00:00Z,61,2,0,0,0,1,0,11,5.8,5.9,6.0,1.8,0.0,0.01,0.01,1.65,1,39
2022-23,36,359,490,Francisco Jorge Tomás Oliveira,MID,Wolves,20,14,0,2023-05-13T14:00:00Z,0,0,0,0,0,0,0,0,0.0,0.0,0.0,0.0,0.0,0.0,0.0,0.0,0,50
2022-23,36,359,491,Adama Traoré Diarra,MID,Wolves,20,14,0,2023-05-13T14:00:00Z,15,1,0,0,0,1,0,1,0.0,0.0,2.0,0.0,0.0,0.0,0.0,0.84,0,53
2022-23,36,359,492,Matija Šarkić,GK,Wolves,20,14,0,2023-05-13T14:00:00Z,0,0,0,0,0,0,0,0,0.0,0.0,0.0,0.0,0.0,0.0,0.0,0.0,0,39
2022-23,36,354,493,Morgan Gibbs-White,MID,Nott'm Forest,16,6,0,2023-05-13T14:00:00Z,90,2,0,0,0,2,0,10,9.2,14.5,0.0,2.4,0.0,0.09,0.09,1.14,1,55
2022-23,36,359,494,Yerson Mosquera Valdelamar,DEF,Wolves,20,14,0,2023-05-13T14:00:00Z,0,0,0,0,0,0,0,0,0.0,0.0,0.0,0.0,0.0,0.0,0.0,0.0,0,39
2022-23,36,355,495,Remi Matthews,GK,Crystal Palace,7,3,1,2023-05-13T14:00:00Z,0,0,0,0,0,0,0,0,0.0,0.0,0.0,0.0,0.0,0.0,0.0,0.0,0,40
2022-23,36,355,496,Luke Plange,FWD,Crystal Palace,7,3,1,2023-05-13T14:00:00Z,0,0,0,0,0,0,0,0,0.0,0.0,0.0,0.0,0.0,0.0,0.0,0.0,0,45
2022-23,36,358,497,Adrián San Miguel del Castillo,GK,Liverpool,12,10,0,2023-05-15T19:00:00Z,0,0,0,0,0,0,0,0,0.0,0.0,0.0,0.0,0.0,0.0,0.0,0.0,0,38
2022-23,36,358,498,Rhys Williams,DEF,Liverpool,12,10,0,2023-05-15T19:00:00Z,0,0,0,0,0,0,0,0,0.0,0.0,0.0,0.0,0.0,0.0,0.0,0.0,0,40
2022-23,36,358,499,Ben Davies,DEF,Liverpool,12,10,0,2023-05-15T19:00:00Z,0,0,0,0,0,0,0,0,0.0,0.0,0.0,0.0,0.0,0.0,0.0,0.0,0,40
2022-23,36,358,500,Sepp van den Berg,DEF,Liverpool,12,10,0,2023-05-15T19:00:00Z,0,0,0,0,0,0,0,0,0.0,0.0,0.0,0.0,0.0,0.0,0.0,0.0,0,40
2022-23,36,358,501,Nathaniel Phillips,DEF,Liverpool,12,10,0,2023-05-15T19:00:00Z,0,0,0,0,0,0,0,0,0.0,0.0,0.0,0.0,0.0,0.0,0.0,0.0,0,38
2022-23,36,356,502,Scott Carson,GK,Man City,13,8,0,2023-05-14T13:00:00Z,0,0,0,0,0,0,0,0,0.0,0.0,0.0,0.0,0.0,0.0,0.0,0.0,0,38
2022-23,36,359,503,João Filipe Iria Santos Moutinho,MID,Wolves,20,14,0,2023-05-13T14:00:00Z,0,0,0,0,0,0,0,0,0.0,0.0,0.0,0.0,0.0,0.0,0.0,0.0,0,46
2022-23,36,359,504,Tyrell Malacia,DEF,Man Utd,14,20,1,2023-05-13T14:00:00Z,0,0,0,0,0,0,0,0,0.0,0.0,0.0,0.0,0.0,0.0,0.0,0.0,0,42
2022-23,36,355,505,Joe Rothwell,MID,Bournemouth,3,7,0,2023-05-13T14:00:00Z,80,2,0,0,0,2,0,14,3.4,5.9,0.0,0.9,0.0,0.01,0.01,1.54,1,49
2022-23,36,357,506,Tyler Adams,MID,Leeds,11,15,1,2023-05-13T11:30:00Z,0,0,0,0,0,0,0,0,0.0,0.0,0.0,0.0,0.0,0.0,0.0,0.0,0,49
2022-23,36,354,507,Moussa Niakhaté,DEF,Nott'm Forest,16,6,0,2023-05-13T14:00:00Z,90,1,0,0,0,2,0,7,12.0,0.4,7.0,1.9,0.33,0.0,0.33,1.14,1,43
2022-23,36,357,508,Luis Sinisterra Lucumí,MID,Leeds,11,15,1,2023-05-13T11:30:00Z,0,0,0,0,0,0,0,0,0.0,0.0,0.0,0.0,0.0,0.0,0.0,0.0,0,65
2022-23,36,353,509,Flynn Downes,MID,West Ham,19,4,0,2023-05-14T13:00:00Z,90,2,0,0,0,2,0,12,9.2,3.8,0.0,1.3,0.0,0.01,0.01,3.62,1,42
2022-23,36,353,510,Aaron Hickey,DEF,Brentford,4,19,1,2023-05-14T13:00:00Z,84,5,0,0,1,0,0,23,10.2,21.9,5.0,3.7,0.07,0.03,0.1,0.22,1,49
2022-23,36,354,511,Omar Richards,DEF,Nott'm Forest,16,6,0,2023-05-13T14:00:00Z,0,0,0,0,0,0,0,0,0.0,0.0,0.0,0.0,0.0,0.0,0.0,0.0,0,44
2022-23,36,360,512,Joe Ayodele-Aribo,MID,Southampton,17,9,1,2023-05-13T14:00:00Z,0,0,0,0,0,0,0,0,0.0,0.0,0.0,0.0,0.0,0.0,0.0,0.0,0,50
2022-23,36,352,513,Clément Lenglet,DEF,Spurs,18,2,0,2023-05-13T14:00:00Z,90,1,0,0,0,2,0,14,19.6,10.5,2.0,3.2,0.0,0.02,0.02,1.18,1,48
2022-23,36,355,514,Cheick Doucouré,MID,Crystal Palace,7,3,1,2023-05-13T14:00:00Z,80,3,0,0,1,0,0,16,7.4,13.6,2.0,2.3,0.06,0.05,0.11,0.3,1,50
2022-23,36,353,515,Keane Lewis-Potter,MID,Brentford,4,19,1,2023-05-14T13:00:00Z,0,0,0,0,0,0,0,0,0.0,0.0,0.0,0.0,0.0,0.0,0.0,0.0,0,52
2022-23,36,359,516,Nathan Collins,DEF,Wolves,20,14,0,2023-05-13T14:00:00Z,0,0,0,0,0,0,0,0,0.0,0.0,0.0,0.0,0.0,0.0,0.0,0.0,0,43
2022-23,36,353,517,Thomas Strakosha,GK,Brentford,4,19,1,2023-05-14T13:00:00Z,0,0,0,0,0,0,0,0,0.0,0.0,0.0,0.0,0.0,0.0,0.0,0.0,0,43
2022-23,36,354,518,Wayne Hennessey,GK,Nott'm Forest,16,6,0,2023-05-13T14:00:00Z,0,0,0,0,0,0,0,0,0.0,0.0,0.0,0.0,0.0,0.0,0.0,0.0,0,39
2022-23,36,359,519,Christian Eriksen,MID,Man Utd,14,20,1,2023-05-13T14:00:00Z,80,3,0,0,1,0,0,13,6.6,24.7,4.0,3.5,0.08,0.21,0.29,0.39,1,62
2022-23,36,354,520,Kalidou Koulibaly,DEF,Chelsea,6,16,1,2023-05-13T14:00:00Z,0,0,0,0,0,0,0,0,0.0,0.0,0.0,0.0,0.0,0.0,0.0,0.0,0,55
2022-23,36,360,521,Tyrese Francois,MID,Fulham,9,17,0,2023-05-13T14:00:00Z,0,0,0,0,0,0,0,0,0.0,0.0,0.0,0.0,0.0,0.0,0.0,0.0,0,44
2022-23,36,352,522,Djed Spence,DEF,Spurs,18,2,0,2023-05-13T14:00:00Z,0,0,0,0,0,0,0,0,0.0,0.0,0.0,0.0,0.0,0.0,0.0,0.0,0,41
2022-23,36,354,523,Harry Toffolo,DEF,Nott'm Forest,16,6,0,2023-05-13T14:00:00Z,1,1,0,0,0,0,0,3,0.2,0.0,0.0,0.0,0.0,0.0,0.0,0.08,0,43
2022-23,36,354,524,Lewis O'Brien,MID,Nott'm Forest,16,6,0,2023-05-13T14:00:00Z,0,0,0,0,0,0,0,0,0.0,0.0,0.0,0.0,0.0,0.0,0.0,0.0,0,47
2022-23,36,352,525,Ludwig Augustinsson,DEF,Aston Villa,2,18,1,2023-05-13T14:00:00Z,0,0,0,0,0,0,0,0,0.0,0.0,0.0,0.0,0.0,0.0,0.0,0.0,0,43
2022-23,36,353,526,Ben Mee,DEF,Brentford,4,19,1,2023-05-14T13:00:00Z,90,11,0,1,1,0,2,36,29.0,21.2,48.0,9.8,0.64,0.07,0.71,0.22,1,49
2022-23,36,354,527,Jesse Lingard,MID,Nott'm Forest,16,6,0,2023-05-13T14:00:00Z,0,0,0,0,0,0,0,0,0.0,0.0,0.0,0.0,0.0,0.0,0.0,0.0,0,54
2022-23,36,360,528,Sékou Mara,FWD,Southampton,17,9,1,2023-05-13T14:00:00Z,28,1,0,0,0,1,0,2,0.0,0.3,4.0,0.3,0.0,0.0,0.0,0.26,0,53
2022-23,36,353,529,Gianluca Scamacca,FWD,West Ham,19,4,0,2023-05-14T13:00:00Z,0,0,0,0,0,0,0,0,0.0,0.0,0.0,0.0,0.0,0.0,0.0,0.0,0,66
2022-23,36,355,530,Chris Richards,DEF,Crystal Palace,7,3,1,2023-05-13T14:00:00Z,0,0,0,0,0,0,0,0,0.0,0.0,0.0,0.0,0.0,0.0,0.0,0.0,0,44
2022-23,36,356,531,Rúben Nascimento Vinagre,DEF,Everton,8,13,1,2023-05-14T13:00:00Z,0,0,0,0,0,0,0,0,0.0,0.0,0.0,0.0,0.0,0.0,0.0,0.0,0,43
2022-23,36,360,532,Kevin Mbabu,DEF,Fulham,9,17,0,2023-05-13T14:00:00Z,0,0,0,0,0,0,0,0,0.0,0.0,0.0,0.0,0.0,0.0,0.0,0.0,0,43
2022-23,36,359,533,Lisandro Martínez,DEF,Man Utd,14,20,1,2023-05-13T14:00:00Z,0,0,0,0,0,0,0,0,0.0,0.0,0.0,0.0,0.0,0.0,0.0,0.0,0,44
2022-23,36,356,534,Dwight McNeil,MID,Everton,8,13,1,2023-05-14T13:00:00Z,90,2,0,0,0,3,0,19,29.0,44.3,6.0,7.9,0.05,0.31,0.36,0.76,1,51
2022-23,36,355,535,Marcus Tavernier,MID,Bournemouth,3,7,0,2023-05-13T14:00:00Z,0,0,0,0,0,0,0,0,0.0,0.0,0.0,0.0,0.0,0.0,0.0,0.0,0,47
2022-23,36,354,536,Orel Mangala,MID,Nott'm Forest,16,6,0,2023-05-13T14:00:00Z,90,5,0,1,0,2,0,19,27.0,10.8,0.0,3.8,0.0,0.58,0.58,1.14,1,49
2022-23,36,352,537,Kaine Kesler Hayden,DEF,Aston Villa,2,18,1,2023-05-13T14:00:00Z,0,0,0,0,0,0,0,0,0.0,0.0,0.0,0.0,0.0,0.0,0.0,0.0,0,40
2022-23,36,352,538,Ashley Young,DEF,Aston Villa,2,18,1,2023-05-13T14:00:00Z,90,1,0,0,0,1,0,13,11.8,2.7,4.0,1.9,0.08,0.02,0.1,1.36,1,43
2022-23,36,355,539,James Hill,DEF,Bournemouth,3,7,0,2023-05-13T14:00:00Z,0,0,0,0,0,0,0,0,0.0,0.0,0.0,0.0,0.0,0.0,0.0,0.0,0,44
2022-23,36,353,540,Fin Stevens,DEF,Brentford,4,19,1,2023-05-14T13:00:00Z,0,0,0,0,0,0,0,0,0.0,0.0,0.0,0.0,0.0,0.0,0.0,0.0,0,40
2022-23,36,353,541,Halil Dervişoğlu,FWD,Brentford,4,19,1,2023-05-14T13:00:00Z,0,0,0,0,0,0,0,0,0.0,0.0,0.0,0.0,0.0,0.0,0.0,0.0,0,45
2022-23,36,248,542,Kjell Scherpen,GK,Brighton,5,15,0,2023-05-18T18:30:00Z,0,0,0,0,0,0,0,0,0.0,0.0,0.0,0.0,0.0,0.0,0.0,0.0,0,40
2022-23,36,351,542,Kjell Scherpen,GK,Brighton,5,1,0,2023-05-14T15:30:00Z,0,0,0,0,0,0,0,0,0.0,0.0,0.0,0.0,0.0,0.0,0.0,0.0,0,40
2022-23,36,248,543,Matt Clarke,DEF,Brighton,5,15,0,2023-05-18T18:30:00Z,0,0,0,0,0,0,0,0,0.0,0.0,0.0,0.0,0.0,0.0,0.0,0.0,0,40
2022-23,36,351,543,Matt Clarke,DEF,Brighton,5,1,0,2023-05-14T15:30:00Z,0,0,0,0,0,0,0,0,0.0,0.0,0.0,0.0,0.0,0.0,0.0,0.0,0,40
2022-23,36,248,544,Jan Paul van Hecke,DEF,Brighton,5,15,0,2023-05-18T18:30:00Z,90,-1,0,0,0,4,0,19,37.8,1.1,0.0,3.9,0.0,0.01,0.01,3.16,1,40
2022-23,36,351,544,Jan Paul van Hecke,DEF,Brighton,5,1,0,2023-05-14T15:30:00Z,0,0,0,0,0,0,0,0,0.0,0.0,0.0,0.0,0.0,0.0,0.0,0.0,0,40
2022-23,36,353,545,Emerson Palmieri dos Santos,DEF,West Ham,19,4,0,2023-05-14T13:00:00Z,90,1,0,0,0,2,0,5,15.4,2.4,9.0,2.7,0.03,0.01,0.04,3.62,1,40
2022-23,36,360,546,Luke Harris,MID,Fulham,9,17,0,2023-05-13T14:00:00Z,0,0,0,0,0,0,0,0,0.0,0.0,0.0,0.0,0.0,0.0,0.0,0.0,0,43
2022-23,36,357,547,Cody Drameh,DEF,Leeds,11,15,1,2023-05-13T11:30:00Z,0,0,0,0,0,0,0,0,0.0,0.0,0.0,0.0,0.0,0.0,0.0,0.0,0,40
2022-23,36,358,548,Daniel Iversen,GK,Leicester,10,12,1,2023-05-15T19:00:00Z,90,1,0,0,0,3,0,12,18.4,0.0,0.0,1.8,0.0,0.0,0.0,2.04,1,39
2022-23,36,358,549,Dennis Praet,MID,Leicester,10,12,1,2023-05-15T19:00:00Z,0,0,0,0,0,0,0,0,0.0,0.0,0.0,0.0,0.0,0.0,0.0,0.0,0,48
2022-23,36,359,550,Amad Diallo,MID,Man Utd,14,20,1,2023-05-13T14:00:00Z,0,0,0,0,0,0,0,0,0.0,0.0,0.0,0.0,0.0,0.0,0.0,0.0,0,44
2022-23,36,359,551,Zidane Iqbal,MID,Man Utd,14,20,1,2023-05-13T14:00:00Z,0,0,0,0,0,0,0,0,0.0,0.0,0.0,0.0,0.0,0.0,0.0,0.0,0,42
2022-23,36,248,552,Elliot Anderson,MID,Newcastle,15,5,1,2023-05-18T18:30:00Z,29,1,0,0,0,0,0,3,0.2,0.4,0.0,0.1,0.0,0.0,0.0,0.25,0,43
2022-23,36,357,552,Elliot Anderson,MID,Newcastle,15,11,0,2023-05-13T11:30:00Z,3,1,0,0,0,0,0,3,3.0,10.3,2.0,1.5,0.0,0.0,0.0,0.0,0,43
2022-23,36,354,553,Oliver Hammond,MID,Nott'm Forest,16,6,0,2023-05-13T14:00:00Z,0,0,0,0,0,0,0,0,0.0,0.0,0.0,0.0,0.0,0.0,0.0,0.0,0,42
2022-23,36,352,554,Bryan Gil Salvatierra,MID,Spurs,18,2,0,2023-05-13T14:00:00Z,0,0,0,0,0,0,0,0,0.0,0.0,0.0,0.0,0.0,0.0,0.0,0.0,0,50
2022-23,36,248,555,Harrison Ashby,DEF,Newcastle,15,5,1,2023-05-18T18:30:00Z,0,0,0,0,0,0,0,0,0.0,0.0,0.0,0.0,0.0,0.0,0.0,0.0,0,38
2022-23,36,357,555,Harrison Ashby,DEF,Newcastle,15,11,0,2023-05-13T11:30:00Z,0,0,0,0,0,0,0,0,0.0,0.0,0.0,0.0,0.0,0.0,0.0,0.0,0,38
2022-23,36,353,556,Conor Coventry,MID,West Ham,19,4,0,2023-05-14T13:00:00Z,0,0,0,0,0,0,0,0,0.0,0.0,0.0,0.0,0.0,0.0,0.0,0.0,0,44
2022-23,36,359,557,Jackson Smith,GK,Wolves,20,14,0,2023-05-13T14:00:00Z,0,0,0,0,0,0,0,0,0.0,0.0,0.0,0.0,0.0,0.0,0.0,0.0,0,39
2022-23,36,359,558,Hugo Bueno López,DEF,Wolves,20,14,0,2023-05-13T14:00:00Z,28,1,0,0,0,1,0,4,1.2,0.4,0.0,0.2,0.0,0.01,0.01,1.03,0,38
2022-23,36,248,559,Levi Colwill,DEF,Brighton,5,15,0,2023-05-18T18:30:00Z,0,0,0,0,0,0,0,0,0.0,0.0,0.0,0.0,0.0,0.0,0.0,0.0,0,44
2022-23,36,351,559,Levi Colwill,DEF,Brighton,5,1,0,2023-05-14T15:30:00Z,90,7,0,0,1,0,1,32,28.4,10.6,0.0,3.9,0.0,0.01,0.01,0.84,1,44
2022-23,36,356,560,Stanley Mills,MID,Everton,8,13,1,2023-05-14T13:00:00Z,0,0,0,0,0,0,0,0,0.0,0.0,0.0,0.0,0.0,0.0,0.0,0.0,0,43
2022-23,36,356,561,Lewis Warrington,MID,Everton,8,13,1,2023-05-14T13:00:00Z,0,0,0,0,0,0,0,0,0.0,0.0,0.0,0.0,0.0,0.0,0.0,0.0,0,44
2022-23,36,360,562,Manor Solomon,MID,Fulham,9,17,0,2023-05-13T14:00:00Z,12,1,0,0,0,0,0,5,4.4,0.5,7.0,1.2,0.05,0.0,0.05,0.09,0,49
2022-23,36,358,563,Luke Chambers,DEF,Liverpool,12,10,0,2023-05-15T19:00:00Z,0,0,0,0,0,0,0,0,0.0,0.0,0.0,0.0,0.0,0.0,0.0,0.0,0,40
2022-23,36,358,564,Stefan Bajcetic,MID,Liverpool,12,10,0,2023-05-15T19:00:00Z,0,0,0,0,0,0,0,0,0.0,0.0,0.0,0.0,0.0,0.0,0.0,0.0,0,43
2022-23,36,357,565,Archie Gray,MID,Leeds,11,15,1,2023-05-13T11:30:00Z,0,0,0,0,0,0,0,0,0.0,0.0,0.0,0.0,0.0,0.0,0.0,0.0,0,45
2022-23,36,359,566,Joseph Hodge,MID,Wolves,20,14,0,2023-05-13T14:00:00Z,0,0,0,0,0,0,0,0,0.0,0.0,0.0,0.0,0.0,0.0,0.0,0.0,0,43
2022-23,36,359,567,Connor Ronan,MID,Wolves,20,14,0,2023-05-13T14:00:00Z,0,0,0,0,0,0,0,0,0.0,0.0,0.0,0.0,0.0,0.0,0.0,0.0,0,44
2022-23,36,359,568,Chem Campbell,MID,Wolves,20,14,0,2023-05-13T14:00:00Z,0,0,0,0,0,0,0,0,0.0,0.0,0.0,0.0,0.0,0.0,0.0,0.0,0,44
2022-23,36,359,569,Alejandro Garnacho,MID,Man Utd,14,20,1,2023-05-13T14:00:00Z,8,5,1,0,0,0,0,18,32.2,0.5,17.0,5.0,0.28,0.02,0.3,0.0,0,41
2022-23,36,356,570,James Garner,MID,Everton,8,13,1,2023-05-14T13:00:00Z,75,1,0,0,0,3,0,9,7.4,16.3,2.0,2.6,0.0,0.17,0.17,0.76,1,45
2022-23,36,355,571,Darren Randolph,GK,Bournemouth,3,7,0,2023-05-13T14:00:00Z,0,0,0,0,0,0,0,0,0.0,0.0,0.0,0.0,0.0,0.0,0.0,0.0,0,40
2022-23,36,353,572,Armstrong Oko-Flex,MID,West Ham,19,4,0,2023-05-14T13:00:00Z,0,0,0,0,0,0,0,0,0.0,0.0,0.0,0.0,0.0,0.0,0.0,0.0,0,44
2022-23,36,356,573,Rico Lewis,DEF,Man City,13,8,0,2023-05-14T13:00:00Z,0,0,0,0,0,0,0,0,0.0,0.0,0.0,0.0,0.0,0.0,0.0,0.0,0,38
2022-23,36,355,574,Norberto Murara Neto,GK,Bournemouth,3,7,0,2023-05-13T14:00:00Z,90,2,0,0,0,2,0,20,25.2,0.0,0.0,2.5,0.0,0.0,0.0,1.54,1,45
2022-23,36,353,575,Maxwel Cornet,MID,West Ham,19,4,0,2023-05-14T13:00:00Z,58,1,0,0,0,2,0,1,8.2,5.8,0.0,1.4,0.0,0.01,0.01,2.58,1,59
2022-23,36,355,576,Marcos Senesi,DEF,Bournemouth,3,7,0,2023-05-13T14:00:00Z,0,0,0,0,0,0,0,0,0.0,0.0,0.0,0.0,0.0,0.0,0.0,0.0,0,44
2022-23,36,356,577,Amadou Onana,MID,Everton,8,13,1,2023-05-14T13:00:00Z,34,1,0,0,0,0,0,3,2.2,1.4,2.0,0.6,0.0,0.01,0.01,0.14,0,47
2022-23,36,357,578,Joel Robles,GK,Leeds,11,15,1,2023-05-13T11:30:00Z,90,1,0,0,0,2,0,12,21.2,0.0,0.0,2.1,0.0,0.0,0.0,2.42,1,40
2022-23,36,359,579,Gonçalo Manuel Ganchinho Guedes,MID,Wolves,20,14,0,2023-05-13T14:00:00Z,0,0,0,0,0,0,0,0,0.0,0.0,0.0,0.0,0.0,0.0,0.0,0.0,0,58
2022-23,36,353,580,Mikkel Damsgaard,MID,Brentford,4,19,1,2023-05-14T13:00:00Z,76,3,0,0,1,0,0,0,12.8,3.7,25.0,4.2,0.78,0.02,0.8,0.11,1,50
2022-23,36,358,581,Alex Smithies,GK,Leicester,10,12,1,2023-05-15T19:00:00Z,0,0,0,0,0,0,0,0,0.0,0.0,0.0,0.0,0.0,0.0,0.0,0.0,0,39
2022-23,36,354,582,Remo Freuler,MID,Nott'm Forest,16,6,0,2023-05-13T14:00:00Z,0,0,0,0,0,0,0,0,0.0,0.0,0.0,0.0,0.0,0.0,0.0,0.0,0,49
2022-23,36,354,583,Cheikhou Kouyaté,MID,Nott'm Forest,16,6,0,2023-05-13T14:00:00Z,5,1,0,0,0,0,0,4,5.2,0.1,0.0,0.5,0.0,0.0,0.0,0.14,0,44
2022-23,36,358,584,Bobby Clark,MID,Liverpool,12,10,0,2023-05-15T19:00:00Z,0,0,0,0,0,0,0,0,0.0,0.0,0.0,0.0,0.0,0.0,0.0,0.0,0,45
2022-23,36,354,585,Emmanuel Dennis,FWD,Nott'm Forest,16,6,0,2023-05-13T14:00:00Z,0,0,0,0,0,0,0,0,0.0,0.0,0.0,0.0,0.0,0.0,0.0,0.0,0,56
2022-23,36,248,586,Pervis Estupiñán,DEF,Brighton,5,15,0,2023-05-18T18:30:00Z,90,0,0,0,0,4,0,16,13.0,27.2,4.0,4.4,0.0,0.06,0.06,3.16,1,49
2022-23,36,351,586,Pervis Estupiñán,DEF,Brighton,5,1,0,2023-05-14T15:30:00Z,90,17,1,1,1,0,3,37,50.0,12.4,27.0,8.9,0.22,0.29,0.51,0.84,1,49
2022-23,36,356,587,Sergio Gómez,DEF,Man City,13,8,0,2023-05-14T13:00:00Z,1,1,0,0,0,0,0,2,0.2,0.2,0.0,0.0,0.0,0.0,0.0,0.0,0,44
2022-23,36,353,588,Thilo Kehrer,DEF,West Ham,19,4,0,2023-05-14T13:00:00Z,0,0,0,0,0,0,0,0,0.0,0.0,0.0,0.0,0.0,0.0,0.0,0.0,0,43
2022-23,36,359,589,Matheus Luiz Nunes,MID,Wolves,20,14,0,2023-05-13T14:00:00Z,90,2,0,0,0,2,0,16,15.0,23.9,0.0,3.9,0.0,0.06,0.06,2.68,1,48
2022-23,36,355,590,Joseph Whitworth,GK,Crystal Palace,7,3,1,2023-05-13T14:00:00Z,0,0,0,0,0,0,0,0,0.0,0.0,0.0,0.0,0.0,0.0,0.0,0.0,0,40
2022-23,36,360,591,Terry Ablade,FWD,Fulham,9,17,0,2023-05-13T14:00:00Z,0,0,0,0,0,0,0,0,0.0,0.0,0.0,0.0,0.0,0.0,0.0,0.0,0,45
2022-23,36,358,592,Harvey Davies,GK,Liverpool,12,10,0,2023-05-15T19:00:00Z,0,0,0,0,0,0,0,0,0.0,0.0,0.0,0.0,0.0,0.0,0.0,0.0,0,40
2022-23,36,359,593,Carlos Henrique Casimiro,MID,Man Utd,14,20,1,2023-05-13T14:00:00Z,90,2,0,0,1,0,0,15,20.2,13.7,7.0,4.1,0.03,0.02,0.05,0.39,1,49
2022-23,36,248,594,Alexander Isak,FWD,Newcastle,15,5,1,2023-05-18T18:30:00Z,90,2,0,0,0,1,0,6,9.4,11.5,27.0,4.8,0.14,0.02,0.16,0.4,1,70
2022-23,36,357,594,Alexander Isak,FWD,Newcastle,15,11,0,2023-05-13T11:30:00Z,90,5,0,1,0,2,0,12,7.2,6.1,14.0,2.7,0.05,0.02,0.07,2.06,1,70
2022-23,36,353,595,Mathias Jorgensen,DEF,Brentford,4,19,1,2023-05-14T13:00:00Z,0,0,0,0,0,0,0,0,0.0,0.0,0.0,0.0,0.0,0.0,0.0,0.0,0,39
2022-23,36,248,596,Evan Ferguson,FWD,Brighton,5,15,0,2023-05-18T18:30:00Z,34,1,0,0,0,2,0,3,2.4,12.6,0.0,1.5,0.0,0.02,0.02,1.31,0,46
2022-23,36,351,596,Evan Ferguson,FWD,Brighton,5,1,0,2023-05-14T15:30:00Z,76,2,0,0,1,0,0,4,0.4,1.8,1.0,0.3,0.05,0.0,0.05,0.62,1,46
2022-23,36,355,597,Christian Saydee,FWD,Bournemouth,3,7,0,2023-05-13T14:00:00Z,0,0,0,0,0,0,0,0,0.0,0.0,0.0,0.0,0.0,0.0,0.0,0.0,0,45
2022-23,36,355,598,Owen Bevan,DEF,Bournemouth,3,7,0,2023-05-13T14:00:00Z,0,0,0,0,0,0,0,0,0.0,0.0,0.0,0.0,0.0,0.0,0.0,0.0,0,40
2022-23,36,356,599,Claudio Gomes,MID,Man City,13,8,0,2023-05-14T13:00:00Z,0,0,0,0,0,0,0,0,0.0,0.0,0.0,0.0,0.0,0.0,0.0,0.0,0,45
2022-23,36,356,600,Ben Knight,MID,Man City,13,8,0,2023-05-14T13:00:00Z,0,0,0,0,0,0,0,0,0.0,0.0,0.0,0.0,0.0,0.0,0.0,0.0,0,45
2022-23,36,355,601,Kaden Rodney,MID,Crystal Palace,7,3,1,2023-05-13T14:00:00Z,0,0,0,0,0,0,0,0,0.0,0.0,0.0,0.0,0.0,0.0,0.0,0.0,0,45
2022-23,36,354,602,Renan Augusto Lodi dos Santos,DEF,Nott'm Forest,16,6,0,2023-05-13T14:00:00Z,90,3,0,1,0,2,0,18,25.4,52.8,11.0,8.9,0.14,0.38,0.52,1.14,1,43
2022-23,36,353,603,Lucas Tolentino Coelho de Lima,MID,West Ham,19,4,0,2023-05-14T13:00:00Z,0,0,0,0,0,0,0,0,0.0,0.0,0.0,0.0,0.0,0.0,0.0,0.0,0,59
2022-23,36,355,604,Killian Phillips,MID,Crystal Palace,7,3,1,2023-05-13T14:00:00Z,0,0,0,0,0,0,0,0,0.0,0.0,0.0,0.0,0.0,0.0,0.0,0.0,0,45
2022-23,36,356,605,Reece Welch,DEF,Everton,8,13,1,2023-05-14T13:00:00Z,0,0,0,0,0,0,0,0,0.0,0.0,0.0,0.0,0.0,0.0,0.0,0.0,0,40
2022-23,36,354,606,Harvey Vale,MID,Chelsea,6,16,1,2023-05-13T14:00:00Z,0,0,0,0,0,0,0,0,0.0,0.0,0.0,0.0,0.0,0.0,0.0,0.0,0,45
2022-23,36,351,607,Matthew Smith,MID,Arsenal,1,5,1,2023-05-14T15:30:00Z,0,0,0,0,0,0,0,0,0.0,0.0,0.0,0.0,0.0,0.0,0.0,0.0,0,44
2022-23,36,359,608,Sasa Kalajdzic,FWD,Wolves,20,14,0,2023-05-13T14:00:00Z,0,0,0,0,0,0,0,0,0.0,0.0,0.0,0.0,0.0,0.0,0.0,0.0,0,53
2022-23,36,359,609,Antony Matheus dos Santos,MID,Man Utd,14,20,1,2023-05-13T14:00:00Z,90,6,0,1,1,0,0,23,25.6,36.1,49.0,11.1,0.75,0.23,0.98,0.39,1,73
2022-23,36,356,610,Manuel Akanji,DEF,Man City,13,8,0,2023-05-14T13:00:00Z,90,6,0,0,1,0,0,27,11.8,6.8,4.0,2.3,0.0,0.02,0.02,1.78,1,50
2022-23,36,356,611,Idrissa Gueye,MID,Everton,8,13,1,2023-05-14T13:00:00Z,55,1,0,0,0,3,0,9,7.2,0.4,0.0,0.8,0.0,0.0,0.0,0.62,1,47
2022-23,36,358,612,Wout Faes,DEF,Leicester,10,12,1,2023-05-15T19:00:00Z,90,1,0,0,0,3,0,20,27.8,0.3,0.0,2.8,0.0,0.0,0.0,2.04,1,42
2022-23,36,360,613,Layvin Kurzawa,DEF,Fulham,9,17,0,2023-05-13T14:00:00Z,0,0,0,0,0,0,0,0,0.0,0.0,0.0,0.0,0.0,0.0,0.0,0.0,0,43
2022-23,36,360,614,Willian Borges da Silva,MID,Fulham,9,17,0,2023-05-13T14:00:00Z,77,3,0,0,1,0,0,14,9.4,42.3,17.0,6.9,0.21,0.35,0.56,0.17,1,55
2022-23,36,359,615,Matej Kovár,GK,Man Utd,14,20,1,2023-05-13T14:00:00Z,0,0,0,0,0,0,0,0,0.0,0.0,0.0,0.0,0.0,0.0,0.0,0.0,0,40
2022-23,36,354,616,Denis Zakaria,MID,Chelsea,6,16,1,2023-05-13T14:00:00Z,0,0,0,0,0,0,0,0,0.0,0.0,0.0,0.0,0.0,0.0,0.0,0.0,0,49
2022-23,36,354,617,Pierre-Emerick Aubameyang,FWD,Chelsea,6,16,1,2023-05-13T14:00:00Z,0,0,0,0,0,0,0,0,0.0,0.0,0.0,0.0,0.0,0.0,0.0,0.0,0,84
2022-23,36,360,618,Carlos Vinícius Alves Morais,FWD,Fulham,9,17,0,2023-05-13T14:00:00Z,64,9,1,0,1,0,3,32,34.6,11.3,30.0,7.6,0.88,0.01,0.89,0.17,1,54
2022-23,36,357,619,Wilfried Gnonto,FWD,Leeds,11,15,1,2023-05-13T11:30:00Z,26,0,0,0,0,1,0,1,3.0,4.8,2.0,1.0,0.0,0.04,0.04,0.97,0,47
2022-23,36,358,620,Arthur Henrique Ramos de Oliveira Melo,MID,Liverpool,12,10,0,2023-05-15T19:00:00Z,0,0,0,0,0,0,0,0,0.0,0.0,0.0,0.0,0.0,0.0,0.0,0.0,0,48
2022-23,36,354,621,Loïc Badé,DEF,Nott'm Forest,16,6,0,2023-05-13T14:00:00Z,0,0,0,0,0,0,0,0,0.0,0.0,0.0,0.0,0.0,0.0,0.0,0.0,0,45
2022-23,36,360,622,Juan Larios López,DEF,Southampton,17,9,1,2023-05-13T14:00:00Z,0,0,0,0,0,0,0,0,0.0,0.0,0.0,0.0,0.0,0.0,0.0,0.0,0,40
2022-23,36,360,623,Duje Caleta-Car,DEF,Southampton,17,9,1,2023-05-13T14:00:00Z,0,0,0,0,0,0,0,0,0.0,0.0,0.0,0.0,0.0,0.0,0.0,0.0,0,44
2022-23,36,360,624,Samuel Edozie,MID,Southampton,17,9,1,2023-05-13T14:00:00Z,0,0,0,0,0,0,0,0,0.0,0.0,0.0,0.0,0.0,0.0,0.0,0.0,0,46
2022-23,36,359,625,Diego Da Silva Costa,FWD,Wolves,20,14,0,2023-05-13T14:00:00Z,77,1,0,0,0,1,0,2,0.0,2.1,4.0,0.5,0.0,0.01,0.01,1.84,1,53
2022-23,36,248,626,Loris Karius,GK,Newcastle,15,5,1,2023-05-18T18:30:00Z,0,0,0,0,0,0,0,0,0.0,0.0,0.0,0.0,0.0,0.0,0.0,0.0,0,39
2022-23,36,357,626,Loris Karius,GK,Newcastle,15,11,0,2023-05-13T11:30:00Z,0,0,0,0,0,0,0,0,0.0,0.0,0.0,0.0,0.0,0.0,0.0,0.0,0,39
2022-23,36,356,627,Eldin Jakupovic,GK,Everton,8,13,1,2023-05-14T13:00:00Z,0,0,0,0,0,0,0,0,0.0,0.0,0.0,0.0,0.0,0.0,0.0,0.0,0,40
2022-23,36,354,628,Serge Aurier,DEF,Nott'm Forest,16,6,0,2023-05-13T14:00:00Z,90,1,0,0,0,2,0,8,19.8,0.7,0.0,2.1,0.0,0.0,0.0,1.14,1,43
2022-23,36,359,629,Boubacar Traoré,MID,Wolves,20,14,0,2023-05-13T14:00:00Z,0,0,0,0,0,0,0,0,0.0,0.0,0.0,0.0,0.0,0.0,0.0,0.0,0,43
2022-23,36,351,630,Ethan Nwaneri,MID,Arsenal,1,5,1,2023-05-14T15:30:00Z,0,0,0,0,0,0,0,0,0.0,0.0,0.0,0.0,0.0,0.0,0.0,0.0,0,45
2022-23,36,351,631,Lino Sousa,DEF,Arsenal,1,5,1,2023-05-14T15:30:00Z,0,0,0,0,0,0,0,0,0.0,0.0,0.0,0.0,0.0,0.0,0.0,0.0,0,40
2022-23,36,353,632,Ryan Trevitt,MID,Brentford,4,19,1,2023-05-14T13:00:00Z,0,0,0,0,0,0,0,0,0.0,0.0,0.0,0.0,0.0,0.0,0.0,0.0,0,44
2022-23,36,353,633,Matthew Cox,GK,Brentford,4,19,1,2023-05-14T13:00:00Z,0,0,0,0,0,0,0,0,0.0,0.0,0.0,0.0,0.0,0.0,0.0,0.0,0,39
2022-23,36,355,634,John-Kymani Gordon,FWD,Crystal Palace,7,3,1,2023-05-13T14:00:00Z,0,0,0,0,0,0,0,0,0.0,0.0,0.0,0.0,0.0,0.0,0.0,0.0,0,45
2022-23,36,354,635,Marcus Bettinelli,GK,Chelsea,6,16,1,2023-05-13T14:00:00Z,0,0,0,0,0,0,0,0,0.0,0.0,0.0,0.0,0.0,0.0,0.0,0.0,0,40
2022-23,36,360,636,Stefan Parkes,DEF,Fulham,9,17,0,2023-05-13T14:00:00Z,0,0,0,0,0,0,0,0,0.0,0.0,0.0,0.0,0.0,0.0,0.0,0.0,0,40
2022-23,36,356,637,Kyle John,DEF,Everton,8,13,1,2023-05-14T13:00:00Z,0,0,0,0,0,0,0,0,0.0,0.0,0.0,0.0,0.0,0.0,0.0,0.0,0,39
2022-23,36,352,638,Lamare Bogarde,DEF,Aston Villa,2,18,1,2023-05-13T14:00:00Z,0,0,0,0,0,0,0,0,0.0,0.0,0.0,0.0,0.0,0.0,0.0,0.0,0,40
2022-23,36,358,639,Sammy Braybrooke,MID,Leicester,10,12,1,2023-05-15T19:00:00Z,0,0,0,0,0,0,0,0,0.0,0.0,0.0,0.0,0.0,0.0,0.0,0.0,0,45
2022-23,36,248,640,Ed Turns,DEF,Brighton,5,15,0,2023-05-18T18:30:00Z,0,0,0,0,0,0,0,0,0.0,0.0,0.0,0.0,0.0,0.0,0.0,0.0,0,40
2022-23,36,351,640,Ed Turns,DEF,Brighton,5,1,0,2023-05-14T15:30:00Z,0,0,0,0,0,0,0,0,0.0,0.0,0.0,0.0,0.0,0.0,0.0,0.0,0,40
2022-23,36,360,641,Martial Godo,MID,Fulham,9,17,0,2023-05-13T14:00:00Z,0,0,0,0,0,0,0,0,0.0,0.0,0.0,0.0,0.0,0.0,0.0,0.0,0,45
2022-23,36,355,642,Kofi Balmer,DEF,Crystal Palace,7,3,1,2023-05-13T14:00:00Z,0,0,0,0,0,0,0,0,0.0,0.0,0.0,0.0,0.0,0.0,0.0,0.0,0,40
2022-23,36,359,643,Kobbie Mainoo,MID,Man Utd,14,20,1,2023-05-13T14:00:00Z,0,0,0,0,0,0,0,0,0.0,0.0,0.0,0.0,0.0,0.0,0.0,0.0,0,45
2022-23,36,355,644,Owen Goodman,GK,Crystal Palace,7,3,1,2023-05-13T14:00:00Z,0,0,0,0,0,0,0,0,0.0,0.0,0.0,0.0,0.0,0.0,0.0,0.0,0,40
2022-23,36,358,645,Joe Wormleighton,DEF,Leicester,10,12,1,2023-05-15T19:00:00Z,0,0,0,0,0,0,0,0,0.0,0.0,0.0,0.0,0.0,0.0,0.0,0.0,0,40
2022-23,36,353,646,Tristan Crama,DEF,Brentford,4,19,1,2023-05-14T13:00:00Z,0,0,0,0,0,0,0,0,0.0,0.0,0.0,0.0,0.0,0.0,0.0,0.0,0,40
2022-23,36,360,647,Lewis Payne,MID,Southampton,17,9,1,2023-05-13T14:00:00Z,0,0,0,0,0,0,0,0,0.0,0.0,0.0,0.0,0.0,0.0,0.0,0.0,0,45
2022-23,36,360,648,Ryan Finnigan,MID,Southampton,17,9,1,2023-05-13T14:00:00Z,0,0,0,0,0,0,0,0,0.0,0.0,0.0,0.0,0.0,0.0,0.0,0.0,0,45
2022-23,36,355,649,Cameron Plain,GK,Bournemouth,3,7,0,2023-05-13T14:00:00Z,0,0,0,0,0,0,0,0,0.0,0.0,0.0,0.0,0.0,0.0,0.0,0.0,0,40
2022-23,36,353,650,Yegor Yarmolyuk,MID,Brentford,4,19,1,2023-05-14T13:00:00Z,0,0,0,0,0,0,0,0,0.0,0.0,0.0,0.0,0.0,0.0,0.0,0.0,0,45
2022-23,36,248,651,Andrew Moran,MID,Brighton,5,15,0,2023-05-18T18:30:00Z,0,0,0,0,0,0,0,0,0.0,0.0,0.0,0.0,0.0,0.0,0.0,0.0,0,45
2022-23,36,351,651,Andrew Moran,MID,Brighton,5,1,0,2023-05-14T15:30:00Z,0,0,0,0,0,0,0,0,0.0,0.0,0.0,0.0,0.0,0.0,0.0,0.0,0,45
2022-23,36,248,652,James Furlong,DEF,Brighton,5,15,0,2023-05-18T18:30:00Z,0,0,0,0,0,0,0,0,0.0,0.0,0.0,0.0,0.0,0.0,0.0,0.0,0,40
2022-23,36,351,652,James Furlong,DEF,Brighton,5,1,0,2023-05-14T15:30:00Z,0,0,0,0,0,0,0,0,0.0,0.0,0.0,0.0,0.0,0.0,0.0,0.0,0,40
2022-23,36,354,653,Omari Hutchinson,MID,Chelsea,6,16,1,2023-05-13T14:00:00Z,0,0,0,0,0,0,0,0,0.0,0.0,0.0,0.0,0.0,0.0,0.0,0.0,0,42
2022-23,36,355,654,Jack Wells-Morrison,MID,Crystal Palace,7,3,1,2023-05-13T14:00:00Z,0,0,0,0,0,0,0,0,0.0,0.0,0.0,0.0,0.0,0.0,0.0,0.0,0,45
2022-23,36,351,655,Karl Hein,GK,Arsenal,1,5,1,2023-05-14T15:30:00Z,0,0,0,0,0,0,0,0,0.0,0.0,0.0,0.0,0.0,0.0,0.0,0.0,0,39
2022-23,36,359,656,Nathan Bishop,GK,Man Utd,14,20,1,2023-05-13T14:00:00Z,0,0,0,0,0,0,0,0,0.0,0.0,0.0,0.0,0.0,0.0,0.0,0.0,0,40
2022-23,36,359,657,Nathan Fraser,FWD,Wolves,20,14,0,2023-05-13T14:00:00Z,0,0,0,0,0,0,0,0,0.0,0.0,0.0,0.0,0.0,0.0,0.0,0.0,0,45
2022-23,36,359,658,Harvey Griffiths,MID,Wolves,20,14,0,2023-05-13T14:00:00Z,0,0,0,0,0,0,0,0,0.0,0.0,0.0,0.0,0.0,0.0,0.0,0.0,0,44
2022-23,36,357,659,Mateo Joseph Fernández,FWD,Leeds,11,15,1,2023-05-13T11:30:00Z,0,0,0,0,0,0,0,0,0.0,0.0,0.0,0.0,0.0,0.0,0.0,0.0,0,45
2022-23,36,359,660,Shola Shoretire,FWD,Man Utd,14,20,1,2023-05-13T14:00:00Z,0,0,0,0,0,0,0,0,0.0,0.0,0.0,0.0,0.0,0.0,0.0,0.0,0,45
2022-23,36,354,661,Lewis Hall,MID,Chelsea,6,16,1,2023-05-13T14:00:00Z,90,2,0,0,0,2,0,20,16.6,44.1,5.0,6.6,0.08,0.14,0.22,1.63,1,43
2022-23,36,356,662,Thomas Cannon,FWD,Everton,8,13,1,2023-05-14T13:00:00Z,0,0,0,0,0,0,0,0,0.0,0.0,0.0,0.0,0.0,0.0,0.0,0.0,0,45
2022-23,36,357,663,Sonny Perkins,FWD,Leeds,11,15,1,2023-05-13T11:30:00Z,0,0,0,0,0,0,0,0,0.0,0.0,0.0,0.0,0.0,0.0,0.0,0.0,0,45
2022-23,36,359,664,Dexter Lembikisa,DEF,Wolves,20,14,0,2023-05-13T14:00:00Z,0,0,0,0,0,0,0,0,0.0,0.0,0.0,0.0,0.0,0.0,0.0,0.0,0,40
2022-23,36,358,665,Ben Doak,MID,Liverpool,12,10,0,2023-05-15T19:00:00Z,0,0,0,0,0,0,0,0,0.0,0.0,0.0,0.0,0.0,0.0,0.0,0.0,0,45
2022-23,36,354,666,Dale Taylor,FWD,Nott'm Forest,16,6,0,2023-05-13T14:00:00Z,0,0,0,0,0,0,0,0,0.0,0.0,0.0,0.0,0.0,0.0,0.0,0.0,0,45
2022-23,36,360,667,Kristian Sekularac,MID,Fulham,9,17,0,2023-05-13T14:00:00Z,0,0,0,0,0,0,0,0,0.0,0.0,0.0,0.0,0.0,0.0,0.0,0.0,0,45
2022-23,36,351,668,Amario Cozier-Duberry,MID,Arsenal,1,5,1,2023-05-14T15:30:00Z,0,0,0,0,0,0,0,0,0.0,0.0,0.0,0.0,0.0,0.0,0.0,0.0,0,45
2022-23,36,353,669,Divin Mubama,FWD,West Ham,19,4,0,2023-05-14T13:00:00Z,32,1,0,0,0,0,0,2,2.2,11.3,0.0,1.4,0.0,0.01,0.01,1.04,0,45
2022-23,36,352,670,Filip Marschall,GK,Aston Villa,2,18,1,2023-05-13T14:00:00Z,0,0,0,0,0,0,0,0,0.0,0.0,0.0,0.0,0.0,0.0,0.0,0.0,0,40
2022-23,36,360,671,Jimmy Morgan,FWD,Southampton,17,9,1,2023-05-13T14:00:00Z,0,0,0,0,0,0,0,0,0.0,0.0,0.0,0.0,0.0,0.0,0.0,0.0,0,45
2022-23,36,352,672,Kadan Young,MID,Aston Villa,2,18,1,2023-05-13T14:00:00Z,0,0,0,0,0,0,0,0,0.0,0.0,0.0,0.0,0.0,0.0,0.0,0.0,0,45
2022-23,36,354,673,Bashir Humphreys,DEF,Chelsea,6,16,1,2023-05-13T14:00:00Z,0,0,0,0,0,0,0,0,0.0,0.0,0.0,0.0,0.0,0.0,0.0,0.0,0,45
2022-23,36,359,674,Rhys Bennett,DEF,Man Utd,14,20,1,2023-05-13T14:00:00Z,0,0,0,0,0,0,0,0,0.0,0.0,0.0,0.0,0.0,0.0,0.0,0.0,0,40
2022-23,36,354,675,Jordan Smith,GK,Nott'm Forest,16,6,0,2023-05-13T14:00:00Z,0,0,0,0,0,0,0,0,0.0,0.0,0.0,0.0,0.0,0.0,0.0,0.0,0,40
2022-23,36,355,676,David Ozoh,MID,Crystal Palace,7,3,1,2023-05-13T14:00:00Z,0,0,0,0,0,0,0,0,0.0,0.0,0.0,0.0,0.0,0.0,0.0,0.0,0,45
2022-23,36,248,677,Jack Hinshelwood,MID,Brighton,5,15,0,2023-05-18T18:30:00Z,0,0,0,0,0,0,0,0,0.0,0.0,0.0,0.0,0.0,0.0,0.0,0.0,0,45
2022-23,36,351,677,Jack Hinshelwood,MID,Brighton,5,1,0,2023-05-14T15:30:00Z,0,0,0,0,0,0,0,0,0.0,0.0,0.0,0.0,0.0,0.0,0.0,0.0,0,45
2022-23,36,356,678,Isaac Price,MID,Everton,8,13,1,2023-05-14T13:00:00Z,0,0,0,0,0,0,0,0,0.0,0.0,0.0,0.0,0.0,0.0,0.0,0.0,0,45
2022-23,36,248,679,Facundo Buonanotte,MID,Brighton,5,15,0,2023-05-18T18:30:00Z,55,1,0,0,0,2,0,1,0.0,2.0,0.0,0.1,0.0,0.01,0.01,1.85,1,45
2022-23,36,351,679,Facundo Buonanotte,MID,Brighton,5,1,0,2023-05-14T15:30:00Z,13,1,0,0,0,0,0,2,5.4,0.6,0.0,0.6,0.0,0.0,0.0,0.22,0,45
2022-23,36,358,680,Cody Gakpo,MID,Liverpool,12,10,0,2023-05-15T19:00:00Z,90,3,0,0,1,0,0,4,18.0,25.2,21.0,6.4,0.31,0.33,0.64,0.54,1,77
2022-23,36,354,681,Gustavo Henrique Furtado Scarpa,MID,Nott'm Forest,16,6,0,2023-05-13T14:00:00Z,0,0,0,0,0,0,0,0,0.0,0.0,0.0,0.0,0.0,0.0,0.0,0.0,0,46
2022-23,36,359,682,Matheus Santos Carneiro Da Cunha,FWD,Wolves,20,14,0,2023-05-13T14:00:00Z,60,2,0,0,0,1,0,10,6.4,0.6,4.0,1.1,0.0,0.0,0.0,1.65,1,53
2022-23,36,248,683,Garang Kuol,MID,Newcastle,15,5,1,2023-05-18T18:30:00Z,0,0,0,0,0,0,0,0,0.0,0.0,0.0,0.0,0.0,0.0,0.0,0.0,0,45
2022-23,36,357,683,Garang Kuol,MID,Newcastle,15,11,0,2023-05-13T11:30:00Z,0,0,0,0,0,0,0,0,0.0,0.0,0.0,0.0,0.0,0.0,0.0,0.0,0,45
2022-23,36,354,684,David Datro Fofana,FWD,Chelsea,6,16,1,2023-05-13T14:00:00Z,0,0,0,0,0,0,0,0,0.0,0.0,0.0,0.0,0.0,0.0,0.0,0.0,0,50
2022-23,36,351,685,Nathan Butler-Oyedeji,FWD,Arsenal,1,5,1,2023-05-14T15:30:00Z,0,0,0,0,0,0,0,0,0.0,0.0,0.0,0.0,0.0,0.0,0.0,0.0,0,45
2022-23,36,356,686,Ellis Simms,FWD,Everton,8,13,1,2023-05-14T13:00:00Z,0,0,0,0,0,0,0,0,0.0,0.0,0.0,0.0,0.0,0.0,0.0,0.0,0,45
2022-23,36,358,687,Kasey McAteer,MID,Leicester,10,12,1,2023-05-15T19:00:00Z,0,0,0,0,0,0,0,0,0.0,0.0,0.0,0.0,0.0,0.0,0.0,0.0,0,45
2022-23,36,353,688,Kevin Schade,MID,Brentford,4,19,1,2023-05-14T13:00:00Z,85,3,0,0,1,0,0,11,11.4,31.8,45.0,8.8,0.1,0.32,0.42,0.22,1,49
2022-23,36,354,689,Benoît Badiashile,DEF,Chelsea,6,16,1,2023-05-13T14:00:00Z,90,1,0,0,0,2,0,16,21.4,2.7,2.0,2.6,0.0,0.01,0.01,1.63,1,50
2022-23,36,354,690,João Félix Sequeira,FWD,Chelsea,6,16,1,2023-05-13T14:00:00Z,72,1,0,0,0,2,0,-4,0.0,8.1,26.0,3.3,0.3,0.01,0.3,1.63,1,71
2022-23,36,357,691,Maximilian Wöber,DEF,Leeds,11,15,1,2023-05-13T11:30:00Z,90,1,0,0,0,2,0,4,9.4,0.1,0.0,1.0,0.0,0.0,0.0,2.42,1,44
2022-23,36,360,692,Mislav Orsic,MID,Southampton,17,9,1,2023-05-13T14:00:00Z,0,0,0,0,0,0,0,0,0.0,0.0,0.0,0.0,0.0,0.0,0.0,0.0,0,51
2022-23,36,360,693,Carlos Alcaraz,MID,Southampton,17,9,1,2023-05-13T14:00:00Z,72,2,0,0,0,2,0,4,0.0,0.8,1.0,0.1,0.02,0.01,0.03,1.44,1,50
2022-23,36,352,694,Alexandre Moreno Lopera,DEF,Aston Villa,2,18,1,2023-05-13T14:00:00Z,90,2,0,0,0,1,0,18,19.4,21.5,0.0,4.1,0.0,0.4,0.4,1.36,1,45
2022-23,36,355,695,Daniel Adu-Adjei,FWD,Bournemouth,3,7,0,2023-05-13T14:00:00Z,0,0,0,0,0,0,0,0,0.0,0.0,0.0,0.0,0.0,0.0,0.0,0.0,0,45
2022-23,36,355,696,Michael Dacosta Gonzalez,MID,Bournemouth,3,7,0,2023-05-13T14:00:00Z,0,0,0,0,0,0,0,0,0.0,0.0,0.0,0.0,0.0,0.0,0.0,0.0,0,44
2022-23,36,355,697,Dominic Sadi,FWD,Bournemouth,3,7,0,2023-05-13T14:00:00Z,0,0,0,0,0,0,0,0,0.0,0.0,0.0,0.0,0.0,0.0,0.0,0.0,0,45
2022-23,36,359,698,Mario Lemina,MID,Wolves,20,14,0,2023-05-13T14:00:00Z,74,2,0,0,0,1,0,16,19.0,4.2,0.0,2.3,0.0,0.02,0.02,1.84,1,45
2022-23,36,354,699,Mykhailo Mudryk,MID,Chelsea,6,16,1,2023-05-13T14:00:00Z,0,0,0,0,0,0,0,0,0.0,0.0,0.0,0.0,0.0,0.0,0.0,0.0,0,65
2022-23,36,357,700,Georginio Rutter,FWD,Leeds,11,15,1,2023-05-13T11:30:00Z,0,0,0,0,0,0,0,0,0.0,0.0,0.0,0.0,0.0,0.0,0.0,0.0,0,50
2022-23,36,359,701,Wout Weghorst,FWD,Man Utd,14,20,1,2023-05-13T14:00:00Z,21,1,0,0,0,0,0,-1,1.4,11.6,7.0,2.0,0.26,0.01,0.27,0.06,0,54
2022-23,36,354,702,Andrey Nascimento dos Santos,MID,Chelsea,6,16,1,2023-05-13T14:00:00Z,0,0,0,0,0,0,0,0,0.0,0.0,0.0,0.0,0.0,0.0,0.0,0.0,0,45
2022-23,36,354,703,Danilo dos Santos de Oliveira,MID,Nott'm Forest,16,6,0,2023-05-13T14:00:00Z,90,2,0,0,0,2,0,5,0.0,0.2,11.0,0.7,0.14,0.0,0.14,1.07,1,45
2022-23,36,359,704,Pablo Sarabia,MID,Wolves,20,14,0,2023-05-13T14:00:00Z,0,0,0,0,0,0,0,0,0.0,0.0,0.0,0.0,0.0,0.0,0.0,0.0,0,49
2022-23,36,355,705,Dango Ouattara,MID,Bournemouth,3,7,0,2023-05-13T14:00:00Z,72,2,0,0,0,2,0,8,14.6,6.8,6.0,2.7,0.01,0.06,0.07,1.49,1,50
2022-23,36,355,706,Euan Pollock,FWD,Bournemouth,3,7,0,2023-05-13T14:00:00Z,0,0,0,0,0,0,0,0,0.0,0.0,0.0,0.0,0.0,0.0,0.0,0.0,0,45
2022-23,36,352,707,Viljami Sinisalo,GK,Aston Villa,2,18,1,2023-05-13T14:00:00Z,0,0,0,0,0,0,0,0,0.0,0.0,0.0,0.0,0.0,0.0,0.0,0.0,0,40
2022-23,36,354,708,Noni Madueke,MID,Chelsea,6,16,1,2023-05-13T14:00:00Z,72,2,0,0,0,2,0,2,11.4,3.4,16.0,3.1,0.0,0.06,0.06,1.63,1,54
2022-23,36,358,709,Victor Kristiansen,DEF,Leicester,10,12,1,2023-05-15T19:00:00Z,0,0,0,0,0,0,0,0,0.0,0.0,0.0,0.0,0.0,0.0,0.0,0.0,0,45
2022-23,36,351,710,Jakub Kiwior,DEF,Arsenal,1,5,1,2023-05-14T15:30:00Z,90,1,0,0,0,3,0,18,11.0,0.5,2.0,1.4,0.0,0.0,0.0,1.78,1,40
2022-23,36,352,711,Jhon Durán,FWD,Aston Villa,2,18,1,2023-05-13T14:00:00Z,22,1,0,0,0,1,0,-1,1.0,0.0,0.0,0.1,0.0,0.0,0.0,0.92,0,55
2022-23,36,356,712,Máximo Perrone,MID,Man City,13,8,0,2023-05-14T13:00:00Z,0,0,0,0,0,0,0,0,0.0,0.0,0.0,0.0,0.0,0.0,0.0,0.0,0,44
2022-23,36,352,713,Arnaut Danjuma,MID,Spurs,18,2,0,2023-05-13T14:00:00Z,9,1,0,0,0,0,0,2,0.8,1.8,5.0,0.8,0.05,0.01,0.06,0.0,0,61
2022-23,36,355,714,Antoine Semenyo,FWD,Bournemouth,3,7,0,2023-05-13T14:00:00Z,0,0,0,0,0,0,0,0,0.0,0.0,0.0,0.0,0.0,0.0,0.0,0.0,0,50
2022-23,36,358,715,Mateus Cardoso Lemos Martins,MID,Leicester,10,12,1,2023-05-15T19:00:00Z,29,1,0,0,0,1,0,1,0.4,3.5,4.0,0.8,0.0,0.0,0.0,0.87,0,49
2022-23,36,360,716,James Bree,DEF,Southampton,17,9,1,2023-05-13T14:00:00Z,0,0,0,0,0,0,0,0,0.0,0.0,0.0,0.0,0.0,0.0,0.0,0.0,0,45
2022-23,36,359,717,Daniel Bentley,GK,Wolves,20,14,0,2023-05-13T14:00:00Z,90,3,0,0,0,2,0,25,52.2,0.0,0.0,5.2,0.0,0.0,0.0,2.68,1,40
2022-23,36,355,718,Matías Viña,DEF,Bournemouth,3,7,0,2023-05-13T14:00:00Z,59,0,0,0,0,2,0,4,12.2,0.3,0.0,1.3,0.0,0.0,0.0,1.43,1,45
2022-23,36,248,719,Yasin Ayari,MID,Brighton,5,15,0,2023-05-18T18:30:00Z,0,0,0,0,0,0,0,0,0.0,0.0,0.0,0.0,0.0,0.0,0.0,0.0,0,45
2022-23,36,351,719,Yasin Ayari,MID,Brighton,5,1,0,2023-05-14T15:30:00Z,0,0,0,0,0,0,0,0,0.0,0.0,0.0,0.0,0.0,0.0,0.0,0.0,0,45
2022-23,36,357,720,Weston McKennie,MID,Leeds,11,15,1,2023-05-13T11:30:00Z,90,2,0,0,0,2,0,6,8.4,1.1,6.0,1.6,0.11,0.01,0.12,2.42,1,46
2022-23,36,359,721,João Victor Gomes da Silva,MID,Wolves,20,14,0,2023-05-13T14:00:00Z,0,0,0,0,0,0,0,0,0.0,0.0,0.0,0.0,0.0,0.0,0.0,0.0,0,45
2022-23,36,355,722,Illia Zabarnyi,DEF,Bournemouth,3,7,0,2023-05-13T14:00:00Z,90,1,0,0,0,2,0,15,17.0,0.1,0.0,1.7,0.0,0.0,0.0,1.54,1,45
2022-23,36,355,723,Hamed Traorè,MID,Bournemouth,3,7,0,2023-05-13T14:00:00Z,0,0,0,0,0,0,0,0,0.0,0.0,0.0,0.0,0.0,0.0,0.0,0.0,0,45
2022-23,36,354,724,Enzo Fernández,MID,Chelsea,6,16,1,2023-05-13T14:00:00Z,90,2,0,0,0,2,0,10,14.8,33.6,1.0,4.9,0.05,0.4,0.45,1.63,1,50
2022-23,36,355,725,Naouirou Ahamada,MID,Crystal Palace,7,3,1,2023-05-13T14:00:00Z,0,0,0,0,0,0,0,0,0.0,0.0,0.0,0.0,0.0,0.0,0.0,0.0,0,45
2022-23,36,360,726,Sasa Lukic,MID,Fulham,9,17,0,2023-05-13T14:00:00Z,13,1,0,0,0,0,0,4,2.8,0.4,0.0,0.3,0.0,0.0,0.0,0.09,0,45
2022-23,36,358,727,Harry Souttar,DEF,Leicester,10,12,1,2023-05-15T19:00:00Z,1,1,0,0,0,0,0,3,0.4,0.0,0.0,0.0,0.0,0.0,0.0,0.0,0,45
2022-23,36,359,728,Marcel Sabitzer,MID,Man Utd,14,20,1,2023-05-13T14:00:00Z,0,0,0,0,0,0,0,0,0.0,0.0,0.0,0.0,0.0,0.0,0.0,0.0,0,47
2022-23,36,354,729,Keylor Navas,GK,Nott'm Forest,16,6,0,2023-05-13T14:00:00Z,90,2,0,0,0,2,0,18,21.4,0.0,0.0,2.1,0.0,0.0,0.0,1.14,1,45
2022-23,36,354,730,Felipe Augusto de Almeida Monteiro,DEF,Nott'm Forest,16,6,0,2023-05-13T14:00:00Z,90,1,0,0,0,2,0,13,29.6,10.3,19.0,5.9,0.36,0.0,0.36,1.14,1,45
2022-23,36,360,731,Kamaldeen Sulemana,MID,Southampton,17,9,1,2023-05-13T14:00:00Z,28,1,0,0,0,1,0,2,3.8,1.5,2.0,0.7,0.06,0.01,0.07,0.26,0,49
2022-23,36,360,732,Paul Onuachu,FWD,Southampton,17,9,1,2023-05-13T14:00:00Z,61,2,0,0,0,1,0,3,2.4,0.5,19.0,2.2,0.14,0.01,0.15,1.23,1,53
2022-23,36,352,733,Pedro Porro,DEF,Spurs,18,2,0,2023-05-13T14:00:00Z,80,1,0,0,0,2,0,11,8.8,25.4,0.0,3.4,0.0,0.07,0.07,1.18,1,48
2022-23,36,354,734,André Ayew,MID,Nott'm Forest,16,6,0,2023-05-13T14:00:00Z,0,0,0,0,0,0,0,0,0.0,0.0,0.0,0.0,0.0,0.0,0.0,0.0,0,50
2022-23,36,358,735,Wanya Marçal-Madivadua,MID,Leicester,10,12,1,2023-05-15T19:00:00Z,0,0,0,0,0,0,0,0,0.0,0.0,0.0,0.0,0.0,0.0,0.0,0.0,0,45
2022-23,36,248,736,Odeluga Offiah,DEF,Brighton,5,15,0,2023-05-18T18:30:00Z,21,0,0,0,0,2,0,7,6.0,1.2,0.0,0.7,0.0,0.0,0.0,0.98,0,40
2022-23,36,351,736,Odeluga Offiah,DEF,Brighton,5,1,0,2023-05-14T15:30:00Z,0,0,0,0,0,0,0,0,0.0,0.0,0.0,0.0,0.0,0.0,0.0,0.0,0,40
2022-23,36,355,737,Ben Greenwood,DEF,Bournemouth,3,7,0,2023-05-13T14:00:00Z,0,0,0,0,0,0,0,0,0.0,0.0,0.0,0.0,0.0,0.0,0.0,0.0,0,40
2022-23,36,355,738,Max Kinsey-Wellings,DEF,Bournemouth,3,7,0,2023-05-13T14:00:00Z,0,0,0,0,0,0,0,0,0.0,0.0,0.0,0.0,0.0,0.0,0.0,0.0,0,40
2022-23,36,353,739,Joseph Anang,GK,West Ham,19,4,0,2023-05-14T13:00:00Z,0,0,0,0,0,0,0,0,0.0,0.0,0.0,0.0,0.0,0.0,0.0,0.0,0,40
2022-23,36,353,740,Krisztián Hegyi,GK,West Ham,19,4,0,2023-05-14T13:00:00Z,0,0,0,0,0,0,0,0,0.0,0.0,0.0,0.0,0.0,0.0,0.0,0.0,0,39
2022-23,36,248,741,Lewis Miley,MID,Newcastle,15,5,1,2023-05-18T18:30:00Z,0,0,0,0,0,0,0,0,0.0,0.0,0.0,0.0,0.0,0.0,0.0,0.0,0,45
2022-23,36,357,741,Lewis Miley,MID,Newcastle,15,11,0,2023-05-13T11:30:00Z,0,0,0,0,0,0,0,0,0.0,0.0,0.0,0.0,0.0,0.0,0.0,0.0,0,45
2022-23,36,357,742,Jeremiah Chilokoa-Mullen,DEF,Leeds,11,15,1,2023-05-13T11:30:00Z,0,0,0,0,0,0,0,0,0.0,0.0,0.0,0.0,0.0,0.0,0.0,0.0,0,40
2022-23,36,357,743,Diogo Pinheiro Monteiro,DEF,Leeds,11,15,1,2023-05-13T11:30:00Z,0,0,0,0,0,0,0,0,0.0,0.0,0.0,0.0,0.0,0.0,0.0,0.0,0,40
2022-23,36,352,744,Sil Swinkels,DEF,Aston Villa,2,18,1,2023-05-13T14:00:00Z,0,0,0,0,0,0,0,0,0.0,0.0,0.0,0.0,0.0,0.0,0.0,0.0,0,40
2022-23,36,352,745,Oliwier Zych,GK,Aston Villa,2,18,1,2023-05-13T14:00:00Z,0,0,0,0,0,0,0,0,0.0,0.0,0.0,0.0,0.0,0.0,0.0,0.0,0,40
2022-23,36,353,746,Kaelan Casey,DEF,West Ham,19,4,0,2023-05-14T13:00:00Z,0,0,0,0,0,0,0,0,0.0,0.0,0.0,0.0,0.0,0.0,0.0,0.0,0,40
2022-23,36,360,747,George Wickens,GK,Fulham,9,17,0,2023-05-13T14:00:00Z,0,0,0,0,0,0,0,0,0.0,0.0,0.0,0.0,0.0,0.0,0.0,0.0,0,40
2022-23,36,352,748,Romaine Mundle,MID,Spurs,18,2,0,2023-05-13T14:00:00Z,0,0,0,0,0,0,0,0,0.0,0.0,0.0,0.0,0.0,0.0,0.0,0.0,0,45
2022-23,36,354,749,George Shelvey,GK,Nott'm Forest,16,6,0,2023-05-13T14:00:00Z,0,0,0,0,0,0,0,0,0.0,0.0,0.0,0.0,0.0,0.0,0.0,0.0,0,40
2022-23,36,360,750,Charlie Robinson,DEF,Fulham,9,17,0,2023-05-13T14:00:00Z,0,0,0,0,0,0,0,0,0.0,0.0,0.0,0.0,0.0,0.0,0.0,0.0,0,40
2022-23,36,351,751,Reuell Walters,DEF,Arsenal,1,5,1,2023-05-14T15:30:00Z,0,0,0,0,0,0,0,0,0.0,0.0,0.0,0.0,0.0,0.0,0.0,0.0,0,40
2022-23,36,353,752,Michael Olakigbe,MID,Brentford,4,19,1,2023-05-14T13:00:00Z,0,0,0,0,0,0,0,0,0.0,0.0,0.0,0.0,0.0,0.0,0.0,0.0,0,45
2022-23,36,352,753,James Wright,GK,Aston Villa,2,18,1,2023-05-13T14:00:00Z,0,0,0,0,0,0,0,0,0.0,0.0,0.0,0.0,0.0,0.0,0.0,0.0,0,40
2022-23,36,352,754,Sebastian Revan,DEF,Aston Villa,2,18,1,2023-05-13T14:00:00Z,0,0,0,0,0,0,0,0,0.0,0.0,0.0,0.0,0.0,0.0,0.0,0.0,0,40
2022-23,36,352,755,Travis Patterson,MID,Aston Villa,2,18,1,2023-05-13T14:00:00Z,0,0,0,0,0,0,0,0,0.0,0.0,0.0,0.0,0.0,0.0,0.0,0.0,0,45
2022-23,36,248,756,Tom McGill,GK,Brighton,5,15,0,2023-05-18T18:30:00Z,0,0,0,0,0,0,0,0,0.0,0.0,0.0,0.0,0.0,0.0,0.0,0.0,0,40
2022-23,36,351,756,Tom McGill,GK,Brighton,5,1,0,2023-05-14T15:30:00Z,0,0,0,0,0,0,0,0,0.0,0.0,0.0,0.0,0.0,0.0,0.0,0.0,0,40
2022-23,36,356,757,Ishé Samuels-Smith,DEF,Everton,8,13,1,2023-05-14T13:00:00Z,0,0,0,0,0,0,0,0,0.0,0.0,0.0,0.0,0.0,0.0,0.0,0.0,0,40
2022-23,36,352,758,George Abbott,MID,Spurs,18,2,0,2023-05-13T14:00:00Z,0,0,0,0,0,0,0,0,0.0,0.0,0.0,0.0,0.0,0.0,0.0,0.0,0,45
2022-23,36,359,759,Marc Jurado Gomez,DEF,Man Utd,14,20,1,2023-05-13T14:00:00Z,0,0,0,0,0,0,0,0,0.0,0.0,0.0,0.0,0.0,0.0,0.0,0.0,0,40
2022-23,36,356,760,Andy Lonergan,GK,Everton,8,13,1,2023-05-14T13:00:00Z,0,0,0,0,0,0,0,0,0.0,0.0,0.0,0.0,0.0,0.0,0.0,0.0,0,40
2022-23,36,352,761,Tommi O'Reilly,MID,Aston Villa,2,18,1,2023-05-13T14:00:00Z,0,0,0,0,0,0,0,0,0.0,0.0,0.0,0.0,0.0,0.0,0.0,0.0,0,45
2022-23,36,248,762,Cameron Peupion,MID,Brighton,5,15,0,2023-05-18T18:30:00Z,5,1,0,0,0,2,0,3,0.0,0.3,5.0,0.5,0.06,0.0,0.06,0.95,0,45
2022-23,36,351,762,Cameron Peupion,MID,Brighton,5,1,0,2023-05-14T15:30:00Z,0,0,0,0,0,0,0,0,0.0,0.0,0.0,0.0,0.0,0.0,0.0,0.0,0,45
2022-23,36,360,763,Matthew Dibley-Dias,MID,Fulham,9,17,0,2023-05-13T14:00:00Z,0,0,0,0,0,0,0,0,0.0,0.0,0.0,0.0,0.0,0.0,0.0,0.0,0,45
2022-23,36,352,764,Matthew Craig,MID,Spurs,18,2,0,2023-05-13T14:00:00Z,0,0,0,0,0,0,0,0,0.0,0.0,0.0,0.0,0.0,0.0,0.0,0.0,0,45
2022-23,36,248,765,Imari Samuels,DEF,Brighton,5,15,0,2023-05-18T18:30:00Z,0,0,0,0,0,0,0,0,0.0,0.0,0.0,0.0,0.0,0.0,0.0,0.0,0,40
2022-23,36,351,765,Imari Samuels,DEF,Brighton,5,1,0,2023-05-14T15:30:00Z,0,0,0,0,0,0,0,0,0.0,0.0,0.0,0.0,0.0,0.0,0.0,0.0,0,40
