season,gw,fixture,element,name,position,team,team_id,opponent_team,was_home,kickoff_time,minutes,total_points,goals_scored,assists,clean_sheets,goals_conceded,bonus,bps,influence,creativity,threat,ict_index,expected_goals,expected_assists,expected_goal_involvements,expected_goals_conceded,starts,value
2022-23,38,379,1,Cédric Alves Soares,DEF,Fulham,9,14,0,2023-05-28T15:30:00Z,0,0,0,0,0,0,0,0,0.0,0.0,0.0,0.0,0.0,0.0,0.0,0.0,0,42
2022-23,38,379,2,Bernd Leno,GK,Fulham,9,14,0,2023-05-28T15:30:00Z,90,3,0,0,0,2,0,22,0.0,0.0,0.0,0.0,0.0,0.0,0.0,2.71,1,46
2022-23,38,371,3,Granit Xhaka,MID,Arsenal,1,20,1,2023-05-28T15:30:00Z,74,15,2,0,1,0,2,45,0.0,0.0,0.0,0.0,0.88,0.02,0.9,0.29,1,48
2022-23,38,371,4,Mohamed Elneny,MID,Arsenal,1,20,1,2023-05-28T15:30:00Z,0,0,0,0,0,0,0,0,0.0,0.0,0.0,0.0,0.0,0.0,0.0,0.0,0,41
2022-23,38,371,5,Rob Holding,DEF,Arsenal,1,20,1,2023-05-28T15:30:00Z,0,0,0,0,0,0,0,0,0.0,0.0,0.0,0.0,0.0,0.0,0.0,0.0,0,42
2022-23,38,371,6,Thomas Partey,MID,Arsenal,1,20,1,2023-05-28T15:30:00Z,90,3,0,0,1,0,0,15,0.0,0.0,0.0,0.0,0.0,0.04,0.04,0.47,1,47
2022-23,38,371,7,Martin Ødegaard,MID,Arsenal,1,20,1,2023-05-28T15:30:00Z,74,3,0,0,1,0,0,16,0.0,0.0,0.0,0.0,0.04,0.44,0.48,0.29,1,69
2022-23,38,371,8,Kieran Tierney,DEF,Arsenal,1,20,1,2023-05-28T15:30:00Z,10,1,0,0,0,0,0,3,0.0,0.0,0.0,0.0,0.0,0.01,0.01,0.16,0,46
2022-23,38,371,9,Nicolas Pépé,MID,Arsenal,1,20,1,2023-05-28T15:30:00Z,0,0,0,0,0,0,0,0,0.0,0.0,0.0,0.0,0.0,0.0,0.0,0.0,0,53
2022-23,38,371,10,Benjamin White,DEF,Arsenal,1,20,1,2023-05-28T15:30:00Z,90,6,0,0,1,0,0,24,0.0,0.0,0.0,0.0,0.0,0.01,0.01,0.47,1,50
2022-23,38,371,11,Eddie Nketiah,FWD,Arsenal,1,20,1,2023-05-28T15:30:00Z,10,1,0,0,0,0,0,-2,0.0,0.0,0.0,0.0,0.59,0.0,0.59,0.16,0,63
2022-23,38,371,12,Emile Smith Rowe,MID,Arsenal,1,20,1,2023-05-28T15:30:00Z,15,4,0,1,0,0,0,12,0.0,0.0,0.0,0.0,0.0,0.0,0.0,0.18,0,56
2022-23,38,371,13,Bukayo Saka,MID,Arsenal,1,20,1,2023-05-28T15:30:00Z,59,6,1,0,0,0,0,24,0.0,0.0,0.0,0.0,0.25,0.06,0.31,0.29,1,80
2022-23,38,371,14,Takehiro Tomiyasu,DEF,Arsenal,1,20,1,2023-05-28T15:30:00Z,0,0,0,0,0,0,0,0,0.0,0.0,0.0,0.0,0.0,0.0,0.0,0.0,0,42
2022-23,38,371,15,Aaron Ramsdale,GK,Arsenal,1,20,1,2023-05-28T15:30:00Z,90,6,0,0,1,0,0,18,0.0,0.0,0.0,0.0,0.0,0.0,0.0,0.47,1,48
2022-23,38,371,16,Gabriel dos Santos Magalhães,DEF,Arsenal,1,20,1,2023-05-28T15:30:00Z,90,6,0,0,1,0,0,25,0.0,0.0,0.0,0.0,0.0,0.01,0.01,0.47,1,52
2022-23,38,371,17,Nuno Varela Tavares,DEF,Arsenal,1,20,1,2023-05-28T15:30:00Z,0,0,0,0,0,0,0,0,0.0,0.0,0.0,0.0,0.0,0.0,0.0,0.0,0,45
2022-23,38,375,18,Albert Sambi Lokonga,MID,Crystal Palace,7,16,1,2023-05-28T15:30:00Z,0,0,0,0,0,0,0,0,0.0,0.0,0.0,0.0,0.0,0.0,0.0,0.0,0,43
2022-23,38,371,19,Gabriel Martinelli Silva,MID,Arsenal,1,20,1,2023-05-28T15:30:00Z,0,0,0,0,0,0,0,0,0.0,0.0,0.0,0.0,0.0,0.0,0.0,0.0,0,65
2022-23,38,371,20,Pablo Marí Villar,DEF,Arsenal,1,20,1,2023-05-28T15:30:00Z,0,0,0,0,0,0,0,0,0.0,0.0,0.0,0.0,0.0,0.0,0.0,0.0,0,45
2022-23,38,380,21,Ainsley Maitland-Niles,MID,Southampton,17,12,1,2023-05-28T15:30:00Z,0,0,0,0,0,0,0,0,0.0,0.0,0.0,0.0,0.0,0.0,0.0,0.0,0,48
2022-23,38,371,22,Lucas Torreira di Pascua,MID,Arsenal,1,20,1,2023-05-28T15:30:00Z,0,0,0,0,0,0,0,0,0.0,0.0,0.0,0.0,0.0,0.0,0.0,0.0,0,45
2022-23,38,371,23,Reiss Nelson,MID,Arsenal,1,20,1,2023-05-28T15:30:00Z,30,1,0,0,0,0,0,9,0.0,0.0,0.0,0.0,0.15,0.62,0.77,0.18,0,47
2022-23,38,371,24,Matt Turner,GK,Arsenal,1,20,1,2023-05-28T15:30:00Z,0,0,0,0,0,0,0,0,0.0,0.0,0.0,0.0,0.0,0.0,0.0,0.0,0,38
2022-23,38,371,25,Fábio Ferreira Vieira,MID,Arsenal,1,20,1,2023-05-28T15:30:00Z,15,1,0,0,0,0,0,3,0.0,0.0,0.0,0.0,0.0,0.0,0.0,0.18,0,56
2022-23,38,371,26,William Saliba,DEF,Arsenal,1,20,1,2023-05-28T15:30:00Z,0,0,0,0,0,0,0,0,0.0,0.0,0.0,0.0,0.0,0.0,0.0,0.0,0,49
2022-23,38,371,27,Marcus Oliveira Alencar,MID,Arsenal,1,20,1,2023-05-28T15:30:00Z,0,0,0,0,0,0,0,0,0.0,0.0,0.0,0.0,0.0,0.0,0.0,0.0,0,46
2022-23,38,371,28,Gabriel Fernando de Jesus,FWD,Arsenal,1,20,1,2023-05-28T15:30:00Z,90,12,1,1,1,0,3,52,0.0,0.0,0.0,0.0,0.23,0.38,0.61,0.47,1,81
2022-23,38,372,29,Philippe Coutinho Correia,MID,Aston Villa,2,5,1,2023-05-28T15:30:00Z,0,0,0,0,0,0,0,0,0.0,0.0,0.0,0.0,0.0,0.0,0.0,0.0,0,66
2022-23,38,378,30,Danny Ings,FWD,West Ham,19,10,0,2023-05-28T15:30:00Z,28,3,0,1,0,0,0,3,0.0,0.0,0.0,0.0,0.61,0.18,0.79,0.37,0,63
2022-23,38,372,31,Emiliano Martínez Romero,GK,Aston Villa,2,5,1,2023-05-28T15:30:00Z,90,3,0,0,0,1,0,14,0.0,0.0,0.0,0.0,0.0,0.0,0.0,1.49,1,50
2022-23,38,372,32,Calum Chambers,DEF,Aston Villa,2,5,1,2023-05-28T15:30:00Z,0,0,0,0,0,0,0,0,0.0,0.0,0.0,0.0,0.0,0.0,0.0,0.0,0,42
2022-23,38,372,33,Lucas Digne,DEF,Aston Villa,2,5,1,2023-05-28T15:30:00Z,90,2,0,0,0,1,0,9,0.0,0.0,0.0,0.0,0.09,0.16,0.25,1.49,1,45
2022-23,38,372,34,Bertrand Traoré,MID,Aston Villa,2,5,1,2023-05-28T15:30:00Z,0,0,0,0,0,0,0,0,0.0,0.0,0.0,0.0,0.0,0.0,0.0,0.0,0,49
2022-23,38,372,35,Robin Olsen,GK,Aston Villa,2,5,1,2023-05-28T15:30:00Z,0,0,0,0,0,0,0,0,0.0,0.0,0.0,0.0,0.0,0.0,0.0,0.0,0,39
2022-23,38,372,36,Morgan Sanson,MID,Aston Villa,2,5,1,2023-05-28T15:30:00Z,0,0,0,0,0,0,0,0,0.0,0.0,0.0,0.0,0.0,0.0,0.0,0.0,0,43
2022-23,38,372,37,John McGinn,MID,Aston Villa,2,5,1,2023-05-28T15:30:00Z,90,1,0,0,0,1,0,1,0.0,0.0,0.0,0.0,0.07,0.02,0.09,1.49,1,51
2022-23,38,372,38,Kortney Hause,DEF,Aston Villa,2,5,1,2023-05-28T15:30:00Z,0,0,0,0,0,0,0,0,0.0,0.0,0.0,0.0,0.0,0.0,0.0,0.0,0,44
2022-23,38,372,39,Tyrone Mings,DEF,Aston Villa,2,5,1,2023-05-28T15:30:00Z,90,1,0,0,0,1,0,5,0.0,0.0,0.0,0.0,0.0,0.0,0.0,1.49,1,47
2022-23,38,372,40,Ollie Watkins,FWD,Aston Villa,2,5,1,2023-05-28T15:30:00Z,90,9,1,0,0,1,3,34,0.0,0.0,0.0,0.0,1.01,0.03,1.04,1.49,1,73
2022-23,38,372,41,Marvelous Nakamba,MID,Aston Villa,2,5,1,2023-05-28T15:30:00Z,0,0,0,0,0,0,0,0,0.0,0.0,0.0,0.0,0.0,0.0,0.0,0.0,0,43
2022-23,38,372,42,Emiliano Buendía Stati,MID,Aston Villa,2,5,1,2023-05-28T15:30:00Z,21,1,0,0,0,0,0,8,0.0,0.0,0.0,0.0,0.09,0.25,0.34,0.02,0,57
2022-23,38,372,43,Matty Cash,DEF,Aston Villa,2,5,1,2023-05-28T15:30:00Z,90,1,0,0,0,1,0,4,0.0,0.0,0.0,0.0,0.0,0.0,0.0,1.49,1,46
2022-23,38,372,44,Ezri Konsa Ngoyo,DEF,Aston Villa,2,5,1,2023-05-28T15:30:00Z,90,2,0,0,0,1,0,15,0.0,0.0,0.0,0.0,0.0,0.0,0.0,1.49,1,44
2022-23,38,372,45,Leon Bailey,MID,Aston Villa,2,5,1,2023-05-28T15:30:00Z,68,2,0,0,0,1,0,13,0.0,0.0,0.0,0.0,0.14,0.67,0.81,1.47,1,43
2022-23,38,372,46,Douglas Luiz Soares de Paulo,MID,Aston Villa,2,5,1,2023-05-28T15:30:00Z,90,7,1,0,0,1,0,21,0.0,0.0,0.0,0.0,0.23,0.02,0.25,1.49,1,48
2022-23,38,372,47,Jacob Ramsey,MID,Aston Villa,2,5,1,2023-05-28T15:30:00Z,90,9,0,2,0,1,2,26,0.0,0.0,0.0,0.0,1.18,0.62,1.8,1.49,1,51
2022-23,38,374,48,Carney Chukwuemeka,MID,Chelsea,6,15,1,2023-05-28T15:30:00Z,30,1,0,0,0,0,0,6,0.0,0.0,0.0,0.0,0.0,0.41,0.41,0.08,0,42
2022-23,38,372,49,Tim Iroegbunam,MID,Aston Villa,2,5,1,2023-05-28T15:30:00Z,0,0,0,0,0,0,0,0,0.0,0.0,0.0,0.0,0.0,0.0,0.0,0.0,0,45
2022-23,38,372,50,Diego Carlos Santos Silva,DEF,Aston Villa,2,5,1,2023-05-28T15:30:00Z,0,0,0,0,0,0,0,0,0.0,0.0,0.0,0.0,0.0,0.0,0.0,0.0,0,47
2022-23,38,372,51,Anwar El Ghazi,MID,Aston Villa,2,5,1,2023-05-28T15:30:00Z,0,0,0,0,0,0,0,0,0.0,0.0,0.0,0.0,0.0,0.0,0.0,0.0,0,48
2022-23,38,372,52,Keinan Davis,FWD,Aston Villa,2,5,1,2023-05-28T15:30:00Z,0,0,0,0,0,0,0,0,0.0,0.0,0.0,0.0,0.0,0.0,0.0,0.0,0,54
2022-23,38,372,53,Boubacar Kamara,MID,Aston Villa,2,5,1,2023-05-28T15:30:00Z,90,2,0,0,0,1,0,14,0.0,0.0,0.0,0.0,0.0,0.03,0.03,1.49,1,48
2022-23,38,372,54,Cameron Archer,FWD,Aston Villa,2,5,1,2023-05-28T15:30:00Z,0,0,0,0,0,0,0,0,0.0,0.0,0.0,0.0,0.0,0.0,0.0,0.0,0,42
2022-23,38,372,55,Jaden Philogene-Bidace,MID,Aston Villa,2,5,1,2023-05-28T15:30:00Z,0,0,0,0,0,0,0,0,0.0,0.0,0.0,0.0,0.0,0.0,0.0,0.0,0,45
2022-23,38,372,56,Frédéric Guilbert,DEF,Aston Villa,2,5,1,2023-05-28T15:30:00Z,0,0,0,0,0,0,0,0,0.0,0.0,0.0,0.0,0.0,0.0,0.0,0.0,0,39
2022-23,38,376,57,Adam Smith,DEF,Bournemouth,3,8,0,2023-05-28T15:30:00Z,82,1,0,0,0,1,0,11,0.0,0.0,0.0,0.0,0.0,0.08,0.08,0.82,1,43
2022-23,38,376,58,Junior Stanislas,MID,Bournemouth,3,8,0,2023-05-28T15:30:00Z,0,0,0,0,0,0,0,0,0.0,0.0,0.0,0.0,0.0,0.0,0.0,0.0,0,48
2022-23,38,376,59,Ryan Fredericks,DEF,Bournemouth,3,8,0,2023-05-28T15:30:00Z,0,0,0,0,0,0,0,0,0.0,0.0,0.0,0.0,0.0,0.0,0.0,0.0,0,44
2022-23,38,376,60,David Brooks,MID,Bournemouth,3,8,0,2023-05-28T15:30:00Z,55,1,0,0,0,0,0,0,0.0,0.0,0.0,0.0,0.02,0.15,0.17,0.71,1,53
2022-23,38,376,61,Jamal Lowe,MID,Bournemouth,3,8,0,2023-05-28T15:30:00Z,0,0,0,0,0,0,0,0,0.0,0.0,0.0,0.0,0.0,0.0,0.0,0.0,0,52
2022-23,38,376,62,Kieffer Moore,FWD,Bournemouth,3,8,0,2023-05-28T15:30:00Z,25,1,0,0,0,0,0,3,0.0,0.0,0.0,0.0,0.09,0.01,0.1,0.22,0,49
2022-23,38,376,63,Emiliano Marcondes,MID,Bournemouth,3,8,0,2023-05-28T15:30:00Z,0,0,0,0,0,0,0,0,0.0,0.0,0.0,0.0,0.0,0.0,0.0,0.0,0,47
2022-23,38,376,64,Jefferson Lerma Solís,MID,Bournemouth,3,8,0,2023-05-28T15:30:00Z,90,2,0,0,0,1,0,8,0.0,0.0,0.0,0.0,0.08,0.02,0.1,1.0,1,47
2022-23,38,376,65,Jack Stacey,DEF,Bournemouth,3,8,0,2023-05-28T15:30:00Z,0,0,0,0,0,0,0,0,0.0,0.0,0.0,0.0,0.0,0.0,0.0,0.0,0,42
2022-23,38,376,66,Dominic Solanke,FWD,Bournemouth,3,8,0,2023-05-28T15:30:00Z,90,1,0,0,0,1,0,1,0.0,0.0,0.0,0.0,0.1,0.03,0.13,1.0,1,56
2022-23,38,376,67,Lewis Cook,MID,Bournemouth,3,8,0,2023-05-28T15:30:00Z,0,0,0,0,0,0,0,0,0.0,0.0,0.0,0.0,0.0,0.0,0.0,0.0,0,49
2022-23,38,376,68,Ben Pearson,MID,Bournemouth,3,8,0,2023-05-28T15:30:00Z,0,0,0,0,0,0,0,0,0.0,0.0,0.0,0.0,0.0,0.0,0.0,0.0,0,44
2022-23,38,376,69,Ryan Christie,MID,Bournemouth,3,8,0,2023-05-28T15:30:00Z,64,2,0,0,0,1,0,-1,0.0,0.0,0.0,0.0,0.0,0.01,0.01,0.77,1,53
2022-23,38,376,70,Philip Billing,MID,Bournemouth,3,8,0,2023-05-28T15:30:00Z,90,2,0,0,0,1,0,15,0.0,0.0,0.0,0.0,0.0,0.04,0.04,1.0,1,50
2022-23,38,376,71,Chris Mepham,DEF,Bournemouth,3,8,0,2023-05-28T15:30:00Z,0,0,0,0,0,0,0,0,0.0,0.0,0.0,0.0,0.0,0.0,0.0,0.0,0,43
2022-23,38,376,72,Mark Travers,GK,Bournemouth,3,8,0,2023-05-28T15:30:00Z,90,3,0,0,0,1,0,20,0.0,0.0,0.0,0.0,0.0,0.0,0.0,1.0,1,41
2022-23,38,376,73,Lloyd Kelly,DEF,Bournemouth,3,8,0,2023-05-28T15:30:00Z,90,2,0,0,0,1,0,17,0.0,0.0,0.0,0.0,0.0,0.06,0.06,1.0,1,43
2022-23,38,376,74,Siriki Dembélé,MID,Bournemouth,3,8,0,2023-05-28T15:30:00Z,0,0,0,0,0,0,0,0,0.0,0.0,0.0,0.0,0.0,0.0,0.0,0.0,0,47
2022-23,38,376,75,Jaidon Anthony,MID,Bournemouth,3,8,0,2023-05-28T15:30:00Z,7,1,0,0,0,0,0,3,0.0,0.0,0.0,0.0,0.0,0.0,0.0,0.18,0,52
2022-23,38,376,76,Jordan Zemura,DEF,Bournemouth,3,8,0,2023-05-28T15:30:00Z,0,0,0,0,0,0,0,0,0.0,0.0,0.0,0.0,0.0,0.0,0.0,0.0,0,42
2022-23,38,376,77,Will Dennis,GK,Bournemouth,3,8,0,2023-05-28T15:30:00Z,0,0,0,0,0,0,0,0,0.0,0.0,0.0,0.0,0.0,0.0,0.0,0.0,0,39
2022-23,38,373,78,Pontus Jansson,DEF,Brentford,4,13,1,2023-05-28T15:30:00Z,0,0,0,0,0,0,0,0,0.0,0.0,0.0,0.0,0.0,0.0,0.0,0.0,0,42
2022-23,38,373,79,Christian Nørgaard,MID,Brentford,4,13,1,2023-05-28T15:30:00Z,0,0,0,0,0,0,0,0,0.0,0.0,0.0,0.0,0.0,0.0,0.0,0.0,0,53
2022-23,38,373,80,Ivan Toney,FWD,Brentford,4,13,1,2023-05-28T15:30:00Z,0,0,0,0,0,0,0,0,0.0,0.0,0.0,0.0,0.0,0.0,0.0,0.0,0,71
2022-23,38,373,81,David Raya Martin,GK,Brentford,4,13,1,2023-05-28T15:30:00Z,90,6,0,0,1,0,0,23,0.0,0.0,0.0,0.0,0.0,0.0,0.0,0.64,1,48
2022-23,38,373,82,Sergi Canós Tenés,DEF,Brentford,4,13,1,2023-05-28T15:30:00Z,0,0,0,0,0,0,0,0,0.0,0.0,0.0,0.0,0.0,0.0,0.0,0.0,0,50
2022-23,38,373,83,Josh Dasilva,MID,Brentford,4,13,1,2023-05-28T15:30:00Z,20,1,0,0,0,0,0,4,0.0,0.0,0.0,0.0,0.0,0.0,0.0,0.07,0,41
2022-23,38,373,84,Kristoffer Ajer,DEF,Brentford,4,13,1,2023-05-28T15:30:00Z,0,0,0,0,0,0,0,0,0.0,0.0,0.0,0.0,0.0,0.0,0.0,0.0,0,45
2022-23,38,373,85,Rico Henry,DEF,Brentford,4,13,1,2023-05-28T15:30:00Z,90,7,0,0,1,0,1,24,0.0,0.0,0.0,0.0,0.0,0.03,0.03,0.64,1,44
2022-23,38,373,86,Vitaly Janelt,MID,Brentford,4,13,1,2023-05-28T15:30:00Z,90,2,0,0,1,0,0,1,0.0,0.0,0.0,0.0,0.16,0.2,0.36,0.64,1,55
2022-23,38,373,87,Saman Ghoddos,MID,Brentford,4,13,1,2023-05-28T15:30:00Z,1,1,0,0,0,0,0,2,0.0,0.0,0.0,0.0,0.0,0.0,0.0,0.07,0,48
2022-23,38,373,88,Mathias Jensen,MID,Brentford,4,13,1,2023-05-28T15:30:00Z,0,0,0,0,0,0,0,0,0.0,0.0,0.0,0.0,0.0,0.0,0.0,0.0,0,48
2022-23,38,373,89,Yoane Wissa,MID,Brentford,4,13,1,2023-05-28T15:30:00Z,88,2,0,0,1,0,0,4,0.0,0.0,0.0,0.0,0.0,0.09,0.09,0.57,1,53
2022-23,38,373,90,Mads Roerslev Rasmussen,DEF,Brentford,4,13,1,2023-05-28T15:30:00Z,1,1,0,0,0,0,0,3,0.0,0.0,0.0,0.0,0.0,0.0,0.0,0.07,0,43
2022-23,38,373,91,Mads Bech Sørensen,DEF,Brentford,4,13,1,2023-05-28T15:30:00Z,0,0,0,0,0,0,0,0,0.0,0.0,0.0,0.0,0.0,0.0,0.0,0.0,0,45
2022-23,38,373,92,Ethan Pinnock,DEF,Brentford,4,13,1,2023-05-28T15:30:00Z,90,15,1,0,1,0,3,49,0.0,0.0,0.0,0.0,0.06,0.06,0.12,0.64,1,44
2022-23,38,373,93,Frank Onyeka,MID,Brentford,4,13,1,2023-05-28T15:30:00Z,80,3,0,0,1,0,0,7,0.0,0.0,0.0,0.0,0.01,0.06,0.07,0.57,1,48
2022-23,38,373,94,Shandon Baptiste,MID,Brentford,4,13,1,2023-05-28T15:30:00Z,9,1,0,0,0,0,0,3,0.0,0.0,0.0,0.0,0.0,0.0,0.0,0.07,0,45
2022-23,38,373,95,Bryan Mbeumo,FWD,Brentford,4,13,1,2023-05-28T15:30:00Z,88,5,0,1,1,0,0,17,0.0,0.0,0.0,0.0,0.02,0.18,0.2,0.57,1,57
2022-23,38,373,96,Charlie Goode,DEF,Brentford,4,13,1,2023-05-28T15:30:00Z,0,0,0,0,0,0,0,0,0.0,0.0,0.0,0.0,0.0,0.0,0.0,0.0,0,39
2022-23,38,373,97,Marcus Forss,FWD,Brentford,4,13,1,2023-05-28T15:30:00Z,0,0,0,0,0,0,0,0,0.0,0.0,0.0,0.0,0.0,0.0,0.0,0.0,0,45
2022-23,38,373,98,Dominic Thompson,DEF,Brentford,4,13,1,2023-05-28T15:30:00Z,0,0,0,0,0,0,0,0,0.0,0.0,0.0,0.0,0.0,0.0,0.0,0.0,0,40
2022-23,38,373,99,Mads Bidstrup,MID,Brentford,4,13,1,2023-05-28T15:30:00Z,0,0,0,0,0,0,0,0,0.0,0.0,0.0,0.0,0.0,0.0,0.0,0.0,0,45
2022-23,38,373,100,Ellery Balcombe,GK,Brentford,4,13,1,2023-05-28T15:30:00Z,0,0,0,0,0,0,0,0,0.0,0.0,0.0,0.0,0.0,0.0,0.0,0.0,0,40
2022-23,38,372,101,Adam Lallana,MID,Brighton,5,2,0,2023-05-28T15:30:00Z,0,0,0,0,0,0,0,0,0.0,0.0,0.0,0.0,0.0,0.0,0.0,0.0,0,48
2022-23,38,372,102,Jason Steele,GK,Brighton,5,2,0,2023-05-28T15:30:00Z,90,2,0,0,0,2,0,21,0.0,0.0,0.0,0.0,0.0,0.0,0.0,2.82,1,40
2022-23,38,372,103,Danny Welbeck,FWD,Brighton,5,2,0,2023-05-28T15:30:00Z,0,0,0,0,0,0,0,0,0.0,0.0,0.0,0.0,0.0,0.0,0.0,0.0,0,65
2022-23,38,372,104,Pascal Groß,MID,Brighton,5,2,0,2023-05-28T15:30:00Z,90,5,0,1,0,2,1,24,0.0,0.0,0.0,0.0,0.0,0.03,0.03,2.82,1,54
2022-23,38,379,105,Shane Duffy,DEF,Fulham,9,14,0,2023-05-28T15:30:00Z,0,0,0,0,0,0,0,0,0.0,0.0,0.0,0.0,0.0,0.0,0.0,0.0,0,42
2022-23,38,372,106,Lewis Dunk,DEF,Brighton,5,2,0,2023-05-28T15:30:00Z,0,0,0,0,0,0,0,0,0.0,0.0,0.0,0.0,0.0,0.0,0.0,0.0,0,48
2022-23,38,372,107,Solly March,MID,Brighton,5,2,0,2023-05-28T15:30:00Z,0,0,0,0,0,0,0,0,0.0,0.0,0.0,0.0,0.0,0.0,0.0,0.0,0,52
2022-23,38,372,108,Adam Webster,DEF,Brighton,5,2,0,2023-05-28T15:30:00Z,64,1,0,0,0,2,0,12,0.0,0.0,0.0,0.0,0.0,0.0,0.0,2.3,1,45
2022-23,38,372,109,Joël Veltman,DEF,Brighton,5,2,0,2023-05-28T15:30:00Z,45,0,0,0,0,2,0,2,0.0,0.0,0.0,0.0,0.0,0.0,0.0,1.35,1,46
2022-23,38,376,110,Neal Maupay,FWD,Everton,8,3,1,2023-05-28T15:30:00Z,0,0,0,0,0,0,0,0,0.0,0.0,0.0,0.0,0.0,0.0,0.0,0.0,0,56
2022-23,38,371,111,Leandro Trossard,MID,Arsenal,1,20,1,2023-05-28T15:30:00Z,79,9,0,2,1,0,0,33,0.0,0.0,0.0,0.0,0.12,0.28,0.4,0.32,1,66
2022-23,38,374,112,Marc Cucurella Saseta,DEF,Chelsea,6,15,1,2023-05-28T15:30:00Z,0,0,0,0,0,0,0,0,0.0,0.0,0.0,0.0,0.0,0.0,0.0,0.0,0,49
2022-23,38,372,113,Robert Sánchez,GK,Brighton,5,2,0,2023-05-28T15:30:00Z,0,0,0,0,0,0,0,0,0.0,0.0,0.0,0.0,0.0,0.0,0.0,0.0,0,44
2022-23,38,372,114,Tariq Lamptey,DEF,Brighton,5,2,0,2023-05-28T15:30:00Z,0,0,0,0,0,0,0,0,0.0,0.0,0.0,0.0,0.0,0.0,0.0,0.0,0,42
2022-23,38,372,115,Steven Alzate,MID,Brighton,5,2,0,2023-05-28T15:30:00Z,0,0,0,0,0,0,0,0,0.0,0.0,0.0,0.0,0.0,0.0,0.0,0.0,0,44
2022-23,38,372,116,Alexis Mac Allister,MID,Brighton,5,2,0,2023-05-28T15:30:00Z,90,2,0,0,0,2,0,9,0.0,0.0,0.0,0.0,0.1,0.18,0.28,2.82,1,56
2022-23,38,372,117,Jakub Moder,MID,Brighton,5,2,0,2023-05-28T15:30:00Z,0,0,0,0,0,0,0,0,0.0,0.0,0.0,0.0,0.0,0.0,0.0,0.0,0,44
2022-23,38,372,118,Enock Mwepu,MID,Brighton,5,2,0,2023-05-28T15:30:00Z,0,0,0,0,0,0,0,0,0.0,0.0,0.0,0.0,0.0,0.0,0.0,0.0,0,53
2022-23,38,372,119,Jeremy Sarmiento Morante,MID,Brighton,5,2,0,2023-05-28T15:30:00Z,0,0,0,0,0,0,0,0,0.0,0.0,0.0,0.0,0.0,0.0,0.0,0.0,0,45
2022-23,38,372,120,Moisés Caicedo Corozo,MID,Brighton,5,2,0,2023-05-28T15:30:00Z,45,0,0,0,0,0,0,7,0.0,0.0,0.0,0.0,0.0,0.01,0.01,1.47,0,50
2022-23,38,372,121,Taylor Richards,MID,Brighton,5,2,0,2023-05-28T15:30:00Z,0,0,0,0,0,0,0,0,0.0,0.0,0.0,0.0,0.0,0.0,0.0,0.0,0,45
2022-23,38,372,122,Haydon Roberts,DEF,Brighton,5,2,0,2023-05-28T15:30:00Z,0,0,0,0,0,0,0,0,0.0,0.0,0.0,0.0,0.0,0.0,0.0,0.0,0,40
2022-23,38,372,123,Deniz Undav,FWD,Brighton,5,2,0,2023-05-28T15:30:00Z,88,5,1,0,0,2,0,23,0.0,0.0,0.0,0.0,0.91,0.16,1.07,2.59,1,50
2022-23,38,372,124,Kaoru Mitoma,MID,Brighton,5,2,0,2023-05-28T15:30:00Z,25,1,0,0,0,0,0,2,0.0,0.0,0.0,0.0,0.0,0.01,0.01,0.52,0,57
2022-23,38,372,125,Julio Enciso,FWD,Brighton,5,2,0,2023-05-28T15:30:00Z,64,2,0,0,0,2,0,6,0.0,0.0,0.0,0.0,0.07,0.32,0.39,2.3,1,46
2022-23,38,372,126,Kacper Kozłowski,MID,Brighton,5,2,0,2023-05-28T15:30:00Z,0,0,0,0,0,0,0,0,0.0,0.0,0.0,0.0,0.0,0.0,0.0,0.0,0,45
2022-23,38,374,127,César Azpilicueta,DEF,Chelsea,6,15,1,2023-05-28T15:30:00Z,90,2,0,0,0,1,0,6,0.0,0.0,0.0,0.0,0.04,0.05,0.09,1.7,1,47
2022-23,38,374,128,Thiago Emiliano da Silva,DEF,Chelsea,6,15,1,2023-05-28T15:30:00Z,90,2,0,0,0,1,0,15,0.0,0.0,0.0,0.0,0.26,0.01,0.27,1.7,1,54
2022-23,38,374,129,Marcos Alonso,DEF,Chelsea,6,15,1,2023-05-28T15:30:00Z,0,0,0,0,0,0,0,0,0.0,0.0,0.0,0.0,0.0,0.0,0.0,0.0,0,53
2022-23,38,371,130,Jorge Luiz Frello Filho,MID,Arsenal,1,20,1,2023-05-28T15:30:00Z,90,3,0,0,1,0,0,17,0.0,0.0,0.0,0.0,0.03,0.04,0.07,0.47,1,57
2022-23,38,374,131,Ross Barkley,MID,Chelsea,6,15,1,2023-05-28T15:30:00Z,0,0,0,0,0,0,0,0,0.0,0.0,0.0,0.0,0.0,0.0,0.0,0.0,0,49
2022-23,38,374,132,Mateo Kovacic,MID,Chelsea,6,15,1,2023-05-28T15:30:00Z,20,1,0,0,0,0,0,4,0.0,0.0,0.0,0.0,0.0,0.03,0.03,0.08,0,49
2022-23,38,374,133,Kepa Arrizabalaga,GK,Chelsea,6,15,1,2023-05-28T15:30:00Z,90,3,0,0,0,1,0,15,0.0,0.0,0.0,0.0,0.0,0.0,0.0,1.7,1,45
2022-23,38,374,134,N'Golo Kanté,MID,Chelsea,6,15,1,2023-05-28T15:30:00Z,0,0,0,0,0,0,0,0,0.0,0.0,0.0,0.0,0.0,0.0,0.0,0.0,0,48
2022-23,38,374,135,Hakim Ziyech,MID,Chelsea,6,15,1,2023-05-28T15:30:00Z,0,0,0,0,0,0,0,0,0.0,0.0,0.0,0.0,0.0,0.0,0.0,0.0,0,55
2022-23,38,374,136,Ruben Loftus-Cheek,MID,Chelsea,6,15,1,2023-05-28T15:30:00Z,59,1,0,0,0,1,0,12,0.0,0.0,0.0,0.0,0.0,0.05,0.05,1.62,1,50
2022-23,38,374,137,Timo Werner,FWD,Chelsea,6,15,1,2023-05-28T15:30:00Z,0,0,0,0,0,0,0,0,0.0,0.0,0.0,0.0,0.0,0.0,0.0,0.0,0,79
2022-23,38,374,138,Robert Kenedy Nunes do Nascimento,DEF,Chelsea,6,15,1,2023-05-28T15:30:00Z,0,0,0,0,0,0,0,0,0.0,0.0,0.0,0.0,0.0,0.0,0.0,0.0,0,39
2022-23,38,374,139,Ben Chilwell,DEF,Chelsea,6,15,1,2023-05-28T15:30:00Z,0,0,0,0,0,0,0,0,0.0,0.0,0.0,0.0,0.0,0.0,0.0,0.0,0,56
2022-23,38,374,140,Christian Pulisic,MID,Chelsea,6,15,1,2023-05-28T15:30:00Z,2,1,0,0,0,0,0,0,0.0,0.0,0.0,0.0,0.27,0.0,0.27,0.0,0,56
2022-23,38,374,141,Trevoh Chalobah,DEF,Chelsea,6,15,1,2023-05-28T15:30:00Z,45,1,0,0,0,1,0,3,0.0,0.0,0.0,0.0,0.1,0.0,0.1,1.58,1,44
2022-23,38,374,142,Mason Mount,MID,Chelsea,6,15,1,2023-05-28T15:30:00Z,0,0,0,0,0,0,0,0,0.0,0.0,0.0,0.0,0.0,0.0,0.0,0.0,0,72
2022-23,38,374,143,Malang Sarr,DEF,Chelsea,6,15,1,2023-05-28T15:30:00Z,0,0,0,0,0,0,0,0,0.0,0.0,0.0,0.0,0.0,0.0,0.0,0.0,0,50
2022-23,38,374,144,Callum Hudson-Odoi,MID,Chelsea,6,15,1,2023-05-28T15:30:00Z,0,0,0,0,0,0,0,0,0.0,0.0,0.0,0.0,0.0,0.0,0.0,0.0,0,53
2022-23,38,374,145,Kai Havertz,FWD,Chelsea,6,15,1,2023-05-28T15:30:00Z,58,1,0,0,0,1,0,5,0.0,0.0,0.0,0.0,0.0,0.02,0.02,1.62,1,74
2022-23,38,374,146,Reece James,DEF,Chelsea,6,15,1,2023-05-28T15:30:00Z,0,0,0,0,0,0,0,0,0.0,0.0,0.0,0.0,0.0,0.0,0.0,0.0,0,58
2022-23,38,374,147,Edouard Mendy,GK,Chelsea,6,15,1,2023-05-28T15:30:00Z,0,0,0,0,0,0,0,0,0.0,0.0,0.0,0.0,0.0,0.0,0.0,0.0,0,48
2022-23,38,374,148,Conor Gallagher,MID,Chelsea,6,15,1,2023-05-28T15:30:00Z,69,2,0,0,0,1,0,10,0.0,0.0,0.0,0.0,0.04,0.07,0.11,1.62,1,56
2022-23,38,372,149,Billy Gilmour,MID,Brighton,5,2,0,2023-05-28T15:30:00Z,0,0,0,0,0,0,0,0,0.0,0.0,0.0,0.0,0.0,0.0,0.0,0.0,0,42
2022-23,38,374,150,Armando Broja,FWD,Chelsea,6,15,1,2023-05-28T15:30:00Z,0,0,0,0,0,0,0,0,0.0,0.0,0.0,0.0,0.0,0.0,0.0,0.0,0,52
2022-23,38,374,151,Ethan Ampadu,DEF,Chelsea,6,15,1,2023-05-28T15:30:00Z,0,0,0,0,0,0,0,0,0.0,0.0,0.0,0.0,0.0,0.0,0.0,0.0,0,44
2022-23,38,375,152,Vicente Guaita,GK,Crystal Palace,7,16,1,2023-05-28T15:30:00Z,0,0,0,0,0,0,0,0,0.0,0.0,0.0,0.0,0.0,0.0,0.0,0.0,0,44
2022-23,38,375,153,James Tomkins,DEF,Crystal Palace,7,16,1,2023-05-28T15:30:00Z,0,0,0,0,0,0,0,0,0.0,0.0,0.0,0.0,0.0,0.0,0.0,0.0,0,39
2022-23,38,375,154,James McArthur,MID,Crystal Palace,7,16,1,2023-05-28T15:30:00Z,22,1,0,0,0,0,0,4,0.0,0.0,0.0,0.0,0.0,0.0,0.0,0.26,0,48
2022-23,38,375,155,Christian Benteke,FWD,Crystal Palace,7,16,1,2023-05-28T15:30:00Z,0,0,0,0,0,0,0,0,0.0,0.0,0.0,0.0,0.0,0.0,0.0,0.0,0,55
2022-23,38,375,156,Joel Ward,DEF,Crystal Palace,7,16,1,2023-05-28T15:30:00Z,90,2,0,0,0,1,0,10,0.0,0.0,0.0,0.0,0.0,0.03,0.03,0.46,1,44
2022-23,38,375,157,Nathaniel Clyne,DEF,Crystal Palace,7,16,1,2023-05-28T15:30:00Z,0,0,0,0,0,0,0,0,0.0,0.0,0.0,0.0,0.0,0.0,0.0,0.0,0,45
2022-23,38,375,158,Luka Milivojevic,MID,Crystal Palace,7,16,1,2023-05-28T15:30:00Z,0,0,0,0,0,0,0,0,0.0,0.0,0.0,0.0,0.0,0.0,0.0,0.0,0,42
2022-23,38,375,159,Jordan Ayew,MID,Crystal Palace,7,16,1,2023-05-28T15:30:00Z,90,2,0,0,0,1,0,1,0.0,0.0,0.0,0.0,0.09,0.03,0.12,0.46,1,52
2022-23,38,375,160,Wilfried Zaha,MID,Crystal Palace,7,16,1,2023-05-28T15:30:00Z,0,0,0,0,0,0,0,0,0.0,0.0,0.0,0.0,0.0,0.0,0.0,0.0,0,72
2022-23,38,375,161,Jeffrey Schlupp,MID,Crystal Palace,7,16,1,2023-05-28T15:30:00Z,0,0,0,0,0,0,0,0,0.0,0.0,0.0,0.0,0.0,0.0,0.0,0.0,0,47
2022-23,38,379,162,Jack Butland,GK,Man Utd,14,9,1,2023-05-28T15:30:00Z,0,0,0,0,0,0,0,0,0.0,0.0,0.0,0.0,0.0,0.0,0.0,0.0,0,44
2022-23,38,375,163,Will Hughes,MID,Crystal Palace,7,16,1,2023-05-28T15:30:00Z,89,10,1,0,0,1,3,31,0.0,0.0,0.0,0.0,0.08,0.09,0.17,0.46,1,48
2022-23,38,375,164,Jairo Riedewald,MID,Crystal Palace,7,16,1,2023-05-28T15:30:00Z,1,1,0,0,0,0,0,3,0.0,0.0,0.0,0.0,0.0,0.0,0.0,0.0,0,42
2022-23,38,375,165,Joachim Andersen,DEF,Crystal Palace,7,16,1,2023-05-28T15:30:00Z,90,2,0,0,0,1,0,14,0.0,0.0,0.0,0.0,0.0,0.05,0.05,0.46,1,45
2022-23,38,375,166,Odsonne Edouard,FWD,Crystal Palace,7,16,1,2023-05-28T15:30:00Z,66,2,0,0,0,1,0,4,0.0,0.0,0.0,0.0,0.04,0.01,0.05,0.2,1,50
2022-23,38,375,167,Marc Guéhi,DEF,Crystal Palace,7,16,1,2023-05-28T15:30:00Z,90,2,0,0,0,1,0,12,0.0,0.0,0.0,0.0,0.19,0.05,0.24,0.46,1,45
2022-23,38,375,168,Jean-Philippe Mateta,FWD,Crystal Palace,7,16,1,2023-05-28T15:30:00Z,23,1,0,0,0,0,0,0,0.0,0.0,0.0,0.0,0.29,0.02,0.31,0.26,0,51
2022-23,38,375,169,Eberechi Eze,MID,Crystal Palace,7,16,1,2023-05-28T15:30:00Z,90,2,0,0,0,1,0,7,0.0,0.0,0.0,0.0,0.69,0.04,0.73,0.46,1,57
2022-23,38,375,170,Tyrick Mitchell,DEF,Crystal Palace,7,16,1,2023-05-28T15:30:00Z,90,2,0,0,0,1,0,11,0.0,0.0,0.0,0.0,0.0,0.1,0.1,0.46,1,44
2022-23,38,375,171,Michael Olise,MID,Crystal Palace,7,16,1,2023-05-28T15:30:00Z,89,6,0,1,0,1,1,25,0.0,0.0,0.0,0.0,0.07,0.68,0.75,0.46,1,53
2022-23,38,375,172,Jesurun Rak-Sakyi,MID,Crystal Palace,7,16,1,2023-05-28T15:30:00Z,0,0,0,0,0,0,0,0,0.0,0.0,0.0,0.0,0.0,0.0,0.0,0.0,0,45
2022-23,38,375,173,Malcolm Ebiowei,MID,Crystal Palace,7,16,1,2023-05-28T15:30:00Z,0,0,0,0,0,0,0,0,0.0,0.0,0.0,0.0,0.0,0.0,0.0,0.0,0,42
2022-23,38,375,174,Nathan Ferguson,DEF,Crystal Palace,7,16,1,2023-05-28T15:30:00Z,0,0,0,0,0,0,0,0,0.0,0.0,0.0,0.0,0.0,0.0,0.0,0.0,0,39
2022-23,38,375,175,Sam Johnstone,GK,Crystal Palace,7,16,1,2023-05-28T15:30:00Z,90,3,0,0,0,1,0,13,0.0,0.0,0.0,0.0,0.0,0.0,0.0,0.46,1,44
2022-23,38,376,176,Asmir Begović,GK,Everton,8,3,1,2023-05-28T15:30:00Z,0,0,0,0,0,0,0,0,0.0,0.0,0.0,0.0,0.0,0.0,0.0,0.0,0,38
2022-23,38,376,177,Salomón Rondón,FWD,Everton,8,3,1,2023-05-28T15:30:00Z,0,0,0,0,0,0,0,0,0.0,0.0,0.0,0.0,0.0,0.0,0.0,0.0,0,49
2022-23,38,376,178,Seamus Coleman,DEF,Everton,8,3,1,2023-05-28T15:30:00Z,0,0,0,0,0,0,0,0,0.0,0.0,0.0,0.0,0.0,0.0,0.0,0.0,0,41
2022-23,38,376,179,Andros Townsend,MID,Everton,8,3,1,2023-05-28T15:30:00Z,0,0,0,0,0,0,0,0,0.0,0.0,0.0,0.0,0.0,0.0,0.0,0.0,0,54
2022-23,38,376,180,Michael Keane,DEF,Everton,8,3,1,2023-05-28T15:30:00Z,0,0,0,0,0,0,0,0,0.0,0.0,0.0,0.0,0.0,0.0,0.0,0.0,0,42
2022-23,38,376,181,Dele Alli,MID,Everton,8,3,1,2023-05-28T15:30:00Z,0,0,0,0,0,0,0,0,0.0,0.0,0.0,0.0,0.0,0.0,0.0,0.0,0,53
2022-23,38,376,182,Jordan Pickford,GK,Everton,8,3,1,2023-05-28T15:30:00Z,90,5,0,0,1,0,0,19,0.0,0.0,0.0,0.0,0.0,0.0,0.0,0.49,1,44
2022-23,38,376,183,Allan Marques Loureiro,MID,Everton,8,3,1,2023-05-28T15:30:00Z,0,0,0,0,0,0,0,0,0.0,0.0,0.0,0.0,0.0,0.0,0.0,0.0,0,48
2022-23,38,376,184,André Tavares Gomes,MID,Everton,8,3,1,2023-05-28T15:30:00Z,0,0,0,0,0,0,0,0,0.0,0.0,0.0,0.0,0.0,0.0,0.0,0.0,0,45
2022-23,38,376,185,Abdoulaye Doucouré,MID,Everton,8,3,1,2023-05-28T15:30:00Z,90,11,1,0,1,0,3,31,0.0,0.0,0.0,0.0,0.11,0.01,0.12,0.49,1,53
2022-23,38,376,186,Alex Iwobi,MID,Everton,8,3,1,2023-05-28T15:30:00Z,90,3,0,0,1,0,0,12,0.0,0.0,0.0,0.0,0.03,0.05,0.08,0.49,1,49
2022-23,38,376,187,Jean-Philippe Gbamin,MID,Everton,8,3,1,2023-05-28T15:30:00Z,0,0,0,0,0,0,0,0,0.0,0.0,0.0,0.0,0.0,0.0,0.0,0.0,0,45
2022-23,38,376,188,Yerry Mina,DEF,Everton,8,3,1,2023-05-28T15:30:00Z,90,8,0,0,1,0,2,25,0.0,0.0,0.0,0.0,0.0,0.01,0.01,0.49,1,43
2022-23,38,376,189,Demarai Gray,MID,Everton,8,3,1,2023-05-28T15:30:00Z,86,3,0,0,1,0,0,-2,0.0,0.0,0.0,0.0,0.42,0.06,0.48,0.43,1,51
2022-23,38,376,190,Tom Davies,MID,Everton,8,3,1,2023-05-28T15:30:00Z,0,0,0,0,0,0,0,0,0.0,0.0,0.0,0.0,0.0,0.0,0.0,0.0,0,49
2022-23,38,376,191,Dominic Calvert-Lewin,FWD,Everton,8,3,1,2023-05-28T15:30:00Z,0,0,0,0,0,0,0,0,0.0,0.0,0.0,0.0,0.0,0.0,0.0,0.0,0,79
2022-23,38,376,192,Mason Holgate,DEF,Everton,8,3,1,2023-05-28T15:30:00Z,0,0,0,0,0,0,0,0,0.0,0.0,0.0,0.0,0.0,0.0,0.0,0.0,0,42
2022-23,38,376,193,Ben Godfrey,DEF,Everton,8,3,1,2023-05-28T15:30:00Z,0,0,0,0,0,0,0,0,0.0,0.0,0.0,0.0,0.0,0.0,0.0,0.0,0,43
2022-23,38,376,194,Vitalii Mykolenko,DEF,Everton,8,3,1,2023-05-28T15:30:00Z,0,0,0,0,0,0,0,0,0.0,0.0,0.0,0.0,0.0,0.0,0.0,0.0,0,41
2022-23,38,374,195,Anthony Gordon,MID,Newcastle,15,6,0,2023-05-28T15:30:00Z,68,10,1,0,0,1,3,27,0.0,0.0,0.0,0.0,0.45,0.01,0.46,1.21,1,51
2022-23,38,376,196,Jarrad Branthwaite,DEF,Everton,8,3,1,2023-05-28T15:30:00Z,0,0,0,0,0,0,0,0,0.0,0.0,0.0,0.0,0.0,0.0,0.0,0.0,0,40
2022-23,38,376,197,Nathan Patterson,DEF,Everton,8,3,1,2023-05-28T15:30:00Z,0,0,0,0,0,0,0,0,0.0,0.0,0.0,0.0,0.0,0.0,0.0,0.0,0,39
2022-23,38,376,198,Niels Nkounkou,DEF,Everton,8,3,1,2023-05-28T15:30:00Z,0,0,0,0,0,0,0,0,0.0,0.0,0.0,0.0,0.0,0.0,0.0,0.0,0,40
2022-23,38,376,199,James Tarkowski,DEF,Everton,8,3,1,2023-05-28T15:30:00Z,90,8,0,0,1,0,2,25,0.0,0.0,0.0,0.0,0.09,0.0,0.09,0.49,1,41
2022-23,38,379,200,Tom Cairney,MID,Fulham,9,14,0,2023-05-28T15:30:00Z,79,2,0,0,0,2,0,5,0.0,0.0,0.0,0.0,0.25,0.04,0.29,2.42,1,47
2022-23,38,379,201,Tim Ream,DEF,Fulham,9,14,0,2023-05-28T15:30:00Z,0,0,0,0,0,0,0,0,0.0,0.0,0.0,0.0,0.0,0.0,0.0,0.0,0,45
2022-23,38,379,202,Anthony Knockaert,MID,Fulham,9,14,0,2023-05-28T15:30:00Z,0,0,0,0,0,0,0,0,0.0,0.0,0.0,0.0,0.0,0.0,0.0,0.0,0,47
2022-23,38,379,203,Nathaniel Chalobah,MID,Fulham,9,14,0,2023-05-28T15:30:00Z,0,0,0,0,0,0,0,0,0.0,0.0,0.0,0.0,0.0,0.0,0.0,0.0,0,44
2022-23,38,379,204,Neeskens Kebano,MID,Fulham,9,14,0,2023-05-28T15:30:00Z,0,0,0,0,0,0,0,0,0.0,0.0,0.0,0.0,0.0,0.0,0.0,0.0,0,54
2022-23,38,379,205,Bobby De Cordova-Reid,MID,Fulham,9,14,0,2023-05-28T15:30:00Z,0,0,0,0,0,0,0,0,0.0,0.0,0.0,0.0,0.0,0.0,0.0,0.0,0,54
2022-23,38,379,206,Joe Bryan,DEF,Fulham,9,14,0,2023-05-28T15:30:00Z,0,0,0,0,0,0,0,0,0.0,0.0,0.0,0.0,0.0,0.0,0.0,0.0,0,44
2022-23,38,379,207,Paulo Gazzaniga Farias,GK,Fulham,9,14,0,2023-05-28T15:30:00Z,0,0,0,0,0,0,0,0,0.0,0.0,0.0,0.0,0.0,0.0,0.0,0.0,0,40
2022-23,38,379,208,Terence Kongolo,DEF,Fulham,9,14,0,2023-05-28T15:30:00Z,0,0,0,0,0,0,0,0,0.0,0.0,0.0,0.0,0.0,0.0,0.0,0.0,0,39
2022-23,38,379,209,Tosin Adarabioyo,DEF,Fulham,9,14,0,2023-05-28T15:30:00Z,90,1,0,0,0,2,0,14,0.0,0.0,0.0,0.0,0.0,0.01,0.01,2.71,1,44
2022-23,38,379,210,Aleksandar Mitrović,FWD,Fulham,9,14,0,2023-05-28T15:30:00Z,79,-1,0,0,0,2,0,-19,0.0,0.0,0.0,0.0,1.18,0.11,1.29,2.42,1,66
2022-23,38,379,211,Harrison Reed,MID,Fulham,9,14,0,2023-05-28T15:30:00Z,24,1,0,0,0,0,0,5,0.0,0.0,0.0,0.0,0.0,0.01,0.01,0.67,0,43
2022-23,38,379,212,Harry Wilson,MID,Fulham,9,14,0,2023-05-28T15:30:00Z,65,2,0,0,0,2,0,3,0.0,0.0,0.0,0.0,0.05,0.04,0.09,2.04,1,57
2022-23,38,379,213,Marek Rodák,GK,Fulham,9,14,0,2023-05-28T15:30:00Z,0,0,0,0,0,0,0,0,0.0,0.0,0.0,0.0,0.0,0.0,0.0,0.0,0,43
2022-23,38,379,214,Ivan Neves Abreu Cavaleiro,MID,Fulham,9,14,0,2023-05-28T15:30:00Z,0,0,0,0,0,0,0,0,0.0,0.0,0.0,0.0,0.0,0.0,0.0,0.0,0,48
2022-23,38,379,215,Kenny Tete,DEF,Fulham,9,14,0,2023-05-28T15:30:00Z,90,8,1,0,0,2,1,31,0.0,0.0,0.0,0.0,0.19,0.05,0.24,2.71,1,44
2022-23,38,379,216,Josh Onomah,MID,Fulham,9,14,0,2023-05-28T15:30:00Z,0,0,0,0,0,0,0,0,0.0,0.0,0.0,0.0,0.0,0.0,0.0,0.0,0,43
2022-23,38,379,217,Antonee Robinson,DEF,Fulham,9,14,0,2023-05-28T15:30:00Z,90,1,0,0,0,2,0,14,0.0,0.0,0.0,0.0,0.0,0.09,0.09,2.71,1,44
2022-23,38,379,218,Rodrigo Muniz Carvalho,FWD,Fulham,9,14,0,2023-05-28T15:30:00Z,0,0,0,0,0,0,0,0,0.0,0.0,0.0,0.0,0.0,0.0,0.0,0.0,0,54
2022-23,38,379,219,Jay Stansfield,FWD,Fulham,9,14,0,2023-05-28T15:30:00Z,0,0,0,0,0,0,0,0,0.0,0.0,0.0,0.0,0.0,0.0,0.0,0.0,0,45
2022-23,38,379,220,João Palhinha Gonçalves,MID,Fulham,9,14,0,2023-05-28T15:30:00Z,90,1,0,0,0,2,0,13,0.0,0.0,0.0,0.0,0.0,0.0,0.0,2.71,1,49
2022-23,38,377,221,Liam Cooper,DEF,Leeds,11,18,1,2023-05-28T15:30:00Z,90,-1,0,0,0,4,0,12,0.0,0.0,0.0,0.0,0.0,0.01,0.01,2.12,1,44
2022-23,38,377,222,Luke Ayling,DEF,Leeds,11,18,1,2023-05-28T15:30:00Z,90,0,0,0,0,4,0,18,0.0,0.0,0.0,0.0,0.27,0.06,0.33,2.12,1,45
2022-23,38,377,223,Mateusz Klich,MID,Leeds,11,18,1,2023-05-28T15:30:00Z,0,0,0,0,0,0,0,0,0.0,0.0,0.0,0.0,0.0,0.0,0.0,0.0,0,46
2022-23,38,377,224,Adam Forshaw,MID,Leeds,11,18,1,2023-05-28T15:30:00Z,90,2,0,0,0,4,0,21,0.0,0.0,0.0,0.0,0.03,0.25,0.28,2.12,1,44
2022-23,38,377,225,Rodrigo Moreno,MID,Leeds,11,18,1,2023-05-28T15:30:00Z,90,2,0,0,0,4,0,7,0.0,0.0,0.0,0.0,0.14,0.18,0.32,2.12,1,63
2022-23,38,377,226,Stuart Dallas,DEF,Leeds,11,18,1,2023-05-28T15:30:00Z,0,0,0,0,0,0,0,0,0.0,0.0,0.0,0.0,0.0,0.0,0.0,0.0,0,49
2022-23,38,377,227,Patrick Bamford,FWD,Leeds,11,18,1,2023-05-28T15:30:00Z,0,0,0,0,0,0,0,0,0.0,0.0,0.0,0.0,0.0,0.0,0.0,0.0,0,71
2022-23,38,377,228,Diego Llorente,DEF,Leeds,11,18,1,2023-05-28T15:30:00Z,0,0,0,0,0,0,0,0,0.0,0.0,0.0,0.0,0.0,0.0,0.0,0.0,0,44
2022-23,38,377,229,Tyler Roberts,MID,Leeds,11,18,1,2023-05-28T15:30:00Z,0,0,0,0,0,0,0,0,0.0,0.0,0.0,0.0,0.0,0.0,0.0,0.0,0,50
2022-23,38,377,230,Robin Koch,DEF,Leeds,11,18,1,2023-05-28T15:30:00Z,90,0,0,0,0,4,0,7,0.0,0.0,0.0,0.0,0.31,0.07,0.38,2.12,1,45
2022-23,38,379,231,Daniel James,MID,Fulham,9,14,0,2023-05-28T15:30:00Z,10,1,0,0,0,0,0,5,0.0,0.0,0.0,0.0,0.0,0.08,0.08,0.29,0,59
2022-23,38,377,232,Raphael Dias Belloli,MID,Leeds,11,18,1,2023-05-28T15:30:00Z,0,0,0,0,0,0,0,0,0.0,0.0,0.0,0.0,0.0,0.0,0.0,0.0,0,70
2022-23,38,377,233,Jack Harrison,MID,Leeds,11,18,1,2023-05-28T15:30:00Z,87,8,1,0,0,3,1,23,0.0,0.0,0.0,0.0,0.08,0.3,0.38,1.81,1,57
2022-23,38,377,234,Jamie Shackleton,MID,Leeds,11,18,1,2023-05-28T15:30:00Z,0,0,0,0,0,0,0,0,0.0,0.0,0.0,0.0,0.0,0.0,0.0,0.0,0,45
2022-23,38,377,235,Pascal Struijk,DEF,Leeds,11,18,1,2023-05-28T15:30:00Z,58,-1,0,0,0,2,0,-4,0.0,0.0,0.0,0.0,0.1,0.02,0.12,0.81,1,45
2022-23,38,377,236,Kristoffer Klaesson,GK,Leeds,11,18,1,2023-05-28T15:30:00Z,0,0,0,0,0,0,0,0,0.0,0.0,0.0,0.0,0.0,0.0,0.0,0.0,0,38
2022-23,38,377,237,Sam Greenwood,FWD,Leeds,11,18,1,2023-05-28T15:30:00Z,0,0,0,0,0,0,0,0,0.0,0.0,0.0,0.0,0.0,0.0,0.0,0.0,0,41
2022-23,38,377,238,Illan Meslier,GK,Leeds,11,18,1,2023-05-28T15:30:00Z,0,0,0,0,0,0,0,0,0.0,0.0,0.0,0.0,0.0,0.0,0.0,0.0,0,44
2022-23,38,377,239,Junior Firpo Adames,DEF,Leeds,11,18,1,2023-05-28T15:30:00Z,30,0,0,0,0,2,0,6,0.0,0.0,0.0,0.0,0.05,0.02,0.07,1.32,0,45
2022-23,38,377,240,Crysencio Summerville,MID,Leeds,11,18,1,2023-05-28T15:30:00Z,0,0,0,0,0,0,0,0,0.0,0.0,0.0,0.0,0.0,0.0,0.0,0.0,0,42
2022-23,38,377,241,Lewis Bate,MID,Leeds,11,18,1,2023-05-28T15:30:00Z,0,0,0,0,0,0,0,0,0.0,0.0,0.0,0.0,0.0,0.0,0.0,0.0,0,45
2022-23,38,377,242,Joe Gelhardt,FWD,Leeds,11,18,1,2023-05-28T15:30:00Z,0,0,0,0,0,0,0,0,0.0,0.0,0.0,0.0,0.0,0.0,0.0,0.0,0,51
2022-23,38,377,243,Leo Fuhr Hjelde,DEF,Leeds,11,18,1,2023-05-28T15:30:00Z,0,0,0,0,0,0,0,0,0.0,0.0,0.0,0.0,0.0,0.0,0.0,0.0,0,39
2022-23,38,377,244,Rasmus Kristensen,DEF,Leeds,11,18,1,2023-05-28T15:30:00Z,90,0,0,0,0,4,0,18,0.0,0.0,0.0,0.0,0.12,0.02,0.14,2.12,1,47
2022-23,38,377,245,Marc Roca Junqué,MID,Leeds,11,18,1,2023-05-28T15:30:00Z,0,0,0,0,0,0,0,0,0.0,0.0,0.0,0.0,0.0,0.0,0.0,0.0,0,48
2022-23,38,377,246,Brenden Aaronson,MID,Leeds,11,18,1,2023-05-28T15:30:00Z,31,1,0,0,0,2,0,2,0.0,0.0,0.0,0.0,0.0,0.0,0.0,1.32,0,53
2022-23,38,377,247,Darko Gyabi,MID,Leeds,11,18,1,2023-05-28T15:30:00Z,0,0,0,0,0,0,0,0,0.0,0.0,0.0,0.0,0.0,0.0,0.0,0.0,0,42
2022-23,38,378,248,Kasper Schmeichel,GK,Leicester,10,19,1,2023-05-28T15:30:00Z,0,0,0,0,0,0,0,0,0.0,0.0,0.0,0.0,0.0,0.0,0.0,0.0,0,50
2022-23,38,378,249,Jonny Evans,DEF,Leicester,10,19,1,2023-05-28T15:30:00Z,90,1,0,0,0,1,0,12,0.0,0.0,0.0,0.0,0.0,0.07,0.07,1.34,1,44
2022-23,38,378,250,Ryan Bertrand,DEF,Leicester,10,19,1,2023-05-28T15:30:00Z,0,0,0,0,0,0,0,0,0.0,0.0,0.0,0.0,0.0,0.0,0.0,0.0,0,39
2022-23,38,378,251,Marc Albrighton,MID,Leicester,10,19,1,2023-05-28T15:30:00Z,0,0,0,0,0,0,0,0,0.0,0.0,0.0,0.0,0.0,0.0,0.0,0.0,0,47
2022-23,38,378,252,Nampalys Mendy,MID,Leicester,10,19,1,2023-05-28T15:30:00Z,19,1,0,0,0,1,0,3,0.0,0.0,0.0,0.0,0.0,0.0,0.0,0.46,0,42
2022-23,38,378,253,Jannik Vestergaard,DEF,Leicester,10,19,1,2023-05-28T15:30:00Z,0,0,0,0,0,0,0,0,0.0,0.0,0.0,0.0,0.0,0.0,0.0,0.0,0,38
2022-23,38,378,254,Danny Ward,GK,Leicester,10,19,1,2023-05-28T15:30:00Z,0,0,0,0,0,0,0,0,0.0,0.0,0.0,0.0,0.0,0.0,0.0,0.0,0,38
2022-23,38,378,255,Jamie Vardy,FWD,Leicester,10,19,1,2023-05-28T15:30:00Z,13,1,0,0,0,1,0,3,0.0,0.0,0.0,0.0,0.0,0.0,0.0,0.32,0,91
2022-23,38,378,256,Ricardo Barbosa Pereira,DEF,Leicester,10,19,1,2023-05-28T15:30:00Z,1,1,0,0,0,0,0,6,0.0,0.0,0.0,0.0,0.0,0.0,0.0,0.15,0,42
2022-23,38,378,257,Daniel Amartey,DEF,Leicester,10,19,1,2023-05-28T15:30:00Z,0,0,0,0,0,0,0,0,0.0,0.0,0.0,0.0,0.0,0.0,0.0,0.0,0,39
2022-23,38,378,258,Timothy Castagne,DEF,Leicester,10,19,1,2023-05-28T15:30:00Z,90,2,0,0,0,1,0,14,0.0,0.0,0.0,0.0,0.0,0.01,0.01,1.19,1,43
2022-23,38,378,259,Youri Tielemans,MID,Leicester,10,19,1,2023-05-28T15:30:00Z,90,6,0,1,0,1,1,29,0.0,0.0,0.0,0.0,0.02,0.19,0.21,1.34,1,61
2022-23,38,378,260,Ayoze Pérez,MID,Leicester,10,19,1,2023-05-28T15:30:00Z,0,0,0,0,0,0,0,0,0.0,0.0,0.0,0.0,0.0,0.0,0.0,0.0,0,47
2022-23,38,378,261,James Maddison,MID,Leicester,10,19,1,2023-05-28T15:30:00Z,90,2,0,0,0,1,0,6,0.0,0.0,0.0,0.0,0.39,0.1,0.49,1.34,1,78
2022-23,38,378,262,Kelechi Iheanacho,FWD,Leicester,10,19,1,2023-05-28T15:30:00Z,76,5,0,1,1,0,0,21,0.0,0.0,0.0,0.0,0.15,0.15,0.3,1.02,1,58
2022-23,38,378,263,Hamza Choudhury,MID,Leicester,10,19,1,2023-05-28T15:30:00Z,0,0,0,0,0,0,0,0,0.0,0.0,0.0,0.0,0.0,0.0,0.0,0.0,0,45
2022-23,38,378,264,Harvey Barnes,MID,Leicester,10,19,1,2023-05-28T15:30:00Z,90,7,1,0,0,1,0,24,0.0,0.0,0.0,0.0,0.51,0.08,0.59,1.34,1,66
2022-23,38,378,265,Wilfred Ndidi,MID,Leicester,10,19,1,2023-05-28T15:30:00Z,0,0,0,0,0,0,0,0,0.0,0.0,0.0,0.0,0.0,0.0,0.0,0.0,0,48
2022-23,38,378,266,Kiernan Dewsbury-Hall,MID,Leicester,10,19,1,2023-05-28T15:30:00Z,70,3,0,0,1,0,0,9,0.0,0.0,0.0,0.0,0.06,0.1,0.16,0.88,1,49
2022-23,38,378,267,Çaglar Söyüncü,DEF,Leicester,10,19,1,2023-05-28T15:30:00Z,0,0,0,0,0,0,0,0,0.0,0.0,0.0,0.0,0.0,0.0,0.0,0.0,0,42
2022-23,38,378,268,James Justin,DEF,Leicester,10,19,1,2023-05-28T15:30:00Z,0,0,0,0,0,0,0,0,0.0,0.0,0.0,0.0,0.0,0.0,0.0,0.0,0,41
2022-23,38,378,269,Boubakary Soumaré,MID,Leicester,10,19,1,2023-05-28T15:30:00Z,90,2,0,0,0,1,0,15,0.0,0.0,0.0,0.0,0.0,0.02,0.02,1.34,1,44
2022-23,38,378,270,Luke Thomas,DEF,Leicester,10,19,1,2023-05-28T15:30:00Z,90,2,0,0,0,1,0,13,0.0,0.0,0.0,0.0,0.0,0.01,0.01,1.34,1,39
2022-23,38,378,271,Patson Daka,FWD,Leicester,10,19,1,2023-05-28T15:30:00Z,0,0,0,0,0,0,0,0,0.0,0.0,0.0,0.0,0.0,0.0,0.0,0.0,0,56
2022-23,38,374,272,Wesley Fofana,DEF,Chelsea,6,15,1,2023-05-28T15:30:00Z,45,1,0,0,0,0,0,11,0.0,0.0,0.0,0.0,0.0,0.0,0.0,0.12,0,43
2022-23,38,378,273,Lewis Brunt,DEF,Leicester,10,19,1,2023-05-28T15:30:00Z,0,0,0,0,0,0,0,0,0.0,0.0,0.0,0.0,0.0,0.0,0.0,0.0,0,39
2022-23,38,380,274,James Milner,MID,Liverpool,12,17,0,2023-05-28T15:30:00Z,90,2,0,0,0,4,0,8,0.0,0.0,0.0,0.0,0.02,0.05,0.07,1.77,1,44
2022-23,38,380,275,Jordan Henderson,MID,Liverpool,12,17,0,2023-05-28T15:30:00Z,33,1,0,0,0,1,0,8,0.0,0.0,0.0,0.0,0.04,0.22,0.26,0.23,0,53
2022-23,38,380,276,Joel Matip,DEF,Liverpool,12,17,0,2023-05-28T15:30:00Z,90,0,0,0,0,4,0,10,0.0,0.0,0.0,0.0,0.04,0.02,0.06,1.77,1,59
2022-23,38,380,277,Thiago Alcántara do Nascimento,MID,Liverpool,12,17,0,2023-05-28T15:30:00Z,0,0,0,0,0,0,0,0,0.0,0.0,0.0,0.0,0.0,0.0,0.0,0.0,0,51
2022-23,38,380,278,Alex Oxlade-Chamberlain,MID,Liverpool,12,17,0,2023-05-28T15:30:00Z,0,0,0,0,0,0,0,0,0.0,0.0,0.0,0.0,0.0,0.0,0.0,0.0,0,49
2022-23,38,380,279,Roberto Firmino,FWD,Liverpool,12,17,0,2023-05-28T15:30:00Z,56,5,1,0,0,3,0,25,0.0,0.0,0.0,0.0,0.24,0.21,0.45,1.54,1,80
2022-23,38,380,280,Virgil van Dijk,DEF,Liverpool,12,17,0,2023-05-28T15:30:00Z,0,0,0,0,0,0,0,0,0.0,0.0,0.0,0.0,0.0,0.0,0.0,0.0,0,66
2022-23,38,380,281,Alisson Ramses Becker,GK,Liverpool,12,17,0,2023-05-28T15:30:00Z,0,0,0,0,0,0,0,0,0.0,0.0,0.0,0.0,0.0,0.0,0.0,0.0,0,55
2022-23,38,380,282,Fabio Henrique Tavares,MID,Liverpool,12,17,0,2023-05-28T15:30:00Z,56,4,0,1,0,3,0,20,0.0,0.0,0.0,0.0,0.0,0.09,0.09,1.54,1,52
2022-23,38,380,283,Mohamed Salah,MID,Liverpool,12,17,0,2023-05-28T15:30:00Z,90,5,0,1,0,4,0,8,0.0,0.0,0.0,0.0,1.08,0.28,1.36,1.77,1,131
2022-23,38,380,284,Andrew Robertson,DEF,Liverpool,12,17,0,2023-05-28T15:30:00Z,0,0,0,0,0,0,0,0,0.0,0.0,0.0,0.0,0.0,0.0,0.0,0.0,0,68
2022-23,38,380,285,Trent Alexander-Arnold,DEF,Liverpool,12,17,0,2023-05-28T15:30:00Z,90,4,0,1,0,4,1,39,0.0,0.0,0.0,0.0,0.13,0.62,0.75,1.77,1,78
2022-23,38,380,286,Joseph Gomez,DEF,Liverpool,12,17,0,2023-05-28T15:30:00Z,90,0,0,0,0,4,0,13,0.0,0.0,0.0,0.0,0.03,0.03,0.06,1.77,1,43
2022-23,38,380,287,Naby Keita,MID,Liverpool,12,17,0,2023-05-28T15:30:00Z,0,0,0,0,0,0,0,0,0.0,0.0,0.0,0.0,0.0,0.0,0.0,0.0,0,47
2022-23,38,380,288,Diogo Teixeira da Silva,FWD,Liverpool,12,17,0,2023-05-28T15:30:00Z,90,13,2,0,0,4,3,59,0.0,0.0,0.0,0.0,0.96,0.02,0.98,1.77,1,86
2022-23,38,380,289,Caoimhin Kelleher,GK,Liverpool,12,17,0,2023-05-28T15:30:00Z,90,2,0,0,0,4,0,20,0.0,0.0,0.0,0.0,0.0,0.0,0.0,1.77,1,39
2022-23,38,380,290,Ibrahima Konaté,DEF,Liverpool,12,17,0,2023-05-28T15:30:00Z,0,0,0,0,0,0,0,0,0.0,0.0,0.0,0.0,0.0,0.0,0.0,0.0,0,49
2022-23,38,380,291,Curtis Jones,MID,Liverpool,12,17,0,2023-05-28T15:30:00Z,56,1,0,0,0,3,0,9,0.0,0.0,0.0,0.0,0.02,0.02,0.04,1.54,1,49
2022-23,38,380,292,Konstantinos Tsimikas,DEF,Liverpool,12,17,0,2023-05-28T15:30:00Z,56,-1,0,0,0,3,0,9,0.0,0.0,0.0,0.0,0.0,0.18,0.18,1.54,1,43
2022-23,38,380,293,Luis Díaz,MID,Liverpool,12,17,0,2023-05-28T15:30:00Z,33,1,0,0,0,1,0,8,0.0,0.0,0.0,0.0,0.11,0.05,0.16,0.23,0,78
2022-23,38,380,294,Harvey Elliott,MID,Liverpool,12,17,0,2023-05-28T15:30:00Z,33,0,0,0,0,1,0,6,0.0,0.0,0.0,0.0,0.14,0.05,0.19,0.23,0,48
2022-23,38,375,295,Neco Williams,DEF,Nott'm Forest,16,7,0,2023-05-28T15:30:00Z,0,0,0,0,0,0,0,0,0.0,0.0,0.0,0.0,0.0,0.0,0.0,0.0,0,38
2022-23,38,380,296,Fábio Freitas Gouveia Carvalho,MID,Liverpool,12,17,0,2023-05-28T15:30:00Z,0,0,0,0,0,0,0,0,0.0,0.0,0.0,0.0,0.0,0.0,0.0,0.0,0,51
2022-23,38,380,297,Darwin Núñez Ribeiro,FWD,Liverpool,12,17,0,2023-05-28T15:30:00Z,0,0,0,0,0,0,0,0,0.0,0.0,0.0,0.0,0.0,0.0,0.0,0.0,0,86
2022-23,38,380,298,Calvin Ramsay,DEF,Liverpool,12,17,0,2023-05-28T15:30:00Z,0,0,0,0,0,0,0,0,0.0,0.0,0.0,0.0,0.0,0.0,0.0,0.0,0,39
2022-23,38,373,299,Kyle Walker,DEF,Man City,13,4,0,2023-05-28T15:30:00Z,90,2,0,0,0,1,0,16,0.0,0.0,0.0,0.0,0.02,0.13,0.15,0.41,1,47
2022-23,38,373,300,Ilkay Gündogan,MID,Man City,13,4,0,2023-05-28T15:30:00Z,0,0,0,0,0,0,0,0,0.0,0.0,0.0,0.0,0.0,0.0,0.0,0.0,0,74
2022-23,38,373,301,Kevin De Bruyne,MID,Man City,13,4,0,2023-05-28T15:30:00Z,0,0,0,0,0,0,0,0,0.0,0.0,0.0,0.0,0.0,0.0,0.0,0.0,0,121
2022-23,38,373,302,John Stones,DEF,Man City,13,4,0,2023-05-28T15:30:00Z,0,0,0,0,0,0,0,0,0.0,0.0,0.0,0.0,0.0,0.0,0.0,0.0,0,56
2022-23,38,373,303,Riyad Mahrez,MID,Man City,13,4,0,2023-05-28T15:30:00Z,90,2,0,0,0,1,0,8,0.0,0.0,0.0,0.0,0.0,0.09,0.09,0.41,1,75
2022-23,38,374,304,Raheem Sterling,MID,Chelsea,6,15,1,2023-05-28T15:30:00Z,90,5,0,1,0,1,0,18,0.0,0.0,0.0,0.0,0.66,0.15,0.81,1.7,1,97
2022-23,38,373,305,Jack Grealish,MID,Man City,13,4,0,2023-05-28T15:30:00Z,0,0,0,0,0,0,0,0,0.0,0.0,0.0,0.0,0.0,0.0,0.0,0.0,0,71
2022-23,38,373,306,João Cancelo,DEF,Man City,13,4,0,2023-05-28T15:30:00Z,0,0,0,0,0,0,0,0,0.0,0.0,0.0,0.0,0.0,0.0,0.0,0.0,0,71
2022-23,38,373,307,Ederson Santana de Moraes,GK,Man City,13,4,0,2023-05-28T15:30:00Z,90,3,0,0,0,1,0,17,0.0,0.0,0.0,0.0,0.0,0.0,0.0,0.41,1,54
2022-23,38,373,308,Nathan Aké,DEF,Man City,13,4,0,2023-05-28T15:30:00Z,62,8,0,0,1,0,2,28,0.0,0.0,0.0,0.0,0.0,0.03,0.03,0.36,1,50
2022-23,38,373,309,Aymeric Laporte,DEF,Man City,13,4,0,2023-05-28T15:30:00Z,90,2,0,0,0,1,0,17,0.0,0.0,0.0,0.0,0.01,0.02,0.03,0.41,1,56
2022-23,38,373,310,Zack Steffen,GK,Man City,13,4,0,2023-05-28T15:30:00Z,0,0,0,0,0,0,0,0,0.0,0.0,0.0,0.0,0.0,0.0,0.0,0.0,0,40
2022-23,38,373,311,Bernardo Veiga de Carvalho e Silva,MID,Man City,13,4,0,2023-05-28T15:30:00Z,0,0,0,0,0,0,0,0,0.0,0.0,0.0,0.0,0.0,0.0,0.0,0.0,0,67
2022-23,38,373,312,Rúben Gato Alves Dias,DEF,Man City,13,4,0,2023-05-28T15:30:00Z,0,0,0,0,0,0,0,0,0.0,0.0,0.0,0.0,0.0,0.0,0.0,0.0,0,60
2022-23,38,371,313,Oleksandr Zinchenko,DEF,Arsenal,1,20,1,2023-05-28T15:30:00Z,0,0,0,0,0,0,0,0,0.0,0.0,0.0,0.0,0.0,0.0,0.0,0.0,0,50
2022-23,38,373,314,Phil Foden,MID,Man City,13,4,0,2023-05-28T15:30:00Z,90,2,0,0,0,1,0,19,0.0,0.0,0.0,0.0,0.01,0.33,0.34,0.41,1,80
2022-23,38,373,315,Rodrigo Hernandez,MID,Man City,13,4,0,2023-05-28T15:30:00Z,0,0,0,0,0,0,0,0,0.0,0.0,0.0,0.0,0.0,0.0,0.0,0.0,0,56
2022-23,38,373,316,Cole Palmer,MID,Man City,13,4,0,2023-05-28T15:30:00Z,90,2,0,0,0,1,0,11,0.0,0.0,0.0,0.0,0.19,0.11,0.3,0.41,1,42
2022-23,38,373,317,James McAtee,MID,Man City,13,4,0,2023-05-28T15:30:00Z,0,0,0,0,0,0,0,0,0.0,0.0,0.0,0.0,0.0,0.0,0.0,0.0,0,45
2022-23,38,373,318,Erling Haaland,FWD,Man City,13,4,0,2023-05-28T15:30:00Z,0,0,0,0,0,0,0,0,0.0,0.0,0.0,0.0,0.0,0.0,0.0,0.0,0,124
2022-23,38,373,319,Julián Álvarez,FWD,Man City,13,4,0,2023-05-28T15:30:00Z,90,2,0,0,0,1,0,8,0.0,0.0,0.0,0.0,0.29,0.06,0.35,0.41,1,61
2022-23,38,373,320,Luke Mbete-Tabu,DEF,Man City,13,4,0,2023-05-28T15:30:00Z,0,0,0,0,0,0,0,0,0.0,0.0,0.0,0.0,0.0,0.0,0.0,0.0,0,39
2022-23,38,380,321,Roméo Lavia,MID,Southampton,17,12,1,2023-05-28T15:30:00Z,62,2,0,0,0,2,0,8,0.0,0.0,0.0,0.0,0.0,0.0,0.0,1.48,1,45
2022-23,38,373,322,Josh Wilson-Esbrand,DEF,Man City,13,4,0,2023-05-28T15:30:00Z,0,0,0,0,0,0,0,0,0.0,0.0,0.0,0.0,0.0,0.0,0.0,0.0,0,38
2022-23,38,373,323,Liam Delap,FWD,Man City,13,4,0,2023-05-28T15:30:00Z,0,0,0,0,0,0,0,0,0.0,0.0,0.0,0.0,0.0,0.0,0.0,0.0,0,44
2022-23,38,373,324,Stefan Ortega Moreno,GK,Man City,13,4,0,2023-05-28T15:30:00Z,0,0,0,0,0,0,0,0,0.0,0.0,0.0,0.0,0.0,0.0,0.0,0.0,0,37
2022-23,38,373,325,Kalvin Phillips,MID,Man City,13,4,0,2023-05-28T15:30:00Z,90,2,0,0,0,1,0,12,0.0,0.0,0.0,0.0,0.05,0.05,0.1,0.41,1,48
2022-23,38,379,326,Cristiano Ronaldo dos Santos Aveiro,FWD,Man Utd,14,9,1,2023-05-28T15:30:00Z,0,0,0,0,0,0,0,0,0.0,0.0,0.0,0.0,0.0,0.0,0.0,0.0,0,102
2022-23,38,379,327,David De Gea Quintana,GK,Man Utd,14,9,1,2023-05-28T15:30:00Z,90,7,0,0,0,1,0,26,0.0,0.0,0.0,0.0,0.0,0.0,0.0,1.8,1,51
2022-23,38,379,328,Phil Jones,DEF,Man Utd,14,9,1,2023-05-28T15:30:00Z,0,0,0,0,0,0,0,0,0.0,0.0,0.0,0.0,0.0,0.0,0.0,0.0,0,38
2022-23,38,379,329,Raphaël Varane,DEF,Man Utd,14,9,1,2023-05-28T15:30:00Z,0,0,0,0,0,0,0,0,0.0,0.0,0.0,0.0,0.0,0.0,0.0,0.0,0,48
2022-23,38,379,330,Harry Maguire,DEF,Man Utd,14,9,1,2023-05-28T15:30:00Z,90,2,0,0,0,1,0,13,0.0,0.0,0.0,0.0,0.02,0.0,0.02,1.8,1,47
2022-23,38,379,331,Frederico Rodrigues de Paula Santos,MID,Man Utd,14,9,1,2023-05-28T15:30:00Z,65,5,0,1,0,1,0,24,0.0,0.0,0.0,0.0,0.0,0.46,0.46,1.44,1,51
2022-23,38,379,332,Luke Shaw,DEF,Man Utd,14,9,1,2023-05-28T15:30:00Z,0,0,0,0,0,0,0,0,0.0,0.0,0.0,0.0,0.0,0.0,0.0,0.0,0,53
2022-23,38,379,333,Bruno Borges Fernandes,MID,Man Utd,14,9,1,2023-05-28T15:30:00Z,83,10,1,0,0,1,3,38,0.0,0.0,0.0,0.0,0.68,0.2,0.88,1.69,1,95
2022-23,38,379,334,Alex Telles,DEF,Man Utd,14,9,1,2023-05-28T15:30:00Z,0,0,0,0,0,0,0,0,0.0,0.0,0.0,0.0,0.0,0.0,0.0,0.0,0,50
2022-23,38,379,335,Marcus Rashford,MID,Man Utd,14,9,1,2023-05-28T15:30:00Z,76,2,0,0,0,1,0,0,0.0,0.0,0.0,0.0,0.82,0.04,0.86,1.69,1,72
2022-23,38,379,336,Donny van de Beek,MID,Man Utd,14,9,1,2023-05-28T15:30:00Z,0,0,0,0,0,0,0,0,0.0,0.0,0.0,0.0,0.0,0.0,0.0,0.0,0,51
2022-23,38,379,337,Victor Lindelöf,DEF,Man Utd,14,9,1,2023-05-28T15:30:00Z,90,2,0,0,0,1,0,13,0.0,0.0,0.0,0.0,0.0,0.01,0.01,1.8,1,41
2022-23,38,379,338,Scott McTominay,MID,Man Utd,14,9,1,2023-05-28T15:30:00Z,23,0,0,0,0,0,0,1,0.0,0.0,0.0,0.0,0.0,0.0,0.0,0.36,0,49
2022-23,38,379,339,Eric Bailly,DEF,Man Utd,14,9,1,2023-05-28T15:30:00Z,0,0,0,0,0,0,0,0,0.0,0.0,0.0,0.0,0.0,0.0,0.0,0.0,0,40
2022-23,38,379,340,Jadon Sancho,MID,Man Utd,14,9,1,2023-05-28T15:30:00Z,90,9,1,0,0,1,2,36,0.0,0.0,0.0,0.0,0.4,0.28,0.68,1.8,1,71
2022-23,38,379,341,Aaron Wan-Bissaka,DEF,Man Utd,14,9,1,2023-05-28T15:30:00Z,0,0,0,0,0,0,0,0,0.0,0.0,0.0,0.0,0.0,0.0,0.0,0.0,0,43
2022-23,38,379,342,Diogo Dalot Teixeira,DEF,Man Utd,14,9,1,2023-05-28T15:30:00Z,90,2,0,0,0,1,0,15,0.0,0.0,0.0,0.0,0.04,0.01,0.05,1.8,1,48
2022-23,38,379,343,Brandon Williams,DEF,Man Utd,14,9,1,2023-05-28T15:30:00Z,0,0,0,0,0,0,0,0,0.0,0.0,0.0,0.0,0.0,0.0,0.0,0.0,0,37
2022-23,38,379,344,Anthony Elanga,MID,Man Utd,14,9,1,2023-05-28T15:30:00Z,0,0,0,0,0,0,0,0,0.0,0.0,0.0,0.0,0.0,0.0,0.0,0.0,0,46
2022-23,38,379,345,Anthony Martial,FWD,Man Utd,14,9,1,2023-05-28T15:30:00Z,23,1,0,0,0,0,0,2,0.0,0.0,0.0,0.0,0.0,0.07,0.07,0.36,0,63
2022-23,38,379,346,Andreas Hoelgebaum Pereira,MID,Fulham,9,14,0,2023-05-28T15:30:00Z,0,0,0,0,0,0,0,0,0.0,0.0,0.0,0.0,0.0,0.0,0.0,0.0,0,43
2022-23,38,379,347,Facundo Pellistri Rebollo,MID,Man Utd,14,9,1,2023-05-28T15:30:00Z,6,1,0,0,0,0,0,6,0.0,0.0,0.0,0.0,0.0,0.0,0.0,0.11,0,43
2022-23,38,379,348,Tom Heaton,GK,Man Utd,14,9,1,2023-05-28T15:30:00Z,0,0,0,0,0,0,0,0,0.0,0.0,0.0,0.0,0.0,0.0,0.0,0.0,0,38
2022-23,38,375,349,Jonjo Shelvey,MID,Nott'm Forest,16,7,0,2023-05-28T15:30:00Z,0,0,0,0,0,0,0,0,0.0,0.0,0.0,0.0,0.0,0.0,0.0,0.0,0,48
2022-23,38,374,350,Matt Ritchie,DEF,Newcastle,15,6,0,2023-05-28T15:30:00Z,0,0,0,0,0,0,0,0,0.0,0.0,0.0,0.0,0.0,0.0,0.0,0.0,0,42
2022-23,38,374,351,Federico Fernández,DEF,Newcastle,15,6,0,2023-05-28T15:30:00Z,0,0,0,0,0,0,0,0,0.0,0.0,0.0,0.0,0.0,0.0,0.0,0.0,0,44
2022-23,38,374,352,Ciaran Clark,DEF,Newcastle,15,6,0,2023-05-28T15:30:00Z,0,0,0,0,0,0,0,0,0.0,0.0,0.0,0.0,0.0,0.0,0.0,0.0,0,45
2022-23,38,374,353,Karl Darlow,GK,Newcastle,15,6,0,2023-05-28T15:30:00Z,0,0,0,0,0,0,0,0,0.0,0.0,0.0,0.0,0.0,0.0,0.0,0.0,0,39
2022-23,38,375,354,Chris Wood,FWD,Nott'm Forest,16,7,0,2023-05-28T15:30:00Z,0,0,0,0,0,0,0,0,0.0,0.0,0.0,0.0,0.0,0.0,0.0,0.0,0,56
2022-23,38,374,355,Martin Dubravka,GK,Newcastle,15,6,0,2023-05-28T15:30:00Z,90,3,0,0,0,1,0,18,0.0,0.0,0.0,0.0,0.0,0.0,0.0,2.21,1,41
2022-23,38,374,356,Callum Wilson,FWD,Newcastle,15,6,0,2023-05-28T15:30:00Z,21,1,0,0,0,0,0,1,0.0,0.0,0.0,0.0,0.0,0.0,0.0,1.0,0,73
2022-23,38,374,357,Kieran Trippier,DEF,Newcastle,15,6,0,2023-05-28T15:30:00Z,90,0,0,0,0,1,0,1,0.0,0.0,0.0,0.0,0.04,0.04,0.08,2.21,1,60
2022-23,38,374,358,Dan Burn,DEF,Newcastle,15,6,0,2023-05-28T15:30:00Z,15,1,0,0,0,0,0,1,0.0,0.0,0.0,0.0,0.0,0.0,0.0,0.87,0,45
2022-23,38,374,359,Ryan Fraser,MID,Newcastle,15,6,0,2023-05-28T15:30:00Z,0,0,0,0,0,0,0,0,0.0,0.0,0.0,0.0,0.0,0.0,0.0,0.0,0,52
2022-23,38,374,360,Jamaal Lascelles,DEF,Newcastle,15,6,0,2023-05-28T15:30:00Z,0,0,0,0,0,0,0,0,0.0,0.0,0.0,0.0,0.0,0.0,0.0,0.0,0,43
2022-23,38,374,361,Dwight Gayle,FWD,Newcastle,15,6,0,2023-05-28T15:30:00Z,0,0,0,0,0,0,0,0,0.0,0.0,0.0,0.0,0.0,0.0,0.0,0.0,0,45
2022-23,38,374,362,Paul Dummett,DEF,Newcastle,15,6,0,2023-05-28T15:30:00Z,0,0,0,0,0,0,0,0,0.0,0.0,0.0,0.0,0.0,0.0,0.0,0.0,0,39
2022-23,38,374,363,Javier Manquillo Gaitán,DEF,Newcastle,15,6,0,2023-05-28T15:30:00Z,0,0,0,0,0,0,0,0,0.0,0.0,0.0,0.0,0.0,0.0,0.0,0.0,0,42
2022-23,38,374,364,Emil Krafth,DEF,Newcastle,15,6,0,2023-05-28T15:30:00Z,0,0,0,0,0,0,0,0,0.0,0.0,0.0,0.0,0.0,0.0,0.0,0.0,0,43
2022-23,38,374,365,Jacob Murphy,MID,Newcastle,15,6,0,2023-05-28T15:30:00Z,21,1,0,0,0,0,0,0,0.0,0.0,0.0,0.0,0.0,0.0,0.0,1.0,0,42
2022-23,38,374,366,Fabian Schär,DEF,Newcastle,15,6,0,2023-05-28T15:30:00Z,90,2,0,0,0,1,0,14,0.0,0.0,0.0,0.0,0.0,0.01,0.01,2.21,1,51
2022-23,38,374,367,Matt Targett,DEF,Newcastle,15,6,0,2023-05-28T15:30:00Z,74,2,0,0,0,1,0,9,0.0,0.0,0.0,0.0,0.0,0.0,0.0,1.34,1,47
2022-23,38,374,368,Allan Saint-Maximin,MID,Newcastle,15,6,0,2023-05-28T15:30:00Z,68,2,0,0,0,1,0,16,0.0,0.0,0.0,0.0,0.08,0.18,0.26,1.21,1,61
2022-23,38,374,369,Miguel Almirón Rejala,MID,Newcastle,15,6,0,2023-05-28T15:30:00Z,90,2,0,0,0,1,0,5,0.0,0.0,0.0,0.0,0.78,0.06,0.84,2.21,1,54
2022-23,38,374,370,Sean Longstaff,MID,Newcastle,15,6,0,2023-05-28T15:30:00Z,0,0,0,0,0,0,0,0,0.0,0.0,0.0,0.0,0.0,0.0,0.0,0.0,0,43
2022-23,38,374,371,Joelinton Cássio Apolinário de Lira,MID,Newcastle,15,6,0,2023-05-28T15:30:00Z,0,0,0,0,0,0,0,0,0.0,0.0,0.0,0.0,0.0,0.0,0.0,0.0,0,60
2022-23,38,374,372,Jamal Lewis,DEF,Newcastle,15,6,0,2023-05-28T15:30:00Z,2,1,0,0,0,0,0,3,0.0,0.0,0.0,0.0,0.0,0.0,0.0,0.58,0,44
2022-23,38,374,373,Joe Willock,MID,Newcastle,15,6,0,2023-05-28T15:30:00Z,0,0,0,0,0,0,0,0,0.0,0.0,0.0,0.0,0.0,0.0,0.0,0.0,0,47
2022-23,38,374,374,Bruno Guimarães Rodriguez Moura,MID,Newcastle,15,6,0,2023-05-28T15:30:00Z,90,2,0,0,0,1,0,9,0.0,0.0,0.0,0.0,0.0,0.04,0.04,2.21,1,55
2022-23,38,374,375,Jeff Hendrick,MID,Newcastle,15,6,0,2023-05-28T15:30:00Z,0,0,0,0,0,0,0,0,0.0,0.0,0.0,0.0,0.0,0.0,0.0,0.0,0,45
2022-23,38,374,376,Nick Pope,GK,Newcastle,15,6,0,2023-05-28T15:30:00Z,0,0,0,0,0,0,0,0,0.0,0.0,0.0,0.0,0.0,0.0,0.0,0.0,0,54
2022-23,38,374,377,Sven Botman,DEF,Newcastle,15,6,0,2023-05-28T15:30:00Z,90,3,0,0,0,1,1,20,0.0,0.0,0.0,0.0,0.0,0.0,0.0,2.21,1,45
2022-23,38,375,378,Harry Arter,MID,Nott'm Forest,16,7,0,2023-05-28T15:30:00Z,0,0,0,0,0,0,0,0,0.0,0.0,0.0,0.0,0.0,0.0,0.0,0.0,0,41
2022-23,38,375,379,Steve Cook,DEF,Nott'm Forest,16,7,0,2023-05-28T15:30:00Z,0,0,0,0,0,0,0,0,0.0,0.0,0.0,0.0,0.0,0.0,0.0,0.0,0,43
2022-23,38,375,380,Lyle Taylor,FWD,Nott'm Forest,16,7,0,2023-05-28T15:30:00Z,0,0,0,0,0,0,0,0,0.0,0.0,0.0,0.0,0.0,0.0,0.0,0.0,0,41
2022-23,38,375,381,Jack Colback,MID,Nott'm Forest,16,7,0,2023-05-28T15:30:00Z,0,0,0,0,0,0,0,0,0.0,0.0,0.0,0.0,0.0,0.0,0.0,0.0,0,41
2022-23,38,375,382,Brice Samba,GK,Nott'm Forest,16,7,0,2023-05-28T15:30:00Z,0,0,0,0,0,0,0,0,0.0,0.0,0.0,0.0,0.0,0.0,0.0,0.0,0,45
2022-23,38,375,383,Carlos Ribeiro Dias,MID,Nott'm Forest,16,7,0,2023-05-28T15:30:00Z,0,0,0,0,0,0,0,0,0.0,0.0,0.0,0.0,0.0,0.0,0.0,0.0,0,42
2022-23,38,375,384,Joe Lolley,MID,Nott'm Forest,16,7,0,2023-05-28T15:30:00Z,0,0,0,0,0,0,0,0,0.0,0.0,0.0,0.0,0.0,0.0,0.0,0.0,0,49
2022-23,38,375,385,Scott McKenna,DEF,Nott'm Forest,16,7,0,2023-05-28T15:30:00Z,0,0,0,0,0,0,0,0,0.0,0.0,0.0,0.0,0.0,0.0,0.0,0.0,0,44
2022-23,38,375,386,Mohamed Dräger,DEF,Nott'm Forest,16,7,0,2023-05-28T15:30:00Z,0,0,0,0,0,0,0,0,0.0,0.0,0.0,0.0,0.0,0.0,0.0,0.0,0,40
2022-23,38,375,387,Ryan Yates,MID,Nott'm Forest,16,7,0,2023-05-28T15:30:00Z,90,1,0,0,0,1,0,4,0.0,0.0,0.0,0.0,0.0,0.03,0.03,1.6,1,50
2022-23,38,375,388,Joe Worrall,DEF,Nott'm Forest,16,7,0,2023-05-28T15:30:00Z,90,2,0,0,0,1,0,15,0.0,0.0,0.0,0.0,0.11,0.0,0.11,1.6,1,42
2022-23,38,375,389,Jonathan Panzo,DEF,Nott'm Forest,16,7,0,2023-05-28T15:30:00Z,0,0,0,0,0,0,0,0,0.0,0.0,0.0,0.0,0.0,0.0,0.0,0.0,0,40
2022-23,38,375,390,Xande Nascimento da Costa Silva,MID,Nott'm Forest,16,7,0,2023-05-28T15:30:00Z,0,0,0,0,0,0,0,0,0.0,0.0,0.0,0.0,0.0,0.0,0.0,0.0,0,50
2022-23,38,375,391,Sam Surridge,FWD,Nott'm Forest,16,7,0,2023-05-28T15:30:00Z,1,1,0,0,0,0,0,3,0.0,0.0,0.0,0.0,0.0,0.0,0.0,0.17,0,46
2022-23,38,375,392,Richie Laryea,DEF,Nott'm Forest,16,7,0,2023-05-28T15:30:00Z,0,0,0,0,0,0,0,0,0.0,0.0,0.0,0.0,0.0,0.0,0.0,0.0,0,45
2022-23,38,375,393,Loïc Mbe Soh,DEF,Nott'm Forest,16,7,0,2023-05-28T15:30:00Z,0,0,0,0,0,0,0,0,0.0,0.0,0.0,0.0,0.0,0.0,0.0,0.0,0,42
2022-23,38,375,394,Brennan Johnson,FWD,Nott'm Forest,16,7,0,2023-05-28T15:30:00Z,90,2,0,0,0,1,0,4,0.0,0.0,0.0,0.0,0.03,0.0,0.03,1.6,1,55
2022-23,38,375,395,Alex Mighten,MID,Nott'm Forest,16,7,0,2023-05-28T15:30:00Z,0,0,0,0,0,0,0,0,0.0,0.0,0.0,0.0,0.0,0.0,0.0,0.0,0,49
2022-23,38,375,396,Braian Ojeda Rodríguez,MID,Nott'm Forest,16,7,0,2023-05-28T15:30:00Z,0,0,0,0,0,0,0,0,0.0,0.0,0.0,0.0,0.0,0.0,0.0,0.0,0,45
2022-23,38,375,397,Taiwo Awoniyi,FWD,Nott'm Forest,16,7,0,2023-05-28T15:30:00Z,88,8,1,0,0,1,2,30,0.0,0.0,0.0,0.0,0.16,0.01,0.17,1.43,1,56
2022-23,38,375,398,Dean Henderson,GK,Nott'm Forest,16,7,0,2023-05-28T15:30:00Z,0,0,0,0,0,0,0,0,0.0,0.0,0.0,0.0,0.0,0.0,0.0,0.0,0,46
2022-23,38,375,399,Giulian Biancone,DEF,Nott'm Forest,16,7,0,2023-05-28T15:30:00Z,0,0,0,0,0,0,0,0,0.0,0.0,0.0,0.0,0.0,0.0,0.0,0.0,0,42
2022-23,38,380,400,Theo Walcott,MID,Southampton,17,12,1,2023-05-28T15:30:00Z,76,5,0,1,0,4,0,25,0.0,0.0,0.0,0.0,0.06,0.33,0.39,2.84,1,48
2022-23,38,380,401,Alex McCarthy,GK,Southampton,17,12,1,2023-05-28T15:30:00Z,90,1,0,0,0,4,0,19,0.0,0.0,0.0,0.0,0.0,0.0,0.0,3.85,1,43
2022-23,38,380,402,Oriol Romeu Vidal,MID,Southampton,17,12,1,2023-05-28T15:30:00Z,0,0,0,0,0,0,0,0,0.0,0.0,0.0,0.0,0.0,0.0,0.0,0.0,0,48
2022-23,38,380,403,Nathan Redmond,MID,Southampton,17,12,1,2023-05-28T15:30:00Z,0,0,0,0,0,0,0,0,0.0,0.0,0.0,0.0,0.0,0.0,0.0,0.0,0,53
2022-23,38,376,404,Jack Stephens,DEF,Bournemouth,3,8,0,2023-05-28T15:30:00Z,0,0,0,0,0,0,0,0,0.0,0.0,0.0,0.0,0.0,0.0,0.0,0.0,0,43
2022-23,38,380,405,Stuart Armstrong,MID,Southampton,17,12,1,2023-05-28T15:30:00Z,26,1,0,0,0,2,0,6,0.0,0.0,0.0,0.0,0.0,0.02,0.02,2.38,0,47
2022-23,38,380,406,Mohamed Elyounoussi,MID,Southampton,17,12,1,2023-05-28T15:30:00Z,63,2,0,0,0,2,0,3,0.0,0.0,0.0,0.0,0.6,0.03,0.63,1.48,1,51
2022-23,38,380,407,James Ward-Prowse,MID,Southampton,17,12,1,2023-05-28T15:30:00Z,86,7,1,0,0,4,0,37,0.0,0.0,0.0,0.0,0.2,0.04,0.24,3.24,1,61
2022-23,38,380,408,Adam Armstrong,FWD,Southampton,17,12,1,2023-05-28T15:30:00Z,27,5,1,0,0,2,0,25,0.0,0.0,0.0,0.0,0.12,0.0,0.12,2.38,0,53
2022-23,38,380,409,Kyle Walker-Peters,DEF,Southampton,17,12,1,2023-05-28T15:30:00Z,90,0,0,0,0,4,0,15,0.0,0.0,0.0,0.0,0.04,0.01,0.05,3.85,1,44
2022-23,38,380,410,Jan Bednarek,DEF,Southampton,17,12,1,2023-05-28T15:30:00Z,90,0,0,0,0,4,0,14,0.0,0.0,0.0,0.0,0.05,0.0,0.05,3.85,1,41
2022-23,38,380,411,Che Adams,FWD,Southampton,17,12,1,2023-05-28T15:30:00Z,0,0,0,0,0,0,0,0,0.0,0.0,0.0,0.0,0.0,0.0,0.0,0.0,0,60
2022-23,38,380,412,Nathan Tella,MID,Southampton,17,12,1,2023-05-28T15:30:00Z,0,0,0,0,0,0,0,0,0.0,0.0,0.0,0.0,0.0,0.0,0.0,0.0,0,50
2022-23,38,380,413,Lyanco Silveira Neves Vojnovic,DEF,Southampton,17,12,1,2023-05-28T15:30:00Z,90,3,0,1,0,4,0,26,0.0,0.0,0.0,0.0,0.0,0.0,0.0,3.85,1,44
2022-23,38,380,414,Yan Valery,DEF,Southampton,17,12,1,2023-05-28T15:30:00Z,0,0,0,0,0,0,0,0,0.0,0.0,0.0,0.0,0.0,0.0,0.0,0.0,0,40
2022-23,38,380,415,Will Smallbone,MID,Southampton,17,12,1,2023-05-28T15:30:00Z,0,0,0,0,0,0,0,0,0.0,0.0,0.0,0.0,0.0,0.0,0.0,0.0,0,45
2022-23,38,380,416,Ibrahima Diallo,MID,Southampton,17,12,1,2023-05-28T15:30:00Z,0,0,0,0,0,0,0,0,0.0,0.0,0.0,0.0,0.0,0.0,0.0,0.0,0,41
2022-23,38,380,417,Romain Perraud,DEF,Southampton,17,12,1,2023-05-28T15:30:00Z,0,0,0,0,0,0,0,0,0.0,0.0,0.0,0.0,0.0,0.0,0.0,0.0,0,40
2022-23,38,380,418,Moussa Djenepo,MID,Southampton,17,12,1,2023-05-28T15:30:00Z,0,0,0,0,0,0,0,0,0.0,0.0,0.0,0.0,0.0,0.0,0.0,0.0,0,49
2022-23,38,380,419,Tino Livramento,DEF,Southampton,17,12,1,2023-05-28T15:30:00Z,13,1,0,0,0,0,0,7,0.0,0.0,0.0,0.0,0.0,0.0,0.0,1.01,0,44
2022-23,38,380,420,Mohammed Salisu,DEF,Southampton,17,12,1,2023-05-28T15:30:00Z,0,0,0,0,0,0,0,0,0.0,0.0,0.0,0.0,0.0,0.0,0.0,0.0,0,42
2022-23,38,380,421,Mateusz Lis,GK,Southampton,17,12,1,2023-05-28T15:30:00Z,0,0,0,0,0,0,0,0,0.0,0.0,0.0,0.0,0.0,0.0,0.0,0.0,0,40
2022-23,38,380,422,Gavin Bazunu,GK,Southampton,17,12,1,2023-05-28T15:30:00Z,0,0,0,0,0,0,0,0,0.0,0.0,0.0,0.0,0.0,0.0,0.0,0.0,0,44
2022-23,38,380,423,Armel Bella-Kotchap,DEF,Southampton,17,12,1,2023-05-28T15:30:00Z,0,0,0,0,0,0,0,0,0.0,0.0,0.0,0.0,0.0,0.0,0.0,0.0,0,45
2022-23,38,380,424,Willy Caballero,GK,Southampton,17,12,1,2023-05-28T15:30:00Z,0,0,0,0,0,0,0,0,0.0,0.0,0.0,0.0,0.0,0.0,0.0,0.0,0,38
2022-23,38,377,425,Hugo Lloris,GK,Spurs,18,11,0,2023-05-28T15:30:00Z,0,0,0,0,0,0,0,0,0.0,0.0,0.0,0.0,0.0,0.0,0.0,0.0,0,54
2022-23,38,377,426,Fraser Forster,GK,Spurs,18,11,0,2023-05-28T15:30:00Z,90,2,0,0,0,1,0,11,0.0,0.0,0.0,0.0,0.0,0.0,0.0,1.5,1,39
2022-23,38,377,427,Harry Kane,FWD,Spurs,18,11,0,2023-05-28T15:30:00Z,90,16,2,1,0,1,3,65,0.0,0.0,0.0,0.0,0.94,0.02,0.96,1.5,1,115
2022-23,38,377,428,Son Heung-min,MID,Spurs,18,11,0,2023-05-28T15:30:00Z,75,5,0,1,0,1,0,20,0.0,0.0,0.0,0.0,0.1,0.16,0.26,1.4,1,115
2022-23,38,377,429,Matt Doherty,DEF,Spurs,18,11,0,2023-05-28T15:30:00Z,0,0,0,0,0,0,0,0,0.0,0.0,0.0,0.0,0.0,0.0,0.0,0.0,0,46
2022-23,38,377,430,Eric Dier,DEF,Spurs,18,11,0,2023-05-28T15:30:00Z,0,0,0,0,0,0,0,0,0.0,0.0,0.0,0.0,0.0,0.0,0.0,0.0,0,50
2022-23,38,377,431,Lucas Rodrigues Moura da Silva,MID,Spurs,18,11,0,2023-05-28T15:30:00Z,1,6,1,0,0,0,0,22,0.0,0.0,0.0,0.0,0.32,0.0,0.32,0.0,0,58
2022-23,38,377,432,Ben Davies,DEF,Spurs,18,11,0,2023-05-28T15:30:00Z,90,2,0,0,0,1,0,15,0.0,0.0,0.0,0.0,0.0,0.03,0.03,1.5,1,47
2022-23,38,377,433,Pierre-Emile Højbjerg,MID,Spurs,18,11,0,2023-05-28T15:30:00Z,0,0,0,0,0,0,0,0,0.0,0.0,0.0,0.0,0.0,0.0,0.0,0.0,0,53
2022-23,38,377,434,Harry Winks,MID,Spurs,18,11,0,2023-05-28T15:30:00Z,0,0,0,0,0,0,0,0,0.0,0.0,0.0,0.0,0.0,0.0,0.0,0.0,0,44
2022-23,38,377,435,Davinson Sánchez,DEF,Spurs,18,11,0,2023-05-28T15:30:00Z,90,2,0,0,0,1,0,18,0.0,0.0,0.0,0.0,0.2,0.0,0.2,1.5,1,42
2022-23,38,377,436,Ryan Sessegnon,DEF,Spurs,18,11,0,2023-05-28T15:30:00Z,0,0,0,0,0,0,0,0,0.0,0.0,0.0,0.0,0.0,0.0,0.0,0.0,0,44
2022-23,38,377,437,Steven Bergwijn,MID,Spurs,18,11,0,2023-05-28T15:30:00Z,0,0,0,0,0,0,0,0,0.0,0.0,0.0,0.0,0.0,0.0,0.0,0.0,0,55
2022-23,38,377,438,Sergio Reguilón,DEF,Spurs,18,11,0,2023-05-28T15:30:00Z,0,0,0,0,0,0,0,0,0.0,0.0,0.0,0.0,0.0,0.0,0.0,0.0,0,42
2022-23,38,377,439,Japhet Tanganga,DEF,Spurs,18,11,0,2023-05-28T15:30:00Z,0,0,0,0,0,0,0,0,0.0,0.0,0.0,0.0,0.0,0.0,0.0,0.0,0,38
2022-23,38,377,440,Rodrigo Bentancur,MID,Spurs,18,11,0,2023-05-28T15:30:00Z,0,0,0,0,0,0,0,0,0.0,0.0,0.0,0.0,0.0,0.0,0.0,0.0,0,53
2022-23,38,377,441,Oliver Skipp,MID,Spurs,18,11,0,2023-05-28T15:30:00Z,90,2,0,0,0,1,0,16,0.0,0.0,0.0,0.0,0.0,0.01,0.01,1.5,1,43
2022-23,38,377,442,Joe Rodon,DEF,Spurs,18,11,0,2023-05-28T15:30:00Z,0,0,0,0,0,0,0,0,0.0,0.0,0.0,0.0,0.0,0.0,0.0,0.0,0,40
2022-23,38,377,443,Cristian Romero,DEF,Spurs,18,11,0,2023-05-28T15:30:00Z,0,0,0,0,0,0,0,0,0.0,0.0,0.0,0.0,0.0,0.0,0.0,0.0,0,49
2022-23,38,377,444,Yves Bissouma,MID,Spurs,18,11,0,2023-05-28T15:30:00Z,76,2,0,0,0,1,0,19,0.0,0.0,0.0,0.0,0.02,0.03,0.05,1.4,1,47
2022-23,38,377,445,Emerson Leite de Souza Junior,DEF,Spurs,18,11,0,2023-05-28T15:30:00Z,90,2,0,0,0,1,0,16,0.0,0.0,0.0,0.0,0.0,0.01,0.01,1.5,1,48
2022-23,38,377,446,Dejan Kulusevski,MID,Spurs,18,11,0,2023-05-28T15:30:00Z,66,3,0,0,1,0,0,4,0.0,0.0,0.0,0.0,0.0,0.06,0.06,1.27,1,78
2022-23,38,377,447,Dane Scarlett,FWD,Spurs,18,11,0,2023-05-28T15:30:00Z,0,0,0,0,0,0,0,0,0.0,0.0,0.0,0.0,0.0,0.0,0.0,0.0,0,45
2022-23,38,377,448,Ivan Perišić,DEF,Spurs,18,11,0,2023-05-28T15:30:00Z,0,0,0,0,0,0,0,0,0.0,0.0,0.0,0.0,0.0,0.0,0.0,0.0,0,53
2022-23,38,377,449,Harvey White,MID,Spurs,18,11,0,2023-05-28T15:30:00Z,0,0,0,0,0,0,0,0,0.0,0.0,0.0,0.0,0.0,0.0,0.0,0.0,0,44
2022-23,38,377,450,Pape Matar Sarr,MID,Spurs,18,11,0,2023-05-28T15:30:00Z,23,4,0,1,0,1,0,20,0.0,0.0,0.0,0.0,0.0,0.0,0.0,0.23,0,42
2022-23,38,377,451,Brandon Austin,GK,Spurs,18,11,0,2023-05-28T15:30:00Z,0,0,0,0,0,0,0,0,0.0,0.0,0.0,0.0,0.0,0.0,0.0,0.0,0,39
2022-23,38,377,452,Alfie Devine,MID,Spurs,18,11,0,2023-05-28T15:30:00Z,0,0,0,0,0,0,0,0,0.0,0.0,0.0,0.0,0.0,0.0,0.0,0.0,0,43
2022-23,38,377,453,Troy Parrott,FWD,Spurs,18,11,0,2023-05-28T15:30:00Z,0,0,0,0,0,0,0,0,0.0,0.0,0.0,0.0,0.0,0.0,0.0,0.0,0,45
2022-23,38,377,454,Richarlison de Andrade,FWD,Spurs,18,11,0,2023-05-28T15:30:00Z,14,1,0,0,0,0,0,3,0.0,0.0,0.0,0.0,0.34,0.0,0.34,0.1,0,84
2022-23,38,378,455,Lukasz Fabianski,GK,West Ham,19,10,0,2023-05-28T15:30:00Z,90,1,0,0,0,2,0,11,0.0,0.0,0.0,0.0,0.0,0.0,0.0,1.44,1,49
2022-23,38,378,456,Angelo Ogbonna,DEF,West Ham,19,10,0,2023-05-28T15:30:00Z,0,0,0,0,0,0,0,0,0.0,0.0,0.0,0.0,0.0,0.0,0.0,0.0,0,44
2022-23,38,378,457,Aaron Cresswell,DEF,West Ham,19,10,0,2023-05-28T15:30:00Z,70,1,0,0,0,2,0,10,0.0,0.0,0.0,0.0,0.0,0.01,0.01,1.39,1,47
2022-23,38,378,458,Michail Antonio,FWD,West Ham,19,10,0,2023-05-28T15:30:00Z,61,2,0,0,0,2,0,2,0.0,0.0,0.0,0.0,0.12,0.02,0.14,1.08,1,69
2022-23,38,371,459,Craig Dawson,DEF,Wolves,20,1,0,2023-05-28T15:30:00Z,0,0,0,0,0,0,0,0,0.0,0.0,0.0,0.0,0.0,0.0,0.0,0.0,0,48
2022-23,38,378,460,Manuel Lanzini,MID,West Ham,19,10,0,2023-05-28T15:30:00Z,4,1,0,0,0,0,0,3,0.0,0.0,0.0,0.0,0.0,0.03,0.03,0.0,0,50
2022-23,38,378,461,Kurt Zouma,DEF,West Ham,19,10,0,2023-05-28T15:30:00Z,0,0,0,0,0,0,0,0,0.0,0.0,0.0,0.0,0.0,0.0,0.0,0.0,0,44
2022-23,38,378,462,Arthur Masuaku,DEF,West Ham,19,10,0,2023-05-28T15:30:00Z,0,0,0,0,0,0,0,0,0.0,0.0,0.0,0.0,0.0,0.0,0.0,0.0,0,45
2022-23,38,378,463,Vladimir Coufal,DEF,West Ham,19,10,0,2023-05-28T15:30:00Z,90,1,0,0,0,2,0,18,0.0,0.0,0.0,0.0,0.0,0.05,0.05,1.44,1,40
2022-23,38,378,464,Saïd Benrahma,MID,West Ham,19,10,0,2023-05-28T15:30:00Z,61,2,0,0,0,2,0,14,0.0,0.0,0.0,0.0,0.1,0.11,0.21,1.08,1,55
2022-23,38,378,465,Jarrod Bowen,MID,West Ham,19,10,0,2023-05-28T15:30:00Z,28,1,0,0,0,0,0,6,0.0,0.0,0.0,0.0,0.09,0.26,0.35,0.37,0,80
2022-23,38,378,466,Nikola Vlasic,MID,West Ham,19,10,0,2023-05-28T15:30:00Z,0,0,0,0,0,0,0,0,0.0,0.0,0.0,0.0,0.0,0.0,0.0,0.0,0,50
2022-23,38,378,467,Declan Rice,MID,West Ham,19,10,0,2023-05-28T15:30:00Z,90,2,0,0,0,2,0,11,0.0,0.0,0.0,0.0,0.0,0.05,0.05,1.44,1,47
2022-23,38,378,468,Tomas Soucek,MID,West Ham,19,10,0,2023-05-28T15:30:00Z,0,0,0,0,0,0,0,0,0.0,0.0,0.0,0.0,0.0,0.0,0.0,0.0,0,50
2022-23,38,378,469,Pablo Fornals Malla,MID,West Ham,19,10,0,2023-05-28T15:30:00Z,90,10,1,0,0,2,3,32,0.0,0.0,0.0,0.0,0.21,0.11,0.32,1.44,1,49
2022-23,38,379,470,Issa Diop,DEF,Fulham,9,14,0,2023-05-28T15:30:00Z,90,1,0,0,0,2,0,21,0.0,0.0,0.0,0.0,0.0,0.3,0.3,2.71,1,43
2022-23,38,378,471,Ben Johnson,DEF,West Ham,19,10,0,2023-05-28T15:30:00Z,0,0,0,0,0,0,0,0,0.0,0.0,0.0,0.0,0.0,0.0,0.0,0.0,0,44
2022-23,38,378,472,Nayef Aguerd,DEF,West Ham,19,10,0,2023-05-28T15:30:00Z,90,1,0,0,0,2,0,17,0.0,0.0,0.0,0.0,0.04,0.0,0.04,1.44,1,48
2022-23,38,378,473,Alphonse Areola,GK,West Ham,19,10,0,2023-05-28T15:30:00Z,0,0,0,0,0,0,0,0,0.0,0.0,0.0,0.0,0.0,0.0,0.0,0.0,0,43
2022-23,38,375,474,Willy Boly,DEF,Nott'm Forest,16,7,0,2023-05-28T15:30:00Z,71,2,0,0,0,1,0,9,0.0,0.0,0.0,0.0,0.03,0.0,0.03,1.18,1,41
2022-23,38,376,475,Conor Coady,DEF,Everton,8,3,1,2023-05-28T15:30:00Z,90,6,0,0,1,0,0,24,0.0,0.0,0.0,0.0,0.0,0.0,0.0,0.49,1,47
2022-23,38,371,476,Raúl Jiménez,FWD,Wolves,20,1,0,2023-05-28T15:30:00Z,90,2,0,0,0,5,0,1,0.0,0.0,0.0,0.0,0.0,0.01,0.01,2.39,1,65
2022-23,38,371,477,Jonathan Castro Otto,DEF,Wolves,20,1,0,2023-05-28T15:30:00Z,0,0,0,0,0,0,0,0,0.0,0.0,0.0,0.0,0.0,0.0,0.0,0.0,0,43
2022-23,38,371,478,José Malheiro de Sá,GK,Wolves,20,1,0,2023-05-28T15:30:00Z,90,1,0,0,0,5,0,12,0.0,0.0,0.0,0.0,0.0,0.0,0.0,2.39,1,50
2022-23,38,372,479,Leander Dendoncker,MID,Aston Villa,2,5,1,2023-05-28T15:30:00Z,0,0,0,0,0,0,0,0,0.0,0.0,0.0,0.0,0.0,0.0,0.0,0.0,0,47
2022-23,38,371,480,Rúben da Silva Neves,MID,Wolves,20,1,0,2023-05-28T15:30:00Z,45,1,0,0,0,2,0,4,0.0,0.0,0.0,0.0,0.0,0.01,0.01,1.12,0,52
2022-23,38,371,481,Hwang Hee-chan,MID,Wolves,20,1,0,2023-05-28T15:30:00Z,66,2,0,0,0,4,0,7,0.0,0.0,0.0,0.0,0.0,0.01,0.01,1.68,1,57
2022-23,38,371,482,Nélson Cabral Semedo,DEF,Wolves,20,1,0,2023-05-28T15:30:00Z,90,0,0,0,0,5,0,15,0.0,0.0,0.0,0.0,0.06,0.02,0.08,2.39,1,50
2022-23,38,371,483,Daniel Castelo Podence,MID,Wolves,20,1,0,2023-05-28T15:30:00Z,0,0,0,0,0,0,0,0,0.0,0.0,0.0,0.0,0.0,0.0,0.0,0.0,0,51
2022-23,38,371,484,Max Kilman,DEF,Wolves,20,1,0,2023-05-28T15:30:00Z,67,0,0,0,0,4,0,8,0.0,0.0,0.0,0.0,0.0,0.01,0.01,1.68,1,43
2022-23,38,371,485,Luke Cundle,MID,Wolves,20,1,0,2023-05-28T15:30:00Z,0,0,0,0,0,0,0,0,0.0,0.0,0.0,0.0,0.0,0.0,0.0,0.0,0,44
2022-23,38,371,486,Pedro Lomba Neto,MID,Wolves,20,1,0,2023-05-28T15:30:00Z,0,0,0,0,0,0,0,0,0.0,0.0,0.0,0.0,0.0,0.0,0.0,0.0,0,49
2022-23,38,371,487,Rayan Aït-Nouri,DEF,Wolves,20,1,0,2023-05-28T15:30:00Z,45,0,0,0,0,2,0,4,0.0,0.0,0.0,0.0,0.0,0.0,0.0,1.12,0,41
2022-23,38,371,488,Fabio Silva,FWD,Wolves,20,1,0,2023-05-28T15:30:00Z,0,0,0,0,0,0,0,0,0.0,0.0,0.0,0.0,0.0,0.0,0.0,0.0,0,55
2022-23,38,371,489,Toti António Gomes,DEF,Wolves,20,1,0,2023-05-28T15:30:00Z,22,1,0,0,0,1,0,4,0.0,0.0,0.0,0.0,0.02,0.0,0.02,0.71,0,39
2022-23,38,371,490,Francisco Jorge Tomás Oliveira,MID,Wolves,20,1,0,2023-05-28T15:30:00Z,0,0,0,0,0,0,0,0,0.0,0.0,0.0,0.0,0.0,0.0,0.0,0.0,0,50
2022-23,38,371,491,Adama Traoré Diarra,MID,Wolves,20,1,0,2023-05-28T15:30:00Z,90,2,0,0,0,5,0,14,0.0,0.0,0.0,0.0,0.06,0.25,0.31,2.39,1,53
2022-23,38,371,492,Matija Šarkić,GK,Wolves,20,1,0,2023-05-28T15:30:00Z,0,0,0,0,0,0,0,0,0.0,0.0,0.0,0.0,0.0,0.0,0.0,0.0,0,39
2022-23,38,375,493,Morgan Gibbs-White,MID,Nott'm Forest,16,7,0,2023-05-28T15:30:00Z,88,4,0,1,0,1,0,12,0.0,0.0,0.0,0.0,0.09,0.08,0.17,1.43,1,55
2022-23,38,371,494,Yerson Mosquera Valdelamar,DEF,Wolves,20,1,0,2023-05-28T15:30:00Z,0,0,0,0,0,0,0,0,0.0,0.0,0.0,0.0,0.0,0.0,0.0,0.0,0,39
2022-23,38,375,495,Remi Matthews,GK,Crystal Palace,7,16,1,2023-05-28T15:30:00Z,0,0,0,0,0,0,0,0,0.0,0.0,0.0,0.0,0.0,0.0,0.0,0.0,0,40
2022-23,38,375,496,Luke Plange,FWD,Crystal Palace,7,16,1,2023-05-28T15:30:00Z,0,0,0,0,0,0,0,0,0.0,0.0,0.0,0.0,0.0,0.0,0.0,0.0,0,45
2022-23,38,380,497,Adrián San Miguel del Castillo,GK,Liverpool,12,17,0,2023-05-28T15:30:00Z,0,0,0,0,0,0,0,0,0.0,0.0,0.0,0.0,0.0,0.0,0.0,0.0,0,38
2022-23,38,380,498,Rhys Williams,DEF,Liverpool,12,17,0,2023-05-28T15:30:00Z,0,0,0,0,0,0,0,0,0.0,0.0,0.0,0.0,0.0,0.0,0.0,0.0,0,40
2022-23,38,380,499,Ben Davies,DEF,Liverpool,12,17,0,2023-05-28T15:30:00Z,0,0,0,0,0,0,0,0,0.0,0.0,0.0,0.0,0.0,0.0,0.0,0.0,0,40
2022-23,38,380,500,Sepp van den Berg,DEF,Liverpool,12,17,0,2023-05-28T15:30:00Z,0,0,0,0,0,0,0,0,0.0,0.0,0.0,0.0,0.0,0.0,0.0,0.0,0,40
2022-23,38,380,501,Nathaniel Phillips,DEF,Liverpool,12,17,0,2023-05-28T15:30:00Z,0,0,0,0,0,0,0,0,0.0,0.0,0.0,0.0,0.0,0.0,0.0,0.0,0,38
2022-23,38,373,502,Scott Carson,GK,Man City,13,4,0,2023-05-28T15:30:00Z,0,0,0,0,0,0,0,0,0.0,0.0,0.0,0.0,0.0,0.0,0.0,0.0,0,38
2022-23,38,371,503,João Filipe Iria Santos Moutinho,MID,Wolves,20,1,0,2023-05-28T15:30:00Z,0,0,0,0,0,0,0,0,0.0,0.0,0.0,0.0,0.0,0.0,0.0,0.0,0,46
2022-23,38,379,504,Tyrell Malacia,DEF,Man Utd,14,9,1,2023-05-28T15:30:00Z,90,2,0,0,0,1,0,21,0.0,0.0,0.0,0.0,0.0,0.14,0.14,1.8,1,42
2022-23,38,376,505,Joe Rothwell,MID,Bournemouth,3,8,0,2023-05-28T15:30:00Z,0,0,0,0,0,0,0,0,0.0,0.0,0.0,0.0,0.0,0.0,0.0,0.0,0,49
2022-23,38,377,506,Tyler Adams,MID,Leeds,11,18,1,2023-05-28T15:30:00Z,0,0,0,0,0,0,0,0,0.0,0.0,0.0,0.0,0.0,0.0,0.0,0.0,0,49
2022-23,38,375,507,Moussa Niakhaté,DEF,Nott'm Forest,16,7,0,2023-05-28T15:30:00Z,90,2,0,0,0,1,0,14,0.0,0.0,0.0,0.0,0.0,0.0,0.0,1.6,1,43
2022-23,38,377,508,Luis Sinisterra Lucumí,MID,Leeds,11,18,1,2023-05-28T15:30:00Z,0,0,0,0,0,0,0,0,0.0,0.0,0.0,0.0,0.0,0.0,0.0,0.0,0,65
2022-23,38,378,509,Flynn Downes,MID,West Ham,19,10,0,2023-05-28T15:30:00Z,85,2,0,0,0,2,0,17,0.0,0.0,0.0,0.0,0.0,0.03,0.03,1.44,1,42
2022-23,38,373,510,Aaron Hickey,DEF,Brentford,4,13,1,2023-05-28T15:30:00Z,69,6,0,0,1,0,0,20,0.0,0.0,0.0,0.0,0.0,0.02,0.02,0.57,1,49
2022-23,38,375,511,Omar Richards,DEF,Nott'm Forest,16,7,0,2023-05-28T15:30:00Z,0,0,0,0,0,0,0,0,0.0,0.0,0.0,0.0,0.0,0.0,0.0,0.0,0,44
2022-23,38,380,512,Joe Ayodele-Aribo,MID,Southampton,17,12,1,2023-05-28T15:30:00Z,0,0,0,0,0,0,0,0,0.0,0.0,0.0,0.0,0.0,0.0,0.0,0.0,0,50
2022-23,38,377,513,Clément Lenglet,DEF,Spurs,18,11,0,2023-05-28T15:30:00Z,90,2,0,0,0,1,0,14,0.0,0.0,0.0,0.0,0.0,0.0,0.0,1.5,1,48
2022-23,38,375,514,Cheick Doucouré,MID,Crystal Palace,7,16,1,2023-05-28T15:30:00Z,67,2,0,0,0,1,0,14,0.0,0.0,0.0,0.0,0.16,0.08,0.24,0.2,1,50
2022-23,38,373,515,Keane Lewis-Potter,MID,Brentford,4,13,1,2023-05-28T15:30:00Z,0,0,0,0,0,0,0,0,0.0,0.0,0.0,0.0,0.0,0.0,0.0,0.0,0,52
2022-23,38,371,516,Nathan Collins,DEF,Wolves,20,1,0,2023-05-28T15:30:00Z,90,0,0,0,0,5,0,14,0.0,0.0,0.0,0.0,0.14,0.01,0.15,2.39,1,42
2022-23,38,373,517,Thomas Strakosha,GK,Brentford,4,13,1,2023-05-28T15:30:00Z,0,0,0,0,0,0,0,0,0.0,0.0,0.0,0.0,0.0,0.0,0.0,0.0,0,43
2022-23,38,375,518,Wayne Hennessey,GK,Nott'm Forest,16,7,0,2023-05-28T15:30:00Z,90,3,0,0,0,1,0,15,0.0,0.0,0.0,0.0,0.0,0.0,0.0,1.6,1,39
2022-23,38,379,519,Christian Eriksen,MID,Man Utd,14,9,1,2023-05-28T15:30:00Z,24,1,0,0,0,0,0,5,0.0,0.0,0.0,0.0,0.0,0.01,0.01,0.36,0,62
2022-23,38,374,520,Kalidou Koulibaly,DEF,Chelsea,6,15,1,2023-05-28T15:30:00Z,0,0,0,0,0,0,0,0,0.0,0.0,0.0,0.0,0.0,0.0,0.0,0.0,0,55
2022-23,38,379,521,Tyrese Francois,MID,Fulham,9,14,0,2023-05-28T15:30:00Z,0,0,0,0,0,0,0,0,0.0,0.0,0.0,0.0,0.0,0.0,0.0,0.0,0,44
2022-23,38,377,522,Djed Spence,DEF,Spurs,18,11,0,2023-05-28T15:30:00Z,0,0,0,0,0,0,0,0,0.0,0.0,0.0,0.0,0.0,0.0,0.0,0.0,0,41
2022-23,38,375,523,Harry Toffolo,DEF,Nott'm Forest,16,7,0,2023-05-28T15:30:00Z,45,1,0,0,0,1,0,2,0.0,0.0,0.0,0.0,0.0,0.0,0.0,0.9,0,43
2022-23,38,375,524,Lewis O'Brien,MID,Nott'm Forest,16,7,0,2023-05-28T15:30:00Z,0,0,0,0,0,0,0,0,0.0,0.0,0.0,0.0,0.0,0.0,0.0,0.0,0,47
2022-23,38,372,525,Ludwig Augustinsson,DEF,Aston Villa,2,5,1,2023-05-28T15:30:00Z,0,0,0,0,0,0,0,0,0.0,0.0,0.0,0.0,0.0,0.0,0.0,0.0,0,43
2022-23,38,373,526,Ben Mee,DEF,Brentford,4,13,1,2023-05-28T15:30:00Z,90,6,0,0,1,0,0,22,0.0,0.0,0.0,0.0,0.15,0.04,0.19,0.64,1,48
2022-23,38,375,527,Jesse Lingard,MID,Nott'm Forest,16,7,0,2023-05-28T15:30:00Z,0,0,0,0,0,0,0,0,0.0,0.0,0.0,0.0,0.0,0.0,0.0,0.0,0,54
2022-23,38,380,528,Sékou Mara,FWD,Southampton,17,12,1,2023-05-28T15:30:00Z,0,0,0,0,0,0,0,0,0.0,0.0,0.0,0.0,0.0,0.0,0.0,0.0,0,53
2022-23,38,378,529,Gianluca Scamacca,FWD,West Ham,19,10,0,2023-05-28T15:30:00Z,0,0,0,0,0,0,0,0,0.0,0.0,0.0,0.0,0.0,0.0,0.0,0.0,0,66
2022-23,38,375,530,Chris Richards,DEF,Crystal Palace,7,16,1,2023-05-28T15:30:00Z,0,0,0,0,0,0,0,0,0.0,0.0,0.0,0.0,0.0,0.0,0.0,0.0,0,44
2022-23,38,376,531,Rúben Nascimento Vinagre,DEF,Everton,8,3,1,2023-05-28T15:30:00Z,0,0,0,0,0,0,0,0,0.0,0.0,0.0,0.0,0.0,0.0,0.0,0.0,0,43
2022-23,38,379,532,Kevin Mbabu,DEF,Fulham,9,14,0,2023-05-28T15:30:00Z,0,0,0,0,0,0,0,0,0.0,0.0,0.0,0.0,0.0,0.0,0.0,0.0,0,43
2022-23,38,379,533,Lisandro Martínez,DEF,Man Utd,14,9,1,2023-05-28T15:30:00Z,0,0,0,0,0,0,0,0,0.0,0.0,0.0,0.0,0.0,0.0,0.0,0.0,0,44
2022-23,38,376,534,Dwight McNeil,MID,Everton,8,3,1,2023-05-28T15:30:00Z,90,3,0,0,1,0,0,11,0.0,0.0,0.0,0.0,0.0,0.23,0.23,0.49,1,52
2022-23,38,376,535,Marcus Tavernier,MID,Bournemouth,3,8,0,2023-05-28T15:30:00Z,0,0,0,0,0,0,0,0,0.0,0.0,0.0,0.0,0.0,0.0,0.0,0.0,0,47
2022-23,38,375,536,Orel Mangala,MID,Nott'm Forest,16,7,0,2023-05-28T15:30:00Z,71,2,0,0,0,1,0,10,0.0,0.0,0.0,0.0,0.0,0.0,0.0,1.18,1,49
2022-23,38,372,537,Kaine Kesler Hayden,DEF,Aston Villa,2,5,1,2023-05-28T15:30:00Z,0,0,0,0,0,0,0,0,0.0,0.0,0.0,0.0,0.0,0.0,0.0,0.0,0,40
2022-23,38,372,538,Ashley Young,DEF,Aston Villa,2,5,1,2023-05-28T15:30:00Z,0,0,0,0,0,0,0,0,0.0,0.0,0.0,0.0,0.0,0.0,0.0,0.0,0,43
2022-23,38,376,539,James Hill,DEF,Bournemouth,3,8,0,2023-05-28T15:30:00Z,0,0,0,0,0,0,0,0,0.0,0.0,0.0,0.0,0.0,0.0,0.0,0.0,0,44
2022-23,38,373,540,Fin Stevens,DEF,Brentford,4,13,1,2023-05-28T15:30:00Z,0,0,0,0,0,0,0,0,0.0,0.0,0.0,0.0,0.0,0.0,0.0,0.0,0,40
2022-23,38,373,541,Halil Dervişoğlu,FWD,Brentford,4,13,1,2023-05-28T15:30:00Z,0,0,0,0,0,0,0,0,0.0,0.0,0.0,0.0,0.0,0.0,0.0,0.0,0,45
2022-23,38,372,542,Kjell Scherpen,GK,Brighton,5,2,0,2023-05-28T15:30:00Z,0,0,0,0,0,0,0,0,0.0,0.0,0.0,0.0,0.0,0.0,0.0,0.0,0,40
2022-23,38,372,543,Matt Clarke,DEF,Brighton,5,2,0,2023-05-28T15:30:00Z,0,0,0,0,0,0,0,0,0.0,0.0,0.0,0.0,0.0,0.0,0.0,0.0,0,40
2022-23,38,372,544,Jan Paul van Hecke,DEF,Brighton,5,2,0,2023-05-28T15:30:00Z,25,1,0,0,0,0,0,3,0.0,0.0,0.0,0.0,0.0,0.01,0.01,0.52,0,40
2022-23,38,378,545,Emerson Palmieri dos Santos,DEF,West Ham,19,10,0,2023-05-28T15:30:00Z,19,1,0,0,0,0,0,5,0.0,0.0,0.0,0.0,0.03,0.06,0.09,0.06,0,40
2022-23,38,379,546,Luke Harris,MID,Fulham,9,14,0,2023-05-28T15:30:00Z,0,0,0,0,0,0,0,0,0.0,0.0,0.0,0.0,0.0,0.0,0.0,0.0,0,43
2022-23,38,377,547,Cody Drameh,DEF,Leeds,11,18,1,2023-05-28T15:30:00Z,0,0,0,0,0,0,0,0,0.0,0.0,0.0,0.0,0.0,0.0,0.0,0.0,0,40
2022-23,38,378,548,Daniel Iversen,GK,Leicester,10,19,1,2023-05-28T15:30:00Z,90,2,0,0,0,1,0,11,0.0,0.0,0.0,0.0,0.0,0.0,0.0,1.34,1,39
2022-23,38,378,549,Dennis Praet,MID,Leicester,10,19,1,2023-05-28T15:30:00Z,0,0,0,0,0,0,0,0,0.0,0.0,0.0,0.0,0.0,0.0,0.0,0.0,0,48
2022-23,38,379,550,Amad Diallo,MID,Man Utd,14,9,1,2023-05-28T15:30:00Z,0,0,0,0,0,0,0,0,0.0,0.0,0.0,0.0,0.0,0.0,0.0,0.0,0,44
2022-23,38,379,551,Zidane Iqbal,MID,Man Utd,14,9,1,2023-05-28T15:30:00Z,0,0,0,0,0,0,0,0,0.0,0.0,0.0,0.0,0.0,0.0,0.0,0.0,0,42
2022-23,38,374,552,Elliot Anderson,MID,Newcastle,15,6,0,2023-05-28T15:30:00Z,75,7,0,1,0,1,2,21,0.0,0.0,0.0,0.0,0.02,0.43,0.45,1.34,1,43
2022-23,38,375,553,Oliver Hammond,MID,Nott'm Forest,16,7,0,2023-05-28T15:30:00Z,0,0,0,0,0,0,0,0,0.0,0.0,0.0,0.0,0.0,0.0,0.0,0.0,0,42
2022-23,38,377,554,Bryan Gil Salvatierra,MID,Spurs,18,11,0,2023-05-28T15:30:00Z,0,0,0,0,0,0,0,0,0.0,0.0,0.0,0.0,0.0,0.0,0.0,0.0,0,50
2022-23,38,374,555,Harrison Ashby,DEF,Newcastle,15,6,0,2023-05-28T15:30:00Z,0,0,0,0,0,0,0,0,0.0,0.0,0.0,0.0,0.0,0.0,0.0,0.0,0,38
2022-23,38,378,556,Conor Coventry,MID,West Ham,19,10,0,2023-05-28T15:30:00Z,0,0,0,0,0,0,0,0,0.0,0.0,0.0,0.0,0.0,0.0,0.0,0.0,0,44
2022-23,38,371,557,Jackson Smith,GK,Wolves,20,1,0,2023-05-28T15:30:00Z,0,0,0,0,0,0,0,0,0.0,0.0,0.0,0.0,0.0,0.0,0.0,0.0,0,39
2022-23,38,371,558,Hugo Bueno López,DEF,Wolves,20,1,0,2023-05-28T15:30:00Z,45,0,0,0,0,3,0,3,0.0,0.0,0.0,0.0,0.0,0.11,0.11,1.27,1,38
2022-23,38,372,559,Levi Colwill,DEF,Brighton,5,2,0,2023-05-28T15:30:00Z,90,1,0,0,0,2,0,9,0.0,0.0,0.0,0.0,0.0,0.0,0.0,2.82,1,44
2022-23,38,376,560,Stanley Mills,MID,Everton,8,3,1,2023-05-28T15:30:00Z,0,0,0,0,0,0,0,0,0.0,0.0,0.0,0.0,0.0,0.0,0.0,0.0,0,43
2022-23,38,376,561,Lewis Warrington,MID,Everton,8,3,1,2023-05-28T15:30:00Z,0,0,0,0,0,0,0,0,0.0,0.0,0.0,0.0,0.0,0.0,0.0,0.0,0,44
2022-23,38,379,562,Manor Solomon,MID,Fulham,9,14,0,2023-05-28T15:30:00Z,24,1,0,0,0,0,0,2,0.0,0.0,0.0,0.0,0.11,0.12,0.23,0.67,0,49
2022-23,38,380,563,Luke Chambers,DEF,Liverpool,12,17,0,2023-05-28T15:30:00Z,0,0,0,0,0,0,0,0,0.0,0.0,0.0,0.0,0.0,0.0,0.0,0.0,0,40
2022-23,38,380,564,Stefan Bajcetic,MID,Liverpool,12,17,0,2023-05-28T15:30:00Z,0,0,0,0,0,0,0,0,0.0,0.0,0.0,0.0,0.0,0.0,0.0,0.0,0,43
2022-23,38,377,565,Archie Gray,MID,Leeds,11,18,1,2023-05-28T15:30:00Z,0,0,0,0,0,0,0,0,0.0,0.0,0.0,0.0,0.0,0.0,0.0,0.0,0,45
2022-23,38,371,566,Joseph Hodge,MID,Wolves,20,1,0,2023-05-28T15:30:00Z,5,1,0,0,0,0,0,2,0.0,0.0,0.0,0.0,0.16,0.01,0.17,0.03,0,43
2022-23,38,371,567,Connor Ronan,MID,Wolves,20,1,0,2023-05-28T15:30:00Z,0,0,0,0,0,0,0,0,0.0,0.0,0.0,0.0,0.0,0.0,0.0,0.0,0,44
2022-23,38,371,568,Chem Campbell,MID,Wolves,20,1,0,2023-05-28T15:30:00Z,0,0,0,0,0,0,0,0,0.0,0.0,0.0,0.0,0.0,0.0,0.0,0.0,0,44
2022-23,38,379,569,Alejandro Garnacho,MID,Man Utd,14,9,1,2023-05-28T15:30:00Z,66,2,0,0,0,1,0,-1,0.0,0.0,0.0,0.0,0.39,0.02,0.41,1.44,1,41
2022-23,38,376,570,James Garner,MID,Everton,8,3,1,2023-05-28T15:30:00Z,90,3,0,0,1,0,0,7,0.0,0.0,0.0,0.0,0.06,0.0,0.06,0.49,1,45
2022-23,38,376,571,Darren Randolph,GK,Bournemouth,3,8,0,2023-05-28T15:30:00Z,0,0,0,0,0,0,0,0,0.0,0.0,0.0,0.0,0.0,0.0,0.0,0.0,0,40
2022-23,38,378,572,Armstrong Oko-Flex,MID,West Ham,19,10,0,2023-05-28T15:30:00Z,0,0,0,0,0,0,0,0,0.0,0.0,0.0,0.0,0.0,0.0,0.0,0.0,0,44
2022-23,38,373,573,Rico Lewis,DEF,Man City,13,4,0,2023-05-28T15:30:00Z,90,2,0,0,0,1,0,11,0.0,0.0,0.0,0.0,0.0,0.15,0.15,0.41,1,38
2022-23,38,376,574,Norberto Murara Neto,GK,Bournemouth,3,8,0,2023-05-28T15:30:00Z,0,0,0,0,0,0,0,0,0.0,0.0,0.0,0.0,0.0,0.0,0.0,0.0,0,45
2022-23,38,378,575,Maxwel Cornet,MID,West Ham,19,10,0,2023-05-28T15:30:00Z,19,1,0,0,0,0,0,-1,0.0,0.0,0.0,0.0,0.13,0.01,0.14,0.06,0,59
2022-23,38,376,576,Marcos Senesi,DEF,Bournemouth,3,8,0,2023-05-28T15:30:00Z,90,1,0,0,0,1,0,12,0.0,0.0,0.0,0.0,0.08,0.01,0.09,1.0,1,44
2022-23,38,376,577,Amadou Onana,MID,Everton,8,3,1,2023-05-28T15:30:00Z,90,3,0,0,1,0,0,5,0.0,0.0,0.0,0.0,0.08,0.03,0.11,0.49,1,47
2022-23,38,377,578,Joel Robles,GK,Leeds,11,18,1,2023-05-28T15:30:00Z,90,1,0,0,0,4,0,14,0.0,0.0,0.0,0.0,0.0,0.01,0.01,2.12,1,40
2022-23,38,371,579,Gonçalo Manuel Ganchinho Guedes,MID,Wolves,20,1,0,2023-05-28T15:30:00Z,0,0,0,0,0,0,0,0,0.0,0.0,0.0,0.0,0.0,0.0,0.0,0.0,0,58
2022-23,38,373,580,Mikkel Damsgaard,MID,Brentford,4,13,1,2023-05-28T15:30:00Z,69,2,0,0,1,0,0,10,0.0,0.0,0.0,0.0,0.0,0.29,0.29,0.57,1,50
2022-23,38,378,581,Alex Smithies,GK,Leicester,10,19,1,2023-05-28T15:30:00Z,0,0,0,0,0,0,0,0,0.0,0.0,0.0,0.0,0.0,0.0,0.0,0.0,0,39
2022-23,38,375,582,Remo Freuler,MID,Nott'm Forest,16,7,0,2023-05-28T15:30:00Z,0,0,0,0,0,0,0,0,0.0,0.0,0.0,0.0,0.0,0.0,0.0,0.0,0,49
2022-23,38,375,583,Cheikhou Kouyaté,MID,Nott'm Forest,16,7,0,2023-05-28T15:30:00Z,18,1,0,0,0,0,0,6,0.0,0.0,0.0,0.0,0.0,0.0,0.0,0.42,0,44
2022-23,38,380,584,Bobby Clark,MID,Liverpool,12,17,0,2023-05-28T15:30:00Z,0,0,0,0,0,0,0,0,0.0,0.0,0.0,0.0,0.0,0.0,0.0,0.0,0,45
2022-23,38,375,585,Emmanuel Dennis,FWD,Nott'm Forest,16,7,0,2023-05-28T15:30:00Z,18,1,0,0,0,0,0,-2,0.0,0.0,0.0,0.0,0.04,0.01,0.05,0.42,0,56
2022-23,38,372,586,Pervis Estupiñán,DEF,Brighton,5,2,0,2023-05-28T15:30:00Z,45,1,0,0,0,0,0,4,0.0,0.0,0.0,0.0,0.0,0.14,0.14,1.47,0,50
2022-23,38,373,587,Sergio Gómez,DEF,Man City,13,4,0,2023-05-28T15:30:00Z,90,2,0,0,0,1,0,11,0.0,0.0,0.0,0.0,0.08,0.83,0.91,0.41,1,44
2022-23,38,378,588,Thilo Kehrer,DEF,West Ham,19,10,0,2023-05-28T15:30:00Z,90,1,0,0,0,2,0,13,0.0,0.0,0.0,0.0,0.0,0.01,0.01,1.44,1,43
2022-23,38,371,589,Matheus Luiz Nunes,MID,Wolves,20,1,0,2023-05-28T15:30:00Z,45,1,0,0,0,3,0,3,0.0,0.0,0.0,0.0,0.04,0.15,0.19,1.27,1,48
2022-23,38,375,590,Joseph Whitworth,GK,Crystal Palace,7,16,1,2023-05-28T15:30:00Z,0,0,0,0,0,0,0,0,0.0,0.0,0.0,0.0,0.0,0.0,0.0,0.0,0,40
2022-23,38,379,591,Terry Ablade,FWD,Fulham,9,14,0,2023-05-28T15:30:00Z,0,0,0,0,0,0,0,0,0.0,0.0,0.0,0.0,0.0,0.0,0.0,0.0,0,45
2022-23,38,380,592,Harvey Davies,GK,Liverpool,12,17,0,2023-05-28T15:30:00Z,0,0,0,0,0,0,0,0,0.0,0.0,0.0,0.0,0.0,0.0,0.0,0.0,0,40
2022-23,38,379,593,Carlos Henrique Casimiro,MID,Man Utd,14,9,1,2023-05-28T15:30:00Z,66,2,0,0,0,1,0,15,0.0,0.0,0.0,0.0,0.12,0.29,0.41,1.44,1,49
2022-23,38,374,594,Alexander Isak,FWD,Newcastle,15,6,0,2023-05-28T15:30:00Z,87,2,0,0,0,1,0,2,0.0,0.0,0.0,0.0,0.24,0.02,0.26,1.63,1,70
2022-23,38,373,595,Mathias Jorgensen,DEF,Brentford,4,13,1,2023-05-28T15:30:00Z,90,6,0,0,1,0,1,24,0.0,0.0,0.0,0.0,0.01,0.05,0.06,0.64,1,39
2022-23,38,372,596,Evan Ferguson,FWD,Brighton,5,2,0,2023-05-28T15:30:00Z,90,2,0,0,0,2,0,-1,0.0,0.0,0.0,0.0,0.41,0.01,0.42,2.82,1,46
2022-23,38,376,597,Christian Saydee,FWD,Bournemouth,3,8,0,2023-05-28T15:30:00Z,0,0,0,0,0,0,0,0,0.0,0.0,0.0,0.0,0.0,0.0,0.0,0.0,0,45
2022-23,38,376,598,Owen Bevan,DEF,Bournemouth,3,8,0,2023-05-28T15:30:00Z,0,0,0,0,0,0,0,0,0.0,0.0,0.0,0.0,0.0,0.0,0.0,0.0,0,40
2022-23,38,373,599,Claudio Gomes,MID,Man City,13,4,0,2023-05-28T15:30:00Z,0,0,0,0,0,0,0,0,0.0,0.0,0.0,0.0,0.0,0.0,0.0,0.0,0,45
2022-23,38,373,600,Ben Knight,MID,Man City,13,4,0,2023-05-28T15:30:00Z,0,0,0,0,0,0,0,0,0.0,0.0,0.0,0.0,0.0,0.0,0.0,0.0,0,45
2022-23,38,375,601,Kaden Rodney,MID,Crystal Palace,7,16,1,2023-05-28T15:30:00Z,0,0,0,0,0,0,0,0,0.0,0.0,0.0,0.0,0.0,0.0,0.0,0.0,0,45
2022-23,38,375,602,Renan Augusto Lodi dos Santos,DEF,Nott'm Forest,16,7,0,2023-05-28T15:30:00Z,45,1,0,0,0,0,0,5,0.0,0.0,0.0,0.0,0.0,0.0,0.0,0.7,1,43
2022-23,38,378,603,Lucas Tolentino Coelho de Lima,MID,West Ham,19,10,0,2023-05-28T15:30:00Z,70,2,0,0,0,2,0,12,0.0,0.0,0.0,0.0,0.02,0.08,0.1,1.39,1,59
2022-23,38,375,604,Killian Phillips,MID,Crystal Palace,7,16,1,2023-05-28T15:30:00Z,0,0,0,0,0,0,0,0,0.0,0.0,0.0,0.0,0.0,0.0,0.0,0.0,0,45
2022-23,38,376,605,Reece Welch,DEF,Everton,8,3,1,2023-05-28T15:30:00Z,0,0,0,0,0,0,0,0,0.0,0.0,0.0,0.0,0.0,0.0,0.0,0.0,0,40
2022-23,38,374,606,Harvey Vale,MID,Chelsea,6,15,1,2023-05-28T15:30:00Z,0,0,0,0,0,0,0,0,0.0,0.0,0.0,0.0,0.0,0.0,0.0,0.0,0,45
2022-23,38,371,607,Matthew Smith,MID,Arsenal,1,20,1,2023-05-28T15:30:00Z,0,0,0,0,0,0,0,0,0.0,0.0,0.0,0.0,0.0,0.0,0.0,0.0,0,44
2022-23,38,371,608,Sasa Kalajdzic,FWD,Wolves,20,1,0,2023-05-28T15:30:00Z,0,0,0,0,0,0,0,0,0.0,0.0,0.0,0.0,0.0,0.0,0.0,0.0,0,53
2022-23,38,379,609,Antony Matheus dos Santos,MID,Man Utd,14,9,1,2023-05-28T15:30:00Z,0,0,0,0,0,0,0,0,0.0,0.0,0.0,0.0,0.0,0.0,0.0,0.0,0,73
2022-23,38,373,610,Manuel Akanji,DEF,Man City,13,4,0,2023-05-28T15:30:00Z,0,0,0,0,0,0,0,0,0.0,0.0,0.0,0.0,0.0,0.0,0.0,0.0,0,51
2022-23,38,376,611,Idrissa Gueye,MID,Everton,8,3,1,2023-05-28T15:30:00Z,90,3,0,0,1,0,0,16,0.0,0.0,0.0,0.0,0.2,0.01,0.21,0.49,1,47
2022-23,38,378,612,Wout Faes,DEF,Leicester,10,19,1,2023-05-28T15:30:00Z,90,10,1,0,0,1,2,31,0.0,0.0,0.0,0.0,0.31,0.0,0.31,1.34,1,42
2022-23,38,379,613,Layvin Kurzawa,DEF,Fulham,9,14,0,2023-05-28T15:30:00Z,0,0,0,0,0,0,0,0,0.0,0.0,0.0,0.0,0.0,0.0,0.0,0.0,0,43
2022-23,38,379,614,Willian Borges da Silva,MID,Fulham,9,14,0,2023-05-28T15:30:00Z,90,5,0,1,0,2,0,25,0.0,0.0,0.0,0.0,0.0,0.41,0.41,2.71,1,55
2022-23,38,379,615,Matej Kovár,GK,Man Utd,14,9,1,2023-05-28T15:30:00Z,0,0,0,0,0,0,0,0,0.0,0.0,0.0,0.0,0.0,0.0,0.0,0.0,0,40
2022-23,38,374,616,Denis Zakaria,MID,Chelsea,6,15,1,2023-05-28T15:30:00Z,0,0,0,0,0,0,0,0,0.0,0.0,0.0,0.0,0.0,0.0,0.0,0.0,0,49
2022-23,38,374,617,Pierre-Emerick Aubameyang,FWD,Chelsea,6,15,1,2023-05-28T15:30:00Z,0,0,0,0,0,0,0,0,0.0,0.0,0.0,0.0,0.0,0.0,0.0,0.0,0,84
2022-23,38,379,618,Carlos Vinícius Alves Morais,FWD,Fulham,9,14,0,2023-05-28T15:30:00Z,10,1,0,0,0,0,0,1,0.0,0.0,0.0,0.0,0.0,0.02,0.02,0.29,0,54
2022-23,38,377,619,Wilfried Gnonto,FWD,Leeds,11,18,1,2023-05-28T15:30:00Z,2,1,0,0,0,1,0,4,0.0,0.0,0.0,0.0,0.0,0.01,0.01,0.32,0,47
2022-23,38,380,620,Arthur Henrique Ramos de Oliveira Melo,MID,Liverpool,12,17,0,2023-05-28T15:30:00Z,0,0,0,0,0,0,0,0,0.0,0.0,0.0,0.0,0.0,0.0,0.0,0.0,0,48
2022-23,38,375,621,Loïc Badé,DEF,Nott'm Forest,16,7,0,2023-05-28T15:30:00Z,0,0,0,0,0,0,0,0,0.0,0.0,0.0,0.0,0.0,0.0,0.0,0.0,0,45
2022-23,38,380,622,Juan Larios López,DEF,Southampton,17,12,1,2023-05-28T15:30:00Z,0,0,0,0,0,0,0,0,0.0,0.0,0.0,0.0,0.0,0.0,0.0,0.0,0,40
2022-23,38,380,623,Duje Caleta-Car,DEF,Southampton,17,12,1,2023-05-28T15:30:00Z,0,0,0,0,0,0,0,0,0.0,0.0,0.0,0.0,0.0,0.0,0.0,0.0,0,44
2022-23,38,380,624,Samuel Edozie,MID,Southampton,17,12,1,2023-05-28T15:30:00Z,0,0,0,0,0,0,0,0,0.0,0.0,0.0,0.0,0.0,0.0,0.0,0.0,0,46
2022-23,38,371,625,Diego Da Silva Costa,FWD,Wolves,20,1,0,2023-05-28T15:30:00Z,0,0,0,0,0,0,0,0,0.0,0.0,0.0,0.0,0.0,0.0,0.0,0.0,0,53
2022-23,38,374,626,Loris Karius,GK,Newcastle,15,6,0,2023-05-28T15:30:00Z,0,0,0,0,0,0,0,0,0.0,0.0,0.0,0.0,0.0,0.0,0.0,0.0,0,39
2022-23,38,376,627,Eldin Jakupovic,GK,Everton,8,3,1,2023-05-28T15:30:00Z,0,0,0,0,0,0,0,0,0.0,0.0,0.0,0.0,0.0,0.0,0.0,0.0,0,40
2022-23,38,375,628,Serge Aurier,DEF,Nott'm Forest,16,7,0,2023-05-28T15:30:00Z,90,2,0,0,0,1,0,6,0.0,0.0,0.0,0.0,0.02,0.12,0.14,1.6,1,43
2022-23,38,371,629,Boubacar Traoré,MID,Wolves,20,1,0,2023-05-28T15:30:00Z,23,1,0,0,0,1,0,3,0.0,0.0,0.0,0.0,0.0,0.0,0.0,0.71,0,43
2022-23,38,371,630,Ethan Nwaneri,MID,Arsenal,1,20,1,2023-05-28T15:30:00Z,0,0,0,0,0,0,0,0,0.0,0.0,0.0,0.0,0.0,0.0,0.0,0.0,0,45
2022-23,38,371,631,Lino Sousa,DEF,Arsenal,1,20,1,2023-05-28T15:30:00Z,0,0,0,0,0,0,0,0,0.0,0.0,0.0,0.0,0.0,0.0,0.0,0.0,0,40
2022-23,38,373,632,Ryan Trevitt,MID,Brentford,4,13,1,2023-05-28T15:30:00Z,0,0,0,0,0,0,0,0,0.0,0.0,0.0,0.0,0.0,0.0,0.0,0.0,0,44
2022-23,38,373,633,Matthew Cox,GK,Brentford,4,13,1,2023-05-28T15:30:00Z,0,0,0,0,0,0,0,0,0.0,0.0,0.0,0.0,0.0,0.0,0.0,0.0,0,39
2022-23,38,375,634,John-Kymani Gordon,FWD,Crystal Palace,7,16,1,2023-05-28T15:30:00Z,0,0,0,0,0,0,0,0,0.0,0.0,0.0,0.0,0.0,0.0,0.0,0.0,0,45
2022-23,38,374,635,Marcus Bettinelli,GK,Chelsea,6,15,1,2023-05-28T15:30:00Z,0,0,0,0,0,0,0,0,0.0,0.0,0.0,0.0,0.0,0.0,0.0,0.0,0,40
2022-23,38,379,636,Stefan Parkes,DEF,Fulham,9,14,0,2023-05-28T15:30:00Z,0,0,0,0,0,0,0,0,0.0,0.0,0.0,0.0,0.0,0.0,0.0,0.0,0,40
2022-23,38,376,637,Kyle John,DEF,Everton,8,3,1,2023-05-28T15:30:00Z,0,0,0,0,0,0,0,0,0.0,0.0,0.0,0.0,0.0,0.0,0.0,0.0,0,39
2022-23,38,372,638,Lamare Bogarde,DEF,Aston Villa,2,5,1,2023-05-28T15:30:00Z,0,0,0,0,0,0,0,0,0.0,0.0,0.0,0.0,0.0,0.0,0.0,0.0,0,40
2022-23,38,378,639,Sammy Braybrooke,MID,Leicester,10,19,1,2023-05-28T15:30:00Z,0,0,0,0,0,0,0,0,0.0,0.0,0.0,0.0,0.0,0.0,0.0,0.0,0,45
2022-23,38,372,640,Ed Turns,DEF,Brighton,5,2,0,2023-05-28T15:30:00Z,0,0,0,0,0,0,0,0,0.0,0.0,0.0,0.0,0.0,0.0,0.0,0.0,0,40
2022-23,38,379,641,Martial Godo,MID,Fulham,9,14,0,2023-05-28T15:30:00Z,0,0,0,0,0,0,0,0,0.0,0.0,0.0,0.0,0.0,0.0,0.0,0.0,0,45
2022-23,38,375,642,Kofi Balmer,DEF,Crystal Palace,7,16,1,2023-05-28T15:30:00Z,0,0,0,0,0,0,0,0,0.0,0.0,0.0,0.0,0.0,0.0,0.0,0.0,0,40
2022-23,38,379,643,Kobbie Mainoo,MID,Man Utd,14,9,1,2023-05-28T15:30:00Z,0,0,0,0,0,0,0,0,0.0,0.0,0.0,0.0,0.0,0.0,0.0,0.0,0,45
2022-23,38,375,644,Owen Goodman,GK,Crystal Palace,7,16,1,2023-05-28T15:30:00Z,0,0,0,0,0,0,0,0,0.0,0.0,0.0,0.0,0.0,0.0,0.0,0.0,0,40
2022-23,38,378,645,Joe Wormleighton,DEF,Leicester,10,19,1,2023-05-28T15:30:00Z,0,0,0,0,0,0,0,0,0.0,0.0,0.0,0.0,0.0,0.0,0.0,0.0,0,40
2022-23,38,373,646,Tristan Crama,DEF,Brentford,4,13,1,2023-05-28T15:30:00Z,0,0,0,0,0,0,0,0,0.0,0.0,0.0,0.0,0.0,0.0,0.0,0.0,0,40
2022-23,38,380,647,Lewis Payne,MID,Southampton,17,12,1,2023-05-28T15:30:00Z,0,0,0,0,0,0,0,0,0.0,0.0,0.0,0.0,0.0,0.0,0.0,0.0,0,45
2022-23,38,380,648,Ryan Finnigan,MID,Southampton,17,12,1,2023-05-28T15:30:00Z,0,0,0,0,0,0,0,0,0.0,0.0,0.0,0.0,0.0,0.0,0.0,0.0,0,45
2022-23,38,376,649,Cameron Plain,GK,Bournemouth,3,8,0,2023-05-28T15:30:00Z,0,0,0,0,0,0,0,0,0.0,0.0,0.0,0.0,0.0,0.0,0.0,0.0,0,40
2022-23,38,373,650,Yegor Yarmolyuk,MID,Brentford,4,13,1,2023-05-28T15:30:00Z,0,0,0,0,0,0,0,0,0.0,0.0,0.0,0.0,0.0,0.0,0.0,0.0,0,45
2022-23,38,372,651,Andrew Moran,MID,Brighton,5,2,0,2023-05-28T15:30:00Z,0,0,0,0,0,0,0,0,0.0,0.0,0.0,0.0,0.0,0.0,0.0,0.0,0,45
2022-23,38,372,652,James Furlong,DEF,Brighton,5,2,0,2023-05-28T15:30:00Z,0,0,0,0,0,0,0,0,0.0,0.0,0.0,0.0,0.0,0.0,0.0,0.0,0,40
2022-23,38,374,653,Omari Hutchinson,MID,Chelsea,6,15,1,2023-05-28T15:30:00Z,0,0,0,0,0,0,0,0,0.0,0.0,0.0,0.0,0.0,0.0,0.0,0.0,0,42
2022-23,38,375,654,Jack Wells-Morrison,MID,Crystal Palace,7,16,1,2023-05-28T15:30:00Z,0,0,0,0,0,0,0,0,0.0,0.0,0.0,0.0,0.0,0.0,0.0,0.0,0,45
2022-23,38,371,655,Karl Hein,GK,Arsenal,1,20,1,2023-05-28T15:30:00Z,0,0,0,0,0,0,0,0,0.0,0.0,0.0,0.0,0.0,0.0,0.0,0.0,0,39
2022-23,38,379,656,Nathan Bishop,GK,Man Utd,14,9,1,2023-05-28T15:30:00Z,0,0,0,0,0,0,0,0,0.0,0.0,0.0,0.0,0.0,0.0,0.0,0.0,0,40
2022-23,38,371,657,Nathan Fraser,FWD,Wolves,20,1,0,2023-05-28T15:30:00Z,0,0,0,0,0,0,0,0,0.0,0.0,0.0,0.0,0.0,0.0,0.0,0.0,0,45
2022-23,38,371,658,Harvey Griffiths,MID,Wolves,20,1,0,2023-05-28T15:30:00Z,0,0,0,0,0,0,0,0,0.0,0.0,0.0,0.0,0.0,0.0,0.0,0.0,0,44
2022-23,38,377,659,Mateo Joseph Fernández,FWD,Leeds,11,18,1,2023-05-28T15:30:00Z,0,0,0,0,0,0,0,0,0.0,0.0,0.0,0.0,0.0,0.0,0.0,0.0,0,45
2022-23,38,379,660,Shola Shoretire,FWD,Man Utd,14,9,1,2023-05-28T15:30:00Z,0,0,0,0,0,0,0,0,0.0,0.0,0.0,0.0,0.0,0.0,0.0,0.0,0,45
2022-23,38,374,661,Lewis Hall,MID,Chelsea,6,15,1,2023-05-28T15:30:00Z,90,2,0,0,0,1,0,18,0.0,0.0,0.0,0.0,0.05,0.42,0.47,1.7,1,43
2022-23,38,376,662,Thomas Cannon,FWD,Everton,8,3,1,2023-05-28T15:30:00Z,0,0,0,0,0,0,0,0,0.0,0.0,0.0,0.0,0.0,0.0,0.0,0.0,0,45
2022-23,38,377,663,Sonny Perkins,FWD,Leeds,11,18,1,2023-05-28T15:30:00Z,0,0,0,0,0,0,0,0,0.0,0.0,0.0,0.0,0.0,0.0,0.0,0.0,0,45
2022-23,38,371,664,Dexter Lembikisa,DEF,Wolves,20,1,0,2023-05-28T15:30:00Z,0,0,0,0,0,0,0,0,0.0,0.0,0.0,0.0,0.0,0.0,0.0,0.0,0,40
2022-23,38,380,665,Ben Doak,MID,Liverpool,12,17,0,2023-05-28T15:30:00Z,0,0,0,0,0,0,0,0,0.0,0.0,0.0,0.0,0.0,0.0,0.0,0.0,0,45
2022-23,38,375,666,Dale Taylor,FWD,Nott'm Forest,16,7,0,2023-05-28T15:30:00Z,0,0,0,0,0,0,0,0,0.0,0.0,0.0,0.0,0.0,0.0,0.0,0.0,0,45
2022-23,38,379,667,Kristian Sekularac,MID,Fulham,9,14,0,2023-05-28T15:30:00Z,0,0,0,0,0,0,0,0,0.0,0.0,0.0,0.0,0.0,0.0,0.0,0.0,0,45
2022-23,38,371,668,Amario Cozier-Duberry,MID,Arsenal,1,20,1,2023-05-28T15:30:00Z,0,0,0,0,0,0,0,0,0.0,0.0,0.0,0.0,0.0,0.0,0.0,0.0,0,45
2022-23,38,378,669,Divin Mubama,FWD,West Ham,19,10,0,2023-05-28T15:30:00Z,0,0,0,0,0,0,0,0,0.0,0.0,0.0,0.0,0.0,0.0,0.0,0.0,0,45
2022-23,38,372,670,Filip Marschall,GK,Aston Villa,2,5,1,2023-05-28T15:30:00Z,0,0,0,0,0,0,0,0,0.0,0.0,0.0,0.0,0.0,0.0,0.0,0.0,0,40
2022-23,38,380,671,Jimmy Morgan,FWD,Southampton,17,12,1,2023-05-28T15:30:00Z,0,0,0,0,0,0,0,0,0.0,0.0,0.0,0.0,0.0,0.0,0.0,0.0,0,45
2022-23,38,372,672,Kadan Young,MID,Aston Villa,2,5,1,2023-05-28T15:30:00Z,0,0,0,0,0,0,0,0,0.0,0.0,0.0,0.0,0.0,0.0,0.0,0.0,0,45
2022-23,38,374,673,Bashir Humphreys,DEF,Chelsea,6,15,1,2023-05-28T15:30:00Z,0,0,0,0,0,0,0,0,0.0,0.0,0.0,0.0,0.0,0.0,0.0,0.0,0,45
2022-23,38,379,674,Rhys Bennett,DEF,Man Utd,14,9,1,2023-05-28T15:30:00Z,0,0,0,0,0,0,0,0,0.0,0.0,0.0,0.0,0.0,0.0,0.0,0.0,0,40
2022-23,38,375,675,Jordan Smith,GK,Nott'm Forest,16,7,0,2023-05-28T15:30:00Z,0,0,0,0,0,0,0,0,0.0,0.0,0.0,0.0,0.0,0.0,0.0,0.0,0,40
2022-23,38,375,676,David Ozoh,MID,Crystal Palace,7,16,1,2023-05-28T15:30:00Z,0,0,0,0,0,0,0,0,0.0,0.0,0.0,0.0,0.0,0.0,0.0,0.0,0,45
2022-23,38,372,677,Jack Hinshelwood,MID,Brighton,5,2,0,2023-05-28T15:30:00Z,1,1,0,0,0,0,0,3,0.0,0.0,0.0,0.0,0.0,0.0,0.0,0.23,0,45
2022-23,38,376,678,Isaac Price,MID,Everton,8,3,1,2023-05-28T15:30:00Z,0,0,0,0,0,0,0,0,0.0,0.0,0.0,0.0,0.0,0.0,0.0,0.0,0,45
2022-23,38,372,679,Facundo Buonanotte,MID,Brighton,5,2,0,2023-05-28T15:30:00Z,90,1,0,0,0,2,0,3,0.0,0.0,0.0,0.0,0.0,0.01,0.01,2.82,1,45
2022-23,38,380,680,Cody Gakpo,MID,Liverpool,12,17,0,2023-05-28T15:30:00Z,33,6,1,0,0,1,0,25,0.0,0.0,0.0,0.0,1.06,0.17,1.23,0.23,0,76
2022-23,38,375,681,Gustavo Henrique Furtado Scarpa,MID,Nott'm Forest,16,7,0,2023-05-28T15:30:00Z,0,0,0,0,0,0,0,0,0.0,0.0,0.0,0.0,0.0,0.0,0.0,0.0,0,46
2022-23,38,371,682,Matheus Santos Carneiro Da Cunha,FWD,Wolves,20,1,0,2023-05-28T15:30:00Z,0,0,0,0,0,0,0,0,0.0,0.0,0.0,0.0,0.0,0.0,0.0,0.0,0,53
2022-23,38,374,683,Garang Kuol,MID,Newcastle,15,6,0,2023-05-28T15:30:00Z,0,0,0,0,0,0,0,0,0.0,0.0,0.0,0.0,0.0,0.0,0.0,0.0,0,45
2022-23,38,374,684,David Datro Fofana,FWD,Chelsea,6,15,1,2023-05-28T15:30:00Z,0,0,0,0,0,0,0,0,0.0,0.0,0.0,0.0,0.0,0.0,0.0,0.0,0,50
2022-23,38,371,685,Nathan Butler-Oyedeji,FWD,Arsenal,1,20,1,2023-05-28T15:30:00Z,0,0,0,0,0,0,0,0,0.0,0.0,0.0,0.0,0.0,0.0,0.0,0.0,0,45
2022-23,38,376,686,Ellis Simms,FWD,Everton,8,3,1,2023-05-28T15:30:00Z,3,1,0,0,0,0,0,3,0.0,0.0,0.0,0.0,0.0,0.0,0.0,0.05,0,45
2022-23,38,378,687,Kasey McAteer,MID,Leicester,10,19,1,2023-05-28T15:30:00Z,0,0,0,0,0,0,0,0,0.0,0.0,0.0,0.0,0.0,0.0,0.0,0.0,0,45
2022-23,38,373,688,Kevin Schade,MID,Brentford,4,13,1,2023-05-28T15:30:00Z,20,1,0,0,0,0,0,3,0.0,0.0,0.0,0.0,0.0,0.03,0.03,0.07,0,49
2022-23,38,374,689,Benoît Badiashile,DEF,Chelsea,6,15,1,2023-05-28T15:30:00Z,0,0,0,0,0,0,0,0,0.0,0.0,0.0,0.0,0.0,0.0,0.0,0.0,0,50
2022-23,38,374,690,João Félix Sequeira,FWD,Chelsea,6,15,1,2023-05-28T15:30:00Z,31,1,0,0,0,0,0,-5,0.0,0.0,0.0,0.0,0.61,0.05,0.66,0.08,0,71
2022-23,38,377,691,Maximilian Wöber,DEF,Leeds,11,18,1,2023-05-28T15:30:00Z,59,-1,0,0,0,2,0,2,0.0,0.0,0.0,0.0,0.19,0.04,0.23,0.81,1,44
2022-23,38,380,692,Mislav Orsic,MID,Southampton,17,12,1,2023-05-28T15:30:00Z,0,0,0,0,0,0,0,0,0.0,0.0,0.0,0.0,0.0,0.0,0.0,0.0,0,51
2022-23,38,380,693,Carlos Alcaraz,MID,Southampton,17,12,1,2023-05-28T15:30:00Z,90,5,0,1,0,4,0,16,0.0,0.0,0.0,0.0,0.08,0.09,0.17,3.85,1,50
2022-23,38,372,694,Alexandre Moreno Lopera,DEF,Aston Villa,2,5,1,2023-05-28T15:30:00Z,0,0,0,0,0,0,0,0,0.0,0.0,0.0,0.0,0.0,0.0,0.0,0.0,0,45
2022-23,38,376,695,Daniel Adu-Adjei,FWD,Bournemouth,3,8,0,2023-05-28T15:30:00Z,0,0,0,0,0,0,0,0,0.0,0.0,0.0,0.0,0.0,0.0,0.0,0.0,0,45
2022-23,38,376,696,Michael Dacosta Gonzalez,MID,Bournemouth,3,8,0,2023-05-28T15:30:00Z,0,0,0,0,0,0,0,0,0.0,0.0,0.0,0.0,0.0,0.0,0.0,0.0,0,44
2022-23,38,376,697,Dominic Sadi,FWD,Bournemouth,3,8,0,2023-05-28T15:30:00Z,0,0,0,0,0,0,0,0,0.0,0.0,0.0,0.0,0.0,0.0,0.0,0.0,0,45
2022-23,38,371,698,Mario Lemina,MID,Wolves,20,1,0,2023-05-28T15:30:00Z,90,2,0,0,0,5,0,14,0.0,0.0,0.0,0.0,0.0,0.0,0.0,2.39,1,45
2022-23,38,374,699,Mykhailo Mudryk,MID,Chelsea,6,15,1,2023-05-28T15:30:00Z,0,0,0,0,0,0,0,0,0.0,0.0,0.0,0.0,0.0,0.0,0.0,0.0,0,64
2022-23,38,377,700,Georginio Rutter,FWD,Leeds,11,18,1,2023-05-28T15:30:00Z,30,4,0,1,0,2,0,13,0.0,0.0,0.0,0.0,0.1,0.06,0.16,1.32,0,50
2022-23,38,379,701,Wout Weghorst,FWD,Man Utd,14,9,1,2023-05-28T15:30:00Z,13,1,0,0,0,0,0,-2,0.0,0.0,0.0,0.0,0.24,0.0,0.24,0.11,0,54
2022-23,38,374,702,Andrey Nascimento dos Santos,MID,Chelsea,6,15,1,2023-05-28T15:30:00Z,0,0,0,0,0,0,0,0,0.0,0.0,0.0,0.0,0.0,0.0,0.0,0.0,0,45
2022-23,38,375,703,Danilo dos Santos de Oliveira,MID,Nott'm Forest,16,7,0,2023-05-28T15:30:00Z,0,0,0,0,0,0,0,0,0.0,0.0,0.0,0.0,0.0,0.0,0.0,0.0,0,45
2022-23,38,371,704,Pablo Sarabia,MID,Wolves,20,1,0,2023-05-28T15:30:00Z,0,0,0,0,0,0,0,0,0.0,0.0,0.0,0.0,0.0,0.0,0.0,0.0,0,49
2022-23,38,376,705,Dango Ouattara,MID,Bournemouth,3,8,0,2023-05-28T15:30:00Z,90,2,0,0,0,1,0,4,0.0,0.0,0.0,0.0,0.06,0.01,0.07,1.0,1,50
2022-23,38,376,706,Euan Pollock,FWD,Bournemouth,3,8,0,2023-05-28T15:30:00Z,0,0,0,0,0,0,0,0,0.0,0.0,0.0,0.0,0.0,0.0,0.0,0.0,0,45
2022-23,38,372,707,Viljami Sinisalo,GK,Aston Villa,2,5,1,2023-05-28T15:30:00Z,0,0,0,0,0,0,0,0,0.0,0.0,0.0,0.0,0.0,0.0,0.0,0.0,0,40
2022-23,38,374,708,Noni Madueke,MID,Chelsea,6,15,1,2023-05-28T15:30:00Z,87,3,0,0,0,1,1,20,0.0,0.0,0.0,0.0,0.13,0.13,0.26,1.7,1,54
2022-23,38,378,709,Victor Kristiansen,DEF,Leicester,10,19,1,2023-05-28T15:30:00Z,0,0,0,0,0,0,0,0,0.0,0.0,0.0,0.0,0.0,0.0,0.0,0.0,0,45
2022-23,38,371,710,Jakub Kiwior,DEF,Arsenal,1,20,1,2023-05-28T15:30:00Z,79,13,1,0,1,0,1,36,0.0,0.0,0.0,0.0,0.1,0.0,0.1,0.32,1,40
2022-23,38,372,711,Jhon Durán,FWD,Aston Villa,2,5,1,2023-05-28T15:30:00Z,0,0,0,0,0,0,0,0,0.0,0.0,0.0,0.0,0.0,0.0,0.0,0.0,0,55
2022-23,38,373,712,Máximo Perrone,MID,Man City,13,4,0,2023-05-28T15:30:00Z,0,0,0,0,0,0,0,0,0.0,0.0,0.0,0.0,0.0,0.0,0.0,0.0,0,44
2022-23,38,377,713,Arnaut Danjuma,MID,Spurs,18,11,0,2023-05-28T15:30:00Z,0,0,0,0,0,0,0,0,0.0,0.0,0.0,0.0,0.0,0.0,0.0,0.0,0,61
2022-23,38,376,714,Antoine Semenyo,FWD,Bournemouth,3,8,0,2023-05-28T15:30:00Z,0,0,0,0,0,0,0,0,0.0,0.0,0.0,0.0,0.0,0.0,0.0,0.0,0,50
2022-23,38,378,715,Mateus Cardoso Lemos Martins,MID,Leicester,10,19,1,2023-05-28T15:30:00Z,0,0,0,0,0,0,0,0,0.0,0.0,0.0,0.0,0.0,0.0,0.0,0.0,0,49
2022-23,38,380,716,James Bree,DEF,Southampton,17,12,1,2023-05-28T15:30:00Z,90,0,0,0,0,4,0,11,0.0,0.0,0.0,0.0,0.03,0.0,0.03,3.85,1,45
2022-23,38,371,717,Daniel Bentley,GK,Wolves,20,1,0,2023-05-28T15:30:00Z,0,0,0,0,0,0,0,0,0.0,0.0,0.0,0.0,0.0,0.0,0.0,0.0,0,40
2022-23,38,376,718,Matías Viña,DEF,Bournemouth,3,8,0,2023-05-28T15:30:00Z,34,1,0,0,0,1,0,5,0.0,0.0,0.0,0.0,0.05,0.0,0.05,0.28,0,45
2022-23,38,372,719,Yasin Ayari,MID,Brighton,5,2,0,2023-05-28T15:30:00Z,45,1,0,0,0,2,0,5,0.0,0.0,0.0,0.0,0.0,0.0,0.0,1.35,1,45
2022-23,38,377,720,Weston McKennie,MID,Leeds,11,18,1,2023-05-28T15:30:00Z,59,1,0,0,0,2,0,0,0.0,0.0,0.0,0.0,0.11,0.02,0.13,0.81,1,46
2022-23,38,371,721,João Victor Gomes da Silva,MID,Wolves,20,1,0,2023-05-28T15:30:00Z,84,2,0,0,0,5,0,6,0.0,0.0,0.0,0.0,0.0,0.01,0.01,2.37,1,45
2022-23,38,376,722,Illia Zabarnyi,DEF,Bournemouth,3,8,0,2023-05-28T15:30:00Z,90,2,0,0,0,1,0,16,0.0,0.0,0.0,0.0,0.0,0.0,0.0,1.0,1,45
2022-23,38,376,723,Hamed Traorè,MID,Bournemouth,3,8,0,2023-05-28T15:30:00Z,0,0,0,0,0,0,0,0,0.0,0.0,0.0,0.0,0.0,0.0,0.0,0.0,0,45
2022-23,38,374,724,Enzo Fernández,MID,Chelsea,6,15,1,2023-05-28T15:30:00Z,90,2,0,0,0,1,0,15,0.0,0.0,0.0,0.0,0.06,0.07,0.13,1.7,1,50
2022-23,38,375,725,Naouirou Ahamada,MID,Crystal Palace,7,16,1,2023-05-28T15:30:00Z,1,1,0,0,0,0,0,2,0.0,0.0,0.0,0.0,0.0,0.0,0.0,0.0,0,45
2022-23,38,379,726,Sasa Lukic,MID,Fulham,9,14,0,2023-05-28T15:30:00Z,65,2,0,0,0,2,0,9,0.0,0.0,0.0,0.0,0.02,0.02,0.04,2.04,1,45
2022-23,38,378,727,Harry Souttar,DEF,Leicester,10,19,1,2023-05-28T15:30:00Z,0,0,0,0,0,0,0,0,0.0,0.0,0.0,0.0,0.0,0.0,0.0,0.0,0,45
2022-23,38,379,728,Marcel Sabitzer,MID,Man Utd,14,9,1,2023-05-28T15:30:00Z,0,0,0,0,0,0,0,0,0.0,0.0,0.0,0.0,0.0,0.0,0.0,0.0,0,47
2022-23,38,375,729,Keylor Navas,GK,Nott'm Forest,16,7,0,2023-05-28T15:30:00Z,0,0,0,0,0,0,0,0,0.0,0.0,0.0,0.0,0.0,0.0,0.0,0.0,0,45
2022-23,38,375,730,Felipe Augusto de Almeida Monteiro,DEF,Nott'm Forest,16,7,0,2023-05-28T15:30:00Z,0,0,0,0,0,0,0,0,0.0,0.0,0.0,0.0,0.0,0.0,0.0,0.0,0,45
2022-23,38,380,731,Kamaldeen Sulemana,MID,Southampton,17,12,1,2023-05-28T15:30:00Z,85,14,2,0,0,4,2,44,0.0,0.0,0.0,0.0,0.63,0.02,0.65,3.24,1,49
2022-23,38,380,732,Paul Onuachu,FWD,Southampton,17,12,1,2023-05-28T15:30:00Z,0,0,0,0,0,0,0,0,0.0,0.0,0.0,0.0,0.0,0.0,0.0,0.0,0,53
2022-23,38,377,733,Pedro Porro,DEF,Spurs,18,11,0,2023-05-28T15:30:00Z,90,13,1,1,0,1,2,41,0.0,0.0,0.0,0.0,0.22,0.23,0.45,1.5,1,48
2022-23,38,375,734,André Ayew,MID,Nott'm Forest,16,7,0,2023-05-28T15:30:00Z,1,1,0,0,0,0,0,3,0.0,0.0,0.0,0.0,0.0,0.0,0.0,0.17,0,50
2022-23,38,378,735,Wanya Marçal-Madivadua,MID,Leicester,10,19,1,2023-05-28T15:30:00Z,0,0,0,0,0,0,0,0,0.0,0.0,0.0,0.0,0.0,0.0,0.0,0.0,0,45
2022-23,38,372,736,Odeluga Offiah,DEF,Brighton,5,2,0,2023-05-28T15:30:00Z,0,0,0,0,0,0,0,0,0.0,0.0,0.0,0.0,0.0,0.0,0.0,0.0,0,40
2022-23,38,376,737,Ben Greenwood,DEF,Bournemouth,3,8,0,2023-05-28T15:30:00Z,0,0,0,0,0,0,0,0,0.0,0.0,0.0,0.0,0.0,0.0,0.0,0.0,0,40
2022-23,38,376,738,Max Kinsey-Wellings,DEF,Bournemouth,3,8,0,2023-05-28T15:30:00Z,0,0,0,0,0,0,0,0,0.0,0.0,0.0,0.0,0.0,0.0,0.0,0.0,0,40
2022-23,38,378,739,Joseph Anang,GK,West Ham,19,10,0,2023-05-28T15:30:00Z,0,0,0,0,0,0,0,0,0.0,0.0,0.0,0.0,0.0,0.0,0.0,0.0,0,40
2022-23,38,378,740,Krisztián Hegyi,GK,West Ham,19,10,0,2023-05-28T15:30:00Z,0,0,0,0,0,0,0,0,0.0,0.0,0.0,0.0,0.0,0.0,0.0,0.0,0,39
2022-23,38,374,741,Lewis Miley,MID,Newcastle,15,6,0,2023-05-28T15:30:00Z,14,1,0,0,0,0,0,2,0.0,0.0,0.0,0.0,0.08,0.0,0.08,0.87,0,45
2022-23,38,377,742,Jeremiah Chilokoa-Mullen,DEF,Leeds,11,18,1,2023-05-28T15:30:00Z,0,0,0,0,0,0,0,0,0.0,0.0,0.0,0.0,0.0,0.0,0.0,0.0,0,40
2022-23,38,377,743,Diogo Pinheiro Monteiro,DEF,Leeds,11,18,1,2023-05-28T15:30:00Z,0,0,0,0,0,0,0,0,0.0,0.0,0.0,0.0,0.0,0.0,0.0,0.0,0,40
2022-23,38,372,744,Sil Swinkels,DEF,Aston Villa,2,5,1,2023-05-28T15:30:00Z,0,0,0,0,0,0,0,0,0.0,0.0,0.0,0.0,0.0,0.0,0.0,0.0,0,40
2022-23,38,372,745,Oliwier Zych,GK,Aston Villa,2,5,1,2023-05-28T15:30:00Z,0,0,0,0,0,0,0,0,0.0,0.0,0.0,0.0,0.0,0.0,0.0,0.0,0,40
2022-23,38,378,746,Kaelan Casey,DEF,West Ham,19,10,0,2023-05-28T15:30:00Z,0,0,0,0,0,0,0,0,0.0,0.0,0.0,0.0,0.0,0.0,0.0,0.0,0,40
2022-23,38,379,747,George Wickens,GK,Fulham,9,14,0,2023-05-28T15:30:00Z,0,0,0,0,0,0,0,0,0.0,0.0,0.0,0.0,0.0,0.0,0.0,0.0,0,40
2022-23,38,377,748,Romaine Mundle,MID,Spurs,18,11,0,2023-05-28T15:30:00Z,0,0,0,0,0,0,0,0,0.0,0.0,0.0,0.0,0.0,0.0,0.0,0.0,0,45
2022-23,38,375,749,George Shelvey,GK,Nott'm Forest,16,7,0,2023-05-28T15:30:00Z,0,0,0,0,0,0,0,0,0.0,0.0,0.0,0.0,0.0,0.0,0.0,0.0,0,40
2022-23,38,379,750,Charlie Robinson,DEF,Fulham,9,14,0,2023-05-28T15:30:00Z,0,0,0,0,0,0,0,0,0.0,0.0,0.0,0.0,0.0,0.0,0.0,0.0,0,40
2022-23,38,371,751,Reuell Walters,DEF,Arsenal,1,20,1,2023-05-28T15:30:00Z,0,0,0,0,0,0,0,0,0.0,0.0,0.0,0.0,0.0,0.0,0.0,0.0,0,40
2022-23,38,373,752,Michael Olakigbe,MID,Brentford,4,13,1,2023-05-28T15:30:00Z,0,0,0,0,0,0,0,0,0.0,0.0,0.0,0.0,0.0,0.0,0.0,0.0,0,45
2022-23,38,372,753,James Wright,GK,Aston Villa,2,5,1,2023-05-28T15:30:00Z,0,0,0,0,0,0,0,0,0.0,0.0,0.0,0.0,0.0,0.0,0.0,0.0,0,40
2022-23,38,372,754,Sebastian Revan,DEF,Aston Villa,2,5,1,2023-05-28T15:30:00Z,0,0,0,0,0,0,0,0,0.0,0.0,0.0,0.0,0.0,0.0,0.0,0.0,0,40
2022-23,38,372,755,Travis Patterson,MID,Aston Villa,2,5,1,2023-05-28T15:30:00Z,0,0,0,0,0,0,0,0,0.0,0.0,0.0,0.0,0.0,0.0,0.0,0.0,0,45
2022-23,38,372,756,Tom McGill,GK,Brighton,5,2,0,2023-05-28T15:30:00Z,0,0,0,0,0,0,0,0,0.0,0.0,0.0,0.0,0.0,0.0,0.0,0.0,0,40
2022-23,38,376,757,Ishé Samuels-Smith,DEF,Everton,8,3,1,2023-05-28T15:30:00Z,0,0,0,0,0,0,0,0,0.0,0.0,0.0,0.0,0.0,0.0,0.0,0.0,0,40
2022-23,38,377,758,George Abbott,MID,Spurs,18,11,0,2023-05-28T15:30:00Z,1,1,0,0,0,0,0,3,0.0,0.0,0.0,0.0,0.0,0.0,0.0,0.0,0,45
2022-23,38,379,759,Marc Jurado Gomez,DEF,Man Utd,14,9,1,2023-05-28T15:30:00Z,0,0,0,0,0,0,0,0,0.0,0.0,0.0,0.0,0.0,0.0,0.0,0.0,0,40
2022-23,38,376,760,Andy Lonergan,GK,Everton,8,3,1,2023-05-28T15:30:00Z,0,0,0,0,0,0,0,0,0.0,0.0,0.0,0.0,0.0,0.0,0.0,0.0,0,40
2022-23,38,372,761,Tommi O'Reilly,MID,Aston Villa,2,5,1,2023-05-28T15:30:00Z,0,0,0,0,0,0,0,0,0.0,0.0,0.0,0.0,0.0,0.0,0.0,0.0,0,45
2022-23,38,372,762,Cameron Peupion,MID,Brighton,5,2,0,2023-05-28T15:30:00Z,0,0,0,0,0,0,0,0,0.0,0.0,0.0,0.0,0.0,0.0,0.0,0.0,0,45
2022-23,38,379,763,Matthew Dibley-Dias,MID,Fulham,9,14,0,2023-05-28T15:30:00Z,0,0,0,0,0,0,0,0,0.0,0.0,0.0,0.0,0.0,0.0,0.0,0.0,0,45
2022-23,38,377,764,Matthew Craig,MID,Spurs,18,11,0,2023-05-28T15:30:00Z,13,1,0,0,0,0,0,3,0.0,0.0,0.0,0.0,0.0,0.0,0.0,0.1,0,45
2022-23,38,372,765,Imari Samuels,DEF,Brighton,5,2,0,2023-05-28T15:30:00Z,0,0,0,0,0,0,0,0,0.0,0.0,0.0,0.0,0.0,0.0,0.0,0.0,0,40
2022-23,38,375,766,Tayo Adaramola,DEF,Crystal Palace,7,16,1,2023-05-28T15:30:00Z,0,0,0,0,0,0,0,0,0.0,0.0,0.0,0.0,0.0,0.0,0.0,0.0,0,40
2022-23,38,371,767,Mauro Bandeira,MID,Arsenal,1,20,1,2023-05-28T15:30:00Z,0,0,0,0,0,0,0,0,0.0,0.0,0.0,0.0,0.0,0.0,0.0,0.0,0,45
2022-23,38,376,768,Sean McAllister,MID,Everton,8,3,1,2023-05-28T15:30:00Z,0,0,0,0,0,0,0,0,0.0,0.0,0.0,0.0,0.0,0.0,0.0,0.0,0,45
2022-23,38,380,769,Kamari Doyle,MID,Southampton,17,12,1,2023-05-28T15:30:00Z,0,0,0,0,0,0,0,0,0.0,0.0,0.0,0.0,0.0,0.0,0.0,0.0,0,45
2022-23,38,380,770,Dominic Ballard,FWD,Southampton,17,12,1,2023-05-28T15:30:00Z,4,1,0,0,0,0,0,1,0.0,0.0,0.0,0.0,0.0,0.0,0.0,0.61,0,45
2022-23,38,374,771,Ethan Wady,GK,Chelsea,6,15,1,2023-05-28T15:30:00Z,0,0,0,0,0,0,0,0,0.0,0.0,0.0,0.0,0.0,0.0,0.0,0.0,0,40
2022-23,38,373,772,Alex Robertson,MID,Man City,13,4,0,2023-05-28T15:30:00Z,0,0,0,0,0,0,0,0,0.0,0.0,0.0,0.0,0.0,0.0,0.0,0.0,0,45
2022-23,38,373,773,Shea Charles,MID,Man City,13,4,0,2023-05-28T15:30:00Z,27,1,0,0,0,1,0,3,0.0,0.0,0.0,0.0,0.0,0.0,0.0,0.05,0,45
2022-23,38,373,774,Nico O'Reilly,MID,Man City,13,4,0,2023-05-28T15:30:00Z,0,0,0,0,0,0,0,0,0.0,0.0,0.0,0.0,0.0,0.0,0.0,0.0,0,45
2022-23,38,374,775,Alfie Gilchrist,DEF,Chelsea,6,15,1,2023-05-28T15:30:00Z,0,0,0,0,0,0,0,0,0.0,0.0,0.0,0.0,0.0,0.0,0.0,0.0,0,40
2022-23,38,374,776,Mark Gillespie,GK,Newcastle,15,6,0,2023-05-28T15:30:00Z,0,0,0,0,0,0,0,0,0.0,0.0,0.0,0.0,0.0,0.0,0.0,0.0,0,40
2022-23,38,377,777,Yago de Santiago Alonso,MID,Spurs,18,11,0,2023-05-28T15:30:00Z,0,0,0,0,0,0,0,0,0.0,0.0,0.0,0.0,0.0,0.0,0.0,0.0,0,45
2022-23,38,380,778,Samuel Amo-Ameyaw,MID,Southampton,17,12,1,2023-05-28T15:30:00Z,3,1,0,0,0,0,0,6,0.0,0.0,0.0,0.0,0.0,0.0,0.0,0.61,0,45
