season,gw,fixture,element,name,position,team,team_id,opponent_team,was_home,kickoff_time,minutes,total_points,goals_scored,assists,clean_sheets,goals_conceded,bonus,bps,influence,creativity,threat,ict_index,expected_goals,expected_assists,expected_goal_involvements,expected_goals_conceded,starts,value
2025-26,20,192,1,David Raya Martín,GK,Arsenal,1,4,0,2026-01-03T17:30:00Z,90,1,0,0,0,2,0,3,7.2,0.0,0.0,0.7,0.0,0.0,0.0,1.43,1,60
2025-26,20,192,2,Kepa Arrizabalaga Revuelta,GK,Arsenal,1,4,0,2026-01-03T17:30:00Z,0,0,0,0,0,0,0,0,0.0,0.0,0.0,0.0,0.0,0.0,0.0,0.0,0,41
2025-26,20,192,3,Karl Hein,GK,Arsenal,1,4,0,2026-01-03T17:30:00Z,0,0,0,0,0,0,0,0,0.0,0.0,0.0,0.0,0.0,0.0,0.0,0.0,0,40
2025-26,20,192,4,Tommy Setford,GK,Arsenal,1,4,0,2026-01-03T17:30:00Z,0,0,0,0,0,0,0,0,0.0,0.0,0.0,0.0,0.0,0.0,0.0,0.0,0,39
2025-26,20,192,5,Gabriel dos Santos Magalhães,DEF,Arsenal,1,4,0,2026-01-03T17:30:00Z,90,9,1,0,0,2,0,16,55.4,1.5,19.0,7.6,0.17,0.01,0.18,1.43,1,65
2025-26,20,192,6,William Saliba,DEF,Arsenal,1,4,0,2026-01-03T17:30:00Z,90,1,0,0,0,2,0,9,16.8,0.8,0.0,1.8,0.0,0.0,0.0,1.43,1,59
2025-26,20,192,7,Riccardo Calafiori,DEF,Arsenal,1,4,0,2026-01-03T17:30:00Z,0,0,0,0,0,0,0,0,0.0,0.0,0.0,0.0,0.0,0.0,0.0,0.0,0,57
2025-26,20,192,8,Jurriën Timber,DEF,Arsenal,1,4,0,2026-01-03T17:30:00Z,90,3,0,0,0,2,0,8,31.6,22.3,4.0,5.8,0.0,0.01,0.01,1.43,1,64
2025-26,20,192,9,Jakub Kiwior,DEF,Arsenal,1,4,0,2026-01-03T17:30:00Z,0,0,0,0,0,0,0,0,0.0,0.0,0.0,0.0,0.0,0.0,0.0,0.0,0,54
2025-26,20,192,10,Myles Lewis-Skelly,DEF,Arsenal,1,4,0,2026-01-03T17:30:00Z,0,0,0,0,0,0,0,0,0.0,0.0,0.0,0.0,0.0,0.0,0.0,0.0,0,51
2025-26,20,192,11,Benjamin White,DEF,Arsenal,1,4,0,2026-01-03T17:30:00Z,0,0,0,0,0,0,0,0,0.0,0.0,0.0,0.0,0.0,0.0,0.0,0.0,0,51
2025-26,20,191,12,Oleksandr Zinchenko,DEF,Nott'm Forest,16,2,0,2026-01-03T12:30:00Z,0,0,0,0,0,0,0,0,0.0,0.0,0.0,0.0,0.0,0.0,0.0,0.0,0,49
2025-26,20,192,13,Brayden Clarke,DEF,Arsenal,1,4,0,2026-01-03T17:30:00Z,0,0,0,0,0,0,0,0,0.0,0.0,0.0,0.0,0.0,0.0,0.0,0.0,0,38
2025-26,20,192,14,Maldini Kacurri,DEF,Arsenal,1,4,0,2026-01-03T17:30:00Z,0,0,0,0,0,0,0,0,0.0,0.0,0.0,0.0,0.0,0.0,0.0,0.0,0,39
2025-26,20,192,15,Josh Nichols,DEF,Arsenal,1,4,0,2026-01-03T17:30:00Z,0,0,0,0,0,0,0,0,0.0,0.0,0.0,0.0,0.0,0.0,0.0,0.0,0,38
2025-26,20,192,16,Bukayo Saka,MID,Arsenal,1,4,0,2026-01-03T17:30:00Z,23,4,0,1,0,1,0,19,21.0,36.0,9.0,6.6,0.02,0.23,0.25,0.06,0,103
2025-26,20,192,17,Martin Ødegaard,MID,Arsenal,1,4,0,2026-01-03T17:30:00Z,79,7,0,1,0,2,2,26,24.8,25.2,3.0,5.3,0.03,0.15,0.18,1.42,1,78
2025-26,20,192,18,Noni Madueke,MID,Arsenal,1,4,0,2026-01-03T17:30:00Z,66,2,0,0,0,1,0,8,10.2,12.6,16.0,3.9,0.07,0.02,0.09,1.37,1,68
2025-26,20,192,19,Gabriel Martinelli Silva,MID,Arsenal,1,4,0,2026-01-03T17:30:00Z,66,5,0,1,0,1,0,19,4.4,5.7,7.0,1.7,0.19,0.02,0.21,1.37,1,68
2025-26,20,192,20,Leandro Trossard,MID,Arsenal,1,4,0,2026-01-03T17:30:00Z,23,1,0,0,0,1,0,2,8.4,0.5,5.0,1.4,0.02,0.0,0.02,0.06,0,70
2025-26,20,192,21,Declan Rice,MID,Arsenal,1,4,0,2026-01-03T17:30:00Z,90,17,2,0,0,2,3,58,81.2,15.9,24.0,12.1,0.53,0.06,0.59,1.43,1,71
2025-26,20,192,22,Mikel Merino Zazón,MID,Arsenal,1,4,0,2026-01-03T17:30:00Z,10,1,0,0,0,0,0,6,5.8,0.7,12.0,1.9,0.05,0.0,0.05,0.01,0,58
2025-26,20,192,23,Fábio Ferreira Vieira,MID,Arsenal,1,4,0,2026-01-03T17:30:00Z,0,0,0,0,0,0,0,0,0.0,0.0,0.0,0.0,0.0,0.0,0.0,0.0,0,54
2025-26,20,192,24,Christian Nørgaard,MID,Arsenal,1,4,0,2026-01-03T17:30:00Z,0,0,0,0,0,0,0,0,0.0,0.0,0.0,0.0,0.0,0.0,0.0,0.0,0,51
2025-26,20,192,25,Ethan Nwaneri,MID,Arsenal,1,4,0,2026-01-03T17:30:00Z,0,0,0,0,0,0,0,0,0.0,0.0,0.0,0.0,0.0,0.0,0.0,0.0,0,50
2025-26,20,192,26,Martín Zubimendi Ibáñez,MID,Arsenal,1,4,0,2026-01-03T17:30:00Z,90,3,0,0,0,2,0,19,21.4,17.4,0.0,3.9,0.0,0.08,0.08,1.43,1,52
2025-26,20,194,27,Reiss Nelson,MID,Brentford,5,9,0,2026-01-04T15:00:00Z,0,0,0,0,0,0,0,0,0.0,0.0,0.0,0.0,0.0,0.0,0.0,0.0,0,48
2025-26,20,192,28,Ismeal Kabia,MID,Arsenal,1,4,0,2026-01-03T17:30:00Z,0,0,0,0,0,0,0,0,0.0,0.0,0.0,0.0,0.0,0.0,0.0,0.0,0,45
2025-26,20,192,29,Albert Sambi Lokonga,MID,Arsenal,1,4,0,2026-01-03T17:30:00Z,0,0,0,0,0,0,0,0,0.0,0.0,0.0,0.0,0.0,0.0,0.0,0.0,0,45
2025-26,20,192,30,Kai Havertz,FWD,Arsenal,1,4,0,2026-01-03T17:30:00Z,0,0,0,0,0,0,0,0,0.0,0.0,0.0,0.0,0.0,0.0,0.0,0.0,0,73
2025-26,20,192,31,Gabriel Fernando de Jesus,FWD,Arsenal,1,4,0,2026-01-03T17:30:00Z,24,1,0,0,0,1,0,4,9.4,0.0,19.0,2.8,0.02,0.0,0.02,0.06,0,64
2025-26,20,191,32,Emiliano Martínez Romero,GK,Aston Villa,2,16,1,2026-01-03T12:30:00Z,90,3,0,0,0,1,0,19,28.8,0.0,0.0,2.9,0.0,0.0,0.0,0.89,1,50
2025-26,20,191,33,Marco Bizot,GK,Aston Villa,2,16,1,2026-01-03T12:30:00Z,0,0,0,0,0,0,0,0,0.0,0.0,0.0,0.0,0.0,0.0,0.0,0.0,0,42
2025-26,20,191,34,Joe Gauci,GK,Aston Villa,2,16,1,2026-01-03T12:30:00Z,0,0,0,0,0,0,0,0,0.0,0.0,0.0,0.0,0.0,0.0,0.0,0.0,0,40
2025-26,20,191,35,Filip Marschall,GK,Aston Villa,2,16,1,2026-01-03T12:30:00Z,0,0,0,0,0,0,0,0,0.0,0.0,0.0,0.0,0.0,0.0,0.0,0.0,0,40
2025-26,20,191,36,Matty Cash,DEF,Aston Villa,2,16,1,2026-01-03T12:30:00Z,89,5,0,1,0,1,0,21,26.4,20.7,6.0,5.3,0.0,0.16,0.16,0.8,1,48
2025-26,20,191,37,Lucas Digne,DEF,Aston Villa,2,16,1,2026-01-03T12:30:00Z,21,1,0,0,0,0,0,3,4.2,10.6,0.0,1.5,0.0,0.0,0.0,0.19,0,45
2025-26,20,191,38,Ezri Konsa Ngoyo,DEF,Aston Villa,2,16,1,2026-01-03T12:30:00Z,90,2,0,0,0,1,0,15,16.8,3.8,2.0,2.3,0.0,0.03,0.03,0.89,1,44
2025-26,20,191,39,Ian Maatsen,DEF,Aston Villa,2,16,1,2026-01-03T12:30:00Z,68,2,0,0,0,1,0,10,5.2,3.8,9.0,1.8,0.11,0.02,0.13,0.7,1,42
2025-26,20,191,40,Tyrone Mings,DEF,Aston Villa,2,16,1,2026-01-03T12:30:00Z,0,0,0,0,0,0,0,0,0.0,0.0,0.0,0.0,0.0,0.0,0.0,0.0,0,43
2025-26,20,191,41,Pau Torres,DEF,Aston Villa,2,16,1,2026-01-03T12:30:00Z,0,0,0,0,0,0,0,0,0.0,0.0,0.0,0.0,0.0,0.0,0.0,0.0,0,43
2025-26,20,191,42,Andrés García,DEF,Aston Villa,2,16,1,2026-01-03T12:30:00Z,1,1,0,0,0,0,0,3,0.0,0.1,0.0,0.0,0.0,0.0,0.0,0.09,0,39
2025-26,20,191,43,Álex Moreno Lopera,DEF,Aston Villa,2,16,1,2026-01-03T12:30:00Z,0,0,0,0,0,0,0,0,0.0,0.0,0.0,0.0,0.0,0.0,0.0,0.0,0,40
2025-26,20,191,44,Lamare Bogarde,DEF,Aston Villa,2,16,1,2026-01-03T12:30:00Z,7,0,0,0,0,0,0,1,0.0,0.1,0.0,0.0,0.0,0.0,0.0,0.09,0,40
2025-26,20,191,45,Lino da Cruz Sousa,DEF,Aston Villa,2,16,1,2026-01-03T12:30:00Z,0,0,0,0,0,0,0,0,0.0,0.0,0.0,0.0,0.0,0.0,0.0,0.0,0,39
2025-26,20,191,46,Yasin Özcan,DEF,Aston Villa,2,16,1,2026-01-03T12:30:00Z,0,0,0,0,0,0,0,0,0.0,0.0,0.0,0.0,0.0,0.0,0.0,0.0,0,40
2025-26,20,191,47,Morgan Rogers,MID,Aston Villa,2,16,1,2026-01-03T12:30:00Z,90,5,0,1,0,1,0,20,20.0,32.4,32.0,8.4,0.19,0.2,0.39,0.89,1,75
2025-26,20,191,48,Youri Tielemans,MID,Aston Villa,2,16,1,2026-01-03T12:30:00Z,90,7,0,1,0,1,2,34,36.4,26.1,8.0,7.1,0.0,0.19,0.19,0.89,1,59
2025-26,20,191,49,Leon Bailey,MID,Aston Villa,2,16,1,2026-01-03T12:30:00Z,0,0,0,0,0,0,0,0,0.0,0.0,0.0,0.0,0.0,0.0,0.0,0.0,0,55
2025-26,20,191,50,Emiliano Buendía Stati,MID,Aston Villa,2,16,1,2026-01-03T12:30:00Z,68,2,0,0,0,1,0,6,3.0,13.0,13.0,2.9,0.19,0.08,0.27,0.7,1,53
2025-26,20,191,51,Samuel Iling-Junior,MID,Aston Villa,2,16,1,2026-01-03T12:30:00Z,0,0,0,0,0,0,0,0,0.0,0.0,0.0,0.0,0.0,0.0,0.0,0.0,0,55
2025-26,20,198,52,Jacob Ramsey,MID,Newcastle,15,8,1,2026-01-04T15:00:00Z,27,1,0,0,0,0,0,4,3.0,1.3,2.0,0.6,0.0,0.02,0.02,0.11,0,53
2025-26,20,191,53,Donyell Malen,MID,Aston Villa,2,16,1,2026-01-03T12:30:00Z,7,1,0,0,0,0,0,3,0.0,0.0,2.0,0.2,0.0,0.0,0.0,0.09,0,51
2025-26,20,191,54,John McGinn,MID,Aston Villa,2,16,1,2026-01-03T12:30:00Z,82,15,2,0,0,1,3,51,76.8,6.0,32.0,11.5,0.45,0.03,0.48,0.8,1,54
2025-26,20,191,55,Ross Barkley,MID,Aston Villa,2,16,1,2026-01-03T12:30:00Z,0,0,0,0,0,0,0,0,0.0,0.0,0.0,0.0,0.0,0.0,0.0,0.0,0,48
2025-26,20,191,56,Enzo Barrenechea,MID,Aston Villa,2,16,1,2026-01-03T12:30:00Z,0,0,0,0,0,0,0,0,0.0,0.0,0.0,0.0,0.0,0.0,0.0,0.0,0,50
2025-26,20,191,57,Lewis Dobbin,MID,Aston Villa,2,16,1,2026-01-03T12:30:00Z,0,0,0,0,0,0,0,0,0.0,0.0,0.0,0.0,0.0,0.0,0.0,0.0,0,50
2025-26,20,191,58,Boubacar Kamara,MID,Aston Villa,2,16,1,2026-01-03T12:30:00Z,90,4,0,0,0,1,0,19,28.4,22.8,2.0,5.3,0.0,0.15,0.15,0.89,1,49
2025-26,20,191,59,Amadou Onana,MID,Aston Villa,2,16,1,2026-01-03T12:30:00Z,0,0,0,0,0,0,0,0,0.0,0.0,0.0,0.0,0.0,0.0,0.0,0.0,0,48
2025-26,20,191,60,Ben Broggio,MID,Aston Villa,2,16,1,2026-01-03T12:30:00Z,0,0,0,0,0,0,0,0,0.0,0.0,0.0,0.0,0.0,0.0,0.0,0.0,0,45
2025-26,20,191,61,Leander Dendoncker,MID,Aston Villa,2,16,1,2026-01-03T12:30:00Z,0,0,0,0,0,0,0,0,0.0,0.0,0.0,0.0,0.0,0.0,0.0,0.0,0,45
2025-26,20,191,62,Jamaldeen Jimoh-Aloba,MID,Aston Villa,2,16,1,2026-01-03T12:30:00Z,0,0,0,0,0,0,0,0,0.0,0.0,0.0,0.0,0.0,0.0,0.0,0.0,0,45
2025-26,20,191,63,Kadan Young,MID,Aston Villa,2,16,1,2026-01-03T12:30:00Z,0,0,0,0,0,0,0,0,0.0,0.0,0.0,0.0,0.0,0.0,0.0,0.0,0,43
2025-26,20,191,64,Ollie Watkins,FWD,Aston Villa,2,16,1,2026-01-03T12:30:00Z,82,7,1,0,0,1,1,32,37.0,2.3,36.0,7.5,0.64,0.13,0.77,0.8,1,86
2025-26,20,191,65,Zépiqueno Redmond,FWD,Aston Villa,2,16,1,2026-01-03T12:30:00Z,0,0,0,0,0,0,0,0,0.0,0.0,0.0,0.0,0.0,0.0,0.0,0.0,0,45
2025-26,20,192,66,Norberto Murara Neto,GK,Bournemouth,4,1,1,2026-01-03T17:30:00Z,0,0,0,0,0,0,0,0,0.0,0.0,0.0,0.0,0.0,0.0,0.0,0.0,0,45
2025-26,20,192,67,Đorđe Petrović,GK,Bournemouth,4,1,1,2026-01-03T17:30:00Z,90,1,0,0,0,3,0,4,15.6,0.0,0.0,1.6,0.0,0.0,0.0,1.13,1,45
2025-26,20,192,68,Will Dennis,GK,Bournemouth,4,1,1,2026-01-03T17:30:00Z,0,0,0,0,0,0,0,0,0.0,0.0,0.0,0.0,0.0,0.0,0.0,0.0,0,40
2025-26,20,192,69,Callan McKenna,GK,Bournemouth,4,1,1,2026-01-03T17:30:00Z,0,0,0,0,0,0,0,0,0.0,0.0,0.0,0.0,0.0,0.0,0.0,0.0,0,39
2025-26,20,192,70,Alex Paulsen,GK,Bournemouth,4,1,1,2026-01-03T17:30:00Z,0,0,0,0,0,0,0,0,0.0,0.0,0.0,0.0,0.0,0.0,0.0,0.0,0,40
2025-26,20,192,71,Illia Zabarnyi,DEF,Bournemouth,4,1,1,2026-01-03T17:30:00Z,0,0,0,0,0,0,0,0,0.0,0.0,0.0,0.0,0.0,0.0,0.0,0.0,0,50
2025-26,20,192,72,Marcos Senesi Barón,DEF,Bournemouth,4,1,1,2026-01-03T17:30:00Z,90,1,0,0,0,3,0,-3,16.2,1.9,2.0,2.0,0.0,0.08,0.08,1.13,1,48
2025-26,20,192,73,Adam Smith,DEF,Bournemouth,4,1,1,2026-01-03T17:30:00Z,0,0,0,0,0,0,0,0,0.0,0.0,0.0,0.0,0.0,0.0,0.0,0.0,0,44
2025-26,20,192,74,Adrien Truffert,DEF,Bournemouth,4,1,1,2026-01-03T17:30:00Z,90,1,0,0,0,3,0,-1,11.4,5.5,0.0,1.7,0.0,0.02,0.02,1.13,1,45
2025-26,20,192,75,Matai Akinmboni,DEF,Bournemouth,4,1,1,2026-01-03T17:30:00Z,0,0,0,0,0,0,0,0,0.0,0.0,0.0,0.0,0.0,0.0,0.0,0.0,0,38
2025-26,20,192,76,Owen Bevan,DEF,Bournemouth,4,1,1,2026-01-03T17:30:00Z,0,0,0,0,0,0,0,0,0.0,0.0,0.0,0.0,0.0,0.0,0.0,0.0,0,38
2025-26,20,192,77,James Hill,DEF,Bournemouth,4,1,1,2026-01-03T17:30:00Z,90,3,0,0,0,3,0,6,38.0,14.4,0.0,5.2,0.0,0.07,0.07,1.13,1,39
2025-26,20,192,78,Julián Araujo Zúñiga,DEF,Bournemouth,4,1,1,2026-01-03T17:30:00Z,0,0,0,0,0,0,0,0,0.0,0.0,0.0,0.0,0.0,0.0,0.0,0.0,0,38
2025-26,20,192,79,Chris Mepham,DEF,Bournemouth,4,1,1,2026-01-03T17:30:00Z,0,0,0,0,0,0,0,0,0.0,0.0,0.0,0.0,0.0,0.0,0.0,0.0,0,40
2025-26,20,192,80,Julio Soler Barreto,DEF,Bournemouth,4,1,1,2026-01-03T17:30:00Z,0,0,0,0,0,0,0,0,0.0,0.0,0.0,0.0,0.0,0.0,0.0,0.0,0,40
2025-26,20,192,81,Justin Kluivert,MID,Bournemouth,4,1,1,2026-01-03T17:30:00Z,73,2,0,0,0,3,0,10,7.0,40.6,2.0,5.0,0.06,0.17,0.23,1.02,1,70
2025-26,20,192,82,Antoine Semenyo,MID,Bournemouth,4,1,1,2026-01-03T17:30:00Z,90,1,0,0,0,3,0,6,2.8,11.8,9.0,2.4,0.09,0.02,0.11,1.13,1,77
2025-26,20,194,83,Dango Ouattara,MID,Brentford,5,9,0,2026-01-04T15:00:00Z,0,0,0,0,0,0,0,0,0.0,0.0,0.0,0.0,0.0,0.0,0.0,0.0,0,58
2025-26,20,192,84,Marcus Tavernier,MID,Bournemouth,4,1,1,2026-01-03T17:30:00Z,90,2,0,0,0,3,0,14,14.4,18.3,17.0,5.0,0.36,0.02,0.38,1.13,1,56
2025-26,20,192,85,Tyler Adams,MID,Bournemouth,4,1,1,2026-01-03T17:30:00Z,0,0,0,0,0,0,0,0,0.0,0.0,0.0,0.0,0.0,0.0,0.0,0.0,0,50
2025-26,20,192,86,David Brooks,MID,Bournemouth,4,1,1,2026-01-03T17:30:00Z,66,2,0,0,0,2,0,8,1.6,1.8,14.0,1.7,0.11,0.01,0.12,0.59,1,50
2025-26,20,192,87,Ryan Christie,MID,Bournemouth,4,1,1,2026-01-03T17:30:00Z,0,0,0,0,0,0,0,0,0.0,0.0,0.0,0.0,0.0,0.0,0.0,0.0,0,49
2025-26,20,192,88,Lewis Cook,MID,Bournemouth,4,1,1,2026-01-03T17:30:00Z,16,4,0,1,0,0,0,16,24.4,20.8,0.0,4.5,0.0,0.01,0.01,0.11,0,49
2025-26,20,192,89,Philip Billing,MID,Bournemouth,4,1,1,2026-01-03T17:30:00Z,0,0,0,0,0,0,0,0,0.0,0.0,0.0,0.0,0.0,0.0,0.0,0.0,0,49
2025-26,20,192,90,Alex Scott,MID,Bournemouth,4,1,1,2026-01-03T17:30:00Z,73,2,0,0,0,3,0,15,17.0,1.5,2.0,2.1,0.0,0.01,0.01,1.02,1,50
2025-26,20,192,91,Luis Sinisterra Lucumí,MID,Bournemouth,4,1,1,2026-01-03T17:30:00Z,0,0,0,0,0,0,0,0,0.0,0.0,0.0,0.0,0.0,0.0,0.0,0.0,0,50
2025-26,20,192,92,Romain Faivre,MID,Bournemouth,4,1,1,2026-01-03T17:30:00Z,0,0,0,0,0,0,0,0,0.0,0.0,0.0,0.0,0.0,0.0,0.0,0.0,0,45
2025-26,20,192,93,Hamed Traorè,MID,Bournemouth,4,1,1,2026-01-03T17:30:00Z,0,0,0,0,0,0,0,0,0.0,0.0,0.0,0.0,0.0,0.0,0.0,0.0,0,45
2025-26,20,192,94,Dominic Sadi,MID,Bournemouth,4,1,1,2026-01-03T17:30:00Z,0,0,0,0,0,0,0,0,0.0,0.0,0.0,0.0,0.0,0.0,0.0,0.0,0,45
2025-26,20,192,95,Zain Silcott-Duberry,MID,Bournemouth,4,1,1,2026-01-03T17:30:00Z,0,0,0,0,0,0,0,0,0.0,0.0,0.0,0.0,0.0,0.0,0.0,0.0,0,44
2025-26,20,192,96,Ben Winterburn,MID,Bournemouth,4,1,1,2026-01-03T17:30:00Z,0,0,0,0,0,0,0,0,0.0,0.0,0.0,0.0,0.0,0.0,0.0,0.0,0,45
2025-26,20,192,97,Francisco Evanilson de Lima Barbosa,FWD,Bournemouth,4,1,1,2026-01-03T17:30:00Z,73,7,1,0,0,3,1,25,37.0,10.5,23.0,7.1,0.76,0.01,0.77,1.02,1,70
2025-26,20,192,98,Enes Ünal,FWD,Bournemouth,4,1,1,2026-01-03T17:30:00Z,16,1,0,0,0,0,0,2,0.0,0.5,0.0,0.1,0.0,0.0,0.0,0.11,0,54
2025-26,20,192,99,Daniel Adu-Adjei,FWD,Bournemouth,4,1,1,2026-01-03T17:30:00Z,0,0,0,0,0,0,0,0,0.0,0.0,0.0,0.0,0.0,0.0,0.0,0.0,0,44
2025-26,20,192,100,Junior Kroupi,FWD,Bournemouth,4,1,1,2026-01-03T17:30:00Z,16,5,1,0,0,0,1,25,32.8,0.8,7.0,4.1,0.02,0.01,0.03,0.11,0,46
2025-26,20,194,101,Caoimhín Kelleher,GK,Brentford,5,9,0,2026-01-04T15:00:00Z,90,2,0,0,0,2,0,11,28.4,0.0,0.0,2.8,0.0,0.0,0.0,0.85,1,45
2025-26,20,194,102,Ellery Balcombe,GK,Brentford,5,9,0,2026-01-04T15:00:00Z,0,0,0,0,0,0,0,0,0.0,0.0,0.0,0.0,0.0,0.0,0.0,0.0,0,39
2025-26,20,194,103,Matthew Cox,GK,Brentford,5,9,0,2026-01-04T15:00:00Z,0,0,0,0,0,0,0,0,0.0,0.0,0.0,0.0,0.0,0.0,0.0,0.0,0,39
2025-26,20,194,104,Julian Eyestone,GK,Brentford,5,9,0,2026-01-04T15:00:00Z,0,0,0,0,0,0,0,0,0.0,0.0,0.0,0.0,0.0,0.0,0.0,0.0,0,39
2025-26,20,194,105,Hákon Rafn Valdimarsson,GK,Brentford,5,9,0,2026-01-04T15:00:00Z,0,0,0,0,0,0,0,0,0.0,0.0,0.0,0.0,0.0,0.0,0.0,0.0,0,39
2025-26,20,194,106,Nathan Collins,DEF,Brentford,5,9,0,2026-01-04T15:00:00Z,90,10,1,1,0,2,0,38,78.0,10.3,33.0,12.1,0.28,0.0,0.28,0.85,1,49
2025-26,20,194,107,Keane Lewis-Potter,DEF,Brentford,5,9,0,2026-01-04T15:00:00Z,26,0,0,0,0,2,0,-6,2.2,10.8,2.0,1.5,0.0,0.07,0.07,0.3,0,49
2025-26,20,194,108,Kristoffer Ajer,DEF,Brentford,5,9,0,2026-01-04T15:00:00Z,90,3,0,0,0,2,0,8,20.8,0.3,0.0,2.1,0.0,0.0,0.0,0.85,1,44
2025-26,20,194,109,Rico Henry,DEF,Brentford,5,9,0,2026-01-04T15:00:00Z,14,1,0,0,0,1,0,-1,2.2,0.0,0.0,0.2,0.0,0.0,0.0,0.25,0,43
2025-26,20,194,110,Michael Kayode,DEF,Brentford,5,9,0,2026-01-04T15:00:00Z,90,0,0,0,0,2,0,2,5.2,2.3,2.0,1.0,0.0,0.03,0.03,0.85,1,45
2025-26,20,194,111,Ethan Pinnock,DEF,Brentford,5,9,0,2026-01-04T15:00:00Z,0,0,0,0,0,0,0,0,0.0,0.0,0.0,0.0,0.0,0.0,0.0,0.0,0,42
2025-26,20,194,112,Mads Roerslev Rasmussen,DEF,Brentford,5,9,0,2026-01-04T15:00:00Z,0,0,0,0,0,0,0,0,0.0,0.0,0.0,0.0,0.0,0.0,0.0,0.0,0,45
2025-26,20,194,113,Sepp van den Berg,DEF,Brentford,5,9,0,2026-01-04T15:00:00Z,0,0,0,0,0,0,0,0,0.0,0.0,0.0,0.0,0.0,0.0,0.0,0.0,0,45
2025-26,20,194,114,Benjamin Arthur,DEF,Brentford,5,9,0,2026-01-04T15:00:00Z,0,0,0,0,0,0,0,0,0.0,0.0,0.0,0.0,0.0,0.0,0.0,0.0,0,39
2025-26,20,194,115,Benjamin Fredrick,DEF,Brentford,5,9,0,2026-01-04T15:00:00Z,0,0,0,0,0,0,0,0,0.0,0.0,0.0,0.0,0.0,0.0,0.0,0.0,0,40
2025-26,20,194,116,Aaron Hickey,DEF,Brentford,5,9,0,2026-01-04T15:00:00Z,75,2,0,0,0,1,0,6,7.0,1.8,2.0,1.1,0.0,0.0,0.0,0.6,1,40
2025-26,20,194,117,Kim Ji-soo,DEF,Brentford,5,9,0,2026-01-04T15:00:00Z,0,0,0,0,0,0,0,0,0.0,0.0,0.0,0.0,0.0,0.0,0.0,0.0,0,39
2025-26,20,194,118,Jayden Meghoma,DEF,Brentford,5,9,0,2026-01-04T15:00:00Z,0,0,0,0,0,0,0,0,0.0,0.0,0.0,0.0,0.0,0.0,0.0,0.0,0,40
2025-26,20,196,119,Bryan Mbeumo,MID,Man Utd,14,11,0,2026-01-04T12:30:00Z,0,0,0,0,0,0,0,0,0.0,0.0,0.0,0.0,0.0,0.0,0.0,0.0,0,81
2025-26,20,194,120,Kevin Schade,MID,Brentford,5,9,0,2026-01-04T15:00:00Z,63,6,0,1,1,0,0,23,27.4,11.7,30.0,6.9,0.23,0.0,0.23,0.55,1,71
2025-26,20,194,121,Mikkel Damsgaard,MID,Brentford,5,9,0,2026-01-04T15:00:00Z,90,4,0,0,0,2,0,14,21.0,36.3,6.0,6.3,0.0,0.08,0.08,0.85,1,58
2025-26,20,194,122,Antoni Milambo,MID,Brentford,5,9,0,2026-01-04T15:00:00Z,0,0,0,0,0,0,0,0,0.0,0.0,0.0,0.0,0.0,0.0,0.0,0.0,0,52
2025-26,20,194,123,Fábio Freitas Gouveia Carvalho,MID,Brentford,5,9,0,2026-01-04T15:00:00Z,0,0,0,0,0,0,0,0,0.0,0.0,0.0,0.0,0.0,0.0,0.0,0.0,0,47
2025-26,20,194,124,Jordan Henderson,MID,Brentford,5,9,0,2026-01-04T15:00:00Z,26,1,0,0,0,2,0,3,1.8,0.3,0.0,0.2,0.0,0.0,0.0,0.3,0,50
2025-26,20,194,125,Vitaly Janelt,MID,Brentford,5,9,0,2026-01-04T15:00:00Z,90,11,0,2,0,2,1,43,55.0,29.3,3.0,8.7,0.01,0.42,0.43,0.85,1,49
2025-26,20,194,126,Mathias Jensen,MID,Brentford,5,9,0,2026-01-04T15:00:00Z,63,3,0,0,1,0,0,11,7.0,34.4,2.0,4.3,0.16,0.51,0.67,0.55,1,49
2025-26,20,194,127,Gustavo Nunes Fernandes Gomes,MID,Brentford,5,9,0,2026-01-04T15:00:00Z,0,0,0,0,0,0,0,0,0.0,0.0,0.0,0.0,0.0,0.0,0.0,0.0,0,49
2025-26,20,194,128,Frank Onyeka,MID,Brentford,5,9,0,2026-01-04T15:00:00Z,0,0,0,0,0,0,0,0,0.0,0.0,0.0,0.0,0.0,0.0,0.0,0.0,0,48
2025-26,20,194,129,Yehor Yarmoliuk,MID,Brentford,5,9,0,2026-01-04T15:00:00Z,90,3,0,0,0,2,0,11,8.8,6.7,0.0,1.6,0.0,0.02,0.02,0.85,1,50
2025-26,20,194,130,Romelle Donovan,MID,Brentford,5,9,0,2026-01-04T15:00:00Z,0,0,0,0,0,0,0,0,0.0,0.0,0.0,0.0,0.0,0.0,0.0,0.0,0,44
2025-26,20,194,131,Yunus Emre Konak,MID,Brentford,5,9,0,2026-01-04T15:00:00Z,0,0,0,0,0,0,0,0,0.0,0.0,0.0,0.0,0.0,0.0,0.0,0.0,0,43
2025-26,20,194,132,Paris Maghoma,MID,Brentford,5,9,0,2026-01-04T15:00:00Z,0,0,0,0,0,0,0,0,0.0,0.0,0.0,0.0,0.0,0.0,0.0,0.0,0,45
2025-26,20,194,133,Myles Peart-Harris,MID,Brentford,5,9,0,2026-01-04T15:00:00Z,1,1,0,0,0,0,0,2,0.0,0.0,0.0,0.0,0.0,0.0,0.0,0.0,0,44
2025-26,20,194,134,Ryan Trevitt,MID,Brentford,5,9,0,2026-01-04T15:00:00Z,0,0,0,0,0,0,0,0,0.0,0.0,0.0,0.0,0.0,0.0,0.0,0.0,0,45
2025-26,20,198,135,Yoane Wissa,FWD,Newcastle,15,8,1,2026-01-04T15:00:00Z,77,2,0,0,1,0,0,5,2.2,0.7,21.0,2.4,0.15,0.0,0.15,0.63,1,73
2025-26,20,194,136,Igor Thiago Nascimento Rodrigues,FWD,Brentford,5,9,0,2026-01-04T15:00:00Z,90,17,3,0,0,2,3,94,111.8,6.4,96.0,21.4,1.72,0.03,1.75,0.85,1,69
2025-26,20,194,137,Iwan Morgan,FWD,Brentford,5,9,0,2026-01-04T15:00:00Z,0,0,0,0,0,0,0,0,0.0,0.0,0.0,0.0,0.0,0.0,0.0,0.0,0,44
2025-26,20,193,138,Jason Steele,GK,Brighton,6,3,1,2026-01-03T15:00:00Z,0,0,0,0,0,0,0,0,0.0,0.0,0.0,0.0,0.0,0.0,0.0,0.0,0,42
2025-26,20,193,139,Bart Verbruggen,GK,Brighton,6,3,1,2026-01-03T15:00:00Z,90,7,0,0,1,0,1,33,20.4,0.0,0.0,2.0,0.0,0.0,0.0,0.3,1,45
2025-26,20,193,140,Tom McGill,GK,Brighton,6,3,1,2026-01-03T15:00:00Z,0,0,0,0,0,0,0,0,0.0,0.0,0.0,0.0,0.0,0.0,0.0,0.0,0,39
2025-26,20,193,141,Carl Rushworth,GK,Brighton,6,3,1,2026-01-03T15:00:00Z,0,0,0,0,0,0,0,0,0.0,0.0,0.0,0.0,0.0,0.0,0.0,0.0,0,40
2025-26,20,193,142,Kjell Scherpen,GK,Brighton,6,3,1,2026-01-03T15:00:00Z,0,0,0,0,0,0,0,0,0.0,0.0,0.0,0.0,0.0,0.0,0.0,0.0,0,40
2025-26,20,193,143,Olivier Boscagli,DEF,Brighton,6,3,1,2026-01-03T15:00:00Z,0,0,0,0,0,0,0,0,0.0,0.0,0.0,0.0,0.0,0.0,0.0,0.0,0,42
2025-26,20,193,144,Diego Coppola,DEF,Brighton,6,3,1,2026-01-03T15:00:00Z,0,0,0,0,0,0,0,0,0.0,0.0,0.0,0.0,0.0,0.0,0.0,0.0,0,42
2025-26,20,193,145,Maxim De Cuyper,DEF,Brighton,6,3,1,2026-01-03T15:00:00Z,20,1,0,0,0,0,0,3,1.0,1.8,1.0,0.4,0.05,0.01,0.06,0.04,0,43
2025-26,20,193,146,Lewis Dunk,DEF,Brighton,6,3,1,2026-01-03T15:00:00Z,90,6,0,0,1,0,0,30,24.6,13.1,6.0,4.4,0.06,0.07,0.13,0.3,1,45
2025-26,20,193,147,Pervis Estupiñán Tenorio,DEF,Brighton,6,3,1,2026-01-03T15:00:00Z,0,0,0,0,0,0,0,0,0.0,0.0,0.0,0.0,0.0,0.0,0.0,0.0,0,45
2025-26,20,193,148,Ferdi Kadıoğlu,DEF,Brighton,6,3,1,2026-01-03T15:00:00Z,90,9,0,0,1,0,3,44,23.2,47.8,2.0,7.3,0.0,0.48,0.48,0.3,1,44
2025-26,20,200,149,Igor Julio dos Santos de Paulo,DEF,West Ham,19,20,0,2026-01-03T15:00:00Z,0,0,0,0,0,0,0,0,0.0,0.0,0.0,0.0,0.0,0.0,0.0,0.0,0,45
2025-26,20,193,150,Tariq Lamptey,DEF,Brighton,6,3,1,2026-01-03T15:00:00Z,0,0,0,0,0,0,0,0,0.0,0.0,0.0,0.0,0.0,0.0,0.0,0.0,0,44
2025-26,20,193,151,Jan Paul van Hecke,DEF,Brighton,6,3,1,2026-01-03T15:00:00Z,90,6,0,0,1,0,0,32,29.2,1.3,21.0,5.2,0.1,0.01,0.11,0.3,1,45
2025-26,20,193,152,Joël Veltman,DEF,Brighton,6,3,1,2026-01-03T15:00:00Z,90,6,0,0,1,0,0,30,17.6,14.0,7.0,3.9,0.25,0.01,0.26,0.3,1,43
2025-26,20,193,153,Adam Webster,DEF,Brighton,6,3,1,2026-01-03T15:00:00Z,0,0,0,0,0,0,0,0,0.0,0.0,0.0,0.0,0.0,0.0,0.0,0.0,0,44
2025-26,20,193,154,Eiran Cashin,DEF,Brighton,6,3,1,2026-01-03T15:00:00Z,0,0,0,0,0,0,0,0,0.0,0.0,0.0,0.0,0.0,0.0,0.0,0.0,0,40
2025-26,20,193,155,Jacob Slater,DEF,Brighton,6,3,1,2026-01-03T15:00:00Z,0,0,0,0,0,0,0,0,0.0,0.0,0.0,0.0,0.0,0.0,0.0,0.0,0,40
2025-26,20,193,156,Charlie Tasker,DEF,Brighton,6,3,1,2026-01-03T15:00:00Z,0,0,0,0,0,0,0,0,0.0,0.0,0.0,0.0,0.0,0.0,0.0,0.0,0,38
2025-26,20,193,157,Mitoma Kaoru,MID,Brighton,6,3,1,2026-01-03T15:00:00Z,69,3,0,0,1,0,0,11,5.6,15.8,6.0,2.7,0.0,0.01,0.01,0.26,1,61
2025-26,20,193,158,Georginio Rutter,MID,Brighton,6,3,1,2026-01-03T15:00:00Z,70,8,1,0,1,0,0,28,38.6,4.6,21.0,6.4,0.07,0.02,0.09,0.26,1,56
2025-26,20,193,159,Solly March,MID,Brighton,6,3,1,2026-01-03T15:00:00Z,0,0,0,0,0,0,0,0,0.0,0.0,0.0,0.0,0.0,0.0,0.0,0.0,0,58
2025-26,20,193,160,Yankuba Minteh,MID,Brighton,6,3,1,2026-01-03T15:00:00Z,0,0,0,0,0,0,0,0,0.0,0.0,0.0,0.0,0.0,0.0,0.0,0.0,0,60
2025-26,20,193,161,Julio Enciso Espínola,MID,Brighton,6,3,1,2026-01-03T15:00:00Z,0,0,0,0,0,0,0,0,0.0,0.0,0.0,0.0,0.0,0.0,0.0,0.0,0,54
2025-26,20,193,162,Brajan Gruda,MID,Brighton,6,3,1,2026-01-03T15:00:00Z,86,3,0,0,1,0,0,8,6.4,24.0,9.0,3.9,0.02,0.04,0.06,0.26,1,54
2025-26,20,193,163,Jack Hinshelwood,MID,Brighton,6,3,1,2026-01-03T15:00:00Z,0,0,0,0,0,0,0,0,0.0,0.0,0.0,0.0,0.0,0.0,0.0,0.0,0,51
2025-26,20,193,164,Matt O'Riley,MID,Brighton,6,3,1,2026-01-03T15:00:00Z,0,0,0,0,0,0,0,0,0.0,0.0,0.0,0.0,0.0,0.0,0.0,0.0,0,55
2025-26,20,193,165,Abdallah Sima,MID,Brighton,6,3,1,2026-01-03T15:00:00Z,0,0,0,0,0,0,0,0,0.0,0.0,0.0,0.0,0.0,0.0,0.0,0.0,0,54
2025-26,20,193,166,Yasin Ayari,MID,Brighton,6,3,1,2026-01-03T15:00:00Z,90,12,1,0,1,0,2,35,44.0,12.3,20.0,7.6,0.14,0.27,0.41,0.3,1,48
2025-26,20,193,167,Carlos Baleba,MID,Brighton,6,3,1,2026-01-03T15:00:00Z,0,0,0,0,0,0,0,0,0.0,0.0,0.0,0.0,0.0,0.0,0.0,0.0,0,46
2025-26,20,197,168,Facundo Buonanotte,MID,Chelsea,7,13,0,2026-01-04T17:30:00Z,0,0,0,0,0,0,0,0,0.0,0.0,0.0,0.0,0.0,0.0,0.0,0.0,0,46
2025-26,20,193,169,Diego Gómez Amarilla,MID,Brighton,6,3,1,2026-01-03T15:00:00Z,79,3,0,0,1,0,0,11,6.8,2.8,9.0,1.9,0.1,0.01,0.11,0.26,1,49
2025-26,20,193,170,James Milner,MID,Brighton,6,3,1,2026-01-03T15:00:00Z,10,1,0,0,0,0,0,3,0.6,0.5,0.0,0.1,0.0,0.01,0.01,0.04,0,49
2025-26,20,193,171,Jeremy Sarmiento Morante,MID,Brighton,6,3,1,2026-01-03T15:00:00Z,0,0,0,0,0,0,0,0,0.0,0.0,0.0,0.0,0.0,0.0,0.0,0.0,0,49
2025-26,20,193,172,Tom Watson,MID,Brighton,6,3,1,2026-01-03T15:00:00Z,3,1,0,0,0,0,0,2,0.0,0.0,0.0,0.0,0.0,0.0,0.0,0.04,0,48
2025-26,20,193,173,Mats Wieffer,MID,Brighton,6,3,1,2026-01-03T15:00:00Z,0,0,0,0,0,0,0,0,0.0,0.0,0.0,0.0,0.0,0.0,0.0,0.0,0,49
2025-26,20,193,174,Malick Yalcouyé,MID,Brighton,6,3,1,2026-01-03T15:00:00Z,0,0,0,0,0,0,0,0,0.0,0.0,0.0,0.0,0.0,0.0,0.0,0.0,0,50
2025-26,20,193,175,Joe Knight,MID,Brighton,6,3,1,2026-01-03T15:00:00Z,0,0,0,0,0,0,0,0,0.0,0.0,0.0,0.0,0.0,0.0,0.0,0.0,0,44
2025-26,20,193,176,Adrian Mazilu,MID,Brighton,6,3,1,2026-01-03T15:00:00Z,0,0,0,0,0,0,0,0,0.0,0.0,0.0,0.0,0.0,0.0,0.0,0.0,0,45
2025-26,20,193,177,Andrew Moran,MID,Brighton,6,3,1,2026-01-03T15:00:00Z,0,0,0,0,0,0,0,0,0.0,0.0,0.0,0.0,0.0,0.0,0.0,0.0,0,45
2025-26,20,193,178,Danny Welbeck,FWD,Brighton,6,3,1,2026-01-03T15:00:00Z,19,1,0,0,0,0,0,3,0.6,0.7,2.0,0.3,0.0,0.0,0.0,0.04,0,63
2025-26,20,193,179,Evan Ferguson,FWD,Brighton,6,3,1,2026-01-03T15:00:00Z,0,0,0,0,0,0,0,0,0.0,0.0,0.0,0.0,0.0,0.0,0.0,0.0,0,55
2025-26,20,193,180,Stefanos Tzimas,FWD,Brighton,6,3,1,2026-01-03T15:00:00Z,0,0,0,0,0,0,0,0,0.0,0.0,0.0,0.0,0.0,0.0,0.0,0.0,0,52
2025-26,20,193,181,Charalampos Kostoulas,FWD,Brighton,6,3,1,2026-01-03T15:00:00Z,70,5,0,1,1,0,0,18,25.6,12.3,25.0,6.3,0.61,0.03,0.64,0.26,1,48
2025-26,20,197,182,James Trafford,GK,Man City,13,7,1,2026-01-04T17:30:00Z,0,0,0,0,0,0,0,0,0.0,0.0,0.0,0.0,0.0,0.0,0.0,0.0,0,45
2025-26,20,193,183,Max Weiß,GK,Burnley,3,6,0,2026-01-03T15:00:00Z,0,0,0,0,0,0,0,0,0.0,0.0,0.0,0.0,0.0,0.0,0.0,0.0,0,43
2025-26,20,193,184,Etienne Green,GK,Burnley,3,6,0,2026-01-03T15:00:00Z,0,0,0,0,0,0,0,0,0.0,0.0,0.0,0.0,0.0,0.0,0.0,0.0,0,40
2025-26,20,193,185,Václav Hladký,GK,Burnley,3,6,0,2026-01-03T15:00:00Z,0,0,0,0,0,0,0,0,0.0,0.0,0.0,0.0,0.0,0.0,0.0,0.0,0,39
2025-26,20,193,186,Connor Roberts,DEF,Burnley,3,6,0,2026-01-03T15:00:00Z,0,0,0,0,0,0,0,0,0.0,0.0,0.0,0.0,0.0,0.0,0.0,0.0,0,44
2025-26,20,193,187,Kyle Walker,DEF,Burnley,3,6,0,2026-01-03T15:00:00Z,90,0,0,0,0,2,0,-6,1.8,1.2,0.0,0.3,0.0,0.01,0.01,1.45,1,44
2025-26,20,193,188,Hannes Delcroix,DEF,Burnley,3,6,0,2026-01-03T15:00:00Z,0,0,0,0,0,0,0,0,0.0,0.0,0.0,0.0,0.0,0.0,0.0,0.0,0,38
2025-26,20,193,189,Owen Dodgson,DEF,Burnley,3,6,0,2026-01-03T15:00:00Z,0,0,0,0,0,0,0,0,0.0,0.0,0.0,0.0,0.0,0.0,0.0,0.0,0,40
2025-26,20,193,190,Hjalmar Ekdal,DEF,Burnley,3,6,0,2026-01-03T15:00:00Z,90,1,0,0,0,2,0,7,17.4,0.6,0.0,1.8,0.0,0.0,0.0,1.45,1,39
2025-26,20,193,191,Maxime Estève,DEF,Burnley,3,6,0,2026-01-03T15:00:00Z,0,0,0,0,0,0,0,0,0.0,0.0,0.0,0.0,0.0,0.0,0.0,0.0,0,39
2025-26,20,193,192,Quilindschy Hartman,DEF,Burnley,3,6,0,2026-01-03T15:00:00Z,0,0,0,0,0,0,0,0,0.0,0.0,0.0,0.0,0.0,0.0,0.0,0.0,0,40
2025-26,20,193,193,Bashir Humphreys,DEF,Burnley,3,6,0,2026-01-03T15:00:00Z,90,2,0,0,0,2,0,3,23.2,1.0,2.0,2.6,0.0,0.0,0.0,1.45,1,39
2025-26,20,193,194,Jordan Beyer,DEF,Burnley,3,6,0,2026-01-03T15:00:00Z,0,0,0,0,0,0,0,0,0.0,0.0,0.0,0.0,0.0,0.0,0.0,0.0,0,39
2025-26,20,193,195,Lucas Pires Silva,DEF,Burnley,3,6,0,2026-01-03T15:00:00Z,90,1,0,0,0,2,0,5,9.2,2.9,17.0,2.9,0.05,0.02,0.07,1.45,1,38
2025-26,20,193,196,Shurandy Sambo,DEF,Burnley,3,6,0,2026-01-03T15:00:00Z,0,0,0,0,0,0,0,0,0.0,0.0,0.0,0.0,0.0,0.0,0.0,0.0,0,40
2025-26,20,193,197,Oliver Sonne,DEF,Burnley,3,6,0,2026-01-03T15:00:00Z,35,1,0,0,0,0,0,2,2.6,0.5,7.0,1.0,0.13,0.0,0.13,0.12,0,38
2025-26,20,193,198,Axel Tuanzebe,DEF,Burnley,3,6,0,2026-01-03T15:00:00Z,0,0,0,0,0,0,0,0,0.0,0.0,0.0,0.0,0.0,0.0,0.0,0.0,0,39
2025-26,20,193,199,Joe Worrall,DEF,Burnley,3,6,0,2026-01-03T15:00:00Z,0,0,0,0,0,0,0,0,0.0,0.0,0.0,0.0,0.0,0.0,0.0,0.0,0,38
2025-26,20,193,200,Jaidon Anthony,MID,Burnley,3,6,0,2026-01-03T15:00:00Z,80,2,0,0,0,2,0,20,7.8,5.0,8.0,2.1,0.05,0.01,0.06,1.39,1,51
2025-26,20,193,201,Manuel Benson Hedilazio,MID,Burnley,3,6,0,2026-01-03T15:00:00Z,0,0,0,0,0,0,0,0,0.0,0.0,0.0,0.0,0.0,0.0,0.0,0.0,0,54
2025-26,20,193,202,Jacob Bruun Larsen,MID,Burnley,3,6,0,2026-01-03T15:00:00Z,54,1,0,0,0,2,0,4,6.0,12.3,0.0,1.8,0.0,0.03,0.03,1.33,1,53
2025-26,20,193,203,Enock Agyei,MID,Burnley,3,6,0,2026-01-03T15:00:00Z,0,0,0,0,0,0,0,0,0.0,0.0,0.0,0.0,0.0,0.0,0.0,0.0,0,47
2025-26,20,193,204,Darko Churlinov,MID,Burnley,3,6,0,2026-01-03T15:00:00Z,0,0,0,0,0,0,0,0,0.0,0.0,0.0,0.0,0.0,0.0,0.0,0.0,0,49
2025-26,20,193,205,Josh Cullen,MID,Burnley,3,6,0,2026-01-03T15:00:00Z,0,0,0,0,0,0,0,0,0.0,0.0,0.0,0.0,0.0,0.0,0.0,0.0,0,50
2025-26,20,193,206,Marcus Edwards,MID,Burnley,3,6,0,2026-01-03T15:00:00Z,35,1,0,0,0,0,0,1,5.0,15.0,2.0,2.2,0.0,0.17,0.17,0.12,0,47
2025-26,20,193,207,Hannibal Mejbri,MID,Burnley,3,6,0,2026-01-03T15:00:00Z,0,0,0,0,0,0,0,0,0.0,0.0,0.0,0.0,0.0,0.0,0.0,0.0,0,47
2025-26,20,193,208,Luca Koleosho,MID,Burnley,3,6,0,2026-01-03T15:00:00Z,0,0,0,0,0,0,0,0,0.0,0.0,0.0,0.0,0.0,0.0,0.0,0.0,0,50
2025-26,20,193,209,Josh Laurent,MID,Burnley,3,6,0,2026-01-03T15:00:00Z,90,1,0,0,0,2,0,10,7.4,3.4,0.0,1.1,0.0,0.0,0.0,1.45,1,48
2025-26,20,193,210,Loum Tchaouna,MID,Burnley,3,6,0,2026-01-03T15:00:00Z,26,1,0,0,0,0,0,8,6.4,1.3,11.0,1.9,0.08,0.0,0.08,0.1,0,49
2025-26,20,193,211,Aaron Ramsey,MID,Burnley,3,6,0,2026-01-03T15:00:00Z,0,0,0,0,0,0,0,0,0.0,0.0,0.0,0.0,0.0,0.0,0.0,0.0,0,44
2025-26,20,193,212,Oluwaseun Adewumi,MID,Burnley,3,6,0,2026-01-03T15:00:00Z,0,0,0,0,0,0,0,0,0.0,0.0,0.0,0.0,0.0,0.0,0.0,0.0,0,45
2025-26,20,193,213,Jaydon Banel,MID,Burnley,3,6,0,2026-01-03T15:00:00Z,9,1,0,0,0,0,0,2,0.0,0.5,0.0,0.0,0.0,0.0,0.0,0.05,0,45
2025-26,20,193,214,Mike Trésor Ndayishimiye,MID,Burnley,3,6,0,2026-01-03T15:00:00Z,0,0,0,0,0,0,0,0,0.0,0.0,0.0,0.0,0.0,0.0,0.0,0.0,0,44
2025-26,20,193,215,Zian Flemming,FWD,Burnley,3,6,0,2026-01-03T15:00:00Z,0,0,0,0,0,0,0,0,0.0,0.0,0.0,0.0,0.0,0.0,0.0,0.0,0,53
2025-26,20,193,216,Zeki Amdouni,FWD,Burnley,3,6,0,2026-01-03T15:00:00Z,0,0,0,0,0,0,0,0,0.0,0.0,0.0,0.0,0.0,0.0,0.0,0.0,0,48
2025-26,20,193,217,Lyle Foster,FWD,Burnley,3,6,0,2026-01-03T15:00:00Z,0,0,0,0,0,0,0,0,0.0,0.0,0.0,0.0,0.0,0.0,0.0,0.0,0,49
2025-26,20,193,218,Ashley Barnes,FWD,Burnley,3,6,0,2026-01-03T15:00:00Z,0,0,0,0,0,0,0,0,0.0,0.0,0.0,0.0,0.0,0.0,0.0,0.0,0,42
2025-26,20,193,219,Michael Obafemi,FWD,Burnley,3,6,0,2026-01-03T15:00:00Z,0,0,0,0,0,0,0,0,0.0,0.0,0.0,0.0,0.0,0.0,0.0,0.0,0,44
2025-26,20,197,220,Robert Lynch Sánchez,GK,Chelsea,7,13,0,2026-01-04T17:30:00Z,0,0,0,0,0,0,0,0,0.0,0.0,0.0,0.0,0.0,0.0,0.0,0.0,0,49
2025-26,20,197,221,Filip Jörgensen,GK,Chelsea,7,13,0,2026-01-04T17:30:00Z,90,2,0,0,0,1,0,14,18.8,0.0,0.0,1.9,0.0,0.0,0.0,0.99,1,43
2025-26,20,197,222,Mike Penders,GK,Chelsea,7,13,0,2026-01-04T17:30:00Z,0,0,0,0,0,0,0,0,0.0,0.0,0.0,0.0,0.0,0.0,0.0,0.0,0,40
2025-26,20,197,223,Gabriel Słonina,GK,Chelsea,7,13,0,2026-01-04T17:30:00Z,0,0,0,0,0,0,0,0,0.0,0.0,0.0,0.0,0.0,0.0,0.0,0.0,0,39
2025-26,20,197,224,Marc Cucurella Saseta,DEF,Chelsea,7,13,0,2026-01-04T17:30:00Z,0,0,0,0,0,0,0,0,0.0,0.0,0.0,0.0,0.0,0.0,0.0,0.0,0,61
2025-26,20,197,225,Reece James,DEF,Chelsea,7,13,0,2026-01-04T17:30:00Z,90,1,0,0,0,1,0,3,3.6,6.0,0.0,1.0,0.0,0.03,0.03,0.99,1,57
2025-26,20,197,226,Trevoh Chalobah,DEF,Chelsea,7,13,0,2026-01-04T17:30:00Z,90,4,0,0,0,1,0,11,25.2,0.0,0.0,2.5,0.0,0.0,0.0,0.99,1,56
2025-26,20,197,227,Levi Samuels Colwill,DEF,Chelsea,7,13,0,2026-01-04T17:30:00Z,0,0,0,0,0,0,0,0,0.0,0.0,0.0,0.0,0.0,0.0,0.0,0.0,0,48
2025-26,20,197,228,Malo Gusto,DEF,Chelsea,7,13,0,2026-01-04T17:30:00Z,90,2,0,0,0,1,0,10,10.8,2.6,0.0,1.3,0.0,0.01,0.01,0.99,1,50
2025-26,20,197,229,Benoît Badiashile Mukinayi,DEF,Chelsea,7,13,0,2026-01-04T17:30:00Z,90,2,0,0,0,1,0,13,21.4,0.2,0.0,2.2,0.0,0.0,0.0,0.99,1,44
2025-26,20,197,230,Wesley Fofana,DEF,Chelsea,7,13,0,2026-01-04T17:30:00Z,0,0,0,0,0,0,0,0,0.0,0.0,0.0,0.0,0.0,0.0,0.0,0.0,0,44
2025-26,20,197,231,Mamadou Sarr,DEF,Chelsea,7,13,0,2026-01-04T17:30:00Z,0,0,0,0,0,0,0,0,0.0,0.0,0.0,0.0,0.0,0.0,0.0,0.0,0,45
2025-26,20,197,232,Tosin Adarabioyo,DEF,Chelsea,7,13,0,2026-01-04T17:30:00Z,0,0,0,0,0,0,0,0,0.0,0.0,0.0,0.0,0.0,0.0,0.0,0.0,0,41
2025-26,20,197,233,Josh Acheampong,DEF,Chelsea,7,13,0,2026-01-04T17:30:00Z,61,2,0,0,0,1,0,3,11.2,0.3,4.0,1.6,0.0,0.0,0.0,0.91,1,38
2025-26,20,197,234,Aarón Anselmino,DEF,Chelsea,7,13,0,2026-01-04T17:30:00Z,0,0,0,0,0,0,0,0,0.0,0.0,0.0,0.0,0.0,0.0,0.0,0.0,0,40
2025-26,20,197,235,Cole Palmer,MID,Chelsea,7,13,0,2026-01-04T17:30:00Z,90,2,0,0,0,1,0,5,1.8,7.9,6.0,1.6,0.13,0.03,0.16,0.99,1,104
2025-26,20,197,236,Pedro Lomba Neto,MID,Chelsea,7,13,0,2026-01-04T17:30:00Z,90,2,0,0,0,1,0,3,5.0,3.1,8.0,1.6,0.3,0.02,0.32,0.99,1,72
2025-26,20,197,237,Enzo Fernández,MID,Chelsea,7,13,0,2026-01-04T17:30:00Z,90,11,1,0,0,1,3,33,61.2,24.1,85.0,17.0,0.89,0.36,1.25,0.99,1,64
2025-26,20,197,238,Estêvão Almeida de Oliveira Gonçalves,MID,Chelsea,7,13,0,2026-01-04T17:30:00Z,45,1,0,0,0,1,0,0,0.0,0.3,7.0,0.6,0.19,0.0,0.19,0.69,1,64
2025-26,20,197,239,Jamie Bynoe-Gittens,MID,Chelsea,7,13,0,2026-01-04T17:30:00Z,0,0,0,0,0,0,0,0,0.0,0.0,0.0,0.0,0.0,0.0,0.0,0.0,0,60
2025-26,20,197,240,Christopher Nkunku,MID,Chelsea,7,13,0,2026-01-04T17:30:00Z,0,0,0,0,0,0,0,0,0.0,0.0,0.0,0.0,0.0,0.0,0.0,0.0,0,59
2025-26,20,197,241,Moisés Caicedo Corozo,MID,Chelsea,7,13,0,2026-01-04T17:30:00Z,0,0,0,0,0,0,0,0,0.0,0.0,0.0,0.0,0.0,0.0,0.0,0.0,0,57
2025-26,20,194,242,Kiernan Dewsbury-Hall,MID,Everton,9,5,1,2026-01-04T15:00:00Z,0,0,0,0,0,0,0,0,0.0,0.0,0.0,0.0,0.0,0.0,0.0,0.0,0,50
2025-26,20,197,243,Tyrique George,MID,Chelsea,7,13,0,2026-01-04T17:30:00Z,0,0,0,0,0,0,0,0,0.0,0.0,0.0,0.0,0.0,0.0,0.0,0.0,0,48
2025-26,20,197,244,Roméo Lavia,MID,Chelsea,7,13,0,2026-01-04T17:30:00Z,0,0,0,0,0,0,0,0,0.0,0.0,0.0,0.0,0.0,0.0,0.0,0.0,0,49
2025-26,20,197,245,Mykhailo Mudryk,MID,Chelsea,7,13,0,2026-01-04T17:30:00Z,0,0,0,0,0,0,0,0,0.0,0.0,0.0,0.0,0.0,0.0,0.0,0.0,0,49
2025-26,20,197,246,Andrey Nascimento dos Santos,MID,Chelsea,7,13,0,2026-01-04T17:30:00Z,45,1,0,0,0,0,0,12,14.2,1.2,0.0,1.5,0.0,0.01,0.01,0.29,0,45
2025-26,20,197,247,Dário Luís Essugo,MID,Chelsea,7,13,0,2026-01-04T17:30:00Z,0,0,0,0,0,0,0,0,0.0,0.0,0.0,0.0,0.0,0.0,0.0,0.0,0,43
2025-26,20,197,248,Kendry Páez Andrade,MID,Chelsea,7,13,0,2026-01-04T17:30:00Z,0,0,0,0,0,0,0,0,0.0,0.0,0.0,0.0,0.0,0.0,0.0,0.0,0,45
2025-26,20,197,249,João Pedro Junqueira de Jesus,FWD,Chelsea,7,13,0,2026-01-04T17:30:00Z,61,2,0,0,0,1,0,8,2.2,5.9,0.0,0.8,0.0,0.07,0.07,0.91,1,72
2025-26,20,197,250,Liam Delap,FWD,Chelsea,7,13,0,2026-01-04T17:30:00Z,28,0,0,0,0,0,0,-1,0.0,5.3,23.0,2.8,0.23,0.01,0.24,0.08,0,62
2025-26,20,197,251,Nicolas Jackson,FWD,Chelsea,7,13,0,2026-01-04T17:30:00Z,0,0,0,0,0,0,0,0,0.0,0.0,0.0,0.0,0.0,0.0,0.0,0.0,0,65
2025-26,20,197,252,Marc Guiu Paz,FWD,Chelsea,7,13,0,2026-01-04T17:30:00Z,0,0,0,0,0,0,0,0,0.0,0.0,0.0,0.0,0.0,0.0,0.0,0.0,0,43
2025-26,20,198,253,Dean Henderson,GK,Crystal Palace,8,15,0,2026-01-04T15:00:00Z,90,2,0,0,0,2,0,17,41.0,0.0,0.0,4.1,0.0,0.0,0.0,2.08,1,51
2025-26,20,198,254,Walter Benítez,GK,Crystal Palace,8,15,0,2026-01-04T15:00:00Z,0,0,0,0,0,0,0,0,0.0,0.0,0.0,0.0,0.0,0.0,0.0,0.0,0,40
2025-26,20,198,255,Remi Matthews,GK,Crystal Palace,8,15,0,2026-01-04T15:00:00Z,0,0,0,0,0,0,0,0,0.0,0.0,0.0,0.0,0.0,0.0,0.0,0.0,0,39
2025-26,20,198,256,Daniel Muñoz Mejía,DEF,Crystal Palace,8,15,0,2026-01-04T15:00:00Z,0,0,0,0,0,0,0,0,0.0,0.0,0.0,0.0,0.0,0.0,0.0,0.0,0,58
2025-26,20,198,257,Maxence Lacroix,DEF,Crystal Palace,8,15,0,2026-01-04T15:00:00Z,90,3,0,0,0,2,0,4,26.2,1.0,8.0,3.5,0.05,0.01,0.06,2.08,1,52
2025-26,20,198,258,Tyrick Mitchell,DEF,Crystal Palace,8,15,0,2026-01-04T15:00:00Z,90,2,0,0,0,2,0,4,23.6,2.4,2.0,2.8,0.0,0.01,0.01,2.08,1,50
2025-26,20,198,259,Borna Sosa,DEF,Crystal Palace,8,15,0,2026-01-04T15:00:00Z,0,0,0,0,0,0,0,0,0.0,0.0,0.0,0.0,0.0,0.0,0.0,0.0,0,48
2025-26,20,198,260,Marc Guéhi,DEF,Crystal Palace,8,15,0,2026-01-04T15:00:00Z,90,2,0,0,0,2,0,3,14.0,2.3,11.0,2.7,0.14,0.01,0.15,2.08,1,53
2025-26,20,198,261,Chris Richards,DEF,Crystal Palace,8,15,0,2026-01-04T15:00:00Z,0,0,0,0,0,0,0,0,0.0,0.0,0.0,0.0,0.0,0.0,0.0,0.0,0,45
2025-26,20,198,262,Chadi Riad Dnanou,DEF,Crystal Palace,8,15,0,2026-01-04T15:00:00Z,0,0,0,0,0,0,0,0,0.0,0.0,0.0,0.0,0.0,0.0,0.0,0.0,0,40
2025-26,20,198,263,Nathaniel Clyne,DEF,Crystal Palace,8,15,0,2026-01-04T15:00:00Z,51,1,0,0,0,0,0,4,4.2,0.2,0.0,0.4,0.0,0.0,0.0,0.4,1,38
2025-26,20,198,264,Rob Holding,DEF,Crystal Palace,8,15,0,2026-01-04T15:00:00Z,0,0,0,0,0,0,0,0,0.0,0.0,0.0,0.0,0.0,0.0,0.0,0.0,0,40
2025-26,20,198,265,Caleb Kporha,DEF,Crystal Palace,8,15,0,2026-01-04T15:00:00Z,0,0,0,0,0,0,0,0,0.0,0.0,0.0,0.0,0.0,0.0,0.0,0.0,0,40
2025-26,20,192,266,Eberechi Eze,MID,Arsenal,1,4,0,2026-01-03T17:30:00Z,0,0,0,0,0,0,0,0,0.0,0.0,0.0,0.0,0.0,0.0,0.0,0.0,0,74
2025-26,20,198,267,Ismaïla Sarr,MID,Crystal Palace,8,15,0,2026-01-04T15:00:00Z,0,0,0,0,0,0,0,0,0.0,0.0,0.0,0.0,0.0,0.0,0.0,0.0,0,64
2025-26,20,198,268,Cheick Doucouré,MID,Crystal Palace,8,15,0,2026-01-04T15:00:00Z,0,0,0,0,0,0,0,0,0.0,0.0,0.0,0.0,0.0,0.0,0.0,0.0,0,49
2025-26,20,198,269,Romain Esse,MID,Crystal Palace,8,15,0,2026-01-04T15:00:00Z,3,1,0,0,0,0,0,2,0.0,1.3,0.0,0.1,0.0,0.02,0.02,0.65,0,47
2025-26,20,198,270,Will Hughes,MID,Crystal Palace,8,15,0,2026-01-04T15:00:00Z,90,2,0,0,0,2,0,11,9.6,5.3,14.0,2.9,0.26,0.02,0.28,2.08,1,47
2025-26,20,198,271,Daichi Kamada,MID,Crystal Palace,8,15,0,2026-01-04T15:00:00Z,0,0,0,0,0,0,0,0,0.0,0.0,0.0,0.0,0.0,0.0,0.0,0.0,0,50
2025-26,20,198,272,Jefferson Lerma Solís,MID,Crystal Palace,8,15,0,2026-01-04T15:00:00Z,37,1,0,0,0,0,0,4,5.6,0.3,0.0,0.6,0.0,0.0,0.0,0.35,1,49
2025-26,20,198,273,Adam Wharton,MID,Crystal Palace,8,15,0,2026-01-04T15:00:00Z,86,4,0,0,0,2,0,16,21.0,34.0,2.0,5.7,0.0,0.45,0.45,1.43,1,50
2025-26,20,198,274,Asher Agbinone,MID,Crystal Palace,8,15,0,2026-01-04T15:00:00Z,0,0,0,0,0,0,0,0,0.0,0.0,0.0,0.0,0.0,0.0,0.0,0.0,0,43
2025-26,20,198,275,Naouirou Ahamada,MID,Crystal Palace,8,15,0,2026-01-04T15:00:00Z,0,0,0,0,0,0,0,0,0.0,0.0,0.0,0.0,0.0,0.0,0.0,0.0,0,43
2025-26,20,198,276,Justin Devenny,MID,Crystal Palace,8,15,0,2026-01-04T15:00:00Z,38,1,0,0,0,2,0,4,5.4,1.8,0.0,0.7,0.0,0.03,0.03,1.68,0,43
2025-26,20,198,277,Malcolm Ebiowei,MID,Crystal Palace,8,15,0,2026-01-04T15:00:00Z,0,0,0,0,0,0,0,0,0.0,0.0,0.0,0.0,0.0,0.0,0.0,0.0,0,45
2025-26,20,198,278,Jesurun Rak-Sakyi,MID,Crystal Palace,8,15,0,2026-01-04T15:00:00Z,0,0,0,0,0,0,0,0,0.0,0.0,0.0,0.0,0.0,0.0,0.0,0.0,0,44
2025-26,20,198,279,Matheus França de Oliveira,MID,Crystal Palace,8,15,0,2026-01-04T15:00:00Z,0,0,0,0,0,0,0,0,0.0,0.0,0.0,0.0,0.0,0.0,0.0,0.0,0,45
2025-26,20,198,280,David Ozoh,MID,Crystal Palace,8,15,0,2026-01-04T15:00:00Z,0,0,0,0,0,0,0,0,0.0,0.0,0.0,0.0,0.0,0.0,0.0,0.0,0,45
2025-26,20,198,281,Kaden Rodney,MID,Crystal Palace,8,15,0,2026-01-04T15:00:00Z,3,1,0,0,0,0,0,2,0.0,0.1,0.0,0.0,0.0,0.0,0.0,0.65,0,44
2025-26,20,198,282,Franco Umeh-Chibueze,MID,Crystal Palace,8,15,0,2026-01-04T15:00:00Z,0,0,0,0,0,0,0,0,0.0,0.0,0.0,0.0,0.0,0.0,0.0,0.0,0,45
2025-26,20,198,283,Jean-Philippe Mateta,FWD,Crystal Palace,8,15,0,2026-01-04T15:00:00Z,86,2,0,0,0,2,0,3,0.0,0.8,7.0,0.7,0.13,0.01,0.14,1.43,1,76
2025-26,20,198,284,Eddie Nketiah,FWD,Crystal Palace,8,15,0,2026-01-04T15:00:00Z,0,0,0,0,0,0,0,0,0.0,0.0,0.0,0.0,0.0,0.0,0.0,0.0,0,54
2025-26,20,198,285,Odsonne Édouard,FWD,Crystal Palace,8,15,0,2026-01-04T15:00:00Z,0,0,0,0,0,0,0,0,0.0,0.0,0.0,0.0,0.0,0.0,0.0,0.0,0,50
2025-26,20,198,286,Zach Marsh,FWD,Crystal Palace,8,15,0,2026-01-04T15:00:00Z,0,0,0,0,0,0,0,0,0.0,0.0,0.0,0.0,0.0,0.0,0.0,0.0,0,45
2025-26,20,194,287,Jordan Pickford,GK,Everton,9,5,1,2026-01-04T15:00:00Z,90,1,0,0,0,4,0,3,30.6,0.0,0.0,3.1,0.0,0.01,0.01,2.4,1,55
2025-26,20,194,288,Mark Travers,GK,Everton,9,5,1,2026-01-04T15:00:00Z,0,0,0,0,0,0,0,0,0.0,0.0,0.0,0.0,0.0,0.0,0.0,0.0,0,43
2025-26,20,194,289,Harry Tyrer,GK,Everton,9,5,1,2026-01-04T15:00:00Z,0,0,0,0,0,0,0,0,0.0,0.0,0.0,0.0,0.0,0.0,0.0,0.0,0,39
2025-26,20,194,290,Jarrad Branthwaite,DEF,Everton,9,5,1,2026-01-04T15:00:00Z,0,0,0,0,0,0,0,0,0.0,0.0,0.0,0.0,0.0,0.0,0.0,0.0,0,53
2025-26,20,194,291,James Tarkowski,DEF,Everton,9,5,1,2026-01-04T15:00:00Z,90,2,0,0,0,4,0,9,31.0,20.9,28.0,8.0,0.29,0.06,0.35,2.4,1,56
2025-26,20,194,292,Vitalii Mykolenko,DEF,Everton,9,5,1,2026-01-04T15:00:00Z,90,0,0,0,0,4,0,-1,20.8,24.8,0.0,4.6,0.0,0.07,0.07,2.4,1,49
2025-26,20,194,293,Jake O'Brien,DEF,Everton,9,5,1,2026-01-04T15:00:00Z,90,0,0,0,0,4,0,0,16.4,3.1,2.0,2.2,0.0,0.02,0.02,2.4,1,49
2025-26,20,194,294,Séamus Coleman,DEF,Everton,9,5,1,2026-01-04T15:00:00Z,0,0,0,0,0,0,0,0,0.0,0.0,0.0,0.0,0.0,0.0,0.0,0.0,0,42
2025-26,20,194,295,Michael Keane,DEF,Everton,9,5,1,2026-01-04T15:00:00Z,90,0,0,0,0,4,0,-3,11.8,0.3,15.0,2.7,0.08,0.04,0.12,2.4,1,48
2025-26,20,194,296,Nathan Patterson,DEF,Everton,9,5,1,2026-01-04T15:00:00Z,0,0,0,0,0,0,0,0,0.0,0.0,0.0,0.0,0.0,0.0,0.0,0.0,0,44
2025-26,20,194,297,Roman Dixon,DEF,Everton,9,5,1,2026-01-04T15:00:00Z,0,0,0,0,0,0,0,0,0.0,0.0,0.0,0.0,0.0,0.0,0.0,0.0,0,38
2025-26,20,194,298,Reece Welch,DEF,Everton,9,5,1,2026-01-04T15:00:00Z,0,0,0,0,0,0,0,0,0.0,0.0,0.0,0.0,0.0,0.0,0.0,0.0,0,38
2025-26,20,194,299,Iliman Ndiaye,MID,Everton,9,5,1,2026-01-04T15:00:00Z,0,0,0,0,0,0,0,0,0.0,0.0,0.0,0.0,0.0,0.0,0.0,0.0,0,62
2025-26,20,194,300,Dwight McNeil,MID,Everton,9,5,1,2026-01-04T15:00:00Z,45,1,0,0,0,1,0,5,4.8,16.2,7.0,2.8,0.02,0.21,0.23,1.14,1,55
2025-26,20,194,301,Carlos Alcaraz Durán,MID,Everton,9,5,1,2026-01-04T15:00:00Z,0,0,0,0,0,0,0,0,0.0,0.0,0.0,0.0,0.0,0.0,0.0,0.0,0,52
2025-26,20,194,302,Idrissa Gana Gueye,MID,Everton,9,5,1,2026-01-04T15:00:00Z,0,0,0,0,0,0,0,0,0.0,0.0,0.0,0.0,0.0,0.0,0.0,0.0,0,54
2025-26,20,194,303,James Garner,MID,Everton,9,5,1,2026-01-04T15:00:00Z,90,4,0,0,0,4,0,25,29.0,28.9,7.0,6.5,0.04,0.13,0.17,2.4,1,51
2025-26,20,194,304,Tim Iroegbunam,MID,Everton,9,5,1,2026-01-04T15:00:00Z,76,4,0,0,0,3,0,10,12.2,2.2,4.0,1.8,0.05,0.02,0.07,1.99,1,48
2025-26,20,194,305,Harrison Armstrong,MID,Everton,9,5,1,2026-01-04T15:00:00Z,13,1,0,0,0,1,0,3,3.6,11.3,0.0,1.5,0.0,0.05,0.05,0.41,0,45
2025-26,20,194,306,Callum Bates,MID,Everton,9,5,1,2026-01-04T15:00:00Z,0,0,0,0,0,0,0,0,0.0,0.0,0.0,0.0,0.0,0.0,0.0,0.0,0,43
2025-26,20,194,307,Coby Ebere,MID,Everton,9,5,1,2026-01-04T15:00:00Z,0,0,0,0,0,0,0,0,0.0,0.0,0.0,0.0,0.0,0.0,0.0,0.0,0,44
2025-26,20,194,308,Isaac Heath,MID,Everton,9,5,1,2026-01-04T15:00:00Z,0,0,0,0,0,0,0,0,0.0,0.0,0.0,0.0,0.0,0.0,0.0,0.0,0,45
2025-26,20,194,309,Jenson Metcalfe,MID,Everton,9,5,1,2026-01-04T15:00:00Z,0,0,0,0,0,0,0,0,0.0,0.0,0.0,0.0,0.0,0.0,0.0,0.0,0,45
2025-26,20,194,310,Thierno Barry,FWD,Everton,9,5,1,2026-01-04T15:00:00Z,90,6,1,0,0,4,0,32,37.0,0.5,50.0,8.8,0.11,0.0,0.11,2.4,1,57
2025-26,20,194,311,Norberto Bercique Gomes Betuncal,FWD,Everton,9,5,1,2026-01-04T15:00:00Z,45,5,1,0,0,3,0,28,31.0,0.5,25.0,5.7,0.14,0.0,0.14,1.25,0,50
2025-26,20,194,312,Youssef Ramalho Chermiti,FWD,Everton,9,5,1,2026-01-04T15:00:00Z,0,0,0,0,0,0,0,0,0.0,0.0,0.0,0.0,0.0,0.0,0.0,0.0,0,49
2025-26,20,194,313,Martin Sherif,FWD,Everton,9,5,1,2026-01-04T15:00:00Z,0,0,0,0,0,0,0,0,0.0,0.0,0.0,0.0,0.0,0.0,0.0,0.0,0,44
2025-26,20,195,314,Bernd Leno,GK,Fulham,10,12,1,2026-01-04T15:15:00Z,90,1,0,0,0,2,0,2,7.4,0.0,0.0,0.7,0.0,0.0,0.0,1.35,1,49
2025-26,20,195,315,Steven Benda,GK,Fulham,10,12,1,2026-01-04T15:15:00Z,0,0,0,0,0,0,0,0,0.0,0.0,0.0,0.0,0.0,0.0,0.0,0.0,0,40
2025-26,20,195,316,Antonee Robinson,DEF,Fulham,10,12,1,2026-01-04T15:15:00Z,90,1,0,0,0,2,0,7,16.0,14.0,0.0,3.0,0.0,0.05,0.05,1.35,1,49
2025-26,20,195,317,Joachim Andersen,DEF,Fulham,10,12,1,2026-01-04T15:15:00Z,90,3,0,0,0,2,0,2,20.2,0.9,4.0,2.5,0.0,0.0,0.0,1.35,1,46
2025-26,20,195,318,Calvin Bassey,DEF,Fulham,10,12,1,2026-01-04T15:15:00Z,0,0,0,0,0,0,0,0,0.0,0.0,0.0,0.0,0.0,0.0,0.0,0.0,0,44
2025-26,20,195,319,Timothy Castagne,DEF,Fulham,10,12,1,2026-01-04T15:15:00Z,90,1,0,0,0,2,0,12,24.4,25.6,2.0,5.2,0.0,0.19,0.19,1.35,1,43
2025-26,20,195,320,Issa Diop,DEF,Fulham,10,12,1,2026-01-04T15:15:00Z,90,1,0,0,0,2,0,4,19.4,0.8,0.0,2.0,0.0,0.0,0.0,1.35,1,43
2025-26,20,195,321,Jorge Cuenca Barreno,DEF,Fulham,10,12,1,2026-01-04T15:15:00Z,90,3,0,0,0,2,0,13,22.2,1.1,0.0,2.3,0.0,0.0,0.0,1.35,1,43
2025-26,20,195,322,Kenny Tete,DEF,Fulham,10,12,1,2026-01-04T15:15:00Z,0,0,0,0,0,0,0,0,0.0,0.0,0.0,0.0,0.0,0.0,0.0,0.0,0,45
2025-26,20,195,323,Samuel Amissah,DEF,Fulham,10,12,1,2026-01-04T15:15:00Z,0,0,0,0,0,0,0,0,0.0,0.0,0.0,0.0,0.0,0.0,0.0,0.0,0,38
2025-26,20,195,324,Alex Iwobi,MID,Fulham,10,12,1,2026-01-04T15:15:00Z,0,0,0,0,0,0,0,0,0.0,0.0,0.0,0.0,0.0,0.0,0.0,0.0,0,63
2025-26,20,195,325,Emile Smith Rowe,MID,Fulham,10,12,1,2026-01-04T15:15:00Z,73,2,0,0,0,1,0,14,7.8,5.8,2.0,1.6,0.0,0.01,0.01,1.0,1,56
2025-26,20,195,326,Adama Traoré Diarra,MID,Fulham,10,12,1,2026-01-04T15:15:00Z,5,1,0,0,0,1,0,4,0.0,0.3,0.0,0.0,0.0,0.0,0.0,0.35,0,51
2025-26,20,195,327,Andreas Hoelgebaum Pereira,MID,Fulham,10,12,1,2026-01-04T15:15:00Z,0,0,0,0,0,0,0,0,0.0,0.0,0.0,0.0,0.0,0.0,0.0,0.0,0,53
2025-26,20,195,328,Ryan Sessegnon,MID,Fulham,10,12,1,2026-01-04T15:15:00Z,0,0,0,0,0,0,0,0,0.0,0.0,0.0,0.0,0.0,0.0,0.0,0.0,0,54
2025-26,20,195,329,Harry Wilson,MID,Fulham,10,12,1,2026-01-04T15:15:00Z,84,6,1,0,0,1,0,22,32.6,2.6,24.0,5.9,0.43,0.04,0.47,1.0,1,58
2025-26,20,195,330,Sander Berge,MID,Fulham,10,12,1,2026-01-04T15:15:00Z,16,1,0,0,0,1,0,5,4.8,0.8,0.0,0.6,0.0,0.0,0.0,0.35,0,49
2025-26,20,195,331,Tom Cairney,MID,Fulham,10,12,1,2026-01-04T15:15:00Z,73,2,0,0,0,1,0,14,9.6,13.5,6.0,2.9,0.0,0.02,0.02,1.0,1,48
2025-26,20,195,332,Saša Lukić,MID,Fulham,10,12,1,2026-01-04T15:15:00Z,90,2,0,0,0,1,0,13,3.6,3.9,2.0,1.0,0.0,0.05,0.05,1.0,1,49
2025-26,20,195,333,Martial Godo,MID,Fulham,10,12,1,2026-01-04T15:15:00Z,0,0,0,0,0,0,0,0,0.0,0.0,0.0,0.0,0.0,0.0,0.0,0.0,0,45
2025-26,20,195,334,Luke Harris,MID,Fulham,10,12,1,2026-01-04T15:15:00Z,0,0,0,0,0,0,0,0,0.0,0.0,0.0,0.0,0.0,0.0,0.0,0.0,0,45
2025-26,20,195,335,Josh King,MID,Fulham,10,12,1,2026-01-04T15:15:00Z,0,0,0,0,0,0,0,0,0.0,0.0,0.0,0.0,0.0,0.0,0.0,0.0,0,45
2025-26,20,195,336,Harrison Reed,MID,Fulham,10,12,1,2026-01-04T15:15:00Z,1,8,1,0,0,1,2,23,33.0,0.0,7.0,4.0,0.04,0.0,0.04,0.35,0,43
2025-26,20,195,337,Raúl Jiménez Rodríguez,FWD,Fulham,10,12,1,2026-01-04T15:15:00Z,84,5,0,1,0,1,0,15,13.8,11.4,13.0,3.8,0.17,0.0,0.17,1.0,1,62
2025-26,20,195,338,Rodrigo Muniz Carvalho,FWD,Fulham,10,12,1,2026-01-04T15:15:00Z,0,0,0,0,0,0,0,0,0.0,0.0,0.0,0.0,0.0,0.0,0.0,0.0,0,53
2025-26,20,196,339,Illan Meslier,GK,Leeds,11,14,1,2026-01-04T12:30:00Z,0,0,0,0,0,0,0,0,0.0,0.0,0.0,0.0,0.0,0.0,0.0,0.0,0,42
2025-26,20,196,340,Alex Cairns,GK,Leeds,11,14,1,2026-01-04T12:30:00Z,0,0,0,0,0,0,0,0,0.0,0.0,0.0,0.0,0.0,0.0,0.0,0.0,0,39
2025-26,20,196,341,Karl Darlow,GK,Leeds,11,14,1,2026-01-04T12:30:00Z,0,0,0,0,0,0,0,0,0.0,0.0,0.0,0.0,0.0,0.0,0.0,0.0,0,39
2025-26,20,196,342,Jayden Bogle,DEF,Leeds,11,14,1,2026-01-04T12:30:00Z,0,0,0,0,0,0,0,0,0.0,0.0,0.0,0.0,0.0,0.0,0.0,0.0,0,44
2025-26,20,196,343,Pascal Struijk,DEF,Leeds,11,14,1,2026-01-04T12:30:00Z,90,8,0,1,0,1,1,26,39.2,11.3,4.0,5.5,0.0,0.11,0.11,1.58,1,43
2025-26,20,196,344,Jaka Bijol,DEF,Leeds,11,14,1,2026-01-04T12:30:00Z,90,4,0,0,0,1,0,14,34.4,10.8,4.0,4.9,0.0,0.07,0.07,1.58,1,39
2025-26,20,196,345,Sebastiaan Bornauw,DEF,Leeds,11,14,1,2026-01-04T12:30:00Z,79,2,0,0,0,1,0,6,9.2,4.6,2.0,1.6,0.0,0.01,0.01,1.56,1,38
2025-26,20,196,346,Sam Byram,DEF,Leeds,11,14,1,2026-01-04T12:30:00Z,0,0,0,0,0,0,0,0,0.0,0.0,0.0,0.0,0.0,0.0,0.0,0.0,0,38
2025-26,20,196,347,Gabriel Gudmundsson,DEF,Leeds,11,14,1,2026-01-04T12:30:00Z,90,2,0,0,0,1,0,7,11.2,1.3,17.0,3.0,0.02,0.05,0.06,1.58,1,38
2025-26,20,196,348,Joe Rodon,DEF,Leeds,11,14,1,2026-01-04T12:30:00Z,0,0,0,0,0,0,0,0,0.0,0.0,0.0,0.0,0.0,0.0,0.0,0.0,0,39
2025-26,20,196,349,Isaac Schmidt,DEF,Leeds,11,14,1,2026-01-04T12:30:00Z,0,0,0,0,0,0,0,0,0.0,0.0,0.0,0.0,0.0,0.0,0.0,0.0,0,40
2025-26,20,196,350,Brenden Aaronson,MID,Leeds,11,14,1,2026-01-04T12:30:00Z,86,7,1,0,0,1,0,23,34.0,16.3,24.0,7.4,0.32,0.16,0.48,1.58,1,54
2025-26,20,196,351,Wilfried Gnonto,MID,Leeds,11,14,1,2026-01-04T12:30:00Z,10,1,0,0,0,0,0,1,0.4,0.3,0.0,0.1,0.0,0.0,0.0,0.03,0,52
2025-26,20,196,352,Jack Harrison,MID,Leeds,11,14,1,2026-01-04T12:30:00Z,0,0,0,0,0,0,0,0,0.0,0.0,0.0,0.0,0.0,0.0,0.0,0.0,0,51
2025-26,20,196,353,Daniel James,MID,Leeds,11,14,1,2026-01-04T12:30:00Z,0,0,0,0,0,0,0,0,0.0,0.0,0.0,0.0,0.0,0.0,0.0,0.0,0,52
2025-26,20,196,354,Ethan Ampadu,MID,Leeds,11,14,1,2026-01-04T12:30:00Z,0,0,0,0,0,0,0,0,0.0,0.0,0.0,0.0,0.0,0.0,0.0,0.0,0,49
2025-26,20,196,355,Sam Greenwood,MID,Leeds,11,14,1,2026-01-04T12:30:00Z,0,0,0,0,0,0,0,0,0.0,0.0,0.0,0.0,0.0,0.0,0.0,0.0,0,49
2025-26,20,196,356,Ilia Gruev,MID,Leeds,11,14,1,2026-01-04T12:30:00Z,79,2,0,0,0,1,0,13,12.4,3.3,0.0,1.6,0.0,0.03,0.03,1.56,1,47
2025-26,20,196,357,Largie Ramazani,MID,Leeds,11,14,1,2026-01-04T12:30:00Z,0,0,0,0,0,0,0,0,0.0,0.0,0.0,0.0,0.0,0.0,0.0,0.0,0,49
2025-26,20,196,358,Tanaka Ao,MID,Leeds,11,14,1,2026-01-04T12:30:00Z,10,1,0,0,0,0,0,3,2.6,0.3,0.0,0.3,0.0,0.01,0.01,0.03,0,48
2025-26,20,196,359,Charlie Crew,MID,Leeds,11,14,1,2026-01-04T12:30:00Z,0,0,0,0,0,0,0,0,0.0,0.0,0.0,0.0,0.0,0.0,0.0,0.0,0,45
2025-26,20,196,360,Joe Gelhardt,MID,Leeds,11,14,1,2026-01-04T12:30:00Z,0,0,0,0,0,0,0,0,0.0,0.0,0.0,0.0,0.0,0.0,0.0,0.0,0,45
2025-26,20,196,361,Darko Gyabi,MID,Leeds,11,14,1,2026-01-04T12:30:00Z,0,0,0,0,0,0,0,0,0.0,0.0,0.0,0.0,0.0,0.0,0.0,0.0,0,45
2025-26,20,196,362,Joël Piroe,FWD,Leeds,11,14,1,2026-01-04T12:30:00Z,3,1,0,0,0,0,0,1,0.0,0.6,9.0,0.9,0.12,0.01,0.13,0.0,0,49
2025-26,20,196,363,Patrick Bamford,FWD,Leeds,11,14,1,2026-01-04T12:30:00Z,0,0,0,0,0,0,0,0,0.0,0.0,0.0,0.0,0.0,0.0,0.0,0.0,0,49
2025-26,20,196,364,Mateo Joseph Fernández-Regatillo,FWD,Leeds,11,14,1,2026-01-04T12:30:00Z,0,0,0,0,0,0,0,0,0.0,0.0,0.0,0.0,0.0,0.0,0.0,0.0,0,50
2025-26,20,196,365,Lukas Nmecha,FWD,Leeds,11,14,1,2026-01-04T12:30:00Z,15,1,0,0,0,0,0,6,3.0,11.8,4.0,1.9,0.0,0.05,0.05,0.03,0,50
2025-26,20,195,366,Alisson Becker,GK,Liverpool,12,10,0,2026-01-04T15:15:00Z,90,1,0,0,0,2,0,-1,5.6,0.0,0.0,0.6,0.0,0.0,0.0,0.75,1,54
2025-26,20,195,367,Giorgi Mamardashvili,GK,Liverpool,12,10,0,2026-01-04T15:15:00Z,0,0,0,0,0,0,0,0,0.0,0.0,0.0,0.0,0.0,0.0,0.0,0.0,0,42
2025-26,20,195,368,Ármin Pécsi,GK,Liverpool,12,10,0,2026-01-04T15:15:00Z,0,0,0,0,0,0,0,0,0.0,0.0,0.0,0.0,0.0,0.0,0.0,0.0,0,39
2025-26,20,195,369,Freddie Woodman,GK,Liverpool,12,10,0,2026-01-04T15:15:00Z,0,0,0,0,0,0,0,0,0.0,0.0,0.0,0.0,0.0,0.0,0.0,0.0,0,39
2025-26,20,195,370,Jeremie Frimpong,DEF,Liverpool,12,10,0,2026-01-04T15:15:00Z,14,4,0,1,0,1,0,8,1.0,0.8,0.0,0.2,0.0,0.0,0.0,0.36,0,57
2025-26,20,195,371,Milos Kerkez,DEF,Liverpool,12,10,0,2026-01-04T15:15:00Z,90,1,0,0,0,2,0,5,7.8,4.3,6.0,1.8,0.0,0.02,0.02,0.75,1,56
2025-26,20,195,372,Andrew Robertson,DEF,Liverpool,12,10,0,2026-01-04T15:15:00Z,0,0,0,0,0,0,0,0,0.0,0.0,0.0,0.0,0.0,0.0,0.0,0.0,0,58
2025-26,20,195,373,Virgil van Dijk,DEF,Liverpool,12,10,0,2026-01-04T15:15:00Z,90,1,0,0,0,2,0,7,15.6,2.1,4.0,2.2,0.0,0.11,0.11,0.75,1,59
2025-26,20,195,374,Ibrahima Konaté,DEF,Liverpool,12,10,0,2026-01-04T15:15:00Z,90,1,0,0,0,2,0,10,20.4,3.0,0.0,2.3,0.0,0.04,0.04,0.75,1,54
2025-26,20,195,375,Conor Bradley,DEF,Liverpool,12,10,0,2026-01-04T15:15:00Z,90,8,0,1,0,2,2,23,37.8,16.1,4.0,5.8,0.0,0.1,0.1,0.75,1,50
2025-26,20,195,376,Joe Gomez,DEF,Liverpool,12,10,0,2026-01-04T15:15:00Z,1,1,0,0,0,1,0,-2,0.0,0.0,0.0,0.0,0.0,0.0,0.0,0.04,0,49
2025-26,20,195,377,Konstantinos Tsimikas,DEF,Liverpool,12,10,0,2026-01-04T15:15:00Z,0,0,0,0,0,0,0,0,0.0,0.0,0.0,0.0,0.0,0.0,0.0,0.0,0,48
2025-26,20,195,378,Amara Nallo,DEF,Liverpool,12,10,0,2026-01-04T15:15:00Z,0,0,0,0,0,0,0,0,0.0,0.0,0.0,0.0,0.0,0.0,0.0,0.0,0,37
2025-26,20,195,379,Rhys Williams,DEF,Liverpool,12,10,0,2026-01-04T15:15:00Z,0,0,0,0,0,0,0,0,0.0,0.0,0.0,0.0,0.0,0.0,0.0,0.0,0,38
2025-26,20,195,380,Calvin Ramsay,DEF,Liverpool,12,10,0,2026-01-04T15:15:00Z,0,0,0,0,0,0,0,0,0.0,0.0,0.0,0.0,0.0,0.0,0.0,0.0,0,38
2025-26,20,195,381,Mohamed Salah,MID,Liverpool,12,10,0,2026-01-04T15:15:00Z,0,0,0,0,0,0,0,0,0.0,0.0,0.0,0.0,0.0,0.0,0.0,0.0,0,140
2025-26,20,195,382,Florian Wirtz,MID,Liverpool,12,10,0,2026-01-04T15:15:00Z,75,10,1,0,0,1,3,31,38.6,22.9,31.0,9.3,0.45,0.44,0.89,0.38,1,82
2025-26,20,195,383,Luis Díaz Marulanda,MID,Liverpool,12,10,0,2026-01-04T15:15:00Z,0,0,0,0,0,0,0,0,0.0,0.0,0.0,0.0,0.0,0.0,0.0,0.0,0,80
2025-26,20,195,384,Cody Gakpo,MID,Liverpool,12,10,0,2026-01-04T15:15:00Z,90,6,1,0,0,1,0,17,26.2,3.3,55.0,8.5,0.59,0.04,0.63,0.71,1,73
2025-26,20,195,385,Federico Chiesa,MID,Liverpool,12,10,0,2026-01-04T15:15:00Z,5,1,0,0,0,1,0,2,0.0,0.1,0.0,0.0,0.0,0.0,0.0,0.04,0,63
2025-26,20,195,386,Alexis Mac Allister,MID,Liverpool,12,10,0,2026-01-04T15:15:00Z,90,2,0,0,0,2,0,9,7.0,8.3,10.0,2.5,0.06,0.04,0.1,0.75,1,62
2025-26,20,195,387,Dominik Szoboszlai,MID,Liverpool,12,10,0,2026-01-04T15:15:00Z,90,2,0,0,0,2,0,8,4.6,22.3,5.0,3.2,0.05,0.11,0.16,0.75,1,66
2025-26,20,195,388,Curtis Jones,MID,Liverpool,12,10,0,2026-01-04T15:15:00Z,84,2,0,0,0,1,0,19,14.0,44.0,12.0,7.0,0.21,0.31,0.52,0.71,1,54
2025-26,20,191,389,Harvey Elliott,MID,Aston Villa,2,16,1,2026-01-03T12:30:00Z,0,0,0,0,0,0,0,0,0.0,0.0,0.0,0.0,0.0,0.0,0.0,0.0,0,51
2025-26,20,195,390,Ryan Gravenberch,MID,Liverpool,12,10,0,2026-01-04T15:15:00Z,90,2,0,0,0,2,0,17,14.0,17.8,0.0,3.2,0.0,0.04,0.04,0.75,1,57
2025-26,20,192,391,Ben Gannon-Doak,MID,Bournemouth,4,1,1,2026-01-03T17:30:00Z,0,0,0,0,0,0,0,0,0.0,0.0,0.0,0.0,0.0,0.0,0.0,0.0,0,48
2025-26,20,195,392,Endo Wataru,MID,Liverpool,12,10,0,2026-01-04T15:15:00Z,0,0,0,0,0,0,0,0,0.0,0.0,0.0,0.0,0.0,0.0,0.0,0.0,0,49
2025-26,20,195,393,Stefan Bajčetić Maquieira,MID,Liverpool,12,10,0,2026-01-04T15:15:00Z,0,0,0,0,0,0,0,0,0.0,0.0,0.0,0.0,0.0,0.0,0.0,0.0,0,43
2025-26,20,195,394,James McConnell,MID,Liverpool,12,10,0,2026-01-04T15:15:00Z,0,0,0,0,0,0,0,0,0.0,0.0,0.0,0.0,0.0,0.0,0.0,0.0,0,44
2025-26,20,195,395,Tyler Morton,MID,Liverpool,12,10,0,2026-01-04T15:15:00Z,0,0,0,0,0,0,0,0,0.0,0.0,0.0,0.0,0.0,0.0,0.0,0.0,0,45
2025-26,20,195,396,Trey Nyoni,MID,Liverpool,12,10,0,2026-01-04T15:15:00Z,0,0,0,0,0,0,0,0,0.0,0.0,0.0,0.0,0.0,0.0,0.0,0.0,0,43
2025-26,20,195,397,Darwin Núñez Ribeiro,FWD,Liverpool,12,10,0,2026-01-04T15:15:00Z,0,0,0,0,0,0,0,0,0.0,0.0,0.0,0.0,0.0,0.0,0.0,0.0,0,65
2025-26,20,195,398,Jayden Danns,FWD,Liverpool,12,10,0,2026-01-04T15:15:00Z,0,0,0,0,0,0,0,0,0.0,0.0,0.0,0.0,0.0,0.0,0.0,0.0,0,43
2025-26,20,197,399,Ederson Santana de Moraes,GK,Man City,13,7,1,2026-01-04T17:30:00Z,0,0,0,0,0,0,0,0,0.0,0.0,0.0,0.0,0.0,0.0,0.0,0.0,0,53
2025-26,20,197,400,Stefan Ortega Moreno,GK,Man City,13,7,1,2026-01-04T17:30:00Z,0,0,0,0,0,0,0,0,0.0,0.0,0.0,0.0,0.0,0.0,0.0,0.0,0,47
2025-26,20,197,401,Marcus Bettinelli,GK,Man City,13,7,1,2026-01-04T17:30:00Z,0,0,0,0,0,0,0,0,0.0,0.0,0.0,0.0,0.0,0.0,0.0,0.0,0,39
2025-26,20,197,402,Rayan Aït-Nouri,DEF,Man City,13,7,1,2026-01-04T17:30:00Z,0,0,0,0,0,0,0,0,0.0,0.0,0.0,0.0,0.0,0.0,0.0,0.0,0,57
2025-26,20,197,403,Joško Gvardiol,DEF,Man City,13,7,1,2026-01-04T17:30:00Z,50,1,0,0,0,0,0,13,13.0,6.1,0.0,1.9,0.0,0.02,0.02,0.49,1,61
2025-26,20,197,404,Manuel Akanji,DEF,Man City,13,7,1,2026-01-04T17:30:00Z,0,0,0,0,0,0,0,0,0.0,0.0,0.0,0.0,0.0,0.0,0.0,0.0,0,54
2025-26,20,197,405,Nathan Aké,DEF,Man City,13,7,1,2026-01-04T17:30:00Z,9,1,0,0,0,1,0,1,3.6,0.0,0.0,0.4,0.0,0.0,0.0,1.16,0,53
2025-26,20,197,406,Abdukodir Khusanov,DEF,Man City,13,7,1,2026-01-04T17:30:00Z,39,1,0,0,0,1,0,2,8.0,0.3,0.0,0.8,0.0,0.0,0.0,1.24,0,54
2025-26,20,197,407,Matheus Nunes,DEF,Man City,13,7,1,2026-01-04T17:30:00Z,90,1,0,0,0,1,0,14,15.2,6.7,0.0,2.2,0.0,0.01,0.01,1.73,1,54
2025-26,20,197,408,Rúben dos Santos Gato Alves Dias,DEF,Man City,13,7,1,2026-01-04T17:30:00Z,80,5,0,0,1,0,0,23,9.4,4.0,33.0,4.6,0.08,0.02,0.1,0.57,1,57
2025-26,20,197,409,John Stones,DEF,Man City,13,7,1,2026-01-04T17:30:00Z,0,0,0,0,0,0,0,0,0.0,0.0,0.0,0.0,0.0,0.0,0.0,0.0,0,54
2025-26,20,197,410,Rico Lewis,DEF,Man City,13,7,1,2026-01-04T17:30:00Z,0,0,0,0,0,0,0,0,0.0,0.0,0.0,0.0,0.0,0.0,0.0,0.0,0,47
2025-26,20,197,411,Nico O'Reilly,DEF,Man City,13,7,1,2026-01-04T17:30:00Z,90,2,0,0,0,1,0,15,15.0,8.3,9.0,3.2,0.1,0.02,0.12,1.73,1,53
2025-26,20,197,412,Vitor de Oliveira Nunes dos Reis,DEF,Man City,13,7,1,2026-01-04T17:30:00Z,0,0,0,0,0,0,0,0,0.0,0.0,0.0,0.0,0.0,0.0,0.0,0.0,0,50
2025-26,20,197,413,Omar Marmoush,MID,Man City,13,7,1,2026-01-04T17:30:00Z,0,0,0,0,0,0,0,0,0.0,0.0,0.0,0.0,0.0,0.0,0.0,0.0,0,83
2025-26,20,197,414,Phil Foden,MID,Man City,13,7,1,2026-01-04T17:30:00Z,90,2,0,0,0,1,0,6,5.8,49.9,18.0,7.4,0.2,0.09,0.29,1.73,1,89
2025-26,20,197,415,Sávio Moreira de Oliveira,MID,Man City,13,7,1,2026-01-04T17:30:00Z,0,0,0,0,0,0,0,0,0.0,0.0,0.0,0.0,0.0,0.0,0.0,0.0,0,69
2025-26,20,197,416,Bernardo Mota Veiga de Carvalho e Silva,MID,Man City,13,7,1,2026-01-04T17:30:00Z,90,1,0,0,0,1,0,6,2.0,25.2,8.0,3.5,0.06,0.02,0.08,1.73,1,62
2025-26,20,197,417,Rayan Cherki,MID,Man City,13,7,1,2026-01-04T17:30:00Z,90,4,0,0,0,1,0,8,4.6,21.8,25.0,5.1,0.05,0.25,0.3,1.73,1,68
2025-26,20,197,418,Jérémy Doku,MID,Man City,13,7,1,2026-01-04T17:30:00Z,20,1,0,0,0,1,0,6,2.4,3.9,7.0,1.3,0.03,0.13,0.16,1.24,0,64
2025-26,20,194,419,Jack Grealish,MID,Everton,9,5,1,2026-01-04T15:00:00Z,90,10,0,2,0,4,2,44,52.8,56.8,16.0,12.6,0.0,0.17,0.17,2.4,1,65
2025-26,20,197,420,İlkay Gündoğan,MID,Man City,13,7,1,2026-01-04T17:30:00Z,0,0,0,0,0,0,0,0,0.0,0.0,0.0,0.0,0.0,0.0,0.0,0.0,0,63
2025-26,20,197,421,Rodrigo 'Rodri' Hernandez Cascante,MID,Man City,13,7,1,2026-01-04T17:30:00Z,90,5,0,0,0,1,1,26,25.0,46.4,6.0,7.7,0.0,0.12,0.12,1.73,1,63
2025-26,20,197,422,Mateo Kovačić,MID,Man City,13,7,1,2026-01-04T17:30:00Z,0,0,0,0,0,0,0,0,0.0,0.0,0.0,0.0,0.0,0.0,0.0,0.0,0,59
2025-26,20,197,423,Nico González Iglesias,MID,Man City,13,7,1,2026-01-04T17:30:00Z,0,0,0,0,0,0,0,0,0.0,0.0,0.0,0.0,0.0,0.0,0.0,0.0,0,59
2025-26,20,197,424,Oscar Bobb,MID,Man City,13,7,1,2026-01-04T17:30:00Z,0,0,0,0,0,0,0,0,0.0,0.0,0.0,0.0,0.0,0.0,0.0,0.0,0,51
2025-26,20,197,425,Claudio Echeverri,MID,Man City,13,7,1,2026-01-04T17:30:00Z,0,0,0,0,0,0,0,0,0.0,0.0,0.0,0.0,0.0,0.0,0.0,0.0,0,54
2025-26,20,191,426,James McAtee,MID,Nott'm Forest,16,2,0,2026-01-03T12:30:00Z,21,0,0,0,0,1,0,-2,0.0,3.1,0.0,0.3,0.0,0.0,0.0,0.39,0,50
2025-26,20,197,427,Tijjani Reijnders,MID,Man City,13,7,1,2026-01-04T17:30:00Z,69,10,1,0,1,0,2,28,40.0,35.6,23.0,9.9,0.05,0.24,0.29,0.49,1,52
2025-26,20,197,428,Sverre Nypan,MID,Man City,13,7,1,2026-01-04T17:30:00Z,0,0,0,0,0,0,0,0,0.0,0.0,0.0,0.0,0.0,0.0,0.0,0.0,0,50
2025-26,20,197,429,Kalvin Phillips,MID,Man City,13,7,1,2026-01-04T17:30:00Z,0,0,0,0,0,0,0,0,0.0,0.0,0.0,0.0,0.0,0.0,0.0,0.0,0,48
2025-26,20,197,430,Erling Haaland,FWD,Man City,13,7,1,2026-01-04T17:30:00Z,90,2,0,0,0,1,0,9,3.4,2.5,23.0,2.9,0.41,0.02,0.43,1.73,1,151
2025-26,20,196,431,Altay Bayındır,GK,Man Utd,14,11,0,2026-01-04T12:30:00Z,0,0,0,0,0,0,0,0,0.0,0.0,0.0,0.0,0.0,0.0,0.0,0.0,0,48
2025-26,20,196,432,André Onana,GK,Man Utd,14,11,0,2026-01-04T12:30:00Z,0,0,0,0,0,0,0,0,0.0,0.0,0.0,0.0,0.0,0.0,0.0,0.0,0,49
2025-26,20,196,433,Elyh Harrison,GK,Man Utd,14,11,0,2026-01-04T12:30:00Z,0,0,0,0,0,0,0,0,0.0,0.0,0.0,0.0,0.0,0.0,0.0,0.0,0,40
2025-26,20,196,434,Tom Heaton,GK,Man Utd,14,11,0,2026-01-04T12:30:00Z,0,0,0,0,0,0,0,0,0.0,0.0,0.0,0.0,0.0,0.0,0.0,0.0,0,39
2025-26,20,196,435,Dermot Mee,GK,Man Utd,14,11,0,2026-01-04T12:30:00Z,0,0,0,0,0,0,0,0,0.0,0.0,0.0,0.0,0.0,0.0,0.0,0.0,0,39
2025-26,20,196,436,Matthijs de Ligt,DEF,Man Utd,14,11,0,2026-01-04T12:30:00Z,0,0,0,0,0,0,0,0,0.0,0.0,0.0,0.0,0.0,0.0,0.0,0.0,0,49
2025-26,20,196,437,Lisandro Martínez,DEF,Man Utd,14,11,0,2026-01-04T12:30:00Z,90,4,0,0,0,1,0,16,25.4,11.2,4.0,4.1,0.02,0.05,0.07,0.9,1,48
2025-26,20,196,438,Noussair Mazraoui,DEF,Man Utd,14,11,0,2026-01-04T12:30:00Z,0,0,0,0,0,0,0,0,0.0,0.0,0.0,0.0,0.0,0.0,0.0,0.0,0,49
2025-26,20,196,439,Diego León Blanco,DEF,Man Utd,14,11,0,2026-01-04T12:30:00Z,0,0,0,0,0,0,0,0,0.0,0.0,0.0,0.0,0.0,0.0,0.0,0.0,0,42
2025-26,20,196,440,Diogo Dalot Teixeira,DEF,Man Utd,14,11,0,2026-01-04T12:30:00Z,90,2,0,0,0,1,0,10,14.4,3.5,6.0,2.4,0.07,0.03,0.1,0.9,1,45
2025-26,20,196,441,Patrick Dorgu,DEF,Man Utd,14,11,0,2026-01-04T12:30:00Z,90,1,0,0,0,1,0,1,9.8,25.9,5.0,4.1,0.06,0.05,0.11,0.9,1,42
2025-26,20,196,442,Harry Maguire,DEF,Man Utd,14,11,0,2026-01-04T12:30:00Z,0,0,0,0,0,0,0,0,0.0,0.0,0.0,0.0,0.0,0.0,0.0,0.0,0,43
2025-26,20,196,443,Luke Shaw,DEF,Man Utd,14,11,0,2026-01-04T12:30:00Z,90,2,0,0,0,1,0,13,15.8,16.3,4.0,3.6,0.0,0.04,0.04,0.9,1,45
2025-26,20,196,444,Leny Yoro,DEF,Man Utd,14,11,0,2026-01-04T12:30:00Z,62,2,0,0,0,1,0,4,10.8,0.8,35.0,4.7,0.31,0.0,0.31,0.63,1,42
2025-26,20,196,445,Harry Amass,DEF,Man Utd,14,11,0,2026-01-04T12:30:00Z,0,0,0,0,0,0,0,0,0.0,0.0,0.0,0.0,0.0,0.0,0.0,0.0,0,40
2025-26,20,196,446,Tyler Fredricson,DEF,Man Utd,14,11,0,2026-01-04T12:30:00Z,0,0,0,0,0,0,0,0,0.0,0.0,0.0,0.0,0.0,0.0,0.0,0.0,0,38
2025-26,20,196,447,Ayden Heaven,DEF,Man Utd,14,11,0,2026-01-04T12:30:00Z,90,4,0,0,0,1,0,17,20.6,0.3,0.0,2.1,0.0,0.0,0.0,0.9,1,39
2025-26,20,196,448,Tyrell Malacia,DEF,Man Utd,14,11,0,2026-01-04T12:30:00Z,0,0,0,0,0,0,0,0,0.0,0.0,0.0,0.0,0.0,0.0,0.0,0.0,0,38
2025-26,20,196,449,Bruno Borges Fernandes,MID,Man Utd,14,11,0,2026-01-04T12:30:00Z,0,0,0,0,0,0,0,0,0.0,0.0,0.0,0.0,0.0,0.0,0.0,0.0,0,91
2025-26,20,196,450,Matheus Santos Carneiro da Cunha,MID,Man Utd,14,11,0,2026-01-04T12:30:00Z,90,9,1,0,0,1,2,27,42.2,15.1,30.0,8.7,0.15,0.03,0.18,0.9,1,82
2025-26,20,196,451,Marcus Rashford,MID,Man Utd,14,11,0,2026-01-04T12:30:00Z,0,0,0,0,0,0,0,0,0.0,0.0,0.0,0.0,0.0,0.0,0.0,0.0,0,70
2025-26,20,196,452,Amad Diallo,MID,Man Utd,14,11,0,2026-01-04T12:30:00Z,0,0,0,0,0,0,0,0,0.0,0.0,0.0,0.0,0.0,0.0,0.0,0.0,0,63
2025-26,20,197,453,Alejandro Garnacho Ferreyra,MID,Chelsea,7,13,0,2026-01-04T17:30:00Z,0,0,0,0,0,0,0,0,0.0,0.0,0.0,0.0,0.0,0.0,0.0,0.0,0,64
2025-26,20,196,454,Antony dos Santos,MID,Man Utd,14,11,0,2026-01-04T12:30:00Z,0,0,0,0,0,0,0,0,0.0,0.0,0.0,0.0,0.0,0.0,0.0,0.0,0,59
2025-26,20,196,455,Mason Mount,MID,Man Utd,14,11,0,2026-01-04T12:30:00Z,0,0,0,0,0,0,0,0,0.0,0.0,0.0,0.0,0.0,0.0,0.0,0.0,0,59
2025-26,20,191,456,Jadon Sancho,MID,Aston Villa,2,16,1,2026-01-03T12:30:00Z,21,1,0,0,0,0,0,2,0.0,1.8,6.0,0.8,0.02,0.0,0.02,0.19,0,58
2025-26,20,196,457,Carlos Henrique Casimiro,MID,Man Utd,14,11,0,2026-01-04T12:30:00Z,90,7,0,0,0,1,3,29,31.8,51.2,7.0,9.0,0.05,0.46,0.51,0.9,1,55
2025-26,20,196,458,Kobbie Mainoo,MID,Man Utd,14,11,0,2026-01-04T12:30:00Z,0,0,0,0,0,0,0,0,0.0,0.0,0.0,0.0,0.0,0.0,0.0,0.0,0,46
2025-26,20,196,459,Manuel Ugarte Ribeiro,MID,Man Utd,14,11,0,2026-01-04T12:30:00Z,90,4,0,0,0,1,0,17,14.0,3.4,7.0,2.4,0.12,0.01,0.13,0.9,1,47
2025-26,20,196,460,Toby Collyer,MID,Man Utd,14,11,0,2026-01-04T12:30:00Z,0,0,0,0,0,0,0,0,0.0,0.0,0.0,0.0,0.0,0.0,0.0,0.0,0,45
2025-26,20,196,461,Jayce Fitzgerald,MID,Man Utd,14,11,0,2026-01-04T12:30:00Z,0,0,0,0,0,0,0,0,0.0,0.0,0.0,0.0,0.0,0.0,0.0,0.0,0,44
2025-26,20,196,462,Jack Fletcher,MID,Man Utd,14,11,0,2026-01-04T12:30:00Z,0,0,0,0,0,0,0,0,0.0,0.0,0.0,0.0,0.0,0.0,0.0,0.0,0,43
2025-26,20,196,463,Sékou Koné,MID,Man Utd,14,11,0,2026-01-04T12:30:00Z,0,0,0,0,0,0,0,0,0.0,0.0,0.0,0.0,0.0,0.0,0.0,0.0,0,43
2025-26,20,196,464,Jack Moorhouse,MID,Man Utd,14,11,0,2026-01-04T12:30:00Z,0,0,0,0,0,0,0,0,0.0,0.0,0.0,0.0,0.0,0.0,0.0,0.0,0,45
2025-26,20,196,465,Rasmus Højlund,FWD,Man Utd,14,11,0,2026-01-04T12:30:00Z,0,0,0,0,0,0,0,0,0.0,0.0,0.0,0.0,0.0,0.0,0.0,0.0,0,63
2025-26,20,196,466,Joshua Zirkzee,FWD,Man Utd,14,11,0,2026-01-04T12:30:00Z,27,4,0,1,0,0,0,16,19.0,22.5,2.0,4.4,0.0,0.15,0.15,0.27,0,58
2025-26,20,196,467,Chido Obi,FWD,Man Utd,14,11,0,2026-01-04T12:30:00Z,0,0,0,0,0,0,0,0,0.0,0.0,0.0,0.0,0.0,0.0,0.0,0.0,0,42
2025-26,20,196,468,Ethan Wheatley,FWD,Man Utd,14,11,0,2026-01-04T12:30:00Z,0,0,0,0,0,0,0,0,0.0,0.0,0.0,0.0,0.0,0.0,0.0,0.0,0,45
2025-26,20,198,469,Nick Pope,GK,Newcastle,15,8,1,2026-01-04T15:00:00Z,90,6,0,0,1,0,0,22,11.2,0.0,0.0,1.1,0.0,0.0,0.0,0.7,1,51
2025-26,20,193,470,Martin Dúbravka,GK,Burnley,3,6,0,2026-01-03T15:00:00Z,90,1,0,0,0,2,0,10,19.2,0.0,0.0,1.9,0.0,0.0,0.0,1.45,1,40
2025-26,20,198,471,Mark Gillespie,GK,Newcastle,15,8,1,2026-01-04T15:00:00Z,0,0,0,0,0,0,0,0,0.0,0.0,0.0,0.0,0.0,0.0,0.0,0.0,0,39
2025-26,20,198,472,Odysseas Vlachodimos,GK,Newcastle,15,8,1,2026-01-04T15:00:00Z,0,0,0,0,0,0,0,0,0.0,0.0,0.0,0.0,0.0,0.0,0.0,0.0,0,40
2025-26,20,198,473,Lewis Hall,DEF,Newcastle,15,8,1,2026-01-04T15:00:00Z,62,6,0,0,1,0,0,29,24.2,25.8,11.0,6.1,0.05,0.4,0.45,0.59,1,53
2025-26,20,198,474,Fabian Schär,DEF,Newcastle,15,8,1,2026-01-04T15:00:00Z,90,8,0,0,1,0,0,30,36.4,14.9,19.0,7.0,0.2,0.08,0.28,0.7,1,53
2025-26,20,198,475,Sven Botman,DEF,Newcastle,15,8,1,2026-01-04T15:00:00Z,0,0,0,0,0,0,0,0,0.0,0.0,0.0,0.0,0.0,0.0,0.0,0.0,0,49
2025-26,20,198,476,Dan Burn,DEF,Newcastle,15,8,1,2026-01-04T15:00:00Z,0,0,0,0,0,0,0,0,0.0,0.0,0.0,0.0,0.0,0.0,0.0,0.0,0,50
2025-26,20,198,477,Tino Livramento,DEF,Newcastle,15,8,1,2026-01-04T15:00:00Z,27,1,0,0,0,0,0,4,6.0,10.8,2.0,1.9,0.0,0.01,0.01,0.11,0,49
2025-26,20,198,478,Kieran Trippier,DEF,Newcastle,15,8,1,2026-01-04T15:00:00Z,0,0,0,0,0,0,0,0,0.0,0.0,0.0,0.0,0.0,0.0,0.0,0.0,0,49
2025-26,20,198,479,Emil Krafth,DEF,Newcastle,15,8,1,2026-01-04T15:00:00Z,0,0,0,0,0,0,0,0,0.0,0.0,0.0,0.0,0.0,0.0,0.0,0.0,0,43
2025-26,20,198,480,Jamaal Lascelles,DEF,Newcastle,15,8,1,2026-01-04T15:00:00Z,0,0,0,0,0,0,0,0,0.0,0.0,0.0,0.0,0.0,0.0,0.0,0.0,0,43
2025-26,20,198,481,Alex Murphy,DEF,Newcastle,15,8,1,2026-01-04T15:00:00Z,0,0,0,0,0,0,0,0,0.0,0.0,0.0,0.0,0.0,0.0,0.0,0.0,0,38
2025-26,20,198,482,Harrison Ashby,DEF,Newcastle,15,8,1,2026-01-04T15:00:00Z,0,0,0,0,0,0,0,0,0.0,0.0,0.0,0.0,0.0,0.0,0.0,0.0,0,39
2025-26,20,198,483,Miodrag Pivaš,DEF,Newcastle,15,8,1,2026-01-04T15:00:00Z,0,0,0,0,0,0,0,0,0.0,0.0,0.0,0.0,0.0,0.0,0.0,0.0,0,38
2025-26,20,198,484,Matt Targett,DEF,Newcastle,15,8,1,2026-01-04T15:00:00Z,0,0,0,0,0,0,0,0,0.0,0.0,0.0,0.0,0.0,0.0,0.0,0.0,0,40
2025-26,20,198,485,Anthony Gordon,MID,Newcastle,15,8,1,2026-01-04T15:00:00Z,62,2,0,0,1,0,0,2,4.4,12.8,6.0,2.3,0.0,0.08,0.08,0.59,1,74
2025-26,20,198,486,Anthony Elanga,MID,Newcastle,15,8,1,2026-01-04T15:00:00Z,0,0,0,0,0,0,0,0,0.0,0.0,0.0,0.0,0.0,0.0,0.0,0.0,0,65
2025-26,20,198,487,Harvey Barnes,MID,Newcastle,15,8,1,2026-01-04T15:00:00Z,27,1,0,0,0,0,0,9,15.0,19.4,47.0,8.1,0.47,0.21,0.68,0.11,0,61
2025-26,20,198,488,Bruno Guimarães Rodriguez Moura,MID,Newcastle,15,8,1,2026-01-04T15:00:00Z,90,10,1,0,1,0,2,44,50.0,22.7,37.0,11.0,0.26,0.25,0.51,0.7,1,70
2025-26,20,198,489,Jacob Murphy,MID,Newcastle,15,8,1,2026-01-04T15:00:00Z,87,3,0,0,1,0,0,5,5.8,15.3,8.0,2.9,0.02,0.13,0.15,0.7,1,60
2025-26,20,198,490,Joelinton Cássio Apolinário de Lira,MID,Newcastle,15,8,1,2026-01-04T15:00:00Z,90,5,0,0,1,0,0,14,20.0,3.9,6.0,3.0,0.06,0.02,0.08,0.7,1,59
2025-26,20,198,491,Sandro Tonali,MID,Newcastle,15,8,1,2026-01-04T15:00:00Z,62,3,0,0,1,0,0,12,11.2,1.7,5.0,1.8,0.15,0.01,0.16,0.59,1,53
2025-26,20,198,492,Antoñito Cordero Campillo,MID,Newcastle,15,8,1,2026-01-04T15:00:00Z,0,0,0,0,0,0,0,0,0.0,0.0,0.0,0.0,0.0,0.0,0.0,0.0,0,49
2025-26,20,196,493,Sean Longstaff,MID,Leeds,11,14,1,2026-01-04T12:30:00Z,0,0,0,0,0,0,0,0,0.0,0.0,0.0,0.0,0.0,0.0,0.0,0.0,0,48
2025-26,20,198,494,Joe Willock,MID,Newcastle,15,8,1,2026-01-04T15:00:00Z,2,1,0,0,0,0,0,-1,0.0,0.0,4.0,0.2,0.43,0.0,0.43,0.0,0,50
2025-26,20,198,495,Isaac Hayden,MID,Newcastle,15,8,1,2026-01-04T15:00:00Z,0,0,0,0,0,0,0,0,0.0,0.0,0.0,0.0,0.0,0.0,0.0,0.0,0,45
2025-26,20,198,496,Garang Kuol,MID,Newcastle,15,8,1,2026-01-04T15:00:00Z,0,0,0,0,0,0,0,0,0.0,0.0,0.0,0.0,0.0,0.0,0.0,0.0,0,44
2025-26,20,198,497,Lewis Miley,MID,Newcastle,15,8,1,2026-01-04T15:00:00Z,90,7,0,1,1,0,1,33,39.6,14.6,4.0,5.8,0.0,0.74,0.74,0.7,1,45
2025-26,20,198,498,Joe White,MID,Newcastle,15,8,1,2026-01-04T15:00:00Z,0,0,0,0,0,0,0,0,0.0,0.0,0.0,0.0,0.0,0.0,0.0,0.0,0,45
2025-26,20,195,499,Alexander Isak,FWD,Liverpool,12,10,0,2026-01-04T15:15:00Z,0,0,0,0,0,0,0,0,0.0,0.0,0.0,0.0,0.0,0.0,0.0,0.0,0,103
2025-26,20,198,500,William Osula,FWD,Newcastle,15,8,1,2026-01-04T15:00:00Z,0,0,0,0,0,0,0,0,0.0,0.0,0.0,0.0,0.0,0.0,0.0,0.0,0,54
2025-26,20,198,501,Sean Neave,FWD,Newcastle,15,8,1,2026-01-04T15:00:00Z,0,0,0,0,0,0,0,0,0.0,0.0,0.0,0.0,0.0,0.0,0.0,0.0,0,43
2025-26,20,191,502,Matz Sels,GK,Nott'm Forest,16,2,0,2026-01-03T12:30:00Z,12,1,0,0,0,0,0,5,1.0,0.0,0.0,0.1,0.0,0.0,0.0,0.0,0,46
2025-26,20,191,503,Carlos Miguel dos Santos Pereira,GK,Nott'm Forest,16,2,0,2026-01-03T12:30:00Z,0,0,0,0,0,0,0,0,0.0,0.0,0.0,0.0,0.0,0.0,0.0,0.0,0,40
2025-26,20,191,504,Matt Turner,GK,Nott'm Forest,16,2,0,2026-01-03T12:30:00Z,0,0,0,0,0,0,0,0,0.0,0.0,0.0,0.0,0.0,0.0,0.0,0.0,0,40
2025-26,20,191,505,Nikola Milenković,DEF,Nott'm Forest,16,2,0,2026-01-03T12:30:00Z,90,3,0,0,0,3,0,-2,16.8,0.0,0.0,1.7,0.0,0.0,0.0,1.59,1,51
2025-26,20,191,506,Murillo Costa dos Santos,DEF,Nott'm Forest,16,2,0,2026-01-03T12:30:00Z,90,3,0,0,0,3,0,5,31.4,0.1,0.0,3.2,0.0,0.0,0.0,1.59,1,52
2025-26,20,191,507,Ola Aina,DEF,Nott'm Forest,16,2,0,2026-01-03T12:30:00Z,68,1,0,0,0,2,0,4,18.4,10.1,20.0,4.9,0.01,0.01,0.02,1.2,1,47
2025-26,20,191,508,Neco Williams,DEF,Nott'm Forest,16,2,0,2026-01-03T12:30:00Z,90,1,0,0,0,3,0,1,15.4,10.6,5.0,3.1,0.01,0.01,0.02,1.59,1,47
2025-26,20,191,509,David Mota Veiga Teixeira do Carmo,DEF,Nott'm Forest,16,2,0,2026-01-03T12:30:00Z,0,0,0,0,0,0,0,0,0.0,0.0,0.0,0.0,0.0,0.0,0.0,0.0,0,45
2025-26,20,191,510,Jair Paula da Cunha Filho,DEF,Nott'm Forest,16,2,0,2026-01-03T12:30:00Z,0,0,0,0,0,0,0,0,0.0,0.0,0.0,0.0,0.0,0.0,0.0,0.0,0,43
2025-26,20,191,511,Felipe Rodrigues da Silva,DEF,Nott'm Forest,16,2,0,2026-01-03T12:30:00Z,0,0,0,0,0,0,0,0,0.0,0.0,0.0,0.0,0.0,0.0,0.0,0.0,0,43
2025-26,20,191,512,Omar Richards,DEF,Nott'm Forest,16,2,0,2026-01-03T12:30:00Z,0,0,0,0,0,0,0,0,0.0,0.0,0.0,0.0,0.0,0.0,0.0,0.0,0,45
2025-26,20,191,513,Zach Abbott,DEF,Nott'm Forest,16,2,0,2026-01-03T12:30:00Z,0,0,0,0,0,0,0,0,0.0,0.0,0.0,0.0,0.0,0.0,0.0,0.0,0,38
2025-26,20,191,514,Willy Boly,DEF,Nott'm Forest,16,2,0,2026-01-03T12:30:00Z,0,0,0,0,0,0,0,0,0.0,0.0,0.0,0.0,0.0,0.0,0.0,0.0,0,38
2025-26,20,191,515,Morgan Gibbs-White,MID,Nott'm Forest,16,2,0,2026-01-03T12:30:00Z,90,8,1,0,0,3,1,32,44.6,20.9,32.0,9.8,0.49,0.01,0.5,1.59,1,73
2025-26,20,191,516,Callum Hudson-Odoi,MID,Nott'm Forest,16,2,0,2026-01-03T12:30:00Z,0,0,0,0,0,0,0,0,0.0,0.0,0.0,0.0,0.0,0.0,0.0,0.0,0,57
2025-26,20,191,517,Elliot Anderson,MID,Nott'm Forest,16,2,0,2026-01-03T12:30:00Z,90,4,0,0,0,3,0,11,14.0,0.5,0.0,1.5,0.0,0.0,0.0,1.59,1,53
2025-26,20,191,518,João Pedro Ferreira da Silva,MID,Nott'm Forest,16,2,0,2026-01-03T12:30:00Z,0,0,0,0,0,0,0,0,0.0,0.0,0.0,0.0,0.0,0.0,0.0,0.0,0,54
2025-26,20,191,519,Nicolás Domínguez,MID,Nott'm Forest,16,2,0,2026-01-03T12:30:00Z,82,4,0,0,0,3,0,12,13.4,11.8,2.0,2.7,0.01,0.02,0.03,1.59,1,50
2025-26,20,191,520,Lewis O'Brien,MID,Nott'm Forest,16,2,0,2026-01-03T12:30:00Z,0,0,0,0,0,0,0,0,0.0,0.0,0.0,0.0,0.0,0.0,0.0,0.0,0,50
2025-26,20,191,521,Ibrahim Sangaré,MID,Nott'm Forest,16,2,0,2026-01-03T12:30:00Z,0,0,0,0,0,0,0,0,0.0,0.0,0.0,0.0,0.0,0.0,0.0,0.0,0,49
2025-26,20,191,522,Ryan Yates,MID,Nott'm Forest,16,2,0,2026-01-03T12:30:00Z,0,0,0,0,0,0,0,0,0.0,0.0,0.0,0.0,0.0,0.0,0.0,0.0,0,47
2025-26,20,191,523,Eric da Silva Moreira,MID,Nott'm Forest,16,2,0,2026-01-03T12:30:00Z,0,0,0,0,0,0,0,0,0.0,0.0,0.0,0.0,0.0,0.0,0.0,0.0,0,45
2025-26,20,191,524,Marko Stamenić,MID,Nott'm Forest,16,2,0,2026-01-03T12:30:00Z,0,0,0,0,0,0,0,0,0.0,0.0,0.0,0.0,0.0,0.0,0.0,0.0,0,45
2025-26,20,191,525,Chris Wood,FWD,Nott'm Forest,16,2,0,2026-01-03T12:30:00Z,0,0,0,0,0,0,0,0,0.0,0.0,0.0,0.0,0.0,0.0,0.0,0.0,0,72
2025-26,20,191,526,Igor Jesus Maciel da Cruz,FWD,Nott'm Forest,16,2,0,2026-01-03T12:30:00Z,82,2,0,0,0,3,0,-5,0.0,2.7,6.0,0.3,0.02,0.0,0.02,1.59,1,58
2025-26,20,191,527,Taiwo Awoniyi,FWD,Nott'm Forest,16,2,0,2026-01-03T12:30:00Z,0,0,0,0,0,0,0,0,0.0,0.0,0.0,0.0,0.0,0.0,0.0,0.0,0,52
2025-26,20,199,528,Anthony Patterson,GK,Sunderland,17,18,0,2026-01-04T15:00:00Z,0,0,0,0,0,0,0,0,0.0,0.0,0.0,0.0,0.0,0.0,0.0,0.0,0,42
2025-26,20,199,529,Simon Moore,GK,Sunderland,17,18,0,2026-01-04T15:00:00Z,0,0,0,0,0,0,0,0,0.0,0.0,0.0,0.0,0.0,0.0,0.0,0.0,0,39
2025-26,20,199,530,Blondy Nna Noukeu,GK,Sunderland,17,18,0,2026-01-04T15:00:00Z,0,0,0,0,0,0,0,0,0.0,0.0,0.0,0.0,0.0,0.0,0.0,0.0,0,39
2025-26,20,199,531,Daniel Ballard,DEF,Sunderland,17,18,0,2026-01-04T15:00:00Z,24,1,0,0,0,0,0,4,4.2,0.2,6.0,1.0,0.0,0.0,0.0,0.23,0,46
2025-26,20,199,532,Trai Hume,DEF,Sunderland,17,18,0,2026-01-04T15:00:00Z,90,2,0,0,0,1,0,14,18.8,21.8,22.0,6.3,0.05,0.03,0.08,1.18,1,45
2025-26,20,199,533,Aji Alese,DEF,Sunderland,17,18,0,2026-01-04T15:00:00Z,0,0,0,0,0,0,0,0,0.0,0.0,0.0,0.0,0.0,0.0,0.0,0.0,0,40
2025-26,20,199,534,Joe Anderson,DEF,Sunderland,17,18,0,2026-01-04T15:00:00Z,0,0,0,0,0,0,0,0,0.0,0.0,0.0,0.0,0.0,0.0,0.0,0.0,0,39
2025-26,20,199,535,Dennis Cirkin,DEF,Sunderland,17,18,0,2026-01-04T15:00:00Z,58,0,0,0,0,1,0,-1,4.6,0.6,0.0,0.5,0.0,0.0,0.0,0.96,1,40
2025-26,20,199,536,Leo Fuhr Hjelde,DEF,Sunderland,17,18,0,2026-01-04T15:00:00Z,0,0,0,0,0,0,0,0,0.0,0.0,0.0,0.0,0.0,0.0,0.0,0.0,0,40
2025-26,20,199,537,Niall Huggins,DEF,Sunderland,17,18,0,2026-01-04T15:00:00Z,0,0,0,0,0,0,0,0,0.0,0.0,0.0,0.0,0.0,0.0,0.0,0.0,0,40
2025-26,20,199,538,Zak Johnson,DEF,Sunderland,17,18,0,2026-01-04T15:00:00Z,0,0,0,0,0,0,0,0,0.0,0.0,0.0,0.0,0.0,0.0,0.0,0.0,0,38
2025-26,20,199,539,Luke O'Nien,DEF,Sunderland,17,18,0,2026-01-04T15:00:00Z,0,0,0,0,0,0,0,0,0.0,0.0,0.0,0.0,0.0,0.0,0.0,0.0,0,40
2025-26,20,199,540,Timothée Pembélé,DEF,Sunderland,17,18,0,2026-01-04T15:00:00Z,0,0,0,0,0,0,0,0,0.0,0.0,0.0,0.0,0.0,0.0,0.0,0.0,0,39
2025-26,20,199,541,Reinildo Mandava,DEF,Sunderland,17,18,0,2026-01-04T15:00:00Z,0,0,0,0,0,0,0,0,0.0,0.0,0.0,0.0,0.0,0.0,0.0,0.0,0,38
2025-26,20,199,542,Jenson Seelt,DEF,Sunderland,17,18,0,2026-01-04T15:00:00Z,0,0,0,0,0,0,0,0,0.0,0.0,0.0,0.0,0.0,0.0,0.0,0.0,0,40
2025-26,20,199,543,Simon Adingra,MID,Sunderland,17,18,0,2026-01-04T15:00:00Z,65,2,0,0,0,1,0,1,0.0,3.5,6.0,0.7,0.05,0.1,0.15,0.96,1,49
2025-26,20,199,544,Habib Diarra,MID,Sunderland,17,18,0,2026-01-04T15:00:00Z,0,0,0,0,0,0,0,0,0.0,0.0,0.0,0.0,0.0,0.0,0.0,0.0,0,53
2025-26,20,199,545,Patrick Roberts,MID,Sunderland,17,18,0,2026-01-04T15:00:00Z,0,0,0,0,0,0,0,0,0.0,0.0,0.0,0.0,0.0,0.0,0.0,0.0,0,54
2025-26,20,199,546,Milan Aleksić,MID,Sunderland,17,18,0,2026-01-04T15:00:00Z,0,0,0,0,0,0,0,0,0.0,0.0,0.0,0.0,0.0,0.0,0.0,0.0,0,49
2025-26,20,199,547,Enzo Le Fée,MID,Sunderland,17,18,0,2026-01-04T15:00:00Z,90,4,0,1,0,1,0,23,27.2,15.0,9.0,5.1,0.15,0.06,0.21,1.18,1,49
2025-26,20,199,548,Romaine Mundle,MID,Sunderland,17,18,0,2026-01-04T15:00:00Z,31,1,0,0,0,0,0,4,6.4,0.8,6.0,1.3,0.0,0.01,0.01,0.23,0,49
2025-26,20,199,549,Dan Neil,MID,Sunderland,17,18,0,2026-01-04T15:00:00Z,0,0,0,0,0,0,0,0,0.0,0.0,0.0,0.0,0.0,0.0,0.0,0.0,0,48
2025-26,20,199,550,Ian Poveda-Ocampo,MID,Sunderland,17,18,0,2026-01-04T15:00:00Z,0,0,0,0,0,0,0,0,0.0,0.0,0.0,0.0,0.0,0.0,0.0,0.0,0,48
2025-26,20,199,551,Chris Rigg,MID,Sunderland,17,18,0,2026-01-04T15:00:00Z,8,1,0,0,0,0,0,4,2.0,4.0,0.0,0.6,0.0,0.04,0.04,0.12,0,47
2025-26,20,199,552,Noah Sadiki,MID,Sunderland,17,18,0,2026-01-04T15:00:00Z,0,0,0,0,0,0,0,0,0.0,0.0,0.0,0.0,0.0,0.0,0.0,0.0,0,50
2025-26,20,199,553,Chemsdine Talbi,MID,Sunderland,17,18,0,2026-01-04T15:00:00Z,0,0,0,0,0,0,0,0,0.0,0.0,0.0,0.0,0.0,0.0,0.0,0.0,0,49
2025-26,20,199,554,Abdoullah Ba,MID,Sunderland,17,18,0,2026-01-04T15:00:00Z,0,0,0,0,0,0,0,0,0.0,0.0,0.0,0.0,0.0,0.0,0.0,0.0,0,43
2025-26,20,199,555,Alan Browne,MID,Sunderland,17,18,0,2026-01-04T15:00:00Z,0,0,0,0,0,0,0,0,0.0,0.0,0.0,0.0,0.0,0.0,0.0,0.0,0,45
2025-26,20,199,556,Pierre Ekwah Elimby,MID,Sunderland,17,18,0,2026-01-04T15:00:00Z,0,0,0,0,0,0,0,0,0.0,0.0,0.0,0.0,0.0,0.0,0.0,0.0,0,45
2025-26,20,199,557,Harrison Jones,MID,Sunderland,17,18,0,2026-01-04T15:00:00Z,0,0,0,0,0,0,0,0,0.0,0.0,0.0,0.0,0.0,0.0,0.0,0.0,0,43
2025-26,20,199,558,Jay Matete,MID,Sunderland,17,18,0,2026-01-04T15:00:00Z,0,0,0,0,0,0,0,0,0.0,0.0,0.0,0.0,0.0,0.0,0.0,0.0,0,43
2025-26,20,199,559,Nectarios Triantis,MID,Sunderland,17,18,0,2026-01-04T15:00:00Z,0,0,0,0,0,0,0,0,0.0,0.0,0.0,0.0,0.0,0.0,0.0,0.0,0,44
2025-26,20,199,560,Wilson Isidor,FWD,Sunderland,17,18,0,2026-01-04T15:00:00Z,0,0,0,0,0,0,0,0,0.0,0.0,0.0,0.0,0.0,0.0,0.0,0.0,0,53
2025-26,20,199,561,Eliezer Mayenda Dossou,FWD,Sunderland,17,18,0,2026-01-04T15:00:00Z,81,2,0,0,0,1,0,12,7.2,10.8,17.0,3.5,0.06,0.03,0.09,1.06,1,52
2025-26,20,199,562,Ahmed Abdullahi,FWD,Sunderland,17,18,0,2026-01-04T15:00:00Z,0,0,0,0,0,0,0,0,0.0,0.0,0.0,0.0,0.0,0.0,0.0,0.0,0,43
2025-26,20,199,563,Luís Hemir Silva Semedo,FWD,Sunderland,17,18,0,2026-01-04T15:00:00Z,0,0,0,0,0,0,0,0,0.0,0.0,0.0,0.0,0.0,0.0,0.0,0.0,0,44
2025-26,20,199,564,Nazarii Rusyn,FWD,Sunderland,17,18,0,2026-01-04T15:00:00Z,0,0,0,0,0,0,0,0,0.0,0.0,0.0,0.0,0.0,0.0,0.0,0.0,0,44
2025-26,20,199,565,Guglielmo Vicario,GK,Spurs,18,17,1,2026-01-04T15:00:00Z,90,2,0,0,0,1,0,13,20.0,0.0,0.0,2.0,0.0,0.0,0.0,0.48,1,48
2025-26,20,199,566,Brandon Austin,GK,Spurs,18,17,1,2026-01-04T15:00:00Z,0,0,0,0,0,0,0,0,0.0,0.0,0.0,0.0,0.0,0.0,0.0,0.0,0,39
2025-26,20,199,567,Antonín Kinský,GK,Spurs,18,17,1,2026-01-04T15:00:00Z,0,0,0,0,0,0,0,0,0.0,0.0,0.0,0.0,0.0,0.0,0.0,0.0,0,39
2025-26,20,199,568,Pedro Porro Sauceda,DEF,Spurs,18,17,1,2026-01-04T15:00:00Z,90,4,0,0,0,1,0,22,31.6,40.9,7.0,8.0,0.02,0.17,0.19,0.48,1,52
2025-26,20,199,569,Cristian Romero,DEF,Spurs,18,17,1,2026-01-04T15:00:00Z,90,2,0,0,0,1,0,10,12.2,12.3,6.0,3.1,0.0,0.29,0.29,0.48,1,50
2025-26,20,199,570,Kevin Danso,DEF,Spurs,18,17,1,2026-01-04T15:00:00Z,0,0,0,0,0,0,0,0,0.0,0.0,0.0,0.0,0.0,0.0,0.0,0.0,0,42
2025-26,20,199,571,Ben Davies,DEF,Spurs,18,17,1,2026-01-04T15:00:00Z,87,9,1,0,0,1,1,26,53.6,17.2,52.0,12.3,0.49,0.07,0.56,0.48,1,43
2025-26,20,199,572,Radu Drăgușin,DEF,Spurs,18,17,1,2026-01-04T15:00:00Z,0,0,0,0,0,0,0,0,0.0,0.0,0.0,0.0,0.0,0.0,0.0,0.0,0,45
2025-26,20,199,573,Djed Spence,DEF,Spurs,18,17,1,2026-01-04T15:00:00Z,2,1,0,0,0,0,0,3,1.2,0.1,0.0,0.1,0.0,0.0,0.0,0.0,0,43
2025-26,20,199,574,Destiny Udogie,DEF,Spurs,18,17,1,2026-01-04T15:00:00Z,0,0,0,0,0,0,0,0,0.0,0.0,0.0,0.0,0.0,0.0,0.0,0.0,0,43
2025-26,20,199,575,Micky van de Ven,DEF,Spurs,18,17,1,2026-01-04T15:00:00Z,90,7,0,1,0,1,2,28,40.2,11.4,4.0,5.6,0.14,0.01,0.15,0.48,1,45
2025-26,20,199,576,Ashley Phillips,DEF,Spurs,18,17,1,2026-01-04T15:00:00Z,0,0,0,0,0,0,0,0,0.0,0.0,0.0,0.0,0.0,0.0,0.0,0.0,0,40
2025-26,20,199,577,Takai Kōta,DEF,Spurs,18,17,1,2026-01-04T15:00:00Z,0,0,0,0,0,0,0,0,0.0,0.0,0.0,0.0,0.0,0.0,0.0,0.0,0,40
2025-26,20,199,578,Luka Vušković,DEF,Spurs,18,17,1,2026-01-04T15:00:00Z,0,0,0,0,0,0,0,0,0.0,0.0,0.0,0.0,0.0,0.0,0.0,0.0,0,39
2025-26,20,199,579,Son Heung-min,MID,Spurs,18,17,1,2026-01-04T15:00:00Z,0,0,0,0,0,0,0,0,0.0,0.0,0.0,0.0,0.0,0.0,0.0,0.0,0,85
2025-26,20,198,580,Brennan Johnson,MID,Crystal Palace,8,15,0,2026-01-04T15:00:00Z,71,1,0,0,0,1,0,6,9.0,25.1,32.0,6.6,0.08,0.09,0.17,0.93,1,65
2025-26,20,199,581,James Maddison,MID,Spurs,18,17,1,2026-01-04T15:00:00Z,0,0,0,0,0,0,0,0,0.0,0.0,0.0,0.0,0.0,0.0,0.0,0.0,0,68
2025-26,20,199,582,Mohammed Kudus,MID,Spurs,18,17,1,2026-01-04T15:00:00Z,18,1,0,0,0,0,0,2,0.0,0.1,2.0,0.1,0.0,0.0,0.0,0.0,1,64
2025-26,20,199,583,Dejan Kulusevski,MID,Spurs,18,17,1,2026-01-04T15:00:00Z,0,0,0,0,0,0,0,0,0.0,0.0,0.0,0.0,0.0,0.0,0.0,0.0,0,64
2025-26,20,199,584,Mathys Tel,MID,Spurs,18,17,1,2026-01-04T15:00:00Z,87,2,0,0,0,1,0,7,5.6,7.3,15.0,2.8,0.07,0.03,0.1,0.48,1,62
2025-26,20,199,585,Rodrigo Bentancur,MID,Spurs,18,17,1,2026-01-04T15:00:00Z,90,3,0,0,0,1,0,14,14.4,6.2,0.0,2.1,0.0,0.03,0.03,0.48,1,53
2025-26,20,199,586,Lucas Bergvall,MID,Spurs,18,17,1,2026-01-04T15:00:00Z,18,1,0,0,0,1,0,6,3.2,0.6,0.0,0.4,0.0,0.0,0.0,0.25,0,53
2025-26,20,199,587,Yves Bissouma,MID,Spurs,18,17,1,2026-01-04T15:00:00Z,0,0,0,0,0,0,0,0,0.0,0.0,0.0,0.0,0.0,0.0,0.0,0.0,0,52
2025-26,20,199,588,Wilson Odobert,MID,Spurs,18,17,1,2026-01-04T15:00:00Z,71,3,0,0,1,0,0,11,9.6,35.3,2.0,4.7,0.0,0.05,0.05,0.23,1,53
2025-26,20,199,589,Manor Solomon,MID,Spurs,18,17,1,2026-01-04T15:00:00Z,0,0,0,0,0,0,0,0,0.0,0.0,0.0,0.0,0.0,0.0,0.0,0.0,0,54
2025-26,20,199,590,Bryan Gil Salvatierra,MID,Spurs,18,17,1,2026-01-04T15:00:00Z,0,0,0,0,0,0,0,0,0.0,0.0,0.0,0.0,0.0,0.0,0.0,0.0,0,49
2025-26,20,199,591,Archie Gray,MID,Spurs,18,17,1,2026-01-04T15:00:00Z,71,3,0,0,1,0,0,8,4.0,2.3,4.0,1.0,0.03,0.01,0.04,0.23,1,48
2025-26,20,199,592,Mikey Moore,MID,Spurs,18,17,1,2026-01-04T15:00:00Z,0,0,0,0,0,0,0,0,0.0,0.0,0.0,0.0,0.0,0.0,0.0,0.0,0,50
2025-26,20,199,593,Pape Matar Sarr,MID,Spurs,18,17,1,2026-01-04T15:00:00Z,0,0,0,0,0,0,0,0,0.0,0.0,0.0,0.0,0.0,0.0,0.0,0.0,0,45
2025-26,20,199,594,Yang Min-hyeok,MID,Spurs,18,17,1,2026-01-04T15:00:00Z,0,0,0,0,0,0,0,0,0.0,0.0,0.0,0.0,0.0,0.0,0.0,0.0,0,45
2025-26,20,199,595,Callum Olusesi,MID,Spurs,18,17,1,2026-01-04T15:00:00Z,0,0,0,0,0,0,0,0,0.0,0.0,0.0,0.0,0.0,0.0,0.0,0.0,0,43
2025-26,20,199,596,Dominic Solanke-Mitchell,FWD,Spurs,18,17,1,2026-01-04T15:00:00Z,0,0,0,0,0,0,0,0,0.0,0.0,0.0,0.0,0.0,0.0,0.0,0.0,0,72
2025-26,20,199,597,Richarlison de Andrade,FWD,Spurs,18,17,1,2026-01-04T15:00:00Z,90,2,0,0,0,1,0,6,10.8,1.9,36.0,4.9,0.21,0.08,0.29,0.48,1,64
2025-26,20,199,598,Will Lankshear,FWD,Spurs,18,17,1,2026-01-04T15:00:00Z,0,0,0,0,0,0,0,0,0.0,0.0,0.0,0.0,0.0,0.0,0.0,0.0,0,45
2025-26,20,199,599,Dane Scarlett,FWD,Spurs,18,17,1,2026-01-04T15:00:00Z,2,1,0,0,0,0,0,2,0.0,0.1,2.0,0.2,0.0,0.0,0.0,0.0,0,43
2025-26,20,200,600,Alphonse Areola,GK,West Ham,19,20,0,2026-01-03T15:00:00Z,90,2,0,0,0,3,0,10,39.4,0.0,0.0,3.9,0.0,0.0,0.0,1.87,1,43
2025-26,20,200,601,Wes Foderingham,GK,West Ham,19,20,0,2026-01-03T15:00:00Z,0,0,0,0,0,0,0,0,0.0,0.0,0.0,0.0,0.0,0.0,0.0,0.0,0,40
2025-26,20,200,602,Krisztián Hegyi,GK,West Ham,19,20,0,2026-01-03T15:00:00Z,0,0,0,0,0,0,0,0,0.0,0.0,0.0,0.0,0.0,0.0,0.0,0.0,0,39
2025-26,20,200,603,El Hadji Malick Diouf,DEF,West Ham,19,20,0,2026-01-03T15:00:00Z,0,0,0,0,0,0,0,0,0.0,0.0,0.0,0.0,0.0,0.0,0.0,0.0,0,40
2025-26,20,200,604,Emerson Palmieri dos Santos,DEF,West Ham,19,20,0,2026-01-03T15:00:00Z,0,0,0,0,0,0,0,0,0.0,0.0,0.0,0.0,0.0,0.0,0.0,0.0,0,44
2025-26,20,200,605,Maximilian Kilman,DEF,West Ham,19,20,0,2026-01-03T15:00:00Z,90,1,0,0,0,3,0,2,19.2,1.3,3.0,2.4,0.02,0.01,0.03,1.87,1,42
2025-26,20,200,606,Konstantinos Mavropanos,DEF,West Ham,19,20,0,2026-01-03T15:00:00Z,90,1,0,0,0,3,0,3,17.6,3.4,10.0,3.1,0.07,0.02,0.09,1.87,1,44
2025-26,20,200,607,Nayef Aguerd,DEF,West Ham,19,20,0,2026-01-03T15:00:00Z,0,0,0,0,0,0,0,0,0.0,0.0,0.0,0.0,0.0,0.0,0.0,0.0,0,44
2025-26,20,200,608,Ollie Scarles,DEF,West Ham,19,20,0,2026-01-03T15:00:00Z,90,1,0,0,0,3,0,4,17.4,13.5,4.0,3.5,0.0,0.13,0.13,1.87,1,43
2025-26,20,200,609,Jean-Clair Todibo,DEF,West Ham,19,20,0,2026-01-03T15:00:00Z,0,0,0,0,0,0,0,0,0.0,0.0,0.0,0.0,0.0,0.0,0.0,0.0,0,43
2025-26,20,200,610,Aaron Wan-Bissaka,DEF,West Ham,19,20,0,2026-01-03T15:00:00Z,0,0,0,0,0,0,0,0,0.0,0.0,0.0,0.0,0.0,0.0,0.0,0.0,0,42
2025-26,20,200,611,Kaelan Casey,DEF,West Ham,19,20,0,2026-01-03T15:00:00Z,0,0,0,0,0,0,0,0,0.0,0.0,0.0,0.0,0.0,0.0,0.0,0.0,0,40
2025-26,20,200,612,Lucas Tolentino Coelho de Lima,MID,West Ham,19,20,0,2026-01-03T15:00:00Z,0,0,0,0,0,0,0,0,0.0,0.0,0.0,0.0,0.0,0.0,0.0,0.0,0,59
2025-26,20,200,613,Tomáš Souček,MID,West Ham,19,20,0,2026-01-03T15:00:00Z,45,1,0,0,0,0,0,8,9.0,5.7,6.0,2.1,0.0,0.03,0.03,0.27,0,57
2025-26,20,200,614,James Ward-Prowse,MID,West Ham,19,20,0,2026-01-03T15:00:00Z,0,0,0,0,0,0,0,0,0.0,0.0,0.0,0.0,0.0,0.0,0.0,0.0,0,56
2025-26,20,200,615,Crysencio Summerville,MID,West Ham,19,20,0,2026-01-03T15:00:00Z,90,2,0,0,0,3,0,10,8.6,24.2,10.0,4.3,0.0,0.07,0.07,1.87,1,55
2025-26,20,200,616,Edson Álvarez Velázquez,MID,West Ham,19,20,0,2026-01-03T15:00:00Z,0,0,0,0,0,0,0,0,0.0,0.0,0.0,0.0,0.0,0.0,0.0,0.0,0,49
2025-26,20,200,617,Maxwel Cornet,MID,West Ham,19,20,0,2026-01-03T15:00:00Z,0,0,0,0,0,0,0,0,0.0,0.0,0.0,0.0,0.0,0.0,0.0,0.0,0,49
2025-26,20,200,618,Guido Rodríguez,MID,West Ham,19,20,0,2026-01-03T15:00:00Z,0,0,0,0,0,0,0,0,0.0,0.0,0.0,0.0,0.0,0.0,0.0,0.0,0,48
2025-26,20,200,619,Luis Guilherme Lira dos Santos,MID,West Ham,19,20,0,2026-01-03T15:00:00Z,0,0,0,0,0,0,0,0,0.0,0.0,0.0,0.0,0.0,0.0,0.0,0.0,0,49
2025-26,20,200,620,George Earthy,MID,West Ham,19,20,0,2026-01-03T15:00:00Z,0,0,0,0,0,0,0,0,0.0,0.0,0.0,0.0,0.0,0.0,0.0,0.0,0,45
2025-26,20,200,621,Andy Irving,MID,West Ham,19,20,0,2026-01-03T15:00:00Z,0,0,0,0,0,0,0,0,0.0,0.0,0.0,0.0,0.0,0.0,0.0,0.0,0,43
2025-26,20,200,622,Lewis Orford,MID,West Ham,19,20,0,2026-01-03T15:00:00Z,0,0,0,0,0,0,0,0,0.0,0.0,0.0,0.0,0.0,0.0,0.0,0.0,0,44
2025-26,20,200,623,Freddie Potts,MID,West Ham,19,20,0,2026-01-03T15:00:00Z,45,1,0,0,0,3,0,10,3.0,2.5,4.0,1.0,0.0,0.02,0.02,1.6,1,44
2025-26,20,200,624,Jarrod Bowen,FWD,West Ham,19,20,0,2026-01-03T15:00:00Z,90,4,0,0,0,3,0,8,5.6,6.7,8.0,2.0,0.08,0.04,0.12,1.87,1,77
2025-26,20,200,625,Niclas Füllkrug,FWD,West Ham,19,20,0,2026-01-03T15:00:00Z,0,0,0,0,0,0,0,0,0.0,0.0,0.0,0.0,0.0,0.0,0.0,0.0,0,56
2025-26,20,200,626,Callum Marshall,FWD,West Ham,19,20,0,2026-01-03T15:00:00Z,0,0,0,0,0,0,0,0,0.0,0.0,0.0,0.0,0.0,0.0,0.0,0.0,0,43
2025-26,20,200,627,Sam Johnstone,GK,Wolves,20,19,1,2026-01-03T15:00:00Z,0,0,0,0,0,0,0,0,0.0,0.0,0.0,0.0,0.0,0.0,0.0,0.0,0,44
2025-26,20,200,628,José Malheiro de Sá,GK,Wolves,20,19,1,2026-01-03T15:00:00Z,90,6,0,0,1,0,0,23,1.6,0.0,0.0,0.2,0.0,0.0,0.0,0.25,1,42
2025-26,20,200,629,Daniel Bentley,GK,Wolves,20,19,1,2026-01-03T15:00:00Z,0,0,0,0,0,0,0,0,0.0,0.0,0.0,0.0,0.0,0.0,0.0,0.0,0,39
2025-26,20,194,630,Tom King,GK,Everton,9,5,1,2026-01-04T15:00:00Z,0,0,0,0,0,0,0,0,0.0,0.0,0.0,0.0,0.0,0.0,0.0,0.0,0,39
2025-26,20,200,631,Emmanuel Agbadou,DEF,Wolves,20,19,1,2026-01-03T15:00:00Z,0,0,0,0,0,0,0,0,0.0,0.0,0.0,0.0,0.0,0.0,0.0,0.0,0,43
2025-26,20,200,632,Matt Doherty,DEF,Wolves,20,19,1,2026-01-03T15:00:00Z,0,0,0,0,0,0,0,0,0.0,0.0,0.0,0.0,0.0,0.0,0.0,0.0,0,44
2025-26,20,200,633,Hugo Bueno López,DEF,Wolves,20,19,1,2026-01-03T15:00:00Z,90,11,0,1,1,0,2,40,36.8,43.6,7.0,8.7,0.04,0.1,0.14,0.25,1,43
2025-26,20,200,634,Yerson Mosquera Valdelamar,DEF,Wolves,20,19,1,2026-01-03T15:00:00Z,90,6,0,0,1,0,0,31,24.2,11.4,17.0,5.3,0.04,0.01,0.05,0.25,1,43
2025-26,20,200,635,Rodrigo Martins Gomes,DEF,Wolves,20,19,1,2026-01-03T15:00:00Z,0,0,0,0,0,0,0,0,0.0,0.0,0.0,0.0,0.0,0.0,0.0,0.0,0,44
2025-26,20,200,636,Santiago Ignacio Bueno,DEF,Wolves,20,19,1,2026-01-03T15:00:00Z,90,6,0,0,1,0,0,21,9.0,0.3,0.0,0.9,0.0,0.0,0.0,0.25,1,44
2025-26,20,200,637,Toti Gomes,DEF,Wolves,20,19,1,2026-01-03T15:00:00Z,0,0,0,0,0,0,0,0,0.0,0.0,0.0,0.0,0.0,0.0,0.0,0.0,0,42
2025-26,20,200,638,Ki-Jana Hoever,DEF,Wolves,20,19,1,2026-01-03T15:00:00Z,0,0,0,0,0,0,0,0,0.0,0.0,0.0,0.0,0.0,0.0,0.0,0.0,0,38
2025-26,20,200,639,Bastien Meupiyou Menadjou,DEF,Wolves,20,19,1,2026-01-03T15:00:00Z,0,0,0,0,0,0,0,0,0.0,0.0,0.0,0.0,0.0,0.0,0.0,0.0,0,40
2025-26,20,200,640,Pedro Cardoso de Lima,DEF,Wolves,20,19,1,2026-01-03T15:00:00Z,0,0,0,0,0,0,0,0,0.0,0.0,0.0,0.0,0.0,0.0,0.0,0.0,0,40
2025-26,20,200,641,Alfie Pond,DEF,Wolves,20,19,1,2026-01-03T15:00:00Z,0,0,0,0,0,0,0,0,0.0,0.0,0.0,0.0,0.0,0.0,0.0,0.0,0,39
2025-26,20,200,642,Hwang Hee-chan,MID,Wolves,20,19,1,2026-01-03T15:00:00Z,60,11,1,1,1,0,0,29,52.6,14.7,19.0,8.6,0.79,0.41,1.2,0.14,1,56
2025-26,20,200,643,André Trindade da Costa Neto,MID,Wolves,20,19,1,2026-01-03T15:00:00Z,45,1,0,0,0,0,0,5,10.6,11.3,0.0,2.2,0.0,0.01,0.01,0.23,0,53
2025-26,20,200,644,Jean-Ricner Bellegarde,MID,Wolves,20,19,1,2026-01-03T15:00:00Z,0,0,0,0,0,0,0,0,0.0,0.0,0.0,0.0,0.0,0.0,0.0,0.0,0,52
2025-26,20,200,645,Fer López González,MID,Wolves,20,19,1,2026-01-03T15:00:00Z,0,0,0,0,0,0,0,0,0.0,0.0,0.0,0.0,0.0,0.0,0.0,0.0,0,52
2025-26,20,200,646,João Victor Gomes da Silva,MID,Wolves,20,19,1,2026-01-03T15:00:00Z,45,1,0,0,0,0,0,12,9.0,16.3,0.0,2.5,0.0,0.24,0.24,0.02,1,53
2025-26,20,200,647,Gonçalo Manuel Ganchinho Guedes,MID,Wolves,20,19,1,2026-01-03T15:00:00Z,0,0,0,0,0,0,0,0,0.0,0.0,0.0,0.0,0.0,0.0,0.0,0.0,0,55
2025-26,20,200,648,Marshall Munetsi,MID,Wolves,20,19,1,2026-01-03T15:00:00Z,0,0,0,0,0,0,0,0,0.0,0.0,0.0,0.0,0.0,0.0,0.0,0.0,0,53
2025-26,20,200,649,Boubacar Traoré,MID,Wolves,20,19,1,2026-01-03T15:00:00Z,0,0,0,0,0,0,0,0,0.0,0.0,0.0,0.0,0.0,0.0,0.0,0.0,0,50
2025-26,20,200,650,Tawanda Chirewa,MID,Wolves,20,19,1,2026-01-03T15:00:00Z,4,1,0,0,0,0,0,3,3.2,0.3,0.0,0.4,0.0,0.0,0.0,0.05,0,43
2025-26,20,200,651,Tom Edozie,MID,Wolves,20,19,1,2026-01-03T15:00:00Z,0,0,0,0,0,0,0,0,0.0,0.0,0.0,0.0,0.0,0.0,0.0,0.0,0,43
2025-26,20,200,652,Enso González Medina,MID,Wolves,20,19,1,2026-01-03T15:00:00Z,0,0,0,0,0,0,0,0,0.0,0.0,0.0,0.0,0.0,0.0,0.0,0.0,0,43
2025-26,20,200,653,Joe Hodge,MID,Wolves,20,19,1,2026-01-03T15:00:00Z,0,0,0,0,0,0,0,0,0.0,0.0,0.0,0.0,0.0,0.0,0.0,0.0,0,45
2025-26,20,200,654,Jørgen Strand Larsen,FWD,Wolves,20,19,1,2026-01-03T15:00:00Z,29,1,0,0,0,0,0,0,0.0,3.1,6.0,0.5,0.14,0.0,0.14,0.11,0,61
2025-26,20,200,655,Fábio Soares Silva,FWD,Wolves,20,19,1,2026-01-03T15:00:00Z,0,0,0,0,0,0,0,0,0.0,0.0,0.0,0.0,0.0,0.0,0.0,0.0,0,49
2025-26,20,200,656,Saša Kalajdžić,FWD,Wolves,20,19,1,2026-01-03T15:00:00Z,0,0,0,0,0,0,0,0,0.0,0.0,0.0,0.0,0.0,0.0,0.0,0.0,0,49
2025-26,20,200,657,Leon Chiwome,FWD,Wolves,20,19,1,2026-01-03T15:00:00Z,0,0,0,0,0,0,0,0,0.0,0.0,0.0,0.0,0.0,0.0,0.0,0.0,0,44
2025-26,20,200,658,Nathan Fraser,FWD,Wolves,20,19,1,2026-01-03T15:00:00Z,0,0,0,0,0,0,0,0,0.0,0.0,0.0,0.0,0.0,0.0,0.0,0.0,0,43
2025-26,20,200,659,Kyle Walker-Peters,DEF,West Ham,19,20,0,2026-01-03T15:00:00Z,90,3,0,0,0,3,0,12,26.6,16.4,4.0,4.7,0.0,0.04,0.04,1.87,1,42
2025-26,20,196,660,Anton Stach,MID,Leeds,11,14,1,2026-01-04T12:30:00Z,90,4,0,0,0,1,0,19,26.2,44.6,1.0,7.2,0.02,0.19,0.21,1.58,1,49
2025-26,20,195,661,Hugo Ekitiké,FWD,Liverpool,12,10,0,2026-01-04T15:15:00Z,0,0,0,0,0,0,0,0,0.0,0.0,0.0,0.0,0.0,0.0,0.0,0.0,0,91
2025-26,20,192,662,Cristhian Mosquera,DEF,Arsenal,1,4,0,2026-01-03T17:30:00Z,0,0,0,0,0,0,0,0,0.0,0.0,0.0,0.0,0.0,0.0,0.0,0.0,0,53
2025-26,20,200,663,Jhon Arias,MID,Wolves,20,19,1,2026-01-03T15:00:00Z,90,9,1,0,1,0,1,32,48.4,18.1,19.0,8.6,0.57,0.12,0.69,0.25,1,49
2025-26,20,195,664,Benjamin Lecomte,GK,Fulham,10,12,1,2026-01-04T15:15:00Z,0,0,0,0,0,0,0,0,0.0,0.0,0.0,0.0,0.0,0.0,0.0,0.0,0,39
2025-26,20,196,665,Lucas Estella Perri,GK,Leeds,11,14,1,2026-01-04T12:30:00Z,90,2,0,0,0,1,0,8,12.0,0.0,0.0,1.2,0.0,0.0,0.0,1.58,1,45
2025-26,20,192,666,Viktor Gyökeres,FWD,Arsenal,1,4,0,2026-01-03T17:30:00Z,65,2,0,0,0,1,0,5,2.4,1.7,10.0,1.4,0.03,0.0,0.03,1.37,1,88
2025-26,20,194,667,Adam Aznou,DEF,Everton,9,5,1,2026-01-04T15:00:00Z,0,0,0,0,0,0,0,0,0.0,0.0,0.0,0.0,0.0,0.0,0.0,0.0,0,42
2025-26,20,199,668,Granit Xhaka,MID,Sunderland,17,18,0,2026-01-04T15:00:00Z,90,4,0,0,0,1,0,19,24.4,15.3,0.0,4.0,0.0,0.09,0.09,1.18,1,52
2025-26,20,191,669,Dan Ndoye,MID,Nott'm Forest,16,2,0,2026-01-03T12:30:00Z,0,0,0,0,0,0,0,0,0.0,0.0,0.0,0.0,0.0,0.0,0.0,0.0,0,55
2025-26,20,199,670,Robin Roefs,GK,Sunderland,17,18,0,2026-01-04T15:00:00Z,90,3,0,0,0,1,0,14,24.2,0.0,0.0,2.4,0.0,0.0,0.0,1.18,1,48
2025-26,20,200,671,Callum Wilson,FWD,West Ham,19,20,0,2026-01-03T15:00:00Z,90,2,0,0,0,3,0,5,0.6,6.1,11.0,1.8,0.06,0.03,0.09,1.87,1,58
2025-26,20,197,672,Jorrel Hato,DEF,Chelsea,7,13,0,2026-01-04T17:30:00Z,28,1,0,0,0,0,0,8,8.4,24.6,0.0,3.3,0.0,0.04,0.04,0.08,0,46
2025-26,20,199,673,João Maria Lobo Alves Palhares Costa Palhinha Gonçalves,MID,Spurs,18,17,1,2026-01-04T15:00:00Z,18,0,0,0,0,1,0,-2,0.0,0.4,10.0,1.0,0.12,0.0,0.12,0.25,0,55
2025-26,20,198,674,Aaron Ramsdale,GK,Newcastle,15,8,1,2026-01-04T15:00:00Z,0,0,0,0,0,0,0,0,0.0,0.0,0.0,0.0,0.0,0.0,0.0,0.0,0,48
2025-26,20,191,675,Angus Gunn,GK,Nott'm Forest,16,2,0,2026-01-03T12:30:00Z,0,0,0,0,0,0,0,0,0.0,0.0,0.0,0.0,0.0,0.0,0.0,0.0,0,40
2025-26,20,193,676,Lesley Ugochukwu,MID,Burnley,3,6,0,2026-01-03T15:00:00Z,54,1,0,0,0,2,0,0,4.6,1.7,0.0,0.6,0.0,0.0,0.0,1.33,1,50
2025-26,20,191,677,Evann Guessand,MID,Aston Villa,2,16,1,2026-01-03T12:30:00Z,0,0,0,0,0,0,0,0,0.0,0.0,0.0,0.0,0.0,0.0,0.0,0.0,0,62
2025-26,20,199,678,Arthur Masuaku,DEF,Sunderland,17,18,0,2026-01-04T15:00:00Z,0,0,0,0,0,0,0,0,0.0,0.0,0.0,0.0,0.0,0.0,0.0,0.0,0,39
2025-26,20,200,679,Mads Hermansen,GK,West Ham,19,20,0,2026-01-03T15:00:00Z,0,0,0,0,0,0,0,0,0.0,0.0,0.0,0.0,0.0,0.0,0.0,0.0,0,43
2025-26,20,193,680,Armando Broja,FWD,Burnley,3,6,0,2026-01-03T15:00:00Z,63,2,0,0,0,2,0,6,1.2,1.8,2.0,0.5,0.0,0.0,0.0,1.35,1,52
2025-26,20,196,681,Benjamin Sesko,FWD,Man Utd,14,11,0,2026-01-04T12:30:00Z,90,2,0,0,0,1,0,-4,0.2,7.9,15.0,2.3,0.8,0.02,0.82,0.9,1,72
2025-26,20,200,682,David Møller Wolfe,DEF,Wolves,20,19,1,2026-01-03T15:00:00Z,2,1,0,0,0,0,0,3,0.0,0.1,0.0,0.0,0.0,0.0,0.0,0.02,0,43
2025-26,20,199,683,Omar Alderete,DEF,Sunderland,17,18,0,2026-01-04T15:00:00Z,90,1,0,0,0,1,0,3,16.6,1.0,7.0,2.5,0.03,0.01,0.04,1.18,1,41
2025-26,20,198,684,Malick Thiaw,DEF,Newcastle,15,8,1,2026-01-04T15:00:00Z,90,17,1,0,1,0,3,50,75.6,0.9,33.0,11.0,0.46,0.01,0.47,0.7,1,50
2025-26,20,192,685,Bafodé Diakité,DEF,Bournemouth,4,1,1,2026-01-03T17:30:00Z,0,0,0,0,0,0,0,0,0.0,0.0,0.0,0.0,0.0,0.0,0.0,0.0,0,43
2025-26,20,195,686,Rio Ngumoha,MID,Liverpool,12,10,0,2026-01-04T15:15:00Z,0,0,0,0,0,0,0,0,0.0,0.0,0.0,0.0,0.0,0.0,0.0,0.0,0,43
2025-26,20,192,687,Remy Rees-Dottin,MID,Bournemouth,4,1,1,2026-01-03T17:30:00Z,0,0,0,0,0,0,0,0,0.0,0.0,0.0,0.0,0.0,0.0,0.0,0.0,0,44
2025-26,20,191,688,James Wright,GK,Aston Villa,2,16,1,2026-01-03T12:30:00Z,0,0,0,0,0,0,0,0,0.0,0.0,0.0,0.0,0.0,0.0,0.0,0.0,0,39
2025-26,20,198,689,Seung-Soo Park,MID,Newcastle,15,8,1,2026-01-04T15:00:00Z,0,0,0,0,0,0,0,0,0.0,0.0,0.0,0.0,0.0,0.0,0.0,0.0,0,44
2025-26,20,198,690,Rio Cardines,MID,Crystal Palace,8,15,0,2026-01-04T15:00:00Z,0,0,0,0,0,0,0,0,0.0,0.0,0.0,0.0,0.0,0.0,0.0,0.0,0,44
2025-26,20,196,691,Dominic Calvert-Lewin,FWD,Leeds,11,14,1,2026-01-04T12:30:00Z,90,2,0,0,0,1,0,3,0.0,0.9,12.0,1.2,0.28,0.12,0.4,1.58,1,59
2025-26,20,195,692,Giovanni Leoni,DEF,Liverpool,12,10,0,2026-01-04T15:15:00Z,0,0,0,0,0,0,0,0,0.0,0.0,0.0,0.0,0.0,0.0,0.0,0.0,0,49
2025-26,20,191,693,Omari Hutchinson,MID,Nott'm Forest,16,2,0,2026-01-03T12:30:00Z,90,2,0,0,0,3,0,12,8.6,11.3,19.0,3.9,0.03,0.29,0.32,1.59,1,54
2025-26,20,199,694,Nordi Mukiele,DEF,Sunderland,17,18,0,2026-01-04T15:00:00Z,90,4,0,0,0,1,0,15,26.4,30.1,0.0,5.7,0.0,0.15,0.15,1.18,1,43
2025-26,20,200,695,Jackson Tchatchoua,DEF,Wolves,20,19,1,2026-01-03T15:00:00Z,90,5,0,0,1,0,0,15,4.8,1.6,2.0,0.8,0.0,0.0,0.0,0.25,1,44
2025-26,20,191,696,Arnaud Kalimuendo,FWD,Nott'm Forest,16,2,0,2026-01-03T12:30:00Z,7,1,0,0,0,0,0,4,3.0,0.0,17.0,2.0,0.09,0.0,0.09,0.0,0,60
2025-26,20,192,697,Amine Adli,MID,Bournemouth,4,1,1,2026-01-03T17:30:00Z,23,0,0,0,0,1,0,-4,0.0,1.9,2.0,0.0,0.01,0.01,0.02,0.54,0,54
2025-26,20,196,698,Noah Okafor,MID,Leeds,11,14,1,2026-01-04T12:30:00Z,74,2,0,0,0,1,0,3,3.8,1.2,21.0,2.6,0.13,0.03,0.16,1.56,1,55
2025-26,20,191,699,Douglas Luiz Soares de Paulo,MID,Nott'm Forest,16,2,0,2026-01-03T12:30:00Z,7,1,0,0,0,0,0,2,0.4,0.0,0.0,0.0,0.0,0.0,0.0,0.0,0,49
2025-26,20,192,700,Max Dowman,MID,Arsenal,1,4,0,2026-01-03T17:30:00Z,0,0,0,0,0,0,0,0,0.0,0.0,0.0,0.0,0.0,0.0,0.0,0.0,0,43
2025-26,20,191,701,Triston Rowe,DEF,Aston Villa,2,16,1,2026-01-03T12:30:00Z,0,0,0,0,0,0,0,0,0.0,0.0,0.0,0.0,0.0,0.0,0.0,0.0,0,40
2025-26,20,191,702,Bradley Burrowes,MID,Aston Villa,2,16,1,2026-01-03T12:30:00Z,0,0,0,0,0,0,0,0,0.0,0.0,0.0,0.0,0.0,0.0,0.0,0.0,0,44
2025-26,20,191,703,Sam Proctor,GK,Aston Villa,2,16,1,2026-01-03T12:30:00Z,0,0,0,0,0,0,0,0,0.0,0.0,0.0,0.0,0.0,0.0,0.0,0.0,0,39
2025-26,20,194,704,Tyler Onyango,MID,Everton,9,5,1,2026-01-04T15:00:00Z,0,0,0,0,0,0,0,0,0.0,0.0,0.0,0.0,0.0,0.0,0.0,0.0,0,45
2025-26,20,194,705,Elijah Campbell,DEF,Everton,9,5,1,2026-01-04T15:00:00Z,0,0,0,0,0,0,0,0,0.0,0.0,0.0,0.0,0.0,0.0,0.0,0.0,0,39
2025-26,20,196,706,James Justin,DEF,Leeds,11,14,1,2026-01-04T12:30:00Z,90,4,0,0,0,1,0,9,13.4,2.2,10.0,2.6,0.01,0.01,0.02,1.58,1,39
2025-26,20,194,707,Tyler Dibling,MID,Everton,9,5,1,2026-01-04T15:00:00Z,45,1,0,0,0,1,0,0,0.0,1.8,5.0,0.5,0.08,0.0,0.08,1.14,1,53
2025-26,20,200,708,Mateus Gonçalo Espanha Fernandes,MID,West Ham,19,20,0,2026-01-03T15:00:00Z,90,2,0,0,0,3,0,16,15.0,54.0,2.0,7.1,0.0,0.32,0.32,1.87,1,55
2025-26,20,200,709,Ladislav Krejcí,DEF,Wolves,20,19,1,2026-01-03T15:00:00Z,90,6,0,0,1,0,0,31,15.8,0.3,17.0,3.3,0.02,0.0,0.02,0.25,1,45
2025-26,20,191,710,Travis Patterson,DEF,Aston Villa,2,16,1,2026-01-03T12:30:00Z,0,0,0,0,0,0,0,0,0.0,0.0,0.0,0.0,0.0,0.0,0.0,0.0,0,39
2025-26,20,192,711,Andre Harriman-Annous,MID,Arsenal,1,4,0,2026-01-03T17:30:00Z,0,0,0,0,0,0,0,0,0.0,0.0,0.0,0.0,0.0,0.0,0.0,0.0,0,45
2025-26,20,198,712,Yéremy Pino Santos,MID,Crystal Palace,8,15,0,2026-01-04T15:00:00Z,86,2,0,0,0,2,0,14,12.0,39.9,6.0,5.8,0.0,0.46,0.46,1.43,1,58
2025-26,20,192,713,Álex Jiménez Sánchez,DEF,Bournemouth,4,1,1,2026-01-03T17:30:00Z,90,1,0,0,0,3,0,-1,13.4,1.3,1.0,1.6,0.02,0.01,0.03,1.13,1,45
2025-26,20,198,714,Nick Woltemade,FWD,Newcastle,15,8,1,2026-01-04T15:00:00Z,12,1,0,0,0,0,0,6,2.0,0.3,6.0,0.8,0.0,0.04,0.04,0.07,0,74
2025-26,20,191,715,John Victor Maciel Furtado,GK,Nott'm Forest,16,2,0,2026-01-03T12:30:00Z,77,1,0,0,0,3,0,-5,3.6,0.0,0.0,0.4,0.0,0.0,0.0,1.59,1,40
2025-26,20,191,716,Nicolò Savona,DEF,Nott'm Forest,16,2,0,2026-01-03T12:30:00Z,21,1,0,0,0,1,0,-1,0.4,0.2,0.0,0.1,0.0,0.0,0.0,0.39,0,45
2025-26,20,199,717,Xavi Simons,MID,Spurs,18,17,1,2026-01-04T15:00:00Z,0,0,0,0,0,0,0,0,0.0,0.0,0.0,0.0,0.0,0.0,0.0,0.0,0,65
2025-26,20,200,718,Soungoutou Magassa,MID,West Ham,19,20,0,2026-01-03T15:00:00Z,45,1,0,0,0,3,0,5,2.4,1.2,1.0,0.5,0.02,0.01,0.03,1.6,1,50
2025-26,20,191,719,Victor Lindelöf,DEF,Aston Villa,2,16,1,2026-01-03T12:30:00Z,90,2,0,0,0,1,0,11,18.4,1.8,2.0,2.2,0.0,0.01,0.01,0.89,1,45
2025-26,20,200,720,Tolu Arokodare,FWD,Wolves,20,19,1,2026-01-03T15:00:00Z,87,2,0,0,1,0,0,10,10.4,1.4,25.0,3.7,0.23,0.0,0.23,0.23,1,54
2025-26,20,192,721,Veljko Milosavljevic,DEF,Bournemouth,4,1,1,2026-01-03T17:30:00Z,0,0,0,0,0,0,0,0,0.0,0.0,0.0,0.0,0.0,0.0,0.0,0.0,0,44
2025-26,20,193,722,Florentino Ibrain Morris Luís,MID,Burnley,3,6,0,2026-01-03T15:00:00Z,90,3,0,0,0,2,0,13,23.8,3.3,6.0,3.3,0.0,0.01,0.01,1.45,1,50
2025-26,20,198,723,Jaydee Canvot,DEF,Crystal Palace,8,15,0,2026-01-04T15:00:00Z,52,2,0,0,0,2,0,1,19.8,1.6,2.0,2.3,0.0,0.01,0.01,1.73,0,45
2025-26,20,199,724,Lutsharel Geertruida,DEF,Sunderland,17,18,0,2026-01-04T15:00:00Z,90,2,0,0,0,1,0,14,11.6,14.2,0.0,2.6,0.0,0.03,0.03,1.18,1,45
2025-26,20,192,725,Piero Hincapié,DEF,Arsenal,1,4,0,2026-01-03T17:30:00Z,90,1,0,0,0,2,0,5,10.8,15.6,4.0,3.0,0.0,0.07,0.07,1.43,1,54
2025-26,20,199,726,Randal Kolo Muani,FWD,Spurs,18,17,1,2026-01-04T15:00:00Z,71,2,0,0,0,1,0,7,11.4,21.1,12.0,4.5,0.11,0.11,0.22,0.48,0,69
2025-26,20,195,727,Samuel Chukwueze,MID,Fulham,10,12,1,2026-01-04T15:15:00Z,0,0,0,0,0,0,0,0,0.0,0.0,0.0,0.0,0.0,0.0,0.0,0.0,0,53
2025-26,20,194,728,Merlin Röhl,MID,Everton,9,5,1,2026-01-04T15:00:00Z,45,1,0,0,0,3,0,7,10.4,29.1,8.0,4.8,0.04,0.11,0.15,1.25,0,50
2025-26,20,191,729,Luis Eduardo Soares da Silva,DEF,Nott'm Forest,16,2,0,2026-01-03T12:30:00Z,0,0,0,0,0,0,0,0,0.0,0.0,0.0,0.0,0.0,0.0,0.0,0.0,0,45
2025-26,20,199,730,Brian Brobbey,FWD,Sunderland,17,18,0,2026-01-04T15:00:00Z,90,9,1,0,0,1,3,33,37.8,11.9,26.0,7.6,0.14,0.03,0.17,1.18,1,55
2025-26,20,195,731,Kevin Santos Lopes de Macedo,MID,Fulham,10,12,1,2026-01-04T15:15:00Z,16,4,0,1,0,1,0,13,21.2,10.8,5.0,3.7,0.11,0.01,0.12,0.35,0,58
2025-26,20,198,732,Christantus Uche,FWD,Crystal Palace,8,15,0,2026-01-04T15:00:00Z,18,1,0,0,0,1,0,1,2.6,1.0,9.0,1.3,0.04,0.01,0.05,1.15,0,55
2025-26,20,196,733,Senne Lammens,GK,Man Utd,14,11,0,2026-01-04T12:30:00Z,90,2,0,0,0,1,0,10,20.6,0.0,0.0,2.1,0.0,0.0,0.0,0.9,1,50
2025-26,20,191,734,Dilane Bakwa,MID,Nott'm Forest,16,2,0,2026-01-03T12:30:00Z,68,4,0,1,0,2,0,12,11.8,13.8,10.0,3.6,0.22,0.17,0.39,1.2,1,59
2025-26,20,199,735,Bertrand Traoré,MID,Sunderland,17,18,0,2026-01-04T15:00:00Z,0,0,0,0,0,0,0,0,0.0,0.0,0.0,0.0,0.0,0.0,0.0,0.0,0,55
2025-26,20,197,736,Gianluigi Donnarumma,GK,Man City,13,7,1,2026-01-04T17:30:00Z,90,2,0,0,0,1,0,17,28.0,0.0,0.0,2.8,0.0,0.0,0.0,1.73,1,57
2025-26,20,195,737,Jonah Kusi-Asare,FWD,Fulham,10,12,1,2026-01-04T15:15:00Z,5,1,0,0,0,1,0,4,0.0,0.3,0.0,0.0,0.0,0.0,0.0,0.35,0,45
2025-26,20,200,738,Lukasz Fabianski,GK,West Ham,19,20,0,2026-01-03T15:00:00Z,0,0,0,0,0,0,0,0,0.0,0.0,0.0,0.0,0.0,0.0,0.0,0.0,0,45
2025-26,20,197,739,Divine Mukasa,MID,Man City,13,7,1,2026-01-04T17:30:00Z,0,0,0,0,0,0,0,0,0.0,0.0,0.0,0.0,0.0,0.0,0.0,0.0,0,44
2025-26,20,197,740,Stephen Mfuni,DEF,Man City,13,7,1,2026-01-04T17:30:00Z,0,0,0,0,0,0,0,0,0.0,0.0,0.0,0.0,0.0,0.0,0.0,0.0,0,39
2025-26,20,196,741,Harry Gray,FWD,Leeds,11,14,1,2026-01-04T12:30:00Z,0,0,0,0,0,0,0,0,0.0,0.0,0.0,0.0,0.0,0.0,0.0,0.0,0,45
2025-26,20,197,742,Ryan McAidoo,MID,Man City,13,7,1,2026-01-04T17:30:00Z,0,0,0,0,0,0,0,0,0.0,0.0,0.0,0.0,0.0,0.0,0.0,0.0,0,45
2025-26,20,197,743,Landon Emenalo,MID,Chelsea,7,13,0,2026-01-04T17:30:00Z,0,0,0,0,0,0,0,0,0.0,0.0,0.0,0.0,0.0,0.0,0.0,0.0,0,45
2025-26,20,193,744,Nehemiah Oriola,MID,Brighton,6,3,1,2026-01-03T15:00:00Z,0,0,0,0,0,0,0,0,0.0,0.0,0.0,0.0,0.0,0.0,0.0,0.0,0,45
2025-26,20,199,745,Jun'ai Byfield,DEF,Spurs,18,17,1,2026-01-04T15:00:00Z,0,0,0,0,0,0,0,0,0.0,0.0,0.0,0.0,0.0,0.0,0.0,0.0,0,40
2025-26,20,195,746,Kieran Morrison,MID,Liverpool,12,10,0,2026-01-04T15:15:00Z,0,0,0,0,0,0,0,0,0.0,0.0,0.0,0.0,0.0,0.0,0.0,0.0,0,45
2025-26,20,200,747,Ezra Mayers,DEF,West Ham,19,20,0,2026-01-03T15:00:00Z,45,1,0,0,0,0,0,10,5.8,7.0,0.0,1.3,0.0,0.08,0.08,0.27,0,40
2025-26,20,194,748,Josh Dasilva,MID,Brentford,5,9,0,2026-01-04T15:00:00Z,0,0,0,0,0,0,0,0,0.0,0.0,0.0,0.0,0.0,0.0,0.0,0.0,0,49
2025-26,20,200,749,Mateus Mané,FWD,Wolves,20,19,1,2026-01-03T15:00:00Z,85,12,1,1,1,0,3,46,47.6,2.3,26.0,7.6,0.04,0.03,0.07,0.2,1,45
2025-26,20,199,750,James Rowswell,DEF,Spurs,18,17,1,2026-01-04T15:00:00Z,0,0,0,0,0,0,0,0,0.0,0.0,0.0,0.0,0.0,0.0,0.0,0.0,0,40
2025-26,20,199,751,Yusuf Akhamrich,MID,Spurs,18,17,1,2026-01-04T15:00:00Z,0,0,0,0,0,0,0,0,0.0,0.0,0.0,0.0,0.0,0.0,0.0,0.0,0,45
2025-26,20,200,752,Airidas Golambeckis,DEF,West Ham,19,20,0,2026-01-03T15:00:00Z,0,0,0,0,0,0,0,0,0.0,0.0,0.0,0.0,0.0,0.0,0.0,0.0,0,40
2025-26,20,198,753,John Ruddy,GK,Newcastle,15,8,1,2026-01-04T15:00:00Z,0,0,0,0,0,0,0,0,0.0,0.0,0.0,0.0,0.0,0.0,0.0,0.0,0,40
2025-26,20,191,754,George Hemmings,MID,Aston Villa,2,16,1,2026-01-03T12:30:00Z,0,0,0,0,0,0,0,0,0.0,0.0,0.0,0.0,0.0,0.0,0.0,0.0,0,45
2025-26,20,196,755,Shea Lacey,MID,Man Utd,14,11,0,2026-01-04T12:30:00Z,0,0,0,0,0,0,0,0,0.0,0.0,0.0,0.0,0.0,0.0,0.0,0.0,0,45
2025-26,20,192,756,Malcom DaCosta,MID,Bournemouth,4,1,1,2026-01-03T17:30:00Z,0,0,0,0,0,0,0,0,0.0,0.0,0.0,0.0,0.0,0.0,0.0,0.0,0,45
2025-26,20,191,757,Ronnie Hollingshead,GK,Aston Villa,2,16,1,2026-01-03T12:30:00Z,0,0,0,0,0,0,0,0,0.0,0.0,0.0,0.0,0.0,0.0,0.0,0.0,0,40
2025-26,20,200,758,Mohamadou Kanté,MID,West Ham,19,20,0,2026-01-03T15:00:00Z,0,0,0,0,0,0,0,0,0.0,0.0,0.0,0.0,0.0,0.0,0.0,0.0,0,45
2025-26,20,192,759,Marli Salmon,DEF,Arsenal,1,4,0,2026-01-03T17:30:00Z,0,0,0,0,0,0,0,0,0.0,0.0,0.0,0.0,0.0,0.0,0.0,0.0,0,40
2025-26,20,195,760,Wellity Lucky,DEF,Liverpool,12,10,0,2026-01-04T15:15:00Z,0,0,0,0,0,0,0,0,0.0,0.0,0.0,0.0,0.0,0.0,0.0,0.0,0,40
2025-26,20,193,761,Freddie Simmonds,DEF,Brighton,6,3,1,2026-01-03T15:00:00Z,0,0,0,0,0,0,0,0,0.0,0.0,0.0,0.0,0.0,0.0,0.0,0.0,0,40
2025-26,20,198,762,Joél Drakes-Thomas,MID,Crystal Palace,8,15,0,2026-01-04T15:00:00Z,3,1,0,0,0,0,0,3,1.0,0.5,0.0,0.2,0.0,0.0,0.0,0.65,0,45
2025-26,20,197,763,Charlie Gray,MID,Man City,13,7,1,2026-01-04T17:30:00Z,0,0,0,0,0,0,0,0,0.0,0.0,0.0,0.0,0.0,0.0,0.0,0.0,0,45
2025-26,20,197,764,Reigan Heskey,MID,Man City,13,7,1,2026-01-04T17:30:00Z,0,0,0,0,0,0,0,0,0.0,0.0,0.0,0.0,0.0,0.0,0.0,0.0,0,45
2025-26,20,198,765,Leo Shahar,DEF,Newcastle,15,8,1,2026-01-04T15:00:00Z,0,0,0,0,0,0,0,0,0.0,0.0,0.0,0.0,0.0,0.0,0.0,0.0,0,40
2025-26,20,200,766,Saheed Olagunju,DEF,Wolves,20,19,1,2026-01-03T15:00:00Z,0,0,0,0,0,0,0,0,0.0,0.0,0.0,0.0,0.0,0.0,0.0,0.0,0,40
2025-26,20,200,767,Luke Rawlings,MID,Wolves,20,19,1,2026-01-03T15:00:00Z,0,0,0,0,0,0,0,0,0.0,0.0,0.0,0.0,0.0,0.0,0.0,0.0,0,45
2025-26,20,191,768,Leon Routh,DEF,Aston Villa,2,16,1,2026-01-03T12:30:00Z,0,0,0,0,0,0,0,0,0.0,0.0,0.0,0.0,0.0,0.0,0.0,0.0,0,40
2025-26,20,196,769,Bendito Mantato,MID,Man Utd,14,11,0,2026-01-04T12:30:00Z,0,0,0,0,0,0,0,0,0.0,0.0,0.0,0.0,0.0,0.0,0.0,0.0,0,45
2025-26,20,195,770,Seth Ridgeon,MID,Fulham,10,12,1,2026-01-04T15:15:00Z,0,0,0,0,0,0,0,0,0.0,0.0,0.0,0.0,0.0,0.0,0.0,0.0,0,45
2025-26,20,196,771,Tyler Fletcher,MID,Man Utd,14,11,0,2026-01-04T12:30:00Z,0,0,0,0,0,0,0,0,0.0,0.0,0.0,0.0,0.0,0.0,0.0,0.0,0,45
2025-26,20,198,772,Sam Alabi,MID,Newcastle,15,8,1,2026-01-04T15:00:00Z,0,0,0,0,0,0,0,0,0.0,0.0,0.0,0.0,0.0,0.0,0.0,0.0,0,45
2025-26,20,198,773,Dean Benamar,DEF,Crystal Palace,8,15,0,2026-01-04T15:00:00Z,0,0,0,0,0,0,0,0,0.0,0.0,0.0,0.0,0.0,0.0,0.0,0.0,0,40
2025-26,20,199,774,Jenson Jones,DEF,Sunderland,17,18,0,2026-01-04T15:00:00Z,0,0,0,0,0,0,0,0,0.0,0.0,0.0,0.0,0.0,0.0,0.0,0.0,0,40
2025-26,20,199,775,Tymur Tutierov,MID,Sunderland,17,18,0,2026-01-04T15:00:00Z,0,0,0,0,0,0,0,0,0.0,0.0,0.0,0.0,0.0,0.0,0.0,0.0,0,45
2025-26,20,193,776,Oliver Pimlott,MID,Burnley,3,6,0,2026-01-03T15:00:00Z,0,0,0,0,0,0,0,0,0.0,0.0,0.0,0.0,0.0,0.0,0.0,0.0,0,45
2025-26,20,200,777,Temple Ojinnaka,MID,Wolves,20,19,1,2026-01-03T15:00:00Z,0,0,0,0,0,0,0,0,0.0,0.0,0.0,0.0,0.0,0.0,0.0,0.0,0,45
2025-26,20,200,778,Ethan Sutherland,MID,Wolves,20,19,1,2026-01-03T15:00:00Z,0,0,0,0,0,0,0,0,0.0,0.0,0.0,0.0,0.0,0.0,0.0,0.0,0,45
2025-26,20,194,779,Braiden Graham,FWD,Everton,9,5,1,2026-01-04T15:00:00Z,0,0,0,0,0,0,0,0,0.0,0.0,0.0,0.0,0.0,0.0,0.0,0.0,0,45
2025-26,20,198,780,Ben Casey,FWD,Crystal Palace,8,15,0,2026-01-04T15:00:00Z,0,0,0,0,0,0,0,0,0.0,0.0,0.0,0.0,0.0,0.0,0.0,0.0,0,45
2025-26,20,191,781,TJ Carroll,DEF,Aston Villa,2,16,1,2026-01-03T12:30:00Z,0,0,0,0,0,0,0,0,0.0,0.0,0.0,0.0,0.0,0.0,0.0,0.0,0,40
2025-26,20,192,782,Fraser Forster,GK,Bournemouth,4,1,1,2026-01-03T17:30:00Z,0,0,0,0,0,0,0,0,0.0,0.0,0.0,0.0,0.0,0.0,0.0,0.0,0,40
2025-26,20,193,783,Pascal Groß,MID,Brighton,6,3,1,2026-01-03T15:00:00Z,19,1,0,0,0,0,0,0,0.0,2.3,6.0,0.6,0.05,0.0,0.05,0.04,0,55
2025-26,20,193,784,George Brierley,MID,Burnley,3,6,0,2026-01-03T15:00:00Z,0,0,0,0,0,0,0,0,0.0,0.0,0.0,0.0,0.0,0.0,0.0,0.0,0,45
2025-26,20,200,785,Pablo Felipe Pereira de Jesus,FWD,West Ham,19,20,0,2026-01-03T15:00:00Z,0,0,0,0,0,0,0,0,0.0,0.0,0.0,0.0,0.0,0.0,0.0,0.0,0,55
2025-26,20,195,786,Alfie McNally,GK,Fulham,10,12,1,2026-01-04T15:15:00Z,0,0,0,0,0,0,0,0,0.0,0.0,0.0,0.0,0.0,0.0,0.0,0.0,0,40
2025-26,20,196,787,Sam Chambers,MID,Leeds,11,14,1,2026-01-04T12:30:00Z,0,0,0,0,0,0,0,0,0.0,0.0,0.0,0.0,0.0,0.0,0.0,0.0,0,45
2025-26,20,196,788,Godwill Kukonki,DEF,Man Utd,14,11,0,2026-01-04T12:30:00Z,0,0,0,0,0,0,0,0,0.0,0.0,0.0,0.0,0.0,0.0,0.0,0.0,0,40
2025-26,20,197,789,Max Merrick,GK,Chelsea,7,13,0,2026-01-04T17:30:00Z,0,0,0,0,0,0,0,0,0.0,0.0,0.0,0.0,0.0,0.0,0.0,0.0,0,40
2025-26,20,199,790,Lucá Williams-Barnett,MID,Spurs,18,17,1,2026-01-04T15:00:00Z,0,0,0,0,0,0,0,0,0.0,0.0,0.0,0.0,0.0,0.0,0.0,0.0,0,45
