season,gw,fixture,element,name,position,team,team_id,opponent_team,was_home,kickoff_time,minutes,total_points,goals_scored,assists,clean_sheets,goals_conceded,bonus,bps,influence,creativity,threat,ict_index,expected_goals,expected_assists,expected_goal_involvements,expected_goals_conceded,starts,value
2025-26,21,201,1,David Raya Martín,GK,Arsenal,1,12,1,2026-01-08T20:00:00Z,90,6,0,0,1,0,0,19,4.4,0.0,0.0,0.4,0.0,0.0,0.0,0.36,1,60
2025-26,21,201,2,Kepa Arrizabalaga Revuelta,GK,Arsenal,1,12,1,2026-01-08T20:00:00Z,0,0,0,0,0,0,0,0,0.0,0.0,0.0,0.0,0.0,0.0,0.0,0.0,0,41
2025-26,21,201,3,Karl Hein,GK,Arsenal,1,12,1,2026-01-08T20:00:00Z,0,0,0,0,0,0,0,0,0.0,0.0,0.0,0.0,0.0,0.0,0.0,0.0,0,40
2025-26,21,201,4,Tommy Setford,GK,Arsenal,1,12,1,2026-01-08T20:00:00Z,0,0,0,0,0,0,0,0,0.0,0.0,0.0,0.0,0.0,0.0,0.0,0.0,0,39
2025-26,21,201,5,Gabriel dos Santos Magalhães,DEF,Arsenal,1,12,1,2026-01-08T20:00:00Z,90,6,0,0,1,0,0,25,21.8,7.3,12.0,4.1,0.14,0.05,0.19,0.36,1,66
2025-26,21,201,6,William Saliba,DEF,Arsenal,1,12,1,2026-01-08T20:00:00Z,90,7,0,0,1,0,1,28,13.8,19.3,0.0,3.3,0.0,0.15,0.15,0.36,1,59
2025-26,21,201,7,Riccardo Calafiori,DEF,Arsenal,1,12,1,2026-01-08T20:00:00Z,0,0,0,0,0,0,0,0,0.0,0.0,0.0,0.0,0.0,0.0,0.0,0.0,0,56
2025-26,21,201,8,Jurriën Timber,DEF,Arsenal,1,12,1,2026-01-08T20:00:00Z,90,6,0,0,1,0,0,24,11.0,3.7,8.0,2.3,0.0,0.02,0.02,0.36,1,63
2025-26,21,201,9,Jakub Kiwior,DEF,Arsenal,1,12,1,2026-01-08T20:00:00Z,0,0,0,0,0,0,0,0,0.0,0.0,0.0,0.0,0.0,0.0,0.0,0.0,0,54
2025-26,21,201,10,Myles Lewis-Skelly,DEF,Arsenal,1,12,1,2026-01-08T20:00:00Z,33,1,0,0,0,0,0,5,4.2,10.1,0.0,1.4,0.0,0.0,0.0,0.22,0,51
2025-26,21,201,11,Benjamin White,DEF,Arsenal,1,12,1,2026-01-08T20:00:00Z,0,0,0,0,0,0,0,0,0.0,0.0,0.0,0.0,0.0,0.0,0.0,0.0,0,51
2025-26,21,210,12,Oleksandr Zinchenko,DEF,Nott'm Forest,16,19,0,2026-01-06T20:00:00Z,0,0,0,0,0,0,0,0,0.0,0.0,0.0,0.0,0.0,0.0,0.0,0.0,0,49
2025-26,21,201,13,Brayden Clarke,DEF,Arsenal,1,12,1,2026-01-08T20:00:00Z,0,0,0,0,0,0,0,0,0.0,0.0,0.0,0.0,0.0,0.0,0.0,0.0,0,38
2025-26,21,201,14,Maldini Kacurri,DEF,Arsenal,1,12,1,2026-01-08T20:00:00Z,0,0,0,0,0,0,0,0,0.0,0.0,0.0,0.0,0.0,0.0,0.0,0.0,0,39
2025-26,21,201,15,Josh Nichols,DEF,Arsenal,1,12,1,2026-01-08T20:00:00Z,0,0,0,0,0,0,0,0,0.0,0.0,0.0,0.0,0.0,0.0,0.0,0.0,0,38
2025-26,21,201,16,Bukayo Saka,MID,Arsenal,1,12,1,2026-01-08T20:00:00Z,77,3,0,0,1,0,0,6,4.8,3.8,18.0,2.7,0.13,0.02,0.15,0.3,1,102
2025-26,21,201,17,Martin Ødegaard,MID,Arsenal,1,12,1,2026-01-08T20:00:00Z,77,3,0,0,1,0,0,12,4.2,14.7,4.0,2.3,0.0,0.04,0.04,0.3,1,78
2025-26,21,201,18,Noni Madueke,MID,Arsenal,1,12,1,2026-01-08T20:00:00Z,12,1,0,0,0,0,0,6,2.0,14.5,4.0,2.1,0.0,0.06,0.06,0.06,0,68
2025-26,21,201,19,Gabriel Martinelli Silva,MID,Arsenal,1,12,1,2026-01-08T20:00:00Z,26,0,0,0,0,0,0,3,4.2,0.6,17.0,2.2,0.02,0.01,0.03,0.15,0,68
2025-26,21,201,20,Leandro Trossard,MID,Arsenal,1,12,1,2026-01-08T20:00:00Z,63,2,0,0,1,0,0,7,2.4,1.7,9.0,1.3,0.09,0.05,0.14,0.21,1,70
2025-26,21,201,21,Declan Rice,MID,Arsenal,1,12,1,2026-01-08T20:00:00Z,90,3,0,0,1,0,0,20,18.2,28.8,7.0,5.4,0.07,0.15,0.22,0.36,1,72
2025-26,21,201,22,Mikel Merino Zazón,MID,Arsenal,1,12,1,2026-01-08T20:00:00Z,0,0,0,0,0,0,0,0,0.0,0.0,0.0,0.0,0.0,0.0,0.0,0.0,0,57
2025-26,21,201,23,Fábio Ferreira Vieira,MID,Arsenal,1,12,1,2026-01-08T20:00:00Z,0,0,0,0,0,0,0,0,0.0,0.0,0.0,0.0,0.0,0.0,0.0,0.0,0,54
2025-26,21,201,24,Christian Nørgaard,MID,Arsenal,1,12,1,2026-01-08T20:00:00Z,0,0,0,0,0,0,0,0,0.0,0.0,0.0,0.0,0.0,0.0,0.0,0.0,0,51
2025-26,21,201,25,Ethan Nwaneri,MID,Arsenal,1,12,1,2026-01-08T20:00:00Z,0,0,0,0,0,0,0,0,0.0,0.0,0.0,0.0,0.0,0.0,0.0,0.0,0,50
2025-26,21,201,26,Martín Zubimendi Ibáñez,MID,Arsenal,1,12,1,2026-01-08T20:00:00Z,90,5,0,0,1,0,0,16,17.8,3.8,2.0,2.4,0.0,0.11,0.11,0.36,1,52
2025-26,21,203,27,Reiss Nelson,MID,Brentford,5,17,1,2026-01-07T19:30:00Z,8,1,0,0,0,0,0,0,0.0,0.5,4.0,0.3,0.44,0.02,0.46,0.1,0,48
2025-26,21,201,28,Ismeal Kabia,MID,Arsenal,1,12,1,2026-01-08T20:00:00Z,0,0,0,0,0,0,0,0,0.0,0.0,0.0,0.0,0.0,0.0,0.0,0.0,0,45
2025-26,21,201,29,Albert Sambi Lokonga,MID,Arsenal,1,12,1,2026-01-08T20:00:00Z,0,0,0,0,0,0,0,0,0.0,0.0,0.0,0.0,0.0,0.0,0.0,0.0,0,45
2025-26,21,201,30,Kai Havertz,FWD,Arsenal,1,12,1,2026-01-08T20:00:00Z,0,0,0,0,0,0,0,0,0.0,0.0,0.0,0.0,0.0,0.0,0.0,0.0,0,73
2025-26,21,201,31,Gabriel Fernando de Jesus,FWD,Arsenal,1,12,1,2026-01-08T20:00:00Z,26,1,0,0,0,0,0,4,2.0,0.3,21.0,2.3,0.13,0.0,0.13,0.15,0,64
2025-26,21,205,32,Emiliano Martínez Romero,GK,Aston Villa,2,8,0,2026-01-07T19:30:00Z,45,1,0,0,0,0,0,13,12.0,0.0,0.0,1.2,0.0,0.0,0.0,0.31,1,50
2025-26,21,205,33,Marco Bizot,GK,Aston Villa,2,8,0,2026-01-07T19:30:00Z,45,2,0,0,0,0,0,17,35.2,0.0,0.0,3.5,0.0,0.0,0.0,1.19,0,42
2025-26,21,205,34,Joe Gauci,GK,Aston Villa,2,8,0,2026-01-07T19:30:00Z,0,0,0,0,0,0,0,0,0.0,0.0,0.0,0.0,0.0,0.0,0.0,0.0,0,40
2025-26,21,205,35,Filip Marschall,GK,Aston Villa,2,8,0,2026-01-07T19:30:00Z,0,0,0,0,0,0,0,0,0.0,0.0,0.0,0.0,0.0,0.0,0.0,0.0,0,40
2025-26,21,205,36,Matty Cash,DEF,Aston Villa,2,8,0,2026-01-07T19:30:00Z,90,6,0,0,1,0,0,29,25.0,30.5,4.0,6.0,0.04,0.19,0.23,1.5,1,48
2025-26,21,205,37,Lucas Digne,DEF,Aston Villa,2,8,0,2026-01-07T19:30:00Z,72,9,0,0,1,0,3,33,21.2,17.8,4.0,4.3,0.03,0.15,0.18,1.5,1,45
2025-26,21,205,38,Ezri Konsa Ngoyo,DEF,Aston Villa,2,8,0,2026-01-07T19:30:00Z,90,7,0,0,1,0,1,30,18.2,0.6,10.0,2.9,0.05,0.01,0.06,1.5,1,44
2025-26,21,205,39,Ian Maatsen,DEF,Aston Villa,2,8,0,2026-01-07T19:30:00Z,17,1,0,0,0,0,0,5,4.4,0.2,4.0,0.9,0.04,0.0,0.04,0.0,0,42
2025-26,21,205,40,Tyrone Mings,DEF,Aston Villa,2,8,0,2026-01-07T19:30:00Z,0,0,0,0,0,0,0,0,0.0,0.0,0.0,0.0,0.0,0.0,0.0,0.0,0,43
2025-26,21,205,41,Pau Torres,DEF,Aston Villa,2,8,0,2026-01-07T19:30:00Z,0,0,0,0,0,0,0,0,0.0,0.0,0.0,0.0,0.0,0.0,0.0,0.0,0,43
2025-26,21,205,42,Andrés García,DEF,Aston Villa,2,8,0,2026-01-07T19:30:00Z,0,0,0,0,0,0,0,0,0.0,0.0,0.0,0.0,0.0,0.0,0.0,0.0,0,39
2025-26,21,205,43,Álex Moreno Lopera,DEF,Aston Villa,2,8,0,2026-01-07T19:30:00Z,0,0,0,0,0,0,0,0,0.0,0.0,0.0,0.0,0.0,0.0,0.0,0.0,0,40
2025-26,21,205,44,Lamare Bogarde,DEF,Aston Villa,2,8,0,2026-01-07T19:30:00Z,8,1,0,0,0,0,0,3,2.2,0.3,0.0,0.3,0.0,0.01,0.01,0.0,0,40
2025-26,21,205,45,Lino da Cruz Sousa,DEF,Aston Villa,2,8,0,2026-01-07T19:30:00Z,0,0,0,0,0,0,0,0,0.0,0.0,0.0,0.0,0.0,0.0,0.0,0.0,0,39
2025-26,21,205,46,Yasin Özcan,DEF,Aston Villa,2,8,0,2026-01-07T19:30:00Z,0,0,0,0,0,0,0,0,0.0,0.0,0.0,0.0,0.0,0.0,0.0,0.0,0,40
2025-26,21,205,47,Morgan Rogers,MID,Aston Villa,2,8,0,2026-01-07T19:30:00Z,90,3,0,0,1,0,0,13,16.0,24.8,40.0,8.1,0.2,0.09,0.29,1.5,1,76
2025-26,21,205,48,Youri Tielemans,MID,Aston Villa,2,8,0,2026-01-07T19:30:00Z,90,3,0,0,1,0,0,13,8.2,17.6,9.0,3.5,0.24,0.25,0.49,1.5,1,59
2025-26,21,205,49,Leon Bailey,MID,Aston Villa,2,8,0,2026-01-07T19:30:00Z,0,0,0,0,0,0,0,0,0.0,0.0,0.0,0.0,0.0,0.0,0.0,0.0,0,55
2025-26,21,205,50,Emiliano Buendía Stati,MID,Aston Villa,2,8,0,2026-01-07T19:30:00Z,25,1,0,0,0,0,0,2,4.2,0.8,3.0,0.8,0.1,0.01,0.11,0.59,0,53
2025-26,21,205,51,Samuel Iling-Junior,MID,Aston Villa,2,8,0,2026-01-07T19:30:00Z,0,0,0,0,0,0,0,0,0.0,0.0,0.0,0.0,0.0,0.0,0.0,0.0,0,55
2025-26,21,209,52,Jacob Ramsey,MID,Newcastle,15,11,1,2026-01-07T20:15:00Z,14,1,0,0,0,1,0,5,4.6,11.3,0.0,1.6,0.0,0.01,0.01,0.19,0,53
2025-26,21,205,53,Donyell Malen,MID,Aston Villa,2,8,0,2026-01-07T19:30:00Z,17,1,0,0,0,0,0,3,1.0,0.0,0.0,0.1,0.0,0.0,0.0,0.0,0,51
2025-26,21,205,54,John McGinn,MID,Aston Villa,2,8,0,2026-01-07T19:30:00Z,72,3,0,0,1,0,0,5,6.0,18.3,14.0,3.8,0.0,0.13,0.13,1.5,1,54
2025-26,21,205,55,Ross Barkley,MID,Aston Villa,2,8,0,2026-01-07T19:30:00Z,0,0,0,0,0,0,0,0,0.0,0.0,0.0,0.0,0.0,0.0,0.0,0.0,0,48
2025-26,21,205,56,Enzo Barrenechea,MID,Aston Villa,2,8,0,2026-01-07T19:30:00Z,0,0,0,0,0,0,0,0,0.0,0.0,0.0,0.0,0.0,0.0,0.0,0.0,0,50
2025-26,21,205,57,Lewis Dobbin,MID,Aston Villa,2,8,0,2026-01-07T19:30:00Z,0,0,0,0,0,0,0,0,0.0,0.0,0.0,0.0,0.0,0.0,0.0,0.0,0,50
2025-26,21,205,58,Boubacar Kamara,MID,Aston Villa,2,8,0,2026-01-07T19:30:00Z,81,3,0,0,1,0,0,14,12.2,36.1,7.0,5.5,0.07,0.07,0.14,1.5,1,49
2025-26,21,205,59,Amadou Onana,MID,Aston Villa,2,8,0,2026-01-07T19:30:00Z,0,0,0,0,0,0,0,0,0.0,0.0,0.0,0.0,0.0,0.0,0.0,0.0,0,48
2025-26,21,205,60,Ben Broggio,MID,Aston Villa,2,8,0,2026-01-07T19:30:00Z,0,0,0,0,0,0,0,0,0.0,0.0,0.0,0.0,0.0,0.0,0.0,0.0,0,44
2025-26,21,205,61,Leander Dendoncker,MID,Aston Villa,2,8,0,2026-01-07T19:30:00Z,0,0,0,0,0,0,0,0,0.0,0.0,0.0,0.0,0.0,0.0,0.0,0.0,0,45
2025-26,21,205,62,Jamaldeen Jimoh-Aloba,MID,Aston Villa,2,8,0,2026-01-07T19:30:00Z,0,0,0,0,0,0,0,0,0.0,0.0,0.0,0.0,0.0,0.0,0.0,0.0,0,45
2025-26,21,205,63,Kadan Young,MID,Aston Villa,2,8,0,2026-01-07T19:30:00Z,0,0,0,0,0,0,0,0,0.0,0.0,0.0,0.0,0.0,0.0,0.0,0.0,0,43
2025-26,21,205,64,Ollie Watkins,FWD,Aston Villa,2,8,0,2026-01-07T19:30:00Z,90,2,0,0,1,0,0,4,6.4,2.3,40.0,4.9,0.95,0.01,0.96,1.5,1,87
2025-26,21,205,65,Zépiqueno Redmond,FWD,Aston Villa,2,8,0,2026-01-07T19:30:00Z,0,0,0,0,0,0,0,0,0.0,0.0,0.0,0.0,0.0,0.0,0.0,0.0,0,45
2025-26,21,202,66,Norberto Murara Neto,GK,Bournemouth,4,18,1,2026-01-07T19:30:00Z,0,0,0,0,0,0,0,0,0.0,0.0,0.0,0.0,0.0,0.0,0.0,0.0,0,45
2025-26,21,202,67,Đorđe Petrović,GK,Bournemouth,4,18,1,2026-01-07T19:30:00Z,90,1,0,0,0,2,0,5,14.0,0.0,0.0,1.4,0.0,0.0,0.0,1.25,1,45
2025-26,21,202,68,Will Dennis,GK,Bournemouth,4,18,1,2026-01-07T19:30:00Z,0,0,0,0,0,0,0,0,0.0,0.0,0.0,0.0,0.0,0.0,0.0,0.0,0,40
2025-26,21,202,69,Callan McKenna,GK,Bournemouth,4,18,1,2026-01-07T19:30:00Z,0,0,0,0,0,0,0,0,0.0,0.0,0.0,0.0,0.0,0.0,0.0,0.0,0,39
2025-26,21,202,70,Alex Paulsen,GK,Bournemouth,4,18,1,2026-01-07T19:30:00Z,0,0,0,0,0,0,0,0,0.0,0.0,0.0,0.0,0.0,0.0,0.0,0.0,0,40
2025-26,21,202,71,Illia Zabarnyi,DEF,Bournemouth,4,18,1,2026-01-07T19:30:00Z,0,0,0,0,0,0,0,0,0.0,0.0,0.0,0.0,0.0,0.0,0.0,0.0,0,50
2025-26,21,202,72,Marcos Senesi Barón,DEF,Bournemouth,4,18,1,2026-01-07T19:30:00Z,90,6,0,1,0,2,0,22,51.2,13.8,2.0,6.7,0.0,0.53,0.53,1.25,1,48
2025-26,21,202,73,Adam Smith,DEF,Bournemouth,4,18,1,2026-01-07T19:30:00Z,0,0,0,0,0,0,0,0,0.0,0.0,0.0,0.0,0.0,0.0,0.0,0.0,0,44
2025-26,21,202,74,Adrien Truffert,DEF,Bournemouth,4,18,1,2026-01-07T19:30:00Z,90,1,0,0,0,2,0,1,19.6,2.5,0.0,2.2,0.0,0.02,0.02,1.25,1,45
2025-26,21,202,75,Matai Akinmboni,DEF,Bournemouth,4,18,1,2026-01-07T19:30:00Z,0,0,0,0,0,0,0,0,0.0,0.0,0.0,0.0,0.0,0.0,0.0,0.0,0,38
2025-26,21,202,76,Owen Bevan,DEF,Bournemouth,4,18,1,2026-01-07T19:30:00Z,0,0,0,0,0,0,0,0,0.0,0.0,0.0,0.0,0.0,0.0,0.0,0.0,0,38
2025-26,21,202,77,James Hill,DEF,Bournemouth,4,18,1,2026-01-07T19:30:00Z,90,3,0,0,0,2,0,5,24.8,0.8,2.0,2.8,0.0,0.01,0.01,1.25,1,39
2025-26,21,202,78,Julián Araujo Zúñiga,DEF,Bournemouth,4,18,1,2026-01-07T19:30:00Z,0,0,0,0,0,0,0,0,0.0,0.0,0.0,0.0,0.0,0.0,0.0,0.0,0,38
2025-26,21,202,79,Chris Mepham,DEF,Bournemouth,4,18,1,2026-01-07T19:30:00Z,0,0,0,0,0,0,0,0,0.0,0.0,0.0,0.0,0.0,0.0,0.0,0.0,0,40
2025-26,21,202,80,Julio Soler Barreto,DEF,Bournemouth,4,18,1,2026-01-07T19:30:00Z,0,0,0,0,0,0,0,0,0.0,0.0,0.0,0.0,0.0,0.0,0.0,0.0,0,40
2025-26,21,202,81,Justin Kluivert,MID,Bournemouth,4,18,1,2026-01-07T19:30:00Z,0,0,0,0,0,0,0,0,0.0,0.0,0.0,0.0,0.0,0.0,0.0,0.0,0,70
2025-26,21,202,82,Antoine Semenyo,MID,Bournemouth,4,18,1,2026-01-07T19:30:00Z,90,6,1,0,0,2,0,23,35.8,4.3,14.0,5.4,0.16,0.01,0.17,1.21,1,76
2025-26,21,203,83,Dango Ouattara,MID,Brentford,5,17,1,2026-01-07T19:30:00Z,0,0,0,0,0,0,0,0,0.0,0.0,0.0,0.0,0.0,0.0,0.0,0.0,0,58
2025-26,21,202,84,Marcus Tavernier,MID,Bournemouth,4,18,1,2026-01-07T19:30:00Z,86,5,0,1,0,2,0,19,22.4,22.9,1.0,4.6,0.04,0.12,0.16,1.21,1,56
2025-26,21,202,85,Tyler Adams,MID,Bournemouth,4,18,1,2026-01-07T19:30:00Z,0,0,0,0,0,0,0,0,0.0,0.0,0.0,0.0,0.0,0.0,0.0,0.0,0,50
2025-26,21,202,86,David Brooks,MID,Bournemouth,4,18,1,2026-01-07T19:30:00Z,26,4,0,1,0,1,0,10,15.6,10.6,5.0,3.1,0.09,0.01,0.1,0.98,0,50
2025-26,21,202,87,Ryan Christie,MID,Bournemouth,4,18,1,2026-01-07T19:30:00Z,0,0,0,0,0,0,0,0,0.0,0.0,0.0,0.0,0.0,0.0,0.0,0.0,0,49
2025-26,21,202,88,Lewis Cook,MID,Bournemouth,4,18,1,2026-01-07T19:30:00Z,90,3,0,0,0,2,0,9,9.0,1.5,0.0,1.1,0.0,0.03,0.03,1.25,1,49
2025-26,21,202,89,Philip Billing,MID,Bournemouth,4,18,1,2026-01-07T19:30:00Z,0,0,0,0,0,0,0,0,0.0,0.0,0.0,0.0,0.0,0.0,0.0,0.0,0,49
2025-26,21,202,90,Alex Scott,MID,Bournemouth,4,18,1,2026-01-07T19:30:00Z,90,4,0,0,0,2,0,17,13.8,5.4,4.0,2.3,0.05,0.22,0.27,1.25,1,50
2025-26,21,202,91,Luis Sinisterra Lucumí,MID,Bournemouth,4,18,1,2026-01-07T19:30:00Z,0,0,0,0,0,0,0,0,0.0,0.0,0.0,0.0,0.0,0.0,0.0,0.0,0,50
2025-26,21,202,92,Romain Faivre,MID,Bournemouth,4,18,1,2026-01-07T19:30:00Z,0,0,0,0,0,0,0,0,0.0,0.0,0.0,0.0,0.0,0.0,0.0,0.0,0,45
2025-26,21,202,93,Hamed Traorè,MID,Bournemouth,4,18,1,2026-01-07T19:30:00Z,0,0,0,0,0,0,0,0,0.0,0.0,0.0,0.0,0.0,0.0,0.0,0.0,0,45
2025-26,21,202,94,Dominic Sadi,MID,Bournemouth,4,18,1,2026-01-07T19:30:00Z,0,0,0,0,0,0,0,0,0.0,0.0,0.0,0.0,0.0,0.0,0.0,0.0,0,45
2025-26,21,202,95,Zain Silcott-Duberry,MID,Bournemouth,4,18,1,2026-01-07T19:30:00Z,0,0,0,0,0,0,0,0,0.0,0.0,0.0,0.0,0.0,0.0,0.0,0.0,0,44
2025-26,21,202,96,Ben Winterburn,MID,Bournemouth,4,18,1,2026-01-07T19:30:00Z,0,0,0,0,0,0,0,0,0.0,0.0,0.0,0.0,0.0,0.0,0.0,0.0,0,45
2025-26,21,202,97,Francisco Evanilson de Lima Barbosa,FWD,Bournemouth,4,18,1,2026-01-07T19:30:00Z,63,6,1,0,0,1,0,26,35.0,13.0,28.0,7.6,0.11,0.03,0.14,0.27,1,70
2025-26,21,202,98,Enes Ünal,FWD,Bournemouth,4,18,1,2026-01-07T19:30:00Z,26,1,0,0,0,1,0,1,0.0,0.0,8.0,0.7,0.18,0.0,0.18,0.98,0,54
2025-26,21,202,99,Daniel Adu-Adjei,FWD,Bournemouth,4,18,1,2026-01-07T19:30:00Z,0,0,0,0,0,0,0,0,0.0,0.0,0.0,0.0,0.0,0.0,0.0,0.0,0,44
2025-26,21,202,100,Junior Kroupi,FWD,Bournemouth,4,18,1,2026-01-07T19:30:00Z,63,7,1,0,0,1,1,29,34.8,13.8,35.0,8.4,0.65,0.01,0.66,0.27,1,46
2025-26,21,203,101,Caoimhín Kelleher,GK,Brentford,5,17,1,2026-01-07T19:30:00Z,90,13,0,0,1,0,1,38,45.4,10.0,0.0,5.5,0.0,0.0,0.0,1.72,1,45
2025-26,21,203,102,Ellery Balcombe,GK,Brentford,5,17,1,2026-01-07T19:30:00Z,0,0,0,0,0,0,0,0,0.0,0.0,0.0,0.0,0.0,0.0,0.0,0.0,0,39
2025-26,21,203,103,Matthew Cox,GK,Brentford,5,17,1,2026-01-07T19:30:00Z,0,0,0,0,0,0,0,0,0.0,0.0,0.0,0.0,0.0,0.0,0.0,0.0,0,39
2025-26,21,203,104,Julian Eyestone,GK,Brentford,5,17,1,2026-01-07T19:30:00Z,0,0,0,0,0,0,0,0,0.0,0.0,0.0,0.0,0.0,0.0,0.0,0.0,0,39
2025-26,21,203,105,Hákon Rafn Valdimarsson,GK,Brentford,5,17,1,2026-01-07T19:30:00Z,0,0,0,0,0,0,0,0,0.0,0.0,0.0,0.0,0.0,0.0,0.0,0.0,0,39
2025-26,21,203,106,Nathan Collins,DEF,Brentford,5,17,1,2026-01-07T19:30:00Z,90,13,0,1,1,0,2,40,46.0,21.3,4.0,7.1,0.0,0.02,0.02,1.72,1,49
2025-26,21,203,107,Keane Lewis-Potter,DEF,Brentford,5,17,1,2026-01-07T19:30:00Z,60,6,0,0,1,0,0,19,1.4,16.1,5.0,2.3,0.07,0.13,0.2,1.43,1,49
2025-26,21,203,108,Kristoffer Ajer,DEF,Brentford,5,17,1,2026-01-07T19:30:00Z,90,6,0,0,1,0,0,19,9.4,0.3,2.0,1.2,0.0,0.0,0.0,1.72,1,44
2025-26,21,203,109,Rico Henry,DEF,Brentford,5,17,1,2026-01-07T19:30:00Z,90,6,0,0,1,0,0,25,9.0,1.8,0.0,1.1,0.0,0.02,0.02,1.72,1,43
2025-26,21,203,110,Michael Kayode,DEF,Brentford,5,17,1,2026-01-07T19:30:00Z,81,6,0,0,1,0,0,26,13.8,16.0,0.0,3.0,0.0,0.05,0.05,1.62,1,45
2025-26,21,203,111,Ethan Pinnock,DEF,Brentford,5,17,1,2026-01-07T19:30:00Z,0,0,0,0,0,0,0,0,0.0,0.0,0.0,0.0,0.0,0.0,0.0,0.0,0,42
2025-26,21,203,112,Mads Roerslev Rasmussen,DEF,Brentford,5,17,1,2026-01-07T19:30:00Z,0,0,0,0,0,0,0,0,0.0,0.0,0.0,0.0,0.0,0.0,0.0,0.0,0,45
2025-26,21,203,113,Sepp van den Berg,DEF,Brentford,5,17,1,2026-01-07T19:30:00Z,0,0,0,0,0,0,0,0,0.0,0.0,0.0,0.0,0.0,0.0,0.0,0.0,0,45
2025-26,21,203,114,Benjamin Arthur,DEF,Brentford,5,17,1,2026-01-07T19:30:00Z,0,0,0,0,0,0,0,0,0.0,0.0,0.0,0.0,0.0,0.0,0.0,0.0,0,39
2025-26,21,203,115,Benjamin Fredrick,DEF,Brentford,5,17,1,2026-01-07T19:30:00Z,0,0,0,0,0,0,0,0,0.0,0.0,0.0,0.0,0.0,0.0,0.0,0.0,0,40
2025-26,21,203,116,Aaron Hickey,DEF,Brentford,5,17,1,2026-01-07T19:30:00Z,8,1,0,0,0,0,0,2,0.0,0.7,0.0,0.0,0.0,0.0,0.0,0.1,0,40
2025-26,21,203,117,Kim Ji-soo,DEF,Brentford,5,17,1,2026-01-07T19:30:00Z,0,0,0,0,0,0,0,0,0.0,0.0,0.0,0.0,0.0,0.0,0.0,0.0,0,39
2025-26,21,203,118,Jayden Meghoma,DEF,Brentford,5,17,1,2026-01-07T19:30:00Z,0,0,0,0,0,0,0,0,0.0,0.0,0.0,0.0,0.0,0.0,0.0,0.0,0,40
2025-26,21,204,119,Bryan Mbeumo,MID,Man Utd,14,3,0,2026-01-07T20:15:00Z,0,0,0,0,0,0,0,0,0.0,0.0,0.0,0.0,0.0,0.0,0.0,0.0,0,81
2025-26,21,203,120,Kevin Schade,MID,Brentford,5,17,1,2026-01-07T19:30:00Z,90,6,0,1,1,0,0,17,27.8,45.3,35.0,10.8,0.66,0.39,1.05,1.72,1,71
2025-26,21,203,121,Mikkel Damsgaard,MID,Brentford,5,17,1,2026-01-07T19:30:00Z,29,1,0,0,0,0,0,7,2.4,14.9,17.0,3.4,0.12,0.36,0.48,0.3,0,58
2025-26,21,203,122,Antoni Milambo,MID,Brentford,5,17,1,2026-01-07T19:30:00Z,0,0,0,0,0,0,0,0,0.0,0.0,0.0,0.0,0.0,0.0,0.0,0.0,0,52
2025-26,21,203,123,Fábio Freitas Gouveia Carvalho,MID,Brentford,5,17,1,2026-01-07T19:30:00Z,0,0,0,0,0,0,0,0,0.0,0.0,0.0,0.0,0.0,0.0,0.0,0.0,0,47
2025-26,21,203,124,Jordan Henderson,MID,Brentford,5,17,1,2026-01-07T19:30:00Z,14,1,0,0,0,0,0,3,1.4,2.3,0.0,0.4,0.0,0.01,0.01,0.1,0,50
2025-26,21,203,125,Vitaly Janelt,MID,Brentford,5,17,1,2026-01-07T19:30:00Z,90,7,0,1,1,0,0,24,30.6,15.8,4.0,5.0,0.0,0.17,0.17,1.72,1,49
2025-26,21,203,126,Mathias Jensen,MID,Brentford,5,17,1,2026-01-07T19:30:00Z,75,3,0,0,1,0,0,9,5.0,23.6,15.0,4.4,0.09,0.17,0.26,1.62,1,49
2025-26,21,203,127,Gustavo Nunes Fernandes Gomes,MID,Brentford,5,17,1,2026-01-07T19:30:00Z,0,0,0,0,0,0,0,0,0.0,0.0,0.0,0.0,0.0,0.0,0.0,0.0,0,49
2025-26,21,203,128,Frank Onyeka,MID,Brentford,5,17,1,2026-01-07T19:30:00Z,0,0,0,0,0,0,0,0,0.0,0.0,0.0,0.0,0.0,0.0,0.0,0.0,0,48
2025-26,21,203,129,Yehor Yarmoliuk,MID,Brentford,5,17,1,2026-01-07T19:30:00Z,90,8,1,0,1,0,0,30,36.6,5.3,39.0,8.1,0.38,0.02,0.4,1.72,1,50
2025-26,21,203,130,Romelle Donovan,MID,Brentford,5,17,1,2026-01-07T19:30:00Z,0,0,0,0,0,0,0,0,0.0,0.0,0.0,0.0,0.0,0.0,0.0,0.0,0,44
2025-26,21,203,131,Yunus Emre Konak,MID,Brentford,5,17,1,2026-01-07T19:30:00Z,0,0,0,0,0,0,0,0,0.0,0.0,0.0,0.0,0.0,0.0,0.0,0.0,0,43
2025-26,21,203,132,Paris Maghoma,MID,Brentford,5,17,1,2026-01-07T19:30:00Z,0,0,0,0,0,0,0,0,0.0,0.0,0.0,0.0,0.0,0.0,0.0,0.0,0,45
2025-26,21,203,133,Myles Peart-Harris,MID,Brentford,5,17,1,2026-01-07T19:30:00Z,0,0,0,0,0,0,0,0,0.0,0.0,0.0,0.0,0.0,0.0,0.0,0.0,0,44
2025-26,21,203,134,Ryan Trevitt,MID,Brentford,5,17,1,2026-01-07T19:30:00Z,0,0,0,0,0,0,0,0,0.0,0.0,0.0,0.0,0.0,0.0,0.0,0.0,0,45
2025-26,21,209,135,Yoane Wissa,FWD,Newcastle,15,11,1,2026-01-07T20:15:00Z,15,1,0,0,0,1,0,-1,0.0,1.2,9.0,0.6,0.14,0.0,0.14,0.19,0,73
2025-26,21,203,136,Igor Thiago Nascimento Rodrigues,FWD,Brentford,5,17,1,2026-01-07T19:30:00Z,81,12,2,0,1,0,3,70,76.0,23.1,109.0,20.8,1.48,0.15,1.63,1.62,1,70
2025-26,21,203,137,Iwan Morgan,FWD,Brentford,5,17,1,2026-01-07T19:30:00Z,0,0,0,0,0,0,0,0,0.0,0.0,0.0,0.0,0.0,0.0,0.0,0.0,0,44
2025-26,21,208,138,Jason Steele,GK,Brighton,6,13,0,2026-01-07T19:30:00Z,0,0,0,0,0,0,0,0,0.0,0.0,0.0,0.0,0.0,0.0,0.0,0.0,0,42
2025-26,21,208,139,Bart Verbruggen,GK,Brighton,6,13,0,2026-01-07T19:30:00Z,90,3,0,0,0,1,0,14,27.8,0.0,0.0,2.8,0.0,0.0,0.0,2.55,1,45
2025-26,21,208,140,Tom McGill,GK,Brighton,6,13,0,2026-01-07T19:30:00Z,0,0,0,0,0,0,0,0,0.0,0.0,0.0,0.0,0.0,0.0,0.0,0.0,0,39
2025-26,21,208,141,Carl Rushworth,GK,Brighton,6,13,0,2026-01-07T19:30:00Z,0,0,0,0,0,0,0,0,0.0,0.0,0.0,0.0,0.0,0.0,0.0,0.0,0,40
2025-26,21,208,142,Kjell Scherpen,GK,Brighton,6,13,0,2026-01-07T19:30:00Z,0,0,0,0,0,0,0,0,0.0,0.0,0.0,0.0,0.0,0.0,0.0,0.0,0,40
2025-26,21,208,143,Olivier Boscagli,DEF,Brighton,6,13,0,2026-01-07T19:30:00Z,0,0,0,0,0,0,0,0,0.0,0.0,0.0,0.0,0.0,0.0,0.0,0.0,0,42
2025-26,21,208,144,Diego Coppola,DEF,Brighton,6,13,0,2026-01-07T19:30:00Z,0,0,0,0,0,0,0,0,0.0,0.0,0.0,0.0,0.0,0.0,0.0,0.0,0,42
2025-26,21,208,145,Maxim De Cuyper,DEF,Brighton,6,13,0,2026-01-07T19:30:00Z,90,1,0,0,0,1,0,5,7.8,15.3,2.0,2.5,0.0,0.01,0.01,2.55,1,43
2025-26,21,208,146,Lewis Dunk,DEF,Brighton,6,13,0,2026-01-07T19:30:00Z,90,3,0,0,0,1,0,8,33.0,0.6,0.0,3.4,0.0,0.0,0.0,2.55,1,45
2025-26,21,208,147,Pervis Estupiñán Tenorio,DEF,Brighton,6,13,0,2026-01-07T19:30:00Z,0,0,0,0,0,0,0,0,0.0,0.0,0.0,0.0,0.0,0.0,0.0,0.0,0,45
2025-26,21,208,148,Ferdi Kadıoğlu,DEF,Brighton,6,13,0,2026-01-07T19:30:00Z,90,2,0,0,0,1,0,15,18.8,6.8,17.0,4.3,0.21,0.02,0.23,2.55,1,44
2025-26,21,210,149,Igor Julio dos Santos de Paulo,DEF,West Ham,19,16,1,2026-01-06T20:00:00Z,0,0,0,0,0,0,0,0,0.0,0.0,0.0,0.0,0.0,0.0,0.0,0.0,0,45
2025-26,21,208,150,Tariq Lamptey,DEF,Brighton,6,13,0,2026-01-07T19:30:00Z,0,0,0,0,0,0,0,0,0.0,0.0,0.0,0.0,0.0,0.0,0.0,0.0,0,44
2025-26,21,208,151,Jan Paul van Hecke,DEF,Brighton,6,13,0,2026-01-07T19:30:00Z,90,3,0,0,0,1,0,9,22.8,0.0,4.0,2.7,0.01,0.0,0.01,2.55,1,45
2025-26,21,208,152,Joël Veltman,DEF,Brighton,6,13,0,2026-01-07T19:30:00Z,0,0,0,0,0,0,0,0,0.0,0.0,0.0,0.0,0.0,0.0,0.0,0.0,0,43
2025-26,21,208,153,Adam Webster,DEF,Brighton,6,13,0,2026-01-07T19:30:00Z,0,0,0,0,0,0,0,0,0.0,0.0,0.0,0.0,0.0,0.0,0.0,0.0,0,44
2025-26,21,208,154,Eiran Cashin,DEF,Brighton,6,13,0,2026-01-07T19:30:00Z,0,0,0,0,0,0,0,0,0.0,0.0,0.0,0.0,0.0,0.0,0.0,0.0,0,40
2025-26,21,208,155,Jacob Slater,DEF,Brighton,6,13,0,2026-01-07T19:30:00Z,0,0,0,0,0,0,0,0,0.0,0.0,0.0,0.0,0.0,0.0,0.0,0.0,0,40
2025-26,21,208,156,Charlie Tasker,DEF,Brighton,6,13,0,2026-01-07T19:30:00Z,0,0,0,0,0,0,0,0,0.0,0.0,0.0,0.0,0.0,0.0,0.0,0.0,0,38
2025-26,21,208,157,Mitoma Kaoru,MID,Brighton,6,13,0,2026-01-07T19:30:00Z,82,8,1,0,0,1,2,22,37.8,12.0,18.0,6.8,0.27,0.59,0.86,1.91,1,61
2025-26,21,208,158,Georginio Rutter,MID,Brighton,6,13,0,2026-01-07T19:30:00Z,76,2,0,0,0,1,0,7,9.0,15.1,6.0,3.0,0.0,0.1,0.1,1.58,1,56
2025-26,21,208,159,Solly March,MID,Brighton,6,13,0,2026-01-07T19:30:00Z,0,0,0,0,0,0,0,0,0.0,0.0,0.0,0.0,0.0,0.0,0.0,0.0,0,58
2025-26,21,208,160,Yankuba Minteh,MID,Brighton,6,13,0,2026-01-07T19:30:00Z,0,0,0,0,0,0,0,0,0.0,0.0,0.0,0.0,0.0,0.0,0.0,0.0,0,59
2025-26,21,208,161,Julio Enciso Espínola,MID,Brighton,6,13,0,2026-01-07T19:30:00Z,0,0,0,0,0,0,0,0,0.0,0.0,0.0,0.0,0.0,0.0,0.0,0.0,0,54
2025-26,21,208,162,Brajan Gruda,MID,Brighton,6,13,0,2026-01-07T19:30:00Z,13,1,0,0,0,0,0,3,1.0,0.3,2.0,0.3,0.0,0.0,0.0,0.97,0,54
2025-26,21,208,163,Jack Hinshelwood,MID,Brighton,6,13,0,2026-01-07T19:30:00Z,90,5,0,0,0,1,1,20,23.4,3.6,0.0,2.7,0.0,0.16,0.16,2.55,1,51
2025-26,21,208,164,Matt O'Riley,MID,Brighton,6,13,0,2026-01-07T19:30:00Z,0,0,0,0,0,0,0,0,0.0,0.0,0.0,0.0,0.0,0.0,0.0,0.0,0,55
2025-26,21,208,165,Abdallah Sima,MID,Brighton,6,13,0,2026-01-07T19:30:00Z,0,0,0,0,0,0,0,0,0.0,0.0,0.0,0.0,0.0,0.0,0.0,0.0,0,54
2025-26,21,208,166,Yasin Ayari,MID,Brighton,6,13,0,2026-01-07T19:30:00Z,82,5,0,1,0,1,0,18,23.0,14.0,0.0,3.7,0.0,0.01,0.01,1.91,1,48
2025-26,21,208,167,Carlos Baleba,MID,Brighton,6,13,0,2026-01-07T19:30:00Z,0,0,0,0,0,0,0,0,0.0,0.0,0.0,0.0,0.0,0.0,0.0,0.0,0,46
2025-26,21,207,168,Facundo Buonanotte,MID,Chelsea,7,10,0,2026-01-07T19:30:00Z,0,0,0,0,0,0,0,0,0.0,0.0,0.0,0.0,0.0,0.0,0.0,0.0,0,46
2025-26,21,208,169,Diego Gómez Amarilla,MID,Brighton,6,13,0,2026-01-07T19:30:00Z,76,2,0,0,0,1,0,5,0.0,27.5,9.0,3.5,0.58,0.32,0.9,1.58,1,49
2025-26,21,208,170,James Milner,MID,Brighton,6,13,0,2026-01-07T19:30:00Z,7,1,0,0,0,0,0,5,2.4,0.1,0.0,0.3,0.0,0.0,0.0,0.64,0,49
2025-26,21,208,171,Jeremy Sarmiento Morante,MID,Brighton,6,13,0,2026-01-07T19:30:00Z,0,0,0,0,0,0,0,0,0.0,0.0,0.0,0.0,0.0,0.0,0.0,0.0,0,49
2025-26,21,208,172,Tom Watson,MID,Brighton,6,13,0,2026-01-07T19:30:00Z,7,0,0,0,0,0,0,-2,0.0,0.0,0.0,0.0,0.0,0.0,0.0,0.64,0,48
2025-26,21,208,173,Mats Wieffer,MID,Brighton,6,13,0,2026-01-07T19:30:00Z,0,0,0,0,0,0,0,0,0.0,0.0,0.0,0.0,0.0,0.0,0.0,0.0,0,49
2025-26,21,208,174,Malick Yalcouyé,MID,Brighton,6,13,0,2026-01-07T19:30:00Z,0,0,0,0,0,0,0,0,0.0,0.0,0.0,0.0,0.0,0.0,0.0,0.0,0,50
2025-26,21,208,175,Joe Knight,MID,Brighton,6,13,0,2026-01-07T19:30:00Z,0,0,0,0,0,0,0,0,0.0,0.0,0.0,0.0,0.0,0.0,0.0,0.0,0,44
2025-26,21,208,176,Adrian Mazilu,MID,Brighton,6,13,0,2026-01-07T19:30:00Z,0,0,0,0,0,0,0,0,0.0,0.0,0.0,0.0,0.0,0.0,0.0,0.0,0,45
2025-26,21,208,177,Andrew Moran,MID,Brighton,6,13,0,2026-01-07T19:30:00Z,0,0,0,0,0,0,0,0,0.0,0.0,0.0,0.0,0.0,0.0,0.0,0.0,0,45
2025-26,21,208,178,Danny Welbeck,FWD,Brighton,6,13,0,2026-01-07T19:30:00Z,13,1,0,0,0,0,0,2,0.0,0.3,2.0,0.1,0.0,0.01,0.01,0.97,0,63
2025-26,21,208,179,Evan Ferguson,FWD,Brighton,6,13,0,2026-01-07T19:30:00Z,0,0,0,0,0,0,0,0,0.0,0.0,0.0,0.0,0.0,0.0,0.0,0.0,0,55
2025-26,21,208,180,Stefanos Tzimas,FWD,Brighton,6,13,0,2026-01-07T19:30:00Z,0,0,0,0,0,0,0,0,0.0,0.0,0.0,0.0,0.0,0.0,0.0,0.0,0,52
2025-26,21,208,181,Charalampos Kostoulas,FWD,Brighton,6,13,0,2026-01-07T19:30:00Z,0,0,0,0,0,0,0,0,0.0,0.0,0.0,0.0,0.0,0.0,0.0,0.0,0,48
2025-26,21,208,182,James Trafford,GK,Man City,13,6,1,2026-01-07T19:30:00Z,0,0,0,0,0,0,0,0,0.0,0.0,0.0,0.0,0.0,0.0,0.0,0.0,0,45
2025-26,21,204,183,Max Weiß,GK,Burnley,3,14,1,2026-01-07T20:15:00Z,0,0,0,0,0,0,0,0,0.0,0.0,0.0,0.0,0.0,0.0,0.0,0.0,0,43
2025-26,21,204,184,Etienne Green,GK,Burnley,3,14,1,2026-01-07T20:15:00Z,0,0,0,0,0,0,0,0,0.0,0.0,0.0,0.0,0.0,0.0,0.0,0.0,0,40
2025-26,21,204,185,Václav Hladký,GK,Burnley,3,14,1,2026-01-07T20:15:00Z,0,0,0,0,0,0,0,0,0.0,0.0,0.0,0.0,0.0,0.0,0.0,0.0,0,39
2025-26,21,204,186,Connor Roberts,DEF,Burnley,3,14,1,2026-01-07T20:15:00Z,0,0,0,0,0,0,0,0,0.0,0.0,0.0,0.0,0.0,0.0,0.0,0.0,0,44
2025-26,21,204,187,Kyle Walker,DEF,Burnley,3,14,1,2026-01-07T20:15:00Z,90,1,0,0,0,2,0,-1,6.0,1.6,0.0,0.8,0.0,0.01,0.01,2.55,1,44
2025-26,21,204,188,Hannes Delcroix,DEF,Burnley,3,14,1,2026-01-07T20:15:00Z,0,0,0,0,0,0,0,0,0.0,0.0,0.0,0.0,0.0,0.0,0.0,0.0,0,38
2025-26,21,204,189,Owen Dodgson,DEF,Burnley,3,14,1,2026-01-07T20:15:00Z,0,0,0,0,0,0,0,0,0.0,0.0,0.0,0.0,0.0,0.0,0.0,0.0,0,40
2025-26,21,204,190,Hjalmar Ekdal,DEF,Burnley,3,14,1,2026-01-07T20:15:00Z,0,0,0,0,0,0,0,0,0.0,0.0,0.0,0.0,0.0,0.0,0.0,0.0,0,39
2025-26,21,204,191,Maxime Estève,DEF,Burnley,3,14,1,2026-01-07T20:15:00Z,90,3,0,0,0,2,0,17,32.4,0.1,0.0,3.3,0.0,0.0,0.0,2.55,1,39
2025-26,21,204,192,Quilindschy Hartman,DEF,Burnley,3,14,1,2026-01-07T20:15:00Z,0,0,0,0,0,0,0,0,0.0,0.0,0.0,0.0,0.0,0.0,0.0,0.0,0,40
2025-26,21,204,193,Bashir Humphreys,DEF,Burnley,3,14,1,2026-01-07T20:15:00Z,90,6,0,1,0,2,0,25,25.0,11.8,4.0,4.1,0.0,0.01,0.01,2.55,1,39
2025-26,21,204,194,Jordan Beyer,DEF,Burnley,3,14,1,2026-01-07T20:15:00Z,0,0,0,0,0,0,0,0,0.0,0.0,0.0,0.0,0.0,0.0,0.0,0.0,0,39
2025-26,21,204,195,Lucas Pires Silva,DEF,Burnley,3,14,1,2026-01-07T20:15:00Z,90,1,0,0,0,2,0,-1,3.8,3.5,6.0,1.3,0.03,0.01,0.04,2.55,1,38
2025-26,21,204,196,Shurandy Sambo,DEF,Burnley,3,14,1,2026-01-07T20:15:00Z,0,0,0,0,0,0,0,0,0.0,0.0,0.0,0.0,0.0,0.0,0.0,0.0,0,40
2025-26,21,204,197,Oliver Sonne,DEF,Burnley,3,14,1,2026-01-07T20:15:00Z,1,1,0,0,0,0,0,0,0.0,0.1,0.0,0.0,0.0,0.0,0.0,0.02,0,38
2025-26,21,204,198,Axel Tuanzebe,DEF,Burnley,3,14,1,2026-01-07T20:15:00Z,0,0,0,0,0,0,0,0,0.0,0.0,0.0,0.0,0.0,0.0,0.0,0.0,0,39
2025-26,21,204,199,Joe Worrall,DEF,Burnley,3,14,1,2026-01-07T20:15:00Z,0,0,0,0,0,0,0,0,0.0,0.0,0.0,0.0,0.0,0.0,0.0,0.0,0,38
2025-26,21,204,200,Jaidon Anthony,MID,Burnley,3,14,1,2026-01-07T20:15:00Z,32,6,1,0,0,1,0,28,38.6,13.8,22.0,7.4,0.07,0.01,0.08,0.84,0,51
2025-26,21,204,201,Manuel Benson Hedilazio,MID,Burnley,3,14,1,2026-01-07T20:15:00Z,0,0,0,0,0,0,0,0,0.0,0.0,0.0,0.0,0.0,0.0,0.0,0.0,0,54
2025-26,21,204,202,Jacob Bruun Larsen,MID,Burnley,3,14,1,2026-01-07T20:15:00Z,0,0,0,0,0,0,0,0,0.0,0.0,0.0,0.0,0.0,0.0,0.0,0.0,0,53
2025-26,21,204,203,Enock Agyei,MID,Burnley,3,14,1,2026-01-07T20:15:00Z,0,0,0,0,0,0,0,0,0.0,0.0,0.0,0.0,0.0,0.0,0.0,0.0,0,47
2025-26,21,204,204,Darko Churlinov,MID,Burnley,3,14,1,2026-01-07T20:15:00Z,0,0,0,0,0,0,0,0,0.0,0.0,0.0,0.0,0.0,0.0,0.0,0.0,0,49
2025-26,21,204,205,Josh Cullen,MID,Burnley,3,14,1,2026-01-07T20:15:00Z,0,0,0,0,0,0,0,0,0.0,0.0,0.0,0.0,0.0,0.0,0.0,0.0,0,50
2025-26,21,204,206,Marcus Edwards,MID,Burnley,3,14,1,2026-01-07T20:15:00Z,90,5,0,1,0,2,0,26,28.4,34.9,7.0,7.0,0.09,0.03,0.12,2.53,1,47
2025-26,21,204,207,Hannibal Mejbri,MID,Burnley,3,14,1,2026-01-07T20:15:00Z,57,0,0,0,0,1,0,-2,2.2,12.9,5.0,2.0,0.03,0.02,0.05,1.7,1,47
2025-26,21,204,208,Luca Koleosho,MID,Burnley,3,14,1,2026-01-07T20:15:00Z,0,0,0,0,0,0,0,0,0.0,0.0,0.0,0.0,0.0,0.0,0.0,0.0,0,50
2025-26,21,204,209,Josh Laurent,MID,Burnley,3,14,1,2026-01-07T20:15:00Z,90,4,0,0,0,2,0,17,23.8,1.4,0.0,2.5,0.0,0.01,0.01,2.55,1,48
2025-26,21,204,210,Loum Tchaouna,MID,Burnley,3,14,1,2026-01-07T20:15:00Z,0,0,0,0,0,0,0,0,0.0,0.0,0.0,0.0,0.0,0.0,0.0,0.0,0,49
2025-26,21,204,211,Aaron Ramsey,MID,Burnley,3,14,1,2026-01-07T20:15:00Z,0,0,0,0,0,0,0,0,0.0,0.0,0.0,0.0,0.0,0.0,0.0,0.0,0,44
2025-26,21,204,212,Oluwaseun Adewumi,MID,Burnley,3,14,1,2026-01-07T20:15:00Z,0,0,0,0,0,0,0,0,0.0,0.0,0.0,0.0,0.0,0.0,0.0,0.0,0,45
2025-26,21,204,213,Jaydon Banel,MID,Burnley,3,14,1,2026-01-07T20:15:00Z,0,0,0,0,0,0,0,0,0.0,0.0,0.0,0.0,0.0,0.0,0.0,0.0,0,45
2025-26,21,204,214,Mike Trésor Ndayishimiye,MID,Burnley,3,14,1,2026-01-07T20:15:00Z,0,0,0,0,0,0,0,0,0.0,0.0,0.0,0.0,0.0,0.0,0.0,0.0,0,44
2025-26,21,204,215,Zian Flemming,FWD,Burnley,3,14,1,2026-01-07T20:15:00Z,0,0,0,0,0,0,0,0,0.0,0.0,0.0,0.0,0.0,0.0,0.0,0.0,0,53
2025-26,21,204,216,Zeki Amdouni,FWD,Burnley,3,14,1,2026-01-07T20:15:00Z,0,0,0,0,0,0,0,0,0.0,0.0,0.0,0.0,0.0,0.0,0.0,0.0,0,48
2025-26,21,204,217,Lyle Foster,FWD,Burnley,3,14,1,2026-01-07T20:15:00Z,14,0,0,0,0,0,0,1,3.0,0.3,0.0,0.3,0.0,0.0,0.0,0.55,0,49
2025-26,21,204,218,Ashley Barnes,FWD,Burnley,3,14,1,2026-01-07T20:15:00Z,0,0,0,0,0,0,0,0,0.0,0.0,0.0,0.0,0.0,0.0,0.0,0.0,0,42
2025-26,21,204,219,Michael Obafemi,FWD,Burnley,3,14,1,2026-01-07T20:15:00Z,0,0,0,0,0,0,0,0,0.0,0.0,0.0,0.0,0.0,0.0,0.0,0.0,0,44
2025-26,21,207,220,Robert Lynch Sánchez,GK,Chelsea,7,10,0,2026-01-07T19:30:00Z,90,2,0,0,0,2,0,9,20.4,0.0,0.0,2.0,0.0,0.0,0.0,1.2,1,49
2025-26,21,207,221,Filip Jörgensen,GK,Chelsea,7,10,0,2026-01-07T19:30:00Z,0,0,0,0,0,0,0,0,0.0,0.0,0.0,0.0,0.0,0.0,0.0,0.0,0,43
2025-26,21,207,222,Mike Penders,GK,Chelsea,7,10,0,2026-01-07T19:30:00Z,0,0,0,0,0,0,0,0,0.0,0.0,0.0,0.0,0.0,0.0,0.0,0.0,0,40
2025-26,21,207,223,Gabriel Słonina,GK,Chelsea,7,10,0,2026-01-07T19:30:00Z,0,0,0,0,0,0,0,0,0.0,0.0,0.0,0.0,0.0,0.0,0.0,0.0,0,39
2025-26,21,207,224,Marc Cucurella Saseta,DEF,Chelsea,7,10,0,2026-01-07T19:30:00Z,21,-3,0,0,0,2,0,-14,0.0,0.5,0.0,0.0,0.0,0.0,0.0,0.21,1,61
2025-26,21,207,225,Reece James,DEF,Chelsea,7,10,0,2026-01-07T19:30:00Z,25,1,0,0,0,1,0,2,18.4,14.3,2.0,3.5,0.0,0.01,0.01,0.57,0,57
2025-26,21,207,226,Trevoh Chalobah,DEF,Chelsea,7,10,0,2026-01-07T19:30:00Z,90,3,0,0,0,2,0,11,30.4,0.9,0.0,3.1,0.0,0.0,0.0,1.2,1,55
2025-26,21,207,227,Levi Samuels Colwill,DEF,Chelsea,7,10,0,2026-01-07T19:30:00Z,0,0,0,0,0,0,0,0,0.0,0.0,0.0,0.0,0.0,0.0,0.0,0.0,0,48
2025-26,21,207,228,Malo Gusto,DEF,Chelsea,7,10,0,2026-01-07T19:30:00Z,75,2,0,0,0,1,0,11,7.8,12.5,4.0,2.4,0.0,0.06,0.06,0.62,1,50
2025-26,21,207,229,Benoît Badiashile Mukinayi,DEF,Chelsea,7,10,0,2026-01-07T19:30:00Z,0,0,0,0,0,0,0,0,0.0,0.0,0.0,0.0,0.0,0.0,0.0,0.0,0,44
2025-26,21,207,230,Wesley Fofana,DEF,Chelsea,7,10,0,2026-01-07T19:30:00Z,0,0,0,0,0,0,0,0,0.0,0.0,0.0,0.0,0.0,0.0,0.0,0.0,0,44
2025-26,21,207,231,Mamadou Sarr,DEF,Chelsea,7,10,0,2026-01-07T19:30:00Z,0,0,0,0,0,0,0,0,0.0,0.0,0.0,0.0,0.0,0.0,0.0,0.0,0,45
2025-26,21,207,232,Tosin Adarabioyo,DEF,Chelsea,7,10,0,2026-01-07T19:30:00Z,90,0,0,0,0,2,0,9,23.0,14.2,0.0,3.7,0.0,0.18,0.18,1.2,1,41
2025-26,21,207,233,Josh Acheampong,DEF,Chelsea,7,10,0,2026-01-07T19:30:00Z,14,1,0,0,0,1,0,0,4.6,15.1,0.0,2.0,0.0,0.04,0.04,0.57,0,38
2025-26,21,207,234,Aarón Anselmino,DEF,Chelsea,7,10,0,2026-01-07T19:30:00Z,0,0,0,0,0,0,0,0,0.0,0.0,0.0,0.0,0.0,0.0,0.0,0.0,0,40
2025-26,21,207,235,Cole Palmer,MID,Chelsea,7,10,0,2026-01-07T19:30:00Z,74,1,0,0,0,1,0,7,11.0,2.9,28.0,4.2,0.08,0.02,0.1,0.62,1,104
2025-26,21,207,236,Pedro Lomba Neto,MID,Chelsea,7,10,0,2026-01-07T19:30:00Z,90,5,0,1,0,2,0,25,10.2,20.3,19.0,5.0,0.14,0.13,0.27,1.2,1,72
2025-26,21,207,237,Enzo Fernández,MID,Chelsea,7,10,0,2026-01-07T19:30:00Z,64,1,0,0,0,1,0,13,9.2,44.1,4.0,5.7,0.05,0.29,0.34,0.62,1,64
2025-26,21,207,238,Estêvão Almeida de Oliveira Gonçalves,MID,Chelsea,7,10,0,2026-01-07T19:30:00Z,0,0,0,0,0,0,0,0,0.0,0.0,0.0,0.0,0.0,0.0,0.0,0.0,0,64
2025-26,21,207,239,Jamie Bynoe-Gittens,MID,Chelsea,7,10,0,2026-01-07T19:30:00Z,0,0,0,0,0,0,0,0,0.0,0.0,0.0,0.0,0.0,0.0,0.0,0.0,0,60
2025-26,21,207,240,Christopher Nkunku,MID,Chelsea,7,10,0,2026-01-07T19:30:00Z,0,0,0,0,0,0,0,0,0.0,0.0,0.0,0.0,0.0,0.0,0.0,0.0,0,59
2025-26,21,207,241,Moisés Caicedo Corozo,MID,Chelsea,7,10,0,2026-01-07T19:30:00Z,90,4,0,0,0,2,0,22,26.2,6.7,23.0,5.6,0.21,0.03,0.24,1.2,1,57
2025-26,21,206,242,Kiernan Dewsbury-Hall,MID,Everton,9,20,1,2026-01-07T19:30:00Z,0,0,0,0,0,0,0,0,0.0,0.0,0.0,0.0,0.0,0.0,0.0,0.0,0,50
2025-26,21,207,243,Tyrique George,MID,Chelsea,7,10,0,2026-01-07T19:30:00Z,0,0,0,0,0,0,0,0,0.0,0.0,0.0,0.0,0.0,0.0,0.0,0.0,0,48
2025-26,21,207,244,Roméo Lavia,MID,Chelsea,7,10,0,2026-01-07T19:30:00Z,0,0,0,0,0,0,0,0,0.0,0.0,0.0,0.0,0.0,0.0,0.0,0.0,0,49
2025-26,21,207,245,Mykhailo Mudryk,MID,Chelsea,7,10,0,2026-01-07T19:30:00Z,0,0,0,0,0,0,0,0,0.0,0.0,0.0,0.0,0.0,0.0,0.0,0.0,0,49
2025-26,21,207,246,Andrey Nascimento dos Santos,MID,Chelsea,7,10,0,2026-01-07T19:30:00Z,27,1,0,0,0,0,0,0,4.0,3.9,7.0,1.5,0.83,0.05,0.88,0.41,1,45
2025-26,21,207,247,Dário Luís Essugo,MID,Chelsea,7,10,0,2026-01-07T19:30:00Z,0,0,0,0,0,0,0,0,0.0,0.0,0.0,0.0,0.0,0.0,0.0,0.0,0,43
2025-26,21,207,248,Kendry Páez Andrade,MID,Chelsea,7,10,0,2026-01-07T19:30:00Z,0,0,0,0,0,0,0,0,0.0,0.0,0.0,0.0,0.0,0.0,0.0,0.0,0,45
2025-26,21,207,249,João Pedro Junqueira de Jesus,FWD,Chelsea,7,10,0,2026-01-07T19:30:00Z,15,1,0,0,0,1,0,3,0.2,1.6,0.0,0.2,0.0,0.0,0.0,0.57,0,72
2025-26,21,207,250,Liam Delap,FWD,Chelsea,7,10,0,2026-01-07T19:30:00Z,90,7,1,0,0,2,1,33,38.6,23.3,60.0,12.2,0.99,0.04,1.03,1.2,1,62
2025-26,21,207,251,Nicolas Jackson,FWD,Chelsea,7,10,0,2026-01-07T19:30:00Z,0,0,0,0,0,0,0,0,0.0,0.0,0.0,0.0,0.0,0.0,0.0,0.0,0,65
2025-26,21,207,252,Marc Guiu Paz,FWD,Chelsea,7,10,0,2026-01-07T19:30:00Z,0,0,0,0,0,0,0,0,0.0,0.0,0.0,0.0,0.0,0.0,0.0,0.0,0,43
2025-26,21,205,253,Dean Henderson,GK,Crystal Palace,8,2,1,2026-01-07T19:30:00Z,90,7,0,0,1,0,0,29,25.8,0.0,0.0,2.6,0.0,0.0,0.0,1.74,1,51
2025-26,21,205,254,Walter Benítez,GK,Crystal Palace,8,2,1,2026-01-07T19:30:00Z,0,0,0,0,0,0,0,0,0.0,0.0,0.0,0.0,0.0,0.0,0.0,0.0,0,40
2025-26,21,205,255,Remi Matthews,GK,Crystal Palace,8,2,1,2026-01-07T19:30:00Z,0,0,0,0,0,0,0,0,0.0,0.0,0.0,0.0,0.0,0.0,0.0,0.0,0,39
2025-26,21,205,256,Daniel Muñoz Mejía,DEF,Crystal Palace,8,2,1,2026-01-07T19:30:00Z,0,0,0,0,0,0,0,0,0.0,0.0,0.0,0.0,0.0,0.0,0.0,0.0,0,58
2025-26,21,205,257,Maxence Lacroix,DEF,Crystal Palace,8,2,1,2026-01-07T19:30:00Z,90,8,0,0,1,0,0,28,20.4,0.4,0.0,2.1,0.0,0.0,0.0,1.74,1,51
2025-26,21,205,258,Tyrick Mitchell,DEF,Crystal Palace,8,2,1,2026-01-07T19:30:00Z,90,5,0,0,1,0,0,20,16.4,16.8,37.0,7.0,0.26,0.09,0.35,1.74,1,50
2025-26,21,205,259,Borna Sosa,DEF,Crystal Palace,8,2,1,2026-01-07T19:30:00Z,1,1,0,0,0,0,0,3,0.0,0.3,0.0,0.0,0.0,0.0,0.0,0.1,0,48
2025-26,21,205,260,Marc Guéhi,DEF,Crystal Palace,8,2,1,2026-01-07T19:30:00Z,90,6,0,0,1,0,0,27,23.6,3.2,0.0,2.7,0.0,0.03,0.03,1.74,1,53
2025-26,21,205,261,Chris Richards,DEF,Crystal Palace,8,2,1,2026-01-07T19:30:00Z,0,0,0,0,0,0,0,0,0.0,0.0,0.0,0.0,0.0,0.0,0.0,0.0,0,44
2025-26,21,205,262,Chadi Riad Dnanou,DEF,Crystal Palace,8,2,1,2026-01-07T19:30:00Z,0,0,0,0,0,0,0,0,0.0,0.0,0.0,0.0,0.0,0.0,0.0,0.0,0,40
2025-26,21,205,263,Nathaniel Clyne,DEF,Crystal Palace,8,2,1,2026-01-07T19:30:00Z,0,0,0,0,0,0,0,0,0.0,0.0,0.0,0.0,0.0,0.0,0.0,0.0,0,38
2025-26,21,205,264,Rob Holding,DEF,Crystal Palace,8,2,1,2026-01-07T19:30:00Z,0,0,0,0,0,0,0,0,0.0,0.0,0.0,0.0,0.0,0.0,0.0,0.0,0,40
2025-26,21,205,265,Caleb Kporha,DEF,Crystal Palace,8,2,1,2026-01-07T19:30:00Z,0,0,0,0,0,0,0,0,0.0,0.0,0.0,0.0,0.0,0.0,0.0,0.0,0,40
2025-26,21,201,266,Eberechi Eze,MID,Arsenal,1,12,1,2026-01-08T20:00:00Z,12,1,0,0,0,0,0,4,0.2,0.3,0.0,0.1,0.0,0.0,0.0,0.06,0,74
2025-26,21,205,267,Ismaïla Sarr,MID,Crystal Palace,8,2,1,2026-01-07T19:30:00Z,0,0,0,0,0,0,0,0,0.0,0.0,0.0,0.0,0.0,0.0,0.0,0.0,0,64
2025-26,21,205,268,Cheick Doucouré,MID,Crystal Palace,8,2,1,2026-01-07T19:30:00Z,0,0,0,0,0,0,0,0,0.0,0.0,0.0,0.0,0.0,0.0,0.0,0.0,0,49
2025-26,21,205,269,Romain Esse,MID,Crystal Palace,8,2,1,2026-01-07T19:30:00Z,0,0,0,0,0,0,0,0,0.0,0.0,0.0,0.0,0.0,0.0,0.0,0.0,0,47
2025-26,21,205,270,Will Hughes,MID,Crystal Palace,8,2,1,2026-01-07T19:30:00Z,90,3,0,0,1,0,0,16,14.2,24.3,5.0,4.4,0.06,0.1,0.16,1.74,1,47
2025-26,21,205,271,Daichi Kamada,MID,Crystal Palace,8,2,1,2026-01-07T19:30:00Z,0,0,0,0,0,0,0,0,0.0,0.0,0.0,0.0,0.0,0.0,0.0,0.0,0,50
2025-26,21,205,272,Jefferson Lerma Solís,MID,Crystal Palace,8,2,1,2026-01-07T19:30:00Z,0,0,0,0,0,0,0,0,0.0,0.0,0.0,0.0,0.0,0.0,0.0,0.0,0,49
2025-26,21,205,273,Adam Wharton,MID,Crystal Palace,8,2,1,2026-01-07T19:30:00Z,90,3,0,0,1,0,0,20,23.6,39.1,7.0,7.0,0.1,0.54,0.64,1.74,1,50
2025-26,21,205,274,Asher Agbinone,MID,Crystal Palace,8,2,1,2026-01-07T19:30:00Z,0,0,0,0,0,0,0,0,0.0,0.0,0.0,0.0,0.0,0.0,0.0,0.0,0,43
2025-26,21,205,275,Naouirou Ahamada,MID,Crystal Palace,8,2,1,2026-01-07T19:30:00Z,0,0,0,0,0,0,0,0,0.0,0.0,0.0,0.0,0.0,0.0,0.0,0.0,0,43
2025-26,21,205,276,Justin Devenny,MID,Crystal Palace,8,2,1,2026-01-07T19:30:00Z,89,3,0,0,1,0,0,3,12.2,13.9,14.0,4.0,0.23,0.03,0.26,1.64,1,43
2025-26,21,205,277,Malcolm Ebiowei,MID,Crystal Palace,8,2,1,2026-01-07T19:30:00Z,0,0,0,0,0,0,0,0,0.0,0.0,0.0,0.0,0.0,0.0,0.0,0.0,0,45
2025-26,21,205,278,Jesurun Rak-Sakyi,MID,Crystal Palace,8,2,1,2026-01-07T19:30:00Z,0,0,0,0,0,0,0,0,0.0,0.0,0.0,0.0,0.0,0.0,0.0,0.0,0,44
2025-26,21,205,279,Matheus França de Oliveira,MID,Crystal Palace,8,2,1,2026-01-07T19:30:00Z,0,0,0,0,0,0,0,0,0.0,0.0,0.0,0.0,0.0,0.0,0.0,0.0,0,45
2025-26,21,205,280,David Ozoh,MID,Crystal Palace,8,2,1,2026-01-07T19:30:00Z,0,0,0,0,0,0,0,0,0.0,0.0,0.0,0.0,0.0,0.0,0.0,0.0,0,45
2025-26,21,205,281,Kaden Rodney,MID,Crystal Palace,8,2,1,2026-01-07T19:30:00Z,0,0,0,0,0,0,0,0,0.0,0.0,0.0,0.0,0.0,0.0,0.0,0.0,0,44
2025-26,21,205,282,Franco Umeh-Chibueze,MID,Crystal Palace,8,2,1,2026-01-07T19:30:00Z,0,0,0,0,0,0,0,0,0.0,0.0,0.0,0.0,0.0,0.0,0.0,0.0,0,45
2025-26,21,205,283,Jean-Philippe Mateta,FWD,Crystal Palace,8,2,1,2026-01-07T19:30:00Z,90,2,0,0,1,0,0,4,8.4,0.3,4.0,1.3,0.0,0.0,0.0,1.74,1,76
2025-26,21,205,284,Eddie Nketiah,FWD,Crystal Palace,8,2,1,2026-01-07T19:30:00Z,0,0,0,0,0,0,0,0,0.0,0.0,0.0,0.0,0.0,0.0,0.0,0.0,0,54
2025-26,21,205,285,Odsonne Édouard,FWD,Crystal Palace,8,2,1,2026-01-07T19:30:00Z,0,0,0,0,0,0,0,0,0.0,0.0,0.0,0.0,0.0,0.0,0.0,0.0,0,50
2025-26,21,205,286,Zach Marsh,FWD,Crystal Palace,8,2,1,2026-01-07T19:30:00Z,0,0,0,0,0,0,0,0,0.0,0.0,0.0,0.0,0.0,0.0,0.0,0.0,0,45
2025-26,21,206,287,Jordan Pickford,GK,Everton,9,20,1,2026-01-07T19:30:00Z,90,3,0,0,0,1,0,12,23.8,0.0,0.0,2.4,0.0,0.01,0.01,0.73,1,56
2025-26,21,206,288,Mark Travers,GK,Everton,9,20,1,2026-01-07T19:30:00Z,0,0,0,0,0,0,0,0,0.0,0.0,0.0,0.0,0.0,0.0,0.0,0.0,0,43
2025-26,21,206,289,Harry Tyrer,GK,Everton,9,20,1,2026-01-07T19:30:00Z,0,0,0,0,0,0,0,0,0.0,0.0,0.0,0.0,0.0,0.0,0.0,0.0,0,39
2025-26,21,206,290,Jarrad Branthwaite,DEF,Everton,9,20,1,2026-01-07T19:30:00Z,0,0,0,0,0,0,0,0,0.0,0.0,0.0,0.0,0.0,0.0,0.0,0.0,0,53
2025-26,21,206,291,James Tarkowski,DEF,Everton,9,20,1,2026-01-07T19:30:00Z,90,4,0,0,0,1,0,14,34.0,10.8,12.0,5.7,0.0,0.01,0.01,0.73,1,57
2025-26,21,206,292,Vitalii Mykolenko,DEF,Everton,9,20,1,2026-01-07T19:30:00Z,90,2,0,0,0,1,0,7,17.2,2.9,9.0,2.9,0.13,0.01,0.14,0.73,1,49
2025-26,21,206,293,Jake O'Brien,DEF,Everton,9,20,1,2026-01-07T19:30:00Z,90,2,0,0,0,1,0,6,14.2,25.4,0.0,4.0,0.0,0.1,0.1,0.73,1,49
2025-26,21,206,294,Séamus Coleman,DEF,Everton,9,20,1,2026-01-07T19:30:00Z,0,0,0,0,0,0,0,0,0.0,0.0,0.0,0.0,0.0,0.0,0.0,0.0,0,42
2025-26,21,206,295,Michael Keane,DEF,Everton,9,20,1,2026-01-07T19:30:00Z,82,5,1,0,0,1,0,11,39.0,0.4,30.0,6.9,0.43,0.0,0.43,0.47,1,48
2025-26,21,206,296,Nathan Patterson,DEF,Everton,9,20,1,2026-01-07T19:30:00Z,3,1,0,0,0,0,0,3,2.0,0.0,0.0,0.2,0.0,0.0,0.0,0.16,0,44
2025-26,21,206,297,Roman Dixon,DEF,Everton,9,20,1,2026-01-07T19:30:00Z,0,0,0,0,0,0,0,0,0.0,0.0,0.0,0.0,0.0,0.0,0.0,0.0,0,38
2025-26,21,206,298,Reece Welch,DEF,Everton,9,20,1,2026-01-07T19:30:00Z,0,0,0,0,0,0,0,0,0.0,0.0,0.0,0.0,0.0,0.0,0.0,0.0,0,38
2025-26,21,206,299,Iliman Ndiaye,MID,Everton,9,20,1,2026-01-07T19:30:00Z,0,0,0,0,0,0,0,0,0.0,0.0,0.0,0.0,0.0,0.0,0.0,0.0,0,62
2025-26,21,206,300,Dwight McNeil,MID,Everton,9,20,1,2026-01-07T19:30:00Z,90,2,0,0,0,1,0,11,6.2,9.6,2.0,1.8,0.02,0.1,0.12,0.57,1,55
2025-26,21,206,301,Carlos Alcaraz Durán,MID,Everton,9,20,1,2026-01-07T19:30:00Z,0,0,0,0,0,0,0,0,0.0,0.0,0.0,0.0,0.0,0.0,0.0,0.0,0,52
2025-26,21,206,302,Idrissa Gana Gueye,MID,Everton,9,20,1,2026-01-07T19:30:00Z,0,0,0,0,0,0,0,0,0.0,0.0,0.0,0.0,0.0,0.0,0.0,0.0,0,54
2025-26,21,206,303,James Garner,MID,Everton,9,20,1,2026-01-07T19:30:00Z,90,6,0,0,0,1,2,27,24.4,31.8,17.0,7.3,0.08,0.36,0.44,0.73,1,51
2025-26,21,206,304,Tim Iroegbunam,MID,Everton,9,20,1,2026-01-07T19:30:00Z,90,7,0,1,0,1,1,25,26.0,33.1,20.0,7.9,0.12,0.02,0.14,0.73,1,48
2025-26,21,206,305,Harrison Armstrong,MID,Everton,9,20,1,2026-01-07T19:30:00Z,86,4,0,0,0,1,0,12,15.0,6.3,2.0,2.3,0.0,0.02,0.02,0.57,1,45
2025-26,21,206,306,Callum Bates,MID,Everton,9,20,1,2026-01-07T19:30:00Z,0,0,0,0,0,0,0,0,0.0,0.0,0.0,0.0,0.0,0.0,0.0,0.0,0,43
2025-26,21,206,307,Coby Ebere,MID,Everton,9,20,1,2026-01-07T19:30:00Z,0,0,0,0,0,0,0,0,0.0,0.0,0.0,0.0,0.0,0.0,0.0,0.0,0,44
2025-26,21,206,308,Isaac Heath,MID,Everton,9,20,1,2026-01-07T19:30:00Z,0,0,0,0,0,0,0,0,0.0,0.0,0.0,0.0,0.0,0.0,0.0,0.0,0,45
2025-26,21,206,309,Jenson Metcalfe,MID,Everton,9,20,1,2026-01-07T19:30:00Z,0,0,0,0,0,0,0,0,0.0,0.0,0.0,0.0,0.0,0.0,0.0,0.0,0,45
2025-26,21,206,310,Thierno Barry,FWD,Everton,9,20,1,2026-01-07T19:30:00Z,86,2,0,0,0,1,0,8,7.6,3.9,4.0,1.6,0.04,0.0,0.04,0.57,1,57
2025-26,21,206,311,Norberto Bercique Gomes Betuncal,FWD,Everton,9,20,1,2026-01-07T19:30:00Z,3,1,0,0,0,0,0,2,0.0,0.0,0.0,0.0,0.0,0.0,0.0,0.16,0,50
2025-26,21,206,312,Youssef Ramalho Chermiti,FWD,Everton,9,20,1,2026-01-07T19:30:00Z,0,0,0,0,0,0,0,0,0.0,0.0,0.0,0.0,0.0,0.0,0.0,0.0,0,49
2025-26,21,206,313,Martin Sherif,FWD,Everton,9,20,1,2026-01-07T19:30:00Z,0,0,0,0,0,0,0,0,0.0,0.0,0.0,0.0,0.0,0.0,0.0,0.0,0,44
2025-26,21,207,314,Bernd Leno,GK,Fulham,10,7,1,2026-01-07T19:30:00Z,90,3,0,0,0,1,0,19,34.2,0.0,0.0,3.4,0.0,0.0,0.0,2.39,1,49
2025-26,21,207,315,Steven Benda,GK,Fulham,10,7,1,2026-01-07T19:30:00Z,0,0,0,0,0,0,0,0,0.0,0.0,0.0,0.0,0.0,0.0,0.0,0.0,0,40
2025-26,21,207,316,Antonee Robinson,DEF,Fulham,10,7,1,2026-01-07T19:30:00Z,72,2,0,0,0,1,0,10,12.2,13.8,4.0,3.0,0.0,0.04,0.04,2.33,1,49
2025-26,21,207,317,Joachim Andersen,DEF,Fulham,10,7,1,2026-01-07T19:30:00Z,90,2,0,0,0,1,0,12,27.4,3.3,0.0,3.1,0.0,0.03,0.03,2.39,1,46
2025-26,21,207,318,Calvin Bassey,DEF,Fulham,10,7,1,2026-01-07T19:30:00Z,0,0,0,0,0,0,0,0,0.0,0.0,0.0,0.0,0.0,0.0,0.0,0.0,0,44
2025-26,21,207,319,Timothy Castagne,DEF,Fulham,10,7,1,2026-01-07T19:30:00Z,90,1,0,0,0,1,0,5,12.0,14.9,4.0,3.1,0.0,0.03,0.03,2.39,1,43
2025-26,21,207,320,Issa Diop,DEF,Fulham,10,7,1,2026-01-07T19:30:00Z,90,2,0,0,0,1,0,11,15.2,1.7,4.0,2.1,0.02,0.01,0.03,2.39,1,43
2025-26,21,207,321,Jorge Cuenca Barreno,DEF,Fulham,10,7,1,2026-01-07T19:30:00Z,45,0,0,0,0,0,0,9,4.8,0.9,0.0,0.6,0.0,0.04,0.04,0.93,1,43
2025-26,21,207,322,Kenny Tete,DEF,Fulham,10,7,1,2026-01-07T19:30:00Z,0,0,0,0,0,0,0,0,0.0,0.0,0.0,0.0,0.0,0.0,0.0,0.0,0,45
2025-26,21,207,323,Samuel Amissah,DEF,Fulham,10,7,1,2026-01-07T19:30:00Z,0,0,0,0,0,0,0,0,0.0,0.0,0.0,0.0,0.0,0.0,0.0,0.0,0,38
2025-26,21,207,324,Alex Iwobi,MID,Fulham,10,7,1,2026-01-07T19:30:00Z,0,0,0,0,0,0,0,0,0.0,0.0,0.0,0.0,0.0,0.0,0.0,0.0,0,63
2025-26,21,207,325,Emile Smith Rowe,MID,Fulham,10,7,1,2026-01-07T19:30:00Z,82,5,0,1,0,1,0,23,11.6,18.0,9.0,3.9,0.05,0.05,0.1,2.33,1,56
2025-26,21,207,326,Adama Traoré Diarra,MID,Fulham,10,7,1,2026-01-07T19:30:00Z,1,1,0,0,0,0,0,2,0.0,0.0,0.0,0.0,0.0,0.0,0.0,0.0,0,51
2025-26,21,207,327,Andreas Hoelgebaum Pereira,MID,Fulham,10,7,1,2026-01-07T19:30:00Z,0,0,0,0,0,0,0,0,0.0,0.0,0.0,0.0,0.0,0.0,0.0,0.0,0,53
2025-26,21,207,328,Ryan Sessegnon,MID,Fulham,10,7,1,2026-01-07T19:30:00Z,17,1,0,0,0,0,0,5,6.8,15.8,6.0,2.9,0.0,0.44,0.44,0.06,0,54
2025-26,21,207,329,Harry Wilson,MID,Fulham,10,7,1,2026-01-07T19:30:00Z,90,9,1,0,0,1,2,37,47.6,17.8,67.0,13.2,0.63,0.1,0.73,2.39,1,58
2025-26,21,207,330,Sander Berge,MID,Fulham,10,7,1,2026-01-07T19:30:00Z,90,10,0,1,0,1,3,44,50.2,22.7,0.0,7.3,0.0,0.1,0.1,2.39,1,49
2025-26,21,207,331,Tom Cairney,MID,Fulham,10,7,1,2026-01-07T19:30:00Z,72,2,0,0,0,1,0,18,11.4,22.0,2.0,3.5,0.03,0.06,0.09,2.33,1,48
2025-26,21,207,332,Saša Lukić,MID,Fulham,10,7,1,2026-01-07T19:30:00Z,17,1,0,0,0,0,0,3,2.2,11.8,2.0,1.6,0.0,0.11,0.11,0.06,0,49
2025-26,21,207,333,Martial Godo,MID,Fulham,10,7,1,2026-01-07T19:30:00Z,0,0,0,0,0,0,0,0,0.0,0.0,0.0,0.0,0.0,0.0,0.0,0.0,0,45
2025-26,21,207,334,Luke Harris,MID,Fulham,10,7,1,2026-01-07T19:30:00Z,0,0,0,0,0,0,0,0,0.0,0.0,0.0,0.0,0.0,0.0,0.0,0.0,0,45
2025-26,21,207,335,Josh King,MID,Fulham,10,7,1,2026-01-07T19:30:00Z,0,0,0,0,0,0,0,0,0.0,0.0,0.0,0.0,0.0,0.0,0.0,0.0,0,44
2025-26,21,207,336,Harrison Reed,MID,Fulham,10,7,1,2026-01-07T19:30:00Z,7,1,0,0,0,0,0,3,0.2,0.0,0.0,0.0,0.0,0.0,0.0,0.06,0,43
2025-26,21,207,337,Raúl Jiménez Rodríguez,FWD,Fulham,10,7,1,2026-01-07T19:30:00Z,90,5,1,0,0,1,0,29,43.2,33.4,40.0,11.7,0.35,0.2,0.55,2.39,1,62
2025-26,21,207,338,Rodrigo Muniz Carvalho,FWD,Fulham,10,7,1,2026-01-07T19:30:00Z,0,0,0,0,0,0,0,0,0.0,0.0,0.0,0.0,0.0,0.0,0.0,0.0,0,53
2025-26,21,209,339,Illan Meslier,GK,Leeds,11,15,0,2026-01-07T20:15:00Z,0,0,0,0,0,0,0,0,0.0,0.0,0.0,0.0,0.0,0.0,0.0,0.0,0,42
2025-26,21,209,340,Alex Cairns,GK,Leeds,11,15,0,2026-01-07T20:15:00Z,0,0,0,0,0,0,0,0,0.0,0.0,0.0,0.0,0.0,0.0,0.0,0.0,0,39
2025-26,21,209,341,Karl Darlow,GK,Leeds,11,15,0,2026-01-07T20:15:00Z,0,0,0,0,0,0,0,0,0.0,0.0,0.0,0.0,0.0,0.0,0.0,0.0,0,39
2025-26,21,209,342,Jayden Bogle,DEF,Leeds,11,15,0,2026-01-07T20:15:00Z,0,0,0,0,0,0,0,0,0.0,0.0,0.0,0.0,0.0,0.0,0.0,0.0,0,44
2025-26,21,209,343,Pascal Struijk,DEF,Leeds,11,15,0,2026-01-07T20:15:00Z,90,2,0,0,0,4,0,-5,25.6,2.7,8.0,3.6,0.38,0.02,0.4,2.44,1,43
2025-26,21,209,344,Jaka Bijol,DEF,Leeds,11,15,0,2026-01-07T20:15:00Z,90,3,0,1,0,4,0,3,16.2,1.1,11.0,2.8,0.04,0.02,0.06,2.44,1,39
2025-26,21,209,345,Sebastiaan Bornauw,DEF,Leeds,11,15,0,2026-01-07T20:15:00Z,1,1,0,0,0,1,0,-1,1.0,0.0,0.0,0.1,0.0,0.0,0.0,0.15,0,38
2025-26,21,209,346,Sam Byram,DEF,Leeds,11,15,0,2026-01-07T20:15:00Z,0,0,0,0,0,0,0,0,0.0,0.0,0.0,0.0,0.0,0.0,0.0,0.0,0,38
2025-26,21,209,347,Gabriel Gudmundsson,DEF,Leeds,11,15,0,2026-01-07T20:15:00Z,90,0,0,0,0,4,0,-4,14.2,15.6,4.0,3.4,0.0,0.12,0.12,2.44,1,38
2025-26,21,209,348,Joe Rodon,DEF,Leeds,11,15,0,2026-01-07T20:15:00Z,90,1,0,0,0,3,0,-4,8.4,1.4,0.0,1.0,0.0,0.01,0.01,2.28,1,39
2025-26,21,209,349,Isaac Schmidt,DEF,Leeds,11,15,0,2026-01-07T20:15:00Z,0,0,0,0,0,0,0,0,0.0,0.0,0.0,0.0,0.0,0.0,0.0,0.0,0,40
2025-26,21,209,350,Brenden Aaronson,MID,Leeds,11,15,0,2026-01-07T20:15:00Z,90,14,2,0,0,3,2,50,76.2,17.5,47.0,14.1,0.22,0.07,0.29,2.28,1,54
2025-26,21,209,351,Wilfried Gnonto,MID,Leeds,11,15,0,2026-01-07T20:15:00Z,1,1,0,0,0,1,0,5,3.0,0.0,0.0,0.3,0.0,0.0,0.0,0.15,0,52
2025-26,21,209,352,Jack Harrison,MID,Leeds,11,15,0,2026-01-07T20:15:00Z,0,0,0,0,0,0,0,0,0.0,0.0,0.0,0.0,0.0,0.0,0.0,0.0,0,51
2025-26,21,209,353,Daniel James,MID,Leeds,11,15,0,2026-01-07T20:15:00Z,0,0,0,0,0,0,0,0,0.0,0.0,0.0,0.0,0.0,0.0,0.0,0.0,0,52
2025-26,21,209,354,Ethan Ampadu,MID,Leeds,11,15,0,2026-01-07T20:15:00Z,90,3,0,0,0,4,0,12,16.4,9.3,0.0,2.6,0.0,0.08,0.08,2.44,1,49
2025-26,21,209,355,Sam Greenwood,MID,Leeds,11,15,0,2026-01-07T20:15:00Z,0,0,0,0,0,0,0,0,0.0,0.0,0.0,0.0,0.0,0.0,0.0,0.0,0,49
2025-26,21,209,356,Ilia Gruev,MID,Leeds,11,15,0,2026-01-07T20:15:00Z,90,7,0,1,0,3,0,32,30.0,23.4,0.0,5.3,0.0,0.04,0.04,2.28,1,47
2025-26,21,209,357,Largie Ramazani,MID,Leeds,11,15,0,2026-01-07T20:15:00Z,0,0,0,0,0,0,0,0,0.0,0.0,0.0,0.0,0.0,0.0,0.0,0.0,0,49
2025-26,21,209,358,Tanaka Ao,MID,Leeds,11,15,0,2026-01-07T20:15:00Z,1,1,0,0,0,1,0,3,0.0,0.0,0.0,0.0,0.0,0.0,0.0,0.15,0,48
2025-26,21,209,359,Charlie Crew,MID,Leeds,11,15,0,2026-01-07T20:15:00Z,0,0,0,0,0,0,0,0,0.0,0.0,0.0,0.0,0.0,0.0,0.0,0.0,0,45
2025-26,21,209,360,Joe Gelhardt,MID,Leeds,11,15,0,2026-01-07T20:15:00Z,0,0,0,0,0,0,0,0,0.0,0.0,0.0,0.0,0.0,0.0,0.0,0.0,0,45
2025-26,21,209,361,Darko Gyabi,MID,Leeds,11,15,0,2026-01-07T20:15:00Z,0,0,0,0,0,0,0,0,0.0,0.0,0.0,0.0,0.0,0.0,0.0,0.0,0,45
2025-26,21,209,362,Joël Piroe,FWD,Leeds,11,15,0,2026-01-07T20:15:00Z,0,0,0,0,0,0,0,0,0.0,0.0,0.0,0.0,0.0,0.0,0.0,0.0,0,49
2025-26,21,209,363,Patrick Bamford,FWD,Leeds,11,15,0,2026-01-07T20:15:00Z,0,0,0,0,0,0,0,0,0.0,0.0,0.0,0.0,0.0,0.0,0.0,0.0,0,49
2025-26,21,209,364,Mateo Joseph Fernández-Regatillo,FWD,Leeds,11,15,0,2026-01-07T20:15:00Z,0,0,0,0,0,0,0,0,0.0,0.0,0.0,0.0,0.0,0.0,0.0,0.0,0,50
2025-26,21,209,365,Lukas Nmecha,FWD,Leeds,11,15,0,2026-01-07T20:15:00Z,3,1,0,0,0,2,0,4,2.4,0.1,21.0,2.4,0.1,0.0,0.1,0.94,0,50
2025-26,21,201,366,Alisson Becker,GK,Liverpool,12,1,0,2026-01-08T20:00:00Z,90,10,0,0,1,0,3,31,27.4,0.0,0.0,2.7,0.0,0.0,0.0,0.57,1,54
2025-26,21,201,367,Giorgi Mamardashvili,GK,Liverpool,12,1,0,2026-01-08T20:00:00Z,0,0,0,0,0,0,0,0,0.0,0.0,0.0,0.0,0.0,0.0,0.0,0.0,0,42
2025-26,21,201,368,Ármin Pécsi,GK,Liverpool,12,1,0,2026-01-08T20:00:00Z,0,0,0,0,0,0,0,0,0.0,0.0,0.0,0.0,0.0,0.0,0.0,0.0,0,39
2025-26,21,201,369,Freddie Woodman,GK,Liverpool,12,1,0,2026-01-08T20:00:00Z,0,0,0,0,0,0,0,0,0.0,0.0,0.0,0.0,0.0,0.0,0.0,0.0,0,39
2025-26,21,201,370,Jeremie Frimpong,DEF,Liverpool,12,1,0,2026-01-08T20:00:00Z,90,6,0,0,1,0,0,19,2.4,4.3,12.0,1.9,0.0,0.01,0.01,0.57,1,57
2025-26,21,201,371,Milos Kerkez,DEF,Liverpool,12,1,0,2026-01-08T20:00:00Z,90,9,0,0,1,0,3,31,16.2,2.3,0.0,1.9,0.0,0.01,0.01,0.57,1,56
2025-26,21,201,372,Andrew Robertson,DEF,Liverpool,12,1,0,2026-01-08T20:00:00Z,0,0,0,0,0,0,0,0,0.0,0.0,0.0,0.0,0.0,0.0,0.0,0.0,0,58
2025-26,21,201,373,Virgil van Dijk,DEF,Liverpool,12,1,0,2026-01-08T20:00:00Z,90,6,0,0,1,0,0,25,12.0,2.8,0.0,1.5,0.0,0.02,0.02,0.57,1,59
2025-26,21,201,374,Ibrahima Konaté,DEF,Liverpool,12,1,0,2026-01-08T20:00:00Z,90,7,0,0,1,0,0,27,27.0,1.8,0.0,2.9,0.0,0.01,0.01,0.57,1,54
2025-26,21,201,375,Conor Bradley,DEF,Liverpool,12,1,0,2026-01-08T20:00:00Z,90,6,0,0,1,0,0,24,15.6,3.5,1.0,2.0,0.03,0.01,0.04,0.45,1,50
2025-26,21,201,376,Joe Gomez,DEF,Liverpool,12,1,0,2026-01-08T20:00:00Z,1,1,0,0,0,0,0,3,0.0,0.0,0.0,0.0,0.0,0.0,0.0,0.12,0,49
2025-26,21,201,377,Konstantinos Tsimikas,DEF,Liverpool,12,1,0,2026-01-08T20:00:00Z,0,0,0,0,0,0,0,0,0.0,0.0,0.0,0.0,0.0,0.0,0.0,0.0,0,48
2025-26,21,201,378,Amara Nallo,DEF,Liverpool,12,1,0,2026-01-08T20:00:00Z,0,0,0,0,0,0,0,0,0.0,0.0,0.0,0.0,0.0,0.0,0.0,0.0,0,37
2025-26,21,201,379,Rhys Williams,DEF,Liverpool,12,1,0,2026-01-08T20:00:00Z,0,0,0,0,0,0,0,0,0.0,0.0,0.0,0.0,0.0,0.0,0.0,0.0,0,38
2025-26,21,201,380,Calvin Ramsay,DEF,Liverpool,12,1,0,2026-01-08T20:00:00Z,0,0,0,0,0,0,0,0,0.0,0.0,0.0,0.0,0.0,0.0,0.0,0.0,0,38
2025-26,21,201,381,Mohamed Salah,MID,Liverpool,12,1,0,2026-01-08T20:00:00Z,0,0,0,0,0,0,0,0,0.0,0.0,0.0,0.0,0.0,0.0,0.0,0.0,0,140
2025-26,21,201,382,Florian Wirtz,MID,Liverpool,12,1,0,2026-01-08T20:00:00Z,90,3,0,0,1,0,0,17,7.2,20.6,4.0,3.2,0.0,0.03,0.03,0.57,1,82
2025-26,21,201,383,Luis Díaz Marulanda,MID,Liverpool,12,1,0,2026-01-08T20:00:00Z,0,0,0,0,0,0,0,0,0.0,0.0,0.0,0.0,0.0,0.0,0.0,0.0,0,80
2025-26,21,201,384,Cody Gakpo,MID,Liverpool,12,1,0,2026-01-08T20:00:00Z,90,3,0,0,1,0,0,9,3.8,4.9,7.0,1.6,0.09,0.01,0.1,0.57,1,73
2025-26,21,201,385,Federico Chiesa,MID,Liverpool,12,1,0,2026-01-08T20:00:00Z,0,0,0,0,0,0,0,0,0.0,0.0,0.0,0.0,0.0,0.0,0.0,0.0,0,63
2025-26,21,201,386,Alexis Mac Allister,MID,Liverpool,12,1,0,2026-01-08T20:00:00Z,90,2,0,0,1,0,0,11,12.4,26.8,0.0,3.9,0.0,0.02,0.02,0.57,1,62
2025-26,21,201,387,Dominik Szoboszlai,MID,Liverpool,12,1,0,2026-01-08T20:00:00Z,90,3,0,0,1,0,0,10,0.0,5.8,10.0,1.4,0.22,0.02,0.24,0.57,1,66
2025-26,21,201,388,Curtis Jones,MID,Liverpool,12,1,0,2026-01-08T20:00:00Z,0,0,0,0,0,0,0,0,0.0,0.0,0.0,0.0,0.0,0.0,0.0,0.0,0,54
2025-26,21,205,389,Harvey Elliott,MID,Aston Villa,2,8,0,2026-01-07T19:30:00Z,0,0,0,0,0,0,0,0,0.0,0.0,0.0,0.0,0.0,0.0,0.0,0.0,0,51
2025-26,21,201,390,Ryan Gravenberch,MID,Liverpool,12,1,0,2026-01-08T20:00:00Z,90,3,0,0,1,0,0,16,17.8,6.5,1.0,2.5,0.02,0.21,0.23,0.57,1,57
2025-26,21,202,391,Ben Gannon-Doak,MID,Bournemouth,4,18,1,2026-01-07T19:30:00Z,0,0,0,0,0,0,0,0,0.0,0.0,0.0,0.0,0.0,0.0,0.0,0.0,0,48
2025-26,21,201,392,Endo Wataru,MID,Liverpool,12,1,0,2026-01-08T20:00:00Z,0,0,0,0,0,0,0,0,0.0,0.0,0.0,0.0,0.0,0.0,0.0,0.0,0,49
2025-26,21,201,393,Stefan Bajčetić Maquieira,MID,Liverpool,12,1,0,2026-01-08T20:00:00Z,0,0,0,0,0,0,0,0,0.0,0.0,0.0,0.0,0.0,0.0,0.0,0.0,0,43
2025-26,21,201,394,James McConnell,MID,Liverpool,12,1,0,2026-01-08T20:00:00Z,0,0,0,0,0,0,0,0,0.0,0.0,0.0,0.0,0.0,0.0,0.0,0.0,0,44
2025-26,21,201,395,Tyler Morton,MID,Liverpool,12,1,0,2026-01-08T20:00:00Z,0,0,0,0,0,0,0,0,0.0,0.0,0.0,0.0,0.0,0.0,0.0,0.0,0,45
2025-26,21,201,396,Trey Nyoni,MID,Liverpool,12,1,0,2026-01-08T20:00:00Z,0,0,0,0,0,0,0,0,0.0,0.0,0.0,0.0,0.0,0.0,0.0,0.0,0,43
2025-26,21,201,397,Darwin Núñez Ribeiro,FWD,Liverpool,12,1,0,2026-01-08T20:00:00Z,0,0,0,0,0,0,0,0,0.0,0.0,0.0,0.0,0.0,0.0,0.0,0.0,0,65
2025-26,21,201,398,Jayden Danns,FWD,Liverpool,12,1,0,2026-01-08T20:00:00Z,0,0,0,0,0,0,0,0,0.0,0.0,0.0,0.0,0.0,0.0,0.0,0.0,0,43
2025-26,21,208,399,Ederson Santana de Moraes,GK,Man City,13,6,1,2026-01-07T19:30:00Z,0,0,0,0,0,0,0,0,0.0,0.0,0.0,0.0,0.0,0.0,0.0,0.0,0,53
2025-26,21,208,400,Stefan Ortega Moreno,GK,Man City,13,6,1,2026-01-07T19:30:00Z,0,0,0,0,0,0,0,0,0.0,0.0,0.0,0.0,0.0,0.0,0.0,0.0,0,47
2025-26,21,208,401,Marcus Bettinelli,GK,Man City,13,6,1,2026-01-07T19:30:00Z,0,0,0,0,0,0,0,0,0.0,0.0,0.0,0.0,0.0,0.0,0.0,0.0,0,39
2025-26,21,208,402,Rayan Aït-Nouri,DEF,Man City,13,6,1,2026-01-07T19:30:00Z,0,0,0,0,0,0,0,0,0.0,0.0,0.0,0.0,0.0,0.0,0.0,0.0,0,57
2025-26,21,208,403,Joško Gvardiol,DEF,Man City,13,6,1,2026-01-07T19:30:00Z,0,0,0,0,0,0,0,0,0.0,0.0,0.0,0.0,0.0,0.0,0.0,0.0,0,61
2025-26,21,208,404,Manuel Akanji,DEF,Man City,13,6,1,2026-01-07T19:30:00Z,0,0,0,0,0,0,0,0,0.0,0.0,0.0,0.0,0.0,0.0,0.0,0.0,0,54
2025-26,21,208,405,Nathan Aké,DEF,Man City,13,6,1,2026-01-07T19:30:00Z,72,2,0,0,0,1,0,15,12.4,29.3,6.0,4.8,0.0,0.13,0.13,1.16,1,53
2025-26,21,208,406,Abdukodir Khusanov,DEF,Man City,13,6,1,2026-01-07T19:30:00Z,90,2,0,0,0,1,0,16,15.8,2.9,0.0,1.9,0.0,0.01,0.01,1.16,1,54
2025-26,21,208,407,Matheus Nunes,DEF,Man City,13,6,1,2026-01-07T19:30:00Z,72,2,0,0,0,1,0,9,8.2,3.5,2.0,1.4,0.0,0.02,0.02,1.16,1,55
2025-26,21,208,408,Rúben dos Santos Gato Alves Dias,DEF,Man City,13,6,1,2026-01-07T19:30:00Z,0,0,0,0,0,0,0,0,0.0,0.0,0.0,0.0,0.0,0.0,0.0,0.0,0,57
2025-26,21,208,409,John Stones,DEF,Man City,13,6,1,2026-01-07T19:30:00Z,0,0,0,0,0,0,0,0,0.0,0.0,0.0,0.0,0.0,0.0,0.0,0.0,0,54
2025-26,21,208,410,Rico Lewis,DEF,Man City,13,6,1,2026-01-07T19:30:00Z,17,1,0,0,0,0,0,4,3.8,11.3,8.0,2.3,0.0,0.03,0.03,0.0,0,47
2025-26,21,208,411,Nico O'Reilly,DEF,Man City,13,6,1,2026-01-07T19:30:00Z,17,1,0,0,0,0,0,6,3.6,11.4,0.0,1.5,0.0,0.01,0.01,0.0,0,53
2025-26,21,208,412,Vitor de Oliveira Nunes dos Reis,DEF,Man City,13,6,1,2026-01-07T19:30:00Z,0,0,0,0,0,0,0,0,0.0,0.0,0.0,0.0,0.0,0.0,0.0,0.0,0,50
2025-26,21,208,413,Omar Marmoush,MID,Man City,13,6,1,2026-01-07T19:30:00Z,0,0,0,0,0,0,0,0,0.0,0.0,0.0,0.0,0.0,0.0,0.0,0.0,0,83
2025-26,21,208,414,Phil Foden,MID,Man City,13,6,1,2026-01-07T19:30:00Z,72,2,0,0,0,1,0,14,6.2,23.1,0.0,2.9,0.0,0.28,0.28,1.16,1,88
2025-26,21,208,415,Sávio Moreira de Oliveira,MID,Man City,13,6,1,2026-01-07T19:30:00Z,0,0,0,0,0,0,0,0,0.0,0.0,0.0,0.0,0.0,0.0,0.0,0.0,0,69
2025-26,21,208,416,Bernardo Mota Veiga de Carvalho e Silva,MID,Man City,13,6,1,2026-01-07T19:30:00Z,90,2,0,0,0,1,0,9,3.4,13.2,25.0,4.2,0.26,0.07,0.33,1.16,1,62
2025-26,21,208,417,Rayan Cherki,MID,Man City,13,6,1,2026-01-07T19:30:00Z,17,1,0,0,0,0,0,11,9.8,49.9,36.0,9.6,0.37,0.6,0.97,0.0,0,68
2025-26,21,208,418,Jérémy Doku,MID,Man City,13,6,1,2026-01-07T19:30:00Z,90,8,0,1,0,1,3,29,13.8,41.3,26.0,8.1,0.06,0.31,0.37,1.16,1,64
2025-26,21,206,419,Jack Grealish,MID,Everton,9,20,1,2026-01-07T19:30:00Z,89,-1,0,0,0,1,0,3,7.8,26.6,18.0,5.2,0.07,0.07,0.14,0.57,1,65
2025-26,21,208,420,İlkay Gündoğan,MID,Man City,13,6,1,2026-01-07T19:30:00Z,0,0,0,0,0,0,0,0,0.0,0.0,0.0,0.0,0.0,0.0,0.0,0.0,0,63
2025-26,21,208,421,Rodrigo 'Rodri' Hernandez Cascante,MID,Man City,13,6,1,2026-01-07T19:30:00Z,26,1,0,0,0,0,0,4,4.0,0.8,0.0,0.5,0.0,0.01,0.01,0.76,0,63
2025-26,21,208,422,Mateo Kovačić,MID,Man City,13,6,1,2026-01-07T19:30:00Z,0,0,0,0,0,0,0,0,0.0,0.0,0.0,0.0,0.0,0.0,0.0,0.0,0,59
2025-26,21,208,423,Nico González Iglesias,MID,Man City,13,6,1,2026-01-07T19:30:00Z,63,4,0,0,0,1,0,17,12.4,4.0,3.0,1.9,0.05,0.03,0.08,0.39,1,59
2025-26,21,208,424,Oscar Bobb,MID,Man City,13,6,1,2026-01-07T19:30:00Z,0,0,0,0,0,0,0,0,0.0,0.0,0.0,0.0,0.0,0.0,0.0,0.0,0,51
2025-26,21,208,425,Claudio Echeverri,MID,Man City,13,6,1,2026-01-07T19:30:00Z,0,0,0,0,0,0,0,0,0.0,0.0,0.0,0.0,0.0,0.0,0.0,0.0,0,54
2025-26,21,210,426,James McAtee,MID,Nott'm Forest,16,19,0,2026-01-06T20:00:00Z,0,0,0,0,0,0,0,0,0.0,0.0,0.0,0.0,0.0,0.0,0.0,0.0,0,50
2025-26,21,208,427,Tijjani Reijnders,MID,Man City,13,6,1,2026-01-07T19:30:00Z,90,2,0,0,0,1,0,9,7.4,10.4,20.0,3.8,0.13,0.09,0.22,1.16,1,52
2025-26,21,208,428,Sverre Nypan,MID,Man City,13,6,1,2026-01-07T19:30:00Z,0,0,0,0,0,0,0,0,0.0,0.0,0.0,0.0,0.0,0.0,0.0,0.0,0,50
2025-26,21,208,429,Kalvin Phillips,MID,Man City,13,6,1,2026-01-07T19:30:00Z,0,0,0,0,0,0,0,0,0.0,0.0,0.0,0.0,0.0,0.0,0.0,0.0,0,48
2025-26,21,208,430,Erling Haaland,FWD,Man City,13,6,1,2026-01-07T19:30:00Z,90,6,1,0,0,1,0,18,42.6,12.0,65.0,12.0,1.53,0.02,1.55,1.16,1,151
2025-26,21,204,431,Altay Bayındır,GK,Man Utd,14,3,0,2026-01-07T20:15:00Z,0,0,0,0,0,0,0,0,0.0,0.0,0.0,0.0,0.0,0.0,0.0,0.0,0,48
2025-26,21,204,432,André Onana,GK,Man Utd,14,3,0,2026-01-07T20:15:00Z,0,0,0,0,0,0,0,0,0.0,0.0,0.0,0.0,0.0,0.0,0.0,0.0,0,49
2025-26,21,204,433,Elyh Harrison,GK,Man Utd,14,3,0,2026-01-07T20:15:00Z,0,0,0,0,0,0,0,0,0.0,0.0,0.0,0.0,0.0,0.0,0.0,0.0,0,40
2025-26,21,204,434,Tom Heaton,GK,Man Utd,14,3,0,2026-01-07T20:15:00Z,0,0,0,0,0,0,0,0,0.0,0.0,0.0,0.0,0.0,0.0,0.0,0.0,0,39
2025-26,21,204,435,Dermot Mee,GK,Man Utd,14,3,0,2026-01-07T20:15:00Z,0,0,0,0,0,0,0,0,0.0,0.0,0.0,0.0,0.0,0.0,0.0,0.0,0,39
2025-26,21,204,436,Matthijs de Ligt,DEF,Man Utd,14,3,0,2026-01-07T20:15:00Z,0,0,0,0,0,0,0,0,0.0,0.0,0.0,0.0,0.0,0.0,0.0,0.0,0,49
2025-26,21,204,437,Lisandro Martínez,DEF,Man Utd,14,3,0,2026-01-07T20:15:00Z,90,1,0,0,0,2,0,7,21.2,2.3,1.0,2.5,0.01,0.03,0.04,0.24,1,48
2025-26,21,204,438,Noussair Mazraoui,DEF,Man Utd,14,3,0,2026-01-07T20:15:00Z,0,0,0,0,0,0,0,0,0.0,0.0,0.0,0.0,0.0,0.0,0.0,0.0,0,49
2025-26,21,204,439,Diego León Blanco,DEF,Man Utd,14,3,0,2026-01-07T20:15:00Z,0,0,0,0,0,0,0,0,0.0,0.0,0.0,0.0,0.0,0.0,0.0,0.0,0,42
2025-26,21,204,440,Diogo Dalot Teixeira,DEF,Man Utd,14,3,0,2026-01-07T20:15:00Z,90,1,0,0,0,2,0,14,25.8,28.3,2.0,5.6,0.03,0.07,0.1,0.24,1,45
2025-26,21,204,441,Patrick Dorgu,DEF,Man Utd,14,3,0,2026-01-07T20:15:00Z,90,5,0,1,0,2,1,33,47.6,67.2,23.0,13.8,0.19,0.21,0.4,0.24,1,42
2025-26,21,204,442,Harry Maguire,DEF,Man Utd,14,3,0,2026-01-07T20:15:00Z,0,0,0,0,0,0,0,0,0.0,0.0,0.0,0.0,0.0,0.0,0.0,0.0,0,43
2025-26,21,204,443,Luke Shaw,DEF,Man Utd,14,3,0,2026-01-07T20:15:00Z,90,1,0,0,0,2,0,13,20.0,24.3,4.0,4.8,0.0,0.14,0.14,0.24,1,45
2025-26,21,204,444,Leny Yoro,DEF,Man Utd,14,3,0,2026-01-07T20:15:00Z,29,1,0,0,0,1,0,1,4.6,1.5,4.0,1.0,0.08,0.01,0.09,0.16,0,42
2025-26,21,204,445,Harry Amass,DEF,Man Utd,14,3,0,2026-01-07T20:15:00Z,0,0,0,0,0,0,0,0,0.0,0.0,0.0,0.0,0.0,0.0,0.0,0.0,0,40
2025-26,21,204,446,Tyler Fredricson,DEF,Man Utd,14,3,0,2026-01-07T20:15:00Z,0,0,0,0,0,0,0,0,0.0,0.0,0.0,0.0,0.0,0.0,0.0,0.0,0,38
2025-26,21,204,447,Ayden Heaven,DEF,Man Utd,14,3,0,2026-01-07T20:15:00Z,60,0,0,0,0,1,0,4,1.8,1.3,7.0,1.0,0.27,0.01,0.28,0.07,1,39
2025-26,21,204,448,Tyrell Malacia,DEF,Man Utd,14,3,0,2026-01-07T20:15:00Z,0,0,0,0,0,0,0,0,0.0,0.0,0.0,0.0,0.0,0.0,0.0,0.0,0,38
2025-26,21,204,449,Bruno Borges Fernandes,MID,Man Utd,14,3,0,2026-01-07T20:15:00Z,60,7,0,1,0,1,2,34,33.0,84.1,4.0,12.1,0.06,0.96,1.02,0.07,1,91
2025-26,21,204,450,Matheus Santos Carneiro da Cunha,MID,Man Utd,14,3,0,2026-01-07T20:15:00Z,73,2,0,0,0,2,0,15,8.8,15.8,33.0,5.8,0.28,0.07,0.35,0.21,1,82
2025-26,21,204,451,Marcus Rashford,MID,Man Utd,14,3,0,2026-01-07T20:15:00Z,0,0,0,0,0,0,0,0,0.0,0.0,0.0,0.0,0.0,0.0,0.0,0.0,0,70
2025-26,21,204,452,Amad Diallo,MID,Man Utd,14,3,0,2026-01-07T20:15:00Z,0,0,0,0,0,0,0,0,0.0,0.0,0.0,0.0,0.0,0.0,0.0,0.0,0,63
2025-26,21,207,453,Alejandro Garnacho Ferreyra,MID,Chelsea,7,10,0,2026-01-07T19:30:00Z,0,0,0,0,0,0,0,0,0.0,0.0,0.0,0.0,0.0,0.0,0.0,0.0,0,64
2025-26,21,204,454,Antony dos Santos,MID,Man Utd,14,3,0,2026-01-07T20:15:00Z,0,0,0,0,0,0,0,0,0.0,0.0,0.0,0.0,0.0,0.0,0.0,0.0,0,59
2025-26,21,204,455,Mason Mount,MID,Man Utd,14,3,0,2026-01-07T20:15:00Z,29,1,0,0,0,1,0,4,6.4,12.0,0.0,1.8,0.0,0.05,0.05,0.16,0,59
2025-26,21,205,456,Jadon Sancho,MID,Aston Villa,2,8,0,2026-01-07T19:30:00Z,64,3,0,0,1,0,0,6,4.2,4.2,4.0,1.2,0.0,0.02,0.02,0.91,1,58
2025-26,21,204,457,Carlos Henrique Casimiro,MID,Man Utd,14,3,0,2026-01-07T20:15:00Z,73,4,0,0,0,2,0,17,23.8,48.4,18.0,9.0,0.22,0.31,0.53,0.21,1,55
2025-26,21,204,458,Kobbie Mainoo,MID,Man Utd,14,3,0,2026-01-07T20:15:00Z,16,1,0,0,0,0,0,5,0.8,2.9,1.0,0.5,0.02,0.01,0.03,0.02,0,46
2025-26,21,204,459,Manuel Ugarte Ribeiro,MID,Man Utd,14,3,0,2026-01-07T20:15:00Z,83,2,0,0,0,2,0,16,9.2,7.8,12.0,2.9,0.11,0.04,0.15,0.21,1,47
2025-26,21,204,460,Toby Collyer,MID,Man Utd,14,3,0,2026-01-07T20:15:00Z,0,0,0,0,0,0,0,0,0.0,0.0,0.0,0.0,0.0,0.0,0.0,0.0,0,45
2025-26,21,204,461,Jayce Fitzgerald,MID,Man Utd,14,3,0,2026-01-07T20:15:00Z,0,0,0,0,0,0,0,0,0.0,0.0,0.0,0.0,0.0,0.0,0.0,0.0,0,44
2025-26,21,204,462,Jack Fletcher,MID,Man Utd,14,3,0,2026-01-07T20:15:00Z,0,0,0,0,0,0,0,0,0.0,0.0,0.0,0.0,0.0,0.0,0.0,0.0,0,43
2025-26,21,204,463,Sékou Koné,MID,Man Utd,14,3,0,2026-01-07T20:15:00Z,0,0,0,0,0,0,0,0,0.0,0.0,0.0,0.0,0.0,0.0,0.0,0.0,0,43
2025-26,21,204,464,Jack Moorhouse,MID,Man Utd,14,3,0,2026-01-07T20:15:00Z,0,0,0,0,0,0,0,0,0.0,0.0,0.0,0.0,0.0,0.0,0.0,0.0,0,45
2025-26,21,204,465,Rasmus Højlund,FWD,Man Utd,14,3,0,2026-01-07T20:15:00Z,0,0,0,0,0,0,0,0,0.0,0.0,0.0,0.0,0.0,0.0,0.0,0.0,0,63
2025-26,21,204,466,Joshua Zirkzee,FWD,Man Utd,14,3,0,2026-01-07T20:15:00Z,16,1,0,0,0,0,0,2,0.0,12.5,15.0,2.7,0.08,0.0,0.08,0.02,0,58
2025-26,21,204,467,Chido Obi,FWD,Man Utd,14,3,0,2026-01-07T20:15:00Z,0,0,0,0,0,0,0,0,0.0,0.0,0.0,0.0,0.0,0.0,0.0,0.0,0,42
2025-26,21,204,468,Ethan Wheatley,FWD,Man Utd,14,3,0,2026-01-07T20:15:00Z,0,0,0,0,0,0,0,0,0.0,0.0,0.0,0.0,0.0,0.0,0.0,0.0,0,45
2025-26,21,209,469,Nick Pope,GK,Newcastle,15,11,1,2026-01-07T20:15:00Z,90,2,0,0,0,3,0,3,21.0,0.0,0.0,2.1,0.0,0.0,0.0,1.89,1,51
2025-26,21,204,470,Martin Dúbravka,GK,Burnley,3,14,1,2026-01-07T20:15:00Z,90,3,0,0,0,2,0,19,51.2,0.0,0.0,5.1,0.0,0.0,0.0,2.55,1,40
2025-26,21,209,471,Mark Gillespie,GK,Newcastle,15,11,1,2026-01-07T20:15:00Z,0,0,0,0,0,0,0,0,0.0,0.0,0.0,0.0,0.0,0.0,0.0,0.0,0,39
2025-26,21,209,472,Odysseas Vlachodimos,GK,Newcastle,15,11,1,2026-01-07T20:15:00Z,0,0,0,0,0,0,0,0,0.0,0.0,0.0,0.0,0.0,0.0,0.0,0.0,0,40
2025-26,21,209,473,Lewis Hall,DEF,Newcastle,15,11,1,2026-01-07T20:15:00Z,90,4,0,1,0,3,0,13,15.6,38.9,0.0,5.5,0.0,0.16,0.16,1.89,1,53
2025-26,21,209,474,Fabian Schär,DEF,Newcastle,15,11,1,2026-01-07T20:15:00Z,75,3,0,0,0,2,0,4,22.2,1.2,4.0,2.7,0.12,0.02,0.14,1.7,1,53
2025-26,21,209,475,Sven Botman,DEF,Newcastle,15,11,1,2026-01-07T20:15:00Z,45,4,0,1,0,1,0,18,28.2,10.2,9.0,4.7,0.14,0.0,0.14,0.47,0,49
2025-26,21,209,476,Dan Burn,DEF,Newcastle,15,11,1,2026-01-07T20:15:00Z,0,0,0,0,0,0,0,0,0.0,0.0,0.0,0.0,0.0,0.0,0.0,0.0,0,50
2025-26,21,209,477,Tino Livramento,DEF,Newcastle,15,11,1,2026-01-07T20:15:00Z,45,1,0,0,0,1,0,11,13.0,20.3,0.0,3.3,0.0,0.03,0.03,0.47,0,49
2025-26,21,209,478,Kieran Trippier,DEF,Newcastle,15,11,1,2026-01-07T20:15:00Z,0,0,0,0,0,0,0,0,0.0,0.0,0.0,0.0,0.0,0.0,0.0,0.0,0,49
2025-26,21,209,479,Emil Krafth,DEF,Newcastle,15,11,1,2026-01-07T20:15:00Z,0,0,0,0,0,0,0,0,0.0,0.0,0.0,0.0,0.0,0.0,0.0,0.0,0,43
2025-26,21,209,480,Jamaal Lascelles,DEF,Newcastle,15,11,1,2026-01-07T20:15:00Z,0,0,0,0,0,0,0,0,0.0,0.0,0.0,0.0,0.0,0.0,0.0,0.0,0,43
2025-26,21,209,481,Alex Murphy,DEF,Newcastle,15,11,1,2026-01-07T20:15:00Z,0,0,0,0,0,0,0,0,0.0,0.0,0.0,0.0,0.0,0.0,0.0,0.0,0,38
2025-26,21,209,482,Harrison Ashby,DEF,Newcastle,15,11,1,2026-01-07T20:15:00Z,0,0,0,0,0,0,0,0,0.0,0.0,0.0,0.0,0.0,0.0,0.0,0.0,0,39
2025-26,21,209,483,Miodrag Pivaš,DEF,Newcastle,15,11,1,2026-01-07T20:15:00Z,0,0,0,0,0,0,0,0,0.0,0.0,0.0,0.0,0.0,0.0,0.0,0.0,0,38
2025-26,21,209,484,Matt Targett,DEF,Newcastle,15,11,1,2026-01-07T20:15:00Z,0,0,0,0,0,0,0,0,0.0,0.0,0.0,0.0,0.0,0.0,0.0,0.0,0,40
2025-26,21,209,485,Anthony Gordon,MID,Newcastle,15,11,1,2026-01-07T20:15:00Z,80,1,0,0,0,3,0,4,3.0,20.3,20.0,4.3,0.07,0.47,0.54,1.79,1,74
2025-26,21,209,486,Anthony Elanga,MID,Newcastle,15,11,1,2026-01-07T20:15:00Z,0,0,0,0,0,0,0,0,0.0,0.0,0.0,0.0,0.0,0.0,0.0,0.0,0,65
2025-26,21,209,487,Harvey Barnes,MID,Newcastle,15,11,1,2026-01-07T20:15:00Z,90,15,2,0,0,3,3,56,73.4,7.4,62.0,14.3,0.28,0.02,0.3,1.89,1,61
2025-26,21,209,488,Bruno Guimarães Rodriguez Moura,MID,Newcastle,15,11,1,2026-01-07T20:15:00Z,90,11,1,1,0,3,1,41,74.6,60.8,19.0,15.4,0.79,0.36,1.15,1.89,1,71
2025-26,21,209,489,Jacob Murphy,MID,Newcastle,15,11,1,2026-01-07T20:15:00Z,9,1,0,0,0,0,0,3,0.0,1.3,2.0,0.2,0.0,0.03,0.03,0.1,0,60
2025-26,21,209,490,Joelinton Cássio Apolinário de Lira,MID,Newcastle,15,11,1,2026-01-07T20:15:00Z,90,8,1,0,0,3,0,34,49.2,5.1,40.0,9.4,0.25,0.01,0.26,1.89,1,59
2025-26,21,209,491,Sandro Tonali,MID,Newcastle,15,11,1,2026-01-07T20:15:00Z,45,1,0,0,0,2,0,10,2.0,2.8,4.0,0.9,0.02,0.01,0.03,1.42,1,53
2025-26,21,209,492,Antoñito Cordero Campillo,MID,Newcastle,15,11,1,2026-01-07T20:15:00Z,0,0,0,0,0,0,0,0,0.0,0.0,0.0,0.0,0.0,0.0,0.0,0.0,0,49
2025-26,21,209,493,Sean Longstaff,MID,Leeds,11,15,0,2026-01-07T20:15:00Z,0,0,0,0,0,0,0,0,0.0,0.0,0.0,0.0,0.0,0.0,0.0,0.0,0,48
2025-26,21,209,494,Joe Willock,MID,Newcastle,15,11,1,2026-01-07T20:15:00Z,0,0,0,0,0,0,0,0,0.0,0.0,0.0,0.0,0.0,0.0,0.0,0.0,0,50
2025-26,21,209,495,Isaac Hayden,MID,Newcastle,15,11,1,2026-01-07T20:15:00Z,0,0,0,0,0,0,0,0,0.0,0.0,0.0,0.0,0.0,0.0,0.0,0.0,0,45
2025-26,21,209,496,Garang Kuol,MID,Newcastle,15,11,1,2026-01-07T20:15:00Z,0,0,0,0,0,0,0,0,0.0,0.0,0.0,0.0,0.0,0.0,0.0,0.0,0,44
2025-26,21,209,497,Lewis Miley,MID,Newcastle,15,11,1,2026-01-07T20:15:00Z,90,4,0,0,0,3,0,23,29.6,16.8,18.0,6.4,0.48,0.25,0.73,1.89,1,45
2025-26,21,209,498,Joe White,MID,Newcastle,15,11,1,2026-01-07T20:15:00Z,0,0,0,0,0,0,0,0,0.0,0.0,0.0,0.0,0.0,0.0,0.0,0.0,0,45
2025-26,21,201,499,Alexander Isak,FWD,Liverpool,12,1,0,2026-01-08T20:00:00Z,0,0,0,0,0,0,0,0,0.0,0.0,0.0,0.0,0.0,0.0,0.0,0.0,0,103
2025-26,21,209,500,William Osula,FWD,Newcastle,15,11,1,2026-01-07T20:15:00Z,0,0,0,0,0,0,0,0,0.0,0.0,0.0,0.0,0.0,0.0,0.0,0.0,0,54
2025-26,21,209,501,Sean Neave,FWD,Newcastle,15,11,1,2026-01-07T20:15:00Z,0,0,0,0,0,0,0,0,0.0,0.0,0.0,0.0,0.0,0.0,0.0,0.0,0,43
2025-26,21,210,502,Matz Sels,GK,Nott'm Forest,16,19,0,2026-01-06T20:00:00Z,90,3,0,0,0,1,0,14,25.0,0.0,0.0,2.5,0.0,0.0,0.0,0.95,1,46
2025-26,21,210,503,Carlos Miguel dos Santos Pereira,GK,Nott'm Forest,16,19,0,2026-01-06T20:00:00Z,0,0,0,0,0,0,0,0,0.0,0.0,0.0,0.0,0.0,0.0,0.0,0.0,0,40
2025-26,21,210,504,Matt Turner,GK,Nott'm Forest,16,19,0,2026-01-06T20:00:00Z,0,0,0,0,0,0,0,0,0.0,0.0,0.0,0.0,0.0,0.0,0.0,0.0,0,40
2025-26,21,210,505,Nikola Milenković,DEF,Nott'm Forest,16,19,0,2026-01-06T20:00:00Z,90,2,0,0,0,1,0,6,13.0,0.5,6.0,2.0,0.0,0.0,0.0,0.95,1,51
2025-26,21,210,506,Murillo Costa dos Santos,DEF,Nott'm Forest,16,19,0,2026-01-06T20:00:00Z,90,2,0,0,0,1,0,9,31.8,11.5,17.0,6.0,0.13,0.06,0.19,0.95,1,52
2025-26,21,210,507,Ola Aina,DEF,Nott'm Forest,16,19,0,2026-01-06T20:00:00Z,90,2,0,0,0,1,0,15,14.4,17.5,7.0,3.9,0.02,0.07,0.09,0.95,1,47
2025-26,21,210,508,Neco Williams,DEF,Nott'm Forest,16,19,0,2026-01-06T20:00:00Z,90,4,0,0,0,1,0,19,30.0,17.7,17.0,6.5,0.05,0.05,0.1,0.95,1,47
2025-26,21,210,509,David Mota Veiga Teixeira do Carmo,DEF,Nott'm Forest,16,19,0,2026-01-06T20:00:00Z,0,0,0,0,0,0,0,0,0.0,0.0,0.0,0.0,0.0,0.0,0.0,0.0,0,45
2025-26,21,210,510,Jair Paula da Cunha Filho,DEF,Nott'm Forest,16,19,0,2026-01-06T20:00:00Z,0,0,0,0,0,0,0,0,0.0,0.0,0.0,0.0,0.0,0.0,0.0,0.0,0,43
2025-26,21,210,511,Felipe Rodrigues da Silva,DEF,Nott'm Forest,16,19,0,2026-01-06T20:00:00Z,1,1,0,0,0,0,0,2,0.0,0.3,0.0,0.0,0.0,0.0,0.0,0.0,0,43
2025-26,21,210,512,Omar Richards,DEF,Nott'm Forest,16,19,0,2026-01-06T20:00:00Z,0,0,0,0,0,0,0,0,0.0,0.0,0.0,0.0,0.0,0.0,0.0,0.0,0,45
2025-26,21,210,513,Zach Abbott,DEF,Nott'm Forest,16,19,0,2026-01-06T20:00:00Z,0,0,0,0,0,0,0,0,0.0,0.0,0.0,0.0,0.0,0.0,0.0,0.0,0,38
2025-26,21,210,514,Willy Boly,DEF,Nott'm Forest,16,19,0,2026-01-06T20:00:00Z,0,0,0,0,0,0,0,0,0.0,0.0,0.0,0.0,0.0,0.0,0.0,0.0,0,38
2025-26,21,210,515,Morgan Gibbs-White,MID,Nott'm Forest,16,19,0,2026-01-06T20:00:00Z,90,9,1,0,0,1,2,32,40.0,5.6,23.0,6.9,0.79,0.04,0.83,0.95,1,73
2025-26,21,210,516,Callum Hudson-Odoi,MID,Nott'm Forest,16,19,0,2026-01-06T20:00:00Z,90,2,0,0,0,1,0,8,3.0,36.8,4.0,4.4,0.06,0.09,0.15,0.95,1,57
2025-26,21,210,517,Elliot Anderson,MID,Nott'm Forest,16,19,0,2026-01-06T20:00:00Z,90,7,0,1,0,1,0,18,39.4,17.6,0.0,5.7,0.0,0.07,0.07,0.95,1,53
2025-26,21,210,518,João Pedro Ferreira da Silva,MID,Nott'm Forest,16,19,0,2026-01-06T20:00:00Z,0,0,0,0,0,0,0,0,0.0,0.0,0.0,0.0,0.0,0.0,0.0,0.0,0,54
2025-26,21,210,519,Nicolás Domínguez,MID,Nott'm Forest,16,19,0,2026-01-06T20:00:00Z,90,10,1,0,0,1,3,39,51.8,20.1,50.0,12.2,0.31,0.07,0.38,0.95,1,50
2025-26,21,210,520,Lewis O'Brien,MID,Nott'm Forest,16,19,0,2026-01-06T20:00:00Z,0,0,0,0,0,0,0,0,0.0,0.0,0.0,0.0,0.0,0.0,0.0,0.0,0,50
2025-26,21,210,521,Ibrahim Sangaré,MID,Nott'm Forest,16,19,0,2026-01-06T20:00:00Z,0,0,0,0,0,0,0,0,0.0,0.0,0.0,0.0,0.0,0.0,0.0,0.0,0,49
2025-26,21,210,522,Ryan Yates,MID,Nott'm Forest,16,19,0,2026-01-06T20:00:00Z,0,0,0,0,0,0,0,0,0.0,0.0,0.0,0.0,0.0,0.0,0.0,0.0,0,47
2025-26,21,210,523,Eric da Silva Moreira,MID,Nott'm Forest,16,19,0,2026-01-06T20:00:00Z,0,0,0,0,0,0,0,0,0.0,0.0,0.0,0.0,0.0,0.0,0.0,0.0,0,45
2025-26,21,210,524,Marko Stamenić,MID,Nott'm Forest,16,19,0,2026-01-06T20:00:00Z,0,0,0,0,0,0,0,0,0.0,0.0,0.0,0.0,0.0,0.0,0.0,0.0,0,45
2025-26,21,210,525,Chris Wood,FWD,Nott'm Forest,16,19,0,2026-01-06T20:00:00Z,0,0,0,0,0,0,0,0,0.0,0.0,0.0,0.0,0.0,0.0,0.0,0.0,0,72
2025-26,21,210,526,Igor Jesus Maciel da Cruz,FWD,Nott'm Forest,16,19,0,2026-01-06T20:00:00Z,90,2,0,0,0,1,0,0,1.4,7.0,13.0,2.1,0.02,0.01,0.03,0.95,1,58
2025-26,21,210,527,Taiwo Awoniyi,FWD,Nott'm Forest,16,19,0,2026-01-06T20:00:00Z,0,0,0,0,0,0,0,0,0.0,0.0,0.0,0.0,0.0,0.0,0.0,0.0,0,52
2025-26,21,203,528,Anthony Patterson,GK,Sunderland,17,5,0,2026-01-07T19:30:00Z,0,0,0,0,0,0,0,0,0.0,0.0,0.0,0.0,0.0,0.0,0.0,0.0,0,42
2025-26,21,203,529,Simon Moore,GK,Sunderland,17,5,0,2026-01-07T19:30:00Z,0,0,0,0,0,0,0,0,0.0,0.0,0.0,0.0,0.0,0.0,0.0,0.0,0,39
2025-26,21,203,530,Blondy Nna Noukeu,GK,Sunderland,17,5,0,2026-01-07T19:30:00Z,0,0,0,0,0,0,0,0,0.0,0.0,0.0,0.0,0.0,0.0,0.0,0.0,0,39
2025-26,21,203,531,Daniel Ballard,DEF,Sunderland,17,5,0,2026-01-07T19:30:00Z,78,1,0,0,0,3,0,3,14.4,0.7,7.0,2.2,0.03,0.0,0.03,2.8,1,46
2025-26,21,203,532,Trai Hume,DEF,Sunderland,17,5,0,2026-01-07T19:30:00Z,90,0,0,0,0,3,0,-6,10.4,10.8,0.0,2.1,0.0,0.01,0.01,3.24,1,45
2025-26,21,203,533,Aji Alese,DEF,Sunderland,17,5,0,2026-01-07T19:30:00Z,0,0,0,0,0,0,0,0,0.0,0.0,0.0,0.0,0.0,0.0,0.0,0.0,0,40
2025-26,21,203,534,Joe Anderson,DEF,Sunderland,17,5,0,2026-01-07T19:30:00Z,0,0,0,0,0,0,0,0,0.0,0.0,0.0,0.0,0.0,0.0,0.0,0.0,0,38
2025-26,21,203,535,Dennis Cirkin,DEF,Sunderland,17,5,0,2026-01-07T19:30:00Z,11,1,0,0,0,0,0,2,0.6,0.3,0.0,0.1,0.0,0.0,0.0,0.44,0,40
2025-26,21,203,536,Leo Fuhr Hjelde,DEF,Sunderland,17,5,0,2026-01-07T19:30:00Z,0,0,0,0,0,0,0,0,0.0,0.0,0.0,0.0,0.0,0.0,0.0,0.0,0,40
2025-26,21,203,537,Niall Huggins,DEF,Sunderland,17,5,0,2026-01-07T19:30:00Z,0,0,0,0,0,0,0,0,0.0,0.0,0.0,0.0,0.0,0.0,0.0,0.0,0,40
2025-26,21,203,538,Zak Johnson,DEF,Sunderland,17,5,0,2026-01-07T19:30:00Z,0,0,0,0,0,0,0,0,0.0,0.0,0.0,0.0,0.0,0.0,0.0,0.0,0,38
2025-26,21,203,539,Luke O'Nien,DEF,Sunderland,17,5,0,2026-01-07T19:30:00Z,7,1,0,0,0,0,0,3,1.0,0.1,0.0,0.1,0.0,0.0,0.0,0.44,0,40
2025-26,21,203,540,Timothée Pembélé,DEF,Sunderland,17,5,0,2026-01-07T19:30:00Z,0,0,0,0,0,0,0,0,0.0,0.0,0.0,0.0,0.0,0.0,0.0,0.0,0,39
2025-26,21,203,541,Reinildo Mandava,DEF,Sunderland,17,5,0,2026-01-07T19:30:00Z,0,0,0,0,0,0,0,0,0.0,0.0,0.0,0.0,0.0,0.0,0.0,0.0,0,38
2025-26,21,203,542,Jenson Seelt,DEF,Sunderland,17,5,0,2026-01-07T19:30:00Z,0,0,0,0,0,0,0,0,0.0,0.0,0.0,0.0,0.0,0.0,0.0,0.0,0,40
2025-26,21,203,543,Simon Adingra,MID,Sunderland,17,5,0,2026-01-07T19:30:00Z,51,1,0,0,0,1,0,2,3.6,10.8,2.0,1.6,0.0,0.02,0.02,1.27,1,49
2025-26,21,203,544,Habib Diarra,MID,Sunderland,17,5,0,2026-01-07T19:30:00Z,0,0,0,0,0,0,0,0,0.0,0.0,0.0,0.0,0.0,0.0,0.0,0.0,0,53
2025-26,21,203,545,Patrick Roberts,MID,Sunderland,17,5,0,2026-01-07T19:30:00Z,0,0,0,0,0,0,0,0,0.0,0.0,0.0,0.0,0.0,0.0,0.0,0.0,0,54
2025-26,21,203,546,Milan Aleksić,MID,Sunderland,17,5,0,2026-01-07T19:30:00Z,0,0,0,0,0,0,0,0,0.0,0.0,0.0,0.0,0.0,0.0,0.0,0.0,0,49
2025-26,21,203,547,Enzo Le Fée,MID,Sunderland,17,5,0,2026-01-07T19:30:00Z,90,0,0,0,0,3,0,13,12.2,31.4,20.0,6.4,0.86,0.2,1.06,3.24,1,49
2025-26,21,203,548,Romaine Mundle,MID,Sunderland,17,5,0,2026-01-07T19:30:00Z,38,1,0,0,0,2,0,9,6.0,11.9,23.0,4.1,0.33,0.01,0.34,1.98,0,49
2025-26,21,203,549,Dan Neil,MID,Sunderland,17,5,0,2026-01-07T19:30:00Z,11,1,0,0,0,0,0,3,1.0,1.4,0.0,0.2,0.0,0.0,0.0,0.44,0,48
2025-26,21,203,550,Ian Poveda-Ocampo,MID,Sunderland,17,5,0,2026-01-07T19:30:00Z,0,0,0,0,0,0,0,0,0.0,0.0,0.0,0.0,0.0,0.0,0.0,0.0,0,48
2025-26,21,203,551,Chris Rigg,MID,Sunderland,17,5,0,2026-01-07T19:30:00Z,51,1,0,0,0,1,0,0,0.0,1.9,4.0,0.5,0.0,0.06,0.06,1.27,1,47
2025-26,21,203,552,Noah Sadiki,MID,Sunderland,17,5,0,2026-01-07T19:30:00Z,0,0,0,0,0,0,0,0,0.0,0.0,0.0,0.0,0.0,0.0,0.0,0.0,0,49
2025-26,21,203,553,Chemsdine Talbi,MID,Sunderland,17,5,0,2026-01-07T19:30:00Z,0,0,0,0,0,0,0,0,0.0,0.0,0.0,0.0,0.0,0.0,0.0,0.0,0,49
2025-26,21,203,554,Abdoullah Ba,MID,Sunderland,17,5,0,2026-01-07T19:30:00Z,0,0,0,0,0,0,0,0,0.0,0.0,0.0,0.0,0.0,0.0,0.0,0.0,0,43
2025-26,21,203,555,Alan Browne,MID,Sunderland,17,5,0,2026-01-07T19:30:00Z,0,0,0,0,0,0,0,0,0.0,0.0,0.0,0.0,0.0,0.0,0.0,0.0,0,45
2025-26,21,203,556,Pierre Ekwah Elimby,MID,Sunderland,17,5,0,2026-01-07T19:30:00Z,0,0,0,0,0,0,0,0,0.0,0.0,0.0,0.0,0.0,0.0,0.0,0.0,0,45
2025-26,21,203,557,Harrison Jones,MID,Sunderland,17,5,0,2026-01-07T19:30:00Z,0,0,0,0,0,0,0,0,0.0,0.0,0.0,0.0,0.0,0.0,0.0,0.0,0,43
2025-26,21,203,558,Jay Matete,MID,Sunderland,17,5,0,2026-01-07T19:30:00Z,0,0,0,0,0,0,0,0,0.0,0.0,0.0,0.0,0.0,0.0,0.0,0.0,0,43
2025-26,21,203,559,Nectarios Triantis,MID,Sunderland,17,5,0,2026-01-07T19:30:00Z,0,0,0,0,0,0,0,0,0.0,0.0,0.0,0.0,0.0,0.0,0.0,0.0,0,44
2025-26,21,203,560,Wilson Isidor,FWD,Sunderland,17,5,0,2026-01-07T19:30:00Z,0,0,0,0,0,0,0,0,0.0,0.0,0.0,0.0,0.0,0.0,0.0,0.0,0,53
2025-26,21,203,561,Eliezer Mayenda Dossou,FWD,Sunderland,17,5,0,2026-01-07T19:30:00Z,38,1,0,0,0,2,0,0,0.0,1.4,0.0,0.0,0.0,0.01,0.01,1.98,0,52
2025-26,21,203,562,Ahmed Abdullahi,FWD,Sunderland,17,5,0,2026-01-07T19:30:00Z,0,0,0,0,0,0,0,0,0.0,0.0,0.0,0.0,0.0,0.0,0.0,0.0,0,43
2025-26,21,203,563,Luís Hemir Silva Semedo,FWD,Sunderland,17,5,0,2026-01-07T19:30:00Z,0,0,0,0,0,0,0,0,0.0,0.0,0.0,0.0,0.0,0.0,0.0,0.0,0,44
2025-26,21,203,564,Nazarii Rusyn,FWD,Sunderland,17,5,0,2026-01-07T19:30:00Z,0,0,0,0,0,0,0,0,0.0,0.0,0.0,0.0,0.0,0.0,0.0,0.0,0,44
2025-26,21,202,565,Guglielmo Vicario,GK,Spurs,18,4,0,2026-01-07T19:30:00Z,90,1,0,0,0,3,0,-1,6.0,0.0,0.0,0.6,0.0,0.0,0.0,1.27,1,48
2025-26,21,202,566,Brandon Austin,GK,Spurs,18,4,0,2026-01-07T19:30:00Z,0,0,0,0,0,0,0,0,0.0,0.0,0.0,0.0,0.0,0.0,0.0,0.0,0,39
2025-26,21,202,567,Antonín Kinský,GK,Spurs,18,4,0,2026-01-07T19:30:00Z,0,0,0,0,0,0,0,0,0.0,0.0,0.0,0.0,0.0,0.0,0.0,0.0,0,39
2025-26,21,202,568,Pedro Porro Sauceda,DEF,Spurs,18,4,0,2026-01-07T19:30:00Z,90,0,0,0,0,3,0,0,8.8,16.2,6.0,3.1,0.06,0.1,0.16,1.27,1,52
2025-26,21,202,569,Cristian Romero,DEF,Spurs,18,4,0,2026-01-07T19:30:00Z,90,3,0,0,0,3,0,19,42.6,31.2,22.0,9.6,0.18,0.44,0.62,1.27,1,50
2025-26,21,202,570,Kevin Danso,DEF,Spurs,18,4,0,2026-01-07T19:30:00Z,0,0,0,0,0,0,0,0,0.0,0.0,0.0,0.0,0.0,0.0,0.0,0.0,0,42
2025-26,21,202,571,Ben Davies,DEF,Spurs,18,4,0,2026-01-07T19:30:00Z,0,0,0,0,0,0,0,0,0.0,0.0,0.0,0.0,0.0,0.0,0.0,0.0,0,43
2025-26,21,202,572,Radu Drăgușin,DEF,Spurs,18,4,0,2026-01-07T19:30:00Z,0,0,0,0,0,0,0,0,0.0,0.0,0.0,0.0,0.0,0.0,0.0,0.0,0,45
2025-26,21,202,573,Djed Spence,DEF,Spurs,18,4,0,2026-01-07T19:30:00Z,90,1,0,0,0,3,0,6,10.8,12.1,2.0,2.5,0.0,0.04,0.04,1.27,1,43
2025-26,21,202,574,Destiny Udogie,DEF,Spurs,18,4,0,2026-01-07T19:30:00Z,0,0,0,0,0,0,0,0,0.0,0.0,0.0,0.0,0.0,0.0,0.0,0.0,0,43
2025-26,21,202,575,Micky van de Ven,DEF,Spurs,18,4,0,2026-01-07T19:30:00Z,90,0,0,0,0,3,0,-2,18.2,0.8,35.0,5.4,0.28,0.0,0.28,1.27,1,45
2025-26,21,202,576,Ashley Phillips,DEF,Spurs,18,4,0,2026-01-07T19:30:00Z,0,0,0,0,0,0,0,0,0.0,0.0,0.0,0.0,0.0,0.0,0.0,0.0,0,40
2025-26,21,202,577,Takai Kōta,DEF,Spurs,18,4,0,2026-01-07T19:30:00Z,0,0,0,0,0,0,0,0,0.0,0.0,0.0,0.0,0.0,0.0,0.0,0.0,0,40
2025-26,21,202,578,Luka Vušković,DEF,Spurs,18,4,0,2026-01-07T19:30:00Z,0,0,0,0,0,0,0,0,0.0,0.0,0.0,0.0,0.0,0.0,0.0,0.0,0,39
2025-26,21,202,579,Son Heung-min,MID,Spurs,18,4,0,2026-01-07T19:30:00Z,0,0,0,0,0,0,0,0,0.0,0.0,0.0,0.0,0.0,0.0,0.0,0.0,0,85
2025-26,21,205,580,Brennan Johnson,MID,Crystal Palace,8,2,1,2026-01-07T19:30:00Z,90,2,0,0,1,0,0,-2,1.6,2.5,42.0,4.6,0.44,0.02,0.46,1.74,1,65
2025-26,21,202,581,James Maddison,MID,Spurs,18,4,0,2026-01-07T19:30:00Z,0,0,0,0,0,0,0,0,0.0,0.0,0.0,0.0,0.0,0.0,0.0,0.0,0,68
2025-26,21,202,582,Mohammed Kudus,MID,Spurs,18,4,0,2026-01-07T19:30:00Z,0,0,0,0,0,0,0,0,0.0,0.0,0.0,0.0,0.0,0.0,0.0,0.0,0,64
2025-26,21,202,583,Dejan Kulusevski,MID,Spurs,18,4,0,2026-01-07T19:30:00Z,0,0,0,0,0,0,0,0,0.0,0.0,0.0,0.0,0.0,0.0,0.0,0.0,0,64
2025-26,21,202,584,Mathys Tel,MID,Spurs,18,4,0,2026-01-07T19:30:00Z,90,10,1,0,0,3,3,42,49.6,48.2,27.0,12.5,0.06,0.14,0.2,1.27,1,62
2025-26,21,202,585,Rodrigo Bentancur,MID,Spurs,18,4,0,2026-01-07T19:30:00Z,85,2,0,0,0,2,0,21,13.0,3.1,0.0,1.6,0.0,0.0,0.0,1.07,1,53
2025-26,21,202,586,Lucas Bergvall,MID,Spurs,18,4,0,2026-01-07T19:30:00Z,56,1,0,0,0,2,0,-2,0.0,0.8,12.0,1.2,0.04,0.01,0.05,0.79,1,53
2025-26,21,202,587,Yves Bissouma,MID,Spurs,18,4,0,2026-01-07T19:30:00Z,0,0,0,0,0,0,0,0,0.0,0.0,0.0,0.0,0.0,0.0,0.0,0.0,0,52
2025-26,21,202,588,Wilson Odobert,MID,Spurs,18,4,0,2026-01-07T19:30:00Z,33,1,0,0,0,1,0,5,2.0,11.0,7.0,2.0,0.03,0.05,0.08,0.47,0,53
2025-26,21,202,589,Manor Solomon,MID,Spurs,18,4,0,2026-01-07T19:30:00Z,0,0,0,0,0,0,0,0,0.0,0.0,0.0,0.0,0.0,0.0,0.0,0.0,0,54
2025-26,21,202,590,Bryan Gil Salvatierra,MID,Spurs,18,4,0,2026-01-07T19:30:00Z,0,0,0,0,0,0,0,0,0.0,0.0,0.0,0.0,0.0,0.0,0.0,0.0,0,49
2025-26,21,202,591,Archie Gray,MID,Spurs,18,4,0,2026-01-07T19:30:00Z,4,1,0,0,0,1,0,3,0.2,0.0,0.0,0.0,0.0,0.0,0.0,0.19,0,48
2025-26,21,202,592,Mikey Moore,MID,Spurs,18,4,0,2026-01-07T19:30:00Z,0,0,0,0,0,0,0,0,0.0,0.0,0.0,0.0,0.0,0.0,0.0,0.0,0,50
2025-26,21,202,593,Pape Matar Sarr,MID,Spurs,18,4,0,2026-01-07T19:30:00Z,0,0,0,0,0,0,0,0,0.0,0.0,0.0,0.0,0.0,0.0,0.0,0.0,0,45
2025-26,21,202,594,Yang Min-hyeok,MID,Spurs,18,4,0,2026-01-07T19:30:00Z,0,0,0,0,0,0,0,0,0.0,0.0,0.0,0.0,0.0,0.0,0.0,0.0,0,45
2025-26,21,202,595,Callum Olusesi,MID,Spurs,18,4,0,2026-01-07T19:30:00Z,0,0,0,0,0,0,0,0,0.0,0.0,0.0,0.0,0.0,0.0,0.0,0.0,0,43
2025-26,21,202,596,Dominic Solanke-Mitchell,FWD,Spurs,18,4,0,2026-01-07T19:30:00Z,0,0,0,0,0,0,0,0,0.0,0.0,0.0,0.0,0.0,0.0,0.0,0.0,0,72
2025-26,21,202,597,Richarlison de Andrade,FWD,Spurs,18,4,0,2026-01-07T19:30:00Z,23,1,0,0,0,1,0,-2,0.0,0.0,14.0,1.2,0.38,0.0,0.38,0.41,0,64
2025-26,21,202,598,Will Lankshear,FWD,Spurs,18,4,0,2026-01-07T19:30:00Z,0,0,0,0,0,0,0,0,0.0,0.0,0.0,0.0,0.0,0.0,0.0,0.0,0,45
2025-26,21,202,599,Dane Scarlett,FWD,Spurs,18,4,0,2026-01-07T19:30:00Z,0,0,0,0,0,0,0,0,0.0,0.0,0.0,0.0,0.0,0.0,0.0,0.0,0,43
2025-26,21,210,600,Alphonse Areola,GK,West Ham,19,16,1,2026-01-06T20:00:00Z,90,2,0,0,0,2,0,3,12.2,0.0,0.0,1.2,0.0,0.0,0.0,1.38,1,43
2025-26,21,210,601,Wes Foderingham,GK,West Ham,19,16,1,2026-01-06T20:00:00Z,0,0,0,0,0,0,0,0,0.0,0.0,0.0,0.0,0.0,0.0,0.0,0.0,0,40
2025-26,21,210,602,Krisztián Hegyi,GK,West Ham,19,16,1,2026-01-06T20:00:00Z,0,0,0,0,0,0,0,0,0.0,0.0,0.0,0.0,0.0,0.0,0.0,0.0,0,39
2025-26,21,210,603,El Hadji Malick Diouf,DEF,West Ham,19,16,1,2026-01-06T20:00:00Z,0,0,0,0,0,0,0,0,0.0,0.0,0.0,0.0,0.0,0.0,0.0,0.0,0,40
2025-26,21,210,604,Emerson Palmieri dos Santos,DEF,West Ham,19,16,1,2026-01-06T20:00:00Z,0,0,0,0,0,0,0,0,0.0,0.0,0.0,0.0,0.0,0.0,0.0,0.0,0,44
2025-26,21,210,605,Maximilian Kilman,DEF,West Ham,19,16,1,2026-01-06T20:00:00Z,0,0,0,0,0,0,0,0,0.0,0.0,0.0,0.0,0.0,0.0,0.0,0.0,0,42
2025-26,21,210,606,Konstantinos Mavropanos,DEF,West Ham,19,16,1,2026-01-06T20:00:00Z,90,2,0,0,0,2,0,5,23.0,0.8,0.0,2.4,0.0,0.01,0.01,1.38,1,44
2025-26,21,210,607,Nayef Aguerd,DEF,West Ham,19,16,1,2026-01-06T20:00:00Z,0,0,0,0,0,0,0,0,0.0,0.0,0.0,0.0,0.0,0.0,0.0,0.0,0,44
2025-26,21,210,608,Ollie Scarles,DEF,West Ham,19,16,1,2026-01-06T20:00:00Z,62,4,0,0,0,1,0,10,27.6,1.1,0.0,2.9,0.0,0.0,0.0,0.47,1,43
2025-26,21,210,609,Jean-Clair Todibo,DEF,West Ham,19,16,1,2026-01-06T20:00:00Z,90,2,0,0,0,2,0,5,22.6,0.3,0.0,2.3,0.0,0.01,0.01,1.38,1,43
2025-26,21,210,610,Aaron Wan-Bissaka,DEF,West Ham,19,16,1,2026-01-06T20:00:00Z,0,0,0,0,0,0,0,0,0.0,0.0,0.0,0.0,0.0,0.0,0.0,0.0,0,41
2025-26,21,210,611,Kaelan Casey,DEF,West Ham,19,16,1,2026-01-06T20:00:00Z,0,0,0,0,0,0,0,0,0.0,0.0,0.0,0.0,0.0,0.0,0.0,0.0,0,40
2025-26,21,210,612,Lucas Tolentino Coelho de Lima,MID,West Ham,19,16,1,2026-01-06T20:00:00Z,62,2,0,0,0,1,0,5,2.8,8.1,0.0,1.1,0.0,0.0,0.0,0.47,1,59
2025-26,21,210,613,Tomáš Souček,MID,West Ham,19,16,1,2026-01-06T20:00:00Z,90,6,0,1,0,2,1,21,16.4,23.7,16.0,5.6,0.22,0.06,0.28,1.38,1,57
2025-26,21,210,614,James Ward-Prowse,MID,West Ham,19,16,1,2026-01-06T20:00:00Z,0,0,0,0,0,0,0,0,0.0,0.0,0.0,0.0,0.0,0.0,0.0,0.0,0,56
2025-26,21,210,615,Crysencio Summerville,MID,West Ham,19,16,1,2026-01-06T20:00:00Z,90,4,0,0,0,2,0,14,16.4,30.1,7.0,5.4,0.03,0.05,0.08,1.38,1,55
2025-26,21,210,616,Edson Álvarez Velázquez,MID,West Ham,19,16,1,2026-01-06T20:00:00Z,0,0,0,0,0,0,0,0,0.0,0.0,0.0,0.0,0.0,0.0,0.0,0.0,0,49
2025-26,21,210,617,Maxwel Cornet,MID,West Ham,19,16,1,2026-01-06T20:00:00Z,0,0,0,0,0,0,0,0,0.0,0.0,0.0,0.0,0.0,0.0,0.0,0.0,0,49
2025-26,21,210,618,Guido Rodríguez,MID,West Ham,19,16,1,2026-01-06T20:00:00Z,0,0,0,0,0,0,0,0,0.0,0.0,0.0,0.0,0.0,0.0,0.0,0.0,0,48
2025-26,21,210,619,Luis Guilherme Lira dos Santos,MID,West Ham,19,16,1,2026-01-06T20:00:00Z,0,0,0,0,0,0,0,0,0.0,0.0,0.0,0.0,0.0,0.0,0.0,0.0,0,49
2025-26,21,210,620,George Earthy,MID,West Ham,19,16,1,2026-01-06T20:00:00Z,0,0,0,0,0,0,0,0,0.0,0.0,0.0,0.0,0.0,0.0,0.0,0.0,0,45
2025-26,21,210,621,Andy Irving,MID,West Ham,19,16,1,2026-01-06T20:00:00Z,0,0,0,0,0,0,0,0,0.0,0.0,0.0,0.0,0.0,0.0,0.0,0.0,0,43
2025-26,21,210,622,Lewis Orford,MID,West Ham,19,16,1,2026-01-06T20:00:00Z,0,0,0,0,0,0,0,0,0.0,0.0,0.0,0.0,0.0,0.0,0.0,0.0,0,44
2025-26,21,210,623,Freddie Potts,MID,West Ham,19,16,1,2026-01-06T20:00:00Z,10,1,0,0,0,1,0,3,2.4,1.1,0.0,0.4,0.0,0.01,0.01,0.79,0,44
2025-26,21,210,624,Jarrod Bowen,FWD,West Ham,19,16,1,2026-01-06T20:00:00Z,90,2,0,0,0,2,0,10,7.4,18.2,22.0,4.8,0.19,0.16,0.35,1.38,1,77
2025-26,21,210,625,Niclas Füllkrug,FWD,West Ham,19,16,1,2026-01-06T20:00:00Z,0,0,0,0,0,0,0,0,0.0,0.0,0.0,0.0,0.0,0.0,0.0,0.0,0,56
2025-26,21,210,626,Callum Marshall,FWD,West Ham,19,16,1,2026-01-06T20:00:00Z,0,0,0,0,0,0,0,0,0.0,0.0,0.0,0.0,0.0,0.0,0.0,0.0,0,43
2025-26,21,206,627,Sam Johnstone,GK,Wolves,20,9,0,2026-01-07T19:30:00Z,0,0,0,0,0,0,0,0,0.0,0.0,0.0,0.0,0.0,0.0,0.0,0.0,0,44
2025-26,21,206,628,José Malheiro de Sá,GK,Wolves,20,9,0,2026-01-07T19:30:00Z,90,1,0,0,0,1,0,4,10.2,0.0,0.0,1.0,0.0,0.0,0.0,0.89,1,42
2025-26,21,206,629,Daniel Bentley,GK,Wolves,20,9,0,2026-01-07T19:30:00Z,0,0,0,0,0,0,0,0,0.0,0.0,0.0,0.0,0.0,0.0,0.0,0.0,0,39
2025-26,21,206,630,Tom King,GK,Everton,9,20,1,2026-01-07T19:30:00Z,0,0,0,0,0,0,0,0,0.0,0.0,0.0,0.0,0.0,0.0,0.0,0.0,0,39
2025-26,21,206,631,Emmanuel Agbadou,DEF,Wolves,20,9,0,2026-01-07T19:30:00Z,0,0,0,0,0,0,0,0,0.0,0.0,0.0,0.0,0.0,0.0,0.0,0.0,0,42
2025-26,21,206,632,Matt Doherty,DEF,Wolves,20,9,0,2026-01-07T19:30:00Z,0,0,0,0,0,0,0,0,0.0,0.0,0.0,0.0,0.0,0.0,0.0,0.0,0,44
2025-26,21,206,633,Hugo Bueno López,DEF,Wolves,20,9,0,2026-01-07T19:30:00Z,90,2,0,0,0,1,0,19,23.4,52.3,11.0,8.7,0.05,0.27,0.32,0.89,1,43
2025-26,21,206,634,Yerson Mosquera Valdelamar,DEF,Wolves,20,9,0,2026-01-07T19:30:00Z,90,3,0,0,0,1,0,16,29.0,14.7,4.0,4.8,0.0,0.03,0.03,0.89,1,43
2025-26,21,206,635,Rodrigo Martins Gomes,DEF,Wolves,20,9,0,2026-01-07T19:30:00Z,0,0,0,0,0,0,0,0,0.0,0.0,0.0,0.0,0.0,0.0,0.0,0.0,0,44
2025-26,21,206,636,Santiago Ignacio Bueno,DEF,Wolves,20,9,0,2026-01-07T19:30:00Z,90,2,0,0,0,1,0,13,19.2,10.8,2.0,3.2,0.0,0.01,0.01,0.89,1,44
2025-26,21,206,637,Toti Gomes,DEF,Wolves,20,9,0,2026-01-07T19:30:00Z,0,0,0,0,0,0,0,0,0.0,0.0,0.0,0.0,0.0,0.0,0.0,0.0,0,42
2025-26,21,206,638,Ki-Jana Hoever,DEF,Wolves,20,9,0,2026-01-07T19:30:00Z,0,0,0,0,0,0,0,0,0.0,0.0,0.0,0.0,0.0,0.0,0.0,0.0,0,38
2025-26,21,206,639,Bastien Meupiyou Menadjou,DEF,Wolves,20,9,0,2026-01-07T19:30:00Z,0,0,0,0,0,0,0,0,0.0,0.0,0.0,0.0,0.0,0.0,0.0,0.0,0,40
2025-26,21,206,640,Pedro Cardoso de Lima,DEF,Wolves,20,9,0,2026-01-07T19:30:00Z,1,1,0,0,0,0,0,3,0.2,0.1,0.0,0.0,0.0,0.0,0.0,0.0,0,40
2025-26,21,206,641,Alfie Pond,DEF,Wolves,20,9,0,2026-01-07T19:30:00Z,0,0,0,0,0,0,0,0,0.0,0.0,0.0,0.0,0.0,0.0,0.0,0.0,0,39
2025-26,21,206,642,Hwang Hee-chan,MID,Wolves,20,9,0,2026-01-07T19:30:00Z,90,1,0,0,0,1,0,4,0.8,13.4,8.0,2.2,0.04,0.02,0.06,0.89,1,56
2025-26,21,206,643,André Trindade da Costa Neto,MID,Wolves,20,9,0,2026-01-07T19:30:00Z,45,1,0,0,0,0,0,5,5.8,13.4,0.0,1.9,0.0,0.05,0.05,0.16,0,53
2025-26,21,206,644,Jean-Ricner Bellegarde,MID,Wolves,20,9,0,2026-01-07T19:30:00Z,0,0,0,0,0,0,0,0,0.0,0.0,0.0,0.0,0.0,0.0,0.0,0.0,0,52
2025-26,21,206,645,Fer López González,MID,Wolves,20,9,0,2026-01-07T19:30:00Z,0,0,0,0,0,0,0,0,0.0,0.0,0.0,0.0,0.0,0.0,0.0,0.0,0,52
2025-26,21,206,646,João Victor Gomes da Silva,MID,Wolves,20,9,0,2026-01-07T19:30:00Z,90,4,0,0,0,1,0,23,26.0,7.5,34.0,6.8,0.09,0.04,0.13,0.89,1,53
2025-26,21,206,647,Gonçalo Manuel Ganchinho Guedes,MID,Wolves,20,9,0,2026-01-07T19:30:00Z,0,0,0,0,0,0,0,0,0.0,0.0,0.0,0.0,0.0,0.0,0.0,0.0,0,55
2025-26,21,206,648,Marshall Munetsi,MID,Wolves,20,9,0,2026-01-07T19:30:00Z,0,0,0,0,0,0,0,0,0.0,0.0,0.0,0.0,0.0,0.0,0.0,0.0,0,53
2025-26,21,206,649,Boubacar Traoré,MID,Wolves,20,9,0,2026-01-07T19:30:00Z,0,0,0,0,0,0,0,0,0.0,0.0,0.0,0.0,0.0,0.0,0.0,0.0,0,50
2025-26,21,206,650,Tawanda Chirewa,MID,Wolves,20,9,0,2026-01-07T19:30:00Z,0,0,0,0,0,0,0,0,0.0,0.0,0.0,0.0,0.0,0.0,0.0,0.0,0,43
2025-26,21,206,651,Tom Edozie,MID,Wolves,20,9,0,2026-01-07T19:30:00Z,0,0,0,0,0,0,0,0,0.0,0.0,0.0,0.0,0.0,0.0,0.0,0.0,0,43
2025-26,21,206,652,Enso González Medina,MID,Wolves,20,9,0,2026-01-07T19:30:00Z,0,0,0,0,0,0,0,0,0.0,0.0,0.0,0.0,0.0,0.0,0.0,0.0,0,43
2025-26,21,206,653,Joe Hodge,MID,Wolves,20,9,0,2026-01-07T19:30:00Z,0,0,0,0,0,0,0,0,0.0,0.0,0.0,0.0,0.0,0.0,0.0,0.0,0,45
2025-26,21,206,654,Jørgen Strand Larsen,FWD,Wolves,20,9,0,2026-01-07T19:30:00Z,23,4,0,1,0,0,0,13,18.4,10.3,0.0,2.9,0.0,0.01,0.01,0.09,0,61
2025-26,21,206,655,Fábio Soares Silva,FWD,Wolves,20,9,0,2026-01-07T19:30:00Z,0,0,0,0,0,0,0,0,0.0,0.0,0.0,0.0,0.0,0.0,0.0,0.0,0,49
2025-26,21,206,656,Saša Kalajdžić,FWD,Wolves,20,9,0,2026-01-07T19:30:00Z,0,0,0,0,0,0,0,0,0.0,0.0,0.0,0.0,0.0,0.0,0.0,0.0,0,49
2025-26,21,206,657,Leon Chiwome,FWD,Wolves,20,9,0,2026-01-07T19:30:00Z,0,0,0,0,0,0,0,0,0.0,0.0,0.0,0.0,0.0,0.0,0.0,0.0,0,44
2025-26,21,206,658,Nathan Fraser,FWD,Wolves,20,9,0,2026-01-07T19:30:00Z,0,0,0,0,0,0,0,0,0.0,0.0,0.0,0.0,0.0,0.0,0.0,0.0,0,43
2025-26,21,210,659,Kyle Walker-Peters,DEF,West Ham,19,16,1,2026-01-06T20:00:00Z,90,0,0,0,0,2,0,5,14.6,13.1,21.0,4.9,0.03,0.05,0.08,1.38,1,42
2025-26,21,209,660,Anton Stach,MID,Leeds,11,15,0,2026-01-07T20:15:00Z,79,2,0,0,0,2,0,18,17.4,53.3,13.0,8.4,0.1,0.31,0.41,1.17,1,49
2025-26,21,201,661,Hugo Ekitiké,FWD,Liverpool,12,1,0,2026-01-08T20:00:00Z,0,0,0,0,0,0,0,0,0.0,0.0,0.0,0.0,0.0,0.0,0.0,0.0,0,90
2025-26,21,201,662,Cristhian Mosquera,DEF,Arsenal,1,12,1,2026-01-08T20:00:00Z,0,0,0,0,0,0,0,0,0.0,0.0,0.0,0.0,0.0,0.0,0.0,0.0,0,53
2025-26,21,206,663,Jhon Arias,MID,Wolves,20,9,0,2026-01-07T19:30:00Z,45,1,0,0,0,1,0,1,0.4,12.9,6.0,1.9,0.0,0.01,0.01,0.73,1,49
2025-26,21,207,664,Benjamin Lecomte,GK,Fulham,10,7,1,2026-01-07T19:30:00Z,0,0,0,0,0,0,0,0,0.0,0.0,0.0,0.0,0.0,0.0,0.0,0.0,0,39
2025-26,21,209,665,Lucas Estella Perri,GK,Leeds,11,15,0,2026-01-07T20:15:00Z,90,1,0,0,0,4,0,3,24.4,0.0,0.0,2.4,0.0,0.0,0.0,2.44,1,45
2025-26,21,201,666,Viktor Gyökeres,FWD,Arsenal,1,12,1,2026-01-08T20:00:00Z,63,2,0,0,1,0,0,6,1.4,13.2,2.0,1.7,0.0,0.02,0.02,0.21,1,88
2025-26,21,206,667,Adam Aznou,DEF,Everton,9,20,1,2026-01-07T19:30:00Z,0,0,0,0,0,0,0,0,0.0,0.0,0.0,0.0,0.0,0.0,0.0,0.0,0,42
2025-26,21,203,668,Granit Xhaka,MID,Sunderland,17,5,0,2026-01-07T19:30:00Z,90,2,0,0,0,3,0,20,12.8,6.4,9.0,2.8,0.06,0.17,0.23,3.24,1,52
2025-26,21,210,669,Dan Ndoye,MID,Nott'm Forest,16,19,0,2026-01-06T20:00:00Z,0,0,0,0,0,0,0,0,0.0,0.0,0.0,0.0,0.0,0.0,0.0,0.0,0,55
2025-26,21,203,670,Robin Roefs,GK,Sunderland,17,5,0,2026-01-07T19:30:00Z,90,2,0,0,0,3,0,7,32.4,0.0,0.0,3.2,0.0,0.0,0.0,3.24,1,49
2025-26,21,210,671,Callum Wilson,FWD,West Ham,19,16,1,2026-01-06T20:00:00Z,0,0,0,0,0,0,0,0,0.0,0.0,0.0,0.0,0.0,0.0,0.0,0.0,0,58
2025-26,21,207,672,Jorrel Hato,DEF,Chelsea,7,10,0,2026-01-07T19:30:00Z,62,1,0,0,0,2,0,4,14.0,0.6,11.0,2.6,0.22,0.0,0.22,0.78,0,46
2025-26,21,202,673,João Maria Lobo Alves Palhares Costa Palhinha Gonçalves,MID,Spurs,18,4,0,2026-01-07T19:30:00Z,90,9,1,0,0,3,2,37,52.2,2.1,21.0,7.5,0.13,0.01,0.14,1.27,1,55
2025-26,21,209,674,Aaron Ramsdale,GK,Newcastle,15,11,1,2026-01-07T20:15:00Z,0,0,0,0,0,0,0,0,0.0,0.0,0.0,0.0,0.0,0.0,0.0,0.0,0,48
2025-26,21,210,675,Angus Gunn,GK,Nott'm Forest,16,19,0,2026-01-06T20:00:00Z,0,0,0,0,0,0,0,0,0.0,0.0,0.0,0.0,0.0,0.0,0.0,0.0,0,40
2025-26,21,204,676,Lesley Ugochukwu,MID,Burnley,3,14,1,2026-01-07T20:15:00Z,90,4,0,0,0,2,0,9,21.6,1.3,0.0,2.3,0.0,0.01,0.01,2.55,1,50
2025-26,21,205,677,Evann Guessand,MID,Aston Villa,2,8,0,2026-01-07T19:30:00Z,0,0,0,0,0,0,0,0,0.0,0.0,0.0,0.0,0.0,0.0,0.0,0.0,0,62
2025-26,21,203,678,Arthur Masuaku,DEF,Sunderland,17,5,0,2026-01-07T19:30:00Z,0,0,0,0,0,0,0,0,0.0,0.0,0.0,0.0,0.0,0.0,0.0,0.0,0,39
2025-26,21,210,679,Mads Hermansen,GK,West Ham,19,16,1,2026-01-06T20:00:00Z,0,0,0,0,0,0,0,0,0.0,0.0,0.0,0.0,0.0,0.0,0.0,0.0,0,42
2025-26,21,204,680,Armando Broja,FWD,Burnley,3,14,1,2026-01-07T20:15:00Z,75,2,0,0,0,2,0,9,4.4,0.8,5.0,1.0,0.02,0.01,0.03,2.0,1,52
2025-26,21,204,681,Benjamin Sesko,FWD,Man Utd,14,3,0,2026-01-07T20:15:00Z,90,13,2,0,0,2,3,64,82.0,5.3,134.0,22.1,1.14,0.01,1.15,0.24,1,72
2025-26,21,206,682,David Møller Wolfe,DEF,Wolves,20,9,0,2026-01-07T19:30:00Z,0,0,0,0,0,0,0,0,0.0,0.0,0.0,0.0,0.0,0.0,0.0,0.0,0,43
2025-26,21,203,683,Omar Alderete,DEF,Sunderland,17,5,0,2026-01-07T19:30:00Z,82,1,0,0,0,3,0,-6,9.6,1.0,6.0,1.7,0.15,0.1,0.25,2.8,1,41
2025-26,21,209,684,Malick Thiaw,DEF,Newcastle,15,11,1,2026-01-07T20:15:00Z,45,-1,0,0,0,2,0,-12,0.0,0.8,2.0,0.0,0.0,0.0,0.0,1.42,1,51
2025-26,21,202,685,Bafodé Diakité,DEF,Bournemouth,4,18,1,2026-01-07T19:30:00Z,3,1,0,0,0,0,0,3,0.0,0.0,0.0,0.0,0.0,0.0,0.0,0.04,0,43
2025-26,21,201,686,Rio Ngumoha,MID,Liverpool,12,1,0,2026-01-08T20:00:00Z,0,0,0,0,0,0,0,0,0.0,0.0,0.0,0.0,0.0,0.0,0.0,0.0,0,43
2025-26,21,202,687,Remy Rees-Dottin,MID,Bournemouth,4,18,1,2026-01-07T19:30:00Z,0,0,0,0,0,0,0,0,0.0,0.0,0.0,0.0,0.0,0.0,0.0,0.0,0,44
2025-26,21,205,688,James Wright,GK,Aston Villa,2,8,0,2026-01-07T19:30:00Z,0,0,0,0,0,0,0,0,0.0,0.0,0.0,0.0,0.0,0.0,0.0,0.0,0,39
2025-26,21,209,689,Seung-Soo Park,MID,Newcastle,15,11,1,2026-01-07T20:15:00Z,0,0,0,0,0,0,0,0,0.0,0.0,0.0,0.0,0.0,0.0,0.0,0.0,0,43
2025-26,21,205,690,Rio Cardines,MID,Crystal Palace,8,2,1,2026-01-07T19:30:00Z,0,0,0,0,0,0,0,0,0.0,0.0,0.0,0.0,0.0,0.0,0.0,0.0,0,44
2025-26,21,209,691,Dominic Calvert-Lewin,FWD,Leeds,11,15,0,2026-01-07T20:15:00Z,86,8,1,1,0,2,0,30,50.0,15.8,31.0,9.7,0.94,0.02,0.96,1.5,1,59
2025-26,21,201,692,Giovanni Leoni,DEF,Liverpool,12,1,0,2026-01-08T20:00:00Z,0,0,0,0,0,0,0,0,0.0,0.0,0.0,0.0,0.0,0.0,0.0,0.0,0,49
2025-26,21,210,693,Omari Hutchinson,MID,Nott'm Forest,16,19,0,2026-01-06T20:00:00Z,45,1,0,0,0,1,0,3,2.8,1.9,4.0,0.9,0.0,0.01,0.01,0.45,1,54
2025-26,21,203,694,Nordi Mukiele,DEF,Sunderland,17,5,0,2026-01-07T19:30:00Z,90,3,0,0,0,3,0,7,25.6,2.3,4.0,3.2,0.0,0.01,0.01,3.24,1,43
2025-26,21,206,695,Jackson Tchatchoua,DEF,Wolves,20,9,0,2026-01-07T19:30:00Z,90,2,0,0,0,1,0,8,0.8,3.3,2.0,0.6,0.0,0.01,0.01,0.89,1,44
2025-26,21,210,696,Arnaud Kalimuendo,FWD,Nott'm Forest,16,19,0,2026-01-06T20:00:00Z,0,0,0,0,0,0,0,0,0.0,0.0,0.0,0.0,0.0,0.0,0.0,0.0,0,60
2025-26,21,202,697,Amine Adli,MID,Bournemouth,4,18,1,2026-01-07T19:30:00Z,3,1,0,0,0,0,0,5,1.2,0.0,0.0,0.1,0.0,0.0,0.0,0.04,0,54
2025-26,21,209,698,Noah Okafor,MID,Leeds,11,15,0,2026-01-07T20:15:00Z,10,1,0,0,0,2,0,3,5.2,0.3,4.0,1.0,0.0,0.02,0.02,1.27,0,55
2025-26,21,210,699,Douglas Luiz Soares de Paulo,MID,Nott'm Forest,16,19,0,2026-01-06T20:00:00Z,0,0,0,0,0,0,0,0,0.0,0.0,0.0,0.0,0.0,0.0,0.0,0.0,0,49
2025-26,21,201,700,Max Dowman,MID,Arsenal,1,12,1,2026-01-08T20:00:00Z,0,0,0,0,0,0,0,0,0.0,0.0,0.0,0.0,0.0,0.0,0.0,0.0,0,43
2025-26,21,205,701,Triston Rowe,DEF,Aston Villa,2,8,0,2026-01-07T19:30:00Z,0,0,0,0,0,0,0,0,0.0,0.0,0.0,0.0,0.0,0.0,0.0,0.0,0,40
2025-26,21,205,702,Bradley Burrowes,MID,Aston Villa,2,8,0,2026-01-07T19:30:00Z,0,0,0,0,0,0,0,0,0.0,0.0,0.0,0.0,0.0,0.0,0.0,0.0,0,44
2025-26,21,205,703,Sam Proctor,GK,Aston Villa,2,8,0,2026-01-07T19:30:00Z,0,0,0,0,0,0,0,0,0.0,0.0,0.0,0.0,0.0,0.0,0.0,0.0,0,39
2025-26,21,206,704,Tyler Onyango,MID,Everton,9,20,1,2026-01-07T19:30:00Z,0,0,0,0,0,0,0,0,0.0,0.0,0.0,0.0,0.0,0.0,0.0,0.0,0,45
2025-26,21,206,705,Elijah Campbell,DEF,Everton,9,20,1,2026-01-07T19:30:00Z,0,0,0,0,0,0,0,0,0.0,0.0,0.0,0.0,0.0,0.0,0.0,0.0,0,39
2025-26,21,209,706,James Justin,DEF,Leeds,11,15,0,2026-01-07T20:15:00Z,90,0,0,0,0,4,0,-9,11.0,1.9,9.0,2.2,0.11,0.0,0.11,2.44,1,39
2025-26,21,206,707,Tyler Dibling,MID,Everton,9,20,1,2026-01-07T19:30:00Z,0,0,0,0,0,0,0,0,0.0,0.0,0.0,0.0,0.0,0.0,0.0,0.0,0,53
2025-26,21,210,708,Mateus Gonçalo Espanha Fernandes,MID,West Ham,19,16,1,2026-01-06T20:00:00Z,79,2,0,0,0,1,0,17,8.8,6.4,1.0,1.6,0.04,0.01,0.05,0.59,1,55
2025-26,21,206,709,Ladislav Krejcí,DEF,Wolves,20,9,0,2026-01-07T19:30:00Z,67,2,0,0,0,1,0,7,16.0,5.5,8.0,3.0,0.0,0.08,0.08,0.8,1,45
2025-26,21,205,710,Travis Patterson,DEF,Aston Villa,2,8,0,2026-01-07T19:30:00Z,0,0,0,0,0,0,0,0,0.0,0.0,0.0,0.0,0.0,0.0,0.0,0.0,0,39
2025-26,21,201,711,Andre Harriman-Annous,MID,Arsenal,1,12,1,2026-01-08T20:00:00Z,0,0,0,0,0,0,0,0,0.0,0.0,0.0,0.0,0.0,0.0,0.0,0.0,0,45
2025-26,21,205,712,Yéremy Pino Santos,MID,Crystal Palace,8,2,1,2026-01-07T19:30:00Z,90,3,0,0,1,0,0,9,12.2,13.5,41.0,6.7,0.42,0.11,0.53,1.74,1,58
2025-26,21,202,713,Álex Jiménez Sánchez,DEF,Bournemouth,4,18,1,2026-01-07T19:30:00Z,86,0,0,0,0,2,0,-3,6.4,2.3,0.0,0.9,0.0,0.01,0.01,1.21,1,45
2025-26,21,209,714,Nick Woltemade,FWD,Newcastle,15,11,1,2026-01-07T20:15:00Z,74,5,0,1,0,2,0,23,32.0,26.0,21.0,7.9,0.17,0.28,0.45,1.7,1,73
2025-26,21,210,715,John Victor Maciel Furtado,GK,Nott'm Forest,16,19,0,2026-01-06T20:00:00Z,0,0,0,0,0,0,0,0,0.0,0.0,0.0,0.0,0.0,0.0,0.0,0.0,0,40
2025-26,21,210,716,Nicolò Savona,DEF,Nott'm Forest,16,19,0,2026-01-06T20:00:00Z,0,0,0,0,0,0,0,0,0.0,0.0,0.0,0.0,0.0,0.0,0.0,0.0,0,45
2025-26,21,202,717,Xavi Simons,MID,Spurs,18,4,0,2026-01-07T19:30:00Z,90,5,0,1,0,3,0,16,18.8,21.0,5.0,4.5,0.08,0.2,0.28,1.27,1,65
2025-26,21,210,718,Soungoutou Magassa,MID,West Ham,19,16,1,2026-01-06T20:00:00Z,0,0,0,0,0,0,0,0,0.0,0.0,0.0,0.0,0.0,0.0,0.0,0.0,0,50
2025-26,21,205,719,Victor Lindelöf,DEF,Aston Villa,2,8,0,2026-01-07T19:30:00Z,90,6,0,0,1,0,0,29,18.8,10.6,4.0,3.3,0.03,0.0,0.03,1.5,1,45
2025-26,21,206,720,Tolu Arokodare,FWD,Wolves,20,9,0,2026-01-07T19:30:00Z,90,2,0,0,0,1,0,7,5.6,23.8,23.0,5.2,0.19,0.05,0.24,0.89,1,54
2025-26,21,202,721,Veljko Milosavljevic,DEF,Bournemouth,4,18,1,2026-01-07T19:30:00Z,1,1,0,0,0,0,0,3,0.0,0.0,0.0,0.0,0.0,0.0,0.0,0.04,0,44
2025-26,21,204,722,Florentino Ibrain Morris Luís,MID,Burnley,3,14,1,2026-01-07T20:15:00Z,90,2,0,0,0,2,0,7,3.0,2.6,0.0,0.6,0.0,0.01,0.01,2.55,1,50
2025-26,21,205,723,Jaydee Canvot,DEF,Crystal Palace,8,2,1,2026-01-07T19:30:00Z,90,10,0,0,1,0,2,32,29.2,1.7,0.0,3.1,0.0,0.01,0.01,1.74,1,45
2025-26,21,203,724,Lutsharel Geertruida,DEF,Sunderland,17,5,0,2026-01-07T19:30:00Z,78,1,0,0,0,3,0,-1,1.2,1.9,4.0,0.7,0.04,0.0,0.04,2.8,1,45
2025-26,21,201,725,Piero Hincapié,DEF,Arsenal,1,12,1,2026-01-08T20:00:00Z,56,1,0,0,0,0,0,5,3.2,1.8,2.0,0.7,0.0,0.01,0.01,0.14,1,53
2025-26,21,202,726,Randal Kolo Muani,FWD,Spurs,18,4,0,2026-01-07T19:30:00Z,66,1,0,0,0,2,0,0,4.2,11.9,6.0,2.2,0.0,0.03,0.03,0.86,1,69
2025-26,21,207,727,Samuel Chukwueze,MID,Fulham,10,7,1,2026-01-07T19:30:00Z,0,0,0,0,0,0,0,0,0.0,0.0,0.0,0.0,0.0,0.0,0.0,0.0,0,53
2025-26,21,206,728,Merlin Röhl,MID,Everton,9,20,1,2026-01-07T19:30:00Z,1,1,0,0,0,0,0,2,1.0,0.0,0.0,0.1,0.0,0.0,0.0,0.16,0,50
2025-26,21,210,729,Luis Eduardo Soares da Silva,DEF,Nott'm Forest,16,19,0,2026-01-06T20:00:00Z,0,0,0,0,0,0,0,0,0.0,0.0,0.0,0.0,0.0,0.0,0.0,0.0,0,45
2025-26,21,203,730,Brian Brobbey,FWD,Sunderland,17,5,0,2026-01-07T19:30:00Z,90,2,0,0,0,3,0,4,0.0,2.8,19.0,1.9,0.25,0.0,0.25,3.24,1,55
2025-26,21,207,731,Kevin Santos Lopes de Macedo,MID,Fulham,10,7,1,2026-01-07T19:30:00Z,45,1,0,0,0,1,0,7,13.2,7.1,20.0,4.0,0.11,0.11,0.22,1.46,0,58
2025-26,21,205,732,Christantus Uche,FWD,Crystal Palace,8,2,1,2026-01-07T19:30:00Z,0,0,0,0,0,0,0,0,0.0,0.0,0.0,0.0,0.0,0.0,0.0,0.0,0,55
2025-26,21,204,733,Senne Lammens,GK,Man Utd,14,3,0,2026-01-07T20:15:00Z,90,1,0,0,0,2,0,-1,3.4,0.0,0.0,0.3,0.0,0.0,0.0,0.24,1,50
2025-26,21,210,734,Dilane Bakwa,MID,Nott'm Forest,16,19,0,2026-01-06T20:00:00Z,46,1,0,0,0,0,0,4,3.4,16.1,2.0,2.2,0.0,0.16,0.16,0.5,0,59
2025-26,21,203,735,Bertrand Traoré,MID,Sunderland,17,5,0,2026-01-07T19:30:00Z,0,0,0,0,0,0,0,0,0.0,0.0,0.0,0.0,0.0,0.0,0.0,0.0,0,55
2025-26,21,208,736,Gianluigi Donnarumma,GK,Man City,13,6,1,2026-01-07T19:30:00Z,90,1,0,0,0,1,0,11,20.4,0.0,0.0,2.0,0.0,0.0,0.0,1.16,1,57
2025-26,21,207,737,Jonah Kusi-Asare,FWD,Fulham,10,7,1,2026-01-07T19:30:00Z,0,0,0,0,0,0,0,0,0.0,0.0,0.0,0.0,0.0,0.0,0.0,0.0,0,45
2025-26,21,210,738,Lukasz Fabianski,GK,West Ham,19,16,1,2026-01-06T20:00:00Z,0,0,0,0,0,0,0,0,0.0,0.0,0.0,0.0,0.0,0.0,0.0,0.0,0,45
2025-26,21,208,739,Divine Mukasa,MID,Man City,13,6,1,2026-01-07T19:30:00Z,0,0,0,0,0,0,0,0,0.0,0.0,0.0,0.0,0.0,0.0,0.0,0.0,0,44
2025-26,21,208,740,Stephen Mfuni,DEF,Man City,13,6,1,2026-01-07T19:30:00Z,0,0,0,0,0,0,0,0,0.0,0.0,0.0,0.0,0.0,0.0,0.0,0.0,0,39
2025-26,21,209,741,Harry Gray,FWD,Leeds,11,15,0,2026-01-07T20:15:00Z,0,0,0,0,0,0,0,0,0.0,0.0,0.0,0.0,0.0,0.0,0.0,0.0,0,45
2025-26,21,208,742,Ryan McAidoo,MID,Man City,13,6,1,2026-01-07T19:30:00Z,0,0,0,0,0,0,0,0,0.0,0.0,0.0,0.0,0.0,0.0,0.0,0.0,0,45
2025-26,21,207,743,Landon Emenalo,MID,Chelsea,7,10,0,2026-01-07T19:30:00Z,0,0,0,0,0,0,0,0,0.0,0.0,0.0,0.0,0.0,0.0,0.0,0.0,0,45
2025-26,21,208,744,Nehemiah Oriola,MID,Brighton,6,13,0,2026-01-07T19:30:00Z,0,0,0,0,0,0,0,0,0.0,0.0,0.0,0.0,0.0,0.0,0.0,0.0,0,45
2025-26,21,202,745,Jun'ai Byfield,DEF,Spurs,18,4,0,2026-01-07T19:30:00Z,0,0,0,0,0,0,0,0,0.0,0.0,0.0,0.0,0.0,0.0,0.0,0.0,0,40
2025-26,21,201,746,Kieran Morrison,MID,Liverpool,12,1,0,2026-01-08T20:00:00Z,0,0,0,0,0,0,0,0,0.0,0.0,0.0,0.0,0.0,0.0,0.0,0.0,0,45
2025-26,21,210,747,Ezra Mayers,DEF,West Ham,19,16,1,2026-01-06T20:00:00Z,27,1,0,0,0,1,0,1,6.8,11.5,0.0,1.8,0.0,0.01,0.01,0.91,0,40
2025-26,21,203,748,Josh Dasilva,MID,Brentford,5,17,1,2026-01-07T19:30:00Z,0,0,0,0,0,0,0,0,0.0,0.0,0.0,0.0,0.0,0.0,0.0,0.0,0,49
2025-26,21,206,749,Mateus Mané,FWD,Wolves,20,9,0,2026-01-07T19:30:00Z,90,9,1,0,0,1,3,32,34.8,14.4,21.0,7.0,0.35,0.04,0.39,0.89,1,45
2025-26,21,202,750,James Rowswell,DEF,Spurs,18,4,0,2026-01-07T19:30:00Z,0,0,0,0,0,0,0,0,0.0,0.0,0.0,0.0,0.0,0.0,0.0,0.0,0,40
2025-26,21,202,751,Yusuf Akhamrich,MID,Spurs,18,4,0,2026-01-07T19:30:00Z,0,0,0,0,0,0,0,0,0.0,0.0,0.0,0.0,0.0,0.0,0.0,0.0,0,45
2025-26,21,210,752,Airidas Golambeckis,DEF,West Ham,19,16,1,2026-01-06T20:00:00Z,0,0,0,0,0,0,0,0,0.0,0.0,0.0,0.0,0.0,0.0,0.0,0.0,0,40
2025-26,21,209,753,John Ruddy,GK,Newcastle,15,11,1,2026-01-07T20:15:00Z,0,0,0,0,0,0,0,0,0.0,0.0,0.0,0.0,0.0,0.0,0.0,0.0,0,40
2025-26,21,205,754,George Hemmings,MID,Aston Villa,2,8,0,2026-01-07T19:30:00Z,0,0,0,0,0,0,0,0,0.0,0.0,0.0,0.0,0.0,0.0,0.0,0.0,0,45
2025-26,21,204,755,Shea Lacey,MID,Man Utd,14,3,0,2026-01-07T20:15:00Z,6,1,0,0,0,0,0,3,0.0,1.5,2.0,0.2,0.05,0.0,0.05,0.02,0,45
2025-26,21,202,756,Malcom DaCosta,MID,Bournemouth,4,18,1,2026-01-07T19:30:00Z,0,0,0,0,0,0,0,0,0.0,0.0,0.0,0.0,0.0,0.0,0.0,0.0,0,45
2025-26,21,205,757,Ronnie Hollingshead,GK,Aston Villa,2,8,0,2026-01-07T19:30:00Z,0,0,0,0,0,0,0,0,0.0,0.0,0.0,0.0,0.0,0.0,0.0,0.0,0,40
2025-26,21,210,758,Mohamadou Kanté,MID,West Ham,19,16,1,2026-01-06T20:00:00Z,0,0,0,0,0,0,0,0,0.0,0.0,0.0,0.0,0.0,0.0,0.0,0.0,0,45
2025-26,21,201,759,Marli Salmon,DEF,Arsenal,1,12,1,2026-01-08T20:00:00Z,0,0,0,0,0,0,0,0,0.0,0.0,0.0,0.0,0.0,0.0,0.0,0.0,0,40
2025-26,21,201,760,Wellity Lucky,DEF,Liverpool,12,1,0,2026-01-08T20:00:00Z,0,0,0,0,0,0,0,0,0.0,0.0,0.0,0.0,0.0,0.0,0.0,0.0,0,40
2025-26,21,208,761,Freddie Simmonds,DEF,Brighton,6,13,0,2026-01-07T19:30:00Z,0,0,0,0,0,0,0,0,0.0,0.0,0.0,0.0,0.0,0.0,0.0,0.0,0,40
2025-26,21,205,762,Joél Drakes-Thomas,MID,Crystal Palace,8,2,1,2026-01-07T19:30:00Z,0,0,0,0,0,0,0,0,0.0,0.0,0.0,0.0,0.0,0.0,0.0,0.0,0,45
2025-26,21,208,763,Charlie Gray,MID,Man City,13,6,1,2026-01-07T19:30:00Z,0,0,0,0,0,0,0,0,0.0,0.0,0.0,0.0,0.0,0.0,0.0,0.0,0,45
2025-26,21,208,764,Reigan Heskey,MID,Man City,13,6,1,2026-01-07T19:30:00Z,0,0,0,0,0,0,0,0,0.0,0.0,0.0,0.0,0.0,0.0,0.0,0.0,0,45
2025-26,21,209,765,Leo Shahar,DEF,Newcastle,15,11,1,2026-01-07T20:15:00Z,0,0,0,0,0,0,0,0,0.0,0.0,0.0,0.0,0.0,0.0,0.0,0.0,0,40
2025-26,21,206,766,Saheed Olagunju,DEF,Wolves,20,9,0,2026-01-07T19:30:00Z,0,0,0,0,0,0,0,0,0.0,0.0,0.0,0.0,0.0,0.0,0.0,0.0,0,40
2025-26,21,206,767,Luke Rawlings,MID,Wolves,20,9,0,2026-01-07T19:30:00Z,0,0,0,0,0,0,0,0,0.0,0.0,0.0,0.0,0.0,0.0,0.0,0.0,0,45
2025-26,21,205,768,Leon Routh,DEF,Aston Villa,2,8,0,2026-01-07T19:30:00Z,0,0,0,0,0,0,0,0,0.0,0.0,0.0,0.0,0.0,0.0,0.0,0.0,0,40
2025-26,21,204,769,Bendito Mantato,MID,Man Utd,14,3,0,2026-01-07T20:15:00Z,0,0,0,0,0,0,0,0,0.0,0.0,0.0,0.0,0.0,0.0,0.0,0.0,0,45
2025-26,21,207,770,Seth Ridgeon,MID,Fulham,10,7,1,2026-01-07T19:30:00Z,0,0,0,0,0,0,0,0,0.0,0.0,0.0,0.0,0.0,0.0,0.0,0.0,0,45
2025-26,21,204,771,Tyler Fletcher,MID,Man Utd,14,3,0,2026-01-07T20:15:00Z,0,0,0,0,0,0,0,0,0.0,0.0,0.0,0.0,0.0,0.0,0.0,0.0,0,45
2025-26,21,209,772,Sam Alabi,MID,Newcastle,15,11,1,2026-01-07T20:15:00Z,0,0,0,0,0,0,0,0,0.0,0.0,0.0,0.0,0.0,0.0,0.0,0.0,0,45
2025-26,21,205,773,Dean Benamar,DEF,Crystal Palace,8,2,1,2026-01-07T19:30:00Z,0,0,0,0,0,0,0,0,0.0,0.0,0.0,0.0,0.0,0.0,0.0,0.0,0,40
2025-26,21,203,774,Jenson Jones,DEF,Sunderland,17,5,0,2026-01-07T19:30:00Z,0,0,0,0,0,0,0,0,0.0,0.0,0.0,0.0,0.0,0.0,0.0,0.0,0,40
2025-26,21,203,775,Tymur Tutierov,MID,Sunderland,17,5,0,2026-01-07T19:30:00Z,0,0,0,0,0,0,0,0,0.0,0.0,0.0,0.0,0.0,0.0,0.0,0.0,0,45
2025-26,21,204,776,Oliver Pimlott,MID,Burnley,3,14,1,2026-01-07T20:15:00Z,0,0,0,0,0,0,0,0,0.0,0.0,0.0,0.0,0.0,0.0,0.0,0.0,0,45
2025-26,21,206,777,Temple Ojinnaka,MID,Wolves,20,9,0,2026-01-07T19:30:00Z,0,0,0,0,0,0,0,0,0.0,0.0,0.0,0.0,0.0,0.0,0.0,0.0,0,45
2025-26,21,206,778,Ethan Sutherland,MID,Wolves,20,9,0,2026-01-07T19:30:00Z,0,0,0,0,0,0,0,0,0.0,0.0,0.0,0.0,0.0,0.0,0.0,0.0,0,45
2025-26,21,206,779,Braiden Graham,FWD,Everton,9,20,1,2026-01-07T19:30:00Z,0,0,0,0,0,0,0,0,0.0,0.0,0.0,0.0,0.0,0.0,0.0,0.0,0,45
2025-26,21,205,780,Ben Casey,FWD,Crystal Palace,8,2,1,2026-01-07T19:30:00Z,0,0,0,0,0,0,0,0,0.0,0.0,0.0,0.0,0.0,0.0,0.0,0.0,0,45
2025-26,21,205,781,TJ Carroll,DEF,Aston Villa,2,8,0,2026-01-07T19:30:00Z,0,0,0,0,0,0,0,0,0.0,0.0,0.0,0.0,0.0,0.0,0.0,0.0,0,40
2025-26,21,202,782,Fraser Forster,GK,Bournemouth,4,18,1,2026-01-07T19:30:00Z,0,0,0,0,0,0,0,0,0.0,0.0,0.0,0.0,0.0,0.0,0.0,0.0,0,40
2025-26,21,208,783,Pascal Groß,MID,Brighton,6,13,0,2026-01-07T19:30:00Z,90,1,0,0,0,1,0,11,9.8,2.0,19.0,3.1,0.09,0.0,0.09,2.55,1,55
2025-26,21,204,784,George Brierley,MID,Burnley,3,14,1,2026-01-07T20:15:00Z,0,0,0,0,0,0,0,0,0.0,0.0,0.0,0.0,0.0,0.0,0.0,0.0,0,45
2025-26,21,210,785,Pablo Felipe Pereira de Jesus,FWD,West Ham,19,16,1,2026-01-06T20:00:00Z,27,1,0,0,0,1,0,3,0.4,12.3,4.0,1.7,0.04,0.02,0.06,0.91,0,55
2025-26,21,207,786,Alfie McNally,GK,Fulham,10,7,1,2026-01-07T19:30:00Z,0,0,0,0,0,0,0,0,0.0,0.0,0.0,0.0,0.0,0.0,0.0,0.0,0,40
2025-26,21,209,787,Sam Chambers,MID,Leeds,11,15,0,2026-01-07T20:15:00Z,0,0,0,0,0,0,0,0,0.0,0.0,0.0,0.0,0.0,0.0,0.0,0.0,0,45
2025-26,21,204,788,Godwill Kukonki,DEF,Man Utd,14,3,0,2026-01-07T20:15:00Z,0,0,0,0,0,0,0,0,0.0,0.0,0.0,0.0,0.0,0.0,0.0,0.0,0,40
2025-26,21,207,789,Max Merrick,GK,Chelsea,7,10,0,2026-01-07T19:30:00Z,0,0,0,0,0,0,0,0,0.0,0.0,0.0,0.0,0.0,0.0,0.0,0.0,0,40
2025-26,21,202,790,Lucá Williams-Barnett,MID,Spurs,18,4,0,2026-01-07T19:30:00Z,0,0,0,0,0,0,0,0,0.0,0.0,0.0,0.0,0.0,0.0,0.0,0.0,0,45
2025-26,21,210,791,Valentín Castellanos,FWD,West Ham,19,16,1,2026-01-06T20:00:00Z,90,2,0,0,0,2,0,0,5.0,21.9,44.0,7.1,0.4,0.01,0.41,1.38,1,55
2025-26,21,205,792,Alysson Edward Franco da Rocha dos Santos,MID,Aston Villa,2,8,0,2026-01-07T19:30:00Z,0,0,0,0,0,0,0,0,0.0,0.0,0.0,0.0,0.0,0.0,0.0,0.0,0,50
2025-26,21,205,793,George King,DEF,Crystal Palace,8,2,1,2026-01-07T19:30:00Z,0,0,0,0,0,0,0,0,0.0,0.0,0.0,0.0,0.0,0.0,0.0,0.0,0,40
2025-26,21,208,794,Max Alleyne,DEF,Man City,13,6,1,2026-01-07T19:30:00Z,90,4,0,0,0,1,0,17,25.8,12.8,9.0,4.8,0.16,0.05,0.21,1.16,1,45
2025-26,21,208,795,Harry Howell,MID,Brighton,6,13,0,2026-01-07T19:30:00Z,0,0,0,0,0,0,0,0,0.0,0.0,0.0,0.0,0.0,0.0,0.0,0.0,0,45
