season,gw,fixture,element,name,position,team,team_id,opponent_team,was_home,kickoff_time,minutes,total_points,goals_scored,assists,clean_sheets,goals_conceded,bonus,bps,influence,creativity,threat,ict_index,expected_goals,expected_assists,expected_goal_involvements,expected_goals_conceded,starts,value
2025-26,23,221,1,David Raya Martín,GK,Arsenal,1,14,1,2026-01-25T16:30:00Z,90,1,0,0,0,3,0,-3,4.8,0.0,0.0,0.5,0.0,0.01,0.01,0.71,1,59
2025-26,23,221,2,Kepa Arrizabalaga Revuelta,GK,Arsenal,1,14,1,2026-01-25T16:30:00Z,0,0,0,0,0,0,0,0,0.0,0.0,0.0,0.0,0.0,0.0,0.0,0.0,0,41
2025-26,23,221,3,Karl Hein,GK,Arsenal,1,14,1,2026-01-25T16:30:00Z,0,0,0,0,0,0,0,0,0.0,0.0,0.0,0.0,0.0,0.0,0.0,0.0,0,40
2025-26,23,221,4,Tommy Setford,GK,Arsenal,1,14,1,2026-01-25T16:30:00Z,0,0,0,0,0,0,0,0,0.0,0.0,0.0,0.0,0.0,0.0,0.0,0.0,0,39
2025-26,23,221,5,Gabriel dos Santos Magalhães,DEF,Arsenal,1,14,1,2026-01-25T16:30:00Z,90,1,0,0,0,3,0,1,13.4,4.2,2.0,2.0,0.0,0.01,0.01,0.71,1,69
2025-26,23,221,6,William Saliba,DEF,Arsenal,1,14,1,2026-01-25T16:30:00Z,90,1,0,0,0,3,0,5,14.6,34.8,2.0,5.1,0.0,0.09,0.09,0.71,1,60
2025-26,23,221,7,Riccardo Calafiori,DEF,Arsenal,1,14,1,2026-01-25T16:30:00Z,0,0,0,0,0,0,0,0,0.0,0.0,0.0,0.0,0.0,0.0,0.0,0.0,0,56
2025-26,23,221,8,Jurriën Timber,DEF,Arsenal,1,14,1,2026-01-25T16:30:00Z,90,1,0,0,0,3,0,-2,5.4,2.3,2.0,1.0,0.0,0.01,0.01,0.71,1,63
2025-26,23,221,9,Jakub Kiwior,DEF,Arsenal,1,14,1,2026-01-25T16:30:00Z,0,0,0,0,0,0,0,0,0.0,0.0,0.0,0.0,0.0,0.0,0.0,0.0,0,54
2025-26,23,221,10,Myles Lewis-Skelly,DEF,Arsenal,1,14,1,2026-01-25T16:30:00Z,0,0,0,0,0,0,0,0,0.0,0.0,0.0,0.0,0.0,0.0,0.0,0.0,0,51
2025-26,23,221,11,Benjamin White,DEF,Arsenal,1,14,1,2026-01-25T16:30:00Z,32,1,0,0,0,1,0,2,10.6,1.0,2.0,1.4,0.0,0.02,0.02,0.27,0,51
2025-26,23,223,12,Oleksandr Zinchenko,DEF,Nott'm Forest,16,5,0,2026-01-25T14:00:00Z,0,0,0,0,0,0,0,0,0.0,0.0,0.0,0.0,0.0,0.0,0.0,0.0,0,49
2025-26,23,221,13,Brayden Clarke,DEF,Arsenal,1,14,1,2026-01-25T16:30:00Z,0,0,0,0,0,0,0,0,0.0,0.0,0.0,0.0,0.0,0.0,0.0,0.0,0,38
2025-26,23,221,14,Maldini Kacurri,DEF,Arsenal,1,14,1,2026-01-25T16:30:00Z,0,0,0,0,0,0,0,0,0.0,0.0,0.0,0.0,0.0,0.0,0.0,0.0,0,39
2025-26,23,221,15,Josh Nichols,DEF,Arsenal,1,14,1,2026-01-25T16:30:00Z,0,0,0,0,0,0,0,0,0.0,0.0,0.0,0.0,0.0,0.0,0.0,0.0,0,38
2025-26,23,221,16,Bukayo Saka,MID,Arsenal,1,14,1,2026-01-25T16:30:00Z,90,2,0,0,0,3,0,19,18.6,45.5,33.0,9.7,0.07,0.43,0.5,0.71,1,101
2025-26,23,221,17,Martin Ødegaard,MID,Arsenal,1,14,1,2026-01-25T16:30:00Z,57,4,0,1,0,2,0,9,0.0,5.6,4.0,0.8,0.1,0.02,0.12,0.44,1,78
2025-26,23,221,18,Noni Madueke,MID,Arsenal,1,14,1,2026-01-25T16:30:00Z,15,1,0,0,0,1,0,2,1.2,1.0,2.0,0.4,0.0,0.0,0.0,0.27,0,68
2025-26,23,221,19,Gabriel Martinelli Silva,MID,Arsenal,1,14,1,2026-01-25T16:30:00Z,0,0,0,0,0,0,0,0,0.0,0.0,0.0,0.0,0.0,0.0,0.0,0.0,0,68
2025-26,23,221,20,Leandro Trossard,MID,Arsenal,1,14,1,2026-01-25T16:30:00Z,74,2,0,0,0,2,0,9,0.2,12.5,4.0,1.7,0.07,0.01,0.08,0.44,1,69
2025-26,23,221,21,Declan Rice,MID,Arsenal,1,14,1,2026-01-25T16:30:00Z,90,1,0,0,0,3,0,18,18.4,54.5,10.0,8.3,0.11,0.47,0.58,0.71,1,74
2025-26,23,221,22,Mikel Merino Zazón,MID,Arsenal,1,14,1,2026-01-25T16:30:00Z,32,7,1,0,0,1,1,26,38.8,1.3,44.0,8.4,0.49,0.02,0.51,0.27,0,55
2025-26,23,221,23,Fábio Ferreira Vieira,MID,Arsenal,1,14,1,2026-01-25T16:30:00Z,0,0,0,0,0,0,0,0,0.0,0.0,0.0,0.0,0.0,0.0,0.0,0.0,0,54
2025-26,23,221,24,Christian Nørgaard,MID,Arsenal,1,14,1,2026-01-25T16:30:00Z,0,0,0,0,0,0,0,0,0.0,0.0,0.0,0.0,0.0,0.0,0.0,0.0,0,51
2025-26,23,221,25,Ethan Nwaneri,MID,Arsenal,1,14,1,2026-01-25T16:30:00Z,0,0,0,0,0,0,0,0,0.0,0.0,0.0,0.0,0.0,0.0,0.0,0.0,0,50
2025-26,23,221,26,Martín Zubimendi Ibáñez,MID,Arsenal,1,14,1,2026-01-25T16:30:00Z,57,1,0,0,0,2,0,8,10.0,1.8,40.0,5.2,0.31,0.01,0.32,0.44,1,52
2025-26,23,223,27,Reiss Nelson,MID,Brentford,5,16,1,2026-01-25T14:00:00Z,0,0,0,0,0,0,0,0,0.0,0.0,0.0,0.0,0.0,0.0,0.0,0.0,0,48
2025-26,23,221,28,Ismeal Kabia,MID,Arsenal,1,14,1,2026-01-25T16:30:00Z,0,0,0,0,0,0,0,0,0.0,0.0,0.0,0.0,0.0,0.0,0.0,0.0,0,45
2025-26,23,221,29,Albert Sambi Lokonga,MID,Arsenal,1,14,1,2026-01-25T16:30:00Z,0,0,0,0,0,0,0,0,0.0,0.0,0.0,0.0,0.0,0.0,0.0,0.0,0,45
2025-26,23,221,30,Kai Havertz,FWD,Arsenal,1,14,1,2026-01-25T16:30:00Z,0,0,0,0,0,0,0,0,0.0,0.0,0.0,0.0,0.0,0.0,0.0,0.0,0,73
2025-26,23,221,31,Gabriel Fernando de Jesus,FWD,Arsenal,1,14,1,2026-01-25T16:30:00Z,57,1,0,0,0,2,0,1,2.8,14.6,10.0,2.7,0.02,0.03,0.05,0.44,1,64
2025-26,23,229,32,Emiliano Martínez Romero,GK,Aston Villa,2,15,0,2026-01-25T14:00:00Z,90,10,0,0,1,0,3,38,35.6,0.0,0.0,3.6,0.0,0.01,0.01,2.18,1,50
2025-26,23,229,33,Marco Bizot,GK,Aston Villa,2,15,0,2026-01-25T14:00:00Z,0,0,0,0,0,0,0,0,0.0,0.0,0.0,0.0,0.0,0.0,0.0,0.0,0,42
2025-26,23,229,34,Joe Gauci,GK,Aston Villa,2,15,0,2026-01-25T14:00:00Z,0,0,0,0,0,0,0,0,0.0,0.0,0.0,0.0,0.0,0.0,0.0,0.0,0,40
2025-26,23,229,35,Filip Marschall,GK,Aston Villa,2,15,0,2026-01-25T14:00:00Z,0,0,0,0,0,0,0,0,0.0,0.0,0.0,0.0,0.0,0.0,0.0,0.0,0,40
2025-26,23,229,36,Matty Cash,DEF,Aston Villa,2,15,0,2026-01-25T14:00:00Z,90,6,0,0,1,0,0,18,7.8,2.0,5.0,1.5,0.05,0.01,0.06,2.18,1,48
2025-26,23,229,37,Lucas Digne,DEF,Aston Villa,2,15,0,2026-01-25T14:00:00Z,15,3,0,1,0,0,0,13,17.4,18.7,2.0,3.8,0.0,0.44,0.44,0.13,0,45
2025-26,23,229,38,Ezri Konsa Ngoyo,DEF,Aston Villa,2,15,0,2026-01-25T14:00:00Z,90,6,0,0,1,0,0,26,12.4,1.1,0.0,1.4,0.0,0.01,0.01,2.18,1,44
2025-26,23,229,39,Ian Maatsen,DEF,Aston Villa,2,15,0,2026-01-25T14:00:00Z,90,5,0,0,1,0,0,23,10.4,3.1,4.0,1.8,0.0,0.14,0.14,2.18,1,42
2025-26,23,229,40,Tyrone Mings,DEF,Aston Villa,2,15,0,2026-01-25T14:00:00Z,15,1,0,0,0,0,0,4,7.0,0.0,0.0,0.7,0.0,0.0,0.0,0.13,0,43
2025-26,23,229,41,Pau Torres,DEF,Aston Villa,2,15,0,2026-01-25T14:00:00Z,74,6,0,0,1,0,0,18,4.0,0.8,14.0,1.9,0.21,0.01,0.22,2.04,1,43
2025-26,23,229,42,Andrés García,DEF,Aston Villa,2,15,0,2026-01-25T14:00:00Z,0,0,0,0,0,0,0,0,0.0,0.0,0.0,0.0,0.0,0.0,0.0,0.0,0,39
2025-26,23,229,43,Álex Moreno Lopera,DEF,Aston Villa,2,15,0,2026-01-25T14:00:00Z,0,0,0,0,0,0,0,0,0.0,0.0,0.0,0.0,0.0,0.0,0.0,0.0,0,40
2025-26,23,229,44,Lamare Bogarde,DEF,Aston Villa,2,15,0,2026-01-25T14:00:00Z,16,1,0,0,0,0,0,3,2.8,0.5,0.0,0.3,0.0,0.0,0.0,0.13,0,40
2025-26,23,229,45,Lino da Cruz Sousa,DEF,Aston Villa,2,15,0,2026-01-25T14:00:00Z,0,0,0,0,0,0,0,0,0.0,0.0,0.0,0.0,0.0,0.0,0.0,0.0,0,38
2025-26,23,229,46,Yasin Özcan,DEF,Aston Villa,2,15,0,2026-01-25T14:00:00Z,0,0,0,0,0,0,0,0,0.0,0.0,0.0,0.0,0.0,0.0,0.0,0.0,0,40
2025-26,23,229,47,Morgan Rogers,MID,Aston Villa,2,15,0,2026-01-25T14:00:00Z,90,8,0,1,1,0,0,19,38.4,27.3,22.0,8.8,0.09,0.08,0.17,2.18,1,77
2025-26,23,229,48,Youri Tielemans,MID,Aston Villa,2,15,0,2026-01-25T14:00:00Z,73,3,0,0,1,0,0,19,33.2,41.3,0.0,7.5,0.0,0.29,0.29,2.04,1,59
2025-26,23,229,49,Leon Bailey,MID,Aston Villa,2,15,0,2026-01-25T14:00:00Z,31,1,0,0,0,0,0,4,5.0,1.9,7.0,1.4,0.02,0.03,0.05,0.25,0,55
2025-26,23,229,50,Emiliano Buendía Stati,MID,Aston Villa,2,15,0,2026-01-25T14:00:00Z,74,11,1,0,1,0,1,34,50.2,1.5,36.0,8.8,0.17,0.01,0.18,2.04,1,53
2025-26,23,229,51,Samuel Iling-Junior,MID,Aston Villa,2,15,0,2026-01-25T14:00:00Z,0,0,0,0,0,0,0,0,0.0,0.0,0.0,0.0,0.0,0.0,0.0,0.0,0,55
2025-26,23,229,52,Jacob Ramsey,MID,Newcastle,15,2,1,2026-01-25T14:00:00Z,42,1,0,0,0,1,0,8,8.2,3.3,4.0,1.6,0.06,0.02,0.08,0.66,0,53
2025-26,23,229,53,Donyell Malen,MID,Aston Villa,2,15,0,2026-01-25T14:00:00Z,0,0,0,0,0,0,0,0,0.0,0.0,0.0,0.0,0.0,0.0,0.0,0.0,0,51
2025-26,23,229,54,John McGinn,MID,Aston Villa,2,15,0,2026-01-25T14:00:00Z,0,0,0,0,0,0,0,0,0.0,0.0,0.0,0.0,0.0,0.0,0.0,0.0,0,54
2025-26,23,229,55,Ross Barkley,MID,Aston Villa,2,15,0,2026-01-25T14:00:00Z,0,0,0,0,0,0,0,0,0.0,0.0,0.0,0.0,0.0,0.0,0.0,0.0,0,48
2025-26,23,229,56,Enzo Barrenechea,MID,Aston Villa,2,15,0,2026-01-25T14:00:00Z,0,0,0,0,0,0,0,0,0.0,0.0,0.0,0.0,0.0,0.0,0.0,0.0,0,50
2025-26,23,229,57,Lewis Dobbin,MID,Aston Villa,2,15,0,2026-01-25T14:00:00Z,0,0,0,0,0,0,0,0,0.0,0.0,0.0,0.0,0.0,0.0,0.0,0.0,0,50
2025-26,23,229,58,Boubacar Kamara,MID,Aston Villa,2,15,0,2026-01-25T14:00:00Z,0,0,0,0,0,0,0,0,0.0,0.0,0.0,0.0,0.0,0.0,0.0,0.0,0,49
2025-26,23,229,59,Amadou Onana,MID,Aston Villa,2,15,0,2026-01-25T14:00:00Z,88,5,0,0,1,0,0,18,16.6,13.3,2.0,3.2,0.0,0.01,0.01,2.04,1,48
2025-26,23,229,60,Ben Broggio,MID,Aston Villa,2,15,0,2026-01-25T14:00:00Z,0,0,0,0,0,0,0,0,0.0,0.0,0.0,0.0,0.0,0.0,0.0,0.0,0,44
2025-26,23,229,61,Leander Dendoncker,MID,Aston Villa,2,15,0,2026-01-25T14:00:00Z,0,0,0,0,0,0,0,0,0.0,0.0,0.0,0.0,0.0,0.0,0.0,0.0,0,45
2025-26,23,229,62,Jamaldeen Jimoh-Aloba,MID,Aston Villa,2,15,0,2026-01-25T14:00:00Z,0,0,0,0,0,0,0,0,0.0,0.0,0.0,0.0,0.0,0.0,0.0,0.0,0,45
2025-26,23,229,63,Kadan Young,MID,Aston Villa,2,15,0,2026-01-25T14:00:00Z,0,0,0,0,0,0,0,0,0.0,0.0,0.0,0.0,0.0,0.0,0.0,0.0,0,43
2025-26,23,229,64,Ollie Watkins,FWD,Aston Villa,2,15,0,2026-01-25T14:00:00Z,90,8,1,0,1,0,2,36,51.8,24.8,70.0,14.7,0.62,0.06,0.68,2.18,1,88
2025-26,23,229,65,Zépiqueno Redmond,FWD,Aston Villa,2,15,0,2026-01-25T14:00:00Z,0,0,0,0,0,0,0,0,0.0,0.0,0.0,0.0,0.0,0.0,0.0,0.0,0,45
2025-26,23,222,66,Norberto Murara Neto,GK,Bournemouth,4,12,1,2026-01-24T17:30:00Z,0,0,0,0,0,0,0,0,0.0,0.0,0.0,0.0,0.0,0.0,0.0,0.0,0,45
2025-26,23,222,67,Đorđe Petrović,GK,Bournemouth,4,12,1,2026-01-24T17:30:00Z,90,1,0,0,0,2,0,8,17.8,0.0,0.0,1.8,0.0,0.0,0.0,0.93,1,45
2025-26,23,222,68,Will Dennis,GK,Bournemouth,4,12,1,2026-01-24T17:30:00Z,0,0,0,0,0,0,0,0,0.0,0.0,0.0,0.0,0.0,0.0,0.0,0.0,0,40
2025-26,23,222,69,Callan McKenna,GK,Bournemouth,4,12,1,2026-01-24T17:30:00Z,0,0,0,0,0,0,0,0,0.0,0.0,0.0,0.0,0.0,0.0,0.0,0.0,0,39
2025-26,23,222,70,Alex Paulsen,GK,Bournemouth,4,12,1,2026-01-24T17:30:00Z,0,0,0,0,0,0,0,0,0.0,0.0,0.0,0.0,0.0,0.0,0.0,0.0,0,40
2025-26,23,222,71,Illia Zabarnyi,DEF,Bournemouth,4,12,1,2026-01-24T17:30:00Z,0,0,0,0,0,0,0,0,0.0,0.0,0.0,0.0,0.0,0.0,0.0,0.0,0,50
2025-26,23,222,72,Marcos Senesi Barón,DEF,Bournemouth,4,12,1,2026-01-24T17:30:00Z,90,3,0,0,0,2,0,7,27.2,0.6,12.0,4.0,0.32,0.14,0.46,0.93,1,48
2025-26,23,222,73,Adam Smith,DEF,Bournemouth,4,12,1,2026-01-24T17:30:00Z,90,1,0,0,0,2,0,2,11.2,0.9,0.0,1.2,0.0,0.0,0.0,0.93,1,44
2025-26,23,222,74,Adrien Truffert,DEF,Bournemouth,4,12,1,2026-01-24T17:30:00Z,90,3,0,0,0,2,0,7,19.8,1.7,2.0,2.4,0.0,0.01,0.01,0.93,1,45
2025-26,23,222,75,Matai Akinmboni,DEF,Bournemouth,4,12,1,2026-01-24T17:30:00Z,0,0,0,0,0,0,0,0,0.0,0.0,0.0,0.0,0.0,0.0,0.0,0.0,0,38
2025-26,23,222,76,Owen Bevan,DEF,Bournemouth,4,12,1,2026-01-24T17:30:00Z,0,0,0,0,0,0,0,0,0.0,0.0,0.0,0.0,0.0,0.0,0.0,0.0,0,38
2025-26,23,222,77,James Hill,DEF,Bournemouth,4,12,1,2026-01-24T17:30:00Z,90,6,0,1,0,2,0,17,35.8,13.7,4.0,5.4,0.06,0.2,0.26,0.93,1,39
2025-26,23,222,78,Julián Araujo Zúñiga,DEF,Bournemouth,4,12,1,2026-01-24T17:30:00Z,0,0,0,0,0,0,0,0,0.0,0.0,0.0,0.0,0.0,0.0,0.0,0.0,0,38
2025-26,23,222,79,Chris Mepham,DEF,Bournemouth,4,12,1,2026-01-24T17:30:00Z,0,0,0,0,0,0,0,0,0.0,0.0,0.0,0.0,0.0,0.0,0.0,0.0,0,40
2025-26,23,222,80,Julio Soler Barreto,DEF,Bournemouth,4,12,1,2026-01-24T17:30:00Z,0,0,0,0,0,0,0,0,0.0,0.0,0.0,0.0,0.0,0.0,0.0,0.0,0,40
2025-26,23,222,81,Justin Kluivert,MID,Bournemouth,4,12,1,2026-01-24T17:30:00Z,0,0,0,0,0,0,0,0,0.0,0.0,0.0,0.0,0.0,0.0,0.0,0.0,0,70
2025-26,23,228,82,Antoine Semenyo,MID,Man City,13,20,1,2026-01-24T15:00:00Z,90,8,1,0,1,0,0,24,36.8,3.3,38.0,7.8,0.3,0.02,0.32,0.61,1,77
2025-26,23,223,83,Dango Ouattara,MID,Brentford,5,16,1,2026-01-25T14:00:00Z,53,1,0,0,0,1,0,1,16.0,38.3,45.0,9.9,0.94,0.41,1.35,0.48,0,58
2025-26,23,222,84,Marcus Tavernier,MID,Bournemouth,4,12,1,2026-01-24T17:30:00Z,0,0,0,0,0,0,0,0,0.0,0.0,0.0,0.0,0.0,0.0,0.0,0.0,0,55
2025-26,23,222,85,Tyler Adams,MID,Bournemouth,4,12,1,2026-01-24T17:30:00Z,0,0,0,0,0,0,0,0,0.0,0.0,0.0,0.0,0.0,0.0,0.0,0.0,0,49
2025-26,23,222,86,David Brooks,MID,Bournemouth,4,12,1,2026-01-24T17:30:00Z,0,0,0,0,0,0,0,0,0.0,0.0,0.0,0.0,0.0,0.0,0.0,0.0,0,50
2025-26,23,222,87,Ryan Christie,MID,Bournemouth,4,12,1,2026-01-24T17:30:00Z,23,1,0,0,0,1,0,10,12.2,31.8,13.0,5.7,0.03,0.11,0.14,0.19,0,49
2025-26,23,222,88,Lewis Cook,MID,Bournemouth,4,12,1,2026-01-24T17:30:00Z,90,4,0,0,0,2,0,18,22.4,13.1,2.0,3.8,0.0,0.02,0.02,0.93,1,49
2025-26,23,222,89,Philip Billing,MID,Bournemouth,4,12,1,2026-01-24T17:30:00Z,0,0,0,0,0,0,0,0,0.0,0.0,0.0,0.0,0.0,0.0,0.0,0.0,0,49
2025-26,23,222,90,Alex Scott,MID,Bournemouth,4,12,1,2026-01-24T17:30:00Z,90,5,0,1,0,2,0,22,22.2,11.8,7.0,4.1,0.15,0.35,0.5,0.93,1,50
2025-26,23,222,91,Luis Sinisterra Lucumí,MID,Bournemouth,4,12,1,2026-01-24T17:30:00Z,0,0,0,0,0,0,0,0,0.0,0.0,0.0,0.0,0.0,0.0,0.0,0.0,0,50
2025-26,23,222,92,Romain Faivre,MID,Bournemouth,4,12,1,2026-01-24T17:30:00Z,0,0,0,0,0,0,0,0,0.0,0.0,0.0,0.0,0.0,0.0,0.0,0.0,0,45
2025-26,23,222,93,Hamed Traorè,MID,Bournemouth,4,12,1,2026-01-24T17:30:00Z,0,0,0,0,0,0,0,0,0.0,0.0,0.0,0.0,0.0,0.0,0.0,0.0,0,45
2025-26,23,222,94,Dominic Sadi,MID,Bournemouth,4,12,1,2026-01-24T17:30:00Z,0,0,0,0,0,0,0,0,0.0,0.0,0.0,0.0,0.0,0.0,0.0,0.0,0,45
2025-26,23,222,95,Zain Silcott-Duberry,MID,Bournemouth,4,12,1,2026-01-24T17:30:00Z,0,0,0,0,0,0,0,0,0.0,0.0,0.0,0.0,0.0,0.0,0.0,0.0,0,44
2025-26,23,222,96,Ben Winterburn,MID,Bournemouth,4,12,1,2026-01-24T17:30:00Z,0,0,0,0,0,0,0,0,0.0,0.0,0.0,0.0,0.0,0.0,0.0,0.0,0,45
2025-26,23,222,97,Francisco Evanilson de Lima Barbosa,FWD,Bournemouth,4,12,1,2026-01-24T17:30:00Z,90,8,1,0,0,2,2,31,37.8,23.2,52.0,11.3,0.97,0.03,1.0,0.93,1,70
2025-26,23,222,98,Enes Ünal,FWD,Bournemouth,4,12,1,2026-01-24T17:30:00Z,1,1,0,0,0,0,0,3,0.0,0.0,2.0,0.2,0.0,0.0,0.0,0.0,0,54
2025-26,23,222,99,Daniel Adu-Adjei,FWD,Bournemouth,4,12,1,2026-01-24T17:30:00Z,0,0,0,0,0,0,0,0,0.0,0.0,0.0,0.0,0.0,0.0,0.0,0.0,0,44
2025-26,23,222,100,Junior Kroupi,FWD,Bournemouth,4,12,1,2026-01-24T17:30:00Z,66,1,0,0,0,1,0,3,2.2,1.5,0.0,0.4,0.0,0.01,0.01,0.74,1,46
2025-26,23,223,101,Caoimhín Kelleher,GK,Brentford,5,16,1,2026-01-25T14:00:00Z,90,1,0,0,0,2,0,-1,3.8,0.0,0.0,0.4,0.0,0.0,0.0,0.78,1,46
2025-26,23,223,102,Ellery Balcombe,GK,Brentford,5,16,1,2026-01-25T14:00:00Z,0,0,0,0,0,0,0,0,0.0,0.0,0.0,0.0,0.0,0.0,0.0,0.0,0,39
2025-26,23,223,103,Matthew Cox,GK,Brentford,5,16,1,2026-01-25T14:00:00Z,0,0,0,0,0,0,0,0,0.0,0.0,0.0,0.0,0.0,0.0,0.0,0.0,0,39
2025-26,23,223,104,Julian Eyestone,GK,Brentford,5,16,1,2026-01-25T14:00:00Z,0,0,0,0,0,0,0,0,0.0,0.0,0.0,0.0,0.0,0.0,0.0,0.0,0,39
2025-26,23,223,105,Hákon Rafn Valdimarsson,GK,Brentford,5,16,1,2026-01-25T14:00:00Z,0,0,0,0,0,0,0,0,0.0,0.0,0.0,0.0,0.0,0.0,0.0,0.0,0,39
2025-26,23,223,106,Nathan Collins,DEF,Brentford,5,16,1,2026-01-25T14:00:00Z,90,1,0,0,0,2,0,6,19.2,2.5,8.0,3.0,0.0,0.01,0.01,0.78,1,50
2025-26,23,223,107,Keane Lewis-Potter,DEF,Brentford,5,16,1,2026-01-25T14:00:00Z,9,1,0,0,0,0,0,2,1.0,0.5,0.0,0.2,0.0,0.0,0.0,0.0,0,49
2025-26,23,223,108,Kristoffer Ajer,DEF,Brentford,5,16,1,2026-01-25T14:00:00Z,36,1,0,0,0,1,0,-1,4.4,0.3,4.0,0.9,0.0,0.0,0.0,0.3,1,44
2025-26,23,223,109,Rico Henry,DEF,Brentford,5,16,1,2026-01-25T14:00:00Z,66,2,0,0,0,1,0,13,16.6,3.9,0.0,2.1,0.0,0.16,0.16,0.39,1,43
2025-26,23,223,110,Michael Kayode,DEF,Brentford,5,16,1,2026-01-25T14:00:00Z,80,1,0,0,0,2,0,7,11.0,13.8,0.0,2.5,0.0,0.05,0.05,0.78,1,45
2025-26,23,223,111,Ethan Pinnock,DEF,Brentford,5,16,1,2026-01-25T14:00:00Z,0,0,0,0,0,0,0,0,0.0,0.0,0.0,0.0,0.0,0.0,0.0,0.0,0,42
2025-26,23,223,112,Mads Roerslev Rasmussen,DEF,Brentford,5,16,1,2026-01-25T14:00:00Z,0,0,0,0,0,0,0,0,0.0,0.0,0.0,0.0,0.0,0.0,0.0,0.0,0,45
2025-26,23,223,113,Sepp van den Berg,DEF,Brentford,5,16,1,2026-01-25T14:00:00Z,53,1,0,0,0,1,0,11,22.4,1.7,7.0,3.1,0.06,0.01,0.07,0.48,0,45
2025-26,23,223,114,Benjamin Arthur,DEF,Brentford,5,16,1,2026-01-25T14:00:00Z,0,0,0,0,0,0,0,0,0.0,0.0,0.0,0.0,0.0,0.0,0.0,0.0,0,39
2025-26,23,223,115,Benjamin Fredrick,DEF,Brentford,5,16,1,2026-01-25T14:00:00Z,0,0,0,0,0,0,0,0,0.0,0.0,0.0,0.0,0.0,0.0,0.0,0.0,0,40
2025-26,23,223,116,Aaron Hickey,DEF,Brentford,5,16,1,2026-01-25T14:00:00Z,23,1,0,0,0,1,0,0,1.2,0.6,0.0,0.2,0.0,0.0,0.0,0.39,0,40
2025-26,23,223,117,Kim Ji-soo,DEF,Brentford,5,16,1,2026-01-25T14:00:00Z,0,0,0,0,0,0,0,0,0.0,0.0,0.0,0.0,0.0,0.0,0.0,0.0,0,39
2025-26,23,223,118,Jayden Meghoma,DEF,Brentford,5,16,1,2026-01-25T14:00:00Z,0,0,0,0,0,0,0,0,0.0,0.0,0.0,0.0,0.0,0.0,0.0,0.0,0,40
2025-26,23,221,119,Bryan Mbeumo,MID,Man Utd,14,1,0,2026-01-25T16:30:00Z,68,10,1,0,0,1,3,27,44.2,24.6,20.0,8.9,0.15,0.01,0.16,0.65,1,82
2025-26,23,223,120,Kevin Schade,MID,Brentford,5,16,1,2026-01-25T14:00:00Z,90,2,0,0,0,2,0,12,10.2,18.8,24.0,5.3,0.16,0.26,0.42,0.78,1,71
2025-26,23,223,121,Mikkel Damsgaard,MID,Brentford,5,16,1,2026-01-25T14:00:00Z,36,1,0,0,0,1,0,5,2.8,3.2,10.0,1.6,0.0,0.02,0.02,0.3,1,57
2025-26,23,223,122,Antoni Milambo,MID,Brentford,5,16,1,2026-01-25T14:00:00Z,0,0,0,0,0,0,0,0,0.0,0.0,0.0,0.0,0.0,0.0,0.0,0.0,0,52
2025-26,23,223,123,Fábio Freitas Gouveia Carvalho,MID,Brentford,5,16,1,2026-01-25T14:00:00Z,0,0,0,0,0,0,0,0,0.0,0.0,0.0,0.0,0.0,0.0,0.0,0.0,0,47
2025-26,23,223,124,Jordan Henderson,MID,Brentford,5,16,1,2026-01-25T14:00:00Z,9,1,0,0,0,0,0,3,0.4,0.6,0.0,0.1,0.0,0.0,0.0,0.0,0,50
2025-26,23,223,125,Vitaly Janelt,MID,Brentford,5,16,1,2026-01-25T14:00:00Z,90,2,0,0,0,2,0,10,11.2,26.0,4.0,4.1,0.07,0.09,0.16,0.78,1,49
2025-26,23,223,126,Mathias Jensen,MID,Brentford,5,16,1,2026-01-25T14:00:00Z,90,2,0,0,0,2,0,22,18.4,54.8,8.0,8.1,0.0,0.66,0.66,0.78,1,49
2025-26,23,223,127,Gustavo Nunes Fernandes Gomes,MID,Brentford,5,16,1,2026-01-25T14:00:00Z,0,0,0,0,0,0,0,0,0.0,0.0,0.0,0.0,0.0,0.0,0.0,0.0,0,49
2025-26,23,223,128,Frank Onyeka,MID,Brentford,5,16,1,2026-01-25T14:00:00Z,0,0,0,0,0,0,0,0,0.0,0.0,0.0,0.0,0.0,0.0,0.0,0.0,0,48
2025-26,23,223,129,Yehor Yarmoliuk,MID,Brentford,5,16,1,2026-01-25T14:00:00Z,80,3,0,0,0,2,0,12,11.6,6.4,4.0,2.2,0.13,0.07,0.2,0.78,1,50
2025-26,23,223,130,Romelle Donovan,MID,Brentford,5,16,1,2026-01-25T14:00:00Z,0,0,0,0,0,0,0,0,0.0,0.0,0.0,0.0,0.0,0.0,0.0,0.0,0,44
2025-26,23,223,131,Yunus Emre Konak,MID,Brentford,5,16,1,2026-01-25T14:00:00Z,0,0,0,0,0,0,0,0,0.0,0.0,0.0,0.0,0.0,0.0,0.0,0.0,0,43
2025-26,23,223,132,Paris Maghoma,MID,Brentford,5,16,1,2026-01-25T14:00:00Z,0,0,0,0,0,0,0,0,0.0,0.0,0.0,0.0,0.0,0.0,0.0,0.0,0,45
2025-26,23,223,133,Myles Peart-Harris,MID,Brentford,5,16,1,2026-01-25T14:00:00Z,0,0,0,0,0,0,0,0,0.0,0.0,0.0,0.0,0.0,0.0,0.0,0.0,0,44
2025-26,23,223,134,Ryan Trevitt,MID,Brentford,5,16,1,2026-01-25T14:00:00Z,0,0,0,0,0,0,0,0,0.0,0.0,0.0,0.0,0.0,0.0,0.0,0.0,0,45
2025-26,23,229,135,Yoane Wissa,FWD,Newcastle,15,2,1,2026-01-25T14:00:00Z,61,2,0,0,0,1,0,8,2.8,12.9,25.0,4.1,0.05,0.05,0.1,0.64,1,73
2025-26,23,223,136,Igor Thiago Nascimento Rodrigues,FWD,Brentford,5,16,1,2026-01-25T14:00:00Z,90,2,0,0,0,2,0,7,3.8,2.2,14.0,2.0,0.43,0.02,0.45,0.78,1,72
2025-26,23,223,137,Iwan Morgan,FWD,Brentford,5,16,1,2026-01-25T14:00:00Z,0,0,0,0,0,0,0,0,0.0,0.0,0.0,0.0,0.0,0.0,0.0,0.0,0,44
2025-26,23,227,138,Jason Steele,GK,Brighton,6,10,0,2026-01-24T15:00:00Z,0,0,0,0,0,0,0,0,0.0,0.0,0.0,0.0,0.0,0.0,0.0,0.0,0,42
2025-26,23,227,139,Bart Verbruggen,GK,Brighton,6,10,0,2026-01-24T15:00:00Z,90,1,0,0,0,2,0,2,11.0,0.0,0.0,1.1,0.0,0.0,0.0,1.05,1,45
2025-26,23,227,140,Tom McGill,GK,Brighton,6,10,0,2026-01-24T15:00:00Z,0,0,0,0,0,0,0,0,0.0,0.0,0.0,0.0,0.0,0.0,0.0,0.0,0,39
2025-26,23,227,141,Carl Rushworth,GK,Brighton,6,10,0,2026-01-24T15:00:00Z,0,0,0,0,0,0,0,0,0.0,0.0,0.0,0.0,0.0,0.0,0.0,0.0,0,40
2025-26,23,227,142,Kjell Scherpen,GK,Brighton,6,10,0,2026-01-24T15:00:00Z,0,0,0,0,0,0,0,0,0.0,0.0,0.0,0.0,0.0,0.0,0.0,0.0,0,40
2025-26,23,227,143,Olivier Boscagli,DEF,Brighton,6,10,0,2026-01-24T15:00:00Z,87,5,0,1,0,1,0,17,26.4,12.3,4.0,4.3,0.0,0.01,0.01,1.02,1,42
2025-26,23,227,144,Diego Coppola,DEF,Brighton,6,10,0,2026-01-24T15:00:00Z,0,0,0,0,0,0,0,0,0.0,0.0,0.0,0.0,0.0,0.0,0.0,0.0,0,42
2025-26,23,227,145,Maxim De Cuyper,DEF,Brighton,6,10,0,2026-01-24T15:00:00Z,2,1,0,0,0,1,0,3,6.6,0.1,0.0,0.7,0.0,0.0,0.0,0.03,0,43
2025-26,23,227,146,Lewis Dunk,DEF,Brighton,6,10,0,2026-01-24T15:00:00Z,90,3,0,0,0,2,0,16,36.4,13.7,32.0,8.2,0.21,0.15,0.36,1.05,1,45
2025-26,23,227,147,Pervis Estupiñán Tenorio,DEF,Brighton,6,10,0,2026-01-24T15:00:00Z,0,0,0,0,0,0,0,0,0.0,0.0,0.0,0.0,0.0,0.0,0.0,0.0,0,45
2025-26,23,227,148,Ferdi Kadıoğlu,DEF,Brighton,6,10,0,2026-01-24T15:00:00Z,90,1,0,0,0,2,0,6,16.8,5.3,11.0,3.3,0.31,0.02,0.33,1.05,1,44
2025-26,23,230,149,Igor Julio dos Santos de Paulo,DEF,West Ham,19,17,1,2026-01-24T12:30:00Z,0,0,0,0,0,0,0,0,0.0,0.0,0.0,0.0,0.0,0.0,0.0,0.0,0,45
2025-26,23,227,150,Tariq Lamptey,DEF,Brighton,6,10,0,2026-01-24T15:00:00Z,0,0,0,0,0,0,0,0,0.0,0.0,0.0,0.0,0.0,0.0,0.0,0.0,0,44
2025-26,23,227,151,Jan Paul van Hecke,DEF,Brighton,6,10,0,2026-01-24T15:00:00Z,90,1,0,0,0,2,0,7,19.6,5.8,9.0,3.4,0.05,0.02,0.07,1.05,1,45
2025-26,23,227,152,Joël Veltman,DEF,Brighton,6,10,0,2026-01-24T15:00:00Z,0,0,0,0,0,0,0,0,0.0,0.0,0.0,0.0,0.0,0.0,0.0,0.0,0,43
2025-26,23,227,153,Adam Webster,DEF,Brighton,6,10,0,2026-01-24T15:00:00Z,0,0,0,0,0,0,0,0,0.0,0.0,0.0,0.0,0.0,0.0,0.0,0.0,0,44
2025-26,23,227,154,Eiran Cashin,DEF,Brighton,6,10,0,2026-01-24T15:00:00Z,0,0,0,0,0,0,0,0,0.0,0.0,0.0,0.0,0.0,0.0,0.0,0.0,0,40
2025-26,23,227,155,Jacob Slater,DEF,Brighton,6,10,0,2026-01-24T15:00:00Z,0,0,0,0,0,0,0,0,0.0,0.0,0.0,0.0,0.0,0.0,0.0,0.0,0,40
2025-26,23,227,156,Charlie Tasker,DEF,Brighton,6,10,0,2026-01-24T15:00:00Z,0,0,0,0,0,0,0,0,0.0,0.0,0.0,0.0,0.0,0.0,0.0,0.0,0,38
2025-26,23,227,157,Mitoma Kaoru,MID,Brighton,6,10,0,2026-01-24T15:00:00Z,90,2,0,0,0,2,0,13,9.6,15.5,31.0,5.6,0.26,0.35,0.61,1.05,1,61
2025-26,23,227,158,Georginio Rutter,MID,Brighton,6,10,0,2026-01-24T15:00:00Z,2,1,0,0,0,1,0,1,0.2,0.0,0.0,0.0,0.0,0.0,0.0,0.03,0,56
2025-26,23,227,159,Solly March,MID,Brighton,6,10,0,2026-01-24T15:00:00Z,0,0,0,0,0,0,0,0,0.0,0.0,0.0,0.0,0.0,0.0,0.0,0.0,0,58
2025-26,23,227,160,Yankuba Minteh,MID,Brighton,6,10,0,2026-01-24T15:00:00Z,9,1,0,0,0,1,0,3,0.0,1.0,7.0,0.8,0.04,0.0,0.04,0.03,0,58
2025-26,23,227,161,Julio Enciso Espínola,MID,Brighton,6,10,0,2026-01-24T15:00:00Z,0,0,0,0,0,0,0,0,0.0,0.0,0.0,0.0,0.0,0.0,0.0,0.0,0,54
2025-26,23,227,162,Brajan Gruda,MID,Brighton,6,10,0,2026-01-24T15:00:00Z,0,0,0,0,0,0,0,0,0.0,0.0,0.0,0.0,0.0,0.0,0.0,0.0,0,54
2025-26,23,227,163,Jack Hinshelwood,MID,Brighton,6,10,0,2026-01-24T15:00:00Z,0,0,0,0,0,0,0,0,0.0,0.0,0.0,0.0,0.0,0.0,0.0,0.0,0,51
2025-26,23,227,164,Matt O'Riley,MID,Brighton,6,10,0,2026-01-24T15:00:00Z,0,0,0,0,0,0,0,0,0.0,0.0,0.0,0.0,0.0,0.0,0.0,0.0,0,55
2025-26,23,227,165,Abdallah Sima,MID,Brighton,6,10,0,2026-01-24T15:00:00Z,0,0,0,0,0,0,0,0,0.0,0.0,0.0,0.0,0.0,0.0,0.0,0.0,0,54
2025-26,23,227,166,Yasin Ayari,MID,Brighton,6,10,0,2026-01-24T15:00:00Z,90,11,1,0,0,2,2,34,43.2,9.7,18.0,7.1,0.11,0.03,0.14,1.05,1,48
2025-26,23,227,167,Carlos Baleba,MID,Brighton,6,10,0,2026-01-24T15:00:00Z,80,4,0,0,0,1,0,18,8.6,4.5,2.0,1.5,0.07,0.02,0.09,1.02,1,45
2025-26,23,226,168,Facundo Buonanotte,MID,Leeds,11,9,0,2026-01-26T20:00:00Z,5,0,0,0,0,0,0,0,0.4,0.3,5.0,0.6,0.04,0.01,0.05,0.0,0,46
2025-26,23,227,169,Diego Gómez Amarilla,MID,Brighton,6,10,0,2026-01-24T15:00:00Z,80,2,0,0,0,1,0,14,14.8,3.0,4.0,2.2,0.0,0.01,0.01,1.02,1,49
2025-26,23,227,170,James Milner,MID,Brighton,6,10,0,2026-01-24T15:00:00Z,9,1,0,0,0,1,0,3,0.6,1.6,0.0,0.2,0.0,0.0,0.0,0.03,0,49
2025-26,23,227,171,Jeremy Sarmiento Morante,MID,Brighton,6,10,0,2026-01-24T15:00:00Z,0,0,0,0,0,0,0,0,0.0,0.0,0.0,0.0,0.0,0.0,0.0,0.0,0,49
2025-26,23,227,172,Tom Watson,MID,Brighton,6,10,0,2026-01-24T15:00:00Z,0,0,0,0,0,0,0,0,0.0,0.0,0.0,0.0,0.0,0.0,0.0,0.0,0,48
2025-26,23,227,173,Mats Wieffer,MID,Brighton,6,10,0,2026-01-24T15:00:00Z,0,0,0,0,0,0,0,0,0.0,0.0,0.0,0.0,0.0,0.0,0.0,0.0,0,49
2025-26,23,227,174,Malick Yalcouyé,MID,Brighton,6,10,0,2026-01-24T15:00:00Z,0,0,0,0,0,0,0,0,0.0,0.0,0.0,0.0,0.0,0.0,0.0,0.0,0,50
2025-26,23,227,175,Joe Knight,MID,Brighton,6,10,0,2026-01-24T15:00:00Z,0,0,0,0,0,0,0,0,0.0,0.0,0.0,0.0,0.0,0.0,0.0,0.0,0,44
2025-26,23,227,176,Adrian Mazilu,MID,Brighton,6,10,0,2026-01-24T15:00:00Z,0,0,0,0,0,0,0,0,0.0,0.0,0.0,0.0,0.0,0.0,0.0,0.0,0,45
2025-26,23,227,177,Andrew Moran,MID,Brighton,6,10,0,2026-01-24T15:00:00Z,0,0,0,0,0,0,0,0,0.0,0.0,0.0,0.0,0.0,0.0,0.0,0.0,0,45
2025-26,23,227,178,Danny Welbeck,FWD,Brighton,6,10,0,2026-01-24T15:00:00Z,87,2,0,0,0,1,0,5,5.8,4.5,24.0,3.4,0.61,0.01,0.62,1.02,1,62
2025-26,23,227,179,Evan Ferguson,FWD,Brighton,6,10,0,2026-01-24T15:00:00Z,0,0,0,0,0,0,0,0,0.0,0.0,0.0,0.0,0.0,0.0,0.0,0.0,0,55
2025-26,23,227,180,Stefanos Tzimas,FWD,Brighton,6,10,0,2026-01-24T15:00:00Z,0,0,0,0,0,0,0,0,0.0,0.0,0.0,0.0,0.0,0.0,0.0,0.0,0,52
2025-26,23,227,181,Charalampos Kostoulas,FWD,Brighton,6,10,0,2026-01-24T15:00:00Z,2,0,0,0,0,1,0,-1,0.0,1.1,0.0,0.0,0.0,0.0,0.0,0.03,0,48
2025-26,23,228,182,James Trafford,GK,Man City,13,20,1,2026-01-24T15:00:00Z,0,0,0,0,0,0,0,0,0.0,0.0,0.0,0.0,0.0,0.0,0.0,0.0,0,45
2025-26,23,224,183,Max Weiß,GK,Burnley,3,18,1,2026-01-24T15:00:00Z,0,0,0,0,0,0,0,0,0.0,0.0,0.0,0.0,0.0,0.0,0.0,0.0,0,43
2025-26,23,224,184,Etienne Green,GK,Burnley,3,18,1,2026-01-24T15:00:00Z,0,0,0,0,0,0,0,0,0.0,0.0,0.0,0.0,0.0,0.0,0.0,0.0,0,40
2025-26,23,224,185,Václav Hladký,GK,Burnley,3,18,1,2026-01-24T15:00:00Z,0,0,0,0,0,0,0,0,0.0,0.0,0.0,0.0,0.0,0.0,0.0,0.0,0,39
2025-26,23,224,186,Connor Roberts,DEF,Burnley,3,18,1,2026-01-24T15:00:00Z,0,0,0,0,0,0,0,0,0.0,0.0,0.0,0.0,0.0,0.0,0.0,0.0,0,44
2025-26,23,224,187,Kyle Walker,DEF,Burnley,3,18,1,2026-01-24T15:00:00Z,90,4,0,1,0,2,0,24,38.6,39.8,0.0,7.8,0.0,0.25,0.25,2.05,1,44
2025-26,23,224,188,Hannes Delcroix,DEF,Burnley,3,18,1,2026-01-24T15:00:00Z,0,0,0,0,0,0,0,0,0.0,0.0,0.0,0.0,0.0,0.0,0.0,0.0,0,38
2025-26,23,224,189,Owen Dodgson,DEF,Burnley,3,18,1,2026-01-24T15:00:00Z,0,0,0,0,0,0,0,0,0.0,0.0,0.0,0.0,0.0,0.0,0.0,0.0,0,40
2025-26,23,224,190,Hjalmar Ekdal,DEF,Burnley,3,18,1,2026-01-24T15:00:00Z,0,0,0,0,0,0,0,0,0.0,0.0,0.0,0.0,0.0,0.0,0.0,0.0,0,39
2025-26,23,224,191,Maxime Estève,DEF,Burnley,3,18,1,2026-01-24T15:00:00Z,90,3,0,0,0,2,0,10,21.8,0.6,2.0,2.4,0.0,0.07,0.07,2.05,1,39
2025-26,23,224,192,Quilindschy Hartman,DEF,Burnley,3,18,1,2026-01-24T15:00:00Z,0,0,0,0,0,0,0,0,0.0,0.0,0.0,0.0,0.0,0.0,0.0,0.0,0,40
2025-26,23,224,193,Bashir Humphreys,DEF,Burnley,3,18,1,2026-01-24T15:00:00Z,90,1,0,0,0,2,0,6,14.6,1.1,4.0,2.0,0.03,0.0,0.03,2.05,1,39
2025-26,23,224,194,Jordan Beyer,DEF,Burnley,3,18,1,2026-01-24T15:00:00Z,0,0,0,0,0,0,0,0,0.0,0.0,0.0,0.0,0.0,0.0,0.0,0.0,0,39
2025-26,23,224,195,Lucas Pires Silva,DEF,Burnley,3,18,1,2026-01-24T15:00:00Z,90,1,0,0,0,2,0,7,17.2,3.7,0.0,2.1,0.0,0.01,0.01,2.05,1,38
2025-26,23,224,196,Shurandy Sambo,DEF,Burnley,3,18,1,2026-01-24T15:00:00Z,0,0,0,0,0,0,0,0,0.0,0.0,0.0,0.0,0.0,0.0,0.0,0.0,0,40
2025-26,23,224,197,Oliver Sonne,DEF,Burnley,3,18,1,2026-01-24T15:00:00Z,0,0,0,0,0,0,0,0,0.0,0.0,0.0,0.0,0.0,0.0,0.0,0.0,0,38
2025-26,23,224,198,Axel Tuanzebe,DEF,Burnley,3,18,1,2026-01-24T15:00:00Z,90,7,1,0,0,2,0,18,44.6,0.3,52.0,9.7,0.61,0.0,0.61,2.05,1,39
2025-26,23,224,199,Joe Worrall,DEF,Burnley,3,18,1,2026-01-24T15:00:00Z,0,0,0,0,0,0,0,0,0.0,0.0,0.0,0.0,0.0,0.0,0.0,0.0,0,38
2025-26,23,224,200,Jaidon Anthony,MID,Burnley,3,18,1,2026-01-24T15:00:00Z,90,2,0,0,0,2,0,18,17.0,24.0,15.0,5.6,0.06,0.16,0.22,2.05,1,51
2025-26,23,224,201,Manuel Benson Hedilazio,MID,Burnley,3,18,1,2026-01-24T15:00:00Z,0,0,0,0,0,0,0,0,0.0,0.0,0.0,0.0,0.0,0.0,0.0,0.0,0,54
2025-26,23,224,202,Jacob Bruun Larsen,MID,Burnley,3,18,1,2026-01-24T15:00:00Z,0,0,0,0,0,0,0,0,0.0,0.0,0.0,0.0,0.0,0.0,0.0,0.0,0,53
2025-26,23,224,203,Enock Agyei,MID,Burnley,3,18,1,2026-01-24T15:00:00Z,0,0,0,0,0,0,0,0,0.0,0.0,0.0,0.0,0.0,0.0,0.0,0.0,0,47
2025-26,23,224,204,Darko Churlinov,MID,Burnley,3,18,1,2026-01-24T15:00:00Z,0,0,0,0,0,0,0,0,0.0,0.0,0.0,0.0,0.0,0.0,0.0,0.0,0,49
2025-26,23,224,205,Josh Cullen,MID,Burnley,3,18,1,2026-01-24T15:00:00Z,0,0,0,0,0,0,0,0,0.0,0.0,0.0,0.0,0.0,0.0,0.0,0.0,0,50
2025-26,23,224,206,Marcus Edwards,MID,Burnley,3,18,1,2026-01-24T15:00:00Z,84,2,0,0,0,1,0,4,10.6,24.3,4.0,3.9,0.0,0.15,0.15,1.65,1,47
2025-26,23,224,207,Hannibal Mejbri,MID,Burnley,3,18,1,2026-01-24T15:00:00Z,5,1,0,0,0,1,0,3,0.0,0.1,0.0,0.0,0.0,0.0,0.0,0.4,0,47
2025-26,23,224,208,Luca Koleosho,MID,Burnley,3,18,1,2026-01-24T15:00:00Z,0,0,0,0,0,0,0,0,0.0,0.0,0.0,0.0,0.0,0.0,0.0,0.0,0,50
2025-26,23,224,209,Josh Laurent,MID,Burnley,3,18,1,2026-01-24T15:00:00Z,21,0,0,0,0,1,0,0,1.6,1.4,0.0,0.3,0.0,0.01,0.01,0.77,0,48
2025-26,23,224,210,Loum Tchaouna,MID,Burnley,3,18,1,2026-01-24T15:00:00Z,0,0,0,0,0,0,0,0,0.0,0.0,0.0,0.0,0.0,0.0,0.0,0.0,0,49
2025-26,23,224,211,Aaron Ramsey,MID,Burnley,3,18,1,2026-01-24T15:00:00Z,0,0,0,0,0,0,0,0,0.0,0.0,0.0,0.0,0.0,0.0,0.0,0.0,0,44
2025-26,23,224,212,Oluwaseun Adewumi,MID,Burnley,3,18,1,2026-01-24T15:00:00Z,0,0,0,0,0,0,0,0,0.0,0.0,0.0,0.0,0.0,0.0,0.0,0.0,0,45
2025-26,23,224,213,Jaydon Banel,MID,Burnley,3,18,1,2026-01-24T15:00:00Z,0,0,0,0,0,0,0,0,0.0,0.0,0.0,0.0,0.0,0.0,0.0,0.0,0,45
2025-26,23,224,214,Mike Trésor Ndayishimiye,MID,Burnley,3,18,1,2026-01-24T15:00:00Z,0,0,0,0,0,0,0,0,0.0,0.0,0.0,0.0,0.0,0.0,0.0,0.0,0,44
2025-26,23,224,215,Zian Flemming,FWD,Burnley,3,18,1,2026-01-24T15:00:00Z,0,0,0,0,0,0,0,0,0.0,0.0,0.0,0.0,0.0,0.0,0.0,0.0,0,53
2025-26,23,224,216,Zeki Amdouni,FWD,Burnley,3,18,1,2026-01-24T15:00:00Z,0,0,0,0,0,0,0,0,0.0,0.0,0.0,0.0,0.0,0.0,0.0,0.0,0,48
2025-26,23,224,217,Lyle Foster,FWD,Burnley,3,18,1,2026-01-24T15:00:00Z,21,5,1,0,0,1,0,24,36.4,0.4,34.0,7.1,0.65,0.0,0.65,0.77,0,49
2025-26,23,224,218,Ashley Barnes,FWD,Burnley,3,18,1,2026-01-24T15:00:00Z,0,0,0,0,0,0,0,0,0.0,0.0,0.0,0.0,0.0,0.0,0.0,0.0,0,42
2025-26,23,224,219,Michael Obafemi,FWD,Burnley,3,18,1,2026-01-24T15:00:00Z,0,0,0,0,0,0,0,0,0.0,0.0,0.0,0.0,0.0,0.0,0.0,0.0,0,44
2025-26,23,225,220,Robert Lynch Sánchez,GK,Chelsea,7,8,0,2026-01-25T14:00:00Z,90,3,0,0,0,1,0,23,46.8,0.0,0.0,4.7,0.0,0.0,0.0,1.77,1,49
2025-26,23,225,221,Filip Jörgensen,GK,Chelsea,7,8,0,2026-01-25T14:00:00Z,0,0,0,0,0,0,0,0,0.0,0.0,0.0,0.0,0.0,0.0,0.0,0.0,0,43
2025-26,23,225,222,Mike Penders,GK,Chelsea,7,8,0,2026-01-25T14:00:00Z,0,0,0,0,0,0,0,0,0.0,0.0,0.0,0.0,0.0,0.0,0.0,0.0,0,40
2025-26,23,225,223,Gabriel Słonina,GK,Chelsea,7,8,0,2026-01-25T14:00:00Z,0,0,0,0,0,0,0,0,0.0,0.0,0.0,0.0,0.0,0.0,0.0,0.0,0,39
2025-26,23,225,224,Marc Cucurella Saseta,DEF,Chelsea,7,8,0,2026-01-25T14:00:00Z,90,4,0,0,0,1,0,14,27.6,10.1,21.0,5.9,0.14,0.22,0.36,1.77,1,60
2025-26,23,225,225,Reece James,DEF,Chelsea,7,8,0,2026-01-25T14:00:00Z,80,6,0,0,1,0,0,26,17.6,20.1,2.0,4.0,0.0,0.14,0.14,0.82,1,57
2025-26,23,225,226,Trevoh Chalobah,DEF,Chelsea,7,8,0,2026-01-25T14:00:00Z,90,4,0,0,0,1,0,16,28.0,0.1,0.0,2.8,0.0,0.0,0.0,1.77,1,56
2025-26,23,225,227,Levi Samuels Colwill,DEF,Chelsea,7,8,0,2026-01-25T14:00:00Z,0,0,0,0,0,0,0,0,0.0,0.0,0.0,0.0,0.0,0.0,0.0,0.0,0,47
2025-26,23,225,228,Malo Gusto,DEF,Chelsea,7,8,0,2026-01-25T14:00:00Z,16,1,0,0,0,1,0,9,8.0,3.4,0.0,1.1,0.0,0.0,0.0,1.09,0,49
2025-26,23,225,229,Benoît Badiashile Mukinayi,DEF,Chelsea,7,8,0,2026-01-25T14:00:00Z,90,4,0,0,0,1,0,12,22.6,0.9,2.0,2.6,0.0,0.01,0.01,1.77,1,44
2025-26,23,225,230,Wesley Fofana,DEF,Chelsea,7,8,0,2026-01-25T14:00:00Z,17,1,0,0,0,1,0,2,11.6,0.6,0.0,1.2,0.0,0.0,0.0,1.09,0,44
2025-26,23,225,231,Mamadou Sarr,DEF,Chelsea,7,8,0,2026-01-25T14:00:00Z,0,0,0,0,0,0,0,0,0.0,0.0,0.0,0.0,0.0,0.0,0.0,0.0,0,45
2025-26,23,225,232,Tosin Adarabioyo,DEF,Chelsea,7,8,0,2026-01-25T14:00:00Z,0,0,0,0,0,0,0,0,0.0,0.0,0.0,0.0,0.0,0.0,0.0,0.0,0,40
2025-26,23,225,233,Josh Acheampong,DEF,Chelsea,7,8,0,2026-01-25T14:00:00Z,0,0,0,0,0,0,0,0,0.0,0.0,0.0,0.0,0.0,0.0,0.0,0.0,0,38
2025-26,23,225,234,Aarón Anselmino,DEF,Chelsea,7,8,0,2026-01-25T14:00:00Z,0,0,0,0,0,0,0,0,0.0,0.0,0.0,0.0,0.0,0.0,0.0,0.0,0,40
2025-26,23,225,235,Cole Palmer,MID,Chelsea,7,8,0,2026-01-25T14:00:00Z,0,0,0,0,0,0,0,0,0.0,0.0,0.0,0.0,0.0,0.0,0.0,0.0,0,104
2025-26,23,225,236,Pedro Lomba Neto,MID,Chelsea,7,8,0,2026-01-25T14:00:00Z,73,3,0,0,1,0,0,5,3.6,2.5,0.0,0.6,0.0,0.04,0.04,0.68,1,71
2025-26,23,225,237,Enzo Fernández,MID,Chelsea,7,8,0,2026-01-25T14:00:00Z,90,8,1,0,0,1,1,27,42.2,20.3,25.0,8.8,0.94,0.02,0.96,1.77,1,66
2025-26,23,225,238,Estêvão Almeida de Oliveira Gonçalves,MID,Chelsea,7,8,0,2026-01-25T14:00:00Z,73,13,1,1,1,0,2,32,52.0,13.2,41.0,10.6,0.42,0.04,0.46,0.68,1,64
2025-26,23,225,239,Jamie Bynoe-Gittens,MID,Chelsea,7,8,0,2026-01-25T14:00:00Z,16,1,0,0,0,1,0,2,0.0,0.5,0.0,0.1,0.0,0.0,0.0,1.09,0,60
2025-26,23,225,240,Christopher Nkunku,MID,Chelsea,7,8,0,2026-01-25T14:00:00Z,0,0,0,0,0,0,0,0,0.0,0.0,0.0,0.0,0.0,0.0,0.0,0.0,0,59
2025-26,23,225,241,Moisés Caicedo Corozo,MID,Chelsea,7,8,0,2026-01-25T14:00:00Z,72,2,0,0,1,0,0,15,1.4,5.8,1.0,0.8,0.05,0.01,0.06,0.68,1,57
2025-26,23,226,242,Kiernan Dewsbury-Hall,MID,Everton,9,11,1,2026-01-26T20:00:00Z,45,1,0,0,0,0,0,4,6.8,8.5,0.0,1.5,0.0,0.05,0.05,0.17,0,49
2025-26,23,225,243,Tyrique George,MID,Chelsea,7,8,0,2026-01-25T14:00:00Z,0,0,0,0,0,0,0,0,0.0,0.0,0.0,0.0,0.0,0.0,0.0,0.0,0,48
2025-26,23,225,244,Roméo Lavia,MID,Chelsea,7,8,0,2026-01-25T14:00:00Z,0,0,0,0,0,0,0,0,0.0,0.0,0.0,0.0,0.0,0.0,0.0,0.0,0,49
2025-26,23,225,245,Mykhailo Mudryk,MID,Chelsea,7,8,0,2026-01-25T14:00:00Z,0,0,0,0,0,0,0,0,0.0,0.0,0.0,0.0,0.0,0.0,0.0,0.0,0,49
2025-26,23,225,246,Andrey Nascimento dos Santos,MID,Chelsea,7,8,0,2026-01-25T14:00:00Z,90,3,0,0,0,1,0,19,21.8,1.0,0.0,2.3,0.0,0.01,0.01,1.77,1,45
2025-26,23,225,247,Dário Luís Essugo,MID,Chelsea,7,8,0,2026-01-25T14:00:00Z,0,0,0,0,0,0,0,0,0.0,0.0,0.0,0.0,0.0,0.0,0.0,0.0,0,43
2025-26,23,225,248,Kendry Páez Andrade,MID,Chelsea,7,8,0,2026-01-25T14:00:00Z,0,0,0,0,0,0,0,0,0.0,0.0,0.0,0.0,0.0,0.0,0.0,0.0,0,45
2025-26,23,225,249,João Pedro Junqueira de Jesus,FWD,Chelsea,7,8,0,2026-01-25T14:00:00Z,84,12,1,1,1,0,3,47,48.0,13.4,27.0,8.8,0.65,0.01,0.66,0.82,1,71
2025-26,23,225,250,Liam Delap,FWD,Chelsea,7,8,0,2026-01-25T14:00:00Z,5,1,0,0,0,1,0,2,2.0,0.6,0.0,0.3,0.0,0.0,0.0,0.95,0,62
2025-26,23,225,251,Nicolas Jackson,FWD,Chelsea,7,8,0,2026-01-25T14:00:00Z,0,0,0,0,0,0,0,0,0.0,0.0,0.0,0.0,0.0,0.0,0.0,0.0,0,65
2025-26,23,225,252,Marc Guiu Paz,FWD,Chelsea,7,8,0,2026-01-25T14:00:00Z,0,0,0,0,0,0,0,0,0.0,0.0,0.0,0.0,0.0,0.0,0.0,0.0,0,42
2025-26,23,225,253,Dean Henderson,GK,Crystal Palace,8,7,1,2026-01-25T14:00:00Z,90,1,0,0,0,3,0,3,16.0,0.0,0.0,1.6,0.0,0.0,0.0,2.2,1,50
2025-26,23,225,254,Walter Benítez,GK,Crystal Palace,8,7,1,2026-01-25T14:00:00Z,0,0,0,0,0,0,0,0,0.0,0.0,0.0,0.0,0.0,0.0,0.0,0.0,0,40
2025-26,23,225,255,Remi Matthews,GK,Crystal Palace,8,7,1,2026-01-25T14:00:00Z,0,0,0,0,0,0,0,0,0.0,0.0,0.0,0.0,0.0,0.0,0.0,0.0,0,39
2025-26,23,225,256,Daniel Muñoz Mejía,DEF,Crystal Palace,8,7,1,2026-01-25T14:00:00Z,75,1,0,0,0,3,0,3,10.8,4.6,0.0,1.5,0.0,0.02,0.02,2.2,1,58
2025-26,23,225,257,Maxence Lacroix,DEF,Crystal Palace,8,7,1,2026-01-25T14:00:00Z,90,1,0,0,0,3,0,11,19.6,0.5,33.0,5.3,0.15,0.0,0.15,2.2,1,51
2025-26,23,225,258,Tyrick Mitchell,DEF,Crystal Palace,8,7,1,2026-01-25T14:00:00Z,64,1,0,0,0,3,0,1,20.4,14.4,0.0,3.5,0.0,0.04,0.04,2.2,1,50
2025-26,23,225,259,Borna Sosa,DEF,Crystal Palace,8,7,1,2026-01-25T14:00:00Z,25,1,0,0,0,0,0,4,6.4,1.3,0.0,0.8,0.0,0.0,0.0,0.0,0,48
2025-26,23,228,260,Marc Guéhi,DEF,Man City,13,20,1,2026-01-24T15:00:00Z,90,6,0,0,1,0,0,29,26.0,16.5,21.0,6.4,0.07,0.19,0.26,0.61,1,52
2025-26,23,225,261,Chris Richards,DEF,Crystal Palace,8,7,1,2026-01-25T14:00:00Z,90,7,1,0,0,3,0,18,47.0,4.6,37.0,8.9,0.39,0.02,0.41,2.2,1,44
2025-26,23,225,262,Chadi Riad Dnanou,DEF,Crystal Palace,8,7,1,2026-01-25T14:00:00Z,14,4,0,1,0,0,0,15,21.8,10.2,8.0,4.0,0.09,0.0,0.09,0.0,0,40
2025-26,23,225,263,Nathaniel Clyne,DEF,Crystal Palace,8,7,1,2026-01-25T14:00:00Z,0,0,0,0,0,0,0,0,0.0,0.0,0.0,0.0,0.0,0.0,0.0,0.0,0,38
2025-26,23,225,264,Rob Holding,DEF,Crystal Palace,8,7,1,2026-01-25T14:00:00Z,0,0,0,0,0,0,0,0,0.0,0.0,0.0,0.0,0.0,0.0,0.0,0.0,0,40
2025-26,23,225,265,Caleb Kporha,DEF,Crystal Palace,8,7,1,2026-01-25T14:00:00Z,0,0,0,0,0,0,0,0,0.0,0.0,0.0,0.0,0.0,0.0,0.0,0.0,0,40
2025-26,23,221,266,Eberechi Eze,MID,Arsenal,1,14,1,2026-01-25T16:30:00Z,32,0,0,0,0,1,0,-1,2.0,18.0,4.0,2.4,0.0,0.26,0.26,0.27,0,73
2025-26,23,225,267,Ismaïla Sarr,MID,Crystal Palace,8,7,1,2026-01-25T14:00:00Z,90,2,0,0,0,3,0,9,11.2,26.3,25.0,6.3,0.4,0.02,0.42,2.2,1,63
2025-26,23,225,268,Cheick Doucouré,MID,Crystal Palace,8,7,1,2026-01-25T14:00:00Z,0,0,0,0,0,0,0,0,0.0,0.0,0.0,0.0,0.0,0.0,0.0,0.0,0,49
2025-26,23,225,269,Romain Esse,MID,Crystal Palace,8,7,1,2026-01-25T14:00:00Z,0,0,0,0,0,0,0,0,0.0,0.0,0.0,0.0,0.0,0.0,0.0,0.0,0,47
2025-26,23,225,270,Will Hughes,MID,Crystal Palace,8,7,1,2026-01-25T14:00:00Z,14,1,0,0,0,0,0,8,3.4,15.9,0.0,1.9,0.0,0.14,0.14,0.0,0,47
2025-26,23,225,271,Daichi Kamada,MID,Crystal Palace,8,7,1,2026-01-25T14:00:00Z,0,0,0,0,0,0,0,0,0.0,0.0,0.0,0.0,0.0,0.0,0.0,0.0,0,50
2025-26,23,225,272,Jefferson Lerma Solís,MID,Crystal Palace,8,7,1,2026-01-25T14:00:00Z,90,1,0,0,0,3,0,1,6.6,3.7,68.0,7.8,0.22,0.04,0.26,2.2,1,49
2025-26,23,225,273,Adam Wharton,MID,Crystal Palace,8,7,1,2026-01-25T14:00:00Z,72,-1,0,0,0,3,0,0,2.4,12.2,0.0,1.5,0.0,0.13,0.13,2.2,1,50
2025-26,23,225,274,Asher Agbinone,MID,Crystal Palace,8,7,1,2026-01-25T14:00:00Z,0,0,0,0,0,0,0,0,0.0,0.0,0.0,0.0,0.0,0.0,0.0,0.0,0,43
2025-26,23,225,275,Naouirou Ahamada,MID,Crystal Palace,8,7,1,2026-01-25T14:00:00Z,0,0,0,0,0,0,0,0,0.0,0.0,0.0,0.0,0.0,0.0,0.0,0.0,0,43
2025-26,23,225,276,Justin Devenny,MID,Crystal Palace,8,7,1,2026-01-25T14:00:00Z,0,0,0,0,0,0,0,0,0.0,0.0,0.0,0.0,0.0,0.0,0.0,0.0,0,43
2025-26,23,225,277,Malcolm Ebiowei,MID,Crystal Palace,8,7,1,2026-01-25T14:00:00Z,0,0,0,0,0,0,0,0,0.0,0.0,0.0,0.0,0.0,0.0,0.0,0.0,0,45
2025-26,23,225,278,Jesurun Rak-Sakyi,MID,Crystal Palace,8,7,1,2026-01-25T14:00:00Z,0,0,0,0,0,0,0,0,0.0,0.0,0.0,0.0,0.0,0.0,0.0,0.0,0,44
2025-26,23,225,279,Matheus França de Oliveira,MID,Crystal Palace,8,7,1,2026-01-25T14:00:00Z,0,0,0,0,0,0,0,0,0.0,0.0,0.0,0.0,0.0,0.0,0.0,0.0,0,45
2025-26,23,225,280,David Ozoh,MID,Crystal Palace,8,7,1,2026-01-25T14:00:00Z,0,0,0,0,0,0,0,0,0.0,0.0,0.0,0.0,0.0,0.0,0.0,0.0,0,45
2025-26,23,225,281,Kaden Rodney,MID,Crystal Palace,8,7,1,2026-01-25T14:00:00Z,0,0,0,0,0,0,0,0,0.0,0.0,0.0,0.0,0.0,0.0,0.0,0.0,0,44
2025-26,23,225,282,Franco Umeh-Chibueze,MID,Crystal Palace,8,7,1,2026-01-25T14:00:00Z,0,0,0,0,0,0,0,0,0.0,0.0,0.0,0.0,0.0,0.0,0.0,0.0,0,45
2025-26,23,225,283,Jean-Philippe Mateta,FWD,Crystal Palace,8,7,1,2026-01-25T14:00:00Z,84,2,0,0,0,3,0,0,2.4,0.4,21.0,2.4,0.46,0.0,0.46,2.2,1,75
2025-26,23,225,284,Eddie Nketiah,FWD,Crystal Palace,8,7,1,2026-01-25T14:00:00Z,0,0,0,0,0,0,0,0,0.0,0.0,0.0,0.0,0.0,0.0,0.0,0.0,0,54
2025-26,23,225,285,Odsonne Édouard,FWD,Crystal Palace,8,7,1,2026-01-25T14:00:00Z,0,0,0,0,0,0,0,0,0.0,0.0,0.0,0.0,0.0,0.0,0.0,0.0,0,50
2025-26,23,225,286,Zach Marsh,FWD,Crystal Palace,8,7,1,2026-01-25T14:00:00Z,0,0,0,0,0,0,0,0,0.0,0.0,0.0,0.0,0.0,0.0,0.0,0.0,0,44
2025-26,23,226,287,Jordan Pickford,GK,Everton,9,11,1,2026-01-26T20:00:00Z,90,3,0,0,0,1,0,13,24.8,0.0,0.0,2.5,0.0,0.0,0.0,1.23,1,56
2025-26,23,226,288,Mark Travers,GK,Everton,9,11,1,2026-01-26T20:00:00Z,0,0,0,0,0,0,0,0,0.0,0.0,0.0,0.0,0.0,0.0,0.0,0.0,0,43
2025-26,23,226,289,Harry Tyrer,GK,Everton,9,11,1,2026-01-26T20:00:00Z,0,0,0,0,0,0,0,0,0.0,0.0,0.0,0.0,0.0,0.0,0.0,0.0,0,39
2025-26,23,226,290,Jarrad Branthwaite,DEF,Everton,9,11,1,2026-01-26T20:00:00Z,45,1,0,0,0,0,0,8,10.6,13.3,4.0,2.8,0.0,0.02,0.02,0.17,0,53
2025-26,23,226,291,James Tarkowski,DEF,Everton,9,11,1,2026-01-26T20:00:00Z,90,4,0,0,0,1,0,17,31.8,4.9,2.0,3.9,0.0,0.01,0.01,1.23,1,58
2025-26,23,226,292,Vitalii Mykolenko,DEF,Everton,9,11,1,2026-01-26T20:00:00Z,90,2,0,0,0,1,0,8,12.4,29.8,1.0,4.3,0.01,0.04,0.05,1.23,1,49
2025-26,23,226,293,Jake O'Brien,DEF,Everton,9,11,1,2026-01-26T20:00:00Z,90,4,0,0,0,1,0,15,22.4,3.2,4.0,3.0,0.0,0.01,0.01,1.23,1,49
2025-26,23,226,294,Séamus Coleman,DEF,Everton,9,11,1,2026-01-26T20:00:00Z,0,0,0,0,0,0,0,0,0.0,0.0,0.0,0.0,0.0,0.0,0.0,0.0,0,42
2025-26,23,226,295,Michael Keane,DEF,Everton,9,11,1,2026-01-26T20:00:00Z,0,0,0,0,0,0,0,0,0.0,0.0,0.0,0.0,0.0,0.0,0.0,0.0,0,47
2025-26,23,226,296,Nathan Patterson,DEF,Everton,9,11,1,2026-01-26T20:00:00Z,70,2,0,0,0,1,0,9,16.2,4.0,0.0,2.0,0.0,0.04,0.04,1.09,1,44
2025-26,23,226,297,Roman Dixon,DEF,Everton,9,11,1,2026-01-26T20:00:00Z,0,0,0,0,0,0,0,0,0.0,0.0,0.0,0.0,0.0,0.0,0.0,0.0,0,38
2025-26,23,226,298,Reece Welch,DEF,Everton,9,11,1,2026-01-26T20:00:00Z,0,0,0,0,0,0,0,0,0.0,0.0,0.0,0.0,0.0,0.0,0.0,0.0,0,38
2025-26,23,226,299,Iliman Ndiaye,MID,Everton,9,11,1,2026-01-26T20:00:00Z,90,2,0,0,0,1,0,12,10.6,20.0,13.0,4.4,0.22,0.35,0.57,1.23,1,62
2025-26,23,226,300,Dwight McNeil,MID,Everton,9,11,1,2026-01-26T20:00:00Z,45,1,0,0,0,1,0,7,3.4,1.3,2.0,0.7,0.0,0.0,0.0,1.05,1,55
2025-26,23,226,301,Carlos Alcaraz Durán,MID,Everton,9,11,1,2026-01-26T20:00:00Z,0,0,0,0,0,0,0,0,0.0,0.0,0.0,0.0,0.0,0.0,0.0,0.0,0,52
2025-26,23,226,302,Idrissa Gana Gueye,MID,Everton,9,11,1,2026-01-26T20:00:00Z,90,6,0,1,0,1,1,25,29.0,33.8,13.0,7.6,0.1,0.15,0.25,1.23,1,54
2025-26,23,226,303,James Garner,MID,Everton,9,11,1,2026-01-26T20:00:00Z,90,2,0,0,0,1,0,18,11.6,15.8,8.0,3.5,0.06,0.15,0.21,1.23,1,52
2025-26,23,226,304,Tim Iroegbunam,MID,Everton,9,11,1,2026-01-26T20:00:00Z,0,0,0,0,0,0,0,0,0.0,0.0,0.0,0.0,0.0,0.0,0.0,0.0,0,48
2025-26,23,226,305,Harrison Armstrong,MID,Everton,9,11,1,2026-01-26T20:00:00Z,45,1,0,0,0,1,0,6,3.8,1.8,0.0,0.6,0.0,0.01,0.01,1.05,1,45
2025-26,23,226,306,Callum Bates,MID,Everton,9,11,1,2026-01-26T20:00:00Z,0,0,0,0,0,0,0,0,0.0,0.0,0.0,0.0,0.0,0.0,0.0,0.0,0,43
2025-26,23,226,307,Coby Ebere,MID,Everton,9,11,1,2026-01-26T20:00:00Z,0,0,0,0,0,0,0,0,0.0,0.0,0.0,0.0,0.0,0.0,0.0,0.0,0,44
2025-26,23,226,308,Isaac Heath,MID,Everton,9,11,1,2026-01-26T20:00:00Z,0,0,0,0,0,0,0,0,0.0,0.0,0.0,0.0,0.0,0.0,0.0,0.0,0,45
2025-26,23,226,309,Jenson Metcalfe,MID,Everton,9,11,1,2026-01-26T20:00:00Z,0,0,0,0,0,0,0,0,0.0,0.0,0.0,0.0,0.0,0.0,0.0,0.0,0,45
2025-26,23,226,310,Thierno Barry,FWD,Everton,9,11,1,2026-01-26T20:00:00Z,88,9,1,0,0,1,3,33,42.4,4.6,51.0,9.8,0.21,0.04,0.25,1.16,1,57
2025-26,23,226,311,Norberto Bercique Gomes Betuncal,FWD,Everton,9,11,1,2026-01-26T20:00:00Z,1,1,0,0,0,0,0,2,0.0,0.0,0.0,0.0,0.0,0.0,0.0,0.07,0,50
2025-26,23,226,312,Youssef Ramalho Chermiti,FWD,Everton,9,11,1,2026-01-26T20:00:00Z,0,0,0,0,0,0,0,0,0.0,0.0,0.0,0.0,0.0,0.0,0.0,0.0,0,49
2025-26,23,226,313,Martin Sherif,FWD,Everton,9,11,1,2026-01-26T20:00:00Z,0,0,0,0,0,0,0,0,0.0,0.0,0.0,0.0,0.0,0.0,0.0,0.0,0,44
2025-26,23,227,314,Bernd Leno,GK,Fulham,10,6,1,2026-01-24T15:00:00Z,90,3,0,0,0,1,0,18,27.8,0.0,0.0,2.8,0.0,0.0,0.0,1.59,1,49
2025-26,23,227,315,Steven Benda,GK,Fulham,10,6,1,2026-01-24T15:00:00Z,0,0,0,0,0,0,0,0,0.0,0.0,0.0,0.0,0.0,0.0,0.0,0.0,0,40
2025-26,23,227,316,Antonee Robinson,DEF,Fulham,10,6,1,2026-01-24T15:00:00Z,58,1,0,0,0,1,0,4,8.2,2.8,0.0,1.1,0.0,0.01,0.01,1.27,1,49
2025-26,23,227,317,Joachim Andersen,DEF,Fulham,10,6,1,2026-01-24T15:00:00Z,90,8,0,1,0,1,1,27,41.0,11.2,0.0,5.2,0.0,0.03,0.03,1.59,1,46
2025-26,23,227,318,Calvin Bassey,DEF,Fulham,10,6,1,2026-01-24T15:00:00Z,0,0,0,0,0,0,0,0,0.0,0.0,0.0,0.0,0.0,0.0,0.0,0.0,0,44
2025-26,23,227,319,Timothy Castagne,DEF,Fulham,10,6,1,2026-01-24T15:00:00Z,90,4,0,0,0,1,0,21,26.4,4.9,0.0,3.1,0.0,0.07,0.07,1.59,1,43
2025-26,23,227,320,Issa Diop,DEF,Fulham,10,6,1,2026-01-24T15:00:00Z,0,0,0,0,0,0,0,0,0.0,0.0,0.0,0.0,0.0,0.0,0.0,0.0,0,43
2025-26,23,227,321,Jorge Cuenca Barreno,DEF,Fulham,10,6,1,2026-01-24T15:00:00Z,90,4,0,0,0,1,0,11,26.8,0.9,4.0,3.2,0.05,0.0,0.05,1.59,1,43
2025-26,23,227,322,Kenny Tete,DEF,Fulham,10,6,1,2026-01-24T15:00:00Z,0,0,0,0,0,0,0,0,0.0,0.0,0.0,0.0,0.0,0.0,0.0,0.0,0,45
2025-26,23,227,323,Samuel Amissah,DEF,Fulham,10,6,1,2026-01-24T15:00:00Z,0,0,0,0,0,0,0,0,0.0,0.0,0.0,0.0,0.0,0.0,0.0,0.0,0,38
2025-26,23,227,324,Alex Iwobi,MID,Fulham,10,6,1,2026-01-24T15:00:00Z,87,2,0,0,0,1,0,10,7.4,15.2,4.0,2.7,0.03,0.01,0.04,1.59,1,63
2025-26,23,227,325,Emile Smith Rowe,MID,Fulham,10,6,1,2026-01-24T15:00:00Z,68,2,0,0,0,1,0,8,3.8,4.8,0.0,0.9,0.0,0.01,0.01,1.33,1,56
2025-26,23,227,326,Adama Traoré Diarra,MID,Fulham,10,6,1,2026-01-24T15:00:00Z,0,0,0,0,0,0,0,0,0.0,0.0,0.0,0.0,0.0,0.0,0.0,0.0,0,51
2025-26,23,227,327,Andreas Hoelgebaum Pereira,MID,Fulham,10,6,1,2026-01-24T15:00:00Z,0,0,0,0,0,0,0,0,0.0,0.0,0.0,0.0,0.0,0.0,0.0,0.0,0,53
2025-26,23,227,328,Ryan Sessegnon,MID,Fulham,10,6,1,2026-01-24T15:00:00Z,31,1,0,0,0,0,0,4,13.8,0.4,0.0,1.4,0.0,0.0,0.0,0.32,0,54
2025-26,23,227,329,Harry Wilson,MID,Fulham,10,6,1,2026-01-24T15:00:00Z,90,10,1,0,0,1,3,36,41.8,30.8,23.0,9.6,0.07,0.1,0.17,1.59,1,60
2025-26,23,227,330,Sander Berge,MID,Fulham,10,6,1,2026-01-24T15:00:00Z,90,1,0,0,0,1,0,15,13.2,5.0,0.0,1.8,0.0,0.01,0.01,1.59,1,49
2025-26,23,227,331,Tom Cairney,MID,Fulham,10,6,1,2026-01-24T15:00:00Z,21,1,0,0,0,0,0,2,0.0,0.3,5.0,0.4,0.16,0.0,0.16,0.26,0,48
2025-26,23,227,332,Saša Lukić,MID,Fulham,10,6,1,2026-01-24T15:00:00Z,0,0,0,0,0,0,0,0,0.0,0.0,0.0,0.0,0.0,0.0,0.0,0.0,0,49
2025-26,23,227,333,Martial Godo,MID,Fulham,10,6,1,2026-01-24T15:00:00Z,0,0,0,0,0,0,0,0,0.0,0.0,0.0,0.0,0.0,0.0,0.0,0.0,0,45
2025-26,23,227,334,Luke Harris,MID,Fulham,10,6,1,2026-01-24T15:00:00Z,0,0,0,0,0,0,0,0,0.0,0.0,0.0,0.0,0.0,0.0,0.0,0.0,0,45
2025-26,23,227,335,Josh King,MID,Fulham,10,6,1,2026-01-24T15:00:00Z,2,4,0,1,0,0,0,11,0.2,0.1,0.0,0.0,0.0,0.0,0.0,0.0,0,44
2025-26,23,227,336,Harrison Reed,MID,Fulham,10,6,1,2026-01-24T15:00:00Z,0,0,0,0,0,0,0,0,0.0,0.0,0.0,0.0,0.0,0.0,0.0,0.0,0,43
2025-26,23,227,337,Raúl Jiménez Rodríguez,FWD,Fulham,10,6,1,2026-01-24T15:00:00Z,90,2,0,0,0,1,0,8,13.0,32.5,45.0,9.1,0.44,0.03,0.47,1.59,1,62
2025-26,23,227,338,Rodrigo Muniz Carvalho,FWD,Fulham,10,6,1,2026-01-24T15:00:00Z,0,0,0,0,0,0,0,0,0.0,0.0,0.0,0.0,0.0,0.0,0.0,0.0,0,53
2025-26,23,226,339,Illan Meslier,GK,Leeds,11,9,0,2026-01-26T20:00:00Z,0,0,0,0,0,0,0,0,0.0,0.0,0.0,0.0,0.0,0.0,0.0,0.0,0,42
2025-26,23,226,340,Alex Cairns,GK,Leeds,11,9,0,2026-01-26T20:00:00Z,0,0,0,0,0,0,0,0,0.0,0.0,0.0,0.0,0.0,0.0,0.0,0.0,0,39
2025-26,23,226,341,Karl Darlow,GK,Leeds,11,9,0,2026-01-26T20:00:00Z,90,2,0,0,0,1,0,9,17.6,0.0,0.0,1.8,0.0,0.0,0.0,0.6,1,39
2025-26,23,226,342,Jayden Bogle,DEF,Leeds,11,9,0,2026-01-26T20:00:00Z,90,2,0,0,0,1,0,5,6.8,13.1,8.0,2.8,0.0,0.08,0.08,0.6,1,44
2025-26,23,226,343,Pascal Struijk,DEF,Leeds,11,9,0,2026-01-26T20:00:00Z,90,4,0,0,0,1,0,17,26.6,1.3,8.0,3.6,0.04,0.04,0.08,0.6,1,43
2025-26,23,226,344,Jaka Bijol,DEF,Leeds,11,9,0,2026-01-26T20:00:00Z,0,0,0,0,0,0,0,0,0.0,0.0,0.0,0.0,0.0,0.0,0.0,0.0,0,39
2025-26,23,226,345,Sebastiaan Bornauw,DEF,Leeds,11,9,0,2026-01-26T20:00:00Z,84,4,0,0,0,1,0,14,33.8,0.2,0.0,3.4,0.0,0.0,0.0,0.6,1,38
2025-26,23,226,346,Sam Byram,DEF,Leeds,11,9,0,2026-01-26T20:00:00Z,0,0,0,0,0,0,0,0,0.0,0.0,0.0,0.0,0.0,0.0,0.0,0.0,0,38
2025-26,23,226,347,Gabriel Gudmundsson,DEF,Leeds,11,9,0,2026-01-26T20:00:00Z,0,0,0,0,0,0,0,0,0.0,0.0,0.0,0.0,0.0,0.0,0.0,0.0,0,38
2025-26,23,226,348,Joe Rodon,DEF,Leeds,11,9,0,2026-01-26T20:00:00Z,90,4,0,0,0,1,0,5,15.4,0.3,0.0,1.6,0.0,0.0,0.0,0.6,1,39
2025-26,23,226,349,Isaac Schmidt,DEF,Leeds,11,9,0,2026-01-26T20:00:00Z,0,0,0,0,0,0,0,0,0.0,0.0,0.0,0.0,0.0,0.0,0.0,0.0,0,40
2025-26,23,226,350,Brenden Aaronson,MID,Leeds,11,9,0,2026-01-26T20:00:00Z,84,4,0,0,0,1,0,10,18.0,16.3,13.0,4.7,0.04,0.09,0.13,0.6,1,54
2025-26,23,226,351,Wilfried Gnonto,MID,Leeds,11,9,0,2026-01-26T20:00:00Z,0,0,0,0,0,0,0,0,0.0,0.0,0.0,0.0,0.0,0.0,0.0,0.0,0,52
2025-26,23,226,352,Jack Harrison,MID,Leeds,11,9,0,2026-01-26T20:00:00Z,0,0,0,0,0,0,0,0,0.0,0.0,0.0,0.0,0.0,0.0,0.0,0.0,0,51
2025-26,23,226,353,Daniel James,MID,Leeds,11,9,0,2026-01-26T20:00:00Z,0,0,0,0,0,0,0,0,0.0,0.0,0.0,0.0,0.0,0.0,0.0,0.0,0,52
2025-26,23,226,354,Ethan Ampadu,MID,Leeds,11,9,0,2026-01-26T20:00:00Z,90,4,0,0,0,1,0,19,11.4,2.2,1.0,1.5,0.01,0.02,0.03,0.6,1,49
2025-26,23,226,355,Sam Greenwood,MID,Leeds,11,9,0,2026-01-26T20:00:00Z,0,0,0,0,0,0,0,0,0.0,0.0,0.0,0.0,0.0,0.0,0.0,0.0,0,49
2025-26,23,226,356,Ilia Gruev,MID,Leeds,11,9,0,2026-01-26T20:00:00Z,65,2,0,0,1,0,0,5,0.0,1.9,1.0,0.0,0.06,0.0,0.06,0.38,1,47
2025-26,23,226,357,Largie Ramazani,MID,Leeds,11,9,0,2026-01-26T20:00:00Z,0,0,0,0,0,0,0,0,0.0,0.0,0.0,0.0,0.0,0.0,0.0,0.0,0,49
2025-26,23,226,358,Tanaka Ao,MID,Leeds,11,9,0,2026-01-26T20:00:00Z,24,1,0,0,0,1,0,5,6.4,3.3,0.0,1.0,0.0,0.0,0.0,0.23,0,48
2025-26,23,226,359,Charlie Crew,MID,Leeds,11,9,0,2026-01-26T20:00:00Z,0,0,0,0,0,0,0,0,0.0,0.0,0.0,0.0,0.0,0.0,0.0,0.0,0,45
2025-26,23,226,360,Joe Gelhardt,MID,Leeds,11,9,0,2026-01-26T20:00:00Z,0,0,0,0,0,0,0,0,0.0,0.0,0.0,0.0,0.0,0.0,0.0,0.0,0,45
2025-26,23,226,361,Darko Gyabi,MID,Leeds,11,9,0,2026-01-26T20:00:00Z,0,0,0,0,0,0,0,0,0.0,0.0,0.0,0.0,0.0,0.0,0.0,0.0,0,45
2025-26,23,226,362,Joël Piroe,FWD,Leeds,11,9,0,2026-01-26T20:00:00Z,0,0,0,0,0,0,0,0,0.0,0.0,0.0,0.0,0.0,0.0,0.0,0.0,0,49
2025-26,23,226,363,Patrick Bamford,FWD,Leeds,11,9,0,2026-01-26T20:00:00Z,0,0,0,0,0,0,0,0,0.0,0.0,0.0,0.0,0.0,0.0,0.0,0.0,0,49
2025-26,23,226,364,Mateo Joseph Fernández-Regatillo,FWD,Leeds,11,9,0,2026-01-26T20:00:00Z,0,0,0,0,0,0,0,0,0.0,0.0,0.0,0.0,0.0,0.0,0.0,0.0,0,50
2025-26,23,226,365,Lukas Nmecha,FWD,Leeds,11,9,0,2026-01-26T20:00:00Z,0,0,0,0,0,0,0,0,0.0,0.0,0.0,0.0,0.0,0.0,0.0,0.0,0,50
2025-26,23,222,366,Alisson Becker,GK,Liverpool,12,4,0,2026-01-24T17:30:00Z,90,1,0,0,0,3,0,8,18.2,0.0,0.0,1.8,0.0,0.0,0.0,2.35,1,54
2025-26,23,222,367,Giorgi Mamardashvili,GK,Liverpool,12,4,0,2026-01-24T17:30:00Z,0,0,0,0,0,0,0,0,0.0,0.0,0.0,0.0,0.0,0.0,0.0,0.0,0,42
2025-26,23,222,368,Ármin Pécsi,GK,Liverpool,12,4,0,2026-01-24T17:30:00Z,0,0,0,0,0,0,0,0,0.0,0.0,0.0,0.0,0.0,0.0,0.0,0.0,0,38
2025-26,23,222,369,Freddie Woodman,GK,Liverpool,12,4,0,2026-01-24T17:30:00Z,0,0,0,0,0,0,0,0,0.0,0.0,0.0,0.0,0.0,0.0,0.0,0.0,0,39
2025-26,23,222,370,Jeremie Frimpong,DEF,Liverpool,12,4,0,2026-01-24T17:30:00Z,58,0,0,0,0,2,0,8,10.4,7.9,11.0,2.9,0.05,0.05,0.1,0.63,1,58
2025-26,23,222,371,Milos Kerkez,DEF,Liverpool,12,4,0,2026-01-24T17:30:00Z,45,0,0,0,0,2,0,-2,8.8,10.8,4.0,2.4,0.01,0.0,0.01,0.63,1,56
2025-26,23,222,372,Andrew Robertson,DEF,Liverpool,12,4,0,2026-01-24T17:30:00Z,45,1,0,0,0,1,0,0,5.8,12.7,8.0,2.7,0.0,0.06,0.06,1.71,0,57
2025-26,23,222,373,Virgil van Dijk,DEF,Liverpool,12,4,0,2026-01-24T17:30:00Z,90,9,1,0,0,3,0,21,63.2,2.8,66.0,13.2,0.13,0.03,0.16,2.35,1,59
2025-26,23,222,374,Ibrahima Konaté,DEF,Liverpool,12,4,0,2026-01-24T17:30:00Z,0,0,0,0,0,0,0,0,0.0,0.0,0.0,0.0,0.0,0.0,0.0,0.0,0,54
2025-26,23,222,375,Conor Bradley,DEF,Liverpool,12,4,0,2026-01-24T17:30:00Z,0,0,0,0,0,0,0,0,0.0,0.0,0.0,0.0,0.0,0.0,0.0,0.0,0,50
2025-26,23,222,376,Joe Gomez,DEF,Liverpool,12,4,0,2026-01-24T17:30:00Z,33,0,0,0,0,2,0,-3,4.6,0.6,2.0,0.7,0.0,0.01,0.01,0.63,1,49
2025-26,23,222,377,Konstantinos Tsimikas,DEF,Liverpool,12,4,0,2026-01-24T17:30:00Z,0,0,0,0,0,0,0,0,0.0,0.0,0.0,0.0,0.0,0.0,0.0,0.0,0,48
2025-26,23,222,378,Amara Nallo,DEF,Liverpool,12,4,0,2026-01-24T17:30:00Z,0,0,0,0,0,0,0,0,0.0,0.0,0.0,0.0,0.0,0.0,0.0,0.0,0,37
2025-26,23,222,379,Rhys Williams,DEF,Liverpool,12,4,0,2026-01-24T17:30:00Z,0,0,0,0,0,0,0,0,0.0,0.0,0.0,0.0,0.0,0.0,0.0,0.0,0,38
2025-26,23,222,380,Calvin Ramsay,DEF,Liverpool,12,4,0,2026-01-24T17:30:00Z,0,0,0,0,0,0,0,0,0.0,0.0,0.0,0.0,0.0,0.0,0.0,0.0,0,38
2025-26,23,222,381,Mohamed Salah,MID,Liverpool,12,4,0,2026-01-24T17:30:00Z,90,5,0,1,0,3,0,12,25.2,31.0,93.0,14.9,0.35,0.52,0.87,2.35,1,140
2025-26,23,222,382,Florian Wirtz,MID,Liverpool,12,4,0,2026-01-24T17:30:00Z,90,2,0,0,0,3,0,6,5.4,39.0,15.0,5.9,0.09,0.12,0.21,2.35,1,83
2025-26,23,222,383,Luis Díaz Marulanda,MID,Liverpool,12,4,0,2026-01-24T17:30:00Z,0,0,0,0,0,0,0,0,0.0,0.0,0.0,0.0,0.0,0.0,0.0,0.0,0,80
2025-26,23,222,384,Cody Gakpo,MID,Liverpool,12,4,0,2026-01-24T17:30:00Z,73,2,0,0,0,2,0,9,4.8,13.9,10.0,2.9,0.05,0.17,0.22,1.15,1,73
2025-26,23,222,385,Federico Chiesa,MID,Liverpool,12,4,0,2026-01-24T17:30:00Z,0,0,0,0,0,0,0,0,0.0,0.0,0.0,0.0,0.0,0.0,0.0,0.0,0,63
2025-26,23,222,386,Alexis Mac Allister,MID,Liverpool,12,4,0,2026-01-24T17:30:00Z,58,1,0,0,0,2,0,8,11.6,3.8,2.0,1.7,0.03,0.03,0.06,0.63,1,62
2025-26,23,222,387,Dominik Szoboszlai,MID,Liverpool,12,4,0,2026-01-24T17:30:00Z,90,13,1,1,0,3,3,46,63.4,46.7,9.0,11.9,0.05,0.26,0.31,2.35,1,66
2025-26,23,222,388,Curtis Jones,MID,Liverpool,12,4,0,2026-01-24T17:30:00Z,31,1,0,0,0,1,0,3,3.8,5.8,7.0,1.7,0.12,0.13,0.25,1.71,0,54
2025-26,23,229,389,Harvey Elliott,MID,Aston Villa,2,15,0,2026-01-25T14:00:00Z,0,0,0,0,0,0,0,0,0.0,0.0,0.0,0.0,0.0,0.0,0.0,0.0,0,51
2025-26,23,222,390,Ryan Gravenberch,MID,Liverpool,12,4,0,2026-01-24T17:30:00Z,90,1,0,0,0,3,0,11,20.2,20.8,3.0,4.4,0.04,0.06,0.1,2.35,1,57
2025-26,23,222,391,Ben Gannon-Doak,MID,Bournemouth,4,12,1,2026-01-24T17:30:00Z,0,0,0,0,0,0,0,0,0.0,0.0,0.0,0.0,0.0,0.0,0.0,0.0,0,48
2025-26,23,222,392,Endo Wataru,MID,Liverpool,12,4,0,2026-01-24T17:30:00Z,56,1,0,0,0,1,0,9,10.2,4.9,0.0,1.5,0.0,0.04,0.04,1.71,0,49
2025-26,23,222,393,Stefan Bajčetić Maquieira,MID,Liverpool,12,4,0,2026-01-24T17:30:00Z,0,0,0,0,0,0,0,0,0.0,0.0,0.0,0.0,0.0,0.0,0.0,0.0,0,43
2025-26,23,222,394,James McConnell,MID,Liverpool,12,4,0,2026-01-24T17:30:00Z,0,0,0,0,0,0,0,0,0.0,0.0,0.0,0.0,0.0,0.0,0.0,0.0,0,44
2025-26,23,222,395,Tyler Morton,MID,Liverpool,12,4,0,2026-01-24T17:30:00Z,0,0,0,0,0,0,0,0,0.0,0.0,0.0,0.0,0.0,0.0,0.0,0.0,0,45
2025-26,23,222,396,Trey Nyoni,MID,Liverpool,12,4,0,2026-01-24T17:30:00Z,0,0,0,0,0,0,0,0,0.0,0.0,0.0,0.0,0.0,0.0,0.0,0.0,0,43
2025-26,23,222,397,Darwin Núñez Ribeiro,FWD,Liverpool,12,4,0,2026-01-24T17:30:00Z,0,0,0,0,0,0,0,0,0.0,0.0,0.0,0.0,0.0,0.0,0.0,0.0,0,65
2025-26,23,222,398,Jayden Danns,FWD,Liverpool,12,4,0,2026-01-24T17:30:00Z,0,0,0,0,0,0,0,0,0.0,0.0,0.0,0.0,0.0,0.0,0.0,0.0,0,43
2025-26,23,228,399,Ederson Santana de Moraes,GK,Man City,13,20,1,2026-01-24T15:00:00Z,0,0,0,0,0,0,0,0,0.0,0.0,0.0,0.0,0.0,0.0,0.0,0.0,0,53
2025-26,23,228,400,Stefan Ortega Moreno,GK,Man City,13,20,1,2026-01-24T15:00:00Z,0,0,0,0,0,0,0,0,0.0,0.0,0.0,0.0,0.0,0.0,0.0,0.0,0,47
2025-26,23,228,401,Marcus Bettinelli,GK,Man City,13,20,1,2026-01-24T15:00:00Z,0,0,0,0,0,0,0,0,0.0,0.0,0.0,0.0,0.0,0.0,0.0,0.0,0,38
2025-26,23,228,402,Rayan Aït-Nouri,DEF,Man City,13,20,1,2026-01-24T15:00:00Z,0,0,0,0,0,0,0,0,0.0,0.0,0.0,0.0,0.0,0.0,0.0,0.0,0,57
2025-26,23,228,403,Joško Gvardiol,DEF,Man City,13,20,1,2026-01-24T15:00:00Z,0,0,0,0,0,0,0,0,0.0,0.0,0.0,0.0,0.0,0.0,0.0,0.0,0,60
2025-26,23,228,404,Manuel Akanji,DEF,Man City,13,20,1,2026-01-24T15:00:00Z,0,0,0,0,0,0,0,0,0.0,0.0,0.0,0.0,0.0,0.0,0.0,0.0,0,54
2025-26,23,228,405,Nathan Aké,DEF,Man City,13,20,1,2026-01-24T15:00:00Z,0,0,0,0,0,0,0,0,0.0,0.0,0.0,0.0,0.0,0.0,0.0,0.0,0,53
2025-26,23,228,406,Abdukodir Khusanov,DEF,Man City,13,20,1,2026-01-24T15:00:00Z,90,6,0,0,1,0,0,27,15.6,11.8,0.0,2.7,0.0,0.02,0.02,0.61,1,54
2025-26,23,228,407,Matheus Nunes,DEF,Man City,13,20,1,2026-01-24T15:00:00Z,90,11,0,1,1,0,3,36,25.4,19.5,2.0,4.7,0.0,0.15,0.15,0.61,1,55
2025-26,23,228,408,Rúben dos Santos Gato Alves Dias,DEF,Man City,13,20,1,2026-01-24T15:00:00Z,0,0,0,0,0,0,0,0,0.0,0.0,0.0,0.0,0.0,0.0,0.0,0.0,0,56
2025-26,23,228,409,John Stones,DEF,Man City,13,20,1,2026-01-24T15:00:00Z,0,0,0,0,0,0,0,0,0.0,0.0,0.0,0.0,0.0,0.0,0.0,0.0,0,54
2025-26,23,228,410,Rico Lewis,DEF,Man City,13,20,1,2026-01-24T15:00:00Z,0,0,0,0,0,0,0,0,0.0,0.0,0.0,0.0,0.0,0.0,0.0,0.0,0,46
2025-26,23,228,411,Nico O'Reilly,DEF,Man City,13,20,1,2026-01-24T15:00:00Z,90,6,0,0,1,0,0,24,19.0,17.9,3.0,4.0,0.05,0.07,0.12,0.61,1,51
2025-26,23,228,412,Vitor de Oliveira Nunes dos Reis,DEF,Man City,13,20,1,2026-01-24T15:00:00Z,0,0,0,0,0,0,0,0,0.0,0.0,0.0,0.0,0.0,0.0,0.0,0.0,0,50
2025-26,23,228,413,Omar Marmoush,MID,Man City,13,20,1,2026-01-24T15:00:00Z,73,10,1,0,1,0,2,31,38.4,18.8,31.0,8.8,0.25,0.08,0.33,0.19,1,83
2025-26,23,228,414,Phil Foden,MID,Man City,13,20,1,2026-01-24T15:00:00Z,29,1,0,0,0,0,0,3,7.4,25.8,0.0,3.3,0.0,0.05,0.05,0.5,0,86
2025-26,23,228,415,Sávio Moreira de Oliveira,MID,Man City,13,20,1,2026-01-24T15:00:00Z,0,0,0,0,0,0,0,0,0.0,0.0,0.0,0.0,0.0,0.0,0.0,0.0,0,69
2025-26,23,228,416,Bernardo Mota Veiga de Carvalho e Silva,MID,Man City,13,20,1,2026-01-24T15:00:00Z,90,6,0,1,1,0,0,23,37.4,32.0,0.0,6.9,0.0,0.06,0.06,0.61,1,62
2025-26,23,228,417,Rayan Cherki,MID,Man City,13,20,1,2026-01-24T15:00:00Z,72,3,0,0,1,0,0,9,2.6,18.3,17.0,3.8,0.15,0.03,0.18,0.19,1,67
2025-26,23,228,418,Jérémy Doku,MID,Man City,13,20,1,2026-01-24T15:00:00Z,16,1,0,0,0,0,0,3,1.6,0.2,0.0,0.2,0.0,0.0,0.0,0.42,0,64
2025-26,23,226,419,Jack Grealish,MID,Everton,9,11,1,2026-01-26T20:00:00Z,0,0,0,0,0,0,0,0,0.0,0.0,0.0,0.0,0.0,0.0,0.0,0.0,0,64
2025-26,23,228,420,İlkay Gündoğan,MID,Man City,13,20,1,2026-01-24T15:00:00Z,0,0,0,0,0,0,0,0,0.0,0.0,0.0,0.0,0.0,0.0,0.0,0.0,0,63
2025-26,23,228,421,Rodrigo 'Rodri' Hernandez Cascante,MID,Man City,13,20,1,2026-01-24T15:00:00Z,90,3,0,0,1,0,0,17,20.2,20.7,0.0,4.1,0.0,0.07,0.07,0.61,1,63
2025-26,23,228,422,Mateo Kovačić,MID,Man City,13,20,1,2026-01-24T15:00:00Z,0,0,0,0,0,0,0,0,0.0,0.0,0.0,0.0,0.0,0.0,0.0,0.0,0,59
2025-26,23,228,423,Nico González Iglesias,MID,Man City,13,20,1,2026-01-24T15:00:00Z,0,0,0,0,0,0,0,0,0.0,0.0,0.0,0.0,0.0,0.0,0.0,0.0,0,59
2025-26,23,228,424,Oscar Bobb,MID,Man City,13,20,1,2026-01-24T15:00:00Z,0,0,0,0,0,0,0,0,0.0,0.0,0.0,0.0,0.0,0.0,0.0,0.0,0,51
2025-26,23,228,425,Claudio Echeverri,MID,Man City,13,20,1,2026-01-24T15:00:00Z,0,0,0,0,0,0,0,0,0.0,0.0,0.0,0.0,0.0,0.0,0.0,0.0,0,54
2025-26,23,223,426,James McAtee,MID,Nott'm Forest,16,5,0,2026-01-25T14:00:00Z,0,0,0,0,0,0,0,0,0.0,0.0,0.0,0.0,0.0,0.0,0.0,0.0,0,50
2025-26,23,228,427,Tijjani Reijnders,MID,Man City,13,20,1,2026-01-24T15:00:00Z,60,3,0,0,1,0,0,4,0.0,5.3,9.0,1.2,0.04,0.03,0.07,0.11,1,52
2025-26,23,228,428,Sverre Nypan,MID,Man City,13,20,1,2026-01-24T15:00:00Z,0,0,0,0,0,0,0,0,0.0,0.0,0.0,0.0,0.0,0.0,0.0,0.0,0,50
2025-26,23,228,429,Kalvin Phillips,MID,Man City,13,20,1,2026-01-24T15:00:00Z,0,0,0,0,0,0,0,0,0.0,0.0,0.0,0.0,0.0,0.0,0.0,0.0,0,48
2025-26,23,228,430,Erling Haaland,FWD,Man City,13,20,1,2026-01-24T15:00:00Z,17,1,0,0,0,0,0,3,0.0,0.0,0.0,0.0,0.0,0.0,0.0,0.42,0,151
2025-26,23,221,431,Altay Bayındır,GK,Man Utd,14,1,0,2026-01-25T16:30:00Z,0,0,0,0,0,0,0,0,0.0,0.0,0.0,0.0,0.0,0.0,0.0,0.0,0,47
2025-26,23,221,432,André Onana,GK,Man Utd,14,1,0,2026-01-25T16:30:00Z,0,0,0,0,0,0,0,0,0.0,0.0,0.0,0.0,0.0,0.0,0.0,0.0,0,49
2025-26,23,221,433,Elyh Harrison,GK,Man Utd,14,1,0,2026-01-25T16:30:00Z,0,0,0,0,0,0,0,0,0.0,0.0,0.0,0.0,0.0,0.0,0.0,0.0,0,40
2025-26,23,221,434,Tom Heaton,GK,Man Utd,14,1,0,2026-01-25T16:30:00Z,0,0,0,0,0,0,0,0,0.0,0.0,0.0,0.0,0.0,0.0,0.0,0.0,0,39
2025-26,23,221,435,Dermot Mee,GK,Man Utd,14,1,0,2026-01-25T16:30:00Z,0,0,0,0,0,0,0,0,0.0,0.0,0.0,0.0,0.0,0.0,0.0,0.0,0,39
2025-26,23,221,436,Matthijs de Ligt,DEF,Man Utd,14,1,0,2026-01-25T16:30:00Z,0,0,0,0,0,0,0,0,0.0,0.0,0.0,0.0,0.0,0.0,0.0,0.0,0,49
2025-26,23,221,437,Lisandro Martínez,DEF,Man Utd,14,1,0,2026-01-25T16:30:00Z,90,-1,0,0,0,2,0,2,16.6,5.3,2.0,2.4,0.01,0.01,0.02,1.19,1,48
2025-26,23,221,438,Noussair Mazraoui,DEF,Man Utd,14,1,0,2026-01-25T16:30:00Z,2,1,0,0,0,0,0,3,0.0,0.0,0.0,0.0,0.0,0.0,0.0,0.0,0,49
2025-26,23,221,439,Diego León Blanco,DEF,Man Utd,14,1,0,2026-01-25T16:30:00Z,0,0,0,0,0,0,0,0,0.0,0.0,0.0,0.0,0.0,0.0,0.0,0.0,0,42
2025-26,23,221,440,Diogo Dalot Teixeira,DEF,Man Utd,14,1,0,2026-01-25T16:30:00Z,90,1,0,0,0,2,0,-1,2.8,1.1,0.0,0.4,0.0,0.01,0.01,1.19,1,45
2025-26,23,221,441,Patrick Dorgu,DEF,Man Utd,14,1,0,2026-01-25T16:30:00Z,80,8,1,0,0,1,0,19,36.8,1.3,15.0,5.3,0.12,0.0,0.12,0.8,1,43
2025-26,23,221,442,Harry Maguire,DEF,Man Utd,14,1,0,2026-01-25T16:30:00Z,90,3,0,0,0,2,0,9,24.0,0.5,0.0,2.5,0.0,0.0,0.0,1.19,1,43
2025-26,23,221,443,Luke Shaw,DEF,Man Utd,14,1,0,2026-01-25T16:30:00Z,90,1,0,0,0,2,0,3,12.4,1.8,0.0,1.4,0.0,0.0,0.0,1.19,1,45
2025-26,23,221,444,Leny Yoro,DEF,Man Utd,14,1,0,2026-01-25T16:30:00Z,0,0,0,0,0,0,0,0,0.0,0.0,0.0,0.0,0.0,0.0,0.0,0.0,0,42
2025-26,23,221,445,Harry Amass,DEF,Man Utd,14,1,0,2026-01-25T16:30:00Z,0,0,0,0,0,0,0,0,0.0,0.0,0.0,0.0,0.0,0.0,0.0,0.0,0,40
2025-26,23,221,446,Tyler Fredricson,DEF,Man Utd,14,1,0,2026-01-25T16:30:00Z,0,0,0,0,0,0,0,0,0.0,0.0,0.0,0.0,0.0,0.0,0.0,0.0,0,38
2025-26,23,221,447,Ayden Heaven,DEF,Man Utd,14,1,0,2026-01-25T16:30:00Z,0,0,0,0,0,0,0,0,0.0,0.0,0.0,0.0,0.0,0.0,0.0,0.0,0,39
2025-26,23,221,448,Tyrell Malacia,DEF,Man Utd,14,1,0,2026-01-25T16:30:00Z,0,0,0,0,0,0,0,0,0.0,0.0,0.0,0.0,0.0,0.0,0.0,0.0,0,38
2025-26,23,221,449,Bruno Borges Fernandes,MID,Man Utd,14,1,0,2026-01-25T16:30:00Z,90,5,0,1,0,2,0,16,13.6,26.9,7.0,4.8,0.37,0.03,0.4,1.19,1,93
2025-26,23,221,450,Matheus Santos Carneiro da Cunha,MID,Man Utd,14,1,0,2026-01-25T16:30:00Z,21,9,1,0,0,1,3,27,36.0,1.1,11.0,4.8,0.03,0.01,0.04,0.54,0,80
2025-26,23,221,451,Marcus Rashford,MID,Man Utd,14,1,0,2026-01-25T16:30:00Z,0,0,0,0,0,0,0,0,0.0,0.0,0.0,0.0,0.0,0.0,0.0,0.0,0,70
2025-26,23,221,452,Amad Diallo,MID,Man Utd,14,1,0,2026-01-25T16:30:00Z,87,2,0,0,0,2,0,9,5.8,1.5,2.0,0.9,0.0,0.0,0.0,1.19,1,62
2025-26,23,225,453,Alejandro Garnacho Ferreyra,MID,Chelsea,7,8,0,2026-01-25T14:00:00Z,0,0,0,0,0,0,0,0,0.0,0.0,0.0,0.0,0.0,0.0,0.0,0.0,0,64
2025-26,23,221,454,Antony dos Santos,MID,Man Utd,14,1,0,2026-01-25T16:30:00Z,0,0,0,0,0,0,0,0,0.0,0.0,0.0,0.0,0.0,0.0,0.0,0.0,0,59
2025-26,23,221,455,Mason Mount,MID,Man Utd,14,1,0,2026-01-25T16:30:00Z,0,0,0,0,0,0,0,0,0.0,0.0,0.0,0.0,0.0,0.0,0.0,0.0,0,59
2025-26,23,229,456,Jadon Sancho,MID,Aston Villa,2,15,0,2026-01-25T14:00:00Z,58,1,0,0,0,0,0,5,2.0,2.6,4.0,0.9,0.0,0.01,0.01,1.92,1,58
2025-26,23,221,457,Carlos Henrique Casimiro,MID,Man Utd,14,1,0,2026-01-25T16:30:00Z,90,2,0,0,0,2,0,15,18.2,14.7,0.0,3.3,0.0,0.25,0.25,1.19,1,55
2025-26,23,221,458,Kobbie Mainoo,MID,Man Utd,14,1,0,2026-01-25T16:30:00Z,90,5,0,1,0,2,0,18,22.4,26.8,2.0,5.1,0.02,0.01,0.03,1.19,1,46
2025-26,23,221,459,Manuel Ugarte Ribeiro,MID,Man Utd,14,1,0,2026-01-25T16:30:00Z,0,0,0,0,0,0,0,0,0.0,0.0,0.0,0.0,0.0,0.0,0.0,0.0,0,47
2025-26,23,221,460,Toby Collyer,MID,Man Utd,14,1,0,2026-01-25T16:30:00Z,0,0,0,0,0,0,0,0,0.0,0.0,0.0,0.0,0.0,0.0,0.0,0.0,0,45
2025-26,23,221,461,Jayce Fitzgerald,MID,Man Utd,14,1,0,2026-01-25T16:30:00Z,0,0,0,0,0,0,0,0,0.0,0.0,0.0,0.0,0.0,0.0,0.0,0.0,0,43
2025-26,23,221,462,Jack Fletcher,MID,Man Utd,14,1,0,2026-01-25T16:30:00Z,0,0,0,0,0,0,0,0,0.0,0.0,0.0,0.0,0.0,0.0,0.0,0.0,0,43
2025-26,23,221,463,Sékou Koné,MID,Man Utd,14,1,0,2026-01-25T16:30:00Z,0,0,0,0,0,0,0,0,0.0,0.0,0.0,0.0,0.0,0.0,0.0,0.0,0,43
2025-26,23,221,464,Jack Moorhouse,MID,Man Utd,14,1,0,2026-01-25T16:30:00Z,0,0,0,0,0,0,0,0,0.0,0.0,0.0,0.0,0.0,0.0,0.0,0.0,0,45
2025-26,23,221,465,Rasmus Højlund,FWD,Man Utd,14,1,0,2026-01-25T16:30:00Z,0,0,0,0,0,0,0,0,0.0,0.0,0.0,0.0,0.0,0.0,0.0,0.0,0,63
2025-26,23,221,466,Joshua Zirkzee,FWD,Man Utd,14,1,0,2026-01-25T16:30:00Z,0,0,0,0,0,0,0,0,0.0,0.0,0.0,0.0,0.0,0.0,0.0,0.0,0,58
2025-26,23,221,467,Chido Obi,FWD,Man Utd,14,1,0,2026-01-25T16:30:00Z,0,0,0,0,0,0,0,0,0.0,0.0,0.0,0.0,0.0,0.0,0.0,0.0,0,42
2025-26,23,221,468,Ethan Wheatley,FWD,Man Utd,14,1,0,2026-01-25T16:30:00Z,0,0,0,0,0,0,0,0,0.0,0.0,0.0,0.0,0.0,0.0,0.0,0.0,0,45
2025-26,23,229,469,Nick Pope,GK,Newcastle,15,2,1,2026-01-25T14:00:00Z,90,3,0,0,0,2,0,17,36.6,0.0,0.0,3.7,0.0,0.0,0.0,1.16,1,51
2025-26,23,224,470,Martin Dúbravka,GK,Burnley,3,18,1,2026-01-24T15:00:00Z,90,5,0,0,0,2,1,26,62.4,0.0,0.0,6.2,0.0,0.0,0.0,2.05,1,40
2025-26,23,229,471,Mark Gillespie,GK,Newcastle,15,2,1,2026-01-25T14:00:00Z,0,0,0,0,0,0,0,0,0.0,0.0,0.0,0.0,0.0,0.0,0.0,0.0,0,39
2025-26,23,229,472,Odysseas Vlachodimos,GK,Newcastle,15,2,1,2026-01-25T14:00:00Z,0,0,0,0,0,0,0,0,0.0,0.0,0.0,0.0,0.0,0.0,0.0,0.0,0,40
2025-26,23,229,473,Lewis Hall,DEF,Newcastle,15,2,1,2026-01-25T14:00:00Z,90,1,0,0,0,2,0,14,25.6,26.4,2.0,5.4,0.0,0.12,0.12,1.16,1,53
2025-26,23,229,474,Fabian Schär,DEF,Newcastle,15,2,1,2026-01-25T14:00:00Z,0,0,0,0,0,0,0,0,0.0,0.0,0.0,0.0,0.0,0.0,0.0,0.0,0,53
2025-26,23,229,475,Sven Botman,DEF,Newcastle,15,2,1,2026-01-25T14:00:00Z,90,3,0,0,0,2,0,16,34.2,1.3,17.0,5.3,0.03,0.02,0.05,1.16,1,49
2025-26,23,229,476,Dan Burn,DEF,Newcastle,15,2,1,2026-01-25T14:00:00Z,0,0,0,0,0,0,0,0,0.0,0.0,0.0,0.0,0.0,0.0,0.0,0.0,0,50
2025-26,23,229,477,Tino Livramento,DEF,Newcastle,15,2,1,2026-01-25T14:00:00Z,0,0,0,0,0,0,0,0,0.0,0.0,0.0,0.0,0.0,0.0,0.0,0.0,0,49
2025-26,23,229,478,Kieran Trippier,DEF,Newcastle,15,2,1,2026-01-25T14:00:00Z,90,1,0,0,0,2,0,10,19.0,23.9,0.0,4.3,0.0,0.21,0.21,1.16,1,49
2025-26,23,229,479,Emil Krafth,DEF,Newcastle,15,2,1,2026-01-25T14:00:00Z,0,0,0,0,0,0,0,0,0.0,0.0,0.0,0.0,0.0,0.0,0.0,0.0,0,43
2025-26,23,229,480,Jamaal Lascelles,DEF,Newcastle,15,2,1,2026-01-25T14:00:00Z,0,0,0,0,0,0,0,0,0.0,0.0,0.0,0.0,0.0,0.0,0.0,0.0,0,43
2025-26,23,229,481,Alex Murphy,DEF,Newcastle,15,2,1,2026-01-25T14:00:00Z,0,0,0,0,0,0,0,0,0.0,0.0,0.0,0.0,0.0,0.0,0.0,0.0,0,38
2025-26,23,229,482,Harrison Ashby,DEF,Newcastle,15,2,1,2026-01-25T14:00:00Z,0,0,0,0,0,0,0,0,0.0,0.0,0.0,0.0,0.0,0.0,0.0,0.0,0,39
2025-26,23,229,483,Miodrag Pivaš,DEF,Newcastle,15,2,1,2026-01-25T14:00:00Z,0,0,0,0,0,0,0,0,0.0,0.0,0.0,0.0,0.0,0.0,0.0,0.0,0,38
2025-26,23,229,484,Matt Targett,DEF,Newcastle,15,2,1,2026-01-25T14:00:00Z,0,0,0,0,0,0,0,0,0.0,0.0,0.0,0.0,0.0,0.0,0.0,0.0,0,40
2025-26,23,229,485,Anthony Gordon,MID,Newcastle,15,2,1,2026-01-25T14:00:00Z,62,2,0,0,0,1,0,9,7.6,33.8,7.0,4.8,0.53,0.35,0.88,0.64,1,74
2025-26,23,229,486,Anthony Elanga,MID,Newcastle,15,2,1,2026-01-25T14:00:00Z,27,1,0,0,0,1,0,4,0.0,1.5,4.0,0.5,0.08,0.01,0.09,0.52,0,65
2025-26,23,229,487,Harvey Barnes,MID,Newcastle,15,2,1,2026-01-25T14:00:00Z,90,2,0,0,0,2,0,3,1.2,14.4,20.0,3.6,0.57,0.02,0.59,1.16,1,61
2025-26,23,229,488,Bruno Guimarães Rodriguez Moura,MID,Newcastle,15,2,1,2026-01-25T14:00:00Z,0,0,0,0,0,0,0,0,0.0,0.0,0.0,0.0,0.0,0.0,0.0,0.0,0,73
2025-26,23,229,489,Jacob Murphy,MID,Newcastle,15,2,1,2026-01-25T14:00:00Z,0,0,0,0,0,0,0,0,0.0,0.0,0.0,0.0,0.0,0.0,0.0,0.0,0,59
2025-26,23,229,490,Joelinton Cássio Apolinário de Lira,MID,Newcastle,15,2,1,2026-01-25T14:00:00Z,47,0,0,0,0,1,0,6,5.4,12.4,6.0,2.4,0.04,0.02,0.06,0.49,1,59
2025-26,23,229,491,Sandro Tonali,MID,Newcastle,15,2,1,2026-01-25T14:00:00Z,83,4,0,0,0,1,0,24,27.0,4.6,28.0,6.0,0.63,0.03,0.66,0.71,1,53
2025-26,23,229,492,Antoñito Cordero Campillo,MID,Newcastle,15,2,1,2026-01-25T14:00:00Z,0,0,0,0,0,0,0,0,0.0,0.0,0.0,0.0,0.0,0.0,0.0,0.0,0,49
2025-26,23,226,493,Sean Longstaff,MID,Leeds,11,9,0,2026-01-26T20:00:00Z,5,1,0,0,0,0,0,3,0.0,14.1,4.0,1.8,0.06,0.02,0.08,0.0,0,48
2025-26,23,229,494,Joe Willock,MID,Newcastle,15,2,1,2026-01-25T14:00:00Z,6,1,0,0,0,1,0,3,0.6,0.3,0.0,0.1,0.0,0.0,0.0,0.44,0,50
2025-26,23,229,495,Isaac Hayden,MID,Newcastle,15,2,1,2026-01-25T14:00:00Z,0,0,0,0,0,0,0,0,0.0,0.0,0.0,0.0,0.0,0.0,0.0,0.0,0,45
2025-26,23,229,496,Garang Kuol,MID,Newcastle,15,2,1,2026-01-25T14:00:00Z,0,0,0,0,0,0,0,0,0.0,0.0,0.0,0.0,0.0,0.0,0.0,0.0,0,44
2025-26,23,229,497,Lewis Miley,MID,Newcastle,15,2,1,2026-01-25T14:00:00Z,90,2,0,0,0,2,0,14,20.2,37.1,19.0,7.6,0.18,0.05,0.23,1.16,1,45
2025-26,23,229,498,Joe White,MID,Newcastle,15,2,1,2026-01-25T14:00:00Z,0,0,0,0,0,0,0,0,0.0,0.0,0.0,0.0,0.0,0.0,0.0,0.0,0,45
2025-26,23,222,499,Alexander Isak,FWD,Liverpool,12,4,0,2026-01-24T17:30:00Z,0,0,0,0,0,0,0,0,0.0,0.0,0.0,0.0,0.0,0.0,0.0,0.0,0,103
2025-26,23,229,500,William Osula,FWD,Newcastle,15,2,1,2026-01-25T14:00:00Z,0,0,0,0,0,0,0,0,0.0,0.0,0.0,0.0,0.0,0.0,0.0,0.0,0,54
2025-26,23,229,501,Sean Neave,FWD,Newcastle,15,2,1,2026-01-25T14:00:00Z,0,0,0,0,0,0,0,0,0.0,0.0,0.0,0.0,0.0,0.0,0.0,0.0,0,43
2025-26,23,223,502,Matz Sels,GK,Nott'm Forest,16,5,0,2026-01-25T14:00:00Z,90,6,0,0,1,0,0,24,9.2,0.0,0.0,0.9,0.0,0.0,0.0,1.81,1,46
2025-26,23,223,503,Carlos Miguel dos Santos Pereira,GK,Nott'm Forest,16,5,0,2026-01-25T14:00:00Z,0,0,0,0,0,0,0,0,0.0,0.0,0.0,0.0,0.0,0.0,0.0,0.0,0,40
2025-26,23,223,504,Matt Turner,GK,Nott'm Forest,16,5,0,2026-01-25T14:00:00Z,0,0,0,0,0,0,0,0,0.0,0.0,0.0,0.0,0.0,0.0,0.0,0.0,0,40
2025-26,23,223,505,Nikola Milenković,DEF,Nott'm Forest,16,5,0,2026-01-25T14:00:00Z,90,8,0,0,1,0,0,24,17.2,0.0,0.0,1.7,0.0,0.0,0.0,1.81,1,51
2025-26,23,223,506,Murillo Costa dos Santos,DEF,Nott'm Forest,16,5,0,2026-01-25T14:00:00Z,90,8,0,0,1,0,0,23,18.6,0.3,0.0,1.9,0.0,0.01,0.01,1.81,1,52
2025-26,23,223,507,Ola Aina,DEF,Nott'm Forest,16,5,0,2026-01-25T14:00:00Z,90,11,0,1,1,0,2,32,22.2,5.5,2.0,3.0,0.0,0.01,0.01,1.81,1,47
2025-26,23,223,508,Neco Williams,DEF,Nott'm Forest,16,5,0,2026-01-25T14:00:00Z,90,8,0,0,1,0,0,25,25.0,1.5,2.0,2.9,0.0,0.0,0.0,1.81,1,47
2025-26,23,223,509,David Mota Veiga Teixeira do Carmo,DEF,Nott'm Forest,16,5,0,2026-01-25T14:00:00Z,0,0,0,0,0,0,0,0,0.0,0.0,0.0,0.0,0.0,0.0,0.0,0.0,0,45
2025-26,23,223,510,Jair Paula da Cunha Filho,DEF,Nott'm Forest,16,5,0,2026-01-25T14:00:00Z,0,0,0,0,0,0,0,0,0.0,0.0,0.0,0.0,0.0,0.0,0.0,0.0,0,42
2025-26,23,223,511,Felipe Rodrigues da Silva,DEF,Nott'm Forest,16,5,0,2026-01-25T14:00:00Z,3,1,0,0,0,0,0,6,4.0,0.0,0.0,0.4,0.0,0.0,0.0,0.14,0,43
2025-26,23,223,512,Omar Richards,DEF,Nott'm Forest,16,5,0,2026-01-25T14:00:00Z,0,0,0,0,0,0,0,0,0.0,0.0,0.0,0.0,0.0,0.0,0.0,0.0,0,45
2025-26,23,223,513,Zach Abbott,DEF,Nott'm Forest,16,5,0,2026-01-25T14:00:00Z,0,0,0,0,0,0,0,0,0.0,0.0,0.0,0.0,0.0,0.0,0.0,0.0,0,38
2025-26,23,223,514,Willy Boly,DEF,Nott'm Forest,16,5,0,2026-01-25T14:00:00Z,0,0,0,0,0,0,0,0,0.0,0.0,0.0,0.0,0.0,0.0,0.0,0.0,0,38
2025-26,23,223,515,Morgan Gibbs-White,MID,Nott'm Forest,16,5,0,2026-01-25T14:00:00Z,90,6,0,1,1,0,0,25,27.2,22.6,6.0,5.6,0.0,0.08,0.08,1.81,1,73
2025-26,23,223,516,Callum Hudson-Odoi,MID,Nott'm Forest,16,5,0,2026-01-25T14:00:00Z,86,3,0,0,1,0,0,13,13.0,17.4,0.0,3.0,0.0,0.02,0.02,1.67,1,57
2025-26,23,223,517,Elliot Anderson,MID,Nott'm Forest,16,5,0,2026-01-25T14:00:00Z,90,5,0,0,1,0,0,18,13.2,7.8,4.0,2.5,0.02,0.04,0.06,1.81,1,53
2025-26,23,223,518,João Pedro Ferreira da Silva,MID,Nott'm Forest,16,5,0,2026-01-25T14:00:00Z,0,0,0,0,0,0,0,0,0.0,0.0,0.0,0.0,0.0,0.0,0.0,0.0,0,54
2025-26,23,223,519,Nicolás Domínguez,MID,Nott'm Forest,16,5,0,2026-01-25T14:00:00Z,60,3,0,0,1,0,0,7,4.2,2.1,3.0,0.9,0.01,0.0,0.01,1.36,1,50
2025-26,23,223,520,Lewis O'Brien,MID,Nott'm Forest,16,5,0,2026-01-25T14:00:00Z,0,0,0,0,0,0,0,0,0.0,0.0,0.0,0.0,0.0,0.0,0.0,0.0,0,50
2025-26,23,223,521,Ibrahim Sangaré,MID,Nott'm Forest,16,5,0,2026-01-25T14:00:00Z,90,5,0,0,1,0,0,12,21.6,2.6,4.0,2.8,0.12,0.01,0.13,1.81,1,49
2025-26,23,223,522,Ryan Yates,MID,Nott'm Forest,16,5,0,2026-01-25T14:00:00Z,0,0,0,0,0,0,0,0,0.0,0.0,0.0,0.0,0.0,0.0,0.0,0.0,0,47
2025-26,23,223,523,Eric da Silva Moreira,MID,Nott'm Forest,16,5,0,2026-01-25T14:00:00Z,0,0,0,0,0,0,0,0,0.0,0.0,0.0,0.0,0.0,0.0,0.0,0.0,0,45
2025-26,23,223,524,Marko Stamenić,MID,Nott'm Forest,16,5,0,2026-01-25T14:00:00Z,0,0,0,0,0,0,0,0,0.0,0.0,0.0,0.0,0.0,0.0,0.0,0.0,0,45
2025-26,23,223,525,Chris Wood,FWD,Nott'm Forest,16,5,0,2026-01-25T14:00:00Z,0,0,0,0,0,0,0,0,0.0,0.0,0.0,0.0,0.0,0.0,0.0,0.0,0,72
2025-26,23,223,526,Igor Jesus Maciel da Cruz,FWD,Nott'm Forest,16,5,0,2026-01-25T14:00:00Z,67,9,1,0,1,0,3,39,42.8,0.3,35.0,7.8,0.23,0.01,0.24,1.36,1,58
2025-26,23,223,527,Taiwo Awoniyi,FWD,Nott'm Forest,16,5,0,2026-01-25T14:00:00Z,22,6,1,0,0,0,1,30,35.4,1.3,33.0,7.0,0.39,0.0,0.39,0.45,0,52
2025-26,23,230,528,Anthony Patterson,GK,Sunderland,17,19,0,2026-01-24T12:30:00Z,0,0,0,0,0,0,0,0,0.0,0.0,0.0,0.0,0.0,0.0,0.0,0.0,0,42
2025-26,23,230,529,Simon Moore,GK,Sunderland,17,19,0,2026-01-24T12:30:00Z,0,0,0,0,0,0,0,0,0.0,0.0,0.0,0.0,0.0,0.0,0.0,0.0,0,39
2025-26,23,230,530,Blondy Nna Noukeu,GK,Sunderland,17,19,0,2026-01-24T12:30:00Z,0,0,0,0,0,0,0,0,0.0,0.0,0.0,0.0,0.0,0.0,0.0,0.0,0,39
2025-26,23,230,531,Daniel Ballard,DEF,Sunderland,17,19,0,2026-01-24T12:30:00Z,90,2,0,0,0,3,0,-3,25.0,1.4,8.0,3.4,0.02,0.01,0.03,1.52,1,46
2025-26,23,230,532,Trai Hume,DEF,Sunderland,17,19,0,2026-01-24T12:30:00Z,45,0,0,0,0,3,0,-20,0.0,6.6,7.0,0.3,0.08,0.02,0.1,1.3,1,45
2025-26,23,230,533,Aji Alese,DEF,Sunderland,17,19,0,2026-01-24T12:30:00Z,0,0,0,0,0,0,0,0,0.0,0.0,0.0,0.0,0.0,0.0,0.0,0.0,0,40
2025-26,23,230,534,Joe Anderson,DEF,Sunderland,17,19,0,2026-01-24T12:30:00Z,0,0,0,0,0,0,0,0,0.0,0.0,0.0,0.0,0.0,0.0,0.0,0.0,0,38
2025-26,23,230,535,Dennis Cirkin,DEF,Sunderland,17,19,0,2026-01-24T12:30:00Z,45,1,0,0,0,0,0,5,6.0,1.1,0.0,0.7,0.0,0.0,0.0,0.22,0,40
2025-26,23,230,536,Leo Fuhr Hjelde,DEF,Sunderland,17,19,0,2026-01-24T12:30:00Z,0,0,0,0,0,0,0,0,0.0,0.0,0.0,0.0,0.0,0.0,0.0,0.0,0,40
2025-26,23,230,537,Niall Huggins,DEF,Sunderland,17,19,0,2026-01-24T12:30:00Z,0,0,0,0,0,0,0,0,0.0,0.0,0.0,0.0,0.0,0.0,0.0,0.0,0,40
2025-26,23,230,538,Zak Johnson,DEF,Sunderland,17,19,0,2026-01-24T12:30:00Z,0,0,0,0,0,0,0,0,0.0,0.0,0.0,0.0,0.0,0.0,0.0,0.0,0,38
2025-26,23,230,539,Luke O'Nien,DEF,Sunderland,17,19,0,2026-01-24T12:30:00Z,7,1,0,0,0,0,0,3,0.4,0.5,0.0,0.1,0.0,0.0,0.0,0.13,0,40
2025-26,23,230,540,Timothée Pembélé,DEF,Sunderland,17,19,0,2026-01-24T12:30:00Z,0,0,0,0,0,0,0,0,0.0,0.0,0.0,0.0,0.0,0.0,0.0,0.0,0,39
2025-26,23,230,541,Reinildo Mandava,DEF,Sunderland,17,19,0,2026-01-24T12:30:00Z,45,-1,0,0,0,3,0,-14,0.0,0.4,0.0,0.0,0.0,0.01,0.01,1.3,1,38
2025-26,23,230,542,Jenson Seelt,DEF,Sunderland,17,19,0,2026-01-24T12:30:00Z,0,0,0,0,0,0,0,0,0.0,0.0,0.0,0.0,0.0,0.0,0.0,0.0,0,40
2025-26,23,230,543,Simon Adingra,MID,Sunderland,17,19,0,2026-01-24T12:30:00Z,0,0,0,0,0,0,0,0,0.0,0.0,0.0,0.0,0.0,0.0,0.0,0.0,0,49
2025-26,23,230,544,Habib Diarra,MID,Sunderland,17,19,0,2026-01-24T12:30:00Z,45,0,0,0,0,0,0,-2,3.6,3.4,2.0,0.9,0.04,0.01,0.05,0.22,0,53
2025-26,23,230,545,Patrick Roberts,MID,Sunderland,17,19,0,2026-01-24T12:30:00Z,0,0,0,0,0,0,0,0,0.0,0.0,0.0,0.0,0.0,0.0,0.0,0.0,0,54
2025-26,23,230,546,Milan Aleksić,MID,Sunderland,17,19,0,2026-01-24T12:30:00Z,0,0,0,0,0,0,0,0,0.0,0.0,0.0,0.0,0.0,0.0,0.0,0.0,0,49
2025-26,23,230,547,Enzo Le Fée,MID,Sunderland,17,19,0,2026-01-24T12:30:00Z,90,2,0,0,0,3,0,18,15.0,19.0,2.0,3.6,0.0,0.06,0.06,1.52,1,49
2025-26,23,230,548,Romaine Mundle,MID,Sunderland,17,19,0,2026-01-24T12:30:00Z,45,1,0,0,0,3,0,0,0.0,1.1,0.0,0.1,0.0,0.0,0.0,1.3,1,49
2025-26,23,230,549,Dan Neil,MID,Sunderland,17,19,0,2026-01-24T12:30:00Z,0,0,0,0,0,0,0,0,0.0,0.0,0.0,0.0,0.0,0.0,0.0,0.0,0,48
2025-26,23,230,550,Ian Poveda-Ocampo,MID,Sunderland,17,19,0,2026-01-24T12:30:00Z,0,0,0,0,0,0,0,0,0.0,0.0,0.0,0.0,0.0,0.0,0.0,0.0,0,48
2025-26,23,230,551,Chris Rigg,MID,Sunderland,17,19,0,2026-01-24T12:30:00Z,0,0,0,0,0,0,0,0,0.0,0.0,0.0,0.0,0.0,0.0,0.0,0.0,0,47
2025-26,23,230,552,Noah Sadiki,MID,Sunderland,17,19,0,2026-01-24T12:30:00Z,90,3,0,0,0,3,0,15,20.0,3.0,7.0,3.0,0.06,0.01,0.07,1.52,1,49
2025-26,23,230,553,Chemsdine Talbi,MID,Sunderland,17,19,0,2026-01-24T12:30:00Z,45,1,0,0,0,0,0,2,4.8,17.9,1.0,2.4,0.01,0.03,0.04,0.22,0,49
2025-26,23,230,554,Abdoullah Ba,MID,Sunderland,17,19,0,2026-01-24T12:30:00Z,0,0,0,0,0,0,0,0,0.0,0.0,0.0,0.0,0.0,0.0,0.0,0.0,0,43
2025-26,23,230,555,Alan Browne,MID,Sunderland,17,19,0,2026-01-24T12:30:00Z,0,0,0,0,0,0,0,0,0.0,0.0,0.0,0.0,0.0,0.0,0.0,0.0,0,45
2025-26,23,230,556,Pierre Ekwah Elimby,MID,Sunderland,17,19,0,2026-01-24T12:30:00Z,0,0,0,0,0,0,0,0,0.0,0.0,0.0,0.0,0.0,0.0,0.0,0.0,0,45
2025-26,23,230,557,Harrison Jones,MID,Sunderland,17,19,0,2026-01-24T12:30:00Z,0,0,0,0,0,0,0,0,0.0,0.0,0.0,0.0,0.0,0.0,0.0,0.0,0,43
2025-26,23,230,558,Jay Matete,MID,Sunderland,17,19,0,2026-01-24T12:30:00Z,0,0,0,0,0,0,0,0,0.0,0.0,0.0,0.0,0.0,0.0,0.0,0.0,0,43
2025-26,23,230,559,Nectarios Triantis,MID,Sunderland,17,19,0,2026-01-24T12:30:00Z,0,0,0,0,0,0,0,0,0.0,0.0,0.0,0.0,0.0,0.0,0.0,0.0,0,44
2025-26,23,230,560,Wilson Isidor,FWD,Sunderland,17,19,0,2026-01-24T12:30:00Z,15,1,0,0,0,0,0,3,1.0,0.0,6.0,0.7,0.11,0.0,0.11,0.18,0,52
2025-26,23,230,561,Eliezer Mayenda Dossou,FWD,Sunderland,17,19,0,2026-01-24T12:30:00Z,74,2,0,0,0,3,0,0,2.2,1.3,4.0,0.8,0.0,0.01,0.01,1.34,1,52
2025-26,23,230,562,Ahmed Abdullahi,FWD,Sunderland,17,19,0,2026-01-24T12:30:00Z,0,0,0,0,0,0,0,0,0.0,0.0,0.0,0.0,0.0,0.0,0.0,0.0,0,42
2025-26,23,230,563,Luís Hemir Silva Semedo,FWD,Sunderland,17,19,0,2026-01-24T12:30:00Z,0,0,0,0,0,0,0,0,0.0,0.0,0.0,0.0,0.0,0.0,0.0,0.0,0,44
2025-26,23,230,564,Nazarii Rusyn,FWD,Sunderland,17,19,0,2026-01-24T12:30:00Z,0,0,0,0,0,0,0,0,0.0,0.0,0.0,0.0,0.0,0.0,0.0,0.0,0,44
2025-26,23,224,565,Guglielmo Vicario,GK,Spurs,18,3,0,2026-01-24T15:00:00Z,90,1,0,0,0,2,0,7,16.0,0.0,0.0,1.6,0.0,0.0,0.0,1.44,1,48
2025-26,23,224,566,Brandon Austin,GK,Spurs,18,3,0,2026-01-24T15:00:00Z,0,0,0,0,0,0,0,0,0.0,0.0,0.0,0.0,0.0,0.0,0.0,0.0,0,39
2025-26,23,224,567,Antonín Kinský,GK,Spurs,18,3,0,2026-01-24T15:00:00Z,0,0,0,0,0,0,0,0,0.0,0.0,0.0,0.0,0.0,0.0,0.0,0.0,0,39
2025-26,23,224,568,Pedro Porro Sauceda,DEF,Spurs,18,3,0,2026-01-24T15:00:00Z,45,1,0,0,0,1,0,2,3.6,3.8,11.0,1.8,0.12,0.01,0.13,0.64,1,52
2025-26,23,224,569,Cristian Romero,DEF,Spurs,18,3,0,2026-01-24T15:00:00Z,90,11,1,0,0,2,2,29,55.2,1.4,19.0,7.6,0.09,0.01,0.1,1.41,1,50
2025-26,23,224,570,Kevin Danso,DEF,Spurs,18,3,0,2026-01-24T15:00:00Z,77,1,0,0,0,2,0,5,19.0,2.0,0.0,2.1,0.0,0.02,0.02,1.41,1,42
2025-26,23,224,571,Ben Davies,DEF,Spurs,18,3,0,2026-01-24T15:00:00Z,0,0,0,0,0,0,0,0,0.0,0.0,0.0,0.0,0.0,0.0,0.0,0.0,0,43
2025-26,23,224,572,Radu Drăgușin,DEF,Spurs,18,3,0,2026-01-24T15:00:00Z,1,1,0,0,0,0,0,3,0.2,0.0,0.0,0.0,0.0,0.0,0.0,0.03,0,45
2025-26,23,224,573,Djed Spence,DEF,Spurs,18,3,0,2026-01-24T15:00:00Z,90,1,0,0,0,2,0,24,36.2,37.3,30.0,10.4,0.07,0.57,0.64,1.44,1,43
2025-26,23,224,574,Destiny Udogie,DEF,Spurs,18,3,0,2026-01-24T15:00:00Z,45,1,0,0,0,1,0,-2,2.8,2.7,4.0,1.0,0.0,0.05,0.05,0.8,0,43
2025-26,23,224,575,Micky van de Ven,DEF,Spurs,18,3,0,2026-01-24T15:00:00Z,90,7,1,0,0,2,0,21,49.4,2.8,19.0,7.1,0.07,0.01,0.08,1.44,1,46
2025-26,23,224,576,Ashley Phillips,DEF,Spurs,18,3,0,2026-01-24T15:00:00Z,0,0,0,0,0,0,0,0,0.0,0.0,0.0,0.0,0.0,0.0,0.0,0.0,0,40
2025-26,23,224,577,Takai Kōta,DEF,Spurs,18,3,0,2026-01-24T15:00:00Z,0,0,0,0,0,0,0,0,0.0,0.0,0.0,0.0,0.0,0.0,0.0,0.0,0,40
2025-26,23,224,578,Luka Vušković,DEF,Spurs,18,3,0,2026-01-24T15:00:00Z,0,0,0,0,0,0,0,0,0.0,0.0,0.0,0.0,0.0,0.0,0.0,0.0,0,39
2025-26,23,224,579,Son Heung-min,MID,Spurs,18,3,0,2026-01-24T15:00:00Z,0,0,0,0,0,0,0,0,0.0,0.0,0.0,0.0,0.0,0.0,0.0,0.0,0,85
2025-26,23,225,580,Brennan Johnson,MID,Crystal Palace,8,7,1,2026-01-25T14:00:00Z,75,2,0,0,0,3,0,9,3.8,2.5,5.0,1.1,0.03,0.01,0.04,2.2,1,65
2025-26,23,224,581,James Maddison,MID,Spurs,18,3,0,2026-01-24T15:00:00Z,0,0,0,0,0,0,0,0,0.0,0.0,0.0,0.0,0.0,0.0,0.0,0.0,0,68
2025-26,23,224,582,Mohammed Kudus,MID,Spurs,18,3,0,2026-01-24T15:00:00Z,0,0,0,0,0,0,0,0,0.0,0.0,0.0,0.0,0.0,0.0,0.0,0.0,0,64
2025-26,23,224,583,Dejan Kulusevski,MID,Spurs,18,3,0,2026-01-24T15:00:00Z,0,0,0,0,0,0,0,0,0.0,0.0,0.0,0.0,0.0,0.0,0.0,0.0,0,64
2025-26,23,224,584,Mathys Tel,MID,Spurs,18,3,0,2026-01-24T15:00:00Z,12,1,0,0,0,0,0,0,2.6,0.9,33.0,3.7,0.31,0.01,0.32,0.03,0,62
2025-26,23,224,585,Rodrigo Bentancur,MID,Spurs,18,3,0,2026-01-24T15:00:00Z,0,0,0,0,0,0,0,0,0.0,0.0,0.0,0.0,0.0,0.0,0.0,0.0,0,53
2025-26,23,224,586,Lucas Bergvall,MID,Spurs,18,3,0,2026-01-24T15:00:00Z,0,0,0,0,0,0,0,0,0.0,0.0,0.0,0.0,0.0,0.0,0.0,0.0,0,52
2025-26,23,224,587,Yves Bissouma,MID,Spurs,18,3,0,2026-01-24T15:00:00Z,77,4,0,0,0,2,0,22,21.2,6.5,1.0,2.9,0.03,0.06,0.09,1.41,1,52
2025-26,23,224,588,Wilson Odobert,MID,Spurs,18,3,0,2026-01-24T15:00:00Z,90,8,0,1,0,2,3,38,43.8,43.8,50.0,13.8,0.17,0.35,0.52,1.44,1,53
2025-26,23,224,589,Manor Solomon,MID,Spurs,18,3,0,2026-01-24T15:00:00Z,0,0,0,0,0,0,0,0,0.0,0.0,0.0,0.0,0.0,0.0,0.0,0.0,0,54
2025-26,23,224,590,Bryan Gil Salvatierra,MID,Spurs,18,3,0,2026-01-24T15:00:00Z,0,0,0,0,0,0,0,0,0.0,0.0,0.0,0.0,0.0,0.0,0.0,0.0,0,49
2025-26,23,224,591,Archie Gray,MID,Spurs,18,3,0,2026-01-24T15:00:00Z,12,1,0,0,0,0,0,3,0.6,0.5,0.0,0.1,0.0,0.0,0.0,0.03,0,48
2025-26,23,224,592,Mikey Moore,MID,Spurs,18,3,0,2026-01-24T15:00:00Z,0,0,0,0,0,0,0,0,0.0,0.0,0.0,0.0,0.0,0.0,0.0,0.0,0,50
2025-26,23,224,593,Pape Matar Sarr,MID,Spurs,18,3,0,2026-01-24T15:00:00Z,0,0,0,0,0,0,0,0,0.0,0.0,0.0,0.0,0.0,0.0,0.0,0.0,0,45
2025-26,23,224,594,Yang Min-hyeok,MID,Spurs,18,3,0,2026-01-24T15:00:00Z,0,0,0,0,0,0,0,0,0.0,0.0,0.0,0.0,0.0,0.0,0.0,0.0,0,45
2025-26,23,224,595,Callum Olusesi,MID,Spurs,18,3,0,2026-01-24T15:00:00Z,0,0,0,0,0,0,0,0,0.0,0.0,0.0,0.0,0.0,0.0,0.0,0.0,0,43
2025-26,23,224,596,Dominic Solanke-Mitchell,FWD,Spurs,18,3,0,2026-01-24T15:00:00Z,90,2,0,0,0,2,0,5,9.4,24.8,41.0,7.5,0.48,0.02,0.5,1.44,1,72
2025-26,23,224,597,Richarlison de Andrade,FWD,Spurs,18,3,0,2026-01-24T15:00:00Z,0,0,0,0,0,0,0,0,0.0,0.0,0.0,0.0,0.0,0.0,0.0,0.0,0,64
2025-26,23,224,598,Will Lankshear,FWD,Spurs,18,3,0,2026-01-24T15:00:00Z,0,0,0,0,0,0,0,0,0.0,0.0,0.0,0.0,0.0,0.0,0.0,0.0,0,45
2025-26,23,224,599,Dane Scarlett,FWD,Spurs,18,3,0,2026-01-24T15:00:00Z,5,1,0,0,0,0,0,3,1.0,4.0,0.0,0.5,0.0,0.01,0.01,0.03,0,43
2025-26,23,230,600,Alphonse Areola,GK,West Ham,19,17,1,2026-01-24T12:30:00Z,90,2,0,0,0,1,0,6,6.4,0.0,0.0,0.6,0.0,0.0,0.0,0.67,1,43
2025-26,23,230,601,Wes Foderingham,GK,West Ham,19,17,1,2026-01-24T12:30:00Z,0,0,0,0,0,0,0,0,0.0,0.0,0.0,0.0,0.0,0.0,0.0,0.0,0,40
2025-26,23,230,602,Krisztián Hegyi,GK,West Ham,19,17,1,2026-01-24T12:30:00Z,0,0,0,0,0,0,0,0,0.0,0.0,0.0,0.0,0.0,0.0,0.0,0.0,0,39
2025-26,23,230,603,El Hadji Malick Diouf,DEF,West Ham,19,17,1,2026-01-24T12:30:00Z,20,1,0,0,0,0,0,8,12.4,0.1,0.0,1.3,0.0,0.0,0.0,0.11,0,40
2025-26,23,230,604,Emerson Palmieri dos Santos,DEF,West Ham,19,17,1,2026-01-24T12:30:00Z,0,0,0,0,0,0,0,0,0.0,0.0,0.0,0.0,0.0,0.0,0.0,0.0,0,44
2025-26,23,230,605,Maximilian Kilman,DEF,West Ham,19,17,1,2026-01-24T12:30:00Z,1,1,0,0,0,0,0,3,0.0,0.0,0.0,0.0,0.0,0.0,0.0,0.0,0,42
2025-26,23,230,606,Konstantinos Mavropanos,DEF,West Ham,19,17,1,2026-01-24T12:30:00Z,90,2,0,0,0,1,0,3,8.6,0.2,5.0,1.4,0.05,0.0,0.05,0.67,1,44
2025-26,23,230,607,Nayef Aguerd,DEF,West Ham,19,17,1,2026-01-24T12:30:00Z,0,0,0,0,0,0,0,0,0.0,0.0,0.0,0.0,0.0,0.0,0.0,0.0,0,44
2025-26,23,230,608,Ollie Scarles,DEF,West Ham,19,17,1,2026-01-24T12:30:00Z,70,5,0,1,0,1,0,25,12.6,1.2,4.0,1.8,0.0,0.01,0.01,0.56,1,43
2025-26,23,230,609,Jean-Clair Todibo,DEF,West Ham,19,17,1,2026-01-24T12:30:00Z,90,2,0,0,0,1,0,12,16.2,0.8,0.0,1.7,0.0,0.0,0.0,0.67,1,43
2025-26,23,230,610,Aaron Wan-Bissaka,DEF,West Ham,19,17,1,2026-01-24T12:30:00Z,90,2,0,0,0,1,0,12,13.4,12.5,0.0,2.6,0.0,0.04,0.04,0.67,1,41
2025-26,23,230,611,Kaelan Casey,DEF,West Ham,19,17,1,2026-01-24T12:30:00Z,0,0,0,0,0,0,0,0,0.0,0.0,0.0,0.0,0.0,0.0,0.0,0.0,0,40
2025-26,23,230,612,Lucas Tolentino Coelho de Lima,MID,West Ham,19,17,1,2026-01-24T12:30:00Z,0,0,0,0,0,0,0,0,0.0,0.0,0.0,0.0,0.0,0.0,0.0,0.0,0,59
2025-26,23,230,613,Tomáš Souček,MID,West Ham,19,17,1,2026-01-24T12:30:00Z,90,2,0,0,0,1,0,19,16.2,14.8,2.0,3.3,0.0,0.09,0.09,0.67,1,57
2025-26,23,230,614,James Ward-Prowse,MID,West Ham,19,17,1,2026-01-24T12:30:00Z,0,0,0,0,0,0,0,0,0.0,0.0,0.0,0.0,0.0,0.0,0.0,0.0,0,56
2025-26,23,230,615,Crysencio Summerville,MID,West Ham,19,17,1,2026-01-24T12:30:00Z,90,8,1,0,0,1,1,30,43.0,23.2,36.0,10.2,0.13,0.04,0.17,0.67,1,55
2025-26,23,230,616,Edson Álvarez Velázquez,MID,West Ham,19,17,1,2026-01-24T12:30:00Z,0,0,0,0,0,0,0,0,0.0,0.0,0.0,0.0,0.0,0.0,0.0,0.0,0,49
2025-26,23,230,617,Maxwel Cornet,MID,West Ham,19,17,1,2026-01-24T12:30:00Z,0,0,0,0,0,0,0,0,0.0,0.0,0.0,0.0,0.0,0.0,0.0,0.0,0,49
2025-26,23,230,618,Guido Rodríguez,MID,West Ham,19,17,1,2026-01-24T12:30:00Z,0,0,0,0,0,0,0,0,0.0,0.0,0.0,0.0,0.0,0.0,0.0,0.0,0,48
2025-26,23,230,619,Luis Guilherme Lira dos Santos,MID,West Ham,19,17,1,2026-01-24T12:30:00Z,0,0,0,0,0,0,0,0,0.0,0.0,0.0,0.0,0.0,0.0,0.0,0.0,0,49
2025-26,23,230,620,George Earthy,MID,West Ham,19,17,1,2026-01-24T12:30:00Z,0,0,0,0,0,0,0,0,0.0,0.0,0.0,0.0,0.0,0.0,0.0,0.0,0,45
2025-26,23,230,621,Andy Irving,MID,West Ham,19,17,1,2026-01-24T12:30:00Z,0,0,0,0,0,0,0,0,0.0,0.0,0.0,0.0,0.0,0.0,0.0,0.0,0,43
2025-26,23,230,622,Lewis Orford,MID,West Ham,19,17,1,2026-01-24T12:30:00Z,0,0,0,0,0,0,0,0,0.0,0.0,0.0,0.0,0.0,0.0,0.0,0.0,0,44
2025-26,23,230,623,Freddie Potts,MID,West Ham,19,17,1,2026-01-24T12:30:00Z,15,1,0,0,0,0,0,6,5.2,0.8,2.0,0.8,0.0,0.64,0.64,0.11,0,44
2025-26,23,230,624,Jarrod Bowen,FWD,West Ham,19,17,1,2026-01-24T12:30:00Z,90,12,1,1,0,1,3,41,58.2,20.8,23.0,10.2,0.84,0.14,0.98,0.67,1,76
2025-26,23,230,625,Niclas Füllkrug,FWD,West Ham,19,17,1,2026-01-24T12:30:00Z,0,0,0,0,0,0,0,0,0.0,0.0,0.0,0.0,0.0,0.0,0.0,0.0,0,56
2025-26,23,230,626,Callum Marshall,FWD,West Ham,19,17,1,2026-01-24T12:30:00Z,0,0,0,0,0,0,0,0,0.0,0.0,0.0,0.0,0.0,0.0,0.0,0.0,0,43
2025-26,23,228,627,Sam Johnstone,GK,Wolves,20,13,0,2026-01-24T15:00:00Z,0,0,0,0,0,0,0,0,0.0,0.0,0.0,0.0,0.0,0.0,0.0,0.0,0,44
2025-26,23,228,628,José Malheiro de Sá,GK,Wolves,20,13,0,2026-01-24T15:00:00Z,90,1,0,0,0,2,0,5,17.4,0.0,0.0,1.7,0.0,0.0,0.0,0.86,1,42
2025-26,23,228,629,Daniel Bentley,GK,Wolves,20,13,0,2026-01-24T15:00:00Z,0,0,0,0,0,0,0,0,0.0,0.0,0.0,0.0,0.0,0.0,0.0,0.0,0,39
2025-26,23,226,630,Tom King,GK,Everton,9,11,1,2026-01-26T20:00:00Z,0,0,0,0,0,0,0,0,0.0,0.0,0.0,0.0,0.0,0.0,0.0,0.0,0,39
2025-26,23,228,631,Emmanuel Agbadou,DEF,Wolves,20,13,0,2026-01-24T15:00:00Z,0,0,0,0,0,0,0,0,0.0,0.0,0.0,0.0,0.0,0.0,0.0,0.0,0,42
2025-26,23,228,632,Matt Doherty,DEF,Wolves,20,13,0,2026-01-24T15:00:00Z,0,0,0,0,0,0,0,0,0.0,0.0,0.0,0.0,0.0,0.0,0.0,0.0,0,44
2025-26,23,228,633,Hugo Bueno López,DEF,Wolves,20,13,0,2026-01-24T15:00:00Z,90,1,0,0,0,2,0,8,18.6,15.0,0.0,3.4,0.0,0.13,0.13,0.86,1,43
2025-26,23,228,634,Yerson Mosquera Valdelamar,DEF,Wolves,20,13,0,2026-01-24T15:00:00Z,90,0,0,0,0,2,0,2,14.0,0.3,38.0,5.2,0.35,0.0,0.35,0.86,1,43
2025-26,23,228,635,Rodrigo Martins Gomes,DEF,Wolves,20,13,0,2026-01-24T15:00:00Z,45,1,0,0,0,0,0,3,0.6,0.9,4.0,0.6,0.0,0.01,0.01,0.18,0,44
2025-26,23,228,636,Santiago Ignacio Bueno,DEF,Wolves,20,13,0,2026-01-24T15:00:00Z,90,1,0,0,0,2,0,5,14.0,0.1,4.0,1.8,0.0,0.0,0.0,0.86,1,44
2025-26,23,228,637,Toti Gomes,DEF,Wolves,20,13,0,2026-01-24T15:00:00Z,0,0,0,0,0,0,0,0,0.0,0.0,0.0,0.0,0.0,0.0,0.0,0.0,0,42
2025-26,23,228,638,Ki-Jana Hoever,DEF,Wolves,20,13,0,2026-01-24T15:00:00Z,0,0,0,0,0,0,0,0,0.0,0.0,0.0,0.0,0.0,0.0,0.0,0.0,0,38
2025-26,23,228,639,Bastien Meupiyou Menadjou,DEF,Wolves,20,13,0,2026-01-24T15:00:00Z,0,0,0,0,0,0,0,0,0.0,0.0,0.0,0.0,0.0,0.0,0.0,0.0,0,40
2025-26,23,228,640,Pedro Cardoso de Lima,DEF,Wolves,20,13,0,2026-01-24T15:00:00Z,0,0,0,0,0,0,0,0,0.0,0.0,0.0,0.0,0.0,0.0,0.0,0.0,0,40
2025-26,23,228,641,Alfie Pond,DEF,Wolves,20,13,0,2026-01-24T15:00:00Z,0,0,0,0,0,0,0,0,0.0,0.0,0.0,0.0,0.0,0.0,0.0,0.0,0,39
2025-26,23,228,642,Hwang Hee-chan,MID,Wolves,20,13,0,2026-01-24T15:00:00Z,70,2,0,0,0,2,0,3,0.0,0.7,0.0,0.0,0.0,0.01,0.01,0.79,1,56
2025-26,23,228,643,André Trindade da Costa Neto,MID,Wolves,20,13,0,2026-01-24T15:00:00Z,90,1,0,0,0,2,0,20,10.2,1.8,0.0,1.2,0.0,0.01,0.01,0.86,1,53
2025-26,23,228,644,Jean-Ricner Bellegarde,MID,Wolves,20,13,0,2026-01-24T15:00:00Z,0,0,0,0,0,0,0,0,0.0,0.0,0.0,0.0,0.0,0.0,0.0,0.0,0,51
2025-26,23,228,645,Fer López González,MID,Wolves,20,13,0,2026-01-24T15:00:00Z,0,0,0,0,0,0,0,0,0.0,0.0,0.0,0.0,0.0,0.0,0.0,0.0,0,51
2025-26,23,228,646,João Victor Gomes da Silva,MID,Wolves,20,13,0,2026-01-24T15:00:00Z,90,3,0,0,0,2,0,10,14.2,24.3,3.0,4.2,0.05,0.02,0.07,0.86,1,53
2025-26,23,228,647,Gonçalo Manuel Ganchinho Guedes,MID,Wolves,20,13,0,2026-01-24T15:00:00Z,0,0,0,0,0,0,0,0,0.0,0.0,0.0,0.0,0.0,0.0,0.0,0.0,0,55
2025-26,23,228,648,Marshall Munetsi,MID,Wolves,20,13,0,2026-01-24T15:00:00Z,0,0,0,0,0,0,0,0,0.0,0.0,0.0,0.0,0.0,0.0,0.0,0.0,0,53
2025-26,23,228,649,Boubacar Traoré,MID,Wolves,20,13,0,2026-01-24T15:00:00Z,0,0,0,0,0,0,0,0,0.0,0.0,0.0,0.0,0.0,0.0,0.0,0.0,0,50
2025-26,23,228,650,Tawanda Chirewa,MID,Wolves,20,13,0,2026-01-24T15:00:00Z,0,0,0,0,0,0,0,0,0.0,0.0,0.0,0.0,0.0,0.0,0.0,0.0,0,43
2025-26,23,228,651,Tom Edozie,MID,Wolves,20,13,0,2026-01-24T15:00:00Z,0,0,0,0,0,0,0,0,0.0,0.0,0.0,0.0,0.0,0.0,0.0,0.0,0,43
2025-26,23,228,652,Enso González Medina,MID,Wolves,20,13,0,2026-01-24T15:00:00Z,0,0,0,0,0,0,0,0,0.0,0.0,0.0,0.0,0.0,0.0,0.0,0.0,0,43
2025-26,23,228,653,Joe Hodge,MID,Wolves,20,13,0,2026-01-24T15:00:00Z,0,0,0,0,0,0,0,0,0.0,0.0,0.0,0.0,0.0,0.0,0.0,0.0,0,45
2025-26,23,228,654,Jørgen Strand Larsen,FWD,Wolves,20,13,0,2026-01-24T15:00:00Z,45,1,0,0,0,0,0,2,4.6,11.6,0.0,1.6,0.0,0.0,0.0,0.18,0,61
2025-26,23,228,655,Fábio Soares Silva,FWD,Wolves,20,13,0,2026-01-24T15:00:00Z,0,0,0,0,0,0,0,0,0.0,0.0,0.0,0.0,0.0,0.0,0.0,0.0,0,49
2025-26,23,228,656,Saša Kalajdžić,FWD,Wolves,20,13,0,2026-01-24T15:00:00Z,0,0,0,0,0,0,0,0,0.0,0.0,0.0,0.0,0.0,0.0,0.0,0.0,0,49
2025-26,23,228,657,Leon Chiwome,FWD,Wolves,20,13,0,2026-01-24T15:00:00Z,0,0,0,0,0,0,0,0,0.0,0.0,0.0,0.0,0.0,0.0,0.0,0.0,0,44
2025-26,23,228,658,Nathan Fraser,FWD,Wolves,20,13,0,2026-01-24T15:00:00Z,0,0,0,0,0,0,0,0,0.0,0.0,0.0,0.0,0.0,0.0,0.0,0.0,0,42
2025-26,23,230,659,Kyle Walker-Peters,DEF,West Ham,19,17,1,2026-01-24T12:30:00Z,0,0,0,0,0,0,0,0,0.0,0.0,0.0,0.0,0.0,0.0,0.0,0.0,0,42
2025-26,23,226,660,Anton Stach,MID,Leeds,11,9,0,2026-01-26T20:00:00Z,84,8,0,1,0,1,2,31,44.6,28.4,17.0,9.0,0.04,0.37,0.41,0.6,1,49
2025-26,23,222,661,Hugo Ekitiké,FWD,Liverpool,12,4,0,2026-01-24T17:30:00Z,31,1,0,0,0,1,0,1,4.2,24.0,6.0,3.4,0.0,0.05,0.05,1.71,0,89
2025-26,23,221,662,Cristhian Mosquera,DEF,Arsenal,1,14,1,2026-01-25T16:30:00Z,0,0,0,0,0,0,0,0,0.0,0.0,0.0,0.0,0.0,0.0,0.0,0.0,0,53
2025-26,23,228,663,Jhon Arias,MID,Wolves,20,13,0,2026-01-24T15:00:00Z,45,1,0,0,0,2,0,2,1.0,1.0,0.0,0.2,0.0,0.0,0.0,0.68,1,49
2025-26,23,227,664,Benjamin Lecomte,GK,Fulham,10,6,1,2026-01-24T15:00:00Z,0,0,0,0,0,0,0,0,0.0,0.0,0.0,0.0,0.0,0.0,0.0,0.0,0,39
2025-26,23,226,665,Lucas Estella Perri,GK,Leeds,11,9,0,2026-01-26T20:00:00Z,0,0,0,0,0,0,0,0,0.0,0.0,0.0,0.0,0.0,0.0,0.0,0.0,0,45
2025-26,23,221,666,Viktor Gyökeres,FWD,Arsenal,1,14,1,2026-01-25T16:30:00Z,32,1,0,0,0,1,0,1,0.0,0.5,4.0,0.2,0.03,0.0,0.03,0.27,0,87
2025-26,23,226,667,Adam Aznou,DEF,Everton,9,11,1,2026-01-26T20:00:00Z,0,0,0,0,0,0,0,0,0.0,0.0,0.0,0.0,0.0,0.0,0.0,0.0,0,42
2025-26,23,230,668,Granit Xhaka,MID,Sunderland,17,19,0,2026-01-24T12:30:00Z,0,0,0,0,0,0,0,0,0.0,0.0,0.0,0.0,0.0,0.0,0.0,0.0,0,52
2025-26,23,223,669,Dan Ndoye,MID,Nott'm Forest,16,5,0,2026-01-25T14:00:00Z,0,0,0,0,0,0,0,0,0.0,0.0,0.0,0.0,0.0,0.0,0.0,0.0,0,55
2025-26,23,230,670,Robin Roefs,GK,Sunderland,17,19,0,2026-01-24T12:30:00Z,90,1,0,0,0,3,0,5,17.8,0.0,0.0,1.8,0.0,0.01,0.01,1.52,1,50
2025-26,23,230,671,Callum Wilson,FWD,West Ham,19,17,1,2026-01-24T12:30:00Z,20,1,0,0,0,0,0,4,0.0,10.0,8.0,1.7,0.1,0.0,0.1,0.11,0,58
2025-26,23,225,672,Jorrel Hato,DEF,Chelsea,7,8,0,2026-01-25T14:00:00Z,9,1,0,0,0,1,0,0,5.6,0.1,0.0,0.6,0.0,0.0,0.0,0.95,0,46
2025-26,23,224,673,João Maria Lobo Alves Palhares Costa Palhinha Gonçalves,MID,Spurs,18,3,0,2026-01-24T15:00:00Z,0,0,0,0,0,0,0,0,0.0,0.0,0.0,0.0,0.0,0.0,0.0,0.0,0,55
2025-26,23,229,674,Aaron Ramsdale,GK,Newcastle,15,2,1,2026-01-25T14:00:00Z,0,0,0,0,0,0,0,0,0.0,0.0,0.0,0.0,0.0,0.0,0.0,0.0,0,48
2025-26,23,223,675,Angus Gunn,GK,Nott'm Forest,16,5,0,2026-01-25T14:00:00Z,0,0,0,0,0,0,0,0,0.0,0.0,0.0,0.0,0.0,0.0,0.0,0.0,0,40
2025-26,23,224,676,Lesley Ugochukwu,MID,Burnley,3,18,1,2026-01-24T15:00:00Z,90,2,0,0,0,2,0,16,9.8,3.8,0.0,1.4,0.0,0.01,0.01,2.05,1,50
2025-26,23,229,677,Evann Guessand,MID,Aston Villa,2,15,0,2026-01-25T14:00:00Z,0,0,0,0,0,0,0,0,0.0,0.0,0.0,0.0,0.0,0.0,0.0,0.0,0,62
2025-26,23,230,678,Arthur Masuaku,DEF,Sunderland,17,19,0,2026-01-24T12:30:00Z,0,0,0,0,0,0,0,0,0.0,0.0,0.0,0.0,0.0,0.0,0.0,0.0,0,39
2025-26,23,230,679,Mads Hermansen,GK,West Ham,19,17,1,2026-01-24T12:30:00Z,0,0,0,0,0,0,0,0,0.0,0.0,0.0,0.0,0.0,0.0,0.0,0.0,0,42
2025-26,23,224,680,Armando Broja,FWD,Burnley,3,18,1,2026-01-24T15:00:00Z,68,2,0,0,0,1,0,0,0.0,0.9,13.0,0.9,0.09,0.01,0.1,1.28,1,52
2025-26,23,221,681,Benjamin Sesko,FWD,Man Utd,14,1,0,2026-01-25T16:30:00Z,9,1,0,0,0,1,0,3,0.0,0.0,0.0,0.0,0.0,0.0,0.0,0.4,0,72
2025-26,23,228,682,David Møller Wolfe,DEF,Wolves,20,13,0,2026-01-24T15:00:00Z,0,0,0,0,0,0,0,0,0.0,0.0,0.0,0.0,0.0,0.0,0.0,0.0,0,43
2025-26,23,230,683,Omar Alderete,DEF,Sunderland,17,19,0,2026-01-24T12:30:00Z,90,1,0,0,0,3,0,9,22.8,20.9,2.0,4.6,0.0,0.01,0.01,1.52,1,41
2025-26,23,229,684,Malick Thiaw,DEF,Newcastle,15,2,1,2026-01-25T14:00:00Z,90,1,0,0,0,2,0,8,16.8,6.6,0.0,2.3,0.0,0.02,0.02,1.16,1,51
2025-26,23,222,685,Bafodé Diakité,DEF,Bournemouth,4,12,1,2026-01-24T17:30:00Z,0,0,0,0,0,0,0,0,0.0,0.0,0.0,0.0,0.0,0.0,0.0,0.0,0,43
2025-26,23,222,686,Rio Ngumoha,MID,Liverpool,12,4,0,2026-01-24T17:30:00Z,16,1,0,0,0,1,0,5,1.0,1.5,8.0,1.1,0.0,0.03,0.03,1.19,0,43
2025-26,23,222,687,Remy Rees-Dottin,MID,Bournemouth,4,12,1,2026-01-24T17:30:00Z,0,0,0,0,0,0,0,0,0.0,0.0,0.0,0.0,0.0,0.0,0.0,0.0,0,44
2025-26,23,229,688,James Wright,GK,Aston Villa,2,15,0,2026-01-25T14:00:00Z,0,0,0,0,0,0,0,0,0.0,0.0,0.0,0.0,0.0,0.0,0.0,0.0,0,39
2025-26,23,229,689,Seung-Soo Park,MID,Newcastle,15,2,1,2026-01-25T14:00:00Z,0,0,0,0,0,0,0,0,0.0,0.0,0.0,0.0,0.0,0.0,0.0,0.0,0,43
2025-26,23,225,690,Rio Cardines,MID,Crystal Palace,8,7,1,2026-01-25T14:00:00Z,0,0,0,0,0,0,0,0,0.0,0.0,0.0,0.0,0.0,0.0,0.0,0.0,0,44
2025-26,23,226,691,Dominic Calvert-Lewin,FWD,Leeds,11,9,0,2026-01-26T20:00:00Z,90,2,0,0,0,1,0,0,3.8,3.8,26.0,3.4,0.5,0.02,0.52,0.6,1,60
2025-26,23,222,692,Giovanni Leoni,DEF,Liverpool,12,4,0,2026-01-24T17:30:00Z,0,0,0,0,0,0,0,0,0.0,0.0,0.0,0.0,0.0,0.0,0.0,0.0,0,49
2025-26,23,223,693,Omari Hutchinson,MID,Nott'm Forest,16,5,0,2026-01-25T14:00:00Z,29,1,0,0,0,0,0,3,3.2,4.1,0.0,0.7,0.0,0.01,0.01,0.45,0,54
2025-26,23,230,694,Nordi Mukiele,DEF,Sunderland,17,19,0,2026-01-24T12:30:00Z,82,4,0,1,0,3,0,8,30.0,15.4,2.0,4.7,0.0,0.15,0.15,1.39,1,45
2025-26,23,228,695,Jackson Tchatchoua,DEF,Wolves,20,13,0,2026-01-24T15:00:00Z,45,0,0,0,0,2,0,-4,4.0,10.3,2.0,1.6,0.0,0.0,0.0,0.68,1,44
2025-26,23,223,696,Arnaud Kalimuendo,FWD,Nott'm Forest,16,5,0,2026-01-25T14:00:00Z,0,0,0,0,0,0,0,0,0.0,0.0,0.0,0.0,0.0,0.0,0.0,0.0,0,60
2025-26,23,222,697,Amine Adli,MID,Bournemouth,4,12,1,2026-01-24T17:30:00Z,90,10,1,0,0,2,1,30,48.6,5.3,47.0,10.1,0.38,0.1,0.48,0.93,1,54
2025-26,23,226,698,Noah Okafor,MID,Leeds,11,9,0,2026-01-26T20:00:00Z,5,1,0,0,0,0,0,5,5.2,21.5,2.0,2.9,0.0,0.02,0.02,0.0,0,55
2025-26,23,223,699,Douglas Luiz Soares de Paulo,MID,Nott'm Forest,16,5,0,2026-01-25T14:00:00Z,0,0,0,0,0,0,0,0,0.0,0.0,0.0,0.0,0.0,0.0,0.0,0.0,0,49
2025-26,23,221,700,Max Dowman,MID,Arsenal,1,14,1,2026-01-25T16:30:00Z,0,0,0,0,0,0,0,0,0.0,0.0,0.0,0.0,0.0,0.0,0.0,0.0,0,42
2025-26,23,229,701,Triston Rowe,DEF,Aston Villa,2,15,0,2026-01-25T14:00:00Z,0,0,0,0,0,0,0,0,0.0,0.0,0.0,0.0,0.0,0.0,0.0,0.0,0,40
2025-26,23,229,702,Bradley Burrowes,MID,Aston Villa,2,15,0,2026-01-25T14:00:00Z,0,0,0,0,0,0,0,0,0.0,0.0,0.0,0.0,0.0,0.0,0.0,0.0,0,44
2025-26,23,229,703,Sam Proctor,GK,Aston Villa,2,15,0,2026-01-25T14:00:00Z,0,0,0,0,0,0,0,0,0.0,0.0,0.0,0.0,0.0,0.0,0.0,0.0,0,39
2025-26,23,226,704,Tyler Onyango,MID,Everton,9,11,1,2026-01-26T20:00:00Z,0,0,0,0,0,0,0,0,0.0,0.0,0.0,0.0,0.0,0.0,0.0,0.0,0,45
2025-26,23,226,705,Elijah Campbell,DEF,Everton,9,11,1,2026-01-26T20:00:00Z,0,0,0,0,0,0,0,0,0.0,0.0,0.0,0.0,0.0,0.0,0.0,0.0,0,39
2025-26,23,226,706,James Justin,DEF,Leeds,11,9,0,2026-01-26T20:00:00Z,90,9,1,0,0,1,1,25,44.4,11.8,39.0,9.5,0.45,0.01,0.46,0.6,1,39
2025-26,23,226,707,Tyler Dibling,MID,Everton,9,11,1,2026-01-26T20:00:00Z,19,1,0,0,0,0,0,2,5.2,12.3,4.0,2.2,0.0,0.06,0.06,0.13,0,53
2025-26,23,230,708,Mateus Gonçalo Espanha Fernandes,MID,West Ham,19,17,1,2026-01-24T12:30:00Z,90,8,1,0,0,1,2,34,42.2,4.3,9.0,5.6,0.07,0.04,0.11,0.67,1,55
2025-26,23,228,709,Ladislav Krejcí,DEF,Wolves,20,13,0,2026-01-24T15:00:00Z,90,1,0,0,0,2,0,8,16.2,0.3,2.0,1.9,0.0,0.03,0.03,0.86,1,45
2025-26,23,229,710,Travis Patterson,DEF,Aston Villa,2,15,0,2026-01-25T14:00:00Z,0,0,0,0,0,0,0,0,0.0,0.0,0.0,0.0,0.0,0.0,0.0,0.0,0,39
2025-26,23,221,711,Andre Harriman-Annous,MID,Arsenal,1,14,1,2026-01-25T16:30:00Z,0,0,0,0,0,0,0,0,0.0,0.0,0.0,0.0,0.0,0.0,0.0,0.0,0,44
2025-26,23,225,712,Yéremy Pino Santos,MID,Crystal Palace,8,7,1,2026-01-25T14:00:00Z,25,1,0,0,0,0,0,9,8.0,38.7,2.0,4.9,0.05,0.41,0.46,0.0,0,58
2025-26,23,222,713,Álex Jiménez Sánchez,DEF,Bournemouth,4,12,1,2026-01-24T17:30:00Z,84,7,1,0,0,2,0,16,54.4,1.1,52.0,10.8,0.43,0.01,0.44,0.79,1,45
2025-26,23,229,714,Nick Woltemade,FWD,Newcastle,15,2,1,2026-01-25T14:00:00Z,28,1,0,0,0,1,0,2,0.0,0.8,2.0,0.3,0.0,0.0,0.0,0.52,0,72
2025-26,23,223,715,John Victor Maciel Furtado,GK,Nott'm Forest,16,5,0,2026-01-25T14:00:00Z,0,0,0,0,0,0,0,0,0.0,0.0,0.0,0.0,0.0,0.0,0.0,0.0,0,40
2025-26,23,223,716,Nicolò Savona,DEF,Nott'm Forest,16,5,0,2026-01-25T14:00:00Z,0,0,0,0,0,0,0,0,0.0,0.0,0.0,0.0,0.0,0.0,0.0,0.0,0,45
2025-26,23,224,717,Xavi Simons,MID,Spurs,18,3,0,2026-01-24T15:00:00Z,90,4,0,0,0,2,0,13,6.4,39.4,14.0,6.0,0.51,0.56,1.07,1.44,1,65
2025-26,23,230,718,Soungoutou Magassa,MID,West Ham,19,17,1,2026-01-24T12:30:00Z,0,0,0,0,0,0,0,0,0.0,0.0,0.0,0.0,0.0,0.0,0.0,0.0,0,50
2025-26,23,229,719,Victor Lindelöf,DEF,Aston Villa,2,15,0,2026-01-25T14:00:00Z,1,1,0,0,0,0,0,4,2.8,0.7,0.0,0.4,0.0,0.03,0.03,0.13,0,45
2025-26,23,228,720,Tolu Arokodare,FWD,Wolves,20,13,0,2026-01-24T15:00:00Z,19,1,0,0,0,0,0,1,0.0,0.8,8.0,0.7,0.08,0.05,0.13,0.07,0,54
2025-26,23,222,721,Veljko Milosavljevic,DEF,Bournemouth,4,12,1,2026-01-24T17:30:00Z,0,0,0,0,0,0,0,0,0.0,0.0,0.0,0.0,0.0,0.0,0.0,0.0,0,44
2025-26,23,224,722,Florentino Ibrain Morris Luís,MID,Burnley,3,18,1,2026-01-24T15:00:00Z,68,4,0,0,0,1,0,8,6.2,2.1,2.0,1.0,0.0,0.01,0.01,1.28,1,50
2025-26,23,225,723,Jaydee Canvot,DEF,Crystal Palace,8,7,1,2026-01-25T14:00:00Z,64,0,0,0,0,3,0,-7,0.0,1.7,0.0,0.0,0.0,0.0,0.0,2.2,1,45
2025-26,23,230,724,Lutsharel Geertruida,DEF,Sunderland,17,19,0,2026-01-24T12:30:00Z,0,0,0,0,0,0,0,0,0.0,0.0,0.0,0.0,0.0,0.0,0.0,0.0,0,45
2025-26,23,221,725,Piero Hincapié,DEF,Arsenal,1,14,1,2026-01-25T16:30:00Z,57,0,0,0,0,2,0,-2,7.8,2.2,0.0,1.0,0.0,0.01,0.01,0.44,1,52
2025-26,23,224,726,Randal Kolo Muani,FWD,Spurs,18,3,0,2026-01-24T15:00:00Z,0,0,0,0,0,0,0,0,0.0,0.0,0.0,0.0,0.0,0.0,0.0,0.0,0,69
2025-26,23,227,727,Samuel Chukwueze,MID,Fulham,10,6,1,2026-01-24T15:00:00Z,31,6,1,0,0,0,0,24,35.0,10.8,23.0,6.9,0.24,0.01,0.25,0.32,0,53
2025-26,23,226,728,Merlin Röhl,MID,Everton,9,11,1,2026-01-26T20:00:00Z,0,0,0,0,0,0,0,0,0.0,0.0,0.0,0.0,0.0,0.0,0.0,0.0,0,50
2025-26,23,223,729,Luis Eduardo Soares da Silva,DEF,Nott'm Forest,16,5,0,2026-01-25T14:00:00Z,0,0,0,0,0,0,0,0,0.0,0.0,0.0,0.0,0.0,0.0,0.0,0.0,0,45
2025-26,23,230,730,Brian Brobbey,FWD,Sunderland,17,19,0,2026-01-24T12:30:00Z,90,7,1,0,0,3,1,30,31.4,1.8,19.0,5.2,0.35,0.01,0.36,1.52,1,55
2025-26,23,227,731,Kevin Santos Lopes de Macedo,MID,Fulham,10,6,1,2026-01-24T15:00:00Z,58,1,0,0,0,1,0,4,1.0,14.2,8.0,2.3,0.07,0.07,0.14,1.27,1,58
2025-26,23,225,732,Christantus Uche,FWD,Crystal Palace,8,7,1,2026-01-25T14:00:00Z,5,1,0,0,0,0,0,-1,0.0,1.3,0.0,0.1,0.0,0.0,0.0,0.0,0,55
2025-26,23,221,733,Senne Lammens,GK,Man Utd,14,1,0,2026-01-25T16:30:00Z,90,2,0,0,0,2,0,10,22.8,0.0,0.0,2.3,0.0,0.0,0.0,1.19,1,50
2025-26,23,223,734,Dilane Bakwa,MID,Nott'm Forest,16,5,0,2026-01-25T14:00:00Z,0,0,0,0,0,0,0,0,0.0,0.0,0.0,0.0,0.0,0.0,0.0,0.0,0,59
2025-26,23,230,735,Bertrand Traoré,MID,Sunderland,17,19,0,2026-01-24T12:30:00Z,0,0,0,0,0,0,0,0,0.0,0.0,0.0,0.0,0.0,0.0,0.0,0.0,0,55
2025-26,23,228,736,Gianluigi Donnarumma,GK,Man City,13,20,1,2026-01-24T15:00:00Z,90,8,0,0,1,0,2,31,15.6,0.0,0.0,1.6,0.0,0.0,0.0,0.61,1,57
2025-26,23,227,737,Jonah Kusi-Asare,FWD,Fulham,10,6,1,2026-01-24T15:00:00Z,0,0,0,0,0,0,0,0,0.0,0.0,0.0,0.0,0.0,0.0,0.0,0.0,0,45
2025-26,23,230,738,Lukasz Fabianski,GK,West Ham,19,17,1,2026-01-24T12:30:00Z,0,0,0,0,0,0,0,0,0.0,0.0,0.0,0.0,0.0,0.0,0.0,0.0,0,45
2025-26,23,228,739,Divine Mukasa,MID,Man City,13,20,1,2026-01-24T15:00:00Z,0,0,0,0,0,0,0,0,0.0,0.0,0.0,0.0,0.0,0.0,0.0,0.0,0,44
2025-26,23,228,740,Stephen Mfuni,DEF,Man City,13,20,1,2026-01-24T15:00:00Z,0,0,0,0,0,0,0,0,0.0,0.0,0.0,0.0,0.0,0.0,0.0,0.0,0,39
2025-26,23,226,741,Harry Gray,FWD,Leeds,11,9,0,2026-01-26T20:00:00Z,0,0,0,0,0,0,0,0,0.0,0.0,0.0,0.0,0.0,0.0,0.0,0.0,0,45
2025-26,23,228,742,Ryan McAidoo,MID,Man City,13,20,1,2026-01-24T15:00:00Z,0,0,0,0,0,0,0,0,0.0,0.0,0.0,0.0,0.0,0.0,0.0,0.0,0,45
2025-26,23,225,743,Landon Emenalo,MID,Chelsea,7,8,0,2026-01-25T14:00:00Z,0,0,0,0,0,0,0,0,0.0,0.0,0.0,0.0,0.0,0.0,0.0,0.0,0,45
2025-26,23,227,744,Nehemiah Oriola,MID,Brighton,6,10,0,2026-01-24T15:00:00Z,0,0,0,0,0,0,0,0,0.0,0.0,0.0,0.0,0.0,0.0,0.0,0.0,0,45
2025-26,23,224,745,Jun'ai Byfield,DEF,Spurs,18,3,0,2026-01-24T15:00:00Z,0,0,0,0,0,0,0,0,0.0,0.0,0.0,0.0,0.0,0.0,0.0,0.0,0,40
2025-26,23,222,746,Kieran Morrison,MID,Liverpool,12,4,0,2026-01-24T17:30:00Z,0,0,0,0,0,0,0,0,0.0,0.0,0.0,0.0,0.0,0.0,0.0,0.0,0,45
2025-26,23,230,747,Ezra Mayers,DEF,West Ham,19,17,1,2026-01-24T12:30:00Z,0,0,0,0,0,0,0,0,0.0,0.0,0.0,0.0,0.0,0.0,0.0,0.0,0,40
2025-26,23,223,748,Josh Dasilva,MID,Brentford,5,16,1,2026-01-25T14:00:00Z,0,0,0,0,0,0,0,0,0.0,0.0,0.0,0.0,0.0,0.0,0.0,0.0,0,49
2025-26,23,228,749,Mateus Mané,FWD,Wolves,20,13,0,2026-01-24T15:00:00Z,90,2,0,0,0,2,0,14,5.8,32.3,10.0,4.8,0.12,0.19,0.31,0.86,1,45
2025-26,23,224,750,James Rowswell,DEF,Spurs,18,3,0,2026-01-24T15:00:00Z,0,0,0,0,0,0,0,0,0.0,0.0,0.0,0.0,0.0,0.0,0.0,0.0,0,40
2025-26,23,224,751,Yusuf Akhamrich,MID,Spurs,18,3,0,2026-01-24T15:00:00Z,0,0,0,0,0,0,0,0,0.0,0.0,0.0,0.0,0.0,0.0,0.0,0.0,0,45
2025-26,23,230,752,Airidas Golambeckis,DEF,West Ham,19,17,1,2026-01-24T12:30:00Z,0,0,0,0,0,0,0,0,0.0,0.0,0.0,0.0,0.0,0.0,0.0,0.0,0,40
2025-26,23,229,753,John Ruddy,GK,Newcastle,15,2,1,2026-01-25T14:00:00Z,0,0,0,0,0,0,0,0,0.0,0.0,0.0,0.0,0.0,0.0,0.0,0.0,0,40
2025-26,23,229,754,George Hemmings,MID,Aston Villa,2,15,0,2026-01-25T14:00:00Z,0,0,0,0,0,0,0,0,0.0,0.0,0.0,0.0,0.0,0.0,0.0,0.0,0,45
2025-26,23,221,755,Shea Lacey,MID,Man Utd,14,1,0,2026-01-25T16:30:00Z,0,0,0,0,0,0,0,0,0.0,0.0,0.0,0.0,0.0,0.0,0.0,0.0,0,45
2025-26,23,222,756,Malcom DaCosta,MID,Bournemouth,4,12,1,2026-01-24T17:30:00Z,0,0,0,0,0,0,0,0,0.0,0.0,0.0,0.0,0.0,0.0,0.0,0.0,0,45
2025-26,23,229,757,Ronnie Hollingshead,GK,Aston Villa,2,15,0,2026-01-25T14:00:00Z,0,0,0,0,0,0,0,0,0.0,0.0,0.0,0.0,0.0,0.0,0.0,0.0,0,40
2025-26,23,230,758,Mohamadou Kanté,MID,West Ham,19,17,1,2026-01-24T12:30:00Z,0,0,0,0,0,0,0,0,0.0,0.0,0.0,0.0,0.0,0.0,0.0,0.0,0,45
2025-26,23,221,759,Marli Salmon,DEF,Arsenal,1,14,1,2026-01-25T16:30:00Z,0,0,0,0,0,0,0,0,0.0,0.0,0.0,0.0,0.0,0.0,0.0,0.0,0,40
2025-26,23,222,760,Wellity Lucky,DEF,Liverpool,12,4,0,2026-01-24T17:30:00Z,0,0,0,0,0,0,0,0,0.0,0.0,0.0,0.0,0.0,0.0,0.0,0.0,0,40
2025-26,23,227,761,Freddie Simmonds,DEF,Brighton,6,10,0,2026-01-24T15:00:00Z,0,0,0,0,0,0,0,0,0.0,0.0,0.0,0.0,0.0,0.0,0.0,0.0,0,40
2025-26,23,225,762,Joél Drakes-Thomas,MID,Crystal Palace,8,7,1,2026-01-25T14:00:00Z,0,0,0,0,0,0,0,0,0.0,0.0,0.0,0.0,0.0,0.0,0.0,0.0,0,45
2025-26,23,228,763,Charlie Gray,MID,Man City,13,20,1,2026-01-24T15:00:00Z,0,0,0,0,0,0,0,0,0.0,0.0,0.0,0.0,0.0,0.0,0.0,0.0,0,45
2025-26,23,228,764,Reigan Heskey,MID,Man City,13,20,1,2026-01-24T15:00:00Z,0,0,0,0,0,0,0,0,0.0,0.0,0.0,0.0,0.0,0.0,0.0,0.0,0,45
2025-26,23,229,765,Leo Shahar,DEF,Newcastle,15,2,1,2026-01-25T14:00:00Z,0,0,0,0,0,0,0,0,0.0,0.0,0.0,0.0,0.0,0.0,0.0,0.0,0,40
2025-26,23,228,766,Saheed Olagunju,DEF,Wolves,20,13,0,2026-01-24T15:00:00Z,0,0,0,0,0,0,0,0,0.0,0.0,0.0,0.0,0.0,0.0,0.0,0.0,0,40
2025-26,23,228,767,Luke Rawlings,MID,Wolves,20,13,0,2026-01-24T15:00:00Z,0,0,0,0,0,0,0,0,0.0,0.0,0.0,0.0,0.0,0.0,0.0,0.0,0,45
2025-26,23,229,768,Leon Routh,DEF,Aston Villa,2,15,0,2026-01-25T14:00:00Z,0,0,0,0,0,0,0,0,0.0,0.0,0.0,0.0,0.0,0.0,0.0,0.0,0,40
2025-26,23,221,769,Bendito Mantato,MID,Man Utd,14,1,0,2026-01-25T16:30:00Z,0,0,0,0,0,0,0,0,0.0,0.0,0.0,0.0,0.0,0.0,0.0,0.0,0,45
2025-26,23,227,770,Seth Ridgeon,MID,Fulham,10,6,1,2026-01-24T15:00:00Z,0,0,0,0,0,0,0,0,0.0,0.0,0.0,0.0,0.0,0.0,0.0,0.0,0,45
2025-26,23,221,771,Tyler Fletcher,MID,Man Utd,14,1,0,2026-01-25T16:30:00Z,0,0,0,0,0,0,0,0,0.0,0.0,0.0,0.0,0.0,0.0,0.0,0.0,0,45
2025-26,23,229,772,Sam Alabi,MID,Newcastle,15,2,1,2026-01-25T14:00:00Z,0,0,0,0,0,0,0,0,0.0,0.0,0.0,0.0,0.0,0.0,0.0,0.0,0,45
2025-26,23,225,773,Dean Benamar,DEF,Crystal Palace,8,7,1,2026-01-25T14:00:00Z,0,0,0,0,0,0,0,0,0.0,0.0,0.0,0.0,0.0,0.0,0.0,0.0,0,40
2025-26,23,230,774,Jenson Jones,DEF,Sunderland,17,19,0,2026-01-24T12:30:00Z,0,0,0,0,0,0,0,0,0.0,0.0,0.0,0.0,0.0,0.0,0.0,0.0,0,40
2025-26,23,230,775,Tymur Tutierov,MID,Sunderland,17,19,0,2026-01-24T12:30:00Z,0,0,0,0,0,0,0,0,0.0,0.0,0.0,0.0,0.0,0.0,0.0,0.0,0,45
2025-26,23,224,776,Oliver Pimlott,MID,Burnley,3,18,1,2026-01-24T15:00:00Z,0,0,0,0,0,0,0,0,0.0,0.0,0.0,0.0,0.0,0.0,0.0,0.0,0,45
2025-26,23,228,777,Temple Ojinnaka,MID,Wolves,20,13,0,2026-01-24T15:00:00Z,0,0,0,0,0,0,0,0,0.0,0.0,0.0,0.0,0.0,0.0,0.0,0.0,0,45
2025-26,23,228,778,Ethan Sutherland,MID,Wolves,20,13,0,2026-01-24T15:00:00Z,0,0,0,0,0,0,0,0,0.0,0.0,0.0,0.0,0.0,0.0,0.0,0.0,0,45
2025-26,23,226,779,Braiden Graham,FWD,Everton,9,11,1,2026-01-26T20:00:00Z,0,0,0,0,0,0,0,0,0.0,0.0,0.0,0.0,0.0,0.0,0.0,0.0,0,45
2025-26,23,225,780,Ben Casey,FWD,Crystal Palace,8,7,1,2026-01-25T14:00:00Z,0,0,0,0,0,0,0,0,0.0,0.0,0.0,0.0,0.0,0.0,0.0,0.0,0,45
2025-26,23,229,781,TJ Carroll,DEF,Aston Villa,2,15,0,2026-01-25T14:00:00Z,0,0,0,0,0,0,0,0,0.0,0.0,0.0,0.0,0.0,0.0,0.0,0.0,0,40
2025-26,23,222,782,Fraser Forster,GK,Bournemouth,4,12,1,2026-01-24T17:30:00Z,0,0,0,0,0,0,0,0,0.0,0.0,0.0,0.0,0.0,0.0,0.0,0.0,0,40
2025-26,23,227,783,Pascal Groß,MID,Brighton,6,10,0,2026-01-24T15:00:00Z,87,2,0,0,0,1,0,21,18.2,95.4,5.0,11.9,0.02,0.4,0.42,1.02,1,55
2025-26,23,224,784,George Brierley,MID,Burnley,3,18,1,2026-01-24T15:00:00Z,0,0,0,0,0,0,0,0,0.0,0.0,0.0,0.0,0.0,0.0,0.0,0.0,0,45
2025-26,23,230,785,Pablo Felipe Pereira de Jesus,FWD,West Ham,19,17,1,2026-01-24T12:30:00Z,69,2,0,0,0,1,0,-3,1.6,2.7,6.0,1.0,0.12,0.01,0.13,0.56,1,55
2025-26,23,227,786,Alfie McNally,GK,Fulham,10,6,1,2026-01-24T15:00:00Z,0,0,0,0,0,0,0,0,0.0,0.0,0.0,0.0,0.0,0.0,0.0,0.0,0,40
2025-26,23,226,787,Sam Chambers,MID,Leeds,11,9,0,2026-01-26T20:00:00Z,0,0,0,0,0,0,0,0,0.0,0.0,0.0,0.0,0.0,0.0,0.0,0.0,0,45
2025-26,23,221,788,Godwill Kukonki,DEF,Man Utd,14,1,0,2026-01-25T16:30:00Z,0,0,0,0,0,0,0,0,0.0,0.0,0.0,0.0,0.0,0.0,0.0,0.0,0,40
2025-26,23,225,789,Max Merrick,GK,Chelsea,7,8,0,2026-01-25T14:00:00Z,0,0,0,0,0,0,0,0,0.0,0.0,0.0,0.0,0.0,0.0,0.0,0.0,0,40
2025-26,23,224,790,Lucá Williams-Barnett,MID,Spurs,18,3,0,2026-01-24T15:00:00Z,0,0,0,0,0,0,0,0,0.0,0.0,0.0,0.0,0.0,0.0,0.0,0.0,0,45
2025-26,23,230,791,Valentín Castellanos,FWD,West Ham,19,17,1,2026-01-24T12:30:00Z,74,4,0,1,0,1,0,17,15.0,12.3,31.0,5.8,0.22,0.01,0.23,0.56,1,55
2025-26,23,229,792,Alysson Edward Franco da Rocha dos Santos,MID,Aston Villa,2,15,0,2026-01-25T14:00:00Z,0,0,0,0,0,0,0,0,0.0,0.0,0.0,0.0,0.0,0.0,0.0,0.0,0,50
2025-26,23,225,793,George King,DEF,Crystal Palace,8,7,1,2026-01-25T14:00:00Z,0,0,0,0,0,0,0,0,0.0,0.0,0.0,0.0,0.0,0.0,0.0,0.0,0,40
2025-26,23,228,794,Max Alleyne,DEF,Man City,13,20,1,2026-01-24T15:00:00Z,0,0,0,0,0,0,0,0,0.0,0.0,0.0,0.0,0.0,0.0,0.0,0.0,0,45
2025-26,23,227,795,Harry Howell,MID,Brighton,6,10,0,2026-01-24T15:00:00Z,0,0,0,0,0,0,0,0,0.0,0.0,0.0,0.0,0.0,0.0,0.0,0.0,0,45
2025-26,23,224,796,Conor Gallagher,MID,Spurs,18,3,0,2026-01-24T15:00:00Z,84,2,0,0,0,2,0,17,16.8,18.1,35.0,7.0,0.21,0.09,0.3,1.41,1,55
2025-26,23,223,797,Kaye Furo,FWD,Brentford,5,16,1,2026-01-25T14:00:00Z,0,0,0,0,0,0,0,0,0.0,0.0,0.0,0.0,0.0,0.0,0.0,0.0,0,45
2025-26,23,225,798,Danny Imray,DEF,Crystal Palace,8,7,1,2026-01-25T14:00:00Z,0,0,0,0,0,0,0,0,0.0,0.0,0.0,0.0,0.0,0.0,0.0,0.0,0,40
2025-26,23,222,799,Charlie Stevens,MID,Bournemouth,4,12,1,2026-01-24T17:30:00Z,0,0,0,0,0,0,0,0,0.0,0.0,0.0,0.0,0.0,0.0,0.0,0.0,0,45
2025-26,23,230,800,Djiamgone Jocelin Ta Bi,MID,Sunderland,17,19,0,2026-01-24T12:30:00Z,0,0,0,0,0,0,0,0,0.0,0.0,0.0,0.0,0.0,0.0,0.0,0.0,0,50
2025-26,23,222,801,Alex Tóth,MID,Bournemouth,4,12,1,2026-01-24T17:30:00Z,5,1,0,0,0,0,0,3,0.2,0.1,0.0,0.0,0.0,0.0,0.0,0.14,0,50
2025-26,23,230,802,Keiber Lamadrid,MID,West Ham,19,17,1,2026-01-24T12:30:00Z,0,0,0,0,0,0,0,0,0.0,0.0,0.0,0.0,0.0,0.0,0.0,0.0,0,50
2025-26,23,225,803,Teddy Sharman-Lowe,GK,Chelsea,7,8,0,2026-01-25T14:00:00Z,0,0,0,0,0,0,0,0,0.0,0.0,0.0,0.0,0.0,0.0,0.0,0.0,0,40
