season,gw,element,name,position,team,team_id,opponent_team,was_home,kickoff_time,minutes,total_points,goals_scored,assists,clean_sheets,goals_conceded,bonus,bps,influence,creativity,threat,ict_index,expected_goals,expected_assists,expected_goal_involvements,expected_goals_conceded,starts,value
2025-26,24,1,David Raya Martín,GK,Arsenal,1,11,0,2026-01-31T15:00:00Z,90,6,0,0,1,0,0,24,9.6,0.0,0.0,1.0,0.0,0.0,0.0,0.15,1,59
2025-26,24,2,Kepa Arrizabalaga Revuelta,GK,Arsenal,1,11,0,2026-01-31T15:00:00Z,0,0,0,0,0,0,0,0,0.0,0.0,0.0,0.0,0.0,0.0,0.0,0.0,0,41
2025-26,24,3,Karl Hein,GK,Arsenal,1,11,0,2026-01-31T15:00:00Z,0,0,0,0,0,0,0,0,0.0,0.0,0.0,0.0,0.0,0.0,0.0,0.0,0,40
2025-26,24,4,Tommy Setford,GK,Arsenal,1,11,0,2026-01-31T15:00:00Z,0,0,0,0,0,0,0,0,0.0,0.0,0.0,0.0,0.0,0.0,0.0,0.0,0,39
2025-26,24,5,Gabriel dos Santos Magalhães,DEF,Arsenal,1,11,0,2026-01-31T15:00:00Z,90,8,0,0,1,0,0,30,33.6,0.8,19.0,5.3,0.02,0.05,0.07,0.15,1,70
2025-26,24,6,William Saliba,DEF,Arsenal,1,11,0,2026-01-31T15:00:00Z,90,6,0,0,1,0,0,21,10.2,3.1,0.0,1.3,0.0,0.02,0.02,0.15,1,60
2025-26,24,7,Riccardo Calafiori,DEF,Arsenal,1,11,0,2026-01-31T15:00:00Z,15,1,0,0,0,0,0,2,0.2,0.6,7.0,0.8,0.25,0.01,0.26,0.03,0,56
2025-26,24,8,Jurriën Timber,DEF,Arsenal,1,11,0,2026-01-31T15:00:00Z,90,5,0,0,1,0,0,20,8.6,16.5,9.0,3.4,0.14,0.21,0.35,0.15,1,63
2025-26,24,9,Jakub Kiwior,DEF,Arsenal,1,11,0,2026-01-31T15:00:00Z,0,0,0,0,0,0,0,0,0.0,0.0,0.0,0.0,0.0,0.0,0.0,0.0,0,54
2025-26,24,10,Myles Lewis-Skelly,DEF,Arsenal,1,11,0,2026-01-31T15:00:00Z,0,0,0,0,0,0,0,0,0.0,0.0,0.0,0.0,0.0,0.0,0.0,0.0,0,51
2025-26,24,11,Benjamin White,DEF,Arsenal,1,11,0,2026-01-31T15:00:00Z,0,0,0,0,0,0,0,0,0.0,0.0,0.0,0.0,0.0,0.0,0.0,0.0,0,51
2025-26,24,12,Oleksandr Zinchenko,DEF,Nott'm Forest,16,8,1,2026-02-01T14:00:00Z,0,0,0,0,0,0,0,0,0.0,0.0,0.0,0.0,0.0,0.0,0.0,0.0,0,49
2025-26,24,13,Brayden Clarke,DEF,Arsenal,1,11,0,2026-01-31T15:00:00Z,0,0,0,0,0,0,0,0,0.0,0.0,0.0,0.0,0.0,0.0,0.0,0.0,0,38
2025-26,24,14,Maldini Kacurri,DEF,Arsenal,1,11,0,2026-01-31T15:00:00Z,0,0,0,0,0,0,0,0,0.0,0.0,0.0,0.0,0.0,0.0,0.0,0.0,0,39
2025-26,24,15,Josh Nichols,DEF,Arsenal,1,11,0,2026-01-31T15:00:00Z,0,0,0,0,0,0,0,0,0.0,0.0,0.0,0.0,0.0,0.0,0.0,0.0,0,38
2025-26,24,16,Bukayo Saka,MID,Arsenal,1,11,0,2026-01-31T15:00:00Z,0,0,0,0,0,0,0,0,0.0,0.0,0.0,0.0,0.0,0.0,0.0,0.0,0,100
2025-26,24,17,Martin Ødegaard,MID,Arsenal,1,11,0,2026-01-31T15:00:00Z,29,4,0,1,0,0,0,16,20.0,26.2,0.0,4.6,0.0,0.22,0.22,0.03,0,78
2025-26,24,18,Noni Madueke,MID,Arsenal,1,11,0,2026-01-31T15:00:00Z,60,14,1,1,1,0,3,43,59.4,34.7,13.0,10.7,0.01,0.27,0.28,0.12,1,68
2025-26,24,19,Gabriel Martinelli Silva,MID,Arsenal,1,11,0,2026-01-31T15:00:00Z,29,4,0,1,0,0,0,19,23.2,14.2,17.0,5.4,0.11,0.29,0.4,0.03,0,68
2025-26,24,20,Leandro Trossard,MID,Arsenal,1,11,0,2026-01-31T15:00:00Z,80,3,0,0,1,0,0,13,11.0,15.5,4.0,3.1,0.02,0.15,0.17,0.12,1,68
2025-26,24,21,Declan Rice,MID,Arsenal,1,11,0,2026-01-31T15:00:00Z,90,3,0,0,1,0,0,20,19.0,44.4,4.0,6.7,0.0,0.4,0.4,0.15,1,74
2025-26,24,22,Mikel Merino Zazón,MID,Arsenal,1,11,0,2026-01-31T15:00:00Z,0,0,0,0,0,0,0,0,0.0,0.0,0.0,0.0,0.0,0.0,0.0,0.0,0,55
2025-26,24,23,Fábio Ferreira Vieira,MID,Arsenal,1,11,0,2026-01-31T15:00:00Z,0,0,0,0,0,0,0,0,0.0,0.0,0.0,0.0,0.0,0.0,0.0,0.0,0,54
2025-26,24,24,Christian Nørgaard,MID,Arsenal,1,11,0,2026-01-31T15:00:00Z,0,0,0,0,0,0,0,0,0.0,0.0,0.0,0.0,0.0,0.0,0.0,0.0,0,51
2025-26,24,25,Ethan Nwaneri,MID,Arsenal,1,11,0,2026-01-31T15:00:00Z,0,0,0,0,0,0,0,0,0.0,0.0,0.0,0.0,0.0,0.0,0.0,0.0,0,50
2025-26,24,26,Martín Zubimendi Ibáñez,MID,Arsenal,1,11,0,2026-01-31T15:00:00Z,90,10,1,0,1,0,2,35,45.4,2.6,35.0,8.3,0.35,0.01,0.36,0.15,1,52
2025-26,24,27,Reiss Nelson,MID,Brentford,5,2,0,2026-02-01T14:00:00Z,0,0,0,0,0,0,0,0,0.0,0.0,0.0,0.0,0.0,0.0,0.0,0.0,0,48
2025-26,24,28,Ismeal Kabia,MID,Arsenal,1,11,0,2026-01-31T15:00:00Z,0,0,0,0,0,0,0,0,0.0,0.0,0.0,0.0,0.0,0.0,0.0,0.0,0,45
2025-26,24,29,Albert Sambi Lokonga,MID,Arsenal,1,11,0,2026-01-31T15:00:00Z,0,0,0,0,0,0,0,0,0.0,0.0,0.0,0.0,0.0,0.0,0.0,0.0,0,45
2025-26,24,30,Kai Havertz,FWD,Arsenal,1,11,0,2026-01-31T15:00:00Z,60,2,0,0,1,0,0,11,7.8,10.7,2.0,2.1,0.0,0.01,0.01,0.12,1,73
2025-26,24,31,Gabriel Fernando de Jesus,FWD,Arsenal,1,11,0,2026-01-31T15:00:00Z,14,5,1,0,0,0,0,26,38.4,0.3,45.0,8.4,0.74,0.0,0.74,0.03,0,64
2025-26,24,32,Emiliano Martínez Romero,GK,Aston Villa,2,5,1,2026-02-01T14:00:00Z,90,2,0,0,0,1,0,6,6.4,0.1,0.0,0.7,0.0,0.0,0.0,0.38,1,50
2025-26,24,33,Marco Bizot,GK,Aston Villa,2,5,1,2026-02-01T14:00:00Z,0,0,0,0,0,0,0,0,0.0,0.0,0.0,0.0,0.0,0.0,0.0,0.0,0,42
2025-26,24,34,Joe Gauci,GK,Aston Villa,2,5,1,2026-02-01T14:00:00Z,0,0,0,0,0,0,0,0,0.0,0.0,0.0,0.0,0.0,0.0,0.0,0.0,0,40
2025-26,24,35,Filip Marschall,GK,Aston Villa,2,5,1,2026-02-01T14:00:00Z,0,0,0,0,0,0,0,0,0.0,0.0,0.0,0.0,0.0,0.0,0.0,0.0,0,40
2025-26,24,36,Matty Cash,DEF,Aston Villa,2,5,1,2026-02-01T14:00:00Z,90,2,0,0,0,1,0,16,24.4,40.8,30.0,9.5,0.23,0.33,0.56,0.38,1,48
2025-26,24,37,Lucas Digne,DEF,Aston Villa,2,5,1,2026-02-01T14:00:00Z,0,0,0,0,0,0,0,0,0.0,0.0,0.0,0.0,0.0,0.0,0.0,0.0,0,45
2025-26,24,38,Ezri Konsa Ngoyo,DEF,Aston Villa,2,5,1,2026-02-01T14:00:00Z,90,2,0,0,0,1,0,11,14.2,9.3,4.0,2.8,0.35,0.08,0.43,0.38,1,44
2025-26,24,39,Ian Maatsen,DEF,Aston Villa,2,5,1,2026-02-01T14:00:00Z,90,2,0,0,0,1,0,23,29.6,45.7,25.0,10.0,0.15,0.39,0.54,0.38,1,42
2025-26,24,40,Tyrone Mings,DEF,Aston Villa,2,5,1,2026-02-01T14:00:00Z,0,0,0,0,0,0,0,0,0.0,0.0,0.0,0.0,0.0,0.0,0.0,0.0,0,43
2025-26,24,41,Pau Torres,DEF,Aston Villa,2,5,1,2026-02-01T14:00:00Z,90,2,0,0,0,1,0,15,9.6,6.5,9.0,2.5,0.16,0.06,0.22,0.38,1,43
2025-26,24,42,Andrés García,DEF,Aston Villa,2,5,1,2026-02-01T14:00:00Z,0,0,0,0,0,0,0,0,0.0,0.0,0.0,0.0,0.0,0.0,0.0,0.0,0,39
2025-26,24,43,Álex Moreno Lopera,DEF,Aston Villa,2,5,1,2026-02-01T14:00:00Z,0,0,0,0,0,0,0,0,0.0,0.0,0.0,0.0,0.0,0.0,0.0,0.0,0,40
2025-26,24,44,Lamare Bogarde,DEF,Aston Villa,2,5,1,2026-02-01T14:00:00Z,45,1,0,0,0,1,0,0,2.4,1.3,0.0,0.4,0.0,0.0,0.0,0.27,1,40
2025-26,24,45,Lino da Cruz Sousa,DEF,Aston Villa,2,5,1,2026-02-01T14:00:00Z,0,0,0,0,0,0,0,0,0.0,0.0,0.0,0.0,0.0,0.0,0.0,0.0,0,38
2025-26,24,46,Yasin Özcan,DEF,Aston Villa,2,5,1,2026-02-01T14:00:00Z,0,0,0,0,0,0,0,0,0.0,0.0,0.0,0.0,0.0,0.0,0.0,0.0,0,40
2025-26,24,47,Morgan Rogers,MID,Aston Villa,2,5,1,2026-02-01T14:00:00Z,90,2,0,0,0,1,0,17,14.4,31.5,53.0,9.9,0.21,0.33,0.54,0.38,1,77
2025-26,24,48,Youri Tielemans,MID,Aston Villa,2,5,1,2026-02-01T14:00:00Z,0,0,0,0,0,0,0,0,0.0,0.0,0.0,0.0,0.0,0.0,0.0,0.0,0,59
2025-26,24,49,Leon Bailey,MID,Aston Villa,2,5,1,2026-02-01T14:00:00Z,45,1,0,0,0,0,0,3,3.8,37.9,16.0,5.8,0.13,0.28,0.41,0.1,0,55
2025-26,24,50,Emiliano Buendía Stati,MID,Aston Villa,2,5,1,2026-02-01T14:00:00Z,90,2,0,0,0,1,0,12,12.4,28.6,54.0,9.5,0.35,0.16,0.51,0.38,1,53
2025-26,24,51,Samuel Iling-Junior,MID,Aston Villa,2,5,1,2026-02-01T14:00:00Z,0,0,0,0,0,0,0,0,0.0,0.0,0.0,0.0,0.0,0.0,0.0,0.0,0,55
2025-26,24,52,Jacob Ramsey,MID,Newcastle,15,12,0,2026-01-31T20:00:00Z,90,1,0,0,0,4,0,4,0.2,1.6,0.0,0.2,0.0,0.01,0.01,2.28,1,53
2025-26,24,53,Donyell Malen,MID,Aston Villa,2,5,1,2026-02-01T14:00:00Z,0,0,0,0,0,0,0,0,0.0,0.0,0.0,0.0,0.0,0.0,0.0,0.0,0,51
2025-26,24,54,John McGinn,MID,Aston Villa,2,5,1,2026-02-01T14:00:00Z,0,0,0,0,0,0,0,0,0.0,0.0,0.0,0.0,0.0,0.0,0.0,0.0,0,54
2025-26,24,55,Ross Barkley,MID,Aston Villa,2,5,1,2026-02-01T14:00:00Z,0,0,0,0,0,0,0,0,0.0,0.0,0.0,0.0,0.0,0.0,0.0,0.0,0,48
2025-26,24,56,Enzo Barrenechea,MID,Aston Villa,2,5,1,2026-02-01T14:00:00Z,0,0,0,0,0,0,0,0,0.0,0.0,0.0,0.0,0.0,0.0,0.0,0.0,0,50
2025-26,24,57,Lewis Dobbin,MID,Aston Villa,2,5,1,2026-02-01T14:00:00Z,0,0,0,0,0,0,0,0,0.0,0.0,0.0,0.0,0.0,0.0,0.0,0.0,0,50
2025-26,24,58,Boubacar Kamara,MID,Aston Villa,2,5,1,2026-02-01T14:00:00Z,0,0,0,0,0,0,0,0,0.0,0.0,0.0,0.0,0.0,0.0,0.0,0.0,0,49
2025-26,24,59,Amadou Onana,MID,Aston Villa,2,5,1,2026-02-01T14:00:00Z,0,0,0,0,0,0,0,0,0.0,0.0,0.0,0.0,0.0,0.0,0.0,0.0,0,48
2025-26,24,60,Ben Broggio,MID,Aston Villa,2,5,1,2026-02-01T14:00:00Z,0,0,0,0,0,0,0,0,0.0,0.0,0.0,0.0,0.0,0.0,0.0,0.0,0,44
2025-26,24,61,Leander Dendoncker,MID,Aston Villa,2,5,1,2026-02-01T14:00:00Z,0,0,0,0,0,0,0,0,0.0,0.0,0.0,0.0,0.0,0.0,0.0,0.0,0,45
2025-26,24,62,Jamaldeen Jimoh-Aloba,MID,Aston Villa,2,5,1,2026-02-01T14:00:00Z,0,0,0,0,0,0,0,0,0.0,0.0,0.0,0.0,0.0,0.0,0.0,0.0,0,45
2025-26,24,63,Kadan Young,MID,Aston Villa,2,5,1,2026-02-01T14:00:00Z,0,0,0,0,0,0,0,0,0.0,0.0,0.0,0.0,0.0,0.0,0.0,0.0,0,43
2025-26,24,64,Ollie Watkins,FWD,Aston Villa,2,5,1,2026-02-01T14:00:00Z,0,0,0,0,0,0,0,0,0.0,0.0,0.0,0.0,0.0,0.0,0.0,0.0,0,88
2025-26,24,65,Zépiqueno Redmond,FWD,Aston Villa,2,5,1,2026-02-01T14:00:00Z,0,0,0,0,0,0,0,0,0.0,0.0,0.0,0.0,0.0,0.0,0.0,0.0,0,45
2025-26,24,66,Norberto Murara Neto,GK,Bournemouth,4,20,0,2026-01-31T15:00:00Z,0,0,0,0,0,0,0,0,0.0,0.0,0.0,0.0,0.0,0.0,0.0,0.0,0,45
2025-26,24,67,Đorđe Petrović,GK,Bournemouth,4,20,0,2026-01-31T15:00:00Z,90,10,0,0,1,0,2,36,42.8,0.0,0.0,4.3,0.0,0.0,0.0,1.38,1,45
2025-26,24,68,Will Dennis,GK,Bournemouth,4,20,0,2026-01-31T15:00:00Z,0,0,0,0,0,0,0,0,0.0,0.0,0.0,0.0,0.0,0.0,0.0,0.0,0,40
2025-26,24,69,Callan McKenna,GK,Bournemouth,4,20,0,2026-01-31T15:00:00Z,0,0,0,0,0,0,0,0,0.0,0.0,0.0,0.0,0.0,0.0,0.0,0.0,0,39
2025-26,24,70,Alex Paulsen,GK,Bournemouth,4,20,0,2026-01-31T15:00:00Z,0,0,0,0,0,0,0,0,0.0,0.0,0.0,0.0,0.0,0.0,0.0,0.0,0,40
2025-26,24,71,Illia Zabarnyi,DEF,Bournemouth,4,20,0,2026-01-31T15:00:00Z,0,0,0,0,0,0,0,0,0.0,0.0,0.0,0.0,0.0,0.0,0.0,0.0,0,50
2025-26,24,72,Marcos Senesi Barón,DEF,Bournemouth,4,20,0,2026-01-31T15:00:00Z,90,8,0,0,1,0,0,25,22.2,1.3,7.0,3.1,0.06,0.02,0.08,1.38,1,48
2025-26,24,73,Adam Smith,DEF,Bournemouth,4,20,0,2026-01-31T15:00:00Z,90,6,0,0,1,0,0,28,14.8,3.0,0.0,1.8,0.0,0.0,0.0,1.2,1,44
2025-26,24,74,Adrien Truffert,DEF,Bournemouth,4,20,0,2026-01-31T15:00:00Z,90,6,0,0,1,0,0,27,18.0,3.8,0.0,2.2,0.0,0.01,0.01,1.38,1,45
2025-26,24,75,Matai Akinmboni,DEF,Bournemouth,4,20,0,2026-01-31T15:00:00Z,0,0,0,0,0,0,0,0,0.0,0.0,0.0,0.0,0.0,0.0,0.0,0.0,0,38
2025-26,24,76,Owen Bevan,DEF,Bournemouth,4,20,0,2026-01-31T15:00:00Z,0,0,0,0,0,0,0,0,0.0,0.0,0.0,0.0,0.0,0.0,0.0,0.0,0,38
2025-26,24,77,James Hill,DEF,Bournemouth,4,20,0,2026-01-31T15:00:00Z,90,7,0,0,1,0,0,23,20.2,0.5,0.0,2.1,0.0,0.0,0.0,1.38,1,39
2025-26,24,78,Julián Araujo Zúñiga,DEF,Bournemouth,4,20,0,2026-01-31T15:00:00Z,0,0,0,0,0,0,0,0,0.0,0.0,0.0,0.0,0.0,0.0,0.0,0.0,0,38
2025-26,24,79,Chris Mepham,DEF,Bournemouth,4,20,0,2026-01-31T15:00:00Z,0,0,0,0,0,0,0,0,0.0,0.0,0.0,0.0,0.0,0.0,0.0,0.0,0,40
2025-26,24,80,Julio Soler Barreto,DEF,Bournemouth,4,20,0,2026-01-31T15:00:00Z,0,0,0,0,0,0,0,0,0.0,0.0,0.0,0.0,0.0,0.0,0.0,0.0,0,40
2025-26,24,81,Justin Kluivert,MID,Bournemouth,4,20,0,2026-01-31T15:00:00Z,0,0,0,0,0,0,0,0,0.0,0.0,0.0,0.0,0.0,0.0,0.0,0.0,0,70
2025-26,24,82,Antoine Semenyo,MID,Man City,13,18,0,2026-02-01T16:30:00Z,90,7,1,0,0,2,0,21,38.4,5.3,38.0,8.2,0.64,0.02,0.66,1.05,1,78
2025-26,24,83,Dango Ouattara,MID,Brentford,5,2,0,2026-02-01T14:00:00Z,59,8,1,0,0,0,2,25,35.4,4.8,19.0,5.9,0.11,0.03,0.14,1.44,1,58
2025-26,24,84,Marcus Tavernier,MID,Bournemouth,4,20,0,2026-01-31T15:00:00Z,0,0,0,0,0,0,0,0,0.0,0.0,0.0,0.0,0.0,0.0,0.0,0.0,0,54
2025-26,24,85,Tyler Adams,MID,Bournemouth,4,20,0,2026-01-31T15:00:00Z,0,0,0,0,0,0,0,0,0.0,0.0,0.0,0.0,0.0,0.0,0.0,0.0,0,49
2025-26,24,86,David Brooks,MID,Bournemouth,4,20,0,2026-01-31T15:00:00Z,0,0,0,0,0,0,0,0,0.0,0.0,0.0,0.0,0.0,0.0,0.0,0.0,0,50
2025-26,24,87,Ryan Christie,MID,Bournemouth,4,20,0,2026-01-31T15:00:00Z,22,1,0,0,0,0,0,10,8.4,14.3,2.0,2.5,0.0,0.07,0.07,0.8,0,49
2025-26,24,88,Lewis Cook,MID,Bournemouth,4,20,0,2026-01-31T15:00:00Z,90,3,0,0,1,0,0,17,16.4,2.8,0.0,1.9,0.0,0.02,0.02,1.38,1,49
2025-26,24,89,Philip Billing,MID,Bournemouth,4,20,0,2026-01-31T15:00:00Z,0,0,0,0,0,0,0,0,0.0,0.0,0.0,0.0,0.0,0.0,0.0,0.0,0,49
2025-26,24,90,Alex Scott,MID,Bournemouth,4,20,0,2026-01-31T15:00:00Z,90,13,1,0,1,0,3,37,47.8,12.3,41.0,10.1,0.82,0.01,0.83,1.38,1,50
2025-26,24,91,Luis Sinisterra Lucumí,MID,Bournemouth,4,20,0,2026-01-31T15:00:00Z,0,0,0,0,0,0,0,0,0.0,0.0,0.0,0.0,0.0,0.0,0.0,0.0,0,50
2025-26,24,92,Romain Faivre,MID,Bournemouth,4,20,0,2026-01-31T15:00:00Z,0,0,0,0,0,0,0,0,0.0,0.0,0.0,0.0,0.0,0.0,0.0,0.0,0,45
2025-26,24,93,Hamed Traorè,MID,Bournemouth,4,20,0,2026-01-31T15:00:00Z,0,0,0,0,0,0,0,0,0.0,0.0,0.0,0.0,0.0,0.0,0.0,0.0,0,45
2025-26,24,94,Dominic Sadi,MID,Bournemouth,4,20,0,2026-01-31T15:00:00Z,0,0,0,0,0,0,0,0,0.0,0.0,0.0,0.0,0.0,0.0,0.0,0.0,0,45
2025-26,24,95,Zain Silcott-Duberry,MID,Bournemouth,4,20,0,2026-01-31T15:00:00Z,0,0,0,0,0,0,0,0,0.0,0.0,0.0,0.0,0.0,0.0,0.0,0.0,0,44
2025-26,24,96,Ben Winterburn,MID,Bournemouth,4,20,0,2026-01-31T15:00:00Z,0,0,0,0,0,0,0,0,0.0,0.0,0.0,0.0,0.0,0.0,0.0,0.0,0,45
2025-26,24,97,Francisco Evanilson de Lima Barbosa,FWD,Bournemouth,4,20,0,2026-01-31T15:00:00Z,84,2,0,0,1,0,0,7,10.4,10.4,8.0,2.9,0.0,0.01,0.01,1.13,1,71
2025-26,24,98,Enes Ünal,FWD,Bournemouth,4,20,0,2026-01-31T15:00:00Z,5,1,0,0,0,0,0,1,1.0,0.3,2.0,0.3,0.0,0.0,0.0,0.25,0,54
2025-26,24,99,Daniel Adu-Adjei,FWD,Bournemouth,4,20,0,2026-01-31T15:00:00Z,0,0,0,0,0,0,0,0,0.0,0.0,0.0,0.0,0.0,0.0,0.0,0.0,0,44
2025-26,24,100,Junior Kroupi,FWD,Bournemouth,4,20,0,2026-01-31T15:00:00Z,67,7,1,0,1,0,1,35,35.6,18.1,20.0,7.4,0.09,0.18,0.27,0.58,1,46
2025-26,24,101,Caoimhín Kelleher,GK,Brentford,5,2,0,2026-02-01T14:00:00Z,90,10,0,0,1,0,3,37,39.8,0.0,0.0,4.0,0.0,0.0,0.0,2.4,1,46
2025-26,24,102,Ellery Balcombe,GK,Brentford,5,2,0,2026-02-01T14:00:00Z,0,0,0,0,0,0,0,0,0.0,0.0,0.0,0.0,0.0,0.0,0.0,0.0,0,39
2025-26,24,103,Matthew Cox,GK,Brentford,5,2,0,2026-02-01T14:00:00Z,0,0,0,0,0,0,0,0,0.0,0.0,0.0,0.0,0.0,0.0,0.0,0.0,0,39
2025-26,24,104,Julian Eyestone,GK,Brentford,5,2,0,2026-02-01T14:00:00Z,0,0,0,0,0,0,0,0,0.0,0.0,0.0,0.0,0.0,0.0,0.0,0.0,0,39
2025-26,24,105,Hákon Rafn Valdimarsson,GK,Brentford,5,2,0,2026-02-01T14:00:00Z,0,0,0,0,0,0,0,0,0.0,0.0,0.0,0.0,0.0,0.0,0.0,0.0,0,39
2025-26,24,106,Nathan Collins,DEF,Brentford,5,2,0,2026-02-01T14:00:00Z,30,1,0,0,0,0,0,4,5.0,0.0,7.0,1.2,0.07,0.0,0.07,0.97,0,50
2025-26,24,107,Keane Lewis-Potter,DEF,Brentford,5,2,0,2026-02-01T14:00:00Z,14,1,0,0,0,0,0,4,7.2,0.2,0.0,0.7,0.0,0.0,0.0,0.61,0,49
2025-26,24,108,Kristoffer Ajer,DEF,Brentford,5,2,0,2026-02-01T14:00:00Z,90,7,0,0,1,0,0,18,31.4,0.9,9.0,4.1,0.03,0.02,0.05,2.4,1,44
2025-26,24,109,Rico Henry,DEF,Brentford,5,2,0,2026-02-01T14:00:00Z,83,6,0,0,1,0,0,18,0.0,0.8,3.0,0.4,0.01,0.01,0.02,1.86,1,43
2025-26,24,110,Michael Kayode,DEF,Brentford,5,2,0,2026-02-01T14:00:00Z,90,5,0,0,1,0,0,19,11.2,13.8,0.0,2.5,0.0,0.06,0.06,2.4,1,45
2025-26,24,111,Ethan Pinnock,DEF,Brentford,5,2,0,2026-02-01T14:00:00Z,0,0,0,0,0,0,0,0,0.0,0.0,0.0,0.0,0.0,0.0,0.0,0.0,0,42
2025-26,24,112,Mads Roerslev Rasmussen,DEF,Brentford,5,2,0,2026-02-01T14:00:00Z,0,0,0,0,0,0,0,0,0.0,0.0,0.0,0.0,0.0,0.0,0.0,0.0,0,45
2025-26,24,113,Sepp van den Berg,DEF,Brentford,5,2,0,2026-02-01T14:00:00Z,90,8,0,0,1,0,2,25,19.2,10.2,4.0,3.3,0.0,0.0,0.0,2.4,1,45
2025-26,24,114,Benjamin Arthur,DEF,Brentford,5,2,0,2026-02-01T14:00:00Z,0,0,0,0,0,0,0,0,0.0,0.0,0.0,0.0,0.0,0.0,0.0,0.0,0,38
2025-26,24,115,Benjamin Fredrick,DEF,Brentford,5,2,0,2026-02-01T14:00:00Z,0,0,0,0,0,0,0,0,0.0,0.0,0.0,0.0,0.0,0.0,0.0,0.0,0,40
2025-26,24,116,Aaron Hickey,DEF,Brentford,5,2,0,2026-02-01T14:00:00Z,6,1,0,0,0,0,0,6,15.2,0.0,0.0,1.5,0.0,0.0,0.0,0.54,0,40
2025-26,24,117,Kim Ji-soo,DEF,Brentford,5,2,0,2026-02-01T14:00:00Z,0,0,0,0,0,0,0,0,0.0,0.0,0.0,0.0,0.0,0.0,0.0,0.0,0,39
2025-26,24,118,Jayden Meghoma,DEF,Brentford,5,2,0,2026-02-01T14:00:00Z,0,0,0,0,0,0,0,0,0.0,0.0,0.0,0.0,0.0,0.0,0.0,0.0,0,40
2025-26,24,119,Bryan Mbeumo,MID,Man Utd,14,10,1,2026-02-01T14:00:00Z,90,2,0,0,0,2,0,5,6.4,33.8,25.0,6.5,0.42,0.23,0.65,1.94,1,84
2025-26,24,120,Kevin Schade,MID,Brentford,5,2,0,2026-02-01T14:00:00Z,41,-2,0,0,0,0,0,-9,0.0,10.9,6.0,1.2,0.12,0.01,0.13,0.85,1,71
2025-26,24,121,Mikkel Damsgaard,MID,Brentford,5,2,0,2026-02-01T14:00:00Z,0,0,0,0,0,0,0,0,0.0,0.0,0.0,0.0,0.0,0.0,0.0,0.0,0,57
2025-26,24,122,Antoni Milambo,MID,Brentford,5,2,0,2026-02-01T14:00:00Z,0,0,0,0,0,0,0,0,0.0,0.0,0.0,0.0,0.0,0.0,0.0,0.0,0,52
2025-26,24,123,Fábio Freitas Gouveia Carvalho,MID,Brentford,5,2,0,2026-02-01T14:00:00Z,0,0,0,0,0,0,0,0,0.0,0.0,0.0,0.0,0.0,0.0,0.0,0.0,0,47
2025-26,24,124,Jordan Henderson,MID,Brentford,5,2,0,2026-02-01T14:00:00Z,59,1,0,0,0,0,0,6,6.6,2.4,0.0,0.9,0.0,0.0,0.0,1.44,1,50
2025-26,24,125,Vitaly Janelt,MID,Brentford,5,2,0,2026-02-01T14:00:00Z,90,4,0,0,1,0,0,14,21.8,1.4,0.0,2.3,0.0,0.02,0.02,2.4,1,49
2025-26,24,126,Mathias Jensen,MID,Brentford,5,2,0,2026-02-01T14:00:00Z,75,3,0,0,1,0,0,7,5.4,2.3,4.0,1.2,0.03,0.0,0.03,1.79,1,49
2025-26,24,127,Gustavo Nunes Fernandes Gomes,MID,Brentford,5,2,0,2026-02-01T14:00:00Z,0,0,0,0,0,0,0,0,0.0,0.0,0.0,0.0,0.0,0.0,0.0,0.0,0,49
2025-26,24,128,Frank Onyeka,MID,Brentford,5,2,0,2026-02-01T14:00:00Z,0,0,0,0,0,0,0,0,0.0,0.0,0.0,0.0,0.0,0.0,0.0,0.0,0,48
2025-26,24,129,Yehor Yarmoliuk,MID,Brentford,5,2,0,2026-02-01T14:00:00Z,30,1,0,0,0,0,0,2,3.4,0.3,0.0,0.4,0.0,0.0,0.0,0.97,0,50
2025-26,24,130,Romelle Donovan,MID,Brentford,5,2,0,2026-02-01T14:00:00Z,0,0,0,0,0,0,0,0,0.0,0.0,0.0,0.0,0.0,0.0,0.0,0.0,0,44
2025-26,24,131,Yunus Emre Konak,MID,Brentford,5,2,0,2026-02-01T14:00:00Z,0,0,0,0,0,0,0,0,0.0,0.0,0.0,0.0,0.0,0.0,0.0,0.0,0,43
2025-26,24,132,Paris Maghoma,MID,Brentford,5,2,0,2026-02-01T14:00:00Z,0,0,0,0,0,0,0,0,0.0,0.0,0.0,0.0,0.0,0.0,0.0,0.0,0,45
2025-26,24,133,Myles Peart-Harris,MID,Brentford,5,2,0,2026-02-01T14:00:00Z,0,0,0,0,0,0,0,0,0.0,0.0,0.0,0.0,0.0,0.0,0.0,0.0,0,44
2025-26,24,134,Ryan Trevitt,MID,Brentford,5,2,0,2026-02-01T14:00:00Z,0,0,0,0,0,0,0,0,0.0,0.0,0.0,0.0,0.0,0.0,0.0,0.0,0,45
2025-26,24,135,Yoane Wissa,FWD,Newcastle,15,12,0,2026-01-31T20:00:00Z,17,1,0,0,0,1,0,2,1.0,0.3,2.0,0.3,0.0,0.0,0.0,0.27,0,73
2025-26,24,136,Igor Thiago Nascimento Rodrigues,FWD,Brentford,5,2,0,2026-02-01T14:00:00Z,90,2,0,0,1,0,0,-1,6.4,1.4,2.0,1.0,0.0,0.0,0.0,2.4,1,72
2025-26,24,137,Iwan Morgan,FWD,Brentford,5,2,0,2026-02-01T14:00:00Z,0,0,0,0,0,0,0,0,0.0,0.0,0.0,0.0,0.0,0.0,0.0,0.0,0,44
2025-26,24,138,Jason Steele,GK,Brighton,6,9,1,2026-01-31T15:00:00Z,0,0,0,0,0,0,0,0,0.0,0.0,0.0,0.0,0.0,0.0,0.0,0.0,0,42
2025-26,24,139,Bart Verbruggen,GK,Brighton,6,9,1,2026-01-31T15:00:00Z,90,3,0,0,0,1,0,15,29.0,0.0,0.0,2.9,0.0,0.03,0.03,1.2,1,45
2025-26,24,140,Tom McGill,GK,Brighton,6,9,1,2026-01-31T15:00:00Z,0,0,0,0,0,0,0,0,0.0,0.0,0.0,0.0,0.0,0.0,0.0,0.0,0,39
2025-26,24,141,Carl Rushworth,GK,Brighton,6,9,1,2026-01-31T15:00:00Z,0,0,0,0,0,0,0,0,0.0,0.0,0.0,0.0,0.0,0.0,0.0,0.0,0,40
2025-26,24,142,Kjell Scherpen,GK,Brighton,6,9,1,2026-01-31T15:00:00Z,0,0,0,0,0,0,0,0,0.0,0.0,0.0,0.0,0.0,0.0,0.0,0.0,0,40
2025-26,24,143,Olivier Boscagli,DEF,Brighton,6,9,1,2026-01-31T15:00:00Z,0,0,0,0,0,0,0,0,0.0,0.0,0.0,0.0,0.0,0.0,0.0,0.0,0,42
2025-26,24,144,Diego Coppola,DEF,Brighton,6,9,1,2026-01-31T15:00:00Z,0,0,0,0,0,0,0,0,0.0,0.0,0.0,0.0,0.0,0.0,0.0,0.0,0,42
2025-26,24,145,Maxim De Cuyper,DEF,Brighton,6,9,1,2026-01-31T15:00:00Z,69,6,0,0,1,0,0,25,3.6,15.4,2.0,2.1,0.0,0.16,0.16,0.42,1,43
2025-26,24,146,Lewis Dunk,DEF,Brighton,6,9,1,2026-01-31T15:00:00Z,90,4,0,0,0,1,0,15,25.8,1.5,0.0,2.7,0.0,0.0,0.0,1.2,1,45
2025-26,24,147,Pervis Estupiñán Tenorio,DEF,Brighton,6,9,1,2026-01-31T15:00:00Z,0,0,0,0,0,0,0,0,0.0,0.0,0.0,0.0,0.0,0.0,0.0,0.0,0,45
2025-26,24,148,Ferdi Kadıoğlu,DEF,Brighton,6,9,1,2026-01-31T15:00:00Z,90,2,0,0,0,1,0,11,23.6,30.7,2.0,5.6,0.0,0.1,0.1,1.2,1,44
2025-26,24,149,Igor Julio dos Santos de Paulo,DEF,Brighton,6,9,1,2026-01-31T15:00:00Z,0,0,0,0,0,0,0,0,0.0,0.0,0.0,0.0,0.0,0.0,0.0,0.0,0,45
2025-26,24,150,Tariq Lamptey,DEF,Brighton,6,9,1,2026-01-31T15:00:00Z,0,0,0,0,0,0,0,0,0.0,0.0,0.0,0.0,0.0,0.0,0.0,0.0,0,44
2025-26,24,151,Jan Paul van Hecke,DEF,Brighton,6,9,1,2026-01-31T15:00:00Z,90,2,0,0,0,1,0,9,17.4,2.6,2.0,2.2,0.0,0.2,0.2,1.2,1,45
2025-26,24,152,Joël Veltman,DEF,Brighton,6,9,1,2026-01-31T15:00:00Z,20,1,0,0,0,1,0,0,6.8,0.5,0.0,0.7,0.0,0.0,0.0,0.78,0,43
2025-26,24,153,Adam Webster,DEF,Brighton,6,9,1,2026-01-31T15:00:00Z,0,0,0,0,0,0,0,0,0.0,0.0,0.0,0.0,0.0,0.0,0.0,0.0,0,44
2025-26,24,154,Eiran Cashin,DEF,Brighton,6,9,1,2026-01-31T15:00:00Z,0,0,0,0,0,0,0,0,0.0,0.0,0.0,0.0,0.0,0.0,0.0,0.0,0,40
2025-26,24,155,Jacob Slater,DEF,Brighton,6,9,1,2026-01-31T15:00:00Z,0,0,0,0,0,0,0,0,0.0,0.0,0.0,0.0,0.0,0.0,0.0,0.0,0,40
2025-26,24,156,Charlie Tasker,DEF,Brighton,6,9,1,2026-01-31T15:00:00Z,0,0,0,0,0,0,0,0,0.0,0.0,0.0,0.0,0.0,0.0,0.0,0.0,0,38
2025-26,24,157,Mitoma Kaoru,MID,Brighton,6,9,1,2026-01-31T15:00:00Z,90,2,0,0,0,1,0,8,9.0,28.8,17.0,5.5,0.49,0.21,0.7,1.2,1,61
2025-26,24,158,Georginio Rutter,MID,Brighton,6,9,1,2026-01-31T15:00:00Z,59,1,0,0,0,0,0,2,4.0,14.1,8.0,2.6,0.11,0.03,0.14,0.08,1,56
2025-26,24,159,Solly March,MID,Brighton,6,9,1,2026-01-31T15:00:00Z,0,0,0,0,0,0,0,0,0.0,0.0,0.0,0.0,0.0,0.0,0.0,0.0,0,58
2025-26,24,160,Yankuba Minteh,MID,Brighton,6,9,1,2026-01-31T15:00:00Z,30,1,0,0,0,1,0,7,4.0,10.4,7.0,2.1,0.05,0.0,0.05,1.12,0,57
2025-26,24,161,Julio Enciso Espínola,MID,Brighton,6,9,1,2026-01-31T15:00:00Z,0,0,0,0,0,0,0,0,0.0,0.0,0.0,0.0,0.0,0.0,0.0,0.0,0,54
2025-26,24,162,Brajan Gruda,MID,Brighton,6,9,1,2026-01-31T15:00:00Z,0,0,0,0,0,0,0,0,0.0,0.0,0.0,0.0,0.0,0.0,0.0,0.0,0,54
2025-26,24,163,Jack Hinshelwood,MID,Brighton,6,9,1,2026-01-31T15:00:00Z,0,0,0,0,0,0,0,0,0.0,0.0,0.0,0.0,0.0,0.0,0.0,0.0,0,51
2025-26,24,164,Matt O'Riley,MID,Brighton,6,9,1,2026-01-31T15:00:00Z,0,0,0,0,0,0,0,0,0.0,0.0,0.0,0.0,0.0,0.0,0.0,0.0,0,55
2025-26,24,165,Abdallah Sima,MID,Brighton,6,9,1,2026-01-31T15:00:00Z,0,0,0,0,0,0,0,0,0.0,0.0,0.0,0.0,0.0,0.0,0.0,0.0,0,54
2025-26,24,166,Yasin Ayari,MID,Brighton,6,9,1,2026-01-31T15:00:00Z,90,6,0,1,0,1,1,26,23.0,13.5,2.0,3.9,0.0,0.12,0.12,1.2,1,48
2025-26,24,167,Carlos Baleba,MID,Brighton,6,9,1,2026-01-31T15:00:00Z,90,4,0,0,0,1,0,10,7.0,2.6,2.0,1.2,0.0,0.02,0.02,1.2,1,45
2025-26,24,168,Facundo Buonanotte,MID,Leeds,11,1,1,2026-01-31T15:00:00Z,19,1,0,0,0,1,0,1,0.0,0.3,6.0,0.5,0.0,0.0,0.0,1.31,0,46
2025-26,24,169,Diego Gómez Amarilla,MID,Brighton,6,9,1,2026-01-31T15:00:00Z,0,0,0,0,0,0,0,0,0.0,0.0,0.0,0.0,0.0,0.0,0.0,0.0,0,49
2025-26,24,170,James Milner,MID,Brighton,6,9,1,2026-01-31T15:00:00Z,1,1,0,0,0,1,0,3,0.0,0.0,0.0,0.0,0.0,0.0,0.0,0.62,0,49
2025-26,24,171,Jeremy Sarmiento Morante,MID,Brighton,6,9,1,2026-01-31T15:00:00Z,0,0,0,0,0,0,0,0,0.0,0.0,0.0,0.0,0.0,0.0,0.0,0.0,0,49
2025-26,24,172,Tom Watson,MID,Brighton,6,9,1,2026-01-31T15:00:00Z,0,0,0,0,0,0,0,0,0.0,0.0,0.0,0.0,0.0,0.0,0.0,0.0,0,48
2025-26,24,173,Mats Wieffer,MID,Brighton,6,9,1,2026-01-31T15:00:00Z,0,0,0,0,0,0,0,0,0.0,0.0,0.0,0.0,0.0,0.0,0.0,0.0,0,49
2025-26,24,174,Malick Yalcouyé,MID,Brighton,6,9,1,2026-01-31T15:00:00Z,0,0,0,0,0,0,0,0,0.0,0.0,0.0,0.0,0.0,0.0,0.0,0.0,0,50
2025-26,24,175,Joe Knight,MID,Brighton,6,9,1,2026-01-31T15:00:00Z,0,0,0,0,0,0,0,0,0.0,0.0,0.0,0.0,0.0,0.0,0.0,0.0,0,44
2025-26,24,176,Adrian Mazilu,MID,Brighton,6,9,1,2026-01-31T15:00:00Z,0,0,0,0,0,0,0,0,0.0,0.0,0.0,0.0,0.0,0.0,0.0,0.0,0,45
2025-26,24,177,Andrew Moran,MID,Brighton,6,9,1,2026-01-31T15:00:00Z,0,0,0,0,0,0,0,0,0.0,0.0,0.0,0.0,0.0,0.0,0.0,0.0,0,45
2025-26,24,178,Danny Welbeck,FWD,Brighton,6,9,1,2026-01-31T15:00:00Z,69,2,0,0,1,0,0,5,4.6,11.1,47.0,6.3,0.55,0.04,0.59,0.42,1,62
2025-26,24,179,Evan Ferguson,FWD,Brighton,6,9,1,2026-01-31T15:00:00Z,0,0,0,0,0,0,0,0,0.0,0.0,0.0,0.0,0.0,0.0,0.0,0.0,0,55
2025-26,24,180,Stefanos Tzimas,FWD,Brighton,6,9,1,2026-01-31T15:00:00Z,0,0,0,0,0,0,0,0,0.0,0.0,0.0,0.0,0.0,0.0,0.0,0.0,0,52
2025-26,24,181,Charalampos Kostoulas,FWD,Brighton,6,9,1,2026-01-31T15:00:00Z,20,1,0,0,0,1,0,1,3.4,0.5,2.0,0.6,0.0,0.0,0.0,0.78,0,48
2025-26,24,182,James Trafford,GK,Man City,13,18,0,2026-02-01T16:30:00Z,0,0,0,0,0,0,0,0,0.0,0.0,0.0,0.0,0.0,0.0,0.0,0.0,0,45
2025-26,24,183,Max Weiß,GK,Burnley,3,17,0,2026-02-02T20:00:00Z,0,0,0,0,0,0,0,0,0.0,0.0,0.0,0.0,0.0,0.0,0.0,0.0,0,43
2025-26,24,184,Etienne Green,GK,Burnley,3,17,0,2026-02-02T20:00:00Z,0,0,0,0,0,0,0,0,0.0,0.0,0.0,0.0,0.0,0.0,0.0,0.0,0,40
2025-26,24,185,Václav Hladký,GK,Burnley,3,17,0,2026-02-02T20:00:00Z,0,0,0,0,0,0,0,0,0.0,0.0,0.0,0.0,0.0,0.0,0.0,0.0,0,39
2025-26,24,186,Connor Roberts,DEF,Burnley,3,17,0,2026-02-02T20:00:00Z,0,0,0,0,0,0,0,0,0.0,0.0,0.0,0.0,0.0,0.0,0.0,0.0,0,44
2025-26,24,187,Kyle Walker,DEF,Burnley,3,17,0,2026-02-02T20:00:00Z,90,0,0,0,0,3,0,2,12.2,18.5,0.0,3.1,0.0,0.05,0.05,1.47,1,44
2025-26,24,188,Hannes Delcroix,DEF,Burnley,3,17,0,2026-02-02T20:00:00Z,0,0,0,0,0,0,0,0,0.0,0.0,0.0,0.0,0.0,0.0,0.0,0.0,0,38
2025-26,24,189,Owen Dodgson,DEF,Burnley,3,17,0,2026-02-02T20:00:00Z,0,0,0,0,0,0,0,0,0.0,0.0,0.0,0.0,0.0,0.0,0.0,0.0,0,40
2025-26,24,190,Hjalmar Ekdal,DEF,Burnley,3,17,0,2026-02-02T20:00:00Z,0,0,0,0,0,0,0,0,0.0,0.0,0.0,0.0,0.0,0.0,0.0,0.0,0,39
2025-26,24,191,Maxime Estève,DEF,Burnley,3,17,0,2026-02-02T20:00:00Z,90,3,0,0,0,3,0,5,29.4,5.5,4.0,3.9,0.01,0.04,0.05,1.47,1,39
2025-26,24,192,Quilindschy Hartman,DEF,Burnley,3,17,0,2026-02-02T20:00:00Z,0,0,0,0,0,0,0,0,0.0,0.0,0.0,0.0,0.0,0.0,0.0,0.0,0,40
2025-26,24,193,Bashir Humphreys,DEF,Burnley,3,17,0,2026-02-02T20:00:00Z,90,3,0,0,0,3,0,5,27.0,2.3,0.0,2.9,0.0,0.01,0.01,1.47,1,39
2025-26,24,194,Jordan Beyer,DEF,Burnley,3,17,0,2026-02-02T20:00:00Z,0,0,0,0,0,0,0,0,0.0,0.0,0.0,0.0,0.0,0.0,0.0,0.0,0,39
2025-26,24,195,Lucas Pires Silva,DEF,Burnley,3,17,0,2026-02-02T20:00:00Z,90,1,0,0,0,3,0,1,7.0,4.0,4.0,1.5,0.01,0.01,0.02,1.47,1,38
2025-26,24,196,Shurandy Sambo,DEF,Burnley,3,17,0,2026-02-02T20:00:00Z,0,0,0,0,0,0,0,0,0.0,0.0,0.0,0.0,0.0,0.0,0.0,0.0,0,40
2025-26,24,197,Oliver Sonne,DEF,Burnley,3,17,0,2026-02-02T20:00:00Z,0,0,0,0,0,0,0,0,0.0,0.0,0.0,0.0,0.0,0.0,0.0,0.0,0,38
2025-26,24,198,Axel Tuanzebe,DEF,Burnley,3,17,0,2026-02-02T20:00:00Z,45,-2,0,0,0,2,0,-3,4.2,0.9,0.0,0.5,0.0,0.0,0.0,0.68,1,39
2025-26,24,199,Joe Worrall,DEF,Burnley,3,17,0,2026-02-02T20:00:00Z,0,0,0,0,0,0,0,0,0.0,0.0,0.0,0.0,0.0,0.0,0.0,0.0,0,38
2025-26,24,200,Jaidon Anthony,MID,Burnley,3,17,0,2026-02-02T20:00:00Z,79,1,0,0,0,3,0,5,3.8,24.2,2.0,3.0,0.02,0.02,0.04,1.15,1,50
2025-26,24,201,Manuel Benson Hedilazio,MID,Burnley,3,17,0,2026-02-02T20:00:00Z,0,0,0,0,0,0,0,0,0.0,0.0,0.0,0.0,0.0,0.0,0.0,0.0,0,54
2025-26,24,202,Jacob Bruun Larsen,MID,Burnley,3,17,0,2026-02-02T20:00:00Z,10,1,0,0,0,0,0,3,0.0,0.5,0.0,0.1,0.0,0.0,0.0,0.32,0,53
2025-26,24,203,Enock Agyei,MID,Burnley,3,17,0,2026-02-02T20:00:00Z,0,0,0,0,0,0,0,0,0.0,0.0,0.0,0.0,0.0,0.0,0.0,0.0,0,47
2025-26,24,204,Darko Churlinov,MID,Burnley,3,17,0,2026-02-02T20:00:00Z,0,0,0,0,0,0,0,0,0.0,0.0,0.0,0.0,0.0,0.0,0.0,0.0,0,49
2025-26,24,205,Josh Cullen,MID,Burnley,3,17,0,2026-02-02T20:00:00Z,0,0,0,0,0,0,0,0,0.0,0.0,0.0,0.0,0.0,0.0,0.0,0.0,0,49
2025-26,24,206,Marcus Edwards,MID,Burnley,3,17,0,2026-02-02T20:00:00Z,68,2,0,0,0,2,0,7,2.0,3.5,2.0,0.8,0.0,0.01,0.01,1.12,1,47
2025-26,24,207,Hannibal Mejbri,MID,Burnley,3,17,0,2026-02-02T20:00:00Z,0,0,0,0,0,0,0,0,0.0,0.0,0.0,0.0,0.0,0.0,0.0,0.0,0,47
2025-26,24,208,Luca Koleosho,MID,Burnley,3,17,0,2026-02-02T20:00:00Z,0,0,0,0,0,0,0,0,0.0,0.0,0.0,0.0,0.0,0.0,0.0,0.0,0,50
2025-26,24,209,Josh Laurent,MID,Burnley,3,17,0,2026-02-02T20:00:00Z,45,1,0,0,0,1,0,12,8.8,13.2,0.0,2.2,0.0,0.01,0.01,0.79,0,48
2025-26,24,210,Loum Tchaouna,MID,Burnley,3,17,0,2026-02-02T20:00:00Z,21,1,0,0,0,1,0,4,0.4,0.3,0.0,0.1,0.0,0.06,0.06,0.35,0,49
2025-26,24,211,Aaron Ramsey,MID,Burnley,3,17,0,2026-02-02T20:00:00Z,0,0,0,0,0,0,0,0,0.0,0.0,0.0,0.0,0.0,0.0,0.0,0.0,0,44
2025-26,24,212,Oluwaseun Adewumi,MID,Burnley,3,17,0,2026-02-02T20:00:00Z,0,0,0,0,0,0,0,0,0.0,0.0,0.0,0.0,0.0,0.0,0.0,0.0,0,45
2025-26,24,213,Jaydon Banel,MID,Burnley,3,17,0,2026-02-02T20:00:00Z,0,0,0,0,0,0,0,0,0.0,0.0,0.0,0.0,0.0,0.0,0.0,0.0,0,45
2025-26,24,214,Mike Trésor Ndayishimiye,MID,Burnley,3,17,0,2026-02-02T20:00:00Z,0,0,0,0,0,0,0,0,0.0,0.0,0.0,0.0,0.0,0.0,0.0,0.0,0,44
2025-26,24,215,Zian Flemming,FWD,Burnley,3,17,0,2026-02-02T20:00:00Z,27,1,0,0,0,1,0,-2,0.0,0.4,3.0,0.0,0.02,0.0,0.02,0.76,0,53
2025-26,24,216,Zeki Amdouni,FWD,Burnley,3,17,0,2026-02-02T20:00:00Z,0,0,0,0,0,0,0,0,0.0,0.0,0.0,0.0,0.0,0.0,0.0,0.0,0,48
2025-26,24,217,Lyle Foster,FWD,Burnley,3,17,0,2026-02-02T20:00:00Z,62,2,0,0,0,2,0,5,0.0,1.2,2.0,0.1,0.0,0.0,0.0,0.71,1,49
2025-26,24,218,Ashley Barnes,FWD,Burnley,3,17,0,2026-02-02T20:00:00Z,0,0,0,0,0,0,0,0,0.0,0.0,0.0,0.0,0.0,0.0,0.0,0.0,0,42
2025-26,24,219,Michael Obafemi,FWD,Burnley,3,17,0,2026-02-02T20:00:00Z,0,0,0,0,0,0,0,0,0.0,0.0,0.0,0.0,0.0,0.0,0.0,0.0,0,44
2025-26,24,220,Robert Lynch Sánchez,GK,Chelsea,7,19,1,2026-01-31T17:30:00Z,90,2,0,0,0,2,0,17,33.4,0.0,0.0,3.3,0.0,0.01,0.01,1.12,1,49
2025-26,24,221,Filip Jörgensen,GK,Chelsea,7,19,1,2026-01-31T17:30:00Z,0,0,0,0,0,0,0,0,0.0,0.0,0.0,0.0,0.0,0.0,0.0,0.0,0,43
2025-26,24,222,Mike Penders,GK,Chelsea,7,19,1,2026-01-31T17:30:00Z,0,0,0,0,0,0,0,0,0.0,0.0,0.0,0.0,0.0,0.0,0.0,0.0,0,40
2025-26,24,223,Gabriel Słonina,GK,Chelsea,7,19,1,2026-01-31T17:30:00Z,0,0,0,0,0,0,0,0,0.0,0.0,0.0,0.0,0.0,0.0,0.0,0.0,0,39
2025-26,24,224,Marc Cucurella Saseta,DEF,Chelsea,7,19,1,2026-01-31T17:30:00Z,45,7,1,0,0,0,0,27,44.8,20.7,45.0,11.1,0.81,0.1,0.91,0.61,0,60
2025-26,24,225,Reece James,DEF,Chelsea,7,19,1,2026-01-31T17:30:00Z,9,1,0,0,0,0,0,4,2.2,5.5,2.0,1.0,0.0,0.01,0.01,0.2,0,57
2025-26,24,226,Trevoh Chalobah,DEF,Chelsea,7,19,1,2026-01-31T17:30:00Z,90,3,0,0,0,2,0,9,24.6,4.3,2.0,3.1,0.0,0.02,0.02,1.12,1,57
2025-26,24,227,Levi Samuels Colwill,DEF,Chelsea,7,19,1,2026-01-31T17:30:00Z,0,0,0,0,0,0,0,0,0.0,0.0,0.0,0.0,0.0,0.0,0.0,0.0,0,47
2025-26,24,228,Malo Gusto,DEF,Chelsea,7,19,1,2026-01-31T17:30:00Z,80,1,0,0,0,2,0,5,6.4,14.3,4.0,2.5,0.0,0.03,0.03,0.92,1,49
2025-26,24,229,Benoît Badiashile Mukinayi,DEF,Chelsea,7,19,1,2026-01-31T17:30:00Z,45,0,0,0,0,2,0,6,22.4,0.8,0.0,2.3,0.0,0.01,0.01,0.51,1,44
2025-26,24,230,Wesley Fofana,DEF,Chelsea,7,19,1,2026-01-31T17:30:00Z,45,4,0,1,0,0,0,23,30.4,15.8,0.0,4.6,0.0,0.44,0.44,0.61,0,44
2025-26,24,231,Mamadou Sarr,DEF,Chelsea,7,19,1,2026-01-31T17:30:00Z,0,0,0,0,0,0,0,0,0.0,0.0,0.0,0.0,0.0,0.0,0.0,0.0,0,45
2025-26,24,232,Tosin Adarabioyo,DEF,Chelsea,7,19,1,2026-01-31T17:30:00Z,0,0,0,0,0,0,0,0,0.0,0.0,0.0,0.0,0.0,0.0,0.0,0.0,0,40
2025-26,24,233,Josh Acheampong,DEF,Chelsea,7,19,1,2026-01-31T17:30:00Z,0,0,0,0,0,0,0,0,0.0,0.0,0.0,0.0,0.0,0.0,0.0,0.0,0,38
2025-26,24,234,Aarón Anselmino,DEF,Chelsea,7,19,1,2026-01-31T17:30:00Z,0,0,0,0,0,0,0,0,0.0,0.0,0.0,0.0,0.0,0.0,0.0,0.0,0,40
2025-26,24,235,Cole Palmer,MID,Chelsea,7,19,1,2026-01-31T17:30:00Z,90,2,0,0,0,2,0,9,8.4,6.7,16.0,3.1,0.65,0.05,0.7,1.12,1,104
2025-26,24,236,Pedro Lomba Neto,MID,Chelsea,7,19,1,2026-01-31T17:30:00Z,64,2,0,0,0,1,0,17,15.8,50.0,8.0,7.4,0.0,0.52,0.52,0.93,0,71
2025-26,24,237,Enzo Fernández,MID,Chelsea,7,19,1,2026-01-31T17:30:00Z,90,8,1,0,0,2,2,34,44.8,9.5,26.0,8.0,0.33,0.06,0.39,1.12,1,67
2025-26,24,238,Estêvão Almeida de Oliveira Gonçalves,MID,Chelsea,7,19,1,2026-01-31T17:30:00Z,0,0,0,0,0,0,0,0,0.0,0.0,0.0,0.0,0.0,0.0,0.0,0.0,0,64
2025-26,24,239,Jamie Bynoe-Gittens,MID,Chelsea,7,19,1,2026-01-31T17:30:00Z,25,1,0,0,0,1,0,4,0.0,1.1,0.0,0.0,0.0,0.0,0.0,0.19,1,60
2025-26,24,240,Christopher Nkunku,MID,Chelsea,7,19,1,2026-01-31T17:30:00Z,0,0,0,0,0,0,0,0,0.0,0.0,0.0,0.0,0.0,0.0,0.0,0.0,0,59
2025-26,24,241,Moisés Caicedo Corozo,MID,Chelsea,7,19,1,2026-01-31T17:30:00Z,90,3,0,0,0,2,0,14,10.2,6.5,13.0,3.0,0.07,0.09,0.16,1.12,1,57
2025-26,24,242,Kiernan Dewsbury-Hall,MID,Everton,9,6,0,2026-01-31T15:00:00Z,78,2,0,0,0,1,0,9,5.8,2.8,25.0,3.4,0.4,0.01,0.41,1.41,1,49
2025-26,24,243,Tyrique George,MID,Chelsea,7,19,1,2026-01-31T17:30:00Z,0,0,0,0,0,0,0,0,0.0,0.0,0.0,0.0,0.0,0.0,0.0,0.0,0,48
2025-26,24,244,Roméo Lavia,MID,Chelsea,7,19,1,2026-01-31T17:30:00Z,0,0,0,0,0,0,0,0,0.0,0.0,0.0,0.0,0.0,0.0,0.0,0.0,0,49
2025-26,24,245,Mykhailo Mudryk,MID,Chelsea,7,19,1,2026-01-31T17:30:00Z,0,0,0,0,0,0,0,0,0.0,0.0,0.0,0.0,0.0,0.0,0.0,0.0,0,49
2025-26,24,246,Andrey Nascimento dos Santos,MID,Chelsea,7,19,1,2026-01-31T17:30:00Z,0,0,0,0,0,0,0,0,0.0,0.0,0.0,0.0,0.0,0.0,0.0,0.0,0,45
2025-26,24,247,Dário Luís Essugo,MID,Chelsea,7,19,1,2026-01-31T17:30:00Z,0,0,0,0,0,0,0,0,0.0,0.0,0.0,0.0,0.0,0.0,0.0,0.0,0,43
2025-26,24,248,Kendry Páez Andrade,MID,Chelsea,7,19,1,2026-01-31T17:30:00Z,0,0,0,0,0,0,0,0,0.0,0.0,0.0,0.0,0.0,0.0,0.0,0.0,0,45
2025-26,24,249,João Pedro Junqueira de Jesus,FWD,Chelsea,7,19,1,2026-01-31T17:30:00Z,45,10,1,1,0,0,3,38,51.6,14.4,39.0,10.5,0.5,0.12,0.62,0.61,0,73
2025-26,24,250,Liam Delap,FWD,Chelsea,7,19,1,2026-01-31T17:30:00Z,90,5,0,1,0,2,0,9,0.4,3.1,37.0,4.1,0.89,0.01,0.9,1.12,1,62
2025-26,24,251,Nicolas Jackson,FWD,Chelsea,7,19,1,2026-01-31T17:30:00Z,0,0,0,0,0,0,0,0,0.0,0.0,0.0,0.0,0.0,0.0,0.0,0.0,0,65
2025-26,24,252,Marc Guiu Paz,FWD,Chelsea,7,19,1,2026-01-31T17:30:00Z,0,0,0,0,0,0,0,0,0.0,0.0,0.0,0.0,0.0,0.0,0.0,0.0,0,42
2025-26,24,253,Dean Henderson,GK,Crystal Palace,8,16,0,2026-02-01T14:00:00Z,90,2,0,0,0,1,0,6,4.4,0.0,0.0,0.4,0.0,0.0,0.0,0.49,1,50
2025-26,24,254,Walter Benítez,GK,Crystal Palace,8,16,0,2026-02-01T14:00:00Z,0,0,0,0,0,0,0,0,0.0,0.0,0.0,0.0,0.0,0.0,0.0,0.0,0,40
2025-26,24,255,Remi Matthews,GK,Crystal Palace,8,16,0,2026-02-01T14:00:00Z,0,0,0,0,0,0,0,0,0.0,0.0,0.0,0.0,0.0,0.0,0.0,0.0,0,39
2025-26,24,256,Daniel Muñoz Mejía,DEF,Crystal Palace,8,16,0,2026-02-01T14:00:00Z,90,2,0,0,0,1,0,14,20.4,53.3,11.0,8.5,0.05,0.26,0.31,0.49,1,58
2025-26,24,257,Maxence Lacroix,DEF,Crystal Palace,8,16,0,2026-02-01T14:00:00Z,90,2,0,0,0,1,0,4,17.0,3.9,6.0,2.7,0.05,0.04,0.09,0.49,1,51
2025-26,24,258,Tyrick Mitchell,DEF,Crystal Palace,8,16,0,2026-02-01T14:00:00Z,90,2,0,0,0,1,0,10,12.8,18.5,8.0,3.9,0.0,0.04,0.04,0.49,1,50
2025-26,24,259,Borna Sosa,DEF,Crystal Palace,8,16,0,2026-02-01T14:00:00Z,0,0,0,0,0,0,0,0,0.0,0.0,0.0,0.0,0.0,0.0,0.0,0.0,0,48
2025-26,24,260,Marc Guéhi,DEF,Man City,13,18,0,2026-02-01T16:30:00Z,90,3,0,0,0,2,0,8,26.2,6.8,27.0,6.0,0.6,0.06,0.66,1.05,1,52
2025-26,24,261,Chris Richards,DEF,Crystal Palace,8,16,0,2026-02-01T14:00:00Z,90,1,0,0,0,1,0,6,28.8,14.2,0.0,4.3,0.0,0.03,0.03,0.49,1,44
2025-26,24,262,Chadi Riad Dnanou,DEF,Crystal Palace,8,16,0,2026-02-01T14:00:00Z,60,1,0,0,0,1,0,7,8.8,4.1,0.0,1.3,0.0,0.02,0.02,0.24,1,40
2025-26,24,263,Nathaniel Clyne,DEF,Crystal Palace,8,16,0,2026-02-01T14:00:00Z,0,0,0,0,0,0,0,0,0.0,0.0,0.0,0.0,0.0,0.0,0.0,0.0,0,38
2025-26,24,264,Rob Holding,DEF,Crystal Palace,8,16,0,2026-02-01T14:00:00Z,0,0,0,0,0,0,0,0,0.0,0.0,0.0,0.0,0.0,0.0,0.0,0.0,0,40
2025-26,24,265,Caleb Kporha,DEF,Crystal Palace,8,16,0,2026-02-01T14:00:00Z,0,0,0,0,0,0,0,0,0.0,0.0,0.0,0.0,0.0,0.0,0.0,0.0,0,40
2025-26,24,266,Eberechi Eze,MID,Arsenal,1,11,0,2026-01-31T15:00:00Z,9,1,0,0,0,0,0,4,1.6,0.1,0.0,0.2,0.0,0.0,0.0,0.03,0,73
2025-26,24,267,Ismaïla Sarr,MID,Crystal Palace,8,16,0,2026-02-01T14:00:00Z,90,7,1,0,0,1,0,20,33.0,3.2,26.0,6.2,1.18,0.02,1.2,0.49,1,63
2025-26,24,268,Cheick Doucouré,MID,Crystal Palace,8,16,0,2026-02-01T14:00:00Z,0,0,0,0,0,0,0,0,0.0,0.0,0.0,0.0,0.0,0.0,0.0,0.0,0,49
2025-26,24,269,Romain Esse,MID,Crystal Palace,8,16,0,2026-02-01T14:00:00Z,0,0,0,0,0,0,0,0,0.0,0.0,0.0,0.0,0.0,0.0,0.0,0.0,0,47
2025-26,24,270,Will Hughes,MID,Crystal Palace,8,16,0,2026-02-01T14:00:00Z,90,2,0,0,0,1,0,11,8.0,20.3,14.0,4.2,0.3,0.16,0.46,0.49,1,47
2025-26,24,271,Daichi Kamada,MID,Crystal Palace,8,16,0,2026-02-01T14:00:00Z,0,0,0,0,0,0,0,0,0.0,0.0,0.0,0.0,0.0,0.0,0.0,0.0,0,50
2025-26,24,272,Jefferson Lerma Solís,MID,Crystal Palace,8,16,0,2026-02-01T14:00:00Z,90,9,0,1,0,1,2,29,22.6,17.4,18.0,5.8,0.17,0.07,0.24,0.49,1,49
2025-26,24,273,Adam Wharton,MID,Crystal Palace,8,16,0,2026-02-01T14:00:00Z,0,0,0,0,0,0,0,0,0.0,0.0,0.0,0.0,0.0,0.0,0.0,0.0,0,50
2025-26,24,274,Asher Agbinone,MID,Crystal Palace,8,16,0,2026-02-01T14:00:00Z,0,0,0,0,0,0,0,0,0.0,0.0,0.0,0.0,0.0,0.0,0.0,0.0,0,43
2025-26,24,275,Naouirou Ahamada,MID,Crystal Palace,8,16,0,2026-02-01T14:00:00Z,0,0,0,0,0,0,0,0,0.0,0.0,0.0,0.0,0.0,0.0,0.0,0.0,0,43
2025-26,24,276,Justin Devenny,MID,Crystal Palace,8,16,0,2026-02-01T14:00:00Z,0,0,0,0,0,0,0,0,0.0,0.0,0.0,0.0,0.0,0.0,0.0,0.0,0,43
2025-26,24,277,Malcolm Ebiowei,MID,Crystal Palace,8,16,0,2026-02-01T14:00:00Z,0,0,0,0,0,0,0,0,0.0,0.0,0.0,0.0,0.0,0.0,0.0,0.0,0,45
2025-26,24,278,Jesurun Rak-Sakyi,MID,Crystal Palace,8,16,0,2026-02-01T14:00:00Z,0,0,0,0,0,0,0,0,0.0,0.0,0.0,0.0,0.0,0.0,0.0,0.0,0,44
2025-26,24,279,Matheus França de Oliveira,MID,Crystal Palace,8,16,0,2026-02-01T14:00:00Z,0,0,0,0,0,0,0,0,0.0,0.0,0.0,0.0,0.0,0.0,0.0,0.0,0,45
2025-26,24,280,David Ozoh,MID,Crystal Palace,8,16,0,2026-02-01T14:00:00Z,0,0,0,0,0,0,0,0,0.0,0.0,0.0,0.0,0.0,0.0,0.0,0.0,0,45
2025-26,24,281,Kaden Rodney,MID,Crystal Palace,8,16,0,2026-02-01T14:00:00Z,0,0,0,0,0,0,0,0,0.0,0.0,0.0,0.0,0.0,0.0,0.0,0.0,0,44
2025-26,24,282,Franco Umeh-Chibueze,MID,Crystal Palace,8,16,0,2026-02-01T14:00:00Z,0,0,0,0,0,0,0,0,0.0,0.0,0.0,0.0,0.0,0.0,0.0,0.0,0,45
2025-26,24,283,Jean-Philippe Mateta,FWD,Crystal Palace,8,16,0,2026-02-01T14:00:00Z,0,0,0,0,0,0,0,0,0.0,0.0,0.0,0.0,0.0,0.0,0.0,0.0,0,75
2025-26,24,284,Eddie Nketiah,FWD,Crystal Palace,8,16,0,2026-02-01T14:00:00Z,0,0,0,0,0,0,0,0,0.0,0.0,0.0,0.0,0.0,0.0,0.0,0.0,0,54
2025-26,24,285,Odsonne Édouard,FWD,Crystal Palace,8,16,0,2026-02-01T14:00:00Z,0,0,0,0,0,0,0,0,0.0,0.0,0.0,0.0,0.0,0.0,0.0,0.0,0,50
2025-26,24,286,Zach Marsh,FWD,Crystal Palace,8,16,0,2026-02-01T14:00:00Z,0,0,0,0,0,0,0,0,0.0,0.0,0.0,0.0,0.0,0.0,0.0,0.0,0,44
2025-26,24,287,Jordan Pickford,GK,Everton,9,6,0,2026-01-31T15:00:00Z,90,2,0,0,0,1,0,12,15.6,0.0,0.0,1.6,0.0,0.0,0.0,1.44,1,56
2025-26,24,288,Mark Travers,GK,Everton,9,6,0,2026-01-31T15:00:00Z,0,0,0,0,0,0,0,0,0.0,0.0,0.0,0.0,0.0,0.0,0.0,0.0,0,43
2025-26,24,289,Harry Tyrer,GK,Everton,9,6,0,2026-01-31T15:00:00Z,0,0,0,0,0,0,0,0,0.0,0.0,0.0,0.0,0.0,0.0,0.0,0.0,0,39
2025-26,24,290,Jarrad Branthwaite,DEF,Everton,9,6,0,2026-01-31T15:00:00Z,88,1,0,0,0,1,0,3,8.0,2.1,4.0,1.4,0.02,0.01,0.03,1.44,1,53
2025-26,24,291,James Tarkowski,DEF,Everton,9,6,0,2026-01-31T15:00:00Z,90,2,0,0,0,1,0,13,18.6,0.9,18.0,3.8,0.09,0.21,0.3,1.44,1,58
2025-26,24,292,Vitalii Mykolenko,DEF,Everton,9,6,0,2026-01-31T15:00:00Z,0,0,0,0,0,0,0,0,0.0,0.0,0.0,0.0,0.0,0.0,0.0,0.0,0,49
2025-26,24,293,Jake O'Brien,DEF,Everton,9,6,0,2026-01-31T15:00:00Z,90,5,0,1,0,1,0,19,25.8,21.4,19.0,6.6,0.08,0.06,0.14,1.44,1,49
2025-26,24,294,Séamus Coleman,DEF,Everton,9,6,0,2026-01-31T15:00:00Z,0,0,0,0,0,0,0,0,0.0,0.0,0.0,0.0,0.0,0.0,0.0,0.0,0,42
2025-26,24,295,Michael Keane,DEF,Everton,9,6,0,2026-01-31T15:00:00Z,90,2,0,0,0,1,0,15,21.0,0.5,23.0,4.5,0.07,0.0,0.07,1.44,1,47
2025-26,24,296,Nathan Patterson,DEF,Everton,9,6,0,2026-01-31T15:00:00Z,1,1,0,0,0,0,0,3,2.0,0.3,0.0,0.2,0.0,0.0,0.0,0.0,0,44
2025-26,24,297,Roman Dixon,DEF,Everton,9,6,0,2026-01-31T15:00:00Z,0,0,0,0,0,0,0,0,0.0,0.0,0.0,0.0,0.0,0.0,0.0,0.0,0,38
2025-26,24,298,Reece Welch,DEF,Everton,9,6,0,2026-01-31T15:00:00Z,0,0,0,0,0,0,0,0,0.0,0.0,0.0,0.0,0.0,0.0,0.0,0.0,0,38
2025-26,24,299,Iliman Ndiaye,MID,Everton,9,6,0,2026-01-31T15:00:00Z,90,2,0,0,0,1,0,9,11.8,3.8,8.0,2.4,0.0,0.01,0.01,1.44,1,62
2025-26,24,300,Dwight McNeil,MID,Everton,9,6,0,2026-01-31T15:00:00Z,0,0,0,0,0,0,0,0,0.0,0.0,0.0,0.0,0.0,0.0,0.0,0.0,0,55
2025-26,24,301,Carlos Alcaraz Durán,MID,Everton,9,6,0,2026-01-31T15:00:00Z,11,1,0,0,0,0,0,7,3.6,0.5,0.0,0.4,0.0,0.01,0.01,0.03,0,52
2025-26,24,302,Idrissa Gana Gueye,MID,Everton,9,6,0,2026-01-31T15:00:00Z,79,2,0,0,0,1,0,8,3.4,4.3,4.0,1.2,0.0,0.02,0.02,1.41,1,54
2025-26,24,303,James Garner,MID,Everton,9,6,0,2026-01-31T15:00:00Z,90,4,0,0,0,1,0,14,20.8,16.6,2.0,3.9,0.0,0.07,0.07,1.44,1,52
2025-26,24,304,Tim Iroegbunam,MID,Everton,9,6,0,2026-01-31T15:00:00Z,10,0,0,0,0,0,0,-1,0.0,0.2,0.0,0.0,0.0,0.0,0.0,0.03,0,48
2025-26,24,305,Harrison Armstrong,MID,Everton,9,6,0,2026-01-31T15:00:00Z,79,2,0,0,0,1,0,11,8.8,2.2,0.0,1.1,0.0,0.01,0.01,1.41,1,45
2025-26,24,306,Callum Bates,MID,Everton,9,6,0,2026-01-31T15:00:00Z,0,0,0,0,0,0,0,0,0.0,0.0,0.0,0.0,0.0,0.0,0.0,0.0,0,43
2025-26,24,307,Coby Ebere,MID,Everton,9,6,0,2026-01-31T15:00:00Z,0,0,0,0,0,0,0,0,0.0,0.0,0.0,0.0,0.0,0.0,0.0,0.0,0,44
2025-26,24,308,Isaac Heath,MID,Everton,9,6,0,2026-01-31T15:00:00Z,0,0,0,0,0,0,0,0,0.0,0.0,0.0,0.0,0.0,0.0,0.0,0.0,0,45
2025-26,24,309,Jenson Metcalfe,MID,Everton,9,6,0,2026-01-31T15:00:00Z,0,0,0,0,0,0,0,0,0.0,0.0,0.0,0.0,0.0,0.0,0.0,0.0,0,45
2025-26,24,310,Thierno Barry,FWD,Everton,9,6,0,2026-01-31T15:00:00Z,88,2,0,0,0,1,0,9,1.4,22.3,2.0,2.6,0.0,0.16,0.16,1.44,1,57
2025-26,24,311,Norberto Bercique Gomes Betuncal,FWD,Everton,9,6,0,2026-01-31T15:00:00Z,1,7,1,0,0,0,2,27,33.0,0.0,33.0,6.6,0.59,0.0,0.59,0.0,0,50
2025-26,24,312,Youssef Ramalho Chermiti,FWD,Everton,9,6,0,2026-01-31T15:00:00Z,0,0,0,0,0,0,0,0,0.0,0.0,0.0,0.0,0.0,0.0,0.0,0.0,0,49
2025-26,24,313,Martin Sherif,FWD,Everton,9,6,0,2026-01-31T15:00:00Z,0,0,0,0,0,0,0,0,0.0,0.0,0.0,0.0,0.0,0.0,0.0,0.0,0,44
2025-26,24,314,Bernd Leno,GK,Fulham,10,14,0,2026-02-01T14:00:00Z,90,2,0,0,0,3,0,13,32.2,0.0,0.0,3.2,0.0,0.0,0.0,1.79,1,49
2025-26,24,315,Steven Benda,GK,Fulham,10,14,0,2026-02-01T14:00:00Z,0,0,0,0,0,0,0,0,0.0,0.0,0.0,0.0,0.0,0.0,0.0,0.0,0,40
2025-26,24,316,Antonee Robinson,DEF,Fulham,10,14,0,2026-02-01T14:00:00Z,70,1,0,0,0,2,0,8,14.0,13.0,2.0,2.9,0.0,0.02,0.02,1.1,1,49
2025-26,24,317,Joachim Andersen,DEF,Fulham,10,14,0,2026-02-01T14:00:00Z,90,0,0,0,0,3,0,-3,14.0,10.7,39.0,6.4,0.44,0.09,0.53,1.79,1,46
2025-26,24,318,Calvin Bassey,DEF,Fulham,10,14,0,2026-02-01T14:00:00Z,4,1,0,0,0,1,0,3,6.6,1.0,2.0,1.0,0.0,0.0,0.0,0.14,0,44
2025-26,24,319,Timothy Castagne,DEF,Fulham,10,14,0,2026-02-01T14:00:00Z,90,1,0,0,0,3,0,3,14.2,8.3,2.0,2.5,0.0,0.02,0.02,1.79,1,43
2025-26,24,320,Issa Diop,DEF,Fulham,10,14,0,2026-02-01T14:00:00Z,0,0,0,0,0,0,0,0,0.0,0.0,0.0,0.0,0.0,0.0,0.0,0.0,0,43
2025-26,24,321,Jorge Cuenca Barreno,DEF,Fulham,10,14,0,2026-02-01T14:00:00Z,85,1,0,0,0,2,0,12,20.2,21.3,4.0,4.6,0.0,0.44,0.44,1.65,1,43
2025-26,24,322,Kenny Tete,DEF,Fulham,10,14,0,2026-02-01T14:00:00Z,0,0,0,0,0,0,0,0,0.0,0.0,0.0,0.0,0.0,0.0,0.0,0.0,0,45
2025-26,24,323,Samuel Amissah,DEF,Fulham,10,14,0,2026-02-01T14:00:00Z,0,0,0,0,0,0,0,0,0.0,0.0,0.0,0.0,0.0,0.0,0.0,0.0,0,38
2025-26,24,324,Alex Iwobi,MID,Fulham,10,14,0,2026-02-01T14:00:00Z,90,2,0,0,0,3,0,16,17.6,39.4,7.0,6.4,0.03,0.49,0.52,1.79,1,63
2025-26,24,325,Emile Smith Rowe,MID,Fulham,10,14,0,2026-02-01T14:00:00Z,70,2,0,0,0,2,0,14,2.4,4.2,6.0,1.3,0.03,0.04,0.07,1.1,1,56
2025-26,24,326,Adama Traoré Diarra,MID,West Ham,19,7,0,2026-01-31T17:30:00Z,9,0,0,0,0,1,0,-1,0.2,0.3,0.0,0.1,0.0,0.0,0.0,0.8,0,51
2025-26,24,327,Andreas Hoelgebaum Pereira,MID,Fulham,10,14,0,2026-02-01T14:00:00Z,0,0,0,0,0,0,0,0,0.0,0.0,0.0,0.0,0.0,0.0,0.0,0.0,0,53
2025-26,24,328,Ryan Sessegnon,MID,Fulham,10,14,0,2026-02-01T14:00:00Z,19,4,0,1,0,1,0,10,20.6,15.9,6.0,4.3,0.0,0.01,0.01,0.69,0,54
2025-26,24,329,Harry Wilson,MID,Fulham,10,14,0,2026-02-01T14:00:00Z,90,2,0,0,0,3,0,11,9.4,22.1,14.0,4.6,0.07,0.09,0.16,1.79,1,61
2025-26,24,330,Sander Berge,MID,Fulham,10,14,0,2026-02-01T14:00:00Z,90,2,0,0,0,3,0,19,18.6,18.3,5.0,4.2,0.19,0.12,0.31,1.79,1,49
2025-26,24,331,Tom Cairney,MID,Fulham,10,14,0,2026-02-01T14:00:00Z,11,1,0,0,0,1,0,4,1.2,3.1,0.0,0.4,0.0,0.01,0.01,0.14,0,48
2025-26,24,332,Saša Lukić,MID,Fulham,10,14,0,2026-02-01T14:00:00Z,0,0,0,0,0,0,0,0,0.0,0.0,0.0,0.0,0.0,0.0,0.0,0.0,0,49
2025-26,24,333,Martial Godo,MID,Fulham,10,14,0,2026-02-01T14:00:00Z,0,0,0,0,0,0,0,0,0.0,0.0,0.0,0.0,0.0,0.0,0.0,0.0,0,45
2025-26,24,334,Luke Harris,MID,Fulham,10,14,0,2026-02-01T14:00:00Z,0,0,0,0,0,0,0,0,0.0,0.0,0.0,0.0,0.0,0.0,0.0,0.0,0,45
2025-26,24,335,Josh King,MID,Fulham,10,14,0,2026-02-01T14:00:00Z,0,0,0,0,0,0,0,0,0.0,0.0,0.0,0.0,0.0,0.0,0.0,0.0,0,44
2025-26,24,336,Harrison Reed,MID,Fulham,10,14,0,2026-02-01T14:00:00Z,0,0,0,0,0,0,0,0,0.0,0.0,0.0,0.0,0.0,0.0,0.0,0.0,0,43
2025-26,24,337,Raúl Jiménez Rodríguez,FWD,Fulham,10,14,0,2026-02-01T14:00:00Z,90,6,1,0,0,3,0,19,39.6,2.0,46.0,8.8,1.12,0.0,1.12,1.79,1,62
2025-26,24,338,Rodrigo Muniz Carvalho,FWD,Fulham,10,14,0,2026-02-01T14:00:00Z,0,0,0,0,0,0,0,0,0.0,0.0,0.0,0.0,0.0,0.0,0.0,0.0,0,53
2025-26,24,339,Illan Meslier,GK,Leeds,11,1,1,2026-01-31T15:00:00Z,0,0,0,0,0,0,0,0,0.0,0.0,0.0,0.0,0.0,0.0,0.0,0.0,0,42
2025-26,24,340,Alex Cairns,GK,Leeds,11,1,1,2026-01-31T15:00:00Z,0,0,0,0,0,0,0,0,0.0,0.0,0.0,0.0,0.0,0.0,0.0,0.0,0,39
2025-26,24,341,Karl Darlow,GK,Leeds,11,1,1,2026-01-31T15:00:00Z,90,1,0,0,0,4,0,4,31.6,0.0,0.0,3.2,0.0,0.01,0.01,2.19,1,39
2025-26,24,342,Jayden Bogle,DEF,Leeds,11,1,1,2026-01-31T15:00:00Z,90,0,0,0,0,4,0,-6,15.8,13.1,12.0,4.1,0.0,0.02,0.02,2.19,1,44
2025-26,24,343,Pascal Struijk,DEF,Leeds,11,1,1,2026-01-31T15:00:00Z,90,2,0,0,0,4,0,12,35.2,0.8,19.0,5.5,0.1,0.0,0.1,2.19,1,43
2025-26,24,344,Jaka Bijol,DEF,Leeds,11,1,1,2026-01-31T15:00:00Z,0,0,0,0,0,0,0,0,0.0,0.0,0.0,0.0,0.0,0.0,0.0,0.0,0,39
2025-26,24,345,Sebastiaan Bornauw,DEF,Leeds,11,1,1,2026-01-31T15:00:00Z,0,0,0,0,0,0,0,0,0.0,0.0,0.0,0.0,0.0,0.0,0.0,0.0,0,38
2025-26,24,346,Sam Byram,DEF,Leeds,11,1,1,2026-01-31T15:00:00Z,0,0,0,0,0,0,0,0,0.0,0.0,0.0,0.0,0.0,0.0,0.0,0.0,0,38
2025-26,24,347,Gabriel Gudmundsson,DEF,Leeds,11,1,1,2026-01-31T15:00:00Z,90,-1,0,0,0,4,0,-7,7.0,1.3,2.0,1.0,0.0,0.0,0.0,2.19,1,38
2025-26,24,348,Joe Rodon,DEF,Leeds,11,1,1,2026-01-31T15:00:00Z,90,2,0,0,0,4,0,2,28.4,1.1,0.0,3.0,0.0,0.01,0.01,2.19,1,39
2025-26,24,349,Isaac Schmidt,DEF,Leeds,11,1,1,2026-01-31T15:00:00Z,0,0,0,0,0,0,0,0,0.0,0.0,0.0,0.0,0.0,0.0,0.0,0.0,0,40
2025-26,24,350,Brenden Aaronson,MID,Leeds,11,1,1,2026-01-31T15:00:00Z,70,2,0,0,0,3,0,1,0.0,2.8,6.0,0.8,0.0,0.01,0.01,0.89,1,54
2025-26,24,351,Wilfried Gnonto,MID,Leeds,11,1,1,2026-01-31T15:00:00Z,9,1,0,0,0,1,0,3,0.0,0.8,2.0,0.3,0.0,0.01,0.01,0.53,0,52
2025-26,24,352,Jack Harrison,MID,Leeds,11,1,1,2026-01-31T15:00:00Z,0,0,0,0,0,0,0,0,0.0,0.0,0.0,0.0,0.0,0.0,0.0,0.0,0,51
2025-26,24,353,Daniel James,MID,Leeds,11,1,1,2026-01-31T15:00:00Z,0,0,0,0,0,0,0,0,0.0,0.0,0.0,0.0,0.0,0.0,0.0,0.0,0,52
2025-26,24,354,Ethan Ampadu,MID,Leeds,11,1,1,2026-01-31T15:00:00Z,90,2,0,0,0,4,0,14,6.0,4.8,1.0,1.2,0.02,0.02,0.04,2.19,1,49
2025-26,24,355,Sam Greenwood,MID,Leeds,11,1,1,2026-01-31T15:00:00Z,0,0,0,0,0,0,0,0,0.0,0.0,0.0,0.0,0.0,0.0,0.0,0.0,0,49
2025-26,24,356,Ilia Gruev,MID,Leeds,11,1,1,2026-01-31T15:00:00Z,45,1,0,0,0,2,0,4,4.6,1.5,0.0,0.6,0.0,0.0,0.0,0.18,1,47
2025-26,24,357,Largie Ramazani,MID,Leeds,11,1,1,2026-01-31T15:00:00Z,0,0,0,0,0,0,0,0,0.0,0.0,0.0,0.0,0.0,0.0,0.0,0.0,0,49
2025-26,24,358,Tanaka Ao,MID,Leeds,11,1,1,2026-01-31T15:00:00Z,0,0,0,0,0,0,0,0,0.0,0.0,0.0,0.0,0.0,0.0,0.0,0.0,0,48
2025-26,24,359,Charlie Crew,MID,Leeds,11,1,1,2026-01-31T15:00:00Z,0,0,0,0,0,0,0,0,0.0,0.0,0.0,0.0,0.0,0.0,0.0,0.0,0,45
2025-26,24,360,Joe Gelhardt,MID,Leeds,11,1,1,2026-01-31T15:00:00Z,0,0,0,0,0,0,0,0,0.0,0.0,0.0,0.0,0.0,0.0,0.0,0.0,0,45
2025-26,24,361,Darko Gyabi,MID,Leeds,11,1,1,2026-01-31T15:00:00Z,0,0,0,0,0,0,0,0,0.0,0.0,0.0,0.0,0.0,0.0,0.0,0.0,0,45
2025-26,24,362,Joël Piroe,FWD,Leeds,11,1,1,2026-01-31T15:00:00Z,5,1,0,0,0,1,0,5,2.0,1.3,0.0,0.3,0.0,0.0,0.0,0.53,0,49
2025-26,24,363,Patrick Bamford,FWD,Leeds,11,1,1,2026-01-31T15:00:00Z,0,0,0,0,0,0,0,0,0.0,0.0,0.0,0.0,0.0,0.0,0.0,0.0,0,49
2025-26,24,364,Mateo Joseph Fernández-Regatillo,FWD,Leeds,11,1,1,2026-01-31T15:00:00Z,0,0,0,0,0,0,0,0,0.0,0.0,0.0,0.0,0.0,0.0,0.0,0.0,0,50
2025-26,24,365,Lukas Nmecha,FWD,Leeds,11,1,1,2026-01-31T15:00:00Z,0,0,0,0,0,0,0,0,0.0,0.0,0.0,0.0,0.0,0.0,0.0,0.0,0,50
2025-26,24,366,Alisson Becker,GK,Liverpool,12,15,1,2026-01-31T20:00:00Z,90,2,0,0,0,1,0,11,11.2,0.0,0.0,1.1,0.0,0.01,0.01,0.36,1,54
2025-26,24,367,Giorgi Mamardashvili,GK,Liverpool,12,15,1,2026-01-31T20:00:00Z,0,0,0,0,0,0,0,0,0.0,0.0,0.0,0.0,0.0,0.0,0.0,0.0,0,42
2025-26,24,368,Ármin Pécsi,GK,Liverpool,12,15,1,2026-01-31T20:00:00Z,0,0,0,0,0,0,0,0,0.0,0.0,0.0,0.0,0.0,0.0,0.0,0.0,0,38
2025-26,24,369,Freddie Woodman,GK,Liverpool,12,15,1,2026-01-31T20:00:00Z,0,0,0,0,0,0,0,0,0.0,0.0,0.0,0.0,0.0,0.0,0.0,0.0,0,39
2025-26,24,370,Jeremie Frimpong,DEF,Liverpool,12,15,1,2026-01-31T20:00:00Z,0,0,0,0,0,0,0,0,0.0,0.0,0.0,0.0,0.0,0.0,0.0,0.0,0,58
2025-26,24,371,Milos Kerkez,DEF,Liverpool,12,15,1,2026-01-31T20:00:00Z,90,5,0,1,0,1,0,19,23.6,22.3,0.0,4.6,0.0,0.01,0.01,0.36,1,56
2025-26,24,372,Andrew Robertson,DEF,Liverpool,12,15,1,2026-01-31T20:00:00Z,0,0,0,0,0,0,0,0,0.0,0.0,0.0,0.0,0.0,0.0,0.0,0.0,0,57
2025-26,24,373,Virgil van Dijk,DEF,Liverpool,12,15,1,2026-01-31T20:00:00Z,90,4,0,0,0,1,0,10,21.8,1.6,3.0,2.6,0.05,0.01,0.06,0.36,1,59
2025-26,24,374,Ibrahima Konaté,DEF,Liverpool,12,15,1,2026-01-31T20:00:00Z,90,11,1,0,0,1,1,29,55.6,0.7,22.0,7.8,0.22,0.0,0.22,0.36,1,54
2025-26,24,375,Conor Bradley,DEF,Liverpool,12,15,1,2026-01-31T20:00:00Z,0,0,0,0,0,0,0,0,0.0,0.0,0.0,0.0,0.0,0.0,0.0,0.0,0,50
2025-26,24,376,Joe Gomez,DEF,Liverpool,12,15,1,2026-01-31T20:00:00Z,0,0,0,0,0,0,0,0,0.0,0.0,0.0,0.0,0.0,0.0,0.0,0.0,0,49
2025-26,24,377,Konstantinos Tsimikas,DEF,Liverpool,12,15,1,2026-01-31T20:00:00Z,0,0,0,0,0,0,0,0,0.0,0.0,0.0,0.0,0.0,0.0,0.0,0.0,0,48
2025-26,24,378,Amara Nallo,DEF,Liverpool,12,15,1,2026-01-31T20:00:00Z,0,0,0,0,0,0,0,0,0.0,0.0,0.0,0.0,0.0,0.0,0.0,0.0,0,37
2025-26,24,379,Rhys Williams,DEF,Liverpool,12,15,1,2026-01-31T20:00:00Z,0,0,0,0,0,0,0,0,0.0,0.0,0.0,0.0,0.0,0.0,0.0,0.0,0,37
2025-26,24,380,Calvin Ramsay,DEF,Liverpool,12,15,1,2026-01-31T20:00:00Z,0,0,0,0,0,0,0,0,0.0,0.0,0.0,0.0,0.0,0.0,0.0,0.0,0,38
2025-26,24,381,Mohamed Salah,MID,Liverpool,12,15,1,2026-01-31T20:00:00Z,83,5,0,1,0,1,0,16,20.6,41.1,23.0,8.5,0.43,0.16,0.59,0.36,1,140
2025-26,24,382,Florian Wirtz,MID,Liverpool,12,15,1,2026-01-31T20:00:00Z,86,12,1,1,0,1,2,46,62.4,29.9,29.0,12.1,0.22,0.45,0.67,0.36,1,83
2025-26,24,383,Luis Díaz Marulanda,MID,Liverpool,12,15,1,2026-01-31T20:00:00Z,0,0,0,0,0,0,0,0,0.0,0.0,0.0,0.0,0.0,0.0,0.0,0.0,0,80
2025-26,24,384,Cody Gakpo,MID,Liverpool,12,15,1,2026-01-31T20:00:00Z,90,4,0,0,0,1,0,15,17.0,25.7,23.0,6.6,0.03,0.08,0.11,0.36,1,73
2025-26,24,385,Federico Chiesa,MID,Liverpool,12,15,1,2026-01-31T20:00:00Z,6,1,0,0,0,0,0,3,0.2,0.3,0.0,0.1,0.0,0.0,0.0,0.0,0,63
2025-26,24,386,Alexis Mac Allister,MID,Liverpool,12,15,1,2026-01-31T20:00:00Z,90,1,0,0,0,1,0,9,6.4,14.1,6.0,2.7,0.04,0.03,0.07,0.36,1,62
2025-26,24,387,Dominik Szoboszlai,MID,Liverpool,12,15,1,2026-01-31T20:00:00Z,90,5,0,0,0,1,1,29,32.0,41.6,7.0,8.1,0.08,0.16,0.24,0.36,1,67
2025-26,24,388,Curtis Jones,MID,Liverpool,12,15,1,2026-01-31T20:00:00Z,6,1,0,0,0,0,0,6,3.0,0.9,0.0,0.4,0.0,0.0,0.0,0.0,0,54
2025-26,24,389,Harvey Elliott,MID,Aston Villa,2,5,1,2026-02-01T14:00:00Z,13,1,0,0,0,0,0,4,3.2,13.9,13.0,3.0,0.1,0.02,0.12,0.0,0,51
2025-26,24,390,Ryan Gravenberch,MID,Liverpool,12,15,1,2026-01-31T20:00:00Z,90,4,0,0,0,1,0,21,21.2,17.3,5.0,4.4,0.06,0.16,0.22,0.36,1,56
2025-26,24,391,Ben Gannon-Doak,MID,Bournemouth,4,20,0,2026-01-31T15:00:00Z,0,0,0,0,0,0,0,0,0.0,0.0,0.0,0.0,0.0,0.0,0.0,0.0,0,48
2025-26,24,392,Endo Wataru,MID,Liverpool,12,15,1,2026-01-31T20:00:00Z,3,1,0,0,0,0,0,3,0.4,0.3,0.0,0.1,0.0,0.0,0.0,0.0,0,49
2025-26,24,393,Stefan Bajčetić Maquieira,MID,Liverpool,12,15,1,2026-01-31T20:00:00Z,0,0,0,0,0,0,0,0,0.0,0.0,0.0,0.0,0.0,0.0,0.0,0.0,0,43
2025-26,24,394,James McConnell,MID,Liverpool,12,15,1,2026-01-31T20:00:00Z,0,0,0,0,0,0,0,0,0.0,0.0,0.0,0.0,0.0,0.0,0.0,0.0,0,44
2025-26,24,395,Tyler Morton,MID,Liverpool,12,15,1,2026-01-31T20:00:00Z,0,0,0,0,0,0,0,0,0.0,0.0,0.0,0.0,0.0,0.0,0.0,0.0,0,45
2025-26,24,396,Trey Nyoni,MID,Liverpool,12,15,1,2026-01-31T20:00:00Z,0,0,0,0,0,0,0,0,0.0,0.0,0.0,0.0,0.0,0.0,0.0,0.0,0,43
2025-26,24,397,Darwin Núñez Ribeiro,FWD,Liverpool,12,15,1,2026-01-31T20:00:00Z,0,0,0,0,0,0,0,0,0.0,0.0,0.0,0.0,0.0,0.0,0.0,0.0,0,65
2025-26,24,398,Jayden Danns,FWD,Liverpool,12,15,1,2026-01-31T20:00:00Z,0,0,0,0,0,0,0,0,0.0,0.0,0.0,0.0,0.0,0.0,0.0,0.0,0,43
2025-26,24,399,Ederson Santana de Moraes,GK,Man City,13,18,0,2026-02-01T16:30:00Z,0,0,0,0,0,0,0,0,0.0,0.0,0.0,0.0,0.0,0.0,0.0,0.0,0,53
2025-26,24,400,Stefan Ortega Moreno,GK,Man City,13,18,0,2026-02-01T16:30:00Z,0,0,0,0,0,0,0,0,0.0,0.0,0.0,0.0,0.0,0.0,0.0,0.0,0,47
2025-26,24,401,Marcus Bettinelli,GK,Man City,13,18,0,2026-02-01T16:30:00Z,0,0,0,0,0,0,0,0,0.0,0.0,0.0,0.0,0.0,0.0,0.0,0.0,0,38
2025-26,24,402,Rayan Aït-Nouri,DEF,Man City,13,18,0,2026-02-01T16:30:00Z,69,2,0,0,0,1,0,8,8.2,2.8,1.0,1.2,0.03,0.01,0.04,0.58,1,57
2025-26,24,403,Joško Gvardiol,DEF,Man City,13,18,0,2026-02-01T16:30:00Z,0,0,0,0,0,0,0,0,0.0,0.0,0.0,0.0,0.0,0.0,0.0,0.0,0,59
2025-26,24,404,Manuel Akanji,DEF,Man City,13,18,0,2026-02-01T16:30:00Z,0,0,0,0,0,0,0,0,0.0,0.0,0.0,0.0,0.0,0.0,0.0,0.0,0,54
2025-26,24,405,Nathan Aké,DEF,Man City,13,18,0,2026-02-01T16:30:00Z,0,0,0,0,0,0,0,0,0.0,0.0,0.0,0.0,0.0,0.0,0.0,0.0,0,53
2025-26,24,406,Abdukodir Khusanov,DEF,Man City,13,18,0,2026-02-01T16:30:00Z,90,0,0,0,0,2,0,9,20.6,2.1,0.0,2.3,0.0,0.01,0.01,1.05,1,54
2025-26,24,407,Matheus Nunes,DEF,Man City,13,18,0,2026-02-01T16:30:00Z,90,1,0,0,0,2,0,7,13.8,13.1,0.0,2.7,0.0,0.02,0.02,1.05,1,54
2025-26,24,408,Rúben dos Santos Gato Alves Dias,DEF,Man City,13,18,0,2026-02-01T16:30:00Z,0,0,0,0,0,0,0,0,0.0,0.0,0.0,0.0,0.0,0.0,0.0,0.0,0,55
2025-26,24,409,John Stones,DEF,Man City,13,18,0,2026-02-01T16:30:00Z,0,0,0,0,0,0,0,0,0.0,0.0,0.0,0.0,0.0,0.0,0.0,0.0,0,54
2025-26,24,410,Rico Lewis,DEF,Man City,13,18,0,2026-02-01T16:30:00Z,0,0,0,0,0,0,0,0,0.0,0.0,0.0,0.0,0.0,0.0,0.0,0.0,0,46
2025-26,24,411,Nico O'Reilly,DEF,Man City,13,18,0,2026-02-01T16:30:00Z,90,1,0,0,0,2,0,8,13.2,19.9,4.0,3.7,0.04,0.04,0.08,1.05,1,50
2025-26,24,412,Vitor de Oliveira Nunes dos Reis,DEF,Man City,13,18,0,2026-02-01T16:30:00Z,0,0,0,0,0,0,0,0,0.0,0.0,0.0,0.0,0.0,0.0,0.0,0.0,0,50
2025-26,24,413,Omar Marmoush,MID,Man City,13,18,0,2026-02-01T16:30:00Z,1,1,0,0,0,0,0,4,0.0,0.0,0.0,0.0,0.0,0.0,0.0,0.0,0,83
2025-26,24,414,Phil Foden,MID,Man City,13,18,0,2026-02-01T16:30:00Z,2,1,0,0,0,0,0,3,2.2,5.5,0.0,0.8,0.0,0.01,0.01,0.0,0,84
2025-26,24,415,Sávio Moreira de Oliveira,MID,Man City,13,18,0,2026-02-01T16:30:00Z,0,0,0,0,0,0,0,0,0.0,0.0,0.0,0.0,0.0,0.0,0.0,0.0,0,69
2025-26,24,416,Bernardo Mota Veiga de Carvalho e Silva,MID,Man City,13,18,0,2026-02-01T16:30:00Z,87,5,0,1,0,2,0,33,35.8,43.8,6.0,8.6,0.0,0.28,0.28,1.05,1,62
2025-26,24,417,Rayan Cherki,MID,Man City,13,18,0,2026-02-01T16:30:00Z,68,8,1,0,0,1,1,34,37.2,21.8,35.0,9.4,0.22,0.14,0.36,0.58,1,66
2025-26,24,418,Jérémy Doku,MID,Man City,13,18,0,2026-02-01T16:30:00Z,0,0,0,0,0,0,0,0,0.0,0.0,0.0,0.0,0.0,0.0,0.0,0.0,0,64
2025-26,24,419,Jack Grealish,MID,Everton,9,6,0,2026-01-31T15:00:00Z,0,0,0,0,0,0,0,0,0.0,0.0,0.0,0.0,0.0,0.0,0.0,0.0,0,64
2025-26,24,420,İlkay Gündoğan,MID,Man City,13,18,0,2026-02-01T16:30:00Z,0,0,0,0,0,0,0,0,0.0,0.0,0.0,0.0,0.0,0.0,0.0,0.0,0,63
2025-26,24,421,Rodrigo 'Rodri' Hernandez Cascante,MID,Man City,13,18,0,2026-02-01T16:30:00Z,90,3,0,0,0,2,0,20,28.8,19.8,2.0,5.1,0.0,0.26,0.26,1.05,1,63
2025-26,24,422,Mateo Kovačić,MID,Man City,13,18,0,2026-02-01T16:30:00Z,0,0,0,0,0,0,0,0,0.0,0.0,0.0,0.0,0.0,0.0,0.0,0.0,0,59
2025-26,24,423,Nico González Iglesias,MID,Man City,13,18,0,2026-02-01T16:30:00Z,20,0,0,0,0,1,0,2,6.8,1.8,0.0,0.9,0.0,0.09,0.09,0.47,0,59
2025-26,24,424,Oscar Bobb,MID,Fulham,10,14,0,2026-02-01T14:00:00Z,0,0,0,0,0,0,0,0,0.0,0.0,0.0,0.0,0.0,0.0,0.0,0.0,0,51
2025-26,24,425,Claudio Echeverri,MID,Man City,13,18,0,2026-02-01T16:30:00Z,0,0,0,0,0,0,0,0,0.0,0.0,0.0,0.0,0.0,0.0,0.0,0.0,0,54
2025-26,24,426,James McAtee,MID,Nott'm Forest,16,8,1,2026-02-01T14:00:00Z,0,0,0,0,0,0,0,0,0.0,0.0,0.0,0.0,0.0,0.0,0.0,0.0,0,50
2025-26,24,427,Tijjani Reijnders,MID,Man City,13,18,0,2026-02-01T16:30:00Z,21,1,0,0,0,1,0,-2,0.0,14.5,8.0,2.1,0.27,0.18,0.45,0.47,0,51
2025-26,24,428,Sverre Nypan,MID,Man City,13,18,0,2026-02-01T16:30:00Z,0,0,0,0,0,0,0,0,0.0,0.0,0.0,0.0,0.0,0.0,0.0,0.0,0,50
2025-26,24,429,Kalvin Phillips,MID,Man City,13,18,0,2026-02-01T16:30:00Z,0,0,0,0,0,0,0,0,0.0,0.0,0.0,0.0,0.0,0.0,0.0,0.0,0,47
2025-26,24,430,Erling Haaland,FWD,Man City,13,18,0,2026-02-01T16:30:00Z,90,5,0,1,0,2,0,17,26.8,41.0,17.0,8.5,0.28,0.07,0.35,1.05,1,150
2025-26,24,431,Altay Bayındır,GK,Man Utd,14,10,1,2026-02-01T14:00:00Z,0,0,0,0,0,0,0,0,0.0,0.0,0.0,0.0,0.0,0.0,0.0,0.0,0,47
2025-26,24,432,André Onana,GK,Man Utd,14,10,1,2026-02-01T14:00:00Z,0,0,0,0,0,0,0,0,0.0,0.0,0.0,0.0,0.0,0.0,0.0,0.0,0,49
2025-26,24,433,Elyh Harrison,GK,Man Utd,14,10,1,2026-02-01T14:00:00Z,0,0,0,0,0,0,0,0,0.0,0.0,0.0,0.0,0.0,0.0,0.0,0.0,0,40
2025-26,24,434,Tom Heaton,GK,Man Utd,14,10,1,2026-02-01T14:00:00Z,0,0,0,0,0,0,0,0,0.0,0.0,0.0,0.0,0.0,0.0,0.0,0.0,0,39
2025-26,24,435,Dermot Mee,GK,Man Utd,14,10,1,2026-02-01T14:00:00Z,0,0,0,0,0,0,0,0,0.0,0.0,0.0,0.0,0.0,0.0,0.0,0.0,0,39
2025-26,24,436,Matthijs de Ligt,DEF,Man Utd,14,10,1,2026-02-01T14:00:00Z,0,0,0,0,0,0,0,0,0.0,0.0,0.0,0.0,0.0,0.0,0.0,0.0,0,49
2025-26,24,437,Lisandro Martínez,DEF,Man Utd,14,10,1,2026-02-01T14:00:00Z,90,1,0,0,0,2,0,8,20.6,4.6,0.0,2.5,0.0,0.19,0.19,1.94,1,48
2025-26,24,438,Noussair Mazraoui,DEF,Man Utd,14,10,1,2026-02-01T14:00:00Z,4,1,0,0,0,1,0,1,8.6,0.1,0.0,0.9,0.0,0.0,0.0,0.03,0,49
2025-26,24,439,Diego León Blanco,DEF,Man Utd,14,10,1,2026-02-01T14:00:00Z,0,0,0,0,0,0,0,0,0.0,0.0,0.0,0.0,0.0,0.0,0.0,0.0,0,42
2025-26,24,440,Diogo Dalot Teixeira,DEF,Man Utd,14,10,1,2026-02-01T14:00:00Z,85,2,0,0,0,1,0,20,28.0,30.1,5.0,6.3,0.04,0.31,0.35,1.91,1,45
2025-26,24,441,Patrick Dorgu,DEF,Man Utd,14,10,1,2026-02-01T14:00:00Z,0,0,0,0,0,0,0,0,0.0,0.0,0.0,0.0,0.0,0.0,0.0,0.0,0,44
2025-26,24,442,Harry Maguire,DEF,Man Utd,14,10,1,2026-02-01T14:00:00Z,90,2,0,0,0,2,0,6,18.4,0.5,40.0,5.9,0.25,0.0,0.25,1.94,1,43
2025-26,24,443,Luke Shaw,DEF,Man Utd,14,10,1,2026-02-01T14:00:00Z,90,1,0,0,0,2,0,-2,6.6,3.3,2.0,1.2,0.0,0.02,0.02,1.94,1,45
2025-26,24,444,Leny Yoro,DEF,Man Utd,14,10,1,2026-02-01T14:00:00Z,1,1,0,0,0,0,0,3,1.0,0.0,0.0,0.1,0.0,0.0,0.0,0.0,0,42
2025-26,24,445,Harry Amass,DEF,Man Utd,14,10,1,2026-02-01T14:00:00Z,0,0,0,0,0,0,0,0,0.0,0.0,0.0,0.0,0.0,0.0,0.0,0.0,0,40
2025-26,24,446,Tyler Fredricson,DEF,Man Utd,14,10,1,2026-02-01T14:00:00Z,0,0,0,0,0,0,0,0,0.0,0.0,0.0,0.0,0.0,0.0,0.0,0.0,0,38
2025-26,24,447,Ayden Heaven,DEF,Man Utd,14,10,1,2026-02-01T14:00:00Z,0,0,0,0,0,0,0,0,0.0,0.0,0.0,0.0,0.0,0.0,0.0,0.0,0,38
2025-26,24,448,Tyrell Malacia,DEF,Man Utd,14,10,1,2026-02-01T14:00:00Z,0,0,0,0,0,0,0,0,0.0,0.0,0.0,0.0,0.0,0.0,0.0,0.0,0,38
2025-26,24,449,Bruno Borges Fernandes,MID,Man Utd,14,10,1,2026-02-01T14:00:00Z,90,10,0,2,0,2,2,38,46.0,56.5,4.0,10.7,0.0,0.28,0.28,1.94,1,95
2025-26,24,450,Matheus Santos Carneiro da Cunha,MID,Man Utd,14,10,1,2026-02-01T14:00:00Z,73,9,1,0,1,0,1,27,35.6,13.3,27.0,7.6,0.19,0.07,0.26,0.86,1,80
2025-26,24,451,Marcus Rashford,MID,Man Utd,14,10,1,2026-02-01T14:00:00Z,0,0,0,0,0,0,0,0,0.0,0.0,0.0,0.0,0.0,0.0,0.0,0.0,0,70
2025-26,24,452,Amad Diallo,MID,Man Utd,14,10,1,2026-02-01T14:00:00Z,90,2,0,0,0,2,0,23,20.8,18.9,28.0,6.8,0.11,0.2,0.31,1.94,1,62
2025-26,24,453,Alejandro Garnacho Ferreyra,MID,Chelsea,7,19,1,2026-01-31T17:30:00Z,45,1,0,0,0,2,0,7,3.2,13.8,6.0,2.3,0.0,0.04,0.04,0.51,1,64
2025-26,24,454,Antony dos Santos,MID,Man Utd,14,10,1,2026-02-01T14:00:00Z,0,0,0,0,0,0,0,0,0.0,0.0,0.0,0.0,0.0,0.0,0.0,0.0,0,59
2025-26,24,455,Mason Mount,MID,Man Utd,14,10,1,2026-02-01T14:00:00Z,0,0,0,0,0,0,0,0,0.0,0.0,0.0,0.0,0.0,0.0,0.0,0.0,0,59
2025-26,24,456,Jadon Sancho,MID,Aston Villa,2,5,1,2026-02-01T14:00:00Z,76,2,0,0,0,1,0,13,10.6,33.1,21.0,6.5,0.02,0.19,0.21,0.38,1,58
2025-26,24,457,Carlos Henrique Casimiro,MID,Man Utd,14,10,1,2026-02-01T14:00:00Z,74,13,1,1,1,0,3,40,62.8,16.0,33.0,11.2,0.17,0.13,0.3,0.86,1,55
2025-26,24,458,Kobbie Mainoo,MID,Man Utd,14,10,1,2026-02-01T14:00:00Z,90,4,0,0,0,2,0,17,25.8,15.2,4.0,4.5,0.03,0.02,0.05,1.94,1,46
2025-26,24,459,Manuel Ugarte Ribeiro,MID,Man Utd,14,10,1,2026-02-01T14:00:00Z,15,1,0,0,0,2,0,5,7.8,1.0,0.0,0.9,0.0,0.0,0.0,1.09,0,47
2025-26,24,460,Toby Collyer,MID,Man Utd,14,10,1,2026-02-01T14:00:00Z,0,0,0,0,0,0,0,0,0.0,0.0,0.0,0.0,0.0,0.0,0.0,0.0,0,45
2025-26,24,461,Jayce Fitzgerald,MID,Man Utd,14,10,1,2026-02-01T14:00:00Z,0,0,0,0,0,0,0,0,0.0,0.0,0.0,0.0,0.0,0.0,0.0,0.0,0,43
2025-26,24,462,Jack Fletcher,MID,Man Utd,14,10,1,2026-02-01T14:00:00Z,0,0,0,0,0,0,0,0,0.0,0.0,0.0,0.0,0.0,0.0,0.0,0.0,0,43
2025-26,24,463,Sékou Koné,MID,Man Utd,14,10,1,2026-02-01T14:00:00Z,0,0,0,0,0,0,0,0,0.0,0.0,0.0,0.0,0.0,0.0,0.0,0.0,0,43
2025-26,24,464,Jack Moorhouse,MID,Man Utd,14,10,1,2026-02-01T14:00:00Z,0,0,0,0,0,0,0,0,0.0,0.0,0.0,0.0,0.0,0.0,0.0,0.0,0,45
2025-26,24,465,Rasmus Højlund,FWD,Man Utd,14,10,1,2026-02-01T14:00:00Z,0,0,0,0,0,0,0,0,0.0,0.0,0.0,0.0,0.0,0.0,0.0,0.0,0,63
2025-26,24,466,Joshua Zirkzee,FWD,Man Utd,14,10,1,2026-02-01T14:00:00Z,0,0,0,0,0,0,0,0,0.0,0.0,0.0,0.0,0.0,0.0,0.0,0.0,0,58
2025-26,24,467,Chido Obi,FWD,Man Utd,14,10,1,2026-02-01T14:00:00Z,0,0,0,0,0,0,0,0,0.0,0.0,0.0,0.0,0.0,0.0,0.0,0.0,0,42
2025-26,24,468,Ethan Wheatley,FWD,Man Utd,14,10,1,2026-02-01T14:00:00Z,0,0,0,0,0,0,0,0,0.0,0.0,0.0,0.0,0.0,0.0,0.0,0.0,0,45
2025-26,24,469,Nick Pope,GK,Newcastle,15,12,0,2026-01-31T20:00:00Z,90,1,0,0,0,4,0,-1,13.0,0.0,0.0,1.3,0.0,0.0,0.0,2.28,1,51
2025-26,24,470,Martin Dúbravka,GK,Burnley,3,17,0,2026-02-02T20:00:00Z,90,1,0,0,0,3,0,6,24.6,0.0,0.0,2.5,0.0,0.0,0.0,1.47,1,40
2025-26,24,471,Mark Gillespie,GK,Newcastle,15,12,0,2026-01-31T20:00:00Z,0,0,0,0,0,0,0,0,0.0,0.0,0.0,0.0,0.0,0.0,0.0,0.0,0,39
2025-26,24,472,Odysseas Vlachodimos,GK,Newcastle,15,12,0,2026-01-31T20:00:00Z,0,0,0,0,0,0,0,0,0.0,0.0,0.0,0.0,0.0,0.0,0.0,0.0,0,40
2025-26,24,473,Lewis Hall,DEF,Newcastle,15,12,0,2026-01-31T20:00:00Z,88,3,0,0,0,3,0,2,24.2,25.8,2.0,5.2,0.0,0.08,0.08,2.01,1,53
2025-26,24,474,Fabian Schär,DEF,Newcastle,15,12,0,2026-01-31T20:00:00Z,0,0,0,0,0,0,0,0,0.0,0.0,0.0,0.0,0.0,0.0,0.0,0.0,0,53
2025-26,24,475,Sven Botman,DEF,Newcastle,15,12,0,2026-01-31T20:00:00Z,0,0,0,0,0,0,0,0,0.0,0.0,0.0,0.0,0.0,0.0,0.0,0.0,0,49
2025-26,24,476,Dan Burn,DEF,Newcastle,15,12,0,2026-01-31T20:00:00Z,90,1,0,0,0,4,0,-7,21.8,0.3,6.0,2.8,0.0,0.0,0.0,2.28,1,50
2025-26,24,477,Tino Livramento,DEF,Newcastle,15,12,0,2026-01-31T20:00:00Z,0,0,0,0,0,0,0,0,0.0,0.0,0.0,0.0,0.0,0.0,0.0,0.0,0,49
2025-26,24,478,Kieran Trippier,DEF,Newcastle,15,12,0,2026-01-31T20:00:00Z,83,1,0,0,0,3,0,3,22.2,48.2,0.0,7.0,0.0,0.11,0.11,2.01,1,49
2025-26,24,479,Emil Krafth,DEF,Newcastle,15,12,0,2026-01-31T20:00:00Z,0,0,0,0,0,0,0,0,0.0,0.0,0.0,0.0,0.0,0.0,0.0,0.0,0,43
2025-26,24,480,Jamaal Lascelles,DEF,Newcastle,15,12,0,2026-01-31T20:00:00Z,0,0,0,0,0,0,0,0,0.0,0.0,0.0,0.0,0.0,0.0,0.0,0.0,0,43
2025-26,24,481,Alex Murphy,DEF,Newcastle,15,12,0,2026-01-31T20:00:00Z,1,1,0,0,0,1,0,-1,2.2,0.0,0.0,0.2,0.0,0.0,0.0,0.27,0,38
2025-26,24,482,Harrison Ashby,DEF,Newcastle,15,12,0,2026-01-31T20:00:00Z,0,0,0,0,0,0,0,0,0.0,0.0,0.0,0.0,0.0,0.0,0.0,0.0,0,39
2025-26,24,483,Miodrag Pivaš,DEF,Newcastle,15,12,0,2026-01-31T20:00:00Z,0,0,0,0,0,0,0,0,0.0,0.0,0.0,0.0,0.0,0.0,0.0,0.0,0,38
2025-26,24,484,Matt Targett,DEF,Newcastle,15,12,0,2026-01-31T20:00:00Z,0,0,0,0,0,0,0,0,0.0,0.0,0.0,0.0,0.0,0.0,0.0,0.0,0,40
2025-26,24,485,Anthony Gordon,MID,Newcastle,15,12,0,2026-01-31T20:00:00Z,90,6,1,0,0,4,0,25,38.8,7.0,39.0,8.5,0.23,0.03,0.26,2.28,1,73
2025-26,24,486,Anthony Elanga,MID,Newcastle,15,12,0,2026-01-31T20:00:00Z,72,2,0,0,0,3,0,11,7.6,9.3,0.0,1.7,0.0,0.02,0.02,2.01,1,65
2025-26,24,487,Harvey Barnes,MID,Newcastle,15,12,0,2026-01-31T20:00:00Z,72,2,0,0,0,3,0,3,0.0,1.9,7.0,0.9,0.04,0.01,0.05,2.01,1,61
2025-26,24,488,Bruno Guimarães Rodriguez Moura,MID,Newcastle,15,12,0,2026-01-31T20:00:00Z,0,0,0,0,0,0,0,0,0.0,0.0,0.0,0.0,0.0,0.0,0.0,0.0,0,72
2025-26,24,489,Jacob Murphy,MID,Newcastle,15,12,0,2026-01-31T20:00:00Z,17,1,0,0,0,1,0,3,1.6,0.2,0.0,0.2,0.0,0.01,0.01,0.27,0,59
2025-26,24,490,Joelinton Cássio Apolinário de Lira,MID,Newcastle,15,12,0,2026-01-31T20:00:00Z,0,0,0,0,0,0,0,0,0.0,0.0,0.0,0.0,0.0,0.0,0.0,0.0,0,59
2025-26,24,491,Sandro Tonali,MID,Newcastle,15,12,0,2026-01-31T20:00:00Z,90,2,0,0,0,4,0,11,2.4,2.3,3.0,0.8,0.03,0.01,0.04,2.28,1,53
2025-26,24,492,Antoñito Cordero Campillo,MID,Newcastle,15,12,0,2026-01-31T20:00:00Z,0,0,0,0,0,0,0,0,0.0,0.0,0.0,0.0,0.0,0.0,0.0,0.0,0,49
2025-26,24,493,Sean Longstaff,MID,Leeds,11,1,1,2026-01-31T15:00:00Z,45,1,0,0,0,2,0,4,9.0,1.8,7.0,1.8,0.03,0.0,0.03,2.01,0,48
2025-26,24,494,Joe Willock,MID,Newcastle,15,12,0,2026-01-31T20:00:00Z,72,2,0,0,0,3,0,7,2.4,1.7,10.0,1.4,0.0,0.06,0.06,2.01,1,50
2025-26,24,495,Isaac Hayden,MID,Newcastle,15,12,0,2026-01-31T20:00:00Z,0,0,0,0,0,0,0,0,0.0,0.0,0.0,0.0,0.0,0.0,0.0,0.0,0,45
2025-26,24,496,Garang Kuol,MID,Newcastle,15,12,0,2026-01-31T20:00:00Z,0,0,0,0,0,0,0,0,0.0,0.0,0.0,0.0,0.0,0.0,0.0,0.0,0,44
2025-26,24,497,Lewis Miley,MID,Newcastle,15,12,0,2026-01-31T20:00:00Z,0,0,0,0,0,0,0,0,0.0,0.0,0.0,0.0,0.0,0.0,0.0,0.0,0,45
2025-26,24,498,Joe White,MID,Newcastle,15,12,0,2026-01-31T20:00:00Z,0,0,0,0,0,0,0,0,0.0,0.0,0.0,0.0,0.0,0.0,0.0,0.0,0,45
2025-26,24,499,Alexander Isak,FWD,Liverpool,12,15,1,2026-01-31T20:00:00Z,0,0,0,0,0,0,0,0,0.0,0.0,0.0,0.0,0.0,0.0,0.0,0.0,0,103
2025-26,24,500,William Osula,FWD,Newcastle,15,12,0,2026-01-31T20:00:00Z,6,1,0,0,0,1,0,3,0.0,0.0,0.0,0.0,0.0,0.0,0.0,0.27,0,54
2025-26,24,501,Sean Neave,FWD,Newcastle,15,12,0,2026-01-31T20:00:00Z,0,0,0,0,0,0,0,0,0.0,0.0,0.0,0.0,0.0,0.0,0.0,0.0,0,43
2025-26,24,502,Matz Sels,GK,Nott'm Forest,16,8,1,2026-02-01T14:00:00Z,45,1,0,0,0,1,0,1,4.8,0.0,0.0,0.5,0.0,0.0,0.0,1.69,1,46
2025-26,24,503,Carlos Miguel dos Santos Pereira,GK,Nott'm Forest,16,8,1,2026-02-01T14:00:00Z,0,0,0,0,0,0,0,0,0.0,0.0,0.0,0.0,0.0,0.0,0.0,0.0,0,40
2025-26,24,504,Matt Turner,GK,Nott'm Forest,16,8,1,2026-02-01T14:00:00Z,0,0,0,0,0,0,0,0,0.0,0.0,0.0,0.0,0.0,0.0,0.0,0.0,0,40
2025-26,24,505,Nikola Milenković,DEF,Nott'm Forest,16,8,1,2026-02-01T14:00:00Z,90,3,0,0,0,1,0,7,22.0,0.1,0.0,2.2,0.0,0.0,0.0,1.9,1,51
2025-26,24,506,Murillo Costa dos Santos,DEF,Nott'm Forest,16,8,1,2026-02-01T14:00:00Z,90,2,0,0,0,1,0,15,17.4,11.0,0.0,2.8,0.0,0.01,0.01,1.9,1,52
2025-26,24,507,Ola Aina,DEF,Nott'm Forest,16,8,1,2026-02-01T14:00:00Z,90,2,0,0,0,1,0,16,15.2,2.3,4.0,2.2,0.05,0.02,0.07,1.9,1,47
2025-26,24,508,Neco Williams,DEF,Nott'm Forest,16,8,1,2026-02-01T14:00:00Z,44,-2,0,0,0,1,0,-14,0.0,0.6,2.0,0.0,0.0,0.0,0.0,0.82,1,47
2025-26,24,509,David Mota Veiga Teixeira do Carmo,DEF,Nott'm Forest,16,8,1,2026-02-01T14:00:00Z,0,0,0,0,0,0,0,0,0.0,0.0,0.0,0.0,0.0,0.0,0.0,0.0,0,45
2025-26,24,510,Jair Paula da Cunha Filho,DEF,Nott'm Forest,16,8,1,2026-02-01T14:00:00Z,0,0,0,0,0,0,0,0,0.0,0.0,0.0,0.0,0.0,0.0,0.0,0.0,0,42
2025-26,24,511,Felipe Rodrigues da Silva,DEF,Nott'm Forest,16,8,1,2026-02-01T14:00:00Z,45,1,0,0,0,0,0,7,6.4,0.1,2.0,0.9,0.0,0.0,0.0,0.29,0,43
2025-26,24,512,Omar Richards,DEF,Nott'm Forest,16,8,1,2026-02-01T14:00:00Z,0,0,0,0,0,0,0,0,0.0,0.0,0.0,0.0,0.0,0.0,0.0,0.0,0,45
2025-26,24,513,Zach Abbott,DEF,Nott'm Forest,16,8,1,2026-02-01T14:00:00Z,0,0,0,0,0,0,0,0,0.0,0.0,0.0,0.0,0.0,0.0,0.0,0.0,0,38
2025-26,24,514,Willy Boly,DEF,Nott'm Forest,16,8,1,2026-02-01T14:00:00Z,0,0,0,0,0,0,0,0,0.0,0.0,0.0,0.0,0.0,0.0,0.0,0.0,0,38
2025-26,24,515,Morgan Gibbs-White,MID,Nott'm Forest,16,8,1,2026-02-01T14:00:00Z,90,8,1,0,0,1,1,28,40.6,35.3,31.0,10.7,0.2,0.09,0.29,1.9,1,73
2025-26,24,516,Callum Hudson-Odoi,MID,Nott'm Forest,16,8,1,2026-02-01T14:00:00Z,45,1,0,0,0,1,0,1,0.0,2.3,0.0,0.1,0.0,0.01,0.01,1.69,1,57
2025-26,24,517,Elliot Anderson,MID,Nott'm Forest,16,8,1,2026-02-01T14:00:00Z,90,7,0,0,0,1,3,30,24.8,30.1,9.0,6.4,0.08,0.1,0.18,1.9,1,53
2025-26,24,518,João Pedro Ferreira da Silva,MID,Nott'm Forest,16,8,1,2026-02-01T14:00:00Z,0,0,0,0,0,0,0,0,0.0,0.0,0.0,0.0,0.0,0.0,0.0,0.0,0,54
2025-26,24,519,Nicolás Domínguez,MID,Nott'm Forest,16,8,1,2026-02-01T14:00:00Z,45,1,0,0,0,1,0,6,7.0,2.2,0.0,0.9,0.0,0.0,0.0,1.61,1,50
2025-26,24,520,Lewis O'Brien,MID,Nott'm Forest,16,8,1,2026-02-01T14:00:00Z,0,0,0,0,0,0,0,0,0.0,0.0,0.0,0.0,0.0,0.0,0.0,0.0,0,50
2025-26,24,521,Ibrahim Sangaré,MID,Nott'm Forest,16,8,1,2026-02-01T14:00:00Z,90,2,0,0,0,1,0,10,8.2,1.8,0.0,1.0,0.0,0.01,0.01,1.9,1,49
2025-26,24,522,Ryan Yates,MID,Nott'm Forest,16,8,1,2026-02-01T14:00:00Z,45,1,0,0,0,0,0,5,5.4,10.5,1.0,1.7,0.01,0.01,0.02,0.21,0,47
2025-26,24,523,Eric da Silva Moreira,MID,Nott'm Forest,16,8,1,2026-02-01T14:00:00Z,0,0,0,0,0,0,0,0,0.0,0.0,0.0,0.0,0.0,0.0,0.0,0.0,0,45
2025-26,24,524,Marko Stamenić,MID,Nott'm Forest,16,8,1,2026-02-01T14:00:00Z,0,0,0,0,0,0,0,0,0.0,0.0,0.0,0.0,0.0,0.0,0.0,0.0,0,45
2025-26,24,525,Chris Wood,FWD,Nott'm Forest,16,8,1,2026-02-01T14:00:00Z,0,0,0,0,0,0,0,0,0.0,0.0,0.0,0.0,0.0,0.0,0.0,0.0,0,72
2025-26,24,526,Igor Jesus Maciel da Cruz,FWD,Nott'm Forest,16,8,1,2026-02-01T14:00:00Z,69,2,0,0,0,1,0,2,0.0,1.3,14.0,1.5,0.12,0.0,0.12,1.85,1,58
2025-26,24,527,Taiwo Awoniyi,FWD,Nott'm Forest,16,8,1,2026-02-01T14:00:00Z,0,0,0,0,0,0,0,0,0.0,0.0,0.0,0.0,0.0,0.0,0.0,0.0,0,52
2025-26,24,528,Anthony Patterson,GK,Sunderland,17,3,1,2026-02-02T20:00:00Z,0,0,0,0,0,0,0,0,0.0,0.0,0.0,0.0,0.0,0.0,0.0,0.0,0,42
2025-26,24,529,Simon Moore,GK,Sunderland,17,3,1,2026-02-02T20:00:00Z,0,0,0,0,0,0,0,0,0.0,0.0,0.0,0.0,0.0,0.0,0.0,0.0,0,39
2025-26,24,530,Blondy Nna Noukeu,GK,Sunderland,17,3,1,2026-02-02T20:00:00Z,0,0,0,0,0,0,0,0,0.0,0.0,0.0,0.0,0.0,0.0,0.0,0.0,0,39
2025-26,24,531,Daniel Ballard,DEF,Sunderland,17,3,1,2026-02-02T20:00:00Z,90,9,0,0,1,0,1,32,20.8,0.8,4.0,2.6,0.18,0.01,0.19,0.06,1,46
2025-26,24,532,Trai Hume,DEF,Sunderland,17,3,1,2026-02-02T20:00:00Z,90,5,0,0,1,0,0,18,6.4,13.1,7.0,2.7,0.22,0.01,0.23,0.06,1,45
2025-26,24,533,Aji Alese,DEF,Sunderland,17,3,1,2026-02-02T20:00:00Z,0,0,0,0,0,0,0,0,0.0,0.0,0.0,0.0,0.0,0.0,0.0,0.0,0,40
2025-26,24,534,Joe Anderson,DEF,Sunderland,17,3,1,2026-02-02T20:00:00Z,0,0,0,0,0,0,0,0,0.0,0.0,0.0,0.0,0.0,0.0,0.0,0.0,0,38
2025-26,24,535,Dennis Cirkin,DEF,Sunderland,17,3,1,2026-02-02T20:00:00Z,0,0,0,0,0,0,0,0,0.0,0.0,0.0,0.0,0.0,0.0,0.0,0.0,0,40
2025-26,24,536,Leo Fuhr Hjelde,DEF,Sunderland,17,3,1,2026-02-02T20:00:00Z,0,0,0,0,0,0,0,0,0.0,0.0,0.0,0.0,0.0,0.0,0.0,0.0,0,40
2025-26,24,537,Niall Huggins,DEF,Sunderland,17,3,1,2026-02-02T20:00:00Z,0,0,0,0,0,0,0,0,0.0,0.0,0.0,0.0,0.0,0.0,0.0,0.0,0,40
2025-26,24,538,Zak Johnson,DEF,Sunderland,17,3,1,2026-02-02T20:00:00Z,0,0,0,0,0,0,0,0,0.0,0.0,0.0,0.0,0.0,0.0,0.0,0.0,0,38
2025-26,24,539,Luke O'Nien,DEF,Sunderland,17,3,1,2026-02-02T20:00:00Z,4,1,0,0,0,0,0,2,0.6,0.1,0.0,0.1,0.0,0.0,0.0,0.0,0,40
2025-26,24,540,Timothée Pembélé,DEF,Sunderland,17,3,1,2026-02-02T20:00:00Z,0,0,0,0,0,0,0,0,0.0,0.0,0.0,0.0,0.0,0.0,0.0,0.0,0,39
2025-26,24,541,Reinildo Mandava,DEF,Sunderland,17,3,1,2026-02-02T20:00:00Z,90,11,0,1,1,0,2,37,29.8,24.6,10.0,6.4,0.03,0.16,0.19,0.06,1,38
2025-26,24,542,Jenson Seelt,DEF,Sunderland,17,3,1,2026-02-02T20:00:00Z,0,0,0,0,0,0,0,0,0.0,0.0,0.0,0.0,0.0,0.0,0.0,0.0,0,40
2025-26,24,543,Simon Adingra,MID,Sunderland,17,3,1,2026-02-02T20:00:00Z,0,0,0,0,0,0,0,0,0.0,0.0,0.0,0.0,0.0,0.0,0.0,0.0,0,49
2025-26,24,544,Habib Diarra,MID,Sunderland,17,3,1,2026-02-02T20:00:00Z,79,14,1,1,1,0,3,42,35.8,13.6,27.0,7.6,0.35,0.14,0.49,0.06,1,53
2025-26,24,545,Patrick Roberts,MID,Sunderland,17,3,1,2026-02-02T20:00:00Z,0,0,0,0,0,0,0,0,0.0,0.0,0.0,0.0,0.0,0.0,0.0,0.0,0,54
2025-26,24,546,Milan Aleksić,MID,Sunderland,17,3,1,2026-02-02T20:00:00Z,0,0,0,0,0,0,0,0,0.0,0.0,0.0,0.0,0.0,0.0,0.0,0.0,0,49
2025-26,24,547,Enzo Le Fée,MID,Sunderland,17,3,1,2026-02-02T20:00:00Z,90,5,0,0,1,0,0,24,27.8,4.9,7.0,4.0,0.06,0.02,0.08,0.06,1,49
2025-26,24,548,Romaine Mundle,MID,Sunderland,17,3,1,2026-02-02T20:00:00Z,10,1,0,0,0,0,0,3,0.4,0.6,2.0,0.3,0.0,0.01,0.01,0.0,0,49
2025-26,24,549,Dan Neil,MID,Sunderland,17,3,1,2026-02-02T20:00:00Z,0,0,0,0,0,0,0,0,0.0,0.0,0.0,0.0,0.0,0.0,0.0,0.0,0,48
2025-26,24,550,Ian Poveda-Ocampo,MID,Sunderland,17,3,1,2026-02-02T20:00:00Z,0,0,0,0,0,0,0,0,0.0,0.0,0.0,0.0,0.0,0.0,0.0,0.0,0,48
2025-26,24,551,Chris Rigg,MID,Sunderland,17,3,1,2026-02-02T20:00:00Z,0,0,0,0,0,0,0,0,0.0,0.0,0.0,0.0,0.0,0.0,0.0,0.0,0,47
2025-26,24,552,Noah Sadiki,MID,Sunderland,17,3,1,2026-02-02T20:00:00Z,90,3,0,0,1,0,0,10,1.2,3.1,1.0,0.5,0.02,0.03,0.05,0.06,1,49
2025-26,24,553,Chemsdine Talbi,MID,Sunderland,17,3,1,2026-02-02T20:00:00Z,79,8,1,0,1,0,0,31,39.0,22.8,17.0,7.9,0.1,0.04,0.14,0.06,1,49
2025-26,24,554,Abdoullah Ba,MID,Sunderland,17,3,1,2026-02-02T20:00:00Z,0,0,0,0,0,0,0,0,0.0,0.0,0.0,0.0,0.0,0.0,0.0,0.0,0,43
2025-26,24,555,Alan Browne,MID,Sunderland,17,3,1,2026-02-02T20:00:00Z,0,0,0,0,0,0,0,0,0.0,0.0,0.0,0.0,0.0,0.0,0.0,0.0,0,45
2025-26,24,556,Pierre Ekwah Elimby,MID,Sunderland,17,3,1,2026-02-02T20:00:00Z,0,0,0,0,0,0,0,0,0.0,0.0,0.0,0.0,0.0,0.0,0.0,0.0,0,45
2025-26,24,557,Harrison Jones,MID,Sunderland,17,3,1,2026-02-02T20:00:00Z,0,0,0,0,0,0,0,0,0.0,0.0,0.0,0.0,0.0,0.0,0.0,0.0,0,43
2025-26,24,558,Jay Matete,MID,Sunderland,17,3,1,2026-02-02T20:00:00Z,0,0,0,0,0,0,0,0,0.0,0.0,0.0,0.0,0.0,0.0,0.0,0.0,0,43
2025-26,24,559,Nectarios Triantis,MID,Sunderland,17,3,1,2026-02-02T20:00:00Z,0,0,0,0,0,0,0,0,0.0,0.0,0.0,0.0,0.0,0.0,0.0,0.0,0,44
2025-26,24,560,Wilson Isidor,FWD,Sunderland,17,3,1,2026-02-02T20:00:00Z,10,1,0,0,0,0,0,5,3.0,0.3,22.0,2.5,0.08,0.01,0.09,0.0,0,52
2025-26,24,561,Eliezer Mayenda Dossou,FWD,Sunderland,17,3,1,2026-02-02T20:00:00Z,0,0,0,0,0,0,0,0,0.0,0.0,0.0,0.0,0.0,0.0,0.0,0.0,0,52
2025-26,24,562,Ahmed Abdullahi,FWD,Sunderland,17,3,1,2026-02-02T20:00:00Z,0,0,0,0,0,0,0,0,0.0,0.0,0.0,0.0,0.0,0.0,0.0,0.0,0,42
2025-26,24,563,Luís Hemir Silva Semedo,FWD,Sunderland,17,3,1,2026-02-02T20:00:00Z,0,0,0,0,0,0,0,0,0.0,0.0,0.0,0.0,0.0,0.0,0.0,0.0,0,44
2025-26,24,564,Nazarii Rusyn,FWD,Sunderland,17,3,1,2026-02-02T20:00:00Z,0,0,0,0,0,0,0,0,0.0,0.0,0.0,0.0,0.0,0.0,0.0,0.0,0,44
2025-26,24,565,Guglielmo Vicario,GK,Spurs,18,13,1,2026-02-01T16:30:00Z,90,1,0,0,0,2,0,2,10.6,0.0,0.0,1.1,0.0,0.0,0.0,2.08,1,48
2025-26,24,566,Brandon Austin,GK,Spurs,18,13,1,2026-02-01T16:30:00Z,0,0,0,0,0,0,0,0,0.0,0.0,0.0,0.0,0.0,0.0,0.0,0.0,0,39
2025-26,24,567,Antonín Kinský,GK,Spurs,18,13,1,2026-02-01T16:30:00Z,0,0,0,0,0,0,0,0,0.0,0.0,0.0,0.0,0.0,0.0,0.0,0.0,0,39
2025-26,24,568,Pedro Porro Sauceda,DEF,Spurs,18,13,1,2026-02-01T16:30:00Z,0,0,0,0,0,0,0,0,0.0,0.0,0.0,0.0,0.0,0.0,0.0,0.0,0,52
2025-26,24,569,Cristian Romero,DEF,Spurs,18,13,1,2026-02-01T16:30:00Z,45,0,0,0,0,2,0,-5,2.0,0.3,2.0,0.4,0.0,0.0,0.0,0.89,1,50
2025-26,24,570,Kevin Danso,DEF,Spurs,18,13,1,2026-02-01T16:30:00Z,0,0,0,0,0,0,0,0,0.0,0.0,0.0,0.0,0.0,0.0,0.0,0.0,0,42
2025-26,24,571,Ben Davies,DEF,Spurs,18,13,1,2026-02-01T16:30:00Z,0,0,0,0,0,0,0,0,0.0,0.0,0.0,0.0,0.0,0.0,0.0,0.0,0,43
2025-26,24,572,Radu Drăgușin,DEF,Spurs,18,13,1,2026-02-01T16:30:00Z,90,1,0,0,0,2,0,0,7.8,0.4,2.0,1.0,0.0,0.0,0.0,2.08,1,45
2025-26,24,573,Djed Spence,DEF,Spurs,18,13,1,2026-02-01T16:30:00Z,0,0,0,0,0,0,0,0,0.0,0.0,0.0,0.0,0.0,0.0,0.0,0.0,0,43
2025-26,24,574,Destiny Udogie,DEF,Spurs,18,13,1,2026-02-01T16:30:00Z,90,1,0,0,0,2,0,7,15.4,6.3,21.0,4.3,0.06,0.02,0.08,2.08,1,43
2025-26,24,575,Micky van de Ven,DEF,Spurs,18,13,1,2026-02-01T16:30:00Z,0,0,0,0,0,0,0,0,0.0,0.0,0.0,0.0,0.0,0.0,0.0,0.0,0,46
2025-26,24,576,Ashley Phillips,DEF,Spurs,18,13,1,2026-02-01T16:30:00Z,0,0,0,0,0,0,0,0,0.0,0.0,0.0,0.0,0.0,0.0,0.0,0.0,0,40
2025-26,24,577,Takai Kōta,DEF,Spurs,18,13,1,2026-02-01T16:30:00Z,0,0,0,0,0,0,0,0,0.0,0.0,0.0,0.0,0.0,0.0,0.0,0.0,0,40
2025-26,24,578,Luka Vušković,DEF,Spurs,18,13,1,2026-02-01T16:30:00Z,0,0,0,0,0,0,0,0,0.0,0.0,0.0,0.0,0.0,0.0,0.0,0.0,0,39
2025-26,24,579,Son Heung-min,MID,Spurs,18,13,1,2026-02-01T16:30:00Z,0,0,0,0,0,0,0,0,0.0,0.0,0.0,0.0,0.0,0.0,0.0,0.0,0,85
2025-26,24,580,Brennan Johnson,MID,Crystal Palace,8,16,0,2026-02-01T14:00:00Z,90,2,0,0,0,1,0,7,4.2,21.1,18.0,4.3,0.12,0.18,0.3,0.49,1,65
2025-26,24,581,James Maddison,MID,Spurs,18,13,1,2026-02-01T16:30:00Z,0,0,0,0,0,0,0,0,0.0,0.0,0.0,0.0,0.0,0.0,0.0,0.0,0,68
2025-26,24,582,Mohammed Kudus,MID,Spurs,18,13,1,2026-02-01T16:30:00Z,0,0,0,0,0,0,0,0,0.0,0.0,0.0,0.0,0.0,0.0,0.0,0.0,0,64
2025-26,24,583,Dejan Kulusevski,MID,Spurs,18,13,1,2026-02-01T16:30:00Z,0,0,0,0,0,0,0,0,0.0,0.0,0.0,0.0,0.0,0.0,0.0,0.0,0,64
2025-26,24,584,Mathys Tel,MID,Spurs,18,13,1,2026-02-01T16:30:00Z,22,1,0,0,0,0,0,3,2.2,10.9,2.0,1.5,0.0,0.01,0.01,1.02,0,62
2025-26,24,585,Rodrigo Bentancur,MID,Spurs,18,13,1,2026-02-01T16:30:00Z,0,0,0,0,0,0,0,0,0.0,0.0,0.0,0.0,0.0,0.0,0.0,0.0,0,53
2025-26,24,586,Lucas Bergvall,MID,Spurs,18,13,1,2026-02-01T16:30:00Z,0,0,0,0,0,0,0,0,0.0,0.0,0.0,0.0,0.0,0.0,0.0,0.0,0,52
2025-26,24,587,Yves Bissouma,MID,Spurs,18,13,1,2026-02-01T16:30:00Z,67,1,0,0,0,2,0,4,0.0,1.8,0.0,0.0,0.0,0.0,0.0,1.06,1,52
2025-26,24,588,Wilson Odobert,MID,Spurs,18,13,1,2026-02-01T16:30:00Z,22,1,0,0,0,0,0,4,5.2,12.1,22.0,3.9,0.36,0.01,0.37,1.02,0,53
2025-26,24,589,Manor Solomon,MID,Spurs,18,13,1,2026-02-01T16:30:00Z,0,0,0,0,0,0,0,0,0.0,0.0,0.0,0.0,0.0,0.0,0.0,0.0,0,54
2025-26,24,590,Bryan Gil Salvatierra,MID,Spurs,18,13,1,2026-02-01T16:30:00Z,0,0,0,0,0,0,0,0,0.0,0.0,0.0,0.0,0.0,0.0,0.0,0.0,0,49
2025-26,24,591,Archie Gray,MID,Spurs,18,13,1,2026-02-01T16:30:00Z,90,2,0,0,0,2,0,8,8.2,2.6,6.0,1.7,0.0,0.01,0.01,2.08,1,48
2025-26,24,592,Mikey Moore,MID,Spurs,18,13,1,2026-02-01T16:30:00Z,0,0,0,0,0,0,0,0,0.0,0.0,0.0,0.0,0.0,0.0,0.0,0.0,0,50
2025-26,24,593,Pape Matar Sarr,MID,Spurs,18,13,1,2026-02-01T16:30:00Z,45,1,0,0,0,0,0,7,27.0,2.5,0.0,3.0,0.0,0.01,0.01,1.19,0,45
2025-26,24,594,Yang Min-hyeok,MID,Spurs,18,13,1,2026-02-01T16:30:00Z,0,0,0,0,0,0,0,0,0.0,0.0,0.0,0.0,0.0,0.0,0.0,0.0,0,45
2025-26,24,595,Callum Olusesi,MID,Spurs,18,13,1,2026-02-01T16:30:00Z,0,0,0,0,0,0,0,0,0.0,0.0,0.0,0.0,0.0,0.0,0.0,0.0,0,43
2025-26,24,596,Dominic Solanke-Mitchell,FWD,Spurs,18,13,1,2026-02-01T16:30:00Z,89,12,2,0,0,2,3,53,70.2,11.0,42.0,12.3,0.25,0.11,0.36,2.08,1,72
2025-26,24,597,Richarlison de Andrade,FWD,Spurs,18,13,1,2026-02-01T16:30:00Z,0,0,0,0,0,0,0,0,0.0,0.0,0.0,0.0,0.0,0.0,0.0,0.0,0,63
2025-26,24,598,Will Lankshear,FWD,Spurs,18,13,1,2026-02-01T16:30:00Z,0,0,0,0,0,0,0,0,0.0,0.0,0.0,0.0,0.0,0.0,0.0,0.0,0,45
2025-26,24,599,Dane Scarlett,FWD,Spurs,18,13,1,2026-02-01T16:30:00Z,0,0,0,0,0,0,0,0,0.0,0.0,0.0,0.0,0.0,0.0,0.0,0.0,0,43
2025-26,24,600,Alphonse Areola,GK,West Ham,19,7,0,2026-01-31T17:30:00Z,90,2,0,0,0,3,0,5,18.8,0.0,0.0,1.9,0.0,0.0,0.0,2.7,1,43
2025-26,24,601,Wes Foderingham,GK,West Ham,19,7,0,2026-01-31T17:30:00Z,0,0,0,0,0,0,0,0,0.0,0.0,0.0,0.0,0.0,0.0,0.0,0.0,0,40
2025-26,24,602,Krisztián Hegyi,GK,West Ham,19,7,0,2026-01-31T17:30:00Z,0,0,0,0,0,0,0,0,0.0,0.0,0.0,0.0,0.0,0.0,0.0,0.0,0,39
2025-26,24,603,El Hadji Malick Diouf,DEF,West Ham,19,7,0,2026-01-31T17:30:00Z,80,1,0,0,0,2,0,3,16.8,14.9,0.0,3.2,0.0,0.05,0.05,1.9,1,40
2025-26,24,604,Emerson Palmieri dos Santos,DEF,West Ham,19,7,0,2026-01-31T17:30:00Z,0,0,0,0,0,0,0,0,0.0,0.0,0.0,0.0,0.0,0.0,0.0,0.0,0,44
2025-26,24,605,Maximilian Kilman,DEF,West Ham,19,7,0,2026-01-31T17:30:00Z,24,0,0,0,0,2,0,-3,11.6,0.2,0.0,1.2,0.0,0.0,0.0,1.78,0,42
2025-26,24,606,Konstantinos Mavropanos,DEF,West Ham,19,7,0,2026-01-31T17:30:00Z,90,3,0,0,0,3,0,2,24.4,0.4,0.0,2.5,0.0,0.0,0.0,2.7,1,44
2025-26,24,607,Nayef Aguerd,DEF,West Ham,19,7,0,2026-01-31T17:30:00Z,0,0,0,0,0,0,0,0,0.0,0.0,0.0,0.0,0.0,0.0,0.0,0.0,0,44
2025-26,24,608,Ollie Scarles,DEF,West Ham,19,7,0,2026-01-31T17:30:00Z,9,0,0,0,0,1,0,0,5.2,0.0,0.0,0.5,0.0,0.0,0.0,0.8,0,43
2025-26,24,609,Jean-Clair Todibo,DEF,West Ham,19,7,0,2026-01-31T17:30:00Z,90,0,0,0,0,3,0,-14,14.8,0.6,7.0,2.2,0.2,0.0,0.2,2.7,1,43
2025-26,24,610,Aaron Wan-Bissaka,DEF,West Ham,19,7,0,2026-01-31T17:30:00Z,90,7,0,2,0,3,0,26,57.6,26.2,6.0,9.0,0.0,0.07,0.07,2.7,1,41
2025-26,24,611,Kaelan Casey,DEF,West Ham,19,7,0,2026-01-31T17:30:00Z,0,0,0,0,0,0,0,0,0.0,0.0,0.0,0.0,0.0,0.0,0.0,0.0,0,40
2025-26,24,612,Lucas Tolentino Coelho de Lima,MID,West Ham,19,7,0,2026-01-31T17:30:00Z,0,0,0,0,0,0,0,0,0.0,0.0,0.0,0.0,0.0,0.0,0.0,0.0,0,59
2025-26,24,613,Tomáš Souček,MID,West Ham,19,7,0,2026-01-31T17:30:00Z,90,2,0,0,0,3,0,4,3.4,1.1,8.0,1.3,0.0,0.01,0.01,2.7,1,57
2025-26,24,614,James Ward-Prowse,MID,Burnley,3,17,0,2026-02-02T20:00:00Z,0,0,0,0,0,0,0,0,0.0,0.0,0.0,0.0,0.0,0.0,0.0,0.0,0,56
2025-26,24,615,Crysencio Summerville,MID,West Ham,19,7,0,2026-01-31T17:30:00Z,90,7,1,0,0,3,0,31,38.0,11.0,21.0,7.0,0.32,0.02,0.34,2.7,1,55
2025-26,24,616,Edson Álvarez Velázquez,MID,West Ham,19,7,0,2026-01-31T17:30:00Z,0,0,0,0,0,0,0,0,0.0,0.0,0.0,0.0,0.0,0.0,0.0,0.0,0,49
2025-26,24,617,Maxwel Cornet,MID,West Ham,19,7,0,2026-01-31T17:30:00Z,0,0,0,0,0,0,0,0,0.0,0.0,0.0,0.0,0.0,0.0,0.0,0.0,0,49
2025-26,24,618,Guido Rodríguez,MID,West Ham,19,7,0,2026-01-31T17:30:00Z,0,0,0,0,0,0,0,0,0.0,0.0,0.0,0.0,0.0,0.0,0.0,0.0,0,48
2025-26,24,619,Luis Guilherme Lira dos Santos,MID,West Ham,19,7,0,2026-01-31T17:30:00Z,0,0,0,0,0,0,0,0,0.0,0.0,0.0,0.0,0.0,0.0,0.0,0.0,0,49
2025-26,24,620,George Earthy,MID,West Ham,19,7,0,2026-01-31T17:30:00Z,0,0,0,0,0,0,0,0,0.0,0.0,0.0,0.0,0.0,0.0,0.0,0.0,0,45
2025-26,24,621,Andy Irving,MID,West Ham,19,7,0,2026-01-31T17:30:00Z,0,0,0,0,0,0,0,0,0.0,0.0,0.0,0.0,0.0,0.0,0.0,0.0,0,43
2025-26,24,622,Lewis Orford,MID,West Ham,19,7,0,2026-01-31T17:30:00Z,0,0,0,0,0,0,0,0,0.0,0.0,0.0,0.0,0.0,0.0,0.0,0.0,0,44
2025-26,24,623,Freddie Potts,MID,West Ham,19,7,0,2026-01-31T17:30:00Z,0,0,0,0,0,0,0,0,0.0,0.0,0.0,0.0,0.0,0.0,0.0,0.0,0,44
2025-26,24,624,Jarrod Bowen,FWD,West Ham,19,7,0,2026-01-31T17:30:00Z,80,8,1,0,0,2,2,34,53.2,26.4,34.0,11.4,0.26,0.15,0.41,1.9,1,76
2025-26,24,625,Niclas Füllkrug,FWD,West Ham,19,7,0,2026-01-31T17:30:00Z,0,0,0,0,0,0,0,0,0.0,0.0,0.0,0.0,0.0,0.0,0.0,0.0,0,56
2025-26,24,626,Callum Marshall,FWD,West Ham,19,7,0,2026-01-31T17:30:00Z,0,0,0,0,0,0,0,0,0.0,0.0,0.0,0.0,0.0,0.0,0.0,0.0,0,43
2025-26,24,627,Sam Johnstone,GK,Wolves,20,4,1,2026-01-31T15:00:00Z,0,0,0,0,0,0,0,0,0.0,0.0,0.0,0.0,0.0,0.0,0.0,0.0,0,44
2025-26,24,628,José Malheiro de Sá,GK,Wolves,20,4,1,2026-01-31T15:00:00Z,90,1,0,0,0,2,0,10,21.0,0.0,0.0,2.1,0.0,0.0,0.0,1.36,1,42
2025-26,24,629,Daniel Bentley,GK,Wolves,20,4,1,2026-01-31T15:00:00Z,0,0,0,0,0,0,0,0,0.0,0.0,0.0,0.0,0.0,0.0,0.0,0.0,0,39
2025-26,24,630,Tom King,GK,Everton,9,6,0,2026-01-31T15:00:00Z,0,0,0,0,0,0,0,0,0.0,0.0,0.0,0.0,0.0,0.0,0.0,0.0,0,39
2025-26,24,631,Emmanuel Agbadou,DEF,Wolves,20,4,1,2026-01-31T15:00:00Z,90,3,0,0,0,2,0,11,25.8,10.8,6.0,4.3,0.07,0.05,0.12,1.36,1,42
2025-26,24,632,Matt Doherty,DEF,Wolves,20,4,1,2026-01-31T15:00:00Z,0,0,0,0,0,0,0,0,0.0,0.0,0.0,0.0,0.0,0.0,0.0,0.0,0,44
2025-26,24,633,Hugo Bueno López,DEF,Wolves,20,4,1,2026-01-31T15:00:00Z,88,2,0,0,0,1,0,9,10.0,30.3,0.0,4.0,0.0,0.24,0.24,0.56,1,43
2025-26,24,634,Yerson Mosquera Valdelamar,DEF,Wolves,20,4,1,2026-01-31T15:00:00Z,90,0,0,0,0,2,0,-1,4.0,1.6,10.0,1.6,0.11,0.01,0.12,1.36,1,43
2025-26,24,635,Rodrigo Martins Gomes,DEF,Wolves,20,4,1,2026-01-31T15:00:00Z,70,2,0,0,0,1,0,5,6.8,6.3,2.0,1.5,0.0,0.03,0.03,0.45,1,44
2025-26,24,636,Santiago Ignacio Bueno,DEF,Wolves,20,4,1,2026-01-31T15:00:00Z,88,2,0,0,0,1,0,9,13.4,0.3,5.0,1.9,0.06,0.0,0.06,0.56,1,44
2025-26,24,637,Toti Gomes,DEF,Wolves,20,4,1,2026-01-31T15:00:00Z,0,0,0,0,0,0,0,0,0.0,0.0,0.0,0.0,0.0,0.0,0.0,0.0,0,42
2025-26,24,638,Ki-Jana Hoever,DEF,Wolves,20,4,1,2026-01-31T15:00:00Z,0,0,0,0,0,0,0,0,0.0,0.0,0.0,0.0,0.0,0.0,0.0,0.0,0,38
2025-26,24,639,Bastien Meupiyou Menadjou,DEF,Wolves,20,4,1,2026-01-31T15:00:00Z,0,0,0,0,0,0,0,0,0.0,0.0,0.0,0.0,0.0,0.0,0.0,0.0,0,40
2025-26,24,640,Pedro Cardoso de Lima,DEF,Wolves,20,4,1,2026-01-31T15:00:00Z,1,1,0,0,0,1,0,-1,0.0,0.3,2.0,0.2,0.0,0.0,0.0,0.79,0,40
2025-26,24,641,Alfie Pond,DEF,Wolves,20,4,1,2026-01-31T15:00:00Z,0,0,0,0,0,0,0,0,0.0,0.0,0.0,0.0,0.0,0.0,0.0,0.0,0,39
2025-26,24,642,Hwang Hee-chan,MID,Wolves,20,4,1,2026-01-31T15:00:00Z,69,2,0,0,0,1,0,13,9.2,23.3,7.0,4.0,0.03,0.02,0.05,0.45,1,56
2025-26,24,643,André Trindade da Costa Neto,MID,Wolves,20,4,1,2026-01-31T15:00:00Z,79,3,0,0,0,1,0,14,12.6,13.8,1.0,2.7,0.02,0.01,0.03,0.51,1,53
2025-26,24,644,Jean-Ricner Bellegarde,MID,Wolves,20,4,1,2026-01-31T15:00:00Z,19,1,0,0,0,1,0,10,4.4,10.4,2.0,1.7,0.02,0.01,0.03,0.91,0,51
2025-26,24,645,Fer López González,MID,Wolves,20,4,1,2026-01-31T15:00:00Z,0,0,0,0,0,0,0,0,0.0,0.0,0.0,0.0,0.0,0.0,0.0,0.0,0,51
2025-26,24,646,João Victor Gomes da Silva,MID,Wolves,20,4,1,2026-01-31T15:00:00Z,90,3,0,0,0,2,0,15,15.0,16.2,17.0,4.8,0.06,0.09,0.15,1.36,1,53
2025-26,24,647,Gonçalo Manuel Ganchinho Guedes,MID,Wolves,20,4,1,2026-01-31T15:00:00Z,0,0,0,0,0,0,0,0,0.0,0.0,0.0,0.0,0.0,0.0,0.0,0.0,0,55
2025-26,24,648,Marshall Munetsi,MID,Wolves,20,4,1,2026-01-31T15:00:00Z,0,0,0,0,0,0,0,0,0.0,0.0,0.0,0.0,0.0,0.0,0.0,0.0,0,53
2025-26,24,649,Boubacar Traoré,MID,Wolves,20,4,1,2026-01-31T15:00:00Z,0,0,0,0,0,0,0,0,0.0,0.0,0.0,0.0,0.0,0.0,0.0,0.0,0,50
2025-26,24,650,Tawanda Chirewa,MID,Wolves,20,4,1,2026-01-31T15:00:00Z,0,0,0,0,0,0,0,0,0.0,0.0,0.0,0.0,0.0,0.0,0.0,0.0,0,43
2025-26,24,651,Tom Edozie,MID,Wolves,20,4,1,2026-01-31T15:00:00Z,0,0,0,0,0,0,0,0,0.0,0.0,0.0,0.0,0.0,0.0,0.0,0.0,0,43
2025-26,24,652,Enso González Medina,MID,Wolves,20,4,1,2026-01-31T15:00:00Z,0,0,0,0,0,0,0,0,0.0,0.0,0.0,0.0,0.0,0.0,0.0,0.0,0,43
2025-26,24,653,Joe Hodge,MID,Wolves,20,4,1,2026-01-31T15:00:00Z,0,0,0,0,0,0,0,0,0.0,0.0,0.0,0.0,0.0,0.0,0.0,0.0,0,45
2025-26,24,654,Jørgen Strand Larsen,FWD,Wolves,20,4,1,2026-01-31T15:00:00Z,20,1,0,0,0,1,0,0,0.0,0.1,11.0,0.9,0.19,0.0,0.19,0.91,0,61
2025-26,24,655,Fábio Soares Silva,FWD,Wolves,20,4,1,2026-01-31T15:00:00Z,0,0,0,0,0,0,0,0,0.0,0.0,0.0,0.0,0.0,0.0,0.0,0.0,0,49
2025-26,24,656,Saša Kalajdžić,FWD,Wolves,20,4,1,2026-01-31T15:00:00Z,0,0,0,0,0,0,0,0,0.0,0.0,0.0,0.0,0.0,0.0,0.0,0.0,0,49
2025-26,24,657,Leon Chiwome,FWD,Wolves,20,4,1,2026-01-31T15:00:00Z,0,0,0,0,0,0,0,0,0.0,0.0,0.0,0.0,0.0,0.0,0.0,0.0,0,44
2025-26,24,658,Nathan Fraser,FWD,Wolves,20,4,1,2026-01-31T15:00:00Z,0,0,0,0,0,0,0,0,0.0,0.0,0.0,0.0,0.0,0.0,0.0,0.0,0,42
2025-26,24,659,Kyle Walker-Peters,DEF,West Ham,19,7,0,2026-01-31T17:30:00Z,0,0,0,0,0,0,0,0,0.0,0.0,0.0,0.0,0.0,0.0,0.0,0.0,0,42
2025-26,24,660,Anton Stach,MID,Leeds,11,1,1,2026-01-31T15:00:00Z,80,2,0,0,0,3,0,17,17.8,17.0,4.0,3.9,0.0,0.07,0.07,1.67,1,48
2025-26,24,661,Hugo Ekitiké,FWD,Liverpool,12,15,1,2026-01-31T20:00:00Z,83,13,2,0,0,1,3,56,69.4,5.8,72.0,14.7,1.16,0.03,1.19,0.36,1,88
2025-26,24,662,Cristhian Mosquera,DEF,Arsenal,1,11,0,2026-01-31T15:00:00Z,0,0,0,0,0,0,0,0,0.0,0.0,0.0,0.0,0.0,0.0,0.0,0.0,0,53
2025-26,24,663,Jhon Arias,MID,Wolves,20,4,1,2026-01-31T15:00:00Z,10,1,0,0,0,1,0,3,1.0,0.3,2.0,0.3,0.0,0.01,0.01,0.85,0,49
2025-26,24,664,Benjamin Lecomte,GK,Fulham,10,14,0,2026-02-01T14:00:00Z,0,0,0,0,0,0,0,0,0.0,0.0,0.0,0.0,0.0,0.0,0.0,0.0,0,39
2025-26,24,665,Lucas Estella Perri,GK,Leeds,11,1,1,2026-01-31T15:00:00Z,0,0,0,0,0,0,0,0,0.0,0.0,0.0,0.0,0.0,0.0,0.0,0.0,0,45
2025-26,24,666,Viktor Gyökeres,FWD,Arsenal,1,11,0,2026-01-31T15:00:00Z,75,7,1,0,1,0,1,32,36.2,12.4,44.0,9.3,0.56,0.01,0.57,0.12,1,87
2025-26,24,667,Adam Aznou,DEF,Everton,9,6,0,2026-01-31T15:00:00Z,0,0,0,0,0,0,0,0,0.0,0.0,0.0,0.0,0.0,0.0,0.0,0.0,0,42
2025-26,24,668,Granit Xhaka,MID,Sunderland,17,3,1,2026-02-02T20:00:00Z,0,0,0,0,0,0,0,0,0.0,0.0,0.0,0.0,0.0,0.0,0.0,0.0,0,52
2025-26,24,669,Dan Ndoye,MID,Nott'm Forest,16,8,1,2026-02-01T14:00:00Z,20,1,0,0,0,0,0,2,3.2,1.4,6.0,1.1,0.02,0.0,0.02,0.05,0,55
2025-26,24,670,Robin Roefs,GK,Sunderland,17,3,1,2026-02-02T20:00:00Z,90,6,0,0,1,0,0,20,3.6,0.0,0.0,0.4,0.0,0.01,0.01,0.06,1,50
2025-26,24,671,Callum Wilson,FWD,West Ham,19,7,0,2026-01-31T17:30:00Z,14,1,0,0,0,1,0,2,0.0,0.5,2.0,0.3,0.0,0.0,0.0,0.84,0,58
2025-26,24,672,Jorrel Hato,DEF,Chelsea,7,19,1,2026-01-31T17:30:00Z,45,0,0,0,0,2,0,4,11.8,11.8,0.0,2.4,0.0,0.01,0.01,0.51,1,46
2025-26,24,673,João Maria Lobo Alves Palhares Costa Palhinha Gonçalves,MID,Spurs,18,13,1,2026-02-01T16:30:00Z,90,4,0,0,0,2,0,18,27.0,1.2,5.0,3.3,0.08,0.01,0.09,2.08,1,55
2025-26,24,674,Aaron Ramsdale,GK,Newcastle,15,12,0,2026-01-31T20:00:00Z,0,0,0,0,0,0,0,0,0.0,0.0,0.0,0.0,0.0,0.0,0.0,0.0,0,48
2025-26,24,675,Angus Gunn,GK,Nott'm Forest,16,8,1,2026-02-01T14:00:00Z,45,1,0,0,0,0,0,4,1.2,0.0,0.0,0.1,0.0,0.0,0.0,0.21,0,40
2025-26,24,676,Lesley Ugochukwu,MID,Burnley,3,17,0,2026-02-02T20:00:00Z,90,1,0,0,0,3,0,10,5.8,5.3,2.0,1.3,0.0,0.02,0.02,1.47,1,50
2025-26,24,677,Evann Guessand,MID,Aston Villa,2,5,1,2026-02-01T14:00:00Z,0,0,0,0,0,0,0,0,0.0,0.0,0.0,0.0,0.0,0.0,0.0,0.0,0,62
2025-26,24,678,Arthur Masuaku,DEF,Sunderland,17,3,1,2026-02-02T20:00:00Z,0,0,0,0,0,0,0,0,0.0,0.0,0.0,0.0,0.0,0.0,0.0,0.0,0,39
2025-26,24,679,Mads Hermansen,GK,West Ham,19,7,0,2026-01-31T17:30:00Z,0,0,0,0,0,0,0,0,0.0,0.0,0.0,0.0,0.0,0.0,0.0,0.0,0,42
2025-26,24,680,Armando Broja,FWD,Burnley,3,17,0,2026-02-02T20:00:00Z,27,1,0,0,0,1,0,1,0.0,0.6,4.0,0.5,0.0,0.01,0.01,0.76,0,52
2025-26,24,681,Benjamin Sesko,FWD,Man Utd,14,10,1,2026-02-01T14:00:00Z,16,6,1,0,0,2,1,27,29.2,1.3,30.0,6.1,0.59,0.0,0.59,1.09,0,72
2025-26,24,682,David Møller Wolfe,DEF,Wolves,20,4,1,2026-01-31T15:00:00Z,1,1,0,0,0,1,0,0,2.0,4.3,0.0,0.6,0.0,0.02,0.02,0.79,0,43
2025-26,24,683,Omar Alderete,DEF,Sunderland,17,3,1,2026-02-02T20:00:00Z,85,6,0,0,1,0,0,25,14.0,10.8,0.0,2.5,0.0,0.0,0.0,0.06,1,41
2025-26,24,684,Malick Thiaw,DEF,Newcastle,15,12,0,2026-01-31T20:00:00Z,90,0,0,0,0,4,0,-5,4.8,13.3,10.0,2.8,0.06,0.01,0.07,2.28,1,51
2025-26,24,685,Bafodé Diakité,DEF,Bournemouth,4,20,0,2026-01-31T15:00:00Z,1,1,0,0,0,0,0,3,0.0,0.0,0.0,0.0,0.0,0.0,0.0,0.18,0,42
2025-26,24,686,Rio Ngumoha,MID,Liverpool,12,15,1,2026-01-31T20:00:00Z,0,0,0,0,0,0,0,0,0.0,0.0,0.0,0.0,0.0,0.0,0.0,0.0,0,43
2025-26,24,687,Remy Rees-Dottin,MID,Bournemouth,4,20,0,2026-01-31T15:00:00Z,0,0,0,0,0,0,0,0,0.0,0.0,0.0,0.0,0.0,0.0,0.0,0.0,0,43
2025-26,24,688,James Wright,GK,Aston Villa,2,5,1,2026-02-01T14:00:00Z,0,0,0,0,0,0,0,0,0.0,0.0,0.0,0.0,0.0,0.0,0.0,0.0,0,39
2025-26,24,689,Seung-Soo Park,MID,Newcastle,15,12,0,2026-01-31T20:00:00Z,0,0,0,0,0,0,0,0,0.0,0.0,0.0,0.0,0.0,0.0,0.0,0.0,0,43
2025-26,24,690,Rio Cardines,MID,Crystal Palace,8,16,0,2026-02-01T14:00:00Z,0,0,0,0,0,0,0,0,0.0,0.0,0.0,0.0,0.0,0.0,0.0,0.0,0,44
2025-26,24,691,Dominic Calvert-Lewin,FWD,Leeds,11,1,1,2026-01-31T15:00:00Z,84,2,0,0,0,3,0,4,0.0,2.8,0.0,0.1,0.0,0.0,0.0,1.67,1,60
2025-26,24,692,Giovanni Leoni,DEF,Liverpool,12,15,1,2026-01-31T20:00:00Z,0,0,0,0,0,0,0,0,0.0,0.0,0.0,0.0,0.0,0.0,0.0,0.0,0,49
2025-26,24,693,Omari Hutchinson,MID,Nott'm Forest,16,8,1,2026-02-01T14:00:00Z,0,0,0,0,0,0,0,0,0.0,0.0,0.0,0.0,0.0,0.0,0.0,0.0,0,54
2025-26,24,694,Nordi Mukiele,DEF,Sunderland,17,3,1,2026-02-02T20:00:00Z,90,9,0,1,1,0,0,31,7.6,27.1,7.0,4.2,0.29,0.19,0.48,0.06,1,45
2025-26,24,695,Jackson Tchatchoua,DEF,Wolves,20,4,1,2026-01-31T15:00:00Z,0,0,0,0,0,0,0,0,0.0,0.0,0.0,0.0,0.0,0.0,0.0,0.0,0,44
2025-26,24,696,Arnaud Kalimuendo,FWD,Nott'm Forest,16,8,1,2026-02-01T14:00:00Z,0,0,0,0,0,0,0,0,0.0,0.0,0.0,0.0,0.0,0.0,0.0,0.0,0,60
2025-26,24,697,Amine Adli,MID,Bournemouth,4,20,0,2026-01-31T15:00:00Z,67,5,0,1,1,0,0,13,25.4,39.4,18.0,8.3,0.3,0.08,0.38,0.58,1,54
2025-26,24,698,Noah Okafor,MID,Leeds,11,1,1,2026-01-31T15:00:00Z,45,1,0,0,0,2,0,2,0.8,1.2,0.0,0.2,0.0,0.01,0.01,2.01,0,55
2025-26,24,699,Douglas Luiz Soares de Paulo,MID,Aston Villa,2,5,1,2026-02-01T14:00:00Z,90,2,0,0,0,1,0,24,19.2,65.8,24.0,10.9,0.09,0.19,0.28,0.38,1,49
2025-26,24,700,Max Dowman,MID,Arsenal,1,11,0,2026-01-31T15:00:00Z,0,0,0,0,0,0,0,0,0.0,0.0,0.0,0.0,0.0,0.0,0.0,0.0,0,42
2025-26,24,701,Triston Rowe,DEF,Aston Villa,2,5,1,2026-02-01T14:00:00Z,0,0,0,0,0,0,0,0,0.0,0.0,0.0,0.0,0.0,0.0,0.0,0.0,0,40
2025-26,24,702,Bradley Burrowes,MID,Aston Villa,2,5,1,2026-02-01T14:00:00Z,0,0,0,0,0,0,0,0,0.0,0.0,0.0,0.0,0.0,0.0,0.0,0.0,0,44
2025-26,24,703,Sam Proctor,GK,Aston Villa,2,5,1,2026-02-01T14:00:00Z,0,0,0,0,0,0,0,0,0.0,0.0,0.0,0.0,0.0,0.0,0.0,0.0,0,39
2025-26,24,704,Tyler Onyango,MID,Everton,9,6,0,2026-01-31T15:00:00Z,0,0,0,0,0,0,0,0,0.0,0.0,0.0,0.0,0.0,0.0,0.0,0.0,0,45
2025-26,24,705,Elijah Campbell,DEF,Everton,9,6,0,2026-01-31T15:00:00Z,0,0,0,0,0,0,0,0,0.0,0.0,0.0,0.0,0.0,0.0,0.0,0.0,0,39
2025-26,24,706,James Justin,DEF,Leeds,11,1,1,2026-01-31T15:00:00Z,45,0,0,0,0,2,0,-4,5.2,1.8,2.0,0.9,0.0,0.0,0.0,0.18,1,39
2025-26,24,707,Tyler Dibling,MID,Everton,9,6,0,2026-01-31T15:00:00Z,10,1,0,0,0,0,0,1,0.0,0.0,0.0,0.0,0.0,0.0,0.0,0.03,0,53
2025-26,24,708,Mateus Gonçalo Espanha Fernandes,MID,West Ham,19,7,0,2026-01-31T17:30:00Z,90,4,0,0,0,3,0,21,17.8,30.1,12.0,6.0,0.09,0.16,0.25,2.7,1,55
2025-26,24,709,Ladislav Krejcí,DEF,Wolves,20,4,1,2026-01-31T15:00:00Z,0,0,0,0,0,0,0,0,0.0,0.0,0.0,0.0,0.0,0.0,0.0,0.0,0,45
2025-26,24,710,Travis Patterson,DEF,Aston Villa,2,5,1,2026-02-01T14:00:00Z,0,0,0,0,0,0,0,0,0.0,0.0,0.0,0.0,0.0,0.0,0.0,0.0,0,39
2025-26,24,711,Andre Harriman-Annous,MID,Arsenal,1,11,0,2026-01-31T15:00:00Z,0,0,0,0,0,0,0,0,0.0,0.0,0.0,0.0,0.0,0.0,0.0,0.0,0,44
2025-26,24,712,Yéremy Pino Santos,MID,Crystal Palace,8,16,0,2026-02-01T14:00:00Z,90,1,0,0,0,1,0,6,11.0,39.8,2.0,5.3,0.0,0.16,0.16,0.49,1,58
2025-26,24,713,Álex Jiménez Sánchez,DEF,Bournemouth,4,20,0,2026-01-31T15:00:00Z,85,5,0,0,1,0,0,21,7.4,1.4,17.0,2.6,0.03,0.03,0.06,1.13,1,45
2025-26,24,714,Nick Woltemade,FWD,Newcastle,15,12,0,2026-01-31T20:00:00Z,17,1,0,0,0,1,0,2,5.4,0.5,4.0,1.0,0.0,0.0,0.0,0.27,0,71
2025-26,24,715,John Victor Maciel Furtado,GK,Nott'm Forest,16,8,1,2026-02-01T14:00:00Z,0,0,0,0,0,0,0,0,0.0,0.0,0.0,0.0,0.0,0.0,0.0,0.0,0,40
2025-26,24,716,Nicolò Savona,DEF,Nott'm Forest,16,8,1,2026-02-01T14:00:00Z,0,0,0,0,0,0,0,0,0.0,0.0,0.0,0.0,0.0,0.0,0.0,0.0,0,45
2025-26,24,717,Xavi Simons,MID,Spurs,18,13,1,2026-02-01T16:30:00Z,90,6,0,1,0,2,2,39,41.2,55.8,29.0,12.6,0.21,0.56,0.77,2.08,1,65
2025-26,24,718,Soungoutou Magassa,MID,West Ham,19,7,0,2026-01-31T17:30:00Z,0,0,0,0,0,0,0,0,0.0,0.0,0.0,0.0,0.0,0.0,0.0,0.0,0,50
2025-26,24,719,Victor Lindelöf,DEF,Aston Villa,2,5,1,2026-02-01T14:00:00Z,0,0,0,0,0,0,0,0,0.0,0.0,0.0,0.0,0.0,0.0,0.0,0.0,0,45
2025-26,24,720,Tolu Arokodare,FWD,Wolves,20,4,1,2026-01-31T15:00:00Z,90,2,0,0,0,2,0,4,12.0,4.6,70.0,8.7,0.65,0.04,0.69,1.36,1,54
2025-26,24,721,Veljko Milosavljevic,DEF,Bournemouth,4,20,0,2026-01-31T15:00:00Z,0,0,0,0,0,0,0,0,0.0,0.0,0.0,0.0,0.0,0.0,0.0,0.0,0,44
2025-26,24,722,Florentino Ibrain Morris Luís,MID,Burnley,3,17,0,2026-02-02T20:00:00Z,62,2,0,0,0,2,0,13,5.0,6.5,2.0,1.4,0.0,0.01,0.01,0.71,1,50
2025-26,24,723,Jaydee Canvot,DEF,Crystal Palace,8,16,0,2026-02-01T14:00:00Z,0,0,0,0,0,0,0,0,0.0,0.0,0.0,0.0,0.0,0.0,0.0,0.0,0,45
2025-26,24,724,Lutsharel Geertruida,DEF,Sunderland,17,3,1,2026-02-02T20:00:00Z,10,1,0,0,0,0,0,5,2.8,11.0,2.0,1.6,0.0,0.11,0.11,0.0,0,45
2025-26,24,725,Piero Hincapié,DEF,Arsenal,1,11,0,2026-01-31T15:00:00Z,74,6,0,0,1,0,0,21,13.2,2.1,4.0,1.9,0.0,0.01,0.01,0.12,1,51
2025-26,24,726,Randal Kolo Muani,FWD,Spurs,18,13,1,2026-02-01T16:30:00Z,67,2,0,0,0,2,0,4,0.4,0.5,10.0,1.1,0.0,0.03,0.03,1.06,1,69
2025-26,24,727,Samuel Chukwueze,MID,Fulham,10,14,0,2026-02-01T14:00:00Z,78,2,0,0,0,2,0,9,10.8,18.5,10.0,3.9,0.03,0.03,0.06,1.65,1,53
2025-26,24,728,Merlin Röhl,MID,Everton,9,6,0,2026-01-31T15:00:00Z,0,0,0,0,0,0,0,0,0.0,0.0,0.0,0.0,0.0,0.0,0.0,0.0,0,50
2025-26,24,729,Luis Eduardo Soares da Silva,DEF,Nott'm Forest,16,8,1,2026-02-01T14:00:00Z,0,0,0,0,0,0,0,0,0.0,0.0,0.0,0.0,0.0,0.0,0.0,0.0,0,45
2025-26,24,730,Brian Brobbey,FWD,Sunderland,17,3,1,2026-02-02T20:00:00Z,79,2,0,0,1,0,0,3,5.4,12.1,21.0,3.9,0.18,0.0,0.18,0.06,1,56
2025-26,24,731,Kevin Santos Lopes de Macedo,MID,Fulham,10,14,0,2026-02-01T14:00:00Z,19,6,1,0,0,1,0,20,34.8,1.3,9.0,4.5,0.03,0.04,0.07,0.69,0,58
2025-26,24,732,Christantus Uche,FWD,Crystal Palace,8,16,0,2026-02-01T14:00:00Z,29,1,0,0,0,0,0,1,0.0,0.4,1.0,0.0,0.03,0.0,0.03,0.24,0,55
2025-26,24,733,Senne Lammens,GK,Man Utd,14,10,1,2026-02-01T14:00:00Z,90,2,0,0,0,2,0,11,27.2,0.0,0.0,2.7,0.0,0.0,0.0,1.94,1,50
2025-26,24,734,Dilane Bakwa,MID,Nott'm Forest,16,8,1,2026-02-01T14:00:00Z,0,0,0,0,0,0,0,0,0.0,0.0,0.0,0.0,0.0,0.0,0.0,0.0,0,59
2025-26,24,735,Bertrand Traoré,MID,Sunderland,17,3,1,2026-02-02T20:00:00Z,0,0,0,0,0,0,0,0,0.0,0.0,0.0,0.0,0.0,0.0,0.0,0.0,0,55
2025-26,24,736,Gianluigi Donnarumma,GK,Man City,13,18,0,2026-02-01T16:30:00Z,90,2,0,0,0,2,0,10,27.8,0.0,0.0,2.8,0.0,0.0,0.0,1.05,1,56
2025-26,24,737,Jonah Kusi-Asare,FWD,Fulham,10,14,0,2026-02-01T14:00:00Z,0,0,0,0,0,0,0,0,0.0,0.0,0.0,0.0,0.0,0.0,0.0,0.0,0,45
2025-26,24,738,Lukasz Fabianski,GK,West Ham,19,7,0,2026-01-31T17:30:00Z,0,0,0,0,0,0,0,0,0.0,0.0,0.0,0.0,0.0,0.0,0.0,0.0,0,45
2025-26,24,739,Divine Mukasa,MID,Man City,13,18,0,2026-02-01T16:30:00Z,0,0,0,0,0,0,0,0,0.0,0.0,0.0,0.0,0.0,0.0,0.0,0.0,0,44
2025-26,24,740,Stephen Mfuni,DEF,Man City,13,18,0,2026-02-01T16:30:00Z,0,0,0,0,0,0,0,0,0.0,0.0,0.0,0.0,0.0,0.0,0.0,0.0,0,39
2025-26,24,741,Harry Gray,FWD,Leeds,11,1,1,2026-01-31T15:00:00Z,0,0,0,0,0,0,0,0,0.0,0.0,0.0,0.0,0.0,0.0,0.0,0.0,0,45
2025-26,24,742,Ryan McAidoo,MID,Man City,13,18,0,2026-02-01T16:30:00Z,0,0,0,0,0,0,0,0,0.0,0.0,0.0,0.0,0.0,0.0,0.0,0.0,0,45
2025-26,24,743,Landon Emenalo,MID,Chelsea,7,19,1,2026-01-31T17:30:00Z,0,0,0,0,0,0,0,0,0.0,0.0,0.0,0.0,0.0,0.0,0.0,0.0,0,45
2025-26,24,744,Nehemiah Oriola,MID,Brighton,6,9,1,2026-01-31T15:00:00Z,0,0,0,0,0,0,0,0,0.0,0.0,0.0,0.0,0.0,0.0,0.0,0.0,0,45
2025-26,24,745,Jun'ai Byfield,DEF,Spurs,18,13,1,2026-02-01T16:30:00Z,1,1,0,0,0,0,0,3,0.4,0.5,0.0,0.1,0.0,0.0,0.0,0.0,0,40
2025-26,24,746,Kieran Morrison,MID,Liverpool,12,15,1,2026-01-31T20:00:00Z,0,0,0,0,0,0,0,0,0.0,0.0,0.0,0.0,0.0,0.0,0.0,0.0,0,45
2025-26,24,747,Ezra Mayers,DEF,West Ham,19,7,0,2026-01-31T17:30:00Z,0,0,0,0,0,0,0,0,0.0,0.0,0.0,0.0,0.0,0.0,0.0,0.0,0,40
2025-26,24,748,Josh Dasilva,MID,Brentford,5,2,0,2026-02-01T14:00:00Z,0,0,0,0,0,0,0,0,0.0,0.0,0.0,0.0,0.0,0.0,0.0,0.0,0,49
2025-26,24,749,Mateus Mané,FWD,Wolves,20,4,1,2026-01-31T15:00:00Z,90,2,0,0,0,2,0,17,16.2,34.5,19.0,7.0,0.17,0.45,0.62,1.36,1,46
2025-26,24,750,James Rowswell,DEF,Spurs,18,13,1,2026-02-01T16:30:00Z,0,0,0,0,0,0,0,0,0.0,0.0,0.0,0.0,0.0,0.0,0.0,0.0,0,40
2025-26,24,751,Yusuf Akhamrich,MID,Spurs,18,13,1,2026-02-01T16:30:00Z,0,0,0,0,0,0,0,0,0.0,0.0,0.0,0.0,0.0,0.0,0.0,0.0,0,45
2025-26,24,752,Airidas Golambeckis,DEF,West Ham,19,7,0,2026-01-31T17:30:00Z,0,0,0,0,0,0,0,0,0.0,0.0,0.0,0.0,0.0,0.0,0.0,0.0,0,40
2025-26,24,753,John Ruddy,GK,Newcastle,15,12,0,2026-01-31T20:00:00Z,0,0,0,0,0,0,0,0,0.0,0.0,0.0,0.0,0.0,0.0,0.0,0.0,0,40
2025-26,24,754,George Hemmings,MID,Aston Villa,2,5,1,2026-02-01T14:00:00Z,0,0,0,0,0,0,0,0,0.0,0.0,0.0,0.0,0.0,0.0,0.0,0.0,0,45
2025-26,24,755,Shea Lacey,MID,Man Utd,14,10,1,2026-02-01T14:00:00Z,0,0,0,0,0,0,0,0,0.0,0.0,0.0,0.0,0.0,0.0,0.0,0.0,0,45
2025-26,24,756,Malcom DaCosta,MID,Bournemouth,4,20,0,2026-01-31T15:00:00Z,0,0,0,0,0,0,0,0,0.0,0.0,0.0,0.0,0.0,0.0,0.0,0.0,0,45
2025-26,24,757,Ronnie Hollingshead,GK,Aston Villa,2,5,1,2026-02-01T14:00:00Z,0,0,0,0,0,0,0,0,0.0,0.0,0.0,0.0,0.0,0.0,0.0,0.0,0,40
2025-26,24,758,Mohamadou Kanté,MID,West Ham,19,7,0,2026-01-31T17:30:00Z,0,0,0,0,0,0,0,0,0.0,0.0,0.0,0.0,0.0,0.0,0.0,0.0,0,45
2025-26,24,759,Marli Salmon,DEF,Arsenal,1,11,0,2026-01-31T15:00:00Z,0,0,0,0,0,0,0,0,0.0,0.0,0.0,0.0,0.0,0.0,0.0,0.0,0,40
2025-26,24,760,Wellity Lucky,DEF,Liverpool,12,15,1,2026-01-31T20:00:00Z,0,0,0,0,0,0,0,0,0.0,0.0,0.0,0.0,0.0,0.0,0.0,0.0,0,40
2025-26,24,761,Freddie Simmonds,DEF,Brighton,6,9,1,2026-01-31T15:00:00Z,0,0,0,0,0,0,0,0,0.0,0.0,0.0,0.0,0.0,0.0,0.0,0.0,0,40
2025-26,24,762,Joél Drakes-Thomas,MID,Crystal Palace,8,16,0,2026-02-01T14:00:00Z,0,0,0,0,0,0,0,0,0.0,0.0,0.0,0.0,0.0,0.0,0.0,0.0,0,45
2025-26,24,763,Charlie Gray,MID,Man City,13,18,0,2026-02-01T16:30:00Z,0,0,0,0,0,0,0,0,0.0,0.0,0.0,0.0,0.0,0.0,0.0,0.0,0,45
2025-26,24,764,Reigan Heskey,MID,Man City,13,18,0,2026-02-01T16:30:00Z,0,0,0,0,0,0,0,0,0.0,0.0,0.0,0.0,0.0,0.0,0.0,0.0,0,45
2025-26,24,765,Leo Shahar,DEF,Newcastle,15,12,0,2026-01-31T20:00:00Z,0,0,0,0,0,0,0,0,0.0,0.0,0.0,0.0,0.0,0.0,0.0,0.0,0,40
2025-26,24,766,Saheed Olagunju,DEF,Wolves,20,4,1,2026-01-31T15:00:00Z,0,0,0,0,0,0,0,0,0.0,0.0,0.0,0.0,0.0,0.0,0.0,0.0,0,40
2025-26,24,767,Luke Rawlings,MID,Wolves,20,4,1,2026-01-31T15:00:00Z,0,0,0,0,0,0,0,0,0.0,0.0,0.0,0.0,0.0,0.0,0.0,0.0,0,45
2025-26,24,768,Leon Routh,DEF,Aston Villa,2,5,1,2026-02-01T14:00:00Z,0,0,0,0,0,0,0,0,0.0,0.0,0.0,0.0,0.0,0.0,0.0,0.0,0,40
2025-26,24,769,Bendito Mantato,MID,Man Utd,14,10,1,2026-02-01T14:00:00Z,0,0,0,0,0,0,0,0,0.0,0.0,0.0,0.0,0.0,0.0,0.0,0.0,0,45
2025-26,24,770,Seth Ridgeon,MID,Fulham,10,14,0,2026-02-01T14:00:00Z,0,0,0,0,0,0,0,0,0.0,0.0,0.0,0.0,0.0,0.0,0.0,0.0,0,45
2025-26,24,771,Tyler Fletcher,MID,Man Utd,14,10,1,2026-02-01T14:00:00Z,0,0,0,0,0,0,0,0,0.0,0.0,0.0,0.0,0.0,0.0,0.0,0.0,0,44
2025-26,24,772,Sam Alabi,MID,Newcastle,15,12,0,2026-01-31T20:00:00Z,0,0,0,0,0,0,0,0,0.0,0.0,0.0,0.0,0.0,0.0,0.0,0.0,0,45
2025-26,24,773,Dean Benamar,DEF,Crystal Palace,8,16,0,2026-02-01T14:00:00Z,0,0,0,0,0,0,0,0,0.0,0.0,0.0,0.0,0.0,0.0,0.0,0.0,0,40
2025-26,24,774,Jenson Jones,DEF,Sunderland,17,3,1,2026-02-02T20:00:00Z,0,0,0,0,0,0,0,0,0.0,0.0,0.0,0.0,0.0,0.0,0.0,0.0,0,40
2025-26,24,775,Tymur Tutierov,MID,Sunderland,17,3,1,2026-02-02T20:00:00Z,0,0,0,0,0,0,0,0,0.0,0.0,0.0,0.0,0.0,0.0,0.0,0.0,0,45
2025-26,24,776,Oliver Pimlott,MID,Burnley,3,17,0,2026-02-02T20:00:00Z,0,0,0,0,0,0,0,0,0.0,0.0,0.0,0.0,0.0,0.0,0.0,0.0,0,45
2025-26,24,777,Temple Ojinnaka,MID,Wolves,20,4,1,2026-01-31T15:00:00Z,0,0,0,0,0,0,0,0,0.0,0.0,0.0,0.0,0.0,0.0,0.0,0.0,0,45
2025-26,24,778,Ethan Sutherland,MID,Wolves,20,4,1,2026-01-31T15:00:00Z,0,0,0,0,0,0,0,0,0.0,0.0,0.0,0.0,0.0,0.0,0.0,0.0,0,45
2025-26,24,779,Braiden Graham,FWD,Everton,9,6,0,2026-01-31T15:00:00Z,0,0,0,0,0,0,0,0,0.0,0.0,0.0,0.0,0.0,0.0,0.0,0.0,0,45
2025-26,24,780,Ben Casey,FWD,Crystal Palace,8,16,0,2026-02-01T14:00:00Z,0,0,0,0,0,0,0,0,0.0,0.0,0.0,0.0,0.0,0.0,0.0,0.0,0,45
2025-26,24,781,TJ Carroll,DEF,Aston Villa,2,5,1,2026-02-01T14:00:00Z,0,0,0,0,0,0,0,0,0.0,0.0,0.0,0.0,0.0,0.0,0.0,0.0,0,40
2025-26,24,782,Fraser Forster,GK,Bournemouth,4,20,0,2026-01-31T15:00:00Z,0,0,0,0,0,0,0,0,0.0,0.0,0.0,0.0,0.0,0.0,0.0,0.0,0,40
2025-26,24,783,Pascal Groß,MID,Brighton,6,9,1,2026-01-31T15:00:00Z,90,12,1,0,1,0,3,34,46.6,3.3,24.0,7.4,0.25,0.05,0.3,0.57,1,55
2025-26,24,784,George Brierley,MID,Burnley,3,17,0,2026-02-02T20:00:00Z,0,0,0,0,0,0,0,0,0.0,0.0,0.0,0.0,0.0,0.0,0.0,0.0,0,45
2025-26,24,785,Pablo Felipe Pereira de Jesus,FWD,West Ham,19,7,0,2026-01-31T17:30:00Z,65,2,0,0,0,1,0,9,7.6,12.3,0.0,2.0,0.0,0.04,0.04,0.92,1,55
2025-26,24,786,Alfie McNally,GK,Fulham,10,14,0,2026-02-01T14:00:00Z,0,0,0,0,0,0,0,0,0.0,0.0,0.0,0.0,0.0,0.0,0.0,0.0,0,40
2025-26,24,787,Sam Chambers,MID,Leeds,11,1,1,2026-01-31T15:00:00Z,0,0,0,0,0,0,0,0,0.0,0.0,0.0,0.0,0.0,0.0,0.0,0.0,0,44
2025-26,24,788,Godwill Kukonki,DEF,Man Utd,14,10,1,2026-02-01T14:00:00Z,0,0,0,0,0,0,0,0,0.0,0.0,0.0,0.0,0.0,0.0,0.0,0.0,0,40
2025-26,24,789,Max Merrick,GK,Chelsea,7,19,1,2026-01-31T17:30:00Z,0,0,0,0,0,0,0,0,0.0,0.0,0.0,0.0,0.0,0.0,0.0,0.0,0,40
2025-26,24,790,Lucá Williams-Barnett,MID,Spurs,18,13,1,2026-02-01T16:30:00Z,0,0,0,0,0,0,0,0,0.0,0.0,0.0,0.0,0.0,0.0,0.0,0.0,0,45
2025-26,24,791,Valentín Castellanos,FWD,West Ham,19,7,0,2026-01-31T17:30:00Z,75,2,0,0,0,2,0,13,6.8,1.6,50.0,5.8,0.24,0.01,0.25,1.86,1,55
2025-26,24,792,Alysson Edward Franco da Rocha dos Santos,MID,Aston Villa,2,5,1,2026-02-01T14:00:00Z,0,0,0,0,0,0,0,0,0.0,0.0,0.0,0.0,0.0,0.0,0.0,0.0,0,50
2025-26,24,793,George King,DEF,Crystal Palace,8,16,0,2026-02-01T14:00:00Z,0,0,0,0,0,0,0,0,0.0,0.0,0.0,0.0,0.0,0.0,0.0,0.0,0,40
2025-26,24,794,Max Alleyne,DEF,Man City,13,18,0,2026-02-01T16:30:00Z,0,0,0,0,0,0,0,0,0.0,0.0,0.0,0.0,0.0,0.0,0.0,0.0,0,43
2025-26,24,795,Harry Howell,MID,Brighton,6,9,1,2026-01-31T15:00:00Z,0,0,0,0,0,0,0,0,0.0,0.0,0.0,0.0,0.0,0.0,0.0,0.0,0,45
2025-26,24,796,Conor Gallagher,MID,Spurs,18,13,1,2026-02-01T16:30:00Z,90,7,0,1,0,2,0,27,28.2,21.9,3.0,5.3,0.09,0.12,0.21,2.08,1,55
2025-26,24,797,Kaye Furo,FWD,Brentford,5,2,0,2026-02-01T14:00:00Z,0,0,0,0,0,0,0,0,0.0,0.0,0.0,0.0,0.0,0.0,0.0,0.0,0,45
2025-26,24,798,Danny Imray,DEF,Crystal Palace,8,16,0,2026-02-01T14:00:00Z,0,0,0,0,0,0,0,0,0.0,0.0,0.0,0.0,0.0,0.0,0.0,0.0,0,40
2025-26,24,799,Charlie Stevens,MID,Bournemouth,4,20,0,2026-01-31T15:00:00Z,0,0,0,0,0,0,0,0,0.0,0.0,0.0,0.0,0.0,0.0,0.0,0.0,0,45
2025-26,24,800,Djiamgone Jocelin Ta Bi,MID,Sunderland,17,3,1,2026-02-02T20:00:00Z,0,0,0,0,0,0,0,0,0.0,0.0,0.0,0.0,0.0,0.0,0.0,0.0,0,50
2025-26,24,801,Alex Tóth,MID,Bournemouth,4,20,0,2026-01-31T15:00:00Z,4,1,0,0,0,0,0,4,1.0,0.3,4.0,0.5,0.06,0.0,0.06,0.25,0,50
2025-26,24,802,Keiber Lamadrid,MID,West Ham,19,7,0,2026-01-31T17:30:00Z,0,0,0,0,0,0,0,0,0.0,0.0,0.0,0.0,0.0,0.0,0.0,0.0,0,50
2025-26,24,803,Teddy Sharman-Lowe,GK,Chelsea,7,19,1,2026-01-31T17:30:00Z,0,0,0,0,0,0,0,0,0.0,0.0,0.0,0.0,0.0,0.0,0.0,0.0,0,40
2025-26,24,804,João Victor de Souza Menezes,DEF,Spurs,18,13,1,2026-02-01T16:30:00Z,0,0,0,0,0,0,0,0,0.0,0.0,0.0,0.0,0.0,0.0,0.0,0.0,0,40
2025-26,24,805,Lorenzo Lucca,FWD,Nott'm Forest,16,8,1,2026-02-01T14:00:00Z,0,0,0,0,0,0,0,0,0.0,0.0,0.0,0.0,0.0,0.0,0.0,0.0,0,55
2025-26,24,806,Christos Mandas,GK,Bournemouth,4,20,0,2026-01-31T15:00:00Z,0,0,0,0,0,0,0,0,0.0,0.0,0.0,0.0,0.0,0.0,0.0,0.0,0,40
2025-26,24,807,Rayan Vitor Simplício Rocha,MID,Bournemouth,4,20,0,2026-01-31T15:00:00Z,22,4,0,1,0,0,0,17,23.0,22.8,2.0,4.8,0.0,0.6,0.6,0.8,0,55
2025-26,24,808,Tammy Abraham,FWD,Aston Villa,2,5,1,2026-02-01T14:00:00Z,90,2,0,0,0,1,0,6,7.0,12.0,37.0,5.6,0.64,0.08,0.72,0.38,1,60
2025-26,24,809,Jerome Abbey,MID,Wolves,20,4,1,2026-01-31T15:00:00Z,0,0,0,0,0,0,0,0,0.0,0.0,0.0,0.0,0.0,0.0,0.0,0.0,0,45
2025-26,24,810,Luka Bentt,MID,Brentford,5,2,0,2026-02-01T14:00:00Z,0,0,0,0,0,0,0,0,0.0,0.0,0.0,0.0,0.0,0.0,0.0,0.0,0,45
2025-26,24,811,Rio Kyerematen,MID,Spurs,18,13,1,2026-02-01T16:30:00Z,0,0,0,0,0,0,0,0,0.0,0.0,0.0,0.0,0.0,0.0,0.0,0.0,0,45
