season,gw,element,name,position,team,team_id,opponent_team,was_home,kickoff_time,minutes,total_points,goals_scored,assists,clean_sheets,goals_conceded,bonus,bps,influence,creativity,threat,ict_index,expected_goals,expected_assists,expected_goal_involvements,expected_goals_conceded,starts,value
2025-26,25,1,David Raya Martín,GK,Arsenal,1,17,1,2026-02-07T15:00:00Z,90,7,0,0,1,0,1,30,21.6,10.1,0.0,3.2,0.0,0.0,0.0,0.19,1,59
2025-26,25,2,Kepa Arrizabalaga Revuelta,GK,Arsenal,1,17,1,2026-02-07T15:00:00Z,0,0,0,0,0,0,0,0,0.0,0.0,0.0,0.0,0.0,0.0,0.0,0.0,0,41
2025-26,25,3,Karl Hein,GK,Arsenal,1,17,1,2026-02-07T15:00:00Z,0,0,0,0,0,0,0,0,0.0,0.0,0.0,0.0,0.0,0.0,0.0,0.0,0,40
2025-26,25,4,Tommy Setford,GK,Arsenal,1,17,1,2026-02-07T15:00:00Z,0,0,0,0,0,0,0,0,0.0,0.0,0.0,0.0,0.0,0.0,0.0,0.0,0,39
2025-26,25,5,Gabriel dos Santos Magalhães,DEF,Arsenal,1,17,1,2026-02-07T15:00:00Z,90,6,0,0,1,0,0,28,17.2,1.7,0.0,1.9,0.0,0.01,0.01,0.19,1,71
2025-26,25,6,William Saliba,DEF,Arsenal,1,17,1,2026-02-07T15:00:00Z,90,7,0,0,1,0,0,28,20.4,6.4,0.0,2.7,0.0,0.02,0.02,0.19,1,60
2025-26,25,7,Riccardo Calafiori,DEF,Arsenal,1,17,1,2026-02-07T15:00:00Z,66,6,0,0,1,0,0,18,4.8,2.3,4.0,1.1,0.03,0.02,0.05,0.17,1,56
2025-26,25,8,Jurriën Timber,DEF,Arsenal,1,17,1,2026-02-07T15:00:00Z,90,6,0,0,1,0,0,24,11.6,3.2,2.0,1.7,0.0,0.02,0.02,0.19,1,64
2025-26,25,9,Jakub Kiwior,DEF,Arsenal,1,17,1,2026-02-07T15:00:00Z,0,0,0,0,0,0,0,0,0.0,0.0,0.0,0.0,0.0,0.0,0.0,0.0,0,54
2025-26,25,10,Myles Lewis-Skelly,DEF,Arsenal,1,17,1,2026-02-07T15:00:00Z,0,0,0,0,0,0,0,0,0.0,0.0,0.0,0.0,0.0,0.0,0.0,0.0,0,51
2025-26,25,11,Benjamin White,DEF,Arsenal,1,17,1,2026-02-07T15:00:00Z,0,0,0,0,0,0,0,0,0.0,0.0,0.0,0.0,0.0,0.0,0.0,0.0,0,51
2025-26,25,12,Oleksandr Zinchenko,DEF,Nott'm Forest,16,11,0,2026-02-06T20:00:00Z,0,0,0,0,0,0,0,0,0.0,0.0,0.0,0.0,0.0,0.0,0.0,0.0,0,49
2025-26,25,13,Brayden Clarke,DEF,Arsenal,1,17,1,2026-02-07T15:00:00Z,0,0,0,0,0,0,0,0,0.0,0.0,0.0,0.0,0.0,0.0,0.0,0.0,0,38
2025-26,25,14,Maldini Kacurri,DEF,Arsenal,1,17,1,2026-02-07T15:00:00Z,0,0,0,0,0,0,0,0,0.0,0.0,0.0,0.0,0.0,0.0,0.0,0.0,0,39
2025-26,25,15,Josh Nichols,DEF,Arsenal,1,17,1,2026-02-07T15:00:00Z,0,0,0,0,0,0,0,0,0.0,0.0,0.0,0.0,0.0,0.0,0.0,0.0,0,38
2025-26,25,16,Bukayo Saka,MID,Arsenal,1,17,1,2026-02-07T15:00:00Z,0,0,0,0,0,0,0,0,0.0,0.0,0.0,0.0,0.0,0.0,0.0,0.0,0,99
2025-26,25,17,Martin Ødegaard,MID,Arsenal,1,17,1,2026-02-07T15:00:00Z,0,0,0,0,0,0,0,0,0.0,0.0,0.0,0.0,0.0,0.0,0.0,0.0,0,78
2025-26,25,18,Noni Madueke,MID,Arsenal,1,17,1,2026-02-07T15:00:00Z,59,1,0,0,0,0,0,3,3.8,1.6,13.0,1.8,0.02,0.02,0.04,0.17,1,68
2025-26,25,19,Gabriel Martinelli Silva,MID,Arsenal,1,17,1,2026-02-07T15:00:00Z,30,4,0,1,0,0,0,20,26.2,13.5,25.0,6.5,0.04,0.26,0.3,0.02,0,68
2025-26,25,20,Leandro Trossard,MID,Arsenal,1,17,1,2026-02-07T15:00:00Z,88,6,0,1,1,0,0,23,34.8,49.7,20.0,10.5,0.14,0.19,0.33,0.17,1,68
2025-26,25,21,Declan Rice,MID,Arsenal,1,17,1,2026-02-07T15:00:00Z,90,5,0,0,1,0,0,16,16.4,36.2,3.0,5.6,0.03,0.16,0.19,0.19,1,75
2025-26,25,22,Mikel Merino Zazón,MID,Arsenal,1,17,1,2026-02-07T15:00:00Z,0,0,0,0,0,0,0,0,0.0,0.0,0.0,0.0,0.0,0.0,0.0,0.0,0,55
2025-26,25,23,Fábio Ferreira Vieira,MID,Arsenal,1,17,1,2026-02-07T15:00:00Z,0,0,0,0,0,0,0,0,0.0,0.0,0.0,0.0,0.0,0.0,0.0,0.0,0,54
2025-26,25,24,Christian Nørgaard,MID,Arsenal,1,17,1,2026-02-07T15:00:00Z,1,1,0,0,0,0,0,3,1.0,0.0,0.0,0.1,0.0,0.0,0.0,0.02,0,51
2025-26,25,25,Ethan Nwaneri,MID,Arsenal,1,17,1,2026-02-07T15:00:00Z,0,0,0,0,0,0,0,0,0.0,0.0,0.0,0.0,0.0,0.0,0.0,0.0,0,50
2025-26,25,26,Martín Zubimendi Ibáñez,MID,Arsenal,1,17,1,2026-02-07T15:00:00Z,90,10,1,0,1,0,2,39,41.4,5.7,9.0,5.6,0.03,0.04,0.07,0.19,1,52
2025-26,25,27,Reiss Nelson,MID,Brentford,5,15,0,2026-02-07T17:30:00Z,0,0,0,0,0,0,0,0,0.0,0.0,0.0,0.0,0.0,0.0,0.0,0.0,0,48
2025-26,25,28,Ismeal Kabia,MID,Arsenal,1,17,1,2026-02-07T15:00:00Z,0,0,0,0,0,0,0,0,0.0,0.0,0.0,0.0,0.0,0.0,0.0,0.0,0,45
2025-26,25,29,Albert Sambi Lokonga,MID,Arsenal,1,17,1,2026-02-07T15:00:00Z,0,0,0,0,0,0,0,0,0.0,0.0,0.0,0.0,0.0,0.0,0.0,0.0,0,45
2025-26,25,30,Kai Havertz,FWD,Arsenal,1,17,1,2026-02-07T15:00:00Z,66,5,0,1,1,0,0,25,21.6,21.1,18.0,6.1,0.21,0.04,0.25,0.17,1,73
2025-26,25,31,Gabriel Fernando de Jesus,FWD,Arsenal,1,17,1,2026-02-07T15:00:00Z,59,1,0,0,0,0,0,1,2.2,1.0,19.0,2.2,0.01,0.03,0.04,0.17,1,64
2025-26,25,32,Emiliano Martínez Romero,GK,Aston Villa,2,4,0,2026-02-07T15:00:00Z,90,6,0,0,0,1,2,26,49.4,0.0,0.0,4.9,0.0,0.0,0.0,2.06,1,50
2025-26,25,33,Marco Bizot,GK,Aston Villa,2,4,0,2026-02-07T15:00:00Z,0,0,0,0,0,0,0,0,0.0,0.0,0.0,0.0,0.0,0.0,0.0,0.0,0,42
2025-26,25,34,Joe Gauci,GK,Aston Villa,2,4,0,2026-02-07T15:00:00Z,0,0,0,0,0,0,0,0,0.0,0.0,0.0,0.0,0.0,0.0,0.0,0.0,0,40
2025-26,25,35,Filip Marschall,GK,Aston Villa,2,4,0,2026-02-07T15:00:00Z,0,0,0,0,0,0,0,0,0.0,0.0,0.0,0.0,0.0,0.0,0.0,0.0,0,40
2025-26,25,36,Matty Cash,DEF,Aston Villa,2,4,0,2026-02-07T15:00:00Z,90,2,0,0,0,1,0,5,13.0,0.9,21.0,3.5,0.04,0.0,0.04,2.06,1,48
2025-26,25,37,Lucas Digne,DEF,Aston Villa,2,4,0,2026-02-07T15:00:00Z,85,4,0,0,0,1,0,14,17.6,6.1,0.0,2.4,0.0,0.02,0.02,1.71,1,45
2025-26,25,38,Ezri Konsa Ngoyo,DEF,Aston Villa,2,4,0,2026-02-07T15:00:00Z,90,2,0,0,0,1,0,14,18.2,0.4,0.0,1.9,0.0,0.0,0.0,2.06,1,44
2025-26,25,39,Ian Maatsen,DEF,Aston Villa,2,4,0,2026-02-07T15:00:00Z,13,1,0,0,0,0,0,2,0.0,0.3,4.0,0.4,0.0,0.01,0.01,0.43,0,42
2025-26,25,40,Tyrone Mings,DEF,Aston Villa,2,4,0,2026-02-07T15:00:00Z,90,2,0,0,0,1,0,12,19.2,1.0,10.0,3.0,0.09,0.01,0.1,2.06,1,43
2025-26,25,41,Pau Torres,DEF,Aston Villa,2,4,0,2026-02-07T15:00:00Z,0,0,0,0,0,0,0,0,0.0,0.0,0.0,0.0,0.0,0.0,0.0,0.0,0,43
2025-26,25,42,Andrés García,DEF,Aston Villa,2,4,0,2026-02-07T15:00:00Z,0,0,0,0,0,0,0,0,0.0,0.0,0.0,0.0,0.0,0.0,0.0,0.0,0,39
2025-26,25,43,Álex Moreno Lopera,DEF,Aston Villa,2,4,0,2026-02-07T15:00:00Z,0,0,0,0,0,0,0,0,0.0,0.0,0.0,0.0,0.0,0.0,0.0,0.0,0,40
2025-26,25,44,Lamare Bogarde,DEF,Aston Villa,2,4,0,2026-02-07T15:00:00Z,4,1,0,0,0,0,0,5,2.2,0.8,0.0,0.3,0.0,0.01,0.01,0.35,0,40
2025-26,25,45,Lino da Cruz Sousa,DEF,Aston Villa,2,4,0,2026-02-07T15:00:00Z,0,0,0,0,0,0,0,0,0.0,0.0,0.0,0.0,0.0,0.0,0.0,0.0,0,38
2025-26,25,46,Yasin Özcan,DEF,Aston Villa,2,4,0,2026-02-07T15:00:00Z,0,0,0,0,0,0,0,0,0.0,0.0,0.0,0.0,0.0,0.0,0.0,0.0,0,40
2025-26,25,47,Morgan Rogers,MID,Aston Villa,2,4,0,2026-02-07T15:00:00Z,90,10,1,0,0,1,3,36,46.8,27.1,25.0,9.9,0.12,0.08,0.2,2.06,1,76
2025-26,25,48,Youri Tielemans,MID,Aston Villa,2,4,0,2026-02-07T15:00:00Z,0,0,0,0,0,0,0,0,0.0,0.0,0.0,0.0,0.0,0.0,0.0,0.0,0,59
2025-26,25,49,Leon Bailey,MID,Aston Villa,2,4,0,2026-02-07T15:00:00Z,24,1,0,0,0,0,0,5,5.2,0.3,0.0,0.6,0.0,0.0,0.0,0.43,0,55
2025-26,25,50,Emiliano Buendía Stati,MID,Aston Villa,2,4,0,2026-02-07T15:00:00Z,65,1,0,0,0,1,0,4,5.8,13.6,11.0,3.0,0.04,0.08,0.12,1.63,1,53
2025-26,25,51,Samuel Iling-Junior,MID,Aston Villa,2,4,0,2026-02-07T15:00:00Z,0,0,0,0,0,0,0,0,0.0,0.0,0.0,0.0,0.0,0.0,0.0,0.0,0,55
2025-26,25,52,Jacob Ramsey,MID,Newcastle,15,5,1,2026-02-07T17:30:00Z,3,1,0,0,0,0,0,4,2.4,0.6,0.0,0.3,0.0,0.0,0.0,0.14,0,53
2025-26,25,53,Donyell Malen,MID,Aston Villa,2,4,0,2026-02-07T15:00:00Z,0,0,0,0,0,0,0,0,0.0,0.0,0.0,0.0,0.0,0.0,0.0,0.0,0,51
2025-26,25,54,John McGinn,MID,Aston Villa,2,4,0,2026-02-07T15:00:00Z,0,0,0,0,0,0,0,0,0.0,0.0,0.0,0.0,0.0,0.0,0.0,0.0,0,54
2025-26,25,55,Ross Barkley,MID,Aston Villa,2,4,0,2026-02-07T15:00:00Z,13,1,0,0,0,0,0,8,9.6,10.6,2.0,2.2,0.0,0.0,0.0,0.43,0,48
2025-26,25,56,Enzo Barrenechea,MID,Aston Villa,2,4,0,2026-02-07T15:00:00Z,0,0,0,0,0,0,0,0,0.0,0.0,0.0,0.0,0.0,0.0,0.0,0.0,0,50
2025-26,25,57,Lewis Dobbin,MID,Aston Villa,2,4,0,2026-02-07T15:00:00Z,0,0,0,0,0,0,0,0,0.0,0.0,0.0,0.0,0.0,0.0,0.0,0.0,0,50
2025-26,25,58,Boubacar Kamara,MID,Aston Villa,2,4,0,2026-02-07T15:00:00Z,0,0,0,0,0,0,0,0,0.0,0.0,0.0,0.0,0.0,0.0,0.0,0.0,0,49
2025-26,25,59,Amadou Onana,MID,Aston Villa,2,4,0,2026-02-07T15:00:00Z,90,4,0,0,0,1,0,17,34.2,3.8,2.0,4.0,0.0,0.02,0.02,2.06,1,48
2025-26,25,60,Ben Broggio,MID,Aston Villa,2,4,0,2026-02-07T15:00:00Z,0,0,0,0,0,0,0,0,0.0,0.0,0.0,0.0,0.0,0.0,0.0,0.0,0,44
2025-26,25,61,Leander Dendoncker,MID,Aston Villa,2,4,0,2026-02-07T15:00:00Z,0,0,0,0,0,0,0,0,0.0,0.0,0.0,0.0,0.0,0.0,0.0,0.0,0,45
2025-26,25,62,Jamaldeen Jimoh-Aloba,MID,Aston Villa,2,4,0,2026-02-07T15:00:00Z,0,0,0,0,0,0,0,0,0.0,0.0,0.0,0.0,0.0,0.0,0.0,0.0,0,45
2025-26,25,63,Kadan Young,MID,Aston Villa,2,4,0,2026-02-07T15:00:00Z,0,0,0,0,0,0,0,0,0.0,0.0,0.0,0.0,0.0,0.0,0.0,0.0,0,43
2025-26,25,64,Ollie Watkins,FWD,Aston Villa,2,4,0,2026-02-07T15:00:00Z,85,2,0,0,0,1,0,0,0.0,3.2,17.0,2.0,0.05,0.03,0.08,1.71,1,87
2025-26,25,65,Zépiqueno Redmond,FWD,Aston Villa,2,4,0,2026-02-07T15:00:00Z,0,0,0,0,0,0,0,0,0.0,0.0,0.0,0.0,0.0,0.0,0.0,0.0,0,45
2025-26,25,66,Norberto Murara Neto,GK,Bournemouth,4,2,1,2026-02-07T15:00:00Z,0,0,0,0,0,0,0,0,0.0,0.0,0.0,0.0,0.0,0.0,0.0,0.0,0,45
2025-26,25,67,Đorđe Petrović,GK,Bournemouth,4,2,1,2026-02-07T15:00:00Z,90,3,0,0,0,1,0,12,24.0,0.0,0.0,2.4,0.0,0.0,0.0,0.44,1,45
2025-26,25,68,Will Dennis,GK,Bournemouth,4,2,1,2026-02-07T15:00:00Z,0,0,0,0,0,0,0,0,0.0,0.0,0.0,0.0,0.0,0.0,0.0,0.0,0,40
2025-26,25,69,Callan McKenna,GK,Bournemouth,4,2,1,2026-02-07T15:00:00Z,0,0,0,0,0,0,0,0,0.0,0.0,0.0,0.0,0.0,0.0,0.0,0.0,0,39
2025-26,25,70,Alex Paulsen,GK,Bournemouth,4,2,1,2026-02-07T15:00:00Z,0,0,0,0,0,0,0,0,0.0,0.0,0.0,0.0,0.0,0.0,0.0,0.0,0,40
2025-26,25,71,Illia Zabarnyi,DEF,Bournemouth,4,2,1,2026-02-07T15:00:00Z,0,0,0,0,0,0,0,0,0.0,0.0,0.0,0.0,0.0,0.0,0.0,0.0,0,50
2025-26,25,72,Marcos Senesi Barón,DEF,Bournemouth,4,2,1,2026-02-07T15:00:00Z,90,2,0,0,0,1,0,14,18.2,14.8,24.0,5.7,0.24,0.25,0.49,0.44,1,48
2025-26,25,73,Adam Smith,DEF,Bournemouth,4,2,1,2026-02-07T15:00:00Z,4,1,0,0,0,0,0,3,0.0,0.0,0.0,0.0,0.0,0.0,0.0,0.0,0,44
2025-26,25,74,Adrien Truffert,DEF,Bournemouth,4,2,1,2026-02-07T15:00:00Z,90,2,0,0,0,1,0,7,11.0,3.1,2.0,1.6,0.0,0.01,0.01,0.44,1,45
2025-26,25,75,Matai Akinmboni,DEF,Bournemouth,4,2,1,2026-02-07T15:00:00Z,0,0,0,0,0,0,0,0,0.0,0.0,0.0,0.0,0.0,0.0,0.0,0.0,0,38
2025-26,25,76,Owen Bevan,DEF,Bournemouth,4,2,1,2026-02-07T15:00:00Z,0,0,0,0,0,0,0,0,0.0,0.0,0.0,0.0,0.0,0.0,0.0,0.0,0,38
2025-26,25,77,James Hill,DEF,Bournemouth,4,2,1,2026-02-07T15:00:00Z,90,7,0,1,0,1,0,24,41.4,13.3,0.0,5.5,0.0,0.06,0.06,0.44,1,39
2025-26,25,78,Julián Araujo Zúñiga,DEF,Bournemouth,4,2,1,2026-02-07T15:00:00Z,0,0,0,0,0,0,0,0,0.0,0.0,0.0,0.0,0.0,0.0,0.0,0.0,0,38
2025-26,25,79,Chris Mepham,DEF,Bournemouth,4,2,1,2026-02-07T15:00:00Z,0,0,0,0,0,0,0,0,0.0,0.0,0.0,0.0,0.0,0.0,0.0,0.0,0,40
2025-26,25,80,Julio Soler Barreto,DEF,Bournemouth,4,2,1,2026-02-07T15:00:00Z,0,0,0,0,0,0,0,0,0.0,0.0,0.0,0.0,0.0,0.0,0.0,0.0,0,40
2025-26,25,81,Justin Kluivert,MID,Bournemouth,4,2,1,2026-02-07T15:00:00Z,0,0,0,0,0,0,0,0,0.0,0.0,0.0,0.0,0.0,0.0,0.0,0.0,0,70
2025-26,25,82,Antoine Semenyo,MID,Man City,13,12,0,2026-02-08T16:30:00Z,90,2,0,0,0,1,0,4,1.2,19.3,17.0,3.8,0.17,0.01,0.18,1.18,1,78
2025-26,25,83,Dango Ouattara,MID,Brentford,5,15,0,2026-02-07T17:30:00Z,90,12,1,1,0,2,2,40,54.8,27.3,33.0,11.5,0.22,0.31,0.53,2.24,1,58
2025-26,25,84,Marcus Tavernier,MID,Bournemouth,4,2,1,2026-02-07T15:00:00Z,0,0,0,0,0,0,0,0,0.0,0.0,0.0,0.0,0.0,0.0,0.0,0.0,0,54
2025-26,25,85,Tyler Adams,MID,Bournemouth,4,2,1,2026-02-07T15:00:00Z,0,0,0,0,0,0,0,0,0.0,0.0,0.0,0.0,0.0,0.0,0.0,0.0,0,49
2025-26,25,86,David Brooks,MID,Bournemouth,4,2,1,2026-02-07T15:00:00Z,3,1,0,0,0,0,0,3,0.0,0.3,2.0,0.2,0.0,0.01,0.01,0.0,0,50
2025-26,25,87,Ryan Christie,MID,Bournemouth,4,2,1,2026-02-07T15:00:00Z,25,1,0,0,0,0,0,7,8.8,2.2,26.0,3.7,0.26,0.0,0.26,0.02,0,49
2025-26,25,88,Lewis Cook,MID,Bournemouth,4,2,1,2026-02-07T15:00:00Z,90,4,0,0,0,1,0,21,18.4,34.5,0.0,5.3,0.0,0.2,0.2,0.44,1,49
2025-26,25,89,Philip Billing,MID,Bournemouth,4,2,1,2026-02-07T15:00:00Z,0,0,0,0,0,0,0,0,0.0,0.0,0.0,0.0,0.0,0.0,0.0,0.0,0,49
2025-26,25,90,Alex Scott,MID,Bournemouth,4,2,1,2026-02-07T15:00:00Z,90,2,0,0,0,1,0,16,16.0,19.0,15.0,5.0,0.15,0.01,0.16,0.44,1,50
2025-26,25,91,Luis Sinisterra Lucumí,MID,Bournemouth,4,2,1,2026-02-07T15:00:00Z,0,0,0,0,0,0,0,0,0.0,0.0,0.0,0.0,0.0,0.0,0.0,0.0,0,50
2025-26,25,92,Romain Faivre,MID,Bournemouth,4,2,1,2026-02-07T15:00:00Z,0,0,0,0,0,0,0,0,0.0,0.0,0.0,0.0,0.0,0.0,0.0,0.0,0,45
2025-26,25,93,Hamed Traorè,MID,Bournemouth,4,2,1,2026-02-07T15:00:00Z,0,0,0,0,0,0,0,0,0.0,0.0,0.0,0.0,0.0,0.0,0.0,0.0,0,45
2025-26,25,94,Dominic Sadi,MID,Bournemouth,4,2,1,2026-02-07T15:00:00Z,0,0,0,0,0,0,0,0,0.0,0.0,0.0,0.0,0.0,0.0,0.0,0.0,0,45
2025-26,25,95,Zain Silcott-Duberry,MID,Bournemouth,4,2,1,2026-02-07T15:00:00Z,0,0,0,0,0,0,0,0,0.0,0.0,0.0,0.0,0.0,0.0,0.0,0.0,0,44
2025-26,25,96,Ben Winterburn,MID,Bournemouth,4,2,1,2026-02-07T15:00:00Z,0,0,0,0,0,0,0,0,0.0,0.0,0.0,0.0,0.0,0.0,0.0,0.0,0,45
2025-26,25,97,Francisco Evanilson de Lima Barbosa,FWD,Bournemouth,4,2,1,2026-02-07T15:00:00Z,89,2,0,0,0,1,0,4,7.2,35.9,64.0,10.7,0.57,0.11,0.68,0.44,1,71
2025-26,25,98,Enes Ünal,FWD,Bournemouth,4,2,1,2026-02-07T15:00:00Z,1,1,0,0,0,0,0,3,0.2,0.3,0.0,0.1,0.0,0.0,0.0,0.0,0,54
2025-26,25,99,Daniel Adu-Adjei,FWD,Bournemouth,4,2,1,2026-02-07T15:00:00Z,0,0,0,0,0,0,0,0,0.0,0.0,0.0,0.0,0.0,0.0,0.0,0.0,0,44
2025-26,25,100,Junior Kroupi,FWD,Bournemouth,4,2,1,2026-02-07T15:00:00Z,64,2,0,0,0,1,0,7,7.2,12.3,19.0,3.9,0.64,0.02,0.66,0.42,1,47
2025-26,25,101,Caoimhín Kelleher,GK,Brentford,5,15,0,2026-02-07T17:30:00Z,90,1,0,0,0,2,0,3,8.2,0.0,0.0,0.8,0.0,0.0,0.0,2.24,1,46
2025-26,25,102,Ellery Balcombe,GK,Brentford,5,15,0,2026-02-07T17:30:00Z,0,0,0,0,0,0,0,0,0.0,0.0,0.0,0.0,0.0,0.0,0.0,0.0,0,39
2025-26,25,103,Matthew Cox,GK,Brentford,5,15,0,2026-02-07T17:30:00Z,0,0,0,0,0,0,0,0,0.0,0.0,0.0,0.0,0.0,0.0,0.0,0.0,0,39
2025-26,25,104,Julian Eyestone,GK,Brentford,5,15,0,2026-02-07T17:30:00Z,0,0,0,0,0,0,0,0,0.0,0.0,0.0,0.0,0.0,0.0,0.0,0.0,0,39
2025-26,25,105,Hákon Rafn Valdimarsson,GK,Brentford,5,15,0,2026-02-07T17:30:00Z,0,0,0,0,0,0,0,0,0.0,0.0,0.0,0.0,0.0,0.0,0.0,0.0,0,39
2025-26,25,106,Nathan Collins,DEF,Brentford,5,15,0,2026-02-07T17:30:00Z,0,0,0,0,0,0,0,0,0.0,0.0,0.0,0.0,0.0,0.0,0.0,0.0,0,50
2025-26,25,107,Keane Lewis-Potter,DEF,Brentford,5,15,0,2026-02-07T17:30:00Z,79,1,0,0,0,2,0,3,2.2,1.1,15.0,1.8,0.1,0.02,0.12,2.01,1,49
2025-26,25,108,Kristoffer Ajer,DEF,Brentford,5,15,0,2026-02-07T17:30:00Z,90,3,0,0,0,2,0,9,23.4,0.8,4.0,2.8,0.0,0.01,0.01,2.24,1,44
2025-26,25,109,Rico Henry,DEF,Brentford,5,15,0,2026-02-07T17:30:00Z,90,1,0,0,0,2,0,-1,4.8,11.8,0.0,1.7,0.0,0.01,0.01,2.24,1,43
2025-26,25,110,Michael Kayode,DEF,Brentford,5,15,0,2026-02-07T17:30:00Z,90,1,0,0,0,2,0,3,6.0,5.5,0.0,1.2,0.0,0.03,0.03,2.24,1,45
2025-26,25,111,Ethan Pinnock,DEF,Brentford,5,15,0,2026-02-07T17:30:00Z,0,0,0,0,0,0,0,0,0.0,0.0,0.0,0.0,0.0,0.0,0.0,0.0,0,42
2025-26,25,112,Mads Roerslev Rasmussen,DEF,Brentford,5,15,0,2026-02-07T17:30:00Z,0,0,0,0,0,0,0,0,0.0,0.0,0.0,0.0,0.0,0.0,0.0,0.0,0,45
2025-26,25,113,Sepp van den Berg,DEF,Brentford,5,15,0,2026-02-07T17:30:00Z,90,1,0,0,0,2,0,4,12.8,0.8,0.0,1.4,0.0,0.0,0.0,2.24,1,45
2025-26,25,114,Benjamin Arthur,DEF,Brentford,5,15,0,2026-02-07T17:30:00Z,0,0,0,0,0,0,0,0,0.0,0.0,0.0,0.0,0.0,0.0,0.0,0.0,0,38
2025-26,25,115,Benjamin Fredrick,DEF,Brentford,5,15,0,2026-02-07T17:30:00Z,0,0,0,0,0,0,0,0,0.0,0.0,0.0,0.0,0.0,0.0,0.0,0.0,0,40
2025-26,25,116,Aaron Hickey,DEF,Brentford,5,15,0,2026-02-07T17:30:00Z,0,0,0,0,0,0,0,0,0.0,0.0,0.0,0.0,0.0,0.0,0.0,0.0,0,40
2025-26,25,117,Kim Ji-soo,DEF,Brentford,5,15,0,2026-02-07T17:30:00Z,0,0,0,0,0,0,0,0,0.0,0.0,0.0,0.0,0.0,0.0,0.0,0.0,0,39
2025-26,25,118,Jayden Meghoma,DEF,Brentford,5,15,0,2026-02-07T17:30:00Z,0,0,0,0,0,0,0,0,0.0,0.0,0.0,0.0,0.0,0.0,0.0,0.0,0,40
2025-26,25,119,Bryan Mbeumo,MID,Man Utd,14,18,1,2026-02-07T12:30:00Z,86,8,1,0,1,0,0,29,31.0,10.5,31.0,7.3,0.26,0.04,0.3,0.47,1,85
2025-26,25,120,Kevin Schade,MID,Brentford,5,15,0,2026-02-07T17:30:00Z,0,0,0,0,0,0,0,0,0.0,0.0,0.0,0.0,0.0,0.0,0.0,0.0,0,70
2025-26,25,121,Mikkel Damsgaard,MID,Brentford,5,15,0,2026-02-07T17:30:00Z,3,1,0,0,0,0,0,7,3.0,11.3,0.0,1.4,0.0,0.03,0.03,0.18,0,56
2025-26,25,122,Antoni Milambo,MID,Brentford,5,15,0,2026-02-07T17:30:00Z,0,0,0,0,0,0,0,0,0.0,0.0,0.0,0.0,0.0,0.0,0.0,0.0,0,52
2025-26,25,123,Fábio Freitas Gouveia Carvalho,MID,Brentford,5,15,0,2026-02-07T17:30:00Z,0,0,0,0,0,0,0,0,0.0,0.0,0.0,0.0,0.0,0.0,0.0,0.0,0,47
2025-26,25,124,Jordan Henderson,MID,Brentford,5,15,0,2026-02-07T17:30:00Z,55,1,0,0,0,1,0,8,4.8,1.3,0.0,0.6,0.0,0.01,0.01,1.08,1,50
2025-26,25,125,Vitaly Janelt,MID,Brentford,5,15,0,2026-02-07T17:30:00Z,90,9,1,0,0,2,3,44,48.2,24.4,19.0,9.2,0.18,0.03,0.21,2.24,1,49
2025-26,25,126,Mathias Jensen,MID,Brentford,5,15,0,2026-02-07T17:30:00Z,86,8,0,2,0,2,0,29,22.0,13.3,17.0,5.2,0.48,0.22,0.7,2.07,1,49
2025-26,25,127,Gustavo Nunes Fernandes Gomes,MID,Brentford,5,15,0,2026-02-07T17:30:00Z,0,0,0,0,0,0,0,0,0.0,0.0,0.0,0.0,0.0,0.0,0.0,0.0,0,49
2025-26,25,128,Frank Onyeka,MID,Brentford,5,15,0,2026-02-07T17:30:00Z,0,0,0,0,0,0,0,0,0.0,0.0,0.0,0.0,0.0,0.0,0.0,0.0,0,48
2025-26,25,129,Yehor Yarmoliuk,MID,Brentford,5,15,0,2026-02-07T17:30:00Z,34,1,0,0,0,1,0,6,14.0,0.4,0.0,1.4,0.0,0.0,0.0,1.17,0,50
2025-26,25,130,Romelle Donovan,MID,Brentford,5,15,0,2026-02-07T17:30:00Z,10,1,0,0,0,0,0,6,2.0,0.4,9.0,1.1,0.02,0.0,0.02,0.24,0,44
2025-26,25,131,Yunus Emre Konak,MID,Brentford,5,15,0,2026-02-07T17:30:00Z,0,0,0,0,0,0,0,0,0.0,0.0,0.0,0.0,0.0,0.0,0.0,0.0,0,43
2025-26,25,132,Paris Maghoma,MID,Brentford,5,15,0,2026-02-07T17:30:00Z,0,0,0,0,0,0,0,0,0.0,0.0,0.0,0.0,0.0,0.0,0.0,0.0,0,45
2025-26,25,133,Myles Peart-Harris,MID,Brentford,5,15,0,2026-02-07T17:30:00Z,0,0,0,0,0,0,0,0,0.0,0.0,0.0,0.0,0.0,0.0,0.0,0.0,0,44
2025-26,25,134,Ryan Trevitt,MID,Brentford,5,15,0,2026-02-07T17:30:00Z,0,0,0,0,0,0,0,0,0.0,0.0,0.0,0.0,0.0,0.0,0.0,0.0,0,45
2025-26,25,135,Yoane Wissa,FWD,Newcastle,15,5,1,2026-02-07T17:30:00Z,64,2,0,0,0,2,0,3,7.4,0.8,9.0,1.7,0.32,0.13,0.45,1.54,1,73
2025-26,25,136,Igor Thiago Nascimento Rodrigues,FWD,Brentford,5,15,0,2026-02-07T17:30:00Z,90,5,1,0,0,2,0,18,35.4,14.8,17.0,6.7,0.79,0.04,0.83,2.24,1,71
2025-26,25,137,Iwan Morgan,FWD,Brentford,5,15,0,2026-02-07T17:30:00Z,0,0,0,0,0,0,0,0,0.0,0.0,0.0,0.0,0.0,0.0,0.0,0.0,0,44
2025-26,25,138,Jason Steele,GK,Brighton,6,8,1,2026-02-08T14:00:00Z,0,0,0,0,0,0,0,0,0.0,0.0,0.0,0.0,0.0,0.0,0.0,0.0,0,42
2025-26,25,139,Bart Verbruggen,GK,Brighton,6,8,1,2026-02-08T14:00:00Z,90,3,0,0,0,1,0,15,29.8,0.0,0.0,3.0,0.0,0.0,0.0,1.16,1,45
2025-26,25,140,Tom McGill,GK,Brighton,6,8,1,2026-02-08T14:00:00Z,0,0,0,0,0,0,0,0,0.0,0.0,0.0,0.0,0.0,0.0,0.0,0.0,0,39
2025-26,25,141,Carl Rushworth,GK,Brighton,6,8,1,2026-02-08T14:00:00Z,0,0,0,0,0,0,0,0,0.0,0.0,0.0,0.0,0.0,0.0,0.0,0.0,0,40
2025-26,25,142,Kjell Scherpen,GK,Brighton,6,8,1,2026-02-08T14:00:00Z,0,0,0,0,0,0,0,0,0.0,0.0,0.0,0.0,0.0,0.0,0.0,0.0,0,40
2025-26,25,143,Olivier Boscagli,DEF,Brighton,6,8,1,2026-02-08T14:00:00Z,90,4,0,0,0,1,0,16,28.2,1.0,0.0,2.9,0.0,0.05,0.05,1.16,1,42
2025-26,25,144,Diego Coppola,DEF,Brighton,6,8,1,2026-02-08T14:00:00Z,0,0,0,0,0,0,0,0,0.0,0.0,0.0,0.0,0.0,0.0,0.0,0.0,0,42
2025-26,25,145,Maxim De Cuyper,DEF,Brighton,6,8,1,2026-02-08T14:00:00Z,70,2,0,0,0,1,0,6,7.0,2.3,12.0,2.1,0.21,0.01,0.22,0.79,1,43
2025-26,25,146,Lewis Dunk,DEF,Brighton,6,8,1,2026-02-08T14:00:00Z,90,4,0,0,0,1,0,11,27.0,0.8,13.0,4.1,0.29,0.02,0.31,1.16,1,45
2025-26,25,147,Pervis Estupiñán Tenorio,DEF,Brighton,6,8,1,2026-02-08T14:00:00Z,0,0,0,0,0,0,0,0,0.0,0.0,0.0,0.0,0.0,0.0,0.0,0.0,0,45
2025-26,25,148,Ferdi Kadıoğlu,DEF,Brighton,6,8,1,2026-02-08T14:00:00Z,90,2,0,0,0,1,0,8,10.4,4.5,4.0,1.9,0.0,0.02,0.02,1.16,1,44
2025-26,25,149,Igor Julio dos Santos de Paulo,DEF,Brighton,6,8,1,2026-02-08T14:00:00Z,0,0,0,0,0,0,0,0,0.0,0.0,0.0,0.0,0.0,0.0,0.0,0.0,0,45
2025-26,25,150,Tariq Lamptey,DEF,Brighton,6,8,1,2026-02-08T14:00:00Z,0,0,0,0,0,0,0,0,0.0,0.0,0.0,0.0,0.0,0.0,0.0,0.0,0,44
2025-26,25,151,Jan Paul van Hecke,DEF,Brighton,6,8,1,2026-02-08T14:00:00Z,0,0,0,0,0,0,0,0,0.0,0.0,0.0,0.0,0.0,0.0,0.0,0.0,0,45
2025-26,25,152,Joël Veltman,DEF,Brighton,6,8,1,2026-02-08T14:00:00Z,0,0,0,0,0,0,0,0,0.0,0.0,0.0,0.0,0.0,0.0,0.0,0.0,0,43
2025-26,25,153,Adam Webster,DEF,Brighton,6,8,1,2026-02-08T14:00:00Z,0,0,0,0,0,0,0,0,0.0,0.0,0.0,0.0,0.0,0.0,0.0,0.0,0,44
2025-26,25,154,Eiran Cashin,DEF,Brighton,6,8,1,2026-02-08T14:00:00Z,0,0,0,0,0,0,0,0,0.0,0.0,0.0,0.0,0.0,0.0,0.0,0.0,0,40
2025-26,25,155,Jacob Slater,DEF,Brighton,6,8,1,2026-02-08T14:00:00Z,0,0,0,0,0,0,0,0,0.0,0.0,0.0,0.0,0.0,0.0,0.0,0.0,0,40
2025-26,25,156,Charlie Tasker,DEF,Brighton,6,8,1,2026-02-08T14:00:00Z,0,0,0,0,0,0,0,0,0.0,0.0,0.0,0.0,0.0,0.0,0.0,0.0,0,38
2025-26,25,157,Mitoma Kaoru,MID,Brighton,6,8,1,2026-02-08T14:00:00Z,90,2,0,0,0,1,0,4,7.6,17.5,4.0,2.9,0.0,0.14,0.14,1.16,1,61
2025-26,25,158,Georginio Rutter,MID,Brighton,6,8,1,2026-02-08T14:00:00Z,81,2,0,0,0,1,0,0,0.0,2.3,8.0,1.0,0.03,0.0,0.03,0.95,1,56
2025-26,25,159,Solly March,MID,Brighton,6,8,1,2026-02-08T14:00:00Z,0,0,0,0,0,0,0,0,0.0,0.0,0.0,0.0,0.0,0.0,0.0,0.0,0,58
2025-26,25,160,Yankuba Minteh,MID,Brighton,6,8,1,2026-02-08T14:00:00Z,19,1,0,0,0,0,0,2,0.2,0.2,0.0,0.0,0.0,0.0,0.0,0.37,0,57
2025-26,25,161,Julio Enciso Espínola,MID,Brighton,6,8,1,2026-02-08T14:00:00Z,0,0,0,0,0,0,0,0,0.0,0.0,0.0,0.0,0.0,0.0,0.0,0.0,0,54
2025-26,25,162,Brajan Gruda,MID,Brighton,6,8,1,2026-02-08T14:00:00Z,0,0,0,0,0,0,0,0,0.0,0.0,0.0,0.0,0.0,0.0,0.0,0.0,0,54
2025-26,25,163,Jack Hinshelwood,MID,Brighton,6,8,1,2026-02-08T14:00:00Z,8,1,0,0,0,0,0,3,1.6,1.6,0.0,0.3,0.0,0.0,0.0,0.21,0,51
2025-26,25,164,Matt O'Riley,MID,Brighton,6,8,1,2026-02-08T14:00:00Z,8,1,0,0,0,0,0,4,0.8,0.8,0.0,0.2,0.0,0.01,0.01,0.21,0,55
2025-26,25,165,Abdallah Sima,MID,Brighton,6,8,1,2026-02-08T14:00:00Z,0,0,0,0,0,0,0,0,0.0,0.0,0.0,0.0,0.0,0.0,0.0,0.0,0,54
2025-26,25,166,Yasin Ayari,MID,Brighton,6,8,1,2026-02-08T14:00:00Z,0,0,0,0,0,0,0,0,0.0,0.0,0.0,0.0,0.0,0.0,0.0,0.0,0,48
2025-26,25,167,Carlos Baleba,MID,Brighton,6,8,1,2026-02-08T14:00:00Z,70,2,0,0,0,1,0,11,6.4,11.7,0.0,1.8,0.0,0.01,0.01,0.79,1,45
2025-26,25,168,Facundo Buonanotte,MID,Leeds,11,16,1,2026-02-06T20:00:00Z,0,0,0,0,0,0,0,0,0.0,0.0,0.0,0.0,0.0,0.0,0.0,0.0,0,46
2025-26,25,169,Diego Gómez Amarilla,MID,Brighton,6,8,1,2026-02-08T14:00:00Z,19,0,0,0,0,0,0,0,1.4,0.2,0.0,0.2,0.0,0.0,0.0,0.37,0,49
2025-26,25,170,James Milner,MID,Brighton,6,8,1,2026-02-08T14:00:00Z,0,0,0,0,0,0,0,0,0.0,0.0,0.0,0.0,0.0,0.0,0.0,0.0,0,49
2025-26,25,171,Jeremy Sarmiento Morante,MID,Brighton,6,8,1,2026-02-08T14:00:00Z,0,0,0,0,0,0,0,0,0.0,0.0,0.0,0.0,0.0,0.0,0.0,0.0,0,49
2025-26,25,172,Tom Watson,MID,Brighton,6,8,1,2026-02-08T14:00:00Z,0,0,0,0,0,0,0,0,0.0,0.0,0.0,0.0,0.0,0.0,0.0,0.0,0,48
2025-26,25,173,Mats Wieffer,MID,Brighton,6,8,1,2026-02-08T14:00:00Z,0,0,0,0,0,0,0,0,0.0,0.0,0.0,0.0,0.0,0.0,0.0,0.0,0,49
2025-26,25,174,Malick Yalcouyé,MID,Brighton,6,8,1,2026-02-08T14:00:00Z,0,0,0,0,0,0,0,0,0.0,0.0,0.0,0.0,0.0,0.0,0.0,0.0,0,50
2025-26,25,175,Joe Knight,MID,Brighton,6,8,1,2026-02-08T14:00:00Z,0,0,0,0,0,0,0,0,0.0,0.0,0.0,0.0,0.0,0.0,0.0,0.0,0,44
2025-26,25,176,Adrian Mazilu,MID,Brighton,6,8,1,2026-02-08T14:00:00Z,0,0,0,0,0,0,0,0,0.0,0.0,0.0,0.0,0.0,0.0,0.0,0.0,0,45
2025-26,25,177,Andrew Moran,MID,Brighton,6,8,1,2026-02-08T14:00:00Z,0,0,0,0,0,0,0,0,0.0,0.0,0.0,0.0,0.0,0.0,0.0,0.0,0,45
2025-26,25,178,Danny Welbeck,FWD,Brighton,6,8,1,2026-02-08T14:00:00Z,19,1,0,0,0,0,0,5,4.0,1.0,0.0,0.5,0.0,0.0,0.0,0.37,0,62
2025-26,25,179,Evan Ferguson,FWD,Brighton,6,8,1,2026-02-08T14:00:00Z,0,0,0,0,0,0,0,0,0.0,0.0,0.0,0.0,0.0,0.0,0.0,0.0,0,55
2025-26,25,180,Stefanos Tzimas,FWD,Brighton,6,8,1,2026-02-08T14:00:00Z,0,0,0,0,0,0,0,0,0.0,0.0,0.0,0.0,0.0,0.0,0.0,0.0,0,52
2025-26,25,181,Charalampos Kostoulas,FWD,Brighton,6,8,1,2026-02-08T14:00:00Z,81,2,0,0,0,1,0,5,11.2,6.6,25.0,4.3,0.33,0.01,0.34,0.95,1,48
2025-26,25,182,James Trafford,GK,Man City,13,12,0,2026-02-08T16:30:00Z,0,0,0,0,0,0,0,0,0.0,0.0,0.0,0.0,0.0,0.0,0.0,0.0,0,45
2025-26,25,183,Max Weiß,GK,Burnley,3,19,1,2026-02-07T15:00:00Z,0,0,0,0,0,0,0,0,0.0,0.0,0.0,0.0,0.0,0.0,0.0,0.0,0,43
2025-26,25,184,Etienne Green,GK,Burnley,3,19,1,2026-02-07T15:00:00Z,0,0,0,0,0,0,0,0,0.0,0.0,0.0,0.0,0.0,0.0,0.0,0.0,0,40
2025-26,25,185,Václav Hladký,GK,Burnley,3,19,1,2026-02-07T15:00:00Z,0,0,0,0,0,0,0,0,0.0,0.0,0.0,0.0,0.0,0.0,0.0,0.0,0,39
2025-26,25,186,Connor Roberts,DEF,Burnley,3,19,1,2026-02-07T15:00:00Z,0,0,0,0,0,0,0,0,0.0,0.0,0.0,0.0,0.0,0.0,0.0,0.0,0,44
2025-26,25,187,Kyle Walker,DEF,Burnley,3,19,1,2026-02-07T15:00:00Z,90,1,0,0,0,2,0,6,10.8,3.3,0.0,1.4,0.0,0.02,0.02,1.02,1,44
2025-26,25,188,Hannes Delcroix,DEF,Burnley,3,19,1,2026-02-07T15:00:00Z,0,0,0,0,0,0,0,0,0.0,0.0,0.0,0.0,0.0,0.0,0.0,0.0,0,38
2025-26,25,189,Owen Dodgson,DEF,Burnley,3,19,1,2026-02-07T15:00:00Z,0,0,0,0,0,0,0,0,0.0,0.0,0.0,0.0,0.0,0.0,0.0,0.0,0,40
2025-26,25,190,Hjalmar Ekdal,DEF,Burnley,3,19,1,2026-02-07T15:00:00Z,0,0,0,0,0,0,0,0,0.0,0.0,0.0,0.0,0.0,0.0,0.0,0.0,0,39
2025-26,25,191,Maxime Estève,DEF,Burnley,3,19,1,2026-02-07T15:00:00Z,90,1,0,0,0,2,0,8,24.2,12.0,2.0,3.8,0.0,0.01,0.01,1.02,1,39
2025-26,25,192,Quilindschy Hartman,DEF,Burnley,3,19,1,2026-02-07T15:00:00Z,0,0,0,0,0,0,0,0,0.0,0.0,0.0,0.0,0.0,0.0,0.0,0.0,0,40
2025-26,25,193,Bashir Humphreys,DEF,Burnley,3,19,1,2026-02-07T15:00:00Z,90,0,0,0,0,2,0,11,18.8,41.3,3.0,6.3,0.02,0.35,0.37,1.02,1,39
2025-26,25,194,Jordan Beyer,DEF,Burnley,3,19,1,2026-02-07T15:00:00Z,0,0,0,0,0,0,0,0,0.0,0.0,0.0,0.0,0.0,0.0,0.0,0.0,0,39
2025-26,25,195,Lucas Pires Silva,DEF,Burnley,3,19,1,2026-02-07T15:00:00Z,90,1,0,0,0,2,0,15,26.0,65.9,0.0,9.2,0.0,0.22,0.22,1.02,1,38
2025-26,25,196,Shurandy Sambo,DEF,Burnley,3,19,1,2026-02-07T15:00:00Z,0,0,0,0,0,0,0,0,0.0,0.0,0.0,0.0,0.0,0.0,0.0,0.0,0,40
2025-26,25,197,Oliver Sonne,DEF,Burnley,3,19,1,2026-02-07T15:00:00Z,0,0,0,0,0,0,0,0,0.0,0.0,0.0,0.0,0.0,0.0,0.0,0.0,0,38
2025-26,25,198,Axel Tuanzebe,DEF,Burnley,3,19,1,2026-02-07T15:00:00Z,0,0,0,0,0,0,0,0,0.0,0.0,0.0,0.0,0.0,0.0,0.0,0.0,0,39
2025-26,25,199,Joe Worrall,DEF,Burnley,3,19,1,2026-02-07T15:00:00Z,0,0,0,0,0,0,0,0,0.0,0.0,0.0,0.0,0.0,0.0,0.0,0.0,0,38
2025-26,25,200,Jaidon Anthony,MID,Burnley,3,19,1,2026-02-07T15:00:00Z,65,2,0,0,0,2,0,11,10.0,17.4,19.0,4.6,0.11,0.03,0.14,0.99,1,50
2025-26,25,201,Manuel Benson Hedilazio,MID,Burnley,3,19,1,2026-02-07T15:00:00Z,0,0,0,0,0,0,0,0,0.0,0.0,0.0,0.0,0.0,0.0,0.0,0.0,0,54
2025-26,25,202,Jacob Bruun Larsen,MID,Burnley,3,19,1,2026-02-07T15:00:00Z,24,1,0,0,0,0,0,2,1.4,2.2,0.0,0.4,0.0,0.01,0.01,0.03,0,53
2025-26,25,203,Enock Agyei,MID,Burnley,3,19,1,2026-02-07T15:00:00Z,0,0,0,0,0,0,0,0,0.0,0.0,0.0,0.0,0.0,0.0,0.0,0.0,0,47
2025-26,25,204,Darko Churlinov,MID,Burnley,3,19,1,2026-02-07T15:00:00Z,0,0,0,0,0,0,0,0,0.0,0.0,0.0,0.0,0.0,0.0,0.0,0.0,0,49
2025-26,25,205,Josh Cullen,MID,Burnley,3,19,1,2026-02-07T15:00:00Z,0,0,0,0,0,0,0,0,0.0,0.0,0.0,0.0,0.0,0.0,0.0,0.0,0,49
2025-26,25,206,Marcus Edwards,MID,Burnley,3,19,1,2026-02-07T15:00:00Z,66,2,0,0,0,2,0,3,3.0,3.8,35.0,4.2,0.42,0.04,0.46,0.99,1,47
2025-26,25,207,Hannibal Mejbri,MID,Burnley,3,19,1,2026-02-07T15:00:00Z,90,2,0,0,0,2,0,18,13.2,34.7,2.0,5.0,0.02,0.24,0.26,1.02,1,47
2025-26,25,208,Luca Koleosho,MID,Burnley,3,19,1,2026-02-07T15:00:00Z,0,0,0,0,0,0,0,0,0.0,0.0,0.0,0.0,0.0,0.0,0.0,0.0,0,50
2025-26,25,209,Josh Laurent,MID,Burnley,3,19,1,2026-02-07T15:00:00Z,45,0,0,0,0,0,0,2,5.6,7.8,4.0,1.7,0.02,0.03,0.05,0.12,0,48
2025-26,25,210,Loum Tchaouna,MID,Burnley,3,19,1,2026-02-07T15:00:00Z,23,1,0,0,0,0,0,0,2.4,1.2,0.0,0.4,0.0,0.01,0.01,0.03,0,49
2025-26,25,211,Aaron Ramsey,MID,Burnley,3,19,1,2026-02-07T15:00:00Z,0,0,0,0,0,0,0,0,0.0,0.0,0.0,0.0,0.0,0.0,0.0,0.0,0,44
2025-26,25,212,Oluwaseun Adewumi,MID,Burnley,3,19,1,2026-02-07T15:00:00Z,0,0,0,0,0,0,0,0,0.0,0.0,0.0,0.0,0.0,0.0,0.0,0.0,0,45
2025-26,25,213,Jaydon Banel,MID,Burnley,3,19,1,2026-02-07T15:00:00Z,0,0,0,0,0,0,0,0,0.0,0.0,0.0,0.0,0.0,0.0,0.0,0.0,0,45
2025-26,25,214,Mike Trésor Ndayishimiye,MID,Burnley,3,19,1,2026-02-07T15:00:00Z,0,0,0,0,0,0,0,0,0.0,0.0,0.0,0.0,0.0,0.0,0.0,0.0,0,44
2025-26,25,215,Zian Flemming,FWD,Burnley,3,19,1,2026-02-07T15:00:00Z,66,2,0,0,0,2,0,7,3.2,5.5,72.0,8.1,0.62,0.02,0.64,0.99,1,53
2025-26,25,216,Zeki Amdouni,FWD,Burnley,3,19,1,2026-02-07T15:00:00Z,0,0,0,0,0,0,0,0,0.0,0.0,0.0,0.0,0.0,0.0,0.0,0.0,0,48
2025-26,25,217,Lyle Foster,FWD,Burnley,3,19,1,2026-02-07T15:00:00Z,23,1,0,0,0,0,0,3,3.4,1.2,0.0,0.5,0.0,0.01,0.01,0.03,0,49
2025-26,25,218,Ashley Barnes,FWD,Burnley,3,19,1,2026-02-07T15:00:00Z,0,0,0,0,0,0,0,0,0.0,0.0,0.0,0.0,0.0,0.0,0.0,0.0,0,42
2025-26,25,219,Michael Obafemi,FWD,Burnley,3,19,1,2026-02-07T15:00:00Z,0,0,0,0,0,0,0,0,0.0,0.0,0.0,0.0,0.0,0.0,0.0,0.0,0,44
2025-26,25,220,Robert Lynch Sánchez,GK,Chelsea,7,20,0,2026-02-07T15:00:00Z,90,2,0,0,0,1,0,16,22.2,0.0,0.0,2.2,0.0,0.0,0.0,1.06,1,49
2025-26,25,221,Filip Jörgensen,GK,Chelsea,7,20,0,2026-02-07T15:00:00Z,0,0,0,0,0,0,0,0,0.0,0.0,0.0,0.0,0.0,0.0,0.0,0.0,0,43
2025-26,25,222,Mike Penders,GK,Chelsea,7,20,0,2026-02-07T15:00:00Z,0,0,0,0,0,0,0,0,0.0,0.0,0.0,0.0,0.0,0.0,0.0,0.0,0,40
2025-26,25,223,Gabriel Słonina,GK,Chelsea,7,20,0,2026-02-07T15:00:00Z,0,0,0,0,0,0,0,0,0.0,0.0,0.0,0.0,0.0,0.0,0.0,0.0,0,39
2025-26,25,224,Marc Cucurella Saseta,DEF,Chelsea,7,20,0,2026-02-07T15:00:00Z,90,4,0,1,0,1,0,23,35.0,28.7,15.0,7.9,0.11,0.34,0.45,1.06,1,60
2025-26,25,225,Reece James,DEF,Chelsea,7,20,0,2026-02-07T15:00:00Z,0,0,0,0,0,0,0,0,0.0,0.0,0.0,0.0,0.0,0.0,0.0,0.0,0,57
2025-26,25,226,Trevoh Chalobah,DEF,Chelsea,7,20,0,2026-02-07T15:00:00Z,90,4,0,0,0,1,0,13,27.8,0.8,0.0,2.9,0.0,0.01,0.01,1.06,1,57
2025-26,25,227,Levi Samuels Colwill,DEF,Chelsea,7,20,0,2026-02-07T15:00:00Z,0,0,0,0,0,0,0,0,0.0,0.0,0.0,0.0,0.0,0.0,0.0,0.0,0,47
2025-26,25,228,Malo Gusto,DEF,Chelsea,7,20,0,2026-02-07T15:00:00Z,74,2,0,0,0,1,0,8,23.4,30.7,19.0,7.3,0.18,0.21,0.39,0.78,1,49
2025-26,25,229,Benoît Badiashile Mukinayi,DEF,Chelsea,7,20,0,2026-02-07T15:00:00Z,0,0,0,0,0,0,0,0,0.0,0.0,0.0,0.0,0.0,0.0,0.0,0.0,0,44
2025-26,25,230,Wesley Fofana,DEF,Chelsea,7,20,0,2026-02-07T15:00:00Z,90,2,0,0,0,1,0,13,24.0,1.3,0.0,2.5,0.0,0.01,0.01,1.06,1,44
2025-26,25,231,Mamadou Sarr,DEF,Chelsea,7,20,0,2026-02-07T15:00:00Z,0,0,0,0,0,0,0,0,0.0,0.0,0.0,0.0,0.0,0.0,0.0,0.0,0,45
2025-26,25,232,Tosin Adarabioyo,DEF,Chelsea,7,20,0,2026-02-07T15:00:00Z,0,0,0,0,0,0,0,0,0.0,0.0,0.0,0.0,0.0,0.0,0.0,0.0,0,40
2025-26,25,233,Josh Acheampong,DEF,Chelsea,7,20,0,2026-02-07T15:00:00Z,15,1,0,0,0,0,0,4,8.6,1.7,0.0,1.0,0.0,0.01,0.01,0.28,0,38
2025-26,25,234,Aarón Anselmino,DEF,Chelsea,7,20,0,2026-02-07T15:00:00Z,0,0,0,0,0,0,0,0,0.0,0.0,0.0,0.0,0.0,0.0,0.0,0.0,0,40
2025-26,25,235,Cole Palmer,MID,Chelsea,7,20,0,2026-02-07T15:00:00Z,60,20,3,0,0,1,3,59,101.4,3.4,53.0,15.8,1.79,0.01,1.8,0.71,1,104
2025-26,25,236,Pedro Lomba Neto,MID,Chelsea,7,20,0,2026-02-07T15:00:00Z,90,2,0,0,0,1,0,10,1.2,6.6,16.0,2.4,0.54,0.03,0.57,1.06,1,71
2025-26,25,237,Enzo Fernández,MID,Chelsea,7,20,0,2026-02-07T15:00:00Z,90,2,0,0,0,1,0,13,15.2,55.7,27.0,9.8,0.59,0.43,1.02,1.06,1,68
2025-26,25,238,Estêvão Almeida de Oliveira Gonçalves,MID,Chelsea,7,20,0,2026-02-07T15:00:00Z,0,0,0,0,0,0,0,0,0.0,0.0,0.0,0.0,0.0,0.0,0.0,0.0,0,64
2025-26,25,239,Jamie Bynoe-Gittens,MID,Chelsea,7,20,0,2026-02-07T15:00:00Z,0,0,0,0,0,0,0,0,0.0,0.0,0.0,0.0,0.0,0.0,0.0,0.0,0,60
2025-26,25,240,Christopher Nkunku,MID,Chelsea,7,20,0,2026-02-07T15:00:00Z,0,0,0,0,0,0,0,0,0.0,0.0,0.0,0.0,0.0,0.0,0.0,0.0,0,59
2025-26,25,241,Moisés Caicedo Corozo,MID,Chelsea,7,20,0,2026-02-07T15:00:00Z,90,5,0,0,0,1,1,30,29.2,33.1,1.0,6.3,0.08,0.05,0.13,1.06,1,57
2025-26,25,242,Kiernan Dewsbury-Hall,MID,Everton,9,10,0,2026-02-07T15:00:00Z,90,13,1,1,0,1,3,43,38.0,34.3,24.0,9.6,0.22,0.36,0.58,1.97,1,49
2025-26,25,243,Tyrique George,MID,Everton,9,10,0,2026-02-07T15:00:00Z,21,1,0,0,0,0,0,2,0.0,1.2,6.0,0.7,0.08,0.02,0.1,0.15,0,48
2025-26,25,244,Roméo Lavia,MID,Chelsea,7,20,0,2026-02-07T15:00:00Z,0,0,0,0,0,0,0,0,0.0,0.0,0.0,0.0,0.0,0.0,0.0,0.0,0,49
2025-26,25,245,Mykhailo Mudryk,MID,Chelsea,7,20,0,2026-02-07T15:00:00Z,0,0,0,0,0,0,0,0,0.0,0.0,0.0,0.0,0.0,0.0,0.0,0.0,0,49
2025-26,25,246,Andrey Nascimento dos Santos,MID,Chelsea,7,20,0,2026-02-07T15:00:00Z,83,2,0,0,0,1,0,20,11.6,19.8,0.0,3.1,0.0,0.15,0.15,0.78,1,45
2025-26,25,247,Dário Luís Essugo,MID,Chelsea,7,20,0,2026-02-07T15:00:00Z,0,0,0,0,0,0,0,0,0.0,0.0,0.0,0.0,0.0,0.0,0.0,0.0,0,43
2025-26,25,248,Kendry Páez Andrade,MID,Chelsea,7,20,0,2026-02-07T15:00:00Z,0,0,0,0,0,0,0,0,0.0,0.0,0.0,0.0,0.0,0.0,0.0,0.0,0,45
2025-26,25,249,João Pedro Junqueira de Jesus,FWD,Chelsea,7,20,0,2026-02-07T15:00:00Z,74,8,0,2,0,1,0,28,12.2,2.9,16.0,3.1,0.06,0.0,0.06,0.78,1,75
2025-26,25,250,Liam Delap,FWD,Chelsea,7,20,0,2026-02-07T15:00:00Z,15,1,0,0,0,0,0,6,4.4,0.7,17.0,2.2,0.08,0.0,0.07,0.28,0,62
2025-26,25,251,Nicolas Jackson,FWD,Chelsea,7,20,0,2026-02-07T15:00:00Z,0,0,0,0,0,0,0,0,0.0,0.0,0.0,0.0,0.0,0.0,0.0,0.0,0,65
2025-26,25,252,Marc Guiu Paz,FWD,Chelsea,7,20,0,2026-02-07T15:00:00Z,0,0,0,0,0,0,0,0,0.0,0.0,0.0,0.0,0.0,0.0,0.0,0.0,0,42
2025-26,25,253,Dean Henderson,GK,Crystal Palace,8,6,0,2026-02-08T14:00:00Z,90,8,0,0,1,0,2,27,16.0,0.0,0.0,1.6,0.0,0.01,0.01,0.85,1,50
2025-26,25,254,Walter Benítez,GK,Crystal Palace,8,6,0,2026-02-08T14:00:00Z,0,0,0,0,0,0,0,0,0.0,0.0,0.0,0.0,0.0,0.0,0.0,0.0,0,40
2025-26,25,255,Remi Matthews,GK,Crystal Palace,8,6,0,2026-02-08T14:00:00Z,0,0,0,0,0,0,0,0,0.0,0.0,0.0,0.0,0.0,0.0,0.0,0.0,0,39
2025-26,25,256,Daniel Muñoz Mejía,DEF,Crystal Palace,8,6,0,2026-02-08T14:00:00Z,90,5,0,0,1,0,0,23,16.8,21.9,4.0,4.3,0.0,0.11,0.11,0.85,1,58
2025-26,25,257,Maxence Lacroix,DEF,Crystal Palace,8,6,0,2026-02-08T14:00:00Z,90,11,0,0,1,0,3,33,31.0,0.7,41.0,7.3,0.27,0.06,0.33,0.85,1,51
2025-26,25,258,Tyrick Mitchell,DEF,Crystal Palace,8,6,0,2026-02-08T14:00:00Z,90,6,0,0,1,0,0,22,10.4,0.8,0.0,1.1,0.0,0.01,0.01,0.85,1,50
2025-26,25,259,Borna Sosa,DEF,Crystal Palace,8,6,0,2026-02-08T14:00:00Z,0,0,0,0,0,0,0,0,0.0,0.0,0.0,0.0,0.0,0.0,0.0,0.0,0,48
2025-26,25,260,Marc Guéhi,DEF,Man City,13,12,0,2026-02-08T16:30:00Z,90,3,0,0,0,1,0,11,35.4,1.8,19.0,5.6,0.04,0.01,0.05,1.21,1,52
2025-26,25,261,Chris Richards,DEF,Crystal Palace,8,6,0,2026-02-08T14:00:00Z,90,8,0,0,1,0,2,27,15.8,0.2,2.0,1.8,0.0,0.03,0.03,0.85,1,44
2025-26,25,262,Chadi Riad Dnanou,DEF,Crystal Palace,8,6,0,2026-02-08T14:00:00Z,0,0,0,0,0,0,0,0,0.0,0.0,0.0,0.0,0.0,0.0,0.0,0.0,0,40
2025-26,25,263,Nathaniel Clyne,DEF,Crystal Palace,8,6,0,2026-02-08T14:00:00Z,0,0,0,0,0,0,0,0,0.0,0.0,0.0,0.0,0.0,0.0,0.0,0.0,0,38
2025-26,25,264,Rob Holding,DEF,Crystal Palace,8,6,0,2026-02-08T14:00:00Z,0,0,0,0,0,0,0,0,0.0,0.0,0.0,0.0,0.0,0.0,0.0,0.0,0,40
2025-26,25,265,Caleb Kporha,DEF,Crystal Palace,8,6,0,2026-02-08T14:00:00Z,0,0,0,0,0,0,0,0,0.0,0.0,0.0,0.0,0.0,0.0,0.0,0.0,0,40
2025-26,25,266,Eberechi Eze,MID,Arsenal,1,17,1,2026-02-07T15:00:00Z,23,1,0,0,0,0,0,4,0.0,1.2,10.0,1.1,0.06,0.01,0.07,0.02,0,72
2025-26,25,267,Ismaïla Sarr,MID,Crystal Palace,8,6,0,2026-02-08T14:00:00Z,87,8,1,0,1,0,0,25,29.0,2.5,21.0,5.3,0.51,0.01,0.52,0.85,1,63
2025-26,25,268,Cheick Doucouré,MID,Crystal Palace,8,6,0,2026-02-08T14:00:00Z,0,0,0,0,0,0,0,0,0.0,0.0,0.0,0.0,0.0,0.0,0.0,0.0,0,49
2025-26,25,269,Romain Esse,MID,Crystal Palace,8,6,0,2026-02-08T14:00:00Z,0,0,0,0,0,0,0,0,0.0,0.0,0.0,0.0,0.0,0.0,0.0,0.0,0,47
2025-26,25,270,Will Hughes,MID,Crystal Palace,8,6,0,2026-02-08T14:00:00Z,76,2,0,0,1,0,0,9,10.0,35.7,0.0,4.6,0.0,0.36,0.36,0.85,1,47
2025-26,25,271,Daichi Kamada,MID,Crystal Palace,8,6,0,2026-02-08T14:00:00Z,13,1,0,0,0,0,0,5,2.6,0.0,0.0,0.3,0.0,0.0,0.0,0.0,0,50
2025-26,25,272,Jefferson Lerma Solís,MID,Crystal Palace,8,6,0,2026-02-08T14:00:00Z,90,5,0,0,1,0,0,17,25.0,0.8,10.0,3.6,0.0,0.03,0.03,0.85,1,49
2025-26,25,273,Adam Wharton,MID,Crystal Palace,8,6,0,2026-02-08T14:00:00Z,90,3,0,0,1,0,0,10,3.2,2.3,5.0,1.1,0.02,0.02,0.04,0.85,1,50
2025-26,25,274,Asher Agbinone,MID,Crystal Palace,8,6,0,2026-02-08T14:00:00Z,0,0,0,0,0,0,0,0,0.0,0.0,0.0,0.0,0.0,0.0,0.0,0.0,0,43
2025-26,25,275,Naouirou Ahamada,MID,Crystal Palace,8,6,0,2026-02-08T14:00:00Z,0,0,0,0,0,0,0,0,0.0,0.0,0.0,0.0,0.0,0.0,0.0,0.0,0,43
2025-26,25,276,Justin Devenny,MID,Crystal Palace,8,6,0,2026-02-08T14:00:00Z,0,0,0,0,0,0,0,0,0.0,0.0,0.0,0.0,0.0,0.0,0.0,0.0,0,43
2025-26,25,277,Malcolm Ebiowei,MID,Crystal Palace,8,6,0,2026-02-08T14:00:00Z,0,0,0,0,0,0,0,0,0.0,0.0,0.0,0.0,0.0,0.0,0.0,0.0,0,45
2025-26,25,278,Jesurun Rak-Sakyi,MID,Crystal Palace,8,6,0,2026-02-08T14:00:00Z,0,0,0,0,0,0,0,0,0.0,0.0,0.0,0.0,0.0,0.0,0.0,0.0,0,44
2025-26,25,279,Matheus França de Oliveira,MID,Crystal Palace,8,6,0,2026-02-08T14:00:00Z,0,0,0,0,0,0,0,0,0.0,0.0,0.0,0.0,0.0,0.0,0.0,0.0,0,45
2025-26,25,280,David Ozoh,MID,Crystal Palace,8,6,0,2026-02-08T14:00:00Z,0,0,0,0,0,0,0,0,0.0,0.0,0.0,0.0,0.0,0.0,0.0,0.0,0,45
2025-26,25,281,Kaden Rodney,MID,Crystal Palace,8,6,0,2026-02-08T14:00:00Z,0,0,0,0,0,0,0,0,0.0,0.0,0.0,0.0,0.0,0.0,0.0,0.0,0,44
2025-26,25,282,Franco Umeh-Chibueze,MID,Crystal Palace,8,6,0,2026-02-08T14:00:00Z,0,0,0,0,0,0,0,0,0.0,0.0,0.0,0.0,0.0,0.0,0.0,0.0,0,45
2025-26,25,283,Jean-Philippe Mateta,FWD,Crystal Palace,8,6,0,2026-02-08T14:00:00Z,0,0,0,0,0,0,0,0,0.0,0.0,0.0,0.0,0.0,0.0,0.0,0.0,0,75
2025-26,25,284,Eddie Nketiah,FWD,Crystal Palace,8,6,0,2026-02-08T14:00:00Z,0,0,0,0,0,0,0,0,0.0,0.0,0.0,0.0,0.0,0.0,0.0,0.0,0,54
2025-26,25,285,Odsonne Édouard,FWD,Crystal Palace,8,6,0,2026-02-08T14:00:00Z,0,0,0,0,0,0,0,0,0.0,0.0,0.0,0.0,0.0,0.0,0.0,0.0,0,50
2025-26,25,286,Zach Marsh,FWD,Crystal Palace,8,6,0,2026-02-08T14:00:00Z,0,0,0,0,0,0,0,0,0.0,0.0,0.0,0.0,0.0,0.0,0.0,0.0,0,44
2025-26,25,287,Jordan Pickford,GK,Everton,9,10,0,2026-02-07T15:00:00Z,90,2,0,0,0,1,0,10,28.2,0.0,0.0,2.8,0.0,0.0,0.0,1.97,1,56
2025-26,25,288,Mark Travers,GK,Everton,9,10,0,2026-02-07T15:00:00Z,0,0,0,0,0,0,0,0,0.0,0.0,0.0,0.0,0.0,0.0,0.0,0.0,0,43
2025-26,25,289,Harry Tyrer,GK,Everton,9,10,0,2026-02-07T15:00:00Z,0,0,0,0,0,0,0,0,0.0,0.0,0.0,0.0,0.0,0.0,0.0,0.0,0,39
2025-26,25,290,Jarrad Branthwaite,DEF,Everton,9,10,0,2026-02-07T15:00:00Z,5,1,0,0,0,0,0,5,7.2,0.0,0.0,0.7,0.0,0.0,0.0,0.08,0,53
2025-26,25,291,James Tarkowski,DEF,Everton,9,10,0,2026-02-07T15:00:00Z,90,2,0,0,0,1,0,1,1.2,0.3,7.0,0.9,0.24,0.0,0.24,1.97,1,58
2025-26,25,292,Vitalii Mykolenko,DEF,Everton,9,10,0,2026-02-07T15:00:00Z,84,2,0,1,0,1,0,10,15.4,16.5,4.0,3.6,0.0,0.19,0.19,1.89,1,49
2025-26,25,293,Jake O'Brien,DEF,Everton,9,10,0,2026-02-07T15:00:00Z,90,3,0,0,0,1,0,12,23.2,15.2,11.0,4.9,0.15,0.06,0.21,1.97,1,49
2025-26,25,294,Séamus Coleman,DEF,Everton,9,10,0,2026-02-07T15:00:00Z,0,0,0,0,0,0,0,0,0.0,0.0,0.0,0.0,0.0,0.0,0.0,0.0,0,42
2025-26,25,295,Michael Keane,DEF,Everton,9,10,0,2026-02-07T15:00:00Z,90,4,0,0,0,1,0,15,20.0,0.8,6.0,2.7,0.11,0.0,0.11,1.97,1,47
2025-26,25,296,Nathan Patterson,DEF,Everton,9,10,0,2026-02-07T15:00:00Z,0,0,0,0,0,0,0,0,0.0,0.0,0.0,0.0,0.0,0.0,0.0,0.0,0,44
2025-26,25,297,Roman Dixon,DEF,Everton,9,10,0,2026-02-07T15:00:00Z,0,0,0,0,0,0,0,0,0.0,0.0,0.0,0.0,0.0,0.0,0.0,0.0,0,38
2025-26,25,298,Reece Welch,DEF,Everton,9,10,0,2026-02-07T15:00:00Z,0,0,0,0,0,0,0,0,0.0,0.0,0.0,0.0,0.0,0.0,0.0,0.0,0,38
2025-26,25,299,Iliman Ndiaye,MID,Everton,9,10,0,2026-02-07T15:00:00Z,90,2,0,0,0,1,0,15,8.6,16.3,5.0,3.0,0.07,0.03,0.1,1.97,1,62
2025-26,25,300,Dwight McNeil,MID,Everton,9,10,0,2026-02-07T15:00:00Z,0,0,0,0,0,0,0,0,0.0,0.0,0.0,0.0,0.0,0.0,0.0,0.0,0,55
2025-26,25,301,Carlos Alcaraz Durán,MID,Everton,9,10,0,2026-02-07T15:00:00Z,0,0,0,0,0,0,0,0,0.0,0.0,0.0,0.0,0.0,0.0,0.0,0.0,0,52
2025-26,25,302,Idrissa Gana Gueye,MID,Everton,9,10,0,2026-02-07T15:00:00Z,90,1,0,0,0,1,0,14,12.6,14.8,11.0,3.8,0.05,0.04,0.09,1.97,1,54
2025-26,25,303,James Garner,MID,Everton,9,10,0,2026-02-07T15:00:00Z,90,4,0,0,0,1,1,19,25.4,59.3,7.0,9.2,0.03,0.56,0.59,1.97,1,52
2025-26,25,304,Tim Iroegbunam,MID,Everton,9,10,0,2026-02-07T15:00:00Z,1,1,0,0,0,0,0,3,0.0,0.0,0.0,0.0,0.0,0.0,0.0,0.0,0,48
2025-26,25,305,Harrison Armstrong,MID,Everton,9,10,0,2026-02-07T15:00:00Z,68,2,0,0,0,1,0,10,4.2,12.5,8.0,2.5,0.37,0.01,0.38,1.82,1,45
2025-26,25,306,Callum Bates,MID,Everton,9,10,0,2026-02-07T15:00:00Z,0,0,0,0,0,0,0,0,0.0,0.0,0.0,0.0,0.0,0.0,0.0,0.0,0,43
2025-26,25,307,Coby Ebere,MID,Everton,9,10,0,2026-02-07T15:00:00Z,0,0,0,0,0,0,0,0,0.0,0.0,0.0,0.0,0.0,0.0,0.0,0.0,0,44
2025-26,25,308,Isaac Heath,MID,Everton,9,10,0,2026-02-07T15:00:00Z,0,0,0,0,0,0,0,0,0.0,0.0,0.0,0.0,0.0,0.0,0.0,0.0,0,45
2025-26,25,309,Jenson Metcalfe,MID,Everton,9,10,0,2026-02-07T15:00:00Z,0,0,0,0,0,0,0,0,0.0,0.0,0.0,0.0,0.0,0.0,0.0,0.0,0,45
2025-26,25,310,Thierno Barry,FWD,Everton,9,10,0,2026-02-07T15:00:00Z,68,2,0,0,0,1,0,-1,0.0,13.8,25.0,3.3,0.56,0.0,0.56,1.82,1,57
2025-26,25,311,Norberto Bercique Gomes Betuncal,FWD,Everton,9,10,0,2026-02-07T15:00:00Z,21,1,0,0,0,0,0,0,3.0,0.3,4.0,0.7,0.0,0.0,0.0,0.15,0,50
2025-26,25,312,Youssef Ramalho Chermiti,FWD,Everton,9,10,0,2026-02-07T15:00:00Z,0,0,0,0,0,0,0,0,0.0,0.0,0.0,0.0,0.0,0.0,0.0,0.0,0,49
2025-26,25,313,Martin Sherif,FWD,Everton,9,10,0,2026-02-07T15:00:00Z,0,0,0,0,0,0,0,0,0.0,0.0,0.0,0.0,0.0,0.0,0.0,0.0,0,44
2025-26,25,314,Bernd Leno,GK,Fulham,10,9,1,2026-02-07T15:00:00Z,90,-1,0,0,0,2,0,5,9.8,0.0,0.0,1.0,0.0,0.0,0.0,1.88,1,49
2025-26,25,315,Steven Benda,GK,Fulham,10,9,1,2026-02-07T15:00:00Z,0,0,0,0,0,0,0,0,0.0,0.0,0.0,0.0,0.0,0.0,0.0,0.0,0,40
2025-26,25,316,Antonee Robinson,DEF,Fulham,10,9,1,2026-02-07T15:00:00Z,0,0,0,0,0,0,0,0,0.0,0.0,0.0,0.0,0.0,0.0,0.0,0.0,0,49
2025-26,25,317,Joachim Andersen,DEF,Fulham,10,9,1,2026-02-07T15:00:00Z,90,1,0,0,0,2,0,5,23.8,11.7,4.0,4.0,0.09,0.01,0.1,1.88,1,46
2025-26,25,318,Calvin Bassey,DEF,Fulham,10,9,1,2026-02-07T15:00:00Z,0,0,0,0,0,0,0,0,0.0,0.0,0.0,0.0,0.0,0.0,0.0,0.0,0,44
2025-26,25,319,Timothy Castagne,DEF,Fulham,10,9,1,2026-02-07T15:00:00Z,82,2,0,0,0,1,0,6,13.2,1.3,2.0,1.7,0.0,0.02,0.02,1.88,1,43
2025-26,25,320,Issa Diop,DEF,Fulham,10,9,1,2026-02-07T15:00:00Z,0,0,0,0,0,0,0,0,0.0,0.0,0.0,0.0,0.0,0.0,0.0,0.0,0,43
2025-26,25,321,Jorge Cuenca Barreno,DEF,Fulham,10,9,1,2026-02-07T15:00:00Z,90,2,0,0,0,2,0,3,19.2,1.1,0.0,2.0,0.0,0.01,0.01,1.88,1,43
2025-26,25,322,Kenny Tete,DEF,Fulham,10,9,1,2026-02-07T15:00:00Z,7,1,0,0,0,1,0,2,6.4,19.8,0.0,2.6,0.0,0.11,0.11,0.0,0,45
2025-26,25,323,Samuel Amissah,DEF,Fulham,10,9,1,2026-02-07T15:00:00Z,0,0,0,0,0,0,0,0,0.0,0.0,0.0,0.0,0.0,0.0,0.0,0.0,0,38
2025-26,25,324,Alex Iwobi,MID,Fulham,10,9,1,2026-02-07T15:00:00Z,90,4,0,0,0,2,2,20,15.0,39.0,4.0,5.8,0.0,0.53,0.53,1.88,1,63
2025-26,25,325,Emile Smith Rowe,MID,Fulham,10,9,1,2026-02-07T15:00:00Z,82,2,0,0,0,1,0,12,9.6,14.8,25.0,4.9,0.46,0.17,0.63,1.88,1,56
2025-26,25,326,Adama Traoré Diarra,MID,West Ham,19,3,0,2026-02-07T15:00:00Z,1,1,0,0,0,0,0,3,0.2,0.1,0.0,0.0,0.0,0.0,0.0,0.0,0,51
2025-26,25,327,Andreas Hoelgebaum Pereira,MID,Fulham,10,9,1,2026-02-07T15:00:00Z,0,0,0,0,0,0,0,0,0.0,0.0,0.0,0.0,0.0,0.0,0.0,0.0,0,53
2025-26,25,328,Ryan Sessegnon,MID,Fulham,10,9,1,2026-02-07T15:00:00Z,90,2,0,0,0,2,0,16,18.4,26.7,4.0,4.9,0.0,0.36,0.36,1.88,1,54
2025-26,25,329,Harry Wilson,MID,Fulham,10,9,1,2026-02-07T15:00:00Z,90,2,0,0,0,2,0,13,2.8,16.8,10.0,3.0,0.19,0.53,0.72,1.88,1,61
2025-26,25,330,Sander Berge,MID,Fulham,10,9,1,2026-02-07T15:00:00Z,90,2,0,0,0,2,0,16,10.8,4.8,14.0,3.0,0.32,0.04,0.36,1.88,1,49
2025-26,25,331,Tom Cairney,MID,Fulham,10,9,1,2026-02-07T15:00:00Z,0,0,0,0,0,0,0,0,0.0,0.0,0.0,0.0,0.0,0.0,0.0,0.0,0,48
2025-26,25,332,Saša Lukić,MID,Fulham,10,9,1,2026-02-07T15:00:00Z,0,0,0,0,0,0,0,0,0.0,0.0,0.0,0.0,0.0,0.0,0.0,0.0,0,49
2025-26,25,333,Martial Godo,MID,Fulham,10,9,1,2026-02-07T15:00:00Z,0,0,0,0,0,0,0,0,0.0,0.0,0.0,0.0,0.0,0.0,0.0,0.0,0,45
2025-26,25,334,Luke Harris,MID,Fulham,10,9,1,2026-02-07T15:00:00Z,0,0,0,0,0,0,0,0,0.0,0.0,0.0,0.0,0.0,0.0,0.0,0.0,0,45
2025-26,25,335,Josh King,MID,Fulham,10,9,1,2026-02-07T15:00:00Z,0,0,0,0,0,0,0,0,0.0,0.0,0.0,0.0,0.0,0.0,0.0,0.0,0,44
2025-26,25,336,Harrison Reed,MID,Fulham,10,9,1,2026-02-07T15:00:00Z,0,0,0,0,0,0,0,0,0.0,0.0,0.0,0.0,0.0,0.0,0.0,0.0,0,43
2025-26,25,337,Raúl Jiménez Rodríguez,FWD,Fulham,10,9,1,2026-02-07T15:00:00Z,74,5,0,1,1,0,0,16,13.8,16.6,25.0,5.5,0.55,0.01,0.56,1.6,1,62
2025-26,25,338,Rodrigo Muniz Carvalho,FWD,Fulham,10,9,1,2026-02-07T15:00:00Z,15,1,0,0,0,2,0,0,0.0,0.0,10.0,0.5,0.13,0.0,0.13,0.28,0,53
2025-26,25,339,Illan Meslier,GK,Leeds,11,16,1,2026-02-06T20:00:00Z,0,0,0,0,0,0,0,0,0.0,0.0,0.0,0.0,0.0,0.0,0.0,0.0,0,42
2025-26,25,340,Alex Cairns,GK,Leeds,11,16,1,2026-02-06T20:00:00Z,0,0,0,0,0,0,0,0,0.0,0.0,0.0,0.0,0.0,0.0,0.0,0.0,0,39
2025-26,25,341,Karl Darlow,GK,Leeds,11,16,1,2026-02-06T20:00:00Z,90,3,0,0,0,1,0,20,42.8,0.0,0.0,4.3,0.0,0.0,0.0,1.33,1,39
2025-26,25,342,Jayden Bogle,DEF,Leeds,11,16,1,2026-02-06T20:00:00Z,90,8,1,0,0,1,0,28,51.6,7.8,21.0,8.0,0.64,0.03,0.67,1.24,1,44
2025-26,25,343,Pascal Struijk,DEF,Leeds,11,16,1,2026-02-06T20:00:00Z,90,4,0,0,0,1,0,14,37.8,0.4,8.0,4.6,0.11,0.01,0.12,1.33,1,43
2025-26,25,344,Jaka Bijol,DEF,Leeds,11,16,1,2026-02-06T20:00:00Z,0,0,0,0,0,0,0,0,0.0,0.0,0.0,0.0,0.0,0.0,0.0,0.0,0,39
2025-26,25,345,Sebastiaan Bornauw,DEF,Leeds,11,16,1,2026-02-06T20:00:00Z,1,1,0,0,0,0,0,3,0.0,0.0,0.0,0.0,0.0,0.0,0.0,0.09,0,38
2025-26,25,346,Sam Byram,DEF,Leeds,11,16,1,2026-02-06T20:00:00Z,0,0,0,0,0,0,0,0,0.0,0.0,0.0,0.0,0.0,0.0,0.0,0.0,0,38
2025-26,25,347,Gabriel Gudmundsson,DEF,Leeds,11,16,1,2026-02-06T20:00:00Z,90,2,0,0,0,1,0,17,27.2,20.3,6.0,5.4,0.0,0.1,0.1,1.33,1,38
2025-26,25,348,Joe Rodon,DEF,Leeds,11,16,1,2026-02-06T20:00:00Z,90,4,0,0,0,1,0,14,24.0,0.5,7.0,3.2,0.03,0.08,0.11,1.33,1,39
2025-26,25,349,Isaac Schmidt,DEF,Leeds,11,16,1,2026-02-06T20:00:00Z,0,0,0,0,0,0,0,0,0.0,0.0,0.0,0.0,0.0,0.0,0.0,0.0,0,40
2025-26,25,350,Brenden Aaronson,MID,Leeds,11,16,1,2026-02-06T20:00:00Z,77,3,0,0,1,0,0,13,7.4,12.2,11.0,3.1,0.21,0.04,0.25,1.06,1,54
2025-26,25,351,Wilfried Gnonto,MID,Leeds,11,16,1,2026-02-06T20:00:00Z,0,0,0,0,0,0,0,0,0.0,0.0,0.0,0.0,0.0,0.0,0.0,0.0,0,52
2025-26,25,352,Jack Harrison,MID,Leeds,11,16,1,2026-02-06T20:00:00Z,0,0,0,0,0,0,0,0,0.0,0.0,0.0,0.0,0.0,0.0,0.0,0.0,0,51
2025-26,25,353,Daniel James,MID,Leeds,11,16,1,2026-02-06T20:00:00Z,12,1,0,0,0,1,0,3,0.2,0.8,6.0,0.7,0.0,0.01,0.01,0.28,0,52
2025-26,25,354,Ethan Ampadu,MID,Leeds,11,16,1,2026-02-06T20:00:00Z,90,2,0,0,0,1,0,12,14.4,13.6,0.0,2.8,0.0,0.03,0.03,1.33,1,49
2025-26,25,355,Sam Greenwood,MID,Leeds,11,16,1,2026-02-06T20:00:00Z,0,0,0,0,0,0,0,0,0.0,0.0,0.0,0.0,0.0,0.0,0.0,0.0,0,49
2025-26,25,356,Ilia Gruev,MID,Leeds,11,16,1,2026-02-06T20:00:00Z,90,11,0,2,0,1,3,45,55.8,50.3,40.0,14.6,0.29,0.43,0.72,1.33,1,47
2025-26,25,357,Largie Ramazani,MID,Leeds,11,16,1,2026-02-06T20:00:00Z,0,0,0,0,0,0,0,0,0.0,0.0,0.0,0.0,0.0,0.0,0.0,0.0,0,49
2025-26,25,358,Tanaka Ao,MID,Leeds,11,16,1,2026-02-06T20:00:00Z,0,0,0,0,0,0,0,0,0.0,0.0,0.0,0.0,0.0,0.0,0.0,0.0,0,48
2025-26,25,359,Charlie Crew,MID,Leeds,11,16,1,2026-02-06T20:00:00Z,0,0,0,0,0,0,0,0,0.0,0.0,0.0,0.0,0.0,0.0,0.0,0.0,0,45
2025-26,25,360,Joe Gelhardt,MID,Leeds,11,16,1,2026-02-06T20:00:00Z,0,0,0,0,0,0,0,0,0.0,0.0,0.0,0.0,0.0,0.0,0.0,0.0,0,45
2025-26,25,361,Darko Gyabi,MID,Leeds,11,16,1,2026-02-06T20:00:00Z,0,0,0,0,0,0,0,0,0.0,0.0,0.0,0.0,0.0,0.0,0.0,0.0,0,45
2025-26,25,362,Joël Piroe,FWD,Leeds,11,16,1,2026-02-06T20:00:00Z,0,0,0,0,0,0,0,0,0.0,0.0,0.0,0.0,0.0,0.0,0.0,0.0,0,49
2025-26,25,363,Patrick Bamford,FWD,Leeds,11,16,1,2026-02-06T20:00:00Z,0,0,0,0,0,0,0,0,0.0,0.0,0.0,0.0,0.0,0.0,0.0,0.0,0,49
2025-26,25,364,Mateo Joseph Fernández-Regatillo,FWD,Leeds,11,16,1,2026-02-06T20:00:00Z,0,0,0,0,0,0,0,0,0.0,0.0,0.0,0.0,0.0,0.0,0.0,0.0,0,50
2025-26,25,365,Lukas Nmecha,FWD,Leeds,11,16,1,2026-02-06T20:00:00Z,0,0,0,0,0,0,0,0,0.0,0.0,0.0,0.0,0.0,0.0,0.0,0.0,0,50
2025-26,25,366,Alisson Becker,GK,Liverpool,12,13,1,2026-02-08T16:30:00Z,90,1,0,0,0,2,0,10,33.8,0.0,0.0,3.4,0.0,0.0,0.0,2.91,1,54
2025-26,25,367,Giorgi Mamardashvili,GK,Liverpool,12,13,1,2026-02-08T16:30:00Z,0,0,0,0,0,0,0,0,0.0,0.0,0.0,0.0,0.0,0.0,0.0,0.0,0,41
2025-26,25,368,Ármin Pécsi,GK,Liverpool,12,13,1,2026-02-08T16:30:00Z,0,0,0,0,0,0,0,0,0.0,0.0,0.0,0.0,0.0,0.0,0.0,0.0,0,38
2025-26,25,369,Freddie Woodman,GK,Liverpool,12,13,1,2026-02-08T16:30:00Z,0,0,0,0,0,0,0,0,0.0,0.0,0.0,0.0,0.0,0.0,0.0,0.0,0,39
2025-26,25,370,Jeremie Frimpong,DEF,Liverpool,12,13,1,2026-02-08T16:30:00Z,0,0,0,0,0,0,0,0,0.0,0.0,0.0,0.0,0.0,0.0,0.0,0.0,0,58
2025-26,25,371,Milos Kerkez,DEF,Liverpool,12,13,1,2026-02-08T16:30:00Z,90,1,0,0,0,2,0,5,16.8,9.9,0.0,2.7,0.0,0.02,0.02,2.6,1,56
2025-26,25,372,Andrew Robertson,DEF,Liverpool,12,13,1,2026-02-08T16:30:00Z,0,0,0,0,0,0,0,0,0.0,0.0,0.0,0.0,0.0,0.0,0.0,0.0,0,57
2025-26,25,373,Virgil van Dijk,DEF,Liverpool,12,13,1,2026-02-08T16:30:00Z,90,0,0,0,0,2,0,0,16.6,11.4,4.0,3.2,0.0,0.02,0.02,2.91,1,59
2025-26,25,374,Ibrahima Konaté,DEF,Liverpool,12,13,1,2026-02-08T16:30:00Z,90,1,0,0,0,2,0,9,18.4,1.2,0.0,2.0,0.0,0.02,0.02,2.91,1,54
2025-26,25,375,Conor Bradley,DEF,Liverpool,12,13,1,2026-02-08T16:30:00Z,0,0,0,0,0,0,0,0,0.0,0.0,0.0,0.0,0.0,0.0,0.0,0.0,0,49
2025-26,25,376,Joe Gomez,DEF,Liverpool,12,13,1,2026-02-08T16:30:00Z,0,0,0,0,0,0,0,0,0.0,0.0,0.0,0.0,0.0,0.0,0.0,0.0,0,49
2025-26,25,377,Konstantinos Tsimikas,DEF,Liverpool,12,13,1,2026-02-08T16:30:00Z,0,0,0,0,0,0,0,0,0.0,0.0,0.0,0.0,0.0,0.0,0.0,0.0,0,48
2025-26,25,378,Amara Nallo,DEF,Liverpool,12,13,1,2026-02-08T16:30:00Z,0,0,0,0,0,0,0,0,0.0,0.0,0.0,0.0,0.0,0.0,0.0,0.0,0,37
2025-26,25,379,Rhys Williams,DEF,Liverpool,12,13,1,2026-02-08T16:30:00Z,0,0,0,0,0,0,0,0,0.0,0.0,0.0,0.0,0.0,0.0,0.0,0.0,0,37
2025-26,25,380,Calvin Ramsay,DEF,Liverpool,12,13,1,2026-02-08T16:30:00Z,0,0,0,0,0,0,0,0,0.0,0.0,0.0,0.0,0.0,0.0,0.0,0.0,0,38
2025-26,25,381,Mohamed Salah,MID,Liverpool,12,13,1,2026-02-08T16:30:00Z,90,2,0,0,0,2,0,4,0.0,23.5,28.0,5.1,0.33,0.4,0.73,2.91,1,140
2025-26,25,382,Florian Wirtz,MID,Liverpool,12,13,1,2026-02-08T16:30:00Z,90,2,0,0,0,2,0,8,8.6,17.7,9.0,3.5,0.16,0.03,0.19,2.91,1,83
2025-26,25,383,Luis Díaz Marulanda,MID,Liverpool,12,13,1,2026-02-08T16:30:00Z,0,0,0,0,0,0,0,0,0.0,0.0,0.0,0.0,0.0,0.0,0.0,0.0,0,80
2025-26,25,384,Cody Gakpo,MID,Liverpool,12,13,1,2026-02-08T16:30:00Z,84,2,0,0,0,1,0,9,13.0,32.4,6.0,5.1,0.0,0.3,0.3,1.81,1,73
2025-26,25,385,Federico Chiesa,MID,Liverpool,12,13,1,2026-02-08T16:30:00Z,1,1,0,0,0,0,0,5,4.4,0.3,19.0,2.4,0.01,0.01,0.02,0.31,0,63
2025-26,25,386,Alexis Mac Allister,MID,Liverpool,12,13,1,2026-02-08T16:30:00Z,90,2,0,0,0,2,0,12,9.4,21.5,9.0,4.0,0.03,0.02,0.05,2.91,1,62
2025-26,25,387,Dominik Szoboszlai,MID,Liverpool,12,13,1,2026-02-08T16:30:00Z,90,8,1,0,0,2,2,32,45.8,33.3,19.0,9.8,0.06,0.19,0.25,2.83,1,67
2025-26,25,388,Curtis Jones,MID,Liverpool,12,13,1,2026-02-08T16:30:00Z,5,1,0,0,0,1,0,3,0.8,0.8,0.0,0.2,0.0,0.01,0.01,1.1,0,54
2025-26,25,389,Harvey Elliott,MID,Aston Villa,2,4,0,2026-02-07T15:00:00Z,0,0,0,0,0,0,0,0,0.0,0.0,0.0,0.0,0.0,0.0,0.0,0.0,0,51
2025-26,25,390,Ryan Gravenberch,MID,Liverpool,12,13,1,2026-02-08T16:30:00Z,90,5,0,1,0,2,0,24,11.6,13.4,1.0,2.6,0.02,0.03,0.05,2.91,1,56
2025-26,25,391,Ben Gannon-Doak,MID,Bournemouth,4,2,1,2026-02-07T15:00:00Z,0,0,0,0,0,0,0,0,0.0,0.0,0.0,0.0,0.0,0.0,0.0,0.0,0,48
2025-26,25,392,Endo Wataru,MID,Liverpool,12,13,1,2026-02-08T16:30:00Z,0,0,0,0,0,0,0,0,0.0,0.0,0.0,0.0,0.0,0.0,0.0,0.0,0,49
2025-26,25,393,Stefan Bajčetić Maquieira,MID,Liverpool,12,13,1,2026-02-08T16:30:00Z,0,0,0,0,0,0,0,0,0.0,0.0,0.0,0.0,0.0,0.0,0.0,0.0,0,43
2025-26,25,394,James McConnell,MID,Liverpool,12,13,1,2026-02-08T16:30:00Z,0,0,0,0,0,0,0,0,0.0,0.0,0.0,0.0,0.0,0.0,0.0,0.0,0,44
2025-26,25,395,Tyler Morton,MID,Liverpool,12,13,1,2026-02-08T16:30:00Z,0,0,0,0,0,0,0,0,0.0,0.0,0.0,0.0,0.0,0.0,0.0,0.0,0,45
2025-26,25,396,Trey Nyoni,MID,Liverpool,12,13,1,2026-02-08T16:30:00Z,0,0,0,0,0,0,0,0,0.0,0.0,0.0,0.0,0.0,0.0,0.0,0.0,0,43
2025-26,25,397,Darwin Núñez Ribeiro,FWD,Liverpool,12,13,1,2026-02-08T16:30:00Z,0,0,0,0,0,0,0,0,0.0,0.0,0.0,0.0,0.0,0.0,0.0,0.0,0,65
2025-26,25,398,Jayden Danns,FWD,Liverpool,12,13,1,2026-02-08T16:30:00Z,0,0,0,0,0,0,0,0,0.0,0.0,0.0,0.0,0.0,0.0,0.0,0.0,0,43
2025-26,25,399,Ederson Santana de Moraes,GK,Man City,13,12,0,2026-02-08T16:30:00Z,0,0,0,0,0,0,0,0,0.0,0.0,0.0,0.0,0.0,0.0,0.0,0.0,0,53
2025-26,25,400,Stefan Ortega Moreno,GK,Nott'm Forest,16,11,0,2026-02-06T20:00:00Z,90,1,0,0,0,3,0,1,18.6,0.0,0.0,1.9,0.0,0.01,0.01,2.5,1,47
2025-26,25,401,Marcus Bettinelli,GK,Man City,13,12,0,2026-02-08T16:30:00Z,0,0,0,0,0,0,0,0,0.0,0.0,0.0,0.0,0.0,0.0,0.0,0.0,0,38
2025-26,25,402,Rayan Aït-Nouri,DEF,Man City,13,12,0,2026-02-08T16:30:00Z,90,2,0,0,0,1,0,15,11.2,14.7,23.0,4.9,0.23,0.17,0.4,1.21,1,57
2025-26,25,403,Joško Gvardiol,DEF,Man City,13,12,0,2026-02-08T16:30:00Z,0,0,0,0,0,0,0,0,0.0,0.0,0.0,0.0,0.0,0.0,0.0,0.0,0,59
2025-26,25,404,Manuel Akanji,DEF,Man City,13,12,0,2026-02-08T16:30:00Z,0,0,0,0,0,0,0,0,0.0,0.0,0.0,0.0,0.0,0.0,0.0,0.0,0,54
2025-26,25,405,Nathan Aké,DEF,Man City,13,12,0,2026-02-08T16:30:00Z,1,1,0,0,0,0,0,5,5.0,10.0,0.0,1.5,0.0,0.0,0.0,0.03,0,53
2025-26,25,406,Abdukodir Khusanov,DEF,Man City,13,12,0,2026-02-08T16:30:00Z,60,6,0,0,1,0,0,19,2.2,0.4,4.0,0.7,0.3,0.0,0.3,0.84,1,54
2025-26,25,407,Matheus Nunes,DEF,Man City,13,12,0,2026-02-08T16:30:00Z,90,5,0,1,0,1,0,27,19.2,20.8,2.0,4.2,0.0,0.06,0.06,1.21,1,54
2025-26,25,408,Rúben dos Santos Gato Alves Dias,DEF,Man City,13,12,0,2026-02-08T16:30:00Z,29,1,0,0,0,1,0,-2,5.2,0.8,1.0,0.7,0.03,0.01,0.04,0.37,0,55
2025-26,25,409,John Stones,DEF,Man City,13,12,0,2026-02-08T16:30:00Z,0,0,0,0,0,0,0,0,0.0,0.0,0.0,0.0,0.0,0.0,0.0,0.0,0,54
2025-26,25,410,Rico Lewis,DEF,Man City,13,12,0,2026-02-08T16:30:00Z,0,0,0,0,0,0,0,0,0.0,0.0,0.0,0.0,0.0,0.0,0.0,0.0,0,46
2025-26,25,411,Nico O'Reilly,DEF,Man City,13,12,0,2026-02-08T16:30:00Z,90,2,0,0,0,1,0,9,8.2,4.1,0.0,1.2,0.0,0.01,0.01,1.21,1,50
2025-26,25,412,Vitor de Oliveira Nunes dos Reis,DEF,Man City,13,12,0,2026-02-08T16:30:00Z,0,0,0,0,0,0,0,0,0.0,0.0,0.0,0.0,0.0,0.0,0.0,0.0,0,50
2025-26,25,413,Omar Marmoush,MID,Man City,13,12,0,2026-02-08T16:30:00Z,60,2,0,0,1,0,0,2,0.0,36.4,10.0,4.5,0.08,0.04,0.12,0.84,1,83
2025-26,25,414,Phil Foden,MID,Man City,13,12,0,2026-02-08T16:30:00Z,0,0,0,0,0,0,0,0,0.0,0.0,0.0,0.0,0.0,0.0,0.0,0.0,0,83
2025-26,25,415,Sávio Moreira de Oliveira,MID,Man City,13,12,0,2026-02-08T16:30:00Z,0,0,0,0,0,0,0,0,0.0,0.0,0.0,0.0,0.0,0.0,0.0,0.0,0,69
2025-26,25,416,Bernardo Mota Veiga de Carvalho e Silva,MID,Man City,13,12,0,2026-02-08T16:30:00Z,90,7,1,0,0,1,1,30,43.2,32.3,21.0,9.7,0.55,0.58,1.13,1.21,1,62
2025-26,25,417,Rayan Cherki,MID,Man City,13,12,0,2026-02-08T16:30:00Z,29,1,0,0,0,1,0,0,2.2,2.9,1.0,0.6,0.08,0.02,0.1,0.37,0,66
2025-26,25,418,Jérémy Doku,MID,Man City,13,12,0,2026-02-08T16:30:00Z,0,0,0,0,0,0,0,0,0.0,0.0,0.0,0.0,0.0,0.0,0.0,0.0,0,64
2025-26,25,419,Jack Grealish,MID,Everton,9,10,0,2026-02-07T15:00:00Z,0,0,0,0,0,0,0,0,0.0,0.0,0.0,0.0,0.0,0.0,0.0,0.0,0,63
2025-26,25,420,İlkay Gündoğan,MID,Man City,13,12,0,2026-02-08T16:30:00Z,0,0,0,0,0,0,0,0,0.0,0.0,0.0,0.0,0.0,0.0,0.0,0.0,0,63
2025-26,25,421,Rodrigo 'Rodri' Hernandez Cascante,MID,Man City,13,12,0,2026-02-08T16:30:00Z,90,4,0,0,0,1,0,21,23.6,45.0,4.0,7.3,0.09,0.06,0.15,1.21,1,63
2025-26,25,422,Mateo Kovačić,MID,Man City,13,12,0,2026-02-08T16:30:00Z,0,0,0,0,0,0,0,0,0.0,0.0,0.0,0.0,0.0,0.0,0.0,0.0,0,58
2025-26,25,423,Nico González Iglesias,MID,Man City,13,12,0,2026-02-08T16:30:00Z,0,0,0,0,0,0,0,0,0.0,0.0,0.0,0.0,0.0,0.0,0.0,0.0,0,59
2025-26,25,424,Oscar Bobb,MID,Fulham,10,9,1,2026-02-07T15:00:00Z,7,1,0,0,0,1,0,3,0.2,0.6,0.0,0.1,0.0,0.0,0.0,0.0,0,51
2025-26,25,425,Claudio Echeverri,MID,Man City,13,12,0,2026-02-08T16:30:00Z,0,0,0,0,0,0,0,0,0.0,0.0,0.0,0.0,0.0,0.0,0.0,0.0,0,54
2025-26,25,426,James McAtee,MID,Nott'm Forest,16,11,0,2026-02-06T20:00:00Z,0,0,0,0,0,0,0,0,0.0,0.0,0.0,0.0,0.0,0.0,0.0,0.0,0,50
2025-26,25,427,Tijjani Reijnders,MID,Man City,13,12,0,2026-02-08T16:30:00Z,0,0,0,0,0,0,0,0,0.0,0.0,0.0,0.0,0.0,0.0,0.0,0.0,0,51
2025-26,25,428,Sverre Nypan,MID,Man City,13,12,0,2026-02-08T16:30:00Z,0,0,0,0,0,0,0,0,0.0,0.0,0.0,0.0,0.0,0.0,0.0,0.0,0,50
2025-26,25,429,Kalvin Phillips,MID,Man City,13,12,0,2026-02-08T16:30:00Z,0,0,0,0,0,0,0,0,0.0,0.0,0.0,0.0,0.0,0.0,0.0,0.0,0,47
2025-26,25,430,Erling Haaland,FWD,Man City,13,12,0,2026-02-08T16:30:00Z,90,11,1,1,0,1,3,35,60.8,35.3,63.0,15.9,1.35,0.31,1.66,1.21,1,149
2025-26,25,431,Altay Bayındır,GK,Man Utd,14,18,1,2026-02-07T12:30:00Z,0,0,0,0,0,0,0,0,0.0,0.0,0.0,0.0,0.0,0.0,0.0,0.0,0,47
2025-26,25,432,André Onana,GK,Man Utd,14,18,1,2026-02-07T12:30:00Z,0,0,0,0,0,0,0,0,0.0,0.0,0.0,0.0,0.0,0.0,0.0,0.0,0,49
2025-26,25,433,Elyh Harrison,GK,Man Utd,14,18,1,2026-02-07T12:30:00Z,0,0,0,0,0,0,0,0,0.0,0.0,0.0,0.0,0.0,0.0,0.0,0.0,0,40
2025-26,25,434,Tom Heaton,GK,Man Utd,14,18,1,2026-02-07T12:30:00Z,0,0,0,0,0,0,0,0,0.0,0.0,0.0,0.0,0.0,0.0,0.0,0.0,0,39
2025-26,25,435,Dermot Mee,GK,Man Utd,14,18,1,2026-02-07T12:30:00Z,0,0,0,0,0,0,0,0,0.0,0.0,0.0,0.0,0.0,0.0,0.0,0.0,0,39
2025-26,25,436,Matthijs de Ligt,DEF,Man Utd,14,18,1,2026-02-07T12:30:00Z,0,0,0,0,0,0,0,0,0.0,0.0,0.0,0.0,0.0,0.0,0.0,0.0,0,49
2025-26,25,437,Lisandro Martínez,DEF,Man Utd,14,18,1,2026-02-07T12:30:00Z,90,7,0,0,1,0,1,32,23.2,11.3,0.0,3.5,0.0,0.06,0.06,0.49,1,48
2025-26,25,438,Noussair Mazraoui,DEF,Man Utd,14,18,1,2026-02-07T12:30:00Z,3,1,0,0,0,0,0,2,0.0,0.3,8.0,0.7,0.04,0.0,0.04,0.02,0,49
2025-26,25,439,Diego León Blanco,DEF,Man Utd,14,18,1,2026-02-07T12:30:00Z,0,0,0,0,0,0,0,0,0.0,0.0,0.0,0.0,0.0,0.0,0.0,0.0,0,42
2025-26,25,440,Diogo Dalot Teixeira,DEF,Man Utd,14,18,1,2026-02-07T12:30:00Z,90,12,0,1,1,0,3,48,42.2,29.6,8.0,8.0,0.04,0.1,0.14,0.49,1,45
2025-26,25,441,Patrick Dorgu,DEF,Man Utd,14,18,1,2026-02-07T12:30:00Z,0,0,0,0,0,0,0,0,0.0,0.0,0.0,0.0,0.0,0.0,0.0,0.0,0,44
2025-26,25,442,Harry Maguire,DEF,Man Utd,14,18,1,2026-02-07T12:30:00Z,90,6,0,0,1,0,0,28,20.6,1.9,0.0,2.3,0.0,0.02,0.02,0.49,1,43
2025-26,25,443,Luke Shaw,DEF,Man Utd,14,18,1,2026-02-07T12:30:00Z,86,6,0,0,1,0,0,24,5.4,7.7,14.0,2.7,0.22,0.05,0.26,0.47,1,45
2025-26,25,444,Leny Yoro,DEF,Man Utd,14,18,1,2026-02-07T12:30:00Z,0,0,0,0,0,0,0,0,0.0,0.0,0.0,0.0,0.0,0.0,0.0,0.0,0,42
2025-26,25,445,Harry Amass,DEF,Man Utd,14,18,1,2026-02-07T12:30:00Z,0,0,0,0,0,0,0,0,0.0,0.0,0.0,0.0,0.0,0.0,0.0,0.0,0,40
2025-26,25,446,Tyler Fredricson,DEF,Man Utd,14,18,1,2026-02-07T12:30:00Z,0,0,0,0,0,0,0,0,0.0,0.0,0.0,0.0,0.0,0.0,0.0,0.0,0,38
2025-26,25,447,Ayden Heaven,DEF,Man Utd,14,18,1,2026-02-07T12:30:00Z,0,0,0,0,0,0,0,0,0.0,0.0,0.0,0.0,0.0,0.0,0.0,0.0,0,38
2025-26,25,448,Tyrell Malacia,DEF,Man Utd,14,18,1,2026-02-07T12:30:00Z,0,0,0,0,0,0,0,0,0.0,0.0,0.0,0.0,0.0,0.0,0.0,0.0,0,38
2025-26,25,449,Bruno Borges Fernandes,MID,Man Utd,14,18,1,2026-02-07T12:30:00Z,90,10,1,0,1,0,2,41,53.2,79.2,41.0,17.3,0.72,0.51,1.23,0.49,1,97
2025-26,25,450,Matheus Santos Carneiro da Cunha,MID,Man Utd,14,18,1,2026-02-07T12:30:00Z,74,3,0,0,1,0,0,12,6.2,17.3,7.0,3.1,0.03,0.06,0.09,0.47,1,80
2025-26,25,451,Marcus Rashford,MID,Man Utd,14,18,1,2026-02-07T12:30:00Z,0,0,0,0,0,0,0,0,0.0,0.0,0.0,0.0,0.0,0.0,0.0,0.0,0,70
2025-26,25,452,Amad Diallo,MID,Man Utd,14,18,1,2026-02-07T12:30:00Z,90,2,0,0,1,0,0,14,16.2,37.2,31.0,8.4,0.02,0.17,0.19,0.49,1,62
2025-26,25,453,Alejandro Garnacho Ferreyra,MID,Chelsea,7,20,0,2026-02-07T15:00:00Z,29,1,0,0,0,0,0,3,1.6,1.5,2.0,0.5,0.0,0.02,0.02,0.35,0,64
2025-26,25,454,Antony dos Santos,MID,Man Utd,14,18,1,2026-02-07T12:30:00Z,0,0,0,0,0,0,0,0,0.0,0.0,0.0,0.0,0.0,0.0,0.0,0.0,0,59
2025-26,25,455,Mason Mount,MID,Man Utd,14,18,1,2026-02-07T12:30:00Z,0,0,0,0,0,0,0,0,0.0,0.0,0.0,0.0,0.0,0.0,0.0,0.0,0,59
2025-26,25,456,Jadon Sancho,MID,Aston Villa,2,4,0,2026-02-07T15:00:00Z,76,5,0,1,0,1,0,25,28.0,23.8,11.0,6.3,0.09,0.05,0.14,1.63,1,58
2025-26,25,457,Carlos Henrique Casimiro,MID,Man Utd,14,18,1,2026-02-07T12:30:00Z,86,3,0,0,1,0,0,16,26.2,34.6,39.0,10.0,0.25,0.42,0.67,0.47,1,56
2025-26,25,458,Kobbie Mainoo,MID,Man Utd,14,18,1,2026-02-07T12:30:00Z,90,6,0,1,1,0,0,28,36.8,56.6,6.0,9.9,0.0,0.22,0.22,0.47,1,46
2025-26,25,459,Manuel Ugarte Ribeiro,MID,Man Utd,14,18,1,2026-02-07T12:30:00Z,3,1,0,0,0,0,0,3,5.2,1.6,0.0,0.7,0.0,0.0,0.0,0.02,0,47
2025-26,25,460,Toby Collyer,MID,Man Utd,14,18,1,2026-02-07T12:30:00Z,0,0,0,0,0,0,0,0,0.0,0.0,0.0,0.0,0.0,0.0,0.0,0.0,0,45
2025-26,25,461,Jayce Fitzgerald,MID,Man Utd,14,18,1,2026-02-07T12:30:00Z,0,0,0,0,0,0,0,0,0.0,0.0,0.0,0.0,0.0,0.0,0.0,0.0,0,43
2025-26,25,462,Jack Fletcher,MID,Man Utd,14,18,1,2026-02-07T12:30:00Z,0,0,0,0,0,0,0,0,0.0,0.0,0.0,0.0,0.0,0.0,0.0,0.0,0,43
2025-26,25,463,Sékou Koné,MID,Man Utd,14,18,1,2026-02-07T12:30:00Z,0,0,0,0,0,0,0,0,0.0,0.0,0.0,0.0,0.0,0.0,0.0,0.0,0,43
2025-26,25,464,Jack Moorhouse,MID,Man Utd,14,18,1,2026-02-07T12:30:00Z,0,0,0,0,0,0,0,0,0.0,0.0,0.0,0.0,0.0,0.0,0.0,0.0,0,45
2025-26,25,465,Rasmus Højlund,FWD,Man Utd,14,18,1,2026-02-07T12:30:00Z,0,0,0,0,0,0,0,0,0.0,0.0,0.0,0.0,0.0,0.0,0.0,0.0,0,63
2025-26,25,466,Joshua Zirkzee,FWD,Man Utd,14,18,1,2026-02-07T12:30:00Z,3,1,0,0,0,0,0,2,0.2,0.7,2.0,0.3,0.0,0.0,0.0,0.02,0,58
2025-26,25,467,Chido Obi,FWD,Man Utd,14,18,1,2026-02-07T12:30:00Z,0,0,0,0,0,0,0,0,0.0,0.0,0.0,0.0,0.0,0.0,0.0,0.0,0,42
2025-26,25,468,Ethan Wheatley,FWD,Man Utd,14,18,1,2026-02-07T12:30:00Z,0,0,0,0,0,0,0,0,0.0,0.0,0.0,0.0,0.0,0.0,0.0,0.0,0,45
2025-26,25,469,Nick Pope,GK,Newcastle,15,5,1,2026-02-07T17:30:00Z,90,2,0,0,0,3,0,1,16.4,0.0,0.0,1.6,0.0,0.0,0.0,1.79,1,51
2025-26,25,470,Martin Dúbravka,GK,Burnley,3,19,1,2026-02-07T15:00:00Z,90,1,0,0,0,2,0,9,16.8,0.0,0.0,1.7,0.0,0.0,0.0,1.02,1,40
2025-26,25,471,Mark Gillespie,GK,Newcastle,15,5,1,2026-02-07T17:30:00Z,0,0,0,0,0,0,0,0,0.0,0.0,0.0,0.0,0.0,0.0,0.0,0.0,0,39
2025-26,25,472,Odysseas Vlachodimos,GK,Newcastle,15,5,1,2026-02-07T17:30:00Z,0,0,0,0,0,0,0,0,0.0,0.0,0.0,0.0,0.0,0.0,0.0,0.0,0,40
2025-26,25,473,Lewis Hall,DEF,Newcastle,15,5,1,2026-02-07T17:30:00Z,90,0,0,0,0,3,0,1,16.8,13.1,6.0,3.6,0.02,0.02,0.04,1.79,1,53
2025-26,25,474,Fabian Schär,DEF,Newcastle,15,5,1,2026-02-07T17:30:00Z,0,0,0,0,0,0,0,0,0.0,0.0,0.0,0.0,0.0,0.0,0.0,0.0,0,52
2025-26,25,475,Sven Botman,DEF,Newcastle,15,5,1,2026-02-07T17:30:00Z,90,7,1,0,0,3,0,18,54.0,1.6,40.0,9.6,0.29,0.01,0.3,1.79,1,49
2025-26,25,476,Dan Burn,DEF,Newcastle,15,5,1,2026-02-07T17:30:00Z,3,1,0,0,0,0,0,5,5.6,1.1,0.0,0.7,0.0,0.0,0.0,0.14,0,50
2025-26,25,477,Tino Livramento,DEF,Newcastle,15,5,1,2026-02-07T17:30:00Z,0,0,0,0,0,0,0,0,0.0,0.0,0.0,0.0,0.0,0.0,0.0,0.0,0,49
2025-26,25,478,Kieran Trippier,DEF,Newcastle,15,5,1,2026-02-07T17:30:00Z,86,1,0,0,0,3,0,5,14.2,27.4,0.0,4.2,0.0,0.08,0.08,1.65,1,49
2025-26,25,479,Emil Krafth,DEF,Newcastle,15,5,1,2026-02-07T17:30:00Z,0,0,0,0,0,0,0,0,0.0,0.0,0.0,0.0,0.0,0.0,0.0,0.0,0,43
2025-26,25,480,Jamaal Lascelles,DEF,Newcastle,15,5,1,2026-02-07T17:30:00Z,0,0,0,0,0,0,0,0,0.0,0.0,0.0,0.0,0.0,0.0,0.0,0.0,0,43
2025-26,25,481,Alex Murphy,DEF,Newcastle,15,5,1,2026-02-07T17:30:00Z,0,0,0,0,0,0,0,0,0.0,0.0,0.0,0.0,0.0,0.0,0.0,0.0,0,38
2025-26,25,482,Harrison Ashby,DEF,Newcastle,15,5,1,2026-02-07T17:30:00Z,0,0,0,0,0,0,0,0,0.0,0.0,0.0,0.0,0.0,0.0,0.0,0.0,0,39
2025-26,25,483,Miodrag Pivaš,DEF,Newcastle,15,5,1,2026-02-07T17:30:00Z,0,0,0,0,0,0,0,0,0.0,0.0,0.0,0.0,0.0,0.0,0.0,0.0,0,38
2025-26,25,484,Matt Targett,DEF,Newcastle,15,5,1,2026-02-07T17:30:00Z,0,0,0,0,0,0,0,0,0.0,0.0,0.0,0.0,0.0,0.0,0.0,0.0,0,40
2025-26,25,485,Anthony Gordon,MID,Newcastle,15,5,1,2026-02-07T17:30:00Z,0,0,0,0,0,0,0,0,0.0,0.0,0.0,0.0,0.0,0.0,0.0,0.0,0,73
2025-26,25,486,Anthony Elanga,MID,Newcastle,15,5,1,2026-02-07T17:30:00Z,45,1,0,0,0,1,0,8,8.4,37.5,10.0,5.6,0.04,0.56,0.6,0.4,0,65
2025-26,25,487,Harvey Barnes,MID,Newcastle,15,5,1,2026-02-07T17:30:00Z,90,2,0,0,0,3,0,-3,0.0,3.3,11.0,1.1,0.34,0.04,0.38,1.79,1,61
2025-26,25,488,Bruno Guimarães Rodriguez Moura,MID,Newcastle,15,5,1,2026-02-07T17:30:00Z,90,11,1,1,0,3,1,37,57.2,42.3,21.0,12.1,0.79,0.27,1.06,1.79,1,71
2025-26,25,489,Jacob Murphy,MID,Newcastle,15,5,1,2026-02-07T17:30:00Z,45,0,0,0,0,2,0,-2,0.0,11.1,8.0,1.1,0.03,0.0,0.03,1.39,1,59
2025-26,25,490,Joelinton Cássio Apolinário de Lira,MID,Newcastle,15,5,1,2026-02-07T17:30:00Z,0,0,0,0,0,0,0,0,0.0,0.0,0.0,0.0,0.0,0.0,0.0,0.0,0,59
2025-26,25,491,Sandro Tonali,MID,Newcastle,15,5,1,2026-02-07T17:30:00Z,86,2,0,0,0,3,0,14,6.8,13.4,9.0,2.9,0.16,0.03,0.19,1.65,1,53
2025-26,25,492,Antoñito Cordero Campillo,MID,Newcastle,15,5,1,2026-02-07T17:30:00Z,0,0,0,0,0,0,0,0,0.0,0.0,0.0,0.0,0.0,0.0,0.0,0.0,0,49
2025-26,25,493,Sean Longstaff,MID,Leeds,11,16,1,2026-02-06T20:00:00Z,8,1,0,0,0,1,0,1,0.0,0.1,0.0,0.0,0.0,0.0,0.0,0.28,0,48
2025-26,25,494,Joe Willock,MID,Newcastle,15,5,1,2026-02-07T17:30:00Z,45,1,0,0,0,2,0,9,6.6,0.9,0.0,0.8,0.0,0.0,0.0,1.39,1,50
2025-26,25,495,Isaac Hayden,MID,Newcastle,15,5,1,2026-02-07T17:30:00Z,0,0,0,0,0,0,0,0,0.0,0.0,0.0,0.0,0.0,0.0,0.0,0.0,0,45
2025-26,25,496,Garang Kuol,MID,Newcastle,15,5,1,2026-02-07T17:30:00Z,0,0,0,0,0,0,0,0,0.0,0.0,0.0,0.0,0.0,0.0,0.0,0.0,0,44
2025-26,25,497,Lewis Miley,MID,Newcastle,15,5,1,2026-02-07T17:30:00Z,0,0,0,0,0,0,0,0,0.0,0.0,0.0,0.0,0.0,0.0,0.0,0.0,0,45
2025-26,25,498,Joe White,MID,Newcastle,15,5,1,2026-02-07T17:30:00Z,0,0,0,0,0,0,0,0,0.0,0.0,0.0,0.0,0.0,0.0,0.0,0.0,0,45
2025-26,25,499,Alexander Isak,FWD,Liverpool,12,13,1,2026-02-08T16:30:00Z,0,0,0,0,0,0,0,0,0.0,0.0,0.0,0.0,0.0,0.0,0.0,0.0,0,103
2025-26,25,500,William Osula,FWD,Newcastle,15,5,1,2026-02-07T17:30:00Z,25,1,0,0,0,1,0,2,1.2,1.6,2.0,0.5,0.0,0.01,0.01,0.25,0,54
2025-26,25,501,Sean Neave,FWD,Newcastle,15,5,1,2026-02-07T17:30:00Z,0,0,0,0,0,0,0,0,0.0,0.0,0.0,0.0,0.0,0.0,0.0,0.0,0,43
2025-26,25,502,Matz Sels,GK,Nott'm Forest,16,11,0,2026-02-06T20:00:00Z,0,0,0,0,0,0,0,0,0.0,0.0,0.0,0.0,0.0,0.0,0.0,0.0,0,46
2025-26,25,503,Carlos Miguel dos Santos Pereira,GK,Nott'm Forest,16,11,0,2026-02-06T20:00:00Z,0,0,0,0,0,0,0,0,0.0,0.0,0.0,0.0,0.0,0.0,0.0,0.0,0,40
2025-26,25,504,Matt Turner,GK,Nott'm Forest,16,11,0,2026-02-06T20:00:00Z,0,0,0,0,0,0,0,0,0.0,0.0,0.0,0.0,0.0,0.0,0.0,0.0,0,40
2025-26,25,505,Nikola Milenković,DEF,Nott'm Forest,16,11,0,2026-02-06T20:00:00Z,90,1,0,0,0,3,0,-3,13.0,0.3,4.0,1.7,0.0,0.0,0.0,2.5,1,51
2025-26,25,506,Murillo Costa dos Santos,DEF,Nott'm Forest,16,11,0,2026-02-06T20:00:00Z,0,0,0,0,0,0,0,0,0.0,0.0,0.0,0.0,0.0,0.0,0.0,0.0,0,52
2025-26,25,507,Ola Aina,DEF,Nott'm Forest,16,11,0,2026-02-06T20:00:00Z,90,1,0,0,0,3,0,-2,8.6,3.3,2.0,1.4,0.07,0.0,0.07,2.5,1,47
2025-26,25,508,Neco Williams,DEF,Nott'm Forest,16,11,0,2026-02-06T20:00:00Z,0,0,0,0,0,0,0,0,0.0,0.0,0.0,0.0,0.0,0.0,0.0,0.0,0,47
2025-26,25,509,David Mota Veiga Teixeira do Carmo,DEF,Nott'm Forest,16,11,0,2026-02-06T20:00:00Z,0,0,0,0,0,0,0,0,0.0,0.0,0.0,0.0,0.0,0.0,0.0,0.0,0,45
2025-26,25,510,Jair Paula da Cunha Filho,DEF,Nott'm Forest,16,11,0,2026-02-06T20:00:00Z,0,0,0,0,0,0,0,0,0.0,0.0,0.0,0.0,0.0,0.0,0.0,0.0,0,42
2025-26,25,511,Felipe Rodrigues da Silva,DEF,Nott'm Forest,16,11,0,2026-02-06T20:00:00Z,90,3,0,0,0,3,0,5,25.6,0.2,9.0,3.5,0.43,0.01,0.44,2.5,1,43
2025-26,25,512,Omar Richards,DEF,Nott'm Forest,16,11,0,2026-02-06T20:00:00Z,0,0,0,0,0,0,0,0,0.0,0.0,0.0,0.0,0.0,0.0,0.0,0.0,0,45
2025-26,25,513,Zach Abbott,DEF,Nott'm Forest,16,11,0,2026-02-06T20:00:00Z,75,1,0,0,0,3,0,-4,9.8,5.7,0.0,1.6,0.0,0.01,0.01,2.5,1,38
2025-26,25,514,Willy Boly,DEF,Nott'm Forest,16,11,0,2026-02-06T20:00:00Z,0,0,0,0,0,0,0,0,0.0,0.0,0.0,0.0,0.0,0.0,0.0,0.0,0,38
2025-26,25,515,Morgan Gibbs-White,MID,Nott'm Forest,16,11,0,2026-02-06T20:00:00Z,66,2,0,0,0,3,0,12,11.2,33.0,13.0,5.7,0.08,0.03,0.11,2.5,1,73
2025-26,25,516,Callum Hudson-Odoi,MID,Nott'm Forest,16,11,0,2026-02-06T20:00:00Z,66,2,0,0,0,3,0,6,6.8,11.0,17.0,3.5,0.11,0.06,0.17,2.5,1,57
2025-26,25,517,Elliot Anderson,MID,Nott'm Forest,16,11,0,2026-02-06T20:00:00Z,90,4,0,0,0,3,0,16,27.4,47.8,6.0,8.1,0.0,0.21,0.21,2.5,1,53
2025-26,25,518,João Pedro Ferreira da Silva,MID,Nott'm Forest,16,11,0,2026-02-06T20:00:00Z,0,0,0,0,0,0,0,0,0.0,0.0,0.0,0.0,0.0,0.0,0.0,0.0,0,54
2025-26,25,519,Nicolás Domínguez,MID,Nott'm Forest,16,11,0,2026-02-06T20:00:00Z,53,1,0,0,0,3,0,8,14.8,1.1,35.0,5.1,0.19,0.01,0.2,2.05,1,50
2025-26,25,520,Lewis O'Brien,MID,Nott'm Forest,16,11,0,2026-02-06T20:00:00Z,0,0,0,0,0,0,0,0,0.0,0.0,0.0,0.0,0.0,0.0,0.0,0.0,0,50
2025-26,25,521,Ibrahim Sangaré,MID,Nott'm Forest,16,11,0,2026-02-06T20:00:00Z,90,1,0,0,0,3,0,10,10.4,13.4,24.0,4.8,0.13,0.08,0.21,2.5,1,49
2025-26,25,522,Ryan Yates,MID,Nott'm Forest,16,11,0,2026-02-06T20:00:00Z,23,1,0,0,0,0,0,5,2.0,10.8,4.0,1.7,0.02,0.01,0.03,0.0,0,47
2025-26,25,523,Eric da Silva Moreira,MID,Nott'm Forest,16,11,0,2026-02-06T20:00:00Z,0,0,0,0,0,0,0,0,0.0,0.0,0.0,0.0,0.0,0.0,0.0,0.0,0,45
2025-26,25,524,Marko Stamenić,MID,Nott'm Forest,16,11,0,2026-02-06T20:00:00Z,0,0,0,0,0,0,0,0,0.0,0.0,0.0,0.0,0.0,0.0,0.0,0.0,0,45
2025-26,25,525,Chris Wood,FWD,Nott'm Forest,16,11,0,2026-02-06T20:00:00Z,0,0,0,0,0,0,0,0,0.0,0.0,0.0,0.0,0.0,0.0,0.0,0.0,0,72
2025-26,25,526,Igor Jesus Maciel da Cruz,FWD,Nott'm Forest,16,11,0,2026-02-06T20:00:00Z,53,1,0,0,0,3,0,5,2.0,3.0,25.0,3.0,0.09,0.01,0.1,2.05,1,58
2025-26,25,527,Taiwo Awoniyi,FWD,Nott'm Forest,16,11,0,2026-02-06T20:00:00Z,0,0,0,0,0,0,0,0,0.0,0.0,0.0,0.0,0.0,0.0,0.0,0.0,0,52
2025-26,25,528,Anthony Patterson,GK,Sunderland,17,1,0,2026-02-07T15:00:00Z,0,0,0,0,0,0,0,0,0.0,0.0,0.0,0.0,0.0,0.0,0.0,0.0,0,42
2025-26,25,529,Simon Moore,GK,Sunderland,17,1,0,2026-02-07T15:00:00Z,0,0,0,0,0,0,0,0,0.0,0.0,0.0,0.0,0.0,0.0,0.0,0.0,0,39
2025-26,25,530,Blondy Nna Noukeu,GK,Sunderland,17,1,0,2026-02-07T15:00:00Z,0,0,0,0,0,0,0,0,0.0,0.0,0.0,0.0,0.0,0.0,0.0,0.0,0,39
2025-26,25,531,Daniel Ballard,DEF,Sunderland,17,1,0,2026-02-07T15:00:00Z,90,1,0,0,0,3,0,7,22.4,10.8,6.0,3.9,0.0,0.01,0.01,1.49,1,46
2025-26,25,532,Trai Hume,DEF,Sunderland,17,1,0,2026-02-07T15:00:00Z,84,1,0,0,0,2,0,3,11.6,3.8,2.0,1.7,0.0,0.01,0.01,0.85,1,45
2025-26,25,533,Aji Alese,DEF,Sunderland,17,1,0,2026-02-07T15:00:00Z,0,0,0,0,0,0,0,0,0.0,0.0,0.0,0.0,0.0,0.0,0.0,0.0,0,40
2025-26,25,534,Joe Anderson,DEF,Sunderland,17,1,0,2026-02-07T15:00:00Z,0,0,0,0,0,0,0,0,0.0,0.0,0.0,0.0,0.0,0.0,0.0,0.0,0,38
2025-26,25,535,Dennis Cirkin,DEF,Sunderland,17,1,0,2026-02-07T15:00:00Z,0,0,0,0,0,0,0,0,0.0,0.0,0.0,0.0,0.0,0.0,0.0,0.0,0,40
2025-26,25,536,Leo Fuhr Hjelde,DEF,Sunderland,17,1,0,2026-02-07T15:00:00Z,0,0,0,0,0,0,0,0,0.0,0.0,0.0,0.0,0.0,0.0,0.0,0.0,0,40
2025-26,25,537,Niall Huggins,DEF,Sunderland,17,1,0,2026-02-07T15:00:00Z,0,0,0,0,0,0,0,0,0.0,0.0,0.0,0.0,0.0,0.0,0.0,0.0,0,40
2025-26,25,538,Zak Johnson,DEF,Sunderland,17,1,0,2026-02-07T15:00:00Z,0,0,0,0,0,0,0,0,0.0,0.0,0.0,0.0,0.0,0.0,0.0,0.0,0,38
2025-26,25,539,Luke O'Nien,DEF,Sunderland,17,1,0,2026-02-07T15:00:00Z,0,0,0,0,0,0,0,0,0.0,0.0,0.0,0.0,0.0,0.0,0.0,0.0,0,40
2025-26,25,540,Timothée Pembélé,DEF,Sunderland,17,1,0,2026-02-07T15:00:00Z,0,0,0,0,0,0,0,0,0.0,0.0,0.0,0.0,0.0,0.0,0.0,0.0,0,39
2025-26,25,541,Reinildo Mandava,DEF,Sunderland,17,1,0,2026-02-07T15:00:00Z,90,1,0,0,0,3,0,-1,16.4,2.4,0.0,1.9,0.0,0.0,0.0,1.49,1,38
2025-26,25,542,Jenson Seelt,DEF,Sunderland,17,1,0,2026-02-07T15:00:00Z,0,0,0,0,0,0,0,0,0.0,0.0,0.0,0.0,0.0,0.0,0.0,0.0,0,40
2025-26,25,543,Simon Adingra,MID,Sunderland,17,1,0,2026-02-07T15:00:00Z,0,0,0,0,0,0,0,0,0.0,0.0,0.0,0.0,0.0,0.0,0.0,0.0,0,49
2025-26,25,544,Habib Diarra,MID,Sunderland,17,1,0,2026-02-07T15:00:00Z,90,1,0,0,0,3,0,13,7.0,7.1,19.0,3.3,0.04,0.02,0.06,1.49,1,53
2025-26,25,545,Patrick Roberts,MID,Sunderland,17,1,0,2026-02-07T15:00:00Z,0,0,0,0,0,0,0,0,0.0,0.0,0.0,0.0,0.0,0.0,0.0,0.0,0,54
2025-26,25,546,Milan Aleksić,MID,Sunderland,17,1,0,2026-02-07T15:00:00Z,0,0,0,0,0,0,0,0,0.0,0.0,0.0,0.0,0.0,0.0,0.0,0.0,0,49
2025-26,25,547,Enzo Le Fée,MID,Sunderland,17,1,0,2026-02-07T15:00:00Z,90,2,0,0,0,3,0,11,10.6,3.7,0.0,1.4,0.0,0.06,0.06,1.49,1,49
2025-26,25,548,Romaine Mundle,MID,Sunderland,17,1,0,2026-02-07T15:00:00Z,26,1,0,0,0,2,0,6,4.0,0.3,2.0,0.6,0.0,0.0,0.0,1.01,0,49
2025-26,25,549,Dan Neil,MID,Sunderland,17,1,0,2026-02-07T15:00:00Z,0,0,0,0,0,0,0,0,0.0,0.0,0.0,0.0,0.0,0.0,0.0,0.0,0,48
2025-26,25,550,Ian Poveda-Ocampo,MID,Sunderland,17,1,0,2026-02-07T15:00:00Z,0,0,0,0,0,0,0,0,0.0,0.0,0.0,0.0,0.0,0.0,0.0,0.0,0,48
2025-26,25,551,Chris Rigg,MID,Sunderland,17,1,0,2026-02-07T15:00:00Z,0,0,0,0,0,0,0,0,0.0,0.0,0.0,0.0,0.0,0.0,0.0,0.0,0,47
2025-26,25,552,Noah Sadiki,MID,Sunderland,17,1,0,2026-02-07T15:00:00Z,70,2,0,0,0,2,0,13,9.0,12.1,2.0,2.3,0.0,0.01,0.01,0.79,1,49
2025-26,25,553,Chemsdine Talbi,MID,Sunderland,17,1,0,2026-02-07T15:00:00Z,63,2,0,0,0,1,0,6,4.2,2.0,19.0,2.5,0.04,0.0,0.04,0.48,1,49
2025-26,25,554,Abdoullah Ba,MID,Sunderland,17,1,0,2026-02-07T15:00:00Z,0,0,0,0,0,0,0,0,0.0,0.0,0.0,0.0,0.0,0.0,0.0,0.0,0,43
2025-26,25,555,Alan Browne,MID,Sunderland,17,1,0,2026-02-07T15:00:00Z,0,0,0,0,0,0,0,0,0.0,0.0,0.0,0.0,0.0,0.0,0.0,0.0,0,45
2025-26,25,556,Pierre Ekwah Elimby,MID,Sunderland,17,1,0,2026-02-07T15:00:00Z,0,0,0,0,0,0,0,0,0.0,0.0,0.0,0.0,0.0,0.0,0.0,0.0,0,45
2025-26,25,557,Harrison Jones,MID,Sunderland,17,1,0,2026-02-07T15:00:00Z,0,0,0,0,0,0,0,0,0.0,0.0,0.0,0.0,0.0,0.0,0.0,0.0,0,43
2025-26,25,558,Jay Matete,MID,Sunderland,17,1,0,2026-02-07T15:00:00Z,0,0,0,0,0,0,0,0,0.0,0.0,0.0,0.0,0.0,0.0,0.0,0.0,0,43
2025-26,25,559,Nectarios Triantis,MID,Sunderland,17,1,0,2026-02-07T15:00:00Z,0,0,0,0,0,0,0,0,0.0,0.0,0.0,0.0,0.0,0.0,0.0,0.0,0,44
2025-26,25,560,Wilson Isidor,FWD,Sunderland,17,1,0,2026-02-07T15:00:00Z,5,1,0,0,0,1,0,3,0.0,0.1,0.0,0.0,0.0,0.0,0.0,0.65,0,52
2025-26,25,561,Eliezer Mayenda Dossou,FWD,Sunderland,17,1,0,2026-02-07T15:00:00Z,0,0,0,0,0,0,0,0,0.0,0.0,0.0,0.0,0.0,0.0,0.0,0.0,0,52
2025-26,25,562,Ahmed Abdullahi,FWD,Sunderland,17,1,0,2026-02-07T15:00:00Z,0,0,0,0,0,0,0,0,0.0,0.0,0.0,0.0,0.0,0.0,0.0,0.0,0,42
2025-26,25,563,Luís Hemir Silva Semedo,FWD,Sunderland,17,1,0,2026-02-07T15:00:00Z,0,0,0,0,0,0,0,0,0.0,0.0,0.0,0.0,0.0,0.0,0.0,0.0,0,44
2025-26,25,564,Nazarii Rusyn,FWD,Sunderland,17,1,0,2026-02-07T15:00:00Z,0,0,0,0,0,0,0,0,0.0,0.0,0.0,0.0,0.0,0.0,0.0,0.0,0,44
2025-26,25,565,Guglielmo Vicario,GK,Spurs,18,14,0,2026-02-07T12:30:00Z,90,3,0,0,0,2,0,24,49.6,0.0,0.0,5.0,0.0,0.0,0.0,1.78,1,48
2025-26,25,566,Brandon Austin,GK,Spurs,18,14,0,2026-02-07T12:30:00Z,0,0,0,0,0,0,0,0,0.0,0.0,0.0,0.0,0.0,0.0,0.0,0.0,0,39
2025-26,25,567,Antonín Kinský,GK,Spurs,18,14,0,2026-02-07T12:30:00Z,0,0,0,0,0,0,0,0,0.0,0.0,0.0,0.0,0.0,0.0,0.0,0.0,0,39
2025-26,25,568,Pedro Porro Sauceda,DEF,Spurs,18,14,0,2026-02-07T12:30:00Z,0,0,0,0,0,0,0,0,0.0,0.0,0.0,0.0,0.0,0.0,0.0,0.0,0,52
2025-26,25,569,Cristian Romero,DEF,Spurs,18,14,0,2026-02-07T12:30:00Z,28,-3,0,0,0,2,0,-15,3.0,0.4,2.0,0.5,0.0,0.02,0.02,0.4,1,50
2025-26,25,570,Kevin Danso,DEF,Spurs,18,14,0,2026-02-07T12:30:00Z,0,0,0,0,0,0,0,0,0.0,0.0,0.0,0.0,0.0,0.0,0.0,0.0,0,42
2025-26,25,571,Ben Davies,DEF,Spurs,18,14,0,2026-02-07T12:30:00Z,0,0,0,0,0,0,0,0,0.0,0.0,0.0,0.0,0.0,0.0,0.0,0.0,0,43
2025-26,25,572,Radu Drăgușin,DEF,Spurs,18,14,0,2026-02-07T12:30:00Z,58,0,0,0,0,2,0,-1,9.4,0.1,0.0,1.0,0.0,0.0,0.0,1.38,0,45
2025-26,25,573,Djed Spence,DEF,Spurs,18,14,0,2026-02-07T12:30:00Z,0,0,0,0,0,0,0,0,0.0,0.0,0.0,0.0,0.0,0.0,0.0,0.0,0,43
2025-26,25,574,Destiny Udogie,DEF,Spurs,18,14,0,2026-02-07T12:30:00Z,54,0,0,0,0,1,0,-1,6.8,15.0,0.0,2.2,0.0,0.12,0.12,0.74,1,43
2025-26,25,575,Micky van de Ven,DEF,Spurs,18,14,0,2026-02-07T12:30:00Z,90,1,0,0,0,2,0,6,21.6,0.5,7.0,2.9,0.14,0.0,0.14,1.78,1,45
2025-26,25,576,Ashley Phillips,DEF,Spurs,18,14,0,2026-02-07T12:30:00Z,0,0,0,0,0,0,0,0,0.0,0.0,0.0,0.0,0.0,0.0,0.0,0.0,0,40
2025-26,25,577,Takai Kōta,DEF,Spurs,18,14,0,2026-02-07T12:30:00Z,0,0,0,0,0,0,0,0,0.0,0.0,0.0,0.0,0.0,0.0,0.0,0.0,0,40
2025-26,25,578,Luka Vušković,DEF,Spurs,18,14,0,2026-02-07T12:30:00Z,0,0,0,0,0,0,0,0,0.0,0.0,0.0,0.0,0.0,0.0,0.0,0.0,0,39
2025-26,25,579,Son Heung-min,MID,Spurs,18,14,0,2026-02-07T12:30:00Z,0,0,0,0,0,0,0,0,0.0,0.0,0.0,0.0,0.0,0.0,0.0,0.0,0,85
2025-26,25,580,Brennan Johnson,MID,Crystal Palace,8,6,0,2026-02-08T14:00:00Z,2,1,0,0,0,0,0,2,0.0,0.3,0.0,0.0,0.0,0.0,0.0,0.0,0,65
2025-26,25,581,James Maddison,MID,Spurs,18,14,0,2026-02-07T12:30:00Z,0,0,0,0,0,0,0,0,0.0,0.0,0.0,0.0,0.0,0.0,0.0,0.0,0,68
2025-26,25,582,Mohammed Kudus,MID,Spurs,18,14,0,2026-02-07T12:30:00Z,0,0,0,0,0,0,0,0,0.0,0.0,0.0,0.0,0.0,0.0,0.0,0.0,0,64
2025-26,25,583,Dejan Kulusevski,MID,Spurs,18,14,0,2026-02-07T12:30:00Z,0,0,0,0,0,0,0,0,0.0,0.0,0.0,0.0,0.0,0.0,0.0,0.0,0,64
2025-26,25,584,Mathys Tel,MID,Spurs,18,14,0,2026-02-07T12:30:00Z,10,1,0,0,0,1,0,2,1.2,0.3,5.0,0.7,0.02,0.0,0.02,0.69,0,62
2025-26,25,585,Rodrigo Bentancur,MID,Spurs,18,14,0,2026-02-07T12:30:00Z,0,0,0,0,0,0,0,0,0.0,0.0,0.0,0.0,0.0,0.0,0.0,0.0,0,53
2025-26,25,586,Lucas Bergvall,MID,Spurs,18,14,0,2026-02-07T12:30:00Z,0,0,0,0,0,0,0,0,0.0,0.0,0.0,0.0,0.0,0.0,0.0,0.0,0,52
2025-26,25,587,Yves Bissouma,MID,Spurs,18,14,0,2026-02-07T12:30:00Z,10,1,0,0,0,1,0,3,3.4,0.1,0.0,0.4,0.0,0.0,0.0,0.69,0,52
2025-26,25,588,Wilson Odobert,MID,Spurs,18,14,0,2026-02-07T12:30:00Z,31,1,0,0,0,0,0,4,2.6,11.6,0.0,1.4,0.0,0.01,0.01,0.4,1,53
2025-26,25,589,Manor Solomon,MID,Spurs,18,14,0,2026-02-07T12:30:00Z,0,0,0,0,0,0,0,0,0.0,0.0,0.0,0.0,0.0,0.0,0.0,0.0,0,54
2025-26,25,590,Bryan Gil Salvatierra,MID,Spurs,18,14,0,2026-02-07T12:30:00Z,0,0,0,0,0,0,0,0,0.0,0.0,0.0,0.0,0.0,0.0,0.0,0.0,0,49
2025-26,25,591,Archie Gray,MID,Spurs,18,14,0,2026-02-07T12:30:00Z,90,2,0,0,0,2,0,12,14.0,1.3,0.0,1.5,0.0,0.02,0.02,1.78,1,48
2025-26,25,592,Mikey Moore,MID,Spurs,18,14,0,2026-02-07T12:30:00Z,0,0,0,0,0,0,0,0,0.0,0.0,0.0,0.0,0.0,0.0,0.0,0.0,0,50
2025-26,25,593,Pape Matar Sarr,MID,Spurs,18,14,0,2026-02-07T12:30:00Z,90,2,0,0,0,2,0,13,7.6,3.3,6.0,1.7,0.04,0.08,0.12,1.78,1,45
2025-26,25,594,Yang Min-hyeok,MID,Spurs,18,14,0,2026-02-07T12:30:00Z,0,0,0,0,0,0,0,0,0.0,0.0,0.0,0.0,0.0,0.0,0.0,0.0,0,45
2025-26,25,595,Callum Olusesi,MID,Spurs,18,14,0,2026-02-07T12:30:00Z,0,0,0,0,0,0,0,0,0.0,0.0,0.0,0.0,0.0,0.0,0.0,0.0,0,43
2025-26,25,596,Dominic Solanke-Mitchell,FWD,Spurs,18,14,0,2026-02-07T12:30:00Z,79,2,0,0,0,1,0,3,1.6,1.2,12.0,1.5,0.0,0.03,0.03,1.09,1,72
2025-26,25,597,Richarlison de Andrade,FWD,Spurs,18,14,0,2026-02-07T12:30:00Z,0,0,0,0,0,0,0,0,0.0,0.0,0.0,0.0,0.0,0.0,0.0,0.0,0,63
2025-26,25,598,Will Lankshear,FWD,Spurs,18,14,0,2026-02-07T12:30:00Z,0,0,0,0,0,0,0,0,0.0,0.0,0.0,0.0,0.0,0.0,0.0,0.0,0,45
2025-26,25,599,Dane Scarlett,FWD,Spurs,18,14,0,2026-02-07T12:30:00Z,0,0,0,0,0,0,0,0,0.0,0.0,0.0,0.0,0.0,0.0,0.0,0.0,0,43
2025-26,25,600,Alphonse Areola,GK,West Ham,19,3,0,2026-02-07T15:00:00Z,0,0,0,0,0,0,0,0,0.0,0.0,0.0,0.0,0.0,0.0,0.0,0.0,0,43
2025-26,25,601,Wes Foderingham,GK,West Ham,19,3,0,2026-02-07T15:00:00Z,0,0,0,0,0,0,0,0,0.0,0.0,0.0,0.0,0.0,0.0,0.0,0.0,0,40
2025-26,25,602,Krisztián Hegyi,GK,West Ham,19,3,0,2026-02-07T15:00:00Z,0,0,0,0,0,0,0,0,0.0,0.0,0.0,0.0,0.0,0.0,0.0,0.0,0,39
2025-26,25,603,El Hadji Malick Diouf,DEF,West Ham,19,3,0,2026-02-07T15:00:00Z,78,9,0,1,1,0,1,35,29.4,25.6,0.0,5.5,0.0,0.14,0.14,1.23,1,40
2025-26,25,604,Emerson Palmieri dos Santos,DEF,West Ham,19,3,0,2026-02-07T15:00:00Z,0,0,0,0,0,0,0,0,0.0,0.0,0.0,0.0,0.0,0.0,0.0,0.0,0,44
2025-26,25,605,Maximilian Kilman,DEF,West Ham,19,3,0,2026-02-07T15:00:00Z,0,0,0,0,0,0,0,0,0.0,0.0,0.0,0.0,0.0,0.0,0.0,0.0,0,42
2025-26,25,606,Konstantinos Mavropanos,DEF,West Ham,19,3,0,2026-02-07T15:00:00Z,90,8,0,0,1,0,0,30,32.0,0.4,0.0,3.2,0.0,0.03,0.03,1.34,1,44
2025-26,25,607,Nayef Aguerd,DEF,West Ham,19,3,0,2026-02-07T15:00:00Z,0,0,0,0,0,0,0,0,0.0,0.0,0.0,0.0,0.0,0.0,0.0,0.0,0,44
2025-26,25,608,Ollie Scarles,DEF,West Ham,19,3,0,2026-02-07T15:00:00Z,11,1,0,0,0,0,0,4,3.4,0.0,0.0,0.3,0.0,0.0,0.0,0.11,0,43
2025-26,25,609,Jean-Clair Todibo,DEF,West Ham,19,3,0,2026-02-07T15:00:00Z,0,0,0,0,0,0,0,0,0.0,0.0,0.0,0.0,0.0,0.0,0.0,0.0,0,43
2025-26,25,610,Aaron Wan-Bissaka,DEF,West Ham,19,3,0,2026-02-07T15:00:00Z,90,8,0,0,1,0,0,27,23.4,2.3,0.0,2.6,0.0,0.01,0.01,1.34,1,41
2025-26,25,611,Kaelan Casey,DEF,West Ham,19,3,0,2026-02-07T15:00:00Z,0,0,0,0,0,0,0,0,0.0,0.0,0.0,0.0,0.0,0.0,0.0,0.0,0,40
2025-26,25,612,Lucas Tolentino Coelho de Lima,MID,West Ham,19,3,0,2026-02-07T15:00:00Z,0,0,0,0,0,0,0,0,0.0,0.0,0.0,0.0,0.0,0.0,0.0,0.0,0,59
2025-26,25,613,Tomáš Souček,MID,West Ham,19,3,0,2026-02-07T15:00:00Z,90,3,0,0,1,0,0,14,11.4,12.3,2.0,2.6,0.0,0.01,0.01,1.34,1,57
2025-26,25,614,James Ward-Prowse,MID,Burnley,3,19,1,2026-02-07T15:00:00Z,0,0,0,0,0,0,0,0,0.0,0.0,0.0,0.0,0.0,0.0,0.0,0.0,0,56
2025-26,25,615,Crysencio Summerville,MID,West Ham,19,3,0,2026-02-07T15:00:00Z,90,11,1,0,1,0,3,36,44.0,7.2,44.0,9.5,0.74,0.02,0.76,1.34,1,55
2025-26,25,616,Edson Álvarez Velázquez,MID,West Ham,19,3,0,2026-02-07T15:00:00Z,0,0,0,0,0,0,0,0,0.0,0.0,0.0,0.0,0.0,0.0,0.0,0.0,0,49
2025-26,25,617,Maxwel Cornet,MID,West Ham,19,3,0,2026-02-07T15:00:00Z,0,0,0,0,0,0,0,0,0.0,0.0,0.0,0.0,0.0,0.0,0.0,0.0,0,49
2025-26,25,618,Guido Rodríguez,MID,West Ham,19,3,0,2026-02-07T15:00:00Z,0,0,0,0,0,0,0,0,0.0,0.0,0.0,0.0,0.0,0.0,0.0,0.0,0,48
2025-26,25,619,Luis Guilherme Lira dos Santos,MID,West Ham,19,3,0,2026-02-07T15:00:00Z,0,0,0,0,0,0,0,0,0.0,0.0,0.0,0.0,0.0,0.0,0.0,0.0,0,49
2025-26,25,620,George Earthy,MID,West Ham,19,3,0,2026-02-07T15:00:00Z,0,0,0,0,0,0,0,0,0.0,0.0,0.0,0.0,0.0,0.0,0.0,0.0,0,45
2025-26,25,621,Andy Irving,MID,West Ham,19,3,0,2026-02-07T15:00:00Z,0,0,0,0,0,0,0,0,0.0,0.0,0.0,0.0,0.0,0.0,0.0,0.0,0,43
2025-26,25,622,Lewis Orford,MID,West Ham,19,3,0,2026-02-07T15:00:00Z,0,0,0,0,0,0,0,0,0.0,0.0,0.0,0.0,0.0,0.0,0.0,0.0,0,44
2025-26,25,623,Freddie Potts,MID,West Ham,19,3,0,2026-02-07T15:00:00Z,33,1,0,0,0,0,0,4,5.6,1.4,0.0,0.7,0.0,0.0,0.0,0.14,0,44
2025-26,25,624,Jarrod Bowen,FWD,West Ham,19,3,0,2026-02-07T15:00:00Z,90,2,0,0,1,0,0,9,7.6,2.8,5.0,1.5,0.03,0.01,0.04,1.34,1,77
2025-26,25,625,Niclas Füllkrug,FWD,West Ham,19,3,0,2026-02-07T15:00:00Z,0,0,0,0,0,0,0,0,0.0,0.0,0.0,0.0,0.0,0.0,0.0,0.0,0,56
2025-26,25,626,Callum Marshall,FWD,West Ham,19,3,0,2026-02-07T15:00:00Z,0,0,0,0,0,0,0,0,0.0,0.0,0.0,0.0,0.0,0.0,0.0,0.0,0,43
2025-26,25,627,Sam Johnstone,GK,Wolves,20,7,1,2026-02-07T15:00:00Z,0,0,0,0,0,0,0,0,0.0,0.0,0.0,0.0,0.0,0.0,0.0,0.0,0,44
2025-26,25,628,José Malheiro de Sá,GK,Wolves,20,7,1,2026-02-07T15:00:00Z,90,2,0,0,0,3,0,10,28.0,0.0,0.0,2.8,0.0,0.0,0.0,3.44,1,42
2025-26,25,629,Daniel Bentley,GK,Wolves,20,7,1,2026-02-07T15:00:00Z,0,0,0,0,0,0,0,0,0.0,0.0,0.0,0.0,0.0,0.0,0.0,0.0,0,39
2025-26,25,630,Tom King,GK,Everton,9,10,0,2026-02-07T15:00:00Z,0,0,0,0,0,0,0,0,0.0,0.0,0.0,0.0,0.0,0.0,0.0,0.0,0,39
2025-26,25,631,Emmanuel Agbadou,DEF,Wolves,20,7,1,2026-02-07T15:00:00Z,0,0,0,0,0,0,0,0,0.0,0.0,0.0,0.0,0.0,0.0,0.0,0.0,0,42
2025-26,25,632,Matt Doherty,DEF,Wolves,20,7,1,2026-02-07T15:00:00Z,45,0,0,0,0,3,0,-10,6.2,0.3,0.0,0.7,0.0,0.0,0.0,2.81,1,44
2025-26,25,633,Hugo Bueno López,DEF,Wolves,20,7,1,2026-02-07T15:00:00Z,90,1,0,0,0,3,0,1,19.2,29.4,7.0,5.6,0.04,0.21,0.25,3.44,1,43
2025-26,25,634,Yerson Mosquera Valdelamar,DEF,Wolves,20,7,1,2026-02-07T15:00:00Z,90,1,0,0,0,3,0,-2,25.0,11.3,15.0,5.1,0.18,0.01,0.19,3.44,1,43
2025-26,25,635,Rodrigo Martins Gomes,DEF,Wolves,20,7,1,2026-02-07T15:00:00Z,45,1,0,0,0,0,0,7,10.6,11.5,25.0,4.7,0.15,0.03,0.18,0.63,0,44
2025-26,25,636,Santiago Ignacio Bueno,DEF,Wolves,20,7,1,2026-02-07T15:00:00Z,90,1,0,0,0,3,0,1,10.2,0.5,4.0,1.5,0.0,0.36,0.36,3.44,1,44
2025-26,25,637,Toti Gomes,DEF,Wolves,20,7,1,2026-02-07T15:00:00Z,0,0,0,0,0,0,0,0,0.0,0.0,0.0,0.0,0.0,0.0,0.0,0.0,0,42
2025-26,25,638,Ki-Jana Hoever,DEF,Wolves,20,7,1,2026-02-07T15:00:00Z,0,0,0,0,0,0,0,0,0.0,0.0,0.0,0.0,0.0,0.0,0.0,0.0,0,38
2025-26,25,639,Bastien Meupiyou Menadjou,DEF,Wolves,20,7,1,2026-02-07T15:00:00Z,0,0,0,0,0,0,0,0,0.0,0.0,0.0,0.0,0.0,0.0,0.0,0.0,0,40
2025-26,25,640,Pedro Cardoso de Lima,DEF,Wolves,20,7,1,2026-02-07T15:00:00Z,1,1,0,0,0,0,0,3,0.0,0.1,0.0,0.0,0.0,0.0,0.0,0.0,0,40
2025-26,25,641,Alfie Pond,DEF,Wolves,20,7,1,2026-02-07T15:00:00Z,0,0,0,0,0,0,0,0,0.0,0.0,0.0,0.0,0.0,0.0,0.0,0.0,0,39
2025-26,25,642,Hwang Hee-chan,MID,Wolves,20,7,1,2026-02-07T15:00:00Z,42,1,0,0,0,3,0,5,2.4,1.5,0.0,0.4,0.0,0.0,0.0,2.81,1,56
2025-26,25,643,André Trindade da Costa Neto,MID,Wolves,20,7,1,2026-02-07T15:00:00Z,0,0,0,0,0,0,0,0,0.0,0.0,0.0,0.0,0.0,0.0,0.0,0.0,0,53
2025-26,25,644,Jean-Ricner Bellegarde,MID,Wolves,20,7,1,2026-02-07T15:00:00Z,11,1,0,0,0,0,0,2,2.4,10.7,0.0,1.3,0.0,0.02,0.02,0.58,0,51
2025-26,25,645,Fer López González,MID,Wolves,20,7,1,2026-02-07T15:00:00Z,0,0,0,0,0,0,0,0,0.0,0.0,0.0,0.0,0.0,0.0,0.0,0.0,0,51
2025-26,25,646,João Victor Gomes da Silva,MID,Wolves,20,7,1,2026-02-07T15:00:00Z,90,2,0,0,0,3,0,12,11.4,9.8,0.0,2.1,0.0,0.1,0.1,3.44,1,53
2025-26,25,647,Gonçalo Manuel Ganchinho Guedes,MID,Wolves,20,7,1,2026-02-07T15:00:00Z,0,0,0,0,0,0,0,0,0.0,0.0,0.0,0.0,0.0,0.0,0.0,0.0,0,55
2025-26,25,648,Marshall Munetsi,MID,Wolves,20,7,1,2026-02-07T15:00:00Z,0,0,0,0,0,0,0,0,0.0,0.0,0.0,0.0,0.0,0.0,0.0,0.0,0,53
2025-26,25,649,Boubacar Traoré,MID,Wolves,20,7,1,2026-02-07T15:00:00Z,0,0,0,0,0,0,0,0,0.0,0.0,0.0,0.0,0.0,0.0,0.0,0.0,0,50
2025-26,25,650,Tawanda Chirewa,MID,Wolves,20,7,1,2026-02-07T15:00:00Z,0,0,0,0,0,0,0,0,0.0,0.0,0.0,0.0,0.0,0.0,0.0,0.0,0,43
2025-26,25,651,Tom Edozie,MID,Wolves,20,7,1,2026-02-07T15:00:00Z,0,0,0,0,0,0,0,0,0.0,0.0,0.0,0.0,0.0,0.0,0.0,0.0,0,43
2025-26,25,652,Enso González Medina,MID,Wolves,20,7,1,2026-02-07T15:00:00Z,0,0,0,0,0,0,0,0,0.0,0.0,0.0,0.0,0.0,0.0,0.0,0.0,0,43
2025-26,25,653,Joe Hodge,MID,Wolves,20,7,1,2026-02-07T15:00:00Z,0,0,0,0,0,0,0,0,0.0,0.0,0.0,0.0,0.0,0.0,0.0,0.0,0,45
2025-26,25,654,Jørgen Strand Larsen,FWD,Crystal Palace,8,6,0,2026-02-08T14:00:00Z,90,1,0,0,1,0,0,1,2.8,2.1,42.0,4.7,0.37,0.05,0.42,0.85,1,61
2025-26,25,655,Fábio Soares Silva,FWD,Wolves,20,7,1,2026-02-07T15:00:00Z,0,0,0,0,0,0,0,0,0.0,0.0,0.0,0.0,0.0,0.0,0.0,0.0,0,49
2025-26,25,656,Saša Kalajdžić,FWD,Wolves,20,7,1,2026-02-07T15:00:00Z,0,0,0,0,0,0,0,0,0.0,0.0,0.0,0.0,0.0,0.0,0.0,0.0,0,49
2025-26,25,657,Leon Chiwome,FWD,Wolves,20,7,1,2026-02-07T15:00:00Z,0,0,0,0,0,0,0,0,0.0,0.0,0.0,0.0,0.0,0.0,0.0,0.0,0,44
2025-26,25,658,Nathan Fraser,FWD,Wolves,20,7,1,2026-02-07T15:00:00Z,0,0,0,0,0,0,0,0,0.0,0.0,0.0,0.0,0.0,0.0,0.0,0.0,0,42
2025-26,25,659,Kyle Walker-Peters,DEF,West Ham,19,3,0,2026-02-07T15:00:00Z,1,1,0,0,0,0,0,2,1.0,0.0,0.0,0.1,0.0,0.0,0.0,0.0,0,42
2025-26,25,660,Anton Stach,MID,Leeds,11,16,1,2026-02-06T20:00:00Z,0,0,0,0,0,0,0,0,0.0,0.0,0.0,0.0,0.0,0.0,0.0,0.0,0,48
2025-26,25,661,Hugo Ekitiké,FWD,Liverpool,12,13,1,2026-02-08T16:30:00Z,90,2,0,0,0,2,0,2,2.8,11.6,25.0,3.9,0.59,0.03,0.62,2.91,1,89
2025-26,25,662,Cristhian Mosquera,DEF,Arsenal,1,17,1,2026-02-07T15:00:00Z,0,0,0,0,0,0,0,0,0.0,0.0,0.0,0.0,0.0,0.0,0.0,0.0,0,53
2025-26,25,663,Jhon Arias,MID,Wolves,20,7,1,2026-02-07T15:00:00Z,0,0,0,0,0,0,0,0,0.0,0.0,0.0,0.0,0.0,0.0,0.0,0.0,0,49
2025-26,25,664,Benjamin Lecomte,GK,Fulham,10,9,1,2026-02-07T15:00:00Z,0,0,0,0,0,0,0,0,0.0,0.0,0.0,0.0,0.0,0.0,0.0,0.0,0,39
2025-26,25,665,Lucas Estella Perri,GK,Leeds,11,16,1,2026-02-06T20:00:00Z,0,0,0,0,0,0,0,0,0.0,0.0,0.0,0.0,0.0,0.0,0.0,0.0,0,45
2025-26,25,666,Viktor Gyökeres,FWD,Arsenal,1,17,1,2026-02-07T15:00:00Z,30,12,2,0,0,0,3,54,66.0,0.3,50.0,11.6,0.92,0.0,0.92,0.02,0,87
2025-26,25,667,Adam Aznou,DEF,Everton,9,10,0,2026-02-07T15:00:00Z,0,0,0,0,0,0,0,0,0.0,0.0,0.0,0.0,0.0,0.0,0.0,0.0,0,42
2025-26,25,668,Granit Xhaka,MID,Sunderland,17,1,0,2026-02-07T15:00:00Z,0,0,0,0,0,0,0,0,0.0,0.0,0.0,0.0,0.0,0.0,0.0,0.0,0,51
2025-26,25,669,Dan Ndoye,MID,Nott'm Forest,16,11,0,2026-02-06T20:00:00Z,23,1,0,0,0,0,0,7,6.0,25.0,6.0,3.7,0.07,0.26,0.33,0.0,0,55
2025-26,25,670,Robin Roefs,GK,Sunderland,17,1,0,2026-02-07T15:00:00Z,90,1,0,0,0,3,0,5,23.4,0.0,0.0,2.3,0.0,0.01,0.01,1.49,1,50
2025-26,25,671,Callum Wilson,FWD,West Ham,19,3,0,2026-02-07T15:00:00Z,56,1,0,0,0,0,0,2,7.2,0.9,6.0,1.4,0.0,0.0,0.0,1.2,1,58
2025-26,25,672,Jorrel Hato,DEF,Chelsea,7,20,0,2026-02-07T15:00:00Z,6,1,0,0,0,0,0,4,2.4,0.6,0.0,0.3,0.0,0.03,0.03,0.28,0,46
2025-26,25,673,João Maria Lobo Alves Palhares Costa Palhinha Gonçalves,MID,Spurs,18,14,0,2026-02-07T12:30:00Z,79,1,0,0,0,1,0,3,11.0,0.8,4.0,1.6,0.03,0.02,0.05,1.09,1,55
2025-26,25,674,Aaron Ramsdale,GK,Newcastle,15,5,1,2026-02-07T17:30:00Z,0,0,0,0,0,0,0,0,0.0,0.0,0.0,0.0,0.0,0.0,0.0,0.0,0,48
2025-26,25,675,Angus Gunn,GK,Nott'm Forest,16,11,0,2026-02-06T20:00:00Z,0,0,0,0,0,0,0,0,0.0,0.0,0.0,0.0,0.0,0.0,0.0,0.0,0,40
2025-26,25,676,Lesley Ugochukwu,MID,Burnley,3,19,1,2026-02-07T15:00:00Z,78,2,0,0,0,2,0,11,6.6,12.8,7.0,2.6,0.04,0.01,0.05,0.99,1,50
2025-26,25,677,Evann Guessand,MID,Crystal Palace,8,6,0,2026-02-08T14:00:00Z,34,4,0,1,0,0,0,16,22.8,10.8,2.0,3.6,0.0,0.07,0.07,0.2,0,62
2025-26,25,678,Arthur Masuaku,DEF,Sunderland,17,1,0,2026-02-07T15:00:00Z,0,0,0,0,0,0,0,0,0.0,0.0,0.0,0.0,0.0,0.0,0.0,0.0,0,39
2025-26,25,679,Mads Hermansen,GK,West Ham,19,3,0,2026-02-07T15:00:00Z,90,10,0,0,1,0,3,36,32.2,0.0,0.0,3.2,0.0,0.0,0.0,1.34,1,42
2025-26,25,680,Armando Broja,FWD,Burnley,3,19,1,2026-02-07T15:00:00Z,11,1,0,0,0,0,0,3,0.0,2.3,7.0,0.9,0.11,0.0,0.11,0.03,0,52
2025-26,25,681,Benjamin Sesko,FWD,Man Utd,14,18,1,2026-02-07T12:30:00Z,15,1,0,0,0,0,0,2,3.0,0.0,21.0,2.4,0.2,0.0,0.2,0.02,0,72
2025-26,25,682,David Møller Wolfe,DEF,Wolves,20,7,1,2026-02-07T15:00:00Z,0,0,0,0,0,0,0,0,0.0,0.0,0.0,0.0,0.0,0.0,0.0,0.0,0,42
2025-26,25,683,Omar Alderete,DEF,Sunderland,17,1,0,2026-02-07T15:00:00Z,90,1,0,0,0,3,0,6,18.2,0.6,2.0,2.1,0.0,0.0,0.0,1.49,1,41
2025-26,25,684,Malick Thiaw,DEF,Newcastle,15,5,1,2026-02-07T17:30:00Z,90,1,0,0,0,3,0,3,24.0,1.4,11.0,3.6,0.19,0.07,0.26,1.79,1,51
2025-26,25,685,Bafodé Diakité,DEF,Bournemouth,4,2,1,2026-02-07T15:00:00Z,0,0,0,0,0,0,0,0,0.0,0.0,0.0,0.0,0.0,0.0,0.0,0.0,0,42
2025-26,25,686,Rio Ngumoha,MID,Liverpool,12,13,1,2026-02-08T16:30:00Z,0,0,0,0,0,0,0,0,0.0,0.0,0.0,0.0,0.0,0.0,0.0,0.0,0,43
2025-26,25,687,Remy Rees-Dottin,MID,Bournemouth,4,2,1,2026-02-07T15:00:00Z,0,0,0,0,0,0,0,0,0.0,0.0,0.0,0.0,0.0,0.0,0.0,0.0,0,43
2025-26,25,688,James Wright,GK,Aston Villa,2,4,0,2026-02-07T15:00:00Z,0,0,0,0,0,0,0,0,0.0,0.0,0.0,0.0,0.0,0.0,0.0,0.0,0,39
2025-26,25,689,Seung-Soo Park,MID,Newcastle,15,5,1,2026-02-07T17:30:00Z,0,0,0,0,0,0,0,0,0.0,0.0,0.0,0.0,0.0,0.0,0.0,0.0,0,43
2025-26,25,690,Rio Cardines,MID,Crystal Palace,8,6,0,2026-02-08T14:00:00Z,0,0,0,0,0,0,0,0,0.0,0.0,0.0,0.0,0.0,0.0,0.0,0.0,0,44
2025-26,25,691,Dominic Calvert-Lewin,FWD,Leeds,11,16,1,2026-02-06T20:00:00Z,90,7,1,0,0,1,1,29,37.4,5.7,29.0,7.2,0.33,0.01,0.34,1.33,1,59
2025-26,25,692,Giovanni Leoni,DEF,Liverpool,12,13,1,2026-02-08T16:30:00Z,0,0,0,0,0,0,0,0,0.0,0.0,0.0,0.0,0.0,0.0,0.0,0.0,0,49
2025-26,25,693,Omari Hutchinson,MID,Nott'm Forest,16,11,0,2026-02-06T20:00:00Z,36,4,0,1,0,0,0,20,25.4,33.0,0.0,5.8,0.0,0.22,0.22,0.45,0,54
2025-26,25,694,Nordi Mukiele,DEF,Sunderland,17,1,0,2026-02-07T15:00:00Z,90,1,0,0,0,3,0,3,13.6,3.7,4.0,2.1,0.02,0.01,0.03,1.49,1,46
2025-26,25,695,Jackson Tchatchoua,DEF,Wolves,20,7,1,2026-02-07T15:00:00Z,0,0,0,0,0,0,0,0,0.0,0.0,0.0,0.0,0.0,0.0,0.0,0.0,0,44
2025-26,25,696,Arnaud Kalimuendo,FWD,Nott'm Forest,16,11,0,2026-02-06T20:00:00Z,0,0,0,0,0,0,0,0,0.0,0.0,0.0,0.0,0.0,0.0,0.0,0.0,0,60
2025-26,25,697,Amine Adli,MID,Bournemouth,4,2,1,2026-02-07T15:00:00Z,90,2,0,0,0,1,0,14,9.8,45.8,9.0,6.5,0.06,0.86,0.92,0.44,1,54
2025-26,25,698,Noah Okafor,MID,Leeds,11,16,1,2026-02-06T20:00:00Z,81,7,1,0,1,0,0,28,38.8,4.5,29.0,7.2,0.77,0.07,0.84,1.06,1,55
2025-26,25,699,Douglas Luiz Soares de Paulo,MID,Aston Villa,2,4,0,2026-02-07T15:00:00Z,76,2,0,0,0,1,0,16,20.0,23.8,0.0,4.4,0.0,0.14,0.14,1.63,1,49
2025-26,25,700,Max Dowman,MID,Arsenal,1,17,1,2026-02-07T15:00:00Z,0,0,0,0,0,0,0,0,0.0,0.0,0.0,0.0,0.0,0.0,0.0,0.0,0,42
2025-26,25,701,Triston Rowe,DEF,Aston Villa,2,4,0,2026-02-07T15:00:00Z,0,0,0,0,0,0,0,0,0.0,0.0,0.0,0.0,0.0,0.0,0.0,0.0,0,40
2025-26,25,702,Bradley Burrowes,MID,Aston Villa,2,4,0,2026-02-07T15:00:00Z,0,0,0,0,0,0,0,0,0.0,0.0,0.0,0.0,0.0,0.0,0.0,0.0,0,44
2025-26,25,703,Sam Proctor,GK,Aston Villa,2,4,0,2026-02-07T15:00:00Z,0,0,0,0,0,0,0,0,0.0,0.0,0.0,0.0,0.0,0.0,0.0,0.0,0,39
2025-26,25,704,Tyler Onyango,MID,Everton,9,10,0,2026-02-07T15:00:00Z,0,0,0,0,0,0,0,0,0.0,0.0,0.0,0.0,0.0,0.0,0.0,0.0,0,45
2025-26,25,705,Elijah Campbell,DEF,Everton,9,10,0,2026-02-07T15:00:00Z,0,0,0,0,0,0,0,0,0.0,0.0,0.0,0.0,0.0,0.0,0.0,0.0,0,39
2025-26,25,706,James Justin,DEF,Leeds,11,16,1,2026-02-06T20:00:00Z,90,7,0,1,0,1,2,34,38.6,54.1,23.0,11.6,0.14,0.59,0.73,1.33,1,39
2025-26,25,707,Tyler Dibling,MID,Everton,9,10,0,2026-02-07T15:00:00Z,0,0,0,0,0,0,0,0,0.0,0.0,0.0,0.0,0.0,0.0,0.0,0.0,0,53
2025-26,25,708,Mateus Gonçalo Espanha Fernandes,MID,West Ham,19,3,0,2026-02-07T15:00:00Z,90,8,0,1,1,0,0,34,34.8,16.3,1.0,5.2,0.02,0.28,0.3,1.34,1,55
2025-26,25,709,Ladislav Krejcí,DEF,Wolves,20,7,1,2026-02-07T15:00:00Z,47,1,0,0,0,0,0,2,0.0,0.1,0.0,0.0,0.0,0.0,0.0,0.63,0,45
2025-26,25,710,Travis Patterson,DEF,Aston Villa,2,4,0,2026-02-07T15:00:00Z,0,0,0,0,0,0,0,0,0.0,0.0,0.0,0.0,0.0,0.0,0.0,0.0,0,39
2025-26,25,711,Andre Harriman-Annous,MID,Arsenal,1,17,1,2026-02-07T15:00:00Z,0,0,0,0,0,0,0,0,0.0,0.0,0.0,0.0,0.0,0.0,0.0,0.0,0,44
2025-26,25,712,Yéremy Pino Santos,MID,Crystal Palace,8,6,0,2026-02-08T14:00:00Z,55,1,0,0,0,0,0,3,1.8,5.0,2.0,0.9,0.0,0.01,0.01,0.65,1,58
2025-26,25,713,Álex Jiménez Sánchez,DEF,Bournemouth,4,2,1,2026-02-07T15:00:00Z,85,1,0,0,0,1,0,10,17.8,18.1,0.0,3.6,0.0,0.02,0.02,0.44,1,45
2025-26,25,714,Nick Woltemade,FWD,Newcastle,15,5,1,2026-02-07T17:30:00Z,45,1,0,0,0,1,0,5,1.8,3.6,5.0,1.0,0.06,0.02,0.08,0.4,0,70
2025-26,25,715,John Victor Maciel Furtado,GK,Nott'm Forest,16,11,0,2026-02-06T20:00:00Z,0,0,0,0,0,0,0,0,0.0,0.0,0.0,0.0,0.0,0.0,0.0,0.0,0,40
2025-26,25,716,Nicolò Savona,DEF,Nott'm Forest,16,11,0,2026-02-06T20:00:00Z,0,0,0,0,0,0,0,0,0.0,0.0,0.0,0.0,0.0,0.0,0.0,0.0,0,45
2025-26,25,717,Xavi Simons,MID,Spurs,18,14,0,2026-02-07T12:30:00Z,90,2,0,0,0,2,0,20,16.8,24.8,8.0,5.0,0.1,0.17,0.27,1.78,1,65
2025-26,25,718,Soungoutou Magassa,MID,West Ham,19,3,0,2026-02-07T15:00:00Z,0,0,0,0,0,0,0,0,0.0,0.0,0.0,0.0,0.0,0.0,0.0,0.0,0,50
2025-26,25,719,Victor Lindelöf,DEF,Aston Villa,2,4,0,2026-02-07T15:00:00Z,0,0,0,0,0,0,0,0,0.0,0.0,0.0,0.0,0.0,0.0,0.0,0.0,0,45
2025-26,25,720,Tolu Arokodare,FWD,Wolves,20,7,1,2026-02-07T15:00:00Z,90,8,1,0,0,3,2,31,37.2,2.1,63.0,10.2,0.54,0.0,0.54,3.44,1,54
2025-26,25,721,Veljko Milosavljevic,DEF,Bournemouth,4,2,1,2026-02-07T15:00:00Z,0,0,0,0,0,0,0,0,0.0,0.0,0.0,0.0,0.0,0.0,0.0,0.0,0,44
2025-26,25,722,Florentino Ibrain Morris Luís,MID,Burnley,3,19,1,2026-02-07T15:00:00Z,45,0,0,0,0,2,0,-2,3.6,2.4,0.0,0.6,0.0,0.02,0.02,0.9,1,50
2025-26,25,723,Jaydee Canvot,DEF,Crystal Palace,8,6,0,2026-02-08T14:00:00Z,0,0,0,0,0,0,0,0,0.0,0.0,0.0,0.0,0.0,0.0,0.0,0.0,0,45
2025-26,25,724,Lutsharel Geertruida,DEF,Sunderland,17,1,0,2026-02-07T15:00:00Z,19,1,0,0,0,1,0,-1,1.8,1.5,0.0,0.3,0.0,0.0,0.0,0.7,0,45
2025-26,25,725,Piero Hincapié,DEF,Arsenal,1,17,1,2026-02-07T15:00:00Z,23,1,0,0,0,0,0,3,0.0,1.9,0.0,0.2,0.0,0.0,0.0,0.02,0,51
2025-26,25,726,Randal Kolo Muani,FWD,Spurs,18,14,0,2026-02-07T12:30:00Z,10,1,0,0,0,1,0,4,2.0,0.0,0.0,0.2,0.0,0.0,0.0,0.69,0,69
2025-26,25,727,Samuel Chukwueze,MID,Fulham,10,9,1,2026-02-07T15:00:00Z,74,3,0,0,1,0,0,12,8.4,20.5,22.0,5.1,0.23,0.24,0.47,1.6,1,53
2025-26,25,728,Merlin Röhl,MID,Everton,9,10,0,2026-02-07T15:00:00Z,0,0,0,0,0,0,0,0,0.0,0.0,0.0,0.0,0.0,0.0,0.0,0.0,0,50
2025-26,25,729,Luis Eduardo Soares da Silva,DEF,Nott'm Forest,16,11,0,2026-02-06T20:00:00Z,0,0,0,0,0,0,0,0,0.0,0.0,0.0,0.0,0.0,0.0,0.0,0.0,0,45
2025-26,25,730,Brian Brobbey,FWD,Sunderland,17,1,0,2026-02-07T15:00:00Z,84,1,0,0,0,2,0,2,7.8,11.3,6.0,2.5,0.08,0.02,0.1,0.85,1,56
2025-26,25,731,Kevin Santos Lopes de Macedo,MID,Fulham,10,9,1,2026-02-07T15:00:00Z,15,1,0,0,0,2,0,1,0.4,1.1,0.0,0.2,0.0,0.0,0.0,0.28,0,58
2025-26,25,732,Christantus Uche,FWD,Crystal Palace,8,6,0,2026-02-08T14:00:00Z,0,0,0,0,0,0,0,0,0.0,0.0,0.0,0.0,0.0,0.0,0.0,0.0,0,55
2025-26,25,733,Senne Lammens,GK,Man Utd,14,18,1,2026-02-07T12:30:00Z,90,6,0,0,1,0,0,23,11.6,0.0,0.0,1.2,0.0,0.0,0.0,0.49,1,50
2025-26,25,734,Dilane Bakwa,MID,Nott'm Forest,16,11,0,2026-02-06T20:00:00Z,0,0,0,0,0,0,0,0,0.0,0.0,0.0,0.0,0.0,0.0,0.0,0.0,0,59
2025-26,25,735,Bertrand Traoré,MID,Sunderland,17,1,0,2026-02-07T15:00:00Z,0,0,0,0,0,0,0,0,0.0,0.0,0.0,0.0,0.0,0.0,0.0,0.0,0,55
2025-26,25,736,Gianluigi Donnarumma,GK,Man City,13,12,0,2026-02-08T16:30:00Z,90,3,0,0,0,1,0,13,17.8,0.0,0.0,1.8,0.0,0.0,0.0,1.21,1,56
2025-26,25,737,Jonah Kusi-Asare,FWD,Fulham,10,9,1,2026-02-07T15:00:00Z,0,0,0,0,0,0,0,0,0.0,0.0,0.0,0.0,0.0,0.0,0.0,0.0,0,45
2025-26,25,738,Lukasz Fabianski,GK,West Ham,19,3,0,2026-02-07T15:00:00Z,0,0,0,0,0,0,0,0,0.0,0.0,0.0,0.0,0.0,0.0,0.0,0.0,0,45
2025-26,25,739,Divine Mukasa,MID,Man City,13,12,0,2026-02-08T16:30:00Z,0,0,0,0,0,0,0,0,0.0,0.0,0.0,0.0,0.0,0.0,0.0,0.0,0,44
2025-26,25,740,Stephen Mfuni,DEF,Man City,13,12,0,2026-02-08T16:30:00Z,0,0,0,0,0,0,0,0,0.0,0.0,0.0,0.0,0.0,0.0,0.0,0.0,0,39
2025-26,25,741,Harry Gray,FWD,Leeds,11,16,1,2026-02-06T20:00:00Z,0,0,0,0,0,0,0,0,0.0,0.0,0.0,0.0,0.0,0.0,0.0,0.0,0,45
2025-26,25,742,Ryan McAidoo,MID,Man City,13,12,0,2026-02-08T16:30:00Z,0,0,0,0,0,0,0,0,0.0,0.0,0.0,0.0,0.0,0.0,0.0,0.0,0,45
2025-26,25,743,Landon Emenalo,MID,Chelsea,7,20,0,2026-02-07T15:00:00Z,0,0,0,0,0,0,0,0,0.0,0.0,0.0,0.0,0.0,0.0,0.0,0.0,0,45
2025-26,25,744,Nehemiah Oriola,MID,Brighton,6,8,1,2026-02-08T14:00:00Z,0,0,0,0,0,0,0,0,0.0,0.0,0.0,0.0,0.0,0.0,0.0,0.0,0,45
2025-26,25,745,Jun'ai Byfield,DEF,Spurs,18,14,0,2026-02-07T12:30:00Z,0,0,0,0,0,0,0,0,0.0,0.0,0.0,0.0,0.0,0.0,0.0,0.0,0,40
2025-26,25,746,Kieran Morrison,MID,Liverpool,12,13,1,2026-02-08T16:30:00Z,0,0,0,0,0,0,0,0,0.0,0.0,0.0,0.0,0.0,0.0,0.0,0.0,0,45
2025-26,25,747,Ezra Mayers,DEF,West Ham,19,3,0,2026-02-07T15:00:00Z,0,0,0,0,0,0,0,0,0.0,0.0,0.0,0.0,0.0,0.0,0.0,0.0,0,40
2025-26,25,748,Josh Dasilva,MID,Brentford,5,15,0,2026-02-07T17:30:00Z,0,0,0,0,0,0,0,0,0.0,0.0,0.0,0.0,0.0,0.0,0.0,0.0,0,49
2025-26,25,749,Mateus Mané,FWD,Wolves,20,7,1,2026-02-07T15:00:00Z,90,2,0,0,0,3,0,11,9.0,23.8,9.0,4.2,0.14,0.08,0.22,3.44,1,46
2025-26,25,750,James Rowswell,DEF,Spurs,18,14,0,2026-02-07T12:30:00Z,0,0,0,0,0,0,0,0,0.0,0.0,0.0,0.0,0.0,0.0,0.0,0.0,0,40
2025-26,25,751,Yusuf Akhamrich,MID,Spurs,18,14,0,2026-02-07T12:30:00Z,0,0,0,0,0,0,0,0,0.0,0.0,0.0,0.0,0.0,0.0,0.0,0.0,0,45
2025-26,25,752,Airidas Golambeckis,DEF,West Ham,19,3,0,2026-02-07T15:00:00Z,0,0,0,0,0,0,0,0,0.0,0.0,0.0,0.0,0.0,0.0,0.0,0.0,0,40
2025-26,25,753,John Ruddy,GK,Newcastle,15,5,1,2026-02-07T17:30:00Z,0,0,0,0,0,0,0,0,0.0,0.0,0.0,0.0,0.0,0.0,0.0,0.0,0,40
2025-26,25,754,George Hemmings,MID,Aston Villa,2,4,0,2026-02-07T15:00:00Z,0,0,0,0,0,0,0,0,0.0,0.0,0.0,0.0,0.0,0.0,0.0,0.0,0,45
2025-26,25,755,Shea Lacey,MID,Man Utd,14,18,1,2026-02-07T12:30:00Z,0,0,0,0,0,0,0,0,0.0,0.0,0.0,0.0,0.0,0.0,0.0,0.0,0,45
2025-26,25,756,Malcom DaCosta,MID,Bournemouth,4,2,1,2026-02-07T15:00:00Z,0,0,0,0,0,0,0,0,0.0,0.0,0.0,0.0,0.0,0.0,0.0,0.0,0,45
2025-26,25,757,Ronnie Hollingshead,GK,Aston Villa,2,4,0,2026-02-07T15:00:00Z,0,0,0,0,0,0,0,0,0.0,0.0,0.0,0.0,0.0,0.0,0.0,0.0,0,40
2025-26,25,758,Mohamadou Kanté,MID,West Ham,19,3,0,2026-02-07T15:00:00Z,0,0,0,0,0,0,0,0,0.0,0.0,0.0,0.0,0.0,0.0,0.0,0.0,0,45
2025-26,25,759,Marli Salmon,DEF,Arsenal,1,17,1,2026-02-07T15:00:00Z,0,0,0,0,0,0,0,0,0.0,0.0,0.0,0.0,0.0,0.0,0.0,0.0,0,40
2025-26,25,760,Wellity Lucky,DEF,Liverpool,12,13,1,2026-02-08T16:30:00Z,0,0,0,0,0,0,0,0,0.0,0.0,0.0,0.0,0.0,0.0,0.0,0.0,0,40
2025-26,25,761,Freddie Simmonds,DEF,Brighton,6,8,1,2026-02-08T14:00:00Z,0,0,0,0,0,0,0,0,0.0,0.0,0.0,0.0,0.0,0.0,0.0,0.0,0,40
2025-26,25,762,Joél Drakes-Thomas,MID,Crystal Palace,8,6,0,2026-02-08T14:00:00Z,0,0,0,0,0,0,0,0,0.0,0.0,0.0,0.0,0.0,0.0,0.0,0.0,0,45
2025-26,25,763,Charlie Gray,MID,Man City,13,12,0,2026-02-08T16:30:00Z,0,0,0,0,0,0,0,0,0.0,0.0,0.0,0.0,0.0,0.0,0.0,0.0,0,45
2025-26,25,764,Reigan Heskey,MID,Man City,13,12,0,2026-02-08T16:30:00Z,0,0,0,0,0,0,0,0,0.0,0.0,0.0,0.0,0.0,0.0,0.0,0.0,0,45
2025-26,25,765,Leo Shahar,DEF,Newcastle,15,5,1,2026-02-07T17:30:00Z,0,0,0,0,0,0,0,0,0.0,0.0,0.0,0.0,0.0,0.0,0.0,0.0,0,40
2025-26,25,766,Saheed Olagunju,DEF,Wolves,20,7,1,2026-02-07T15:00:00Z,0,0,0,0,0,0,0,0,0.0,0.0,0.0,0.0,0.0,0.0,0.0,0.0,0,40
2025-26,25,767,Luke Rawlings,MID,Wolves,20,7,1,2026-02-07T15:00:00Z,0,0,0,0,0,0,0,0,0.0,0.0,0.0,0.0,0.0,0.0,0.0,0.0,0,45
2025-26,25,768,Leon Routh,DEF,Aston Villa,2,4,0,2026-02-07T15:00:00Z,0,0,0,0,0,0,0,0,0.0,0.0,0.0,0.0,0.0,0.0,0.0,0.0,0,40
2025-26,25,769,Bendito Mantato,MID,Man Utd,14,18,1,2026-02-07T12:30:00Z,0,0,0,0,0,0,0,0,0.0,0.0,0.0,0.0,0.0,0.0,0.0,0.0,0,45
2025-26,25,770,Seth Ridgeon,MID,Fulham,10,9,1,2026-02-07T15:00:00Z,0,0,0,0,0,0,0,0,0.0,0.0,0.0,0.0,0.0,0.0,0.0,0.0,0,45
2025-26,25,771,Tyler Fletcher,MID,Man Utd,14,18,1,2026-02-07T12:30:00Z,1,1,0,0,0,0,0,3,0.4,1.0,0.0,0.1,0.0,0.01,0.01,0.02,0,44
2025-26,25,772,Sam Alabi,MID,Newcastle,15,5,1,2026-02-07T17:30:00Z,0,0,0,0,0,0,0,0,0.0,0.0,0.0,0.0,0.0,0.0,0.0,0.0,0,45
2025-26,25,773,Dean Benamar,DEF,Crystal Palace,8,6,0,2026-02-08T14:00:00Z,0,0,0,0,0,0,0,0,0.0,0.0,0.0,0.0,0.0,0.0,0.0,0.0,0,40
2025-26,25,774,Jenson Jones,DEF,Sunderland,17,1,0,2026-02-07T15:00:00Z,0,0,0,0,0,0,0,0,0.0,0.0,0.0,0.0,0.0,0.0,0.0,0.0,0,40
2025-26,25,775,Tymur Tutierov,MID,Sunderland,17,1,0,2026-02-07T15:00:00Z,0,0,0,0,0,0,0,0,0.0,0.0,0.0,0.0,0.0,0.0,0.0,0.0,0,45
2025-26,25,776,Oliver Pimlott,MID,Burnley,3,19,1,2026-02-07T15:00:00Z,0,0,0,0,0,0,0,0,0.0,0.0,0.0,0.0,0.0,0.0,0.0,0.0,0,45
2025-26,25,777,Temple Ojinnaka,MID,Wolves,20,7,1,2026-02-07T15:00:00Z,0,0,0,0,0,0,0,0,0.0,0.0,0.0,0.0,0.0,0.0,0.0,0.0,0,45
2025-26,25,778,Ethan Sutherland,MID,Wolves,20,7,1,2026-02-07T15:00:00Z,0,0,0,0,0,0,0,0,0.0,0.0,0.0,0.0,0.0,0.0,0.0,0.0,0,45
2025-26,25,779,Braiden Graham,FWD,Everton,9,10,0,2026-02-07T15:00:00Z,0,0,0,0,0,0,0,0,0.0,0.0,0.0,0.0,0.0,0.0,0.0,0.0,0,45
2025-26,25,780,Ben Casey,FWD,Crystal Palace,8,6,0,2026-02-08T14:00:00Z,0,0,0,0,0,0,0,0,0.0,0.0,0.0,0.0,0.0,0.0,0.0,0.0,0,45
2025-26,25,781,TJ Carroll,DEF,Aston Villa,2,4,0,2026-02-07T15:00:00Z,0,0,0,0,0,0,0,0,0.0,0.0,0.0,0.0,0.0,0.0,0.0,0.0,0,40
2025-26,25,782,Fraser Forster,GK,Bournemouth,4,2,1,2026-02-07T15:00:00Z,0,0,0,0,0,0,0,0,0.0,0.0,0.0,0.0,0.0,0.0,0.0,0.0,0,40
2025-26,25,783,Pascal Groß,MID,Brighton,6,8,1,2026-02-08T14:00:00Z,90,2,0,0,0,1,0,19,17.6,32.2,0.0,5.0,0.0,0.32,0.32,1.16,1,55
2025-26,25,784,George Brierley,MID,Burnley,3,19,1,2026-02-07T15:00:00Z,0,0,0,0,0,0,0,0,0.0,0.0,0.0,0.0,0.0,0.0,0.0,0.0,0,45
2025-26,25,785,Pablo Felipe Pereira de Jesus,FWD,West Ham,19,3,0,2026-02-07T15:00:00Z,11,1,0,0,0,0,0,7,4.0,13.1,0.0,1.7,0.0,0.0,0.0,0.11,0,55
2025-26,25,786,Alfie McNally,GK,Fulham,10,9,1,2026-02-07T15:00:00Z,0,0,0,0,0,0,0,0,0.0,0.0,0.0,0.0,0.0,0.0,0.0,0.0,0,40
2025-26,25,787,Sam Chambers,MID,Leeds,11,16,1,2026-02-06T20:00:00Z,0,0,0,0,0,0,0,0,0.0,0.0,0.0,0.0,0.0,0.0,0.0,0.0,0,44
2025-26,25,788,Godwill Kukonki,DEF,Man Utd,14,18,1,2026-02-07T12:30:00Z,0,0,0,0,0,0,0,0,0.0,0.0,0.0,0.0,0.0,0.0,0.0,0.0,0,40
2025-26,25,789,Max Merrick,GK,Chelsea,7,20,0,2026-02-07T15:00:00Z,0,0,0,0,0,0,0,0,0.0,0.0,0.0,0.0,0.0,0.0,0.0,0.0,0,40
2025-26,25,790,Lucá Williams-Barnett,MID,Spurs,18,14,0,2026-02-07T12:30:00Z,0,0,0,0,0,0,0,0,0.0,0.0,0.0,0.0,0.0,0.0,0.0,0.0,0,45
2025-26,25,791,Valentín Castellanos,FWD,West Ham,19,3,0,2026-02-07T15:00:00Z,78,6,1,0,1,0,0,28,35.8,2.4,19.0,5.7,0.22,0.16,0.38,1.23,1,55
2025-26,25,792,Alysson Edward Franco da Rocha dos Santos,MID,Aston Villa,2,4,0,2026-02-07T15:00:00Z,0,0,0,0,0,0,0,0,0.0,0.0,0.0,0.0,0.0,0.0,0.0,0.0,0,50
2025-26,25,793,George King,DEF,Crystal Palace,8,6,0,2026-02-08T14:00:00Z,0,0,0,0,0,0,0,0,0.0,0.0,0.0,0.0,0.0,0.0,0.0,0.0,0,40
2025-26,25,794,Max Alleyne,DEF,Man City,13,12,0,2026-02-08T16:30:00Z,0,0,0,0,0,0,0,0,0.0,0.0,0.0,0.0,0.0,0.0,0.0,0.0,0,42
2025-26,25,795,Harry Howell,MID,Brighton,6,8,1,2026-02-08T14:00:00Z,70,2,0,0,0,1,0,6,6.0,3.8,0.0,1.0,0.0,0.02,0.02,0.79,1,45
2025-26,25,796,Conor Gallagher,MID,Spurs,18,14,0,2026-02-07T12:30:00Z,79,2,0,0,0,1,0,10,15.2,18.3,19.0,5.3,0.16,0.07,0.23,1.09,1,54
2025-26,25,797,Kaye Furo,FWD,Brentford,5,15,0,2026-02-07T17:30:00Z,0,0,0,0,0,0,0,0,0.0,0.0,0.0,0.0,0.0,0.0,0.0,0.0,0,45
2025-26,25,798,Danny Imray,DEF,Crystal Palace,8,6,0,2026-02-08T14:00:00Z,0,0,0,0,0,0,0,0,0.0,0.0,0.0,0.0,0.0,0.0,0.0,0.0,0,40
2025-26,25,799,Charlie Stevens,MID,Bournemouth,4,2,1,2026-02-07T15:00:00Z,0,0,0,0,0,0,0,0,0.0,0.0,0.0,0.0,0.0,0.0,0.0,0.0,0,45
2025-26,25,800,Djiamgone Jocelin Ta Bi,MID,Sunderland,17,1,0,2026-02-07T15:00:00Z,0,0,0,0,0,0,0,0,0.0,0.0,0.0,0.0,0.0,0.0,0.0,0.0,0,50
2025-26,25,801,Alex Tóth,MID,Bournemouth,4,2,1,2026-02-07T15:00:00Z,0,0,0,0,0,0,0,0,0.0,0.0,0.0,0.0,0.0,0.0,0.0,0.0,0,50
2025-26,25,802,Keiber Lamadrid,MID,West Ham,19,3,0,2026-02-07T15:00:00Z,0,0,0,0,0,0,0,0,0.0,0.0,0.0,0.0,0.0,0.0,0.0,0.0,0,50
2025-26,25,803,Teddy Sharman-Lowe,GK,Chelsea,7,20,0,2026-02-07T15:00:00Z,0,0,0,0,0,0,0,0,0.0,0.0,0.0,0.0,0.0,0.0,0.0,0.0,0,40
2025-26,25,804,João Victor de Souza Menezes,DEF,Spurs,18,14,0,2026-02-07T12:30:00Z,35,1,0,0,0,1,0,1,6.0,10.3,0.0,1.6,0.0,0.0,0.0,1.04,0,40
2025-26,25,805,Lorenzo Lucca,FWD,Nott'm Forest,16,11,0,2026-02-06T20:00:00Z,36,5,1,0,0,0,0,27,32.0,1.1,19.0,5.2,0.16,0.0,0.16,0.45,0,55
2025-26,25,806,Christos Mandas,GK,Bournemouth,4,2,1,2026-02-07T15:00:00Z,0,0,0,0,0,0,0,0,0.0,0.0,0.0,0.0,0.0,0.0,0.0,0.0,0,40
2025-26,25,807,Rayan Vitor Simplício Rocha,MID,Bournemouth,4,2,1,2026-02-07T15:00:00Z,86,9,1,0,0,1,2,26,33.8,12.5,29.0,7.5,0.16,0.02,0.18,0.44,1,55
2025-26,25,808,Tammy Abraham,FWD,Aston Villa,2,4,0,2026-02-07T15:00:00Z,4,1,0,0,0,0,0,3,0.2,0.1,0.0,0.0,0.0,0.0,0.0,0.35,0,60
2025-26,25,809,Jerome Abbey,MID,Wolves,20,7,1,2026-02-07T15:00:00Z,0,0,0,0,0,0,0,0,0.0,0.0,0.0,0.0,0.0,0.0,0.0,0.0,0,45
2025-26,25,810,Luka Bentt,MID,Brentford,5,15,0,2026-02-07T17:30:00Z,0,0,0,0,0,0,0,0,0.0,0.0,0.0,0.0,0.0,0.0,0.0,0.0,0,45
2025-26,25,811,Rio Kyerematen,MID,Spurs,18,14,0,2026-02-07T12:30:00Z,0,0,0,0,0,0,0,0,0.0,0.0,0.0,0.0,0.0,0.0,0.0,0.0,0,45
2025-26,25,812,Melker Ellborg,GK,Sunderland,17,1,0,2026-02-07T15:00:00Z,0,0,0,0,0,0,0,0,0.0,0.0,0.0,0.0,0.0,0.0,0.0,0.0,0,40
2025-26,25,813,Nilson Angulo,MID,Sunderland,17,1,0,2026-02-07T15:00:00Z,5,1,0,0,0,1,0,5,2.0,14.5,0.0,1.7,0.0,0.02,0.02,0.65,0,50
2025-26,25,814,Luca Netz,DEF,Nott'm Forest,16,11,0,2026-02-06T20:00:00Z,14,1,0,0,0,0,0,3,1.0,1.1,2.0,0.4,0.0,0.36,0.36,0.0,0,45
2025-26,25,815,Axel Disasi,DEF,West Ham,19,3,0,2026-02-07T15:00:00Z,90,6,0,0,1,0,0,29,16.8,0.2,9.0,2.6,0.02,0.0,0.02,1.34,1,45
2025-26,25,816,Angel Gomes,MID,Wolves,20,7,1,2026-02-07T15:00:00Z,78,2,0,0,0,3,0,25,16.0,26.3,0.0,4.2,0.0,0.06,0.06,2.86,1,50
2025-26,25,817,Adam Armstrong,FWD,Wolves,20,7,1,2026-02-07T15:00:00Z,90,4,0,1,0,3,0,14,16.6,11.3,4.0,3.2,0.0,0.35,0.35,3.44,1,55
