season,gw,fixture,element,name,position,team,team_id,opponent_team,was_home,kickoff_time,minutes,total_points,goals_scored,assists,clean_sheets,goals_conceded,bonus,bps,influence,creativity,threat,ict_index,expected_goals,expected_assists,expected_goal_involvements,expected_goals_conceded,starts,value
2025-26,26,252,1,David Raya Martín,GK,Arsenal,1,5,0,2026-02-12T20:00:00Z,90,2,0,0,0,1,0,13,20.0,0.0,0.0,2.0,0.0,0.0,0.0,1.51,1,59
2025-26,26,310,1,David Raya Martín,GK,Arsenal,1,20,0,2026-02-18T20:00:00Z,90,1,0,0,0,2,0,-3,0.0,0.0,0.0,0.0,0.0,0.0,0.0,0.29,1,59
2025-26,26,252,2,Kepa Arrizabalaga Revuelta,GK,Arsenal,1,5,0,2026-02-12T20:00:00Z,0,0,0,0,0,0,0,0,0.0,0.0,0.0,0.0,0.0,0.0,0.0,0.0,0,41
2025-26,26,310,2,Kepa Arrizabalaga Revuelta,GK,Arsenal,1,20,0,2026-02-18T20:00:00Z,0,0,0,0,0,0,0,0,0.0,0.0,0.0,0.0,0.0,0.0,0.0,0.0,0,41
2025-26,26,252,3,Karl Hein,GK,Arsenal,1,5,0,2026-02-12T20:00:00Z,0,0,0,0,0,0,0,0,0.0,0.0,0.0,0.0,0.0,0.0,0.0,0.0,0,40
2025-26,26,310,3,Karl Hein,GK,Arsenal,1,20,0,2026-02-18T20:00:00Z,0,0,0,0,0,0,0,0,0.0,0.0,0.0,0.0,0.0,0.0,0.0,0.0,0,40
2025-26,26,252,4,Tommy Setford,GK,Arsenal,1,5,0,2026-02-12T20:00:00Z,0,0,0,0,0,0,0,0,0.0,0.0,0.0,0.0,0.0,0.0,0.0,0.0,0,39
2025-26,26,310,4,Tommy Setford,GK,Arsenal,1,20,0,2026-02-18T20:00:00Z,0,0,0,0,0,0,0,0,0.0,0.0,0.0,0.0,0.0,0.0,0.0,0.0,0,39
2025-26,26,252,5,Gabriel dos Santos Magalhães,DEF,Arsenal,1,5,0,2026-02-12T20:00:00Z,90,3,0,0,0,1,0,14,43.0,6.4,8.0,5.7,0.12,0.03,0.15,1.51,1,71
2025-26,26,310,5,Gabriel dos Santos Magalhães,DEF,Arsenal,1,20,0,2026-02-18T20:00:00Z,90,4,0,1,0,2,0,21,32.8,15.0,0.0,4.8,0.0,0.14,0.14,0.29,1,71
2025-26,26,252,6,William Saliba,DEF,Arsenal,1,5,0,2026-02-12T20:00:00Z,0,0,0,0,0,0,0,0,0.0,0.0,0.0,0.0,0.0,0.0,0.0,0.0,0,61
2025-26,26,310,6,William Saliba,DEF,Arsenal,1,20,0,2026-02-18T20:00:00Z,90,1,0,0,0,2,0,7,18.0,2.7,0.0,2.1,0.0,0.01,0.01,0.29,1,61
2025-26,26,252,7,Riccardo Calafiori,DEF,Arsenal,1,5,0,2026-02-12T20:00:00Z,9,1,0,0,0,0,0,2,1.4,1.3,0.0,0.3,0.0,0.0,0.0,0.33,0,56
2025-26,26,310,7,Riccardo Calafiori,DEF,Arsenal,1,20,0,2026-02-18T20:00:00Z,1,1,0,0,0,1,0,-1,0.2,0.3,0.0,0.1,0.0,0.01,0.01,0.17,0,56
2025-26,26,252,8,Jurriën Timber,DEF,Arsenal,1,5,0,2026-02-12T20:00:00Z,90,2,0,0,0,1,0,15,13.0,21.8,4.0,3.9,0.0,0.1,0.1,1.51,1,64
2025-26,26,310,8,Jurriën Timber,DEF,Arsenal,1,20,0,2026-02-18T20:00:00Z,90,1,0,0,0,2,0,9,13.2,8.1,6.0,2.7,0.0,0.03,0.03,0.29,1,64
2025-26,26,252,9,Jakub Kiwior,DEF,Arsenal,1,5,0,2026-02-12T20:00:00Z,0,0,0,0,0,0,0,0,0.0,0.0,0.0,0.0,0.0,0.0,0.0,0.0,0,54
2025-26,26,310,9,Jakub Kiwior,DEF,Arsenal,1,20,0,2026-02-18T20:00:00Z,0,0,0,0,0,0,0,0,0.0,0.0,0.0,0.0,0.0,0.0,0.0,0.0,0,54
2025-26,26,252,10,Myles Lewis-Skelly,DEF,Arsenal,1,5,0,2026-02-12T20:00:00Z,0,0,0,0,0,0,0,0,0.0,0.0,0.0,0.0,0.0,0.0,0.0,0.0,0,51
2025-26,26,310,10,Myles Lewis-Skelly,DEF,Arsenal,1,20,0,2026-02-18T20:00:00Z,0,0,0,0,0,0,0,0,0.0,0.0,0.0,0.0,0.0,0.0,0.0,0.0,0,51
2025-26,26,252,11,Benjamin White,DEF,Arsenal,1,5,0,2026-02-12T20:00:00Z,0,0,0,0,0,0,0,0,0.0,0.0,0.0,0.0,0.0,0.0,0.0,0.0,0,51
2025-26,26,310,11,Benjamin White,DEF,Arsenal,1,20,0,2026-02-18T20:00:00Z,0,0,0,0,0,0,0,0,0.0,0.0,0.0,0.0,0.0,0.0,0.0,0.0,0,51
2025-26,26,257,12,Oleksandr Zinchenko,DEF,Nott'm Forest,16,20,1,2026-02-11T19:30:00Z,0,0,0,0,0,0,0,0,0.0,0.0,0.0,0.0,0.0,0.0,0.0,0.0,0,49
2025-26,26,252,13,Brayden Clarke,DEF,Arsenal,1,5,0,2026-02-12T20:00:00Z,0,0,0,0,0,0,0,0,0.0,0.0,0.0,0.0,0.0,0.0,0.0,0.0,0,38
2025-26,26,310,13,Brayden Clarke,DEF,Arsenal,1,20,0,2026-02-18T20:00:00Z,0,0,0,0,0,0,0,0,0.0,0.0,0.0,0.0,0.0,0.0,0.0,0.0,0,38
2025-26,26,252,14,Maldini Kacurri,DEF,Arsenal,1,5,0,2026-02-12T20:00:00Z,0,0,0,0,0,0,0,0,0.0,0.0,0.0,0.0,0.0,0.0,0.0,0.0,0,39
2025-26,26,310,14,Maldini Kacurri,DEF,Arsenal,1,20,0,2026-02-18T20:00:00Z,0,0,0,0,0,0,0,0,0.0,0.0,0.0,0.0,0.0,0.0,0.0,0.0,0,39
2025-26,26,252,15,Josh Nichols,DEF,Arsenal,1,5,0,2026-02-12T20:00:00Z,0,0,0,0,0,0,0,0,0.0,0.0,0.0,0.0,0.0,0.0,0.0,0.0,0,37
2025-26,26,310,15,Josh Nichols,DEF,Arsenal,1,20,0,2026-02-18T20:00:00Z,0,0,0,0,0,0,0,0,0.0,0.0,0.0,0.0,0.0,0.0,0.0,0.0,0,37
2025-26,26,252,16,Bukayo Saka,MID,Arsenal,1,5,0,2026-02-12T20:00:00Z,20,1,0,0,0,1,0,2,0.2,0.3,2.0,0.3,0.0,0.0,0.0,0.74,0,99
2025-26,26,310,16,Bukayo Saka,MID,Arsenal,1,20,0,2026-02-18T20:00:00Z,72,12,1,0,0,1,3,37,51.6,20.9,43.0,11.6,0.55,0.13,0.68,0.12,1,99
2025-26,26,252,17,Martin Ødegaard,MID,Arsenal,1,5,0,2026-02-12T20:00:00Z,45,1,0,0,0,1,0,3,1.0,3.6,10.0,1.5,0.04,0.07,0.11,1.09,0,78
2025-26,26,310,17,Martin Ødegaard,MID,Arsenal,1,20,0,2026-02-18T20:00:00Z,0,0,0,0,0,0,0,0,0.0,0.0,0.0,0.0,0.0,0.0,0.0,0.0,0,78
2025-26,26,252,18,Noni Madueke,MID,Arsenal,1,5,0,2026-02-12T20:00:00Z,69,11,1,0,1,0,3,32,42.0,7.1,31.0,8.0,0.19,0.05,0.24,0.76,1,68
2025-26,26,310,18,Noni Madueke,MID,Arsenal,1,20,0,2026-02-18T20:00:00Z,64,2,0,0,0,1,0,5,2.6,7.4,30.0,4.0,0.14,0.03,0.17,0.12,1,68
2025-26,26,252,19,Gabriel Martinelli Silva,MID,Arsenal,1,5,0,2026-02-12T20:00:00Z,9,1,0,0,0,0,0,3,5.2,0.0,17.0,2.2,0.07,0.0,0.07,0.33,0,68
2025-26,26,310,19,Gabriel Martinelli Silva,MID,Arsenal,1,20,0,2026-02-18T20:00:00Z,90,2,0,0,0,2,0,7,13.8,28.8,48.0,9.1,0.63,0.12,0.75,0.29,1,68
2025-26,26,252,20,Leandro Trossard,MID,Arsenal,1,5,0,2026-02-12T20:00:00Z,80,2,0,0,0,1,0,14,9.8,21.2,15.0,4.6,0.17,0.11,0.28,1.18,1,68
2025-26,26,310,20,Leandro Trossard,MID,Arsenal,1,20,0,2026-02-18T20:00:00Z,20,1,0,0,0,0,0,1,1.2,0.3,5.0,0.7,0.01,0.0,0.01,0.0,0,68
2025-26,26,252,21,Declan Rice,MID,Arsenal,1,5,0,2026-02-12T20:00:00Z,90,5,0,0,0,1,1,23,23.0,45.8,6.0,7.5,0.0,0.11,0.11,1.51,1,75
2025-26,26,310,21,Declan Rice,MID,Arsenal,1,20,0,2026-02-18T20:00:00Z,90,9,0,1,0,2,2,31,33.4,19.8,7.0,6.0,0.03,0.58,0.61,0.29,1,75
2025-26,26,252,22,Mikel Merino Zazón,MID,Arsenal,1,5,0,2026-02-12T20:00:00Z,0,0,0,0,0,0,0,0,0.0,0.0,0.0,0.0,0.0,0.0,0.0,0.0,0,54
2025-26,26,310,22,Mikel Merino Zazón,MID,Arsenal,1,20,0,2026-02-18T20:00:00Z,0,0,0,0,0,0,0,0,0.0,0.0,0.0,0.0,0.0,0.0,0.0,0.0,0,54
2025-26,26,252,23,Fábio Ferreira Vieira,MID,Arsenal,1,5,0,2026-02-12T20:00:00Z,0,0,0,0,0,0,0,0,0.0,0.0,0.0,0.0,0.0,0.0,0.0,0.0,0,54
2025-26,26,310,23,Fábio Ferreira Vieira,MID,Arsenal,1,20,0,2026-02-18T20:00:00Z,0,0,0,0,0,0,0,0,0.0,0.0,0.0,0.0,0.0,0.0,0.0,0.0,0,54
2025-26,26,252,24,Christian Nørgaard,MID,Arsenal,1,5,0,2026-02-12T20:00:00Z,0,0,0,0,0,0,0,0,0.0,0.0,0.0,0.0,0.0,0.0,0.0,0.0,0,51
2025-26,26,310,24,Christian Nørgaard,MID,Arsenal,1,20,0,2026-02-18T20:00:00Z,0,0,0,0,0,0,0,0,0.0,0.0,0.0,0.0,0.0,0.0,0.0,0.0,0,51
2025-26,26,252,25,Ethan Nwaneri,MID,Arsenal,1,5,0,2026-02-12T20:00:00Z,0,0,0,0,0,0,0,0,0.0,0.0,0.0,0.0,0.0,0.0,0.0,0.0,0,50
2025-26,26,310,25,Ethan Nwaneri,MID,Arsenal,1,20,0,2026-02-18T20:00:00Z,0,0,0,0,0,0,0,0,0.0,0.0,0.0,0.0,0.0,0.0,0.0,0.0,0,50
2025-26,26,252,26,Martín Zubimendi Ibáñez,MID,Arsenal,1,5,0,2026-02-12T20:00:00Z,90,2,0,0,0,1,0,13,10.6,4.1,2.0,1.7,0.0,0.3,0.3,1.51,1,53
2025-26,26,310,26,Martín Zubimendi Ibáñez,MID,Arsenal,1,20,0,2026-02-18T20:00:00Z,90,4,0,0,0,2,0,17,15.4,7.0,0.0,2.2,0.0,0.02,0.02,0.29,1,53
2025-26,26,252,27,Reiss Nelson,MID,Brentford,5,1,1,2026-02-12T20:00:00Z,0,0,0,0,0,0,0,0,0.0,0.0,0.0,0.0,0.0,0.0,0.0,0.0,0,48
2025-26,26,252,28,Ismeal Kabia,MID,Arsenal,1,5,0,2026-02-12T20:00:00Z,0,0,0,0,0,0,0,0,0.0,0.0,0.0,0.0,0.0,0.0,0.0,0.0,0,45
2025-26,26,310,28,Ismeal Kabia,MID,Arsenal,1,20,0,2026-02-18T20:00:00Z,0,0,0,0,0,0,0,0,0.0,0.0,0.0,0.0,0.0,0.0,0.0,0.0,0,45
2025-26,26,252,29,Albert Sambi Lokonga,MID,Arsenal,1,5,0,2026-02-12T20:00:00Z,0,0,0,0,0,0,0,0,0.0,0.0,0.0,0.0,0.0,0.0,0.0,0.0,0,45
2025-26,26,310,29,Albert Sambi Lokonga,MID,Arsenal,1,20,0,2026-02-18T20:00:00Z,0,0,0,0,0,0,0,0,0.0,0.0,0.0,0.0,0.0,0.0,0.0,0.0,0,45
2025-26,26,252,30,Kai Havertz,FWD,Arsenal,1,5,0,2026-02-12T20:00:00Z,0,0,0,0,0,0,0,0,0.0,0.0,0.0,0.0,0.0,0.0,0.0,0.0,0,73
2025-26,26,310,30,Kai Havertz,FWD,Arsenal,1,20,0,2026-02-18T20:00:00Z,0,0,0,0,0,0,0,0,0.0,0.0,0.0,0.0,0.0,0.0,0.0,0.0,0,73
2025-26,26,252,31,Gabriel Fernando de Jesus,FWD,Arsenal,1,5,0,2026-02-12T20:00:00Z,0,0,0,0,0,0,0,0,0.0,0.0,0.0,0.0,0.0,0.0,0.0,0.0,0,64
2025-26,26,310,31,Gabriel Fernando de Jesus,FWD,Arsenal,1,20,0,2026-02-18T20:00:00Z,25,0,0,0,0,1,0,-1,0.0,1.7,4.0,0.5,0.0,0.01,0.01,0.17,0,64
2025-26,26,251,32,Emiliano Martínez Romero,GK,Aston Villa,2,6,1,2026-02-11T19:30:00Z,90,8,0,0,1,0,2,29,21.2,0.0,0.0,2.1,0.0,0.01,0.01,0.5,1,50
2025-26,26,251,33,Marco Bizot,GK,Aston Villa,2,6,1,2026-02-11T19:30:00Z,0,0,0,0,0,0,0,0,0.0,0.0,0.0,0.0,0.0,0.0,0.0,0.0,0,42
2025-26,26,251,34,Joe Gauci,GK,Aston Villa,2,6,1,2026-02-11T19:30:00Z,0,0,0,0,0,0,0,0,0.0,0.0,0.0,0.0,0.0,0.0,0.0,0.0,0,40
2025-26,26,251,35,Filip Marschall,GK,Aston Villa,2,6,1,2026-02-11T19:30:00Z,0,0,0,0,0,0,0,0,0.0,0.0,0.0,0.0,0.0,0.0,0.0,0.0,0,40
2025-26,26,251,36,Matty Cash,DEF,Aston Villa,2,6,1,2026-02-11T19:30:00Z,0,0,0,0,0,0,0,0,0.0,0.0,0.0,0.0,0.0,0.0,0.0,0.0,0,49
2025-26,26,251,37,Lucas Digne,DEF,Aston Villa,2,6,1,2026-02-11T19:30:00Z,0,0,0,0,0,0,0,0,0.0,0.0,0.0,0.0,0.0,0.0,0.0,0.0,0,45
2025-26,26,251,38,Ezri Konsa Ngoyo,DEF,Aston Villa,2,6,1,2026-02-11T19:30:00Z,90,6,0,0,1,0,0,25,7.0,1.1,11.0,1.9,0.15,0.02,0.17,0.5,1,44
2025-26,26,251,39,Ian Maatsen,DEF,Aston Villa,2,6,1,2026-02-11T19:30:00Z,90,8,0,0,1,0,0,24,24.6,29.7,12.0,6.6,0.02,0.08,0.1,0.5,1,42
2025-26,26,251,40,Tyrone Mings,DEF,Aston Villa,2,6,1,2026-02-11T19:30:00Z,90,12,0,1,1,0,3,33,13.4,0.7,9.0,2.3,0.14,0.0,0.14,0.5,1,43
2025-26,26,251,41,Pau Torres,DEF,Aston Villa,2,6,1,2026-02-11T19:30:00Z,0,0,0,0,0,0,0,0,0.0,0.0,0.0,0.0,0.0,0.0,0.0,0.0,0,43
2025-26,26,251,42,Andrés García,DEF,Aston Villa,2,6,1,2026-02-11T19:30:00Z,0,0,0,0,0,0,0,0,0.0,0.0,0.0,0.0,0.0,0.0,0.0,0.0,0,39
2025-26,26,251,43,Álex Moreno Lopera,DEF,Aston Villa,2,6,1,2026-02-11T19:30:00Z,0,0,0,0,0,0,0,0,0.0,0.0,0.0,0.0,0.0,0.0,0.0,0.0,0,40
2025-26,26,251,44,Lamare Bogarde,DEF,Aston Villa,2,6,1,2026-02-11T19:30:00Z,90,7,0,0,1,0,1,28,17.0,2.3,2.0,2.1,0.0,0.01,0.01,0.5,1,40
2025-26,26,251,45,Lino da Cruz Sousa,DEF,Aston Villa,2,6,1,2026-02-11T19:30:00Z,0,0,0,0,0,0,0,0,0.0,0.0,0.0,0.0,0.0,0.0,0.0,0.0,0,38
2025-26,26,251,46,Yasin Özcan,DEF,Aston Villa,2,6,1,2026-02-11T19:30:00Z,0,0,0,0,0,0,0,0,0.0,0.0,0.0,0.0,0.0,0.0,0.0,0.0,0,40
2025-26,26,251,47,Morgan Rogers,MID,Aston Villa,2,6,1,2026-02-11T19:30:00Z,90,2,0,0,1,0,0,4,4.4,22.2,52.0,7.9,0.2,0.03,0.23,0.5,1,76
2025-26,26,251,48,Youri Tielemans,MID,Aston Villa,2,6,1,2026-02-11T19:30:00Z,0,0,0,0,0,0,0,0,0.0,0.0,0.0,0.0,0.0,0.0,0.0,0.0,0,59
2025-26,26,251,49,Leon Bailey,MID,Aston Villa,2,6,1,2026-02-11T19:30:00Z,30,1,0,0,0,0,0,3,6.2,39.0,4.0,4.9,0.0,0.23,0.23,0.33,0,55
2025-26,26,251,50,Emiliano Buendía Stati,MID,Aston Villa,2,6,1,2026-02-11T19:30:00Z,59,1,0,0,0,0,0,8,5.8,10.4,4.0,2.0,0.02,0.01,0.03,0.17,1,53
2025-26,26,251,51,Samuel Iling-Junior,MID,Aston Villa,2,6,1,2026-02-11T19:30:00Z,0,0,0,0,0,0,0,0,0.0,0.0,0.0,0.0,0.0,0.0,0.0,0.0,0,55
2025-26,26,259,52,Jacob Ramsey,MID,Newcastle,15,18,0,2026-02-10T19:30:00Z,74,7,1,0,0,1,0,30,41.8,1.6,40.0,8.3,0.4,0.02,0.42,1.47,1,53
2025-26,26,251,53,Donyell Malen,MID,Aston Villa,2,6,1,2026-02-11T19:30:00Z,0,0,0,0,0,0,0,0,0.0,0.0,0.0,0.0,0.0,0.0,0.0,0.0,0,51
2025-26,26,251,54,John McGinn,MID,Aston Villa,2,6,1,2026-02-11T19:30:00Z,0,0,0,0,0,0,0,0,0.0,0.0,0.0,0.0,0.0,0.0,0.0,0.0,0,54
2025-26,26,251,55,Ross Barkley,MID,Aston Villa,2,6,1,2026-02-11T19:30:00Z,30,1,0,0,0,0,0,2,1.0,0.8,1.0,0.3,0.04,0.02,0.06,0.33,0,48
2025-26,26,251,56,Enzo Barrenechea,MID,Aston Villa,2,6,1,2026-02-11T19:30:00Z,0,0,0,0,0,0,0,0,0.0,0.0,0.0,0.0,0.0,0.0,0.0,0.0,0,50
2025-26,26,251,57,Lewis Dobbin,MID,Aston Villa,2,6,1,2026-02-11T19:30:00Z,0,0,0,0,0,0,0,0,0.0,0.0,0.0,0.0,0.0,0.0,0.0,0.0,0,50
2025-26,26,251,58,Boubacar Kamara,MID,Aston Villa,2,6,1,2026-02-11T19:30:00Z,0,0,0,0,0,0,0,0,0.0,0.0,0.0,0.0,0.0,0.0,0.0,0.0,0,49
2025-26,26,251,59,Amadou Onana,MID,Aston Villa,2,6,1,2026-02-11T19:30:00Z,74,3,0,0,1,0,0,10,6.2,3.1,4.0,1.3,0.06,0.02,0.08,0.39,1,48
2025-26,26,251,60,Ben Broggio,MID,Aston Villa,2,6,1,2026-02-11T19:30:00Z,0,0,0,0,0,0,0,0,0.0,0.0,0.0,0.0,0.0,0.0,0.0,0.0,0,44
2025-26,26,251,61,Leander Dendoncker,MID,Aston Villa,2,6,1,2026-02-11T19:30:00Z,0,0,0,0,0,0,0,0,0.0,0.0,0.0,0.0,0.0,0.0,0.0,0.0,0,45
2025-26,26,251,62,Jamaldeen Jimoh-Aloba,MID,Aston Villa,2,6,1,2026-02-11T19:30:00Z,0,0,0,0,0,0,0,0,0.0,0.0,0.0,0.0,0.0,0.0,0.0,0.0,0,45
2025-26,26,251,63,Kadan Young,MID,Aston Villa,2,6,1,2026-02-11T19:30:00Z,0,0,0,0,0,0,0,0,0.0,0.0,0.0,0.0,0.0,0.0,0.0,0.0,0,43
2025-26,26,251,64,Ollie Watkins,FWD,Aston Villa,2,6,1,2026-02-11T19:30:00Z,73,2,0,0,1,0,0,2,0.0,1.9,6.0,0.3,0.02,0.02,0.04,0.39,1,87
2025-26,26,251,65,Zépiqueno Redmond,FWD,Aston Villa,2,6,1,2026-02-11T19:30:00Z,0,0,0,0,0,0,0,0,0.0,0.0,0.0,0.0,0.0,0.0,0.0,0.0,0,45
2025-26,26,255,66,Norberto Murara Neto,GK,Bournemouth,4,9,0,2026-02-10T19:30:00Z,0,0,0,0,0,0,0,0,0.0,0.0,0.0,0.0,0.0,0.0,0.0,0.0,0,45
2025-26,26,255,67,Đorđe Petrović,GK,Bournemouth,4,9,0,2026-02-10T19:30:00Z,90,3,0,0,0,1,0,17,36.0,0.0,0.0,3.6,0.0,0.0,0.0,2.94,1,45
2025-26,26,255,68,Will Dennis,GK,Bournemouth,4,9,0,2026-02-10T19:30:00Z,0,0,0,0,0,0,0,0,0.0,0.0,0.0,0.0,0.0,0.0,0.0,0.0,0,40
2025-26,26,255,69,Callan McKenna,GK,Bournemouth,4,9,0,2026-02-10T19:30:00Z,0,0,0,0,0,0,0,0,0.0,0.0,0.0,0.0,0.0,0.0,0.0,0.0,0,39
2025-26,26,255,70,Alex Paulsen,GK,Bournemouth,4,9,0,2026-02-10T19:30:00Z,0,0,0,0,0,0,0,0,0.0,0.0,0.0,0.0,0.0,0.0,0.0,0.0,0,40
2025-26,26,255,71,Illia Zabarnyi,DEF,Bournemouth,4,9,0,2026-02-10T19:30:00Z,0,0,0,0,0,0,0,0,0.0,0.0,0.0,0.0,0.0,0.0,0.0,0.0,0,50
2025-26,26,255,72,Marcos Senesi Barón,DEF,Bournemouth,4,9,0,2026-02-10T19:30:00Z,90,2,0,0,0,1,0,8,25.8,0.7,2.0,2.9,0.0,0.0,0.0,2.94,1,48
2025-26,26,255,73,Adam Smith,DEF,Bournemouth,4,9,0,2026-02-10T19:30:00Z,1,1,0,0,0,0,0,4,0.0,0.0,0.0,0.0,0.0,0.0,0.0,0.0,0,44
2025-26,26,255,74,Adrien Truffert,DEF,Bournemouth,4,9,0,2026-02-10T19:30:00Z,90,7,0,1,0,1,0,18,32.6,15.8,1.0,4.9,0.02,0.49,0.51,2.94,1,45
2025-26,26,255,75,Matai Akinmboni,DEF,Bournemouth,4,9,0,2026-02-10T19:30:00Z,0,0,0,0,0,0,0,0,0.0,0.0,0.0,0.0,0.0,0.0,0.0,0.0,0,38
2025-26,26,255,76,Owen Bevan,DEF,Bournemouth,4,9,0,2026-02-10T19:30:00Z,0,0,0,0,0,0,0,0,0.0,0.0,0.0,0.0,0.0,0.0,0.0,0.0,0,38
2025-26,26,255,77,James Hill,DEF,Bournemouth,4,9,0,2026-02-10T19:30:00Z,90,9,0,1,0,1,2,31,55.0,10.6,2.0,6.8,0.0,0.22,0.22,2.94,1,39
2025-26,26,255,78,Julián Araujo Zúñiga,DEF,Bournemouth,4,9,0,2026-02-10T19:30:00Z,0,0,0,0,0,0,0,0,0.0,0.0,0.0,0.0,0.0,0.0,0.0,0.0,0,38
2025-26,26,255,79,Chris Mepham,DEF,Bournemouth,4,9,0,2026-02-10T19:30:00Z,0,0,0,0,0,0,0,0,0.0,0.0,0.0,0.0,0.0,0.0,0.0,0.0,0,40
2025-26,26,255,80,Julio Soler Barreto,DEF,Bournemouth,4,9,0,2026-02-10T19:30:00Z,0,0,0,0,0,0,0,0,0.0,0.0,0.0,0.0,0.0,0.0,0.0,0.0,0,40
2025-26,26,255,81,Justin Kluivert,MID,Bournemouth,4,9,0,2026-02-10T19:30:00Z,0,0,0,0,0,0,0,0,0.0,0.0,0.0,0.0,0.0,0.0,0.0,0.0,0,70
2025-26,26,256,82,Antoine Semenyo,MID,Man City,13,10,1,2026-02-11T19:30:00Z,90,14,1,1,1,0,3,36,53.6,17.8,39.0,11.0,0.55,0.17,0.72,1.42,1,79
2025-26,26,252,83,Dango Ouattara,MID,Brentford,5,1,1,2026-02-12T20:00:00Z,90,1,0,0,0,1,0,5,9.6,17.7,4.0,3.1,0.04,0.03,0.07,0.6,1,58
2025-26,26,255,84,Marcus Tavernier,MID,Bournemouth,4,9,0,2026-02-10T19:30:00Z,0,0,0,0,0,0,0,0,0.0,0.0,0.0,0.0,0.0,0.0,0.0,0.0,0,53
2025-26,26,255,85,Tyler Adams,MID,Bournemouth,4,9,0,2026-02-10T19:30:00Z,0,0,0,0,0,0,0,0,0.0,0.0,0.0,0.0,0.0,0.0,0.0,0.0,0,49
2025-26,26,255,86,David Brooks,MID,Bournemouth,4,9,0,2026-02-10T19:30:00Z,10,0,0,0,0,0,0,0,1.2,1.0,0.0,0.2,0.0,0.0,0.0,0.81,0,50
2025-26,26,255,87,Ryan Christie,MID,Bournemouth,4,9,0,2026-02-10T19:30:00Z,79,2,0,0,0,1,0,12,1.0,18.4,4.0,2.3,0.03,0.05,0.08,2.13,1,49
2025-26,26,255,88,Lewis Cook,MID,Bournemouth,4,9,0,2026-02-10T19:30:00Z,10,1,0,0,0,0,0,2,0.0,0.1,0.0,0.0,0.0,0.0,0.0,0.81,0,49
2025-26,26,255,89,Philip Billing,MID,Bournemouth,4,9,0,2026-02-10T19:30:00Z,0,0,0,0,0,0,0,0,0.0,0.0,0.0,0.0,0.0,0.0,0.0,0.0,0,49
2025-26,26,255,90,Alex Scott,MID,Bournemouth,4,9,0,2026-02-10T19:30:00Z,90,4,0,0,0,1,0,17,16.0,6.5,0.0,2.3,0.0,0.04,0.04,2.94,1,50
2025-26,26,255,91,Luis Sinisterra Lucumí,MID,Bournemouth,4,9,0,2026-02-10T19:30:00Z,0,0,0,0,0,0,0,0,0.0,0.0,0.0,0.0,0.0,0.0,0.0,0.0,0,50
2025-26,26,255,92,Romain Faivre,MID,Bournemouth,4,9,0,2026-02-10T19:30:00Z,0,0,0,0,0,0,0,0,0.0,0.0,0.0,0.0,0.0,0.0,0.0,0.0,0,45
2025-26,26,255,93,Hamed Traorè,MID,Bournemouth,4,9,0,2026-02-10T19:30:00Z,0,0,0,0,0,0,0,0,0.0,0.0,0.0,0.0,0.0,0.0,0.0,0.0,0,45
2025-26,26,255,94,Dominic Sadi,MID,Bournemouth,4,9,0,2026-02-10T19:30:00Z,0,0,0,0,0,0,0,0,0.0,0.0,0.0,0.0,0.0,0.0,0.0,0.0,0,45
2025-26,26,255,95,Zain Silcott-Duberry,MID,Bournemouth,4,9,0,2026-02-10T19:30:00Z,0,0,0,0,0,0,0,0,0.0,0.0,0.0,0.0,0.0,0.0,0.0,0.0,0,44
2025-26,26,255,96,Ben Winterburn,MID,Bournemouth,4,9,0,2026-02-10T19:30:00Z,0,0,0,0,0,0,0,0,0.0,0.0,0.0,0.0,0.0,0.0,0.0,0.0,0,45
2025-26,26,255,97,Francisco Evanilson de Lima Barbosa,FWD,Bournemouth,4,9,0,2026-02-10T19:30:00Z,57,1,0,0,0,1,0,7,7.2,1.3,24.0,3.3,0.12,0.01,0.13,1.95,1,70
2025-26,26,255,98,Enes Ünal,FWD,Bournemouth,4,9,0,2026-02-10T19:30:00Z,32,1,0,0,0,0,0,0,0.0,4.0,6.0,0.7,0.09,0.0,0.09,1.0,0,54
2025-26,26,255,99,Daniel Adu-Adjei,FWD,Bournemouth,4,9,0,2026-02-10T19:30:00Z,0,0,0,0,0,0,0,0,0.0,0.0,0.0,0.0,0.0,0.0,0.0,0.0,0,44
2025-26,26,255,100,Junior Kroupi,FWD,Bournemouth,4,9,0,2026-02-10T19:30:00Z,32,1,0,0,0,0,0,3,3.6,14.5,0.0,1.8,0.0,0.16,0.16,1.0,0,47
2025-26,26,252,101,Caoimhín Kelleher,GK,Brentford,5,1,1,2026-02-12T20:00:00Z,90,2,0,0,0,1,0,6,13.4,0.0,0.0,1.3,0.0,0.0,0.0,0.6,1,46
2025-26,26,252,102,Ellery Balcombe,GK,Brentford,5,1,1,2026-02-12T20:00:00Z,0,0,0,0,0,0,0,0,0.0,0.0,0.0,0.0,0.0,0.0,0.0,0.0,0,39
2025-26,26,252,103,Matthew Cox,GK,Brentford,5,1,1,2026-02-12T20:00:00Z,0,0,0,0,0,0,0,0,0.0,0.0,0.0,0.0,0.0,0.0,0.0,0.0,0,39
2025-26,26,252,104,Julian Eyestone,GK,Brentford,5,1,1,2026-02-12T20:00:00Z,0,0,0,0,0,0,0,0,0.0,0.0,0.0,0.0,0.0,0.0,0.0,0.0,0,39
2025-26,26,252,105,Hákon Rafn Valdimarsson,GK,Brentford,5,1,1,2026-02-12T20:00:00Z,0,0,0,0,0,0,0,0,0.0,0.0,0.0,0.0,0.0,0.0,0.0,0.0,0,39
2025-26,26,252,106,Nathan Collins,DEF,Brentford,5,1,1,2026-02-12T20:00:00Z,0,0,0,0,0,0,0,0,0.0,0.0,0.0,0.0,0.0,0.0,0.0,0.0,0,50
2025-26,26,252,107,Keane Lewis-Potter,DEF,Brentford,5,1,1,2026-02-12T20:00:00Z,72,8,1,0,0,1,0,14,32.4,3.3,46.0,8.2,0.56,0.02,0.58,0.53,1,49
2025-26,26,252,108,Kristoffer Ajer,DEF,Brentford,5,1,1,2026-02-12T20:00:00Z,90,4,0,0,0,1,0,11,21.2,0.9,8.0,3.0,0.0,0.04,0.04,0.6,1,44
2025-26,26,252,109,Rico Henry,DEF,Brentford,5,1,1,2026-02-12T20:00:00Z,90,2,0,0,0,1,0,6,9.2,0.8,0.0,1.0,0.0,0.01,0.01,0.6,1,43
2025-26,26,252,110,Michael Kayode,DEF,Brentford,5,1,1,2026-02-12T20:00:00Z,90,2,0,0,0,1,0,9,13.0,1.1,2.0,1.6,0.08,0.06,0.14,0.6,1,45
2025-26,26,252,111,Ethan Pinnock,DEF,Brentford,5,1,1,2026-02-12T20:00:00Z,0,0,0,0,0,0,0,0,0.0,0.0,0.0,0.0,0.0,0.0,0.0,0.0,0,42
2025-26,26,252,112,Mads Roerslev Rasmussen,DEF,Brentford,5,1,1,2026-02-12T20:00:00Z,0,0,0,0,0,0,0,0,0.0,0.0,0.0,0.0,0.0,0.0,0.0,0.0,0,45
2025-26,26,252,113,Sepp van den Berg,DEF,Brentford,5,1,1,2026-02-12T20:00:00Z,90,6,0,1,0,1,1,23,36.4,10.7,6.0,5.3,0.05,0.27,0.32,0.6,1,45
2025-26,26,252,114,Benjamin Arthur,DEF,Brentford,5,1,1,2026-02-12T20:00:00Z,0,0,0,0,0,0,0,0,0.0,0.0,0.0,0.0,0.0,0.0,0.0,0.0,0,38
2025-26,26,252,115,Benjamin Fredrick,DEF,Brentford,5,1,1,2026-02-12T20:00:00Z,0,0,0,0,0,0,0,0,0.0,0.0,0.0,0.0,0.0,0.0,0.0,0.0,0,40
2025-26,26,252,116,Aaron Hickey,DEF,Brentford,5,1,1,2026-02-12T20:00:00Z,1,1,0,0,0,0,0,3,0.0,0.1,0.0,0.0,0.0,0.0,0.0,0.0,0,40
2025-26,26,252,117,Kim Ji-soo,DEF,Brentford,5,1,1,2026-02-12T20:00:00Z,0,0,0,0,0,0,0,0,0.0,0.0,0.0,0.0,0.0,0.0,0.0,0.0,0,39
2025-26,26,252,118,Jayden Meghoma,DEF,Brentford,5,1,1,2026-02-12T20:00:00Z,0,0,0,0,0,0,0,0,0.0,0.0,0.0,0.0,0.0,0.0,0.0,0.0,0,40
2025-26,26,260,119,Bryan Mbeumo,MID,Man Utd,14,19,0,2026-02-10T20:15:00Z,90,6,0,1,0,1,1,23,23.2,35.5,13.0,7.2,0.13,0.09,0.22,1.11,1,86
2025-26,26,252,120,Kevin Schade,MID,Brentford,5,1,1,2026-02-12T20:00:00Z,0,0,0,0,0,0,0,0,0.0,0.0,0.0,0.0,0.0,0.0,0.0,0.0,0,69
2025-26,26,252,121,Mikkel Damsgaard,MID,Brentford,5,1,1,2026-02-12T20:00:00Z,17,1,0,0,0,0,0,5,7.0,11.1,4.0,2.2,0.0,0.01,0.01,0.07,0,56
2025-26,26,252,122,Antoni Milambo,MID,Brentford,5,1,1,2026-02-12T20:00:00Z,0,0,0,0,0,0,0,0,0.0,0.0,0.0,0.0,0.0,0.0,0.0,0.0,0,52
2025-26,26,252,123,Fábio Freitas Gouveia Carvalho,MID,Brentford,5,1,1,2026-02-12T20:00:00Z,0,0,0,0,0,0,0,0,0.0,0.0,0.0,0.0,0.0,0.0,0.0,0.0,0,47
2025-26,26,252,124,Jordan Henderson,MID,Brentford,5,1,1,2026-02-12T20:00:00Z,17,1,0,0,0,0,0,4,3.8,4.5,2.0,1.0,0.0,0.01,0.01,0.07,0,50
2025-26,26,252,125,Vitaly Janelt,MID,Brentford,5,1,1,2026-02-12T20:00:00Z,90,1,0,0,0,1,0,10,9.4,15.0,2.0,2.6,0.0,0.04,0.04,0.6,1,49
2025-26,26,252,126,Mathias Jensen,MID,Brentford,5,1,1,2026-02-12T20:00:00Z,90,1,0,0,0,1,0,18,12.8,52.7,2.0,6.8,0.0,0.35,0.35,0.6,1,49
2025-26,26,252,127,Gustavo Nunes Fernandes Gomes,MID,Brentford,5,1,1,2026-02-12T20:00:00Z,0,0,0,0,0,0,0,0,0.0,0.0,0.0,0.0,0.0,0.0,0.0,0.0,0,49
2025-26,26,252,128,Frank Onyeka,MID,Brentford,5,1,1,2026-02-12T20:00:00Z,0,0,0,0,0,0,0,0,0.0,0.0,0.0,0.0,0.0,0.0,0.0,0.0,0,48
2025-26,26,252,129,Yehor Yarmoliuk,MID,Brentford,5,1,1,2026-02-12T20:00:00Z,72,2,0,0,0,1,0,3,0.0,0.9,0.0,0.0,0.0,0.0,0.0,0.53,1,50
2025-26,26,252,130,Romelle Donovan,MID,Brentford,5,1,1,2026-02-12T20:00:00Z,0,0,0,0,0,0,0,0,0.0,0.0,0.0,0.0,0.0,0.0,0.0,0.0,0,44
2025-26,26,252,131,Yunus Emre Konak,MID,Brentford,5,1,1,2026-02-12T20:00:00Z,0,0,0,0,0,0,0,0,0.0,0.0,0.0,0.0,0.0,0.0,0.0,0.0,0,43
2025-26,26,252,132,Paris Maghoma,MID,Brentford,5,1,1,2026-02-12T20:00:00Z,0,0,0,0,0,0,0,0,0.0,0.0,0.0,0.0,0.0,0.0,0.0,0.0,0,45
2025-26,26,252,133,Myles Peart-Harris,MID,Brentford,5,1,1,2026-02-12T20:00:00Z,0,0,0,0,0,0,0,0,0.0,0.0,0.0,0.0,0.0,0.0,0.0,0.0,0,44
2025-26,26,252,134,Ryan Trevitt,MID,Brentford,5,1,1,2026-02-12T20:00:00Z,0,0,0,0,0,0,0,0,0.0,0.0,0.0,0.0,0.0,0.0,0.0,0.0,0,45
2025-26,26,259,135,Yoane Wissa,FWD,Newcastle,15,18,0,2026-02-10T19:30:00Z,0,0,0,0,0,0,0,0,0.0,0.0,0.0,0.0,0.0,0.0,0.0,0.0,0,73
2025-26,26,252,136,Igor Thiago Nascimento Rodrigues,FWD,Brentford,5,1,1,2026-02-12T20:00:00Z,90,2,0,0,0,1,0,3,7.2,13.6,57.0,7.8,0.77,0.22,0.99,0.6,1,70
2025-26,26,252,137,Iwan Morgan,FWD,Brentford,5,1,1,2026-02-12T20:00:00Z,0,0,0,0,0,0,0,0,0.0,0.0,0.0,0.0,0.0,0.0,0.0,0.0,0,44
2025-26,26,251,138,Jason Steele,GK,Brighton,6,2,0,2026-02-11T19:30:00Z,0,0,0,0,0,0,0,0,0.0,0.0,0.0,0.0,0.0,0.0,0.0,0.0,0,42
2025-26,26,251,139,Bart Verbruggen,GK,Brighton,6,2,0,2026-02-11T19:30:00Z,90,2,0,0,0,1,0,10,17.6,0.0,0.0,1.8,0.0,0.0,0.0,0.72,1,45
2025-26,26,251,140,Tom McGill,GK,Brighton,6,2,0,2026-02-11T19:30:00Z,0,0,0,0,0,0,0,0,0.0,0.0,0.0,0.0,0.0,0.0,0.0,0.0,0,39
2025-26,26,251,141,Carl Rushworth,GK,Brighton,6,2,0,2026-02-11T19:30:00Z,0,0,0,0,0,0,0,0,0.0,0.0,0.0,0.0,0.0,0.0,0.0,0.0,0,40
2025-26,26,251,142,Kjell Scherpen,GK,Brighton,6,2,0,2026-02-11T19:30:00Z,0,0,0,0,0,0,0,0,0.0,0.0,0.0,0.0,0.0,0.0,0.0,0.0,0,40
2025-26,26,251,143,Olivier Boscagli,DEF,Brighton,6,2,0,2026-02-11T19:30:00Z,29,1,0,0,0,1,0,1,5.4,0.5,0.0,0.6,0.0,0.0,0.0,0.25,0,42
2025-26,26,251,144,Diego Coppola,DEF,Brighton,6,2,0,2026-02-11T19:30:00Z,0,0,0,0,0,0,0,0,0.0,0.0,0.0,0.0,0.0,0.0,0.0,0.0,0,42
2025-26,26,251,145,Maxim De Cuyper,DEF,Brighton,6,2,0,2026-02-11T19:30:00Z,0,0,0,0,0,0,0,0,0.0,0.0,0.0,0.0,0.0,0.0,0.0,0.0,0,43
2025-26,26,251,146,Lewis Dunk,DEF,Brighton,6,2,0,2026-02-11T19:30:00Z,90,2,0,0,0,1,0,8,12.4,1.3,0.0,1.4,0.0,0.02,0.02,0.72,1,45
2025-26,26,251,147,Pervis Estupiñán Tenorio,DEF,Brighton,6,2,0,2026-02-11T19:30:00Z,0,0,0,0,0,0,0,0,0.0,0.0,0.0,0.0,0.0,0.0,0.0,0.0,0,45
2025-26,26,251,148,Ferdi Kadıoğlu,DEF,Brighton,6,2,0,2026-02-11T19:30:00Z,90,2,0,0,0,1,0,17,10.0,2.3,7.0,1.9,0.03,0.01,0.04,0.72,1,44
2025-26,26,251,149,Igor Julio dos Santos de Paulo,DEF,Brighton,6,2,0,2026-02-11T19:30:00Z,0,0,0,0,0,0,0,0,0.0,0.0,0.0,0.0,0.0,0.0,0.0,0.0,0,45
2025-26,26,251,150,Tariq Lamptey,DEF,Brighton,6,2,0,2026-02-11T19:30:00Z,0,0,0,0,0,0,0,0,0.0,0.0,0.0,0.0,0.0,0.0,0.0,0.0,0,44
2025-26,26,251,151,Jan Paul van Hecke,DEF,Brighton,6,2,0,2026-02-11T19:30:00Z,60,5,0,0,1,0,0,21,7.4,0.4,0.0,0.8,0.0,0.01,0.01,0.47,1,45
2025-26,26,251,152,Joël Veltman,DEF,Brighton,6,2,0,2026-02-11T19:30:00Z,90,1,0,0,0,1,0,4,12.8,1.8,4.0,1.9,0.0,0.01,0.01,0.72,1,43
2025-26,26,251,153,Adam Webster,DEF,Brighton,6,2,0,2026-02-11T19:30:00Z,0,0,0,0,0,0,0,0,0.0,0.0,0.0,0.0,0.0,0.0,0.0,0.0,0,44
2025-26,26,251,154,Eiran Cashin,DEF,Brighton,6,2,0,2026-02-11T19:30:00Z,0,0,0,0,0,0,0,0,0.0,0.0,0.0,0.0,0.0,0.0,0.0,0.0,0,40
2025-26,26,251,155,Jacob Slater,DEF,Brighton,6,2,0,2026-02-11T19:30:00Z,0,0,0,0,0,0,0,0,0.0,0.0,0.0,0.0,0.0,0.0,0.0,0.0,0,40
2025-26,26,251,156,Charlie Tasker,DEF,Brighton,6,2,0,2026-02-11T19:30:00Z,0,0,0,0,0,0,0,0,0.0,0.0,0.0,0.0,0.0,0.0,0.0,0.0,0,38
2025-26,26,251,157,Mitoma Kaoru,MID,Brighton,6,2,0,2026-02-11T19:30:00Z,80,3,0,0,1,0,0,10,7.8,18.3,8.0,3.4,0.07,0.1,0.17,0.51,1,61
2025-26,26,251,158,Georginio Rutter,MID,Brighton,6,2,0,2026-02-11T19:30:00Z,0,0,0,0,0,0,0,0,0.0,0.0,0.0,0.0,0.0,0.0,0.0,0.0,0,56
2025-26,26,251,159,Solly March,MID,Brighton,6,2,0,2026-02-11T19:30:00Z,0,0,0,0,0,0,0,0,0.0,0.0,0.0,0.0,0.0,0.0,0.0,0.0,0,58
2025-26,26,251,160,Yankuba Minteh,MID,Brighton,6,2,0,2026-02-11T19:30:00Z,9,1,0,0,0,1,0,2,0.0,0.1,2.0,0.1,0.0,0.0,0.0,0.21,0,56
2025-26,26,251,161,Julio Enciso Espínola,MID,Brighton,6,2,0,2026-02-11T19:30:00Z,0,0,0,0,0,0,0,0,0.0,0.0,0.0,0.0,0.0,0.0,0.0,0.0,0,54
2025-26,26,251,162,Brajan Gruda,MID,Brighton,6,2,0,2026-02-11T19:30:00Z,0,0,0,0,0,0,0,0,0.0,0.0,0.0,0.0,0.0,0.0,0.0,0.0,0,54
2025-26,26,251,163,Jack Hinshelwood,MID,Brighton,6,2,0,2026-02-11T19:30:00Z,90,0,0,0,0,1,0,4,0.0,16.9,13.0,2.7,0.16,0.12,0.28,0.72,1,51
2025-26,26,251,164,Matt O'Riley,MID,Brighton,6,2,0,2026-02-11T19:30:00Z,0,0,0,0,0,0,0,0,0.0,0.0,0.0,0.0,0.0,0.0,0.0,0.0,0,55
2025-26,26,251,165,Abdallah Sima,MID,Brighton,6,2,0,2026-02-11T19:30:00Z,0,0,0,0,0,0,0,0,0.0,0.0,0.0,0.0,0.0,0.0,0.0,0.0,0,54
2025-26,26,251,166,Yasin Ayari,MID,Brighton,6,2,0,2026-02-11T19:30:00Z,0,0,0,0,0,0,0,0,0.0,0.0,0.0,0.0,0.0,0.0,0.0,0.0,0,48
2025-26,26,251,167,Carlos Baleba,MID,Brighton,6,2,0,2026-02-11T19:30:00Z,21,0,0,0,0,0,0,0,0.0,0.0,0.0,0.0,0.0,0.0,0.0,0.29,1,45
2025-26,26,253,168,Facundo Buonanotte,MID,Leeds,11,7,0,2026-02-10T19:30:00Z,0,0,0,0,0,0,0,0,0.0,0.0,0.0,0.0,0.0,0.0,0.0,0.0,0,46
2025-26,26,251,169,Diego Gómez Amarilla,MID,Brighton,6,2,0,2026-02-11T19:30:00Z,80,3,0,0,1,0,0,10,12.6,2.0,0.0,1.5,0.0,0.03,0.03,0.51,1,49
2025-26,26,251,170,James Milner,MID,Brighton,6,2,0,2026-02-11T19:30:00Z,68,2,0,0,0,1,0,7,11.8,12.6,25.0,4.9,0.08,0.05,0.13,0.43,0,49
2025-26,26,251,171,Jeremy Sarmiento Morante,MID,Brighton,6,2,0,2026-02-11T19:30:00Z,0,0,0,0,0,0,0,0,0.0,0.0,0.0,0.0,0.0,0.0,0.0,0.0,0,49
2025-26,26,251,172,Tom Watson,MID,Brighton,6,2,0,2026-02-11T19:30:00Z,0,0,0,0,0,0,0,0,0.0,0.0,0.0,0.0,0.0,0.0,0.0,0.0,0,48
2025-26,26,251,173,Mats Wieffer,MID,Brighton,6,2,0,2026-02-11T19:30:00Z,0,0,0,0,0,0,0,0,0.0,0.0,0.0,0.0,0.0,0.0,0.0,0.0,0,49
2025-26,26,251,174,Malick Yalcouyé,MID,Brighton,6,2,0,2026-02-11T19:30:00Z,0,0,0,0,0,0,0,0,0.0,0.0,0.0,0.0,0.0,0.0,0.0,0.0,0,50
2025-26,26,251,175,Joe Knight,MID,Brighton,6,2,0,2026-02-11T19:30:00Z,0,0,0,0,0,0,0,0,0.0,0.0,0.0,0.0,0.0,0.0,0.0,0.0,0,44
2025-26,26,251,176,Adrian Mazilu,MID,Brighton,6,2,0,2026-02-11T19:30:00Z,0,0,0,0,0,0,0,0,0.0,0.0,0.0,0.0,0.0,0.0,0.0,0.0,0,45
2025-26,26,251,177,Andrew Moran,MID,Brighton,6,2,0,2026-02-11T19:30:00Z,0,0,0,0,0,0,0,0,0.0,0.0,0.0,0.0,0.0,0.0,0.0,0.0,0,45
2025-26,26,251,178,Danny Welbeck,FWD,Brighton,6,2,0,2026-02-11T19:30:00Z,80,2,0,0,1,0,0,10,11.2,12.9,13.0,3.7,0.05,0.01,0.06,0.51,1,62
2025-26,26,251,179,Evan Ferguson,FWD,Brighton,6,2,0,2026-02-11T19:30:00Z,0,0,0,0,0,0,0,0,0.0,0.0,0.0,0.0,0.0,0.0,0.0,0.0,0,55
2025-26,26,251,180,Stefanos Tzimas,FWD,Brighton,6,2,0,2026-02-11T19:30:00Z,0,0,0,0,0,0,0,0,0.0,0.0,0.0,0.0,0.0,0.0,0.0,0.0,0,52
2025-26,26,251,181,Charalampos Kostoulas,FWD,Brighton,6,2,0,2026-02-11T19:30:00Z,9,1,0,0,0,1,0,2,0.0,1.8,4.0,0.6,0.0,0.01,0.01,0.21,0,48
2025-26,26,256,182,James Trafford,GK,Man City,13,10,1,2026-02-11T19:30:00Z,0,0,0,0,0,0,0,0,0.0,0.0,0.0,0.0,0.0,0.0,0.0,0.0,0,45
2025-26,26,254,183,Max Weiß,GK,Burnley,3,8,0,2026-02-11T19:40:00Z,0,0,0,0,0,0,0,0,0.0,0.0,0.0,0.0,0.0,0.0,0.0,0.0,0,43
2025-26,26,254,184,Etienne Green,GK,Burnley,3,8,0,2026-02-11T19:40:00Z,0,0,0,0,0,0,0,0,0.0,0.0,0.0,0.0,0.0,0.0,0.0,0.0,0,40
2025-26,26,254,185,Václav Hladký,GK,Burnley,3,8,0,2026-02-11T19:40:00Z,0,0,0,0,0,0,0,0,0.0,0.0,0.0,0.0,0.0,0.0,0.0,0.0,0,39
2025-26,26,254,186,Connor Roberts,DEF,Burnley,3,8,0,2026-02-11T19:40:00Z,0,0,0,0,0,0,0,0,0.0,0.0,0.0,0.0,0.0,0.0,0.0,0.0,0,44
2025-26,26,254,187,Kyle Walker,DEF,Burnley,3,8,0,2026-02-11T19:40:00Z,90,1,0,0,0,2,0,0,4.2,1.8,0.0,0.6,0.0,0.0,0.0,1.8,1,44
2025-26,26,254,188,Hannes Delcroix,DEF,Burnley,3,8,0,2026-02-11T19:40:00Z,0,0,0,0,0,0,0,0,0.0,0.0,0.0,0.0,0.0,0.0,0.0,0.0,0,38
2025-26,26,254,189,Owen Dodgson,DEF,Burnley,3,8,0,2026-02-11T19:40:00Z,0,0,0,0,0,0,0,0,0.0,0.0,0.0,0.0,0.0,0.0,0.0,0.0,0,40
2025-26,26,254,190,Hjalmar Ekdal,DEF,Burnley,3,8,0,2026-02-11T19:40:00Z,0,0,0,0,0,0,0,0,0.0,0.0,0.0,0.0,0.0,0.0,0.0,0.0,0,39
2025-26,26,254,191,Maxime Estève,DEF,Burnley,3,8,0,2026-02-11T19:40:00Z,90,3,0,0,0,2,0,9,22.4,0.7,6.0,2.9,0.0,0.02,0.02,1.8,1,39
2025-26,26,254,192,Quilindschy Hartman,DEF,Burnley,3,8,0,2026-02-11T19:40:00Z,0,0,0,0,0,0,0,0,0.0,0.0,0.0,0.0,0.0,0.0,0.0,0.0,0,40
2025-26,26,254,193,Bashir Humphreys,DEF,Burnley,3,8,0,2026-02-11T19:40:00Z,90,4,0,1,0,2,0,14,19.6,1.7,19.0,4.0,0.04,0.01,0.05,1.8,1,39
2025-26,26,254,194,Jordan Beyer,DEF,Burnley,3,8,0,2026-02-11T19:40:00Z,0,0,0,0,0,0,0,0,0.0,0.0,0.0,0.0,0.0,0.0,0.0,0.0,0,39
2025-26,26,254,195,Lucas Pires Silva,DEF,Burnley,3,8,0,2026-02-11T19:40:00Z,0,0,0,0,0,0,0,0,0.0,0.0,0.0,0.0,0.0,0.0,0.0,0.0,0,38
2025-26,26,254,196,Shurandy Sambo,DEF,Burnley,3,8,0,2026-02-11T19:40:00Z,0,0,0,0,0,0,0,0,0.0,0.0,0.0,0.0,0.0,0.0,0.0,0.0,0,40
2025-26,26,254,197,Oliver Sonne,DEF,Burnley,3,8,0,2026-02-11T19:40:00Z,0,0,0,0,0,0,0,0,0.0,0.0,0.0,0.0,0.0,0.0,0.0,0.0,0,38
2025-26,26,254,198,Axel Tuanzebe,DEF,Burnley,3,8,0,2026-02-11T19:40:00Z,0,0,0,0,0,0,0,0,0.0,0.0,0.0,0.0,0.0,0.0,0.0,0.0,0,39
2025-26,26,254,199,Joe Worrall,DEF,Burnley,3,8,0,2026-02-11T19:40:00Z,90,3,0,0,0,2,0,3,25.0,0.2,2.0,2.7,0.0,0.0,0.0,1.8,1,38
2025-26,26,254,200,Jaidon Anthony,MID,Burnley,3,8,0,2026-02-11T19:40:00Z,90,8,1,0,0,2,1,32,43.6,27.3,28.0,9.9,0.09,0.13,0.22,1.8,1,50
2025-26,26,254,201,Manuel Benson Hedilazio,MID,Burnley,3,8,0,2026-02-11T19:40:00Z,0,0,0,0,0,0,0,0,0.0,0.0,0.0,0.0,0.0,0.0,0.0,0.0,0,54
2025-26,26,254,202,Jacob Bruun Larsen,MID,Burnley,3,8,0,2026-02-11T19:40:00Z,17,1,0,0,0,0,0,3,7.2,0.0,1.0,0.8,0.07,0.0,0.07,0.34,0,53
2025-26,26,254,203,Enock Agyei,MID,Burnley,3,8,0,2026-02-11T19:40:00Z,0,0,0,0,0,0,0,0,0.0,0.0,0.0,0.0,0.0,0.0,0.0,0.0,0,47
2025-26,26,254,204,Darko Churlinov,MID,Burnley,3,8,0,2026-02-11T19:40:00Z,0,0,0,0,0,0,0,0,0.0,0.0,0.0,0.0,0.0,0.0,0.0,0.0,0,49
2025-26,26,254,205,Josh Cullen,MID,Burnley,3,8,0,2026-02-11T19:40:00Z,0,0,0,0,0,0,0,0,0.0,0.0,0.0,0.0,0.0,0.0,0.0,0.0,0,49
2025-26,26,254,206,Marcus Edwards,MID,Burnley,3,8,0,2026-02-11T19:40:00Z,72,5,0,1,0,2,0,18,21.8,22.7,6.0,5.1,0.0,0.1,0.1,1.46,1,47
2025-26,26,254,207,Hannibal Mejbri,MID,Burnley,3,8,0,2026-02-11T19:40:00Z,82,10,1,0,0,2,2,36,50.4,6.8,19.0,7.6,0.09,0.03,0.12,1.49,1,47
2025-26,26,254,208,Luca Koleosho,MID,Burnley,3,8,0,2026-02-11T19:40:00Z,0,0,0,0,0,0,0,0,0.0,0.0,0.0,0.0,0.0,0.0,0.0,0.0,0,50
2025-26,26,254,209,Josh Laurent,MID,Burnley,3,8,0,2026-02-11T19:40:00Z,90,2,0,0,0,2,0,5,7.6,2.0,3.0,1.3,0.08,0.02,0.1,1.8,1,48
2025-26,26,254,210,Loum Tchaouna,MID,Burnley,3,8,0,2026-02-11T19:40:00Z,0,0,0,0,0,0,0,0,0.0,0.0,0.0,0.0,0.0,0.0,0.0,0.0,0,49
2025-26,26,254,211,Aaron Ramsey,MID,Burnley,3,8,0,2026-02-11T19:40:00Z,0,0,0,0,0,0,0,0,0.0,0.0,0.0,0.0,0.0,0.0,0.0,0.0,0,44
2025-26,26,254,212,Oluwaseun Adewumi,MID,Burnley,3,8,0,2026-02-11T19:40:00Z,0,0,0,0,0,0,0,0,0.0,0.0,0.0,0.0,0.0,0.0,0.0,0.0,0,45
2025-26,26,254,213,Jaydon Banel,MID,Burnley,3,8,0,2026-02-11T19:40:00Z,0,0,0,0,0,0,0,0,0.0,0.0,0.0,0.0,0.0,0.0,0.0,0.0,0,45
2025-26,26,254,214,Mike Trésor Ndayishimiye,MID,Burnley,3,8,0,2026-02-11T19:40:00Z,0,0,0,0,0,0,0,0,0.0,0.0,0.0,0.0,0.0,0.0,0.0,0.0,0,44
2025-26,26,254,215,Zian Flemming,FWD,Burnley,3,8,0,2026-02-11T19:40:00Z,72,2,0,0,0,2,0,2,1.6,1.5,4.0,0.7,0.17,0.0,0.17,1.46,1,53
2025-26,26,254,216,Zeki Amdouni,FWD,Burnley,3,8,0,2026-02-11T19:40:00Z,0,0,0,0,0,0,0,0,0.0,0.0,0.0,0.0,0.0,0.0,0.0,0.0,0,48
2025-26,26,254,217,Lyle Foster,FWD,Burnley,3,8,0,2026-02-11T19:40:00Z,17,1,0,0,0,0,0,3,0.0,0.0,0.0,0.0,0.0,0.0,0.0,0.34,0,49
2025-26,26,254,218,Ashley Barnes,FWD,Burnley,3,8,0,2026-02-11T19:40:00Z,0,0,0,0,0,0,0,0,0.0,0.0,0.0,0.0,0.0,0.0,0.0,0.0,0,42
2025-26,26,254,219,Michael Obafemi,FWD,Burnley,3,8,0,2026-02-11T19:40:00Z,0,0,0,0,0,0,0,0,0.0,0.0,0.0,0.0,0.0,0.0,0.0,0.0,0,44
2025-26,26,253,220,Robert Lynch Sánchez,GK,Chelsea,7,11,1,2026-02-10T19:30:00Z,90,1,0,0,0,2,0,4,5.4,0.0,0.0,0.5,0.0,0.01,0.01,1.44,1,49
2025-26,26,253,221,Filip Jörgensen,GK,Chelsea,7,11,1,2026-02-10T19:30:00Z,0,0,0,0,0,0,0,0,0.0,0.0,0.0,0.0,0.0,0.0,0.0,0.0,0,43
2025-26,26,253,222,Mike Penders,GK,Chelsea,7,11,1,2026-02-10T19:30:00Z,0,0,0,0,0,0,0,0,0.0,0.0,0.0,0.0,0.0,0.0,0.0,0.0,0,40
2025-26,26,253,223,Gabriel Słonina,GK,Chelsea,7,11,1,2026-02-10T19:30:00Z,0,0,0,0,0,0,0,0,0.0,0.0,0.0,0.0,0.0,0.0,0.0,0.0,0,39
2025-26,26,253,224,Marc Cucurella Saseta,DEF,Chelsea,7,11,1,2026-02-10T19:30:00Z,45,1,0,0,0,0,0,5,5.4,15.8,0.0,2.1,0.0,0.02,0.02,0.01,1,61
2025-26,26,253,225,Reece James,DEF,Chelsea,7,11,1,2026-02-10T19:30:00Z,0,0,0,0,0,0,0,0,0.0,0.0,0.0,0.0,0.0,0.0,0.0,0.0,0,57
2025-26,26,253,226,Trevoh Chalobah,DEF,Chelsea,7,11,1,2026-02-10T19:30:00Z,90,3,0,0,0,2,0,8,26.6,2.8,0.0,2.9,0.0,0.03,0.03,1.44,1,58
2025-26,26,253,227,Levi Samuels Colwill,DEF,Chelsea,7,11,1,2026-02-10T19:30:00Z,0,0,0,0,0,0,0,0,0.0,0.0,0.0,0.0,0.0,0.0,0.0,0.0,0,47
2025-26,26,253,228,Malo Gusto,DEF,Chelsea,7,11,1,2026-02-10T19:30:00Z,90,0,0,0,0,2,0,3,9.8,19.1,7.0,3.6,0.05,0.12,0.17,1.44,1,49
2025-26,26,253,229,Benoît Badiashile Mukinayi,DEF,Chelsea,7,11,1,2026-02-10T19:30:00Z,0,0,0,0,0,0,0,0,0.0,0.0,0.0,0.0,0.0,0.0,0.0,0.0,0,44
2025-26,26,253,230,Wesley Fofana,DEF,Chelsea,7,11,1,2026-02-10T19:30:00Z,11,1,0,0,0,0,0,5,7.2,0.4,0.0,0.8,0.0,0.0,0.0,0.03,0,44
2025-26,26,253,231,Mamadou Sarr,DEF,Chelsea,7,11,1,2026-02-10T19:30:00Z,0,0,0,0,0,0,0,0,0.0,0.0,0.0,0.0,0.0,0.0,0.0,0.0,0,45
2025-26,26,253,232,Tosin Adarabioyo,DEF,Chelsea,7,11,1,2026-02-10T19:30:00Z,0,0,0,0,0,0,0,0,0.0,0.0,0.0,0.0,0.0,0.0,0.0,0.0,0,40
2025-26,26,253,233,Josh Acheampong,DEF,Chelsea,7,11,1,2026-02-10T19:30:00Z,78,0,0,0,0,2,0,1,4.8,1.6,0.0,0.6,0.0,0.01,0.01,1.41,1,37
2025-26,26,253,234,Aarón Anselmino,DEF,Chelsea,7,11,1,2026-02-10T19:30:00Z,0,0,0,0,0,0,0,0,0.0,0.0,0.0,0.0,0.0,0.0,0.0,0.0,0,40
2025-26,26,253,235,Cole Palmer,MID,Chelsea,7,11,1,2026-02-10T19:30:00Z,90,12,1,1,0,2,3,43,64.8,53.8,52.0,17.1,1.69,0.52,2.21,1.44,1,105
2025-26,26,253,236,Pedro Lomba Neto,MID,Chelsea,7,11,1,2026-02-10T19:30:00Z,26,1,0,0,0,2,0,3,6.2,16.2,2.0,2.4,0.0,0.22,0.22,1.43,0,70
2025-26,26,253,237,Enzo Fernández,MID,Chelsea,7,11,1,2026-02-10T19:30:00Z,90,2,0,0,0,2,0,21,19.8,83.0,15.0,11.8,0.13,0.69,0.82,1.44,1,69
2025-26,26,253,238,Estêvão Almeida de Oliveira Gonçalves,MID,Chelsea,7,11,1,2026-02-10T19:30:00Z,63,3,0,0,1,0,0,6,4.8,16.1,9.0,3.0,0.06,0.02,0.08,0.01,1,64
2025-26,26,253,239,Jamie Bynoe-Gittens,MID,Chelsea,7,11,1,2026-02-10T19:30:00Z,0,0,0,0,0,0,0,0,0.0,0.0,0.0,0.0,0.0,0.0,0.0,0.0,0,60
2025-26,26,253,240,Christopher Nkunku,MID,Chelsea,7,11,1,2026-02-10T19:30:00Z,0,0,0,0,0,0,0,0,0.0,0.0,0.0,0.0,0.0,0.0,0.0,0.0,0,59
2025-26,26,253,241,Moisés Caicedo Corozo,MID,Chelsea,7,11,1,2026-02-10T19:30:00Z,90,1,0,0,0,2,0,13,13.0,22.0,2.0,3.7,0.0,0.61,0.61,1.44,1,57
2025-26,26,255,242,Kiernan Dewsbury-Hall,MID,Everton,9,4,1,2026-02-10T19:30:00Z,90,2,0,0,0,2,0,13,8.6,11.9,13.0,3.4,0.16,0.09,0.25,1.34,1,49
2025-26,26,255,243,Tyrique George,MID,Everton,9,4,1,2026-02-10T19:30:00Z,61,2,0,0,0,1,0,0,0.0,3.6,4.0,0.4,0.0,0.02,0.02,0.54,1,48
2025-26,26,253,244,Roméo Lavia,MID,Chelsea,7,11,1,2026-02-10T19:30:00Z,0,0,0,0,0,0,0,0,0.0,0.0,0.0,0.0,0.0,0.0,0.0,0.0,0,49
2025-26,26,253,245,Mykhailo Mudryk,MID,Chelsea,7,11,1,2026-02-10T19:30:00Z,0,0,0,0,0,0,0,0,0.0,0.0,0.0,0.0,0.0,0.0,0.0,0.0,0,49
2025-26,26,253,246,Andrey Nascimento dos Santos,MID,Chelsea,7,11,1,2026-02-10T19:30:00Z,78,2,0,0,0,2,0,20,11.4,4.1,2.0,1.8,0.0,0.04,0.04,1.41,1,45
2025-26,26,253,247,Dário Luís Essugo,MID,Chelsea,7,11,1,2026-02-10T19:30:00Z,0,0,0,0,0,0,0,0,0.0,0.0,0.0,0.0,0.0,0.0,0.0,0.0,0,43
2025-26,26,253,248,Kendry Páez Andrade,MID,Chelsea,7,11,1,2026-02-10T19:30:00Z,0,0,0,0,0,0,0,0,0.0,0.0,0.0,0.0,0.0,0.0,0.0,0.0,0,45
2025-26,26,253,249,João Pedro Junqueira de Jesus,FWD,Chelsea,7,11,1,2026-02-10T19:30:00Z,90,10,1,1,0,2,1,29,29.6,18.1,57.0,10.5,1.03,0.15,1.18,1.44,1,76
2025-26,26,253,250,Liam Delap,FWD,Chelsea,7,11,1,2026-02-10T19:30:00Z,11,1,0,0,0,0,0,2,0.0,0.7,7.0,0.6,0.17,0.0,0.17,0.03,0,62
2025-26,26,253,251,Nicolas Jackson,FWD,Chelsea,7,11,1,2026-02-10T19:30:00Z,0,0,0,0,0,0,0,0,0.0,0.0,0.0,0.0,0.0,0.0,0.0,0.0,0,65
2025-26,26,253,252,Marc Guiu Paz,FWD,Chelsea,7,11,1,2026-02-10T19:30:00Z,0,0,0,0,0,0,0,0,0.0,0.0,0.0,0.0,0.0,0.0,0.0,0.0,0,42
2025-26,26,254,253,Dean Henderson,GK,Crystal Palace,8,3,1,2026-02-11T19:40:00Z,90,1,0,0,0,3,0,0,11.0,0.0,0.0,1.1,0.0,0.01,0.01,0.53,1,50
2025-26,26,254,254,Walter Benítez,GK,Crystal Palace,8,3,1,2026-02-11T19:40:00Z,0,0,0,0,0,0,0,0,0.0,0.0,0.0,0.0,0.0,0.0,0.0,0.0,0,40
2025-26,26,254,255,Remi Matthews,GK,Crystal Palace,8,3,1,2026-02-11T19:40:00Z,0,0,0,0,0,0,0,0,0.0,0.0,0.0,0.0,0.0,0.0,0.0,0.0,0,39
2025-26,26,254,256,Daniel Muñoz Mejía,DEF,Crystal Palace,8,3,1,2026-02-11T19:40:00Z,71,1,0,0,0,3,0,10,16.8,67.3,21.0,10.5,0.11,0.89,1.0,0.4,1,58
2025-26,26,254,257,Maxence Lacroix,DEF,Crystal Palace,8,3,1,2026-02-11T19:40:00Z,90,3,0,0,0,3,0,2,23.0,2.1,13.0,3.8,0.21,0.01,0.22,0.53,1,51
2025-26,26,254,258,Tyrick Mitchell,DEF,Crystal Palace,8,3,1,2026-02-11T19:40:00Z,90,1,0,0,0,3,0,0,10.2,19.2,11.0,4.0,0.14,0.07,0.21,0.53,1,50
2025-26,26,254,259,Borna Sosa,DEF,Crystal Palace,8,3,1,2026-02-11T19:40:00Z,0,0,0,0,0,0,0,0,0.0,0.0,0.0,0.0,0.0,0.0,0.0,0.0,0,48
2025-26,26,256,260,Marc Guéhi,DEF,Man City,13,10,1,2026-02-11T19:30:00Z,90,7,0,0,1,0,1,33,31.2,12.9,2.0,4.6,0.0,0.07,0.07,1.42,1,52
2025-26,26,254,261,Chris Richards,DEF,Crystal Palace,8,3,1,2026-02-11T19:40:00Z,90,0,0,0,0,3,0,-1,15.0,12.2,24.0,5.1,0.16,0.01,0.17,0.53,1,44
2025-26,26,254,262,Chadi Riad Dnanou,DEF,Crystal Palace,8,3,1,2026-02-11T19:40:00Z,45,1,0,0,0,0,0,7,8.6,2.6,0.0,1.1,0.0,0.01,0.01,0.16,0,40
2025-26,26,254,263,Nathaniel Clyne,DEF,Crystal Palace,8,3,1,2026-02-11T19:40:00Z,0,0,0,0,0,0,0,0,0.0,0.0,0.0,0.0,0.0,0.0,0.0,0.0,0,38
2025-26,26,254,264,Rob Holding,DEF,Crystal Palace,8,3,1,2026-02-11T19:40:00Z,0,0,0,0,0,0,0,0,0.0,0.0,0.0,0.0,0.0,0.0,0.0,0.0,0,40
2025-26,26,254,265,Caleb Kporha,DEF,Crystal Palace,8,3,1,2026-02-11T19:40:00Z,0,0,0,0,0,0,0,0,0.0,0.0,0.0,0.0,0.0,0.0,0.0,0.0,0,40
2025-26,26,252,266,Eberechi Eze,MID,Arsenal,1,5,0,2026-02-12T20:00:00Z,45,1,0,0,0,0,0,4,1.2,2.3,2.0,0.6,0.0,0.02,0.02,0.41,1,72
2025-26,26,310,266,Eberechi Eze,MID,Arsenal,1,20,0,2026-02-18T20:00:00Z,25,1,0,0,0,1,0,3,0.0,2.0,4.0,0.6,0.2,0.01,0.21,0.17,0,72
2025-26,26,254,267,Ismaïla Sarr,MID,Crystal Palace,8,3,1,2026-02-11T19:40:00Z,90,2,0,0,0,3,0,7,5.6,7.3,25.0,3.8,0.15,0.02,0.17,0.53,1,63
2025-26,26,254,268,Cheick Doucouré,MID,Crystal Palace,8,3,1,2026-02-11T19:40:00Z,0,0,0,0,0,0,0,0,0.0,0.0,0.0,0.0,0.0,0.0,0.0,0.0,0,49
2025-26,26,254,269,Romain Esse,MID,Crystal Palace,8,3,1,2026-02-11T19:40:00Z,0,0,0,0,0,0,0,0,0.0,0.0,0.0,0.0,0.0,0.0,0.0,0.0,0,47
2025-26,26,254,270,Will Hughes,MID,Crystal Palace,8,3,1,2026-02-11T19:40:00Z,18,1,0,0,0,0,0,4,6.0,15.3,4.0,2.5,0.04,0.04,0.08,0.12,0,47
2025-26,26,254,271,Daichi Kamada,MID,Crystal Palace,8,3,1,2026-02-11T19:40:00Z,71,2,0,0,0,3,0,14,11.4,34.4,16.0,6.2,0.46,0.42,0.88,0.4,1,50
2025-26,26,254,272,Jefferson Lerma Solís,MID,Crystal Palace,8,3,1,2026-02-11T19:40:00Z,45,1,0,1,0,3,0,14,19.6,14.3,0.0,3.4,0.0,0.08,0.08,0.37,1,49
2025-26,26,254,273,Adam Wharton,MID,Crystal Palace,8,3,1,2026-02-11T19:40:00Z,82,7,0,1,0,3,0,22,29.8,29.8,6.0,6.6,0.06,0.31,0.37,0.4,1,50
2025-26,26,254,274,Asher Agbinone,MID,Crystal Palace,8,3,1,2026-02-11T19:40:00Z,0,0,0,0,0,0,0,0,0.0,0.0,0.0,0.0,0.0,0.0,0.0,0.0,0,43
2025-26,26,254,275,Naouirou Ahamada,MID,Crystal Palace,8,3,1,2026-02-11T19:40:00Z,0,0,0,0,0,0,0,0,0.0,0.0,0.0,0.0,0.0,0.0,0.0,0.0,0,43
2025-26,26,254,276,Justin Devenny,MID,Crystal Palace,8,3,1,2026-02-11T19:40:00Z,0,0,0,0,0,0,0,0,0.0,0.0,0.0,0.0,0.0,0.0,0.0,0.0,0,43
2025-26,26,254,277,Malcolm Ebiowei,MID,Crystal Palace,8,3,1,2026-02-11T19:40:00Z,0,0,0,0,0,0,0,0,0.0,0.0,0.0,0.0,0.0,0.0,0.0,0.0,0,45
2025-26,26,254,278,Jesurun Rak-Sakyi,MID,Crystal Palace,8,3,1,2026-02-11T19:40:00Z,0,0,0,0,0,0,0,0,0.0,0.0,0.0,0.0,0.0,0.0,0.0,0.0,0,44
2025-26,26,254,279,Matheus França de Oliveira,MID,Crystal Palace,8,3,1,2026-02-11T19:40:00Z,0,0,0,0,0,0,0,0,0.0,0.0,0.0,0.0,0.0,0.0,0.0,0.0,0,45
2025-26,26,254,280,David Ozoh,MID,Crystal Palace,8,3,1,2026-02-11T19:40:00Z,0,0,0,0,0,0,0,0,0.0,0.0,0.0,0.0,0.0,0.0,0.0,0.0,0,45
2025-26,26,254,281,Kaden Rodney,MID,Crystal Palace,8,3,1,2026-02-11T19:40:00Z,0,0,0,0,0,0,0,0,0.0,0.0,0.0,0.0,0.0,0.0,0.0,0.0,0,44
2025-26,26,254,282,Franco Umeh-Chibueze,MID,Crystal Palace,8,3,1,2026-02-11T19:40:00Z,0,0,0,0,0,0,0,0,0.0,0.0,0.0,0.0,0.0,0.0,0.0,0.0,0,45
2025-26,26,254,283,Jean-Philippe Mateta,FWD,Crystal Palace,8,3,1,2026-02-11T19:40:00Z,0,0,0,0,0,0,0,0,0.0,0.0,0.0,0.0,0.0,0.0,0.0,0.0,0,75
2025-26,26,254,284,Eddie Nketiah,FWD,Crystal Palace,8,3,1,2026-02-11T19:40:00Z,0,0,0,0,0,0,0,0,0.0,0.0,0.0,0.0,0.0,0.0,0.0,0.0,0,54
2025-26,26,254,285,Odsonne Édouard,FWD,Crystal Palace,8,3,1,2026-02-11T19:40:00Z,0,0,0,0,0,0,0,0,0.0,0.0,0.0,0.0,0.0,0.0,0.0,0.0,0,50
2025-26,26,254,286,Zach Marsh,FWD,Crystal Palace,8,3,1,2026-02-11T19:40:00Z,0,0,0,0,0,0,0,0,0.0,0.0,0.0,0.0,0.0,0.0,0.0,0.0,0,44
2025-26,26,255,287,Jordan Pickford,GK,Everton,9,4,1,2026-02-10T19:30:00Z,90,1,0,0,0,2,0,6,18.0,0.1,2.0,2.0,0.0,0.01,0.01,1.34,1,56
2025-26,26,255,288,Mark Travers,GK,Everton,9,4,1,2026-02-10T19:30:00Z,0,0,0,0,0,0,0,0,0.0,0.0,0.0,0.0,0.0,0.0,0.0,0.0,0,43
2025-26,26,255,289,Harry Tyrer,GK,Everton,9,4,1,2026-02-10T19:30:00Z,0,0,0,0,0,0,0,0,0.0,0.0,0.0,0.0,0.0,0.0,0.0,0.0,0,39
2025-26,26,255,290,Jarrad Branthwaite,DEF,Everton,9,4,1,2026-02-10T19:30:00Z,90,4,0,1,0,2,0,14,12.4,0.8,16.0,2.9,0.16,0.01,0.17,1.34,1,53
2025-26,26,255,291,James Tarkowski,DEF,Everton,9,4,1,2026-02-10T19:30:00Z,90,1,0,0,0,2,0,5,21.8,0.4,35.0,5.7,0.24,0.02,0.26,1.34,1,58
2025-26,26,255,292,Vitalii Mykolenko,DEF,Everton,9,4,1,2026-02-10T19:30:00Z,90,1,0,0,0,2,0,10,22.0,38.4,4.0,6.4,0.0,0.6,0.6,1.34,1,49
2025-26,26,255,293,Jake O'Brien,DEF,Everton,9,4,1,2026-02-10T19:30:00Z,68,-2,0,0,0,2,0,-12,4.2,1.0,0.0,0.5,0.0,0.01,0.01,1.25,1,49
2025-26,26,255,294,Séamus Coleman,DEF,Everton,9,4,1,2026-02-10T19:30:00Z,0,0,0,0,0,0,0,0,0.0,0.0,0.0,0.0,0.0,0.0,0.0,0.0,0,42
2025-26,26,255,295,Michael Keane,DEF,Everton,9,4,1,2026-02-10T19:30:00Z,1,1,0,0,0,0,0,3,0.0,0.3,8.0,0.8,0.0,0.01,0.01,0.0,0,47
2025-26,26,255,296,Nathan Patterson,DEF,Everton,9,4,1,2026-02-10T19:30:00Z,0,0,0,0,0,0,0,0,0.0,0.0,0.0,0.0,0.0,0.0,0.0,0.0,0,44
2025-26,26,255,297,Roman Dixon,DEF,Everton,9,4,1,2026-02-10T19:30:00Z,0,0,0,0,0,0,0,0,0.0,0.0,0.0,0.0,0.0,0.0,0.0,0.0,0,38
2025-26,26,255,298,Reece Welch,DEF,Everton,9,4,1,2026-02-10T19:30:00Z,0,0,0,0,0,0,0,0,0.0,0.0,0.0,0.0,0.0,0.0,0.0,0.0,0,38
2025-26,26,255,299,Iliman Ndiaye,MID,Everton,9,4,1,2026-02-10T19:30:00Z,90,9,1,0,0,2,2,31,45.0,29.6,64.0,13.9,0.97,0.56,1.53,1.34,1,62
2025-26,26,255,300,Dwight McNeil,MID,Everton,9,4,1,2026-02-10T19:30:00Z,0,0,0,0,0,0,0,0,0.0,0.0,0.0,0.0,0.0,0.0,0.0,0.0,0,55
2025-26,26,255,301,Carlos Alcaraz Durán,MID,Everton,9,4,1,2026-02-10T19:30:00Z,0,0,0,0,0,0,0,0,0.0,0.0,0.0,0.0,0.0,0.0,0.0,0.0,0,52
2025-26,26,255,302,Idrissa Gana Gueye,MID,Everton,9,4,1,2026-02-10T19:30:00Z,90,2,0,0,0,2,0,16,21.4,14.4,7.0,4.3,0.04,0.03,0.07,1.34,1,54
2025-26,26,255,303,James Garner,MID,Everton,9,4,1,2026-02-10T19:30:00Z,90,2,0,0,0,2,0,23,22.8,44.8,12.0,8.0,0.1,0.48,0.58,1.34,1,52
2025-26,26,255,304,Tim Iroegbunam,MID,Everton,9,4,1,2026-02-10T19:30:00Z,0,0,0,0,0,0,0,0,0.0,0.0,0.0,0.0,0.0,0.0,0.0,0.0,0,48
2025-26,26,255,305,Harrison Armstrong,MID,Everton,9,4,1,2026-02-10T19:30:00Z,28,1,0,0,0,1,0,7,5.0,2.9,41.0,4.9,0.33,0.03,0.36,0.79,0,45
2025-26,26,255,306,Callum Bates,MID,Everton,9,4,1,2026-02-10T19:30:00Z,0,0,0,0,0,0,0,0,0.0,0.0,0.0,0.0,0.0,0.0,0.0,0.0,0,43
2025-26,26,255,307,Coby Ebere,MID,Everton,9,4,1,2026-02-10T19:30:00Z,0,0,0,0,0,0,0,0,0.0,0.0,0.0,0.0,0.0,0.0,0.0,0.0,0,44
2025-26,26,255,308,Isaac Heath,MID,Everton,9,4,1,2026-02-10T19:30:00Z,0,0,0,0,0,0,0,0,0.0,0.0,0.0,0.0,0.0,0.0,0.0,0.0,0,45
2025-26,26,255,309,Jenson Metcalfe,MID,Everton,9,4,1,2026-02-10T19:30:00Z,0,0,0,0,0,0,0,0,0.0,0.0,0.0,0.0,0.0,0.0,0.0,0.0,0,45
2025-26,26,255,310,Thierno Barry,FWD,Everton,9,4,1,2026-02-10T19:30:00Z,61,2,0,0,0,1,0,-3,0.0,6.3,9.0,1.2,0.86,0.0,0.86,0.54,1,57
2025-26,26,255,311,Norberto Bercique Gomes Betuncal,FWD,Everton,9,4,1,2026-02-10T19:30:00Z,28,0,0,0,0,1,0,-1,0.0,1.3,19.0,2.0,0.1,0.01,0.11,0.79,0,50
2025-26,26,255,312,Youssef Ramalho Chermiti,FWD,Everton,9,4,1,2026-02-10T19:30:00Z,0,0,0,0,0,0,0,0,0.0,0.0,0.0,0.0,0.0,0.0,0.0,0.0,0,49
2025-26,26,255,313,Martin Sherif,FWD,Everton,9,4,1,2026-02-10T19:30:00Z,0,0,0,0,0,0,0,0,0.0,0.0,0.0,0.0,0.0,0.0,0.0,0.0,0,44
2025-26,26,256,314,Bernd Leno,GK,Fulham,10,13,0,2026-02-11T19:30:00Z,90,1,0,0,0,3,0,4,14.4,0.0,0.0,1.4,0.0,0.0,0.0,1.37,1,49
2025-26,26,256,315,Steven Benda,GK,Fulham,10,13,0,2026-02-11T19:30:00Z,0,0,0,0,0,0,0,0,0.0,0.0,0.0,0.0,0.0,0.0,0.0,0.0,0,40
2025-26,26,256,316,Antonee Robinson,DEF,Fulham,10,13,0,2026-02-11T19:30:00Z,0,0,0,0,0,0,0,0,0.0,0.0,0.0,0.0,0.0,0.0,0.0,0.0,0,49
2025-26,26,256,317,Joachim Andersen,DEF,Fulham,10,13,0,2026-02-11T19:30:00Z,90,2,0,0,0,3,0,5,31.2,1.3,0.0,3.3,0.0,0.01,0.01,1.37,1,46
2025-26,26,256,318,Calvin Bassey,DEF,Fulham,10,13,0,2026-02-11T19:30:00Z,90,1,0,0,0,3,0,3,16.2,0.7,5.0,2.2,0.03,0.0,0.03,1.37,1,44
2025-26,26,256,319,Timothy Castagne,DEF,Fulham,10,13,0,2026-02-11T19:30:00Z,0,0,0,0,0,0,0,0,0.0,0.0,0.0,0.0,0.0,0.0,0.0,0.0,0,43
2025-26,26,256,320,Issa Diop,DEF,Fulham,10,13,0,2026-02-11T19:30:00Z,0,0,0,0,0,0,0,0,0.0,0.0,0.0,0.0,0.0,0.0,0.0,0.0,0,43
2025-26,26,256,321,Jorge Cuenca Barreno,DEF,Fulham,10,13,0,2026-02-11T19:30:00Z,0,0,0,0,0,0,0,0,0.0,0.0,0.0,0.0,0.0,0.0,0.0,0.0,0,43
2025-26,26,256,322,Kenny Tete,DEF,Fulham,10,13,0,2026-02-11T19:30:00Z,90,1,0,0,0,3,0,3,24.8,21.0,8.0,5.4,0.27,0.07,0.34,1.37,1,45
2025-26,26,256,323,Samuel Amissah,DEF,Fulham,10,13,0,2026-02-11T19:30:00Z,0,0,0,0,0,0,0,0,0.0,0.0,0.0,0.0,0.0,0.0,0.0,0.0,0,38
2025-26,26,256,324,Alex Iwobi,MID,Fulham,10,13,0,2026-02-11T19:30:00Z,90,2,0,0,0,3,0,9,2.2,3.0,5.0,1.0,0.05,0.02,0.07,1.37,1,63
2025-26,26,256,325,Emile Smith Rowe,MID,Fulham,10,13,0,2026-02-11T19:30:00Z,59,1,0,0,0,3,0,4,2.2,1.8,4.0,0.8,0.05,0.02,0.07,1.37,1,56
2025-26,26,260,326,Adama Traoré Diarra,MID,West Ham,19,14,1,2026-02-10T20:15:00Z,1,1,0,0,0,1,0,3,1.2,0.3,5.0,0.7,0.15,0.0,0.15,0.18,0,51
2025-26,26,256,327,Andreas Hoelgebaum Pereira,MID,Fulham,10,13,0,2026-02-11T19:30:00Z,0,0,0,0,0,0,0,0,0.0,0.0,0.0,0.0,0.0,0.0,0.0,0.0,0,53
2025-26,26,256,328,Ryan Sessegnon,MID,Fulham,10,13,0,2026-02-11T19:30:00Z,90,4,0,0,0,3,0,12,14.4,2.7,4.0,2.1,0.0,0.01,0.01,1.37,1,54
2025-26,26,256,329,Harry Wilson,MID,Fulham,10,13,0,2026-02-11T19:30:00Z,71,2,0,0,0,3,0,9,7.4,25.6,17.0,5.0,0.08,0.23,0.31,1.37,1,60
2025-26,26,256,330,Sander Berge,MID,Fulham,10,13,0,2026-02-11T19:30:00Z,80,2,0,0,0,3,0,9,3.8,1.9,0.0,0.6,0.0,0.01,0.01,1.37,1,49
2025-26,26,256,331,Tom Cairney,MID,Fulham,10,13,0,2026-02-11T19:30:00Z,0,0,0,0,0,0,0,0,0.0,0.0,0.0,0.0,0.0,0.0,0.0,0.0,0,48
2025-26,26,256,332,Saša Lukić,MID,Fulham,10,13,0,2026-02-11T19:30:00Z,0,0,0,0,0,0,0,0,0.0,0.0,0.0,0.0,0.0,0.0,0.0,0.0,0,49
2025-26,26,256,333,Martial Godo,MID,Fulham,10,13,0,2026-02-11T19:30:00Z,0,0,0,0,0,0,0,0,0.0,0.0,0.0,0.0,0.0,0.0,0.0,0.0,0,45
2025-26,26,256,334,Luke Harris,MID,Fulham,10,13,0,2026-02-11T19:30:00Z,0,0,0,0,0,0,0,0,0.0,0.0,0.0,0.0,0.0,0.0,0.0,0.0,0,45
2025-26,26,256,335,Josh King,MID,Fulham,10,13,0,2026-02-11T19:30:00Z,30,1,0,0,0,0,0,5,2.4,0.6,23.0,2.6,0.21,0.0,0.21,0.0,0,44
2025-26,26,256,336,Harrison Reed,MID,Fulham,10,13,0,2026-02-11T19:30:00Z,9,1,0,0,0,0,0,3,1.0,0.3,0.0,0.1,0.0,0.0,0.0,0.0,0,43
2025-26,26,256,337,Raúl Jiménez Rodríguez,FWD,Fulham,10,13,0,2026-02-11T19:30:00Z,59,1,0,0,0,3,0,2,1.8,0.4,25.0,2.7,0.56,0.0,0.56,1.37,1,62
2025-26,26,256,338,Rodrigo Muniz Carvalho,FWD,Fulham,10,13,0,2026-02-11T19:30:00Z,30,1,0,0,0,0,0,3,2.2,10.3,4.0,1.7,0.04,0.0,0.04,0.0,0,53
2025-26,26,253,339,Illan Meslier,GK,Leeds,11,7,0,2026-02-10T19:30:00Z,0,0,0,0,0,0,0,0,0.0,0.0,0.0,0.0,0.0,0.0,0.0,0.0,0,42
2025-26,26,253,340,Alex Cairns,GK,Leeds,11,7,0,2026-02-10T19:30:00Z,0,0,0,0,0,0,0,0,0.0,0.0,0.0,0.0,0.0,0.0,0.0,0.0,0,39
2025-26,26,253,341,Karl Darlow,GK,Leeds,11,7,0,2026-02-10T19:30:00Z,90,1,0,0,0,2,0,6,13.4,0.0,0.0,1.3,0.0,0.01,0.01,3.13,1,39
2025-26,26,253,342,Jayden Bogle,DEF,Leeds,11,7,0,2026-02-10T19:30:00Z,90,4,0,1,0,2,0,7,10.4,3.2,10.0,2.4,0.0,0.01,0.01,3.13,1,44
2025-26,26,253,343,Pascal Struijk,DEF,Leeds,11,7,0,2026-02-10T19:30:00Z,0,0,0,0,0,0,0,0,0.0,0.0,0.0,0.0,0.0,0.0,0.0,0.0,0,43
2025-26,26,253,344,Jaka Bijol,DEF,Leeds,11,7,0,2026-02-10T19:30:00Z,90,3,0,0,0,2,0,2,15.0,0.3,2.0,1.7,0.0,0.0,0.0,3.13,1,39
2025-26,26,253,345,Sebastiaan Bornauw,DEF,Leeds,11,7,0,2026-02-10T19:30:00Z,54,0,0,0,0,1,0,-3,18.0,0.5,4.0,2.3,0.0,0.0,0.0,0.6,1,38
2025-26,26,253,346,Sam Byram,DEF,Leeds,11,7,0,2026-02-10T19:30:00Z,0,0,0,0,0,0,0,0,0.0,0.0,0.0,0.0,0.0,0.0,0.0,0.0,0,38
2025-26,26,253,347,Gabriel Gudmundsson,DEF,Leeds,11,7,0,2026-02-10T19:30:00Z,90,0,0,0,0,2,0,-8,0.0,0.5,0.0,0.0,0.0,0.0,0.0,3.13,1,38
2025-26,26,253,348,Joe Rodon,DEF,Leeds,11,7,0,2026-02-10T19:30:00Z,90,3,0,0,0,2,0,12,23.8,0.5,0.0,2.4,0.0,0.0,0.0,3.13,1,39
2025-26,26,253,349,Isaac Schmidt,DEF,Leeds,11,7,0,2026-02-10T19:30:00Z,0,0,0,0,0,0,0,0,0.0,0.0,0.0,0.0,0.0,0.0,0.0,0.0,0,40
2025-26,26,253,350,Brenden Aaronson,MID,Leeds,11,7,0,2026-02-10T19:30:00Z,90,2,0,0,0,2,0,7,0.6,2.5,4.0,0.7,0.03,0.01,0.04,3.13,1,54
2025-26,26,253,351,Wilfried Gnonto,MID,Leeds,11,7,0,2026-02-10T19:30:00Z,0,0,0,0,0,0,0,0,0.0,0.0,0.0,0.0,0.0,0.0,0.0,0.0,0,52
2025-26,26,253,352,Jack Harrison,MID,Leeds,11,7,0,2026-02-10T19:30:00Z,0,0,0,0,0,0,0,0,0.0,0.0,0.0,0.0,0.0,0.0,0.0,0.0,0,51
2025-26,26,253,353,Daniel James,MID,Leeds,11,7,0,2026-02-10T19:30:00Z,8,1,0,0,0,0,0,3,2.0,0.8,0.0,0.3,0.0,0.0,0.0,1.36,0,52
2025-26,26,253,354,Ethan Ampadu,MID,Leeds,11,7,0,2026-02-10T19:30:00Z,90,2,0,0,0,2,0,11,9.6,3.7,0.0,1.3,0.0,0.01,0.01,3.13,1,49
2025-26,26,253,355,Sam Greenwood,MID,Leeds,11,7,0,2026-02-10T19:30:00Z,0,0,0,0,0,0,0,0,0.0,0.0,0.0,0.0,0.0,0.0,0.0,0.0,0,49
2025-26,26,253,356,Ilia Gruev,MID,Leeds,11,7,0,2026-02-10T19:30:00Z,90,2,0,0,0,2,0,15,13.0,16.3,6.0,3.5,0.0,0.03,0.03,3.13,1,47
2025-26,26,253,357,Largie Ramazani,MID,Leeds,11,7,0,2026-02-10T19:30:00Z,0,0,0,0,0,0,0,0,0.0,0.0,0.0,0.0,0.0,0.0,0.0,0.0,0,49
2025-26,26,253,358,Tanaka Ao,MID,Leeds,11,7,0,2026-02-10T19:30:00Z,0,0,0,0,0,0,0,0,0.0,0.0,0.0,0.0,0.0,0.0,0.0,0.0,0,48
2025-26,26,253,359,Charlie Crew,MID,Leeds,11,7,0,2026-02-10T19:30:00Z,0,0,0,0,0,0,0,0,0.0,0.0,0.0,0.0,0.0,0.0,0.0,0.0,0,45
2025-26,26,253,360,Joe Gelhardt,MID,Leeds,11,7,0,2026-02-10T19:30:00Z,0,0,0,0,0,0,0,0,0.0,0.0,0.0,0.0,0.0,0.0,0.0,0.0,0,45
2025-26,26,253,361,Darko Gyabi,MID,Leeds,11,7,0,2026-02-10T19:30:00Z,0,0,0,0,0,0,0,0,0.0,0.0,0.0,0.0,0.0,0.0,0.0,0.0,0,45
2025-26,26,253,362,Joël Piroe,FWD,Leeds,11,7,0,2026-02-10T19:30:00Z,0,0,0,0,0,0,0,0,0.0,0.0,0.0,0.0,0.0,0.0,0.0,0.0,0,49
2025-26,26,253,363,Patrick Bamford,FWD,Leeds,11,7,0,2026-02-10T19:30:00Z,0,0,0,0,0,0,0,0,0.0,0.0,0.0,0.0,0.0,0.0,0.0,0.0,0,49
2025-26,26,253,364,Mateo Joseph Fernández-Regatillo,FWD,Leeds,11,7,0,2026-02-10T19:30:00Z,0,0,0,0,0,0,0,0,0.0,0.0,0.0,0.0,0.0,0.0,0.0,0.0,0,50
2025-26,26,253,365,Lukas Nmecha,FWD,Leeds,11,7,0,2026-02-10T19:30:00Z,81,11,1,1,0,2,2,33,50.2,13.9,21.0,8.5,0.79,0.46,1.25,1.77,1,50
2025-26,26,258,366,Alisson Becker,GK,Liverpool,12,17,0,2026-02-11T20:15:00Z,90,7,0,0,1,0,1,28,15.2,0.0,0.0,1.5,0.0,0.0,0.0,0.63,1,54
2025-26,26,258,367,Giorgi Mamardashvili,GK,Liverpool,12,17,0,2026-02-11T20:15:00Z,0,0,0,0,0,0,0,0,0.0,0.0,0.0,0.0,0.0,0.0,0.0,0.0,0,41
2025-26,26,258,368,Ármin Pécsi,GK,Liverpool,12,17,0,2026-02-11T20:15:00Z,0,0,0,0,0,0,0,0,0.0,0.0,0.0,0.0,0.0,0.0,0.0,0.0,0,38
2025-26,26,258,369,Freddie Woodman,GK,Liverpool,12,17,0,2026-02-11T20:15:00Z,0,0,0,0,0,0,0,0,0.0,0.0,0.0,0.0,0.0,0.0,0.0,0.0,0,39
2025-26,26,258,370,Jeremie Frimpong,DEF,Liverpool,12,17,0,2026-02-11T20:15:00Z,0,0,0,0,0,0,0,0,0.0,0.0,0.0,0.0,0.0,0.0,0.0,0.0,0,57
2025-26,26,258,371,Milos Kerkez,DEF,Liverpool,12,17,0,2026-02-11T20:15:00Z,0,0,0,0,0,0,0,0,0.0,0.0,0.0,0.0,0.0,0.0,0.0,0.0,0,56
2025-26,26,258,372,Andrew Robertson,DEF,Liverpool,12,17,0,2026-02-11T20:15:00Z,90,8,0,0,1,0,2,30,14.4,40.3,4.0,5.9,0.01,0.13,0.14,0.63,1,57
2025-26,26,258,373,Virgil van Dijk,DEF,Liverpool,12,17,0,2026-02-11T20:15:00Z,90,17,1,0,1,0,3,45,61.0,1.6,47.0,11.0,0.79,0.01,0.8,0.63,1,59
2025-26,26,258,374,Ibrahima Konaté,DEF,Liverpool,12,17,0,2026-02-11T20:15:00Z,90,6,0,0,1,0,0,26,19.2,12.1,1.0,3.2,0.02,0.02,0.04,0.63,1,54
2025-26,26,258,375,Conor Bradley,DEF,Liverpool,12,17,0,2026-02-11T20:15:00Z,0,0,0,0,0,0,0,0,0.0,0.0,0.0,0.0,0.0,0.0,0.0,0.0,0,49
2025-26,26,258,376,Joe Gomez,DEF,Liverpool,12,17,0,2026-02-11T20:15:00Z,21,1,0,0,0,0,0,3,4.2,0.9,0.0,0.5,0.0,0.0,0.0,0.2,0,49
2025-26,26,258,377,Konstantinos Tsimikas,DEF,Liverpool,12,17,0,2026-02-11T20:15:00Z,0,0,0,0,0,0,0,0,0.0,0.0,0.0,0.0,0.0,0.0,0.0,0.0,0,48
2025-26,26,258,378,Amara Nallo,DEF,Liverpool,12,17,0,2026-02-11T20:15:00Z,0,0,0,0,0,0,0,0,0.0,0.0,0.0,0.0,0.0,0.0,0.0,0.0,0,37
2025-26,26,258,379,Rhys Williams,DEF,Liverpool,12,17,0,2026-02-11T20:15:00Z,0,0,0,0,0,0,0,0,0.0,0.0,0.0,0.0,0.0,0.0,0.0,0.0,0,37
2025-26,26,258,380,Calvin Ramsay,DEF,Liverpool,12,17,0,2026-02-11T20:15:00Z,0,0,0,0,0,0,0,0,0.0,0.0,0.0,0.0,0.0,0.0,0.0,0.0,0,38
2025-26,26,258,381,Mohamed Salah,MID,Liverpool,12,17,0,2026-02-11T20:15:00Z,90,6,0,1,1,0,0,21,19.4,19.6,35.0,7.4,0.42,0.25,0.67,0.63,1,140
2025-26,26,258,382,Florian Wirtz,MID,Liverpool,12,17,0,2026-02-11T20:15:00Z,90,3,0,0,1,0,0,13,13.6,30.2,46.0,9.0,0.62,0.1,0.72,0.63,1,84
2025-26,26,258,383,Luis Díaz Marulanda,MID,Liverpool,12,17,0,2026-02-11T20:15:00Z,0,0,0,0,0,0,0,0,0.0,0.0,0.0,0.0,0.0,0.0,0.0,0.0,0,80
2025-26,26,258,384,Cody Gakpo,MID,Liverpool,12,17,0,2026-02-11T20:15:00Z,74,3,0,0,1,0,0,12,10.2,38.8,20.0,6.9,0.13,0.29,0.42,0.53,1,73
2025-26,26,258,385,Federico Chiesa,MID,Liverpool,12,17,0,2026-02-11T20:15:00Z,2,1,0,0,0,0,0,1,0.0,0.3,2.0,0.2,0.0,0.0,0.0,0.05,0,63
2025-26,26,258,386,Alexis Mac Allister,MID,Liverpool,12,17,0,2026-02-11T20:15:00Z,90,3,0,0,1,0,0,23,19.8,26.5,2.0,4.8,0.02,0.04,0.06,0.63,1,62
2025-26,26,258,387,Dominik Szoboszlai,MID,Liverpool,12,17,0,2026-02-11T20:15:00Z,0,0,0,0,0,0,0,0,0.0,0.0,0.0,0.0,0.0,0.0,0.0,0.0,0,67
2025-26,26,258,388,Curtis Jones,MID,Liverpool,12,17,0,2026-02-11T20:15:00Z,15,1,0,0,0,0,0,7,4.6,12.5,6.0,2.3,0.03,0.07,0.1,0.1,0,54
2025-26,26,251,389,Harvey Elliott,MID,Aston Villa,2,6,1,2026-02-11T19:30:00Z,0,0,0,0,0,0,0,0,0.0,0.0,0.0,0.0,0.0,0.0,0.0,0.0,0,51
2025-26,26,258,390,Ryan Gravenberch,MID,Liverpool,12,17,0,2026-02-11T20:15:00Z,90,5,0,0,1,0,0,15,22.0,15.5,4.0,4.2,0.02,0.08,0.1,0.63,1,55
2025-26,26,255,391,Ben Gannon-Doak,MID,Bournemouth,4,9,0,2026-02-10T19:30:00Z,0,0,0,0,0,0,0,0,0.0,0.0,0.0,0.0,0.0,0.0,0.0,0.0,0,48
2025-26,26,258,392,Endo Wataru,MID,Liverpool,12,17,0,2026-02-11T20:15:00Z,68,3,0,0,1,0,0,14,14.2,1.8,6.0,2.2,0.04,0.01,0.05,0.42,1,49
2025-26,26,258,393,Stefan Bajčetić Maquieira,MID,Liverpool,12,17,0,2026-02-11T20:15:00Z,0,0,0,0,0,0,0,0,0.0,0.0,0.0,0.0,0.0,0.0,0.0,0.0,0,43
2025-26,26,258,394,James McConnell,MID,Liverpool,12,17,0,2026-02-11T20:15:00Z,0,0,0,0,0,0,0,0,0.0,0.0,0.0,0.0,0.0,0.0,0.0,0.0,0,44
2025-26,26,258,395,Tyler Morton,MID,Liverpool,12,17,0,2026-02-11T20:15:00Z,0,0,0,0,0,0,0,0,0.0,0.0,0.0,0.0,0.0,0.0,0.0,0.0,0,45
2025-26,26,258,396,Trey Nyoni,MID,Liverpool,12,17,0,2026-02-11T20:15:00Z,0,0,0,0,0,0,0,0,0.0,0.0,0.0,0.0,0.0,0.0,0.0,0.0,0,43
2025-26,26,258,397,Darwin Núñez Ribeiro,FWD,Liverpool,12,17,0,2026-02-11T20:15:00Z,0,0,0,0,0,0,0,0,0.0,0.0,0.0,0.0,0.0,0.0,0.0,0.0,0,65
2025-26,26,258,398,Jayden Danns,FWD,Liverpool,12,17,0,2026-02-11T20:15:00Z,0,0,0,0,0,0,0,0,0.0,0.0,0.0,0.0,0.0,0.0,0.0,0.0,0,43
2025-26,26,256,399,Ederson Santana de Moraes,GK,Man City,13,10,1,2026-02-11T19:30:00Z,0,0,0,0,0,0,0,0,0.0,0.0,0.0,0.0,0.0,0.0,0.0,0.0,0,53
2025-26,26,257,400,Stefan Ortega Moreno,GK,Nott'm Forest,16,20,1,2026-02-11T19:30:00Z,90,7,0,0,1,0,0,26,22.6,0.0,0.0,2.3,0.0,0.0,0.0,0.42,1,47
2025-26,26,256,401,Marcus Bettinelli,GK,Man City,13,10,1,2026-02-11T19:30:00Z,0,0,0,0,0,0,0,0,0.0,0.0,0.0,0.0,0.0,0.0,0.0,0.0,0,38
2025-26,26,256,402,Rayan Aït-Nouri,DEF,Man City,13,10,1,2026-02-11T19:30:00Z,90,9,0,0,1,0,3,36,16.0,5.3,2.0,2.3,0.0,0.02,0.02,1.42,1,57
2025-26,26,256,403,Joško Gvardiol,DEF,Man City,13,10,1,2026-02-11T19:30:00Z,0,0,0,0,0,0,0,0,0.0,0.0,0.0,0.0,0.0,0.0,0.0,0.0,0,59
2025-26,26,256,404,Manuel Akanji,DEF,Man City,13,10,1,2026-02-11T19:30:00Z,0,0,0,0,0,0,0,0,0.0,0.0,0.0,0.0,0.0,0.0,0.0,0.0,0,54
2025-26,26,256,405,Nathan Aké,DEF,Man City,13,10,1,2026-02-11T19:30:00Z,0,0,0,0,0,0,0,0,0.0,0.0,0.0,0.0,0.0,0.0,0.0,0.0,0,53
2025-26,26,256,406,Abdukodir Khusanov,DEF,Man City,13,10,1,2026-02-11T19:30:00Z,30,1,0,0,0,0,0,6,6.6,0.8,0.0,0.7,0.0,0.0,0.0,0.61,0,54
2025-26,26,256,407,Matheus Nunes,DEF,Man City,13,10,1,2026-02-11T19:30:00Z,59,4,0,1,0,0,0,14,5.4,15.6,2.0,2.3,0.0,0.01,0.01,0.81,1,54
2025-26,26,256,408,Rúben dos Santos Gato Alves Dias,DEF,Man City,13,10,1,2026-02-11T19:30:00Z,90,6,0,0,1,0,0,29,29.2,2.6,0.0,3.2,0.0,0.01,0.01,1.42,1,55
2025-26,26,256,409,John Stones,DEF,Man City,13,10,1,2026-02-11T19:30:00Z,0,0,0,0,0,0,0,0,0.0,0.0,0.0,0.0,0.0,0.0,0.0,0.0,0,54
2025-26,26,256,410,Rico Lewis,DEF,Man City,13,10,1,2026-02-11T19:30:00Z,0,0,0,0,0,0,0,0,0.0,0.0,0.0,0.0,0.0,0.0,0.0,0.0,0,46
2025-26,26,256,411,Nico O'Reilly,DEF,Man City,13,10,1,2026-02-11T19:30:00Z,90,13,1,0,1,0,1,33,30.4,5.8,36.0,7.2,0.48,0.01,0.49,1.42,1,49
2025-26,26,256,412,Vitor de Oliveira Nunes dos Reis,DEF,Man City,13,10,1,2026-02-11T19:30:00Z,0,0,0,0,0,0,0,0,0.0,0.0,0.0,0.0,0.0,0.0,0.0,0.0,0,50
2025-26,26,256,413,Omar Marmoush,MID,Man City,13,10,1,2026-02-11T19:30:00Z,45,1,0,0,0,0,0,5,6.2,11.8,2.0,2.0,0.0,0.0,0.0,0.8,0,83
2025-26,26,256,414,Phil Foden,MID,Man City,13,10,1,2026-02-11T19:30:00Z,70,5,0,1,1,0,0,22,31.2,31.8,32.0,9.5,0.2,0.06,0.26,0.84,1,82
2025-26,26,256,415,Sávio Moreira de Oliveira,MID,Man City,13,10,1,2026-02-11T19:30:00Z,0,0,0,0,0,0,0,0,0.0,0.0,0.0,0.0,0.0,0.0,0.0,0.0,0,69
2025-26,26,256,416,Bernardo Mota Veiga de Carvalho e Silva,MID,Man City,13,10,1,2026-02-11T19:30:00Z,59,0,0,0,0,0,0,10,8.2,26.3,2.0,3.7,0.0,0.03,0.03,0.81,1,62
2025-26,26,256,417,Rayan Cherki,MID,Man City,13,10,1,2026-02-11T19:30:00Z,19,1,0,0,0,0,0,5,0.0,1.3,0.0,0.1,0.0,0.0,0.0,0.58,0,65
2025-26,26,256,418,Jérémy Doku,MID,Man City,13,10,1,2026-02-11T19:30:00Z,0,0,0,0,0,0,0,0,0.0,0.0,0.0,0.0,0.0,0.0,0.0,0.0,0,64
2025-26,26,255,419,Jack Grealish,MID,Everton,9,4,1,2026-02-10T19:30:00Z,0,0,0,0,0,0,0,0,0.0,0.0,0.0,0.0,0.0,0.0,0.0,0.0,0,63
2025-26,26,256,420,İlkay Gündoğan,MID,Man City,13,10,1,2026-02-11T19:30:00Z,0,0,0,0,0,0,0,0,0.0,0.0,0.0,0.0,0.0,0.0,0.0,0.0,0,63
2025-26,26,256,421,Rodrigo 'Rodri' Hernandez Cascante,MID,Man City,13,10,1,2026-02-11T19:30:00Z,70,3,0,0,1,0,0,9,2.6,6.5,1.0,1.0,0.03,0.03,0.06,0.84,1,63
2025-26,26,256,422,Mateo Kovačić,MID,Man City,13,10,1,2026-02-11T19:30:00Z,0,0,0,0,0,0,0,0,0.0,0.0,0.0,0.0,0.0,0.0,0.0,0.0,0,58
2025-26,26,256,423,Nico González Iglesias,MID,Man City,13,10,1,2026-02-11T19:30:00Z,19,0,0,0,0,0,0,0,2.8,0.3,0.0,0.3,0.0,0.0,0.0,0.58,0,59
2025-26,26,256,424,Oscar Bobb,MID,Fulham,10,13,0,2026-02-11T19:30:00Z,18,1,0,0,0,0,0,5,4.2,11.7,10.0,2.6,0.07,0.0,0.07,0.0,0,51
2025-26,26,256,425,Claudio Echeverri,MID,Man City,13,10,1,2026-02-11T19:30:00Z,0,0,0,0,0,0,0,0,0.0,0.0,0.0,0.0,0.0,0.0,0.0,0.0,0,54
2025-26,26,257,426,James McAtee,MID,Nott'm Forest,16,20,1,2026-02-11T19:30:00Z,0,0,0,0,0,0,0,0,0.0,0.0,0.0,0.0,0.0,0.0,0.0,0.0,0,50
2025-26,26,256,427,Tijjani Reijnders,MID,Man City,13,10,1,2026-02-11T19:30:00Z,30,1,0,0,0,0,0,3,5.0,1.7,0.0,0.7,0.0,0.01,0.01,0.61,0,51
2025-26,26,256,428,Sverre Nypan,MID,Man City,13,10,1,2026-02-11T19:30:00Z,0,0,0,0,0,0,0,0,0.0,0.0,0.0,0.0,0.0,0.0,0.0,0.0,0,50
2025-26,26,256,429,Kalvin Phillips,MID,Man City,13,10,1,2026-02-11T19:30:00Z,0,0,0,0,0,0,0,0,0.0,0.0,0.0,0.0,0.0,0.0,0.0,0.0,0,47
2025-26,26,256,430,Erling Haaland,FWD,Man City,13,10,1,2026-02-11T19:30:00Z,45,5,1,0,0,0,0,29,32.0,0.6,11.0,4.4,0.12,0.0,0.12,0.62,1,149
2025-26,26,260,431,Altay Bayındır,GK,Man Utd,14,19,0,2026-02-10T20:15:00Z,0,0,0,0,0,0,0,0,0.0,0.0,0.0,0.0,0.0,0.0,0.0,0.0,0,47
2025-26,26,260,432,André Onana,GK,Man Utd,14,19,0,2026-02-10T20:15:00Z,0,0,0,0,0,0,0,0,0.0,0.0,0.0,0.0,0.0,0.0,0.0,0.0,0,49
2025-26,26,260,433,Elyh Harrison,GK,Man Utd,14,19,0,2026-02-10T20:15:00Z,0,0,0,0,0,0,0,0,0.0,0.0,0.0,0.0,0.0,0.0,0.0,0.0,0,40
2025-26,26,260,434,Tom Heaton,GK,Man Utd,14,19,0,2026-02-10T20:15:00Z,0,0,0,0,0,0,0,0,0.0,0.0,0.0,0.0,0.0,0.0,0.0,0.0,0,39
2025-26,26,260,435,Dermot Mee,GK,Man Utd,14,19,0,2026-02-10T20:15:00Z,0,0,0,0,0,0,0,0,0.0,0.0,0.0,0.0,0.0,0.0,0.0,0.0,0,39
2025-26,26,260,436,Matthijs de Ligt,DEF,Man Utd,14,19,0,2026-02-10T20:15:00Z,0,0,0,0,0,0,0,0,0.0,0.0,0.0,0.0,0.0,0.0,0.0,0.0,0,49
2025-26,26,260,437,Lisandro Martínez,DEF,Man Utd,14,19,0,2026-02-10T20:15:00Z,90,2,0,0,0,1,0,13,21.8,4.6,0.0,2.6,0.0,0.03,0.03,1.11,1,48
2025-26,26,260,438,Noussair Mazraoui,DEF,Man Utd,14,19,0,2026-02-10T20:15:00Z,0,0,0,0,0,0,0,0,0.0,0.0,0.0,0.0,0.0,0.0,0.0,0.0,0,49
2025-26,26,260,439,Diego León Blanco,DEF,Man Utd,14,19,0,2026-02-10T20:15:00Z,0,0,0,0,0,0,0,0,0.0,0.0,0.0,0.0,0.0,0.0,0.0,0.0,0,42
2025-26,26,260,440,Diogo Dalot Teixeira,DEF,Man Utd,14,19,0,2026-02-10T20:15:00Z,81,1,0,0,0,1,0,8,10.0,5.7,5.0,2.1,0.03,0.01,0.04,0.55,1,45
2025-26,26,260,441,Patrick Dorgu,DEF,Man Utd,14,19,0,2026-02-10T20:15:00Z,0,0,0,0,0,0,0,0,0.0,0.0,0.0,0.0,0.0,0.0,0.0,0.0,0,43
2025-26,26,260,442,Harry Maguire,DEF,Man Utd,14,19,0,2026-02-10T20:15:00Z,67,2,0,0,0,1,0,15,9.6,1.1,6.0,1.7,0.01,0.02,0.03,0.55,1,43
2025-26,26,260,443,Luke Shaw,DEF,Man Utd,14,19,0,2026-02-10T20:15:00Z,90,2,0,0,0,1,0,17,19.8,31.1,4.0,5.5,0.17,0.15,0.32,1.11,1,45
2025-26,26,260,444,Leny Yoro,DEF,Man Utd,14,19,0,2026-02-10T20:15:00Z,22,1,0,0,0,0,0,6,14.2,0.9,0.0,1.5,0.0,0.01,0.01,0.56,0,41
2025-26,26,260,445,Harry Amass,DEF,Man Utd,14,19,0,2026-02-10T20:15:00Z,0,0,0,0,0,0,0,0,0.0,0.0,0.0,0.0,0.0,0.0,0.0,0.0,0,40
2025-26,26,260,446,Tyler Fredricson,DEF,Man Utd,14,19,0,2026-02-10T20:15:00Z,0,0,0,0,0,0,0,0,0.0,0.0,0.0,0.0,0.0,0.0,0.0,0.0,0,38
2025-26,26,260,447,Ayden Heaven,DEF,Man Utd,14,19,0,2026-02-10T20:15:00Z,0,0,0,0,0,0,0,0,0.0,0.0,0.0,0.0,0.0,0.0,0.0,0.0,0,38
2025-26,26,260,448,Tyrell Malacia,DEF,Man Utd,14,19,0,2026-02-10T20:15:00Z,0,0,0,0,0,0,0,0,0.0,0.0,0.0,0.0,0.0,0.0,0.0,0.0,0,38
2025-26,26,260,449,Bruno Borges Fernandes,MID,Man Utd,14,19,0,2026-02-10T20:15:00Z,90,2,0,0,0,1,0,19,19.6,58.8,0.0,7.8,0.0,0.26,0.26,1.11,1,98
2025-26,26,260,450,Matheus Santos Carneiro da Cunha,MID,Man Utd,14,19,0,2026-02-10T20:15:00Z,68,2,0,0,0,1,0,6,5.4,4.8,2.0,1.2,0.0,0.01,0.01,0.55,1,81
2025-26,26,260,451,Marcus Rashford,MID,Man Utd,14,19,0,2026-02-10T20:15:00Z,0,0,0,0,0,0,0,0,0.0,0.0,0.0,0.0,0.0,0.0,0.0,0.0,0,70
2025-26,26,260,452,Amad Diallo,MID,Man Utd,14,19,0,2026-02-10T20:15:00Z,90,2,0,0,0,1,0,19,9.0,7.1,12.0,2.8,0.02,0.05,0.07,1.11,1,62
2025-26,26,253,453,Alejandro Garnacho Ferreyra,MID,Chelsea,7,11,1,2026-02-10T19:30:00Z,0,0,0,0,0,0,0,0,0.0,0.0,0.0,0.0,0.0,0.0,0.0,0.0,0,64
2025-26,26,260,454,Antony dos Santos,MID,Man Utd,14,19,0,2026-02-10T20:15:00Z,0,0,0,0,0,0,0,0,0.0,0.0,0.0,0.0,0.0,0.0,0.0,0.0,0,59
2025-26,26,260,455,Mason Mount,MID,Man Utd,14,19,0,2026-02-10T20:15:00Z,0,0,0,0,0,0,0,0,0.0,0.0,0.0,0.0,0.0,0.0,0.0,0.0,0,59
2025-26,26,251,456,Jadon Sancho,MID,Aston Villa,2,6,1,2026-02-11T19:30:00Z,59,1,0,0,0,0,0,2,2.2,33.7,11.0,4.7,0.09,0.4,0.49,0.17,1,58
2025-26,26,260,457,Carlos Henrique Casimiro,MID,Man Utd,14,19,0,2026-02-10T20:15:00Z,90,2,0,0,0,1,0,11,20.0,10.2,6.0,3.6,0.0,0.03,0.03,1.11,1,56
2025-26,26,260,458,Kobbie Mainoo,MID,Man Utd,14,19,0,2026-02-10T20:15:00Z,90,2,0,0,0,1,0,14,7.2,10.5,2.0,2.0,0.0,0.03,0.03,1.11,1,46
2025-26,26,260,459,Manuel Ugarte Ribeiro,MID,Man Utd,14,19,0,2026-02-10T20:15:00Z,0,0,0,0,0,0,0,0,0.0,0.0,0.0,0.0,0.0,0.0,0.0,0.0,0,47
2025-26,26,260,460,Toby Collyer,MID,Man Utd,14,19,0,2026-02-10T20:15:00Z,0,0,0,0,0,0,0,0,0.0,0.0,0.0,0.0,0.0,0.0,0.0,0.0,0,45
2025-26,26,260,461,Jayce Fitzgerald,MID,Man Utd,14,19,0,2026-02-10T20:15:00Z,0,0,0,0,0,0,0,0,0.0,0.0,0.0,0.0,0.0,0.0,0.0,0.0,0,43
2025-26,26,260,462,Jack Fletcher,MID,Man Utd,14,19,0,2026-02-10T20:15:00Z,0,0,0,0,0,0,0,0,0.0,0.0,0.0,0.0,0.0,0.0,0.0,0.0,0,43
2025-26,26,260,463,Sékou Koné,MID,Man Utd,14,19,0,2026-02-10T20:15:00Z,0,0,0,0,0,0,0,0,0.0,0.0,0.0,0.0,0.0,0.0,0.0,0.0,0,43
2025-26,26,260,464,Jack Moorhouse,MID,Man Utd,14,19,0,2026-02-10T20:15:00Z,0,0,0,0,0,0,0,0,0.0,0.0,0.0,0.0,0.0,0.0,0.0,0.0,0,45
2025-26,26,260,465,Rasmus Højlund,FWD,Man Utd,14,19,0,2026-02-10T20:15:00Z,0,0,0,0,0,0,0,0,0.0,0.0,0.0,0.0,0.0,0.0,0.0,0.0,0,63
2025-26,26,260,466,Joshua Zirkzee,FWD,Man Utd,14,19,0,2026-02-10T20:15:00Z,8,1,0,0,0,0,0,-1,0.0,1.3,4.0,0.5,0.09,0.0,0.09,0.56,0,58
2025-26,26,260,467,Chido Obi,FWD,Man Utd,14,19,0,2026-02-10T20:15:00Z,0,0,0,0,0,0,0,0,0.0,0.0,0.0,0.0,0.0,0.0,0.0,0.0,0,42
2025-26,26,260,468,Ethan Wheatley,FWD,Man Utd,14,19,0,2026-02-10T20:15:00Z,0,0,0,0,0,0,0,0,0.0,0.0,0.0,0.0,0.0,0.0,0.0,0.0,0,45
2025-26,26,259,469,Nick Pope,GK,Newcastle,15,18,0,2026-02-10T19:30:00Z,90,2,0,0,0,1,0,7,5.6,0.0,0.0,0.6,0.0,0.0,0.0,1.85,1,51
2025-26,26,254,470,Martin Dúbravka,GK,Burnley,3,8,0,2026-02-11T19:40:00Z,90,1,0,0,0,2,0,4,11.4,0.0,0.0,1.1,0.0,0.0,0.0,1.8,1,40
2025-26,26,259,471,Mark Gillespie,GK,Newcastle,15,18,0,2026-02-10T19:30:00Z,0,0,0,0,0,0,0,0,0.0,0.0,0.0,0.0,0.0,0.0,0.0,0.0,0,39
2025-26,26,259,472,Odysseas Vlachodimos,GK,Newcastle,15,18,0,2026-02-10T19:30:00Z,0,0,0,0,0,0,0,0,0.0,0.0,0.0,0.0,0.0,0.0,0.0,0.0,0,40
2025-26,26,259,473,Lewis Hall,DEF,Newcastle,15,18,0,2026-02-10T19:30:00Z,1,1,0,0,0,0,0,3,4.0,0.0,0.0,0.4,0.0,0.0,0.0,0.32,0,53
2025-26,26,259,474,Fabian Schär,DEF,Newcastle,15,18,0,2026-02-10T19:30:00Z,0,0,0,0,0,0,0,0,0.0,0.0,0.0,0.0,0.0,0.0,0.0,0.0,0,52
2025-26,26,259,475,Sven Botman,DEF,Newcastle,15,18,0,2026-02-10T19:30:00Z,90,2,0,0,0,1,0,10,27.2,0.5,19.0,4.7,0.69,0.0,0.69,1.85,1,49
2025-26,26,259,476,Dan Burn,DEF,Newcastle,15,18,0,2026-02-10T19:30:00Z,90,1,0,0,0,1,0,9,22.2,11.8,8.0,4.2,0.07,0.01,0.08,1.85,1,50
2025-26,26,259,477,Tino Livramento,DEF,Newcastle,15,18,0,2026-02-10T19:30:00Z,0,0,0,0,0,0,0,0,0.0,0.0,0.0,0.0,0.0,0.0,0.0,0.0,0,49
2025-26,26,259,478,Kieran Trippier,DEF,Newcastle,15,18,0,2026-02-10T19:30:00Z,90,2,0,0,0,1,0,6,14.6,3.0,4.0,2.2,0.0,0.02,0.02,1.85,1,49
2025-26,26,259,479,Emil Krafth,DEF,Newcastle,15,18,0,2026-02-10T19:30:00Z,0,0,0,0,0,0,0,0,0.0,0.0,0.0,0.0,0.0,0.0,0.0,0.0,0,43
2025-26,26,259,480,Jamaal Lascelles,DEF,Newcastle,15,18,0,2026-02-10T19:30:00Z,0,0,0,0,0,0,0,0,0.0,0.0,0.0,0.0,0.0,0.0,0.0,0.0,0,43
2025-26,26,259,481,Alex Murphy,DEF,Newcastle,15,18,0,2026-02-10T19:30:00Z,0,0,0,0,0,0,0,0,0.0,0.0,0.0,0.0,0.0,0.0,0.0,0.0,0,38
2025-26,26,259,482,Harrison Ashby,DEF,Newcastle,15,18,0,2026-02-10T19:30:00Z,0,0,0,0,0,0,0,0,0.0,0.0,0.0,0.0,0.0,0.0,0.0,0.0,0,39
2025-26,26,259,483,Miodrag Pivaš,DEF,Newcastle,15,18,0,2026-02-10T19:30:00Z,0,0,0,0,0,0,0,0,0.0,0.0,0.0,0.0,0.0,0.0,0.0,0.0,0,38
2025-26,26,259,484,Matt Targett,DEF,Newcastle,15,18,0,2026-02-10T19:30:00Z,0,0,0,0,0,0,0,0,0.0,0.0,0.0,0.0,0.0,0.0,0.0,0.0,0,40
2025-26,26,259,485,Anthony Gordon,MID,Newcastle,15,18,0,2026-02-10T19:30:00Z,87,5,0,1,0,1,0,15,16.6,13.1,25.0,5.5,0.49,0.11,0.6,1.54,1,72
2025-26,26,259,486,Anthony Elanga,MID,Newcastle,15,18,0,2026-02-10T19:30:00Z,74,2,0,0,0,1,0,8,10.8,31.2,12.0,5.4,0.0,0.24,0.24,1.47,1,65
2025-26,26,259,487,Harvey Barnes,MID,Newcastle,15,18,0,2026-02-10T19:30:00Z,90,2,0,0,0,1,0,13,8.0,8.5,36.0,5.3,0.25,0.05,0.3,1.85,1,61
2025-26,26,259,488,Bruno Guimarães Rodriguez Moura,MID,Newcastle,15,18,0,2026-02-10T19:30:00Z,90,3,0,0,0,1,0,21,19.0,49.6,2.0,7.1,0.0,0.4,0.4,1.54,1,70
2025-26,26,259,489,Jacob Murphy,MID,Newcastle,15,18,0,2026-02-10T19:30:00Z,15,1,0,0,0,0,0,6,5.2,0.3,0.0,0.6,0.0,0.01,0.01,0.38,0,59
2025-26,26,259,490,Joelinton Cássio Apolinário de Lira,MID,Newcastle,15,18,0,2026-02-10T19:30:00Z,0,0,0,0,0,0,0,0,0.0,0.0,0.0,0.0,0.0,0.0,0.0,0.0,0,59
2025-26,26,259,491,Sandro Tonali,MID,Newcastle,15,18,0,2026-02-10T19:30:00Z,15,1,0,0,0,0,0,4,3.4,0.3,0.0,0.4,0.0,0.0,0.0,0.38,0,53
2025-26,26,259,492,Antoñito Cordero Campillo,MID,Newcastle,15,18,0,2026-02-10T19:30:00Z,0,0,0,0,0,0,0,0,0.0,0.0,0.0,0.0,0.0,0.0,0.0,0.0,0,49
2025-26,26,253,493,Sean Longstaff,MID,Leeds,11,7,0,2026-02-10T19:30:00Z,1,0,0,0,0,0,0,-1,0.0,0.0,0.0,0.0,0.0,0.0,0.0,0.0,0,48
2025-26,26,259,494,Joe Willock,MID,Newcastle,15,18,0,2026-02-10T19:30:00Z,87,2,0,0,0,1,0,6,9.0,27.2,29.0,6.5,0.11,0.17,0.28,1.54,1,50
2025-26,26,259,495,Isaac Hayden,MID,Newcastle,15,18,0,2026-02-10T19:30:00Z,0,0,0,0,0,0,0,0,0.0,0.0,0.0,0.0,0.0,0.0,0.0,0.0,0,45
2025-26,26,259,496,Garang Kuol,MID,Newcastle,15,18,0,2026-02-10T19:30:00Z,0,0,0,0,0,0,0,0,0.0,0.0,0.0,0.0,0.0,0.0,0.0,0.0,0,44
2025-26,26,259,497,Lewis Miley,MID,Newcastle,15,18,0,2026-02-10T19:30:00Z,0,0,0,0,0,0,0,0,0.0,0.0,0.0,0.0,0.0,0.0,0.0,0.0,0,45
2025-26,26,259,498,Joe White,MID,Newcastle,15,18,0,2026-02-10T19:30:00Z,0,0,0,0,0,0,0,0,0.0,0.0,0.0,0.0,0.0,0.0,0.0,0.0,0,45
2025-26,26,258,499,Alexander Isak,FWD,Liverpool,12,17,0,2026-02-11T20:15:00Z,0,0,0,0,0,0,0,0,0.0,0.0,0.0,0.0,0.0,0.0,0.0,0.0,0,103
2025-26,26,259,500,William Osula,FWD,Newcastle,15,18,0,2026-02-10T19:30:00Z,2,1,0,0,0,0,0,2,0.0,0.0,0.0,0.0,0.0,0.0,0.0,0.32,0,54
2025-26,26,259,501,Sean Neave,FWD,Newcastle,15,18,0,2026-02-10T19:30:00Z,0,0,0,0,0,0,0,0,0.0,0.0,0.0,0.0,0.0,0.0,0.0,0.0,0,43
2025-26,26,257,502,Matz Sels,GK,Nott'm Forest,16,20,1,2026-02-11T19:30:00Z,0,0,0,0,0,0,0,0,0.0,0.0,0.0,0.0,0.0,0.0,0.0,0.0,0,46
2025-26,26,257,503,Carlos Miguel dos Santos Pereira,GK,Nott'm Forest,16,20,1,2026-02-11T19:30:00Z,0,0,0,0,0,0,0,0,0.0,0.0,0.0,0.0,0.0,0.0,0.0,0.0,0,40
2025-26,26,257,504,Matt Turner,GK,Nott'm Forest,16,20,1,2026-02-11T19:30:00Z,0,0,0,0,0,0,0,0,0.0,0.0,0.0,0.0,0.0,0.0,0.0,0.0,0,40
2025-26,26,257,505,Nikola Milenković,DEF,Nott'm Forest,16,20,1,2026-02-11T19:30:00Z,90,6,0,0,1,0,0,24,12.4,1.3,1.0,1.5,0.01,0.0,0.01,0.42,1,51
2025-26,26,257,506,Murillo Costa dos Santos,DEF,Nott'm Forest,16,20,1,2026-02-11T19:30:00Z,0,0,0,0,0,0,0,0,0.0,0.0,0.0,0.0,0.0,0.0,0.0,0.0,0,52
2025-26,26,257,507,Ola Aina,DEF,Nott'm Forest,16,20,1,2026-02-11T19:30:00Z,90,7,0,0,1,0,1,32,20.0,32.8,7.0,6.0,0.08,0.17,0.25,0.42,1,47
2025-26,26,257,508,Neco Williams,DEF,Nott'm Forest,16,20,1,2026-02-11T19:30:00Z,90,8,0,0,1,0,2,40,27.0,49.3,39.0,11.5,0.18,0.68,0.86,0.42,1,47
2025-26,26,257,509,David Mota Veiga Teixeira do Carmo,DEF,Nott'm Forest,16,20,1,2026-02-11T19:30:00Z,0,0,0,0,0,0,0,0,0.0,0.0,0.0,0.0,0.0,0.0,0.0,0.0,0,45
2025-26,26,257,510,Jair Paula da Cunha Filho,DEF,Nott'm Forest,16,20,1,2026-02-11T19:30:00Z,0,0,0,0,0,0,0,0,0.0,0.0,0.0,0.0,0.0,0.0,0.0,0.0,0,42
2025-26,26,257,511,Felipe Rodrigues da Silva,DEF,Nott'm Forest,16,20,1,2026-02-11T19:30:00Z,90,8,0,0,1,0,0,30,23.6,11.4,43.0,7.8,0.37,0.01,0.38,0.42,1,43
2025-26,26,257,512,Omar Richards,DEF,Nott'm Forest,16,20,1,2026-02-11T19:30:00Z,0,0,0,0,0,0,0,0,0.0,0.0,0.0,0.0,0.0,0.0,0.0,0.0,0,45
2025-26,26,257,513,Zach Abbott,DEF,Nott'm Forest,16,20,1,2026-02-11T19:30:00Z,0,0,0,0,0,0,0,0,0.0,0.0,0.0,0.0,0.0,0.0,0.0,0.0,0,38
2025-26,26,257,514,Willy Boly,DEF,Nott'm Forest,16,20,1,2026-02-11T19:30:00Z,0,0,0,0,0,0,0,0,0.0,0.0,0.0,0.0,0.0,0.0,0.0,0.0,0,38
2025-26,26,257,515,Morgan Gibbs-White,MID,Nott'm Forest,16,20,1,2026-02-11T19:30:00Z,90,3,0,0,1,0,0,15,15.6,61.8,28.0,10.5,0.4,0.11,0.51,0.42,1,73
2025-26,26,257,516,Callum Hudson-Odoi,MID,Nott'm Forest,16,20,1,2026-02-11T19:30:00Z,64,3,0,0,1,0,0,26,20.4,60.6,47.0,12.8,0.25,0.28,0.53,0.21,1,57
2025-26,26,257,517,Elliot Anderson,MID,Nott'm Forest,16,20,1,2026-02-11T19:30:00Z,90,5,0,0,1,0,0,24,32.8,30.8,40.0,10.4,0.27,0.52,0.79,0.42,1,54
2025-26,26,257,518,João Pedro Ferreira da Silva,MID,Nott'm Forest,16,20,1,2026-02-11T19:30:00Z,0,0,0,0,0,0,0,0,0.0,0.0,0.0,0.0,0.0,0.0,0.0,0.0,0,54
2025-26,26,257,519,Nicolás Domínguez,MID,Nott'm Forest,16,20,1,2026-02-11T19:30:00Z,0,0,0,0,0,0,0,0,0.0,0.0,0.0,0.0,0.0,0.0,0.0,0.0,0,50
2025-26,26,257,520,Lewis O'Brien,MID,Nott'm Forest,16,20,1,2026-02-11T19:30:00Z,0,0,0,0,0,0,0,0,0.0,0.0,0.0,0.0,0.0,0.0,0.0,0.0,0,50
2025-26,26,257,521,Ibrahim Sangaré,MID,Nott'm Forest,16,20,1,2026-02-11T19:30:00Z,90,3,0,0,1,0,0,13,9.0,14.2,2.0,2.5,0.0,0.1,0.1,0.42,1,49
2025-26,26,257,522,Ryan Yates,MID,Nott'm Forest,16,20,1,2026-02-11T19:30:00Z,0,0,0,0,0,0,0,0,0.0,0.0,0.0,0.0,0.0,0.0,0.0,0.0,0,47
2025-26,26,257,523,Eric da Silva Moreira,MID,Nott'm Forest,16,20,1,2026-02-11T19:30:00Z,0,0,0,0,0,0,0,0,0.0,0.0,0.0,0.0,0.0,0.0,0.0,0.0,0,45
2025-26,26,257,524,Marko Stamenić,MID,Nott'm Forest,16,20,1,2026-02-11T19:30:00Z,0,0,0,0,0,0,0,0,0.0,0.0,0.0,0.0,0.0,0.0,0.0,0.0,0,45
2025-26,26,257,525,Chris Wood,FWD,Nott'm Forest,16,20,1,2026-02-11T19:30:00Z,0,0,0,0,0,0,0,0,0.0,0.0,0.0,0.0,0.0,0.0,0.0,0.0,0,72
2025-26,26,257,526,Igor Jesus Maciel da Cruz,FWD,Nott'm Forest,16,20,1,2026-02-11T19:30:00Z,19,1,0,0,0,0,0,3,5.0,0.0,33.0,3.8,0.33,0.0,0.33,0.2,0,58
2025-26,26,257,527,Taiwo Awoniyi,FWD,Nott'm Forest,16,20,1,2026-02-11T19:30:00Z,0,0,0,0,0,0,0,0,0.0,0.0,0.0,0.0,0.0,0.0,0.0,0.0,0,52
2025-26,26,258,528,Anthony Patterson,GK,Sunderland,17,12,1,2026-02-11T20:15:00Z,0,0,0,0,0,0,0,0,0.0,0.0,0.0,0.0,0.0,0.0,0.0,0.0,0,42
2025-26,26,258,529,Simon Moore,GK,Sunderland,17,12,1,2026-02-11T20:15:00Z,0,0,0,0,0,0,0,0,0.0,0.0,0.0,0.0,0.0,0.0,0.0,0.0,0,39
2025-26,26,258,530,Blondy Nna Noukeu,GK,Sunderland,17,12,1,2026-02-11T20:15:00Z,0,0,0,0,0,0,0,0,0.0,0.0,0.0,0.0,0.0,0.0,0.0,0.0,0,39
2025-26,26,258,531,Daniel Ballard,DEF,Sunderland,17,12,1,2026-02-11T20:15:00Z,90,4,0,0,0,1,0,12,21.6,11.3,6.0,3.9,0.05,0.0,0.05,2.53,1,46
2025-26,26,258,532,Trai Hume,DEF,Sunderland,17,12,1,2026-02-11T20:15:00Z,79,2,0,0,0,1,0,4,16.0,15.0,10.0,4.1,0.14,0.03,0.17,2.38,1,45
2025-26,26,258,533,Aji Alese,DEF,Sunderland,17,12,1,2026-02-11T20:15:00Z,0,0,0,0,0,0,0,0,0.0,0.0,0.0,0.0,0.0,0.0,0.0,0.0,0,40
2025-26,26,258,534,Joe Anderson,DEF,Sunderland,17,12,1,2026-02-11T20:15:00Z,0,0,0,0,0,0,0,0,0.0,0.0,0.0,0.0,0.0,0.0,0.0,0.0,0,38
2025-26,26,258,535,Dennis Cirkin,DEF,Sunderland,17,12,1,2026-02-11T20:15:00Z,0,0,0,0,0,0,0,0,0.0,0.0,0.0,0.0,0.0,0.0,0.0,0.0,0,40
2025-26,26,258,536,Leo Fuhr Hjelde,DEF,Sunderland,17,12,1,2026-02-11T20:15:00Z,0,0,0,0,0,0,0,0,0.0,0.0,0.0,0.0,0.0,0.0,0.0,0.0,0,40
2025-26,26,258,537,Niall Huggins,DEF,Sunderland,17,12,1,2026-02-11T20:15:00Z,0,0,0,0,0,0,0,0,0.0,0.0,0.0,0.0,0.0,0.0,0.0,0.0,0,40
2025-26,26,258,538,Zak Johnson,DEF,Sunderland,17,12,1,2026-02-11T20:15:00Z,0,0,0,0,0,0,0,0,0.0,0.0,0.0,0.0,0.0,0.0,0.0,0.0,0,38
2025-26,26,258,539,Luke O'Nien,DEF,Sunderland,17,12,1,2026-02-11T20:15:00Z,0,0,0,0,0,0,0,0,0.0,0.0,0.0,0.0,0.0,0.0,0.0,0.0,0,40
2025-26,26,258,540,Timothée Pembélé,DEF,Sunderland,17,12,1,2026-02-11T20:15:00Z,0,0,0,0,0,0,0,0,0.0,0.0,0.0,0.0,0.0,0.0,0.0,0.0,0,39
2025-26,26,258,541,Reinildo Mandava,DEF,Sunderland,17,12,1,2026-02-11T20:15:00Z,90,1,0,0,0,1,0,13,30.8,16.8,2.0,5.0,0.0,0.14,0.14,2.53,1,38
2025-26,26,258,542,Jenson Seelt,DEF,Sunderland,17,12,1,2026-02-11T20:15:00Z,0,0,0,0,0,0,0,0,0.0,0.0,0.0,0.0,0.0,0.0,0.0,0.0,0,40
2025-26,26,258,543,Simon Adingra,MID,Sunderland,17,12,1,2026-02-11T20:15:00Z,0,0,0,0,0,0,0,0,0.0,0.0,0.0,0.0,0.0,0.0,0.0,0.0,0,49
2025-26,26,258,544,Habib Diarra,MID,Sunderland,17,12,1,2026-02-11T20:15:00Z,90,2,0,0,0,1,0,8,6.0,7.6,6.0,2.0,0.0,0.15,0.15,2.41,1,53
2025-26,26,258,545,Patrick Roberts,MID,Sunderland,17,12,1,2026-02-11T20:15:00Z,0,0,0,0,0,0,0,0,0.0,0.0,0.0,0.0,0.0,0.0,0.0,0.0,0,54
2025-26,26,258,546,Milan Aleksić,MID,Sunderland,17,12,1,2026-02-11T20:15:00Z,0,0,0,0,0,0,0,0,0.0,0.0,0.0,0.0,0.0,0.0,0.0,0.0,0,49
2025-26,26,258,547,Enzo Le Fée,MID,Sunderland,17,12,1,2026-02-11T20:15:00Z,90,2,0,0,0,1,0,14,19.2,9.9,0.0,2.9,0.0,0.24,0.24,2.53,1,49
2025-26,26,258,548,Romaine Mundle,MID,Sunderland,17,12,1,2026-02-11T20:15:00Z,10,1,0,0,0,0,0,1,0.4,1.0,6.0,0.7,0.0,0.01,0.01,0.15,0,49
2025-26,26,258,549,Dan Neil,MID,Sunderland,17,12,1,2026-02-11T20:15:00Z,0,0,0,0,0,0,0,0,0.0,0.0,0.0,0.0,0.0,0.0,0.0,0.0,0,48
2025-26,26,258,550,Ian Poveda-Ocampo,MID,Sunderland,17,12,1,2026-02-11T20:15:00Z,0,0,0,0,0,0,0,0,0.0,0.0,0.0,0.0,0.0,0.0,0.0,0.0,0,48
2025-26,26,258,551,Chris Rigg,MID,Sunderland,17,12,1,2026-02-11T20:15:00Z,0,0,0,0,0,0,0,0,0.0,0.0,0.0,0.0,0.0,0.0,0.0,0.0,0,47
2025-26,26,258,552,Noah Sadiki,MID,Sunderland,17,12,1,2026-02-11T20:15:00Z,90,2,0,0,0,1,0,15,22.0,14.1,0.0,3.6,0.0,0.06,0.06,2.53,1,49
2025-26,26,258,553,Chemsdine Talbi,MID,Sunderland,17,12,1,2026-02-11T20:15:00Z,10,1,0,0,0,0,0,3,0.0,0.3,0.0,0.0,0.0,0.0,0.0,0.15,0,49
2025-26,26,258,554,Abdoullah Ba,MID,Sunderland,17,12,1,2026-02-11T20:15:00Z,0,0,0,0,0,0,0,0,0.0,0.0,0.0,0.0,0.0,0.0,0.0,0.0,0,43
2025-26,26,258,555,Alan Browne,MID,Sunderland,17,12,1,2026-02-11T20:15:00Z,0,0,0,0,0,0,0,0,0.0,0.0,0.0,0.0,0.0,0.0,0.0,0.0,0,45
2025-26,26,258,556,Pierre Ekwah Elimby,MID,Sunderland,17,12,1,2026-02-11T20:15:00Z,0,0,0,0,0,0,0,0,0.0,0.0,0.0,0.0,0.0,0.0,0.0,0.0,0,45
2025-26,26,258,557,Harrison Jones,MID,Sunderland,17,12,1,2026-02-11T20:15:00Z,0,0,0,0,0,0,0,0,0.0,0.0,0.0,0.0,0.0,0.0,0.0,0.0,0,43
2025-26,26,258,558,Jay Matete,MID,Sunderland,17,12,1,2026-02-11T20:15:00Z,0,0,0,0,0,0,0,0,0.0,0.0,0.0,0.0,0.0,0.0,0.0,0.0,0,43
2025-26,26,258,559,Nectarios Triantis,MID,Sunderland,17,12,1,2026-02-11T20:15:00Z,0,0,0,0,0,0,0,0,0.0,0.0,0.0,0.0,0.0,0.0,0.0,0.0,0,44
2025-26,26,258,560,Wilson Isidor,FWD,Sunderland,17,12,1,2026-02-11T20:15:00Z,1,1,0,0,0,0,0,2,0.0,0.0,0.0,0.0,0.0,0.0,0.0,0.12,0,51
2025-26,26,258,561,Eliezer Mayenda Dossou,FWD,Sunderland,17,12,1,2026-02-11T20:15:00Z,0,0,0,0,0,0,0,0,0.0,0.0,0.0,0.0,0.0,0.0,0.0,0.0,0,52
2025-26,26,258,562,Ahmed Abdullahi,FWD,Sunderland,17,12,1,2026-02-11T20:15:00Z,0,0,0,0,0,0,0,0,0.0,0.0,0.0,0.0,0.0,0.0,0.0,0.0,0,42
2025-26,26,258,563,Luís Hemir Silva Semedo,FWD,Sunderland,17,12,1,2026-02-11T20:15:00Z,0,0,0,0,0,0,0,0,0.0,0.0,0.0,0.0,0.0,0.0,0.0,0.0,0,44
2025-26,26,258,564,Nazarii Rusyn,FWD,Sunderland,17,12,1,2026-02-11T20:15:00Z,0,0,0,0,0,0,0,0,0.0,0.0,0.0,0.0,0.0,0.0,0.0,0.0,0,44
2025-26,26,259,565,Guglielmo Vicario,GK,Spurs,18,15,1,2026-02-10T19:30:00Z,90,2,0,0,0,2,0,10,25.8,0.0,0.0,2.6,0.0,0.0,0.0,2.48,1,48
2025-26,26,259,566,Brandon Austin,GK,Spurs,18,15,1,2026-02-10T19:30:00Z,0,0,0,0,0,0,0,0,0.0,0.0,0.0,0.0,0.0,0.0,0.0,0.0,0,39
2025-26,26,259,567,Antonín Kinský,GK,Spurs,18,15,1,2026-02-10T19:30:00Z,0,0,0,0,0,0,0,0,0.0,0.0,0.0,0.0,0.0,0.0,0.0,0.0,0,39
2025-26,26,259,568,Pedro Porro Sauceda,DEF,Spurs,18,15,1,2026-02-10T19:30:00Z,0,0,0,0,0,0,0,0,0.0,0.0,0.0,0.0,0.0,0.0,0.0,0.0,0,52
2025-26,26,259,569,Cristian Romero,DEF,Spurs,18,15,1,2026-02-10T19:30:00Z,0,0,0,0,0,0,0,0,0.0,0.0,0.0,0.0,0.0,0.0,0.0,0.0,0,50
2025-26,26,259,570,Kevin Danso,DEF,Spurs,18,15,1,2026-02-10T19:30:00Z,0,0,0,0,0,0,0,0,0.0,0.0,0.0,0.0,0.0,0.0,0.0,0.0,0,42
2025-26,26,259,571,Ben Davies,DEF,Spurs,18,15,1,2026-02-10T19:30:00Z,0,0,0,0,0,0,0,0,0.0,0.0,0.0,0.0,0.0,0.0,0.0,0.0,0,43
2025-26,26,259,572,Radu Drăgușin,DEF,Spurs,18,15,1,2026-02-10T19:30:00Z,90,3,0,0,0,2,0,3,29.8,1.3,9.0,4.0,0.12,0.0,0.12,2.48,1,45
2025-26,26,259,573,Djed Spence,DEF,Spurs,18,15,1,2026-02-10T19:30:00Z,90,0,0,0,0,2,0,5,13.6,1.6,0.0,1.5,0.0,0.01,0.01,2.48,1,42
2025-26,26,259,574,Destiny Udogie,DEF,Spurs,18,15,1,2026-02-10T19:30:00Z,0,0,0,0,0,0,0,0,0.0,0.0,0.0,0.0,0.0,0.0,0.0,0.0,0,43
2025-26,26,259,575,Micky van de Ven,DEF,Spurs,18,15,1,2026-02-10T19:30:00Z,90,3,0,0,0,2,0,10,31.2,1.2,4.0,3.6,0.17,0.01,0.18,2.48,1,45
2025-26,26,259,576,Ashley Phillips,DEF,Spurs,18,15,1,2026-02-10T19:30:00Z,0,0,0,0,0,0,0,0,0.0,0.0,0.0,0.0,0.0,0.0,0.0,0.0,0,40
2025-26,26,259,577,Takai Kōta,DEF,Spurs,18,15,1,2026-02-10T19:30:00Z,0,0,0,0,0,0,0,0,0.0,0.0,0.0,0.0,0.0,0.0,0.0,0.0,0,40
2025-26,26,259,578,Luka Vušković,DEF,Spurs,18,15,1,2026-02-10T19:30:00Z,0,0,0,0,0,0,0,0,0.0,0.0,0.0,0.0,0.0,0.0,0.0,0.0,0,39
2025-26,26,259,579,Son Heung-min,MID,Spurs,18,15,1,2026-02-10T19:30:00Z,0,0,0,0,0,0,0,0,0.0,0.0,0.0,0.0,0.0,0.0,0.0,0.0,0,85
2025-26,26,254,580,Brennan Johnson,MID,Crystal Palace,8,3,1,2026-02-11T19:40:00Z,32,1,0,0,0,0,0,3,2.8,11.5,5.0,1.9,0.03,0.1,0.13,0.16,0,65
2025-26,26,259,581,James Maddison,MID,Spurs,18,15,1,2026-02-10T19:30:00Z,0,0,0,0,0,0,0,0,0.0,0.0,0.0,0.0,0.0,0.0,0.0,0.0,0,68
2025-26,26,259,582,Mohammed Kudus,MID,Spurs,18,15,1,2026-02-10T19:30:00Z,0,0,0,0,0,0,0,0,0.0,0.0,0.0,0.0,0.0,0.0,0.0,0.0,0,64
2025-26,26,259,583,Dejan Kulusevski,MID,Spurs,18,15,1,2026-02-10T19:30:00Z,0,0,0,0,0,0,0,0,0.0,0.0,0.0,0.0,0.0,0.0,0.0,0.0,0,64
2025-26,26,259,584,Mathys Tel,MID,Spurs,18,15,1,2026-02-10T19:30:00Z,55,1,0,0,0,2,0,0,1.8,25.7,22.0,5.0,0.55,0.07,0.62,1.06,0,62
2025-26,26,259,585,Rodrigo Bentancur,MID,Spurs,18,15,1,2026-02-10T19:30:00Z,0,0,0,0,0,0,0,0,0.0,0.0,0.0,0.0,0.0,0.0,0.0,0.0,0,53
2025-26,26,259,586,Lucas Bergvall,MID,Spurs,18,15,1,2026-02-10T19:30:00Z,0,0,0,0,0,0,0,0,0.0,0.0,0.0,0.0,0.0,0.0,0.0,0.0,0,52
2025-26,26,259,587,Yves Bissouma,MID,Spurs,18,15,1,2026-02-10T19:30:00Z,45,1,0,0,0,1,0,4,7.0,2.5,0.0,1.0,0.0,0.0,0.0,1.81,1,52
2025-26,26,259,588,Wilson Odobert,MID,Spurs,18,15,1,2026-02-10T19:30:00Z,34,1,0,0,0,0,0,4,1.6,10.8,2.0,1.4,0.0,0.04,0.04,1.42,1,53
2025-26,26,259,589,Manor Solomon,MID,Spurs,18,15,1,2026-02-10T19:30:00Z,0,0,0,0,0,0,0,0,0.0,0.0,0.0,0.0,0.0,0.0,0.0,0.0,0,54
2025-26,26,259,590,Bryan Gil Salvatierra,MID,Spurs,18,15,1,2026-02-10T19:30:00Z,0,0,0,0,0,0,0,0,0.0,0.0,0.0,0.0,0.0,0.0,0.0,0.0,0,49
2025-26,26,259,591,Archie Gray,MID,Spurs,18,15,1,2026-02-10T19:30:00Z,90,10,1,0,0,2,3,36,47.0,16.3,37.0,10.0,0.57,0.29,0.86,2.48,1,48
2025-26,26,259,592,Mikey Moore,MID,Spurs,18,15,1,2026-02-10T19:30:00Z,0,0,0,0,0,0,0,0,0.0,0.0,0.0,0.0,0.0,0.0,0.0,0.0,0,50
2025-26,26,259,593,Pape Matar Sarr,MID,Spurs,18,15,1,2026-02-10T19:30:00Z,90,8,0,1,0,2,2,33,43.2,14.8,11.0,6.9,0.01,0.41,0.42,2.48,1,45
2025-26,26,259,594,Yang Min-hyeok,MID,Spurs,18,15,1,2026-02-10T19:30:00Z,0,0,0,0,0,0,0,0,0.0,0.0,0.0,0.0,0.0,0.0,0.0,0.0,0,45
2025-26,26,259,595,Callum Olusesi,MID,Spurs,18,15,1,2026-02-10T19:30:00Z,0,0,0,0,0,0,0,0,0.0,0.0,0.0,0.0,0.0,0.0,0.0,0.0,0,43
2025-26,26,259,596,Dominic Solanke-Mitchell,FWD,Spurs,18,15,1,2026-02-10T19:30:00Z,90,2,0,0,0,2,0,8,11.6,0.8,23.0,3.5,0.27,0.0,0.27,2.48,1,72
2025-26,26,259,597,Richarlison de Andrade,FWD,Spurs,18,15,1,2026-02-10T19:30:00Z,0,0,0,0,0,0,0,0,0.0,0.0,0.0,0.0,0.0,0.0,0.0,0.0,0,63
2025-26,26,259,598,Will Lankshear,FWD,Spurs,18,15,1,2026-02-10T19:30:00Z,0,0,0,0,0,0,0,0,0.0,0.0,0.0,0.0,0.0,0.0,0.0,0.0,0,45
2025-26,26,259,599,Dane Scarlett,FWD,Spurs,18,15,1,2026-02-10T19:30:00Z,0,0,0,0,0,0,0,0,0.0,0.0,0.0,0.0,0.0,0.0,0.0,0.0,0,43
2025-26,26,260,600,Alphonse Areola,GK,West Ham,19,14,1,2026-02-10T20:15:00Z,0,0,0,0,0,0,0,0,0.0,0.0,0.0,0.0,0.0,0.0,0.0,0.0,0,43
2025-26,26,260,601,Wes Foderingham,GK,West Ham,19,14,1,2026-02-10T20:15:00Z,0,0,0,0,0,0,0,0,0.0,0.0,0.0,0.0,0.0,0.0,0.0,0.0,0,40
2025-26,26,260,602,Krisztián Hegyi,GK,West Ham,19,14,1,2026-02-10T20:15:00Z,0,0,0,0,0,0,0,0,0.0,0.0,0.0,0.0,0.0,0.0,0.0,0.0,0,39
2025-26,26,260,603,El Hadji Malick Diouf,DEF,West Ham,19,14,1,2026-02-10T20:15:00Z,79,6,0,0,1,0,0,22,8.4,1.9,0.0,1.0,0.0,0.01,0.01,0.33,1,40
2025-26,26,260,604,Emerson Palmieri dos Santos,DEF,West Ham,19,14,1,2026-02-10T20:15:00Z,0,0,0,0,0,0,0,0,0.0,0.0,0.0,0.0,0.0,0.0,0.0,0.0,0,44
2025-26,26,260,605,Maximilian Kilman,DEF,West Ham,19,14,1,2026-02-10T20:15:00Z,0,0,0,0,0,0,0,0,0.0,0.0,0.0,0.0,0.0,0.0,0.0,0.0,0,42
2025-26,26,260,606,Konstantinos Mavropanos,DEF,West Ham,19,14,1,2026-02-10T20:15:00Z,90,2,0,0,0,1,0,7,11.0,0.9,0.0,1.2,0.0,0.01,0.01,0.57,1,44
2025-26,26,260,607,Nayef Aguerd,DEF,West Ham,19,14,1,2026-02-10T20:15:00Z,0,0,0,0,0,0,0,0,0.0,0.0,0.0,0.0,0.0,0.0,0.0,0.0,0,44
2025-26,26,260,608,Ollie Scarles,DEF,West Ham,19,14,1,2026-02-10T20:15:00Z,10,1,0,0,0,1,0,3,3.6,11.1,0.0,1.5,0.0,0.01,0.01,0.24,0,43
2025-26,26,260,609,Jean-Clair Todibo,DEF,West Ham,19,14,1,2026-02-10T20:15:00Z,0,0,0,0,0,0,0,0,0.0,0.0,0.0,0.0,0.0,0.0,0.0,0.0,0,43
2025-26,26,260,610,Aaron Wan-Bissaka,DEF,West Ham,19,14,1,2026-02-10T20:15:00Z,90,2,0,0,0,1,0,14,16.0,5.7,0.0,2.2,0.0,0.01,0.01,0.57,1,41
2025-26,26,260,611,Kaelan Casey,DEF,West Ham,19,14,1,2026-02-10T20:15:00Z,0,0,0,0,0,0,0,0,0.0,0.0,0.0,0.0,0.0,0.0,0.0,0.0,0,40
2025-26,26,260,612,Lucas Tolentino Coelho de Lima,MID,West Ham,19,14,1,2026-02-10T20:15:00Z,0,0,0,0,0,0,0,0,0.0,0.0,0.0,0.0,0.0,0.0,0.0,0.0,0,59
2025-26,26,260,613,Tomáš Souček,MID,West Ham,19,14,1,2026-02-10T20:15:00Z,90,9,1,0,0,1,2,28,43.8,2.4,35.0,8.1,0.48,0.01,0.49,0.57,1,57
2025-26,26,254,614,James Ward-Prowse,MID,Burnley,3,8,0,2026-02-11T19:40:00Z,7,1,0,0,0,0,0,5,2.2,4.0,0.0,0.6,0.0,0.01,0.01,0.31,0,56
2025-26,26,260,615,Crysencio Summerville,MID,West Ham,19,14,1,2026-02-10T20:15:00Z,89,3,0,0,1,0,0,13,17.4,20.3,9.0,4.7,0.02,0.16,0.18,0.4,1,56
2025-26,26,260,616,Edson Álvarez Velázquez,MID,West Ham,19,14,1,2026-02-10T20:15:00Z,0,0,0,0,0,0,0,0,0.0,0.0,0.0,0.0,0.0,0.0,0.0,0.0,0,49
2025-26,26,260,617,Maxwel Cornet,MID,West Ham,19,14,1,2026-02-10T20:15:00Z,0,0,0,0,0,0,0,0,0.0,0.0,0.0,0.0,0.0,0.0,0.0,0.0,0,49
2025-26,26,260,618,Guido Rodríguez,MID,West Ham,19,14,1,2026-02-10T20:15:00Z,0,0,0,0,0,0,0,0,0.0,0.0,0.0,0.0,0.0,0.0,0.0,0.0,0,48
2025-26,26,260,619,Luis Guilherme Lira dos Santos,MID,West Ham,19,14,1,2026-02-10T20:15:00Z,0,0,0,0,0,0,0,0,0.0,0.0,0.0,0.0,0.0,0.0,0.0,0.0,0,49
2025-26,26,260,620,George Earthy,MID,West Ham,19,14,1,2026-02-10T20:15:00Z,0,0,0,0,0,0,0,0,0.0,0.0,0.0,0.0,0.0,0.0,0.0,0.0,0,45
2025-26,26,260,621,Andy Irving,MID,West Ham,19,14,1,2026-02-10T20:15:00Z,0,0,0,0,0,0,0,0,0.0,0.0,0.0,0.0,0.0,0.0,0.0,0.0,0,43
2025-26,26,260,622,Lewis Orford,MID,West Ham,19,14,1,2026-02-10T20:15:00Z,0,0,0,0,0,0,0,0,0.0,0.0,0.0,0.0,0.0,0.0,0.0,0.0,0,44
2025-26,26,260,623,Freddie Potts,MID,West Ham,19,14,1,2026-02-10T20:15:00Z,79,3,0,0,1,0,0,10,9.8,2.9,0.0,1.3,0.0,0.01,0.01,0.33,1,44
2025-26,26,260,624,Jarrod Bowen,FWD,West Ham,19,14,1,2026-02-10T20:15:00Z,89,5,0,1,1,0,0,16,18.2,12.5,10.0,4.1,0.04,0.51,0.55,0.4,1,77
2025-26,26,260,625,Niclas Füllkrug,FWD,West Ham,19,14,1,2026-02-10T20:15:00Z,0,0,0,0,0,0,0,0,0.0,0.0,0.0,0.0,0.0,0.0,0.0,0.0,0,56
2025-26,26,260,626,Callum Marshall,FWD,West Ham,19,14,1,2026-02-10T20:15:00Z,0,0,0,0,0,0,0,0,0.0,0.0,0.0,0.0,0.0,0.0,0.0,0.0,0,43
2025-26,26,257,627,Sam Johnstone,GK,Wolves,20,16,0,2026-02-11T19:30:00Z,0,0,0,0,0,0,0,0,0.0,0.0,0.0,0.0,0.0,0.0,0.0,0.0,0,44
2025-26,26,310,627,Sam Johnstone,GK,Wolves,20,1,1,2026-02-18T20:00:00Z,0,0,0,0,0,0,0,0,0.0,0.0,0.0,0.0,0.0,0.0,0.0,0.0,0,44
2025-26,26,257,628,José Malheiro de Sá,GK,Wolves,20,16,0,2026-02-11T19:30:00Z,90,12,0,0,1,0,3,50,71.6,0.0,0.0,7.2,0.0,0.0,0.0,2.55,1,42
2025-26,26,310,628,José Malheiro de Sá,GK,Wolves,20,1,1,2026-02-18T20:00:00Z,90,1,0,0,0,2,0,7,22.6,0.0,0.0,2.3,0.0,0.0,0.0,1.86,1,42
2025-26,26,257,629,Daniel Bentley,GK,Wolves,20,16,0,2026-02-11T19:30:00Z,0,0,0,0,0,0,0,0,0.0,0.0,0.0,0.0,0.0,0.0,0.0,0.0,0,39
2025-26,26,310,629,Daniel Bentley,GK,Wolves,20,1,1,2026-02-18T20:00:00Z,0,0,0,0,0,0,0,0,0.0,0.0,0.0,0.0,0.0,0.0,0.0,0.0,0,39
2025-26,26,255,630,Tom King,GK,Everton,9,4,1,2026-02-10T19:30:00Z,0,0,0,0,0,0,0,0,0.0,0.0,0.0,0.0,0.0,0.0,0.0,0.0,0,39
2025-26,26,257,631,Emmanuel Agbadou,DEF,Wolves,20,16,0,2026-02-11T19:30:00Z,0,0,0,0,0,0,0,0,0.0,0.0,0.0,0.0,0.0,0.0,0.0,0.0,0,42
2025-26,26,310,631,Emmanuel Agbadou,DEF,Wolves,20,1,1,2026-02-18T20:00:00Z,0,0,0,0,0,0,0,0,0.0,0.0,0.0,0.0,0.0,0.0,0.0,0.0,0,42
2025-26,26,257,632,Matt Doherty,DEF,Wolves,20,16,0,2026-02-11T19:30:00Z,0,0,0,0,0,0,0,0,0.0,0.0,0.0,0.0,0.0,0.0,0.0,0.0,0,44
2025-26,26,310,632,Matt Doherty,DEF,Wolves,20,1,1,2026-02-18T20:00:00Z,0,0,0,0,0,0,0,0,0.0,0.0,0.0,0.0,0.0,0.0,0.0,0.0,0,44
2025-26,26,257,633,Hugo Bueno López,DEF,Wolves,20,16,0,2026-02-11T19:30:00Z,59,1,0,0,0,0,0,10,6.6,1.3,8.0,1.6,0.0,0.04,0.04,1.5,1,43
2025-26,26,310,633,Hugo Bueno López,DEF,Wolves,20,1,1,2026-02-18T20:00:00Z,90,7,1,0,0,2,0,27,50.0,10.2,7.0,6.7,0.04,0.03,0.07,1.86,1,43
2025-26,26,257,634,Yerson Mosquera Valdelamar,DEF,Wolves,20,16,0,2026-02-11T19:30:00Z,90,6,0,0,1,0,0,24,14.6,0.4,0.0,1.5,0.0,0.0,0.0,2.55,1,43
2025-26,26,310,634,Yerson Mosquera Valdelamar,DEF,Wolves,20,1,1,2026-02-18T20:00:00Z,90,3,0,0,0,2,0,11,21.2,1.8,2.0,2.5,0.0,0.03,0.03,1.86,1,43
2025-26,26,257,635,Rodrigo Martins Gomes,DEF,Wolves,20,16,0,2026-02-11T19:30:00Z,59,1,0,0,0,0,0,9,13.8,0.7,4.0,1.9,0.0,0.0,0.0,1.5,1,44
2025-26,26,310,635,Rodrigo Martins Gomes,DEF,Wolves,20,1,1,2026-02-18T20:00:00Z,20,1,0,0,0,0,0,5,9.0,0.3,2.0,1.1,0.0,0.0,0.0,0.21,0,44
2025-26,26,257,636,Santiago Ignacio Bueno,DEF,Wolves,20,16,0,2026-02-11T19:30:00Z,90,6,0,0,1,0,0,21,19.0,14.4,0.0,3.3,0.0,0.14,0.14,2.55,1,44
2025-26,26,310,636,Santiago Ignacio Bueno,DEF,Wolves,20,1,1,2026-02-18T20:00:00Z,90,3,0,1,0,2,0,15,27.6,21.2,4.0,5.3,0.0,0.03,0.03,1.86,1,44
2025-26,26,257,637,Toti Gomes,DEF,Wolves,20,16,0,2026-02-11T19:30:00Z,0,0,0,0,0,0,0,0,0.0,0.0,0.0,0.0,0.0,0.0,0.0,0.0,0,42
2025-26,26,310,637,Toti Gomes,DEF,Wolves,20,1,1,2026-02-18T20:00:00Z,0,0,0,0,0,0,0,0,0.0,0.0,0.0,0.0,0.0,0.0,0.0,0.0,0,42
2025-26,26,257,638,Ki-Jana Hoever,DEF,Wolves,20,16,0,2026-02-11T19:30:00Z,0,0,0,0,0,0,0,0,0.0,0.0,0.0,0.0,0.0,0.0,0.0,0.0,0,38
2025-26,26,310,638,Ki-Jana Hoever,DEF,Wolves,20,1,1,2026-02-18T20:00:00Z,0,0,0,0,0,0,0,0,0.0,0.0,0.0,0.0,0.0,0.0,0.0,0.0,0,38
2025-26,26,257,639,Bastien Meupiyou Menadjou,DEF,Wolves,20,16,0,2026-02-11T19:30:00Z,0,0,0,0,0,0,0,0,0.0,0.0,0.0,0.0,0.0,0.0,0.0,0.0,0,40
2025-26,26,310,639,Bastien Meupiyou Menadjou,DEF,Wolves,20,1,1,2026-02-18T20:00:00Z,0,0,0,0,0,0,0,0,0.0,0.0,0.0,0.0,0.0,0.0,0.0,0.0,0,40
2025-26,26,257,640,Pedro Cardoso de Lima,DEF,Wolves,20,16,0,2026-02-11T19:30:00Z,0,0,0,0,0,0,0,0,0.0,0.0,0.0,0.0,0.0,0.0,0.0,0.0,0,40
2025-26,26,310,640,Pedro Cardoso de Lima,DEF,Wolves,20,1,1,2026-02-18T20:00:00Z,0,0,0,0,0,0,0,0,0.0,0.0,0.0,0.0,0.0,0.0,0.0,0.0,0,40
2025-26,26,257,641,Alfie Pond,DEF,Wolves,20,16,0,2026-02-11T19:30:00Z,0,0,0,0,0,0,0,0,0.0,0.0,0.0,0.0,0.0,0.0,0.0,0.0,0,39
2025-26,26,310,641,Alfie Pond,DEF,Wolves,20,1,1,2026-02-18T20:00:00Z,0,0,0,0,0,0,0,0,0.0,0.0,0.0,0.0,0.0,0.0,0.0,0.0,0,39
2025-26,26,257,642,Hwang Hee-chan,MID,Wolves,20,16,0,2026-02-11T19:30:00Z,0,0,0,0,0,0,0,0,0.0,0.0,0.0,0.0,0.0,0.0,0.0,0.0,0,56
2025-26,26,310,642,Hwang Hee-chan,MID,Wolves,20,1,1,2026-02-18T20:00:00Z,0,0,0,0,0,0,0,0,0.0,0.0,0.0,0.0,0.0,0.0,0.0,0.0,0,56
2025-26,26,257,643,André Trindade da Costa Neto,MID,Wolves,20,16,0,2026-02-11T19:30:00Z,0,0,0,0,0,0,0,0,0.0,0.0,0.0,0.0,0.0,0.0,0.0,0.0,0,53
2025-26,26,310,643,André Trindade da Costa Neto,MID,Wolves,20,1,1,2026-02-18T20:00:00Z,90,2,0,0,0,2,0,8,5.0,1.4,3.0,0.9,0.04,0.01,0.05,1.86,1,53
2025-26,26,257,644,Jean-Ricner Bellegarde,MID,Wolves,20,16,0,2026-02-11T19:30:00Z,12,0,0,0,0,0,0,-3,0.0,0.0,4.0,0.1,0.07,0.0,0.07,0.18,0,51
2025-26,26,310,644,Jean-Ricner Bellegarde,MID,Wolves,20,1,1,2026-02-18T20:00:00Z,83,1,0,0,0,2,0,8,6.0,12.7,0.0,1.9,0.0,0.01,0.01,1.66,1,51
2025-26,26,257,645,Fer López González,MID,Wolves,20,16,0,2026-02-11T19:30:00Z,0,0,0,0,0,0,0,0,0.0,0.0,0.0,0.0,0.0,0.0,0.0,0.0,0,51
2025-26,26,310,645,Fer López González,MID,Wolves,20,1,1,2026-02-18T20:00:00Z,0,0,0,0,0,0,0,0,0.0,0.0,0.0,0.0,0.0,0.0,0.0,0.0,0,51
2025-26,26,257,646,João Victor Gomes da Silva,MID,Wolves,20,16,0,2026-02-11T19:30:00Z,90,5,0,0,1,0,0,19,18.4,2.2,0.0,2.1,0.0,0.01,0.01,2.55,1,53
2025-26,26,310,646,João Victor Gomes da Silva,MID,Wolves,20,1,1,2026-02-18T20:00:00Z,0,0,0,0,0,0,0,0,0.0,0.0,0.0,0.0,0.0,0.0,0.0,0.0,0,53
2025-26,26,257,647,Gonçalo Manuel Ganchinho Guedes,MID,Wolves,20,16,0,2026-02-11T19:30:00Z,0,0,0,0,0,0,0,0,0.0,0.0,0.0,0.0,0.0,0.0,0.0,0.0,0,55
2025-26,26,310,647,Gonçalo Manuel Ganchinho Guedes,MID,Wolves,20,1,1,2026-02-18T20:00:00Z,0,0,0,0,0,0,0,0,0.0,0.0,0.0,0.0,0.0,0.0,0.0,0.0,0,55
2025-26,26,257,648,Marshall Munetsi,MID,Wolves,20,16,0,2026-02-11T19:30:00Z,0,0,0,0,0,0,0,0,0.0,0.0,0.0,0.0,0.0,0.0,0.0,0.0,0,53
2025-26,26,310,648,Marshall Munetsi,MID,Wolves,20,1,1,2026-02-18T20:00:00Z,0,0,0,0,0,0,0,0,0.0,0.0,0.0,0.0,0.0,0.0,0.0,0.0,0,53
2025-26,26,257,649,Boubacar Traoré,MID,Wolves,20,16,0,2026-02-11T19:30:00Z,0,0,0,0,0,0,0,0,0.0,0.0,0.0,0.0,0.0,0.0,0.0,0.0,0,50
2025-26,26,310,649,Boubacar Traoré,MID,Wolves,20,1,1,2026-02-18T20:00:00Z,0,0,0,0,0,0,0,0,0.0,0.0,0.0,0.0,0.0,0.0,0.0,0.0,0,50
2025-26,26,257,650,Tawanda Chirewa,MID,Wolves,20,16,0,2026-02-11T19:30:00Z,0,0,0,0,0,0,0,0,0.0,0.0,0.0,0.0,0.0,0.0,0.0,0.0,0,43
2025-26,26,310,650,Tawanda Chirewa,MID,Wolves,20,1,1,2026-02-18T20:00:00Z,0,0,0,0,0,0,0,0,0.0,0.0,0.0,0.0,0.0,0.0,0.0,0.0,0,43
2025-26,26,257,651,Tom Edozie,MID,Wolves,20,16,0,2026-02-11T19:30:00Z,0,0,0,0,0,0,0,0,0.0,0.0,0.0,0.0,0.0,0.0,0.0,0.0,0,43
2025-26,26,310,651,Tom Edozie,MID,Wolves,20,1,1,2026-02-18T20:00:00Z,6,6,1,0,0,0,0,22,34.4,0.1,17.0,5.2,0.17,0.0,0.17,0.2,0,43
2025-26,26,257,652,Enso González Medina,MID,Wolves,20,16,0,2026-02-11T19:30:00Z,0,0,0,0,0,0,0,0,0.0,0.0,0.0,0.0,0.0,0.0,0.0,0.0,0,43
2025-26,26,310,652,Enso González Medina,MID,Wolves,20,1,1,2026-02-18T20:00:00Z,0,0,0,0,0,0,0,0,0.0,0.0,0.0,0.0,0.0,0.0,0.0,0.0,0,43
2025-26,26,257,653,Joe Hodge,MID,Wolves,20,16,0,2026-02-11T19:30:00Z,0,0,0,0,0,0,0,0,0.0,0.0,0.0,0.0,0.0,0.0,0.0,0.0,0,45
2025-26,26,310,653,Joe Hodge,MID,Wolves,20,1,1,2026-02-18T20:00:00Z,0,0,0,0,0,0,0,0,0.0,0.0,0.0,0.0,0.0,0.0,0.0,0.0,0,45
2025-26,26,254,654,Jørgen Strand Larsen,FWD,Crystal Palace,8,3,1,2026-02-11T19:40:00Z,90,13,2,0,0,3,3,57,66.2,7.8,41.0,11.5,0.34,0.03,0.37,0.53,1,61
2025-26,26,257,655,Fábio Soares Silva,FWD,Wolves,20,16,0,2026-02-11T19:30:00Z,0,0,0,0,0,0,0,0,0.0,0.0,0.0,0.0,0.0,0.0,0.0,0.0,0,49
2025-26,26,310,655,Fábio Soares Silva,FWD,Wolves,20,1,1,2026-02-18T20:00:00Z,0,0,0,0,0,0,0,0,0.0,0.0,0.0,0.0,0.0,0.0,0.0,0.0,0,49
2025-26,26,257,656,Saša Kalajdžić,FWD,Wolves,20,16,0,2026-02-11T19:30:00Z,0,0,0,0,0,0,0,0,0.0,0.0,0.0,0.0,0.0,0.0,0.0,0.0,0,49
2025-26,26,310,656,Saša Kalajdžić,FWD,Wolves,20,1,1,2026-02-18T20:00:00Z,0,0,0,0,0,0,0,0,0.0,0.0,0.0,0.0,0.0,0.0,0.0,0.0,0,49
2025-26,26,257,657,Leon Chiwome,FWD,Wolves,20,16,0,2026-02-11T19:30:00Z,0,0,0,0,0,0,0,0,0.0,0.0,0.0,0.0,0.0,0.0,0.0,0.0,0,44
2025-26,26,310,657,Leon Chiwome,FWD,Wolves,20,1,1,2026-02-18T20:00:00Z,0,0,0,0,0,0,0,0,0.0,0.0,0.0,0.0,0.0,0.0,0.0,0.0,0,44
2025-26,26,257,658,Nathan Fraser,FWD,Wolves,20,16,0,2026-02-11T19:30:00Z,0,0,0,0,0,0,0,0,0.0,0.0,0.0,0.0,0.0,0.0,0.0,0.0,0,42
2025-26,26,310,658,Nathan Fraser,FWD,Wolves,20,1,1,2026-02-18T20:00:00Z,0,0,0,0,0,0,0,0,0.0,0.0,0.0,0.0,0.0,0.0,0.0,0.0,0,42
2025-26,26,260,659,Kyle Walker-Peters,DEF,West Ham,19,14,1,2026-02-10T20:15:00Z,1,1,0,0,0,1,0,-1,0.0,0.3,0.0,0.0,0.0,0.0,0.0,0.18,0,42
2025-26,26,253,660,Anton Stach,MID,Leeds,11,7,0,2026-02-10T19:30:00Z,0,0,0,0,0,0,0,0,0.0,0.0,0.0,0.0,0.0,0.0,0.0,0.0,0,48
2025-26,26,258,661,Hugo Ekitiké,FWD,Liverpool,12,17,0,2026-02-11T20:15:00Z,87,2,0,0,1,0,0,-2,1.0,16.9,17.0,3.5,0.42,0.13,0.55,0.57,1,89
2025-26,26,252,662,Cristhian Mosquera,DEF,Arsenal,1,5,0,2026-02-12T20:00:00Z,90,4,0,0,0,1,0,13,29.4,2.8,0.0,3.2,0.0,0.01,0.01,1.51,1,53
2025-26,26,310,662,Cristhian Mosquera,DEF,Arsenal,1,20,0,2026-02-18T20:00:00Z,0,0,0,0,0,0,0,0,0.0,0.0,0.0,0.0,0.0,0.0,0.0,0.0,0,53
2025-26,26,257,663,Jhon Arias,MID,Wolves,20,16,0,2026-02-11T19:30:00Z,0,0,0,0,0,0,0,0,0.0,0.0,0.0,0.0,0.0,0.0,0.0,0.0,0,49
2025-26,26,310,663,Jhon Arias,MID,Wolves,20,1,1,2026-02-18T20:00:00Z,0,0,0,0,0,0,0,0,0.0,0.0,0.0,0.0,0.0,0.0,0.0,0.0,0,49
2025-26,26,256,664,Benjamin Lecomte,GK,Fulham,10,13,0,2026-02-11T19:30:00Z,0,0,0,0,0,0,0,0,0.0,0.0,0.0,0.0,0.0,0.0,0.0,0.0,0,39
2025-26,26,253,665,Lucas Estella Perri,GK,Leeds,11,7,0,2026-02-10T19:30:00Z,0,0,0,0,0,0,0,0,0.0,0.0,0.0,0.0,0.0,0.0,0.0,0.0,0,45
2025-26,26,252,666,Viktor Gyökeres,FWD,Arsenal,1,5,0,2026-02-12T20:00:00Z,90,1,0,0,0,1,0,2,2.2,15.3,6.0,2.4,0.0,0.41,0.41,1.51,1,88
2025-26,26,310,666,Viktor Gyökeres,FWD,Arsenal,1,20,0,2026-02-18T20:00:00Z,64,2,0,0,0,1,0,7,2.4,10.7,2.0,1.5,0.0,0.01,0.01,0.12,1,88
2025-26,26,255,667,Adam Aznou,DEF,Everton,9,4,1,2026-02-10T19:30:00Z,0,0,0,0,0,0,0,0,0.0,0.0,0.0,0.0,0.0,0.0,0.0,0.0,0,42
2025-26,26,258,668,Granit Xhaka,MID,Sunderland,17,12,1,2026-02-11T20:15:00Z,0,0,0,0,0,0,0,0,0.0,0.0,0.0,0.0,0.0,0.0,0.0,0.0,0,51
2025-26,26,257,669,Dan Ndoye,MID,Nott'm Forest,16,20,1,2026-02-11T19:30:00Z,25,1,0,0,0,0,0,5,5.0,21.8,23.0,5.0,0.13,0.02,0.15,0.22,0,55
2025-26,26,258,670,Robin Roefs,GK,Sunderland,17,12,1,2026-02-11T20:15:00Z,90,2,0,0,0,1,0,14,19.4,0.0,0.0,1.9,0.0,0.0,0.0,2.53,1,50
2025-26,26,260,671,Callum Wilson,FWD,West Ham,19,14,1,2026-02-10T20:15:00Z,21,1,0,0,0,1,0,1,3.2,1.0,12.0,1.6,0.4,0.01,0.41,0.34,0,58
2025-26,26,253,672,Jorrel Hato,DEF,Chelsea,7,11,1,2026-02-10T19:30:00Z,45,0,0,0,0,2,0,-1,10.8,20.8,2.0,3.4,0.0,0.21,0.21,1.43,0,46
2025-26,26,259,673,João Maria Lobo Alves Palhares Costa Palhinha Gonçalves,MID,Spurs,18,15,1,2026-02-10T19:30:00Z,45,1,0,0,0,1,0,9,23.8,13.0,6.0,4.3,0.0,0.05,0.05,0.67,0,55
2025-26,26,259,674,Aaron Ramsdale,GK,Newcastle,15,18,0,2026-02-10T19:30:00Z,0,0,0,0,0,0,0,0,0.0,0.0,0.0,0.0,0.0,0.0,0.0,0.0,0,48
2025-26,26,257,675,Angus Gunn,GK,Nott'm Forest,16,20,1,2026-02-11T19:30:00Z,0,0,0,0,0,0,0,0,0.0,0.0,0.0,0.0,0.0,0.0,0.0,0.0,0,40
2025-26,26,254,676,Lesley Ugochukwu,MID,Burnley,3,8,0,2026-02-11T19:40:00Z,86,7,0,1,0,2,0,20,34.4,11.6,2.0,4.8,0.0,0.0,0.0,1.49,1,50
2025-26,26,254,677,Evann Guessand,MID,Crystal Palace,8,3,1,2026-02-11T19:40:00Z,57,1,0,0,0,3,0,0,0.0,2.4,8.0,1.0,0.08,0.02,0.1,0.37,1,62
2025-26,26,258,678,Arthur Masuaku,DEF,Sunderland,17,12,1,2026-02-11T20:15:00Z,0,0,0,0,0,0,0,0,0.0,0.0,0.0,0.0,0.0,0.0,0.0,0.0,0,39
2025-26,26,260,679,Mads Hermansen,GK,West Ham,19,14,1,2026-02-10T20:15:00Z,90,2,0,0,0,1,0,7,12.4,0.0,0.0,1.2,0.0,0.0,0.0,0.57,1,42
2025-26,26,254,680,Armando Broja,FWD,Burnley,3,8,0,2026-02-11T19:40:00Z,0,0,0,0,0,0,0,0,0.0,0.0,0.0,0.0,0.0,0.0,0.0,0.0,0,52
2025-26,26,260,681,Benjamin Sesko,FWD,Man Utd,14,19,0,2026-02-10T20:15:00Z,21,8,1,0,0,0,3,29,35.0,0.0,28.0,6.3,0.12,0.0,0.12,0.56,0,72
2025-26,26,257,682,David Møller Wolfe,DEF,Wolves,20,16,0,2026-02-11T19:30:00Z,30,1,0,0,0,0,0,5,4.6,0.1,0.0,0.5,0.0,0.0,0.0,1.05,0,42
2025-26,26,310,682,David Møller Wolfe,DEF,Wolves,20,1,1,2026-02-18T20:00:00Z,0,0,0,0,0,0,0,0,0.0,0.0,0.0,0.0,0.0,0.0,0.0,0.0,0,42
2025-26,26,258,683,Omar Alderete,DEF,Sunderland,17,12,1,2026-02-11T20:15:00Z,79,2,0,0,0,1,0,7,18.0,10.7,4.0,3.3,0.0,0.01,0.01,2.38,1,41
2025-26,26,259,684,Malick Thiaw,DEF,Newcastle,15,18,0,2026-02-10T19:30:00Z,90,11,1,0,0,1,1,31,64.6,11.8,64.0,14.0,0.49,0.19,0.68,1.85,1,51
2025-26,26,255,685,Bafodé Diakité,DEF,Bournemouth,4,9,0,2026-02-10T19:30:00Z,0,0,0,0,0,0,0,0,0.0,0.0,0.0,0.0,0.0,0.0,0.0,0.0,0,42
2025-26,26,258,686,Rio Ngumoha,MID,Liverpool,12,17,0,2026-02-11T20:15:00Z,0,0,0,0,0,0,0,0,0.0,0.0,0.0,0.0,0.0,0.0,0.0,0.0,0,43
2025-26,26,255,687,Remy Rees-Dottin,MID,Bournemouth,4,9,0,2026-02-10T19:30:00Z,0,0,0,0,0,0,0,0,0.0,0.0,0.0,0.0,0.0,0.0,0.0,0.0,0,43
2025-26,26,251,688,James Wright,GK,Aston Villa,2,6,1,2026-02-11T19:30:00Z,0,0,0,0,0,0,0,0,0.0,0.0,0.0,0.0,0.0,0.0,0.0,0.0,0,39
2025-26,26,259,689,Seung-Soo Park,MID,Newcastle,15,18,0,2026-02-10T19:30:00Z,0,0,0,0,0,0,0,0,0.0,0.0,0.0,0.0,0.0,0.0,0.0,0.0,0,43
2025-26,26,254,690,Rio Cardines,MID,Crystal Palace,8,3,1,2026-02-11T19:40:00Z,0,0,0,0,0,0,0,0,0.0,0.0,0.0,0.0,0.0,0.0,0.0,0.0,0,44
2025-26,26,253,691,Dominic Calvert-Lewin,FWD,Leeds,11,7,0,2026-02-10T19:30:00Z,0,0,0,0,0,0,0,0,0.0,0.0,0.0,0.0,0.0,0.0,0.0,0.0,0,59
2025-26,26,258,692,Giovanni Leoni,DEF,Liverpool,12,17,0,2026-02-11T20:15:00Z,0,0,0,0,0,0,0,0,0.0,0.0,0.0,0.0,0.0,0.0,0.0,0.0,0,49
2025-26,26,257,693,Omari Hutchinson,MID,Nott'm Forest,16,20,1,2026-02-11T19:30:00Z,90,3,0,0,1,0,0,12,21.0,61.7,13.0,9.6,0.09,0.25,0.34,0.42,1,54
2025-26,26,258,694,Nordi Mukiele,DEF,Sunderland,17,12,1,2026-02-11T20:15:00Z,90,2,0,0,0,1,0,16,21.4,26.5,19.0,6.7,0.11,0.13,0.24,2.53,1,46
2025-26,26,257,695,Jackson Tchatchoua,DEF,Wolves,20,16,0,2026-02-11T19:30:00Z,30,0,0,0,0,0,0,1,5.2,0.0,0.0,0.5,0.0,0.0,0.0,1.05,0,44
2025-26,26,310,695,Jackson Tchatchoua,DEF,Wolves,20,1,1,2026-02-18T20:00:00Z,69,1,0,0,0,2,0,-2,9.2,15.4,2.0,2.7,0.0,0.02,0.02,1.64,1,44
2025-26,26,257,696,Arnaud Kalimuendo,FWD,Nott'm Forest,16,20,1,2026-02-11T19:30:00Z,0,0,0,0,0,0,0,0,0.0,0.0,0.0,0.0,0.0,0.0,0.0,0.0,0,60
2025-26,26,255,697,Amine Adli,MID,Bournemouth,4,9,0,2026-02-10T19:30:00Z,79,10,1,0,0,1,3,36,41.6,6.1,40.0,8.8,0.75,0.02,0.77,2.13,1,54
2025-26,26,253,698,Noah Okafor,MID,Leeds,11,7,0,2026-02-10T19:30:00Z,35,6,1,0,0,1,0,21,34.2,0.3,19.0,5.4,0.61,0.0,0.61,2.53,0,55
2025-26,26,251,699,Douglas Luiz Soares de Paulo,MID,Aston Villa,2,6,1,2026-02-11T19:30:00Z,83,3,0,0,1,0,0,19,10.4,30.0,0.0,4.0,0.0,0.07,0.07,0.5,1,49
2025-26,26,252,700,Max Dowman,MID,Arsenal,1,5,0,2026-02-12T20:00:00Z,0,0,0,0,0,0,0,0,0.0,0.0,0.0,0.0,0.0,0.0,0.0,0.0,0,42
2025-26,26,310,700,Max Dowman,MID,Arsenal,1,20,0,2026-02-18T20:00:00Z,0,0,0,0,0,0,0,0,0.0,0.0,0.0,0.0,0.0,0.0,0.0,0.0,0,42
2025-26,26,251,701,Triston Rowe,DEF,Aston Villa,2,6,1,2026-02-11T19:30:00Z,0,0,0,0,0,0,0,0,0.0,0.0,0.0,0.0,0.0,0.0,0.0,0.0,0,40
2025-26,26,251,702,Bradley Burrowes,MID,Aston Villa,2,6,1,2026-02-11T19:30:00Z,0,0,0,0,0,0,0,0,0.0,0.0,0.0,0.0,0.0,0.0,0.0,0.0,0,44
2025-26,26,251,703,Sam Proctor,GK,Aston Villa,2,6,1,2026-02-11T19:30:00Z,0,0,0,0,0,0,0,0,0.0,0.0,0.0,0.0,0.0,0.0,0.0,0.0,0,39
2025-26,26,255,704,Tyler Onyango,MID,Everton,9,4,1,2026-02-10T19:30:00Z,0,0,0,0,0,0,0,0,0.0,0.0,0.0,0.0,0.0,0.0,0.0,0.0,0,45
2025-26,26,255,705,Elijah Campbell,DEF,Everton,9,4,1,2026-02-10T19:30:00Z,0,0,0,0,0,0,0,0,0.0,0.0,0.0,0.0,0.0,0.0,0.0,0.0,0,39
2025-26,26,253,706,James Justin,DEF,Leeds,11,7,0,2026-02-10T19:30:00Z,90,0,0,0,0,2,0,3,19.8,1.8,2.0,2.4,0.01,0.01,0.02,3.13,1,39
2025-26,26,255,707,Tyler Dibling,MID,Everton,9,4,1,2026-02-10T19:30:00Z,0,0,0,0,0,0,0,0,0.0,0.0,0.0,0.0,0.0,0.0,0.0,0.0,0,53
2025-26,26,260,708,Mateus Gonçalo Espanha Fernandes,MID,West Ham,19,14,1,2026-02-10T20:15:00Z,90,3,0,0,0,1,0,16,13.0,3.2,0.0,1.6,0.0,0.02,0.02,0.57,1,55
2025-26,26,257,709,Ladislav Krejcí,DEF,Wolves,20,16,0,2026-02-11T19:30:00Z,90,8,0,0,1,0,0,25,24.4,0.3,2.0,2.7,0.0,0.0,0.0,2.55,1,45
2025-26,26,310,709,Ladislav Krejcí,DEF,Wolves,20,1,1,2026-02-18T20:00:00Z,90,1,0,0,0,2,0,5,14.6,1.2,6.0,2.2,0.0,0.07,0.07,1.86,1,45
2025-26,26,251,710,Travis Patterson,DEF,Aston Villa,2,6,1,2026-02-11T19:30:00Z,0,0,0,0,0,0,0,0,0.0,0.0,0.0,0.0,0.0,0.0,0.0,0.0,0,39
2025-26,26,252,711,Andre Harriman-Annous,MID,Arsenal,1,5,0,2026-02-12T20:00:00Z,0,0,0,0,0,0,0,0,0.0,0.0,0.0,0.0,0.0,0.0,0.0,0.0,0,44
2025-26,26,310,711,Andre Harriman-Annous,MID,Arsenal,1,20,0,2026-02-18T20:00:00Z,0,0,0,0,0,0,0,0,0.0,0.0,0.0,0.0,0.0,0.0,0.0,0.0,0,44
2025-26,26,254,712,Yéremy Pino Santos,MID,Crystal Palace,8,3,1,2026-02-11T19:40:00Z,18,1,0,0,0,0,0,6,6.0,32.9,0.0,3.9,0.0,0.04,0.04,0.12,0,58
2025-26,26,255,713,Álex Jiménez Sánchez,DEF,Bournemouth,4,9,0,2026-02-10T19:30:00Z,90,1,0,0,0,1,0,12,23.4,18.3,4.0,4.6,0.0,0.06,0.06,2.94,1,45
2025-26,26,259,714,Nick Woltemade,FWD,Newcastle,15,18,0,2026-02-10T19:30:00Z,2,1,0,0,0,0,0,5,2.0,0.0,0.0,0.2,0.0,0.0,0.0,0.32,0,69
2025-26,26,257,715,John Victor Maciel Furtado,GK,Nott'm Forest,16,20,1,2026-02-11T19:30:00Z,0,0,0,0,0,0,0,0,0.0,0.0,0.0,0.0,0.0,0.0,0.0,0.0,0,40
2025-26,26,257,716,Nicolò Savona,DEF,Nott'm Forest,16,20,1,2026-02-11T19:30:00Z,0,0,0,0,0,0,0,0,0.0,0.0,0.0,0.0,0.0,0.0,0.0,0.0,0,45
2025-26,26,259,717,Xavi Simons,MID,Spurs,18,15,1,2026-02-10T19:30:00Z,90,1,0,0,0,2,0,19,19.0,74.2,12.0,10.5,0.16,0.27,0.43,2.48,1,65
2025-26,26,260,718,Soungoutou Magassa,MID,West Ham,19,14,1,2026-02-10T20:15:00Z,11,1,0,0,0,1,0,5,7.4,10.4,0.0,1.8,0.0,0.02,0.02,0.24,0,50
2025-26,26,251,719,Victor Lindelöf,DEF,Aston Villa,2,6,1,2026-02-11T19:30:00Z,6,1,0,0,0,0,0,3,0.0,0.3,0.0,0.0,0.0,0.0,0.0,0.0,0,45
2025-26,26,257,720,Tolu Arokodare,FWD,Wolves,20,16,0,2026-02-11T19:30:00Z,90,2,0,0,1,0,0,7,10.4,15.3,4.0,3.0,0.12,0.01,0.13,2.55,1,54
2025-26,26,310,720,Tolu Arokodare,FWD,Wolves,20,1,1,2026-02-18T20:00:00Z,68,2,0,0,0,1,0,5,0.4,1.3,4.0,0.6,0.02,0.0,0.02,0.69,0,54
2025-26,26,255,721,Veljko Milosavljevic,DEF,Bournemouth,4,9,0,2026-02-10T19:30:00Z,0,0,0,0,0,0,0,0,0.0,0.0,0.0,0.0,0.0,0.0,0.0,0.0,0,44
2025-26,26,254,722,Florentino Ibrain Morris Luís,MID,Burnley,3,8,0,2026-02-11T19:40:00Z,3,1,0,0,0,0,0,5,9.2,0.1,0.0,0.9,0.0,0.0,0.0,0.31,0,50
2025-26,26,254,723,Jaydee Canvot,DEF,Crystal Palace,8,3,1,2026-02-11T19:40:00Z,0,0,0,0,0,0,0,0,0.0,0.0,0.0,0.0,0.0,0.0,0.0,0.0,0,45
2025-26,26,258,724,Lutsharel Geertruida,DEF,Sunderland,17,12,1,2026-02-11T20:15:00Z,10,1,0,0,0,0,0,9,9.6,14.4,0.0,2.4,0.0,0.08,0.08,0.15,0,45
2025-26,26,252,725,Piero Hincapié,DEF,Arsenal,1,5,0,2026-02-12T20:00:00Z,80,7,0,1,0,1,2,27,35.4,18.3,6.0,6.0,0.0,0.15,0.15,1.18,1,51
2025-26,26,310,725,Piero Hincapié,DEF,Arsenal,1,20,0,2026-02-18T20:00:00Z,90,8,1,0,0,2,1,29,61.0,38.4,21.0,12.0,0.31,0.17,0.48,0.29,1,51
2025-26,26,259,726,Randal Kolo Muani,FWD,Spurs,18,15,1,2026-02-10T19:30:00Z,20,1,0,0,0,0,0,5,7.8,15.4,2.0,2.5,0.0,0.16,0.16,0.02,0,69
2025-26,26,256,727,Samuel Chukwueze,MID,Fulham,10,13,0,2026-02-11T19:30:00Z,59,1,0,0,0,3,0,4,3.2,27.3,3.0,3.4,0.04,0.11,0.15,1.37,1,53
2025-26,26,255,728,Merlin Röhl,MID,Everton,9,4,1,2026-02-10T19:30:00Z,0,0,0,0,0,0,0,0,0.0,0.0,0.0,0.0,0.0,0.0,0.0,0.0,0,50
2025-26,26,257,729,Luis Eduardo Soares da Silva,DEF,Nott'm Forest,16,20,1,2026-02-11T19:30:00Z,0,0,0,0,0,0,0,0,0.0,0.0,0.0,0.0,0.0,0.0,0.0,0.0,0,45
2025-26,26,258,730,Brian Brobbey,FWD,Sunderland,17,12,1,2026-02-11T20:15:00Z,90,2,0,0,0,1,0,3,8.2,1.0,15.0,2.4,0.1,0.08,0.18,2.53,1,55
2025-26,26,256,731,Kevin Santos Lopes de Macedo,MID,Fulham,10,13,0,2026-02-11T19:30:00Z,30,1,0,0,0,0,0,4,6.0,25.4,5.0,3.6,0.03,0.07,0.1,0.0,0,58
2025-26,26,254,732,Christantus Uche,FWD,Crystal Palace,8,3,1,2026-02-11T19:40:00Z,7,1,0,0,0,0,0,1,0.0,0.6,2.0,0.2,0.0,0.0,0.0,0.12,0,55
2025-26,26,260,733,Senne Lammens,GK,Man Utd,14,19,0,2026-02-10T20:15:00Z,90,2,0,0,0,1,0,7,11.8,0.0,0.0,1.2,0.0,0.0,0.0,1.11,1,50
2025-26,26,257,734,Dilane Bakwa,MID,Nott'm Forest,16,20,1,2026-02-11T19:30:00Z,0,0,0,0,0,0,0,0,0.0,0.0,0.0,0.0,0.0,0.0,0.0,0.0,0,59
2025-26,26,258,735,Bertrand Traoré,MID,Sunderland,17,12,1,2026-02-11T20:15:00Z,0,0,0,0,0,0,0,0,0.0,0.0,0.0,0.0,0.0,0.0,0.0,0.0,0,55
2025-26,26,256,736,Gianluigi Donnarumma,GK,Man City,13,10,1,2026-02-11T19:30:00Z,90,7,0,0,1,0,0,28,26.6,0.0,0.0,2.7,0.0,0.0,0.0,1.42,1,56
2025-26,26,256,737,Jonah Kusi-Asare,FWD,Fulham,10,13,0,2026-02-11T19:30:00Z,0,0,0,0,0,0,0,0,0.0,0.0,0.0,0.0,0.0,0.0,0.0,0.0,0,45
2025-26,26,260,738,Lukasz Fabianski,GK,West Ham,19,14,1,2026-02-10T20:15:00Z,0,0,0,0,0,0,0,0,0.0,0.0,0.0,0.0,0.0,0.0,0.0,0.0,0,45
2025-26,26,256,739,Divine Mukasa,MID,Man City,13,10,1,2026-02-11T19:30:00Z,0,0,0,0,0,0,0,0,0.0,0.0,0.0,0.0,0.0,0.0,0.0,0.0,0,44
2025-26,26,256,740,Stephen Mfuni,DEF,Man City,13,10,1,2026-02-11T19:30:00Z,0,0,0,0,0,0,0,0,0.0,0.0,0.0,0.0,0.0,0.0,0.0,0.0,0,39
2025-26,26,253,741,Harry Gray,FWD,Leeds,11,7,0,2026-02-10T19:30:00Z,0,0,0,0,0,0,0,0,0.0,0.0,0.0,0.0,0.0,0.0,0.0,0.0,0,45
2025-26,26,256,742,Ryan McAidoo,MID,Man City,13,10,1,2026-02-11T19:30:00Z,0,0,0,0,0,0,0,0,0.0,0.0,0.0,0.0,0.0,0.0,0.0,0.0,0,45
2025-26,26,253,743,Landon Emenalo,MID,Chelsea,7,11,1,2026-02-10T19:30:00Z,0,0,0,0,0,0,0,0,0.0,0.0,0.0,0.0,0.0,0.0,0.0,0.0,0,45
2025-26,26,251,744,Nehemiah Oriola,MID,Brighton,6,2,0,2026-02-11T19:30:00Z,0,0,0,0,0,0,0,0,0.0,0.0,0.0,0.0,0.0,0.0,0.0,0.0,0,45
2025-26,26,259,745,Jun'ai Byfield,DEF,Spurs,18,15,1,2026-02-10T19:30:00Z,0,0,0,0,0,0,0,0,0.0,0.0,0.0,0.0,0.0,0.0,0.0,0.0,0,40
2025-26,26,258,746,Kieran Morrison,MID,Liverpool,12,17,0,2026-02-11T20:15:00Z,0,0,0,0,0,0,0,0,0.0,0.0,0.0,0.0,0.0,0.0,0.0,0.0,0,45
2025-26,26,260,747,Ezra Mayers,DEF,West Ham,19,14,1,2026-02-10T20:15:00Z,0,0,0,0,0,0,0,0,0.0,0.0,0.0,0.0,0.0,0.0,0.0,0.0,0,40
2025-26,26,252,748,Josh Dasilva,MID,Brentford,5,1,1,2026-02-12T20:00:00Z,0,0,0,0,0,0,0,0,0.0,0.0,0.0,0.0,0.0,0.0,0.0,0.0,0,49
2025-26,26,257,749,Mateus Mané,FWD,Wolves,20,16,0,2026-02-11T19:30:00Z,90,2,0,0,1,0,0,13,22.2,5.4,35.0,6.3,0.19,0.01,0.2,2.55,1,46
2025-26,26,310,749,Mateus Mané,FWD,Wolves,20,1,1,2026-02-18T20:00:00Z,90,2,0,0,0,2,0,6,4.6,2.8,2.0,0.9,0.0,0.03,0.03,1.86,1,46
2025-26,26,259,750,James Rowswell,DEF,Spurs,18,15,1,2026-02-10T19:30:00Z,0,0,0,0,0,0,0,0,0.0,0.0,0.0,0.0,0.0,0.0,0.0,0.0,0,40
2025-26,26,259,751,Yusuf Akhamrich,MID,Spurs,18,15,1,2026-02-10T19:30:00Z,0,0,0,0,0,0,0,0,0.0,0.0,0.0,0.0,0.0,0.0,0.0,0.0,0,45
2025-26,26,260,752,Airidas Golambeckis,DEF,West Ham,19,14,1,2026-02-10T20:15:00Z,0,0,0,0,0,0,0,0,0.0,0.0,0.0,0.0,0.0,0.0,0.0,0.0,0,40
2025-26,26,259,753,John Ruddy,GK,Newcastle,15,18,0,2026-02-10T19:30:00Z,0,0,0,0,0,0,0,0,0.0,0.0,0.0,0.0,0.0,0.0,0.0,0.0,0,40
2025-26,26,251,754,George Hemmings,MID,Aston Villa,2,6,1,2026-02-11T19:30:00Z,0,0,0,0,0,0,0,0,0.0,0.0,0.0,0.0,0.0,0.0,0.0,0.0,0,45
2025-26,26,260,755,Shea Lacey,MID,Man Utd,14,19,0,2026-02-10T20:15:00Z,0,0,0,0,0,0,0,0,0.0,0.0,0.0,0.0,0.0,0.0,0.0,0.0,0,45
2025-26,26,255,756,Malcom DaCosta,MID,Bournemouth,4,9,0,2026-02-10T19:30:00Z,0,0,0,0,0,0,0,0,0.0,0.0,0.0,0.0,0.0,0.0,0.0,0.0,0,45
2025-26,26,251,757,Ronnie Hollingshead,GK,Aston Villa,2,6,1,2026-02-11T19:30:00Z,0,0,0,0,0,0,0,0,0.0,0.0,0.0,0.0,0.0,0.0,0.0,0.0,0,40
2025-26,26,260,758,Mohamadou Kanté,MID,West Ham,19,14,1,2026-02-10T20:15:00Z,0,0,0,0,0,0,0,0,0.0,0.0,0.0,0.0,0.0,0.0,0.0,0.0,0,45
2025-26,26,252,759,Marli Salmon,DEF,Arsenal,1,5,0,2026-02-12T20:00:00Z,0,0,0,0,0,0,0,0,0.0,0.0,0.0,0.0,0.0,0.0,0.0,0.0,0,40
2025-26,26,310,759,Marli Salmon,DEF,Arsenal,1,20,0,2026-02-18T20:00:00Z,0,0,0,0,0,0,0,0,0.0,0.0,0.0,0.0,0.0,0.0,0.0,0.0,0,40
2025-26,26,258,760,Wellity Lucky,DEF,Liverpool,12,17,0,2026-02-11T20:15:00Z,0,0,0,0,0,0,0,0,0.0,0.0,0.0,0.0,0.0,0.0,0.0,0.0,0,40
2025-26,26,251,761,Freddie Simmonds,DEF,Brighton,6,2,0,2026-02-11T19:30:00Z,0,0,0,0,0,0,0,0,0.0,0.0,0.0,0.0,0.0,0.0,0.0,0.0,0,40
2025-26,26,254,762,Joél Drakes-Thomas,MID,Crystal Palace,8,3,1,2026-02-11T19:40:00Z,0,0,0,0,0,0,0,0,0.0,0.0,0.0,0.0,0.0,0.0,0.0,0.0,0,45
2025-26,26,256,763,Charlie Gray,MID,Man City,13,10,1,2026-02-11T19:30:00Z,0,0,0,0,0,0,0,0,0.0,0.0,0.0,0.0,0.0,0.0,0.0,0.0,0,45
2025-26,26,256,764,Reigan Heskey,MID,Man City,13,10,1,2026-02-11T19:30:00Z,0,0,0,0,0,0,0,0,0.0,0.0,0.0,0.0,0.0,0.0,0.0,0.0,0,45
2025-26,26,259,765,Leo Shahar,DEF,Newcastle,15,18,0,2026-02-10T19:30:00Z,0,0,0,0,0,0,0,0,0.0,0.0,0.0,0.0,0.0,0.0,0.0,0.0,0,40
2025-26,26,257,766,Saheed Olagunju,DEF,Wolves,20,16,0,2026-02-11T19:30:00Z,0,0,0,0,0,0,0,0,0.0,0.0,0.0,0.0,0.0,0.0,0.0,0.0,0,40
2025-26,26,310,766,Saheed Olagunju,DEF,Wolves,20,1,1,2026-02-18T20:00:00Z,0,0,0,0,0,0,0,0,0.0,0.0,0.0,0.0,0.0,0.0,0.0,0.0,0,40
2025-26,26,257,767,Luke Rawlings,MID,Wolves,20,16,0,2026-02-11T19:30:00Z,0,0,0,0,0,0,0,0,0.0,0.0,0.0,0.0,0.0,0.0,0.0,0.0,0,45
2025-26,26,310,767,Luke Rawlings,MID,Wolves,20,1,1,2026-02-18T20:00:00Z,0,0,0,0,0,0,0,0,0.0,0.0,0.0,0.0,0.0,0.0,0.0,0.0,0,45
2025-26,26,251,768,Leon Routh,DEF,Aston Villa,2,6,1,2026-02-11T19:30:00Z,0,0,0,0,0,0,0,0,0.0,0.0,0.0,0.0,0.0,0.0,0.0,0.0,0,40
2025-26,26,260,769,Bendito Mantato,MID,Man Utd,14,19,0,2026-02-10T20:15:00Z,0,0,0,0,0,0,0,0,0.0,0.0,0.0,0.0,0.0,0.0,0.0,0.0,0,45
2025-26,26,256,770,Seth Ridgeon,MID,Fulham,10,13,0,2026-02-11T19:30:00Z,0,0,0,0,0,0,0,0,0.0,0.0,0.0,0.0,0.0,0.0,0.0,0.0,0,45
2025-26,26,260,771,Tyler Fletcher,MID,Man Utd,14,19,0,2026-02-10T20:15:00Z,0,0,0,0,0,0,0,0,0.0,0.0,0.0,0.0,0.0,0.0,0.0,0.0,0,44
2025-26,26,259,772,Sam Alabi,MID,Newcastle,15,18,0,2026-02-10T19:30:00Z,0,0,0,0,0,0,0,0,0.0,0.0,0.0,0.0,0.0,0.0,0.0,0.0,0,45
2025-26,26,254,773,Dean Benamar,DEF,Crystal Palace,8,3,1,2026-02-11T19:40:00Z,0,0,0,0,0,0,0,0,0.0,0.0,0.0,0.0,0.0,0.0,0.0,0.0,0,40
2025-26,26,258,774,Jenson Jones,DEF,Sunderland,17,12,1,2026-02-11T20:15:00Z,0,0,0,0,0,0,0,0,0.0,0.0,0.0,0.0,0.0,0.0,0.0,0.0,0,40
2025-26,26,258,775,Tymur Tutierov,MID,Sunderland,17,12,1,2026-02-11T20:15:00Z,0,0,0,0,0,0,0,0,0.0,0.0,0.0,0.0,0.0,0.0,0.0,0.0,0,45
2025-26,26,254,776,Oliver Pimlott,MID,Burnley,3,8,0,2026-02-11T19:40:00Z,0,0,0,0,0,0,0,0,0.0,0.0,0.0,0.0,0.0,0.0,0.0,0.0,0,45
2025-26,26,257,777,Temple Ojinnaka,MID,Wolves,20,16,0,2026-02-11T19:30:00Z,0,0,0,0,0,0,0,0,0.0,0.0,0.0,0.0,0.0,0.0,0.0,0.0,0,45
2025-26,26,310,777,Temple Ojinnaka,MID,Wolves,20,1,1,2026-02-18T20:00:00Z,0,0,0,0,0,0,0,0,0.0,0.0,0.0,0.0,0.0,0.0,0.0,0.0,0,45
2025-26,26,257,778,Ethan Sutherland,MID,Wolves,20,16,0,2026-02-11T19:30:00Z,0,0,0,0,0,0,0,0,0.0,0.0,0.0,0.0,0.0,0.0,0.0,0.0,0,45
2025-26,26,310,778,Ethan Sutherland,MID,Wolves,20,1,1,2026-02-18T20:00:00Z,0,0,0,0,0,0,0,0,0.0,0.0,0.0,0.0,0.0,0.0,0.0,0.0,0,45
2025-26,26,255,779,Braiden Graham,FWD,Everton,9,4,1,2026-02-10T19:30:00Z,0,0,0,0,0,0,0,0,0.0,0.0,0.0,0.0,0.0,0.0,0.0,0.0,0,45
2025-26,26,254,780,Ben Casey,FWD,Crystal Palace,8,3,1,2026-02-11T19:40:00Z,0,0,0,0,0,0,0,0,0.0,0.0,0.0,0.0,0.0,0.0,0.0,0.0,0,45
2025-26,26,251,781,TJ Carroll,DEF,Aston Villa,2,6,1,2026-02-11T19:30:00Z,0,0,0,0,0,0,0,0,0.0,0.0,0.0,0.0,0.0,0.0,0.0,0.0,0,40
2025-26,26,255,782,Fraser Forster,GK,Bournemouth,4,9,0,2026-02-10T19:30:00Z,0,0,0,0,0,0,0,0,0.0,0.0,0.0,0.0,0.0,0.0,0.0,0.0,0,40
2025-26,26,251,783,Pascal Groß,MID,Brighton,6,2,0,2026-02-11T19:30:00Z,90,2,0,0,0,1,0,17,23.6,51.2,15.0,9.0,0.12,0.23,0.35,0.72,1,55
2025-26,26,254,784,George Brierley,MID,Burnley,3,8,0,2026-02-11T19:40:00Z,0,0,0,0,0,0,0,0,0.0,0.0,0.0,0.0,0.0,0.0,0.0,0.0,0,45
2025-26,26,260,785,Pablo Felipe Pereira de Jesus,FWD,West Ham,19,14,1,2026-02-10T20:15:00Z,0,0,0,0,0,0,0,0,0.0,0.0,0.0,0.0,0.0,0.0,0.0,0.0,0,55
2025-26,26,256,786,Alfie McNally,GK,Fulham,10,13,0,2026-02-11T19:30:00Z,0,0,0,0,0,0,0,0,0.0,0.0,0.0,0.0,0.0,0.0,0.0,0.0,0,40
2025-26,26,253,787,Sam Chambers,MID,Leeds,11,7,0,2026-02-10T19:30:00Z,0,0,0,0,0,0,0,0,0.0,0.0,0.0,0.0,0.0,0.0,0.0,0.0,0,44
2025-26,26,260,788,Godwill Kukonki,DEF,Man Utd,14,19,0,2026-02-10T20:15:00Z,0,0,0,0,0,0,0,0,0.0,0.0,0.0,0.0,0.0,0.0,0.0,0.0,0,40
2025-26,26,253,789,Max Merrick,GK,Chelsea,7,11,1,2026-02-10T19:30:00Z,0,0,0,0,0,0,0,0,0.0,0.0,0.0,0.0,0.0,0.0,0.0,0.0,0,40
2025-26,26,259,790,Lucá Williams-Barnett,MID,Spurs,18,15,1,2026-02-10T19:30:00Z,0,0,0,0,0,0,0,0,0.0,0.0,0.0,0.0,0.0,0.0,0.0,0.0,0,45
2025-26,26,260,791,Valentín Castellanos,FWD,West Ham,19,14,1,2026-02-10T20:15:00Z,68,2,0,0,1,0,0,2,2.0,0.5,2.0,0.5,0.0,0.0,0.0,0.24,1,55
2025-26,26,251,792,Alysson Edward Franco da Rocha dos Santos,MID,Aston Villa,2,6,1,2026-02-11T19:30:00Z,16,1,0,0,0,0,0,4,0.0,0.5,4.0,0.5,0.0,0.01,0.01,0.11,0,50
2025-26,26,254,793,George King,DEF,Crystal Palace,8,3,1,2026-02-11T19:40:00Z,0,0,0,0,0,0,0,0,0.0,0.0,0.0,0.0,0.0,0.0,0.0,0.0,0,40
2025-26,26,256,794,Max Alleyne,DEF,Man City,13,10,1,2026-02-11T19:30:00Z,0,0,0,0,0,0,0,0,0.0,0.0,0.0,0.0,0.0,0.0,0.0,0.0,0,42
2025-26,26,251,795,Harry Howell,MID,Brighton,6,2,0,2026-02-11T19:30:00Z,9,1,0,0,0,1,0,3,1.2,0.6,2.0,0.4,0.0,0.01,0.01,0.21,0,45
2025-26,26,259,796,Conor Gallagher,MID,Spurs,18,15,1,2026-02-10T19:30:00Z,69,2,0,0,0,2,0,10,7.6,31.8,2.0,4.1,0.0,0.03,0.03,2.46,1,54
2025-26,26,252,797,Kaye Furo,FWD,Brentford,5,1,1,2026-02-12T20:00:00Z,0,0,0,0,0,0,0,0,0.0,0.0,0.0,0.0,0.0,0.0,0.0,0.0,0,45
2025-26,26,254,798,Danny Imray,DEF,Crystal Palace,8,3,1,2026-02-11T19:40:00Z,0,0,0,0,0,0,0,0,0.0,0.0,0.0,0.0,0.0,0.0,0.0,0.0,0,40
2025-26,26,255,799,Charlie Stevens,MID,Bournemouth,4,9,0,2026-02-10T19:30:00Z,0,0,0,0,0,0,0,0,0.0,0.0,0.0,0.0,0.0,0.0,0.0,0.0,0,45
2025-26,26,258,800,Djiamgone Jocelin Ta Bi,MID,Sunderland,17,12,1,2026-02-11T20:15:00Z,0,0,0,0,0,0,0,0,0.0,0.0,0.0,0.0,0.0,0.0,0.0,0.0,0,50
2025-26,26,255,801,Alex Tóth,MID,Bournemouth,4,9,0,2026-02-10T19:30:00Z,57,1,0,0,0,1,0,3,4.8,22.8,4.0,3.2,0.0,0.08,0.08,1.95,1,50
2025-26,26,260,802,Keiber Lamadrid,MID,West Ham,19,14,1,2026-02-10T20:15:00Z,0,0,0,0,0,0,0,0,0.0,0.0,0.0,0.0,0.0,0.0,0.0,0.0,0,50
2025-26,26,253,803,Teddy Sharman-Lowe,GK,Chelsea,7,11,1,2026-02-10T19:30:00Z,0,0,0,0,0,0,0,0,0.0,0.0,0.0,0.0,0.0,0.0,0.0,0.0,0,40
2025-26,26,259,804,João Victor de Souza Menezes,DEF,Spurs,18,15,1,2026-02-10T19:30:00Z,0,0,0,0,0,0,0,0,0.0,0.0,0.0,0.0,0.0,0.0,0.0,0.0,0,40
2025-26,26,257,805,Lorenzo Lucca,FWD,Nott'm Forest,16,20,1,2026-02-11T19:30:00Z,70,2,0,0,1,0,0,2,0.0,1.0,8.0,0.7,0.56,0.0,0.56,0.22,1,55
2025-26,26,255,806,Christos Mandas,GK,Bournemouth,4,9,0,2026-02-10T19:30:00Z,0,0,0,0,0,0,0,0,0.0,0.0,0.0,0.0,0.0,0.0,0.0,0.0,0,40
2025-26,26,255,807,Rayan Vitor Simplício Rocha,MID,Bournemouth,4,9,0,2026-02-10T19:30:00Z,90,6,1,0,0,1,0,23,33.4,27.4,39.0,10.0,0.34,0.1,0.44,2.94,1,55
2025-26,26,251,808,Tammy Abraham,FWD,Aston Villa,2,6,1,2026-02-11T19:30:00Z,15,1,0,0,0,0,0,3,2.0,2.1,6.0,1.0,0.0,0.0,0.0,0.11,0,60
2025-26,26,257,809,Jerome Abbey,MID,Wolves,20,16,0,2026-02-11T19:30:00Z,0,0,0,0,0,0,0,0,0.0,0.0,0.0,0.0,0.0,0.0,0.0,0.0,0,45
2025-26,26,310,809,Jerome Abbey,MID,Wolves,20,1,1,2026-02-18T20:00:00Z,0,0,0,0,0,0,0,0,0.0,0.0,0.0,0.0,0.0,0.0,0.0,0.0,0,45
2025-26,26,252,810,Luka Bentt,MID,Brentford,5,1,1,2026-02-12T20:00:00Z,0,0,0,0,0,0,0,0,0.0,0.0,0.0,0.0,0.0,0.0,0.0,0.0,0,45
2025-26,26,259,811,Rio Kyerematen,MID,Spurs,18,15,1,2026-02-10T19:30:00Z,0,0,0,0,0,0,0,0,0.0,0.0,0.0,0.0,0.0,0.0,0.0,0.0,0,45
2025-26,26,258,812,Melker Ellborg,GK,Sunderland,17,12,1,2026-02-11T20:15:00Z,0,0,0,0,0,0,0,0,0.0,0.0,0.0,0.0,0.0,0.0,0.0,0.0,0,40
2025-26,26,258,813,Nilson Angulo,MID,Sunderland,17,12,1,2026-02-11T20:15:00Z,79,2,0,0,0,1,0,8,14.6,11.8,44.0,7.0,0.21,0.02,0.23,2.38,1,50
2025-26,26,257,814,Luca Netz,DEF,Nott'm Forest,16,20,1,2026-02-11T19:30:00Z,0,0,0,0,0,0,0,0,0.0,0.0,0.0,0.0,0.0,0.0,0.0,0.0,0,45
2025-26,26,260,815,Axel Disasi,DEF,West Ham,19,14,1,2026-02-10T20:15:00Z,90,2,0,0,0,1,0,11,14.0,10.9,0.0,2.5,0.0,0.0,0.0,0.57,1,45
2025-26,26,257,816,Angel Gomes,MID,Wolves,20,16,0,2026-02-11T19:30:00Z,77,3,0,0,1,0,0,13,16.4,11.4,10.0,3.8,0.05,0.01,0.06,2.37,1,50
2025-26,26,310,816,Angel Gomes,MID,Wolves,20,1,1,2026-02-18T20:00:00Z,21,1,0,0,0,1,0,4,0.0,0.0,0.0,0.0,0.0,0.0,0.0,1.17,1,50
2025-26,26,257,817,Adam Armstrong,FWD,Wolves,20,16,0,2026-02-11T19:30:00Z,90,2,0,0,1,0,0,7,13.0,21.6,2.0,3.7,0.0,0.02,0.02,2.55,1,55
2025-26,26,310,817,Adam Armstrong,FWD,Wolves,20,1,1,2026-02-18T20:00:00Z,90,2,0,0,0,2,0,5,0.6,0.6,1.0,0.2,0.03,0.0,0.03,1.86,1,55
