season,gw,element,name,position,team,team_id,opponent_team,was_home,kickoff_time,minutes,total_points,goals_scored,assists,clean_sheets,goals_conceded,bonus,bps,influence,creativity,threat,ict_index,expected_goals,expected_assists,expected_goal_involvements,expected_goals_conceded,starts,value
2025-26,28,1,David Raya Martín,GK,Arsenal,1,7,1,2026-03-01T16:30:00Z,90,3,0,0,0,1,0,12,1.2,0.0,0.0,0.1,0.0,0.01,0.01,1.05,1,60
2025-26,28,2,Kepa Arrizabalaga Revuelta,GK,Arsenal,1,7,1,2026-03-01T16:30:00Z,0,0,0,0,0,0,0,0,0.0,0.0,0.0,0.0,0.0,0.0,0.0,0.0,0,41
2025-26,28,3,Karl Hein,GK,Arsenal,1,7,1,2026-03-01T16:30:00Z,0,0,0,0,0,0,0,0,0.0,0.0,0.0,0.0,0.0,0.0,0.0,0.0,0,40
2025-26,28,4,Tommy Setford,GK,Arsenal,1,7,1,2026-03-01T16:30:00Z,0,0,0,0,0,0,0,0,0.0,0.0,0.0,0.0,0.0,0.0,0.0,0.0,0,39
2025-26,28,5,Gabriel dos Santos Magalhães,DEF,Arsenal,1,7,1,2026-03-01T16:30:00Z,90,9,0,1,0,1,3,27,6.6,0.6,2.0,0.9,0.03,0.57,0.6,1.05,1,71
2025-26,28,6,William Saliba,DEF,Arsenal,1,7,1,2026-03-01T16:30:00Z,90,10,1,0,0,1,2,26,33.6,0.1,33.0,6.7,0.26,0.0,0.26,1.05,1,61
2025-26,28,7,Riccardo Calafiori,DEF,Arsenal,1,7,1,2026-03-01T16:30:00Z,0,0,0,0,0,0,0,0,0.0,0.0,0.0,0.0,0.0,0.0,0.0,0.0,0,56
2025-26,28,8,Jurriën Timber,DEF,Arsenal,1,7,1,2026-03-01T16:30:00Z,90,8,1,0,0,1,0,25,2.6,10.7,0.0,1.3,0.41,0.01,0.42,1.05,1,64
2025-26,28,9,Jakub Kiwior,DEF,Arsenal,1,7,1,2026-03-01T16:30:00Z,0,0,0,0,0,0,0,0,0.0,0.0,0.0,0.0,0.0,0.0,0.0,0.0,0,54
2025-26,28,10,Myles Lewis-Skelly,DEF,Arsenal,1,7,1,2026-03-01T16:30:00Z,0,0,0,0,0,0,0,0,0.0,0.0,0.0,0.0,0.0,0.0,0.0,0.0,0,51
2025-26,28,11,Benjamin White,DEF,Arsenal,1,7,1,2026-03-01T16:30:00Z,0,0,0,0,0,0,0,0,0.0,0.0,0.0,0.0,0.0,0.0,0.0,0.0,0,51
2025-26,28,12,Oleksandr Zinchenko,DEF,Nott'm Forest,16,6,0,2026-03-01T14:00:00Z,0,0,0,0,0,0,0,0,0.0,0.0,0.0,0.0,0.0,0.0,0.0,0.0,0,49
2025-26,28,13,Brayden Clarke,DEF,Arsenal,1,7,1,2026-03-01T16:30:00Z,0,0,0,0,0,0,0,0,0.0,0.0,0.0,0.0,0.0,0.0,0.0,0.0,0,38
2025-26,28,14,Maldini Kacurri,DEF,Arsenal,1,7,1,2026-03-01T16:30:00Z,0,0,0,0,0,0,0,0,0.0,0.0,0.0,0.0,0.0,0.0,0.0,0.0,0,39
2025-26,28,15,Josh Nichols,DEF,Arsenal,1,7,1,2026-03-01T16:30:00Z,0,0,0,0,0,0,0,0,0.0,0.0,0.0,0.0,0.0,0.0,0.0,0.0,0,37
2025-26,28,16,Bukayo Saka,MID,Arsenal,1,7,1,2026-03-01T16:30:00Z,90,2,0,0,0,1,0,9,4.2,14.4,2.0,2.1,0.01,0.29,0.3,1.05,1,98
2025-26,28,17,Martin Ødegaard,MID,Arsenal,1,7,1,2026-03-01T16:30:00Z,0,0,0,0,0,0,0,0,0.0,0.0,0.0,0.0,0.0,0.0,0.0,0.0,0,78
2025-26,28,18,Noni Madueke,MID,Arsenal,1,7,1,2026-03-01T16:30:00Z,0,0,0,0,0,0,0,0,0.0,0.0,0.0,0.0,0.0,0.0,0.0,0.0,0,68
2025-26,28,19,Gabriel Martinelli Silva,MID,Arsenal,1,7,1,2026-03-01T16:30:00Z,34,1,0,0,0,0,0,3,0.0,0.0,0.0,0.0,0.0,0.01,0.01,0.22,0,68
2025-26,28,20,Leandro Trossard,MID,Arsenal,1,7,1,2026-03-01T16:30:00Z,55,1,0,0,0,1,0,4,0.4,0.3,5.0,0.6,0.02,0.06,0.08,0.83,1,67
2025-26,28,21,Declan Rice,MID,Arsenal,1,7,1,2026-03-01T16:30:00Z,75,5,0,1,0,1,0,25,1.8,1.2,0.0,0.3,0.04,0.24,0.28,1.0,1,76
2025-26,28,22,Mikel Merino Zazón,MID,Arsenal,1,7,1,2026-03-01T16:30:00Z,0,0,0,0,0,0,0,0,0.0,0.0,0.0,0.0,0.0,0.0,0.0,0.0,0,54
2025-26,28,23,Fábio Ferreira Vieira,MID,Arsenal,1,7,1,2026-03-01T16:30:00Z,0,0,0,0,0,0,0,0,0.0,0.0,0.0,0.0,0.0,0.0,0.0,0.0,0,54
2025-26,28,24,Christian Nørgaard,MID,Arsenal,1,7,1,2026-03-01T16:30:00Z,14,1,0,0,0,0,0,2,0.0,0.0,0.0,0.0,0.0,0.0,0.0,0.05,0,51
2025-26,28,25,Ethan Nwaneri,MID,Arsenal,1,7,1,2026-03-01T16:30:00Z,0,0,0,0,0,0,0,0,0.0,0.0,0.0,0.0,0.0,0.0,0.0,0.0,0,50
2025-26,28,26,Martín Zubimendi Ibáñez,MID,Arsenal,1,7,1,2026-03-01T16:30:00Z,90,2,0,0,0,1,0,11,0.0,0.3,1.0,0.1,0.08,0.21,0.29,1.05,1,53
2025-26,28,27,Reiss Nelson,MID,Brentford,5,3,0,2026-02-28T15:00:00Z,0,0,0,0,0,0,0,0,0.0,0.0,0.0,0.0,0.0,0.0,0.0,0.0,0,48
2025-26,28,28,Ismeal Kabia,MID,Arsenal,1,7,1,2026-03-01T16:30:00Z,0,0,0,0,0,0,0,0,0.0,0.0,0.0,0.0,0.0,0.0,0.0,0.0,0,45
2025-26,28,29,Albert Sambi Lokonga,MID,Arsenal,1,7,1,2026-03-01T16:30:00Z,0,0,0,0,0,0,0,0,0.0,0.0,0.0,0.0,0.0,0.0,0.0,0.0,0,45
2025-26,28,30,Kai Havertz,FWD,Arsenal,1,7,1,2026-03-01T16:30:00Z,14,1,0,0,0,0,0,4,0.0,0.0,0.0,0.0,0.0,0.0,0.0,0.05,0,73
2025-26,28,31,Gabriel Fernando de Jesus,FWD,Arsenal,1,7,1,2026-03-01T16:30:00Z,0,0,0,0,0,0,0,0,0.0,0.0,0.0,0.0,0.0,0.0,0.0,0.0,0,64
2025-26,28,32,Emiliano Martínez Romero,GK,Aston Villa,2,20,0,2026-02-27T20:00:00Z,90,1,0,0,0,2,0,6,6.0,0.1,0.0,0.6,0.0,0.0,0.0,0.86,1,51
2025-26,28,33,Marco Bizot,GK,Aston Villa,2,20,0,2026-02-27T20:00:00Z,0,0,0,0,0,0,0,0,0.0,0.0,0.0,0.0,0.0,0.0,0.0,0.0,0,42
2025-26,28,34,Joe Gauci,GK,Aston Villa,2,20,0,2026-02-27T20:00:00Z,0,0,0,0,0,0,0,0,0.0,0.0,0.0,0.0,0.0,0.0,0.0,0.0,0,40
2025-26,28,35,Filip Marschall,GK,Aston Villa,2,20,0,2026-02-27T20:00:00Z,0,0,0,0,0,0,0,0,0.0,0.0,0.0,0.0,0.0,0.0,0.0,0.0,0,40
2025-26,28,36,Matty Cash,DEF,Aston Villa,2,20,0,2026-02-27T20:00:00Z,90,0,0,0,0,2,0,11,23.0,33.9,0.0,5.7,0.0,0.07,0.07,0.86,1,49
2025-26,28,37,Lucas Digne,DEF,Aston Villa,2,20,0,2026-02-27T20:00:00Z,69,2,0,0,0,1,0,7,1.4,6.3,0.0,0.8,0.0,0.09,0.09,0.39,1,45
2025-26,28,38,Ezri Konsa Ngoyo,DEF,Aston Villa,2,20,0,2026-02-27T20:00:00Z,90,1,0,0,0,2,0,11,17.8,0.8,0.0,1.9,0.0,0.01,0.01,0.86,1,44
2025-26,28,39,Ian Maatsen,DEF,Aston Villa,2,20,0,2026-02-27T20:00:00Z,20,1,0,0,0,1,0,3,13.0,25.2,23.0,6.1,0.2,0.08,0.28,0.47,0,42
2025-26,28,40,Tyrone Mings,DEF,Aston Villa,2,20,0,2026-02-27T20:00:00Z,0,0,0,0,0,0,0,0,0.0,0.0,0.0,0.0,0.0,0.0,0.0,0.0,0,43
2025-26,28,41,Pau Torres,DEF,Aston Villa,2,20,0,2026-02-27T20:00:00Z,90,1,0,0,0,2,0,9,16.0,1.5,4.0,2.2,0.04,0.01,0.05,0.86,1,43
2025-26,28,42,Andrés García,DEF,Aston Villa,2,20,0,2026-02-27T20:00:00Z,0,0,0,0,0,0,0,0,0.0,0.0,0.0,0.0,0.0,0.0,0.0,0.0,0,39
2025-26,28,43,Álex Moreno Lopera,DEF,Aston Villa,2,20,0,2026-02-27T20:00:00Z,0,0,0,0,0,0,0,0,0.0,0.0,0.0,0.0,0.0,0.0,0.0,0.0,0,40
2025-26,28,44,Lamare Bogarde,DEF,Aston Villa,2,20,0,2026-02-27T20:00:00Z,0,0,0,0,0,0,0,0,0.0,0.0,0.0,0.0,0.0,0.0,0.0,0.0,0,40
2025-26,28,45,Lino da Cruz Sousa,DEF,Aston Villa,2,20,0,2026-02-27T20:00:00Z,0,0,0,0,0,0,0,0,0.0,0.0,0.0,0.0,0.0,0.0,0.0,0.0,0,38
2025-26,28,46,Yasin Özcan,DEF,Aston Villa,2,20,0,2026-02-27T20:00:00Z,0,0,0,0,0,0,0,0,0.0,0.0,0.0,0.0,0.0,0.0,0.0,0.0,0,40
2025-26,28,47,Morgan Rogers,MID,Aston Villa,2,20,0,2026-02-27T20:00:00Z,90,2,0,0,0,2,0,11,15.0,12.2,27.0,5.4,0.21,0.03,0.24,0.86,1,77
2025-26,28,48,Youri Tielemans,MID,Aston Villa,2,20,0,2026-02-27T20:00:00Z,0,0,0,0,0,0,0,0,0.0,0.0,0.0,0.0,0.0,0.0,0.0,0.0,0,59
2025-26,28,49,Leon Bailey,MID,Aston Villa,2,20,0,2026-02-27T20:00:00Z,30,0,0,0,0,2,0,-1,0.4,0.8,7.0,0.8,0.06,0.0,0.06,0.64,0,55
2025-26,28,50,Emiliano Buendía Stati,MID,Aston Villa,2,20,0,2026-02-27T20:00:00Z,69,1,0,0,0,1,0,4,0.0,6.0,4.0,0.5,0.0,0.03,0.03,0.39,1,53
2025-26,28,51,Samuel Iling-Junior,MID,Aston Villa,2,20,0,2026-02-27T20:00:00Z,0,0,0,0,0,0,0,0,0.0,0.0,0.0,0.0,0.0,0.0,0.0,0.0,0,55
2025-26,28,52,Jacob Ramsey,MID,Newcastle,15,9,1,2026-02-28T15:00:00Z,45,6,1,0,0,2,0,22,34.6,5.6,9.0,4.9,0.09,0.02,0.11,1.0,1,53
2025-26,28,53,Donyell Malen,MID,Aston Villa,2,20,0,2026-02-27T20:00:00Z,0,0,0,0,0,0,0,0,0.0,0.0,0.0,0.0,0.0,0.0,0.0,0.0,0,51
2025-26,28,54,John McGinn,MID,Aston Villa,2,20,0,2026-02-27T20:00:00Z,0,0,0,0,0,0,0,0,0.0,0.0,0.0,0.0,0.0,0.0,0.0,0.0,0,54
2025-26,28,55,Ross Barkley,MID,Aston Villa,2,20,0,2026-02-27T20:00:00Z,30,1,0,0,0,2,0,4,9.0,12.3,2.0,2.3,0.0,0.07,0.07,0.64,0,48
2025-26,28,56,Enzo Barrenechea,MID,Aston Villa,2,20,0,2026-02-27T20:00:00Z,0,0,0,0,0,0,0,0,0.0,0.0,0.0,0.0,0.0,0.0,0.0,0.0,0,50
2025-26,28,57,Lewis Dobbin,MID,Aston Villa,2,20,0,2026-02-27T20:00:00Z,0,0,0,0,0,0,0,0,0.0,0.0,0.0,0.0,0.0,0.0,0.0,0.0,0,50
2025-26,28,58,Boubacar Kamara,MID,Aston Villa,2,20,0,2026-02-27T20:00:00Z,0,0,0,0,0,0,0,0,0.0,0.0,0.0,0.0,0.0,0.0,0.0,0.0,0,49
2025-26,28,59,Amadou Onana,MID,Aston Villa,2,20,0,2026-02-27T20:00:00Z,90,2,0,0,0,2,0,9,9.8,2.3,15.0,2.7,0.22,0.01,0.23,0.86,1,48
2025-26,28,60,Ben Broggio,MID,Aston Villa,2,20,0,2026-02-27T20:00:00Z,0,0,0,0,0,0,0,0,0.0,0.0,0.0,0.0,0.0,0.0,0.0,0.0,0,44
2025-26,28,61,Leander Dendoncker,MID,Aston Villa,2,20,0,2026-02-27T20:00:00Z,0,0,0,0,0,0,0,0,0.0,0.0,0.0,0.0,0.0,0.0,0.0,0.0,0,45
2025-26,28,62,Jamaldeen Jimoh-Aloba,MID,Aston Villa,2,20,0,2026-02-27T20:00:00Z,0,0,0,0,0,0,0,0,0.0,0.0,0.0,0.0,0.0,0.0,0.0,0.0,0,45
2025-26,28,63,Kadan Young,MID,Aston Villa,2,20,0,2026-02-27T20:00:00Z,0,0,0,0,0,0,0,0,0.0,0.0,0.0,0.0,0.0,0.0,0.0,0.0,0,43
2025-26,28,64,Ollie Watkins,FWD,Aston Villa,2,20,0,2026-02-27T20:00:00Z,85,2,0,0,0,1,0,4,0.0,3.0,5.0,0.8,0.08,0.01,0.09,0.44,1,86
2025-26,28,65,Zépiqueno Redmond,FWD,Aston Villa,2,20,0,2026-02-27T20:00:00Z,0,0,0,0,0,0,0,0,0.0,0.0,0.0,0.0,0.0,0.0,0.0,0.0,0,45
2025-26,28,66,Norberto Murara Neto,GK,Bournemouth,4,17,1,2026-02-28T12:30:00Z,0,0,0,0,0,0,0,0,0.0,0.0,0.0,0.0,0.0,0.0,0.0,0.0,0,45
2025-26,28,67,Đorđe Petrović,GK,Bournemouth,4,17,1,2026-02-28T12:30:00Z,90,3,0,0,0,1,0,13,22.8,0.0,0.0,2.3,0.0,0.0,0.0,1.42,1,45
2025-26,28,68,Will Dennis,GK,Bournemouth,4,17,1,2026-02-28T12:30:00Z,0,0,0,0,0,0,0,0,0.0,0.0,0.0,0.0,0.0,0.0,0.0,0.0,0,40
2025-26,28,69,Callan McKenna,GK,Bournemouth,4,17,1,2026-02-28T12:30:00Z,0,0,0,0,0,0,0,0,0.0,0.0,0.0,0.0,0.0,0.0,0.0,0.0,0,39
2025-26,28,70,Alex Paulsen,GK,Bournemouth,4,17,1,2026-02-28T12:30:00Z,0,0,0,0,0,0,0,0,0.0,0.0,0.0,0.0,0.0,0.0,0.0,0.0,0,40
2025-26,28,71,Illia Zabarnyi,DEF,Bournemouth,4,17,1,2026-02-28T12:30:00Z,0,0,0,0,0,0,0,0,0.0,0.0,0.0,0.0,0.0,0.0,0.0,0.0,0,50
2025-26,28,72,Marcos Senesi Barón,DEF,Bournemouth,4,17,1,2026-02-28T12:30:00Z,90,4,0,0,0,1,0,9,22.4,2.4,2.0,2.7,0.01,0.02,0.03,1.42,1,49
2025-26,28,73,Adam Smith,DEF,Bournemouth,4,17,1,2026-02-28T12:30:00Z,0,0,0,0,0,0,0,0,0.0,0.0,0.0,0.0,0.0,0.0,0.0,0.0,0,44
2025-26,28,74,Adrien Truffert,DEF,Bournemouth,4,17,1,2026-02-28T12:30:00Z,90,4,0,0,0,1,0,16,18.6,7.4,0.0,2.6,0.0,0.03,0.03,1.42,1,45
2025-26,28,75,Matai Akinmboni,DEF,Bournemouth,4,17,1,2026-02-28T12:30:00Z,0,0,0,0,0,0,0,0,0.0,0.0,0.0,0.0,0.0,0.0,0.0,0.0,0,38
2025-26,28,76,Owen Bevan,DEF,Bournemouth,4,17,1,2026-02-28T12:30:00Z,0,0,0,0,0,0,0,0,0.0,0.0,0.0,0.0,0.0,0.0,0.0,0.0,0,38
2025-26,28,77,James Hill,DEF,Bournemouth,4,17,1,2026-02-28T12:30:00Z,90,2,0,0,0,1,0,6,15.6,10.3,6.0,3.2,0.0,0.0,0.0,1.42,1,41
2025-26,28,78,Julián Araujo Zúñiga,DEF,Bournemouth,4,17,1,2026-02-28T12:30:00Z,0,0,0,0,0,0,0,0,0.0,0.0,0.0,0.0,0.0,0.0,0.0,0.0,0,38
2025-26,28,79,Chris Mepham,DEF,Bournemouth,4,17,1,2026-02-28T12:30:00Z,0,0,0,0,0,0,0,0,0.0,0.0,0.0,0.0,0.0,0.0,0.0,0.0,0,40
2025-26,28,80,Julio Soler Barreto,DEF,Bournemouth,4,17,1,2026-02-28T12:30:00Z,0,0,0,0,0,0,0,0,0.0,0.0,0.0,0.0,0.0,0.0,0.0,0.0,0,40
2025-26,28,81,Justin Kluivert,MID,Bournemouth,4,17,1,2026-02-28T12:30:00Z,0,0,0,0,0,0,0,0,0.0,0.0,0.0,0.0,0.0,0.0,0.0,0.0,0,70
2025-26,28,82,Antoine Semenyo,MID,Man City,13,11,0,2026-02-28T17:30:00Z,90,8,1,0,1,0,0,31,40.4,17.6,40.0,9.8,0.86,0.02,0.88,1.49,1,81
2025-26,28,83,Dango Ouattara,MID,Brentford,5,3,0,2026-02-28T15:00:00Z,71,5,0,1,0,3,0,26,24.6,25.0,7.0,5.7,0.03,0.2,0.23,0.82,1,59
2025-26,28,84,Marcus Tavernier,MID,Bournemouth,4,17,1,2026-02-28T12:30:00Z,80,7,0,1,0,1,2,29,30.2,17.7,49.0,9.7,0.26,0.21,0.47,1.34,1,53
2025-26,28,85,Tyler Adams,MID,Bournemouth,4,17,1,2026-02-28T12:30:00Z,61,1,0,0,0,1,0,6,8.6,1.9,0.0,1.1,0.0,0.01,0.01,1.21,1,49
2025-26,28,86,David Brooks,MID,Bournemouth,4,17,1,2026-02-28T12:30:00Z,45,1,0,0,0,1,0,3,2.0,13.5,0.0,1.6,0.0,0.03,0.03,0.96,1,50
2025-26,28,87,Ryan Christie,MID,Bournemouth,4,17,1,2026-02-28T12:30:00Z,28,0,0,0,0,0,0,1,6.0,1.7,4.0,1.2,0.05,0.02,0.07,0.21,0,49
2025-26,28,88,Lewis Cook,MID,Bournemouth,4,17,1,2026-02-28T12:30:00Z,0,0,0,0,0,0,0,0,0.0,0.0,0.0,0.0,0.0,0.0,0.0,0.0,0,49
2025-26,28,89,Philip Billing,MID,Bournemouth,4,17,1,2026-02-28T12:30:00Z,0,0,0,0,0,0,0,0,0.0,0.0,0.0,0.0,0.0,0.0,0.0,0.0,0,49
2025-26,28,90,Alex Scott,MID,Bournemouth,4,17,1,2026-02-28T12:30:00Z,90,3,0,0,0,1,0,12,11.0,13.7,19.0,4.4,0.51,0.03,0.54,1.42,1,50
2025-26,28,91,Luis Sinisterra Lucumí,MID,Bournemouth,4,17,1,2026-02-28T12:30:00Z,0,0,0,0,0,0,0,0,0.0,0.0,0.0,0.0,0.0,0.0,0.0,0.0,0,50
2025-26,28,92,Romain Faivre,MID,Bournemouth,4,17,1,2026-02-28T12:30:00Z,0,0,0,0,0,0,0,0,0.0,0.0,0.0,0.0,0.0,0.0,0.0,0.0,0,45
2025-26,28,93,Hamed Traorè,MID,Bournemouth,4,17,1,2026-02-28T12:30:00Z,0,0,0,0,0,0,0,0,0.0,0.0,0.0,0.0,0.0,0.0,0.0,0.0,0,45
2025-26,28,94,Dominic Sadi,MID,Bournemouth,4,17,1,2026-02-28T12:30:00Z,0,0,0,0,0,0,0,0,0.0,0.0,0.0,0.0,0.0,0.0,0.0,0.0,0,45
2025-26,28,95,Zain Silcott-Duberry,MID,Bournemouth,4,17,1,2026-02-28T12:30:00Z,0,0,0,0,0,0,0,0,0.0,0.0,0.0,0.0,0.0,0.0,0.0,0.0,0,44
2025-26,28,96,Ben Winterburn,MID,Bournemouth,4,17,1,2026-02-28T12:30:00Z,0,0,0,0,0,0,0,0,0.0,0.0,0.0,0.0,0.0,0.0,0.0,0.0,0,45
2025-26,28,97,Francisco Evanilson de Lima Barbosa,FWD,Bournemouth,4,17,1,2026-02-28T12:30:00Z,39,6,1,0,0,0,1,27,32.4,0.8,33.0,6.6,0.15,0.0,0.15,0.47,0,69
2025-26,28,98,Enes Ünal,FWD,Bournemouth,4,17,1,2026-02-28T12:30:00Z,9,1,0,0,0,0,0,1,0.0,2.1,19.0,2.0,0.3,0.0,0.3,0.08,0,54
2025-26,28,99,Daniel Adu-Adjei,FWD,Bournemouth,4,17,1,2026-02-28T12:30:00Z,0,0,0,0,0,0,0,0,0.0,0.0,0.0,0.0,0.0,0.0,0.0,0.0,0,44
2025-26,28,100,Junior Kroupi,FWD,Bournemouth,4,17,1,2026-02-28T12:30:00Z,80,2,0,0,0,1,0,1,0.0,23.8,13.0,3.6,0.26,0.04,0.3,1.34,1,47
2025-26,28,101,Caoimhín Kelleher,GK,Brentford,5,3,0,2026-02-28T15:00:00Z,0,0,0,0,0,0,0,0,0.0,0.0,0.0,0.0,0.0,0.0,0.0,0.0,0,47
2025-26,28,102,Ellery Balcombe,GK,Brentford,5,3,0,2026-02-28T15:00:00Z,0,0,0,0,0,0,0,0,0.0,0.0,0.0,0.0,0.0,0.0,0.0,0.0,0,39
2025-26,28,103,Matthew Cox,GK,Brentford,5,3,0,2026-02-28T15:00:00Z,0,0,0,0,0,0,0,0,0.0,0.0,0.0,0.0,0.0,0.0,0.0,0.0,0,39
2025-26,28,104,Julian Eyestone,GK,Brentford,5,3,0,2026-02-28T15:00:00Z,0,0,0,0,0,0,0,0,0.0,0.0,0.0,0.0,0.0,0.0,0.0,0.0,0,39
2025-26,28,105,Hákon Rafn Valdimarsson,GK,Brentford,5,3,0,2026-02-28T15:00:00Z,90,1,0,0,0,3,0,1,13.0,0.0,0.0,1.3,0.0,0.0,0.0,0.97,1,39
2025-26,28,106,Nathan Collins,DEF,Brentford,5,3,0,2026-02-28T15:00:00Z,0,0,0,0,0,0,0,0,0.0,0.0,0.0,0.0,0.0,0.0,0.0,0.0,0,50
2025-26,28,107,Keane Lewis-Potter,DEF,Brentford,5,3,0,2026-02-28T15:00:00Z,18,1,0,0,0,0,0,5,3.6,10.8,8.0,2.2,0.0,0.04,0.04,0.15,0,48
2025-26,28,108,Kristoffer Ajer,DEF,Brentford,5,3,0,2026-02-28T15:00:00Z,90,1,0,0,0,3,0,6,19.2,24.8,4.0,4.8,0.0,0.08,0.08,0.97,1,44
2025-26,28,109,Rico Henry,DEF,Brentford,5,3,0,2026-02-28T15:00:00Z,90,4,0,1,0,3,0,18,33.2,26.9,8.0,6.8,0.0,0.08,0.08,0.97,1,43
2025-26,28,110,Michael Kayode,DEF,Brentford,5,3,0,2026-02-28T15:00:00Z,90,-1,0,0,0,3,0,4,15.2,20.8,4.0,4.0,0.0,0.14,0.14,0.97,1,45
2025-26,28,111,Ethan Pinnock,DEF,Brentford,5,3,0,2026-02-28T15:00:00Z,0,0,0,0,0,0,0,0,0.0,0.0,0.0,0.0,0.0,0.0,0.0,0.0,0,42
2025-26,28,112,Mads Roerslev Rasmussen,DEF,Brentford,5,3,0,2026-02-28T15:00:00Z,0,0,0,0,0,0,0,0,0.0,0.0,0.0,0.0,0.0,0.0,0.0,0.0,0,45
2025-26,28,113,Sepp van den Berg,DEF,Brentford,5,3,0,2026-02-28T15:00:00Z,90,6,0,1,0,3,0,16,25.2,1.3,19.0,4.6,0.28,0.01,0.29,0.97,1,45
2025-26,28,114,Benjamin Arthur,DEF,Brentford,5,3,0,2026-02-28T15:00:00Z,0,0,0,0,0,0,0,0,0.0,0.0,0.0,0.0,0.0,0.0,0.0,0.0,0,38
2025-26,28,115,Benjamin Fredrick,DEF,Brentford,5,3,0,2026-02-28T15:00:00Z,0,0,0,0,0,0,0,0,0.0,0.0,0.0,0.0,0.0,0.0,0.0,0.0,0,40
2025-26,28,116,Aaron Hickey,DEF,Brentford,5,3,0,2026-02-28T15:00:00Z,0,0,0,0,0,0,0,0,0.0,0.0,0.0,0.0,0.0,0.0,0.0,0.0,0,40
2025-26,28,117,Kim Ji-soo,DEF,Brentford,5,3,0,2026-02-28T15:00:00Z,0,0,0,0,0,0,0,0,0.0,0.0,0.0,0.0,0.0,0.0,0.0,0.0,0,39
2025-26,28,118,Jayden Meghoma,DEF,Brentford,5,3,0,2026-02-28T15:00:00Z,0,0,0,0,0,0,0,0,0.0,0.0,0.0,0.0,0.0,0.0,0.0,0.0,0,40
2025-26,28,119,Bryan Mbeumo,MID,Man Utd,14,8,1,2026-03-01T14:00:00Z,85,2,0,0,0,1,0,18,9.8,49.2,6.0,6.5,0.0,0.23,0.23,0.38,1,87
2025-26,28,120,Kevin Schade,MID,Brentford,5,3,0,2026-02-28T15:00:00Z,71,7,1,0,0,3,0,22,35.0,3.3,41.0,7.9,0.99,0.02,1.01,0.82,1,69
2025-26,28,121,Mikkel Damsgaard,MID,Brentford,5,3,0,2026-02-28T15:00:00Z,90,18,2,1,0,3,3,63,88.4,29.4,50.0,16.8,0.39,0.24,0.63,0.97,1,56
2025-26,28,122,Antoni Milambo,MID,Brentford,5,3,0,2026-02-28T15:00:00Z,0,0,0,0,0,0,0,0,0.0,0.0,0.0,0.0,0.0,0.0,0.0,0.0,0,52
2025-26,28,123,Fábio Freitas Gouveia Carvalho,MID,Brentford,5,3,0,2026-02-28T15:00:00Z,0,0,0,0,0,0,0,0,0.0,0.0,0.0,0.0,0.0,0.0,0.0,0.0,0,47
2025-26,28,124,Jordan Henderson,MID,Brentford,5,3,0,2026-02-28T15:00:00Z,18,1,0,0,0,0,0,5,4.4,13.5,0.0,1.8,0.0,0.02,0.02,0.15,0,50
2025-26,28,125,Vitaly Janelt,MID,Brentford,5,3,0,2026-02-28T15:00:00Z,0,0,0,0,0,0,0,0,0.0,0.0,0.0,0.0,0.0,0.0,0.0,0.0,0,49
2025-26,28,126,Mathias Jensen,MID,Brentford,5,3,0,2026-02-28T15:00:00Z,90,2,0,0,0,3,0,17,17.2,14.7,7.0,3.9,0.05,0.04,0.09,0.97,1,49
2025-26,28,127,Gustavo Nunes Fernandes Gomes,MID,Brentford,5,3,0,2026-02-28T15:00:00Z,0,0,0,0,0,0,0,0,0.0,0.0,0.0,0.0,0.0,0.0,0.0,0.0,0,49
2025-26,28,128,Frank Onyeka,MID,Brentford,5,3,0,2026-02-28T15:00:00Z,0,0,0,0,0,0,0,0,0.0,0.0,0.0,0.0,0.0,0.0,0.0,0.0,0,48
2025-26,28,129,Yehor Yarmoliuk,MID,Brentford,5,3,0,2026-02-28T15:00:00Z,71,1,0,0,0,3,0,11,12.0,1.9,2.0,1.6,0.0,0.0,0.0,0.82,1,50
2025-26,28,130,Romelle Donovan,MID,Brentford,5,3,0,2026-02-28T15:00:00Z,18,1,0,0,0,0,0,6,2.2,0.3,4.0,0.7,0.02,0.0,0.02,0.15,0,44
2025-26,28,131,Yunus Emre Konak,MID,Brentford,5,3,0,2026-02-28T15:00:00Z,0,0,0,0,0,0,0,0,0.0,0.0,0.0,0.0,0.0,0.0,0.0,0.0,0,43
2025-26,28,132,Paris Maghoma,MID,Brentford,5,3,0,2026-02-28T15:00:00Z,0,0,0,0,0,0,0,0,0.0,0.0,0.0,0.0,0.0,0.0,0.0,0.0,0,45
2025-26,28,133,Myles Peart-Harris,MID,Brentford,5,3,0,2026-02-28T15:00:00Z,0,0,0,0,0,0,0,0,0.0,0.0,0.0,0.0,0.0,0.0,0.0,0.0,0,44
2025-26,28,134,Ryan Trevitt,MID,Brentford,5,3,0,2026-02-28T15:00:00Z,0,0,0,0,0,0,0,0,0.0,0.0,0.0,0.0,0.0,0.0,0.0,0.0,0,45
2025-26,28,135,Yoane Wissa,FWD,Newcastle,15,9,1,2026-02-28T15:00:00Z,15,1,0,0,0,1,0,1,0.0,1.4,4.0,0.3,0.07,0.0,0.07,0.91,0,73
2025-26,28,136,Igor Thiago Nascimento Rodrigues,FWD,Brentford,5,3,0,2026-02-28T15:00:00Z,90,6,1,0,0,3,1,35,39.4,15.5,58.0,11.3,0.58,0.03,0.61,0.97,1,71
2025-26,28,137,Iwan Morgan,FWD,Brentford,5,3,0,2026-02-28T15:00:00Z,0,0,0,0,0,0,0,0,0.0,0.0,0.0,0.0,0.0,0.0,0.0,0.0,0,44
2025-26,28,138,Jason Steele,GK,Brighton,6,16,1,2026-03-01T14:00:00Z,0,0,0,0,0,0,0,0,0.0,0.0,0.0,0.0,0.0,0.0,0.0,0.0,0,42
2025-26,28,139,Bart Verbruggen,GK,Brighton,6,16,1,2026-03-01T14:00:00Z,90,3,0,0,0,1,0,14,25.6,0.0,0.0,2.6,0.0,0.0,0.0,0.93,1,45
2025-26,28,140,Tom McGill,GK,Brighton,6,16,1,2026-03-01T14:00:00Z,0,0,0,0,0,0,0,0,0.0,0.0,0.0,0.0,0.0,0.0,0.0,0.0,0,39
2025-26,28,141,Carl Rushworth,GK,Brighton,6,16,1,2026-03-01T14:00:00Z,0,0,0,0,0,0,0,0,0.0,0.0,0.0,0.0,0.0,0.0,0.0,0.0,0,40
2025-26,28,142,Kjell Scherpen,GK,Brighton,6,16,1,2026-03-01T14:00:00Z,0,0,0,0,0,0,0,0,0.0,0.0,0.0,0.0,0.0,0.0,0.0,0.0,0,40
2025-26,28,143,Olivier Boscagli,DEF,Brighton,6,16,1,2026-03-01T14:00:00Z,0,0,0,0,0,0,0,0,0.0,0.0,0.0,0.0,0.0,0.0,0.0,0.0,0,42
2025-26,28,144,Diego Coppola,DEF,Brighton,6,16,1,2026-03-01T14:00:00Z,0,0,0,0,0,0,0,0,0.0,0.0,0.0,0.0,0.0,0.0,0.0,0.0,0,42
2025-26,28,145,Maxim De Cuyper,DEF,Brighton,6,16,1,2026-03-01T14:00:00Z,1,1,0,0,0,0,0,4,1.0,0.0,0.0,0.1,0.0,0.0,0.0,0.25,0,43
2025-26,28,146,Lewis Dunk,DEF,Brighton,6,16,1,2026-03-01T14:00:00Z,90,1,0,0,0,1,0,10,28.2,0.9,2.0,3.1,0.0,0.01,0.01,0.93,1,45
2025-26,28,147,Pervis Estupiñán Tenorio,DEF,Brighton,6,16,1,2026-03-01T14:00:00Z,0,0,0,0,0,0,0,0,0.0,0.0,0.0,0.0,0.0,0.0,0.0,0.0,0,45
2025-26,28,148,Ferdi Kadıoğlu,DEF,Brighton,6,16,1,2026-03-01T14:00:00Z,90,2,0,0,0,1,0,7,6.0,2.9,6.0,1.5,0.03,0.06,0.09,0.93,1,44
2025-26,28,149,Igor Julio dos Santos de Paulo,DEF,Brighton,6,16,1,2026-03-01T14:00:00Z,0,0,0,0,0,0,0,0,0.0,0.0,0.0,0.0,0.0,0.0,0.0,0.0,0,45
2025-26,28,150,Tariq Lamptey,DEF,Brighton,6,16,1,2026-03-01T14:00:00Z,0,0,0,0,0,0,0,0,0.0,0.0,0.0,0.0,0.0,0.0,0.0,0.0,0,44
2025-26,28,151,Jan Paul van Hecke,DEF,Brighton,6,16,1,2026-03-01T14:00:00Z,90,4,0,0,0,1,0,17,38.2,14.8,0.0,5.3,0.0,0.05,0.05,0.93,1,44
2025-26,28,152,Joël Veltman,DEF,Brighton,6,16,1,2026-03-01T14:00:00Z,19,1,0,0,0,0,0,5,1.4,0.6,0.0,0.2,0.0,0.01,0.01,0.56,0,43
2025-26,28,153,Adam Webster,DEF,Brighton,6,16,1,2026-03-01T14:00:00Z,0,0,0,0,0,0,0,0,0.0,0.0,0.0,0.0,0.0,0.0,0.0,0.0,0,44
2025-26,28,154,Eiran Cashin,DEF,Brighton,6,16,1,2026-03-01T14:00:00Z,0,0,0,0,0,0,0,0,0.0,0.0,0.0,0.0,0.0,0.0,0.0,0.0,0,40
2025-26,28,155,Jacob Slater,DEF,Brighton,6,16,1,2026-03-01T14:00:00Z,0,0,0,0,0,0,0,0,0.0,0.0,0.0,0.0,0.0,0.0,0.0,0.0,0,40
2025-26,28,156,Charlie Tasker,DEF,Brighton,6,16,1,2026-03-01T14:00:00Z,0,0,0,0,0,0,0,0,0.0,0.0,0.0,0.0,0.0,0.0,0.0,0.0,0,38
2025-26,28,157,Mitoma Kaoru,MID,Brighton,6,16,1,2026-03-01T14:00:00Z,90,1,0,0,0,1,0,11,12.2,28.6,34.0,7.5,0.62,0.1,0.72,0.68,1,61
2025-26,28,158,Georginio Rutter,MID,Brighton,6,16,1,2026-03-01T14:00:00Z,0,0,0,0,0,0,0,0,0.0,0.0,0.0,0.0,0.0,0.0,0.0,0.0,0,56
2025-26,28,159,Solly March,MID,Brighton,6,16,1,2026-03-01T14:00:00Z,4,1,0,0,0,0,0,4,0.0,0.0,0.0,0.0,0.0,0.0,0.0,0.25,0,58
2025-26,28,160,Yankuba Minteh,MID,Brighton,6,16,1,2026-03-01T14:00:00Z,0,0,0,0,0,0,0,0,0.0,0.0,0.0,0.0,0.0,0.0,0.0,0.0,0,56
2025-26,28,161,Julio Enciso Espínola,MID,Brighton,6,16,1,2026-03-01T14:00:00Z,0,0,0,0,0,0,0,0,0.0,0.0,0.0,0.0,0.0,0.0,0.0,0.0,0,54
2025-26,28,162,Brajan Gruda,MID,Brighton,6,16,1,2026-03-01T14:00:00Z,0,0,0,0,0,0,0,0,0.0,0.0,0.0,0.0,0.0,0.0,0.0,0.0,0,54
2025-26,28,163,Jack Hinshelwood,MID,Brighton,6,16,1,2026-03-01T14:00:00Z,90,5,0,1,0,1,0,10,19.0,13.6,29.0,6.2,0.11,0.13,0.24,0.93,1,51
2025-26,28,164,Matt O'Riley,MID,Brighton,6,16,1,2026-03-01T14:00:00Z,0,0,0,0,0,0,0,0,0.0,0.0,0.0,0.0,0.0,0.0,0.0,0.0,0,55
2025-26,28,165,Abdallah Sima,MID,Brighton,6,16,1,2026-03-01T14:00:00Z,0,0,0,0,0,0,0,0,0.0,0.0,0.0,0.0,0.0,0.0,0.0,0.0,0,54
2025-26,28,166,Yasin Ayari,MID,Brighton,6,16,1,2026-03-01T14:00:00Z,0,0,0,0,0,0,0,0,0.0,0.0,0.0,0.0,0.0,0.0,0.0,0.0,0,48
2025-26,28,167,Carlos Baleba,MID,Brighton,6,16,1,2026-03-01T14:00:00Z,4,1,0,0,0,0,0,3,2.0,1.1,0.0,0.3,0.0,0.0,0.0,0.25,0,45
2025-26,28,168,Facundo Buonanotte,MID,Leeds,11,13,1,2026-02-28T17:30:00Z,0,0,0,0,0,0,0,0,0.0,0.0,0.0,0.0,0.0,0.0,0.0,0.0,0,46
2025-26,28,169,Diego Gómez Amarilla,MID,Brighton,6,16,1,2026-03-01T14:00:00Z,85,9,1,0,0,1,2,37,49.4,28.1,25.0,10.3,0.06,0.05,0.11,0.68,1,49
2025-26,28,170,James Milner,MID,Brighton,6,16,1,2026-03-01T14:00:00Z,85,2,0,0,0,1,0,13,6.4,15.9,0.0,2.2,0.0,0.03,0.03,0.68,1,49
2025-26,28,171,Jeremy Sarmiento Morante,MID,Brighton,6,16,1,2026-03-01T14:00:00Z,0,0,0,0,0,0,0,0,0.0,0.0,0.0,0.0,0.0,0.0,0.0,0.0,0,49
2025-26,28,172,Tom Watson,MID,Brighton,6,16,1,2026-03-01T14:00:00Z,0,0,0,0,0,0,0,0,0.0,0.0,0.0,0.0,0.0,0.0,0.0,0.0,0,48
2025-26,28,173,Mats Wieffer,MID,Brighton,6,16,1,2026-03-01T14:00:00Z,70,1,0,0,0,1,0,9,8.6,12.3,7.0,2.8,0.1,0.02,0.12,0.38,1,49
2025-26,28,174,Malick Yalcouyé,MID,Brighton,6,16,1,2026-03-01T14:00:00Z,0,0,0,0,0,0,0,0,0.0,0.0,0.0,0.0,0.0,0.0,0.0,0.0,0,50
2025-26,28,175,Joe Knight,MID,Brighton,6,16,1,2026-03-01T14:00:00Z,0,0,0,0,0,0,0,0,0.0,0.0,0.0,0.0,0.0,0.0,0.0,0.0,0,44
2025-26,28,176,Adrian Mazilu,MID,Brighton,6,16,1,2026-03-01T14:00:00Z,0,0,0,0,0,0,0,0,0.0,0.0,0.0,0.0,0.0,0.0,0.0,0.0,0,45
2025-26,28,177,Andrew Moran,MID,Brighton,6,16,1,2026-03-01T14:00:00Z,0,0,0,0,0,0,0,0,0.0,0.0,0.0,0.0,0.0,0.0,0.0,0.0,0,45
2025-26,28,178,Danny Welbeck,FWD,Brighton,6,16,1,2026-03-01T14:00:00Z,90,9,1,0,0,1,3,41,40.2,20.8,29.0,9.0,0.38,0.28,0.66,0.93,1,61
2025-26,28,179,Evan Ferguson,FWD,Brighton,6,16,1,2026-03-01T14:00:00Z,0,0,0,0,0,0,0,0,0.0,0.0,0.0,0.0,0.0,0.0,0.0,0.0,0,55
2025-26,28,180,Stefanos Tzimas,FWD,Brighton,6,16,1,2026-03-01T14:00:00Z,0,0,0,0,0,0,0,0,0.0,0.0,0.0,0.0,0.0,0.0,0.0,0.0,0,52
2025-26,28,181,Charalampos Kostoulas,FWD,Brighton,6,16,1,2026-03-01T14:00:00Z,0,0,0,0,0,0,0,0,0.0,0.0,0.0,0.0,0.0,0.0,0.0,0.0,0,48
2025-26,28,182,James Trafford,GK,Man City,13,11,0,2026-02-28T17:30:00Z,0,0,0,0,0,0,0,0,0.0,0.0,0.0,0.0,0.0,0.0,0.0,0.0,0,45
2025-26,28,183,Max Weiß,GK,Burnley,3,5,1,2026-02-28T15:00:00Z,0,0,0,0,0,0,0,0,0.0,0.0,0.0,0.0,0.0,0.0,0.0,0.0,0,43
2025-26,28,184,Etienne Green,GK,Burnley,3,5,1,2026-02-28T15:00:00Z,0,0,0,0,0,0,0,0,0.0,0.0,0.0,0.0,0.0,0.0,0.0,0.0,0,40
2025-26,28,185,Václav Hladký,GK,Burnley,3,5,1,2026-02-28T15:00:00Z,0,0,0,0,0,0,0,0,0.0,0.0,0.0,0.0,0.0,0.0,0.0,0.0,0,39
2025-26,28,186,Connor Roberts,DEF,Burnley,3,5,1,2026-02-28T15:00:00Z,0,0,0,0,0,0,0,0,0.0,0.0,0.0,0.0,0.0,0.0,0.0,0.0,0,44
2025-26,28,187,Kyle Walker,DEF,Burnley,3,5,1,2026-02-28T15:00:00Z,0,0,0,0,0,0,0,0,0.0,0.0,0.0,0.0,0.0,0.0,0.0,0.0,0,44
2025-26,28,188,Hannes Delcroix,DEF,Burnley,3,5,1,2026-02-28T15:00:00Z,0,0,0,0,0,0,0,0,0.0,0.0,0.0,0.0,0.0,0.0,0.0,0.0,0,38
2025-26,28,189,Owen Dodgson,DEF,Burnley,3,5,1,2026-02-28T15:00:00Z,0,0,0,0,0,0,0,0,0.0,0.0,0.0,0.0,0.0,0.0,0.0,0.0,0,40
2025-26,28,190,Hjalmar Ekdal,DEF,Burnley,3,5,1,2026-02-28T15:00:00Z,0,0,0,0,0,0,0,0,0.0,0.0,0.0,0.0,0.0,0.0,0.0,0.0,0,39
2025-26,28,191,Maxime Estève,DEF,Burnley,3,5,1,2026-02-28T15:00:00Z,90,0,0,0,0,4,0,-2,17.8,0.5,4.0,2.2,0.09,0.05,0.14,2.25,1,39
2025-26,28,192,Quilindschy Hartman,DEF,Burnley,3,5,1,2026-02-28T15:00:00Z,0,0,0,0,0,0,0,0,0.0,0.0,0.0,0.0,0.0,0.0,0.0,0.0,0,40
2025-26,28,193,Bashir Humphreys,DEF,Burnley,3,5,1,2026-02-28T15:00:00Z,90,1,0,0,0,4,0,-1,24.4,15.8,0.0,4.0,0.0,0.11,0.11,2.25,1,39
2025-26,28,194,Jordan Beyer,DEF,Burnley,3,5,1,2026-02-28T15:00:00Z,0,0,0,0,0,0,0,0,0.0,0.0,0.0,0.0,0.0,0.0,0.0,0.0,0,39
2025-26,28,195,Lucas Pires Silva,DEF,Burnley,3,5,1,2026-02-28T15:00:00Z,90,0,0,0,0,4,0,7,15.4,15.6,0.0,3.1,0.0,0.22,0.22,2.25,1,38
2025-26,28,196,Shurandy Sambo,DEF,Burnley,3,5,1,2026-02-28T15:00:00Z,0,0,0,0,0,0,0,0,0.0,0.0,0.0,0.0,0.0,0.0,0.0,0.0,0,40
2025-26,28,197,Oliver Sonne,DEF,Burnley,3,5,1,2026-02-28T15:00:00Z,0,0,0,0,0,0,0,0,0.0,0.0,0.0,0.0,0.0,0.0,0.0,0.0,0,38
2025-26,28,198,Axel Tuanzebe,DEF,Burnley,3,5,1,2026-02-28T15:00:00Z,0,0,0,0,0,0,0,0,0.0,0.0,0.0,0.0,0.0,0.0,0.0,0.0,0,39
2025-26,28,199,Joe Worrall,DEF,Burnley,3,5,1,2026-02-28T15:00:00Z,90,2,0,0,0,4,0,-5,19.8,0.0,9.0,2.9,0.08,0.0,0.08,2.25,1,38
2025-26,28,200,Jaidon Anthony,MID,Burnley,3,5,1,2026-02-28T15:00:00Z,90,10,1,1,0,4,0,33,40.4,2.4,43.0,8.6,0.34,0.02,0.36,2.25,1,50
2025-26,28,201,Manuel Benson Hedilazio,MID,Burnley,3,5,1,2026-02-28T15:00:00Z,0,0,0,0,0,0,0,0,0.0,0.0,0.0,0.0,0.0,0.0,0.0,0.0,0,54
2025-26,28,202,Jacob Bruun Larsen,MID,Burnley,3,5,1,2026-02-28T15:00:00Z,45,1,0,0,0,3,0,3,0.2,0.8,0.0,0.1,0.0,0.0,0.0,1.8,1,53
2025-26,28,203,Enock Agyei,MID,Burnley,3,5,1,2026-02-28T15:00:00Z,0,0,0,0,0,0,0,0,0.0,0.0,0.0,0.0,0.0,0.0,0.0,0.0,0,47
2025-26,28,204,Darko Churlinov,MID,Burnley,3,5,1,2026-02-28T15:00:00Z,0,0,0,0,0,0,0,0,0.0,0.0,0.0,0.0,0.0,0.0,0.0,0.0,0,49
2025-26,28,205,Josh Cullen,MID,Burnley,3,5,1,2026-02-28T15:00:00Z,0,0,0,0,0,0,0,0,0.0,0.0,0.0,0.0,0.0,0.0,0.0,0.0,0,49
2025-26,28,206,Marcus Edwards,MID,Burnley,3,5,1,2026-02-28T15:00:00Z,0,0,0,0,0,0,0,0,0.0,0.0,0.0,0.0,0.0,0.0,0.0,0.0,0,47
2025-26,28,207,Hannibal Mejbri,MID,Burnley,3,5,1,2026-02-28T15:00:00Z,83,10,0,2,0,3,2,43,48.4,32.3,1.0,8.2,0.04,0.15,0.19,1.93,1,47
2025-26,28,208,Luca Koleosho,MID,Burnley,3,5,1,2026-02-28T15:00:00Z,0,0,0,0,0,0,0,0,0.0,0.0,0.0,0.0,0.0,0.0,0.0,0.0,0,50
2025-26,28,209,Josh Laurent,MID,Burnley,3,5,1,2026-02-28T15:00:00Z,45,1,0,0,0,3,0,9,16.8,41.6,0.0,5.8,0.0,0.04,0.04,1.8,1,48
2025-26,28,210,Loum Tchaouna,MID,Burnley,3,5,1,2026-02-28T15:00:00Z,6,1,0,0,0,1,0,5,6.0,14.5,0.0,2.1,0.0,0.09,0.09,0.31,0,49
2025-26,28,211,Aaron Ramsey,MID,Burnley,3,5,1,2026-02-28T15:00:00Z,0,0,0,0,0,0,0,0,0.0,0.0,0.0,0.0,0.0,0.0,0.0,0.0,0,44
2025-26,28,212,Oluwaseun Adewumi,MID,Burnley,3,5,1,2026-02-28T15:00:00Z,0,0,0,0,0,0,0,0,0.0,0.0,0.0,0.0,0.0,0.0,0.0,0.0,0,45
2025-26,28,213,Jaydon Banel,MID,Burnley,3,5,1,2026-02-28T15:00:00Z,0,0,0,0,0,0,0,0,0.0,0.0,0.0,0.0,0.0,0.0,0.0,0.0,0,45
2025-26,28,214,Mike Trésor Ndayishimiye,MID,Burnley,3,5,1,2026-02-28T15:00:00Z,0,0,0,0,0,0,0,0,0.0,0.0,0.0,0.0,0.0,0.0,0.0,0.0,0,44
2025-26,28,215,Zian Flemming,FWD,Burnley,3,5,1,2026-02-28T15:00:00Z,90,6,1,0,0,3,0,34,35.2,3.3,27.0,6.6,0.32,0.01,0.33,1.96,1,53
2025-26,28,216,Zeki Amdouni,FWD,Burnley,3,5,1,2026-02-28T15:00:00Z,0,0,0,0,0,0,0,0,0.0,0.0,0.0,0.0,0.0,0.0,0.0,0.0,0,48
2025-26,28,217,Lyle Foster,FWD,Burnley,3,5,1,2026-02-28T15:00:00Z,45,0,0,0,0,1,0,3,7.2,13.3,0.0,2.1,0.0,0.02,0.02,0.45,0,49
2025-26,28,218,Ashley Barnes,FWD,Burnley,3,5,1,2026-02-28T15:00:00Z,1,1,0,0,0,1,0,2,0.0,0.0,0.0,0.0,0.0,0.0,0.0,0.29,0,42
2025-26,28,219,Michael Obafemi,FWD,Burnley,3,5,1,2026-02-28T15:00:00Z,0,0,0,0,0,0,0,0,0.0,0.0,0.0,0.0,0.0,0.0,0.0,0.0,0,44
2025-26,28,220,Robert Lynch Sánchez,GK,Chelsea,7,1,0,2026-03-01T16:30:00Z,90,2,0,0,0,2,0,10,7.2,0.0,0.0,0.7,0.0,0.0,0.0,1.13,1,49
2025-26,28,221,Filip Jörgensen,GK,Chelsea,7,1,0,2026-03-01T16:30:00Z,0,0,0,0,0,0,0,0,0.0,0.0,0.0,0.0,0.0,0.0,0.0,0.0,0,43
2025-26,28,222,Mike Penders,GK,Chelsea,7,1,0,2026-03-01T16:30:00Z,0,0,0,0,0,0,0,0,0.0,0.0,0.0,0.0,0.0,0.0,0.0,0.0,0,40
2025-26,28,223,Gabriel Słonina,GK,Chelsea,7,1,0,2026-03-01T16:30:00Z,0,0,0,0,0,0,0,0,0.0,0.0,0.0,0.0,0.0,0.0,0.0,0.0,0,39
2025-26,28,224,Marc Cucurella Saseta,DEF,Chelsea,7,1,0,2026-03-01T16:30:00Z,0,0,0,0,0,0,0,0,0.0,0.0,0.0,0.0,0.0,0.0,0.0,0.0,0,60
2025-26,28,225,Reece James,DEF,Chelsea,7,1,0,2026-03-01T16:30:00Z,90,6,0,1,0,2,2,26,0.8,0.2,0.0,0.1,0.0,0.35,0.35,1.13,1,56
2025-26,28,226,Trevoh Chalobah,DEF,Chelsea,7,1,0,2026-03-01T16:30:00Z,90,1,0,0,0,2,0,11,3.2,0.1,0.0,0.3,0.0,0.24,0.24,1.13,1,57
2025-26,28,227,Levi Samuels Colwill,DEF,Chelsea,7,1,0,2026-03-01T16:30:00Z,0,0,0,0,0,0,0,0,0.0,0.0,0.0,0.0,0.0,0.0,0.0,0.0,0,47
2025-26,28,228,Malo Gusto,DEF,Chelsea,7,1,0,2026-03-01T16:30:00Z,15,1,0,0,0,0,0,4,0.0,0.0,0.0,0.0,0.0,0.0,0.0,0.1,0,49
2025-26,28,229,Benoît Badiashile Mukinayi,DEF,Chelsea,7,1,0,2026-03-01T16:30:00Z,0,0,0,0,0,0,0,0,0.0,0.0,0.0,0.0,0.0,0.0,0.0,0.0,0,44
2025-26,28,230,Wesley Fofana,DEF,Chelsea,7,1,0,2026-03-01T16:30:00Z,0,0,0,0,0,0,0,0,0.0,0.0,0.0,0.0,0.0,0.0,0.0,0.0,0,44
2025-26,28,231,Mamadou Sarr,DEF,Chelsea,7,1,0,2026-03-01T16:30:00Z,89,1,0,0,0,2,0,2,6.2,0.1,7.0,1.3,0.35,0.0,0.35,1.13,1,45
2025-26,28,232,Tosin Adarabioyo,DEF,Chelsea,7,1,0,2026-03-01T16:30:00Z,1,1,0,0,0,0,0,4,0.0,0.0,0.0,0.0,0.0,0.0,0.0,0.0,0,40
2025-26,28,233,Josh Acheampong,DEF,Chelsea,7,1,0,2026-03-01T16:30:00Z,0,0,0,0,0,0,0,0,0.0,0.0,0.0,0.0,0.0,0.0,0.0,0.0,0,37
2025-26,28,234,Aarón Anselmino,DEF,Chelsea,7,1,0,2026-03-01T16:30:00Z,0,0,0,0,0,0,0,0,0.0,0.0,0.0,0.0,0.0,0.0,0.0,0.0,0,40
2025-26,28,235,Cole Palmer,MID,Chelsea,7,1,0,2026-03-01T16:30:00Z,85,1,0,0,0,2,0,-4,0.0,1.5,3.0,0.3,0.03,0.02,0.05,1.13,1,106
2025-26,28,236,Pedro Lomba Neto,MID,Chelsea,7,1,0,2026-03-01T16:30:00Z,69,-1,0,0,0,2,0,-3,2.2,10.8,2.0,1.5,0.03,0.04,0.07,1.03,1,70
2025-26,28,237,Enzo Fernández,MID,Chelsea,7,1,0,2026-03-01T16:30:00Z,85,1,0,0,0,2,0,11,2.6,1.7,0.0,0.4,0.02,0.01,0.03,1.13,1,68
2025-26,28,238,Estêvão Almeida de Oliveira Gonçalves,MID,Chelsea,7,1,0,2026-03-01T16:30:00Z,0,0,0,0,0,0,0,0,0.0,0.0,0.0,0.0,0.0,0.0,0.0,0.0,0,64
2025-26,28,239,Jamie Bynoe-Gittens,MID,Chelsea,7,1,0,2026-03-01T16:30:00Z,0,0,0,0,0,0,0,0,0.0,0.0,0.0,0.0,0.0,0.0,0.0,0.0,0,60
2025-26,28,240,Christopher Nkunku,MID,Chelsea,7,1,0,2026-03-01T16:30:00Z,0,0,0,0,0,0,0,0,0.0,0.0,0.0,0.0,0.0,0.0,0.0,0.0,0,59
2025-26,28,241,Moisés Caicedo Corozo,MID,Chelsea,7,1,0,2026-03-01T16:30:00Z,90,4,0,0,0,2,0,16,4.6,0.3,0.0,0.5,0.05,0.02,0.07,1.13,1,57
2025-26,28,242,Kiernan Dewsbury-Hall,MID,Everton,9,15,0,2026-02-28T15:00:00Z,88,6,0,1,0,2,0,25,30.8,33.0,2.0,6.6,0.0,0.62,0.62,1.0,1,50
2025-26,28,243,Tyrique George,MID,Everton,9,15,0,2026-02-28T15:00:00Z,0,0,0,0,0,0,0,0,0.0,0.0,0.0,0.0,0.0,0.0,0.0,0.0,0,48
2025-26,28,244,Roméo Lavia,MID,Chelsea,7,1,0,2026-03-01T16:30:00Z,15,1,0,0,0,0,0,3,0.0,0.0,0.0,0.0,0.0,0.01,0.01,0.1,0,49
2025-26,28,245,Mykhailo Mudryk,MID,Chelsea,7,1,0,2026-03-01T16:30:00Z,0,0,0,0,0,0,0,0,0.0,0.0,0.0,0.0,0.0,0.0,0.0,0.0,0,49
2025-26,28,246,Andrey Nascimento dos Santos,MID,Chelsea,7,1,0,2026-03-01T16:30:00Z,74,2,0,0,0,2,0,10,2.0,0.1,0.0,0.2,0.0,0.0,0.0,1.03,1,45
2025-26,28,247,Dário Luís Essugo,MID,Chelsea,7,1,0,2026-03-01T16:30:00Z,0,0,0,0,0,0,0,0,0.0,0.0,0.0,0.0,0.0,0.0,0.0,0.0,0,43
2025-26,28,248,Kendry Páez Andrade,MID,Chelsea,7,1,0,2026-03-01T16:30:00Z,0,0,0,0,0,0,0,0,0.0,0.0,0.0,0.0,0.0,0.0,0.0,0.0,0,45
2025-26,28,249,João Pedro Junqueira de Jesus,FWD,Chelsea,7,1,0,2026-03-01T16:30:00Z,90,2,0,0,0,2,0,0,0.0,2.4,0.0,0.2,0.57,0.01,0.58,1.13,1,77
2025-26,28,250,Liam Delap,FWD,Chelsea,7,1,0,2026-03-01T16:30:00Z,4,1,0,0,0,0,0,2,0.0,0.0,0.0,0.0,0.0,0.0,0.0,0.0,0,62
2025-26,28,251,Nicolas Jackson,FWD,Chelsea,7,1,0,2026-03-01T16:30:00Z,0,0,0,0,0,0,0,0,0.0,0.0,0.0,0.0,0.0,0.0,0.0,0.0,0,65
2025-26,28,252,Marc Guiu Paz,FWD,Chelsea,7,1,0,2026-03-01T16:30:00Z,0,0,0,0,0,0,0,0,0.0,0.0,0.0,0.0,0.0,0.0,0.0,0.0,0,41
2025-26,28,253,Dean Henderson,GK,Crystal Palace,8,14,0,2026-03-01T14:00:00Z,90,3,0,0,0,2,0,20,48.8,0.0,0.0,4.9,0.0,0.0,0.0,2.05,1,50
2025-26,28,254,Walter Benítez,GK,Crystal Palace,8,14,0,2026-03-01T14:00:00Z,0,0,0,0,0,0,0,0,0.0,0.0,0.0,0.0,0.0,0.0,0.0,0.0,0,40
2025-26,28,255,Remi Matthews,GK,Crystal Palace,8,14,0,2026-03-01T14:00:00Z,0,0,0,0,0,0,0,0,0.0,0.0,0.0,0.0,0.0,0.0,0.0,0.0,0,39
2025-26,28,256,Daniel Muñoz Mejía,DEF,Crystal Palace,8,14,0,2026-03-01T14:00:00Z,90,1,0,0,0,2,0,8,13.4,22.4,2.0,3.8,0.0,0.04,0.04,2.05,1,59
2025-26,28,257,Maxence Lacroix,DEF,Crystal Palace,8,14,0,2026-03-01T14:00:00Z,55,3,1,0,0,2,0,-3,29.4,0.2,17.0,4.7,0.02,0.01,0.03,0.44,1,51
2025-26,28,258,Tyrick Mitchell,DEF,Crystal Palace,8,14,0,2026-03-01T14:00:00Z,90,1,0,0,0,2,0,3,13.0,21.8,7.0,4.2,0.01,0.07,0.08,2.05,1,50
2025-26,28,259,Borna Sosa,DEF,Crystal Palace,8,14,0,2026-03-01T14:00:00Z,0,0,0,0,0,0,0,0,0.0,0.0,0.0,0.0,0.0,0.0,0.0,0.0,0,48
2025-26,28,260,Marc Guéhi,DEF,Man City,13,11,0,2026-02-28T17:30:00Z,90,6,0,0,1,0,0,29,29.8,2.8,33.0,6.6,0.21,0.03,0.24,1.49,1,52
2025-26,28,261,Chris Richards,DEF,Crystal Palace,8,14,0,2026-03-01T14:00:00Z,90,1,0,0,0,2,0,6,23.6,10.7,2.0,3.6,0.0,0.01,0.01,2.05,1,44
2025-26,28,262,Chadi Riad Dnanou,DEF,Crystal Palace,8,14,0,2026-03-01T14:00:00Z,32,1,0,0,0,1,0,-3,4.2,0.8,0.0,0.5,0.0,0.0,0.0,0.83,0,40
2025-26,28,263,Nathaniel Clyne,DEF,Crystal Palace,8,14,0,2026-03-01T14:00:00Z,0,0,0,0,0,0,0,0,0.0,0.0,0.0,0.0,0.0,0.0,0.0,0.0,0,38
2025-26,28,264,Rob Holding,DEF,Crystal Palace,8,14,0,2026-03-01T14:00:00Z,0,0,0,0,0,0,0,0,0.0,0.0,0.0,0.0,0.0,0.0,0.0,0.0,0,40
2025-26,28,265,Caleb Kporha,DEF,Crystal Palace,8,14,0,2026-03-01T14:00:00Z,0,0,0,0,0,0,0,0,0.0,0.0,0.0,0.0,0.0,0.0,0.0,0.0,0,40
2025-26,28,266,Eberechi Eze,MID,Arsenal,1,7,1,2026-03-01T16:30:00Z,90,2,0,0,0,1,0,11,0.0,0.6,2.0,0.1,0.25,0.07,0.32,1.05,1,72
2025-26,28,267,Ismaïla Sarr,MID,Crystal Palace,8,14,0,2026-03-01T14:00:00Z,90,2,0,0,0,2,0,13,13.8,2.6,28.0,4.4,0.11,0.03,0.14,2.05,1,64
2025-26,28,268,Cheick Doucouré,MID,Crystal Palace,8,14,0,2026-03-01T14:00:00Z,0,0,0,0,0,0,0,0,0.0,0.0,0.0,0.0,0.0,0.0,0.0,0.0,0,49
2025-26,28,269,Romain Esse,MID,Crystal Palace,8,14,0,2026-03-01T14:00:00Z,0,0,0,0,0,0,0,0,0.0,0.0,0.0,0.0,0.0,0.0,0.0,0.0,0,47
2025-26,28,270,Will Hughes,MID,Crystal Palace,8,14,0,2026-03-01T14:00:00Z,22,1,0,0,0,0,0,3,3.6,0.3,5.0,0.9,0.05,0.0,0.05,0.62,0,47
2025-26,28,271,Daichi Kamada,MID,Crystal Palace,8,14,0,2026-03-01T14:00:00Z,84,1,0,0,0,2,0,11,9.0,21.8,0.0,3.1,0.0,0.03,0.03,1.69,1,50
2025-26,28,272,Jefferson Lerma Solís,MID,Crystal Palace,8,14,0,2026-03-01T14:00:00Z,0,0,0,0,0,0,0,0,0.0,0.0,0.0,0.0,0.0,0.0,0.0,0.0,0,49
2025-26,28,273,Adam Wharton,MID,Crystal Palace,8,14,0,2026-03-01T14:00:00Z,67,2,0,0,0,2,0,7,4.4,2.4,0.0,0.7,0.0,0.01,0.01,1.43,1,50
2025-26,28,274,Asher Agbinone,MID,Crystal Palace,8,14,0,2026-03-01T14:00:00Z,0,0,0,0,0,0,0,0,0.0,0.0,0.0,0.0,0.0,0.0,0.0,0.0,0,43
2025-26,28,275,Naouirou Ahamada,MID,Crystal Palace,8,14,0,2026-03-01T14:00:00Z,0,0,0,0,0,0,0,0,0.0,0.0,0.0,0.0,0.0,0.0,0.0,0.0,0,43
2025-26,28,276,Justin Devenny,MID,Crystal Palace,8,14,0,2026-03-01T14:00:00Z,0,0,0,0,0,0,0,0,0.0,0.0,0.0,0.0,0.0,0.0,0.0,0.0,0,43
2025-26,28,277,Malcolm Ebiowei,MID,Crystal Palace,8,14,0,2026-03-01T14:00:00Z,0,0,0,0,0,0,0,0,0.0,0.0,0.0,0.0,0.0,0.0,0.0,0.0,0,45
2025-26,28,278,Jesurun Rak-Sakyi,MID,Crystal Palace,8,14,0,2026-03-01T14:00:00Z,0,0,0,0,0,0,0,0,0.0,0.0,0.0,0.0,0.0,0.0,0.0,0.0,0,44
2025-26,28,279,Matheus França de Oliveira,MID,Crystal Palace,8,14,0,2026-03-01T14:00:00Z,0,0,0,0,0,0,0,0,0.0,0.0,0.0,0.0,0.0,0.0,0.0,0.0,0,45
2025-26,28,280,David Ozoh,MID,Crystal Palace,8,14,0,2026-03-01T14:00:00Z,0,0,0,0,0,0,0,0,0.0,0.0,0.0,0.0,0.0,0.0,0.0,0.0,0,45
2025-26,28,281,Kaden Rodney,MID,Crystal Palace,8,14,0,2026-03-01T14:00:00Z,0,0,0,0,0,0,0,0,0.0,0.0,0.0,0.0,0.0,0.0,0.0,0.0,0,44
2025-26,28,282,Franco Umeh-Chibueze,MID,Crystal Palace,8,14,0,2026-03-01T14:00:00Z,0,0,0,0,0,0,0,0,0.0,0.0,0.0,0.0,0.0,0.0,0.0,0.0,0,45
2025-26,28,283,Jean-Philippe Mateta,FWD,Crystal Palace,8,14,0,2026-03-01T14:00:00Z,0,0,0,0,0,0,0,0,0.0,0.0,0.0,0.0,0.0,0.0,0.0,0.0,0,75
2025-26,28,284,Eddie Nketiah,FWD,Crystal Palace,8,14,0,2026-03-01T14:00:00Z,0,0,0,0,0,0,0,0,0.0,0.0,0.0,0.0,0.0,0.0,0.0,0.0,0,54
2025-26,28,285,Odsonne Édouard,FWD,Crystal Palace,8,14,0,2026-03-01T14:00:00Z,0,0,0,0,0,0,0,0,0.0,0.0,0.0,0.0,0.0,0.0,0.0,0.0,0,50
2025-26,28,286,Zach Marsh,FWD,Crystal Palace,8,14,0,2026-03-01T14:00:00Z,0,0,0,0,0,0,0,0,0.0,0.0,0.0,0.0,0.0,0.0,0.0,0.0,0,44
2025-26,28,287,Jordan Pickford,GK,Everton,9,15,0,2026-02-28T15:00:00Z,90,2,0,0,0,2,0,9,28.6,0.0,0.0,2.9,0.0,0.01,0.01,1.03,1,56
2025-26,28,288,Mark Travers,GK,Everton,9,15,0,2026-02-28T15:00:00Z,0,0,0,0,0,0,0,0,0.0,0.0,0.0,0.0,0.0,0.0,0.0,0.0,0,43
2025-26,28,289,Harry Tyrer,GK,Everton,9,15,0,2026-02-28T15:00:00Z,0,0,0,0,0,0,0,0,0.0,0.0,0.0,0.0,0.0,0.0,0.0,0.0,0,39
2025-26,28,290,Jarrad Branthwaite,DEF,Everton,9,15,0,2026-02-28T15:00:00Z,90,9,1,0,0,2,0,19,52.4,0.3,33.0,8.6,0.04,0.0,0.04,1.03,1,53
2025-26,28,291,James Tarkowski,DEF,Everton,9,15,0,2026-02-28T15:00:00Z,90,3,0,0,0,2,0,6,29.4,0.0,0.0,2.9,0.0,0.0,0.0,1.03,1,57
2025-26,28,292,Vitalii Mykolenko,DEF,Everton,9,15,0,2026-02-28T15:00:00Z,90,3,0,0,0,2,0,8,22.2,5.2,0.0,2.7,0.0,0.03,0.03,1.03,1,49
2025-26,28,293,Jake O'Brien,DEF,Everton,9,15,0,2026-02-28T15:00:00Z,90,1,0,0,0,2,0,3,19.0,11.1,2.0,3.2,0.0,0.14,0.14,1.03,1,49
2025-26,28,294,Séamus Coleman,DEF,Everton,9,15,0,2026-02-28T15:00:00Z,0,0,0,0,0,0,0,0,0.0,0.0,0.0,0.0,0.0,0.0,0.0,0.0,0,42
2025-26,28,295,Michael Keane,DEF,Everton,9,15,0,2026-02-28T15:00:00Z,1,1,0,0,0,0,0,4,4.0,0.0,0.0,0.4,0.0,0.0,0.0,0.02,0,46
2025-26,28,296,Nathan Patterson,DEF,Everton,9,15,0,2026-02-28T15:00:00Z,0,0,0,0,0,0,0,0,0.0,0.0,0.0,0.0,0.0,0.0,0.0,0.0,0,44
2025-26,28,297,Roman Dixon,DEF,Everton,9,15,0,2026-02-28T15:00:00Z,0,0,0,0,0,0,0,0,0.0,0.0,0.0,0.0,0.0,0.0,0.0,0.0,0,38
2025-26,28,298,Reece Welch,DEF,Everton,9,15,0,2026-02-28T15:00:00Z,0,0,0,0,0,0,0,0,0.0,0.0,0.0,0.0,0.0,0.0,0.0,0.0,0,38
2025-26,28,299,Iliman Ndiaye,MID,Everton,9,15,0,2026-02-28T15:00:00Z,90,4,0,0,0,2,0,14,14.8,8.1,3.0,2.6,0.02,0.02,0.04,1.03,1,62
2025-26,28,300,Dwight McNeil,MID,Everton,9,15,0,2026-02-28T15:00:00Z,80,6,0,1,0,1,1,27,18.0,3.5,27.0,4.9,0.16,0.01,0.17,0.95,1,55
2025-26,28,301,Carlos Alcaraz Durán,MID,Everton,9,15,0,2026-02-28T15:00:00Z,0,0,0,0,0,0,0,0,0.0,0.0,0.0,0.0,0.0,0.0,0.0,0.0,0,52
2025-26,28,302,Idrissa Gana Gueye,MID,Everton,9,15,0,2026-02-28T15:00:00Z,90,2,0,0,0,2,0,20,15.0,23.9,0.0,3.9,0.0,0.02,0.02,1.03,1,54
2025-26,28,303,James Garner,MID,Everton,9,15,0,2026-02-28T15:00:00Z,90,6,0,1,0,2,0,20,24.8,19.1,0.0,4.4,0.0,0.05,0.05,1.03,1,52
2025-26,28,304,Tim Iroegbunam,MID,Everton,9,15,0,2026-02-28T15:00:00Z,0,0,0,0,0,0,0,0,0.0,0.0,0.0,0.0,0.0,0.0,0.0,0.0,0,48
2025-26,28,305,Harrison Armstrong,MID,Everton,9,15,0,2026-02-28T15:00:00Z,9,1,0,0,0,1,0,5,4.0,0.3,0.0,0.4,0.0,0.0,0.0,0.08,0,45
2025-26,28,306,Callum Bates,MID,Everton,9,15,0,2026-02-28T15:00:00Z,0,0,0,0,0,0,0,0,0.0,0.0,0.0,0.0,0.0,0.0,0.0,0.0,0,43
2025-26,28,307,Coby Ebere,MID,Everton,9,15,0,2026-02-28T15:00:00Z,0,0,0,0,0,0,0,0,0.0,0.0,0.0,0.0,0.0,0.0,0.0,0.0,0,44
2025-26,28,308,Isaac Heath,MID,Everton,9,15,0,2026-02-28T15:00:00Z,0,0,0,0,0,0,0,0,0.0,0.0,0.0,0.0,0.0,0.0,0.0,0.0,0,45
2025-26,28,309,Jenson Metcalfe,MID,Everton,9,15,0,2026-02-28T15:00:00Z,0,0,0,0,0,0,0,0,0.0,0.0,0.0,0.0,0.0,0.0,0.0,0.0,0,45
2025-26,28,310,Thierno Barry,FWD,Everton,9,15,0,2026-02-28T15:00:00Z,16,6,1,0,0,1,2,29,31.4,1.4,39.0,7.2,0.91,0.0,0.91,0.21,0,57
2025-26,28,311,Norberto Bercique Gomes Betuncal,FWD,Everton,9,15,0,2026-02-28T15:00:00Z,73,9,1,0,0,1,3,44,48.2,12.8,37.0,9.8,1.02,0.01,1.03,0.82,1,50
2025-26,28,312,Youssef Ramalho Chermiti,FWD,Everton,9,15,0,2026-02-28T15:00:00Z,0,0,0,0,0,0,0,0,0.0,0.0,0.0,0.0,0.0,0.0,0.0,0.0,0,49
2025-26,28,313,Martin Sherif,FWD,Everton,9,15,0,2026-02-28T15:00:00Z,0,0,0,0,0,0,0,0,0.0,0.0,0.0,0.0,0.0,0.0,0.0,0.0,0,44
2025-26,28,314,Bernd Leno,GK,Fulham,10,18,1,2026-03-01T14:00:00Z,90,2,0,0,0,1,0,4,4.6,0.0,0.0,0.5,0.0,0.0,0.0,0.88,1,49
2025-26,28,315,Steven Benda,GK,Fulham,10,18,1,2026-03-01T14:00:00Z,0,0,0,0,0,0,0,0,0.0,0.0,0.0,0.0,0.0,0.0,0.0,0.0,0,40
2025-26,28,316,Antonee Robinson,DEF,Fulham,10,18,1,2026-03-01T14:00:00Z,0,0,0,0,0,0,0,0,0.0,0.0,0.0,0.0,0.0,0.0,0.0,0.0,0,49
2025-26,28,317,Joachim Andersen,DEF,Fulham,10,18,1,2026-03-01T14:00:00Z,0,0,0,0,0,0,0,0,0.0,0.0,0.0,0.0,0.0,0.0,0.0,0.0,0,45
2025-26,28,318,Calvin Bassey,DEF,Fulham,10,18,1,2026-03-01T14:00:00Z,90,1,0,0,0,1,0,5,20.6,0.9,11.0,3.3,0.29,0.05,0.34,0.88,1,44
2025-26,28,319,Timothy Castagne,DEF,Fulham,10,18,1,2026-03-01T14:00:00Z,0,0,0,0,0,0,0,0,0.0,0.0,0.0,0.0,0.0,0.0,0.0,0.0,0,43
2025-26,28,320,Issa Diop,DEF,Fulham,10,18,1,2026-03-01T14:00:00Z,90,1,0,0,0,1,0,10,24.4,0.7,2.0,2.7,0.0,0.0,0.0,0.88,1,43
2025-26,28,321,Jorge Cuenca Barreno,DEF,Fulham,10,18,1,2026-03-01T14:00:00Z,1,1,0,0,0,0,0,4,9.2,0.0,0.0,0.9,0.0,0.0,0.0,0.08,0,43
2025-26,28,322,Kenny Tete,DEF,Fulham,10,18,1,2026-03-01T14:00:00Z,90,2,0,0,0,1,0,11,13.8,11.9,11.0,3.7,0.16,0.29,0.45,0.88,1,45
2025-26,28,323,Samuel Amissah,DEF,Fulham,10,18,1,2026-03-01T14:00:00Z,0,0,0,0,0,0,0,0,0.0,0.0,0.0,0.0,0.0,0.0,0.0,0.0,0,38
2025-26,28,324,Alex Iwobi,MID,Fulham,10,18,1,2026-03-01T14:00:00Z,89,10,1,0,0,1,3,50,56.6,52.7,15.0,12.4,0.06,0.14,0.2,0.8,1,63
2025-26,28,325,Emile Smith Rowe,MID,Fulham,10,18,1,2026-03-01T14:00:00Z,71,2,0,0,0,1,0,3,7.2,3.0,25.0,3.5,0.49,0.02,0.51,0.65,1,56
2025-26,28,326,Adama Traoré Diarra,MID,West Ham,19,12,0,2026-02-28T15:00:00Z,14,1,0,0,0,1,0,1,0.0,1.3,0.0,0.1,0.0,0.0,0.0,0.62,0,51
2025-26,28,327,Andreas Hoelgebaum Pereira,MID,Fulham,10,18,1,2026-03-01T14:00:00Z,0,0,0,0,0,0,0,0,0.0,0.0,0.0,0.0,0.0,0.0,0.0,0.0,0,53
2025-26,28,328,Ryan Sessegnon,MID,Fulham,10,18,1,2026-03-01T14:00:00Z,90,4,0,0,0,1,0,11,19.6,15.7,16.0,5.1,0.1,0.01,0.11,0.88,1,54
2025-26,28,329,Harry Wilson,MID,Fulham,10,18,1,2026-03-01T14:00:00Z,71,12,1,1,0,1,2,35,50.4,12.5,28.0,9.1,0.34,0.02,0.36,0.65,1,59
2025-26,28,330,Sander Berge,MID,Fulham,10,18,1,2026-03-01T14:00:00Z,90,2,0,0,0,1,0,13,5.8,2.8,0.0,0.9,0.0,0.01,0.01,0.88,1,49
2025-26,28,331,Tom Cairney,MID,Fulham,10,18,1,2026-03-01T14:00:00Z,18,0,0,0,0,0,0,0,0.0,0.8,1.0,0.1,0.1,0.01,0.11,0.23,0,48
2025-26,28,332,Saša Lukić,MID,Fulham,10,18,1,2026-03-01T14:00:00Z,0,0,0,0,0,0,0,0,0.0,0.0,0.0,0.0,0.0,0.0,0.0,0.0,0,49
2025-26,28,333,Martial Godo,MID,Fulham,10,18,1,2026-03-01T14:00:00Z,0,0,0,0,0,0,0,0,0.0,0.0,0.0,0.0,0.0,0.0,0.0,0.0,0,45
2025-26,28,334,Luke Harris,MID,Fulham,10,18,1,2026-03-01T14:00:00Z,0,0,0,0,0,0,0,0,0.0,0.0,0.0,0.0,0.0,0.0,0.0,0.0,0,45
2025-26,28,335,Josh King,MID,Fulham,10,18,1,2026-03-01T14:00:00Z,16,1,0,0,0,0,0,1,0.0,0.3,0.0,0.0,0.0,0.0,0.0,0.23,0,44
2025-26,28,336,Harrison Reed,MID,Fulham,10,18,1,2026-03-01T14:00:00Z,0,0,0,0,0,0,0,0,0.0,0.0,0.0,0.0,0.0,0.0,0.0,0.0,0,43
2025-26,28,337,Raúl Jiménez Rodríguez,FWD,Fulham,10,18,1,2026-03-01T14:00:00Z,72,2,0,0,0,1,0,10,6.2,15.2,11.0,3.2,0.43,0.02,0.45,0.65,1,61
2025-26,28,338,Rodrigo Muniz Carvalho,FWD,Fulham,10,18,1,2026-03-01T14:00:00Z,17,1,0,0,0,0,0,6,9.0,1.2,19.0,2.9,0.1,0.0,0.1,0.23,0,53
2025-26,28,339,Illan Meslier,GK,Leeds,11,13,1,2026-02-28T17:30:00Z,0,0,0,0,0,0,0,0,0.0,0.0,0.0,0.0,0.0,0.0,0.0,0.0,0,41
2025-26,28,340,Alex Cairns,GK,Leeds,11,13,1,2026-02-28T17:30:00Z,0,0,0,0,0,0,0,0,0.0,0.0,0.0,0.0,0.0,0.0,0.0,0.0,0,39
2025-26,28,341,Karl Darlow,GK,Leeds,11,13,1,2026-02-28T17:30:00Z,90,3,0,0,0,1,0,16,36.6,0.0,0.0,3.7,0.0,0.0,0.0,2.0,1,39
2025-26,28,342,Jayden Bogle,DEF,Leeds,11,13,1,2026-02-28T17:30:00Z,75,2,0,0,0,1,0,6,9.8,14.4,2.0,2.6,0.0,0.37,0.37,2.0,1,44
2025-26,28,343,Pascal Struijk,DEF,Leeds,11,13,1,2026-02-28T17:30:00Z,90,2,0,0,0,1,0,9,20.0,10.8,2.0,3.3,0.0,0.0,0.0,2.0,1,43
2025-26,28,344,Jaka Bijol,DEF,Leeds,11,13,1,2026-02-28T17:30:00Z,3,1,0,0,0,0,0,-1,0.0,0.0,4.0,0.3,0.05,0.0,0.05,0.0,0,39
2025-26,28,345,Sebastiaan Bornauw,DEF,Leeds,11,13,1,2026-02-28T17:30:00Z,0,0,0,0,0,0,0,0,0.0,0.0,0.0,0.0,0.0,0.0,0.0,0.0,0,38
2025-26,28,346,Sam Byram,DEF,Leeds,11,13,1,2026-02-28T17:30:00Z,0,0,0,0,0,0,0,0,0.0,0.0,0.0,0.0,0.0,0.0,0.0,0.0,0,38
2025-26,28,347,Gabriel Gudmundsson,DEF,Leeds,11,13,1,2026-02-28T17:30:00Z,90,2,0,0,0,1,0,5,8.6,1.3,4.0,1.4,0.02,0.01,0.03,2.0,1,38
2025-26,28,348,Joe Rodon,DEF,Leeds,11,13,1,2026-02-28T17:30:00Z,86,2,0,0,0,1,0,10,6.0,0.5,0.0,0.7,0.0,0.02,0.02,2.0,1,39
2025-26,28,349,Isaac Schmidt,DEF,Leeds,11,13,1,2026-02-28T17:30:00Z,0,0,0,0,0,0,0,0,0.0,0.0,0.0,0.0,0.0,0.0,0.0,0.0,0,40
2025-26,28,350,Brenden Aaronson,MID,Leeds,11,13,1,2026-02-28T17:30:00Z,64,2,0,0,0,1,0,4,10.4,14.8,34.0,5.9,0.54,0.1,0.64,1.4,1,54
2025-26,28,351,Wilfried Gnonto,MID,Leeds,11,13,1,2026-02-28T17:30:00Z,15,1,0,0,0,0,0,2,0.0,0.5,4.0,0.4,0.0,0.01,0.01,0.0,0,52
2025-26,28,352,Jack Harrison,MID,Leeds,11,13,1,2026-02-28T17:30:00Z,0,0,0,0,0,0,0,0,0.0,0.0,0.0,0.0,0.0,0.0,0.0,0.0,0,51
2025-26,28,353,Daniel James,MID,Leeds,11,13,1,2026-02-28T17:30:00Z,14,1,0,0,0,0,0,3,0.2,0.7,0.0,0.1,0.0,0.0,0.0,0.0,0,52
2025-26,28,354,Ethan Ampadu,MID,Leeds,11,13,1,2026-02-28T17:30:00Z,90,4,0,0,0,1,0,15,18.6,29.3,4.0,5.2,0.05,0.11,0.16,2.0,1,49
2025-26,28,355,Sam Greenwood,MID,Leeds,11,13,1,2026-02-28T17:30:00Z,0,0,0,0,0,0,0,0,0.0,0.0,0.0,0.0,0.0,0.0,0.0,0.0,0,49
2025-26,28,356,Ilia Gruev,MID,Leeds,11,13,1,2026-02-28T17:30:00Z,74,2,0,0,0,1,0,6,8.0,0.9,2.0,1.1,0.0,0.05,0.05,2.0,1,47
2025-26,28,357,Largie Ramazani,MID,Leeds,11,13,1,2026-02-28T17:30:00Z,0,0,0,0,0,0,0,0,0.0,0.0,0.0,0.0,0.0,0.0,0.0,0.0,0,49
2025-26,28,358,Tanaka Ao,MID,Leeds,11,13,1,2026-02-28T17:30:00Z,0,0,0,0,0,0,0,0,0.0,0.0,0.0,0.0,0.0,0.0,0.0,0.0,0,48
2025-26,28,359,Charlie Crew,MID,Leeds,11,13,1,2026-02-28T17:30:00Z,0,0,0,0,0,0,0,0,0.0,0.0,0.0,0.0,0.0,0.0,0.0,0.0,0,45
2025-26,28,360,Joe Gelhardt,MID,Leeds,11,13,1,2026-02-28T17:30:00Z,0,0,0,0,0,0,0,0,0.0,0.0,0.0,0.0,0.0,0.0,0.0,0.0,0,45
2025-26,28,361,Darko Gyabi,MID,Leeds,11,13,1,2026-02-28T17:30:00Z,0,0,0,0,0,0,0,0,0.0,0.0,0.0,0.0,0.0,0.0,0.0,0.0,0,45
2025-26,28,362,Joël Piroe,FWD,Leeds,11,13,1,2026-02-28T17:30:00Z,3,1,0,0,0,0,0,3,0.2,0.1,0.0,0.0,0.0,0.0,0.0,0.0,0,49
2025-26,28,363,Patrick Bamford,FWD,Leeds,11,13,1,2026-02-28T17:30:00Z,0,0,0,0,0,0,0,0,0.0,0.0,0.0,0.0,0.0,0.0,0.0,0.0,0,49
2025-26,28,364,Mateo Joseph Fernández-Regatillo,FWD,Leeds,11,13,1,2026-02-28T17:30:00Z,0,0,0,0,0,0,0,0,0.0,0.0,0.0,0.0,0.0,0.0,0.0,0.0,0,50
2025-26,28,365,Lukas Nmecha,FWD,Leeds,11,13,1,2026-02-28T17:30:00Z,25,1,0,0,0,0,0,3,0.2,0.8,2.0,0.3,0.0,0.01,0.01,0.6,0,50
2025-26,28,366,Alisson Becker,GK,Liverpool,12,19,1,2026-02-28T15:00:00Z,90,2,0,0,0,2,0,8,22.0,0.0,0.0,2.2,0.0,0.0,0.0,1.86,1,54
2025-26,28,367,Giorgi Mamardashvili,GK,Liverpool,12,19,1,2026-02-28T15:00:00Z,0,0,0,0,0,0,0,0,0.0,0.0,0.0,0.0,0.0,0.0,0.0,0.0,0,41
2025-26,28,368,Ármin Pécsi,GK,Liverpool,12,19,1,2026-02-28T15:00:00Z,0,0,0,0,0,0,0,0,0.0,0.0,0.0,0.0,0.0,0.0,0.0,0.0,0,38
2025-26,28,369,Freddie Woodman,GK,Liverpool,12,19,1,2026-02-28T15:00:00Z,0,0,0,0,0,0,0,0,0.0,0.0,0.0,0.0,0.0,0.0,0.0,0.0,0,39
2025-26,28,370,Jeremie Frimpong,DEF,Liverpool,12,19,1,2026-02-28T15:00:00Z,13,4,0,1,0,0,0,20,7.0,10.3,2.0,1.9,0.0,0.13,0.13,0.16,0,57
2025-26,28,371,Milos Kerkez,DEF,Liverpool,12,19,1,2026-02-28T15:00:00Z,90,1,0,0,0,2,0,5,9.4,2.5,4.0,1.6,0.0,0.01,0.01,1.86,1,56
2025-26,28,372,Andrew Robertson,DEF,Liverpool,12,19,1,2026-02-28T15:00:00Z,0,0,0,0,0,0,0,0,0.0,0.0,0.0,0.0,0.0,0.0,0.0,0.0,0,57
2025-26,28,373,Virgil van Dijk,DEF,Liverpool,12,19,1,2026-02-28T15:00:00Z,90,7,1,0,0,2,0,22,57.6,11.7,35.0,10.4,0.2,0.14,0.34,1.86,1,60
2025-26,28,374,Ibrahima Konaté,DEF,Liverpool,12,19,1,2026-02-28T15:00:00Z,90,1,0,0,0,2,0,12,22.0,0.8,0.0,2.3,0.0,0.01,0.01,1.86,1,54
2025-26,28,375,Conor Bradley,DEF,Liverpool,12,19,1,2026-02-28T15:00:00Z,0,0,0,0,0,0,0,0,0.0,0.0,0.0,0.0,0.0,0.0,0.0,0.0,0,49
2025-26,28,376,Joe Gomez,DEF,Liverpool,12,19,1,2026-02-28T15:00:00Z,76,1,0,0,0,2,0,6,13.2,11.7,4.0,2.9,0.05,0.05,0.1,1.69,1,49
2025-26,28,377,Konstantinos Tsimikas,DEF,Liverpool,12,19,1,2026-02-28T15:00:00Z,0,0,0,0,0,0,0,0,0.0,0.0,0.0,0.0,0.0,0.0,0.0,0.0,0,48
2025-26,28,378,Amara Nallo,DEF,Liverpool,12,19,1,2026-02-28T15:00:00Z,0,0,0,0,0,0,0,0,0.0,0.0,0.0,0.0,0.0,0.0,0.0,0.0,0,37
2025-26,28,379,Rhys Williams,DEF,Liverpool,12,19,1,2026-02-28T15:00:00Z,0,0,0,0,0,0,0,0,0.0,0.0,0.0,0.0,0.0,0.0,0.0,0.0,0,37
2025-26,28,380,Calvin Ramsay,DEF,Liverpool,12,19,1,2026-02-28T15:00:00Z,0,0,0,0,0,0,0,0,0.0,0.0,0.0,0.0,0.0,0.0,0.0,0.0,0,38
2025-26,28,381,Mohamed Salah,MID,Liverpool,12,19,1,2026-02-28T15:00:00Z,90,2,0,0,0,2,0,7,3.4,7.6,14.0,2.5,0.19,0.3,0.49,1.86,1,140
2025-26,28,382,Florian Wirtz,MID,Liverpool,12,19,1,2026-02-28T15:00:00Z,0,0,0,0,0,0,0,0,0.0,0.0,0.0,0.0,0.0,0.0,0.0,0.0,0,84
2025-26,28,383,Luis Díaz Marulanda,MID,Liverpool,12,19,1,2026-02-28T15:00:00Z,0,0,0,0,0,0,0,0,0.0,0.0,0.0,0.0,0.0,0.0,0.0,0.0,0,80
2025-26,28,384,Cody Gakpo,MID,Liverpool,12,19,1,2026-02-28T15:00:00Z,90,6,1,0,0,2,0,17,39.8,34.1,39.0,11.3,0.34,0.06,0.4,1.86,1,73
2025-26,28,385,Federico Chiesa,MID,Liverpool,12,19,1,2026-02-28T15:00:00Z,0,0,0,0,0,0,0,0,0.0,0.0,0.0,0.0,0.0,0.0,0.0,0.0,0,63
2025-26,28,386,Alexis Mac Allister,MID,Liverpool,12,19,1,2026-02-28T15:00:00Z,90,9,1,0,0,2,2,38,47.6,3.7,29.0,8.0,0.29,0.02,0.31,1.86,1,62
2025-26,28,387,Dominik Szoboszlai,MID,Liverpool,12,19,1,2026-02-28T15:00:00Z,90,4,0,1,0,2,0,19,24.0,38.5,2.0,6.5,0.0,0.32,0.32,1.86,1,68
2025-26,28,388,Curtis Jones,MID,Liverpool,12,19,1,2026-02-28T15:00:00Z,0,0,0,0,0,0,0,0,0.0,0.0,0.0,0.0,0.0,0.0,0.0,0.0,0,54
2025-26,28,389,Harvey Elliott,MID,Aston Villa,2,20,0,2026-02-27T20:00:00Z,0,0,0,0,0,0,0,0,0.0,0.0,0.0,0.0,0.0,0.0,0.0,0.0,0,51
2025-26,28,390,Ryan Gravenberch,MID,Liverpool,12,19,1,2026-02-28T15:00:00Z,85,5,0,1,0,2,0,26,25.4,35.3,12.0,7.3,0.07,0.12,0.19,1.86,1,55
2025-26,28,391,Ben Gannon-Doak,MID,Bournemouth,4,17,1,2026-02-28T12:30:00Z,0,0,0,0,0,0,0,0,0.0,0.0,0.0,0.0,0.0,0.0,0.0,0.0,0,48
2025-26,28,392,Endo Wataru,MID,Liverpool,12,19,1,2026-02-28T15:00:00Z,0,0,0,0,0,0,0,0,0.0,0.0,0.0,0.0,0.0,0.0,0.0,0.0,0,49
2025-26,28,393,Stefan Bajčetić Maquieira,MID,Liverpool,12,19,1,2026-02-28T15:00:00Z,0,0,0,0,0,0,0,0,0.0,0.0,0.0,0.0,0.0,0.0,0.0,0.0,0,43
2025-26,28,394,James McConnell,MID,Liverpool,12,19,1,2026-02-28T15:00:00Z,0,0,0,0,0,0,0,0,0.0,0.0,0.0,0.0,0.0,0.0,0.0,0.0,0,44
2025-26,28,395,Tyler Morton,MID,Liverpool,12,19,1,2026-02-28T15:00:00Z,0,0,0,0,0,0,0,0,0.0,0.0,0.0,0.0,0.0,0.0,0.0,0.0,0,45
2025-26,28,396,Trey Nyoni,MID,Liverpool,12,19,1,2026-02-28T15:00:00Z,4,1,0,0,0,0,0,-2,0.0,0.0,4.0,0.2,0.37,0.0,0.37,0.0,0,43
2025-26,28,397,Darwin Núñez Ribeiro,FWD,Liverpool,12,19,1,2026-02-28T15:00:00Z,0,0,0,0,0,0,0,0,0.0,0.0,0.0,0.0,0.0,0.0,0.0,0.0,0,65
2025-26,28,398,Jayden Danns,FWD,Liverpool,12,19,1,2026-02-28T15:00:00Z,0,0,0,0,0,0,0,0,0.0,0.0,0.0,0.0,0.0,0.0,0.0,0.0,0,43
2025-26,28,399,Ederson Santana de Moraes,GK,Man City,13,11,0,2026-02-28T17:30:00Z,0,0,0,0,0,0,0,0,0.0,0.0,0.0,0.0,0.0,0.0,0.0,0.0,0,53
2025-26,28,400,Stefan Ortega Moreno,GK,Nott'm Forest,16,6,0,2026-03-01T14:00:00Z,0,0,0,0,0,0,0,0,0.0,0.0,0.0,0.0,0.0,0.0,0.0,0.0,0,47
2025-26,28,401,Marcus Bettinelli,GK,Man City,13,11,0,2026-02-28T17:30:00Z,0,0,0,0,0,0,0,0,0.0,0.0,0.0,0.0,0.0,0.0,0.0,0.0,0,38
2025-26,28,402,Rayan Aït-Nouri,DEF,Man City,13,11,0,2026-02-28T17:30:00Z,90,11,0,1,1,0,3,39,27.2,20.1,7.0,5.4,0.06,0.51,0.57,1.49,1,57
2025-26,28,403,Joško Gvardiol,DEF,Man City,13,11,0,2026-02-28T17:30:00Z,0,0,0,0,0,0,0,0,0.0,0.0,0.0,0.0,0.0,0.0,0.0,0.0,0,59
2025-26,28,404,Manuel Akanji,DEF,Man City,13,11,0,2026-02-28T17:30:00Z,0,0,0,0,0,0,0,0,0.0,0.0,0.0,0.0,0.0,0.0,0.0,0.0,0,54
2025-26,28,405,Nathan Aké,DEF,Man City,13,11,0,2026-02-28T17:30:00Z,2,1,0,0,0,0,0,3,3.4,0.0,0.0,0.3,0.0,0.0,0.0,0.05,0,53
2025-26,28,406,Abdukodir Khusanov,DEF,Man City,13,11,0,2026-02-28T17:30:00Z,0,0,0,0,0,0,0,0,0.0,0.0,0.0,0.0,0.0,0.0,0.0,0.0,0,54
2025-26,28,407,Matheus Nunes,DEF,Man City,13,11,0,2026-02-28T17:30:00Z,90,8,0,0,1,0,2,38,37.4,60.0,4.0,10.1,0.0,0.26,0.26,1.49,1,54
2025-26,28,408,Rúben dos Santos Gato Alves Dias,DEF,Man City,13,11,0,2026-02-28T17:30:00Z,90,9,0,0,1,0,1,33,32.4,23.6,1.0,5.7,0.04,0.02,0.06,1.49,1,55
2025-26,28,409,John Stones,DEF,Man City,13,11,0,2026-02-28T17:30:00Z,0,0,0,0,0,0,0,0,0.0,0.0,0.0,0.0,0.0,0.0,0.0,0.0,0,54
2025-26,28,410,Rico Lewis,DEF,Man City,13,11,0,2026-02-28T17:30:00Z,0,0,0,0,0,0,0,0,0.0,0.0,0.0,0.0,0.0,0.0,0.0,0.0,0,46
2025-26,28,411,Nico O'Reilly,DEF,Man City,13,11,0,2026-02-28T17:30:00Z,69,6,0,0,1,0,0,25,23.2,7.8,54.0,8.5,0.41,0.02,0.43,1.39,1,50
2025-26,28,412,Vitor de Oliveira Nunes dos Reis,DEF,Man City,13,11,0,2026-02-28T17:30:00Z,0,0,0,0,0,0,0,0,0.0,0.0,0.0,0.0,0.0,0.0,0.0,0.0,0,50
2025-26,28,413,Omar Marmoush,MID,Man City,13,11,0,2026-02-28T17:30:00Z,67,3,0,0,1,0,0,5,6.8,1.4,37.0,4.5,0.28,0.01,0.29,1.39,1,83
2025-26,28,414,Phil Foden,MID,Man City,13,11,0,2026-02-28T17:30:00Z,0,0,0,0,0,0,0,0,0.0,0.0,0.0,0.0,0.0,0.0,0.0,0.0,0,81
2025-26,28,415,Sávio Moreira de Oliveira,MID,Man City,13,11,0,2026-02-28T17:30:00Z,22,0,0,0,0,0,0,1,0.2,0.0,0.0,0.0,0.0,0.0,0.0,0.1,0,69
2025-26,28,416,Bernardo Mota Veiga de Carvalho e Silva,MID,Man City,13,11,0,2026-02-28T17:30:00Z,90,3,0,0,1,0,0,13,8.0,8.6,2.0,1.9,0.0,0.05,0.05,1.49,1,62
2025-26,28,417,Rayan Cherki,MID,Man City,13,11,0,2026-02-28T17:30:00Z,87,3,0,0,1,0,0,10,5.2,35.1,7.0,4.7,0.02,0.24,0.26,1.44,1,64
2025-26,28,418,Jérémy Doku,MID,Man City,13,11,0,2026-02-28T17:30:00Z,0,0,0,0,0,0,0,0,0.0,0.0,0.0,0.0,0.0,0.0,0.0,0.0,0,64
2025-26,28,419,Jack Grealish,MID,Everton,9,15,0,2026-02-28T15:00:00Z,0,0,0,0,0,0,0,0,0.0,0.0,0.0,0.0,0.0,0.0,0.0,0.0,0,63
2025-26,28,420,İlkay Gündoğan,MID,Man City,13,11,0,2026-02-28T17:30:00Z,0,0,0,0,0,0,0,0,0.0,0.0,0.0,0.0,0.0,0.0,0.0,0.0,0,63
2025-26,28,421,Rodrigo 'Rodri' Hernandez Cascante,MID,Man City,13,11,0,2026-02-28T17:30:00Z,90,3,0,0,1,0,0,22,20.8,23.3,8.0,5.2,0.12,0.07,0.19,1.49,1,63
2025-26,28,422,Mateo Kovačić,MID,Man City,13,11,0,2026-02-28T17:30:00Z,0,0,0,0,0,0,0,0,0.0,0.0,0.0,0.0,0.0,0.0,0.0,0.0,0,58
2025-26,28,423,Nico González Iglesias,MID,Man City,13,11,0,2026-02-28T17:30:00Z,0,0,0,0,0,0,0,0,0.0,0.0,0.0,0.0,0.0,0.0,0.0,0.0,0,59
2025-26,28,424,Oscar Bobb,MID,Fulham,10,18,1,2026-03-01T14:00:00Z,74,5,0,1,0,1,0,20,7.4,32.6,8.0,4.8,0.03,0.2,0.23,0.65,1,51
2025-26,28,425,Claudio Echeverri,MID,Man City,13,11,0,2026-02-28T17:30:00Z,0,0,0,0,0,0,0,0,0.0,0.0,0.0,0.0,0.0,0.0,0.0,0.0,0,54
2025-26,28,426,James McAtee,MID,Nott'm Forest,16,6,0,2026-03-01T14:00:00Z,0,0,0,0,0,0,0,0,0.0,0.0,0.0,0.0,0.0,0.0,0.0,0.0,0,50
2025-26,28,427,Tijjani Reijnders,MID,Man City,13,11,0,2026-02-28T17:30:00Z,20,1,0,0,0,0,0,6,4.4,1.1,2.0,0.8,0.0,0.13,0.13,0.1,0,50
2025-26,28,428,Sverre Nypan,MID,Man City,13,11,0,2026-02-28T17:30:00Z,0,0,0,0,0,0,0,0,0.0,0.0,0.0,0.0,0.0,0.0,0.0,0.0,0,50
2025-26,28,429,Kalvin Phillips,MID,Man City,13,11,0,2026-02-28T17:30:00Z,0,0,0,0,0,0,0,0,0.0,0.0,0.0,0.0,0.0,0.0,0.0,0.0,0,47
2025-26,28,430,Erling Haaland,FWD,Man City,13,11,0,2026-02-28T17:30:00Z,0,0,0,0,0,0,0,0,0.0,0.0,0.0,0.0,0.0,0.0,0.0,0.0,0,148
2025-26,28,431,Altay Bayındır,GK,Man Utd,14,8,1,2026-03-01T14:00:00Z,0,0,0,0,0,0,0,0,0.0,0.0,0.0,0.0,0.0,0.0,0.0,0.0,0,47
2025-26,28,432,André Onana,GK,Man Utd,14,8,1,2026-03-01T14:00:00Z,0,0,0,0,0,0,0,0,0.0,0.0,0.0,0.0,0.0,0.0,0.0,0.0,0,49
2025-26,28,433,Elyh Harrison,GK,Man Utd,14,8,1,2026-03-01T14:00:00Z,0,0,0,0,0,0,0,0,0.0,0.0,0.0,0.0,0.0,0.0,0.0,0.0,0,40
2025-26,28,434,Tom Heaton,GK,Man Utd,14,8,1,2026-03-01T14:00:00Z,0,0,0,0,0,0,0,0,0.0,0.0,0.0,0.0,0.0,0.0,0.0,0.0,0,39
2025-26,28,435,Dermot Mee,GK,Man Utd,14,8,1,2026-03-01T14:00:00Z,0,0,0,0,0,0,0,0,0.0,0.0,0.0,0.0,0.0,0.0,0.0,0.0,0,39
2025-26,28,436,Matthijs de Ligt,DEF,Man Utd,14,8,1,2026-03-01T14:00:00Z,0,0,0,0,0,0,0,0,0.0,0.0,0.0,0.0,0.0,0.0,0.0,0.0,0,49
2025-26,28,437,Lisandro Martínez,DEF,Man Utd,14,8,1,2026-03-01T14:00:00Z,0,0,0,0,0,0,0,0,0.0,0.0,0.0,0.0,0.0,0.0,0.0,0.0,0,48
2025-26,28,438,Noussair Mazraoui,DEF,Man Utd,14,8,1,2026-03-01T14:00:00Z,66,7,0,0,1,0,1,26,9.6,8.3,6.0,2.4,0.05,0.03,0.08,0.2,0,49
2025-26,28,439,Diego León Blanco,DEF,Man Utd,14,8,1,2026-03-01T14:00:00Z,0,0,0,0,0,0,0,0,0.0,0.0,0.0,0.0,0.0,0.0,0.0,0.0,0,42
2025-26,28,440,Diogo Dalot Teixeira,DEF,Man Utd,14,8,1,2026-03-01T14:00:00Z,90,1,0,0,0,1,0,9,12.0,24.2,2.0,3.8,0.0,0.12,0.12,0.38,1,45
2025-26,28,441,Patrick Dorgu,DEF,Man Utd,14,8,1,2026-03-01T14:00:00Z,0,0,0,0,0,0,0,0,0.0,0.0,0.0,0.0,0.0,0.0,0.0,0.0,0,42
2025-26,28,442,Harry Maguire,DEF,Man Utd,14,8,1,2026-03-01T14:00:00Z,84,2,0,0,0,1,0,13,19.0,2.7,5.0,2.7,0.05,0.01,0.06,0.38,1,43
2025-26,28,443,Luke Shaw,DEF,Man Utd,14,8,1,2026-03-01T14:00:00Z,23,1,0,0,0,1,0,-2,1.6,0.5,0.0,0.2,0.0,0.0,0.0,0.19,1,45
2025-26,28,444,Leny Yoro,DEF,Man Utd,14,8,1,2026-03-01T14:00:00Z,90,2,0,0,0,1,0,9,17.4,2.3,0.0,2.0,0.0,0.01,0.01,0.38,1,41
2025-26,28,445,Harry Amass,DEF,Man Utd,14,8,1,2026-03-01T14:00:00Z,0,0,0,0,0,0,0,0,0.0,0.0,0.0,0.0,0.0,0.0,0.0,0.0,0,40
2025-26,28,446,Tyler Fredricson,DEF,Man Utd,14,8,1,2026-03-01T14:00:00Z,0,0,0,0,0,0,0,0,0.0,0.0,0.0,0.0,0.0,0.0,0.0,0.0,0,38
2025-26,28,447,Ayden Heaven,DEF,Man Utd,14,8,1,2026-03-01T14:00:00Z,5,0,0,0,0,0,0,-1,0.0,0.0,0.0,0.0,0.0,0.0,0.0,0.0,0,37
2025-26,28,448,Tyrell Malacia,DEF,Man Utd,14,8,1,2026-03-01T14:00:00Z,0,0,0,0,0,0,0,0,0.0,0.0,0.0,0.0,0.0,0.0,0.0,0.0,0,38
2025-26,28,449,Bruno Borges Fernandes,MID,Man Utd,14,8,1,2026-03-01T14:00:00Z,90,13,1,1,0,1,3,47,74.0,96.3,38.0,20.8,0.86,0.41,1.27,0.38,1,99
2025-26,28,450,Matheus Santos Carneiro da Cunha,MID,Man Utd,14,8,1,2026-03-01T14:00:00Z,90,5,0,1,0,1,0,18,13.2,8.6,26.0,4.8,0.05,0.06,0.11,0.38,1,80
2025-26,28,451,Marcus Rashford,MID,Man Utd,14,8,1,2026-03-01T14:00:00Z,0,0,0,0,0,0,0,0,0.0,0.0,0.0,0.0,0.0,0.0,0.0,0.0,0,70
2025-26,28,452,Amad Diallo,MID,Man Utd,14,8,1,2026-03-01T14:00:00Z,15,1,0,0,0,0,0,7,11.2,22.9,16.0,5.0,0.05,0.12,0.17,0.06,0,62
2025-26,28,453,Alejandro Garnacho Ferreyra,MID,Chelsea,7,1,0,2026-03-01T16:30:00Z,4,1,0,0,0,0,0,3,0.0,0.0,0.0,0.0,0.0,0.0,0.0,0.0,0,64
2025-26,28,454,Antony dos Santos,MID,Man Utd,14,8,1,2026-03-01T14:00:00Z,0,0,0,0,0,0,0,0,0.0,0.0,0.0,0.0,0.0,0.0,0.0,0.0,0,59
2025-26,28,455,Mason Mount,MID,Man Utd,14,8,1,2026-03-01T14:00:00Z,0,0,0,0,0,0,0,0,0.0,0.0,0.0,0.0,0.0,0.0,0.0,0.0,0,59
2025-26,28,456,Jadon Sancho,MID,Aston Villa,2,20,0,2026-02-27T20:00:00Z,59,1,0,0,0,0,0,3,4.8,12.4,8.0,2.5,0.0,0.02,0.02,0.22,1,58
2025-26,28,457,Carlos Henrique Casimiro,MID,Man Utd,14,8,1,2026-03-01T14:00:00Z,90,4,0,0,0,1,0,14,18.4,18.1,43.0,8.0,0.36,0.1,0.46,0.38,1,56
2025-26,28,458,Kobbie Mainoo,MID,Man Utd,14,8,1,2026-03-01T14:00:00Z,90,2,0,0,0,1,0,13,16.2,37.6,5.0,5.9,0.04,0.09,0.13,0.38,1,46
2025-26,28,459,Manuel Ugarte Ribeiro,MID,Man Utd,14,8,1,2026-03-01T14:00:00Z,0,0,0,0,0,0,0,0,0.0,0.0,0.0,0.0,0.0,0.0,0.0,0.0,0,47
2025-26,28,460,Toby Collyer,MID,Man Utd,14,8,1,2026-03-01T14:00:00Z,0,0,0,0,0,0,0,0,0.0,0.0,0.0,0.0,0.0,0.0,0.0,0.0,0,45
2025-26,28,461,Jayce Fitzgerald,MID,Man Utd,14,8,1,2026-03-01T14:00:00Z,0,0,0,0,0,0,0,0,0.0,0.0,0.0,0.0,0.0,0.0,0.0,0.0,0,43
2025-26,28,462,Jack Fletcher,MID,Man Utd,14,8,1,2026-03-01T14:00:00Z,0,0,0,0,0,0,0,0,0.0,0.0,0.0,0.0,0.0,0.0,0.0,0.0,0,43
2025-26,28,463,Sékou Koné,MID,Man Utd,14,8,1,2026-03-01T14:00:00Z,0,0,0,0,0,0,0,0,0.0,0.0,0.0,0.0,0.0,0.0,0.0,0.0,0,43
2025-26,28,464,Jack Moorhouse,MID,Man Utd,14,8,1,2026-03-01T14:00:00Z,0,0,0,0,0,0,0,0,0.0,0.0,0.0,0.0,0.0,0.0,0.0,0.0,0,45
2025-26,28,465,Rasmus Højlund,FWD,Man Utd,14,8,1,2026-03-01T14:00:00Z,0,0,0,0,0,0,0,0,0.0,0.0,0.0,0.0,0.0,0.0,0.0,0.0,0,63
2025-26,28,466,Joshua Zirkzee,FWD,Man Utd,14,8,1,2026-03-01T14:00:00Z,4,1,0,0,0,0,0,5,3.0,11.8,10.0,2.5,0.3,0.01,0.31,0.0,0,58
2025-26,28,467,Chido Obi,FWD,Man Utd,14,8,1,2026-03-01T14:00:00Z,0,0,0,0,0,0,0,0,0.0,0.0,0.0,0.0,0.0,0.0,0.0,0.0,0,42
2025-26,28,468,Ethan Wheatley,FWD,Man Utd,14,8,1,2026-03-01T14:00:00Z,0,0,0,0,0,0,0,0,0.0,0.0,0.0,0.0,0.0,0.0,0.0,0.0,0,45
2025-26,28,469,Nick Pope,GK,Newcastle,15,9,1,2026-02-28T15:00:00Z,90,1,0,0,0,3,0,-2,9.2,0.0,0.0,0.9,0.0,0.0,0.0,2.13,1,51
2025-26,28,470,Martin Dúbravka,GK,Burnley,3,5,1,2026-02-28T15:00:00Z,90,0,0,0,0,4,0,-2,15.6,0.0,0.0,1.6,0.0,0.01,0.01,2.25,1,40
2025-26,28,471,Mark Gillespie,GK,Newcastle,15,9,1,2026-02-28T15:00:00Z,0,0,0,0,0,0,0,0,0.0,0.0,0.0,0.0,0.0,0.0,0.0,0.0,0,39
2025-26,28,472,Odysseas Vlachodimos,GK,Newcastle,15,9,1,2026-02-28T15:00:00Z,0,0,0,0,0,0,0,0,0.0,0.0,0.0,0.0,0.0,0.0,0.0,0.0,0,40
2025-26,28,473,Lewis Hall,DEF,Newcastle,15,9,1,2026-02-28T15:00:00Z,90,1,0,0,0,3,0,3,21.2,10.7,11.0,4.3,0.01,0.07,0.08,2.13,1,53
2025-26,28,474,Fabian Schär,DEF,Newcastle,15,9,1,2026-02-28T15:00:00Z,0,0,0,0,0,0,0,0,0.0,0.0,0.0,0.0,0.0,0.0,0.0,0.0,0,52
2025-26,28,475,Sven Botman,DEF,Newcastle,15,9,1,2026-02-28T15:00:00Z,0,0,0,0,0,0,0,0,0.0,0.0,0.0,0.0,0.0,0.0,0.0,0.0,0,49
2025-26,28,476,Dan Burn,DEF,Newcastle,15,9,1,2026-02-28T15:00:00Z,90,0,0,0,0,3,0,-6,13.2,1.4,0.0,1.5,0.0,0.01,0.01,2.13,1,50
2025-26,28,477,Tino Livramento,DEF,Newcastle,15,9,1,2026-02-28T15:00:00Z,0,0,0,0,0,0,0,0,0.0,0.0,0.0,0.0,0.0,0.0,0.0,0.0,0,49
2025-26,28,478,Kieran Trippier,DEF,Newcastle,15,9,1,2026-02-28T15:00:00Z,74,1,0,0,0,2,0,2,5.6,15.7,1.0,2.2,0.03,0.02,0.05,1.22,1,49
2025-26,28,479,Emil Krafth,DEF,Newcastle,15,9,1,2026-02-28T15:00:00Z,0,0,0,0,0,0,0,0,0.0,0.0,0.0,0.0,0.0,0.0,0.0,0.0,0,43
2025-26,28,480,Jamaal Lascelles,DEF,Newcastle,15,9,1,2026-02-28T15:00:00Z,0,0,0,0,0,0,0,0,0.0,0.0,0.0,0.0,0.0,0.0,0.0,0.0,0,43
2025-26,28,481,Alex Murphy,DEF,Newcastle,15,9,1,2026-02-28T15:00:00Z,0,0,0,0,0,0,0,0,0.0,0.0,0.0,0.0,0.0,0.0,0.0,0.0,0,38
2025-26,28,482,Harrison Ashby,DEF,Newcastle,15,9,1,2026-02-28T15:00:00Z,0,0,0,0,0,0,0,0,0.0,0.0,0.0,0.0,0.0,0.0,0.0,0.0,0,39
2025-26,28,483,Miodrag Pivaš,DEF,Newcastle,15,9,1,2026-02-28T15:00:00Z,0,0,0,0,0,0,0,0,0.0,0.0,0.0,0.0,0.0,0.0,0.0,0.0,0,38
2025-26,28,484,Matt Targett,DEF,Newcastle,15,9,1,2026-02-28T15:00:00Z,0,0,0,0,0,0,0,0,0.0,0.0,0.0,0.0,0.0,0.0,0.0,0.0,0,40
2025-26,28,485,Anthony Gordon,MID,Newcastle,15,9,1,2026-02-28T15:00:00Z,85,2,0,0,0,3,0,11,6.4,15.3,25.0,4.7,0.08,0.05,0.13,2.13,1,72
2025-26,28,486,Anthony Elanga,MID,Newcastle,15,9,1,2026-02-28T15:00:00Z,55,1,0,0,0,2,0,9,7.0,3.0,7.0,1.7,0.03,0.01,0.04,1.08,1,65
2025-26,28,487,Harvey Barnes,MID,Newcastle,15,9,1,2026-02-28T15:00:00Z,34,1,0,0,0,1,0,3,3.2,15.0,22.0,4.0,0.11,0.1,0.21,1.05,0,61
2025-26,28,488,Bruno Guimarães Rodriguez Moura,MID,Newcastle,15,9,1,2026-02-28T15:00:00Z,0,0,0,0,0,0,0,0,0.0,0.0,0.0,0.0,0.0,0.0,0.0,0.0,0,69
2025-26,28,489,Jacob Murphy,MID,Newcastle,15,9,1,2026-02-28T15:00:00Z,34,6,1,0,0,1,0,23,35.8,6.3,23.0,6.5,0.08,0.04,0.12,1.05,0,59
2025-26,28,490,Joelinton Cássio Apolinário de Lira,MID,Newcastle,15,9,1,2026-02-28T15:00:00Z,90,5,0,1,0,3,0,23,28.2,31.8,27.0,8.7,0.14,0.11,0.25,2.13,1,59
2025-26,28,491,Sandro Tonali,MID,Newcastle,15,9,1,2026-02-28T15:00:00Z,90,6,0,1,0,3,1,27,38.4,44.8,9.0,9.2,0.04,0.08,0.12,2.13,1,53
2025-26,28,492,Antoñito Cordero Campillo,MID,Newcastle,15,9,1,2026-02-28T15:00:00Z,0,0,0,0,0,0,0,0,0.0,0.0,0.0,0.0,0.0,0.0,0.0,0.0,0,49
2025-26,28,493,Sean Longstaff,MID,Leeds,11,13,1,2026-02-28T17:30:00Z,0,0,0,0,0,0,0,0,0.0,0.0,0.0,0.0,0.0,0.0,0.0,0.0,0,48
2025-26,28,494,Joe Willock,MID,Newcastle,15,9,1,2026-02-28T15:00:00Z,45,0,0,0,0,1,0,0,3.8,17.9,1.0,2.3,0.02,0.02,0.04,1.13,0,50
2025-26,28,495,Isaac Hayden,MID,Newcastle,15,9,1,2026-02-28T15:00:00Z,0,0,0,0,0,0,0,0,0.0,0.0,0.0,0.0,0.0,0.0,0.0,0.0,0,45
2025-26,28,496,Garang Kuol,MID,Newcastle,15,9,1,2026-02-28T15:00:00Z,0,0,0,0,0,0,0,0,0.0,0.0,0.0,0.0,0.0,0.0,0.0,0.0,0,44
2025-26,28,497,Lewis Miley,MID,Newcastle,15,9,1,2026-02-28T15:00:00Z,0,0,0,0,0,0,0,0,0.0,0.0,0.0,0.0,0.0,0.0,0.0,0.0,0,45
2025-26,28,498,Joe White,MID,Newcastle,15,9,1,2026-02-28T15:00:00Z,0,0,0,0,0,0,0,0,0.0,0.0,0.0,0.0,0.0,0.0,0.0,0.0,0,45
2025-26,28,499,Alexander Isak,FWD,Liverpool,12,19,1,2026-02-28T15:00:00Z,0,0,0,0,0,0,0,0,0.0,0.0,0.0,0.0,0.0,0.0,0.0,0.0,0,103
2025-26,28,500,William Osula,FWD,Newcastle,15,9,1,2026-02-28T15:00:00Z,4,1,0,0,0,0,0,3,0.0,0.0,0.0,0.0,0.0,0.0,0.0,0.0,0,54
2025-26,28,501,Sean Neave,FWD,Newcastle,15,9,1,2026-02-28T15:00:00Z,0,0,0,0,0,0,0,0,0.0,0.0,0.0,0.0,0.0,0.0,0.0,0.0,0,43
2025-26,28,502,Matz Sels,GK,Nott'm Forest,16,6,0,2026-03-01T14:00:00Z,90,2,0,0,0,2,0,16,31.8,0.0,0.0,3.2,0.0,0.0,0.0,1.31,1,46
2025-26,28,503,Carlos Miguel dos Santos Pereira,GK,Nott'm Forest,16,6,0,2026-03-01T14:00:00Z,0,0,0,0,0,0,0,0,0.0,0.0,0.0,0.0,0.0,0.0,0.0,0.0,0,40
2025-26,28,504,Matt Turner,GK,Nott'm Forest,16,6,0,2026-03-01T14:00:00Z,0,0,0,0,0,0,0,0,0.0,0.0,0.0,0.0,0.0,0.0,0.0,0.0,0,40
2025-26,28,505,Nikola Milenković,DEF,Nott'm Forest,16,6,0,2026-03-01T14:00:00Z,90,1,0,0,0,2,0,7,10.2,0.3,2.0,1.3,0.0,0.03,0.03,1.31,1,51
2025-26,28,506,Murillo Costa dos Santos,DEF,Nott'm Forest,16,6,0,2026-03-01T14:00:00Z,90,1,0,0,0,2,0,4,14.2,1.0,0.0,1.5,0.0,0.0,0.0,1.31,1,52
2025-26,28,507,Ola Aina,DEF,Nott'm Forest,16,6,0,2026-03-01T14:00:00Z,81,1,0,0,0,2,0,-1,10.4,11.8,0.0,2.2,0.0,0.03,0.03,1.31,1,47
2025-26,28,508,Neco Williams,DEF,Nott'm Forest,16,6,0,2026-03-01T14:00:00Z,55,0,0,0,0,2,0,-5,6.4,0.9,0.0,0.7,0.0,0.01,0.01,1.26,1,47
2025-26,28,509,David Mota Veiga Teixeira do Carmo,DEF,Nott'm Forest,16,6,0,2026-03-01T14:00:00Z,0,0,0,0,0,0,0,0,0.0,0.0,0.0,0.0,0.0,0.0,0.0,0.0,0,45
2025-26,28,510,Jair Paula da Cunha Filho,DEF,Nott'm Forest,16,6,0,2026-03-01T14:00:00Z,34,1,0,0,0,0,0,4,6.0,0.3,10.0,1.6,0.14,0.0,0.14,0.05,0,42
2025-26,28,511,Felipe Rodrigues da Silva,DEF,Nott'm Forest,16,6,0,2026-03-01T14:00:00Z,0,0,0,0,0,0,0,0,0.0,0.0,0.0,0.0,0.0,0.0,0.0,0.0,0,43
2025-26,28,512,Omar Richards,DEF,Nott'm Forest,16,6,0,2026-03-01T14:00:00Z,0,0,0,0,0,0,0,0,0.0,0.0,0.0,0.0,0.0,0.0,0.0,0.0,0,45
2025-26,28,513,Zach Abbott,DEF,Nott'm Forest,16,6,0,2026-03-01T14:00:00Z,0,0,0,0,0,0,0,0,0.0,0.0,0.0,0.0,0.0,0.0,0.0,0.0,0,38
2025-26,28,514,Willy Boly,DEF,Nott'm Forest,16,6,0,2026-03-01T14:00:00Z,0,0,0,0,0,0,0,0,0.0,0.0,0.0,0.0,0.0,0.0,0.0,0.0,0,38
2025-26,28,515,Morgan Gibbs-White,MID,Nott'm Forest,16,6,0,2026-03-01T14:00:00Z,90,9,1,0,0,2,2,37,48.0,38.5,29.0,11.6,0.18,0.05,0.23,1.31,1,73
2025-26,28,516,Callum Hudson-Odoi,MID,Nott'm Forest,16,6,0,2026-03-01T14:00:00Z,73,2,0,0,0,2,0,13,9.0,27.3,9.0,4.5,0.05,0.2,0.25,1.29,1,57
2025-26,28,517,Elliot Anderson,MID,Nott'm Forest,16,6,0,2026-03-01T14:00:00Z,90,1,0,0,0,2,0,13,7.6,22.8,1.0,3.1,0.08,0.16,0.24,1.31,1,54
2025-26,28,518,João Pedro Ferreira da Silva,MID,Nott'm Forest,16,6,0,2026-03-01T14:00:00Z,0,0,0,0,0,0,0,0,0.0,0.0,0.0,0.0,0.0,0.0,0.0,0.0,0,54
2025-26,28,519,Nicolás Domínguez,MID,Nott'm Forest,16,6,0,2026-03-01T14:00:00Z,0,0,0,0,0,0,0,0,0.0,0.0,0.0,0.0,0.0,0.0,0.0,0.0,0,50
2025-26,28,520,Lewis O'Brien,MID,Nott'm Forest,16,6,0,2026-03-01T14:00:00Z,0,0,0,0,0,0,0,0,0.0,0.0,0.0,0.0,0.0,0.0,0.0,0.0,0,50
2025-26,28,521,Ibrahim Sangaré,MID,Nott'm Forest,16,6,0,2026-03-01T14:00:00Z,90,2,0,0,0,2,0,16,8.2,1.6,7.0,1.7,0.08,0.01,0.09,1.31,1,49
2025-26,28,522,Ryan Yates,MID,Nott'm Forest,16,6,0,2026-03-01T14:00:00Z,0,0,0,0,0,0,0,0,0.0,0.0,0.0,0.0,0.0,0.0,0.0,0.0,0,47
2025-26,28,523,Eric da Silva Moreira,MID,Nott'm Forest,16,6,0,2026-03-01T14:00:00Z,0,0,0,0,0,0,0,0,0.0,0.0,0.0,0.0,0.0,0.0,0.0,0.0,0,45
2025-26,28,524,Marko Stamenić,MID,Nott'm Forest,16,6,0,2026-03-01T14:00:00Z,0,0,0,0,0,0,0,0,0.0,0.0,0.0,0.0,0.0,0.0,0.0,0.0,0,45
2025-26,28,525,Chris Wood,FWD,Nott'm Forest,16,6,0,2026-03-01T14:00:00Z,0,0,0,0,0,0,0,0,0.0,0.0,0.0,0.0,0.0,0.0,0.0,0.0,0,72
2025-26,28,526,Igor Jesus Maciel da Cruz,FWD,Nott'm Forest,16,6,0,2026-03-01T14:00:00Z,82,5,0,1,0,2,0,18,21.0,25.2,11.0,5.7,0.12,0.04,0.16,1.31,1,58
2025-26,28,527,Taiwo Awoniyi,FWD,Nott'm Forest,16,6,0,2026-03-01T14:00:00Z,7,1,0,0,0,0,0,-2,0.0,0.0,4.0,0.2,0.2,0.0,0.2,0.0,0,52
2025-26,28,528,Anthony Patterson,GK,Sunderland,17,4,0,2026-02-28T12:30:00Z,0,0,0,0,0,0,0,0,0.0,0.0,0.0,0.0,0.0,0.0,0.0,0.0,0,42
2025-26,28,529,Simon Moore,GK,Sunderland,17,4,0,2026-02-28T12:30:00Z,0,0,0,0,0,0,0,0,0.0,0.0,0.0,0.0,0.0,0.0,0.0,0.0,0,39
2025-26,28,530,Blondy Nna Noukeu,GK,Sunderland,17,4,0,2026-02-28T12:30:00Z,0,0,0,0,0,0,0,0,0.0,0.0,0.0,0.0,0.0,0.0,0.0,0.0,0,39
2025-26,28,531,Daniel Ballard,DEF,Sunderland,17,4,0,2026-02-28T12:30:00Z,90,4,0,0,0,1,0,16,33.2,10.5,4.0,4.8,0.13,0.01,0.14,1.71,1,46
2025-26,28,532,Trai Hume,DEF,Sunderland,17,4,0,2026-02-28T12:30:00Z,90,2,0,0,0,1,0,12,17.4,0.5,0.0,1.8,0.0,0.0,0.0,1.71,1,45
2025-26,28,533,Aji Alese,DEF,Sunderland,17,4,0,2026-02-28T12:30:00Z,0,0,0,0,0,0,0,0,0.0,0.0,0.0,0.0,0.0,0.0,0.0,0.0,0,40
2025-26,28,534,Joe Anderson,DEF,Sunderland,17,4,0,2026-02-28T12:30:00Z,0,0,0,0,0,0,0,0,0.0,0.0,0.0,0.0,0.0,0.0,0.0,0.0,0,38
2025-26,28,535,Dennis Cirkin,DEF,Sunderland,17,4,0,2026-02-28T12:30:00Z,0,0,0,0,0,0,0,0,0.0,0.0,0.0,0.0,0.0,0.0,0.0,0.0,0,40
2025-26,28,536,Leo Fuhr Hjelde,DEF,Sunderland,17,4,0,2026-02-28T12:30:00Z,0,0,0,0,0,0,0,0,0.0,0.0,0.0,0.0,0.0,0.0,0.0,0.0,0,40
2025-26,28,537,Niall Huggins,DEF,Sunderland,17,4,0,2026-02-28T12:30:00Z,0,0,0,0,0,0,0,0,0.0,0.0,0.0,0.0,0.0,0.0,0.0,0.0,0,40
2025-26,28,538,Zak Johnson,DEF,Sunderland,17,4,0,2026-02-28T12:30:00Z,0,0,0,0,0,0,0,0,0.0,0.0,0.0,0.0,0.0,0.0,0.0,0.0,0,38
2025-26,28,539,Luke O'Nien,DEF,Sunderland,17,4,0,2026-02-28T12:30:00Z,0,0,0,0,0,0,0,0,0.0,0.0,0.0,0.0,0.0,0.0,0.0,0.0,0,40
2025-26,28,540,Timothée Pembélé,DEF,Sunderland,17,4,0,2026-02-28T12:30:00Z,0,0,0,0,0,0,0,0,0.0,0.0,0.0,0.0,0.0,0.0,0.0,0.0,0,39
2025-26,28,541,Reinildo Mandava,DEF,Sunderland,17,4,0,2026-02-28T12:30:00Z,0,0,0,0,0,0,0,0,0.0,0.0,0.0,0.0,0.0,0.0,0.0,0.0,0,38
2025-26,28,542,Jenson Seelt,DEF,Sunderland,17,4,0,2026-02-28T12:30:00Z,0,0,0,0,0,0,0,0,0.0,0.0,0.0,0.0,0.0,0.0,0.0,0.0,0,40
2025-26,28,543,Simon Adingra,MID,Sunderland,17,4,0,2026-02-28T12:30:00Z,0,0,0,0,0,0,0,0,0.0,0.0,0.0,0.0,0.0,0.0,0.0,0.0,0,49
2025-26,28,544,Habib Diarra,MID,Sunderland,17,4,0,2026-02-28T12:30:00Z,90,5,0,1,0,1,0,18,6.6,1.3,38.0,4.6,0.28,0.01,0.29,1.71,1,53
2025-26,28,545,Patrick Roberts,MID,Sunderland,17,4,0,2026-02-28T12:30:00Z,0,0,0,0,0,0,0,0,0.0,0.0,0.0,0.0,0.0,0.0,0.0,0.0,0,54
2025-26,28,546,Milan Aleksić,MID,Sunderland,17,4,0,2026-02-28T12:30:00Z,0,0,0,0,0,0,0,0,0.0,0.0,0.0,0.0,0.0,0.0,0.0,0.0,0,49
2025-26,28,547,Enzo Le Fée,MID,Sunderland,17,4,0,2026-02-28T12:30:00Z,90,2,0,0,0,1,0,13,12.8,30.1,6.0,4.9,0.02,0.09,0.11,1.71,1,49
2025-26,28,548,Romaine Mundle,MID,Sunderland,17,4,0,2026-02-28T12:30:00Z,0,0,0,0,0,0,0,0,0.0,0.0,0.0,0.0,0.0,0.0,0.0,0.0,0,49
2025-26,28,549,Dan Neil,MID,Sunderland,17,4,0,2026-02-28T12:30:00Z,0,0,0,0,0,0,0,0,0.0,0.0,0.0,0.0,0.0,0.0,0.0,0.0,0,48
2025-26,28,550,Ian Poveda-Ocampo,MID,Sunderland,17,4,0,2026-02-28T12:30:00Z,0,0,0,0,0,0,0,0,0.0,0.0,0.0,0.0,0.0,0.0,0.0,0.0,0,48
2025-26,28,551,Chris Rigg,MID,Sunderland,17,4,0,2026-02-28T12:30:00Z,0,0,0,0,0,0,0,0,0.0,0.0,0.0,0.0,0.0,0.0,0.0,0.0,0,47
2025-26,28,552,Noah Sadiki,MID,Sunderland,17,4,0,2026-02-28T12:30:00Z,90,1,0,0,0,1,0,4,10.8,1.3,9.0,2.1,0.03,0.02,0.05,1.71,1,49
2025-26,28,553,Chemsdine Talbi,MID,Sunderland,17,4,0,2026-02-28T12:30:00Z,68,2,0,0,0,1,0,3,1.8,2.0,0.0,0.4,0.0,0.03,0.03,1.1,1,49
2025-26,28,554,Abdoullah Ba,MID,Sunderland,17,4,0,2026-02-28T12:30:00Z,0,0,0,0,0,0,0,0,0.0,0.0,0.0,0.0,0.0,0.0,0.0,0.0,0,43
2025-26,28,555,Alan Browne,MID,Sunderland,17,4,0,2026-02-28T12:30:00Z,0,0,0,0,0,0,0,0,0.0,0.0,0.0,0.0,0.0,0.0,0.0,0.0,0,45
2025-26,28,556,Pierre Ekwah Elimby,MID,Sunderland,17,4,0,2026-02-28T12:30:00Z,0,0,0,0,0,0,0,0,0.0,0.0,0.0,0.0,0.0,0.0,0.0,0.0,0,45
2025-26,28,557,Harrison Jones,MID,Sunderland,17,4,0,2026-02-28T12:30:00Z,0,0,0,0,0,0,0,0,0.0,0.0,0.0,0.0,0.0,0.0,0.0,0.0,0,43
2025-26,28,558,Jay Matete,MID,Sunderland,17,4,0,2026-02-28T12:30:00Z,0,0,0,0,0,0,0,0,0.0,0.0,0.0,0.0,0.0,0.0,0.0,0.0,0,43
2025-26,28,559,Nectarios Triantis,MID,Sunderland,17,4,0,2026-02-28T12:30:00Z,0,0,0,0,0,0,0,0,0.0,0.0,0.0,0.0,0.0,0.0,0.0,0.0,0,44
2025-26,28,560,Wilson Isidor,FWD,Sunderland,17,4,0,2026-02-28T12:30:00Z,1,1,0,0,0,0,0,3,0.0,0.0,0.0,0.0,0.0,0.0,0.0,0.27,0,51
2025-26,28,561,Eliezer Mayenda Dossou,FWD,Sunderland,17,4,0,2026-02-28T12:30:00Z,90,9,1,0,0,1,3,33,36.2,1.1,42.0,7.9,0.99,0.02,1.01,1.45,1,52
2025-26,28,562,Ahmed Abdullahi,FWD,Sunderland,17,4,0,2026-02-28T12:30:00Z,0,0,0,0,0,0,0,0,0.0,0.0,0.0,0.0,0.0,0.0,0.0,0.0,0,42
2025-26,28,563,Luís Hemir Silva Semedo,FWD,Sunderland,17,4,0,2026-02-28T12:30:00Z,0,0,0,0,0,0,0,0,0.0,0.0,0.0,0.0,0.0,0.0,0.0,0.0,0,44
2025-26,28,564,Nazarii Rusyn,FWD,Sunderland,17,4,0,2026-02-28T12:30:00Z,0,0,0,0,0,0,0,0,0.0,0.0,0.0,0.0,0.0,0.0,0.0,0.0,0,44
2025-26,28,565,Guglielmo Vicario,GK,Spurs,18,10,0,2026-03-01T14:00:00Z,90,1,0,0,0,2,0,7,19.4,0.0,0.0,1.9,0.0,0.0,0.0,2.14,1,47
2025-26,28,566,Brandon Austin,GK,Spurs,18,10,0,2026-03-01T14:00:00Z,0,0,0,0,0,0,0,0,0.0,0.0,0.0,0.0,0.0,0.0,0.0,0.0,0,39
2025-26,28,567,Antonín Kinský,GK,Spurs,18,10,0,2026-03-01T14:00:00Z,0,0,0,0,0,0,0,0,0.0,0.0,0.0,0.0,0.0,0.0,0.0,0.0,0,39
2025-26,28,568,Pedro Porro Sauceda,DEF,Spurs,18,10,0,2026-03-01T14:00:00Z,90,0,0,0,0,2,0,4,19.0,24.1,5.0,4.8,0.08,0.08,0.16,2.14,1,51
2025-26,28,569,Cristian Romero,DEF,Spurs,18,10,0,2026-03-01T14:00:00Z,0,0,0,0,0,0,0,0,0.0,0.0,0.0,0.0,0.0,0.0,0.0,0.0,0,50
2025-26,28,570,Kevin Danso,DEF,Spurs,18,10,0,2026-03-01T14:00:00Z,1,1,0,0,0,0,0,4,0.6,0.1,0.0,0.1,0.0,0.0,0.0,0.0,0,42
2025-26,28,571,Ben Davies,DEF,Spurs,18,10,0,2026-03-01T14:00:00Z,0,0,0,0,0,0,0,0,0.0,0.0,0.0,0.0,0.0,0.0,0.0,0.0,0,43
2025-26,28,572,Radu Drăgușin,DEF,Spurs,18,10,0,2026-03-01T14:00:00Z,89,3,0,0,0,2,0,1,18.2,0.4,10.0,2.9,0.13,0.0,0.13,2.14,1,45
2025-26,28,573,Djed Spence,DEF,Spurs,18,10,0,2026-03-01T14:00:00Z,0,0,0,0,0,0,0,0,0.0,0.0,0.0,0.0,0.0,0.0,0.0,0.0,0,42
2025-26,28,574,Destiny Udogie,DEF,Spurs,18,10,0,2026-03-01T14:00:00Z,0,0,0,0,0,0,0,0,0.0,0.0,0.0,0.0,0.0,0.0,0.0,0.0,0,43
2025-26,28,575,Micky van de Ven,DEF,Spurs,18,10,0,2026-03-01T14:00:00Z,90,0,0,0,0,2,0,1,11.8,0.5,2.0,1.4,0.0,0.0,0.0,2.14,1,45
2025-26,28,576,Ashley Phillips,DEF,Spurs,18,10,0,2026-03-01T14:00:00Z,0,0,0,0,0,0,0,0,0.0,0.0,0.0,0.0,0.0,0.0,0.0,0.0,0,40
2025-26,28,577,Takai Kōta,DEF,Spurs,18,10,0,2026-03-01T14:00:00Z,0,0,0,0,0,0,0,0,0.0,0.0,0.0,0.0,0.0,0.0,0.0,0.0,0,40
2025-26,28,578,Luka Vušković,DEF,Spurs,18,10,0,2026-03-01T14:00:00Z,0,0,0,0,0,0,0,0,0.0,0.0,0.0,0.0,0.0,0.0,0.0,0.0,0,39
2025-26,28,579,Son Heung-min,MID,Spurs,18,10,0,2026-03-01T14:00:00Z,0,0,0,0,0,0,0,0,0.0,0.0,0.0,0.0,0.0,0.0,0.0,0.0,0,85
2025-26,28,580,Brennan Johnson,MID,Crystal Palace,8,14,0,2026-03-01T14:00:00Z,57,4,0,1,0,1,0,14,15.0,14.4,0.0,2.9,0.0,0.02,0.02,1.22,1,65
2025-26,28,581,James Maddison,MID,Spurs,18,10,0,2026-03-01T14:00:00Z,0,0,0,0,0,0,0,0,0.0,0.0,0.0,0.0,0.0,0.0,0.0,0.0,0,68
2025-26,28,582,Mohammed Kudus,MID,Spurs,18,10,0,2026-03-01T14:00:00Z,0,0,0,0,0,0,0,0,0.0,0.0,0.0,0.0,0.0,0.0,0.0,0.0,0,64
2025-26,28,583,Dejan Kulusevski,MID,Spurs,18,10,0,2026-03-01T14:00:00Z,0,0,0,0,0,0,0,0,0.0,0.0,0.0,0.0,0.0,0.0,0.0,0.0,0,64
2025-26,28,584,Mathys Tel,MID,Spurs,18,10,0,2026-03-01T14:00:00Z,32,1,0,0,0,0,0,7,9.4,14.6,4.0,2.8,0.0,0.05,0.05,0.77,0,62
2025-26,28,585,Rodrigo Bentancur,MID,Spurs,18,10,0,2026-03-01T14:00:00Z,0,0,0,0,0,0,0,0,0.0,0.0,0.0,0.0,0.0,0.0,0.0,0.0,0,53
2025-26,28,586,Lucas Bergvall,MID,Spurs,18,10,0,2026-03-01T14:00:00Z,0,0,0,0,0,0,0,0,0.0,0.0,0.0,0.0,0.0,0.0,0.0,0.0,0,52
2025-26,28,587,Yves Bissouma,MID,Spurs,18,10,0,2026-03-01T14:00:00Z,79,2,0,0,0,2,0,13,6.8,3.8,2.0,1.3,0.08,0.01,0.09,2.02,1,52
2025-26,28,588,Wilson Odobert,MID,Spurs,18,10,0,2026-03-01T14:00:00Z,0,0,0,0,0,0,0,0,0.0,0.0,0.0,0.0,0.0,0.0,0.0,0.0,0,53
2025-26,28,589,Manor Solomon,MID,Spurs,18,10,0,2026-03-01T14:00:00Z,0,0,0,0,0,0,0,0,0.0,0.0,0.0,0.0,0.0,0.0,0.0,0.0,0,54
2025-26,28,590,Bryan Gil Salvatierra,MID,Spurs,18,10,0,2026-03-01T14:00:00Z,0,0,0,0,0,0,0,0,0.0,0.0,0.0,0.0,0.0,0.0,0.0,0.0,0,49
2025-26,28,591,Archie Gray,MID,Spurs,18,10,0,2026-03-01T14:00:00Z,90,5,0,1,0,2,0,19,25.0,14.8,4.0,4.4,0.0,0.24,0.24,2.14,1,48
2025-26,28,592,Mikey Moore,MID,Spurs,18,10,0,2026-03-01T14:00:00Z,0,0,0,0,0,0,0,0,0.0,0.0,0.0,0.0,0.0,0.0,0.0,0.0,0,50
2025-26,28,593,Pape Matar Sarr,MID,Spurs,18,10,0,2026-03-01T14:00:00Z,32,1,0,0,0,0,0,6,6.6,0.0,7.0,1.4,0.15,0.0,0.15,0.77,0,45
2025-26,28,594,Yang Min-hyeok,MID,Spurs,18,10,0,2026-03-01T14:00:00Z,0,0,0,0,0,0,0,0,0.0,0.0,0.0,0.0,0.0,0.0,0.0,0.0,0,45
2025-26,28,595,Callum Olusesi,MID,Spurs,18,10,0,2026-03-01T14:00:00Z,0,0,0,0,0,0,0,0,0.0,0.0,0.0,0.0,0.0,0.0,0.0,0.0,0,43
2025-26,28,596,Dominic Solanke-Mitchell,FWD,Spurs,18,10,0,2026-03-01T14:00:00Z,90,2,0,0,0,2,0,13,8.8,11.9,13.0,3.4,0.02,0.02,0.04,2.14,1,72
2025-26,28,597,Richarlison de Andrade,FWD,Spurs,18,10,0,2026-03-01T14:00:00Z,32,5,1,0,0,0,1,28,36.4,11.5,19.0,6.7,0.13,0.02,0.15,0.77,0,63
2025-26,28,598,Will Lankshear,FWD,Spurs,18,10,0,2026-03-01T14:00:00Z,0,0,0,0,0,0,0,0,0.0,0.0,0.0,0.0,0.0,0.0,0.0,0.0,0,45
2025-26,28,599,Dane Scarlett,FWD,Spurs,18,10,0,2026-03-01T14:00:00Z,0,0,0,0,0,0,0,0,0.0,0.0,0.0,0.0,0.0,0.0,0.0,0.0,0,43
2025-26,28,600,Alphonse Areola,GK,West Ham,19,12,0,2026-02-28T15:00:00Z,0,0,0,0,0,0,0,0,0.0,0.0,0.0,0.0,0.0,0.0,0.0,0.0,0,43
2025-26,28,601,Wes Foderingham,GK,West Ham,19,12,0,2026-02-28T15:00:00Z,0,0,0,0,0,0,0,0,0.0,0.0,0.0,0.0,0.0,0.0,0.0,0.0,0,40
2025-26,28,602,Krisztián Hegyi,GK,West Ham,19,12,0,2026-02-28T15:00:00Z,0,0,0,0,0,0,0,0,0.0,0.0,0.0,0.0,0.0,0.0,0.0,0.0,0,39
2025-26,28,603,El Hadji Malick Diouf,DEF,West Ham,19,12,0,2026-02-28T15:00:00Z,89,3,0,1,0,5,0,15,41.2,29.4,13.0,8.4,0.07,0.33,0.4,1.42,1,40
2025-26,28,604,Emerson Palmieri dos Santos,DEF,West Ham,19,12,0,2026-02-28T15:00:00Z,0,0,0,0,0,0,0,0,0.0,0.0,0.0,0.0,0.0,0.0,0.0,0.0,0,44
2025-26,28,605,Maximilian Kilman,DEF,West Ham,19,12,0,2026-02-28T15:00:00Z,0,0,0,0,0,0,0,0,0.0,0.0,0.0,0.0,0.0,0.0,0.0,0.0,0,42
2025-26,28,606,Konstantinos Mavropanos,DEF,West Ham,19,12,0,2026-02-28T15:00:00Z,90,2,0,0,0,5,0,-2,26.0,1.2,14.0,4.1,0.36,0.0,0.36,1.84,1,44
2025-26,28,607,Nayef Aguerd,DEF,West Ham,19,12,0,2026-02-28T15:00:00Z,0,0,0,0,0,0,0,0,0.0,0.0,0.0,0.0,0.0,0.0,0.0,0.0,0,44
2025-26,28,608,Ollie Scarles,DEF,West Ham,19,12,0,2026-02-28T15:00:00Z,0,0,0,0,0,0,0,0,0.0,0.0,0.0,0.0,0.0,0.0,0.0,0.0,0,43
2025-26,28,609,Jean-Clair Todibo,DEF,West Ham,19,12,0,2026-02-28T15:00:00Z,0,0,0,0,0,0,0,0,0.0,0.0,0.0,0.0,0.0,0.0,0.0,0.0,0,43
2025-26,28,610,Aaron Wan-Bissaka,DEF,West Ham,19,12,0,2026-02-28T15:00:00Z,90,0,0,0,0,5,0,-11,10.0,4.6,2.0,1.7,0.0,0.02,0.02,1.84,1,41
2025-26,28,611,Kaelan Casey,DEF,West Ham,19,12,0,2026-02-28T15:00:00Z,0,0,0,0,0,0,0,0,0.0,0.0,0.0,0.0,0.0,0.0,0.0,0.0,0,40
2025-26,28,612,Lucas Tolentino Coelho de Lima,MID,West Ham,19,12,0,2026-02-28T15:00:00Z,0,0,0,0,0,0,0,0,0.0,0.0,0.0,0.0,0.0,0.0,0.0,0.0,0,59
2025-26,28,613,Tomáš Souček,MID,West Ham,19,12,0,2026-02-28T15:00:00Z,89,7,1,0,0,5,0,30,38.2,11.8,36.0,8.6,0.85,0.01,0.86,1.42,1,57
2025-26,28,614,James Ward-Prowse,MID,Burnley,3,5,1,2026-02-28T15:00:00Z,74,2,0,0,0,3,0,16,14.8,15.6,0.0,3.0,0.0,0.05,0.05,1.89,1,56
2025-26,28,615,Crysencio Summerville,MID,West Ham,19,12,0,2026-02-28T15:00:00Z,90,1,0,0,0,5,0,4,9.2,14.7,40.0,6.4,0.27,0.05,0.32,1.84,1,57
2025-26,28,616,Edson Álvarez Velázquez,MID,West Ham,19,12,0,2026-02-28T15:00:00Z,0,0,0,0,0,0,0,0,0.0,0.0,0.0,0.0,0.0,0.0,0.0,0.0,0,49
2025-26,28,617,Maxwel Cornet,MID,West Ham,19,12,0,2026-02-28T15:00:00Z,0,0,0,0,0,0,0,0,0.0,0.0,0.0,0.0,0.0,0.0,0.0,0.0,0,49
2025-26,28,618,Guido Rodríguez,MID,West Ham,19,12,0,2026-02-28T15:00:00Z,0,0,0,0,0,0,0,0,0.0,0.0,0.0,0.0,0.0,0.0,0.0,0.0,0,48
2025-26,28,619,Luis Guilherme Lira dos Santos,MID,West Ham,19,12,0,2026-02-28T15:00:00Z,0,0,0,0,0,0,0,0,0.0,0.0,0.0,0.0,0.0,0.0,0.0,0.0,0,49
2025-26,28,620,George Earthy,MID,West Ham,19,12,0,2026-02-28T15:00:00Z,0,0,0,0,0,0,0,0,0.0,0.0,0.0,0.0,0.0,0.0,0.0,0.0,0,45
2025-26,28,621,Andy Irving,MID,West Ham,19,12,0,2026-02-28T15:00:00Z,0,0,0,0,0,0,0,0,0.0,0.0,0.0,0.0,0.0,0.0,0.0,0.0,0,43
2025-26,28,622,Lewis Orford,MID,West Ham,19,12,0,2026-02-28T15:00:00Z,0,0,0,0,0,0,0,0,0.0,0.0,0.0,0.0,0.0,0.0,0.0,0.0,0,44
2025-26,28,623,Freddie Potts,MID,West Ham,19,12,0,2026-02-28T15:00:00Z,0,0,0,0,0,0,0,0,0.0,0.0,0.0,0.0,0.0,0.0,0.0,0.0,0,44
2025-26,28,624,Jarrod Bowen,FWD,West Ham,19,12,0,2026-02-28T15:00:00Z,90,7,0,1,0,5,0,26,32.8,41.7,16.0,9.1,0.0,0.26,0.26,1.84,1,76
2025-26,28,625,Niclas Füllkrug,FWD,West Ham,19,12,0,2026-02-28T15:00:00Z,0,0,0,0,0,0,0,0,0.0,0.0,0.0,0.0,0.0,0.0,0.0,0.0,0,56
2025-26,28,626,Callum Marshall,FWD,West Ham,19,12,0,2026-02-28T15:00:00Z,0,0,0,0,0,0,0,0,0.0,0.0,0.0,0.0,0.0,0.0,0.0,0.0,0,43
2025-26,28,627,Sam Johnstone,GK,Wolves,20,2,1,2026-02-27T20:00:00Z,0,0,0,0,0,0,0,0,0.0,0.0,0.0,0.0,0.0,0.0,0.0,0.0,0,44
2025-26,28,628,José Malheiro de Sá,GK,Wolves,20,2,1,2026-02-27T20:00:00Z,90,8,0,0,1,0,1,31,27.6,0.0,0.0,2.8,0.0,0.0,0.0,1.03,1,42
2025-26,28,629,Daniel Bentley,GK,Wolves,20,2,1,2026-02-27T20:00:00Z,0,0,0,0,0,0,0,0,0.0,0.0,0.0,0.0,0.0,0.0,0.0,0.0,0,39
2025-26,28,630,Tom King,GK,Everton,9,15,0,2026-02-28T15:00:00Z,0,0,0,0,0,0,0,0,0.0,0.0,0.0,0.0,0.0,0.0,0.0,0.0,0,39
2025-26,28,631,Emmanuel Agbadou,DEF,Wolves,20,2,1,2026-02-27T20:00:00Z,0,0,0,0,0,0,0,0,0.0,0.0,0.0,0.0,0.0,0.0,0.0,0.0,0,42
2025-26,28,632,Matt Doherty,DEF,Wolves,20,2,1,2026-02-27T20:00:00Z,0,0,0,0,0,0,0,0,0.0,0.0,0.0,0.0,0.0,0.0,0.0,0.0,0,44
2025-26,28,633,Hugo Bueno López,DEF,Wolves,20,2,1,2026-02-27T20:00:00Z,90,6,0,0,1,0,0,26,14.8,1.4,0.0,1.6,0.0,0.01,0.01,1.03,1,43
2025-26,28,634,Yerson Mosquera Valdelamar,DEF,Wolves,20,2,1,2026-02-27T20:00:00Z,90,9,0,0,1,0,2,33,22.6,10.4,7.0,4.0,0.02,0.06,0.08,1.03,1,43
2025-26,28,635,Rodrigo Martins Gomes,DEF,Wolves,20,2,1,2026-02-27T20:00:00Z,1,7,1,0,0,0,0,17,33.0,0.0,17.0,5.0,0.28,0.0,0.28,0.21,0,44
2025-26,28,636,Santiago Ignacio Bueno,DEF,Wolves,20,2,1,2026-02-27T20:00:00Z,90,6,0,0,1,0,0,24,22.6,0.4,0.0,2.3,0.0,0.0,0.0,1.03,1,44
2025-26,28,637,Toti Gomes,DEF,Wolves,20,2,1,2026-02-27T20:00:00Z,90,8,0,0,1,0,0,28,28.2,0.8,5.0,3.4,0.18,0.0,0.18,1.03,1,42
2025-26,28,638,Ki-Jana Hoever,DEF,Wolves,20,2,1,2026-02-27T20:00:00Z,0,0,0,0,0,0,0,0,0.0,0.0,0.0,0.0,0.0,0.0,0.0,0.0,0,38
2025-26,28,639,Bastien Meupiyou Menadjou,DEF,Wolves,20,2,1,2026-02-27T20:00:00Z,0,0,0,0,0,0,0,0,0.0,0.0,0.0,0.0,0.0,0.0,0.0,0.0,0,40
2025-26,28,640,Pedro Cardoso de Lima,DEF,Wolves,20,2,1,2026-02-27T20:00:00Z,0,0,0,0,0,0,0,0,0.0,0.0,0.0,0.0,0.0,0.0,0.0,0.0,0,40
2025-26,28,641,Alfie Pond,DEF,Wolves,20,2,1,2026-02-27T20:00:00Z,0,0,0,0,0,0,0,0,0.0,0.0,0.0,0.0,0.0,0.0,0.0,0.0,0,39
2025-26,28,642,Hwang Hee-chan,MID,Wolves,20,2,1,2026-02-27T20:00:00Z,0,0,0,0,0,0,0,0,0.0,0.0,0.0,0.0,0.0,0.0,0.0,0.0,0,56
2025-26,28,643,André Trindade da Costa Neto,MID,Wolves,20,2,1,2026-02-27T20:00:00Z,88,5,0,0,1,0,0,17,9.2,2.1,0.0,1.1,0.0,0.01,0.01,0.76,1,52
2025-26,28,644,Jean-Ricner Bellegarde,MID,Wolves,20,2,1,2026-02-27T20:00:00Z,80,2,0,0,1,0,0,8,5.4,14.8,6.0,2.6,0.0,0.03,0.03,0.63,1,51
2025-26,28,645,Fer López González,MID,Wolves,20,2,1,2026-02-27T20:00:00Z,0,0,0,0,0,0,0,0,0.0,0.0,0.0,0.0,0.0,0.0,0.0,0.0,0,51
2025-26,28,646,João Victor Gomes da Silva,MID,Wolves,20,2,1,2026-02-27T20:00:00Z,90,14,1,1,1,0,3,53,40.6,2.3,24.0,6.7,0.29,0.01,0.3,1.03,1,53
2025-26,28,647,Gonçalo Manuel Ganchinho Guedes,MID,Wolves,20,2,1,2026-02-27T20:00:00Z,0,0,0,0,0,0,0,0,0.0,0.0,0.0,0.0,0.0,0.0,0.0,0.0,0,55
2025-26,28,648,Marshall Munetsi,MID,Wolves,20,2,1,2026-02-27T20:00:00Z,0,0,0,0,0,0,0,0,0.0,0.0,0.0,0.0,0.0,0.0,0.0,0.0,0,53
2025-26,28,649,Boubacar Traoré,MID,Wolves,20,2,1,2026-02-27T20:00:00Z,0,0,0,0,0,0,0,0,0.0,0.0,0.0,0.0,0.0,0.0,0.0,0.0,0,50
2025-26,28,650,Tawanda Chirewa,MID,Wolves,20,2,1,2026-02-27T20:00:00Z,0,0,0,0,0,0,0,0,0.0,0.0,0.0,0.0,0.0,0.0,0.0,0.0,0,43
2025-26,28,651,Tom Edozie,MID,Wolves,20,2,1,2026-02-27T20:00:00Z,0,0,0,0,0,0,0,0,0.0,0.0,0.0,0.0,0.0,0.0,0.0,0.0,0,43
2025-26,28,652,Enso González Medina,MID,Wolves,20,2,1,2026-02-27T20:00:00Z,0,0,0,0,0,0,0,0,0.0,0.0,0.0,0.0,0.0,0.0,0.0,0.0,0,43
2025-26,28,653,Joe Hodge,MID,Wolves,20,2,1,2026-02-27T20:00:00Z,0,0,0,0,0,0,0,0,0.0,0.0,0.0,0.0,0.0,0.0,0.0,0.0,0,45
2025-26,28,654,Jørgen Strand Larsen,FWD,Crystal Palace,8,14,0,2026-03-01T14:00:00Z,57,1,0,0,0,1,0,0,0.0,5.5,8.0,0.9,0.19,0.01,0.2,1.22,1,62
2025-26,28,655,Fábio Soares Silva,FWD,Wolves,20,2,1,2026-02-27T20:00:00Z,0,0,0,0,0,0,0,0,0.0,0.0,0.0,0.0,0.0,0.0,0.0,0.0,0,49
2025-26,28,656,Saša Kalajdžić,FWD,Wolves,20,2,1,2026-02-27T20:00:00Z,0,0,0,0,0,0,0,0,0.0,0.0,0.0,0.0,0.0,0.0,0.0,0.0,0,49
2025-26,28,657,Leon Chiwome,FWD,Wolves,20,2,1,2026-02-27T20:00:00Z,0,0,0,0,0,0,0,0,0.0,0.0,0.0,0.0,0.0,0.0,0.0,0.0,0,44
2025-26,28,658,Nathan Fraser,FWD,Wolves,20,2,1,2026-02-27T20:00:00Z,0,0,0,0,0,0,0,0,0.0,0.0,0.0,0.0,0.0,0.0,0.0,0.0,0,42
2025-26,28,659,Kyle Walker-Peters,DEF,West Ham,19,12,0,2026-02-28T15:00:00Z,0,0,0,0,0,0,0,0,0.0,0.0,0.0,0.0,0.0,0.0,0.0,0.0,0,42
2025-26,28,660,Anton Stach,MID,Leeds,11,13,1,2026-02-28T17:30:00Z,90,2,0,0,0,1,0,21,16.8,51.8,8.0,7.7,0.02,0.16,0.18,2.0,1,47
2025-26,28,661,Hugo Ekitiké,FWD,Liverpool,12,19,1,2026-02-28T15:00:00Z,75,15,1,2,0,2,3,49,68.6,23.9,34.0,12.7,0.21,0.14,0.35,1.69,1,89
2025-26,28,662,Cristhian Mosquera,DEF,Arsenal,1,7,1,2026-03-01T16:30:00Z,0,0,0,0,0,0,0,0,0.0,0.0,0.0,0.0,0.0,0.0,0.0,0.0,0,53
2025-26,28,663,Jhon Arias,MID,Wolves,20,2,1,2026-02-27T20:00:00Z,0,0,0,0,0,0,0,0,0.0,0.0,0.0,0.0,0.0,0.0,0.0,0.0,0,49
2025-26,28,664,Benjamin Lecomte,GK,Fulham,10,18,1,2026-03-01T14:00:00Z,0,0,0,0,0,0,0,0,0.0,0.0,0.0,0.0,0.0,0.0,0.0,0.0,0,39
2025-26,28,665,Lucas Estella Perri,GK,Leeds,11,13,1,2026-02-28T17:30:00Z,0,0,0,0,0,0,0,0,0.0,0.0,0.0,0.0,0.0,0.0,0.0,0.0,0,45
2025-26,28,666,Viktor Gyökeres,FWD,Arsenal,1,7,1,2026-03-01T16:30:00Z,75,2,0,0,0,1,0,3,0.2,3.6,2.0,0.6,0.03,0.05,0.08,1.0,1,88
2025-26,28,667,Adam Aznou,DEF,Everton,9,15,0,2026-02-28T15:00:00Z,0,0,0,0,0,0,0,0,0.0,0.0,0.0,0.0,0.0,0.0,0.0,0.0,0,42
2025-26,28,668,Granit Xhaka,MID,Sunderland,17,4,0,2026-02-28T12:30:00Z,75,2,0,0,0,1,0,15,9.2,11.3,0.0,2.1,0.0,0.01,0.01,1.27,1,51
2025-26,28,669,Dan Ndoye,MID,Nott'm Forest,16,6,0,2026-03-01T14:00:00Z,8,1,0,0,0,0,0,5,2.0,10.3,0.0,1.2,0.0,0.01,0.01,0.0,0,55
2025-26,28,670,Robin Roefs,GK,Sunderland,17,4,0,2026-02-28T12:30:00Z,90,2,0,0,0,1,0,9,22.2,0.0,0.0,2.2,0.0,0.0,0.0,1.71,1,49
2025-26,28,671,Callum Wilson,FWD,West Ham,19,12,0,2026-02-28T15:00:00Z,0,0,0,0,0,0,0,0,0.0,0.0,0.0,0.0,0.0,0.0,0.0,0.0,0,58
2025-26,28,672,Jorrel Hato,DEF,Chelsea,7,1,0,2026-03-01T16:30:00Z,74,0,0,0,0,2,0,0,4.2,0.3,0.0,0.5,0.0,0.09,0.09,1.03,1,46
2025-26,28,673,João Maria Lobo Alves Palhares Costa Palhinha Gonçalves,MID,Spurs,18,10,0,2026-03-01T14:00:00Z,90,2,0,0,0,2,0,12,6.8,1.4,12.0,2.0,0.19,0.0,0.19,2.14,1,55
2025-26,28,674,Aaron Ramsdale,GK,Newcastle,15,9,1,2026-02-28T15:00:00Z,0,0,0,0,0,0,0,0,0.0,0.0,0.0,0.0,0.0,0.0,0.0,0.0,0,48
2025-26,28,675,Angus Gunn,GK,Nott'm Forest,16,6,0,2026-03-01T14:00:00Z,0,0,0,0,0,0,0,0,0.0,0.0,0.0,0.0,0.0,0.0,0.0,0.0,0,40
2025-26,28,676,Lesley Ugochukwu,MID,Burnley,3,5,1,2026-02-28T15:00:00Z,45,1,0,0,0,1,0,2,2.8,1.3,7.0,1.1,0.1,0.01,0.11,0.45,0,50
2025-26,28,677,Evann Guessand,MID,Crystal Palace,8,14,0,2026-03-01T14:00:00Z,32,1,0,0,0,1,0,3,4.4,0.8,2.0,0.7,0.0,0.01,0.01,0.83,0,62
2025-26,28,678,Arthur Masuaku,DEF,Sunderland,17,4,0,2026-02-28T12:30:00Z,0,0,0,0,0,0,0,0,0.0,0.0,0.0,0.0,0.0,0.0,0.0,0.0,0,39
2025-26,28,679,Mads Hermansen,GK,West Ham,19,12,0,2026-02-28T15:00:00Z,90,0,0,0,0,5,0,-4,15.8,0.0,0.0,1.6,0.0,0.0,0.0,1.84,1,42
2025-26,28,680,Armando Broja,FWD,Burnley,3,5,1,2026-02-28T15:00:00Z,0,0,0,0,0,0,0,0,0.0,0.0,0.0,0.0,0.0,0.0,0.0,0.0,0,52
2025-26,28,681,Benjamin Sesko,FWD,Man Utd,14,8,1,2026-03-01T14:00:00Z,74,8,1,0,0,1,2,38,38.4,3.4,60.0,10.2,0.29,0.01,0.3,0.32,1,72
2025-26,28,682,David Møller Wolfe,DEF,Wolves,20,2,1,2026-02-27T20:00:00Z,0,0,0,0,0,0,0,0,0.0,0.0,0.0,0.0,0.0,0.0,0.0,0.0,0,42
2025-26,28,683,Omar Alderete,DEF,Sunderland,17,4,0,2026-02-28T12:30:00Z,90,4,0,0,0,1,0,16,41.8,0.4,0.0,4.2,0.0,0.0,0.0,1.71,1,41
2025-26,28,684,Malick Thiaw,DEF,Newcastle,15,9,1,2026-02-28T15:00:00Z,90,1,0,0,0,3,0,2,14.0,13.5,13.0,4.1,0.33,0.13,0.46,2.13,1,50
2025-26,28,685,Bafodé Diakité,DEF,Bournemouth,4,17,1,2026-02-28T12:30:00Z,0,0,0,0,0,0,0,0,0.0,0.0,0.0,0.0,0.0,0.0,0.0,0.0,0,42
2025-26,28,686,Rio Ngumoha,MID,Liverpool,12,19,1,2026-02-28T15:00:00Z,14,1,0,0,0,0,0,6,9.0,10.3,17.0,3.6,0.12,0.0,0.12,0.16,0,43
2025-26,28,687,Remy Rees-Dottin,MID,Bournemouth,4,17,1,2026-02-28T12:30:00Z,0,0,0,0,0,0,0,0,0.0,0.0,0.0,0.0,0.0,0.0,0.0,0.0,0,43
2025-26,28,688,James Wright,GK,Aston Villa,2,20,0,2026-02-27T20:00:00Z,0,0,0,0,0,0,0,0,0.0,0.0,0.0,0.0,0.0,0.0,0.0,0.0,0,39
2025-26,28,689,Seung-Soo Park,MID,Newcastle,15,9,1,2026-02-28T15:00:00Z,0,0,0,0,0,0,0,0,0.0,0.0,0.0,0.0,0.0,0.0,0.0,0.0,0,43
2025-26,28,690,Rio Cardines,MID,Crystal Palace,8,14,0,2026-03-01T14:00:00Z,0,0,0,0,0,0,0,0,0.0,0.0,0.0,0.0,0.0,0.0,0.0,0.0,0,44
2025-26,28,691,Dominic Calvert-Lewin,FWD,Leeds,11,13,1,2026-02-28T17:30:00Z,90,2,0,0,0,1,0,-1,0.0,12.5,24.0,3.5,0.78,0.02,0.8,2.0,1,58
2025-26,28,692,Giovanni Leoni,DEF,Liverpool,12,19,1,2026-02-28T15:00:00Z,0,0,0,0,0,0,0,0,0.0,0.0,0.0,0.0,0.0,0.0,0.0,0.0,0,49
2025-26,28,693,Omari Hutchinson,MID,Nott'm Forest,16,6,0,2026-03-01T14:00:00Z,55,1,0,0,0,2,0,4,2.8,1.8,19.0,2.4,0.02,0.01,0.03,1.26,1,54
2025-26,28,694,Nordi Mukiele,DEF,Sunderland,17,4,0,2026-02-28T12:30:00Z,0,0,0,0,0,0,0,0,0.0,0.0,0.0,0.0,0.0,0.0,0.0,0.0,0,46
2025-26,28,695,Jackson Tchatchoua,DEF,Wolves,20,2,1,2026-02-27T20:00:00Z,90,6,0,0,1,0,0,24,13.2,8.7,0.0,2.2,0.0,0.01,0.01,1.03,1,44
2025-26,28,696,Arnaud Kalimuendo,FWD,Nott'm Forest,16,6,0,2026-03-01T14:00:00Z,0,0,0,0,0,0,0,0,0.0,0.0,0.0,0.0,0.0,0.0,0.0,0.0,0,60
2025-26,28,697,Amine Adli,MID,Bournemouth,4,17,1,2026-02-28T12:30:00Z,9,1,0,0,0,0,0,6,2.0,4.8,4.0,1.1,0.0,0.02,0.02,0.08,0,54
2025-26,28,698,Noah Okafor,MID,Leeds,11,13,1,2026-02-28T17:30:00Z,0,0,0,0,0,0,0,0,0.0,0.0,0.0,0.0,0.0,0.0,0.0,0.0,0,55
2025-26,28,699,Douglas Luiz Soares de Paulo,MID,Aston Villa,2,20,0,2026-02-27T20:00:00Z,59,1,0,0,0,0,0,5,13.2,29.8,17.0,6.0,0.13,0.11,0.24,0.22,1,49
2025-26,28,700,Max Dowman,MID,Arsenal,1,7,1,2026-03-01T16:30:00Z,0,0,0,0,0,0,0,0,0.0,0.0,0.0,0.0,0.0,0.0,0.0,0.0,0,42
2025-26,28,701,Triston Rowe,DEF,Aston Villa,2,20,0,2026-02-27T20:00:00Z,0,0,0,0,0,0,0,0,0.0,0.0,0.0,0.0,0.0,0.0,0.0,0.0,0,40
2025-26,28,702,Bradley Burrowes,MID,Aston Villa,2,20,0,2026-02-27T20:00:00Z,0,0,0,0,0,0,0,0,0.0,0.0,0.0,0.0,0.0,0.0,0.0,0.0,0,44
2025-26,28,703,Sam Proctor,GK,Aston Villa,2,20,0,2026-02-27T20:00:00Z,0,0,0,0,0,0,0,0,0.0,0.0,0.0,0.0,0.0,0.0,0.0,0.0,0,39
2025-26,28,704,Tyler Onyango,MID,Everton,9,15,0,2026-02-28T15:00:00Z,0,0,0,0,0,0,0,0,0.0,0.0,0.0,0.0,0.0,0.0,0.0,0.0,0,45
2025-26,28,705,Elijah Campbell,DEF,Everton,9,15,0,2026-02-28T15:00:00Z,0,0,0,0,0,0,0,0,0.0,0.0,0.0,0.0,0.0,0.0,0.0,0.0,0,39
2025-26,28,706,James Justin,DEF,Leeds,11,13,1,2026-02-28T17:30:00Z,86,2,0,0,0,1,0,8,23.8,0.5,11.0,3.5,0.03,0.01,0.04,2.0,1,39
2025-26,28,707,Tyler Dibling,MID,Everton,9,15,0,2026-02-28T15:00:00Z,0,0,0,0,0,0,0,0,0.0,0.0,0.0,0.0,0.0,0.0,0.0,0.0,0,53
2025-26,28,708,Mateus Gonçalo Espanha Fernandes,MID,West Ham,19,12,0,2026-02-28T15:00:00Z,90,2,0,0,0,5,0,18,11.0,5.8,7.0,2.4,0.02,0.06,0.08,1.84,1,55
2025-26,28,709,Ladislav Krejcí,DEF,Wolves,20,2,1,2026-02-27T20:00:00Z,0,0,0,0,0,0,0,0,0.0,0.0,0.0,0.0,0.0,0.0,0.0,0.0,0,45
2025-26,28,710,Travis Patterson,DEF,Aston Villa,2,20,0,2026-02-27T20:00:00Z,0,0,0,0,0,0,0,0,0.0,0.0,0.0,0.0,0.0,0.0,0.0,0.0,0,39
2025-26,28,711,Andre Harriman-Annous,MID,Arsenal,1,7,1,2026-03-01T16:30:00Z,0,0,0,0,0,0,0,0,0.0,0.0,0.0,0.0,0.0,0.0,0.0,0.0,0,44
2025-26,28,712,Yéremy Pino Santos,MID,Crystal Palace,8,14,0,2026-03-01T14:00:00Z,5,1,0,0,0,0,0,4,0.6,3.7,0.0,0.4,0.0,0.04,0.04,0.36,0,58
2025-26,28,713,Álex Jiménez Sánchez,DEF,Bournemouth,4,17,1,2026-02-28T12:30:00Z,90,2,0,0,0,1,0,12,18.4,27.8,4.0,5.0,0.08,0.23,0.31,1.42,1,45
2025-26,28,714,Nick Woltemade,FWD,Newcastle,15,9,1,2026-02-28T15:00:00Z,55,1,0,0,0,2,0,1,0.0,1.9,0.0,0.2,0.0,0.01,0.01,1.08,1,68
2025-26,28,715,John Victor Maciel Furtado,GK,Nott'm Forest,16,6,0,2026-03-01T14:00:00Z,0,0,0,0,0,0,0,0,0.0,0.0,0.0,0.0,0.0,0.0,0.0,0.0,0,40
2025-26,28,716,Nicolò Savona,DEF,Nott'm Forest,16,6,0,2026-03-01T14:00:00Z,0,0,0,0,0,0,0,0,0.0,0.0,0.0,0.0,0.0,0.0,0.0,0.0,0,45
2025-26,28,717,Xavi Simons,MID,Spurs,18,10,0,2026-03-01T14:00:00Z,57,1,0,0,0,2,0,4,1.6,16.2,0.0,1.8,0.0,0.04,0.04,1.37,1,65
2025-26,28,718,Soungoutou Magassa,MID,West Ham,19,12,0,2026-02-28T15:00:00Z,75,1,0,0,0,4,0,2,2.2,3.4,0.0,0.6,0.0,0.01,0.01,1.22,1,50
2025-26,28,719,Victor Lindelöf,DEF,Aston Villa,2,20,0,2026-02-27T20:00:00Z,0,0,0,0,0,0,0,0,0.0,0.0,0.0,0.0,0.0,0.0,0.0,0.0,0,45
2025-26,28,720,Tolu Arokodare,FWD,Wolves,20,2,1,2026-02-27T20:00:00Z,9,1,0,0,0,0,0,4,4.0,10.3,0.0,1.4,0.0,0.01,0.01,0.4,0,54
2025-26,28,721,Veljko Milosavljevic,DEF,Bournemouth,4,17,1,2026-02-28T12:30:00Z,0,0,0,0,0,0,0,0,0.0,0.0,0.0,0.0,0.0,0.0,0.0,0.0,0,44
2025-26,28,722,Florentino Ibrain Morris Luís,MID,Burnley,3,5,1,2026-02-28T15:00:00Z,15,1,0,0,0,1,0,5,12.2,0.2,0.0,1.2,0.0,0.0,0.0,0.36,0,50
2025-26,28,723,Jaydee Canvot,DEF,Crystal Palace,8,14,0,2026-03-01T14:00:00Z,90,3,0,0,0,2,0,7,29.6,0.9,2.0,3.3,0.0,0.01,0.01,2.05,1,45
2025-26,28,724,Lutsharel Geertruida,DEF,Sunderland,17,4,0,2026-02-28T12:30:00Z,90,4,0,0,0,1,0,6,21.4,2.3,2.0,2.6,0.0,0.01,0.01,1.71,1,45
2025-26,28,725,Piero Hincapié,DEF,Arsenal,1,7,1,2026-03-01T16:30:00Z,90,0,0,0,0,1,0,-3,1.6,0.2,0.0,0.2,0.0,0.0,0.0,1.05,1,51
2025-26,28,726,Randal Kolo Muani,FWD,Spurs,18,10,0,2026-03-01T14:00:00Z,57,1,0,0,0,2,0,3,0.0,10.5,18.0,2.8,0.09,0.03,0.12,1.37,1,69
2025-26,28,727,Samuel Chukwueze,MID,Fulham,10,18,1,2026-03-01T14:00:00Z,18,1,0,0,0,0,0,6,8.6,22.6,9.0,4.0,0.04,0.21,0.25,0.23,0,53
2025-26,28,728,Merlin Röhl,MID,Everton,9,15,0,2026-02-28T15:00:00Z,0,0,0,0,0,0,0,0,0.0,0.0,0.0,0.0,0.0,0.0,0.0,0.0,0,50
2025-26,28,729,Luis Eduardo Soares da Silva,DEF,Nott'm Forest,16,6,0,2026-03-01T14:00:00Z,0,0,0,0,0,0,0,0,0.0,0.0,0.0,0.0,0.0,0.0,0.0,0.0,0,45
2025-26,28,730,Brian Brobbey,FWD,Sunderland,17,4,0,2026-02-28T12:30:00Z,0,0,0,0,0,0,0,0,0.0,0.0,0.0,0.0,0.0,0.0,0.0,0.0,0,55
2025-26,28,731,Kevin Santos Lopes de Macedo,MID,Fulham,10,18,1,2026-03-01T14:00:00Z,0,0,0,0,0,0,0,0,0.0,0.0,0.0,0.0,0.0,0.0,0.0,0.0,0,58
2025-26,28,732,Christantus Uche,FWD,Crystal Palace,8,14,0,2026-03-01T14:00:00Z,0,0,0,0,0,0,0,0,0.0,0.0,0.0,0.0,0.0,0.0,0.0,0.0,0,55
2025-26,28,733,Senne Lammens,GK,Man Utd,14,8,1,2026-03-01T14:00:00Z,90,2,0,0,0,1,0,8,15.2,0.0,0.0,1.5,0.0,0.0,0.0,0.38,1,50
2025-26,28,734,Dilane Bakwa,MID,Nott'm Forest,16,6,0,2026-03-01T14:00:00Z,16,1,0,0,0,0,0,0,0.0,0.8,6.0,0.5,0.06,0.0,0.06,0.02,0,59
2025-26,28,735,Bertrand Traoré,MID,Sunderland,17,4,0,2026-02-28T12:30:00Z,21,1,0,0,0,0,0,1,0.0,0.1,0.0,0.0,0.0,0.0,0.0,0.62,0,55
2025-26,28,736,Gianluigi Donnarumma,GK,Man City,13,11,0,2026-02-28T17:30:00Z,90,5,0,0,1,0,0,23,14.2,0.0,0.0,1.4,0.0,0.0,0.0,1.49,1,56
2025-26,28,737,Jonah Kusi-Asare,FWD,Fulham,10,18,1,2026-03-01T14:00:00Z,0,0,0,0,0,0,0,0,0.0,0.0,0.0,0.0,0.0,0.0,0.0,0.0,0,45
2025-26,28,738,Lukasz Fabianski,GK,West Ham,19,12,0,2026-02-28T15:00:00Z,0,0,0,0,0,0,0,0,0.0,0.0,0.0,0.0,0.0,0.0,0.0,0.0,0,45
2025-26,28,739,Divine Mukasa,MID,Man City,13,11,0,2026-02-28T17:30:00Z,0,0,0,0,0,0,0,0,0.0,0.0,0.0,0.0,0.0,0.0,0.0,0.0,0,44
2025-26,28,740,Stephen Mfuni,DEF,Man City,13,11,0,2026-02-28T17:30:00Z,0,0,0,0,0,0,0,0,0.0,0.0,0.0,0.0,0.0,0.0,0.0,0.0,0,39
2025-26,28,741,Harry Gray,FWD,Leeds,11,13,1,2026-02-28T17:30:00Z,0,0,0,0,0,0,0,0,0.0,0.0,0.0,0.0,0.0,0.0,0.0,0.0,0,45
2025-26,28,742,Ryan McAidoo,MID,Man City,13,11,0,2026-02-28T17:30:00Z,0,0,0,0,0,0,0,0,0.0,0.0,0.0,0.0,0.0,0.0,0.0,0.0,0,45
2025-26,28,743,Landon Emenalo,MID,Chelsea,7,1,0,2026-03-01T16:30:00Z,0,0,0,0,0,0,0,0,0.0,0.0,0.0,0.0,0.0,0.0,0.0,0.0,0,45
2025-26,28,744,Nehemiah Oriola,MID,Brighton,6,16,1,2026-03-01T14:00:00Z,0,0,0,0,0,0,0,0,0.0,0.0,0.0,0.0,0.0,0.0,0.0,0.0,0,45
2025-26,28,745,Jun'ai Byfield,DEF,Spurs,18,10,0,2026-03-01T14:00:00Z,0,0,0,0,0,0,0,0,0.0,0.0,0.0,0.0,0.0,0.0,0.0,0.0,0,40
2025-26,28,746,Kieran Morrison,MID,Liverpool,12,19,1,2026-02-28T15:00:00Z,0,0,0,0,0,0,0,0,0.0,0.0,0.0,0.0,0.0,0.0,0.0,0.0,0,45
2025-26,28,747,Ezra Mayers,DEF,West Ham,19,12,0,2026-02-28T15:00:00Z,1,1,0,0,0,0,0,3,0.6,1.1,0.0,0.2,0.0,0.05,0.05,0.41,0,40
2025-26,28,748,Josh Dasilva,MID,Brentford,5,3,0,2026-02-28T15:00:00Z,0,0,0,0,0,0,0,0,0.0,0.0,0.0,0.0,0.0,0.0,0.0,0.0,0,49
2025-26,28,749,Mateus Mané,FWD,Wolves,20,2,1,2026-02-27T20:00:00Z,90,2,0,0,1,0,0,6,1.6,11.5,7.0,2.0,0.09,0.01,0.1,1.03,1,46
2025-26,28,750,James Rowswell,DEF,Spurs,18,10,0,2026-03-01T14:00:00Z,0,0,0,0,0,0,0,0,0.0,0.0,0.0,0.0,0.0,0.0,0.0,0.0,0,40
2025-26,28,751,Yusuf Akhamrich,MID,Spurs,18,10,0,2026-03-01T14:00:00Z,0,0,0,0,0,0,0,0,0.0,0.0,0.0,0.0,0.0,0.0,0.0,0.0,0,45
2025-26,28,752,Airidas Golambeckis,DEF,West Ham,19,12,0,2026-02-28T15:00:00Z,0,0,0,0,0,0,0,0,0.0,0.0,0.0,0.0,0.0,0.0,0.0,0.0,0,40
2025-26,28,753,John Ruddy,GK,Newcastle,15,9,1,2026-02-28T15:00:00Z,0,0,0,0,0,0,0,0,0.0,0.0,0.0,0.0,0.0,0.0,0.0,0.0,0,40
2025-26,28,754,George Hemmings,MID,Aston Villa,2,20,0,2026-02-27T20:00:00Z,0,0,0,0,0,0,0,0,0.0,0.0,0.0,0.0,0.0,0.0,0.0,0.0,0,45
2025-26,28,755,Shea Lacey,MID,Man Utd,14,8,1,2026-03-01T14:00:00Z,0,0,0,0,0,0,0,0,0.0,0.0,0.0,0.0,0.0,0.0,0.0,0.0,0,45
2025-26,28,756,Malcom DaCosta,MID,Bournemouth,4,17,1,2026-02-28T12:30:00Z,0,0,0,0,0,0,0,0,0.0,0.0,0.0,0.0,0.0,0.0,0.0,0.0,0,45
2025-26,28,757,Ronnie Hollingshead,GK,Aston Villa,2,20,0,2026-02-27T20:00:00Z,0,0,0,0,0,0,0,0,0.0,0.0,0.0,0.0,0.0,0.0,0.0,0.0,0,40
2025-26,28,758,Mohamadou Kanté,MID,West Ham,19,12,0,2026-02-28T15:00:00Z,1,1,0,0,0,0,0,3,0.0,0.7,0.0,0.1,0.0,0.0,0.0,0.41,0,45
2025-26,28,759,Marli Salmon,DEF,Arsenal,1,7,1,2026-03-01T16:30:00Z,0,0,0,0,0,0,0,0,0.0,0.0,0.0,0.0,0.0,0.0,0.0,0.0,0,40
2025-26,28,760,Wellity Lucky,DEF,Liverpool,12,19,1,2026-02-28T15:00:00Z,0,0,0,0,0,0,0,0,0.0,0.0,0.0,0.0,0.0,0.0,0.0,0.0,0,40
2025-26,28,761,Freddie Simmonds,DEF,Brighton,6,16,1,2026-03-01T14:00:00Z,0,0,0,0,0,0,0,0,0.0,0.0,0.0,0.0,0.0,0.0,0.0,0.0,0,40
2025-26,28,762,Joél Drakes-Thomas,MID,Crystal Palace,8,14,0,2026-03-01T14:00:00Z,0,0,0,0,0,0,0,0,0.0,0.0,0.0,0.0,0.0,0.0,0.0,0.0,0,45
2025-26,28,763,Charlie Gray,MID,Man City,13,11,0,2026-02-28T17:30:00Z,0,0,0,0,0,0,0,0,0.0,0.0,0.0,0.0,0.0,0.0,0.0,0.0,0,45
2025-26,28,764,Reigan Heskey,MID,Man City,13,11,0,2026-02-28T17:30:00Z,0,0,0,0,0,0,0,0,0.0,0.0,0.0,0.0,0.0,0.0,0.0,0.0,0,45
2025-26,28,765,Leo Shahar,DEF,Newcastle,15,9,1,2026-02-28T15:00:00Z,0,0,0,0,0,0,0,0,0.0,0.0,0.0,0.0,0.0,0.0,0.0,0.0,0,40
2025-26,28,766,Saheed Olagunju,DEF,Wolves,20,2,1,2026-02-27T20:00:00Z,0,0,0,0,0,0,0,0,0.0,0.0,0.0,0.0,0.0,0.0,0.0,0.0,0,40
2025-26,28,767,Luke Rawlings,MID,Wolves,20,2,1,2026-02-27T20:00:00Z,0,0,0,0,0,0,0,0,0.0,0.0,0.0,0.0,0.0,0.0,0.0,0.0,0,45
2025-26,28,768,Leon Routh,DEF,Aston Villa,2,20,0,2026-02-27T20:00:00Z,0,0,0,0,0,0,0,0,0.0,0.0,0.0,0.0,0.0,0.0,0.0,0.0,0,40
2025-26,28,769,Bendito Mantato,MID,Man Utd,14,8,1,2026-03-01T14:00:00Z,0,0,0,0,0,0,0,0,0.0,0.0,0.0,0.0,0.0,0.0,0.0,0.0,0,45
2025-26,28,770,Seth Ridgeon,MID,Fulham,10,18,1,2026-03-01T14:00:00Z,0,0,0,0,0,0,0,0,0.0,0.0,0.0,0.0,0.0,0.0,0.0,0.0,0,45
2025-26,28,771,Tyler Fletcher,MID,Man Utd,14,8,1,2026-03-01T14:00:00Z,0,0,0,0,0,0,0,0,0.0,0.0,0.0,0.0,0.0,0.0,0.0,0.0,0,44
2025-26,28,772,Sam Alabi,MID,Newcastle,15,9,1,2026-02-28T15:00:00Z,0,0,0,0,0,0,0,0,0.0,0.0,0.0,0.0,0.0,0.0,0.0,0.0,0,45
2025-26,28,773,Dean Benamar,DEF,Crystal Palace,8,14,0,2026-03-01T14:00:00Z,0,0,0,0,0,0,0,0,0.0,0.0,0.0,0.0,0.0,0.0,0.0,0.0,0,40
2025-26,28,774,Jenson Jones,DEF,Sunderland,17,4,0,2026-02-28T12:30:00Z,0,0,0,0,0,0,0,0,0.0,0.0,0.0,0.0,0.0,0.0,0.0,0.0,0,40
2025-26,28,775,Tymur Tutierov,MID,Sunderland,17,4,0,2026-02-28T12:30:00Z,0,0,0,0,0,0,0,0,0.0,0.0,0.0,0.0,0.0,0.0,0.0,0.0,0,45
2025-26,28,776,Oliver Pimlott,MID,Burnley,3,5,1,2026-02-28T15:00:00Z,0,0,0,0,0,0,0,0,0.0,0.0,0.0,0.0,0.0,0.0,0.0,0.0,0,45
2025-26,28,777,Temple Ojinnaka,MID,Wolves,20,2,1,2026-02-27T20:00:00Z,0,0,0,0,0,0,0,0,0.0,0.0,0.0,0.0,0.0,0.0,0.0,0.0,0,45
2025-26,28,778,Ethan Sutherland,MID,Wolves,20,2,1,2026-02-27T20:00:00Z,0,0,0,0,0,0,0,0,0.0,0.0,0.0,0.0,0.0,0.0,0.0,0.0,0,45
2025-26,28,779,Braiden Graham,FWD,Everton,9,15,0,2026-02-28T15:00:00Z,0,0,0,0,0,0,0,0,0.0,0.0,0.0,0.0,0.0,0.0,0.0,0.0,0,45
2025-26,28,780,Ben Casey,FWD,Crystal Palace,8,14,0,2026-03-01T14:00:00Z,0,0,0,0,0,0,0,0,0.0,0.0,0.0,0.0,0.0,0.0,0.0,0.0,0,45
2025-26,28,781,TJ Carroll,DEF,Aston Villa,2,20,0,2026-02-27T20:00:00Z,0,0,0,0,0,0,0,0,0.0,0.0,0.0,0.0,0.0,0.0,0.0,0.0,0,40
2025-26,28,782,Fraser Forster,GK,Bournemouth,4,17,1,2026-02-28T12:30:00Z,0,0,0,0,0,0,0,0,0.0,0.0,0.0,0.0,0.0,0.0,0.0,0.0,0,40
2025-26,28,783,Pascal Groß,MID,Brighton,6,16,1,2026-03-01T14:00:00Z,90,5,0,1,0,1,0,31,36.4,50.1,17.0,10.4,0.01,0.57,0.58,0.93,1,55
2025-26,28,784,George Brierley,MID,Burnley,3,5,1,2026-02-28T15:00:00Z,0,0,0,0,0,0,0,0,0.0,0.0,0.0,0.0,0.0,0.0,0.0,0.0,0,45
2025-26,28,785,Pablo Felipe Pereira de Jesus,FWD,West Ham,19,12,0,2026-02-28T15:00:00Z,0,0,0,0,0,0,0,0,0.0,0.0,0.0,0.0,0.0,0.0,0.0,0.0,0,55
2025-26,28,786,Alfie McNally,GK,Fulham,10,18,1,2026-03-01T14:00:00Z,0,0,0,0,0,0,0,0,0.0,0.0,0.0,0.0,0.0,0.0,0.0,0.0,0,40
2025-26,28,787,Sam Chambers,MID,Leeds,11,13,1,2026-02-28T17:30:00Z,0,0,0,0,0,0,0,0,0.0,0.0,0.0,0.0,0.0,0.0,0.0,0.0,0,44
2025-26,28,788,Godwill Kukonki,DEF,Man Utd,14,8,1,2026-03-01T14:00:00Z,0,0,0,0,0,0,0,0,0.0,0.0,0.0,0.0,0.0,0.0,0.0,0.0,0,40
2025-26,28,789,Max Merrick,GK,Chelsea,7,1,0,2026-03-01T16:30:00Z,0,0,0,0,0,0,0,0,0.0,0.0,0.0,0.0,0.0,0.0,0.0,0.0,0,40
2025-26,28,790,Lucá Williams-Barnett,MID,Spurs,18,10,0,2026-03-01T14:00:00Z,0,0,0,0,0,0,0,0,0.0,0.0,0.0,0.0,0.0,0.0,0.0,0.0,0,45
2025-26,28,791,Valentín Castellanos,FWD,West Ham,19,12,0,2026-02-28T15:00:00Z,90,7,1,0,0,5,1,31,36.6,18.5,37.0,9.2,0.29,0.03,0.32,1.84,1,55
2025-26,28,792,Alysson Edward Franco da Rocha dos Santos,MID,Aston Villa,2,20,0,2026-02-27T20:00:00Z,4,1,0,0,0,1,0,5,3.2,1.0,2.0,0.6,0.0,0.03,0.03,0.42,0,50
2025-26,28,793,George King,DEF,Crystal Palace,8,14,0,2026-03-01T14:00:00Z,0,0,0,0,0,0,0,0,0.0,0.0,0.0,0.0,0.0,0.0,0.0,0.0,0,40
2025-26,28,794,Max Alleyne,DEF,Man City,13,11,0,2026-02-28T17:30:00Z,0,0,0,0,0,0,0,0,0.0,0.0,0.0,0.0,0.0,0.0,0.0,0.0,0,41
2025-26,28,795,Harry Howell,MID,Brighton,6,16,1,2026-03-01T14:00:00Z,0,0,0,0,0,0,0,0,0.0,0.0,0.0,0.0,0.0,0.0,0.0,0.0,0,45
2025-26,28,796,Conor Gallagher,MID,Spurs,18,10,0,2026-03-01T14:00:00Z,57,1,0,0,0,2,0,3,2.2,2.7,4.0,0.9,0.0,0.02,0.02,1.37,1,54
2025-26,28,797,Kaye Furo,FWD,Brentford,5,3,0,2026-02-28T15:00:00Z,0,0,0,0,0,0,0,0,0.0,0.0,0.0,0.0,0.0,0.0,0.0,0.0,0,45
2025-26,28,798,Danny Imray,DEF,Crystal Palace,8,14,0,2026-03-01T14:00:00Z,0,0,0,0,0,0,0,0,0.0,0.0,0.0,0.0,0.0,0.0,0.0,0.0,0,40
2025-26,28,799,Charlie Stevens,MID,Bournemouth,4,17,1,2026-02-28T12:30:00Z,0,0,0,0,0,0,0,0,0.0,0.0,0.0,0.0,0.0,0.0,0.0,0.0,0,45
2025-26,28,800,Djiamgone Jocelin Ta Bi,MID,Sunderland,17,4,0,2026-02-28T12:30:00Z,0,0,0,0,0,0,0,0,0.0,0.0,0.0,0.0,0.0,0.0,0.0,0.0,0,50
2025-26,28,801,Alex Tóth,MID,Bournemouth,4,17,1,2026-02-28T12:30:00Z,5,0,0,0,0,0,0,0,0.0,10.3,6.0,1.6,0.0,0.17,0.17,0.0,0,50
2025-26,28,802,Keiber Lamadrid,MID,West Ham,19,12,0,2026-02-28T15:00:00Z,0,0,0,0,0,0,0,0,0.0,0.0,0.0,0.0,0.0,0.0,0.0,0.0,0,50
2025-26,28,803,Teddy Sharman-Lowe,GK,Chelsea,7,1,0,2026-03-01T16:30:00Z,0,0,0,0,0,0,0,0,0.0,0.0,0.0,0.0,0.0,0.0,0.0,0.0,0,40
2025-26,28,804,João Victor de Souza Menezes,DEF,Spurs,18,10,0,2026-03-01T14:00:00Z,10,1,0,0,0,0,0,4,2.2,10.5,4.0,1.7,0.0,0.03,0.03,0.12,0,40
2025-26,28,805,Lorenzo Lucca,FWD,Nott'm Forest,16,6,0,2026-03-01T14:00:00Z,0,0,0,0,0,0,0,0,0.0,0.0,0.0,0.0,0.0,0.0,0.0,0.0,0,55
2025-26,28,806,Christos Mandas,GK,Bournemouth,4,17,1,2026-02-28T12:30:00Z,0,0,0,0,0,0,0,0,0.0,0.0,0.0,0.0,0.0,0.0,0.0,0.0,0,40
2025-26,28,807,Rayan Vitor Simplício Rocha,MID,Bournemouth,4,17,1,2026-02-28T12:30:00Z,90,2,0,0,0,1,0,13,13.0,34.3,12.0,5.9,0.07,0.18,0.25,1.42,1,56
2025-26,28,808,Tammy Abraham,FWD,Aston Villa,2,20,0,2026-02-27T20:00:00Z,20,1,0,0,0,1,0,4,3.2,20.5,7.0,3.1,0.1,0.02,0.12,0.47,0,60
2025-26,28,809,Jerome Abbey,MID,Wolves,20,2,1,2026-02-27T20:00:00Z,0,0,0,0,0,0,0,0,0.0,0.0,0.0,0.0,0.0,0.0,0.0,0.0,0,45
2025-26,28,810,Luka Bentt,MID,Brentford,5,3,0,2026-02-28T15:00:00Z,0,0,0,0,0,0,0,0,0.0,0.0,0.0,0.0,0.0,0.0,0.0,0.0,0,45
2025-26,28,811,Rio Kyerematen,MID,Spurs,18,10,0,2026-03-01T14:00:00Z,0,0,0,0,0,0,0,0,0.0,0.0,0.0,0.0,0.0,0.0,0.0,0.0,0,45
2025-26,28,812,Melker Ellborg,GK,Sunderland,17,4,0,2026-02-28T12:30:00Z,0,0,0,0,0,0,0,0,0.0,0.0,0.0,0.0,0.0,0.0,0.0,0.0,0,40
2025-26,28,813,Nilson Angulo,MID,Sunderland,17,4,0,2026-02-28T12:30:00Z,14,1,0,0,0,0,0,6,8.4,0.3,4.0,1.3,0.0,0.02,0.02,0.44,0,50
2025-26,28,814,Luca Netz,DEF,Nott'm Forest,16,6,0,2026-03-01T14:00:00Z,34,1,0,0,0,0,0,5,6.8,0.6,0.0,0.7,0.0,0.0,0.0,0.05,0,45
2025-26,28,815,Axel Disasi,DEF,West Ham,19,12,0,2026-02-28T15:00:00Z,90,-2,0,0,0,5,0,-5,24.6,1.3,2.0,2.8,0.0,0.01,0.01,1.84,1,45
2025-26,28,816,Angel Gomes,MID,Wolves,20,2,1,2026-02-27T20:00:00Z,1,1,0,0,0,0,0,3,2.0,0.0,0.0,0.2,0.0,0.0,0.0,0.27,0,49
2025-26,28,817,Adam Armstrong,FWD,Wolves,20,2,1,2026-02-27T20:00:00Z,90,4,0,1,1,0,0,19,16.0,10.8,2.0,2.9,0.0,0.01,0.01,0.82,1,54
2025-26,28,818,James Wilson,FWD,Spurs,18,10,0,2026-03-01T14:00:00Z,0,0,0,0,0,0,0,0,0.0,0.0,0.0,0.0,0.0,0.0,0.0,0.0,0,45
2025-26,28,819,Ollie Shield,DEF,Brentford,5,3,0,2026-02-28T15:00:00Z,0,0,0,0,0,0,0,0,0.0,0.0,0.0,0.0,0.0,0.0,0.0,0.0,0,40
