season,gw,fixture,element,name,position,team,team_id,opponent_team,was_home,kickoff_time,minutes,total_points,goals_scored,assists,clean_sheets,goals_conceded,bonus,bps,influence,creativity,threat,ict_index,expected_goals,expected_assists,expected_goal_involvements,expected_goals_conceded,starts,value
2025-26,32,311,1,David Raya Martín,GK,Arsenal,1,4,1,2026-04-11T11:30:00Z,90,1,0,0,0,2,0,8,14.4,0.0,0.0,1.4,0.0,0.0,0.0,1.19,1,60
2025-26,32,311,2,Kepa Arrizabalaga Revuelta,GK,Arsenal,1,4,1,2026-04-11T11:30:00Z,0,0,0,0,0,0,0,0,0.0,0.0,0.0,0.0,0.0,0.0,0.0,0.0,0,40
2025-26,32,311,3,Karl Hein,GK,Arsenal,1,4,1,2026-04-11T11:30:00Z,0,0,0,0,0,0,0,0,0.0,0.0,0.0,0.0,0.0,0.0,0.0,0.0,0,40
2025-26,32,311,4,Tommy Setford,GK,Arsenal,1,4,1,2026-04-11T11:30:00Z,0,0,0,0,0,0,0,0,0.0,0.0,0.0,0.0,0.0,0.0,0.0,0.0,0,39
2025-26,32,311,5,Gabriel dos Santos Magalhães,DEF,Arsenal,1,4,1,2026-04-11T11:30:00Z,90,4,0,1,0,2,0,12,16.0,0.6,21.0,3.8,0.08,0.01,0.09,1.19,1,72
2025-26,32,311,6,William Saliba,DEF,Arsenal,1,4,1,2026-04-11T11:30:00Z,90,1,0,0,0,2,0,12,16.6,10.8,2.0,2.9,0.0,0.0,0.0,1.19,1,61
2025-26,32,311,7,Riccardo Calafiori,DEF,Arsenal,1,4,1,2026-04-11T11:30:00Z,0,0,0,0,0,0,0,0,0.0,0.0,0.0,0.0,0.0,0.0,0.0,0.0,0,56
2025-26,32,311,8,Jurriën Timber,DEF,Arsenal,1,4,1,2026-04-11T11:30:00Z,0,0,0,0,0,0,0,0,0.0,0.0,0.0,0.0,0.0,0.0,0.0,0.0,0,63
2025-26,32,311,9,Jakub Kiwior,DEF,Arsenal,1,4,1,2026-04-11T11:30:00Z,0,0,0,0,0,0,0,0,0.0,0.0,0.0,0.0,0.0,0.0,0.0,0.0,0,54
2025-26,32,311,10,Myles Lewis-Skelly,DEF,Arsenal,1,4,1,2026-04-11T11:30:00Z,90,1,0,0,0,2,0,5,14.0,2.3,7.0,2.3,0.05,0.02,0.07,1.19,1,50
2025-26,32,311,11,Benjamin White,DEF,Arsenal,1,4,1,2026-04-11T11:30:00Z,75,1,0,0,0,2,0,13,20.2,12.3,2.0,3.5,0.02,0.02,0.04,1.18,1,51
2025-26,32,318,12,Oleksandr Zinchenko,DEF,Nott'm Forest,16,2,1,2026-04-12T13:00:00Z,0,0,0,0,0,0,0,0,0.0,0.0,0.0,0.0,0.0,0.0,0.0,0.0,0,49
2025-26,32,311,13,Brayden Clarke,DEF,Arsenal,1,4,1,2026-04-11T11:30:00Z,0,0,0,0,0,0,0,0,0.0,0.0,0.0,0.0,0.0,0.0,0.0,0.0,0,37
2025-26,32,311,14,Maldini Kacurri,DEF,Arsenal,1,4,1,2026-04-11T11:30:00Z,0,0,0,0,0,0,0,0,0.0,0.0,0.0,0.0,0.0,0.0,0.0,0.0,0,39
2025-26,32,311,15,Josh Nichols,DEF,Arsenal,1,4,1,2026-04-11T11:30:00Z,0,0,0,0,0,0,0,0,0.0,0.0,0.0,0.0,0.0,0.0,0.0,0.0,0,37
2025-26,32,311,16,Bukayo Saka,MID,Arsenal,1,4,1,2026-04-11T11:30:00Z,0,0,0,0,0,0,0,0,0.0,0.0,0.0,0.0,0.0,0.0,0.0,0.0,0,98
2025-26,32,311,17,Martin Ødegaard,MID,Arsenal,1,4,1,2026-04-11T11:30:00Z,0,0,0,0,0,0,0,0,0.0,0.0,0.0,0.0,0.0,0.0,0.0,0.0,0,78
2025-26,32,311,18,Noni Madueke,MID,Arsenal,1,4,1,2026-04-11T11:30:00Z,53,1,0,0,0,1,0,4,3.4,5.9,4.0,1.3,0.0,0.07,0.07,0.7,1,68
2025-26,32,311,19,Gabriel Martinelli Silva,MID,Arsenal,1,4,1,2026-04-11T11:30:00Z,53,1,0,0,0,1,0,3,1.2,10.8,2.0,1.4,0.0,0.01,0.01,0.7,1,68
2025-26,32,311,20,Leandro Trossard,MID,Arsenal,1,4,1,2026-04-11T11:30:00Z,36,1,0,0,0,1,0,4,8.0,14.0,6.0,2.8,0.0,0.01,0.01,0.49,0,65
2025-26,32,311,21,Declan Rice,MID,Arsenal,1,4,1,2026-04-11T11:30:00Z,90,4,0,0,0,2,2,26,20.4,39.3,13.0,7.3,0.1,0.33,0.43,1.19,1,73
2025-26,32,311,22,Mikel Merino Zazón,MID,Arsenal,1,4,1,2026-04-11T11:30:00Z,0,0,0,0,0,0,0,0,0.0,0.0,0.0,0.0,0.0,0.0,0.0,0.0,0,54
2025-26,32,311,23,Fábio Ferreira Vieira,MID,Arsenal,1,4,1,2026-04-11T11:30:00Z,0,0,0,0,0,0,0,0,0.0,0.0,0.0,0.0,0.0,0.0,0.0,0.0,0,54
2025-26,32,311,24,Christian Nørgaard,MID,Arsenal,1,4,1,2026-04-11T11:30:00Z,0,0,0,0,0,0,0,0,0.0,0.0,0.0,0.0,0.0,0.0,0.0,0.0,0,51
2025-26,32,311,25,Ethan Nwaneri,MID,Arsenal,1,4,1,2026-04-11T11:30:00Z,0,0,0,0,0,0,0,0,0.0,0.0,0.0,0.0,0.0,0.0,0.0,0.0,0,50
2025-26,32,311,26,Martín Zubimendi Ibáñez,MID,Arsenal,1,4,1,2026-04-11T11:30:00Z,75,2,0,0,0,2,0,14,10.6,4.9,4.0,2.0,0.0,0.01,0.01,1.18,1,51
2025-26,32,312,27,Reiss Nelson,MID,Brentford,5,9,1,2026-04-11T14:00:00Z,45,1,0,0,0,1,0,5,5.6,13.8,5.0,2.4,0.03,0.02,0.05,0.74,0,48
2025-26,32,311,28,Ismeal Kabia,MID,Arsenal,1,4,1,2026-04-11T11:30:00Z,0,0,0,0,0,0,0,0,0.0,0.0,0.0,0.0,0.0,0.0,0.0,0.0,0,45
2025-26,32,311,29,Albert Sambi Lokonga,MID,Arsenal,1,4,1,2026-04-11T11:30:00Z,0,0,0,0,0,0,0,0,0.0,0.0,0.0,0.0,0.0,0.0,0.0,0.0,0,45
2025-26,32,311,30,Kai Havertz,FWD,Arsenal,1,4,1,2026-04-11T11:30:00Z,53,1,0,0,0,1,0,-5,1.0,1.3,14.0,1.6,0.96,0.01,0.97,0.7,1,73
2025-26,32,311,31,Gabriel Fernando de Jesus,FWD,Arsenal,1,4,1,2026-04-11T11:30:00Z,14,1,0,0,0,0,0,5,6.4,11.5,21.0,3.9,0.08,0.04,0.12,0.01,0,64
2025-26,32,318,32,Emiliano Martínez Romero,GK,Aston Villa,2,16,0,2026-04-12T13:00:00Z,0,0,0,0,0,0,0,0,0.0,0.0,0.0,0.0,0.0,0.0,0.0,0.0,0,51
2025-26,32,318,33,Marco Bizot,GK,Aston Villa,2,16,0,2026-04-12T13:00:00Z,90,3,0,0,0,1,0,14,25.4,0.0,0.0,2.5,0.0,0.0,0.0,1.15,1,42
2025-26,32,318,34,Joe Gauci,GK,Aston Villa,2,16,0,2026-04-12T13:00:00Z,0,0,0,0,0,0,0,0,0.0,0.0,0.0,0.0,0.0,0.0,0.0,0.0,0,40
2025-26,32,318,35,Filip Marschall,GK,Aston Villa,2,16,0,2026-04-12T13:00:00Z,0,0,0,0,0,0,0,0,0.0,0.0,0.0,0.0,0.0,0.0,0.0,0.0,0,40
2025-26,32,318,36,Matty Cash,DEF,Aston Villa,2,16,0,2026-04-12T13:00:00Z,90,1,0,0,0,1,0,5,11.6,4.3,13.0,2.9,0.03,0.02,0.05,1.15,1,47
2025-26,32,318,37,Lucas Digne,DEF,Aston Villa,2,16,0,2026-04-12T13:00:00Z,77,2,0,0,0,1,0,16,22.8,30.8,4.0,5.8,0.0,0.07,0.07,1.15,1,45
2025-26,32,318,38,Ezri Konsa Ngoyo,DEF,Aston Villa,2,16,0,2026-04-12T13:00:00Z,0,0,0,0,0,0,0,0,0.0,0.0,0.0,0.0,0.0,0.0,0.0,0.0,0,44
2025-26,32,318,39,Ian Maatsen,DEF,Aston Villa,2,16,0,2026-04-12T13:00:00Z,12,1,0,0,0,0,0,6,3.4,0.3,19.0,2.3,0.15,0.0,0.15,0.0,0,42
2025-26,32,318,40,Tyrone Mings,DEF,Aston Villa,2,16,0,2026-04-12T13:00:00Z,0,0,0,0,0,0,0,0,0.0,0.0,0.0,0.0,0.0,0.0,0.0,0.0,0,43
2025-26,32,318,41,Pau Torres,DEF,Aston Villa,2,16,0,2026-04-12T13:00:00Z,90,2,0,0,0,1,0,8,14.4,1.4,0.0,1.6,0.0,0.01,0.01,1.15,1,43
2025-26,32,318,42,Andrés García,DEF,Aston Villa,2,16,0,2026-04-12T13:00:00Z,1,1,0,0,0,0,0,3,0.2,0.3,0.0,0.1,0.0,0.0,0.0,0.0,0,39
2025-26,32,318,43,Álex Moreno Lopera,DEF,Aston Villa,2,16,0,2026-04-12T13:00:00Z,0,0,0,0,0,0,0,0,0.0,0.0,0.0,0.0,0.0,0.0,0.0,0.0,0,40
2025-26,32,318,44,Lamare Bogarde,DEF,Aston Villa,2,16,0,2026-04-12T13:00:00Z,0,0,0,0,0,0,0,0,0.0,0.0,0.0,0.0,0.0,0.0,0.0,0.0,0,40
2025-26,32,318,45,Lino da Cruz Sousa,DEF,Aston Villa,2,16,0,2026-04-12T13:00:00Z,0,0,0,0,0,0,0,0,0.0,0.0,0.0,0.0,0.0,0.0,0.0,0.0,0,38
2025-26,32,318,46,Yasin Özcan,DEF,Aston Villa,2,16,0,2026-04-12T13:00:00Z,0,0,0,0,0,0,0,0,0.0,0.0,0.0,0.0,0.0,0.0,0.0,0.0,0,40
2025-26,32,318,47,Morgan Rogers,MID,Aston Villa,2,16,0,2026-04-12T13:00:00Z,77,5,0,1,0,1,0,14,6.0,18.3,12.0,3.6,0.18,0.03,0.21,1.15,1,74
2025-26,32,318,48,Youri Tielemans,MID,Aston Villa,2,16,0,2026-04-12T13:00:00Z,90,2,0,0,0,1,0,20,24.2,30.8,5.0,6.0,0.02,0.17,0.19,1.15,1,59
2025-26,32,318,49,Leon Bailey,MID,Aston Villa,2,16,0,2026-04-12T13:00:00Z,0,0,0,0,0,0,0,0,0.0,0.0,0.0,0.0,0.0,0.0,0.0,0.0,0,55
2025-26,32,318,50,Emiliano Buendía Stati,MID,Aston Villa,2,16,0,2026-04-12T13:00:00Z,12,1,0,0,0,0,0,7,3.4,20.8,0.0,2.4,0.0,0.06,0.06,0.0,0,53
2025-26,32,318,51,Samuel Iling-Junior,MID,Aston Villa,2,16,0,2026-04-12T13:00:00Z,0,0,0,0,0,0,0,0,0.0,0.0,0.0,0.0,0.0,0.0,0.0,0.0,0,55
2025-26,32,315,52,Jacob Ramsey,MID,Newcastle,15,8,0,2026-04-12T13:00:00Z,6,1,0,0,0,1,0,6,4.2,0.6,0.0,0.5,0.0,0.01,0.01,0.85,0,53
2025-26,32,318,53,Donyell Malen,MID,Aston Villa,2,16,0,2026-04-12T13:00:00Z,0,0,0,0,0,0,0,0,0.0,0.0,0.0,0.0,0.0,0.0,0.0,0.0,0,51
2025-26,32,318,54,John McGinn,MID,Aston Villa,2,16,0,2026-04-12T13:00:00Z,90,1,0,0,0,1,0,16,9.4,14.8,20.0,4.4,0.1,0.07,0.17,1.15,1,53
2025-26,32,318,55,Ross Barkley,MID,Aston Villa,2,16,0,2026-04-12T13:00:00Z,76,2,0,0,0,1,0,13,9.2,4.5,17.0,3.1,0.02,0.03,0.05,1.15,1,48
2025-26,32,318,56,Enzo Barrenechea,MID,Aston Villa,2,16,0,2026-04-12T13:00:00Z,0,0,0,0,0,0,0,0,0.0,0.0,0.0,0.0,0.0,0.0,0.0,0.0,0,50
2025-26,32,318,57,Lewis Dobbin,MID,Aston Villa,2,16,0,2026-04-12T13:00:00Z,0,0,0,0,0,0,0,0,0.0,0.0,0.0,0.0,0.0,0.0,0.0,0.0,0,50
2025-26,32,318,58,Boubacar Kamara,MID,Aston Villa,2,16,0,2026-04-12T13:00:00Z,0,0,0,0,0,0,0,0,0.0,0.0,0.0,0.0,0.0,0.0,0.0,0.0,0,49
2025-26,32,318,59,Amadou Onana,MID,Aston Villa,2,16,0,2026-04-12T13:00:00Z,90,3,0,0,0,1,1,21,21.8,15.1,7.0,4.4,0.02,0.04,0.06,1.15,1,48
2025-26,32,318,60,Ben Broggio,MID,Aston Villa,2,16,0,2026-04-12T13:00:00Z,0,0,0,0,0,0,0,0,0.0,0.0,0.0,0.0,0.0,0.0,0.0,0.0,0,44
2025-26,32,318,61,Leander Dendoncker,MID,Aston Villa,2,16,0,2026-04-12T13:00:00Z,0,0,0,0,0,0,0,0,0.0,0.0,0.0,0.0,0.0,0.0,0.0,0.0,0,45
2025-26,32,318,62,Jamaldeen Jimoh-Aloba,MID,Aston Villa,2,16,0,2026-04-12T13:00:00Z,0,0,0,0,0,0,0,0,0.0,0.0,0.0,0.0,0.0,0.0,0.0,0.0,0,45
2025-26,32,318,63,Kadan Young,MID,Aston Villa,2,16,0,2026-04-12T13:00:00Z,0,0,0,0,0,0,0,0,0.0,0.0,0.0,0.0,0.0,0.0,0.0,0.0,0,43
2025-26,32,318,64,Ollie Watkins,FWD,Aston Villa,2,16,0,2026-04-12T13:00:00Z,86,2,0,0,0,1,0,2,2.0,11.8,10.0,2.4,0.26,0.0,0.26,1.15,1,85
2025-26,32,318,65,Zépiqueno Redmond,FWD,Aston Villa,2,16,0,2026-04-12T13:00:00Z,0,0,0,0,0,0,0,0,0.0,0.0,0.0,0.0,0.0,0.0,0.0,0.0,0,45
2025-26,32,311,66,Norberto Murara Neto,GK,Bournemouth,4,1,0,2026-04-11T11:30:00Z,0,0,0,0,0,0,0,0,0.0,0.0,0.0,0.0,0.0,0.0,0.0,0.0,0,45
2025-26,32,311,67,Đorđe Petrović,GK,Bournemouth,4,1,0,2026-04-11T11:30:00Z,90,2,0,0,0,1,0,10,14.2,0.0,0.0,1.4,0.0,0.0,0.0,2.32,1,46
2025-26,32,311,68,Will Dennis,GK,Bournemouth,4,1,0,2026-04-11T11:30:00Z,0,0,0,0,0,0,0,0,0.0,0.0,0.0,0.0,0.0,0.0,0.0,0.0,0,40
2025-26,32,311,69,Callan McKenna,GK,Bournemouth,4,1,0,2026-04-11T11:30:00Z,0,0,0,0,0,0,0,0,0.0,0.0,0.0,0.0,0.0,0.0,0.0,0.0,0,39
2025-26,32,311,70,Alex Paulsen,GK,Bournemouth,4,1,0,2026-04-11T11:30:00Z,0,0,0,0,0,0,0,0,0.0,0.0,0.0,0.0,0.0,0.0,0.0,0.0,0,40
2025-26,32,311,71,Illia Zabarnyi,DEF,Bournemouth,4,1,0,2026-04-11T11:30:00Z,0,0,0,0,0,0,0,0,0.0,0.0,0.0,0.0,0.0,0.0,0.0,0.0,0,50
2025-26,32,311,72,Marcos Senesi Barón,DEF,Bournemouth,4,1,0,2026-04-11T11:30:00Z,90,4,0,0,0,1,0,11,24.8,1.3,0.0,2.6,0.0,0.02,0.02,2.32,1,51
2025-26,32,311,73,Adam Smith,DEF,Bournemouth,4,1,0,2026-04-11T11:30:00Z,1,1,0,0,0,0,0,3,0.0,0.0,0.0,0.0,0.0,0.0,0.0,0.13,0,44
2025-26,32,311,74,Adrien Truffert,DEF,Bournemouth,4,1,0,2026-04-11T11:30:00Z,90,4,0,1,0,1,0,9,6.6,2.6,2.0,1.1,0.0,0.01,0.01,2.32,1,47
2025-26,32,311,75,Matai Akinmboni,DEF,Bournemouth,4,1,0,2026-04-11T11:30:00Z,0,0,0,0,0,0,0,0,0.0,0.0,0.0,0.0,0.0,0.0,0.0,0.0,0,38
2025-26,32,311,76,Owen Bevan,DEF,Bournemouth,4,1,0,2026-04-11T11:30:00Z,0,0,0,0,0,0,0,0,0.0,0.0,0.0,0.0,0.0,0.0,0.0,0.0,0,38
2025-26,32,311,77,James Hill,DEF,Bournemouth,4,1,0,2026-04-11T11:30:00Z,90,3,0,0,0,1,0,14,30.4,10.4,0.0,4.1,0.0,0.01,0.01,2.32,1,42
2025-26,32,311,78,Julián Araujo Zúñiga,DEF,Bournemouth,4,1,0,2026-04-11T11:30:00Z,0,0,0,0,0,0,0,0,0.0,0.0,0.0,0.0,0.0,0.0,0.0,0.0,0,38
2025-26,32,311,79,Chris Mepham,DEF,Bournemouth,4,1,0,2026-04-11T11:30:00Z,0,0,0,0,0,0,0,0,0.0,0.0,0.0,0.0,0.0,0.0,0.0,0.0,0,40
2025-26,32,311,80,Julio Soler Barreto,DEF,Bournemouth,4,1,0,2026-04-11T11:30:00Z,0,0,0,0,0,0,0,0,0.0,0.0,0.0,0.0,0.0,0.0,0.0,0.0,0,39
2025-26,32,311,81,Justin Kluivert,MID,Bournemouth,4,1,0,2026-04-11T11:30:00Z,0,0,0,0,0,0,0,0,0.0,0.0,0.0,0.0,0.0,0.0,0.0,0.0,0,69
2025-26,32,314,82,Antoine Semenyo,MID,Man City,13,7,0,2026-04-12T15:30:00Z,90,2,0,0,1,0,0,13,10.6,18.7,38.0,6.7,0.29,0.03,0.32,1.14,1,82
2025-26,32,312,83,Dango Ouattara,MID,Brentford,5,9,1,2026-04-11T14:00:00Z,90,2,0,0,0,2,0,12,12.6,28.2,47.0,8.8,0.09,0.32,0.41,1.53,1,60
2025-26,32,311,84,Marcus Tavernier,MID,Bournemouth,4,1,0,2026-04-11T11:30:00Z,90,2,0,0,0,1,0,14,10.8,17.8,3.0,3.2,0.01,0.05,0.06,2.32,1,54
2025-26,32,311,85,Tyler Adams,MID,Bournemouth,4,1,0,2026-04-11T11:30:00Z,20,1,0,0,0,0,0,5,4.4,0.2,5.0,1.0,0.05,0.0,0.05,0.41,0,49
2025-26,32,311,86,David Brooks,MID,Bournemouth,4,1,0,2026-04-11T11:30:00Z,20,1,0,0,0,0,0,6,4.6,0.8,0.0,0.5,0.0,0.03,0.03,0.41,0,50
2025-26,32,311,87,Ryan Christie,MID,Bournemouth,4,1,0,2026-04-11T11:30:00Z,69,2,0,0,0,1,0,11,6.4,3.3,3.0,1.3,0.04,0.02,0.06,1.91,1,49
2025-26,32,311,88,Lewis Cook,MID,Bournemouth,4,1,0,2026-04-11T11:30:00Z,0,0,0,0,0,0,0,0,0.0,0.0,0.0,0.0,0.0,0.0,0.0,0.0,0,49
2025-26,32,311,89,Philip Billing,MID,Bournemouth,4,1,0,2026-04-11T11:30:00Z,0,0,0,0,0,0,0,0,0.0,0.0,0.0,0.0,0.0,0.0,0.0,0.0,0,49
2025-26,32,311,90,Alex Scott,MID,Bournemouth,4,1,0,2026-04-11T11:30:00Z,90,12,1,0,0,1,3,33,54.4,12.4,20.0,8.7,0.39,0.05,0.44,2.32,1,50
2025-26,32,311,91,Luis Sinisterra Lucumí,MID,Bournemouth,4,1,0,2026-04-11T11:30:00Z,0,0,0,0,0,0,0,0,0.0,0.0,0.0,0.0,0.0,0.0,0.0,0.0,0,50
2025-26,32,311,92,Romain Faivre,MID,Bournemouth,4,1,0,2026-04-11T11:30:00Z,0,0,0,0,0,0,0,0,0.0,0.0,0.0,0.0,0.0,0.0,0.0,0.0,0,45
2025-26,32,311,93,Hamed Traorè,MID,Bournemouth,4,1,0,2026-04-11T11:30:00Z,0,0,0,0,0,0,0,0,0.0,0.0,0.0,0.0,0.0,0.0,0.0,0.0,0,45
2025-26,32,311,94,Dominic Sadi,MID,Bournemouth,4,1,0,2026-04-11T11:30:00Z,0,0,0,0,0,0,0,0,0.0,0.0,0.0,0.0,0.0,0.0,0.0,0.0,0,45
2025-26,32,311,95,Zain Silcott-Duberry,MID,Bournemouth,4,1,0,2026-04-11T11:30:00Z,0,0,0,0,0,0,0,0,0.0,0.0,0.0,0.0,0.0,0.0,0.0,0.0,0,44
2025-26,32,311,96,Ben Winterburn,MID,Bournemouth,4,1,0,2026-04-11T11:30:00Z,0,0,0,0,0,0,0,0,0.0,0.0,0.0,0.0,0.0,0.0,0.0,0.0,0,45
2025-26,32,311,97,Francisco Evanilson de Lima Barbosa,FWD,Bournemouth,4,1,0,2026-04-11T11:30:00Z,89,5,0,1,0,1,0,22,25.2,13.9,23.0,6.2,0.04,0.03,0.07,2.19,1,68
2025-26,32,311,98,Enes Ünal,FWD,Bournemouth,4,1,0,2026-04-11T11:30:00Z,1,1,0,0,0,0,0,3,1.0,0.0,0.0,0.1,0.0,0.0,0.0,0.13,0,54
2025-26,32,311,99,Daniel Adu-Adjei,FWD,Bournemouth,4,1,0,2026-04-11T11:30:00Z,0,0,0,0,0,0,0,0,0.0,0.0,0.0,0.0,0.0,0.0,0.0,0.0,0,44
2025-26,32,311,100,Junior Kroupi,FWD,Bournemouth,4,1,0,2026-04-11T11:30:00Z,84,6,1,0,0,1,1,25,30.6,0.8,46.0,7.7,0.66,0.0,0.66,2.08,1,47
2025-26,32,312,101,Caoimhín Kelleher,GK,Brentford,5,9,1,2026-04-11T14:00:00Z,90,2,0,0,0,2,0,14,37.6,0.0,0.0,3.8,0.0,0.0,0.0,1.53,1,48
2025-26,32,312,102,Ellery Balcombe,GK,Brentford,5,9,1,2026-04-11T14:00:00Z,0,0,0,0,0,0,0,0,0.0,0.0,0.0,0.0,0.0,0.0,0.0,0.0,0,39
2025-26,32,312,103,Matthew Cox,GK,Brentford,5,9,1,2026-04-11T14:00:00Z,0,0,0,0,0,0,0,0,0.0,0.0,0.0,0.0,0.0,0.0,0.0,0.0,0,39
2025-26,32,312,104,Julian Eyestone,GK,Brentford,5,9,1,2026-04-11T14:00:00Z,0,0,0,0,0,0,0,0,0.0,0.0,0.0,0.0,0.0,0.0,0.0,0.0,0,39
2025-26,32,312,105,Hákon Rafn Valdimarsson,GK,Brentford,5,9,1,2026-04-11T14:00:00Z,0,0,0,0,0,0,0,0,0.0,0.0,0.0,0.0,0.0,0.0,0.0,0.0,0,38
2025-26,32,312,106,Nathan Collins,DEF,Brentford,5,9,1,2026-04-11T14:00:00Z,90,3,0,0,0,2,0,10,19.0,1.2,12.0,3.2,0.24,0.01,0.25,1.53,1,49
2025-26,32,312,107,Keane Lewis-Potter,DEF,Brentford,5,9,1,2026-04-11T14:00:00Z,90,1,0,0,0,2,0,10,20.0,39.8,8.0,6.8,0.02,0.52,0.54,1.53,1,48
2025-26,32,312,108,Kristoffer Ajer,DEF,Brentford,5,9,1,2026-04-11T14:00:00Z,0,0,0,0,0,0,0,0,0.0,0.0,0.0,0.0,0.0,0.0,0.0,0.0,0,44
2025-26,32,312,109,Rico Henry,DEF,Brentford,5,9,1,2026-04-11T14:00:00Z,0,0,0,0,0,0,0,0,0.0,0.0,0.0,0.0,0.0,0.0,0.0,0.0,0,43
2025-26,32,312,110,Michael Kayode,DEF,Brentford,5,9,1,2026-04-11T14:00:00Z,90,4,0,1,0,2,0,21,37.0,13.0,9.0,5.9,0.09,0.01,0.1,1.53,1,46
2025-26,32,312,111,Ethan Pinnock,DEF,Brentford,5,9,1,2026-04-11T14:00:00Z,0,0,0,0,0,0,0,0,0.0,0.0,0.0,0.0,0.0,0.0,0.0,0.0,0,42
2025-26,32,312,112,Mads Roerslev Rasmussen,DEF,Brentford,5,9,1,2026-04-11T14:00:00Z,0,0,0,0,0,0,0,0,0.0,0.0,0.0,0.0,0.0,0.0,0.0,0.0,0,45
2025-26,32,312,113,Sepp van den Berg,DEF,Brentford,5,9,1,2026-04-11T14:00:00Z,90,3,0,0,0,2,0,10,37.4,14.3,0.0,5.2,0.0,0.09,0.09,1.53,1,46
2025-26,32,312,114,Benjamin Arthur,DEF,Brentford,5,9,1,2026-04-11T14:00:00Z,0,0,0,0,0,0,0,0,0.0,0.0,0.0,0.0,0.0,0.0,0.0,0.0,0,38
2025-26,32,312,115,Benjamin Fredrick,DEF,Brentford,5,9,1,2026-04-11T14:00:00Z,0,0,0,0,0,0,0,0,0.0,0.0,0.0,0.0,0.0,0.0,0.0,0.0,0,40
2025-26,32,312,116,Aaron Hickey,DEF,Brentford,5,9,1,2026-04-11T14:00:00Z,0,0,0,0,0,0,0,0,0.0,0.0,0.0,0.0,0.0,0.0,0.0,0.0,0,40
2025-26,32,312,117,Kim Ji-soo,DEF,Brentford,5,9,1,2026-04-11T14:00:00Z,0,0,0,0,0,0,0,0,0.0,0.0,0.0,0.0,0.0,0.0,0.0,0.0,0,39
2025-26,32,312,118,Jayden Meghoma,DEF,Brentford,5,9,1,2026-04-11T14:00:00Z,0,0,0,0,0,0,0,0,0.0,0.0,0.0,0.0,0.0,0.0,0.0,0.0,0,40
2025-26,32,317,119,Bryan Mbeumo,MID,Man Utd,14,11,1,2026-04-13T19:00:00Z,20,1,0,0,0,0,0,3,3.6,15.3,13.0,3.2,0.07,0.19,0.26,0.35,0,86
2025-26,32,312,120,Kevin Schade,MID,Brentford,5,9,1,2026-04-11T14:00:00Z,90,5,0,1,0,2,0,11,1.4,11.5,31.0,4.4,0.94,0.01,0.95,1.53,1,70
2025-26,32,312,121,Mikkel Damsgaard,MID,Brentford,5,9,1,2026-04-11T14:00:00Z,45,1,0,0,0,1,0,3,2.2,5.3,1.0,0.9,0.01,0.0,0.01,0.8,1,56
2025-26,32,312,122,Antoni Milambo,MID,Brentford,5,9,1,2026-04-11T14:00:00Z,0,0,0,0,0,0,0,0,0.0,0.0,0.0,0.0,0.0,0.0,0.0,0.0,0,52
2025-26,32,312,123,Fábio Freitas Gouveia Carvalho,MID,Brentford,5,9,1,2026-04-11T14:00:00Z,0,0,0,0,0,0,0,0,0.0,0.0,0.0,0.0,0.0,0.0,0.0,0.0,0,46
2025-26,32,312,124,Jordan Henderson,MID,Brentford,5,9,1,2026-04-11T14:00:00Z,0,0,0,0,0,0,0,0,0.0,0.0,0.0,0.0,0.0,0.0,0.0,0.0,0,50
2025-26,32,312,125,Vitaly Janelt,MID,Brentford,5,9,1,2026-04-11T14:00:00Z,0,0,0,0,0,0,0,0,0.0,0.0,0.0,0.0,0.0,0.0,0.0,0.0,0,49
2025-26,32,312,126,Mathias Jensen,MID,Brentford,5,9,1,2026-04-11T14:00:00Z,90,2,0,0,0,2,0,20,16.6,47.9,19.0,8.4,0.05,0.2,0.25,1.53,1,49
2025-26,32,312,127,Gustavo Nunes Fernandes Gomes,MID,Brentford,5,9,1,2026-04-11T14:00:00Z,0,0,0,0,0,0,0,0,0.0,0.0,0.0,0.0,0.0,0.0,0.0,0.0,0,49
2025-26,32,312,128,Frank Onyeka,MID,Brentford,5,9,1,2026-04-11T14:00:00Z,0,0,0,0,0,0,0,0,0.0,0.0,0.0,0.0,0.0,0.0,0.0,0.0,0,48
2025-26,32,312,129,Yehor Yarmoliuk,MID,Brentford,5,9,1,2026-04-11T14:00:00Z,90,4,0,0,0,2,0,15,14.4,4.0,0.0,1.8,0.0,0.02,0.02,1.53,1,50
2025-26,32,312,130,Romelle Donovan,MID,Brentford,5,9,1,2026-04-11T14:00:00Z,0,0,0,0,0,0,0,0,0.0,0.0,0.0,0.0,0.0,0.0,0.0,0.0,0,44
2025-26,32,312,131,Yunus Emre Konak,MID,Brentford,5,9,1,2026-04-11T14:00:00Z,0,0,0,0,0,0,0,0,0.0,0.0,0.0,0.0,0.0,0.0,0.0,0.0,0,43
2025-26,32,312,132,Paris Maghoma,MID,Brentford,5,9,1,2026-04-11T14:00:00Z,0,0,0,0,0,0,0,0,0.0,0.0,0.0,0.0,0.0,0.0,0.0,0.0,0,45
2025-26,32,312,133,Myles Peart-Harris,MID,Brentford,5,9,1,2026-04-11T14:00:00Z,0,0,0,0,0,0,0,0,0.0,0.0,0.0,0.0,0.0,0.0,0.0,0.0,0,44
2025-26,32,312,134,Ryan Trevitt,MID,Brentford,5,9,1,2026-04-11T14:00:00Z,0,0,0,0,0,0,0,0,0.0,0.0,0.0,0.0,0.0,0.0,0.0,0.0,0,45
2025-26,32,315,135,Yoane Wissa,FWD,Newcastle,15,8,0,2026-04-12T13:00:00Z,1,1,0,0,0,0,0,3,0.0,0.0,0.0,0.0,0.0,0.0,0.0,0.06,0,73
2025-26,32,312,136,Igor Thiago Nascimento Rodrigues,FWD,Brentford,5,9,1,2026-04-11T14:00:00Z,90,13,2,0,0,2,3,49,74.4,14.9,52.0,14.1,1.41,0.06,1.47,1.53,1,73
2025-26,32,312,137,Iwan Morgan,FWD,Brentford,5,9,1,2026-04-11T14:00:00Z,0,0,0,0,0,0,0,0,0.0,0.0,0.0,0.0,0.0,0.0,0.0,0.0,0,44
2025-26,32,313,138,Jason Steele,GK,Brighton,6,3,0,2026-04-11T14:00:00Z,0,0,0,0,0,0,0,0,0.0,0.0,0.0,0.0,0.0,0.0,0.0,0.0,0,42
2025-26,32,313,139,Bart Verbruggen,GK,Brighton,6,3,0,2026-04-11T14:00:00Z,90,9,0,0,1,0,2,36,40.0,0.0,0.0,4.0,0.0,0.0,0.0,0.88,1,45
2025-26,32,313,140,Tom McGill,GK,Brighton,6,3,0,2026-04-11T14:00:00Z,0,0,0,0,0,0,0,0,0.0,0.0,0.0,0.0,0.0,0.0,0.0,0.0,0,39
2025-26,32,313,141,Carl Rushworth,GK,Brighton,6,3,0,2026-04-11T14:00:00Z,0,0,0,0,0,0,0,0,0.0,0.0,0.0,0.0,0.0,0.0,0.0,0.0,0,40
2025-26,32,313,142,Kjell Scherpen,GK,Brighton,6,3,0,2026-04-11T14:00:00Z,0,0,0,0,0,0,0,0,0.0,0.0,0.0,0.0,0.0,0.0,0.0,0.0,0,40
2025-26,32,313,143,Olivier Boscagli,DEF,Brighton,6,3,0,2026-04-11T14:00:00Z,90,10,0,0,1,0,2,36,32.6,11.1,0.0,4.4,0.0,0.02,0.02,0.88,1,42
2025-26,32,313,144,Diego Coppola,DEF,Brighton,6,3,0,2026-04-11T14:00:00Z,0,0,0,0,0,0,0,0,0.0,0.0,0.0,0.0,0.0,0.0,0.0,0.0,0,42
2025-26,32,313,145,Maxim De Cuyper,DEF,Brighton,6,3,0,2026-04-11T14:00:00Z,0,0,0,0,0,0,0,0,0.0,0.0,0.0,0.0,0.0,0.0,0.0,0.0,0,43
2025-26,32,313,146,Lewis Dunk,DEF,Brighton,6,3,0,2026-04-11T14:00:00Z,0,0,0,0,0,0,0,0,0.0,0.0,0.0,0.0,0.0,0.0,0.0,0.0,0,45
2025-26,32,313,147,Pervis Estupiñán Tenorio,DEF,Brighton,6,3,0,2026-04-11T14:00:00Z,0,0,0,0,0,0,0,0,0.0,0.0,0.0,0.0,0.0,0.0,0.0,0.0,0,45
2025-26,32,313,148,Ferdi Kadıoğlu,DEF,Brighton,6,3,0,2026-04-11T14:00:00Z,90,6,0,0,1,0,0,34,17.4,3.5,3.0,2.4,0.02,0.03,0.05,0.88,1,44
2025-26,32,313,149,Igor Julio dos Santos de Paulo,DEF,Brighton,6,3,0,2026-04-11T14:00:00Z,0,0,0,0,0,0,0,0,0.0,0.0,0.0,0.0,0.0,0.0,0.0,0.0,0,45
2025-26,32,313,150,Tariq Lamptey,DEF,Brighton,6,3,0,2026-04-11T14:00:00Z,0,0,0,0,0,0,0,0,0.0,0.0,0.0,0.0,0.0,0.0,0.0,0.0,0,44
2025-26,32,313,151,Jan Paul van Hecke,DEF,Brighton,6,3,0,2026-04-11T14:00:00Z,90,5,0,0,1,0,0,24,17.8,14.6,0.0,3.2,0.0,0.11,0.11,0.88,1,45
2025-26,32,313,152,Joël Veltman,DEF,Brighton,6,3,0,2026-04-11T14:00:00Z,2,1,0,0,0,0,0,3,0.0,0.0,0.0,0.0,0.0,0.0,0.0,0.0,0,43
2025-26,32,313,153,Adam Webster,DEF,Brighton,6,3,0,2026-04-11T14:00:00Z,0,0,0,0,0,0,0,0,0.0,0.0,0.0,0.0,0.0,0.0,0.0,0.0,0,44
2025-26,32,313,154,Eiran Cashin,DEF,Brighton,6,3,0,2026-04-11T14:00:00Z,0,0,0,0,0,0,0,0,0.0,0.0,0.0,0.0,0.0,0.0,0.0,0.0,0,40
2025-26,32,313,155,Jacob Slater,DEF,Brighton,6,3,0,2026-04-11T14:00:00Z,0,0,0,0,0,0,0,0,0.0,0.0,0.0,0.0,0.0,0.0,0.0,0.0,0,40
2025-26,32,313,156,Charlie Tasker,DEF,Brighton,6,3,0,2026-04-11T14:00:00Z,0,0,0,0,0,0,0,0,0.0,0.0,0.0,0.0,0.0,0.0,0.0,0.0,0,38
2025-26,32,313,157,Mitoma Kaoru,MID,Brighton,6,3,0,2026-04-11T14:00:00Z,10,1,0,0,0,0,0,7,5.0,1.3,6.0,1.2,0.0,0.06,0.06,0.04,0,61
2025-26,32,313,158,Georginio Rutter,MID,Brighton,6,3,0,2026-04-11T14:00:00Z,15,1,0,0,0,0,0,3,3.6,0.4,6.0,1.0,0.02,0.0,0.02,0.04,0,56
2025-26,32,313,159,Solly March,MID,Brighton,6,3,0,2026-04-11T14:00:00Z,0,0,0,0,0,0,0,0,0.0,0.0,0.0,0.0,0.0,0.0,0.0,0.0,0,58
2025-26,32,313,160,Yankuba Minteh,MID,Brighton,6,3,0,2026-04-11T14:00:00Z,79,3,0,0,1,0,0,13,11.0,40.5,21.0,7.3,0.09,0.2,0.29,0.84,1,55
2025-26,32,313,161,Julio Enciso Espínola,MID,Brighton,6,3,0,2026-04-11T14:00:00Z,0,0,0,0,0,0,0,0,0.0,0.0,0.0,0.0,0.0,0.0,0.0,0.0,0,54
2025-26,32,313,162,Brajan Gruda,MID,Brighton,6,3,0,2026-04-11T14:00:00Z,0,0,0,0,0,0,0,0,0.0,0.0,0.0,0.0,0.0,0.0,0.0,0.0,0,54
2025-26,32,313,163,Jack Hinshelwood,MID,Brighton,6,3,0,2026-04-11T14:00:00Z,74,3,0,0,1,0,0,12,10.4,14.3,32.0,5.7,0.45,0.32,0.77,0.84,1,51
2025-26,32,313,164,Matt O'Riley,MID,Brighton,6,3,0,2026-04-11T14:00:00Z,0,0,0,0,0,0,0,0,0.0,0.0,0.0,0.0,0.0,0.0,0.0,0.0,0,55
2025-26,32,313,165,Abdallah Sima,MID,Brighton,6,3,0,2026-04-11T14:00:00Z,0,0,0,0,0,0,0,0,0.0,0.0,0.0,0.0,0.0,0.0,0.0,0.0,0,54
2025-26,32,313,166,Yasin Ayari,MID,Brighton,6,3,0,2026-04-11T14:00:00Z,90,8,0,1,1,0,0,30,40.6,22.9,6.0,7.0,0.0,0.02,0.02,0.88,1,48
2025-26,32,313,167,Carlos Baleba,MID,Brighton,6,3,0,2026-04-11T14:00:00Z,15,1,0,0,0,0,0,3,1.4,0.1,0.0,0.2,0.0,0.0,0.0,0.04,0,45
2025-26,32,317,168,Facundo Buonanotte,MID,Leeds,11,14,0,2026-04-13T19:00:00Z,0,0,0,0,0,0,0,0,0.0,0.0,0.0,0.0,0.0,0.0,0.0,0.0,0,46
2025-26,32,313,169,Diego Gómez Amarilla,MID,Brighton,6,3,0,2026-04-11T14:00:00Z,87,5,0,0,1,0,0,9,7.0,6.8,8.0,2.2,0.04,0.11,0.15,0.88,1,49
2025-26,32,313,170,James Milner,MID,Brighton,6,3,0,2026-04-11T14:00:00Z,0,0,0,0,0,0,0,0,0.0,0.0,0.0,0.0,0.0,0.0,0.0,0.0,0,49
2025-26,32,313,171,Jeremy Sarmiento Morante,MID,Brighton,6,3,0,2026-04-11T14:00:00Z,0,0,0,0,0,0,0,0,0.0,0.0,0.0,0.0,0.0,0.0,0.0,0.0,0,49
2025-26,32,313,172,Tom Watson,MID,Brighton,6,3,0,2026-04-11T14:00:00Z,0,0,0,0,0,0,0,0,0.0,0.0,0.0,0.0,0.0,0.0,0.0,0.0,0,48
2025-26,32,313,173,Mats Wieffer,MID,Brighton,6,3,0,2026-04-11T14:00:00Z,90,18,2,0,1,0,3,60,90.4,0.8,24.0,11.5,0.25,0.0,0.25,0.88,1,49
2025-26,32,313,174,Malick Yalcouyé,MID,Brighton,6,3,0,2026-04-11T14:00:00Z,0,0,0,0,0,0,0,0,0.0,0.0,0.0,0.0,0.0,0.0,0.0,0.0,0,50
2025-26,32,313,175,Joe Knight,MID,Brighton,6,3,0,2026-04-11T14:00:00Z,0,0,0,0,0,0,0,0,0.0,0.0,0.0,0.0,0.0,0.0,0.0,0.0,0,44
2025-26,32,313,176,Adrian Mazilu,MID,Brighton,6,3,0,2026-04-11T14:00:00Z,0,0,0,0,0,0,0,0,0.0,0.0,0.0,0.0,0.0,0.0,0.0,0.0,0,45
2025-26,32,313,177,Andrew Moran,MID,Brighton,6,3,0,2026-04-11T14:00:00Z,0,0,0,0,0,0,0,0,0.0,0.0,0.0,0.0,0.0,0.0,0.0,0.0,0,45
2025-26,32,313,178,Danny Welbeck,FWD,Brighton,6,3,0,2026-04-11T14:00:00Z,74,2,0,0,1,0,0,9,17.4,11.8,91.0,12.0,1.06,0.03,1.09,0.84,1,62
2025-26,32,313,179,Evan Ferguson,FWD,Brighton,6,3,0,2026-04-11T14:00:00Z,0,0,0,0,0,0,0,0,0.0,0.0,0.0,0.0,0.0,0.0,0.0,0.0,0,55
2025-26,32,313,180,Stefanos Tzimas,FWD,Brighton,6,3,0,2026-04-11T14:00:00Z,0,0,0,0,0,0,0,0,0.0,0.0,0.0,0.0,0.0,0.0,0.0,0.0,0,52
2025-26,32,313,181,Charalampos Kostoulas,FWD,Brighton,6,3,0,2026-04-11T14:00:00Z,0,0,0,0,0,0,0,0,0.0,0.0,0.0,0.0,0.0,0.0,0.0,0.0,0,48
2025-26,32,314,182,James Trafford,GK,Man City,13,7,0,2026-04-12T15:30:00Z,0,0,0,0,0,0,0,0,0.0,0.0,0.0,0.0,0.0,0.0,0.0,0.0,0,45
2025-26,32,313,183,Max Weiß,GK,Burnley,3,6,1,2026-04-11T14:00:00Z,0,0,0,0,0,0,0,0,0.0,0.0,0.0,0.0,0.0,0.0,0.0,0.0,0,43
2025-26,32,313,184,Etienne Green,GK,Burnley,3,6,1,2026-04-11T14:00:00Z,0,0,0,0,0,0,0,0,0.0,0.0,0.0,0.0,0.0,0.0,0.0,0.0,0,40
2025-26,32,313,185,Václav Hladký,GK,Burnley,3,6,1,2026-04-11T14:00:00Z,0,0,0,0,0,0,0,0,0.0,0.0,0.0,0.0,0.0,0.0,0.0,0.0,0,39
2025-26,32,313,186,Connor Roberts,DEF,Burnley,3,6,1,2026-04-11T14:00:00Z,0,0,0,0,0,0,0,0,0.0,0.0,0.0,0.0,0.0,0.0,0.0,0.0,0,43
2025-26,32,313,187,Kyle Walker,DEF,Burnley,3,6,1,2026-04-11T14:00:00Z,8,1,0,0,0,1,0,3,5.4,0.8,0.0,0.6,0.0,0.0,0.0,0.13,0,44
2025-26,32,313,188,Hannes Delcroix,DEF,Burnley,3,6,1,2026-04-11T14:00:00Z,0,0,0,0,0,0,0,0,0.0,0.0,0.0,0.0,0.0,0.0,0.0,0.0,0,38
2025-26,32,313,189,Owen Dodgson,DEF,Burnley,3,6,1,2026-04-11T14:00:00Z,0,0,0,0,0,0,0,0,0.0,0.0,0.0,0.0,0.0,0.0,0.0,0.0,0,40
2025-26,32,313,190,Hjalmar Ekdal,DEF,Burnley,3,6,1,2026-04-11T14:00:00Z,90,1,0,0,0,2,0,15,22.6,0.9,0.0,2.4,0.0,0.01,0.01,1.93,1,38
2025-26,32,313,191,Maxime Estève,DEF,Burnley,3,6,1,2026-04-11T14:00:00Z,90,2,0,0,0,2,0,6,20.0,0.9,2.0,2.3,0.0,0.0,0.0,1.93,1,39
2025-26,32,313,192,Quilindschy Hartman,DEF,Burnley,3,6,1,2026-04-11T14:00:00Z,81,2,0,0,0,1,0,5,8.6,2.6,0.0,1.1,0.0,0.02,0.02,1.81,1,40
2025-26,32,313,193,Bashir Humphreys,DEF,Burnley,3,6,1,2026-04-11T14:00:00Z,81,2,0,0,0,1,0,14,24.4,21.5,13.0,5.9,0.05,0.03,0.08,1.81,1,39
2025-26,32,313,194,Jordan Beyer,DEF,Burnley,3,6,1,2026-04-11T14:00:00Z,0,0,0,0,0,0,0,0,0.0,0.0,0.0,0.0,0.0,0.0,0.0,0.0,0,39
2025-26,32,313,195,Lucas Pires Silva,DEF,Burnley,3,6,1,2026-04-11T14:00:00Z,8,1,0,0,0,1,0,-1,2.0,0.3,0.0,0.2,0.0,0.0,0.0,0.13,0,38
2025-26,32,313,196,Shurandy Sambo,DEF,Burnley,3,6,1,2026-04-11T14:00:00Z,0,0,0,0,0,0,0,0,0.0,0.0,0.0,0.0,0.0,0.0,0.0,0.0,0,40
2025-26,32,313,197,Oliver Sonne,DEF,Burnley,3,6,1,2026-04-11T14:00:00Z,0,0,0,0,0,0,0,0,0.0,0.0,0.0,0.0,0.0,0.0,0.0,0.0,0,38
2025-26,32,313,198,Axel Tuanzebe,DEF,Burnley,3,6,1,2026-04-11T14:00:00Z,0,0,0,0,0,0,0,0,0.0,0.0,0.0,0.0,0.0,0.0,0.0,0.0,0,39
2025-26,32,313,199,Joe Worrall,DEF,Burnley,3,6,1,2026-04-11T14:00:00Z,0,0,0,0,0,0,0,0,0.0,0.0,0.0,0.0,0.0,0.0,0.0,0.0,0,38
2025-26,32,313,200,Jaidon Anthony,MID,Burnley,3,6,1,2026-04-11T14:00:00Z,90,2,0,0,0,2,0,5,13.6,14.4,35.0,6.3,0.34,0.03,0.37,1.93,1,50
2025-26,32,313,201,Manuel Benson Hedilazio,MID,Burnley,3,6,1,2026-04-11T14:00:00Z,0,0,0,0,0,0,0,0,0.0,0.0,0.0,0.0,0.0,0.0,0.0,0.0,0,54
2025-26,32,313,202,Jacob Bruun Larsen,MID,Burnley,3,6,1,2026-04-11T14:00:00Z,23,1,0,0,0,1,0,3,0.4,2.4,4.0,0.7,0.0,0.0,0.0,0.13,0,52
2025-26,32,313,203,Enock Agyei,MID,Burnley,3,6,1,2026-04-11T14:00:00Z,0,0,0,0,0,0,0,0,0.0,0.0,0.0,0.0,0.0,0.0,0.0,0.0,0,47
2025-26,32,313,204,Darko Churlinov,MID,Burnley,3,6,1,2026-04-11T14:00:00Z,0,0,0,0,0,0,0,0,0.0,0.0,0.0,0.0,0.0,0.0,0.0,0.0,0,49
2025-26,32,313,205,Josh Cullen,MID,Burnley,3,6,1,2026-04-11T14:00:00Z,0,0,0,0,0,0,0,0,0.0,0.0,0.0,0.0,0.0,0.0,0.0,0.0,0,49
2025-26,32,313,206,Marcus Edwards,MID,Burnley,3,6,1,2026-04-11T14:00:00Z,74,2,0,0,0,1,0,9,4.2,4.5,19.0,2.8,0.02,0.02,0.04,1.81,1,47
2025-26,32,313,207,Hannibal Mejbri,MID,Burnley,3,6,1,2026-04-11T14:00:00Z,0,0,0,0,0,0,0,0,0.0,0.0,0.0,0.0,0.0,0.0,0.0,0.0,0,47
2025-26,32,313,208,Luca Koleosho,MID,Burnley,3,6,1,2026-04-11T14:00:00Z,0,0,0,0,0,0,0,0,0.0,0.0,0.0,0.0,0.0,0.0,0.0,0.0,0,50
2025-26,32,313,209,Josh Laurent,MID,Burnley,3,6,1,2026-04-11T14:00:00Z,0,0,0,0,0,0,0,0,0.0,0.0,0.0,0.0,0.0,0.0,0.0,0.0,0,48
2025-26,32,313,210,Loum Tchaouna,MID,Burnley,3,6,1,2026-04-11T14:00:00Z,0,0,0,0,0,0,0,0,0.0,0.0,0.0,0.0,0.0,0.0,0.0,0.0,0,48
2025-26,32,313,211,Aaron Ramsey,MID,Burnley,3,6,1,2026-04-11T14:00:00Z,0,0,0,0,0,0,0,0,0.0,0.0,0.0,0.0,0.0,0.0,0.0,0.0,0,44
2025-26,32,313,212,Oluwaseun Adewumi,MID,Burnley,3,6,1,2026-04-11T14:00:00Z,0,0,0,0,0,0,0,0,0.0,0.0,0.0,0.0,0.0,0.0,0.0,0.0,0,45
2025-26,32,313,213,Jaydon Banel,MID,Burnley,3,6,1,2026-04-11T14:00:00Z,0,0,0,0,0,0,0,0,0.0,0.0,0.0,0.0,0.0,0.0,0.0,0.0,0,45
2025-26,32,313,214,Mike Trésor Ndayishimiye,MID,Burnley,3,6,1,2026-04-11T14:00:00Z,15,1,0,0,0,1,0,6,6.6,14.8,0.0,2.1,0.0,0.0,0.0,0.13,0,43
2025-26,32,313,215,Zian Flemming,FWD,Burnley,3,6,1,2026-04-11T14:00:00Z,90,2,0,0,0,2,0,10,5.4,4.0,45.0,5.4,0.39,0.0,0.39,1.93,1,53
2025-26,32,313,216,Zeki Amdouni,FWD,Burnley,3,6,1,2026-04-11T14:00:00Z,0,0,0,0,0,0,0,0,0.0,0.0,0.0,0.0,0.0,0.0,0.0,0.0,0,48
2025-26,32,313,217,Lyle Foster,FWD,Burnley,3,6,1,2026-04-11T14:00:00Z,0,0,0,0,0,0,0,0,0.0,0.0,0.0,0.0,0.0,0.0,0.0,0.0,0,49
2025-26,32,313,218,Ashley Barnes,FWD,Burnley,3,6,1,2026-04-11T14:00:00Z,0,0,0,0,0,0,0,0,0.0,0.0,0.0,0.0,0.0,0.0,0.0,0.0,0,42
2025-26,32,313,219,Michael Obafemi,FWD,Burnley,3,6,1,2026-04-11T14:00:00Z,0,0,0,0,0,0,0,0,0.0,0.0,0.0,0.0,0.0,0.0,0.0,0.0,0,44
2025-26,32,314,220,Robert Lynch Sánchez,GK,Chelsea,7,13,1,2026-04-12T15:30:00Z,90,2,0,0,0,3,0,11,39.4,0.0,0.0,3.9,0.0,0.0,0.0,2.29,1,48
2025-26,32,314,221,Filip Jörgensen,GK,Chelsea,7,13,1,2026-04-12T15:30:00Z,0,0,0,0,0,0,0,0,0.0,0.0,0.0,0.0,0.0,0.0,0.0,0.0,0,43
2025-26,32,314,222,Mike Penders,GK,Chelsea,7,13,1,2026-04-12T15:30:00Z,0,0,0,0,0,0,0,0,0.0,0.0,0.0,0.0,0.0,0.0,0.0,0.0,0,40
2025-26,32,314,223,Gabriel Słonina,GK,Chelsea,7,13,1,2026-04-12T15:30:00Z,0,0,0,0,0,0,0,0,0.0,0.0,0.0,0.0,0.0,0.0,0.0,0.0,0,39
2025-26,32,314,224,Marc Cucurella Saseta,DEF,Chelsea,7,13,1,2026-04-12T15:30:00Z,90,0,0,0,0,3,0,-1,25.6,25.9,36.0,8.8,0.54,0.04,0.58,2.29,1,60
2025-26,32,314,225,Reece James,DEF,Chelsea,7,13,1,2026-04-12T15:30:00Z,0,0,0,0,0,0,0,0,0.0,0.0,0.0,0.0,0.0,0.0,0.0,0.0,0,56
2025-26,32,314,226,Trevoh Chalobah,DEF,Chelsea,7,13,1,2026-04-12T15:30:00Z,0,0,0,0,0,0,0,0,0.0,0.0,0.0,0.0,0.0,0.0,0.0,0.0,0,54
2025-26,32,314,227,Levi Samuels Colwill,DEF,Chelsea,7,13,1,2026-04-12T15:30:00Z,0,0,0,0,0,0,0,0,0.0,0.0,0.0,0.0,0.0,0.0,0.0,0.0,0,47
2025-26,32,314,228,Malo Gusto,DEF,Chelsea,7,13,1,2026-04-12T15:30:00Z,87,1,0,0,0,3,0,-1,13.2,2.3,0.0,1.6,0.0,0.01,0.01,2.12,1,49
2025-26,32,314,229,Benoît Badiashile Mukinayi,DEF,Chelsea,7,13,1,2026-04-12T15:30:00Z,0,0,0,0,0,0,0,0,0.0,0.0,0.0,0.0,0.0,0.0,0.0,0.0,0,44
2025-26,32,314,230,Wesley Fofana,DEF,Chelsea,7,13,1,2026-04-12T15:30:00Z,90,3,0,0,0,3,0,7,30.8,0.3,0.0,3.1,0.0,0.0,0.0,2.29,1,44
2025-26,32,314,231,Mamadou Sarr,DEF,Chelsea,7,13,1,2026-04-12T15:30:00Z,0,0,0,0,0,0,0,0,0.0,0.0,0.0,0.0,0.0,0.0,0.0,0.0,0,45
2025-26,32,314,232,Tosin Adarabioyo,DEF,Chelsea,7,13,1,2026-04-12T15:30:00Z,0,0,0,0,0,0,0,0,0.0,0.0,0.0,0.0,0.0,0.0,0.0,0.0,0,40
2025-26,32,314,233,Josh Acheampong,DEF,Chelsea,7,13,1,2026-04-12T15:30:00Z,2,1,0,0,0,0,0,4,2.0,0.4,0.0,0.2,0.0,0.0,0.0,0.17,0,37
2025-26,32,314,234,Aarón Anselmino,DEF,Chelsea,7,13,1,2026-04-12T15:30:00Z,0,0,0,0,0,0,0,0,0.0,0.0,0.0,0.0,0.0,0.0,0.0,0.0,0,40
2025-26,32,314,235,Cole Palmer,MID,Chelsea,7,13,1,2026-04-12T15:30:00Z,90,4,0,0,0,3,0,16,14.8,28.2,22.0,6.5,0.28,0.21,0.49,2.29,1,106
2025-26,32,314,236,Pedro Lomba Neto,MID,Chelsea,7,13,1,2026-04-12T15:30:00Z,90,2,0,0,0,3,0,11,10.8,41.0,19.0,7.1,0.05,0.18,0.23,2.29,1,70
2025-26,32,314,237,Enzo Fernández,MID,Chelsea,7,13,1,2026-04-12T15:30:00Z,0,0,0,0,0,0,0,0,0.0,0.0,0.0,0.0,0.0,0.0,0.0,0.0,0,65
2025-26,32,314,238,Estêvão Almeida de Oliveira Gonçalves,MID,Chelsea,7,13,1,2026-04-12T15:30:00Z,66,1,0,0,0,2,0,-4,0.0,10.8,4.0,1.4,0.0,0.01,0.01,1.76,1,64
2025-26,32,314,239,Jamie Bynoe-Gittens,MID,Chelsea,7,13,1,2026-04-12T15:30:00Z,0,0,0,0,0,0,0,0,0.0,0.0,0.0,0.0,0.0,0.0,0.0,0.0,0,60
2025-26,32,314,240,Christopher Nkunku,MID,Chelsea,7,13,1,2026-04-12T15:30:00Z,0,0,0,0,0,0,0,0,0.0,0.0,0.0,0.0,0.0,0.0,0.0,0.0,0,59
2025-26,32,314,241,Moisés Caicedo Corozo,MID,Chelsea,7,13,1,2026-04-12T15:30:00Z,81,2,0,0,0,3,0,8,0.0,1.8,2.0,0.3,0.03,0.01,0.04,2.03,1,57
2025-26,32,312,242,Kiernan Dewsbury-Hall,MID,Everton,9,5,0,2026-04-11T14:00:00Z,90,9,1,0,0,2,2,36,48.0,26.5,38.0,11.3,0.37,0.05,0.42,2.84,1,51
2025-26,32,312,243,Tyrique George,MID,Everton,9,5,0,2026-04-11T14:00:00Z,16,1,0,0,0,1,0,5,5.4,5.0,24.0,3.4,0.08,0.04,0.12,0.97,0,48
2025-26,32,314,244,Roméo Lavia,MID,Chelsea,7,13,1,2026-04-12T15:30:00Z,23,1,0,0,0,1,0,10,6.0,14.5,0.0,2.1,0.0,0.34,0.34,0.53,0,49
2025-26,32,314,245,Mykhailo Mudryk,MID,Chelsea,7,13,1,2026-04-12T15:30:00Z,0,0,0,0,0,0,0,0,0.0,0.0,0.0,0.0,0.0,0.0,0.0,0.0,0,49
2025-26,32,314,246,Andrey Nascimento dos Santos,MID,Chelsea,7,13,1,2026-04-12T15:30:00Z,66,2,0,0,0,2,0,12,15.0,11.1,4.0,3.0,0.05,0.02,0.07,1.76,1,45
2025-26,32,314,247,Dário Luís Essugo,MID,Chelsea,7,13,1,2026-04-12T15:30:00Z,8,0,0,0,0,0,0,0,4.6,0.3,0.0,0.5,0.0,0.0,0.0,0.26,0,43
2025-26,32,314,248,Kendry Páez Andrade,MID,Chelsea,7,13,1,2026-04-12T15:30:00Z,0,0,0,0,0,0,0,0,0.0,0.0,0.0,0.0,0.0,0.0,0.0,0.0,0,45
2025-26,32,314,249,João Pedro Junqueira de Jesus,FWD,Chelsea,7,13,1,2026-04-12T15:30:00Z,81,2,0,0,0,3,0,9,0.2,1.0,11.0,1.2,0.18,0.01,0.19,2.03,1,78
2025-26,32,314,250,Liam Delap,FWD,Chelsea,7,13,1,2026-04-12T15:30:00Z,9,1,0,0,0,0,0,2,0.0,0.0,0.0,0.0,0.0,0.0,0.0,0.26,0,62
2025-26,32,314,251,Nicolas Jackson,FWD,Chelsea,7,13,1,2026-04-12T15:30:00Z,0,0,0,0,0,0,0,0,0.0,0.0,0.0,0.0,0.0,0.0,0.0,0.0,0,65
2025-26,32,314,252,Marc Guiu Paz,FWD,Chelsea,7,13,1,2026-04-12T15:30:00Z,0,0,0,0,0,0,0,0,0.0,0.0,0.0,0.0,0.0,0.0,0.0,0.0,0,40
2025-26,32,315,253,Dean Henderson,GK,Crystal Palace,8,15,1,2026-04-12T13:00:00Z,90,2,0,0,0,1,0,12,14.8,0.0,0.0,1.5,0.0,0.0,0.0,1.13,1,51
2025-26,32,315,254,Walter Benítez,GK,Crystal Palace,8,15,1,2026-04-12T13:00:00Z,0,0,0,0,0,0,0,0,0.0,0.0,0.0,0.0,0.0,0.0,0.0,0.0,0,39
2025-26,32,315,255,Remi Matthews,GK,Crystal Palace,8,15,1,2026-04-12T13:00:00Z,0,0,0,0,0,0,0,0,0.0,0.0,0.0,0.0,0.0,0.0,0.0,0.0,0,39
2025-26,32,315,256,Daniel Muñoz Mejía,DEF,Crystal Palace,8,15,1,2026-04-12T13:00:00Z,90,4,0,0,0,1,0,13,22.0,7.0,59.0,8.8,0.27,0.05,0.32,1.13,1,58
2025-26,32,315,257,Maxence Lacroix,DEF,Crystal Palace,8,15,1,2026-04-12T13:00:00Z,90,4,0,0,0,1,0,11,19.4,0.6,2.0,2.2,0.0,0.01,0.01,1.13,1,51
2025-26,32,315,258,Tyrick Mitchell,DEF,Crystal Palace,8,15,1,2026-04-12T13:00:00Z,90,5,0,1,0,1,0,23,29.8,26.8,2.0,5.9,0.0,0.55,0.55,1.13,1,50
2025-26,32,315,259,Borna Sosa,DEF,Crystal Palace,8,15,1,2026-04-12T13:00:00Z,1,1,0,0,0,0,0,3,0.2,0.3,0.0,0.1,0.0,0.0,0.0,0.0,0,48
2025-26,32,314,260,Marc Guéhi,DEF,Man City,13,7,0,2026-04-12T15:30:00Z,90,15,1,0,1,0,3,48,67.6,16.8,21.0,10.5,0.33,0.04,0.37,1.14,1,51
2025-26,32,315,261,Chris Richards,DEF,Crystal Palace,8,15,1,2026-04-12T13:00:00Z,90,2,0,0,0,1,0,10,12.2,1.0,0.0,1.3,0.0,0.01,0.01,1.13,1,44
2025-26,32,315,262,Chadi Riad Dnanou,DEF,Crystal Palace,8,15,1,2026-04-12T13:00:00Z,0,0,0,0,0,0,0,0,0.0,0.0,0.0,0.0,0.0,0.0,0.0,0.0,0,40
2025-26,32,315,263,Nathaniel Clyne,DEF,Crystal Palace,8,15,1,2026-04-12T13:00:00Z,0,0,0,0,0,0,0,0,0.0,0.0,0.0,0.0,0.0,0.0,0.0,0.0,0,38
2025-26,32,315,264,Rob Holding,DEF,Crystal Palace,8,15,1,2026-04-12T13:00:00Z,0,0,0,0,0,0,0,0,0.0,0.0,0.0,0.0,0.0,0.0,0.0,0.0,0,40
2025-26,32,315,265,Caleb Kporha,DEF,Crystal Palace,8,15,1,2026-04-12T13:00:00Z,0,0,0,0,0,0,0,0,0.0,0.0,0.0,0.0,0.0,0.0,0.0,0.0,0,40
2025-26,32,311,266,Eberechi Eze,MID,Arsenal,1,4,1,2026-04-11T11:30:00Z,36,1,0,0,0,1,0,8,6.8,12.4,0.0,1.9,0.0,0.08,0.08,0.49,0,72
2025-26,32,315,267,Ismaïla Sarr,MID,Crystal Palace,8,15,1,2026-04-12T13:00:00Z,26,1,0,0,0,0,0,5,4.4,4.3,9.0,1.8,0.06,0.07,0.13,0.02,0,63
2025-26,32,315,268,Cheick Doucouré,MID,Crystal Palace,8,15,1,2026-04-12T13:00:00Z,0,0,0,0,0,0,0,0,0.0,0.0,0.0,0.0,0.0,0.0,0.0,0.0,0,49
2025-26,32,315,269,Romain Esse,MID,Crystal Palace,8,15,1,2026-04-12T13:00:00Z,0,0,0,0,0,0,0,0,0.0,0.0,0.0,0.0,0.0,0.0,0.0,0.0,0,47
2025-26,32,315,270,Will Hughes,MID,Crystal Palace,8,15,1,2026-04-12T13:00:00Z,63,2,0,0,0,1,0,10,6.8,2.1,0.0,0.9,0.0,0.01,0.01,1.12,1,47
2025-26,32,315,271,Daichi Kamada,MID,Crystal Palace,8,15,1,2026-04-12T13:00:00Z,14,1,0,0,0,0,0,3,0.4,0.3,2.0,0.3,0.0,0.01,0.01,0.0,0,50
2025-26,32,315,272,Jefferson Lerma Solís,MID,Crystal Palace,8,15,1,2026-04-12T13:00:00Z,90,5,0,1,0,1,0,20,3.6,2.8,11.0,1.7,0.63,0.03,0.66,1.13,1,49
2025-26,32,315,273,Adam Wharton,MID,Crystal Palace,8,15,1,2026-04-12T13:00:00Z,26,1,0,0,0,0,0,4,5.8,0.3,0.0,0.6,0.0,0.01,0.01,0.02,0,50
2025-26,32,315,274,Asher Agbinone,MID,Crystal Palace,8,15,1,2026-04-12T13:00:00Z,0,0,0,0,0,0,0,0,0.0,0.0,0.0,0.0,0.0,0.0,0.0,0.0,0,43
2025-26,32,315,275,Naouirou Ahamada,MID,Crystal Palace,8,15,1,2026-04-12T13:00:00Z,0,0,0,0,0,0,0,0,0.0,0.0,0.0,0.0,0.0,0.0,0.0,0.0,0,43
2025-26,32,315,276,Justin Devenny,MID,Crystal Palace,8,15,1,2026-04-12T13:00:00Z,0,0,0,0,0,0,0,0,0.0,0.0,0.0,0.0,0.0,0.0,0.0,0.0,0,43
2025-26,32,315,277,Malcolm Ebiowei,MID,Crystal Palace,8,15,1,2026-04-12T13:00:00Z,0,0,0,0,0,0,0,0,0.0,0.0,0.0,0.0,0.0,0.0,0.0,0.0,0,45
2025-26,32,315,278,Jesurun Rak-Sakyi,MID,Crystal Palace,8,15,1,2026-04-12T13:00:00Z,0,0,0,0,0,0,0,0,0.0,0.0,0.0,0.0,0.0,0.0,0.0,0.0,0,44
2025-26,32,315,279,Matheus França de Oliveira,MID,Crystal Palace,8,15,1,2026-04-12T13:00:00Z,0,0,0,0,0,0,0,0,0.0,0.0,0.0,0.0,0.0,0.0,0.0,0.0,0,45
2025-26,32,315,280,David Ozoh,MID,Crystal Palace,8,15,1,2026-04-12T13:00:00Z,0,0,0,0,0,0,0,0,0.0,0.0,0.0,0.0,0.0,0.0,0.0,0.0,0,45
2025-26,32,315,281,Kaden Rodney,MID,Crystal Palace,8,15,1,2026-04-12T13:00:00Z,0,0,0,0,0,0,0,0,0.0,0.0,0.0,0.0,0.0,0.0,0.0,0.0,0,44
2025-26,32,315,282,Franco Umeh-Chibueze,MID,Crystal Palace,8,15,1,2026-04-12T13:00:00Z,0,0,0,0,0,0,0,0,0.0,0.0,0.0,0.0,0.0,0.0,0.0,0.0,0,45
2025-26,32,315,283,Jean-Philippe Mateta,FWD,Crystal Palace,8,15,1,2026-04-12T13:00:00Z,25,12,2,0,0,0,3,53,73.0,10.1,34.0,11.7,1.08,0.0,1.08,0.02,0,75
2025-26,32,315,284,Eddie Nketiah,FWD,Crystal Palace,8,15,1,2026-04-12T13:00:00Z,0,0,0,0,0,0,0,0,0.0,0.0,0.0,0.0,0.0,0.0,0.0,0.0,0,54
2025-26,32,315,285,Odsonne Édouard,FWD,Crystal Palace,8,15,1,2026-04-12T13:00:00Z,0,0,0,0,0,0,0,0,0.0,0.0,0.0,0.0,0.0,0.0,0.0,0.0,0,50
2025-26,32,315,286,Zach Marsh,FWD,Crystal Palace,8,15,1,2026-04-12T13:00:00Z,0,0,0,0,0,0,0,0,0.0,0.0,0.0,0.0,0.0,0.0,0.0,0.0,0,44
2025-26,32,312,287,Jordan Pickford,GK,Everton,9,5,0,2026-04-11T14:00:00Z,90,0,0,0,0,2,0,0,13.4,0.0,0.0,1.3,0.0,0.0,0.0,2.84,1,56
2025-26,32,312,288,Mark Travers,GK,Everton,9,5,0,2026-04-11T14:00:00Z,0,0,0,0,0,0,0,0,0.0,0.0,0.0,0.0,0.0,0.0,0.0,0.0,0,43
2025-26,32,312,289,Harry Tyrer,GK,Everton,9,5,0,2026-04-11T14:00:00Z,0,0,0,0,0,0,0,0,0.0,0.0,0.0,0.0,0.0,0.0,0.0,0.0,0,39
2025-26,32,312,290,Jarrad Branthwaite,DEF,Everton,9,5,0,2026-04-11T14:00:00Z,90,3,0,0,0,2,0,7,29.2,0.8,1.0,3.1,0.06,0.0,0.06,2.84,1,53
2025-26,32,312,291,James Tarkowski,DEF,Everton,9,5,0,2026-04-11T14:00:00Z,90,3,0,0,0,2,0,11,32.4,0.6,0.0,3.3,0.0,0.0,0.0,2.84,1,57
2025-26,32,312,292,Vitalii Mykolenko,DEF,Everton,9,5,0,2026-04-11T14:00:00Z,90,3,0,0,0,2,0,7,18.2,11.9,0.0,3.0,0.0,0.01,0.01,2.84,1,49
2025-26,32,312,293,Jake O'Brien,DEF,Everton,9,5,0,2026-04-11T14:00:00Z,90,4,0,1,0,2,0,10,16.4,2.5,4.0,2.3,0.11,0.01,0.12,2.84,1,49
2025-26,32,312,294,Séamus Coleman,DEF,Everton,9,5,0,2026-04-11T14:00:00Z,0,0,0,0,0,0,0,0,0.0,0.0,0.0,0.0,0.0,0.0,0.0,0.0,0,42
2025-26,32,312,295,Michael Keane,DEF,Everton,9,5,0,2026-04-11T14:00:00Z,0,0,0,0,0,0,0,0,0.0,0.0,0.0,0.0,0.0,0.0,0.0,0.0,0,46
2025-26,32,312,296,Nathan Patterson,DEF,Everton,9,5,0,2026-04-11T14:00:00Z,0,0,0,0,0,0,0,0,0.0,0.0,0.0,0.0,0.0,0.0,0.0,0.0,0,44
2025-26,32,312,297,Roman Dixon,DEF,Everton,9,5,0,2026-04-11T14:00:00Z,0,0,0,0,0,0,0,0,0.0,0.0,0.0,0.0,0.0,0.0,0.0,0.0,0,38
2025-26,32,312,298,Reece Welch,DEF,Everton,9,5,0,2026-04-11T14:00:00Z,0,0,0,0,0,0,0,0,0.0,0.0,0.0,0.0,0.0,0.0,0.0,0.0,0,38
2025-26,32,312,299,Iliman Ndiaye,MID,Everton,9,5,0,2026-04-11T14:00:00Z,90,2,0,0,0,2,0,15,18.6,34.4,21.0,7.4,0.07,0.07,0.14,2.84,1,62
2025-26,32,312,300,Dwight McNeil,MID,Everton,9,5,0,2026-04-11T14:00:00Z,73,2,0,0,0,1,0,7,6.0,4.9,9.0,2.0,0.17,0.01,0.18,1.86,1,55
2025-26,32,312,301,Carlos Alcaraz Durán,MID,Everton,9,5,0,2026-04-11T14:00:00Z,0,0,0,0,0,0,0,0,0.0,0.0,0.0,0.0,0.0,0.0,0.0,0.0,0,52
2025-26,32,312,302,Idrissa Gana Gueye,MID,Everton,9,5,0,2026-04-11T14:00:00Z,73,5,0,1,0,1,0,25,28.8,12.8,22.0,6.4,0.11,0.6,0.71,1.86,1,54
2025-26,32,312,303,James Garner,MID,Everton,9,5,0,2026-04-11T14:00:00Z,90,3,0,0,0,2,0,17,18.8,17.3,4.0,4.0,0.0,0.02,0.02,2.84,1,53
2025-26,32,312,304,Tim Iroegbunam,MID,Everton,9,5,0,2026-04-11T14:00:00Z,16,1,0,0,0,1,0,5,4.6,0.3,0.0,0.5,0.0,0.0,0.0,0.97,0,48
2025-26,32,312,305,Harrison Armstrong,MID,Everton,9,5,0,2026-04-11T14:00:00Z,0,0,0,0,0,0,0,0,0.0,0.0,0.0,0.0,0.0,0.0,0.0,0.0,0,45
2025-26,32,312,306,Callum Bates,MID,Everton,9,5,0,2026-04-11T14:00:00Z,0,0,0,0,0,0,0,0,0.0,0.0,0.0,0.0,0.0,0.0,0.0,0.0,0,43
2025-26,32,312,307,Coby Ebere,MID,Everton,9,5,0,2026-04-11T14:00:00Z,0,0,0,0,0,0,0,0,0.0,0.0,0.0,0.0,0.0,0.0,0.0,0.0,0,44
2025-26,32,312,308,Isaac Heath,MID,Everton,9,5,0,2026-04-11T14:00:00Z,0,0,0,0,0,0,0,0,0.0,0.0,0.0,0.0,0.0,0.0,0.0,0.0,0,45
2025-26,32,312,309,Jenson Metcalfe,MID,Everton,9,5,0,2026-04-11T14:00:00Z,0,0,0,0,0,0,0,0,0.0,0.0,0.0,0.0,0.0,0.0,0.0,0.0,0,45
2025-26,32,312,310,Thierno Barry,FWD,Everton,9,5,0,2026-04-11T14:00:00Z,16,1,0,0,0,1,0,3,1.0,10.3,2.0,1.3,0.0,0.01,0.01,0.97,0,57
2025-26,32,312,311,Norberto Bercique Gomes Betuncal,FWD,Everton,9,5,0,2026-04-11T14:00:00Z,73,7,1,0,0,1,1,27,37.2,12.7,40.0,9.0,0.57,0.01,0.58,1.86,1,50
2025-26,32,312,312,Youssef Ramalho Chermiti,FWD,Everton,9,5,0,2026-04-11T14:00:00Z,0,0,0,0,0,0,0,0,0.0,0.0,0.0,0.0,0.0,0.0,0.0,0.0,0,49
2025-26,32,312,313,Martin Sherif,FWD,Everton,9,5,0,2026-04-11T14:00:00Z,0,0,0,0,0,0,0,0,0.0,0.0,0.0,0.0,0.0,0.0,0.0,0.0,0,44
2025-26,32,316,314,Bernd Leno,GK,Fulham,10,12,0,2026-04-11T16:30:00Z,90,2,0,0,0,2,0,13,26.0,0.0,0.0,2.6,0.0,0.0,0.0,1.59,1,49
2025-26,32,316,315,Steven Benda,GK,Fulham,10,12,0,2026-04-11T16:30:00Z,0,0,0,0,0,0,0,0,0.0,0.0,0.0,0.0,0.0,0.0,0.0,0.0,0,40
2025-26,32,316,316,Antonee Robinson,DEF,Fulham,10,12,0,2026-04-11T16:30:00Z,68,3,0,0,0,2,0,9,23.0,12.3,2.0,3.7,0.0,0.03,0.03,1.15,1,49
2025-26,32,316,317,Joachim Andersen,DEF,Fulham,10,12,0,2026-04-11T16:30:00Z,90,1,0,0,0,2,0,8,17.4,2.3,15.0,3.5,0.06,0.22,0.28,1.59,1,46
2025-26,32,316,318,Calvin Bassey,DEF,Fulham,10,12,0,2026-04-11T16:30:00Z,90,3,0,0,0,2,0,13,25.0,0.5,2.0,2.8,0.0,0.0,0.0,1.59,1,44
2025-26,32,316,319,Timothy Castagne,DEF,Fulham,10,12,0,2026-04-11T16:30:00Z,90,1,0,0,0,2,0,15,29.2,40.5,19.0,8.9,0.02,0.12,0.14,1.59,1,43
2025-26,32,316,320,Issa Diop,DEF,Fulham,10,12,0,2026-04-11T16:30:00Z,0,0,0,0,0,0,0,0,0.0,0.0,0.0,0.0,0.0,0.0,0.0,0.0,0,43
2025-26,32,316,321,Jorge Cuenca Barreno,DEF,Fulham,10,12,0,2026-04-11T16:30:00Z,0,0,0,0,0,0,0,0,0.0,0.0,0.0,0.0,0.0,0.0,0.0,0.0,0,43
2025-26,32,316,322,Kenny Tete,DEF,Fulham,10,12,0,2026-04-11T16:30:00Z,0,0,0,0,0,0,0,0,0.0,0.0,0.0,0.0,0.0,0.0,0.0,0.0,0,45
2025-26,32,316,323,Samuel Amissah,DEF,Fulham,10,12,0,2026-04-11T16:30:00Z,0,0,0,0,0,0,0,0,0.0,0.0,0.0,0.0,0.0,0.0,0.0,0.0,0,38
2025-26,32,316,324,Alex Iwobi,MID,Fulham,10,12,0,2026-04-11T16:30:00Z,90,2,0,0,0,2,0,20,27.4,32.7,27.0,8.7,0.04,0.32,0.36,1.59,1,64
2025-26,32,316,325,Emile Smith Rowe,MID,Fulham,10,12,0,2026-04-11T16:30:00Z,45,1,0,0,0,0,0,0,5.4,2.7,17.0,2.5,0.22,0.01,0.23,0.78,0,56
2025-26,32,320,326,Adama Traoré Diarra,MID,West Ham,19,20,1,2026-04-10T19:00:00Z,12,1,0,0,0,0,0,-1,0.0,0.2,4.0,0.2,0.35,0.0,0.35,0.12,0,51
2025-26,32,316,327,Andreas Hoelgebaum Pereira,MID,Fulham,10,12,0,2026-04-11T16:30:00Z,0,0,0,0,0,0,0,0,0.0,0.0,0.0,0.0,0.0,0.0,0.0,0.0,0,53
2025-26,32,316,328,Ryan Sessegnon,MID,Fulham,10,12,0,2026-04-11T16:30:00Z,21,1,0,0,0,0,0,3,7.8,0.7,2.0,1.1,0.0,0.0,0.0,0.43,0,54
2025-26,32,316,329,Harry Wilson,MID,Fulham,10,12,0,2026-04-11T16:30:00Z,79,2,0,0,0,2,0,13,12.6,37.1,9.0,5.9,0.04,0.2,0.24,1.48,1,61
2025-26,32,316,330,Sander Berge,MID,Fulham,10,12,0,2026-04-11T16:30:00Z,90,4,0,0,0,2,0,22,20.0,14.6,8.0,4.3,0.03,0.15,0.18,1.59,1,49
2025-26,32,316,331,Tom Cairney,MID,Fulham,10,12,0,2026-04-11T16:30:00Z,0,0,0,0,0,0,0,0,0.0,0.0,0.0,0.0,0.0,0.0,0.0,0.0,0,48
2025-26,32,316,332,Saša Lukić,MID,Fulham,10,12,0,2026-04-11T16:30:00Z,45,1,0,0,0,0,0,5,14.6,24.6,6.0,4.5,0.0,0.09,0.09,0.78,0,49
2025-26,32,316,333,Martial Godo,MID,Fulham,10,12,0,2026-04-11T16:30:00Z,0,0,0,0,0,0,0,0,0.0,0.0,0.0,0.0,0.0,0.0,0.0,0.0,0,45
2025-26,32,316,334,Luke Harris,MID,Fulham,10,12,0,2026-04-11T16:30:00Z,0,0,0,0,0,0,0,0,0.0,0.0,0.0,0.0,0.0,0.0,0.0,0.0,0,45
2025-26,32,316,335,Josh King,MID,Fulham,10,12,0,2026-04-11T16:30:00Z,45,1,0,0,0,2,0,4,2.6,1.6,2.0,0.6,0.0,0.01,0.01,0.81,1,44
2025-26,32,316,336,Harrison Reed,MID,Fulham,10,12,0,2026-04-11T16:30:00Z,0,0,0,0,0,0,0,0,0.0,0.0,0.0,0.0,0.0,0.0,0.0,0.0,0,43
2025-26,32,316,337,Raúl Jiménez Rodríguez,FWD,Fulham,10,12,0,2026-04-11T16:30:00Z,10,1,0,0,0,0,0,1,0.0,11.5,10.0,2.0,0.15,0.01,0.16,0.1,0,62
2025-26,32,316,338,Rodrigo Muniz Carvalho,FWD,Fulham,10,12,0,2026-04-11T16:30:00Z,79,2,0,0,0,2,0,2,2.4,21.8,23.0,4.7,0.27,0.06,0.33,1.48,1,53
2025-26,32,317,339,Illan Meslier,GK,Leeds,11,14,0,2026-04-13T19:00:00Z,0,0,0,0,0,0,0,0,0.0,0.0,0.0,0.0,0.0,0.0,0.0,0.0,0,41
2025-26,32,317,340,Alex Cairns,GK,Leeds,11,14,0,2026-04-13T19:00:00Z,0,0,0,0,0,0,0,0,0.0,0.0,0.0,0.0,0.0,0.0,0.0,0.0,0,39
2025-26,32,317,341,Karl Darlow,GK,Leeds,11,14,0,2026-04-13T19:00:00Z,90,4,0,0,0,1,0,23,48.8,0.0,0.0,4.9,0.0,0.0,0.0,1.31,1,39
2025-26,32,317,342,Jayden Bogle,DEF,Leeds,11,14,0,2026-04-13T19:00:00Z,90,6,0,1,0,1,1,28,20.8,33.8,6.0,6.1,0.0,0.89,0.89,1.31,1,44
2025-26,32,317,343,Pascal Struijk,DEF,Leeds,11,14,0,2026-04-13T19:00:00Z,90,2,0,0,0,1,0,18,23.6,0.5,24.0,4.8,0.23,0.0,0.23,1.31,1,43
2025-26,32,317,344,Jaka Bijol,DEF,Leeds,11,14,0,2026-04-13T19:00:00Z,90,4,0,0,0,1,0,11,20.6,0.3,6.0,2.7,0.04,0.0,0.04,1.31,1,39
2025-26,32,317,345,Sebastiaan Bornauw,DEF,Leeds,11,14,0,2026-04-13T19:00:00Z,0,0,0,0,0,0,0,0,0.0,0.0,0.0,0.0,0.0,0.0,0.0,0.0,0,38
2025-26,32,317,346,Sam Byram,DEF,Leeds,11,14,0,2026-04-13T19:00:00Z,0,0,0,0,0,0,0,0,0.0,0.0,0.0,0.0,0.0,0.0,0.0,0.0,0,37
2025-26,32,317,347,Gabriel Gudmundsson,DEF,Leeds,11,14,0,2026-04-13T19:00:00Z,90,2,0,0,0,1,0,18,18.8,16.6,6.0,4.1,0.0,0.29,0.29,1.31,1,38
2025-26,32,317,348,Joe Rodon,DEF,Leeds,11,14,0,2026-04-13T19:00:00Z,0,0,0,0,0,0,0,0,0.0,0.0,0.0,0.0,0.0,0.0,0.0,0.0,0,39
2025-26,32,317,349,Isaac Schmidt,DEF,Leeds,11,14,0,2026-04-13T19:00:00Z,0,0,0,0,0,0,0,0,0.0,0.0,0.0,0.0,0.0,0.0,0.0,0.0,0,40
2025-26,32,317,350,Brenden Aaronson,MID,Leeds,11,14,0,2026-04-13T19:00:00Z,85,5,0,1,0,1,0,21,23.4,25.3,7.0,5.6,0.1,0.03,0.13,1.29,1,54
2025-26,32,317,351,Wilfried Gnonto,MID,Leeds,11,14,0,2026-04-13T19:00:00Z,16,1,0,0,0,0,0,3,3.8,3.0,4.0,1.1,0.0,0.02,0.02,0.64,0,51
2025-26,32,317,352,Jack Harrison,MID,Leeds,11,14,0,2026-04-13T19:00:00Z,0,0,0,0,0,0,0,0,0.0,0.0,0.0,0.0,0.0,0.0,0.0,0.0,0,51
2025-26,32,317,353,Daniel James,MID,Leeds,11,14,0,2026-04-13T19:00:00Z,0,0,0,0,0,0,0,0,0.0,0.0,0.0,0.0,0.0,0.0,0.0,0.0,0,52
2025-26,32,317,354,Ethan Ampadu,MID,Leeds,11,14,0,2026-04-13T19:00:00Z,90,3,0,0,0,1,0,18,19.0,14.8,8.0,4.2,0.08,0.09,0.17,1.31,1,49
2025-26,32,317,355,Sam Greenwood,MID,Leeds,11,14,0,2026-04-13T19:00:00Z,0,0,0,0,0,0,0,0,0.0,0.0,0.0,0.0,0.0,0.0,0.0,0.0,0,49
2025-26,32,317,356,Ilia Gruev,MID,Leeds,11,14,0,2026-04-13T19:00:00Z,16,1,0,0,0,0,0,3,2.2,2.9,1.0,0.6,0.03,0.01,0.04,0.64,0,47
2025-26,32,317,357,Largie Ramazani,MID,Leeds,11,14,0,2026-04-13T19:00:00Z,0,0,0,0,0,0,0,0,0.0,0.0,0.0,0.0,0.0,0.0,0.0,0.0,0,49
2025-26,32,317,358,Tanaka Ao,MID,Leeds,11,14,0,2026-04-13T19:00:00Z,73,2,0,0,0,1,0,19,27.6,69.6,11.0,10.8,0.42,0.47,0.89,0.67,1,48
2025-26,32,317,359,Charlie Crew,MID,Leeds,11,14,0,2026-04-13T19:00:00Z,0,0,0,0,0,0,0,0,0.0,0.0,0.0,0.0,0.0,0.0,0.0,0.0,0,45
2025-26,32,317,360,Joe Gelhardt,MID,Leeds,11,14,0,2026-04-13T19:00:00Z,0,0,0,0,0,0,0,0,0.0,0.0,0.0,0.0,0.0,0.0,0.0,0.0,0,45
2025-26,32,317,361,Darko Gyabi,MID,Leeds,11,14,0,2026-04-13T19:00:00Z,0,0,0,0,0,0,0,0,0.0,0.0,0.0,0.0,0.0,0.0,0.0,0.0,0,45
2025-26,32,317,362,Joël Piroe,FWD,Leeds,11,14,0,2026-04-13T19:00:00Z,0,0,0,0,0,0,0,0,0.0,0.0,0.0,0.0,0.0,0.0,0.0,0.0,0,49
2025-26,32,317,363,Patrick Bamford,FWD,Leeds,11,14,0,2026-04-13T19:00:00Z,0,0,0,0,0,0,0,0,0.0,0.0,0.0,0.0,0.0,0.0,0.0,0.0,0,49
2025-26,32,317,364,Mateo Joseph Fernández-Regatillo,FWD,Leeds,11,14,0,2026-04-13T19:00:00Z,0,0,0,0,0,0,0,0,0.0,0.0,0.0,0.0,0.0,0.0,0.0,0.0,0,50
2025-26,32,317,365,Lukas Nmecha,FWD,Leeds,11,14,0,2026-04-13T19:00:00Z,0,0,0,0,0,0,0,0,0.0,0.0,0.0,0.0,0.0,0.0,0.0,0.0,0,50
2025-26,32,316,366,Alisson Becker,GK,Liverpool,12,10,1,2026-04-11T16:30:00Z,0,0,0,0,0,0,0,0,0.0,0.0,0.0,0.0,0.0,0.0,0.0,0.0,0,54
2025-26,32,316,367,Giorgi Mamardashvili,GK,Liverpool,12,10,1,2026-04-11T16:30:00Z,90,9,0,0,1,0,2,35,33.0,0.0,0.0,3.3,0.0,0.0,0.0,1.04,1,41
2025-26,32,316,368,Ármin Pécsi,GK,Liverpool,12,10,1,2026-04-11T16:30:00Z,0,0,0,0,0,0,0,0,0.0,0.0,0.0,0.0,0.0,0.0,0.0,0.0,0,38
2025-26,32,316,369,Freddie Woodman,GK,Liverpool,12,10,1,2026-04-11T16:30:00Z,0,0,0,0,0,0,0,0,0.0,0.0,0.0,0.0,0.0,0.0,0.0,0.0,0,39
2025-26,32,316,370,Jeremie Frimpong,DEF,Liverpool,12,10,1,2026-04-11T16:30:00Z,68,6,0,0,1,0,0,22,10.4,33.0,8.0,5.1,0.0,0.17,0.17,0.58,1,57
2025-26,32,316,371,Milos Kerkez,DEF,Liverpool,12,10,1,2026-04-11T16:30:00Z,0,0,0,0,0,0,0,0,0.0,0.0,0.0,0.0,0.0,0.0,0.0,0.0,0,56
2025-26,32,316,372,Andrew Robertson,DEF,Liverpool,12,10,1,2026-04-11T16:30:00Z,90,6,0,0,1,0,0,26,15.8,12.3,24.0,5.2,0.36,0.02,0.38,1.04,1,57
2025-26,32,316,373,Virgil van Dijk,DEF,Liverpool,12,10,1,2026-04-11T16:30:00Z,90,9,0,0,1,0,1,28,37.4,2.9,13.0,5.3,0.13,0.02,0.15,1.04,1,63
2025-26,32,316,374,Ibrahima Konaté,DEF,Liverpool,12,10,1,2026-04-11T16:30:00Z,90,6,0,0,1,0,0,24,9.6,2.2,0.0,1.2,0.0,0.01,0.01,1.04,1,55
2025-26,32,316,375,Conor Bradley,DEF,Liverpool,12,10,1,2026-04-11T16:30:00Z,0,0,0,0,0,0,0,0,0.0,0.0,0.0,0.0,0.0,0.0,0.0,0.0,0,49
2025-26,32,316,376,Joe Gomez,DEF,Liverpool,12,10,1,2026-04-11T16:30:00Z,21,1,0,0,0,0,0,9,6.6,0.2,0.0,0.7,0.0,0.0,0.0,0.45,0,49
2025-26,32,316,377,Konstantinos Tsimikas,DEF,Liverpool,12,10,1,2026-04-11T16:30:00Z,0,0,0,0,0,0,0,0,0.0,0.0,0.0,0.0,0.0,0.0,0.0,0.0,0,48
2025-26,32,316,378,Amara Nallo,DEF,Liverpool,12,10,1,2026-04-11T16:30:00Z,0,0,0,0,0,0,0,0,0.0,0.0,0.0,0.0,0.0,0.0,0.0,0.0,0,37
2025-26,32,316,379,Rhys Williams,DEF,Liverpool,12,10,1,2026-04-11T16:30:00Z,0,0,0,0,0,0,0,0,0.0,0.0,0.0,0.0,0.0,0.0,0.0,0.0,0,37
2025-26,32,316,380,Calvin Ramsay,DEF,Liverpool,12,10,1,2026-04-11T16:30:00Z,0,0,0,0,0,0,0,0,0.0,0.0,0.0,0.0,0.0,0.0,0.0,0.0,0,37
2025-26,32,316,381,Mohamed Salah,MID,Liverpool,12,10,1,2026-04-11T16:30:00Z,89,8,1,0,1,0,0,26,48.6,29.2,54.0,13.2,0.43,0.31,0.74,1.04,1,140
2025-26,32,316,382,Florian Wirtz,MID,Liverpool,12,10,1,2026-04-11T16:30:00Z,67,6,0,1,1,0,0,21,26.2,42.9,18.0,8.7,0.3,0.24,0.54,0.58,1,83
2025-26,32,316,383,Luis Díaz Marulanda,MID,Liverpool,12,10,1,2026-04-11T16:30:00Z,0,0,0,0,0,0,0,0,0.0,0.0,0.0,0.0,0.0,0.0,0.0,0.0,0,80
2025-26,32,316,384,Cody Gakpo,MID,Liverpool,12,10,1,2026-04-11T16:30:00Z,90,6,0,1,1,0,0,14,17.8,11.3,25.0,5.4,0.13,0.05,0.18,1.04,1,73
2025-26,32,316,385,Federico Chiesa,MID,Liverpool,12,10,1,2026-04-11T16:30:00Z,0,0,0,0,0,0,0,0,0.0,0.0,0.0,0.0,0.0,0.0,0.0,0.0,0,63
2025-26,32,316,386,Alexis Mac Allister,MID,Liverpool,12,10,1,2026-04-11T16:30:00Z,22,1,0,0,0,0,0,2,0.8,10.3,1.0,1.2,0.1,0.02,0.12,0.45,0,63
2025-26,32,316,387,Dominik Szoboszlai,MID,Liverpool,12,10,1,2026-04-11T16:30:00Z,90,5,0,0,1,0,0,18,23.6,25.4,7.0,5.6,0.02,0.05,0.07,1.04,1,71
2025-26,32,316,388,Curtis Jones,MID,Liverpool,12,10,1,2026-04-11T16:30:00Z,45,1,0,0,0,0,0,10,5.0,3.8,4.0,1.3,0.0,0.03,0.03,0.2,1,54
2025-26,32,318,389,Harvey Elliott,MID,Aston Villa,2,16,0,2026-04-12T13:00:00Z,0,0,0,0,0,0,0,0,0.0,0.0,0.0,0.0,0.0,0.0,0.0,0.0,0,51
2025-26,32,316,390,Ryan Gravenberch,MID,Liverpool,12,10,1,2026-04-11T16:30:00Z,45,1,0,0,0,0,0,7,13.8,1.7,0.0,1.6,0.0,0.02,0.02,0.84,0,55
2025-26,32,311,391,Ben Gannon-Doak,MID,Bournemouth,4,1,0,2026-04-11T11:30:00Z,0,0,0,0,0,0,0,0,0.0,0.0,0.0,0.0,0.0,0.0,0.0,0.0,0,48
2025-26,32,316,392,Endo Wataru,MID,Liverpool,12,10,1,2026-04-11T16:30:00Z,0,0,0,0,0,0,0,0,0.0,0.0,0.0,0.0,0.0,0.0,0.0,0.0,0,49
2025-26,32,316,393,Stefan Bajčetić Maquieira,MID,Liverpool,12,10,1,2026-04-11T16:30:00Z,0,0,0,0,0,0,0,0,0.0,0.0,0.0,0.0,0.0,0.0,0.0,0.0,0,42
2025-26,32,316,394,James McConnell,MID,Liverpool,12,10,1,2026-04-11T16:30:00Z,0,0,0,0,0,0,0,0,0.0,0.0,0.0,0.0,0.0,0.0,0.0,0.0,0,44
2025-26,32,316,395,Tyler Morton,MID,Liverpool,12,10,1,2026-04-11T16:30:00Z,0,0,0,0,0,0,0,0,0.0,0.0,0.0,0.0,0.0,0.0,0.0,0.0,0,45
2025-26,32,316,396,Trey Nyoni,MID,Liverpool,12,10,1,2026-04-11T16:30:00Z,1,1,0,0,0,0,0,3,0.0,0.1,0.0,0.0,0.0,0.0,0.0,0.0,0,43
2025-26,32,316,397,Darwin Núñez Ribeiro,FWD,Liverpool,12,10,1,2026-04-11T16:30:00Z,0,0,0,0,0,0,0,0,0.0,0.0,0.0,0.0,0.0,0.0,0.0,0.0,0,65
2025-26,32,316,398,Jayden Danns,FWD,Liverpool,12,10,1,2026-04-11T16:30:00Z,0,0,0,0,0,0,0,0,0.0,0.0,0.0,0.0,0.0,0.0,0.0,0.0,0,43
2025-26,32,314,399,Ederson Santana de Moraes,GK,Man City,13,7,0,2026-04-12T15:30:00Z,0,0,0,0,0,0,0,0,0.0,0.0,0.0,0.0,0.0,0.0,0.0,0.0,0,53
2025-26,32,318,400,Stefan Ortega Moreno,GK,Nott'm Forest,16,2,1,2026-04-12T13:00:00Z,0,0,0,0,0,0,0,0,0.0,0.0,0.0,0.0,0.0,0.0,0.0,0.0,0,47
2025-26,32,314,401,Marcus Bettinelli,GK,Man City,13,7,0,2026-04-12T15:30:00Z,0,0,0,0,0,0,0,0,0.0,0.0,0.0,0.0,0.0,0.0,0.0,0.0,0,38
2025-26,32,314,402,Rayan Aït-Nouri,DEF,Man City,13,7,0,2026-04-12T15:30:00Z,26,1,0,0,0,0,0,1,5.8,12.8,0.0,1.9,0.0,0.11,0.11,0.89,0,57
2025-26,32,314,403,Joško Gvardiol,DEF,Man City,13,7,0,2026-04-12T15:30:00Z,0,0,0,0,0,0,0,0,0.0,0.0,0.0,0.0,0.0,0.0,0.0,0.0,0,59
2025-26,32,314,404,Manuel Akanji,DEF,Man City,13,7,0,2026-04-12T15:30:00Z,0,0,0,0,0,0,0,0,0.0,0.0,0.0,0.0,0.0,0.0,0.0,0.0,0,54
2025-26,32,314,405,Nathan Aké,DEF,Man City,13,7,0,2026-04-12T15:30:00Z,0,0,0,0,0,0,0,0,0.0,0.0,0.0,0.0,0.0,0.0,0.0,0.0,0,52
2025-26,32,314,406,Abdukodir Khusanov,DEF,Man City,13,7,0,2026-04-12T15:30:00Z,90,6,0,0,1,0,0,25,19.0,22.9,1.0,4.3,0.03,0.03,0.06,1.14,1,54
2025-26,32,314,407,Matheus Nunes,DEF,Man City,13,7,0,2026-04-12T15:30:00Z,90,6,0,0,1,0,0,33,22.2,39.9,2.0,6.4,0.0,0.17,0.17,1.14,1,53
2025-26,32,314,408,Rúben dos Santos Gato Alves Dias,DEF,Man City,13,7,0,2026-04-12T15:30:00Z,0,0,0,0,0,0,0,0,0.0,0.0,0.0,0.0,0.0,0.0,0.0,0.0,0,55
2025-26,32,314,409,John Stones,DEF,Man City,13,7,0,2026-04-12T15:30:00Z,0,0,0,0,0,0,0,0,0.0,0.0,0.0,0.0,0.0,0.0,0.0,0.0,0,54
2025-26,32,314,410,Rico Lewis,DEF,Man City,13,7,0,2026-04-12T15:30:00Z,0,0,0,0,0,0,0,0,0.0,0.0,0.0,0.0,0.0,0.0,0.0,0.0,0,46
2025-26,32,314,411,Nico O'Reilly,DEF,Man City,13,7,0,2026-04-12T15:30:00Z,63,14,1,0,1,0,2,44,46.2,25.8,39.0,11.1,0.43,0.33,0.76,0.25,1,50
2025-26,32,314,412,Vitor de Oliveira Nunes dos Reis,DEF,Man City,13,7,0,2026-04-12T15:30:00Z,0,0,0,0,0,0,0,0,0.0,0.0,0.0,0.0,0.0,0.0,0.0,0.0,0,50
2025-26,32,314,413,Omar Marmoush,MID,Man City,13,7,0,2026-04-12T15:30:00Z,0,0,0,0,0,0,0,0,0.0,0.0,0.0,0.0,0.0,0.0,0.0,0.0,0,83
2025-26,32,314,414,Phil Foden,MID,Man City,13,7,0,2026-04-12T15:30:00Z,14,1,0,0,0,0,0,6,8.6,24.7,4.0,3.7,0.0,0.04,0.04,0.62,0,80
2025-26,32,314,415,Sávio Moreira de Oliveira,MID,Man City,13,7,0,2026-04-12T15:30:00Z,14,1,0,0,0,0,0,4,2.0,5.3,4.0,1.1,0.0,0.03,0.03,0.62,0,69
2025-26,32,314,416,Bernardo Mota Veiga de Carvalho e Silva,MID,Man City,13,7,0,2026-04-12T15:30:00Z,80,3,0,0,1,0,0,16,14.2,7.6,30.0,5.2,0.25,0.08,0.33,0.52,1,62
2025-26,32,314,417,Rayan Cherki,MID,Man City,13,7,0,2026-04-12T15:30:00Z,75,10,0,2,1,0,1,41,44.6,36.5,26.0,10.7,0.2,0.65,0.85,0.52,1,63
2025-26,32,314,418,Jérémy Doku,MID,Man City,13,7,0,2026-04-12T15:30:00Z,75,8,1,0,1,0,0,29,37.8,17.6,44.0,9.9,0.18,0.06,0.24,0.52,1,64
2025-26,32,312,419,Jack Grealish,MID,Everton,9,5,0,2026-04-11T14:00:00Z,0,0,0,0,0,0,0,0,0.0,0.0,0.0,0.0,0.0,0.0,0.0,0.0,0,63
2025-26,32,314,420,İlkay Gündoğan,MID,Man City,13,7,0,2026-04-12T15:30:00Z,0,0,0,0,0,0,0,0,0.0,0.0,0.0,0.0,0.0,0.0,0.0,0.0,0,63
2025-26,32,314,421,Rodrigo 'Rodri' Hernandez Cascante,MID,Man City,13,7,0,2026-04-12T15:30:00Z,90,3,0,0,1,0,0,11,13.0,11.7,2.0,2.7,0.0,0.04,0.04,1.14,1,63
2025-26,32,314,422,Mateo Kovačić,MID,Man City,13,7,0,2026-04-12T15:30:00Z,9,1,0,0,0,0,0,4,1.8,2.8,0.0,0.5,0.0,0.03,0.03,0.62,0,58
2025-26,32,314,423,Nico González Iglesias,MID,Man City,13,7,0,2026-04-12T15:30:00Z,0,0,0,0,0,0,0,0,0.0,0.0,0.0,0.0,0.0,0.0,0.0,0.0,0,59
2025-26,32,316,424,Oscar Bobb,MID,Fulham,10,12,0,2026-04-11T16:30:00Z,45,1,0,0,0,2,0,11,10.4,15.2,21.0,4.7,0.09,0.04,0.13,0.81,1,51
2025-26,32,314,425,Claudio Echeverri,MID,Man City,13,7,0,2026-04-12T15:30:00Z,0,0,0,0,0,0,0,0,0.0,0.0,0.0,0.0,0.0,0.0,0.0,0.0,0,54
2025-26,32,318,426,James McAtee,MID,Nott'm Forest,16,2,1,2026-04-12T13:00:00Z,0,0,0,0,0,0,0,0,0.0,0.0,0.0,0.0,0.0,0.0,0.0,0.0,0,50
2025-26,32,314,427,Tijjani Reijnders,MID,Man City,13,7,0,2026-04-12T15:30:00Z,0,0,0,0,0,0,0,0,0.0,0.0,0.0,0.0,0.0,0.0,0.0,0.0,0,50
2025-26,32,314,428,Sverre Nypan,MID,Man City,13,7,0,2026-04-12T15:30:00Z,0,0,0,0,0,0,0,0,0.0,0.0,0.0,0.0,0.0,0.0,0.0,0.0,0,50
2025-26,32,314,429,Kalvin Phillips,MID,Man City,13,7,0,2026-04-12T15:30:00Z,0,0,0,0,0,0,0,0,0.0,0.0,0.0,0.0,0.0,0.0,0.0,0.0,0,47
2025-26,32,314,430,Erling Haaland,FWD,Man City,13,7,0,2026-04-12T15:30:00Z,90,2,0,0,1,0,0,5,3.0,2.5,37.0,4.3,0.58,0.0,0.58,1.14,1,144
2025-26,32,317,431,Altay Bayındır,GK,Man Utd,14,11,1,2026-04-13T19:00:00Z,0,0,0,0,0,0,0,0,0.0,0.0,0.0,0.0,0.0,0.0,0.0,0.0,0,47
2025-26,32,317,432,André Onana,GK,Man Utd,14,11,1,2026-04-13T19:00:00Z,0,0,0,0,0,0,0,0,0.0,0.0,0.0,0.0,0.0,0.0,0.0,0.0,0,49
2025-26,32,317,433,Elyh Harrison,GK,Man Utd,14,11,1,2026-04-13T19:00:00Z,0,0,0,0,0,0,0,0,0.0,0.0,0.0,0.0,0.0,0.0,0.0,0.0,0,40
2025-26,32,317,434,Tom Heaton,GK,Man Utd,14,11,1,2026-04-13T19:00:00Z,0,0,0,0,0,0,0,0,0.0,0.0,0.0,0.0,0.0,0.0,0.0,0.0,0,38
2025-26,32,317,435,Dermot Mee,GK,Man Utd,14,11,1,2026-04-13T19:00:00Z,0,0,0,0,0,0,0,0,0.0,0.0,0.0,0.0,0.0,0.0,0.0,0.0,0,39
2025-26,32,317,436,Matthijs de Ligt,DEF,Man Utd,14,11,1,2026-04-13T19:00:00Z,0,0,0,0,0,0,0,0,0.0,0.0,0.0,0.0,0.0,0.0,0.0,0.0,0,49
2025-26,32,317,437,Lisandro Martínez,DEF,Man Utd,14,11,1,2026-04-13T19:00:00Z,55,-3,0,0,0,2,0,4,12.2,2.3,0.0,1.5,0.0,0.06,0.06,1.96,1,48
2025-26,32,317,438,Noussair Mazraoui,DEF,Man Utd,14,11,1,2026-04-13T19:00:00Z,69,1,0,0,0,2,0,5,11.6,2.1,3.0,1.7,0.02,0.01,0.03,2.01,1,49
2025-26,32,317,439,Diego León Blanco,DEF,Man Utd,14,11,1,2026-04-13T19:00:00Z,0,0,0,0,0,0,0,0,0.0,0.0,0.0,0.0,0.0,0.0,0.0,0.0,0,41
2025-26,32,317,440,Diogo Dalot Teixeira,DEF,Man Utd,14,11,1,2026-04-13T19:00:00Z,20,1,0,0,0,0,0,6,7.2,1.1,3.0,1.1,0.02,0.01,0.03,0.35,0,46
2025-26,32,317,441,Patrick Dorgu,DEF,Man Utd,14,11,1,2026-04-13T19:00:00Z,0,0,0,0,0,0,0,0,0.0,0.0,0.0,0.0,0.0,0.0,0.0,0.0,0,41
2025-26,32,317,442,Harry Maguire,DEF,Man Utd,14,11,1,2026-04-13T19:00:00Z,0,0,0,0,0,0,0,0,0.0,0.0,0.0,0.0,0.0,0.0,0.0,0.0,0,44
2025-26,32,317,443,Luke Shaw,DEF,Man Utd,14,11,1,2026-04-13T19:00:00Z,90,0,0,0,0,2,0,5,12.0,14.8,9.0,3.6,0.03,0.04,0.07,2.37,1,45
2025-26,32,317,444,Leny Yoro,DEF,Man Utd,14,11,1,2026-04-13T19:00:00Z,90,3,0,0,0,2,0,15,29.4,12.8,25.0,6.7,0.2,0.19,0.39,2.37,1,41
2025-26,32,317,445,Harry Amass,DEF,Man Utd,14,11,1,2026-04-13T19:00:00Z,0,0,0,0,0,0,0,0,0.0,0.0,0.0,0.0,0.0,0.0,0.0,0.0,0,40
2025-26,32,317,446,Tyler Fredricson,DEF,Man Utd,14,11,1,2026-04-13T19:00:00Z,0,0,0,0,0,0,0,0,0.0,0.0,0.0,0.0,0.0,0.0,0.0,0.0,0,37
2025-26,32,317,447,Ayden Heaven,DEF,Man Utd,14,11,1,2026-04-13T19:00:00Z,0,0,0,0,0,0,0,0,0.0,0.0,0.0,0.0,0.0,0.0,0.0,0.0,0,37
2025-26,32,317,448,Tyrell Malacia,DEF,Man Utd,14,11,1,2026-04-13T19:00:00Z,0,0,0,0,0,0,0,0,0.0,0.0,0.0,0.0,0.0,0.0,0.0,0.0,0,37
2025-26,32,317,449,Bruno Borges Fernandes,MID,Man Utd,14,11,1,2026-04-13T19:00:00Z,90,4,0,1,0,2,0,27,36.4,71.8,6.0,11.4,0.02,0.49,0.51,2.37,1,103
2025-26,32,317,450,Matheus Santos Carneiro da Cunha,MID,Man Utd,14,11,1,2026-04-13T19:00:00Z,90,1,0,0,0,2,0,9,13.4,27.2,46.0,8.7,0.14,0.06,0.2,2.37,1,80
2025-26,32,317,451,Marcus Rashford,MID,Man Utd,14,11,1,2026-04-13T19:00:00Z,0,0,0,0,0,0,0,0,0.0,0.0,0.0,0.0,0.0,0.0,0.0,0.0,0,70
2025-26,32,317,452,Amad Diallo,MID,Man Utd,14,11,1,2026-04-13T19:00:00Z,69,2,0,0,0,2,0,11,3.8,3.8,13.0,2.1,0.05,0.01,0.06,2.01,1,62
2025-26,32,314,453,Alejandro Garnacho Ferreyra,MID,Chelsea,7,13,1,2026-04-12T15:30:00Z,23,1,0,0,0,1,0,3,0.2,1.7,2.0,0.4,0.0,0.01,0.01,0.53,0,64
2025-26,32,317,454,Antony dos Santos,MID,Man Utd,14,11,1,2026-04-13T19:00:00Z,0,0,0,0,0,0,0,0,0.0,0.0,0.0,0.0,0.0,0.0,0.0,0.0,0,59
2025-26,32,317,455,Mason Mount,MID,Man Utd,14,11,1,2026-04-13T19:00:00Z,0,0,0,0,0,0,0,0,0.0,0.0,0.0,0.0,0.0,0.0,0.0,0.0,0,59
2025-26,32,318,456,Jadon Sancho,MID,Aston Villa,2,16,0,2026-04-12T13:00:00Z,0,0,0,0,0,0,0,0,0.0,0.0,0.0,0.0,0.0,0.0,0.0,0.0,0,58
2025-26,32,317,457,Carlos Henrique Casimiro,MID,Man Utd,14,11,1,2026-04-13T19:00:00Z,90,9,1,0,0,2,2,38,51.6,50.0,48.0,15.0,0.24,0.12,0.36,2.37,1,57
2025-26,32,317,458,Kobbie Mainoo,MID,Man Utd,14,11,1,2026-04-13T19:00:00Z,0,0,0,0,0,0,0,0,0.0,0.0,0.0,0.0,0.0,0.0,0.0,0.0,0,46
2025-26,32,317,459,Manuel Ugarte Ribeiro,MID,Man Utd,14,11,1,2026-04-13T19:00:00Z,90,4,0,0,0,2,0,20,28.4,8.1,10.0,4.7,0.22,0.01,0.23,2.37,1,47
2025-26,32,317,460,Toby Collyer,MID,Man Utd,14,11,1,2026-04-13T19:00:00Z,0,0,0,0,0,0,0,0,0.0,0.0,0.0,0.0,0.0,0.0,0.0,0.0,0,45
2025-26,32,317,461,Jayce Fitzgerald,MID,Man Utd,14,11,1,2026-04-13T19:00:00Z,0,0,0,0,0,0,0,0,0.0,0.0,0.0,0.0,0.0,0.0,0.0,0.0,0,43
2025-26,32,317,462,Jack Fletcher,MID,Man Utd,14,11,1,2026-04-13T19:00:00Z,0,0,0,0,0,0,0,0,0.0,0.0,0.0,0.0,0.0,0.0,0.0,0.0,0,43
2025-26,32,317,463,Sékou Koné,MID,Man Utd,14,11,1,2026-04-13T19:00:00Z,0,0,0,0,0,0,0,0,0.0,0.0,0.0,0.0,0.0,0.0,0.0,0.0,0,43
2025-26,32,317,464,Jack Moorhouse,MID,Man Utd,14,11,1,2026-04-13T19:00:00Z,0,0,0,0,0,0,0,0,0.0,0.0,0.0,0.0,0.0,0.0,0.0,0.0,0,45
2025-26,32,317,465,Rasmus Højlund,FWD,Man Utd,14,11,1,2026-04-13T19:00:00Z,0,0,0,0,0,0,0,0,0.0,0.0,0.0,0.0,0.0,0.0,0.0,0.0,0,63
2025-26,32,317,466,Joshua Zirkzee,FWD,Man Utd,14,11,1,2026-04-13T19:00:00Z,0,0,0,0,0,0,0,0,0.0,0.0,0.0,0.0,0.0,0.0,0.0,0.0,0,58
2025-26,32,317,467,Chido Obi,FWD,Man Utd,14,11,1,2026-04-13T19:00:00Z,0,0,0,0,0,0,0,0,0.0,0.0,0.0,0.0,0.0,0.0,0.0,0.0,0,42
2025-26,32,317,468,Ethan Wheatley,FWD,Man Utd,14,11,1,2026-04-13T19:00:00Z,0,0,0,0,0,0,0,0,0.0,0.0,0.0,0.0,0.0,0.0,0.0,0.0,0,45
2025-26,32,315,469,Nick Pope,GK,Newcastle,15,8,0,2026-04-12T13:00:00Z,0,0,0,0,0,0,0,0,0.0,0.0,0.0,0.0,0.0,0.0,0.0,0.0,0,50
2025-26,32,313,470,Martin Dúbravka,GK,Burnley,3,6,1,2026-04-11T14:00:00Z,90,2,0,0,0,2,0,12,30.6,0.0,0.0,3.1,0.0,0.0,0.0,1.93,1,40
2025-26,32,315,471,Mark Gillespie,GK,Newcastle,15,8,0,2026-04-12T13:00:00Z,0,0,0,0,0,0,0,0,0.0,0.0,0.0,0.0,0.0,0.0,0.0,0.0,0,39
2025-26,32,315,472,Odysseas Vlachodimos,GK,Newcastle,15,8,0,2026-04-12T13:00:00Z,0,0,0,0,0,0,0,0,0.0,0.0,0.0,0.0,0.0,0.0,0.0,0.0,0,40
2025-26,32,315,473,Lewis Hall,DEF,Newcastle,15,8,0,2026-04-12T13:00:00Z,90,1,0,0,0,2,0,9,17.8,20.4,11.0,4.9,0.04,0.07,0.11,2.56,1,54
2025-26,32,315,474,Fabian Schär,DEF,Newcastle,15,8,0,2026-04-12T13:00:00Z,0,0,0,0,0,0,0,0,0.0,0.0,0.0,0.0,0.0,0.0,0.0,0.0,0,52
2025-26,32,315,475,Sven Botman,DEF,Newcastle,15,8,0,2026-04-12T13:00:00Z,90,3,0,0,0,2,0,3,24.0,1.2,8.0,3.3,0.07,0.01,0.08,2.56,1,49
2025-26,32,315,476,Dan Burn,DEF,Newcastle,15,8,0,2026-04-12T13:00:00Z,0,0,0,0,0,0,0,0,0.0,0.0,0.0,0.0,0.0,0.0,0.0,0.0,0,50
2025-26,32,315,477,Tino Livramento,DEF,Newcastle,15,8,0,2026-04-12T13:00:00Z,90,1,0,0,0,2,0,8,10.2,7.0,0.0,1.7,0.0,0.03,0.03,2.56,1,49
2025-26,32,315,478,Kieran Trippier,DEF,Newcastle,15,8,0,2026-04-12T13:00:00Z,0,0,0,0,0,0,0,0,0.0,0.0,0.0,0.0,0.0,0.0,0.0,0.0,0,49
2025-26,32,315,479,Emil Krafth,DEF,Newcastle,15,8,0,2026-04-12T13:00:00Z,0,0,0,0,0,0,0,0,0.0,0.0,0.0,0.0,0.0,0.0,0.0,0.0,0,43
2025-26,32,315,480,Jamaal Lascelles,DEF,Newcastle,15,8,0,2026-04-12T13:00:00Z,0,0,0,0,0,0,0,0,0.0,0.0,0.0,0.0,0.0,0.0,0.0,0.0,0,43
2025-26,32,315,481,Alex Murphy,DEF,Newcastle,15,8,0,2026-04-12T13:00:00Z,0,0,0,0,0,0,0,0,0.0,0.0,0.0,0.0,0.0,0.0,0.0,0.0,0,38
2025-26,32,315,482,Harrison Ashby,DEF,Newcastle,15,8,0,2026-04-12T13:00:00Z,0,0,0,0,0,0,0,0,0.0,0.0,0.0,0.0,0.0,0.0,0.0,0.0,0,39
2025-26,32,315,483,Miodrag Pivaš,DEF,Newcastle,15,8,0,2026-04-12T13:00:00Z,0,0,0,0,0,0,0,0,0.0,0.0,0.0,0.0,0.0,0.0,0.0,0.0,0,38
2025-26,32,315,484,Matt Targett,DEF,Newcastle,15,8,0,2026-04-12T13:00:00Z,0,0,0,0,0,0,0,0,0.0,0.0,0.0,0.0,0.0,0.0,0.0,0.0,0,40
2025-26,32,315,485,Anthony Gordon,MID,Newcastle,15,8,0,2026-04-12T13:00:00Z,70,3,0,0,1,0,0,5,0.2,6.3,9.0,1.6,0.04,0.03,0.07,1.42,1,74
2025-26,32,315,486,Anthony Elanga,MID,Newcastle,15,8,0,2026-04-12T13:00:00Z,1,1,0,0,0,0,0,3,0.0,3.0,0.0,0.3,0.0,0.0,0.0,0.06,0,65
2025-26,32,315,487,Harvey Barnes,MID,Newcastle,15,8,0,2026-04-12T13:00:00Z,19,1,0,0,0,2,0,3,0.4,1.4,2.0,0.4,0.0,0.01,0.01,1.14,0,61
2025-26,32,315,488,Bruno Guimarães Rodriguez Moura,MID,Newcastle,15,8,0,2026-04-12T13:00:00Z,0,0,0,0,0,0,0,0,0.0,0.0,0.0,0.0,0.0,0.0,0.0,0.0,0,68
2025-26,32,315,489,Jacob Murphy,MID,Newcastle,15,8,0,2026-04-12T13:00:00Z,90,2,0,0,0,2,0,4,5.4,12.5,9.0,2.7,0.05,0.01,0.06,2.5,1,59
2025-26,32,315,490,Joelinton Cássio Apolinário de Lira,MID,Newcastle,15,8,0,2026-04-12T13:00:00Z,83,1,0,0,0,1,0,2,0.6,2.1,0.0,0.3,0.0,0.01,0.01,1.71,1,59
2025-26,32,315,491,Sandro Tonali,MID,Newcastle,15,8,0,2026-04-12T13:00:00Z,90,2,0,0,0,2,0,13,7.8,15.2,0.0,2.3,0.0,0.05,0.05,2.5,1,53
2025-26,32,315,492,Antoñito Cordero Campillo,MID,Newcastle,15,8,0,2026-04-12T13:00:00Z,0,0,0,0,0,0,0,0,0.0,0.0,0.0,0.0,0.0,0.0,0.0,0.0,0,49
2025-26,32,317,493,Sean Longstaff,MID,Leeds,11,14,0,2026-04-13T19:00:00Z,4,1,0,0,0,0,0,3,0.4,2.1,0.0,0.3,0.0,0.0,0.0,0.02,0,48
2025-26,32,315,494,Joe Willock,MID,Newcastle,15,8,0,2026-04-12T13:00:00Z,0,0,0,0,0,0,0,0,0.0,0.0,0.0,0.0,0.0,0.0,0.0,0.0,0,50
2025-26,32,315,495,Isaac Hayden,MID,Newcastle,15,8,0,2026-04-12T13:00:00Z,0,0,0,0,0,0,0,0,0.0,0.0,0.0,0.0,0.0,0.0,0.0,0.0,0,45
2025-26,32,315,496,Garang Kuol,MID,Newcastle,15,8,0,2026-04-12T13:00:00Z,0,0,0,0,0,0,0,0,0.0,0.0,0.0,0.0,0.0,0.0,0.0,0.0,0,44
2025-26,32,315,497,Lewis Miley,MID,Newcastle,15,8,0,2026-04-12T13:00:00Z,90,6,0,1,0,2,1,25,22.0,17.7,0.0,4.0,0.0,0.01,0.01,2.56,1,44
2025-26,32,315,498,Joe White,MID,Newcastle,15,8,0,2026-04-12T13:00:00Z,0,0,0,0,0,0,0,0,0.0,0.0,0.0,0.0,0.0,0.0,0.0,0.0,0,45
2025-26,32,316,499,Alexander Isak,FWD,Liverpool,12,10,1,2026-04-11T16:30:00Z,21,1,0,0,0,0,0,1,8.0,1.1,0.0,0.9,0.0,0.0,0.0,0.45,0,103
2025-26,32,315,500,William Osula,FWD,Newcastle,15,8,0,2026-04-12T13:00:00Z,83,8,1,0,0,1,2,29,34.0,1.8,50.0,8.6,0.94,0.01,0.95,1.71,1,54
2025-26,32,315,501,Sean Neave,FWD,Newcastle,15,8,0,2026-04-12T13:00:00Z,0,0,0,0,0,0,0,0,0.0,0.0,0.0,0.0,0.0,0.0,0.0,0.0,0,43
2025-26,32,318,502,Matz Sels,GK,Nott'm Forest,16,2,1,2026-04-12T13:00:00Z,90,3,0,0,0,1,0,16,35.6,0.0,0.0,3.6,0.0,0.0,0.0,1.02,1,46
2025-26,32,318,503,Carlos Miguel dos Santos Pereira,GK,Nott'm Forest,16,2,1,2026-04-12T13:00:00Z,0,0,0,0,0,0,0,0,0.0,0.0,0.0,0.0,0.0,0.0,0.0,0.0,0,40
2025-26,32,318,504,Matt Turner,GK,Nott'm Forest,16,2,1,2026-04-12T13:00:00Z,0,0,0,0,0,0,0,0,0.0,0.0,0.0,0.0,0.0,0.0,0.0,0.0,0,40
2025-26,32,318,505,Nikola Milenković,DEF,Nott'm Forest,16,2,1,2026-04-12T13:00:00Z,90,2,0,0,0,1,0,10,12.6,0.7,0.0,1.3,0.0,0.0,0.0,1.02,1,51
2025-26,32,318,506,Murillo Costa dos Santos,DEF,Nott'm Forest,16,2,1,2026-04-12T13:00:00Z,90,-1,0,0,0,1,0,-4,3.6,1.7,7.0,1.2,0.13,0.01,0.14,1.02,1,52
2025-26,32,318,507,Ola Aina,DEF,Nott'm Forest,16,2,1,2026-04-12T13:00:00Z,88,2,0,0,0,1,0,20,19.6,26.2,2.0,4.8,0.0,0.13,0.13,1.02,1,47
2025-26,32,318,508,Neco Williams,DEF,Nott'm Forest,16,2,1,2026-04-12T13:00:00Z,90,11,1,0,0,1,3,27,56.4,31.1,32.0,12.0,0.12,0.29,0.41,1.02,1,47
2025-26,32,318,509,David Mota Veiga Teixeira do Carmo,DEF,Nott'm Forest,16,2,1,2026-04-12T13:00:00Z,0,0,0,0,0,0,0,0,0.0,0.0,0.0,0.0,0.0,0.0,0.0,0.0,0,45
2025-26,32,318,510,Jair Paula da Cunha Filho,DEF,Nott'm Forest,16,2,1,2026-04-12T13:00:00Z,0,0,0,0,0,0,0,0,0.0,0.0,0.0,0.0,0.0,0.0,0.0,0.0,0,42
2025-26,32,318,511,Felipe Rodrigues da Silva,DEF,Nott'm Forest,16,2,1,2026-04-12T13:00:00Z,0,0,0,0,0,0,0,0,0.0,0.0,0.0,0.0,0.0,0.0,0.0,0.0,0,43
2025-26,32,318,512,Omar Richards,DEF,Nott'm Forest,16,2,1,2026-04-12T13:00:00Z,0,0,0,0,0,0,0,0,0.0,0.0,0.0,0.0,0.0,0.0,0.0,0.0,0,45
2025-26,32,318,513,Zach Abbott,DEF,Nott'm Forest,16,2,1,2026-04-12T13:00:00Z,0,0,0,0,0,0,0,0,0.0,0.0,0.0,0.0,0.0,0.0,0.0,0.0,0,38
2025-26,32,318,514,Willy Boly,DEF,Nott'm Forest,16,2,1,2026-04-12T13:00:00Z,0,0,0,0,0,0,0,0,0.0,0.0,0.0,0.0,0.0,0.0,0.0,0.0,0,38
2025-26,32,318,515,Morgan Gibbs-White,MID,Nott'm Forest,16,2,1,2026-04-12T13:00:00Z,83,2,0,0,0,1,0,3,2.4,2.8,30.0,3.5,0.31,0.03,0.34,0.7,1,74
2025-26,32,318,516,Callum Hudson-Odoi,MID,Nott'm Forest,16,2,1,2026-04-12T13:00:00Z,90,7,0,1,0,1,2,23,32.0,57.5,24.0,11.4,0.08,0.3,0.38,1.02,1,57
2025-26,32,318,517,Elliot Anderson,MID,Nott'm Forest,16,2,1,2026-04-12T13:00:00Z,90,4,0,0,0,1,0,17,13.0,13.9,13.0,4.0,0.05,0.11,0.16,1.02,1,55
2025-26,32,318,518,João Pedro Ferreira da Silva,MID,Nott'm Forest,16,2,1,2026-04-12T13:00:00Z,0,0,0,0,0,0,0,0,0.0,0.0,0.0,0.0,0.0,0.0,0.0,0.0,0,54
2025-26,32,318,519,Nicolás Domínguez,MID,Nott'm Forest,16,2,1,2026-04-12T13:00:00Z,6,1,0,0,0,0,0,2,0.0,0.3,0.0,0.0,0.0,0.0,0.0,0.33,0,50
2025-26,32,318,520,Lewis O'Brien,MID,Nott'm Forest,16,2,1,2026-04-12T13:00:00Z,0,0,0,0,0,0,0,0,0.0,0.0,0.0,0.0,0.0,0.0,0.0,0.0,0,50
2025-26,32,318,521,Ibrahim Sangaré,MID,Nott'm Forest,16,2,1,2026-04-12T13:00:00Z,90,4,0,0,0,1,0,19,15.6,23.3,6.0,4.5,0.0,0.03,0.03,1.02,1,49
2025-26,32,318,522,Ryan Yates,MID,Nott'm Forest,16,2,1,2026-04-12T13:00:00Z,1,1,0,0,0,0,0,3,0.0,0.0,0.0,0.0,0.0,0.0,0.0,0.0,0,47
2025-26,32,318,523,Eric da Silva Moreira,MID,Nott'm Forest,16,2,1,2026-04-12T13:00:00Z,0,0,0,0,0,0,0,0,0.0,0.0,0.0,0.0,0.0,0.0,0.0,0.0,0,45
2025-26,32,318,524,Marko Stamenić,MID,Nott'm Forest,16,2,1,2026-04-12T13:00:00Z,0,0,0,0,0,0,0,0,0.0,0.0,0.0,0.0,0.0,0.0,0.0,0.0,0,45
2025-26,32,318,525,Chris Wood,FWD,Nott'm Forest,16,2,1,2026-04-12T13:00:00Z,25,1,0,0,0,0,0,1,0.0,1.8,9.0,0.9,0.17,0.01,0.18,0.72,0,71
2025-26,32,318,526,Igor Jesus Maciel da Cruz,FWD,Nott'm Forest,16,2,1,2026-04-12T13:00:00Z,88,2,0,0,0,1,0,7,0.0,12.3,12.0,2.4,0.29,0.09,0.38,1.02,1,58
2025-26,32,318,527,Taiwo Awoniyi,FWD,Nott'm Forest,16,2,1,2026-04-12T13:00:00Z,0,0,0,0,0,0,0,0,0.0,0.0,0.0,0.0,0.0,0.0,0.0,0.0,0,52
2025-26,32,319,528,Anthony Patterson,GK,Sunderland,17,18,1,2026-04-12T13:00:00Z,0,0,0,0,0,0,0,0,0.0,0.0,0.0,0.0,0.0,0.0,0.0,0.0,0,42
2025-26,32,319,529,Simon Moore,GK,Sunderland,17,18,1,2026-04-12T13:00:00Z,0,0,0,0,0,0,0,0,0.0,0.0,0.0,0.0,0.0,0.0,0.0,0.0,0,39
2025-26,32,319,530,Blondy Nna Noukeu,GK,Sunderland,17,18,1,2026-04-12T13:00:00Z,0,0,0,0,0,0,0,0,0.0,0.0,0.0,0.0,0.0,0.0,0.0,0.0,0,39
2025-26,32,319,531,Daniel Ballard,DEF,Sunderland,17,18,1,2026-04-12T13:00:00Z,0,0,0,0,0,0,0,0,0.0,0.0,0.0,0.0,0.0,0.0,0.0,0.0,0,47
2025-26,32,319,532,Trai Hume,DEF,Sunderland,17,18,1,2026-04-12T13:00:00Z,8,0,0,0,0,0,0,1,6.4,14.2,0.0,2.1,0.0,0.12,0.12,0.06,0,45
2025-26,32,319,533,Aji Alese,DEF,Sunderland,17,18,1,2026-04-12T13:00:00Z,0,0,0,0,0,0,0,0,0.0,0.0,0.0,0.0,0.0,0.0,0.0,0.0,0,40
2025-26,32,319,534,Joe Anderson,DEF,Sunderland,17,18,1,2026-04-12T13:00:00Z,0,0,0,0,0,0,0,0,0.0,0.0,0.0,0.0,0.0,0.0,0.0,0.0,0,38
2025-26,32,319,535,Dennis Cirkin,DEF,Sunderland,17,18,1,2026-04-12T13:00:00Z,0,0,0,0,0,0,0,0,0.0,0.0,0.0,0.0,0.0,0.0,0.0,0.0,0,40
2025-26,32,319,536,Leo Fuhr Hjelde,DEF,Sunderland,17,18,1,2026-04-12T13:00:00Z,0,0,0,0,0,0,0,0,0.0,0.0,0.0,0.0,0.0,0.0,0.0,0.0,0,40
2025-26,32,319,537,Niall Huggins,DEF,Sunderland,17,18,1,2026-04-12T13:00:00Z,0,0,0,0,0,0,0,0,0.0,0.0,0.0,0.0,0.0,0.0,0.0,0.0,0,40
2025-26,32,319,538,Zak Johnson,DEF,Sunderland,17,18,1,2026-04-12T13:00:00Z,0,0,0,0,0,0,0,0,0.0,0.0,0.0,0.0,0.0,0.0,0.0,0.0,0,38
2025-26,32,319,539,Luke O'Nien,DEF,Sunderland,17,18,1,2026-04-12T13:00:00Z,90,6,0,0,1,0,0,25,11.8,1.6,8.0,2.1,0.02,0.08,0.1,0.84,1,40
2025-26,32,319,540,Timothée Pembélé,DEF,Sunderland,17,18,1,2026-04-12T13:00:00Z,0,0,0,0,0,0,0,0,0.0,0.0,0.0,0.0,0.0,0.0,0.0,0.0,0,39
2025-26,32,319,541,Reinildo Mandava,DEF,Sunderland,17,18,1,2026-04-12T13:00:00Z,90,7,0,0,1,0,1,32,18.6,2.4,0.0,2.1,0.0,0.02,0.02,0.84,1,38
2025-26,32,319,542,Jenson Seelt,DEF,Sunderland,17,18,1,2026-04-12T13:00:00Z,0,0,0,0,0,0,0,0,0.0,0.0,0.0,0.0,0.0,0.0,0.0,0.0,0,40
2025-26,32,319,543,Simon Adingra,MID,Sunderland,17,18,1,2026-04-12T13:00:00Z,0,0,0,0,0,0,0,0,0.0,0.0,0.0,0.0,0.0,0.0,0.0,0.0,0,49
2025-26,32,319,544,Habib Diarra,MID,Sunderland,17,18,1,2026-04-12T13:00:00Z,90,6,0,1,1,0,0,16,16.4,26.8,11.0,5.4,0.04,0.03,0.07,0.84,1,53
2025-26,32,319,545,Patrick Roberts,MID,Sunderland,17,18,1,2026-04-12T13:00:00Z,0,0,0,0,0,0,0,0,0.0,0.0,0.0,0.0,0.0,0.0,0.0,0.0,0,54
2025-26,32,319,546,Milan Aleksić,MID,Sunderland,17,18,1,2026-04-12T13:00:00Z,0,0,0,0,0,0,0,0,0.0,0.0,0.0,0.0,0.0,0.0,0.0,0.0,0,49
2025-26,32,319,547,Enzo Le Fée,MID,Sunderland,17,18,1,2026-04-12T13:00:00Z,90,3,0,0,1,0,0,24,15.0,27.7,2.0,4.5,0.0,0.45,0.45,0.84,1,49
2025-26,32,319,548,Romaine Mundle,MID,Sunderland,17,18,1,2026-04-12T13:00:00Z,0,0,0,0,0,0,0,0,0.0,0.0,0.0,0.0,0.0,0.0,0.0,0.0,0,49
2025-26,32,319,549,Dan Neil,MID,Sunderland,17,18,1,2026-04-12T13:00:00Z,0,0,0,0,0,0,0,0,0.0,0.0,0.0,0.0,0.0,0.0,0.0,0.0,0,48
2025-26,32,319,550,Ian Poveda-Ocampo,MID,Sunderland,17,18,1,2026-04-12T13:00:00Z,0,0,0,0,0,0,0,0,0.0,0.0,0.0,0.0,0.0,0.0,0.0,0.0,0,47
2025-26,32,319,551,Chris Rigg,MID,Sunderland,17,18,1,2026-04-12T13:00:00Z,81,2,0,0,1,0,0,7,1.4,14.9,2.0,1.8,0.05,0.14,0.19,0.78,1,47
2025-26,32,319,552,Noah Sadiki,MID,Sunderland,17,18,1,2026-04-12T13:00:00Z,90,3,0,0,1,0,0,15,15.2,24.8,13.0,5.3,0.16,0.04,0.2,0.84,1,49
2025-26,32,319,553,Chemsdine Talbi,MID,Sunderland,17,18,1,2026-04-12T13:00:00Z,8,1,0,0,0,0,0,5,3.0,0.4,0.0,0.3,0.0,0.0,0.0,0.06,0,49
2025-26,32,319,554,Abdoullah Ba,MID,Sunderland,17,18,1,2026-04-12T13:00:00Z,0,0,0,0,0,0,0,0,0.0,0.0,0.0,0.0,0.0,0.0,0.0,0.0,0,43
2025-26,32,319,555,Alan Browne,MID,Sunderland,17,18,1,2026-04-12T13:00:00Z,0,0,0,0,0,0,0,0,0.0,0.0,0.0,0.0,0.0,0.0,0.0,0.0,0,45
2025-26,32,319,556,Pierre Ekwah Elimby,MID,Sunderland,17,18,1,2026-04-12T13:00:00Z,0,0,0,0,0,0,0,0,0.0,0.0,0.0,0.0,0.0,0.0,0.0,0.0,0,45
2025-26,32,319,557,Harrison Jones,MID,Sunderland,17,18,1,2026-04-12T13:00:00Z,0,0,0,0,0,0,0,0,0.0,0.0,0.0,0.0,0.0,0.0,0.0,0.0,0,43
2025-26,32,319,558,Jay Matete,MID,Sunderland,17,18,1,2026-04-12T13:00:00Z,0,0,0,0,0,0,0,0,0.0,0.0,0.0,0.0,0.0,0.0,0.0,0.0,0,43
2025-26,32,319,559,Nectarios Triantis,MID,Sunderland,17,18,1,2026-04-12T13:00:00Z,0,0,0,0,0,0,0,0,0.0,0.0,0.0,0.0,0.0,0.0,0.0,0.0,0,44
2025-26,32,319,560,Wilson Isidor,FWD,Sunderland,17,18,1,2026-04-12T13:00:00Z,1,1,0,0,0,0,0,3,0.0,0.0,0.0,0.0,0.0,0.0,0.0,0.0,0,50
2025-26,32,319,561,Eliezer Mayenda Dossou,FWD,Sunderland,17,18,1,2026-04-12T13:00:00Z,0,0,0,0,0,0,0,0,0.0,0.0,0.0,0.0,0.0,0.0,0.0,0.0,0,52
2025-26,32,319,562,Ahmed Abdullahi,FWD,Sunderland,17,18,1,2026-04-12T13:00:00Z,0,0,0,0,0,0,0,0,0.0,0.0,0.0,0.0,0.0,0.0,0.0,0.0,0,42
2025-26,32,319,563,Luís Hemir Silva Semedo,FWD,Sunderland,17,18,1,2026-04-12T13:00:00Z,0,0,0,0,0,0,0,0,0.0,0.0,0.0,0.0,0.0,0.0,0.0,0.0,0,44
2025-26,32,319,564,Nazarii Rusyn,FWD,Sunderland,17,18,1,2026-04-12T13:00:00Z,0,0,0,0,0,0,0,0,0.0,0.0,0.0,0.0,0.0,0.0,0.0,0.0,0,44
2025-26,32,319,565,Guglielmo Vicario,GK,Spurs,18,17,0,2026-04-12T13:00:00Z,0,0,0,0,0,0,0,0,0.0,0.0,0.0,0.0,0.0,0.0,0.0,0.0,0,47
2025-26,32,319,566,Brandon Austin,GK,Spurs,18,17,0,2026-04-12T13:00:00Z,0,0,0,0,0,0,0,0,0.0,0.0,0.0,0.0,0.0,0.0,0.0,0.0,0,39
2025-26,32,319,567,Antonín Kinský,GK,Spurs,18,17,0,2026-04-12T13:00:00Z,90,2,0,0,0,1,0,9,13.2,0.0,0.0,1.3,0.0,0.0,0.0,1.33,1,39
2025-26,32,319,568,Pedro Porro Sauceda,DEF,Spurs,18,17,0,2026-04-12T13:00:00Z,90,1,0,0,0,1,0,15,28.6,47.5,41.0,11.7,0.1,0.16,0.26,1.33,1,51
2025-26,32,319,569,Cristian Romero,DEF,Spurs,18,17,0,2026-04-12T13:00:00Z,69,1,0,0,0,1,0,11,12.2,10.4,9.0,3.2,0.04,0.01,0.05,1.07,1,50
2025-26,32,319,570,Kevin Danso,DEF,Spurs,18,17,0,2026-04-12T13:00:00Z,20,1,0,0,0,0,0,4,10.2,0.7,2.0,1.3,0.0,0.01,0.01,0.26,0,42
2025-26,32,319,571,Ben Davies,DEF,Spurs,18,17,0,2026-04-12T13:00:00Z,0,0,0,0,0,0,0,0,0.0,0.0,0.0,0.0,0.0,0.0,0.0,0.0,0,43
2025-26,32,319,572,Radu Drăgușin,DEF,Spurs,18,17,0,2026-04-12T13:00:00Z,0,0,0,0,0,0,0,0,0.0,0.0,0.0,0.0,0.0,0.0,0.0,0.0,0,45
2025-26,32,319,573,Djed Spence,DEF,Spurs,18,17,0,2026-04-12T13:00:00Z,0,0,0,0,0,0,0,0,0.0,0.0,0.0,0.0,0.0,0.0,0.0,0.0,0,42
2025-26,32,319,574,Destiny Udogie,DEF,Spurs,18,17,0,2026-04-12T13:00:00Z,90,2,0,0,0,1,0,12,11.8,18.4,2.0,3.2,0.0,0.04,0.04,1.33,1,43
2025-26,32,319,575,Micky van de Ven,DEF,Spurs,18,17,0,2026-04-12T13:00:00Z,90,1,0,0,0,1,0,10,20.8,0.2,0.0,2.1,0.0,0.0,0.0,1.33,1,44
2025-26,32,319,576,Ashley Phillips,DEF,Spurs,18,17,0,2026-04-12T13:00:00Z,0,0,0,0,0,0,0,0,0.0,0.0,0.0,0.0,0.0,0.0,0.0,0.0,0,40
2025-26,32,319,577,Takai Kōta,DEF,Spurs,18,17,0,2026-04-12T13:00:00Z,0,0,0,0,0,0,0,0,0.0,0.0,0.0,0.0,0.0,0.0,0.0,0.0,0,40
2025-26,32,319,578,Luka Vušković,DEF,Spurs,18,17,0,2026-04-12T13:00:00Z,0,0,0,0,0,0,0,0,0.0,0.0,0.0,0.0,0.0,0.0,0.0,0.0,0,39
2025-26,32,319,579,Son Heung-min,MID,Spurs,18,17,0,2026-04-12T13:00:00Z,0,0,0,0,0,0,0,0,0.0,0.0,0.0,0.0,0.0,0.0,0.0,0.0,0,85
2025-26,32,315,580,Brennan Johnson,MID,Crystal Palace,8,15,1,2026-04-12T13:00:00Z,63,2,0,0,0,1,0,9,6.4,11.6,2.0,2.0,0.0,0.01,0.01,1.12,1,65
2025-26,32,319,581,James Maddison,MID,Spurs,18,17,0,2026-04-12T13:00:00Z,0,0,0,0,0,0,0,0,0.0,0.0,0.0,0.0,0.0,0.0,0.0,0.0,0,68
2025-26,32,319,582,Mohammed Kudus,MID,Spurs,18,17,0,2026-04-12T13:00:00Z,0,0,0,0,0,0,0,0,0.0,0.0,0.0,0.0,0.0,0.0,0.0,0.0,0,64
2025-26,32,319,583,Dejan Kulusevski,MID,Spurs,18,17,0,2026-04-12T13:00:00Z,0,0,0,0,0,0,0,0,0.0,0.0,0.0,0.0,0.0,0.0,0.0,0.0,0,64
2025-26,32,319,584,Mathys Tel,MID,Spurs,18,17,0,2026-04-12T13:00:00Z,29,1,0,0,0,0,0,1,4.6,14.6,4.0,2.3,0.0,0.08,0.08,0.26,0,62
2025-26,32,319,585,Rodrigo Bentancur,MID,Spurs,18,17,0,2026-04-12T13:00:00Z,0,0,0,0,0,0,0,0,0.0,0.0,0.0,0.0,0.0,0.0,0.0,0.0,0,52
2025-26,32,319,586,Lucas Bergvall,MID,Spurs,18,17,0,2026-04-12T13:00:00Z,60,2,0,0,0,1,0,-2,0.0,3.7,2.0,0.2,0.0,0.03,0.03,1.07,1,52
2025-26,32,319,587,Yves Bissouma,MID,Spurs,18,17,0,2026-04-12T13:00:00Z,0,0,0,0,0,0,0,0,0.0,0.0,0.0,0.0,0.0,0.0,0.0,0.0,0,52
2025-26,32,319,588,Wilson Odobert,MID,Spurs,18,17,0,2026-04-12T13:00:00Z,0,0,0,0,0,0,0,0,0.0,0.0,0.0,0.0,0.0,0.0,0.0,0.0,0,53
2025-26,32,319,589,Manor Solomon,MID,Spurs,18,17,0,2026-04-12T13:00:00Z,0,0,0,0,0,0,0,0,0.0,0.0,0.0,0.0,0.0,0.0,0.0,0.0,0,54
2025-26,32,319,590,Bryan Gil Salvatierra,MID,Spurs,18,17,0,2026-04-12T13:00:00Z,0,0,0,0,0,0,0,0,0.0,0.0,0.0,0.0,0.0,0.0,0.0,0.0,0,49
2025-26,32,319,591,Archie Gray,MID,Spurs,18,17,0,2026-04-12T13:00:00Z,60,2,0,0,0,1,0,7,3.6,0.8,0.0,0.4,0.0,0.0,0.0,1.07,1,48
2025-26,32,319,592,Mikey Moore,MID,Spurs,18,17,0,2026-04-12T13:00:00Z,0,0,0,0,0,0,0,0,0.0,0.0,0.0,0.0,0.0,0.0,0.0,0.0,0,50
2025-26,32,319,593,Pape Matar Sarr,MID,Spurs,18,17,0,2026-04-12T13:00:00Z,29,1,0,0,0,0,0,4,3.4,0.9,0.0,0.4,0.0,0.01,0.01,0.26,0,45
2025-26,32,319,594,Yang Min-hyeok,MID,Spurs,18,17,0,2026-04-12T13:00:00Z,0,0,0,0,0,0,0,0,0.0,0.0,0.0,0.0,0.0,0.0,0.0,0.0,0,45
2025-26,32,319,595,Callum Olusesi,MID,Spurs,18,17,0,2026-04-12T13:00:00Z,0,0,0,0,0,0,0,0,0.0,0.0,0.0,0.0,0.0,0.0,0.0,0.0,0,43
2025-26,32,319,596,Dominic Solanke-Mitchell,FWD,Spurs,18,17,0,2026-04-12T13:00:00Z,90,2,0,0,0,1,0,6,5.0,1.2,65.0,7.1,0.56,0.0,0.56,1.33,1,72
2025-26,32,319,597,Richarlison de Andrade,FWD,Spurs,18,17,0,2026-04-12T13:00:00Z,60,2,0,0,0,1,0,11,14.0,3.6,44.0,6.2,0.14,0.03,0.17,1.07,1,63
2025-26,32,319,598,Will Lankshear,FWD,Spurs,18,17,0,2026-04-12T13:00:00Z,0,0,0,0,0,0,0,0,0.0,0.0,0.0,0.0,0.0,0.0,0.0,0.0,0,45
2025-26,32,319,599,Dane Scarlett,FWD,Spurs,18,17,0,2026-04-12T13:00:00Z,0,0,0,0,0,0,0,0,0.0,0.0,0.0,0.0,0.0,0.0,0.0,0.0,0,43
2025-26,32,320,600,Alphonse Areola,GK,West Ham,19,20,1,2026-04-10T19:00:00Z,0,0,0,0,0,0,0,0,0.0,0.0,0.0,0.0,0.0,0.0,0.0,0.0,0,43
2025-26,32,320,601,Wes Foderingham,GK,West Ham,19,20,1,2026-04-10T19:00:00Z,0,0,0,0,0,0,0,0,0.0,0.0,0.0,0.0,0.0,0.0,0.0,0.0,0,40
2025-26,32,320,602,Krisztián Hegyi,GK,West Ham,19,20,1,2026-04-10T19:00:00Z,0,0,0,0,0,0,0,0,0.0,0.0,0.0,0.0,0.0,0.0,0.0,0.0,0,39
2025-26,32,320,603,El Hadji Malick Diouf,DEF,West Ham,19,20,1,2026-04-10T19:00:00Z,90,6,0,0,1,0,0,23,15.4,33.6,3.0,5.2,0.03,0.05,0.08,0.59,1,41
2025-26,32,320,604,Emerson Palmieri dos Santos,DEF,West Ham,19,20,1,2026-04-10T19:00:00Z,0,0,0,0,0,0,0,0,0.0,0.0,0.0,0.0,0.0,0.0,0.0,0.0,0,44
2025-26,32,320,605,Maximilian Kilman,DEF,West Ham,19,20,1,2026-04-10T19:00:00Z,0,0,0,0,0,0,0,0,0.0,0.0,0.0,0.0,0.0,0.0,0.0,0.0,0,41
2025-26,32,320,606,Konstantinos Mavropanos,DEF,West Ham,19,20,1,2026-04-10T19:00:00Z,90,21,2,0,1,0,3,59,87.0,10.7,52.0,15.0,0.35,0.05,0.4,0.59,1,44
2025-26,32,320,607,Nayef Aguerd,DEF,West Ham,19,20,1,2026-04-10T19:00:00Z,0,0,0,0,0,0,0,0,0.0,0.0,0.0,0.0,0.0,0.0,0.0,0.0,0,44
2025-26,32,320,608,Ollie Scarles,DEF,West Ham,19,20,1,2026-04-10T19:00:00Z,0,0,0,0,0,0,0,0,0.0,0.0,0.0,0.0,0.0,0.0,0.0,0.0,0,43
2025-26,32,320,609,Jean-Clair Todibo,DEF,West Ham,19,20,1,2026-04-10T19:00:00Z,0,0,0,0,0,0,0,0,0.0,0.0,0.0,0.0,0.0,0.0,0.0,0.0,0,43
2025-26,32,320,610,Aaron Wan-Bissaka,DEF,West Ham,19,20,1,2026-04-10T19:00:00Z,0,0,0,0,0,0,0,0,0.0,0.0,0.0,0.0,0.0,0.0,0.0,0.0,0,41
2025-26,32,320,611,Kaelan Casey,DEF,West Ham,19,20,1,2026-04-10T19:00:00Z,0,0,0,0,0,0,0,0,0.0,0.0,0.0,0.0,0.0,0.0,0.0,0.0,0,40
2025-26,32,320,612,Lucas Tolentino Coelho de Lima,MID,West Ham,19,20,1,2026-04-10T19:00:00Z,0,0,0,0,0,0,0,0,0.0,0.0,0.0,0.0,0.0,0.0,0.0,0.0,0,59
2025-26,32,320,613,Tomáš Souček,MID,West Ham,19,20,1,2026-04-10T19:00:00Z,90,3,0,0,1,0,0,14,13.6,6.0,9.0,2.9,0.04,0.01,0.05,0.59,1,57
2025-26,32,313,614,James Ward-Prowse,MID,Burnley,3,6,1,2026-04-11T14:00:00Z,90,4,0,0,0,2,0,21,25.2,62.8,0.0,8.8,0.0,0.4,0.4,1.93,1,56
2025-26,32,320,615,Crysencio Summerville,MID,West Ham,19,20,1,2026-04-10T19:00:00Z,77,3,0,0,1,0,0,-3,0.0,12.0,15.0,2.4,0.41,0.01,0.42,0.46,1,55
2025-26,32,320,616,Edson Álvarez Velázquez,MID,West Ham,19,20,1,2026-04-10T19:00:00Z,0,0,0,0,0,0,0,0,0.0,0.0,0.0,0.0,0.0,0.0,0.0,0.0,0,49
2025-26,32,320,617,Maxwel Cornet,MID,West Ham,19,20,1,2026-04-10T19:00:00Z,0,0,0,0,0,0,0,0,0.0,0.0,0.0,0.0,0.0,0.0,0.0,0.0,0,49
2025-26,32,320,618,Guido Rodríguez,MID,West Ham,19,20,1,2026-04-10T19:00:00Z,0,0,0,0,0,0,0,0,0.0,0.0,0.0,0.0,0.0,0.0,0.0,0.0,0,48
2025-26,32,320,619,Luis Guilherme Lira dos Santos,MID,West Ham,19,20,1,2026-04-10T19:00:00Z,0,0,0,0,0,0,0,0,0.0,0.0,0.0,0.0,0.0,0.0,0.0,0.0,0,49
2025-26,32,320,620,George Earthy,MID,West Ham,19,20,1,2026-04-10T19:00:00Z,0,0,0,0,0,0,0,0,0.0,0.0,0.0,0.0,0.0,0.0,0.0,0.0,0,45
2025-26,32,320,621,Andy Irving,MID,West Ham,19,20,1,2026-04-10T19:00:00Z,0,0,0,0,0,0,0,0,0.0,0.0,0.0,0.0,0.0,0.0,0.0,0.0,0,43
2025-26,32,320,622,Lewis Orford,MID,West Ham,19,20,1,2026-04-10T19:00:00Z,0,0,0,0,0,0,0,0,0.0,0.0,0.0,0.0,0.0,0.0,0.0,0.0,0,44
2025-26,32,320,623,Freddie Potts,MID,West Ham,19,20,1,2026-04-10T19:00:00Z,12,1,0,0,0,0,0,3,0.4,0.1,0.0,0.1,0.0,0.0,0.0,0.12,0,44
2025-26,32,320,624,Jarrod Bowen,FWD,West Ham,19,20,1,2026-04-10T19:00:00Z,90,14,0,3,1,0,1,46,51.4,37.1,28.0,11.7,0.34,0.11,0.45,0.59,1,76
2025-26,32,320,625,Niclas Füllkrug,FWD,West Ham,19,20,1,2026-04-10T19:00:00Z,0,0,0,0,0,0,0,0,0.0,0.0,0.0,0.0,0.0,0.0,0.0,0.0,0,56
2025-26,32,320,626,Callum Marshall,FWD,West Ham,19,20,1,2026-04-10T19:00:00Z,0,0,0,0,0,0,0,0,0.0,0.0,0.0,0.0,0.0,0.0,0.0,0.0,0,43
2025-26,32,320,627,Sam Johnstone,GK,Wolves,20,19,0,2026-04-10T19:00:00Z,0,0,0,0,0,0,0,0,0.0,0.0,0.0,0.0,0.0,0.0,0.0,0.0,0,44
2025-26,32,320,628,José Malheiro de Sá,GK,Wolves,20,19,0,2026-04-10T19:00:00Z,90,1,0,0,0,4,0,2,23.4,0.0,0.0,2.3,0.0,0.0,0.0,2.35,1,42
2025-26,32,320,629,Daniel Bentley,GK,Wolves,20,19,0,2026-04-10T19:00:00Z,0,0,0,0,0,0,0,0,0.0,0.0,0.0,0.0,0.0,0.0,0.0,0.0,0,39
2025-26,32,312,630,Tom King,GK,Everton,9,5,0,2026-04-11T14:00:00Z,0,0,0,0,0,0,0,0,0.0,0.0,0.0,0.0,0.0,0.0,0.0,0.0,0,39
2025-26,32,320,631,Emmanuel Agbadou,DEF,Wolves,20,19,0,2026-04-10T19:00:00Z,0,0,0,0,0,0,0,0,0.0,0.0,0.0,0.0,0.0,0.0,0.0,0.0,0,42
2025-26,32,320,632,Matt Doherty,DEF,Wolves,20,19,0,2026-04-10T19:00:00Z,0,0,0,0,0,0,0,0,0.0,0.0,0.0,0.0,0.0,0.0,0.0,0.0,0,44
2025-26,32,320,633,Hugo Bueno López,DEF,Wolves,20,19,0,2026-04-10T19:00:00Z,90,0,0,0,0,4,0,1,18.8,17.2,12.0,4.8,0.05,0.02,0.07,2.35,1,43
2025-26,32,320,634,Yerson Mosquera Valdelamar,DEF,Wolves,20,19,0,2026-04-10T19:00:00Z,70,0,0,0,0,3,0,-1,9.8,10.8,10.0,3.1,0.08,0.06,0.14,1.66,1,43
2025-26,32,320,635,Rodrigo Martins Gomes,DEF,Wolves,20,19,0,2026-04-10T19:00:00Z,29,0,0,0,0,3,0,-9,2.4,2.3,2.0,0.7,0.0,0.0,0.0,1.3,0,44
2025-26,32,320,636,Santiago Ignacio Bueno,DEF,Wolves,20,19,0,2026-04-10T19:00:00Z,90,0,0,0,0,4,0,-3,19.4,0.4,0.0,2.0,0.0,0.0,0.0,2.35,1,44
2025-26,32,320,637,Toti Gomes,DEF,Wolves,20,19,0,2026-04-10T19:00:00Z,0,0,0,0,0,0,0,0,0.0,0.0,0.0,0.0,0.0,0.0,0.0,0.0,0,42
2025-26,32,320,638,Ki-Jana Hoever,DEF,Wolves,20,19,0,2026-04-10T19:00:00Z,0,0,0,0,0,0,0,0,0.0,0.0,0.0,0.0,0.0,0.0,0.0,0.0,0,38
2025-26,32,320,639,Bastien Meupiyou Menadjou,DEF,Wolves,20,19,0,2026-04-10T19:00:00Z,0,0,0,0,0,0,0,0,0.0,0.0,0.0,0.0,0.0,0.0,0.0,0.0,0,40
2025-26,32,320,640,Pedro Cardoso de Lima,DEF,Wolves,20,19,0,2026-04-10T19:00:00Z,0,0,0,0,0,0,0,0,0.0,0.0,0.0,0.0,0.0,0.0,0.0,0.0,0,40
2025-26,32,320,641,Alfie Pond,DEF,Wolves,20,19,0,2026-04-10T19:00:00Z,0,0,0,0,0,0,0,0,0.0,0.0,0.0,0.0,0.0,0.0,0.0,0.0,0,39
2025-26,32,320,642,Hwang Hee-chan,MID,Wolves,20,19,0,2026-04-10T19:00:00Z,19,1,0,0,0,1,0,3,0.0,1.5,4.0,0.4,0.04,0.01,0.05,0.69,0,56
2025-26,32,320,643,André Trindade da Costa Neto,MID,Wolves,20,19,0,2026-04-10T19:00:00Z,90,4,0,0,0,4,0,19,17.4,17.0,1.0,3.5,0.02,0.06,0.08,2.35,1,52
2025-26,32,320,644,Jean-Ricner Bellegarde,MID,Wolves,20,19,0,2026-04-10T19:00:00Z,60,1,0,0,0,1,0,3,3.8,1.2,3.0,0.8,0.01,0.01,0.02,1.05,1,51
2025-26,32,320,645,Fer López González,MID,Wolves,20,19,0,2026-04-10T19:00:00Z,0,0,0,0,0,0,0,0,0.0,0.0,0.0,0.0,0.0,0.0,0.0,0.0,0,51
2025-26,32,320,646,João Victor Gomes da Silva,MID,Wolves,20,19,0,2026-04-10T19:00:00Z,84,2,0,0,0,4,0,13,5.0,4.8,7.0,1.7,0.04,0.02,0.06,2.35,1,53
2025-26,32,320,647,Gonçalo Manuel Ganchinho Guedes,MID,Wolves,20,19,0,2026-04-10T19:00:00Z,0,0,0,0,0,0,0,0,0.0,0.0,0.0,0.0,0.0,0.0,0.0,0.0,0,55
2025-26,32,320,648,Marshall Munetsi,MID,Wolves,20,19,0,2026-04-10T19:00:00Z,0,0,0,0,0,0,0,0,0.0,0.0,0.0,0.0,0.0,0.0,0.0,0.0,0,53
2025-26,32,320,649,Boubacar Traoré,MID,Wolves,20,19,0,2026-04-10T19:00:00Z,0,0,0,0,0,0,0,0,0.0,0.0,0.0,0.0,0.0,0.0,0.0,0.0,0,50
2025-26,32,320,650,Tawanda Chirewa,MID,Wolves,20,19,0,2026-04-10T19:00:00Z,0,0,0,0,0,0,0,0,0.0,0.0,0.0,0.0,0.0,0.0,0.0,0.0,0,43
2025-26,32,320,651,Tom Edozie,MID,Wolves,20,19,0,2026-04-10T19:00:00Z,5,1,0,0,0,0,0,2,0.0,0.3,6.0,0.6,0.06,0.0,0.06,0.0,0,43
2025-26,32,320,652,Enso González Medina,MID,Wolves,20,19,0,2026-04-10T19:00:00Z,0,0,0,0,0,0,0,0,0.0,0.0,0.0,0.0,0.0,0.0,0.0,0.0,0,43
2025-26,32,320,653,Joe Hodge,MID,Wolves,20,19,0,2026-04-10T19:00:00Z,0,0,0,0,0,0,0,0,0.0,0.0,0.0,0.0,0.0,0.0,0.0,0.0,0,45
2025-26,32,315,654,Jørgen Strand Larsen,FWD,Crystal Palace,8,15,1,2026-04-12T13:00:00Z,64,2,0,0,0,1,0,7,1.2,5.2,4.0,1.0,0.02,0.02,0.04,1.12,1,60
2025-26,32,320,655,Fábio Soares Silva,FWD,Wolves,20,19,0,2026-04-10T19:00:00Z,0,0,0,0,0,0,0,0,0.0,0.0,0.0,0.0,0.0,0.0,0.0,0.0,0,49
2025-26,32,320,656,Saša Kalajdžić,FWD,Wolves,20,19,0,2026-04-10T19:00:00Z,0,0,0,0,0,0,0,0,0.0,0.0,0.0,0.0,0.0,0.0,0.0,0.0,0,49
2025-26,32,320,657,Leon Chiwome,FWD,Wolves,20,19,0,2026-04-10T19:00:00Z,0,0,0,0,0,0,0,0,0.0,0.0,0.0,0.0,0.0,0.0,0.0,0.0,0,44
2025-26,32,320,658,Nathan Fraser,FWD,Wolves,20,19,0,2026-04-10T19:00:00Z,0,0,0,0,0,0,0,0,0.0,0.0,0.0,0.0,0.0,0.0,0.0,0.0,0,42
2025-26,32,320,659,Kyle Walker-Peters,DEF,West Ham,19,20,1,2026-04-10T19:00:00Z,90,6,0,0,1,0,0,40,26.2,26.9,4.0,5.7,0.0,0.08,0.08,0.59,1,42
2025-26,32,317,660,Anton Stach,MID,Leeds,11,14,0,2026-04-13T19:00:00Z,0,0,0,0,0,0,0,0,0.0,0.0,0.0,0.0,0.0,0.0,0.0,0.0,0,48
2025-26,32,316,661,Hugo Ekitiké,FWD,Liverpool,12,10,1,2026-04-11T16:30:00Z,0,0,0,0,0,0,0,0,0.0,0.0,0.0,0.0,0.0,0.0,0.0,0.0,0,93
2025-26,32,311,662,Cristhian Mosquera,DEF,Arsenal,1,4,1,2026-04-11T11:30:00Z,14,1,0,0,0,0,0,3,3.0,0.9,0.0,0.4,0.0,0.01,0.01,0.01,0,53
2025-26,32,320,663,Jhon Arias,MID,Wolves,20,19,0,2026-04-10T19:00:00Z,0,0,0,0,0,0,0,0,0.0,0.0,0.0,0.0,0.0,0.0,0.0,0.0,0,49
2025-26,32,316,664,Benjamin Lecomte,GK,Fulham,10,12,0,2026-04-11T16:30:00Z,0,0,0,0,0,0,0,0,0.0,0.0,0.0,0.0,0.0,0.0,0.0,0.0,0,39
2025-26,32,317,665,Lucas Estella Perri,GK,Leeds,11,14,0,2026-04-13T19:00:00Z,0,0,0,0,0,0,0,0,0.0,0.0,0.0,0.0,0.0,0.0,0.0,0.0,0,44
2025-26,32,311,666,Viktor Gyökeres,FWD,Arsenal,1,4,1,2026-04-11T11:30:00Z,90,5,1,0,0,2,0,6,26.2,3.1,36.0,6.5,1.02,0.01,1.03,1.19,1,88
2025-26,32,312,667,Adam Aznou,DEF,Everton,9,5,0,2026-04-11T14:00:00Z,0,0,0,0,0,0,0,0,0.0,0.0,0.0,0.0,0.0,0.0,0.0,0.0,0,42
2025-26,32,319,668,Granit Xhaka,MID,Sunderland,17,18,1,2026-04-12T13:00:00Z,90,5,0,0,1,0,0,21,15.6,11.5,5.0,3.2,0.13,0.09,0.22,0.84,1,51
2025-26,32,318,669,Dan Ndoye,MID,Nott'm Forest,16,2,1,2026-04-12T13:00:00Z,1,1,0,0,0,0,0,3,1.0,0.0,0.0,0.1,0.0,0.0,0.0,0.0,0,55
2025-26,32,319,670,Robin Roefs,GK,Sunderland,17,18,1,2026-04-12T13:00:00Z,90,11,0,0,1,0,3,42,55.4,0.0,0.0,5.5,0.0,0.0,0.0,0.84,1,48
2025-26,32,320,671,Callum Wilson,FWD,West Ham,19,20,1,2026-04-10T19:00:00Z,8,1,0,0,0,0,0,3,1.0,0.1,0.0,0.1,0.0,0.0,0.0,0.12,0,58
2025-26,32,314,672,Jorrel Hato,DEF,Chelsea,7,13,1,2026-04-12T15:30:00Z,90,1,0,0,0,3,0,7,22.0,1.2,2.0,2.5,0.0,0.01,0.01,2.29,1,46
2025-26,32,319,673,João Maria Lobo Alves Palhares Costa Palhinha Gonçalves,MID,Spurs,18,17,0,2026-04-12T13:00:00Z,29,1,0,0,0,0,0,2,3.4,0.4,0.0,0.4,0.0,0.0,0.0,0.26,0,55
2025-26,32,315,674,Aaron Ramsdale,GK,Newcastle,15,8,0,2026-04-12T13:00:00Z,90,1,0,0,0,2,0,8,22.6,0.0,0.0,2.3,0.0,0.0,0.0,2.56,1,48
2025-26,32,318,675,Angus Gunn,GK,Nott'm Forest,16,2,1,2026-04-12T13:00:00Z,0,0,0,0,0,0,0,0,0.0,0.0,0.0,0.0,0.0,0.0,0.0,0.0,0,40
2025-26,32,313,676,Lesley Ugochukwu,MID,Burnley,3,6,1,2026-04-11T14:00:00Z,66,2,0,0,0,1,0,5,0.6,2.3,4.0,0.7,0.05,0.0,0.05,1.81,1,50
2025-26,32,315,677,Evann Guessand,MID,Crystal Palace,8,15,1,2026-04-12T13:00:00Z,0,0,0,0,0,0,0,0,0.0,0.0,0.0,0.0,0.0,0.0,0.0,0.0,0,62
2025-26,32,319,678,Arthur Masuaku,DEF,Sunderland,17,18,1,2026-04-12T13:00:00Z,0,0,0,0,0,0,0,0,0.0,0.0,0.0,0.0,0.0,0.0,0.0,0.0,0,39
2025-26,32,320,679,Mads Hermansen,GK,West Ham,19,20,1,2026-04-10T19:00:00Z,90,7,0,0,1,0,0,27,24.6,0.0,0.0,2.5,0.0,0.0,0.0,0.59,1,42
2025-26,32,313,680,Armando Broja,FWD,Burnley,3,6,1,2026-04-11T14:00:00Z,8,1,0,0,0,1,0,2,1.0,0.6,0.0,0.2,0.0,0.0,0.0,0.13,0,52
2025-26,32,317,681,Benjamin Sesko,FWD,Man Utd,14,11,1,2026-04-13T19:00:00Z,90,2,0,0,0,2,0,10,10.4,2.3,44.0,5.7,0.31,0.01,0.32,2.37,1,74
2025-26,32,320,682,David Møller Wolfe,DEF,Wolves,20,19,0,2026-04-10T19:00:00Z,0,0,0,0,0,0,0,0,0.0,0.0,0.0,0.0,0.0,0.0,0.0,0.0,0,42
2025-26,32,319,683,Omar Alderete,DEF,Sunderland,17,18,1,2026-04-12T13:00:00Z,90,8,0,0,1,0,0,29,22.4,0.8,0.0,2.3,0.0,0.0,0.0,0.84,1,41
2025-26,32,315,684,Malick Thiaw,DEF,Newcastle,15,8,0,2026-04-12T13:00:00Z,90,2,0,0,0,2,0,7,16.8,1.5,2.0,2.0,0.0,0.02,0.02,2.56,1,51
2025-26,32,311,685,Bafodé Diakité,DEF,Bournemouth,4,1,0,2026-04-11T11:30:00Z,0,0,0,0,0,0,0,0,0.0,0.0,0.0,0.0,0.0,0.0,0.0,0.0,0,41
2025-26,32,316,686,Rio Ngumoha,MID,Liverpool,12,10,1,2026-04-11T16:30:00Z,68,11,1,0,1,0,3,39,49.4,31.8,42.0,12.3,0.12,0.43,0.55,0.58,1,43
2025-26,32,311,687,Remy Rees-Dottin,MID,Bournemouth,4,1,0,2026-04-11T11:30:00Z,0,0,0,0,0,0,0,0,0.0,0.0,0.0,0.0,0.0,0.0,0.0,0.0,0,43
2025-26,32,318,688,James Wright,GK,Aston Villa,2,16,0,2026-04-12T13:00:00Z,0,0,0,0,0,0,0,0,0.0,0.0,0.0,0.0,0.0,0.0,0.0,0.0,0,39
2025-26,32,315,689,Seung-Soo Park,MID,Newcastle,15,8,0,2026-04-12T13:00:00Z,0,0,0,0,0,0,0,0,0.0,0.0,0.0,0.0,0.0,0.0,0.0,0.0,0,43
2025-26,32,315,690,Rio Cardines,MID,Crystal Palace,8,15,1,2026-04-12T13:00:00Z,0,0,0,0,0,0,0,0,0.0,0.0,0.0,0.0,0.0,0.0,0.0,0.0,0,44
2025-26,32,317,691,Dominic Calvert-Lewin,FWD,Leeds,11,14,0,2026-04-13T19:00:00Z,90,2,0,0,0,1,0,4,7.2,7.1,71.0,8.5,1.31,0.02,1.33,1.31,1,56
2025-26,32,316,692,Giovanni Leoni,DEF,Liverpool,12,10,1,2026-04-11T16:30:00Z,0,0,0,0,0,0,0,0,0.0,0.0,0.0,0.0,0.0,0.0,0.0,0.0,0,49
2025-26,32,318,693,Omari Hutchinson,MID,Nott'm Forest,16,2,1,2026-04-12T13:00:00Z,64,1,0,0,0,1,0,3,1.0,1.8,4.0,0.7,0.0,0.01,0.01,0.3,1,54
2025-26,32,319,694,Nordi Mukiele,DEF,Sunderland,17,18,1,2026-04-12T13:00:00Z,81,14,1,0,1,0,2,35,45.4,9.8,25.0,8.0,0.26,0.06,0.32,0.78,1,45
2025-26,32,320,695,Jackson Tchatchoua,DEF,Wolves,20,19,0,2026-04-10T19:00:00Z,90,0,0,0,0,4,0,-2,13.4,27.2,6.0,4.7,0.0,0.1,0.1,2.35,1,44
2025-26,32,318,696,Arnaud Kalimuendo,FWD,Nott'm Forest,16,2,1,2026-04-12T13:00:00Z,0,0,0,0,0,0,0,0,0.0,0.0,0.0,0.0,0.0,0.0,0.0,0.0,0,60
2025-26,32,311,697,Amine Adli,MID,Bournemouth,4,1,0,2026-04-11T11:30:00Z,0,0,0,0,0,0,0,0,0.0,0.0,0.0,0.0,0.0,0.0,0.0,0.0,0,54
2025-26,32,317,698,Noah Okafor,MID,Leeds,11,14,0,2026-04-13T19:00:00Z,73,15,2,0,0,1,3,46,73.2,2.1,28.0,10.3,0.15,0.04,0.19,0.67,1,55
2025-26,32,318,699,Douglas Luiz Soares de Paulo,MID,Aston Villa,2,16,0,2026-04-12T13:00:00Z,13,1,0,0,0,0,0,4,3.0,1.5,0.0,0.5,0.0,0.0,0.0,0.0,0,49
2025-26,32,311,700,Max Dowman,MID,Arsenal,1,4,1,2026-04-11T11:30:00Z,36,1,0,0,0,1,0,4,3.0,15.1,10.0,2.8,0.0,0.1,0.1,0.49,0,42
2025-26,32,318,701,Triston Rowe,DEF,Aston Villa,2,16,0,2026-04-12T13:00:00Z,0,0,0,0,0,0,0,0,0.0,0.0,0.0,0.0,0.0,0.0,0.0,0.0,0,40
2025-26,32,318,702,Bradley Burrowes,MID,Aston Villa,2,16,0,2026-04-12T13:00:00Z,0,0,0,0,0,0,0,0,0.0,0.0,0.0,0.0,0.0,0.0,0.0,0.0,0,44
2025-26,32,318,703,Sam Proctor,GK,Aston Villa,2,16,0,2026-04-12T13:00:00Z,0,0,0,0,0,0,0,0,0.0,0.0,0.0,0.0,0.0,0.0,0.0,0.0,0,39
2025-26,32,312,704,Tyler Onyango,MID,Everton,9,5,0,2026-04-11T14:00:00Z,0,0,0,0,0,0,0,0,0.0,0.0,0.0,0.0,0.0,0.0,0.0,0.0,0,45
2025-26,32,312,705,Elijah Campbell,DEF,Everton,9,5,0,2026-04-11T14:00:00Z,0,0,0,0,0,0,0,0,0.0,0.0,0.0,0.0,0.0,0.0,0.0,0.0,0,39
2025-26,32,317,706,James Justin,DEF,Leeds,11,14,0,2026-04-13T19:00:00Z,90,1,0,0,0,1,0,17,20.8,6.1,4.0,3.1,0.03,0.03,0.06,1.31,1,39
2025-26,32,312,707,Tyler Dibling,MID,Everton,9,5,0,2026-04-11T14:00:00Z,0,0,0,0,0,0,0,0,0.0,0.0,0.0,0.0,0.0,0.0,0.0,0.0,0,53
2025-26,32,320,708,Mateus Gonçalo Espanha Fernandes,MID,West Ham,19,20,1,2026-04-10T19:00:00Z,84,2,0,0,1,0,0,12,6.2,39.6,0.0,4.6,0.0,0.22,0.22,0.46,1,55
2025-26,32,320,709,Ladislav Krejcí,DEF,Wolves,20,19,0,2026-04-10T19:00:00Z,90,0,0,0,0,4,0,0,27.2,12.6,4.0,4.4,0.01,0.06,0.07,2.35,1,45
2025-26,32,318,710,Travis Patterson,DEF,Aston Villa,2,16,0,2026-04-12T13:00:00Z,0,0,0,0,0,0,0,0,0.0,0.0,0.0,0.0,0.0,0.0,0.0,0.0,0,39
2025-26,32,311,711,Andre Harriman-Annous,MID,Arsenal,1,4,1,2026-04-11T11:30:00Z,0,0,0,0,0,0,0,0,0.0,0.0,0.0,0.0,0.0,0.0,0.0,0.0,0,44
2025-26,32,315,712,Yéremy Pino Santos,MID,Crystal Palace,8,15,1,2026-04-12T13:00:00Z,75,2,0,0,0,1,0,22,10.0,38.9,13.0,6.2,0.15,0.67,0.82,1.13,1,58
2025-26,32,311,713,Álex Jiménez Sánchez,DEF,Bournemouth,4,1,0,2026-04-11T11:30:00Z,89,2,0,0,0,1,0,9,6.6,1.5,0.0,0.8,0.0,0.01,0.01,2.19,1,45
2025-26,32,315,714,Nick Woltemade,FWD,Newcastle,15,8,0,2026-04-12T13:00:00Z,6,1,0,0,0,1,0,2,0.0,0.0,0.0,0.0,0.0,0.0,0.0,0.85,0,67
2025-26,32,318,715,John Victor Maciel Furtado,GK,Nott'm Forest,16,2,1,2026-04-12T13:00:00Z,0,0,0,0,0,0,0,0,0.0,0.0,0.0,0.0,0.0,0.0,0.0,0.0,0,40
2025-26,32,318,716,Nicolò Savona,DEF,Nott'm Forest,16,2,1,2026-04-12T13:00:00Z,0,0,0,0,0,0,0,0,0.0,0.0,0.0,0.0,0.0,0.0,0.0,0.0,0,45
2025-26,32,319,717,Xavi Simons,MID,Spurs,18,17,0,2026-04-12T13:00:00Z,5,1,0,0,0,0,0,4,0.8,1.4,2.0,0.4,0.0,0.01,0.01,0.16,0,65
2025-26,32,320,718,Soungoutou Magassa,MID,West Ham,19,20,1,2026-04-10T19:00:00Z,5,1,0,0,0,0,0,3,1.2,0.3,0.0,0.2,0.0,0.0,0.0,0.12,0,50
2025-26,32,318,719,Victor Lindelöf,DEF,Aston Villa,2,16,0,2026-04-12T13:00:00Z,90,2,0,0,0,1,0,5,6.2,1.4,14.0,2.2,0.25,0.0,0.25,1.15,1,45
2025-26,32,320,720,Tolu Arokodare,FWD,Wolves,20,19,0,2026-04-10T19:00:00Z,19,1,0,0,0,1,0,4,2.0,10.4,2.0,1.4,0.0,0.0,0.0,0.69,0,53
2025-26,32,311,721,Veljko Milosavljevic,DEF,Bournemouth,4,1,0,2026-04-11T11:30:00Z,0,0,0,0,0,0,0,0,0.0,0.0,0.0,0.0,0.0,0.0,0.0,0.0,0,44
2025-26,32,313,722,Florentino Ibrain Morris Luís,MID,Burnley,3,6,1,2026-04-11T14:00:00Z,81,1,0,0,0,1,0,6,0.0,17.0,1.0,1.7,0.03,0.05,0.08,1.81,1,50
2025-26,32,315,723,Jaydee Canvot,DEF,Crystal Palace,8,15,1,2026-04-12T13:00:00Z,90,4,0,0,0,1,0,9,31.4,4.9,7.0,4.3,0.37,0.05,0.42,1.13,1,45
2025-26,32,319,724,Lutsharel Geertruida,DEF,Sunderland,17,18,1,2026-04-12T13:00:00Z,0,0,0,0,0,0,0,0,0.0,0.0,0.0,0.0,0.0,0.0,0.0,0.0,0,45
2025-26,32,311,725,Piero Hincapié,DEF,Arsenal,1,4,1,2026-04-11T11:30:00Z,0,0,0,0,0,0,0,0,0.0,0.0,0.0,0.0,0.0,0.0,0.0,0.0,0,51
2025-26,32,319,726,Randal Kolo Muani,FWD,Spurs,18,17,0,2026-04-12T13:00:00Z,90,2,0,0,0,1,0,6,7.8,26.0,6.0,4.0,0.0,0.03,0.03,1.33,1,69
2025-26,32,316,727,Samuel Chukwueze,MID,Fulham,10,12,0,2026-04-11T16:30:00Z,10,1,0,0,0,0,0,3,4.2,21.1,9.0,3.4,0.13,0.09,0.22,0.1,0,53
2025-26,32,312,728,Merlin Röhl,MID,Everton,9,5,0,2026-04-11T14:00:00Z,0,0,0,0,0,0,0,0,0.0,0.0,0.0,0.0,0.0,0.0,0.0,0.0,0,50
2025-26,32,318,729,Luis Eduardo Soares da Silva,DEF,Nott'm Forest,16,2,1,2026-04-12T13:00:00Z,0,0,0,0,0,0,0,0,0.0,0.0,0.0,0.0,0.0,0.0,0.0,0.0,0,45
2025-26,32,319,730,Brian Brobbey,FWD,Sunderland,17,18,1,2026-04-12T13:00:00Z,90,1,0,0,1,0,0,-6,0.0,1.7,44.0,4.4,0.67,0.0,0.67,0.84,1,53
2025-26,32,316,731,Kevin Santos Lopes de Macedo,MID,Fulham,10,12,0,2026-04-11T16:30:00Z,0,0,0,0,0,0,0,0,0.0,0.0,0.0,0.0,0.0,0.0,0.0,0.0,0,58
2025-26,32,315,732,Christantus Uche,FWD,Crystal Palace,8,15,1,2026-04-12T13:00:00Z,0,0,0,0,0,0,0,0,0.0,0.0,0.0,0.0,0.0,0.0,0.0,0.0,0,55
2025-26,32,317,733,Senne Lammens,GK,Man Utd,14,11,1,2026-04-13T19:00:00Z,90,2,0,0,0,2,0,9,27.6,0.0,0.0,2.8,0.0,0.0,0.0,2.37,1,51
2025-26,32,318,734,Dilane Bakwa,MID,Nott'm Forest,16,2,1,2026-04-12T13:00:00Z,0,0,0,0,0,0,0,0,0.0,0.0,0.0,0.0,0.0,0.0,0.0,0.0,0,59
2025-26,32,319,735,Bertrand Traoré,MID,Sunderland,17,18,1,2026-04-12T13:00:00Z,0,0,0,0,0,0,0,0,0.0,0.0,0.0,0.0,0.0,0.0,0.0,0.0,0,55
2025-26,32,314,736,Gianluigi Donnarumma,GK,Man City,13,7,0,2026-04-12T15:30:00Z,90,7,0,0,1,0,0,29,25.4,0.0,0.0,2.5,0.0,0.0,0.0,1.14,1,56
2025-26,32,316,737,Jonah Kusi-Asare,FWD,Fulham,10,12,0,2026-04-11T16:30:00Z,0,0,0,0,0,0,0,0,0.0,0.0,0.0,0.0,0.0,0.0,0.0,0.0,0,45
2025-26,32,320,738,Lukasz Fabianski,GK,West Ham,19,20,1,2026-04-10T19:00:00Z,0,0,0,0,0,0,0,0,0.0,0.0,0.0,0.0,0.0,0.0,0.0,0.0,0,45
2025-26,32,314,739,Divine Mukasa,MID,Man City,13,7,0,2026-04-12T15:30:00Z,0,0,0,0,0,0,0,0,0.0,0.0,0.0,0.0,0.0,0.0,0.0,0.0,0,44
2025-26,32,314,740,Stephen Mfuni,DEF,Man City,13,7,0,2026-04-12T15:30:00Z,0,0,0,0,0,0,0,0,0.0,0.0,0.0,0.0,0.0,0.0,0.0,0.0,0,39
2025-26,32,317,741,Harry Gray,FWD,Leeds,11,14,0,2026-04-13T19:00:00Z,0,0,0,0,0,0,0,0,0.0,0.0,0.0,0.0,0.0,0.0,0.0,0.0,0,45
2025-26,32,314,742,Ryan McAidoo,MID,Man City,13,7,0,2026-04-12T15:30:00Z,0,0,0,0,0,0,0,0,0.0,0.0,0.0,0.0,0.0,0.0,0.0,0.0,0,45
2025-26,32,314,743,Landon Emenalo,MID,Chelsea,7,13,1,2026-04-12T15:30:00Z,0,0,0,0,0,0,0,0,0.0,0.0,0.0,0.0,0.0,0.0,0.0,0.0,0,45
2025-26,32,313,744,Nehemiah Oriola,MID,Brighton,6,3,0,2026-04-11T14:00:00Z,0,0,0,0,0,0,0,0,0.0,0.0,0.0,0.0,0.0,0.0,0.0,0.0,0,45
2025-26,32,319,745,Jun'ai Byfield,DEF,Spurs,18,17,0,2026-04-12T13:00:00Z,0,0,0,0,0,0,0,0,0.0,0.0,0.0,0.0,0.0,0.0,0.0,0.0,0,40
2025-26,32,316,746,Kieran Morrison,MID,Liverpool,12,10,1,2026-04-11T16:30:00Z,0,0,0,0,0,0,0,0,0.0,0.0,0.0,0.0,0.0,0.0,0.0,0.0,0,45
2025-26,32,320,747,Ezra Mayers,DEF,West Ham,19,20,1,2026-04-10T19:00:00Z,0,0,0,0,0,0,0,0,0.0,0.0,0.0,0.0,0.0,0.0,0.0,0.0,0,40
2025-26,32,312,748,Josh Dasilva,MID,Brentford,5,9,1,2026-04-11T14:00:00Z,0,0,0,0,0,0,0,0,0.0,0.0,0.0,0.0,0.0,0.0,0.0,0.0,0,49
2025-26,32,320,749,Mateus Mané,FWD,Wolves,20,19,0,2026-04-10T19:00:00Z,29,1,0,0,0,3,0,1,0.0,3.8,0.0,0.0,0.0,0.01,0.01,1.3,0,44
2025-26,32,319,750,James Rowswell,DEF,Spurs,18,17,0,2026-04-12T13:00:00Z,0,0,0,0,0,0,0,0,0.0,0.0,0.0,0.0,0.0,0.0,0.0,0.0,0,40
2025-26,32,319,751,Yusuf Akhamrich,MID,Spurs,18,17,0,2026-04-12T13:00:00Z,0,0,0,0,0,0,0,0,0.0,0.0,0.0,0.0,0.0,0.0,0.0,0.0,0,45
2025-26,32,320,752,Airidas Golambeckis,DEF,West Ham,19,20,1,2026-04-10T19:00:00Z,0,0,0,0,0,0,0,0,0.0,0.0,0.0,0.0,0.0,0.0,0.0,0.0,0,40
2025-26,32,315,753,John Ruddy,GK,Newcastle,15,8,0,2026-04-12T13:00:00Z,0,0,0,0,0,0,0,0,0.0,0.0,0.0,0.0,0.0,0.0,0.0,0.0,0,40
2025-26,32,318,754,George Hemmings,MID,Aston Villa,2,16,0,2026-04-12T13:00:00Z,0,0,0,0,0,0,0,0,0.0,0.0,0.0,0.0,0.0,0.0,0.0,0.0,0,45
2025-26,32,317,755,Shea Lacey,MID,Man Utd,14,11,1,2026-04-13T19:00:00Z,0,0,0,0,0,0,0,0,0.0,0.0,0.0,0.0,0.0,0.0,0.0,0.0,0,45
2025-26,32,311,756,Malcom DaCosta,MID,Bournemouth,4,1,0,2026-04-11T11:30:00Z,0,0,0,0,0,0,0,0,0.0,0.0,0.0,0.0,0.0,0.0,0.0,0.0,0,45
2025-26,32,318,757,Ronnie Hollingshead,GK,Aston Villa,2,16,0,2026-04-12T13:00:00Z,0,0,0,0,0,0,0,0,0.0,0.0,0.0,0.0,0.0,0.0,0.0,0.0,0,40
2025-26,32,320,758,Mohamadou Kanté,MID,West Ham,19,20,1,2026-04-10T19:00:00Z,0,0,0,0,0,0,0,0,0.0,0.0,0.0,0.0,0.0,0.0,0.0,0.0,0,45
2025-26,32,311,759,Marli Salmon,DEF,Arsenal,1,4,1,2026-04-11T11:30:00Z,0,0,0,0,0,0,0,0,0.0,0.0,0.0,0.0,0.0,0.0,0.0,0.0,0,40
2025-26,32,316,760,Wellity Lucky,DEF,Liverpool,12,10,1,2026-04-11T16:30:00Z,0,0,0,0,0,0,0,0,0.0,0.0,0.0,0.0,0.0,0.0,0.0,0.0,0,40
2025-26,32,313,761,Freddie Simmonds,DEF,Brighton,6,3,0,2026-04-11T14:00:00Z,0,0,0,0,0,0,0,0,0.0,0.0,0.0,0.0,0.0,0.0,0.0,0.0,0,40
2025-26,32,315,762,Joél Drakes-Thomas,MID,Crystal Palace,8,15,1,2026-04-12T13:00:00Z,0,0,0,0,0,0,0,0,0.0,0.0,0.0,0.0,0.0,0.0,0.0,0.0,0,45
2025-26,32,314,763,Charlie Gray,MID,Man City,13,7,0,2026-04-12T15:30:00Z,0,0,0,0,0,0,0,0,0.0,0.0,0.0,0.0,0.0,0.0,0.0,0.0,0,45
2025-26,32,314,764,Reigan Heskey,MID,Man City,13,7,0,2026-04-12T15:30:00Z,0,0,0,0,0,0,0,0,0.0,0.0,0.0,0.0,0.0,0.0,0.0,0.0,0,45
2025-26,32,315,765,Leo Shahar,DEF,Newcastle,15,8,0,2026-04-12T13:00:00Z,0,0,0,0,0,0,0,0,0.0,0.0,0.0,0.0,0.0,0.0,0.0,0.0,0,40
2025-26,32,320,766,Saheed Olagunju,DEF,Wolves,20,19,0,2026-04-10T19:00:00Z,0,0,0,0,0,0,0,0,0.0,0.0,0.0,0.0,0.0,0.0,0.0,0.0,0,40
2025-26,32,320,767,Luke Rawlings,MID,Wolves,20,19,0,2026-04-10T19:00:00Z,0,0,0,0,0,0,0,0,0.0,0.0,0.0,0.0,0.0,0.0,0.0,0.0,0,45
2025-26,32,318,768,Leon Routh,DEF,Aston Villa,2,16,0,2026-04-12T13:00:00Z,0,0,0,0,0,0,0,0,0.0,0.0,0.0,0.0,0.0,0.0,0.0,0.0,0,40
2025-26,32,317,769,Bendito Mantato,MID,Man Utd,14,11,1,2026-04-13T19:00:00Z,0,0,0,0,0,0,0,0,0.0,0.0,0.0,0.0,0.0,0.0,0.0,0.0,0,45
2025-26,32,316,770,Seth Ridgeon,MID,Fulham,10,12,0,2026-04-11T16:30:00Z,0,0,0,0,0,0,0,0,0.0,0.0,0.0,0.0,0.0,0.0,0.0,0.0,0,45
2025-26,32,317,771,Tyler Fletcher,MID,Man Utd,14,11,1,2026-04-13T19:00:00Z,0,0,0,0,0,0,0,0,0.0,0.0,0.0,0.0,0.0,0.0,0.0,0.0,0,44
2025-26,32,315,772,Sam Alabi,MID,Newcastle,15,8,0,2026-04-12T13:00:00Z,0,0,0,0,0,0,0,0,0.0,0.0,0.0,0.0,0.0,0.0,0.0,0.0,0,45
2025-26,32,315,773,Dean Benamar,DEF,Crystal Palace,8,15,1,2026-04-12T13:00:00Z,0,0,0,0,0,0,0,0,0.0,0.0,0.0,0.0,0.0,0.0,0.0,0.0,0,40
2025-26,32,319,774,Jenson Jones,DEF,Sunderland,17,18,1,2026-04-12T13:00:00Z,0,0,0,0,0,0,0,0,0.0,0.0,0.0,0.0,0.0,0.0,0.0,0.0,0,40
2025-26,32,319,775,Tymur Tutierov,MID,Sunderland,17,18,1,2026-04-12T13:00:00Z,0,0,0,0,0,0,0,0,0.0,0.0,0.0,0.0,0.0,0.0,0.0,0.0,0,45
2025-26,32,313,776,Oliver Pimlott,MID,Burnley,3,6,1,2026-04-11T14:00:00Z,0,0,0,0,0,0,0,0,0.0,0.0,0.0,0.0,0.0,0.0,0.0,0.0,0,45
2025-26,32,320,777,Temple Ojinnaka,MID,Wolves,20,19,0,2026-04-10T19:00:00Z,0,0,0,0,0,0,0,0,0.0,0.0,0.0,0.0,0.0,0.0,0.0,0.0,0,45
2025-26,32,320,778,Ethan Sutherland,MID,Wolves,20,19,0,2026-04-10T19:00:00Z,0,0,0,0,0,0,0,0,0.0,0.0,0.0,0.0,0.0,0.0,0.0,0.0,0,45
2025-26,32,312,779,Braiden Graham,FWD,Everton,9,5,0,2026-04-11T14:00:00Z,0,0,0,0,0,0,0,0,0.0,0.0,0.0,0.0,0.0,0.0,0.0,0.0,0,45
2025-26,32,315,780,Ben Casey,FWD,Crystal Palace,8,15,1,2026-04-12T13:00:00Z,0,0,0,0,0,0,0,0,0.0,0.0,0.0,0.0,0.0,0.0,0.0,0.0,0,45
2025-26,32,318,781,TJ Carroll,DEF,Aston Villa,2,16,0,2026-04-12T13:00:00Z,0,0,0,0,0,0,0,0,0.0,0.0,0.0,0.0,0.0,0.0,0.0,0.0,0,40
2025-26,32,311,782,Fraser Forster,GK,Bournemouth,4,1,0,2026-04-11T11:30:00Z,0,0,0,0,0,0,0,0,0.0,0.0,0.0,0.0,0.0,0.0,0.0,0.0,0,40
2025-26,32,313,783,Pascal Groß,MID,Brighton,6,3,0,2026-04-11T14:00:00Z,90,6,0,1,1,0,0,31,38.2,51.3,2.0,9.2,0.0,0.2,0.2,0.88,1,55
2025-26,32,313,784,George Brierley,MID,Burnley,3,6,1,2026-04-11T14:00:00Z,0,0,0,0,0,0,0,0,0.0,0.0,0.0,0.0,0.0,0.0,0.0,0.0,0,45
2025-26,32,320,785,Pablo Felipe Pereira de Jesus,FWD,West Ham,19,20,1,2026-04-10T19:00:00Z,77,5,0,1,1,0,0,24,37.0,30.9,21.0,8.9,0.1,0.28,0.38,0.46,1,54
2025-26,32,316,786,Alfie McNally,GK,Fulham,10,12,0,2026-04-11T16:30:00Z,0,0,0,0,0,0,0,0,0.0,0.0,0.0,0.0,0.0,0.0,0.0,0.0,0,40
2025-26,32,317,787,Sam Chambers,MID,Leeds,11,14,0,2026-04-13T19:00:00Z,0,0,0,0,0,0,0,0,0.0,0.0,0.0,0.0,0.0,0.0,0.0,0.0,0,44
2025-26,32,317,788,Godwill Kukonki,DEF,Man Utd,14,11,1,2026-04-13T19:00:00Z,0,0,0,0,0,0,0,0,0.0,0.0,0.0,0.0,0.0,0.0,0.0,0.0,0,40
2025-26,32,314,789,Max Merrick,GK,Chelsea,7,13,1,2026-04-12T15:30:00Z,0,0,0,0,0,0,0,0,0.0,0.0,0.0,0.0,0.0,0.0,0.0,0.0,0,40
2025-26,32,319,790,Lucá Williams-Barnett,MID,Spurs,18,17,0,2026-04-12T13:00:00Z,0,0,0,0,0,0,0,0,0.0,0.0,0.0,0.0,0.0,0.0,0.0,0.0,0,45
2025-26,32,320,791,Valentín Castellanos,FWD,West Ham,19,20,1,2026-04-10T19:00:00Z,81,11,2,0,1,0,2,55,70.0,25.4,55.0,15.0,0.72,0.08,0.8,0.46,1,55
2025-26,32,318,792,Alysson Edward Franco da Rocha dos Santos,MID,Aston Villa,2,16,0,2026-04-12T13:00:00Z,0,0,0,0,0,0,0,0,0.0,0.0,0.0,0.0,0.0,0.0,0.0,0.0,0,50
2025-26,32,315,793,George King,DEF,Crystal Palace,8,15,1,2026-04-12T13:00:00Z,0,0,0,0,0,0,0,0,0.0,0.0,0.0,0.0,0.0,0.0,0.0,0.0,0,40
2025-26,32,314,794,Max Alleyne,DEF,Man City,13,7,0,2026-04-12T15:30:00Z,0,0,0,0,0,0,0,0,0.0,0.0,0.0,0.0,0.0,0.0,0.0,0.0,0,39
2025-26,32,313,795,Harry Howell,MID,Brighton,6,3,0,2026-04-11T14:00:00Z,0,0,0,0,0,0,0,0,0.0,0.0,0.0,0.0,0.0,0.0,0.0,0.0,0,45
2025-26,32,319,796,Conor Gallagher,MID,Spurs,18,17,0,2026-04-12T13:00:00Z,84,2,0,0,0,1,0,13,12.2,15.9,0.0,2.8,0.0,0.04,0.04,1.16,1,51
2025-26,32,312,797,Kaye Furo,FWD,Brentford,5,9,1,2026-04-11T14:00:00Z,0,0,0,0,0,0,0,0,0.0,0.0,0.0,0.0,0.0,0.0,0.0,0.0,0,45
2025-26,32,315,798,Danny Imray,DEF,Crystal Palace,8,15,1,2026-04-12T13:00:00Z,0,0,0,0,0,0,0,0,0.0,0.0,0.0,0.0,0.0,0.0,0.0,0.0,0,40
2025-26,32,311,799,Charlie Stevens,MID,Bournemouth,4,1,0,2026-04-11T11:30:00Z,0,0,0,0,0,0,0,0,0.0,0.0,0.0,0.0,0.0,0.0,0.0,0.0,0,45
2025-26,32,319,800,Djiamgone Jocelin Ta Bi,MID,Sunderland,17,18,1,2026-04-12T13:00:00Z,0,0,0,0,0,0,0,0,0.0,0.0,0.0,0.0,0.0,0.0,0.0,0.0,0,50
2025-26,32,311,801,Alex Tóth,MID,Bournemouth,4,1,0,2026-04-11T11:30:00Z,5,1,0,0,0,0,0,4,2.0,0.0,0.0,0.2,0.0,0.0,0.0,0.24,0,49
2025-26,32,320,802,Keiber Lamadrid,MID,West Ham,19,20,1,2026-04-10T19:00:00Z,0,0,0,0,0,0,0,0,0.0,0.0,0.0,0.0,0.0,0.0,0.0,0.0,0,50
2025-26,32,314,803,Teddy Sharman-Lowe,GK,Chelsea,7,13,1,2026-04-12T15:30:00Z,0,0,0,0,0,0,0,0,0.0,0.0,0.0,0.0,0.0,0.0,0.0,0.0,0,40
2025-26,32,319,804,João Victor de Souza Menezes,DEF,Spurs,18,17,0,2026-04-12T13:00:00Z,0,0,0,0,0,0,0,0,0.0,0.0,0.0,0.0,0.0,0.0,0.0,0.0,0,40
2025-26,32,318,805,Lorenzo Lucca,FWD,Nott'm Forest,16,2,1,2026-04-12T13:00:00Z,0,0,0,0,0,0,0,0,0.0,0.0,0.0,0.0,0.0,0.0,0.0,0.0,0,55
2025-26,32,311,806,Christos Mandas,GK,Bournemouth,4,1,0,2026-04-11T11:30:00Z,0,0,0,0,0,0,0,0,0.0,0.0,0.0,0.0,0.0,0.0,0.0,0.0,0,40
2025-26,32,311,807,Rayan Vitor Simplício Rocha,MID,Bournemouth,4,1,0,2026-04-11T11:30:00Z,69,2,0,0,0,1,0,10,7.4,17.7,4.0,2.9,0.0,0.06,0.06,1.91,1,55
2025-26,32,318,808,Tammy Abraham,FWD,Aston Villa,2,16,0,2026-04-12T13:00:00Z,3,1,0,0,0,0,0,3,0.0,0.0,0.0,0.0,0.0,0.0,0.0,0.0,0,59
2025-26,32,320,809,Jerome Abbey,MID,Wolves,20,19,0,2026-04-10T19:00:00Z,0,0,0,0,0,0,0,0,0.0,0.0,0.0,0.0,0.0,0.0,0.0,0.0,0,45
2025-26,32,312,810,Luka Bentt,MID,Brentford,5,9,1,2026-04-11T14:00:00Z,0,0,0,0,0,0,0,0,0.0,0.0,0.0,0.0,0.0,0.0,0.0,0.0,0,45
2025-26,32,319,811,Rio Kyerematen,MID,Spurs,18,17,0,2026-04-12T13:00:00Z,0,0,0,0,0,0,0,0,0.0,0.0,0.0,0.0,0.0,0.0,0.0,0.0,0,45
2025-26,32,319,812,Melker Ellborg,GK,Sunderland,17,18,1,2026-04-12T13:00:00Z,0,0,0,0,0,0,0,0,0.0,0.0,0.0,0.0,0.0,0.0,0.0,0.0,0,40
2025-26,32,319,813,Nilson Angulo,MID,Sunderland,17,18,1,2026-04-12T13:00:00Z,0,0,0,0,0,0,0,0,0.0,0.0,0.0,0.0,0.0,0.0,0.0,0.0,0,50
2025-26,32,318,814,Luca Netz,DEF,Nott'm Forest,16,2,1,2026-04-12T13:00:00Z,0,0,0,0,0,0,0,0,0.0,0.0,0.0,0.0,0.0,0.0,0.0,0.0,0,45
2025-26,32,320,815,Axel Disasi,DEF,West Ham,19,20,1,2026-04-10T19:00:00Z,90,6,0,0,1,0,0,25,15.6,0.5,0.0,1.6,0.0,0.0,0.0,0.59,1,45
2025-26,32,320,816,Angel Gomes,MID,Wolves,20,19,0,2026-04-10T19:00:00Z,60,2,0,0,0,1,0,8,3.0,17.7,8.0,2.9,0.1,0.08,0.18,1.05,1,47
2025-26,32,320,817,Adam Armstrong,FWD,Wolves,20,19,0,2026-04-10T19:00:00Z,70,2,0,0,0,3,0,4,0.0,0.8,30.0,2.9,0.16,0.01,0.17,1.66,1,52
2025-26,32,319,818,James Wilson,FWD,Spurs,18,17,0,2026-04-12T13:00:00Z,0,0,0,0,0,0,0,0,0.0,0.0,0.0,0.0,0.0,0.0,0.0,0.0,0,45
2025-26,32,312,819,Ollie Shield,DEF,Brentford,5,9,1,2026-04-11T14:00:00Z,0,0,0,0,0,0,0,0,0.0,0.0,0.0,0.0,0.0,0.0,0.0,0.0,0,40
2025-26,32,313,820,Kian McMahon-Brown,MID,Burnley,3,6,1,2026-04-11T14:00:00Z,0,0,0,0,0,0,0,0,0.0,0.0,0.0,0.0,0.0,0.0,0.0,0.0,0,45
2025-26,32,319,821,Jack Whittaker,MID,Sunderland,17,18,1,2026-04-12T13:00:00Z,0,0,0,0,0,0,0,0,0.0,0.0,0.0,0.0,0.0,0.0,0.0,0.0,0,45
2025-26,32,319,822,Jaydon Jones,MID,Sunderland,17,18,1,2026-04-12T13:00:00Z,0,0,0,0,0,0,0,0,0.0,0.0,0.0,0.0,0.0,0.0,0.0,0.0,0,45
2025-26,32,312,823,Joshua Stephenson,DEF,Brentford,5,9,1,2026-04-11T14:00:00Z,0,0,0,0,0,0,0,0,0.0,0.0,0.0,0.0,0.0,0.0,0.0,0.0,0,40
2025-26,32,312,824,Conor McManus,DEF,Brentford,5,9,1,2026-04-11T14:00:00Z,0,0,0,0,0,0,0,0,0.0,0.0,0.0,0.0,0.0,0.0,0.0,0.0,0,40
2025-26,32,320,825,Finlay Herrick,GK,West Ham,19,20,1,2026-04-10T19:00:00Z,0,0,0,0,0,0,0,0,0.0,0.0,0.0,0.0,0.0,0.0,0.0,0.0,0,40
2025-26,32,312,826,Riley Owen,MID,Brentford,5,9,1,2026-04-11T14:00:00Z,0,0,0,0,0,0,0,0,0.0,0.0,0.0,0.0,0.0,0.0,0.0,0.0,0,45
