season,gw,fixture,element,name,position,team,team_id,opponent_team,was_home,kickoff_time,minutes,total_points,goals_scored,assists,clean_sheets,goals_conceded,bonus,bps,influence,creativity,threat,ict_index,expected_goals,expected_assists,expected_goal_involvements,expected_goals_conceded,starts,value
2025-26,33,327,1,David Raya Martín,GK,Arsenal,1,13,0,2026-04-19T15:30:00Z,90,1,0,0,0,2,0,8,21.0,0.0,0.0,2.1,0.0,0.0,0.0,1.36,1,60
2025-26,33,327,2,Kepa Arrizabalaga Revuelta,GK,Arsenal,1,13,0,2026-04-19T15:30:00Z,0,0,0,0,0,0,0,0,0.0,0.0,0.0,0.0,0.0,0.0,0.0,0.0,0,40
2025-26,33,327,3,Karl Hein,GK,Arsenal,1,13,0,2026-04-19T15:30:00Z,0,0,0,0,0,0,0,0,0.0,0.0,0.0,0.0,0.0,0.0,0.0,0.0,0,40
2025-26,33,327,4,Tommy Setford,GK,Arsenal,1,13,0,2026-04-19T15:30:00Z,0,0,0,0,0,0,0,0,0.0,0.0,0.0,0.0,0.0,0.0,0.0,0.0,0,39
2025-26,33,327,5,Gabriel dos Santos Magalhães,DEF,Arsenal,1,13,0,2026-04-19T15:30:00Z,90,0,0,0,0,2,0,2,22.6,0.2,5.0,2.8,0.02,0.01,0.03,1.36,1,71
2025-26,33,327,6,William Saliba,DEF,Arsenal,1,13,0,2026-04-19T15:30:00Z,90,3,0,0,0,2,0,13,23.8,2.5,0.0,2.6,0.0,0.02,0.02,1.36,1,61
2025-26,33,327,7,Riccardo Calafiori,DEF,Arsenal,1,13,0,2026-04-19T15:30:00Z,0,0,0,0,0,0,0,0,0.0,0.0,0.0,0.0,0.0,0.0,0.0,0.0,0,56
2025-26,33,327,8,Jurriën Timber,DEF,Arsenal,1,13,0,2026-04-19T15:30:00Z,0,0,0,0,0,0,0,0,0.0,0.0,0.0,0.0,0.0,0.0,0.0,0.0,0,62
2025-26,33,327,9,Jakub Kiwior,DEF,Arsenal,1,13,0,2026-04-19T15:30:00Z,0,0,0,0,0,0,0,0,0.0,0.0,0.0,0.0,0.0,0.0,0.0,0.0,0,54
2025-26,33,327,10,Myles Lewis-Skelly,DEF,Arsenal,1,13,0,2026-04-19T15:30:00Z,0,0,0,0,0,0,0,0,0.0,0.0,0.0,0.0,0.0,0.0,0.0,0.0,0,50
2025-26,33,327,11,Benjamin White,DEF,Arsenal,1,13,0,2026-04-19T15:30:00Z,16,1,0,0,0,0,0,3,1.6,3.4,0.0,0.5,0.0,0.0,0.0,0.0,0,51
2025-26,33,329,12,Oleksandr Zinchenko,DEF,Nott'm Forest,16,3,1,2026-04-19T13:00:00Z,0,0,0,0,0,0,0,0,0.0,0.0,0.0,0.0,0.0,0.0,0.0,0.0,0,49
2025-26,33,327,13,Brayden Clarke,DEF,Arsenal,1,13,0,2026-04-19T15:30:00Z,0,0,0,0,0,0,0,0,0.0,0.0,0.0,0.0,0.0,0.0,0.0,0.0,0,37
2025-26,33,327,14,Maldini Kacurri,DEF,Arsenal,1,13,0,2026-04-19T15:30:00Z,0,0,0,0,0,0,0,0,0.0,0.0,0.0,0.0,0.0,0.0,0.0,0.0,0,39
2025-26,33,327,15,Josh Nichols,DEF,Arsenal,1,13,0,2026-04-19T15:30:00Z,0,0,0,0,0,0,0,0,0.0,0.0,0.0,0.0,0.0,0.0,0.0,0.0,0,37
2025-26,33,327,16,Bukayo Saka,MID,Arsenal,1,13,0,2026-04-19T15:30:00Z,0,0,0,0,0,0,0,0,0.0,0.0,0.0,0.0,0.0,0.0,0.0,0.0,0,98
2025-26,33,327,17,Martin Ødegaard,MID,Arsenal,1,13,0,2026-04-19T15:30:00Z,90,2,0,0,0,2,0,13,8.2,52.8,2.0,6.3,0.0,0.35,0.35,1.36,1,78
2025-26,33,327,18,Noni Madueke,MID,Arsenal,1,13,0,2026-04-19T15:30:00Z,45,1,0,0,0,1,0,5,6.2,4.7,4.0,1.5,0.0,0.01,0.01,0.67,1,68
2025-26,33,327,19,Gabriel Martinelli Silva,MID,Arsenal,1,13,0,2026-04-19T15:30:00Z,45,1,0,0,0,1,0,1,2.2,4.4,4.0,1.1,0.34,0.01,0.35,0.69,0,68
2025-26,33,327,20,Leandro Trossard,MID,Arsenal,1,13,0,2026-04-19T15:30:00Z,16,1,0,0,0,0,0,10,9.2,14.5,2.0,2.6,0.0,0.09,0.09,0.0,0,65
2025-26,33,327,21,Declan Rice,MID,Arsenal,1,13,0,2026-04-19T15:30:00Z,90,2,0,0,0,2,0,13,11.4,22.8,0.0,3.4,0.0,0.07,0.07,1.36,1,72
2025-26,33,327,22,Mikel Merino Zazón,MID,Arsenal,1,13,0,2026-04-19T15:30:00Z,0,0,0,0,0,0,0,0,0.0,0.0,0.0,0.0,0.0,0.0,0.0,0.0,0,54
2025-26,33,327,23,Fábio Ferreira Vieira,MID,Arsenal,1,13,0,2026-04-19T15:30:00Z,0,0,0,0,0,0,0,0,0.0,0.0,0.0,0.0,0.0,0.0,0.0,0.0,0,54
2025-26,33,327,24,Christian Nørgaard,MID,Arsenal,1,13,0,2026-04-19T15:30:00Z,0,0,0,0,0,0,0,0,0.0,0.0,0.0,0.0,0.0,0.0,0.0,0.0,0,51
2025-26,33,327,25,Ethan Nwaneri,MID,Arsenal,1,13,0,2026-04-19T15:30:00Z,0,0,0,0,0,0,0,0,0.0,0.0,0.0,0.0,0.0,0.0,0.0,0.0,0,50
2025-26,33,327,26,Martín Zubimendi Ibáñez,MID,Arsenal,1,13,0,2026-04-19T15:30:00Z,83,4,0,0,0,2,0,12,13.8,0.3,0.0,1.4,0.0,0.0,0.0,1.36,1,50
2025-26,33,322,27,Reiss Nelson,MID,Brentford,5,10,1,2026-04-18T11:30:00Z,0,0,0,0,0,0,0,0,0.0,0.0,0.0,0.0,0.0,0.0,0.0,0.0,0,48
2025-26,33,327,28,Ismeal Kabia,MID,Arsenal,1,13,0,2026-04-19T15:30:00Z,0,0,0,0,0,0,0,0,0.0,0.0,0.0,0.0,0.0,0.0,0.0,0.0,0,45
2025-26,33,327,29,Albert Sambi Lokonga,MID,Arsenal,1,13,0,2026-04-19T15:30:00Z,0,0,0,0,0,0,0,0,0.0,0.0,0.0,0.0,0.0,0.0,0.0,0.0,0,45
2025-26,33,327,30,Kai Havertz,FWD,Arsenal,1,13,0,2026-04-19T15:30:00Z,90,6,1,0,0,2,0,21,33.4,2.1,69.0,10.5,1.25,0.0,1.25,1.36,1,73
2025-26,33,327,31,Gabriel Fernando de Jesus,FWD,Arsenal,1,13,0,2026-04-19T15:30:00Z,0,0,0,0,0,0,0,0,0.0,0.0,0.0,0.0,0.0,0.0,0.0,0.0,0,64
2025-26,33,321,32,Emiliano Martínez Romero,GK,Aston Villa,2,17,1,2026-04-19T13:00:00Z,90,2,0,0,0,3,0,9,34.2,0.0,0.0,3.4,0.0,0.01,0.01,1.73,1,51
2025-26,33,321,33,Marco Bizot,GK,Aston Villa,2,17,1,2026-04-19T13:00:00Z,0,0,0,0,0,0,0,0,0.0,0.0,0.0,0.0,0.0,0.0,0.0,0.0,0,42
2025-26,33,321,34,Joe Gauci,GK,Aston Villa,2,17,1,2026-04-19T13:00:00Z,0,0,0,0,0,0,0,0,0.0,0.0,0.0,0.0,0.0,0.0,0.0,0.0,0,40
2025-26,33,321,35,Filip Marschall,GK,Aston Villa,2,17,1,2026-04-19T13:00:00Z,0,0,0,0,0,0,0,0,0.0,0.0,0.0,0.0,0.0,0.0,0.0,0.0,0,40
2025-26,33,321,36,Matty Cash,DEF,Aston Villa,2,17,1,2026-04-19T13:00:00Z,90,1,0,0,0,3,0,-4,6.0,1.7,5.0,1.3,0.01,0.02,0.03,1.73,1,47
2025-26,33,321,37,Lucas Digne,DEF,Aston Villa,2,17,1,2026-04-19T13:00:00Z,20,3,0,1,0,2,0,10,21.4,14.1,0.0,3.6,0.0,0.29,0.29,1.45,0,45
2025-26,33,321,38,Ezri Konsa Ngoyo,DEF,Aston Villa,2,17,1,2026-04-19T13:00:00Z,90,1,0,0,0,3,0,4,10.2,0.8,2.0,1.3,0.0,0.0,0.0,1.73,1,44
2025-26,33,321,39,Ian Maatsen,DEF,Aston Villa,2,17,1,2026-04-19T13:00:00Z,69,5,0,1,0,1,0,16,22.8,26.0,6.0,5.5,0.0,0.39,0.39,0.28,1,42
2025-26,33,321,40,Tyrone Mings,DEF,Aston Villa,2,17,1,2026-04-19T13:00:00Z,90,1,0,0,0,3,0,4,16.2,1.6,35.0,5.3,0.07,0.02,0.09,1.73,1,43
2025-26,33,321,41,Pau Torres,DEF,Aston Villa,2,17,1,2026-04-19T13:00:00Z,0,0,0,0,0,0,0,0,0.0,0.0,0.0,0.0,0.0,0.0,0.0,0.0,0,43
2025-26,33,321,42,Andrés García,DEF,Aston Villa,2,17,1,2026-04-19T13:00:00Z,0,0,0,0,0,0,0,0,0.0,0.0,0.0,0.0,0.0,0.0,0.0,0.0,0,39
2025-26,33,321,43,Álex Moreno Lopera,DEF,Aston Villa,2,17,1,2026-04-19T13:00:00Z,0,0,0,0,0,0,0,0,0.0,0.0,0.0,0.0,0.0,0.0,0.0,0.0,0,40
2025-26,33,321,44,Lamare Bogarde,DEF,Aston Villa,2,17,1,2026-04-19T13:00:00Z,0,0,0,0,0,0,0,0,0.0,0.0,0.0,0.0,0.0,0.0,0.0,0.0,0,40
2025-26,33,321,45,Lino da Cruz Sousa,DEF,Aston Villa,2,17,1,2026-04-19T13:00:00Z,0,0,0,0,0,0,0,0,0.0,0.0,0.0,0.0,0.0,0.0,0.0,0.0,0,38
2025-26,33,321,46,Yasin Özcan,DEF,Aston Villa,2,17,1,2026-04-19T13:00:00Z,0,0,0,0,0,0,0,0,0.0,0.0,0.0,0.0,0.0,0.0,0.0,0.0,0,40
2025-26,33,321,47,Morgan Rogers,MID,Aston Villa,2,17,1,2026-04-19T13:00:00Z,90,9,1,0,0,3,2,37,38.6,13.5,28.0,8.0,0.5,0.49,0.99,1.73,1,74
2025-26,33,321,48,Youri Tielemans,MID,Aston Villa,2,17,1,2026-04-19T13:00:00Z,90,2,0,0,0,3,0,21,17.0,9.0,0.0,2.6,0.0,0.14,0.14,1.73,1,59
2025-26,33,321,49,Leon Bailey,MID,Aston Villa,2,17,1,2026-04-19T13:00:00Z,0,0,0,0,0,0,0,0,0.0,0.0,0.0,0.0,0.0,0.0,0.0,0.0,0,55
2025-26,33,321,50,Emiliano Buendía Stati,MID,Aston Villa,2,17,1,2026-04-19T13:00:00Z,20,1,0,0,0,2,0,4,0.2,1.6,10.0,1.2,0.21,0.0,0.21,1.45,0,53
2025-26,33,321,51,Samuel Iling-Junior,MID,Aston Villa,2,17,1,2026-04-19T13:00:00Z,0,0,0,0,0,0,0,0,0.0,0.0,0.0,0.0,0.0,0.0,0.0,0.0,0,55
2025-26,33,328,52,Jacob Ramsey,MID,Newcastle,15,4,1,2026-04-18T14:00:00Z,61,2,0,0,0,1,0,5,8.0,24.3,11.0,4.3,0.07,0.06,0.13,2.27,1,53
2025-26,33,321,53,Donyell Malen,MID,Aston Villa,2,17,1,2026-04-19T13:00:00Z,0,0,0,0,0,0,0,0,0.0,0.0,0.0,0.0,0.0,0.0,0.0,0.0,0,51
2025-26,33,321,54,John McGinn,MID,Aston Villa,2,17,1,2026-04-19T13:00:00Z,79,5,0,1,0,1,0,21,22.6,54.8,4.0,8.1,0.0,1.03,1.03,0.33,1,53
2025-26,33,321,55,Ross Barkley,MID,Aston Villa,2,17,1,2026-04-19T13:00:00Z,69,2,0,0,0,1,0,5,6.8,2.7,19.0,2.9,0.06,0.01,0.07,0.28,1,48
2025-26,33,321,56,Enzo Barrenechea,MID,Aston Villa,2,17,1,2026-04-19T13:00:00Z,0,0,0,0,0,0,0,0,0.0,0.0,0.0,0.0,0.0,0.0,0.0,0.0,0,50
2025-26,33,321,57,Lewis Dobbin,MID,Aston Villa,2,17,1,2026-04-19T13:00:00Z,0,0,0,0,0,0,0,0,0.0,0.0,0.0,0.0,0.0,0.0,0.0,0.0,0,50
2025-26,33,321,58,Boubacar Kamara,MID,Aston Villa,2,17,1,2026-04-19T13:00:00Z,0,0,0,0,0,0,0,0,0.0,0.0,0.0,0.0,0.0,0.0,0.0,0.0,0,49
2025-26,33,321,59,Amadou Onana,MID,Aston Villa,2,17,1,2026-04-19T13:00:00Z,90,1,0,0,0,3,0,7,10.0,13.7,9.0,3.3,0.28,0.01,0.29,1.73,1,48
2025-26,33,321,60,Ben Broggio,MID,Aston Villa,2,17,1,2026-04-19T13:00:00Z,0,0,0,0,0,0,0,0,0.0,0.0,0.0,0.0,0.0,0.0,0.0,0.0,0,44
2025-26,33,321,61,Leander Dendoncker,MID,Aston Villa,2,17,1,2026-04-19T13:00:00Z,0,0,0,0,0,0,0,0,0.0,0.0,0.0,0.0,0.0,0.0,0.0,0.0,0,45
2025-26,33,321,62,Jamaldeen Jimoh-Aloba,MID,Aston Villa,2,17,1,2026-04-19T13:00:00Z,0,0,0,0,0,0,0,0,0.0,0.0,0.0,0.0,0.0,0.0,0.0,0.0,0,45
2025-26,33,321,63,Kadan Young,MID,Aston Villa,2,17,1,2026-04-19T13:00:00Z,0,0,0,0,0,0,0,0,0.0,0.0,0.0,0.0,0.0,0.0,0.0,0.0,0,43
2025-26,33,321,64,Ollie Watkins,FWD,Aston Villa,2,17,1,2026-04-19T13:00:00Z,79,16,2,1,0,1,3,70,86.2,31.3,86.0,20.4,1.22,0.06,1.28,0.33,1,85
2025-26,33,321,65,Zépiqueno Redmond,FWD,Aston Villa,2,17,1,2026-04-19T13:00:00Z,0,0,0,0,0,0,0,0,0.0,0.0,0.0,0.0,0.0,0.0,0.0,0.0,0,45
2025-26,33,328,66,Norberto Murara Neto,GK,Bournemouth,4,15,0,2026-04-18T14:00:00Z,0,0,0,0,0,0,0,0,0.0,0.0,0.0,0.0,0.0,0.0,0.0,0.0,0,45
2025-26,33,332,66,Norberto Murara Neto,GK,Bournemouth,4,11,1,2026-04-22T19:00:00Z,0,0,0,0,0,0,0,0,0.0,0.0,0.0,0.0,0.0,0.0,0.0,0.0,0,45
2025-26,33,328,67,Đorđe Petrović,GK,Bournemouth,4,15,0,2026-04-18T14:00:00Z,90,1,0,0,0,1,0,4,13.4,0.0,0.0,1.3,0.0,0.0,0.0,1.59,1,46
2025-26,33,332,67,Đorđe Petrović,GK,Bournemouth,4,11,1,2026-04-22T19:00:00Z,90,1,0,0,0,2,0,5,17.8,0.0,0.0,1.8,0.0,0.0,0.0,0.83,1,46
2025-26,33,328,68,Will Dennis,GK,Bournemouth,4,15,0,2026-04-18T14:00:00Z,0,0,0,0,0,0,0,0,0.0,0.0,0.0,0.0,0.0,0.0,0.0,0.0,0,40
2025-26,33,332,68,Will Dennis,GK,Bournemouth,4,11,1,2026-04-22T19:00:00Z,0,0,0,0,0,0,0,0,0.0,0.0,0.0,0.0,0.0,0.0,0.0,0.0,0,40
2025-26,33,328,69,Callan McKenna,GK,Bournemouth,4,15,0,2026-04-18T14:00:00Z,0,0,0,0,0,0,0,0,0.0,0.0,0.0,0.0,0.0,0.0,0.0,0.0,0,39
2025-26,33,332,69,Callan McKenna,GK,Bournemouth,4,11,1,2026-04-22T19:00:00Z,0,0,0,0,0,0,0,0,0.0,0.0,0.0,0.0,0.0,0.0,0.0,0.0,0,39
2025-26,33,328,70,Alex Paulsen,GK,Bournemouth,4,15,0,2026-04-18T14:00:00Z,0,0,0,0,0,0,0,0,0.0,0.0,0.0,0.0,0.0,0.0,0.0,0.0,0,40
2025-26,33,332,70,Alex Paulsen,GK,Bournemouth,4,11,1,2026-04-22T19:00:00Z,0,0,0,0,0,0,0,0,0.0,0.0,0.0,0.0,0.0,0.0,0.0,0.0,0,40
2025-26,33,328,71,Illia Zabarnyi,DEF,Bournemouth,4,15,0,2026-04-18T14:00:00Z,0,0,0,0,0,0,0,0,0.0,0.0,0.0,0.0,0.0,0.0,0.0,0.0,0,50
2025-26,33,332,71,Illia Zabarnyi,DEF,Bournemouth,4,11,1,2026-04-22T19:00:00Z,0,0,0,0,0,0,0,0,0.0,0.0,0.0,0.0,0.0,0.0,0.0,0.0,0,50
2025-26,33,328,72,Marcos Senesi Barón,DEF,Bournemouth,4,15,0,2026-04-18T14:00:00Z,90,2,0,0,0,1,0,10,28.2,11.6,2.0,4.2,0.0,0.09,0.09,1.59,1,52
2025-26,33,332,72,Marcos Senesi Barón,DEF,Bournemouth,4,11,1,2026-04-22T19:00:00Z,90,4,0,1,0,2,0,18,30.6,20.2,12.0,6.3,0.13,0.32,0.45,0.83,1,52
2025-26,33,328,73,Adam Smith,DEF,Bournemouth,4,15,0,2026-04-18T14:00:00Z,0,0,0,0,0,0,0,0,0.0,0.0,0.0,0.0,0.0,0.0,0.0,0.0,0,44
2025-26,33,332,73,Adam Smith,DEF,Bournemouth,4,11,1,2026-04-22T19:00:00Z,0,0,0,0,0,0,0,0,0.0,0.0,0.0,0.0,0.0,0.0,0.0,0.0,0,44
2025-26,33,328,74,Adrien Truffert,DEF,Bournemouth,4,15,0,2026-04-18T14:00:00Z,90,10,1,0,0,1,2,27,47.0,2.2,35.0,8.4,0.49,0.02,0.51,1.59,1,47
2025-26,33,332,74,Adrien Truffert,DEF,Bournemouth,4,11,1,2026-04-22T19:00:00Z,90,3,0,0,0,2,0,17,31.2,17.5,11.0,6.0,0.06,0.15,0.21,0.83,1,47
2025-26,33,328,75,Matai Akinmboni,DEF,Bournemouth,4,15,0,2026-04-18T14:00:00Z,0,0,0,0,0,0,0,0,0.0,0.0,0.0,0.0,0.0,0.0,0.0,0.0,0,38
2025-26,33,332,75,Matai Akinmboni,DEF,Bournemouth,4,11,1,2026-04-22T19:00:00Z,0,0,0,0,0,0,0,0,0.0,0.0,0.0,0.0,0.0,0.0,0.0,0.0,0,38
2025-26,33,328,76,Owen Bevan,DEF,Bournemouth,4,15,0,2026-04-18T14:00:00Z,0,0,0,0,0,0,0,0,0.0,0.0,0.0,0.0,0.0,0.0,0.0,0.0,0,38
2025-26,33,332,76,Owen Bevan,DEF,Bournemouth,4,11,1,2026-04-22T19:00:00Z,0,0,0,0,0,0,0,0,0.0,0.0,0.0,0.0,0.0,0.0,0.0,0.0,0,38
2025-26,33,328,77,James Hill,DEF,Bournemouth,4,15,0,2026-04-18T14:00:00Z,90,4,0,0,0,1,0,19,27.2,0.7,18.0,4.6,0.02,0.03,0.05,1.59,1,42
2025-26,33,332,77,James Hill,DEF,Bournemouth,4,11,1,2026-04-22T19:00:00Z,90,1,0,0,0,2,0,5,13.2,10.8,4.0,2.8,0.1,0.01,0.11,0.83,1,42
2025-26,33,328,78,Julián Araujo Zúñiga,DEF,Bournemouth,4,15,0,2026-04-18T14:00:00Z,0,0,0,0,0,0,0,0,0.0,0.0,0.0,0.0,0.0,0.0,0.0,0.0,0,38
2025-26,33,332,78,Julián Araujo Zúñiga,DEF,Bournemouth,4,11,1,2026-04-22T19:00:00Z,0,0,0,0,0,0,0,0,0.0,0.0,0.0,0.0,0.0,0.0,0.0,0.0,0,38
2025-26,33,328,79,Chris Mepham,DEF,Bournemouth,4,15,0,2026-04-18T14:00:00Z,0,0,0,0,0,0,0,0,0.0,0.0,0.0,0.0,0.0,0.0,0.0,0.0,0,40
2025-26,33,332,79,Chris Mepham,DEF,Bournemouth,4,11,1,2026-04-22T19:00:00Z,0,0,0,0,0,0,0,0,0.0,0.0,0.0,0.0,0.0,0.0,0.0,0.0,0,40
2025-26,33,328,80,Julio Soler Barreto,DEF,Bournemouth,4,15,0,2026-04-18T14:00:00Z,0,0,0,0,0,0,0,0,0.0,0.0,0.0,0.0,0.0,0.0,0.0,0.0,0,39
2025-26,33,332,80,Julio Soler Barreto,DEF,Bournemouth,4,11,1,2026-04-22T19:00:00Z,0,0,0,0,0,0,0,0,0.0,0.0,0.0,0.0,0.0,0.0,0.0,0.0,0,39
2025-26,33,328,81,Justin Kluivert,MID,Bournemouth,4,15,0,2026-04-18T14:00:00Z,0,0,0,0,0,0,0,0,0.0,0.0,0.0,0.0,0.0,0.0,0.0,0.0,0,69
2025-26,33,332,81,Justin Kluivert,MID,Bournemouth,4,11,1,2026-04-22T19:00:00Z,0,0,0,0,0,0,0,0,0.0,0.0,0.0,0.0,0.0,0.0,0.0,0.0,0,69
2025-26,33,327,82,Antoine Semenyo,MID,Man City,13,1,1,2026-04-19T15:30:00Z,90,2,0,0,0,1,0,6,5.4,6.1,15.0,2.7,0.05,0.04,0.08,1.62,1,82
2025-26,33,334,82,Antoine Semenyo,MID,Man City,13,3,0,2026-04-22T19:00:00Z,64,3,0,0,1,0,0,14,3.8,17.5,15.0,3.6,0.27,0.27,0.54,0.53,1,82
2025-26,33,322,83,Dango Ouattara,MID,Brentford,5,10,1,2026-04-18T11:30:00Z,90,3,0,0,1,0,0,11,16.0,31.2,45.0,9.2,0.27,0.09,0.36,0.77,1,59
2025-26,33,328,84,Marcus Tavernier,MID,Bournemouth,4,15,0,2026-04-18T14:00:00Z,88,7,1,0,0,1,1,26,46.0,42.3,55.0,14.3,1.18,0.48,1.66,1.01,1,54
2025-26,33,332,84,Marcus Tavernier,MID,Bournemouth,4,11,1,2026-04-22T19:00:00Z,90,2,0,0,0,1,0,15,8.0,30.5,11.0,5.0,0.06,0.11,0.17,0.47,1,54
2025-26,33,328,85,Tyler Adams,MID,Bournemouth,4,15,0,2026-04-18T14:00:00Z,25,1,0,0,0,1,0,3,3.6,0.4,0.0,0.4,0.0,0.0,0.0,1.12,0,49
2025-26,33,332,85,Tyler Adams,MID,Bournemouth,4,11,1,2026-04-22T19:00:00Z,17,4,0,1,0,1,0,18,21.8,14.6,0.0,3.6,0.0,0.14,0.14,0.38,0,49
2025-26,33,328,86,David Brooks,MID,Bournemouth,4,15,0,2026-04-18T14:00:00Z,24,1,0,0,0,1,0,3,2.2,1.0,0.0,0.3,0.0,0.0,0.0,1.12,0,50
2025-26,33,332,86,David Brooks,MID,Bournemouth,4,11,1,2026-04-22T19:00:00Z,66,3,0,0,1,0,0,1,0.4,17.8,12.0,3.0,0.2,0.07,0.27,0.27,1,50
2025-26,33,328,87,Ryan Christie,MID,Bournemouth,4,15,0,2026-04-18T14:00:00Z,64,2,0,0,1,0,0,9,10.8,14.5,1.0,2.6,0.01,0.13,0.14,0.47,1,49
2025-26,33,332,87,Ryan Christie,MID,Bournemouth,4,11,1,2026-04-22T19:00:00Z,72,2,0,0,0,1,0,15,10.8,13.7,56.0,8.1,0.17,0.05,0.22,0.45,1,49
2025-26,33,328,88,Lewis Cook,MID,Bournemouth,4,15,0,2026-04-18T14:00:00Z,0,0,0,0,0,0,0,0,0.0,0.0,0.0,0.0,0.0,0.0,0.0,0.0,0,49
2025-26,33,332,88,Lewis Cook,MID,Bournemouth,4,11,1,2026-04-22T19:00:00Z,0,0,0,0,0,0,0,0,0.0,0.0,0.0,0.0,0.0,0.0,0.0,0.0,0,49
2025-26,33,328,89,Philip Billing,MID,Bournemouth,4,15,0,2026-04-18T14:00:00Z,0,0,0,0,0,0,0,0,0.0,0.0,0.0,0.0,0.0,0.0,0.0,0.0,0,49
2025-26,33,332,89,Philip Billing,MID,Bournemouth,4,11,1,2026-04-22T19:00:00Z,0,0,0,0,0,0,0,0,0.0,0.0,0.0,0.0,0.0,0.0,0.0,0.0,0,49
2025-26,33,328,90,Alex Scott,MID,Bournemouth,4,15,0,2026-04-18T14:00:00Z,90,1,0,0,0,1,0,23,13.6,23.3,2.0,3.9,0.0,0.61,0.61,1.59,1,50
2025-26,33,332,90,Alex Scott,MID,Bournemouth,4,11,1,2026-04-22T19:00:00Z,90,4,0,0,0,2,0,21,23.0,42.0,10.0,7.5,0.04,0.23,0.27,0.83,1,50
2025-26,33,328,91,Luis Sinisterra Lucumí,MID,Bournemouth,4,15,0,2026-04-18T14:00:00Z,0,0,0,0,0,0,0,0,0.0,0.0,0.0,0.0,0.0,0.0,0.0,0.0,0,50
2025-26,33,332,91,Luis Sinisterra Lucumí,MID,Bournemouth,4,11,1,2026-04-22T19:00:00Z,0,0,0,0,0,0,0,0,0.0,0.0,0.0,0.0,0.0,0.0,0.0,0.0,0,50
2025-26,33,328,92,Romain Faivre,MID,Bournemouth,4,15,0,2026-04-18T14:00:00Z,0,0,0,0,0,0,0,0,0.0,0.0,0.0,0.0,0.0,0.0,0.0,0.0,0,45
2025-26,33,332,92,Romain Faivre,MID,Bournemouth,4,11,1,2026-04-22T19:00:00Z,0,0,0,0,0,0,0,0,0.0,0.0,0.0,0.0,0.0,0.0,0.0,0.0,0,45
2025-26,33,328,93,Hamed Traorè,MID,Bournemouth,4,15,0,2026-04-18T14:00:00Z,0,0,0,0,0,0,0,0,0.0,0.0,0.0,0.0,0.0,0.0,0.0,0.0,0,45
2025-26,33,332,93,Hamed Traorè,MID,Bournemouth,4,11,1,2026-04-22T19:00:00Z,0,0,0,0,0,0,0,0,0.0,0.0,0.0,0.0,0.0,0.0,0.0,0.0,0,45
2025-26,33,328,94,Dominic Sadi,MID,Bournemouth,4,15,0,2026-04-18T14:00:00Z,0,0,0,0,0,0,0,0,0.0,0.0,0.0,0.0,0.0,0.0,0.0,0.0,0,45
2025-26,33,332,94,Dominic Sadi,MID,Bournemouth,4,11,1,2026-04-22T19:00:00Z,0,0,0,0,0,0,0,0,0.0,0.0,0.0,0.0,0.0,0.0,0.0,0.0,0,45
2025-26,33,328,95,Zain Silcott-Duberry,MID,Bournemouth,4,15,0,2026-04-18T14:00:00Z,0,0,0,0,0,0,0,0,0.0,0.0,0.0,0.0,0.0,0.0,0.0,0.0,0,44
2025-26,33,332,95,Zain Silcott-Duberry,MID,Bournemouth,4,11,1,2026-04-22T19:00:00Z,0,0,0,0,0,0,0,0,0.0,0.0,0.0,0.0,0.0,0.0,0.0,0.0,0,44
2025-26,33,328,96,Ben Winterburn,MID,Bournemouth,4,15,0,2026-04-18T14:00:00Z,0,0,0,0,0,0,0,0,0.0,0.0,0.0,0.0,0.0,0.0,0.0,0.0,0,45
2025-26,33,332,96,Ben Winterburn,MID,Bournemouth,4,11,1,2026-04-22T19:00:00Z,0,0,0,0,0,0,0,0,0.0,0.0,0.0,0.0,0.0,0.0,0.0,0.0,0,45
2025-26,33,328,97,Francisco Evanilson de Lima Barbosa,FWD,Bournemouth,4,15,0,2026-04-18T14:00:00Z,88,5,0,1,0,1,0,11,4.8,12.1,19.0,3.6,1.12,0.03,1.15,1.01,1,67
2025-26,33,332,97,Francisco Evanilson de Lima Barbosa,FWD,Bournemouth,4,11,1,2026-04-22T19:00:00Z,90,1,0,0,0,2,0,0,4.2,25.7,24.0,5.4,0.11,0.06,0.17,0.83,1,67
2025-26,33,328,98,Enes Ünal,FWD,Bournemouth,4,15,0,2026-04-18T14:00:00Z,1,1,0,0,0,0,0,4,4.2,0.0,0.0,0.4,0.0,0.0,0.0,0.58,0,54
2025-26,33,332,98,Enes Ünal,FWD,Bournemouth,4,11,1,2026-04-22T19:00:00Z,0,0,0,0,0,0,0,0,0.0,0.0,0.0,0.0,0.0,0.0,0.0,0.0,0,54
2025-26,33,328,99,Daniel Adu-Adjei,FWD,Bournemouth,4,15,0,2026-04-18T14:00:00Z,0,0,0,0,0,0,0,0,0.0,0.0,0.0,0.0,0.0,0.0,0.0,0.0,0,44
2025-26,33,332,99,Daniel Adu-Adjei,FWD,Bournemouth,4,11,1,2026-04-22T19:00:00Z,0,0,0,0,0,0,0,0,0.0,0.0,0.0,0.0,0.0,0.0,0.0,0.0,0,44
2025-26,33,328,100,Junior Kroupi,FWD,Bournemouth,4,15,0,2026-04-18T14:00:00Z,65,2,0,0,1,0,0,6,2.0,1.0,11.0,1.4,0.14,0.04,0.18,0.47,1,46
2025-26,33,332,100,Junior Kroupi,FWD,Bournemouth,4,11,1,2026-04-22T19:00:00Z,72,8,1,0,0,1,3,31,37.0,23.7,27.0,8.8,0.21,0.23,0.44,0.45,1,46
2025-26,33,322,101,Caoimhín Kelleher,GK,Brentford,5,10,1,2026-04-18T11:30:00Z,90,6,0,0,1,0,0,23,7.8,0.0,0.0,0.8,0.0,0.0,0.0,0.77,1,48
2025-26,33,322,102,Ellery Balcombe,GK,Brentford,5,10,1,2026-04-18T11:30:00Z,0,0,0,0,0,0,0,0,0.0,0.0,0.0,0.0,0.0,0.0,0.0,0.0,0,39
2025-26,33,322,103,Matthew Cox,GK,Brentford,5,10,1,2026-04-18T11:30:00Z,0,0,0,0,0,0,0,0,0.0,0.0,0.0,0.0,0.0,0.0,0.0,0.0,0,39
2025-26,33,322,104,Julian Eyestone,GK,Brentford,5,10,1,2026-04-18T11:30:00Z,0,0,0,0,0,0,0,0,0.0,0.0,0.0,0.0,0.0,0.0,0.0,0.0,0,39
2025-26,33,322,105,Hákon Rafn Valdimarsson,GK,Brentford,5,10,1,2026-04-18T11:30:00Z,0,0,0,0,0,0,0,0,0.0,0.0,0.0,0.0,0.0,0.0,0.0,0.0,0,38
2025-26,33,322,106,Nathan Collins,DEF,Brentford,5,10,1,2026-04-18T11:30:00Z,90,6,0,0,1,0,0,19,9.6,0.4,13.0,2.3,0.28,0.0,0.28,0.77,1,49
2025-26,33,322,107,Keane Lewis-Potter,DEF,Brentford,5,10,1,2026-04-18T11:30:00Z,90,6,0,0,1,0,0,21,12.4,29.1,16.0,5.8,0.37,0.26,0.63,0.77,1,48
2025-26,33,322,108,Kristoffer Ajer,DEF,Brentford,5,10,1,2026-04-18T11:30:00Z,0,0,0,0,0,0,0,0,0.0,0.0,0.0,0.0,0.0,0.0,0.0,0.0,0,44
2025-26,33,322,109,Rico Henry,DEF,Brentford,5,10,1,2026-04-18T11:30:00Z,0,0,0,0,0,0,0,0,0.0,0.0,0.0,0.0,0.0,0.0,0.0,0.0,0,43
2025-26,33,322,110,Michael Kayode,DEF,Brentford,5,10,1,2026-04-18T11:30:00Z,90,8,0,0,1,0,2,27,13.4,11.8,2.0,2.7,0.0,0.06,0.06,0.77,1,46
2025-26,33,322,111,Ethan Pinnock,DEF,Brentford,5,10,1,2026-04-18T11:30:00Z,0,0,0,0,0,0,0,0,0.0,0.0,0.0,0.0,0.0,0.0,0.0,0.0,0,42
2025-26,33,322,112,Mads Roerslev Rasmussen,DEF,Brentford,5,10,1,2026-04-18T11:30:00Z,0,0,0,0,0,0,0,0,0.0,0.0,0.0,0.0,0.0,0.0,0.0,0.0,0,45
2025-26,33,322,113,Sepp van den Berg,DEF,Brentford,5,10,1,2026-04-18T11:30:00Z,90,6,0,0,1,0,0,24,22.0,0.7,0.0,2.3,0.0,0.0,0.0,0.77,1,46
2025-26,33,322,114,Benjamin Arthur,DEF,Brentford,5,10,1,2026-04-18T11:30:00Z,0,0,0,0,0,0,0,0,0.0,0.0,0.0,0.0,0.0,0.0,0.0,0.0,0,38
2025-26,33,322,115,Benjamin Fredrick,DEF,Brentford,5,10,1,2026-04-18T11:30:00Z,0,0,0,0,0,0,0,0,0.0,0.0,0.0,0.0,0.0,0.0,0.0,0.0,0,40
2025-26,33,322,116,Aaron Hickey,DEF,Brentford,5,10,1,2026-04-18T11:30:00Z,0,0,0,0,0,0,0,0,0.0,0.0,0.0,0.0,0.0,0.0,0.0,0.0,0,40
2025-26,33,322,117,Kim Ji-soo,DEF,Brentford,5,10,1,2026-04-18T11:30:00Z,0,0,0,0,0,0,0,0,0.0,0.0,0.0,0.0,0.0,0.0,0.0,0.0,0,39
2025-26,33,322,118,Jayden Meghoma,DEF,Brentford,5,10,1,2026-04-18T11:30:00Z,0,0,0,0,0,0,0,0,0.0,0.0,0.0,0.0,0.0,0.0,0.0,0.0,0,40
2025-26,33,323,119,Bryan Mbeumo,MID,Man Utd,14,7,0,2026-04-18T19:00:00Z,86,3,0,0,1,0,0,5,0.0,3.8,6.0,1.0,0.0,0.03,0.03,1.57,1,85
2025-26,33,322,120,Kevin Schade,MID,Brentford,5,10,1,2026-04-18T11:30:00Z,90,3,0,0,1,0,0,12,11.4,32.0,27.0,7.0,0.16,0.17,0.33,0.77,1,70
2025-26,33,322,121,Mikkel Damsgaard,MID,Brentford,5,10,1,2026-04-18T11:30:00Z,90,5,0,0,1,0,0,13,11.2,17.5,8.0,3.7,0.17,0.03,0.2,0.77,1,56
2025-26,33,322,122,Antoni Milambo,MID,Brentford,5,10,1,2026-04-18T11:30:00Z,0,0,0,0,0,0,0,0,0.0,0.0,0.0,0.0,0.0,0.0,0.0,0.0,0,52
2025-26,33,322,123,Fábio Freitas Gouveia Carvalho,MID,Brentford,5,10,1,2026-04-18T11:30:00Z,0,0,0,0,0,0,0,0,0.0,0.0,0.0,0.0,0.0,0.0,0.0,0.0,0,46
2025-26,33,322,124,Jordan Henderson,MID,Brentford,5,10,1,2026-04-18T11:30:00Z,0,0,0,0,0,0,0,0,0.0,0.0,0.0,0.0,0.0,0.0,0.0,0.0,0,50
2025-26,33,322,125,Vitaly Janelt,MID,Brentford,5,10,1,2026-04-18T11:30:00Z,0,0,0,0,0,0,0,0,0.0,0.0,0.0,0.0,0.0,0.0,0.0,0.0,0,49
2025-26,33,322,126,Mathias Jensen,MID,Brentford,5,10,1,2026-04-18T11:30:00Z,90,3,0,0,1,0,0,21,15.2,62.3,0.0,7.8,0.0,0.53,0.53,0.77,1,49
2025-26,33,322,127,Gustavo Nunes Fernandes Gomes,MID,Brentford,5,10,1,2026-04-18T11:30:00Z,0,0,0,0,0,0,0,0,0.0,0.0,0.0,0.0,0.0,0.0,0.0,0.0,0,49
2025-26,33,322,128,Frank Onyeka,MID,Brentford,5,10,1,2026-04-18T11:30:00Z,0,0,0,0,0,0,0,0,0.0,0.0,0.0,0.0,0.0,0.0,0.0,0.0,0,48
2025-26,33,322,129,Yehor Yarmoliuk,MID,Brentford,5,10,1,2026-04-18T11:30:00Z,90,3,0,0,1,0,0,12,10.8,3.4,0.0,1.4,0.0,0.02,0.02,0.77,1,50
2025-26,33,322,130,Romelle Donovan,MID,Brentford,5,10,1,2026-04-18T11:30:00Z,0,0,0,0,0,0,0,0,0.0,0.0,0.0,0.0,0.0,0.0,0.0,0.0,0,44
2025-26,33,322,131,Yunus Emre Konak,MID,Brentford,5,10,1,2026-04-18T11:30:00Z,0,0,0,0,0,0,0,0,0.0,0.0,0.0,0.0,0.0,0.0,0.0,0.0,0,43
2025-26,33,322,132,Paris Maghoma,MID,Brentford,5,10,1,2026-04-18T11:30:00Z,0,0,0,0,0,0,0,0,0.0,0.0,0.0,0.0,0.0,0.0,0.0,0.0,0,45
2025-26,33,322,133,Myles Peart-Harris,MID,Brentford,5,10,1,2026-04-18T11:30:00Z,0,0,0,0,0,0,0,0,0.0,0.0,0.0,0.0,0.0,0.0,0.0,0.0,0,44
2025-26,33,322,134,Ryan Trevitt,MID,Brentford,5,10,1,2026-04-18T11:30:00Z,0,0,0,0,0,0,0,0,0.0,0.0,0.0,0.0,0.0,0.0,0.0,0.0,0,45
2025-26,33,328,135,Yoane Wissa,FWD,Newcastle,15,4,1,2026-04-18T14:00:00Z,0,0,0,0,0,0,0,0,0.0,0.0,0.0,0.0,0.0,0.0,0.0,0.0,0,73
2025-26,33,322,136,Igor Thiago Nascimento Rodrigues,FWD,Brentford,5,10,1,2026-04-18T11:30:00Z,90,2,0,0,1,0,0,7,7.2,7.7,15.0,3.0,0.18,0.01,0.19,0.77,1,73
2025-26,33,322,137,Iwan Morgan,FWD,Brentford,5,10,1,2026-04-18T11:30:00Z,0,0,0,0,0,0,0,0,0.0,0.0,0.0,0.0,0.0,0.0,0.0,0.0,0,44
2025-26,33,330,138,Jason Steele,GK,Brighton,6,18,0,2026-04-18T16:30:00Z,0,0,0,0,0,0,0,0,0.0,0.0,0.0,0.0,0.0,0.0,0.0,0.0,0,42
2025-26,33,333,138,Jason Steele,GK,Brighton,6,7,1,2026-04-21T19:00:00Z,0,0,0,0,0,0,0,0,0.0,0.0,0.0,0.0,0.0,0.0,0.0,0.0,0,42
2025-26,33,330,139,Bart Verbruggen,GK,Brighton,6,18,0,2026-04-18T16:30:00Z,90,2,0,0,0,2,0,13,33.0,0.0,0.0,3.3,0.0,0.0,0.0,1.09,1,45
2025-26,33,333,139,Bart Verbruggen,GK,Brighton,6,7,1,2026-04-21T19:00:00Z,90,6,0,0,1,0,0,22,10.0,0.0,0.0,1.0,0.0,0.01,0.01,0.37,1,45
2025-26,33,330,140,Tom McGill,GK,Brighton,6,18,0,2026-04-18T16:30:00Z,0,0,0,0,0,0,0,0,0.0,0.0,0.0,0.0,0.0,0.0,0.0,0.0,0,39
2025-26,33,333,140,Tom McGill,GK,Brighton,6,7,1,2026-04-21T19:00:00Z,0,0,0,0,0,0,0,0,0.0,0.0,0.0,0.0,0.0,0.0,0.0,0.0,0,39
2025-26,33,330,141,Carl Rushworth,GK,Brighton,6,18,0,2026-04-18T16:30:00Z,0,0,0,0,0,0,0,0,0.0,0.0,0.0,0.0,0.0,0.0,0.0,0.0,0,40
2025-26,33,333,141,Carl Rushworth,GK,Brighton,6,7,1,2026-04-21T19:00:00Z,0,0,0,0,0,0,0,0,0.0,0.0,0.0,0.0,0.0,0.0,0.0,0.0,0,40
2025-26,33,330,142,Kjell Scherpen,GK,Brighton,6,18,0,2026-04-18T16:30:00Z,0,0,0,0,0,0,0,0,0.0,0.0,0.0,0.0,0.0,0.0,0.0,0.0,0,40
2025-26,33,333,142,Kjell Scherpen,GK,Brighton,6,7,1,2026-04-21T19:00:00Z,0,0,0,0,0,0,0,0,0.0,0.0,0.0,0.0,0.0,0.0,0.0,0.0,0,40
2025-26,33,330,143,Olivier Boscagli,DEF,Brighton,6,18,0,2026-04-18T16:30:00Z,90,1,0,0,0,2,0,11,21.0,6.1,0.0,2.7,0.0,0.04,0.04,1.09,1,42
2025-26,33,333,143,Olivier Boscagli,DEF,Brighton,6,7,1,2026-04-21T19:00:00Z,90,6,0,0,1,0,0,28,15.6,1.3,0.0,1.7,0.0,0.03,0.03,0.37,1,42
2025-26,33,330,144,Diego Coppola,DEF,Brighton,6,18,0,2026-04-18T16:30:00Z,0,0,0,0,0,0,0,0,0.0,0.0,0.0,0.0,0.0,0.0,0.0,0.0,0,42
2025-26,33,333,144,Diego Coppola,DEF,Brighton,6,7,1,2026-04-21T19:00:00Z,0,0,0,0,0,0,0,0,0.0,0.0,0.0,0.0,0.0,0.0,0.0,0.0,0,42
2025-26,33,330,145,Maxim De Cuyper,DEF,Brighton,6,18,0,2026-04-18T16:30:00Z,15,1,0,0,0,1,0,-2,2.0,0.8,0.0,0.3,0.0,0.0,0.0,0.12,0,43
2025-26,33,333,145,Maxim De Cuyper,DEF,Brighton,6,7,1,2026-04-21T19:00:00Z,13,4,0,1,0,0,0,19,25.2,10.5,0.0,3.6,0.0,0.1,0.1,0.11,0,43
2025-26,33,330,146,Lewis Dunk,DEF,Brighton,6,18,0,2026-04-18T16:30:00Z,0,0,0,0,0,0,0,0,0.0,0.0,0.0,0.0,0.0,0.0,0.0,0.0,0,45
2025-26,33,333,146,Lewis Dunk,DEF,Brighton,6,7,1,2026-04-21T19:00:00Z,0,0,0,0,0,0,0,0,0.0,0.0,0.0,0.0,0.0,0.0,0.0,0.0,0,45
2025-26,33,330,147,Pervis Estupiñán Tenorio,DEF,Brighton,6,18,0,2026-04-18T16:30:00Z,0,0,0,0,0,0,0,0,0.0,0.0,0.0,0.0,0.0,0.0,0.0,0.0,0,45
2025-26,33,333,147,Pervis Estupiñán Tenorio,DEF,Brighton,6,7,1,2026-04-21T19:00:00Z,0,0,0,0,0,0,0,0,0.0,0.0,0.0,0.0,0.0,0.0,0.0,0.0,0,45
2025-26,33,330,148,Ferdi Kadıoğlu,DEF,Brighton,6,18,0,2026-04-18T16:30:00Z,90,1,0,0,0,2,0,-2,6.6,4.6,11.0,2.2,0.14,0.01,0.15,1.09,1,44
2025-26,33,333,148,Ferdi Kadıoğlu,DEF,Brighton,6,7,1,2026-04-21T19:00:00Z,90,15,1,0,1,0,3,51,54.6,4.1,43.0,10.2,0.26,0.09,0.35,0.37,1,44
2025-26,33,330,149,Igor Julio dos Santos de Paulo,DEF,Brighton,6,18,0,2026-04-18T16:30:00Z,0,0,0,0,0,0,0,0,0.0,0.0,0.0,0.0,0.0,0.0,0.0,0.0,0,45
2025-26,33,333,149,Igor Julio dos Santos de Paulo,DEF,Brighton,6,7,1,2026-04-21T19:00:00Z,0,0,0,0,0,0,0,0,0.0,0.0,0.0,0.0,0.0,0.0,0.0,0.0,0,45
2025-26,33,330,150,Tariq Lamptey,DEF,Brighton,6,18,0,2026-04-18T16:30:00Z,0,0,0,0,0,0,0,0,0.0,0.0,0.0,0.0,0.0,0.0,0.0,0.0,0,44
2025-26,33,333,150,Tariq Lamptey,DEF,Brighton,6,7,1,2026-04-21T19:00:00Z,0,0,0,0,0,0,0,0,0.0,0.0,0.0,0.0,0.0,0.0,0.0,0.0,0,44
2025-26,33,330,151,Jan Paul van Hecke,DEF,Brighton,6,18,0,2026-04-18T16:30:00Z,90,6,0,1,0,2,0,16,44.8,13.7,10.0,6.9,0.06,0.07,0.13,1.09,1,46
2025-26,33,333,151,Jan Paul van Hecke,DEF,Brighton,6,7,1,2026-04-21T19:00:00Z,90,6,0,0,1,0,0,28,19.2,4.9,24.0,4.8,0.13,0.01,0.14,0.37,1,46
2025-26,33,330,152,Joël Veltman,DEF,Brighton,6,18,0,2026-04-18T16:30:00Z,0,0,0,0,0,0,0,0,0.0,0.0,0.0,0.0,0.0,0.0,0.0,0.0,0,43
2025-26,33,333,152,Joël Veltman,DEF,Brighton,6,7,1,2026-04-21T19:00:00Z,45,1,0,0,0,0,0,6,11.8,1.1,0.0,1.3,0.0,0.0,0.0,0.33,0,43
2025-26,33,330,153,Adam Webster,DEF,Brighton,6,18,0,2026-04-18T16:30:00Z,0,0,0,0,0,0,0,0,0.0,0.0,0.0,0.0,0.0,0.0,0.0,0.0,0,44
2025-26,33,333,153,Adam Webster,DEF,Brighton,6,7,1,2026-04-21T19:00:00Z,0,0,0,0,0,0,0,0,0.0,0.0,0.0,0.0,0.0,0.0,0.0,0.0,0,44
2025-26,33,330,154,Eiran Cashin,DEF,Brighton,6,18,0,2026-04-18T16:30:00Z,0,0,0,0,0,0,0,0,0.0,0.0,0.0,0.0,0.0,0.0,0.0,0.0,0,40
2025-26,33,333,154,Eiran Cashin,DEF,Brighton,6,7,1,2026-04-21T19:00:00Z,0,0,0,0,0,0,0,0,0.0,0.0,0.0,0.0,0.0,0.0,0.0,0.0,0,40
2025-26,33,330,155,Jacob Slater,DEF,Brighton,6,18,0,2026-04-18T16:30:00Z,0,0,0,0,0,0,0,0,0.0,0.0,0.0,0.0,0.0,0.0,0.0,0.0,0,40
2025-26,33,333,155,Jacob Slater,DEF,Brighton,6,7,1,2026-04-21T19:00:00Z,0,0,0,0,0,0,0,0,0.0,0.0,0.0,0.0,0.0,0.0,0.0,0.0,0,40
2025-26,33,330,156,Charlie Tasker,DEF,Brighton,6,18,0,2026-04-18T16:30:00Z,0,0,0,0,0,0,0,0,0.0,0.0,0.0,0.0,0.0,0.0,0.0,0.0,0,38
2025-26,33,333,156,Charlie Tasker,DEF,Brighton,6,7,1,2026-04-21T19:00:00Z,0,0,0,0,0,0,0,0,0.0,0.0,0.0,0.0,0.0,0.0,0.0,0.0,0,38
2025-26,33,330,157,Mitoma Kaoru,MID,Brighton,6,18,0,2026-04-18T16:30:00Z,54,6,1,0,0,1,0,24,40.8,3.3,28.0,7.2,0.09,0.1,0.19,0.96,0,61
2025-26,33,333,157,Mitoma Kaoru,MID,Brighton,6,7,1,2026-04-21T19:00:00Z,81,3,0,0,1,0,0,17,13.0,35.0,33.0,8.1,0.28,0.08,0.36,0.35,1,61
2025-26,33,330,158,Georginio Rutter,MID,Brighton,6,18,0,2026-04-18T16:30:00Z,15,6,1,0,0,1,0,22,35.4,0.7,21.0,5.7,0.08,0.01,0.09,0.12,0,56
2025-26,33,333,158,Georginio Rutter,MID,Brighton,6,7,1,2026-04-21T19:00:00Z,82,6,0,1,1,0,0,18,18.8,26.8,14.0,6.0,0.12,0.11,0.23,0.35,1,56
2025-26,33,330,159,Solly March,MID,Brighton,6,18,0,2026-04-18T16:30:00Z,0,0,0,0,0,0,0,0,0.0,0.0,0.0,0.0,0.0,0.0,0.0,0.0,0,58
2025-26,33,333,159,Solly March,MID,Brighton,6,7,1,2026-04-21T19:00:00Z,0,0,0,0,0,0,0,0,0.0,0.0,0.0,0.0,0.0,0.0,0.0,0.0,0,58
2025-26,33,330,160,Yankuba Minteh,MID,Brighton,6,18,0,2026-04-18T16:30:00Z,90,2,0,0,0,2,0,19,21.6,24.6,6.0,5.2,0.0,0.34,0.34,1.09,1,55
2025-26,33,333,160,Yankuba Minteh,MID,Brighton,6,7,1,2026-04-21T19:00:00Z,76,2,0,0,1,0,0,3,5.8,2.7,15.0,2.4,0.02,0.05,0.07,0.26,1,55
2025-26,33,330,161,Julio Enciso Espínola,MID,Brighton,6,18,0,2026-04-18T16:30:00Z,0,0,0,0,0,0,0,0,0.0,0.0,0.0,0.0,0.0,0.0,0.0,0.0,0,54
2025-26,33,333,161,Julio Enciso Espínola,MID,Brighton,6,7,1,2026-04-21T19:00:00Z,0,0,0,0,0,0,0,0,0.0,0.0,0.0,0.0,0.0,0.0,0.0,0.0,0,54
2025-26,33,330,162,Brajan Gruda,MID,Brighton,6,18,0,2026-04-18T16:30:00Z,0,0,0,0,0,0,0,0,0.0,0.0,0.0,0.0,0.0,0.0,0.0,0.0,0,54
2025-26,33,333,162,Brajan Gruda,MID,Brighton,6,7,1,2026-04-21T19:00:00Z,0,0,0,0,0,0,0,0,0.0,0.0,0.0,0.0,0.0,0.0,0.0,0.0,0,54
2025-26,33,330,163,Jack Hinshelwood,MID,Brighton,6,18,0,2026-04-18T16:30:00Z,74,2,0,0,0,1,0,4,0.0,7.8,8.0,1.3,0.04,0.02,0.06,0.97,1,51
2025-26,33,333,163,Jack Hinshelwood,MID,Brighton,6,7,1,2026-04-21T19:00:00Z,90,8,1,0,1,0,0,21,35.2,4.7,23.0,6.3,1.03,0.03,1.06,0.37,1,51
2025-26,33,330,164,Matt O'Riley,MID,Brighton,6,18,0,2026-04-18T16:30:00Z,15,1,0,0,0,1,0,3,3.6,0.3,0.0,0.4,0.0,0.0,0.0,0.12,0,55
2025-26,33,333,164,Matt O'Riley,MID,Brighton,6,7,1,2026-04-21T19:00:00Z,1,1,0,0,0,0,0,3,0.2,0.0,0.0,0.0,0.0,0.0,0.0,0.0,0,55
2025-26,33,330,165,Abdallah Sima,MID,Brighton,6,18,0,2026-04-18T16:30:00Z,0,0,0,0,0,0,0,0,0.0,0.0,0.0,0.0,0.0,0.0,0.0,0.0,0,54
2025-26,33,333,165,Abdallah Sima,MID,Brighton,6,7,1,2026-04-21T19:00:00Z,0,0,0,0,0,0,0,0,0.0,0.0,0.0,0.0,0.0,0.0,0.0,0.0,0,54
2025-26,33,330,166,Yasin Ayari,MID,Brighton,6,18,0,2026-04-18T16:30:00Z,81,2,0,0,0,2,0,10,2.8,2.7,2.0,0.8,0.09,0.01,0.1,1.05,1,48
2025-26,33,333,166,Yasin Ayari,MID,Brighton,6,7,1,2026-04-21T19:00:00Z,8,1,0,0,0,0,0,2,0.0,0.0,2.0,0.2,0.0,0.0,0.0,0.02,0,48
2025-26,33,330,167,Carlos Baleba,MID,Brighton,6,18,0,2026-04-18T16:30:00Z,0,0,0,0,0,0,0,0,0.0,0.0,0.0,0.0,0.0,0.0,0.0,0.0,0,45
2025-26,33,333,167,Carlos Baleba,MID,Brighton,6,7,1,2026-04-21T19:00:00Z,90,3,0,0,1,0,0,17,15.2,12.8,2.0,3.0,0.0,0.33,0.33,0.37,1,45
2025-26,33,326,168,Facundo Buonanotte,MID,Leeds,11,20,1,2026-04-18T14:00:00Z,0,0,0,0,0,0,0,0,0.0,0.0,0.0,0.0,0.0,0.0,0.0,0.0,0,46
2025-26,33,332,168,Facundo Buonanotte,MID,Leeds,11,4,0,2026-04-22T19:00:00Z,0,0,0,0,0,0,0,0,0.0,0.0,0.0,0.0,0.0,0.0,0.0,0.0,0,46
2025-26,33,330,169,Diego Gómez Amarilla,MID,Brighton,6,18,0,2026-04-18T16:30:00Z,19,1,0,0,0,0,0,1,0.0,0.0,0.0,0.0,0.0,0.0,0.0,0.01,1,49
2025-26,33,333,169,Diego Gómez Amarilla,MID,Brighton,6,7,1,2026-04-21T19:00:00Z,0,0,0,0,0,0,0,0,0.0,0.0,0.0,0.0,0.0,0.0,0.0,0.0,0,49
2025-26,33,330,170,James Milner,MID,Brighton,6,18,0,2026-04-18T16:30:00Z,0,0,0,0,0,0,0,0,0.0,0.0,0.0,0.0,0.0,0.0,0.0,0.0,0,49
2025-26,33,333,170,James Milner,MID,Brighton,6,7,1,2026-04-21T19:00:00Z,0,0,0,0,0,0,0,0,0.0,0.0,0.0,0.0,0.0,0.0,0.0,0.0,0,49
2025-26,33,330,171,Jeremy Sarmiento Morante,MID,Brighton,6,18,0,2026-04-18T16:30:00Z,0,0,0,0,0,0,0,0,0.0,0.0,0.0,0.0,0.0,0.0,0.0,0.0,0,49
2025-26,33,333,171,Jeremy Sarmiento Morante,MID,Brighton,6,7,1,2026-04-21T19:00:00Z,0,0,0,0,0,0,0,0,0.0,0.0,0.0,0.0,0.0,0.0,0.0,0.0,0,49
2025-26,33,330,172,Tom Watson,MID,Brighton,6,18,0,2026-04-18T16:30:00Z,0,0,0,0,0,0,0,0,0.0,0.0,0.0,0.0,0.0,0.0,0.0,0.0,0,48
2025-26,33,333,172,Tom Watson,MID,Brighton,6,7,1,2026-04-21T19:00:00Z,0,0,0,0,0,0,0,0,0.0,0.0,0.0,0.0,0.0,0.0,0.0,0.0,0,48
2025-26,33,330,173,Mats Wieffer,MID,Brighton,6,18,0,2026-04-18T16:30:00Z,90,1,0,0,0,2,0,5,4.6,15.4,10.0,3.0,0.0,0.04,0.04,1.09,1,49
2025-26,33,333,173,Mats Wieffer,MID,Brighton,6,7,1,2026-04-21T19:00:00Z,45,1,0,0,0,0,0,4,0.0,2.0,0.0,0.2,0.0,0.01,0.01,0.04,1,49
2025-26,33,330,174,Malick Yalcouyé,MID,Brighton,6,18,0,2026-04-18T16:30:00Z,0,0,0,0,0,0,0,0,0.0,0.0,0.0,0.0,0.0,0.0,0.0,0.0,0,50
2025-26,33,333,174,Malick Yalcouyé,MID,Brighton,6,7,1,2026-04-21T19:00:00Z,0,0,0,0,0,0,0,0,0.0,0.0,0.0,0.0,0.0,0.0,0.0,0.0,0,50
2025-26,33,330,175,Joe Knight,MID,Brighton,6,18,0,2026-04-18T16:30:00Z,0,0,0,0,0,0,0,0,0.0,0.0,0.0,0.0,0.0,0.0,0.0,0.0,0,44
2025-26,33,333,175,Joe Knight,MID,Brighton,6,7,1,2026-04-21T19:00:00Z,0,0,0,0,0,0,0,0,0.0,0.0,0.0,0.0,0.0,0.0,0.0,0.0,0,44
2025-26,33,330,176,Adrian Mazilu,MID,Brighton,6,18,0,2026-04-18T16:30:00Z,0,0,0,0,0,0,0,0,0.0,0.0,0.0,0.0,0.0,0.0,0.0,0.0,0,45
2025-26,33,333,176,Adrian Mazilu,MID,Brighton,6,7,1,2026-04-21T19:00:00Z,0,0,0,0,0,0,0,0,0.0,0.0,0.0,0.0,0.0,0.0,0.0,0.0,0,45
2025-26,33,330,177,Andrew Moran,MID,Brighton,6,18,0,2026-04-18T16:30:00Z,0,0,0,0,0,0,0,0,0.0,0.0,0.0,0.0,0.0,0.0,0.0,0.0,0,45
2025-26,33,333,177,Andrew Moran,MID,Brighton,6,7,1,2026-04-21T19:00:00Z,0,0,0,0,0,0,0,0,0.0,0.0,0.0,0.0,0.0,0.0,0.0,0.0,0,45
2025-26,33,330,178,Danny Welbeck,FWD,Brighton,6,18,0,2026-04-18T16:30:00Z,74,2,0,0,0,1,0,5,5.4,1.0,19.0,2.5,0.21,0.01,0.22,0.97,1,63
2025-26,33,333,178,Danny Welbeck,FWD,Brighton,6,7,1,2026-04-21T19:00:00Z,7,6,1,0,0,0,1,29,33.4,0.3,17.0,5.1,0.24,0.0,0.24,0.02,0,63
2025-26,33,330,179,Evan Ferguson,FWD,Brighton,6,18,0,2026-04-18T16:30:00Z,0,0,0,0,0,0,0,0,0.0,0.0,0.0,0.0,0.0,0.0,0.0,0.0,0,55
2025-26,33,333,179,Evan Ferguson,FWD,Brighton,6,7,1,2026-04-21T19:00:00Z,0,0,0,0,0,0,0,0,0.0,0.0,0.0,0.0,0.0,0.0,0.0,0.0,0,55
2025-26,33,330,180,Stefanos Tzimas,FWD,Brighton,6,18,0,2026-04-18T16:30:00Z,0,0,0,0,0,0,0,0,0.0,0.0,0.0,0.0,0.0,0.0,0.0,0.0,0,52
2025-26,33,333,180,Stefanos Tzimas,FWD,Brighton,6,7,1,2026-04-21T19:00:00Z,0,0,0,0,0,0,0,0,0.0,0.0,0.0,0.0,0.0,0.0,0.0,0.0,0,52
2025-26,33,330,181,Charalampos Kostoulas,FWD,Brighton,6,18,0,2026-04-18T16:30:00Z,8,1,0,0,0,0,0,6,0.4,11.8,6.0,1.8,0.1,0.05,0.15,0.04,0,48
2025-26,33,333,181,Charalampos Kostoulas,FWD,Brighton,6,7,1,2026-04-21T19:00:00Z,0,0,0,0,0,0,0,0,0.0,0.0,0.0,0.0,0.0,0.0,0.0,0.0,0,48
2025-26,33,327,182,James Trafford,GK,Man City,13,1,1,2026-04-19T15:30:00Z,0,0,0,0,0,0,0,0,0.0,0.0,0.0,0.0,0.0,0.0,0.0,0.0,0,45
2025-26,33,334,182,James Trafford,GK,Man City,13,3,0,2026-04-22T19:00:00Z,0,0,0,0,0,0,0,0,0.0,0.0,0.0,0.0,0.0,0.0,0.0,0.0,0,45
2025-26,33,329,183,Max Weiß,GK,Burnley,3,16,0,2026-04-19T13:00:00Z,0,0,0,0,0,0,0,0,0.0,0.0,0.0,0.0,0.0,0.0,0.0,0.0,0,42
2025-26,33,334,183,Max Weiß,GK,Burnley,3,13,1,2026-04-22T19:00:00Z,0,0,0,0,0,0,0,0,0.0,0.0,0.0,0.0,0.0,0.0,0.0,0.0,0,42
2025-26,33,329,184,Etienne Green,GK,Burnley,3,16,0,2026-04-19T13:00:00Z,0,0,0,0,0,0,0,0,0.0,0.0,0.0,0.0,0.0,0.0,0.0,0.0,0,40
2025-26,33,334,184,Etienne Green,GK,Burnley,3,13,1,2026-04-22T19:00:00Z,0,0,0,0,0,0,0,0,0.0,0.0,0.0,0.0,0.0,0.0,0.0,0.0,0,40
2025-26,33,329,185,Václav Hladký,GK,Burnley,3,16,0,2026-04-19T13:00:00Z,0,0,0,0,0,0,0,0,0.0,0.0,0.0,0.0,0.0,0.0,0.0,0.0,0,39
2025-26,33,334,185,Václav Hladký,GK,Burnley,3,13,1,2026-04-22T19:00:00Z,0,0,0,0,0,0,0,0,0.0,0.0,0.0,0.0,0.0,0.0,0.0,0.0,0,39
2025-26,33,329,186,Connor Roberts,DEF,Burnley,3,16,0,2026-04-19T13:00:00Z,0,0,0,0,0,0,0,0,0.0,0.0,0.0,0.0,0.0,0.0,0.0,0.0,0,43
2025-26,33,334,186,Connor Roberts,DEF,Burnley,3,13,1,2026-04-22T19:00:00Z,0,0,0,0,0,0,0,0,0.0,0.0,0.0,0.0,0.0,0.0,0.0,0.0,0,43
2025-26,33,329,187,Kyle Walker,DEF,Burnley,3,16,0,2026-04-19T13:00:00Z,90,-1,0,0,0,4,0,-5,10.6,3.1,2.0,1.6,0.0,0.02,0.02,1.19,1,44
2025-26,33,334,187,Kyle Walker,DEF,Burnley,3,13,1,2026-04-22T19:00:00Z,90,2,0,0,0,1,0,15,10.4,11.0,0.0,2.1,0.0,0.03,0.03,3.54,1,44
2025-26,33,329,188,Hannes Delcroix,DEF,Burnley,3,16,0,2026-04-19T13:00:00Z,0,0,0,0,0,0,0,0,0.0,0.0,0.0,0.0,0.0,0.0,0.0,0.0,0,38
2025-26,33,334,188,Hannes Delcroix,DEF,Burnley,3,13,1,2026-04-22T19:00:00Z,0,0,0,0,0,0,0,0,0.0,0.0,0.0,0.0,0.0,0.0,0.0,0.0,0,38
2025-26,33,329,189,Owen Dodgson,DEF,Burnley,3,16,0,2026-04-19T13:00:00Z,0,0,0,0,0,0,0,0,0.0,0.0,0.0,0.0,0.0,0.0,0.0,0.0,0,40
2025-26,33,334,189,Owen Dodgson,DEF,Burnley,3,13,1,2026-04-22T19:00:00Z,0,0,0,0,0,0,0,0,0.0,0.0,0.0,0.0,0.0,0.0,0.0,0.0,0,40
2025-26,33,329,190,Hjalmar Ekdal,DEF,Burnley,3,16,0,2026-04-19T13:00:00Z,90,0,0,0,0,4,0,-1,17.6,0.2,0.0,1.8,0.0,0.0,0.0,1.19,1,38
2025-26,33,334,190,Hjalmar Ekdal,DEF,Burnley,3,13,1,2026-04-22T19:00:00Z,90,4,0,0,0,1,0,12,27.8,0.3,10.0,3.8,0.04,0.06,0.1,3.54,1,38
2025-26,33,329,191,Maxime Estève,DEF,Burnley,3,16,0,2026-04-19T13:00:00Z,90,2,0,0,0,4,0,-1,34.8,0.8,5.0,4.1,0.06,0.0,0.06,1.19,1,39
2025-26,33,334,191,Maxime Estève,DEF,Burnley,3,13,1,2026-04-22T19:00:00Z,90,4,0,0,0,1,0,10,33.8,0.3,0.0,3.4,0.0,0.0,0.0,3.54,1,39
2025-26,33,329,192,Quilindschy Hartman,DEF,Burnley,3,16,0,2026-04-19T13:00:00Z,90,3,0,1,0,4,0,13,33.0,12.3,2.0,4.7,0.0,0.22,0.22,1.19,1,40
2025-26,33,334,192,Quilindschy Hartman,DEF,Burnley,3,13,1,2026-04-22T19:00:00Z,90,4,0,0,0,1,0,13,28.2,1.0,11.0,4.0,0.11,0.0,0.11,3.54,1,40
2025-26,33,329,193,Bashir Humphreys,DEF,Burnley,3,16,0,2026-04-19T13:00:00Z,0,0,0,0,0,0,0,0,0.0,0.0,0.0,0.0,0.0,0.0,0.0,0.0,0,39
2025-26,33,334,193,Bashir Humphreys,DEF,Burnley,3,13,1,2026-04-22T19:00:00Z,81,2,0,0,0,1,0,10,13.4,11.5,4.0,2.9,0.0,0.01,0.01,2.41,1,39
2025-26,33,329,194,Jordan Beyer,DEF,Burnley,3,16,0,2026-04-19T13:00:00Z,0,0,0,0,0,0,0,0,0.0,0.0,0.0,0.0,0.0,0.0,0.0,0.0,0,39
2025-26,33,334,194,Jordan Beyer,DEF,Burnley,3,13,1,2026-04-22T19:00:00Z,0,0,0,0,0,0,0,0,0.0,0.0,0.0,0.0,0.0,0.0,0.0,0.0,0,39
2025-26,33,329,195,Lucas Pires Silva,DEF,Burnley,3,16,0,2026-04-19T13:00:00Z,0,0,0,0,0,0,0,0,0.0,0.0,0.0,0.0,0.0,0.0,0.0,0.0,0,38
2025-26,33,334,195,Lucas Pires Silva,DEF,Burnley,3,13,1,2026-04-22T19:00:00Z,0,0,0,0,0,0,0,0,0.0,0.0,0.0,0.0,0.0,0.0,0.0,0.0,0,38
2025-26,33,329,196,Shurandy Sambo,DEF,Burnley,3,16,0,2026-04-19T13:00:00Z,0,0,0,0,0,0,0,0,0.0,0.0,0.0,0.0,0.0,0.0,0.0,0.0,0,40
2025-26,33,334,196,Shurandy Sambo,DEF,Burnley,3,13,1,2026-04-22T19:00:00Z,0,0,0,0,0,0,0,0,0.0,0.0,0.0,0.0,0.0,0.0,0.0,0.0,0,40
2025-26,33,329,197,Oliver Sonne,DEF,Burnley,3,16,0,2026-04-19T13:00:00Z,0,0,0,0,0,0,0,0,0.0,0.0,0.0,0.0,0.0,0.0,0.0,0.0,0,38
2025-26,33,334,197,Oliver Sonne,DEF,Burnley,3,13,1,2026-04-22T19:00:00Z,0,0,0,0,0,0,0,0,0.0,0.0,0.0,0.0,0.0,0.0,0.0,0.0,0,38
2025-26,33,329,198,Axel Tuanzebe,DEF,Burnley,3,16,0,2026-04-19T13:00:00Z,0,0,0,0,0,0,0,0,0.0,0.0,0.0,0.0,0.0,0.0,0.0,0.0,0,39
2025-26,33,334,198,Axel Tuanzebe,DEF,Burnley,3,13,1,2026-04-22T19:00:00Z,0,0,0,0,0,0,0,0,0.0,0.0,0.0,0.0,0.0,0.0,0.0,0.0,0,39
2025-26,33,329,199,Joe Worrall,DEF,Burnley,3,16,0,2026-04-19T13:00:00Z,0,0,0,0,0,0,0,0,0.0,0.0,0.0,0.0,0.0,0.0,0.0,0.0,0,38
2025-26,33,334,199,Joe Worrall,DEF,Burnley,3,13,1,2026-04-22T19:00:00Z,0,0,0,0,0,0,0,0,0.0,0.0,0.0,0.0,0.0,0.0,0.0,0.0,0,38
2025-26,33,329,200,Jaidon Anthony,MID,Burnley,3,16,0,2026-04-19T13:00:00Z,82,2,0,0,0,3,0,11,6.2,16.3,6.0,2.9,0.0,0.04,0.04,0.97,1,50
2025-26,33,334,200,Jaidon Anthony,MID,Burnley,3,13,1,2026-04-22T19:00:00Z,86,2,0,0,0,1,0,15,10.4,13.3,25.0,4.9,0.07,0.04,0.11,2.48,1,50
2025-26,33,329,201,Manuel Benson Hedilazio,MID,Burnley,3,16,0,2026-04-19T13:00:00Z,0,0,0,0,0,0,0,0,0.0,0.0,0.0,0.0,0.0,0.0,0.0,0.0,0,54
2025-26,33,334,201,Manuel Benson Hedilazio,MID,Burnley,3,13,1,2026-04-22T19:00:00Z,0,0,0,0,0,0,0,0,0.0,0.0,0.0,0.0,0.0,0.0,0.0,0.0,0,54
2025-26,33,329,202,Jacob Bruun Larsen,MID,Burnley,3,16,0,2026-04-19T13:00:00Z,14,1,0,0,0,2,0,2,0.0,1.1,0.0,0.1,0.0,0.01,0.01,0.26,0,52
2025-26,33,334,202,Jacob Bruun Larsen,MID,Burnley,3,13,1,2026-04-22T19:00:00Z,0,0,0,0,0,0,0,0,0.0,0.0,0.0,0.0,0.0,0.0,0.0,0.0,0,52
2025-26,33,329,203,Enock Agyei,MID,Burnley,3,16,0,2026-04-19T13:00:00Z,0,0,0,0,0,0,0,0,0.0,0.0,0.0,0.0,0.0,0.0,0.0,0.0,0,47
2025-26,33,334,203,Enock Agyei,MID,Burnley,3,13,1,2026-04-22T19:00:00Z,0,0,0,0,0,0,0,0,0.0,0.0,0.0,0.0,0.0,0.0,0.0,0.0,0,47
2025-26,33,329,204,Darko Churlinov,MID,Burnley,3,16,0,2026-04-19T13:00:00Z,0,0,0,0,0,0,0,0,0.0,0.0,0.0,0.0,0.0,0.0,0.0,0.0,0,49
2025-26,33,334,204,Darko Churlinov,MID,Burnley,3,13,1,2026-04-22T19:00:00Z,0,0,0,0,0,0,0,0,0.0,0.0,0.0,0.0,0.0,0.0,0.0,0.0,0,49
2025-26,33,329,205,Josh Cullen,MID,Burnley,3,16,0,2026-04-19T13:00:00Z,0,0,0,0,0,0,0,0,0.0,0.0,0.0,0.0,0.0,0.0,0.0,0.0,0,49
2025-26,33,334,205,Josh Cullen,MID,Burnley,3,13,1,2026-04-22T19:00:00Z,0,0,0,0,0,0,0,0,0.0,0.0,0.0,0.0,0.0,0.0,0.0,0.0,0,49
2025-26,33,329,206,Marcus Edwards,MID,Burnley,3,16,0,2026-04-19T13:00:00Z,63,2,0,0,0,1,0,7,6.0,2.5,2.0,1.1,0.0,0.02,0.02,0.86,1,47
2025-26,33,334,206,Marcus Edwards,MID,Burnley,3,13,1,2026-04-22T19:00:00Z,3,1,0,0,0,0,0,3,0.0,0.0,0.0,0.0,0.0,0.0,0.0,1.06,0,47
2025-26,33,329,207,Hannibal Mejbri,MID,Burnley,3,16,0,2026-04-19T13:00:00Z,0,0,0,0,0,0,0,0,0.0,0.0,0.0,0.0,0.0,0.0,0.0,0.0,0,47
2025-26,33,334,207,Hannibal Mejbri,MID,Burnley,3,13,1,2026-04-22T19:00:00Z,0,0,0,0,0,0,0,0,0.0,0.0,0.0,0.0,0.0,0.0,0.0,0.0,0,47
2025-26,33,329,208,Luca Koleosho,MID,Burnley,3,16,0,2026-04-19T13:00:00Z,0,0,0,0,0,0,0,0,0.0,0.0,0.0,0.0,0.0,0.0,0.0,0.0,0,50
2025-26,33,334,208,Luca Koleosho,MID,Burnley,3,13,1,2026-04-22T19:00:00Z,0,0,0,0,0,0,0,0,0.0,0.0,0.0,0.0,0.0,0.0,0.0,0.0,0,50
2025-26,33,329,209,Josh Laurent,MID,Burnley,3,16,0,2026-04-19T13:00:00Z,7,1,0,0,0,1,0,7,5.4,0.6,2.0,0.8,0.0,0.01,0.01,0.22,0,48
2025-26,33,334,209,Josh Laurent,MID,Burnley,3,13,1,2026-04-22T19:00:00Z,86,2,0,0,0,1,0,7,7.2,13.4,4.0,2.5,0.0,0.03,0.03,2.48,1,48
2025-26,33,329,210,Loum Tchaouna,MID,Burnley,3,16,0,2026-04-19T13:00:00Z,7,1,0,0,0,1,0,2,0.6,2.0,0.0,0.3,0.0,0.0,0.0,0.22,0,48
2025-26,33,334,210,Loum Tchaouna,MID,Burnley,3,13,1,2026-04-22T19:00:00Z,71,2,0,0,0,1,0,6,2.4,24.8,2.0,2.9,0.01,0.01,0.02,2.2,1,48
2025-26,33,329,211,Aaron Ramsey,MID,Burnley,3,16,0,2026-04-19T13:00:00Z,0,0,0,0,0,0,0,0,0.0,0.0,0.0,0.0,0.0,0.0,0.0,0.0,0,44
2025-26,33,334,211,Aaron Ramsey,MID,Burnley,3,13,1,2026-04-22T19:00:00Z,0,0,0,0,0,0,0,0,0.0,0.0,0.0,0.0,0.0,0.0,0.0,0.0,0,44
2025-26,33,329,212,Oluwaseun Adewumi,MID,Burnley,3,16,0,2026-04-19T13:00:00Z,0,0,0,0,0,0,0,0,0.0,0.0,0.0,0.0,0.0,0.0,0.0,0.0,0,45
2025-26,33,334,212,Oluwaseun Adewumi,MID,Burnley,3,13,1,2026-04-22T19:00:00Z,0,0,0,0,0,0,0,0,0.0,0.0,0.0,0.0,0.0,0.0,0.0,0.0,0,45
2025-26,33,329,213,Jaydon Banel,MID,Burnley,3,16,0,2026-04-19T13:00:00Z,0,0,0,0,0,0,0,0,0.0,0.0,0.0,0.0,0.0,0.0,0.0,0.0,0,45
2025-26,33,334,213,Jaydon Banel,MID,Burnley,3,13,1,2026-04-22T19:00:00Z,0,0,0,0,0,0,0,0,0.0,0.0,0.0,0.0,0.0,0.0,0.0,0.0,0,45
2025-26,33,329,214,Mike Trésor Ndayishimiye,MID,Burnley,3,16,0,2026-04-19T13:00:00Z,0,0,0,0,0,0,0,0,0.0,0.0,0.0,0.0,0.0,0.0,0.0,0.0,0,43
2025-26,33,334,214,Mike Trésor Ndayishimiye,MID,Burnley,3,13,1,2026-04-22T19:00:00Z,3,1,0,0,0,0,0,2,0.0,0.0,0.0,0.0,0.0,0.0,0.0,1.06,0,43
2025-26,33,329,215,Zian Flemming,FWD,Burnley,3,16,0,2026-04-19T13:00:00Z,83,7,1,0,0,3,1,30,35.2,1.3,19.0,5.6,0.17,0.0,0.17,0.97,1,53
2025-26,33,334,215,Zian Flemming,FWD,Burnley,3,13,1,2026-04-22T19:00:00Z,81,2,0,0,0,1,0,2,0.0,1.7,8.0,0.8,0.27,0.02,0.29,2.41,1,53
2025-26,33,329,216,Zeki Amdouni,FWD,Burnley,3,16,0,2026-04-19T13:00:00Z,0,0,0,0,0,0,0,0,0.0,0.0,0.0,0.0,0.0,0.0,0.0,0.0,0,48
2025-26,33,334,216,Zeki Amdouni,FWD,Burnley,3,13,1,2026-04-22T19:00:00Z,0,0,0,0,0,0,0,0,0.0,0.0,0.0,0.0,0.0,0.0,0.0,0.0,0,48
2025-26,33,329,217,Lyle Foster,FWD,Burnley,3,16,0,2026-04-19T13:00:00Z,26,1,0,0,0,3,0,3,4.6,1.7,34.0,4.0,0.09,0.01,0.1,0.33,0,49
2025-26,33,334,217,Lyle Foster,FWD,Burnley,3,13,1,2026-04-22T19:00:00Z,18,1,0,0,0,0,0,3,1.2,0.1,4.0,0.5,0.08,0.01,0.09,1.34,0,49
2025-26,33,329,218,Ashley Barnes,FWD,Burnley,3,16,0,2026-04-19T13:00:00Z,0,0,0,0,0,0,0,0,0.0,0.0,0.0,0.0,0.0,0.0,0.0,0.0,0,42
2025-26,33,334,218,Ashley Barnes,FWD,Burnley,3,13,1,2026-04-22T19:00:00Z,0,0,0,0,0,0,0,0,0.0,0.0,0.0,0.0,0.0,0.0,0.0,0.0,0,42
2025-26,33,329,219,Michael Obafemi,FWD,Burnley,3,16,0,2026-04-19T13:00:00Z,0,0,0,0,0,0,0,0,0.0,0.0,0.0,0.0,0.0,0.0,0.0,0.0,0,44
2025-26,33,334,219,Michael Obafemi,FWD,Burnley,3,13,1,2026-04-22T19:00:00Z,0,0,0,0,0,0,0,0,0.0,0.0,0.0,0.0,0.0,0.0,0.0,0.0,0,44
2025-26,33,323,220,Robert Lynch Sánchez,GK,Chelsea,7,14,1,2026-04-18T19:00:00Z,90,2,0,0,0,1,0,7,9.2,0.0,0.0,0.9,0.0,0.0,0.0,0.29,1,48
2025-26,33,333,220,Robert Lynch Sánchez,GK,Chelsea,7,6,0,2026-04-21T19:00:00Z,90,2,0,0,0,3,0,7,29.0,0.0,0.0,2.9,0.0,0.0,0.0,2.14,1,48
2025-26,33,323,221,Filip Jörgensen,GK,Chelsea,7,14,1,2026-04-18T19:00:00Z,0,0,0,0,0,0,0,0,0.0,0.0,0.0,0.0,0.0,0.0,0.0,0.0,0,43
2025-26,33,333,221,Filip Jörgensen,GK,Chelsea,7,6,0,2026-04-21T19:00:00Z,0,0,0,0,0,0,0,0,0.0,0.0,0.0,0.0,0.0,0.0,0.0,0.0,0,43
2025-26,33,323,222,Mike Penders,GK,Chelsea,7,14,1,2026-04-18T19:00:00Z,0,0,0,0,0,0,0,0,0.0,0.0,0.0,0.0,0.0,0.0,0.0,0.0,0,40
2025-26,33,333,222,Mike Penders,GK,Chelsea,7,6,0,2026-04-21T19:00:00Z,0,0,0,0,0,0,0,0,0.0,0.0,0.0,0.0,0.0,0.0,0.0,0.0,0,40
2025-26,33,323,223,Gabriel Słonina,GK,Chelsea,7,14,1,2026-04-18T19:00:00Z,0,0,0,0,0,0,0,0,0.0,0.0,0.0,0.0,0.0,0.0,0.0,0.0,0,39
2025-26,33,333,223,Gabriel Słonina,GK,Chelsea,7,6,0,2026-04-21T19:00:00Z,0,0,0,0,0,0,0,0,0.0,0.0,0.0,0.0,0.0,0.0,0.0,0.0,0,39
2025-26,33,323,224,Marc Cucurella Saseta,DEF,Chelsea,7,14,1,2026-04-18T19:00:00Z,90,2,0,0,0,1,0,14,13.0,27.5,12.0,5.3,0.0,0.05,0.05,0.29,1,60
2025-26,33,333,224,Marc Cucurella Saseta,DEF,Chelsea,7,6,0,2026-04-21T19:00:00Z,90,1,0,0,0,3,0,0,9.2,2.2,2.0,1.3,0.0,0.0,0.0,2.14,1,60
2025-26,33,323,225,Reece James,DEF,Chelsea,7,14,1,2026-04-18T19:00:00Z,0,0,0,0,0,0,0,0,0.0,0.0,0.0,0.0,0.0,0.0,0.0,0.0,0,56
2025-26,33,333,225,Reece James,DEF,Chelsea,7,6,0,2026-04-21T19:00:00Z,0,0,0,0,0,0,0,0,0.0,0.0,0.0,0.0,0.0,0.0,0.0,0.0,0,56
2025-26,33,323,226,Trevoh Chalobah,DEF,Chelsea,7,14,1,2026-04-18T19:00:00Z,9,1,0,0,0,0,0,3,1.4,0.3,0.0,0.2,0.0,0.0,0.0,0.0,0,54
2025-26,33,333,226,Trevoh Chalobah,DEF,Chelsea,7,6,0,2026-04-21T19:00:00Z,90,1,0,0,0,3,0,9,15.0,11.7,2.0,2.9,0.04,0.01,0.05,2.14,1,54
2025-26,33,323,227,Levi Samuels Colwill,DEF,Chelsea,7,14,1,2026-04-18T19:00:00Z,0,0,0,0,0,0,0,0,0.0,0.0,0.0,0.0,0.0,0.0,0.0,0.0,0,47
2025-26,33,333,227,Levi Samuels Colwill,DEF,Chelsea,7,6,0,2026-04-21T19:00:00Z,0,0,0,0,0,0,0,0,0.0,0.0,0.0,0.0,0.0,0.0,0.0,0.0,0,47
2025-26,33,323,228,Malo Gusto,DEF,Chelsea,7,14,1,2026-04-18T19:00:00Z,80,2,0,0,0,1,0,15,20.4,44.4,0.0,6.5,0.0,0.18,0.18,0.29,1,49
2025-26,33,333,228,Malo Gusto,DEF,Chelsea,7,6,0,2026-04-21T19:00:00Z,90,1,0,0,0,3,0,12,15.8,13.2,2.0,3.1,0.0,0.22,0.22,2.14,1,49
2025-26,33,323,229,Benoît Badiashile Mukinayi,DEF,Chelsea,7,14,1,2026-04-18T19:00:00Z,0,0,0,0,0,0,0,0,0.0,0.0,0.0,0.0,0.0,0.0,0.0,0.0,0,44
2025-26,33,333,229,Benoît Badiashile Mukinayi,DEF,Chelsea,7,6,0,2026-04-21T19:00:00Z,0,0,0,0,0,0,0,0,0.0,0.0,0.0,0.0,0.0,0.0,0.0,0.0,0,44
2025-26,33,323,230,Wesley Fofana,DEF,Chelsea,7,14,1,2026-04-18T19:00:00Z,80,2,0,0,0,1,0,14,30.0,1.5,24.0,5.6,0.12,0.01,0.13,0.29,1,44
2025-26,33,333,230,Wesley Fofana,DEF,Chelsea,7,6,0,2026-04-21T19:00:00Z,45,0,0,0,0,1,0,-2,8.0,0.7,4.0,1.3,0.0,0.01,0.01,1.28,1,44
2025-26,33,323,231,Mamadou Sarr,DEF,Chelsea,7,14,1,2026-04-18T19:00:00Z,0,0,0,0,0,0,0,0,0.0,0.0,0.0,0.0,0.0,0.0,0.0,0.0,0,45
2025-26,33,333,231,Mamadou Sarr,DEF,Chelsea,7,6,0,2026-04-21T19:00:00Z,0,0,0,0,0,0,0,0,0.0,0.0,0.0,0.0,0.0,0.0,0.0,0.0,0,45
2025-26,33,323,232,Tosin Adarabioyo,DEF,Chelsea,7,14,1,2026-04-18T19:00:00Z,0,0,0,0,0,0,0,0,0.0,0.0,0.0,0.0,0.0,0.0,0.0,0.0,0,40
2025-26,33,333,232,Tosin Adarabioyo,DEF,Chelsea,7,6,0,2026-04-21T19:00:00Z,0,0,0,0,0,0,0,0,0.0,0.0,0.0,0.0,0.0,0.0,0.0,0.0,0,40
2025-26,33,323,233,Josh Acheampong,DEF,Chelsea,7,14,1,2026-04-18T19:00:00Z,9,1,0,0,0,0,0,2,0.4,0.6,0.0,0.1,0.0,0.0,0.0,0.0,0,37
2025-26,33,333,233,Josh Acheampong,DEF,Chelsea,7,6,0,2026-04-21T19:00:00Z,1,1,0,0,0,0,0,3,0.2,0.1,0.0,0.0,0.0,0.0,0.0,0.0,0,37
2025-26,33,323,234,Aarón Anselmino,DEF,Chelsea,7,14,1,2026-04-18T19:00:00Z,0,0,0,0,0,0,0,0,0.0,0.0,0.0,0.0,0.0,0.0,0.0,0.0,0,40
2025-26,33,333,234,Aarón Anselmino,DEF,Chelsea,7,6,0,2026-04-21T19:00:00Z,0,0,0,0,0,0,0,0,0.0,0.0,0.0,0.0,0.0,0.0,0.0,0.0,0,40
2025-26,33,323,235,Cole Palmer,MID,Chelsea,7,14,1,2026-04-18T19:00:00Z,90,2,0,0,0,1,0,9,1.8,16.8,12.0,3.1,0.34,0.04,0.38,0.29,1,105
2025-26,33,333,235,Cole Palmer,MID,Chelsea,7,6,0,2026-04-21T19:00:00Z,0,0,0,0,0,0,0,0,0.0,0.0,0.0,0.0,0.0,0.0,0.0,0.0,0,105
2025-26,33,323,236,Pedro Lomba Neto,MID,Chelsea,7,14,1,2026-04-18T19:00:00Z,90,2,0,0,0,1,0,13,11.8,41.1,17.0,7.0,0.13,0.84,0.97,0.29,1,70
2025-26,33,333,236,Pedro Lomba Neto,MID,Chelsea,7,6,0,2026-04-21T19:00:00Z,90,2,0,0,0,3,0,9,4.8,10.9,4.0,2.0,0.0,0.03,0.03,2.14,1,70
2025-26,33,323,237,Enzo Fernández,MID,Chelsea,7,14,1,2026-04-18T19:00:00Z,87,2,0,0,0,1,0,18,22.6,68.3,21.0,11.2,0.37,0.22,0.59,0.29,1,65
2025-26,33,333,237,Enzo Fernández,MID,Chelsea,7,6,0,2026-04-21T19:00:00Z,90,2,0,0,0,3,0,11,6.8,22.3,0.0,2.9,0.0,0.2,0.2,2.14,1,65
2025-26,33,323,238,Estêvão Almeida de Oliveira Gonçalves,MID,Chelsea,7,14,1,2026-04-18T19:00:00Z,15,1,0,0,0,0,0,4,0.0,0.0,21.0,2.1,0.09,0.0,0.09,0.03,1,64
2025-26,33,333,238,Estêvão Almeida de Oliveira Gonçalves,MID,Chelsea,7,6,0,2026-04-21T19:00:00Z,0,0,0,0,0,0,0,0,0.0,0.0,0.0,0.0,0.0,0.0,0.0,0.0,0,64
2025-26,33,323,239,Jamie Bynoe-Gittens,MID,Chelsea,7,14,1,2026-04-18T19:00:00Z,0,0,0,0,0,0,0,0,0.0,0.0,0.0,0.0,0.0,0.0,0.0,0.0,0,60
2025-26,33,333,239,Jamie Bynoe-Gittens,MID,Chelsea,7,6,0,2026-04-21T19:00:00Z,0,0,0,0,0,0,0,0,0.0,0.0,0.0,0.0,0.0,0.0,0.0,0.0,0,60
2025-26,33,323,240,Christopher Nkunku,MID,Chelsea,7,14,1,2026-04-18T19:00:00Z,0,0,0,0,0,0,0,0,0.0,0.0,0.0,0.0,0.0,0.0,0.0,0.0,0,59
2025-26,33,333,240,Christopher Nkunku,MID,Chelsea,7,6,0,2026-04-21T19:00:00Z,0,0,0,0,0,0,0,0,0.0,0.0,0.0,0.0,0.0,0.0,0.0,0.0,0,59
2025-26,33,323,241,Moisés Caicedo Corozo,MID,Chelsea,7,14,1,2026-04-18T19:00:00Z,90,2,0,0,0,1,0,14,8.6,6.7,3.0,1.8,0.06,0.02,0.08,0.29,1,57
2025-26,33,333,241,Moisés Caicedo Corozo,MID,Chelsea,7,6,0,2026-04-21T19:00:00Z,90,2,0,0,0,3,0,18,13.2,3.8,2.0,1.9,0.02,0.01,0.03,2.14,1,57
2025-26,33,325,242,Kiernan Dewsbury-Hall,MID,Everton,9,12,1,2026-04-19T13:00:00Z,90,6,0,1,0,2,1,28,30.6,28.2,4.0,6.3,0.0,0.64,0.64,1.45,1,51
2025-26,33,325,243,Tyrique George,MID,Everton,9,12,1,2026-04-19T13:00:00Z,10,1,0,0,0,1,0,3,4.0,0.0,2.0,0.6,0.0,0.0,0.0,0.34,0,48
2025-26,33,323,244,Roméo Lavia,MID,Chelsea,7,14,1,2026-04-18T19:00:00Z,2,1,0,0,0,0,0,3,0.0,0.0,0.0,0.0,0.0,0.0,0.0,0.0,0,49
2025-26,33,333,244,Roméo Lavia,MID,Chelsea,7,6,0,2026-04-21T19:00:00Z,72,2,0,0,0,2,0,14,2.2,3.0,1.0,0.6,0.05,0.02,0.07,1.89,1,49
2025-26,33,323,245,Mykhailo Mudryk,MID,Chelsea,7,14,1,2026-04-18T19:00:00Z,0,0,0,0,0,0,0,0,0.0,0.0,0.0,0.0,0.0,0.0,0.0,0.0,0,49
2025-26,33,333,245,Mykhailo Mudryk,MID,Chelsea,7,6,0,2026-04-21T19:00:00Z,0,0,0,0,0,0,0,0,0.0,0.0,0.0,0.0,0.0,0.0,0.0,0.0,0,49
2025-26,33,323,246,Andrey Nascimento dos Santos,MID,Chelsea,7,14,1,2026-04-18T19:00:00Z,0,0,0,0,0,0,0,0,0.0,0.0,0.0,0.0,0.0,0.0,0.0,0.0,0,45
2025-26,33,333,246,Andrey Nascimento dos Santos,MID,Chelsea,7,6,0,2026-04-21T19:00:00Z,0,0,0,0,0,0,0,0,0.0,0.0,0.0,0.0,0.0,0.0,0.0,0.0,0,45
2025-26,33,323,247,Dário Luís Essugo,MID,Chelsea,7,14,1,2026-04-18T19:00:00Z,0,0,0,0,0,0,0,0,0.0,0.0,0.0,0.0,0.0,0.0,0.0,0.0,0,43
2025-26,33,333,247,Dário Luís Essugo,MID,Chelsea,7,6,0,2026-04-21T19:00:00Z,17,1,0,0,0,1,0,7,4.8,1.8,2.0,0.9,0.0,0.01,0.01,0.24,0,43
2025-26,33,323,248,Kendry Páez Andrade,MID,Chelsea,7,14,1,2026-04-18T19:00:00Z,0,0,0,0,0,0,0,0,0.0,0.0,0.0,0.0,0.0,0.0,0.0,0.0,0,45
2025-26,33,333,248,Kendry Páez Andrade,MID,Chelsea,7,6,0,2026-04-21T19:00:00Z,0,0,0,0,0,0,0,0,0.0,0.0,0.0,0.0,0.0,0.0,0.0,0.0,0,45
2025-26,33,323,249,João Pedro Junqueira de Jesus,FWD,Chelsea,7,14,1,2026-04-18T19:00:00Z,0,0,0,0,0,0,0,0,0.0,0.0,0.0,0.0,0.0,0.0,0.0,0.0,0,77
2025-26,33,333,249,João Pedro Junqueira de Jesus,FWD,Chelsea,7,6,0,2026-04-21T19:00:00Z,0,0,0,0,0,0,0,0,0.0,0.0,0.0,0.0,0.0,0.0,0.0,0.0,0,77
2025-26,33,323,250,Liam Delap,FWD,Chelsea,7,14,1,2026-04-18T19:00:00Z,90,2,0,0,0,1,0,2,0.0,12.2,19.0,3.0,0.29,0.01,0.3,0.29,1,62
2025-26,33,333,250,Liam Delap,FWD,Chelsea,7,6,0,2026-04-21T19:00:00Z,71,2,0,0,0,2,0,5,2.4,1.4,2.0,0.6,0.0,0.0,0.0,1.89,1,62
2025-26,33,323,251,Nicolas Jackson,FWD,Chelsea,7,14,1,2026-04-18T19:00:00Z,0,0,0,0,0,0,0,0,0.0,0.0,0.0,0.0,0.0,0.0,0.0,0.0,0,65
2025-26,33,333,251,Nicolas Jackson,FWD,Chelsea,7,6,0,2026-04-21T19:00:00Z,0,0,0,0,0,0,0,0,0.0,0.0,0.0,0.0,0.0,0.0,0.0,0.0,0,65
2025-26,33,323,252,Marc Guiu Paz,FWD,Chelsea,7,14,1,2026-04-18T19:00:00Z,0,0,0,0,0,0,0,0,0.0,0.0,0.0,0.0,0.0,0.0,0.0,0.0,0,40
2025-26,33,333,252,Marc Guiu Paz,FWD,Chelsea,7,6,0,2026-04-21T19:00:00Z,18,1,0,0,0,1,0,0,0.0,1.3,5.0,0.5,0.08,0.0,0.08,0.24,0,40
2025-26,33,324,253,Dean Henderson,GK,Crystal Palace,8,19,1,2026-04-20T19:00:00Z,90,7,0,0,1,0,0,30,26.8,0.0,0.0,2.7,0.0,0.0,0.0,0.61,1,51
2025-26,33,324,254,Walter Benítez,GK,Crystal Palace,8,19,1,2026-04-20T19:00:00Z,0,0,0,0,0,0,0,0,0.0,0.0,0.0,0.0,0.0,0.0,0.0,0.0,0,39
2025-26,33,324,255,Remi Matthews,GK,Crystal Palace,8,19,1,2026-04-20T19:00:00Z,0,0,0,0,0,0,0,0,0.0,0.0,0.0,0.0,0.0,0.0,0.0,0.0,0,39
2025-26,33,324,256,Daniel Muñoz Mejía,DEF,Crystal Palace,8,19,1,2026-04-20T19:00:00Z,90,7,0,0,1,0,0,22,12.0,2.7,4.0,1.9,0.0,0.02,0.02,0.61,1,58
2025-26,33,324,257,Maxence Lacroix,DEF,Crystal Palace,8,19,1,2026-04-20T19:00:00Z,90,11,0,0,1,0,3,38,30.6,10.8,4.0,4.5,0.0,0.01,0.01,0.61,1,51
2025-26,33,324,258,Tyrick Mitchell,DEF,Crystal Palace,8,19,1,2026-04-20T19:00:00Z,90,7,0,0,1,0,1,33,14.0,17.3,4.0,3.5,0.06,0.09,0.15,0.61,1,50
2025-26,33,324,259,Borna Sosa,DEF,Crystal Palace,8,19,1,2026-04-20T19:00:00Z,0,0,0,0,0,0,0,0,0.0,0.0,0.0,0.0,0.0,0.0,0.0,0.0,0,48
2025-26,33,327,260,Marc Guéhi,DEF,Man City,13,1,1,2026-04-19T15:30:00Z,90,1,0,0,0,1,0,12,21.6,5.5,17.0,4.4,0.03,0.02,0.05,1.62,1,51
2025-26,33,334,260,Marc Guéhi,DEF,Man City,13,3,0,2026-04-22T19:00:00Z,90,7,0,0,1,0,1,29,19.4,18.3,2.0,4.0,0.0,0.07,0.07,0.61,1,51
2025-26,33,324,261,Chris Richards,DEF,Crystal Palace,8,19,1,2026-04-20T19:00:00Z,90,6,0,0,1,0,0,24,22.4,1.4,0.0,2.4,0.0,0.02,0.02,0.61,1,44
2025-26,33,324,262,Chadi Riad Dnanou,DEF,Crystal Palace,8,19,1,2026-04-20T19:00:00Z,0,0,0,0,0,0,0,0,0.0,0.0,0.0,0.0,0.0,0.0,0.0,0.0,0,40
2025-26,33,324,263,Nathaniel Clyne,DEF,Crystal Palace,8,19,1,2026-04-20T19:00:00Z,0,0,0,0,0,0,0,0,0.0,0.0,0.0,0.0,0.0,0.0,0.0,0.0,0,38
2025-26,33,324,264,Rob Holding,DEF,Crystal Palace,8,19,1,2026-04-20T19:00:00Z,0,0,0,0,0,0,0,0,0.0,0.0,0.0,0.0,0.0,0.0,0.0,0.0,0,40
2025-26,33,324,265,Caleb Kporha,DEF,Crystal Palace,8,19,1,2026-04-20T19:00:00Z,0,0,0,0,0,0,0,0,0.0,0.0,0.0,0.0,0.0,0.0,0.0,0.0,0,40
2025-26,33,327,266,Eberechi Eze,MID,Arsenal,1,13,0,2026-04-19T15:30:00Z,73,2,0,0,0,2,0,4,0.0,7.2,1.0,0.7,0.08,0.2,0.28,1.36,1,72
2025-26,33,324,267,Ismaïla Sarr,MID,Crystal Palace,8,19,1,2026-04-20T19:00:00Z,31,1,0,0,0,0,0,4,2.2,11.8,2.0,1.6,0.0,0.01,0.01,0.06,0,63
2025-26,33,324,268,Cheick Doucouré,MID,Crystal Palace,8,19,1,2026-04-20T19:00:00Z,0,0,0,0,0,0,0,0,0.0,0.0,0.0,0.0,0.0,0.0,0.0,0.0,0,49
2025-26,33,324,269,Romain Esse,MID,Crystal Palace,8,19,1,2026-04-20T19:00:00Z,0,0,0,0,0,0,0,0,0.0,0.0,0.0,0.0,0.0,0.0,0.0,0.0,0,47
2025-26,33,324,270,Will Hughes,MID,Crystal Palace,8,19,1,2026-04-20T19:00:00Z,58,1,0,0,0,0,0,2,0.0,2.0,2.0,0.3,0.0,0.01,0.01,0.56,1,47
2025-26,33,324,271,Daichi Kamada,MID,Crystal Palace,8,19,1,2026-04-20T19:00:00Z,31,1,0,0,0,0,0,9,10.0,31.2,0.0,4.1,0.0,0.17,0.17,0.06,0,50
2025-26,33,324,272,Jefferson Lerma Solís,MID,Crystal Palace,8,19,1,2026-04-20T19:00:00Z,90,3,0,0,1,0,0,18,13.0,16.1,24.0,5.3,0.13,0.16,0.29,0.61,1,49
2025-26,33,324,273,Adam Wharton,MID,Crystal Palace,8,19,1,2026-04-20T19:00:00Z,0,0,0,0,0,0,0,0,0.0,0.0,0.0,0.0,0.0,0.0,0.0,0.0,0,50
2025-26,33,324,274,Asher Agbinone,MID,Crystal Palace,8,19,1,2026-04-20T19:00:00Z,0,0,0,0,0,0,0,0,0.0,0.0,0.0,0.0,0.0,0.0,0.0,0.0,0,43
2025-26,33,324,275,Naouirou Ahamada,MID,Crystal Palace,8,19,1,2026-04-20T19:00:00Z,0,0,0,0,0,0,0,0,0.0,0.0,0.0,0.0,0.0,0.0,0.0,0.0,0,43
2025-26,33,324,276,Justin Devenny,MID,Crystal Palace,8,19,1,2026-04-20T19:00:00Z,12,1,0,0,0,0,0,3,0.2,0.7,0.0,0.1,0.0,0.0,0.0,0.05,0,43
2025-26,33,324,277,Malcolm Ebiowei,MID,Crystal Palace,8,19,1,2026-04-20T19:00:00Z,0,0,0,0,0,0,0,0,0.0,0.0,0.0,0.0,0.0,0.0,0.0,0.0,0,45
2025-26,33,324,278,Jesurun Rak-Sakyi,MID,Crystal Palace,8,19,1,2026-04-20T19:00:00Z,0,0,0,0,0,0,0,0,0.0,0.0,0.0,0.0,0.0,0.0,0.0,0.0,0,44
2025-26,33,324,279,Matheus França de Oliveira,MID,Crystal Palace,8,19,1,2026-04-20T19:00:00Z,0,0,0,0,0,0,0,0,0.0,0.0,0.0,0.0,0.0,0.0,0.0,0.0,0,45
2025-26,33,324,280,David Ozoh,MID,Crystal Palace,8,19,1,2026-04-20T19:00:00Z,0,0,0,0,0,0,0,0,0.0,0.0,0.0,0.0,0.0,0.0,0.0,0.0,0,45
2025-26,33,324,281,Kaden Rodney,MID,Crystal Palace,8,19,1,2026-04-20T19:00:00Z,0,0,0,0,0,0,0,0,0.0,0.0,0.0,0.0,0.0,0.0,0.0,0.0,0,44
2025-26,33,324,282,Franco Umeh-Chibueze,MID,Crystal Palace,8,19,1,2026-04-20T19:00:00Z,0,0,0,0,0,0,0,0,0.0,0.0,0.0,0.0,0.0,0.0,0.0,0.0,0,45
2025-26,33,324,283,Jean-Philippe Mateta,FWD,Crystal Palace,8,19,1,2026-04-20T19:00:00Z,31,1,0,0,0,0,0,0,0.0,1.9,4.0,0.5,0.0,0.01,0.01,0.06,0,75
2025-26,33,324,284,Eddie Nketiah,FWD,Crystal Palace,8,19,1,2026-04-20T19:00:00Z,0,0,0,0,0,0,0,0,0.0,0.0,0.0,0.0,0.0,0.0,0.0,0.0,0,54
2025-26,33,324,285,Odsonne Édouard,FWD,Crystal Palace,8,19,1,2026-04-20T19:00:00Z,0,0,0,0,0,0,0,0,0.0,0.0,0.0,0.0,0.0,0.0,0.0,0.0,0,50
2025-26,33,324,286,Zach Marsh,FWD,Crystal Palace,8,19,1,2026-04-20T19:00:00Z,0,0,0,0,0,0,0,0,0.0,0.0,0.0,0.0,0.0,0.0,0.0,0.0,0,44
2025-26,33,325,287,Jordan Pickford,GK,Everton,9,12,1,2026-04-19T13:00:00Z,90,1,0,0,0,2,0,8,28.0,10.0,0.0,3.8,0.0,0.0,0.0,1.45,1,56
2025-26,33,325,288,Mark Travers,GK,Everton,9,12,1,2026-04-19T13:00:00Z,0,0,0,0,0,0,0,0,0.0,0.0,0.0,0.0,0.0,0.0,0.0,0.0,0,42
2025-26,33,325,289,Harry Tyrer,GK,Everton,9,12,1,2026-04-19T13:00:00Z,0,0,0,0,0,0,0,0,0.0,0.0,0.0,0.0,0.0,0.0,0.0,0.0,0,39
2025-26,33,325,290,Jarrad Branthwaite,DEF,Everton,9,12,1,2026-04-19T13:00:00Z,86,4,0,0,0,1,0,14,20.0,10.4,0.0,3.0,0.0,0.02,0.02,1.14,1,53
2025-26,33,325,291,James Tarkowski,DEF,Everton,9,12,1,2026-04-19T13:00:00Z,90,1,0,0,0,2,0,16,20.2,0.5,21.0,4.2,0.13,0.0,0.13,1.45,1,57
2025-26,33,325,292,Vitalii Mykolenko,DEF,Everton,9,12,1,2026-04-19T13:00:00Z,90,3,0,0,0,2,0,11,23.8,2.2,0.0,2.6,0.0,0.02,0.02,1.45,1,49
2025-26,33,325,293,Jake O'Brien,DEF,Everton,9,12,1,2026-04-19T13:00:00Z,90,1,0,0,0,2,0,5,25.4,15.4,0.0,4.1,0.0,0.06,0.06,1.45,1,49
2025-26,33,325,294,Séamus Coleman,DEF,Everton,9,12,1,2026-04-19T13:00:00Z,0,0,0,0,0,0,0,0,0.0,0.0,0.0,0.0,0.0,0.0,0.0,0.0,0,42
2025-26,33,325,295,Michael Keane,DEF,Everton,9,12,1,2026-04-19T13:00:00Z,3,1,0,0,0,1,0,0,3.0,0.0,0.0,0.3,0.0,0.0,0.0,0.31,0,45
2025-26,33,325,296,Nathan Patterson,DEF,Everton,9,12,1,2026-04-19T13:00:00Z,0,0,0,0,0,0,0,0,0.0,0.0,0.0,0.0,0.0,0.0,0.0,0.0,0,44
2025-26,33,325,297,Roman Dixon,DEF,Everton,9,12,1,2026-04-19T13:00:00Z,0,0,0,0,0,0,0,0,0.0,0.0,0.0,0.0,0.0,0.0,0.0,0.0,0,38
2025-26,33,325,298,Reece Welch,DEF,Everton,9,12,1,2026-04-19T13:00:00Z,0,0,0,0,0,0,0,0,0.0,0.0,0.0,0.0,0.0,0.0,0.0,0.0,0,38
2025-26,33,325,299,Iliman Ndiaye,MID,Everton,9,12,1,2026-04-19T13:00:00Z,90,4,0,0,0,2,0,21,17.4,16.0,23.0,5.6,0.07,0.01,0.08,1.45,1,62
2025-26,33,325,300,Dwight McNeil,MID,Everton,9,12,1,2026-04-19T13:00:00Z,79,2,0,0,0,1,0,6,2.2,16.9,9.0,2.8,0.1,0.11,0.21,1.11,1,55
2025-26,33,325,301,Carlos Alcaraz Durán,MID,Everton,9,12,1,2026-04-19T13:00:00Z,0,0,0,0,0,0,0,0,0.0,0.0,0.0,0.0,0.0,0.0,0.0,0.0,0,52
2025-26,33,325,302,Idrissa Gana Gueye,MID,Everton,9,12,1,2026-04-19T13:00:00Z,90,2,0,0,0,2,0,17,3.8,2.4,0.0,0.6,0.0,0.02,0.02,1.45,1,54
2025-26,33,325,303,James Garner,MID,Everton,9,12,1,2026-04-19T13:00:00Z,90,3,0,0,0,2,0,17,24.2,17.2,1.0,4.2,0.02,0.1,0.12,1.45,1,53
2025-26,33,325,304,Tim Iroegbunam,MID,Everton,9,12,1,2026-04-19T13:00:00Z,0,0,0,0,0,0,0,0,0.0,0.0,0.0,0.0,0.0,0.0,0.0,0.0,0,48
2025-26,33,325,305,Harrison Armstrong,MID,Everton,9,12,1,2026-04-19T13:00:00Z,0,0,0,0,0,0,0,0,0.0,0.0,0.0,0.0,0.0,0.0,0.0,0.0,0,45
2025-26,33,325,306,Callum Bates,MID,Everton,9,12,1,2026-04-19T13:00:00Z,0,0,0,0,0,0,0,0,0.0,0.0,0.0,0.0,0.0,0.0,0.0,0.0,0,43
2025-26,33,325,307,Coby Ebere,MID,Everton,9,12,1,2026-04-19T13:00:00Z,0,0,0,0,0,0,0,0,0.0,0.0,0.0,0.0,0.0,0.0,0.0,0.0,0,44
2025-26,33,325,308,Isaac Heath,MID,Everton,9,12,1,2026-04-19T13:00:00Z,0,0,0,0,0,0,0,0,0.0,0.0,0.0,0.0,0.0,0.0,0.0,0.0,0,45
2025-26,33,325,309,Jenson Metcalfe,MID,Everton,9,12,1,2026-04-19T13:00:00Z,0,0,0,0,0,0,0,0,0.0,0.0,0.0,0.0,0.0,0.0,0.0,0.0,0,45
2025-26,33,325,310,Thierno Barry,FWD,Everton,9,12,1,2026-04-19T13:00:00Z,17,1,0,0,0,1,0,1,0.0,0.8,0.0,0.0,0.0,0.01,0.01,0.39,0,57
2025-26,33,325,311,Norberto Bercique Gomes Betuncal,FWD,Everton,9,12,1,2026-04-19T13:00:00Z,72,9,1,0,0,1,3,31,39.0,12.3,68.0,11.9,0.47,0.0,0.47,1.06,1,50
2025-26,33,325,312,Youssef Ramalho Chermiti,FWD,Everton,9,12,1,2026-04-19T13:00:00Z,0,0,0,0,0,0,0,0,0.0,0.0,0.0,0.0,0.0,0.0,0.0,0.0,0,49
2025-26,33,325,313,Martin Sherif,FWD,Everton,9,12,1,2026-04-19T13:00:00Z,0,0,0,0,0,0,0,0,0.0,0.0,0.0,0.0,0.0,0.0,0.0,0.0,0,44
2025-26,33,322,314,Bernd Leno,GK,Fulham,10,5,0,2026-04-18T11:30:00Z,90,10,0,0,1,0,3,34,34.4,0.0,0.0,3.4,0.0,0.0,0.0,1.43,1,49
2025-26,33,322,315,Steven Benda,GK,Fulham,10,5,0,2026-04-18T11:30:00Z,0,0,0,0,0,0,0,0,0.0,0.0,0.0,0.0,0.0,0.0,0.0,0.0,0,40
2025-26,33,322,316,Antonee Robinson,DEF,Fulham,10,5,0,2026-04-18T11:30:00Z,9,1,0,0,0,0,0,4,3.6,10.3,0.0,1.4,0.0,0.01,0.01,0.71,0,49
2025-26,33,322,317,Joachim Andersen,DEF,Fulham,10,5,0,2026-04-18T11:30:00Z,90,6,0,0,1,0,0,24,15.8,0.8,5.0,2.2,0.06,0.01,0.07,1.43,1,45
2025-26,33,322,318,Calvin Bassey,DEF,Fulham,10,5,0,2026-04-18T11:30:00Z,90,6,0,0,1,0,0,22,4.6,0.5,11.0,1.6,0.07,0.0,0.07,1.43,1,44
2025-26,33,322,319,Timothy Castagne,DEF,Fulham,10,5,0,2026-04-18T11:30:00Z,90,7,0,0,1,0,1,26,12.4,1.3,0.0,1.4,0.0,0.01,0.01,1.43,1,43
2025-26,33,322,320,Issa Diop,DEF,Fulham,10,5,0,2026-04-18T11:30:00Z,0,0,0,0,0,0,0,0,0.0,0.0,0.0,0.0,0.0,0.0,0.0,0.0,0,43
2025-26,33,322,321,Jorge Cuenca Barreno,DEF,Fulham,10,5,0,2026-04-18T11:30:00Z,0,0,0,0,0,0,0,0,0.0,0.0,0.0,0.0,0.0,0.0,0.0,0.0,0,43
2025-26,33,322,322,Kenny Tete,DEF,Fulham,10,5,0,2026-04-18T11:30:00Z,0,0,0,0,0,0,0,0,0.0,0.0,0.0,0.0,0.0,0.0,0.0,0.0,0,45
2025-26,33,322,323,Samuel Amissah,DEF,Fulham,10,5,0,2026-04-18T11:30:00Z,0,0,0,0,0,0,0,0,0.0,0.0,0.0,0.0,0.0,0.0,0.0,0.0,0,38
2025-26,33,322,324,Alex Iwobi,MID,Fulham,10,5,0,2026-04-18T11:30:00Z,42,1,0,0,0,0,0,8,8.6,13.2,8.0,3.0,0.03,0.07,0.1,0.3,1,63
2025-26,33,322,325,Emile Smith Rowe,MID,Fulham,10,5,0,2026-04-18T11:30:00Z,66,3,0,0,1,0,0,11,6.2,16.7,4.0,2.7,0.0,0.04,0.04,0.64,1,56
2025-26,33,324,326,Adama Traoré Diarra,MID,West Ham,19,8,0,2026-04-20T19:00:00Z,0,0,0,0,0,0,0,0,0.0,0.0,0.0,0.0,0.0,0.0,0.0,0.0,0,51
2025-26,33,322,327,Andreas Hoelgebaum Pereira,MID,Fulham,10,5,0,2026-04-18T11:30:00Z,0,0,0,0,0,0,0,0,0.0,0.0,0.0,0.0,0.0,0.0,0.0,0.0,0,53
2025-26,33,322,328,Ryan Sessegnon,MID,Fulham,10,5,0,2026-04-18T11:30:00Z,80,3,0,0,1,0,0,10,8.8,22.8,19.0,5.1,0.18,0.04,0.22,0.72,1,54
2025-26,33,322,329,Harry Wilson,MID,Fulham,10,5,0,2026-04-18T11:30:00Z,90,3,0,0,1,0,0,5,7.8,21.0,11.0,4.0,0.32,0.06,0.38,1.43,1,60
2025-26,33,322,330,Sander Berge,MID,Fulham,10,5,0,2026-04-18T11:30:00Z,0,0,0,0,0,0,0,0,0.0,0.0,0.0,0.0,0.0,0.0,0.0,0.0,0,49
2025-26,33,322,331,Tom Cairney,MID,Fulham,10,5,0,2026-04-18T11:30:00Z,80,3,0,0,1,0,0,15,11.8,31.8,0.0,4.4,0.0,0.25,0.25,0.72,1,48
2025-26,33,322,332,Saša Lukić,MID,Fulham,10,5,0,2026-04-18T11:30:00Z,90,2,0,0,1,0,0,12,5.2,14.4,1.0,2.1,0.08,0.21,0.29,1.43,1,49
2025-26,33,322,333,Martial Godo,MID,Fulham,10,5,0,2026-04-18T11:30:00Z,0,0,0,0,0,0,0,0,0.0,0.0,0.0,0.0,0.0,0.0,0.0,0.0,0,45
2025-26,33,322,334,Luke Harris,MID,Fulham,10,5,0,2026-04-18T11:30:00Z,0,0,0,0,0,0,0,0,0.0,0.0,0.0,0.0,0.0,0.0,0.0,0.0,0,45
2025-26,33,322,335,Josh King,MID,Fulham,10,5,0,2026-04-18T11:30:00Z,23,1,0,0,0,0,0,4,0.4,0.1,0.0,0.1,0.0,0.0,0.0,0.79,0,44
2025-26,33,322,336,Harrison Reed,MID,Fulham,10,5,0,2026-04-18T11:30:00Z,0,0,0,0,0,0,0,0,0.0,0.0,0.0,0.0,0.0,0.0,0.0,0.0,0,43
2025-26,33,322,337,Raúl Jiménez Rodríguez,FWD,Fulham,10,5,0,2026-04-18T11:30:00Z,23,1,0,0,0,0,0,5,0.2,0.1,0.0,0.0,0.0,0.0,0.0,0.79,0,61
2025-26,33,322,338,Rodrigo Muniz Carvalho,FWD,Fulham,10,5,0,2026-04-18T11:30:00Z,66,2,0,0,1,0,0,6,8.2,0.1,2.0,1.0,0.0,0.0,0.0,0.64,1,53
2025-26,33,326,339,Illan Meslier,GK,Leeds,11,20,1,2026-04-18T14:00:00Z,0,0,0,0,0,0,0,0,0.0,0.0,0.0,0.0,0.0,0.0,0.0,0.0,0,41
2025-26,33,332,339,Illan Meslier,GK,Leeds,11,4,0,2026-04-22T19:00:00Z,0,0,0,0,0,0,0,0,0.0,0.0,0.0,0.0,0.0,0.0,0.0,0.0,0,41
2025-26,33,326,340,Alex Cairns,GK,Leeds,11,20,1,2026-04-18T14:00:00Z,0,0,0,0,0,0,0,0,0.0,0.0,0.0,0.0,0.0,0.0,0.0,0.0,0,39
2025-26,33,332,340,Alex Cairns,GK,Leeds,11,4,0,2026-04-22T19:00:00Z,0,0,0,0,0,0,0,0,0.0,0.0,0.0,0.0,0.0,0.0,0.0,0.0,0,39
2025-26,33,326,341,Karl Darlow,GK,Leeds,11,20,1,2026-04-18T14:00:00Z,90,6,0,0,1,0,0,26,12.8,0.0,0.0,1.3,0.0,0.0,0.0,0.57,1,39
2025-26,33,332,341,Karl Darlow,GK,Leeds,11,4,0,2026-04-22T19:00:00Z,90,2,0,0,0,2,0,17,37.8,0.0,0.0,3.8,0.0,0.0,0.0,1.45,1,39
2025-26,33,326,342,Jayden Bogle,DEF,Leeds,11,20,1,2026-04-18T14:00:00Z,90,6,0,0,1,0,0,20,8.6,12.0,2.0,2.3,0.0,0.04,0.04,0.57,1,44
2025-26,33,332,342,Jayden Bogle,DEF,Leeds,11,4,0,2026-04-22T19:00:00Z,45,1,0,0,0,0,0,4,7.6,0.9,0.0,0.9,0.0,0.0,0.0,0.35,1,44
2025-26,33,326,343,Pascal Struijk,DEF,Leeds,11,20,1,2026-04-18T14:00:00Z,90,7,0,0,1,0,1,31,17.8,10.8,8.0,3.7,0.17,0.0,0.17,0.57,1,43
2025-26,33,332,343,Pascal Struijk,DEF,Leeds,11,4,0,2026-04-22T19:00:00Z,90,3,0,0,0,2,0,11,42.8,0.2,0.0,4.3,0.0,0.0,0.0,1.45,1,43
2025-26,33,326,344,Jaka Bijol,DEF,Leeds,11,20,1,2026-04-18T14:00:00Z,90,6,0,0,1,0,0,27,8.0,10.8,9.0,2.8,0.06,0.0,0.06,0.57,1,39
2025-26,33,332,344,Jaka Bijol,DEF,Leeds,11,4,0,2026-04-22T19:00:00Z,63,4,0,0,0,1,0,7,23.6,0.0,2.0,2.6,0.0,0.0,0.0,0.82,1,39
2025-26,33,326,345,Sebastiaan Bornauw,DEF,Leeds,11,20,1,2026-04-18T14:00:00Z,0,0,0,0,0,0,0,0,0.0,0.0,0.0,0.0,0.0,0.0,0.0,0.0,0,38
2025-26,33,332,345,Sebastiaan Bornauw,DEF,Leeds,11,4,0,2026-04-22T19:00:00Z,0,0,0,0,0,0,0,0,0.0,0.0,0.0,0.0,0.0,0.0,0.0,0.0,0,38
2025-26,33,326,346,Sam Byram,DEF,Leeds,11,20,1,2026-04-18T14:00:00Z,0,0,0,0,0,0,0,0,0.0,0.0,0.0,0.0,0.0,0.0,0.0,0.0,0,37
2025-26,33,332,346,Sam Byram,DEF,Leeds,11,4,0,2026-04-22T19:00:00Z,0,0,0,0,0,0,0,0,0.0,0.0,0.0,0.0,0.0,0.0,0.0,0.0,0,37
2025-26,33,326,347,Gabriel Gudmundsson,DEF,Leeds,11,20,1,2026-04-18T14:00:00Z,90,6,0,0,1,0,0,23,15.2,2.2,0.0,1.7,0.0,0.0,0.0,0.57,1,38
2025-26,33,332,347,Gabriel Gudmundsson,DEF,Leeds,11,4,0,2026-04-22T19:00:00Z,90,1,0,0,0,2,0,10,19.4,15.0,4.0,3.8,0.0,0.56,0.56,1.45,1,38
2025-26,33,326,348,Joe Rodon,DEF,Leeds,11,20,1,2026-04-18T14:00:00Z,1,1,0,0,0,0,0,3,0.4,0.2,0.0,0.1,0.0,0.0,0.0,0.0,0,39
2025-26,33,332,348,Joe Rodon,DEF,Leeds,11,4,0,2026-04-22T19:00:00Z,45,0,0,0,0,2,0,1,16.8,0.8,19.0,3.7,0.02,0.08,0.1,1.1,0,39
2025-26,33,326,349,Isaac Schmidt,DEF,Leeds,11,20,1,2026-04-18T14:00:00Z,0,0,0,0,0,0,0,0,0.0,0.0,0.0,0.0,0.0,0.0,0.0,0.0,0,40
2025-26,33,332,349,Isaac Schmidt,DEF,Leeds,11,4,0,2026-04-22T19:00:00Z,0,0,0,0,0,0,0,0,0.0,0.0,0.0,0.0,0.0,0.0,0.0,0.0,0,40
2025-26,33,326,350,Brenden Aaronson,MID,Leeds,11,20,1,2026-04-18T14:00:00Z,77,5,0,1,1,0,0,19,20.6,11.8,2.0,3.4,0.0,0.01,0.01,0.57,1,54
2025-26,33,332,350,Brenden Aaronson,MID,Leeds,11,4,0,2026-04-22T19:00:00Z,83,2,0,0,0,1,0,12,14.8,23.0,25.0,6.3,0.03,0.09,0.12,1.01,1,54
2025-26,33,326,351,Wilfried Gnonto,MID,Leeds,11,20,1,2026-04-18T14:00:00Z,23,1,0,0,0,0,0,5,3.2,10.8,4.0,1.8,0.0,0.0,0.0,0.11,0,51
2025-26,33,332,351,Wilfried Gnonto,MID,Leeds,11,4,0,2026-04-22T19:00:00Z,26,4,0,1,0,1,0,20,9.6,14.9,6.0,3.1,0.07,0.17,0.24,0.62,0,51
2025-26,33,326,352,Jack Harrison,MID,Leeds,11,20,1,2026-04-18T14:00:00Z,0,0,0,0,0,0,0,0,0.0,0.0,0.0,0.0,0.0,0.0,0.0,0.0,0,51
2025-26,33,332,352,Jack Harrison,MID,Leeds,11,4,0,2026-04-22T19:00:00Z,0,0,0,0,0,0,0,0,0.0,0.0,0.0,0.0,0.0,0.0,0.0,0.0,0,51
2025-26,33,326,353,Daniel James,MID,Leeds,11,20,1,2026-04-18T14:00:00Z,0,0,0,0,0,0,0,0,0.0,0.0,0.0,0.0,0.0,0.0,0.0,0.0,0,52
2025-26,33,332,353,Daniel James,MID,Leeds,11,4,0,2026-04-22T19:00:00Z,0,0,0,0,0,0,0,0,0.0,0.0,0.0,0.0,0.0,0.0,0.0,0.0,0,52
2025-26,33,326,354,Ethan Ampadu,MID,Leeds,11,20,1,2026-04-18T14:00:00Z,90,3,0,0,1,0,0,8,4.8,5.1,39.0,4.9,0.51,0.01,0.52,0.57,1,49
2025-26,33,332,354,Ethan Ampadu,MID,Leeds,11,4,0,2026-04-22T19:00:00Z,90,9,0,1,0,2,2,30,21.0,11.5,0.0,3.3,0.0,0.03,0.03,1.45,1,49
2025-26,33,326,355,Sam Greenwood,MID,Leeds,11,20,1,2026-04-18T14:00:00Z,0,0,0,0,0,0,0,0,0.0,0.0,0.0,0.0,0.0,0.0,0.0,0.0,0,49
2025-26,33,332,355,Sam Greenwood,MID,Leeds,11,4,0,2026-04-22T19:00:00Z,0,0,0,0,0,0,0,0,0.0,0.0,0.0,0.0,0.0,0.0,0.0,0.0,0,49
2025-26,33,326,356,Ilia Gruev,MID,Leeds,11,20,1,2026-04-18T14:00:00Z,12,1,0,0,0,0,0,3,1.6,0.1,0.0,0.2,0.0,0.0,0.0,0.0,0,47
2025-26,33,332,356,Ilia Gruev,MID,Leeds,11,4,0,2026-04-22T19:00:00Z,0,0,0,0,0,0,0,0,0.0,0.0,0.0,0.0,0.0,0.0,0.0,0.0,0,47
2025-26,33,326,357,Largie Ramazani,MID,Leeds,11,20,1,2026-04-18T14:00:00Z,0,0,0,0,0,0,0,0,0.0,0.0,0.0,0.0,0.0,0.0,0.0,0.0,0,49
2025-26,33,332,357,Largie Ramazani,MID,Leeds,11,4,0,2026-04-22T19:00:00Z,0,0,0,0,0,0,0,0,0.0,0.0,0.0,0.0,0.0,0.0,0.0,0.0,0,49
2025-26,33,326,358,Tanaka Ao,MID,Leeds,11,20,1,2026-04-18T14:00:00Z,90,3,0,0,1,0,0,18,8.8,59.5,4.0,7.2,0.03,0.16,0.19,0.57,1,48
2025-26,33,332,358,Tanaka Ao,MID,Leeds,11,4,0,2026-04-22T19:00:00Z,88,2,0,0,0,2,0,17,7.4,12.5,0.0,2.0,0.0,0.02,0.02,1.45,1,48
2025-26,33,326,359,Charlie Crew,MID,Leeds,11,20,1,2026-04-18T14:00:00Z,0,0,0,0,0,0,0,0,0.0,0.0,0.0,0.0,0.0,0.0,0.0,0.0,0,45
2025-26,33,332,359,Charlie Crew,MID,Leeds,11,4,0,2026-04-22T19:00:00Z,0,0,0,0,0,0,0,0,0.0,0.0,0.0,0.0,0.0,0.0,0.0,0.0,0,45
2025-26,33,326,360,Joe Gelhardt,MID,Leeds,11,20,1,2026-04-18T14:00:00Z,0,0,0,0,0,0,0,0,0.0,0.0,0.0,0.0,0.0,0.0,0.0,0.0,0,45
2025-26,33,332,360,Joe Gelhardt,MID,Leeds,11,4,0,2026-04-22T19:00:00Z,0,0,0,0,0,0,0,0,0.0,0.0,0.0,0.0,0.0,0.0,0.0,0.0,0,45
2025-26,33,326,361,Darko Gyabi,MID,Leeds,11,20,1,2026-04-18T14:00:00Z,0,0,0,0,0,0,0,0,0.0,0.0,0.0,0.0,0.0,0.0,0.0,0.0,0,45
2025-26,33,332,361,Darko Gyabi,MID,Leeds,11,4,0,2026-04-22T19:00:00Z,0,0,0,0,0,0,0,0,0.0,0.0,0.0,0.0,0.0,0.0,0.0,0.0,0,45
2025-26,33,326,362,Joël Piroe,FWD,Leeds,11,20,1,2026-04-18T14:00:00Z,0,0,0,0,0,0,0,0,0.0,0.0,0.0,0.0,0.0,0.0,0.0,0.0,0,49
2025-26,33,332,362,Joël Piroe,FWD,Leeds,11,4,0,2026-04-22T19:00:00Z,1,1,0,0,0,0,0,3,0.0,1.0,0.0,0.1,0.0,0.0,0.0,0.0,0,49
2025-26,33,326,363,Patrick Bamford,FWD,Leeds,11,20,1,2026-04-18T14:00:00Z,0,0,0,0,0,0,0,0,0.0,0.0,0.0,0.0,0.0,0.0,0.0,0.0,0,49
2025-26,33,332,363,Patrick Bamford,FWD,Leeds,11,4,0,2026-04-22T19:00:00Z,0,0,0,0,0,0,0,0,0.0,0.0,0.0,0.0,0.0,0.0,0.0,0.0,0,49
2025-26,33,326,364,Mateo Joseph Fernández-Regatillo,FWD,Leeds,11,20,1,2026-04-18T14:00:00Z,0,0,0,0,0,0,0,0,0.0,0.0,0.0,0.0,0.0,0.0,0.0,0.0,0,50
2025-26,33,332,364,Mateo Joseph Fernández-Regatillo,FWD,Leeds,11,4,0,2026-04-22T19:00:00Z,0,0,0,0,0,0,0,0,0.0,0.0,0.0,0.0,0.0,0.0,0.0,0.0,0,50
2025-26,33,326,365,Lukas Nmecha,FWD,Leeds,11,20,1,2026-04-18T14:00:00Z,1,1,0,0,0,0,0,3,0.2,0.2,5.0,0.5,0.06,0.0,0.06,0.0,0,50
2025-26,33,332,365,Lukas Nmecha,FWD,Leeds,11,4,0,2026-04-22T19:00:00Z,26,1,0,0,0,1,0,0,0.0,11.0,28.0,3.8,0.37,0.08,0.45,0.62,0,50
2025-26,33,325,366,Alisson Becker,GK,Liverpool,12,9,0,2026-04-19T13:00:00Z,0,0,0,0,0,0,0,0,0.0,0.0,0.0,0.0,0.0,0.0,0.0,0.0,0,54
2025-26,33,325,367,Giorgi Mamardashvili,GK,Liverpool,12,9,0,2026-04-19T13:00:00Z,57,1,0,0,0,1,0,6,16.0,0.0,0.0,1.6,0.0,0.0,0.0,0.63,1,41
2025-26,33,325,368,Ármin Pécsi,GK,Liverpool,12,9,0,2026-04-19T13:00:00Z,0,0,0,0,0,0,0,0,0.0,0.0,0.0,0.0,0.0,0.0,0.0,0.0,0,38
2025-26,33,325,369,Freddie Woodman,GK,Liverpool,12,9,0,2026-04-19T13:00:00Z,32,1,0,0,0,0,0,7,9.6,0.0,0.0,1.0,0.0,0.0,0.0,0.16,0,39
2025-26,33,325,370,Jeremie Frimpong,DEF,Liverpool,12,9,0,2026-04-19T13:00:00Z,6,1,0,0,0,0,0,0,0.0,0.1,0.0,0.0,0.0,0.0,0.0,0.0,0,57
2025-26,33,325,371,Milos Kerkez,DEF,Liverpool,12,9,0,2026-04-19T13:00:00Z,4,1,0,0,0,0,0,3,0.4,0.2,2.0,0.3,0.0,0.0,0.0,0.0,0,56
2025-26,33,325,372,Andrew Robertson,DEF,Liverpool,12,9,0,2026-04-19T13:00:00Z,85,2,0,0,0,1,0,8,6.6,13.2,5.0,2.5,0.02,0.01,0.03,0.79,1,57
2025-26,33,325,373,Virgil van Dijk,DEF,Liverpool,12,9,0,2026-04-19T13:00:00Z,90,8,1,0,0,1,0,27,50.0,0.6,33.0,8.4,0.23,0.0,0.23,0.79,1,63
2025-26,33,325,374,Ibrahima Konaté,DEF,Liverpool,12,9,0,2026-04-19T13:00:00Z,90,4,0,0,0,1,0,20,29.8,0.7,0.0,3.1,0.0,0.01,0.01,0.79,1,55
2025-26,33,325,375,Conor Bradley,DEF,Liverpool,12,9,0,2026-04-19T13:00:00Z,0,0,0,0,0,0,0,0,0.0,0.0,0.0,0.0,0.0,0.0,0.0,0.0,0,49
2025-26,33,325,376,Joe Gomez,DEF,Liverpool,12,9,0,2026-04-19T13:00:00Z,0,0,0,0,0,0,0,0,0.0,0.0,0.0,0.0,0.0,0.0,0.0,0.0,0,49
2025-26,33,325,377,Konstantinos Tsimikas,DEF,Liverpool,12,9,0,2026-04-19T13:00:00Z,0,0,0,0,0,0,0,0,0.0,0.0,0.0,0.0,0.0,0.0,0.0,0.0,0,48
2025-26,33,325,378,Amara Nallo,DEF,Liverpool,12,9,0,2026-04-19T13:00:00Z,0,0,0,0,0,0,0,0,0.0,0.0,0.0,0.0,0.0,0.0,0.0,0.0,0,37
2025-26,33,325,379,Rhys Williams,DEF,Liverpool,12,9,0,2026-04-19T13:00:00Z,0,0,0,0,0,0,0,0,0.0,0.0,0.0,0.0,0.0,0.0,0.0,0.0,0,37
2025-26,33,325,380,Calvin Ramsay,DEF,Liverpool,12,9,0,2026-04-19T13:00:00Z,0,0,0,0,0,0,0,0,0.0,0.0,0.0,0.0,0.0,0.0,0.0,0.0,0,37
2025-26,33,325,381,Mohamed Salah,MID,Liverpool,12,9,0,2026-04-19T13:00:00Z,90,10,1,0,0,1,3,31,50.0,20.4,19.0,8.9,0.52,0.11,0.63,0.79,1,140
2025-26,33,325,382,Florian Wirtz,MID,Liverpool,12,9,0,2026-04-19T13:00:00Z,83,2,0,0,0,1,0,13,11.8,53.3,2.0,6.7,0.0,0.25,0.25,0.79,1,83
2025-26,33,325,383,Luis Díaz Marulanda,MID,Liverpool,12,9,0,2026-04-19T13:00:00Z,0,0,0,0,0,0,0,0,0.0,0.0,0.0,0.0,0.0,0.0,0.0,0.0,0,80
2025-26,33,325,384,Cody Gakpo,MID,Liverpool,12,9,0,2026-04-19T13:00:00Z,83,5,0,1,0,1,0,25,33.0,45.4,39.0,11.7,0.36,0.27,0.63,0.79,1,73
2025-26,33,325,385,Federico Chiesa,MID,Liverpool,12,9,0,2026-04-19T13:00:00Z,0,0,0,0,0,0,0,0,0.0,0.0,0.0,0.0,0.0,0.0,0.0,0.0,0,63
2025-26,33,325,386,Alexis Mac Allister,MID,Liverpool,12,9,0,2026-04-19T13:00:00Z,6,1,0,0,0,0,0,2,0.2,11.5,0.0,1.2,0.0,0.0,0.0,0.0,0,63
2025-26,33,325,387,Dominik Szoboszlai,MID,Liverpool,12,9,0,2026-04-19T13:00:00Z,90,5,0,1,0,1,0,20,22.2,18.5,4.0,4.5,0.07,0.22,0.29,0.79,1,71
2025-26,33,325,388,Curtis Jones,MID,Liverpool,12,9,0,2026-04-19T13:00:00Z,90,4,0,0,0,1,0,23,23.0,6.0,0.0,2.9,0.0,0.2,0.2,0.79,1,54
2025-26,33,321,389,Harvey Elliott,MID,Aston Villa,2,17,1,2026-04-19T13:00:00Z,0,0,0,0,0,0,0,0,0.0,0.0,0.0,0.0,0.0,0.0,0.0,0.0,0,51
2025-26,33,325,390,Ryan Gravenberch,MID,Liverpool,12,9,0,2026-04-19T13:00:00Z,90,2,0,0,0,1,0,9,5.6,15.8,1.0,2.2,0.03,0.04,0.07,0.79,1,55
2025-26,33,328,391,Ben Gannon-Doak,MID,Bournemouth,4,15,0,2026-04-18T14:00:00Z,12,1,0,0,0,0,0,5,7.2,0.4,2.0,1.0,0.0,0.0,0.0,0.83,0,48
2025-26,33,332,391,Ben Gannon-Doak,MID,Bournemouth,4,11,1,2026-04-22T19:00:00Z,0,0,0,0,0,0,0,0,0.0,0.0,0.0,0.0,0.0,0.0,0.0,0.0,0,48
2025-26,33,325,392,Endo Wataru,MID,Liverpool,12,9,0,2026-04-19T13:00:00Z,0,0,0,0,0,0,0,0,0.0,0.0,0.0,0.0,0.0,0.0,0.0,0.0,0,49
2025-26,33,325,393,Stefan Bajčetić Maquieira,MID,Liverpool,12,9,0,2026-04-19T13:00:00Z,0,0,0,0,0,0,0,0,0.0,0.0,0.0,0.0,0.0,0.0,0.0,0.0,0,42
2025-26,33,325,394,James McConnell,MID,Liverpool,12,9,0,2026-04-19T13:00:00Z,0,0,0,0,0,0,0,0,0.0,0.0,0.0,0.0,0.0,0.0,0.0,0.0,0,44
2025-26,33,325,395,Tyler Morton,MID,Liverpool,12,9,0,2026-04-19T13:00:00Z,0,0,0,0,0,0,0,0,0.0,0.0,0.0,0.0,0.0,0.0,0.0,0.0,0,45
2025-26,33,325,396,Trey Nyoni,MID,Liverpool,12,9,0,2026-04-19T13:00:00Z,0,0,0,0,0,0,0,0,0.0,0.0,0.0,0.0,0.0,0.0,0.0,0.0,0,43
2025-26,33,325,397,Darwin Núñez Ribeiro,FWD,Liverpool,12,9,0,2026-04-19T13:00:00Z,0,0,0,0,0,0,0,0,0.0,0.0,0.0,0.0,0.0,0.0,0.0,0.0,0,65
2025-26,33,325,398,Jayden Danns,FWD,Liverpool,12,9,0,2026-04-19T13:00:00Z,0,0,0,0,0,0,0,0,0.0,0.0,0.0,0.0,0.0,0.0,0.0,0.0,0,43
2025-26,33,327,399,Ederson Santana de Moraes,GK,Man City,13,1,1,2026-04-19T15:30:00Z,0,0,0,0,0,0,0,0,0.0,0.0,0.0,0.0,0.0,0.0,0.0,0.0,0,53
2025-26,33,334,399,Ederson Santana de Moraes,GK,Man City,13,3,0,2026-04-22T19:00:00Z,0,0,0,0,0,0,0,0,0.0,0.0,0.0,0.0,0.0,0.0,0.0,0.0,0,53
2025-26,33,329,400,Stefan Ortega Moreno,GK,Nott'm Forest,16,3,1,2026-04-19T13:00:00Z,0,0,0,0,0,0,0,0,0.0,0.0,0.0,0.0,0.0,0.0,0.0,0.0,0,47
2025-26,33,327,401,Marcus Bettinelli,GK,Man City,13,1,1,2026-04-19T15:30:00Z,0,0,0,0,0,0,0,0,0.0,0.0,0.0,0.0,0.0,0.0,0.0,0.0,0,38
2025-26,33,334,401,Marcus Bettinelli,GK,Man City,13,3,0,2026-04-22T19:00:00Z,0,0,0,0,0,0,0,0,0.0,0.0,0.0,0.0,0.0,0.0,0.0,0.0,0,38
2025-26,33,327,402,Rayan Aït-Nouri,DEF,Man City,13,1,1,2026-04-19T15:30:00Z,0,0,0,0,0,0,0,0,0.0,0.0,0.0,0.0,0.0,0.0,0.0,0.0,0,57
2025-26,33,334,402,Rayan Aït-Nouri,DEF,Man City,13,3,0,2026-04-22T19:00:00Z,64,8,0,0,1,0,2,31,8.6,27.9,13.0,5.0,0.07,0.03,0.1,0.53,1,57
2025-26,33,327,403,Joško Gvardiol,DEF,Man City,13,1,1,2026-04-19T15:30:00Z,0,0,0,0,0,0,0,0,0.0,0.0,0.0,0.0,0.0,0.0,0.0,0.0,0,58
2025-26,33,334,403,Joško Gvardiol,DEF,Man City,13,3,0,2026-04-22T19:00:00Z,0,0,0,0,0,0,0,0,0.0,0.0,0.0,0.0,0.0,0.0,0.0,0.0,0,58
2025-26,33,327,404,Manuel Akanji,DEF,Man City,13,1,1,2026-04-19T15:30:00Z,0,0,0,0,0,0,0,0,0.0,0.0,0.0,0.0,0.0,0.0,0.0,0.0,0,54
2025-26,33,334,404,Manuel Akanji,DEF,Man City,13,3,0,2026-04-22T19:00:00Z,0,0,0,0,0,0,0,0,0.0,0.0,0.0,0.0,0.0,0.0,0.0,0.0,0,54
2025-26,33,327,405,Nathan Aké,DEF,Man City,13,1,1,2026-04-19T15:30:00Z,1,1,0,0,0,0,0,3,2.0,0.0,0.0,0.2,0.0,0.0,0.0,0.0,0,52
2025-26,33,334,405,Nathan Aké,DEF,Man City,13,3,0,2026-04-22T19:00:00Z,0,0,0,0,0,0,0,0,0.0,0.0,0.0,0.0,0.0,0.0,0.0,0.0,0,52
2025-26,33,327,406,Abdukodir Khusanov,DEF,Man City,13,1,1,2026-04-19T15:30:00Z,90,4,0,0,0,1,0,18,28.2,25.4,6.0,6.0,0.11,0.11,0.22,1.62,1,54
2025-26,33,334,406,Abdukodir Khusanov,DEF,Man City,13,3,0,2026-04-22T19:00:00Z,90,11,0,0,1,0,3,32,24.4,3.1,2.0,3.0,0.0,0.1,0.1,0.61,1,54
2025-26,33,327,407,Matheus Nunes,DEF,Man City,13,1,1,2026-04-19T15:30:00Z,90,5,0,1,0,1,0,23,31.8,13.9,2.0,4.8,0.0,0.08,0.08,1.62,1,53
2025-26,33,334,407,Matheus Nunes,DEF,Man City,13,3,0,2026-04-22T19:00:00Z,90,6,0,0,1,0,0,28,22.6,17.6,2.0,4.2,0.0,0.04,0.04,0.61,1,53
2025-26,33,327,408,Rúben dos Santos Gato Alves Dias,DEF,Man City,13,1,1,2026-04-19T15:30:00Z,0,0,0,0,0,0,0,0,0.0,0.0,0.0,0.0,0.0,0.0,0.0,0.0,0,55
2025-26,33,334,408,Rúben dos Santos Gato Alves Dias,DEF,Man City,13,3,0,2026-04-22T19:00:00Z,0,0,0,0,0,0,0,0,0.0,0.0,0.0,0.0,0.0,0.0,0.0,0.0,0,55
2025-26,33,327,409,John Stones,DEF,Man City,13,1,1,2026-04-19T15:30:00Z,0,0,0,0,0,0,0,0,0.0,0.0,0.0,0.0,0.0,0.0,0.0,0.0,0,54
2025-26,33,334,409,John Stones,DEF,Man City,13,3,0,2026-04-22T19:00:00Z,0,0,0,0,0,0,0,0,0.0,0.0,0.0,0.0,0.0,0.0,0.0,0.0,0,54
2025-26,33,327,410,Rico Lewis,DEF,Man City,13,1,1,2026-04-19T15:30:00Z,0,0,0,0,0,0,0,0,0.0,0.0,0.0,0.0,0.0,0.0,0.0,0.0,0,46
2025-26,33,334,410,Rico Lewis,DEF,Man City,13,3,0,2026-04-22T19:00:00Z,0,0,0,0,0,0,0,0,0.0,0.0,0.0,0.0,0.0,0.0,0.0,0.0,0,46
2025-26,33,327,411,Nico O'Reilly,DEF,Man City,13,1,1,2026-04-19T15:30:00Z,90,7,0,1,0,1,2,31,23.8,15.6,8.0,4.7,0.0,0.35,0.35,1.62,1,51
2025-26,33,334,411,Nico O'Reilly,DEF,Man City,13,3,0,2026-04-22T19:00:00Z,90,6,0,0,1,0,0,23,24.0,2.3,65.0,9.1,0.8,0.01,0.81,0.61,1,51
2025-26,33,327,412,Vitor de Oliveira Nunes dos Reis,DEF,Man City,13,1,1,2026-04-19T15:30:00Z,0,0,0,0,0,0,0,0,0.0,0.0,0.0,0.0,0.0,0.0,0.0,0.0,0,50
2025-26,33,334,412,Vitor de Oliveira Nunes dos Reis,DEF,Man City,13,3,0,2026-04-22T19:00:00Z,0,0,0,0,0,0,0,0,0.0,0.0,0.0,0.0,0.0,0.0,0.0,0.0,0,50
2025-26,33,327,413,Omar Marmoush,MID,Man City,13,1,1,2026-04-19T15:30:00Z,0,0,0,0,0,0,0,0,0.0,0.0,0.0,0.0,0.0,0.0,0.0,0.0,0,83
2025-26,33,334,413,Omar Marmoush,MID,Man City,13,3,0,2026-04-22T19:00:00Z,0,0,0,0,0,0,0,0,0.0,0.0,0.0,0.0,0.0,0.0,0.0,0.0,0,83
2025-26,33,327,414,Phil Foden,MID,Man City,13,1,1,2026-04-19T15:30:00Z,5,1,0,0,0,0,0,3,0.2,1.1,0.0,0.1,0.0,0.0,0.0,0.12,0,80
2025-26,33,334,414,Phil Foden,MID,Man City,13,3,0,2026-04-22T19:00:00Z,0,0,0,0,0,0,0,0,0.0,0.0,0.0,0.0,0.0,0.0,0.0,0.0,0,80
2025-26,33,327,415,Sávio Moreira de Oliveira,MID,Man City,13,1,1,2026-04-19T15:30:00Z,2,1,0,0,0,0,0,3,1.0,0.1,0.0,0.1,0.0,0.0,0.0,0.12,0,69
2025-26,33,334,415,Sávio Moreira de Oliveira,MID,Man City,13,3,0,2026-04-22T19:00:00Z,25,1,0,0,0,0,0,4,7.2,2.0,23.0,3.2,0.14,0.05,0.19,0.08,0,69
2025-26,33,327,416,Bernardo Mota Veiga de Carvalho e Silva,MID,Man City,13,1,1,2026-04-19T15:30:00Z,90,2,0,0,0,1,0,15,13.2,14.6,10.0,3.8,0.09,0.02,0.11,1.62,1,62
2025-26,33,334,416,Bernardo Mota Veiga de Carvalho e Silva,MID,Man City,13,3,0,2026-04-22T19:00:00Z,90,5,0,0,1,0,0,24,27.6,81.7,31.0,14.0,0.27,0.21,0.48,0.61,1,62
2025-26,33,327,417,Rayan Cherki,MID,Man City,13,1,1,2026-04-19T15:30:00Z,84,10,1,0,0,1,3,33,42.2,32.9,39.0,11.4,0.14,0.13,0.27,1.5,1,64
2025-26,33,334,417,Rayan Cherki,MID,Man City,13,3,0,2026-04-22T19:00:00Z,90,3,0,0,1,0,0,19,22.6,100.8,71.0,19.4,0.85,0.41,1.26,0.61,1,64
2025-26,33,327,418,Jérémy Doku,MID,Man City,13,1,1,2026-04-19T15:30:00Z,87,2,0,0,0,1,0,17,8.0,16.9,29.0,5.4,0.11,0.11,0.22,1.5,1,64
2025-26,33,334,418,Jérémy Doku,MID,Man City,13,3,0,2026-04-22T19:00:00Z,90,6,0,1,1,0,0,25,20.0,31.0,19.0,7.0,0.09,0.26,0.35,0.61,1,64
2025-26,33,325,419,Jack Grealish,MID,Everton,9,12,1,2026-04-19T13:00:00Z,0,0,0,0,0,0,0,0,0.0,0.0,0.0,0.0,0.0,0.0,0.0,0.0,0,63
2025-26,33,327,420,İlkay Gündoğan,MID,Man City,13,1,1,2026-04-19T15:30:00Z,0,0,0,0,0,0,0,0,0.0,0.0,0.0,0.0,0.0,0.0,0.0,0.0,0,63
2025-26,33,334,420,İlkay Gündoğan,MID,Man City,13,3,0,2026-04-22T19:00:00Z,0,0,0,0,0,0,0,0,0.0,0.0,0.0,0.0,0.0,0.0,0.0,0.0,0,63
2025-26,33,327,421,Rodrigo 'Rodri' Hernandez Cascante,MID,Man City,13,1,1,2026-04-19T15:30:00Z,87,2,0,0,0,1,0,18,19.2,8.3,4.0,3.2,0.04,0.15,0.19,1.5,1,63
2025-26,33,334,421,Rodrigo 'Rodri' Hernandez Cascante,MID,Man City,13,3,0,2026-04-22T19:00:00Z,0,0,0,0,0,0,0,0,0.0,0.0,0.0,0.0,0.0,0.0,0.0,0.0,0,63
2025-26,33,327,422,Mateo Kovačić,MID,Man City,13,1,1,2026-04-19T15:30:00Z,0,0,0,0,0,0,0,0,0.0,0.0,0.0,0.0,0.0,0.0,0.0,0.0,0,58
2025-26,33,334,422,Mateo Kovačić,MID,Man City,13,3,0,2026-04-22T19:00:00Z,0,0,0,0,0,0,0,0,0.0,0.0,0.0,0.0,0.0,0.0,0.0,0.0,0,58
2025-26,33,327,423,Nico González Iglesias,MID,Man City,13,1,1,2026-04-19T15:30:00Z,2,1,0,0,0,0,0,3,0.0,0.1,0.0,0.0,0.0,0.0,0.0,0.12,0,59
2025-26,33,334,423,Nico González Iglesias,MID,Man City,13,3,0,2026-04-22T19:00:00Z,25,1,0,0,0,0,0,13,7.2,15.2,1.0,2.3,0.02,0.02,0.04,0.08,0,59
2025-26,33,322,424,Oscar Bobb,MID,Fulham,10,5,0,2026-04-18T11:30:00Z,9,1,0,0,0,0,0,6,1.2,0.1,4.0,0.5,0.02,0.0,0.02,0.71,0,51
2025-26,33,327,425,Claudio Echeverri,MID,Man City,13,1,1,2026-04-19T15:30:00Z,0,0,0,0,0,0,0,0,0.0,0.0,0.0,0.0,0.0,0.0,0.0,0.0,0,54
2025-26,33,334,425,Claudio Echeverri,MID,Man City,13,3,0,2026-04-22T19:00:00Z,0,0,0,0,0,0,0,0,0.0,0.0,0.0,0.0,0.0,0.0,0.0,0.0,0,54
2025-26,33,329,426,James McAtee,MID,Nott'm Forest,16,3,1,2026-04-19T13:00:00Z,0,0,0,0,0,0,0,0,0.0,0.0,0.0,0.0,0.0,0.0,0.0,0.0,0,50
2025-26,33,327,427,Tijjani Reijnders,MID,Man City,13,1,1,2026-04-19T15:30:00Z,0,0,0,0,0,0,0,0,0.0,0.0,0.0,0.0,0.0,0.0,0.0,0.0,0,50
2025-26,33,334,427,Tijjani Reijnders,MID,Man City,13,3,0,2026-04-22T19:00:00Z,0,0,0,0,0,0,0,0,0.0,0.0,0.0,0.0,0.0,0.0,0.0,0.0,0,50
2025-26,33,327,428,Sverre Nypan,MID,Man City,13,1,1,2026-04-19T15:30:00Z,0,0,0,0,0,0,0,0,0.0,0.0,0.0,0.0,0.0,0.0,0.0,0.0,0,50
2025-26,33,334,428,Sverre Nypan,MID,Man City,13,3,0,2026-04-22T19:00:00Z,0,0,0,0,0,0,0,0,0.0,0.0,0.0,0.0,0.0,0.0,0.0,0.0,0,50
2025-26,33,327,429,Kalvin Phillips,MID,Man City,13,1,1,2026-04-19T15:30:00Z,0,0,0,0,0,0,0,0,0.0,0.0,0.0,0.0,0.0,0.0,0.0,0.0,0,47
2025-26,33,334,429,Kalvin Phillips,MID,Man City,13,3,0,2026-04-22T19:00:00Z,0,0,0,0,0,0,0,0,0.0,0.0,0.0,0.0,0.0,0.0,0.0,0.0,0,47
2025-26,33,327,430,Erling Haaland,FWD,Man City,13,1,1,2026-04-19T15:30:00Z,90,6,1,0,0,1,1,25,31.4,14.0,41.0,8.6,0.81,0.04,0.85,1.62,1,145
2025-26,33,334,430,Erling Haaland,FWD,Man City,13,3,0,2026-04-22T19:00:00Z,90,7,1,0,1,0,1,29,33.6,1.3,55.0,9.0,1.07,0.07,1.14,0.61,1,145
2025-26,33,323,431,Altay Bayındır,GK,Man Utd,14,7,0,2026-04-18T19:00:00Z,0,0,0,0,0,0,0,0,0.0,0.0,0.0,0.0,0.0,0.0,0.0,0.0,0,47
2025-26,33,323,432,André Onana,GK,Man Utd,14,7,0,2026-04-18T19:00:00Z,0,0,0,0,0,0,0,0,0.0,0.0,0.0,0.0,0.0,0.0,0.0,0.0,0,49
2025-26,33,323,433,Elyh Harrison,GK,Man Utd,14,7,0,2026-04-18T19:00:00Z,0,0,0,0,0,0,0,0,0.0,0.0,0.0,0.0,0.0,0.0,0.0,0.0,0,40
2025-26,33,323,434,Tom Heaton,GK,Man Utd,14,7,0,2026-04-18T19:00:00Z,0,0,0,0,0,0,0,0,0.0,0.0,0.0,0.0,0.0,0.0,0.0,0.0,0,38
2025-26,33,323,435,Dermot Mee,GK,Man Utd,14,7,0,2026-04-18T19:00:00Z,0,0,0,0,0,0,0,0,0.0,0.0,0.0,0.0,0.0,0.0,0.0,0.0,0,39
2025-26,33,323,436,Matthijs de Ligt,DEF,Man Utd,14,7,0,2026-04-18T19:00:00Z,0,0,0,0,0,0,0,0,0.0,0.0,0.0,0.0,0.0,0.0,0.0,0.0,0,49
2025-26,33,323,437,Lisandro Martínez,DEF,Man Utd,14,7,0,2026-04-18T19:00:00Z,0,0,0,0,0,0,0,0,0.0,0.0,0.0,0.0,0.0,0.0,0.0,0.0,0,48
2025-26,33,323,438,Noussair Mazraoui,DEF,Man Utd,14,7,0,2026-04-18T19:00:00Z,90,6,0,0,1,0,0,24,5.8,4.7,0.0,1.1,0.0,0.01,0.01,1.57,1,49
2025-26,33,323,439,Diego León Blanco,DEF,Man Utd,14,7,0,2026-04-18T19:00:00Z,0,0,0,0,0,0,0,0,0.0,0.0,0.0,0.0,0.0,0.0,0.0,0.0,0,41
2025-26,33,323,440,Diogo Dalot Teixeira,DEF,Man Utd,14,7,0,2026-04-18T19:00:00Z,90,6,0,0,1,0,0,29,14.4,1.5,4.0,2.0,0.0,0.0,0.0,1.57,1,46
2025-26,33,323,441,Patrick Dorgu,DEF,Man Utd,14,7,0,2026-04-18T19:00:00Z,0,0,0,0,0,0,0,0,0.0,0.0,0.0,0.0,0.0,0.0,0.0,0.0,0,41
2025-26,33,323,442,Harry Maguire,DEF,Man Utd,14,7,0,2026-04-18T19:00:00Z,0,0,0,0,0,0,0,0,0.0,0.0,0.0,0.0,0.0,0.0,0.0,0.0,0,44
2025-26,33,323,443,Luke Shaw,DEF,Man Utd,14,7,0,2026-04-18T19:00:00Z,90,11,0,0,1,0,3,30,13.0,0.8,0.0,1.4,0.0,0.0,0.0,1.57,1,45
2025-26,33,323,444,Leny Yoro,DEF,Man Utd,14,7,0,2026-04-18T19:00:00Z,0,0,0,0,0,0,0,0,0.0,0.0,0.0,0.0,0.0,0.0,0.0,0.0,0,41
2025-26,33,323,445,Harry Amass,DEF,Man Utd,14,7,0,2026-04-18T19:00:00Z,0,0,0,0,0,0,0,0,0.0,0.0,0.0,0.0,0.0,0.0,0.0,0.0,0,40
2025-26,33,323,446,Tyler Fredricson,DEF,Man Utd,14,7,0,2026-04-18T19:00:00Z,0,0,0,0,0,0,0,0,0.0,0.0,0.0,0.0,0.0,0.0,0.0,0.0,0,37
2025-26,33,323,447,Ayden Heaven,DEF,Man Utd,14,7,0,2026-04-18T19:00:00Z,90,11,0,0,1,0,3,30,31.2,0.2,0.0,3.1,0.0,0.0,0.0,1.57,1,37
2025-26,33,323,448,Tyrell Malacia,DEF,Man Utd,14,7,0,2026-04-18T19:00:00Z,0,0,0,0,0,0,0,0,0.0,0.0,0.0,0.0,0.0,0.0,0.0,0.0,0,37
2025-26,33,323,449,Bruno Borges Fernandes,MID,Man Utd,14,7,0,2026-04-18T19:00:00Z,90,6,0,1,1,0,0,23,28.6,49.0,3.0,8.1,0.04,0.08,0.12,1.57,1,103
2025-26,33,323,450,Matheus Santos Carneiro da Cunha,MID,Man Utd,14,7,0,2026-04-18T19:00:00Z,80,7,1,0,1,0,0,25,33.8,12.8,21.0,6.8,0.22,0.02,0.24,1.49,1,80
2025-26,33,323,451,Marcus Rashford,MID,Man Utd,14,7,0,2026-04-18T19:00:00Z,0,0,0,0,0,0,0,0,0.0,0.0,0.0,0.0,0.0,0.0,0.0,0.0,0,70
2025-26,33,323,452,Amad Diallo,MID,Man Utd,14,7,0,2026-04-18T19:00:00Z,10,1,0,0,0,0,0,4,6.2,0.1,2.0,0.8,0.0,0.0,0.0,0.08,0,62
2025-26,33,323,453,Alejandro Garnacho Ferreyra,MID,Chelsea,7,14,1,2026-04-18T19:00:00Z,74,2,0,0,0,1,0,17,11.0,26.2,28.0,6.5,0.16,0.06,0.22,0.26,0,64
2025-26,33,333,453,Alejandro Garnacho Ferreyra,MID,Chelsea,7,6,0,2026-04-21T19:00:00Z,45,1,0,0,0,2,0,-3,0.0,11.3,17.0,2.8,0.18,0.02,0.2,0.85,0,64
2025-26,33,323,454,Antony dos Santos,MID,Man Utd,14,7,0,2026-04-18T19:00:00Z,0,0,0,0,0,0,0,0,0.0,0.0,0.0,0.0,0.0,0.0,0.0,0.0,0,59
2025-26,33,323,455,Mason Mount,MID,Man Utd,14,7,0,2026-04-18T19:00:00Z,9,0,0,0,0,0,0,-2,2.6,1.8,2.0,0.6,0.0,0.01,0.01,0.08,0,59
2025-26,33,321,456,Jadon Sancho,MID,Aston Villa,2,17,1,2026-04-19T13:00:00Z,10,1,0,0,0,2,0,-1,0.0,0.0,0.0,0.0,0.0,0.0,0.0,1.4,0,58
2025-26,33,323,457,Carlos Henrique Casimiro,MID,Man Utd,14,7,0,2026-04-18T19:00:00Z,90,5,0,0,1,0,0,20,55.0,3.2,0.0,5.8,0.0,0.01,0.01,1.57,1,57
2025-26,33,323,458,Kobbie Mainoo,MID,Man Utd,14,7,0,2026-04-18T19:00:00Z,90,4,0,0,1,0,0,16,16.4,3.6,0.0,2.0,0.0,0.02,0.02,1.57,1,47
2025-26,33,323,459,Manuel Ugarte Ribeiro,MID,Man Utd,14,7,0,2026-04-18T19:00:00Z,0,0,0,0,0,0,0,0,0.0,0.0,0.0,0.0,0.0,0.0,0.0,0.0,0,47
2025-26,33,323,460,Toby Collyer,MID,Man Utd,14,7,0,2026-04-18T19:00:00Z,0,0,0,0,0,0,0,0,0.0,0.0,0.0,0.0,0.0,0.0,0.0,0.0,0,45
2025-26,33,323,461,Jayce Fitzgerald,MID,Man Utd,14,7,0,2026-04-18T19:00:00Z,0,0,0,0,0,0,0,0,0.0,0.0,0.0,0.0,0.0,0.0,0.0,0.0,0,43
2025-26,33,323,462,Jack Fletcher,MID,Man Utd,14,7,0,2026-04-18T19:00:00Z,0,0,0,0,0,0,0,0,0.0,0.0,0.0,0.0,0.0,0.0,0.0,0.0,0,43
2025-26,33,323,463,Sékou Koné,MID,Man Utd,14,7,0,2026-04-18T19:00:00Z,0,0,0,0,0,0,0,0,0.0,0.0,0.0,0.0,0.0,0.0,0.0,0.0,0,43
2025-26,33,323,464,Jack Moorhouse,MID,Man Utd,14,7,0,2026-04-18T19:00:00Z,0,0,0,0,0,0,0,0,0.0,0.0,0.0,0.0,0.0,0.0,0.0,0.0,0,45
2025-26,33,323,465,Rasmus Højlund,FWD,Man Utd,14,7,0,2026-04-18T19:00:00Z,0,0,0,0,0,0,0,0,0.0,0.0,0.0,0.0,0.0,0.0,0.0,0.0,0,63
2025-26,33,323,466,Joshua Zirkzee,FWD,Man Utd,14,7,0,2026-04-18T19:00:00Z,3,1,0,0,0,0,0,4,1.2,0.2,0.0,0.1,0.0,0.0,0.0,0.0,0,58
2025-26,33,323,467,Chido Obi,FWD,Man Utd,14,7,0,2026-04-18T19:00:00Z,0,0,0,0,0,0,0,0,0.0,0.0,0.0,0.0,0.0,0.0,0.0,0.0,0,42
2025-26,33,323,468,Ethan Wheatley,FWD,Man Utd,14,7,0,2026-04-18T19:00:00Z,0,0,0,0,0,0,0,0,0.0,0.0,0.0,0.0,0.0,0.0,0.0,0.0,0,45
2025-26,33,328,469,Nick Pope,GK,Newcastle,15,4,1,2026-04-18T14:00:00Z,0,0,0,0,0,0,0,0,0.0,0.0,0.0,0.0,0.0,0.0,0.0,0.0,0,50
2025-26,33,329,470,Martin Dúbravka,GK,Burnley,3,16,0,2026-04-19T13:00:00Z,90,0,0,0,0,4,0,-3,6.4,0.0,0.0,0.6,0.0,0.0,0.0,1.19,1,40
2025-26,33,334,470,Martin Dúbravka,GK,Burnley,3,13,1,2026-04-22T19:00:00Z,90,4,0,0,0,1,0,26,57.6,0.0,0.0,5.8,0.0,0.0,0.0,3.54,1,40
2025-26,33,328,471,Mark Gillespie,GK,Newcastle,15,4,1,2026-04-18T14:00:00Z,0,0,0,0,0,0,0,0,0.0,0.0,0.0,0.0,0.0,0.0,0.0,0.0,0,39
2025-26,33,328,472,Odysseas Vlachodimos,GK,Newcastle,15,4,1,2026-04-18T14:00:00Z,0,0,0,0,0,0,0,0,0.0,0.0,0.0,0.0,0.0,0.0,0.0,0.0,0,40
2025-26,33,328,473,Lewis Hall,DEF,Newcastle,15,4,1,2026-04-18T14:00:00Z,45,1,0,0,0,1,0,4,7.2,0.9,0.0,0.8,0.0,0.0,0.0,2.17,1,54
2025-26,33,328,474,Fabian Schär,DEF,Newcastle,15,4,1,2026-04-18T14:00:00Z,0,0,0,0,0,0,0,0,0.0,0.0,0.0,0.0,0.0,0.0,0.0,0.0,0,52
2025-26,33,328,475,Sven Botman,DEF,Newcastle,15,4,1,2026-04-18T14:00:00Z,90,2,0,0,0,2,0,7,34.8,10.9,8.0,5.4,0.0,0.07,0.07,2.99,1,49
2025-26,33,328,476,Dan Burn,DEF,Newcastle,15,4,1,2026-04-18T14:00:00Z,16,1,0,0,0,1,0,-6,0.6,0.3,7.0,0.8,0.41,0.0,0.41,0.71,0,50
2025-26,33,328,477,Tino Livramento,DEF,Newcastle,15,4,1,2026-04-18T14:00:00Z,73,2,0,0,0,1,0,7,9.2,4.4,4.0,1.8,0.0,0.03,0.03,2.27,1,49
2025-26,33,328,478,Kieran Trippier,DEF,Newcastle,15,4,1,2026-04-18T14:00:00Z,45,1,0,0,0,1,0,0,5.2,5.3,2.0,1.3,0.0,0.04,0.04,0.81,0,49
2025-26,33,328,479,Emil Krafth,DEF,Newcastle,15,4,1,2026-04-18T14:00:00Z,0,0,0,0,0,0,0,0,0.0,0.0,0.0,0.0,0.0,0.0,0.0,0.0,0,43
2025-26,33,328,480,Jamaal Lascelles,DEF,Newcastle,15,4,1,2026-04-18T14:00:00Z,0,0,0,0,0,0,0,0,0.0,0.0,0.0,0.0,0.0,0.0,0.0,0.0,0,43
2025-26,33,328,481,Alex Murphy,DEF,Newcastle,15,4,1,2026-04-18T14:00:00Z,0,0,0,0,0,0,0,0,0.0,0.0,0.0,0.0,0.0,0.0,0.0,0.0,0,38
2025-26,33,328,482,Harrison Ashby,DEF,Newcastle,15,4,1,2026-04-18T14:00:00Z,0,0,0,0,0,0,0,0,0.0,0.0,0.0,0.0,0.0,0.0,0.0,0.0,0,39
2025-26,33,328,483,Miodrag Pivaš,DEF,Newcastle,15,4,1,2026-04-18T14:00:00Z,0,0,0,0,0,0,0,0,0.0,0.0,0.0,0.0,0.0,0.0,0.0,0.0,0,38
2025-26,33,328,484,Matt Targett,DEF,Newcastle,15,4,1,2026-04-18T14:00:00Z,0,0,0,0,0,0,0,0,0.0,0.0,0.0,0.0,0.0,0.0,0.0,0.0,0,40
2025-26,33,328,485,Anthony Gordon,MID,Newcastle,15,4,1,2026-04-18T14:00:00Z,0,0,0,0,0,0,0,0,0.0,0.0,0.0,0.0,0.0,0.0,0.0,0.0,0,74
2025-26,33,328,486,Anthony Elanga,MID,Newcastle,15,4,1,2026-04-18T14:00:00Z,61,2,0,0,0,1,0,6,4.2,4.1,10.0,1.8,0.0,0.03,0.03,2.27,1,65
2025-26,33,328,487,Harvey Barnes,MID,Newcastle,15,4,1,2026-04-18T14:00:00Z,90,2,0,0,0,2,0,1,0.0,3.3,23.0,2.6,0.17,0.08,0.25,2.99,1,61
2025-26,33,328,488,Bruno Guimarães Rodriguez Moura,MID,Newcastle,15,4,1,2026-04-18T14:00:00Z,28,1,0,0,0,1,0,8,10.8,15.9,33.0,6.0,0.17,0.19,0.36,0.71,0,68
2025-26,33,328,489,Jacob Murphy,MID,Newcastle,15,4,1,2026-04-18T14:00:00Z,28,0,0,0,0,1,0,-2,0.0,4.7,4.0,0.7,0.08,0.01,0.09,0.71,0,59
2025-26,33,328,490,Joelinton Cássio Apolinário de Lira,MID,Newcastle,15,4,1,2026-04-18T14:00:00Z,0,0,0,0,0,0,0,0,0.0,0.0,0.0,0.0,0.0,0.0,0.0,0.0,0,59
2025-26,33,328,491,Sandro Tonali,MID,Newcastle,15,4,1,2026-04-18T14:00:00Z,85,2,0,0,0,2,0,14,6.8,11.7,8.0,2.7,0.07,0.08,0.15,2.99,1,53
2025-26,33,328,492,Antoñito Cordero Campillo,MID,Newcastle,15,4,1,2026-04-18T14:00:00Z,0,0,0,0,0,0,0,0,0.0,0.0,0.0,0.0,0.0,0.0,0.0,0.0,0,49
2025-26,33,326,493,Sean Longstaff,MID,Leeds,11,20,1,2026-04-18T14:00:00Z,1,1,0,0,0,0,0,4,3.2,10.6,2.0,1.6,0.0,0.13,0.13,0.0,0,48
2025-26,33,332,493,Sean Longstaff,MID,Leeds,11,4,0,2026-04-22T19:00:00Z,6,7,1,0,0,1,1,22,32.0,0.3,17.0,4.9,0.15,0.0,0.15,0.44,0,48
2025-26,33,328,494,Joe Willock,MID,Newcastle,15,4,1,2026-04-18T14:00:00Z,0,0,0,0,0,0,0,0,0.0,0.0,0.0,0.0,0.0,0.0,0.0,0.0,0,50
2025-26,33,328,495,Isaac Hayden,MID,Newcastle,15,4,1,2026-04-18T14:00:00Z,0,0,0,0,0,0,0,0,0.0,0.0,0.0,0.0,0.0,0.0,0.0,0.0,0,45
2025-26,33,328,496,Garang Kuol,MID,Newcastle,15,4,1,2026-04-18T14:00:00Z,0,0,0,0,0,0,0,0,0.0,0.0,0.0,0.0,0.0,0.0,0.0,0.0,0,44
2025-26,33,328,497,Lewis Miley,MID,Newcastle,15,4,1,2026-04-18T14:00:00Z,90,4,0,0,0,2,0,14,17.6,4.3,2.0,2.4,0.0,0.03,0.03,2.99,1,44
2025-26,33,328,498,Joe White,MID,Newcastle,15,4,1,2026-04-18T14:00:00Z,0,0,0,0,0,0,0,0,0.0,0.0,0.0,0.0,0.0,0.0,0.0,0.0,0,45
2025-26,33,325,499,Alexander Isak,FWD,Liverpool,12,9,0,2026-04-19T13:00:00Z,71,2,0,0,0,1,0,6,2.0,0.5,19.0,2.2,0.12,0.0,0.12,0.78,1,103
2025-26,33,328,500,William Osula,FWD,Newcastle,15,4,1,2026-04-18T14:00:00Z,90,9,1,0,0,2,3,30,35.4,12.4,30.0,7.8,0.39,0.04,0.43,2.99,1,54
2025-26,33,328,501,Sean Neave,FWD,Newcastle,15,4,1,2026-04-18T14:00:00Z,0,0,0,0,0,0,0,0,0.0,0.0,0.0,0.0,0.0,0.0,0.0,0.0,0,43
2025-26,33,329,502,Matz Sels,GK,Nott'm Forest,16,3,1,2026-04-19T13:00:00Z,90,2,0,0,0,1,0,9,13.8,0.0,0.0,1.4,0.0,0.0,0.0,0.36,1,46
2025-26,33,329,503,Carlos Miguel dos Santos Pereira,GK,Nott'm Forest,16,3,1,2026-04-19T13:00:00Z,0,0,0,0,0,0,0,0,0.0,0.0,0.0,0.0,0.0,0.0,0.0,0.0,0,40
2025-26,33,329,504,Matt Turner,GK,Nott'm Forest,16,3,1,2026-04-19T13:00:00Z,0,0,0,0,0,0,0,0,0.0,0.0,0.0,0.0,0.0,0.0,0.0,0.0,0,40
2025-26,33,329,505,Nikola Milenković,DEF,Nott'm Forest,16,3,1,2026-04-19T13:00:00Z,90,5,0,1,0,1,0,15,7.4,0.4,0.0,0.8,0.0,0.0,0.0,0.36,1,51
2025-26,33,329,506,Murillo Costa dos Santos,DEF,Nott'm Forest,16,3,1,2026-04-19T13:00:00Z,41,1,0,0,0,0,0,8,11.6,0.3,0.0,1.2,0.0,0.0,0.0,0.04,1,52
2025-26,33,329,507,Ola Aina,DEF,Nott'm Forest,16,3,1,2026-04-19T13:00:00Z,90,2,0,0,0,1,0,9,12.2,2.6,0.0,1.5,0.0,0.01,0.01,0.36,1,47
2025-26,33,329,508,Neco Williams,DEF,Nott'm Forest,16,3,1,2026-04-19T13:00:00Z,90,2,0,0,0,1,0,8,14.8,16.4,18.0,4.9,0.07,0.19,0.26,0.36,1,48
2025-26,33,329,509,David Mota Veiga Teixeira do Carmo,DEF,Nott'm Forest,16,3,1,2026-04-19T13:00:00Z,0,0,0,0,0,0,0,0,0.0,0.0,0.0,0.0,0.0,0.0,0.0,0.0,0,45
2025-26,33,329,510,Jair Paula da Cunha Filho,DEF,Nott'm Forest,16,3,1,2026-04-19T13:00:00Z,48,1,0,0,0,1,0,6,15.8,1.6,0.0,1.7,0.0,0.0,0.0,0.32,0,42
2025-26,33,329,511,Felipe Rodrigues da Silva,DEF,Nott'm Forest,16,3,1,2026-04-19T13:00:00Z,2,1,0,0,0,0,0,3,1.2,0.2,0.0,0.1,0.0,0.0,0.0,0.0,0,43
2025-26,33,329,512,Omar Richards,DEF,Nott'm Forest,16,3,1,2026-04-19T13:00:00Z,0,0,0,0,0,0,0,0,0.0,0.0,0.0,0.0,0.0,0.0,0.0,0.0,0,45
2025-26,33,329,513,Zach Abbott,DEF,Nott'm Forest,16,3,1,2026-04-19T13:00:00Z,0,0,0,0,0,0,0,0,0.0,0.0,0.0,0.0,0.0,0.0,0.0,0.0,0,38
2025-26,33,329,514,Willy Boly,DEF,Nott'm Forest,16,3,1,2026-04-19T13:00:00Z,0,0,0,0,0,0,0,0,0.0,0.0,0.0,0.0,0.0,0.0,0.0,0.0,0,38
2025-26,33,329,515,Morgan Gibbs-White,MID,Nott'm Forest,16,3,1,2026-04-19T13:00:00Z,88,20,3,0,0,1,3,71,101.8,15.5,74.0,19.1,0.73,0.02,0.75,0.36,1,74
2025-26,33,329,516,Callum Hudson-Odoi,MID,Nott'm Forest,16,3,1,2026-04-19T13:00:00Z,0,0,0,0,0,0,0,0,0.0,0.0,0.0,0.0,0.0,0.0,0.0,0.0,0,57
2025-26,33,329,517,Elliot Anderson,MID,Nott'm Forest,16,3,1,2026-04-19T13:00:00Z,90,2,0,0,0,1,0,13,14.0,13.3,0.0,2.7,0.0,0.05,0.05,0.36,1,56
2025-26,33,329,518,João Pedro Ferreira da Silva,MID,Nott'm Forest,16,3,1,2026-04-19T13:00:00Z,0,0,0,0,0,0,0,0,0.0,0.0,0.0,0.0,0.0,0.0,0.0,0.0,0,54
2025-26,33,329,519,Nicolás Domínguez,MID,Nott'm Forest,16,3,1,2026-04-19T13:00:00Z,1,4,0,1,0,0,0,17,23.6,14.6,0.0,3.8,0.0,0.18,0.18,0.0,0,50
2025-26,33,329,520,Lewis O'Brien,MID,Nott'm Forest,16,3,1,2026-04-19T13:00:00Z,0,0,0,0,0,0,0,0,0.0,0.0,0.0,0.0,0.0,0.0,0.0,0.0,0,50
2025-26,33,329,521,Ibrahim Sangaré,MID,Nott'm Forest,16,3,1,2026-04-19T13:00:00Z,90,4,0,0,0,1,0,12,12.8,14.6,2.0,2.9,0.0,0.05,0.05,0.36,1,49
2025-26,33,329,522,Ryan Yates,MID,Nott'm Forest,16,3,1,2026-04-19T13:00:00Z,14,4,0,1,0,0,0,14,19.2,16.6,0.0,3.6,0.0,0.03,0.03,0.06,0,47
2025-26,33,329,523,Eric da Silva Moreira,MID,Nott'm Forest,16,3,1,2026-04-19T13:00:00Z,0,0,0,0,0,0,0,0,0.0,0.0,0.0,0.0,0.0,0.0,0.0,0.0,0,45
2025-26,33,329,524,Marko Stamenić,MID,Nott'm Forest,16,3,1,2026-04-19T13:00:00Z,0,0,0,0,0,0,0,0,0.0,0.0,0.0,0.0,0.0,0.0,0.0,0.0,0,45
2025-26,33,329,525,Chris Wood,FWD,Nott'm Forest,16,3,1,2026-04-19T13:00:00Z,75,2,0,0,0,1,0,7,0.0,13.3,13.0,2.6,0.15,0.02,0.17,0.3,1,71
2025-26,33,329,526,Igor Jesus Maciel da Cruz,FWD,Nott'm Forest,16,3,1,2026-04-19T13:00:00Z,45,7,1,0,0,0,2,34,40.4,6.3,21.0,6.8,0.24,0.0,0.24,0.14,0,58
2025-26,33,329,527,Taiwo Awoniyi,FWD,Nott'm Forest,16,3,1,2026-04-19T13:00:00Z,0,0,0,0,0,0,0,0,0.0,0.0,0.0,0.0,0.0,0.0,0.0,0.0,0,52
2025-26,33,321,528,Anthony Patterson,GK,Sunderland,17,2,0,2026-04-19T13:00:00Z,0,0,0,0,0,0,0,0,0.0,0.0,0.0,0.0,0.0,0.0,0.0,0.0,0,42
2025-26,33,321,529,Simon Moore,GK,Sunderland,17,2,0,2026-04-19T13:00:00Z,0,0,0,0,0,0,0,0,0.0,0.0,0.0,0.0,0.0,0.0,0.0,0.0,0,39
2025-26,33,321,530,Blondy Nna Noukeu,GK,Sunderland,17,2,0,2026-04-19T13:00:00Z,0,0,0,0,0,0,0,0,0.0,0.0,0.0,0.0,0.0,0.0,0.0,0.0,0,39
2025-26,33,321,531,Daniel Ballard,DEF,Sunderland,17,2,0,2026-04-19T13:00:00Z,27,0,0,0,0,1,0,-4,6.2,1.2,0.0,0.7,0.0,0.0,0.0,0.98,0,47
2025-26,33,321,532,Trai Hume,DEF,Sunderland,17,2,0,2026-04-19T13:00:00Z,27,7,1,0,0,1,0,18,43.8,0.3,17.0,6.1,0.08,0.0,0.08,0.98,0,45
2025-26,33,321,533,Aji Alese,DEF,Sunderland,17,2,0,2026-04-19T13:00:00Z,0,0,0,0,0,0,0,0,0.0,0.0,0.0,0.0,0.0,0.0,0.0,0.0,0,40
2025-26,33,321,534,Joe Anderson,DEF,Sunderland,17,2,0,2026-04-19T13:00:00Z,0,0,0,0,0,0,0,0,0.0,0.0,0.0,0.0,0.0,0.0,0.0,0.0,0,38
2025-26,33,321,535,Dennis Cirkin,DEF,Sunderland,17,2,0,2026-04-19T13:00:00Z,0,0,0,0,0,0,0,0,0.0,0.0,0.0,0.0,0.0,0.0,0.0,0.0,0,40
2025-26,33,321,536,Leo Fuhr Hjelde,DEF,Sunderland,17,2,0,2026-04-19T13:00:00Z,0,0,0,0,0,0,0,0,0.0,0.0,0.0,0.0,0.0,0.0,0.0,0.0,0,40
2025-26,33,321,537,Niall Huggins,DEF,Sunderland,17,2,0,2026-04-19T13:00:00Z,0,0,0,0,0,0,0,0,0.0,0.0,0.0,0.0,0.0,0.0,0.0,0.0,0,40
2025-26,33,321,538,Zak Johnson,DEF,Sunderland,17,2,0,2026-04-19T13:00:00Z,0,0,0,0,0,0,0,0,0.0,0.0,0.0,0.0,0.0,0.0,0.0,0.0,0,38
2025-26,33,321,539,Luke O'Nien,DEF,Sunderland,17,2,0,2026-04-19T13:00:00Z,90,0,0,0,0,4,0,2,17.2,1.8,0.0,1.9,0.0,0.01,0.01,2.84,1,40
2025-26,33,321,540,Timothée Pembélé,DEF,Sunderland,17,2,0,2026-04-19T13:00:00Z,0,0,0,0,0,0,0,0,0.0,0.0,0.0,0.0,0.0,0.0,0.0,0.0,0,39
2025-26,33,321,541,Reinildo Mandava,DEF,Sunderland,17,2,0,2026-04-19T13:00:00Z,62,1,0,0,0,3,0,-5,7.8,15.3,2.0,2.5,0.0,0.01,0.01,1.86,1,38
2025-26,33,321,542,Jenson Seelt,DEF,Sunderland,17,2,0,2026-04-19T13:00:00Z,0,0,0,0,0,0,0,0,0.0,0.0,0.0,0.0,0.0,0.0,0.0,0.0,0,40
2025-26,33,321,543,Simon Adingra,MID,Sunderland,17,2,0,2026-04-19T13:00:00Z,0,0,0,0,0,0,0,0,0.0,0.0,0.0,0.0,0.0,0.0,0.0,0.0,0,49
2025-26,33,321,544,Habib Diarra,MID,Sunderland,17,2,0,2026-04-19T13:00:00Z,90,2,0,0,0,4,0,14,8.6,17.5,19.0,4.5,0.65,0.07,0.72,2.84,1,53
2025-26,33,321,545,Patrick Roberts,MID,Sunderland,17,2,0,2026-04-19T13:00:00Z,0,0,0,0,0,0,0,0,0.0,0.0,0.0,0.0,0.0,0.0,0.0,0.0,0,54
2025-26,33,321,546,Milan Aleksić,MID,Sunderland,17,2,0,2026-04-19T13:00:00Z,0,0,0,0,0,0,0,0,0.0,0.0,0.0,0.0,0.0,0.0,0.0,0.0,0,49
2025-26,33,321,547,Enzo Le Fée,MID,Sunderland,17,2,0,2026-04-19T13:00:00Z,90,9,0,1,0,4,2,37,36.6,39.2,28.0,10.4,0.06,0.33,0.39,2.84,1,49
2025-26,33,321,548,Romaine Mundle,MID,Sunderland,17,2,0,2026-04-19T13:00:00Z,0,0,0,0,0,0,0,0,0.0,0.0,0.0,0.0,0.0,0.0,0.0,0.0,0,49
2025-26,33,321,549,Dan Neil,MID,Sunderland,17,2,0,2026-04-19T13:00:00Z,0,0,0,0,0,0,0,0,0.0,0.0,0.0,0.0,0.0,0.0,0.0,0.0,0,48
2025-26,33,321,550,Ian Poveda-Ocampo,MID,Sunderland,17,2,0,2026-04-19T13:00:00Z,0,0,0,0,0,0,0,0,0.0,0.0,0.0,0.0,0.0,0.0,0.0,0.0,0,47
2025-26,33,321,551,Chris Rigg,MID,Sunderland,17,2,0,2026-04-19T13:00:00Z,62,7,1,0,0,3,0,25,35.8,8.1,21.0,6.5,0.1,0.01,0.11,1.86,1,47
2025-26,33,321,552,Noah Sadiki,MID,Sunderland,17,2,0,2026-04-19T13:00:00Z,90,4,0,1,0,4,0,16,29.2,27.3,9.0,6.6,0.08,0.03,0.11,2.84,1,49
2025-26,33,321,553,Chemsdine Talbi,MID,Sunderland,17,2,0,2026-04-19T13:00:00Z,27,1,0,0,0,1,0,2,0.0,1.1,2.0,0.3,0.0,0.0,0.0,0.98,0,49
2025-26,33,321,554,Abdoullah Ba,MID,Sunderland,17,2,0,2026-04-19T13:00:00Z,0,0,0,0,0,0,0,0,0.0,0.0,0.0,0.0,0.0,0.0,0.0,0.0,0,43
2025-26,33,321,555,Alan Browne,MID,Sunderland,17,2,0,2026-04-19T13:00:00Z,0,0,0,0,0,0,0,0,0.0,0.0,0.0,0.0,0.0,0.0,0.0,0.0,0,45
2025-26,33,321,556,Pierre Ekwah Elimby,MID,Sunderland,17,2,0,2026-04-19T13:00:00Z,0,0,0,0,0,0,0,0,0.0,0.0,0.0,0.0,0.0,0.0,0.0,0.0,0,45
2025-26,33,321,557,Harrison Jones,MID,Sunderland,17,2,0,2026-04-19T13:00:00Z,0,0,0,0,0,0,0,0,0.0,0.0,0.0,0.0,0.0,0.0,0.0,0.0,0,43
2025-26,33,321,558,Jay Matete,MID,Sunderland,17,2,0,2026-04-19T13:00:00Z,0,0,0,0,0,0,0,0,0.0,0.0,0.0,0.0,0.0,0.0,0.0,0.0,0,43
2025-26,33,321,559,Nectarios Triantis,MID,Sunderland,17,2,0,2026-04-19T13:00:00Z,0,0,0,0,0,0,0,0,0.0,0.0,0.0,0.0,0.0,0.0,0.0,0.0,0,44
2025-26,33,321,560,Wilson Isidor,FWD,Sunderland,17,2,0,2026-04-19T13:00:00Z,6,5,1,0,0,1,0,28,32.0,0.1,17.0,4.9,0.65,0.0,0.65,0.67,0,50
2025-26,33,321,561,Eliezer Mayenda Dossou,FWD,Sunderland,17,2,0,2026-04-19T13:00:00Z,0,0,0,0,0,0,0,0,0.0,0.0,0.0,0.0,0.0,0.0,0.0,0.0,0,52
2025-26,33,321,562,Ahmed Abdullahi,FWD,Sunderland,17,2,0,2026-04-19T13:00:00Z,0,0,0,0,0,0,0,0,0.0,0.0,0.0,0.0,0.0,0.0,0.0,0.0,0,42
2025-26,33,321,563,Luís Hemir Silva Semedo,FWD,Sunderland,17,2,0,2026-04-19T13:00:00Z,0,0,0,0,0,0,0,0,0.0,0.0,0.0,0.0,0.0,0.0,0.0,0.0,0,44
2025-26,33,321,564,Nazarii Rusyn,FWD,Sunderland,17,2,0,2026-04-19T13:00:00Z,0,0,0,0,0,0,0,0,0.0,0.0,0.0,0.0,0.0,0.0,0.0,0.0,0,44
2025-26,33,330,565,Guglielmo Vicario,GK,Spurs,18,6,1,2026-04-18T16:30:00Z,0,0,0,0,0,0,0,0,0.0,0.0,0.0,0.0,0.0,0.0,0.0,0.0,0,47
2025-26,33,330,566,Brandon Austin,GK,Spurs,18,6,1,2026-04-18T16:30:00Z,0,0,0,0,0,0,0,0,0.0,0.0,0.0,0.0,0.0,0.0,0.0,0.0,0,39
2025-26,33,330,567,Antonín Kinský,GK,Spurs,18,6,1,2026-04-18T16:30:00Z,90,1,0,0,0,2,0,6,13.8,0.0,0.0,1.4,0.0,0.0,0.0,0.82,1,39
2025-26,33,330,568,Pedro Porro Sauceda,DEF,Spurs,18,6,1,2026-04-18T16:30:00Z,90,10,1,0,0,2,1,25,56.6,19.4,36.0,11.2,0.18,0.06,0.24,0.82,1,51
2025-26,33,330,569,Cristian Romero,DEF,Spurs,18,6,1,2026-04-18T16:30:00Z,0,0,0,0,0,0,0,0,0.0,0.0,0.0,0.0,0.0,0.0,0.0,0.0,0,50
2025-26,33,330,570,Kevin Danso,DEF,Spurs,18,6,1,2026-04-18T16:30:00Z,90,2,0,0,0,2,0,1,17.6,0.3,0.0,1.8,0.0,0.0,0.0,0.82,1,42
2025-26,33,330,571,Ben Davies,DEF,Spurs,18,6,1,2026-04-18T16:30:00Z,0,0,0,0,0,0,0,0,0.0,0.0,0.0,0.0,0.0,0.0,0.0,0.0,0,43
2025-26,33,330,572,Radu Drăgușin,DEF,Spurs,18,6,1,2026-04-18T16:30:00Z,0,0,0,0,0,0,0,0,0.0,0.0,0.0,0.0,0.0,0.0,0.0,0.0,0,45
2025-26,33,330,573,Djed Spence,DEF,Spurs,18,6,1,2026-04-18T16:30:00Z,14,1,0,0,0,1,0,-1,2.0,0.0,0.0,0.2,0.0,0.0,0.0,0.32,0,41
2025-26,33,330,574,Destiny Udogie,DEF,Spurs,18,6,1,2026-04-18T16:30:00Z,75,2,0,0,0,1,0,9,6.8,0.5,2.0,0.9,0.0,0.0,0.0,0.5,1,43
2025-26,33,330,575,Micky van de Ven,DEF,Spurs,18,6,1,2026-04-18T16:30:00Z,90,1,0,0,0,2,0,6,20.2,10.5,4.0,3.5,0.0,0.01,0.01,0.82,1,44
2025-26,33,330,576,Ashley Phillips,DEF,Spurs,18,6,1,2026-04-18T16:30:00Z,0,0,0,0,0,0,0,0,0.0,0.0,0.0,0.0,0.0,0.0,0.0,0.0,0,40
2025-26,33,330,577,Takai Kōta,DEF,Spurs,18,6,1,2026-04-18T16:30:00Z,0,0,0,0,0,0,0,0,0.0,0.0,0.0,0.0,0.0,0.0,0.0,0.0,0,40
2025-26,33,330,578,Luka Vušković,DEF,Spurs,18,6,1,2026-04-18T16:30:00Z,0,0,0,0,0,0,0,0,0.0,0.0,0.0,0.0,0.0,0.0,0.0,0.0,0,39
2025-26,33,330,579,Son Heung-min,MID,Spurs,18,6,1,2026-04-18T16:30:00Z,0,0,0,0,0,0,0,0,0.0,0.0,0.0,0.0,0.0,0.0,0.0,0.0,0,85
2025-26,33,324,580,Brennan Johnson,MID,Crystal Palace,8,19,1,2026-04-20T19:00:00Z,77,2,0,0,1,0,0,-1,0.0,1.7,7.0,0.5,0.38,0.04,0.42,0.57,1,65
2025-26,33,330,581,James Maddison,MID,Spurs,18,6,1,2026-04-18T16:30:00Z,0,0,0,0,0,0,0,0,0.0,0.0,0.0,0.0,0.0,0.0,0.0,0.0,0,68
2025-26,33,330,582,Mohammed Kudus,MID,Spurs,18,6,1,2026-04-18T16:30:00Z,0,0,0,0,0,0,0,0,0.0,0.0,0.0,0.0,0.0,0.0,0.0,0.0,0,64
2025-26,33,330,583,Dejan Kulusevski,MID,Spurs,18,6,1,2026-04-18T16:30:00Z,0,0,0,0,0,0,0,0,0.0,0.0,0.0,0.0,0.0,0.0,0.0,0.0,0,64
2025-26,33,330,584,Mathys Tel,MID,Spurs,18,6,1,2026-04-18T16:30:00Z,33,1,0,0,0,1,0,4,8.4,14.9,2.0,2.5,0.0,0.04,0.04,0.37,0,62
2025-26,33,330,585,Rodrigo Bentancur,MID,Spurs,18,6,1,2026-04-18T16:30:00Z,66,4,0,0,0,1,0,21,11.0,0.8,3.0,1.5,0.01,0.0,0.01,0.5,1,52
2025-26,33,330,586,Lucas Bergvall,MID,Spurs,18,6,1,2026-04-18T16:30:00Z,14,4,0,1,0,1,0,14,20.4,10.5,2.0,3.3,0.0,0.0,0.0,0.32,0,52
2025-26,33,330,587,Yves Bissouma,MID,Spurs,18,6,1,2026-04-18T16:30:00Z,56,0,0,0,0,1,0,-3,0.0,1.7,0.0,0.0,0.0,0.0,0.0,0.44,1,52
2025-26,33,330,588,Wilson Odobert,MID,Spurs,18,6,1,2026-04-18T16:30:00Z,0,0,0,0,0,0,0,0,0.0,0.0,0.0,0.0,0.0,0.0,0.0,0.0,0,53
2025-26,33,330,589,Manor Solomon,MID,Spurs,18,6,1,2026-04-18T16:30:00Z,0,0,0,0,0,0,0,0,0.0,0.0,0.0,0.0,0.0,0.0,0.0,0.0,0,54
2025-26,33,330,590,Bryan Gil Salvatierra,MID,Spurs,18,6,1,2026-04-18T16:30:00Z,0,0,0,0,0,0,0,0,0.0,0.0,0.0,0.0,0.0,0.0,0.0,0.0,0,49
2025-26,33,330,591,Archie Gray,MID,Spurs,18,6,1,2026-04-18T16:30:00Z,33,1,0,0,0,1,0,6,6.8,0.2,17.0,2.4,0.04,0.0,0.04,0.37,0,48
2025-26,33,330,592,Mikey Moore,MID,Spurs,18,6,1,2026-04-18T16:30:00Z,0,0,0,0,0,0,0,0,0.0,0.0,0.0,0.0,0.0,0.0,0.0,0.0,0,50
2025-26,33,330,593,Pape Matar Sarr,MID,Spurs,18,6,1,2026-04-18T16:30:00Z,0,0,0,0,0,0,0,0,0.0,0.0,0.0,0.0,0.0,0.0,0.0,0.0,0,45
2025-26,33,330,594,Yang Min-hyeok,MID,Spurs,18,6,1,2026-04-18T16:30:00Z,0,0,0,0,0,0,0,0,0.0,0.0,0.0,0.0,0.0,0.0,0.0,0.0,0,45
2025-26,33,330,595,Callum Olusesi,MID,Spurs,18,6,1,2026-04-18T16:30:00Z,0,0,0,0,0,0,0,0,0.0,0.0,0.0,0.0,0.0,0.0,0.0,0.0,0,43
2025-26,33,330,596,Dominic Solanke-Mitchell,FWD,Spurs,18,6,1,2026-04-18T16:30:00Z,90,2,0,0,0,2,0,11,10.4,12.3,24.0,4.7,0.05,0.03,0.08,0.82,1,72
2025-26,33,330,597,Richarlison de Andrade,FWD,Spurs,18,6,1,2026-04-18T16:30:00Z,0,0,0,0,0,0,0,0,0.0,0.0,0.0,0.0,0.0,0.0,0.0,0.0,0,63
2025-26,33,330,598,Will Lankshear,FWD,Spurs,18,6,1,2026-04-18T16:30:00Z,0,0,0,0,0,0,0,0,0.0,0.0,0.0,0.0,0.0,0.0,0.0,0.0,0,45
2025-26,33,330,599,Dane Scarlett,FWD,Spurs,18,6,1,2026-04-18T16:30:00Z,0,0,0,0,0,0,0,0,0.0,0.0,0.0,0.0,0.0,0.0,0.0,0.0,0,43
2025-26,33,324,600,Alphonse Areola,GK,West Ham,19,8,0,2026-04-20T19:00:00Z,0,0,0,0,0,0,0,0,0.0,0.0,0.0,0.0,0.0,0.0,0.0,0.0,0,42
2025-26,33,324,601,Wes Foderingham,GK,West Ham,19,8,0,2026-04-20T19:00:00Z,0,0,0,0,0,0,0,0,0.0,0.0,0.0,0.0,0.0,0.0,0.0,0.0,0,40
2025-26,33,324,602,Krisztián Hegyi,GK,West Ham,19,8,0,2026-04-20T19:00:00Z,0,0,0,0,0,0,0,0,0.0,0.0,0.0,0.0,0.0,0.0,0.0,0.0,0,39
2025-26,33,324,603,El Hadji Malick Diouf,DEF,West Ham,19,8,0,2026-04-20T19:00:00Z,90,5,0,0,1,0,0,22,15.2,32.8,1.0,4.9,0.01,0.13,0.14,0.73,1,41
2025-26,33,324,604,Emerson Palmieri dos Santos,DEF,West Ham,19,8,0,2026-04-20T19:00:00Z,0,0,0,0,0,0,0,0,0.0,0.0,0.0,0.0,0.0,0.0,0.0,0.0,0,44
2025-26,33,324,605,Maximilian Kilman,DEF,West Ham,19,8,0,2026-04-20T19:00:00Z,0,0,0,0,0,0,0,0,0.0,0.0,0.0,0.0,0.0,0.0,0.0,0.0,0,41
2025-26,33,324,606,Konstantinos Mavropanos,DEF,West Ham,19,8,0,2026-04-20T19:00:00Z,90,6,0,0,1,0,0,26,19.4,0.2,36.0,5.6,0.12,0.0,0.12,0.73,1,44
2025-26,33,324,607,Nayef Aguerd,DEF,West Ham,19,8,0,2026-04-20T19:00:00Z,0,0,0,0,0,0,0,0,0.0,0.0,0.0,0.0,0.0,0.0,0.0,0.0,0,44
2025-26,33,324,608,Ollie Scarles,DEF,West Ham,19,8,0,2026-04-20T19:00:00Z,0,0,0,0,0,0,0,0,0.0,0.0,0.0,0.0,0.0,0.0,0.0,0.0,0,43
2025-26,33,324,609,Jean-Clair Todibo,DEF,West Ham,19,8,0,2026-04-20T19:00:00Z,0,0,0,0,0,0,0,0,0.0,0.0,0.0,0.0,0.0,0.0,0.0,0.0,0,43
2025-26,33,324,610,Aaron Wan-Bissaka,DEF,West Ham,19,8,0,2026-04-20T19:00:00Z,0,0,0,0,0,0,0,0,0.0,0.0,0.0,0.0,0.0,0.0,0.0,0.0,0,41
2025-26,33,324,611,Kaelan Casey,DEF,West Ham,19,8,0,2026-04-20T19:00:00Z,0,0,0,0,0,0,0,0,0.0,0.0,0.0,0.0,0.0,0.0,0.0,0.0,0,40
2025-26,33,324,612,Lucas Tolentino Coelho de Lima,MID,West Ham,19,8,0,2026-04-20T19:00:00Z,0,0,0,0,0,0,0,0,0.0,0.0,0.0,0.0,0.0,0.0,0.0,0.0,0,59
2025-26,33,324,613,Tomáš Souček,MID,West Ham,19,8,0,2026-04-20T19:00:00Z,90,3,0,0,1,0,0,14,12.6,4.4,2.0,1.9,0.0,0.02,0.02,0.73,1,57
2025-26,33,329,614,James Ward-Prowse,MID,Burnley,3,16,0,2026-04-19T13:00:00Z,90,2,0,0,0,4,0,13,13.8,21.2,7.0,4.2,0.04,0.04,0.08,1.19,1,56
2025-26,33,334,614,James Ward-Prowse,MID,Burnley,3,13,1,2026-04-22T19:00:00Z,90,4,0,0,0,1,0,20,19.0,8.7,2.0,3.0,0.03,0.04,0.07,3.54,1,56
2025-26,33,324,615,Crysencio Summerville,MID,West Ham,19,8,0,2026-04-20T19:00:00Z,90,3,0,0,1,0,0,9,8.6,4.9,9.0,2.3,0.12,0.02,0.14,0.73,1,55
2025-26,33,324,616,Edson Álvarez Velázquez,MID,West Ham,19,8,0,2026-04-20T19:00:00Z,0,0,0,0,0,0,0,0,0.0,0.0,0.0,0.0,0.0,0.0,0.0,0.0,0,49
2025-26,33,324,617,Maxwel Cornet,MID,West Ham,19,8,0,2026-04-20T19:00:00Z,0,0,0,0,0,0,0,0,0.0,0.0,0.0,0.0,0.0,0.0,0.0,0.0,0,49
2025-26,33,324,618,Guido Rodríguez,MID,West Ham,19,8,0,2026-04-20T19:00:00Z,0,0,0,0,0,0,0,0,0.0,0.0,0.0,0.0,0.0,0.0,0.0,0.0,0,48
2025-26,33,324,619,Luis Guilherme Lira dos Santos,MID,West Ham,19,8,0,2026-04-20T19:00:00Z,0,0,0,0,0,0,0,0,0.0,0.0,0.0,0.0,0.0,0.0,0.0,0.0,0,49
2025-26,33,324,620,George Earthy,MID,West Ham,19,8,0,2026-04-20T19:00:00Z,0,0,0,0,0,0,0,0,0.0,0.0,0.0,0.0,0.0,0.0,0.0,0.0,0,45
2025-26,33,324,621,Andy Irving,MID,West Ham,19,8,0,2026-04-20T19:00:00Z,0,0,0,0,0,0,0,0,0.0,0.0,0.0,0.0,0.0,0.0,0.0,0.0,0,43
2025-26,33,324,622,Lewis Orford,MID,West Ham,19,8,0,2026-04-20T19:00:00Z,0,0,0,0,0,0,0,0,0.0,0.0,0.0,0.0,0.0,0.0,0.0,0.0,0,44
2025-26,33,324,623,Freddie Potts,MID,West Ham,19,8,0,2026-04-20T19:00:00Z,0,0,0,0,0,0,0,0,0.0,0.0,0.0,0.0,0.0,0.0,0.0,0.0,0,43
2025-26,33,324,624,Jarrod Bowen,FWD,West Ham,19,8,0,2026-04-20T19:00:00Z,90,2,0,0,1,0,0,9,11.6,16.5,7.0,3.5,0.04,0.1,0.14,0.73,1,76
2025-26,33,324,625,Niclas Füllkrug,FWD,West Ham,19,8,0,2026-04-20T19:00:00Z,0,0,0,0,0,0,0,0,0.0,0.0,0.0,0.0,0.0,0.0,0.0,0.0,0,56
2025-26,33,324,626,Callum Marshall,FWD,West Ham,19,8,0,2026-04-20T19:00:00Z,0,0,0,0,0,0,0,0,0.0,0.0,0.0,0.0,0.0,0.0,0.0,0.0,0,43
2025-26,33,326,627,Sam Johnstone,GK,Wolves,20,11,0,2026-04-18T14:00:00Z,0,0,0,0,0,0,0,0,0.0,0.0,0.0,0.0,0.0,0.0,0.0,0.0,0,44
2025-26,33,326,628,José Malheiro de Sá,GK,Wolves,20,11,0,2026-04-18T14:00:00Z,0,0,0,0,0,0,0,0,0.0,0.0,0.0,0.0,0.0,0.0,0.0,0.0,0,42
2025-26,33,326,629,Daniel Bentley,GK,Wolves,20,11,0,2026-04-18T14:00:00Z,90,2,0,0,0,3,0,5,27.6,0.0,0.0,2.8,0.0,0.0,0.0,2.82,1,39
2025-26,33,325,630,Tom King,GK,Everton,9,12,1,2026-04-19T13:00:00Z,0,0,0,0,0,0,0,0,0.0,0.0,0.0,0.0,0.0,0.0,0.0,0.0,0,39
2025-26,33,326,631,Emmanuel Agbadou,DEF,Wolves,20,11,0,2026-04-18T14:00:00Z,0,0,0,0,0,0,0,0,0.0,0.0,0.0,0.0,0.0,0.0,0.0,0.0,0,42
2025-26,33,326,632,Matt Doherty,DEF,Wolves,20,11,0,2026-04-18T14:00:00Z,0,0,0,0,0,0,0,0,0.0,0.0,0.0,0.0,0.0,0.0,0.0,0.0,0,44
2025-26,33,326,633,Hugo Bueno López,DEF,Wolves,20,11,0,2026-04-18T14:00:00Z,90,0,0,0,0,3,0,-4,9.2,26.7,2.0,3.8,0.0,0.11,0.11,2.82,1,43
2025-26,33,326,634,Yerson Mosquera Valdelamar,DEF,Wolves,20,11,0,2026-04-18T14:00:00Z,0,0,0,0,0,0,0,0,0.0,0.0,0.0,0.0,0.0,0.0,0.0,0.0,0,43
2025-26,33,326,635,Rodrigo Martins Gomes,DEF,Wolves,20,11,0,2026-04-18T14:00:00Z,23,1,0,0,0,1,0,-4,0.0,0.3,4.0,0.3,0.11,0.0,0.11,0.96,0,44
2025-26,33,326,636,Santiago Ignacio Bueno,DEF,Wolves,20,11,0,2026-04-18T14:00:00Z,90,3,0,0,0,3,0,3,24.2,1.0,0.0,2.5,0.0,0.02,0.02,2.82,1,44
2025-26,33,326,637,Toti Gomes,DEF,Wolves,20,11,0,2026-04-18T14:00:00Z,90,3,0,0,0,3,0,6,31.2,0.3,2.0,3.4,0.0,0.0,0.0,2.82,1,42
2025-26,33,326,638,Ki-Jana Hoever,DEF,Wolves,20,11,0,2026-04-18T14:00:00Z,0,0,0,0,0,0,0,0,0.0,0.0,0.0,0.0,0.0,0.0,0.0,0.0,0,38
2025-26,33,326,639,Bastien Meupiyou Menadjou,DEF,Wolves,20,11,0,2026-04-18T14:00:00Z,0,0,0,0,0,0,0,0,0.0,0.0,0.0,0.0,0.0,0.0,0.0,0.0,0,40
2025-26,33,326,640,Pedro Cardoso de Lima,DEF,Wolves,20,11,0,2026-04-18T14:00:00Z,45,1,0,0,0,1,0,-3,0.0,0.3,5.0,0.5,0.02,0.0,0.02,1.04,0,40
2025-26,33,326,641,Alfie Pond,DEF,Wolves,20,11,0,2026-04-18T14:00:00Z,0,0,0,0,0,0,0,0,0.0,0.0,0.0,0.0,0.0,0.0,0.0,0.0,0,39
2025-26,33,326,642,Hwang Hee-chan,MID,Wolves,20,11,0,2026-04-18T14:00:00Z,15,1,0,0,0,1,0,2,1.2,1.3,0.0,0.3,0.0,0.0,0.0,0.94,0,56
2025-26,33,326,643,André Trindade da Costa Neto,MID,Wolves,20,11,0,2026-04-18T14:00:00Z,90,4,0,0,0,3,0,22,17.2,3.8,0.0,2.1,0.0,0.02,0.02,2.82,1,52
2025-26,33,326,644,Jean-Ricner Bellegarde,MID,Wolves,20,11,0,2026-04-18T14:00:00Z,66,2,0,0,0,2,0,9,6.0,1.3,2.0,0.9,0.0,0.03,0.03,1.86,1,51
2025-26,33,326,645,Fer López González,MID,Wolves,20,11,0,2026-04-18T14:00:00Z,0,0,0,0,0,0,0,0,0.0,0.0,0.0,0.0,0.0,0.0,0.0,0.0,0,51
2025-26,33,326,646,João Victor Gomes da Silva,MID,Wolves,20,11,0,2026-04-18T14:00:00Z,90,2,0,0,0,3,0,8,3.4,3.9,0.0,0.7,0.0,0.02,0.02,2.82,1,53
2025-26,33,326,647,Gonçalo Manuel Ganchinho Guedes,MID,Wolves,20,11,0,2026-04-18T14:00:00Z,0,0,0,0,0,0,0,0,0.0,0.0,0.0,0.0,0.0,0.0,0.0,0.0,0,55
2025-26,33,326,648,Marshall Munetsi,MID,Wolves,20,11,0,2026-04-18T14:00:00Z,0,0,0,0,0,0,0,0,0.0,0.0,0.0,0.0,0.0,0.0,0.0,0.0,0,53
2025-26,33,326,649,Boubacar Traoré,MID,Wolves,20,11,0,2026-04-18T14:00:00Z,0,0,0,0,0,0,0,0,0.0,0.0,0.0,0.0,0.0,0.0,0.0,0.0,0,50
2025-26,33,326,650,Tawanda Chirewa,MID,Wolves,20,11,0,2026-04-18T14:00:00Z,0,0,0,0,0,0,0,0,0.0,0.0,0.0,0.0,0.0,0.0,0.0,0.0,0,43
2025-26,33,326,651,Tom Edozie,MID,Wolves,20,11,0,2026-04-18T14:00:00Z,0,0,0,0,0,0,0,0,0.0,0.0,0.0,0.0,0.0,0.0,0.0,0.0,0,43
2025-26,33,326,652,Enso González Medina,MID,Wolves,20,11,0,2026-04-18T14:00:00Z,0,0,0,0,0,0,0,0,0.0,0.0,0.0,0.0,0.0,0.0,0.0,0.0,0,43
2025-26,33,326,653,Joe Hodge,MID,Wolves,20,11,0,2026-04-18T14:00:00Z,0,0,0,0,0,0,0,0,0.0,0.0,0.0,0.0,0.0,0.0,0.0,0.0,0,45
2025-26,33,324,654,Jørgen Strand Larsen,FWD,Crystal Palace,8,19,1,2026-04-20T19:00:00Z,58,1,0,0,0,0,0,0,0.0,2.2,8.0,0.8,0.15,0.01,0.16,0.56,1,59
2025-26,33,326,655,Fábio Soares Silva,FWD,Wolves,20,11,0,2026-04-18T14:00:00Z,0,0,0,0,0,0,0,0,0.0,0.0,0.0,0.0,0.0,0.0,0.0,0.0,0,49
2025-26,33,326,656,Saša Kalajdžić,FWD,Wolves,20,11,0,2026-04-18T14:00:00Z,0,0,0,0,0,0,0,0,0.0,0.0,0.0,0.0,0.0,0.0,0.0,0.0,0,49
2025-26,33,326,657,Leon Chiwome,FWD,Wolves,20,11,0,2026-04-18T14:00:00Z,0,0,0,0,0,0,0,0,0.0,0.0,0.0,0.0,0.0,0.0,0.0,0.0,0,44
2025-26,33,326,658,Nathan Fraser,FWD,Wolves,20,11,0,2026-04-18T14:00:00Z,0,0,0,0,0,0,0,0,0.0,0.0,0.0,0.0,0.0,0.0,0.0,0.0,0,42
2025-26,33,324,659,Kyle Walker-Peters,DEF,West Ham,19,8,0,2026-04-20T19:00:00Z,90,6,0,0,1,0,0,27,13.2,3.3,2.0,1.9,0.0,0.01,0.01,0.73,1,42
2025-26,33,326,660,Anton Stach,MID,Leeds,11,20,1,2026-04-18T14:00:00Z,0,0,0,0,0,0,0,0,0.0,0.0,0.0,0.0,0.0,0.0,0.0,0.0,0,48
2025-26,33,332,660,Anton Stach,MID,Leeds,11,4,0,2026-04-22T19:00:00Z,0,0,0,0,0,0,0,0,0.0,0.0,0.0,0.0,0.0,0.0,0.0,0.0,0,48
2025-26,33,325,661,Hugo Ekitiké,FWD,Liverpool,12,9,0,2026-04-19T13:00:00Z,0,0,0,0,0,0,0,0,0.0,0.0,0.0,0.0,0.0,0.0,0.0,0.0,0,92
2025-26,33,327,662,Cristhian Mosquera,DEF,Arsenal,1,13,0,2026-04-19T15:30:00Z,73,0,0,0,0,2,0,6,9.8,1.3,4.0,1.5,0.1,0.01,0.11,1.36,1,53
2025-26,33,326,663,Jhon Arias,MID,Wolves,20,11,0,2026-04-18T14:00:00Z,0,0,0,0,0,0,0,0,0.0,0.0,0.0,0.0,0.0,0.0,0.0,0.0,0,49
2025-26,33,322,664,Benjamin Lecomte,GK,Fulham,10,5,0,2026-04-18T11:30:00Z,0,0,0,0,0,0,0,0,0.0,0.0,0.0,0.0,0.0,0.0,0.0,0.0,0,39
2025-26,33,326,665,Lucas Estella Perri,GK,Leeds,11,20,1,2026-04-18T14:00:00Z,0,0,0,0,0,0,0,0,0.0,0.0,0.0,0.0,0.0,0.0,0.0,0.0,0,44
2025-26,33,332,665,Lucas Estella Perri,GK,Leeds,11,4,0,2026-04-22T19:00:00Z,0,0,0,0,0,0,0,0,0.0,0.0,0.0,0.0,0.0,0.0,0.0,0.0,0,44
2025-26,33,327,666,Viktor Gyökeres,FWD,Arsenal,1,13,0,2026-04-19T15:30:00Z,6,1,0,0,0,0,0,3,0.0,0.0,0.0,0.0,0.0,0.0,0.0,0.0,0,88
2025-26,33,325,667,Adam Aznou,DEF,Everton,9,12,1,2026-04-19T13:00:00Z,0,0,0,0,0,0,0,0,0.0,0.0,0.0,0.0,0.0,0.0,0.0,0.0,0,42
2025-26,33,321,668,Granit Xhaka,MID,Sunderland,17,2,0,2026-04-19T13:00:00Z,90,2,0,0,0,4,0,13,7.4,7.1,1.0,1.6,0.01,0.04,0.05,2.84,1,51
2025-26,33,329,669,Dan Ndoye,MID,Nott'm Forest,16,3,1,2026-04-19T13:00:00Z,0,0,0,0,0,0,0,0,0.0,0.0,0.0,0.0,0.0,0.0,0.0,0.0,0,55
2025-26,33,321,670,Robin Roefs,GK,Sunderland,17,2,0,2026-04-19T13:00:00Z,90,1,0,0,0,4,0,-1,20.0,0.0,0.0,2.0,0.0,0.0,0.0,2.84,1,48
2025-26,33,324,671,Callum Wilson,FWD,West Ham,19,8,0,2026-04-20T19:00:00Z,15,1,0,0,0,0,0,2,0.2,0.0,2.0,0.2,0.0,0.0,0.0,0.12,0,58
2025-26,33,323,672,Jorrel Hato,DEF,Chelsea,7,14,1,2026-04-18T19:00:00Z,90,1,0,0,0,1,0,12,14.0,3.1,0.0,1.7,0.0,0.02,0.02,0.29,1,46
2025-26,33,333,672,Jorrel Hato,DEF,Chelsea,7,6,0,2026-04-21T19:00:00Z,90,1,0,0,0,3,0,9,26.4,1.8,0.0,2.8,0.0,0.01,0.01,2.14,1,46
2025-26,33,330,673,João Maria Lobo Alves Palhares Costa Palhinha Gonçalves,MID,Spurs,18,6,1,2026-04-18T16:30:00Z,23,1,0,0,0,1,0,5,3.4,0.3,17.0,2.1,0.12,0.05,0.17,0.32,0,55
2025-26,33,328,674,Aaron Ramsdale,GK,Newcastle,15,4,1,2026-04-18T14:00:00Z,90,1,0,0,0,2,0,3,12.6,0.0,0.0,1.3,0.0,0.0,0.0,2.99,1,48
2025-26,33,329,675,Angus Gunn,GK,Nott'm Forest,16,3,1,2026-04-19T13:00:00Z,0,0,0,0,0,0,0,0,0.0,0.0,0.0,0.0,0.0,0.0,0.0,0.0,0,40
2025-26,33,329,676,Lesley Ugochukwu,MID,Burnley,3,16,0,2026-04-19T13:00:00Z,75,2,0,0,0,2,0,6,7.8,0.9,0.0,0.9,0.0,0.0,0.0,0.93,1,50
2025-26,33,334,676,Lesley Ugochukwu,MID,Burnley,3,13,1,2026-04-22T19:00:00Z,0,0,0,0,0,0,0,0,0.0,0.0,0.0,0.0,0.0,0.0,0.0,0.0,0,50
2025-26,33,324,677,Evann Guessand,MID,Crystal Palace,8,19,1,2026-04-20T19:00:00Z,0,0,0,0,0,0,0,0,0.0,0.0,0.0,0.0,0.0,0.0,0.0,0.0,0,62
2025-26,33,321,678,Arthur Masuaku,DEF,Sunderland,17,2,0,2026-04-19T13:00:00Z,0,0,0,0,0,0,0,0,0.0,0.0,0.0,0.0,0.0,0.0,0.0,0.0,0,39
2025-26,33,324,679,Mads Hermansen,GK,West Ham,19,8,0,2026-04-20T19:00:00Z,90,6,0,0,1,0,0,26,12.0,10.0,0.0,2.2,0.0,0.0,0.0,0.73,1,42
2025-26,33,329,680,Armando Broja,FWD,Burnley,3,16,0,2026-04-19T13:00:00Z,6,1,0,0,0,1,0,4,2.2,4.8,0.0,0.7,0.0,0.01,0.01,0.22,0,52
2025-26,33,334,680,Armando Broja,FWD,Burnley,3,13,1,2026-04-22T19:00:00Z,8,1,0,0,0,0,0,3,2.2,0.3,0.0,0.3,0.0,0.0,0.0,1.13,0,52
2025-26,33,323,681,Benjamin Sesko,FWD,Man Utd,14,7,0,2026-04-18T19:00:00Z,79,2,0,0,1,0,0,6,2.2,3.2,2.0,0.7,0.03,0.01,0.04,1.49,1,73
2025-26,33,326,682,David Møller Wolfe,DEF,Wolves,20,11,0,2026-04-18T14:00:00Z,0,0,0,0,0,0,0,0,0.0,0.0,0.0,0.0,0.0,0.0,0.0,0.0,0,42
2025-26,33,321,683,Omar Alderete,DEF,Sunderland,17,2,0,2026-04-19T13:00:00Z,62,1,0,0,0,3,0,-3,15.6,4.4,2.0,2.2,0.0,0.01,0.01,1.86,1,41
2025-26,33,328,684,Malick Thiaw,DEF,Newcastle,15,4,1,2026-04-18T14:00:00Z,90,1,0,0,0,2,0,11,14.4,1.2,14.0,3.0,0.24,0.01,0.25,2.99,1,51
2025-26,33,328,685,Bafodé Diakité,DEF,Bournemouth,4,15,0,2026-04-18T14:00:00Z,0,0,0,0,0,0,0,0,0.0,0.0,0.0,0.0,0.0,0.0,0.0,0.0,0,41
2025-26,33,332,685,Bafodé Diakité,DEF,Bournemouth,4,11,1,2026-04-22T19:00:00Z,0,0,0,0,0,0,0,0,0.0,0.0,0.0,0.0,0.0,0.0,0.0,0.0,0,41
2025-26,33,325,686,Rio Ngumoha,MID,Liverpool,12,9,0,2026-04-19T13:00:00Z,18,1,0,0,0,0,0,1,0.0,1.0,11.0,1.0,0.1,0.01,0.11,0.02,0,43
2025-26,33,328,687,Remy Rees-Dottin,MID,Bournemouth,4,15,0,2026-04-18T14:00:00Z,0,0,0,0,0,0,0,0,0.0,0.0,0.0,0.0,0.0,0.0,0.0,0.0,0,43
2025-26,33,332,687,Remy Rees-Dottin,MID,Bournemouth,4,11,1,2026-04-22T19:00:00Z,0,0,0,0,0,0,0,0,0.0,0.0,0.0,0.0,0.0,0.0,0.0,0.0,0,43
2025-26,33,321,688,James Wright,GK,Aston Villa,2,17,1,2026-04-19T13:00:00Z,0,0,0,0,0,0,0,0,0.0,0.0,0.0,0.0,0.0,0.0,0.0,0.0,0,39
2025-26,33,328,689,Seung-Soo Park,MID,Newcastle,15,4,1,2026-04-18T14:00:00Z,0,0,0,0,0,0,0,0,0.0,0.0,0.0,0.0,0.0,0.0,0.0,0.0,0,43
2025-26,33,324,690,Rio Cardines,MID,Crystal Palace,8,19,1,2026-04-20T19:00:00Z,0,0,0,0,0,0,0,0,0.0,0.0,0.0,0.0,0.0,0.0,0.0,0.0,0,44
2025-26,33,326,691,Dominic Calvert-Lewin,FWD,Leeds,11,20,1,2026-04-18T14:00:00Z,90,6,1,0,1,0,0,25,41.2,4.0,53.0,9.8,1.09,0.0,1.09,0.57,1,56
2025-26,33,332,691,Dominic Calvert-Lewin,FWD,Leeds,11,4,0,2026-04-22T19:00:00Z,90,2,0,0,0,2,0,5,10.0,4.9,4.0,1.9,0.0,0.01,0.01,1.45,1,56
2025-26,33,325,692,Giovanni Leoni,DEF,Liverpool,12,9,0,2026-04-19T13:00:00Z,0,0,0,0,0,0,0,0,0.0,0.0,0.0,0.0,0.0,0.0,0.0,0.0,0,49
2025-26,33,329,693,Omari Hutchinson,MID,Nott'm Forest,16,3,1,2026-04-19T13:00:00Z,87,5,0,1,0,1,0,15,21.4,14.7,6.0,4.2,0.0,0.1,0.1,0.36,1,54
2025-26,33,321,694,Nordi Mukiele,DEF,Sunderland,17,2,0,2026-04-19T13:00:00Z,90,-1,0,0,0,4,0,-6,13.0,16.9,0.0,3.0,0.0,0.03,0.03,2.84,1,45
2025-26,33,326,695,Jackson Tchatchoua,DEF,Wolves,20,11,0,2026-04-18T14:00:00Z,45,0,0,0,0,2,0,-4,0.4,1.3,0.0,0.2,0.0,0.0,0.0,1.78,1,44
2025-26,33,329,696,Arnaud Kalimuendo,FWD,Nott'm Forest,16,3,1,2026-04-19T13:00:00Z,0,0,0,0,0,0,0,0,0.0,0.0,0.0,0.0,0.0,0.0,0.0,0.0,0,60
2025-26,33,328,697,Amine Adli,MID,Bournemouth,4,15,0,2026-04-18T14:00:00Z,0,0,0,0,0,0,0,0,0.0,0.0,0.0,0.0,0.0,0.0,0.0,0.0,0,54
2025-26,33,332,697,Amine Adli,MID,Bournemouth,4,11,1,2026-04-22T19:00:00Z,17,1,0,0,0,1,0,4,2.4,11.7,7.0,2.1,0.05,0.03,0.08,0.38,0,54
2025-26,33,326,698,Noah Okafor,MID,Leeds,11,20,1,2026-04-18T14:00:00Z,66,14,1,1,1,0,3,42,65.2,44.3,42.0,15.2,0.36,0.17,0.53,0.46,1,55
2025-26,33,332,698,Noah Okafor,MID,Leeds,11,4,0,2026-04-22T19:00:00Z,63,2,0,0,0,1,0,4,1.4,1.2,10.0,1.3,0.19,0.0,0.19,0.82,1,55
2025-26,33,321,699,Douglas Luiz Soares de Paulo,MID,Aston Villa,2,17,1,2026-04-19T13:00:00Z,0,0,0,0,0,0,0,0,0.0,0.0,0.0,0.0,0.0,0.0,0.0,0.0,0,49
2025-26,33,327,700,Max Dowman,MID,Arsenal,1,13,0,2026-04-19T15:30:00Z,0,0,0,0,0,0,0,0,0.0,0.0,0.0,0.0,0.0,0.0,0.0,0.0,0,42
2025-26,33,321,701,Triston Rowe,DEF,Aston Villa,2,17,1,2026-04-19T13:00:00Z,0,0,0,0,0,0,0,0,0.0,0.0,0.0,0.0,0.0,0.0,0.0,0.0,0,40
2025-26,33,321,702,Bradley Burrowes,MID,Aston Villa,2,17,1,2026-04-19T13:00:00Z,0,0,0,0,0,0,0,0,0.0,0.0,0.0,0.0,0.0,0.0,0.0,0.0,0,43
2025-26,33,321,703,Sam Proctor,GK,Aston Villa,2,17,1,2026-04-19T13:00:00Z,0,0,0,0,0,0,0,0,0.0,0.0,0.0,0.0,0.0,0.0,0.0,0.0,0,39
2025-26,33,325,704,Tyler Onyango,MID,Everton,9,12,1,2026-04-19T13:00:00Z,0,0,0,0,0,0,0,0,0.0,0.0,0.0,0.0,0.0,0.0,0.0,0.0,0,45
2025-26,33,325,705,Elijah Campbell,DEF,Everton,9,12,1,2026-04-19T13:00:00Z,0,0,0,0,0,0,0,0,0.0,0.0,0.0,0.0,0.0,0.0,0.0,0.0,0,39
2025-26,33,326,706,James Justin,DEF,Leeds,11,20,1,2026-04-18T14:00:00Z,90,16,1,0,1,0,3,42,63.2,2.6,40.0,10.6,0.56,0.07,0.63,0.57,1,39
2025-26,33,332,706,James Justin,DEF,Leeds,11,4,0,2026-04-22T19:00:00Z,90,3,0,0,0,2,0,5,22.4,2.5,0.0,2.5,0.0,0.0,0.0,1.45,1,39
2025-26,33,325,707,Tyler Dibling,MID,Everton,9,12,1,2026-04-19T13:00:00Z,0,0,0,0,0,0,0,0,0.0,0.0,0.0,0.0,0.0,0.0,0.0,0.0,0,53
2025-26,33,324,708,Mateus Gonçalo Espanha Fernandes,MID,West Ham,19,8,0,2026-04-20T19:00:00Z,90,5,0,0,1,0,0,22,8.6,5.3,2.0,1.6,0.0,0.04,0.04,0.73,1,55
2025-26,33,326,709,Ladislav Krejcí,DEF,Wolves,20,11,0,2026-04-18T14:00:00Z,74,1,0,0,0,2,0,7,23.2,4.7,44.0,7.2,0.15,0.03,0.18,1.88,1,45
2025-26,33,321,710,Travis Patterson,DEF,Aston Villa,2,17,1,2026-04-19T13:00:00Z,0,0,0,0,0,0,0,0,0.0,0.0,0.0,0.0,0.0,0.0,0.0,0.0,0,39
2025-26,33,327,711,Andre Harriman-Annous,MID,Arsenal,1,13,0,2026-04-19T15:30:00Z,0,0,0,0,0,0,0,0,0.0,0.0,0.0,0.0,0.0,0.0,0.0,0.0,0,44
2025-26,33,324,712,Yéremy Pino Santos,MID,Crystal Palace,8,19,1,2026-04-20T19:00:00Z,58,1,0,0,0,0,0,3,8.2,24.4,4.0,3.7,0.0,0.04,0.04,0.56,1,58
2025-26,33,328,713,Álex Jiménez Sánchez,DEF,Bournemouth,4,15,0,2026-04-18T14:00:00Z,90,2,0,0,0,1,0,13,21.4,15.5,2.0,3.9,0.0,0.03,0.03,1.59,1,45
2025-26,33,332,713,Álex Jiménez Sánchez,DEF,Bournemouth,4,11,1,2026-04-22T19:00:00Z,90,0,0,0,0,2,0,2,15.0,3.2,8.0,2.6,0.0,0.03,0.03,0.83,1,45
2025-26,33,328,714,Nick Woltemade,FWD,Newcastle,15,4,1,2026-04-18T14:00:00Z,4,1,0,0,0,0,0,2,0.0,0.3,2.0,0.2,0.0,0.01,0.01,0.0,0,67
2025-26,33,329,715,John Victor Maciel Furtado,GK,Nott'm Forest,16,3,1,2026-04-19T13:00:00Z,0,0,0,0,0,0,0,0,0.0,0.0,0.0,0.0,0.0,0.0,0.0,0.0,0,40
2025-26,33,329,716,Nicolò Savona,DEF,Nott'm Forest,16,3,1,2026-04-19T13:00:00Z,0,0,0,0,0,0,0,0,0.0,0.0,0.0,0.0,0.0,0.0,0.0,0.0,0,45
2025-26,33,330,717,Xavi Simons,MID,Spurs,18,6,1,2026-04-18T16:30:00Z,90,11,1,1,0,2,2,33,51.2,23.6,24.0,9.9,0.63,0.27,0.9,0.82,1,65
2025-26,33,324,718,Soungoutou Magassa,MID,West Ham,19,8,0,2026-04-20T19:00:00Z,0,0,0,0,0,0,0,0,0.0,0.0,0.0,0.0,0.0,0.0,0.0,0.0,0,50
2025-26,33,321,719,Victor Lindelöf,DEF,Aston Villa,2,17,1,2026-04-19T13:00:00Z,0,0,0,0,0,0,0,0,0.0,0.0,0.0,0.0,0.0,0.0,0.0,0.0,0,45
2025-26,33,326,720,Tolu Arokodare,FWD,Wolves,20,11,0,2026-04-18T14:00:00Z,0,0,0,0,0,0,0,0,0.0,0.0,0.0,0.0,0.0,0.0,0.0,0.0,0,52
2025-26,33,328,721,Veljko Milosavljevic,DEF,Bournemouth,4,15,0,2026-04-18T14:00:00Z,0,0,0,0,0,0,0,0,0.0,0.0,0.0,0.0,0.0,0.0,0.0,0.0,0,44
2025-26,33,332,721,Veljko Milosavljevic,DEF,Bournemouth,4,11,1,2026-04-22T19:00:00Z,0,0,0,0,0,0,0,0,0.0,0.0,0.0,0.0,0.0,0.0,0.0,0.0,0,44
2025-26,33,329,722,Florentino Ibrain Morris Luís,MID,Burnley,3,16,0,2026-04-19T13:00:00Z,82,3,0,0,0,3,0,8,9.4,4.8,0.0,1.4,0.0,0.01,0.01,0.97,1,50
2025-26,33,334,722,Florentino Ibrain Morris Luís,MID,Burnley,3,13,1,2026-04-22T19:00:00Z,8,1,0,0,0,0,0,3,5.2,0.3,0.0,0.6,0.0,0.0,0.0,1.13,0,50
2025-26,33,324,723,Jaydee Canvot,DEF,Crystal Palace,8,19,1,2026-04-20T19:00:00Z,90,10,0,0,1,0,2,34,31.0,2.1,1.0,3.4,0.01,0.01,0.02,0.61,1,45
2025-26,33,321,724,Lutsharel Geertruida,DEF,Sunderland,17,2,0,2026-04-19T13:00:00Z,0,0,0,0,0,0,0,0,0.0,0.0,0.0,0.0,0.0,0.0,0.0,0.0,0,45
2025-26,33,327,725,Piero Hincapié,DEF,Arsenal,1,13,0,2026-04-19T15:30:00Z,90,1,0,0,0,2,0,7,21.6,0.8,2.0,2.4,0.0,0.01,0.01,1.36,1,51
2025-26,33,330,726,Randal Kolo Muani,FWD,Spurs,18,6,1,2026-04-18T16:30:00Z,56,1,0,0,0,1,0,3,0.0,1.8,10.0,1.2,0.07,0.02,0.09,0.44,1,69
2025-26,33,322,727,Samuel Chukwueze,MID,Fulham,10,5,0,2026-04-18T11:30:00Z,47,1,0,0,0,0,0,0,2.2,2.0,0.0,0.4,0.0,0.08,0.08,1.13,0,53
2025-26,33,325,728,Merlin Röhl,MID,Everton,9,12,1,2026-04-19T13:00:00Z,0,0,0,0,0,0,0,0,0.0,0.0,0.0,0.0,0.0,0.0,0.0,0.0,0,50
2025-26,33,329,729,Luis Eduardo Soares da Silva,DEF,Nott'm Forest,16,3,1,2026-04-19T13:00:00Z,0,0,0,0,0,0,0,0,0.0,0.0,0.0,0.0,0.0,0.0,0.0,0.0,0,45
2025-26,33,321,730,Brian Brobbey,FWD,Sunderland,17,2,0,2026-04-19T13:00:00Z,83,2,0,0,0,3,0,7,3.0,1.5,17.0,2.2,0.08,0.0,0.08,2.17,1,53
2025-26,33,322,731,Kevin Santos Lopes de Macedo,MID,Fulham,10,5,0,2026-04-18T11:30:00Z,0,0,0,0,0,0,0,0,0.0,0.0,0.0,0.0,0.0,0.0,0.0,0.0,0,57
2025-26,33,324,732,Christantus Uche,FWD,Crystal Palace,8,19,1,2026-04-20T19:00:00Z,0,0,0,0,0,0,0,0,0.0,0.0,0.0,0.0,0.0,0.0,0.0,0.0,0,55
2025-26,33,323,733,Senne Lammens,GK,Man Utd,14,7,0,2026-04-18T19:00:00Z,90,10,0,0,1,0,3,30,24.0,0.0,0.0,2.4,0.0,0.0,0.0,1.57,1,51
2025-26,33,329,734,Dilane Bakwa,MID,Nott'm Forest,16,3,1,2026-04-19T13:00:00Z,45,1,0,0,0,1,0,5,5.2,15.8,4.0,2.5,0.0,0.04,0.04,0.21,1,59
2025-26,33,321,735,Bertrand Traoré,MID,Sunderland,17,2,0,2026-04-19T13:00:00Z,0,0,0,0,0,0,0,0,0.0,0.0,0.0,0.0,0.0,0.0,0.0,0.0,0,55
2025-26,33,327,736,Gianluigi Donnarumma,GK,Man City,13,1,1,2026-04-19T15:30:00Z,90,2,0,0,0,1,0,7,8.6,0.0,0.0,0.9,0.0,0.0,0.0,1.62,1,56
2025-26,33,334,736,Gianluigi Donnarumma,GK,Man City,13,3,0,2026-04-22T19:00:00Z,90,6,0,0,1,0,0,22,11.4,0.0,0.0,1.1,0.0,0.0,0.0,0.61,1,56
2025-26,33,322,737,Jonah Kusi-Asare,FWD,Fulham,10,5,0,2026-04-18T11:30:00Z,0,0,0,0,0,0,0,0,0.0,0.0,0.0,0.0,0.0,0.0,0.0,0.0,0,45
2025-26,33,324,738,Lukasz Fabianski,GK,West Ham,19,8,0,2026-04-20T19:00:00Z,0,0,0,0,0,0,0,0,0.0,0.0,0.0,0.0,0.0,0.0,0.0,0.0,0,45
2025-26,33,327,739,Divine Mukasa,MID,Man City,13,1,1,2026-04-19T15:30:00Z,0,0,0,0,0,0,0,0,0.0,0.0,0.0,0.0,0.0,0.0,0.0,0.0,0,44
2025-26,33,334,739,Divine Mukasa,MID,Man City,13,3,0,2026-04-22T19:00:00Z,0,0,0,0,0,0,0,0,0.0,0.0,0.0,0.0,0.0,0.0,0.0,0.0,0,44
2025-26,33,327,740,Stephen Mfuni,DEF,Man City,13,1,1,2026-04-19T15:30:00Z,0,0,0,0,0,0,0,0,0.0,0.0,0.0,0.0,0.0,0.0,0.0,0.0,0,39
2025-26,33,334,740,Stephen Mfuni,DEF,Man City,13,3,0,2026-04-22T19:00:00Z,0,0,0,0,0,0,0,0,0.0,0.0,0.0,0.0,0.0,0.0,0.0,0.0,0,39
2025-26,33,326,741,Harry Gray,FWD,Leeds,11,20,1,2026-04-18T14:00:00Z,0,0,0,0,0,0,0,0,0.0,0.0,0.0,0.0,0.0,0.0,0.0,0.0,0,45
2025-26,33,332,741,Harry Gray,FWD,Leeds,11,4,0,2026-04-22T19:00:00Z,0,0,0,0,0,0,0,0,0.0,0.0,0.0,0.0,0.0,0.0,0.0,0.0,0,45
2025-26,33,327,742,Ryan McAidoo,MID,Man City,13,1,1,2026-04-19T15:30:00Z,0,0,0,0,0,0,0,0,0.0,0.0,0.0,0.0,0.0,0.0,0.0,0.0,0,45
2025-26,33,334,742,Ryan McAidoo,MID,Man City,13,3,0,2026-04-22T19:00:00Z,0,0,0,0,0,0,0,0,0.0,0.0,0.0,0.0,0.0,0.0,0.0,0.0,0,45
2025-26,33,323,743,Landon Emenalo,MID,Chelsea,7,14,1,2026-04-18T19:00:00Z,0,0,0,0,0,0,0,0,0.0,0.0,0.0,0.0,0.0,0.0,0.0,0.0,0,45
2025-26,33,333,743,Landon Emenalo,MID,Chelsea,7,6,0,2026-04-21T19:00:00Z,0,0,0,0,0,0,0,0,0.0,0.0,0.0,0.0,0.0,0.0,0.0,0.0,0,45
2025-26,33,330,744,Nehemiah Oriola,MID,Brighton,6,18,0,2026-04-18T16:30:00Z,0,0,0,0,0,0,0,0,0.0,0.0,0.0,0.0,0.0,0.0,0.0,0.0,0,45
2025-26,33,333,744,Nehemiah Oriola,MID,Brighton,6,7,1,2026-04-21T19:00:00Z,0,0,0,0,0,0,0,0,0.0,0.0,0.0,0.0,0.0,0.0,0.0,0.0,0,45
2025-26,33,330,745,Jun'ai Byfield,DEF,Spurs,18,6,1,2026-04-18T16:30:00Z,0,0,0,0,0,0,0,0,0.0,0.0,0.0,0.0,0.0,0.0,0.0,0.0,0,40
2025-26,33,325,746,Kieran Morrison,MID,Liverpool,12,9,0,2026-04-19T13:00:00Z,0,0,0,0,0,0,0,0,0.0,0.0,0.0,0.0,0.0,0.0,0.0,0.0,0,45
2025-26,33,324,747,Ezra Mayers,DEF,West Ham,19,8,0,2026-04-20T19:00:00Z,0,0,0,0,0,0,0,0,0.0,0.0,0.0,0.0,0.0,0.0,0.0,0.0,0,40
2025-26,33,322,748,Josh Dasilva,MID,Brentford,5,10,1,2026-04-18T11:30:00Z,0,0,0,0,0,0,0,0,0.0,0.0,0.0,0.0,0.0,0.0,0.0,0.0,0,49
2025-26,33,326,749,Mateus Mané,FWD,Wolves,20,11,0,2026-04-18T14:00:00Z,52,1,0,0,0,1,0,4,8.2,14.3,10.0,3.3,0.13,0.03,0.16,1.07,0,43
2025-26,33,330,750,James Rowswell,DEF,Spurs,18,6,1,2026-04-18T16:30:00Z,0,0,0,0,0,0,0,0,0.0,0.0,0.0,0.0,0.0,0.0,0.0,0.0,0,40
2025-26,33,330,751,Yusuf Akhamrich,MID,Spurs,18,6,1,2026-04-18T16:30:00Z,0,0,0,0,0,0,0,0,0.0,0.0,0.0,0.0,0.0,0.0,0.0,0.0,0,45
2025-26,33,324,752,Airidas Golambeckis,DEF,West Ham,19,8,0,2026-04-20T19:00:00Z,0,0,0,0,0,0,0,0,0.0,0.0,0.0,0.0,0.0,0.0,0.0,0.0,0,40
2025-26,33,328,753,John Ruddy,GK,Newcastle,15,4,1,2026-04-18T14:00:00Z,0,0,0,0,0,0,0,0,0.0,0.0,0.0,0.0,0.0,0.0,0.0,0.0,0,40
2025-26,33,321,754,George Hemmings,MID,Aston Villa,2,17,1,2026-04-19T13:00:00Z,0,0,0,0,0,0,0,0,0.0,0.0,0.0,0.0,0.0,0.0,0.0,0.0,0,45
2025-26,33,323,755,Shea Lacey,MID,Man Utd,14,7,0,2026-04-18T19:00:00Z,0,0,0,0,0,0,0,0,0.0,0.0,0.0,0.0,0.0,0.0,0.0,0.0,0,45
2025-26,33,328,756,Malcom DaCosta,MID,Bournemouth,4,15,0,2026-04-18T14:00:00Z,0,0,0,0,0,0,0,0,0.0,0.0,0.0,0.0,0.0,0.0,0.0,0.0,0,45
2025-26,33,332,756,Malcom DaCosta,MID,Bournemouth,4,11,1,2026-04-22T19:00:00Z,0,0,0,0,0,0,0,0,0.0,0.0,0.0,0.0,0.0,0.0,0.0,0.0,0,45
2025-26,33,321,757,Ronnie Hollingshead,GK,Aston Villa,2,17,1,2026-04-19T13:00:00Z,0,0,0,0,0,0,0,0,0.0,0.0,0.0,0.0,0.0,0.0,0.0,0.0,0,40
2025-26,33,324,758,Mohamadou Kanté,MID,West Ham,19,8,0,2026-04-20T19:00:00Z,6,1,0,0,0,0,0,6,5.2,0.3,4.0,1.0,0.0,0.01,0.01,0.09,0,45
2025-26,33,327,759,Marli Salmon,DEF,Arsenal,1,13,0,2026-04-19T15:30:00Z,0,0,0,0,0,0,0,0,0.0,0.0,0.0,0.0,0.0,0.0,0.0,0.0,0,40
2025-26,33,325,760,Wellity Lucky,DEF,Liverpool,12,9,0,2026-04-19T13:00:00Z,0,0,0,0,0,0,0,0,0.0,0.0,0.0,0.0,0.0,0.0,0.0,0.0,0,40
2025-26,33,330,761,Freddie Simmonds,DEF,Brighton,6,18,0,2026-04-18T16:30:00Z,0,0,0,0,0,0,0,0,0.0,0.0,0.0,0.0,0.0,0.0,0.0,0.0,0,40
2025-26,33,333,761,Freddie Simmonds,DEF,Brighton,6,7,1,2026-04-21T19:00:00Z,0,0,0,0,0,0,0,0,0.0,0.0,0.0,0.0,0.0,0.0,0.0,0.0,0,40
2025-26,33,324,762,Joél Drakes-Thomas,MID,Crystal Palace,8,19,1,2026-04-20T19:00:00Z,0,0,0,0,0,0,0,0,0.0,0.0,0.0,0.0,0.0,0.0,0.0,0.0,0,45
2025-26,33,327,763,Charlie Gray,MID,Man City,13,1,1,2026-04-19T15:30:00Z,0,0,0,0,0,0,0,0,0.0,0.0,0.0,0.0,0.0,0.0,0.0,0.0,0,45
2025-26,33,334,763,Charlie Gray,MID,Man City,13,3,0,2026-04-22T19:00:00Z,0,0,0,0,0,0,0,0,0.0,0.0,0.0,0.0,0.0,0.0,0.0,0.0,0,45
2025-26,33,327,764,Reigan Heskey,MID,Man City,13,1,1,2026-04-19T15:30:00Z,0,0,0,0,0,0,0,0,0.0,0.0,0.0,0.0,0.0,0.0,0.0,0.0,0,45
2025-26,33,334,764,Reigan Heskey,MID,Man City,13,3,0,2026-04-22T19:00:00Z,0,0,0,0,0,0,0,0,0.0,0.0,0.0,0.0,0.0,0.0,0.0,0.0,0,45
2025-26,33,328,765,Leo Shahar,DEF,Newcastle,15,4,1,2026-04-18T14:00:00Z,0,0,0,0,0,0,0,0,0.0,0.0,0.0,0.0,0.0,0.0,0.0,0.0,0,40
2025-26,33,326,766,Saheed Olagunju,DEF,Wolves,20,11,0,2026-04-18T14:00:00Z,0,0,0,0,0,0,0,0,0.0,0.0,0.0,0.0,0.0,0.0,0.0,0.0,0,40
2025-26,33,326,767,Luke Rawlings,MID,Wolves,20,11,0,2026-04-18T14:00:00Z,0,0,0,0,0,0,0,0,0.0,0.0,0.0,0.0,0.0,0.0,0.0,0.0,0,45
2025-26,33,321,768,Leon Routh,DEF,Aston Villa,2,17,1,2026-04-19T13:00:00Z,0,0,0,0,0,0,0,0,0.0,0.0,0.0,0.0,0.0,0.0,0.0,0.0,0,40
2025-26,33,323,769,Bendito Mantato,MID,Man Utd,14,7,0,2026-04-18T19:00:00Z,0,0,0,0,0,0,0,0,0.0,0.0,0.0,0.0,0.0,0.0,0.0,0.0,0,45
2025-26,33,322,770,Seth Ridgeon,MID,Fulham,10,5,0,2026-04-18T11:30:00Z,0,0,0,0,0,0,0,0,0.0,0.0,0.0,0.0,0.0,0.0,0.0,0.0,0,45
2025-26,33,323,771,Tyler Fletcher,MID,Man Utd,14,7,0,2026-04-18T19:00:00Z,0,0,0,0,0,0,0,0,0.0,0.0,0.0,0.0,0.0,0.0,0.0,0.0,0,44
2025-26,33,328,772,Sam Alabi,MID,Newcastle,15,4,1,2026-04-18T14:00:00Z,0,0,0,0,0,0,0,0,0.0,0.0,0.0,0.0,0.0,0.0,0.0,0.0,0,45
2025-26,33,324,773,Dean Benamar,DEF,Crystal Palace,8,19,1,2026-04-20T19:00:00Z,0,0,0,0,0,0,0,0,0.0,0.0,0.0,0.0,0.0,0.0,0.0,0.0,0,40
2025-26,33,321,774,Jenson Jones,DEF,Sunderland,17,2,0,2026-04-19T13:00:00Z,0,0,0,0,0,0,0,0,0.0,0.0,0.0,0.0,0.0,0.0,0.0,0.0,0,40
2025-26,33,321,775,Tymur Tutierov,MID,Sunderland,17,2,0,2026-04-19T13:00:00Z,0,0,0,0,0,0,0,0,0.0,0.0,0.0,0.0,0.0,0.0,0.0,0.0,0,45
2025-26,33,329,776,Oliver Pimlott,MID,Burnley,3,16,0,2026-04-19T13:00:00Z,0,0,0,0,0,0,0,0,0.0,0.0,0.0,0.0,0.0,0.0,0.0,0.0,0,45
2025-26,33,334,776,Oliver Pimlott,MID,Burnley,3,13,1,2026-04-22T19:00:00Z,0,0,0,0,0,0,0,0,0.0,0.0,0.0,0.0,0.0,0.0,0.0,0.0,0,45
2025-26,33,326,777,Temple Ojinnaka,MID,Wolves,20,11,0,2026-04-18T14:00:00Z,0,0,0,0,0,0,0,0,0.0,0.0,0.0,0.0,0.0,0.0,0.0,0.0,0,45
2025-26,33,326,778,Ethan Sutherland,MID,Wolves,20,11,0,2026-04-18T14:00:00Z,0,0,0,0,0,0,0,0,0.0,0.0,0.0,0.0,0.0,0.0,0.0,0.0,0,45
2025-26,33,325,779,Braiden Graham,FWD,Everton,9,12,1,2026-04-19T13:00:00Z,0,0,0,0,0,0,0,0,0.0,0.0,0.0,0.0,0.0,0.0,0.0,0.0,0,45
2025-26,33,324,780,Ben Casey,FWD,Crystal Palace,8,19,1,2026-04-20T19:00:00Z,0,0,0,0,0,0,0,0,0.0,0.0,0.0,0.0,0.0,0.0,0.0,0.0,0,45
2025-26,33,321,781,TJ Carroll,DEF,Aston Villa,2,17,1,2026-04-19T13:00:00Z,0,0,0,0,0,0,0,0,0.0,0.0,0.0,0.0,0.0,0.0,0.0,0.0,0,40
2025-26,33,328,782,Fraser Forster,GK,Bournemouth,4,15,0,2026-04-18T14:00:00Z,0,0,0,0,0,0,0,0,0.0,0.0,0.0,0.0,0.0,0.0,0.0,0.0,0,40
2025-26,33,332,782,Fraser Forster,GK,Bournemouth,4,11,1,2026-04-22T19:00:00Z,0,0,0,0,0,0,0,0,0.0,0.0,0.0,0.0,0.0,0.0,0.0,0.0,0,40
2025-26,33,330,783,Pascal Groß,MID,Brighton,6,18,0,2026-04-18T16:30:00Z,90,8,0,1,0,2,3,35,37.4,61.8,2.0,10.1,0.0,0.31,0.31,1.09,1,55
2025-26,33,333,783,Pascal Groß,MID,Brighton,6,7,1,2026-04-21T19:00:00Z,90,8,0,1,1,0,2,32,21.0,69.1,6.0,9.6,0.06,0.2,0.26,0.37,1,55
2025-26,33,329,784,George Brierley,MID,Burnley,3,16,0,2026-04-19T13:00:00Z,0,0,0,0,0,0,0,0,0.0,0.0,0.0,0.0,0.0,0.0,0.0,0.0,0,45
2025-26,33,334,784,George Brierley,MID,Burnley,3,13,1,2026-04-22T19:00:00Z,0,0,0,0,0,0,0,0,0.0,0.0,0.0,0.0,0.0,0.0,0.0,0.0,0,45
2025-26,33,324,785,Pablo Felipe Pereira de Jesus,FWD,West Ham,19,8,0,2026-04-20T19:00:00Z,74,2,0,0,1,0,0,6,3.4,3.2,15.0,2.2,0.02,0.01,0.03,0.61,1,54
2025-26,33,322,786,Alfie McNally,GK,Fulham,10,5,0,2026-04-18T11:30:00Z,0,0,0,0,0,0,0,0,0.0,0.0,0.0,0.0,0.0,0.0,0.0,0.0,0,40
2025-26,33,326,787,Sam Chambers,MID,Leeds,11,20,1,2026-04-18T14:00:00Z,0,0,0,0,0,0,0,0,0.0,0.0,0.0,0.0,0.0,0.0,0.0,0.0,0,44
2025-26,33,332,787,Sam Chambers,MID,Leeds,11,4,0,2026-04-22T19:00:00Z,0,0,0,0,0,0,0,0,0.0,0.0,0.0,0.0,0.0,0.0,0.0,0.0,0,44
2025-26,33,323,788,Godwill Kukonki,DEF,Man Utd,14,7,0,2026-04-18T19:00:00Z,0,0,0,0,0,0,0,0,0.0,0.0,0.0,0.0,0.0,0.0,0.0,0.0,0,40
2025-26,33,323,789,Max Merrick,GK,Chelsea,7,14,1,2026-04-18T19:00:00Z,0,0,0,0,0,0,0,0,0.0,0.0,0.0,0.0,0.0,0.0,0.0,0.0,0,40
2025-26,33,333,789,Max Merrick,GK,Chelsea,7,6,0,2026-04-21T19:00:00Z,0,0,0,0,0,0,0,0,0.0,0.0,0.0,0.0,0.0,0.0,0.0,0.0,0,40
2025-26,33,330,790,Lucá Williams-Barnett,MID,Spurs,18,6,1,2026-04-18T16:30:00Z,0,0,0,0,0,0,0,0,0.0,0.0,0.0,0.0,0.0,0.0,0.0,0.0,0,45
2025-26,33,324,791,Valentín Castellanos,FWD,West Ham,19,8,0,2026-04-20T19:00:00Z,83,2,0,0,1,0,0,9,7.8,3.8,33.0,4.5,0.3,0.02,0.32,0.64,1,55
2025-26,33,321,792,Alysson Edward Franco da Rocha dos Santos,MID,Aston Villa,2,17,1,2026-04-19T13:00:00Z,0,0,0,0,0,0,0,0,0.0,0.0,0.0,0.0,0.0,0.0,0.0,0.0,0,50
2025-26,33,324,793,George King,DEF,Crystal Palace,8,19,1,2026-04-20T19:00:00Z,0,0,0,0,0,0,0,0,0.0,0.0,0.0,0.0,0.0,0.0,0.0,0.0,0,40
2025-26,33,327,794,Max Alleyne,DEF,Man City,13,1,1,2026-04-19T15:30:00Z,0,0,0,0,0,0,0,0,0.0,0.0,0.0,0.0,0.0,0.0,0.0,0.0,0,39
2025-26,33,334,794,Max Alleyne,DEF,Man City,13,3,0,2026-04-22T19:00:00Z,0,0,0,0,0,0,0,0,0.0,0.0,0.0,0.0,0.0,0.0,0.0,0.0,0,39
2025-26,33,330,795,Harry Howell,MID,Brighton,6,18,0,2026-04-18T16:30:00Z,0,0,0,0,0,0,0,0,0.0,0.0,0.0,0.0,0.0,0.0,0.0,0.0,0,45
2025-26,33,333,795,Harry Howell,MID,Brighton,6,7,1,2026-04-21T19:00:00Z,0,0,0,0,0,0,0,0,0.0,0.0,0.0,0.0,0.0,0.0,0.0,0.0,0,45
2025-26,33,330,796,Conor Gallagher,MID,Spurs,18,6,1,2026-04-18T16:30:00Z,75,2,0,0,0,1,0,15,9.2,11.6,22.0,4.3,0.04,0.04,0.08,0.5,1,50
2025-26,33,322,797,Kaye Furo,FWD,Brentford,5,10,1,2026-04-18T11:30:00Z,0,0,0,0,0,0,0,0,0.0,0.0,0.0,0.0,0.0,0.0,0.0,0.0,0,45
2025-26,33,324,798,Danny Imray,DEF,Crystal Palace,8,19,1,2026-04-20T19:00:00Z,0,0,0,0,0,0,0,0,0.0,0.0,0.0,0.0,0.0,0.0,0.0,0.0,0,40
2025-26,33,328,799,Charlie Stevens,MID,Bournemouth,4,15,0,2026-04-18T14:00:00Z,0,0,0,0,0,0,0,0,0.0,0.0,0.0,0.0,0.0,0.0,0.0,0.0,0,45
2025-26,33,332,799,Charlie Stevens,MID,Bournemouth,4,11,1,2026-04-22T19:00:00Z,0,0,0,0,0,0,0,0,0.0,0.0,0.0,0.0,0.0,0.0,0.0,0.0,0,45
2025-26,33,321,800,Djiamgone Jocelin Ta Bi,MID,Sunderland,17,2,0,2026-04-19T13:00:00Z,0,0,0,0,0,0,0,0,0.0,0.0,0.0,0.0,0.0,0.0,0.0,0.0,0,49
2025-26,33,328,801,Alex Tóth,MID,Bournemouth,4,15,0,2026-04-18T14:00:00Z,1,1,0,0,0,0,0,3,0.0,0.0,0.0,0.0,0.0,0.0,0.0,0.58,0,49
2025-26,33,332,801,Alex Tóth,MID,Bournemouth,4,11,1,2026-04-22T19:00:00Z,1,1,0,0,0,1,0,3,0.2,0.8,0.0,0.1,0.0,0.0,0.0,0.36,0,49
2025-26,33,324,802,Keiber Lamadrid,MID,West Ham,19,8,0,2026-04-20T19:00:00Z,0,0,0,0,0,0,0,0,0.0,0.0,0.0,0.0,0.0,0.0,0.0,0.0,0,50
2025-26,33,323,803,Teddy Sharman-Lowe,GK,Chelsea,7,14,1,2026-04-18T19:00:00Z,0,0,0,0,0,0,0,0,0.0,0.0,0.0,0.0,0.0,0.0,0.0,0.0,0,40
2025-26,33,333,803,Teddy Sharman-Lowe,GK,Chelsea,7,6,0,2026-04-21T19:00:00Z,0,0,0,0,0,0,0,0,0.0,0.0,0.0,0.0,0.0,0.0,0.0,0.0,0,40
2025-26,33,330,804,João Victor de Souza Menezes,DEF,Spurs,18,6,1,2026-04-18T16:30:00Z,0,0,0,0,0,0,0,0,0.0,0.0,0.0,0.0,0.0,0.0,0.0,0.0,0,40
2025-26,33,329,805,Lorenzo Lucca,FWD,Nott'm Forest,16,3,1,2026-04-19T13:00:00Z,0,0,0,0,0,0,0,0,0.0,0.0,0.0,0.0,0.0,0.0,0.0,0.0,0,54
2025-26,33,328,806,Christos Mandas,GK,Bournemouth,4,15,0,2026-04-18T14:00:00Z,0,0,0,0,0,0,0,0,0.0,0.0,0.0,0.0,0.0,0.0,0.0,0.0,0,40
2025-26,33,332,806,Christos Mandas,GK,Bournemouth,4,11,1,2026-04-22T19:00:00Z,0,0,0,0,0,0,0,0,0.0,0.0,0.0,0.0,0.0,0.0,0.0,0.0,0,40
2025-26,33,328,807,Rayan Vitor Simplício Rocha,MID,Bournemouth,4,15,0,2026-04-18T14:00:00Z,77,5,0,1,0,1,0,20,18.6,13.0,5.0,3.7,0.03,0.27,0.3,0.76,1,55
2025-26,33,332,807,Rayan Vitor Simplício Rocha,MID,Bournemouth,4,11,1,2026-04-22T19:00:00Z,23,6,1,0,0,2,0,20,36.0,1.6,36.0,7.4,0.3,0.0,0.3,0.56,0,55
2025-26,33,321,808,Tammy Abraham,FWD,Aston Villa,2,17,1,2026-04-19T13:00:00Z,10,5,1,0,0,2,0,34,35.0,0.0,33.0,6.8,0.5,0.0,0.5,1.4,0,58
2025-26,33,326,809,Jerome Abbey,MID,Wolves,20,11,0,2026-04-18T14:00:00Z,0,0,0,0,0,0,0,0,0.0,0.0,0.0,0.0,0.0,0.0,0.0,0.0,0,45
2025-26,33,322,810,Luka Bentt,MID,Brentford,5,10,1,2026-04-18T11:30:00Z,0,0,0,0,0,0,0,0,0.0,0.0,0.0,0.0,0.0,0.0,0.0,0.0,0,45
2025-26,33,330,811,Rio Kyerematen,MID,Spurs,18,6,1,2026-04-18T16:30:00Z,0,0,0,0,0,0,0,0,0.0,0.0,0.0,0.0,0.0,0.0,0.0,0.0,0,45
2025-26,33,321,812,Melker Ellborg,GK,Sunderland,17,2,0,2026-04-19T13:00:00Z,0,0,0,0,0,0,0,0,0.0,0.0,0.0,0.0,0.0,0.0,0.0,0.0,0,40
2025-26,33,321,813,Nilson Angulo,MID,Sunderland,17,2,0,2026-04-19T13:00:00Z,0,0,0,0,0,0,0,0,0.0,0.0,0.0,0.0,0.0,0.0,0.0,0.0,0,50
2025-26,33,329,814,Luca Netz,DEF,Nott'm Forest,16,3,1,2026-04-19T13:00:00Z,0,0,0,0,0,0,0,0,0.0,0.0,0.0,0.0,0.0,0.0,0.0,0.0,0,45
2025-26,33,324,815,Axel Disasi,DEF,West Ham,19,8,0,2026-04-20T19:00:00Z,90,9,0,0,1,0,1,33,29.0,0.3,0.0,2.9,0.0,0.0,0.0,0.73,1,45
2025-26,33,326,816,Angel Gomes,MID,Wolves,20,11,0,2026-04-18T14:00:00Z,37,1,0,0,0,2,0,2,1.2,0.8,4.0,0.6,0.0,0.0,0.0,1.75,1,47
2025-26,33,326,817,Adam Armstrong,FWD,Wolves,20,11,0,2026-04-18T14:00:00Z,90,2,0,0,0,3,0,7,4.2,6.1,14.0,2.4,0.16,0.05,0.21,2.82,1,52
2025-26,33,330,818,James Wilson,FWD,Spurs,18,6,1,2026-04-18T16:30:00Z,0,0,0,0,0,0,0,0,0.0,0.0,0.0,0.0,0.0,0.0,0.0,0.0,0,45
2025-26,33,322,819,Ollie Shield,DEF,Brentford,5,10,1,2026-04-18T11:30:00Z,0,0,0,0,0,0,0,0,0.0,0.0,0.0,0.0,0.0,0.0,0.0,0.0,0,40
2025-26,33,329,820,Kian McMahon-Brown,MID,Burnley,3,16,0,2026-04-19T13:00:00Z,0,0,0,0,0,0,0,0,0.0,0.0,0.0,0.0,0.0,0.0,0.0,0.0,0,45
2025-26,33,334,820,Kian McMahon-Brown,MID,Burnley,3,13,1,2026-04-22T19:00:00Z,0,0,0,0,0,0,0,0,0.0,0.0,0.0,0.0,0.0,0.0,0.0,0.0,0,45
2025-26,33,321,821,Jack Whittaker,MID,Sunderland,17,2,0,2026-04-19T13:00:00Z,0,0,0,0,0,0,0,0,0.0,0.0,0.0,0.0,0.0,0.0,0.0,0.0,0,45
2025-26,33,321,822,Jaydon Jones,MID,Sunderland,17,2,0,2026-04-19T13:00:00Z,0,0,0,0,0,0,0,0,0.0,0.0,0.0,0.0,0.0,0.0,0.0,0.0,0,45
2025-26,33,322,823,Joshua Stephenson,DEF,Brentford,5,10,1,2026-04-18T11:30:00Z,0,0,0,0,0,0,0,0,0.0,0.0,0.0,0.0,0.0,0.0,0.0,0.0,0,40
2025-26,33,322,824,Conor McManus,DEF,Brentford,5,10,1,2026-04-18T11:30:00Z,0,0,0,0,0,0,0,0,0.0,0.0,0.0,0.0,0.0,0.0,0.0,0.0,0,40
2025-26,33,324,825,Finlay Herrick,GK,West Ham,19,8,0,2026-04-20T19:00:00Z,0,0,0,0,0,0,0,0,0.0,0.0,0.0,0.0,0.0,0.0,0.0,0.0,0,40
2025-26,33,322,826,Riley Owen,MID,Brentford,5,10,1,2026-04-18T11:30:00Z,0,0,0,0,0,0,0,0,0.0,0.0,0.0,0.0,0.0,0.0,0.0,0.0,0,45
2025-26,33,323,827,Jim Thwaites,MID,Man Utd,14,7,0,2026-04-18T19:00:00Z,0,0,0,0,0,0,0,0,0.0,0.0,0.0,0.0,0.0,0.0,0.0,0.0,0,45
2025-26,33,326,828,Alfie Brooks,GK,Wolves,20,11,0,2026-04-18T14:00:00Z,0,0,0,0,0,0,0,0,0.0,0.0,0.0,0.0,0.0,0.0,0.0,0.0,0,40
2025-26,33,323,829,Jesse Derry,MID,Chelsea,7,14,1,2026-04-18T19:00:00Z,0,0,0,0,0,0,0,0,0.0,0.0,0.0,0.0,0.0,0.0,0.0,0.0,0,45
2025-26,33,333,829,Jesse Derry,MID,Chelsea,7,6,0,2026-04-21T19:00:00Z,0,0,0,0,0,0,0,0,0.0,0.0,0.0,0.0,0.0,0.0,0.0,0.0,0,45
