season,gw,element,name,position,team,team_id,opponent_team,was_home,kickoff_time,minutes,total_points,goals_scored,assists,clean_sheets,goals_conceded,bonus,bps,influence,creativity,threat,ict_index,expected_goals,expected_assists,expected_goal_involvements,expected_goals_conceded,starts,value
2025-26,35,1,David Raya Martín,GK,Arsenal,1,10,1,2026-05-02T16:30:00Z,90,6,0,0,1,0,0,22,11.8,0.1,0.0,1.2,0.0,0.0,0.0,0.37,1,60
2025-26,35,2,Kepa Arrizabalaga Revuelta,GK,Arsenal,1,10,1,2026-05-02T16:30:00Z,0,0,0,0,0,0,0,0,0.0,0.0,0.0,0.0,0.0,0.0,0.0,0.0,0,40
2025-26,35,3,Karl Hein,GK,Arsenal,1,10,1,2026-05-02T16:30:00Z,0,0,0,0,0,0,0,0,0.0,0.0,0.0,0.0,0.0,0.0,0.0,0.0,0,40
2025-26,35,4,Tommy Setford,GK,Arsenal,1,10,1,2026-05-02T16:30:00Z,0,0,0,0,0,0,0,0,0.0,0.0,0.0,0.0,0.0,0.0,0.0,0.0,0,39
2025-26,35,5,Gabriel dos Santos Magalhães,DEF,Arsenal,1,10,1,2026-05-02T16:30:00Z,90,6,0,0,1,0,0,27,23.6,2.1,52.0,7.8,0.64,0.02,0.66,0.37,1,72
2025-26,35,6,William Saliba,DEF,Arsenal,1,10,1,2026-05-02T16:30:00Z,90,6,0,0,1,0,0,27,22.2,24.4,6.0,5.3,0.0,0.31,0.31,0.37,1,61
2025-26,35,7,Riccardo Calafiori,DEF,Arsenal,1,10,1,2026-05-02T16:30:00Z,90,6,0,0,1,0,0,20,25.2,12.6,39.0,7.7,0.23,0.02,0.25,0.37,1,56
2025-26,35,8,Jurriën Timber,DEF,Arsenal,1,10,1,2026-05-02T16:30:00Z,0,0,0,0,0,0,0,0,0.0,0.0,0.0,0.0,0.0,0.0,0.0,0.0,0,61
2025-26,35,9,Jakub Kiwior,DEF,Arsenal,1,10,1,2026-05-02T16:30:00Z,0,0,0,0,0,0,0,0,0.0,0.0,0.0,0.0,0.0,0.0,0.0,0.0,0,54
2025-26,35,10,Myles Lewis-Skelly,DEF,Arsenal,1,10,1,2026-05-02T16:30:00Z,90,6,0,0,1,0,0,28,11.6,15.5,2.0,2.9,0.0,0.07,0.07,0.37,1,50
2025-26,35,11,Benjamin White,DEF,Arsenal,1,10,1,2026-05-02T16:30:00Z,82,6,0,0,1,0,0,27,12.0,14.8,6.0,3.3,0.0,0.14,0.14,0.37,1,51
2025-26,35,12,Oleksandr Zinchenko,DEF,Nott'm Forest,16,7,0,2026-05-04T14:00:00Z,0,0,0,0,0,0,0,0,0.0,0.0,0.0,0.0,0.0,0.0,0.0,0.0,0,49
2025-26,35,13,Brayden Clarke,DEF,Arsenal,1,10,1,2026-05-02T16:30:00Z,0,0,0,0,0,0,0,0,0.0,0.0,0.0,0.0,0.0,0.0,0.0,0.0,0,37
2025-26,35,14,Maldini Kacurri,DEF,Arsenal,1,10,1,2026-05-02T16:30:00Z,0,0,0,0,0,0,0,0,0.0,0.0,0.0,0.0,0.0,0.0,0.0,0.0,0,39
2025-26,35,15,Josh Nichols,DEF,Arsenal,1,10,1,2026-05-02T16:30:00Z,0,0,0,0,0,0,0,0,0.0,0.0,0.0,0.0,0.0,0.0,0.0,0.0,0,37
2025-26,35,16,Bukayo Saka,MID,Arsenal,1,10,1,2026-05-02T16:30:00Z,45,11,1,1,0,0,2,46,55.2,49.3,25.0,13.0,0.3,0.86,1.16,0.03,1,98
2025-26,35,17,Martin Ødegaard,MID,Arsenal,1,10,1,2026-05-02T16:30:00Z,0,0,0,0,0,0,0,0,0.0,0.0,0.0,0.0,0.0,0.0,0.0,0.0,0,78
2025-26,35,18,Noni Madueke,MID,Arsenal,1,10,1,2026-05-02T16:30:00Z,45,1,0,0,0,0,0,4,0.6,15.5,2.0,1.8,0.0,0.24,0.24,0.34,0,68
2025-26,35,19,Gabriel Martinelli Silva,MID,Arsenal,1,10,1,2026-05-02T16:30:00Z,0,0,0,0,0,0,0,0,0.0,0.0,0.0,0.0,0.0,0.0,0.0,0.0,0,68
2025-26,35,20,Leandro Trossard,MID,Arsenal,1,10,1,2026-05-02T16:30:00Z,90,7,0,1,1,0,1,41,31.0,36.3,35.0,10.2,0.11,0.64,0.75,0.37,1,65
2025-26,35,21,Declan Rice,MID,Arsenal,1,10,1,2026-05-02T16:30:00Z,63,5,0,0,1,0,0,14,13.0,6.9,2.0,2.2,0.0,0.05,0.05,0.2,1,72
2025-26,35,22,Mikel Merino Zazón,MID,Arsenal,1,10,1,2026-05-02T16:30:00Z,0,0,0,0,0,0,0,0,0.0,0.0,0.0,0.0,0.0,0.0,0.0,0.0,0,54
2025-26,35,23,Fábio Ferreira Vieira,MID,Arsenal,1,10,1,2026-05-02T16:30:00Z,0,0,0,0,0,0,0,0,0.0,0.0,0.0,0.0,0.0,0.0,0.0,0.0,0,54
2025-26,35,24,Christian Nørgaard,MID,Arsenal,1,10,1,2026-05-02T16:30:00Z,0,0,0,0,0,0,0,0,0.0,0.0,0.0,0.0,0.0,0.0,0.0,0.0,0,51
2025-26,35,25,Ethan Nwaneri,MID,Arsenal,1,10,1,2026-05-02T16:30:00Z,0,0,0,0,0,0,0,0,0.0,0.0,0.0,0.0,0.0,0.0,0.0,0.0,0,50
2025-26,35,26,Martín Zubimendi Ibáñez,MID,Arsenal,1,10,1,2026-05-02T16:30:00Z,26,1,0,0,0,0,0,5,4.6,10.3,0.0,1.5,0.0,0.0,0.0,0.17,0,50
2025-26,35,27,Reiss Nelson,MID,Brentford,5,19,1,2026-05-02T14:00:00Z,0,0,0,0,0,0,0,0,0.0,0.0,0.0,0.0,0.0,0.0,0.0,0.0,0,48
2025-26,35,28,Ismeal Kabia,MID,Arsenal,1,10,1,2026-05-02T16:30:00Z,0,0,0,0,0,0,0,0,0.0,0.0,0.0,0.0,0.0,0.0,0.0,0.0,0,45
2025-26,35,29,Albert Sambi Lokonga,MID,Arsenal,1,10,1,2026-05-02T16:30:00Z,0,0,0,0,0,0,0,0,0.0,0.0,0.0,0.0,0.0,0.0,0.0,0.0,0,45
2025-26,35,30,Kai Havertz,FWD,Arsenal,1,10,1,2026-05-02T16:30:00Z,0,0,0,0,0,0,0,0,0.0,0.0,0.0,0.0,0.0,0.0,0.0,0.0,0,73
2025-26,35,31,Gabriel Fernando de Jesus,FWD,Arsenal,1,10,1,2026-05-02T16:30:00Z,26,1,0,0,0,0,0,0,1.0,1.0,0.0,0.2,0.0,0.0,0.0,0.17,0,64
2025-26,35,32,Emiliano Martínez Romero,GK,Aston Villa,2,18,1,2026-05-03T18:00:00Z,90,2,0,0,0,2,0,10,23.4,0.0,0.0,2.3,0.0,0.0,0.0,0.99,1,51
2025-26,35,33,Marco Bizot,GK,Aston Villa,2,18,1,2026-05-03T18:00:00Z,0,0,0,0,0,0,0,0,0.0,0.0,0.0,0.0,0.0,0.0,0.0,0.0,0,42
2025-26,35,34,Joe Gauci,GK,Aston Villa,2,18,1,2026-05-03T18:00:00Z,0,0,0,0,0,0,0,0,0.0,0.0,0.0,0.0,0.0,0.0,0.0,0.0,0,40
2025-26,35,35,Filip Marschall,GK,Aston Villa,2,18,1,2026-05-03T18:00:00Z,0,0,0,0,0,0,0,0,0.0,0.0,0.0,0.0,0.0,0.0,0.0,0.0,0,40
2025-26,35,36,Matty Cash,DEF,Aston Villa,2,18,1,2026-05-03T18:00:00Z,90,5,0,1,0,2,1,25,41.4,16.2,0.0,5.8,0.0,0.07,0.07,0.99,1,47
2025-26,35,37,Lucas Digne,DEF,Aston Villa,2,18,1,2026-05-03T18:00:00Z,0,0,0,0,0,0,0,0,0.0,0.0,0.0,0.0,0.0,0.0,0.0,0.0,0,45
2025-26,35,38,Ezri Konsa Ngoyo,DEF,Aston Villa,2,18,1,2026-05-03T18:00:00Z,0,0,0,0,0,0,0,0,0.0,0.0,0.0,0.0,0.0,0.0,0.0,0.0,0,44
2025-26,35,39,Ian Maatsen,DEF,Aston Villa,2,18,1,2026-05-03T18:00:00Z,90,1,0,0,0,2,0,-6,6.0,10.9,4.0,2.1,0.0,0.0,0.0,0.99,1,42
2025-26,35,40,Tyrone Mings,DEF,Aston Villa,2,18,1,2026-05-03T18:00:00Z,90,1,0,0,0,2,0,3,4.2,1.8,7.0,1.3,0.22,0.01,0.23,0.99,1,43
2025-26,35,41,Pau Torres,DEF,Aston Villa,2,18,1,2026-05-03T18:00:00Z,0,0,0,0,0,0,0,0,0.0,0.0,0.0,0.0,0.0,0.0,0.0,0.0,0,43
2025-26,35,42,Andrés García,DEF,Aston Villa,2,18,1,2026-05-03T18:00:00Z,0,0,0,0,0,0,0,0,0.0,0.0,0.0,0.0,0.0,0.0,0.0,0.0,0,39
2025-26,35,43,Álex Moreno Lopera,DEF,Aston Villa,2,18,1,2026-05-03T18:00:00Z,0,0,0,0,0,0,0,0,0.0,0.0,0.0,0.0,0.0,0.0,0.0,0.0,0,40
2025-26,35,44,Lamare Bogarde,DEF,Aston Villa,2,18,1,2026-05-03T18:00:00Z,90,1,0,0,0,2,0,4,9.6,1.3,0.0,1.1,0.0,0.0,0.0,0.99,1,40
2025-26,35,45,Lino da Cruz Sousa,DEF,Aston Villa,2,18,1,2026-05-03T18:00:00Z,0,0,0,0,0,0,0,0,0.0,0.0,0.0,0.0,0.0,0.0,0.0,0.0,0,38
2025-26,35,46,Yasin Özcan,DEF,Aston Villa,2,18,1,2026-05-03T18:00:00Z,0,0,0,0,0,0,0,0,0.0,0.0,0.0,0.0,0.0,0.0,0.0,0.0,0,40
2025-26,35,47,Morgan Rogers,MID,Aston Villa,2,18,1,2026-05-03T18:00:00Z,90,1,0,0,0,2,0,8,10.6,4.0,12.0,2.7,0.03,0.0,0.03,0.99,1,75
2025-26,35,48,Youri Tielemans,MID,Aston Villa,2,18,1,2026-05-03T18:00:00Z,90,2,0,0,0,2,0,13,8.4,1.6,2.0,1.2,0.0,0.02,0.02,0.99,1,59
2025-26,35,49,Leon Bailey,MID,Aston Villa,2,18,1,2026-05-03T18:00:00Z,5,1,0,0,0,0,0,7,3.4,14.4,0.0,1.8,0.0,0.22,0.22,0.0,0,55
2025-26,35,50,Emiliano Buendía Stati,MID,Aston Villa,2,18,1,2026-05-03T18:00:00Z,5,6,1,0,0,0,0,23,35.0,0.0,17.0,5.2,0.06,0.0,0.06,0.0,0,53
2025-26,35,51,Samuel Iling-Junior,MID,Aston Villa,2,18,1,2026-05-03T18:00:00Z,0,0,0,0,0,0,0,0,0.0,0.0,0.0,0.0,0.0,0.0,0.0,0.0,0,55
2025-26,35,52,Jacob Ramsey,MID,Newcastle,15,6,1,2026-05-02T14:00:00Z,1,1,0,0,0,0,0,4,1.0,0.5,2.0,0.4,0.0,0.0,0.0,0.0,0,53
2025-26,35,53,Donyell Malen,MID,Aston Villa,2,18,1,2026-05-03T18:00:00Z,0,0,0,0,0,0,0,0,0.0,0.0,0.0,0.0,0.0,0.0,0.0,0.0,0,51
2025-26,35,54,John McGinn,MID,Aston Villa,2,18,1,2026-05-03T18:00:00Z,0,0,0,0,0,0,0,0,0.0,0.0,0.0,0.0,0.0,0.0,0.0,0.0,0,53
2025-26,35,55,Ross Barkley,MID,Aston Villa,2,18,1,2026-05-03T18:00:00Z,84,1,0,0,0,2,0,-4,0.0,13.8,0.0,1.3,0.0,0.01,0.01,0.99,1,48
2025-26,35,56,Enzo Barrenechea,MID,Aston Villa,2,18,1,2026-05-03T18:00:00Z,0,0,0,0,0,0,0,0,0.0,0.0,0.0,0.0,0.0,0.0,0.0,0.0,0,50
2025-26,35,57,Lewis Dobbin,MID,Aston Villa,2,18,1,2026-05-03T18:00:00Z,0,0,0,0,0,0,0,0,0.0,0.0,0.0,0.0,0.0,0.0,0.0,0.0,0,50
2025-26,35,58,Boubacar Kamara,MID,Aston Villa,2,18,1,2026-05-03T18:00:00Z,0,0,0,0,0,0,0,0,0.0,0.0,0.0,0.0,0.0,0.0,0.0,0.0,0,49
2025-26,35,59,Amadou Onana,MID,Aston Villa,2,18,1,2026-05-03T18:00:00Z,0,0,0,0,0,0,0,0,0.0,0.0,0.0,0.0,0.0,0.0,0.0,0.0,0,48
2025-26,35,60,Ben Broggio,MID,Aston Villa,2,18,1,2026-05-03T18:00:00Z,0,0,0,0,0,0,0,0,0.0,0.0,0.0,0.0,0.0,0.0,0.0,0.0,0,44
2025-26,35,61,Leander Dendoncker,MID,Aston Villa,2,18,1,2026-05-03T18:00:00Z,0,0,0,0,0,0,0,0,0.0,0.0,0.0,0.0,0.0,0.0,0.0,0.0,0,45
2025-26,35,62,Jamaldeen Jimoh-Aloba,MID,Aston Villa,2,18,1,2026-05-03T18:00:00Z,0,0,0,0,0,0,0,0,0.0,0.0,0.0,0.0,0.0,0.0,0.0,0.0,0,45
2025-26,35,63,Kadan Young,MID,Aston Villa,2,18,1,2026-05-03T18:00:00Z,0,0,0,0,0,0,0,0,0.0,0.0,0.0,0.0,0.0,0.0,0.0,0.0,0,43
2025-26,35,64,Ollie Watkins,FWD,Aston Villa,2,18,1,2026-05-03T18:00:00Z,30,1,0,0,0,0,0,2,1.0,10.3,2.0,1.3,0.02,0.0,0.02,0.03,0,88
2025-26,35,65,Zépiqueno Redmond,FWD,Aston Villa,2,18,1,2026-05-03T18:00:00Z,0,0,0,0,0,0,0,0,0.0,0.0,0.0,0.0,0.0,0.0,0.0,0.0,0,45
2025-26,35,66,Norberto Murara Neto,GK,Bournemouth,4,8,1,2026-05-03T13:00:00Z,0,0,0,0,0,0,0,0,0.0,0.0,0.0,0.0,0.0,0.0,0.0,0.0,0,45
2025-26,35,67,Đorđe Petrović,GK,Bournemouth,4,8,1,2026-05-03T13:00:00Z,90,6,0,0,1,0,0,23,10.6,0.0,0.0,1.1,0.0,0.0,0.0,0.89,1,46
2025-26,35,68,Will Dennis,GK,Bournemouth,4,8,1,2026-05-03T13:00:00Z,0,0,0,0,0,0,0,0,0.0,0.0,0.0,0.0,0.0,0.0,0.0,0.0,0,40
2025-26,35,69,Callan McKenna,GK,Bournemouth,4,8,1,2026-05-03T13:00:00Z,0,0,0,0,0,0,0,0,0.0,0.0,0.0,0.0,0.0,0.0,0.0,0.0,0,39
2025-26,35,70,Alex Paulsen,GK,Bournemouth,4,8,1,2026-05-03T13:00:00Z,0,0,0,0,0,0,0,0,0.0,0.0,0.0,0.0,0.0,0.0,0.0,0.0,0,40
2025-26,35,71,Illia Zabarnyi,DEF,Bournemouth,4,8,1,2026-05-03T13:00:00Z,0,0,0,0,0,0,0,0,0.0,0.0,0.0,0.0,0.0,0.0,0.0,0.0,0,50
2025-26,35,72,Marcos Senesi Barón,DEF,Bournemouth,4,8,1,2026-05-03T13:00:00Z,90,14,0,1,1,0,3,39,36.0,20.5,6.0,6.3,0.0,0.13,0.13,0.89,1,52
2025-26,35,73,Adam Smith,DEF,Bournemouth,4,8,1,2026-05-03T13:00:00Z,0,0,0,0,0,0,0,0,0.0,0.0,0.0,0.0,0.0,0.0,0.0,0.0,0,44
2025-26,35,74,Adrien Truffert,DEF,Bournemouth,4,8,1,2026-05-03T13:00:00Z,90,7,0,0,1,0,1,28,9.4,15.9,4.0,2.9,0.0,0.08,0.08,0.89,1,47
2025-26,35,75,Matai Akinmboni,DEF,Bournemouth,4,8,1,2026-05-03T13:00:00Z,0,0,0,0,0,0,0,0,0.0,0.0,0.0,0.0,0.0,0.0,0.0,0.0,0,38
2025-26,35,76,Owen Bevan,DEF,Bournemouth,4,8,1,2026-05-03T13:00:00Z,0,0,0,0,0,0,0,0,0.0,0.0,0.0,0.0,0.0,0.0,0.0,0.0,0,38
2025-26,35,77,James Hill,DEF,Bournemouth,4,8,1,2026-05-03T13:00:00Z,90,10,0,0,1,0,2,31,31.8,11.1,2.0,4.5,0.0,0.04,0.04,0.89,1,42
2025-26,35,78,Julián Araujo Zúñiga,DEF,Bournemouth,4,8,1,2026-05-03T13:00:00Z,0,0,0,0,0,0,0,0,0.0,0.0,0.0,0.0,0.0,0.0,0.0,0.0,0,38
2025-26,35,79,Chris Mepham,DEF,Bournemouth,4,8,1,2026-05-03T13:00:00Z,0,0,0,0,0,0,0,0,0.0,0.0,0.0,0.0,0.0,0.0,0.0,0.0,0,40
2025-26,35,80,Julio Soler Barreto,DEF,Bournemouth,4,8,1,2026-05-03T13:00:00Z,0,0,0,0,0,0,0,0,0.0,0.0,0.0,0.0,0.0,0.0,0.0,0.0,0,39
2025-26,35,81,Justin Kluivert,MID,Bournemouth,4,8,1,2026-05-03T13:00:00Z,0,0,0,0,0,0,0,0,0.0,0.0,0.0,0.0,0.0,0.0,0.0,0.0,0,69
2025-26,35,82,Antoine Semenyo,MID,Man City,13,9,0,2026-05-04T19:00:00Z,74,2,0,0,0,2,0,8,11.2,14.3,18.0,4.4,0.12,0.07,0.19,1.61,1,82
2025-26,35,83,Dango Ouattara,MID,Brentford,5,19,1,2026-05-02T14:00:00Z,89,6,0,1,1,0,0,14,6.8,5.6,15.0,2.7,0.12,0.01,0.13,0.91,1,58
2025-26,35,84,Marcus Tavernier,MID,Bournemouth,4,8,1,2026-05-03T13:00:00Z,85,3,0,0,1,0,0,12,6.0,9.4,21.0,3.6,0.14,0.03,0.17,0.35,1,54
2025-26,35,85,Tyler Adams,MID,Bournemouth,4,8,1,2026-05-03T13:00:00Z,68,3,0,0,1,0,0,7,7.6,28.8,2.0,3.8,0.0,0.09,0.09,0.25,1,49
2025-26,35,86,David Brooks,MID,Bournemouth,4,8,1,2026-05-03T13:00:00Z,20,4,0,1,0,0,0,15,17.2,16.3,2.0,3.6,0.03,0.15,0.18,0.64,0,50
2025-26,35,87,Ryan Christie,MID,Bournemouth,4,8,1,2026-05-03T13:00:00Z,21,1,0,0,0,0,0,7,5.6,0.8,0.0,0.6,0.0,0.0,0.0,0.64,0,49
2025-26,35,88,Lewis Cook,MID,Bournemouth,4,8,1,2026-05-03T13:00:00Z,0,0,0,0,0,0,0,0,0.0,0.0,0.0,0.0,0.0,0.0,0.0,0.0,0,49
2025-26,35,89,Philip Billing,MID,Bournemouth,4,8,1,2026-05-03T13:00:00Z,0,0,0,0,0,0,0,0,0.0,0.0,0.0,0.0,0.0,0.0,0.0,0.0,0,49
2025-26,35,90,Alex Scott,MID,Bournemouth,4,8,1,2026-05-03T13:00:00Z,90,3,0,0,1,0,0,17,12.8,36.9,9.0,5.9,0.04,0.3,0.34,0.89,1,51
2025-26,35,91,Luis Sinisterra Lucumí,MID,Bournemouth,4,8,1,2026-05-03T13:00:00Z,0,0,0,0,0,0,0,0,0.0,0.0,0.0,0.0,0.0,0.0,0.0,0.0,0,50
2025-26,35,92,Romain Faivre,MID,Bournemouth,4,8,1,2026-05-03T13:00:00Z,0,0,0,0,0,0,0,0,0.0,0.0,0.0,0.0,0.0,0.0,0.0,0.0,0,45
2025-26,35,93,Hamed Traorè,MID,Bournemouth,4,8,1,2026-05-03T13:00:00Z,0,0,0,0,0,0,0,0,0.0,0.0,0.0,0.0,0.0,0.0,0.0,0.0,0,45
2025-26,35,94,Dominic Sadi,MID,Bournemouth,4,8,1,2026-05-03T13:00:00Z,0,0,0,0,0,0,0,0,0.0,0.0,0.0,0.0,0.0,0.0,0.0,0.0,0,45
2025-26,35,95,Zain Silcott-Duberry,MID,Bournemouth,4,8,1,2026-05-03T13:00:00Z,0,0,0,0,0,0,0,0,0.0,0.0,0.0,0.0,0.0,0.0,0.0,0.0,0,44
2025-26,35,96,Ben Winterburn,MID,Bournemouth,4,8,1,2026-05-03T13:00:00Z,0,0,0,0,0,0,0,0,0.0,0.0,0.0,0.0,0.0,0.0,0.0,0.0,0,45
2025-26,35,97,Francisco Evanilson de Lima Barbosa,FWD,Bournemouth,4,8,1,2026-05-03T13:00:00Z,79,5,0,1,1,0,0,17,0.0,12.0,14.0,2.6,0.24,0.16,0.4,0.25,1,67
2025-26,35,98,Enes Ünal,FWD,Bournemouth,4,8,1,2026-05-03T13:00:00Z,10,1,0,0,0,0,0,3,2.0,0.3,2.0,0.4,0.04,0.0,0.04,0.64,0,54
2025-26,35,99,Daniel Adu-Adjei,FWD,Bournemouth,4,8,1,2026-05-03T13:00:00Z,0,0,0,0,0,0,0,0,0.0,0.0,0.0,0.0,0.0,0.0,0.0,0.0,0,44
2025-26,35,100,Junior Kroupi,FWD,Bournemouth,4,8,1,2026-05-03T13:00:00Z,69,6,1,0,1,0,0,22,38.6,4.4,37.0,8.0,1.0,0.01,1.01,0.25,1,46
2025-26,35,101,Caoimhín Kelleher,GK,Brentford,5,19,1,2026-05-02T14:00:00Z,90,8,0,0,1,0,1,32,29.0,0.0,0.0,2.9,0.0,0.0,0.0,0.92,1,48
2025-26,35,102,Ellery Balcombe,GK,Brentford,5,19,1,2026-05-02T14:00:00Z,0,0,0,0,0,0,0,0,0.0,0.0,0.0,0.0,0.0,0.0,0.0,0.0,0,39
2025-26,35,103,Matthew Cox,GK,Brentford,5,19,1,2026-05-02T14:00:00Z,0,0,0,0,0,0,0,0,0.0,0.0,0.0,0.0,0.0,0.0,0.0,0.0,0,39
2025-26,35,104,Julian Eyestone,GK,Brentford,5,19,1,2026-05-02T14:00:00Z,0,0,0,0,0,0,0,0,0.0,0.0,0.0,0.0,0.0,0.0,0.0,0.0,0,39
2025-26,35,105,Hákon Rafn Valdimarsson,GK,Brentford,5,19,1,2026-05-02T14:00:00Z,0,0,0,0,0,0,0,0,0.0,0.0,0.0,0.0,0.0,0.0,0.0,0.0,0,38
2025-26,35,106,Nathan Collins,DEF,Brentford,5,19,1,2026-05-02T14:00:00Z,90,6,0,0,1,0,0,27,15.0,10.8,4.0,3.0,0.0,0.0,0.0,0.92,1,49
2025-26,35,107,Keane Lewis-Potter,DEF,Brentford,5,19,1,2026-05-02T14:00:00Z,90,11,0,1,1,0,2,34,29.0,17.0,45.0,9.1,0.23,0.17,0.4,0.91,1,48
2025-26,35,108,Kristoffer Ajer,DEF,Brentford,5,19,1,2026-05-02T14:00:00Z,10,1,0,0,0,0,0,2,0.4,0.0,0.0,0.0,0.0,0.0,0.0,0.02,0,44
2025-26,35,109,Rico Henry,DEF,Brentford,5,19,1,2026-05-02T14:00:00Z,0,0,0,0,0,0,0,0,0.0,0.0,0.0,0.0,0.0,0.0,0.0,0.0,0,43
2025-26,35,110,Michael Kayode,DEF,Brentford,5,19,1,2026-05-02T14:00:00Z,90,5,0,0,1,0,0,15,5.6,11.9,2.0,2.0,0.0,0.05,0.05,0.92,1,46
2025-26,35,111,Ethan Pinnock,DEF,Brentford,5,19,1,2026-05-02T14:00:00Z,0,0,0,0,0,0,0,0,0.0,0.0,0.0,0.0,0.0,0.0,0.0,0.0,0,42
2025-26,35,112,Mads Roerslev Rasmussen,DEF,Brentford,5,19,1,2026-05-02T14:00:00Z,0,0,0,0,0,0,0,0,0.0,0.0,0.0,0.0,0.0,0.0,0.0,0.0,0,45
2025-26,35,113,Sepp van den Berg,DEF,Brentford,5,19,1,2026-05-02T14:00:00Z,90,6,0,0,1,0,0,27,14.8,1.2,24.0,4.0,0.31,0.01,0.32,0.92,1,45
2025-26,35,114,Benjamin Arthur,DEF,Brentford,5,19,1,2026-05-02T14:00:00Z,0,0,0,0,0,0,0,0,0.0,0.0,0.0,0.0,0.0,0.0,0.0,0.0,0,38
2025-26,35,115,Benjamin Fredrick,DEF,Brentford,5,19,1,2026-05-02T14:00:00Z,0,0,0,0,0,0,0,0,0.0,0.0,0.0,0.0,0.0,0.0,0.0,0.0,0,40
2025-26,35,116,Aaron Hickey,DEF,Brentford,5,19,1,2026-05-02T14:00:00Z,1,1,0,0,0,0,0,5,2.2,0.0,0.0,0.2,0.0,0.0,0.0,0.02,0,40
2025-26,35,117,Kim Ji-soo,DEF,Brentford,5,19,1,2026-05-02T14:00:00Z,0,0,0,0,0,0,0,0,0.0,0.0,0.0,0.0,0.0,0.0,0.0,0.0,0,39
2025-26,35,118,Jayden Meghoma,DEF,Brentford,5,19,1,2026-05-02T14:00:00Z,0,0,0,0,0,0,0,0,0.0,0.0,0.0,0.0,0.0,0.0,0.0,0.0,0,40
2025-26,35,119,Bryan Mbeumo,MID,Man Utd,14,12,1,2026-05-03T14:30:00Z,74,2,0,0,0,2,0,11,8.8,44.3,23.0,7.6,0.42,0.43,0.85,0.8,1,84
2025-26,35,120,Kevin Schade,MID,Brentford,5,19,1,2026-05-02T14:00:00Z,79,3,0,0,1,0,0,6,3.2,0.6,6.0,1.0,0.0,0.0,0.0,0.91,1,69
2025-26,35,121,Mikkel Damsgaard,MID,Brentford,5,19,1,2026-05-02T14:00:00Z,90,11,1,0,1,0,3,36,41.6,36.8,22.0,10.0,0.44,0.16,0.6,0.91,1,56
2025-26,35,122,Antoni Milambo,MID,Brentford,5,19,1,2026-05-02T14:00:00Z,0,0,0,0,0,0,0,0,0.0,0.0,0.0,0.0,0.0,0.0,0.0,0.0,0,52
2025-26,35,123,Fábio Freitas Gouveia Carvalho,MID,Brentford,5,19,1,2026-05-02T14:00:00Z,0,0,0,0,0,0,0,0,0.0,0.0,0.0,0.0,0.0,0.0,0.0,0.0,0,46
2025-26,35,124,Jordan Henderson,MID,Brentford,5,19,1,2026-05-02T14:00:00Z,0,0,0,0,0,0,0,0,0.0,0.0,0.0,0.0,0.0,0.0,0.0,0.0,0,50
2025-26,35,125,Vitaly Janelt,MID,Brentford,5,19,1,2026-05-02T14:00:00Z,0,0,0,0,0,0,0,0,0.0,0.0,0.0,0.0,0.0,0.0,0.0,0.0,0,49
2025-26,35,126,Mathias Jensen,MID,Brentford,5,19,1,2026-05-02T14:00:00Z,90,3,0,0,1,0,0,22,24.0,25.3,2.0,5.1,0.03,0.63,0.66,0.92,1,49
2025-26,35,127,Gustavo Nunes Fernandes Gomes,MID,Brentford,5,19,1,2026-05-02T14:00:00Z,0,0,0,0,0,0,0,0,0.0,0.0,0.0,0.0,0.0,0.0,0.0,0.0,0,49
2025-26,35,128,Frank Onyeka,MID,Brentford,5,19,1,2026-05-02T14:00:00Z,0,0,0,0,0,0,0,0,0.0,0.0,0.0,0.0,0.0,0.0,0.0,0.0,0,48
2025-26,35,129,Yehor Yarmoliuk,MID,Brentford,5,19,1,2026-05-02T14:00:00Z,90,3,0,0,1,0,0,17,14.0,17.6,1.0,3.3,0.03,0.04,0.07,0.92,1,50
2025-26,35,130,Romelle Donovan,MID,Brentford,5,19,1,2026-05-02T14:00:00Z,0,0,0,0,0,0,0,0,0.0,0.0,0.0,0.0,0.0,0.0,0.0,0.0,0,44
2025-26,35,131,Yunus Emre Konak,MID,Brentford,5,19,1,2026-05-02T14:00:00Z,0,0,0,0,0,0,0,0,0.0,0.0,0.0,0.0,0.0,0.0,0.0,0.0,0,43
2025-26,35,132,Paris Maghoma,MID,Brentford,5,19,1,2026-05-02T14:00:00Z,0,0,0,0,0,0,0,0,0.0,0.0,0.0,0.0,0.0,0.0,0.0,0.0,0,45
2025-26,35,133,Myles Peart-Harris,MID,Brentford,5,19,1,2026-05-02T14:00:00Z,0,0,0,0,0,0,0,0,0.0,0.0,0.0,0.0,0.0,0.0,0.0,0.0,0,44
2025-26,35,134,Ryan Trevitt,MID,Brentford,5,19,1,2026-05-02T14:00:00Z,0,0,0,0,0,0,0,0,0.0,0.0,0.0,0.0,0.0,0.0,0.0,0.0,0,45
2025-26,35,135,Yoane Wissa,FWD,Newcastle,15,6,1,2026-05-02T14:00:00Z,22,3,0,1,0,0,0,5,0.0,0.0,8.0,0.6,0.62,0.0,0.62,0.52,0,73
2025-26,35,136,Igor Thiago Nascimento Rodrigues,FWD,Brentford,5,19,1,2026-05-02T14:00:00Z,90,6,1,0,1,0,0,21,44.4,1.3,41.0,8.7,1.12,0.01,1.13,0.92,1,74
2025-26,35,137,Iwan Morgan,FWD,Brentford,5,19,1,2026-05-02T14:00:00Z,0,0,0,0,0,0,0,0,0.0,0.0,0.0,0.0,0.0,0.0,0.0,0.0,0,44
2025-26,35,138,Jason Steele,GK,Brighton,6,15,0,2026-05-02T14:00:00Z,0,0,0,0,0,0,0,0,0.0,0.0,0.0,0.0,0.0,0.0,0.0,0.0,0,42
2025-26,35,139,Bart Verbruggen,GK,Brighton,6,15,0,2026-05-02T14:00:00Z,90,2,0,0,0,3,0,1,26.8,0.0,0.0,2.7,0.0,0.0,0.0,3.16,1,45
2025-26,35,140,Tom McGill,GK,Brighton,6,15,0,2026-05-02T14:00:00Z,0,0,0,0,0,0,0,0,0.0,0.0,0.0,0.0,0.0,0.0,0.0,0.0,0,39
2025-26,35,141,Carl Rushworth,GK,Brighton,6,15,0,2026-05-02T14:00:00Z,0,0,0,0,0,0,0,0,0.0,0.0,0.0,0.0,0.0,0.0,0.0,0.0,0,40
2025-26,35,142,Kjell Scherpen,GK,Brighton,6,15,0,2026-05-02T14:00:00Z,0,0,0,0,0,0,0,0,0.0,0.0,0.0,0.0,0.0,0.0,0.0,0.0,0,40
2025-26,35,143,Olivier Boscagli,DEF,Brighton,6,15,0,2026-05-02T14:00:00Z,90,1,0,0,0,3,0,8,24.4,17.3,0.0,4.2,0.0,0.07,0.07,3.16,1,42
2025-26,35,144,Diego Coppola,DEF,Brighton,6,15,0,2026-05-02T14:00:00Z,0,0,0,0,0,0,0,0,0.0,0.0,0.0,0.0,0.0,0.0,0.0,0.0,0,42
2025-26,35,145,Maxim De Cuyper,DEF,Brighton,6,15,0,2026-05-02T14:00:00Z,9,1,0,0,0,1,0,2,6.6,14.8,0.0,2.1,0.0,0.01,0.01,1.05,0,43
2025-26,35,146,Lewis Dunk,DEF,Brighton,6,15,0,2026-05-02T14:00:00Z,2,1,0,0,0,1,0,-1,0.0,0.0,0.0,0.0,0.0,0.0,0.0,1.05,0,45
2025-26,35,147,Pervis Estupiñán Tenorio,DEF,Brighton,6,15,0,2026-05-02T14:00:00Z,0,0,0,0,0,0,0,0,0.0,0.0,0.0,0.0,0.0,0.0,0.0,0.0,0,45
2025-26,35,148,Ferdi Kadıoğlu,DEF,Brighton,6,15,0,2026-05-02T14:00:00Z,90,1,0,0,0,3,0,-2,7.2,30.3,4.0,4.2,0.0,0.06,0.06,3.16,1,44
2025-26,35,149,Igor Julio dos Santos de Paulo,DEF,Brighton,6,15,0,2026-05-02T14:00:00Z,0,0,0,0,0,0,0,0,0.0,0.0,0.0,0.0,0.0,0.0,0.0,0.0,0,45
2025-26,35,150,Tariq Lamptey,DEF,Brighton,6,15,0,2026-05-02T14:00:00Z,0,0,0,0,0,0,0,0,0.0,0.0,0.0,0.0,0.0,0.0,0.0,0.0,0,44
2025-26,35,151,Jan Paul van Hecke,DEF,Brighton,6,15,0,2026-05-02T14:00:00Z,90,2,0,0,0,3,0,3,14.0,2.5,2.0,1.9,0.0,0.1,0.1,3.16,1,46
2025-26,35,152,Joël Veltman,DEF,Brighton,6,15,0,2026-05-02T14:00:00Z,62,1,0,0,0,1,0,5,0.0,2.3,0.0,0.2,0.0,0.01,0.01,1.69,0,43
2025-26,35,153,Adam Webster,DEF,Brighton,6,15,0,2026-05-02T14:00:00Z,0,0,0,0,0,0,0,0,0.0,0.0,0.0,0.0,0.0,0.0,0.0,0.0,0,44
2025-26,35,154,Eiran Cashin,DEF,Brighton,6,15,0,2026-05-02T14:00:00Z,0,0,0,0,0,0,0,0,0.0,0.0,0.0,0.0,0.0,0.0,0.0,0.0,0,40
2025-26,35,155,Jacob Slater,DEF,Brighton,6,15,0,2026-05-02T14:00:00Z,0,0,0,0,0,0,0,0,0.0,0.0,0.0,0.0,0.0,0.0,0.0,0.0,0,40
2025-26,35,156,Charlie Tasker,DEF,Brighton,6,15,0,2026-05-02T14:00:00Z,0,0,0,0,0,0,0,0,0.0,0.0,0.0,0.0,0.0,0.0,0.0,0.0,0,38
2025-26,35,157,Mitoma Kaoru,MID,Brighton,6,15,0,2026-05-02T14:00:00Z,90,1,0,0,0,3,0,13,3.2,17.1,6.0,2.6,0.12,0.06,0.18,3.16,1,61
2025-26,35,158,Georginio Rutter,MID,Brighton,6,15,0,2026-05-02T14:00:00Z,10,1,0,0,0,1,0,11,7.2,14.1,4.0,2.5,0.0,0.26,0.26,1.05,0,56
2025-26,35,159,Solly March,MID,Brighton,6,15,0,2026-05-02T14:00:00Z,0,0,0,0,0,0,0,0,0.0,0.0,0.0,0.0,0.0,0.0,0.0,0.0,0,58
2025-26,35,160,Yankuba Minteh,MID,Brighton,6,15,0,2026-05-02T14:00:00Z,90,2,0,0,0,3,0,6,0.0,18.3,17.0,3.5,0.32,0.06,0.38,3.16,1,55
2025-26,35,161,Julio Enciso Espínola,MID,Brighton,6,15,0,2026-05-02T14:00:00Z,0,0,0,0,0,0,0,0,0.0,0.0,0.0,0.0,0.0,0.0,0.0,0.0,0,54
2025-26,35,162,Brajan Gruda,MID,Brighton,6,15,0,2026-05-02T14:00:00Z,0,0,0,0,0,0,0,0,0.0,0.0,0.0,0.0,0.0,0.0,0.0,0.0,0,54
2025-26,35,163,Jack Hinshelwood,MID,Brighton,6,15,0,2026-05-02T14:00:00Z,87,7,1,0,0,2,0,22,38.4,1.4,59.0,9.9,0.66,0.02,0.68,2.11,1,51
2025-26,35,164,Matt O'Riley,MID,Brighton,6,15,0,2026-05-02T14:00:00Z,0,0,0,0,0,0,0,0,0.0,0.0,0.0,0.0,0.0,0.0,0.0,0.0,0,55
2025-26,35,165,Abdallah Sima,MID,Brighton,6,15,0,2026-05-02T14:00:00Z,0,0,0,0,0,0,0,0,0.0,0.0,0.0,0.0,0.0,0.0,0.0,0.0,0,54
2025-26,35,166,Yasin Ayari,MID,Brighton,6,15,0,2026-05-02T14:00:00Z,0,0,0,0,0,0,0,0,0.0,0.0,0.0,0.0,0.0,0.0,0.0,0.0,0,48
2025-26,35,167,Carlos Baleba,MID,Brighton,6,15,0,2026-05-02T14:00:00Z,79,2,0,0,0,2,0,14,12.2,13.7,3.0,2.9,0.04,0.03,0.07,2.11,1,45
2025-26,35,168,Facundo Buonanotte,MID,Leeds,11,3,1,2026-05-01T19:00:00Z,0,0,0,0,0,0,0,0,0.0,0.0,0.0,0.0,0.0,0.0,0.0,0.0,0,46
2025-26,35,169,Diego Gómez Amarilla,MID,Brighton,6,15,0,2026-05-02T14:00:00Z,0,0,0,0,0,0,0,0,0.0,0.0,0.0,0.0,0.0,0.0,0.0,0.0,0,49
2025-26,35,170,James Milner,MID,Brighton,6,15,0,2026-05-02T14:00:00Z,0,0,0,0,0,0,0,0,0.0,0.0,0.0,0.0,0.0,0.0,0.0,0.0,0,49
2025-26,35,171,Jeremy Sarmiento Morante,MID,Brighton,6,15,0,2026-05-02T14:00:00Z,0,0,0,0,0,0,0,0,0.0,0.0,0.0,0.0,0.0,0.0,0.0,0.0,0,49
2025-26,35,172,Tom Watson,MID,Brighton,6,15,0,2026-05-02T14:00:00Z,0,0,0,0,0,0,0,0,0.0,0.0,0.0,0.0,0.0,0.0,0.0,0.0,0,48
2025-26,35,173,Mats Wieffer,MID,Brighton,6,15,0,2026-05-02T14:00:00Z,17,1,0,0,0,1,0,4,1.0,4.3,0.0,0.5,0.0,0.01,0.01,0.41,1,49
2025-26,35,174,Malick Yalcouyé,MID,Brighton,6,15,0,2026-05-02T14:00:00Z,0,0,0,0,0,0,0,0,0.0,0.0,0.0,0.0,0.0,0.0,0.0,0.0,0,50
2025-26,35,175,Joe Knight,MID,Brighton,6,15,0,2026-05-02T14:00:00Z,0,0,0,0,0,0,0,0,0.0,0.0,0.0,0.0,0.0,0.0,0.0,0.0,0,44
2025-26,35,176,Adrian Mazilu,MID,Brighton,6,15,0,2026-05-02T14:00:00Z,0,0,0,0,0,0,0,0,0.0,0.0,0.0,0.0,0.0,0.0,0.0,0.0,0,45
2025-26,35,177,Andrew Moran,MID,Brighton,6,15,0,2026-05-02T14:00:00Z,0,0,0,0,0,0,0,0,0.0,0.0,0.0,0.0,0.0,0.0,0.0,0.0,0,45
2025-26,35,178,Danny Welbeck,FWD,Brighton,6,15,0,2026-05-02T14:00:00Z,80,5,0,1,0,2,0,21,17.4,13.3,10.0,4.1,0.1,0.05,0.15,2.11,1,63
2025-26,35,179,Evan Ferguson,FWD,Brighton,6,15,0,2026-05-02T14:00:00Z,0,0,0,0,0,0,0,0,0.0,0.0,0.0,0.0,0.0,0.0,0.0,0.0,0,55
2025-26,35,180,Stefanos Tzimas,FWD,Brighton,6,15,0,2026-05-02T14:00:00Z,0,0,0,0,0,0,0,0,0.0,0.0,0.0,0.0,0.0,0.0,0.0,0.0,0,52
2025-26,35,181,Charalampos Kostoulas,FWD,Brighton,6,15,0,2026-05-02T14:00:00Z,10,1,0,0,0,1,0,4,3.2,0.2,19.0,2.2,0.1,0.0,0.1,1.05,0,48
2025-26,35,182,James Trafford,GK,Man City,13,9,0,2026-05-04T19:00:00Z,0,0,0,0,0,0,0,0,0.0,0.0,0.0,0.0,0.0,0.0,0.0,0.0,0,45
2025-26,35,183,Max Weiß,GK,Burnley,3,11,0,2026-05-01T19:00:00Z,0,0,0,0,0,0,0,0,0.0,0.0,0.0,0.0,0.0,0.0,0.0,0.0,0,42
2025-26,35,184,Etienne Green,GK,Burnley,3,11,0,2026-05-01T19:00:00Z,0,0,0,0,0,0,0,0,0.0,0.0,0.0,0.0,0.0,0.0,0.0,0.0,0,40
2025-26,35,185,Václav Hladký,GK,Burnley,3,11,0,2026-05-01T19:00:00Z,0,0,0,0,0,0,0,0,0.0,0.0,0.0,0.0,0.0,0.0,0.0,0.0,0,39
2025-26,35,186,Connor Roberts,DEF,Burnley,3,11,0,2026-05-01T19:00:00Z,0,0,0,0,0,0,0,0,0.0,0.0,0.0,0.0,0.0,0.0,0.0,0.0,0,43
2025-26,35,187,Kyle Walker,DEF,Burnley,3,11,0,2026-05-01T19:00:00Z,90,1,0,0,0,3,0,3,17.2,16.7,2.0,3.6,0.03,0.16,0.19,1.64,1,44
2025-26,35,188,Hannes Delcroix,DEF,Burnley,3,11,0,2026-05-01T19:00:00Z,0,0,0,0,0,0,0,0,0.0,0.0,0.0,0.0,0.0,0.0,0.0,0.0,0,38
2025-26,35,189,Owen Dodgson,DEF,Burnley,3,11,0,2026-05-01T19:00:00Z,0,0,0,0,0,0,0,0,0.0,0.0,0.0,0.0,0.0,0.0,0.0,0.0,0,40
2025-26,35,190,Hjalmar Ekdal,DEF,Burnley,3,11,0,2026-05-01T19:00:00Z,90,3,0,0,0,3,0,12,30.2,11.3,0.0,4.2,0.0,0.01,0.01,1.64,1,38
2025-26,35,191,Maxime Estève,DEF,Burnley,3,11,0,2026-05-01T19:00:00Z,90,3,0,0,0,3,0,5,27.0,0.5,2.0,3.0,0.0,0.0,0.0,1.64,1,39
2025-26,35,192,Quilindschy Hartman,DEF,Burnley,3,11,0,2026-05-01T19:00:00Z,64,1,0,0,0,3,0,-3,12.6,3.1,0.0,1.6,0.0,0.0,0.0,1.27,1,40
2025-26,35,193,Bashir Humphreys,DEF,Burnley,3,11,0,2026-05-01T19:00:00Z,75,0,0,0,0,3,0,3,17.2,1.8,19.0,3.8,0.05,0.01,0.06,1.47,1,39
2025-26,35,194,Jordan Beyer,DEF,Burnley,3,11,0,2026-05-01T19:00:00Z,0,0,0,0,0,0,0,0,0.0,0.0,0.0,0.0,0.0,0.0,0.0,0.0,0,39
2025-26,35,195,Lucas Pires Silva,DEF,Burnley,3,11,0,2026-05-01T19:00:00Z,25,1,0,0,0,0,0,5,5.8,15.4,2.0,2.3,0.0,0.01,0.01,0.37,0,38
2025-26,35,196,Shurandy Sambo,DEF,Burnley,3,11,0,2026-05-01T19:00:00Z,0,0,0,0,0,0,0,0,0.0,0.0,0.0,0.0,0.0,0.0,0.0,0.0,0,40
2025-26,35,197,Oliver Sonne,DEF,Burnley,3,11,0,2026-05-01T19:00:00Z,0,0,0,0,0,0,0,0,0.0,0.0,0.0,0.0,0.0,0.0,0.0,0.0,0,38
2025-26,35,198,Axel Tuanzebe,DEF,Burnley,3,11,0,2026-05-01T19:00:00Z,0,0,0,0,0,0,0,0,0.0,0.0,0.0,0.0,0.0,0.0,0.0,0.0,0,39
2025-26,35,199,Joe Worrall,DEF,Burnley,3,11,0,2026-05-01T19:00:00Z,0,0,0,0,0,0,0,0,0.0,0.0,0.0,0.0,0.0,0.0,0.0,0.0,0,38
2025-26,35,200,Jaidon Anthony,MID,Burnley,3,11,0,2026-05-01T19:00:00Z,90,5,0,1,0,3,0,21,17.8,18.1,15.0,5.1,0.1,0.1,0.2,1.64,1,50
2025-26,35,201,Manuel Benson Hedilazio,MID,Burnley,3,11,0,2026-05-01T19:00:00Z,0,0,0,0,0,0,0,0,0.0,0.0,0.0,0.0,0.0,0.0,0.0,0.0,0,54
2025-26,35,202,Jacob Bruun Larsen,MID,Burnley,3,11,0,2026-05-01T19:00:00Z,0,0,0,0,0,0,0,0,0.0,0.0,0.0,0.0,0.0,0.0,0.0,0.0,0,52
2025-26,35,203,Enock Agyei,MID,Burnley,3,11,0,2026-05-01T19:00:00Z,0,0,0,0,0,0,0,0,0.0,0.0,0.0,0.0,0.0,0.0,0.0,0.0,0,47
2025-26,35,204,Darko Churlinov,MID,Burnley,3,11,0,2026-05-01T19:00:00Z,0,0,0,0,0,0,0,0,0.0,0.0,0.0,0.0,0.0,0.0,0.0,0.0,0,49
2025-26,35,205,Josh Cullen,MID,Burnley,3,11,0,2026-05-01T19:00:00Z,0,0,0,0,0,0,0,0,0.0,0.0,0.0,0.0,0.0,0.0,0.0,0.0,0,49
2025-26,35,206,Marcus Edwards,MID,Burnley,3,11,0,2026-05-01T19:00:00Z,0,0,0,0,0,0,0,0,0.0,0.0,0.0,0.0,0.0,0.0,0.0,0.0,0,47
2025-26,35,207,Hannibal Mejbri,MID,Burnley,3,11,0,2026-05-01T19:00:00Z,36,0,0,0,0,1,0,4,2.8,2.4,2.0,0.7,0.06,0.02,0.08,0.73,0,47
2025-26,35,208,Luca Koleosho,MID,Burnley,3,11,0,2026-05-01T19:00:00Z,0,0,0,0,0,0,0,0,0.0,0.0,0.0,0.0,0.0,0.0,0.0,0.0,0,50
2025-26,35,209,Josh Laurent,MID,Burnley,3,11,0,2026-05-01T19:00:00Z,53,1,0,0,0,2,0,1,0.0,0.3,3.0,0.2,0.02,0.0,0.02,0.91,1,48
2025-26,35,210,Loum Tchaouna,MID,Burnley,3,11,0,2026-05-01T19:00:00Z,90,6,1,0,0,3,0,25,41.2,25.3,23.0,9.0,0.2,0.06,0.26,1.64,1,48
2025-26,35,211,Aaron Ramsey,MID,Burnley,3,11,0,2026-05-01T19:00:00Z,0,0,0,0,0,0,0,0,0.0,0.0,0.0,0.0,0.0,0.0,0.0,0.0,0,44
2025-26,35,212,Oluwaseun Adewumi,MID,Burnley,3,11,0,2026-05-01T19:00:00Z,0,0,0,0,0,0,0,0,0.0,0.0,0.0,0.0,0.0,0.0,0.0,0.0,0,45
2025-26,35,213,Jaydon Banel,MID,Burnley,3,11,0,2026-05-01T19:00:00Z,0,0,0,0,0,0,0,0,0.0,0.0,0.0,0.0,0.0,0.0,0.0,0.0,0,45
2025-26,35,214,Mike Trésor Ndayishimiye,MID,Burnley,3,11,0,2026-05-01T19:00:00Z,0,0,0,0,0,0,0,0,0.0,0.0,0.0,0.0,0.0,0.0,0.0,0.0,0,43
2025-26,35,215,Zian Flemming,FWD,Burnley,3,11,0,2026-05-01T19:00:00Z,75,2,0,0,0,3,0,7,6.2,10.3,4.0,2.1,0.0,0.04,0.04,1.47,1,53
2025-26,35,216,Zeki Amdouni,FWD,Burnley,3,11,0,2026-05-01T19:00:00Z,14,1,0,0,0,0,0,4,1.4,1.9,5.0,0.8,0.07,0.01,0.08,0.17,0,48
2025-26,35,217,Lyle Foster,FWD,Burnley,3,11,0,2026-05-01T19:00:00Z,0,0,0,0,0,0,0,0,0.0,0.0,0.0,0.0,0.0,0.0,0.0,0.0,0,49
2025-26,35,218,Ashley Barnes,FWD,Burnley,3,11,0,2026-05-01T19:00:00Z,0,0,0,0,0,0,0,0,0.0,0.0,0.0,0.0,0.0,0.0,0.0,0.0,0,42
2025-26,35,219,Michael Obafemi,FWD,Burnley,3,11,0,2026-05-01T19:00:00Z,0,0,0,0,0,0,0,0,0.0,0.0,0.0,0.0,0.0,0.0,0.0,0.0,0,44
2025-26,35,220,Robert Lynch Sánchez,GK,Chelsea,7,16,1,2026-05-04T14:00:00Z,66,1,0,0,0,3,0,-2,9.8,0.0,0.0,1.0,0.0,0.0,0.0,2.05,1,48
2025-26,35,221,Filip Jörgensen,GK,Chelsea,7,16,1,2026-05-04T14:00:00Z,24,1,0,0,0,0,0,4,0.4,0.0,0.0,0.0,0.0,0.0,0.0,0.0,0,43
2025-26,35,222,Mike Penders,GK,Chelsea,7,16,1,2026-05-04T14:00:00Z,0,0,0,0,0,0,0,0,0.0,0.0,0.0,0.0,0.0,0.0,0.0,0.0,0,40
2025-26,35,223,Gabriel Słonina,GK,Chelsea,7,16,1,2026-05-04T14:00:00Z,0,0,0,0,0,0,0,0,0.0,0.0,0.0,0.0,0.0,0.0,0.0,0.0,0,39
2025-26,35,224,Marc Cucurella Saseta,DEF,Chelsea,7,16,1,2026-05-04T14:00:00Z,90,4,0,1,0,3,0,17,28.6,41.3,13.0,8.3,0.05,0.12,0.17,2.05,1,61
2025-26,35,225,Reece James,DEF,Chelsea,7,16,1,2026-05-04T14:00:00Z,0,0,0,0,0,0,0,0,0.0,0.0,0.0,0.0,0.0,0.0,0.0,0.0,0,56
2025-26,35,226,Trevoh Chalobah,DEF,Chelsea,7,16,1,2026-05-04T14:00:00Z,90,1,0,0,0,3,0,2,14.6,2.2,4.0,2.1,0.1,0.01,0.11,2.05,1,54
2025-26,35,227,Levi Samuels Colwill,DEF,Chelsea,7,16,1,2026-05-04T14:00:00Z,45,1,0,0,0,1,0,4,7.8,4.7,2.0,1.5,0.0,0.01,0.01,0.96,0,47
2025-26,35,228,Malo Gusto,DEF,Chelsea,7,16,1,2026-05-04T14:00:00Z,90,0,0,0,0,3,0,6,18.8,62.4,21.0,10.2,0.1,0.11,0.21,2.05,1,49
2025-26,35,229,Benoît Badiashile Mukinayi,DEF,Chelsea,7,16,1,2026-05-04T14:00:00Z,0,0,0,0,0,0,0,0,0.0,0.0,0.0,0.0,0.0,0.0,0.0,0.0,0,44
2025-26,35,230,Wesley Fofana,DEF,Chelsea,7,16,1,2026-05-04T14:00:00Z,0,0,0,0,0,0,0,0,0.0,0.0,0.0,0.0,0.0,0.0,0.0,0.0,0,44
2025-26,35,231,Mamadou Sarr,DEF,Chelsea,7,16,1,2026-05-04T14:00:00Z,0,0,0,0,0,0,0,0,0.0,0.0,0.0,0.0,0.0,0.0,0.0,0.0,0,45
2025-26,35,232,Tosin Adarabioyo,DEF,Chelsea,7,16,1,2026-05-04T14:00:00Z,45,0,0,0,0,2,0,1,8.4,0.8,0.0,0.9,0.0,0.0,0.0,1.09,1,40
2025-26,35,233,Josh Acheampong,DEF,Chelsea,7,16,1,2026-05-04T14:00:00Z,0,0,0,0,0,0,0,0,0.0,0.0,0.0,0.0,0.0,0.0,0.0,0.0,0,37
2025-26,35,234,Aarón Anselmino,DEF,Chelsea,7,16,1,2026-05-04T14:00:00Z,0,0,0,0,0,0,0,0,0.0,0.0,0.0,0.0,0.0,0.0,0.0,0.0,0,40
2025-26,35,235,Cole Palmer,MID,Chelsea,7,16,1,2026-05-04T14:00:00Z,90,0,0,0,0,3,0,2,12.4,20.3,40.0,7.3,0.93,0.19,1.12,2.05,1,105
2025-26,35,236,Pedro Lomba Neto,MID,Chelsea,7,16,1,2026-05-04T14:00:00Z,0,0,0,0,0,0,0,0,0.0,0.0,0.0,0.0,0.0,0.0,0.0,0.0,0,70
2025-26,35,237,Enzo Fernández,MID,Chelsea,7,16,1,2026-05-04T14:00:00Z,90,2,0,0,0,3,0,15,16.6,95.5,17.0,12.9,0.15,0.29,0.44,2.05,1,65
2025-26,35,238,Estêvão Almeida de Oliveira Gonçalves,MID,Chelsea,7,16,1,2026-05-04T14:00:00Z,0,0,0,0,0,0,0,0,0.0,0.0,0.0,0.0,0.0,0.0,0.0,0.0,0,64
2025-26,35,239,Jamie Bynoe-Gittens,MID,Chelsea,7,16,1,2026-05-04T14:00:00Z,0,0,0,0,0,0,0,0,0.0,0.0,0.0,0.0,0.0,0.0,0.0,0.0,0,60
2025-26,35,240,Christopher Nkunku,MID,Chelsea,7,16,1,2026-05-04T14:00:00Z,0,0,0,0,0,0,0,0,0.0,0.0,0.0,0.0,0.0,0.0,0.0,0.0,0,59
2025-26,35,241,Moisés Caicedo Corozo,MID,Chelsea,7,16,1,2026-05-04T14:00:00Z,90,3,0,0,0,3,0,12,10.8,12.5,0.0,2.3,0.0,0.03,0.03,2.05,1,57
2025-26,35,242,Kiernan Dewsbury-Hall,MID,Everton,9,13,1,2026-05-04T19:00:00Z,90,2,0,0,0,2,0,4,3.6,10.8,5.0,1.9,0.07,0.01,0.08,1.34,1,52
2025-26,35,243,Tyrique George,MID,Everton,9,13,1,2026-05-04T19:00:00Z,0,0,0,0,0,0,0,0,0.0,0.0,0.0,0.0,0.0,0.0,0.0,0.0,0,48
2025-26,35,244,Roméo Lavia,MID,Chelsea,7,16,1,2026-05-04T14:00:00Z,57,1,0,0,0,3,0,12,6.6,7.0,2.0,1.6,0.02,0.08,0.1,1.99,1,49
2025-26,35,245,Mykhailo Mudryk,MID,Chelsea,7,16,1,2026-05-04T14:00:00Z,0,0,0,0,0,0,0,0,0.0,0.0,0.0,0.0,0.0,0.0,0.0,0.0,0,49
2025-26,35,246,Andrey Nascimento dos Santos,MID,Chelsea,7,16,1,2026-05-04T14:00:00Z,32,1,0,0,0,0,0,11,6.6,4.3,5.0,1.6,0.03,0.03,0.06,0.06,0,45
2025-26,35,247,Dário Luís Essugo,MID,Chelsea,7,16,1,2026-05-04T14:00:00Z,0,0,0,0,0,0,0,0,0.0,0.0,0.0,0.0,0.0,0.0,0.0,0.0,0,43
2025-26,35,248,Kendry Páez Andrade,MID,Chelsea,7,16,1,2026-05-04T14:00:00Z,0,0,0,0,0,0,0,0,0.0,0.0,0.0,0.0,0.0,0.0,0.0,0.0,0,45
2025-26,35,249,João Pedro Junqueira de Jesus,FWD,Chelsea,7,16,1,2026-05-04T14:00:00Z,90,8,1,0,0,3,2,29,36.0,16.5,52.0,10.5,0.46,0.05,0.51,2.05,1,75
2025-26,35,250,Liam Delap,FWD,Chelsea,7,16,1,2026-05-04T14:00:00Z,45,0,0,0,0,1,0,-2,0.0,0.3,11.0,0.8,0.22,0.01,0.23,0.96,0,62
2025-26,35,251,Nicolas Jackson,FWD,Chelsea,7,16,1,2026-05-04T14:00:00Z,0,0,0,0,0,0,0,0,0.0,0.0,0.0,0.0,0.0,0.0,0.0,0.0,0,65
2025-26,35,252,Marc Guiu Paz,FWD,Chelsea,7,16,1,2026-05-04T14:00:00Z,0,0,0,0,0,0,0,0,0.0,0.0,0.0,0.0,0.0,0.0,0.0,0.0,0,40
2025-26,35,253,Dean Henderson,GK,Crystal Palace,8,4,0,2026-05-03T13:00:00Z,90,2,0,0,0,3,0,0,13.4,0.0,0.0,1.3,0.0,0.01,0.01,2.08,1,51
2025-26,35,254,Walter Benítez,GK,Crystal Palace,8,4,0,2026-05-03T13:00:00Z,0,0,0,0,0,0,0,0,0.0,0.0,0.0,0.0,0.0,0.0,0.0,0.0,0,39
2025-26,35,255,Remi Matthews,GK,Crystal Palace,8,4,0,2026-05-03T13:00:00Z,0,0,0,0,0,0,0,0,0.0,0.0,0.0,0.0,0.0,0.0,0.0,0.0,0,39
2025-26,35,256,Daniel Muñoz Mejía,DEF,Crystal Palace,8,4,0,2026-05-03T13:00:00Z,45,0,0,0,0,2,0,-2,5.8,0.8,0.0,0.7,0.0,0.0,0.0,1.49,1,58
2025-26,35,257,Maxence Lacroix,DEF,Crystal Palace,8,4,0,2026-05-03T13:00:00Z,90,2,0,0,0,3,0,3,16.8,0.6,4.0,2.1,0.0,0.0,0.0,2.08,1,51
2025-26,35,258,Tyrick Mitchell,DEF,Crystal Palace,8,4,0,2026-05-03T13:00:00Z,45,1,0,0,0,1,0,4,14.4,11.2,8.0,3.4,0.0,0.07,0.07,0.59,0,50
2025-26,35,259,Borna Sosa,DEF,Crystal Palace,8,4,0,2026-05-03T13:00:00Z,0,0,0,0,0,0,0,0,0.0,0.0,0.0,0.0,0.0,0.0,0.0,0.0,0,48
2025-26,35,260,Marc Guéhi,DEF,Man City,13,9,0,2026-05-04T19:00:00Z,90,4,0,1,0,3,0,15,46.8,27.8,9.0,8.4,0.06,0.05,0.11,2.77,1,51
2025-26,35,261,Chris Richards,DEF,Crystal Palace,8,4,0,2026-05-03T13:00:00Z,14,1,0,0,0,1,0,-1,5.6,0.1,0.0,0.6,0.0,0.0,0.0,0.42,0,44
2025-26,35,262,Chadi Riad Dnanou,DEF,Crystal Palace,8,4,0,2026-05-03T13:00:00Z,75,1,0,0,0,2,0,7,21.0,1.0,2.0,2.4,0.0,0.05,0.05,1.65,1,40
2025-26,35,263,Nathaniel Clyne,DEF,Crystal Palace,8,4,0,2026-05-03T13:00:00Z,0,0,0,0,0,0,0,0,0.0,0.0,0.0,0.0,0.0,0.0,0.0,0.0,0,38
2025-26,35,264,Rob Holding,DEF,Crystal Palace,8,4,0,2026-05-03T13:00:00Z,0,0,0,0,0,0,0,0,0.0,0.0,0.0,0.0,0.0,0.0,0.0,0.0,0,40
2025-26,35,265,Caleb Kporha,DEF,Crystal Palace,8,4,0,2026-05-03T13:00:00Z,0,0,0,0,0,0,0,0,0.0,0.0,0.0,0.0,0.0,0.0,0.0,0.0,0,40
2025-26,35,266,Eberechi Eze,MID,Arsenal,1,10,1,2026-05-02T16:30:00Z,77,3,0,0,1,0,0,4,0.0,5.8,10.0,1.5,0.21,0.07,0.28,0.37,1,72
2025-26,35,267,Ismaïla Sarr,MID,Crystal Palace,8,4,0,2026-05-03T13:00:00Z,45,1,0,0,0,1,0,-3,0.4,15.4,15.0,3.1,0.54,0.14,0.68,0.59,0,63
2025-26,35,268,Cheick Doucouré,MID,Crystal Palace,8,4,0,2026-05-03T13:00:00Z,0,0,0,0,0,0,0,0,0.0,0.0,0.0,0.0,0.0,0.0,0.0,0.0,0,49
2025-26,35,269,Romain Esse,MID,Crystal Palace,8,4,0,2026-05-03T13:00:00Z,0,0,0,0,0,0,0,0,0.0,0.0,0.0,0.0,0.0,0.0,0.0,0.0,0,47
2025-26,35,270,Will Hughes,MID,Crystal Palace,8,4,0,2026-05-03T13:00:00Z,0,0,0,0,0,0,0,0,0.0,0.0,0.0,0.0,0.0,0.0,0.0,0.0,0,47
2025-26,35,271,Daichi Kamada,MID,Crystal Palace,8,4,0,2026-05-03T13:00:00Z,45,1,0,0,0,2,0,2,0.0,3.8,0.0,0.3,0.0,0.01,0.01,1.49,1,50
2025-26,35,272,Jefferson Lerma Solís,MID,Crystal Palace,8,4,0,2026-05-03T13:00:00Z,90,0,0,0,0,3,0,3,0.0,13.4,4.0,1.4,0.0,0.11,0.11,2.08,1,49
2025-26,35,273,Adam Wharton,MID,Crystal Palace,8,4,0,2026-05-03T13:00:00Z,45,1,0,0,0,1,0,8,8.0,23.1,0.0,3.1,0.0,0.29,0.29,0.59,0,50
2025-26,35,274,Asher Agbinone,MID,Crystal Palace,8,4,0,2026-05-03T13:00:00Z,0,0,0,0,0,0,0,0,0.0,0.0,0.0,0.0,0.0,0.0,0.0,0.0,0,43
2025-26,35,275,Naouirou Ahamada,MID,Crystal Palace,8,4,0,2026-05-03T13:00:00Z,0,0,0,0,0,0,0,0,0.0,0.0,0.0,0.0,0.0,0.0,0.0,0.0,0,43
2025-26,35,276,Justin Devenny,MID,Crystal Palace,8,4,0,2026-05-03T13:00:00Z,90,4,0,0,0,3,0,17,20.8,4.6,4.0,2.9,0.0,0.0,0.0,2.08,1,43
2025-26,35,277,Malcolm Ebiowei,MID,Crystal Palace,8,4,0,2026-05-03T13:00:00Z,0,0,0,0,0,0,0,0,0.0,0.0,0.0,0.0,0.0,0.0,0.0,0.0,0,45
2025-26,35,278,Jesurun Rak-Sakyi,MID,Crystal Palace,8,4,0,2026-05-03T13:00:00Z,0,0,0,0,0,0,0,0,0.0,0.0,0.0,0.0,0.0,0.0,0.0,0.0,0,44
2025-26,35,279,Matheus França de Oliveira,MID,Crystal Palace,8,4,0,2026-05-03T13:00:00Z,0,0,0,0,0,0,0,0,0.0,0.0,0.0,0.0,0.0,0.0,0.0,0.0,0,45
2025-26,35,280,David Ozoh,MID,Crystal Palace,8,4,0,2026-05-03T13:00:00Z,0,0,0,0,0,0,0,0,0.0,0.0,0.0,0.0,0.0,0.0,0.0,0.0,0,45
2025-26,35,281,Kaden Rodney,MID,Crystal Palace,8,4,0,2026-05-03T13:00:00Z,0,0,0,0,0,0,0,0,0.0,0.0,0.0,0.0,0.0,0.0,0.0,0.0,0,44
2025-26,35,282,Franco Umeh-Chibueze,MID,Crystal Palace,8,4,0,2026-05-03T13:00:00Z,0,0,0,0,0,0,0,0,0.0,0.0,0.0,0.0,0.0,0.0,0.0,0.0,0,45
2025-26,35,283,Jean-Philippe Mateta,FWD,Crystal Palace,8,4,0,2026-05-03T13:00:00Z,25,1,0,0,0,1,0,2,8.0,10.5,4.0,2.3,0.08,0.0,0.08,0.42,0,76
2025-26,35,284,Eddie Nketiah,FWD,Crystal Palace,8,4,0,2026-05-03T13:00:00Z,0,0,0,0,0,0,0,0,0.0,0.0,0.0,0.0,0.0,0.0,0.0,0.0,0,54
2025-26,35,285,Odsonne Édouard,FWD,Crystal Palace,8,4,0,2026-05-03T13:00:00Z,0,0,0,0,0,0,0,0,0.0,0.0,0.0,0.0,0.0,0.0,0.0,0.0,0,50
2025-26,35,286,Zach Marsh,FWD,Crystal Palace,8,4,0,2026-05-03T13:00:00Z,0,0,0,0,0,0,0,0,0.0,0.0,0.0,0.0,0.0,0.0,0.0,0.0,0,44
2025-26,35,287,Jordan Pickford,GK,Everton,9,13,1,2026-05-04T19:00:00Z,90,1,0,0,0,3,0,5,15.2,10.0,0.0,2.5,0.0,0.0,0.0,1.45,1,56
2025-26,35,288,Mark Travers,GK,Everton,9,13,1,2026-05-04T19:00:00Z,0,0,0,0,0,0,0,0,0.0,0.0,0.0,0.0,0.0,0.0,0.0,0.0,0,42
2025-26,35,289,Harry Tyrer,GK,Everton,9,13,1,2026-05-04T19:00:00Z,0,0,0,0,0,0,0,0,0.0,0.0,0.0,0.0,0.0,0.0,0.0,0.0,0,39
2025-26,35,290,Jarrad Branthwaite,DEF,Everton,9,13,1,2026-05-04T19:00:00Z,0,0,0,0,0,0,0,0,0.0,0.0,0.0,0.0,0.0,0.0,0.0,0.0,0,53
2025-26,35,291,James Tarkowski,DEF,Everton,9,13,1,2026-05-04T19:00:00Z,90,0,0,0,0,3,0,-4,18.8,0.3,4.0,2.3,0.0,0.0,0.0,1.45,1,57
2025-26,35,292,Vitalii Mykolenko,DEF,Everton,9,13,1,2026-05-04T19:00:00Z,90,1,0,0,0,3,0,-3,13.6,0.9,2.0,1.7,0.0,0.01,0.01,1.45,1,49
2025-26,35,293,Jake O'Brien,DEF,Everton,9,13,1,2026-05-04T19:00:00Z,90,6,1,0,0,3,0,3,39.2,0.3,33.0,7.3,0.17,0.0,0.17,1.45,1,49
2025-26,35,294,Séamus Coleman,DEF,Everton,9,13,1,2026-05-04T19:00:00Z,0,0,0,0,0,0,0,0,0.0,0.0,0.0,0.0,0.0,0.0,0.0,0.0,0,42
2025-26,35,295,Michael Keane,DEF,Everton,9,13,1,2026-05-04T19:00:00Z,90,2,0,0,0,3,0,-2,25.8,0.7,7.0,3.4,0.04,0.02,0.06,1.45,1,45
2025-26,35,296,Nathan Patterson,DEF,Everton,9,13,1,2026-05-04T19:00:00Z,1,1,0,0,0,1,0,-1,2.0,0.0,0.0,0.2,0.0,0.0,0.0,0.12,0,44
2025-26,35,297,Roman Dixon,DEF,Everton,9,13,1,2026-05-04T19:00:00Z,0,0,0,0,0,0,0,0,0.0,0.0,0.0,0.0,0.0,0.0,0.0,0.0,0,38
2025-26,35,298,Reece Welch,DEF,Everton,9,13,1,2026-05-04T19:00:00Z,0,0,0,0,0,0,0,0,0.0,0.0,0.0,0.0,0.0,0.0,0.0,0.0,0,38
2025-26,35,299,Iliman Ndiaye,MID,Everton,9,13,1,2026-05-04T19:00:00Z,90,2,0,0,0,3,0,6,14.6,11.8,46.0,7.2,0.89,0.01,0.9,1.45,1,62
2025-26,35,300,Dwight McNeil,MID,Everton,9,13,1,2026-05-04T19:00:00Z,0,0,0,0,0,0,0,0,0.0,0.0,0.0,0.0,0.0,0.0,0.0,0.0,0,55
2025-26,35,301,Carlos Alcaraz Durán,MID,Everton,9,13,1,2026-05-04T19:00:00Z,1,1,0,0,0,1,0,1,1.2,0.3,0.0,0.2,0.0,0.0,0.0,0.12,0,52
2025-26,35,302,Idrissa Gana Gueye,MID,Everton,9,13,1,2026-05-04T19:00:00Z,0,0,0,0,0,0,0,0,0.0,0.0,0.0,0.0,0.0,0.0,0.0,0.0,0,54
2025-26,35,303,James Garner,MID,Everton,9,13,1,2026-05-04T19:00:00Z,90,5,0,1,0,3,0,26,29.0,33.0,0.0,6.2,0.0,0.2,0.2,1.45,1,53
2025-26,35,304,Tim Iroegbunam,MID,Everton,9,13,1,2026-05-04T19:00:00Z,90,2,0,0,0,2,0,7,21.2,1.2,0.0,2.2,0.0,0.01,0.01,1.34,1,48
2025-26,35,305,Harrison Armstrong,MID,Everton,9,13,1,2026-05-04T19:00:00Z,1,1,0,0,0,1,0,3,0.0,0.0,0.0,0.0,0.0,0.0,0.0,0.12,0,45
2025-26,35,306,Callum Bates,MID,Everton,9,13,1,2026-05-04T19:00:00Z,0,0,0,0,0,0,0,0,0.0,0.0,0.0,0.0,0.0,0.0,0.0,0.0,0,43
2025-26,35,307,Coby Ebere,MID,Everton,9,13,1,2026-05-04T19:00:00Z,0,0,0,0,0,0,0,0,0.0,0.0,0.0,0.0,0.0,0.0,0.0,0.0,0,44
2025-26,35,308,Isaac Heath,MID,Everton,9,13,1,2026-05-04T19:00:00Z,0,0,0,0,0,0,0,0,0.0,0.0,0.0,0.0,0.0,0.0,0.0,0.0,0,45
2025-26,35,309,Jenson Metcalfe,MID,Everton,9,13,1,2026-05-04T19:00:00Z,0,0,0,0,0,0,0,0,0.0,0.0,0.0,0.0,0.0,0.0,0.0,0.0,0,45
2025-26,35,310,Thierno Barry,FWD,Everton,9,13,1,2026-05-04T19:00:00Z,26,11,2,0,0,2,2,55,70.0,0.0,34.0,10.4,1.33,0.0,1.33,0.62,0,57
2025-26,35,311,Norberto Bercique Gomes Betuncal,FWD,Everton,9,13,1,2026-05-04T19:00:00Z,63,1,0,0,0,1,0,3,10.2,20.1,13.0,4.3,0.2,0.0,0.2,0.83,1,50
2025-26,35,312,Youssef Ramalho Chermiti,FWD,Everton,9,13,1,2026-05-04T19:00:00Z,0,0,0,0,0,0,0,0,0.0,0.0,0.0,0.0,0.0,0.0,0.0,0.0,0,49
2025-26,35,313,Martin Sherif,FWD,Everton,9,13,1,2026-05-04T19:00:00Z,0,0,0,0,0,0,0,0,0.0,0.0,0.0,0.0,0.0,0.0,0.0,0.0,0,44
2025-26,35,314,Bernd Leno,GK,Fulham,10,1,0,2026-05-02T16:30:00Z,90,3,0,0,0,3,0,12,44.6,0.0,0.0,4.5,0.0,0.0,0.0,3.23,1,49
2025-26,35,315,Steven Benda,GK,Fulham,10,1,0,2026-05-02T16:30:00Z,0,0,0,0,0,0,0,0,0.0,0.0,0.0,0.0,0.0,0.0,0.0,0.0,0,40
2025-26,35,316,Antonee Robinson,DEF,Fulham,10,1,0,2026-05-02T16:30:00Z,90,1,0,0,0,3,0,7,11.4,2.4,2.0,1.6,0.02,0.01,0.03,3.23,1,49
2025-26,35,317,Joachim Andersen,DEF,Fulham,10,1,0,2026-05-02T16:30:00Z,90,3,0,0,0,3,0,6,24.4,1.3,0.0,2.6,0.0,0.01,0.01,3.23,1,45
2025-26,35,318,Calvin Bassey,DEF,Fulham,10,1,0,2026-05-02T16:30:00Z,90,1,0,0,0,3,0,9,26.8,12.0,2.0,4.1,0.0,0.03,0.03,3.23,1,44
2025-26,35,319,Timothy Castagne,DEF,Fulham,10,1,0,2026-05-02T16:30:00Z,90,1,0,0,0,3,0,5,13.0,1.4,25.0,3.9,0.15,0.01,0.16,3.23,1,43
2025-26,35,320,Issa Diop,DEF,Fulham,10,1,0,2026-05-02T16:30:00Z,0,0,0,0,0,0,0,0,0.0,0.0,0.0,0.0,0.0,0.0,0.0,0.0,0,43
2025-26,35,321,Jorge Cuenca Barreno,DEF,Fulham,10,1,0,2026-05-02T16:30:00Z,0,0,0,0,0,0,0,0,0.0,0.0,0.0,0.0,0.0,0.0,0.0,0.0,0,43
2025-26,35,322,Kenny Tete,DEF,Fulham,10,1,0,2026-05-02T16:30:00Z,0,0,0,0,0,0,0,0,0.0,0.0,0.0,0.0,0.0,0.0,0.0,0.0,0,45
2025-26,35,323,Samuel Amissah,DEF,Fulham,10,1,0,2026-05-02T16:30:00Z,0,0,0,0,0,0,0,0,0.0,0.0,0.0,0.0,0.0,0.0,0.0,0.0,0,38
2025-26,35,324,Alex Iwobi,MID,Fulham,10,1,0,2026-05-02T16:30:00Z,0,0,0,0,0,0,0,0,0.0,0.0,0.0,0.0,0.0,0.0,0.0,0.0,0,62
2025-26,35,325,Emile Smith Rowe,MID,Fulham,10,1,0,2026-05-02T16:30:00Z,77,2,0,0,0,3,0,13,2.6,6.8,9.0,1.8,0.06,0.02,0.08,2.92,1,56
2025-26,35,326,Adama Traoré Diarra,MID,West Ham,19,5,0,2026-05-02T14:00:00Z,16,1,0,0,0,1,0,3,4.2,5.3,2.0,1.2,0.0,0.01,0.01,0.14,0,51
2025-26,35,327,Andreas Hoelgebaum Pereira,MID,Fulham,10,1,0,2026-05-02T16:30:00Z,0,0,0,0,0,0,0,0,0.0,0.0,0.0,0.0,0.0,0.0,0.0,0.0,0,53
2025-26,35,328,Ryan Sessegnon,MID,Fulham,10,1,0,2026-05-02T16:30:00Z,0,0,0,0,0,0,0,0,0.0,0.0,0.0,0.0,0.0,0.0,0.0,0.0,0,54
2025-26,35,329,Harry Wilson,MID,Fulham,10,1,0,2026-05-02T16:30:00Z,63,2,0,0,0,3,0,9,5.0,25.6,0.0,3.1,0.0,0.15,0.15,2.92,1,60
2025-26,35,330,Sander Berge,MID,Fulham,10,1,0,2026-05-02T16:30:00Z,0,0,0,0,0,0,0,0,0.0,0.0,0.0,0.0,0.0,0.0,0.0,0.0,0,49
2025-26,35,331,Tom Cairney,MID,Fulham,10,1,0,2026-05-02T16:30:00Z,26,1,0,0,0,0,0,1,3.8,1.7,2.0,0.8,0.03,0.0,0.03,0.31,0,48
2025-26,35,332,Saša Lukić,MID,Fulham,10,1,0,2026-05-02T16:30:00Z,90,1,0,0,0,3,0,7,8.2,2.8,0.0,1.1,0.0,0.01,0.01,3.23,1,49
2025-26,35,333,Martial Godo,MID,Fulham,10,1,0,2026-05-02T16:30:00Z,0,0,0,0,0,0,0,0,0.0,0.0,0.0,0.0,0.0,0.0,0.0,0.0,0,45
2025-26,35,334,Luke Harris,MID,Fulham,10,1,0,2026-05-02T16:30:00Z,0,0,0,0,0,0,0,0,0.0,0.0,0.0,0.0,0.0,0.0,0.0,0.0,0,45
2025-26,35,335,Josh King,MID,Fulham,10,1,0,2026-05-02T16:30:00Z,26,1,0,0,0,0,0,4,0.4,1.0,4.0,0.5,0.0,0.03,0.03,0.31,0,44
2025-26,35,336,Harrison Reed,MID,Fulham,10,1,0,2026-05-02T16:30:00Z,63,2,0,0,0,3,0,7,3.4,25.4,0.0,2.9,0.0,0.09,0.09,2.92,1,43
2025-26,35,337,Raúl Jiménez Rodríguez,FWD,Fulham,10,1,0,2026-05-02T16:30:00Z,72,2,0,0,0,3,0,6,4.2,1.8,11.0,1.7,0.1,0.0,0.1,2.92,1,60
2025-26,35,338,Rodrigo Muniz Carvalho,FWD,Fulham,10,1,0,2026-05-02T16:30:00Z,17,1,0,0,0,0,0,6,2.0,1.1,2.0,0.5,0.0,0.0,0.0,0.31,0,53
2025-26,35,339,Illan Meslier,GK,Leeds,11,3,1,2026-05-01T19:00:00Z,0,0,0,0,0,0,0,0,0.0,0.0,0.0,0.0,0.0,0.0,0.0,0.0,0,41
2025-26,35,340,Alex Cairns,GK,Leeds,11,3,1,2026-05-01T19:00:00Z,0,0,0,0,0,0,0,0,0.0,0.0,0.0,0.0,0.0,0.0,0.0,0.0,0,39
2025-26,35,341,Karl Darlow,GK,Leeds,11,3,1,2026-05-01T19:00:00Z,90,2,0,0,0,1,0,10,16.8,0.0,0.0,1.7,0.0,0.01,0.01,0.57,1,39
2025-26,35,342,Jayden Bogle,DEF,Leeds,11,3,1,2026-05-01T19:00:00Z,90,5,0,1,0,1,0,20,30.6,30.0,4.0,6.5,0.0,0.31,0.31,0.35,1,44
2025-26,35,343,Pascal Struijk,DEF,Leeds,11,3,1,2026-05-01T19:00:00Z,90,1,0,0,0,1,0,2,0.0,2.6,6.0,0.8,0.05,0.02,0.07,0.57,1,43
2025-26,35,344,Jaka Bijol,DEF,Leeds,11,3,1,2026-05-01T19:00:00Z,90,5,0,1,0,1,0,20,36.8,10.8,4.0,5.2,0.0,0.01,0.01,0.57,1,39
2025-26,35,345,Sebastiaan Bornauw,DEF,Leeds,11,3,1,2026-05-01T19:00:00Z,0,0,0,0,0,0,0,0,0.0,0.0,0.0,0.0,0.0,0.0,0.0,0.0,0,38
2025-26,35,346,Sam Byram,DEF,Leeds,11,3,1,2026-05-01T19:00:00Z,0,0,0,0,0,0,0,0,0.0,0.0,0.0,0.0,0.0,0.0,0.0,0.0,0,37
2025-26,35,347,Gabriel Gudmundsson,DEF,Leeds,11,3,1,2026-05-01T19:00:00Z,0,0,0,0,0,0,0,0,0.0,0.0,0.0,0.0,0.0,0.0,0.0,0.0,0,38
2025-26,35,348,Joe Rodon,DEF,Leeds,11,3,1,2026-05-01T19:00:00Z,90,1,0,0,0,1,0,7,11.2,12.6,19.0,4.3,0.12,0.01,0.13,0.57,1,39
2025-26,35,349,Isaac Schmidt,DEF,Leeds,11,3,1,2026-05-01T19:00:00Z,0,0,0,0,0,0,0,0,0.0,0.0,0.0,0.0,0.0,0.0,0.0,0.0,0,40
2025-26,35,350,Brenden Aaronson,MID,Leeds,11,3,1,2026-05-01T19:00:00Z,18,1,0,0,0,0,0,8,4.4,0.9,0.0,0.5,0.0,0.0,0.0,0.22,0,54
2025-26,35,351,Wilfried Gnonto,MID,Leeds,11,3,1,2026-05-01T19:00:00Z,1,1,0,0,0,0,0,3,0.0,0.0,0.0,0.0,0.0,0.0,0.0,0.22,0,51
2025-26,35,352,Jack Harrison,MID,Leeds,11,3,1,2026-05-01T19:00:00Z,0,0,0,0,0,0,0,0,0.0,0.0,0.0,0.0,0.0,0.0,0.0,0.0,0,51
2025-26,35,353,Daniel James,MID,Leeds,11,3,1,2026-05-01T19:00:00Z,1,1,0,0,0,0,0,5,3.0,0.0,17.0,2.0,0.05,0.0,0.05,0.22,0,52
2025-26,35,354,Ethan Ampadu,MID,Leeds,11,3,1,2026-05-01T19:00:00Z,90,1,0,0,0,1,0,6,5.6,14.2,9.0,2.9,0.09,0.02,0.11,0.57,1,49
2025-26,35,355,Sam Greenwood,MID,Leeds,11,3,1,2026-05-01T19:00:00Z,0,0,0,0,0,0,0,0,0.0,0.0,0.0,0.0,0.0,0.0,0.0,0.0,0,49
2025-26,35,356,Ilia Gruev,MID,Leeds,11,3,1,2026-05-01T19:00:00Z,0,0,0,0,0,0,0,0,0.0,0.0,0.0,0.0,0.0,0.0,0.0,0.0,0,47
2025-26,35,357,Largie Ramazani,MID,Leeds,11,3,1,2026-05-01T19:00:00Z,0,0,0,0,0,0,0,0,0.0,0.0,0.0,0.0,0.0,0.0,0.0,0.0,0,49
2025-26,35,358,Tanaka Ao,MID,Leeds,11,3,1,2026-05-01T19:00:00Z,71,6,0,1,0,1,1,27,8.6,16.3,8.0,3.3,0.11,0.03,0.14,0.35,1,48
2025-26,35,359,Charlie Crew,MID,Leeds,11,3,1,2026-05-01T19:00:00Z,0,0,0,0,0,0,0,0,0.0,0.0,0.0,0.0,0.0,0.0,0.0,0.0,0,45
2025-26,35,360,Joe Gelhardt,MID,Leeds,11,3,1,2026-05-01T19:00:00Z,0,0,0,0,0,0,0,0,0.0,0.0,0.0,0.0,0.0,0.0,0.0,0.0,0,45
2025-26,35,361,Darko Gyabi,MID,Leeds,11,3,1,2026-05-01T19:00:00Z,0,0,0,0,0,0,0,0,0.0,0.0,0.0,0.0,0.0,0.0,0.0,0.0,0,45
2025-26,35,362,Joël Piroe,FWD,Leeds,11,3,1,2026-05-01T19:00:00Z,0,0,0,0,0,0,0,0,0.0,0.0,0.0,0.0,0.0,0.0,0.0,0.0,0,49
2025-26,35,363,Patrick Bamford,FWD,Leeds,11,3,1,2026-05-01T19:00:00Z,0,0,0,0,0,0,0,0,0.0,0.0,0.0,0.0,0.0,0.0,0.0,0.0,0,49
2025-26,35,364,Mateo Joseph Fernández-Regatillo,FWD,Leeds,11,3,1,2026-05-01T19:00:00Z,0,0,0,0,0,0,0,0,0.0,0.0,0.0,0.0,0.0,0.0,0.0,0.0,0,50
2025-26,35,365,Lukas Nmecha,FWD,Leeds,11,3,1,2026-05-01T19:00:00Z,25,1,0,0,0,1,0,4,3.0,0.0,17.0,2.0,0.14,0.0,0.14,0.48,0,50
2025-26,35,366,Alisson Becker,GK,Liverpool,12,14,0,2026-05-03T14:30:00Z,0,0,0,0,0,0,0,0,0.0,0.0,0.0,0.0,0.0,0.0,0.0,0.0,0,54
2025-26,35,367,Giorgi Mamardashvili,GK,Liverpool,12,14,0,2026-05-03T14:30:00Z,0,0,0,0,0,0,0,0,0.0,0.0,0.0,0.0,0.0,0.0,0.0,0.0,0,41
2025-26,35,368,Ármin Pécsi,GK,Liverpool,12,14,0,2026-05-03T14:30:00Z,0,0,0,0,0,0,0,0,0.0,0.0,0.0,0.0,0.0,0.0,0.0,0.0,0,38
2025-26,35,369,Freddie Woodman,GK,Liverpool,12,14,0,2026-05-03T14:30:00Z,90,2,0,0,0,3,0,7,29.8,0.0,0.0,3.0,0.0,0.0,0.0,2.34,1,39
2025-26,35,370,Jeremie Frimpong,DEF,Liverpool,12,14,0,2026-05-03T14:30:00Z,74,1,0,0,0,2,0,-5,0.0,7.7,12.0,1.9,0.0,0.02,0.02,2.18,1,57
2025-26,35,371,Milos Kerkez,DEF,Liverpool,12,14,0,2026-05-03T14:30:00Z,31,1,0,0,0,1,0,0,5.8,15.8,2.0,2.4,0.0,0.02,0.02,0.34,0,56
2025-26,35,372,Andrew Robertson,DEF,Liverpool,12,14,0,2026-05-03T14:30:00Z,58,0,0,0,0,2,0,-4,4.4,1.8,0.0,0.6,0.0,0.01,0.01,2.0,1,57
2025-26,35,373,Virgil van Dijk,DEF,Liverpool,12,14,0,2026-05-03T14:30:00Z,90,1,0,0,0,3,0,5,26.2,3.1,17.0,4.6,0.02,0.02,0.04,2.34,1,62
2025-26,35,374,Ibrahima Konaté,DEF,Liverpool,12,14,0,2026-05-03T14:30:00Z,86,1,0,0,0,3,0,3,21.6,2.2,0.0,2.4,0.0,0.01,0.01,2.24,1,55
2025-26,35,375,Conor Bradley,DEF,Liverpool,12,14,0,2026-05-03T14:30:00Z,0,0,0,0,0,0,0,0,0.0,0.0,0.0,0.0,0.0,0.0,0.0,0.0,0,49
2025-26,35,376,Joe Gomez,DEF,Liverpool,12,14,0,2026-05-03T14:30:00Z,0,0,0,0,0,0,0,0,0.0,0.0,0.0,0.0,0.0,0.0,0.0,0.0,0,49
2025-26,35,377,Konstantinos Tsimikas,DEF,Liverpool,12,14,0,2026-05-03T14:30:00Z,0,0,0,0,0,0,0,0,0.0,0.0,0.0,0.0,0.0,0.0,0.0,0.0,0,48
2025-26,35,378,Amara Nallo,DEF,Liverpool,12,14,0,2026-05-03T14:30:00Z,0,0,0,0,0,0,0,0,0.0,0.0,0.0,0.0,0.0,0.0,0.0,0.0,0,37
2025-26,35,379,Rhys Williams,DEF,Liverpool,12,14,0,2026-05-03T14:30:00Z,0,0,0,0,0,0,0,0,0.0,0.0,0.0,0.0,0.0,0.0,0.0,0.0,0,37
2025-26,35,380,Calvin Ramsay,DEF,Liverpool,12,14,0,2026-05-03T14:30:00Z,0,0,0,0,0,0,0,0,0.0,0.0,0.0,0.0,0.0,0.0,0.0,0.0,0,37
2025-26,35,381,Mohamed Salah,MID,Liverpool,12,14,0,2026-05-03T14:30:00Z,0,0,0,0,0,0,0,0,0.0,0.0,0.0,0.0,0.0,0.0,0.0,0.0,0,140
2025-26,35,382,Florian Wirtz,MID,Liverpool,12,14,0,2026-05-03T14:30:00Z,90,2,0,0,0,3,0,11,6.4,39.3,7.0,5.3,0.06,0.07,0.13,2.34,1,83
2025-26,35,383,Luis Díaz Marulanda,MID,Liverpool,12,14,0,2026-05-03T14:30:00Z,0,0,0,0,0,0,0,0,0.0,0.0,0.0,0.0,0.0,0.0,0.0,0.0,0,80
2025-26,35,384,Cody Gakpo,MID,Liverpool,12,14,0,2026-05-03T14:30:00Z,90,6,1,0,0,3,0,20,43.4,12.2,39.0,9.5,0.53,0.02,0.55,2.34,1,73
2025-26,35,385,Federico Chiesa,MID,Liverpool,12,14,0,2026-05-03T14:30:00Z,3,1,0,0,0,0,0,3,0.2,0.3,2.0,0.3,0.0,0.0,0.0,0.1,0,63
2025-26,35,386,Alexis Mac Allister,MID,Liverpool,12,14,0,2026-05-03T14:30:00Z,90,2,0,0,0,3,0,17,13.4,16.0,0.0,2.9,0.0,0.15,0.15,2.34,1,62
2025-26,35,387,Dominik Szoboszlai,MID,Liverpool,12,14,0,2026-05-03T14:30:00Z,90,13,1,1,0,3,3,47,63.8,59.5,25.0,14.8,0.16,0.24,0.4,2.34,1,71
2025-26,35,388,Curtis Jones,MID,Liverpool,12,14,0,2026-05-03T14:30:00Z,90,1,0,0,0,3,0,14,12.8,12.5,0.0,2.5,0.0,0.03,0.03,2.34,1,54
2025-26,35,389,Harvey Elliott,MID,Aston Villa,2,18,1,2026-05-03T18:00:00Z,0,0,0,0,0,0,0,0,0.0,0.0,0.0,0.0,0.0,0.0,0.0,0.0,0,51
2025-26,35,390,Ryan Gravenberch,MID,Liverpool,12,14,0,2026-05-03T14:30:00Z,90,2,0,0,0,3,0,17,19.2,9.0,9.0,3.7,0.06,0.03,0.09,2.34,1,54
2025-26,35,391,Ben Gannon-Doak,MID,Bournemouth,4,8,1,2026-05-03T13:00:00Z,4,1,0,0,0,0,0,3,0.0,1.5,0.0,0.2,0.0,0.0,0.0,0.54,0,48
2025-26,35,392,Endo Wataru,MID,Liverpool,12,14,0,2026-05-03T14:30:00Z,0,0,0,0,0,0,0,0,0.0,0.0,0.0,0.0,0.0,0.0,0.0,0.0,0,49
2025-26,35,393,Stefan Bajčetić Maquieira,MID,Liverpool,12,14,0,2026-05-03T14:30:00Z,0,0,0,0,0,0,0,0,0.0,0.0,0.0,0.0,0.0,0.0,0.0,0.0,0,42
2025-26,35,394,James McConnell,MID,Liverpool,12,14,0,2026-05-03T14:30:00Z,0,0,0,0,0,0,0,0,0.0,0.0,0.0,0.0,0.0,0.0,0.0,0.0,0,44
2025-26,35,395,Tyler Morton,MID,Liverpool,12,14,0,2026-05-03T14:30:00Z,0,0,0,0,0,0,0,0,0.0,0.0,0.0,0.0,0.0,0.0,0.0,0.0,0,45
2025-26,35,396,Trey Nyoni,MID,Liverpool,12,14,0,2026-05-03T14:30:00Z,0,0,0,0,0,0,0,0,0.0,0.0,0.0,0.0,0.0,0.0,0.0,0.0,0,43
2025-26,35,397,Darwin Núñez Ribeiro,FWD,Liverpool,12,14,0,2026-05-03T14:30:00Z,0,0,0,0,0,0,0,0,0.0,0.0,0.0,0.0,0.0,0.0,0.0,0.0,0,65
2025-26,35,398,Jayden Danns,FWD,Liverpool,12,14,0,2026-05-03T14:30:00Z,0,0,0,0,0,0,0,0,0.0,0.0,0.0,0.0,0.0,0.0,0.0,0.0,0,43
2025-26,35,399,Ederson Santana de Moraes,GK,Man City,13,9,0,2026-05-04T19:00:00Z,0,0,0,0,0,0,0,0,0.0,0.0,0.0,0.0,0.0,0.0,0.0,0.0,0,53
2025-26,35,400,Stefan Ortega Moreno,GK,Nott'm Forest,16,7,0,2026-05-04T14:00:00Z,0,0,0,0,0,0,0,0,0.0,0.0,0.0,0.0,0.0,0.0,0.0,0.0,0,47
2025-26,35,401,Marcus Bettinelli,GK,Man City,13,9,0,2026-05-04T19:00:00Z,0,0,0,0,0,0,0,0,0.0,0.0,0.0,0.0,0.0,0.0,0.0,0.0,0,38
2025-26,35,402,Rayan Aït-Nouri,DEF,Man City,13,9,0,2026-05-04T19:00:00Z,0,0,0,0,0,0,0,0,0.0,0.0,0.0,0.0,0.0,0.0,0.0,0.0,0,57
2025-26,35,403,Joško Gvardiol,DEF,Man City,13,9,0,2026-05-04T19:00:00Z,0,0,0,0,0,0,0,0,0.0,0.0,0.0,0.0,0.0,0.0,0.0,0.0,0,58
2025-26,35,404,Manuel Akanji,DEF,Man City,13,9,0,2026-05-04T19:00:00Z,0,0,0,0,0,0,0,0,0.0,0.0,0.0,0.0,0.0,0.0,0.0,0.0,0,54
2025-26,35,405,Nathan Aké,DEF,Man City,13,9,0,2026-05-04T19:00:00Z,0,0,0,0,0,0,0,0,0.0,0.0,0.0,0.0,0.0,0.0,0.0,0.0,0,52
2025-26,35,406,Abdukodir Khusanov,DEF,Man City,13,9,0,2026-05-04T19:00:00Z,90,3,0,0,0,3,0,10,32.2,2.2,1.0,3.5,0.01,0.02,0.03,2.77,1,54
2025-26,35,407,Matheus Nunes,DEF,Man City,13,9,0,2026-05-04T19:00:00Z,90,1,0,0,0,3,0,5,17.8,6.7,8.0,3.3,0.0,0.04,0.04,2.77,1,53
2025-26,35,408,Rúben dos Santos Gato Alves Dias,DEF,Man City,13,9,0,2026-05-04T19:00:00Z,0,0,0,0,0,0,0,0,0.0,0.0,0.0,0.0,0.0,0.0,0.0,0.0,0,55
2025-26,35,409,John Stones,DEF,Man City,13,9,0,2026-05-04T19:00:00Z,0,0,0,0,0,0,0,0,0.0,0.0,0.0,0.0,0.0,0.0,0.0,0.0,0,54
2025-26,35,410,Rico Lewis,DEF,Man City,13,9,0,2026-05-04T19:00:00Z,0,0,0,0,0,0,0,0,0.0,0.0,0.0,0.0,0.0,0.0,0.0,0.0,0,46
2025-26,35,411,Nico O'Reilly,DEF,Man City,13,9,0,2026-05-04T19:00:00Z,90,1,0,0,0,3,0,0,10.2,14.9,29.0,5.4,0.24,0.2,0.44,2.77,1,52
2025-26,35,412,Vitor de Oliveira Nunes dos Reis,DEF,Man City,13,9,0,2026-05-04T19:00:00Z,0,0,0,0,0,0,0,0,0.0,0.0,0.0,0.0,0.0,0.0,0.0,0.0,0,50
2025-26,35,413,Omar Marmoush,MID,Man City,13,9,0,2026-05-04T19:00:00Z,3,1,0,0,0,0,0,2,0.4,0.1,7.0,0.8,0.03,0.0,0.03,0.0,0,83
2025-26,35,414,Phil Foden,MID,Man City,13,9,0,2026-05-04T19:00:00Z,16,1,0,0,0,1,0,2,0.0,6.3,3.0,0.8,0.01,0.01,0.02,1.16,0,80
2025-26,35,415,Sávio Moreira de Oliveira,MID,Man City,13,9,0,2026-05-04T19:00:00Z,0,0,0,0,0,0,0,0,0.0,0.0,0.0,0.0,0.0,0.0,0.0,0.0,0,69
2025-26,35,416,Bernardo Mota Veiga de Carvalho e Silva,MID,Man City,13,9,0,2026-05-04T19:00:00Z,86,2,0,0,0,3,0,17,13.0,36.5,4.0,5.4,0.03,0.19,0.22,2.77,1,62
2025-26,35,417,Rayan Cherki,MID,Man City,13,9,0,2026-05-04T19:00:00Z,90,5,0,1,0,3,0,21,24.6,40.2,29.0,9.4,0.26,0.23,0.49,2.77,1,65
2025-26,35,418,Jérémy Doku,MID,Man City,13,9,0,2026-05-04T19:00:00Z,90,15,2,0,0,3,3,68,87.4,52.5,46.0,18.6,0.11,0.27,0.38,2.77,1,64
2025-26,35,419,Jack Grealish,MID,Everton,9,13,1,2026-05-04T19:00:00Z,0,0,0,0,0,0,0,0,0.0,0.0,0.0,0.0,0.0,0.0,0.0,0.0,0,63
2025-26,35,420,İlkay Gündoğan,MID,Man City,13,9,0,2026-05-04T19:00:00Z,0,0,0,0,0,0,0,0,0.0,0.0,0.0,0.0,0.0,0.0,0.0,0.0,0,63
2025-26,35,421,Rodrigo 'Rodri' Hernandez Cascante,MID,Man City,13,9,0,2026-05-04T19:00:00Z,0,0,0,0,0,0,0,0,0.0,0.0,0.0,0.0,0.0,0.0,0.0,0.0,0,63
2025-26,35,422,Mateo Kovačić,MID,Man City,13,9,0,2026-05-04T19:00:00Z,15,4,0,1,0,1,0,16,23.6,35.1,1.0,6.0,0.06,0.3,0.36,1.16,0,58
2025-26,35,423,Nico González Iglesias,MID,Man City,13,9,0,2026-05-04T19:00:00Z,74,2,0,0,0,2,0,15,6.8,15.2,0.0,2.2,0.0,0.03,0.03,1.61,1,59
2025-26,35,424,Oscar Bobb,MID,Fulham,10,1,0,2026-05-02T16:30:00Z,26,1,0,0,0,0,0,5,4.2,0.4,0.0,0.5,0.0,0.0,0.0,0.31,0,51
2025-26,35,425,Claudio Echeverri,MID,Man City,13,9,0,2026-05-04T19:00:00Z,0,0,0,0,0,0,0,0,0.0,0.0,0.0,0.0,0.0,0.0,0.0,0.0,0,54
2025-26,35,426,James McAtee,MID,Nott'm Forest,16,7,0,2026-05-04T14:00:00Z,90,2,0,0,0,1,0,6,12.2,11.8,17.0,4.1,0.11,0.09,0.2,2.15,1,50
2025-26,35,427,Tijjani Reijnders,MID,Man City,13,9,0,2026-05-04T19:00:00Z,0,0,0,0,0,0,0,0,0.0,0.0,0.0,0.0,0.0,0.0,0.0,0.0,0,50
2025-26,35,428,Sverre Nypan,MID,Man City,13,9,0,2026-05-04T19:00:00Z,0,0,0,0,0,0,0,0,0.0,0.0,0.0,0.0,0.0,0.0,0.0,0.0,0,50
2025-26,35,429,Kalvin Phillips,MID,Man City,13,9,0,2026-05-04T19:00:00Z,0,0,0,0,0,0,0,0,0.0,0.0,0.0,0.0,0.0,0.0,0.0,0.0,0,47
2025-26,35,430,Erling Haaland,FWD,Man City,13,9,0,2026-05-04T19:00:00Z,90,7,1,0,0,3,1,32,33.4,1.3,29.0,6.4,0.53,0.01,0.54,2.77,1,146
2025-26,35,431,Altay Bayındır,GK,Man Utd,14,12,1,2026-05-03T14:30:00Z,0,0,0,0,0,0,0,0,0.0,0.0,0.0,0.0,0.0,0.0,0.0,0.0,0,47
2025-26,35,432,André Onana,GK,Man Utd,14,12,1,2026-05-03T14:30:00Z,0,0,0,0,0,0,0,0,0.0,0.0,0.0,0.0,0.0,0.0,0.0,0.0,0,49
2025-26,35,433,Elyh Harrison,GK,Man Utd,14,12,1,2026-05-03T14:30:00Z,0,0,0,0,0,0,0,0,0.0,0.0,0.0,0.0,0.0,0.0,0.0,0.0,0,40
2025-26,35,434,Tom Heaton,GK,Man Utd,14,12,1,2026-05-03T14:30:00Z,0,0,0,0,0,0,0,0,0.0,0.0,0.0,0.0,0.0,0.0,0.0,0.0,0,38
2025-26,35,435,Dermot Mee,GK,Man Utd,14,12,1,2026-05-03T14:30:00Z,0,0,0,0,0,0,0,0,0.0,0.0,0.0,0.0,0.0,0.0,0.0,0.0,0,39
2025-26,35,436,Matthijs de Ligt,DEF,Man Utd,14,12,1,2026-05-03T14:30:00Z,0,0,0,0,0,0,0,0,0.0,0.0,0.0,0.0,0.0,0.0,0.0,0.0,0,49
2025-26,35,437,Lisandro Martínez,DEF,Man Utd,14,12,1,2026-05-03T14:30:00Z,0,0,0,0,0,0,0,0,0.0,0.0,0.0,0.0,0.0,0.0,0.0,0.0,0,48
2025-26,35,438,Noussair Mazraoui,DEF,Man Utd,14,12,1,2026-05-03T14:30:00Z,0,0,0,0,0,0,0,0,0.0,0.0,0.0,0.0,0.0,0.0,0.0,0.0,0,49
2025-26,35,439,Diego León Blanco,DEF,Man Utd,14,12,1,2026-05-03T14:30:00Z,0,0,0,0,0,0,0,0,0.0,0.0,0.0,0.0,0.0,0.0,0.0,0.0,0,41
2025-26,35,440,Diogo Dalot Teixeira,DEF,Man Utd,14,12,1,2026-05-03T14:30:00Z,90,1,0,0,0,2,0,5,11.2,2.9,6.0,2.0,0.06,0.02,0.08,0.89,1,46
2025-26,35,441,Patrick Dorgu,DEF,Man Utd,14,12,1,2026-05-03T14:30:00Z,15,1,0,0,0,0,0,1,0.0,0.3,5.0,0.3,0.03,0.0,0.03,0.09,0,41
2025-26,35,442,Harry Maguire,DEF,Man Utd,14,12,1,2026-05-03T14:30:00Z,90,1,0,0,0,2,0,6,18.6,0.8,7.0,2.6,0.15,0.0,0.15,0.89,1,44
2025-26,35,443,Luke Shaw,DEF,Man Utd,14,12,1,2026-05-03T14:30:00Z,90,2,0,0,0,2,0,9,23.8,10.3,2.0,3.6,0.0,0.22,0.22,0.89,1,45
2025-26,35,444,Leny Yoro,DEF,Man Utd,14,12,1,2026-05-03T14:30:00Z,1,1,0,0,0,0,0,3,0.0,0.0,0.0,0.0,0.0,0.0,0.0,0.0,0,41
2025-26,35,445,Harry Amass,DEF,Man Utd,14,12,1,2026-05-03T14:30:00Z,0,0,0,0,0,0,0,0,0.0,0.0,0.0,0.0,0.0,0.0,0.0,0.0,0,40
2025-26,35,446,Tyler Fredricson,DEF,Man Utd,14,12,1,2026-05-03T14:30:00Z,0,0,0,0,0,0,0,0,0.0,0.0,0.0,0.0,0.0,0.0,0.0,0.0,0,37
2025-26,35,447,Ayden Heaven,DEF,Man Utd,14,12,1,2026-05-03T14:30:00Z,90,1,0,0,0,2,0,10,12.6,3.7,0.0,1.6,0.0,0.0,0.0,0.89,1,37
2025-26,35,448,Tyrell Malacia,DEF,Man Utd,14,12,1,2026-05-03T14:30:00Z,0,0,0,0,0,0,0,0,0.0,0.0,0.0,0.0,0.0,0.0,0.0,0.0,0,37
2025-26,35,449,Bruno Borges Fernandes,MID,Man Utd,14,12,1,2026-05-03T14:30:00Z,90,5,0,1,0,2,1,30,16.4,71.3,29.0,11.7,0.11,0.91,1.02,0.89,1,104
2025-26,35,450,Matheus Santos Carneiro da Cunha,MID,Man Utd,14,12,1,2026-05-03T14:30:00Z,86,7,1,0,0,2,0,28,37.0,5.3,30.0,7.2,0.09,0.02,0.11,0.89,1,81
2025-26,35,451,Marcus Rashford,MID,Man Utd,14,12,1,2026-05-03T14:30:00Z,0,0,0,0,0,0,0,0,0.0,0.0,0.0,0.0,0.0,0.0,0.0,0.0,0,70
2025-26,35,452,Amad Diallo,MID,Man Utd,14,12,1,2026-05-03T14:30:00Z,45,1,0,0,0,2,0,4,0.0,11.3,2.0,1.3,0.0,0.03,0.03,0.73,0,62
2025-26,35,453,Alejandro Garnacho Ferreyra,MID,Chelsea,7,16,1,2026-05-04T14:00:00Z,0,0,0,0,0,0,0,0,0.0,0.0,0.0,0.0,0.0,0.0,0.0,0.0,0,64
2025-26,35,454,Antony dos Santos,MID,Man Utd,14,12,1,2026-05-03T14:30:00Z,0,0,0,0,0,0,0,0,0.0,0.0,0.0,0.0,0.0,0.0,0.0,0.0,0,59
2025-26,35,455,Mason Mount,MID,Man Utd,14,12,1,2026-05-03T14:30:00Z,0,0,0,0,0,0,0,0,0.0,0.0,0.0,0.0,0.0,0.0,0.0,0.0,0,59
2025-26,35,456,Jadon Sancho,MID,Aston Villa,2,18,1,2026-05-03T18:00:00Z,84,2,0,0,0,2,0,8,4.2,2.0,0.0,0.6,0.0,0.01,0.01,0.99,1,58
2025-26,35,457,Carlos Henrique Casimiro,MID,Man Utd,14,12,1,2026-05-03T14:30:00Z,90,4,0,0,0,2,0,17,36.8,24.0,19.0,8.0,0.18,0.03,0.21,0.89,1,58
2025-26,35,458,Kobbie Mainoo,MID,Man Utd,14,12,1,2026-05-03T14:30:00Z,90,9,1,0,0,2,2,39,43.6,5.9,11.0,6.1,0.06,0.02,0.08,0.89,1,47
2025-26,35,459,Manuel Ugarte Ribeiro,MID,Man Utd,14,12,1,2026-05-03T14:30:00Z,0,0,0,0,0,0,0,0,0.0,0.0,0.0,0.0,0.0,0.0,0.0,0.0,0,47
2025-26,35,460,Toby Collyer,MID,Man Utd,14,12,1,2026-05-03T14:30:00Z,0,0,0,0,0,0,0,0,0.0,0.0,0.0,0.0,0.0,0.0,0.0,0.0,0,45
2025-26,35,461,Jayce Fitzgerald,MID,Man Utd,14,12,1,2026-05-03T14:30:00Z,0,0,0,0,0,0,0,0,0.0,0.0,0.0,0.0,0.0,0.0,0.0,0.0,0,43
2025-26,35,462,Jack Fletcher,MID,Man Utd,14,12,1,2026-05-03T14:30:00Z,0,0,0,0,0,0,0,0,0.0,0.0,0.0,0.0,0.0,0.0,0.0,0.0,0,43
2025-26,35,463,Sékou Koné,MID,Man Utd,14,12,1,2026-05-03T14:30:00Z,0,0,0,0,0,0,0,0,0.0,0.0,0.0,0.0,0.0,0.0,0.0,0.0,0,43
2025-26,35,464,Jack Moorhouse,MID,Man Utd,14,12,1,2026-05-03T14:30:00Z,0,0,0,0,0,0,0,0,0.0,0.0,0.0,0.0,0.0,0.0,0.0,0.0,0,45
2025-26,35,465,Rasmus Højlund,FWD,Man Utd,14,12,1,2026-05-03T14:30:00Z,0,0,0,0,0,0,0,0,0.0,0.0,0.0,0.0,0.0,0.0,0.0,0.0,0,63
2025-26,35,466,Joshua Zirkzee,FWD,Man Utd,14,12,1,2026-05-03T14:30:00Z,3,1,0,0,0,0,0,3,0.6,0.1,0.0,0.1,0.0,0.0,0.0,0.0,0,58
2025-26,35,467,Chido Obi,FWD,Man Utd,14,12,1,2026-05-03T14:30:00Z,0,0,0,0,0,0,0,0,0.0,0.0,0.0,0.0,0.0,0.0,0.0,0.0,0,42
2025-26,35,468,Ethan Wheatley,FWD,Man Utd,14,12,1,2026-05-03T14:30:00Z,0,0,0,0,0,0,0,0,0.0,0.0,0.0,0.0,0.0,0.0,0.0,0.0,0,45
2025-26,35,469,Nick Pope,GK,Newcastle,15,6,1,2026-05-02T14:00:00Z,90,3,0,0,0,1,0,15,25.8,0.0,0.0,2.6,0.0,0.0,0.0,1.53,1,50
2025-26,35,470,Martin Dúbravka,GK,Burnley,3,11,0,2026-05-01T19:00:00Z,90,2,0,0,0,3,0,13,35.6,0.0,0.0,3.6,0.0,0.0,0.0,1.64,1,40
2025-26,35,471,Mark Gillespie,GK,Newcastle,15,6,1,2026-05-02T14:00:00Z,0,0,0,0,0,0,0,0,0.0,0.0,0.0,0.0,0.0,0.0,0.0,0.0,0,39
2025-26,35,472,Odysseas Vlachodimos,GK,Newcastle,15,6,1,2026-05-02T14:00:00Z,0,0,0,0,0,0,0,0,0.0,0.0,0.0,0.0,0.0,0.0,0.0,0.0,0,40
2025-26,35,473,Lewis Hall,DEF,Newcastle,15,6,1,2026-05-02T14:00:00Z,22,1,0,0,0,0,0,9,8.4,14.5,2.0,2.5,0.0,0.03,0.03,0.52,0,54
2025-26,35,474,Fabian Schär,DEF,Newcastle,15,6,1,2026-05-02T14:00:00Z,0,0,0,0,0,0,0,0,0.0,0.0,0.0,0.0,0.0,0.0,0.0,0.0,0,52
2025-26,35,475,Sven Botman,DEF,Newcastle,15,6,1,2026-05-02T14:00:00Z,90,4,0,0,0,1,0,19,33.2,10.4,11.0,5.5,0.09,0.37,0.46,1.53,1,49
2025-26,35,476,Dan Burn,DEF,Newcastle,15,6,1,2026-05-02T14:00:00Z,90,7,1,0,0,1,0,22,46.6,0.0,35.0,8.2,0.17,0.0,0.17,1.53,1,50
2025-26,35,477,Tino Livramento,DEF,Newcastle,15,6,1,2026-05-02T14:00:00Z,0,0,0,0,0,0,0,0,0.0,0.0,0.0,0.0,0.0,0.0,0.0,0.0,0,49
2025-26,35,478,Kieran Trippier,DEF,Newcastle,15,6,1,2026-05-02T14:00:00Z,0,0,0,0,0,0,0,0,0.0,0.0,0.0,0.0,0.0,0.0,0.0,0.0,0,49
2025-26,35,479,Emil Krafth,DEF,Newcastle,15,6,1,2026-05-02T14:00:00Z,0,0,0,0,0,0,0,0,0.0,0.0,0.0,0.0,0.0,0.0,0.0,0.0,0,43
2025-26,35,480,Jamaal Lascelles,DEF,Newcastle,15,6,1,2026-05-02T14:00:00Z,0,0,0,0,0,0,0,0,0.0,0.0,0.0,0.0,0.0,0.0,0.0,0.0,0,43
2025-26,35,481,Alex Murphy,DEF,Newcastle,15,6,1,2026-05-02T14:00:00Z,0,0,0,0,0,0,0,0,0.0,0.0,0.0,0.0,0.0,0.0,0.0,0.0,0,38
2025-26,35,482,Harrison Ashby,DEF,Newcastle,15,6,1,2026-05-02T14:00:00Z,0,0,0,0,0,0,0,0,0.0,0.0,0.0,0.0,0.0,0.0,0.0,0.0,0,39
2025-26,35,483,Miodrag Pivaš,DEF,Newcastle,15,6,1,2026-05-02T14:00:00Z,0,0,0,0,0,0,0,0,0.0,0.0,0.0,0.0,0.0,0.0,0.0,0.0,0,38
2025-26,35,484,Matt Targett,DEF,Newcastle,15,6,1,2026-05-02T14:00:00Z,0,0,0,0,0,0,0,0,0.0,0.0,0.0,0.0,0.0,0.0,0.0,0.0,0,40
2025-26,35,485,Anthony Gordon,MID,Newcastle,15,6,1,2026-05-02T14:00:00Z,0,0,0,0,0,0,0,0,0.0,0.0,0.0,0.0,0.0,0.0,0.0,0.0,0,74
2025-26,35,486,Anthony Elanga,MID,Newcastle,15,6,1,2026-05-02T14:00:00Z,0,0,0,0,0,0,0,0,0.0,0.0,0.0,0.0,0.0,0.0,0.0,0.0,0,65
2025-26,35,487,Harvey Barnes,MID,Newcastle,15,6,1,2026-05-02T14:00:00Z,22,6,1,0,0,0,0,23,33.0,1.0,19.0,5.3,0.26,0.01,0.27,0.52,0,61
2025-26,35,488,Bruno Guimarães Rodriguez Moura,MID,Newcastle,15,6,1,2026-05-02T14:00:00Z,90,6,0,1,0,1,1,24,23.0,18.5,2.0,4.4,0.03,0.15,0.18,1.53,1,68
2025-26,35,489,Jacob Murphy,MID,Newcastle,15,6,1,2026-05-02T14:00:00Z,67,8,0,1,0,1,3,27,27.8,34.3,0.0,6.2,0.0,0.15,0.15,1.01,1,59
2025-26,35,490,Joelinton Cássio Apolinário de Lira,MID,Newcastle,15,6,1,2026-05-02T14:00:00Z,90,4,0,0,0,1,0,7,5.8,3.3,4.0,1.3,0.17,0.01,0.18,1.53,1,59
2025-26,35,491,Sandro Tonali,MID,Newcastle,15,6,1,2026-05-02T14:00:00Z,90,1,0,0,0,1,0,18,16.0,23.8,0.0,4.0,0.0,0.11,0.11,1.53,1,53
2025-26,35,492,Antoñito Cordero Campillo,MID,Newcastle,15,6,1,2026-05-02T14:00:00Z,0,0,0,0,0,0,0,0,0.0,0.0,0.0,0.0,0.0,0.0,0.0,0.0,0,49
2025-26,35,493,Sean Longstaff,MID,Leeds,11,3,1,2026-05-01T19:00:00Z,18,1,0,0,0,0,0,4,9.8,24.5,0.0,3.4,0.0,0.11,0.11,0.22,0,48
2025-26,35,494,Joe Willock,MID,Newcastle,15,6,1,2026-05-02T14:00:00Z,67,2,0,0,0,1,0,6,1.8,2.0,41.0,4.5,0.22,0.01,0.23,1.01,1,50
2025-26,35,495,Isaac Hayden,MID,Newcastle,15,6,1,2026-05-02T14:00:00Z,0,0,0,0,0,0,0,0,0.0,0.0,0.0,0.0,0.0,0.0,0.0,0.0,0,45
2025-26,35,496,Garang Kuol,MID,Newcastle,15,6,1,2026-05-02T14:00:00Z,0,0,0,0,0,0,0,0,0.0,0.0,0.0,0.0,0.0,0.0,0.0,0.0,0,44
2025-26,35,497,Lewis Miley,MID,Newcastle,15,6,1,2026-05-02T14:00:00Z,90,2,0,0,0,1,0,9,17.8,5.3,0.0,2.3,0.0,0.03,0.03,1.53,1,44
2025-26,35,498,Joe White,MID,Newcastle,15,6,1,2026-05-02T14:00:00Z,0,0,0,0,0,0,0,0,0.0,0.0,0.0,0.0,0.0,0.0,0.0,0.0,0,45
2025-26,35,499,Alexander Isak,FWD,Liverpool,12,14,0,2026-05-03T14:30:00Z,0,0,0,0,0,0,0,0,0.0,0.0,0.0,0.0,0.0,0.0,0.0,0.0,0,103
2025-26,35,500,William Osula,FWD,Newcastle,15,6,1,2026-05-02T14:00:00Z,67,9,1,0,0,1,3,27,33.0,14.3,46.0,9.3,0.78,0.31,1.09,1.01,1,54
2025-26,35,501,Sean Neave,FWD,Newcastle,15,6,1,2026-05-02T14:00:00Z,0,0,0,0,0,0,0,0,0.0,0.0,0.0,0.0,0.0,0.0,0.0,0.0,0,43
2025-26,35,502,Matz Sels,GK,Nott'm Forest,16,7,0,2026-05-04T14:00:00Z,90,8,0,0,0,1,0,24,52.6,0.0,0.0,5.3,0.0,0.0,0.0,2.15,1,46
2025-26,35,503,Carlos Miguel dos Santos Pereira,GK,Nott'm Forest,16,7,0,2026-05-04T14:00:00Z,0,0,0,0,0,0,0,0,0.0,0.0,0.0,0.0,0.0,0.0,0.0,0.0,0,40
2025-26,35,504,Matt Turner,GK,Nott'm Forest,16,7,0,2026-05-04T14:00:00Z,0,0,0,0,0,0,0,0,0.0,0.0,0.0,0.0,0.0,0.0,0.0,0.0,0,40
2025-26,35,505,Nikola Milenković,DEF,Nott'm Forest,16,7,0,2026-05-04T14:00:00Z,45,1,0,0,0,1,0,0,6.8,0.1,0.0,0.7,0.0,0.0,0.0,1.02,0,51
2025-26,35,506,Murillo Costa dos Santos,DEF,Nott'm Forest,16,7,0,2026-05-04T14:00:00Z,0,0,0,0,0,0,0,0,0.0,0.0,0.0,0.0,0.0,0.0,0.0,0.0,0,52
2025-26,35,507,Ola Aina,DEF,Nott'm Forest,16,7,0,2026-05-04T14:00:00Z,0,0,0,0,0,0,0,0,0.0,0.0,0.0,0.0,0.0,0.0,0.0,0.0,0,47
2025-26,35,508,Neco Williams,DEF,Nott'm Forest,16,7,0,2026-05-04T14:00:00Z,45,1,0,0,0,1,0,2,13.8,1.1,0.0,1.5,0.0,0.0,0.0,1.81,0,48
2025-26,35,509,David Mota Veiga Teixeira do Carmo,DEF,Nott'm Forest,16,7,0,2026-05-04T14:00:00Z,0,0,0,0,0,0,0,0,0.0,0.0,0.0,0.0,0.0,0.0,0.0,0.0,0,45
2025-26,35,510,Jair Paula da Cunha Filho,DEF,Nott'm Forest,16,7,0,2026-05-04T14:00:00Z,45,1,0,0,0,0,0,4,4.8,0.2,0.0,0.5,0.0,0.0,0.0,1.13,1,42
2025-26,35,511,Felipe Rodrigues da Silva,DEF,Nott'm Forest,16,7,0,2026-05-04T14:00:00Z,90,1,0,0,0,1,0,1,12.4,0.0,2.0,1.4,0.0,0.0,0.0,2.15,1,43
2025-26,35,512,Omar Richards,DEF,Nott'm Forest,16,7,0,2026-05-04T14:00:00Z,0,0,0,0,0,0,0,0,0.0,0.0,0.0,0.0,0.0,0.0,0.0,0.0,0,45
2025-26,35,513,Zach Abbott,DEF,Nott'm Forest,16,7,0,2026-05-04T14:00:00Z,45,1,0,0,0,0,0,2,0.0,0.1,0.0,0.0,0.0,0.0,0.0,0.34,1,38
2025-26,35,514,Willy Boly,DEF,Nott'm Forest,16,7,0,2026-05-04T14:00:00Z,0,0,0,0,0,0,0,0,0.0,0.0,0.0,0.0,0.0,0.0,0.0,0.0,0,38
2025-26,35,515,Morgan Gibbs-White,MID,Nott'm Forest,16,7,0,2026-05-04T14:00:00Z,20,4,0,1,0,0,0,14,17.8,10.8,4.0,3.3,0.0,0.55,0.55,0.05,0,76
2025-26,35,516,Callum Hudson-Odoi,MID,Nott'm Forest,16,7,0,2026-05-04T14:00:00Z,0,0,0,0,0,0,0,0,0.0,0.0,0.0,0.0,0.0,0.0,0.0,0.0,0,57
2025-26,35,517,Elliot Anderson,MID,Nott'm Forest,16,7,0,2026-05-04T14:00:00Z,45,1,0,0,0,1,0,8,13.8,1.7,0.0,1.6,0.0,0.0,0.0,1.02,0,56
2025-26,35,518,João Pedro Ferreira da Silva,MID,Nott'm Forest,16,7,0,2026-05-04T14:00:00Z,0,0,0,0,0,0,0,0,0.0,0.0,0.0,0.0,0.0,0.0,0.0,0.0,0,54
2025-26,35,519,Nicolás Domínguez,MID,Nott'm Forest,16,7,0,2026-05-04T14:00:00Z,45,1,0,0,0,0,0,6,14.0,1.9,0.0,1.6,0.0,0.0,0.0,1.13,1,50
2025-26,35,520,Lewis O'Brien,MID,Nott'm Forest,16,7,0,2026-05-04T14:00:00Z,0,0,0,0,0,0,0,0,0.0,0.0,0.0,0.0,0.0,0.0,0.0,0.0,0,50
2025-26,35,521,Ibrahim Sangaré,MID,Nott'm Forest,16,7,0,2026-05-04T14:00:00Z,0,0,0,0,0,0,0,0,0.0,0.0,0.0,0.0,0.0,0.0,0.0,0.0,0,49
2025-26,35,522,Ryan Yates,MID,Nott'm Forest,16,7,0,2026-05-04T14:00:00Z,90,4,0,0,0,1,0,13,21.8,1.8,0.0,2.4,0.0,0.01,0.01,2.15,1,47
2025-26,35,523,Eric da Silva Moreira,MID,Nott'm Forest,16,7,0,2026-05-04T14:00:00Z,0,0,0,0,0,0,0,0,0.0,0.0,0.0,0.0,0.0,0.0,0.0,0.0,0,45
2025-26,35,524,Marko Stamenić,MID,Nott'm Forest,16,7,0,2026-05-04T14:00:00Z,0,0,0,0,0,0,0,0,0.0,0.0,0.0,0.0,0.0,0.0,0.0,0.0,0,45
2025-26,35,525,Chris Wood,FWD,Nott'm Forest,16,7,0,2026-05-04T14:00:00Z,24,1,0,0,0,1,0,4,6.4,0.5,0.0,0.7,0.0,0.01,0.01,0.97,0,71
2025-26,35,526,Igor Jesus Maciel da Cruz,FWD,Nott'm Forest,16,7,0,2026-05-04T14:00:00Z,45,5,1,0,0,0,0,21,34.2,1.7,34.0,7.0,0.83,0.0,0.83,1.13,1,59
2025-26,35,527,Taiwo Awoniyi,FWD,Nott'm Forest,16,7,0,2026-05-04T14:00:00Z,90,16,2,1,0,1,3,67,71.6,0.1,52.0,12.4,1.11,0.0,1.11,2.15,1,52
2025-26,35,528,Anthony Patterson,GK,Sunderland,17,20,0,2026-05-02T14:00:00Z,0,0,0,0,0,0,0,0,0.0,0.0,0.0,0.0,0.0,0.0,0.0,0.0,0,42
2025-26,35,529,Simon Moore,GK,Sunderland,17,20,0,2026-05-02T14:00:00Z,0,0,0,0,0,0,0,0,0.0,0.0,0.0,0.0,0.0,0.0,0.0,0.0,0,39
2025-26,35,530,Blondy Nna Noukeu,GK,Sunderland,17,20,0,2026-05-02T14:00:00Z,0,0,0,0,0,0,0,0,0.0,0.0,0.0,0.0,0.0,0.0,0.0,0.0,0,39
2025-26,35,531,Daniel Ballard,DEF,Sunderland,17,20,0,2026-05-02T14:00:00Z,23,-2,0,0,0,1,0,-11,0.0,0.4,0.0,0.0,0.0,0.0,0.0,0.0,1,47
2025-26,35,532,Trai Hume,DEF,Sunderland,17,20,0,2026-05-02T14:00:00Z,90,2,0,0,0,1,0,7,15.2,6.6,7.0,2.9,0.06,0.02,0.08,1.72,1,45
2025-26,35,533,Aji Alese,DEF,Sunderland,17,20,0,2026-05-02T14:00:00Z,0,0,0,0,0,0,0,0,0.0,0.0,0.0,0.0,0.0,0.0,0.0,0.0,0,40
2025-26,35,534,Joe Anderson,DEF,Sunderland,17,20,0,2026-05-02T14:00:00Z,0,0,0,0,0,0,0,0,0.0,0.0,0.0,0.0,0.0,0.0,0.0,0.0,0,38
2025-26,35,535,Dennis Cirkin,DEF,Sunderland,17,20,0,2026-05-02T14:00:00Z,18,0,0,0,0,0,0,-1,1.0,0.8,2.0,0.4,0.0,0.0,0.0,0.45,0,40
2025-26,35,536,Leo Fuhr Hjelde,DEF,Sunderland,17,20,0,2026-05-02T14:00:00Z,0,0,0,0,0,0,0,0,0.0,0.0,0.0,0.0,0.0,0.0,0.0,0.0,0,40
2025-26,35,537,Niall Huggins,DEF,Sunderland,17,20,0,2026-05-02T14:00:00Z,0,0,0,0,0,0,0,0,0.0,0.0,0.0,0.0,0.0,0.0,0.0,0.0,0,40
2025-26,35,538,Zak Johnson,DEF,Sunderland,17,20,0,2026-05-02T14:00:00Z,0,0,0,0,0,0,0,0,0.0,0.0,0.0,0.0,0.0,0.0,0.0,0.0,0,38
2025-26,35,539,Luke O'Nien,DEF,Sunderland,17,20,0,2026-05-02T14:00:00Z,0,0,0,0,0,0,0,0,0.0,0.0,0.0,0.0,0.0,0.0,0.0,0.0,0,40
2025-26,35,540,Timothée Pembélé,DEF,Sunderland,17,20,0,2026-05-02T14:00:00Z,0,0,0,0,0,0,0,0,0.0,0.0,0.0,0.0,0.0,0.0,0.0,0.0,0,39
2025-26,35,541,Reinildo Mandava,DEF,Sunderland,17,20,0,2026-05-02T14:00:00Z,71,2,0,0,0,1,0,9,9.2,11.0,0.0,2.0,0.0,0.0,0.0,1.28,1,38
2025-26,35,542,Jenson Seelt,DEF,Sunderland,17,20,0,2026-05-02T14:00:00Z,0,0,0,0,0,0,0,0,0.0,0.0,0.0,0.0,0.0,0.0,0.0,0.0,0,40
2025-26,35,543,Simon Adingra,MID,Sunderland,17,20,0,2026-05-02T14:00:00Z,0,0,0,0,0,0,0,0,0.0,0.0,0.0,0.0,0.0,0.0,0.0,0.0,0,49
2025-26,35,544,Habib Diarra,MID,Sunderland,17,20,0,2026-05-02T14:00:00Z,18,1,0,0,0,0,0,-1,0.0,3.0,13.0,1.3,0.15,0.02,0.17,0.45,0,53
2025-26,35,545,Patrick Roberts,MID,Sunderland,17,20,0,2026-05-02T14:00:00Z,0,0,0,0,0,0,0,0,0.0,0.0,0.0,0.0,0.0,0.0,0.0,0.0,0,54
2025-26,35,546,Milan Aleksić,MID,Sunderland,17,20,0,2026-05-02T14:00:00Z,0,0,0,0,0,0,0,0,0.0,0.0,0.0,0.0,0.0,0.0,0.0,0.0,0,49
2025-26,35,547,Enzo Le Fée,MID,Sunderland,17,20,0,2026-05-02T14:00:00Z,90,4,0,0,0,1,0,12,19.4,17.3,2.0,3.9,0.0,0.06,0.06,1.72,1,48
2025-26,35,548,Romaine Mundle,MID,Sunderland,17,20,0,2026-05-02T14:00:00Z,0,0,0,0,0,0,0,0,0.0,0.0,0.0,0.0,0.0,0.0,0.0,0.0,0,49
2025-26,35,549,Dan Neil,MID,Sunderland,17,20,0,2026-05-02T14:00:00Z,0,0,0,0,0,0,0,0,0.0,0.0,0.0,0.0,0.0,0.0,0.0,0.0,0,48
2025-26,35,550,Ian Poveda-Ocampo,MID,Sunderland,17,20,0,2026-05-02T14:00:00Z,0,0,0,0,0,0,0,0,0.0,0.0,0.0,0.0,0.0,0.0,0.0,0.0,0,47
2025-26,35,551,Chris Rigg,MID,Sunderland,17,20,0,2026-05-02T14:00:00Z,0,0,0,0,0,0,0,0,0.0,0.0,0.0,0.0,0.0,0.0,0.0,0.0,0,47
2025-26,35,552,Noah Sadiki,MID,Sunderland,17,20,0,2026-05-02T14:00:00Z,71,2,0,0,0,1,0,16,9.4,23.3,5.0,3.8,0.03,0.06,0.09,1.28,1,49
2025-26,35,553,Chemsdine Talbi,MID,Sunderland,17,20,0,2026-05-02T14:00:00Z,90,2,0,0,0,1,0,12,8.8,8.3,21.0,3.8,0.09,0.17,0.26,1.72,1,49
2025-26,35,554,Abdoullah Ba,MID,Sunderland,17,20,0,2026-05-02T14:00:00Z,0,0,0,0,0,0,0,0,0.0,0.0,0.0,0.0,0.0,0.0,0.0,0.0,0,43
2025-26,35,555,Alan Browne,MID,Sunderland,17,20,0,2026-05-02T14:00:00Z,0,0,0,0,0,0,0,0,0.0,0.0,0.0,0.0,0.0,0.0,0.0,0.0,0,45
2025-26,35,556,Pierre Ekwah Elimby,MID,Sunderland,17,20,0,2026-05-02T14:00:00Z,0,0,0,0,0,0,0,0,0.0,0.0,0.0,0.0,0.0,0.0,0.0,0.0,0,45
2025-26,35,557,Harrison Jones,MID,Sunderland,17,20,0,2026-05-02T14:00:00Z,0,0,0,0,0,0,0,0,0.0,0.0,0.0,0.0,0.0,0.0,0.0,0.0,0,43
2025-26,35,558,Jay Matete,MID,Sunderland,17,20,0,2026-05-02T14:00:00Z,0,0,0,0,0,0,0,0,0.0,0.0,0.0,0.0,0.0,0.0,0.0,0.0,0,43
2025-26,35,559,Nectarios Triantis,MID,Sunderland,17,20,0,2026-05-02T14:00:00Z,0,0,0,0,0,0,0,0,0.0,0.0,0.0,0.0,0.0,0.0,0.0,0.0,0,44
2025-26,35,560,Wilson Isidor,FWD,Sunderland,17,20,0,2026-05-02T14:00:00Z,18,1,0,0,0,0,0,3,0.0,4.0,2.0,0.6,0.0,0.02,0.02,0.45,0,50
2025-26,35,561,Eliezer Mayenda Dossou,FWD,Sunderland,17,20,0,2026-05-02T14:00:00Z,0,0,0,0,0,0,0,0,0.0,0.0,0.0,0.0,0.0,0.0,0.0,0.0,0,52
2025-26,35,562,Ahmed Abdullahi,FWD,Sunderland,17,20,0,2026-05-02T14:00:00Z,0,0,0,0,0,0,0,0,0.0,0.0,0.0,0.0,0.0,0.0,0.0,0.0,0,42
2025-26,35,563,Luís Hemir Silva Semedo,FWD,Sunderland,17,20,0,2026-05-02T14:00:00Z,0,0,0,0,0,0,0,0,0.0,0.0,0.0,0.0,0.0,0.0,0.0,0.0,0,44
2025-26,35,564,Nazarii Rusyn,FWD,Sunderland,17,20,0,2026-05-02T14:00:00Z,0,0,0,0,0,0,0,0,0.0,0.0,0.0,0.0,0.0,0.0,0.0,0.0,0,44
2025-26,35,565,Guglielmo Vicario,GK,Spurs,18,2,0,2026-05-03T18:00:00Z,0,0,0,0,0,0,0,0,0.0,0.0,0.0,0.0,0.0,0.0,0.0,0.0,0,47
2025-26,35,566,Brandon Austin,GK,Spurs,18,2,0,2026-05-03T18:00:00Z,0,0,0,0,0,0,0,0,0.0,0.0,0.0,0.0,0.0,0.0,0.0,0.0,0,39
2025-26,35,567,Antonín Kinský,GK,Spurs,18,2,0,2026-05-03T18:00:00Z,90,2,0,0,0,1,0,2,3.6,0.0,0.0,0.4,0.0,0.0,0.0,0.32,1,39
2025-26,35,568,Pedro Porro Sauceda,DEF,Spurs,18,2,0,2026-05-03T18:00:00Z,90,4,0,0,0,1,0,17,23.8,21.3,1.0,4.6,0.02,0.06,0.08,0.32,1,52
2025-26,35,569,Cristian Romero,DEF,Spurs,18,2,0,2026-05-03T18:00:00Z,0,0,0,0,0,0,0,0,0.0,0.0,0.0,0.0,0.0,0.0,0.0,0.0,0,50
2025-26,35,570,Kevin Danso,DEF,Spurs,18,2,0,2026-05-03T18:00:00Z,90,3,0,0,0,1,0,13,22.8,0.8,26.0,5.0,0.09,0.0,0.09,0.32,1,42
2025-26,35,571,Ben Davies,DEF,Spurs,18,2,0,2026-05-03T18:00:00Z,0,0,0,0,0,0,0,0,0.0,0.0,0.0,0.0,0.0,0.0,0.0,0.0,0,43
2025-26,35,572,Radu Drăgușin,DEF,Spurs,18,2,0,2026-05-03T18:00:00Z,0,0,0,0,0,0,0,0,0.0,0.0,0.0,0.0,0.0,0.0,0.0,0.0,0,45
2025-26,35,573,Djed Spence,DEF,Spurs,18,2,0,2026-05-03T18:00:00Z,23,1,0,0,0,1,0,-4,0.0,0.3,2.0,0.1,0.0,0.0,0.0,0.29,0,41
2025-26,35,574,Destiny Udogie,DEF,Spurs,18,2,0,2026-05-03T18:00:00Z,90,2,0,0,0,1,0,7,11.4,23.1,2.0,3.7,0.0,0.02,0.02,0.32,1,43
2025-26,35,575,Micky van de Ven,DEF,Spurs,18,2,0,2026-05-03T18:00:00Z,90,2,0,0,0,1,0,9,6.8,0.8,0.0,0.8,0.0,0.01,0.01,0.32,1,44
2025-26,35,576,Ashley Phillips,DEF,Spurs,18,2,0,2026-05-03T18:00:00Z,0,0,0,0,0,0,0,0,0.0,0.0,0.0,0.0,0.0,0.0,0.0,0.0,0,40
2025-26,35,577,Takai Kōta,DEF,Spurs,18,2,0,2026-05-03T18:00:00Z,0,0,0,0,0,0,0,0,0.0,0.0,0.0,0.0,0.0,0.0,0.0,0.0,0,40
2025-26,35,578,Luka Vušković,DEF,Spurs,18,2,0,2026-05-03T18:00:00Z,0,0,0,0,0,0,0,0,0.0,0.0,0.0,0.0,0.0,0.0,0.0,0.0,0,39
2025-26,35,579,Son Heung-min,MID,Spurs,18,2,0,2026-05-03T18:00:00Z,0,0,0,0,0,0,0,0,0.0,0.0,0.0,0.0,0.0,0.0,0.0,0.0,0,85
2025-26,35,580,Brennan Johnson,MID,Crystal Palace,8,4,0,2026-05-03T13:00:00Z,90,2,0,0,0,3,0,4,2.8,2.0,10.0,1.5,0.08,0.09,0.17,2.08,1,65
2025-26,35,581,James Maddison,MID,Spurs,18,2,0,2026-05-03T18:00:00Z,0,0,0,0,0,0,0,0,0.0,0.0,0.0,0.0,0.0,0.0,0.0,0.0,0,68
2025-26,35,582,Mohammed Kudus,MID,Spurs,18,2,0,2026-05-03T18:00:00Z,0,0,0,0,0,0,0,0,0.0,0.0,0.0,0.0,0.0,0.0,0.0,0.0,0,64
2025-26,35,583,Dejan Kulusevski,MID,Spurs,18,2,0,2026-05-03T18:00:00Z,0,0,0,0,0,0,0,0,0.0,0.0,0.0,0.0,0.0,0.0,0.0,0.0,0,64
2025-26,35,584,Mathys Tel,MID,Spurs,18,2,0,2026-05-03T18:00:00Z,90,5,0,1,1,0,0,18,21.4,39.2,10.0,7.1,0.08,0.51,0.59,0.26,1,62
2025-26,35,585,Rodrigo Bentancur,MID,Spurs,18,2,0,2026-05-03T18:00:00Z,66,2,0,0,1,0,0,15,12.8,6.4,0.0,1.9,0.0,0.01,0.01,0.03,1,52
2025-26,35,586,Lucas Bergvall,MID,Spurs,18,2,0,2026-05-03T18:00:00Z,1,1,0,0,0,1,0,3,0.0,0.0,0.0,0.0,0.0,0.0,0.0,0.06,0,52
2025-26,35,587,Yves Bissouma,MID,Spurs,18,2,0,2026-05-03T18:00:00Z,23,1,0,0,0,1,0,3,1.4,2.1,0.0,0.4,0.0,0.0,0.0,0.29,0,52
2025-26,35,588,Wilson Odobert,MID,Spurs,18,2,0,2026-05-03T18:00:00Z,0,0,0,0,0,0,0,0,0.0,0.0,0.0,0.0,0.0,0.0,0.0,0.0,0,53
2025-26,35,589,Manor Solomon,MID,Spurs,18,2,0,2026-05-03T18:00:00Z,0,0,0,0,0,0,0,0,0.0,0.0,0.0,0.0,0.0,0.0,0.0,0.0,0,54
2025-26,35,590,Bryan Gil Salvatierra,MID,Spurs,18,2,0,2026-05-03T18:00:00Z,0,0,0,0,0,0,0,0,0.0,0.0,0.0,0.0,0.0,0.0,0.0,0.0,0,49
2025-26,35,591,Archie Gray,MID,Spurs,18,2,0,2026-05-03T18:00:00Z,0,0,0,0,0,0,0,0,0.0,0.0,0.0,0.0,0.0,0.0,0.0,0.0,0,48
2025-26,35,592,Mikey Moore,MID,Spurs,18,2,0,2026-05-03T18:00:00Z,0,0,0,0,0,0,0,0,0.0,0.0,0.0,0.0,0.0,0.0,0.0,0.0,0,50
2025-26,35,593,Pape Matar Sarr,MID,Spurs,18,2,0,2026-05-03T18:00:00Z,1,1,0,0,0,1,0,1,0.0,0.0,0.0,0.0,0.0,0.0,0.0,0.06,0,45
2025-26,35,594,Yang Min-hyeok,MID,Spurs,18,2,0,2026-05-03T18:00:00Z,0,0,0,0,0,0,0,0,0.0,0.0,0.0,0.0,0.0,0.0,0.0,0.0,0,45
2025-26,35,595,Callum Olusesi,MID,Spurs,18,2,0,2026-05-03T18:00:00Z,0,0,0,0,0,0,0,0,0.0,0.0,0.0,0.0,0.0,0.0,0.0,0.0,0,43
2025-26,35,596,Dominic Solanke-Mitchell,FWD,Spurs,18,2,0,2026-05-03T18:00:00Z,0,0,0,0,0,0,0,0,0.0,0.0,0.0,0.0,0.0,0.0,0.0,0.0,0,72
2025-26,35,597,Richarlison de Andrade,FWD,Spurs,18,2,0,2026-05-03T18:00:00Z,90,9,1,0,1,0,3,33,37.6,0.9,40.0,7.9,0.5,0.0,0.5,0.26,1,63
2025-26,35,598,Will Lankshear,FWD,Spurs,18,2,0,2026-05-03T18:00:00Z,0,0,0,0,0,0,0,0,0.0,0.0,0.0,0.0,0.0,0.0,0.0,0.0,0,45
2025-26,35,599,Dane Scarlett,FWD,Spurs,18,2,0,2026-05-03T18:00:00Z,0,0,0,0,0,0,0,0,0.0,0.0,0.0,0.0,0.0,0.0,0.0,0.0,0,43
2025-26,35,600,Alphonse Areola,GK,West Ham,19,5,0,2026-05-02T14:00:00Z,0,0,0,0,0,0,0,0,0.0,0.0,0.0,0.0,0.0,0.0,0.0,0.0,0,42
2025-26,35,601,Wes Foderingham,GK,West Ham,19,5,0,2026-05-02T14:00:00Z,0,0,0,0,0,0,0,0,0.0,0.0,0.0,0.0,0.0,0.0,0.0,0.0,0,40
2025-26,35,602,Krisztián Hegyi,GK,West Ham,19,5,0,2026-05-02T14:00:00Z,0,0,0,0,0,0,0,0,0.0,0.0,0.0,0.0,0.0,0.0,0.0,0.0,0,39
2025-26,35,603,El Hadji Malick Diouf,DEF,West Ham,19,5,0,2026-05-02T14:00:00Z,73,1,0,0,0,2,0,8,11.0,16.1,17.0,4.4,0.03,0.03,0.06,2.13,1,41
2025-26,35,604,Emerson Palmieri dos Santos,DEF,West Ham,19,5,0,2026-05-02T14:00:00Z,0,0,0,0,0,0,0,0,0.0,0.0,0.0,0.0,0.0,0.0,0.0,0.0,0,44
2025-26,35,605,Maximilian Kilman,DEF,West Ham,19,5,0,2026-05-02T14:00:00Z,0,0,0,0,0,0,0,0,0.0,0.0,0.0,0.0,0.0,0.0,0.0,0.0,0,41
2025-26,35,606,Konstantinos Mavropanos,DEF,West Ham,19,5,0,2026-05-02T14:00:00Z,90,-1,0,0,0,3,0,-7,7.0,1.0,2.0,1.0,0.0,0.01,0.01,2.27,1,45
2025-26,35,607,Nayef Aguerd,DEF,West Ham,19,5,0,2026-05-02T14:00:00Z,0,0,0,0,0,0,0,0,0.0,0.0,0.0,0.0,0.0,0.0,0.0,0.0,0,44
2025-26,35,608,Ollie Scarles,DEF,West Ham,19,5,0,2026-05-02T14:00:00Z,2,0,0,0,0,0,0,2,4.0,10.4,0.0,1.4,0.0,0.0,0.0,0.1,0,43
2025-26,35,609,Jean-Clair Todibo,DEF,West Ham,19,5,0,2026-05-02T14:00:00Z,0,0,0,0,0,0,0,0,0.0,0.0,0.0,0.0,0.0,0.0,0.0,0.0,0,43
2025-26,35,610,Aaron Wan-Bissaka,DEF,West Ham,19,5,0,2026-05-02T14:00:00Z,25,1,0,0,0,1,0,2,8.8,0.8,0.0,1.0,0.0,0.0,0.0,0.14,0,41
2025-26,35,611,Kaelan Casey,DEF,West Ham,19,5,0,2026-05-02T14:00:00Z,0,0,0,0,0,0,0,0,0.0,0.0,0.0,0.0,0.0,0.0,0.0,0.0,0,40
2025-26,35,612,Lucas Tolentino Coelho de Lima,MID,West Ham,19,5,0,2026-05-02T14:00:00Z,0,0,0,0,0,0,0,0,0.0,0.0,0.0,0.0,0.0,0.0,0.0,0.0,0,59
2025-26,35,613,Tomáš Souček,MID,West Ham,19,5,0,2026-05-02T14:00:00Z,90,2,0,0,0,3,0,9,15.2,13.9,11.0,4.0,0.16,0.06,0.22,2.27,1,57
2025-26,35,614,James Ward-Prowse,MID,Burnley,3,11,0,2026-05-01T19:00:00Z,64,2,0,0,0,3,0,16,10.4,5.3,7.0,2.3,0.04,0.01,0.05,1.27,1,56
2025-26,35,615,Crysencio Summerville,MID,West Ham,19,5,0,2026-05-02T14:00:00Z,87,1,0,0,0,3,0,3,8.4,28.8,2.0,3.9,0.14,0.02,0.16,2.17,1,55
2025-26,35,616,Edson Álvarez Velázquez,MID,West Ham,19,5,0,2026-05-02T14:00:00Z,0,0,0,0,0,0,0,0,0.0,0.0,0.0,0.0,0.0,0.0,0.0,0.0,0,49
2025-26,35,617,Maxwel Cornet,MID,West Ham,19,5,0,2026-05-02T14:00:00Z,0,0,0,0,0,0,0,0,0.0,0.0,0.0,0.0,0.0,0.0,0.0,0.0,0,49
2025-26,35,618,Guido Rodríguez,MID,West Ham,19,5,0,2026-05-02T14:00:00Z,0,0,0,0,0,0,0,0,0.0,0.0,0.0,0.0,0.0,0.0,0.0,0.0,0,48
2025-26,35,619,Luis Guilherme Lira dos Santos,MID,West Ham,19,5,0,2026-05-02T14:00:00Z,0,0,0,0,0,0,0,0,0.0,0.0,0.0,0.0,0.0,0.0,0.0,0.0,0,49
2025-26,35,620,George Earthy,MID,West Ham,19,5,0,2026-05-02T14:00:00Z,0,0,0,0,0,0,0,0,0.0,0.0,0.0,0.0,0.0,0.0,0.0,0.0,0,45
2025-26,35,621,Andy Irving,MID,West Ham,19,5,0,2026-05-02T14:00:00Z,0,0,0,0,0,0,0,0,0.0,0.0,0.0,0.0,0.0,0.0,0.0,0.0,0,43
2025-26,35,622,Lewis Orford,MID,West Ham,19,5,0,2026-05-02T14:00:00Z,0,0,0,0,0,0,0,0,0.0,0.0,0.0,0.0,0.0,0.0,0.0,0.0,0,44
2025-26,35,623,Freddie Potts,MID,West Ham,19,5,0,2026-05-02T14:00:00Z,0,0,0,0,0,0,0,0,0.0,0.0,0.0,0.0,0.0,0.0,0.0,0.0,0,43
2025-26,35,624,Jarrod Bowen,FWD,West Ham,19,5,0,2026-05-02T14:00:00Z,87,2,0,0,0,3,0,14,11.6,54.0,13.0,7.9,0.07,0.21,0.28,2.17,1,78
2025-26,35,625,Niclas Füllkrug,FWD,West Ham,19,5,0,2026-05-02T14:00:00Z,0,0,0,0,0,0,0,0,0.0,0.0,0.0,0.0,0.0,0.0,0.0,0.0,0,56
2025-26,35,626,Callum Marshall,FWD,West Ham,19,5,0,2026-05-02T14:00:00Z,0,0,0,0,0,0,0,0,0.0,0.0,0.0,0.0,0.0,0.0,0.0,0.0,0,43
2025-26,35,627,Sam Johnstone,GK,Wolves,20,17,1,2026-05-02T14:00:00Z,0,0,0,0,0,0,0,0,0.0,0.0,0.0,0.0,0.0,0.0,0.0,0.0,0,44
2025-26,35,628,José Malheiro de Sá,GK,Wolves,20,17,1,2026-05-02T14:00:00Z,0,0,0,0,0,0,0,0,0.0,0.0,0.0,0.0,0.0,0.0,0.0,0.0,0,42
2025-26,35,629,Daniel Bentley,GK,Wolves,20,17,1,2026-05-02T14:00:00Z,90,2,0,0,0,1,0,10,13.4,0.0,0.0,1.3,0.0,0.0,0.0,0.66,1,39
2025-26,35,630,Tom King,GK,Everton,9,13,1,2026-05-04T19:00:00Z,0,0,0,0,0,0,0,0,0.0,0.0,0.0,0.0,0.0,0.0,0.0,0.0,0,39
2025-26,35,631,Emmanuel Agbadou,DEF,Wolves,20,17,1,2026-05-02T14:00:00Z,0,0,0,0,0,0,0,0,0.0,0.0,0.0,0.0,0.0,0.0,0.0,0.0,0,42
2025-26,35,632,Matt Doherty,DEF,Wolves,20,17,1,2026-05-02T14:00:00Z,0,0,0,0,0,0,0,0,0.0,0.0,0.0,0.0,0.0,0.0,0.0,0.0,0,44
2025-26,35,633,Hugo Bueno López,DEF,Wolves,20,17,1,2026-05-02T14:00:00Z,77,5,0,1,0,1,0,23,30.0,42.8,10.0,8.3,0.09,0.35,0.44,0.56,1,43
2025-26,35,634,Yerson Mosquera Valdelamar,DEF,Wolves,20,17,1,2026-05-02T14:00:00Z,90,2,0,0,0,1,0,8,15.0,2.3,11.0,2.8,0.09,0.03,0.12,0.66,1,43
2025-26,35,635,Rodrigo Martins Gomes,DEF,Wolves,20,17,1,2026-05-02T14:00:00Z,45,1,0,0,0,0,0,5,3.0,2.8,4.0,1.0,0.0,0.04,0.04,0.31,0,44
2025-26,35,636,Santiago Ignacio Bueno,DEF,Wolves,20,17,1,2026-05-02T14:00:00Z,90,10,1,0,0,1,2,26,53.2,20.9,49.0,12.3,0.2,0.38,0.58,0.66,1,44
2025-26,35,637,Toti Gomes,DEF,Wolves,20,17,1,2026-05-02T14:00:00Z,90,4,0,0,0,1,0,15,34.8,12.8,33.0,8.1,0.31,0.08,0.39,0.66,1,42
2025-26,35,638,Ki-Jana Hoever,DEF,Wolves,20,17,1,2026-05-02T14:00:00Z,0,0,0,0,0,0,0,0,0.0,0.0,0.0,0.0,0.0,0.0,0.0,0.0,0,38
2025-26,35,639,Bastien Meupiyou Menadjou,DEF,Wolves,20,17,1,2026-05-02T14:00:00Z,0,0,0,0,0,0,0,0,0.0,0.0,0.0,0.0,0.0,0.0,0.0,0.0,0,40
2025-26,35,640,Pedro Cardoso de Lima,DEF,Wolves,20,17,1,2026-05-02T14:00:00Z,45,1,0,0,0,1,0,3,13.2,28.5,4.0,4.6,0.0,0.25,0.25,0.35,1,40
2025-26,35,641,Alfie Pond,DEF,Wolves,20,17,1,2026-05-02T14:00:00Z,0,0,0,0,0,0,0,0,0.0,0.0,0.0,0.0,0.0,0.0,0.0,0.0,0,39
2025-26,35,642,Hwang Hee-chan,MID,Wolves,20,17,1,2026-05-02T14:00:00Z,0,0,0,0,0,0,0,0,0.0,0.0,0.0,0.0,0.0,0.0,0.0,0.0,0,56
2025-26,35,643,André Trindade da Costa Neto,MID,Wolves,20,17,1,2026-05-02T14:00:00Z,90,2,0,0,0,1,0,14,17.4,38.4,4.0,6.0,0.05,0.05,0.1,0.66,1,52
2025-26,35,644,Jean-Ricner Bellegarde,MID,Wolves,20,17,1,2026-05-02T14:00:00Z,0,0,0,0,0,0,0,0,0.0,0.0,0.0,0.0,0.0,0.0,0.0,0.0,0,51
2025-26,35,645,Fer López González,MID,Wolves,20,17,1,2026-05-02T14:00:00Z,0,0,0,0,0,0,0,0,0.0,0.0,0.0,0.0,0.0,0.0,0.0,0.0,0,51
2025-26,35,646,João Victor Gomes da Silva,MID,Wolves,20,17,1,2026-05-02T14:00:00Z,90,2,0,0,0,1,0,13,18.2,36.1,4.0,5.8,0.03,0.17,0.2,0.66,1,53
2025-26,35,647,Gonçalo Manuel Ganchinho Guedes,MID,Wolves,20,17,1,2026-05-02T14:00:00Z,0,0,0,0,0,0,0,0,0.0,0.0,0.0,0.0,0.0,0.0,0.0,0.0,0,55
2025-26,35,648,Marshall Munetsi,MID,Wolves,20,17,1,2026-05-02T14:00:00Z,0,0,0,0,0,0,0,0,0.0,0.0,0.0,0.0,0.0,0.0,0.0,0.0,0,53
2025-26,35,649,Boubacar Traoré,MID,Wolves,20,17,1,2026-05-02T14:00:00Z,0,0,0,0,0,0,0,0,0.0,0.0,0.0,0.0,0.0,0.0,0.0,0.0,0,50
2025-26,35,650,Tawanda Chirewa,MID,Wolves,20,17,1,2026-05-02T14:00:00Z,0,0,0,0,0,0,0,0,0.0,0.0,0.0,0.0,0.0,0.0,0.0,0.0,0,43
2025-26,35,651,Tom Edozie,MID,Wolves,20,17,1,2026-05-02T14:00:00Z,1,1,0,0,0,0,0,3,0.0,0.0,0.0,0.0,0.0,0.0,0.0,0.0,0,43
2025-26,35,652,Enso González Medina,MID,Wolves,20,17,1,2026-05-02T14:00:00Z,0,0,0,0,0,0,0,0,0.0,0.0,0.0,0.0,0.0,0.0,0.0,0.0,0,43
2025-26,35,653,Joe Hodge,MID,Wolves,20,17,1,2026-05-02T14:00:00Z,0,0,0,0,0,0,0,0,0.0,0.0,0.0,0.0,0.0,0.0,0.0,0.0,0,45
2025-26,35,654,Jørgen Strand Larsen,FWD,Crystal Palace,8,4,0,2026-05-03T13:00:00Z,64,2,0,0,0,2,0,10,15.0,14.9,21.0,5.1,0.19,0.11,0.3,1.65,1,59
2025-26,35,655,Fábio Soares Silva,FWD,Wolves,20,17,1,2026-05-02T14:00:00Z,0,0,0,0,0,0,0,0,0.0,0.0,0.0,0.0,0.0,0.0,0.0,0.0,0,49
2025-26,35,656,Saša Kalajdžić,FWD,Wolves,20,17,1,2026-05-02T14:00:00Z,0,0,0,0,0,0,0,0,0.0,0.0,0.0,0.0,0.0,0.0,0.0,0.0,0,49
2025-26,35,657,Leon Chiwome,FWD,Wolves,20,17,1,2026-05-02T14:00:00Z,0,0,0,0,0,0,0,0,0.0,0.0,0.0,0.0,0.0,0.0,0.0,0.0,0,44
2025-26,35,658,Nathan Fraser,FWD,Wolves,20,17,1,2026-05-02T14:00:00Z,0,0,0,0,0,0,0,0,0.0,0.0,0.0,0.0,0.0,0.0,0.0,0.0,0,42
2025-26,35,659,Kyle Walker-Peters,DEF,West Ham,19,5,0,2026-05-02T14:00:00Z,64,1,0,0,0,2,0,1,6.6,1.6,2.0,1.0,0.0,0.01,0.01,2.13,1,42
2025-26,35,660,Anton Stach,MID,Leeds,11,3,1,2026-05-01T19:00:00Z,71,10,1,0,0,1,3,33,42.8,37.6,25.0,10.5,0.28,0.07,0.35,0.35,1,48
2025-26,35,661,Hugo Ekitiké,FWD,Liverpool,12,14,0,2026-05-03T14:30:00Z,0,0,0,0,0,0,0,0,0.0,0.0,0.0,0.0,0.0,0.0,0.0,0.0,0,91
2025-26,35,662,Cristhian Mosquera,DEF,Arsenal,1,10,1,2026-05-02T16:30:00Z,7,1,0,0,0,0,0,2,0.2,0.3,0.0,0.1,0.0,0.0,0.0,0.0,0,53
2025-26,35,663,Jhon Arias,MID,Wolves,20,17,1,2026-05-02T14:00:00Z,0,0,0,0,0,0,0,0,0.0,0.0,0.0,0.0,0.0,0.0,0.0,0.0,0,49
2025-26,35,664,Benjamin Lecomte,GK,Fulham,10,1,0,2026-05-02T16:30:00Z,0,0,0,0,0,0,0,0,0.0,0.0,0.0,0.0,0.0,0.0,0.0,0.0,0,39
2025-26,35,665,Lucas Estella Perri,GK,Leeds,11,3,1,2026-05-01T19:00:00Z,0,0,0,0,0,0,0,0,0.0,0.0,0.0,0.0,0.0,0.0,0.0,0.0,0,44
2025-26,35,666,Viktor Gyökeres,FWD,Arsenal,1,10,1,2026-05-02T16:30:00Z,63,16,2,1,1,0,3,66,88.2,13.4,88.0,19.0,1.7,0.02,1.72,0.2,1,88
2025-26,35,667,Adam Aznou,DEF,Everton,9,13,1,2026-05-04T19:00:00Z,0,0,0,0,0,0,0,0,0.0,0.0,0.0,0.0,0.0,0.0,0.0,0.0,0,42
2025-26,35,668,Granit Xhaka,MID,Sunderland,17,20,0,2026-05-02T14:00:00Z,90,9,0,1,0,1,3,27,37.4,38.6,1.0,7.7,0.08,0.26,0.34,1.72,1,51
2025-26,35,669,Dan Ndoye,MID,Nott'm Forest,16,7,0,2026-05-04T14:00:00Z,0,0,0,0,0,0,0,0,0.0,0.0,0.0,0.0,0.0,0.0,0.0,0.0,0,55
2025-26,35,670,Robin Roefs,GK,Sunderland,17,20,0,2026-05-02T14:00:00Z,90,3,0,0,0,1,0,19,41.6,0.0,0.0,4.2,0.0,0.0,0.0,1.72,1,48
2025-26,35,671,Callum Wilson,FWD,West Ham,19,5,0,2026-05-02T14:00:00Z,25,1,0,0,0,1,0,1,0.0,1.3,2.0,0.3,0.0,0.01,0.01,0.14,0,58
2025-26,35,672,Jorrel Hato,DEF,Chelsea,7,16,1,2026-05-04T14:00:00Z,0,0,0,0,0,0,0,0,0.0,0.0,0.0,0.0,0.0,0.0,0.0,0.0,0,46
2025-26,35,673,João Maria Lobo Alves Palhares Costa Palhinha Gonçalves,MID,Spurs,18,2,0,2026-05-03T18:00:00Z,90,2,0,0,0,1,0,18,19.4,3.8,7.0,3.0,0.02,0.02,0.04,0.32,1,55
2025-26,35,674,Aaron Ramsdale,GK,Newcastle,15,6,1,2026-05-02T14:00:00Z,0,0,0,0,0,0,0,0,0.0,0.0,0.0,0.0,0.0,0.0,0.0,0.0,0,48
2025-26,35,675,Angus Gunn,GK,Nott'm Forest,16,7,0,2026-05-04T14:00:00Z,0,0,0,0,0,0,0,0,0.0,0.0,0.0,0.0,0.0,0.0,0.0,0.0,0,40
2025-26,35,676,Lesley Ugochukwu,MID,Burnley,3,11,0,2026-05-01T19:00:00Z,0,0,0,0,0,0,0,0,0.0,0.0,0.0,0.0,0.0,0.0,0.0,0.0,0,50
2025-26,35,677,Evann Guessand,MID,Crystal Palace,8,4,0,2026-05-03T13:00:00Z,0,0,0,0,0,0,0,0,0.0,0.0,0.0,0.0,0.0,0.0,0.0,0.0,0,62
2025-26,35,678,Arthur Masuaku,DEF,Sunderland,17,20,0,2026-05-02T14:00:00Z,0,0,0,0,0,0,0,0,0.0,0.0,0.0,0.0,0.0,0.0,0.0,0.0,0,39
2025-26,35,679,Mads Hermansen,GK,West Ham,19,5,0,2026-05-02T14:00:00Z,90,2,0,0,0,3,0,8,30.0,0.0,0.0,3.0,0.0,0.0,0.0,2.27,1,42
2025-26,35,680,Armando Broja,FWD,Burnley,3,11,0,2026-05-01T19:00:00Z,14,1,0,0,0,0,0,3,0.2,10.8,2.0,1.3,0.0,0.08,0.08,0.17,0,52
2025-26,35,681,Benjamin Sesko,FWD,Man Utd,14,12,1,2026-05-03T14:30:00Z,45,5,1,0,0,0,0,22,34.4,1.3,57.0,9.3,1.25,0.01,1.26,0.15,1,73
2025-26,35,682,David Møller Wolfe,DEF,Wolves,20,17,1,2026-05-02T14:00:00Z,0,0,0,0,0,0,0,0,0.0,0.0,0.0,0.0,0.0,0.0,0.0,0.0,0,42
2025-26,35,683,Omar Alderete,DEF,Sunderland,17,20,0,2026-05-02T14:00:00Z,90,4,0,0,0,1,0,6,17.4,0.4,4.0,2.2,0.0,0.0,0.0,1.72,1,41
2025-26,35,684,Malick Thiaw,DEF,Newcastle,15,6,1,2026-05-02T14:00:00Z,90,2,0,0,0,1,0,9,29.2,0.1,33.0,6.2,0.82,0.0,0.82,1.53,1,50
2025-26,35,685,Bafodé Diakité,DEF,Bournemouth,4,8,1,2026-05-03T13:00:00Z,0,0,0,0,0,0,0,0,0.0,0.0,0.0,0.0,0.0,0.0,0.0,0.0,0,41
2025-26,35,686,Rio Ngumoha,MID,Liverpool,12,14,0,2026-05-03T14:30:00Z,15,1,0,0,0,1,0,4,3.2,12.3,6.0,2.2,0.05,0.02,0.07,0.16,0,43
2025-26,35,687,Remy Rees-Dottin,MID,Bournemouth,4,8,1,2026-05-03T13:00:00Z,0,0,0,0,0,0,0,0,0.0,0.0,0.0,0.0,0.0,0.0,0.0,0.0,0,43
2025-26,35,688,James Wright,GK,Aston Villa,2,18,1,2026-05-03T18:00:00Z,0,0,0,0,0,0,0,0,0.0,0.0,0.0,0.0,0.0,0.0,0.0,0.0,0,39
2025-26,35,689,Seung-Soo Park,MID,Newcastle,15,6,1,2026-05-02T14:00:00Z,0,0,0,0,0,0,0,0,0.0,0.0,0.0,0.0,0.0,0.0,0.0,0.0,0,43
2025-26,35,690,Rio Cardines,MID,Crystal Palace,8,4,0,2026-05-03T13:00:00Z,0,0,0,0,0,0,0,0,0.0,0.0,0.0,0.0,0.0,0.0,0.0,0.0,0,44
2025-26,35,691,Dominic Calvert-Lewin,FWD,Leeds,11,3,1,2026-05-01T19:00:00Z,90,6,1,0,0,1,1,27,28.6,2.2,37.0,6.8,0.45,0.01,0.46,0.35,1,57
2025-26,35,692,Giovanni Leoni,DEF,Liverpool,12,14,0,2026-05-03T14:30:00Z,0,0,0,0,0,0,0,0,0.0,0.0,0.0,0.0,0.0,0.0,0.0,0.0,0,49
2025-26,35,693,Omari Hutchinson,MID,Nott'm Forest,16,7,0,2026-05-04T14:00:00Z,10,1,0,0,0,1,0,2,2.2,0.5,2.0,0.5,0.0,0.0,0.0,0.89,0,54
2025-26,35,694,Nordi Mukiele,DEF,Sunderland,17,20,0,2026-05-02T14:00:00Z,90,11,1,0,0,1,1,24,55.4,1.6,37.0,9.4,0.19,0.04,0.23,1.72,1,46
2025-26,35,695,Jackson Tchatchoua,DEF,Wolves,20,17,1,2026-05-02T14:00:00Z,0,0,0,0,0,0,0,0,0.0,0.0,0.0,0.0,0.0,0.0,0.0,0.0,0,44
2025-26,35,696,Arnaud Kalimuendo,FWD,Nott'm Forest,16,7,0,2026-05-04T14:00:00Z,0,0,0,0,0,0,0,0,0.0,0.0,0.0,0.0,0.0,0.0,0.0,0.0,0,60
2025-26,35,697,Amine Adli,MID,Bournemouth,4,8,1,2026-05-03T13:00:00Z,4,1,0,0,0,0,0,3,0.2,0.5,0.0,0.1,0.0,0.0,0.0,0.54,0,54
2025-26,35,698,Noah Okafor,MID,Leeds,11,3,1,2026-05-01T19:00:00Z,64,10,1,0,1,0,2,30,41.4,27.3,26.0,9.5,0.33,0.13,0.46,0.09,1,56
2025-26,35,699,Douglas Luiz Soares de Paulo,MID,Aston Villa,2,18,1,2026-05-03T18:00:00Z,0,0,0,0,0,0,0,0,0.0,0.0,0.0,0.0,0.0,0.0,0.0,0.0,0,49
2025-26,35,700,Max Dowman,MID,Arsenal,1,10,1,2026-05-02T16:30:00Z,12,1,0,0,0,0,0,4,1.4,0.3,4.0,0.6,0.08,0.0,0.08,0.0,0,42
2025-26,35,701,Triston Rowe,DEF,Aston Villa,2,18,1,2026-05-03T18:00:00Z,0,0,0,0,0,0,0,0,0.0,0.0,0.0,0.0,0.0,0.0,0.0,0.0,0,40
2025-26,35,702,Bradley Burrowes,MID,Aston Villa,2,18,1,2026-05-03T18:00:00Z,0,0,0,0,0,0,0,0,0.0,0.0,0.0,0.0,0.0,0.0,0.0,0.0,0,43
2025-26,35,703,Sam Proctor,GK,Aston Villa,2,18,1,2026-05-03T18:00:00Z,0,0,0,0,0,0,0,0,0.0,0.0,0.0,0.0,0.0,0.0,0.0,0.0,0,39
2025-26,35,704,Tyler Onyango,MID,Everton,9,13,1,2026-05-04T19:00:00Z,0,0,0,0,0,0,0,0,0.0,0.0,0.0,0.0,0.0,0.0,0.0,0.0,0,45
2025-26,35,705,Elijah Campbell,DEF,Everton,9,13,1,2026-05-04T19:00:00Z,0,0,0,0,0,0,0,0,0.0,0.0,0.0,0.0,0.0,0.0,0.0,0.0,0,39
2025-26,35,706,James Justin,DEF,Leeds,11,3,1,2026-05-01T19:00:00Z,90,2,0,0,0,1,0,12,14.8,1.8,13.0,3.0,0.02,0.03,0.05,0.57,1,39
2025-26,35,707,Tyler Dibling,MID,Everton,9,13,1,2026-05-04T19:00:00Z,0,0,0,0,0,0,0,0,0.0,0.0,0.0,0.0,0.0,0.0,0.0,0.0,0,53
2025-26,35,708,Mateus Gonçalo Espanha Fernandes,MID,West Ham,19,5,0,2026-05-02T14:00:00Z,90,4,0,0,0,3,0,17,16.2,6.2,0.0,2.2,0.0,0.02,0.02,2.27,1,55
2025-26,35,709,Ladislav Krejcí,DEF,Wolves,20,17,1,2026-05-02T14:00:00Z,0,0,0,0,0,0,0,0,0.0,0.0,0.0,0.0,0.0,0.0,0.0,0.0,0,45
2025-26,35,710,Travis Patterson,DEF,Aston Villa,2,18,1,2026-05-03T18:00:00Z,0,0,0,0,0,0,0,0,0.0,0.0,0.0,0.0,0.0,0.0,0.0,0.0,0,39
2025-26,35,711,Andre Harriman-Annous,MID,Arsenal,1,10,1,2026-05-02T16:30:00Z,0,0,0,0,0,0,0,0,0.0,0.0,0.0,0.0,0.0,0.0,0.0,0.0,0,44
2025-26,35,712,Yéremy Pino Santos,MID,Crystal Palace,8,4,0,2026-05-03T13:00:00Z,45,1,0,0,0,2,0,3,0.0,3.0,0.0,0.3,0.0,0.03,0.03,1.49,1,58
2025-26,35,713,Álex Jiménez Sánchez,DEF,Bournemouth,4,8,1,2026-05-03T13:00:00Z,90,6,0,0,1,0,0,25,13.2,19.0,4.0,3.6,0.02,0.12,0.14,0.89,1,45
2025-26,35,714,Nick Woltemade,FWD,Newcastle,15,6,1,2026-05-02T14:00:00Z,0,0,0,0,0,0,0,0,0.0,0.0,0.0,0.0,0.0,0.0,0.0,0.0,0,67
2025-26,35,715,John Victor Maciel Furtado,GK,Nott'm Forest,16,7,0,2026-05-04T14:00:00Z,0,0,0,0,0,0,0,0,0.0,0.0,0.0,0.0,0.0,0.0,0.0,0.0,0,40
2025-26,35,716,Nicolò Savona,DEF,Nott'm Forest,16,7,0,2026-05-04T14:00:00Z,0,0,0,0,0,0,0,0,0.0,0.0,0.0,0.0,0.0,0.0,0.0,0.0,0,45
2025-26,35,717,Xavi Simons,MID,Spurs,18,2,0,2026-05-03T18:00:00Z,0,0,0,0,0,0,0,0,0.0,0.0,0.0,0.0,0.0,0.0,0.0,0.0,0,65
2025-26,35,718,Soungoutou Magassa,MID,West Ham,19,5,0,2026-05-02T14:00:00Z,2,1,0,0,0,0,0,3,0.6,0.3,0.0,0.1,0.0,0.0,0.0,0.1,0,50
2025-26,35,719,Victor Lindelöf,DEF,Aston Villa,2,18,1,2026-05-03T18:00:00Z,90,1,0,0,0,2,0,9,23.6,1.7,0.0,2.5,0.0,0.01,0.01,0.99,1,45
2025-26,35,720,Tolu Arokodare,FWD,Wolves,20,17,1,2026-05-02T14:00:00Z,90,2,0,0,0,1,0,9,9.2,0.3,59.0,6.9,0.58,0.02,0.6,0.66,1,52
2025-26,35,721,Veljko Milosavljevic,DEF,Bournemouth,4,8,1,2026-05-03T13:00:00Z,0,0,0,0,0,0,0,0,0.0,0.0,0.0,0.0,0.0,0.0,0.0,0.0,0,44
2025-26,35,722,Florentino Ibrain Morris Luís,MID,Burnley,3,11,0,2026-05-01T19:00:00Z,25,1,0,0,0,0,0,8,6.2,2.8,0.0,0.9,0.0,0.01,0.01,0.37,0,50
2025-26,35,723,Jaydee Canvot,DEF,Crystal Palace,8,4,0,2026-05-03T13:00:00Z,90,0,0,0,0,3,0,-4,14.0,0.8,0.0,1.5,0.0,0.0,0.0,2.08,1,45
2025-26,35,724,Lutsharel Geertruida,DEF,Sunderland,17,20,0,2026-05-02T14:00:00Z,0,0,0,0,0,0,0,0,0.0,0.0,0.0,0.0,0.0,0.0,0.0,0.0,0,45
2025-26,35,725,Piero Hincapié,DEF,Arsenal,1,10,1,2026-05-02T16:30:00Z,0,0,0,0,0,0,0,0,0.0,0.0,0.0,0.0,0.0,0.0,0.0,0.0,0,51
2025-26,35,726,Randal Kolo Muani,FWD,Spurs,18,2,0,2026-05-03T18:00:00Z,66,1,0,0,1,0,0,8,12.4,10.5,42.0,6.5,0.23,0.04,0.27,0.03,1,69
2025-26,35,727,Samuel Chukwueze,MID,Fulham,10,1,0,2026-05-02T16:30:00Z,63,2,0,0,0,3,0,6,3.6,15.2,4.0,2.3,0.02,0.01,0.03,2.92,1,53
2025-26,35,728,Merlin Röhl,MID,Everton,9,13,1,2026-05-04T19:00:00Z,90,5,0,1,0,2,0,12,0.6,1.0,7.0,0.9,0.07,0.0,0.07,1.34,1,50
2025-26,35,729,Luis Eduardo Soares da Silva,DEF,Nott'm Forest,16,7,0,2026-05-04T14:00:00Z,0,0,0,0,0,0,0,0,0.0,0.0,0.0,0.0,0.0,0.0,0.0,0.0,0,45
2025-26,35,730,Brian Brobbey,FWD,Sunderland,17,20,0,2026-05-02T14:00:00Z,71,1,0,0,0,1,0,4,0.0,12.2,7.0,1.7,0.06,0.07,0.13,1.28,1,53
2025-26,35,731,Kevin Santos Lopes de Macedo,MID,Fulham,10,1,0,2026-05-02T16:30:00Z,0,0,0,0,0,0,0,0,0.0,0.0,0.0,0.0,0.0,0.0,0.0,0.0,0,57
2025-26,35,732,Christantus Uche,FWD,Crystal Palace,8,4,0,2026-05-03T13:00:00Z,0,0,0,0,0,0,0,0,0.0,0.0,0.0,0.0,0.0,0.0,0.0,0.0,0,55
2025-26,35,733,Senne Lammens,GK,Man Utd,14,12,1,2026-05-03T14:30:00Z,90,2,0,0,0,2,0,4,15.2,0.0,0.0,1.5,0.0,0.0,0.0,0.89,1,51
2025-26,35,734,Dilane Bakwa,MID,Nott'm Forest,16,7,0,2026-05-04T14:00:00Z,79,7,0,1,1,0,1,26,24.8,27.2,2.0,5.4,0.0,0.25,0.25,1.27,1,59
2025-26,35,735,Bertrand Traoré,MID,Sunderland,17,20,0,2026-05-02T14:00:00Z,0,0,0,0,0,0,0,0,0.0,0.0,0.0,0.0,0.0,0.0,0.0,0.0,0,55
2025-26,35,736,Gianluigi Donnarumma,GK,Man City,13,9,0,2026-05-04T19:00:00Z,90,1,0,0,0,3,0,3,22.6,10.3,2.0,3.5,0.0,0.13,0.13,2.77,1,56
2025-26,35,737,Jonah Kusi-Asare,FWD,Fulham,10,1,0,2026-05-02T16:30:00Z,12,1,0,0,0,0,0,2,0.0,0.3,0.0,0.0,0.0,0.0,0.0,0.31,0,45
2025-26,35,738,Lukasz Fabianski,GK,West Ham,19,5,0,2026-05-02T14:00:00Z,0,0,0,0,0,0,0,0,0.0,0.0,0.0,0.0,0.0,0.0,0.0,0.0,0,45
2025-26,35,739,Divine Mukasa,MID,Man City,13,9,0,2026-05-04T19:00:00Z,0,0,0,0,0,0,0,0,0.0,0.0,0.0,0.0,0.0,0.0,0.0,0.0,0,44
2025-26,35,740,Stephen Mfuni,DEF,Man City,13,9,0,2026-05-04T19:00:00Z,0,0,0,0,0,0,0,0,0.0,0.0,0.0,0.0,0.0,0.0,0.0,0.0,0,39
2025-26,35,741,Harry Gray,FWD,Leeds,11,3,1,2026-05-01T19:00:00Z,0,0,0,0,0,0,0,0,0.0,0.0,0.0,0.0,0.0,0.0,0.0,0.0,0,45
2025-26,35,742,Ryan McAidoo,MID,Man City,13,9,0,2026-05-04T19:00:00Z,0,0,0,0,0,0,0,0,0.0,0.0,0.0,0.0,0.0,0.0,0.0,0.0,0,45
2025-26,35,743,Landon Emenalo,MID,Chelsea,7,16,1,2026-05-04T14:00:00Z,0,0,0,0,0,0,0,0,0.0,0.0,0.0,0.0,0.0,0.0,0.0,0.0,0,45
2025-26,35,744,Nehemiah Oriola,MID,Brighton,6,15,0,2026-05-02T14:00:00Z,0,0,0,0,0,0,0,0,0.0,0.0,0.0,0.0,0.0,0.0,0.0,0.0,0,45
2025-26,35,745,Jun'ai Byfield,DEF,Spurs,18,2,0,2026-05-03T18:00:00Z,0,0,0,0,0,0,0,0,0.0,0.0,0.0,0.0,0.0,0.0,0.0,0.0,0,40
2025-26,35,746,Kieran Morrison,MID,Liverpool,12,14,0,2026-05-03T14:30:00Z,0,0,0,0,0,0,0,0,0.0,0.0,0.0,0.0,0.0,0.0,0.0,0.0,0,45
2025-26,35,747,Ezra Mayers,DEF,West Ham,19,5,0,2026-05-02T14:00:00Z,0,0,0,0,0,0,0,0,0.0,0.0,0.0,0.0,0.0,0.0,0.0,0.0,0,40
2025-26,35,748,Josh Dasilva,MID,Brentford,5,19,1,2026-05-02T14:00:00Z,1,1,0,0,0,0,0,2,0.2,1.0,0.0,0.1,0.0,0.0,0.0,0.02,0,49
2025-26,35,749,Mateus Mané,FWD,Wolves,20,17,1,2026-05-02T14:00:00Z,90,2,0,0,0,1,0,16,13.6,34.0,12.0,6.0,0.07,0.2,0.27,0.66,1,43
2025-26,35,750,James Rowswell,DEF,Spurs,18,2,0,2026-05-03T18:00:00Z,0,0,0,0,0,0,0,0,0.0,0.0,0.0,0.0,0.0,0.0,0.0,0.0,0,40
2025-26,35,751,Yusuf Akhamrich,MID,Spurs,18,2,0,2026-05-03T18:00:00Z,0,0,0,0,0,0,0,0,0.0,0.0,0.0,0.0,0.0,0.0,0.0,0.0,0,45
2025-26,35,752,Airidas Golambeckis,DEF,West Ham,19,5,0,2026-05-02T14:00:00Z,0,0,0,0,0,0,0,0,0.0,0.0,0.0,0.0,0.0,0.0,0.0,0.0,0,40
2025-26,35,753,John Ruddy,GK,Newcastle,15,6,1,2026-05-02T14:00:00Z,0,0,0,0,0,0,0,0,0.0,0.0,0.0,0.0,0.0,0.0,0.0,0.0,0,40
2025-26,35,754,George Hemmings,MID,Aston Villa,2,18,1,2026-05-03T18:00:00Z,0,0,0,0,0,0,0,0,0.0,0.0,0.0,0.0,0.0,0.0,0.0,0.0,0,45
2025-26,35,755,Shea Lacey,MID,Man Utd,14,12,1,2026-05-03T14:30:00Z,0,0,0,0,0,0,0,0,0.0,0.0,0.0,0.0,0.0,0.0,0.0,0.0,0,45
2025-26,35,756,Malcom DaCosta,MID,Bournemouth,4,8,1,2026-05-03T13:00:00Z,0,0,0,0,0,0,0,0,0.0,0.0,0.0,0.0,0.0,0.0,0.0,0.0,0,45
2025-26,35,757,Ronnie Hollingshead,GK,Aston Villa,2,18,1,2026-05-03T18:00:00Z,0,0,0,0,0,0,0,0,0.0,0.0,0.0,0.0,0.0,0.0,0.0,0.0,0,40
2025-26,35,758,Mohamadou Kanté,MID,West Ham,19,5,0,2026-05-02T14:00:00Z,0,0,0,0,0,0,0,0,0.0,0.0,0.0,0.0,0.0,0.0,0.0,0.0,0,45
2025-26,35,759,Marli Salmon,DEF,Arsenal,1,10,1,2026-05-02T16:30:00Z,0,0,0,0,0,0,0,0,0.0,0.0,0.0,0.0,0.0,0.0,0.0,0.0,0,40
2025-26,35,760,Wellity Lucky,DEF,Liverpool,12,14,0,2026-05-03T14:30:00Z,0,0,0,0,0,0,0,0,0.0,0.0,0.0,0.0,0.0,0.0,0.0,0.0,0,40
2025-26,35,761,Freddie Simmonds,DEF,Brighton,6,15,0,2026-05-02T14:00:00Z,0,0,0,0,0,0,0,0,0.0,0.0,0.0,0.0,0.0,0.0,0.0,0.0,0,40
2025-26,35,762,Joél Drakes-Thomas,MID,Crystal Palace,8,4,0,2026-05-03T13:00:00Z,0,0,0,0,0,0,0,0,0.0,0.0,0.0,0.0,0.0,0.0,0.0,0.0,0,45
2025-26,35,763,Charlie Gray,MID,Man City,13,9,0,2026-05-04T19:00:00Z,0,0,0,0,0,0,0,0,0.0,0.0,0.0,0.0,0.0,0.0,0.0,0.0,0,45
2025-26,35,764,Reigan Heskey,MID,Man City,13,9,0,2026-05-04T19:00:00Z,0,0,0,0,0,0,0,0,0.0,0.0,0.0,0.0,0.0,0.0,0.0,0.0,0,45
2025-26,35,765,Leo Shahar,DEF,Newcastle,15,6,1,2026-05-02T14:00:00Z,0,0,0,0,0,0,0,0,0.0,0.0,0.0,0.0,0.0,0.0,0.0,0.0,0,40
2025-26,35,766,Saheed Olagunju,DEF,Wolves,20,17,1,2026-05-02T14:00:00Z,0,0,0,0,0,0,0,0,0.0,0.0,0.0,0.0,0.0,0.0,0.0,0.0,0,40
2025-26,35,767,Luke Rawlings,MID,Wolves,20,17,1,2026-05-02T14:00:00Z,0,0,0,0,0,0,0,0,0.0,0.0,0.0,0.0,0.0,0.0,0.0,0.0,0,45
2025-26,35,768,Leon Routh,DEF,Aston Villa,2,18,1,2026-05-03T18:00:00Z,0,0,0,0,0,0,0,0,0.0,0.0,0.0,0.0,0.0,0.0,0.0,0.0,0,40
2025-26,35,769,Bendito Mantato,MID,Man Utd,14,12,1,2026-05-03T14:30:00Z,0,0,0,0,0,0,0,0,0.0,0.0,0.0,0.0,0.0,0.0,0.0,0.0,0,45
2025-26,35,770,Seth Ridgeon,MID,Fulham,10,1,0,2026-05-02T16:30:00Z,0,0,0,0,0,0,0,0,0.0,0.0,0.0,0.0,0.0,0.0,0.0,0.0,0,45
2025-26,35,771,Tyler Fletcher,MID,Man Utd,14,12,1,2026-05-03T14:30:00Z,0,0,0,0,0,0,0,0,0.0,0.0,0.0,0.0,0.0,0.0,0.0,0.0,0,44
2025-26,35,772,Sam Alabi,MID,Newcastle,15,6,1,2026-05-02T14:00:00Z,0,0,0,0,0,0,0,0,0.0,0.0,0.0,0.0,0.0,0.0,0.0,0.0,0,45
2025-26,35,773,Dean Benamar,DEF,Crystal Palace,8,4,0,2026-05-03T13:00:00Z,0,0,0,0,0,0,0,0,0.0,0.0,0.0,0.0,0.0,0.0,0.0,0.0,0,40
2025-26,35,774,Jenson Jones,DEF,Sunderland,17,20,0,2026-05-02T14:00:00Z,0,0,0,0,0,0,0,0,0.0,0.0,0.0,0.0,0.0,0.0,0.0,0.0,0,40
2025-26,35,775,Tymur Tutierov,MID,Sunderland,17,20,0,2026-05-02T14:00:00Z,0,0,0,0,0,0,0,0,0.0,0.0,0.0,0.0,0.0,0.0,0.0,0.0,0,45
2025-26,35,776,Oliver Pimlott,MID,Burnley,3,11,0,2026-05-01T19:00:00Z,0,0,0,0,0,0,0,0,0.0,0.0,0.0,0.0,0.0,0.0,0.0,0.0,0,45
2025-26,35,777,Temple Ojinnaka,MID,Wolves,20,17,1,2026-05-02T14:00:00Z,0,0,0,0,0,0,0,0,0.0,0.0,0.0,0.0,0.0,0.0,0.0,0.0,0,45
2025-26,35,778,Ethan Sutherland,MID,Wolves,20,17,1,2026-05-02T14:00:00Z,0,0,0,0,0,0,0,0,0.0,0.0,0.0,0.0,0.0,0.0,0.0,0.0,0,45
2025-26,35,779,Braiden Graham,FWD,Everton,9,13,1,2026-05-04T19:00:00Z,0,0,0,0,0,0,0,0,0.0,0.0,0.0,0.0,0.0,0.0,0.0,0.0,0,45
2025-26,35,780,Ben Casey,FWD,Crystal Palace,8,4,0,2026-05-03T13:00:00Z,0,0,0,0,0,0,0,0,0.0,0.0,0.0,0.0,0.0,0.0,0.0,0.0,0,45
2025-26,35,781,TJ Carroll,DEF,Aston Villa,2,18,1,2026-05-03T18:00:00Z,0,0,0,0,0,0,0,0,0.0,0.0,0.0,0.0,0.0,0.0,0.0,0.0,0,40
2025-26,35,782,Fraser Forster,GK,Bournemouth,4,8,1,2026-05-03T13:00:00Z,0,0,0,0,0,0,0,0,0.0,0.0,0.0,0.0,0.0,0.0,0.0,0.0,0,40
2025-26,35,783,Pascal Groß,MID,Brighton,6,15,0,2026-05-02T14:00:00Z,90,2,0,0,0,3,0,11,10.4,23.5,13.0,4.7,0.18,0.05,0.23,3.16,1,55
2025-26,35,784,George Brierley,MID,Burnley,3,11,0,2026-05-01T19:00:00Z,0,0,0,0,0,0,0,0,0.0,0.0,0.0,0.0,0.0,0.0,0.0,0.0,0,45
2025-26,35,785,Pablo Felipe Pereira de Jesus,FWD,West Ham,19,5,0,2026-05-02T14:00:00Z,90,2,0,0,0,3,0,13,19.0,32.6,23.0,7.5,0.15,0.01,0.16,2.27,1,54
2025-26,35,786,Alfie McNally,GK,Fulham,10,1,0,2026-05-02T16:30:00Z,0,0,0,0,0,0,0,0,0.0,0.0,0.0,0.0,0.0,0.0,0.0,0.0,0,40
2025-26,35,787,Sam Chambers,MID,Leeds,11,3,1,2026-05-01T19:00:00Z,0,0,0,0,0,0,0,0,0.0,0.0,0.0,0.0,0.0,0.0,0.0,0.0,0,44
2025-26,35,788,Godwill Kukonki,DEF,Man Utd,14,12,1,2026-05-03T14:30:00Z,0,0,0,0,0,0,0,0,0.0,0.0,0.0,0.0,0.0,0.0,0.0,0.0,0,40
2025-26,35,789,Max Merrick,GK,Chelsea,7,16,1,2026-05-04T14:00:00Z,0,0,0,0,0,0,0,0,0.0,0.0,0.0,0.0,0.0,0.0,0.0,0.0,0,40
2025-26,35,790,Lucá Williams-Barnett,MID,Spurs,18,2,0,2026-05-03T18:00:00Z,0,0,0,0,0,0,0,0,0.0,0.0,0.0,0.0,0.0,0.0,0.0,0.0,0,45
2025-26,35,791,Valentín Castellanos,FWD,West Ham,19,5,0,2026-05-02T14:00:00Z,64,1,0,0,0,2,0,0,1.2,17.9,32.0,5.1,0.37,0.15,0.52,2.13,1,55
2025-26,35,792,Alysson Edward Franco da Rocha dos Santos,MID,Aston Villa,2,18,1,2026-05-03T18:00:00Z,0,0,0,0,0,0,0,0,0.0,0.0,0.0,0.0,0.0,0.0,0.0,0.0,0,50
2025-26,35,793,George King,DEF,Crystal Palace,8,4,0,2026-05-03T13:00:00Z,0,0,0,0,0,0,0,0,0.0,0.0,0.0,0.0,0.0,0.0,0.0,0.0,0,40
2025-26,35,794,Max Alleyne,DEF,Man City,13,9,0,2026-05-04T19:00:00Z,0,0,0,0,0,0,0,0,0.0,0.0,0.0,0.0,0.0,0.0,0.0,0.0,0,39
2025-26,35,795,Harry Howell,MID,Brighton,6,15,0,2026-05-02T14:00:00Z,0,0,0,0,0,0,0,0,0.0,0.0,0.0,0.0,0.0,0.0,0.0,0.0,0,45
2025-26,35,796,Conor Gallagher,MID,Spurs,18,2,0,2026-05-03T18:00:00Z,90,9,1,0,0,1,3,33,45.0,5.1,7.0,5.7,0.04,0.04,0.08,0.32,1,50
2025-26,35,797,Kaye Furo,FWD,Brentford,5,19,1,2026-05-02T14:00:00Z,1,1,0,0,0,0,0,2,0.0,0.0,0.0,0.0,0.0,0.0,0.0,0.02,0,45
2025-26,35,798,Danny Imray,DEF,Crystal Palace,8,4,0,2026-05-03T13:00:00Z,0,0,0,0,0,0,0,0,0.0,0.0,0.0,0.0,0.0,0.0,0.0,0.0,0,40
2025-26,35,799,Charlie Stevens,MID,Bournemouth,4,8,1,2026-05-03T13:00:00Z,0,0,0,0,0,0,0,0,0.0,0.0,0.0,0.0,0.0,0.0,0.0,0.0,0,45
2025-26,35,800,Djiamgone Jocelin Ta Bi,MID,Sunderland,17,20,0,2026-05-02T14:00:00Z,0,0,0,0,0,0,0,0,0.0,0.0,0.0,0.0,0.0,0.0,0.0,0.0,0,49
2025-26,35,801,Alex Tóth,MID,Bournemouth,4,8,1,2026-05-03T13:00:00Z,0,0,0,0,0,0,0,0,0.0,0.0,0.0,0.0,0.0,0.0,0.0,0.0,0,49
2025-26,35,802,Keiber Lamadrid,MID,West Ham,19,5,0,2026-05-02T14:00:00Z,0,0,0,0,0,0,0,0,0.0,0.0,0.0,0.0,0.0,0.0,0.0,0.0,0,50
2025-26,35,803,Teddy Sharman-Lowe,GK,Chelsea,7,16,1,2026-05-04T14:00:00Z,0,0,0,0,0,0,0,0,0.0,0.0,0.0,0.0,0.0,0.0,0.0,0.0,0,40
2025-26,35,804,João Victor de Souza Menezes,DEF,Spurs,18,2,0,2026-05-03T18:00:00Z,0,0,0,0,0,0,0,0,0.0,0.0,0.0,0.0,0.0,0.0,0.0,0.0,0,40
2025-26,35,805,Lorenzo Lucca,FWD,Nott'm Forest,16,7,0,2026-05-04T14:00:00Z,0,0,0,0,0,0,0,0,0.0,0.0,0.0,0.0,0.0,0.0,0.0,0.0,0,54
2025-26,35,806,Christos Mandas,GK,Bournemouth,4,8,1,2026-05-03T13:00:00Z,0,0,0,0,0,0,0,0,0.0,0.0,0.0,0.0,0.0,0.0,0.0,0.0,0,40
2025-26,35,807,Rayan Vitor Simplício Rocha,MID,Bournemouth,4,8,1,2026-05-03T13:00:00Z,85,8,1,0,1,0,0,25,34.6,5.6,47.0,8.7,0.57,0.23,0.8,0.35,1,54
2025-26,35,808,Tammy Abraham,FWD,Aston Villa,2,18,1,2026-05-03T18:00:00Z,59,1,0,0,0,2,0,2,0.2,1.3,0.0,0.2,0.0,0.0,0.0,0.96,1,58
2025-26,35,809,Jerome Abbey,MID,Wolves,20,17,1,2026-05-02T14:00:00Z,0,0,0,0,0,0,0,0,0.0,0.0,0.0,0.0,0.0,0.0,0.0,0.0,0,45
2025-26,35,810,Luka Bentt,MID,Brentford,5,19,1,2026-05-02T14:00:00Z,0,0,0,0,0,0,0,0,0.0,0.0,0.0,0.0,0.0,0.0,0.0,0.0,0,45
2025-26,35,811,Rio Kyerematen,MID,Spurs,18,2,0,2026-05-03T18:00:00Z,0,0,0,0,0,0,0,0,0.0,0.0,0.0,0.0,0.0,0.0,0.0,0.0,0,45
2025-26,35,812,Melker Ellborg,GK,Sunderland,17,20,0,2026-05-02T14:00:00Z,0,0,0,0,0,0,0,0,0.0,0.0,0.0,0.0,0.0,0.0,0.0,0.0,0,40
2025-26,35,813,Nilson Angulo,MID,Sunderland,17,20,0,2026-05-02T14:00:00Z,0,0,0,0,0,0,0,0,0.0,0.0,0.0,0.0,0.0,0.0,0.0,0.0,0,50
2025-26,35,814,Luca Netz,DEF,Nott'm Forest,16,7,0,2026-05-04T14:00:00Z,90,4,0,0,0,1,0,11,18.0,0.8,2.0,2.1,0.0,0.0,0.0,2.15,1,45
2025-26,35,815,Axel Disasi,DEF,West Ham,19,5,0,2026-05-02T14:00:00Z,90,1,0,0,0,3,0,1,11.0,0.8,2.0,1.4,0.0,0.0,0.0,2.27,1,45
2025-26,35,816,Angel Gomes,MID,Wolves,20,17,1,2026-05-02T14:00:00Z,12,1,0,0,0,0,0,2,1.0,1.8,0.0,0.3,0.0,0.02,0.02,0.1,0,46
2025-26,35,817,Adam Armstrong,FWD,Wolves,20,17,1,2026-05-02T14:00:00Z,90,2,0,0,0,1,0,9,11.8,13.3,44.0,6.9,0.32,0.17,0.49,0.66,1,52
2025-26,35,818,James Wilson,FWD,Spurs,18,2,0,2026-05-03T18:00:00Z,0,0,0,0,0,0,0,0,0.0,0.0,0.0,0.0,0.0,0.0,0.0,0.0,0,45
2025-26,35,819,Ollie Shield,DEF,Brentford,5,19,1,2026-05-02T14:00:00Z,0,0,0,0,0,0,0,0,0.0,0.0,0.0,0.0,0.0,0.0,0.0,0.0,0,40
2025-26,35,820,Kian McMahon-Brown,MID,Burnley,3,11,0,2026-05-01T19:00:00Z,0,0,0,0,0,0,0,0,0.0,0.0,0.0,0.0,0.0,0.0,0.0,0.0,0,45
2025-26,35,821,Jack Whittaker,MID,Sunderland,17,20,0,2026-05-02T14:00:00Z,0,0,0,0,0,0,0,0,0.0,0.0,0.0,0.0,0.0,0.0,0.0,0.0,0,45
2025-26,35,822,Jaydon Jones,MID,Sunderland,17,20,0,2026-05-02T14:00:00Z,0,0,0,0,0,0,0,0,0.0,0.0,0.0,0.0,0.0,0.0,0.0,0.0,0,45
2025-26,35,823,Joshua Stephenson,DEF,Brentford,5,19,1,2026-05-02T14:00:00Z,0,0,0,0,0,0,0,0,0.0,0.0,0.0,0.0,0.0,0.0,0.0,0.0,0,40
2025-26,35,824,Conor McManus,DEF,Brentford,5,19,1,2026-05-02T14:00:00Z,0,0,0,0,0,0,0,0,0.0,0.0,0.0,0.0,0.0,0.0,0.0,0.0,0,40
2025-26,35,825,Finlay Herrick,GK,West Ham,19,5,0,2026-05-02T14:00:00Z,0,0,0,0,0,0,0,0,0.0,0.0,0.0,0.0,0.0,0.0,0.0,0.0,0,40
2025-26,35,826,Riley Owen,MID,Brentford,5,19,1,2026-05-02T14:00:00Z,0,0,0,0,0,0,0,0,0.0,0.0,0.0,0.0,0.0,0.0,0.0,0.0,0,45
2025-26,35,827,Jim Thwaites,MID,Man Utd,14,12,1,2026-05-03T14:30:00Z,0,0,0,0,0,0,0,0,0.0,0.0,0.0,0.0,0.0,0.0,0.0,0.0,0,45
2025-26,35,828,Alfie Brooks,GK,Wolves,20,17,1,2026-05-02T14:00:00Z,0,0,0,0,0,0,0,0,0.0,0.0,0.0,0.0,0.0,0.0,0.0,0.0,0,40
2025-26,35,829,Jesse Derry,MID,Chelsea,7,16,1,2026-05-04T14:00:00Z,45,1,0,0,0,2,0,5,4.6,6.4,25.0,3.6,0.1,0.02,0.12,1.09,1,45
2025-26,35,830,Will Wright,FWD,Liverpool,12,14,0,2026-05-03T14:30:00Z,0,0,0,0,0,0,0,0,0.0,0.0,0.0,0.0,0.0,0.0,0.0,0.0,0,45
2025-26,35,831,Josh Gracey,GK,Wolves,20,17,1,2026-05-02T14:00:00Z,0,0,0,0,0,0,0,0,0.0,0.0,0.0,0.0,0.0,0.0,0.0,0.0,0,40
2025-26,35,832,Talla Ndiaye,DEF,Liverpool,12,14,0,2026-05-03T14:30:00Z,0,0,0,0,0,0,0,0,0.0,0.0,0.0,0.0,0.0,0.0,0.0,0.0,0,40
