season,gw,element,name,position,team,team_id,opponent_team,was_home,kickoff_time,minutes,total_points,goals_scored,assists,clean_sheets,goals_conceded,bonus,bps,influence,creativity,threat,ict_index,expected_goals,expected_assists,expected_goal_involvements,expected_goals_conceded,starts,value
2025-26,37,1,David Raya Martín,GK,Arsenal,1,3,1,2026-05-18T19:00:00Z,90,6,0,0,1,0,0,20,2.2,0.0,0.0,0.2,0.0,0.01,0.01,0.19,1,61
2025-26,37,2,Kepa Arrizabalaga Revuelta,GK,Arsenal,1,3,1,2026-05-18T19:00:00Z,0,0,0,0,0,0,0,0,0.0,0.0,0.0,0.0,0.0,0.0,0.0,0.0,0,40
2025-26,37,3,Karl Hein,GK,Arsenal,1,3,1,2026-05-18T19:00:00Z,0,0,0,0,0,0,0,0,0.0,0.0,0.0,0.0,0.0,0.0,0.0,0.0,0,40
2025-26,37,4,Tommy Setford,GK,Arsenal,1,3,1,2026-05-18T19:00:00Z,0,0,0,0,0,0,0,0,0.0,0.0,0.0,0.0,0.0,0.0,0.0,0.0,0,39
2025-26,37,5,Gabriel dos Santos Magalhães,DEF,Arsenal,1,3,1,2026-05-18T19:00:00Z,90,6,0,0,1,0,0,22,6.8,1.1,3.0,1.1,0.0,0.04,0.04,0.19,1,73
2025-26,37,6,William Saliba,DEF,Arsenal,1,3,1,2026-05-18T19:00:00Z,90,8,0,0,1,0,2,27,19.6,1.8,0.0,2.1,0.0,0.01,0.01,0.19,1,62
2025-26,37,7,Riccardo Calafiori,DEF,Arsenal,1,3,1,2026-05-18T19:00:00Z,71,8,0,0,1,0,2,27,11.8,33.3,6.0,5.1,0.0,0.13,0.13,0.19,1,56
2025-26,37,8,Jurriën Timber,DEF,Arsenal,1,3,1,2026-05-18T19:00:00Z,0,0,0,0,0,0,0,0,0.0,0.0,0.0,0.0,0.0,0.0,0.0,0.0,0,60
2025-26,37,9,Jakub Kiwior,DEF,Arsenal,1,3,1,2026-05-18T19:00:00Z,0,0,0,0,0,0,0,0,0.0,0.0,0.0,0.0,0.0,0.0,0.0,0.0,0,54
2025-26,37,10,Myles Lewis-Skelly,DEF,Arsenal,1,3,1,2026-05-18T19:00:00Z,17,1,0,0,0,0,0,3,0.0,0.3,0.0,0.0,0.0,0.0,0.0,0.0,0,50
2025-26,37,11,Benjamin White,DEF,Arsenal,1,3,1,2026-05-18T19:00:00Z,0,0,0,0,0,0,0,0,0.0,0.0,0.0,0.0,0.0,0.0,0.0,0.0,0,51
2025-26,37,12,Oleksandr Zinchenko,DEF,Nott'm Forest,16,14,0,2026-05-17T11:30:00Z,0,0,0,0,0,0,0,0,0.0,0.0,0.0,0.0,0.0,0.0,0.0,0.0,0,49
2025-26,37,13,Brayden Clarke,DEF,Arsenal,1,3,1,2026-05-18T19:00:00Z,0,0,0,0,0,0,0,0,0.0,0.0,0.0,0.0,0.0,0.0,0.0,0.0,0,37
2025-26,37,14,Maldini Kacurri,DEF,Arsenal,1,3,1,2026-05-18T19:00:00Z,0,0,0,0,0,0,0,0,0.0,0.0,0.0,0.0,0.0,0.0,0.0,0.0,0,39
2025-26,37,15,Josh Nichols,DEF,Arsenal,1,3,1,2026-05-18T19:00:00Z,0,0,0,0,0,0,0,0,0.0,0.0,0.0,0.0,0.0,0.0,0.0,0.0,0,37
2025-26,37,16,Bukayo Saka,MID,Arsenal,1,3,1,2026-05-18T19:00:00Z,90,10,0,1,1,0,2,27,24.4,18.7,24.0,6.7,0.2,0.29,0.49,0.19,1,100
2025-26,37,17,Martin Ødegaard,MID,Arsenal,1,3,1,2026-05-18T19:00:00Z,90,3,0,0,1,0,0,10,6.8,18.7,7.0,3.3,0.21,0.09,0.3,0.19,1,78
2025-26,37,18,Noni Madueke,MID,Arsenal,1,3,1,2026-05-18T19:00:00Z,0,0,0,0,0,0,0,0,0.0,0.0,0.0,0.0,0.0,0.0,0.0,0.0,0,68
2025-26,37,19,Gabriel Martinelli Silva,MID,Arsenal,1,3,1,2026-05-18T19:00:00Z,1,1,0,0,0,0,0,3,0.0,0.0,2.0,0.2,0.0,0.0,0.0,0.0,0,68
2025-26,37,20,Leandro Trossard,MID,Arsenal,1,3,1,2026-05-18T19:00:00Z,90,3,0,0,1,0,0,12,0.8,14.3,7.0,2.2,0.08,0.11,0.18,0.19,1,65
2025-26,37,21,Declan Rice,MID,Arsenal,1,3,1,2026-05-18T19:00:00Z,90,5,0,0,1,0,0,19,24.6,6.3,4.0,3.5,0.0,0.04,0.04,0.19,1,72
2025-26,37,22,Mikel Merino Zazón,MID,Arsenal,1,3,1,2026-05-18T19:00:00Z,0,0,0,0,0,0,0,0,0.0,0.0,0.0,0.0,0.0,0.0,0.0,0.0,0,53
2025-26,37,23,Fábio Ferreira Vieira,MID,Arsenal,1,3,1,2026-05-18T19:00:00Z,0,0,0,0,0,0,0,0,0.0,0.0,0.0,0.0,0.0,0.0,0.0,0.0,0,54
2025-26,37,24,Christian Nørgaard,MID,Arsenal,1,3,1,2026-05-18T19:00:00Z,0,0,0,0,0,0,0,0,0.0,0.0,0.0,0.0,0.0,0.0,0.0,0.0,0,51
2025-26,37,25,Ethan Nwaneri,MID,Arsenal,1,3,1,2026-05-18T19:00:00Z,0,0,0,0,0,0,0,0,0.0,0.0,0.0,0.0,0.0,0.0,0.0,0.0,0,50
2025-26,37,26,Martín Zubimendi Ibáñez,MID,Arsenal,1,3,1,2026-05-18T19:00:00Z,1,1,0,0,0,0,0,3,0.0,0.0,0.0,0.0,0.0,0.0,0.0,0.0,0,49
2025-26,37,27,Reiss Nelson,MID,Brentford,5,8,1,2026-05-17T14:00:00Z,0,0,0,0,0,0,0,0,0.0,0.0,0.0,0.0,0.0,0.0,0.0,0.0,0,48
2025-26,37,28,Ismeal Kabia,MID,Arsenal,1,3,1,2026-05-18T19:00:00Z,0,0,0,0,0,0,0,0,0.0,0.0,0.0,0.0,0.0,0.0,0.0,0.0,0,45
2025-26,37,29,Albert Sambi Lokonga,MID,Arsenal,1,3,1,2026-05-18T19:00:00Z,0,0,0,0,0,0,0,0,0.0,0.0,0.0,0.0,0.0,0.0,0.0,0.0,0,45
2025-26,37,30,Kai Havertz,FWD,Arsenal,1,3,1,2026-05-18T19:00:00Z,72,8,1,0,1,0,3,34,35.4,36.2,54.0,12.6,0.39,0.33,0.72,0.19,1,73
2025-26,37,31,Gabriel Fernando de Jesus,FWD,Arsenal,1,3,1,2026-05-18T19:00:00Z,0,0,0,0,0,0,0,0,0.0,0.0,0.0,0.0,0.0,0.0,0.0,0.0,0,64
2025-26,37,32,Emiliano Martínez Romero,GK,Aston Villa,2,12,1,2026-05-15T19:00:00Z,90,2,0,0,0,2,0,7,20.6,0.0,0.0,2.1,0.0,0.01,0.01,1.43,1,51
2025-26,37,33,Marco Bizot,GK,Aston Villa,2,12,1,2026-05-15T19:00:00Z,0,0,0,0,0,0,0,0,0.0,0.0,0.0,0.0,0.0,0.0,0.0,0.0,0,42
2025-26,37,34,Joe Gauci,GK,Aston Villa,2,12,1,2026-05-15T19:00:00Z,0,0,0,0,0,0,0,0,0.0,0.0,0.0,0.0,0.0,0.0,0.0,0.0,0,40
2025-26,37,35,Filip Marschall,GK,Aston Villa,2,12,1,2026-05-15T19:00:00Z,0,0,0,0,0,0,0,0,0.0,0.0,0.0,0.0,0.0,0.0,0.0,0.0,0,40
2025-26,37,36,Matty Cash,DEF,Aston Villa,2,12,1,2026-05-15T19:00:00Z,90,0,0,0,0,2,0,3,16.6,12.4,2.0,3.1,0.01,0.01,0.02,1.43,1,47
2025-26,37,37,Lucas Digne,DEF,Aston Villa,2,12,1,2026-05-15T19:00:00Z,90,4,0,1,0,2,0,9,23.4,16.3,4.0,4.4,0.04,0.06,0.1,1.43,1,45
2025-26,37,38,Ezri Konsa Ngoyo,DEF,Aston Villa,2,12,1,2026-05-15T19:00:00Z,90,1,0,0,0,2,0,9,13.6,0.9,0.0,1.5,0.0,0.01,0.01,1.43,1,44
2025-26,37,39,Ian Maatsen,DEF,Aston Villa,2,12,1,2026-05-15T19:00:00Z,5,1,0,0,0,1,0,-1,1.0,0.0,0.0,0.1,0.0,0.0,0.0,0.27,0,42
2025-26,37,40,Tyrone Mings,DEF,Aston Villa,2,12,1,2026-05-15T19:00:00Z,0,0,0,0,0,0,0,0,0.0,0.0,0.0,0.0,0.0,0.0,0.0,0.0,0,43
2025-26,37,41,Pau Torres,DEF,Aston Villa,2,12,1,2026-05-15T19:00:00Z,90,4,0,1,0,2,0,13,17.6,0.3,17.0,3.5,0.55,0.0,0.55,1.43,1,43
2025-26,37,42,Andrés García,DEF,Aston Villa,2,12,1,2026-05-15T19:00:00Z,0,0,0,0,0,0,0,0,0.0,0.0,0.0,0.0,0.0,0.0,0.0,0.0,0,39
2025-26,37,43,Álex Moreno Lopera,DEF,Aston Villa,2,12,1,2026-05-15T19:00:00Z,0,0,0,0,0,0,0,0,0.0,0.0,0.0,0.0,0.0,0.0,0.0,0.0,0,40
2025-26,37,44,Lamare Bogarde,DEF,Aston Villa,2,12,1,2026-05-15T19:00:00Z,0,0,0,0,0,0,0,0,0.0,0.0,0.0,0.0,0.0,0.0,0.0,0.0,0,40
2025-26,37,45,Lino da Cruz Sousa,DEF,Aston Villa,2,12,1,2026-05-15T19:00:00Z,0,0,0,0,0,0,0,0,0.0,0.0,0.0,0.0,0.0,0.0,0.0,0.0,0,38
2025-26,37,46,Yasin Özcan,DEF,Aston Villa,2,12,1,2026-05-15T19:00:00Z,0,0,0,0,0,0,0,0,0.0,0.0,0.0,0.0,0.0,0.0,0.0,0.0,0,40
2025-26,37,47,Morgan Rogers,MID,Aston Villa,2,12,1,2026-05-15T19:00:00Z,90,12,1,1,0,2,2,50,65.6,51.8,21.0,13.8,0.05,0.27,0.32,1.43,1,74
2025-26,37,48,Youri Tielemans,MID,Aston Villa,2,12,1,2026-05-15T19:00:00Z,89,2,0,0,0,1,0,17,13.2,16.9,7.0,3.7,0.02,0.02,0.04,1.16,1,59
2025-26,37,49,Leon Bailey,MID,Aston Villa,2,12,1,2026-05-15T19:00:00Z,0,0,0,0,0,0,0,0,0.0,0.0,0.0,0.0,0.0,0.0,0.0,0.0,0,55
2025-26,37,50,Emiliano Buendía Stati,MID,Aston Villa,2,12,1,2026-05-15T19:00:00Z,84,2,0,0,0,1,0,13,6.4,25.0,6.0,3.7,0.02,0.21,0.23,1.16,1,53
2025-26,37,51,Samuel Iling-Junior,MID,Aston Villa,2,12,1,2026-05-15T19:00:00Z,0,0,0,0,0,0,0,0,0.0,0.0,0.0,0.0,0.0,0.0,0.0,0.0,0,55
2025-26,37,52,Jacob Ramsey,MID,Newcastle,15,19,1,2026-05-17T16:30:00Z,90,9,0,1,0,1,2,35,32.0,29.4,10.0,7.1,0.0,0.19,0.19,0.95,1,53
2025-26,37,53,Donyell Malen,MID,Aston Villa,2,12,1,2026-05-15T19:00:00Z,0,0,0,0,0,0,0,0,0.0,0.0,0.0,0.0,0.0,0.0,0.0,0.0,0,51
2025-26,37,54,John McGinn,MID,Aston Villa,2,12,1,2026-05-15T19:00:00Z,89,6,1,0,0,1,0,26,35.2,3.4,11.0,5.0,0.03,0.01,0.04,1.16,1,53
2025-26,37,55,Ross Barkley,MID,Aston Villa,2,12,1,2026-05-15T19:00:00Z,45,1,0,0,0,2,0,7,5.0,1.5,2.0,0.9,0.02,0.01,0.03,1.24,0,48
2025-26,37,56,Enzo Barrenechea,MID,Aston Villa,2,12,1,2026-05-15T19:00:00Z,0,0,0,0,0,0,0,0,0.0,0.0,0.0,0.0,0.0,0.0,0.0,0.0,0,50
2025-26,37,57,Lewis Dobbin,MID,Aston Villa,2,12,1,2026-05-15T19:00:00Z,0,0,0,0,0,0,0,0,0.0,0.0,0.0,0.0,0.0,0.0,0.0,0.0,0,50
2025-26,37,58,Boubacar Kamara,MID,Aston Villa,2,12,1,2026-05-15T19:00:00Z,0,0,0,0,0,0,0,0,0.0,0.0,0.0,0.0,0.0,0.0,0.0,0.0,0,49
2025-26,37,59,Amadou Onana,MID,Aston Villa,2,12,1,2026-05-15T19:00:00Z,0,0,0,0,0,0,0,0,0.0,0.0,0.0,0.0,0.0,0.0,0.0,0.0,0,48
2025-26,37,60,Ben Broggio,MID,Aston Villa,2,12,1,2026-05-15T19:00:00Z,0,0,0,0,0,0,0,0,0.0,0.0,0.0,0.0,0.0,0.0,0.0,0.0,0,44
2025-26,37,61,Leander Dendoncker,MID,Aston Villa,2,12,1,2026-05-15T19:00:00Z,0,0,0,0,0,0,0,0,0.0,0.0,0.0,0.0,0.0,0.0,0.0,0.0,0,45
2025-26,37,62,Jamaldeen Jimoh-Aloba,MID,Aston Villa,2,12,1,2026-05-15T19:00:00Z,0,0,0,0,0,0,0,0,0.0,0.0,0.0,0.0,0.0,0.0,0.0,0.0,0,45
2025-26,37,63,Kadan Young,MID,Aston Villa,2,12,1,2026-05-15T19:00:00Z,0,0,0,0,0,0,0,0,0.0,0.0,0.0,0.0,0.0,0.0,0.0,0.0,0,43
2025-26,37,64,Ollie Watkins,FWD,Aston Villa,2,12,1,2026-05-15T19:00:00Z,90,15,2,1,0,2,3,65,90.2,12.3,129.0,23.2,1.52,0.02,1.54,1.43,1,87
2025-26,37,65,Zépiqueno Redmond,FWD,Aston Villa,2,12,1,2026-05-15T19:00:00Z,0,0,0,0,0,0,0,0,0.0,0.0,0.0,0.0,0.0,0.0,0.0,0.0,0,45
2025-26,37,66,Norberto Murara Neto,GK,Bournemouth,4,13,1,2026-05-19T18:30:00Z,0,0,0,0,0,0,0,0,0.0,0.0,0.0,0.0,0.0,0.0,0.0,0.0,0,45
2025-26,37,67,Đorđe Petrović,GK,Bournemouth,4,13,1,2026-05-19T18:30:00Z,90,3,0,0,0,1,0,13,22.4,0.0,0.0,2.2,0.0,0.0,0.0,1.67,1,46
2025-26,37,68,Will Dennis,GK,Bournemouth,4,13,1,2026-05-19T18:30:00Z,0,0,0,0,0,0,0,0,0.0,0.0,0.0,0.0,0.0,0.0,0.0,0.0,0,40
2025-26,37,69,Callan McKenna,GK,Bournemouth,4,13,1,2026-05-19T18:30:00Z,0,0,0,0,0,0,0,0,0.0,0.0,0.0,0.0,0.0,0.0,0.0,0.0,0,39
2025-26,37,70,Alex Paulsen,GK,Bournemouth,4,13,1,2026-05-19T18:30:00Z,0,0,0,0,0,0,0,0,0.0,0.0,0.0,0.0,0.0,0.0,0.0,0.0,0,40
2025-26,37,71,Illia Zabarnyi,DEF,Bournemouth,4,13,1,2026-05-19T18:30:00Z,0,0,0,0,0,0,0,0,0.0,0.0,0.0,0.0,0.0,0.0,0.0,0.0,0,50
2025-26,37,72,Marcos Senesi Barón,DEF,Bournemouth,4,13,1,2026-05-19T18:30:00Z,90,4,0,0,0,1,0,13,22.2,1.0,0.0,2.3,0.0,0.01,0.01,1.67,1,52
2025-26,37,73,Adam Smith,DEF,Bournemouth,4,13,1,2026-05-19T18:30:00Z,89,6,0,0,1,0,0,18,14.8,1.4,0.0,1.6,0.0,0.01,0.01,1.16,1,44
2025-26,37,74,Adrien Truffert,DEF,Bournemouth,4,13,1,2026-05-19T18:30:00Z,90,4,0,1,0,1,0,17,33.2,27.8,6.0,6.7,0.0,0.19,0.19,1.67,1,47
2025-26,37,75,Matai Akinmboni,DEF,Bournemouth,4,13,1,2026-05-19T18:30:00Z,0,0,0,0,0,0,0,0,0.0,0.0,0.0,0.0,0.0,0.0,0.0,0.0,0,38
2025-26,37,76,Owen Bevan,DEF,Bournemouth,4,13,1,2026-05-19T18:30:00Z,0,0,0,0,0,0,0,0,0.0,0.0,0.0,0.0,0.0,0.0,0.0,0.0,0,38
2025-26,37,77,James Hill,DEF,Bournemouth,4,13,1,2026-05-19T18:30:00Z,90,1,0,0,0,1,0,8,17.2,10.1,8.0,3.5,0.1,0.0,0.1,1.67,1,42
2025-26,37,78,Julián Araujo Zúñiga,DEF,Bournemouth,4,13,1,2026-05-19T18:30:00Z,0,0,0,0,0,0,0,0,0.0,0.0,0.0,0.0,0.0,0.0,0.0,0.0,0,38
2025-26,37,79,Chris Mepham,DEF,Bournemouth,4,13,1,2026-05-19T18:30:00Z,0,0,0,0,0,0,0,0,0.0,0.0,0.0,0.0,0.0,0.0,0.0,0.0,0,40
2025-26,37,80,Julio Soler Barreto,DEF,Bournemouth,4,13,1,2026-05-19T18:30:00Z,0,0,0,0,0,0,0,0,0.0,0.0,0.0,0.0,0.0,0.0,0.0,0.0,0,39
2025-26,37,81,Justin Kluivert,MID,Bournemouth,4,13,1,2026-05-19T18:30:00Z,14,0,0,0,0,1,0,-2,1.2,0.3,0.0,0.2,0.0,0.0,0.0,0.67,0,69
2025-26,37,82,Antoine Semenyo,MID,Man City,13,4,0,2026-05-19T18:30:00Z,55,1,0,0,0,1,0,5,6.2,15.2,13.0,3.4,0.03,0.06,0.09,0.75,1,81
2025-26,37,83,Dango Ouattara,MID,Brentford,5,8,1,2026-05-17T14:00:00Z,90,15,2,0,0,2,3,45,72.0,12.6,82.0,16.7,0.92,0.03,0.95,1.72,1,57
2025-26,37,84,Marcus Tavernier,MID,Bournemouth,4,13,1,2026-05-19T18:30:00Z,90,2,0,0,0,1,0,24,15.6,49.8,6.0,7.1,0.0,0.54,0.54,1.67,1,54
2025-26,37,85,Tyler Adams,MID,Bournemouth,4,13,1,2026-05-19T18:30:00Z,90,3,0,0,0,1,0,12,13.2,2.4,0.0,1.6,0.0,0.01,0.01,1.67,1,49
2025-26,37,86,David Brooks,MID,Bournemouth,4,13,1,2026-05-19T18:30:00Z,6,1,0,0,0,1,0,1,5.2,10.3,18.0,3.4,0.65,0.01,0.66,0.51,0,50
2025-26,37,87,Ryan Christie,MID,Bournemouth,4,13,1,2026-05-19T18:30:00Z,0,0,0,0,0,0,0,0,0.0,0.0,0.0,0.0,0.0,0.0,0.0,0.0,0,49
2025-26,37,88,Lewis Cook,MID,Bournemouth,4,13,1,2026-05-19T18:30:00Z,1,1,0,0,0,1,0,3,0.4,0.3,0.0,0.1,0.0,0.0,0.0,0.51,0,49
2025-26,37,89,Philip Billing,MID,Bournemouth,4,13,1,2026-05-19T18:30:00Z,0,0,0,0,0,0,0,0,0.0,0.0,0.0,0.0,0.0,0.0,0.0,0.0,0,49
2025-26,37,90,Alex Scott,MID,Bournemouth,4,13,1,2026-05-19T18:30:00Z,90,4,0,0,0,1,0,20,18.6,13.5,0.0,3.2,0.0,0.01,0.01,1.67,1,50
2025-26,37,91,Luis Sinisterra Lucumí,MID,Bournemouth,4,13,1,2026-05-19T18:30:00Z,0,0,0,0,0,0,0,0,0.0,0.0,0.0,0.0,0.0,0.0,0.0,0.0,0,50
2025-26,37,92,Romain Faivre,MID,Bournemouth,4,13,1,2026-05-19T18:30:00Z,0,0,0,0,0,0,0,0,0.0,0.0,0.0,0.0,0.0,0.0,0.0,0.0,0,45
2025-26,37,93,Hamed Traorè,MID,Bournemouth,4,13,1,2026-05-19T18:30:00Z,0,0,0,0,0,0,0,0,0.0,0.0,0.0,0.0,0.0,0.0,0.0,0.0,0,45
2025-26,37,94,Dominic Sadi,MID,Bournemouth,4,13,1,2026-05-19T18:30:00Z,0,0,0,0,0,0,0,0,0.0,0.0,0.0,0.0,0.0,0.0,0.0,0.0,0,45
2025-26,37,95,Zain Silcott-Duberry,MID,Bournemouth,4,13,1,2026-05-19T18:30:00Z,0,0,0,0,0,0,0,0,0.0,0.0,0.0,0.0,0.0,0.0,0.0,0.0,0,44
2025-26,37,96,Ben Winterburn,MID,Bournemouth,4,13,1,2026-05-19T18:30:00Z,0,0,0,0,0,0,0,0,0.0,0.0,0.0,0.0,0.0,0.0,0.0,0.0,0,45
2025-26,37,97,Francisco Evanilson de Lima Barbosa,FWD,Bournemouth,4,13,1,2026-05-19T18:30:00Z,88,2,0,0,1,0,0,14,13.4,12.3,14.0,4.0,0.71,0.04,0.75,1.16,1,67
2025-26,37,98,Enes Ünal,FWD,Bournemouth,4,13,1,2026-05-19T18:30:00Z,1,1,0,0,0,1,0,7,9.4,10.1,0.0,2.0,0.0,0.0,0.0,0.51,0,54
2025-26,37,99,Daniel Adu-Adjei,FWD,Bournemouth,4,13,1,2026-05-19T18:30:00Z,0,0,0,0,0,0,0,0,0.0,0.0,0.0,0.0,0.0,0.0,0.0,0.0,0,44
2025-26,37,100,Junior Kroupi,FWD,Bournemouth,4,13,1,2026-05-19T18:30:00Z,75,8,1,0,1,0,2,32,33.0,6.3,22.0,6.1,0.19,0.16,0.35,1.0,1,46
2025-26,37,101,Caoimhín Kelleher,GK,Brentford,5,8,1,2026-05-17T14:00:00Z,90,2,0,0,0,2,0,5,10.6,0.0,0.0,1.1,0.0,0.0,0.0,1.72,1,48
2025-26,37,102,Ellery Balcombe,GK,Brentford,5,8,1,2026-05-17T14:00:00Z,0,0,0,0,0,0,0,0,0.0,0.0,0.0,0.0,0.0,0.0,0.0,0.0,0,39
2025-26,37,103,Matthew Cox,GK,Brentford,5,8,1,2026-05-17T14:00:00Z,0,0,0,0,0,0,0,0,0.0,0.0,0.0,0.0,0.0,0.0,0.0,0.0,0,39
2025-26,37,104,Julian Eyestone,GK,Brentford,5,8,1,2026-05-17T14:00:00Z,0,0,0,0,0,0,0,0,0.0,0.0,0.0,0.0,0.0,0.0,0.0,0.0,0,39
2025-26,37,105,Hákon Rafn Valdimarsson,GK,Brentford,5,8,1,2026-05-17T14:00:00Z,0,0,0,0,0,0,0,0,0.0,0.0,0.0,0.0,0.0,0.0,0.0,0.0,0,38
2025-26,37,106,Nathan Collins,DEF,Brentford,5,8,1,2026-05-17T14:00:00Z,90,3,0,0,0,2,0,11,33.2,0.9,7.0,4.1,0.1,0.01,0.11,1.72,1,49
2025-26,37,107,Keane Lewis-Potter,DEF,Brentford,5,8,1,2026-05-17T14:00:00Z,90,1,0,0,0,2,0,3,3.4,1.9,5.0,1.0,0.09,0.02,0.11,1.72,1,48
2025-26,37,108,Kristoffer Ajer,DEF,Brentford,5,8,1,2026-05-17T14:00:00Z,81,3,0,0,0,2,0,10,19.6,0.3,0.0,2.0,0.0,0.0,0.0,1.69,1,44
2025-26,37,109,Rico Henry,DEF,Brentford,5,8,1,2026-05-17T14:00:00Z,0,0,0,0,0,0,0,0,0.0,0.0,0.0,0.0,0.0,0.0,0.0,0.0,0,43
2025-26,37,110,Michael Kayode,DEF,Brentford,5,8,1,2026-05-17T14:00:00Z,90,0,0,0,0,2,0,1,10.2,10.8,0.0,2.1,0.0,0.06,0.06,1.72,1,46
2025-26,37,111,Ethan Pinnock,DEF,Brentford,5,8,1,2026-05-17T14:00:00Z,0,0,0,0,0,0,0,0,0.0,0.0,0.0,0.0,0.0,0.0,0.0,0.0,0,42
2025-26,37,112,Mads Roerslev Rasmussen,DEF,Brentford,5,8,1,2026-05-17T14:00:00Z,0,0,0,0,0,0,0,0,0.0,0.0,0.0,0.0,0.0,0.0,0.0,0.0,0,45
2025-26,37,113,Sepp van den Berg,DEF,Brentford,5,8,1,2026-05-17T14:00:00Z,8,4,0,1,0,0,0,19,28.0,10.4,9.0,4.7,0.18,0.48,0.66,0.03,0,44
2025-26,37,114,Benjamin Arthur,DEF,Brentford,5,8,1,2026-05-17T14:00:00Z,0,0,0,0,0,0,0,0,0.0,0.0,0.0,0.0,0.0,0.0,0.0,0.0,0,38
2025-26,37,115,Benjamin Fredrick,DEF,Brentford,5,8,1,2026-05-17T14:00:00Z,0,0,0,0,0,0,0,0,0.0,0.0,0.0,0.0,0.0,0.0,0.0,0.0,0,40
2025-26,37,116,Aaron Hickey,DEF,Brentford,5,8,1,2026-05-17T14:00:00Z,0,0,0,0,0,0,0,0,0.0,0.0,0.0,0.0,0.0,0.0,0.0,0.0,0,40
2025-26,37,117,Kim Ji-soo,DEF,Brentford,5,8,1,2026-05-17T14:00:00Z,0,0,0,0,0,0,0,0,0.0,0.0,0.0,0.0,0.0,0.0,0.0,0.0,0,39
2025-26,37,118,Jayden Meghoma,DEF,Brentford,5,8,1,2026-05-17T14:00:00Z,0,0,0,0,0,0,0,0,0.0,0.0,0.0,0.0,0.0,0.0,0.0,0.0,0,40
2025-26,37,119,Bryan Mbeumo,MID,Man Utd,14,16,1,2026-05-17T11:30:00Z,79,7,1,0,0,2,0,18,28.0,6.8,46.0,8.1,2.57,0.02,2.59,1.62,1,83
2025-26,37,120,Kevin Schade,MID,Brentford,5,8,1,2026-05-17T14:00:00Z,27,1,0,0,0,0,0,-1,0.0,0.3,13.0,0.9,0.21,0.0,0.21,0.05,0,68
2025-26,37,121,Mikkel Damsgaard,MID,Brentford,5,8,1,2026-05-17T14:00:00Z,90,2,0,0,0,2,0,13,9.0,30.8,3.0,4.3,0.03,0.35,0.38,1.72,1,56
2025-26,37,122,Antoni Milambo,MID,Brentford,5,8,1,2026-05-17T14:00:00Z,0,0,0,0,0,0,0,0,0.0,0.0,0.0,0.0,0.0,0.0,0.0,0.0,0,52
2025-26,37,123,Fábio Freitas Gouveia Carvalho,MID,Brentford,5,8,1,2026-05-17T14:00:00Z,0,0,0,0,0,0,0,0,0.0,0.0,0.0,0.0,0.0,0.0,0.0,0.0,0,46
2025-26,37,124,Jordan Henderson,MID,Brentford,5,8,1,2026-05-17T14:00:00Z,27,1,0,0,0,0,0,4,4.0,11.5,2.0,1.8,0.0,0.03,0.03,0.05,0,50
2025-26,37,125,Vitaly Janelt,MID,Brentford,5,8,1,2026-05-17T14:00:00Z,62,2,0,0,0,2,0,13,6.6,20.6,0.0,2.7,0.0,0.21,0.21,1.67,1,49
2025-26,37,126,Mathias Jensen,MID,Brentford,5,8,1,2026-05-17T14:00:00Z,62,2,0,0,0,2,0,10,6.2,18.8,6.0,3.1,0.0,0.05,0.05,1.67,1,49
2025-26,37,127,Gustavo Nunes Fernandes Gomes,MID,Brentford,5,8,1,2026-05-17T14:00:00Z,0,0,0,0,0,0,0,0,0.0,0.0,0.0,0.0,0.0,0.0,0.0,0.0,0,49
2025-26,37,128,Frank Onyeka,MID,Brentford,5,8,1,2026-05-17T14:00:00Z,0,0,0,0,0,0,0,0,0.0,0.0,0.0,0.0,0.0,0.0,0.0,0.0,0,48
2025-26,37,129,Yehor Yarmoliuk,MID,Brentford,5,8,1,2026-05-17T14:00:00Z,88,8,0,1,0,2,1,24,25.2,4.1,2.0,3.1,0.0,0.03,0.03,1.69,1,50
2025-26,37,130,Romelle Donovan,MID,Brentford,5,8,1,2026-05-17T14:00:00Z,0,0,0,0,0,0,0,0,0.0,0.0,0.0,0.0,0.0,0.0,0.0,0.0,0,44
2025-26,37,131,Yunus Emre Konak,MID,Brentford,5,8,1,2026-05-17T14:00:00Z,0,0,0,0,0,0,0,0,0.0,0.0,0.0,0.0,0.0,0.0,0.0,0.0,0,43
2025-26,37,132,Paris Maghoma,MID,Brentford,5,8,1,2026-05-17T14:00:00Z,0,0,0,0,0,0,0,0,0.0,0.0,0.0,0.0,0.0,0.0,0.0,0.0,0,45
2025-26,37,133,Myles Peart-Harris,MID,Brentford,5,8,1,2026-05-17T14:00:00Z,0,0,0,0,0,0,0,0,0.0,0.0,0.0,0.0,0.0,0.0,0.0,0.0,0,44
2025-26,37,134,Ryan Trevitt,MID,Brentford,5,8,1,2026-05-17T14:00:00Z,0,0,0,0,0,0,0,0,0.0,0.0,0.0,0.0,0.0,0.0,0.0,0.0,0,45
2025-26,37,135,Yoane Wissa,FWD,Newcastle,15,19,1,2026-05-17T16:30:00Z,5,1,0,0,0,0,0,5,2.0,0.0,0.0,0.2,0.0,0.0,0.0,0.05,0,73
2025-26,37,136,Igor Thiago Nascimento Rodrigues,FWD,Brentford,5,8,1,2026-05-17T14:00:00Z,90,2,0,0,0,2,0,0,10.0,11.8,14.0,3.6,0.11,0.05,0.16,1.72,1,73
2025-26,37,137,Iwan Morgan,FWD,Brentford,5,8,1,2026-05-17T14:00:00Z,0,0,0,0,0,0,0,0,0.0,0.0,0.0,0.0,0.0,0.0,0.0,0.0,0,44
2025-26,37,138,Jason Steele,GK,Brighton,6,11,0,2026-05-17T14:00:00Z,0,0,0,0,0,0,0,0,0.0,0.0,0.0,0.0,0.0,0.0,0.0,0.0,0,42
2025-26,37,139,Bart Verbruggen,GK,Brighton,6,11,0,2026-05-17T14:00:00Z,90,2,0,0,0,1,0,5,7.6,0.0,0.0,0.8,0.0,0.0,0.0,0.39,1,46
2025-26,37,140,Tom McGill,GK,Brighton,6,11,0,2026-05-17T14:00:00Z,0,0,0,0,0,0,0,0,0.0,0.0,0.0,0.0,0.0,0.0,0.0,0.0,0,39
2025-26,37,141,Carl Rushworth,GK,Brighton,6,11,0,2026-05-17T14:00:00Z,0,0,0,0,0,0,0,0,0.0,0.0,0.0,0.0,0.0,0.0,0.0,0.0,0,40
2025-26,37,142,Kjell Scherpen,GK,Brighton,6,11,0,2026-05-17T14:00:00Z,0,0,0,0,0,0,0,0,0.0,0.0,0.0,0.0,0.0,0.0,0.0,0.0,0,40
2025-26,37,143,Olivier Boscagli,DEF,Brighton,6,11,0,2026-05-17T14:00:00Z,0,0,0,0,0,0,0,0,0.0,0.0,0.0,0.0,0.0,0.0,0.0,0.0,0,42
2025-26,37,144,Diego Coppola,DEF,Brighton,6,11,0,2026-05-17T14:00:00Z,0,0,0,0,0,0,0,0,0.0,0.0,0.0,0.0,0.0,0.0,0.0,0.0,0,42
2025-26,37,145,Maxim De Cuyper,DEF,Brighton,6,11,0,2026-05-17T14:00:00Z,90,2,0,0,0,1,0,13,17.6,47.8,7.0,7.2,0.09,0.5,0.59,0.39,1,43
2025-26,37,146,Lewis Dunk,DEF,Brighton,6,11,0,2026-05-17T14:00:00Z,90,2,0,0,0,1,0,13,19.6,12.3,7.0,3.9,0.23,0.01,0.24,0.39,1,45
2025-26,37,147,Pervis Estupiñán Tenorio,DEF,Brighton,6,11,0,2026-05-17T14:00:00Z,0,0,0,0,0,0,0,0,0.0,0.0,0.0,0.0,0.0,0.0,0.0,0.0,0,45
2025-26,37,148,Ferdi Kadıoğlu,DEF,Brighton,6,11,0,2026-05-17T14:00:00Z,90,2,0,0,0,1,0,13,16.2,38.6,27.0,8.2,0.01,0.66,0.67,0.39,1,44
2025-26,37,149,Igor Julio dos Santos de Paulo,DEF,Brighton,6,11,0,2026-05-17T14:00:00Z,0,0,0,0,0,0,0,0,0.0,0.0,0.0,0.0,0.0,0.0,0.0,0.0,0,45
2025-26,37,150,Tariq Lamptey,DEF,Brighton,6,11,0,2026-05-17T14:00:00Z,0,0,0,0,0,0,0,0,0.0,0.0,0.0,0.0,0.0,0.0,0.0,0.0,0,44
2025-26,37,151,Jan Paul van Hecke,DEF,Brighton,6,11,0,2026-05-17T14:00:00Z,90,2,0,0,0,1,0,6,18.0,14.3,13.0,4.5,0.94,0.07,1.01,0.39,1,47
2025-26,37,152,Joël Veltman,DEF,Brighton,6,11,0,2026-05-17T14:00:00Z,64,6,0,0,1,0,0,22,8.0,3.7,5.0,1.7,0.16,0.06,0.22,0.22,1,43
2025-26,37,153,Adam Webster,DEF,Brighton,6,11,0,2026-05-17T14:00:00Z,0,0,0,0,0,0,0,0,0.0,0.0,0.0,0.0,0.0,0.0,0.0,0.0,0,44
2025-26,37,154,Eiran Cashin,DEF,Brighton,6,11,0,2026-05-17T14:00:00Z,0,0,0,0,0,0,0,0,0.0,0.0,0.0,0.0,0.0,0.0,0.0,0.0,0,40
2025-26,37,155,Jacob Slater,DEF,Brighton,6,11,0,2026-05-17T14:00:00Z,0,0,0,0,0,0,0,0,0.0,0.0,0.0,0.0,0.0,0.0,0.0,0.0,0,40
2025-26,37,156,Charlie Tasker,DEF,Brighton,6,11,0,2026-05-17T14:00:00Z,0,0,0,0,0,0,0,0,0.0,0.0,0.0,0.0,0.0,0.0,0.0,0.0,0,38
2025-26,37,157,Mitoma Kaoru,MID,Brighton,6,11,0,2026-05-17T14:00:00Z,0,0,0,0,0,0,0,0,0.0,0.0,0.0,0.0,0.0,0.0,0.0,0.0,0,61
2025-26,37,158,Georginio Rutter,MID,Brighton,6,11,0,2026-05-17T14:00:00Z,25,1,0,0,0,1,0,3,5.2,13.3,26.0,4.5,0.36,0.32,0.68,0.17,0,56
2025-26,37,159,Solly March,MID,Brighton,6,11,0,2026-05-17T14:00:00Z,1,1,0,0,0,1,0,2,0.0,0.3,0.0,0.0,0.0,0.0,0.0,0.07,0,58
2025-26,37,160,Yankuba Minteh,MID,Brighton,6,11,0,2026-05-17T14:00:00Z,90,3,0,0,1,0,0,12,13.0,25.3,4.0,4.2,0.0,0.29,0.29,0.32,1,55
2025-26,37,161,Julio Enciso Espínola,MID,Brighton,6,11,0,2026-05-17T14:00:00Z,0,0,0,0,0,0,0,0,0.0,0.0,0.0,0.0,0.0,0.0,0.0,0.0,0,54
2025-26,37,162,Brajan Gruda,MID,Brighton,6,11,0,2026-05-17T14:00:00Z,0,0,0,0,0,0,0,0,0.0,0.0,0.0,0.0,0.0,0.0,0.0,0.0,0,54
2025-26,37,163,Jack Hinshelwood,MID,Brighton,6,11,0,2026-05-17T14:00:00Z,81,3,0,0,1,0,0,11,7.8,25.7,31.0,6.5,0.3,0.34,0.64,0.32,1,52
2025-26,37,164,Matt O'Riley,MID,Brighton,6,11,0,2026-05-17T14:00:00Z,0,0,0,0,0,0,0,0,0.0,0.0,0.0,0.0,0.0,0.0,0.0,0.0,0,55
2025-26,37,165,Abdallah Sima,MID,Brighton,6,11,0,2026-05-17T14:00:00Z,0,0,0,0,0,0,0,0,0.0,0.0,0.0,0.0,0.0,0.0,0.0,0.0,0,54
2025-26,37,166,Yasin Ayari,MID,Brighton,6,11,0,2026-05-17T14:00:00Z,8,1,0,0,0,1,0,3,1.8,0.2,2.0,0.4,0.0,0.0,0.0,0.07,0,48
2025-26,37,167,Carlos Baleba,MID,Brighton,6,11,0,2026-05-17T14:00:00Z,81,3,0,0,1,0,0,14,19.8,13.5,7.0,4.0,0.06,0.02,0.08,0.32,1,45
2025-26,37,168,Facundo Buonanotte,MID,Leeds,11,6,1,2026-05-17T14:00:00Z,0,0,0,0,0,0,0,0,0.0,0.0,0.0,0.0,0.0,0.0,0.0,0.0,0,46
2025-26,37,169,Diego Gómez Amarilla,MID,Brighton,6,11,0,2026-05-17T14:00:00Z,25,1,0,0,0,1,0,-3,1.0,1.3,20.0,2.2,0.65,0.01,0.66,0.17,0,49
2025-26,37,170,James Milner,MID,Brighton,6,11,0,2026-05-17T14:00:00Z,0,0,0,0,0,0,0,0,0.0,0.0,0.0,0.0,0.0,0.0,0.0,0.0,0,49
2025-26,37,171,Jeremy Sarmiento Morante,MID,Brighton,6,11,0,2026-05-17T14:00:00Z,0,0,0,0,0,0,0,0,0.0,0.0,0.0,0.0,0.0,0.0,0.0,0.0,0,49
2025-26,37,172,Tom Watson,MID,Brighton,6,11,0,2026-05-17T14:00:00Z,0,0,0,0,0,0,0,0,0.0,0.0,0.0,0.0,0.0,0.0,0.0,0.0,0,48
2025-26,37,173,Mats Wieffer,MID,Brighton,6,11,0,2026-05-17T14:00:00Z,0,0,0,0,0,0,0,0,0.0,0.0,0.0,0.0,0.0,0.0,0.0,0.0,0,49
2025-26,37,174,Malick Yalcouyé,MID,Brighton,6,11,0,2026-05-17T14:00:00Z,0,0,0,0,0,0,0,0,0.0,0.0,0.0,0.0,0.0,0.0,0.0,0.0,0,50
2025-26,37,175,Joe Knight,MID,Brighton,6,11,0,2026-05-17T14:00:00Z,0,0,0,0,0,0,0,0,0.0,0.0,0.0,0.0,0.0,0.0,0.0,0.0,0,44
2025-26,37,176,Adrian Mazilu,MID,Brighton,6,11,0,2026-05-17T14:00:00Z,0,0,0,0,0,0,0,0,0.0,0.0,0.0,0.0,0.0,0.0,0.0,0.0,0,45
2025-26,37,177,Andrew Moran,MID,Brighton,6,11,0,2026-05-17T14:00:00Z,0,0,0,0,0,0,0,0,0.0,0.0,0.0,0.0,0.0,0.0,0.0,0.0,0,45
2025-26,37,178,Danny Welbeck,FWD,Brighton,6,11,0,2026-05-17T14:00:00Z,64,2,0,0,1,0,0,8,7.8,5.3,14.0,2.7,0.21,0.01,0.22,0.22,1,64
2025-26,37,179,Evan Ferguson,FWD,Brighton,6,11,0,2026-05-17T14:00:00Z,0,0,0,0,0,0,0,0,0.0,0.0,0.0,0.0,0.0,0.0,0.0,0.0,0,55
2025-26,37,180,Stefanos Tzimas,FWD,Brighton,6,11,0,2026-05-17T14:00:00Z,0,0,0,0,0,0,0,0,0.0,0.0,0.0,0.0,0.0,0.0,0.0,0.0,0,52
2025-26,37,181,Charalampos Kostoulas,FWD,Brighton,6,11,0,2026-05-17T14:00:00Z,8,1,0,0,0,1,0,7,6.2,12.8,19.0,3.8,0.03,0.18,0.21,0.07,0,48
2025-26,37,182,James Trafford,GK,Man City,13,4,0,2026-05-19T18:30:00Z,0,0,0,0,0,0,0,0,0.0,0.0,0.0,0.0,0.0,0.0,0.0,0.0,0,45
2025-26,37,183,Max Weiß,GK,Burnley,3,1,0,2026-05-18T19:00:00Z,90,2,0,0,0,1,0,9,18.0,0.0,0.0,1.8,0.0,0.0,0.0,1.29,1,42
2025-26,37,184,Etienne Green,GK,Burnley,3,1,0,2026-05-18T19:00:00Z,0,0,0,0,0,0,0,0,0.0,0.0,0.0,0.0,0.0,0.0,0.0,0.0,0,40
2025-26,37,185,Václav Hladký,GK,Burnley,3,1,0,2026-05-18T19:00:00Z,0,0,0,0,0,0,0,0,0.0,0.0,0.0,0.0,0.0,0.0,0.0,0.0,0,39
2025-26,37,186,Connor Roberts,DEF,Burnley,3,1,0,2026-05-18T19:00:00Z,0,0,0,0,0,0,0,0,0.0,0.0,0.0,0.0,0.0,0.0,0.0,0.0,0,43
2025-26,37,187,Kyle Walker,DEF,Burnley,3,1,0,2026-05-18T19:00:00Z,90,2,0,0,0,1,0,7,9.2,1.0,0.0,1.0,0.0,0.01,0.01,1.29,1,44
2025-26,37,188,Hannes Delcroix,DEF,Burnley,3,1,0,2026-05-18T19:00:00Z,0,0,0,0,0,0,0,0,0.0,0.0,0.0,0.0,0.0,0.0,0.0,0.0,0,38
2025-26,37,189,Owen Dodgson,DEF,Burnley,3,1,0,2026-05-18T19:00:00Z,0,0,0,0,0,0,0,0,0.0,0.0,0.0,0.0,0.0,0.0,0.0,0.0,0,40
2025-26,37,190,Hjalmar Ekdal,DEF,Burnley,3,1,0,2026-05-18T19:00:00Z,0,0,0,0,0,0,0,0,0.0,0.0,0.0,0.0,0.0,0.0,0.0,0.0,0,38
2025-26,37,191,Maxime Estève,DEF,Burnley,3,1,0,2026-05-18T19:00:00Z,81,2,0,0,0,1,0,11,23.6,0.2,0.0,2.4,0.0,0.0,0.0,1.27,1,39
2025-26,37,192,Quilindschy Hartman,DEF,Burnley,3,1,0,2026-05-18T19:00:00Z,0,0,0,0,0,0,0,0,0.0,0.0,0.0,0.0,0.0,0.0,0.0,0.0,0,40
2025-26,37,193,Bashir Humphreys,DEF,Burnley,3,1,0,2026-05-18T19:00:00Z,8,1,0,0,0,0,0,4,4.6,0.4,0.0,0.5,0.0,0.0,0.0,0.03,0,39
2025-26,37,194,Jordan Beyer,DEF,Burnley,3,1,0,2026-05-18T19:00:00Z,0,0,0,0,0,0,0,0,0.0,0.0,0.0,0.0,0.0,0.0,0.0,0.0,0,39
2025-26,37,195,Lucas Pires Silva,DEF,Burnley,3,1,0,2026-05-18T19:00:00Z,90,1,0,0,0,1,0,5,13.8,5.3,0.0,1.9,0.0,0.14,0.14,1.29,1,38
2025-26,37,196,Shurandy Sambo,DEF,Burnley,3,1,0,2026-05-18T19:00:00Z,0,0,0,0,0,0,0,0,0.0,0.0,0.0,0.0,0.0,0.0,0.0,0.0,0,40
2025-26,37,197,Oliver Sonne,DEF,Burnley,3,1,0,2026-05-18T19:00:00Z,0,0,0,0,0,0,0,0,0.0,0.0,0.0,0.0,0.0,0.0,0.0,0.0,0,38
2025-26,37,198,Axel Tuanzebe,DEF,Burnley,3,1,0,2026-05-18T19:00:00Z,90,2,0,0,0,1,0,8,12.6,0.2,0.0,1.3,0.0,0.0,0.0,1.29,1,39
2025-26,37,199,Joe Worrall,DEF,Burnley,3,1,0,2026-05-18T19:00:00Z,0,0,0,0,0,0,0,0,0.0,0.0,0.0,0.0,0.0,0.0,0.0,0.0,0,38
2025-26,37,200,Jaidon Anthony,MID,Burnley,3,1,0,2026-05-18T19:00:00Z,90,2,0,0,0,1,0,5,0.0,7.0,1.0,0.8,0.02,0.02,0.04,1.29,1,50
2025-26,37,201,Manuel Benson Hedilazio,MID,Burnley,3,1,0,2026-05-18T19:00:00Z,0,0,0,0,0,0,0,0,0.0,0.0,0.0,0.0,0.0,0.0,0.0,0.0,0,54
2025-26,37,202,Jacob Bruun Larsen,MID,Burnley,3,1,0,2026-05-18T19:00:00Z,8,1,0,0,0,0,0,3,0.0,0.1,0.0,0.0,0.0,0.0,0.0,0.03,0,52
2025-26,37,203,Enock Agyei,MID,Burnley,3,1,0,2026-05-18T19:00:00Z,0,0,0,0,0,0,0,0,0.0,0.0,0.0,0.0,0.0,0.0,0.0,0.0,0,47
2025-26,37,204,Darko Churlinov,MID,Burnley,3,1,0,2026-05-18T19:00:00Z,0,0,0,0,0,0,0,0,0.0,0.0,0.0,0.0,0.0,0.0,0.0,0.0,0,49
2025-26,37,205,Josh Cullen,MID,Burnley,3,1,0,2026-05-18T19:00:00Z,0,0,0,0,0,0,0,0,0.0,0.0,0.0,0.0,0.0,0.0,0.0,0.0,0,49
2025-26,37,206,Marcus Edwards,MID,Burnley,3,1,0,2026-05-18T19:00:00Z,0,0,0,0,0,0,0,0,0.0,0.0,0.0,0.0,0.0,0.0,0.0,0.0,0,47
2025-26,37,207,Hannibal Mejbri,MID,Burnley,3,1,0,2026-05-18T19:00:00Z,69,1,0,0,0,1,0,1,0.0,15.1,7.0,2.2,0.11,0.01,0.12,1.27,1,47
2025-26,37,208,Luca Koleosho,MID,Burnley,3,1,0,2026-05-18T19:00:00Z,0,0,0,0,0,0,0,0,0.0,0.0,0.0,0.0,0.0,0.0,0.0,0.0,0,50
2025-26,37,209,Josh Laurent,MID,Burnley,3,1,0,2026-05-18T19:00:00Z,19,1,0,0,0,0,0,0,8.4,0.1,0.0,0.9,0.0,0.0,0.0,0.03,0,48
2025-26,37,210,Loum Tchaouna,MID,Burnley,3,1,0,2026-05-18T19:00:00Z,81,2,0,0,0,1,0,7,3.6,25.2,9.0,3.8,0.04,0.02,0.06,1.27,1,48
2025-26,37,211,Aaron Ramsey,MID,Burnley,3,1,0,2026-05-18T19:00:00Z,0,0,0,0,0,0,0,0,0.0,0.0,0.0,0.0,0.0,0.0,0.0,0.0,0,44
2025-26,37,212,Oluwaseun Adewumi,MID,Burnley,3,1,0,2026-05-18T19:00:00Z,0,0,0,0,0,0,0,0,0.0,0.0,0.0,0.0,0.0,0.0,0.0,0.0,0,45
2025-26,37,213,Jaydon Banel,MID,Burnley,3,1,0,2026-05-18T19:00:00Z,0,0,0,0,0,0,0,0,0.0,0.0,0.0,0.0,0.0,0.0,0.0,0.0,0,45
2025-26,37,214,Mike Trésor Ndayishimiye,MID,Burnley,3,1,0,2026-05-18T19:00:00Z,0,0,0,0,0,0,0,0,0.0,0.0,0.0,0.0,0.0,0.0,0.0,0.0,0,43
2025-26,37,215,Zian Flemming,FWD,Burnley,3,1,0,2026-05-18T19:00:00Z,90,1,0,0,0,1,0,6,4.6,10.8,2.0,1.7,0.0,0.03,0.03,1.29,1,53
2025-26,37,216,Zeki Amdouni,FWD,Burnley,3,1,0,2026-05-18T19:00:00Z,20,1,0,0,0,0,0,4,0.0,1.3,0.0,0.1,0.0,0.0,0.0,0.03,0,48
2025-26,37,217,Lyle Foster,FWD,Burnley,3,1,0,2026-05-18T19:00:00Z,0,0,0,0,0,0,0,0,0.0,0.0,0.0,0.0,0.0,0.0,0.0,0.0,0,49
2025-26,37,218,Ashley Barnes,FWD,Burnley,3,1,0,2026-05-18T19:00:00Z,0,0,0,0,0,0,0,0,0.0,0.0,0.0,0.0,0.0,0.0,0.0,0.0,0,42
2025-26,37,219,Michael Obafemi,FWD,Burnley,3,1,0,2026-05-18T19:00:00Z,0,0,0,0,0,0,0,0,0.0,0.0,0.0,0.0,0.0,0.0,0.0,0.0,0,44
2025-26,37,220,Robert Lynch Sánchez,GK,Chelsea,7,18,1,2026-05-19T19:15:00Z,90,2,0,0,0,1,0,11,19.2,0.0,0.0,1.9,0.0,0.0,0.0,1.72,1,48
2025-26,37,221,Filip Jörgensen,GK,Chelsea,7,18,1,2026-05-19T19:15:00Z,0,0,0,0,0,0,0,0,0.0,0.0,0.0,0.0,0.0,0.0,0.0,0.0,0,43
2025-26,37,222,Mike Penders,GK,Chelsea,7,18,1,2026-05-19T19:15:00Z,0,0,0,0,0,0,0,0,0.0,0.0,0.0,0.0,0.0,0.0,0.0,0.0,0,40
2025-26,37,223,Gabriel Słonina,GK,Chelsea,7,18,1,2026-05-19T19:15:00Z,0,0,0,0,0,0,0,0,0.0,0.0,0.0,0.0,0.0,0.0,0.0,0.0,0,39
2025-26,37,224,Marc Cucurella Saseta,DEF,Chelsea,7,18,1,2026-05-19T19:15:00Z,90,1,0,0,0,1,0,6,8.8,1.5,2.0,1.2,0.0,0.0,0.0,1.72,1,61
2025-26,37,225,Reece James,DEF,Chelsea,7,18,1,2026-05-19T19:15:00Z,0,0,0,0,0,0,0,0,0.0,0.0,0.0,0.0,0.0,0.0,0.0,0.0,0,56
2025-26,37,226,Trevoh Chalobah,DEF,Chelsea,7,18,1,2026-05-19T19:15:00Z,16,1,0,0,0,0,0,4,3.4,0.4,0.0,0.4,0.0,0.0,0.0,0.21,0,54
2025-26,37,227,Levi Samuels Colwill,DEF,Chelsea,7,18,1,2026-05-19T19:15:00Z,0,0,0,0,0,0,0,0,0.0,0.0,0.0,0.0,0.0,0.0,0.0,0.0,0,47
2025-26,37,228,Malo Gusto,DEF,Chelsea,7,18,1,2026-05-19T19:15:00Z,0,0,0,0,0,0,0,0,0.0,0.0,0.0,0.0,0.0,0.0,0.0,0.0,0,48
2025-26,37,229,Benoît Badiashile Mukinayi,DEF,Chelsea,7,18,1,2026-05-19T19:15:00Z,0,0,0,0,0,0,0,0,0.0,0.0,0.0,0.0,0.0,0.0,0.0,0.0,0,44
2025-26,37,230,Wesley Fofana,DEF,Chelsea,7,18,1,2026-05-19T19:15:00Z,80,2,0,0,0,1,0,11,13.4,0.3,2.0,1.6,0.0,0.0,0.0,1.51,1,44
2025-26,37,231,Mamadou Sarr,DEF,Chelsea,7,18,1,2026-05-19T19:15:00Z,9,1,0,0,0,0,0,3,0.2,0.0,0.0,0.0,0.0,0.0,0.0,0.21,0,45
2025-26,37,232,Tosin Adarabioyo,DEF,Chelsea,7,18,1,2026-05-19T19:15:00Z,0,0,0,0,0,0,0,0,0.0,0.0,0.0,0.0,0.0,0.0,0.0,0.0,0,40
2025-26,37,233,Josh Acheampong,DEF,Chelsea,7,18,1,2026-05-19T19:15:00Z,73,2,0,0,0,1,0,8,4.0,0.5,0.0,0.5,0.0,0.0,0.0,1.51,1,37
2025-26,37,234,Aarón Anselmino,DEF,Chelsea,7,18,1,2026-05-19T19:15:00Z,0,0,0,0,0,0,0,0,0.0,0.0,0.0,0.0,0.0,0.0,0.0,0.0,0,40
2025-26,37,235,Cole Palmer,MID,Chelsea,7,18,1,2026-05-19T19:15:00Z,88,2,0,0,0,1,0,9,6.4,11.9,12.0,3.0,0.2,0.09,0.29,1.67,1,103
2025-26,37,236,Pedro Lomba Neto,MID,Chelsea,7,18,1,2026-05-19T19:15:00Z,88,5,0,1,0,1,0,20,28.6,15.4,26.0,7.0,0.08,0.02,0.1,1.67,1,70
2025-26,37,237,Enzo Fernández,MID,Chelsea,7,18,1,2026-05-19T19:15:00Z,90,13,1,1,0,1,3,46,55.2,27.3,10.0,9.3,0.06,0.49,0.55,1.72,1,64
2025-26,37,238,Estêvão Almeida de Oliveira Gonçalves,MID,Chelsea,7,18,1,2026-05-19T19:15:00Z,0,0,0,0,0,0,0,0,0.0,0.0,0.0,0.0,0.0,0.0,0.0,0.0,0,64
2025-26,37,239,Jamie Bynoe-Gittens,MID,Chelsea,7,18,1,2026-05-19T19:15:00Z,0,0,0,0,0,0,0,0,0.0,0.0,0.0,0.0,0.0,0.0,0.0,0.0,0,60
2025-26,37,240,Christopher Nkunku,MID,Chelsea,7,18,1,2026-05-19T19:15:00Z,0,0,0,0,0,0,0,0,0.0,0.0,0.0,0.0,0.0,0.0,0.0,0.0,0,59
2025-26,37,241,Moisés Caicedo Corozo,MID,Chelsea,7,18,1,2026-05-19T19:15:00Z,90,2,0,0,0,1,0,17,7.2,17.5,0.0,2.5,0.0,0.01,0.01,1.72,1,57
2025-26,37,242,Kiernan Dewsbury-Hall,MID,Everton,9,17,1,2026-05-17T14:00:00Z,90,2,0,0,0,3,0,28,20.2,47.6,5.0,7.3,0.02,0.44,0.46,0.76,1,53
2025-26,37,243,Tyrique George,MID,Everton,9,17,1,2026-05-17T14:00:00Z,17,1,0,0,0,2,0,10,7.2,19.3,0.0,2.7,0.0,0.46,0.46,0.29,0,48
2025-26,37,244,Roméo Lavia,MID,Chelsea,7,18,1,2026-05-19T19:15:00Z,0,0,0,0,0,0,0,0,0.0,0.0,0.0,0.0,0.0,0.0,0.0,0.0,0,49
2025-26,37,245,Mykhailo Mudryk,MID,Chelsea,7,18,1,2026-05-19T19:15:00Z,0,0,0,0,0,0,0,0,0.0,0.0,0.0,0.0,0.0,0.0,0.0,0.0,0,49
2025-26,37,246,Andrey Nascimento dos Santos,MID,Chelsea,7,18,1,2026-05-19T19:15:00Z,90,10,1,0,0,1,3,46,46.2,5.3,17.0,6.9,0.22,0.01,0.23,1.72,1,44
2025-26,37,247,Dário Luís Essugo,MID,Chelsea,7,18,1,2026-05-19T19:15:00Z,1,0,0,0,0,0,0,0,2.0,0.0,0.0,0.2,0.0,0.0,0.0,0.05,0,43
2025-26,37,248,Kendry Páez Andrade,MID,Chelsea,7,18,1,2026-05-19T19:15:00Z,0,0,0,0,0,0,0,0,0.0,0.0,0.0,0.0,0.0,0.0,0.0,0.0,0,45
2025-26,37,249,João Pedro Junqueira de Jesus,FWD,Chelsea,7,18,1,2026-05-19T19:15:00Z,0,0,0,0,0,0,0,0,0.0,0.0,0.0,0.0,0.0,0.0,0.0,0.0,0,75
2025-26,37,250,Liam Delap,FWD,Chelsea,7,18,1,2026-05-19T19:15:00Z,88,1,0,0,0,1,0,-1,0.0,3.0,4.0,0.3,0.06,0.01,0.07,1.67,1,62
2025-26,37,251,Nicolas Jackson,FWD,Chelsea,7,18,1,2026-05-19T19:15:00Z,0,0,0,0,0,0,0,0,0.0,0.0,0.0,0.0,0.0,0.0,0.0,0.0,0,65
2025-26,37,252,Marc Guiu Paz,FWD,Chelsea,7,18,1,2026-05-19T19:15:00Z,0,0,0,0,0,0,0,0,0.0,0.0,0.0,0.0,0.0,0.0,0.0,0.0,0,40
2025-26,37,253,Dean Henderson,GK,Crystal Palace,8,5,0,2026-05-17T14:00:00Z,90,0,0,0,0,2,0,2,8.6,0.0,0.0,0.9,0.0,0.0,0.0,1.71,1,51
2025-26,37,254,Walter Benítez,GK,Crystal Palace,8,5,0,2026-05-17T14:00:00Z,0,0,0,0,0,0,0,0,0.0,0.0,0.0,0.0,0.0,0.0,0.0,0.0,0,39
2025-26,37,255,Remi Matthews,GK,Crystal Palace,8,5,0,2026-05-17T14:00:00Z,0,0,0,0,0,0,0,0,0.0,0.0,0.0,0.0,0.0,0.0,0.0,0.0,0,39
2025-26,37,256,Daniel Muñoz Mejía,DEF,Crystal Palace,8,5,0,2026-05-17T14:00:00Z,90,6,0,1,0,2,0,17,42.6,32.3,24.0,9.9,0.06,0.03,0.09,1.71,1,59
2025-26,37,257,Maxence Lacroix,DEF,Crystal Palace,8,5,0,2026-05-17T14:00:00Z,60,2,0,0,0,1,0,5,12.8,0.5,7.0,2.0,0.01,0.04,0.05,0.58,1,52
2025-26,37,258,Tyrick Mitchell,DEF,Crystal Palace,8,5,0,2026-05-17T14:00:00Z,90,1,0,0,0,2,0,10,19.8,6.8,12.0,3.9,0.26,0.14,0.4,1.71,1,50
2025-26,37,259,Borna Sosa,DEF,Crystal Palace,8,5,0,2026-05-17T14:00:00Z,0,0,0,0,0,0,0,0,0.0,0.0,0.0,0.0,0.0,0.0,0.0,0.0,0,48
2025-26,37,260,Marc Guéhi,DEF,Man City,13,4,0,2026-05-19T18:30:00Z,90,2,0,0,0,1,0,11,13.2,1.0,4.0,1.8,0.0,0.0,0.0,1.99,1,51
2025-26,37,261,Chris Richards,DEF,Crystal Palace,8,5,0,2026-05-17T14:00:00Z,29,0,0,0,0,1,0,-3,1.4,0.1,0.0,0.2,0.0,0.0,0.0,1.14,0,44
2025-26,37,262,Chadi Riad Dnanou,DEF,Crystal Palace,8,5,0,2026-05-17T14:00:00Z,73,2,0,0,0,1,0,5,6.2,0.8,6.0,1.3,0.04,0.0,0.04,0.58,1,40
2025-26,37,263,Nathaniel Clyne,DEF,Crystal Palace,8,5,0,2026-05-17T14:00:00Z,0,0,0,0,0,0,0,0,0.0,0.0,0.0,0.0,0.0,0.0,0.0,0.0,0,38
2025-26,37,264,Rob Holding,DEF,Crystal Palace,8,5,0,2026-05-17T14:00:00Z,0,0,0,0,0,0,0,0,0.0,0.0,0.0,0.0,0.0,0.0,0.0,0.0,0,40
2025-26,37,265,Caleb Kporha,DEF,Crystal Palace,8,5,0,2026-05-17T14:00:00Z,0,0,0,0,0,0,0,0,0.0,0.0,0.0,0.0,0.0,0.0,0.0,0.0,0,40
2025-26,37,266,Eberechi Eze,MID,Arsenal,1,3,1,2026-05-18T19:00:00Z,72,3,0,0,1,0,0,19,5.2,13.8,30.0,4.9,0.41,0.04,0.45,0.19,1,73
2025-26,37,267,Ismaïla Sarr,MID,Crystal Palace,8,5,0,2026-05-17T14:00:00Z,90,7,1,0,0,2,0,19,39.4,11.7,27.0,7.8,0.9,0.09,0.99,1.3,1,64
2025-26,37,268,Cheick Doucouré,MID,Crystal Palace,8,5,0,2026-05-17T14:00:00Z,0,0,0,0,0,0,0,0,0.0,0.0,0.0,0.0,0.0,0.0,0.0,0.0,0,49
2025-26,37,269,Romain Esse,MID,Crystal Palace,8,5,0,2026-05-17T14:00:00Z,0,0,0,0,0,0,0,0,0.0,0.0,0.0,0.0,0.0,0.0,0.0,0.0,0,47
2025-26,37,270,Will Hughes,MID,Crystal Palace,8,5,0,2026-05-17T14:00:00Z,0,0,0,0,0,0,0,0,0.0,0.0,0.0,0.0,0.0,0.0,0.0,0.0,0,47
2025-26,37,271,Daichi Kamada,MID,Crystal Palace,8,5,0,2026-05-17T14:00:00Z,90,4,0,0,0,2,0,19,16.8,13.1,7.0,3.7,0.15,0.18,0.33,1.71,1,50
2025-26,37,272,Jefferson Lerma Solís,MID,Crystal Palace,8,5,0,2026-05-17T14:00:00Z,16,0,0,0,0,1,0,2,9.4,0.0,0.0,0.9,0.0,0.0,0.0,1.14,0,49
2025-26,37,273,Adam Wharton,MID,Crystal Palace,8,5,0,2026-05-17T14:00:00Z,90,11,1,0,0,2,2,38,53.8,51.5,20.0,12.5,0.13,0.15,0.28,1.71,1,50
2025-26,37,274,Asher Agbinone,MID,Crystal Palace,8,5,0,2026-05-17T14:00:00Z,0,0,0,0,0,0,0,0,0.0,0.0,0.0,0.0,0.0,0.0,0.0,0.0,0,43
2025-26,37,275,Naouirou Ahamada,MID,Crystal Palace,8,5,0,2026-05-17T14:00:00Z,0,0,0,0,0,0,0,0,0.0,0.0,0.0,0.0,0.0,0.0,0.0,0.0,0,43
2025-26,37,276,Justin Devenny,MID,Crystal Palace,8,5,0,2026-05-17T14:00:00Z,0,0,0,0,0,0,0,0,0.0,0.0,0.0,0.0,0.0,0.0,0.0,0.0,0,43
2025-26,37,277,Malcolm Ebiowei,MID,Crystal Palace,8,5,0,2026-05-17T14:00:00Z,0,0,0,0,0,0,0,0,0.0,0.0,0.0,0.0,0.0,0.0,0.0,0.0,0,45
2025-26,37,278,Jesurun Rak-Sakyi,MID,Crystal Palace,8,5,0,2026-05-17T14:00:00Z,0,0,0,0,0,0,0,0,0.0,0.0,0.0,0.0,0.0,0.0,0.0,0.0,0,44
2025-26,37,279,Matheus França de Oliveira,MID,Crystal Palace,8,5,0,2026-05-17T14:00:00Z,0,0,0,0,0,0,0,0,0.0,0.0,0.0,0.0,0.0,0.0,0.0,0.0,0,45
2025-26,37,280,David Ozoh,MID,Crystal Palace,8,5,0,2026-05-17T14:00:00Z,0,0,0,0,0,0,0,0,0.0,0.0,0.0,0.0,0.0,0.0,0.0,0.0,0,45
2025-26,37,281,Kaden Rodney,MID,Crystal Palace,8,5,0,2026-05-17T14:00:00Z,0,0,0,0,0,0,0,0,0.0,0.0,0.0,0.0,0.0,0.0,0.0,0.0,0,44
2025-26,37,282,Franco Umeh-Chibueze,MID,Crystal Palace,8,5,0,2026-05-17T14:00:00Z,0,0,0,0,0,0,0,0,0.0,0.0,0.0,0.0,0.0,0.0,0.0,0.0,0,45
2025-26,37,283,Jean-Philippe Mateta,FWD,Crystal Palace,8,5,0,2026-05-17T14:00:00Z,29,1,0,0,0,1,0,3,2.0,4.0,2.0,0.8,0.0,0.01,0.01,1.14,0,76
2025-26,37,284,Eddie Nketiah,FWD,Crystal Palace,8,5,0,2026-05-17T14:00:00Z,0,0,0,0,0,0,0,0,0.0,0.0,0.0,0.0,0.0,0.0,0.0,0.0,0,54
2025-26,37,285,Odsonne Édouard,FWD,Crystal Palace,8,5,0,2026-05-17T14:00:00Z,0,0,0,0,0,0,0,0,0.0,0.0,0.0,0.0,0.0,0.0,0.0,0.0,0,50
2025-26,37,286,Zach Marsh,FWD,Crystal Palace,8,5,0,2026-05-17T14:00:00Z,0,0,0,0,0,0,0,0,0.0,0.0,0.0,0.0,0.0,0.0,0.0,0.0,0,44
2025-26,37,287,Jordan Pickford,GK,Everton,9,17,1,2026-05-17T14:00:00Z,90,1,0,0,0,3,0,-1,8.2,0.0,0.0,0.8,0.0,0.0,0.0,0.76,1,56
2025-26,37,288,Mark Travers,GK,Everton,9,17,1,2026-05-17T14:00:00Z,0,0,0,0,0,0,0,0,0.0,0.0,0.0,0.0,0.0,0.0,0.0,0.0,0,42
2025-26,37,289,Harry Tyrer,GK,Everton,9,17,1,2026-05-17T14:00:00Z,0,0,0,0,0,0,0,0,0.0,0.0,0.0,0.0,0.0,0.0,0.0,0.0,0,39
2025-26,37,290,Jarrad Branthwaite,DEF,Everton,9,17,1,2026-05-17T14:00:00Z,0,0,0,0,0,0,0,0,0.0,0.0,0.0,0.0,0.0,0.0,0.0,0.0,0,53
2025-26,37,291,James Tarkowski,DEF,Everton,9,17,1,2026-05-17T14:00:00Z,90,3,0,0,0,3,0,6,24.8,11.9,35.0,7.2,0.07,0.02,0.09,0.76,1,57
2025-26,37,292,Vitalii Mykolenko,DEF,Everton,9,17,1,2026-05-17T14:00:00Z,90,1,0,0,0,3,0,4,13.8,15.2,2.0,3.1,0.0,0.03,0.03,0.76,1,49
2025-26,37,293,Jake O'Brien,DEF,Everton,9,17,1,2026-05-17T14:00:00Z,87,0,0,0,0,2,0,-7,0.4,1.6,37.0,3.9,0.56,0.01,0.57,0.58,1,49
2025-26,37,294,Séamus Coleman,DEF,Everton,9,17,1,2026-05-17T14:00:00Z,2,1,0,0,0,1,0,-3,0.0,0.5,0.0,0.1,0.0,0.01,0.01,0.19,0,42
2025-26,37,295,Michael Keane,DEF,Everton,9,17,1,2026-05-17T14:00:00Z,90,4,0,1,0,3,0,12,31.0,11.3,2.0,4.4,0.0,0.01,0.01,0.76,1,45
2025-26,37,296,Nathan Patterson,DEF,Everton,9,17,1,2026-05-17T14:00:00Z,0,0,0,0,0,0,0,0,0.0,0.0,0.0,0.0,0.0,0.0,0.0,0.0,0,44
2025-26,37,297,Roman Dixon,DEF,Everton,9,17,1,2026-05-17T14:00:00Z,0,0,0,0,0,0,0,0,0.0,0.0,0.0,0.0,0.0,0.0,0.0,0.0,0,38
2025-26,37,298,Reece Welch,DEF,Everton,9,17,1,2026-05-17T14:00:00Z,0,0,0,0,0,0,0,0,0.0,0.0,0.0,0.0,0.0,0.0,0.0,0.0,0,38
2025-26,37,299,Iliman Ndiaye,MID,Everton,9,17,1,2026-05-17T14:00:00Z,90,2,0,0,0,3,0,3,3.8,6.8,7.0,1.8,0.06,0.03,0.09,0.76,1,62
2025-26,37,300,Dwight McNeil,MID,Everton,9,17,1,2026-05-17T14:00:00Z,2,1,0,0,0,1,0,3,0.2,0.8,0.0,0.1,0.0,0.0,0.0,0.19,0,55
2025-26,37,301,Carlos Alcaraz Durán,MID,Everton,9,17,1,2026-05-17T14:00:00Z,0,0,0,0,0,0,0,0,0.0,0.0,0.0,0.0,0.0,0.0,0.0,0.0,0,52
2025-26,37,302,Idrissa Gana Gueye,MID,Everton,9,17,1,2026-05-17T14:00:00Z,0,0,0,0,0,0,0,0,0.0,0.0,0.0,0.0,0.0,0.0,0.0,0.0,0,54
2025-26,37,303,James Garner,MID,Everton,9,17,1,2026-05-17T14:00:00Z,90,1,0,0,0,3,0,14,14.2,10.8,7.0,3.2,0.02,0.25,0.27,0.76,1,52
2025-26,37,304,Tim Iroegbunam,MID,Everton,9,17,1,2026-05-17T14:00:00Z,72,1,0,0,0,1,0,4,5.0,13.9,0.0,1.9,0.0,0.04,0.04,0.47,1,48
2025-26,37,305,Harrison Armstrong,MID,Everton,9,17,1,2026-05-17T14:00:00Z,0,0,0,0,0,0,0,0,0.0,0.0,0.0,0.0,0.0,0.0,0.0,0.0,0,45
2025-26,37,306,Callum Bates,MID,Everton,9,17,1,2026-05-17T14:00:00Z,0,0,0,0,0,0,0,0,0.0,0.0,0.0,0.0,0.0,0.0,0.0,0.0,0,43
2025-26,37,307,Coby Ebere,MID,Everton,9,17,1,2026-05-17T14:00:00Z,0,0,0,0,0,0,0,0,0.0,0.0,0.0,0.0,0.0,0.0,0.0,0.0,0,44
2025-26,37,308,Isaac Heath,MID,Everton,9,17,1,2026-05-17T14:00:00Z,0,0,0,0,0,0,0,0,0.0,0.0,0.0,0.0,0.0,0.0,0.0,0.0,0,45
2025-26,37,309,Jenson Metcalfe,MID,Everton,9,17,1,2026-05-17T14:00:00Z,0,0,0,0,0,0,0,0,0.0,0.0,0.0,0.0,0.0,0.0,0.0,0.0,0,45
2025-26,37,310,Thierno Barry,FWD,Everton,9,17,1,2026-05-17T14:00:00Z,17,1,0,0,0,2,0,3,3.0,11.6,2.0,1.7,0.0,0.0,0.0,0.29,0,57
2025-26,37,311,Norberto Bercique Gomes Betuncal,FWD,Everton,9,17,1,2026-05-17T14:00:00Z,72,2,0,0,0,1,0,3,5.4,1.1,9.0,1.6,0.21,0.0,0.21,0.47,1,50
2025-26,37,312,Youssef Ramalho Chermiti,FWD,Everton,9,17,1,2026-05-17T14:00:00Z,0,0,0,0,0,0,0,0,0.0,0.0,0.0,0.0,0.0,0.0,0.0,0.0,0,49
2025-26,37,313,Martin Sherif,FWD,Everton,9,17,1,2026-05-17T14:00:00Z,0,0,0,0,0,0,0,0,0.0,0.0,0.0,0.0,0.0,0.0,0.0,0.0,0,44
2025-26,37,314,Bernd Leno,GK,Fulham,10,20,0,2026-05-17T14:00:00Z,90,2,0,0,0,1,0,15,13.4,0.0,0.0,1.3,0.0,0.0,0.0,1.4,1,50
2025-26,37,315,Steven Benda,GK,Fulham,10,20,0,2026-05-17T14:00:00Z,0,0,0,0,0,0,0,0,0.0,0.0,0.0,0.0,0.0,0.0,0.0,0.0,0,40
2025-26,37,316,Antonee Robinson,DEF,Fulham,10,20,0,2026-05-17T14:00:00Z,90,12,1,0,0,1,2,32,57.2,16.5,19.0,9.3,0.79,0.11,0.9,1.4,1,49
2025-26,37,317,Joachim Andersen,DEF,Fulham,10,20,0,2026-05-17T14:00:00Z,0,0,0,0,0,0,0,0,0.0,0.0,0.0,0.0,0.0,0.0,0.0,0.0,0,45
2025-26,37,318,Calvin Bassey,DEF,Fulham,10,20,0,2026-05-17T14:00:00Z,90,2,0,0,0,1,0,19,17.4,1.6,0.0,1.9,0.0,0.03,0.03,1.4,1,44
2025-26,37,319,Timothy Castagne,DEF,Fulham,10,20,0,2026-05-17T14:00:00Z,90,5,0,1,0,1,0,25,24.2,31.1,16.0,7.1,0.05,0.15,0.2,1.4,1,43
2025-26,37,320,Issa Diop,DEF,Fulham,10,20,0,2026-05-17T14:00:00Z,90,2,0,0,0,1,0,9,18.4,0.8,0.0,1.9,0.0,0.01,0.01,1.4,1,43
2025-26,37,321,Jorge Cuenca Barreno,DEF,Fulham,10,20,0,2026-05-17T14:00:00Z,0,0,0,0,0,0,0,0,0.0,0.0,0.0,0.0,0.0,0.0,0.0,0.0,0,43
2025-26,37,322,Kenny Tete,DEF,Fulham,10,20,0,2026-05-17T14:00:00Z,0,0,0,0,0,0,0,0,0.0,0.0,0.0,0.0,0.0,0.0,0.0,0.0,0,45
2025-26,37,323,Samuel Amissah,DEF,Fulham,10,20,0,2026-05-17T14:00:00Z,0,0,0,0,0,0,0,0,0.0,0.0,0.0,0.0,0.0,0.0,0.0,0.0,0,38
2025-26,37,324,Alex Iwobi,MID,Fulham,10,20,0,2026-05-17T14:00:00Z,66,2,0,0,0,1,0,15,11.8,11.5,30.0,5.3,0.24,0.11,0.35,0.71,1,61
2025-26,37,325,Emile Smith Rowe,MID,Fulham,10,20,0,2026-05-17T14:00:00Z,78,2,0,0,0,1,0,18,10.2,5.5,25.0,4.1,0.04,0.02,0.06,1.14,1,56
2025-26,37,326,Adama Traoré Diarra,MID,West Ham,19,15,0,2026-05-17T16:30:00Z,0,0,0,0,0,0,0,0,0.0,0.0,0.0,0.0,0.0,0.0,0.0,0.0,0,51
2025-26,37,327,Andreas Hoelgebaum Pereira,MID,Fulham,10,20,0,2026-05-17T14:00:00Z,0,0,0,0,0,0,0,0,0.0,0.0,0.0,0.0,0.0,0.0,0.0,0.0,0,53
2025-26,37,328,Ryan Sessegnon,MID,Fulham,10,20,0,2026-05-17T14:00:00Z,0,0,0,0,0,0,0,0,0.0,0.0,0.0,0.0,0.0,0.0,0.0,0.0,0,54
2025-26,37,329,Harry Wilson,MID,Fulham,10,20,0,2026-05-17T14:00:00Z,11,1,0,0,0,0,0,4,1.4,1.6,8.0,1.1,0.04,0.0,0.04,0.26,0,59
2025-26,37,330,Sander Berge,MID,Fulham,10,20,0,2026-05-17T14:00:00Z,45,1,0,0,0,1,0,0,0.0,1.6,8.0,0.8,0.16,0.01,0.17,0.34,1,49
2025-26,37,331,Tom Cairney,MID,Fulham,10,20,0,2026-05-17T14:00:00Z,0,0,0,0,0,0,0,0,0.0,0.0,0.0,0.0,0.0,0.0,0.0,0.0,0,48
2025-26,37,332,Saša Lukić,MID,Fulham,10,20,0,2026-05-17T14:00:00Z,90,5,0,0,0,1,1,26,21.8,24.0,4.0,5.0,0.0,0.09,0.09,1.4,1,49
2025-26,37,333,Martial Godo,MID,Fulham,10,20,0,2026-05-17T14:00:00Z,0,0,0,0,0,0,0,0,0.0,0.0,0.0,0.0,0.0,0.0,0.0,0.0,0,45
2025-26,37,334,Luke Harris,MID,Fulham,10,20,0,2026-05-17T14:00:00Z,0,0,0,0,0,0,0,0,0.0,0.0,0.0,0.0,0.0,0.0,0.0,0.0,0,45
2025-26,37,335,Josh King,MID,Fulham,10,20,0,2026-05-17T14:00:00Z,23,1,0,0,0,0,0,4,3.0,16.2,2.0,2.1,0.0,0.02,0.02,0.68,0,44
2025-26,37,336,Harrison Reed,MID,Fulham,10,20,0,2026-05-17T14:00:00Z,0,0,0,0,0,0,0,0,0.0,0.0,0.0,0.0,0.0,0.0,0.0,0.0,0,43
2025-26,37,337,Raúl Jiménez Rodríguez,FWD,Fulham,10,20,0,2026-05-17T14:00:00Z,23,1,0,0,0,0,0,3,0.0,1.0,6.0,0.5,0.11,0.0,0.11,0.68,0,60
2025-26,37,338,Rodrigo Muniz Carvalho,FWD,Fulham,10,20,0,2026-05-17T14:00:00Z,66,2,0,0,0,1,0,6,2.2,1.6,11.0,1.5,0.15,0.01,0.16,0.71,1,53
2025-26,37,339,Illan Meslier,GK,Leeds,11,6,1,2026-05-17T14:00:00Z,0,0,0,0,0,0,0,0,0.0,0.0,0.0,0.0,0.0,0.0,0.0,0.0,0,41
2025-26,37,340,Alex Cairns,GK,Leeds,11,6,1,2026-05-17T14:00:00Z,0,0,0,0,0,0,0,0,0.0,0.0,0.0,0.0,0.0,0.0,0.0,0.0,0,39
2025-26,37,341,Karl Darlow,GK,Leeds,11,6,1,2026-05-17T14:00:00Z,90,11,0,0,1,0,3,40,47.8,0.0,0.0,4.8,0.0,0.0,0.0,3.06,1,40
2025-26,37,342,Jayden Bogle,DEF,Leeds,11,6,1,2026-05-17T14:00:00Z,0,0,0,0,0,0,0,0,0.0,0.0,0.0,0.0,0.0,0.0,0.0,0.0,0,44
2025-26,37,343,Pascal Struijk,DEF,Leeds,11,6,1,2026-05-17T14:00:00Z,0,0,0,0,0,0,0,0,0.0,0.0,0.0,0.0,0.0,0.0,0.0,0.0,0,42
2025-26,37,344,Jaka Bijol,DEF,Leeds,11,6,1,2026-05-17T14:00:00Z,90,8,0,0,1,0,0,24,31.6,0.8,4.0,3.6,0.0,0.0,0.0,3.06,1,39
2025-26,37,345,Sebastiaan Bornauw,DEF,Leeds,11,6,1,2026-05-17T14:00:00Z,90,6,0,0,1,0,0,19,11.2,0.3,2.0,1.4,0.0,0.0,0.0,2.84,1,38
2025-26,37,346,Sam Byram,DEF,Leeds,11,6,1,2026-05-17T14:00:00Z,1,1,0,0,0,0,0,3,5.4,0.0,0.0,0.5,0.0,0.0,0.0,0.22,0,37
2025-26,37,347,Gabriel Gudmundsson,DEF,Leeds,11,6,1,2026-05-17T14:00:00Z,0,0,0,0,0,0,0,0,0.0,0.0,0.0,0.0,0.0,0.0,0.0,0.0,0,38
2025-26,37,348,Joe Rodon,DEF,Leeds,11,6,1,2026-05-17T14:00:00Z,90,6,0,0,1,0,0,22,24.8,10.9,4.0,4.0,0.0,0.01,0.01,3.06,1,39
2025-26,37,349,Isaac Schmidt,DEF,Leeds,11,6,1,2026-05-17T14:00:00Z,0,0,0,0,0,0,0,0,0.0,0.0,0.0,0.0,0.0,0.0,0.0,0.0,0,40
2025-26,37,350,Brenden Aaronson,MID,Leeds,11,6,1,2026-05-17T14:00:00Z,59,1,0,0,0,0,0,4,3.8,11.8,0.0,1.6,0.0,0.02,0.02,1.92,1,54
2025-26,37,351,Wilfried Gnonto,MID,Leeds,11,6,1,2026-05-17T14:00:00Z,30,1,0,0,0,0,0,5,5.2,0.3,4.0,1.0,0.04,0.0,0.04,1.15,0,51
2025-26,37,352,Jack Harrison,MID,Leeds,11,6,1,2026-05-17T14:00:00Z,0,0,0,0,0,0,0,0,0.0,0.0,0.0,0.0,0.0,0.0,0.0,0.0,0,51
2025-26,37,353,Daniel James,MID,Leeds,11,6,1,2026-05-17T14:00:00Z,59,1,0,0,0,0,0,5,6.6,0.7,12.0,1.9,0.12,0.01,0.13,1.92,1,52
2025-26,37,354,Ethan Ampadu,MID,Leeds,11,6,1,2026-05-17T14:00:00Z,90,3,0,0,1,0,0,21,12.8,3.2,2.0,1.8,0.0,0.02,0.02,3.06,1,49
2025-26,37,355,Sam Greenwood,MID,Leeds,11,6,1,2026-05-17T14:00:00Z,0,0,0,0,0,0,0,0,0.0,0.0,0.0,0.0,0.0,0.0,0.0,0.0,0,49
2025-26,37,356,Ilia Gruev,MID,Leeds,11,6,1,2026-05-17T14:00:00Z,0,0,0,0,0,0,0,0,0.0,0.0,0.0,0.0,0.0,0.0,0.0,0.0,0,47
2025-26,37,357,Largie Ramazani,MID,Leeds,11,6,1,2026-05-17T14:00:00Z,0,0,0,0,0,0,0,0,0.0,0.0,0.0,0.0,0.0,0.0,0.0,0.0,0,49
2025-26,37,358,Tanaka Ao,MID,Leeds,11,6,1,2026-05-17T14:00:00Z,59,1,0,0,0,0,0,6,4.8,5.2,0.0,1.0,0.0,0.04,0.04,1.92,1,48
2025-26,37,359,Charlie Crew,MID,Leeds,11,6,1,2026-05-17T14:00:00Z,0,0,0,0,0,0,0,0,0.0,0.0,0.0,0.0,0.0,0.0,0.0,0.0,0,45
2025-26,37,360,Joe Gelhardt,MID,Leeds,11,6,1,2026-05-17T14:00:00Z,0,0,0,0,0,0,0,0,0.0,0.0,0.0,0.0,0.0,0.0,0.0,0.0,0,45
2025-26,37,361,Darko Gyabi,MID,Leeds,11,6,1,2026-05-17T14:00:00Z,0,0,0,0,0,0,0,0,0.0,0.0,0.0,0.0,0.0,0.0,0.0,0.0,0,45
2025-26,37,362,Joël Piroe,FWD,Leeds,11,6,1,2026-05-17T14:00:00Z,16,1,0,0,0,0,0,1,0.0,0.1,1.0,0.0,0.04,0.0,0.04,0.86,0,49
2025-26,37,363,Patrick Bamford,FWD,Leeds,11,6,1,2026-05-17T14:00:00Z,0,0,0,0,0,0,0,0,0.0,0.0,0.0,0.0,0.0,0.0,0.0,0.0,0,49
2025-26,37,364,Mateo Joseph Fernández-Regatillo,FWD,Leeds,11,6,1,2026-05-17T14:00:00Z,0,0,0,0,0,0,0,0,0.0,0.0,0.0,0.0,0.0,0.0,0.0,0.0,0,50
2025-26,37,365,Lukas Nmecha,FWD,Leeds,11,6,1,2026-05-17T14:00:00Z,30,1,0,0,0,0,0,7,5.4,20.9,2.0,2.8,0.0,0.03,0.03,1.15,0,50
2025-26,37,366,Alisson Becker,GK,Liverpool,12,2,0,2026-05-15T19:00:00Z,0,0,0,0,0,0,0,0,0.0,0.0,0.0,0.0,0.0,0.0,0.0,0.0,0,54
2025-26,37,367,Giorgi Mamardashvili,GK,Liverpool,12,2,0,2026-05-15T19:00:00Z,90,1,0,0,0,4,0,6,38.4,0.0,0.0,3.8,0.0,0.0,0.0,1.85,1,41
2025-26,37,368,Ármin Pécsi,GK,Liverpool,12,2,0,2026-05-15T19:00:00Z,0,0,0,0,0,0,0,0,0.0,0.0,0.0,0.0,0.0,0.0,0.0,0.0,0,38
2025-26,37,369,Freddie Woodman,GK,Liverpool,12,2,0,2026-05-15T19:00:00Z,0,0,0,0,0,0,0,0,0.0,0.0,0.0,0.0,0.0,0.0,0.0,0.0,0,39
2025-26,37,370,Jeremie Frimpong,DEF,Liverpool,12,2,0,2026-05-15T19:00:00Z,0,0,0,0,0,0,0,0,0.0,0.0,0.0,0.0,0.0,0.0,0.0,0.0,0,57
2025-26,37,371,Milos Kerkez,DEF,Liverpool,12,2,0,2026-05-15T19:00:00Z,90,0,0,0,0,4,0,3,6.6,11.8,0.0,1.8,0.0,0.01,0.01,1.85,1,56
2025-26,37,372,Andrew Robertson,DEF,Liverpool,12,2,0,2026-05-15T19:00:00Z,0,0,0,0,0,0,0,0,0.0,0.0,0.0,0.0,0.0,0.0,0.0,0.0,0,57
2025-26,37,373,Virgil van Dijk,DEF,Liverpool,12,2,0,2026-05-15T19:00:00Z,90,14,2,0,0,4,0,26,89.8,1.8,40.0,13.2,0.4,0.02,0.42,1.85,1,61
2025-26,37,374,Ibrahima Konaté,DEF,Liverpool,12,2,0,2026-05-15T19:00:00Z,90,0,0,0,0,4,0,0,14.8,1.4,2.0,1.8,0.0,0.02,0.02,1.85,1,54
2025-26,37,375,Conor Bradley,DEF,Liverpool,12,2,0,2026-05-15T19:00:00Z,0,0,0,0,0,0,0,0,0.0,0.0,0.0,0.0,0.0,0.0,0.0,0.0,0,49
2025-26,37,376,Joe Gomez,DEF,Liverpool,12,2,0,2026-05-15T19:00:00Z,65,0,0,0,0,2,0,-4,2.2,6.1,5.0,1.3,0.05,0.02,0.07,0.85,1,49
2025-26,37,377,Konstantinos Tsimikas,DEF,Liverpool,12,2,0,2026-05-15T19:00:00Z,0,0,0,0,0,0,0,0,0.0,0.0,0.0,0.0,0.0,0.0,0.0,0.0,0,48
2025-26,37,378,Amara Nallo,DEF,Liverpool,12,2,0,2026-05-15T19:00:00Z,0,0,0,0,0,0,0,0,0.0,0.0,0.0,0.0,0.0,0.0,0.0,0.0,0,37
2025-26,37,379,Rhys Williams,DEF,Liverpool,12,2,0,2026-05-15T19:00:00Z,0,0,0,0,0,0,0,0,0.0,0.0,0.0,0.0,0.0,0.0,0.0,0.0,0,37
2025-26,37,380,Calvin Ramsay,DEF,Liverpool,12,2,0,2026-05-15T19:00:00Z,0,0,0,0,0,0,0,0,0.0,0.0,0.0,0.0,0.0,0.0,0.0,0.0,0,37
2025-26,37,381,Mohamed Salah,MID,Liverpool,12,2,0,2026-05-15T19:00:00Z,16,1,0,0,0,1,0,3,0.8,9.8,0.0,1.1,0.0,0.07,0.07,0.09,0,140
2025-26,37,382,Florian Wirtz,MID,Liverpool,12,2,0,2026-05-15T19:00:00Z,24,1,0,0,0,2,0,1,1.6,2.1,6.0,1.0,0.03,0.01,0.04,0.99,0,83
2025-26,37,383,Luis Díaz Marulanda,MID,Liverpool,12,2,0,2026-05-15T19:00:00Z,0,0,0,0,0,0,0,0,0.0,0.0,0.0,0.0,0.0,0.0,0.0,0.0,0,80
2025-26,37,384,Cody Gakpo,MID,Liverpool,12,2,0,2026-05-15T19:00:00Z,73,2,0,0,0,3,0,-1,0.0,0.5,12.0,1.1,0.53,0.0,0.53,1.75,1,73
2025-26,37,385,Federico Chiesa,MID,Liverpool,12,2,0,2026-05-15T19:00:00Z,24,1,0,0,0,2,0,5,2.0,0.3,33.0,3.5,0.09,0.0,0.09,0.99,0,63
2025-26,37,386,Alexis Mac Allister,MID,Liverpool,12,2,0,2026-05-15T19:00:00Z,90,4,0,0,0,4,0,18,16.2,28.0,15.0,5.9,0.1,0.04,0.14,1.85,1,61
2025-26,37,387,Dominik Szoboszlai,MID,Liverpool,12,2,0,2026-05-15T19:00:00Z,90,9,0,2,0,4,1,37,45.2,86.8,11.0,14.3,0.01,0.47,0.48,1.85,1,70
2025-26,37,388,Curtis Jones,MID,Liverpool,12,2,0,2026-05-15T19:00:00Z,90,2,0,0,0,4,0,20,17.2,20.0,17.0,5.4,0.09,0.06,0.15,1.85,1,54
2025-26,37,389,Harvey Elliott,MID,Aston Villa,2,12,1,2026-05-15T19:00:00Z,0,0,0,0,0,0,0,0,0.0,0.0,0.0,0.0,0.0,0.0,0.0,0.0,0,51
2025-26,37,390,Ryan Gravenberch,MID,Liverpool,12,2,0,2026-05-15T19:00:00Z,65,2,0,0,0,2,0,10,2.4,12.3,9.0,2.4,0.03,0.01,0.04,0.85,1,54
2025-26,37,391,Ben Gannon-Doak,MID,Bournemouth,4,13,1,2026-05-19T18:30:00Z,0,0,0,0,0,0,0,0,0.0,0.0,0.0,0.0,0.0,0.0,0.0,0.0,0,48
2025-26,37,392,Endo Wataru,MID,Liverpool,12,2,0,2026-05-15T19:00:00Z,0,0,0,0,0,0,0,0,0.0,0.0,0.0,0.0,0.0,0.0,0.0,0.0,0,49
2025-26,37,393,Stefan Bajčetić Maquieira,MID,Liverpool,12,2,0,2026-05-15T19:00:00Z,0,0,0,0,0,0,0,0,0.0,0.0,0.0,0.0,0.0,0.0,0.0,0.0,0,42
2025-26,37,394,James McConnell,MID,Liverpool,12,2,0,2026-05-15T19:00:00Z,0,0,0,0,0,0,0,0,0.0,0.0,0.0,0.0,0.0,0.0,0.0,0.0,0,44
2025-26,37,395,Tyler Morton,MID,Liverpool,12,2,0,2026-05-15T19:00:00Z,0,0,0,0,0,0,0,0,0.0,0.0,0.0,0.0,0.0,0.0,0.0,0.0,0,45
2025-26,37,396,Trey Nyoni,MID,Liverpool,12,2,0,2026-05-15T19:00:00Z,0,0,0,0,0,0,0,0,0.0,0.0,0.0,0.0,0.0,0.0,0.0,0.0,0,43
2025-26,37,397,Darwin Núñez Ribeiro,FWD,Liverpool,12,2,0,2026-05-15T19:00:00Z,0,0,0,0,0,0,0,0,0.0,0.0,0.0,0.0,0.0,0.0,0.0,0.0,0,65
2025-26,37,398,Jayden Danns,FWD,Liverpool,12,2,0,2026-05-15T19:00:00Z,0,0,0,0,0,0,0,0,0.0,0.0,0.0,0.0,0.0,0.0,0.0,0.0,0,43
2025-26,37,399,Ederson Santana de Moraes,GK,Man City,13,4,0,2026-05-19T18:30:00Z,0,0,0,0,0,0,0,0,0.0,0.0,0.0,0.0,0.0,0.0,0.0,0.0,0,53
2025-26,37,400,Stefan Ortega Moreno,GK,Nott'm Forest,16,14,0,2026-05-17T11:30:00Z,0,0,0,0,0,0,0,0,0.0,0.0,0.0,0.0,0.0,0.0,0.0,0.0,0,47
2025-26,37,401,Marcus Bettinelli,GK,Man City,13,4,0,2026-05-19T18:30:00Z,0,0,0,0,0,0,0,0,0.0,0.0,0.0,0.0,0.0,0.0,0.0,0.0,0,38
2025-26,37,402,Rayan Aït-Nouri,DEF,Man City,13,4,0,2026-05-19T18:30:00Z,0,0,0,0,0,0,0,0,0.0,0.0,0.0,0.0,0.0,0.0,0.0,0.0,0,57
2025-26,37,403,Joško Gvardiol,DEF,Man City,13,4,0,2026-05-19T18:30:00Z,0,0,0,0,0,0,0,0,0.0,0.0,0.0,0.0,0.0,0.0,0.0,0.0,0,58
2025-26,37,404,Manuel Akanji,DEF,Man City,13,4,0,2026-05-19T18:30:00Z,0,0,0,0,0,0,0,0,0.0,0.0,0.0,0.0,0.0,0.0,0.0,0.0,0,54
2025-26,37,405,Nathan Aké,DEF,Man City,13,4,0,2026-05-19T18:30:00Z,0,0,0,0,0,0,0,0,0.0,0.0,0.0,0.0,0.0,0.0,0.0,0.0,0,52
2025-26,37,406,Abdukodir Khusanov,DEF,Man City,13,4,0,2026-05-19T18:30:00Z,90,2,0,0,0,1,0,10,10.4,2.6,5.0,1.8,0.04,0.78,0.82,1.99,1,54
2025-26,37,407,Matheus Nunes,DEF,Man City,13,4,0,2026-05-19T18:30:00Z,90,2,0,0,0,1,0,12,14.2,3.8,2.0,2.0,0.0,0.02,0.02,1.99,1,53
2025-26,37,408,Rúben dos Santos Gato Alves Dias,DEF,Man City,13,4,0,2026-05-19T18:30:00Z,0,0,0,0,0,0,0,0,0.0,0.0,0.0,0.0,0.0,0.0,0.0,0.0,0,55
2025-26,37,409,John Stones,DEF,Man City,13,4,0,2026-05-19T18:30:00Z,0,0,0,0,0,0,0,0,0.0,0.0,0.0,0.0,0.0,0.0,0.0,0.0,0,54
2025-26,37,410,Rico Lewis,DEF,Man City,13,4,0,2026-05-19T18:30:00Z,0,0,0,0,0,0,0,0,0.0,0.0,0.0,0.0,0.0,0.0,0.0,0.0,0,46
2025-26,37,411,Nico O'Reilly,DEF,Man City,13,4,0,2026-05-19T18:30:00Z,90,2,0,0,0,1,0,8,19.2,3.3,30.0,5.3,0.67,0.04,0.71,1.99,1,53
2025-26,37,412,Vitor de Oliveira Nunes dos Reis,DEF,Man City,13,4,0,2026-05-19T18:30:00Z,0,0,0,0,0,0,0,0,0.0,0.0,0.0,0.0,0.0,0.0,0.0,0.0,0,50
2025-26,37,413,Omar Marmoush,MID,Man City,13,4,0,2026-05-19T18:30:00Z,14,1,0,0,0,0,0,5,0.0,0.0,2.0,0.2,0.09,0.0,0.09,0.69,0,83
2025-26,37,414,Phil Foden,MID,Man City,13,4,0,2026-05-19T18:30:00Z,34,1,0,0,0,0,0,5,3.6,2.0,2.0,0.8,0.0,0.05,0.05,1.25,0,80
2025-26,37,415,Sávio Moreira de Oliveira,MID,Man City,13,4,0,2026-05-19T18:30:00Z,34,1,0,0,0,0,0,9,4.4,11.1,4.0,2.0,0.0,0.05,0.05,1.25,0,69
2025-26,37,416,Bernardo Mota Veiga de Carvalho e Silva,MID,Man City,13,4,0,2026-05-19T18:30:00Z,55,1,0,0,0,1,0,9,5.2,20.1,7.0,3.2,0.08,0.08,0.16,0.75,1,62
2025-26,37,417,Rayan Cherki,MID,Man City,13,4,0,2026-05-19T18:30:00Z,34,1,0,0,0,0,0,3,0.8,6.4,5.0,1.2,0.03,0.04,0.07,1.25,0,66
2025-26,37,418,Jérémy Doku,MID,Man City,13,4,0,2026-05-19T18:30:00Z,75,2,0,0,0,1,0,10,7.6,25.1,33.0,6.6,0.17,0.05,0.22,1.3,1,65
2025-26,37,419,Jack Grealish,MID,Everton,9,17,1,2026-05-17T14:00:00Z,0,0,0,0,0,0,0,0,0.0,0.0,0.0,0.0,0.0,0.0,0.0,0.0,0,63
2025-26,37,420,İlkay Gündoğan,MID,Man City,13,4,0,2026-05-19T18:30:00Z,0,0,0,0,0,0,0,0,0.0,0.0,0.0,0.0,0.0,0.0,0.0,0.0,0,63
2025-26,37,421,Rodrigo 'Rodri' Hernandez Cascante,MID,Man City,13,4,0,2026-05-19T18:30:00Z,90,7,0,1,0,1,1,27,16.2,29.0,20.0,6.5,0.36,0.12,0.48,1.99,1,63
2025-26,37,422,Mateo Kovačić,MID,Man City,13,4,0,2026-05-19T18:30:00Z,55,1,0,0,0,1,0,8,7.8,12.8,0.0,2.1,0.0,0.03,0.03,0.75,1,58
2025-26,37,423,Nico González Iglesias,MID,Man City,13,4,0,2026-05-19T18:30:00Z,0,0,0,0,0,0,0,0,0.0,0.0,0.0,0.0,0.0,0.0,0.0,0.0,0,59
2025-26,37,424,Oscar Bobb,MID,Fulham,10,20,0,2026-05-17T14:00:00Z,78,2,0,0,0,1,0,16,14.4,28.5,12.0,5.5,0.0,0.29,0.29,1.14,1,51
2025-26,37,425,Claudio Echeverri,MID,Man City,13,4,0,2026-05-19T18:30:00Z,0,0,0,0,0,0,0,0,0.0,0.0,0.0,0.0,0.0,0.0,0.0,0.0,0,54
2025-26,37,426,James McAtee,MID,Nott'm Forest,16,14,0,2026-05-17T11:30:00Z,6,1,0,0,0,0,0,5,6.6,11.3,2.0,2.0,0.0,0.08,0.08,0.83,0,50
2025-26,37,427,Tijjani Reijnders,MID,Man City,13,4,0,2026-05-19T18:30:00Z,0,0,0,0,0,0,0,0,0.0,0.0,0.0,0.0,0.0,0.0,0.0,0.0,0,50
2025-26,37,428,Sverre Nypan,MID,Man City,13,4,0,2026-05-19T18:30:00Z,0,0,0,0,0,0,0,0,0.0,0.0,0.0,0.0,0.0,0.0,0.0,0.0,0,50
2025-26,37,429,Kalvin Phillips,MID,Man City,13,4,0,2026-05-19T18:30:00Z,0,0,0,0,0,0,0,0,0.0,0.0,0.0,0.0,0.0,0.0,0.0,0.0,0,47
2025-26,37,430,Erling Haaland,FWD,Man City,13,4,0,2026-05-19T18:30:00Z,90,9,1,0,0,1,3,36,42.8,14.8,35.0,9.3,0.23,0.52,0.75,1.99,1,147
2025-26,37,431,Altay Bayındır,GK,Man Utd,14,16,1,2026-05-17T11:30:00Z,0,0,0,0,0,0,0,0,0.0,0.0,0.0,0.0,0.0,0.0,0.0,0.0,0,47
2025-26,37,432,André Onana,GK,Man Utd,14,16,1,2026-05-17T11:30:00Z,0,0,0,0,0,0,0,0,0.0,0.0,0.0,0.0,0.0,0.0,0.0,0.0,0,49
2025-26,37,433,Elyh Harrison,GK,Man Utd,14,16,1,2026-05-17T11:30:00Z,0,0,0,0,0,0,0,0,0.0,0.0,0.0,0.0,0.0,0.0,0.0,0.0,0,40
2025-26,37,434,Tom Heaton,GK,Man Utd,14,16,1,2026-05-17T11:30:00Z,0,0,0,0,0,0,0,0,0.0,0.0,0.0,0.0,0.0,0.0,0.0,0.0,0,38
2025-26,37,435,Dermot Mee,GK,Man Utd,14,16,1,2026-05-17T11:30:00Z,0,0,0,0,0,0,0,0,0.0,0.0,0.0,0.0,0.0,0.0,0.0,0.0,0,39
2025-26,37,436,Matthijs de Ligt,DEF,Man Utd,14,16,1,2026-05-17T11:30:00Z,0,0,0,0,0,0,0,0,0.0,0.0,0.0,0.0,0.0,0.0,0.0,0.0,0,49
2025-26,37,437,Lisandro Martínez,DEF,Man Utd,14,16,1,2026-05-17T11:30:00Z,90,3,0,0,0,2,0,17,39.6,11.1,9.0,6.0,0.09,0.01,0.1,1.88,1,48
2025-26,37,438,Noussair Mazraoui,DEF,Man Utd,14,16,1,2026-05-17T11:30:00Z,0,0,0,0,0,0,0,0,0.0,0.0,0.0,0.0,0.0,0.0,0.0,0.0,0,49
2025-26,37,439,Diego León Blanco,DEF,Man Utd,14,16,1,2026-05-17T11:30:00Z,0,0,0,0,0,0,0,0,0.0,0.0,0.0,0.0,0.0,0.0,0.0,0.0,0,41
2025-26,37,440,Diogo Dalot Teixeira,DEF,Man Utd,14,16,1,2026-05-17T11:30:00Z,90,1,0,0,0,2,0,5,20.4,30.8,4.0,5.5,0.3,0.15,0.45,1.88,1,45
2025-26,37,441,Patrick Dorgu,DEF,Man Utd,14,16,1,2026-05-17T11:30:00Z,10,1,0,0,0,0,0,6,6.2,6.3,17.0,3.0,0.15,0.3,0.45,0.26,0,41
2025-26,37,442,Harry Maguire,DEF,Man Utd,14,16,1,2026-05-17T11:30:00Z,90,3,0,0,0,2,0,14,27.0,0.8,5.0,3.3,0.05,0.01,0.06,1.88,1,44
2025-26,37,443,Luke Shaw,DEF,Man Utd,14,16,1,2026-05-17T11:30:00Z,90,6,1,0,0,2,0,14,41.4,5.3,17.0,6.4,0.09,0.1,0.19,1.88,1,45
2025-26,37,444,Leny Yoro,DEF,Man Utd,14,16,1,2026-05-17T11:30:00Z,0,0,0,0,0,0,0,0,0.0,0.0,0.0,0.0,0.0,0.0,0.0,0.0,0,41
2025-26,37,445,Harry Amass,DEF,Man Utd,14,16,1,2026-05-17T11:30:00Z,0,0,0,0,0,0,0,0,0.0,0.0,0.0,0.0,0.0,0.0,0.0,0.0,0,40
2025-26,37,446,Tyler Fredricson,DEF,Man Utd,14,16,1,2026-05-17T11:30:00Z,0,0,0,0,0,0,0,0,0.0,0.0,0.0,0.0,0.0,0.0,0.0,0.0,0,37
2025-26,37,447,Ayden Heaven,DEF,Man Utd,14,16,1,2026-05-17T11:30:00Z,0,0,0,0,0,0,0,0,0.0,0.0,0.0,0.0,0.0,0.0,0.0,0.0,0,37
2025-26,37,448,Tyrell Malacia,DEF,Man Utd,14,16,1,2026-05-17T11:30:00Z,0,0,0,0,0,0,0,0,0.0,0.0,0.0,0.0,0.0,0.0,0.0,0.0,0,37
2025-26,37,449,Bruno Borges Fernandes,MID,Man Utd,14,16,1,2026-05-17T11:30:00Z,90,9,0,2,0,2,1,42,37.0,106.8,34.0,17.8,0.19,0.88,1.07,1.88,1,104
2025-26,37,450,Matheus Santos Carneiro da Cunha,MID,Man Utd,14,16,1,2026-05-17T11:30:00Z,79,9,1,0,0,2,2,43,53.2,58.6,35.0,14.7,0.32,0.49,0.81,1.62,1,81
2025-26,37,451,Marcus Rashford,MID,Man Utd,14,16,1,2026-05-17T11:30:00Z,0,0,0,0,0,0,0,0,0.0,0.0,0.0,0.0,0.0,0.0,0.0,0.0,0,70
2025-26,37,452,Amad Diallo,MID,Man Utd,14,16,1,2026-05-17T11:30:00Z,90,2,0,0,0,2,0,5,4.0,14.2,29.0,4.7,0.12,0.33,0.45,1.88,1,62
2025-26,37,453,Alejandro Garnacho Ferreyra,MID,Chelsea,7,18,1,2026-05-19T19:15:00Z,1,1,0,0,0,0,0,5,4.0,0.0,0.0,0.4,0.0,0.0,0.0,0.05,0,64
2025-26,37,454,Antony dos Santos,MID,Man Utd,14,16,1,2026-05-17T11:30:00Z,0,0,0,0,0,0,0,0,0.0,0.0,0.0,0.0,0.0,0.0,0.0,0.0,0,59
2025-26,37,455,Mason Mount,MID,Man Utd,14,16,1,2026-05-17T11:30:00Z,9,1,0,0,0,0,0,7,3.8,0.3,1.0,0.5,0.02,0.0,0.02,0.26,0,59
2025-26,37,456,Jadon Sancho,MID,Aston Villa,2,12,1,2026-05-15T19:00:00Z,1,1,0,0,0,1,0,4,1.0,1.8,0.0,0.3,0.0,0.02,0.02,0.27,0,58
2025-26,37,457,Carlos Henrique Casimiro,MID,Man Utd,14,16,1,2026-05-17T11:30:00Z,80,1,0,0,0,2,0,6,6.8,24.2,11.0,4.2,0.18,0.08,0.26,1.62,1,59
2025-26,37,458,Kobbie Mainoo,MID,Man Utd,14,16,1,2026-05-17T11:30:00Z,90,4,0,0,0,2,0,19,18.2,33.8,2.0,5.4,0.0,0.02,0.02,1.88,1,47
2025-26,37,459,Manuel Ugarte Ribeiro,MID,Man Utd,14,16,1,2026-05-17T11:30:00Z,0,0,0,0,0,0,0,0,0.0,0.0,0.0,0.0,0.0,0.0,0.0,0.0,0,47
2025-26,37,460,Toby Collyer,MID,Man Utd,14,16,1,2026-05-17T11:30:00Z,0,0,0,0,0,0,0,0,0.0,0.0,0.0,0.0,0.0,0.0,0.0,0.0,0,45
2025-26,37,461,Jayce Fitzgerald,MID,Man Utd,14,16,1,2026-05-17T11:30:00Z,0,0,0,0,0,0,0,0,0.0,0.0,0.0,0.0,0.0,0.0,0.0,0.0,0,43
2025-26,37,462,Jack Fletcher,MID,Man Utd,14,16,1,2026-05-17T11:30:00Z,0,0,0,0,0,0,0,0,0.0,0.0,0.0,0.0,0.0,0.0,0.0,0.0,0,43
2025-26,37,463,Sékou Koné,MID,Man Utd,14,16,1,2026-05-17T11:30:00Z,0,0,0,0,0,0,0,0,0.0,0.0,0.0,0.0,0.0,0.0,0.0,0.0,0,43
2025-26,37,464,Jack Moorhouse,MID,Man Utd,14,16,1,2026-05-17T11:30:00Z,0,0,0,0,0,0,0,0,0.0,0.0,0.0,0.0,0.0,0.0,0.0,0.0,0,45
2025-26,37,465,Rasmus Højlund,FWD,Man Utd,14,16,1,2026-05-17T11:30:00Z,0,0,0,0,0,0,0,0,0.0,0.0,0.0,0.0,0.0,0.0,0.0,0.0,0,63
2025-26,37,466,Joshua Zirkzee,FWD,Man Utd,14,16,1,2026-05-17T11:30:00Z,10,1,0,0,0,0,0,3,8.8,10.3,42.0,6.1,0.48,0.01,0.49,0.26,0,58
2025-26,37,467,Chido Obi,FWD,Man Utd,14,16,1,2026-05-17T11:30:00Z,0,0,0,0,0,0,0,0,0.0,0.0,0.0,0.0,0.0,0.0,0.0,0.0,0,42
2025-26,37,468,Ethan Wheatley,FWD,Man Utd,14,16,1,2026-05-17T11:30:00Z,0,0,0,0,0,0,0,0,0.0,0.0,0.0,0.0,0.0,0.0,0.0,0.0,0,45
2025-26,37,469,Nick Pope,GK,Newcastle,15,19,1,2026-05-17T16:30:00Z,90,4,0,0,0,1,0,26,54.8,0.0,0.0,5.5,0.0,0.0,0.0,0.95,1,50
2025-26,37,470,Martin Dúbravka,GK,Burnley,3,1,0,2026-05-18T19:00:00Z,0,0,0,0,0,0,0,0,0.0,0.0,0.0,0.0,0.0,0.0,0.0,0.0,0,40
2025-26,37,471,Mark Gillespie,GK,Newcastle,15,19,1,2026-05-17T16:30:00Z,0,0,0,0,0,0,0,0,0.0,0.0,0.0,0.0,0.0,0.0,0.0,0.0,0,39
2025-26,37,472,Odysseas Vlachodimos,GK,Newcastle,15,19,1,2026-05-17T16:30:00Z,0,0,0,0,0,0,0,0,0.0,0.0,0.0,0.0,0.0,0.0,0.0,0.0,0,40
2025-26,37,473,Lewis Hall,DEF,Newcastle,15,19,1,2026-05-17T16:30:00Z,90,1,0,0,0,1,0,5,12.8,8.7,34.0,5.6,0.14,0.03,0.17,0.95,1,53
2025-26,37,474,Fabian Schär,DEF,Newcastle,15,19,1,2026-05-17T16:30:00Z,0,0,0,0,0,0,0,0,0.0,0.0,0.0,0.0,0.0,0.0,0.0,0.0,0,52
2025-26,37,475,Sven Botman,DEF,Newcastle,15,19,1,2026-05-17T16:30:00Z,90,4,0,0,0,1,0,10,28.0,0.3,5.0,3.3,0.02,0.0,0.02,0.95,1,49
2025-26,37,476,Dan Burn,DEF,Newcastle,15,19,1,2026-05-17T16:30:00Z,15,1,0,0,0,0,0,4,5.2,10.5,0.0,1.6,0.0,0.0,0.0,0.33,0,50
2025-26,37,477,Tino Livramento,DEF,Newcastle,15,19,1,2026-05-17T16:30:00Z,0,0,0,0,0,0,0,0,0.0,0.0,0.0,0.0,0.0,0.0,0.0,0.0,0,49
2025-26,37,478,Kieran Trippier,DEF,Newcastle,15,19,1,2026-05-17T16:30:00Z,84,2,0,0,0,1,0,9,11.4,22.5,0.0,3.4,0.0,0.06,0.06,0.9,1,49
2025-26,37,479,Emil Krafth,DEF,Newcastle,15,19,1,2026-05-17T16:30:00Z,0,0,0,0,0,0,0,0,0.0,0.0,0.0,0.0,0.0,0.0,0.0,0.0,0,43
2025-26,37,480,Jamaal Lascelles,DEF,Newcastle,15,19,1,2026-05-17T16:30:00Z,0,0,0,0,0,0,0,0,0.0,0.0,0.0,0.0,0.0,0.0,0.0,0.0,0,43
2025-26,37,481,Alex Murphy,DEF,Newcastle,15,19,1,2026-05-17T16:30:00Z,0,0,0,0,0,0,0,0,0.0,0.0,0.0,0.0,0.0,0.0,0.0,0.0,0,38
2025-26,37,482,Harrison Ashby,DEF,Newcastle,15,19,1,2026-05-17T16:30:00Z,0,0,0,0,0,0,0,0,0.0,0.0,0.0,0.0,0.0,0.0,0.0,0.0,0,39
2025-26,37,483,Miodrag Pivaš,DEF,Newcastle,15,19,1,2026-05-17T16:30:00Z,0,0,0,0,0,0,0,0,0.0,0.0,0.0,0.0,0.0,0.0,0.0,0.0,0,38
2025-26,37,484,Matt Targett,DEF,Newcastle,15,19,1,2026-05-17T16:30:00Z,0,0,0,0,0,0,0,0,0.0,0.0,0.0,0.0,0.0,0.0,0.0,0.0,0,40
2025-26,37,485,Anthony Gordon,MID,Newcastle,15,19,1,2026-05-17T16:30:00Z,0,0,0,0,0,0,0,0,0.0,0.0,0.0,0.0,0.0,0.0,0.0,0.0,0,73
2025-26,37,486,Anthony Elanga,MID,Newcastle,15,19,1,2026-05-17T16:30:00Z,5,1,0,0,0,0,0,0,0.0,0.1,4.0,0.3,0.21,0.0,0.21,0.05,0,65
2025-26,37,487,Harvey Barnes,MID,Newcastle,15,19,1,2026-05-17T16:30:00Z,74,5,0,1,0,1,0,23,23.4,23.3,24.0,7.1,0.11,0.25,0.36,0.62,1,61
2025-26,37,488,Bruno Guimarães Rodriguez Moura,MID,Newcastle,15,19,1,2026-05-17T16:30:00Z,90,4,0,0,0,1,0,16,20.4,9.3,22.0,5.2,0.09,0.36,0.45,0.95,1,69
2025-26,37,489,Jacob Murphy,MID,Newcastle,15,19,1,2026-05-17T16:30:00Z,15,1,0,0,0,0,0,9,18.2,14.3,13.0,4.6,0.02,0.03,0.05,0.33,0,59
2025-26,37,490,Joelinton Cássio Apolinário de Lira,MID,Newcastle,15,19,1,2026-05-17T16:30:00Z,0,0,0,0,0,0,0,0,0.0,0.0,0.0,0.0,0.0,0.0,0.0,0.0,0,59
2025-26,37,491,Sandro Tonali,MID,Newcastle,15,19,1,2026-05-17T16:30:00Z,52,1,0,0,0,0,0,11,6.0,14.1,4.0,2.4,0.0,0.02,0.02,0.32,1,53
2025-26,37,492,Antoñito Cordero Campillo,MID,Newcastle,15,19,1,2026-05-17T16:30:00Z,0,0,0,0,0,0,0,0,0.0,0.0,0.0,0.0,0.0,0.0,0.0,0.0,0,49
2025-26,37,493,Sean Longstaff,MID,Leeds,11,6,1,2026-05-17T14:00:00Z,30,1,0,0,0,0,0,4,3.0,0.6,2.0,0.6,0.0,0.13,0.13,1.15,0,48
2025-26,37,494,Joe Willock,MID,Newcastle,15,19,1,2026-05-17T16:30:00Z,37,4,0,1,0,1,0,19,22.2,36.0,9.0,6.7,0.03,0.36,0.39,0.63,0,50
2025-26,37,495,Isaac Hayden,MID,Newcastle,15,19,1,2026-05-17T16:30:00Z,0,0,0,0,0,0,0,0,0.0,0.0,0.0,0.0,0.0,0.0,0.0,0.0,0,45
2025-26,37,496,Garang Kuol,MID,Newcastle,15,19,1,2026-05-17T16:30:00Z,0,0,0,0,0,0,0,0,0.0,0.0,0.0,0.0,0.0,0.0,0.0,0.0,0,44
2025-26,37,497,Lewis Miley,MID,Newcastle,15,19,1,2026-05-17T16:30:00Z,0,0,0,0,0,0,0,0,0.0,0.0,0.0,0.0,0.0,0.0,0.0,0.0,0,44
2025-26,37,498,Joe White,MID,Newcastle,15,19,1,2026-05-17T16:30:00Z,0,0,0,0,0,0,0,0,0.0,0.0,0.0,0.0,0.0,0.0,0.0,0.0,0,45
2025-26,37,499,Alexander Isak,FWD,Liverpool,12,2,0,2026-05-15T19:00:00Z,0,0,0,0,0,0,0,0,0.0,0.0,0.0,0.0,0.0,0.0,0.0,0.0,0,103
2025-26,37,500,William Osula,FWD,Newcastle,15,19,1,2026-05-17T16:30:00Z,84,13,2,0,0,1,3,66,69.2,1.3,34.0,10.5,0.91,0.15,1.06,0.9,1,54
2025-26,37,501,Sean Neave,FWD,Newcastle,15,19,1,2026-05-17T16:30:00Z,0,0,0,0,0,0,0,0,0.0,0.0,0.0,0.0,0.0,0.0,0.0,0.0,0,43
2025-26,37,502,Matz Sels,GK,Nott'm Forest,16,14,0,2026-05-17T11:30:00Z,90,2,0,0,0,3,0,9,38.4,0.0,0.0,3.8,0.0,0.0,0.0,4.57,1,46
2025-26,37,503,Carlos Miguel dos Santos Pereira,GK,Nott'm Forest,16,14,0,2026-05-17T11:30:00Z,0,0,0,0,0,0,0,0,0.0,0.0,0.0,0.0,0.0,0.0,0.0,0.0,0,40
2025-26,37,504,Matt Turner,GK,Nott'm Forest,16,14,0,2026-05-17T11:30:00Z,0,0,0,0,0,0,0,0,0.0,0.0,0.0,0.0,0.0,0.0,0.0,0.0,0,40
2025-26,37,505,Nikola Milenković,DEF,Nott'm Forest,16,14,0,2026-05-17T11:30:00Z,90,1,0,0,0,3,0,2,11.6,0.8,8.0,2.0,0.02,0.01,0.03,4.57,1,51
2025-26,37,506,Murillo Costa dos Santos,DEF,Nott'm Forest,16,14,0,2026-05-17T11:30:00Z,0,0,0,0,0,0,0,0,0.0,0.0,0.0,0.0,0.0,0.0,0.0,0.0,0,52
2025-26,37,507,Ola Aina,DEF,Nott'm Forest,16,14,0,2026-05-17T11:30:00Z,0,0,0,0,0,0,0,0,0.0,0.0,0.0,0.0,0.0,0.0,0.0,0.0,0,47
2025-26,37,508,Neco Williams,DEF,Nott'm Forest,16,14,0,2026-05-17T11:30:00Z,90,1,0,0,0,3,0,8,28.2,17.2,2.0,4.7,0.0,0.05,0.05,4.57,1,48
2025-26,37,509,David Mota Veiga Teixeira do Carmo,DEF,Nott'm Forest,16,14,0,2026-05-17T11:30:00Z,0,0,0,0,0,0,0,0,0.0,0.0,0.0,0.0,0.0,0.0,0.0,0.0,0,45
2025-26,37,510,Jair Paula da Cunha Filho,DEF,Nott'm Forest,16,14,0,2026-05-17T11:30:00Z,6,1,0,0,0,0,0,5,7.2,10.3,2.0,2.0,0.0,0.05,0.05,0.83,0,42
2025-26,37,511,Felipe Rodrigues da Silva,DEF,Nott'm Forest,16,14,0,2026-05-17T11:30:00Z,90,9,1,0,0,3,0,17,60.0,3.8,33.0,9.7,0.49,0.0,0.49,4.57,1,43
2025-26,37,512,Omar Richards,DEF,Nott'm Forest,16,14,0,2026-05-17T11:30:00Z,0,0,0,0,0,0,0,0,0.0,0.0,0.0,0.0,0.0,0.0,0.0,0.0,0,45
2025-26,37,513,Zach Abbott,DEF,Nott'm Forest,16,14,0,2026-05-17T11:30:00Z,0,0,0,0,0,0,0,0,0.0,0.0,0.0,0.0,0.0,0.0,0.0,0.0,0,38
2025-26,37,514,Willy Boly,DEF,Nott'm Forest,16,14,0,2026-05-17T11:30:00Z,0,0,0,0,0,0,0,0,0.0,0.0,0.0,0.0,0.0,0.0,0.0,0.0,0,38
2025-26,37,515,Morgan Gibbs-White,MID,Nott'm Forest,16,14,0,2026-05-17T11:30:00Z,90,7,1,0,0,3,0,31,51.6,20.6,68.0,14.0,0.9,0.04,0.94,4.57,1,75
2025-26,37,516,Callum Hudson-Odoi,MID,Nott'm Forest,16,14,0,2026-05-17T11:30:00Z,0,0,0,0,0,0,0,0,0.0,0.0,0.0,0.0,0.0,0.0,0.0,0.0,0,57
2025-26,37,517,Elliot Anderson,MID,Nott'm Forest,16,14,0,2026-05-17T11:30:00Z,90,12,0,2,0,3,3,49,72.8,50.3,0.0,12.3,0.0,0.68,0.68,4.57,1,56
2025-26,37,518,João Pedro Ferreira da Silva,MID,Nott'm Forest,16,14,0,2026-05-17T11:30:00Z,0,0,0,0,0,0,0,0,0.0,0.0,0.0,0.0,0.0,0.0,0.0,0.0,0,54
2025-26,37,519,Nicolás Domínguez,MID,Nott'm Forest,16,14,0,2026-05-17T11:30:00Z,69,2,0,0,0,2,0,23,21.8,16.8,7.0,4.6,0.21,0.05,0.26,2.8,1,50
2025-26,37,520,Lewis O'Brien,MID,Nott'm Forest,16,14,0,2026-05-17T11:30:00Z,0,0,0,0,0,0,0,0,0.0,0.0,0.0,0.0,0.0,0.0,0.0,0.0,0,50
2025-26,37,521,Ibrahim Sangaré,MID,Nott'm Forest,16,14,0,2026-05-17T11:30:00Z,20,1,0,0,0,1,0,8,7.2,1.3,0.0,0.9,0.0,0.01,0.01,1.77,0,49
2025-26,37,522,Ryan Yates,MID,Nott'm Forest,16,14,0,2026-05-17T11:30:00Z,0,0,0,0,0,0,0,0,0.0,0.0,0.0,0.0,0.0,0.0,0.0,0.0,0,47
2025-26,37,523,Eric da Silva Moreira,MID,Nott'm Forest,16,14,0,2026-05-17T11:30:00Z,0,0,0,0,0,0,0,0,0.0,0.0,0.0,0.0,0.0,0.0,0.0,0.0,0,45
2025-26,37,524,Marko Stamenić,MID,Nott'm Forest,16,14,0,2026-05-17T11:30:00Z,0,0,0,0,0,0,0,0,0.0,0.0,0.0,0.0,0.0,0.0,0.0,0.0,0,45
2025-26,37,525,Chris Wood,FWD,Nott'm Forest,16,14,0,2026-05-17T11:30:00Z,69,2,0,0,0,2,0,5,0.0,6.2,7.0,1.1,0.06,0.0,0.06,2.8,1,71
2025-26,37,526,Igor Jesus Maciel da Cruz,FWD,Nott'm Forest,16,14,0,2026-05-17T11:30:00Z,83,2,0,0,0,3,0,7,8.0,5.7,7.0,2.1,0.02,0.01,0.03,3.74,1,59
2025-26,37,527,Taiwo Awoniyi,FWD,Nott'm Forest,16,14,0,2026-05-17T11:30:00Z,20,1,0,0,0,1,0,1,0.8,14.4,6.0,2.1,0.18,0.35,0.53,1.77,0,52
2025-26,37,528,Anthony Patterson,GK,Sunderland,17,9,0,2026-05-17T14:00:00Z,0,0,0,0,0,0,0,0,0.0,0.0,0.0,0.0,0.0,0.0,0.0,0.0,0,42
2025-26,37,529,Simon Moore,GK,Sunderland,17,9,0,2026-05-17T14:00:00Z,0,0,0,0,0,0,0,0,0.0,0.0,0.0,0.0,0.0,0.0,0.0,0.0,0,39
2025-26,37,530,Blondy Nna Noukeu,GK,Sunderland,17,9,0,2026-05-17T14:00:00Z,0,0,0,0,0,0,0,0,0.0,0.0,0.0,0.0,0.0,0.0,0.0,0.0,0,39
2025-26,37,531,Daniel Ballard,DEF,Sunderland,17,9,0,2026-05-17T14:00:00Z,0,0,0,0,0,0,0,0,0.0,0.0,0.0,0.0,0.0,0.0,0.0,0.0,0,47
2025-26,37,532,Trai Hume,DEF,Sunderland,17,9,0,2026-05-17T14:00:00Z,59,1,0,0,0,1,0,4,1.8,2.9,2.0,0.7,0.0,0.01,0.01,0.37,1,45
2025-26,37,533,Aji Alese,DEF,Sunderland,17,9,0,2026-05-17T14:00:00Z,0,0,0,0,0,0,0,0,0.0,0.0,0.0,0.0,0.0,0.0,0.0,0.0,0,40
2025-26,37,534,Joe Anderson,DEF,Sunderland,17,9,0,2026-05-17T14:00:00Z,0,0,0,0,0,0,0,0,0.0,0.0,0.0,0.0,0.0,0.0,0.0,0.0,0,38
2025-26,37,535,Dennis Cirkin,DEF,Sunderland,17,9,0,2026-05-17T14:00:00Z,0,0,0,0,0,0,0,0,0.0,0.0,0.0,0.0,0.0,0.0,0.0,0.0,0,40
2025-26,37,536,Leo Fuhr Hjelde,DEF,Sunderland,17,9,0,2026-05-17T14:00:00Z,0,0,0,0,0,0,0,0,0.0,0.0,0.0,0.0,0.0,0.0,0.0,0.0,0,40
2025-26,37,537,Niall Huggins,DEF,Sunderland,17,9,0,2026-05-17T14:00:00Z,0,0,0,0,0,0,0,0,0.0,0.0,0.0,0.0,0.0,0.0,0.0,0.0,0,40
2025-26,37,538,Zak Johnson,DEF,Sunderland,17,9,0,2026-05-17T14:00:00Z,0,0,0,0,0,0,0,0,0.0,0.0,0.0,0.0,0.0,0.0,0.0,0.0,0,38
2025-26,37,539,Luke O'Nien,DEF,Sunderland,17,9,0,2026-05-17T14:00:00Z,67,4,0,0,0,1,0,9,18.6,0.3,4.0,2.3,0.05,0.0,0.05,1.01,0,40
2025-26,37,540,Timothée Pembélé,DEF,Sunderland,17,9,0,2026-05-17T14:00:00Z,0,0,0,0,0,0,0,0,0.0,0.0,0.0,0.0,0.0,0.0,0.0,0.0,0,39
2025-26,37,541,Reinildo Mandava,DEF,Sunderland,17,9,0,2026-05-17T14:00:00Z,90,2,0,0,0,1,0,14,14.4,1.8,0.0,1.6,0.0,0.02,0.02,1.04,1,38
2025-26,37,542,Jenson Seelt,DEF,Sunderland,17,9,0,2026-05-17T14:00:00Z,0,0,0,0,0,0,0,0,0.0,0.0,0.0,0.0,0.0,0.0,0.0,0.0,0,40
2025-26,37,543,Simon Adingra,MID,Sunderland,17,9,0,2026-05-17T14:00:00Z,0,0,0,0,0,0,0,0,0.0,0.0,0.0,0.0,0.0,0.0,0.0,0.0,0,49
2025-26,37,544,Habib Diarra,MID,Sunderland,17,9,0,2026-05-17T14:00:00Z,13,4,0,1,0,0,0,17,21.2,18.5,0.0,4.0,0.0,0.14,0.14,0.52,0,53
2025-26,37,545,Patrick Roberts,MID,Sunderland,17,9,0,2026-05-17T14:00:00Z,0,0,0,0,0,0,0,0,0.0,0.0,0.0,0.0,0.0,0.0,0.0,0.0,0,54
2025-26,37,546,Milan Aleksić,MID,Sunderland,17,9,0,2026-05-17T14:00:00Z,0,0,0,0,0,0,0,0,0.0,0.0,0.0,0.0,0.0,0.0,0.0,0.0,0,49
2025-26,37,547,Enzo Le Fée,MID,Sunderland,17,9,0,2026-05-17T14:00:00Z,90,13,1,1,0,1,3,50,53.8,17.7,19.0,9.1,0.12,0.29,0.41,1.04,1,48
2025-26,37,548,Romaine Mundle,MID,Sunderland,17,9,0,2026-05-17T14:00:00Z,0,0,0,0,0,0,0,0,0.0,0.0,0.0,0.0,0.0,0.0,0.0,0.0,0,49
2025-26,37,549,Dan Neil,MID,Sunderland,17,9,0,2026-05-17T14:00:00Z,0,0,0,0,0,0,0,0,0.0,0.0,0.0,0.0,0.0,0.0,0.0,0.0,0,48
2025-26,37,550,Ian Poveda-Ocampo,MID,Sunderland,17,9,0,2026-05-17T14:00:00Z,0,0,0,0,0,0,0,0,0.0,0.0,0.0,0.0,0.0,0.0,0.0,0.0,0,47
2025-26,37,551,Chris Rigg,MID,Sunderland,17,9,0,2026-05-17T14:00:00Z,13,4,0,1,0,0,0,12,18.4,11.3,2.0,3.2,0.0,0.01,0.01,0.52,0,47
2025-26,37,552,Noah Sadiki,MID,Sunderland,17,9,0,2026-05-17T14:00:00Z,76,2,0,0,0,1,0,4,0.0,3.8,0.0,0.4,0.0,0.01,0.01,0.53,1,49
2025-26,37,553,Chemsdine Talbi,MID,Sunderland,17,9,0,2026-05-17T14:00:00Z,30,1,0,0,0,0,0,3,0.4,3.1,0.0,0.4,0.0,0.0,0.0,0.67,0,49
2025-26,37,554,Abdoullah Ba,MID,Sunderland,17,9,0,2026-05-17T14:00:00Z,0,0,0,0,0,0,0,0,0.0,0.0,0.0,0.0,0.0,0.0,0.0,0.0,0,43
2025-26,37,555,Alan Browne,MID,Sunderland,17,9,0,2026-05-17T14:00:00Z,0,0,0,0,0,0,0,0,0.0,0.0,0.0,0.0,0.0,0.0,0.0,0.0,0,45
2025-26,37,556,Pierre Ekwah Elimby,MID,Sunderland,17,9,0,2026-05-17T14:00:00Z,0,0,0,0,0,0,0,0,0.0,0.0,0.0,0.0,0.0,0.0,0.0,0.0,0,45
2025-26,37,557,Harrison Jones,MID,Sunderland,17,9,0,2026-05-17T14:00:00Z,0,0,0,0,0,0,0,0,0.0,0.0,0.0,0.0,0.0,0.0,0.0,0.0,0,43
2025-26,37,558,Jay Matete,MID,Sunderland,17,9,0,2026-05-17T14:00:00Z,0,0,0,0,0,0,0,0,0.0,0.0,0.0,0.0,0.0,0.0,0.0,0.0,0,43
2025-26,37,559,Nectarios Triantis,MID,Sunderland,17,9,0,2026-05-17T14:00:00Z,0,0,0,0,0,0,0,0,0.0,0.0,0.0,0.0,0.0,0.0,0.0,0.0,0,44
2025-26,37,560,Wilson Isidor,FWD,Sunderland,17,9,0,2026-05-17T14:00:00Z,13,5,1,0,0,0,0,29,36.2,0.3,19.0,5.6,0.19,0.17,0.36,0.52,0,50
2025-26,37,561,Eliezer Mayenda Dossou,FWD,Sunderland,17,9,0,2026-05-17T14:00:00Z,0,0,0,0,0,0,0,0,0.0,0.0,0.0,0.0,0.0,0.0,0.0,0.0,0,51
2025-26,37,562,Ahmed Abdullahi,FWD,Sunderland,17,9,0,2026-05-17T14:00:00Z,0,0,0,0,0,0,0,0,0.0,0.0,0.0,0.0,0.0,0.0,0.0,0.0,0,42
2025-26,37,563,Luís Hemir Silva Semedo,FWD,Sunderland,17,9,0,2026-05-17T14:00:00Z,0,0,0,0,0,0,0,0,0.0,0.0,0.0,0.0,0.0,0.0,0.0,0.0,0,44
2025-26,37,564,Nazarii Rusyn,FWD,Sunderland,17,9,0,2026-05-17T14:00:00Z,0,0,0,0,0,0,0,0,0.0,0.0,0.0,0.0,0.0,0.0,0.0,0.0,0,44
2025-26,37,565,Guglielmo Vicario,GK,Spurs,18,7,0,2026-05-19T19:15:00Z,0,0,0,0,0,0,0,0,0.0,0.0,0.0,0.0,0.0,0.0,0.0,0.0,0,47
2025-26,37,566,Brandon Austin,GK,Spurs,18,7,0,2026-05-19T19:15:00Z,0,0,0,0,0,0,0,0,0.0,0.0,0.0,0.0,0.0,0.0,0.0,0.0,0,39
2025-26,37,567,Antonín Kinský,GK,Spurs,18,7,0,2026-05-19T19:15:00Z,90,1,0,0,0,2,0,4,15.6,0.0,0.0,1.6,0.0,0.0,0.0,0.63,1,39
2025-26,37,568,Pedro Porro Sauceda,DEF,Spurs,18,7,0,2026-05-19T19:15:00Z,90,0,0,0,0,2,0,8,16.2,45.2,4.0,6.5,0.0,0.36,0.36,0.63,1,52
2025-26,37,569,Cristian Romero,DEF,Spurs,18,7,0,2026-05-19T19:15:00Z,0,0,0,0,0,0,0,0,0.0,0.0,0.0,0.0,0.0,0.0,0.0,0.0,0,50
2025-26,37,570,Kevin Danso,DEF,Spurs,18,7,0,2026-05-19T19:15:00Z,90,3,0,0,0,2,0,9,23.6,1.0,2.0,2.7,0.0,0.01,0.01,0.63,1,42
2025-26,37,571,Ben Davies,DEF,Spurs,18,7,0,2026-05-19T19:15:00Z,0,0,0,0,0,0,0,0,0.0,0.0,0.0,0.0,0.0,0.0,0.0,0.0,0,43
2025-26,37,572,Radu Drăgușin,DEF,Spurs,18,7,0,2026-05-19T19:15:00Z,0,0,0,0,0,0,0,0,0.0,0.0,0.0,0.0,0.0,0.0,0.0,0.0,0,45
2025-26,37,573,Djed Spence,DEF,Spurs,18,7,0,2026-05-19T19:15:00Z,21,1,0,0,0,0,0,4,2.6,0.8,0.0,0.3,0.0,0.01,0.01,0.15,0,41
2025-26,37,574,Destiny Udogie,DEF,Spurs,18,7,0,2026-05-19T19:15:00Z,68,0,0,0,0,2,0,-5,4.6,0.6,2.0,0.7,0.0,0.0,0.0,0.48,1,43
2025-26,37,575,Micky van de Ven,DEF,Spurs,18,7,0,2026-05-19T19:15:00Z,90,0,0,0,0,2,0,6,15.6,1.3,0.0,1.7,0.0,0.01,0.01,0.63,1,44
2025-26,37,576,Ashley Phillips,DEF,Spurs,18,7,0,2026-05-19T19:15:00Z,0,0,0,0,0,0,0,0,0.0,0.0,0.0,0.0,0.0,0.0,0.0,0.0,0,40
2025-26,37,577,Takai Kōta,DEF,Spurs,18,7,0,2026-05-19T19:15:00Z,0,0,0,0,0,0,0,0,0.0,0.0,0.0,0.0,0.0,0.0,0.0,0.0,0,40
2025-26,37,578,Luka Vušković,DEF,Spurs,18,7,0,2026-05-19T19:15:00Z,0,0,0,0,0,0,0,0,0.0,0.0,0.0,0.0,0.0,0.0,0.0,0.0,0,39
2025-26,37,579,Son Heung-min,MID,Spurs,18,7,0,2026-05-19T19:15:00Z,0,0,0,0,0,0,0,0,0.0,0.0,0.0,0.0,0.0,0.0,0.0,0.0,0,85
2025-26,37,580,Brennan Johnson,MID,Crystal Palace,8,5,0,2026-05-17T14:00:00Z,45,1,0,0,0,1,0,3,2.4,0.7,4.0,0.7,0.0,0.0,0.0,1.27,0,65
2025-26,37,581,James Maddison,MID,Spurs,18,7,0,2026-05-19T19:15:00Z,21,1,0,0,0,0,0,-1,0.4,3.2,11.0,1.5,0.21,0.02,0.23,0.15,0,68
2025-26,37,582,Mohammed Kudus,MID,Spurs,18,7,0,2026-05-19T19:15:00Z,0,0,0,0,0,0,0,0,0.0,0.0,0.0,0.0,0.0,0.0,0.0,0.0,0,64
2025-26,37,583,Dejan Kulusevski,MID,Spurs,18,7,0,2026-05-19T19:15:00Z,0,0,0,0,0,0,0,0,0.0,0.0,0.0,0.0,0.0,0.0,0.0,0.0,0,64
2025-26,37,584,Mathys Tel,MID,Spurs,18,7,0,2026-05-19T19:15:00Z,90,2,0,0,0,2,0,4,9.4,17.6,14.0,4.1,0.09,0.11,0.2,0.63,1,62
2025-26,37,585,Rodrigo Bentancur,MID,Spurs,18,7,0,2026-05-19T19:15:00Z,90,2,0,0,0,2,0,17,6.4,11.4,2.0,2.0,0.0,0.03,0.03,0.63,1,52
2025-26,37,586,Lucas Bergvall,MID,Spurs,18,7,0,2026-05-19T19:15:00Z,0,0,0,0,0,0,0,0,0.0,0.0,0.0,0.0,0.0,0.0,0.0,0.0,0,52
2025-26,37,587,Yves Bissouma,MID,Spurs,18,7,0,2026-05-19T19:15:00Z,0,0,0,0,0,0,0,0,0.0,0.0,0.0,0.0,0.0,0.0,0.0,0.0,0,52
2025-26,37,588,Wilson Odobert,MID,Spurs,18,7,0,2026-05-19T19:15:00Z,0,0,0,0,0,0,0,0,0.0,0.0,0.0,0.0,0.0,0.0,0.0,0.0,0,53
2025-26,37,589,Manor Solomon,MID,Spurs,18,7,0,2026-05-19T19:15:00Z,0,0,0,0,0,0,0,0,0.0,0.0,0.0,0.0,0.0,0.0,0.0,0.0,0,54
2025-26,37,590,Bryan Gil Salvatierra,MID,Spurs,18,7,0,2026-05-19T19:15:00Z,0,0,0,0,0,0,0,0,0.0,0.0,0.0,0.0,0.0,0.0,0.0,0.0,0,49
2025-26,37,591,Archie Gray,MID,Spurs,18,7,0,2026-05-19T19:15:00Z,0,0,0,0,0,0,0,0,0.0,0.0,0.0,0.0,0.0,0.0,0.0,0.0,0,48
2025-26,37,592,Mikey Moore,MID,Spurs,18,7,0,2026-05-19T19:15:00Z,0,0,0,0,0,0,0,0,0.0,0.0,0.0,0.0,0.0,0.0,0.0,0.0,0,50
2025-26,37,593,Pape Matar Sarr,MID,Spurs,18,7,0,2026-05-19T19:15:00Z,21,4,0,1,0,0,0,18,18.0,25.2,4.0,4.7,0.13,0.03,0.16,0.15,0,45
2025-26,37,594,Yang Min-hyeok,MID,Spurs,18,7,0,2026-05-19T19:15:00Z,0,0,0,0,0,0,0,0,0.0,0.0,0.0,0.0,0.0,0.0,0.0,0.0,0,45
2025-26,37,595,Callum Olusesi,MID,Spurs,18,7,0,2026-05-19T19:15:00Z,0,0,0,0,0,0,0,0,0.0,0.0,0.0,0.0,0.0,0.0,0.0,0.0,0,43
2025-26,37,596,Dominic Solanke-Mitchell,FWD,Spurs,18,7,0,2026-05-19T19:15:00Z,0,0,0,0,0,0,0,0,0.0,0.0,0.0,0.0,0.0,0.0,0.0,0.0,0,71
2025-26,37,597,Richarlison de Andrade,FWD,Spurs,18,7,0,2026-05-19T19:15:00Z,90,7,1,0,0,2,1,38,44.6,12.2,58.0,11.5,0.96,0.04,1.0,0.63,1,64
2025-26,37,598,Will Lankshear,FWD,Spurs,18,7,0,2026-05-19T19:15:00Z,0,0,0,0,0,0,0,0,0.0,0.0,0.0,0.0,0.0,0.0,0.0,0.0,0,45
2025-26,37,599,Dane Scarlett,FWD,Spurs,18,7,0,2026-05-19T19:15:00Z,0,0,0,0,0,0,0,0,0.0,0.0,0.0,0.0,0.0,0.0,0.0,0.0,0,43
2025-26,37,600,Alphonse Areola,GK,West Ham,19,15,0,2026-05-17T16:30:00Z,0,0,0,0,0,0,0,0,0.0,0.0,0.0,0.0,0.0,0.0,0.0,0.0,0,42
2025-26,37,601,Wes Foderingham,GK,West Ham,19,15,0,2026-05-17T16:30:00Z,0,0,0,0,0,0,0,0,0.0,0.0,0.0,0.0,0.0,0.0,0.0,0.0,0,40
2025-26,37,602,Krisztián Hegyi,GK,West Ham,19,15,0,2026-05-17T16:30:00Z,0,0,0,0,0,0,0,0,0.0,0.0,0.0,0.0,0.0,0.0,0.0,0.0,0,39
2025-26,37,603,El Hadji Malick Diouf,DEF,West Ham,19,15,0,2026-05-17T16:30:00Z,90,0,0,0,0,3,0,3,20.2,50.7,19.0,9.0,0.04,0.2,0.24,1.73,1,41
2025-26,37,604,Emerson Palmieri dos Santos,DEF,West Ham,19,15,0,2026-05-17T16:30:00Z,0,0,0,0,0,0,0,0,0.0,0.0,0.0,0.0,0.0,0.0,0.0,0.0,0,44
2025-26,37,605,Maximilian Kilman,DEF,West Ham,19,15,0,2026-05-17T16:30:00Z,0,0,0,0,0,0,0,0,0.0,0.0,0.0,0.0,0.0,0.0,0.0,0.0,0,41
2025-26,37,606,Konstantinos Mavropanos,DEF,West Ham,19,15,0,2026-05-17T16:30:00Z,90,3,0,0,0,3,0,10,33.6,1.5,3.0,3.8,0.03,0.05,0.08,1.73,1,45
2025-26,37,607,Nayef Aguerd,DEF,West Ham,19,15,0,2026-05-17T16:30:00Z,0,0,0,0,0,0,0,0,0.0,0.0,0.0,0.0,0.0,0.0,0.0,0.0,0,44
2025-26,37,608,Ollie Scarles,DEF,West Ham,19,15,0,2026-05-17T16:30:00Z,0,0,0,0,0,0,0,0,0.0,0.0,0.0,0.0,0.0,0.0,0.0,0.0,0,43
2025-26,37,609,Jean-Clair Todibo,DEF,West Ham,19,15,0,2026-05-17T16:30:00Z,25,0,0,0,0,2,0,-4,1.8,0.3,0.0,0.2,0.0,0.0,0.0,0.84,1,43
2025-26,37,610,Aaron Wan-Bissaka,DEF,West Ham,19,15,0,2026-05-17T16:30:00Z,62,1,0,0,0,2,0,2,7.0,1.7,0.0,0.9,0.0,0.02,0.02,1.01,1,41
2025-26,37,611,Kaelan Casey,DEF,West Ham,19,15,0,2026-05-17T16:30:00Z,0,0,0,0,0,0,0,0,0.0,0.0,0.0,0.0,0.0,0.0,0.0,0.0,0,40
2025-26,37,612,Lucas Tolentino Coelho de Lima,MID,West Ham,19,15,0,2026-05-17T16:30:00Z,0,0,0,0,0,0,0,0,0.0,0.0,0.0,0.0,0.0,0.0,0.0,0.0,0,59
2025-26,37,613,Tomáš Souček,MID,West Ham,19,15,0,2026-05-17T16:30:00Z,62,1,0,0,0,2,0,10,12.2,14.1,4.0,3.0,0.0,0.01,0.01,1.01,1,57
2025-26,37,614,James Ward-Prowse,MID,Burnley,3,1,0,2026-05-18T19:00:00Z,12,1,0,0,0,0,0,3,1.4,0.5,0.0,0.2,0.0,0.0,0.0,0.03,0,56
2025-26,37,615,Crysencio Summerville,MID,West Ham,19,15,0,2026-05-17T16:30:00Z,90,2,0,0,0,3,0,23,14.4,23.3,15.0,5.3,0.05,0.24,0.29,1.73,1,54
2025-26,37,616,Edson Álvarez Velázquez,MID,West Ham,19,15,0,2026-05-17T16:30:00Z,0,0,0,0,0,0,0,0,0.0,0.0,0.0,0.0,0.0,0.0,0.0,0.0,0,49
2025-26,37,617,Maxwel Cornet,MID,West Ham,19,15,0,2026-05-17T16:30:00Z,0,0,0,0,0,0,0,0,0.0,0.0,0.0,0.0,0.0,0.0,0.0,0.0,0,49
2025-26,37,618,Guido Rodríguez,MID,West Ham,19,15,0,2026-05-17T16:30:00Z,0,0,0,0,0,0,0,0,0.0,0.0,0.0,0.0,0.0,0.0,0.0,0.0,0,48
2025-26,37,619,Luis Guilherme Lira dos Santos,MID,West Ham,19,15,0,2026-05-17T16:30:00Z,0,0,0,0,0,0,0,0,0.0,0.0,0.0,0.0,0.0,0.0,0.0,0.0,0,49
2025-26,37,620,George Earthy,MID,West Ham,19,15,0,2026-05-17T16:30:00Z,0,0,0,0,0,0,0,0,0.0,0.0,0.0,0.0,0.0,0.0,0.0,0.0,0,45
2025-26,37,621,Andy Irving,MID,West Ham,19,15,0,2026-05-17T16:30:00Z,0,0,0,0,0,0,0,0,0.0,0.0,0.0,0.0,0.0,0.0,0.0,0.0,0,43
2025-26,37,622,Lewis Orford,MID,West Ham,19,15,0,2026-05-17T16:30:00Z,0,0,0,0,0,0,0,0,0.0,0.0,0.0,0.0,0.0,0.0,0.0,0.0,0,44
2025-26,37,623,Freddie Potts,MID,West Ham,19,15,0,2026-05-17T16:30:00Z,0,0,0,0,0,0,0,0,0.0,0.0,0.0,0.0,0.0,0.0,0.0,0.0,0,43
2025-26,37,624,Jarrod Bowen,FWD,West Ham,19,15,0,2026-05-17T16:30:00Z,90,2,0,0,0,3,0,7,10.6,5.3,11.0,2.7,0.13,0.03,0.16,1.73,1,77
2025-26,37,625,Niclas Füllkrug,FWD,West Ham,19,15,0,2026-05-17T16:30:00Z,0,0,0,0,0,0,0,0,0.0,0.0,0.0,0.0,0.0,0.0,0.0,0.0,0,56
2025-26,37,626,Callum Marshall,FWD,West Ham,19,15,0,2026-05-17T16:30:00Z,0,0,0,0,0,0,0,0,0.0,0.0,0.0,0.0,0.0,0.0,0.0,0.0,0,43
2025-26,37,627,Sam Johnstone,GK,Wolves,20,10,1,2026-05-17T14:00:00Z,0,0,0,0,0,0,0,0,0.0,0.0,0.0,0.0,0.0,0.0,0.0,0.0,0,44
2025-26,37,628,José Malheiro de Sá,GK,Wolves,20,10,1,2026-05-17T14:00:00Z,90,3,0,0,0,1,0,14,23.8,0.0,0.0,2.4,0.0,0.01,0.01,1.59,1,42
2025-26,37,629,Daniel Bentley,GK,Wolves,20,10,1,2026-05-17T14:00:00Z,0,0,0,0,0,0,0,0,0.0,0.0,0.0,0.0,0.0,0.0,0.0,0.0,0,39
2025-26,37,630,Tom King,GK,Everton,9,17,1,2026-05-17T14:00:00Z,0,0,0,0,0,0,0,0,0.0,0.0,0.0,0.0,0.0,0.0,0.0,0.0,0,39
2025-26,37,631,Emmanuel Agbadou,DEF,Wolves,20,10,1,2026-05-17T14:00:00Z,0,0,0,0,0,0,0,0,0.0,0.0,0.0,0.0,0.0,0.0,0.0,0.0,0,42
2025-26,37,632,Matt Doherty,DEF,Wolves,20,10,1,2026-05-17T14:00:00Z,0,0,0,0,0,0,0,0,0.0,0.0,0.0,0.0,0.0,0.0,0.0,0.0,0,44
2025-26,37,633,Hugo Bueno López,DEF,Wolves,20,10,1,2026-05-17T14:00:00Z,5,1,0,0,0,0,0,5,4.2,14.0,0.0,1.8,0.0,0.03,0.03,0.1,0,43
2025-26,37,634,Yerson Mosquera Valdelamar,DEF,Wolves,20,10,1,2026-05-17T14:00:00Z,90,2,0,0,0,1,0,-2,0.4,0.6,15.0,1.6,0.35,0.01,0.36,1.59,1,43
2025-26,37,635,Rodrigo Martins Gomes,DEF,Wolves,20,10,1,2026-05-17T14:00:00Z,84,2,0,0,0,1,0,4,5.8,5.4,19.0,3.0,0.28,0.04,0.32,1.49,1,44
2025-26,37,636,Santiago Ignacio Bueno,DEF,Wolves,20,10,1,2026-05-17T14:00:00Z,90,2,0,0,0,1,0,5,17.2,0.1,0.0,1.7,0.0,0.0,0.0,1.59,1,44
2025-26,37,637,Toti Gomes,DEF,Wolves,20,10,1,2026-05-17T14:00:00Z,0,0,0,0,0,0,0,0,0.0,0.0,0.0,0.0,0.0,0.0,0.0,0.0,0,42
2025-26,37,638,Ki-Jana Hoever,DEF,Wolves,20,10,1,2026-05-17T14:00:00Z,0,0,0,0,0,0,0,0,0.0,0.0,0.0,0.0,0.0,0.0,0.0,0.0,0,38
2025-26,37,639,Bastien Meupiyou Menadjou,DEF,Wolves,20,10,1,2026-05-17T14:00:00Z,0,0,0,0,0,0,0,0,0.0,0.0,0.0,0.0,0.0,0.0,0.0,0.0,0,40
2025-26,37,640,Pedro Cardoso de Lima,DEF,Wolves,20,10,1,2026-05-17T14:00:00Z,5,1,0,0,0,0,0,2,0.0,0.1,4.0,0.4,0.15,0.0,0.15,0.1,0,40
2025-26,37,641,Alfie Pond,DEF,Wolves,20,10,1,2026-05-17T14:00:00Z,0,0,0,0,0,0,0,0,0.0,0.0,0.0,0.0,0.0,0.0,0.0,0.0,0,39
2025-26,37,642,Hwang Hee-chan,MID,Wolves,20,10,1,2026-05-17T14:00:00Z,78,5,0,1,0,1,0,22,23.6,35.1,5.0,6.4,0.05,0.3,0.35,1.47,1,56
2025-26,37,643,André Trindade da Costa Neto,MID,Wolves,20,10,1,2026-05-17T14:00:00Z,90,3,0,0,0,1,0,10,2.6,2.4,0.0,0.5,0.0,0.01,0.01,1.59,1,52
2025-26,37,644,Jean-Ricner Bellegarde,MID,Wolves,20,10,1,2026-05-17T14:00:00Z,11,1,0,0,0,0,0,2,0.0,3.5,0.0,0.3,0.0,0.01,0.01,0.12,0,51
2025-26,37,645,Fer López González,MID,Wolves,20,10,1,2026-05-17T14:00:00Z,0,0,0,0,0,0,0,0,0.0,0.0,0.0,0.0,0.0,0.0,0.0,0.0,0,51
2025-26,37,646,João Victor Gomes da Silva,MID,Wolves,20,10,1,2026-05-17T14:00:00Z,90,2,0,0,0,1,0,9,7.4,2.5,4.0,1.4,0.0,0.02,0.02,1.59,1,53
2025-26,37,647,Gonçalo Manuel Ganchinho Guedes,MID,Wolves,20,10,1,2026-05-17T14:00:00Z,0,0,0,0,0,0,0,0,0.0,0.0,0.0,0.0,0.0,0.0,0.0,0.0,0,55
2025-26,37,648,Marshall Munetsi,MID,Wolves,20,10,1,2026-05-17T14:00:00Z,0,0,0,0,0,0,0,0,0.0,0.0,0.0,0.0,0.0,0.0,0.0,0.0,0,53
2025-26,37,649,Boubacar Traoré,MID,Wolves,20,10,1,2026-05-17T14:00:00Z,0,0,0,0,0,0,0,0,0.0,0.0,0.0,0.0,0.0,0.0,0.0,0.0,0,50
2025-26,37,650,Tawanda Chirewa,MID,Wolves,20,10,1,2026-05-17T14:00:00Z,0,0,0,0,0,0,0,0,0.0,0.0,0.0,0.0,0.0,0.0,0.0,0.0,0,43
2025-26,37,651,Tom Edozie,MID,Wolves,20,10,1,2026-05-17T14:00:00Z,0,0,0,0,0,0,0,0,0.0,0.0,0.0,0.0,0.0,0.0,0.0,0.0,0,43
2025-26,37,652,Enso González Medina,MID,Wolves,20,10,1,2026-05-17T14:00:00Z,0,0,0,0,0,0,0,0,0.0,0.0,0.0,0.0,0.0,0.0,0.0,0.0,0,43
2025-26,37,653,Joe Hodge,MID,Wolves,20,10,1,2026-05-17T14:00:00Z,0,0,0,0,0,0,0,0,0.0,0.0,0.0,0.0,0.0,0.0,0.0,0.0,0,45
2025-26,37,654,Jørgen Strand Larsen,FWD,Crystal Palace,8,5,0,2026-05-17T14:00:00Z,60,2,0,0,0,1,0,9,6.8,4.3,26.0,3.7,0.2,0.16,0.36,0.58,1,59
2025-26,37,655,Fábio Soares Silva,FWD,Wolves,20,10,1,2026-05-17T14:00:00Z,0,0,0,0,0,0,0,0,0.0,0.0,0.0,0.0,0.0,0.0,0.0,0.0,0,49
2025-26,37,656,Saša Kalajdžić,FWD,Wolves,20,10,1,2026-05-17T14:00:00Z,0,0,0,0,0,0,0,0,0.0,0.0,0.0,0.0,0.0,0.0,0.0,0.0,0,49
2025-26,37,657,Leon Chiwome,FWD,Wolves,20,10,1,2026-05-17T14:00:00Z,0,0,0,0,0,0,0,0,0.0,0.0,0.0,0.0,0.0,0.0,0.0,0.0,0,44
2025-26,37,658,Nathan Fraser,FWD,Wolves,20,10,1,2026-05-17T14:00:00Z,0,0,0,0,0,0,0,0,0.0,0.0,0.0,0.0,0.0,0.0,0.0,0.0,0,42
2025-26,37,659,Kyle Walker-Peters,DEF,West Ham,19,15,0,2026-05-17T16:30:00Z,0,0,0,0,0,0,0,0,0.0,0.0,0.0,0.0,0.0,0.0,0.0,0.0,0,42
2025-26,37,660,Anton Stach,MID,Leeds,11,6,1,2026-05-17T14:00:00Z,73,3,0,0,1,0,0,10,9.8,19.2,1.0,3.0,0.06,0.07,0.13,2.2,1,48
2025-26,37,661,Hugo Ekitiké,FWD,Liverpool,12,2,0,2026-05-15T19:00:00Z,0,0,0,0,0,0,0,0,0.0,0.0,0.0,0.0,0.0,0.0,0.0,0.0,0,90
2025-26,37,662,Cristhian Mosquera,DEF,Arsenal,1,3,1,2026-05-18T19:00:00Z,90,6,0,0,1,0,0,23,17.2,19.5,4.0,4.1,0.0,0.08,0.08,0.19,1,53
2025-26,37,663,Jhon Arias,MID,Wolves,20,10,1,2026-05-17T14:00:00Z,0,0,0,0,0,0,0,0,0.0,0.0,0.0,0.0,0.0,0.0,0.0,0.0,0,49
2025-26,37,664,Benjamin Lecomte,GK,Fulham,10,20,0,2026-05-17T14:00:00Z,0,0,0,0,0,0,0,0,0.0,0.0,0.0,0.0,0.0,0.0,0.0,0.0,0,39
2025-26,37,665,Lucas Estella Perri,GK,Leeds,11,6,1,2026-05-17T14:00:00Z,0,0,0,0,0,0,0,0,0.0,0.0,0.0,0.0,0.0,0.0,0.0,0.0,0,44
2025-26,37,666,Viktor Gyökeres,FWD,Arsenal,1,3,1,2026-05-18T19:00:00Z,17,1,0,0,0,0,0,3,2.0,0.5,4.0,0.7,0.0,0.01,0.01,0.0,0,90
2025-26,37,667,Adam Aznou,DEF,Everton,9,17,1,2026-05-17T14:00:00Z,0,0,0,0,0,0,0,0,0.0,0.0,0.0,0.0,0.0,0.0,0.0,0.0,0,42
2025-26,37,668,Granit Xhaka,MID,Sunderland,17,9,0,2026-05-17T14:00:00Z,90,2,0,0,0,1,0,15,10.0,8.0,0.0,1.8,0.0,0.02,0.02,1.04,1,51
2025-26,37,669,Dan Ndoye,MID,Nott'm Forest,16,14,0,2026-05-17T11:30:00Z,0,0,0,0,0,0,0,0,0.0,0.0,0.0,0.0,0.0,0.0,0.0,0.0,0,55
2025-26,37,670,Robin Roefs,GK,Sunderland,17,9,0,2026-05-17T14:00:00Z,90,3,0,0,0,1,0,13,24.6,0.0,0.0,2.5,0.0,0.0,0.0,1.04,1,48
2025-26,37,671,Callum Wilson,FWD,West Ham,19,15,0,2026-05-17T16:30:00Z,90,2,0,0,0,3,0,5,4.6,1.4,33.0,3.9,0.08,0.11,0.19,1.73,1,58
2025-26,37,672,Jorrel Hato,DEF,Chelsea,7,18,1,2026-05-19T19:15:00Z,90,1,0,0,0,1,0,11,18.2,10.7,2.0,3.1,0.0,0.02,0.02,1.72,1,46
2025-26,37,673,João Maria Lobo Alves Palhares Costa Palhinha Gonçalves,MID,Spurs,18,7,0,2026-05-19T19:15:00Z,68,4,0,0,0,2,0,14,9.4,2.0,0.0,1.1,0.0,0.01,0.01,0.48,1,55
2025-26,37,674,Aaron Ramsdale,GK,Newcastle,15,19,1,2026-05-17T16:30:00Z,0,0,0,0,0,0,0,0,0.0,0.0,0.0,0.0,0.0,0.0,0.0,0.0,0,48
2025-26,37,675,Angus Gunn,GK,Nott'm Forest,16,14,0,2026-05-17T11:30:00Z,0,0,0,0,0,0,0,0,0.0,0.0,0.0,0.0,0.0,0.0,0.0,0.0,0,40
2025-26,37,676,Lesley Ugochukwu,MID,Burnley,3,1,0,2026-05-18T19:00:00Z,70,2,0,0,0,1,0,9,11.0,1.7,2.0,1.5,0.0,0.0,0.0,1.27,1,50
2025-26,37,677,Evann Guessand,MID,Crystal Palace,8,5,0,2026-05-17T14:00:00Z,1,1,0,0,0,0,0,3,1.2,0.3,0.0,0.2,0.0,0.1,0.1,0.41,0,62
2025-26,37,678,Arthur Masuaku,DEF,Sunderland,17,9,0,2026-05-17T14:00:00Z,0,0,0,0,0,0,0,0,0.0,0.0,0.0,0.0,0.0,0.0,0.0,0.0,0,39
2025-26,37,679,Mads Hermansen,GK,West Ham,19,15,0,2026-05-17T16:30:00Z,90,5,0,1,0,3,0,13,40.4,10.0,0.0,5.0,0.0,0.0,0.0,1.73,1,42
2025-26,37,680,Armando Broja,FWD,Burnley,3,1,0,2026-05-18T19:00:00Z,0,0,0,0,0,0,0,0,0.0,0.0,0.0,0.0,0.0,0.0,0.0,0.0,0,52
2025-26,37,681,Benjamin Sesko,FWD,Man Utd,14,16,1,2026-05-17T11:30:00Z,0,0,0,0,0,0,0,0,0.0,0.0,0.0,0.0,0.0,0.0,0.0,0.0,0,73
2025-26,37,682,David Møller Wolfe,DEF,Wolves,20,10,1,2026-05-17T14:00:00Z,84,2,0,0,0,1,0,0,0.0,0.4,0.0,0.0,0.0,0.01,0.01,1.49,1,42
2025-26,37,683,Omar Alderete,DEF,Sunderland,17,9,0,2026-05-17T14:00:00Z,22,1,0,0,0,0,0,3,2.0,0.3,0.0,0.2,0.0,0.0,0.0,0.03,1,41
2025-26,37,684,Malick Thiaw,DEF,Newcastle,15,19,1,2026-05-17T16:30:00Z,90,2,0,0,0,1,0,14,18.2,1.3,0.0,2.0,0.0,0.01,0.01,0.95,1,49
2025-26,37,685,Bafodé Diakité,DEF,Bournemouth,4,13,1,2026-05-19T18:30:00Z,0,0,0,0,0,0,0,0,0.0,0.0,0.0,0.0,0.0,0.0,0.0,0.0,0,41
2025-26,37,686,Rio Ngumoha,MID,Liverpool,12,2,0,2026-05-15T19:00:00Z,90,2,0,0,0,4,0,11,9.6,31.6,15.0,5.6,0.12,0.12,0.24,1.85,1,43
2025-26,37,687,Remy Rees-Dottin,MID,Bournemouth,4,13,1,2026-05-19T18:30:00Z,0,0,0,0,0,0,0,0,0.0,0.0,0.0,0.0,0.0,0.0,0.0,0.0,0,43
2025-26,37,688,James Wright,GK,Aston Villa,2,12,1,2026-05-15T19:00:00Z,0,0,0,0,0,0,0,0,0.0,0.0,0.0,0.0,0.0,0.0,0.0,0.0,0,39
2025-26,37,689,Seung-Soo Park,MID,Newcastle,15,19,1,2026-05-17T16:30:00Z,0,0,0,0,0,0,0,0,0.0,0.0,0.0,0.0,0.0,0.0,0.0,0.0,0,43
2025-26,37,690,Rio Cardines,MID,Crystal Palace,8,5,0,2026-05-17T14:00:00Z,0,0,0,0,0,0,0,0,0.0,0.0,0.0,0.0,0.0,0.0,0.0,0.0,0,44
2025-26,37,691,Dominic Calvert-Lewin,FWD,Leeds,11,6,1,2026-05-17T14:00:00Z,90,7,1,0,1,0,2,33,37.0,1.9,21.0,6.0,0.07,0.02,0.09,3.06,1,58
2025-26,37,692,Giovanni Leoni,DEF,Liverpool,12,2,0,2026-05-15T19:00:00Z,0,0,0,0,0,0,0,0,0.0,0.0,0.0,0.0,0.0,0.0,0.0,0.0,0,49
2025-26,37,693,Omari Hutchinson,MID,Nott'm Forest,16,14,0,2026-05-17T11:30:00Z,69,2,0,0,0,2,0,11,5.0,15.6,2.0,2.3,0.0,0.2,0.2,2.8,1,54
2025-26,37,694,Nordi Mukiele,DEF,Sunderland,17,9,0,2026-05-17T14:00:00Z,90,2,0,0,0,1,0,6,14.2,12.8,8.0,3.5,0.03,0.03,0.06,1.04,1,46
2025-26,37,695,Jackson Tchatchoua,DEF,Wolves,20,10,1,2026-05-17T14:00:00Z,0,0,0,0,0,0,0,0,0.0,0.0,0.0,0.0,0.0,0.0,0.0,0.0,0,44
2025-26,37,696,Arnaud Kalimuendo,FWD,Nott'm Forest,16,14,0,2026-05-17T11:30:00Z,0,0,0,0,0,0,0,0,0.0,0.0,0.0,0.0,0.0,0.0,0.0,0.0,0,60
2025-26,37,697,Amine Adli,MID,Bournemouth,4,13,1,2026-05-19T18:30:00Z,0,0,0,0,0,0,0,0,0.0,0.0,0.0,0.0,0.0,0.0,0.0,0.0,0,54
2025-26,37,698,Noah Okafor,MID,Leeds,11,6,1,2026-05-17T14:00:00Z,0,0,0,0,0,0,0,0,0.0,0.0,0.0,0.0,0.0,0.0,0.0,0.0,0,55
2025-26,37,699,Douglas Luiz Soares de Paulo,MID,Aston Villa,2,12,1,2026-05-15T19:00:00Z,1,1,0,0,0,1,0,3,0.2,0.5,0.0,0.1,0.0,0.0,0.0,0.27,0,49
2025-26,37,700,Max Dowman,MID,Arsenal,1,3,1,2026-05-18T19:00:00Z,0,0,0,0,0,0,0,0,0.0,0.0,0.0,0.0,0.0,0.0,0.0,0.0,0,42
2025-26,37,701,Triston Rowe,DEF,Aston Villa,2,12,1,2026-05-15T19:00:00Z,0,0,0,0,0,0,0,0,0.0,0.0,0.0,0.0,0.0,0.0,0.0,0.0,0,40
2025-26,37,702,Bradley Burrowes,MID,Aston Villa,2,12,1,2026-05-15T19:00:00Z,0,0,0,0,0,0,0,0,0.0,0.0,0.0,0.0,0.0,0.0,0.0,0.0,0,43
2025-26,37,703,Sam Proctor,GK,Aston Villa,2,12,1,2026-05-15T19:00:00Z,0,0,0,0,0,0,0,0,0.0,0.0,0.0,0.0,0.0,0.0,0.0,0.0,0,39
2025-26,37,704,Tyler Onyango,MID,Everton,9,17,1,2026-05-17T14:00:00Z,0,0,0,0,0,0,0,0,0.0,0.0,0.0,0.0,0.0,0.0,0.0,0.0,0,45
2025-26,37,705,Elijah Campbell,DEF,Everton,9,17,1,2026-05-17T14:00:00Z,0,0,0,0,0,0,0,0,0.0,0.0,0.0,0.0,0.0,0.0,0.0,0.0,0,39
2025-26,37,706,James Justin,DEF,Leeds,11,6,1,2026-05-17T14:00:00Z,90,6,0,0,1,0,0,23,10.8,1.3,8.0,2.0,0.06,0.02,0.08,3.06,1,40
2025-26,37,707,Tyler Dibling,MID,Everton,9,17,1,2026-05-17T14:00:00Z,0,0,0,0,0,0,0,0,0.0,0.0,0.0,0.0,0.0,0.0,0.0,0.0,0,53
2025-26,37,708,Mateus Gonçalo Espanha Fernandes,MID,West Ham,19,15,0,2026-05-17T16:30:00Z,90,4,0,0,0,3,0,19,22.2,24.8,23.0,7.0,0.13,0.1,0.23,1.73,1,55
2025-26,37,709,Ladislav Krejcí,DEF,Wolves,20,10,1,2026-05-17T14:00:00Z,90,2,0,0,0,1,0,12,24.2,4.3,2.0,3.1,0.0,0.05,0.05,1.59,1,45
2025-26,37,710,Travis Patterson,DEF,Aston Villa,2,12,1,2026-05-15T19:00:00Z,0,0,0,0,0,0,0,0,0.0,0.0,0.0,0.0,0.0,0.0,0.0,0.0,0,39
2025-26,37,711,Andre Harriman-Annous,MID,Arsenal,1,3,1,2026-05-18T19:00:00Z,0,0,0,0,0,0,0,0,0.0,0.0,0.0,0.0,0.0,0.0,0.0,0.0,0,44
2025-26,37,712,Yéremy Pino Santos,MID,Crystal Palace,8,5,0,2026-05-17T14:00:00Z,45,1,0,0,0,1,0,9,6.6,15.1,2.0,2.4,0.0,0.06,0.06,0.45,1,58
2025-26,37,713,Álex Jiménez Sánchez,DEF,Bournemouth,4,13,1,2026-05-19T18:30:00Z,0,0,0,0,0,0,0,0,0.0,0.0,0.0,0.0,0.0,0.0,0.0,0.0,0,45
2025-26,37,714,Nick Woltemade,FWD,Newcastle,15,19,1,2026-05-17T16:30:00Z,74,8,1,0,0,1,2,35,42.8,40.1,27.0,11.0,0.2,0.16,0.36,0.62,1,67
2025-26,37,715,John Victor Maciel Furtado,GK,Nott'm Forest,16,14,0,2026-05-17T11:30:00Z,0,0,0,0,0,0,0,0,0.0,0.0,0.0,0.0,0.0,0.0,0.0,0.0,0,40
2025-26,37,716,Nicolò Savona,DEF,Nott'm Forest,16,14,0,2026-05-17T11:30:00Z,0,0,0,0,0,0,0,0,0.0,0.0,0.0,0.0,0.0,0.0,0.0,0.0,0,45
2025-26,37,717,Xavi Simons,MID,Spurs,18,7,0,2026-05-19T19:15:00Z,0,0,0,0,0,0,0,0,0.0,0.0,0.0,0.0,0.0,0.0,0.0,0.0,0,64
2025-26,37,718,Soungoutou Magassa,MID,West Ham,19,15,0,2026-05-17T16:30:00Z,0,0,0,0,0,0,0,0,0.0,0.0,0.0,0.0,0.0,0.0,0.0,0.0,0,50
2025-26,37,719,Victor Lindelöf,DEF,Aston Villa,2,12,1,2026-05-15T19:00:00Z,45,1,0,0,0,0,0,3,1.4,2.8,0.0,0.4,0.0,0.01,0.01,0.19,1,45
2025-26,37,720,Tolu Arokodare,FWD,Wolves,20,10,1,2026-05-17T14:00:00Z,18,1,0,0,0,0,0,9,12.0,3.0,11.0,2.6,0.02,0.0,0.02,0.12,0,51
2025-26,37,721,Veljko Milosavljevic,DEF,Bournemouth,4,13,1,2026-05-19T18:30:00Z,0,0,0,0,0,0,0,0,0.0,0.0,0.0,0.0,0.0,0.0,0.0,0.0,0,44
2025-26,37,722,Florentino Ibrain Morris Luís,MID,Burnley,3,1,0,2026-05-18T19:00:00Z,77,4,0,0,0,1,0,14,12.6,0.1,1.0,1.4,0.02,0.0,0.02,1.27,1,50
2025-26,37,723,Jaydee Canvot,DEF,Crystal Palace,8,5,0,2026-05-17T14:00:00Z,90,3,0,0,0,2,0,9,18.2,1.2,0.0,1.9,0.0,0.0,0.0,1.71,1,45
2025-26,37,724,Lutsharel Geertruida,DEF,Sunderland,17,9,0,2026-05-17T14:00:00Z,90,2,0,0,0,1,0,14,15.2,3.5,1.0,2.0,0.05,0.01,0.06,1.04,1,45
2025-26,37,725,Piero Hincapié,DEF,Arsenal,1,3,1,2026-05-18T19:00:00Z,18,1,0,0,0,0,0,5,2.2,0.3,4.0,0.7,0.0,0.0,0.0,0.0,0,51
2025-26,37,726,Randal Kolo Muani,FWD,Spurs,18,7,0,2026-05-19T19:15:00Z,68,2,0,0,0,2,0,4,0.0,0.8,6.0,0.3,0.0,0.0,0.0,0.48,1,69
2025-26,37,727,Samuel Chukwueze,MID,Fulham,10,20,0,2026-05-17T14:00:00Z,11,1,0,0,0,0,0,4,2.4,16.5,0.0,1.9,0.0,0.0,0.0,0.26,0,53
2025-26,37,728,Merlin Röhl,MID,Everton,9,17,1,2026-05-17T14:00:00Z,87,9,1,0,0,2,2,32,37.6,5.4,15.0,5.8,0.1,0.06,0.16,0.58,1,50
2025-26,37,729,Luis Eduardo Soares da Silva,DEF,Nott'm Forest,16,14,0,2026-05-17T11:30:00Z,0,0,0,0,0,0,0,0,0.0,0.0,0.0,0.0,0.0,0.0,0.0,0.0,0,45
2025-26,37,730,Brian Brobbey,FWD,Sunderland,17,9,0,2026-05-17T14:00:00Z,76,7,1,0,0,1,1,30,39.4,1.0,19.0,5.9,0.33,0.01,0.34,0.53,1,53
2025-26,37,731,Kevin Santos Lopes de Macedo,MID,Fulham,10,20,0,2026-05-17T14:00:00Z,45,1,0,0,0,0,0,2,2.6,1.4,7.0,1.1,0.02,0.05,0.07,1.05,0,57
2025-26,37,732,Christantus Uche,FWD,Crystal Palace,8,5,0,2026-05-17T14:00:00Z,0,0,0,0,0,0,0,0,0.0,0.0,0.0,0.0,0.0,0.0,0.0,0.0,0,55
2025-26,37,733,Senne Lammens,GK,Man Utd,14,16,1,2026-05-17T11:30:00Z,90,1,0,0,0,2,0,7,19.8,0.0,0.0,2.0,0.0,0.0,0.0,1.88,1,51
2025-26,37,734,Dilane Bakwa,MID,Nott'm Forest,16,14,0,2026-05-17T11:30:00Z,20,1,0,0,0,1,0,5,1.6,5.5,2.0,0.9,0.0,0.03,0.03,1.77,0,59
2025-26,37,735,Bertrand Traoré,MID,Sunderland,17,9,0,2026-05-17T14:00:00Z,0,0,0,0,0,0,0,0,0.0,0.0,0.0,0.0,0.0,0.0,0.0,0.0,0,55
2025-26,37,736,Gianluigi Donnarumma,GK,Man City,13,4,0,2026-05-19T18:30:00Z,90,1,0,0,0,1,0,6,15.4,0.0,0.0,1.5,0.0,0.0,0.0,1.99,1,56
2025-26,37,737,Jonah Kusi-Asare,FWD,Fulham,10,20,0,2026-05-17T14:00:00Z,0,0,0,0,0,0,0,0,0.0,0.0,0.0,0.0,0.0,0.0,0.0,0.0,0,45
2025-26,37,738,Lukasz Fabianski,GK,West Ham,19,15,0,2026-05-17T16:30:00Z,0,0,0,0,0,0,0,0,0.0,0.0,0.0,0.0,0.0,0.0,0.0,0.0,0,45
2025-26,37,739,Divine Mukasa,MID,Man City,13,4,0,2026-05-19T18:30:00Z,0,0,0,0,0,0,0,0,0.0,0.0,0.0,0.0,0.0,0.0,0.0,0.0,0,44
2025-26,37,740,Stephen Mfuni,DEF,Man City,13,4,0,2026-05-19T18:30:00Z,0,0,0,0,0,0,0,0,0.0,0.0,0.0,0.0,0.0,0.0,0.0,0.0,0,39
2025-26,37,741,Harry Gray,FWD,Leeds,11,6,1,2026-05-17T14:00:00Z,0,0,0,0,0,0,0,0,0.0,0.0,0.0,0.0,0.0,0.0,0.0,0.0,0,45
2025-26,37,742,Ryan McAidoo,MID,Man City,13,4,0,2026-05-19T18:30:00Z,0,0,0,0,0,0,0,0,0.0,0.0,0.0,0.0,0.0,0.0,0.0,0.0,0,45
2025-26,37,743,Landon Emenalo,MID,Chelsea,7,18,1,2026-05-19T19:15:00Z,0,0,0,0,0,0,0,0,0.0,0.0,0.0,0.0,0.0,0.0,0.0,0.0,0,45
2025-26,37,744,Nehemiah Oriola,MID,Brighton,6,11,0,2026-05-17T14:00:00Z,0,0,0,0,0,0,0,0,0.0,0.0,0.0,0.0,0.0,0.0,0.0,0.0,0,45
2025-26,37,745,Jun'ai Byfield,DEF,Spurs,18,7,0,2026-05-19T19:15:00Z,0,0,0,0,0,0,0,0,0.0,0.0,0.0,0.0,0.0,0.0,0.0,0.0,0,40
2025-26,37,746,Kieran Morrison,MID,Liverpool,12,2,0,2026-05-15T19:00:00Z,0,0,0,0,0,0,0,0,0.0,0.0,0.0,0.0,0.0,0.0,0.0,0.0,0,45
2025-26,37,747,Ezra Mayers,DEF,West Ham,19,15,0,2026-05-17T16:30:00Z,0,0,0,0,0,0,0,0,0.0,0.0,0.0,0.0,0.0,0.0,0.0,0.0,0,40
2025-26,37,748,Josh Dasilva,MID,Brentford,5,8,1,2026-05-17T14:00:00Z,1,1,0,0,0,0,0,3,0.2,10.3,4.0,1.5,0.08,0.0,0.08,0.03,0,49
2025-26,37,749,Mateus Mané,FWD,Wolves,20,10,1,2026-05-17T14:00:00Z,90,11,1,0,0,1,3,40,46.0,42.9,16.0,10.5,0.12,0.4,0.52,1.59,1,42
2025-26,37,750,James Rowswell,DEF,Spurs,18,7,0,2026-05-19T19:15:00Z,0,0,0,0,0,0,0,0,0.0,0.0,0.0,0.0,0.0,0.0,0.0,0.0,0,40
2025-26,37,751,Yusuf Akhamrich,MID,Spurs,18,7,0,2026-05-19T19:15:00Z,0,0,0,0,0,0,0,0,0.0,0.0,0.0,0.0,0.0,0.0,0.0,0.0,0,45
2025-26,37,752,Airidas Golambeckis,DEF,West Ham,19,15,0,2026-05-17T16:30:00Z,0,0,0,0,0,0,0,0,0.0,0.0,0.0,0.0,0.0,0.0,0.0,0.0,0,40
2025-26,37,753,John Ruddy,GK,Newcastle,15,19,1,2026-05-17T16:30:00Z,0,0,0,0,0,0,0,0,0.0,0.0,0.0,0.0,0.0,0.0,0.0,0.0,0,40
2025-26,37,754,George Hemmings,MID,Aston Villa,2,12,1,2026-05-15T19:00:00Z,0,0,0,0,0,0,0,0,0.0,0.0,0.0,0.0,0.0,0.0,0.0,0.0,0,45
2025-26,37,755,Shea Lacey,MID,Man Utd,14,16,1,2026-05-17T11:30:00Z,0,0,0,0,0,0,0,0,0.0,0.0,0.0,0.0,0.0,0.0,0.0,0.0,0,45
2025-26,37,756,Malcom DaCosta,MID,Bournemouth,4,13,1,2026-05-19T18:30:00Z,0,0,0,0,0,0,0,0,0.0,0.0,0.0,0.0,0.0,0.0,0.0,0.0,0,45
2025-26,37,757,Ronnie Hollingshead,GK,Aston Villa,2,12,1,2026-05-15T19:00:00Z,0,0,0,0,0,0,0,0,0.0,0.0,0.0,0.0,0.0,0.0,0.0,0.0,0,40
2025-26,37,758,Mohamadou Kanté,MID,West Ham,19,15,0,2026-05-17T16:30:00Z,27,0,0,0,0,1,0,-1,2.2,0.0,0.0,0.2,0.0,0.0,0.0,0.72,0,45
2025-26,37,759,Marli Salmon,DEF,Arsenal,1,3,1,2026-05-18T19:00:00Z,0,0,0,0,0,0,0,0,0.0,0.0,0.0,0.0,0.0,0.0,0.0,0.0,0,40
2025-26,37,760,Wellity Lucky,DEF,Liverpool,12,2,0,2026-05-15T19:00:00Z,0,0,0,0,0,0,0,0,0.0,0.0,0.0,0.0,0.0,0.0,0.0,0.0,0,40
2025-26,37,761,Freddie Simmonds,DEF,Brighton,6,11,0,2026-05-17T14:00:00Z,0,0,0,0,0,0,0,0,0.0,0.0,0.0,0.0,0.0,0.0,0.0,0.0,0,40
2025-26,37,762,Joél Drakes-Thomas,MID,Crystal Palace,8,5,0,2026-05-17T14:00:00Z,0,0,0,0,0,0,0,0,0.0,0.0,0.0,0.0,0.0,0.0,0.0,0.0,0,45
2025-26,37,763,Charlie Gray,MID,Man City,13,4,0,2026-05-19T18:30:00Z,0,0,0,0,0,0,0,0,0.0,0.0,0.0,0.0,0.0,0.0,0.0,0.0,0,45
2025-26,37,764,Reigan Heskey,MID,Man City,13,4,0,2026-05-19T18:30:00Z,0,0,0,0,0,0,0,0,0.0,0.0,0.0,0.0,0.0,0.0,0.0,0.0,0,45
2025-26,37,765,Leo Shahar,DEF,Newcastle,15,19,1,2026-05-17T16:30:00Z,0,0,0,0,0,0,0,0,0.0,0.0,0.0,0.0,0.0,0.0,0.0,0.0,0,40
2025-26,37,766,Saheed Olagunju,DEF,Wolves,20,10,1,2026-05-17T14:00:00Z,0,0,0,0,0,0,0,0,0.0,0.0,0.0,0.0,0.0,0.0,0.0,0.0,0,40
2025-26,37,767,Luke Rawlings,MID,Wolves,20,10,1,2026-05-17T14:00:00Z,0,0,0,0,0,0,0,0,0.0,0.0,0.0,0.0,0.0,0.0,0.0,0.0,0,45
2025-26,37,768,Leon Routh,DEF,Aston Villa,2,12,1,2026-05-15T19:00:00Z,0,0,0,0,0,0,0,0,0.0,0.0,0.0,0.0,0.0,0.0,0.0,0.0,0,40
2025-26,37,769,Bendito Mantato,MID,Man Utd,14,16,1,2026-05-17T11:30:00Z,0,0,0,0,0,0,0,0,0.0,0.0,0.0,0.0,0.0,0.0,0.0,0.0,0,45
2025-26,37,770,Seth Ridgeon,MID,Fulham,10,20,0,2026-05-17T14:00:00Z,0,0,0,0,0,0,0,0,0.0,0.0,0.0,0.0,0.0,0.0,0.0,0.0,0,45
2025-26,37,771,Tyler Fletcher,MID,Man Utd,14,16,1,2026-05-17T11:30:00Z,0,0,0,0,0,0,0,0,0.0,0.0,0.0,0.0,0.0,0.0,0.0,0.0,0,44
2025-26,37,772,Sam Alabi,MID,Newcastle,15,19,1,2026-05-17T16:30:00Z,0,0,0,0,0,0,0,0,0.0,0.0,0.0,0.0,0.0,0.0,0.0,0.0,0,45
2025-26,37,773,Dean Benamar,DEF,Crystal Palace,8,5,0,2026-05-17T14:00:00Z,0,0,0,0,0,0,0,0,0.0,0.0,0.0,0.0,0.0,0.0,0.0,0.0,0,40
2025-26,37,774,Jenson Jones,DEF,Sunderland,17,9,0,2026-05-17T14:00:00Z,0,0,0,0,0,0,0,0,0.0,0.0,0.0,0.0,0.0,0.0,0.0,0.0,0,40
2025-26,37,775,Tymur Tutierov,MID,Sunderland,17,9,0,2026-05-17T14:00:00Z,0,0,0,0,0,0,0,0,0.0,0.0,0.0,0.0,0.0,0.0,0.0,0.0,0,45
2025-26,37,776,Oliver Pimlott,MID,Burnley,3,1,0,2026-05-18T19:00:00Z,0,0,0,0,0,0,0,0,0.0,0.0,0.0,0.0,0.0,0.0,0.0,0.0,0,45
2025-26,37,777,Temple Ojinnaka,MID,Wolves,20,10,1,2026-05-17T14:00:00Z,0,0,0,0,0,0,0,0,0.0,0.0,0.0,0.0,0.0,0.0,0.0,0.0,0,45
2025-26,37,778,Ethan Sutherland,MID,Wolves,20,10,1,2026-05-17T14:00:00Z,0,0,0,0,0,0,0,0,0.0,0.0,0.0,0.0,0.0,0.0,0.0,0.0,0,45
2025-26,37,779,Braiden Graham,FWD,Everton,9,17,1,2026-05-17T14:00:00Z,0,0,0,0,0,0,0,0,0.0,0.0,0.0,0.0,0.0,0.0,0.0,0.0,0,45
2025-26,37,780,Ben Casey,FWD,Crystal Palace,8,5,0,2026-05-17T14:00:00Z,0,0,0,0,0,0,0,0,0.0,0.0,0.0,0.0,0.0,0.0,0.0,0.0,0,45
2025-26,37,781,TJ Carroll,DEF,Aston Villa,2,12,1,2026-05-15T19:00:00Z,0,0,0,0,0,0,0,0,0.0,0.0,0.0,0.0,0.0,0.0,0.0,0.0,0,40
2025-26,37,782,Fraser Forster,GK,Bournemouth,4,13,1,2026-05-19T18:30:00Z,0,0,0,0,0,0,0,0,0.0,0.0,0.0,0.0,0.0,0.0,0.0,0.0,0,40
2025-26,37,783,Pascal Groß,MID,Brighton,6,11,0,2026-05-17T14:00:00Z,90,3,0,0,0,1,1,26,24.0,59.2,20.0,10.3,0.03,0.48,0.51,0.39,1,56
2025-26,37,784,George Brierley,MID,Burnley,3,1,0,2026-05-18T19:00:00Z,0,0,0,0,0,0,0,0,0.0,0.0,0.0,0.0,0.0,0.0,0.0,0.0,0,45
2025-26,37,785,Pablo Felipe Pereira de Jesus,FWD,West Ham,19,15,0,2026-05-17T16:30:00Z,27,1,0,0,0,1,0,7,9.6,16.0,0.0,2.6,0.0,0.06,0.06,0.72,0,54
2025-26,37,786,Alfie McNally,GK,Fulham,10,20,0,2026-05-17T14:00:00Z,0,0,0,0,0,0,0,0,0.0,0.0,0.0,0.0,0.0,0.0,0.0,0.0,0,40
2025-26,37,787,Sam Chambers,MID,Leeds,11,6,1,2026-05-17T14:00:00Z,0,0,0,0,0,0,0,0,0.0,0.0,0.0,0.0,0.0,0.0,0.0,0.0,0,44
2025-26,37,788,Godwill Kukonki,DEF,Man Utd,14,16,1,2026-05-17T11:30:00Z,0,0,0,0,0,0,0,0,0.0,0.0,0.0,0.0,0.0,0.0,0.0,0.0,0,40
2025-26,37,789,Max Merrick,GK,Chelsea,7,18,1,2026-05-19T19:15:00Z,0,0,0,0,0,0,0,0,0.0,0.0,0.0,0.0,0.0,0.0,0.0,0.0,0,40
2025-26,37,790,Lucá Williams-Barnett,MID,Spurs,18,7,0,2026-05-19T19:15:00Z,0,0,0,0,0,0,0,0,0.0,0.0,0.0,0.0,0.0,0.0,0.0,0.0,0,45
2025-26,37,791,Valentín Castellanos,FWD,West Ham,19,15,0,2026-05-17T16:30:00Z,64,6,1,0,0,1,0,28,37.6,2.1,95.0,13.5,0.49,0.01,0.5,0.89,0,55
2025-26,37,792,Alysson Edward Franco da Rocha dos Santos,MID,Aston Villa,2,12,1,2026-05-15T19:00:00Z,0,0,0,0,0,0,0,0,0.0,0.0,0.0,0.0,0.0,0.0,0.0,0.0,0,50
2025-26,37,793,George King,DEF,Crystal Palace,8,5,0,2026-05-17T14:00:00Z,0,0,0,0,0,0,0,0,0.0,0.0,0.0,0.0,0.0,0.0,0.0,0.0,0,40
2025-26,37,794,Max Alleyne,DEF,Man City,13,4,0,2026-05-19T18:30:00Z,0,0,0,0,0,0,0,0,0.0,0.0,0.0,0.0,0.0,0.0,0.0,0.0,0,39
2025-26,37,795,Harry Howell,MID,Brighton,6,11,0,2026-05-17T14:00:00Z,0,0,0,0,0,0,0,0,0.0,0.0,0.0,0.0,0.0,0.0,0.0,0.0,0,45
2025-26,37,796,Conor Gallagher,MID,Spurs,18,7,0,2026-05-19T19:15:00Z,90,2,0,0,0,2,0,9,10.6,17.6,19.0,4.7,0.33,0.03,0.36,0.63,1,50
2025-26,37,797,Kaye Furo,FWD,Brentford,5,8,1,2026-05-17T14:00:00Z,0,0,0,0,0,0,0,0,0.0,0.0,0.0,0.0,0.0,0.0,0.0,0.0,0,45
2025-26,37,798,Danny Imray,DEF,Crystal Palace,8,5,0,2026-05-17T14:00:00Z,0,0,0,0,0,0,0,0,0.0,0.0,0.0,0.0,0.0,0.0,0.0,0.0,0,40
2025-26,37,799,Charlie Stevens,MID,Bournemouth,4,13,1,2026-05-19T18:30:00Z,0,0,0,0,0,0,0,0,0.0,0.0,0.0,0.0,0.0,0.0,0.0,0.0,0,45
2025-26,37,800,Djiamgone Jocelin Ta Bi,MID,Sunderland,17,9,0,2026-05-17T14:00:00Z,0,0,0,0,0,0,0,0,0.0,0.0,0.0,0.0,0.0,0.0,0.0,0.0,0,49
2025-26,37,801,Alex Tóth,MID,Bournemouth,4,13,1,2026-05-19T18:30:00Z,0,0,0,0,0,0,0,0,0.0,0.0,0.0,0.0,0.0,0.0,0.0,0.0,0,49
2025-26,37,802,Keiber Lamadrid,MID,West Ham,19,15,0,2026-05-17T16:30:00Z,0,0,0,0,0,0,0,0,0.0,0.0,0.0,0.0,0.0,0.0,0.0,0.0,0,50
2025-26,37,803,Teddy Sharman-Lowe,GK,Chelsea,7,18,1,2026-05-19T19:15:00Z,0,0,0,0,0,0,0,0,0.0,0.0,0.0,0.0,0.0,0.0,0.0,0.0,0,40
2025-26,37,804,João Victor de Souza Menezes,DEF,Spurs,18,7,0,2026-05-19T19:15:00Z,0,0,0,0,0,0,0,0,0.0,0.0,0.0,0.0,0.0,0.0,0.0,0.0,0,40
2025-26,37,805,Lorenzo Lucca,FWD,Nott'm Forest,16,14,0,2026-05-17T11:30:00Z,0,0,0,0,0,0,0,0,0.0,0.0,0.0,0.0,0.0,0.0,0.0,0.0,0,53
2025-26,37,806,Christos Mandas,GK,Bournemouth,4,13,1,2026-05-19T18:30:00Z,0,0,0,0,0,0,0,0,0.0,0.0,0.0,0.0,0.0,0.0,0.0,0.0,0,40
2025-26,37,807,Rayan Vitor Simplício Rocha,MID,Bournemouth,4,13,1,2026-05-19T18:30:00Z,83,3,0,0,1,0,0,6,4.2,2.2,13.0,1.9,0.35,0.01,0.36,1.16,1,54
2025-26,37,808,Tammy Abraham,FWD,Aston Villa,2,12,1,2026-05-15T19:00:00Z,0,0,0,0,0,0,0,0,0.0,0.0,0.0,0.0,0.0,0.0,0.0,0.0,0,57
2025-26,37,809,Jerome Abbey,MID,Wolves,20,10,1,2026-05-17T14:00:00Z,0,0,0,0,0,0,0,0,0.0,0.0,0.0,0.0,0.0,0.0,0.0,0.0,0,45
2025-26,37,810,Luka Bentt,MID,Brentford,5,8,1,2026-05-17T14:00:00Z,0,0,0,0,0,0,0,0,0.0,0.0,0.0,0.0,0.0,0.0,0.0,0.0,0,45
2025-26,37,811,Rio Kyerematen,MID,Spurs,18,7,0,2026-05-19T19:15:00Z,0,0,0,0,0,0,0,0,0.0,0.0,0.0,0.0,0.0,0.0,0.0,0.0,0,45
2025-26,37,812,Melker Ellborg,GK,Sunderland,17,9,0,2026-05-17T14:00:00Z,0,0,0,0,0,0,0,0,0.0,0.0,0.0,0.0,0.0,0.0,0.0,0.0,0,40
2025-26,37,813,Nilson Angulo,MID,Sunderland,17,9,0,2026-05-17T14:00:00Z,76,2,0,0,0,1,0,5,2.2,4.0,2.0,0.8,0.0,0.01,0.01,0.53,1,50
2025-26,37,814,Luca Netz,DEF,Nott'm Forest,16,14,0,2026-05-17T11:30:00Z,83,1,0,0,0,3,0,-5,8.6,2.0,2.0,1.3,0.0,0.0,0.0,3.74,1,45
2025-26,37,815,Axel Disasi,DEF,West Ham,19,15,0,2026-05-17T16:30:00Z,90,1,0,0,0,3,0,3,14.4,1.9,0.0,1.6,0.0,0.01,0.01,1.73,1,45
2025-26,37,816,Angel Gomes,MID,Wolves,20,10,1,2026-05-17T14:00:00Z,0,0,0,0,0,0,0,0,0.0,0.0,0.0,0.0,0.0,0.0,0.0,0.0,0,46
2025-26,37,817,Adam Armstrong,FWD,Wolves,20,10,1,2026-05-17T14:00:00Z,71,2,0,0,0,1,0,3,0.0,0.3,6.0,0.6,0.42,0.0,0.42,1.47,1,52
2025-26,37,818,James Wilson,FWD,Spurs,18,7,0,2026-05-19T19:15:00Z,0,0,0,0,0,0,0,0,0.0,0.0,0.0,0.0,0.0,0.0,0.0,0.0,0,45
2025-26,37,819,Ollie Shield,DEF,Brentford,5,8,1,2026-05-17T14:00:00Z,0,0,0,0,0,0,0,0,0.0,0.0,0.0,0.0,0.0,0.0,0.0,0.0,0,40
2025-26,37,820,Kian McMahon-Brown,MID,Burnley,3,1,0,2026-05-18T19:00:00Z,0,0,0,0,0,0,0,0,0.0,0.0,0.0,0.0,0.0,0.0,0.0,0.0,0,45
2025-26,37,821,Jack Whittaker,MID,Sunderland,17,9,0,2026-05-17T14:00:00Z,0,0,0,0,0,0,0,0,0.0,0.0,0.0,0.0,0.0,0.0,0.0,0.0,0,45
2025-26,37,822,Jaydon Jones,MID,Sunderland,17,9,0,2026-05-17T14:00:00Z,0,0,0,0,0,0,0,0,0.0,0.0,0.0,0.0,0.0,0.0,0.0,0.0,0,45
2025-26,37,823,Joshua Stephenson,DEF,Brentford,5,8,1,2026-05-17T14:00:00Z,0,0,0,0,0,0,0,0,0.0,0.0,0.0,0.0,0.0,0.0,0.0,0.0,0,40
2025-26,37,824,Conor McManus,DEF,Brentford,5,8,1,2026-05-17T14:00:00Z,0,0,0,0,0,0,0,0,0.0,0.0,0.0,0.0,0.0,0.0,0.0,0.0,0,40
2025-26,37,825,Finlay Herrick,GK,West Ham,19,15,0,2026-05-17T16:30:00Z,0,0,0,0,0,0,0,0,0.0,0.0,0.0,0.0,0.0,0.0,0.0,0.0,0,40
2025-26,37,826,Riley Owen,MID,Brentford,5,8,1,2026-05-17T14:00:00Z,0,0,0,0,0,0,0,0,0.0,0.0,0.0,0.0,0.0,0.0,0.0,0.0,0,45
2025-26,37,827,Jim Thwaites,MID,Man Utd,14,16,1,2026-05-17T11:30:00Z,0,0,0,0,0,0,0,0,0.0,0.0,0.0,0.0,0.0,0.0,0.0,0.0,0,45
2025-26,37,828,Alfie Brooks,GK,Wolves,20,10,1,2026-05-17T14:00:00Z,0,0,0,0,0,0,0,0,0.0,0.0,0.0,0.0,0.0,0.0,0.0,0.0,0,40
2025-26,37,829,Jesse Derry,MID,Chelsea,7,18,1,2026-05-19T19:15:00Z,0,0,0,0,0,0,0,0,0.0,0.0,0.0,0.0,0.0,0.0,0.0,0.0,0,45
2025-26,37,830,Will Wright,FWD,Liverpool,12,2,0,2026-05-15T19:00:00Z,0,0,0,0,0,0,0,0,0.0,0.0,0.0,0.0,0.0,0.0,0.0,0.0,0,45
2025-26,37,831,Josh Gracey,GK,Wolves,20,10,1,2026-05-17T14:00:00Z,0,0,0,0,0,0,0,0,0.0,0.0,0.0,0.0,0.0,0.0,0.0,0.0,0,40
2025-26,37,832,Talla Ndiaye,DEF,Liverpool,12,2,0,2026-05-15T19:00:00Z,0,0,0,0,0,0,0,0,0.0,0.0,0.0,0.0,0.0,0.0,0.0,0.0,0,40
2025-26,37,833,Mathis Eboué,MID,Chelsea,7,18,1,2026-05-19T19:15:00Z,0,0,0,0,0,0,0,0,0.0,0.0,0.0,0.0,0.0,0.0,0.0,0.0,0,45
2025-26,37,834,Ryan Kavuma-McQueen,MID,Chelsea,7,18,1,2026-05-19T19:15:00Z,0,0,0,0,0,0,0,0,0.0,0.0,0.0,0.0,0.0,0.0,0.0,0.0,0,45
2025-26,37,835,Archie Whitehall,MID,Nott'm Forest,16,14,0,2026-05-17T11:30:00Z,0,0,0,0,0,0,0,0,0.0,0.0,0.0,0.0,0.0,0.0,0.0,0.0,0,45
2025-26,37,836,Jimmy Sinclair,MID,Nott'm Forest,16,14,0,2026-05-17T11:30:00Z,0,0,0,0,0,0,0,0,0.0,0.0,0.0,0.0,0.0,0.0,0.0,0.0,0,45
2025-26,37,837,Jayden Lienou,DEF,Leeds,11,6,1,2026-05-17T14:00:00Z,0,0,0,0,0,0,0,0,0.0,0.0,0.0,0.0,0.0,0.0,0.0,0.0,0,40
2025-26,37,838,Rhys Chadwick,MID,Leeds,11,6,1,2026-05-17T14:00:00Z,0,0,0,0,0,0,0,0,0.0,0.0,0.0,0.0,0.0,0.0,0.0,0.0,0,45
2025-26,37,839,Alfie Cresswell,MID,Leeds,11,6,1,2026-05-17T14:00:00Z,0,0,0,0,0,0,0,0,0.0,0.0,0.0,0.0,0.0,0.0,0.0,0.0,0,45
2025-26,37,840,Shumaira Mheuka,FWD,Chelsea,7,18,1,2026-05-19T19:15:00Z,1,1,0,0,0,0,0,3,2.0,0.3,0.0,0.2,0.0,0.0,0.0,0.05,0,45
