season,gw,fixture,element,name,position,team,team_id,opponent_team,was_home,kickoff_time,minutes,total_points,goals_scored,assists,clean_sheets,goals_conceded,bonus,bps,influence,creativity,threat,ict_index,expected_goals,expected_assists,expected_goal_involvements,expected_goals_conceded,starts,value
2025-26,38,373,1,David Raya Martín,GK,Arsenal,1,8,0,2026-05-24T15:00:00Z,0,0,0,0,0,0,0,0,0.0,0.0,0.0,0.0,0.0,0.0,0.0,0.0,0,62
2025-26,38,373,2,Kepa Arrizabalaga Revuelta,GK,Arsenal,1,8,0,2026-05-24T15:00:00Z,90,2,0,0,0,1,0,11,19.8,0.0,0.0,2.0,0.0,0.0,0.0,0.98,1,40
2025-26,38,373,3,Karl Hein,GK,Arsenal,1,8,0,2026-05-24T15:00:00Z,0,0,0,0,0,0,0,0,0.0,0.0,0.0,0.0,0.0,0.0,0.0,0.0,0,40
2025-26,38,373,4,Tommy Setford,GK,Arsenal,1,8,0,2026-05-24T15:00:00Z,0,0,0,0,0,0,0,0,0.0,0.0,0.0,0.0,0.0,0.0,0.0,0.0,0,39
2025-26,38,373,5,Gabriel dos Santos Magalhães,DEF,Arsenal,1,8,0,2026-05-24T15:00:00Z,45,1,0,0,0,1,0,7,10.4,0.4,0.0,1.1,0.0,0.0,0.0,0.93,0,73
2025-26,38,373,6,William Saliba,DEF,Arsenal,1,8,0,2026-05-24T15:00:00Z,0,0,0,0,0,0,0,0,0.0,0.0,0.0,0.0,0.0,0.0,0.0,0.0,0,63
2025-26,38,373,7,Riccardo Calafiori,DEF,Arsenal,1,8,0,2026-05-24T15:00:00Z,45,1,0,0,0,0,0,4,1.2,7.1,4.0,1.2,0.0,0.1,0.1,0.05,1,56
2025-26,38,373,8,Jurriën Timber,DEF,Arsenal,1,8,0,2026-05-24T15:00:00Z,0,0,0,0,0,0,0,0,0.0,0.0,0.0,0.0,0.0,0.0,0.0,0.0,0,60
2025-26,38,373,9,Jakub Kiwior,DEF,Arsenal,1,8,0,2026-05-24T15:00:00Z,0,0,0,0,0,0,0,0,0.0,0.0,0.0,0.0,0.0,0.0,0.0,0.0,0,54
2025-26,38,373,10,Myles Lewis-Skelly,DEF,Arsenal,1,8,0,2026-05-24T15:00:00Z,90,2,0,0,0,1,0,12,4.6,5.3,0.0,1.0,0.0,0.02,0.02,0.98,1,50
2025-26,38,373,11,Benjamin White,DEF,Arsenal,1,8,0,2026-05-24T15:00:00Z,0,0,0,0,0,0,0,0,0.0,0.0,0.0,0.0,0.0,0.0,0.0,0.0,0,51
2025-26,38,377,12,Oleksandr Zinchenko,DEF,Nott'm Forest,16,4,1,2026-05-24T15:00:00Z,0,0,0,0,0,0,0,0,0.0,0.0,0.0,0.0,0.0,0.0,0.0,0.0,0,49
2025-26,38,373,13,Brayden Clarke,DEF,Arsenal,1,8,0,2026-05-24T15:00:00Z,0,0,0,0,0,0,0,0,0.0,0.0,0.0,0.0,0.0,0.0,0.0,0.0,0,37
2025-26,38,373,14,Maldini Kacurri,DEF,Arsenal,1,8,0,2026-05-24T15:00:00Z,0,0,0,0,0,0,0,0,0.0,0.0,0.0,0.0,0.0,0.0,0.0,0.0,0,39
2025-26,38,373,15,Josh Nichols,DEF,Arsenal,1,8,0,2026-05-24T15:00:00Z,0,0,0,0,0,0,0,0,0.0,0.0,0.0,0.0,0.0,0.0,0.0,0.0,0,37
2025-26,38,373,16,Bukayo Saka,MID,Arsenal,1,8,0,2026-05-24T15:00:00Z,0,0,0,0,0,0,0,0,0.0,0.0,0.0,0.0,0.0,0.0,0.0,0.0,0,100
2025-26,38,373,17,Martin Ødegaard,MID,Arsenal,1,8,0,2026-05-24T15:00:00Z,0,0,0,0,0,0,0,0,0.0,0.0,0.0,0.0,0.0,0.0,0.0,0.0,0,78
2025-26,38,373,18,Noni Madueke,MID,Arsenal,1,8,0,2026-05-24T15:00:00Z,83,11,1,0,1,0,3,46,47.8,45.3,61.0,15.4,0.17,0.3,0.47,0.23,1,68
2025-26,38,373,19,Gabriel Martinelli Silva,MID,Arsenal,1,8,0,2026-05-24T15:00:00Z,90,7,0,1,0,1,2,28,29.0,31.4,29.0,8.9,0.13,0.24,0.37,0.98,1,68
2025-26,38,373,20,Leandro Trossard,MID,Arsenal,1,8,0,2026-05-24T15:00:00Z,0,0,0,0,0,0,0,0,0.0,0.0,0.0,0.0,0.0,0.0,0.0,0.0,0,66
2025-26,38,373,21,Declan Rice,MID,Arsenal,1,8,0,2026-05-24T15:00:00Z,0,0,0,0,0,0,0,0,0.0,0.0,0.0,0.0,0.0,0.0,0.0,0.0,0,72
2025-26,38,373,22,Mikel Merino Zazón,MID,Arsenal,1,8,0,2026-05-24T15:00:00Z,28,1,0,0,0,1,0,-2,0.0,4.8,7.0,1.0,0.37,0.0,0.37,0.77,0,53
2025-26,38,373,23,Fábio Ferreira Vieira,MID,Arsenal,1,8,0,2026-05-24T15:00:00Z,0,0,0,0,0,0,0,0,0.0,0.0,0.0,0.0,0.0,0.0,0.0,0.0,0,54
2025-26,38,373,24,Christian Nørgaard,MID,Arsenal,1,8,0,2026-05-24T15:00:00Z,45,1,0,0,0,0,0,9,7.6,5.1,3.0,1.6,0.03,0.04,0.07,0.05,1,51
2025-26,38,373,25,Ethan Nwaneri,MID,Arsenal,1,8,0,2026-05-24T15:00:00Z,0,0,0,0,0,0,0,0,0.0,0.0,0.0,0.0,0.0,0.0,0.0,0.0,0,50
2025-26,38,373,26,Martín Zubimendi Ibáñez,MID,Arsenal,1,8,0,2026-05-24T15:00:00Z,90,2,0,0,0,1,0,14,16.0,18.5,0.0,3.5,0.0,0.04,0.04,0.98,1,49
2025-26,38,375,27,Reiss Nelson,MID,Brentford,5,12,0,2026-05-24T15:00:00Z,1,1,0,0,0,0,0,3,0.2,0.5,0.0,0.1,0.0,0.0,0.0,0.99,0,48
2025-26,38,373,28,Ismeal Kabia,MID,Arsenal,1,8,0,2026-05-24T15:00:00Z,0,0,0,0,0,0,0,0,0.0,0.0,0.0,0.0,0.0,0.0,0.0,0.0,0,45
2025-26,38,373,29,Albert Sambi Lokonga,MID,Arsenal,1,8,0,2026-05-24T15:00:00Z,0,0,0,0,0,0,0,0,0.0,0.0,0.0,0.0,0.0,0.0,0.0,0.0,0,45
2025-26,38,373,30,Kai Havertz,FWD,Arsenal,1,8,0,2026-05-24T15:00:00Z,45,4,0,1,0,1,0,17,23.6,35.7,16.0,7.5,0.4,0.18,0.58,0.93,0,73
2025-26,38,373,31,Gabriel Fernando de Jesus,FWD,Arsenal,1,8,0,2026-05-24T15:00:00Z,74,5,1,0,1,0,0,19,33.8,16.9,53.0,10.4,0.88,0.03,0.91,0.23,1,64
2025-26,38,376,32,Emiliano Martínez Romero,GK,Aston Villa,2,13,0,2026-05-24T15:00:00Z,0,0,0,0,0,0,0,0,0.0,0.0,0.0,0.0,0.0,0.0,0.0,0.0,0,50
2025-26,38,376,33,Marco Bizot,GK,Aston Villa,2,13,0,2026-05-24T15:00:00Z,90,2,0,0,0,1,0,10,21.0,0.0,0.0,2.1,0.0,0.0,0.0,1.34,1,42
2025-26,38,376,34,Joe Gauci,GK,Aston Villa,2,13,0,2026-05-24T15:00:00Z,0,0,0,0,0,0,0,0,0.0,0.0,0.0,0.0,0.0,0.0,0.0,0.0,0,40
2025-26,38,376,35,Filip Marschall,GK,Aston Villa,2,13,0,2026-05-24T15:00:00Z,0,0,0,0,0,0,0,0,0.0,0.0,0.0,0.0,0.0,0.0,0.0,0.0,0,40
2025-26,38,376,36,Matty Cash,DEF,Aston Villa,2,13,0,2026-05-24T15:00:00Z,45,1,0,0,0,0,0,4,8.0,10.7,2.0,2.1,0.0,0.01,0.01,0.15,0,46
2025-26,38,376,37,Lucas Digne,DEF,Aston Villa,2,13,0,2026-05-24T15:00:00Z,0,0,0,0,0,0,0,0,0.0,0.0,0.0,0.0,0.0,0.0,0.0,0.0,0,45
2025-26,38,376,38,Ezri Konsa Ngoyo,DEF,Aston Villa,2,13,0,2026-05-24T15:00:00Z,0,0,0,0,0,0,0,0,0.0,0.0,0.0,0.0,0.0,0.0,0.0,0.0,0,44
2025-26,38,376,39,Ian Maatsen,DEF,Aston Villa,2,13,0,2026-05-24T15:00:00Z,90,5,0,0,0,1,1,23,27.4,25.3,11.0,6.4,0.02,0.14,0.16,1.34,1,42
2025-26,38,376,40,Tyrone Mings,DEF,Aston Villa,2,13,0,2026-05-24T15:00:00Z,90,4,0,0,0,1,0,13,26.4,0.8,0.0,2.7,0.0,0.0,0.0,1.34,1,43
2025-26,38,376,41,Pau Torres,DEF,Aston Villa,2,13,0,2026-05-24T15:00:00Z,17,1,0,0,0,0,0,0,1.8,0.3,7.0,0.9,0.15,0.0,0.15,0.13,0,43
2025-26,38,376,42,Andrés García,DEF,Aston Villa,2,13,0,2026-05-24T15:00:00Z,45,1,0,0,0,1,0,5,14.6,0.5,2.0,1.7,0.0,0.0,0.0,1.19,1,39
2025-26,38,376,43,Álex Moreno Lopera,DEF,Aston Villa,2,13,0,2026-05-24T15:00:00Z,0,0,0,0,0,0,0,0,0.0,0.0,0.0,0.0,0.0,0.0,0.0,0.0,0,40
2025-26,38,376,44,Lamare Bogarde,DEF,Aston Villa,2,13,0,2026-05-24T15:00:00Z,72,2,0,0,0,1,0,5,3.2,1.4,0.0,0.5,0.0,0.0,0.0,1.22,1,40
2025-26,38,376,45,Lino da Cruz Sousa,DEF,Aston Villa,2,13,0,2026-05-24T15:00:00Z,0,0,0,0,0,0,0,0,0.0,0.0,0.0,0.0,0.0,0.0,0.0,0.0,0,38
2025-26,38,376,46,Yasin Özcan,DEF,Aston Villa,2,13,0,2026-05-24T15:00:00Z,0,0,0,0,0,0,0,0,0.0,0.0,0.0,0.0,0.0,0.0,0.0,0.0,0,40
2025-26,38,376,47,Morgan Rogers,MID,Aston Villa,2,13,0,2026-05-24T15:00:00Z,0,0,0,0,0,0,0,0,0.0,0.0,0.0,0.0,0.0,0.0,0.0,0.0,0,73
2025-26,38,376,48,Youri Tielemans,MID,Aston Villa,2,13,0,2026-05-24T15:00:00Z,17,1,0,0,0,0,0,11,13.6,28.9,7.0,5.0,0.02,0.28,0.3,0.13,0,59
2025-26,38,376,49,Leon Bailey,MID,Aston Villa,2,13,0,2026-05-24T15:00:00Z,90,5,0,1,0,1,0,13,6.2,1.9,10.0,1.8,0.19,0.01,0.2,1.34,1,55
2025-26,38,376,50,Emiliano Buendía Stati,MID,Aston Villa,2,13,0,2026-05-24T15:00:00Z,90,6,0,0,0,1,2,32,28.0,33.7,22.0,8.4,0.08,0.06,0.14,1.34,1,53
2025-26,38,376,51,Samuel Iling-Junior,MID,Aston Villa,2,13,0,2026-05-24T15:00:00Z,0,0,0,0,0,0,0,0,0.0,0.0,0.0,0.0,0.0,0.0,0.0,0.0,0,55
2025-26,38,374,52,Jacob Ramsey,MID,Newcastle,15,10,0,2026-05-24T15:00:00Z,90,4,0,0,0,2,0,21,22.4,4.0,0.0,2.6,0.0,0.03,0.03,1.81,1,53
2025-26,38,376,53,Donyell Malen,MID,Aston Villa,2,13,0,2026-05-24T15:00:00Z,0,0,0,0,0,0,0,0,0.0,0.0,0.0,0.0,0.0,0.0,0.0,0.0,0,51
2025-26,38,376,54,John McGinn,MID,Aston Villa,2,13,0,2026-05-24T15:00:00Z,4,1,0,0,0,0,0,7,5.6,0.0,7.0,1.3,0.06,0.0,0.06,0.1,0,53
2025-26,38,376,55,Ross Barkley,MID,Aston Villa,2,13,0,2026-05-24T15:00:00Z,85,5,0,1,0,1,0,19,22.2,15.2,0.0,3.7,0.0,0.08,0.08,1.25,1,48
2025-26,38,376,56,Enzo Barrenechea,MID,Aston Villa,2,13,0,2026-05-24T15:00:00Z,0,0,0,0,0,0,0,0,0.0,0.0,0.0,0.0,0.0,0.0,0.0,0.0,0,50
2025-26,38,376,57,Lewis Dobbin,MID,Aston Villa,2,13,0,2026-05-24T15:00:00Z,0,0,0,0,0,0,0,0,0.0,0.0,0.0,0.0,0.0,0.0,0.0,0.0,0,50
2025-26,38,376,58,Boubacar Kamara,MID,Aston Villa,2,13,0,2026-05-24T15:00:00Z,0,0,0,0,0,0,0,0,0.0,0.0,0.0,0.0,0.0,0.0,0.0,0.0,0,49
2025-26,38,376,59,Amadou Onana,MID,Aston Villa,2,13,0,2026-05-24T15:00:00Z,17,1,0,0,0,0,0,5,3.6,1.5,0.0,0.5,0.0,0.0,0.0,0.13,0,48
2025-26,38,376,60,Ben Broggio,MID,Aston Villa,2,13,0,2026-05-24T15:00:00Z,0,0,0,0,0,0,0,0,0.0,0.0,0.0,0.0,0.0,0.0,0.0,0.0,0,44
2025-26,38,376,61,Leander Dendoncker,MID,Aston Villa,2,13,0,2026-05-24T15:00:00Z,0,0,0,0,0,0,0,0,0.0,0.0,0.0,0.0,0.0,0.0,0.0,0.0,0,45
2025-26,38,376,62,Jamaldeen Jimoh-Aloba,MID,Aston Villa,2,13,0,2026-05-24T15:00:00Z,0,0,0,0,0,0,0,0,0.0,0.0,0.0,0.0,0.0,0.0,0.0,0.0,0,45
2025-26,38,376,63,Kadan Young,MID,Aston Villa,2,13,0,2026-05-24T15:00:00Z,0,0,0,0,0,0,0,0,0.0,0.0,0.0,0.0,0.0,0.0,0.0,0.0,0,43
2025-26,38,376,64,Ollie Watkins,FWD,Aston Villa,2,13,0,2026-05-24T15:00:00Z,90,13,2,0,0,1,3,63,73.4,2.5,87.0,16.3,1.24,0.01,1.25,1.34,1,87
2025-26,38,376,65,Zépiqueno Redmond,FWD,Aston Villa,2,13,0,2026-05-24T15:00:00Z,0,0,0,0,0,0,0,0,0.0,0.0,0.0,0.0,0.0,0.0,0.0,0.0,0,45
2025-26,38,377,66,Norberto Murara Neto,GK,Bournemouth,4,16,0,2026-05-24T15:00:00Z,0,0,0,0,0,0,0,0,0.0,0.0,0.0,0.0,0.0,0.0,0.0,0.0,0,45
2025-26,38,377,67,Đorđe Petrović,GK,Bournemouth,4,16,0,2026-05-24T15:00:00Z,90,3,0,0,0,1,0,14,26.0,0.0,0.0,2.6,0.0,0.0,0.0,1.73,1,46
2025-26,38,377,68,Will Dennis,GK,Bournemouth,4,16,0,2026-05-24T15:00:00Z,0,0,0,0,0,0,0,0,0.0,0.0,0.0,0.0,0.0,0.0,0.0,0.0,0,40
2025-26,38,377,69,Callan McKenna,GK,Bournemouth,4,16,0,2026-05-24T15:00:00Z,0,0,0,0,0,0,0,0,0.0,0.0,0.0,0.0,0.0,0.0,0.0,0.0,0,39
2025-26,38,377,70,Alex Paulsen,GK,Bournemouth,4,16,0,2026-05-24T15:00:00Z,0,0,0,0,0,0,0,0,0.0,0.0,0.0,0.0,0.0,0.0,0.0,0.0,0,40
2025-26,38,377,71,Illia Zabarnyi,DEF,Bournemouth,4,16,0,2026-05-24T15:00:00Z,0,0,0,0,0,0,0,0,0.0,0.0,0.0,0.0,0.0,0.0,0.0,0.0,0,50
2025-26,38,377,72,Marcos Senesi Barón,DEF,Bournemouth,4,16,0,2026-05-24T15:00:00Z,90,2,0,0,0,1,0,11,25.6,2.3,2.0,3.0,0.0,0.02,0.02,1.73,1,52
2025-26,38,377,73,Adam Smith,DEF,Bournemouth,4,16,0,2026-05-24T15:00:00Z,89,2,0,0,0,1,0,12,12.6,4.3,0.0,1.7,0.0,0.01,0.01,1.73,1,44
2025-26,38,377,74,Adrien Truffert,DEF,Bournemouth,4,16,0,2026-05-24T15:00:00Z,90,6,0,1,0,1,1,25,44.2,39.7,12.0,9.6,0.0,0.11,0.11,1.73,1,48
2025-26,38,377,75,Matai Akinmboni,DEF,Bournemouth,4,16,0,2026-05-24T15:00:00Z,0,0,0,0,0,0,0,0,0.0,0.0,0.0,0.0,0.0,0.0,0.0,0.0,0,38
2025-26,38,377,76,Owen Bevan,DEF,Bournemouth,4,16,0,2026-05-24T15:00:00Z,0,0,0,0,0,0,0,0,0.0,0.0,0.0,0.0,0.0,0.0,0.0,0.0,0,38
2025-26,38,377,77,James Hill,DEF,Bournemouth,4,16,0,2026-05-24T15:00:00Z,90,3,0,0,0,1,0,5,16.8,1.8,0.0,1.9,0.0,0.01,0.01,1.73,1,42
2025-26,38,377,78,Julián Araujo Zúñiga,DEF,Bournemouth,4,16,0,2026-05-24T15:00:00Z,0,0,0,0,0,0,0,0,0.0,0.0,0.0,0.0,0.0,0.0,0.0,0.0,0,38
2025-26,38,377,79,Chris Mepham,DEF,Bournemouth,4,16,0,2026-05-24T15:00:00Z,0,0,0,0,0,0,0,0,0.0,0.0,0.0,0.0,0.0,0.0,0.0,0.0,0,40
2025-26,38,377,80,Julio Soler Barreto,DEF,Bournemouth,4,16,0,2026-05-24T15:00:00Z,0,0,0,0,0,0,0,0,0.0,0.0,0.0,0.0,0.0,0.0,0.0,0.0,0,39
2025-26,38,377,81,Justin Kluivert,MID,Bournemouth,4,16,0,2026-05-24T15:00:00Z,17,1,0,0,0,0,0,2,0.2,0.7,7.0,0.8,0.07,0.01,0.08,0.51,0,69
2025-26,38,376,82,Antoine Semenyo,MID,Man City,13,2,1,2026-05-24T15:00:00Z,57,6,1,0,0,1,0,18,36.2,14.4,39.0,9.0,0.1,0.07,0.17,0.45,1,80
2025-26,38,375,83,Dango Ouattara,MID,Brentford,5,12,0,2026-05-24T15:00:00Z,90,2,0,0,0,1,0,2,2.4,2.8,11.0,1.6,0.52,0.01,0.53,3.04,1,56
2025-26,38,377,84,Marcus Tavernier,MID,Bournemouth,4,16,0,2026-05-24T15:00:00Z,90,10,1,0,0,1,3,38,57.0,70.0,32.0,15.9,0.24,0.15,0.39,1.73,1,53
2025-26,38,377,85,Tyler Adams,MID,Bournemouth,4,16,0,2026-05-24T15:00:00Z,90,4,0,0,0,1,0,14,12.2,4.1,1.0,1.7,0.02,0.02,0.04,1.73,1,49
2025-26,38,377,86,David Brooks,MID,Bournemouth,4,16,0,2026-05-24T15:00:00Z,0,0,0,0,0,0,0,0,0.0,0.0,0.0,0.0,0.0,0.0,0.0,0.0,0,50
2025-26,38,377,87,Ryan Christie,MID,Bournemouth,4,16,0,2026-05-24T15:00:00Z,0,0,0,0,0,0,0,0,0.0,0.0,0.0,0.0,0.0,0.0,0.0,0.0,0,49
2025-26,38,377,88,Lewis Cook,MID,Bournemouth,4,16,0,2026-05-24T15:00:00Z,1,1,0,0,0,0,0,3,0.4,0.2,0.0,0.1,0.0,0.0,0.0,0.0,0,49
2025-26,38,377,89,Philip Billing,MID,Bournemouth,4,16,0,2026-05-24T15:00:00Z,0,0,0,0,0,0,0,0,0.0,0.0,0.0,0.0,0.0,0.0,0.0,0.0,0,49
2025-26,38,377,90,Alex Scott,MID,Bournemouth,4,16,0,2026-05-24T15:00:00Z,0,0,0,0,0,0,0,0,0.0,0.0,0.0,0.0,0.0,0.0,0.0,0.0,0,49
2025-26,38,377,91,Luis Sinisterra Lucumí,MID,Bournemouth,4,16,0,2026-05-24T15:00:00Z,0,0,0,0,0,0,0,0,0.0,0.0,0.0,0.0,0.0,0.0,0.0,0.0,0,50
2025-26,38,377,92,Romain Faivre,MID,Bournemouth,4,16,0,2026-05-24T15:00:00Z,0,0,0,0,0,0,0,0,0.0,0.0,0.0,0.0,0.0,0.0,0.0,0.0,0,45
2025-26,38,377,93,Hamed Traorè,MID,Bournemouth,4,16,0,2026-05-24T15:00:00Z,0,0,0,0,0,0,0,0,0.0,0.0,0.0,0.0,0.0,0.0,0.0,0.0,0,45
2025-26,38,377,94,Dominic Sadi,MID,Bournemouth,4,16,0,2026-05-24T15:00:00Z,0,0,0,0,0,0,0,0,0.0,0.0,0.0,0.0,0.0,0.0,0.0,0.0,0,45
2025-26,38,377,95,Zain Silcott-Duberry,MID,Bournemouth,4,16,0,2026-05-24T15:00:00Z,0,0,0,0,0,0,0,0,0.0,0.0,0.0,0.0,0.0,0.0,0.0,0.0,0,44
2025-26,38,377,96,Ben Winterburn,MID,Bournemouth,4,16,0,2026-05-24T15:00:00Z,0,0,0,0,0,0,0,0,0.0,0.0,0.0,0.0,0.0,0.0,0.0,0.0,0,45
2025-26,38,377,97,Francisco Evanilson de Lima Barbosa,FWD,Bournemouth,4,16,0,2026-05-24T15:00:00Z,72,2,0,0,0,1,0,9,2.4,2.6,3.0,0.8,0.06,0.01,0.07,1.22,1,66
2025-26,38,377,98,Enes Ünal,FWD,Bournemouth,4,16,0,2026-05-24T15:00:00Z,17,1,0,0,0,0,0,6,5.0,0.8,11.0,1.7,0.07,0.0,0.07,0.51,0,54
2025-26,38,377,99,Daniel Adu-Adjei,FWD,Bournemouth,4,16,0,2026-05-24T15:00:00Z,0,0,0,0,0,0,0,0,0.0,0.0,0.0,0.0,0.0,0.0,0.0,0.0,0,44
2025-26,38,377,100,Junior Kroupi,FWD,Bournemouth,4,16,0,2026-05-24T15:00:00Z,72,2,0,0,0,1,0,12,6.2,16.0,35.0,5.7,0.21,0.08,0.29,1.22,1,47
2025-26,38,375,101,Caoimhín Kelleher,GK,Brentford,5,12,0,2026-05-24T15:00:00Z,90,6,0,0,0,1,2,26,54.8,0.0,0.0,5.5,0.0,0.0,0.0,3.04,1,48
2025-26,38,375,102,Ellery Balcombe,GK,Brentford,5,12,0,2026-05-24T15:00:00Z,0,0,0,0,0,0,0,0,0.0,0.0,0.0,0.0,0.0,0.0,0.0,0.0,0,39
2025-26,38,375,103,Matthew Cox,GK,Brentford,5,12,0,2026-05-24T15:00:00Z,0,0,0,0,0,0,0,0,0.0,0.0,0.0,0.0,0.0,0.0,0.0,0.0,0,39
2025-26,38,375,104,Julian Eyestone,GK,Brentford,5,12,0,2026-05-24T15:00:00Z,0,0,0,0,0,0,0,0,0.0,0.0,0.0,0.0,0.0,0.0,0.0,0.0,0,39
2025-26,38,375,105,Hákon Rafn Valdimarsson,GK,Brentford,5,12,0,2026-05-24T15:00:00Z,0,0,0,0,0,0,0,0,0.0,0.0,0.0,0.0,0.0,0.0,0.0,0.0,0,38
2025-26,38,375,106,Nathan Collins,DEF,Brentford,5,12,0,2026-05-24T15:00:00Z,90,3,0,0,0,1,0,13,35.2,10.7,4.0,5.0,0.0,0.33,0.33,3.04,1,49
2025-26,38,375,107,Keane Lewis-Potter,DEF,Brentford,5,12,0,2026-05-24T15:00:00Z,88,5,0,1,0,1,0,23,21.2,14.5,5.0,4.1,0.03,0.18,0.21,2.05,1,48
2025-26,38,375,108,Kristoffer Ajer,DEF,Brentford,5,12,0,2026-05-24T15:00:00Z,0,0,0,0,0,0,0,0,0.0,0.0,0.0,0.0,0.0,0.0,0.0,0.0,0,44
2025-26,38,375,109,Rico Henry,DEF,Brentford,5,12,0,2026-05-24T15:00:00Z,0,0,0,0,0,0,0,0,0.0,0.0,0.0,0.0,0.0,0.0,0.0,0.0,0,43
2025-26,38,375,110,Michael Kayode,DEF,Brentford,5,12,0,2026-05-24T15:00:00Z,90,2,0,0,0,1,0,8,19.2,1.1,0.0,2.0,0.0,0.01,0.01,3.04,1,46
2025-26,38,375,111,Ethan Pinnock,DEF,Brentford,5,12,0,2026-05-24T15:00:00Z,0,0,0,0,0,0,0,0,0.0,0.0,0.0,0.0,0.0,0.0,0.0,0.0,0,42
2025-26,38,375,112,Mads Roerslev Rasmussen,DEF,Brentford,5,12,0,2026-05-24T15:00:00Z,0,0,0,0,0,0,0,0,0.0,0.0,0.0,0.0,0.0,0.0,0.0,0.0,0,45
2025-26,38,375,113,Sepp van den Berg,DEF,Brentford,5,12,0,2026-05-24T15:00:00Z,90,4,0,0,0,1,0,6,19.4,0.6,4.0,2.4,0.0,0.03,0.03,3.04,1,44
2025-26,38,375,114,Benjamin Arthur,DEF,Brentford,5,12,0,2026-05-24T15:00:00Z,0,0,0,0,0,0,0,0,0.0,0.0,0.0,0.0,0.0,0.0,0.0,0.0,0,38
2025-26,38,375,115,Benjamin Fredrick,DEF,Brentford,5,12,0,2026-05-24T15:00:00Z,0,0,0,0,0,0,0,0,0.0,0.0,0.0,0.0,0.0,0.0,0.0,0.0,0,40
2025-26,38,375,116,Aaron Hickey,DEF,Brentford,5,12,0,2026-05-24T15:00:00Z,30,1,0,0,0,0,0,2,3.2,0.8,0.0,0.4,0.0,0.0,0.0,1.25,0,40
2025-26,38,375,117,Kim Ji-soo,DEF,Brentford,5,12,0,2026-05-24T15:00:00Z,0,0,0,0,0,0,0,0,0.0,0.0,0.0,0.0,0.0,0.0,0.0,0.0,0,39
2025-26,38,375,118,Jayden Meghoma,DEF,Brentford,5,12,0,2026-05-24T15:00:00Z,0,0,0,0,0,0,0,0,0.0,0.0,0.0,0.0,0.0,0.0,0.0,0.0,0,40
2025-26,38,371,119,Bryan Mbeumo,MID,Man Utd,14,6,0,2026-05-24T15:00:00Z,73,9,1,0,1,0,1,30,35.4,12.5,39.0,8.7,0.92,0.01,0.93,0.48,1,83
2025-26,38,375,120,Kevin Schade,MID,Brentford,5,12,0,2026-05-24T15:00:00Z,90,7,1,0,0,1,0,20,37.6,2.7,63.0,10.3,0.91,0.0,0.91,3.04,1,68
2025-26,38,375,121,Mikkel Damsgaard,MID,Brentford,5,12,0,2026-05-24T15:00:00Z,7,1,0,0,0,0,0,8,14.6,30.2,6.0,5.1,0.0,0.31,0.31,1.09,0,56
2025-26,38,375,122,Antoni Milambo,MID,Brentford,5,12,0,2026-05-24T15:00:00Z,0,0,0,0,0,0,0,0,0.0,0.0,0.0,0.0,0.0,0.0,0.0,0.0,0,52
2025-26,38,375,123,Fábio Freitas Gouveia Carvalho,MID,Brentford,5,12,0,2026-05-24T15:00:00Z,0,0,0,0,0,0,0,0,0.0,0.0,0.0,0.0,0.0,0.0,0.0,0.0,0,46
2025-26,38,375,124,Jordan Henderson,MID,Brentford,5,12,0,2026-05-24T15:00:00Z,59,0,0,0,0,1,0,7,4.6,9.0,0.0,1.4,0.0,0.02,0.02,1.79,1,50
2025-26,38,375,125,Vitaly Janelt,MID,Brentford,5,12,0,2026-05-24T15:00:00Z,90,1,0,0,0,1,0,19,14.4,17.0,6.0,3.7,0.0,0.18,0.18,3.04,1,49
2025-26,38,375,126,Mathias Jensen,MID,Brentford,5,12,0,2026-05-24T15:00:00Z,82,2,0,0,0,1,0,12,7.6,37.4,3.0,4.8,0.04,0.2,0.24,1.95,1,49
2025-26,38,375,127,Gustavo Nunes Fernandes Gomes,MID,Brentford,5,12,0,2026-05-24T15:00:00Z,0,0,0,0,0,0,0,0,0.0,0.0,0.0,0.0,0.0,0.0,0.0,0.0,0,49
2025-26,38,375,128,Frank Onyeka,MID,Brentford,5,12,0,2026-05-24T15:00:00Z,0,0,0,0,0,0,0,0,0.0,0.0,0.0,0.0,0.0,0.0,0.0,0.0,0,48
2025-26,38,375,129,Yehor Yarmoliuk,MID,Brentford,5,12,0,2026-05-24T15:00:00Z,0,0,0,0,0,0,0,0,0.0,0.0,0.0,0.0,0.0,0.0,0.0,0.0,0,50
2025-26,38,375,130,Romelle Donovan,MID,Brentford,5,12,0,2026-05-24T15:00:00Z,0,0,0,0,0,0,0,0,0.0,0.0,0.0,0.0,0.0,0.0,0.0,0.0,0,44
2025-26,38,375,131,Yunus Emre Konak,MID,Brentford,5,12,0,2026-05-24T15:00:00Z,0,0,0,0,0,0,0,0,0.0,0.0,0.0,0.0,0.0,0.0,0.0,0.0,0,43
2025-26,38,375,132,Paris Maghoma,MID,Brentford,5,12,0,2026-05-24T15:00:00Z,0,0,0,0,0,0,0,0,0.0,0.0,0.0,0.0,0.0,0.0,0.0,0.0,0,45
2025-26,38,375,133,Myles Peart-Harris,MID,Brentford,5,12,0,2026-05-24T15:00:00Z,0,0,0,0,0,0,0,0,0.0,0.0,0.0,0.0,0.0,0.0,0.0,0.0,0,44
2025-26,38,375,134,Ryan Trevitt,MID,Brentford,5,12,0,2026-05-24T15:00:00Z,0,0,0,0,0,0,0,0,0.0,0.0,0.0,0.0,0.0,0.0,0.0,0.0,0,45
2025-26,38,374,135,Yoane Wissa,FWD,Newcastle,15,10,0,2026-05-24T15:00:00Z,24,0,0,0,0,1,0,2,2.0,10.4,2.0,1.4,0.0,0.0,0.0,0.59,0,73
2025-26,38,375,136,Igor Thiago Nascimento Rodrigues,FWD,Brentford,5,12,0,2026-05-24T15:00:00Z,90,2,0,0,0,1,0,8,8.6,3.8,11.0,2.3,0.05,0.0,0.05,3.04,1,72
2025-26,38,375,137,Iwan Morgan,FWD,Brentford,5,12,0,2026-05-24T15:00:00Z,0,0,0,0,0,0,0,0,0.0,0.0,0.0,0.0,0.0,0.0,0.0,0.0,0,44
2025-26,38,371,138,Jason Steele,GK,Brighton,6,14,1,2026-05-24T15:00:00Z,0,0,0,0,0,0,0,0,0.0,0.0,0.0,0.0,0.0,0.0,0.0,0.0,0,42
2025-26,38,371,139,Bart Verbruggen,GK,Brighton,6,14,1,2026-05-24T15:00:00Z,90,2,0,0,0,3,0,12,38.8,0.0,0.0,3.9,0.0,0.0,0.0,1.66,1,46
2025-26,38,371,140,Tom McGill,GK,Brighton,6,14,1,2026-05-24T15:00:00Z,0,0,0,0,0,0,0,0,0.0,0.0,0.0,0.0,0.0,0.0,0.0,0.0,0,39
2025-26,38,371,141,Carl Rushworth,GK,Brighton,6,14,1,2026-05-24T15:00:00Z,0,0,0,0,0,0,0,0,0.0,0.0,0.0,0.0,0.0,0.0,0.0,0.0,0,40
2025-26,38,371,142,Kjell Scherpen,GK,Brighton,6,14,1,2026-05-24T15:00:00Z,0,0,0,0,0,0,0,0,0.0,0.0,0.0,0.0,0.0,0.0,0.0,0.0,0,40
2025-26,38,371,143,Olivier Boscagli,DEF,Brighton,6,14,1,2026-05-24T15:00:00Z,0,0,0,0,0,0,0,0,0.0,0.0,0.0,0.0,0.0,0.0,0.0,0.0,0,42
2025-26,38,371,144,Diego Coppola,DEF,Brighton,6,14,1,2026-05-24T15:00:00Z,0,0,0,0,0,0,0,0,0.0,0.0,0.0,0.0,0.0,0.0,0.0,0.0,0,42
2025-26,38,371,145,Maxim De Cuyper,DEF,Brighton,6,14,1,2026-05-24T15:00:00Z,45,0,0,0,0,2,0,-1,10.2,44.4,7.0,6.2,0.02,0.18,0.2,1.19,1,43
2025-26,38,371,146,Lewis Dunk,DEF,Brighton,6,14,1,2026-05-24T15:00:00Z,90,1,0,0,0,3,0,4,16.0,3.3,2.0,2.1,0.0,0.03,0.03,1.66,1,45
2025-26,38,371,147,Pervis Estupiñán Tenorio,DEF,Brighton,6,14,1,2026-05-24T15:00:00Z,0,0,0,0,0,0,0,0,0.0,0.0,0.0,0.0,0.0,0.0,0.0,0.0,0,45
2025-26,38,371,148,Ferdi Kadıoğlu,DEF,Brighton,6,14,1,2026-05-24T15:00:00Z,90,1,0,0,0,3,0,1,6.6,5.3,4.0,1.6,0.05,0.02,0.07,1.66,1,45
2025-26,38,371,149,Igor Julio dos Santos de Paulo,DEF,Brighton,6,14,1,2026-05-24T15:00:00Z,0,0,0,0,0,0,0,0,0.0,0.0,0.0,0.0,0.0,0.0,0.0,0.0,0,45
2025-26,38,371,150,Tariq Lamptey,DEF,Brighton,6,14,1,2026-05-24T15:00:00Z,0,0,0,0,0,0,0,0,0.0,0.0,0.0,0.0,0.0,0.0,0.0,0.0,0,44
2025-26,38,371,151,Jan Paul van Hecke,DEF,Brighton,6,14,1,2026-05-24T15:00:00Z,90,1,0,0,0,3,0,2,17.6,1.6,0.0,1.9,0.0,0.04,0.04,1.66,1,47
2025-26,38,371,152,Joël Veltman,DEF,Brighton,6,14,1,2026-05-24T15:00:00Z,0,0,0,0,0,0,0,0,0.0,0.0,0.0,0.0,0.0,0.0,0.0,0.0,0,43
2025-26,38,371,153,Adam Webster,DEF,Brighton,6,14,1,2026-05-24T15:00:00Z,0,0,0,0,0,0,0,0,0.0,0.0,0.0,0.0,0.0,0.0,0.0,0.0,0,44
2025-26,38,371,154,Eiran Cashin,DEF,Brighton,6,14,1,2026-05-24T15:00:00Z,0,0,0,0,0,0,0,0,0.0,0.0,0.0,0.0,0.0,0.0,0.0,0.0,0,40
2025-26,38,371,155,Jacob Slater,DEF,Brighton,6,14,1,2026-05-24T15:00:00Z,0,0,0,0,0,0,0,0,0.0,0.0,0.0,0.0,0.0,0.0,0.0,0.0,0,40
2025-26,38,371,156,Charlie Tasker,DEF,Brighton,6,14,1,2026-05-24T15:00:00Z,0,0,0,0,0,0,0,0,0.0,0.0,0.0,0.0,0.0,0.0,0.0,0.0,0,38
2025-26,38,371,157,Mitoma Kaoru,MID,Brighton,6,14,1,2026-05-24T15:00:00Z,0,0,0,0,0,0,0,0,0.0,0.0,0.0,0.0,0.0,0.0,0.0,0.0,0,61
2025-26,38,371,158,Georginio Rutter,MID,Brighton,6,14,1,2026-05-24T15:00:00Z,16,1,0,0,0,0,0,1,1.6,1.6,5.0,0.8,0.06,0.0,0.06,0.06,0,56
2025-26,38,371,159,Solly March,MID,Brighton,6,14,1,2026-05-24T15:00:00Z,31,1,0,0,0,0,0,9,7.4,1.9,23.0,3.2,0.04,0.02,0.06,0.15,0,58
2025-26,38,371,160,Yankuba Minteh,MID,Brighton,6,14,1,2026-05-24T15:00:00Z,45,1,0,0,0,1,0,6,9.2,15.5,0.0,2.5,0.0,0.11,0.11,0.47,0,55
2025-26,38,371,161,Julio Enciso Espínola,MID,Brighton,6,14,1,2026-05-24T15:00:00Z,0,0,0,0,0,0,0,0,0.0,0.0,0.0,0.0,0.0,0.0,0.0,0.0,0,54
2025-26,38,371,162,Brajan Gruda,MID,Brighton,6,14,1,2026-05-24T15:00:00Z,0,0,0,0,0,0,0,0,0.0,0.0,0.0,0.0,0.0,0.0,0.0,0.0,0,54
2025-26,38,371,163,Jack Hinshelwood,MID,Brighton,6,14,1,2026-05-24T15:00:00Z,73,2,0,0,0,3,0,10,4.2,11.6,4.0,2.0,0.0,0.02,0.02,1.6,1,52
2025-26,38,371,164,Matt O'Riley,MID,Brighton,6,14,1,2026-05-24T15:00:00Z,0,0,0,0,0,0,0,0,0.0,0.0,0.0,0.0,0.0,0.0,0.0,0.0,0,55
2025-26,38,371,165,Abdallah Sima,MID,Brighton,6,14,1,2026-05-24T15:00:00Z,0,0,0,0,0,0,0,0,0.0,0.0,0.0,0.0,0.0,0.0,0.0,0.0,0,54
2025-26,38,371,166,Yasin Ayari,MID,Brighton,6,14,1,2026-05-24T15:00:00Z,0,0,0,0,0,0,0,0,0.0,0.0,0.0,0.0,0.0,0.0,0.0,0.0,0,48
2025-26,38,371,167,Carlos Baleba,MID,Brighton,6,14,1,2026-05-24T15:00:00Z,31,1,0,0,0,0,0,9,10.4,21.5,2.0,3.4,0.03,0.05,0.08,0.15,0,45
2025-26,38,380,168,Facundo Buonanotte,MID,Leeds,11,19,0,2026-05-24T15:00:00Z,12,1,0,0,0,2,0,4,7.2,14.3,2.0,2.4,0.02,0.18,0.2,0.65,0,46
2025-26,38,371,169,Diego Gómez Amarilla,MID,Brighton,6,14,1,2026-05-24T15:00:00Z,58,1,0,0,0,3,0,4,0.0,1.4,18.0,1.8,0.28,0.01,0.29,1.5,1,49
2025-26,38,371,170,James Milner,MID,Brighton,6,14,1,2026-05-24T15:00:00Z,58,1,0,0,0,3,0,5,1.4,1.9,0.0,0.3,0.0,0.01,0.01,1.5,1,49
2025-26,38,371,171,Jeremy Sarmiento Morante,MID,Brighton,6,14,1,2026-05-24T15:00:00Z,0,0,0,0,0,0,0,0,0.0,0.0,0.0,0.0,0.0,0.0,0.0,0.0,0,49
2025-26,38,371,172,Tom Watson,MID,Brighton,6,14,1,2026-05-24T15:00:00Z,0,0,0,0,0,0,0,0,0.0,0.0,0.0,0.0,0.0,0.0,0.0,0.0,0,48
2025-26,38,371,173,Mats Wieffer,MID,Brighton,6,14,1,2026-05-24T15:00:00Z,90,2,0,0,0,3,0,11,9.6,2.8,0.0,1.2,0.0,0.01,0.01,1.66,1,48
2025-26,38,371,174,Malick Yalcouyé,MID,Brighton,6,14,1,2026-05-24T15:00:00Z,0,0,0,0,0,0,0,0,0.0,0.0,0.0,0.0,0.0,0.0,0.0,0.0,0,50
2025-26,38,371,175,Joe Knight,MID,Brighton,6,14,1,2026-05-24T15:00:00Z,0,0,0,0,0,0,0,0,0.0,0.0,0.0,0.0,0.0,0.0,0.0,0.0,0,44
2025-26,38,371,176,Adrian Mazilu,MID,Brighton,6,14,1,2026-05-24T15:00:00Z,0,0,0,0,0,0,0,0,0.0,0.0,0.0,0.0,0.0,0.0,0.0,0.0,0,45
2025-26,38,371,177,Andrew Moran,MID,Brighton,6,14,1,2026-05-24T15:00:00Z,0,0,0,0,0,0,0,0,0.0,0.0,0.0,0.0,0.0,0.0,0.0,0.0,0,45
2025-26,38,371,178,Danny Welbeck,FWD,Brighton,6,14,1,2026-05-24T15:00:00Z,58,1,0,0,0,3,0,-1,0.0,2.1,4.0,0.3,0.0,0.01,0.01,1.5,1,63
2025-26,38,371,179,Evan Ferguson,FWD,Brighton,6,14,1,2026-05-24T15:00:00Z,0,0,0,0,0,0,0,0,0.0,0.0,0.0,0.0,0.0,0.0,0.0,0.0,0,55
2025-26,38,371,180,Stefanos Tzimas,FWD,Brighton,6,14,1,2026-05-24T15:00:00Z,0,0,0,0,0,0,0,0,0.0,0.0,0.0,0.0,0.0,0.0,0.0,0.0,0,52
2025-26,38,371,181,Charalampos Kostoulas,FWD,Brighton,6,14,1,2026-05-24T15:00:00Z,31,1,0,0,0,0,0,4,3.8,21.6,19.0,4.4,0.19,0.08,0.27,0.15,0,48
2025-26,38,376,182,James Trafford,GK,Man City,13,2,1,2026-05-24T15:00:00Z,90,2,0,0,0,2,0,5,17.8,0.0,0.0,1.8,0.0,0.0,0.0,1.77,1,45
2025-26,38,372,183,Max Weiß,GK,Burnley,3,20,1,2026-05-24T15:00:00Z,90,3,0,0,0,1,0,17,28.0,10.0,0.0,3.8,0.0,0.0,0.0,2.09,1,42
2025-26,38,372,184,Etienne Green,GK,Burnley,3,20,1,2026-05-24T15:00:00Z,0,0,0,0,0,0,0,0,0.0,0.0,0.0,0.0,0.0,0.0,0.0,0.0,0,40
2025-26,38,372,185,Václav Hladký,GK,Burnley,3,20,1,2026-05-24T15:00:00Z,0,0,0,0,0,0,0,0,0.0,0.0,0.0,0.0,0.0,0.0,0.0,0.0,0,39
2025-26,38,372,186,Connor Roberts,DEF,Burnley,3,20,1,2026-05-24T15:00:00Z,0,0,0,0,0,0,0,0,0.0,0.0,0.0,0.0,0.0,0.0,0.0,0.0,0,43
2025-26,38,372,187,Kyle Walker,DEF,Burnley,3,20,1,2026-05-24T15:00:00Z,90,2,0,0,0,1,0,11,13.0,14.9,2.0,3.0,0.0,0.05,0.05,2.09,1,44
2025-26,38,372,188,Hannes Delcroix,DEF,Burnley,3,20,1,2026-05-24T15:00:00Z,0,0,0,0,0,0,0,0,0.0,0.0,0.0,0.0,0.0,0.0,0.0,0.0,0,38
2025-26,38,372,189,Owen Dodgson,DEF,Burnley,3,20,1,2026-05-24T15:00:00Z,0,0,0,0,0,0,0,0,0.0,0.0,0.0,0.0,0.0,0.0,0.0,0.0,0,40
2025-26,38,372,190,Hjalmar Ekdal,DEF,Burnley,3,20,1,2026-05-24T15:00:00Z,0,0,0,0,0,0,0,0,0.0,0.0,0.0,0.0,0.0,0.0,0.0,0.0,0,38
2025-26,38,372,191,Maxime Estève,DEF,Burnley,3,20,1,2026-05-24T15:00:00Z,0,0,0,0,0,0,0,0,0.0,0.0,0.0,0.0,0.0,0.0,0.0,0.0,0,38
2025-26,38,372,192,Quilindschy Hartman,DEF,Burnley,3,20,1,2026-05-24T15:00:00Z,0,0,0,0,0,0,0,0,0.0,0.0,0.0,0.0,0.0,0.0,0.0,0.0,0,40
2025-26,38,372,193,Bashir Humphreys,DEF,Burnley,3,20,1,2026-05-24T15:00:00Z,90,2,0,0,0,1,0,10,18.4,3.1,2.0,2.4,0.0,0.01,0.01,2.09,1,39
2025-26,38,372,194,Jordan Beyer,DEF,Burnley,3,20,1,2026-05-24T15:00:00Z,0,0,0,0,0,0,0,0,0.0,0.0,0.0,0.0,0.0,0.0,0.0,0.0,0,39
2025-26,38,372,195,Lucas Pires Silva,DEF,Burnley,3,20,1,2026-05-24T15:00:00Z,90,2,0,0,0,1,0,17,24.8,30.6,51.0,10.6,0.27,0.05,0.32,2.09,1,38
2025-26,38,372,196,Shurandy Sambo,DEF,Burnley,3,20,1,2026-05-24T15:00:00Z,0,0,0,0,0,0,0,0,0.0,0.0,0.0,0.0,0.0,0.0,0.0,0.0,0,40
2025-26,38,372,197,Oliver Sonne,DEF,Burnley,3,20,1,2026-05-24T15:00:00Z,0,0,0,0,0,0,0,0,0.0,0.0,0.0,0.0,0.0,0.0,0.0,0.0,0,38
2025-26,38,372,198,Axel Tuanzebe,DEF,Burnley,3,20,1,2026-05-24T15:00:00Z,90,2,0,0,0,1,0,11,21.6,0.8,0.0,2.2,0.0,0.01,0.01,2.09,1,39
2025-26,38,372,199,Joe Worrall,DEF,Burnley,3,20,1,2026-05-24T15:00:00Z,0,0,0,0,0,0,0,0,0.0,0.0,0.0,0.0,0.0,0.0,0.0,0.0,0,38
2025-26,38,372,200,Jaidon Anthony,MID,Burnley,3,20,1,2026-05-24T15:00:00Z,84,2,0,0,0,1,0,11,10.4,28.2,19.0,5.8,0.04,0.06,0.1,1.79,1,50
2025-26,38,372,201,Manuel Benson Hedilazio,MID,Burnley,3,20,1,2026-05-24T15:00:00Z,0,0,0,0,0,0,0,0,0.0,0.0,0.0,0.0,0.0,0.0,0.0,0.0,0,54
2025-26,38,372,202,Jacob Bruun Larsen,MID,Burnley,3,20,1,2026-05-24T15:00:00Z,5,1,0,0,0,0,0,4,2.0,4.8,6.0,1.3,0.02,0.02,0.04,0.3,0,52
2025-26,38,372,203,Enock Agyei,MID,Burnley,3,20,1,2026-05-24T15:00:00Z,0,0,0,0,0,0,0,0,0.0,0.0,0.0,0.0,0.0,0.0,0.0,0.0,0,47
2025-26,38,372,204,Darko Churlinov,MID,Burnley,3,20,1,2026-05-24T15:00:00Z,0,0,0,0,0,0,0,0,0.0,0.0,0.0,0.0,0.0,0.0,0.0,0.0,0,49
2025-26,38,372,205,Josh Cullen,MID,Burnley,3,20,1,2026-05-24T15:00:00Z,0,0,0,0,0,0,0,0,0.0,0.0,0.0,0.0,0.0,0.0,0.0,0.0,0,49
2025-26,38,372,206,Marcus Edwards,MID,Burnley,3,20,1,2026-05-24T15:00:00Z,15,1,0,0,0,0,0,9,6.4,28.2,8.0,4.3,0.01,0.14,0.15,0.49,0,47
2025-26,38,372,207,Hannibal Mejbri,MID,Burnley,3,20,1,2026-05-24T15:00:00Z,65,1,0,0,0,1,0,15,15.2,33.2,21.0,6.9,0.16,0.3,0.46,1.6,1,47
2025-26,38,372,208,Luca Koleosho,MID,Burnley,3,20,1,2026-05-24T15:00:00Z,0,0,0,0,0,0,0,0,0.0,0.0,0.0,0.0,0.0,0.0,0.0,0.0,0,50
2025-26,38,372,209,Josh Laurent,MID,Burnley,3,20,1,2026-05-24T15:00:00Z,0,0,0,0,0,0,0,0,0.0,0.0,0.0,0.0,0.0,0.0,0.0,0.0,0,48
2025-26,38,372,210,Loum Tchaouna,MID,Burnley,3,20,1,2026-05-24T15:00:00Z,74,5,0,1,0,1,0,13,15.6,14.3,8.0,3.8,0.02,0.04,0.06,1.6,1,48
2025-26,38,372,211,Aaron Ramsey,MID,Burnley,3,20,1,2026-05-24T15:00:00Z,0,0,0,0,0,0,0,0,0.0,0.0,0.0,0.0,0.0,0.0,0.0,0.0,0,44
2025-26,38,372,212,Oluwaseun Adewumi,MID,Burnley,3,20,1,2026-05-24T15:00:00Z,0,0,0,0,0,0,0,0,0.0,0.0,0.0,0.0,0.0,0.0,0.0,0.0,0,45
2025-26,38,372,213,Jaydon Banel,MID,Burnley,3,20,1,2026-05-24T15:00:00Z,0,0,0,0,0,0,0,0,0.0,0.0,0.0,0.0,0.0,0.0,0.0,0.0,0,45
2025-26,38,372,214,Mike Trésor Ndayishimiye,MID,Burnley,3,20,1,2026-05-24T15:00:00Z,0,0,0,0,0,0,0,0,0.0,0.0,0.0,0.0,0.0,0.0,0.0,0.0,0,43
2025-26,38,372,215,Zian Flemming,FWD,Burnley,3,20,1,2026-05-24T15:00:00Z,84,9,1,0,0,1,3,32,37.4,4.9,21.0,6.3,0.12,0.02,0.14,1.79,1,53
2025-26,38,372,216,Zeki Amdouni,FWD,Burnley,3,20,1,2026-05-24T15:00:00Z,24,1,0,0,0,0,0,0,0.0,1.9,4.0,0.5,0.0,0.01,0.01,0.49,0,48
2025-26,38,372,217,Lyle Foster,FWD,Burnley,3,20,1,2026-05-24T15:00:00Z,0,0,0,0,0,0,0,0,0.0,0.0,0.0,0.0,0.0,0.0,0.0,0.0,0,49
2025-26,38,372,218,Ashley Barnes,FWD,Burnley,3,20,1,2026-05-24T15:00:00Z,5,0,0,0,0,0,0,1,2.0,1.3,35.0,3.8,0.14,0.04,0.18,0.3,0,42
2025-26,38,372,219,Michael Obafemi,FWD,Burnley,3,20,1,2026-05-24T15:00:00Z,0,0,0,0,0,0,0,0,0.0,0.0,0.0,0.0,0.0,0.0,0.0,0.0,0,44
2025-26,38,378,220,Robert Lynch Sánchez,GK,Chelsea,7,17,0,2026-05-24T15:00:00Z,90,2,0,0,0,2,0,17,40.2,0.0,0.0,4.0,0.0,0.0,0.0,1.84,1,48
2025-26,38,378,221,Filip Jörgensen,GK,Chelsea,7,17,0,2026-05-24T15:00:00Z,0,0,0,0,0,0,0,0,0.0,0.0,0.0,0.0,0.0,0.0,0.0,0.0,0,43
2025-26,38,378,222,Mike Penders,GK,Chelsea,7,17,0,2026-05-24T15:00:00Z,0,0,0,0,0,0,0,0,0.0,0.0,0.0,0.0,0.0,0.0,0.0,0.0,0,40
2025-26,38,378,223,Gabriel Słonina,GK,Chelsea,7,17,0,2026-05-24T15:00:00Z,0,0,0,0,0,0,0,0,0.0,0.0,0.0,0.0,0.0,0.0,0.0,0.0,0,38
2025-26,38,378,224,Marc Cucurella Saseta,DEF,Chelsea,7,17,0,2026-05-24T15:00:00Z,90,1,0,0,0,2,0,-1,5.0,1.9,0.0,0.7,0.0,0.01,0.01,1.84,1,61
2025-26,38,378,225,Reece James,DEF,Chelsea,7,17,0,2026-05-24T15:00:00Z,38,1,0,0,0,0,0,5,5.0,1.6,7.0,1.4,0.02,0.04,0.06,0.46,0,56
2025-26,38,378,226,Trevoh Chalobah,DEF,Chelsea,7,17,0,2026-05-24T15:00:00Z,25,1,0,0,0,0,0,5,11.4,0.3,0.0,1.2,0.0,0.0,0.0,0.28,0,54
2025-26,38,378,227,Levi Samuels Colwill,DEF,Chelsea,7,17,0,2026-05-24T15:00:00Z,90,3,0,0,0,2,0,12,31.2,1.2,4.0,3.6,0.0,0.1,0.1,1.84,1,47
2025-26,38,378,228,Malo Gusto,DEF,Chelsea,7,17,0,2026-05-24T15:00:00Z,84,-1,0,0,0,2,0,0,11.2,12.5,4.0,2.8,0.0,0.55,0.55,1.77,1,48
2025-26,38,378,229,Benoît Badiashile Mukinayi,DEF,Chelsea,7,17,0,2026-05-24T15:00:00Z,0,0,0,0,0,0,0,0,0.0,0.0,0.0,0.0,0.0,0.0,0.0,0.0,0,44
2025-26,38,378,230,Wesley Fofana,DEF,Chelsea,7,17,0,2026-05-24T15:00:00Z,61,-2,0,0,0,2,0,-9,2.0,0.3,0.0,0.2,0.0,0.0,0.0,1.56,1,44
2025-26,38,378,231,Mamadou Sarr,DEF,Chelsea,7,17,0,2026-05-24T15:00:00Z,0,0,0,0,0,0,0,0,0.0,0.0,0.0,0.0,0.0,0.0,0.0,0.0,0,45
2025-26,38,378,232,Tosin Adarabioyo,DEF,Chelsea,7,17,0,2026-05-24T15:00:00Z,0,0,0,0,0,0,0,0,0.0,0.0,0.0,0.0,0.0,0.0,0.0,0.0,0,40
2025-26,38,378,233,Josh Acheampong,DEF,Chelsea,7,17,0,2026-05-24T15:00:00Z,5,1,0,0,0,0,0,3,0.8,0.1,4.0,0.5,0.02,0.0,0.02,0.07,0,37
2025-26,38,378,234,Aarón Anselmino,DEF,Chelsea,7,17,0,2026-05-24T15:00:00Z,0,0,0,0,0,0,0,0,0.0,0.0,0.0,0.0,0.0,0.0,0.0,0.0,0,40
2025-26,38,378,235,Cole Palmer,MID,Chelsea,7,17,0,2026-05-24T15:00:00Z,90,8,1,0,0,2,2,26,34.6,4.9,27.0,6.7,0.21,0.02,0.23,1.84,1,103
2025-26,38,378,236,Pedro Lomba Neto,MID,Chelsea,7,17,0,2026-05-24T15:00:00Z,64,6,0,1,0,2,1,23,22.2,36.8,2.0,6.1,0.0,0.11,0.11,1.56,1,70
2025-26,38,378,237,Enzo Fernández,MID,Chelsea,7,17,0,2026-05-24T15:00:00Z,90,1,0,0,0,2,0,7,11.4,26.9,2.0,4.0,0.0,0.04,0.04,1.84,1,65
2025-26,38,378,238,Estêvão Almeida de Oliveira Gonçalves,MID,Chelsea,7,17,0,2026-05-24T15:00:00Z,0,0,0,0,0,0,0,0,0.0,0.0,0.0,0.0,0.0,0.0,0.0,0.0,0,64
2025-26,38,378,239,Jamie Bynoe-Gittens,MID,Chelsea,7,17,0,2026-05-24T15:00:00Z,0,0,0,0,0,0,0,0,0.0,0.0,0.0,0.0,0.0,0.0,0.0,0.0,0,60
2025-26,38,378,240,Christopher Nkunku,MID,Chelsea,7,17,0,2026-05-24T15:00:00Z,0,0,0,0,0,0,0,0,0.0,0.0,0.0,0.0,0.0,0.0,0.0,0.0,0,59
2025-26,38,378,241,Moisés Caicedo Corozo,MID,Chelsea,7,17,0,2026-05-24T15:00:00Z,84,2,0,0,0,2,0,12,11.2,14.3,7.0,3.3,0.04,0.05,0.09,1.77,1,57
2025-26,38,379,242,Kiernan Dewsbury-Hall,MID,Everton,9,18,0,2026-05-24T15:00:00Z,83,2,0,0,0,1,0,7,6.4,6.9,2.0,1.5,0.02,0.04,0.06,1.15,1,53
2025-26,38,379,243,Tyrique George,MID,Everton,9,18,0,2026-05-24T15:00:00Z,28,1,0,0,0,0,0,6,4.6,1.4,19.0,2.5,0.03,0.01,0.04,0.02,0,48
2025-26,38,378,244,Roméo Lavia,MID,Chelsea,7,17,0,2026-05-24T15:00:00Z,0,0,0,0,0,0,0,0,0.0,0.0,0.0,0.0,0.0,0.0,0.0,0.0,0,49
2025-26,38,378,245,Mykhailo Mudryk,MID,Chelsea,7,17,0,2026-05-24T15:00:00Z,0,0,0,0,0,0,0,0,0.0,0.0,0.0,0.0,0.0,0.0,0.0,0.0,0,49
2025-26,38,378,246,Andrey Nascimento dos Santos,MID,Chelsea,7,17,0,2026-05-24T15:00:00Z,0,0,0,0,0,0,0,0,0.0,0.0,0.0,0.0,0.0,0.0,0.0,0.0,0,44
2025-26,38,378,247,Dário Luís Essugo,MID,Chelsea,7,17,0,2026-05-24T15:00:00Z,0,0,0,0,0,0,0,0,0.0,0.0,0.0,0.0,0.0,0.0,0.0,0.0,0,43
2025-26,38,378,248,Kendry Páez Andrade,MID,Chelsea,7,17,0,2026-05-24T15:00:00Z,0,0,0,0,0,0,0,0,0.0,0.0,0.0,0.0,0.0,0.0,0.0,0.0,0,45
2025-26,38,378,249,João Pedro Junqueira de Jesus,FWD,Chelsea,7,17,0,2026-05-24T15:00:00Z,90,1,0,0,0,2,0,0,0.4,0.3,11.0,1.2,0.59,0.0,0.59,1.84,1,74
2025-26,38,378,250,Liam Delap,FWD,Chelsea,7,17,0,2026-05-24T15:00:00Z,5,1,0,0,0,0,0,1,0.0,0.1,2.0,0.2,0.0,0.0,0.0,0.07,0,62
2025-26,38,378,251,Nicolas Jackson,FWD,Chelsea,7,17,0,2026-05-24T15:00:00Z,0,0,0,0,0,0,0,0,0.0,0.0,0.0,0.0,0.0,0.0,0.0,0.0,0,65
2025-26,38,378,252,Marc Guiu Paz,FWD,Chelsea,7,17,0,2026-05-24T15:00:00Z,0,0,0,0,0,0,0,0,0.0,0.0,0.0,0.0,0.0,0.0,0.0,0.0,0,40
2025-26,38,373,253,Dean Henderson,GK,Crystal Palace,8,1,1,2026-05-24T15:00:00Z,90,2,0,0,0,2,0,15,37.0,0.0,0.0,3.7,0.0,0.0,0.0,2.53,1,51
2025-26,38,373,254,Walter Benítez,GK,Crystal Palace,8,1,1,2026-05-24T15:00:00Z,0,0,0,0,0,0,0,0,0.0,0.0,0.0,0.0,0.0,0.0,0.0,0.0,0,39
2025-26,38,373,255,Remi Matthews,GK,Crystal Palace,8,1,1,2026-05-24T15:00:00Z,0,0,0,0,0,0,0,0,0.0,0.0,0.0,0.0,0.0,0.0,0.0,0.0,0,39
2025-26,38,373,256,Daniel Muñoz Mejía,DEF,Crystal Palace,8,1,1,2026-05-24T15:00:00Z,45,1,0,0,0,1,0,-3,1.6,1.8,17.0,2.0,0.05,0.01,0.06,1.17,1,59
2025-26,38,373,257,Maxence Lacroix,DEF,Crystal Palace,8,1,1,2026-05-24T15:00:00Z,0,0,0,0,0,0,0,0,0.0,0.0,0.0,0.0,0.0,0.0,0.0,0.0,0,52
2025-26,38,373,258,Tyrick Mitchell,DEF,Crystal Palace,8,1,1,2026-05-24T15:00:00Z,45,1,0,0,0,1,0,2,9.0,0.5,0.0,1.0,0.0,0.0,0.0,1.36,0,50
2025-26,38,373,259,Borna Sosa,DEF,Crystal Palace,8,1,1,2026-05-24T15:00:00Z,0,0,0,0,0,0,0,0,0.0,0.0,0.0,0.0,0.0,0.0,0.0,0.0,0,48
2025-26,38,376,260,Marc Guéhi,DEF,Man City,13,2,1,2026-05-24T15:00:00Z,0,0,0,0,0,0,0,0,0.0,0.0,0.0,0.0,0.0,0.0,0.0,0.0,0,51
2025-26,38,373,261,Chris Richards,DEF,Crystal Palace,8,1,1,2026-05-24T15:00:00Z,0,0,0,0,0,0,0,0,0.0,0.0,0.0,0.0,0.0,0.0,0.0,0.0,0,44
2025-26,38,373,262,Chadi Riad Dnanou,DEF,Crystal Palace,8,1,1,2026-05-24T15:00:00Z,90,3,0,0,0,2,0,14,26.8,0.8,19.0,4.7,0.18,0.03,0.21,2.53,1,40
2025-26,38,373,263,Nathaniel Clyne,DEF,Crystal Palace,8,1,1,2026-05-24T15:00:00Z,90,1,0,0,0,2,0,1,16.6,1.4,0.0,1.8,0.0,0.0,0.0,2.53,1,38
2025-26,38,373,264,Rob Holding,DEF,Crystal Palace,8,1,1,2026-05-24T15:00:00Z,0,0,0,0,0,0,0,0,0.0,0.0,0.0,0.0,0.0,0.0,0.0,0.0,0,40
2025-26,38,373,265,Caleb Kporha,DEF,Crystal Palace,8,1,1,2026-05-24T15:00:00Z,0,0,0,0,0,0,0,0,0.0,0.0,0.0,0.0,0.0,0.0,0.0,0.0,0,40
2025-26,38,373,266,Eberechi Eze,MID,Arsenal,1,8,0,2026-05-24T15:00:00Z,15,1,0,0,0,1,0,5,7.4,0.8,17.0,2.5,0.36,0.01,0.37,0.75,0,73
2025-26,38,373,267,Ismaïla Sarr,MID,Crystal Palace,8,1,1,2026-05-24T15:00:00Z,45,1,0,0,0,1,0,4,3.2,2.0,4.0,0.9,0.0,0.02,0.02,1.17,1,64
2025-26,38,373,268,Cheick Doucouré,MID,Crystal Palace,8,1,1,2026-05-24T15:00:00Z,0,0,0,0,0,0,0,0,0.0,0.0,0.0,0.0,0.0,0.0,0.0,0.0,0,49
2025-26,38,373,269,Romain Esse,MID,Crystal Palace,8,1,1,2026-05-24T15:00:00Z,0,0,0,0,0,0,0,0,0.0,0.0,0.0,0.0,0.0,0.0,0.0,0.0,0,47
2025-26,38,373,270,Will Hughes,MID,Crystal Palace,8,1,1,2026-05-24T15:00:00Z,90,2,0,0,0,2,0,16,16.2,12.6,2.0,3.1,0.0,0.02,0.02,2.53,1,47
2025-26,38,373,271,Daichi Kamada,MID,Crystal Palace,8,1,1,2026-05-24T15:00:00Z,45,1,0,0,0,1,0,3,6.4,1.3,0.0,0.8,0.0,0.01,0.01,1.17,1,50
2025-26,38,373,272,Jefferson Lerma Solís,MID,Crystal Palace,8,1,1,2026-05-24T15:00:00Z,90,4,0,0,0,2,0,14,20.2,14.4,6.0,4.1,0.0,0.22,0.22,2.53,1,49
2025-26,38,373,273,Adam Wharton,MID,Crystal Palace,8,1,1,2026-05-24T15:00:00Z,16,1,0,0,0,1,0,4,0.0,0.7,0.0,0.0,0.0,0.02,0.02,0.04,0,50
2025-26,38,373,274,Asher Agbinone,MID,Crystal Palace,8,1,1,2026-05-24T15:00:00Z,0,0,0,0,0,0,0,0,0.0,0.0,0.0,0.0,0.0,0.0,0.0,0.0,0,43
2025-26,38,373,275,Naouirou Ahamada,MID,Crystal Palace,8,1,1,2026-05-24T15:00:00Z,0,0,0,0,0,0,0,0,0.0,0.0,0.0,0.0,0.0,0.0,0.0,0.0,0,43
2025-26,38,373,276,Justin Devenny,MID,Crystal Palace,8,1,1,2026-05-24T15:00:00Z,90,2,0,0,0,2,0,7,7.4,2.0,0.0,0.9,0.0,0.03,0.03,2.53,1,43
2025-26,38,373,277,Malcolm Ebiowei,MID,Crystal Palace,8,1,1,2026-05-24T15:00:00Z,0,0,0,0,0,0,0,0,0.0,0.0,0.0,0.0,0.0,0.0,0.0,0.0,0,45
2025-26,38,373,278,Jesurun Rak-Sakyi,MID,Crystal Palace,8,1,1,2026-05-24T15:00:00Z,0,0,0,0,0,0,0,0,0.0,0.0,0.0,0.0,0.0,0.0,0.0,0.0,0,44
2025-26,38,373,279,Matheus França de Oliveira,MID,Crystal Palace,8,1,1,2026-05-24T15:00:00Z,0,0,0,0,0,0,0,0,0.0,0.0,0.0,0.0,0.0,0.0,0.0,0.0,0,45
2025-26,38,373,280,David Ozoh,MID,Crystal Palace,8,1,1,2026-05-24T15:00:00Z,0,0,0,0,0,0,0,0,0.0,0.0,0.0,0.0,0.0,0.0,0.0,0.0,0,45
2025-26,38,373,281,Kaden Rodney,MID,Crystal Palace,8,1,1,2026-05-24T15:00:00Z,0,0,0,0,0,0,0,0,0.0,0.0,0.0,0.0,0.0,0.0,0.0,0.0,0,44
2025-26,38,373,282,Franco Umeh-Chibueze,MID,Crystal Palace,8,1,1,2026-05-24T15:00:00Z,0,0,0,0,0,0,0,0,0.0,0.0,0.0,0.0,0.0,0.0,0.0,0.0,0,45
2025-26,38,373,283,Jean-Philippe Mateta,FWD,Crystal Palace,8,1,1,2026-05-24T15:00:00Z,13,6,1,0,0,0,1,27,32.0,0.0,17.0,4.9,0.38,0.0,0.38,0.99,0,76
2025-26,38,373,284,Eddie Nketiah,FWD,Crystal Palace,8,1,1,2026-05-24T15:00:00Z,0,0,0,0,0,0,0,0,0.0,0.0,0.0,0.0,0.0,0.0,0.0,0.0,0,54
2025-26,38,373,285,Odsonne Édouard,FWD,Crystal Palace,8,1,1,2026-05-24T15:00:00Z,0,0,0,0,0,0,0,0,0.0,0.0,0.0,0.0,0.0,0.0,0.0,0.0,0,50
2025-26,38,373,286,Zach Marsh,FWD,Crystal Palace,8,1,1,2026-05-24T15:00:00Z,0,0,0,0,0,0,0,0,0.0,0.0,0.0,0.0,0.0,0.0,0.0,0.0,0,44
2025-26,38,379,287,Jordan Pickford,GK,Everton,9,18,0,2026-05-24T15:00:00Z,90,2,0,0,0,1,0,8,15.6,0.0,0.0,1.6,0.0,0.03,0.03,1.15,1,56
2025-26,38,379,288,Mark Travers,GK,Everton,9,18,0,2026-05-24T15:00:00Z,0,0,0,0,0,0,0,0,0.0,0.0,0.0,0.0,0.0,0.0,0.0,0.0,0,42
2025-26,38,379,289,Harry Tyrer,GK,Everton,9,18,0,2026-05-24T15:00:00Z,0,0,0,0,0,0,0,0,0.0,0.0,0.0,0.0,0.0,0.0,0.0,0.0,0,39
2025-26,38,379,290,Jarrad Branthwaite,DEF,Everton,9,18,0,2026-05-24T15:00:00Z,0,0,0,0,0,0,0,0,0.0,0.0,0.0,0.0,0.0,0.0,0.0,0.0,0,53
2025-26,38,379,291,James Tarkowski,DEF,Everton,9,18,0,2026-05-24T15:00:00Z,90,3,0,0,0,1,0,3,23.4,0.5,8.0,3.2,0.06,0.0,0.06,1.15,1,58
2025-26,38,379,292,Vitalii Mykolenko,DEF,Everton,9,18,0,2026-05-24T15:00:00Z,90,2,0,0,0,1,0,9,16.6,15.3,0.0,3.2,0.0,0.01,0.01,1.15,1,49
2025-26,38,379,293,Jake O'Brien,DEF,Everton,9,18,0,2026-05-24T15:00:00Z,61,1,0,0,0,1,0,3,7.4,11.5,0.0,1.9,0.0,0.02,0.02,1.13,1,49
2025-26,38,379,294,Séamus Coleman,DEF,Everton,9,18,0,2026-05-24T15:00:00Z,6,1,0,0,0,0,0,6,7.0,18.7,0.0,2.6,0.0,0.16,0.16,0.0,0,42
2025-26,38,379,295,Michael Keane,DEF,Everton,9,18,0,2026-05-24T15:00:00Z,90,4,0,0,0,1,0,6,17.8,4.1,21.0,4.3,0.09,0.25,0.34,1.15,1,45
2025-26,38,379,296,Nathan Patterson,DEF,Everton,9,18,0,2026-05-24T15:00:00Z,0,0,0,0,0,0,0,0,0.0,0.0,0.0,0.0,0.0,0.0,0.0,0.0,0,44
2025-26,38,379,297,Roman Dixon,DEF,Everton,9,18,0,2026-05-24T15:00:00Z,0,0,0,0,0,0,0,0,0.0,0.0,0.0,0.0,0.0,0.0,0.0,0.0,0,38
2025-26,38,379,298,Reece Welch,DEF,Everton,9,18,0,2026-05-24T15:00:00Z,0,0,0,0,0,0,0,0,0.0,0.0,0.0,0.0,0.0,0.0,0.0,0.0,0,38
2025-26,38,379,299,Iliman Ndiaye,MID,Everton,9,18,0,2026-05-24T15:00:00Z,90,2,0,0,0,1,0,12,11.8,14.3,5.0,3.1,0.05,0.02,0.07,1.15,1,63
2025-26,38,379,300,Dwight McNeil,MID,Everton,9,18,0,2026-05-24T15:00:00Z,0,0,0,0,0,0,0,0,0.0,0.0,0.0,0.0,0.0,0.0,0.0,0.0,0,55
2025-26,38,379,301,Carlos Alcaraz Durán,MID,Everton,9,18,0,2026-05-24T15:00:00Z,6,1,0,0,0,0,0,7,4.6,15.8,4.0,2.4,0.09,0.09,0.18,0.0,0,52
2025-26,38,379,302,Idrissa Gana Gueye,MID,Everton,9,18,0,2026-05-24T15:00:00Z,0,0,0,0,0,0,0,0,0.0,0.0,0.0,0.0,0.0,0.0,0.0,0.0,0,54
2025-26,38,379,303,James Garner,MID,Everton,9,18,0,2026-05-24T15:00:00Z,90,4,0,0,0,1,0,27,27.2,56.4,3.0,8.7,0.05,0.26,0.31,1.15,1,52
2025-26,38,379,304,Tim Iroegbunam,MID,Everton,9,18,0,2026-05-24T15:00:00Z,83,4,0,0,0,1,0,6,21.6,1.6,0.0,2.3,0.0,0.01,0.01,1.15,1,48
2025-26,38,379,305,Harrison Armstrong,MID,Everton,9,18,0,2026-05-24T15:00:00Z,28,1,0,0,0,0,0,3,1.4,3.1,0.0,0.5,0.0,0.01,0.01,0.02,0,45
2025-26,38,379,306,Callum Bates,MID,Everton,9,18,0,2026-05-24T15:00:00Z,0,0,0,0,0,0,0,0,0.0,0.0,0.0,0.0,0.0,0.0,0.0,0.0,0,43
2025-26,38,379,307,Coby Ebere,MID,Everton,9,18,0,2026-05-24T15:00:00Z,0,0,0,0,0,0,0,0,0.0,0.0,0.0,0.0,0.0,0.0,0.0,0.0,0,44
2025-26,38,379,308,Isaac Heath,MID,Everton,9,18,0,2026-05-24T15:00:00Z,0,0,0,0,0,0,0,0,0.0,0.0,0.0,0.0,0.0,0.0,0.0,0.0,0,45
2025-26,38,379,309,Jenson Metcalfe,MID,Everton,9,18,0,2026-05-24T15:00:00Z,0,0,0,0,0,0,0,0,0.0,0.0,0.0,0.0,0.0,0.0,0.0,0.0,0,45
2025-26,38,379,310,Thierno Barry,FWD,Everton,9,18,0,2026-05-24T15:00:00Z,83,2,0,0,0,1,0,0,0.2,1.4,6.0,0.8,0.03,0.0,0.03,1.15,1,57
2025-26,38,379,311,Norberto Bercique Gomes Betuncal,FWD,Everton,9,18,0,2026-05-24T15:00:00Z,6,1,0,0,0,0,0,3,0.0,0.1,0.0,0.0,0.0,0.0,0.0,0.0,0,51
2025-26,38,379,312,Youssef Ramalho Chermiti,FWD,Everton,9,18,0,2026-05-24T15:00:00Z,0,0,0,0,0,0,0,0,0.0,0.0,0.0,0.0,0.0,0.0,0.0,0.0,0,49
2025-26,38,379,313,Martin Sherif,FWD,Everton,9,18,0,2026-05-24T15:00:00Z,0,0,0,0,0,0,0,0,0.0,0.0,0.0,0.0,0.0,0.0,0.0,0.0,0,44
2025-26,38,374,314,Bernd Leno,GK,Fulham,10,15,1,2026-05-24T15:00:00Z,90,6,0,0,1,0,0,28,16.8,0.0,0.0,1.7,0.0,0.01,0.01,0.31,1,50
2025-26,38,374,315,Steven Benda,GK,Fulham,10,15,1,2026-05-24T15:00:00Z,0,0,0,0,0,0,0,0,0.0,0.0,0.0,0.0,0.0,0.0,0.0,0.0,0,40
2025-26,38,374,316,Antonee Robinson,DEF,Fulham,10,15,1,2026-05-24T15:00:00Z,90,6,0,0,1,0,1,29,15.2,13.8,4.0,3.3,0.02,0.1,0.12,0.31,1,49
2025-26,38,374,317,Joachim Andersen,DEF,Fulham,10,15,1,2026-05-24T15:00:00Z,0,0,0,0,0,0,0,0,0.0,0.0,0.0,0.0,0.0,0.0,0.0,0.0,0,44
2025-26,38,374,318,Calvin Bassey,DEF,Fulham,10,15,1,2026-05-24T15:00:00Z,90,6,0,0,1,0,0,27,13.2,10.9,0.0,2.4,0.0,0.0,0.0,0.31,1,44
2025-26,38,374,319,Timothy Castagne,DEF,Fulham,10,15,1,2026-05-24T15:00:00Z,90,8,0,0,1,0,2,31,12.8,13.9,9.0,3.6,0.09,0.15,0.24,0.31,1,43
2025-26,38,374,320,Issa Diop,DEF,Fulham,10,15,1,2026-05-24T15:00:00Z,85,15,1,0,1,0,3,41,46.6,0.7,17.0,6.4,0.78,0.0,0.78,0.2,1,43
2025-26,38,374,321,Jorge Cuenca Barreno,DEF,Fulham,10,15,1,2026-05-24T15:00:00Z,4,0,0,0,0,0,0,0,5.0,0.1,0.0,0.5,0.0,0.0,0.0,0.11,0,43
2025-26,38,374,322,Kenny Tete,DEF,Fulham,10,15,1,2026-05-24T15:00:00Z,0,0,0,0,0,0,0,0,0.0,0.0,0.0,0.0,0.0,0.0,0.0,0.0,0,45
2025-26,38,374,323,Samuel Amissah,DEF,Fulham,10,15,1,2026-05-24T15:00:00Z,0,0,0,0,0,0,0,0,0.0,0.0,0.0,0.0,0.0,0.0,0.0,0.0,0,38
2025-26,38,374,324,Alex Iwobi,MID,Fulham,10,15,1,2026-05-24T15:00:00Z,90,3,0,0,1,0,0,15,13.2,43.0,38.0,9.4,0.26,0.17,0.43,0.31,1,61
2025-26,38,374,325,Emile Smith Rowe,MID,Fulham,10,15,1,2026-05-24T15:00:00Z,71,3,0,0,1,0,0,11,7.4,5.4,7.0,2.0,0.06,0.0,0.06,0.17,1,56
2025-26,38,380,326,Adama Traoré Diarra,MID,West Ham,19,11,1,2026-05-24T15:00:00Z,0,0,0,0,0,0,0,0,0.0,0.0,0.0,0.0,0.0,0.0,0.0,0.0,0,51
2025-26,38,374,327,Andreas Hoelgebaum Pereira,MID,Fulham,10,15,1,2026-05-24T15:00:00Z,0,0,0,0,0,0,0,0,0.0,0.0,0.0,0.0,0.0,0.0,0.0,0.0,0,53
2025-26,38,374,328,Ryan Sessegnon,MID,Fulham,10,15,1,2026-05-24T15:00:00Z,0,0,0,0,0,0,0,0,0.0,0.0,0.0,0.0,0.0,0.0,0.0,0.0,0,54
2025-26,38,374,329,Harry Wilson,MID,Fulham,10,15,1,2026-05-24T15:00:00Z,18,4,0,1,0,0,0,14,17.0,11.3,8.0,3.6,0.1,0.0,0.1,0.14,0,58
2025-26,38,374,330,Sander Berge,MID,Fulham,10,15,1,2026-05-24T15:00:00Z,90,3,0,0,1,0,0,16,15.0,34.8,4.0,5.4,0.0,0.03,0.03,0.31,1,49
2025-26,38,374,331,Tom Cairney,MID,Fulham,10,15,1,2026-05-24T15:00:00Z,30,6,1,0,0,0,0,27,38.6,28.7,9.0,7.6,0.2,0.11,0.31,0.18,0,48
2025-26,38,374,332,Saša Lukić,MID,Fulham,10,15,1,2026-05-24T15:00:00Z,0,0,0,0,0,0,0,0,0.0,0.0,0.0,0.0,0.0,0.0,0.0,0.0,0,49
2025-26,38,374,333,Martial Godo,MID,Fulham,10,15,1,2026-05-24T15:00:00Z,0,0,0,0,0,0,0,0,0.0,0.0,0.0,0.0,0.0,0.0,0.0,0.0,0,45
2025-26,38,374,334,Luke Harris,MID,Fulham,10,15,1,2026-05-24T15:00:00Z,0,0,0,0,0,0,0,0,0.0,0.0,0.0,0.0,0.0,0.0,0.0,0.0,0,45
2025-26,38,374,335,Josh King,MID,Fulham,10,15,1,2026-05-24T15:00:00Z,18,1,0,0,0,0,0,7,6.4,11.8,21.0,3.9,0.09,0.01,0.1,0.14,0,44
2025-26,38,374,336,Harrison Reed,MID,Fulham,10,15,1,2026-05-24T15:00:00Z,0,0,0,0,0,0,0,0,0.0,0.0,0.0,0.0,0.0,0.0,0.0,0.0,0,43
2025-26,38,374,337,Raúl Jiménez Rodríguez,FWD,Fulham,10,15,1,2026-05-24T15:00:00Z,18,1,0,0,0,0,0,2,0.0,0.1,1.0,0.0,0.03,0.0,0.03,0.14,0,59
2025-26,38,374,338,Rodrigo Muniz Carvalho,FWD,Fulham,10,15,1,2026-05-24T15:00:00Z,71,2,0,0,1,0,0,5,0.2,0.5,31.0,3.2,0.16,0.01,0.17,0.17,1,53
2025-26,38,380,339,Illan Meslier,GK,Leeds,11,19,0,2026-05-24T15:00:00Z,0,0,0,0,0,0,0,0,0.0,0.0,0.0,0.0,0.0,0.0,0.0,0.0,0,41
2025-26,38,380,340,Alex Cairns,GK,Leeds,11,19,0,2026-05-24T15:00:00Z,0,0,0,0,0,0,0,0,0.0,0.0,0.0,0.0,0.0,0.0,0.0,0.0,0,39
2025-26,38,380,341,Karl Darlow,GK,Leeds,11,19,0,2026-05-24T15:00:00Z,90,2,0,0,0,3,0,11,40.2,0.0,0.0,4.0,0.0,0.0,0.0,2.61,1,40
2025-26,38,380,342,Jayden Bogle,DEF,Leeds,11,19,0,2026-05-24T15:00:00Z,77,2,0,0,0,1,0,12,13.4,18.7,6.0,3.8,0.03,0.22,0.25,1.97,1,44
2025-26,38,380,343,Pascal Struijk,DEF,Leeds,11,19,0,2026-05-24T15:00:00Z,90,1,0,0,0,3,0,0,12.0,1.3,0.0,1.3,0.0,0.01,0.01,2.61,1,42
2025-26,38,380,344,Jaka Bijol,DEF,Leeds,11,19,0,2026-05-24T15:00:00Z,69,1,0,0,0,1,0,6,17.8,0.7,4.0,2.3,0.0,0.01,0.01,1.97,1,39
2025-26,38,380,345,Sebastiaan Bornauw,DEF,Leeds,11,19,0,2026-05-24T15:00:00Z,1,1,0,0,0,1,0,-2,0.0,0.0,7.0,0.5,0.2,0.0,0.2,0.54,0,38
2025-26,38,380,346,Sam Byram,DEF,Leeds,11,19,0,2026-05-24T15:00:00Z,0,0,0,0,0,0,0,0,0.0,0.0,0.0,0.0,0.0,0.0,0.0,0.0,0,37
2025-26,38,380,347,Gabriel Gudmundsson,DEF,Leeds,11,19,0,2026-05-24T15:00:00Z,0,0,0,0,0,0,0,0,0.0,0.0,0.0,0.0,0.0,0.0,0.0,0.0,0,38
2025-26,38,380,348,Joe Rodon,DEF,Leeds,11,19,0,2026-05-24T15:00:00Z,90,1,0,0,0,3,0,4,18.4,10.3,0.0,2.9,0.0,0.0,0.0,2.61,1,39
2025-26,38,380,349,Isaac Schmidt,DEF,Leeds,11,19,0,2026-05-24T15:00:00Z,0,0,0,0,0,0,0,0,0.0,0.0,0.0,0.0,0.0,0.0,0.0,0.0,0,40
2025-26,38,380,350,Brenden Aaronson,MID,Leeds,11,19,0,2026-05-24T15:00:00Z,90,1,0,0,0,2,0,4,9.0,16.8,21.0,4.7,0.28,0.29,0.57,2.07,1,54
2025-26,38,380,351,Wilfried Gnonto,MID,Leeds,11,19,0,2026-05-24T15:00:00Z,21,1,0,0,0,2,0,3,0.8,1.3,4.0,0.6,0.0,0.01,0.01,0.65,0,51
2025-26,38,380,352,Jack Harrison,MID,Leeds,11,19,0,2026-05-24T15:00:00Z,0,0,0,0,0,0,0,0,0.0,0.0,0.0,0.0,0.0,0.0,0.0,0.0,0,51
2025-26,38,380,353,Daniel James,MID,Leeds,11,19,0,2026-05-24T15:00:00Z,20,1,0,0,0,2,0,4,5.2,4.3,0.0,1.0,0.0,0.02,0.02,0.65,0,52
2025-26,38,380,354,Ethan Ampadu,MID,Leeds,11,19,0,2026-05-24T15:00:00Z,90,3,0,0,0,3,0,14,18.0,17.3,2.0,3.7,0.0,0.03,0.03,2.61,1,49
2025-26,38,380,355,Sam Greenwood,MID,Leeds,11,19,0,2026-05-24T15:00:00Z,0,0,0,0,0,0,0,0,0.0,0.0,0.0,0.0,0.0,0.0,0.0,0.0,0,49
2025-26,38,380,356,Ilia Gruev,MID,Leeds,11,19,0,2026-05-24T15:00:00Z,0,0,0,0,0,0,0,0,0.0,0.0,0.0,0.0,0.0,0.0,0.0,0.0,0,47
2025-26,38,380,357,Largie Ramazani,MID,Leeds,11,19,0,2026-05-24T15:00:00Z,0,0,0,0,0,0,0,0,0.0,0.0,0.0,0.0,0.0,0.0,0.0,0.0,0,49
2025-26,38,380,358,Tanaka Ao,MID,Leeds,11,19,0,2026-05-24T15:00:00Z,77,4,0,0,0,1,0,14,11.4,6.3,0.0,1.8,0.0,0.01,0.01,1.97,1,48
2025-26,38,380,359,Charlie Crew,MID,Leeds,11,19,0,2026-05-24T15:00:00Z,0,0,0,0,0,0,0,0,0.0,0.0,0.0,0.0,0.0,0.0,0.0,0.0,0,45
2025-26,38,380,360,Joe Gelhardt,MID,Leeds,11,19,0,2026-05-24T15:00:00Z,0,0,0,0,0,0,0,0,0.0,0.0,0.0,0.0,0.0,0.0,0.0,0.0,0,45
2025-26,38,380,361,Darko Gyabi,MID,Leeds,11,19,0,2026-05-24T15:00:00Z,0,0,0,0,0,0,0,0,0.0,0.0,0.0,0.0,0.0,0.0,0.0,0.0,0,45
2025-26,38,380,362,Joël Piroe,FWD,Leeds,11,19,0,2026-05-24T15:00:00Z,12,1,0,0,0,2,0,4,3.0,0.1,23.0,2.6,0.05,0.0,0.05,0.65,0,49
2025-26,38,380,363,Patrick Bamford,FWD,Leeds,11,19,0,2026-05-24T15:00:00Z,0,0,0,0,0,0,0,0,0.0,0.0,0.0,0.0,0.0,0.0,0.0,0.0,0,49
2025-26,38,380,364,Mateo Joseph Fernández-Regatillo,FWD,Leeds,11,19,0,2026-05-24T15:00:00Z,0,0,0,0,0,0,0,0,0.0,0.0,0.0,0.0,0.0,0.0,0.0,0.0,0,50
2025-26,38,380,365,Lukas Nmecha,FWD,Leeds,11,19,0,2026-05-24T15:00:00Z,90,2,0,0,0,3,0,9,7.2,25.3,19.0,5.2,0.4,0.55,0.95,2.61,1,50
2025-26,38,375,366,Alisson Becker,GK,Liverpool,12,5,1,2026-05-24T15:00:00Z,90,2,0,0,0,1,0,7,11.4,0.0,0.0,1.1,0.0,0.0,0.0,1.56,1,54
2025-26,38,375,367,Giorgi Mamardashvili,GK,Liverpool,12,5,1,2026-05-24T15:00:00Z,0,0,0,0,0,0,0,0,0.0,0.0,0.0,0.0,0.0,0.0,0.0,0.0,0,41
2025-26,38,375,368,Ármin Pécsi,GK,Liverpool,12,5,1,2026-05-24T15:00:00Z,0,0,0,0,0,0,0,0,0.0,0.0,0.0,0.0,0.0,0.0,0.0,0.0,0,38
2025-26,38,375,369,Freddie Woodman,GK,Liverpool,12,5,1,2026-05-24T15:00:00Z,0,0,0,0,0,0,0,0,0.0,0.0,0.0,0.0,0.0,0.0,0.0,0.0,0,39
2025-26,38,375,370,Jeremie Frimpong,DEF,Liverpool,12,5,1,2026-05-24T15:00:00Z,16,1,0,0,0,0,0,7,4.8,16.2,4.0,2.5,0.0,0.09,0.09,0.49,0,57
2025-26,38,375,371,Milos Kerkez,DEF,Liverpool,12,5,1,2026-05-24T15:00:00Z,7,1,0,0,0,0,0,4,3.4,0.4,2.0,0.6,0.03,0.0,0.03,0.44,0,56
2025-26,38,375,372,Andrew Robertson,DEF,Liverpool,12,5,1,2026-05-24T15:00:00Z,82,2,0,0,0,1,0,12,17.2,31.6,2.0,5.1,0.03,0.24,0.27,1.13,1,57
2025-26,38,375,373,Virgil van Dijk,DEF,Liverpool,12,5,1,2026-05-24T15:00:00Z,90,2,0,0,0,1,0,11,22.2,11.6,1.0,3.5,0.07,0.17,0.24,1.56,1,61
2025-26,38,375,374,Ibrahima Konaté,DEF,Liverpool,12,5,1,2026-05-24T15:00:00Z,88,1,0,0,0,1,0,10,13.8,12.5,21.0,4.7,0.14,0.02,0.16,1.13,1,54
2025-26,38,375,375,Conor Bradley,DEF,Liverpool,12,5,1,2026-05-24T15:00:00Z,0,0,0,0,0,0,0,0,0.0,0.0,0.0,0.0,0.0,0.0,0.0,0.0,0,49
2025-26,38,375,376,Joe Gomez,DEF,Liverpool,12,5,1,2026-05-24T15:00:00Z,1,1,0,0,0,0,0,3,0.0,0.0,0.0,0.0,0.0,0.0,0.0,0.44,0,49
2025-26,38,375,377,Konstantinos Tsimikas,DEF,Liverpool,12,5,1,2026-05-24T15:00:00Z,0,0,0,0,0,0,0,0,0.0,0.0,0.0,0.0,0.0,0.0,0.0,0.0,0,48
2025-26,38,375,378,Amara Nallo,DEF,Liverpool,12,5,1,2026-05-24T15:00:00Z,0,0,0,0,0,0,0,0,0.0,0.0,0.0,0.0,0.0,0.0,0.0,0.0,0,37
2025-26,38,375,379,Rhys Williams,DEF,Liverpool,12,5,1,2026-05-24T15:00:00Z,0,0,0,0,0,0,0,0,0.0,0.0,0.0,0.0,0.0,0.0,0.0,0.0,0,37
2025-26,38,375,380,Calvin Ramsay,DEF,Liverpool,12,5,1,2026-05-24T15:00:00Z,0,0,0,0,0,0,0,0,0.0,0.0,0.0,0.0,0.0,0.0,0.0,0.0,0,37
2025-26,38,375,381,Mohamed Salah,MID,Liverpool,12,5,1,2026-05-24T15:00:00Z,73,6,0,1,0,1,1,25,26.4,20.3,64.0,11.1,0.25,0.44,0.69,1.07,1,140
2025-26,38,375,382,Florian Wirtz,MID,Liverpool,12,5,1,2026-05-24T15:00:00Z,17,1,0,0,0,0,0,3,5.6,2.0,23.0,3.1,0.69,0.03,0.72,0.49,0,83
2025-26,38,375,383,Luis Díaz Marulanda,MID,Liverpool,12,5,1,2026-05-24T15:00:00Z,0,0,0,0,0,0,0,0,0.0,0.0,0.0,0.0,0.0,0.0,0.0,0.0,0,80
2025-26,38,375,384,Cody Gakpo,MID,Liverpool,12,5,1,2026-05-24T15:00:00Z,90,2,0,0,0,1,0,4,8.0,32.8,16.0,5.7,0.21,0.05,0.26,1.56,1,73
2025-26,38,375,385,Federico Chiesa,MID,Liverpool,12,5,1,2026-05-24T15:00:00Z,0,0,0,0,0,0,0,0,0.0,0.0,0.0,0.0,0.0,0.0,0.0,0.0,0,63
2025-26,38,375,386,Alexis Mac Allister,MID,Liverpool,12,5,1,2026-05-24T15:00:00Z,90,1,0,0,0,1,0,11,15.0,34.8,33.0,8.3,0.34,0.09,0.43,1.56,1,61
2025-26,38,375,387,Dominik Szoboszlai,MID,Liverpool,12,5,1,2026-05-24T15:00:00Z,90,2,0,0,0,1,0,20,22.0,55.7,23.0,10.1,0.42,0.35,0.77,1.56,1,71
2025-26,38,375,388,Curtis Jones,MID,Liverpool,12,5,1,2026-05-24T15:00:00Z,90,10,1,0,0,1,3,37,56.4,16.7,21.0,9.4,0.63,0.07,0.7,1.56,1,54
2025-26,38,376,389,Harvey Elliott,MID,Aston Villa,2,13,0,2026-05-24T15:00:00Z,0,0,0,0,0,0,0,0,0.0,0.0,0.0,0.0,0.0,0.0,0.0,0.0,0,51
2025-26,38,375,390,Ryan Gravenberch,MID,Liverpool,12,5,1,2026-05-24T15:00:00Z,82,2,0,0,0,1,0,14,10.8,13.1,15.0,3.9,0.1,0.02,0.12,1.13,1,54
2025-26,38,377,391,Ben Gannon-Doak,MID,Bournemouth,4,16,0,2026-05-24T15:00:00Z,33,1,0,0,0,0,0,4,4.0,1.4,22.0,2.7,0.17,0.03,0.2,0.69,0,48
2025-26,38,375,392,Endo Wataru,MID,Liverpool,12,5,1,2026-05-24T15:00:00Z,0,0,0,0,0,0,0,0,0.0,0.0,0.0,0.0,0.0,0.0,0.0,0.0,0,49
2025-26,38,375,393,Stefan Bajčetić Maquieira,MID,Liverpool,12,5,1,2026-05-24T15:00:00Z,0,0,0,0,0,0,0,0,0.0,0.0,0.0,0.0,0.0,0.0,0.0,0.0,0,42
2025-26,38,375,394,James McConnell,MID,Liverpool,12,5,1,2026-05-24T15:00:00Z,0,0,0,0,0,0,0,0,0.0,0.0,0.0,0.0,0.0,0.0,0.0,0.0,0,44
2025-26,38,375,395,Tyler Morton,MID,Liverpool,12,5,1,2026-05-24T15:00:00Z,0,0,0,0,0,0,0,0,0.0,0.0,0.0,0.0,0.0,0.0,0.0,0.0,0,45
2025-26,38,375,396,Trey Nyoni,MID,Liverpool,12,5,1,2026-05-24T15:00:00Z,7,1,0,0,0,0,0,2,1.8,0.7,0.0,0.3,0.0,0.01,0.01,0.44,0,43
2025-26,38,375,397,Darwin Núñez Ribeiro,FWD,Liverpool,12,5,1,2026-05-24T15:00:00Z,0,0,0,0,0,0,0,0,0.0,0.0,0.0,0.0,0.0,0.0,0.0,0.0,0,65
2025-26,38,375,398,Jayden Danns,FWD,Liverpool,12,5,1,2026-05-24T15:00:00Z,0,0,0,0,0,0,0,0,0.0,0.0,0.0,0.0,0.0,0.0,0.0,0.0,0,43
2025-26,38,376,399,Ederson Santana de Moraes,GK,Man City,13,2,1,2026-05-24T15:00:00Z,0,0,0,0,0,0,0,0,0.0,0.0,0.0,0.0,0.0,0.0,0.0,0.0,0,53
2025-26,38,377,400,Stefan Ortega Moreno,GK,Nott'm Forest,16,4,1,2026-05-24T15:00:00Z,0,0,0,0,0,0,0,0,0.0,0.0,0.0,0.0,0.0,0.0,0.0,0.0,0,47
2025-26,38,376,401,Marcus Bettinelli,GK,Man City,13,2,1,2026-05-24T15:00:00Z,0,0,0,0,0,0,0,0,0.0,0.0,0.0,0.0,0.0,0.0,0.0,0.0,0,38
2025-26,38,376,402,Rayan Aït-Nouri,DEF,Man City,13,2,1,2026-05-24T15:00:00Z,13,1,0,0,0,0,0,3,5.2,0.5,2.0,0.8,0.0,0.03,0.03,0.35,0,57
2025-26,38,376,403,Joško Gvardiol,DEF,Man City,13,2,1,2026-05-24T15:00:00Z,12,1,0,0,0,0,0,3,4.0,0.5,0.0,0.5,0.0,0.0,0.0,0.35,0,58
2025-26,38,376,404,Manuel Akanji,DEF,Man City,13,2,1,2026-05-24T15:00:00Z,0,0,0,0,0,0,0,0,0.0,0.0,0.0,0.0,0.0,0.0,0.0,0.0,0,54
2025-26,38,376,405,Nathan Aké,DEF,Man City,13,2,1,2026-05-24T15:00:00Z,76,1,0,0,0,2,0,2,6.8,2.8,10.0,2.0,0.08,0.07,0.15,1.42,1,52
2025-26,38,376,406,Abdukodir Khusanov,DEF,Man City,13,2,1,2026-05-24T15:00:00Z,0,0,0,0,0,0,0,0,0.0,0.0,0.0,0.0,0.0,0.0,0.0,0.0,0,54
2025-26,38,376,407,Matheus Nunes,DEF,Man City,13,2,1,2026-05-24T15:00:00Z,0,0,0,0,0,0,0,0,0.0,0.0,0.0,0.0,0.0,0.0,0.0,0.0,0,53
2025-26,38,376,408,Rúben dos Santos Gato Alves Dias,DEF,Man City,13,2,1,2026-05-24T15:00:00Z,90,1,0,0,0,2,0,6,11.6,12.7,0.0,2.4,0.0,0.02,0.02,1.77,1,55
2025-26,38,376,409,John Stones,DEF,Man City,13,2,1,2026-05-24T15:00:00Z,77,3,0,0,0,2,0,7,19.6,3.5,2.0,2.5,0.0,0.03,0.03,1.42,1,54
2025-26,38,376,410,Rico Lewis,DEF,Man City,13,2,1,2026-05-24T15:00:00Z,90,0,0,0,0,2,0,-3,3.4,15.2,12.0,3.1,0.08,0.08,0.16,1.77,1,46
2025-26,38,376,411,Nico O'Reilly,DEF,Man City,13,2,1,2026-05-24T15:00:00Z,0,0,0,0,0,0,0,0,0.0,0.0,0.0,0.0,0.0,0.0,0.0,0.0,0,53
2025-26,38,376,412,Vitor de Oliveira Nunes dos Reis,DEF,Man City,13,2,1,2026-05-24T15:00:00Z,0,0,0,0,0,0,0,0,0.0,0.0,0.0,0.0,0.0,0.0,0.0,0.0,0,50
2025-26,38,376,413,Omar Marmoush,MID,Man City,13,2,1,2026-05-24T15:00:00Z,0,0,0,0,0,0,0,0,0.0,0.0,0.0,0.0,0.0,0.0,0.0,0.0,0,83
2025-26,38,376,414,Phil Foden,MID,Man City,13,2,1,2026-05-24T15:00:00Z,90,2,0,0,0,2,0,11,9.4,38.9,10.0,5.8,0.0,0.08,0.08,1.77,1,80
2025-26,38,376,415,Sávio Moreira de Oliveira,MID,Man City,13,2,1,2026-05-24T15:00:00Z,90,2,0,0,0,2,0,1,0.8,27.7,29.0,5.8,0.11,0.17,0.28,1.77,1,69
2025-26,38,376,416,Bernardo Mota Veiga de Carvalho e Silva,MID,Man City,13,2,1,2026-05-24T15:00:00Z,58,1,0,0,0,1,0,11,12.6,3.2,35.0,5.1,0.18,0.04,0.22,0.45,1,62
2025-26,38,376,417,Rayan Cherki,MID,Man City,13,2,1,2026-05-24T15:00:00Z,32,1,0,0,0,1,0,1,0.0,9.8,7.0,1.6,0.03,0.09,0.12,1.32,0,65
2025-26,38,376,418,Jérémy Doku,MID,Man City,13,2,1,2026-05-24T15:00:00Z,13,1,0,0,0,0,0,2,0.0,3.6,12.0,1.5,0.05,0.05,0.1,0.35,0,65
2025-26,38,379,419,Jack Grealish,MID,Everton,9,18,0,2026-05-24T15:00:00Z,0,0,0,0,0,0,0,0,0.0,0.0,0.0,0.0,0.0,0.0,0.0,0.0,0,63
2025-26,38,376,420,İlkay Gündoğan,MID,Man City,13,2,1,2026-05-24T15:00:00Z,0,0,0,0,0,0,0,0,0.0,0.0,0.0,0.0,0.0,0.0,0.0,0.0,0,63
2025-26,38,376,421,Rodrigo 'Rodri' Hernandez Cascante,MID,Man City,13,2,1,2026-05-24T15:00:00Z,0,0,0,0,0,0,0,0,0.0,0.0,0.0,0.0,0.0,0.0,0.0,0.0,0,63
2025-26,38,376,422,Mateo Kovačić,MID,Man City,13,2,1,2026-05-24T15:00:00Z,31,1,0,0,0,1,0,5,5.2,12.2,2.0,1.9,0.07,0.04,0.11,1.32,0,58
2025-26,38,376,423,Nico González Iglesias,MID,Man City,13,2,1,2026-05-24T15:00:00Z,90,4,0,0,0,2,0,17,17.2,18.0,7.0,4.2,0.1,0.07,0.17,1.77,1,59
2025-26,38,374,424,Oscar Bobb,MID,Fulham,10,15,1,2026-05-24T15:00:00Z,71,3,0,0,1,0,0,8,6.2,22.8,2.0,3.1,0.0,0.19,0.19,0.17,1,51
2025-26,38,376,425,Claudio Echeverri,MID,Man City,13,2,1,2026-05-24T15:00:00Z,0,0,0,0,0,0,0,0,0.0,0.0,0.0,0.0,0.0,0.0,0.0,0.0,0,54
2025-26,38,377,426,James McAtee,MID,Nott'm Forest,16,4,1,2026-05-24T15:00:00Z,12,1,0,0,0,0,0,2,0.2,3.1,2.0,0.5,0.0,0.0,0.0,0.14,0,50
2025-26,38,376,427,Tijjani Reijnders,MID,Man City,13,2,1,2026-05-24T15:00:00Z,76,5,0,1,0,2,0,9,0.0,5.4,34.0,3.7,0.54,0.05,0.59,1.42,1,50
2025-26,38,376,428,Sverre Nypan,MID,Man City,13,2,1,2026-05-24T15:00:00Z,0,0,0,0,0,0,0,0,0.0,0.0,0.0,0.0,0.0,0.0,0.0,0.0,0,50
2025-26,38,376,429,Kalvin Phillips,MID,Man City,13,2,1,2026-05-24T15:00:00Z,0,0,0,0,0,0,0,0,0.0,0.0,0.0,0.0,0.0,0.0,0.0,0.0,0,47
2025-26,38,376,430,Erling Haaland,FWD,Man City,13,2,1,2026-05-24T15:00:00Z,0,0,0,0,0,0,0,0,0.0,0.0,0.0,0.0,0.0,0.0,0.0,0.0,0,147
2025-26,38,371,431,Altay Bayındır,GK,Man Utd,14,6,0,2026-05-24T15:00:00Z,0,0,0,0,0,0,0,0,0.0,0.0,0.0,0.0,0.0,0.0,0.0,0.0,0,47
2025-26,38,371,432,André Onana,GK,Man Utd,14,6,0,2026-05-24T15:00:00Z,0,0,0,0,0,0,0,0,0.0,0.0,0.0,0.0,0.0,0.0,0.0,0.0,0,49
2025-26,38,371,433,Elyh Harrison,GK,Man Utd,14,6,0,2026-05-24T15:00:00Z,0,0,0,0,0,0,0,0,0.0,0.0,0.0,0.0,0.0,0.0,0.0,0.0,0,40
2025-26,38,371,434,Tom Heaton,GK,Man Utd,14,6,0,2026-05-24T15:00:00Z,0,0,0,0,0,0,0,0,0.0,0.0,0.0,0.0,0.0,0.0,0.0,0.0,0,38
2025-26,38,371,435,Dermot Mee,GK,Man Utd,14,6,0,2026-05-24T15:00:00Z,0,0,0,0,0,0,0,0,0.0,0.0,0.0,0.0,0.0,0.0,0.0,0.0,0,39
2025-26,38,371,436,Matthijs de Ligt,DEF,Man Utd,14,6,0,2026-05-24T15:00:00Z,0,0,0,0,0,0,0,0,0.0,0.0,0.0,0.0,0.0,0.0,0.0,0.0,0,49
2025-26,38,371,437,Lisandro Martínez,DEF,Man Utd,14,6,0,2026-05-24T15:00:00Z,90,6,0,0,1,0,0,26,12.2,1.3,0.0,1.4,0.0,0.01,0.01,0.79,1,48
2025-26,38,371,438,Noussair Mazraoui,DEF,Man Utd,14,6,0,2026-05-24T15:00:00Z,73,6,0,0,1,0,0,26,13.2,13.3,2.0,2.9,0.0,0.02,0.02,0.48,1,49
2025-26,38,371,439,Diego León Blanco,DEF,Man Utd,14,6,0,2026-05-24T15:00:00Z,0,0,0,0,0,0,0,0,0.0,0.0,0.0,0.0,0.0,0.0,0.0,0.0,0,41
2025-26,38,371,440,Diogo Dalot Teixeira,DEF,Man Utd,14,6,0,2026-05-24T15:00:00Z,0,0,0,0,0,0,0,0,0.0,0.0,0.0,0.0,0.0,0.0,0.0,0.0,0,45
2025-26,38,371,441,Patrick Dorgu,DEF,Man Utd,14,6,0,2026-05-24T15:00:00Z,61,18,1,1,1,0,3,50,59.8,22.2,55.0,13.7,0.35,0.06,0.41,0.38,1,41
2025-26,38,371,442,Harry Maguire,DEF,Man Utd,14,6,0,2026-05-24T15:00:00Z,90,6,0,0,1,0,0,26,20.4,11.0,4.0,3.5,0.0,0.09,0.09,0.79,1,44
2025-26,38,371,443,Luke Shaw,DEF,Man Utd,14,6,0,2026-05-24T15:00:00Z,81,6,0,0,1,0,0,23,9.4,1.8,1.0,1.2,0.03,0.0,0.03,0.56,1,45
2025-26,38,371,444,Leny Yoro,DEF,Man Utd,14,6,0,2026-05-24T15:00:00Z,16,1,0,0,0,0,0,5,8.0,0.3,0.0,0.8,0.0,0.0,0.0,0.31,0,41
2025-26,38,371,445,Harry Amass,DEF,Man Utd,14,6,0,2026-05-24T15:00:00Z,0,0,0,0,0,0,0,0,0.0,0.0,0.0,0.0,0.0,0.0,0.0,0.0,0,40
2025-26,38,371,446,Tyler Fredricson,DEF,Man Utd,14,6,0,2026-05-24T15:00:00Z,0,0,0,0,0,0,0,0,0.0,0.0,0.0,0.0,0.0,0.0,0.0,0.0,0,37
2025-26,38,371,447,Ayden Heaven,DEF,Man Utd,14,6,0,2026-05-24T15:00:00Z,0,0,0,0,0,0,0,0,0.0,0.0,0.0,0.0,0.0,0.0,0.0,0.0,0,37
2025-26,38,371,448,Tyrell Malacia,DEF,Man Utd,14,6,0,2026-05-24T15:00:00Z,8,1,0,0,0,0,0,4,4.0,1.0,0.0,0.5,0.0,0.0,0.0,0.23,0,37
2025-26,38,371,449,Bruno Borges Fernandes,MID,Man Utd,14,6,0,2026-05-24T15:00:00Z,90,14,1,1,1,0,3,50,65.0,48.5,19.0,13.3,0.07,0.15,0.22,0.79,1,104
2025-26,38,371,450,Matheus Santos Carneiro da Cunha,MID,Man Utd,14,6,0,2026-05-24T15:00:00Z,0,0,0,0,0,0,0,0,0.0,0.0,0.0,0.0,0.0,0.0,0.0,0.0,0,81
2025-26,38,371,451,Marcus Rashford,MID,Man Utd,14,6,0,2026-05-24T15:00:00Z,0,0,0,0,0,0,0,0,0.0,0.0,0.0,0.0,0.0,0.0,0.0,0.0,0,70
2025-26,38,371,452,Amad Diallo,MID,Man Utd,14,6,0,2026-05-24T15:00:00Z,90,7,0,1,1,0,1,30,28.8,17.7,38.0,8.5,0.16,0.79,0.95,0.79,1,62
2025-26,38,378,453,Alejandro Garnacho Ferreyra,MID,Chelsea,7,17,0,2026-05-24T15:00:00Z,0,0,0,0,0,0,0,0,0.0,0.0,0.0,0.0,0.0,0.0,0.0,0.0,0,64
2025-26,38,371,454,Antony dos Santos,MID,Man Utd,14,6,0,2026-05-24T15:00:00Z,0,0,0,0,0,0,0,0,0.0,0.0,0.0,0.0,0.0,0.0,0.0,0.0,0,59
2025-26,38,371,455,Mason Mount,MID,Man Utd,14,6,0,2026-05-24T15:00:00Z,73,5,0,0,1,0,0,19,11.8,4.6,4.0,2.0,0.0,0.13,0.13,0.48,1,59
2025-26,38,376,456,Jadon Sancho,MID,Aston Villa,2,13,0,2026-05-24T15:00:00Z,0,0,0,0,0,0,0,0,0.0,0.0,0.0,0.0,0.0,0.0,0.0,0.0,0,58
2025-26,38,371,457,Carlos Henrique Casimiro,MID,Man Utd,14,6,0,2026-05-24T15:00:00Z,0,0,0,0,0,0,0,0,0.0,0.0,0.0,0.0,0.0,0.0,0.0,0.0,0,58
2025-26,38,371,458,Kobbie Mainoo,MID,Man Utd,14,6,0,2026-05-24T15:00:00Z,90,2,0,0,1,0,0,11,13.4,13.8,16.0,4.3,0.1,0.03,0.13,0.79,1,47
2025-26,38,371,459,Manuel Ugarte Ribeiro,MID,Man Utd,14,6,0,2026-05-24T15:00:00Z,0,0,0,0,0,0,0,0,0.0,0.0,0.0,0.0,0.0,0.0,0.0,0.0,0,47
2025-26,38,371,460,Toby Collyer,MID,Man Utd,14,6,0,2026-05-24T15:00:00Z,0,0,0,0,0,0,0,0,0.0,0.0,0.0,0.0,0.0,0.0,0.0,0.0,0,45
2025-26,38,371,461,Jayce Fitzgerald,MID,Man Utd,14,6,0,2026-05-24T15:00:00Z,0,0,0,0,0,0,0,0,0.0,0.0,0.0,0.0,0.0,0.0,0.0,0.0,0,43
2025-26,38,371,462,Jack Fletcher,MID,Man Utd,14,6,0,2026-05-24T15:00:00Z,0,0,0,0,0,0,0,0,0.0,0.0,0.0,0.0,0.0,0.0,0.0,0.0,0,43
2025-26,38,371,463,Sékou Koné,MID,Man Utd,14,6,0,2026-05-24T15:00:00Z,0,0,0,0,0,0,0,0,0.0,0.0,0.0,0.0,0.0,0.0,0.0,0.0,0,43
2025-26,38,371,464,Jack Moorhouse,MID,Man Utd,14,6,0,2026-05-24T15:00:00Z,0,0,0,0,0,0,0,0,0.0,0.0,0.0,0.0,0.0,0.0,0.0,0.0,0,45
2025-26,38,371,465,Rasmus Højlund,FWD,Man Utd,14,6,0,2026-05-24T15:00:00Z,0,0,0,0,0,0,0,0,0.0,0.0,0.0,0.0,0.0,0.0,0.0,0.0,0,63
2025-26,38,371,466,Joshua Zirkzee,FWD,Man Utd,14,6,0,2026-05-24T15:00:00Z,16,1,0,0,0,0,0,2,0.0,1.8,0.0,0.2,0.0,0.0,0.0,0.31,0,58
2025-26,38,371,467,Chido Obi,FWD,Man Utd,14,6,0,2026-05-24T15:00:00Z,0,0,0,0,0,0,0,0,0.0,0.0,0.0,0.0,0.0,0.0,0.0,0.0,0,42
2025-26,38,371,468,Ethan Wheatley,FWD,Man Utd,14,6,0,2026-05-24T15:00:00Z,0,0,0,0,0,0,0,0,0.0,0.0,0.0,0.0,0.0,0.0,0.0,0.0,0,45
2025-26,38,374,469,Nick Pope,GK,Newcastle,15,10,0,2026-05-24T15:00:00Z,90,2,0,0,0,2,0,12,27.2,0.0,0.0,2.7,0.0,0.0,0.0,1.81,1,50
2025-26,38,372,470,Martin Dúbravka,GK,Burnley,3,20,1,2026-05-24T15:00:00Z,0,0,0,0,0,0,0,0,0.0,0.0,0.0,0.0,0.0,0.0,0.0,0.0,0,40
2025-26,38,374,471,Mark Gillespie,GK,Newcastle,15,10,0,2026-05-24T15:00:00Z,0,0,0,0,0,0,0,0,0.0,0.0,0.0,0.0,0.0,0.0,0.0,0.0,0,39
2025-26,38,374,472,Odysseas Vlachodimos,GK,Newcastle,15,10,0,2026-05-24T15:00:00Z,0,0,0,0,0,0,0,0,0.0,0.0,0.0,0.0,0.0,0.0,0.0,0.0,0,40
2025-26,38,374,473,Lewis Hall,DEF,Newcastle,15,10,0,2026-05-24T15:00:00Z,90,1,0,0,0,2,0,6,10.6,27.5,5.0,4.3,0.02,0.1,0.12,1.81,1,53
2025-26,38,374,474,Fabian Schär,DEF,Newcastle,15,10,0,2026-05-24T15:00:00Z,0,0,0,0,0,0,0,0,0.0,0.0,0.0,0.0,0.0,0.0,0.0,0.0,0,52
2025-26,38,374,475,Sven Botman,DEF,Newcastle,15,10,0,2026-05-24T15:00:00Z,90,3,0,0,0,2,0,9,35.8,0.7,0.0,3.7,0.0,0.0,0.0,1.81,1,49
2025-26,38,374,476,Dan Burn,DEF,Newcastle,15,10,0,2026-05-24T15:00:00Z,83,1,0,0,0,2,0,7,13.2,0.8,0.0,1.4,0.0,0.0,0.0,1.58,1,50
2025-26,38,374,477,Tino Livramento,DEF,Newcastle,15,10,0,2026-05-24T15:00:00Z,0,0,0,0,0,0,0,0,0.0,0.0,0.0,0.0,0.0,0.0,0.0,0.0,0,49
2025-26,38,374,478,Kieran Trippier,DEF,Newcastle,15,10,0,2026-05-24T15:00:00Z,0,0,0,0,0,0,0,0,0.0,0.0,0.0,0.0,0.0,0.0,0.0,0.0,0,49
2025-26,38,374,479,Emil Krafth,DEF,Newcastle,15,10,0,2026-05-24T15:00:00Z,0,0,0,0,0,0,0,0,0.0,0.0,0.0,0.0,0.0,0.0,0.0,0.0,0,43
2025-26,38,374,480,Jamaal Lascelles,DEF,Newcastle,15,10,0,2026-05-24T15:00:00Z,0,0,0,0,0,0,0,0,0.0,0.0,0.0,0.0,0.0,0.0,0.0,0.0,0,43
2025-26,38,374,481,Alex Murphy,DEF,Newcastle,15,10,0,2026-05-24T15:00:00Z,6,1,0,0,0,0,0,4,8.0,0.6,2.0,1.1,0.0,0.0,0.0,0.22,0,38
2025-26,38,374,482,Harrison Ashby,DEF,Newcastle,15,10,0,2026-05-24T15:00:00Z,0,0,0,0,0,0,0,0,0.0,0.0,0.0,0.0,0.0,0.0,0.0,0.0,0,39
2025-26,38,374,483,Miodrag Pivaš,DEF,Newcastle,15,10,0,2026-05-24T15:00:00Z,0,0,0,0,0,0,0,0,0.0,0.0,0.0,0.0,0.0,0.0,0.0,0.0,0,38
2025-26,38,374,484,Matt Targett,DEF,Newcastle,15,10,0,2026-05-24T15:00:00Z,0,0,0,0,0,0,0,0,0.0,0.0,0.0,0.0,0.0,0.0,0.0,0.0,0,40
2025-26,38,374,485,Anthony Gordon,MID,Newcastle,15,10,0,2026-05-24T15:00:00Z,0,0,0,0,0,0,0,0,0.0,0.0,0.0,0.0,0.0,0.0,0.0,0.0,0,72
2025-26,38,374,486,Anthony Elanga,MID,Newcastle,15,10,0,2026-05-24T15:00:00Z,24,1,0,0,0,1,0,5,0.8,0.5,2.0,0.3,0.0,0.03,0.03,0.59,0,65
2025-26,38,374,487,Harvey Barnes,MID,Newcastle,15,10,0,2026-05-24T15:00:00Z,45,1,0,0,0,1,0,2,1.2,13.6,15.0,3.0,0.08,0.03,0.11,0.69,0,61
2025-26,38,374,488,Bruno Guimarães Rodriguez Moura,MID,Newcastle,15,10,0,2026-05-24T15:00:00Z,65,1,0,0,0,1,0,8,2.4,3.9,9.0,1.5,0.02,0.05,0.07,1.22,1,69
2025-26,38,374,489,Jacob Murphy,MID,Newcastle,15,10,0,2026-05-24T15:00:00Z,45,1,0,0,0,1,0,4,1.0,2.1,2.0,0.5,0.0,0.03,0.03,1.12,1,59
2025-26,38,374,490,Joelinton Cássio Apolinário de Lira,MID,Newcastle,15,10,0,2026-05-24T15:00:00Z,0,0,0,0,0,0,0,0,0.0,0.0,0.0,0.0,0.0,0.0,0.0,0.0,0,59
2025-26,38,374,491,Sandro Tonali,MID,Newcastle,15,10,0,2026-05-24T15:00:00Z,0,0,0,0,0,0,0,0,0.0,0.0,0.0,0.0,0.0,0.0,0.0,0.0,0,53
2025-26,38,374,492,Antoñito Cordero Campillo,MID,Newcastle,15,10,0,2026-05-24T15:00:00Z,0,0,0,0,0,0,0,0,0.0,0.0,0.0,0.0,0.0,0.0,0.0,0.0,0,49
2025-26,38,380,493,Sean Longstaff,MID,Leeds,11,19,0,2026-05-24T15:00:00Z,0,0,0,0,0,0,0,0,0.0,0.0,0.0,0.0,0.0,0.0,0.0,0.0,0,48
2025-26,38,374,494,Joe Willock,MID,Newcastle,15,10,0,2026-05-24T15:00:00Z,90,2,0,0,0,2,0,13,17.8,7.8,24.0,5.0,0.15,0.04,0.19,1.81,1,50
2025-26,38,374,495,Isaac Hayden,MID,Newcastle,15,10,0,2026-05-24T15:00:00Z,0,0,0,0,0,0,0,0,0.0,0.0,0.0,0.0,0.0,0.0,0.0,0.0,0,45
2025-26,38,374,496,Garang Kuol,MID,Newcastle,15,10,0,2026-05-24T15:00:00Z,0,0,0,0,0,0,0,0,0.0,0.0,0.0,0.0,0.0,0.0,0.0,0.0,0,44
2025-26,38,374,497,Lewis Miley,MID,Newcastle,15,10,0,2026-05-24T15:00:00Z,0,0,0,0,0,0,0,0,0.0,0.0,0.0,0.0,0.0,0.0,0.0,0.0,0,44
2025-26,38,374,498,Joe White,MID,Newcastle,15,10,0,2026-05-24T15:00:00Z,0,0,0,0,0,0,0,0,0.0,0.0,0.0,0.0,0.0,0.0,0.0,0.0,0,45
2025-26,38,375,499,Alexander Isak,FWD,Liverpool,12,5,1,2026-05-24T15:00:00Z,0,0,0,0,0,0,0,0,0.0,0.0,0.0,0.0,0.0,0.0,0.0,0.0,0,103
2025-26,38,374,500,William Osula,FWD,Newcastle,15,10,0,2026-05-24T15:00:00Z,65,2,0,0,0,1,0,9,1.0,0.1,2.0,0.3,0.0,0.0,0.0,1.22,1,55
2025-26,38,374,501,Sean Neave,FWD,Newcastle,15,10,0,2026-05-24T15:00:00Z,13,1,0,0,0,1,0,2,0.0,0.0,5.0,0.5,0.03,0.0,0.03,0.37,0,43
2025-26,38,377,502,Matz Sels,GK,Nott'm Forest,16,4,1,2026-05-24T15:00:00Z,90,3,0,0,0,1,0,11,24.4,0.0,0.0,2.4,0.0,0.0,0.0,0.95,1,46
2025-26,38,377,503,Carlos Miguel dos Santos Pereira,GK,Nott'm Forest,16,4,1,2026-05-24T15:00:00Z,0,0,0,0,0,0,0,0,0.0,0.0,0.0,0.0,0.0,0.0,0.0,0.0,0,40
2025-26,38,377,504,Matt Turner,GK,Nott'm Forest,16,4,1,2026-05-24T15:00:00Z,0,0,0,0,0,0,0,0,0.0,0.0,0.0,0.0,0.0,0.0,0.0,0.0,0,40
2025-26,38,377,505,Nikola Milenković,DEF,Nott'm Forest,16,4,1,2026-05-24T15:00:00Z,90,4,0,0,0,1,0,10,27.4,20.4,4.0,5.2,0.0,0.21,0.21,0.95,1,51
2025-26,38,377,506,Murillo Costa dos Santos,DEF,Nott'm Forest,16,4,1,2026-05-24T15:00:00Z,0,0,0,0,0,0,0,0,0.0,0.0,0.0,0.0,0.0,0.0,0.0,0.0,0,52
2025-26,38,377,507,Ola Aina,DEF,Nott'm Forest,16,4,1,2026-05-24T15:00:00Z,0,0,0,0,0,0,0,0,0.0,0.0,0.0,0.0,0.0,0.0,0.0,0.0,0,47
2025-26,38,377,508,Neco Williams,DEF,Nott'm Forest,16,4,1,2026-05-24T15:00:00Z,90,2,0,0,0,1,0,7,16.4,9.3,27.0,5.3,0.07,0.05,0.12,0.95,1,48
2025-26,38,377,509,David Mota Veiga Teixeira do Carmo,DEF,Nott'm Forest,16,4,1,2026-05-24T15:00:00Z,0,0,0,0,0,0,0,0,0.0,0.0,0.0,0.0,0.0,0.0,0.0,0.0,0,45
2025-26,38,377,510,Jair Paula da Cunha Filho,DEF,Nott'm Forest,16,4,1,2026-05-24T15:00:00Z,62,2,0,0,0,1,0,1,0.0,0.2,0.0,0.0,0.0,0.0,0.0,0.8,1,42
2025-26,38,377,511,Felipe Rodrigues da Silva,DEF,Nott'm Forest,16,4,1,2026-05-24T15:00:00Z,90,4,0,0,0,1,0,8,26.2,0.3,2.0,2.9,0.0,0.0,0.0,0.95,1,43
2025-26,38,377,512,Omar Richards,DEF,Nott'm Forest,16,4,1,2026-05-24T15:00:00Z,0,0,0,0,0,0,0,0,0.0,0.0,0.0,0.0,0.0,0.0,0.0,0.0,0,45
2025-26,38,377,513,Zach Abbott,DEF,Nott'm Forest,16,4,1,2026-05-24T15:00:00Z,0,0,0,0,0,0,0,0,0.0,0.0,0.0,0.0,0.0,0.0,0.0,0.0,0,38
2025-26,38,377,514,Willy Boly,DEF,Nott'm Forest,16,4,1,2026-05-24T15:00:00Z,0,0,0,0,0,0,0,0,0.0,0.0,0.0,0.0,0.0,0.0,0.0,0.0,0,38
2025-26,38,377,515,Morgan Gibbs-White,MID,Nott'm Forest,16,4,1,2026-05-24T15:00:00Z,90,9,1,0,0,1,2,27,37.4,26.8,23.0,8.7,0.47,0.04,0.51,0.95,1,76
2025-26,38,377,516,Callum Hudson-Odoi,MID,Nott'm Forest,16,4,1,2026-05-24T15:00:00Z,0,0,0,0,0,0,0,0,0.0,0.0,0.0,0.0,0.0,0.0,0.0,0.0,0,57
2025-26,38,377,517,Elliot Anderson,MID,Nott'm Forest,16,4,1,2026-05-24T15:00:00Z,64,2,0,0,0,1,0,18,12.0,30.0,1.0,4.3,0.01,0.39,0.4,0.82,1,57
2025-26,38,377,518,João Pedro Ferreira da Silva,MID,Nott'm Forest,16,4,1,2026-05-24T15:00:00Z,0,0,0,0,0,0,0,0,0.0,0.0,0.0,0.0,0.0,0.0,0.0,0.0,0,54
2025-26,38,377,519,Nicolás Domínguez,MID,Nott'm Forest,16,4,1,2026-05-24T15:00:00Z,25,1,0,0,0,0,0,6,5.2,2.1,5.0,1.2,0.11,0.0,0.11,0.14,0,50
2025-26,38,377,520,Lewis O'Brien,MID,Nott'm Forest,16,4,1,2026-05-24T15:00:00Z,0,0,0,0,0,0,0,0,0.0,0.0,0.0,0.0,0.0,0.0,0.0,0.0,0,50
2025-26,38,377,521,Ibrahim Sangaré,MID,Nott'm Forest,16,4,1,2026-05-24T15:00:00Z,64,4,0,0,0,1,0,11,19.6,2.7,0.0,2.2,0.0,0.03,0.03,0.82,1,49
2025-26,38,377,522,Ryan Yates,MID,Nott'm Forest,16,4,1,2026-05-24T15:00:00Z,25,1,0,0,0,0,0,5,11.0,0.4,7.0,1.8,0.15,0.0,0.15,0.14,0,47
2025-26,38,377,523,Eric da Silva Moreira,MID,Nott'm Forest,16,4,1,2026-05-24T15:00:00Z,0,0,0,0,0,0,0,0,0.0,0.0,0.0,0.0,0.0,0.0,0.0,0.0,0,45
2025-26,38,377,524,Marko Stamenić,MID,Nott'm Forest,16,4,1,2026-05-24T15:00:00Z,0,0,0,0,0,0,0,0,0.0,0.0,0.0,0.0,0.0,0.0,0.0,0.0,0,45
2025-26,38,377,525,Chris Wood,FWD,Nott'm Forest,16,4,1,2026-05-24T15:00:00Z,61,2,0,0,0,1,0,6,4.6,12.4,28.0,4.5,0.58,0.09,0.67,0.8,1,71
2025-26,38,377,526,Igor Jesus Maciel da Cruz,FWD,Nott'm Forest,16,4,1,2026-05-24T15:00:00Z,90,2,0,0,0,1,0,13,5.6,3.6,23.0,3.2,0.18,0.03,0.21,0.95,1,59
2025-26,38,377,527,Taiwo Awoniyi,FWD,Nott'm Forest,16,4,1,2026-05-24T15:00:00Z,28,0,0,0,0,0,0,-5,0.0,0.1,7.0,0.5,0.17,0.0,0.17,0.16,0,52
2025-26,38,378,528,Anthony Patterson,GK,Sunderland,17,7,1,2026-05-24T15:00:00Z,0,0,0,0,0,0,0,0,0.0,0.0,0.0,0.0,0.0,0.0,0.0,0.0,0,42
2025-26,38,378,529,Simon Moore,GK,Sunderland,17,7,1,2026-05-24T15:00:00Z,0,0,0,0,0,0,0,0,0.0,0.0,0.0,0.0,0.0,0.0,0.0,0.0,0,39
2025-26,38,378,530,Blondy Nna Noukeu,GK,Sunderland,17,7,1,2026-05-24T15:00:00Z,0,0,0,0,0,0,0,0,0.0,0.0,0.0,0.0,0.0,0.0,0.0,0.0,0,39
2025-26,38,378,531,Daniel Ballard,DEF,Sunderland,17,7,1,2026-05-24T15:00:00Z,0,0,0,0,0,0,0,0,0.0,0.0,0.0,0.0,0.0,0.0,0.0,0.0,0,46
2025-26,38,378,532,Trai Hume,DEF,Sunderland,17,7,1,2026-05-24T15:00:00Z,90,8,1,0,0,1,0,22,50.8,64.8,20.0,13.6,0.18,0.19,0.37,0.89,1,45
2025-26,38,378,533,Aji Alese,DEF,Sunderland,17,7,1,2026-05-24T15:00:00Z,0,0,0,0,0,0,0,0,0.0,0.0,0.0,0.0,0.0,0.0,0.0,0.0,0,40
2025-26,38,378,534,Joe Anderson,DEF,Sunderland,17,7,1,2026-05-24T15:00:00Z,0,0,0,0,0,0,0,0,0.0,0.0,0.0,0.0,0.0,0.0,0.0,0.0,0,38
2025-26,38,378,535,Dennis Cirkin,DEF,Sunderland,17,7,1,2026-05-24T15:00:00Z,0,0,0,0,0,0,0,0,0.0,0.0,0.0,0.0,0.0,0.0,0.0,0.0,0,40
2025-26,38,378,536,Leo Fuhr Hjelde,DEF,Sunderland,17,7,1,2026-05-24T15:00:00Z,0,0,0,0,0,0,0,0,0.0,0.0,0.0,0.0,0.0,0.0,0.0,0.0,0,40
2025-26,38,378,537,Niall Huggins,DEF,Sunderland,17,7,1,2026-05-24T15:00:00Z,0,0,0,0,0,0,0,0,0.0,0.0,0.0,0.0,0.0,0.0,0.0,0.0,0,40
2025-26,38,378,538,Zak Johnson,DEF,Sunderland,17,7,1,2026-05-24T15:00:00Z,0,0,0,0,0,0,0,0,0.0,0.0,0.0,0.0,0.0,0.0,0.0,0.0,0,38
2025-26,38,378,539,Luke O'Nien,DEF,Sunderland,17,7,1,2026-05-24T15:00:00Z,90,6,0,1,0,1,1,23,31.8,20.7,24.0,7.7,0.08,0.01,0.09,0.89,1,40
2025-26,38,378,540,Timothée Pembélé,DEF,Sunderland,17,7,1,2026-05-24T15:00:00Z,0,0,0,0,0,0,0,0,0.0,0.0,0.0,0.0,0.0,0.0,0.0,0.0,0,39
2025-26,38,378,541,Reinildo Mandava,DEF,Sunderland,17,7,1,2026-05-24T15:00:00Z,90,2,0,0,0,1,0,12,14.0,1.9,0.0,1.6,0.0,0.01,0.01,0.89,1,38
2025-26,38,378,542,Jenson Seelt,DEF,Sunderland,17,7,1,2026-05-24T15:00:00Z,0,0,0,0,0,0,0,0,0.0,0.0,0.0,0.0,0.0,0.0,0.0,0.0,0,40
2025-26,38,378,543,Simon Adingra,MID,Sunderland,17,7,1,2026-05-24T15:00:00Z,0,0,0,0,0,0,0,0,0.0,0.0,0.0,0.0,0.0,0.0,0.0,0.0,0,49
2025-26,38,378,544,Habib Diarra,MID,Sunderland,17,7,1,2026-05-24T15:00:00Z,29,0,0,0,0,0,0,-2,0.0,10.8,12.0,2.1,0.13,0.04,0.17,0.08,0,53
2025-26,38,378,545,Patrick Roberts,MID,Sunderland,17,7,1,2026-05-24T15:00:00Z,0,0,0,0,0,0,0,0,0.0,0.0,0.0,0.0,0.0,0.0,0.0,0.0,0,54
2025-26,38,378,546,Milan Aleksić,MID,Sunderland,17,7,1,2026-05-24T15:00:00Z,0,0,0,0,0,0,0,0,0.0,0.0,0.0,0.0,0.0,0.0,0.0,0.0,0,49
2025-26,38,378,547,Enzo Le Fée,MID,Sunderland,17,7,1,2026-05-24T15:00:00Z,90,5,0,0,0,1,3,27,27.4,55.7,40.0,12.3,0.08,0.66,0.74,0.89,1,48
2025-26,38,378,548,Romaine Mundle,MID,Sunderland,17,7,1,2026-05-24T15:00:00Z,0,0,0,0,0,0,0,0,0.0,0.0,0.0,0.0,0.0,0.0,0.0,0.0,0,49
2025-26,38,378,549,Dan Neil,MID,Sunderland,17,7,1,2026-05-24T15:00:00Z,0,0,0,0,0,0,0,0,0.0,0.0,0.0,0.0,0.0,0.0,0.0,0.0,0,48
2025-26,38,378,550,Ian Poveda-Ocampo,MID,Sunderland,17,7,1,2026-05-24T15:00:00Z,0,0,0,0,0,0,0,0,0.0,0.0,0.0,0.0,0.0,0.0,0.0,0.0,0,47
2025-26,38,378,551,Chris Rigg,MID,Sunderland,17,7,1,2026-05-24T15:00:00Z,1,1,0,0,0,0,0,3,0.2,0.1,0.0,0.0,0.0,0.0,0.0,0.0,0,47
2025-26,38,378,552,Noah Sadiki,MID,Sunderland,17,7,1,2026-05-24T15:00:00Z,90,1,0,0,0,1,0,11,7.8,23.1,0.0,3.1,0.0,0.02,0.02,0.89,1,49
2025-26,38,378,553,Chemsdine Talbi,MID,Sunderland,17,7,1,2026-05-24T15:00:00Z,0,0,0,0,0,0,0,0,0.0,0.0,0.0,0.0,0.0,0.0,0.0,0.0,0,49
2025-26,38,378,554,Abdoullah Ba,MID,Sunderland,17,7,1,2026-05-24T15:00:00Z,0,0,0,0,0,0,0,0,0.0,0.0,0.0,0.0,0.0,0.0,0.0,0.0,0,43
2025-26,38,378,555,Alan Browne,MID,Sunderland,17,7,1,2026-05-24T15:00:00Z,0,0,0,0,0,0,0,0,0.0,0.0,0.0,0.0,0.0,0.0,0.0,0.0,0,45
2025-26,38,378,556,Pierre Ekwah Elimby,MID,Sunderland,17,7,1,2026-05-24T15:00:00Z,0,0,0,0,0,0,0,0,0.0,0.0,0.0,0.0,0.0,0.0,0.0,0.0,0,45
2025-26,38,378,557,Harrison Jones,MID,Sunderland,17,7,1,2026-05-24T15:00:00Z,0,0,0,0,0,0,0,0,0.0,0.0,0.0,0.0,0.0,0.0,0.0,0.0,0,43
2025-26,38,378,558,Jay Matete,MID,Sunderland,17,7,1,2026-05-24T15:00:00Z,0,0,0,0,0,0,0,0,0.0,0.0,0.0,0.0,0.0,0.0,0.0,0.0,0,43
2025-26,38,378,559,Nectarios Triantis,MID,Sunderland,17,7,1,2026-05-24T15:00:00Z,0,0,0,0,0,0,0,0,0.0,0.0,0.0,0.0,0.0,0.0,0.0,0.0,0,44
2025-26,38,378,560,Wilson Isidor,FWD,Sunderland,17,7,1,2026-05-24T15:00:00Z,29,1,0,0,0,0,0,5,0.8,0.6,9.0,1.0,0.09,0.01,0.1,0.08,0,50
2025-26,38,378,561,Eliezer Mayenda Dossou,FWD,Sunderland,17,7,1,2026-05-24T15:00:00Z,0,0,0,0,0,0,0,0,0.0,0.0,0.0,0.0,0.0,0.0,0.0,0.0,0,51
2025-26,38,378,562,Ahmed Abdullahi,FWD,Sunderland,17,7,1,2026-05-24T15:00:00Z,0,0,0,0,0,0,0,0,0.0,0.0,0.0,0.0,0.0,0.0,0.0,0.0,0,42
2025-26,38,378,563,Luís Hemir Silva Semedo,FWD,Sunderland,17,7,1,2026-05-24T15:00:00Z,0,0,0,0,0,0,0,0,0.0,0.0,0.0,0.0,0.0,0.0,0.0,0.0,0,44
2025-26,38,378,564,Nazarii Rusyn,FWD,Sunderland,17,7,1,2026-05-24T15:00:00Z,0,0,0,0,0,0,0,0,0.0,0.0,0.0,0.0,0.0,0.0,0.0,0.0,0,44
2025-26,38,379,565,Guglielmo Vicario,GK,Spurs,18,9,1,2026-05-24T15:00:00Z,0,0,0,0,0,0,0,0,0.0,0.0,0.0,0.0,0.0,0.0,0.0,0.0,0,47
2025-26,38,379,566,Brandon Austin,GK,Spurs,18,9,1,2026-05-24T15:00:00Z,0,0,0,0,0,0,0,0,0.0,0.0,0.0,0.0,0.0,0.0,0.0,0.0,0,39
2025-26,38,379,567,Antonín Kinský,GK,Spurs,18,9,1,2026-05-24T15:00:00Z,90,5,0,0,1,0,0,19,10.2,0.0,0.0,1.0,0.0,0.0,0.0,0.41,1,39
2025-26,38,379,568,Pedro Porro Sauceda,DEF,Spurs,18,9,1,2026-05-24T15:00:00Z,90,10,0,0,1,0,2,38,28.8,56.8,4.0,9.0,0.06,0.11,0.17,0.41,1,52
2025-26,38,379,569,Cristian Romero,DEF,Spurs,18,9,1,2026-05-24T15:00:00Z,0,0,0,0,0,0,0,0,0.0,0.0,0.0,0.0,0.0,0.0,0.0,0.0,0,50
2025-26,38,379,570,Kevin Danso,DEF,Spurs,18,9,1,2026-05-24T15:00:00Z,90,8,0,0,1,0,0,28,22.2,0.8,18.0,4.1,0.2,0.01,0.21,0.41,1,42
2025-26,38,379,571,Ben Davies,DEF,Spurs,18,9,1,2026-05-24T15:00:00Z,0,0,0,0,0,0,0,0,0.0,0.0,0.0,0.0,0.0,0.0,0.0,0.0,0,43
2025-26,38,379,572,Radu Drăgușin,DEF,Spurs,18,9,1,2026-05-24T15:00:00Z,1,1,0,0,0,0,0,4,5.0,0.0,0.0,0.5,0.0,0.0,0.0,0.25,0,45
2025-26,38,379,573,Djed Spence,DEF,Spurs,18,9,1,2026-05-24T15:00:00Z,90,6,0,0,1,0,0,20,7.8,2.2,23.0,3.3,0.02,0.01,0.03,0.41,1,41
2025-26,38,379,574,Destiny Udogie,DEF,Spurs,18,9,1,2026-05-24T15:00:00Z,89,7,0,0,1,0,1,32,13.4,2.5,7.0,2.3,0.02,0.02,0.04,0.16,1,43
2025-26,38,379,575,Micky van de Ven,DEF,Spurs,18,9,1,2026-05-24T15:00:00Z,90,6,0,0,1,0,0,24,12.6,0.3,6.0,1.9,0.03,0.0,0.03,0.41,1,44
2025-26,38,379,576,Ashley Phillips,DEF,Spurs,18,9,1,2026-05-24T15:00:00Z,0,0,0,0,0,0,0,0,0.0,0.0,0.0,0.0,0.0,0.0,0.0,0.0,0,40
2025-26,38,379,577,Takai Kōta,DEF,Spurs,18,9,1,2026-05-24T15:00:00Z,0,0,0,0,0,0,0,0,0.0,0.0,0.0,0.0,0.0,0.0,0.0,0.0,0,40
2025-26,38,379,578,Luka Vušković,DEF,Spurs,18,9,1,2026-05-24T15:00:00Z,0,0,0,0,0,0,0,0,0.0,0.0,0.0,0.0,0.0,0.0,0.0,0.0,0,39
2025-26,38,379,579,Son Heung-min,MID,Spurs,18,9,1,2026-05-24T15:00:00Z,0,0,0,0,0,0,0,0,0.0,0.0,0.0,0.0,0.0,0.0,0.0,0.0,0,85
2025-26,38,373,580,Brennan Johnson,MID,Crystal Palace,8,1,1,2026-05-24T15:00:00Z,0,0,0,0,0,0,0,0,0.0,0.0,0.0,0.0,0.0,0.0,0.0,0.0,0,65
2025-26,38,379,581,James Maddison,MID,Spurs,18,9,1,2026-05-24T15:00:00Z,8,1,0,0,0,0,0,4,1.0,1.0,0.0,0.2,0.0,0.0,0.0,0.25,0,68
2025-26,38,379,582,Mohammed Kudus,MID,Spurs,18,9,1,2026-05-24T15:00:00Z,0,0,0,0,0,0,0,0,0.0,0.0,0.0,0.0,0.0,0.0,0.0,0.0,0,64
2025-26,38,379,583,Dejan Kulusevski,MID,Spurs,18,9,1,2026-05-24T15:00:00Z,0,0,0,0,0,0,0,0,0.0,0.0,0.0,0.0,0.0,0.0,0.0,0.0,0,64
2025-26,38,379,584,Mathys Tel,MID,Spurs,18,9,1,2026-05-24T15:00:00Z,72,3,0,0,1,0,0,15,11.4,56.1,18.0,8.6,0.06,0.26,0.32,0.16,1,62
2025-26,38,379,585,Rodrigo Bentancur,MID,Spurs,18,9,1,2026-05-24T15:00:00Z,81,5,0,0,1,0,0,16,12.2,2.6,0.0,1.5,0.0,0.01,0.01,0.16,1,52
2025-26,38,379,586,Lucas Bergvall,MID,Spurs,18,9,1,2026-05-24T15:00:00Z,0,0,0,0,0,0,0,0,0.0,0.0,0.0,0.0,0.0,0.0,0.0,0.0,0,52
2025-26,38,379,587,Yves Bissouma,MID,Spurs,18,9,1,2026-05-24T15:00:00Z,0,0,0,0,0,0,0,0,0.0,0.0,0.0,0.0,0.0,0.0,0.0,0.0,0,52
2025-26,38,379,588,Wilson Odobert,MID,Spurs,18,9,1,2026-05-24T15:00:00Z,0,0,0,0,0,0,0,0,0.0,0.0,0.0,0.0,0.0,0.0,0.0,0.0,0,53
2025-26,38,379,589,Manor Solomon,MID,Spurs,18,9,1,2026-05-24T15:00:00Z,0,0,0,0,0,0,0,0,0.0,0.0,0.0,0.0,0.0,0.0,0.0,0.0,0,54
2025-26,38,379,590,Bryan Gil Salvatierra,MID,Spurs,18,9,1,2026-05-24T15:00:00Z,0,0,0,0,0,0,0,0,0.0,0.0,0.0,0.0,0.0,0.0,0.0,0.0,0,49
2025-26,38,379,591,Archie Gray,MID,Spurs,18,9,1,2026-05-24T15:00:00Z,8,1,0,0,0,0,0,2,2.2,0.0,0.0,0.2,0.0,0.0,0.0,0.25,0,48
2025-26,38,379,592,Mikey Moore,MID,Spurs,18,9,1,2026-05-24T15:00:00Z,0,0,0,0,0,0,0,0,0.0,0.0,0.0,0.0,0.0,0.0,0.0,0.0,0,50
2025-26,38,379,593,Pape Matar Sarr,MID,Spurs,18,9,1,2026-05-24T15:00:00Z,17,0,0,0,0,0,0,1,3.2,11.5,0.0,1.5,0.0,0.0,0.0,0.25,0,45
2025-26,38,379,594,Yang Min-hyeok,MID,Spurs,18,9,1,2026-05-24T15:00:00Z,0,0,0,0,0,0,0,0,0.0,0.0,0.0,0.0,0.0,0.0,0.0,0.0,0,45
2025-26,38,379,595,Callum Olusesi,MID,Spurs,18,9,1,2026-05-24T15:00:00Z,0,0,0,0,0,0,0,0,0.0,0.0,0.0,0.0,0.0,0.0,0.0,0.0,0,43
2025-26,38,379,596,Dominic Solanke-Mitchell,FWD,Spurs,18,9,1,2026-05-24T15:00:00Z,0,0,0,0,0,0,0,0,0.0,0.0,0.0,0.0,0.0,0.0,0.0,0.0,0,71
2025-26,38,379,597,Richarlison de Andrade,FWD,Spurs,18,9,1,2026-05-24T15:00:00Z,72,2,0,0,1,0,0,1,4.8,10.6,12.0,2.7,0.06,0.09,0.15,0.16,1,65
2025-26,38,379,598,Will Lankshear,FWD,Spurs,18,9,1,2026-05-24T15:00:00Z,0,0,0,0,0,0,0,0,0.0,0.0,0.0,0.0,0.0,0.0,0.0,0.0,0,45
2025-26,38,379,599,Dane Scarlett,FWD,Spurs,18,9,1,2026-05-24T15:00:00Z,0,0,0,0,0,0,0,0,0.0,0.0,0.0,0.0,0.0,0.0,0.0,0.0,0,43
2025-26,38,380,600,Alphonse Areola,GK,West Ham,19,11,1,2026-05-24T15:00:00Z,0,0,0,0,0,0,0,0,0.0,0.0,0.0,0.0,0.0,0.0,0.0,0.0,0,42
2025-26,38,380,601,Wes Foderingham,GK,West Ham,19,11,1,2026-05-24T15:00:00Z,0,0,0,0,0,0,0,0,0.0,0.0,0.0,0.0,0.0,0.0,0.0,0.0,0,40
2025-26,38,380,602,Krisztián Hegyi,GK,West Ham,19,11,1,2026-05-24T15:00:00Z,0,0,0,0,0,0,0,0,0.0,0.0,0.0,0.0,0.0,0.0,0.0,0.0,0,39
2025-26,38,380,603,El Hadji Malick Diouf,DEF,West Ham,19,11,1,2026-05-24T15:00:00Z,90,6,0,0,1,0,0,29,22.8,17.0,4.0,4.4,0.0,0.01,0.01,1.59,1,41
2025-26,38,380,604,Emerson Palmieri dos Santos,DEF,West Ham,19,11,1,2026-05-24T15:00:00Z,0,0,0,0,0,0,0,0,0.0,0.0,0.0,0.0,0.0,0.0,0.0,0.0,0,44
2025-26,38,380,605,Maximilian Kilman,DEF,West Ham,19,11,1,2026-05-24T15:00:00Z,0,0,0,0,0,0,0,0,0.0,0.0,0.0,0.0,0.0,0.0,0.0,0.0,0,40
2025-26,38,380,606,Konstantinos Mavropanos,DEF,West Ham,19,11,1,2026-05-24T15:00:00Z,90,8,0,0,1,0,0,24,22.0,0.9,0.0,2.3,0.0,0.01,0.01,1.59,1,45
2025-26,38,380,607,Nayef Aguerd,DEF,West Ham,19,11,1,2026-05-24T15:00:00Z,0,0,0,0,0,0,0,0,0.0,0.0,0.0,0.0,0.0,0.0,0.0,0.0,0,44
2025-26,38,380,608,Ollie Scarles,DEF,West Ham,19,11,1,2026-05-24T15:00:00Z,0,0,0,0,0,0,0,0,0.0,0.0,0.0,0.0,0.0,0.0,0.0,0.0,0,43
2025-26,38,380,609,Jean-Clair Todibo,DEF,West Ham,19,11,1,2026-05-24T15:00:00Z,0,0,0,0,0,0,0,0,0.0,0.0,0.0,0.0,0.0,0.0,0.0,0.0,0,43
2025-26,38,380,610,Aaron Wan-Bissaka,DEF,West Ham,19,11,1,2026-05-24T15:00:00Z,0,0,0,0,0,0,0,0,0.0,0.0,0.0,0.0,0.0,0.0,0.0,0.0,0,41
2025-26,38,380,611,Kaelan Casey,DEF,West Ham,19,11,1,2026-05-24T15:00:00Z,0,0,0,0,0,0,0,0,0.0,0.0,0.0,0.0,0.0,0.0,0.0,0.0,0,40
2025-26,38,380,612,Lucas Tolentino Coelho de Lima,MID,West Ham,19,11,1,2026-05-24T15:00:00Z,0,0,0,0,0,0,0,0,0.0,0.0,0.0,0.0,0.0,0.0,0.0,0.0,0,59
2025-26,38,380,613,Tomáš Souček,MID,West Ham,19,11,1,2026-05-24T15:00:00Z,90,3,0,0,1,0,0,17,22.6,2.9,75.0,10.1,0.83,0.01,0.84,1.59,1,57
2025-26,38,372,614,James Ward-Prowse,MID,Burnley,3,20,1,2026-05-24T15:00:00Z,15,1,0,0,0,0,0,10,8.4,19.0,0.0,2.7,0.0,0.16,0.16,0.49,0,56
2025-26,38,380,615,Crysencio Summerville,MID,West Ham,19,11,1,2026-05-24T15:00:00Z,90,6,0,1,1,0,0,25,32.4,31.6,13.0,7.7,0.04,0.34,0.38,1.59,1,54
2025-26,38,380,616,Edson Álvarez Velázquez,MID,West Ham,19,11,1,2026-05-24T15:00:00Z,0,0,0,0,0,0,0,0,0.0,0.0,0.0,0.0,0.0,0.0,0.0,0.0,0,49
2025-26,38,380,617,Maxwel Cornet,MID,West Ham,19,11,1,2026-05-24T15:00:00Z,0,0,0,0,0,0,0,0,0.0,0.0,0.0,0.0,0.0,0.0,0.0,0.0,0,49
2025-26,38,380,618,Guido Rodríguez,MID,West Ham,19,11,1,2026-05-24T15:00:00Z,0,0,0,0,0,0,0,0,0.0,0.0,0.0,0.0,0.0,0.0,0.0,0.0,0,48
2025-26,38,380,619,Luis Guilherme Lira dos Santos,MID,West Ham,19,11,1,2026-05-24T15:00:00Z,0,0,0,0,0,0,0,0,0.0,0.0,0.0,0.0,0.0,0.0,0.0,0.0,0,49
2025-26,38,380,620,George Earthy,MID,West Ham,19,11,1,2026-05-24T15:00:00Z,0,0,0,0,0,0,0,0,0.0,0.0,0.0,0.0,0.0,0.0,0.0,0.0,0,45
2025-26,38,380,621,Andy Irving,MID,West Ham,19,11,1,2026-05-24T15:00:00Z,0,0,0,0,0,0,0,0,0.0,0.0,0.0,0.0,0.0,0.0,0.0,0.0,0,43
2025-26,38,380,622,Lewis Orford,MID,West Ham,19,11,1,2026-05-24T15:00:00Z,0,0,0,0,0,0,0,0,0.0,0.0,0.0,0.0,0.0,0.0,0.0,0.0,0,44
2025-26,38,380,623,Freddie Potts,MID,West Ham,19,11,1,2026-05-24T15:00:00Z,0,0,0,0,0,0,0,0,0.0,0.0,0.0,0.0,0.0,0.0,0.0,0.0,0,43
2025-26,38,380,624,Jarrod Bowen,FWD,West Ham,19,11,1,2026-05-24T15:00:00Z,90,12,1,1,1,0,3,47,54.6,26.2,26.0,10.7,0.23,0.17,0.4,1.59,1,78
2025-26,38,380,625,Niclas Füllkrug,FWD,West Ham,19,11,1,2026-05-24T15:00:00Z,0,0,0,0,0,0,0,0,0.0,0.0,0.0,0.0,0.0,0.0,0.0,0.0,0,56
2025-26,38,380,626,Callum Marshall,FWD,West Ham,19,11,1,2026-05-24T15:00:00Z,0,0,0,0,0,0,0,0,0.0,0.0,0.0,0.0,0.0,0.0,0.0,0.0,0,43
2025-26,38,372,627,Sam Johnstone,GK,Wolves,20,3,0,2026-05-24T15:00:00Z,0,0,0,0,0,0,0,0,0.0,0.0,0.0,0.0,0.0,0.0,0.0,0.0,0,44
2025-26,38,372,628,José Malheiro de Sá,GK,Wolves,20,3,0,2026-05-24T15:00:00Z,90,6,0,0,0,1,2,25,44.8,0.0,0.0,4.5,0.0,0.0,0.0,0.98,1,42
2025-26,38,372,629,Daniel Bentley,GK,Wolves,20,3,0,2026-05-24T15:00:00Z,0,0,0,0,0,0,0,0,0.0,0.0,0.0,0.0,0.0,0.0,0.0,0.0,0,39
2025-26,38,379,630,Tom King,GK,Everton,9,18,0,2026-05-24T15:00:00Z,0,0,0,0,0,0,0,0,0.0,0.0,0.0,0.0,0.0,0.0,0.0,0.0,0,39
2025-26,38,372,631,Emmanuel Agbadou,DEF,Wolves,20,3,0,2026-05-24T15:00:00Z,0,0,0,0,0,0,0,0,0.0,0.0,0.0,0.0,0.0,0.0,0.0,0.0,0,42
2025-26,38,372,632,Matt Doherty,DEF,Wolves,20,3,0,2026-05-24T15:00:00Z,0,0,0,0,0,0,0,0,0.0,0.0,0.0,0.0,0.0,0.0,0.0,0.0,0,44
2025-26,38,372,633,Hugo Bueno López,DEF,Wolves,20,3,0,2026-05-24T15:00:00Z,16,1,0,0,0,0,0,3,0.4,0.3,5.0,0.6,0.08,0.0,0.08,0.42,0,43
2025-26,38,372,634,Yerson Mosquera Valdelamar,DEF,Wolves,20,3,0,2026-05-24T15:00:00Z,90,3,0,0,0,1,0,9,29.2,0.7,14.0,4.4,0.23,0.03,0.26,0.98,1,43
2025-26,38,372,635,Rodrigo Martins Gomes,DEF,Wolves,20,3,0,2026-05-24T15:00:00Z,81,2,0,0,0,1,0,1,3.0,0.8,3.0,0.7,0.02,0.0,0.02,0.78,1,44
2025-26,38,372,636,Santiago Ignacio Bueno,DEF,Wolves,20,3,0,2026-05-24T15:00:00Z,90,2,0,0,0,1,0,3,22.4,10.3,35.0,6.8,0.31,0.0,0.31,0.98,1,44
2025-26,38,372,637,Toti Gomes,DEF,Wolves,20,3,0,2026-05-24T15:00:00Z,24,1,0,0,0,0,0,3,1.8,0.1,2.0,0.4,0.0,0.0,0.0,0.42,0,42
2025-26,38,372,638,Ki-Jana Hoever,DEF,Wolves,20,3,0,2026-05-24T15:00:00Z,0,0,0,0,0,0,0,0,0.0,0.0,0.0,0.0,0.0,0.0,0.0,0.0,0,38
2025-26,38,372,639,Bastien Meupiyou Menadjou,DEF,Wolves,20,3,0,2026-05-24T15:00:00Z,0,0,0,0,0,0,0,0,0.0,0.0,0.0,0.0,0.0,0.0,0.0,0.0,0,40
2025-26,38,372,640,Pedro Cardoso de Lima,DEF,Wolves,20,3,0,2026-05-24T15:00:00Z,8,1,0,0,0,0,0,4,6.2,0.0,19.0,2.5,0.17,0.0,0.17,0.19,0,40
2025-26,38,372,641,Alfie Pond,DEF,Wolves,20,3,0,2026-05-24T15:00:00Z,0,0,0,0,0,0,0,0,0.0,0.0,0.0,0.0,0.0,0.0,0.0,0.0,0,39
2025-26,38,372,642,Hwang Hee-chan,MID,Wolves,20,3,0,2026-05-24T15:00:00Z,90,1,0,0,0,1,0,11,6.4,25.2,6.0,3.8,0.05,0.34,0.39,0.98,1,56
2025-26,38,372,643,André Trindade da Costa Neto,MID,Wolves,20,3,0,2026-05-24T15:00:00Z,90,4,0,0,0,1,0,14,15.6,0.8,4.0,2.0,0.02,0.0,0.02,0.98,1,52
2025-26,38,372,644,Jean-Ricner Bellegarde,MID,Wolves,20,3,0,2026-05-24T15:00:00Z,0,0,0,0,0,0,0,0,0.0,0.0,0.0,0.0,0.0,0.0,0.0,0.0,0,51
2025-26,38,372,645,Fer López González,MID,Wolves,20,3,0,2026-05-24T15:00:00Z,0,0,0,0,0,0,0,0,0.0,0.0,0.0,0.0,0.0,0.0,0.0,0.0,0,51
2025-26,38,372,646,João Victor Gomes da Silva,MID,Wolves,20,3,0,2026-05-24T15:00:00Z,0,0,0,0,0,0,0,0,0.0,0.0,0.0,0.0,0.0,0.0,0.0,0.0,0,53
2025-26,38,372,647,Gonçalo Manuel Ganchinho Guedes,MID,Wolves,20,3,0,2026-05-24T15:00:00Z,0,0,0,0,0,0,0,0,0.0,0.0,0.0,0.0,0.0,0.0,0.0,0.0,0,55
2025-26,38,372,648,Marshall Munetsi,MID,Wolves,20,3,0,2026-05-24T15:00:00Z,0,0,0,0,0,0,0,0,0.0,0.0,0.0,0.0,0.0,0.0,0.0,0.0,0,53
2025-26,38,372,649,Boubacar Traoré,MID,Wolves,20,3,0,2026-05-24T15:00:00Z,0,0,0,0,0,0,0,0,0.0,0.0,0.0,0.0,0.0,0.0,0.0,0.0,0,50
2025-26,38,372,650,Tawanda Chirewa,MID,Wolves,20,3,0,2026-05-24T15:00:00Z,0,0,0,0,0,0,0,0,0.0,0.0,0.0,0.0,0.0,0.0,0.0,0.0,0,43
2025-26,38,372,651,Tom Edozie,MID,Wolves,20,3,0,2026-05-24T15:00:00Z,0,0,0,0,0,0,0,0,0.0,0.0,0.0,0.0,0.0,0.0,0.0,0.0,0,43
2025-26,38,372,652,Enso González Medina,MID,Wolves,20,3,0,2026-05-24T15:00:00Z,0,0,0,0,0,0,0,0,0.0,0.0,0.0,0.0,0.0,0.0,0.0,0.0,0,43
2025-26,38,372,653,Joe Hodge,MID,Wolves,20,3,0,2026-05-24T15:00:00Z,0,0,0,0,0,0,0,0,0.0,0.0,0.0,0.0,0.0,0.0,0.0,0.0,0,45
2025-26,38,373,654,Jørgen Strand Larsen,FWD,Crystal Palace,8,1,1,2026-05-24T15:00:00Z,76,2,0,0,0,2,0,1,0.0,4.7,6.0,0.8,0.07,0.01,0.08,1.55,1,58
2025-26,38,372,655,Fábio Soares Silva,FWD,Wolves,20,3,0,2026-05-24T15:00:00Z,0,0,0,0,0,0,0,0,0.0,0.0,0.0,0.0,0.0,0.0,0.0,0.0,0,49
2025-26,38,372,656,Saša Kalajdžić,FWD,Wolves,20,3,0,2026-05-24T15:00:00Z,0,0,0,0,0,0,0,0,0.0,0.0,0.0,0.0,0.0,0.0,0.0,0.0,0,49
2025-26,38,372,657,Leon Chiwome,FWD,Wolves,20,3,0,2026-05-24T15:00:00Z,0,0,0,0,0,0,0,0,0.0,0.0,0.0,0.0,0.0,0.0,0.0,0.0,0,44
2025-26,38,372,658,Nathan Fraser,FWD,Wolves,20,3,0,2026-05-24T15:00:00Z,0,0,0,0,0,0,0,0,0.0,0.0,0.0,0.0,0.0,0.0,0.0,0.0,0,42
2025-26,38,380,659,Kyle Walker-Peters,DEF,West Ham,19,11,1,2026-05-24T15:00:00Z,90,6,0,0,1,0,0,18,3.6,1.3,0.0,0.5,0.0,0.0,0.0,1.59,1,42
2025-26,38,380,660,Anton Stach,MID,Leeds,11,19,0,2026-05-24T15:00:00Z,0,0,0,0,0,0,0,0,0.0,0.0,0.0,0.0,0.0,0.0,0.0,0.0,0,48
2025-26,38,375,661,Hugo Ekitiké,FWD,Liverpool,12,5,1,2026-05-24T15:00:00Z,0,0,0,0,0,0,0,0,0.0,0.0,0.0,0.0,0.0,0.0,0.0,0.0,0,90
2025-26,38,373,662,Cristhian Mosquera,DEF,Arsenal,1,8,0,2026-05-24T15:00:00Z,90,4,0,0,0,1,0,11,30.8,2.6,0.0,3.3,0.0,0.01,0.01,0.98,1,53
2025-26,38,372,663,Jhon Arias,MID,Wolves,20,3,0,2026-05-24T15:00:00Z,0,0,0,0,0,0,0,0,0.0,0.0,0.0,0.0,0.0,0.0,0.0,0.0,0,49
2025-26,38,374,664,Benjamin Lecomte,GK,Fulham,10,15,1,2026-05-24T15:00:00Z,0,0,0,0,0,0,0,0,0.0,0.0,0.0,0.0,0.0,0.0,0.0,0.0,0,39
2025-26,38,380,665,Lucas Estella Perri,GK,Leeds,11,19,0,2026-05-24T15:00:00Z,0,0,0,0,0,0,0,0,0.0,0.0,0.0,0.0,0.0,0.0,0.0,0.0,0,44
2025-26,38,373,666,Viktor Gyökeres,FWD,Arsenal,1,8,0,2026-05-24T15:00:00Z,7,1,0,0,0,1,0,4,3.4,18.4,6.0,2.8,0.16,0.1,0.26,0.75,0,91
2025-26,38,379,667,Adam Aznou,DEF,Everton,9,18,0,2026-05-24T15:00:00Z,0,0,0,0,0,0,0,0,0.0,0.0,0.0,0.0,0.0,0.0,0.0,0.0,0,42
2025-26,38,378,668,Granit Xhaka,MID,Sunderland,17,7,1,2026-05-24T15:00:00Z,90,1,0,0,0,1,0,9,9.6,4.6,2.0,1.6,0.0,0.27,0.27,0.89,1,51
2025-26,38,377,669,Dan Ndoye,MID,Nott'm Forest,16,4,1,2026-05-24T15:00:00Z,0,0,0,0,0,0,0,0,0.0,0.0,0.0,0.0,0.0,0.0,0.0,0.0,0,55
2025-26,38,378,670,Robin Roefs,GK,Sunderland,17,7,1,2026-05-24T15:00:00Z,90,2,0,0,0,1,0,8,12.2,10.0,0.0,2.2,0.0,0.0,0.0,0.89,1,48
2025-26,38,380,671,Callum Wilson,FWD,West Ham,19,11,1,2026-05-24T15:00:00Z,45,5,1,0,0,0,0,28,40.4,10.5,28.0,7.9,0.45,0.05,0.5,0.53,0,58
2025-26,38,378,672,Jorrel Hato,DEF,Chelsea,7,17,0,2026-05-24T15:00:00Z,51,0,0,0,0,2,0,0,7.8,1.8,2.0,1.2,0.0,0.06,0.06,1.38,1,46
2025-26,38,379,673,João Maria Lobo Alves Palhares Costa Palhinha Gonçalves,MID,Spurs,18,9,1,2026-05-24T15:00:00Z,90,12,1,0,1,0,3,40,60.6,23.1,50.0,13.4,0.5,0.01,0.51,0.41,1,55
2025-26,38,374,674,Aaron Ramsdale,GK,Newcastle,15,10,0,2026-05-24T15:00:00Z,0,0,0,0,0,0,0,0,0.0,0.0,0.0,0.0,0.0,0.0,0.0,0.0,0,48
2025-26,38,377,675,Angus Gunn,GK,Nott'm Forest,16,4,1,2026-05-24T15:00:00Z,0,0,0,0,0,0,0,0,0.0,0.0,0.0,0.0,0.0,0.0,0.0,0.0,0,40
2025-26,38,372,676,Lesley Ugochukwu,MID,Burnley,3,20,1,2026-05-24T15:00:00Z,74,2,0,0,0,1,0,16,4.8,17.8,5.0,2.8,0.17,0.07,0.24,1.6,1,50
2025-26,38,373,677,Evann Guessand,MID,Crystal Palace,8,1,1,2026-05-24T15:00:00Z,28,1,0,0,0,0,0,3,1.4,0.5,4.0,0.6,0.0,0.0,0.0,1.33,0,62
2025-26,38,378,678,Arthur Masuaku,DEF,Sunderland,17,7,1,2026-05-24T15:00:00Z,0,0,0,0,0,0,0,0,0.0,0.0,0.0,0.0,0.0,0.0,0.0,0.0,0,39
2025-26,38,380,679,Mads Hermansen,GK,West Ham,19,11,1,2026-05-24T15:00:00Z,90,7,0,0,1,0,0,30,21.2,0.0,0.0,2.1,0.0,0.0,0.0,1.59,1,42
2025-26,38,372,680,Armando Broja,FWD,Burnley,3,20,1,2026-05-24T15:00:00Z,0,0,0,0,0,0,0,0,0.0,0.0,0.0,0.0,0.0,0.0,0.0,0.0,0,52
2025-26,38,371,681,Benjamin Sesko,FWD,Man Utd,14,6,0,2026-05-24T15:00:00Z,0,0,0,0,0,0,0,0,0.0,0.0,0.0,0.0,0.0,0.0,0.0,0.0,0,72
2025-26,38,372,682,David Møller Wolfe,DEF,Wolves,20,3,0,2026-05-24T15:00:00Z,73,2,0,0,0,1,0,6,11.6,4.8,0.0,1.6,0.0,0.03,0.03,0.56,1,42
2025-26,38,378,683,Omar Alderete,DEF,Sunderland,17,7,1,2026-05-24T15:00:00Z,0,0,0,0,0,0,0,0,0.0,0.0,0.0,0.0,0.0,0.0,0.0,0.0,0,41
2025-26,38,374,684,Malick Thiaw,DEF,Newcastle,15,10,0,2026-05-24T15:00:00Z,90,1,0,0,0,2,0,10,17.8,1.8,0.0,2.0,0.0,0.01,0.01,1.81,1,49
2025-26,38,377,685,Bafodé Diakité,DEF,Bournemouth,4,16,0,2026-05-24T15:00:00Z,0,0,0,0,0,0,0,0,0.0,0.0,0.0,0.0,0.0,0.0,0.0,0.0,0,41
2025-26,38,375,686,Rio Ngumoha,MID,Liverpool,12,5,1,2026-05-24T15:00:00Z,72,2,0,0,0,1,0,4,0.2,13.2,12.0,2.5,0.13,0.06,0.19,1.07,1,43
2025-26,38,377,687,Remy Rees-Dottin,MID,Bournemouth,4,16,0,2026-05-24T15:00:00Z,0,0,0,0,0,0,0,0,0.0,0.0,0.0,0.0,0.0,0.0,0.0,0.0,0,43
2025-26,38,376,688,James Wright,GK,Aston Villa,2,13,0,2026-05-24T15:00:00Z,0,0,0,0,0,0,0,0,0.0,0.0,0.0,0.0,0.0,0.0,0.0,0.0,0,39
2025-26,38,374,689,Seung-Soo Park,MID,Newcastle,15,10,0,2026-05-24T15:00:00Z,0,0,0,0,0,0,0,0,0.0,0.0,0.0,0.0,0.0,0.0,0.0,0.0,0,43
2025-26,38,373,690,Rio Cardines,MID,Crystal Palace,8,1,1,2026-05-24T15:00:00Z,90,2,0,0,0,2,0,21,15.2,30.0,4.0,4.9,0.02,0.16,0.18,2.53,1,44
2025-26,38,380,691,Dominic Calvert-Lewin,FWD,Leeds,11,19,0,2026-05-24T15:00:00Z,68,2,0,0,0,1,0,5,6.8,25.8,24.0,5.7,0.48,0.01,0.49,1.97,1,58
2025-26,38,375,692,Giovanni Leoni,DEF,Liverpool,12,5,1,2026-05-24T15:00:00Z,0,0,0,0,0,0,0,0,0.0,0.0,0.0,0.0,0.0,0.0,0.0,0.0,0,49
2025-26,38,377,693,Omari Hutchinson,MID,Nott'm Forest,16,4,1,2026-05-24T15:00:00Z,77,5,0,1,0,1,0,19,27.2,40.7,6.0,7.4,0.0,0.16,0.16,0.82,1,54
2025-26,38,378,694,Nordi Mukiele,DEF,Sunderland,17,7,1,2026-05-24T15:00:00Z,90,4,0,0,0,1,0,15,21.0,11.2,21.0,5.3,0.1,0.36,0.46,0.89,1,46
2025-26,38,372,695,Jackson Tchatchoua,DEF,Wolves,20,3,0,2026-05-24T15:00:00Z,0,0,0,0,0,0,0,0,0.0,0.0,0.0,0.0,0.0,0.0,0.0,0.0,0,44
2025-26,38,377,696,Arnaud Kalimuendo,FWD,Nott'm Forest,16,4,1,2026-05-24T15:00:00Z,0,0,0,0,0,0,0,0,0.0,0.0,0.0,0.0,0.0,0.0,0.0,0.0,0,60
2025-26,38,377,697,Amine Adli,MID,Bournemouth,4,16,0,2026-05-24T15:00:00Z,17,1,0,0,0,0,0,4,5.2,0.8,0.0,0.6,0.0,0.0,0.0,0.51,0,54
2025-26,38,380,698,Noah Okafor,MID,Leeds,11,19,0,2026-05-24T15:00:00Z,0,0,0,0,0,0,0,0,0.0,0.0,0.0,0.0,0.0,0.0,0.0,0.0,0,55
2025-26,38,376,699,Douglas Luiz Soares de Paulo,MID,Aston Villa,2,13,0,2026-05-24T15:00:00Z,72,2,0,0,0,1,0,18,17.4,1.5,0.0,1.9,0.0,0.02,0.02,1.22,1,49
2025-26,38,373,700,Max Dowman,MID,Arsenal,1,8,0,2026-05-24T15:00:00Z,61,3,0,0,1,0,0,4,2.6,16.8,4.0,2.3,0.0,0.16,0.16,0.21,1,42
2025-26,38,376,701,Triston Rowe,DEF,Aston Villa,2,13,0,2026-05-24T15:00:00Z,0,0,0,0,0,0,0,0,0.0,0.0,0.0,0.0,0.0,0.0,0.0,0.0,0,40
2025-26,38,376,702,Bradley Burrowes,MID,Aston Villa,2,13,0,2026-05-24T15:00:00Z,0,0,0,0,0,0,0,0,0.0,0.0,0.0,0.0,0.0,0.0,0.0,0.0,0,43
2025-26,38,376,703,Sam Proctor,GK,Aston Villa,2,13,0,2026-05-24T15:00:00Z,0,0,0,0,0,0,0,0,0.0,0.0,0.0,0.0,0.0,0.0,0.0,0.0,0,39
2025-26,38,379,704,Tyler Onyango,MID,Everton,9,18,0,2026-05-24T15:00:00Z,0,0,0,0,0,0,0,0,0.0,0.0,0.0,0.0,0.0,0.0,0.0,0.0,0,45
2025-26,38,379,705,Elijah Campbell,DEF,Everton,9,18,0,2026-05-24T15:00:00Z,0,0,0,0,0,0,0,0,0.0,0.0,0.0,0.0,0.0,0.0,0.0,0.0,0,39
2025-26,38,380,706,James Justin,DEF,Leeds,11,19,0,2026-05-24T15:00:00Z,90,1,0,0,0,3,0,9,17.6,14.3,6.0,3.8,0.12,0.01,0.13,2.61,1,40
2025-26,38,379,707,Tyler Dibling,MID,Everton,9,18,0,2026-05-24T15:00:00Z,0,0,0,0,0,0,0,0,0.0,0.0,0.0,0.0,0.0,0.0,0.0,0.0,0,53
2025-26,38,380,708,Mateus Gonçalo Espanha Fernandes,MID,West Ham,19,11,1,2026-05-24T15:00:00Z,90,9,0,1,1,0,1,32,36.0,27.1,7.0,7.0,0.01,0.17,0.18,1.59,1,55
2025-26,38,372,709,Ladislav Krejcí,DEF,Wolves,20,3,0,2026-05-24T15:00:00Z,65,6,0,1,0,1,1,19,10.4,10.6,9.0,3.0,0.06,0.0,0.06,0.56,1,45
2025-26,38,376,710,Travis Patterson,DEF,Aston Villa,2,13,0,2026-05-24T15:00:00Z,0,0,0,0,0,0,0,0,0.0,0.0,0.0,0.0,0.0,0.0,0.0,0.0,0,39
2025-26,38,373,711,Andre Harriman-Annous,MID,Arsenal,1,8,0,2026-05-24T15:00:00Z,0,0,0,0,0,0,0,0,0.0,0.0,0.0,0.0,0.0,0.0,0.0,0.0,0,44
2025-26,38,373,712,Yéremy Pino Santos,MID,Crystal Palace,8,1,1,2026-05-24T15:00:00Z,45,4,0,1,0,1,0,21,22.6,36.3,20.0,7.9,0.28,0.31,0.59,1.36,0,58
2025-26,38,377,713,Álex Jiménez Sánchez,DEF,Bournemouth,4,16,0,2026-05-24T15:00:00Z,0,0,0,0,0,0,0,0,0.0,0.0,0.0,0.0,0.0,0.0,0.0,0.0,0,45
2025-26,38,374,714,Nick Woltemade,FWD,Newcastle,15,10,0,2026-05-24T15:00:00Z,77,2,0,0,0,1,0,9,6.6,31.8,2.0,4.0,0.0,0.07,0.07,1.43,1,67
2025-26,38,377,715,John Victor Maciel Furtado,GK,Nott'm Forest,16,4,1,2026-05-24T15:00:00Z,0,0,0,0,0,0,0,0,0.0,0.0,0.0,0.0,0.0,0.0,0.0,0.0,0,40
2025-26,38,377,716,Nicolò Savona,DEF,Nott'm Forest,16,4,1,2026-05-24T15:00:00Z,0,0,0,0,0,0,0,0,0.0,0.0,0.0,0.0,0.0,0.0,0.0,0.0,0,45
2025-26,38,379,717,Xavi Simons,MID,Spurs,18,9,1,2026-05-24T15:00:00Z,0,0,0,0,0,0,0,0,0.0,0.0,0.0,0.0,0.0,0.0,0.0,0.0,0,63
2025-26,38,380,718,Soungoutou Magassa,MID,West Ham,19,11,1,2026-05-24T15:00:00Z,0,0,0,0,0,0,0,0,0.0,0.0,0.0,0.0,0.0,0.0,0.0,0.0,0,50
2025-26,38,376,719,Victor Lindelöf,DEF,Aston Villa,2,13,0,2026-05-24T15:00:00Z,72,2,0,0,0,1,0,11,10.0,0.9,0.0,1.1,0.0,0.0,0.0,1.22,1,45
2025-26,38,372,720,Tolu Arokodare,FWD,Wolves,20,3,0,2026-05-24T15:00:00Z,24,1,0,0,0,0,0,1,5.0,0.3,8.0,1.3,0.19,0.0,0.19,0.42,0,51
2025-26,38,377,721,Veljko Milosavljevic,DEF,Bournemouth,4,16,0,2026-05-24T15:00:00Z,0,0,0,0,0,0,0,0,0.0,0.0,0.0,0.0,0.0,0.0,0.0,0.0,0,44
2025-26,38,372,722,Florentino Ibrain Morris Luís,MID,Burnley,3,20,1,2026-05-24T15:00:00Z,90,4,0,0,0,1,0,18,28.4,14.5,7.0,5.0,0.03,0.02,0.05,2.09,1,50
2025-26,38,373,723,Jaydee Canvot,DEF,Crystal Palace,8,1,1,2026-05-24T15:00:00Z,0,0,0,0,0,0,0,0,0.0,0.0,0.0,0.0,0.0,0.0,0.0,0.0,0,45
2025-26,38,378,724,Lutsharel Geertruida,DEF,Sunderland,17,7,1,2026-05-24T15:00:00Z,90,1,0,0,0,1,0,1,5.0,1.4,0.0,0.6,0.0,0.03,0.03,0.89,1,45
2025-26,38,373,725,Piero Hincapié,DEF,Arsenal,1,8,0,2026-05-24T15:00:00Z,90,2,0,0,0,1,0,13,16.6,3.4,7.0,2.7,0.03,0.02,0.05,0.98,1,51
2025-26,38,379,726,Randal Kolo Muani,FWD,Spurs,18,9,1,2026-05-24T15:00:00Z,17,1,0,0,0,0,0,3,0.0,0.9,1.0,0.2,0.02,0.0,0.02,0.25,0,69
2025-26,38,374,727,Samuel Chukwueze,MID,Fulham,10,15,1,2026-05-24T15:00:00Z,0,0,0,0,0,0,0,0,0.0,0.0,0.0,0.0,0.0,0.0,0.0,0.0,0,53
2025-26,38,379,728,Merlin Röhl,MID,Everton,9,18,0,2026-05-24T15:00:00Z,61,2,0,0,0,1,0,4,4.4,0.8,0.0,0.5,0.0,0.0,0.0,1.13,1,50
2025-26,38,377,729,Luis Eduardo Soares da Silva,DEF,Nott'm Forest,16,4,1,2026-05-24T15:00:00Z,0,0,0,0,0,0,0,0,0.0,0.0,0.0,0.0,0.0,0.0,0.0,0.0,0,45
2025-26,38,378,730,Brian Brobbey,FWD,Sunderland,17,7,1,2026-05-24T15:00:00Z,60,5,0,1,0,1,0,10,0.0,1.0,40.0,4.0,0.91,0.01,0.92,0.81,1,53
2025-26,38,374,731,Kevin Santos Lopes de Macedo,MID,Fulham,10,15,1,2026-05-24T15:00:00Z,59,4,0,1,0,0,0,12,1.2,12.3,9.0,2.3,0.04,0.02,0.06,0.13,1,57
2025-26,38,373,732,Christantus Uche,FWD,Crystal Palace,8,1,1,2026-05-24T15:00:00Z,0,0,0,0,0,0,0,0,0.0,0.0,0.0,0.0,0.0,0.0,0.0,0.0,0,55
2025-26,38,371,733,Senne Lammens,GK,Man Utd,14,6,0,2026-05-24T15:00:00Z,90,6,0,0,1,0,0,25,18.2,0.0,0.0,1.8,0.0,0.0,0.0,0.79,1,51
2025-26,38,377,734,Dilane Bakwa,MID,Nott'm Forest,16,4,1,2026-05-24T15:00:00Z,0,0,0,0,0,0,0,0,0.0,0.0,0.0,0.0,0.0,0.0,0.0,0.0,0,59
2025-26,38,378,735,Bertrand Traoré,MID,Sunderland,17,7,1,2026-05-24T15:00:00Z,0,0,0,0,0,0,0,0,0.0,0.0,0.0,0.0,0.0,0.0,0.0,0.0,0,55
2025-26,38,376,736,Gianluigi Donnarumma,GK,Man City,13,2,1,2026-05-24T15:00:00Z,0,0,0,0,0,0,0,0,0.0,0.0,0.0,0.0,0.0,0.0,0.0,0.0,0,56
2025-26,38,374,737,Jonah Kusi-Asare,FWD,Fulham,10,15,1,2026-05-24T15:00:00Z,0,0,0,0,0,0,0,0,0.0,0.0,0.0,0.0,0.0,0.0,0.0,0.0,0,45
2025-26,38,380,738,Lukasz Fabianski,GK,West Ham,19,11,1,2026-05-24T15:00:00Z,0,0,0,0,0,0,0,0,0.0,0.0,0.0,0.0,0.0,0.0,0.0,0.0,0,45
2025-26,38,376,739,Divine Mukasa,MID,Man City,13,2,1,2026-05-24T15:00:00Z,0,0,0,0,0,0,0,0,0.0,0.0,0.0,0.0,0.0,0.0,0.0,0.0,0,44
2025-26,38,376,740,Stephen Mfuni,DEF,Man City,13,2,1,2026-05-24T15:00:00Z,0,0,0,0,0,0,0,0,0.0,0.0,0.0,0.0,0.0,0.0,0.0,0.0,0,39
2025-26,38,380,741,Harry Gray,FWD,Leeds,11,19,0,2026-05-24T15:00:00Z,0,0,0,0,0,0,0,0,0.0,0.0,0.0,0.0,0.0,0.0,0.0,0.0,0,45
2025-26,38,376,742,Ryan McAidoo,MID,Man City,13,2,1,2026-05-24T15:00:00Z,0,0,0,0,0,0,0,0,0.0,0.0,0.0,0.0,0.0,0.0,0.0,0.0,0,45
2025-26,38,378,743,Landon Emenalo,MID,Chelsea,7,17,0,2026-05-24T15:00:00Z,0,0,0,0,0,0,0,0,0.0,0.0,0.0,0.0,0.0,0.0,0.0,0.0,0,45
2025-26,38,371,744,Nehemiah Oriola,MID,Brighton,6,14,1,2026-05-24T15:00:00Z,0,0,0,0,0,0,0,0,0.0,0.0,0.0,0.0,0.0,0.0,0.0,0.0,0,45
2025-26,38,379,745,Jun'ai Byfield,DEF,Spurs,18,9,1,2026-05-24T15:00:00Z,0,0,0,0,0,0,0,0,0.0,0.0,0.0,0.0,0.0,0.0,0.0,0.0,0,40
2025-26,38,375,746,Kieran Morrison,MID,Liverpool,12,5,1,2026-05-24T15:00:00Z,0,0,0,0,0,0,0,0,0.0,0.0,0.0,0.0,0.0,0.0,0.0,0.0,0,45
2025-26,38,380,747,Ezra Mayers,DEF,West Ham,19,11,1,2026-05-24T15:00:00Z,0,0,0,0,0,0,0,0,0.0,0.0,0.0,0.0,0.0,0.0,0.0,0.0,0,40
2025-26,38,375,748,Josh Dasilva,MID,Brentford,5,12,0,2026-05-24T15:00:00Z,0,0,0,0,0,0,0,0,0.0,0.0,0.0,0.0,0.0,0.0,0.0,0.0,0,49
2025-26,38,372,749,Mateus Mané,FWD,Wolves,20,3,0,2026-05-24T15:00:00Z,90,2,0,0,0,1,0,18,20.2,89.5,20.0,13.0,0.18,0.7,0.88,0.98,1,42
2025-26,38,379,750,James Rowswell,DEF,Spurs,18,9,1,2026-05-24T15:00:00Z,0,0,0,0,0,0,0,0,0.0,0.0,0.0,0.0,0.0,0.0,0.0,0.0,0,40
2025-26,38,379,751,Yusuf Akhamrich,MID,Spurs,18,9,1,2026-05-24T15:00:00Z,0,0,0,0,0,0,0,0,0.0,0.0,0.0,0.0,0.0,0.0,0.0,0.0,0,45
2025-26,38,380,752,Airidas Golambeckis,DEF,West Ham,19,11,1,2026-05-24T15:00:00Z,0,0,0,0,0,0,0,0,0.0,0.0,0.0,0.0,0.0,0.0,0.0,0.0,0,40
2025-26,38,374,753,John Ruddy,GK,Newcastle,15,10,0,2026-05-24T15:00:00Z,0,0,0,0,0,0,0,0,0.0,0.0,0.0,0.0,0.0,0.0,0.0,0.0,0,40
2025-26,38,376,754,George Hemmings,MID,Aston Villa,2,13,0,2026-05-24T15:00:00Z,0,0,0,0,0,0,0,0,0.0,0.0,0.0,0.0,0.0,0.0,0.0,0.0,0,45
2025-26,38,371,755,Shea Lacey,MID,Man Utd,14,6,0,2026-05-24T15:00:00Z,28,1,0,0,0,0,0,1,0.0,0.6,5.0,0.2,0.03,0.01,0.04,0.4,0,45
2025-26,38,377,756,Malcom DaCosta,MID,Bournemouth,4,16,0,2026-05-24T15:00:00Z,0,0,0,0,0,0,0,0,0.0,0.0,0.0,0.0,0.0,0.0,0.0,0.0,0,45
2025-26,38,376,757,Ronnie Hollingshead,GK,Aston Villa,2,13,0,2026-05-24T15:00:00Z,0,0,0,0,0,0,0,0,0.0,0.0,0.0,0.0,0.0,0.0,0.0,0.0,0,40
2025-26,38,380,758,Mohamadou Kanté,MID,West Ham,19,11,1,2026-05-24T15:00:00Z,2,1,0,0,0,0,0,2,0.2,0.3,0.0,0.1,0.0,0.0,0.0,0.2,0,45
2025-26,38,373,759,Marli Salmon,DEF,Arsenal,1,8,0,2026-05-24T15:00:00Z,0,0,0,0,0,0,0,0,0.0,0.0,0.0,0.0,0.0,0.0,0.0,0.0,0,40
2025-26,38,375,760,Wellity Lucky,DEF,Liverpool,12,5,1,2026-05-24T15:00:00Z,0,0,0,0,0,0,0,0,0.0,0.0,0.0,0.0,0.0,0.0,0.0,0.0,0,40
2025-26,38,371,761,Freddie Simmonds,DEF,Brighton,6,14,1,2026-05-24T15:00:00Z,0,0,0,0,0,0,0,0,0.0,0.0,0.0,0.0,0.0,0.0,0.0,0.0,0,40
2025-26,38,373,762,Joél Drakes-Thomas,MID,Crystal Palace,8,1,1,2026-05-24T15:00:00Z,0,0,0,0,0,0,0,0,0.0,0.0,0.0,0.0,0.0,0.0,0.0,0.0,0,45
2025-26,38,376,763,Charlie Gray,MID,Man City,13,2,1,2026-05-24T15:00:00Z,0,0,0,0,0,0,0,0,0.0,0.0,0.0,0.0,0.0,0.0,0.0,0.0,0,45
2025-26,38,376,764,Reigan Heskey,MID,Man City,13,2,1,2026-05-24T15:00:00Z,0,0,0,0,0,0,0,0,0.0,0.0,0.0,0.0,0.0,0.0,0.0,0.0,0,45
2025-26,38,374,765,Leo Shahar,DEF,Newcastle,15,10,0,2026-05-24T15:00:00Z,0,0,0,0,0,0,0,0,0.0,0.0,0.0,0.0,0.0,0.0,0.0,0.0,0,40
2025-26,38,372,766,Saheed Olagunju,DEF,Wolves,20,3,0,2026-05-24T15:00:00Z,0,0,0,0,0,0,0,0,0.0,0.0,0.0,0.0,0.0,0.0,0.0,0.0,0,40
2025-26,38,372,767,Luke Rawlings,MID,Wolves,20,3,0,2026-05-24T15:00:00Z,0,0,0,0,0,0,0,0,0.0,0.0,0.0,0.0,0.0,0.0,0.0,0.0,0,45
2025-26,38,376,768,Leon Routh,DEF,Aston Villa,2,13,0,2026-05-24T15:00:00Z,0,0,0,0,0,0,0,0,0.0,0.0,0.0,0.0,0.0,0.0,0.0,0.0,0,40
2025-26,38,371,769,Bendito Mantato,MID,Man Utd,14,6,0,2026-05-24T15:00:00Z,0,0,0,0,0,0,0,0,0.0,0.0,0.0,0.0,0.0,0.0,0.0,0.0,0,45
2025-26,38,374,770,Seth Ridgeon,MID,Fulham,10,15,1,2026-05-24T15:00:00Z,0,0,0,0,0,0,0,0,0.0,0.0,0.0,0.0,0.0,0.0,0.0,0.0,0,45
2025-26,38,371,771,Tyler Fletcher,MID,Man Utd,14,6,0,2026-05-24T15:00:00Z,16,1,0,0,0,0,0,3,0.4,2.0,0.0,0.2,0.0,0.0,0.0,0.31,0,44
2025-26,38,374,772,Sam Alabi,MID,Newcastle,15,10,0,2026-05-24T15:00:00Z,0,0,0,0,0,0,0,0,0.0,0.0,0.0,0.0,0.0,0.0,0.0,0.0,0,45
2025-26,38,373,773,Dean Benamar,DEF,Crystal Palace,8,1,1,2026-05-24T15:00:00Z,0,0,0,0,0,0,0,0,0.0,0.0,0.0,0.0,0.0,0.0,0.0,0.0,0,40
2025-26,38,378,774,Jenson Jones,DEF,Sunderland,17,7,1,2026-05-24T15:00:00Z,0,0,0,0,0,0,0,0,0.0,0.0,0.0,0.0,0.0,0.0,0.0,0.0,0,40
2025-26,38,378,775,Tymur Tutierov,MID,Sunderland,17,7,1,2026-05-24T15:00:00Z,0,0,0,0,0,0,0,0,0.0,0.0,0.0,0.0,0.0,0.0,0.0,0.0,0,45
2025-26,38,372,776,Oliver Pimlott,MID,Burnley,3,20,1,2026-05-24T15:00:00Z,0,0,0,0,0,0,0,0,0.0,0.0,0.0,0.0,0.0,0.0,0.0,0.0,0,45
2025-26,38,372,777,Temple Ojinnaka,MID,Wolves,20,3,0,2026-05-24T15:00:00Z,0,0,0,0,0,0,0,0,0.0,0.0,0.0,0.0,0.0,0.0,0.0,0.0,0,45
2025-26,38,372,778,Ethan Sutherland,MID,Wolves,20,3,0,2026-05-24T15:00:00Z,0,0,0,0,0,0,0,0,0.0,0.0,0.0,0.0,0.0,0.0,0.0,0.0,0,45
2025-26,38,379,779,Braiden Graham,FWD,Everton,9,18,0,2026-05-24T15:00:00Z,0,0,0,0,0,0,0,0,0.0,0.0,0.0,0.0,0.0,0.0,0.0,0.0,0,45
2025-26,38,373,780,Ben Casey,FWD,Crystal Palace,8,1,1,2026-05-24T15:00:00Z,0,0,0,0,0,0,0,0,0.0,0.0,0.0,0.0,0.0,0.0,0.0,0.0,0,45
2025-26,38,376,781,TJ Carroll,DEF,Aston Villa,2,13,0,2026-05-24T15:00:00Z,0,0,0,0,0,0,0,0,0.0,0.0,0.0,0.0,0.0,0.0,0.0,0.0,0,40
2025-26,38,377,782,Fraser Forster,GK,Bournemouth,4,16,0,2026-05-24T15:00:00Z,0,0,0,0,0,0,0,0,0.0,0.0,0.0,0.0,0.0,0.0,0.0,0.0,0,40
2025-26,38,371,783,Pascal Groß,MID,Brighton,6,14,1,2026-05-24T15:00:00Z,90,2,0,0,0,3,0,11,7.8,5.9,29.0,4.3,0.11,0.15,0.26,1.66,1,56
2025-26,38,372,784,George Brierley,MID,Burnley,3,20,1,2026-05-24T15:00:00Z,0,0,0,0,0,0,0,0,0.0,0.0,0.0,0.0,0.0,0.0,0.0,0.0,0,45
2025-26,38,380,785,Pablo Felipe Pereira de Jesus,FWD,West Ham,19,11,1,2026-05-24T15:00:00Z,45,1,0,0,0,0,0,5,6.6,26.6,13.0,4.6,0.23,0.12,0.35,1.06,1,54
2025-26,38,374,786,Alfie McNally,GK,Fulham,10,15,1,2026-05-24T15:00:00Z,0,0,0,0,0,0,0,0,0.0,0.0,0.0,0.0,0.0,0.0,0.0,0.0,0,40
2025-26,38,380,787,Sam Chambers,MID,Leeds,11,19,0,2026-05-24T15:00:00Z,0,0,0,0,0,0,0,0,0.0,0.0,0.0,0.0,0.0,0.0,0.0,0.0,0,44
2025-26,38,371,788,Godwill Kukonki,DEF,Man Utd,14,6,0,2026-05-24T15:00:00Z,0,0,0,0,0,0,0,0,0.0,0.0,0.0,0.0,0.0,0.0,0.0,0.0,0,40
2025-26,38,378,789,Max Merrick,GK,Chelsea,7,17,0,2026-05-24T15:00:00Z,0,0,0,0,0,0,0,0,0.0,0.0,0.0,0.0,0.0,0.0,0.0,0.0,0,40
2025-26,38,379,790,Lucá Williams-Barnett,MID,Spurs,18,9,1,2026-05-24T15:00:00Z,0,0,0,0,0,0,0,0,0.0,0.0,0.0,0.0,0.0,0.0,0.0,0.0,0,45
2025-26,38,380,791,Valentín Castellanos,FWD,West Ham,19,11,1,2026-05-24T15:00:00Z,87,8,1,0,1,0,2,35,33.0,1.4,64.0,9.8,0.83,0.01,0.84,1.39,1,55
2025-26,38,376,792,Alysson Edward Franco da Rocha dos Santos,MID,Aston Villa,2,13,0,2026-05-24T15:00:00Z,0,0,0,0,0,0,0,0,0.0,0.0,0.0,0.0,0.0,0.0,0.0,0.0,0,50
2025-26,38,373,793,George King,DEF,Crystal Palace,8,1,1,2026-05-24T15:00:00Z,0,0,0,0,0,0,0,0,0.0,0.0,0.0,0.0,0.0,0.0,0.0,0.0,0,40
2025-26,38,376,794,Max Alleyne,DEF,Man City,13,2,1,2026-05-24T15:00:00Z,0,0,0,0,0,0,0,0,0.0,0.0,0.0,0.0,0.0,0.0,0.0,0.0,0,39
2025-26,38,371,795,Harry Howell,MID,Brighton,6,14,1,2026-05-24T15:00:00Z,0,0,0,0,0,0,0,0,0.0,0.0,0.0,0.0,0.0,0.0,0.0,0.0,0,45
2025-26,38,379,796,Conor Gallagher,MID,Spurs,18,9,1,2026-05-24T15:00:00Z,81,3,0,0,1,0,0,13,6.6,15.1,10.0,3.2,0.18,0.02,0.2,0.16,1,50
2025-26,38,375,797,Kaye Furo,FWD,Brentford,5,12,0,2026-05-24T15:00:00Z,0,0,0,0,0,0,0,0,0.0,0.0,0.0,0.0,0.0,0.0,0.0,0.0,0,45
2025-26,38,373,798,Danny Imray,DEF,Crystal Palace,8,1,1,2026-05-24T15:00:00Z,0,0,0,0,0,0,0,0,0.0,0.0,0.0,0.0,0.0,0.0,0.0,0.0,0,40
2025-26,38,377,799,Charlie Stevens,MID,Bournemouth,4,16,0,2026-05-24T15:00:00Z,0,0,0,0,0,0,0,0,0.0,0.0,0.0,0.0,0.0,0.0,0.0,0.0,0,45
2025-26,38,378,800,Djiamgone Jocelin Ta Bi,MID,Sunderland,17,7,1,2026-05-24T15:00:00Z,0,0,0,0,0,0,0,0,0.0,0.0,0.0,0.0,0.0,0.0,0.0,0.0,0,49
2025-26,38,377,801,Alex Tóth,MID,Bournemouth,4,16,0,2026-05-24T15:00:00Z,56,1,0,0,0,1,0,9,9.0,15.1,4.0,2.8,0.05,0.06,0.11,1.04,1,49
2025-26,38,380,802,Keiber Lamadrid,MID,West Ham,19,11,1,2026-05-24T15:00:00Z,0,0,0,0,0,0,0,0,0.0,0.0,0.0,0.0,0.0,0.0,0.0,0.0,0,50
2025-26,38,378,803,Teddy Sharman-Lowe,GK,Chelsea,7,17,0,2026-05-24T15:00:00Z,0,0,0,0,0,0,0,0,0.0,0.0,0.0,0.0,0.0,0.0,0.0,0.0,0,40
2025-26,38,379,804,João Victor de Souza Menezes,DEF,Spurs,18,9,1,2026-05-24T15:00:00Z,0,0,0,0,0,0,0,0,0.0,0.0,0.0,0.0,0.0,0.0,0.0,0.0,0,40
2025-26,38,377,805,Lorenzo Lucca,FWD,Nott'm Forest,16,4,1,2026-05-24T15:00:00Z,0,0,0,0,0,0,0,0,0.0,0.0,0.0,0.0,0.0,0.0,0.0,0.0,0,53
2025-26,38,377,806,Christos Mandas,GK,Bournemouth,4,16,0,2026-05-24T15:00:00Z,0,0,0,0,0,0,0,0,0.0,0.0,0.0,0.0,0.0,0.0,0.0,0.0,0,40
2025-26,38,377,807,Rayan Vitor Simplício Rocha,MID,Bournemouth,4,16,0,2026-05-24T15:00:00Z,72,2,0,0,0,1,0,9,9.8,16.8,8.0,3.5,0.06,0.04,0.1,1.22,1,54
2025-26,38,376,808,Tammy Abraham,FWD,Aston Villa,2,13,0,2026-05-24T15:00:00Z,0,0,0,0,0,0,0,0,0.0,0.0,0.0,0.0,0.0,0.0,0.0,0.0,0,57
2025-26,38,372,809,Jerome Abbey,MID,Wolves,20,3,0,2026-05-24T15:00:00Z,16,1,0,0,0,0,0,2,3.2,0.0,0.0,0.3,0.0,0.0,0.0,0.42,0,45
2025-26,38,375,810,Luka Bentt,MID,Brentford,5,12,0,2026-05-24T15:00:00Z,0,0,0,0,0,0,0,0,0.0,0.0,0.0,0.0,0.0,0.0,0.0,0.0,0,45
2025-26,38,379,811,Rio Kyerematen,MID,Spurs,18,9,1,2026-05-24T15:00:00Z,0,0,0,0,0,0,0,0,0.0,0.0,0.0,0.0,0.0,0.0,0.0,0.0,0,45
2025-26,38,378,812,Melker Ellborg,GK,Sunderland,17,7,1,2026-05-24T15:00:00Z,0,0,0,0,0,0,0,0,0.0,0.0,0.0,0.0,0.0,0.0,0.0,0.0,0,40
2025-26,38,378,813,Nilson Angulo,MID,Sunderland,17,7,1,2026-05-24T15:00:00Z,60,1,0,0,0,1,0,7,4.8,1.2,23.0,2.9,0.28,0.02,0.3,0.81,1,50
2025-26,38,377,814,Luca Netz,DEF,Nott'm Forest,16,4,1,2026-05-24T15:00:00Z,27,1,0,0,0,0,0,4,3.6,0.3,0.0,0.4,0.0,0.0,0.0,0.16,0,45
2025-26,38,380,815,Axel Disasi,DEF,West Ham,19,11,1,2026-05-24T15:00:00Z,90,6,0,0,1,0,0,20,4.8,0.6,0.0,0.5,0.0,0.01,0.01,1.59,1,45
2025-26,38,372,816,Angel Gomes,MID,Wolves,20,3,0,2026-05-24T15:00:00Z,65,2,0,0,0,1,0,13,9.4,22.2,0.0,3.2,0.0,0.01,0.01,0.56,1,46
2025-26,38,372,817,Adam Armstrong,FWD,Wolves,20,3,0,2026-05-24T15:00:00Z,73,7,1,0,0,1,1,19,32.0,0.0,27.0,5.9,0.79,0.0,0.79,0.56,1,51
2025-26,38,379,818,James Wilson,FWD,Spurs,18,9,1,2026-05-24T15:00:00Z,0,0,0,0,0,0,0,0,0.0,0.0,0.0,0.0,0.0,0.0,0.0,0.0,0,45
2025-26,38,375,819,Ollie Shield,DEF,Brentford,5,12,0,2026-05-24T15:00:00Z,0,0,0,0,0,0,0,0,0.0,0.0,0.0,0.0,0.0,0.0,0.0,0.0,0,40
2025-26,38,372,820,Kian McMahon-Brown,MID,Burnley,3,20,1,2026-05-24T15:00:00Z,0,0,0,0,0,0,0,0,0.0,0.0,0.0,0.0,0.0,0.0,0.0,0.0,0,45
2025-26,38,378,821,Jack Whittaker,MID,Sunderland,17,7,1,2026-05-24T15:00:00Z,0,0,0,0,0,0,0,0,0.0,0.0,0.0,0.0,0.0,0.0,0.0,0.0,0,45
2025-26,38,378,822,Jaydon Jones,MID,Sunderland,17,7,1,2026-05-24T15:00:00Z,0,0,0,0,0,0,0,0,0.0,0.0,0.0,0.0,0.0,0.0,0.0,0.0,0,45
2025-26,38,375,823,Joshua Stephenson,DEF,Brentford,5,12,0,2026-05-24T15:00:00Z,0,0,0,0,0,0,0,0,0.0,0.0,0.0,0.0,0.0,0.0,0.0,0.0,0,40
2025-26,38,375,824,Conor McManus,DEF,Brentford,5,12,0,2026-05-24T15:00:00Z,0,0,0,0,0,0,0,0,0.0,0.0,0.0,0.0,0.0,0.0,0.0,0.0,0,40
2025-26,38,380,825,Finlay Herrick,GK,West Ham,19,11,1,2026-05-24T15:00:00Z,0,0,0,0,0,0,0,0,0.0,0.0,0.0,0.0,0.0,0.0,0.0,0.0,0,40
2025-26,38,375,826,Riley Owen,MID,Brentford,5,12,0,2026-05-24T15:00:00Z,0,0,0,0,0,0,0,0,0.0,0.0,0.0,0.0,0.0,0.0,0.0,0.0,0,45
2025-26,38,371,827,Jim Thwaites,MID,Man Utd,14,6,0,2026-05-24T15:00:00Z,0,0,0,0,0,0,0,0,0.0,0.0,0.0,0.0,0.0,0.0,0.0,0.0,0,45
2025-26,38,372,828,Alfie Brooks,GK,Wolves,20,3,0,2026-05-24T15:00:00Z,0,0,0,0,0,0,0,0,0.0,0.0,0.0,0.0,0.0,0.0,0.0,0.0,0,40
2025-26,38,378,829,Jesse Derry,MID,Chelsea,7,17,0,2026-05-24T15:00:00Z,0,0,0,0,0,0,0,0,0.0,0.0,0.0,0.0,0.0,0.0,0.0,0.0,0,45
2025-26,38,375,830,Will Wright,FWD,Liverpool,12,5,1,2026-05-24T15:00:00Z,0,0,0,0,0,0,0,0,0.0,0.0,0.0,0.0,0.0,0.0,0.0,0.0,0,45
2025-26,38,372,831,Josh Gracey,GK,Wolves,20,3,0,2026-05-24T15:00:00Z,0,0,0,0,0,0,0,0,0.0,0.0,0.0,0.0,0.0,0.0,0.0,0.0,0,40
2025-26,38,375,832,Talla Ndiaye,DEF,Liverpool,12,5,1,2026-05-24T15:00:00Z,0,0,0,0,0,0,0,0,0.0,0.0,0.0,0.0,0.0,0.0,0.0,0.0,0,40
2025-26,38,378,833,Mathis Eboué,MID,Chelsea,7,17,0,2026-05-24T15:00:00Z,0,0,0,0,0,0,0,0,0.0,0.0,0.0,0.0,0.0,0.0,0.0,0.0,0,45
2025-26,38,378,834,Ryan Kavuma-McQueen,MID,Chelsea,7,17,0,2026-05-24T15:00:00Z,0,0,0,0,0,0,0,0,0.0,0.0,0.0,0.0,0.0,0.0,0.0,0.0,0,45
2025-26,38,377,835,Archie Whitehall,MID,Nott'm Forest,16,4,1,2026-05-24T15:00:00Z,0,0,0,0,0,0,0,0,0.0,0.0,0.0,0.0,0.0,0.0,0.0,0.0,0,45
2025-26,38,377,836,Jimmy Sinclair,MID,Nott'm Forest,16,4,1,2026-05-24T15:00:00Z,0,0,0,0,0,0,0,0,0.0,0.0,0.0,0.0,0.0,0.0,0.0,0.0,0,45
2025-26,38,380,837,Jayden Lienou,DEF,Leeds,11,19,0,2026-05-24T15:00:00Z,0,0,0,0,0,0,0,0,0.0,0.0,0.0,0.0,0.0,0.0,0.0,0.0,0,40
2025-26,38,380,838,Rhys Chadwick,MID,Leeds,11,19,0,2026-05-24T15:00:00Z,0,0,0,0,0,0,0,0,0.0,0.0,0.0,0.0,0.0,0.0,0.0,0.0,0,45
2025-26,38,380,839,Alfie Cresswell,MID,Leeds,11,19,0,2026-05-24T15:00:00Z,0,0,0,0,0,0,0,0,0.0,0.0,0.0,0.0,0.0,0.0,0.0,0.0,0,45
2025-26,38,378,840,Shumaira Mheuka,FWD,Chelsea,7,17,0,2026-05-24T15:00:00Z,0,0,0,0,0,0,0,0,0.0,0.0,0.0,0.0,0.0,0.0,0.0,0.0,0,45
2025-26,38,377,841,Lamin Sillah,FWD,Nott'm Forest,16,4,1,2026-05-24T15:00:00Z,0,0,0,0,0,0,0,0,0.0,0.0,0.0,0.0,0.0,0.0,0.0,0.0,0,45
