season,gw,element,name,position,team,team_id,opponent_team,was_home,kickoff_time,minutes,total_points,goals_scored,assists,clean_sheets,goals_conceded,bonus,bps,influence,creativity,threat,ict_index,expected_goals,expected_assists,expected_goal_involvements,expected_goals_conceded,starts,value
2023-24,21,1,Folarin Balogun,FWD,Arsenal,1,8,1,2024-01-20T12:30:00Z,0,0,0,0,0,0,0,0,0.0,0.0,0.0,0.0,0.0,0.0,0.0,0.0,0,44
2023-24,21,2,Cédric Alves Soares,DEF,Arsenal,1,8,1,2024-01-20T12:30:00Z,0,0,0,0,0,0,0,0,0.0,0.0,0.0,0.0,0.0,0.0,0.0,0.0,0,39
2023-24,21,3,Mohamed Elneny,MID,Arsenal,1,8,1,2024-01-20T12:30:00Z,0,0,0,0,0,0,0,0,0.0,0.0,0.0,0.0,0.0,0.0,0.0,0.0,0,44
2023-24,21,4,Fábio Ferreira Vieira,MID,Arsenal,1,8,1,2024-01-20T12:30:00Z,0,0,0,0,0,0,0,0,0.0,0.0,0.0,0.0,0.0,0.0,0.0,0.0,0,54
2023-24,21,5,Gabriel dos Santos Magalhães,DEF,Arsenal,1,8,1,2024-01-20T12:30:00Z,80,17,1,1,1,0,2,43,45.8,1.0,46.0,9.3,0.99,0.01,1.0,0.28,1,50
2023-24,21,6,Kai Havertz,MID,Arsenal,1,8,1,2024-01-20T12:30:00Z,68,3,0,0,1,0,0,5,5.8,2.3,4.0,1.2,0.0,0.12,0.12,0.28,1,71
2023-24,21,7,Rob Holding,DEF,Crystal Palace,8,1,0,2024-01-20T12:30:00Z,0,0,0,0,0,0,0,0,0.0,0.0,0.0,0.0,0.0,0.0,0.0,0.0,0,43
2023-24,21,8,Gabriel Fernando de Jesus,FWD,Arsenal,1,8,1,2024-01-20T12:30:00Z,80,5,0,1,1,0,0,26,25.8,46.9,20.0,9.3,0.12,0.42,0.54,0.28,1,80
2023-24,21,9,Jorge Luiz Frello Filho,MID,Arsenal,1,8,1,2024-01-20T12:30:00Z,17,4,0,1,0,0,0,16,21.2,17.5,1.0,4.0,0.01,0.21,0.22,0.05,0,53
2023-24,21,10,Jakub Kiwior,DEF,Arsenal,1,8,1,2024-01-20T12:30:00Z,9,1,0,0,0,0,0,3,1.6,0.7,0.0,0.2,0.0,0.0,0.0,0.05,0,43
2023-24,21,11,Marcus Oliveira Alencar,MID,Arsenal,1,8,1,2024-01-20T12:30:00Z,0,0,0,0,0,0,0,0,0.0,0.0,0.0,0.0,0.0,0.0,0.0,0.0,0,45
2023-24,21,12,Gabriel Martinelli Silva,MID,Arsenal,1,8,1,2024-01-20T12:30:00Z,21,14,2,0,0,0,3,44,72.8,2.6,46.0,12.1,0.74,0.03,0.77,0.05,0,77
2023-24,21,13,Eddie Nketiah,FWD,Arsenal,1,8,1,2024-01-20T12:30:00Z,9,4,0,1,0,0,0,16,19.2,13.3,4.0,3.7,0.0,0.15,0.15,0.05,0,53
2023-24,21,14,Martin Ødegaard,MID,Arsenal,1,8,1,2024-01-20T12:30:00Z,90,3,0,0,1,0,0,11,10.0,40.3,10.0,6.0,0.06,0.07,0.13,0.33,1,85
2023-24,21,15,Thomas Partey,MID,Arsenal,1,8,1,2024-01-20T12:30:00Z,0,0,0,0,0,0,0,0,0.0,0.0,0.0,0.0,0.0,0.0,0.0,0.0,0,48
2023-24,21,16,Nicolas Pépé,MID,Arsenal,1,8,1,2024-01-20T12:30:00Z,0,0,0,0,0,0,0,0,0.0,0.0,0.0,0.0,0.0,0.0,0.0,0.0,0,49
2023-24,21,17,Aaron Ramsdale,GK,Arsenal,1,8,1,2024-01-20T12:30:00Z,0,0,0,0,0,0,0,0,0.0,0.0,0.0,0.0,0.0,0.0,0.0,0.0,0,46
2023-24,21,18,Rúnar Alex Rúnarsson,GK,Arsenal,1,8,1,2024-01-20T12:30:00Z,0,0,0,0,0,0,0,0,0.0,0.0,0.0,0.0,0.0,0.0,0.0,0.0,0,40
2023-24,21,19,Bukayo Saka,MID,Arsenal,1,8,1,2024-01-20T12:30:00Z,90,3,0,0,1,0,0,17,14.4,56.2,13.0,8.4,0.1,0.41,0.51,0.33,1,91
2023-24,21,20,William Saliba,DEF,Arsenal,1,8,1,2024-01-20T12:30:00Z,90,6,0,0,1,0,0,27,12.8,0.4,0.0,1.3,0.0,0.0,0.0,0.33,1,56
2023-24,21,21,Albert Sambi Lokonga,MID,Luton,12,6,0,2024-01-12T19:45:00Z,85,2,0,0,0,1,0,13,6.6,19.8,11.0,3.7,0.14,0.04,0.18,0.99,1,49
2023-24,21,22,Emile Smith Rowe,MID,Arsenal,1,8,1,2024-01-20T12:30:00Z,21,1,0,0,0,0,0,2,0.8,2.2,0.0,0.3,0.0,0.03,0.03,0.05,0,53
2023-24,21,23,Nuno Varela Tavares,DEF,Nott'm Forest,16,4,0,2024-01-20T17:30:00Z,90,1,0,0,0,3,0,12,13.2,6.3,8.0,2.8,0.03,0.04,0.07,1.29,1,40
2023-24,21,24,Kieran Tierney,DEF,Arsenal,1,8,1,2024-01-20T12:30:00Z,0,0,0,0,0,0,0,0,0.0,0.0,0.0,0.0,0.0,0.0,0.0,0.0,0,44
2023-24,21,25,Takehiro Tomiyasu,DEF,Arsenal,1,8,1,2024-01-20T12:30:00Z,0,0,0,0,0,0,0,0,0.0,0.0,0.0,0.0,0.0,0.0,0.0,0.0,0,45
2023-24,21,26,Leandro Trossard,MID,Arsenal,1,8,1,2024-01-20T12:30:00Z,68,8,1,0,1,0,0,17,33.4,8.0,33.0,7.4,1.16,0.02,1.18,0.28,1,65
2023-24,21,27,Auston Trusty,DEF,Sheffield Utd,17,19,1,2024-01-21T14:00:00Z,79,1,0,0,0,2,0,13,19.6,12.3,23.0,5.5,0.09,0.22,0.31,1.79,1,39
2023-24,21,28,Matt Turner,GK,Nott'm Forest,16,4,0,2024-01-20T17:30:00Z,90,1,0,0,0,3,0,13,17.8,0.0,0.0,1.8,0.0,0.0,0.0,1.29,1,39
2023-24,21,29,Benjamin White,DEF,Arsenal,1,8,1,2024-01-20T12:30:00Z,90,6,0,0,1,0,0,26,21.4,15.5,4.0,4.1,0.04,0.15,0.19,0.33,1,56
2023-24,21,30,Granit Xhaka,MID,Arsenal,1,8,1,2024-01-20T12:30:00Z,0,0,0,0,0,0,0,0,0.0,0.0,0.0,0.0,0.0,0.0,0.0,0.0,0,60
2023-24,21,31,Oleksandr Zinchenko,DEF,Arsenal,1,8,1,2024-01-20T12:30:00Z,90,6,0,0,1,0,0,26,25.8,23.3,27.0,7.6,0.06,0.09,0.15,0.33,1,52
2023-24,21,32,Alexandre Moreno Lopera,DEF,Aston Villa,2,9,0,2024-01-14T14:00:00Z,90,7,0,0,1,0,1,28,24.8,30.2,8.0,6.3,0.0,0.17,0.17,1.13,1,50
2023-24,21,33,Cameron Archer,FWD,Sheffield Utd,17,19,1,2024-01-21T14:00:00Z,23,1,0,0,0,1,0,5,7.0,4.5,2.0,1.4,0.03,0.01,0.04,1.35,0,45
2023-24,21,34,Leon Bailey,MID,Aston Villa,2,9,0,2024-01-14T14:00:00Z,63,3,0,0,1,0,0,5,5.0,13.3,21.0,3.9,0.07,0.05,0.12,1.05,1,57
2023-24,21,35,Emiliano Buendía Stati,MID,Aston Villa,2,9,0,2024-01-14T14:00:00Z,0,0,0,0,0,0,0,0,0.0,0.0,0.0,0.0,0.0,0.0,0.0,0.0,0,57
2023-24,21,36,Matty Cash,DEF,Aston Villa,2,9,0,2024-01-14T14:00:00Z,16,1,0,0,0,0,0,9,7.8,26.0,7.0,4.1,0.12,0.22,0.34,0.08,0,47
2023-24,21,37,Calum Chambers,DEF,Aston Villa,2,9,0,2024-01-14T14:00:00Z,0,0,0,0,0,0,0,0,0.0,0.0,0.0,0.0,0.0,0.0,0.0,0.0,0,39
2023-24,21,38,Philippe Coutinho Correia,MID,Aston Villa,2,9,0,2024-01-14T14:00:00Z,0,0,0,0,0,0,0,0,0.0,0.0,0.0,0.0,0.0,0.0,0.0,0.0,0,58
2023-24,21,39,Keinan Davis,FWD,Aston Villa,2,9,0,2024-01-14T14:00:00Z,0,0,0,0,0,0,0,0,0.0,0.0,0.0,0.0,0.0,0.0,0.0,0.0,0,49
2023-24,21,40,Leander Dendoncker,MID,Aston Villa,2,9,0,2024-01-14T14:00:00Z,0,0,0,0,0,0,0,0,0.0,0.0,0.0,0.0,0.0,0.0,0.0,0.0,0,49
2023-24,21,41,Diego Carlos Santos Silva,DEF,Aston Villa,2,9,0,2024-01-14T14:00:00Z,73,5,0,0,1,0,0,19,6.6,0.2,0.0,0.7,0.0,0.01,0.01,1.05,1,44
2023-24,21,42,Lucas Digne,DEF,Aston Villa,2,9,0,2024-01-14T14:00:00Z,0,0,0,0,0,0,0,0,0.0,0.0,0.0,0.0,0.0,0.0,0.0,0.0,0,46
2023-24,21,43,Douglas Luiz Soares de Paulo,MID,Aston Villa,2,9,0,2024-01-14T14:00:00Z,90,3,0,0,1,0,0,15,12.0,29.5,2.0,4.4,0.03,0.11,0.14,1.13,1,56
2023-24,21,44,Jhon Durán,FWD,Aston Villa,2,9,0,2024-01-14T14:00:00Z,26,1,0,0,0,0,0,-5,0.0,0.0,34.0,3.1,0.42,0.0,0.41,0.08,0,50
2023-24,21,45,Kortney Hause,DEF,Aston Villa,2,9,0,2024-01-14T14:00:00Z,0,0,0,0,0,0,0,0,0.0,0.0,0.0,0.0,0.0,0.0,0.0,0.0,0,39
2023-24,21,46,Tim Iroegbunam,MID,Aston Villa,2,9,0,2024-01-14T14:00:00Z,0,0,0,0,0,0,0,0,0.0,0.0,0.0,0.0,0.0,0.0,0.0,0.0,0,44
2023-24,21,47,Boubacar Kamara,MID,Aston Villa,2,9,0,2024-01-14T14:00:00Z,90,3,0,0,1,0,0,16,16.0,15.8,2.0,3.4,0.0,0.11,0.11,1.13,1,50
2023-24,21,48,Ezri Konsa Ngoyo,DEF,Aston Villa,2,9,0,2024-01-14T14:00:00Z,90,6,0,0,1,0,0,24,17.6,1.8,2.0,2.1,0.0,0.01,0.01,1.13,1,46
2023-24,21,49,Emiliano Martínez Romero,GK,Aston Villa,2,9,0,2024-01-14T14:00:00Z,90,9,0,0,1,0,3,30,23.6,10.0,0.0,3.4,0.0,0.0,0.0,1.13,1,52
2023-24,21,50,John McGinn,MID,Aston Villa,2,9,0,2024-01-14T14:00:00Z,88,3,0,0,1,0,0,4,7.6,6.9,6.0,2.1,0.12,0.23,0.35,1.09,1,56
2023-24,21,51,Tyrone Mings,DEF,Aston Villa,2,9,0,2024-01-14T14:00:00Z,0,0,0,0,0,0,0,0,0.0,0.0,0.0,0.0,0.0,0.0,0.0,0.0,0,41
2023-24,21,52,Marvelous Nakamba,MID,Luton,12,6,0,2024-01-12T19:45:00Z,0,0,0,0,0,0,0,0,0.0,0.0,0.0,0.0,0.0,0.0,0.0,0.0,0,44
2023-24,21,53,Robin Olsen,GK,Aston Villa,2,9,0,2024-01-14T14:00:00Z,0,0,0,0,0,0,0,0,0.0,0.0,0.0,0.0,0.0,0.0,0.0,0.0,0,39
2023-24,21,54,Jaden Philogene-Bidace,MID,Aston Villa,2,9,0,2024-01-14T14:00:00Z,0,0,0,0,0,0,0,0,0.0,0.0,0.0,0.0,0.0,0.0,0.0,0.0,0,45
2023-24,21,55,Jacob Ramsey,MID,Aston Villa,2,9,0,2024-01-14T14:00:00Z,0,0,0,0,0,0,0,0,0.0,0.0,0.0,0.0,0.0,0.0,0.0,0.0,0,59
2023-24,21,56,Morgan Sanson,MID,Aston Villa,2,9,0,2024-01-14T14:00:00Z,0,0,0,0,0,0,0,0,0.0,0.0,0.0,0.0,0.0,0.0,0.0,0.0,0,45
2023-24,21,57,Viljami Sinisalo,GK,Aston Villa,2,9,0,2024-01-14T14:00:00Z,0,0,0,0,0,0,0,0,0.0,0.0,0.0,0.0,0.0,0.0,0.0,0.0,0,40
2023-24,21,58,Youri Tielemans,MID,Aston Villa,2,9,0,2024-01-14T14:00:00Z,26,0,0,0,0,0,0,-2,0.0,2.1,0.0,0.1,0.0,0.05,0.05,0.08,0,56
2023-24,21,59,Bertrand Traoré,MID,Aston Villa,2,9,0,2024-01-14T14:00:00Z,0,0,0,0,0,0,0,0,0.0,0.0,0.0,0.0,0.0,0.0,0.0,0.0,0,50
2023-24,21,60,Ollie Watkins,FWD,Aston Villa,2,9,0,2024-01-14T14:00:00Z,90,1,0,0,1,0,0,-2,0.0,13.0,45.0,5.7,0.3,0.04,0.34,1.13,1,89
2023-24,21,61,Wesley Moraes Ferreira da Silva,FWD,Aston Villa,2,9,0,2024-01-14T14:00:00Z,0,0,0,0,0,0,0,0,0.0,0.0,0.0,0.0,0.0,0.0,0.0,0.0,0,50
2023-24,21,62,Jaidon Anthony,MID,Bournemouth,3,11,1,2024-01-21T16:30:00Z,0,0,0,0,0,0,0,0,0.0,0.0,0.0,0.0,0.0,0.0,0.0,0.0,0,49
2023-24,21,63,Philip Billing,MID,Bournemouth,3,11,1,2024-01-21T16:30:00Z,7,1,0,0,0,1,0,3,1.0,0.1,0.0,0.1,0.0,0.0,0.0,0.4,0,52
2023-24,21,64,David Brooks,MID,Bournemouth,3,11,1,2024-01-21T16:30:00Z,21,1,0,0,0,3,0,6,6.0,18.5,8.0,3.3,0.51,0.05,0.56,0.65,0,47
2023-24,21,65,Ryan Christie,MID,Bournemouth,3,11,1,2024-01-21T16:30:00Z,90,2,0,0,0,4,0,12,18.0,25.8,13.0,5.7,0.06,0.26,0.32,1.61,1,50
2023-24,21,66,Lewis Cook,MID,Bournemouth,3,11,1,2024-01-21T16:30:00Z,82,1,0,0,0,3,0,8,12.0,12.7,0.0,2.5,0.0,0.08,0.08,1.22,1,50
2023-24,21,67,Siriki Dembélé,MID,Bournemouth,3,11,1,2024-01-21T16:30:00Z,0,0,0,0,0,0,0,0,0.0,0.0,0.0,0.0,0.0,0.0,0.0,0.0,0,45
2023-24,21,68,Ryan Fredericks,DEF,Bournemouth,3,11,1,2024-01-21T16:30:00Z,0,0,0,0,0,0,0,0,0.0,0.0,0.0,0.0,0.0,0.0,0.0,0.0,0,43
2023-24,21,69,James Hill,DEF,Bournemouth,3,11,1,2024-01-21T16:30:00Z,54,1,0,0,0,1,0,10,22.2,0.4,0.0,2.3,0.0,0.0,0.0,0.96,1,40
2023-24,21,70,Lloyd Kelly,DEF,Bournemouth,3,11,1,2024-01-21T16:30:00Z,35,0,0,0,0,3,0,8,6.0,0.5,0.0,0.7,0.0,0.0,0.0,0.65,0,45
2023-24,21,71,Gavin Kilkenny,MID,Bournemouth,3,11,1,2024-01-21T16:30:00Z,0,0,0,0,0,0,0,0,0.0,0.0,0.0,0.0,0.0,0.0,0.0,0.0,0,43
2023-24,21,72,Justin Kluivert,MID,Bournemouth,3,11,1,2024-01-21T16:30:00Z,68,2,0,0,0,1,0,5,5.4,12.0,20.0,3.7,0.28,0.02,0.3,0.96,1,46
2023-24,21,73,Jamal Lowe,MID,Bournemouth,3,11,1,2024-01-21T16:30:00Z,0,0,0,0,0,0,0,0,0.0,0.0,0.0,0.0,0.0,0.0,0.0,0.0,0,49
2023-24,21,74,Emiliano Marcondes,MID,Bournemouth,3,11,1,2024-01-21T16:30:00Z,0,0,0,0,0,0,0,0,0.0,0.0,0.0,0.0,0.0,0.0,0.0,0.0,0,43
2023-24,21,75,Chris Mepham,DEF,Bournemouth,3,11,1,2024-01-21T16:30:00Z,90,0,0,0,0,4,0,14,15.6,0.5,2.0,1.8,0.0,0.01,0.01,1.61,1,43
2023-24,21,76,Kieffer Moore,FWD,Bournemouth,3,11,1,2024-01-21T16:30:00Z,7,1,0,0,0,1,0,-1,0.0,10.3,1.0,1.0,0.41,0.01,0.42,0.4,0,46
2023-24,21,77,Norberto Murara Neto,GK,Bournemouth,3,11,1,2024-01-21T16:30:00Z,90,1,0,0,0,4,0,14,18.4,0.0,0.0,1.8,0.0,0.0,0.0,1.61,1,46
2023-24,21,78,Dango Ouattara,MID,Bournemouth,3,11,1,2024-01-21T16:30:00Z,0,0,0,0,0,0,0,0,0.0,0.0,0.0,0.0,0.0,0.0,0.0,0.0,0,47
2023-24,21,79,Ben Pearson,MID,Bournemouth,3,11,1,2024-01-21T16:30:00Z,0,0,0,0,0,0,0,0,0.0,0.0,0.0,0.0,0.0,0.0,0.0,0.0,0,45
2023-24,21,80,Darren Randolph,GK,Bournemouth,3,11,1,2024-01-21T16:30:00Z,0,0,0,0,0,0,0,0,0.0,0.0,0.0,0.0,0.0,0.0,0.0,0.0,0,40
2023-24,21,81,Joe Rothwell,MID,Bournemouth,3,11,1,2024-01-21T16:30:00Z,0,0,0,0,0,0,0,0,0.0,0.0,0.0,0.0,0.0,0.0,0.0,0.0,0,48
2023-24,21,82,Antoine Semenyo,FWD,Bournemouth,3,11,1,2024-01-21T16:30:00Z,0,0,0,0,0,0,0,0,0.0,0.0,0.0,0.0,0.0,0.0,0.0,0.0,0,46
2023-24,21,83,Marcos Senesi,DEF,Bournemouth,3,11,1,2024-01-21T16:30:00Z,0,0,0,0,0,0,0,0,0.0,0.0,0.0,0.0,0.0,0.0,0.0,0.0,0,45
2023-24,21,84,Adam Smith,DEF,Bournemouth,3,11,1,2024-01-21T16:30:00Z,0,0,0,0,0,0,0,0,0.0,0.0,0.0,0.0,0.0,0.0,0.0,0.0,0,44
2023-24,21,85,Dominic Solanke,FWD,Bournemouth,3,11,1,2024-01-21T16:30:00Z,82,2,0,0,0,3,0,5,1.4,2.3,21.0,2.5,0.08,0.0,0.08,1.22,1,71
2023-24,21,86,Marcus Tavernier,MID,Bournemouth,3,11,1,2024-01-21T16:30:00Z,90,2,0,0,0,4,0,23,23.4,28.0,16.0,6.7,0.02,0.16,0.18,1.61,1,54
2023-24,21,87,Hamed Traorè,MID,Bournemouth,3,11,1,2024-01-21T16:30:00Z,0,0,0,0,0,0,0,0,0.0,0.0,0.0,0.0,0.0,0.0,0.0,0.0,0,47
2023-24,21,88,Mark Travers,GK,Bournemouth,3,11,1,2024-01-21T16:30:00Z,0,0,0,0,0,0,0,0,0.0,0.0,0.0,0.0,0.0,0.0,0.0,0.0,0,40
2023-24,21,89,Illia Zabarnyi,DEF,Bournemouth,3,11,1,2024-01-21T16:30:00Z,90,0,0,0,0,4,0,10,15.2,0.8,0.0,1.6,0.0,0.02,0.02,1.61,1,44
2023-24,21,90,Kristoffer Ajer,DEF,Brentford,4,16,1,2024-01-20T17:30:00Z,1,1,0,0,0,0,0,3,5.2,0.3,0.0,0.6,0.0,0.0,0.0,0.0,0,44
2023-24,21,91,Ellery Balcombe,GK,Brentford,4,16,1,2024-01-20T17:30:00Z,0,0,0,0,0,0,0,0,0.0,0.0,0.0,0.0,0.0,0.0,0.0,0.0,0,39
2023-24,21,92,Shandon Baptiste,MID,Brentford,4,16,1,2024-01-20T17:30:00Z,16,1,0,0,0,0,0,4,1.8,0.7,2.0,0.5,0.0,0.0,0.0,0.21,0,43
2023-24,21,93,Mads Bech Sørensen,DEF,Brentford,4,16,1,2024-01-20T17:30:00Z,0,0,0,0,0,0,0,0,0.0,0.0,0.0,0.0,0.0,0.0,0.0,0.0,0,40
2023-24,21,94,Mads Bidstrup,MID,Brentford,4,16,1,2024-01-20T17:30:00Z,0,0,0,0,0,0,0,0,0.0,0.0,0.0,0.0,0.0,0.0,0.0,0.0,0,45
2023-24,21,95,Sergi Canós Tenés,MID,Brentford,4,16,1,2024-01-20T17:30:00Z,0,0,0,0,0,0,0,0,0.0,0.0,0.0,0.0,0.0,0.0,0.0,0.0,0,50
2023-24,21,96,Nathan Collins,DEF,Brentford,4,16,1,2024-01-20T17:30:00Z,90,1,0,0,0,2,0,12,15.8,1.1,0.0,1.7,0.0,0.01,0.01,1.09,1,45
2023-24,21,97,Matthew Cox,GK,Brentford,4,16,1,2024-01-20T17:30:00Z,0,0,0,0,0,0,0,0,0.0,0.0,0.0,0.0,0.0,0.0,0.0,0.0,0,40
2023-24,21,98,Mikkel Damsgaard,MID,Brentford,4,16,1,2024-01-20T17:30:00Z,73,5,0,1,0,2,0,16,1.6,3.0,2.0,0.7,0.0,0.01,0.01,0.88,1,48
2023-24,21,99,Josh Dasilva,MID,Brentford,4,16,1,2024-01-20T17:30:00Z,1,1,0,0,0,0,0,1,1.2,0.3,6.0,0.8,0.0,0.0,0.0,0.0,0,47
2023-24,21,100,Halil Dervişoğlu,FWD,Brentford,4,16,1,2024-01-20T17:30:00Z,0,0,0,0,0,0,0,0,0.0,0.0,0.0,0.0,0.0,0.0,0.0,0.0,0,45
2023-24,21,101,Mark Flekken,GK,Brentford,4,16,1,2024-01-20T17:30:00Z,90,1,0,0,0,2,0,14,10.2,0.0,0.0,1.0,0.0,0.0,0.0,1.09,1,45
2023-24,21,102,Charlie Goode,DEF,Brentford,4,16,1,2024-01-20T17:30:00Z,0,0,0,0,0,0,0,0,0.0,0.0,0.0,0.0,0.0,0.0,0.0,0.0,0,39
2023-24,21,103,Rico Henry,DEF,Brentford,4,16,1,2024-01-20T17:30:00Z,0,0,0,0,0,0,0,0,0.0,0.0,0.0,0.0,0.0,0.0,0.0,0.0,0,43
2023-24,21,104,Aaron Hickey,DEF,Brentford,4,16,1,2024-01-20T17:30:00Z,0,0,0,0,0,0,0,0,0.0,0.0,0.0,0.0,0.0,0.0,0.0,0.0,0,44
2023-24,21,105,Vitaly Janelt,MID,Brentford,4,16,1,2024-01-20T17:30:00Z,90,2,0,0,0,2,0,16,13.0,12.7,8.0,3.4,0.05,0.01,0.06,1.09,1,53
2023-24,21,106,Mathias Jensen,MID,Brentford,4,16,1,2024-01-20T17:30:00Z,90,5,0,1,0,2,0,24,32.0,40.1,9.0,8.1,0.03,0.39,0.42,1.09,1,54
2023-24,21,107,Keane Lewis-Potter,MID,Brentford,4,16,1,2024-01-20T17:30:00Z,89,2,0,0,0,2,0,2,4.2,1.6,34.0,4.0,0.6,0.01,0.61,1.09,1,47
2023-24,21,108,Bryan Mbeumo,MID,Brentford,4,16,1,2024-01-20T17:30:00Z,0,0,0,0,0,0,0,0,0.0,0.0,0.0,0.0,0.0,0.0,0.0,0.0,0,68
2023-24,21,109,Ben Mee,DEF,Brentford,4,16,1,2024-01-20T17:30:00Z,90,7,1,0,0,2,0,26,62.4,11.6,35.0,10.9,0.21,0.01,0.22,1.09,1,48
2023-24,21,110,Christian Nørgaard,MID,Brentford,4,16,1,2024-01-20T17:30:00Z,0,0,0,0,0,0,0,0,0.0,0.0,0.0,0.0,0.0,0.0,0.0,0.0,0,54
2023-24,21,111,Frank Onyeka,MID,Brentford,4,16,1,2024-01-20T17:30:00Z,0,0,0,0,0,0,0,0,0.0,0.0,0.0,0.0,0.0,0.0,0.0,0.0,0,49
2023-24,21,112,Ethan Pinnock,DEF,Brentford,4,16,1,2024-01-20T17:30:00Z,90,1,0,0,0,2,0,11,18.0,0.6,2.0,2.1,0.0,0.06,0.06,1.09,1,46
2023-24,21,113,David Raya Martin,GK,Arsenal,1,8,1,2024-01-20T12:30:00Z,90,8,0,0,1,0,1,29,19.8,0.0,0.0,2.0,0.0,0.0,0.0,0.33,1,49
2023-24,21,114,Mads Roerslev Rasmussen,DEF,Brentford,4,16,1,2024-01-20T17:30:00Z,89,4,0,1,0,2,0,18,29.2,15.5,2.0,4.7,0.0,0.02,0.02,1.09,1,44
2023-24,21,115,Kevin Schade,MID,Brentford,4,16,1,2024-01-20T17:30:00Z,0,0,0,0,0,0,0,0,0.0,0.0,0.0,0.0,0.0,0.0,0.0,0.0,0,53
2023-24,21,116,Thomas Strakosha,GK,Brentford,4,16,1,2024-01-20T17:30:00Z,0,0,0,0,0,0,0,0,0.0,0.0,0.0,0.0,0.0,0.0,0.0,0.0,0,39
2023-24,21,117,Ivan Toney,FWD,Brentford,4,16,1,2024-01-20T17:30:00Z,90,8,1,0,0,2,3,38,51.2,30.3,13.0,9.5,0.11,0.3,0.41,1.09,1,79
2023-24,21,118,Ryan Trevitt,MID,Brentford,4,16,1,2024-01-20T17:30:00Z,0,0,0,0,0,0,0,0,0.0,0.0,0.0,0.0,0.0,0.0,0.0,0.0,0,45
2023-24,21,119,Yoane Wissa,FWD,Brentford,4,16,1,2024-01-20T17:30:00Z,0,0,0,0,0,0,0,0,0.0,0.0,0.0,0.0,0.0,0.0,0.0,0.0,0,57
2023-24,21,120,Yegor Yarmoliuk,MID,Brentford,4,16,1,2024-01-20T17:30:00Z,1,1,0,0,0,0,0,3,0.0,0.0,0.0,0.0,0.0,0.0,0.0,0.0,0,43
2023-24,21,121,Mathias Jorgensen,DEF,Brentford,4,16,1,2024-01-20T17:30:00Z,0,0,0,0,0,0,0,0,0.0,0.0,0.0,0.0,0.0,0.0,0.0,0.0,0,43
2023-24,21,122,Simon Adingra,MID,Brighton,5,20,1,2024-01-22T19:45:00Z,0,0,0,0,0,0,0,0,0.0,0.0,0.0,0.0,0.0,0.0,0.0,0.0,0,50
2023-24,21,123,Steven Alzate,MID,Brighton,5,20,1,2024-01-22T19:45:00Z,0,0,0,0,0,0,0,0,0.0,0.0,0.0,0.0,0.0,0.0,0.0,0.0,0,44
2023-24,21,124,Yasin Ayari,MID,Brighton,5,20,1,2024-01-22T19:45:00Z,0,0,0,0,0,0,0,0,0.0,0.0,0.0,0.0,0.0,0.0,0.0,0.0,0,45
2023-24,21,125,Facundo Buonanotte,MID,Brighton,5,20,1,2024-01-22T19:45:00Z,64,3,0,0,1,0,0,0,0.4,6.3,8.0,1.5,0.22,0.01,0.23,0.99,1,47
2023-24,21,126,Moisés Caicedo Corozo,MID,Chelsea,7,10,1,2024-01-13T12:30:00Z,90,3,0,0,1,0,0,17,18.8,13.0,0.0,3.2,0.0,0.03,0.03,0.86,1,46
2023-24,21,127,Aaron Connolly,FWD,Brighton,5,20,1,2024-01-22T19:45:00Z,0,0,0,0,0,0,0,0,0.0,0.0,0.0,0.0,0.0,0.0,0.0,0.0,0,45
2023-24,21,128,Mahmoud Dahoud,MID,Brighton,5,20,1,2024-01-22T19:45:00Z,0,0,0,0,0,0,0,0,0.0,0.0,0.0,0.0,0.0,0.0,0.0,0.0,0,48
2023-24,21,129,Lewis Dunk,DEF,Brighton,5,20,1,2024-01-22T19:45:00Z,90,6,0,0,1,0,0,26,18.4,2.8,2.0,2.3,0.0,0.03,0.03,1.38,1,50
2023-24,21,130,Julio Enciso,MID,Brighton,5,20,1,2024-01-22T19:45:00Z,0,0,0,0,0,0,0,0,0.0,0.0,0.0,0.0,0.0,0.0,0.0,0.0,0,51
2023-24,21,131,Pervis Estupiñán,DEF,Brighton,5,20,1,2024-01-22T19:45:00Z,71,8,0,0,1,0,2,30,18.0,36.4,8.0,6.2,0.0,0.11,0.11,0.99,1,50
2023-24,21,132,Evan Ferguson,FWD,Brighton,5,20,1,2024-01-22T19:45:00Z,25,1,0,0,0,0,0,1,0.0,1.2,5.0,0.6,0.02,0.01,0.03,0.4,0,59
2023-24,21,133,Billy Gilmour,MID,Brighton,5,20,1,2024-01-22T19:45:00Z,90,3,0,0,1,0,0,16,13.6,11.3,6.0,3.1,0.01,0.07,0.08,1.38,1,49
2023-24,21,134,Pascal Groß,MID,Brighton,5,20,1,2024-01-22T19:45:00Z,90,3,0,0,1,0,0,17,17.8,69.8,4.0,9.2,0.0,0.71,0.71,1.38,1,65
2023-24,21,135,João Pedro Junqueira de Jesus,FWD,Brighton,5,20,1,2024-01-22T19:45:00Z,90,2,0,0,1,0,0,11,11.6,10.5,59.0,8.1,0.36,0.11,0.47,1.38,1,54
2023-24,21,136,Michał Karbownik,DEF,Brighton,5,20,1,2024-01-22T19:45:00Z,0,0,0,0,0,0,0,0,0.0,0.0,0.0,0.0,0.0,0.0,0.0,0.0,0,40
2023-24,21,137,Kacper Kozłowski,MID,Brighton,5,20,1,2024-01-22T19:45:00Z,0,0,0,0,0,0,0,0,0.0,0.0,0.0,0.0,0.0,0.0,0.0,0.0,0,45
2023-24,21,138,Adam Lallana,MID,Brighton,5,20,1,2024-01-22T19:45:00Z,18,1,0,0,0,0,0,3,2.4,3.1,6.0,1.2,0.0,0.3,0.3,0.4,0,49
2023-24,21,139,Tariq Lamptey,DEF,Brighton,5,20,1,2024-01-22T19:45:00Z,25,1,0,0,0,0,0,2,0.2,2.4,2.0,0.5,0.0,0.03,0.03,0.4,0,39
2023-24,21,140,Solly March,MID,Brighton,5,20,1,2024-01-22T19:45:00Z,0,0,0,0,0,0,0,0,0.0,0.0,0.0,0.0,0.0,0.0,0.0,0.0,0,61
2023-24,21,141,Tom McGill,GK,Brighton,5,20,1,2024-01-22T19:45:00Z,0,0,0,0,0,0,0,0,0.0,0.0,0.0,0.0,0.0,0.0,0.0,0.0,0,39
2023-24,21,142,James Milner,MID,Brighton,5,20,1,2024-01-22T19:45:00Z,72,3,0,0,1,0,0,15,7.6,7.8,8.0,2.3,0.0,0.05,0.05,0.99,1,48
2023-24,21,143,Kaoru Mitoma,MID,Brighton,5,20,1,2024-01-22T19:45:00Z,0,0,0,0,0,0,0,0,0.0,0.0,0.0,0.0,0.0,0.0,0.0,0.0,0,64
2023-24,21,144,Jakub Moder,MID,Brighton,5,20,1,2024-01-22T19:45:00Z,0,0,0,0,0,0,0,0,0.0,0.0,0.0,0.0,0.0,0.0,0.0,0.0,0,44
2023-24,21,145,Robert Sánchez,GK,Chelsea,7,10,1,2024-01-13T12:30:00Z,0,0,0,0,0,0,0,0,0.0,0.0,0.0,0.0,0.0,0.0,0.0,0.0,0,46
2023-24,21,146,Jeremy Sarmiento Morante,MID,Brighton,5,20,1,2024-01-22T19:45:00Z,0,0,0,0,0,0,0,0,0.0,0.0,0.0,0.0,0.0,0.0,0.0,0.0,0,45
2023-24,21,147,Kjell Scherpen,GK,Brighton,5,20,1,2024-01-22T19:45:00Z,0,0,0,0,0,0,0,0,0.0,0.0,0.0,0.0,0.0,0.0,0.0,0.0,0,40
2023-24,21,148,Jason Steele,GK,Brighton,5,20,1,2024-01-22T19:45:00Z,90,10,0,0,1,0,3,31,27.4,0.0,0.0,2.7,0.0,0.0,0.0,1.38,1,42
2023-24,21,149,Deniz Undav,FWD,Brighton,5,20,1,2024-01-22T19:45:00Z,0,0,0,0,0,0,0,0,0.0,0.0,0.0,0.0,0.0,0.0,0.0,0.0,0,55
2023-24,21,150,Jan Paul van Hecke,DEF,Brighton,5,20,1,2024-01-22T19:45:00Z,90,6,0,0,1,0,0,22,25.8,3.8,40.0,7.0,0.52,0.04,0.56,1.38,1,40
2023-24,21,151,Joël Veltman,DEF,Brighton,5,20,1,2024-01-22T19:45:00Z,0,0,0,0,0,0,0,0,0.0,0.0,0.0,0.0,0.0,0.0,0.0,0.0,0,43
2023-24,21,152,Bart Verbruggen,GK,Brighton,5,20,1,2024-01-22T19:45:00Z,0,0,0,0,0,0,0,0,0.0,0.0,0.0,0.0,0.0,0.0,0.0,0.0,0,44
2023-24,21,153,Adam Webster,DEF,Brighton,5,20,1,2024-01-22T19:45:00Z,18,0,0,0,0,0,0,-2,1.6,2.1,0.0,0.4,0.0,0.02,0.02,0.4,0,42
2023-24,21,154,Danny Welbeck,FWD,Brighton,5,20,1,2024-01-22T19:45:00Z,64,2,0,0,1,0,0,6,2.4,24.2,10.0,3.7,0.12,0.03,0.15,0.99,1,57
2023-24,21,155,Andi Zeqiri,FWD,Brighton,5,20,1,2024-01-22T19:45:00Z,0,0,0,0,0,0,0,0,0.0,0.0,0.0,0.0,0.0,0.0,0.0,0.0,0,44
2023-24,21,156,Enock Agyei,MID,Burnley,6,12,1,2024-01-12T19:45:00Z,0,0,0,0,0,0,0,0,0.0,0.0,0.0,0.0,0.0,0.0,0.0,0.0,0,43
2023-24,21,157,Ameen Al-Dakhil,DEF,Burnley,6,12,1,2024-01-12T19:45:00Z,90,2,0,0,0,1,0,8,25.0,11.0,13.0,4.9,0.13,0.0,0.13,0.85,1,38
2023-24,21,158,Samuel Bastien,MID,Burnley,6,12,1,2024-01-12T19:45:00Z,0,0,0,0,0,0,0,0,0.0,0.0,0.0,0.0,0.0,0.0,0.0,0.0,0,49
2023-24,21,159,Manuel Benson Hedilazio,MID,Burnley,6,12,1,2024-01-12T19:45:00Z,0,0,0,0,0,0,0,0,0.0,0.0,0.0,0.0,0.0,0.0,0.0,0.0,0,52
2023-24,21,160,Jordan Beyer,DEF,Burnley,6,12,1,2024-01-12T19:45:00Z,0,0,0,0,0,0,0,0,0.0,0.0,0.0,0.0,0.0,0.0,0.0,0.0,0,40
2023-24,21,161,Josh Brownhill,MID,Burnley,6,12,1,2024-01-12T19:45:00Z,90,2,0,0,0,1,0,14,17.8,10.5,0.0,2.8,0.0,0.05,0.05,0.85,1,47
2023-24,21,162,Darko Churlinov,MID,Burnley,6,12,1,2024-01-12T19:45:00Z,0,0,0,0,0,0,0,0,0.0,0.0,0.0,0.0,0.0,0.0,0.0,0.0,0,44
2023-24,21,163,Jack Cork,MID,Burnley,6,12,1,2024-01-12T19:45:00Z,1,1,0,0,0,0,0,3,1.2,0.2,0.0,0.1,0.0,0.0,0.0,0.0,0,48
2023-24,21,164,Dara Costelloe,MID,Burnley,6,12,1,2024-01-12T19:45:00Z,0,0,0,0,0,0,0,0,0.0,0.0,0.0,0.0,0.0,0.0,0.0,0.0,0,45
2023-24,21,165,Josh Cullen,MID,Burnley,6,12,1,2024-01-12T19:45:00Z,90,2,0,0,0,1,0,14,29.2,23.6,2.0,5.5,0.0,0.02,0.02,0.85,1,50
2023-24,21,166,CJ Egan-Riley,DEF,Burnley,6,12,1,2024-01-12T19:45:00Z,0,0,0,0,0,0,0,0,0.0,0.0,0.0,0.0,0.0,0.0,0.0,0.0,0,39
2023-24,21,167,Hjalmar Ekdal,DEF,Burnley,6,12,1,2024-01-12T19:45:00Z,90,2,0,0,0,1,0,10,9.2,0.8,4.0,1.4,0.04,0.0,0.04,0.85,1,39
2023-24,21,168,Lyle Foster,FWD,Burnley,6,12,1,2024-01-12T19:45:00Z,90,2,0,0,0,1,0,0,7.8,20.9,22.0,5.1,0.05,0.03,0.08,0.85,1,48
2023-24,21,169,Denis Franchi,GK,Burnley,6,12,1,2024-01-12T19:45:00Z,0,0,0,0,0,0,0,0,0.0,0.0,0.0,0.0,0.0,0.0,0.0,0.0,0,39
2023-24,21,170,Jóhann Berg Gudmundsson,MID,Burnley,6,12,1,2024-01-12T19:45:00Z,73,3,0,0,1,0,0,5,12.2,15.7,22.0,5.0,0.29,0.04,0.33,0.67,1,48
2023-24,21,171,Luke McNally,DEF,Burnley,6,12,1,2024-01-12T19:45:00Z,0,0,0,0,0,0,0,0,0.0,0.0,0.0,0.0,0.0,0.0,0.0,0.0,0,40
2023-24,21,172,Arijanet Muric,GK,Burnley,6,12,1,2024-01-12T19:45:00Z,0,0,0,0,0,0,0,0,0.0,0.0,0.0,0.0,0.0,0.0,0.0,0.0,0,43
2023-24,21,173,Dara O'Shea,DEF,Burnley,6,12,1,2024-01-12T19:45:00Z,90,2,0,0,0,1,0,13,14.2,11.0,6.0,3.1,0.0,0.03,0.03,0.85,1,44
2023-24,21,174,Michael Obafemi,FWD,Burnley,6,12,1,2024-01-12T19:45:00Z,0,0,0,0,0,0,0,0,0.0,0.0,0.0,0.0,0.0,0.0,0.0,0.0,0,49
2023-24,21,175,Bailey Peacock-Farrell,GK,Burnley,6,12,1,2024-01-12T19:45:00Z,0,0,0,0,0,0,0,0,0.0,0.0,0.0,0.0,0.0,0.0,0.0,0.0,0,40
2023-24,21,176,Connor Roberts,DEF,Burnley,6,12,1,2024-01-12T19:45:00Z,16,1,0,0,0,1,0,4,4.6,10.2,0.0,1.5,0.0,0.0,0.0,0.18,0,43
2023-24,21,177,Jay Rodriguez,FWD,Burnley,6,12,1,2024-01-12T19:45:00Z,0,0,0,0,0,0,0,0,0.0,0.0,0.0,0.0,0.0,0.0,0.0,0.0,0,53
2023-24,21,178,Charlie Taylor,DEF,Burnley,6,12,1,2024-01-12T19:45:00Z,0,0,0,0,0,0,0,0,0.0,0.0,0.0,0.0,0.0,0.0,0.0,0.0,0,40
2023-24,21,179,Bobby Thomas,DEF,Burnley,6,12,1,2024-01-12T19:45:00Z,0,0,0,0,0,0,0,0,0.0,0.0,0.0,0.0,0.0,0.0,0.0,0.0,0,40
2023-24,21,180,Scott Twine,MID,Burnley,6,12,1,2024-01-12T19:45:00Z,0,0,0,0,0,0,0,0,0.0,0.0,0.0,0.0,0.0,0.0,0.0,0.0,0,49
2023-24,21,181,Lawrence Vigouroux,GK,Burnley,6,12,1,2024-01-12T19:45:00Z,0,0,0,0,0,0,0,0,0.0,0.0,0.0,0.0,0.0,0.0,0.0,0.0,0,39
2023-24,21,182,Victor da Silva,DEF,Burnley,6,12,1,2024-01-12T19:45:00Z,90,2,0,0,0,1,0,5,17.8,1.2,11.0,3.0,0.08,0.04,0.12,0.85,1,44
2023-24,21,183,Wout Weghorst,FWD,Burnley,6,12,1,2024-01-12T19:45:00Z,0,0,0,0,0,0,0,0,0.0,0.0,0.0,0.0,0.0,0.0,0.0,0.0,0,55
2023-24,21,184,Anass Zaroury,MID,Burnley,6,12,1,2024-01-12T19:45:00Z,0,0,0,0,0,0,0,0,0.0,0.0,0.0,0.0,0.0,0.0,0.0,0.0,0,47
2023-24,21,185,Ethan Ampadu,DEF,Chelsea,7,10,1,2024-01-13T12:30:00Z,0,0,0,0,0,0,0,0,0.0,0.0,0.0,0.0,0.0,0.0,0.0,0.0,0,40
2023-24,21,186,Andrey Nascimento dos Santos,MID,Chelsea,7,10,1,2024-01-13T12:30:00Z,0,0,0,0,0,0,0,0,0.0,0.0,0.0,0.0,0.0,0.0,0.0,0.0,0,43
2023-24,21,187,Kepa Arrizabalaga,GK,Chelsea,7,10,1,2024-01-13T12:30:00Z,0,0,0,0,0,0,0,0,0.0,0.0,0.0,0.0,0.0,0.0,0.0,0.0,0,50
2023-24,21,188,Pierre-Emerick Aubameyang,FWD,Chelsea,7,10,1,2024-01-13T12:30:00Z,0,0,0,0,0,0,0,0,0.0,0.0,0.0,0.0,0.0,0.0,0.0,0.0,0,65
2023-24,21,189,César Azpilicueta,DEF,Chelsea,7,10,1,2024-01-13T12:30:00Z,0,0,0,0,0,0,0,0,0.0,0.0,0.0,0.0,0.0,0.0,0.0,0.0,0,45
2023-24,21,190,Abdul Rahman Baba,DEF,Chelsea,7,10,1,2024-01-13T12:30:00Z,0,0,0,0,0,0,0,0,0.0,0.0,0.0,0.0,0.0,0.0,0.0,0.0,0,40
2023-24,21,191,Benoît Badiashile,DEF,Chelsea,7,10,1,2024-01-13T12:30:00Z,0,0,0,0,0,0,0,0,0.0,0.0,0.0,0.0,0.0,0.0,0.0,0.0,0,44
2023-24,21,192,Marcus Bettinelli,GK,Chelsea,7,10,1,2024-01-13T12:30:00Z,0,0,0,0,0,0,0,0,0.0,0.0,0.0,0.0,0.0,0.0,0.0,0.0,0,40
2023-24,21,193,Armando Broja,FWD,Chelsea,7,10,1,2024-01-13T12:30:00Z,65,2,0,0,1,0,0,1,7.4,16.8,21.0,4.5,0.29,0.08,0.37,0.3,1,49
2023-24,21,194,Trevoh Chalobah,DEF,Chelsea,7,10,1,2024-01-13T12:30:00Z,0,0,0,0,0,0,0,0,0.0,0.0,0.0,0.0,0.0,0.0,0.0,0.0,0,43
2023-24,21,195,Ben Chilwell,DEF,Chelsea,7,10,1,2024-01-13T12:30:00Z,13,1,0,0,0,0,0,0,2.2,14.9,0.0,1.7,0.0,0.08,0.08,0.3,0,54
2023-24,21,196,Carney Chukwuemeka,MID,Chelsea,7,10,1,2024-01-13T12:30:00Z,1,1,0,0,0,0,0,4,2.0,0.0,0.0,0.2,0.0,0.0,0.0,0.13,0,42
2023-24,21,197,Levi Colwill,DEF,Chelsea,7,10,1,2024-01-13T12:30:00Z,90,7,0,0,1,0,1,24,27.2,13.6,10.0,5.1,0.1,0.11,0.21,0.86,1,47
2023-24,21,198,Marc Cucurella Saseta,DEF,Chelsea,7,10,1,2024-01-13T12:30:00Z,0,0,0,0,0,0,0,0,0.0,0.0,0.0,0.0,0.0,0.0,0.0,0.0,0,48
2023-24,21,199,Enzo Fernández,MID,Chelsea,7,10,1,2024-01-13T12:30:00Z,90,2,0,0,1,0,0,17,29.2,48.0,18.0,9.5,0.16,0.35,0.51,0.86,1,48
2023-24,21,200,David Datro Fofana,FWD,Chelsea,7,10,1,2024-01-13T12:30:00Z,0,0,0,0,0,0,0,0,0.0,0.0,0.0,0.0,0.0,0.0,0.0,0.0,0,50
2023-24,21,201,Wesley Fofana,DEF,Chelsea,7,10,1,2024-01-13T12:30:00Z,0,0,0,0,0,0,0,0,0.0,0.0,0.0,0.0,0.0,0.0,0.0,0.0,0,44
2023-24,21,202,Conor Gallagher,MID,Chelsea,7,10,1,2024-01-13T12:30:00Z,90,3,0,0,1,0,0,11,10.0,25.8,13.0,4.9,0.2,0.08,0.28,0.86,1,54
2023-24,21,203,Malo Gusto,DEF,Chelsea,7,10,1,2024-01-13T12:30:00Z,90,5,0,0,1,0,0,22,9.6,38.5,12.0,6.0,0.02,0.13,0.15,0.73,1,42
2023-24,21,204,Lewis Hall,DEF,Newcastle,15,13,1,2024-01-13T17:30:00Z,4,1,0,0,0,1,0,5,2.2,0.0,0.0,0.2,0.0,0.0,0.0,0.87,0,43
2023-24,21,205,Callum Hudson-Odoi,MID,Nott'm Forest,16,4,0,2024-01-20T17:30:00Z,90,5,0,1,0,3,0,23,31.2,36.1,11.0,7.8,0.1,0.18,0.28,1.29,1,47
2023-24,21,206,Reece James,DEF,Chelsea,7,10,1,2024-01-13T12:30:00Z,0,0,0,0,0,0,0,0,0.0,0.0,0.0,0.0,0.0,0.0,0.0,0.0,0,53
2023-24,21,207,Romelu Lukaku Bolingoli,FWD,Chelsea,7,10,1,2024-01-13T12:30:00Z,0,0,0,0,0,0,0,0,0.0,0.0,0.0,0.0,0.0,0.0,0.0,0.0,0,68
2023-24,21,208,Noni Madueke,MID,Chelsea,7,10,1,2024-01-13T12:30:00Z,24,1,0,0,0,0,0,5,7.4,2.0,23.0,3.2,0.06,0.03,0.09,0.55,0,53
2023-24,21,209,Mason Mount,MID,Man Utd,14,18,1,2024-01-14T16:30:00Z,0,0,0,0,0,0,0,0,0.0,0.0,0.0,0.0,0.0,0.0,0.0,0.0,0,68
2023-24,21,210,Mykhailo Mudryk,MID,Chelsea,7,10,1,2024-01-13T12:30:00Z,0,0,0,0,0,0,0,0,0.0,0.0,0.0,0.0,0.0,0.0,0.0,0.0,0,63
2023-24,21,211,Nicolas Jackson,FWD,Chelsea,7,10,1,2024-01-13T12:30:00Z,0,0,0,0,0,0,0,0,0.0,0.0,0.0,0.0,0.0,0.0,0.0,0.0,0,69
2023-24,21,212,Christopher Nkunku,FWD,Chelsea,7,10,1,2024-01-13T12:30:00Z,0,0,0,0,0,0,0,0,0.0,0.0,0.0,0.0,0.0,0.0,0.0,0.0,0,74
2023-24,21,213,Christian Pulisic,MID,Chelsea,7,10,1,2024-01-13T12:30:00Z,0,0,0,0,0,0,0,0,0.0,0.0,0.0,0.0,0.0,0.0,0.0,0.0,0,55
2023-24,21,214,Malang Sarr,DEF,Chelsea,7,10,1,2024-01-13T12:30:00Z,0,0,0,0,0,0,0,0,0.0,0.0,0.0,0.0,0.0,0.0,0.0,0.0,0,43
2023-24,21,215,Gabriel Słonina,GK,Chelsea,7,10,1,2024-01-13T12:30:00Z,0,0,0,0,0,0,0,0,0.0,0.0,0.0,0.0,0.0,0.0,0.0,0.0,0,40
2023-24,21,216,Raheem Sterling,MID,Chelsea,7,10,1,2024-01-13T12:30:00Z,76,6,0,1,1,0,0,7,4.4,3.4,30.0,3.8,0.41,0.05,0.46,0.55,1,71
2023-24,21,217,Thiago Emiliano da Silva,DEF,Chelsea,7,10,1,2024-01-13T12:30:00Z,90,5,0,0,1,0,0,23,22.0,1.7,0.0,2.4,0.0,0.01,0.01,0.86,1,50
2023-24,21,218,Hakim Ziyech,MID,Chelsea,7,10,1,2024-01-13T12:30:00Z,0,0,0,0,0,0,0,0,0.0,0.0,0.0,0.0,0.0,0.0,0.0,0.0,0,54
2023-24,21,219,Naouirou Ahamada,MID,Crystal Palace,8,1,0,2024-01-20T12:30:00Z,14,1,0,0,0,2,0,5,5.6,0.3,0.0,0.6,0.0,0.0,0.0,0.85,0,43
2023-24,21,220,Joachim Andersen,DEF,Crystal Palace,8,1,0,2024-01-20T12:30:00Z,90,0,0,0,0,5,0,13,21.6,1.0,4.0,2.7,0.01,0.01,0.02,3.31,1,49
2023-24,21,221,Jordan Ayew,MID,Crystal Palace,8,1,0,2024-01-20T12:30:00Z,0,0,0,0,0,0,0,0,0.0,0.0,0.0,0.0,0.0,0.0,0.0,0.0,0,54
2023-24,21,222,Nathaniel Clyne,DEF,Crystal Palace,8,1,0,2024-01-20T12:30:00Z,75,1,0,0,0,3,0,9,13.2,10.8,1.0,2.5,0.01,0.0,0.01,2.46,1,44
2023-24,21,223,Cheick Doucouré,MID,Crystal Palace,8,1,0,2024-01-20T12:30:00Z,0,0,0,0,0,0,0,0,0.0,0.0,0.0,0.0,0.0,0.0,0.0,0.0,0,49
2023-24,21,224,Malcolm Ebiowei,MID,Crystal Palace,8,1,0,2024-01-20T12:30:00Z,0,0,0,0,0,0,0,0,0.0,0.0,0.0,0.0,0.0,0.0,0.0,0.0,0,44
2023-24,21,225,Odsonne Edouard,FWD,Crystal Palace,8,1,0,2024-01-20T12:30:00Z,0,0,0,0,0,0,0,0,0.0,0.0,0.0,0.0,0.0,0.0,0.0,0.0,0,54
2023-24,21,226,Eberechi Eze,MID,Crystal Palace,8,1,0,2024-01-20T12:30:00Z,90,2,0,0,0,5,0,17,23.4,48.8,20.0,9.2,0.15,0.07,0.22,3.31,1,60
2023-24,21,227,Vicente Guaita,GK,Crystal Palace,8,1,0,2024-01-20T12:30:00Z,0,0,0,0,0,0,0,0,0.0,0.0,0.0,0.0,0.0,0.0,0.0,0.0,0,44
2023-24,21,228,Marc Guéhi,DEF,Crystal Palace,8,1,0,2024-01-20T12:30:00Z,86,1,0,0,0,3,0,10,14.6,2.3,0.0,1.7,0.0,0.0,0.0,2.53,1,45
2023-24,21,229,Will Hughes,MID,Crystal Palace,8,1,0,2024-01-20T12:30:00Z,67,2,0,0,0,3,0,7,3.8,12.1,1.0,1.7,0.02,0.01,0.03,2.43,1,49
2023-24,21,230,Sam Johnstone,GK,Crystal Palace,8,1,0,2024-01-20T12:30:00Z,0,0,0,0,0,0,0,0,0.0,0.0,0.0,0.0,0.0,0.0,0.0,0.0,0,45
2023-24,21,231,Jefferson Lerma Solís,MID,Crystal Palace,8,1,0,2024-01-20T12:30:00Z,90,2,0,0,0,5,0,11,23.2,1.9,14.0,3.9,0.03,0.02,0.05,3.31,1,47
2023-24,21,232,Jean-Philippe Mateta,FWD,Crystal Palace,8,1,0,2024-01-20T12:30:00Z,90,2,0,0,0,5,0,2,6.4,1.3,6.0,1.4,0.0,0.01,0.01,3.31,1,49
2023-24,21,233,Remi Matthews,GK,Crystal Palace,8,1,0,2024-01-20T12:30:00Z,0,0,0,0,0,0,0,0,0.0,0.0,0.0,0.0,0.0,0.0,0.0,0.0,0,39
2023-24,21,234,Tyrick Mitchell,DEF,Crystal Palace,8,1,0,2024-01-20T12:30:00Z,90,0,0,0,0,5,0,7,13.6,0.3,2.0,1.6,0.0,0.0,0.0,3.31,1,47
2023-24,21,235,Jake O'Brien,DEF,Crystal Palace,8,1,0,2024-01-20T12:30:00Z,0,0,0,0,0,0,0,0,0.0,0.0,0.0,0.0,0.0,0.0,0.0,0.0,0,40
2023-24,21,236,Michael Olise,MID,Crystal Palace,8,1,0,2024-01-20T12:30:00Z,0,0,0,0,0,0,0,0,0.0,0.0,0.0,0.0,0.0,0.0,0.0,0.0,0,59
2023-24,21,237,Luke Plange,FWD,Crystal Palace,8,1,0,2024-01-20T12:30:00Z,0,0,0,0,0,0,0,0,0.0,0.0,0.0,0.0,0.0,0.0,0.0,0.0,0,45
2023-24,21,238,Chris Richards,DEF,Crystal Palace,8,1,0,2024-01-20T12:30:00Z,90,0,0,0,0,5,0,9,9.2,0.4,6.0,1.6,0.05,0.0,0.05,3.31,1,39
2023-24,21,239,Jairo Riedewald,MID,Crystal Palace,8,1,0,2024-01-20T12:30:00Z,0,0,0,0,0,0,0,0,0.0,0.0,0.0,0.0,0.0,0.0,0.0,0.0,0,43
2023-24,21,240,Jeffrey Schlupp,MID,Crystal Palace,8,1,0,2024-01-20T12:30:00Z,75,2,0,0,0,3,0,3,4.2,13.8,11.0,2.9,0.07,0.02,0.09,2.46,1,49
2023-24,21,241,James Tomkins,DEF,Crystal Palace,8,1,0,2024-01-20T12:30:00Z,3,0,0,0,0,2,0,3,1.4,0.1,0.0,0.2,0.0,0.0,0.0,0.78,0,40
2023-24,21,242,Joel Ward,DEF,Crystal Palace,8,1,0,2024-01-20T12:30:00Z,0,0,0,0,0,0,0,0,0.0,0.0,0.0,0.0,0.0,0.0,0.0,0.0,0,45
2023-24,21,243,Joe Whitworth,GK,Crystal Palace,8,1,0,2024-01-20T12:30:00Z,0,0,0,0,0,0,0,0,0.0,0.0,0.0,0.0,0.0,0.0,0.0,0.0,0,39
2023-24,21,244,André Tavares Gomes,MID,Everton,9,2,1,2024-01-14T14:00:00Z,0,0,0,0,0,0,0,0,0.0,0.0,0.0,0.0,0.0,0.0,0.0,0.0,0,44
2023-24,21,245,Jarrad Branthwaite,DEF,Everton,9,2,1,2024-01-14T14:00:00Z,90,6,0,0,1,0,0,21,20.6,0.1,0.0,2.1,0.0,0.01,0.01,1.11,1,41
2023-24,21,246,Dominic Calvert-Lewin,FWD,Everton,9,2,1,2024-01-14T14:00:00Z,62,2,0,0,1,0,0,0,3.4,0.4,23.0,2.7,0.66,0.0,0.66,0.42,1,58
2023-24,21,247,Seamus Coleman,DEF,Everton,9,2,1,2024-01-14T14:00:00Z,90,6,0,0,1,0,0,25,25.2,0.6,0.0,2.6,0.0,0.0,0.0,1.11,1,44
2023-24,21,248,Dele Alli,MID,Everton,9,2,1,2024-01-14T14:00:00Z,0,0,0,0,0,0,0,0,0.0,0.0,0.0,0.0,0.0,0.0,0.0,0.0,0,48
2023-24,21,249,Abdoulaye Doucouré,MID,Everton,9,2,1,2024-01-14T14:00:00Z,90,3,0,0,1,0,0,11,8.2,12.2,9.0,2.9,0.04,0.01,0.05,1.11,1,55
2023-24,21,250,James Garner,MID,Everton,9,2,1,2024-01-14T14:00:00Z,90,3,0,0,1,0,0,11,25.6,28.3,23.0,7.7,0.14,0.05,0.19,1.11,1,49
2023-24,21,251,Jean-Philippe Gbamin,MID,Everton,9,2,1,2024-01-14T14:00:00Z,0,0,0,0,0,0,0,0,0.0,0.0,0.0,0.0,0.0,0.0,0.0,0.0,0,44
2023-24,21,252,Ben Godfrey,DEF,Everton,9,2,1,2024-01-14T14:00:00Z,0,0,0,0,0,0,0,0,0.0,0.0,0.0,0.0,0.0,0.0,0.0,0.0,0,43
2023-24,21,253,Demarai Gray,MID,Everton,9,2,1,2024-01-14T14:00:00Z,0,0,0,0,0,0,0,0,0.0,0.0,0.0,0.0,0.0,0.0,0.0,0.0,0,53
2023-24,21,254,Idrissa Gueye,MID,Everton,9,2,1,2024-01-14T14:00:00Z,0,0,0,0,0,0,0,0,0.0,0.0,0.0,0.0,0.0,0.0,0.0,0.0,0,48
2023-24,21,255,Mason Holgate,DEF,Everton,9,2,1,2024-01-14T14:00:00Z,0,0,0,0,0,0,0,0,0.0,0.0,0.0,0.0,0.0,0.0,0.0,0.0,0,40
2023-24,21,256,Alex Iwobi,MID,Fulham,10,7,0,2024-01-13T12:30:00Z,0,0,0,0,0,0,0,0,0.0,0.0,0.0,0.0,0.0,0.0,0.0,0.0,0,53
2023-24,21,257,Michael Keane,DEF,Everton,9,2,1,2024-01-14T14:00:00Z,0,0,0,0,0,0,0,0,0.0,0.0,0.0,0.0,0.0,0.0,0.0,0.0,0,43
2023-24,21,258,Neal Maupay,FWD,Brentford,4,16,1,2024-01-20T17:30:00Z,73,6,1,0,0,2,0,30,36.8,3.0,29.0,6.9,0.26,0.02,0.28,0.88,1,49
2023-24,21,259,Dwight McNeil,MID,Everton,9,2,1,2024-01-14T14:00:00Z,27,1,0,0,0,0,0,3,0.4,0.3,0.0,0.1,0.0,0.01,0.01,0.68,0,54
2023-24,21,260,Vitalii Mykolenko,DEF,Everton,9,2,1,2024-01-14T14:00:00Z,90,6,0,0,1,0,0,21,18.6,0.5,5.0,2.4,0.04,0.01,0.05,1.11,1,46
2023-24,21,261,Amadou Onana,MID,Everton,9,2,1,2024-01-14T14:00:00Z,90,3,0,0,1,0,0,7,14.0,15.3,3.0,3.2,0.04,0.01,0.05,1.11,1,47
2023-24,21,262,Nathan Patterson,DEF,Everton,9,2,1,2024-01-14T14:00:00Z,0,0,0,0,0,0,0,0,0.0,0.0,0.0,0.0,0.0,0.0,0.0,0.0,0,44
2023-24,21,263,Jordan Pickford,GK,Everton,9,2,1,2024-01-14T14:00:00Z,90,9,0,0,1,0,2,29,35.4,0.1,0.0,3.6,0.0,0.01,0.01,1.11,1,45
2023-24,21,264,Ellis Simms,FWD,Everton,9,2,1,2024-01-14T14:00:00Z,0,0,0,0,0,0,0,0,0.0,0.0,0.0,0.0,0.0,0.0,0.0,0.0,0,45
2023-24,21,265,James Tarkowski,DEF,Everton,9,2,1,2024-01-14T14:00:00Z,90,5,0,0,1,0,0,21,15.0,0.3,8.0,2.3,0.05,0.01,0.06,1.11,1,45
2023-24,21,266,João Neves Virgínia,GK,Everton,9,2,1,2024-01-14T14:00:00Z,0,0,0,0,0,0,0,0,0.0,0.0,0.0,0.0,0.0,0.0,0.0,0.0,0,39
2023-24,21,267,Andreas Hoelgebaum Pereira,MID,Fulham,10,7,0,2024-01-13T12:30:00Z,81,2,0,0,0,1,0,5,8.0,36.7,12.0,5.7,0.1,0.16,0.26,2.06,1,53
2023-24,21,268,Tom Cairney,MID,Fulham,10,7,0,2024-01-13T12:30:00Z,90,2,0,0,0,1,0,10,9.4,3.8,8.0,2.1,0.1,0.05,0.15,2.19,1,49
2023-24,21,269,Ivan Neves Abreu Cavaleiro,MID,Fulham,10,7,0,2024-01-13T12:30:00Z,0,0,0,0,0,0,0,0,0.0,0.0,0.0,0.0,0.0,0.0,0.0,0.0,0,50
2023-24,21,270,Bobby De Cordova-Reid,MID,Fulham,10,7,0,2024-01-13T12:30:00Z,26,1,0,0,0,0,0,3,0.0,0.8,5.0,0.6,0.06,0.0,0.06,0.34,0,53
2023-24,21,271,Issa Diop,DEF,Fulham,10,7,0,2024-01-13T12:30:00Z,90,2,0,0,0,1,0,15,17.6,0.4,2.0,2.0,0.0,0.1,0.1,2.19,1,44
2023-24,21,272,Tyrese Francois,MID,Fulham,10,7,0,2024-01-13T12:30:00Z,0,0,0,0,0,0,0,0,0.0,0.0,0.0,0.0,0.0,0.0,0.0,0.0,0,44
2023-24,21,273,Anthony Knockaert,MID,Fulham,10,7,0,2024-01-13T12:30:00Z,0,0,0,0,0,0,0,0,0.0,0.0,0.0,0.0,0.0,0.0,0.0,0.0,0,44
2023-24,21,274,Terence Kongolo,DEF,Fulham,10,7,0,2024-01-13T12:30:00Z,0,0,0,0,0,0,0,0,0.0,0.0,0.0,0.0,0.0,0.0,0.0,0.0,0,40
2023-24,21,275,Bernd Leno,GK,Fulham,10,7,0,2024-01-13T12:30:00Z,90,2,0,0,0,1,0,14,15.8,0.0,0.0,1.6,0.0,0.0,0.0,2.19,1,48
2023-24,21,276,Saša Lukić,MID,Fulham,10,7,0,2024-01-13T12:30:00Z,8,1,0,0,0,0,0,2,6.4,0.2,0.0,0.7,0.0,0.0,0.0,0.13,0,43
2023-24,21,277,Kevin Mbabu,DEF,Fulham,10,7,0,2024-01-13T12:30:00Z,0,0,0,0,0,0,0,0,0.0,0.0,0.0,0.0,0.0,0.0,0.0,0.0,0,40
2023-24,21,278,Aleksandar Mitrović,FWD,Fulham,10,7,0,2024-01-13T12:30:00Z,0,0,0,0,0,0,0,0,0.0,0.0,0.0,0.0,0.0,0.0,0.0,0.0,0,74
2023-24,21,279,Rodrigo Muniz Carvalho,FWD,Fulham,10,7,0,2024-01-13T12:30:00Z,8,1,0,0,0,0,0,4,2.2,10.5,4.0,1.7,0.0,0.12,0.12,0.13,0,44
2023-24,21,280,João Palhinha Gonçalves,MID,Fulham,10,7,0,2024-01-13T12:30:00Z,81,2,0,0,0,1,0,10,21.2,12.2,0.0,3.3,0.0,0.01,0.01,2.06,1,50
2023-24,21,281,Tim Ream,DEF,Fulham,10,7,0,2024-01-13T12:30:00Z,0,0,0,0,0,0,0,0,0.0,0.0,0.0,0.0,0.0,0.0,0.0,0.0,0,45
2023-24,21,282,Harrison Reed,MID,Fulham,10,7,0,2024-01-13T12:30:00Z,0,0,0,0,0,0,0,0,0.0,0.0,0.0,0.0,0.0,0.0,0.0,0.0,0,45
2023-24,21,283,Antonee Robinson,DEF,Fulham,10,7,0,2024-01-13T12:30:00Z,90,2,0,0,0,1,0,14,19.8,30.5,4.0,5.4,0.0,0.15,0.15,2.19,1,44
2023-24,21,284,Marek Rodák,GK,Fulham,10,7,0,2024-01-13T12:30:00Z,0,0,0,0,0,0,0,0,0.0,0.0,0.0,0.0,0.0,0.0,0.0,0.0,0,39
2023-24,21,285,Kenny Tete,DEF,Fulham,10,7,0,2024-01-13T12:30:00Z,63,2,0,0,0,1,0,10,20.8,1.6,2.0,2.4,0.0,0.01,0.01,1.85,1,44
2023-24,21,286,Tosin Adarabioyo,DEF,Fulham,10,7,0,2024-01-13T12:30:00Z,90,2,0,0,0,1,0,15,29.8,0.6,12.0,4.2,0.01,0.01,0.02,2.19,1,43
2023-24,21,287,Carlos Vinícius Alves Morais,FWD,Fulham,10,7,0,2024-01-13T12:30:00Z,0,0,0,0,0,0,0,0,0.0,0.0,0.0,0.0,0.0,0.0,0.0,0.0,0,46
2023-24,21,288,Harry Wilson,MID,Fulham,10,7,0,2024-01-13T12:30:00Z,63,1,0,0,0,1,0,3,9.8,11.9,21.0,4.3,0.11,0.01,0.12,1.85,1,53
2023-24,21,289,Adrián San Miguel del Castillo,GK,Liverpool,11,3,0,2024-01-21T16:30:00Z,0,0,0,0,0,0,0,0,0.0,0.0,0.0,0.0,0.0,0.0,0.0,0.0,0,39
2023-24,21,290,Trent Alexander-Arnold,DEF,Liverpool,11,3,0,2024-01-21T16:30:00Z,0,0,0,0,0,0,0,0,0.0,0.0,0.0,0.0,0.0,0.0,0.0,0.0,0,85
2023-24,21,291,Alisson Ramses Becker,GK,Liverpool,11,3,0,2024-01-21T16:30:00Z,90,6,0,0,1,0,0,26,11.4,0.0,0.0,1.1,0.0,0.0,0.0,1.39,1,57
2023-24,21,292,Stefan Bajcetic,MID,Liverpool,11,3,0,2024-01-21T16:30:00Z,0,0,0,0,0,0,0,0,0.0,0.0,0.0,0.0,0.0,0.0,0.0,0.0,0,47
2023-24,21,293,Darwin Núñez Ribeiro,FWD,Liverpool,11,3,0,2024-01-21T16:30:00Z,90,11,2,0,1,0,2,52,86.8,39.5,67.0,19.3,0.86,0.4,1.26,1.39,1,74
2023-24,21,294,Diogo Teixeira da Silva,MID,Liverpool,11,3,0,2024-01-21T16:30:00Z,90,19,2,1,1,0,3,55,88.2,20.3,44.0,15.3,0.14,0.39,0.53,0.95,1,78
2023-24,21,295,Harvey Elliott,MID,Liverpool,11,3,0,2024-01-21T16:30:00Z,63,3,0,0,1,0,0,17,9.0,7.7,7.0,2.4,0.17,0.06,0.23,0.36,1,48
2023-24,21,296,Fabio Henrique Tavares,MID,Liverpool,11,3,0,2024-01-21T16:30:00Z,0,0,0,0,0,0,0,0,0.0,0.0,0.0,0.0,0.0,0.0,0.0,0.0,0,50
2023-24,21,297,Cody Gakpo,FWD,Liverpool,11,3,0,2024-01-21T16:30:00Z,26,4,0,1,0,0,0,13,18.0,11.3,0.0,2.9,0.0,0.09,0.09,1.02,0,72
2023-24,21,298,Joe Gomez,DEF,Liverpool,11,3,0,2024-01-21T16:30:00Z,90,10,0,1,1,0,1,37,28.2,18.8,2.0,4.9,0.02,0.18,0.2,1.39,1,45
2023-24,21,299,Jordan Henderson,MID,Liverpool,11,3,0,2024-01-21T16:30:00Z,0,0,0,0,0,0,0,0,0.0,0.0,0.0,0.0,0.0,0.0,0.0,0.0,0,50
2023-24,21,300,Curtis Jones,MID,Liverpool,11,3,0,2024-01-21T16:30:00Z,82,3,0,0,1,0,0,15,10.2,5.4,8.0,2.4,0.1,0.06,0.16,0.44,1,49
2023-24,21,301,Caoimhin Kelleher,GK,Liverpool,11,3,0,2024-01-21T16:30:00Z,0,0,0,0,0,0,0,0,0.0,0.0,0.0,0.0,0.0,0.0,0.0,0.0,0,37
2023-24,21,302,Ibrahima Konaté,DEF,Liverpool,11,3,0,2024-01-21T16:30:00Z,90,6,0,0,1,0,0,33,30.0,11.7,2.0,4.4,0.0,0.03,0.03,1.39,1,49
2023-24,21,303,Luis Díaz,MID,Liverpool,11,3,0,2024-01-21T16:30:00Z,63,3,0,0,1,0,0,3,5.2,3.8,13.0,2.2,0.02,0.04,0.06,0.36,1,73
2023-24,21,304,Alexis Mac Allister,MID,Liverpool,11,3,0,2024-01-21T16:30:00Z,90,3,0,0,1,0,0,19,34.4,47.4,1.0,8.3,0.02,0.04,0.06,1.39,1,58
2023-24,21,305,Joel Matip,DEF,Liverpool,11,3,0,2024-01-21T16:30:00Z,0,0,0,0,0,0,0,0,0.0,0.0,0.0,0.0,0.0,0.0,0.0,0.0,0,49
2023-24,21,306,Nathaniel Phillips,DEF,Liverpool,11,3,0,2024-01-21T16:30:00Z,0,0,0,0,0,0,0,0,0.0,0.0,0.0,0.0,0.0,0.0,0.0,0.0,0,40
2023-24,21,307,Andrew Robertson,DEF,Liverpool,11,3,0,2024-01-21T16:30:00Z,0,0,0,0,0,0,0,0,0.0,0.0,0.0,0.0,0.0,0.0,0.0,0.0,0,64
2023-24,21,308,Mohamed Salah,MID,Liverpool,11,3,0,2024-01-21T16:30:00Z,0,0,0,0,0,0,0,0,0.0,0.0,0.0,0.0,0.0,0.0,0.0,0.0,0,132
2023-24,21,309,Dominik Szoboszlai,MID,Liverpool,11,3,0,2024-01-21T16:30:00Z,0,0,0,0,0,0,0,0,0.0,0.0,0.0,0.0,0.0,0.0,0.0,0.0,0,71
2023-24,21,310,Thiago Alcántara do Nascimento,MID,Liverpool,11,3,0,2024-01-21T16:30:00Z,0,0,0,0,0,0,0,0,0.0,0.0,0.0,0.0,0.0,0.0,0.0,0.0,0,48
2023-24,21,311,Konstantinos Tsimikas,DEF,Liverpool,11,3,0,2024-01-21T16:30:00Z,0,0,0,0,0,0,0,0,0.0,0.0,0.0,0.0,0.0,0.0,0.0,0.0,0,46
2023-24,21,312,Sepp van den Berg,DEF,Liverpool,11,3,0,2024-01-21T16:30:00Z,0,0,0,0,0,0,0,0,0.0,0.0,0.0,0.0,0.0,0.0,0.0,0.0,0,40
2023-24,21,313,Virgil van Dijk,DEF,Liverpool,11,3,0,2024-01-21T16:30:00Z,90,6,0,0,1,0,0,29,35.2,0.8,0.0,3.6,0.0,0.0,0.0,1.39,1,63
2023-24,21,314,Elijah Adebayo,FWD,Luton,12,6,0,2024-01-12T19:45:00Z,90,2,0,0,0,1,0,5,6.6,22.3,8.0,3.7,0.0,0.06,0.06,0.99,1,48
2023-24,21,315,Mads Juel Andersen,DEF,Luton,12,6,0,2024-01-12T19:45:00Z,0,0,0,0,0,0,0,0,0.0,0.0,0.0,0.0,0.0,0.0,0.0,0.0,0,39
2023-24,21,316,Amari'i Bell,DEF,Luton,12,6,0,2024-01-12T19:45:00Z,90,2,0,0,0,1,0,14,16.2,2.3,0.0,1.9,0.0,0.02,0.02,0.99,1,39
2023-24,21,317,Luke Berry,MID,Luton,12,6,0,2024-01-12T19:45:00Z,4,1,0,0,0,0,0,0,0.0,0.0,0.0,0.0,0.0,0.0,0.0,0.0,0,47
2023-24,21,318,Reece Burke,DEF,Luton,12,6,0,2024-01-12T19:45:00Z,0,0,0,0,0,0,0,0,0.0,0.0,0.0,0.0,0.0,0.0,0.0,0.0,0,40
2023-24,21,319,Allan Campbell,MID,Luton,12,6,0,2024-01-12T19:45:00Z,0,0,0,0,0,0,0,0,0.0,0.0,0.0,0.0,0.0,0.0,0.0,0.0,0,49
2023-24,21,320,Jordan Clark,MID,Luton,12,6,0,2024-01-12T19:45:00Z,73,2,0,0,0,1,0,7,0.0,1.7,10.0,1.1,0.12,0.02,0.14,0.93,1,48
2023-24,21,321,Alfie Doughty,DEF,Luton,12,6,0,2024-01-12T19:45:00Z,90,5,0,1,0,1,0,21,29.0,22.2,10.0,6.1,0.0,0.16,0.16,0.99,1,45
2023-24,21,322,Luke Freeman,MID,Luton,12,6,0,2024-01-12T19:45:00Z,0,0,0,0,0,0,0,0,0.0,0.0,0.0,0.0,0.0,0.0,0.0,0.0,0,49
2023-24,21,323,Matt Macey,GK,Luton,12,6,0,2024-01-12T19:45:00Z,0,0,0,0,0,0,0,0,0.0,0.0,0.0,0.0,0.0,0.0,0.0,0.0,0,40
2023-24,21,324,John McAtee,FWD,Luton,12,6,0,2024-01-12T19:45:00Z,0,0,0,0,0,0,0,0,0.0,0.0,0.0,0.0,0.0,0.0,0.0,0.0,0,45
2023-24,21,325,Carlos Mendes Gomes,MID,Luton,12,6,0,2024-01-12T19:45:00Z,0,0,0,0,0,0,0,0,0.0,0.0,0.0,0.0,0.0,0.0,0.0,0.0,0,45
2023-24,21,326,Carlton Morris,FWD,Luton,12,6,0,2024-01-12T19:45:00Z,16,7,1,0,0,0,2,24,33.2,0.4,20.0,5.4,0.18,0.0,0.18,0.06,0,50
2023-24,21,327,Admiral Muskwe,FWD,Luton,12,6,0,2024-01-12T19:45:00Z,0,0,0,0,0,0,0,0,0.0,0.0,0.0,0.0,0.0,0.0,0.0,0.0,0,45
2023-24,21,328,Chiedozie Ogbene,FWD,Luton,12,6,0,2024-01-12T19:45:00Z,90,2,0,0,0,1,0,20,28.0,45.6,66.0,14.0,0.25,0.2,0.45,0.99,1,49
2023-24,21,329,Fred Onyedinma,MID,Luton,12,6,0,2024-01-12T19:45:00Z,0,0,0,0,0,0,0,0,0.0,0.0,0.0,0.0,0.0,0.0,0.0,0.0,0,50
2023-24,21,330,Gabriel Osho,DEF,Luton,12,6,0,2024-01-12T19:45:00Z,90,2,0,0,0,1,0,22,17.8,1.3,0.0,1.9,0.0,0.01,0.01,0.99,1,44
2023-24,21,331,Aribim Pepple,FWD,Luton,12,6,0,2024-01-12T19:45:00Z,0,0,0,0,0,0,0,0,0.0,0.0,0.0,0.0,0.0,0.0,0.0,0.0,0,45
2023-24,21,332,Dion Pereira,MID,Luton,12,6,0,2024-01-12T19:45:00Z,0,0,0,0,0,0,0,0,0.0,0.0,0.0,0.0,0.0,0.0,0.0,0.0,0,44
2023-24,21,333,Dan Potts,DEF,Luton,12,6,0,2024-01-12T19:45:00Z,0,0,0,0,0,0,0,0,0.0,0.0,0.0,0.0,0.0,0.0,0.0,0.0,0,39
2023-24,21,334,Glen Rea,MID,Luton,12,6,0,2024-01-12T19:45:00Z,0,0,0,0,0,0,0,0,0.0,0.0,0.0,0.0,0.0,0.0,0.0,0.0,0,44
2023-24,21,335,James Shea,GK,Luton,12,6,0,2024-01-12T19:45:00Z,0,0,0,0,0,0,0,0,0.0,0.0,0.0,0.0,0.0,0.0,0.0,0.0,0,43
2023-24,21,336,Joe Taylor,FWD,Luton,12,6,0,2024-01-12T19:45:00Z,0,0,0,0,0,0,0,0,0.0,0.0,0.0,0.0,0.0,0.0,0.0,0.0,0,45
2023-24,21,337,Elliot Thorpe,MID,Luton,12,6,0,2024-01-12T19:45:00Z,0,0,0,0,0,0,0,0,0.0,0.0,0.0,0.0,0.0,0.0,0.0,0.0,0,45
2023-24,21,338,Jack Walton,GK,Luton,12,6,0,2024-01-12T19:45:00Z,0,0,0,0,0,0,0,0,0.0,0.0,0.0,0.0,0.0,0.0,0.0,0.0,0,40
2023-24,21,339,Louie Watson,MID,Luton,12,6,0,2024-01-12T19:45:00Z,0,0,0,0,0,0,0,0,0.0,0.0,0.0,0.0,0.0,0.0,0.0,0.0,0,44
2023-24,21,340,Cauley Woodrow,FWD,Luton,12,6,0,2024-01-12T19:45:00Z,0,0,0,0,0,0,0,0,0.0,0.0,0.0,0.0,0.0,0.0,0.0,0.0,0,44
2023-24,21,341,Manuel Akanji,DEF,Man City,13,15,0,2024-01-13T17:30:00Z,0,0,0,0,0,0,0,0,0.0,0.0,0.0,0.0,0.0,0.0,0.0,0.0,0,49
2023-24,21,342,Nathan Aké,DEF,Man City,13,15,0,2024-01-13T17:30:00Z,90,1,0,0,0,2,0,11,5.2,1.9,0.0,0.7,0.0,0.01,0.01,1.23,1,50
2023-24,21,343,Julián Álvarez,FWD,Man City,13,15,0,2024-01-13T17:30:00Z,90,2,0,0,0,2,0,15,18.0,47.3,65.0,13.0,0.63,0.16,0.79,1.23,1,70
2023-24,21,344,Bernardo Veiga de Carvalho e Silva,MID,Man City,13,15,0,2024-01-13T17:30:00Z,68,8,1,0,0,2,2,26,39.2,10.3,40.0,9.0,0.43,0.09,0.52,1.09,1,65
2023-24,21,345,Oscar Bobb,MID,Man City,13,15,0,2024-01-13T17:30:00Z,8,8,1,0,0,0,2,26,37.2,2.1,41.0,8.0,0.87,0.02,0.89,0.12,0,44
2023-24,21,346,João Cancelo,DEF,Man City,13,15,0,2024-01-13T17:30:00Z,0,0,0,0,0,0,0,0,0.0,0.0,0.0,0.0,0.0,0.0,0.0,0.0,0,58
2023-24,21,347,Scott Carson,GK,Man City,13,15,0,2024-01-13T17:30:00Z,0,0,0,0,0,0,0,0,0.0,0.0,0.0,0.0,0.0,0.0,0.0,0.0,0,39
2023-24,21,348,Shea Charles,MID,Man City,13,15,0,2024-01-13T17:30:00Z,0,0,0,0,0,0,0,0,0.0,0.0,0.0,0.0,0.0,0.0,0.0,0.0,0,45
2023-24,21,349,Kevin De Bruyne,MID,Man City,13,15,0,2024-01-13T17:30:00Z,21,12,1,1,0,0,3,35,55.6,40.4,13.0,10.9,0.16,0.3,0.46,0.14,0,103
2023-24,21,350,Rúben Gato Alves Dias,DEF,Man City,13,15,0,2024-01-13T17:30:00Z,90,1,0,0,0,2,0,17,27.4,3.7,4.0,3.5,0.0,0.01,0.01,1.23,1,55
2023-24,21,351,Tommy Doyle,MID,Wolves,20,5,0,2024-01-22T19:45:00Z,90,3,0,0,1,0,0,13,19.4,0.7,0.0,2.0,0.0,0.01,0.01,1.25,1,44
2023-24,21,352,Ederson Santana de Moraes,GK,Man City,13,15,0,2024-01-13T17:30:00Z,7,1,0,0,0,0,0,2,0.0,0.0,0.0,0.0,0.0,0.0,0.0,0.08,1,55
2023-24,21,353,Phil Foden,MID,Man City,13,15,0,2024-01-13T17:30:00Z,90,2,0,0,0,2,0,10,15.8,51.7,49.0,11.7,0.32,0.33,0.65,1.23,1,79
2023-24,21,354,Jack Grealish,MID,Man City,13,15,0,2024-01-13T17:30:00Z,0,0,0,0,0,0,0,0,0.0,0.0,0.0,0.0,0.0,0.0,0.0,0.0,0,72
2023-24,21,355,Erling Haaland,FWD,Man City,13,15,0,2024-01-13T17:30:00Z,0,0,0,0,0,0,0,0,0.0,0.0,0.0,0.0,0.0,0.0,0.0,0.0,0,139
2023-24,21,356,Mateo Kovačić,MID,Man City,13,15,0,2024-01-13T17:30:00Z,90,2,0,0,0,2,0,16,15.8,32.8,13.0,6.2,0.07,0.13,0.2,1.23,1,47
2023-24,21,357,Aymeric Laporte,DEF,Man City,13,15,0,2024-01-13T17:30:00Z,0,0,0,0,0,0,0,0,0.0,0.0,0.0,0.0,0.0,0.0,0.0,0.0,0,49
2023-24,21,358,Rico Lewis,DEF,Man City,13,15,0,2024-01-13T17:30:00Z,0,0,0,0,0,0,0,0,0.0,0.0,0.0,0.0,0.0,0.0,0.0,0.0,0,43
2023-24,21,359,Riyad Mahrez,MID,Man City,13,15,0,2024-01-13T17:30:00Z,0,0,0,0,0,0,0,0,0.0,0.0,0.0,0.0,0.0,0.0,0.0,0.0,0,75
2023-24,21,360,James McAtee,MID,Sheffield Utd,17,19,1,2024-01-21T14:00:00Z,90,2,0,0,0,2,0,9,4.6,41.6,16.0,6.2,0.1,0.21,0.31,2.27,1,44
2023-24,21,361,Stefan Ortega Moreno,GK,Man City,13,15,0,2024-01-13T17:30:00Z,82,2,0,0,0,2,0,13,24.4,0.0,0.0,2.4,0.0,0.0,0.0,1.15,0,38
2023-24,21,362,Cole Palmer,MID,Chelsea,7,10,1,2024-01-13T12:30:00Z,90,10,1,0,1,0,3,28,43.2,26.3,29.0,9.9,0.85,0.68,1.53,0.73,1,57
2023-24,21,363,Máximo Perrone,MID,Man City,13,15,0,2024-01-13T17:30:00Z,0,0,0,0,0,0,0,0,0.0,0.0,0.0,0.0,0.0,0.0,0.0,0.0,0,44
2023-24,21,364,Kalvin Phillips,MID,Man City,13,15,0,2024-01-13T17:30:00Z,0,0,0,0,0,0,0,0,0.0,0.0,0.0,0.0,0.0,0.0,0.0,0.0,0,47
2023-24,21,365,Rodrigo Hernandez,MID,Man City,13,15,0,2024-01-13T17:30:00Z,90,4,0,1,0,2,0,22,43.0,50.0,25.0,11.8,0.04,0.25,0.29,1.23,1,56
2023-24,21,366,Sergio Gómez,DEF,Man City,13,15,0,2024-01-13T17:30:00Z,0,0,0,0,0,0,0,0,0.0,0.0,0.0,0.0,0.0,0.0,0.0,0.0,0,39
2023-24,21,367,Zack Steffen,GK,Man City,13,15,0,2024-01-13T17:30:00Z,0,0,0,0,0,0,0,0,0.0,0.0,0.0,0.0,0.0,0.0,0.0,0.0,0,39
2023-24,21,368,John Stones,DEF,Man City,13,15,0,2024-01-13T17:30:00Z,0,0,0,0,0,0,0,0,0.0,0.0,0.0,0.0,0.0,0.0,0.0,0.0,0,53
2023-24,21,369,Kyle Walker,DEF,Man City,13,15,0,2024-01-13T17:30:00Z,90,6,0,1,0,2,2,26,31.4,22.3,11.0,6.5,0.01,0.79,0.8,1.23,1,54
2023-24,21,370,Alex Telles,DEF,Man Utd,14,18,1,2024-01-14T16:30:00Z,0,0,0,0,0,0,0,0,0.0,0.0,0.0,0.0,0.0,0.0,0.0,0.0,0,45
2023-24,21,371,Amad Diallo,MID,Man Utd,14,18,1,2024-01-14T16:30:00Z,0,0,0,0,0,0,0,0,0.0,0.0,0.0,0.0,0.0,0.0,0.0,0.0,0,44
2023-24,21,372,Antony Matheus dos Santos,MID,Man Utd,14,18,1,2024-01-14T16:30:00Z,2,1,0,0,0,0,0,3,0.0,0.5,0.0,0.1,0.0,0.0,0.0,0.0,0,68
2023-24,21,373,Bruno Borges Fernandes,MID,Man Utd,14,18,1,2024-01-14T16:30:00Z,90,2,0,0,0,2,0,10,11.6,23.3,5.0,4.0,0.06,0.18,0.24,1.36,1,82
2023-24,21,374,Brandon Williams,DEF,Man Utd,14,18,1,2024-01-14T16:30:00Z,0,0,0,0,0,0,0,0,0.0,0.0,0.0,0.0,0.0,0.0,0.0,0.0,0,40
2023-24,21,375,Eric Bailly,DEF,Man Utd,14,18,1,2024-01-14T16:30:00Z,0,0,0,0,0,0,0,0,0.0,0.0,0.0,0.0,0.0,0.0,0.0,0.0,0,40
2023-24,21,376,Carlos Henrique Casimiro,MID,Man Utd,14,18,1,2024-01-14T16:30:00Z,0,0,0,0,0,0,0,0,0.0,0.0,0.0,0.0,0.0,0.0,0.0,0.0,0,53
2023-24,21,377,Diogo Dalot Teixeira,DEF,Man Utd,14,18,1,2024-01-14T16:30:00Z,90,1,0,0,0,2,0,20,32.2,1.0,7.0,4.0,0.02,0.01,0.03,1.36,1,51
2023-24,21,378,Anthony Elanga,MID,Nott'm Forest,16,4,0,2024-01-20T17:30:00Z,0,0,0,0,0,0,0,0,0.0,0.0,0.0,0.0,0.0,0.0,0.0,0.0,0,51
2023-24,21,379,Christian Eriksen,MID,Man Utd,14,18,1,2024-01-14T16:30:00Z,57,1,0,0,0,2,0,6,5.2,29.2,0.0,3.4,0.0,0.1,0.1,1.12,1,58
2023-24,21,380,Álvaro Fernández Carreras,DEF,Man Utd,14,18,1,2024-01-14T16:30:00Z,0,0,0,0,0,0,0,0,0.0,0.0,0.0,0.0,0.0,0.0,0.0,0.0,0,40
2023-24,21,381,Frederico Rodrigues de Paula Santos,MID,Man Utd,14,18,1,2024-01-14T16:30:00Z,0,0,0,0,0,0,0,0,0.0,0.0,0.0,0.0,0.0,0.0,0.0,0.0,0,50
2023-24,21,382,Alejandro Garnacho,MID,Man Utd,14,18,1,2024-01-14T16:30:00Z,90,2,0,0,0,2,0,12,15.0,25.7,14.0,5.5,0.0,0.23,0.23,1.36,1,48
2023-24,21,383,Hannibal Mejbri,MID,Man Utd,14,18,1,2024-01-14T16:30:00Z,0,0,0,0,0,0,0,0,0.0,0.0,0.0,0.0,0.0,0.0,0.0,0.0,0,43
2023-24,21,384,Tom Heaton,GK,Man Utd,14,18,1,2024-01-14T16:30:00Z,0,0,0,0,0,0,0,0,0.0,0.0,0.0,0.0,0.0,0.0,0.0,0.0,0,40
2023-24,21,385,Dean Henderson,GK,Crystal Palace,8,1,0,2024-01-20T12:30:00Z,90,-2,0,0,0,5,0,6,9.2,0.0,0.0,0.9,0.0,0.0,0.0,3.31,1,44
2023-24,21,386,Victor Lindelöf,DEF,Man Utd,14,18,1,2024-01-14T16:30:00Z,0,0,0,0,0,0,0,0,0.0,0.0,0.0,0.0,0.0,0.0,0.0,0.0,0,45
2023-24,21,387,Harry Maguire,DEF,Man Utd,14,18,1,2024-01-14T16:30:00Z,0,0,0,0,0,0,0,0,0.0,0.0,0.0,0.0,0.0,0.0,0.0,0.0,0,42
2023-24,21,388,Kobbie Mainoo,MID,Man Utd,14,18,1,2024-01-14T16:30:00Z,90,2,0,0,0,2,0,9,9.0,2.5,0.0,1.2,0.0,0.01,0.01,1.36,1,44
2023-24,21,389,Tyrell Malacia,DEF,Man Utd,14,18,1,2024-01-14T16:30:00Z,0,0,0,0,0,0,0,0,0.0,0.0,0.0,0.0,0.0,0.0,0.0,0.0,0,43
2023-24,21,390,Anthony Martial,FWD,Man Utd,14,18,1,2024-01-14T16:30:00Z,0,0,0,0,0,0,0,0,0.0,0.0,0.0,0.0,0.0,0.0,0.0,0.0,0,64
2023-24,21,391,Lisandro Martínez,DEF,Man Utd,14,18,1,2024-01-14T16:30:00Z,27,1,0,0,0,0,0,2,1.6,0.2,0.0,0.2,0.0,0.0,0.0,0.24,0,47
2023-24,21,392,Scott McTominay,MID,Man Utd,14,18,1,2024-01-14T16:30:00Z,32,1,0,0,0,0,0,-2,9.2,0.2,5.0,1.4,0.49,0.0,0.49,0.24,0,47
2023-24,21,393,Teden Mengi,DEF,Luton,12,6,0,2024-01-12T19:45:00Z,90,2,0,0,0,1,0,10,13.4,0.5,0.0,1.4,0.0,0.0,0.0,0.99,1,40
2023-24,21,394,Facundo Pellistri Rebollo,MID,Man Utd,14,18,1,2024-01-14T16:30:00Z,0,0,0,0,0,0,0,0,0.0,0.0,0.0,0.0,0.0,0.0,0.0,0.0,0,43
2023-24,21,395,Raphaël Varane,DEF,Man Utd,14,18,1,2024-01-14T16:30:00Z,90,1,0,0,0,2,0,13,15.4,0.6,8.0,2.4,0.08,0.0,0.08,1.36,1,49
2023-24,21,396,Marcus Rashford,MID,Man Utd,14,18,1,2024-01-14T16:30:00Z,87,7,1,0,0,2,0,18,35.6,1.5,39.0,7.6,0.11,0.06,0.17,1.36,1,84
2023-24,21,397,Jadon Sancho,MID,Man Utd,14,18,1,2024-01-14T16:30:00Z,0,0,0,0,0,0,0,0,0.0,0.0,0.0,0.0,0.0,0.0,0.0,0.0,0,67
2023-24,21,398,Luke Shaw,DEF,Man Utd,14,18,1,2024-01-14T16:30:00Z,0,0,0,0,0,0,0,0,0.0,0.0,0.0,0.0,0.0,0.0,0.0,0.0,0,52
2023-24,21,399,Shola Shoretire,FWD,Man Utd,14,18,1,2024-01-14T16:30:00Z,0,0,0,0,0,0,0,0,0.0,0.0,0.0,0.0,0.0,0.0,0.0,0.0,0,44
2023-24,21,400,Donny van de Beek,MID,Man Utd,14,18,1,2024-01-14T16:30:00Z,0,0,0,0,0,0,0,0,0.0,0.0,0.0,0.0,0.0,0.0,0.0,0.0,0,47
2023-24,21,401,Aaron Wan-Bissaka,DEF,Man Utd,14,18,1,2024-01-14T16:30:00Z,90,0,0,0,0,2,0,13,24.2,1.7,2.0,2.8,0.0,0.01,0.01,1.36,1,44
2023-24,21,402,Miguel Almirón Rejala,MID,Newcastle,15,13,1,2024-01-13T17:30:00Z,90,2,0,0,0,3,0,9,20.0,38.4,10.0,6.8,0.12,0.1,0.22,2.84,1,62
2023-24,21,403,Elliot Anderson,MID,Newcastle,15,13,1,2024-01-13T17:30:00Z,0,0,0,0,0,0,0,0,0.0,0.0,0.0,0.0,0.0,0.0,0.0,0.0,0,42
2023-24,21,404,Harrison Ashby,DEF,Newcastle,15,13,1,2024-01-13T17:30:00Z,0,0,0,0,0,0,0,0,0.0,0.0,0.0,0.0,0.0,0.0,0.0,0.0,0,40
2023-24,21,405,Sven Botman,DEF,Newcastle,15,13,1,2024-01-13T17:30:00Z,90,1,0,0,0,3,0,17,19.6,0.2,0.0,2.0,0.0,0.0,0.0,2.84,1,45
2023-24,21,406,Bruno Guimarães Rodriguez Moura,MID,Newcastle,15,13,1,2024-01-13T17:30:00Z,90,4,0,1,0,3,0,17,36.4,24.9,8.0,6.9,0.13,0.07,0.2,2.84,1,58
2023-24,21,407,Dan Burn,DEF,Newcastle,15,13,1,2024-01-13T17:30:00Z,90,4,0,1,0,3,0,23,35.6,20.3,2.0,5.8,0.0,0.14,0.14,2.84,1,44
2023-24,21,408,Karl Darlow,GK,Newcastle,15,13,1,2024-01-13T17:30:00Z,0,0,0,0,0,0,0,0,0.0,0.0,0.0,0.0,0.0,0.0,0.0,0.0,0,40
2023-24,21,409,Martin Dubravka,GK,Newcastle,15,13,1,2024-01-13T17:30:00Z,90,3,0,0,0,3,0,25,51.8,0.0,0.0,5.2,0.0,0.0,0.0,2.84,1,42
2023-24,21,410,Ryan Fraser,MID,Newcastle,15,13,1,2024-01-13T17:30:00Z,0,0,0,0,0,0,0,0,0.0,0.0,0.0,0.0,0.0,0.0,0.0,0.0,0,49
2023-24,21,411,Mark Gillespie,GK,Newcastle,15,13,1,2024-01-13T17:30:00Z,0,0,0,0,0,0,0,0,0.0,0.0,0.0,0.0,0.0,0.0,0.0,0.0,0,39
2023-24,21,412,Anthony Gordon,MID,Newcastle,15,13,1,2024-01-13T17:30:00Z,85,7,1,0,0,2,0,24,38.4,10.6,28.0,7.7,0.14,0.08,0.22,1.98,1,61
2023-24,21,413,Isaac Hayden,MID,Newcastle,15,13,1,2024-01-13T17:30:00Z,0,0,0,0,0,0,0,0,0.0,0.0,0.0,0.0,0.0,0.0,0.0,0.0,0,44
2023-24,21,414,Jeff Hendrick,MID,Newcastle,15,13,1,2024-01-13T17:30:00Z,0,0,0,0,0,0,0,0,0.0,0.0,0.0,0.0,0.0,0.0,0.0,0.0,0,44
2023-24,21,415,Alexander Isak,FWD,Newcastle,15,13,1,2024-01-13T17:30:00Z,90,6,1,0,0,3,0,23,41.0,1.8,71.0,11.4,0.78,0.02,0.8,2.84,1,76
2023-24,21,416,Joelinton Cássio Apolinário de Lira,MID,Newcastle,15,13,1,2024-01-13T17:30:00Z,0,0,0,0,0,0,0,0,0.0,0.0,0.0,0.0,0.0,0.0,0.0,0.0,0,58
2023-24,21,417,Emil Krafth,DEF,Newcastle,15,13,1,2024-01-13T17:30:00Z,0,0,0,0,0,0,0,0,0.0,0.0,0.0,0.0,0.0,0.0,0.0,0.0,0,44
2023-24,21,418,Garang Kuol,MID,Newcastle,15,13,1,2024-01-13T17:30:00Z,0,0,0,0,0,0,0,0,0.0,0.0,0.0,0.0,0.0,0.0,0.0,0.0,0,45
2023-24,21,419,Jamaal Lascelles,DEF,Newcastle,15,13,1,2024-01-13T17:30:00Z,0,0,0,0,0,0,0,0,0.0,0.0,0.0,0.0,0.0,0.0,0.0,0.0,0,41
2023-24,21,420,Jamal Lewis,DEF,Newcastle,15,13,1,2024-01-13T17:30:00Z,0,0,0,0,0,0,0,0,0.0,0.0,0.0,0.0,0.0,0.0,0.0,0.0,0,40
2023-24,21,421,Sean Longstaff,MID,Newcastle,15,13,1,2024-01-13T17:30:00Z,90,2,0,0,0,3,0,3,0.6,0.1,6.0,0.7,0.0,0.0,0.0,2.84,1,48
2023-24,21,422,Javier Manquillo Gaitán,DEF,Newcastle,15,13,1,2024-01-13T17:30:00Z,0,0,0,0,0,0,0,0,0.0,0.0,0.0,0.0,0.0,0.0,0.0,0.0,0,40
2023-24,21,423,Jacob Murphy,MID,Newcastle,15,13,1,2024-01-13T17:30:00Z,0,0,0,0,0,0,0,0,0.0,0.0,0.0,0.0,0.0,0.0,0.0,0.0,0,48
2023-24,21,424,Nick Pope,GK,Newcastle,15,13,1,2024-01-13T17:30:00Z,0,0,0,0,0,0,0,0,0.0,0.0,0.0,0.0,0.0,0.0,0.0,0.0,0,53
2023-24,21,425,Matt Ritchie,MID,Newcastle,15,13,1,2024-01-13T17:30:00Z,0,0,0,0,0,0,0,0,0.0,0.0,0.0,0.0,0.0,0.0,0.0,0.0,0,43
2023-24,21,426,Allan Saint-Maximin,MID,Newcastle,15,13,1,2024-01-13T17:30:00Z,0,0,0,0,0,0,0,0,0.0,0.0,0.0,0.0,0.0,0.0,0.0,0.0,0,60
2023-24,21,427,Fabian Schär,DEF,Newcastle,15,13,1,2024-01-13T17:30:00Z,90,1,0,0,0,3,0,15,39.8,0.3,19.0,5.9,0.06,0.0,0.06,2.84,1,52
2023-24,21,428,Matt Targett,DEF,Newcastle,15,13,1,2024-01-13T17:30:00Z,0,0,0,0,0,0,0,0,0.0,0.0,0.0,0.0,0.0,0.0,0.0,0.0,0,42
2023-24,21,429,Sandro Tonali,MID,Newcastle,15,13,1,2024-01-13T17:30:00Z,0,0,0,0,0,0,0,0,0.0,0.0,0.0,0.0,0.0,0.0,0.0,0.0,0,52
2023-24,21,430,Kieran Trippier,DEF,Newcastle,15,13,1,2024-01-13T17:30:00Z,90,1,0,0,0,3,0,14,31.2,25.7,0.0,5.7,0.0,0.15,0.15,2.84,1,67
2023-24,21,431,Kell Watts,DEF,Newcastle,15,13,1,2024-01-13T17:30:00Z,0,0,0,0,0,0,0,0,0.0,0.0,0.0,0.0,0.0,0.0,0.0,0.0,0,40
2023-24,21,432,Joe Willock,MID,Newcastle,15,13,1,2024-01-13T17:30:00Z,0,0,0,0,0,0,0,0,0.0,0.0,0.0,0.0,0.0,0.0,0.0,0.0,0,53
2023-24,21,433,Callum Wilson,FWD,Newcastle,15,13,1,2024-01-13T17:30:00Z,0,0,0,0,0,0,0,0,0.0,0.0,0.0,0.0,0.0,0.0,0.0,0.0,0,78
2023-24,21,434,Brandon Aguilera Zamora,MID,Nott'm Forest,16,4,0,2024-01-20T17:30:00Z,4,1,0,0,0,0,0,0,0.0,1.6,0.0,0.0,0.0,0.0,0.0,0.0,0,45
2023-24,21,435,Harry Arter,MID,Nott'm Forest,16,4,0,2024-01-20T17:30:00Z,0,0,0,0,0,0,0,0,0.0,0.0,0.0,0.0,0.0,0.0,0.0,0.0,0,43
2023-24,21,436,Serge Aurier,DEF,Nott'm Forest,16,4,0,2024-01-20T17:30:00Z,0,0,0,0,0,0,0,0,0.0,0.0,0.0,0.0,0.0,0.0,0.0,0.0,0,45
2023-24,21,437,Taiwo Awoniyi,FWD,Nott'm Forest,16,4,0,2024-01-20T17:30:00Z,0,0,0,0,0,0,0,0,0.0,0.0,0.0,0.0,0.0,0.0,0.0,0.0,0,63
2023-24,21,438,Giulian Biancone,DEF,Nott'm Forest,16,4,0,2024-01-20T17:30:00Z,0,0,0,0,0,0,0,0,0.0,0.0,0.0,0.0,0.0,0.0,0.0,0.0,0,39
2023-24,21,439,Willy Boly,DEF,Nott'm Forest,16,4,0,2024-01-20T17:30:00Z,0,0,0,0,0,0,0,0,0.0,0.0,0.0,0.0,0.0,0.0,0.0,0.0,0,45
2023-24,21,440,Josh Bowler,MID,Nott'm Forest,16,4,0,2024-01-20T17:30:00Z,0,0,0,0,0,0,0,0,0.0,0.0,0.0,0.0,0.0,0.0,0.0,0.0,0,45
2023-24,21,441,Steve Cook,DEF,Nott'm Forest,16,4,0,2024-01-20T17:30:00Z,0,0,0,0,0,0,0,0,0.0,0.0,0.0,0.0,0.0,0.0,0.0,0.0,0,45
2023-24,21,442,Danilo dos Santos de Oliveira,MID,Nott'm Forest,16,4,0,2024-01-20T17:30:00Z,90,8,1,0,0,3,2,33,41.6,13.8,9.0,6.4,0.05,0.39,0.44,1.29,1,53
2023-24,21,443,Emmanuel Dennis,FWD,Nott'm Forest,16,4,0,2024-01-20T17:30:00Z,0,0,0,0,0,0,0,0,0.0,0.0,0.0,0.0,0.0,0.0,0.0,0.0,0,48
2023-24,21,444,Mohamed Dräger,DEF,Nott'm Forest,16,4,0,2024-01-20T17:30:00Z,0,0,0,0,0,0,0,0,0.0,0.0,0.0,0.0,0.0,0.0,0.0,0.0,0,40
2023-24,21,445,Felipe Augusto de Almeida Monteiro,DEF,Nott'm Forest,16,4,0,2024-01-20T17:30:00Z,0,0,0,0,0,0,0,0,0.0,0.0,0.0,0.0,0.0,0.0,0.0,0.0,0,44
2023-24,21,446,Remo Freuler,MID,Nott'm Forest,16,4,0,2024-01-20T17:30:00Z,0,0,0,0,0,0,0,0,0.0,0.0,0.0,0.0,0.0,0.0,0.0,0.0,0,49
2023-24,21,447,Morgan Gibbs-White,MID,Nott'm Forest,16,4,0,2024-01-20T17:30:00Z,0,0,0,0,0,0,0,0,0.0,0.0,0.0,0.0,0.0,0.0,0.0,0.0,0,57
2023-24,21,448,Wayne Hennessey,GK,Nott'm Forest,16,4,0,2024-01-20T17:30:00Z,0,0,0,0,0,0,0,0,0.0,0.0,0.0,0.0,0.0,0.0,0.0,0.0,0,40
2023-24,21,449,Ethan Horvath,GK,Nott'm Forest,16,4,0,2024-01-20T17:30:00Z,0,0,0,0,0,0,0,0,0.0,0.0,0.0,0.0,0.0,0.0,0.0,0.0,0,43
2023-24,21,450,Brennan Johnson,MID,Spurs,18,14,0,2024-01-14T16:30:00Z,90,2,0,0,0,2,0,7,17.2,24.5,26.0,6.8,0.08,0.05,0.13,0.84,1,58
2023-24,21,451,Cheikhou Kouyaté,MID,Nott'm Forest,16,4,0,2024-01-20T17:30:00Z,0,0,0,0,0,0,0,0,0.0,0.0,0.0,0.0,0.0,0.0,0.0,0.0,0,48
2023-24,21,452,Richie Laryea,DEF,Nott'm Forest,16,4,0,2024-01-20T17:30:00Z,0,0,0,0,0,0,0,0,0.0,0.0,0.0,0.0,0.0,0.0,0.0,0.0,0,45
2023-24,21,453,Orel Mangala,MID,Nott'm Forest,16,4,0,2024-01-20T17:30:00Z,90,1,0,0,0,3,0,1,2.4,17.8,17.0,3.7,0.46,0.09,0.55,1.29,1,50
2023-24,21,454,Loïc Mbe Soh,DEF,Nott'm Forest,16,4,0,2024-01-20T17:30:00Z,0,0,0,0,0,0,0,0,0.0,0.0,0.0,0.0,0.0,0.0,0.0,0.0,0,40
2023-24,21,455,Scott McKenna,DEF,Nott'm Forest,16,4,0,2024-01-20T17:30:00Z,0,0,0,0,0,0,0,0,0.0,0.0,0.0,0.0,0.0,0.0,0.0,0.0,0,44
2023-24,21,456,Alex Mighten,MID,Nott'm Forest,16,4,0,2024-01-20T17:30:00Z,0,0,0,0,0,0,0,0,0.0,0.0,0.0,0.0,0.0,0.0,0.0,0.0,0,44
2023-24,21,457,Moussa Niakhaté,DEF,Nott'm Forest,16,4,0,2024-01-20T17:30:00Z,0,0,0,0,0,0,0,0,0.0,0.0,0.0,0.0,0.0,0.0,0.0,0.0,0,45
2023-24,21,458,Lewis O'Brien,MID,Nott'm Forest,16,4,0,2024-01-20T17:30:00Z,0,0,0,0,0,0,0,0,0.0,0.0,0.0,0.0,0.0,0.0,0.0,0.0,0,49
2023-24,21,459,Braian Ojeda Rodríguez,MID,Nott'm Forest,16,4,0,2024-01-20T17:30:00Z,0,0,0,0,0,0,0,0,0.0,0.0,0.0,0.0,0.0,0.0,0.0,0.0,0,45
2023-24,21,460,Jonathan Panzo,DEF,Nott'm Forest,16,4,0,2024-01-20T17:30:00Z,0,0,0,0,0,0,0,0,0.0,0.0,0.0,0.0,0.0,0.0,0.0,0.0,0,40
2023-24,21,461,Omar Richards,DEF,Nott'm Forest,16,4,0,2024-01-20T17:30:00Z,0,0,0,0,0,0,0,0,0.0,0.0,0.0,0.0,0.0,0.0,0.0,0.0,0,44
2023-24,21,462,Gustavo Henrique Furtado Scarpa,MID,Nott'm Forest,16,4,0,2024-01-20T17:30:00Z,0,0,0,0,0,0,0,0,0.0,0.0,0.0,0.0,0.0,0.0,0.0,0.0,0,45
2023-24,21,463,Jonjo Shelvey,MID,Nott'm Forest,16,4,0,2024-01-20T17:30:00Z,0,0,0,0,0,0,0,0,0.0,0.0,0.0,0.0,0.0,0.0,0.0,0.0,0,48
2023-24,21,464,Sam Surridge,FWD,Nott'm Forest,16,4,0,2024-01-20T17:30:00Z,0,0,0,0,0,0,0,0,0.0,0.0,0.0,0.0,0.0,0.0,0.0,0.0,0,45
2023-24,21,465,Harry Toffolo,DEF,Nott'm Forest,16,4,0,2024-01-20T17:30:00Z,0,0,0,0,0,0,0,0,0.0,0.0,0.0,0.0,0.0,0.0,0.0,0.0,0,44
2023-24,21,466,Hwang Ui-jo,FWD,Nott'm Forest,16,4,0,2024-01-20T17:30:00Z,0,0,0,0,0,0,0,0,0.0,0.0,0.0,0.0,0.0,0.0,0.0,0.0,0,44
2023-24,21,467,Neco Williams,DEF,Nott'm Forest,16,4,0,2024-01-20T17:30:00Z,28,1,0,0,0,1,0,3,9.2,4.9,2.0,1.6,0.0,0.02,0.02,0.14,0,43
2023-24,21,468,Chris Wood,FWD,Nott'm Forest,16,4,0,2024-01-20T17:30:00Z,90,8,1,0,0,3,2,33,44.2,47.8,32.0,12.4,0.38,0.09,0.47,1.29,1,49
2023-24,21,469,Joe Worrall,DEF,Nott'm Forest,16,4,0,2024-01-20T17:30:00Z,0,0,0,0,0,0,0,0,0.0,0.0,0.0,0.0,0.0,0.0,0.0,0.0,0,43
2023-24,21,470,Ryan Yates,MID,Nott'm Forest,16,4,0,2024-01-20T17:30:00Z,61,2,0,0,0,2,0,9,0.8,3.2,5.0,0.9,0.07,0.02,0.09,1.15,1,48
2023-24,21,471,Anel Ahmedhodžić,DEF,Sheffield Utd,17,19,1,2024-01-21T14:00:00Z,90,0,0,0,0,2,0,9,19.0,1.2,2.0,2.2,0.0,0.03,0.03,2.27,1,43
2023-24,21,472,Jordan Amissah,GK,Sheffield Utd,17,19,1,2024-01-21T14:00:00Z,0,0,0,0,0,0,0,0,0.0,0.0,0.0,0.0,0.0,0.0,0.0,0.0,0,39
2023-24,21,473,George Baldock,DEF,Sheffield Utd,17,19,1,2024-01-21T14:00:00Z,0,0,0,0,0,0,0,0,0.0,0.0,0.0,0.0,0.0,0.0,0.0,0.0,0,39
2023-24,21,474,Chris Basham,DEF,Sheffield Utd,17,19,1,2024-01-21T14:00:00Z,0,0,0,0,0,0,0,0,0.0,0.0,0.0,0.0,0.0,0.0,0.0,0.0,0,39
2023-24,21,475,Sander Berge,MID,Burnley,6,12,1,2024-01-12T19:45:00Z,0,0,0,0,0,0,0,0,0.0,0.0,0.0,0.0,0.0,0.0,0.0,0.0,0,47
2023-24,21,476,Jayden Bogle,DEF,Sheffield Utd,17,19,1,2024-01-21T14:00:00Z,90,1,0,0,0,2,0,22,23.2,23.9,6.0,5.3,0.0,0.04,0.04,2.27,1,45
2023-24,21,477,Rhian Brewster,FWD,Sheffield Utd,17,19,1,2024-01-21T14:00:00Z,10,-2,0,0,0,0,0,-7,0.0,0.1,0.0,0.0,0.0,0.0,0.0,0.85,0,49
2023-24,21,478,Ismaila Coulibaly,MID,Sheffield Utd,17,19,1,2024-01-21T14:00:00Z,0,0,0,0,0,0,0,0,0.0,0.0,0.0,0.0,0.0,0.0,0.0,0.0,0,44
2023-24,21,479,Adam Davies,GK,Sheffield Utd,17,19,1,2024-01-21T14:00:00Z,0,0,0,0,0,0,0,0,0.0,0.0,0.0,0.0,0.0,0.0,0.0,0.0,0,40
2023-24,21,480,John Egan,DEF,Sheffield Utd,17,19,1,2024-01-21T14:00:00Z,0,0,0,0,0,0,0,0,0.0,0.0,0.0,0.0,0.0,0.0,0.0,0.0,0,43
2023-24,21,481,John Fleck,MID,Sheffield Utd,17,19,1,2024-01-21T14:00:00Z,0,0,0,0,0,0,0,0,0.0,0.0,0.0,0.0,0.0,0.0,0.0,0.0,0,49
2023-24,21,482,Wes Foderingham,GK,Sheffield Utd,17,19,1,2024-01-21T14:00:00Z,90,2,0,0,0,2,0,17,26.2,0.0,0.0,2.6,0.0,0.0,0.0,2.27,1,45
2023-24,21,483,Daniel Jebbison,FWD,Sheffield Utd,17,19,1,2024-01-21T14:00:00Z,0,0,0,0,0,0,0,0,0.0,0.0,0.0,0.0,0.0,0.0,0.0,0.0,0,48
2023-24,21,484,Max Lowe,DEF,Sheffield Utd,17,19,1,2024-01-21T14:00:00Z,0,0,0,0,0,0,0,0,0.0,0.0,0.0,0.0,0.0,0.0,0.0,0.0,0,43
2023-24,21,485,Oliver McBurnie,FWD,Sheffield Utd,17,19,1,2024-01-21T14:00:00Z,45,6,1,0,0,1,1,25,33.6,1.7,28.0,6.3,0.82,0.01,0.83,1.45,0,54
2023-24,21,486,Iliman Ndiaye,FWD,Sheffield Utd,17,19,1,2024-01-21T14:00:00Z,0,0,0,0,0,0,0,0,0.0,0.0,0.0,0.0,0.0,0.0,0.0,0.0,0,55
2023-24,21,487,Rhys Norrington-Davies,DEF,Sheffield Utd,17,19,1,2024-01-21T14:00:00Z,10,1,0,0,0,0,0,3,0.6,0.3,0.0,0.1,0.0,0.0,0.0,0.48,0,39
2023-24,21,488,Oliver Norwood,MID,Sheffield Utd,17,19,1,2024-01-21T14:00:00Z,2,1,0,0,0,0,0,3,1.0,0.0,0.0,0.1,0.0,0.01,0.01,0.43,0,48
2023-24,21,489,Ben Osborn,MID,Sheffield Utd,17,19,1,2024-01-21T14:00:00Z,0,0,0,0,0,0,0,0,0.0,0.0,0.0,0.0,0.0,0.0,0.0,0.0,0,48
2023-24,21,490,William Osula,FWD,Sheffield Utd,17,19,1,2024-01-21T14:00:00Z,45,4,0,1,0,1,0,8,1.0,0.5,25.0,2.7,0.43,0.0,0.43,0.82,1,43
2023-24,21,491,Brandon Austin,GK,Spurs,18,14,0,2024-01-14T16:30:00Z,0,0,0,0,0,0,0,0,0.0,0.0,0.0,0.0,0.0,0.0,0.0,0.0,0,39
2023-24,21,492,Rodrigo Bentancur,MID,Spurs,18,14,0,2024-01-14T16:30:00Z,90,6,1,0,0,2,0,22,45.2,8.0,45.0,9.8,0.38,0.1,0.48,0.84,1,54
2023-24,21,493,Yves Bissouma,MID,Spurs,18,14,0,2024-01-14T16:30:00Z,0,0,0,0,0,0,0,0,0.0,0.0,0.0,0.0,0.0,0.0,0.0,0.0,0,50
2023-24,21,494,Bryan Gil Salvatierra,MID,Spurs,18,14,0,2024-01-14T16:30:00Z,10,1,0,0,0,0,0,2,2.4,1.0,0.0,0.3,0.0,0.0,0.0,0.45,0,49
2023-24,21,495,Ben Davies,DEF,Spurs,18,14,0,2024-01-14T16:30:00Z,0,0,0,0,0,0,0,0,0.0,0.0,0.0,0.0,0.0,0.0,0.0,0.0,0,43
2023-24,21,496,Eric Dier,DEF,Spurs,18,14,0,2024-01-14T16:30:00Z,0,0,0,0,0,0,0,0,0.0,0.0,0.0,0.0,0.0,0.0,0.0,0.0,0,42
2023-24,21,497,Emerson Leite de Souza Junior,DEF,Spurs,18,14,0,2024-01-14T16:30:00Z,1,1,0,0,0,0,0,3,0.6,0.1,0.0,0.1,0.0,0.0,0.0,0.41,0,44
2023-24,21,498,Fraser Forster,GK,Spurs,18,14,0,2024-01-14T16:30:00Z,0,0,0,0,0,0,0,0,0.0,0.0,0.0,0.0,0.0,0.0,0.0,0.0,0,39
2023-24,21,499,Pierre-Emile Højbjerg,MID,Spurs,18,14,0,2024-01-14T16:30:00Z,90,2,0,0,0,2,0,8,13.4,15.5,1.0,3.0,0.05,0.02,0.07,0.84,1,52
2023-24,21,500,Harry Kane,FWD,Spurs,18,14,0,2024-01-14T16:30:00Z,0,0,0,0,0,0,0,0,0.0,0.0,0.0,0.0,0.0,0.0,0.0,0.0,0,125
2023-24,21,501,Dejan Kulusevski,MID,Spurs,18,14,0,2024-01-14T16:30:00Z,0,0,0,0,0,0,0,0,0.0,0.0,0.0,0.0,0.0,0.0,0.0,0.0,0,71
2023-24,21,502,Hugo Lloris,GK,Spurs,18,14,0,2024-01-14T16:30:00Z,0,0,0,0,0,0,0,0,0.0,0.0,0.0,0.0,0.0,0.0,0.0,0.0,0,48
2023-24,21,503,Giovani Lo Celso,MID,Spurs,18,14,0,2024-01-14T16:30:00Z,0,0,0,0,0,0,0,0,0.0,0.0,0.0,0.0,0.0,0.0,0.0,0.0,0,48
2023-24,21,504,James Maddison,MID,Spurs,18,14,0,2024-01-14T16:30:00Z,0,0,0,0,0,0,0,0,0.0,0.0,0.0,0.0,0.0,0.0,0.0,0.0,0,78
2023-24,21,505,Tanguy Ndombélé Alvaro,MID,Spurs,18,14,0,2024-01-14T16:30:00Z,0,0,0,0,0,0,0,0,0.0,0.0,0.0,0.0,0.0,0.0,0.0,0.0,0,44
2023-24,21,506,Pedro Porro,DEF,Spurs,18,14,0,2024-01-14T16:30:00Z,90,6,0,1,0,2,2,32,54.4,77.9,9.0,14.1,0.04,0.52,0.56,0.84,1,58
2023-24,21,507,Ivan Perišić,DEF,Spurs,18,14,0,2024-01-14T16:30:00Z,0,0,0,0,0,0,0,0,0.0,0.0,0.0,0.0,0.0,0.0,0.0,0.0,0,47
2023-24,21,508,Sergio Reguilón,DEF,Brentford,4,16,1,2024-01-20T17:30:00Z,16,1,0,0,0,0,0,1,1.2,1.1,5.0,0.7,0.02,0.01,0.03,0.21,0,44
2023-24,21,509,Richarlison de Andrade,MID,Spurs,18,14,0,2024-01-14T16:30:00Z,90,8,1,0,0,2,1,27,44.0,12.8,62.0,11.9,0.28,0.01,0.29,0.84,1,69
2023-24,21,510,Joe Rodon,DEF,Spurs,18,14,0,2024-01-14T16:30:00Z,0,0,0,0,0,0,0,0,0.0,0.0,0.0,0.0,0.0,0.0,0.0,0.0,0,40
2023-24,21,511,Cristian Romero,DEF,Spurs,18,14,0,2024-01-14T16:30:00Z,90,1,0,0,0,2,0,10,16.0,1.4,7.0,2.4,0.23,0.01,0.24,0.84,1,49
2023-24,21,512,Davinson Sánchez,DEF,Spurs,18,14,0,2024-01-14T16:30:00Z,0,0,0,0,0,0,0,0,0.0,0.0,0.0,0.0,0.0,0.0,0.0,0.0,0,44
2023-24,21,513,Pape Matar Sarr,MID,Spurs,18,14,0,2024-01-14T16:30:00Z,0,0,0,0,0,0,0,0,0.0,0.0,0.0,0.0,0.0,0.0,0.0,0.0,0,45
2023-24,21,514,Ryan Sessegnon,DEF,Spurs,18,14,0,2024-01-14T16:30:00Z,0,0,0,0,0,0,0,0,0.0,0.0,0.0,0.0,0.0,0.0,0.0,0.0,0,44
2023-24,21,515,Oliver Skipp,MID,Spurs,18,14,0,2024-01-14T16:30:00Z,84,2,0,0,0,2,0,12,10.2,33.4,4.0,4.8,0.03,0.04,0.07,0.38,1,46
2023-24,21,516,Son Heung-min,MID,Spurs,18,14,0,2024-01-14T16:30:00Z,0,0,0,0,0,0,0,0,0.0,0.0,0.0,0.0,0.0,0.0,0.0,0.0,0,98
2023-24,21,517,Djed Spence,DEF,Spurs,18,14,0,2024-01-14T16:30:00Z,0,0,0,0,0,0,0,0,0.0,0.0,0.0,0.0,0.0,0.0,0.0,0.0,0,40
2023-24,21,518,Japhet Tanganga,DEF,Spurs,18,14,0,2024-01-14T16:30:00Z,0,0,0,0,0,0,0,0,0.0,0.0,0.0,0.0,0.0,0.0,0.0,0.0,0,40
2023-24,21,519,Destiny Udogie,DEF,Spurs,18,14,0,2024-01-14T16:30:00Z,90,1,0,0,0,2,0,14,25.6,12.6,8.0,4.6,0.0,0.01,0.01,0.84,1,48
2023-24,21,520,Guglielmo Vicario,GK,Spurs,18,14,0,2024-01-14T16:30:00Z,90,1,0,0,0,2,0,16,5.6,0.0,0.0,0.6,0.0,0.0,0.0,0.84,1,53
2023-24,21,521,Alfie Whiteman,GK,Spurs,18,14,0,2024-01-14T16:30:00Z,0,0,0,0,0,0,0,0,0.0,0.0,0.0,0.0,0.0,0.0,0.0,0.0,0,39
2023-24,21,522,Nayef Aguerd,DEF,West Ham,19,17,0,2024-01-21T14:00:00Z,0,0,0,0,0,0,0,0,0.0,0.0,0.0,0.0,0.0,0.0,0.0,0.0,0,45
2023-24,21,523,Michail Antonio,FWD,West Ham,19,17,0,2024-01-21T14:00:00Z,0,0,0,0,0,0,0,0,0.0,0.0,0.0,0.0,0.0,0.0,0.0,0.0,0,57
2023-24,21,524,Alphonse Areola,GK,West Ham,19,17,0,2024-01-21T14:00:00Z,90,3,0,0,0,1,0,13,23.4,0.0,0.0,2.3,0.0,0.0,0.0,1.44,1,42
2023-24,21,525,Saïd Benrahma,MID,West Ham,19,17,0,2024-01-21T14:00:00Z,0,0,0,0,0,0,0,0,0.0,0.0,0.0,0.0,0.0,0.0,0.0,0.0,0,56
2023-24,21,526,Jarrod Bowen,MID,West Ham,19,17,0,2024-01-21T14:00:00Z,90,2,0,0,0,2,0,0,0.0,0.8,30.0,2.6,0.36,0.01,0.37,2.23,1,81
2023-24,21,527,Maxwel Cornet,MID,West Ham,19,17,0,2024-01-21T14:00:00Z,69,7,1,0,0,1,0,22,34.4,1.8,46.0,8.2,0.29,0.01,0.3,1.35,1,52
2023-24,21,528,Vladimír Coufal,DEF,West Ham,19,17,0,2024-01-21T14:00:00Z,90,-2,0,0,0,2,0,-3,7.2,11.3,4.0,2.3,0.0,0.04,0.04,3.02,1,47
2023-24,21,529,Conor Coventry,MID,West Ham,19,17,0,2024-01-21T14:00:00Z,0,0,0,0,0,0,0,0,0.0,0.0,0.0,0.0,0.0,0.0,0.0,0.0,0,43
2023-24,21,530,Aaron Cresswell,DEF,West Ham,19,17,0,2024-01-21T14:00:00Z,0,0,0,0,0,0,0,0,0.0,0.0,0.0,0.0,0.0,0.0,0.0,0.0,0,42
2023-24,21,531,Flynn Downes,MID,West Ham,19,17,0,2024-01-21T14:00:00Z,0,0,0,0,0,0,0,0,0.0,0.0,0.0,0.0,0.0,0.0,0.0,0.0,0,50
2023-24,21,532,Emerson Palmieri dos Santos,DEF,West Ham,19,17,0,2024-01-21T14:00:00Z,90,1,0,0,0,2,0,13,15.0,2.2,2.0,1.9,0.0,0.02,0.02,2.23,1,45
2023-24,21,533,Lukasz Fabianski,GK,West Ham,19,17,0,2024-01-21T14:00:00Z,1,1,0,0,0,1,0,3,0.0,0.0,0.0,0.0,0.0,0.0,0.0,0.79,0,42
2023-24,21,534,Pablo Fornals Malla,MID,West Ham,19,17,0,2024-01-21T14:00:00Z,90,2,0,0,0,2,0,9,15.4,13.6,4.0,3.3,0.0,0.03,0.03,2.23,1,46
2023-24,21,535,Danny Ings,FWD,West Ham,19,17,0,2024-01-21T14:00:00Z,90,10,0,2,0,1,2,27,25.6,44.1,52.0,12.2,0.74,0.05,0.79,1.44,1,56
2023-24,21,536,Ben Johnson,DEF,West Ham,19,17,0,2024-01-21T14:00:00Z,20,1,0,0,0,1,0,3,1.8,1.5,1.0,0.4,0.06,0.01,0.07,0.88,0,44
2023-24,21,537,Thilo Kehrer,DEF,West Ham,19,17,0,2024-01-21T14:00:00Z,0,0,0,0,0,0,0,0,0.0,0.0,0.0,0.0,0.0,0.0,0.0,0.0,0,42
2023-24,21,538,Divin Mubama,FWD,West Ham,19,17,0,2024-01-21T14:00:00Z,1,1,0,0,0,1,0,3,0.2,0.4,0.0,0.1,0.0,0.0,0.0,0.79,0,42
2023-24,21,539,Lucas Tolentino Coelho de Lima,MID,West Ham,19,17,0,2024-01-21T14:00:00Z,0,0,0,0,0,0,0,0,0.0,0.0,0.0,0.0,0.0,0.0,0.0,0.0,0,60
2023-24,21,540,Declan Rice,MID,Arsenal,1,8,1,2024-01-20T12:30:00Z,72,6,0,1,1,0,0,26,22.8,18.9,7.0,4.9,0.04,0.13,0.17,0.28,1,54
2023-24,21,541,Gianluca Scamacca,FWD,West Ham,19,17,0,2024-01-21T14:00:00Z,0,0,0,0,0,0,0,0,0.0,0.0,0.0,0.0,0.0,0.0,0.0,0.0,0,60
2023-24,21,542,Tomáš Souček,MID,West Ham,19,17,0,2024-01-21T14:00:00Z,90,2,0,0,0,2,0,22,30.0,11.8,4.0,4.6,0.0,0.02,0.02,2.23,1,49
2023-24,21,543,Nikola Vlašić,MID,West Ham,19,17,0,2024-01-21T14:00:00Z,0,0,0,0,0,0,0,0,0.0,0.0,0.0,0.0,0.0,0.0,0.0,0.0,0,45
2023-24,21,544,Kurt Zouma,DEF,West Ham,19,17,0,2024-01-21T14:00:00Z,90,1,0,0,0,2,0,12,35.0,0.1,17.0,5.2,0.01,0.0,0.01,2.23,1,45
2023-24,21,545,Rayan Aït-Nouri,DEF,Wolves,20,5,0,2024-01-22T19:45:00Z,0,0,0,0,0,0,0,0,0.0,0.0,0.0,0.0,0.0,0.0,0.0,0.0,0,45
2023-24,21,546,Daniel Bentley,GK,Wolves,20,5,0,2024-01-22T19:45:00Z,0,0,0,0,0,0,0,0,0.0,0.0,0.0,0.0,0.0,0.0,0.0,0.0,0,39
2023-24,21,547,Bendegúz Bolla,DEF,Wolves,20,5,0,2024-01-22T19:45:00Z,0,0,0,0,0,0,0,0,0.0,0.0,0.0,0.0,0.0,0.0,0.0,0.0,0,40
2023-24,21,548,Hugo Bueno López,DEF,Wolves,20,5,0,2024-01-22T19:45:00Z,0,0,0,0,0,0,0,0,0.0,0.0,0.0,0.0,0.0,0.0,0.0,0.0,0,44
2023-24,21,549,Francisco Jorge Tomás Oliveira,MID,Wolves,20,5,0,2024-01-22T19:45:00Z,0,0,0,0,0,0,0,0,0.0,0.0,0.0,0.0,0.0,0.0,0.0,0.0,0,45
2023-24,21,550,Luke Cundle,MID,Wolves,20,5,0,2024-01-22T19:45:00Z,0,0,0,0,0,0,0,0,0.0,0.0,0.0,0.0,0.0,0.0,0.0,0.0,0,45
2023-24,21,551,Craig Dawson,DEF,Wolves,20,5,0,2024-01-22T19:45:00Z,90,5,0,0,1,0,0,19,15.4,0.3,4.0,2.0,0.08,0.0,0.08,1.25,1,45
2023-24,21,552,Fábio Silva,FWD,Wolves,20,5,0,2024-01-22T19:45:00Z,0,0,0,0,0,0,0,0,0.0,0.0,0.0,0.0,0.0,0.0,0.0,0.0,0,52
2023-24,21,553,Ryan Giles,DEF,Luton,12,6,0,2024-01-12T19:45:00Z,0,0,0,0,0,0,0,0,0.0,0.0,0.0,0.0,0.0,0.0,0.0,0.0,0,43
2023-24,21,554,Gonçalo Manuel Ganchinho Guedes,MID,Wolves,20,5,0,2024-01-22T19:45:00Z,0,0,0,0,0,0,0,0,0.0,0.0,0.0,0.0,0.0,0.0,0.0,0.0,0,54
2023-24,21,555,Joe Hodge,MID,Wolves,20,5,0,2024-01-22T19:45:00Z,0,0,0,0,0,0,0,0,0.0,0.0,0.0,0.0,0.0,0.0,0.0,0.0,0,44
2023-24,21,556,Ki-Jana Hoever,DEF,Wolves,20,5,0,2024-01-22T19:45:00Z,0,0,0,0,0,0,0,0,0.0,0.0,0.0,0.0,0.0,0.0,0.0,0.0,0,40
2023-24,21,557,Hwang Hee-chan,MID,Wolves,20,5,0,2024-01-22T19:45:00Z,0,0,0,0,0,0,0,0,0.0,0.0,0.0,0.0,0.0,0.0,0.0,0.0,0,57
2023-24,21,558,Raúl Jiménez,FWD,Fulham,10,7,0,2024-01-13T12:30:00Z,90,2,0,0,0,1,0,1,5.8,2.1,40.0,4.8,0.28,0.0,0.28,2.19,1,52
2023-24,21,559,João Victor Gomes da Silva,MID,Wolves,20,5,0,2024-01-22T19:45:00Z,0,0,0,0,0,0,0,0,0.0,0.0,0.0,0.0,0.0,0.0,0.0,0.0,0,49
2023-24,21,560,Jonathan Castro Otto,DEF,Wolves,20,5,0,2024-01-22T19:45:00Z,0,0,0,0,0,0,0,0,0.0,0.0,0.0,0.0,0.0,0.0,0.0,0.0,0,43
2023-24,21,561,Bruno Cavaco Jordão,MID,Wolves,20,5,0,2024-01-22T19:45:00Z,0,0,0,0,0,0,0,0,0.0,0.0,0.0,0.0,0.0,0.0,0.0,0.0,0,43
2023-24,21,562,Sasa Kalajdzic,FWD,Wolves,20,5,0,2024-01-22T19:45:00Z,0,0,0,0,0,0,0,0,0.0,0.0,0.0,0.0,0.0,0.0,0.0,0.0,0,49
2023-24,21,563,Max Kilman,DEF,Wolves,20,5,0,2024-01-22T19:45:00Z,90,5,0,0,1,0,0,21,23.0,0.4,0.0,2.3,0.0,0.0,0.0,1.25,1,45
2023-24,21,564,Tom King,GK,Wolves,20,5,0,2024-01-22T19:45:00Z,0,0,0,0,0,0,0,0,0.0,0.0,0.0,0.0,0.0,0.0,0.0,0.0,0,39
2023-24,21,565,Mario Lemina,MID,Wolves,20,5,0,2024-01-22T19:45:00Z,90,3,0,0,1,0,0,8,30.8,1.2,17.0,4.9,0.07,0.01,0.08,1.25,1,49
2023-24,21,566,Matheus Luiz Nunes,MID,Man City,13,15,0,2024-01-13T17:30:00Z,0,0,0,0,0,0,0,0,0.0,0.0,0.0,0.0,0.0,0.0,0.0,0.0,0,48
2023-24,21,567,Pedro Lomba Neto,MID,Wolves,20,5,0,2024-01-22T19:45:00Z,87,3,0,0,1,0,0,11,4.8,31.1,9.0,4.5,0.07,0.12,0.19,1.25,1,56
2023-24,21,568,Daniel Castelo Podence,MID,Wolves,20,5,0,2024-01-22T19:45:00Z,0,0,0,0,0,0,0,0,0.0,0.0,0.0,0.0,0.0,0.0,0.0,0.0,0,53
2023-24,21,569,José Malheiro de Sá,GK,Wolves,20,5,0,2024-01-22T19:45:00Z,90,8,0,0,1,0,1,27,25.8,0.0,0.0,2.6,0.0,0.0,0.0,1.25,1,50
2023-24,21,570,Pablo Sarabia,MID,Wolves,20,5,0,2024-01-22T19:45:00Z,69,3,0,0,1,0,0,5,4.6,11.9,10.0,2.7,0.23,0.01,0.24,1.2,1,47
2023-24,21,571,Matija Šarkić,GK,Wolves,20,5,0,2024-01-22T19:45:00Z,0,0,0,0,0,0,0,0,0.0,0.0,0.0,0.0,0.0,0.0,0.0,0.0,0,40
2023-24,21,572,Nélson Cabral Semedo,DEF,Wolves,20,5,0,2024-01-22T19:45:00Z,90,6,0,0,1,0,0,23,12.2,1.0,0.0,1.3,0.0,0.02,0.02,1.25,1,45
2023-24,21,573,Toti António Gomes,DEF,Wolves,20,5,0,2024-01-22T19:45:00Z,90,5,0,0,1,0,0,19,6.8,0.8,0.0,0.8,0.0,0.0,0.0,1.25,1,44
2023-24,21,574,Boubacar Traoré,MID,Wolves,20,5,0,2024-01-22T19:45:00Z,0,0,0,0,0,0,0,0,0.0,0.0,0.0,0.0,0.0,0.0,0.0,0.0,0,43
2023-24,21,575,Tom Lockyer,DEF,Luton,12,6,0,2024-01-12T19:45:00Z,0,0,0,0,0,0,0,0,0.0,0.0,0.0,0.0,0.0,0.0,0.0,0.0,0,43
2023-24,21,576,Jack Robinson,DEF,Sheffield Utd,17,19,1,2024-01-21T14:00:00Z,90,1,0,0,0,2,0,13,32.4,0.7,4.0,3.7,0.0,0.02,0.02,2.27,1,44
2023-24,21,577,Angelo Ogbonna,DEF,West Ham,19,17,0,2024-01-21T14:00:00Z,0,0,0,0,0,0,0,0,0.0,0.0,0.0,0.0,0.0,0.0,0.0,0.0,0,43
2023-24,21,578,Reiss Nelson,MID,Arsenal,1,8,1,2024-01-20T12:30:00Z,0,0,0,0,0,0,0,0,0.0,0.0,0.0,0.0,0.0,0.0,0.0,0.0,0,48
2023-24,21,579,Andy Lonergan,GK,Everton,9,2,1,2024-01-14T14:00:00Z,0,0,0,0,0,0,0,0,0.0,0.0,0.0,0.0,0.0,0.0,0.0,0.0,0,39
2023-24,21,580,Loris Karius,GK,Newcastle,15,13,1,2024-01-13T17:30:00Z,0,0,0,0,0,0,0,0,0.0,0.0,0.0,0.0,0.0,0.0,0.0,0.0,0,39
2023-24,21,581,Paul Dummett,DEF,Newcastle,15,13,1,2024-01-13T17:30:00Z,0,0,0,0,0,0,0,0,0.0,0.0,0.0,0.0,0.0,0.0,0.0,0.0,0,39
2023-24,21,582,Pelly Ruddock Mpanzu,MID,Luton,12,6,0,2024-01-12T19:45:00Z,0,0,0,0,0,0,0,0,0.0,0.0,0.0,0.0,0.0,0.0,0.0,0.0,0,47
2023-24,21,583,Manor Solomon,MID,Spurs,18,14,0,2024-01-14T16:30:00Z,0,0,0,0,0,0,0,0,0.0,0.0,0.0,0.0,0.0,0.0,0.0,0.0,0,51
2023-24,21,584,Pau Torres,DEF,Aston Villa,2,9,0,2024-01-14T14:00:00Z,0,0,0,0,0,0,0,0,0.0,0.0,0.0,0.0,0.0,0.0,0.0,0.0,0,47
2023-24,21,585,Jurriën Timber,DEF,Arsenal,1,8,1,2024-01-20T12:30:00Z,0,0,0,0,0,0,0,0,0.0,0.0,0.0,0.0,0.0,0.0,0.0,0.0,0,46
2023-24,21,586,Tahith Chong,MID,Luton,12,6,0,2024-01-12T19:45:00Z,26,1,0,0,0,0,0,2,1.2,11.8,0.0,1.3,0.0,0.01,0.01,0.08,0,48
2023-24,21,587,Anis Slimane,MID,Sheffield Utd,17,19,1,2024-01-21T14:00:00Z,0,0,0,0,0,0,0,0,0.0,0.0,0.0,0.0,0.0,0.0,0.0,0.0,0,47
2023-24,21,588,Ashley Young,DEF,Everton,9,2,1,2024-01-14T14:00:00Z,0,0,0,0,0,0,0,0,0.0,0.0,0.0,0.0,0.0,0.0,0.0,0.0,0,44
2023-24,21,589,Ângelo Gabriel Borges Damaceno,MID,Chelsea,7,10,1,2024-01-13T12:30:00Z,0,0,0,0,0,0,0,0,0.0,0.0,0.0,0.0,0.0,0.0,0.0,0.0,0,50
2023-24,21,590,Matheus Santos Carneiro Da Cunha,FWD,Wolves,20,5,0,2024-01-22T19:45:00Z,90,1,0,0,1,0,0,-3,11.2,14.2,24.0,4.9,0.94,0.16,1.1,1.25,1,58
2023-24,21,591,Willian Borges da Silva,MID,Fulham,10,7,0,2024-01-13T12:30:00Z,90,2,0,0,0,1,0,16,10.0,30.1,8.0,4.8,0.19,0.24,0.43,2.19,1,53
2023-24,21,592,Yasser Larouci,DEF,Sheffield Utd,17,19,1,2024-01-21T14:00:00Z,0,0,0,0,0,0,0,0,0.0,0.0,0.0,0.0,0.0,0.0,0.0,0.0,0,43
2023-24,21,593,Bénie Traoré,FWD,Sheffield Utd,17,19,1,2024-01-21T14:00:00Z,0,0,0,0,0,0,0,0,0.0,0.0,0.0,0.0,0.0,0.0,0.0,0.0,0,51
2023-24,21,594,Zeki Amdouni,FWD,Burnley,6,12,1,2024-01-12T19:45:00Z,82,9,1,0,1,0,3,28,40.0,26.1,19.0,8.5,0.33,0.02,0.35,0.72,1,53
2023-24,21,595,Milos Kerkez,DEF,Bournemouth,3,11,1,2024-01-21T16:30:00Z,0,0,0,0,0,0,0,0,0.0,0.0,0.0,0.0,0.0,0.0,0.0,0.0,0,44
2023-24,21,596,James Trafford,GK,Burnley,6,12,1,2024-01-12T19:45:00Z,90,2,0,0,0,1,0,14,25.6,0.1,0.0,2.6,0.0,0.01,0.01,0.85,1,45
2023-24,21,597,André Onana,GK,Man Utd,14,18,1,2024-01-14T16:30:00Z,90,2,0,0,0,2,0,15,23.2,0.0,0.0,2.3,0.0,0.0,0.0,1.36,1,48
2023-24,21,598,Matt Doherty,DEF,Wolves,20,5,0,2024-01-22T19:45:00Z,90,6,0,0,1,0,0,19,15.0,2.5,2.0,2.0,0.0,0.0,0.0,1.25,1,43
2023-24,21,599,Moussa Diaby,MID,Aston Villa,2,9,0,2024-01-14T14:00:00Z,63,3,0,0,1,0,0,7,8.6,25.7,21.0,5.5,0.05,0.04,0.09,1.05,1,66
2023-24,21,600,Nathan Redmond,MID,Burnley,6,12,1,2024-01-12T19:45:00Z,0,0,0,0,0,0,0,0,0.0,0.0,0.0,0.0,0.0,0.0,0.0,0.0,0,47
2023-24,21,601,Arnaut Danjuma Groeneveld,MID,Everton,9,2,1,2024-01-14T14:00:00Z,62,3,0,0,1,0,0,8,0.0,13.3,15.0,2.7,0.16,0.2,0.36,0.42,1,52
2023-24,21,602,Issa Kaboré,DEF,Luton,12,6,0,2024-01-12T19:45:00Z,0,0,0,0,0,0,0,0,0.0,0.0,0.0,0.0,0.0,0.0,0.0,0.0,0,40
2023-24,21,603,Harvey Barnes,MID,Newcastle,15,13,1,2024-01-13T17:30:00Z,0,0,0,0,0,0,0,0,0.0,0.0,0.0,0.0,0.0,0.0,0.0,0.0,0,62
2023-24,21,604,Olu Aina,DEF,Nott'm Forest,16,4,0,2024-01-20T17:30:00Z,0,0,0,0,0,0,0,0,0.0,0.0,0.0,0.0,0.0,0.0,0.0,0.0,0,45
2023-24,21,605,Luca Koleosho,MID,Burnley,6,12,1,2024-01-12T19:45:00Z,0,0,0,0,0,0,0,0,0.0,0.0,0.0,0.0,0.0,0.0,0.0,0.0,0,48
2023-24,21,606,Igor Julio dos Santos de Paulo,DEF,Brighton,5,20,1,2024-01-22T19:45:00Z,0,0,0,0,0,0,0,0,0.0,0.0,0.0,0.0,0.0,0.0,0.0,0.0,0,43
2023-24,21,607,Ionuț Radu,GK,Bournemouth,3,11,1,2024-01-21T16:30:00Z,0,0,0,0,0,0,0,0,0.0,0.0,0.0,0.0,0.0,0.0,0.0,0.0,0,44
2023-24,21,608,Jacob Bruun Larsen,MID,Burnley,6,12,1,2024-01-12T19:45:00Z,6,1,0,0,0,1,0,2,0.2,0.5,0.0,0.1,0.0,0.0,0.0,0.13,0,49
2023-24,21,609,Ian Maatsen,MID,Chelsea,7,10,1,2024-01-13T12:30:00Z,0,0,0,0,0,0,0,0,0.0,0.0,0.0,0.0,0.0,0.0,0.0,0.0,0,51
2023-24,21,610,Calvin Bassey,DEF,Fulham,10,7,0,2024-01-13T12:30:00Z,0,0,0,0,0,0,0,0,0.0,0.0,0.0,0.0,0.0,0.0,0.0,0.0,0,44
2023-24,21,611,Axel Disasi,DEF,Chelsea,7,10,1,2024-01-13T12:30:00Z,90,5,0,0,1,0,0,21,14.0,1.4,4.0,1.9,0.1,0.01,0.11,0.86,1,49
2023-24,21,613,Lesley Ugochukwu,MID,Chelsea,7,10,1,2024-01-13T12:30:00Z,0,0,0,0,0,0,0,0,0.0,0.0,0.0,0.0,0.0,0.0,0.0,0.0,0,44
2023-24,21,614,Thomas Kaminski,GK,Luton,12,6,0,2024-01-12T19:45:00Z,90,5,0,0,0,1,1,23,44.4,0.0,0.0,4.4,0.0,0.0,0.0,0.99,1,45
2023-24,21,615,Matheus França de Oliveira,MID,Crystal Palace,8,1,0,2024-01-20T12:30:00Z,14,1,0,0,0,2,0,1,1.2,0.3,2.0,0.4,0.0,0.01,0.01,0.85,0,48
2023-24,21,616,Joško Gvardiol,DEF,Man City,13,15,0,2024-01-13T17:30:00Z,90,1,0,0,0,2,0,16,8.6,6.3,10.0,2.5,0.16,0.05,0.21,1.23,1,48
2023-24,21,617,Rasmus Højlund,FWD,Man Utd,14,18,1,2024-01-14T16:30:00Z,90,11,1,1,0,2,3,38,53.0,11.8,25.0,9.0,0.08,0.09,0.17,1.36,1,68
2023-24,21,618,Omari Kellyman,MID,Aston Villa,2,9,0,2024-01-14T14:00:00Z,0,0,0,0,0,0,0,0,0.0,0.0,0.0,0.0,0.0,0.0,0.0,0.0,0,45
2023-24,21,619,Ben Greenwood,DEF,Bournemouth,3,11,1,2024-01-21T16:30:00Z,0,0,0,0,0,0,0,0,0.0,0.0,0.0,0.0,0.0,0.0,0.0,0.0,0,40
2023-24,21,620,Michael Olakigbe,MID,Brentford,4,16,1,2024-01-20T17:30:00Z,0,0,0,0,0,0,0,0,0.0,0.0,0.0,0.0,0.0,0.0,0.0,0.0,0,45
2023-24,21,621,Jack Hinshelwood,MID,Brighton,5,20,1,2024-01-22T19:45:00Z,90,3,0,0,1,0,0,13,8.0,38.7,10.0,5.7,0.0,0.07,0.07,1.38,1,45
2023-24,21,622,Owen Dodgson,DEF,Burnley,6,12,1,2024-01-12T19:45:00Z,0,0,0,0,0,0,0,0,0.0,0.0,0.0,0.0,0.0,0.0,0.0,0.0,0,40
2023-24,21,623,Mason Burstow,FWD,Chelsea,7,10,1,2024-01-13T12:30:00Z,0,0,0,0,0,0,0,0,0.0,0.0,0.0,0.0,0.0,0.0,0.0,0.0,0,45
2023-24,21,624,Lewis Dobbin,MID,Everton,9,2,1,2024-01-14T14:00:00Z,0,0,0,0,0,0,0,0,0.0,0.0,0.0,0.0,0.0,0.0,0.0,0.0,0,45
2023-24,21,625,Luc De Fougerolles,DEF,Fulham,10,7,0,2024-01-13T12:30:00Z,0,0,0,0,0,0,0,0,0.0,0.0,0.0,0.0,0.0,0.0,0.0,0.0,0,40
2023-24,21,626,Jarell Quansah,DEF,Liverpool,11,3,0,2024-01-21T16:30:00Z,0,0,0,0,0,0,0,0,0.0,0.0,0.0,0.0,0.0,0.0,0.0,0.0,0,40
2023-24,21,627,Bobby Clark,MID,Liverpool,11,3,0,2024-01-21T16:30:00Z,7,1,0,0,0,0,0,1,2.2,0.3,2.0,0.5,0.0,0.0,0.0,0.95,0,44
2023-24,21,628,Ben Doak,MID,Liverpool,11,3,0,2024-01-21T16:30:00Z,0,0,0,0,0,0,0,0,0.0,0.0,0.0,0.0,0.0,0.0,0.0,0.0,0,44
2023-24,21,629,James McConnell,MID,Liverpool,11,3,0,2024-01-21T16:30:00Z,0,0,0,0,0,0,0,0,0.0,0.0,0.0,0.0,0.0,0.0,0.0,0.0,0,44
2023-24,21,630,Ross Barkley,MID,Luton,12,6,0,2024-01-12T19:45:00Z,90,2,0,0,0,1,0,17,32.2,48.2,13.0,9.3,0.17,0.06,0.23,0.99,1,49
2023-24,21,631,Jacob Brown,FWD,Luton,12,6,0,2024-01-12T19:45:00Z,0,0,0,0,0,0,0,0,0.0,0.0,0.0,0.0,0.0,0.0,0.0,0.0,0,49
2023-24,21,632,Omari Forson,MID,Man Utd,14,18,1,2024-01-14T16:30:00Z,0,0,0,0,0,0,0,0,0.0,0.0,0.0,0.0,0.0,0.0,0.0,0.0,0,44
2023-24,21,633,Tino Livramento,DEF,Newcastle,15,13,1,2024-01-13T17:30:00Z,0,0,0,0,0,0,0,0,0.0,0.0,0.0,0.0,0.0,0.0,0.0,0.0,0,44
2023-24,21,634,Alex Murphy,DEF,Newcastle,15,13,1,2024-01-13T17:30:00Z,0,0,0,0,0,0,0,0,0.0,0.0,0.0,0.0,0.0,0.0,0.0,0.0,0,39
2023-24,21,635,Lewis Miley,MID,Newcastle,15,13,1,2024-01-13T17:30:00Z,90,2,0,0,0,3,0,9,13.8,19.7,0.0,3.4,0.0,0.07,0.07,2.84,1,45
2023-24,21,636,George Shelvey,GK,Nott'm Forest,16,4,0,2024-01-20T17:30:00Z,0,0,0,0,0,0,0,0,0.0,0.0,0.0,0.0,0.0,0.0,0.0,0.0,0,39
2023-24,21,637,Josh Powell,DEF,Nott'm Forest,16,4,0,2024-01-20T17:30:00Z,0,0,0,0,0,0,0,0,0.0,0.0,0.0,0.0,0.0,0.0,0.0,0.0,0,39
2023-24,21,638,Vini de Souza Costa,MID,Sheffield Utd,17,19,1,2024-01-21T14:00:00Z,87,2,0,0,0,2,0,10,13.0,1.9,9.0,2.4,0.02,0.01,0.03,1.84,1,50
2023-24,21,639,Micky van de Ven,DEF,Spurs,18,14,0,2024-01-14T16:30:00Z,88,1,0,0,0,2,0,13,16.6,0.8,2.0,1.9,0.0,0.0,0.0,0.43,1,44
2023-24,21,640,Dane Scarlett,FWD,Spurs,18,14,0,2024-01-14T16:30:00Z,0,0,0,0,0,0,0,0,0.0,0.0,0.0,0.0,0.0,0.0,0.0,0.0,0,45
2023-24,21,641,Alejo Véliz,FWD,Spurs,18,14,0,2024-01-14T16:30:00Z,0,0,0,0,0,0,0,0,0.0,0.0,0.0,0.0,0.0,0.0,0.0,0.0,0,54
2023-24,21,642,Edson Álvarez Velázquez,MID,West Ham,19,17,0,2024-01-21T14:00:00Z,0,0,0,0,0,0,0,0,0.0,0.0,0.0,0.0,0.0,0.0,0.0,0.0,0,50
2023-24,21,643,Max Aarons,DEF,Bournemouth,3,11,1,2024-01-21T16:30:00Z,90,0,0,0,0,4,0,9,14.2,11.8,4.0,3.0,0.0,0.02,0.02,1.22,1,44
2023-24,21,644,Alex Scott,MID,Bournemouth,3,11,1,2024-01-21T16:30:00Z,35,1,0,0,0,3,0,3,6.4,0.4,3.0,1.0,0.03,0.0,0.03,0.65,0,49
2023-24,21,645,Youssef Ramalho Chermiti,FWD,Everton,9,2,1,2024-01-14T14:00:00Z,0,0,0,0,0,0,0,0,0.0,0.0,0.0,0.0,0.0,0.0,0.0,0.0,0,48
2023-24,21,646,Karl Hein,GK,Arsenal,1,8,1,2024-01-20T12:30:00Z,0,0,0,0,0,0,0,0,0.0,0.0,0.0,0.0,0.0,0.0,0.0,0.0,0,40
2023-24,21,647,Joseph Anang,GK,West Ham,19,17,0,2024-01-21T14:00:00Z,0,0,0,0,0,0,0,0,0.0,0.0,0.0,0.0,0.0,0.0,0.0,0.0,0,40
2023-24,21,648,Aidan Francis-Clarke,DEF,Luton,12,6,0,2024-01-12T19:45:00Z,0,0,0,0,0,0,0,0,0.0,0.0,0.0,0.0,0.0,0.0,0.0,0.0,0,40
2023-24,21,649,Thomas Cannon,FWD,Everton,9,2,1,2024-01-14T14:00:00Z,0,0,0,0,0,0,0,0,0.0,0.0,0.0,0.0,0.0,0.0,0.0,0.0,0,45
2023-24,21,650,Tyler Onyango,MID,Everton,9,2,1,2024-01-14T14:00:00Z,0,0,0,0,0,0,0,0,0.0,0.0,0.0,0.0,0.0,0.0,0.0,0.0,0,45
2023-24,21,651,Jay Stansfield,FWD,Fulham,10,7,0,2024-01-13T12:30:00Z,0,0,0,0,0,0,0,0,0.0,0.0,0.0,0.0,0.0,0.0,0.0,0.0,0,45
2023-24,21,652,Matthew Dibley-Dias,MID,Fulham,10,7,0,2024-01-13T12:30:00Z,0,0,0,0,0,0,0,0,0.0,0.0,0.0,0.0,0.0,0.0,0.0,0.0,0,45
2023-24,21,653,Femi Seriki,DEF,Sheffield Utd,17,19,1,2024-01-21T14:00:00Z,0,0,0,0,0,0,0,0,0.0,0.0,0.0,0.0,0.0,0.0,0.0,0.0,0,40
2023-24,21,654,Louie Marsh,FWD,Sheffield Utd,17,19,1,2024-01-21T14:00:00Z,0,0,0,0,0,0,0,0,0.0,0.0,0.0,0.0,0.0,0.0,0.0,0.0,0,45
2023-24,21,655,Andre Brooks,MID,Sheffield Utd,17,19,1,2024-01-21T14:00:00Z,79,1,0,0,0,2,0,6,6.2,24.0,12.0,4.2,0.15,0.16,0.31,1.79,1,44
2023-24,21,656,Antwoine Hackford,FWD,Sheffield Utd,17,19,1,2024-01-21T14:00:00Z,0,0,0,0,0,0,0,0,0.0,0.0,0.0,0.0,0.0,0.0,0.0,0.0,0,44
2023-24,21,657,Jesurun Rak-Sakyi,MID,Crystal Palace,8,1,0,2024-01-20T12:30:00Z,0,0,0,0,0,0,0,0,0.0,0.0,0.0,0.0,0.0,0.0,0.0,0.0,0,45
2023-24,21,658,John-Kymani Gordon,FWD,Crystal Palace,8,1,0,2024-01-20T12:30:00Z,0,0,0,0,0,0,0,0,0.0,0.0,0.0,0.0,0.0,0.0,0.0,0.0,0,45
2023-24,21,659,Lucas Bergström,GK,Chelsea,7,10,1,2024-01-13T12:30:00Z,0,0,0,0,0,0,0,0,0.0,0.0,0.0,0.0,0.0,0.0,0.0,0.0,0,39
2023-24,21,660,Wilson Odobert,MID,Burnley,6,12,1,2024-01-12T19:45:00Z,83,3,0,0,1,0,0,10,14.6,17.8,35.0,6.7,0.07,0.14,0.21,0.72,1,50
2023-24,21,661,Jack Harrison,MID,Everton,9,2,1,2024-01-14T14:00:00Z,90,3,0,0,1,0,0,8,5.2,15.8,2.0,2.3,0.0,0.05,0.05,1.11,1,55
2023-24,21,662,Adama Traoré,MID,Fulham,10,7,0,2024-01-13T12:30:00Z,0,0,0,0,0,0,0,0,0.0,0.0,0.0,0.0,0.0,0.0,0.0,0.0,0,49
2023-24,21,663,Gustavo Hamer,MID,Sheffield Utd,17,19,1,2024-01-21T14:00:00Z,90,1,0,0,0,2,0,9,10.4,62.7,5.0,7.8,0.11,0.23,0.34,2.27,1,50
2023-24,21,664,James Ward-Prowse,MID,West Ham,19,17,0,2024-01-21T14:00:00Z,90,9,1,0,0,2,3,35,50.0,54.6,19.0,12.4,0.79,0.21,1.0,2.23,1,60
2023-24,21,665,Tim Krul,GK,Luton,12,6,0,2024-01-12T19:45:00Z,0,0,0,0,0,0,0,0,0.0,0.0,0.0,0.0,0.0,0.0,0.0,0.0,0,44
2023-24,21,666,Tom Davies,MID,Sheffield Utd,17,19,1,2024-01-21T14:00:00Z,0,0,0,0,0,0,0,0,0.0,0.0,0.0,0.0,0.0,0.0,0.0,0.0,0,50
2023-24,21,667,Roméo Lavia,MID,Chelsea,7,10,1,2024-01-13T12:30:00Z,0,0,0,0,0,0,0,0,0.0,0.0,0.0,0.0,0.0,0.0,0.0,0.0,0,49
2023-24,21,668,Wataru Endo,MID,Liverpool,11,3,0,2024-01-21T16:30:00Z,0,0,0,0,0,0,0,0,0.0,0.0,0.0,0.0,0.0,0.0,0.0,0.0,0,54
2023-24,21,669,Radek Vítek,GK,Man Utd,14,18,1,2024-01-14T16:30:00Z,0,0,0,0,0,0,0,0,0.0,0.0,0.0,0.0,0.0,0.0,0.0,0.0,0,40
2023-24,21,670,Filip Marschall,GK,Aston Villa,2,9,0,2024-01-14T14:00:00Z,0,0,0,0,0,0,0,0,0.0,0.0,0.0,0.0,0.0,0.0,0.0,0.0,0,40
2023-24,21,671,Bashir Humphreys,DEF,Chelsea,7,10,1,2024-01-13T12:30:00Z,0,0,0,0,0,0,0,0,0.0,0.0,0.0,0.0,0.0,0.0,0.0,0.0,0,40
2023-24,21,672,Nicolò Zaniolo,MID,Aston Villa,2,9,0,2024-01-14T14:00:00Z,1,1,0,0,0,0,0,1,0.2,0.1,0.0,0.0,0.0,0.0,0.0,0.04,0,54
2023-24,21,673,Tyler Adams,MID,Bournemouth,3,11,1,2024-01-21T16:30:00Z,0,0,0,0,0,0,0,0,0.0,0.0,0.0,0.0,0.0,0.0,0.0,0.0,0,49
2023-24,21,674,Hannes Delcroix,DEF,Burnley,6,12,1,2024-01-12T19:45:00Z,0,0,0,0,0,0,0,0,0.0,0.0,0.0,0.0,0.0,0.0,0.0,0.0,0,40
2023-24,21,675,Aaron Ramsey,MID,Burnley,6,12,1,2024-01-12T19:45:00Z,0,0,0,0,0,0,0,0,0.0,0.0,0.0,0.0,0.0,0.0,0.0,0.0,0,50
2023-24,21,676,Konstantinos Mavropanos,DEF,West Ham,19,17,0,2024-01-21T14:00:00Z,90,1,0,0,0,2,0,6,12.0,0.1,4.0,1.6,0.03,0.0,0.03,2.23,1,45
2023-24,21,677,Deivid Washington de Souza Eugênio,FWD,Chelsea,7,10,1,2024-01-13T12:30:00Z,0,0,0,0,0,0,0,0,0.0,0.0,0.0,0.0,0.0,0.0,0.0,0.0,0,45
2023-24,21,678,Jérémy Doku,MID,Man City,13,15,0,2024-01-13T17:30:00Z,81,2,0,0,0,2,0,2,13.0,44.6,44.0,10.2,0.15,0.34,0.49,1.11,1,65
2023-24,21,679,Gonzalo Montiel,DEF,Nott'm Forest,16,4,0,2024-01-20T17:30:00Z,85,0,0,0,0,3,0,12,15.4,3.1,2.0,2.1,0.0,0.02,0.02,1.29,1,44
2023-24,21,680,Eddie Beach,GK,Chelsea,7,10,1,2024-01-13T12:30:00Z,0,0,0,0,0,0,0,0,0.0,0.0,0.0,0.0,0.0,0.0,0.0,0.0,0,40
2023-24,21,681,Diego Manuel Jadon da Silva Moreira,MID,Chelsea,7,10,1,2024-01-13T12:30:00Z,0,0,0,0,0,0,0,0,0.0,0.0,0.0,0.0,0.0,0.0,0.0,0.0,0,45
2023-24,21,682,Joseph Johnson,DEF,Luton,12,6,0,2024-01-12T19:45:00Z,0,0,0,0,0,0,0,0,0.0,0.0,0.0,0.0,0.0,0.0,0.0,0.0,0,40
2023-24,21,683,Luke Harris,MID,Fulham,10,7,0,2024-01-13T12:30:00Z,0,0,0,0,0,0,0,0,0.0,0.0,0.0,0.0,0.0,0.0,0.0,0.0,0,45
2023-24,21,684,Ethan Brierley,MID,Brentford,4,16,1,2024-01-20T17:30:00Z,0,0,0,0,0,0,0,0,0.0,0.0,0.0,0.0,0.0,0.0,0.0,0.0,0,45
2023-24,21,685,Daniel Gore,MID,Man Utd,14,18,1,2024-01-14T16:30:00Z,0,0,0,0,0,0,0,0,0.0,0.0,0.0,0.0,0.0,0.0,0.0,0.0,0,45
2023-24,21,686,Oliwier Zych,GK,Aston Villa,2,9,0,2024-01-14T14:00:00Z,0,0,0,0,0,0,0,0,0.0,0.0,0.0,0.0,0.0,0.0,0.0,0.0,0,40
2023-24,21,687,Đorđe Petrović,GK,Chelsea,7,10,1,2024-01-13T12:30:00Z,90,10,0,0,1,0,3,28,30.6,0.0,0.0,3.1,0.0,0.0,0.0,0.86,1,45
2023-24,21,688,Timothy Castagne,DEF,Fulham,10,7,0,2024-01-13T12:30:00Z,26,1,0,0,0,0,0,4,6.0,0.7,4.0,1.1,0.0,0.01,0.01,0.34,0,45
2023-24,21,689,Mohammed Kudus,MID,West Ham,19,17,0,2024-01-21T14:00:00Z,0,0,0,0,0,0,0,0,0.0,0.0,0.0,0.0,0.0,0.0,0.0,0.0,0,68
2023-24,21,690,Carlos Baleba,MID,Brighton,5,20,1,2024-01-22T19:45:00Z,0,0,0,0,0,0,0,0,0.0,0.0,0.0,0.0,0.0,0.0,0.0,0.0,0,45
2023-24,21,691,Norberto Bercique Gomes Betuncal,FWD,Everton,9,2,1,2024-01-14T14:00:00Z,27,1,0,0,0,0,0,-1,0.0,0.0,0.0,0.0,0.0,0.0,0.0,0.68,0,57
2023-24,21,692,Steven Benda,GK,Fulham,10,7,0,2024-01-13T12:30:00Z,0,0,0,0,0,0,0,0,0.0,0.0,0.0,0.0,0.0,0.0,0.0,0.0,0,40
2023-24,21,693,Luke Thomas,DEF,Sheffield Utd,17,19,1,2024-01-21T14:00:00Z,0,0,0,0,0,0,0,0,0.0,0.0,0.0,0.0,0.0,0.0,0.0,0.0,0,40
2023-24,21,694,Han-Noah Massengo,MID,Burnley,6,12,1,2024-01-12T19:45:00Z,0,0,0,0,0,0,0,0,0.0,0.0,0.0,0.0,0.0,0.0,0.0,0.0,0,50
2023-24,21,695,Altay Bayindir,GK,Man Utd,14,18,1,2024-01-14T16:30:00Z,0,0,0,0,0,0,0,0,0.0,0.0,0.0,0.0,0.0,0.0,0.0,0.0,0,40
2023-24,21,696,Murillo Santiago Costa dos Santos,DEF,Nott'm Forest,16,4,0,2024-01-20T17:30:00Z,90,1,0,0,0,3,0,13,16.4,0.9,4.0,2.1,0.0,0.01,0.01,1.29,1,45
2023-24,21,697,Santiago Bueno,DEF,Wolves,20,5,0,2024-01-22T19:45:00Z,0,0,0,0,0,0,0,0,0.0,0.0,0.0,0.0,0.0,0.0,0.0,0.0,0,45
2023-24,21,698,Enso González,MID,Wolves,20,5,0,2024-01-22T19:45:00Z,0,0,0,0,0,0,0,0,0.0,0.0,0.0,0.0,0.0,0.0,0.0,0.0,0,50
2023-24,21,699,Clément Lenglet,DEF,Aston Villa,2,9,0,2024-01-14T14:00:00Z,90,5,0,0,1,0,0,26,20.2,1.5,0.0,2.2,0.0,0.01,0.01,1.13,1,45
2023-24,21,700,Anssumane Fati Vieira,MID,Brighton,5,20,1,2024-01-22T19:45:00Z,0,0,0,0,0,0,0,0,0.0,0.0,0.0,0.0,0.0,0.0,0.0,0.0,0,64
2023-24,21,701,Saman Ghoddos,MID,Brentford,4,16,1,2024-01-20T17:30:00Z,0,0,0,0,0,0,0,0,0.0,0.0,0.0,0.0,0.0,0.0,0.0,0.0,0,45
2023-24,21,702,Ashley Phillips,DEF,Spurs,18,14,0,2024-01-14T16:30:00Z,0,0,0,0,0,0,0,0,0.0,0.0,0.0,0.0,0.0,0.0,0.0,0.0,0,40
2023-24,21,703,Jonny Evans,DEF,Man Utd,14,18,1,2024-01-14T16:30:00Z,62,1,0,0,0,2,0,9,18.4,0.2,0.0,1.9,0.0,0.0,0.0,1.12,1,40
2023-24,21,704,Nathan Fraser,FWD,Wolves,20,5,0,2024-01-22T19:45:00Z,0,0,0,0,0,0,0,0,0.0,0.0,0.0,0.0,0.0,0.0,0.0,0.0,0,45
2023-24,21,705,Luis Sinisterra,MID,Bournemouth,3,11,1,2024-01-21T16:30:00Z,54,1,0,0,0,1,0,5,7.8,1.8,2.0,1.2,0.0,0.06,0.06,0.96,1,55
2023-24,21,706,Mike Trésor,MID,Burnley,6,12,1,2024-01-12T19:45:00Z,7,1,0,0,0,1,0,5,3.0,0.3,0.0,0.3,0.0,0.0,0.0,0.13,0,54
2023-24,21,707,Fodé Ballo-Touré,DEF,Fulham,10,7,0,2024-01-13T12:30:00Z,0,0,0,0,0,0,0,0,0.0,0.0,0.0,0.0,0.0,0.0,0.0,0.0,0,45
2023-24,21,708,Ryan Gravenberch,MID,Liverpool,11,3,0,2024-01-21T16:30:00Z,26,1,0,0,0,0,0,5,4.4,0.4,2.0,0.7,0.02,0.0,0.02,1.02,0,50
2023-24,21,709,Sofyan Amrabat,MID,Man Utd,14,18,1,2024-01-14T16:30:00Z,0,0,0,0,0,0,0,0,0.0,0.0,0.0,0.0,0.0,0.0,0.0,0.0,0,50
2023-24,21,710,Odysseas Vlachodimos,GK,Nott'm Forest,16,4,0,2024-01-20T17:30:00Z,0,0,0,0,0,0,0,0,0.0,0.0,0.0,0.0,0.0,0.0,0.0,0.0,0,45
2023-24,21,711,Andrew Omobamidele,DEF,Nott'm Forest,16,4,0,2024-01-20T17:30:00Z,90,1,0,0,0,3,0,15,17.6,0.8,0.0,1.8,0.0,0.01,0.01,1.29,1,45
2023-24,21,712,Nicolás Domínguez,MID,Nott'm Forest,16,4,0,2024-01-20T17:30:00Z,90,2,0,0,0,3,0,13,17.4,23.4,4.0,4.5,0.0,0.31,0.31,1.29,1,50
2023-24,21,713,Ibrahim Sangaré,MID,Nott'm Forest,16,4,0,2024-01-20T17:30:00Z,0,0,0,0,0,0,0,0,0.0,0.0,0.0,0.0,0.0,0.0,0.0,0.0,0,49
2023-24,21,714,Divock Origi,FWD,Nott'm Forest,16,4,0,2024-01-20T17:30:00Z,0,0,0,0,0,0,0,0,0.0,0.0,0.0,0.0,0.0,0.0,0.0,0.0,0,50
2023-24,21,715,Jean-Ricner Bellegarde,MID,Wolves,20,5,0,2024-01-22T19:45:00Z,20,1,0,0,0,0,0,2,2.4,0.3,0.0,0.3,0.0,0.0,0.0,0.05,0,49
2023-24,21,716,Alfie Gilchrist,DEF,Chelsea,7,10,1,2024-01-13T12:30:00Z,1,1,0,0,0,0,0,4,2.0,0.0,0.0,0.2,0.0,0.0,0.0,0.13,0,40
2023-24,21,717,Ronnie Stutter,FWD,Chelsea,7,10,1,2024-01-13T12:30:00Z,0,0,0,0,0,0,0,0,0.0,0.0,0.0,0.0,0.0,0.0,0.0,0.0,0,45
2023-24,21,718,Alex Matos,MID,Chelsea,7,10,1,2024-01-13T12:30:00Z,0,0,0,0,0,0,0,0,0.0,0.0,0.0,0.0,0.0,0.0,0.0,0.0,0,45
2023-24,21,719,Mackenzie Hunt,MID,Everton,9,2,1,2024-01-14T14:00:00Z,0,0,0,0,0,0,0,0,0.0,0.0,0.0,0.0,0.0,0.0,0.0,0.0,0,45
2023-24,21,720,Ademola Ola-Adebomi,FWD,Crystal Palace,8,1,0,2024-01-20T12:30:00Z,0,0,0,0,0,0,0,0,0.0,0.0,0.0,0.0,0.0,0.0,0.0,0.0,0,45
2023-24,21,721,David Ozoh,MID,Crystal Palace,8,1,0,2024-01-20T12:30:00Z,22,1,0,0,0,2,0,3,0.8,0.4,0.0,0.1,0.0,0.0,0.0,0.88,0,45
2023-24,21,722,Jamie Donley,FWD,Spurs,18,14,0,2024-01-14T16:30:00Z,0,0,0,0,0,0,0,0,0.0,0.0,0.0,0.0,0.0,0.0,0.0,0.0,0,45
2023-24,21,723,Josh Brooking,DEF,Chelsea,7,10,1,2024-01-13T12:30:00Z,0,0,0,0,0,0,0,0,0.0,0.0,0.0,0.0,0.0,0.0,0.0,0.0,0,40
2023-24,21,724,Jadan Raymond,MID,Crystal Palace,8,1,0,2024-01-20T12:30:00Z,0,0,0,0,0,0,0,0,0.0,0.0,0.0,0.0,0.0,0.0,0.0,0.0,0,45
2023-24,21,725,Ji-Soo Kim,DEF,Brentford,4,16,1,2024-01-20T17:30:00Z,0,0,0,0,0,0,0,0,0.0,0.0,0.0,0.0,0.0,0.0,0.0,0.0,0,40
2023-24,21,726,Luke Chambers,DEF,Liverpool,11,3,0,2024-01-21T16:30:00Z,0,0,0,0,0,0,0,0,0.0,0.0,0.0,0.0,0.0,0.0,0.0,0.0,0,40
2023-24,21,727,Andros Townsend,MID,Luton,12,6,0,2024-01-12T19:45:00Z,63,2,0,0,0,1,0,9,7.6,17.8,4.0,2.9,0.0,0.2,0.2,0.91,1,50
2023-24,21,728,Callum Scanlon,DEF,Liverpool,11,3,0,2024-01-21T16:30:00Z,0,0,0,0,0,0,0,0,0.0,0.0,0.0,0.0,0.0,0.0,0.0,0.0,0,39
2023-24,21,729,Jayden Luker,MID,Luton,12,6,0,2024-01-12T19:45:00Z,0,0,0,0,0,0,0,0,0.0,0.0,0.0,0.0,0.0,0.0,0.0,0.0,0,45
2023-24,21,730,Ryan Oné,MID,Sheffield Utd,17,19,1,2024-01-21T14:00:00Z,0,0,0,0,0,0,0,0,0.0,0.0,0.0,0.0,0.0,0.0,0.0,0.0,0,45
2023-24,21,731,Jili Buyabu,DEF,Sheffield Utd,17,19,1,2024-01-21T14:00:00Z,0,0,0,0,0,0,0,0,0.0,0.0,0.0,0.0,0.0,0.0,0.0,0.0,0,40
2023-24,21,732,Devan Tanton,DEF,Fulham,10,7,0,2024-01-13T12:30:00Z,0,0,0,0,0,0,0,0,0.0,0.0,0.0,0.0,0.0,0.0,0.0,0.0,0,40
2023-24,21,733,Valintino Adedokun,DEF,Brentford,4,16,1,2024-01-20T17:30:00Z,0,0,0,0,0,0,0,0,0.0,0.0,0.0,0.0,0.0,0.0,0.0,0.0,0,40
2023-24,21,734,Zack Nelson,MID,Luton,12,6,0,2024-01-12T19:45:00Z,0,0,0,0,0,0,0,0,0.0,0.0,0.0,0.0,0.0,0.0,0.0,0.0,0,45
2023-24,21,735,Charles Sagoe,MID,Arsenal,1,8,1,2024-01-20T12:30:00Z,0,0,0,0,0,0,0,0,0.0,0.0,0.0,0.0,0.0,0.0,0.0,0.0,0,45
2023-24,21,736,Reuell Walters,DEF,Arsenal,1,8,1,2024-01-20T12:30:00Z,0,0,0,0,0,0,0,0,0.0,0.0,0.0,0.0,0.0,0.0,0.0,0.0,0,40
2023-24,21,737,Bradley Ibrahim,MID,Arsenal,1,8,1,2024-01-20T12:30:00Z,0,0,0,0,0,0,0,0,0.0,0.0,0.0,0.0,0.0,0.0,0.0,0.0,0,45
2023-24,21,738,Amadou Diallo,MID,Newcastle,15,13,1,2024-01-13T17:30:00Z,0,0,0,0,0,0,0,0,0.0,0.0,0.0,0.0,0.0,0.0,0.0,0.0,0,45
2023-24,21,739,Ben Parkinson,FWD,Newcastle,15,13,1,2024-01-13T17:30:00Z,0,0,0,0,0,0,0,0,0.0,0.0,0.0,0.0,0.0,0.0,0.0,0.0,0,45
2023-24,21,740,Alfie Dorrington,DEF,Spurs,18,14,0,2024-01-14T16:30:00Z,0,0,0,0,0,0,0,0,0.0,0.0,0.0,0.0,0.0,0.0,0.0,0.0,0,40
2023-24,21,741,Mark O’Mahony,FWD,Brighton,5,20,1,2024-01-22T19:45:00Z,0,0,0,0,0,0,0,0,0.0,0.0,0.0,0.0,0.0,0.0,0.0,0.0,0,45
2023-24,21,742,Benicio Baker-Boaitey,MID,Brighton,5,20,1,2024-01-22T19:45:00Z,1,1,0,0,0,0,0,3,0.0,0.3,0.0,0.0,0.0,0.0,0.0,0.0,0,45
2023-24,21,743,Treymaurice Nyoni,MID,Liverpool,11,3,0,2024-01-21T16:30:00Z,0,0,0,0,0,0,0,0,0.0,0.0,0.0,0.0,0.0,0.0,0.0,0.0,0,45
2023-24,21,744,Myles Peart-Harris,MID,Brentford,4,16,1,2024-01-20T17:30:00Z,0,0,0,0,0,0,0,0,0.0,0.0,0.0,0.0,0.0,0.0,0.0,0.0,0,45
2023-24,21,745,Michael Ndiweni,FWD,Newcastle,15,13,1,2024-01-13T17:30:00Z,0,0,0,0,0,0,0,0,0.0,0.0,0.0,0.0,0.0,0.0,0.0,0.0,0,44
2023-24,21,746,Ben Jackson,DEF,Brighton,5,20,1,2024-01-22T19:45:00Z,0,0,0,0,0,0,0,0,0.0,0.0,0.0,0.0,0.0,0.0,0.0,0.0,0,40
2023-24,21,747,Joshua Duffus,MID,Brighton,5,20,1,2024-01-22T19:45:00Z,0,0,0,0,0,0,0,0,0.0,0.0,0.0,0.0,0.0,0.0,0.0,0.0,0,44
2023-24,21,748,Joe Hugill,FWD,Man Utd,14,18,1,2024-01-14T16:30:00Z,0,0,0,0,0,0,0,0,0.0,0.0,0.0,0.0,0.0,0.0,0.0,0.0,0,45
2023-24,21,749,Matthew Whittingham,MID,Wolves,20,5,0,2024-01-22T19:45:00Z,0,0,0,0,0,0,0,0,0.0,0.0,0.0,0.0,0.0,0.0,0.0,0.0,0,45
2023-24,21,750,Tawanda Chirewa,MID,Wolves,20,5,0,2024-01-22T19:45:00Z,2,1,0,0,0,0,0,3,5.2,0.3,0.0,0.6,0.0,0.0,0.0,0.03,0,44
2023-24,21,751,Justin Hubner,DEF,Wolves,20,5,0,2024-01-22T19:45:00Z,0,0,0,0,0,0,0,0,0.0,0.0,0.0,0.0,0.0,0.0,0.0,0.0,0,40
2023-24,21,752,Vincent Angelini,GK,Brentford,4,16,1,2024-01-20T17:30:00Z,0,0,0,0,0,0,0,0,0.0,0.0,0.0,0.0,0.0,0.0,0.0,0.0,0,40
2023-24,21,753,Leigh Kavanagh,DEF,Brighton,5,20,1,2024-01-22T19:45:00Z,0,0,0,0,0,0,0,0,0.0,0.0,0.0,0.0,0.0,0.0,0.0,0.0,0,40
2023-24,21,754,Yago de Santiago Alonso,MID,Spurs,18,14,0,2024-01-14T16:30:00Z,0,0,0,0,0,0,0,0,0.0,0.0,0.0,0.0,0.0,0.0,0.0,0.0,0,45
2023-24,21,755,Luca Barrington,MID,Brighton,5,20,1,2024-01-22T19:45:00Z,0,0,0,0,0,0,0,0,0.0,0.0,0.0,0.0,0.0,0.0,0.0,0.0,0,45
2023-24,21,756,Marcelo de Araújo Pitaluga Filho,GK,Liverpool,11,3,0,2024-01-21T16:30:00Z,0,0,0,0,0,0,0,0,0.0,0.0,0.0,0.0,0.0,0.0,0.0,0.0,0,40
2023-24,21,757,Conor Bradley,DEF,Liverpool,11,3,0,2024-01-21T16:30:00Z,82,8,0,1,1,0,0,24,30.4,15.9,28.0,7.4,0.27,0.08,0.35,0.44,1,40
2023-24,21,758,Leo Castledine,MID,Chelsea,7,10,1,2024-01-13T12:30:00Z,0,0,0,0,0,0,0,0,0.0,0.0,0.0,0.0,0.0,0.0,0.0,0.0,0,45
2023-24,21,759,Sydie Peck,MID,Sheffield Utd,17,19,1,2024-01-21T14:00:00Z,0,0,0,0,0,0,0,0,0.0,0.0,0.0,0.0,0.0,0.0,0.0,0.0,0,44
2023-24,21,760,Jenson Metcalfe,MID,Everton,9,2,1,2024-01-14T14:00:00Z,0,0,0,0,0,0,0,0,0.0,0.0,0.0,0.0,0.0,0.0,0.0,0.0,0,45
2023-24,21,761,Elijah Campbell,DEF,Everton,9,2,1,2024-01-14T14:00:00Z,0,0,0,0,0,0,0,0,0.0,0.0,0.0,0.0,0.0,0.0,0.0,0.0,0,40
2023-24,21,762,Mahamadou Susoho,MID,Man City,13,15,0,2024-01-13T17:30:00Z,0,0,0,0,0,0,0,0,0.0,0.0,0.0,0.0,0.0,0.0,0.0,0.0,0,45
2023-24,21,763,Tayo Adaramola,DEF,Crystal Palace,8,1,0,2024-01-20T12:30:00Z,0,0,0,0,0,0,0,0,0.0,0.0,0.0,0.0,0.0,0.0,0.0,0.0,0,40
2023-24,21,764,Myles Lewis-Skelly,MID,Arsenal,1,8,1,2024-01-20T12:30:00Z,0,0,0,0,0,0,0,0,0.0,0.0,0.0,0.0,0.0,0.0,0.0,0.0,0,45
2023-24,21,765,Sam Proctor,GK,Aston Villa,2,9,0,2024-01-14T14:00:00Z,0,0,0,0,0,0,0,0,0.0,0.0,0.0,0.0,0.0,0.0,0.0,0.0,0,40
2023-24,21,766,Willy Kambwala,DEF,Man Utd,14,18,1,2024-01-14T16:30:00Z,0,0,0,0,0,0,0,0,0.0,0.0,0.0,0.0,0.0,0.0,0.0,0.0,0,40
2023-24,21,767,Tommi O'Reilly,MID,Aston Villa,2,9,0,2024-01-14T14:00:00Z,0,0,0,0,0,0,0,0,0.0,0.0,0.0,0.0,0.0,0.0,0.0,0.0,0,45
2023-24,21,768,Rhys Bennett,DEF,Man Utd,14,18,1,2024-01-14T16:30:00Z,0,0,0,0,0,0,0,0,0.0,0.0,0.0,0.0,0.0,0.0,0.0,0.0,0,40
2023-24,21,769,Owen Hesketh,MID,Wolves,20,5,0,2024-01-22T19:45:00Z,0,0,0,0,0,0,0,0,0.0,0.0,0.0,0.0,0.0,0.0,0.0,0.0,0,45
2023-24,21,770,Ty Barnett,MID,Wolves,20,5,0,2024-01-22T19:45:00Z,0,0,0,0,0,0,0,0,0.0,0.0,0.0,0.0,0.0,0.0,0.0,0.0,0,45
2023-24,21,771,Micah Hamilton,MID,Man City,13,15,0,2024-01-13T17:30:00Z,0,0,0,0,0,0,0,0,0.0,0.0,0.0,0.0,0.0,0.0,0.0,0.0,0,45
2023-24,21,772,Ethan Nwaneri,MID,Arsenal,1,8,1,2024-01-20T12:30:00Z,0,0,0,0,0,0,0,0,0.0,0.0,0.0,0.0,0.0,0.0,0.0,0.0,0,45
2023-24,21,773,Lewis Orford,MID,West Ham,19,17,0,2024-01-21T14:00:00Z,0,0,0,0,0,0,0,0,0.0,0.0,0.0,0.0,0.0,0.0,0.0,0.0,0,45
2023-24,21,774,Kaelan Casey,DEF,West Ham,19,17,0,2024-01-21T14:00:00Z,0,0,0,0,0,0,0,0,0.0,0.0,0.0,0.0,0.0,0.0,0.0,0.0,0,40
2023-24,21,775,Ben Brereton,MID,Sheffield Utd,17,19,1,2024-01-21T14:00:00Z,66,7,1,0,0,1,0,20,37.0,12.7,53.0,10.3,0.59,0.02,0.61,0.92,1,50
2023-24,21,776,Timo Werner,FWD,Spurs,18,14,0,2024-01-14T16:30:00Z,79,5,0,1,0,2,0,17,11.2,15.1,31.0,5.7,0.28,0.07,0.35,0.38,1,65
2023-24,21,777,Radu Dragusin,DEF,Spurs,18,14,0,2024-01-14T16:30:00Z,5,1,0,0,0,0,0,4,3.8,0.2,0.0,0.4,0.0,0.0,0.0,0.45,0,45
2023-24,21,778,James Wright,GK,Aston Villa,2,9,0,2024-01-14T14:00:00Z,0,0,0,0,0,0,0,0,0.0,0.0,0.0,0.0,0.0,0.0,0.0,0.0,0,40
2023-24,21,779,Jamie McDonnell,MID,Nott'm Forest,16,4,0,2024-01-20T17:30:00Z,0,0,0,0,0,0,0,0,0.0,0.0,0.0,0.0,0.0,0.0,0.0,0.0,0,45
2023-24,21,780,Detlef Esapa Osong,FWD,Nott'm Forest,16,4,0,2024-01-20T17:30:00Z,0,0,0,0,0,0,0,0,0.0,0.0,0.0,0.0,0.0,0.0,0.0,0.0,0,45
2023-24,21,781,Joe Gardner,FWD,Nott'm Forest,16,4,0,2024-01-20T17:30:00Z,0,0,0,0,0,0,0,0,0.0,0.0,0.0,0.0,0.0,0.0,0.0,0.0,0,45
2023-24,21,782,Owen Beck,DEF,Liverpool,11,3,0,2024-01-21T16:30:00Z,7,1,0,0,0,0,0,2,5.0,0.3,0.0,0.5,0.0,0.0,0.0,0.95,0,45
2023-24,21,783,Kaide Gordon,MID,Liverpool,11,3,0,2024-01-21T16:30:00Z,1,1,0,0,0,0,0,3,0.2,0.3,2.0,0.3,0.0,0.0,0.0,0.44,0,45
2023-24,21,784,Oliver Scarles,DEF,West Ham,19,17,0,2024-01-21T14:00:00Z,0,0,0,0,0,0,0,0,0.0,0.0,0.0,0.0,0.0,0.0,0.0,0.0,0,40
2023-24,21,785,Callum Marshall,FWD,West Ham,19,17,0,2024-01-21T14:00:00Z,0,0,0,0,0,0,0,0,0.0,0.0,0.0,0.0,0.0,0.0,0.0,0.0,0,45
2023-24,21,786,Cameron Peupion,MID,Brighton,5,20,1,2024-01-22T19:45:00Z,0,0,0,0,0,0,0,0,0.0,0.0,0.0,0.0,0.0,0.0,0.0,0.0,0,45
2023-24,21,787,Harvey Griffiths,MID,Wolves,20,5,0,2024-01-22T19:45:00Z,0,0,0,0,0,0,0,0,0.0,0.0,0.0,0.0,0.0,0.0,0.0,0.0,0,45
2023-24,21,788,Yerson Mosquera,DEF,Wolves,20,5,0,2024-01-22T19:45:00Z,0,0,0,0,0,0,0,0,0.0,0.0,0.0,0.0,0.0,0.0,0.0,0.0,0,40
