season,gw,fixture,element,name,position,team,team_id,opponent_team,was_home,kickoff_time,minutes,total_points,goals_scored,assists,clean_sheets,goals_conceded,bonus,bps,influence,creativity,threat,ict_index,expected_goals,expected_assists,expected_goal_involvements,expected_goals_conceded,starts,value
2023-24,23,221,1,Folarin Balogun,FWD,Arsenal,1,11,1,2024-02-04T16:30:00Z,0,0,0,0,0,0,0,0,0.0,0.0,0.0,0.0,0.0,0.0,0.0,0.0,0,44
2023-24,23,221,2,Cédric Alves Soares,DEF,Arsenal,1,11,1,2024-02-04T16:30:00Z,0,0,0,0,0,0,0,0,0.0,0.0,0.0,0.0,0.0,0.0,0.0,0.0,0,39
2023-24,23,221,3,Mohamed Elneny,MID,Arsenal,1,11,1,2024-02-04T16:30:00Z,0,0,0,0,0,0,0,0,0.0,0.0,0.0,0.0,0.0,0.0,0.0,0.0,0,44
2023-24,23,221,4,Fábio Ferreira Vieira,MID,Arsenal,1,11,1,2024-02-04T16:30:00Z,0,0,0,0,0,0,0,0,0.0,0.0,0.0,0.0,0.0,0.0,0.0,0.0,0,54
2023-24,23,221,5,Gabriel dos Santos Magalhães,DEF,Arsenal,1,11,1,2024-02-04T16:30:00Z,90,-1,0,0,0,1,0,1,10.2,3.9,11.0,2.5,0.14,0.01,0.15,0.41,1,50
2023-24,23,221,6,Kai Havertz,MID,Arsenal,1,11,1,2024-02-04T16:30:00Z,90,4,0,1,0,1,0,4,11.6,25.8,49.0,8.6,1.02,0.04,1.06,0.41,1,71
2023-24,23,224,7,Rob Holding,DEF,Crystal Palace,8,5,0,2024-02-03T15:00:00Z,0,0,0,0,0,0,0,0,0.0,0.0,0.0,0.0,0.0,0.0,0.0,0.0,0,43
2023-24,23,221,8,Gabriel Fernando de Jesus,FWD,Arsenal,1,11,1,2024-02-04T16:30:00Z,0,0,0,0,0,0,0,0,0.0,0.0,0.0,0.0,0.0,0.0,0.0,0.0,0,80
2023-24,23,221,9,Jorge Luiz Frello Filho,MID,Arsenal,1,11,1,2024-02-04T16:30:00Z,90,2,0,0,0,1,0,11,15.4,15.6,0.0,3.1,0.0,0.08,0.08,0.41,1,53
2023-24,23,221,10,Jakub Kiwior,DEF,Arsenal,1,11,1,2024-02-04T16:30:00Z,45,3,0,1,0,0,0,8,31.2,10.8,17.0,5.9,0.26,0.0,0.26,0.31,0,43
2023-24,23,221,11,Marcus Oliveira Alencar,MID,Arsenal,1,11,1,2024-02-04T16:30:00Z,0,0,0,0,0,0,0,0,0.0,0.0,0.0,0.0,0.0,0.0,0.0,0.0,0,45
2023-24,23,221,12,Gabriel Martinelli Silva,MID,Arsenal,1,11,1,2024-02-04T16:30:00Z,73,10,1,0,0,1,3,33,40.6,17.3,26.0,8.4,0.87,0.19,1.06,0.36,1,77
2023-24,23,221,13,Eddie Nketiah,FWD,Arsenal,1,11,1,2024-02-04T16:30:00Z,0,0,0,0,0,0,0,0,0.0,0.0,0.0,0.0,0.0,0.0,0.0,0.0,0,52
2023-24,23,221,14,Martin Ødegaard,MID,Arsenal,1,11,1,2024-02-04T16:30:00Z,90,2,0,0,0,1,0,17,12.0,39.8,16.0,6.8,0.22,0.6,0.82,0.41,1,85
2023-24,23,221,15,Thomas Partey,MID,Arsenal,1,11,1,2024-02-04T16:30:00Z,0,0,0,0,0,0,0,0,0.0,0.0,0.0,0.0,0.0,0.0,0.0,0.0,0,48
2023-24,23,221,16,Nicolas Pépé,MID,Arsenal,1,11,1,2024-02-04T16:30:00Z,0,0,0,0,0,0,0,0,0.0,0.0,0.0,0.0,0.0,0.0,0.0,0.0,0,49
2023-24,23,221,17,Aaron Ramsdale,GK,Arsenal,1,11,1,2024-02-04T16:30:00Z,0,0,0,0,0,0,0,0,0.0,0.0,0.0,0.0,0.0,0.0,0.0,0.0,0,45
2023-24,23,221,18,Rúnar Alex Rúnarsson,GK,Arsenal,1,11,1,2024-02-04T16:30:00Z,0,0,0,0,0,0,0,0,0.0,0.0,0.0,0.0,0.0,0.0,0.0,0.0,0,40
2023-24,23,221,19,Bukayo Saka,MID,Arsenal,1,11,1,2024-02-04T16:30:00Z,78,9,1,0,0,1,2,24,35.6,2.7,41.0,7.9,1.18,0.03,1.21,0.39,1,90
2023-24,23,221,20,William Saliba,DEF,Arsenal,1,11,1,2024-02-04T16:30:00Z,90,1,0,0,0,1,0,7,6.0,0.1,0.0,0.6,0.0,0.0,0.0,0.41,1,56
2023-24,23,229,21,Albert Sambi Lokonga,MID,Luton,12,15,0,2024-02-03T15:00:00Z,90,1,0,0,0,4,0,14,28.6,12.8,0.0,4.1,0.0,0.04,0.04,2.28,1,49
2023-24,23,221,22,Emile Smith Rowe,MID,Arsenal,1,11,1,2024-02-04T16:30:00Z,0,0,0,0,0,0,0,0,0.0,0.0,0.0,0.0,0.0,0.0,0.0,0.0,0,53
2023-24,23,222,23,Nuno Varela Tavares,DEF,Nott'm Forest,16,3,0,2024-02-04T14:00:00Z,90,2,0,0,0,1,0,10,8.8,3.3,7.0,1.9,0.01,0.04,0.05,0.96,1,40
2023-24,23,221,24,Kieran Tierney,DEF,Arsenal,1,11,1,2024-02-04T16:30:00Z,0,0,0,0,0,0,0,0,0.0,0.0,0.0,0.0,0.0,0.0,0.0,0.0,0,44
2023-24,23,221,25,Takehiro Tomiyasu,DEF,Arsenal,1,11,1,2024-02-04T16:30:00Z,0,0,0,0,0,0,0,0,0.0,0.0,0.0,0.0,0.0,0.0,0.0,0.0,0,45
2023-24,23,221,26,Leandro Trossard,MID,Arsenal,1,11,1,2024-02-04T16:30:00Z,16,8,1,0,0,0,2,24,36.2,0.0,17.0,5.3,0.03,0.0,0.03,0.05,0,65
2023-24,23,230,27,Auston Trusty,DEF,Sheffield Utd,17,2,1,2024-02-03T17:30:00Z,90,0,0,0,0,5,0,15,8.8,11.8,0.0,2.1,0.0,0.0,0.0,2.27,1,39
2023-24,23,222,28,Matt Turner,GK,Nott'm Forest,16,3,0,2024-02-04T14:00:00Z,0,0,0,0,0,0,0,0,0.0,0.0,0.0,0.0,0.0,0.0,0.0,0.0,0,39
2023-24,23,221,29,Benjamin White,DEF,Arsenal,1,11,1,2024-02-04T16:30:00Z,90,1,0,0,0,1,0,14,21.2,1.3,0.0,2.3,0.0,0.01,0.01,0.41,1,56
2023-24,23,221,30,Granit Xhaka,MID,Arsenal,1,11,1,2024-02-04T16:30:00Z,0,0,0,0,0,0,0,0,0.0,0.0,0.0,0.0,0.0,0.0,0.0,0.0,0,60
2023-24,23,221,31,Oleksandr Zinchenko,DEF,Arsenal,1,11,1,2024-02-04T16:30:00Z,45,1,0,0,0,1,0,2,6.0,0.5,0.0,0.7,0.0,0.0,0.0,0.1,1,52
2023-24,23,230,32,Alexandre Moreno Lopera,DEF,Aston Villa,2,17,0,2024-02-03T17:30:00Z,90,14,1,0,1,0,2,39,45.6,11.8,17.0,7.4,0.2,0.01,0.21,1.26,1,51
2023-24,23,230,33,Cameron Archer,FWD,Sheffield Utd,17,2,1,2024-02-03T17:30:00Z,25,1,0,0,0,0,0,5,3.0,1.7,13.0,1.8,0.12,0.03,0.15,0.37,0,43
2023-24,23,230,34,Leon Bailey,MID,Aston Villa,2,17,0,2024-02-03T17:30:00Z,59,7,1,0,0,0,1,30,40.0,25.6,24.0,9.0,0.07,0.15,0.22,0.24,1,56
2023-24,23,230,35,Emiliano Buendía Stati,MID,Aston Villa,2,17,0,2024-02-03T17:30:00Z,0,0,0,0,0,0,0,0,0.0,0.0,0.0,0.0,0.0,0.0,0.0,0.0,0,57
2023-24,23,230,36,Matty Cash,DEF,Aston Villa,2,17,0,2024-02-03T17:30:00Z,31,1,0,0,0,0,0,4,8.2,0.5,0.0,0.9,0.0,0.01,0.01,1.02,0,47
2023-24,23,230,37,Calum Chambers,DEF,Aston Villa,2,17,0,2024-02-03T17:30:00Z,0,0,0,0,0,0,0,0,0.0,0.0,0.0,0.0,0.0,0.0,0.0,0.0,0,38
2023-24,23,230,38,Philippe Coutinho Correia,MID,Aston Villa,2,17,0,2024-02-03T17:30:00Z,0,0,0,0,0,0,0,0,0.0,0.0,0.0,0.0,0.0,0.0,0.0,0.0,0,58
2023-24,23,230,39,Keinan Davis,FWD,Aston Villa,2,17,0,2024-02-03T17:30:00Z,0,0,0,0,0,0,0,0,0.0,0.0,0.0,0.0,0.0,0.0,0.0,0.0,0,49
2023-24,23,230,40,Leander Dendoncker,MID,Aston Villa,2,17,0,2024-02-03T17:30:00Z,0,0,0,0,0,0,0,0,0.0,0.0,0.0,0.0,0.0,0.0,0.0,0.0,0,49
2023-24,23,230,41,Diego Carlos Santos Silva,DEF,Aston Villa,2,17,0,2024-02-03T17:30:00Z,90,6,0,0,1,0,0,26,20.4,0.7,2.0,2.3,0.0,0.01,0.01,1.26,1,44
2023-24,23,230,42,Lucas Digne,DEF,Aston Villa,2,17,0,2024-02-03T17:30:00Z,0,0,0,0,0,0,0,0,0.0,0.0,0.0,0.0,0.0,0.0,0.0,0.0,0,46
2023-24,23,230,43,Douglas Luiz Soares de Paulo,MID,Aston Villa,2,17,0,2024-02-03T17:30:00Z,45,5,0,1,0,0,1,30,32.6,55.5,7.0,9.5,0.01,0.45,0.46,0.22,1,56
2023-24,23,230,44,Jhon Durán,FWD,Aston Villa,2,17,0,2024-02-03T17:30:00Z,0,0,0,0,0,0,0,0,0.0,0.0,0.0,0.0,0.0,0.0,0.0,0.0,0,50
2023-24,23,230,45,Kortney Hause,DEF,Aston Villa,2,17,0,2024-02-03T17:30:00Z,0,0,0,0,0,0,0,0,0.0,0.0,0.0,0.0,0.0,0.0,0.0,0.0,0,39
2023-24,23,230,46,Tim Iroegbunam,MID,Aston Villa,2,17,0,2024-02-03T17:30:00Z,19,1,0,0,0,0,0,2,1.2,0.2,0.0,0.1,0.0,0.0,0.0,1.02,0,44
2023-24,23,230,47,Boubacar Kamara,MID,Aston Villa,2,17,0,2024-02-03T17:30:00Z,90,3,0,0,1,0,0,8,11.0,5.9,0.0,1.7,0.0,0.01,0.01,1.26,1,50
2023-24,23,230,48,Ezri Konsa Ngoyo,DEF,Aston Villa,2,17,0,2024-02-03T17:30:00Z,58,1,0,0,0,0,0,7,9.2,2.3,35.0,4.7,0.13,0.01,0.14,0.24,1,46
2023-24,23,230,49,Emiliano Martínez Romero,GK,Aston Villa,2,17,0,2024-02-03T17:30:00Z,90,7,0,0,1,0,0,27,35.8,0.0,0.0,3.6,0.0,0.0,0.0,1.26,1,52
2023-24,23,230,50,John McGinn,MID,Aston Villa,2,17,0,2024-02-03T17:30:00Z,70,8,1,0,1,0,0,28,32.2,2.0,36.0,7.0,1.02,0.01,1.03,0.24,1,55
2023-24,23,230,51,Tyrone Mings,DEF,Aston Villa,2,17,0,2024-02-03T17:30:00Z,0,0,0,0,0,0,0,0,0.0,0.0,0.0,0.0,0.0,0.0,0.0,0.0,0,41
2023-24,23,229,52,Marvelous Nakamba,MID,Luton,12,15,0,2024-02-03T15:00:00Z,0,0,0,0,0,0,0,0,0.0,0.0,0.0,0.0,0.0,0.0,0.0,0.0,0,44
2023-24,23,230,53,Robin Olsen,GK,Aston Villa,2,17,0,2024-02-03T17:30:00Z,0,0,0,0,0,0,0,0,0.0,0.0,0.0,0.0,0.0,0.0,0.0,0.0,0,39
2023-24,23,230,54,Jaden Philogene-Bidace,MID,Aston Villa,2,17,0,2024-02-03T17:30:00Z,0,0,0,0,0,0,0,0,0.0,0.0,0.0,0.0,0.0,0.0,0.0,0.0,0,45
2023-24,23,230,55,Jacob Ramsey,MID,Aston Villa,2,17,0,2024-02-03T17:30:00Z,45,1,0,0,0,0,0,4,9.4,5.8,0.0,1.5,0.0,0.01,0.01,1.04,0,59
2023-24,23,230,56,Morgan Sanson,MID,Aston Villa,2,17,0,2024-02-03T17:30:00Z,0,0,0,0,0,0,0,0,0.0,0.0,0.0,0.0,0.0,0.0,0.0,0.0,0,45
2023-24,23,230,57,Viljami Sinisalo,GK,Aston Villa,2,17,0,2024-02-03T17:30:00Z,0,0,0,0,0,0,0,0,0.0,0.0,0.0,0.0,0.0,0.0,0.0,0.0,0,40
2023-24,23,230,58,Youri Tielemans,MID,Aston Villa,2,17,0,2024-02-03T17:30:00Z,80,8,1,0,1,0,0,28,38.2,34.9,26.0,9.9,0.18,0.05,0.23,1.11,1,56
2023-24,23,230,59,Bertrand Traoré,MID,Aston Villa,2,17,0,2024-02-03T17:30:00Z,0,0,0,0,0,0,0,0,0.0,0.0,0.0,0.0,0.0,0.0,0.0,0.0,0,50
2023-24,23,230,60,Ollie Watkins,FWD,Aston Villa,2,17,0,2024-02-03T17:30:00Z,90,18,1,3,1,0,3,53,73.6,27.8,36.0,13.7,0.73,0.17,0.9,1.26,1,88
2023-24,23,230,61,Wesley Moraes Ferreira da Silva,FWD,Aston Villa,2,17,0,2024-02-03T17:30:00Z,0,0,0,0,0,0,0,0,0.0,0.0,0.0,0.0,0.0,0.0,0.0,0.0,0,50
2023-24,23,222,62,Jaidon Anthony,MID,Bournemouth,3,16,1,2024-02-04T14:00:00Z,0,0,0,0,0,0,0,0,0.0,0.0,0.0,0.0,0.0,0.0,0.0,0.0,0,49
2023-24,23,222,63,Philip Billing,MID,Bournemouth,3,16,1,2024-02-04T14:00:00Z,27,-2,0,0,0,0,0,-8,0.0,2.8,0.0,0.0,0.0,0.02,0.02,0.07,0,52
2023-24,23,222,64,David Brooks,MID,Bournemouth,3,16,1,2024-02-04T14:00:00Z,0,0,0,0,0,0,0,0,0.0,0.0,0.0,0.0,0.0,0.0,0.0,0.0,0,47
2023-24,23,222,65,Ryan Christie,MID,Bournemouth,3,16,1,2024-02-04T14:00:00Z,55,1,0,0,0,1,0,4,7.2,1.4,2.0,1.1,0.04,0.01,0.05,0.51,1,50
2023-24,23,222,66,Lewis Cook,MID,Bournemouth,3,16,1,2024-02-04T14:00:00Z,90,2,0,0,0,1,0,15,13.4,30.3,0.0,4.4,0.0,0.31,0.31,0.56,1,50
2023-24,23,222,67,Siriki Dembélé,MID,Bournemouth,3,16,1,2024-02-04T14:00:00Z,0,0,0,0,0,0,0,0,0.0,0.0,0.0,0.0,0.0,0.0,0.0,0.0,0,45
2023-24,23,222,68,Ryan Fredericks,DEF,Bournemouth,3,16,1,2024-02-04T14:00:00Z,0,0,0,0,0,0,0,0,0.0,0.0,0.0,0.0,0.0,0.0,0.0,0.0,0,43
2023-24,23,222,69,James Hill,DEF,Bournemouth,3,16,1,2024-02-04T14:00:00Z,0,0,0,0,0,0,0,0,0.0,0.0,0.0,0.0,0.0,0.0,0.0,0.0,0,40
2023-24,23,222,70,Lloyd Kelly,DEF,Bournemouth,3,16,1,2024-02-04T14:00:00Z,82,2,0,0,0,1,0,8,7.0,1.4,4.0,1.2,0.0,0.01,0.01,0.55,1,45
2023-24,23,222,71,Gavin Kilkenny,MID,Bournemouth,3,16,1,2024-02-04T14:00:00Z,0,0,0,0,0,0,0,0,0.0,0.0,0.0,0.0,0.0,0.0,0.0,0.0,0,43
2023-24,23,222,72,Justin Kluivert,MID,Bournemouth,3,16,1,2024-02-04T14:00:00Z,55,5,1,0,0,1,0,10,28.2,1.3,47.0,7.7,0.67,0.02,0.69,0.51,1,46
2023-24,23,222,73,Jamal Lowe,MID,Bournemouth,3,16,1,2024-02-04T14:00:00Z,0,0,0,0,0,0,0,0,0.0,0.0,0.0,0.0,0.0,0.0,0.0,0.0,0,49
2023-24,23,222,74,Emiliano Marcondes,MID,Bournemouth,3,16,1,2024-02-04T14:00:00Z,0,0,0,0,0,0,0,0,0.0,0.0,0.0,0.0,0.0,0.0,0.0,0.0,0,43
2023-24,23,222,75,Chris Mepham,DEF,Bournemouth,3,16,1,2024-02-04T14:00:00Z,0,0,0,0,0,0,0,0,0.0,0.0,0.0,0.0,0.0,0.0,0.0,0.0,0,43
2023-24,23,222,76,Kieffer Moore,FWD,Bournemouth,3,16,1,2024-02-04T14:00:00Z,0,0,0,0,0,0,0,0,0.0,0.0,0.0,0.0,0.0,0.0,0.0,0.0,0,46
2023-24,23,222,77,Norberto Murara Neto,GK,Bournemouth,3,16,1,2024-02-04T14:00:00Z,90,3,0,0,0,1,1,17,34.8,0.0,0.0,3.5,0.0,0.0,0.0,0.56,1,46
2023-24,23,222,78,Dango Ouattara,MID,Bournemouth,3,16,1,2024-02-04T14:00:00Z,19,1,0,0,0,0,0,7,6.0,0.5,0.0,0.7,0.0,0.0,0.0,0.02,0,47
2023-24,23,222,79,Ben Pearson,MID,Bournemouth,3,16,1,2024-02-04T14:00:00Z,0,0,0,0,0,0,0,0,0.0,0.0,0.0,0.0,0.0,0.0,0.0,0.0,0,45
2023-24,23,222,80,Darren Randolph,GK,Bournemouth,3,16,1,2024-02-04T14:00:00Z,0,0,0,0,0,0,0,0,0.0,0.0,0.0,0.0,0.0,0.0,0.0,0.0,0,40
2023-24,23,222,81,Joe Rothwell,MID,Bournemouth,3,16,1,2024-02-04T14:00:00Z,0,0,0,0,0,0,0,0,0.0,0.0,0.0,0.0,0.0,0.0,0.0,0.0,0,48
2023-24,23,222,82,Antoine Semenyo,FWD,Bournemouth,3,16,1,2024-02-04T14:00:00Z,45,1,0,0,0,1,0,1,4.0,10.8,2.0,1.7,0.01,0.01,0.02,0.5,1,45
2023-24,23,222,83,Marcos Senesi,DEF,Bournemouth,3,16,1,2024-02-04T14:00:00Z,90,1,0,0,0,1,0,4,9.0,0.8,4.0,1.4,0.0,0.01,0.01,0.56,1,45
2023-24,23,222,84,Adam Smith,DEF,Bournemouth,3,16,1,2024-02-04T14:00:00Z,90,2,0,0,0,1,0,13,9.0,4.7,0.0,1.4,0.0,0.03,0.03,0.56,1,44
2023-24,23,222,85,Dominic Solanke,FWD,Bournemouth,3,16,1,2024-02-04T14:00:00Z,90,2,0,0,0,1,0,5,6.2,13.3,2.0,2.2,0.0,0.02,0.02,0.56,1,71
2023-24,23,222,86,Marcus Tavernier,MID,Bournemouth,3,16,1,2024-02-04T14:00:00Z,45,1,0,0,0,0,0,-4,0.8,1.8,5.0,0.8,0.06,0.02,0.08,0.07,0,54
2023-24,23,222,87,Hamed Traorè,MID,Bournemouth,3,16,1,2024-02-04T14:00:00Z,0,0,0,0,0,0,0,0,0.0,0.0,0.0,0.0,0.0,0.0,0.0,0.0,0,47
2023-24,23,222,88,Mark Travers,GK,Bournemouth,3,16,1,2024-02-04T14:00:00Z,0,0,0,0,0,0,0,0,0.0,0.0,0.0,0.0,0.0,0.0,0.0,0.0,0,40
2023-24,23,222,89,Illia Zabarnyi,DEF,Bournemouth,3,16,1,2024-02-04T14:00:00Z,90,2,0,0,0,1,0,12,10.4,0.3,2.0,1.3,0.0,0.0,0.0,0.56,1,44
2023-24,23,223,90,Kristoffer Ajer,DEF,Brentford,4,13,1,2024-02-05T20:00:00Z,11,1,0,0,0,0,0,3,3.2,0.1,0.0,0.3,0.0,0.0,0.0,0.18,0,44
2023-24,23,223,91,Ellery Balcombe,GK,Brentford,4,13,1,2024-02-05T20:00:00Z,0,0,0,0,0,0,0,0,0.0,0.0,0.0,0.0,0.0,0.0,0.0,0.0,0,39
2023-24,23,223,92,Shandon Baptiste,MID,Brentford,4,13,1,2024-02-05T20:00:00Z,1,1,0,0,0,0,0,3,0.0,0.0,0.0,0.0,0.0,0.0,0.0,0.0,0,43
2023-24,23,223,93,Mads Bech Sørensen,DEF,Brentford,4,13,1,2024-02-05T20:00:00Z,0,0,0,0,0,0,0,0,0.0,0.0,0.0,0.0,0.0,0.0,0.0,0.0,0,40
2023-24,23,223,94,Mads Bidstrup,MID,Brentford,4,13,1,2024-02-05T20:00:00Z,0,0,0,0,0,0,0,0,0.0,0.0,0.0,0.0,0.0,0.0,0.0,0.0,0,45
2023-24,23,223,95,Sergi Canós Tenés,MID,Brentford,4,13,1,2024-02-05T20:00:00Z,0,0,0,0,0,0,0,0,0.0,0.0,0.0,0.0,0.0,0.0,0.0,0.0,0,50
2023-24,23,223,96,Nathan Collins,DEF,Brentford,4,13,1,2024-02-05T20:00:00Z,90,1,0,0,0,3,0,10,29.4,0.7,2.0,3.2,0.0,0.0,0.0,2.15,1,45
2023-24,23,223,97,Matthew Cox,GK,Brentford,4,13,1,2024-02-05T20:00:00Z,0,0,0,0,0,0,0,0,0.0,0.0,0.0,0.0,0.0,0.0,0.0,0.0,0,40
2023-24,23,223,98,Mikkel Damsgaard,MID,Brentford,4,13,1,2024-02-05T20:00:00Z,13,1,0,0,0,0,0,6,4.2,14.0,0.0,1.8,0.0,0.04,0.04,0.18,0,48
2023-24,23,223,99,Josh Dasilva,MID,Brentford,4,13,1,2024-02-05T20:00:00Z,0,0,0,0,0,0,0,0,0.0,0.0,0.0,0.0,0.0,0.0,0.0,0.0,0,47
2023-24,23,223,100,Halil Dervişoğlu,FWD,Brentford,4,13,1,2024-02-05T20:00:00Z,0,0,0,0,0,0,0,0,0.0,0.0,0.0,0.0,0.0,0.0,0.0,0.0,0,45
2023-24,23,223,101,Mark Flekken,GK,Brentford,4,13,1,2024-02-05T20:00:00Z,90,10,0,1,0,3,2,45,84.0,10.0,0.0,9.4,0.0,0.01,0.01,2.15,1,45
2023-24,23,223,102,Charlie Goode,DEF,Brentford,4,13,1,2024-02-05T20:00:00Z,0,0,0,0,0,0,0,0,0.0,0.0,0.0,0.0,0.0,0.0,0.0,0.0,0,39
2023-24,23,223,103,Rico Henry,DEF,Brentford,4,13,1,2024-02-05T20:00:00Z,0,0,0,0,0,0,0,0,0.0,0.0,0.0,0.0,0.0,0.0,0.0,0.0,0,43
2023-24,23,223,104,Aaron Hickey,DEF,Brentford,4,13,1,2024-02-05T20:00:00Z,0,0,0,0,0,0,0,0,0.0,0.0,0.0,0.0,0.0,0.0,0.0,0.0,0,44
2023-24,23,223,105,Vitaly Janelt,MID,Brentford,4,13,1,2024-02-05T20:00:00Z,75,2,0,0,0,3,0,12,7.8,0.7,0.0,0.9,0.0,0.01,0.01,1.97,1,53
2023-24,23,223,106,Mathias Jensen,MID,Brentford,4,13,1,2024-02-05T20:00:00Z,76,2,0,0,0,3,0,7,7.4,20.3,2.0,3.0,0.0,0.16,0.16,1.97,1,54
2023-24,23,223,107,Keane Lewis-Potter,MID,Brentford,4,13,1,2024-02-05T20:00:00Z,14,1,0,0,0,0,0,2,0.0,0.0,0.0,0.0,0.0,0.0,0.0,0.18,0,47
2023-24,23,223,108,Bryan Mbeumo,MID,Brentford,4,13,1,2024-02-05T20:00:00Z,0,0,0,0,0,0,0,0,0.0,0.0,0.0,0.0,0.0,0.0,0.0,0.0,0,68
2023-24,23,223,109,Ben Mee,DEF,Brentford,4,13,1,2024-02-05T20:00:00Z,90,1,0,0,0,3,0,12,27.4,0.9,0.0,2.8,0.0,0.01,0.01,2.15,1,48
2023-24,23,223,110,Christian Nørgaard,MID,Brentford,4,13,1,2024-02-05T20:00:00Z,90,2,0,0,0,3,0,7,13.8,1.7,25.0,4.1,0.27,0.0,0.27,2.15,1,53
2023-24,23,223,111,Frank Onyeka,MID,Brentford,4,13,1,2024-02-05T20:00:00Z,0,0,0,0,0,0,0,0,0.0,0.0,0.0,0.0,0.0,0.0,0.0,0.0,0,49
2023-24,23,223,112,Ethan Pinnock,DEF,Brentford,4,13,1,2024-02-05T20:00:00Z,90,1,0,0,0,3,0,12,25.2,0.3,0.0,2.6,0.0,0.01,0.01,2.15,1,46
2023-24,23,221,113,David Raya Martin,GK,Arsenal,1,11,1,2024-02-04T16:30:00Z,90,2,0,0,0,1,0,11,10.8,0.0,0.0,1.1,0.0,0.0,0.0,0.41,1,49
2023-24,23,223,114,Mads Roerslev Rasmussen,DEF,Brentford,4,13,1,2024-02-05T20:00:00Z,75,1,0,0,0,3,0,6,5.6,1.3,6.0,1.3,0.06,0.01,0.07,1.97,1,44
2023-24,23,223,115,Kevin Schade,MID,Brentford,4,13,1,2024-02-05T20:00:00Z,0,0,0,0,0,0,0,0,0.0,0.0,0.0,0.0,0.0,0.0,0.0,0.0,0,52
2023-24,23,223,116,Thomas Strakosha,GK,Brentford,4,13,1,2024-02-05T20:00:00Z,0,0,0,0,0,0,0,0,0.0,0.0,0.0,0.0,0.0,0.0,0.0,0.0,0,39
2023-24,23,223,117,Ivan Toney,FWD,Brentford,4,13,1,2024-02-05T20:00:00Z,90,2,0,0,0,3,0,3,9.6,11.8,18.0,3.9,0.31,0.09,0.4,2.15,1,81
2023-24,23,223,118,Ryan Trevitt,MID,Brentford,4,13,1,2024-02-05T20:00:00Z,0,0,0,0,0,0,0,0,0.0,0.0,0.0,0.0,0.0,0.0,0.0,0.0,0,45
2023-24,23,223,119,Yoane Wissa,FWD,Brentford,4,13,1,2024-02-05T20:00:00Z,0,0,0,0,0,0,0,0,0.0,0.0,0.0,0.0,0.0,0.0,0.0,0.0,0,56
2023-24,23,223,120,Yegor Yarmoliuk,MID,Brentford,4,13,1,2024-02-05T20:00:00Z,14,1,0,0,0,0,0,3,0.4,0.3,0.0,0.1,0.0,0.0,0.0,0.18,0,43
2023-24,23,223,121,Mathias Jorgensen,DEF,Brentford,4,13,1,2024-02-05T20:00:00Z,0,0,0,0,0,0,0,0,0.0,0.0,0.0,0.0,0.0,0.0,0.0,0.0,0,43
2023-24,23,224,122,Simon Adingra,MID,Brighton,5,8,1,2024-02-03T15:00:00Z,0,0,0,0,0,0,0,0,0.0,0.0,0.0,0.0,0.0,0.0,0.0,0.0,0,50
2023-24,23,224,123,Steven Alzate,MID,Brighton,5,8,1,2024-02-03T15:00:00Z,0,0,0,0,0,0,0,0,0.0,0.0,0.0,0.0,0.0,0.0,0.0,0.0,0,44
2023-24,23,224,124,Yasin Ayari,MID,Brighton,5,8,1,2024-02-03T15:00:00Z,0,0,0,0,0,0,0,0,0.0,0.0,0.0,0.0,0.0,0.0,0.0,0.0,0,45
2023-24,23,224,125,Facundo Buonanotte,MID,Brighton,5,8,1,2024-02-03T15:00:00Z,79,7,1,0,0,1,0,27,45.6,17.4,36.0,9.9,0.3,0.0,0.3,0.19,1,47
2023-24,23,226,126,Moisés Caicedo Corozo,MID,Chelsea,7,20,1,2024-02-04T14:00:00Z,62,4,0,1,0,2,0,17,20.8,27.8,0.0,4.9,0.0,0.24,0.24,0.66,1,45
2023-24,23,224,127,Aaron Connolly,FWD,Brighton,5,8,1,2024-02-03T15:00:00Z,0,0,0,0,0,0,0,0,0.0,0.0,0.0,0.0,0.0,0.0,0.0,0.0,0,45
2023-24,23,224,128,Mahmoud Dahoud,MID,Brighton,5,8,1,2024-02-03T15:00:00Z,0,0,0,0,0,0,0,0,0.0,0.0,0.0,0.0,0.0,0.0,0.0,0.0,0,48
2023-24,23,224,129,Lewis Dunk,DEF,Brighton,5,8,1,2024-02-03T15:00:00Z,90,9,1,0,0,1,1,32,57.4,21.3,33.0,11.2,0.33,0.02,0.35,0.32,1,50
2023-24,23,224,130,Julio Enciso,MID,Brighton,5,8,1,2024-02-03T15:00:00Z,0,0,0,0,0,0,0,0,0.0,0.0,0.0,0.0,0.0,0.0,0.0,0.0,0,50
2023-24,23,224,131,Pervis Estupiñán,DEF,Brighton,5,8,1,2024-02-03T15:00:00Z,10,1,0,0,0,0,0,4,4.2,14.8,0.0,1.9,0.0,0.01,0.01,0.13,0,51
2023-24,23,224,132,Evan Ferguson,FWD,Brighton,5,8,1,2024-02-03T15:00:00Z,68,2,0,0,1,0,0,4,0.4,7.5,17.0,2.5,0.02,0.02,0.04,0.14,1,58
2023-24,23,224,133,Billy Gilmour,MID,Brighton,5,8,1,2024-02-03T15:00:00Z,90,2,0,0,0,1,0,16,9.6,9.7,2.0,2.1,0.01,0.03,0.04,0.32,1,49
2023-24,23,224,134,Pascal Groß,MID,Brighton,5,8,1,2024-02-03T15:00:00Z,90,11,0,2,0,1,3,45,51.6,42.3,11.0,10.5,0.1,0.38,0.48,0.32,1,65
2023-24,23,224,135,João Pedro Junqueira de Jesus,FWD,Brighton,5,8,1,2024-02-03T15:00:00Z,87,8,1,0,0,1,2,38,45.2,20.2,28.0,9.3,0.66,0.07,0.73,0.28,1,55
2023-24,23,224,136,Michał Karbownik,DEF,Brighton,5,8,1,2024-02-03T15:00:00Z,0,0,0,0,0,0,0,0,0.0,0.0,0.0,0.0,0.0,0.0,0.0,0.0,0,40
2023-24,23,224,137,Kacper Kozłowski,MID,Brighton,5,8,1,2024-02-03T15:00:00Z,0,0,0,0,0,0,0,0,0.0,0.0,0.0,0.0,0.0,0.0,0.0,0.0,0,45
2023-24,23,224,138,Adam Lallana,MID,Brighton,5,8,1,2024-02-03T15:00:00Z,2,1,0,0,0,0,0,2,0.0,0.5,0.0,0.0,0.0,0.0,0.0,0.03,0,49
2023-24,23,224,139,Tariq Lamptey,DEF,Brighton,5,8,1,2024-02-03T15:00:00Z,79,5,0,1,0,1,0,22,25.2,28.9,9.0,6.3,0.06,0.18,0.24,0.19,1,39
2023-24,23,224,140,Solly March,MID,Brighton,5,8,1,2024-02-03T15:00:00Z,0,0,0,0,0,0,0,0,0.0,0.0,0.0,0.0,0.0,0.0,0.0,0.0,0,61
2023-24,23,224,141,Tom McGill,GK,Brighton,5,8,1,2024-02-03T15:00:00Z,0,0,0,0,0,0,0,0,0.0,0.0,0.0,0.0,0.0,0.0,0.0,0.0,0,39
2023-24,23,224,142,James Milner,MID,Brighton,5,8,1,2024-02-03T15:00:00Z,0,0,0,0,0,0,0,0,0.0,0.0,0.0,0.0,0.0,0.0,0.0,0.0,0,48
2023-24,23,224,143,Kaoru Mitoma,MID,Brighton,5,8,1,2024-02-03T15:00:00Z,0,0,0,0,0,0,0,0,0.0,0.0,0.0,0.0,0.0,0.0,0.0,0.0,0,64
2023-24,23,224,144,Jakub Moder,MID,Brighton,5,8,1,2024-02-03T15:00:00Z,0,0,0,0,0,0,0,0,0.0,0.0,0.0,0.0,0.0,0.0,0.0,0.0,0,44
2023-24,23,226,145,Robert Sánchez,GK,Chelsea,7,20,1,2024-02-04T14:00:00Z,0,0,0,0,0,0,0,0,0.0,0.0,0.0,0.0,0.0,0.0,0.0,0.0,0,45
2023-24,23,224,146,Jeremy Sarmiento Morante,MID,Brighton,5,8,1,2024-02-03T15:00:00Z,0,0,0,0,0,0,0,0,0.0,0.0,0.0,0.0,0.0,0.0,0.0,0.0,0,45
2023-24,23,224,147,Kjell Scherpen,GK,Brighton,5,8,1,2024-02-03T15:00:00Z,0,0,0,0,0,0,0,0,0.0,0.0,0.0,0.0,0.0,0.0,0.0,0.0,0,40
2023-24,23,224,148,Jason Steele,GK,Brighton,5,8,1,2024-02-03T15:00:00Z,0,0,0,0,0,0,0,0,0.0,0.0,0.0,0.0,0.0,0.0,0.0,0.0,0,42
2023-24,23,224,149,Deniz Undav,FWD,Brighton,5,8,1,2024-02-03T15:00:00Z,0,0,0,0,0,0,0,0,0.0,0.0,0.0,0.0,0.0,0.0,0.0,0.0,0,55
2023-24,23,224,150,Jan Paul van Hecke,DEF,Brighton,5,8,1,2024-02-03T15:00:00Z,90,2,0,0,0,1,0,13,19.4,2.8,0.0,2.2,0.0,0.02,0.02,0.32,1,40
2023-24,23,224,151,Joël Veltman,DEF,Brighton,5,8,1,2024-02-03T15:00:00Z,0,0,0,0,0,0,0,0,0.0,0.0,0.0,0.0,0.0,0.0,0.0,0.0,0,43
2023-24,23,224,152,Bart Verbruggen,GK,Brighton,5,8,1,2024-02-03T15:00:00Z,90,3,0,0,0,1,0,23,30.0,0.0,0.0,3.0,0.0,0.0,0.0,0.32,1,44
2023-24,23,224,153,Adam Webster,DEF,Brighton,5,8,1,2024-02-03T15:00:00Z,0,0,0,0,0,0,0,0,0.0,0.0,0.0,0.0,0.0,0.0,0.0,0.0,0,42
2023-24,23,224,154,Danny Welbeck,FWD,Brighton,5,8,1,2024-02-03T15:00:00Z,21,3,0,1,0,1,0,12,20.6,15.5,0.0,3.6,0.0,0.43,0.43,0.18,0,57
2023-24,23,224,155,Andi Zeqiri,FWD,Brighton,5,8,1,2024-02-03T15:00:00Z,0,0,0,0,0,0,0,0,0.0,0.0,0.0,0.0,0.0,0.0,0.0,0.0,0,44
2023-24,23,225,156,Enock Agyei,MID,Burnley,6,10,1,2024-02-03T15:00:00Z,0,0,0,0,0,0,0,0,0.0,0.0,0.0,0.0,0.0,0.0,0.0,0.0,0,42
2023-24,23,225,157,Ameen Al-Dakhil,DEF,Burnley,6,10,1,2024-02-03T15:00:00Z,0,0,0,0,0,0,0,0,0.0,0.0,0.0,0.0,0.0,0.0,0.0,0.0,0,38
2023-24,23,225,158,Samuel Bastien,MID,Burnley,6,10,1,2024-02-03T15:00:00Z,0,0,0,0,0,0,0,0,0.0,0.0,0.0,0.0,0.0,0.0,0.0,0.0,0,49
2023-24,23,225,159,Manuel Benson Hedilazio,MID,Burnley,6,10,1,2024-02-03T15:00:00Z,0,0,0,0,0,0,0,0,0.0,0.0,0.0,0.0,0.0,0.0,0.0,0.0,0,52
2023-24,23,225,160,Jordan Beyer,DEF,Burnley,6,10,1,2024-02-03T15:00:00Z,0,0,0,0,0,0,0,0,0.0,0.0,0.0,0.0,0.0,0.0,0.0,0.0,0,40
2023-24,23,225,161,Josh Brownhill,MID,Burnley,6,10,1,2024-02-03T15:00:00Z,90,2,0,0,0,2,0,14,10.6,54.0,10.0,7.5,0.25,0.09,0.34,1.28,1,47
2023-24,23,225,162,Darko Churlinov,MID,Burnley,6,10,1,2024-02-03T15:00:00Z,0,0,0,0,0,0,0,0,0.0,0.0,0.0,0.0,0.0,0.0,0.0,0.0,0,44
2023-24,23,225,163,Jack Cork,MID,Burnley,6,10,1,2024-02-03T15:00:00Z,0,0,0,0,0,0,0,0,0.0,0.0,0.0,0.0,0.0,0.0,0.0,0.0,0,48
2023-24,23,225,164,Dara Costelloe,MID,Burnley,6,10,1,2024-02-03T15:00:00Z,0,0,0,0,0,0,0,0,0.0,0.0,0.0,0.0,0.0,0.0,0.0,0.0,0,45
2023-24,23,225,165,Josh Cullen,MID,Burnley,6,10,1,2024-02-03T15:00:00Z,0,0,0,0,0,0,0,0,0.0,0.0,0.0,0.0,0.0,0.0,0.0,0.0,0,50
2023-24,23,225,166,CJ Egan-Riley,DEF,Burnley,6,10,1,2024-02-03T15:00:00Z,0,0,0,0,0,0,0,0,0.0,0.0,0.0,0.0,0.0,0.0,0.0,0.0,0,39
2023-24,23,225,167,Hjalmar Ekdal,DEF,Burnley,6,10,1,2024-02-03T15:00:00Z,45,0,0,0,0,2,0,4,4.0,0.2,0.0,0.4,0.0,0.0,0.0,0.61,1,39
2023-24,23,225,168,Lyle Foster,FWD,Burnley,6,10,1,2024-02-03T15:00:00Z,90,2,0,0,0,2,0,11,12.8,1.8,9.0,2.4,0.01,0.02,0.03,1.28,1,47
2023-24,23,225,169,Denis Franchi,GK,Burnley,6,10,1,2024-02-03T15:00:00Z,0,0,0,0,0,0,0,0,0.0,0.0,0.0,0.0,0.0,0.0,0.0,0.0,0,39
2023-24,23,225,170,Jóhann Berg Gudmundsson,MID,Burnley,6,10,1,2024-02-03T15:00:00Z,27,1,0,0,0,0,0,4,0.4,5.2,0.0,0.6,0.0,0.0,0.0,0.44,0,48
2023-24,23,225,171,Luke McNally,DEF,Burnley,6,10,1,2024-02-03T15:00:00Z,0,0,0,0,0,0,0,0,0.0,0.0,0.0,0.0,0.0,0.0,0.0,0.0,0,40
2023-24,23,225,172,Arijanet Muric,GK,Burnley,6,10,1,2024-02-03T15:00:00Z,0,0,0,0,0,0,0,0,0.0,0.0,0.0,0.0,0.0,0.0,0.0,0.0,0,43
2023-24,23,225,173,Dara O'Shea,DEF,Burnley,6,10,1,2024-02-03T15:00:00Z,90,1,0,0,0,2,0,16,23.6,0.8,0.0,2.4,0.0,0.0,0.0,1.28,1,44
2023-24,23,225,174,Michael Obafemi,FWD,Burnley,6,10,1,2024-02-03T15:00:00Z,0,0,0,0,0,0,0,0,0.0,0.0,0.0,0.0,0.0,0.0,0.0,0.0,0,49
2023-24,23,225,175,Bailey Peacock-Farrell,GK,Burnley,6,10,1,2024-02-03T15:00:00Z,0,0,0,0,0,0,0,0,0.0,0.0,0.0,0.0,0.0,0.0,0.0,0.0,0,40
2023-24,23,225,176,Connor Roberts,DEF,Burnley,6,10,1,2024-02-03T15:00:00Z,0,0,0,0,0,0,0,0,0.0,0.0,0.0,0.0,0.0,0.0,0.0,0.0,0,43
2023-24,23,225,177,Jay Rodriguez,FWD,Burnley,6,10,1,2024-02-03T15:00:00Z,0,0,0,0,0,0,0,0,0.0,0.0,0.0,0.0,0.0,0.0,0.0,0.0,0,53
2023-24,23,225,178,Charlie Taylor,DEF,Burnley,6,10,1,2024-02-03T15:00:00Z,0,0,0,0,0,0,0,0,0.0,0.0,0.0,0.0,0.0,0.0,0.0,0.0,0,40
2023-24,23,225,179,Bobby Thomas,DEF,Burnley,6,10,1,2024-02-03T15:00:00Z,0,0,0,0,0,0,0,0,0.0,0.0,0.0,0.0,0.0,0.0,0.0,0.0,0,40
2023-24,23,225,180,Scott Twine,MID,Burnley,6,10,1,2024-02-03T15:00:00Z,0,0,0,0,0,0,0,0,0.0,0.0,0.0,0.0,0.0,0.0,0.0,0.0,0,49
2023-24,23,225,181,Lawrence Vigouroux,GK,Burnley,6,10,1,2024-02-03T15:00:00Z,0,0,0,0,0,0,0,0,0.0,0.0,0.0,0.0,0.0,0.0,0.0,0.0,0,39
2023-24,23,225,182,Victor da Silva,DEF,Burnley,6,10,1,2024-02-03T15:00:00Z,86,1,0,0,0,2,0,11,9.0,22.5,5.0,3.7,0.03,0.01,0.04,1.28,1,44
2023-24,23,225,183,Wout Weghorst,FWD,Burnley,6,10,1,2024-02-03T15:00:00Z,0,0,0,0,0,0,0,0,0.0,0.0,0.0,0.0,0.0,0.0,0.0,0.0,0,55
2023-24,23,225,184,Anass Zaroury,MID,Burnley,6,10,1,2024-02-03T15:00:00Z,0,0,0,0,0,0,0,0,0.0,0.0,0.0,0.0,0.0,0.0,0.0,0.0,0,46
2023-24,23,226,185,Ethan Ampadu,DEF,Chelsea,7,20,1,2024-02-04T14:00:00Z,0,0,0,0,0,0,0,0,0.0,0.0,0.0,0.0,0.0,0.0,0.0,0.0,0,40
2023-24,23,226,186,Andrey Nascimento dos Santos,MID,Chelsea,7,20,1,2024-02-04T14:00:00Z,0,0,0,0,0,0,0,0,0.0,0.0,0.0,0.0,0.0,0.0,0.0,0.0,0,43
2023-24,23,226,187,Kepa Arrizabalaga,GK,Chelsea,7,20,1,2024-02-04T14:00:00Z,0,0,0,0,0,0,0,0,0.0,0.0,0.0,0.0,0.0,0.0,0.0,0.0,0,50
2023-24,23,226,188,Pierre-Emerick Aubameyang,FWD,Chelsea,7,20,1,2024-02-04T14:00:00Z,0,0,0,0,0,0,0,0,0.0,0.0,0.0,0.0,0.0,0.0,0.0,0.0,0,65
2023-24,23,226,189,César Azpilicueta,DEF,Chelsea,7,20,1,2024-02-04T14:00:00Z,0,0,0,0,0,0,0,0,0.0,0.0,0.0,0.0,0.0,0.0,0.0,0.0,0,45
2023-24,23,226,190,Abdul Rahman Baba,DEF,Chelsea,7,20,1,2024-02-04T14:00:00Z,0,0,0,0,0,0,0,0,0.0,0.0,0.0,0.0,0.0,0.0,0.0,0.0,0,40
2023-24,23,226,191,Benoît Badiashile,DEF,Chelsea,7,20,1,2024-02-04T14:00:00Z,9,1,0,0,0,1,0,2,0.8,2.2,0.0,0.3,0.0,0.01,0.01,1.01,0,44
2023-24,23,226,192,Marcus Bettinelli,GK,Chelsea,7,20,1,2024-02-04T14:00:00Z,0,0,0,0,0,0,0,0,0.0,0.0,0.0,0.0,0.0,0.0,0.0,0.0,0,40
2023-24,23,225,193,Armando Broja,FWD,Fulham,10,6,0,2024-02-03T15:00:00Z,16,1,0,0,0,1,0,2,0.0,0.5,0.0,0.0,0.0,0.0,0.0,0.16,0,49
2023-24,23,226,194,Trevoh Chalobah,DEF,Chelsea,7,20,1,2024-02-04T14:00:00Z,0,0,0,0,0,0,0,0,0.0,0.0,0.0,0.0,0.0,0.0,0.0,0.0,0,43
2023-24,23,226,195,Ben Chilwell,DEF,Chelsea,7,20,1,2024-02-04T14:00:00Z,80,0,0,0,0,3,0,22,26.0,39.1,4.0,6.9,0.0,0.24,0.24,0.93,1,54
2023-24,23,226,196,Carney Chukwuemeka,MID,Chelsea,7,20,1,2024-02-04T14:00:00Z,18,1,0,0,0,1,0,3,3.4,3.3,7.0,1.4,0.02,0.03,0.05,1.01,0,42
2023-24,23,226,197,Levi Colwill,DEF,Chelsea,7,20,1,2024-02-04T14:00:00Z,0,0,0,0,0,0,0,0,0.0,0.0,0.0,0.0,0.0,0.0,0.0,0.0,0,47
2023-24,23,226,198,Marc Cucurella Saseta,DEF,Chelsea,7,20,1,2024-02-04T14:00:00Z,0,0,0,0,0,0,0,0,0.0,0.0,0.0,0.0,0.0,0.0,0.0,0.0,0,48
2023-24,23,226,199,Enzo Fernández,MID,Chelsea,7,20,1,2024-02-04T14:00:00Z,90,2,0,0,0,4,0,14,22.4,29.2,3.0,5.5,0.02,0.27,0.29,1.93,1,48
2023-24,23,225,200,David Datro Fofana,FWD,Burnley,6,10,1,2024-02-03T15:00:00Z,27,11,2,0,0,0,3,48,71.0,10.0,40.0,12.1,1.05,0.0,1.05,0.44,0,50
2023-24,23,226,201,Wesley Fofana,DEF,Chelsea,7,20,1,2024-02-04T14:00:00Z,0,0,0,0,0,0,0,0,0.0,0.0,0.0,0.0,0.0,0.0,0.0,0.0,0,44
2023-24,23,226,202,Conor Gallagher,MID,Chelsea,7,20,1,2024-02-04T14:00:00Z,90,2,0,0,0,4,0,6,6.2,16.7,10.0,3.3,0.18,0.06,0.24,1.93,1,54
2023-24,23,226,203,Malo Gusto,DEF,Chelsea,7,20,1,2024-02-04T14:00:00Z,80,0,0,0,0,3,0,5,0.0,20.5,6.0,2.5,0.0,0.19,0.19,0.93,1,42
2023-24,23,229,204,Lewis Hall,DEF,Newcastle,15,12,1,2024-02-03T15:00:00Z,0,0,0,0,0,0,0,0,0.0,0.0,0.0,0.0,0.0,0.0,0.0,0.0,0,43
2023-24,23,222,205,Callum Hudson-Odoi,MID,Nott'm Forest,16,3,0,2024-02-04T14:00:00Z,89,10,1,0,0,1,3,26,43.8,12.5,11.0,6.7,0.03,0.01,0.04,0.96,1,47
2023-24,23,226,206,Reece James,DEF,Chelsea,7,20,1,2024-02-04T14:00:00Z,0,0,0,0,0,0,0,0,0.0,0.0,0.0,0.0,0.0,0.0,0.0,0.0,0,53
2023-24,23,226,207,Romelu Lukaku Bolingoli,FWD,Chelsea,7,20,1,2024-02-04T14:00:00Z,0,0,0,0,0,0,0,0,0.0,0.0,0.0,0.0,0.0,0.0,0.0,0.0,0,68
2023-24,23,226,208,Noni Madueke,MID,Chelsea,7,20,1,2024-02-04T14:00:00Z,0,0,0,0,0,0,0,0,0.0,0.0,0.0,0.0,0.0,0.0,0.0,0.0,0,53
2023-24,23,228,209,Mason Mount,MID,Man Utd,14,19,1,2024-02-04T14:00:00Z,0,0,0,0,0,0,0,0,0.0,0.0,0.0,0.0,0.0,0.0,0.0,0.0,0,68
2023-24,23,226,210,Mykhailo Mudryk,MID,Chelsea,7,20,1,2024-02-04T14:00:00Z,18,4,0,1,0,1,0,14,20.0,16.8,4.0,4.1,0.0,0.04,0.04,1.01,0,63
2023-24,23,226,211,Nicolas Jackson,FWD,Chelsea,7,20,1,2024-02-04T14:00:00Z,27,1,0,0,0,2,0,-2,0.0,1.4,6.0,0.6,0.21,0.0,0.21,1.27,0,68
2023-24,23,226,212,Christopher Nkunku,FWD,Chelsea,7,20,1,2024-02-04T14:00:00Z,71,2,0,0,0,3,0,3,6.4,15.6,45.0,6.7,0.62,0.01,0.63,0.93,1,74
2023-24,23,226,213,Christian Pulisic,MID,Chelsea,7,20,1,2024-02-04T14:00:00Z,0,0,0,0,0,0,0,0,0.0,0.0,0.0,0.0,0.0,0.0,0.0,0.0,0,55
2023-24,23,226,214,Malang Sarr,DEF,Chelsea,7,20,1,2024-02-04T14:00:00Z,0,0,0,0,0,0,0,0,0.0,0.0,0.0,0.0,0.0,0.0,0.0,0.0,0,43
2023-24,23,226,215,Gabriel Słonina,GK,Chelsea,7,20,1,2024-02-04T14:00:00Z,0,0,0,0,0,0,0,0,0.0,0.0,0.0,0.0,0.0,0.0,0.0,0.0,0,40
2023-24,23,226,216,Raheem Sterling,MID,Chelsea,7,20,1,2024-02-04T14:00:00Z,71,2,0,0,0,3,0,-4,0.0,3.5,14.0,1.4,0.21,0.05,0.26,0.93,1,71
2023-24,23,226,217,Thiago Emiliano da Silva,DEF,Chelsea,7,20,1,2024-02-04T14:00:00Z,90,8,1,0,0,4,2,27,56.0,2.8,37.0,9.6,0.09,0.02,0.11,1.93,1,50
2023-24,23,226,218,Hakim Ziyech,MID,Chelsea,7,20,1,2024-02-04T14:00:00Z,0,0,0,0,0,0,0,0,0.0,0.0,0.0,0.0,0.0,0.0,0.0,0.0,0,54
2023-24,23,224,219,Naouirou Ahamada,MID,Crystal Palace,8,5,0,2024-02-03T15:00:00Z,10,1,0,0,0,1,0,2,0.2,0.3,0.0,0.1,0.0,0.0,0.0,0.6,0,43
2023-24,23,224,220,Joachim Andersen,DEF,Crystal Palace,8,5,0,2024-02-03T15:00:00Z,90,3,0,1,0,4,0,22,27.0,14.8,0.0,4.2,0.0,0.07,0.07,1.53,1,48
2023-24,23,224,221,Jordan Ayew,MID,Crystal Palace,8,5,0,2024-02-03T15:00:00Z,90,2,0,0,0,4,0,6,8.8,2.8,9.0,2.1,0.02,0.01,0.03,1.53,1,54
2023-24,23,224,222,Nathaniel Clyne,DEF,Crystal Palace,8,5,0,2024-02-03T15:00:00Z,0,0,0,0,0,0,0,0,0.0,0.0,0.0,0.0,0.0,0.0,0.0,0.0,0,44
2023-24,23,224,223,Cheick Doucouré,MID,Crystal Palace,8,5,0,2024-02-03T15:00:00Z,0,0,0,0,0,0,0,0,0.0,0.0,0.0,0.0,0.0,0.0,0.0,0.0,0,49
2023-24,23,224,224,Malcolm Ebiowei,MID,Crystal Palace,8,5,0,2024-02-03T15:00:00Z,0,0,0,0,0,0,0,0,0.0,0.0,0.0,0.0,0.0,0.0,0.0,0.0,0,44
2023-24,23,224,225,Odsonne Edouard,FWD,Crystal Palace,8,5,0,2024-02-03T15:00:00Z,10,1,0,0,0,1,0,3,2.0,10.1,2.0,1.4,0.0,0.0,0.0,0.6,0,54
2023-24,23,224,226,Eberechi Eze,MID,Crystal Palace,8,5,0,2024-02-03T15:00:00Z,0,0,0,0,0,0,0,0,0.0,0.0,0.0,0.0,0.0,0.0,0.0,0.0,0,60
2023-24,23,224,227,Vicente Guaita,GK,Crystal Palace,8,5,0,2024-02-03T15:00:00Z,0,0,0,0,0,0,0,0,0.0,0.0,0.0,0.0,0.0,0.0,0.0,0.0,0,44
2023-24,23,224,228,Marc Guéhi,DEF,Crystal Palace,8,5,0,2024-02-03T15:00:00Z,27,0,0,0,0,1,0,2,1.6,3.2,0.0,0.5,0.0,0.0,0.0,0.35,1,44
2023-24,23,224,229,Will Hughes,MID,Crystal Palace,8,5,0,2024-02-03T15:00:00Z,79,2,0,0,0,3,0,7,4.4,2.2,0.0,0.7,0.0,0.0,0.0,0.93,1,49
2023-24,23,224,230,Sam Johnstone,GK,Crystal Palace,8,5,0,2024-02-03T15:00:00Z,0,0,0,0,0,0,0,0,0.0,0.0,0.0,0.0,0.0,0.0,0.0,0.0,0,45
2023-24,23,224,231,Jefferson Lerma Solís,MID,Crystal Palace,8,5,0,2024-02-03T15:00:00Z,90,2,0,0,0,4,0,12,14.4,22.5,4.0,4.1,0.06,0.02,0.08,1.53,1,47
2023-24,23,224,232,Jean-Philippe Mateta,FWD,Crystal Palace,8,5,0,2024-02-03T15:00:00Z,79,6,1,0,0,3,0,31,35.0,1.5,17.0,5.4,0.05,0.0,0.05,0.93,1,49
2023-24,23,224,233,Remi Matthews,GK,Crystal Palace,8,5,0,2024-02-03T15:00:00Z,0,0,0,0,0,0,0,0,0.0,0.0,0.0,0.0,0.0,0.0,0.0,0.0,0,39
2023-24,23,224,234,Tyrick Mitchell,DEF,Crystal Palace,8,5,0,2024-02-03T15:00:00Z,90,0,0,0,0,4,0,6,12.6,5.1,0.0,1.8,0.0,0.01,0.01,1.53,1,46
2023-24,23,224,235,Jake O'Brien,DEF,Crystal Palace,8,5,0,2024-02-03T15:00:00Z,0,0,0,0,0,0,0,0,0.0,0.0,0.0,0.0,0.0,0.0,0.0,0.0,0,40
2023-24,23,224,236,Michael Olise,MID,Crystal Palace,8,5,0,2024-02-03T15:00:00Z,10,1,0,0,0,0,0,1,0.0,0.0,0.0,0.0,0.0,0.0,0.0,0.02,0,59
2023-24,23,224,237,Luke Plange,FWD,Crystal Palace,8,5,0,2024-02-03T15:00:00Z,0,0,0,0,0,0,0,0,0.0,0.0,0.0,0.0,0.0,0.0,0.0,0.0,0,45
2023-24,23,224,238,Chris Richards,DEF,Crystal Palace,8,5,0,2024-02-03T15:00:00Z,90,0,0,0,0,4,0,12,10.0,0.8,0.0,1.1,0.0,0.0,0.0,1.53,1,39
2023-24,23,224,239,Jairo Riedewald,MID,Crystal Palace,8,5,0,2024-02-03T15:00:00Z,0,0,0,0,0,0,0,0,0.0,0.0,0.0,0.0,0.0,0.0,0.0,0.0,0,43
2023-24,23,224,240,Jeffrey Schlupp,MID,Crystal Palace,8,5,0,2024-02-03T15:00:00Z,45,1,0,0,0,3,0,1,7.2,0.8,24.0,3.2,0.08,0.0,0.08,0.88,1,49
2023-24,23,224,241,James Tomkins,DEF,Crystal Palace,8,5,0,2024-02-03T15:00:00Z,0,0,0,0,0,0,0,0,0.0,0.0,0.0,0.0,0.0,0.0,0.0,0.0,0,40
2023-24,23,224,242,Joel Ward,DEF,Crystal Palace,8,5,0,2024-02-03T15:00:00Z,0,0,0,0,0,0,0,0,0.0,0.0,0.0,0.0,0.0,0.0,0.0,0.0,0,45
2023-24,23,224,243,Joe Whitworth,GK,Crystal Palace,8,5,0,2024-02-03T15:00:00Z,0,0,0,0,0,0,0,0,0.0,0.0,0.0,0.0,0.0,0.0,0.0,0.0,0,39
2023-24,23,227,244,André Tavares Gomes,MID,Everton,9,18,1,2024-02-03T12:30:00Z,0,0,0,0,0,0,0,0,0.0,0.0,0.0,0.0,0.0,0.0,0.0,0.0,0,44
2023-24,23,227,245,Jarrad Branthwaite,DEF,Everton,9,18,1,2024-02-03T12:30:00Z,90,8,1,0,0,2,1,23,37.4,1.1,37.0,7.6,0.86,0.03,0.89,0.98,1,41
2023-24,23,227,246,Dominic Calvert-Lewin,FWD,Everton,9,18,1,2024-02-03T12:30:00Z,84,5,0,1,0,2,0,10,14.4,11.6,31.0,5.7,0.9,0.01,0.91,0.98,1,58
2023-24,23,227,247,Seamus Coleman,DEF,Everton,9,18,1,2024-02-03T12:30:00Z,15,1,0,0,0,0,0,4,2.4,0.0,0.0,0.2,0.0,0.0,0.0,0.0,0,44
2023-24,23,227,248,Dele Alli,MID,Everton,9,18,1,2024-02-03T12:30:00Z,0,0,0,0,0,0,0,0,0.0,0.0,0.0,0.0,0.0,0.0,0.0,0.0,0,48
2023-24,23,227,249,Abdoulaye Doucouré,MID,Everton,9,18,1,2024-02-03T12:30:00Z,0,0,0,0,0,0,0,0,0.0,0.0,0.0,0.0,0.0,0.0,0.0,0.0,0,55
2023-24,23,227,250,James Garner,MID,Everton,9,18,1,2024-02-03T12:30:00Z,90,1,0,0,0,2,0,11,16.2,28.4,0.0,4.5,0.0,0.16,0.16,0.98,1,49
2023-24,23,227,251,Jean-Philippe Gbamin,MID,Everton,9,18,1,2024-02-03T12:30:00Z,0,0,0,0,0,0,0,0,0.0,0.0,0.0,0.0,0.0,0.0,0.0,0.0,0,44
2023-24,23,227,252,Ben Godfrey,DEF,Everton,9,18,1,2024-02-03T12:30:00Z,74,0,0,0,0,2,0,4,15.8,1.3,38.0,5.5,0.17,0.01,0.18,0.98,1,43
2023-24,23,227,253,Demarai Gray,MID,Everton,9,18,1,2024-02-03T12:30:00Z,0,0,0,0,0,0,0,0,0.0,0.0,0.0,0.0,0.0,0.0,0.0,0.0,0,53
2023-24,23,227,254,Idrissa Gueye,MID,Everton,9,18,1,2024-02-03T12:30:00Z,90,2,0,0,0,2,0,19,20.2,6.4,4.0,3.1,0.06,0.01,0.07,0.98,1,48
2023-24,23,230,255,Mason Holgate,DEF,Sheffield Utd,17,2,1,2024-02-03T17:30:00Z,90,0,0,0,0,5,0,6,10.4,0.8,12.0,2.3,0.34,0.01,0.35,2.27,1,40
2023-24,23,225,256,Alex Iwobi,MID,Fulham,10,6,0,2024-02-03T15:00:00Z,0,0,0,0,0,0,0,0,0.0,0.0,0.0,0.0,0.0,0.0,0.0,0.0,0,53
2023-24,23,227,257,Michael Keane,DEF,Everton,9,18,1,2024-02-03T12:30:00Z,0,0,0,0,0,0,0,0,0.0,0.0,0.0,0.0,0.0,0.0,0.0,0.0,0,43
2023-24,23,223,258,Neal Maupay,FWD,Brentford,4,13,1,2024-02-05T20:00:00Z,90,6,1,0,0,3,1,28,33.0,12.8,30.0,7.6,0.28,0.07,0.35,2.15,1,49
2023-24,23,227,259,Dwight McNeil,MID,Everton,9,18,1,2024-02-03T12:30:00Z,84,2,0,0,0,2,0,12,11.8,33.7,1.0,4.7,0.03,0.06,0.09,0.98,1,54
2023-24,23,227,260,Vitalii Mykolenko,DEF,Everton,9,18,1,2024-02-03T12:30:00Z,90,1,0,0,0,2,0,8,19.8,6.5,2.0,2.8,0.0,0.01,0.01,0.98,1,46
2023-24,23,227,261,Amadou Onana,MID,Everton,9,18,1,2024-02-03T12:30:00Z,0,0,0,0,0,0,0,0,0.0,0.0,0.0,0.0,0.0,0.0,0.0,0.0,0,47
2023-24,23,227,262,Nathan Patterson,DEF,Everton,9,18,1,2024-02-03T12:30:00Z,0,0,0,0,0,0,0,0,0.0,0.0,0.0,0.0,0.0,0.0,0.0,0.0,0,44
2023-24,23,227,263,Jordan Pickford,GK,Everton,9,18,1,2024-02-03T12:30:00Z,90,2,0,0,0,2,0,15,25.8,0.0,0.0,2.6,0.0,0.02,0.02,0.98,1,45
2023-24,23,227,264,Ellis Simms,FWD,Everton,9,18,1,2024-02-03T12:30:00Z,0,0,0,0,0,0,0,0,0.0,0.0,0.0,0.0,0.0,0.0,0.0,0.0,0,45
2023-24,23,227,265,James Tarkowski,DEF,Everton,9,18,1,2024-02-03T12:30:00Z,90,1,0,0,0,2,0,16,16.6,21.7,4.0,4.2,0.0,0.38,0.38,0.98,1,46
2023-24,23,227,266,João Neves Virgínia,GK,Everton,9,18,1,2024-02-03T12:30:00Z,0,0,0,0,0,0,0,0,0.0,0.0,0.0,0.0,0.0,0.0,0.0,0.0,0,39
2023-24,23,225,267,Andreas Hoelgebaum Pereira,MID,Fulham,10,6,0,2024-02-03T15:00:00Z,84,4,0,1,0,1,0,19,32.4,82.3,19.0,13.4,0.08,0.46,0.54,1.52,1,53
2023-24,23,225,268,Tom Cairney,MID,Fulham,10,6,0,2024-02-03T15:00:00Z,16,1,0,0,0,1,0,4,2.0,4.1,0.0,0.6,0.0,0.02,0.02,0.16,0,49
2023-24,23,225,269,Ivan Neves Abreu Cavaleiro,MID,Fulham,10,6,0,2024-02-03T15:00:00Z,0,0,0,0,0,0,0,0,0.0,0.0,0.0,0.0,0.0,0.0,0.0,0.0,0,50
2023-24,23,225,270,Bobby De Cordova-Reid,MID,Fulham,10,6,0,2024-02-03T15:00:00Z,73,2,0,0,0,1,0,7,6.6,20.1,2.0,2.9,0.0,0.04,0.04,1.52,1,53
2023-24,23,225,271,Issa Diop,DEF,Fulham,10,6,0,2024-02-03T15:00:00Z,0,0,0,0,0,0,0,0,0.0,0.0,0.0,0.0,0.0,0.0,0.0,0.0,0,44
2023-24,23,225,272,Tyrese Francois,MID,Fulham,10,6,0,2024-02-03T15:00:00Z,0,0,0,0,0,0,0,0,0.0,0.0,0.0,0.0,0.0,0.0,0.0,0.0,0,44
2023-24,23,225,273,Anthony Knockaert,MID,Fulham,10,6,0,2024-02-03T15:00:00Z,0,0,0,0,0,0,0,0,0.0,0.0,0.0,0.0,0.0,0.0,0.0,0.0,0,44
2023-24,23,225,274,Terence Kongolo,DEF,Fulham,10,6,0,2024-02-03T15:00:00Z,0,0,0,0,0,0,0,0,0.0,0.0,0.0,0.0,0.0,0.0,0.0,0.0,0,40
2023-24,23,225,275,Bernd Leno,GK,Fulham,10,6,0,2024-02-03T15:00:00Z,90,1,0,0,0,2,0,11,11.4,0.0,0.0,1.1,0.0,0.0,0.0,1.68,1,48
2023-24,23,225,276,Saša Lukić,MID,Fulham,10,6,0,2024-02-03T15:00:00Z,0,0,0,0,0,0,0,0,0.0,0.0,0.0,0.0,0.0,0.0,0.0,0.0,0,43
2023-24,23,225,277,Kevin Mbabu,DEF,Fulham,10,6,0,2024-02-03T15:00:00Z,0,0,0,0,0,0,0,0,0.0,0.0,0.0,0.0,0.0,0.0,0.0,0.0,0,40
2023-24,23,225,278,Aleksandar Mitrović,FWD,Fulham,10,6,0,2024-02-03T15:00:00Z,0,0,0,0,0,0,0,0,0.0,0.0,0.0,0.0,0.0,0.0,0.0,0.0,0,74
2023-24,23,225,279,Rodrigo Muniz Carvalho,FWD,Fulham,10,6,0,2024-02-03T15:00:00Z,73,8,1,0,0,1,2,31,41.0,12.3,33.0,8.6,0.14,0.08,0.22,1.52,1,44
2023-24,23,225,280,João Palhinha Gonçalves,MID,Fulham,10,6,0,2024-02-03T15:00:00Z,90,8,1,0,0,2,1,28,47.2,12.5,37.0,9.7,0.25,0.01,0.26,1.68,1,50
2023-24,23,225,281,Tim Ream,DEF,Fulham,10,6,0,2024-02-03T15:00:00Z,90,1,0,0,0,2,0,14,15.0,0.8,0.0,1.6,0.0,0.01,0.01,1.68,1,45
2023-24,23,225,282,Harrison Reed,MID,Fulham,10,6,0,2024-02-03T15:00:00Z,90,1,0,0,0,2,0,1,14.0,3.4,5.0,2.2,0.02,0.01,0.03,1.68,1,45
2023-24,23,225,283,Antonee Robinson,DEF,Fulham,10,6,0,2024-02-03T15:00:00Z,90,5,0,1,0,2,1,28,34.4,25.0,8.0,6.7,0.0,0.13,0.13,1.68,1,44
2023-24,23,225,284,Marek Rodák,GK,Fulham,10,6,0,2024-02-03T15:00:00Z,0,0,0,0,0,0,0,0,0.0,0.0,0.0,0.0,0.0,0.0,0.0,0.0,0,39
2023-24,23,225,285,Kenny Tete,DEF,Fulham,10,6,0,2024-02-03T15:00:00Z,5,1,0,0,0,1,0,3,2.2,0.1,0.0,0.2,0.0,0.0,0.0,0.16,0,44
2023-24,23,225,286,Tosin Adarabioyo,DEF,Fulham,10,6,0,2024-02-03T15:00:00Z,90,1,0,0,0,2,0,11,17.0,3.9,25.0,4.6,0.18,0.02,0.2,1.68,1,43
2023-24,23,225,287,Carlos Vinícius Alves Morais,FWD,Fulham,10,6,0,2024-02-03T15:00:00Z,0,0,0,0,0,0,0,0,0.0,0.0,0.0,0.0,0.0,0.0,0.0,0.0,0,46
2023-24,23,225,288,Harry Wilson,MID,Fulham,10,6,0,2024-02-03T15:00:00Z,0,0,0,0,0,0,0,0,0.0,0.0,0.0,0.0,0.0,0.0,0.0,0.0,0,53
2023-24,23,221,289,Adrián San Miguel del Castillo,GK,Liverpool,11,1,0,2024-02-04T16:30:00Z,0,0,0,0,0,0,0,0,0.0,0.0,0.0,0.0,0.0,0.0,0.0,0.0,0,39
2023-24,23,221,290,Trent Alexander-Arnold,DEF,Liverpool,11,1,0,2024-02-04T16:30:00Z,57,1,0,0,0,1,0,4,6.2,19.3,0.0,2.6,0.0,0.06,0.06,2.1,1,85
2023-24,23,221,291,Alisson Ramses Becker,GK,Liverpool,11,1,0,2024-02-04T16:30:00Z,90,2,0,0,0,3,0,16,31.2,0.0,0.0,3.1,0.0,0.0,0.0,3.52,1,57
2023-24,23,221,292,Stefan Bajcetic,MID,Liverpool,11,1,0,2024-02-04T16:30:00Z,0,0,0,0,0,0,0,0,0.0,0.0,0.0,0.0,0.0,0.0,0.0,0.0,0,47
2023-24,23,221,293,Darwin Núñez Ribeiro,FWD,Liverpool,11,1,0,2024-02-04T16:30:00Z,32,0,0,0,0,2,0,0,4.2,0.1,6.0,1.0,0.02,0.0,0.02,1.42,0,75
2023-24,23,221,294,Diogo Teixeira da Silva,MID,Liverpool,11,1,0,2024-02-04T16:30:00Z,90,2,0,0,0,3,0,3,7.2,25.3,8.0,4.1,0.0,0.03,0.03,3.52,1,80
2023-24,23,221,295,Harvey Elliott,MID,Liverpool,11,1,0,2024-02-04T16:30:00Z,32,1,0,0,0,2,0,2,2.4,2.9,0.0,0.5,0.0,0.02,0.02,1.42,0,48
2023-24,23,221,296,Fabio Henrique Tavares,MID,Liverpool,11,1,0,2024-02-04T16:30:00Z,0,0,0,0,0,0,0,0,0.0,0.0,0.0,0.0,0.0,0.0,0.0,0.0,0,50
2023-24,23,221,297,Cody Gakpo,FWD,Liverpool,11,1,0,2024-02-04T16:30:00Z,57,1,0,0,0,1,0,2,0.6,2.1,1.0,0.4,0.04,0.01,0.05,2.1,1,72
2023-24,23,221,298,Joe Gomez,DEF,Liverpool,11,1,0,2024-02-04T16:30:00Z,84,0,0,0,0,2,0,3,3.4,13.0,0.0,1.6,0.0,0.01,0.01,3.48,1,45
2023-24,23,221,299,Jordan Henderson,MID,Liverpool,11,1,0,2024-02-04T16:30:00Z,0,0,0,0,0,0,0,0,0.0,0.0,0.0,0.0,0.0,0.0,0.0,0.0,0,50
2023-24,23,221,300,Curtis Jones,MID,Liverpool,11,1,0,2024-02-04T16:30:00Z,90,2,0,0,0,3,0,9,3.8,10.5,4.0,1.8,0.04,0.02,0.06,3.52,1,49
2023-24,23,221,301,Caoimhin Kelleher,GK,Liverpool,11,1,0,2024-02-04T16:30:00Z,0,0,0,0,0,0,0,0,0.0,0.0,0.0,0.0,0.0,0.0,0.0,0.0,0,37
2023-24,23,221,302,Ibrahima Konaté,DEF,Liverpool,11,1,0,2024-02-04T16:30:00Z,87,-2,0,0,0,3,0,4,22.2,12.1,0.0,3.4,0.0,0.02,0.02,3.55,1,49
2023-24,23,221,303,Luis Díaz,MID,Liverpool,11,1,0,2024-02-04T16:30:00Z,90,5,0,1,0,3,0,13,9.2,13.2,33.0,5.5,0.21,0.02,0.23,3.52,1,74
2023-24,23,221,304,Alexis Mac Allister,MID,Liverpool,11,1,0,2024-02-04T16:30:00Z,90,2,0,0,0,3,0,12,17.4,27.4,3.0,4.8,0.06,0.17,0.23,3.52,1,58
2023-24,23,221,305,Joel Matip,DEF,Liverpool,11,1,0,2024-02-04T16:30:00Z,0,0,0,0,0,0,0,0,0.0,0.0,0.0,0.0,0.0,0.0,0.0,0.0,0,48
2023-24,23,221,306,Nathaniel Phillips,DEF,Liverpool,11,1,0,2024-02-04T16:30:00Z,0,0,0,0,0,0,0,0,0.0,0.0,0.0,0.0,0.0,0.0,0.0,0.0,0,40
2023-24,23,221,307,Andrew Robertson,DEF,Liverpool,11,1,0,2024-02-04T16:30:00Z,32,0,0,0,0,2,0,3,2.6,1.9,0.0,0.5,0.0,0.01,0.01,1.42,0,64
2023-24,23,221,308,Mohamed Salah,MID,Liverpool,11,1,0,2024-02-04T16:30:00Z,0,0,0,0,0,0,0,0,0.0,0.0,0.0,0.0,0.0,0.0,0.0,0.0,0,130
2023-24,23,221,309,Dominik Szoboszlai,MID,Liverpool,11,1,0,2024-02-04T16:30:00Z,0,0,0,0,0,0,0,0,0.0,0.0,0.0,0.0,0.0,0.0,0.0,0.0,0,71
2023-24,23,221,310,Thiago Alcántara do Nascimento,MID,Liverpool,11,1,0,2024-02-04T16:30:00Z,5,1,0,0,0,1,0,3,0.6,0.4,0.0,0.1,0.0,0.0,0.0,0.03,0,47
2023-24,23,221,311,Konstantinos Tsimikas,DEF,Liverpool,11,1,0,2024-02-04T16:30:00Z,0,0,0,0,0,0,0,0,0.0,0.0,0.0,0.0,0.0,0.0,0.0,0.0,0,45
2023-24,23,221,312,Sepp van den Berg,DEF,Liverpool,11,1,0,2024-02-04T16:30:00Z,0,0,0,0,0,0,0,0,0.0,0.0,0.0,0.0,0.0,0.0,0.0,0.0,0,40
2023-24,23,221,313,Virgil van Dijk,DEF,Liverpool,11,1,0,2024-02-04T16:30:00Z,90,1,0,0,0,3,0,12,22.4,2.2,4.0,2.9,0.04,0.01,0.05,3.52,1,63
2023-24,23,229,314,Elijah Adebayo,FWD,Luton,12,15,0,2024-02-03T15:00:00Z,87,6,1,0,0,4,0,23,38.4,0.8,28.0,6.7,0.15,0.01,0.16,2.25,1,48
2023-24,23,229,315,Mads Juel Andersen,DEF,Luton,12,15,0,2024-02-03T15:00:00Z,0,0,0,0,0,0,0,0,0.0,0.0,0.0,0.0,0.0,0.0,0.0,0.0,0,39
2023-24,23,229,316,Amari'i Bell,DEF,Luton,12,15,0,2024-02-03T15:00:00Z,90,0,0,0,0,4,0,11,13.8,2.2,0.0,1.6,0.0,0.02,0.02,2.28,1,39
2023-24,23,229,317,Luke Berry,MID,Luton,12,15,0,2024-02-03T15:00:00Z,0,0,0,0,0,0,0,0,0.0,0.0,0.0,0.0,0.0,0.0,0.0,0.0,0,46
2023-24,23,229,318,Reece Burke,DEF,Luton,12,15,0,2024-02-03T15:00:00Z,11,1,0,0,0,0,0,4,4.2,0.5,0.0,0.5,0.0,0.0,0.0,0.19,0,40
2023-24,23,229,319,Allan Campbell,MID,Luton,12,15,0,2024-02-03T15:00:00Z,0,0,0,0,0,0,0,0,0.0,0.0,0.0,0.0,0.0,0.0,0.0,0.0,0,49
2023-24,23,229,320,Jordan Clark,MID,Luton,12,15,0,2024-02-03T15:00:00Z,67,2,0,0,0,3,0,3,3.2,3.8,4.0,1.1,0.0,0.01,0.01,1.69,1,48
2023-24,23,229,321,Alfie Doughty,DEF,Luton,12,15,0,2024-02-03T15:00:00Z,78,3,0,1,0,4,0,16,6.8,15.6,17.0,3.9,0.05,0.05,0.1,2.09,1,45
2023-24,23,229,322,Luke Freeman,MID,Luton,12,15,0,2024-02-03T15:00:00Z,0,0,0,0,0,0,0,0,0.0,0.0,0.0,0.0,0.0,0.0,0.0,0.0,0,49
2023-24,23,229,323,Matt Macey,GK,Luton,12,15,0,2024-02-03T15:00:00Z,0,0,0,0,0,0,0,0,0.0,0.0,0.0,0.0,0.0,0.0,0.0,0.0,0,40
2023-24,23,229,324,John McAtee,FWD,Luton,12,15,0,2024-02-03T15:00:00Z,0,0,0,0,0,0,0,0,0.0,0.0,0.0,0.0,0.0,0.0,0.0,0.0,0,45
2023-24,23,229,325,Carlos Mendes Gomes,MID,Luton,12,15,0,2024-02-03T15:00:00Z,0,0,0,0,0,0,0,0,0.0,0.0,0.0,0.0,0.0,0.0,0.0,0.0,0,45
2023-24,23,229,326,Carlton Morris,FWD,Luton,12,15,0,2024-02-03T15:00:00Z,78,11,1,1,0,4,2,45,59.6,21.4,38.0,11.9,0.82,0.14,0.96,2.09,1,50
2023-24,23,229,327,Admiral Muskwe,FWD,Luton,12,15,0,2024-02-03T15:00:00Z,0,0,0,0,0,0,0,0,0.0,0.0,0.0,0.0,0.0,0.0,0.0,0.0,0,45
2023-24,23,229,328,Chiedozie Ogbene,FWD,Luton,12,15,0,2024-02-03T15:00:00Z,90,5,0,1,0,4,0,25,17.4,3.9,25.0,4.6,0.06,0.01,0.07,2.28,1,49
2023-24,23,229,329,Fred Onyedinma,MID,Luton,12,15,0,2024-02-03T15:00:00Z,0,0,0,0,0,0,0,0,0.0,0.0,0.0,0.0,0.0,0.0,0.0,0.0,0,50
2023-24,23,229,330,Gabriel Osho,DEF,Luton,12,15,0,2024-02-03T15:00:00Z,90,5,1,0,0,4,0,17,51.8,0.4,33.0,8.5,0.48,0.0,0.48,2.28,1,44
2023-24,23,229,331,Aribim Pepple,FWD,Luton,12,15,0,2024-02-03T15:00:00Z,0,0,0,0,0,0,0,0,0.0,0.0,0.0,0.0,0.0,0.0,0.0,0.0,0,45
2023-24,23,229,332,Dion Pereira,MID,Luton,12,15,0,2024-02-03T15:00:00Z,0,0,0,0,0,0,0,0,0.0,0.0,0.0,0.0,0.0,0.0,0.0,0.0,0,44
2023-24,23,229,333,Dan Potts,DEF,Luton,12,15,0,2024-02-03T15:00:00Z,0,0,0,0,0,0,0,0,0.0,0.0,0.0,0.0,0.0,0.0,0.0,0.0,0,39
2023-24,23,229,334,Glen Rea,MID,Luton,12,15,0,2024-02-03T15:00:00Z,0,0,0,0,0,0,0,0,0.0,0.0,0.0,0.0,0.0,0.0,0.0,0.0,0,44
2023-24,23,229,335,James Shea,GK,Luton,12,15,0,2024-02-03T15:00:00Z,0,0,0,0,0,0,0,0,0.0,0.0,0.0,0.0,0.0,0.0,0.0,0.0,0,43
2023-24,23,229,336,Joe Taylor,FWD,Luton,12,15,0,2024-02-03T15:00:00Z,0,0,0,0,0,0,0,0,0.0,0.0,0.0,0.0,0.0,0.0,0.0,0.0,0,45
2023-24,23,229,337,Elliot Thorpe,MID,Luton,12,15,0,2024-02-03T15:00:00Z,0,0,0,0,0,0,0,0,0.0,0.0,0.0,0.0,0.0,0.0,0.0,0.0,0,45
2023-24,23,229,338,Jack Walton,GK,Luton,12,15,0,2024-02-03T15:00:00Z,0,0,0,0,0,0,0,0,0.0,0.0,0.0,0.0,0.0,0.0,0.0,0.0,0,40
2023-24,23,229,339,Louie Watson,MID,Luton,12,15,0,2024-02-03T15:00:00Z,0,0,0,0,0,0,0,0,0.0,0.0,0.0,0.0,0.0,0.0,0.0,0.0,0,44
2023-24,23,229,340,Cauley Woodrow,FWD,Luton,12,15,0,2024-02-03T15:00:00Z,2,1,0,0,0,0,0,1,2.2,0.3,0.0,0.3,0.0,0.0,0.0,0.03,0,43
2023-24,23,223,341,Manuel Akanji,DEF,Man City,13,4,0,2024-02-05T20:00:00Z,0,0,0,0,0,0,0,0,0.0,0.0,0.0,0.0,0.0,0.0,0.0,0.0,0,49
2023-24,23,223,342,Nathan Aké,DEF,Man City,13,4,0,2024-02-05T20:00:00Z,90,2,0,0,0,1,0,17,18.6,9.0,2.0,3.0,0.0,0.07,0.07,1.02,1,50
2023-24,23,223,343,Julián Álvarez,FWD,Man City,13,4,0,2024-02-05T20:00:00Z,90,2,0,0,0,1,0,8,23.2,20.1,69.0,11.2,0.3,0.05,0.35,1.02,1,69
2023-24,23,223,344,Bernardo Veiga de Carvalho e Silva,MID,Man City,13,4,0,2024-02-05T20:00:00Z,70,2,0,0,0,1,0,9,4.0,6.2,19.0,2.9,0.07,0.05,0.12,0.99,1,65
2023-24,23,223,345,Oscar Bobb,MID,Man City,13,4,0,2024-02-05T20:00:00Z,0,0,0,0,0,0,0,0,0.0,0.0,0.0,0.0,0.0,0.0,0.0,0.0,0,44
2023-24,23,223,346,João Cancelo,DEF,Man City,13,4,0,2024-02-05T20:00:00Z,0,0,0,0,0,0,0,0,0.0,0.0,0.0,0.0,0.0,0.0,0.0,0.0,0,58
2023-24,23,223,347,Scott Carson,GK,Man City,13,4,0,2024-02-05T20:00:00Z,0,0,0,0,0,0,0,0,0.0,0.0,0.0,0.0,0.0,0.0,0.0,0.0,0,38
2023-24,23,223,348,Shea Charles,MID,Man City,13,4,0,2024-02-05T20:00:00Z,0,0,0,0,0,0,0,0,0.0,0.0,0.0,0.0,0.0,0.0,0.0,0.0,0,45
2023-24,23,223,349,Kevin De Bruyne,MID,Man City,13,4,0,2024-02-05T20:00:00Z,90,5,0,1,0,1,0,27,37.6,71.6,32.0,14.1,0.08,0.49,0.57,1.02,1,107
2023-24,23,223,350,Rúben Gato Alves Dias,DEF,Man City,13,4,0,2024-02-05T20:00:00Z,90,2,0,0,0,1,0,18,32.0,5.2,2.0,3.9,0.0,0.03,0.03,1.02,1,55
2023-24,23,226,351,Tommy Doyle,MID,Wolves,20,7,0,2024-02-04T14:00:00Z,18,1,0,0,0,1,0,3,3.8,0.3,0.0,0.4,0.0,0.0,0.0,0.25,0,44
2023-24,23,223,352,Ederson Santana de Moraes,GK,Man City,13,4,0,2024-02-05T20:00:00Z,90,2,0,0,0,1,0,10,11.8,0.0,0.0,1.2,0.0,0.0,0.0,1.02,1,55
2023-24,23,223,353,Phil Foden,MID,Man City,13,4,0,2024-02-05T20:00:00Z,90,20,3,0,0,1,3,73,114.8,44.0,64.0,22.3,0.68,0.19,0.87,1.02,1,79
2023-24,23,223,354,Jack Grealish,MID,Man City,13,4,0,2024-02-05T20:00:00Z,0,0,0,0,0,0,0,0,0.0,0.0,0.0,0.0,0.0,0.0,0.0,0.0,0,72
2023-24,23,223,355,Erling Haaland,FWD,Man City,13,4,0,2024-02-05T20:00:00Z,85,5,0,1,0,1,0,18,25.6,22.3,31.0,7.9,0.71,0.06,0.77,1.02,1,141
2023-24,23,223,356,Mateo Kovačić,MID,Man City,13,4,0,2024-02-05T20:00:00Z,4,1,0,0,0,0,0,3,2.0,2.3,0.0,0.4,0.0,0.01,0.01,0.0,0,47
2023-24,23,223,357,Aymeric Laporte,DEF,Man City,13,4,0,2024-02-05T20:00:00Z,0,0,0,0,0,0,0,0,0.0,0.0,0.0,0.0,0.0,0.0,0.0,0.0,0,49
2023-24,23,223,358,Rico Lewis,DEF,Man City,13,4,0,2024-02-05T20:00:00Z,0,0,0,0,0,0,0,0,0.0,0.0,0.0,0.0,0.0,0.0,0.0,0.0,0,43
2023-24,23,223,359,Riyad Mahrez,MID,Man City,13,4,0,2024-02-05T20:00:00Z,0,0,0,0,0,0,0,0,0.0,0.0,0.0,0.0,0.0,0.0,0.0,0.0,0,75
2023-24,23,230,360,James McAtee,MID,Sheffield Utd,17,2,1,2024-02-03T17:30:00Z,71,2,0,0,0,5,0,12,4.4,15.2,2.0,2.2,0.0,0.12,0.12,1.9,1,44
2023-24,23,223,361,Stefan Ortega Moreno,GK,Man City,13,4,0,2024-02-05T20:00:00Z,0,0,0,0,0,0,0,0,0.0,0.0,0.0,0.0,0.0,0.0,0.0,0.0,0,38
2023-24,23,226,362,Cole Palmer,MID,Chelsea,7,20,1,2024-02-04T14:00:00Z,90,8,1,0,0,4,1,25,35.8,18.3,42.0,9.6,0.52,0.16,0.68,1.93,1,58
2023-24,23,223,363,Máximo Perrone,MID,Man City,13,4,0,2024-02-05T20:00:00Z,0,0,0,0,0,0,0,0,0.0,0.0,0.0,0.0,0.0,0.0,0.0,0.0,0,44
2023-24,23,228,364,Kalvin Phillips,MID,West Ham,19,14,0,2024-02-04T14:00:00Z,18,1,0,0,0,1,0,0,4.2,1.4,1.0,0.7,0.02,0.01,0.03,0.25,0,47
2023-24,23,223,365,Rodrigo Hernandez,MID,Man City,13,4,0,2024-02-05T20:00:00Z,90,2,0,0,0,1,0,24,34.4,36.6,21.0,9.2,0.13,0.15,0.28,1.02,1,56
2023-24,23,223,366,Sergio Gómez,DEF,Man City,13,4,0,2024-02-05T20:00:00Z,0,0,0,0,0,0,0,0,0.0,0.0,0.0,0.0,0.0,0.0,0.0,0.0,0,38
2023-24,23,223,367,Zack Steffen,GK,Man City,13,4,0,2024-02-05T20:00:00Z,0,0,0,0,0,0,0,0,0.0,0.0,0.0,0.0,0.0,0.0,0.0,0.0,0,39
2023-24,23,223,368,John Stones,DEF,Man City,13,4,0,2024-02-05T20:00:00Z,0,0,0,0,0,0,0,0,0.0,0.0,0.0,0.0,0.0,0.0,0.0,0.0,0,53
2023-24,23,223,369,Kyle Walker,DEF,Man City,13,4,0,2024-02-05T20:00:00Z,90,2,0,0,0,1,0,16,20.6,36.5,9.0,6.6,0.02,0.12,0.14,1.02,1,55
2023-24,23,228,370,Alex Telles,DEF,Man Utd,14,19,1,2024-02-04T14:00:00Z,0,0,0,0,0,0,0,0,0.0,0.0,0.0,0.0,0.0,0.0,0.0,0.0,0,45
2023-24,23,228,371,Amad Diallo,MID,Man Utd,14,19,1,2024-02-04T14:00:00Z,0,0,0,0,0,0,0,0,0.0,0.0,0.0,0.0,0.0,0.0,0.0,0.0,0,44
2023-24,23,228,372,Antony Matheus dos Santos,MID,Man Utd,14,19,1,2024-02-04T14:00:00Z,2,1,0,0,0,0,0,4,5.0,1.0,4.0,1.0,0.0,0.04,0.04,0.07,0,68
2023-24,23,228,373,Bruno Borges Fernandes,MID,Man Utd,14,19,1,2024-02-04T14:00:00Z,90,6,0,1,1,0,0,24,32.4,37.3,16.0,8.6,0.11,0.06,0.17,1.69,1,82
2023-24,23,228,374,Brandon Williams,DEF,Man Utd,14,19,1,2024-02-04T14:00:00Z,0,0,0,0,0,0,0,0,0.0,0.0,0.0,0.0,0.0,0.0,0.0,0.0,0,40
2023-24,23,228,375,Eric Bailly,DEF,Man Utd,14,19,1,2024-02-04T14:00:00Z,0,0,0,0,0,0,0,0,0.0,0.0,0.0,0.0,0.0,0.0,0.0,0.0,0,40
2023-24,23,228,376,Carlos Henrique Casimiro,MID,Man Utd,14,19,1,2024-02-04T14:00:00Z,90,6,0,1,1,0,0,26,44.4,15.8,0.0,6.0,0.0,0.1,0.1,1.69,1,53
2023-24,23,228,377,Diogo Dalot Teixeira,DEF,Man Utd,14,19,1,2024-02-04T14:00:00Z,90,6,0,0,1,0,0,21,13.8,2.7,12.0,2.9,0.05,0.02,0.07,1.69,1,51
2023-24,23,222,378,Anthony Elanga,MID,Nott'm Forest,16,3,0,2024-02-04T14:00:00Z,77,2,0,0,0,1,0,8,6.4,11.5,4.0,2.2,0.0,0.01,0.01,0.96,1,51
2023-24,23,228,379,Christian Eriksen,MID,Man Utd,14,19,1,2024-02-04T14:00:00Z,0,0,0,0,0,0,0,0,0.0,0.0,0.0,0.0,0.0,0.0,0.0,0.0,0,58
2023-24,23,228,380,Álvaro Fernández Carreras,DEF,Man Utd,14,19,1,2024-02-04T14:00:00Z,0,0,0,0,0,0,0,0,0.0,0.0,0.0,0.0,0.0,0.0,0.0,0.0,0,40
2023-24,23,228,381,Frederico Rodrigues de Paula Santos,MID,Man Utd,14,19,1,2024-02-04T14:00:00Z,0,0,0,0,0,0,0,0,0.0,0.0,0.0,0.0,0.0,0.0,0.0,0.0,0,50
2023-24,23,228,382,Alejandro Garnacho,MID,Man Utd,14,19,1,2024-02-04T14:00:00Z,90,16,2,0,1,0,3,48,81.0,40.9,52.0,17.4,0.24,0.17,0.41,1.69,1,48
2023-24,23,228,383,Hannibal Mejbri,MID,Man Utd,14,19,1,2024-02-04T14:00:00Z,0,0,0,0,0,0,0,0,0.0,0.0,0.0,0.0,0.0,0.0,0.0,0.0,0,43
2023-24,23,228,384,Tom Heaton,GK,Man Utd,14,19,1,2024-02-04T14:00:00Z,0,0,0,0,0,0,0,0,0.0,0.0,0.0,0.0,0.0,0.0,0.0,0.0,0,40
2023-24,23,224,385,Dean Henderson,GK,Crystal Palace,8,5,0,2024-02-03T15:00:00Z,90,0,0,0,0,4,0,12,19.6,0.0,0.0,2.0,0.0,0.0,0.0,1.53,1,44
2023-24,23,228,386,Victor Lindelöf,DEF,Man Utd,14,19,1,2024-02-04T14:00:00Z,2,1,0,0,0,0,0,2,0.0,0.8,0.0,0.1,0.0,0.01,0.01,0.07,0,45
2023-24,23,228,387,Harry Maguire,DEF,Man Utd,14,19,1,2024-02-04T14:00:00Z,90,6,0,0,1,0,0,27,23.8,0.2,0.0,2.4,0.0,0.0,0.0,1.69,1,42
2023-24,23,228,388,Kobbie Mainoo,MID,Man Utd,14,19,1,2024-02-04T14:00:00Z,63,3,0,0,1,0,0,9,5.6,1.4,0.0,0.7,0.0,0.01,0.01,1.19,1,44
2023-24,23,228,389,Tyrell Malacia,DEF,Man Utd,14,19,1,2024-02-04T14:00:00Z,0,0,0,0,0,0,0,0,0.0,0.0,0.0,0.0,0.0,0.0,0.0,0.0,0,43
2023-24,23,228,390,Anthony Martial,FWD,Man Utd,14,19,1,2024-02-04T14:00:00Z,0,0,0,0,0,0,0,0,0.0,0.0,0.0,0.0,0.0,0.0,0.0,0.0,0,64
2023-24,23,228,391,Lisandro Martínez,DEF,Man Utd,14,19,1,2024-02-04T14:00:00Z,70,6,0,0,1,0,0,28,30.6,0.7,0.0,3.1,0.0,0.0,0.0,1.4,1,47
2023-24,23,228,392,Scott McTominay,MID,Man Utd,14,19,1,2024-02-04T14:00:00Z,26,4,0,1,0,0,0,15,21.0,10.6,3.0,3.5,0.06,0.05,0.11,0.51,0,46
2023-24,23,229,393,Teden Mengi,DEF,Luton,12,15,0,2024-02-03T15:00:00Z,90,0,0,0,0,4,0,17,23.0,3.2,0.0,2.6,0.0,0.01,0.01,2.28,1,39
2023-24,23,228,394,Facundo Pellistri Rebollo,MID,Man Utd,14,19,1,2024-02-04T14:00:00Z,0,0,0,0,0,0,0,0,0.0,0.0,0.0,0.0,0.0,0.0,0.0,0.0,0,42
2023-24,23,228,395,Raphaël Varane,DEF,Man Utd,14,19,1,2024-02-04T14:00:00Z,19,1,0,0,0,0,0,4,5.4,0.5,0.0,0.6,0.0,0.0,0.0,0.29,0,49
2023-24,23,228,396,Marcus Rashford,MID,Man Utd,14,19,1,2024-02-04T14:00:00Z,90,3,0,0,1,0,0,9,4.2,23.8,14.0,4.2,0.2,0.04,0.24,1.69,1,84
2023-24,23,228,397,Jadon Sancho,MID,Man Utd,14,19,1,2024-02-04T14:00:00Z,0,0,0,0,0,0,0,0,0.0,0.0,0.0,0.0,0.0,0.0,0.0,0.0,0,67
2023-24,23,228,398,Luke Shaw,DEF,Man Utd,14,19,1,2024-02-04T14:00:00Z,87,6,0,0,1,0,0,22,13.6,13.6,2.0,2.9,0.0,0.01,0.01,1.62,1,52
2023-24,23,228,399,Shola Shoretire,FWD,Man Utd,14,19,1,2024-02-04T14:00:00Z,0,0,0,0,0,0,0,0,0.0,0.0,0.0,0.0,0.0,0.0,0.0,0.0,0,44
2023-24,23,228,400,Donny van de Beek,MID,Man Utd,14,19,1,2024-02-04T14:00:00Z,0,0,0,0,0,0,0,0,0.0,0.0,0.0,0.0,0.0,0.0,0.0,0.0,0,47
2023-24,23,228,401,Aaron Wan-Bissaka,DEF,Man Utd,14,19,1,2024-02-04T14:00:00Z,0,0,0,0,0,0,0,0,0.0,0.0,0.0,0.0,0.0,0.0,0.0,0.0,0,44
2023-24,23,229,402,Miguel Almirón Rejala,MID,Newcastle,15,12,1,2024-02-03T15:00:00Z,62,2,0,0,0,4,0,13,2.4,14.2,4.0,2.1,0.0,0.03,0.03,2.09,1,62
2023-24,23,229,403,Elliot Anderson,MID,Newcastle,15,12,1,2024-02-03T15:00:00Z,0,0,0,0,0,0,0,0,0.0,0.0,0.0,0.0,0.0,0.0,0.0,0.0,0,42
2023-24,23,229,404,Harrison Ashby,DEF,Newcastle,15,12,1,2024-02-03T15:00:00Z,0,0,0,0,0,0,0,0,0.0,0.0,0.0,0.0,0.0,0.0,0.0,0.0,0,40
2023-24,23,229,405,Sven Botman,DEF,Newcastle,15,12,1,2024-02-03T15:00:00Z,90,0,0,0,0,4,0,11,13.2,0.9,0.0,1.4,0.0,0.01,0.01,2.27,1,45
2023-24,23,229,406,Bruno Guimarães Rodriguez Moura,MID,Newcastle,15,12,1,2024-02-03T15:00:00Z,90,5,0,1,0,4,0,29,36.4,45.3,10.0,9.2,0.11,0.3,0.41,2.27,1,58
2023-24,23,229,407,Dan Burn,DEF,Newcastle,15,12,1,2024-02-03T15:00:00Z,63,-1,0,0,0,4,0,1,6.6,0.2,2.0,0.9,0.0,0.0,0.0,2.09,1,44
2023-24,23,229,408,Karl Darlow,GK,Newcastle,15,12,1,2024-02-03T15:00:00Z,0,0,0,0,0,0,0,0,0.0,0.0,0.0,0.0,0.0,0.0,0.0,0.0,0,40
2023-24,23,229,409,Martin Dubravka,GK,Newcastle,15,12,1,2024-02-03T15:00:00Z,90,1,0,0,0,4,0,18,33.0,0.0,0.0,3.3,0.0,0.0,0.0,2.27,1,42
2023-24,23,229,410,Ryan Fraser,MID,Newcastle,15,12,1,2024-02-03T15:00:00Z,0,0,0,0,0,0,0,0,0.0,0.0,0.0,0.0,0.0,0.0,0.0,0.0,0,49
2023-24,23,229,411,Mark Gillespie,GK,Newcastle,15,12,1,2024-02-03T15:00:00Z,0,0,0,0,0,0,0,0,0.0,0.0,0.0,0.0,0.0,0.0,0.0,0.0,0,39
2023-24,23,229,412,Anthony Gordon,MID,Newcastle,15,12,1,2024-02-03T15:00:00Z,45,4,0,1,0,2,0,10,0.0,1.8,23.0,2.4,0.28,0.04,0.32,1.19,1,62
2023-24,23,229,413,Isaac Hayden,MID,Newcastle,15,12,1,2024-02-03T15:00:00Z,0,0,0,0,0,0,0,0,0.0,0.0,0.0,0.0,0.0,0.0,0.0,0.0,0,44
2023-24,23,229,414,Jeff Hendrick,MID,Newcastle,15,12,1,2024-02-03T15:00:00Z,0,0,0,0,0,0,0,0,0.0,0.0,0.0,0.0,0.0,0.0,0.0,0.0,0,44
2023-24,23,229,415,Alexander Isak,FWD,Newcastle,15,12,1,2024-02-03T15:00:00Z,0,0,0,0,0,0,0,0,0.0,0.0,0.0,0.0,0.0,0.0,0.0,0.0,0,76
2023-24,23,229,416,Joelinton Cássio Apolinário de Lira,MID,Newcastle,15,12,1,2024-02-03T15:00:00Z,0,0,0,0,0,0,0,0,0.0,0.0,0.0,0.0,0.0,0.0,0.0,0.0,0,58
2023-24,23,229,417,Emil Krafth,DEF,Newcastle,15,12,1,2024-02-03T15:00:00Z,0,0,0,0,0,0,0,0,0.0,0.0,0.0,0.0,0.0,0.0,0.0,0.0,0,44
2023-24,23,229,418,Garang Kuol,MID,Newcastle,15,12,1,2024-02-03T15:00:00Z,0,0,0,0,0,0,0,0,0.0,0.0,0.0,0.0,0.0,0.0,0.0,0.0,0,45
2023-24,23,229,419,Jamaal Lascelles,DEF,Newcastle,15,12,1,2024-02-03T15:00:00Z,0,0,0,0,0,0,0,0,0.0,0.0,0.0,0.0,0.0,0.0,0.0,0.0,0,41
2023-24,23,229,420,Jamal Lewis,DEF,Newcastle,15,12,1,2024-02-03T15:00:00Z,0,0,0,0,0,0,0,0,0.0,0.0,0.0,0.0,0.0,0.0,0.0,0.0,0,40
2023-24,23,229,421,Sean Longstaff,MID,Newcastle,15,12,1,2024-02-03T15:00:00Z,90,13,2,0,0,4,1,41,73.0,1.6,42.0,11.7,0.91,0.07,0.98,2.27,1,48
2023-24,23,229,422,Javier Manquillo Gaitán,DEF,Newcastle,15,12,1,2024-02-03T15:00:00Z,0,0,0,0,0,0,0,0,0.0,0.0,0.0,0.0,0.0,0.0,0.0,0.0,0,40
2023-24,23,229,423,Jacob Murphy,MID,Newcastle,15,12,1,2024-02-03T15:00:00Z,90,1,0,0,0,4,0,1,2.2,16.4,33.0,5.2,0.32,0.21,0.53,2.27,1,48
2023-24,23,229,424,Nick Pope,GK,Newcastle,15,12,1,2024-02-03T15:00:00Z,0,0,0,0,0,0,0,0,0.0,0.0,0.0,0.0,0.0,0.0,0.0,0.0,0,53
2023-24,23,229,425,Matt Ritchie,MID,Newcastle,15,12,1,2024-02-03T15:00:00Z,0,0,0,0,0,0,0,0,0.0,0.0,0.0,0.0,0.0,0.0,0.0,0.0,0,43
2023-24,23,229,426,Allan Saint-Maximin,MID,Newcastle,15,12,1,2024-02-03T15:00:00Z,0,0,0,0,0,0,0,0,0.0,0.0,0.0,0.0,0.0,0.0,0.0,0.0,0,60
2023-24,23,229,427,Fabian Schär,DEF,Newcastle,15,12,1,2024-02-03T15:00:00Z,90,0,0,0,0,4,0,14,18.8,10.9,8.0,3.8,0.08,0.03,0.11,2.27,1,53
2023-24,23,229,428,Matt Targett,DEF,Newcastle,15,12,1,2024-02-03T15:00:00Z,0,0,0,0,0,0,0,0,0.0,0.0,0.0,0.0,0.0,0.0,0.0,0.0,0,42
2023-24,23,229,429,Sandro Tonali,MID,Newcastle,15,12,1,2024-02-03T15:00:00Z,0,0,0,0,0,0,0,0,0.0,0.0,0.0,0.0,0.0,0.0,0.0,0.0,0,52
2023-24,23,229,430,Kieran Trippier,DEF,Newcastle,15,12,1,2024-02-03T15:00:00Z,90,9,1,1,0,4,0,38,62.6,28.0,17.0,10.8,0.33,0.08,0.41,2.27,1,67
2023-24,23,229,431,Kell Watts,DEF,Newcastle,15,12,1,2024-02-03T15:00:00Z,0,0,0,0,0,0,0,0,0.0,0.0,0.0,0.0,0.0,0.0,0.0,0.0,0,40
2023-24,23,229,432,Joe Willock,MID,Newcastle,15,12,1,2024-02-03T15:00:00Z,0,0,0,0,0,0,0,0,0.0,0.0,0.0,0.0,0.0,0.0,0.0,0.0,0,53
2023-24,23,229,433,Callum Wilson,FWD,Newcastle,15,12,1,2024-02-03T15:00:00Z,45,1,0,0,0,2,0,3,5.2,21.8,8.0,3.5,0.0,0.12,0.12,1.08,0,78
2023-24,23,222,434,Brandon Aguilera Zamora,MID,Nott'm Forest,16,3,0,2024-02-04T14:00:00Z,0,0,0,0,0,0,0,0,0.0,0.0,0.0,0.0,0.0,0.0,0.0,0.0,0,45
2023-24,23,222,435,Harry Arter,MID,Nott'm Forest,16,3,0,2024-02-04T14:00:00Z,0,0,0,0,0,0,0,0,0.0,0.0,0.0,0.0,0.0,0.0,0.0,0.0,0,43
2023-24,23,222,436,Serge Aurier,DEF,Nott'm Forest,16,3,0,2024-02-04T14:00:00Z,0,0,0,0,0,0,0,0,0.0,0.0,0.0,0.0,0.0,0.0,0.0,0.0,0,45
2023-24,23,222,437,Taiwo Awoniyi,FWD,Nott'm Forest,16,3,0,2024-02-04T14:00:00Z,90,2,0,0,0,1,0,6,14.6,1.0,24.0,4.0,0.18,0.0,0.18,0.96,1,63
2023-24,23,222,438,Giulian Biancone,DEF,Nott'm Forest,16,3,0,2024-02-04T14:00:00Z,0,0,0,0,0,0,0,0,0.0,0.0,0.0,0.0,0.0,0.0,0.0,0.0,0,39
2023-24,23,222,439,Willy Boly,DEF,Nott'm Forest,16,3,0,2024-02-04T14:00:00Z,0,0,0,0,0,0,0,0,0.0,0.0,0.0,0.0,0.0,0.0,0.0,0.0,0,45
2023-24,23,222,440,Josh Bowler,MID,Nott'm Forest,16,3,0,2024-02-04T14:00:00Z,0,0,0,0,0,0,0,0,0.0,0.0,0.0,0.0,0.0,0.0,0.0,0.0,0,45
2023-24,23,222,441,Steve Cook,DEF,Nott'm Forest,16,3,0,2024-02-04T14:00:00Z,0,0,0,0,0,0,0,0,0.0,0.0,0.0,0.0,0.0,0.0,0.0,0.0,0,45
2023-24,23,222,442,Danilo dos Santos de Oliveira,MID,Nott'm Forest,16,3,0,2024-02-04T14:00:00Z,18,1,0,0,0,0,0,6,10.0,1.8,0.0,1.2,0.0,0.01,0.01,0.06,0,53
2023-24,23,222,443,Emmanuel Dennis,FWD,Nott'm Forest,16,3,0,2024-02-04T14:00:00Z,0,0,0,0,0,0,0,0,0.0,0.0,0.0,0.0,0.0,0.0,0.0,0.0,0,48
2023-24,23,222,444,Mohamed Dräger,DEF,Nott'm Forest,16,3,0,2024-02-04T14:00:00Z,0,0,0,0,0,0,0,0,0.0,0.0,0.0,0.0,0.0,0.0,0.0,0.0,0,40
2023-24,23,222,445,Felipe Augusto de Almeida Monteiro,DEF,Nott'm Forest,16,3,0,2024-02-04T14:00:00Z,0,0,0,0,0,0,0,0,0.0,0.0,0.0,0.0,0.0,0.0,0.0,0.0,0,44
2023-24,23,222,446,Remo Freuler,MID,Nott'm Forest,16,3,0,2024-02-04T14:00:00Z,0,0,0,0,0,0,0,0,0.0,0.0,0.0,0.0,0.0,0.0,0.0,0.0,0,49
2023-24,23,222,447,Morgan Gibbs-White,MID,Nott'm Forest,16,3,0,2024-02-04T14:00:00Z,90,2,0,0,0,1,0,5,7.2,19.4,7.0,3.4,0.02,0.19,0.21,0.96,1,57
2023-24,23,222,448,Wayne Hennessey,GK,Nott'm Forest,16,3,0,2024-02-04T14:00:00Z,0,0,0,0,0,0,0,0,0.0,0.0,0.0,0.0,0.0,0.0,0.0,0.0,0,40
2023-24,23,222,449,Ethan Horvath,GK,Nott'm Forest,16,3,0,2024-02-04T14:00:00Z,0,0,0,0,0,0,0,0,0.0,0.0,0.0,0.0,0.0,0.0,0.0,0.0,0,43
2023-24,23,227,450,Brennan Johnson,MID,Spurs,18,9,0,2024-02-03T12:30:00Z,63,2,0,0,0,1,0,5,0.0,0.8,0.0,0.1,0.0,0.0,0.0,1.44,1,58
2023-24,23,222,451,Cheikhou Kouyaté,MID,Nott'm Forest,16,3,0,2024-02-04T14:00:00Z,0,0,0,0,0,0,0,0,0.0,0.0,0.0,0.0,0.0,0.0,0.0,0.0,0,48
2023-24,23,222,452,Richie Laryea,DEF,Nott'm Forest,16,3,0,2024-02-04T14:00:00Z,0,0,0,0,0,0,0,0,0.0,0.0,0.0,0.0,0.0,0.0,0.0,0.0,0,45
2023-24,23,222,453,Orel Mangala,MID,Nott'm Forest,16,3,0,2024-02-04T14:00:00Z,0,0,0,0,0,0,0,0,0.0,0.0,0.0,0.0,0.0,0.0,0.0,0.0,0,50
2023-24,23,222,454,Loïc Mbe Soh,DEF,Nott'm Forest,16,3,0,2024-02-04T14:00:00Z,0,0,0,0,0,0,0,0,0.0,0.0,0.0,0.0,0.0,0.0,0.0,0.0,0,40
2023-24,23,222,455,Scott McKenna,DEF,Nott'm Forest,16,3,0,2024-02-04T14:00:00Z,0,0,0,0,0,0,0,0,0.0,0.0,0.0,0.0,0.0,0.0,0.0,0.0,0,44
2023-24,23,222,456,Alex Mighten,MID,Nott'm Forest,16,3,0,2024-02-04T14:00:00Z,0,0,0,0,0,0,0,0,0.0,0.0,0.0,0.0,0.0,0.0,0.0,0.0,0,44
2023-24,23,222,457,Moussa Niakhaté,DEF,Nott'm Forest,16,3,0,2024-02-04T14:00:00Z,0,0,0,0,0,0,0,0,0.0,0.0,0.0,0.0,0.0,0.0,0.0,0.0,0,45
2023-24,23,222,458,Lewis O'Brien,MID,Nott'm Forest,16,3,0,2024-02-04T14:00:00Z,0,0,0,0,0,0,0,0,0.0,0.0,0.0,0.0,0.0,0.0,0.0,0.0,0,49
2023-24,23,222,459,Braian Ojeda Rodríguez,MID,Nott'm Forest,16,3,0,2024-02-04T14:00:00Z,0,0,0,0,0,0,0,0,0.0,0.0,0.0,0.0,0.0,0.0,0.0,0.0,0,45
2023-24,23,222,460,Jonathan Panzo,DEF,Nott'm Forest,16,3,0,2024-02-04T14:00:00Z,0,0,0,0,0,0,0,0,0.0,0.0,0.0,0.0,0.0,0.0,0.0,0.0,0,40
2023-24,23,222,461,Omar Richards,DEF,Nott'm Forest,16,3,0,2024-02-04T14:00:00Z,0,0,0,0,0,0,0,0,0.0,0.0,0.0,0.0,0.0,0.0,0.0,0.0,0,44
2023-24,23,222,462,Gustavo Henrique Furtado Scarpa,MID,Nott'm Forest,16,3,0,2024-02-04T14:00:00Z,0,0,0,0,0,0,0,0,0.0,0.0,0.0,0.0,0.0,0.0,0.0,0.0,0,45
2023-24,23,222,463,Jonjo Shelvey,MID,Nott'm Forest,16,3,0,2024-02-04T14:00:00Z,0,0,0,0,0,0,0,0,0.0,0.0,0.0,0.0,0.0,0.0,0.0,0.0,0,48
2023-24,23,222,464,Sam Surridge,FWD,Nott'm Forest,16,3,0,2024-02-04T14:00:00Z,0,0,0,0,0,0,0,0,0.0,0.0,0.0,0.0,0.0,0.0,0.0,0.0,0,45
2023-24,23,222,465,Harry Toffolo,DEF,Nott'm Forest,16,3,0,2024-02-04T14:00:00Z,0,0,0,0,0,0,0,0,0.0,0.0,0.0,0.0,0.0,0.0,0.0,0.0,0,44
2023-24,23,222,466,Hwang Ui-jo,FWD,Nott'm Forest,16,3,0,2024-02-04T14:00:00Z,0,0,0,0,0,0,0,0,0.0,0.0,0.0,0.0,0.0,0.0,0.0,0.0,0,44
2023-24,23,222,467,Neco Williams,DEF,Nott'm Forest,16,3,0,2024-02-04T14:00:00Z,77,2,0,0,0,1,0,6,12.8,2.2,3.0,1.8,0.04,0.01,0.05,0.96,1,43
2023-24,23,222,468,Chris Wood,FWD,Nott'm Forest,16,3,0,2024-02-04T14:00:00Z,0,0,0,0,0,0,0,0,0.0,0.0,0.0,0.0,0.0,0.0,0.0,0.0,0,50
2023-24,23,222,469,Joe Worrall,DEF,Nott'm Forest,16,3,0,2024-02-04T14:00:00Z,0,0,0,0,0,0,0,0,0.0,0.0,0.0,0.0,0.0,0.0,0.0,0.0,0,43
2023-24,23,222,470,Ryan Yates,MID,Nott'm Forest,16,3,0,2024-02-04T14:00:00Z,90,1,0,0,0,1,0,9,21.2,2.3,34.0,5.8,0.29,0.01,0.3,0.96,1,48
2023-24,23,230,471,Anel Ahmedhodžić,DEF,Sheffield Utd,17,2,1,2024-02-03T17:30:00Z,90,0,0,0,0,5,0,10,16.0,0.4,33.0,4.9,0.52,0.0,0.52,2.27,1,43
2023-24,23,230,472,Jordan Amissah,GK,Sheffield Utd,17,2,1,2024-02-03T17:30:00Z,0,0,0,0,0,0,0,0,0.0,0.0,0.0,0.0,0.0,0.0,0.0,0.0,0,39
2023-24,23,230,473,George Baldock,DEF,Sheffield Utd,17,2,1,2024-02-03T17:30:00Z,0,0,0,0,0,0,0,0,0.0,0.0,0.0,0.0,0.0,0.0,0.0,0.0,0,38
2023-24,23,230,474,Chris Basham,DEF,Sheffield Utd,17,2,1,2024-02-03T17:30:00Z,0,0,0,0,0,0,0,0,0.0,0.0,0.0,0.0,0.0,0.0,0.0,0.0,0,39
2023-24,23,225,475,Sander Berge,MID,Burnley,6,10,1,2024-02-03T15:00:00Z,90,1,0,0,0,2,0,12,16.2,2.5,13.0,3.2,0.09,0.01,0.1,1.28,1,47
2023-24,23,230,476,Jayden Bogle,DEF,Sheffield Utd,17,2,1,2024-02-03T17:30:00Z,90,-1,0,0,0,5,0,0,0.0,0.7,4.0,0.3,0.02,0.05,0.07,2.27,1,45
2023-24,23,230,477,Rhian Brewster,FWD,Sheffield Utd,17,2,1,2024-02-03T17:30:00Z,0,0,0,0,0,0,0,0,0.0,0.0,0.0,0.0,0.0,0.0,0.0,0.0,0,49
2023-24,23,230,478,Ismaila Coulibaly,MID,Sheffield Utd,17,2,1,2024-02-03T17:30:00Z,0,0,0,0,0,0,0,0,0.0,0.0,0.0,0.0,0.0,0.0,0.0,0.0,0,44
2023-24,23,230,479,Adam Davies,GK,Sheffield Utd,17,2,1,2024-02-03T17:30:00Z,0,0,0,0,0,0,0,0,0.0,0.0,0.0,0.0,0.0,0.0,0.0,0.0,0,40
2023-24,23,230,480,John Egan,DEF,Sheffield Utd,17,2,1,2024-02-03T17:30:00Z,0,0,0,0,0,0,0,0,0.0,0.0,0.0,0.0,0.0,0.0,0.0,0.0,0,43
2023-24,23,230,481,John Fleck,MID,Sheffield Utd,17,2,1,2024-02-03T17:30:00Z,0,0,0,0,0,0,0,0,0.0,0.0,0.0,0.0,0.0,0.0,0.0,0.0,0,49
2023-24,23,230,482,Wes Foderingham,GK,Sheffield Utd,17,2,1,2024-02-03T17:30:00Z,90,1,0,0,0,5,0,18,29.6,0.0,0.0,3.0,0.0,0.0,0.0,2.27,1,45
2023-24,23,230,483,Daniel Jebbison,FWD,Sheffield Utd,17,2,1,2024-02-03T17:30:00Z,0,0,0,0,0,0,0,0,0.0,0.0,0.0,0.0,0.0,0.0,0.0,0.0,0,48
2023-24,23,230,484,Max Lowe,DEF,Sheffield Utd,17,2,1,2024-02-03T17:30:00Z,0,0,0,0,0,0,0,0,0.0,0.0,0.0,0.0,0.0,0.0,0.0,0.0,0,43
2023-24,23,230,485,Oliver McBurnie,FWD,Sheffield Utd,17,2,1,2024-02-03T17:30:00Z,0,0,0,0,0,0,0,0,0.0,0.0,0.0,0.0,0.0,0.0,0.0,0.0,0,54
2023-24,23,230,486,Iliman Ndiaye,FWD,Sheffield Utd,17,2,1,2024-02-03T17:30:00Z,0,0,0,0,0,0,0,0,0.0,0.0,0.0,0.0,0.0,0.0,0.0,0.0,0,55
2023-24,23,230,487,Rhys Norrington-Davies,DEF,Sheffield Utd,17,2,1,2024-02-03T17:30:00Z,49,-1,0,0,0,5,0,1,0.0,0.1,2.0,0.0,0.0,0.0,0.0,1.9,1,39
2023-24,23,230,488,Oliver Norwood,MID,Sheffield Utd,17,2,1,2024-02-03T17:30:00Z,0,0,0,0,0,0,0,0,0.0,0.0,0.0,0.0,0.0,0.0,0.0,0.0,0,48
2023-24,23,230,489,Ben Osborn,MID,Sheffield Utd,17,2,1,2024-02-03T17:30:00Z,40,1,0,0,0,0,0,5,5.4,12.3,2.0,2.0,0.0,0.01,0.01,0.37,0,48
2023-24,23,230,490,William Osula,FWD,Sheffield Utd,17,2,1,2024-02-03T17:30:00Z,45,1,0,0,0,4,0,4,1.2,1.6,2.0,0.5,0.0,0.0,0.0,1.7,1,43
2023-24,23,227,491,Brandon Austin,GK,Spurs,18,9,0,2024-02-03T12:30:00Z,0,0,0,0,0,0,0,0,0.0,0.0,0.0,0.0,0.0,0.0,0.0,0.0,0,39
2023-24,23,227,492,Rodrigo Bentancur,MID,Spurs,18,9,0,2024-02-03T12:30:00Z,63,2,0,0,0,1,0,9,3.0,3.3,0.0,0.6,0.0,0.01,0.01,1.44,1,54
2023-24,23,227,493,Yves Bissouma,MID,Spurs,18,9,0,2024-02-03T12:30:00Z,0,0,0,0,0,0,0,0,0.0,0.0,0.0,0.0,0.0,0.0,0.0,0.0,0,50
2023-24,23,227,494,Bryan Gil Salvatierra,MID,Spurs,18,9,0,2024-02-03T12:30:00Z,4,1,0,0,0,1,0,4,3.4,0.3,0.0,0.4,0.0,0.01,0.01,1.15,0,49
2023-24,23,227,495,Ben Davies,DEF,Spurs,18,9,0,2024-02-03T12:30:00Z,0,0,0,0,0,0,0,0,0.0,0.0,0.0,0.0,0.0,0.0,0.0,0.0,0,43
2023-24,23,227,496,Eric Dier,DEF,Spurs,18,9,0,2024-02-03T12:30:00Z,0,0,0,0,0,0,0,0,0.0,0.0,0.0,0.0,0.0,0.0,0.0,0.0,0,42
2023-24,23,227,497,Emerson Leite de Souza Junior,DEF,Spurs,18,9,0,2024-02-03T12:30:00Z,0,0,0,0,0,0,0,0,0.0,0.0,0.0,0.0,0.0,0.0,0.0,0.0,0,43
2023-24,23,227,498,Fraser Forster,GK,Spurs,18,9,0,2024-02-03T12:30:00Z,0,0,0,0,0,0,0,0,0.0,0.0,0.0,0.0,0.0,0.0,0.0,0.0,0,38
2023-24,23,227,499,Pierre-Emile Højbjerg,MID,Spurs,18,9,0,2024-02-03T12:30:00Z,88,2,0,0,0,1,0,10,15.8,3.3,5.0,2.4,0.08,0.01,0.09,1.76,1,52
2023-24,23,227,500,Harry Kane,FWD,Spurs,18,9,0,2024-02-03T12:30:00Z,0,0,0,0,0,0,0,0,0.0,0.0,0.0,0.0,0.0,0.0,0.0,0.0,0,125
2023-24,23,227,501,Dejan Kulusevski,MID,Spurs,18,9,0,2024-02-03T12:30:00Z,26,1,0,0,0,1,0,4,5.4,11.2,4.0,2.1,0.0,0.02,0.02,1.19,0,70
2023-24,23,227,502,Hugo Lloris,GK,Spurs,18,9,0,2024-02-03T12:30:00Z,0,0,0,0,0,0,0,0,0.0,0.0,0.0,0.0,0.0,0.0,0.0,0.0,0,47
2023-24,23,227,503,Giovani Lo Celso,MID,Spurs,18,9,0,2024-02-03T12:30:00Z,0,0,0,0,0,0,0,0,0.0,0.0,0.0,0.0,0.0,0.0,0.0,0.0,0,48
2023-24,23,227,504,James Maddison,MID,Spurs,18,9,0,2024-02-03T12:30:00Z,85,5,0,1,0,1,0,18,27.2,17.4,18.0,6.3,0.11,0.07,0.18,1.48,1,79
2023-24,23,227,505,Tanguy Ndombélé Alvaro,MID,Spurs,18,9,0,2024-02-03T12:30:00Z,0,0,0,0,0,0,0,0,0.0,0.0,0.0,0.0,0.0,0.0,0.0,0.0,0,44
2023-24,23,227,506,Pedro Porro,DEF,Spurs,18,9,0,2024-02-03T12:30:00Z,90,1,0,0,0,2,0,13,12.8,7.4,7.0,2.7,0.04,0.03,0.07,2.62,1,59
2023-24,23,227,507,Ivan Perišić,DEF,Spurs,18,9,0,2024-02-03T12:30:00Z,0,0,0,0,0,0,0,0,0.0,0.0,0.0,0.0,0.0,0.0,0.0,0.0,0,47
2023-24,23,223,508,Sergio Reguilón,DEF,Brentford,4,13,1,2024-02-05T20:00:00Z,78,1,0,0,0,3,0,11,20.4,4.4,2.0,2.7,0.1,0.02,0.12,1.97,1,44
2023-24,23,227,509,Richarlison de Andrade,MID,Spurs,18,9,0,2024-02-03T12:30:00Z,90,15,2,0,0,2,3,40,80.2,23.1,52.0,15.5,0.75,0.03,0.78,2.62,1,71
2023-24,23,227,510,Joe Rodon,DEF,Spurs,18,9,0,2024-02-03T12:30:00Z,0,0,0,0,0,0,0,0,0.0,0.0,0.0,0.0,0.0,0.0,0.0,0.0,0,40
2023-24,23,227,511,Cristian Romero,DEF,Spurs,18,9,0,2024-02-03T12:30:00Z,90,1,0,0,0,2,0,13,15.8,0.8,0.0,1.7,0.0,0.0,0.0,2.62,1,49
2023-24,23,227,512,Davinson Sánchez,DEF,Spurs,18,9,0,2024-02-03T12:30:00Z,0,0,0,0,0,0,0,0,0.0,0.0,0.0,0.0,0.0,0.0,0.0,0.0,0,44
2023-24,23,227,513,Pape Matar Sarr,MID,Spurs,18,9,0,2024-02-03T12:30:00Z,26,1,0,0,0,1,0,3,3.8,1.7,0.0,0.6,0.0,0.01,0.01,1.19,0,44
2023-24,23,227,514,Ryan Sessegnon,DEF,Spurs,18,9,0,2024-02-03T12:30:00Z,0,0,0,0,0,0,0,0,0.0,0.0,0.0,0.0,0.0,0.0,0.0,0.0,0,44
2023-24,23,227,515,Oliver Skipp,MID,Spurs,18,9,0,2024-02-03T12:30:00Z,4,1,0,0,0,1,0,4,1.2,0.1,0.0,0.1,0.0,0.0,0.0,1.15,0,45
2023-24,23,227,516,Son Heung-min,MID,Spurs,18,9,0,2024-02-03T12:30:00Z,0,0,0,0,0,0,0,0,0.0,0.0,0.0,0.0,0.0,0.0,0.0,0.0,0,97
2023-24,23,227,517,Djed Spence,DEF,Spurs,18,9,0,2024-02-03T12:30:00Z,0,0,0,0,0,0,0,0,0.0,0.0,0.0,0.0,0.0,0.0,0.0,0.0,0,40
2023-24,23,227,518,Japhet Tanganga,DEF,Spurs,18,9,0,2024-02-03T12:30:00Z,0,0,0,0,0,0,0,0,0.0,0.0,0.0,0.0,0.0,0.0,0.0,0.0,0,40
2023-24,23,227,519,Destiny Udogie,DEF,Spurs,18,9,0,2024-02-03T12:30:00Z,90,4,0,1,0,2,0,16,45.4,23.4,8.0,7.7,0.0,0.23,0.23,2.62,1,48
2023-24,23,227,520,Guglielmo Vicario,GK,Spurs,18,9,0,2024-02-03T12:30:00Z,90,1,0,0,0,2,0,17,29.6,0.0,0.0,3.0,0.0,0.0,0.0,2.62,1,53
2023-24,23,227,521,Alfie Whiteman,GK,Spurs,18,9,0,2024-02-03T12:30:00Z,0,0,0,0,0,0,0,0,0.0,0.0,0.0,0.0,0.0,0.0,0.0,0.0,0,39
2023-24,23,228,522,Nayef Aguerd,DEF,West Ham,19,14,0,2024-02-04T14:00:00Z,90,1,0,0,0,3,0,20,27.8,1.6,7.0,3.6,0.19,0.02,0.21,0.8,1,44
2023-24,23,228,523,Michail Antonio,FWD,West Ham,19,14,0,2024-02-04T14:00:00Z,0,0,0,0,0,0,0,0,0.0,0.0,0.0,0.0,0.0,0.0,0.0,0.0,0,57
2023-24,23,228,524,Alphonse Areola,GK,West Ham,19,14,0,2024-02-04T14:00:00Z,45,1,0,0,0,1,0,7,7.8,0.0,0.0,0.8,0.0,0.0,0.0,0.16,1,42
2023-24,23,228,525,Saïd Benrahma,MID,West Ham,19,14,0,2024-02-04T14:00:00Z,0,0,0,0,0,0,0,0,0.0,0.0,0.0,0.0,0.0,0.0,0.0,0.0,0,56
2023-24,23,228,526,Jarrod Bowen,MID,West Ham,19,14,0,2024-02-04T14:00:00Z,90,2,0,0,0,3,0,7,6.0,20.8,17.0,4.4,0.24,0.11,0.35,0.8,1,80
2023-24,23,228,527,Maxwel Cornet,MID,West Ham,19,14,0,2024-02-04T14:00:00Z,18,1,0,0,0,1,0,4,5.2,31.6,4.0,4.1,0.03,0.01,0.04,0.25,0,52
2023-24,23,228,528,Vladimír Coufal,DEF,West Ham,19,14,0,2024-02-04T14:00:00Z,71,1,0,0,0,2,0,15,10.4,21.3,0.0,3.2,0.0,0.03,0.03,0.54,1,46
2023-24,23,228,529,Conor Coventry,MID,West Ham,19,14,0,2024-02-04T14:00:00Z,0,0,0,0,0,0,0,0,0.0,0.0,0.0,0.0,0.0,0.0,0.0,0.0,0,43
2023-24,23,228,530,Aaron Cresswell,DEF,West Ham,19,14,0,2024-02-04T14:00:00Z,0,0,0,0,0,0,0,0,0.0,0.0,0.0,0.0,0.0,0.0,0.0,0.0,0,42
2023-24,23,228,531,Flynn Downes,MID,West Ham,19,14,0,2024-02-04T14:00:00Z,0,0,0,0,0,0,0,0,0.0,0.0,0.0,0.0,0.0,0.0,0.0,0.0,0,50
2023-24,23,228,532,Emerson Palmieri dos Santos,DEF,West Ham,19,14,0,2024-02-04T14:00:00Z,90,1,0,0,0,3,0,16,16.4,5.5,24.0,4.6,0.27,0.03,0.3,0.8,1,46
2023-24,23,228,533,Lukasz Fabianski,GK,West Ham,19,14,0,2024-02-04T14:00:00Z,45,0,0,0,0,2,0,3,1.8,0.0,0.0,0.2,0.0,0.0,0.0,0.63,0,42
2023-24,23,228,534,Pablo Fornals Malla,MID,West Ham,19,14,0,2024-02-04T14:00:00Z,0,0,0,0,0,0,0,0,0.0,0.0,0.0,0.0,0.0,0.0,0.0,0.0,0,46
2023-24,23,228,535,Danny Ings,FWD,West Ham,19,14,0,2024-02-04T14:00:00Z,0,0,0,0,0,0,0,0,0.0,0.0,0.0,0.0,0.0,0.0,0.0,0.0,0,56
2023-24,23,228,536,Ben Johnson,DEF,West Ham,19,14,0,2024-02-04T14:00:00Z,90,1,0,0,0,3,0,14,12.2,8.2,16.0,3.6,0.12,0.03,0.15,0.8,1,44
2023-24,23,228,537,Thilo Kehrer,DEF,West Ham,19,14,0,2024-02-04T14:00:00Z,0,0,0,0,0,0,0,0,0.0,0.0,0.0,0.0,0.0,0.0,0.0,0.0,0,42
2023-24,23,228,538,Divin Mubama,FWD,West Ham,19,14,0,2024-02-04T14:00:00Z,0,0,0,0,0,0,0,0,0.0,0.0,0.0,0.0,0.0,0.0,0.0,0.0,0,42
2023-24,23,228,539,Lucas Tolentino Coelho de Lima,MID,West Ham,19,14,0,2024-02-04T14:00:00Z,0,0,0,0,0,0,0,0,0.0,0.0,0.0,0.0,0.0,0.0,0.0,0.0,0,60
2023-24,23,221,540,Declan Rice,MID,Arsenal,1,11,1,2024-02-04T16:30:00Z,90,1,0,0,0,1,0,12,16.8,26.7,2.0,4.6,0.04,0.26,0.3,0.41,1,54
2023-24,23,228,541,Gianluca Scamacca,FWD,West Ham,19,14,0,2024-02-04T14:00:00Z,0,0,0,0,0,0,0,0,0.0,0.0,0.0,0.0,0.0,0.0,0.0,0.0,0,60
2023-24,23,228,542,Tomáš Souček,MID,West Ham,19,14,0,2024-02-04T14:00:00Z,71,1,0,0,0,2,0,7,0.0,2.6,9.0,1.2,0.12,0.01,0.13,0.54,1,49
2023-24,23,228,543,Nikola Vlašić,MID,West Ham,19,14,0,2024-02-04T14:00:00Z,0,0,0,0,0,0,0,0,0.0,0.0,0.0,0.0,0.0,0.0,0.0,0.0,0,45
2023-24,23,228,544,Kurt Zouma,DEF,West Ham,19,14,0,2024-02-04T14:00:00Z,90,1,0,0,0,3,0,13,11.6,11.6,6.0,2.9,0.1,0.01,0.11,0.8,1,45
2023-24,23,226,545,Rayan Aït-Nouri,DEF,Wolves,20,7,0,2024-02-04T14:00:00Z,86,4,0,1,0,2,0,17,14.2,2.3,16.0,3.3,0.09,0.01,0.1,1.67,1,45
2023-24,23,226,546,Daniel Bentley,GK,Wolves,20,7,0,2024-02-04T14:00:00Z,0,0,0,0,0,0,0,0,0.0,0.0,0.0,0.0,0.0,0.0,0.0,0.0,0,39
2023-24,23,226,547,Bendegúz Bolla,DEF,Wolves,20,7,0,2024-02-04T14:00:00Z,0,0,0,0,0,0,0,0,0.0,0.0,0.0,0.0,0.0,0.0,0.0,0.0,0,40
2023-24,23,226,548,Hugo Bueno López,DEF,Wolves,20,7,0,2024-02-04T14:00:00Z,3,1,0,0,0,0,0,8,7.6,0.0,0.0,0.8,0.0,0.0,0.0,0.21,0,44
2023-24,23,226,549,Francisco Jorge Tomás Oliveira,MID,Wolves,20,7,0,2024-02-04T14:00:00Z,0,0,0,0,0,0,0,0,0.0,0.0,0.0,0.0,0.0,0.0,0.0,0.0,0,45
2023-24,23,226,550,Luke Cundle,MID,Wolves,20,7,0,2024-02-04T14:00:00Z,0,0,0,0,0,0,0,0,0.0,0.0,0.0,0.0,0.0,0.0,0.0,0.0,0,45
2023-24,23,226,551,Craig Dawson,DEF,Wolves,20,7,0,2024-02-04T14:00:00Z,90,1,0,0,0,2,0,10,26.6,0.1,0.0,2.7,0.0,0.0,0.0,1.88,1,45
2023-24,23,226,552,Fábio Silva,FWD,Wolves,20,7,0,2024-02-04T14:00:00Z,0,0,0,0,0,0,0,0,0.0,0.0,0.0,0.0,0.0,0.0,0.0,0.0,0,52
2023-24,23,229,553,Ryan Giles,DEF,Luton,12,15,0,2024-02-03T15:00:00Z,0,0,0,0,0,0,0,0,0.0,0.0,0.0,0.0,0.0,0.0,0.0,0.0,0,42
2023-24,23,226,554,Gonçalo Manuel Ganchinho Guedes,MID,Wolves,20,7,0,2024-02-04T14:00:00Z,0,0,0,0,0,0,0,0,0.0,0.0,0.0,0.0,0.0,0.0,0.0,0.0,0,54
2023-24,23,226,555,Joe Hodge,MID,Wolves,20,7,0,2024-02-04T14:00:00Z,0,0,0,0,0,0,0,0,0.0,0.0,0.0,0.0,0.0,0.0,0.0,0.0,0,44
2023-24,23,226,556,Ki-Jana Hoever,DEF,Wolves,20,7,0,2024-02-04T14:00:00Z,0,0,0,0,0,0,0,0,0.0,0.0,0.0,0.0,0.0,0.0,0.0,0.0,0,40
2023-24,23,226,557,Hwang Hee-chan,MID,Wolves,20,7,0,2024-02-04T14:00:00Z,0,0,0,0,0,0,0,0,0.0,0.0,0.0,0.0,0.0,0.0,0.0,0.0,0,56
2023-24,23,225,558,Raúl Jiménez,FWD,Fulham,10,6,0,2024-02-03T15:00:00Z,0,0,0,0,0,0,0,0,0.0,0.0,0.0,0.0,0.0,0.0,0.0,0.0,0,52
2023-24,23,226,559,João Victor Gomes da Silva,MID,Wolves,20,7,0,2024-02-04T14:00:00Z,89,5,0,1,0,2,0,21,28.6,13.8,2.0,4.4,0.0,0.01,0.01,1.67,1,49
2023-24,23,226,560,Jonathan Castro Otto,DEF,Wolves,20,7,0,2024-02-04T14:00:00Z,0,0,0,0,0,0,0,0,0.0,0.0,0.0,0.0,0.0,0.0,0.0,0.0,0,43
2023-24,23,226,561,Bruno Cavaco Jordão,MID,Wolves,20,7,0,2024-02-04T14:00:00Z,0,0,0,0,0,0,0,0,0.0,0.0,0.0,0.0,0.0,0.0,0.0,0.0,0,43
2023-24,23,226,562,Sasa Kalajdzic,FWD,Wolves,20,7,0,2024-02-04T14:00:00Z,0,0,0,0,0,0,0,0,0.0,0.0,0.0,0.0,0.0,0.0,0.0,0.0,0,49
2023-24,23,226,563,Max Kilman,DEF,Wolves,20,7,0,2024-02-04T14:00:00Z,90,1,0,0,0,2,0,11,16.4,0.5,0.0,1.7,0.0,0.0,0.0,1.88,1,45
2023-24,23,226,564,Tom King,GK,Wolves,20,7,0,2024-02-04T14:00:00Z,0,0,0,0,0,0,0,0,0.0,0.0,0.0,0.0,0.0,0.0,0.0,0.0,0,39
2023-24,23,226,565,Mario Lemina,MID,Wolves,20,7,0,2024-02-04T14:00:00Z,90,2,0,0,0,2,0,16,12.2,13.5,0.0,2.6,0.0,0.01,0.01,1.88,1,49
2023-24,23,223,566,Matheus Luiz Nunes,MID,Man City,13,4,0,2024-02-05T20:00:00Z,0,0,0,0,0,0,0,0,0.0,0.0,0.0,0.0,0.0,0.0,0.0,0.0,0,48
2023-24,23,226,567,Pedro Lomba Neto,MID,Wolves,20,7,0,2024-02-04T14:00:00Z,71,4,0,1,0,1,0,13,22.6,25.0,47.0,9.5,0.32,0.3,0.62,1.63,1,56
2023-24,23,226,568,Daniel Castelo Podence,MID,Wolves,20,7,0,2024-02-04T14:00:00Z,0,0,0,0,0,0,0,0,0.0,0.0,0.0,0.0,0.0,0.0,0.0,0.0,0,53
2023-24,23,226,569,José Malheiro de Sá,GK,Wolves,20,7,0,2024-02-04T14:00:00Z,90,1,0,0,0,2,0,12,14.8,0.0,0.0,1.5,0.0,0.0,0.0,1.88,1,50
2023-24,23,226,570,Pablo Sarabia,MID,Wolves,20,7,0,2024-02-04T14:00:00Z,71,2,0,0,0,1,0,4,3.2,26.3,7.0,3.7,0.16,0.14,0.3,1.63,1,47
2023-24,23,226,571,Matija Šarkić,GK,Wolves,20,7,0,2024-02-04T14:00:00Z,0,0,0,0,0,0,0,0,0.0,0.0,0.0,0.0,0.0,0.0,0.0,0.0,0,40
2023-24,23,226,572,Nélson Cabral Semedo,DEF,Wolves,20,7,0,2024-02-04T14:00:00Z,90,0,0,0,0,2,0,8,12.2,11.7,5.0,2.9,0.03,0.01,0.04,1.88,1,45
2023-24,23,226,573,Toti António Gomes,DEF,Wolves,20,7,0,2024-02-04T14:00:00Z,90,1,0,0,0,2,0,14,13.4,0.7,0.0,1.4,0.0,0.0,0.0,1.88,1,44
2023-24,23,226,574,Boubacar Traoré,MID,Wolves,20,7,0,2024-02-04T14:00:00Z,0,0,0,0,0,0,0,0,0.0,0.0,0.0,0.0,0.0,0.0,0.0,0.0,0,43
2023-24,23,229,575,Tom Lockyer,DEF,Luton,12,15,0,2024-02-03T15:00:00Z,0,0,0,0,0,0,0,0,0.0,0.0,0.0,0.0,0.0,0.0,0.0,0.0,0,42
2023-24,23,230,576,Jack Robinson,DEF,Sheffield Utd,17,2,1,2024-02-03T17:30:00Z,40,1,0,0,0,0,0,-2,3.6,0.7,41.0,4.5,0.31,0.0,0.31,0.37,0,44
2023-24,23,228,577,Angelo Ogbonna,DEF,West Ham,19,14,0,2024-02-04T14:00:00Z,0,0,0,0,0,0,0,0,0.0,0.0,0.0,0.0,0.0,0.0,0.0,0.0,0,43
2023-24,23,221,578,Reiss Nelson,MID,Arsenal,1,11,1,2024-02-04T16:30:00Z,11,1,0,0,0,0,0,3,2.0,0.3,2.0,0.4,0.0,0.0,0.0,0.02,0,48
2023-24,23,227,579,Andy Lonergan,GK,Everton,9,18,1,2024-02-03T12:30:00Z,0,0,0,0,0,0,0,0,0.0,0.0,0.0,0.0,0.0,0.0,0.0,0.0,0,39
2023-24,23,229,580,Loris Karius,GK,Newcastle,15,12,1,2024-02-03T15:00:00Z,0,0,0,0,0,0,0,0,0.0,0.0,0.0,0.0,0.0,0.0,0.0,0.0,0,39
2023-24,23,229,581,Paul Dummett,DEF,Newcastle,15,12,1,2024-02-03T15:00:00Z,0,0,0,0,0,0,0,0,0.0,0.0,0.0,0.0,0.0,0.0,0.0,0.0,0,39
2023-24,23,229,582,Pelly Ruddock Mpanzu,MID,Luton,12,15,0,2024-02-03T15:00:00Z,22,1,0,0,0,1,0,1,3.2,0.9,19.0,2.3,0.07,0.01,0.08,0.6,0,47
2023-24,23,227,583,Manor Solomon,MID,Spurs,18,9,0,2024-02-03T12:30:00Z,0,0,0,0,0,0,0,0,0.0,0.0,0.0,0.0,0.0,0.0,0.0,0.0,0,51
2023-24,23,230,584,Pau Torres,DEF,Aston Villa,2,17,0,2024-02-03T17:30:00Z,0,0,0,0,0,0,0,0,0.0,0.0,0.0,0.0,0.0,0.0,0.0,0.0,0,46
2023-24,23,221,585,Jurriën Timber,DEF,Arsenal,1,11,1,2024-02-04T16:30:00Z,0,0,0,0,0,0,0,0,0.0,0.0,0.0,0.0,0.0,0.0,0.0,0.0,0,46
2023-24,23,229,586,Tahith Chong,MID,Luton,12,15,0,2024-02-03T15:00:00Z,0,0,0,0,0,0,0,0,0.0,0.0,0.0,0.0,0.0,0.0,0.0,0.0,0,47
2023-24,23,230,587,Anis Slimane,MID,Sheffield Utd,17,2,1,2024-02-03T17:30:00Z,0,0,0,0,0,0,0,0,0.0,0.0,0.0,0.0,0.0,0.0,0.0,0.0,0,47
2023-24,23,227,588,Ashley Young,DEF,Everton,9,18,1,2024-02-03T12:30:00Z,79,1,0,0,0,2,0,12,12.2,31.0,2.0,4.5,0.0,0.14,0.14,0.98,1,44
2023-24,23,226,589,Ângelo Gabriel Borges Damaceno,MID,Chelsea,7,20,1,2024-02-04T14:00:00Z,0,0,0,0,0,0,0,0,0.0,0.0,0.0,0.0,0.0,0.0,0.0,0.0,0,50
2023-24,23,226,590,Matheus Santos Carneiro Da Cunha,FWD,Wolves,20,7,0,2024-02-04T14:00:00Z,90,17,3,0,0,2,3,85,105.8,17.4,68.0,19.1,1.12,0.11,1.23,1.88,1,58
2023-24,23,225,591,Willian Borges da Silva,MID,Fulham,10,6,0,2024-02-03T15:00:00Z,90,2,0,0,0,2,0,11,11.8,18.3,33.0,6.3,0.18,0.15,0.33,1.68,1,53
2023-24,23,230,592,Yasser Larouci,DEF,Sheffield Utd,17,2,1,2024-02-03T17:30:00Z,0,0,0,0,0,0,0,0,0.0,0.0,0.0,0.0,0.0,0.0,0.0,0.0,0,43
2023-24,23,230,593,Bénie Traoré,FWD,Sheffield Utd,17,2,1,2024-02-03T17:30:00Z,0,0,0,0,0,0,0,0,0.0,0.0,0.0,0.0,0.0,0.0,0.0,0.0,0,51
2023-24,23,225,594,Zeki Amdouni,FWD,Burnley,6,10,1,2024-02-03T15:00:00Z,62,2,0,0,0,2,0,6,8.0,0.7,7.0,1.6,0.02,0.0,0.02,0.84,1,53
2023-24,23,222,595,Milos Kerkez,DEF,Bournemouth,3,16,1,2024-02-04T14:00:00Z,7,1,0,0,0,0,0,3,0.6,1.5,0.0,0.2,0.0,0.0,0.0,0.02,0,44
2023-24,23,225,596,James Trafford,GK,Burnley,6,10,1,2024-02-03T15:00:00Z,90,2,0,0,0,2,0,23,43.4,3.0,0.0,4.6,0.0,0.0,0.0,1.28,1,45
2023-24,23,228,597,André Onana,GK,Man Utd,14,19,1,2024-02-04T14:00:00Z,90,8,0,0,1,0,1,29,32.4,0.0,0.0,3.2,0.0,0.0,0.0,1.69,1,48
2023-24,23,226,598,Matt Doherty,DEF,Wolves,20,7,0,2024-02-04T14:00:00Z,1,1,0,0,0,0,0,3,2.0,0.0,0.0,0.2,0.0,0.0,0.0,0.21,0,43
2023-24,23,230,599,Moussa Diaby,MID,Aston Villa,2,17,0,2024-02-03T17:30:00Z,30,1,0,0,0,0,0,6,11.2,18.8,23.0,5.3,0.22,0.08,0.3,1.02,0,65
2023-24,23,225,600,Nathan Redmond,MID,Burnley,6,10,1,2024-02-03T15:00:00Z,0,0,0,0,0,0,0,0,0.0,0.0,0.0,0.0,0.0,0.0,0.0,0.0,0,47
2023-24,23,227,601,Arnaut Danjuma Groeneveld,MID,Everton,9,18,1,2024-02-03T12:30:00Z,0,0,0,0,0,0,0,0,0.0,0.0,0.0,0.0,0.0,0.0,0.0,0.0,0,52
2023-24,23,229,602,Issa Kaboré,DEF,Luton,12,15,0,2024-02-03T15:00:00Z,0,0,0,0,0,0,0,0,0.0,0.0,0.0,0.0,0.0,0.0,0.0,0.0,0,40
2023-24,23,229,603,Harvey Barnes,MID,Newcastle,15,12,1,2024-02-03T15:00:00Z,27,6,1,0,0,0,0,22,37.8,2.2,31.0,7.1,0.3,0.09,0.39,0.18,0,62
2023-24,23,222,604,Olu Aina,DEF,Nott'm Forest,16,3,0,2024-02-04T14:00:00Z,0,0,0,0,0,0,0,0,0.0,0.0,0.0,0.0,0.0,0.0,0.0,0.0,0,45
2023-24,23,225,605,Luca Koleosho,MID,Burnley,6,10,1,2024-02-03T15:00:00Z,0,0,0,0,0,0,0,0,0.0,0.0,0.0,0.0,0.0,0.0,0.0,0.0,0,48
2023-24,23,224,606,Igor Julio dos Santos de Paulo,DEF,Brighton,5,8,1,2024-02-03T15:00:00Z,87,2,0,0,0,1,0,13,15.8,3.0,0.0,1.9,0.0,0.01,0.01,0.28,1,43
2023-24,23,222,607,Ionuț Radu,GK,Bournemouth,3,16,1,2024-02-04T14:00:00Z,0,0,0,0,0,0,0,0,0.0,0.0,0.0,0.0,0.0,0.0,0.0,0.0,0,44
2023-24,23,225,608,Jacob Bruun Larsen,MID,Burnley,6,10,1,2024-02-03T15:00:00Z,3,1,0,0,0,0,0,2,0.0,0.3,0.0,0.0,0.0,0.0,0.0,0.0,0,49
2023-24,23,226,609,Ian Maatsen,MID,Chelsea,7,20,1,2024-02-04T14:00:00Z,0,0,0,0,0,0,0,0,0.0,0.0,0.0,0.0,0.0,0.0,0.0,0.0,0,51
2023-24,23,225,610,Calvin Bassey,DEF,Fulham,10,6,0,2024-02-03T15:00:00Z,0,0,0,0,0,0,0,0,0.0,0.0,0.0,0.0,0.0,0.0,0.0,0.0,0,44
2023-24,23,226,611,Axel Disasi,DEF,Chelsea,7,20,1,2024-02-04T14:00:00Z,90,-2,0,0,0,4,0,12,12.0,7.7,6.0,2.6,0.0,0.02,0.02,1.93,1,49
2023-24,23,226,613,Lesley Ugochukwu,MID,Chelsea,7,20,1,2024-02-04T14:00:00Z,0,0,0,0,0,0,0,0,0.0,0.0,0.0,0.0,0.0,0.0,0.0,0.0,0,44
2023-24,23,229,614,Thomas Kaminski,GK,Luton,12,15,0,2024-02-03T15:00:00Z,90,0,0,0,0,4,0,13,20.0,0.0,0.0,2.0,0.0,0.0,0.0,2.28,1,45
2023-24,23,224,615,Matheus França de Oliveira,MID,Crystal Palace,8,5,0,2024-02-03T15:00:00Z,34,0,0,0,0,1,0,-3,1.8,1.6,18.0,2.1,0.11,0.02,0.13,0.63,0,48
2023-24,23,223,616,Joško Gvardiol,DEF,Man City,13,4,0,2024-02-05T20:00:00Z,90,2,0,0,0,1,0,19,21.4,28.3,20.0,7.0,0.17,0.05,0.22,1.02,1,48
2023-24,23,228,617,Rasmus Højlund,FWD,Man Utd,14,19,1,2024-02-04T14:00:00Z,87,8,1,0,1,0,2,32,34.8,1.8,29.0,6.6,0.14,0.02,0.16,1.62,1,69
2023-24,23,230,618,Omari Kellyman,MID,Aston Villa,2,17,0,2024-02-03T17:30:00Z,0,0,0,0,0,0,0,0,0.0,0.0,0.0,0.0,0.0,0.0,0.0,0.0,0,45
2023-24,23,222,619,Ben Greenwood,DEF,Bournemouth,3,16,1,2024-02-04T14:00:00Z,0,0,0,0,0,0,0,0,0.0,0.0,0.0,0.0,0.0,0.0,0.0,0.0,0,40
2023-24,23,223,620,Michael Olakigbe,MID,Brentford,4,13,1,2024-02-05T20:00:00Z,0,0,0,0,0,0,0,0,0.0,0.0,0.0,0.0,0.0,0.0,0.0,0.0,0,45
2023-24,23,224,621,Jack Hinshelwood,MID,Brighton,5,8,1,2024-02-03T15:00:00Z,90,7,1,0,0,1,0,29,44.6,6.9,21.0,7.3,0.07,0.01,0.08,0.32,1,45
2023-24,23,225,622,Owen Dodgson,DEF,Burnley,6,10,1,2024-02-03T15:00:00Z,0,0,0,0,0,0,0,0,0.0,0.0,0.0,0.0,0.0,0.0,0.0,0.0,0,40
2023-24,23,226,623,Mason Burstow,FWD,Chelsea,7,20,1,2024-02-04T14:00:00Z,0,0,0,0,0,0,0,0,0.0,0.0,0.0,0.0,0.0,0.0,0.0,0.0,0,45
2023-24,23,227,624,Lewis Dobbin,MID,Everton,9,18,1,2024-02-03T12:30:00Z,5,0,0,0,0,0,0,7,5.2,14.5,0.0,2.0,0.0,0.08,0.08,0.0,0,45
2023-24,23,225,625,Luc De Fougerolles,DEF,Fulham,10,6,0,2024-02-03T15:00:00Z,0,0,0,0,0,0,0,0,0.0,0.0,0.0,0.0,0.0,0.0,0.0,0.0,0,39
2023-24,23,221,626,Jarell Quansah,DEF,Liverpool,11,1,0,2024-02-04T16:30:00Z,0,0,0,0,0,0,0,0,0.0,0.0,0.0,0.0,0.0,0.0,0.0,0.0,0,40
2023-24,23,221,627,Bobby Clark,MID,Liverpool,11,1,0,2024-02-04T16:30:00Z,0,0,0,0,0,0,0,0,0.0,0.0,0.0,0.0,0.0,0.0,0.0,0.0,0,44
2023-24,23,221,628,Ben Doak,MID,Liverpool,11,1,0,2024-02-04T16:30:00Z,0,0,0,0,0,0,0,0,0.0,0.0,0.0,0.0,0.0,0.0,0.0,0.0,0,44
2023-24,23,221,629,James McConnell,MID,Liverpool,11,1,0,2024-02-04T16:30:00Z,0,0,0,0,0,0,0,0,0.0,0.0,0.0,0.0,0.0,0.0,0.0,0.0,0,44
2023-24,23,229,630,Ross Barkley,MID,Luton,12,15,0,2024-02-03T15:00:00Z,90,13,1,1,0,4,3,54,82.0,54.4,37.0,17.3,0.61,0.44,1.05,2.28,1,49
2023-24,23,229,631,Jacob Brown,FWD,Luton,12,15,0,2024-02-03T15:00:00Z,11,1,0,0,0,0,0,1,3.2,0.5,7.0,1.1,0.05,0.0,0.05,0.19,0,49
2023-24,23,228,632,Omari Forson,MID,Man Utd,14,19,1,2024-02-04T14:00:00Z,0,0,0,0,0,0,0,0,0.0,0.0,0.0,0.0,0.0,0.0,0.0,0.0,0,44
2023-24,23,229,633,Tino Livramento,DEF,Newcastle,15,12,1,2024-02-03T15:00:00Z,26,1,0,0,0,0,0,2,3.8,1.3,0.0,0.5,0.0,0.01,0.01,0.18,0,43
2023-24,23,229,634,Alex Murphy,DEF,Newcastle,15,12,1,2024-02-03T15:00:00Z,0,0,0,0,0,0,0,0,0.0,0.0,0.0,0.0,0.0,0.0,0.0,0.0,0,39
2023-24,23,229,635,Lewis Miley,MID,Newcastle,15,12,1,2024-02-03T15:00:00Z,90,5,0,1,0,4,0,21,34.4,24.6,0.0,5.9,0.0,0.04,0.04,2.27,1,45
2023-24,23,222,636,George Shelvey,GK,Nott'm Forest,16,3,0,2024-02-04T14:00:00Z,0,0,0,0,0,0,0,0,0.0,0.0,0.0,0.0,0.0,0.0,0.0,0.0,0,39
2023-24,23,222,637,Josh Powell,DEF,Nott'm Forest,16,3,0,2024-02-04T14:00:00Z,0,0,0,0,0,0,0,0,0.0,0.0,0.0,0.0,0.0,0.0,0.0,0.0,0,39
2023-24,23,230,638,Vini de Souza Costa,MID,Sheffield Utd,17,2,1,2024-02-03T17:30:00Z,90,2,0,0,0,5,0,11,21.8,2.1,2.0,2.6,0.0,0.01,0.01,2.27,1,50
2023-24,23,227,639,Micky van de Ven,DEF,Spurs,18,9,0,2024-02-03T12:30:00Z,90,1,0,0,0,2,0,22,28.6,0.8,0.0,2.9,0.0,0.0,0.0,2.62,1,44
2023-24,23,227,640,Dane Scarlett,FWD,Spurs,18,9,0,2024-02-03T12:30:00Z,0,0,0,0,0,0,0,0,0.0,0.0,0.0,0.0,0.0,0.0,0.0,0.0,0,45
2023-24,23,227,641,Alejo Véliz,FWD,Spurs,18,9,0,2024-02-03T12:30:00Z,0,0,0,0,0,0,0,0,0.0,0.0,0.0,0.0,0.0,0.0,0.0,0.0,0,54
2023-24,23,228,642,Edson Álvarez Velázquez,MID,West Ham,19,14,0,2024-02-04T14:00:00Z,90,2,0,0,0,3,0,16,20.0,39.6,6.0,6.6,0.12,0.21,0.33,0.8,1,50
2023-24,23,222,643,Max Aarons,DEF,Bournemouth,3,16,1,2024-02-04T14:00:00Z,0,0,0,0,0,0,0,0,0.0,0.0,0.0,0.0,0.0,0.0,0.0,0.0,0,44
2023-24,23,222,644,Alex Scott,MID,Bournemouth,3,16,1,2024-02-04T14:00:00Z,34,1,0,0,0,0,0,0,3.0,0.8,0.0,0.4,0.0,0.01,0.01,0.05,0,49
2023-24,23,227,645,Youssef Ramalho Chermiti,FWD,Everton,9,18,1,2024-02-03T12:30:00Z,10,1,0,0,0,0,0,-1,3.2,0.3,17.0,2.1,0.29,0.0,0.29,0.0,0,48
2023-24,23,221,646,Karl Hein,GK,Arsenal,1,11,1,2024-02-04T16:30:00Z,0,0,0,0,0,0,0,0,0.0,0.0,0.0,0.0,0.0,0.0,0.0,0.0,0,40
2023-24,23,228,647,Joseph Anang,GK,West Ham,19,14,0,2024-02-04T14:00:00Z,0,0,0,0,0,0,0,0,0.0,0.0,0.0,0.0,0.0,0.0,0.0,0.0,0,40
2023-24,23,229,648,Aidan Francis-Clarke,DEF,Luton,12,15,0,2024-02-03T15:00:00Z,0,0,0,0,0,0,0,0,0.0,0.0,0.0,0.0,0.0,0.0,0.0,0.0,0,40
2023-24,23,227,649,Thomas Cannon,FWD,Everton,9,18,1,2024-02-03T12:30:00Z,0,0,0,0,0,0,0,0,0.0,0.0,0.0,0.0,0.0,0.0,0.0,0.0,0,45
2023-24,23,227,650,Tyler Onyango,MID,Everton,9,18,1,2024-02-03T12:30:00Z,0,0,0,0,0,0,0,0,0.0,0.0,0.0,0.0,0.0,0.0,0.0,0.0,0,44
2023-24,23,225,651,Jay Stansfield,FWD,Fulham,10,6,0,2024-02-03T15:00:00Z,0,0,0,0,0,0,0,0,0.0,0.0,0.0,0.0,0.0,0.0,0.0,0.0,0,45
2023-24,23,225,652,Matthew Dibley-Dias,MID,Fulham,10,6,0,2024-02-03T15:00:00Z,0,0,0,0,0,0,0,0,0.0,0.0,0.0,0.0,0.0,0.0,0.0,0.0,0,45
2023-24,23,230,653,Femi Seriki,DEF,Sheffield Utd,17,2,1,2024-02-03T17:30:00Z,0,0,0,0,0,0,0,0,0.0,0.0,0.0,0.0,0.0,0.0,0.0,0.0,0,39
2023-24,23,230,654,Louie Marsh,FWD,Sheffield Utd,17,2,1,2024-02-03T17:30:00Z,0,0,0,0,0,0,0,0,0.0,0.0,0.0,0.0,0.0,0.0,0.0,0.0,0,45
2023-24,23,230,655,Andre Brooks,MID,Sheffield Utd,17,2,1,2024-02-03T17:30:00Z,49,1,0,0,0,5,0,2,0.4,0.2,0.0,0.1,0.0,0.0,0.0,1.9,1,44
2023-24,23,230,656,Antwoine Hackford,FWD,Sheffield Utd,17,2,1,2024-02-03T17:30:00Z,0,0,0,0,0,0,0,0,0.0,0.0,0.0,0.0,0.0,0.0,0.0,0.0,0,44
2023-24,23,224,657,Jesurun Rak-Sakyi,MID,Crystal Palace,8,5,0,2024-02-03T15:00:00Z,0,0,0,0,0,0,0,0,0.0,0.0,0.0,0.0,0.0,0.0,0.0,0.0,0,45
2023-24,23,224,658,John-Kymani Gordon,FWD,Crystal Palace,8,5,0,2024-02-03T15:00:00Z,0,0,0,0,0,0,0,0,0.0,0.0,0.0,0.0,0.0,0.0,0.0,0.0,0,45
2023-24,23,226,659,Lucas Bergström,GK,Chelsea,7,20,1,2024-02-04T14:00:00Z,0,0,0,0,0,0,0,0,0.0,0.0,0.0,0.0,0.0,0.0,0.0,0.0,0,39
2023-24,23,225,660,Wilson Odobert,MID,Burnley,6,10,1,2024-02-03T15:00:00Z,90,5,0,1,0,2,0,15,6.8,12.6,15.0,3.4,0.07,0.06,0.13,1.28,1,50
2023-24,23,227,661,Jack Harrison,MID,Everton,9,18,1,2024-02-03T12:30:00Z,90,9,1,0,0,2,2,24,36.2,2.5,40.0,7.9,0.89,0.09,0.98,0.98,1,55
2023-24,23,225,662,Adama Traoré,MID,Fulham,10,6,0,2024-02-03T15:00:00Z,0,0,0,0,0,0,0,0,0.0,0.0,0.0,0.0,0.0,0.0,0.0,0.0,0,49
2023-24,23,230,663,Gustavo Hamer,MID,Sheffield Utd,17,2,1,2024-02-03T17:30:00Z,45,1,0,0,0,1,0,8,10.4,34.9,21.0,6.6,0.04,0.12,0.16,0.57,0,50
2023-24,23,228,664,James Ward-Prowse,MID,West Ham,19,14,0,2024-02-04T14:00:00Z,90,2,0,0,0,3,0,15,14.6,54.8,5.0,7.4,0.27,0.23,0.5,0.8,1,60
2023-24,23,229,665,Tim Krul,GK,Luton,12,15,0,2024-02-03T15:00:00Z,0,0,0,0,0,0,0,0,0.0,0.0,0.0,0.0,0.0,0.0,0.0,0.0,0,44
2023-24,23,230,666,Tom Davies,MID,Sheffield Utd,17,2,1,2024-02-03T17:30:00Z,18,1,0,0,0,0,0,5,2.4,3.6,5.0,1.1,0.03,0.02,0.05,0.37,0,50
2023-24,23,226,667,Roméo Lavia,MID,Chelsea,7,20,1,2024-02-04T14:00:00Z,0,0,0,0,0,0,0,0,0.0,0.0,0.0,0.0,0.0,0.0,0.0,0.0,0,49
2023-24,23,221,668,Wataru Endo,MID,Liverpool,11,1,0,2024-02-04T16:30:00Z,0,0,0,0,0,0,0,0,0.0,0.0,0.0,0.0,0.0,0.0,0.0,0.0,0,54
2023-24,23,228,669,Radek Vítek,GK,Man Utd,14,19,1,2024-02-04T14:00:00Z,0,0,0,0,0,0,0,0,0.0,0.0,0.0,0.0,0.0,0.0,0.0,0.0,0,40
2023-24,23,230,670,Filip Marschall,GK,Aston Villa,2,17,0,2024-02-03T17:30:00Z,0,0,0,0,0,0,0,0,0.0,0.0,0.0,0.0,0.0,0.0,0.0,0.0,0,40
2023-24,23,226,671,Bashir Humphreys,DEF,Chelsea,7,20,1,2024-02-04T14:00:00Z,0,0,0,0,0,0,0,0,0.0,0.0,0.0,0.0,0.0,0.0,0.0,0.0,0,40
2023-24,23,230,672,Nicolò Zaniolo,MID,Aston Villa,2,17,0,2024-02-03T17:30:00Z,0,0,0,0,0,0,0,0,0.0,0.0,0.0,0.0,0.0,0.0,0.0,0.0,0,54
2023-24,23,222,673,Tyler Adams,MID,Bournemouth,3,16,1,2024-02-04T14:00:00Z,0,0,0,0,0,0,0,0,0.0,0.0,0.0,0.0,0.0,0.0,0.0,0.0,0,49
2023-24,23,225,674,Hannes Delcroix,DEF,Burnley,6,10,1,2024-02-03T15:00:00Z,0,0,0,0,0,0,0,0,0.0,0.0,0.0,0.0,0.0,0.0,0.0,0.0,0,40
2023-24,23,225,675,Aaron Ramsey,MID,Burnley,6,10,1,2024-02-03T15:00:00Z,62,2,0,0,0,2,0,8,9.8,4.1,19.0,3.3,0.16,0.02,0.18,0.84,1,50
2023-24,23,228,676,Konstantinos Mavropanos,DEF,West Ham,19,14,0,2024-02-04T14:00:00Z,0,0,0,0,0,0,0,0,0.0,0.0,0.0,0.0,0.0,0.0,0.0,0.0,0,45
2023-24,23,226,677,Deivid Washington de Souza Eugênio,FWD,Chelsea,7,20,1,2024-02-04T14:00:00Z,0,0,0,0,0,0,0,0,0.0,0.0,0.0,0.0,0.0,0.0,0.0,0.0,0,45
2023-24,23,223,678,Jérémy Doku,MID,Man City,13,4,0,2024-02-05T20:00:00Z,19,1,0,0,0,0,0,4,5.0,15.8,2.0,2.3,0.0,0.04,0.04,0.03,0,65
2023-24,23,222,679,Gonzalo Montiel,DEF,Nott'm Forest,16,3,0,2024-02-04T14:00:00Z,12,1,0,0,0,0,0,2,1.6,1.3,0.0,0.3,0.0,0.01,0.01,0.0,0,44
2023-24,23,226,680,Eddie Beach,GK,Chelsea,7,20,1,2024-02-04T14:00:00Z,0,0,0,0,0,0,0,0,0.0,0.0,0.0,0.0,0.0,0.0,0.0,0.0,0,40
2023-24,23,226,681,Diego Manuel Jadon da Silva Moreira,MID,Chelsea,7,20,1,2024-02-04T14:00:00Z,0,0,0,0,0,0,0,0,0.0,0.0,0.0,0.0,0.0,0.0,0.0,0.0,0,45
2023-24,23,229,682,Joseph Johnson,DEF,Luton,12,15,0,2024-02-03T15:00:00Z,0,0,0,0,0,0,0,0,0.0,0.0,0.0,0.0,0.0,0.0,0.0,0.0,0,40
2023-24,23,225,683,Luke Harris,MID,Fulham,10,6,0,2024-02-03T15:00:00Z,0,0,0,0,0,0,0,0,0.0,0.0,0.0,0.0,0.0,0.0,0.0,0.0,0,45
2023-24,23,223,684,Ethan Brierley,MID,Brentford,4,13,1,2024-02-05T20:00:00Z,0,0,0,0,0,0,0,0,0.0,0.0,0.0,0.0,0.0,0.0,0.0,0.0,0,45
2023-24,23,228,685,Daniel Gore,MID,Man Utd,14,19,1,2024-02-04T14:00:00Z,0,0,0,0,0,0,0,0,0.0,0.0,0.0,0.0,0.0,0.0,0.0,0.0,0,45
2023-24,23,230,686,Oliwier Zych,GK,Aston Villa,2,17,0,2024-02-03T17:30:00Z,0,0,0,0,0,0,0,0,0.0,0.0,0.0,0.0,0.0,0.0,0.0,0.0,0,40
2023-24,23,226,687,Đorđe Petrović,GK,Chelsea,7,20,1,2024-02-04T14:00:00Z,90,1,0,0,0,4,0,16,32.8,0.0,0.0,3.3,0.0,0.0,0.0,1.93,1,45
2023-24,23,225,688,Timothy Castagne,DEF,Fulham,10,6,0,2024-02-03T15:00:00Z,90,1,0,0,0,2,0,9,19.0,6.0,22.0,4.7,0.43,0.02,0.45,1.68,1,45
2023-24,23,228,689,Mohammed Kudus,MID,West Ham,19,14,0,2024-02-04T14:00:00Z,90,2,0,0,0,3,0,13,20.6,15.8,29.0,6.5,0.2,0.03,0.23,0.8,1,68
2023-24,23,224,690,Carlos Baleba,MID,Brighton,5,8,1,2024-02-03T15:00:00Z,10,1,0,0,0,0,0,3,1.4,1.3,0.0,0.3,0.0,0.0,0.0,0.13,0,45
2023-24,23,227,691,Norberto Bercique Gomes Betuncal,FWD,Everton,9,18,1,2024-02-03T12:30:00Z,5,1,0,0,0,0,0,2,0.0,0.0,0.0,0.0,0.0,0.0,0.0,0.0,0,57
2023-24,23,225,692,Steven Benda,GK,Fulham,10,6,0,2024-02-03T15:00:00Z,0,0,0,0,0,0,0,0,0.0,0.0,0.0,0.0,0.0,0.0,0.0,0.0,0,40
2023-24,23,230,693,Luke Thomas,DEF,Sheffield Utd,17,2,1,2024-02-03T17:30:00Z,0,0,0,0,0,0,0,0,0.0,0.0,0.0,0.0,0.0,0.0,0.0,0.0,0,40
2023-24,23,225,694,Han-Noah Massengo,MID,Burnley,6,10,1,2024-02-03T15:00:00Z,1,1,0,0,0,0,0,3,0.2,0.0,0.0,0.0,0.0,0.0,0.0,0.0,0,49
2023-24,23,228,695,Altay Bayindir,GK,Man Utd,14,19,1,2024-02-04T14:00:00Z,0,0,0,0,0,0,0,0,0.0,0.0,0.0,0.0,0.0,0.0,0.0,0.0,0,40
2023-24,23,222,696,Murillo Santiago Costa dos Santos,DEF,Nott'm Forest,16,3,0,2024-02-04T14:00:00Z,90,2,0,0,0,1,0,14,25.8,10.8,4.0,4.1,0.0,0.2,0.2,0.96,1,45
2023-24,23,226,697,Santiago Bueno,DEF,Wolves,20,7,0,2024-02-04T14:00:00Z,0,0,0,0,0,0,0,0,0.0,0.0,0.0,0.0,0.0,0.0,0.0,0.0,0,45
2023-24,23,226,698,Enso González,MID,Wolves,20,7,0,2024-02-04T14:00:00Z,0,0,0,0,0,0,0,0,0.0,0.0,0.0,0.0,0.0,0.0,0.0,0.0,0,50
2023-24,23,230,699,Clément Lenglet,DEF,Aston Villa,2,17,0,2024-02-03T17:30:00Z,90,6,0,0,1,0,0,28,21.2,1.8,0.0,2.3,0.0,0.01,0.01,1.26,1,45
2023-24,23,224,700,Anssumane Fati Vieira,MID,Brighton,5,8,1,2024-02-03T15:00:00Z,2,1,0,0,0,0,0,3,0.0,0.0,0.0,0.0,0.0,0.0,0.0,0.03,0,64
2023-24,23,223,701,Saman Ghoddos,MID,Brentford,4,13,1,2024-02-05T20:00:00Z,0,0,0,0,0,0,0,0,0.0,0.0,0.0,0.0,0.0,0.0,0.0,0.0,0,45
2023-24,23,227,702,Ashley Phillips,DEF,Spurs,18,9,0,2024-02-03T12:30:00Z,0,0,0,0,0,0,0,0,0.0,0.0,0.0,0.0,0.0,0.0,0.0,0.0,0,40
2023-24,23,228,703,Jonny Evans,DEF,Man Utd,14,19,1,2024-02-04T14:00:00Z,0,0,0,0,0,0,0,0,0.0,0.0,0.0,0.0,0.0,0.0,0.0,0.0,0,40
2023-24,23,226,704,Nathan Fraser,FWD,Wolves,20,7,0,2024-02-04T14:00:00Z,0,0,0,0,0,0,0,0,0.0,0.0,0.0,0.0,0.0,0.0,0.0,0.0,0,45
2023-24,23,222,705,Luis Sinisterra,MID,Bournemouth,3,16,1,2024-02-04T14:00:00Z,70,7,0,1,0,1,2,22,26.2,28.3,34.0,8.9,0.32,0.14,0.46,0.55,1,55
2023-24,23,225,706,Mike Trésor,MID,Burnley,6,10,1,2024-02-03T15:00:00Z,0,0,0,0,0,0,0,0,0.0,0.0,0.0,0.0,0.0,0.0,0.0,0.0,0,53
2023-24,23,225,707,Fodé Ballo-Touré,DEF,Fulham,10,6,0,2024-02-03T15:00:00Z,0,0,0,0,0,0,0,0,0.0,0.0,0.0,0.0,0.0,0.0,0.0,0.0,0,45
2023-24,23,221,708,Ryan Gravenberch,MID,Liverpool,11,1,0,2024-02-04T16:30:00Z,57,1,0,0,0,1,0,4,2.6,1.8,0.0,0.4,0.0,0.02,0.02,2.1,1,50
2023-24,23,228,709,Sofyan Amrabat,MID,Man Utd,14,19,1,2024-02-04T14:00:00Z,0,0,0,0,0,0,0,0,0.0,0.0,0.0,0.0,0.0,0.0,0.0,0.0,0,50
2023-24,23,222,710,Odysseas Vlachodimos,GK,Nott'm Forest,16,3,0,2024-02-04T14:00:00Z,0,0,0,0,0,0,0,0,0.0,0.0,0.0,0.0,0.0,0.0,0.0,0.0,0,45
2023-24,23,222,711,Andrew Omobamidele,DEF,Nott'm Forest,16,3,0,2024-02-04T14:00:00Z,90,1,0,0,0,1,0,14,31.0,10.3,2.0,4.3,0.0,0.0,0.0,0.96,1,45
2023-24,23,222,712,Nicolás Domínguez,MID,Nott'm Forest,16,3,0,2024-02-04T14:00:00Z,71,2,0,0,0,1,0,11,27.8,12.1,0.0,4.0,0.0,0.01,0.01,0.91,1,50
2023-24,23,222,713,Ibrahim Sangaré,MID,Nott'm Forest,16,3,0,2024-02-04T14:00:00Z,0,0,0,0,0,0,0,0,0.0,0.0,0.0,0.0,0.0,0.0,0.0,0.0,0,49
2023-24,23,222,714,Divock Origi,FWD,Nott'm Forest,16,3,0,2024-02-04T14:00:00Z,0,0,0,0,0,0,0,0,0.0,0.0,0.0,0.0,0.0,0.0,0.0,0.0,0,50
2023-24,23,226,715,Jean-Ricner Bellegarde,MID,Wolves,20,7,0,2024-02-04T14:00:00Z,18,1,0,0,0,1,0,1,4.4,1.9,19.0,2.5,0.22,0.02,0.24,0.25,0,49
2023-24,23,226,716,Alfie Gilchrist,DEF,Chelsea,7,20,1,2024-02-04T14:00:00Z,9,1,0,0,0,1,0,1,0.0,0.8,0.0,0.0,0.0,0.01,0.01,1.01,0,40
2023-24,23,226,717,Ronnie Stutter,FWD,Chelsea,7,20,1,2024-02-04T14:00:00Z,0,0,0,0,0,0,0,0,0.0,0.0,0.0,0.0,0.0,0.0,0.0,0.0,0,45
2023-24,23,226,718,Alex Matos,MID,Chelsea,7,20,1,2024-02-04T14:00:00Z,0,0,0,0,0,0,0,0,0.0,0.0,0.0,0.0,0.0,0.0,0.0,0.0,0,45
2023-24,23,227,719,Mackenzie Hunt,MID,Everton,9,18,1,2024-02-03T12:30:00Z,0,0,0,0,0,0,0,0,0.0,0.0,0.0,0.0,0.0,0.0,0.0,0.0,0,45
2023-24,23,224,720,Ademola Ola-Adebomi,FWD,Crystal Palace,8,5,0,2024-02-03T15:00:00Z,0,0,0,0,0,0,0,0,0.0,0.0,0.0,0.0,0.0,0.0,0.0,0.0,0,45
2023-24,23,224,721,David Ozoh,MID,Crystal Palace,8,5,0,2024-02-03T15:00:00Z,0,0,0,0,0,0,0,0,0.0,0.0,0.0,0.0,0.0,0.0,0.0,0.0,0,45
2023-24,23,227,722,Jamie Donley,FWD,Spurs,18,9,0,2024-02-03T12:30:00Z,0,0,0,0,0,0,0,0,0.0,0.0,0.0,0.0,0.0,0.0,0.0,0.0,0,45
2023-24,23,226,723,Josh Brooking,DEF,Chelsea,7,20,1,2024-02-04T14:00:00Z,0,0,0,0,0,0,0,0,0.0,0.0,0.0,0.0,0.0,0.0,0.0,0.0,0,40
2023-24,23,224,724,Jadan Raymond,MID,Crystal Palace,8,5,0,2024-02-03T15:00:00Z,0,0,0,0,0,0,0,0,0.0,0.0,0.0,0.0,0.0,0.0,0.0,0.0,0,45
2023-24,23,223,725,Ji-Soo Kim,DEF,Brentford,4,13,1,2024-02-05T20:00:00Z,0,0,0,0,0,0,0,0,0.0,0.0,0.0,0.0,0.0,0.0,0.0,0.0,0,40
2023-24,23,221,726,Luke Chambers,DEF,Liverpool,11,1,0,2024-02-04T16:30:00Z,0,0,0,0,0,0,0,0,0.0,0.0,0.0,0.0,0.0,0.0,0.0,0.0,0,40
2023-24,23,229,727,Andros Townsend,MID,Luton,12,15,0,2024-02-03T15:00:00Z,0,0,0,0,0,0,0,0,0.0,0.0,0.0,0.0,0.0,0.0,0.0,0.0,0,50
2023-24,23,221,728,Callum Scanlon,DEF,Liverpool,11,1,0,2024-02-04T16:30:00Z,0,0,0,0,0,0,0,0,0.0,0.0,0.0,0.0,0.0,0.0,0.0,0.0,0,39
2023-24,23,229,729,Jayden Luker,MID,Luton,12,15,0,2024-02-03T15:00:00Z,0,0,0,0,0,0,0,0,0.0,0.0,0.0,0.0,0.0,0.0,0.0,0.0,0,45
2023-24,23,230,730,Ryan Oné,MID,Sheffield Utd,17,2,1,2024-02-03T17:30:00Z,0,0,0,0,0,0,0,0,0.0,0.0,0.0,0.0,0.0,0.0,0.0,0.0,0,44
2023-24,23,230,731,Jili Buyabu,DEF,Sheffield Utd,17,2,1,2024-02-03T17:30:00Z,0,0,0,0,0,0,0,0,0.0,0.0,0.0,0.0,0.0,0.0,0.0,0.0,0,40
2023-24,23,225,732,Devan Tanton,DEF,Fulham,10,6,0,2024-02-03T15:00:00Z,0,0,0,0,0,0,0,0,0.0,0.0,0.0,0.0,0.0,0.0,0.0,0.0,0,40
2023-24,23,223,733,Valintino Adedokun,DEF,Brentford,4,13,1,2024-02-05T20:00:00Z,0,0,0,0,0,0,0,0,0.0,0.0,0.0,0.0,0.0,0.0,0.0,0.0,0,40
2023-24,23,229,734,Zack Nelson,MID,Luton,12,15,0,2024-02-03T15:00:00Z,0,0,0,0,0,0,0,0,0.0,0.0,0.0,0.0,0.0,0.0,0.0,0.0,0,45
2023-24,23,221,735,Charles Sagoe,MID,Arsenal,1,11,1,2024-02-04T16:30:00Z,0,0,0,0,0,0,0,0,0.0,0.0,0.0,0.0,0.0,0.0,0.0,0.0,0,45
2023-24,23,221,736,Reuell Walters,DEF,Arsenal,1,11,1,2024-02-04T16:30:00Z,0,0,0,0,0,0,0,0,0.0,0.0,0.0,0.0,0.0,0.0,0.0,0.0,0,40
2023-24,23,221,737,Bradley Ibrahim,MID,Arsenal,1,11,1,2024-02-04T16:30:00Z,0,0,0,0,0,0,0,0,0.0,0.0,0.0,0.0,0.0,0.0,0.0,0.0,0,45
2023-24,23,229,738,Amadou Diallo,MID,Newcastle,15,12,1,2024-02-03T15:00:00Z,0,0,0,0,0,0,0,0,0.0,0.0,0.0,0.0,0.0,0.0,0.0,0.0,0,45
2023-24,23,229,739,Ben Parkinson,FWD,Newcastle,15,12,1,2024-02-03T15:00:00Z,0,0,0,0,0,0,0,0,0.0,0.0,0.0,0.0,0.0,0.0,0.0,0.0,0,45
2023-24,23,227,740,Alfie Dorrington,DEF,Spurs,18,9,0,2024-02-03T12:30:00Z,0,0,0,0,0,0,0,0,0.0,0.0,0.0,0.0,0.0,0.0,0.0,0.0,0,40
2023-24,23,224,741,Mark O’Mahony,FWD,Brighton,5,8,1,2024-02-03T15:00:00Z,0,0,0,0,0,0,0,0,0.0,0.0,0.0,0.0,0.0,0.0,0.0,0.0,0,45
2023-24,23,224,742,Benicio Baker-Boaitey,MID,Brighton,5,8,1,2024-02-03T15:00:00Z,0,0,0,0,0,0,0,0,0.0,0.0,0.0,0.0,0.0,0.0,0.0,0.0,0,45
2023-24,23,221,743,Treymaurice Nyoni,MID,Liverpool,11,1,0,2024-02-04T16:30:00Z,0,0,0,0,0,0,0,0,0.0,0.0,0.0,0.0,0.0,0.0,0.0,0.0,0,45
2023-24,23,223,744,Myles Peart-Harris,MID,Brentford,4,13,1,2024-02-05T20:00:00Z,0,0,0,0,0,0,0,0,0.0,0.0,0.0,0.0,0.0,0.0,0.0,0.0,0,45
2023-24,23,229,745,Michael Ndiweni,FWD,Newcastle,15,12,1,2024-02-03T15:00:00Z,0,0,0,0,0,0,0,0,0.0,0.0,0.0,0.0,0.0,0.0,0.0,0.0,0,44
2023-24,23,224,746,Ben Jackson,DEF,Brighton,5,8,1,2024-02-03T15:00:00Z,0,0,0,0,0,0,0,0,0.0,0.0,0.0,0.0,0.0,0.0,0.0,0.0,0,40
2023-24,23,224,747,Joshua Duffus,MID,Brighton,5,8,1,2024-02-03T15:00:00Z,0,0,0,0,0,0,0,0,0.0,0.0,0.0,0.0,0.0,0.0,0.0,0.0,0,44
2023-24,23,228,748,Joe Hugill,FWD,Man Utd,14,19,1,2024-02-04T14:00:00Z,0,0,0,0,0,0,0,0,0.0,0.0,0.0,0.0,0.0,0.0,0.0,0.0,0,45
2023-24,23,226,749,Matthew Whittingham,MID,Wolves,20,7,0,2024-02-04T14:00:00Z,0,0,0,0,0,0,0,0,0.0,0.0,0.0,0.0,0.0,0.0,0.0,0.0,0,45
2023-24,23,226,750,Tawanda Chirewa,MID,Wolves,20,7,0,2024-02-04T14:00:00Z,0,0,0,0,0,0,0,0,0.0,0.0,0.0,0.0,0.0,0.0,0.0,0.0,0,44
2023-24,23,226,751,Justin Hubner,DEF,Wolves,20,7,0,2024-02-04T14:00:00Z,0,0,0,0,0,0,0,0,0.0,0.0,0.0,0.0,0.0,0.0,0.0,0.0,0,40
2023-24,23,223,752,Vincent Angelini,GK,Brentford,4,13,1,2024-02-05T20:00:00Z,0,0,0,0,0,0,0,0,0.0,0.0,0.0,0.0,0.0,0.0,0.0,0.0,0,40
2023-24,23,224,753,Leigh Kavanagh,DEF,Brighton,5,8,1,2024-02-03T15:00:00Z,0,0,0,0,0,0,0,0,0.0,0.0,0.0,0.0,0.0,0.0,0.0,0.0,0,40
2023-24,23,227,754,Yago de Santiago Alonso,MID,Spurs,18,9,0,2024-02-03T12:30:00Z,0,0,0,0,0,0,0,0,0.0,0.0,0.0,0.0,0.0,0.0,0.0,0.0,0,45
2023-24,23,224,755,Luca Barrington,MID,Brighton,5,8,1,2024-02-03T15:00:00Z,0,0,0,0,0,0,0,0,0.0,0.0,0.0,0.0,0.0,0.0,0.0,0.0,0,45
2023-24,23,221,756,Marcelo de Araújo Pitaluga Filho,GK,Liverpool,11,1,0,2024-02-04T16:30:00Z,0,0,0,0,0,0,0,0,0.0,0.0,0.0,0.0,0.0,0.0,0.0,0.0,0,40
2023-24,23,221,757,Conor Bradley,DEF,Liverpool,11,1,0,2024-02-04T16:30:00Z,0,0,0,0,0,0,0,0,0.0,0.0,0.0,0.0,0.0,0.0,0.0,0.0,0,41
2023-24,23,226,758,Leo Castledine,MID,Chelsea,7,20,1,2024-02-04T14:00:00Z,0,0,0,0,0,0,0,0,0.0,0.0,0.0,0.0,0.0,0.0,0.0,0.0,0,45
2023-24,23,230,759,Sydie Peck,MID,Sheffield Utd,17,2,1,2024-02-03T17:30:00Z,0,0,0,0,0,0,0,0,0.0,0.0,0.0,0.0,0.0,0.0,0.0,0.0,0,44
2023-24,23,227,760,Jenson Metcalfe,MID,Everton,9,18,1,2024-02-03T12:30:00Z,0,0,0,0,0,0,0,0,0.0,0.0,0.0,0.0,0.0,0.0,0.0,0.0,0,45
2023-24,23,227,761,Elijah Campbell,DEF,Everton,9,18,1,2024-02-03T12:30:00Z,0,0,0,0,0,0,0,0,0.0,0.0,0.0,0.0,0.0,0.0,0.0,0.0,0,40
2023-24,23,223,762,Mahamadou Susoho,MID,Man City,13,4,0,2024-02-05T20:00:00Z,0,0,0,0,0,0,0,0,0.0,0.0,0.0,0.0,0.0,0.0,0.0,0.0,0,45
2023-24,23,224,763,Tayo Adaramola,DEF,Crystal Palace,8,5,0,2024-02-03T15:00:00Z,0,0,0,0,0,0,0,0,0.0,0.0,0.0,0.0,0.0,0.0,0.0,0.0,0,40
2023-24,23,221,764,Myles Lewis-Skelly,MID,Arsenal,1,11,1,2024-02-04T16:30:00Z,0,0,0,0,0,0,0,0,0.0,0.0,0.0,0.0,0.0,0.0,0.0,0.0,0,45
2023-24,23,230,765,Sam Proctor,GK,Aston Villa,2,17,0,2024-02-03T17:30:00Z,0,0,0,0,0,0,0,0,0.0,0.0,0.0,0.0,0.0,0.0,0.0,0.0,0,40
2023-24,23,228,766,Willy Kambwala,DEF,Man Utd,14,19,1,2024-02-04T14:00:00Z,0,0,0,0,0,0,0,0,0.0,0.0,0.0,0.0,0.0,0.0,0.0,0.0,0,39
2023-24,23,230,767,Tommi O'Reilly,MID,Aston Villa,2,17,0,2024-02-03T17:30:00Z,0,0,0,0,0,0,0,0,0.0,0.0,0.0,0.0,0.0,0.0,0.0,0.0,0,45
2023-24,23,228,768,Rhys Bennett,DEF,Man Utd,14,19,1,2024-02-04T14:00:00Z,0,0,0,0,0,0,0,0,0.0,0.0,0.0,0.0,0.0,0.0,0.0,0.0,0,40
2023-24,23,226,769,Owen Hesketh,MID,Wolves,20,7,0,2024-02-04T14:00:00Z,0,0,0,0,0,0,0,0,0.0,0.0,0.0,0.0,0.0,0.0,0.0,0.0,0,45
2023-24,23,226,770,Ty Barnett,MID,Wolves,20,7,0,2024-02-04T14:00:00Z,0,0,0,0,0,0,0,0,0.0,0.0,0.0,0.0,0.0,0.0,0.0,0.0,0,45
2023-24,23,223,771,Micah Hamilton,MID,Man City,13,4,0,2024-02-05T20:00:00Z,0,0,0,0,0,0,0,0,0.0,0.0,0.0,0.0,0.0,0.0,0.0,0.0,0,45
2023-24,23,221,772,Ethan Nwaneri,MID,Arsenal,1,11,1,2024-02-04T16:30:00Z,0,0,0,0,0,0,0,0,0.0,0.0,0.0,0.0,0.0,0.0,0.0,0.0,0,45
2023-24,23,228,773,Lewis Orford,MID,West Ham,19,14,0,2024-02-04T14:00:00Z,0,0,0,0,0,0,0,0,0.0,0.0,0.0,0.0,0.0,0.0,0.0,0.0,0,45
2023-24,23,228,774,Kaelan Casey,DEF,West Ham,19,14,0,2024-02-04T14:00:00Z,0,0,0,0,0,0,0,0,0.0,0.0,0.0,0.0,0.0,0.0,0.0,0.0,0,40
2023-24,23,230,775,Ben Brereton,MID,Sheffield Utd,17,2,1,2024-02-03T17:30:00Z,64,2,0,0,0,5,0,3,5.6,0.8,19.0,2.5,0.11,0.02,0.13,1.9,1,50
2023-24,23,227,776,Timo Werner,FWD,Spurs,18,9,0,2024-02-03T12:30:00Z,85,2,0,0,0,1,0,9,4.8,12.9,6.0,2.4,0.0,0.04,0.04,1.48,1,65
2023-24,23,227,777,Radu Dragusin,DEF,Spurs,18,9,0,2024-02-03T12:30:00Z,1,1,0,0,0,1,0,3,1.4,0.1,0.0,0.2,0.0,0.0,0.0,0.86,0,45
2023-24,23,230,778,James Wright,GK,Aston Villa,2,17,0,2024-02-03T17:30:00Z,0,0,0,0,0,0,0,0,0.0,0.0,0.0,0.0,0.0,0.0,0.0,0.0,0,40
2023-24,23,222,779,Jamie McDonnell,MID,Nott'm Forest,16,3,0,2024-02-04T14:00:00Z,0,0,0,0,0,0,0,0,0.0,0.0,0.0,0.0,0.0,0.0,0.0,0.0,0,45
2023-24,23,222,780,Detlef Esapa Osong,FWD,Nott'm Forest,16,3,0,2024-02-04T14:00:00Z,0,0,0,0,0,0,0,0,0.0,0.0,0.0,0.0,0.0,0.0,0.0,0.0,0,45
2023-24,23,222,781,Joe Gardner,FWD,Nott'm Forest,16,3,0,2024-02-04T14:00:00Z,0,0,0,0,0,0,0,0,0.0,0.0,0.0,0.0,0.0,0.0,0.0,0.0,0,45
2023-24,23,221,782,Owen Beck,DEF,Liverpool,11,1,0,2024-02-04T16:30:00Z,0,0,0,0,0,0,0,0,0.0,0.0,0.0,0.0,0.0,0.0,0.0,0.0,0,45
2023-24,23,221,783,Kaide Gordon,MID,Liverpool,11,1,0,2024-02-04T16:30:00Z,0,0,0,0,0,0,0,0,0.0,0.0,0.0,0.0,0.0,0.0,0.0,0.0,0,45
2023-24,23,228,784,Oliver Scarles,DEF,West Ham,19,14,0,2024-02-04T14:00:00Z,0,0,0,0,0,0,0,0,0.0,0.0,0.0,0.0,0.0,0.0,0.0,0.0,0,40
2023-24,23,228,785,Callum Marshall,FWD,West Ham,19,14,0,2024-02-04T14:00:00Z,0,0,0,0,0,0,0,0,0.0,0.0,0.0,0.0,0.0,0.0,0.0,0.0,0,45
2023-24,23,224,786,Cameron Peupion,MID,Brighton,5,8,1,2024-02-03T15:00:00Z,0,0,0,0,0,0,0,0,0.0,0.0,0.0,0.0,0.0,0.0,0.0,0.0,0,45
2023-24,23,226,787,Harvey Griffiths,MID,Wolves,20,7,0,2024-02-04T14:00:00Z,0,0,0,0,0,0,0,0,0.0,0.0,0.0,0.0,0.0,0.0,0.0,0.0,0,45
2023-24,23,226,788,Yerson Mosquera,DEF,Wolves,20,7,0,2024-02-04T14:00:00Z,0,0,0,0,0,0,0,0,0.0,0.0,0.0,0.0,0.0,0.0,0.0,0.0,0,40
2023-24,23,223,789,Hákon Valdimarsson,GK,Brentford,4,13,1,2024-02-05T20:00:00Z,0,0,0,0,0,0,0,0,0.0,0.0,0.0,0.0,0.0,0.0,0.0,0.0,0,40
2023-24,23,230,790,Ivo Grbic,GK,Sheffield Utd,17,2,1,2024-02-03T17:30:00Z,0,0,0,0,0,0,0,0,0.0,0.0,0.0,0.0,0.0,0.0,0.0,0.0,0,45
2023-24,23,226,791,Cesare Casadei,MID,Chelsea,7,20,1,2024-02-04T14:00:00Z,0,0,0,0,0,0,0,0,0.0,0.0,0.0,0.0,0.0,0.0,0.0,0.0,0,45
2023-24,23,224,792,Daniel Muñoz,DEF,Crystal Palace,8,5,0,2024-02-03T15:00:00Z,90,-1,0,0,0,4,0,18,21.0,11.8,0.0,3.3,0.0,0.02,0.02,1.53,1,45
2023-24,23,230,793,Kaine Kesler-Hayden,DEF,Aston Villa,2,17,0,2024-02-03T17:30:00Z,0,0,0,0,0,0,0,0,0.0,0.0,0.0,0.0,0.0,0.0,0.0,0.0,0,40
2023-24,23,229,794,Joe White,MID,Newcastle,15,12,1,2024-02-03T15:00:00Z,0,0,0,0,0,0,0,0,0.0,0.0,0.0,0.0,0.0,0.0,0.0,0.0,0,45
2023-24,23,229,795,Travis Hernes,MID,Newcastle,15,12,1,2024-02-03T15:00:00Z,0,0,0,0,0,0,0,0,0.0,0.0,0.0,0.0,0.0,0.0,0.0,0.0,0,45
2023-24,23,225,796,Kristian Sekularac,MID,Fulham,10,6,0,2024-02-03T15:00:00Z,0,0,0,0,0,0,0,0,0.0,0.0,0.0,0.0,0.0,0.0,0.0,0.0,0,45
2023-24,23,223,797,Benjamin Fredrick,DEF,Brentford,4,13,1,2024-02-05T20:00:00Z,0,0,0,0,0,0,0,0,0.0,0.0,0.0,0.0,0.0,0.0,0.0,0.0,0,40
2023-24,23,229,798,Daiki Hashioka,DEF,Luton,12,15,0,2024-02-03T15:00:00Z,0,0,0,0,0,0,0,0,0.0,0.0,0.0,0.0,0.0,0.0,0.0,0.0,0,40
2023-24,23,222,799,Romain Faivre,MID,Bournemouth,3,16,1,2024-02-04T14:00:00Z,0,0,0,0,0,0,0,0,0.0,0.0,0.0,0.0,0.0,0.0,0.0,0.0,0,50
2023-24,23,226,800,Noha Lemina,MID,Wolves,20,7,0,2024-02-04T14:00:00Z,0,0,0,0,0,0,0,0,0.0,0.0,0.0,0.0,0.0,0.0,0.0,0.0,0,50
2023-24,23,222,801,Giovanni Reyna,MID,Nott'm Forest,16,3,0,2024-02-04T14:00:00Z,12,1,0,0,0,0,0,5,2.4,6.1,0.0,0.9,0.0,0.01,0.01,0.0,0,50
2023-24,23,222,802,Max Kinsey-Wellings,DEF,Bournemouth,3,16,1,2024-02-04T14:00:00Z,0,0,0,0,0,0,0,0,0.0,0.0,0.0,0.0,0.0,0.0,0.0,0.0,0,40
2023-24,23,230,803,Morgan Rogers,MID,Aston Villa,2,17,0,2024-02-03T17:30:00Z,9,1,0,0,0,0,0,3,0.0,0.1,4.0,0.3,0.16,0.0,0.16,0.15,0,50
2023-24,23,222,804,Enes Ünal,FWD,Bournemouth,3,16,1,2024-02-04T14:00:00Z,0,0,0,0,0,0,0,0,0.0,0.0,0.0,0.0,0.0,0.0,0.0,0.0,0,50
2023-24,23,225,805,Lorenz Assignon,DEF,Burnley,6,10,1,2024-02-03T15:00:00Z,89,4,0,1,0,2,0,24,25.0,14.9,0.0,4.0,0.0,0.16,0.16,1.28,1,40
2023-24,23,225,806,Maxime Esteve,DEF,Burnley,6,10,1,2024-02-03T15:00:00Z,45,1,0,0,0,0,0,8,8.4,1.1,0.0,1.0,0.0,0.0,0.0,0.66,0,40
2023-24,23,224,807,Adam Wharton,MID,Crystal Palace,8,5,0,2024-02-03T15:00:00Z,62,2,0,0,0,3,0,9,12.8,1.1,0.0,1.4,0.0,0.0,0.0,1.18,0,50
2023-24,23,222,808,Matz Sels,GK,Nott'm Forest,16,3,0,2024-02-04T14:00:00Z,90,2,0,0,0,1,0,8,3.0,0.0,0.0,0.3,0.0,0.0,0.0,0.96,1,45
2023-24,23,222,809,Rodrigo Duarte Ribeiro,FWD,Nott'm Forest,16,3,0,2024-02-04T14:00:00Z,1,1,0,0,0,0,0,3,1.0,0.5,0.0,0.2,0.0,0.0,0.0,0.0,0,45
2023-24,23,225,810,Joshua King,MID,Fulham,10,6,0,2024-02-03T15:00:00Z,0,0,0,0,0,0,0,0,0.0,0.0,0.0,0.0,0.0,0.0,0.0,0.0,0,45
