season,gw,element,name,position,team,team_id,opponent_team,was_home,kickoff_time,minutes,total_points,goals_scored,assists,clean_sheets,goals_conceded,bonus,bps,influence,creativity,threat,ict_index,expected_goals,expected_assists,expected_goal_involvements,expected_goals_conceded,starts,value
2023-24,24,1,Folarin Balogun,FWD,Arsenal,1,19,0,2024-02-11T14:00:00Z,0,0,0,0,0,0,0,0,0.0,0.0,0.0,0.0,0.0,0.0,0.0,0.0,0,44
2023-24,24,2,Cédric Alves Soares,DEF,Arsenal,1,19,0,2024-02-11T14:00:00Z,13,1,0,0,0,0,0,3,0.4,0.7,0.0,0.1,0.0,0.0,0.0,0.13,0,39
2023-24,24,3,Mohamed Elneny,MID,Arsenal,1,19,0,2024-02-11T14:00:00Z,23,1,0,0,0,0,0,1,2.0,1.3,8.0,1.1,0.08,0.01,0.09,0.13,0,44
2023-24,24,4,Fábio Ferreira Vieira,MID,Arsenal,1,19,0,2024-02-11T14:00:00Z,0,0,0,0,0,0,0,0,0.0,0.0,0.0,0.0,0.0,0.0,0.0,0.0,0,54
2023-24,24,5,Gabriel dos Santos Magalhães,DEF,Arsenal,1,19,0,2024-02-11T14:00:00Z,90,12,1,0,1,0,0,38,62.8,0.2,66.0,12.9,0.63,0.01,0.64,0.21,1,50
2023-24,24,6,Kai Havertz,MID,Arsenal,1,19,0,2024-02-11T14:00:00Z,90,3,0,0,1,0,0,13,14.8,37.8,26.0,7.9,0.08,0.19,0.27,0.21,1,71
2023-24,24,7,Rob Holding,DEF,Crystal Palace,8,7,1,2024-02-12T20:00:00Z,0,0,0,0,0,0,0,0,0.0,0.0,0.0,0.0,0.0,0.0,0.0,0.0,0,43
2023-24,24,8,Gabriel Fernando de Jesus,FWD,Arsenal,1,19,0,2024-02-11T14:00:00Z,0,0,0,0,0,0,0,0,0.0,0.0,0.0,0.0,0.0,0.0,0.0,0.0,0,79
2023-24,24,9,Jorge Luiz Frello Filho,MID,Arsenal,1,19,0,2024-02-11T14:00:00Z,0,0,0,0,0,0,0,0,0.0,0.0,0.0,0.0,0.0,0.0,0.0,0.0,0,53
2023-24,24,10,Jakub Kiwior,DEF,Arsenal,1,19,0,2024-02-11T14:00:00Z,90,6,0,0,1,0,0,30,20.2,16.1,4.0,4.0,0.0,0.29,0.29,0.21,1,43
2023-24,24,11,Marcus Oliveira Alencar,MID,Arsenal,1,19,0,2024-02-11T14:00:00Z,0,0,0,0,0,0,0,0,0.0,0.0,0.0,0.0,0.0,0.0,0.0,0.0,0,45
2023-24,24,12,Gabriel Martinelli Silva,MID,Arsenal,1,19,0,2024-02-11T14:00:00Z,76,3,0,0,1,0,0,7,2.0,34.8,19.0,5.6,0.13,0.24,0.36,0.08,1,77
2023-24,24,13,Eddie Nketiah,FWD,Arsenal,1,19,0,2024-02-11T14:00:00Z,23,1,0,0,0,0,0,-1,0.0,1.7,19.0,2.0,0.07,0.03,0.1,0.13,0,52
2023-24,24,14,Martin Ødegaard,MID,Arsenal,1,19,0,2024-02-11T14:00:00Z,90,10,0,2,1,0,1,45,59.0,88.1,8.0,15.5,0.05,0.52,0.57,0.21,1,84
2023-24,24,15,Thomas Partey,MID,Arsenal,1,19,0,2024-02-11T14:00:00Z,0,0,0,0,0,0,0,0,0.0,0.0,0.0,0.0,0.0,0.0,0.0,0.0,0,48
2023-24,24,16,Nicolas Pépé,MID,Arsenal,1,19,0,2024-02-11T14:00:00Z,0,0,0,0,0,0,0,0,0.0,0.0,0.0,0.0,0.0,0.0,0.0,0.0,0,49
2023-24,24,17,Aaron Ramsdale,GK,Arsenal,1,19,0,2024-02-11T14:00:00Z,0,0,0,0,0,0,0,0,0.0,0.0,0.0,0.0,0.0,0.0,0.0,0.0,0,45
2023-24,24,18,Rúnar Alex Rúnarsson,GK,Arsenal,1,19,0,2024-02-11T14:00:00Z,0,0,0,0,0,0,0,0,0.0,0.0,0.0,0.0,0.0,0.0,0.0,0.0,0,40
2023-24,24,19,Bukayo Saka,MID,Arsenal,1,19,0,2024-02-11T14:00:00Z,66,15,2,0,1,0,2,50,77.8,46.8,78.0,20.3,1.72,0.47,2.19,0.08,1,90
2023-24,24,20,William Saliba,DEF,Arsenal,1,19,0,2024-02-11T14:00:00Z,90,12,1,0,1,0,0,44,58.0,15.1,33.0,10.6,0.25,0.04,0.29,0.21,1,56
2023-24,24,21,Albert Sambi Lokonga,MID,Luton,12,17,1,2024-02-10T15:00:00Z,90,2,0,0,0,3,0,19,18.4,6.8,2.0,2.7,0.0,0.05,0.05,1.81,1,49
2023-24,24,22,Emile Smith Rowe,MID,Arsenal,1,19,0,2024-02-11T14:00:00Z,0,0,0,0,0,0,0,0,0.0,0.0,0.0,0.0,0.0,0.0,0.0,0.0,0,53
2023-24,24,23,Nuno Varela Tavares,DEF,Nott'm Forest,16,15,1,2024-02-10T17:30:00Z,90,1,0,0,0,3,0,13,10.4,14.6,7.0,3.2,0.08,0.08,0.16,0.48,1,40
2023-24,24,24,Kieran Tierney,DEF,Arsenal,1,19,0,2024-02-11T14:00:00Z,0,0,0,0,0,0,0,0,0.0,0.0,0.0,0.0,0.0,0.0,0.0,0.0,0,44
2023-24,24,25,Takehiro Tomiyasu,DEF,Arsenal,1,19,0,2024-02-11T14:00:00Z,0,0,0,0,0,0,0,0,0.0,0.0,0.0,0.0,0.0,0.0,0.0,0.0,0,45
2023-24,24,26,Leandro Trossard,MID,Arsenal,1,19,0,2024-02-11T14:00:00Z,66,8,1,0,1,0,0,17,38.8,8.8,56.0,10.4,0.62,0.09,0.71,0.08,1,65
2023-24,24,27,Auston Trusty,DEF,Sheffield Utd,17,12,0,2024-02-10T15:00:00Z,0,0,0,0,0,0,0,0,0.0,0.0,0.0,0.0,0.0,0.0,0.0,0.0,0,39
2023-24,24,28,Matt Turner,GK,Nott'm Forest,16,15,1,2024-02-10T17:30:00Z,0,0,0,0,0,0,0,0,0.0,0.0,0.0,0.0,0.0,0.0,0.0,0.0,0,39
2023-24,24,29,Benjamin White,DEF,Arsenal,1,19,0,2024-02-11T14:00:00Z,76,9,0,1,1,0,0,37,24.6,14.4,2.0,4.1,0.0,0.05,0.05,0.08,1,56
2023-24,24,30,Granit Xhaka,MID,Arsenal,1,19,0,2024-02-11T14:00:00Z,0,0,0,0,0,0,0,0,0.0,0.0,0.0,0.0,0.0,0.0,0.0,0.0,0,60
2023-24,24,31,Oleksandr Zinchenko,DEF,Arsenal,1,19,0,2024-02-11T14:00:00Z,0,0,0,0,0,0,0,0,0.0,0.0,0.0,0.0,0.0,0.0,0.0,0.0,0,52
2023-24,24,32,Alexandre Moreno Lopera,DEF,Aston Villa,2,14,1,2024-02-11T16:30:00Z,86,1,0,0,0,2,0,16,21.8,33.3,14.0,6.9,0.03,0.03,0.06,1.75,1,51
2023-24,24,33,Cameron Archer,FWD,Sheffield Utd,17,12,0,2024-02-10T15:00:00Z,80,7,1,0,0,1,1,25,33.0,1.3,23.0,5.7,0.77,0.02,0.79,1.58,1,43
2023-24,24,34,Leon Bailey,MID,Aston Villa,2,14,1,2024-02-11T16:30:00Z,72,5,0,1,0,1,0,19,4.8,32.8,17.0,5.5,0.07,0.47,0.54,1.46,1,56
2023-24,24,35,Emiliano Buendía Stati,MID,Aston Villa,2,14,1,2024-02-11T16:30:00Z,0,0,0,0,0,0,0,0,0.0,0.0,0.0,0.0,0.0,0.0,0.0,0.0,0,57
2023-24,24,36,Matty Cash,DEF,Aston Villa,2,14,1,2024-02-11T16:30:00Z,90,0,0,0,0,2,0,16,30.0,31.6,9.0,7.1,0.02,0.27,0.29,1.8,1,46
2023-24,24,37,Calum Chambers,DEF,Aston Villa,2,14,1,2024-02-11T16:30:00Z,0,0,0,0,0,0,0,0,0.0,0.0,0.0,0.0,0.0,0.0,0.0,0.0,0,38
2023-24,24,38,Philippe Coutinho Correia,MID,Aston Villa,2,14,1,2024-02-11T16:30:00Z,0,0,0,0,0,0,0,0,0.0,0.0,0.0,0.0,0.0,0.0,0.0,0.0,0,58
2023-24,24,39,Keinan Davis,FWD,Aston Villa,2,14,1,2024-02-11T16:30:00Z,0,0,0,0,0,0,0,0,0.0,0.0,0.0,0.0,0.0,0.0,0.0,0.0,0,49
2023-24,24,40,Leander Dendoncker,MID,Aston Villa,2,14,1,2024-02-11T16:30:00Z,0,0,0,0,0,0,0,0,0.0,0.0,0.0,0.0,0.0,0.0,0.0,0.0,0,49
2023-24,24,41,Diego Carlos Santos Silva,DEF,Aston Villa,2,14,1,2024-02-11T16:30:00Z,90,1,0,0,0,2,0,14,23.6,1.0,0.0,2.5,0.0,0.01,0.01,1.8,1,44
2023-24,24,42,Lucas Digne,DEF,Aston Villa,2,14,1,2024-02-11T16:30:00Z,3,1,0,0,0,0,0,2,0.0,0.8,0.0,0.0,0.0,0.0,0.0,0.05,0,46
2023-24,24,43,Douglas Luiz Soares de Paulo,MID,Aston Villa,2,14,1,2024-02-11T16:30:00Z,90,10,1,0,0,2,3,33,46.6,16.1,57.0,12.0,0.73,0.07,0.8,1.8,1,55
2023-24,24,44,Jhon Durán,FWD,Aston Villa,2,14,1,2024-02-11T16:30:00Z,0,0,0,0,0,0,0,0,0.0,0.0,0.0,0.0,0.0,0.0,0.0,0.0,0,50
2023-24,24,45,Kortney Hause,DEF,Aston Villa,2,14,1,2024-02-11T16:30:00Z,0,0,0,0,0,0,0,0,0.0,0.0,0.0,0.0,0.0,0.0,0.0,0.0,0,39
2023-24,24,46,Tim Iroegbunam,MID,Aston Villa,2,14,1,2024-02-11T16:30:00Z,0,0,0,0,0,0,0,0,0.0,0.0,0.0,0.0,0.0,0.0,0.0,0.0,0,44
2023-24,24,47,Boubacar Kamara,MID,Aston Villa,2,14,1,2024-02-11T16:30:00Z,64,2,0,0,0,1,0,19,13.8,4.5,0.0,1.8,0.0,0.04,0.04,1.4,1,50
2023-24,24,48,Ezri Konsa Ngoyo,DEF,Aston Villa,2,14,1,2024-02-11T16:30:00Z,0,0,0,0,0,0,0,0,0.0,0.0,0.0,0.0,0.0,0.0,0.0,0.0,0,46
2023-24,24,49,Emiliano Martínez Romero,GK,Aston Villa,2,14,1,2024-02-11T16:30:00Z,90,2,0,0,0,2,0,21,27.4,0.0,0.0,2.7,0.0,0.0,0.0,1.8,1,52
2023-24,24,50,John McGinn,MID,Aston Villa,2,14,1,2024-02-11T16:30:00Z,86,2,0,0,0,2,0,11,15.4,37.8,35.0,8.8,0.24,0.23,0.47,1.75,1,55
2023-24,24,51,Tyrone Mings,DEF,Aston Villa,2,14,1,2024-02-11T16:30:00Z,0,0,0,0,0,0,0,0,0.0,0.0,0.0,0.0,0.0,0.0,0.0,0.0,0,41
2023-24,24,52,Marvelous Nakamba,MID,Luton,12,17,1,2024-02-10T15:00:00Z,0,0,0,0,0,0,0,0,0.0,0.0,0.0,0.0,0.0,0.0,0.0,0.0,0,44
2023-24,24,53,Robin Olsen,GK,Aston Villa,2,14,1,2024-02-11T16:30:00Z,0,0,0,0,0,0,0,0,0.0,0.0,0.0,0.0,0.0,0.0,0.0,0.0,0,39
2023-24,24,54,Jaden Philogene-Bidace,MID,Aston Villa,2,14,1,2024-02-11T16:30:00Z,0,0,0,0,0,0,0,0,0.0,0.0,0.0,0.0,0.0,0.0,0.0,0.0,0,45
2023-24,24,55,Jacob Ramsey,MID,Aston Villa,2,14,1,2024-02-11T16:30:00Z,90,2,0,0,0,2,0,6,1.0,6.1,28.0,3.5,0.3,0.06,0.36,1.8,1,59
2023-24,24,56,Morgan Sanson,MID,Aston Villa,2,14,1,2024-02-11T16:30:00Z,0,0,0,0,0,0,0,0,0.0,0.0,0.0,0.0,0.0,0.0,0.0,0.0,0,45
2023-24,24,57,Viljami Sinisalo,GK,Aston Villa,2,14,1,2024-02-11T16:30:00Z,0,0,0,0,0,0,0,0,0.0,0.0,0.0,0.0,0.0,0.0,0.0,0.0,0,40
2023-24,24,58,Youri Tielemans,MID,Aston Villa,2,14,1,2024-02-11T16:30:00Z,17,1,0,0,0,1,0,9,8.8,11.8,0.0,2.1,0.0,0.02,0.02,0.34,0,56
2023-24,24,59,Bertrand Traoré,MID,Aston Villa,2,14,1,2024-02-11T16:30:00Z,0,0,0,0,0,0,0,0,0.0,0.0,0.0,0.0,0.0,0.0,0.0,0.0,0,50
2023-24,24,60,Ollie Watkins,FWD,Aston Villa,2,14,1,2024-02-11T16:30:00Z,90,2,0,0,0,2,0,-6,14.4,14.5,59.0,8.8,0.77,0.04,0.81,1.8,1,88
2023-24,24,61,Wesley Moraes Ferreira da Silva,FWD,Aston Villa,2,14,1,2024-02-11T16:30:00Z,0,0,0,0,0,0,0,0,0.0,0.0,0.0,0.0,0.0,0.0,0.0,0.0,0,50
2023-24,24,62,Jaidon Anthony,MID,Bournemouth,3,10,0,2024-02-10T15:00:00Z,0,0,0,0,0,0,0,0,0.0,0.0,0.0,0.0,0.0,0.0,0.0,0.0,0,49
2023-24,24,63,Philip Billing,MID,Bournemouth,3,10,0,2024-02-10T15:00:00Z,0,0,0,0,0,0,0,0,0.0,0.0,0.0,0.0,0.0,0.0,0.0,0.0,0,52
2023-24,24,64,David Brooks,MID,Bournemouth,3,10,0,2024-02-10T15:00:00Z,0,0,0,0,0,0,0,0,0.0,0.0,0.0,0.0,0.0,0.0,0.0,0.0,0,47
2023-24,24,65,Ryan Christie,MID,Bournemouth,3,10,0,2024-02-10T15:00:00Z,90,2,0,0,0,3,0,4,6.4,24.2,19.0,5.0,0.15,0.91,1.06,1.55,1,50
2023-24,24,66,Lewis Cook,MID,Bournemouth,3,10,0,2024-02-10T15:00:00Z,90,2,0,0,0,3,0,11,7.4,16.8,2.0,2.6,0.0,0.1,0.1,1.55,1,50
2023-24,24,67,Siriki Dembélé,MID,Bournemouth,3,10,0,2024-02-10T15:00:00Z,0,0,0,0,0,0,0,0,0.0,0.0,0.0,0.0,0.0,0.0,0.0,0.0,0,45
2023-24,24,68,Ryan Fredericks,DEF,Bournemouth,3,10,0,2024-02-10T15:00:00Z,0,0,0,0,0,0,0,0,0.0,0.0,0.0,0.0,0.0,0.0,0.0,0.0,0,43
2023-24,24,69,James Hill,DEF,Bournemouth,3,10,0,2024-02-10T15:00:00Z,0,0,0,0,0,0,0,0,0.0,0.0,0.0,0.0,0.0,0.0,0.0,0.0,0,40
2023-24,24,70,Lloyd Kelly,DEF,Bournemouth,3,10,0,2024-02-10T15:00:00Z,45,0,0,0,0,2,0,5,5.4,0.8,0.0,0.6,0.0,0.0,0.0,0.91,1,45
2023-24,24,71,Gavin Kilkenny,MID,Bournemouth,3,10,0,2024-02-10T15:00:00Z,0,0,0,0,0,0,0,0,0.0,0.0,0.0,0.0,0.0,0.0,0.0,0.0,0,43
2023-24,24,72,Justin Kluivert,MID,Bournemouth,3,10,0,2024-02-10T15:00:00Z,0,0,0,0,0,0,0,0,0.0,0.0,0.0,0.0,0.0,0.0,0.0,0.0,0,46
2023-24,24,73,Jamal Lowe,MID,Bournemouth,3,10,0,2024-02-10T15:00:00Z,0,0,0,0,0,0,0,0,0.0,0.0,0.0,0.0,0.0,0.0,0.0,0.0,0,49
2023-24,24,74,Emiliano Marcondes,MID,Bournemouth,3,10,0,2024-02-10T15:00:00Z,0,0,0,0,0,0,0,0,0.0,0.0,0.0,0.0,0.0,0.0,0.0,0.0,0,43
2023-24,24,75,Chris Mepham,DEF,Bournemouth,3,10,0,2024-02-10T15:00:00Z,0,0,0,0,0,0,0,0,0.0,0.0,0.0,0.0,0.0,0.0,0.0,0.0,0,43
2023-24,24,76,Kieffer Moore,FWD,Bournemouth,3,10,0,2024-02-10T15:00:00Z,0,0,0,0,0,0,0,0,0.0,0.0,0.0,0.0,0.0,0.0,0.0,0.0,0,46
2023-24,24,77,Norberto Murara Neto,GK,Bournemouth,3,10,0,2024-02-10T15:00:00Z,90,2,0,0,0,3,0,17,27.4,0.0,0.0,2.7,0.0,0.0,0.0,1.55,1,46
2023-24,24,78,Dango Ouattara,MID,Bournemouth,3,10,0,2024-02-10T15:00:00Z,21,1,0,0,0,0,0,4,8.4,11.0,8.0,2.7,0.0,0.03,0.03,0.0,0,47
2023-24,24,79,Ben Pearson,MID,Bournemouth,3,10,0,2024-02-10T15:00:00Z,0,0,0,0,0,0,0,0,0.0,0.0,0.0,0.0,0.0,0.0,0.0,0.0,0,45
2023-24,24,80,Darren Randolph,GK,Bournemouth,3,10,0,2024-02-10T15:00:00Z,0,0,0,0,0,0,0,0,0.0,0.0,0.0,0.0,0.0,0.0,0.0,0.0,0,40
2023-24,24,81,Joe Rothwell,MID,Bournemouth,3,10,0,2024-02-10T15:00:00Z,0,0,0,0,0,0,0,0,0.0,0.0,0.0,0.0,0.0,0.0,0.0,0.0,0,48
2023-24,24,82,Antoine Semenyo,FWD,Bournemouth,3,10,0,2024-02-10T15:00:00Z,27,1,0,0,0,0,0,2,1.6,11.3,18.0,3.1,0.08,0.02,0.1,0.0,0,45
2023-24,24,83,Marcos Senesi,DEF,Bournemouth,3,10,0,2024-02-10T15:00:00Z,90,8,1,0,0,3,1,38,60.0,36.3,21.0,11.7,0.11,0.68,0.79,1.55,1,45
2023-24,24,84,Adam Smith,DEF,Bournemouth,3,10,0,2024-02-10T15:00:00Z,84,0,0,0,0,3,0,3,0.8,1.1,0.0,0.2,0.0,0.01,0.01,1.55,1,44
2023-24,24,85,Dominic Solanke,FWD,Bournemouth,3,10,0,2024-02-10T15:00:00Z,90,4,0,1,0,3,0,11,18.4,22.0,33.0,7.3,0.72,0.25,0.97,1.55,1,70
2023-24,24,86,Marcus Tavernier,MID,Bournemouth,3,10,0,2024-02-10T15:00:00Z,68,2,0,0,0,3,0,9,9.0,46.9,20.0,7.6,0.11,0.49,0.6,1.55,1,54
2023-24,24,87,Hamed Traorè,MID,Bournemouth,3,10,0,2024-02-10T15:00:00Z,0,0,0,0,0,0,0,0,0.0,0.0,0.0,0.0,0.0,0.0,0.0,0.0,0,47
2023-24,24,88,Mark Travers,GK,Bournemouth,3,10,0,2024-02-10T15:00:00Z,0,0,0,0,0,0,0,0,0.0,0.0,0.0,0.0,0.0,0.0,0.0,0.0,0,40
2023-24,24,89,Illia Zabarnyi,DEF,Bournemouth,3,10,0,2024-02-10T15:00:00Z,90,1,0,0,0,3,0,21,22.8,10.8,15.0,4.9,0.05,0.04,0.09,1.55,1,44
2023-24,24,90,Kristoffer Ajer,DEF,Brentford,4,20,0,2024-02-10T15:00:00Z,5,1,0,0,0,0,0,4,2.0,0.0,0.0,0.2,0.0,0.0,0.0,0.05,0,44
2023-24,24,91,Ellery Balcombe,GK,Brentford,4,20,0,2024-02-10T15:00:00Z,0,0,0,0,0,0,0,0,0.0,0.0,0.0,0.0,0.0,0.0,0.0,0.0,0,39
2023-24,24,92,Shandon Baptiste,MID,Brentford,4,20,0,2024-02-10T15:00:00Z,5,1,0,0,0,0,0,2,0.2,0.1,0.0,0.0,0.0,0.0,0.0,0.05,0,43
2023-24,24,93,Mads Bech Sørensen,DEF,Brentford,4,20,0,2024-02-10T15:00:00Z,0,0,0,0,0,0,0,0,0.0,0.0,0.0,0.0,0.0,0.0,0.0,0.0,0,40
2023-24,24,94,Mads Bidstrup,MID,Brentford,4,20,0,2024-02-10T15:00:00Z,0,0,0,0,0,0,0,0,0.0,0.0,0.0,0.0,0.0,0.0,0.0,0.0,0,45
2023-24,24,95,Sergi Canós Tenés,MID,Brentford,4,20,0,2024-02-10T15:00:00Z,0,0,0,0,0,0,0,0,0.0,0.0,0.0,0.0,0.0,0.0,0.0,0.0,0,50
2023-24,24,96,Nathan Collins,DEF,Brentford,4,20,0,2024-02-10T15:00:00Z,90,8,0,0,1,0,2,31,27.6,30.6,4.0,6.2,0.0,0.06,0.06,1.13,1,45
2023-24,24,97,Matthew Cox,GK,Brentford,4,20,0,2024-02-10T15:00:00Z,0,0,0,0,0,0,0,0,0.0,0.0,0.0,0.0,0.0,0.0,0.0,0.0,0,40
2023-24,24,98,Mikkel Damsgaard,MID,Brentford,4,20,0,2024-02-10T15:00:00Z,0,0,0,0,0,0,0,0,0.0,0.0,0.0,0.0,0.0,0.0,0.0,0.0,0,48
2023-24,24,99,Josh Dasilva,MID,Brentford,4,20,0,2024-02-10T15:00:00Z,0,0,0,0,0,0,0,0,0.0,0.0,0.0,0.0,0.0,0.0,0.0,0.0,0,47
2023-24,24,100,Halil Dervişoğlu,FWD,Brentford,4,20,0,2024-02-10T15:00:00Z,0,0,0,0,0,0,0,0,0.0,0.0,0.0,0.0,0.0,0.0,0.0,0.0,0,45
2023-24,24,101,Mark Flekken,GK,Brentford,4,20,0,2024-02-10T15:00:00Z,90,7,0,0,1,0,1,29,38.0,0.0,0.0,3.8,0.0,0.0,0.0,1.13,1,45
2023-24,24,102,Charlie Goode,DEF,Brentford,4,20,0,2024-02-10T15:00:00Z,0,0,0,0,0,0,0,0,0.0,0.0,0.0,0.0,0.0,0.0,0.0,0.0,0,39
2023-24,24,103,Rico Henry,DEF,Brentford,4,20,0,2024-02-10T15:00:00Z,0,0,0,0,0,0,0,0,0.0,0.0,0.0,0.0,0.0,0.0,0.0,0.0,0,43
2023-24,24,104,Aaron Hickey,DEF,Brentford,4,20,0,2024-02-10T15:00:00Z,0,0,0,0,0,0,0,0,0.0,0.0,0.0,0.0,0.0,0.0,0.0,0.0,0,44
2023-24,24,105,Vitaly Janelt,MID,Brentford,4,20,0,2024-02-10T15:00:00Z,84,5,0,1,1,0,0,17,28.0,11.3,4.0,4.3,0.0,0.13,0.13,1.09,1,53
2023-24,24,106,Mathias Jensen,MID,Brentford,4,20,0,2024-02-10T15:00:00Z,68,2,0,0,1,0,0,1,0.0,1.4,1.0,0.1,0.02,0.02,0.04,1.02,1,54
2023-24,24,107,Keane Lewis-Potter,MID,Brentford,4,20,0,2024-02-10T15:00:00Z,14,1,0,0,0,0,0,-1,0.0,0.3,2.0,0.2,0.0,0.0,0.0,0.07,0,47
2023-24,24,108,Bryan Mbeumo,MID,Brentford,4,20,0,2024-02-10T15:00:00Z,0,0,0,0,0,0,0,0,0.0,0.0,0.0,0.0,0.0,0.0,0.0,0.0,0,68
2023-24,24,109,Ben Mee,DEF,Brentford,4,20,0,2024-02-10T15:00:00Z,90,6,0,0,1,0,0,23,20.0,0.6,0.0,2.1,0.0,0.0,0.0,1.13,1,48
2023-24,24,110,Christian Nørgaard,MID,Brentford,4,20,0,2024-02-10T15:00:00Z,84,9,1,0,1,0,1,29,47.8,12.0,33.0,9.3,0.87,0.01,0.88,1.09,1,53
2023-24,24,111,Frank Onyeka,MID,Brentford,4,20,0,2024-02-10T15:00:00Z,0,0,0,0,0,0,0,0,0.0,0.0,0.0,0.0,0.0,0.0,0.0,0.0,0,49
2023-24,24,112,Ethan Pinnock,DEF,Brentford,4,20,0,2024-02-10T15:00:00Z,90,6,0,0,1,0,0,24,17.0,0.7,4.0,2.2,0.04,0.01,0.05,1.13,1,46
2023-24,24,113,David Raya Martin,GK,Arsenal,1,19,0,2024-02-11T14:00:00Z,90,6,0,0,1,0,0,23,11.0,0.0,0.0,1.1,0.0,0.0,0.0,0.21,1,49
2023-24,24,114,Mads Roerslev Rasmussen,DEF,Brentford,4,20,0,2024-02-10T15:00:00Z,90,6,0,0,1,0,0,19,14.2,14.3,4.0,3.3,0.14,0.09,0.23,1.13,1,44
2023-24,24,115,Kevin Schade,MID,Brentford,4,20,0,2024-02-10T15:00:00Z,0,0,0,0,0,0,0,0,0.0,0.0,0.0,0.0,0.0,0.0,0.0,0.0,0,52
2023-24,24,116,Thomas Strakosha,GK,Brentford,4,20,0,2024-02-10T15:00:00Z,0,0,0,0,0,0,0,0,0.0,0.0,0.0,0.0,0.0,0.0,0.0,0.0,0,39
2023-24,24,117,Ivan Toney,FWD,Brentford,4,20,0,2024-02-10T15:00:00Z,90,6,1,0,1,0,0,28,38.8,5.6,26.0,7.0,0.3,0.02,0.32,1.13,1,81
2023-24,24,118,Ryan Trevitt,MID,Brentford,4,20,0,2024-02-10T15:00:00Z,0,0,0,0,0,0,0,0,0.0,0.0,0.0,0.0,0.0,0.0,0.0,0.0,0,45
2023-24,24,119,Yoane Wissa,FWD,Brentford,4,20,0,2024-02-10T15:00:00Z,0,0,0,0,0,0,0,0,0.0,0.0,0.0,0.0,0.0,0.0,0.0,0.0,0,56
2023-24,24,120,Yegor Yarmoliuk,MID,Brentford,4,20,0,2024-02-10T15:00:00Z,21,1,0,0,0,0,0,3,0.2,0.3,0.0,0.1,0.0,0.0,0.0,0.11,0,43
2023-24,24,121,Mathias Jorgensen,DEF,Brentford,4,20,0,2024-02-10T15:00:00Z,0,0,0,0,0,0,0,0,0.0,0.0,0.0,0.0,0.0,0.0,0.0,0.0,0,43
2023-24,24,122,Simon Adingra,MID,Brighton,5,18,0,2024-02-10T15:00:00Z,0,0,0,0,0,0,0,0,0.0,0.0,0.0,0.0,0.0,0.0,0.0,0.0,0,50
2023-24,24,123,Steven Alzate,MID,Brighton,5,18,0,2024-02-10T15:00:00Z,0,0,0,0,0,0,0,0,0.0,0.0,0.0,0.0,0.0,0.0,0.0,0.0,0,44
2023-24,24,124,Yasin Ayari,MID,Brighton,5,18,0,2024-02-10T15:00:00Z,0,0,0,0,0,0,0,0,0.0,0.0,0.0,0.0,0.0,0.0,0.0,0.0,0,45
2023-24,24,125,Facundo Buonanotte,MID,Brighton,5,18,0,2024-02-10T15:00:00Z,82,1,0,0,0,1,0,5,1.6,6.2,9.0,1.7,0.16,0.06,0.22,1.25,1,47
2023-24,24,126,Moisés Caicedo Corozo,MID,Chelsea,7,8,0,2024-02-12T20:00:00Z,90,2,0,0,0,1,0,19,27.0,27.5,2.0,5.7,0.0,0.06,0.06,0.55,1,45
2023-24,24,127,Aaron Connolly,FWD,Brighton,5,18,0,2024-02-10T15:00:00Z,0,0,0,0,0,0,0,0,0.0,0.0,0.0,0.0,0.0,0.0,0.0,0.0,0,45
2023-24,24,128,Mahmoud Dahoud,MID,Brighton,5,18,0,2024-02-10T15:00:00Z,0,0,0,0,0,0,0,0,0.0,0.0,0.0,0.0,0.0,0.0,0.0,0.0,0,48
2023-24,24,129,Lewis Dunk,DEF,Brighton,5,18,0,2024-02-10T15:00:00Z,90,0,0,0,0,2,0,7,10.0,0.3,0.0,1.0,0.0,0.0,0.0,1.6,1,50
2023-24,24,130,Julio Enciso,MID,Brighton,5,18,0,2024-02-10T15:00:00Z,0,0,0,0,0,0,0,0,0.0,0.0,0.0,0.0,0.0,0.0,0.0,0.0,0,50
2023-24,24,131,Pervis Estupiñán,DEF,Brighton,5,18,0,2024-02-10T15:00:00Z,90,0,0,0,0,2,0,7,11.4,3.3,2.0,1.7,0.0,0.01,0.01,1.6,1,51
2023-24,24,132,Evan Ferguson,FWD,Brighton,5,18,0,2024-02-10T15:00:00Z,7,1,0,0,0,1,0,3,0.0,0.3,0.0,0.0,0.0,0.0,0.0,0.35,0,58
2023-24,24,133,Billy Gilmour,MID,Brighton,5,18,0,2024-02-10T15:00:00Z,90,2,0,0,0,1,0,12,11.2,5.5,0.0,1.7,0.0,0.02,0.02,1.25,1,49
2023-24,24,134,Pascal Groß,MID,Brighton,5,18,0,2024-02-10T15:00:00Z,90,10,1,0,0,2,3,36,57.2,7.5,21.0,8.6,0.79,0.06,0.85,1.6,1,64
2023-24,24,135,João Pedro Junqueira de Jesus,FWD,Brighton,5,18,0,2024-02-10T15:00:00Z,0,0,0,0,0,0,0,0,0.0,0.0,0.0,0.0,0.0,0.0,0.0,0.0,0,54
2023-24,24,136,Michał Karbownik,DEF,Brighton,5,18,0,2024-02-10T15:00:00Z,0,0,0,0,0,0,0,0,0.0,0.0,0.0,0.0,0.0,0.0,0.0,0.0,0,40
2023-24,24,137,Kacper Kozłowski,MID,Brighton,5,18,0,2024-02-10T15:00:00Z,0,0,0,0,0,0,0,0,0.0,0.0,0.0,0.0,0.0,0.0,0.0,0.0,0,45
2023-24,24,138,Adam Lallana,MID,Brighton,5,18,0,2024-02-10T15:00:00Z,56,1,0,0,0,0,0,5,8.2,10.8,2.0,2.1,0.0,0.01,0.01,0.97,1,49
2023-24,24,139,Tariq Lamptey,DEF,Brighton,5,18,0,2024-02-10T15:00:00Z,90,2,0,0,0,1,0,16,9.4,9.9,4.0,2.3,0.0,0.03,0.03,1.25,1,39
2023-24,24,140,Solly March,MID,Brighton,5,18,0,2024-02-10T15:00:00Z,0,0,0,0,0,0,0,0,0.0,0.0,0.0,0.0,0.0,0.0,0.0,0.0,0,61
2023-24,24,141,Tom McGill,GK,Brighton,5,18,0,2024-02-10T15:00:00Z,0,0,0,0,0,0,0,0,0.0,0.0,0.0,0.0,0.0,0.0,0.0,0.0,0,39
2023-24,24,142,James Milner,MID,Brighton,5,18,0,2024-02-10T15:00:00Z,0,0,0,0,0,0,0,0,0.0,0.0,0.0,0.0,0.0,0.0,0.0,0.0,0,48
2023-24,24,143,Kaoru Mitoma,MID,Brighton,5,18,0,2024-02-10T15:00:00Z,90,2,0,0,0,2,0,12,21.2,13.0,27.0,6.1,0.1,0.09,0.19,1.6,1,64
2023-24,24,144,Jakub Moder,MID,Brighton,5,18,0,2024-02-10T15:00:00Z,0,0,0,0,0,0,0,0,0.0,0.0,0.0,0.0,0.0,0.0,0.0,0.0,0,44
2023-24,24,145,Robert Sánchez,GK,Chelsea,7,8,0,2024-02-12T20:00:00Z,0,0,0,0,0,0,0,0,0.0,0.0,0.0,0.0,0.0,0.0,0.0,0.0,0,45
2023-24,24,146,Jeremy Sarmiento Morante,MID,Brighton,5,18,0,2024-02-10T15:00:00Z,0,0,0,0,0,0,0,0,0.0,0.0,0.0,0.0,0.0,0.0,0.0,0.0,0,45
2023-24,24,147,Kjell Scherpen,GK,Brighton,5,18,0,2024-02-10T15:00:00Z,0,0,0,0,0,0,0,0,0.0,0.0,0.0,0.0,0.0,0.0,0.0,0.0,0,40
2023-24,24,148,Jason Steele,GK,Brighton,5,18,0,2024-02-10T15:00:00Z,90,2,0,0,0,2,0,19,34.2,0.0,0.0,3.4,0.0,0.0,0.0,1.6,1,42
2023-24,24,149,Deniz Undav,FWD,Brighton,5,18,0,2024-02-10T15:00:00Z,0,0,0,0,0,0,0,0,0.0,0.0,0.0,0.0,0.0,0.0,0.0,0.0,0,55
2023-24,24,150,Jan Paul van Hecke,DEF,Brighton,5,18,0,2024-02-10T15:00:00Z,90,1,0,0,0,2,0,20,27.2,0.8,2.0,3.0,0.0,0.01,0.01,1.6,1,40
2023-24,24,151,Joël Veltman,DEF,Brighton,5,18,0,2024-02-10T15:00:00Z,7,1,0,0,0,1,0,3,2.8,0.0,0.0,0.3,0.0,0.0,0.0,0.35,0,43
2023-24,24,152,Bart Verbruggen,GK,Brighton,5,18,0,2024-02-10T15:00:00Z,0,0,0,0,0,0,0,0,0.0,0.0,0.0,0.0,0.0,0.0,0.0,0.0,0,44
2023-24,24,153,Adam Webster,DEF,Brighton,5,18,0,2024-02-10T15:00:00Z,0,0,0,0,0,0,0,0,0.0,0.0,0.0,0.0,0.0,0.0,0.0,0.0,0,42
2023-24,24,154,Danny Welbeck,FWD,Brighton,5,18,0,2024-02-10T15:00:00Z,82,5,0,1,0,1,0,15,7.0,3.4,25.0,3.5,0.06,0.03,0.09,1.25,1,57
2023-24,24,155,Andi Zeqiri,FWD,Brighton,5,18,0,2024-02-10T15:00:00Z,0,0,0,0,0,0,0,0,0.0,0.0,0.0,0.0,0.0,0.0,0.0,0.0,0,44
2023-24,24,156,Enock Agyei,MID,Burnley,6,11,0,2024-02-10T15:00:00Z,0,0,0,0,0,0,0,0,0.0,0.0,0.0,0.0,0.0,0.0,0.0,0.0,0,42
2023-24,24,157,Ameen Al-Dakhil,DEF,Burnley,6,11,0,2024-02-10T15:00:00Z,0,0,0,0,0,0,0,0,0.0,0.0,0.0,0.0,0.0,0.0,0.0,0.0,0,38
2023-24,24,158,Samuel Bastien,MID,Burnley,6,11,0,2024-02-10T15:00:00Z,0,0,0,0,0,0,0,0,0.0,0.0,0.0,0.0,0.0,0.0,0.0,0.0,0,49
2023-24,24,159,Manuel Benson Hedilazio,MID,Burnley,6,11,0,2024-02-10T15:00:00Z,0,0,0,0,0,0,0,0,0.0,0.0,0.0,0.0,0.0,0.0,0.0,0.0,0,52
2023-24,24,160,Jordan Beyer,DEF,Burnley,6,11,0,2024-02-10T15:00:00Z,0,0,0,0,0,0,0,0,0.0,0.0,0.0,0.0,0.0,0.0,0.0,0.0,0,40
2023-24,24,161,Josh Brownhill,MID,Burnley,6,11,0,2024-02-10T15:00:00Z,90,4,0,1,0,3,0,12,34.6,17.3,0.0,5.2,0.0,0.03,0.03,2.86,1,47
2023-24,24,162,Darko Churlinov,MID,Burnley,6,11,0,2024-02-10T15:00:00Z,0,0,0,0,0,0,0,0,0.0,0.0,0.0,0.0,0.0,0.0,0.0,0.0,0,44
2023-24,24,163,Jack Cork,MID,Burnley,6,11,0,2024-02-10T15:00:00Z,0,0,0,0,0,0,0,0,0.0,0.0,0.0,0.0,0.0,0.0,0.0,0.0,0,48
2023-24,24,164,Dara Costelloe,MID,Burnley,6,11,0,2024-02-10T15:00:00Z,0,0,0,0,0,0,0,0,0.0,0.0,0.0,0.0,0.0,0.0,0.0,0.0,0,45
2023-24,24,165,Josh Cullen,MID,Burnley,6,11,0,2024-02-10T15:00:00Z,0,0,0,0,0,0,0,0,0.0,0.0,0.0,0.0,0.0,0.0,0.0,0.0,0,50
2023-24,24,166,CJ Egan-Riley,DEF,Burnley,6,11,0,2024-02-10T15:00:00Z,0,0,0,0,0,0,0,0,0.0,0.0,0.0,0.0,0.0,0.0,0.0,0.0,0,39
2023-24,24,167,Hjalmar Ekdal,DEF,Burnley,6,11,0,2024-02-10T15:00:00Z,0,0,0,0,0,0,0,0,0.0,0.0,0.0,0.0,0.0,0.0,0.0,0.0,0,39
2023-24,24,168,Lyle Foster,FWD,Burnley,6,11,0,2024-02-10T15:00:00Z,0,0,0,0,0,0,0,0,0.0,0.0,0.0,0.0,0.0,0.0,0.0,0.0,0,47
2023-24,24,169,Denis Franchi,GK,Burnley,6,11,0,2024-02-10T15:00:00Z,0,0,0,0,0,0,0,0,0.0,0.0,0.0,0.0,0.0,0.0,0.0,0.0,0,39
2023-24,24,170,Jóhann Berg Gudmundsson,MID,Burnley,6,11,0,2024-02-10T15:00:00Z,0,0,0,0,0,0,0,0,0.0,0.0,0.0,0.0,0.0,0.0,0.0,0.0,0,48
2023-24,24,171,Luke McNally,DEF,Burnley,6,11,0,2024-02-10T15:00:00Z,0,0,0,0,0,0,0,0,0.0,0.0,0.0,0.0,0.0,0.0,0.0,0.0,0,40
2023-24,24,172,Arijanet Muric,GK,Burnley,6,11,0,2024-02-10T15:00:00Z,0,0,0,0,0,0,0,0,0.0,0.0,0.0,0.0,0.0,0.0,0.0,0.0,0,43
2023-24,24,173,Dara O'Shea,DEF,Burnley,6,11,0,2024-02-10T15:00:00Z,90,6,1,0,0,3,0,21,55.4,10.4,19.0,8.5,0.02,0.03,0.05,2.86,1,44
2023-24,24,174,Michael Obafemi,FWD,Burnley,6,11,0,2024-02-10T15:00:00Z,0,0,0,0,0,0,0,0,0.0,0.0,0.0,0.0,0.0,0.0,0.0,0.0,0,49
2023-24,24,175,Bailey Peacock-Farrell,GK,Burnley,6,11,0,2024-02-10T15:00:00Z,0,0,0,0,0,0,0,0,0.0,0.0,0.0,0.0,0.0,0.0,0.0,0.0,0,40
2023-24,24,176,Connor Roberts,DEF,Burnley,6,11,0,2024-02-10T15:00:00Z,0,0,0,0,0,0,0,0,0.0,0.0,0.0,0.0,0.0,0.0,0.0,0.0,0,43
2023-24,24,177,Jay Rodriguez,FWD,Burnley,6,11,0,2024-02-10T15:00:00Z,0,0,0,0,0,0,0,0,0.0,0.0,0.0,0.0,0.0,0.0,0.0,0.0,0,53
2023-24,24,178,Charlie Taylor,DEF,Burnley,6,11,0,2024-02-10T15:00:00Z,0,0,0,0,0,0,0,0,0.0,0.0,0.0,0.0,0.0,0.0,0.0,0.0,0,40
2023-24,24,179,Bobby Thomas,DEF,Burnley,6,11,0,2024-02-10T15:00:00Z,0,0,0,0,0,0,0,0,0.0,0.0,0.0,0.0,0.0,0.0,0.0,0.0,0,40
2023-24,24,180,Scott Twine,MID,Burnley,6,11,0,2024-02-10T15:00:00Z,0,0,0,0,0,0,0,0,0.0,0.0,0.0,0.0,0.0,0.0,0.0,0.0,0,49
2023-24,24,181,Lawrence Vigouroux,GK,Burnley,6,11,0,2024-02-10T15:00:00Z,0,0,0,0,0,0,0,0,0.0,0.0,0.0,0.0,0.0,0.0,0.0,0.0,0,39
2023-24,24,182,Victor da Silva,DEF,Burnley,6,11,0,2024-02-10T15:00:00Z,10,1,0,0,0,0,0,2,2.0,0.0,0.0,0.2,0.0,0.0,0.0,0.72,0,44
2023-24,24,183,Wout Weghorst,FWD,Burnley,6,11,0,2024-02-10T15:00:00Z,0,0,0,0,0,0,0,0,0.0,0.0,0.0,0.0,0.0,0.0,0.0,0.0,0,55
2023-24,24,184,Anass Zaroury,MID,Burnley,6,11,0,2024-02-10T15:00:00Z,0,0,0,0,0,0,0,0,0.0,0.0,0.0,0.0,0.0,0.0,0.0,0.0,0,46
2023-24,24,185,Ethan Ampadu,DEF,Chelsea,7,8,0,2024-02-12T20:00:00Z,0,0,0,0,0,0,0,0,0.0,0.0,0.0,0.0,0.0,0.0,0.0,0.0,0,40
2023-24,24,186,Andrey Nascimento dos Santos,MID,Chelsea,7,8,0,2024-02-12T20:00:00Z,0,0,0,0,0,0,0,0,0.0,0.0,0.0,0.0,0.0,0.0,0.0,0.0,0,42
2023-24,24,187,Kepa Arrizabalaga,GK,Chelsea,7,8,0,2024-02-12T20:00:00Z,0,0,0,0,0,0,0,0,0.0,0.0,0.0,0.0,0.0,0.0,0.0,0.0,0,50
2023-24,24,188,Pierre-Emerick Aubameyang,FWD,Chelsea,7,8,0,2024-02-12T20:00:00Z,0,0,0,0,0,0,0,0,0.0,0.0,0.0,0.0,0.0,0.0,0.0,0.0,0,65
2023-24,24,189,César Azpilicueta,DEF,Chelsea,7,8,0,2024-02-12T20:00:00Z,0,0,0,0,0,0,0,0,0.0,0.0,0.0,0.0,0.0,0.0,0.0,0.0,0,45
2023-24,24,190,Abdul Rahman Baba,DEF,Chelsea,7,8,0,2024-02-12T20:00:00Z,0,0,0,0,0,0,0,0,0.0,0.0,0.0,0.0,0.0,0.0,0.0,0.0,0,40
2023-24,24,191,Benoît Badiashile,DEF,Chelsea,7,8,0,2024-02-12T20:00:00Z,0,0,0,0,0,0,0,0,0.0,0.0,0.0,0.0,0.0,0.0,0.0,0.0,0,44
2023-24,24,192,Marcus Bettinelli,GK,Chelsea,7,8,0,2024-02-12T20:00:00Z,0,0,0,0,0,0,0,0,0.0,0.0,0.0,0.0,0.0,0.0,0.0,0.0,0,40
2023-24,24,193,Armando Broja,FWD,Fulham,10,3,1,2024-02-10T15:00:00Z,15,1,0,0,0,0,0,0,0.0,0.3,2.0,0.2,0.0,0.0,0.0,0.53,0,49
2023-24,24,194,Trevoh Chalobah,DEF,Chelsea,7,8,0,2024-02-12T20:00:00Z,0,0,0,0,0,0,0,0,0.0,0.0,0.0,0.0,0.0,0.0,0.0,0.0,0,43
2023-24,24,195,Ben Chilwell,DEF,Chelsea,7,8,0,2024-02-12T20:00:00Z,90,2,0,0,0,1,0,8,9.8,5.6,7.0,2.2,0.04,0.02,0.06,0.55,1,54
2023-24,24,196,Carney Chukwuemeka,MID,Chelsea,7,8,0,2024-02-12T20:00:00Z,0,0,0,0,0,0,0,0,0.0,0.0,0.0,0.0,0.0,0.0,0.0,0.0,0,42
2023-24,24,197,Levi Colwill,DEF,Chelsea,7,8,0,2024-02-12T20:00:00Z,29,1,0,0,0,0,0,3,3.0,0.1,0.0,0.3,0.0,0.0,0.0,0.19,0,47
2023-24,24,198,Marc Cucurella Saseta,DEF,Chelsea,7,8,0,2024-02-12T20:00:00Z,0,0,0,0,0,0,0,0,0.0,0.0,0.0,0.0,0.0,0.0,0.0,0.0,0,48
2023-24,24,199,Enzo Fernández,MID,Chelsea,7,8,0,2024-02-12T20:00:00Z,90,8,1,0,0,1,1,29,48.0,11.3,21.0,8.0,0.38,0.05,0.43,0.55,1,48
2023-24,24,200,David Datro Fofana,FWD,Burnley,6,11,0,2024-02-10T15:00:00Z,90,2,0,0,0,3,0,2,10.4,12.0,23.0,4.5,0.83,0.01,0.84,2.86,1,50
2023-24,24,201,Wesley Fofana,DEF,Chelsea,7,8,0,2024-02-12T20:00:00Z,0,0,0,0,0,0,0,0,0.0,0.0,0.0,0.0,0.0,0.0,0.0,0.0,0,44
2023-24,24,202,Conor Gallagher,MID,Chelsea,7,8,0,2024-02-12T20:00:00Z,90,15,2,0,0,1,3,49,74.6,44.8,32.0,15.1,0.33,0.13,0.46,0.55,1,54
2023-24,24,203,Malo Gusto,DEF,Chelsea,7,8,0,2024-02-12T20:00:00Z,83,6,0,1,0,1,1,29,41.0,41.9,4.0,8.7,0.0,0.15,0.15,0.47,1,42
2023-24,24,204,Lewis Hall,DEF,Newcastle,15,16,0,2024-02-10T17:30:00Z,0,0,0,0,0,0,0,0,0.0,0.0,0.0,0.0,0.0,0.0,0.0,0.0,0,43
2023-24,24,205,Callum Hudson-Odoi,MID,Nott'm Forest,16,15,1,2024-02-10T17:30:00Z,90,9,1,0,0,3,2,32,42.4,28.8,9.0,8.0,0.03,0.04,0.07,0.48,1,47
2023-24,24,206,Reece James,DEF,Chelsea,7,8,0,2024-02-12T20:00:00Z,0,0,0,0,0,0,0,0,0.0,0.0,0.0,0.0,0.0,0.0,0.0,0.0,0,53
2023-24,24,207,Romelu Lukaku Bolingoli,FWD,Chelsea,7,8,0,2024-02-12T20:00:00Z,0,0,0,0,0,0,0,0,0.0,0.0,0.0,0.0,0.0,0.0,0.0,0.0,0,68
2023-24,24,208,Noni Madueke,MID,Chelsea,7,8,0,2024-02-12T20:00:00Z,45,1,0,0,0,1,0,4,5.0,14.7,2.0,2.2,0.0,0.07,0.07,0.17,1,53
2023-24,24,209,Mason Mount,MID,Man Utd,14,2,0,2024-02-11T16:30:00Z,0,0,0,0,0,0,0,0,0.0,0.0,0.0,0.0,0.0,0.0,0.0,0.0,0,68
2023-24,24,210,Mykhailo Mudryk,MID,Chelsea,7,8,0,2024-02-12T20:00:00Z,0,0,0,0,0,0,0,0,0.0,0.0,0.0,0.0,0.0,0.0,0.0,0.0,0,63
2023-24,24,211,Nicolas Jackson,FWD,Chelsea,7,8,0,2024-02-12T20:00:00Z,78,1,0,0,0,1,0,-4,0.0,2.1,6.0,0.7,0.06,0.02,0.08,0.47,1,68
2023-24,24,212,Christopher Nkunku,FWD,Chelsea,7,8,0,2024-02-12T20:00:00Z,45,1,0,0,0,0,0,2,4.2,3.8,13.0,2.1,0.06,0.01,0.07,0.37,0,74
2023-24,24,213,Christian Pulisic,MID,Chelsea,7,8,0,2024-02-12T20:00:00Z,0,0,0,0,0,0,0,0,0.0,0.0,0.0,0.0,0.0,0.0,0.0,0.0,0,55
2023-24,24,214,Malang Sarr,DEF,Chelsea,7,8,0,2024-02-12T20:00:00Z,0,0,0,0,0,0,0,0,0.0,0.0,0.0,0.0,0.0,0.0,0.0,0.0,0,43
2023-24,24,215,Gabriel Słonina,GK,Chelsea,7,8,0,2024-02-12T20:00:00Z,0,0,0,0,0,0,0,0,0.0,0.0,0.0,0.0,0.0,0.0,0.0,0.0,0,40
2023-24,24,216,Raheem Sterling,MID,Chelsea,7,8,0,2024-02-12T20:00:00Z,11,1,0,0,0,0,0,3,3.6,14.4,5.0,2.3,0.09,0.16,0.25,0.07,0,70
2023-24,24,217,Thiago Emiliano da Silva,DEF,Chelsea,7,8,0,2024-02-12T20:00:00Z,60,2,0,0,0,1,0,17,22.4,2.3,5.0,3.0,0.04,0.01,0.05,0.36,1,50
2023-24,24,218,Hakim Ziyech,MID,Chelsea,7,8,0,2024-02-12T20:00:00Z,0,0,0,0,0,0,0,0,0.0,0.0,0.0,0.0,0.0,0.0,0.0,0.0,0,54
2023-24,24,219,Naouirou Ahamada,MID,Crystal Palace,8,7,1,2024-02-12T20:00:00Z,11,1,0,0,0,2,0,6,3.2,0.1,5.0,0.8,0.02,0.0,0.02,0.72,0,43
2023-24,24,220,Joachim Andersen,DEF,Crystal Palace,8,7,1,2024-02-12T20:00:00Z,90,1,0,0,0,3,0,12,18.8,0.3,0.0,1.9,0.0,0.0,0.0,1.21,1,48
2023-24,24,221,Jordan Ayew,MID,Crystal Palace,8,7,1,2024-02-12T20:00:00Z,90,2,0,0,0,3,0,4,4.8,1.3,12.0,1.8,0.08,0.01,0.09,1.21,1,54
2023-24,24,222,Nathaniel Clyne,DEF,Crystal Palace,8,7,1,2024-02-12T20:00:00Z,0,0,0,0,0,0,0,0,0.0,0.0,0.0,0.0,0.0,0.0,0.0,0.0,0,44
2023-24,24,223,Cheick Doucouré,MID,Crystal Palace,8,7,1,2024-02-12T20:00:00Z,0,0,0,0,0,0,0,0,0.0,0.0,0.0,0.0,0.0,0.0,0.0,0.0,0,49
2023-24,24,224,Malcolm Ebiowei,MID,Crystal Palace,8,7,1,2024-02-12T20:00:00Z,0,0,0,0,0,0,0,0,0.0,0.0,0.0,0.0,0.0,0.0,0.0,0.0,0,44
2023-24,24,225,Odsonne Edouard,FWD,Crystal Palace,8,7,1,2024-02-12T20:00:00Z,6,1,0,0,0,2,0,2,2.0,10.3,9.0,2.1,0.05,0.0,0.05,0.59,0,54
2023-24,24,226,Eberechi Eze,MID,Crystal Palace,8,7,1,2024-02-12T20:00:00Z,0,0,0,0,0,0,0,0,0.0,0.0,0.0,0.0,0.0,0.0,0.0,0.0,0,60
2023-24,24,227,Vicente Guaita,GK,Crystal Palace,8,7,1,2024-02-12T20:00:00Z,0,0,0,0,0,0,0,0,0.0,0.0,0.0,0.0,0.0,0.0,0.0,0.0,0,44
2023-24,24,228,Marc Guéhi,DEF,Crystal Palace,8,7,1,2024-02-12T20:00:00Z,0,0,0,0,0,0,0,0,0.0,0.0,0.0,0.0,0.0,0.0,0.0,0.0,0,44
2023-24,24,229,Will Hughes,MID,Crystal Palace,8,7,1,2024-02-12T20:00:00Z,78,2,0,0,0,1,0,18,19.6,49.7,0.0,6.9,0.0,0.15,0.15,0.49,1,49
2023-24,24,230,Sam Johnstone,GK,Crystal Palace,8,7,1,2024-02-12T20:00:00Z,0,0,0,0,0,0,0,0,0.0,0.0,0.0,0.0,0.0,0.0,0.0,0.0,0,45
2023-24,24,231,Jefferson Lerma Solís,MID,Crystal Palace,8,7,1,2024-02-12T20:00:00Z,90,6,1,0,0,3,0,19,34.8,2.4,12.0,4.9,0.1,0.01,0.11,1.21,1,47
2023-24,24,232,Jean-Philippe Mateta,FWD,Crystal Palace,8,7,1,2024-02-12T20:00:00Z,90,2,0,0,0,3,0,2,10.8,15.4,26.0,5.2,0.15,0.02,0.17,1.21,1,49
2023-24,24,233,Remi Matthews,GK,Crystal Palace,8,7,1,2024-02-12T20:00:00Z,0,0,0,0,0,0,0,0,0.0,0.0,0.0,0.0,0.0,0.0,0.0,0.0,0,39
2023-24,24,234,Tyrick Mitchell,DEF,Crystal Palace,8,7,1,2024-02-12T20:00:00Z,90,1,0,0,0,3,0,11,9.8,0.4,0.0,1.0,0.0,0.0,0.0,1.21,1,46
2023-24,24,235,Jake O'Brien,DEF,Crystal Palace,8,7,1,2024-02-12T20:00:00Z,0,0,0,0,0,0,0,0,0.0,0.0,0.0,0.0,0.0,0.0,0.0,0.0,0,40
2023-24,24,236,Michael Olise,MID,Crystal Palace,8,7,1,2024-02-12T20:00:00Z,0,0,0,0,0,0,0,0,0.0,0.0,0.0,0.0,0.0,0.0,0.0,0.0,0,59
2023-24,24,237,Luke Plange,FWD,Crystal Palace,8,7,1,2024-02-12T20:00:00Z,0,0,0,0,0,0,0,0,0.0,0.0,0.0,0.0,0.0,0.0,0.0,0.0,0,45
2023-24,24,238,Chris Richards,DEF,Crystal Palace,8,7,1,2024-02-12T20:00:00Z,90,1,0,0,0,3,0,14,26.8,0.1,4.0,3.1,0.04,0.0,0.04,1.21,1,39
2023-24,24,239,Jairo Riedewald,MID,Crystal Palace,8,7,1,2024-02-12T20:00:00Z,0,0,0,0,0,0,0,0,0.0,0.0,0.0,0.0,0.0,0.0,0.0,0.0,0,43
2023-24,24,240,Jeffrey Schlupp,MID,Crystal Palace,8,7,1,2024-02-12T20:00:00Z,0,0,0,0,0,0,0,0,0.0,0.0,0.0,0.0,0.0,0.0,0.0,0.0,0,49
2023-24,24,241,James Tomkins,DEF,Crystal Palace,8,7,1,2024-02-12T20:00:00Z,0,0,0,0,0,0,0,0,0.0,0.0,0.0,0.0,0.0,0.0,0.0,0.0,0,40
2023-24,24,242,Joel Ward,DEF,Crystal Palace,8,7,1,2024-02-12T20:00:00Z,0,0,0,0,0,0,0,0,0.0,0.0,0.0,0.0,0.0,0.0,0.0,0.0,0,45
2023-24,24,243,Joe Whitworth,GK,Crystal Palace,8,7,1,2024-02-12T20:00:00Z,0,0,0,0,0,0,0,0,0.0,0.0,0.0,0.0,0.0,0.0,0.0,0.0,0,39
2023-24,24,244,André Tavares Gomes,MID,Everton,9,13,0,2024-02-10T12:30:00Z,0,0,0,0,0,0,0,0,0.0,0.0,0.0,0.0,0.0,0.0,0.0,0.0,0,44
2023-24,24,245,Jarrad Branthwaite,DEF,Everton,9,13,0,2024-02-10T12:30:00Z,90,1,0,0,0,2,0,12,26.4,0.1,0.0,2.7,0.0,0.0,0.0,1.63,1,41
2023-24,24,246,Dominic Calvert-Lewin,FWD,Everton,9,13,0,2024-02-10T12:30:00Z,77,2,0,0,0,1,0,4,5.2,0.6,2.0,0.8,0.06,0.0,0.06,0.84,1,58
2023-24,24,247,Seamus Coleman,DEF,Everton,9,13,0,2024-02-10T12:30:00Z,34,0,0,0,0,2,0,6,7.0,0.5,0.0,0.8,0.0,0.0,0.0,0.94,0,44
2023-24,24,248,Dele Alli,MID,Everton,9,13,0,2024-02-10T12:30:00Z,0,0,0,0,0,0,0,0,0.0,0.0,0.0,0.0,0.0,0.0,0.0,0.0,0,48
2023-24,24,249,Abdoulaye Doucouré,MID,Everton,9,13,0,2024-02-10T12:30:00Z,0,0,0,0,0,0,0,0,0.0,0.0,0.0,0.0,0.0,0.0,0.0,0.0,0,55
2023-24,24,250,James Garner,MID,Everton,9,13,0,2024-02-10T12:30:00Z,90,1,0,0,0,2,0,8,20.6,10.8,0.0,3.1,0.0,0.01,0.01,1.63,1,49
2023-24,24,251,Jean-Philippe Gbamin,MID,Everton,9,13,0,2024-02-10T12:30:00Z,0,0,0,0,0,0,0,0,0.0,0.0,0.0,0.0,0.0,0.0,0.0,0.0,0,44
2023-24,24,252,Ben Godfrey,DEF,Everton,9,13,0,2024-02-10T12:30:00Z,55,1,0,0,0,0,0,5,20.2,0.3,21.0,4.2,0.2,0.0,0.2,0.69,1,43
2023-24,24,253,Demarai Gray,MID,Everton,9,13,0,2024-02-10T12:30:00Z,0,0,0,0,0,0,0,0,0.0,0.0,0.0,0.0,0.0,0.0,0.0,0.0,0,53
2023-24,24,254,Idrissa Gueye,MID,Everton,9,13,0,2024-02-10T12:30:00Z,88,1,0,0,0,2,0,9,12.4,11.8,0.0,2.4,0.0,0.01,0.01,1.31,1,48
2023-24,24,255,Mason Holgate,DEF,Sheffield Utd,17,12,0,2024-02-10T15:00:00Z,90,1,0,0,0,1,0,8,24.4,1.0,0.0,2.5,0.0,0.0,0.0,1.88,1,40
2023-24,24,256,Alex Iwobi,MID,Fulham,10,3,1,2024-02-10T15:00:00Z,0,0,0,0,0,0,0,0,0.0,0.0,0.0,0.0,0.0,0.0,0.0,0.0,0,53
2023-24,24,257,Michael Keane,DEF,Everton,9,13,0,2024-02-10T12:30:00Z,0,0,0,0,0,0,0,0,0.0,0.0,0.0,0.0,0.0,0.0,0.0,0.0,0,43
2023-24,24,258,Neal Maupay,FWD,Brentford,4,20,0,2024-02-10T15:00:00Z,75,2,0,0,1,0,0,2,9.8,3.0,53.0,6.6,0.57,0.02,0.59,1.06,1,49
2023-24,24,259,Dwight McNeil,MID,Everton,9,13,0,2024-02-10T12:30:00Z,87,2,0,0,0,2,0,14,18.2,22.7,2.0,4.3,0.03,0.18,0.21,1.31,1,54
2023-24,24,260,Vitalii Mykolenko,DEF,Everton,9,13,0,2024-02-10T12:30:00Z,90,1,0,0,0,2,0,10,6.6,1.2,0.0,0.8,0.0,0.0,0.0,1.63,1,46
2023-24,24,261,Amadou Onana,MID,Everton,9,13,0,2024-02-10T12:30:00Z,12,1,0,0,0,1,0,3,0.8,0.4,0.0,0.1,0.0,0.0,0.0,0.79,0,47
2023-24,24,262,Nathan Patterson,DEF,Everton,9,13,0,2024-02-10T12:30:00Z,0,0,0,0,0,0,0,0,0.0,0.0,0.0,0.0,0.0,0.0,0.0,0.0,0,44
2023-24,24,263,Jordan Pickford,GK,Everton,9,13,0,2024-02-10T12:30:00Z,90,1,0,0,0,2,0,12,12.4,0.0,0.0,1.2,0.0,0.0,0.0,1.63,1,45
2023-24,24,264,Ellis Simms,FWD,Everton,9,13,0,2024-02-10T12:30:00Z,0,0,0,0,0,0,0,0,0.0,0.0,0.0,0.0,0.0,0.0,0.0,0.0,0,45
2023-24,24,265,James Tarkowski,DEF,Everton,9,13,0,2024-02-10T12:30:00Z,90,1,0,0,0,2,0,16,27.8,0.1,0.0,2.8,0.0,0.0,0.0,1.63,1,46
2023-24,24,266,João Neves Virgínia,GK,Everton,9,13,0,2024-02-10T12:30:00Z,0,0,0,0,0,0,0,0,0.0,0.0,0.0,0.0,0.0,0.0,0.0,0.0,0,39
2023-24,24,267,Andreas Hoelgebaum Pereira,MID,Fulham,10,3,1,2024-02-10T15:00:00Z,84,2,0,0,0,1,0,10,4.2,2.3,0.0,0.7,0.0,0.06,0.06,1.59,1,53
2023-24,24,268,Tom Cairney,MID,Fulham,10,3,1,2024-02-10T15:00:00Z,62,2,0,0,0,1,0,21,15.4,23.5,2.0,4.1,0.0,0.03,0.03,1.3,1,49
2023-24,24,269,Ivan Neves Abreu Cavaleiro,MID,Fulham,10,3,1,2024-02-10T15:00:00Z,0,0,0,0,0,0,0,0,0.0,0.0,0.0,0.0,0.0,0.0,0.0,0.0,0,50
2023-24,24,270,Bobby De Cordova-Reid,MID,Fulham,10,3,1,2024-02-10T15:00:00Z,63,12,1,1,0,1,2,40,51.0,15.1,21.0,8.7,0.09,0.24,0.33,1.3,1,53
2023-24,24,271,Issa Diop,DEF,Fulham,10,3,1,2024-02-10T15:00:00Z,90,2,0,0,0,1,0,14,36.2,0.3,0.0,3.7,0.0,0.01,0.01,1.84,1,44
2023-24,24,272,Tyrese Francois,MID,Fulham,10,3,1,2024-02-10T15:00:00Z,0,0,0,0,0,0,0,0,0.0,0.0,0.0,0.0,0.0,0.0,0.0,0.0,0,44
2023-24,24,273,Anthony Knockaert,MID,Fulham,10,3,1,2024-02-10T15:00:00Z,0,0,0,0,0,0,0,0,0.0,0.0,0.0,0.0,0.0,0.0,0.0,0.0,0,44
2023-24,24,274,Terence Kongolo,DEF,Fulham,10,3,1,2024-02-10T15:00:00Z,0,0,0,0,0,0,0,0,0.0,0.0,0.0,0.0,0.0,0.0,0.0,0.0,0,40
2023-24,24,275,Bernd Leno,GK,Fulham,10,3,1,2024-02-10T15:00:00Z,90,3,0,0,0,1,0,16,27.0,0.0,0.0,2.7,0.0,0.0,0.0,1.84,1,48
2023-24,24,276,Saša Lukić,MID,Fulham,10,3,1,2024-02-10T15:00:00Z,0,0,0,0,0,0,0,0,0.0,0.0,0.0,0.0,0.0,0.0,0.0,0.0,0,43
2023-24,24,277,Kevin Mbabu,DEF,Fulham,10,3,1,2024-02-10T15:00:00Z,0,0,0,0,0,0,0,0,0.0,0.0,0.0,0.0,0.0,0.0,0.0,0.0,0,40
2023-24,24,278,Aleksandar Mitrović,FWD,Fulham,10,3,1,2024-02-10T15:00:00Z,0,0,0,0,0,0,0,0,0.0,0.0,0.0,0.0,0.0,0.0,0.0,0.0,0,74
2023-24,24,279,Rodrigo Muniz Carvalho,FWD,Fulham,10,3,1,2024-02-10T15:00:00Z,74,13,2,0,0,1,3,54,69.2,0.7,68.0,13.8,0.88,0.0,0.88,1.31,1,44
2023-24,24,280,João Palhinha Gonçalves,MID,Fulham,10,3,1,2024-02-10T15:00:00Z,90,2,0,0,0,1,0,9,27.2,2.9,0.0,3.0,0.0,0.01,0.01,1.84,1,50
2023-24,24,281,Tim Ream,DEF,Fulham,10,3,1,2024-02-10T15:00:00Z,90,2,0,0,0,1,0,21,40.6,0.4,0.0,4.1,0.0,0.0,0.0,1.84,1,45
2023-24,24,282,Harrison Reed,MID,Fulham,10,3,1,2024-02-10T15:00:00Z,27,1,0,0,0,0,0,1,7.4,0.3,0.0,0.8,0.0,0.0,0.0,0.55,0,45
2023-24,24,283,Antonee Robinson,DEF,Fulham,10,3,1,2024-02-10T15:00:00Z,90,2,0,0,0,1,0,20,37.0,13.7,37.0,8.8,0.16,0.02,0.18,1.84,1,44
2023-24,24,284,Marek Rodák,GK,Fulham,10,3,1,2024-02-10T15:00:00Z,0,0,0,0,0,0,0,0,0.0,0.0,0.0,0.0,0.0,0.0,0.0,0.0,0,39
2023-24,24,285,Kenny Tete,DEF,Fulham,10,3,1,2024-02-10T15:00:00Z,0,0,0,0,0,0,0,0,0.0,0.0,0.0,0.0,0.0,0.0,0.0,0.0,0,44
2023-24,24,286,Tosin Adarabioyo,DEF,Fulham,10,3,1,2024-02-10T15:00:00Z,0,0,0,0,0,0,0,0,0.0,0.0,0.0,0.0,0.0,0.0,0.0,0.0,0,43
2023-24,24,287,Carlos Vinícius Alves Morais,FWD,Fulham,10,3,1,2024-02-10T15:00:00Z,0,0,0,0,0,0,0,0,0.0,0.0,0.0,0.0,0.0,0.0,0.0,0.0,0,45
2023-24,24,288,Harry Wilson,MID,Fulham,10,3,1,2024-02-10T15:00:00Z,26,0,0,0,0,0,0,1,1.2,0.3,2.0,0.4,0.0,0.0,0.0,0.55,0,53
2023-24,24,289,Adrián San Miguel del Castillo,GK,Liverpool,11,6,1,2024-02-10T15:00:00Z,0,0,0,0,0,0,0,0,0.0,0.0,0.0,0.0,0.0,0.0,0.0,0.0,0,39
2023-24,24,290,Trent Alexander-Arnold,DEF,Liverpool,11,6,1,2024-02-10T15:00:00Z,45,4,0,1,0,1,0,24,26.6,30.2,1.0,5.8,0.03,0.29,0.32,0.41,1,86
2023-24,24,291,Alisson Ramses Becker,GK,Liverpool,11,6,1,2024-02-10T15:00:00Z,0,0,0,0,0,0,0,0,0.0,0.0,0.0,0.0,0.0,0.0,0.0,0.0,0,57
2023-24,24,292,Stefan Bajcetic,MID,Liverpool,11,6,1,2024-02-10T15:00:00Z,0,0,0,0,0,0,0,0,0.0,0.0,0.0,0.0,0.0,0.0,0.0,0.0,0,47
2023-24,24,293,Darwin Núñez Ribeiro,FWD,Liverpool,11,6,1,2024-02-10T15:00:00Z,90,6,1,0,0,1,1,25,43.2,34.4,62.0,14.0,0.9,0.44,1.34,1.33,1,75
2023-24,24,294,Diogo Teixeira da Silva,MID,Liverpool,11,6,1,2024-02-10T15:00:00Z,90,7,1,0,0,1,0,23,44.2,16.7,73.0,13.4,0.46,0.03,0.49,1.33,1,82
2023-24,24,295,Harvey Elliott,MID,Liverpool,11,6,1,2024-02-10T15:00:00Z,45,10,0,2,0,0,3,28,20.0,13.3,6.0,3.9,0.04,0.38,0.42,0.92,0,48
2023-24,24,296,Fabio Henrique Tavares,MID,Liverpool,11,6,1,2024-02-10T15:00:00Z,0,0,0,0,0,0,0,0,0.0,0.0,0.0,0.0,0.0,0.0,0.0,0.0,0,50
2023-24,24,297,Cody Gakpo,FWD,Liverpool,11,6,1,2024-02-10T15:00:00Z,8,1,0,0,0,0,0,3,1.4,0.5,0.0,0.2,0.0,0.02,0.02,0.0,0,72
2023-24,24,298,Joe Gomez,DEF,Liverpool,11,6,1,2024-02-10T15:00:00Z,0,0,0,0,0,0,0,0,0.0,0.0,0.0,0.0,0.0,0.0,0.0,0.0,0,46
2023-24,24,299,Jordan Henderson,MID,Liverpool,11,6,1,2024-02-10T15:00:00Z,0,0,0,0,0,0,0,0,0.0,0.0,0.0,0.0,0.0,0.0,0.0,0.0,0,50
2023-24,24,300,Curtis Jones,MID,Liverpool,11,6,1,2024-02-10T15:00:00Z,90,2,0,0,0,1,0,18,13.2,38.9,7.0,5.9,0.05,0.19,0.24,1.33,1,49
2023-24,24,301,Caoimhin Kelleher,GK,Liverpool,11,6,1,2024-02-10T15:00:00Z,90,3,0,0,0,1,0,17,29.2,0.0,0.0,2.9,0.0,0.0,0.0,1.33,1,37
2023-24,24,302,Ibrahima Konaté,DEF,Liverpool,11,6,1,2024-02-10T15:00:00Z,0,0,0,0,0,0,0,0,0.0,0.0,0.0,0.0,0.0,0.0,0.0,0.0,0,49
2023-24,24,303,Luis Díaz,MID,Liverpool,11,6,1,2024-02-10T15:00:00Z,81,9,1,0,0,1,2,27,50.0,15.2,88.0,15.3,1.0,0.1,1.1,1.33,1,74
2023-24,24,304,Alexis Mac Allister,MID,Liverpool,11,6,1,2024-02-10T15:00:00Z,90,2,0,0,0,1,0,15,10.4,2.6,7.0,2.0,0.05,0.03,0.08,1.33,1,58
2023-24,24,305,Joel Matip,DEF,Liverpool,11,6,1,2024-02-10T15:00:00Z,0,0,0,0,0,0,0,0,0.0,0.0,0.0,0.0,0.0,0.0,0.0,0.0,0,48
2023-24,24,306,Nathaniel Phillips,DEF,Liverpool,11,6,1,2024-02-10T15:00:00Z,0,0,0,0,0,0,0,0,0.0,0.0,0.0,0.0,0.0,0.0,0.0,0.0,0,40
2023-24,24,307,Andrew Robertson,DEF,Liverpool,11,6,1,2024-02-10T15:00:00Z,90,2,0,0,0,1,0,21,25.4,77.5,13.0,11.6,0.1,0.3,0.4,1.33,1,64
2023-24,24,308,Mohamed Salah,MID,Liverpool,11,6,1,2024-02-10T15:00:00Z,0,0,0,0,0,0,0,0,0.0,0.0,0.0,0.0,0.0,0.0,0.0,0.0,0,130
2023-24,24,309,Dominik Szoboszlai,MID,Liverpool,11,6,1,2024-02-10T15:00:00Z,0,0,0,0,0,0,0,0,0.0,0.0,0.0,0.0,0.0,0.0,0.0,0.0,0,71
2023-24,24,310,Thiago Alcántara do Nascimento,MID,Liverpool,11,6,1,2024-02-10T15:00:00Z,0,0,0,0,0,0,0,0,0.0,0.0,0.0,0.0,0.0,0.0,0.0,0.0,0,47
2023-24,24,311,Konstantinos Tsimikas,DEF,Liverpool,11,6,1,2024-02-10T15:00:00Z,1,1,0,0,0,0,0,3,0.0,0.0,0.0,0.0,0.0,0.0,0.0,0.0,0,45
2023-24,24,312,Sepp van den Berg,DEF,Liverpool,11,6,1,2024-02-10T15:00:00Z,0,0,0,0,0,0,0,0,0.0,0.0,0.0,0.0,0.0,0.0,0.0,0.0,0,40
2023-24,24,313,Virgil van Dijk,DEF,Liverpool,11,6,1,2024-02-10T15:00:00Z,90,2,0,0,0,1,0,13,23.8,12.1,21.0,5.7,0.16,0.05,0.21,1.33,1,63
2023-24,24,314,Elijah Adebayo,FWD,Luton,12,17,1,2024-02-10T15:00:00Z,90,5,0,1,0,3,0,7,5.2,3.8,52.0,6.1,0.33,0.0,0.33,1.81,1,49
2023-24,24,315,Mads Juel Andersen,DEF,Luton,12,17,1,2024-02-10T15:00:00Z,0,0,0,0,0,0,0,0,0.0,0.0,0.0,0.0,0.0,0.0,0.0,0.0,0,39
2023-24,24,316,Amari'i Bell,DEF,Luton,12,17,1,2024-02-10T15:00:00Z,90,3,0,0,0,3,2,29,32.6,4.9,0.0,3.8,0.0,0.05,0.05,1.81,1,39
2023-24,24,317,Luke Berry,MID,Luton,12,17,1,2024-02-10T15:00:00Z,3,1,0,0,0,0,0,3,0.4,0.6,9.0,1.0,0.23,0.02,0.25,0.01,0,46
2023-24,24,318,Reece Burke,DEF,Luton,12,17,1,2024-02-10T15:00:00Z,67,1,0,0,0,2,0,8,4.4,2.3,21.0,2.8,0.09,0.01,0.1,1.7,1,40
2023-24,24,319,Allan Campbell,MID,Luton,12,17,1,2024-02-10T15:00:00Z,0,0,0,0,0,0,0,0,0.0,0.0,0.0,0.0,0.0,0.0,0.0,0.0,0,49
2023-24,24,320,Jordan Clark,MID,Luton,12,17,1,2024-02-10T15:00:00Z,52,1,0,0,0,2,0,3,1.6,2.3,4.0,0.8,0.0,0.0,0.0,1.7,1,48
2023-24,24,321,Alfie Doughty,DEF,Luton,12,17,1,2024-02-10T15:00:00Z,86,1,0,0,0,3,0,21,26.4,135.1,13.0,17.5,0.09,0.39,0.48,1.8,1,46
2023-24,24,322,Luke Freeman,MID,Luton,12,17,1,2024-02-10T15:00:00Z,0,0,0,0,0,0,0,0,0.0,0.0,0.0,0.0,0.0,0.0,0.0,0.0,0,49
2023-24,24,323,Matt Macey,GK,Luton,12,17,1,2024-02-10T15:00:00Z,0,0,0,0,0,0,0,0,0.0,0.0,0.0,0.0,0.0,0.0,0.0,0.0,0,40
2023-24,24,324,John McAtee,FWD,Luton,12,17,1,2024-02-10T15:00:00Z,0,0,0,0,0,0,0,0,0.0,0.0,0.0,0.0,0.0,0.0,0.0,0.0,0,45
2023-24,24,325,Carlos Mendes Gomes,MID,Luton,12,17,1,2024-02-10T15:00:00Z,0,0,0,0,0,0,0,0,0.0,0.0,0.0,0.0,0.0,0.0,0.0,0.0,0,45
2023-24,24,326,Carlton Morris,FWD,Luton,12,17,1,2024-02-10T15:00:00Z,86,5,1,0,0,3,0,24,35.0,3.4,30.0,6.8,0.81,0.03,0.84,1.8,1,50
2023-24,24,327,Admiral Muskwe,FWD,Luton,12,17,1,2024-02-10T15:00:00Z,0,0,0,0,0,0,0,0,0.0,0.0,0.0,0.0,0.0,0.0,0.0,0.0,0,45
2023-24,24,328,Chiedozie Ogbene,FWD,Luton,12,17,1,2024-02-10T15:00:00Z,90,2,0,0,0,3,0,13,9.8,26.5,2.0,3.8,0.04,0.28,0.32,1.81,1,49
2023-24,24,329,Fred Onyedinma,MID,Luton,12,17,1,2024-02-10T15:00:00Z,0,0,0,0,0,0,0,0,0.0,0.0,0.0,0.0,0.0,0.0,0.0,0.0,0,50
2023-24,24,330,Gabriel Osho,DEF,Luton,12,17,1,2024-02-10T15:00:00Z,90,1,0,0,0,3,0,9,15.6,1.2,10.0,2.7,0.15,0.01,0.16,1.81,1,44
2023-24,24,331,Aribim Pepple,FWD,Luton,12,17,1,2024-02-10T15:00:00Z,0,0,0,0,0,0,0,0,0.0,0.0,0.0,0.0,0.0,0.0,0.0,0.0,0,45
2023-24,24,332,Dion Pereira,MID,Luton,12,17,1,2024-02-10T15:00:00Z,0,0,0,0,0,0,0,0,0.0,0.0,0.0,0.0,0.0,0.0,0.0,0.0,0,44
2023-24,24,333,Dan Potts,DEF,Luton,12,17,1,2024-02-10T15:00:00Z,0,0,0,0,0,0,0,0,0.0,0.0,0.0,0.0,0.0,0.0,0.0,0.0,0,39
2023-24,24,334,Glen Rea,MID,Luton,12,17,1,2024-02-10T15:00:00Z,0,0,0,0,0,0,0,0,0.0,0.0,0.0,0.0,0.0,0.0,0.0,0.0,0,44
2023-24,24,335,James Shea,GK,Luton,12,17,1,2024-02-10T15:00:00Z,0,0,0,0,0,0,0,0,0.0,0.0,0.0,0.0,0.0,0.0,0.0,0.0,0,43
2023-24,24,336,Joe Taylor,FWD,Luton,12,17,1,2024-02-10T15:00:00Z,0,0,0,0,0,0,0,0,0.0,0.0,0.0,0.0,0.0,0.0,0.0,0.0,0,45
2023-24,24,337,Elliot Thorpe,MID,Luton,12,17,1,2024-02-10T15:00:00Z,0,0,0,0,0,0,0,0,0.0,0.0,0.0,0.0,0.0,0.0,0.0,0.0,0,45
2023-24,24,338,Jack Walton,GK,Luton,12,17,1,2024-02-10T15:00:00Z,0,0,0,0,0,0,0,0,0.0,0.0,0.0,0.0,0.0,0.0,0.0,0.0,0,40
2023-24,24,339,Louie Watson,MID,Luton,12,17,1,2024-02-10T15:00:00Z,0,0,0,0,0,0,0,0,0.0,0.0,0.0,0.0,0.0,0.0,0.0,0.0,0,44
2023-24,24,340,Cauley Woodrow,FWD,Luton,12,17,1,2024-02-10T15:00:00Z,3,1,0,0,0,0,0,3,0.2,0.5,2.0,0.3,0.0,0.0,0.0,0.01,0,43
2023-24,24,341,Manuel Akanji,DEF,Man City,13,9,1,2024-02-10T12:30:00Z,56,1,0,0,0,0,0,7,6.8,7.8,9.0,2.4,0.21,0.02,0.23,0.29,1,49
2023-24,24,342,Nathan Aké,DEF,Man City,13,9,1,2024-02-10T12:30:00Z,90,11,0,1,1,0,2,33,31.2,17.4,15.0,6.4,0.11,0.05,0.16,0.32,1,50
2023-24,24,343,Julián Álvarez,FWD,Man City,13,9,1,2024-02-10T12:30:00Z,76,2,0,0,1,0,0,4,7.6,47.3,10.0,6.5,0.05,0.22,0.27,0.29,1,68
2023-24,24,344,Bernardo Veiga de Carvalho e Silva,MID,Man City,13,9,1,2024-02-10T12:30:00Z,13,1,0,0,0,0,0,4,6.2,1.3,0.0,0.8,0.0,0.01,0.01,0.03,0,64
2023-24,24,345,Oscar Bobb,MID,Man City,13,9,1,2024-02-10T12:30:00Z,0,0,0,0,0,0,0,0,0.0,0.0,0.0,0.0,0.0,0.0,0.0,0.0,0,44
2023-24,24,346,João Cancelo,DEF,Man City,13,9,1,2024-02-10T12:30:00Z,0,0,0,0,0,0,0,0,0.0,0.0,0.0,0.0,0.0,0.0,0.0,0.0,0,58
2023-24,24,347,Scott Carson,GK,Man City,13,9,1,2024-02-10T12:30:00Z,0,0,0,0,0,0,0,0,0.0,0.0,0.0,0.0,0.0,0.0,0.0,0.0,0,38
2023-24,24,348,Shea Charles,MID,Man City,13,9,1,2024-02-10T12:30:00Z,0,0,0,0,0,0,0,0,0.0,0.0,0.0,0.0,0.0,0.0,0.0,0.0,0,45
2023-24,24,349,Kevin De Bruyne,MID,Man City,13,9,1,2024-02-10T12:30:00Z,33,4,0,1,0,0,0,13,16.8,13.2,4.0,3.4,0.21,0.03,0.24,0.03,0,108
2023-24,24,350,Rúben Gato Alves Dias,DEF,Man City,13,9,1,2024-02-10T12:30:00Z,90,6,0,0,1,0,0,26,13.6,1.4,15.0,3.0,0.08,0.01,0.09,0.32,1,55
2023-24,24,351,Tommy Doyle,MID,Wolves,20,4,1,2024-02-10T15:00:00Z,27,1,0,0,0,1,0,7,6.4,1.8,1.0,0.9,0.02,0.03,0.05,0.3,0,44
2023-24,24,352,Ederson Santana de Moraes,GK,Man City,13,9,1,2024-02-10T12:30:00Z,90,7,0,0,1,0,1,28,17.6,0.0,0.0,1.8,0.0,0.0,0.0,0.32,1,55
2023-24,24,353,Phil Foden,MID,Man City,13,9,1,2024-02-10T12:30:00Z,90,3,0,0,1,0,0,11,8.4,17.0,34.0,5.9,0.2,0.06,0.26,0.32,1,80
2023-24,24,354,Jack Grealish,MID,Man City,13,9,1,2024-02-10T12:30:00Z,3,1,0,0,0,0,0,1,2.4,13.6,2.0,1.8,0.0,0.05,0.05,0.0,0,72
2023-24,24,355,Erling Haaland,FWD,Man City,13,9,1,2024-02-10T12:30:00Z,90,13,2,0,1,0,3,57,69.6,21.8,50.0,14.1,0.68,0.11,0.79,0.32,1,143
2023-24,24,356,Mateo Kovačić,MID,Man City,13,9,1,2024-02-10T12:30:00Z,0,0,0,0,0,0,0,0,0.0,0.0,0.0,0.0,0.0,0.0,0.0,0.0,0,47
2023-24,24,357,Aymeric Laporte,DEF,Man City,13,9,1,2024-02-10T12:30:00Z,0,0,0,0,0,0,0,0,0.0,0.0,0.0,0.0,0.0,0.0,0.0,0.0,0,49
2023-24,24,358,Rico Lewis,DEF,Man City,13,9,1,2024-02-10T12:30:00Z,0,0,0,0,0,0,0,0,0.0,0.0,0.0,0.0,0.0,0.0,0.0,0.0,0,43
2023-24,24,359,Riyad Mahrez,MID,Man City,13,9,1,2024-02-10T12:30:00Z,0,0,0,0,0,0,0,0,0.0,0.0,0.0,0.0,0.0,0.0,0.0,0.0,0,75
2023-24,24,360,James McAtee,MID,Sheffield Utd,17,12,0,2024-02-10T15:00:00Z,80,7,1,0,0,1,0,21,33.0,1.0,25.0,5.9,0.82,0.0,0.82,1.58,1,44
2023-24,24,361,Stefan Ortega Moreno,GK,Man City,13,9,1,2024-02-10T12:30:00Z,0,0,0,0,0,0,0,0,0.0,0.0,0.0,0.0,0.0,0.0,0.0,0.0,0,38
2023-24,24,362,Cole Palmer,MID,Chelsea,7,8,0,2024-02-12T20:00:00Z,90,10,0,2,0,1,2,30,39.4,38.3,31.0,10.9,0.09,0.3,0.39,0.55,1,59
2023-24,24,363,Máximo Perrone,MID,Man City,13,9,1,2024-02-10T12:30:00Z,0,0,0,0,0,0,0,0,0.0,0.0,0.0,0.0,0.0,0.0,0.0,0.0,0,44
2023-24,24,364,Kalvin Phillips,MID,West Ham,19,1,1,2024-02-11T14:00:00Z,45,0,0,0,0,2,0,-3,0.0,0.6,0.0,0.0,0.0,0.0,0.0,0.88,0,47
2023-24,24,365,Rodrigo Hernandez,MID,Man City,13,9,1,2024-02-10T12:30:00Z,90,3,0,0,1,0,0,13,21.6,30.0,5.0,5.7,0.04,0.09,0.13,0.32,1,56
2023-24,24,366,Sergio Gómez,DEF,Man City,13,9,1,2024-02-10T12:30:00Z,0,0,0,0,0,0,0,0,0.0,0.0,0.0,0.0,0.0,0.0,0.0,0.0,0,38
2023-24,24,367,Zack Steffen,GK,Man City,13,9,1,2024-02-10T12:30:00Z,0,0,0,0,0,0,0,0,0.0,0.0,0.0,0.0,0.0,0.0,0.0,0.0,0,39
2023-24,24,368,John Stones,DEF,Man City,13,9,1,2024-02-10T12:30:00Z,90,7,0,0,1,0,1,28,15.8,17.6,0.0,3.3,0.0,0.04,0.04,0.32,1,53
2023-24,24,369,Kyle Walker,DEF,Man City,13,9,1,2024-02-10T12:30:00Z,33,1,0,0,0,0,0,11,4.4,22.5,0.0,2.7,0.0,0.02,0.02,0.03,0,55
2023-24,24,370,Alex Telles,DEF,Man Utd,14,2,0,2024-02-11T16:30:00Z,0,0,0,0,0,0,0,0,0.0,0.0,0.0,0.0,0.0,0.0,0.0,0.0,0,45
2023-24,24,371,Amad Diallo,MID,Man Utd,14,2,0,2024-02-11T16:30:00Z,0,0,0,0,0,0,0,0,0.0,0.0,0.0,0.0,0.0,0.0,0.0,0.0,0,44
2023-24,24,372,Antony Matheus dos Santos,MID,Man Utd,14,2,0,2024-02-11T16:30:00Z,0,0,0,0,0,0,0,0,0.0,0.0,0.0,0.0,0.0,0.0,0.0,0.0,0,68
2023-24,24,373,Bruno Borges Fernandes,MID,Man Utd,14,2,0,2024-02-11T16:30:00Z,90,2,0,0,0,1,0,23,34.8,106.3,2.0,14.3,0.0,0.63,0.63,2.49,1,82
2023-24,24,374,Brandon Williams,DEF,Man Utd,14,2,0,2024-02-11T16:30:00Z,0,0,0,0,0,0,0,0,0.0,0.0,0.0,0.0,0.0,0.0,0.0,0.0,0,40
2023-24,24,375,Eric Bailly,DEF,Man Utd,14,2,0,2024-02-11T16:30:00Z,0,0,0,0,0,0,0,0,0.0,0.0,0.0,0.0,0.0,0.0,0.0,0.0,0,40
2023-24,24,376,Carlos Henrique Casimiro,MID,Man Utd,14,2,0,2024-02-11T16:30:00Z,90,1,0,0,0,1,0,10,30.2,11.1,6.0,4.7,0.03,0.01,0.04,2.49,1,53
2023-24,24,377,Diogo Dalot Teixeira,DEF,Man Utd,14,2,0,2024-02-11T16:30:00Z,90,7,0,1,0,1,2,28,44.6,29.5,4.0,7.8,0.0,0.19,0.19,2.49,1,51
2023-24,24,378,Anthony Elanga,MID,Nott'm Forest,16,15,1,2024-02-10T17:30:00Z,90,7,1,0,0,3,0,16,36.6,0.9,32.0,7.0,0.82,0.04,0.86,0.48,1,51
2023-24,24,379,Christian Eriksen,MID,Man Utd,14,2,0,2024-02-11T16:30:00Z,0,0,0,0,0,0,0,0,0.0,0.0,0.0,0.0,0.0,0.0,0.0,0.0,0,58
2023-24,24,380,Álvaro Fernández Carreras,DEF,Man Utd,14,2,0,2024-02-11T16:30:00Z,0,0,0,0,0,0,0,0,0.0,0.0,0.0,0.0,0.0,0.0,0.0,0.0,0,40
2023-24,24,381,Frederico Rodrigues de Paula Santos,MID,Man Utd,14,2,0,2024-02-11T16:30:00Z,0,0,0,0,0,0,0,0,0.0,0.0,0.0,0.0,0.0,0.0,0.0,0.0,0,50
2023-24,24,382,Alejandro Garnacho,MID,Man Utd,14,2,0,2024-02-11T16:30:00Z,90,2,0,0,0,1,0,3,6.8,1.5,45.0,5.3,0.31,0.01,0.32,2.49,1,49
2023-24,24,383,Hannibal Mejbri,MID,Man Utd,14,2,0,2024-02-11T16:30:00Z,0,0,0,0,0,0,0,0,0.0,0.0,0.0,0.0,0.0,0.0,0.0,0.0,0,43
2023-24,24,384,Tom Heaton,GK,Man Utd,14,2,0,2024-02-11T16:30:00Z,0,0,0,0,0,0,0,0,0.0,0.0,0.0,0.0,0.0,0.0,0.0,0.0,0,40
2023-24,24,385,Dean Henderson,GK,Crystal Palace,8,7,1,2024-02-12T20:00:00Z,90,1,0,0,0,3,0,12,17.6,0.0,0.0,1.8,0.0,0.0,0.0,1.21,1,44
2023-24,24,386,Victor Lindelöf,DEF,Man Utd,14,2,0,2024-02-11T16:30:00Z,45,1,0,0,0,1,0,6,9.2,1.1,0.0,1.0,0.0,0.0,0.0,1.64,0,45
2023-24,24,387,Harry Maguire,DEF,Man Utd,14,2,0,2024-02-11T16:30:00Z,90,7,0,1,0,1,2,28,38.4,10.9,12.0,6.1,0.14,0.36,0.5,2.49,1,42
2023-24,24,388,Kobbie Mainoo,MID,Man Utd,14,2,0,2024-02-11T16:30:00Z,90,1,0,0,0,1,0,11,14.6,45.3,2.0,6.2,0.0,0.04,0.04,2.44,1,44
2023-24,24,389,Tyrell Malacia,DEF,Man Utd,14,2,0,2024-02-11T16:30:00Z,0,0,0,0,0,0,0,0,0.0,0.0,0.0,0.0,0.0,0.0,0.0,0.0,0,43
2023-24,24,390,Anthony Martial,FWD,Man Utd,14,2,0,2024-02-11T16:30:00Z,0,0,0,0,0,0,0,0,0.0,0.0,0.0,0.0,0.0,0.0,0.0,0.0,0,64
2023-24,24,391,Lisandro Martínez,DEF,Man Utd,14,2,0,2024-02-11T16:30:00Z,0,0,0,0,0,0,0,0,0.0,0.0,0.0,0.0,0.0,0.0,0.0,0.0,0,47
2023-24,24,392,Scott McTominay,MID,Man Utd,14,2,0,2024-02-11T16:30:00Z,17,6,1,0,0,0,0,24,33.4,1.2,17.0,5.2,0.13,0.0,0.13,0.38,0,46
2023-24,24,393,Teden Mengi,DEF,Luton,12,17,1,2024-02-10T15:00:00Z,0,0,0,0,0,0,0,0,0.0,0.0,0.0,0.0,0.0,0.0,0.0,0.0,0,39
2023-24,24,394,Facundo Pellistri Rebollo,MID,Man Utd,14,2,0,2024-02-11T16:30:00Z,0,0,0,0,0,0,0,0,0.0,0.0,0.0,0.0,0.0,0.0,0.0,0.0,0,42
2023-24,24,395,Raphaël Varane,DEF,Man Utd,14,2,0,2024-02-11T16:30:00Z,90,2,0,0,0,1,0,17,29.4,0.3,5.0,3.5,0.02,0.01,0.03,2.49,1,49
2023-24,24,396,Marcus Rashford,MID,Man Utd,14,2,0,2024-02-11T16:30:00Z,72,2,0,0,0,1,0,8,7.6,2.4,32.0,4.2,0.27,0.04,0.31,2.11,1,84
2023-24,24,397,Jadon Sancho,MID,Man Utd,14,2,0,2024-02-11T16:30:00Z,0,0,0,0,0,0,0,0,0.0,0.0,0.0,0.0,0.0,0.0,0.0,0.0,0,67
2023-24,24,398,Luke Shaw,DEF,Man Utd,14,2,0,2024-02-11T16:30:00Z,45,1,0,0,0,0,0,5,4.0,14.6,0.0,1.9,0.0,0.05,0.05,0.85,1,52
2023-24,24,399,Shola Shoretire,FWD,Man Utd,14,2,0,2024-02-11T16:30:00Z,0,0,0,0,0,0,0,0,0.0,0.0,0.0,0.0,0.0,0.0,0.0,0.0,0,44
2023-24,24,400,Donny van de Beek,MID,Man Utd,14,2,0,2024-02-11T16:30:00Z,0,0,0,0,0,0,0,0,0.0,0.0,0.0,0.0,0.0,0.0,0.0,0.0,0,47
2023-24,24,401,Aaron Wan-Bissaka,DEF,Man Utd,14,2,0,2024-02-11T16:30:00Z,0,0,0,0,0,0,0,0,0.0,0.0,0.0,0.0,0.0,0.0,0.0,0.0,0,44
2023-24,24,402,Miguel Almirón Rejala,MID,Newcastle,15,16,0,2024-02-10T17:30:00Z,59,1,0,0,0,2,0,4,1.2,1.6,2.0,0.5,0.0,0.01,0.01,1.16,1,61
2023-24,24,403,Elliot Anderson,MID,Newcastle,15,16,0,2024-02-10T17:30:00Z,0,0,0,0,0,0,0,0,0.0,0.0,0.0,0.0,0.0,0.0,0.0,0.0,0,42
2023-24,24,404,Harrison Ashby,DEF,Newcastle,15,16,0,2024-02-10T17:30:00Z,0,0,0,0,0,0,0,0,0.0,0.0,0.0,0.0,0.0,0.0,0.0,0.0,0,40
2023-24,24,405,Sven Botman,DEF,Newcastle,15,16,0,2024-02-10T17:30:00Z,90,3,0,1,0,2,0,23,55.0,10.9,2.0,6.8,0.0,0.06,0.06,1.5,1,45
2023-24,24,406,Bruno Guimarães Rodriguez Moura,MID,Newcastle,15,16,0,2024-02-10T17:30:00Z,90,15,2,0,0,2,3,49,78.0,6.5,42.0,12.7,0.3,0.02,0.32,1.5,1,58
2023-24,24,407,Dan Burn,DEF,Newcastle,15,16,0,2024-02-10T17:30:00Z,90,1,0,0,0,2,0,20,34.2,2.0,0.0,3.6,0.0,0.01,0.01,1.5,1,44
2023-24,24,408,Karl Darlow,GK,Newcastle,15,16,0,2024-02-10T17:30:00Z,0,0,0,0,0,0,0,0,0.0,0.0,0.0,0.0,0.0,0.0,0.0,0.0,0,40
2023-24,24,409,Martin Dubravka,GK,Newcastle,15,16,0,2024-02-10T17:30:00Z,90,1,0,0,0,2,0,10,12.0,0.0,0.0,1.2,0.0,0.0,0.0,1.5,1,42
2023-24,24,410,Ryan Fraser,MID,Newcastle,15,16,0,2024-02-10T17:30:00Z,0,0,0,0,0,0,0,0,0.0,0.0,0.0,0.0,0.0,0.0,0.0,0.0,0,49
2023-24,24,411,Mark Gillespie,GK,Newcastle,15,16,0,2024-02-10T17:30:00Z,0,0,0,0,0,0,0,0,0.0,0.0,0.0,0.0,0.0,0.0,0.0,0.0,0,39
2023-24,24,412,Anthony Gordon,MID,Newcastle,15,16,0,2024-02-10T17:30:00Z,90,2,0,0,0,2,0,11,5.8,18.3,5.0,2.9,0.06,0.14,0.2,1.5,1,61
2023-24,24,413,Isaac Hayden,MID,Newcastle,15,16,0,2024-02-10T17:30:00Z,0,0,0,0,0,0,0,0,0.0,0.0,0.0,0.0,0.0,0.0,0.0,0.0,0,44
2023-24,24,414,Jeff Hendrick,MID,Newcastle,15,16,0,2024-02-10T17:30:00Z,0,0,0,0,0,0,0,0,0.0,0.0,0.0,0.0,0.0,0.0,0.0,0.0,0,44
2023-24,24,415,Alexander Isak,FWD,Newcastle,15,16,0,2024-02-10T17:30:00Z,0,0,0,0,0,0,0,0,0.0,0.0,0.0,0.0,0.0,0.0,0.0,0.0,0,75
2023-24,24,416,Joelinton Cássio Apolinário de Lira,MID,Newcastle,15,16,0,2024-02-10T17:30:00Z,0,0,0,0,0,0,0,0,0.0,0.0,0.0,0.0,0.0,0.0,0.0,0.0,0,58
2023-24,24,417,Emil Krafth,DEF,Newcastle,15,16,0,2024-02-10T17:30:00Z,1,1,0,0,0,0,0,3,0.0,0.0,0.0,0.0,0.0,0.0,0.0,0.0,0,44
2023-24,24,418,Garang Kuol,MID,Newcastle,15,16,0,2024-02-10T17:30:00Z,0,0,0,0,0,0,0,0,0.0,0.0,0.0,0.0,0.0,0.0,0.0,0.0,0,45
2023-24,24,419,Jamaal Lascelles,DEF,Newcastle,15,16,0,2024-02-10T17:30:00Z,0,0,0,0,0,0,0,0,0.0,0.0,0.0,0.0,0.0,0.0,0.0,0.0,0,41
2023-24,24,420,Jamal Lewis,DEF,Newcastle,15,16,0,2024-02-10T17:30:00Z,0,0,0,0,0,0,0,0,0.0,0.0,0.0,0.0,0.0,0.0,0.0,0.0,0,40
2023-24,24,421,Sean Longstaff,MID,Newcastle,15,16,0,2024-02-10T17:30:00Z,90,2,0,0,0,2,0,13,22.2,14.7,19.0,5.6,0.03,0.05,0.08,1.5,1,48
2023-24,24,422,Javier Manquillo Gaitán,DEF,Newcastle,15,16,0,2024-02-10T17:30:00Z,0,0,0,0,0,0,0,0,0.0,0.0,0.0,0.0,0.0,0.0,0.0,0.0,0,40
2023-24,24,423,Jacob Murphy,MID,Newcastle,15,16,0,2024-02-10T17:30:00Z,0,0,0,0,0,0,0,0,0.0,0.0,0.0,0.0,0.0,0.0,0.0,0.0,0,48
2023-24,24,424,Nick Pope,GK,Newcastle,15,16,0,2024-02-10T17:30:00Z,0,0,0,0,0,0,0,0,0.0,0.0,0.0,0.0,0.0,0.0,0.0,0.0,0,53
2023-24,24,425,Matt Ritchie,MID,Newcastle,15,16,0,2024-02-10T17:30:00Z,0,0,0,0,0,0,0,0,0.0,0.0,0.0,0.0,0.0,0.0,0.0,0.0,0,43
2023-24,24,426,Allan Saint-Maximin,MID,Newcastle,15,16,0,2024-02-10T17:30:00Z,0,0,0,0,0,0,0,0,0.0,0.0,0.0,0.0,0.0,0.0,0.0,0.0,0,60
2023-24,24,427,Fabian Schär,DEF,Newcastle,15,16,0,2024-02-10T17:30:00Z,90,7,1,0,0,2,0,23,56.8,11.8,34.0,10.3,0.11,0.02,0.12,1.5,1,53
2023-24,24,428,Matt Targett,DEF,Newcastle,15,16,0,2024-02-10T17:30:00Z,0,0,0,0,0,0,0,0,0.0,0.0,0.0,0.0,0.0,0.0,0.0,0.0,0,42
2023-24,24,429,Sandro Tonali,MID,Newcastle,15,16,0,2024-02-10T17:30:00Z,0,0,0,0,0,0,0,0,0.0,0.0,0.0,0.0,0.0,0.0,0.0,0.0,0,52
2023-24,24,430,Kieran Trippier,DEF,Newcastle,15,16,0,2024-02-10T17:30:00Z,90,4,0,1,0,2,0,27,31.8,26.8,0.0,5.9,0.0,0.11,0.11,1.5,1,68
2023-24,24,431,Kell Watts,DEF,Newcastle,15,16,0,2024-02-10T17:30:00Z,0,0,0,0,0,0,0,0,0.0,0.0,0.0,0.0,0.0,0.0,0.0,0.0,0,40
2023-24,24,432,Joe Willock,MID,Newcastle,15,16,0,2024-02-10T17:30:00Z,0,0,0,0,0,0,0,0,0.0,0.0,0.0,0.0,0.0,0.0,0.0,0.0,0,53
2023-24,24,433,Callum Wilson,FWD,Newcastle,15,16,0,2024-02-10T17:30:00Z,90,1,0,0,0,2,0,-3,0.0,0.8,8.0,0.8,0.0,0.0,0.0,1.5,1,78
2023-24,24,434,Brandon Aguilera Zamora,MID,Nott'm Forest,16,15,1,2024-02-10T17:30:00Z,0,0,0,0,0,0,0,0,0.0,0.0,0.0,0.0,0.0,0.0,0.0,0.0,0,45
2023-24,24,435,Harry Arter,MID,Nott'm Forest,16,15,1,2024-02-10T17:30:00Z,0,0,0,0,0,0,0,0,0.0,0.0,0.0,0.0,0.0,0.0,0.0,0.0,0,43
2023-24,24,436,Serge Aurier,DEF,Nott'm Forest,16,15,1,2024-02-10T17:30:00Z,0,0,0,0,0,0,0,0,0.0,0.0,0.0,0.0,0.0,0.0,0.0,0.0,0,45
2023-24,24,437,Taiwo Awoniyi,FWD,Nott'm Forest,16,15,1,2024-02-10T17:30:00Z,67,2,0,0,0,3,0,4,0.0,3.6,6.0,0.9,0.0,0.07,0.07,0.48,1,63
2023-24,24,438,Giulian Biancone,DEF,Nott'm Forest,16,15,1,2024-02-10T17:30:00Z,0,0,0,0,0,0,0,0,0.0,0.0,0.0,0.0,0.0,0.0,0.0,0.0,0,39
2023-24,24,439,Willy Boly,DEF,Nott'm Forest,16,15,1,2024-02-10T17:30:00Z,0,0,0,0,0,0,0,0,0.0,0.0,0.0,0.0,0.0,0.0,0.0,0.0,0,45
2023-24,24,440,Josh Bowler,MID,Nott'm Forest,16,15,1,2024-02-10T17:30:00Z,0,0,0,0,0,0,0,0,0.0,0.0,0.0,0.0,0.0,0.0,0.0,0.0,0,45
2023-24,24,441,Steve Cook,DEF,Nott'm Forest,16,15,1,2024-02-10T17:30:00Z,0,0,0,0,0,0,0,0,0.0,0.0,0.0,0.0,0.0,0.0,0.0,0.0,0,45
2023-24,24,442,Danilo dos Santos de Oliveira,MID,Nott'm Forest,16,15,1,2024-02-10T17:30:00Z,12,1,0,0,0,0,0,4,5.0,11.2,0.0,1.6,0.0,0.01,0.01,0.0,0,53
2023-24,24,443,Emmanuel Dennis,FWD,Nott'm Forest,16,15,1,2024-02-10T17:30:00Z,0,0,0,0,0,0,0,0,0.0,0.0,0.0,0.0,0.0,0.0,0.0,0.0,0,48
2023-24,24,444,Mohamed Dräger,DEF,Nott'm Forest,16,15,1,2024-02-10T17:30:00Z,0,0,0,0,0,0,0,0,0.0,0.0,0.0,0.0,0.0,0.0,0.0,0.0,0,40
2023-24,24,445,Felipe Augusto de Almeida Monteiro,DEF,Nott'm Forest,16,15,1,2024-02-10T17:30:00Z,0,0,0,0,0,0,0,0,0.0,0.0,0.0,0.0,0.0,0.0,0.0,0.0,0,44
2023-24,24,446,Remo Freuler,MID,Nott'm Forest,16,15,1,2024-02-10T17:30:00Z,0,0,0,0,0,0,0,0,0.0,0.0,0.0,0.0,0.0,0.0,0.0,0.0,0,49
2023-24,24,447,Morgan Gibbs-White,MID,Nott'm Forest,16,15,1,2024-02-10T17:30:00Z,90,4,0,1,0,3,0,20,18.8,32.5,9.0,6.0,0.31,0.21,0.52,0.48,1,57
2023-24,24,448,Wayne Hennessey,GK,Nott'm Forest,16,15,1,2024-02-10T17:30:00Z,0,0,0,0,0,0,0,0,0.0,0.0,0.0,0.0,0.0,0.0,0.0,0.0,0,40
2023-24,24,449,Ethan Horvath,GK,Nott'm Forest,16,15,1,2024-02-10T17:30:00Z,0,0,0,0,0,0,0,0,0.0,0.0,0.0,0.0,0.0,0.0,0.0,0.0,0,43
2023-24,24,450,Brennan Johnson,MID,Spurs,18,5,1,2024-02-10T15:00:00Z,28,7,1,0,0,0,1,23,35.2,2.3,52.0,9.0,0.39,0.0,0.39,0.25,0,58
2023-24,24,451,Cheikhou Kouyaté,MID,Nott'm Forest,16,15,1,2024-02-10T17:30:00Z,0,0,0,0,0,0,0,0,0.0,0.0,0.0,0.0,0.0,0.0,0.0,0.0,0,48
2023-24,24,452,Richie Laryea,DEF,Nott'm Forest,16,15,1,2024-02-10T17:30:00Z,0,0,0,0,0,0,0,0,0.0,0.0,0.0,0.0,0.0,0.0,0.0,0.0,0,45
2023-24,24,453,Orel Mangala,MID,Nott'm Forest,16,15,1,2024-02-10T17:30:00Z,0,0,0,0,0,0,0,0,0.0,0.0,0.0,0.0,0.0,0.0,0.0,0.0,0,50
2023-24,24,454,Loïc Mbe Soh,DEF,Nott'm Forest,16,15,1,2024-02-10T17:30:00Z,0,0,0,0,0,0,0,0,0.0,0.0,0.0,0.0,0.0,0.0,0.0,0.0,0,40
2023-24,24,455,Scott McKenna,DEF,Nott'm Forest,16,15,1,2024-02-10T17:30:00Z,0,0,0,0,0,0,0,0,0.0,0.0,0.0,0.0,0.0,0.0,0.0,0.0,0,44
2023-24,24,456,Alex Mighten,MID,Nott'm Forest,16,15,1,2024-02-10T17:30:00Z,0,0,0,0,0,0,0,0,0.0,0.0,0.0,0.0,0.0,0.0,0.0,0.0,0,44
2023-24,24,457,Moussa Niakhaté,DEF,Nott'm Forest,16,15,1,2024-02-10T17:30:00Z,90,1,0,0,0,3,0,14,19.0,1.2,0.0,2.0,0.0,0.0,0.0,0.48,1,45
2023-24,24,458,Lewis O'Brien,MID,Nott'm Forest,16,15,1,2024-02-10T17:30:00Z,0,0,0,0,0,0,0,0,0.0,0.0,0.0,0.0,0.0,0.0,0.0,0.0,0,49
2023-24,24,459,Braian Ojeda Rodríguez,MID,Nott'm Forest,16,15,1,2024-02-10T17:30:00Z,0,0,0,0,0,0,0,0,0.0,0.0,0.0,0.0,0.0,0.0,0.0,0.0,0,45
2023-24,24,460,Jonathan Panzo,DEF,Nott'm Forest,16,15,1,2024-02-10T17:30:00Z,0,0,0,0,0,0,0,0,0.0,0.0,0.0,0.0,0.0,0.0,0.0,0.0,0,40
2023-24,24,461,Omar Richards,DEF,Nott'm Forest,16,15,1,2024-02-10T17:30:00Z,0,0,0,0,0,0,0,0,0.0,0.0,0.0,0.0,0.0,0.0,0.0,0.0,0,44
2023-24,24,462,Gustavo Henrique Furtado Scarpa,MID,Nott'm Forest,16,15,1,2024-02-10T17:30:00Z,0,0,0,0,0,0,0,0,0.0,0.0,0.0,0.0,0.0,0.0,0.0,0.0,0,45
2023-24,24,463,Jonjo Shelvey,MID,Nott'm Forest,16,15,1,2024-02-10T17:30:00Z,0,0,0,0,0,0,0,0,0.0,0.0,0.0,0.0,0.0,0.0,0.0,0.0,0,48
2023-24,24,464,Sam Surridge,FWD,Nott'm Forest,16,15,1,2024-02-10T17:30:00Z,0,0,0,0,0,0,0,0,0.0,0.0,0.0,0.0,0.0,0.0,0.0,0.0,0,45
2023-24,24,465,Harry Toffolo,DEF,Nott'm Forest,16,15,1,2024-02-10T17:30:00Z,0,0,0,0,0,0,0,0,0.0,0.0,0.0,0.0,0.0,0.0,0.0,0.0,0,44
2023-24,24,466,Hwang Ui-jo,FWD,Nott'm Forest,16,15,1,2024-02-10T17:30:00Z,0,0,0,0,0,0,0,0,0.0,0.0,0.0,0.0,0.0,0.0,0.0,0.0,0,44
2023-24,24,467,Neco Williams,DEF,Nott'm Forest,16,15,1,2024-02-10T17:30:00Z,90,1,0,0,0,3,0,8,10.6,3.5,4.0,1.8,0.0,0.01,0.01,0.48,1,43
2023-24,24,468,Chris Wood,FWD,Nott'm Forest,16,15,1,2024-02-10T17:30:00Z,0,0,0,0,0,0,0,0,0.0,0.0,0.0,0.0,0.0,0.0,0.0,0.0,0,49
2023-24,24,469,Joe Worrall,DEF,Nott'm Forest,16,15,1,2024-02-10T17:30:00Z,0,0,0,0,0,0,0,0,0.0,0.0,0.0,0.0,0.0,0.0,0.0,0.0,0,43
2023-24,24,470,Ryan Yates,MID,Nott'm Forest,16,15,1,2024-02-10T17:30:00Z,72,2,0,0,0,3,0,4,4.6,1.0,2.0,0.8,0.02,0.0,0.02,0.48,1,48
2023-24,24,471,Anel Ahmedhodžić,DEF,Sheffield Utd,17,12,0,2024-02-10T15:00:00Z,90,2,0,0,0,1,0,12,27.0,0.3,0.0,2.7,0.0,0.0,0.0,1.88,1,43
2023-24,24,472,Jordan Amissah,GK,Sheffield Utd,17,12,0,2024-02-10T15:00:00Z,0,0,0,0,0,0,0,0,0.0,0.0,0.0,0.0,0.0,0.0,0.0,0.0,0,39
2023-24,24,473,George Baldock,DEF,Sheffield Utd,17,12,0,2024-02-10T15:00:00Z,0,0,0,0,0,0,0,0,0.0,0.0,0.0,0.0,0.0,0.0,0.0,0.0,0,38
2023-24,24,474,Chris Basham,DEF,Sheffield Utd,17,12,0,2024-02-10T15:00:00Z,0,0,0,0,0,0,0,0,0.0,0.0,0.0,0.0,0.0,0.0,0.0,0.0,0,39
2023-24,24,475,Sander Berge,MID,Burnley,6,11,0,2024-02-10T15:00:00Z,90,2,0,0,0,3,0,22,31.8,12.0,2.0,4.6,0.0,0.03,0.03,2.86,1,47
2023-24,24,476,Jayden Bogle,DEF,Sheffield Utd,17,12,0,2024-02-10T15:00:00Z,90,2,0,0,0,1,0,11,27.8,0.9,2.0,3.1,0.0,0.02,0.02,1.88,1,45
2023-24,24,477,Rhian Brewster,FWD,Sheffield Utd,17,12,0,2024-02-10T15:00:00Z,9,1,0,0,0,0,0,-2,0.0,0.0,2.0,0.0,0.01,0.0,0.01,0.3,0,49
2023-24,24,478,Ismaila Coulibaly,MID,Sheffield Utd,17,12,0,2024-02-10T15:00:00Z,0,0,0,0,0,0,0,0,0.0,0.0,0.0,0.0,0.0,0.0,0.0,0.0,0,44
2023-24,24,479,Adam Davies,GK,Sheffield Utd,17,12,0,2024-02-10T15:00:00Z,0,0,0,0,0,0,0,0,0.0,0.0,0.0,0.0,0.0,0.0,0.0,0.0,0,40
2023-24,24,480,John Egan,DEF,Sheffield Utd,17,12,0,2024-02-10T15:00:00Z,0,0,0,0,0,0,0,0,0.0,0.0,0.0,0.0,0.0,0.0,0.0,0.0,0,43
2023-24,24,481,John Fleck,MID,Sheffield Utd,17,12,0,2024-02-10T15:00:00Z,0,0,0,0,0,0,0,0,0.0,0.0,0.0,0.0,0.0,0.0,0.0,0.0,0,49
2023-24,24,482,Wes Foderingham,GK,Sheffield Utd,17,12,0,2024-02-10T15:00:00Z,90,3,0,0,0,1,0,16,25.2,0.0,0.0,2.5,0.0,0.0,0.0,1.88,1,45
2023-24,24,483,Daniel Jebbison,FWD,Sheffield Utd,17,12,0,2024-02-10T15:00:00Z,0,0,0,0,0,0,0,0,0.0,0.0,0.0,0.0,0.0,0.0,0.0,0.0,0,48
2023-24,24,484,Max Lowe,DEF,Sheffield Utd,17,12,0,2024-02-10T15:00:00Z,85,5,0,1,0,1,0,15,31.8,11.2,0.0,4.3,0.0,0.02,0.02,1.88,0,43
2023-24,24,485,Oliver McBurnie,FWD,Sheffield Utd,17,12,0,2024-02-10T15:00:00Z,0,0,0,0,0,0,0,0,0.0,0.0,0.0,0.0,0.0,0.0,0.0,0.0,0,54
2023-24,24,486,Iliman Ndiaye,FWD,Sheffield Utd,17,12,0,2024-02-10T15:00:00Z,0,0,0,0,0,0,0,0,0.0,0.0,0.0,0.0,0.0,0.0,0.0,0.0,0,55
2023-24,24,487,Rhys Norrington-Davies,DEF,Sheffield Utd,17,12,0,2024-02-10T15:00:00Z,4,1,0,0,0,0,0,3,0.0,0.0,0.0,0.0,0.0,0.0,0.0,0.0,1,39
2023-24,24,488,Oliver Norwood,MID,Sheffield Utd,17,12,0,2024-02-10T15:00:00Z,9,1,0,0,0,0,0,3,0.8,0.3,0.0,0.1,0.0,0.0,0.0,0.3,0,48
2023-24,24,489,Ben Osborn,MID,Sheffield Utd,17,12,0,2024-02-10T15:00:00Z,90,5,0,1,0,1,0,16,24.8,12.4,0.0,3.7,0.0,0.05,0.05,1.88,1,48
2023-24,24,490,William Osula,FWD,Sheffield Utd,17,12,0,2024-02-10T15:00:00Z,0,0,0,0,0,0,0,0,0.0,0.0,0.0,0.0,0.0,0.0,0.0,0.0,0,43
2023-24,24,491,Brandon Austin,GK,Spurs,18,5,1,2024-02-10T15:00:00Z,0,0,0,0,0,0,0,0,0.0,0.0,0.0,0.0,0.0,0.0,0.0,0.0,0,39
2023-24,24,492,Rodrigo Bentancur,MID,Spurs,18,5,1,2024-02-10T15:00:00Z,61,2,0,0,0,1,0,8,13.4,1.3,4.0,1.9,0.03,0.0,0.03,0.96,1,54
2023-24,24,493,Yves Bissouma,MID,Spurs,18,5,1,2024-02-10T15:00:00Z,27,1,0,0,0,0,0,4,5.4,1.1,0.0,0.7,0.0,0.0,0.0,0.25,0,50
2023-24,24,494,Bryan Gil Salvatierra,MID,Spurs,18,5,1,2024-02-10T15:00:00Z,0,0,0,0,0,0,0,0,0.0,0.0,0.0,0.0,0.0,0.0,0.0,0.0,0,49
2023-24,24,495,Ben Davies,DEF,Spurs,18,5,1,2024-02-10T15:00:00Z,10,1,0,0,0,0,0,3,0.8,0.7,2.0,0.4,0.0,0.0,0.0,0.0,0,43
2023-24,24,496,Eric Dier,DEF,Spurs,18,5,1,2024-02-10T15:00:00Z,0,0,0,0,0,0,0,0,0.0,0.0,0.0,0.0,0.0,0.0,0.0,0.0,0,42
2023-24,24,497,Emerson Leite de Souza Junior,DEF,Spurs,18,5,1,2024-02-10T15:00:00Z,0,0,0,0,0,0,0,0,0.0,0.0,0.0,0.0,0.0,0.0,0.0,0.0,0,43
2023-24,24,498,Fraser Forster,GK,Spurs,18,5,1,2024-02-10T15:00:00Z,0,0,0,0,0,0,0,0,0.0,0.0,0.0,0.0,0.0,0.0,0.0,0.0,0,38
2023-24,24,499,Pierre-Emile Højbjerg,MID,Spurs,18,5,1,2024-02-10T15:00:00Z,10,1,0,0,0,0,0,2,0.0,0.8,1.0,0.1,0.02,0.01,0.03,0.0,0,52
2023-24,24,500,Harry Kane,FWD,Spurs,18,5,1,2024-02-10T15:00:00Z,0,0,0,0,0,0,0,0,0.0,0.0,0.0,0.0,0.0,0.0,0.0,0.0,0,125
2023-24,24,501,Dejan Kulusevski,MID,Spurs,18,5,1,2024-02-10T15:00:00Z,62,2,0,0,0,1,0,5,9.0,22.4,21.0,5.2,0.22,0.15,0.37,0.96,1,69
2023-24,24,502,Hugo Lloris,GK,Spurs,18,5,1,2024-02-10T15:00:00Z,0,0,0,0,0,0,0,0,0.0,0.0,0.0,0.0,0.0,0.0,0.0,0.0,0,47
2023-24,24,503,Giovani Lo Celso,MID,Spurs,18,5,1,2024-02-10T15:00:00Z,0,0,0,0,0,0,0,0,0.0,0.0,0.0,0.0,0.0,0.0,0.0,0.0,0,48
2023-24,24,504,James Maddison,MID,Spurs,18,5,1,2024-02-10T15:00:00Z,90,1,0,0,0,1,0,7,11.8,45.4,21.0,7.8,0.14,0.16,0.3,1.21,1,80
2023-24,24,505,Tanguy Ndombélé Alvaro,MID,Spurs,18,5,1,2024-02-10T15:00:00Z,0,0,0,0,0,0,0,0,0.0,0.0,0.0,0.0,0.0,0.0,0.0,0.0,0,44
2023-24,24,506,Pedro Porro,DEF,Spurs,18,5,1,2024-02-10T15:00:00Z,90,2,0,0,0,1,0,15,15.8,3.7,0.0,2.0,0.0,0.01,0.01,1.21,1,59
2023-24,24,507,Ivan Perišić,DEF,Spurs,18,5,1,2024-02-10T15:00:00Z,0,0,0,0,0,0,0,0,0.0,0.0,0.0,0.0,0.0,0.0,0.0,0.0,0,47
2023-24,24,508,Sergio Reguilón,DEF,Brentford,4,20,0,2024-02-10T15:00:00Z,90,12,0,1,1,0,3,39,40.0,29.3,4.0,7.3,0.0,0.31,0.31,1.13,1,44
2023-24,24,509,Richarlison de Andrade,MID,Spurs,18,5,1,2024-02-10T15:00:00Z,90,2,0,0,0,1,0,9,12.2,22.5,39.0,7.4,0.5,0.12,0.62,1.21,1,72
2023-24,24,510,Joe Rodon,DEF,Spurs,18,5,1,2024-02-10T15:00:00Z,0,0,0,0,0,0,0,0,0.0,0.0,0.0,0.0,0.0,0.0,0.0,0.0,0,40
2023-24,24,511,Cristian Romero,DEF,Spurs,18,5,1,2024-02-10T15:00:00Z,90,2,0,0,0,1,0,14,21.4,2.3,2.0,2.6,0.0,0.02,0.02,1.21,1,49
2023-24,24,512,Davinson Sánchez,DEF,Spurs,18,5,1,2024-02-10T15:00:00Z,0,0,0,0,0,0,0,0,0.0,0.0,0.0,0.0,0.0,0.0,0.0,0.0,0,44
2023-24,24,513,Pape Matar Sarr,MID,Spurs,18,5,1,2024-02-10T15:00:00Z,79,8,1,0,0,1,2,25,33.2,5.1,26.0,6.4,0.23,0.09,0.32,1.21,1,44
2023-24,24,514,Ryan Sessegnon,DEF,Spurs,18,5,1,2024-02-10T15:00:00Z,0,0,0,0,0,0,0,0,0.0,0.0,0.0,0.0,0.0,0.0,0.0,0.0,0,44
2023-24,24,515,Oliver Skipp,MID,Spurs,18,5,1,2024-02-10T15:00:00Z,0,0,0,0,0,0,0,0,0.0,0.0,0.0,0.0,0.0,0.0,0.0,0.0,0,45
2023-24,24,516,Son Heung-min,MID,Spurs,18,5,1,2024-02-10T15:00:00Z,28,4,0,1,0,0,0,16,19.8,21.8,4.0,4.6,0.0,0.44,0.44,0.25,0,96
2023-24,24,517,Djed Spence,DEF,Spurs,18,5,1,2024-02-10T15:00:00Z,0,0,0,0,0,0,0,0,0.0,0.0,0.0,0.0,0.0,0.0,0.0,0.0,0,40
2023-24,24,518,Japhet Tanganga,DEF,Spurs,18,5,1,2024-02-10T15:00:00Z,0,0,0,0,0,0,0,0,0.0,0.0,0.0,0.0,0.0,0.0,0.0,0.0,0,40
2023-24,24,519,Destiny Udogie,DEF,Spurs,18,5,1,2024-02-10T15:00:00Z,79,2,0,0,0,1,0,9,8.4,4.8,2.0,1.5,0.0,0.11,0.11,1.21,1,49
2023-24,24,520,Guglielmo Vicario,GK,Spurs,18,5,1,2024-02-10T15:00:00Z,90,2,0,0,0,1,0,15,20.2,0.0,0.0,2.0,0.0,0.0,0.0,1.21,1,53
2023-24,24,521,Alfie Whiteman,GK,Spurs,18,5,1,2024-02-10T15:00:00Z,0,0,0,0,0,0,0,0,0.0,0.0,0.0,0.0,0.0,0.0,0.0,0.0,0,39
2023-24,24,522,Nayef Aguerd,DEF,West Ham,19,1,1,2024-02-11T14:00:00Z,90,-1,0,0,0,6,0,9,15.6,0.7,0.0,1.6,0.0,0.0,0.0,3.66,1,44
2023-24,24,523,Michail Antonio,FWD,West Ham,19,1,1,2024-02-11T14:00:00Z,0,0,0,0,0,0,0,0,0.0,0.0,0.0,0.0,0.0,0.0,0.0,0.0,0,57
2023-24,24,524,Alphonse Areola,GK,West Ham,19,1,1,2024-02-11T14:00:00Z,90,0,0,0,0,6,0,13,39.2,0.0,0.0,3.9,0.0,0.0,0.0,3.66,1,42
2023-24,24,525,Saïd Benrahma,MID,West Ham,19,1,1,2024-02-11T14:00:00Z,0,0,0,0,0,0,0,0,0.0,0.0,0.0,0.0,0.0,0.0,0.0,0.0,0,56
2023-24,24,526,Jarrod Bowen,MID,West Ham,19,1,1,2024-02-11T14:00:00Z,90,2,0,0,0,6,0,4,8.6,11.2,11.0,3.1,0.06,0.01,0.07,3.66,1,79
2023-24,24,527,Maxwel Cornet,MID,West Ham,19,1,1,2024-02-11T14:00:00Z,0,0,0,0,0,0,0,0,0.0,0.0,0.0,0.0,0.0,0.0,0.0,0.0,0,52
2023-24,24,528,Vladimír Coufal,DEF,West Ham,19,1,1,2024-02-11T14:00:00Z,90,-1,0,0,0,6,0,6,14.8,2.6,0.0,1.7,0.0,0.01,0.01,3.66,1,46
2023-24,24,529,Conor Coventry,MID,West Ham,19,1,1,2024-02-11T14:00:00Z,0,0,0,0,0,0,0,0,0.0,0.0,0.0,0.0,0.0,0.0,0.0,0.0,0,43
2023-24,24,530,Aaron Cresswell,DEF,West Ham,19,1,1,2024-02-11T14:00:00Z,14,1,0,0,0,0,0,3,0.0,0.0,0.0,0.0,0.0,0.0,0.0,0.02,0,42
2023-24,24,531,Flynn Downes,MID,West Ham,19,1,1,2024-02-11T14:00:00Z,0,0,0,0,0,0,0,0,0.0,0.0,0.0,0.0,0.0,0.0,0.0,0.0,0,50
2023-24,24,532,Emerson Palmieri dos Santos,DEF,West Ham,19,1,1,2024-02-11T14:00:00Z,75,-1,0,0,0,6,0,11,11.6,2.2,0.0,1.4,0.0,0.0,0.0,3.63,1,45
2023-24,24,533,Lukasz Fabianski,GK,West Ham,19,1,1,2024-02-11T14:00:00Z,0,0,0,0,0,0,0,0,0.0,0.0,0.0,0.0,0.0,0.0,0.0,0.0,0,42
2023-24,24,534,Pablo Fornals Malla,MID,West Ham,19,1,1,2024-02-11T14:00:00Z,0,0,0,0,0,0,0,0,0.0,0.0,0.0,0.0,0.0,0.0,0.0,0.0,0,46
2023-24,24,535,Danny Ings,FWD,West Ham,19,1,1,2024-02-11T14:00:00Z,0,0,0,0,0,0,0,0,0.0,0.0,0.0,0.0,0.0,0.0,0.0,0.0,0,56
2023-24,24,536,Ben Johnson,DEF,West Ham,19,1,1,2024-02-11T14:00:00Z,90,-1,0,0,0,6,0,7,8.2,1.3,2.0,1.2,0.03,0.0,0.03,3.66,1,44
2023-24,24,537,Thilo Kehrer,DEF,West Ham,19,1,1,2024-02-11T14:00:00Z,0,0,0,0,0,0,0,0,0.0,0.0,0.0,0.0,0.0,0.0,0.0,0.0,0,42
2023-24,24,538,Divin Mubama,FWD,West Ham,19,1,1,2024-02-11T14:00:00Z,0,0,0,0,0,0,0,0,0.0,0.0,0.0,0.0,0.0,0.0,0.0,0.0,0,42
2023-24,24,539,Lucas Tolentino Coelho de Lima,MID,West Ham,19,1,1,2024-02-11T14:00:00Z,0,0,0,0,0,0,0,0,0.0,0.0,0.0,0.0,0.0,0.0,0.0,0.0,0,60
2023-24,24,540,Declan Rice,MID,Arsenal,1,19,0,2024-02-11T14:00:00Z,66,17,1,2,1,0,3,60,89.0,61.3,7.0,15.7,0.03,0.8,0.83,0.08,1,54
2023-24,24,541,Gianluca Scamacca,FWD,West Ham,19,1,1,2024-02-11T14:00:00Z,0,0,0,0,0,0,0,0,0.0,0.0,0.0,0.0,0.0,0.0,0.0,0.0,0,60
2023-24,24,542,Tomáš Souček,MID,West Ham,19,1,1,2024-02-11T14:00:00Z,90,2,0,0,0,6,0,6,10.2,0.9,0.0,1.1,0.0,0.0,0.0,3.66,1,49
2023-24,24,543,Nikola Vlašić,MID,West Ham,19,1,1,2024-02-11T14:00:00Z,0,0,0,0,0,0,0,0,0.0,0.0,0.0,0.0,0.0,0.0,0.0,0.0,0,45
2023-24,24,544,Kurt Zouma,DEF,West Ham,19,1,1,2024-02-11T14:00:00Z,45,-1,0,0,0,4,0,4,2.6,0.3,0.0,0.3,0.0,0.0,0.0,2.78,1,45
2023-24,24,545,Rayan Aït-Nouri,DEF,Wolves,20,4,1,2024-02-10T15:00:00Z,90,1,0,0,0,2,0,20,22.6,42.3,7.0,7.2,0.2,0.06,0.26,1.94,1,45
2023-24,24,546,Daniel Bentley,GK,Wolves,20,4,1,2024-02-10T15:00:00Z,0,0,0,0,0,0,0,0,0.0,0.0,0.0,0.0,0.0,0.0,0.0,0.0,0,39
2023-24,24,547,Bendegúz Bolla,DEF,Wolves,20,4,1,2024-02-10T15:00:00Z,0,0,0,0,0,0,0,0,0.0,0.0,0.0,0.0,0.0,0.0,0.0,0.0,0,40
2023-24,24,548,Hugo Bueno López,DEF,Wolves,20,4,1,2024-02-10T15:00:00Z,0,0,0,0,0,0,0,0,0.0,0.0,0.0,0.0,0.0,0.0,0.0,0.0,0,44
2023-24,24,549,Francisco Jorge Tomás Oliveira,MID,Wolves,20,4,1,2024-02-10T15:00:00Z,0,0,0,0,0,0,0,0,0.0,0.0,0.0,0.0,0.0,0.0,0.0,0.0,0,45
2023-24,24,550,Luke Cundle,MID,Wolves,20,4,1,2024-02-10T15:00:00Z,0,0,0,0,0,0,0,0,0.0,0.0,0.0,0.0,0.0,0.0,0.0,0.0,0,45
2023-24,24,551,Craig Dawson,DEF,Wolves,20,4,1,2024-02-10T15:00:00Z,90,1,0,0,0,2,0,12,11.0,12.2,2.0,2.5,0.0,0.02,0.02,1.94,1,45
2023-24,24,552,Fábio Silva,FWD,Wolves,20,4,1,2024-02-10T15:00:00Z,0,0,0,0,0,0,0,0,0.0,0.0,0.0,0.0,0.0,0.0,0.0,0.0,0,52
2023-24,24,553,Ryan Giles,DEF,Luton,12,17,1,2024-02-10T15:00:00Z,0,0,0,0,0,0,0,0,0.0,0.0,0.0,0.0,0.0,0.0,0.0,0.0,0,42
2023-24,24,554,Gonçalo Manuel Ganchinho Guedes,MID,Wolves,20,4,1,2024-02-10T15:00:00Z,0,0,0,0,0,0,0,0,0.0,0.0,0.0,0.0,0.0,0.0,0.0,0.0,0,54
2023-24,24,555,Joe Hodge,MID,Wolves,20,4,1,2024-02-10T15:00:00Z,0,0,0,0,0,0,0,0,0.0,0.0,0.0,0.0,0.0,0.0,0.0,0.0,0,44
2023-24,24,556,Ki-Jana Hoever,DEF,Wolves,20,4,1,2024-02-10T15:00:00Z,0,0,0,0,0,0,0,0,0.0,0.0,0.0,0.0,0.0,0.0,0.0,0.0,0,40
2023-24,24,557,Hwang Hee-chan,MID,Wolves,20,4,1,2024-02-10T15:00:00Z,0,0,0,0,0,0,0,0,0.0,0.0,0.0,0.0,0.0,0.0,0.0,0.0,0,55
2023-24,24,558,Raúl Jiménez,FWD,Fulham,10,3,1,2024-02-10T15:00:00Z,0,0,0,0,0,0,0,0,0.0,0.0,0.0,0.0,0.0,0.0,0.0,0.0,0,51
2023-24,24,559,João Victor Gomes da Silva,MID,Wolves,20,4,1,2024-02-10T15:00:00Z,62,2,0,0,0,1,0,11,9.8,3.8,2.0,1.6,0.0,0.03,0.03,1.64,1,49
2023-24,24,560,Jonathan Castro Otto,DEF,Wolves,20,4,1,2024-02-10T15:00:00Z,0,0,0,0,0,0,0,0,0.0,0.0,0.0,0.0,0.0,0.0,0.0,0.0,0,43
2023-24,24,561,Bruno Cavaco Jordão,MID,Wolves,20,4,1,2024-02-10T15:00:00Z,0,0,0,0,0,0,0,0,0.0,0.0,0.0,0.0,0.0,0.0,0.0,0.0,0,43
2023-24,24,562,Sasa Kalajdzic,FWD,Wolves,20,4,1,2024-02-10T15:00:00Z,0,0,0,0,0,0,0,0,0.0,0.0,0.0,0.0,0.0,0.0,0.0,0.0,0,49
2023-24,24,563,Max Kilman,DEF,Wolves,20,4,1,2024-02-10T15:00:00Z,90,1,0,0,0,2,0,11,15.0,14.6,11.0,4.1,0.15,0.33,0.48,1.94,1,45
2023-24,24,564,Tom King,GK,Wolves,20,4,1,2024-02-10T15:00:00Z,0,0,0,0,0,0,0,0,0.0,0.0,0.0,0.0,0.0,0.0,0.0,0.0,0,39
2023-24,24,565,Mario Lemina,MID,Wolves,20,4,1,2024-02-10T15:00:00Z,90,1,0,0,0,2,0,10,8.6,5.5,11.0,2.5,0.26,0.03,0.29,1.94,1,49
2023-24,24,566,Matheus Luiz Nunes,MID,Man City,13,9,1,2024-02-10T12:30:00Z,56,1,0,0,0,0,0,6,3.2,15.5,10.0,2.9,0.0,0.05,0.05,0.29,1,48
2023-24,24,567,Pedro Lomba Neto,MID,Wolves,20,4,1,2024-02-10T15:00:00Z,90,2,0,0,0,2,0,8,15.4,40.8,41.0,9.7,0.19,0.18,0.37,1.94,1,57
2023-24,24,568,Daniel Castelo Podence,MID,Wolves,20,4,1,2024-02-10T15:00:00Z,0,0,0,0,0,0,0,0,0.0,0.0,0.0,0.0,0.0,0.0,0.0,0.0,0,53
2023-24,24,569,José Malheiro de Sá,GK,Wolves,20,4,1,2024-02-10T15:00:00Z,90,2,0,0,0,2,0,13,24.8,0.0,0.0,2.5,0.0,0.0,0.0,1.94,1,50
2023-24,24,570,Pablo Sarabia,MID,Wolves,20,4,1,2024-02-10T15:00:00Z,90,2,0,0,0,2,0,19,19.8,49.5,16.0,8.5,0.08,0.29,0.37,1.94,1,47
2023-24,24,571,Matija Šarkić,GK,Wolves,20,4,1,2024-02-10T15:00:00Z,0,0,0,0,0,0,0,0,0.0,0.0,0.0,0.0,0.0,0.0,0.0,0.0,0,40
2023-24,24,572,Nélson Cabral Semedo,DEF,Wolves,20,4,1,2024-02-10T15:00:00Z,82,1,0,0,0,2,0,15,18.2,28.6,0.0,4.7,0.0,0.07,0.07,1.94,1,45
2023-24,24,573,Toti António Gomes,DEF,Wolves,20,4,1,2024-02-10T15:00:00Z,45,1,0,0,0,1,0,10,2.4,5.1,0.0,0.8,0.0,0.02,0.02,1.64,1,44
2023-24,24,574,Boubacar Traoré,MID,Wolves,20,4,1,2024-02-10T15:00:00Z,0,0,0,0,0,0,0,0,0.0,0.0,0.0,0.0,0.0,0.0,0.0,0.0,0,43
2023-24,24,575,Tom Lockyer,DEF,Luton,12,17,1,2024-02-10T15:00:00Z,0,0,0,0,0,0,0,0,0.0,0.0,0.0,0.0,0.0,0.0,0.0,0.0,0,42
2023-24,24,576,Jack Robinson,DEF,Sheffield Utd,17,12,0,2024-02-10T15:00:00Z,90,2,0,0,0,1,0,15,17.4,0.3,0.0,1.8,0.0,0.0,0.0,1.88,1,43
2023-24,24,577,Angelo Ogbonna,DEF,West Ham,19,1,1,2024-02-11T14:00:00Z,0,0,0,0,0,0,0,0,0.0,0.0,0.0,0.0,0.0,0.0,0.0,0.0,0,43
2023-24,24,578,Reiss Nelson,MID,Arsenal,1,19,0,2024-02-11T14:00:00Z,23,1,0,0,0,0,0,4,2.2,1.7,4.0,0.8,0.0,0.01,0.01,0.13,0,48
2023-24,24,579,Andy Lonergan,GK,Everton,9,13,0,2024-02-10T12:30:00Z,0,0,0,0,0,0,0,0,0.0,0.0,0.0,0.0,0.0,0.0,0.0,0.0,0,39
2023-24,24,580,Loris Karius,GK,Newcastle,15,16,0,2024-02-10T17:30:00Z,0,0,0,0,0,0,0,0,0.0,0.0,0.0,0.0,0.0,0.0,0.0,0.0,0,39
2023-24,24,581,Paul Dummett,DEF,Newcastle,15,16,0,2024-02-10T17:30:00Z,0,0,0,0,0,0,0,0,0.0,0.0,0.0,0.0,0.0,0.0,0.0,0.0,0,39
2023-24,24,582,Pelly Ruddock Mpanzu,MID,Luton,12,17,1,2024-02-10T15:00:00Z,0,0,0,0,0,0,0,0,0.0,0.0,0.0,0.0,0.0,0.0,0.0,0.0,0,47
2023-24,24,583,Manor Solomon,MID,Spurs,18,5,1,2024-02-10T15:00:00Z,0,0,0,0,0,0,0,0,0.0,0.0,0.0,0.0,0.0,0.0,0.0,0.0,0,51
2023-24,24,584,Pau Torres,DEF,Aston Villa,2,14,1,2024-02-11T16:30:00Z,0,0,0,0,0,0,0,0,0.0,0.0,0.0,0.0,0.0,0.0,0.0,0.0,0,46
2023-24,24,585,Jurriën Timber,DEF,Arsenal,1,19,0,2024-02-11T14:00:00Z,0,0,0,0,0,0,0,0,0.0,0.0,0.0,0.0,0.0,0.0,0.0,0.0,0,46
2023-24,24,586,Tahith Chong,MID,Luton,12,17,1,2024-02-10T15:00:00Z,37,1,0,0,0,1,0,3,6.0,36.3,9.0,5.1,0.02,0.24,0.26,0.11,0,47
2023-24,24,587,Anis Slimane,MID,Sheffield Utd,17,12,0,2024-02-10T15:00:00Z,0,0,0,0,0,0,0,0,0.0,0.0,0.0,0.0,0.0,0.0,0.0,0.0,0,47
2023-24,24,588,Ashley Young,DEF,Everton,9,13,0,2024-02-10T12:30:00Z,77,2,0,0,0,1,0,5,4.6,0.4,2.0,0.7,0.0,0.0,0.0,0.84,1,44
2023-24,24,589,Ângelo Gabriel Borges Damaceno,MID,Chelsea,7,8,0,2024-02-12T20:00:00Z,0,0,0,0,0,0,0,0,0.0,0.0,0.0,0.0,0.0,0.0,0.0,0.0,0,50
2023-24,24,590,Matheus Santos Carneiro Da Cunha,FWD,Wolves,20,4,1,2024-02-10T15:00:00Z,19,1,0,0,0,0,0,3,5.8,2.3,34.0,4.2,0.18,0.02,0.2,0.57,1,58
2023-24,24,591,Willian Borges da Silva,MID,Fulham,10,3,1,2024-02-10T15:00:00Z,84,5,0,1,0,1,0,26,31.6,33.1,47.0,11.2,0.41,0.61,1.02,1.59,1,53
2023-24,24,592,Yasser Larouci,DEF,Sheffield Utd,17,12,0,2024-02-10T15:00:00Z,0,0,0,0,0,0,0,0,0.0,0.0,0.0,0.0,0.0,0.0,0.0,0.0,0,43
2023-24,24,593,Bénie Traoré,FWD,Sheffield Utd,17,12,0,2024-02-10T15:00:00Z,0,0,0,0,0,0,0,0,0.0,0.0,0.0,0.0,0.0,0.0,0.0,0.0,0,51
2023-24,24,594,Zeki Amdouni,FWD,Burnley,6,11,0,2024-02-10T15:00:00Z,85,2,0,0,0,3,0,6,14.0,24.6,36.0,7.5,0.32,0.24,0.56,2.14,1,53
2023-24,24,595,Milos Kerkez,DEF,Bournemouth,3,10,0,2024-02-10T15:00:00Z,45,1,0,0,0,1,0,3,3.0,3.6,6.0,1.3,0.0,0.03,0.03,0.64,0,44
2023-24,24,596,James Trafford,GK,Burnley,6,11,0,2024-02-10T15:00:00Z,90,4,0,0,0,3,1,25,59.4,0.1,0.0,6.0,0.0,0.01,0.01,2.86,1,45
2023-24,24,597,André Onana,GK,Man Utd,14,2,0,2024-02-11T16:30:00Z,90,4,0,0,0,1,0,27,60.2,0.0,0.0,6.0,0.0,0.0,0.0,2.49,1,48
2023-24,24,598,Matt Doherty,DEF,Wolves,20,4,1,2024-02-10T15:00:00Z,7,1,0,0,0,0,0,2,0.0,0.9,4.0,0.5,0.04,0.03,0.07,0.0,0,43
2023-24,24,599,Moussa Diaby,MID,Aston Villa,2,14,1,2024-02-11T16:30:00Z,25,0,0,0,0,1,0,-3,0.0,11.2,19.0,2.8,0.15,0.03,0.18,0.4,0,65
2023-24,24,600,Nathan Redmond,MID,Burnley,6,11,0,2024-02-10T15:00:00Z,0,0,0,0,0,0,0,0,0.0,0.0,0.0,0.0,0.0,0.0,0.0,0.0,0,47
2023-24,24,601,Arnaut Danjuma Groeneveld,MID,Everton,9,13,0,2024-02-10T12:30:00Z,0,0,0,0,0,0,0,0,0.0,0.0,0.0,0.0,0.0,0.0,0.0,0.0,0,52
2023-24,24,602,Issa Kaboré,DEF,Luton,12,17,1,2024-02-10T15:00:00Z,0,0,0,0,0,0,0,0,0.0,0.0,0.0,0.0,0.0,0.0,0.0,0.0,0,40
2023-24,24,603,Harvey Barnes,MID,Newcastle,15,16,0,2024-02-10T17:30:00Z,30,1,0,0,0,0,0,0,2.4,1.0,2.0,0.5,0.0,0.0,0.0,0.34,0,62
2023-24,24,604,Olu Aina,DEF,Nott'm Forest,16,15,1,2024-02-10T17:30:00Z,0,0,0,0,0,0,0,0,0.0,0.0,0.0,0.0,0.0,0.0,0.0,0.0,0,45
2023-24,24,605,Luca Koleosho,MID,Burnley,6,11,0,2024-02-10T15:00:00Z,0,0,0,0,0,0,0,0,0.0,0.0,0.0,0.0,0.0,0.0,0.0,0.0,0,48
2023-24,24,606,Igor Julio dos Santos de Paulo,DEF,Brighton,5,18,0,2024-02-10T15:00:00Z,0,0,0,0,0,0,0,0,0.0,0.0,0.0,0.0,0.0,0.0,0.0,0.0,0,43
2023-24,24,607,Ionuț Radu,GK,Bournemouth,3,10,0,2024-02-10T15:00:00Z,0,0,0,0,0,0,0,0,0.0,0.0,0.0,0.0,0.0,0.0,0.0,0.0,0,44
2023-24,24,608,Jacob Bruun Larsen,MID,Burnley,6,11,0,2024-02-10T15:00:00Z,4,1,0,0,0,0,0,3,1.4,0.2,0.0,0.2,0.0,0.01,0.01,0.72,0,49
2023-24,24,609,Ian Maatsen,MID,Chelsea,7,8,0,2024-02-12T20:00:00Z,0,0,0,0,0,0,0,0,0.0,0.0,0.0,0.0,0.0,0.0,0.0,0.0,0,51
2023-24,24,610,Calvin Bassey,DEF,Fulham,10,3,1,2024-02-10T15:00:00Z,0,0,0,0,0,0,0,0,0.0,0.0,0.0,0.0,0.0,0.0,0.0,0.0,0,44
2023-24,24,611,Axel Disasi,DEF,Chelsea,7,8,0,2024-02-12T20:00:00Z,90,1,0,0,0,1,0,10,16.0,2.6,17.0,3.6,0.1,0.01,0.11,0.55,1,49
2023-24,24,613,Lesley Ugochukwu,MID,Chelsea,7,8,0,2024-02-12T20:00:00Z,0,0,0,0,0,0,0,0,0.0,0.0,0.0,0.0,0.0,0.0,0.0,0.0,0,44
2023-24,24,614,Thomas Kaminski,GK,Luton,12,17,1,2024-02-10T15:00:00Z,90,1,0,0,0,3,0,14,6.0,0.0,0.0,0.6,0.0,0.0,0.0,1.81,1,45
2023-24,24,615,Matheus França de Oliveira,MID,Crystal Palace,8,7,1,2024-02-12T20:00:00Z,83,2,0,0,0,1,0,7,9.0,10.7,14.0,3.4,0.1,0.04,0.14,0.61,1,48
2023-24,24,616,Joško Gvardiol,DEF,Man City,13,9,1,2024-02-10T12:30:00Z,0,0,0,0,0,0,0,0,0.0,0.0,0.0,0.0,0.0,0.0,0.0,0.0,0,48
2023-24,24,617,Rasmus Højlund,FWD,Man Utd,14,2,0,2024-02-11T16:30:00Z,90,6,1,0,0,1,0,24,35.4,0.6,38.0,7.4,0.9,0.0,0.9,2.44,1,70
2023-24,24,618,Omari Kellyman,MID,Aston Villa,2,14,1,2024-02-11T16:30:00Z,0,0,0,0,0,0,0,0,0.0,0.0,0.0,0.0,0.0,0.0,0.0,0.0,0,45
2023-24,24,619,Ben Greenwood,DEF,Bournemouth,3,10,0,2024-02-10T15:00:00Z,0,0,0,0,0,0,0,0,0.0,0.0,0.0,0.0,0.0,0.0,0.0,0.0,0,40
2023-24,24,620,Michael Olakigbe,MID,Brentford,4,20,0,2024-02-10T15:00:00Z,0,0,0,0,0,0,0,0,0.0,0.0,0.0,0.0,0.0,0.0,0.0,0.0,0,45
2023-24,24,621,Jack Hinshelwood,MID,Brighton,5,18,0,2024-02-10T15:00:00Z,0,0,0,0,0,0,0,0,0.0,0.0,0.0,0.0,0.0,0.0,0.0,0.0,0,45
2023-24,24,622,Owen Dodgson,DEF,Burnley,6,11,0,2024-02-10T15:00:00Z,0,0,0,0,0,0,0,0,0.0,0.0,0.0,0.0,0.0,0.0,0.0,0.0,0,40
2023-24,24,623,Mason Burstow,FWD,Chelsea,7,8,0,2024-02-12T20:00:00Z,0,0,0,0,0,0,0,0,0.0,0.0,0.0,0.0,0.0,0.0,0.0,0.0,0,45
2023-24,24,624,Lewis Dobbin,MID,Everton,9,13,0,2024-02-10T12:30:00Z,2,1,0,0,0,0,0,2,0.0,0.1,0.0,0.0,0.0,0.0,0.0,0.32,0,45
2023-24,24,625,Luc De Fougerolles,DEF,Fulham,10,3,1,2024-02-10T15:00:00Z,0,0,0,0,0,0,0,0,0.0,0.0,0.0,0.0,0.0,0.0,0.0,0.0,0,39
2023-24,24,626,Jarell Quansah,DEF,Liverpool,11,6,1,2024-02-10T15:00:00Z,90,1,0,0,0,1,0,13,19.6,1.3,4.0,2.5,0.04,0.01,0.05,1.33,1,40
2023-24,24,627,Bobby Clark,MID,Liverpool,11,6,1,2024-02-10T15:00:00Z,1,1,0,0,0,0,0,3,0.0,0.0,0.0,0.0,0.0,0.0,0.0,0.0,0,44
2023-24,24,628,Ben Doak,MID,Liverpool,11,6,1,2024-02-10T15:00:00Z,0,0,0,0,0,0,0,0,0.0,0.0,0.0,0.0,0.0,0.0,0.0,0.0,0,43
2023-24,24,629,James McConnell,MID,Liverpool,11,6,1,2024-02-10T15:00:00Z,1,1,0,0,0,0,0,3,0.0,0.3,0.0,0.0,0.0,0.0,0.0,0.0,0,44
2023-24,24,630,Ross Barkley,MID,Luton,12,17,1,2024-02-10T15:00:00Z,90,2,0,0,0,3,0,12,18.8,36.3,15.0,7.0,0.11,0.09,0.2,1.81,1,50
2023-24,24,631,Jacob Brown,FWD,Luton,12,17,1,2024-02-10T15:00:00Z,0,0,0,0,0,0,0,0,0.0,0.0,0.0,0.0,0.0,0.0,0.0,0.0,0,49
2023-24,24,632,Omari Forson,MID,Man Utd,14,2,0,2024-02-11T16:30:00Z,0,0,0,0,0,0,0,0,0.0,0.0,0.0,0.0,0.0,0.0,0.0,0.0,0,44
2023-24,24,633,Tino Livramento,DEF,Newcastle,15,16,0,2024-02-10T17:30:00Z,9,1,0,0,0,0,0,3,3.0,0.8,0.0,0.4,0.0,0.0,0.0,0.04,0,42
2023-24,24,634,Alex Murphy,DEF,Newcastle,15,16,0,2024-02-10T17:30:00Z,0,0,0,0,0,0,0,0,0.0,0.0,0.0,0.0,0.0,0.0,0.0,0.0,0,39
2023-24,24,635,Lewis Miley,MID,Newcastle,15,16,0,2024-02-10T17:30:00Z,81,2,0,0,0,2,0,14,14.4,3.1,0.0,1.8,0.0,0.01,0.01,1.46,1,45
2023-24,24,636,George Shelvey,GK,Nott'm Forest,16,15,1,2024-02-10T17:30:00Z,0,0,0,0,0,0,0,0,0.0,0.0,0.0,0.0,0.0,0.0,0.0,0.0,0,39
2023-24,24,637,Josh Powell,DEF,Nott'm Forest,16,15,1,2024-02-10T17:30:00Z,0,0,0,0,0,0,0,0,0.0,0.0,0.0,0.0,0.0,0.0,0.0,0.0,0,39
2023-24,24,638,Vini de Souza Costa,MID,Sheffield Utd,17,12,0,2024-02-10T15:00:00Z,90,13,1,1,0,1,3,38,57.8,2.1,22.0,8.2,0.2,0.0,0.2,1.88,1,50
2023-24,24,639,Micky van de Ven,DEF,Spurs,18,5,1,2024-02-10T15:00:00Z,90,2,0,0,0,1,0,16,19.2,12.3,0.0,3.2,0.0,0.01,0.01,1.21,1,44
2023-24,24,640,Dane Scarlett,FWD,Spurs,18,5,1,2024-02-10T15:00:00Z,0,0,0,0,0,0,0,0,0.0,0.0,0.0,0.0,0.0,0.0,0.0,0.0,0,45
2023-24,24,641,Alejo Véliz,FWD,Spurs,18,5,1,2024-02-10T15:00:00Z,0,0,0,0,0,0,0,0,0.0,0.0,0.0,0.0,0.0,0.0,0.0,0.0,0,54
2023-24,24,642,Edson Álvarez Velázquez,MID,West Ham,19,1,1,2024-02-11T14:00:00Z,45,0,0,0,0,4,0,0,7.2,0.4,0.0,0.8,0.0,0.0,0.0,2.78,1,50
2023-24,24,643,Max Aarons,DEF,Bournemouth,3,10,0,2024-02-10T15:00:00Z,0,0,0,0,0,0,0,0,0.0,0.0,0.0,0.0,0.0,0.0,0.0,0.0,0,44
2023-24,24,644,Alex Scott,MID,Bournemouth,3,10,0,2024-02-10T15:00:00Z,62,2,0,0,0,3,0,3,7.0,25.2,20.0,5.2,0.15,0.03,0.18,1.55,1,49
2023-24,24,645,Youssef Ramalho Chermiti,FWD,Everton,9,13,0,2024-02-10T12:30:00Z,1,1,0,0,0,0,0,2,0.0,0.0,0.0,0.0,0.0,0.0,0.0,0.32,0,48
2023-24,24,646,Karl Hein,GK,Arsenal,1,19,0,2024-02-11T14:00:00Z,0,0,0,0,0,0,0,0,0.0,0.0,0.0,0.0,0.0,0.0,0.0,0.0,0,40
2023-24,24,647,Joseph Anang,GK,West Ham,19,1,1,2024-02-11T14:00:00Z,0,0,0,0,0,0,0,0,0.0,0.0,0.0,0.0,0.0,0.0,0.0,0.0,0,40
2023-24,24,648,Aidan Francis-Clarke,DEF,Luton,12,17,1,2024-02-10T15:00:00Z,0,0,0,0,0,0,0,0,0.0,0.0,0.0,0.0,0.0,0.0,0.0,0.0,0,40
2023-24,24,649,Thomas Cannon,FWD,Everton,9,13,0,2024-02-10T12:30:00Z,0,0,0,0,0,0,0,0,0.0,0.0,0.0,0.0,0.0,0.0,0.0,0.0,0,45
2023-24,24,650,Tyler Onyango,MID,Everton,9,13,0,2024-02-10T12:30:00Z,0,0,0,0,0,0,0,0,0.0,0.0,0.0,0.0,0.0,0.0,0.0,0.0,0,44
2023-24,24,651,Jay Stansfield,FWD,Fulham,10,3,1,2024-02-10T15:00:00Z,0,0,0,0,0,0,0,0,0.0,0.0,0.0,0.0,0.0,0.0,0.0,0.0,0,45
2023-24,24,652,Matthew Dibley-Dias,MID,Fulham,10,3,1,2024-02-10T15:00:00Z,0,0,0,0,0,0,0,0,0.0,0.0,0.0,0.0,0.0,0.0,0.0,0.0,0,45
2023-24,24,653,Femi Seriki,DEF,Sheffield Utd,17,12,0,2024-02-10T15:00:00Z,0,0,0,0,0,0,0,0,0.0,0.0,0.0,0.0,0.0,0.0,0.0,0.0,0,39
2023-24,24,654,Louie Marsh,FWD,Sheffield Utd,17,12,0,2024-02-10T15:00:00Z,0,0,0,0,0,0,0,0,0.0,0.0,0.0,0.0,0.0,0.0,0.0,0.0,0,45
2023-24,24,655,Andre Brooks,MID,Sheffield Utd,17,12,0,2024-02-10T15:00:00Z,0,0,0,0,0,0,0,0,0.0,0.0,0.0,0.0,0.0,0.0,0.0,0.0,0,44
2023-24,24,656,Antwoine Hackford,FWD,Sheffield Utd,17,12,0,2024-02-10T15:00:00Z,0,0,0,0,0,0,0,0,0.0,0.0,0.0,0.0,0.0,0.0,0.0,0.0,0,44
2023-24,24,657,Jesurun Rak-Sakyi,MID,Crystal Palace,8,7,1,2024-02-12T20:00:00Z,0,0,0,0,0,0,0,0,0.0,0.0,0.0,0.0,0.0,0.0,0.0,0.0,0,45
2023-24,24,658,John-Kymani Gordon,FWD,Crystal Palace,8,7,1,2024-02-12T20:00:00Z,0,0,0,0,0,0,0,0,0.0,0.0,0.0,0.0,0.0,0.0,0.0,0.0,0,45
2023-24,24,659,Lucas Bergström,GK,Chelsea,7,8,0,2024-02-12T20:00:00Z,0,0,0,0,0,0,0,0,0.0,0.0,0.0,0.0,0.0,0.0,0.0,0.0,0,39
2023-24,24,660,Wilson Odobert,MID,Burnley,6,11,0,2024-02-10T15:00:00Z,90,2,0,0,0,3,0,0,0.8,1.9,13.0,1.6,0.2,0.08,0.28,2.86,1,50
2023-24,24,661,Jack Harrison,MID,Everton,9,13,0,2024-02-10T12:30:00Z,90,2,0,0,0,2,0,9,4.8,10.8,4.0,2.0,0.03,0.0,0.03,1.63,1,55
2023-24,24,662,Adama Traoré,MID,Fulham,10,3,1,2024-02-10T15:00:00Z,5,1,0,0,0,0,0,2,0.0,0.1,0.0,0.0,0.0,0.0,0.0,0.25,0,49
2023-24,24,663,Gustavo Hamer,MID,Sheffield Utd,17,12,0,2024-02-10T15:00:00Z,59,0,0,0,0,1,0,3,4.2,24.7,2.0,3.1,0.0,0.07,0.07,1.25,1,50
2023-24,24,664,James Ward-Prowse,MID,West Ham,19,1,1,2024-02-11T14:00:00Z,90,2,0,0,0,6,0,7,6.6,2.6,0.0,0.9,0.0,0.01,0.01,3.66,1,60
2023-24,24,665,Tim Krul,GK,Luton,12,17,1,2024-02-10T15:00:00Z,0,0,0,0,0,0,0,0,0.0,0.0,0.0,0.0,0.0,0.0,0.0,0.0,0,44
2023-24,24,666,Tom Davies,MID,Sheffield Utd,17,12,0,2024-02-10T15:00:00Z,30,1,0,0,0,0,0,2,11.2,0.5,0.0,1.2,0.0,0.0,0.0,0.64,0,50
2023-24,24,667,Roméo Lavia,MID,Chelsea,7,8,0,2024-02-12T20:00:00Z,0,0,0,0,0,0,0,0,0.0,0.0,0.0,0.0,0.0,0.0,0.0,0.0,0,49
2023-24,24,668,Wataru Endo,MID,Liverpool,11,6,1,2024-02-10T15:00:00Z,90,1,0,0,0,1,0,9,17.0,26.7,4.0,4.8,0.02,0.23,0.25,1.33,1,54
2023-24,24,669,Radek Vítek,GK,Man Utd,14,2,0,2024-02-11T16:30:00Z,0,0,0,0,0,0,0,0,0.0,0.0,0.0,0.0,0.0,0.0,0.0,0.0,0,40
2023-24,24,670,Filip Marschall,GK,Aston Villa,2,14,1,2024-02-11T16:30:00Z,0,0,0,0,0,0,0,0,0.0,0.0,0.0,0.0,0.0,0.0,0.0,0.0,0,40
2023-24,24,671,Bashir Humphreys,DEF,Chelsea,7,8,0,2024-02-12T20:00:00Z,0,0,0,0,0,0,0,0,0.0,0.0,0.0,0.0,0.0,0.0,0.0,0.0,0,40
2023-24,24,672,Nicolò Zaniolo,MID,Aston Villa,2,14,1,2024-02-11T16:30:00Z,3,1,0,0,0,0,0,3,0.0,0.2,0.0,0.0,0.0,0.0,0.0,0.05,0,54
2023-24,24,673,Tyler Adams,MID,Bournemouth,3,10,0,2024-02-10T15:00:00Z,0,0,0,0,0,0,0,0,0.0,0.0,0.0,0.0,0.0,0.0,0.0,0.0,0,49
2023-24,24,674,Hannes Delcroix,DEF,Burnley,6,11,0,2024-02-10T15:00:00Z,90,1,0,0,0,3,0,5,16.8,5.5,0.0,2.2,0.0,0.03,0.03,2.86,1,40
2023-24,24,675,Aaron Ramsey,MID,Burnley,6,11,0,2024-02-10T15:00:00Z,80,2,0,0,0,3,0,12,9.2,0.4,6.0,1.6,0.01,0.0,0.01,2.14,1,50
2023-24,24,676,Konstantinos Mavropanos,DEF,West Ham,19,1,1,2024-02-11T14:00:00Z,45,0,0,0,0,2,0,3,10.4,1.9,2.0,1.4,0.0,0.0,0.0,0.88,0,45
2023-24,24,677,Deivid Washington de Souza Eugênio,FWD,Chelsea,7,8,0,2024-02-12T20:00:00Z,0,0,0,0,0,0,0,0,0.0,0.0,0.0,0.0,0.0,0.0,0.0,0.0,0,45
2023-24,24,678,Jérémy Doku,MID,Man City,13,9,1,2024-02-10T12:30:00Z,86,3,0,0,1,0,0,17,13.2,31.3,33.0,7.8,0.05,0.39,0.44,0.32,1,65
2023-24,24,679,Gonzalo Montiel,DEF,Nott'm Forest,16,15,1,2024-02-10T17:30:00Z,0,0,0,0,0,0,0,0,0.0,0.0,0.0,0.0,0.0,0.0,0.0,0.0,0,44
2023-24,24,680,Eddie Beach,GK,Chelsea,7,8,0,2024-02-12T20:00:00Z,0,0,0,0,0,0,0,0,0.0,0.0,0.0,0.0,0.0,0.0,0.0,0.0,0,40
2023-24,24,681,Diego Manuel Jadon da Silva Moreira,MID,Chelsea,7,8,0,2024-02-12T20:00:00Z,0,0,0,0,0,0,0,0,0.0,0.0,0.0,0.0,0.0,0.0,0.0,0.0,0,45
2023-24,24,682,Joseph Johnson,DEF,Luton,12,17,1,2024-02-10T15:00:00Z,0,0,0,0,0,0,0,0,0.0,0.0,0.0,0.0,0.0,0.0,0.0,0.0,0,40
2023-24,24,683,Luke Harris,MID,Fulham,10,3,1,2024-02-10T15:00:00Z,0,0,0,0,0,0,0,0,0.0,0.0,0.0,0.0,0.0,0.0,0.0,0.0,0,45
2023-24,24,684,Ethan Brierley,MID,Brentford,4,20,0,2024-02-10T15:00:00Z,0,0,0,0,0,0,0,0,0.0,0.0,0.0,0.0,0.0,0.0,0.0,0.0,0,45
2023-24,24,685,Daniel Gore,MID,Man Utd,14,2,0,2024-02-11T16:30:00Z,0,0,0,0,0,0,0,0,0.0,0.0,0.0,0.0,0.0,0.0,0.0,0.0,0,45
2023-24,24,686,Oliwier Zych,GK,Aston Villa,2,14,1,2024-02-11T16:30:00Z,0,0,0,0,0,0,0,0,0.0,0.0,0.0,0.0,0.0,0.0,0.0,0.0,0,40
2023-24,24,687,Đorđe Petrović,GK,Chelsea,7,8,0,2024-02-12T20:00:00Z,90,3,0,0,0,1,0,18,23.4,0.0,0.0,2.3,0.0,0.0,0.0,0.55,1,45
2023-24,24,688,Timothy Castagne,DEF,Fulham,10,3,1,2024-02-10T15:00:00Z,90,2,0,0,0,1,0,15,13.2,1.3,6.0,2.1,0.0,0.02,0.02,1.84,1,45
2023-24,24,689,Mohammed Kudus,MID,West Ham,19,1,1,2024-02-11T14:00:00Z,90,1,0,0,0,6,0,0,7.4,4.4,39.0,5.1,0.12,0.01,0.13,3.66,1,68
2023-24,24,690,Carlos Baleba,MID,Brighton,5,18,0,2024-02-10T15:00:00Z,1,1,0,0,0,1,0,2,0.0,0.6,0.0,0.0,0.0,0.0,0.0,0.35,0,45
2023-24,24,691,Norberto Bercique Gomes Betuncal,FWD,Everton,9,13,0,2024-02-10T12:30:00Z,12,1,0,0,0,1,0,1,0.0,0.3,0.0,0.0,0.0,0.0,0.0,0.79,0,57
2023-24,24,692,Steven Benda,GK,Fulham,10,3,1,2024-02-10T15:00:00Z,0,0,0,0,0,0,0,0,0.0,0.0,0.0,0.0,0.0,0.0,0.0,0.0,0,40
2023-24,24,693,Luke Thomas,DEF,Sheffield Utd,17,12,0,2024-02-10T15:00:00Z,0,0,0,0,0,0,0,0,0.0,0.0,0.0,0.0,0.0,0.0,0.0,0.0,0,40
2023-24,24,694,Han-Noah Massengo,MID,Burnley,6,11,0,2024-02-10T15:00:00Z,9,1,0,0,0,0,0,3,0.4,0.1,0.0,0.1,0.0,0.0,0.0,0.72,0,49
2023-24,24,695,Altay Bayindir,GK,Man Utd,14,2,0,2024-02-11T16:30:00Z,0,0,0,0,0,0,0,0,0.0,0.0,0.0,0.0,0.0,0.0,0.0,0.0,0,40
2023-24,24,696,Murillo Santiago Costa dos Santos,DEF,Nott'm Forest,16,15,1,2024-02-10T17:30:00Z,90,1,0,0,0,3,0,11,13.0,4.0,2.0,1.9,0.0,0.04,0.04,0.48,1,45
2023-24,24,697,Santiago Bueno,DEF,Wolves,20,4,1,2024-02-10T15:00:00Z,0,0,0,0,0,0,0,0,0.0,0.0,0.0,0.0,0.0,0.0,0.0,0.0,0,45
2023-24,24,698,Enso González,MID,Wolves,20,4,1,2024-02-10T15:00:00Z,0,0,0,0,0,0,0,0,0.0,0.0,0.0,0.0,0.0,0.0,0.0,0.0,0,50
2023-24,24,699,Clément Lenglet,DEF,Aston Villa,2,14,1,2024-02-11T16:30:00Z,90,0,0,0,0,2,0,6,14.2,2.8,33.0,5.0,0.36,0.03,0.39,1.8,1,45
2023-24,24,700,Anssumane Fati Vieira,MID,Brighton,5,18,0,2024-02-10T15:00:00Z,33,1,0,0,0,2,0,1,2.2,11.1,8.0,2.1,0.09,0.07,0.16,0.64,0,64
2023-24,24,701,Saman Ghoddos,MID,Brentford,4,20,0,2024-02-10T15:00:00Z,0,0,0,0,0,0,0,0,0.0,0.0,0.0,0.0,0.0,0.0,0.0,0.0,0,45
2023-24,24,702,Ashley Phillips,DEF,Spurs,18,5,1,2024-02-10T15:00:00Z,0,0,0,0,0,0,0,0,0.0,0.0,0.0,0.0,0.0,0.0,0.0,0.0,0,40
2023-24,24,703,Jonny Evans,DEF,Man Utd,14,2,0,2024-02-11T16:30:00Z,1,1,0,0,0,0,0,3,2.0,0.0,0.0,0.2,0.0,0.0,0.0,0.05,0,40
2023-24,24,704,Nathan Fraser,FWD,Wolves,20,4,1,2024-02-10T15:00:00Z,45,0,0,0,0,1,0,1,2.8,12.3,0.0,1.5,0.0,0.03,0.03,0.3,0,45
2023-24,24,705,Luis Sinisterra,MID,Bournemouth,3,10,0,2024-02-10T15:00:00Z,68,2,0,0,0,3,0,5,9.6,23.7,31.0,6.4,0.07,0.1,0.17,1.55,1,55
2023-24,24,706,Mike Trésor,MID,Burnley,6,11,0,2024-02-10T15:00:00Z,0,0,0,0,0,0,0,0,0.0,0.0,0.0,0.0,0.0,0.0,0.0,0.0,0,53
2023-24,24,707,Fodé Ballo-Touré,DEF,Fulham,10,3,1,2024-02-10T15:00:00Z,5,1,0,0,0,0,0,5,2.2,0.6,0.0,0.3,0.0,0.0,0.0,0.25,0,45
2023-24,24,708,Ryan Gravenberch,MID,Liverpool,11,6,1,2024-02-10T15:00:00Z,0,0,0,0,0,0,0,0,0.0,0.0,0.0,0.0,0.0,0.0,0.0,0.0,0,50
2023-24,24,709,Sofyan Amrabat,MID,Man Utd,14,2,0,2024-02-11T16:30:00Z,1,1,0,0,0,0,0,3,0.0,0.0,0.0,0.0,0.0,0.0,0.0,0.05,0,50
2023-24,24,710,Odysseas Vlachodimos,GK,Nott'm Forest,16,15,1,2024-02-10T17:30:00Z,0,0,0,0,0,0,0,0,0.0,0.0,0.0,0.0,0.0,0.0,0.0,0.0,0,45
2023-24,24,711,Andrew Omobamidele,DEF,Nott'm Forest,16,15,1,2024-02-10T17:30:00Z,0,0,0,0,0,0,0,0,0.0,0.0,0.0,0.0,0.0,0.0,0.0,0.0,0,45
2023-24,24,712,Nicolás Domínguez,MID,Nott'm Forest,16,15,1,2024-02-10T17:30:00Z,77,6,0,1,0,3,1,30,27.2,27.0,8.0,6.2,0.09,0.2,0.29,0.48,1,50
2023-24,24,713,Ibrahim Sangaré,MID,Nott'm Forest,16,15,1,2024-02-10T17:30:00Z,0,0,0,0,0,0,0,0,0.0,0.0,0.0,0.0,0.0,0.0,0.0,0.0,0,49
2023-24,24,714,Divock Origi,FWD,Nott'm Forest,16,15,1,2024-02-10T17:30:00Z,22,1,0,0,0,0,0,3,2.0,1.3,7.0,1.0,0.09,0.0,0.09,0.0,0,50
2023-24,24,715,Jean-Ricner Bellegarde,MID,Wolves,20,4,1,2024-02-10T15:00:00Z,70,2,0,0,0,2,0,4,2.4,4.5,5.0,1.2,0.04,0.03,0.07,1.38,0,49
2023-24,24,716,Alfie Gilchrist,DEF,Chelsea,7,8,0,2024-02-12T20:00:00Z,6,1,0,0,0,0,0,3,5.0,0.1,0.0,0.5,0.0,0.0,0.0,0.07,0,40
2023-24,24,717,Ronnie Stutter,FWD,Chelsea,7,8,0,2024-02-12T20:00:00Z,0,0,0,0,0,0,0,0,0.0,0.0,0.0,0.0,0.0,0.0,0.0,0.0,0,45
2023-24,24,718,Alex Matos,MID,Chelsea,7,8,0,2024-02-12T20:00:00Z,0,0,0,0,0,0,0,0,0.0,0.0,0.0,0.0,0.0,0.0,0.0,0.0,0,45
2023-24,24,719,Mackenzie Hunt,MID,Everton,9,13,0,2024-02-10T12:30:00Z,0,0,0,0,0,0,0,0,0.0,0.0,0.0,0.0,0.0,0.0,0.0,0.0,0,45
2023-24,24,720,Ademola Ola-Adebomi,FWD,Crystal Palace,8,7,1,2024-02-12T20:00:00Z,0,0,0,0,0,0,0,0,0.0,0.0,0.0,0.0,0.0,0.0,0.0,0.0,0,45
2023-24,24,721,David Ozoh,MID,Crystal Palace,8,7,1,2024-02-12T20:00:00Z,0,0,0,0,0,0,0,0,0.0,0.0,0.0,0.0,0.0,0.0,0.0,0.0,0,45
2023-24,24,722,Jamie Donley,FWD,Spurs,18,5,1,2024-02-10T15:00:00Z,0,0,0,0,0,0,0,0,0.0,0.0,0.0,0.0,0.0,0.0,0.0,0.0,0,45
2023-24,24,723,Josh Brooking,DEF,Chelsea,7,8,0,2024-02-12T20:00:00Z,0,0,0,0,0,0,0,0,0.0,0.0,0.0,0.0,0.0,0.0,0.0,0.0,0,40
2023-24,24,724,Jadan Raymond,MID,Crystal Palace,8,7,1,2024-02-12T20:00:00Z,0,0,0,0,0,0,0,0,0.0,0.0,0.0,0.0,0.0,0.0,0.0,0.0,0,45
2023-24,24,725,Ji-Soo Kim,DEF,Brentford,4,20,0,2024-02-10T15:00:00Z,0,0,0,0,0,0,0,0,0.0,0.0,0.0,0.0,0.0,0.0,0.0,0.0,0,40
2023-24,24,726,Luke Chambers,DEF,Liverpool,11,6,1,2024-02-10T15:00:00Z,0,0,0,0,0,0,0,0,0.0,0.0,0.0,0.0,0.0,0.0,0.0,0.0,0,40
2023-24,24,727,Andros Townsend,MID,Luton,12,17,1,2024-02-10T15:00:00Z,22,1,0,0,0,1,0,0,5.8,5.8,15.0,2.7,0.03,0.02,0.05,0.11,0,50
2023-24,24,728,Callum Scanlon,DEF,Liverpool,11,6,1,2024-02-10T15:00:00Z,0,0,0,0,0,0,0,0,0.0,0.0,0.0,0.0,0.0,0.0,0.0,0.0,0,39
2023-24,24,729,Jayden Luker,MID,Luton,12,17,1,2024-02-10T15:00:00Z,0,0,0,0,0,0,0,0,0.0,0.0,0.0,0.0,0.0,0.0,0.0,0.0,0,45
2023-24,24,730,Ryan Oné,MID,Sheffield Utd,17,12,0,2024-02-10T15:00:00Z,0,0,0,0,0,0,0,0,0.0,0.0,0.0,0.0,0.0,0.0,0.0,0.0,0,44
2023-24,24,731,Jili Buyabu,DEF,Sheffield Utd,17,12,0,2024-02-10T15:00:00Z,0,0,0,0,0,0,0,0,0.0,0.0,0.0,0.0,0.0,0.0,0.0,0.0,0,40
2023-24,24,732,Devan Tanton,DEF,Fulham,10,3,1,2024-02-10T15:00:00Z,0,0,0,0,0,0,0,0,0.0,0.0,0.0,0.0,0.0,0.0,0.0,0.0,0,40
2023-24,24,733,Valintino Adedokun,DEF,Brentford,4,20,0,2024-02-10T15:00:00Z,0,0,0,0,0,0,0,0,0.0,0.0,0.0,0.0,0.0,0.0,0.0,0.0,0,40
2023-24,24,734,Zack Nelson,MID,Luton,12,17,1,2024-02-10T15:00:00Z,0,0,0,0,0,0,0,0,0.0,0.0,0.0,0.0,0.0,0.0,0.0,0.0,0,45
2023-24,24,735,Charles Sagoe,MID,Arsenal,1,19,0,2024-02-11T14:00:00Z,0,0,0,0,0,0,0,0,0.0,0.0,0.0,0.0,0.0,0.0,0.0,0.0,0,45
2023-24,24,736,Reuell Walters,DEF,Arsenal,1,19,0,2024-02-11T14:00:00Z,0,0,0,0,0,0,0,0,0.0,0.0,0.0,0.0,0.0,0.0,0.0,0.0,0,40
2023-24,24,737,Bradley Ibrahim,MID,Arsenal,1,19,0,2024-02-11T14:00:00Z,0,0,0,0,0,0,0,0,0.0,0.0,0.0,0.0,0.0,0.0,0.0,0.0,0,45
2023-24,24,738,Amadou Diallo,MID,Newcastle,15,16,0,2024-02-10T17:30:00Z,0,0,0,0,0,0,0,0,0.0,0.0,0.0,0.0,0.0,0.0,0.0,0.0,0,45
2023-24,24,739,Ben Parkinson,FWD,Newcastle,15,16,0,2024-02-10T17:30:00Z,0,0,0,0,0,0,0,0,0.0,0.0,0.0,0.0,0.0,0.0,0.0,0.0,0,45
2023-24,24,740,Alfie Dorrington,DEF,Spurs,18,5,1,2024-02-10T15:00:00Z,0,0,0,0,0,0,0,0,0.0,0.0,0.0,0.0,0.0,0.0,0.0,0.0,0,40
2023-24,24,741,Mark O’Mahony,FWD,Brighton,5,18,0,2024-02-10T15:00:00Z,0,0,0,0,0,0,0,0,0.0,0.0,0.0,0.0,0.0,0.0,0.0,0.0,0,45
2023-24,24,742,Benicio Baker-Boaitey,MID,Brighton,5,18,0,2024-02-10T15:00:00Z,1,1,0,0,0,1,0,2,1.0,0.3,0.0,0.1,0.0,0.0,0.0,0.35,0,45
2023-24,24,743,Treymaurice Nyoni,MID,Liverpool,11,6,1,2024-02-10T15:00:00Z,0,0,0,0,0,0,0,0,0.0,0.0,0.0,0.0,0.0,0.0,0.0,0.0,0,45
2023-24,24,744,Myles Peart-Harris,MID,Brentford,4,20,0,2024-02-10T15:00:00Z,0,0,0,0,0,0,0,0,0.0,0.0,0.0,0.0,0.0,0.0,0.0,0.0,0,45
2023-24,24,745,Michael Ndiweni,FWD,Newcastle,15,16,0,2024-02-10T17:30:00Z,0,0,0,0,0,0,0,0,0.0,0.0,0.0,0.0,0.0,0.0,0.0,0.0,0,44
2023-24,24,746,Ben Jackson,DEF,Brighton,5,18,0,2024-02-10T15:00:00Z,0,0,0,0,0,0,0,0,0.0,0.0,0.0,0.0,0.0,0.0,0.0,0.0,0,40
2023-24,24,747,Joshua Duffus,MID,Brighton,5,18,0,2024-02-10T15:00:00Z,0,0,0,0,0,0,0,0,0.0,0.0,0.0,0.0,0.0,0.0,0.0,0.0,0,44
2023-24,24,748,Joe Hugill,FWD,Man Utd,14,2,0,2024-02-11T16:30:00Z,0,0,0,0,0,0,0,0,0.0,0.0,0.0,0.0,0.0,0.0,0.0,0.0,0,45
2023-24,24,749,Matthew Whittingham,MID,Wolves,20,4,1,2024-02-10T15:00:00Z,0,0,0,0,0,0,0,0,0.0,0.0,0.0,0.0,0.0,0.0,0.0,0.0,0,45
2023-24,24,750,Tawanda Chirewa,MID,Wolves,20,4,1,2024-02-10T15:00:00Z,0,0,0,0,0,0,0,0,0.0,0.0,0.0,0.0,0.0,0.0,0.0,0.0,0,44
2023-24,24,751,Justin Hubner,DEF,Wolves,20,4,1,2024-02-10T15:00:00Z,0,0,0,0,0,0,0,0,0.0,0.0,0.0,0.0,0.0,0.0,0.0,0.0,0,40
2023-24,24,752,Vincent Angelini,GK,Brentford,4,20,0,2024-02-10T15:00:00Z,0,0,0,0,0,0,0,0,0.0,0.0,0.0,0.0,0.0,0.0,0.0,0.0,0,40
2023-24,24,753,Leigh Kavanagh,DEF,Brighton,5,18,0,2024-02-10T15:00:00Z,0,0,0,0,0,0,0,0,0.0,0.0,0.0,0.0,0.0,0.0,0.0,0.0,0,40
2023-24,24,754,Yago de Santiago Alonso,MID,Spurs,18,5,1,2024-02-10T15:00:00Z,0,0,0,0,0,0,0,0,0.0,0.0,0.0,0.0,0.0,0.0,0.0,0.0,0,45
2023-24,24,755,Luca Barrington,MID,Brighton,5,18,0,2024-02-10T15:00:00Z,0,0,0,0,0,0,0,0,0.0,0.0,0.0,0.0,0.0,0.0,0.0,0.0,0,45
2023-24,24,756,Marcelo de Araújo Pitaluga Filho,GK,Liverpool,11,6,1,2024-02-10T15:00:00Z,0,0,0,0,0,0,0,0,0.0,0.0,0.0,0.0,0.0,0.0,0.0,0.0,0,40
2023-24,24,757,Conor Bradley,DEF,Liverpool,11,6,1,2024-02-10T15:00:00Z,0,0,0,0,0,0,0,0,0.0,0.0,0.0,0.0,0.0,0.0,0.0,0.0,0,41
2023-24,24,758,Leo Castledine,MID,Chelsea,7,8,0,2024-02-12T20:00:00Z,0,0,0,0,0,0,0,0,0.0,0.0,0.0,0.0,0.0,0.0,0.0,0.0,0,45
2023-24,24,759,Sydie Peck,MID,Sheffield Utd,17,12,0,2024-02-10T15:00:00Z,0,0,0,0,0,0,0,0,0.0,0.0,0.0,0.0,0.0,0.0,0.0,0.0,0,44
2023-24,24,760,Jenson Metcalfe,MID,Everton,9,13,0,2024-02-10T12:30:00Z,0,0,0,0,0,0,0,0,0.0,0.0,0.0,0.0,0.0,0.0,0.0,0.0,0,45
2023-24,24,761,Elijah Campbell,DEF,Everton,9,13,0,2024-02-10T12:30:00Z,0,0,0,0,0,0,0,0,0.0,0.0,0.0,0.0,0.0,0.0,0.0,0.0,0,40
2023-24,24,762,Mahamadou Susoho,MID,Man City,13,9,1,2024-02-10T12:30:00Z,0,0,0,0,0,0,0,0,0.0,0.0,0.0,0.0,0.0,0.0,0.0,0.0,0,45
2023-24,24,763,Tayo Adaramola,DEF,Crystal Palace,8,7,1,2024-02-12T20:00:00Z,0,0,0,0,0,0,0,0,0.0,0.0,0.0,0.0,0.0,0.0,0.0,0.0,0,40
2023-24,24,764,Myles Lewis-Skelly,MID,Arsenal,1,19,0,2024-02-11T14:00:00Z,0,0,0,0,0,0,0,0,0.0,0.0,0.0,0.0,0.0,0.0,0.0,0.0,0,45
2023-24,24,765,Sam Proctor,GK,Aston Villa,2,14,1,2024-02-11T16:30:00Z,0,0,0,0,0,0,0,0,0.0,0.0,0.0,0.0,0.0,0.0,0.0,0.0,0,40
2023-24,24,766,Willy Kambwala,DEF,Man Utd,14,2,0,2024-02-11T16:30:00Z,0,0,0,0,0,0,0,0,0.0,0.0,0.0,0.0,0.0,0.0,0.0,0.0,0,39
2023-24,24,767,Tommi O'Reilly,MID,Aston Villa,2,14,1,2024-02-11T16:30:00Z,0,0,0,0,0,0,0,0,0.0,0.0,0.0,0.0,0.0,0.0,0.0,0.0,0,45
2023-24,24,768,Rhys Bennett,DEF,Man Utd,14,2,0,2024-02-11T16:30:00Z,0,0,0,0,0,0,0,0,0.0,0.0,0.0,0.0,0.0,0.0,0.0,0.0,0,40
2023-24,24,769,Owen Hesketh,MID,Wolves,20,4,1,2024-02-10T15:00:00Z,0,0,0,0,0,0,0,0,0.0,0.0,0.0,0.0,0.0,0.0,0.0,0.0,0,45
2023-24,24,770,Ty Barnett,MID,Wolves,20,4,1,2024-02-10T15:00:00Z,0,0,0,0,0,0,0,0,0.0,0.0,0.0,0.0,0.0,0.0,0.0,0.0,0,45
2023-24,24,771,Micah Hamilton,MID,Man City,13,9,1,2024-02-10T12:30:00Z,0,0,0,0,0,0,0,0,0.0,0.0,0.0,0.0,0.0,0.0,0.0,0.0,0,45
2023-24,24,772,Ethan Nwaneri,MID,Arsenal,1,19,0,2024-02-11T14:00:00Z,13,1,0,0,0,0,0,3,2.0,12.3,4.0,1.8,0.0,0.05,0.05,0.13,0,45
2023-24,24,773,Lewis Orford,MID,West Ham,19,1,1,2024-02-11T14:00:00Z,0,0,0,0,0,0,0,0,0.0,0.0,0.0,0.0,0.0,0.0,0.0,0.0,0,45
2023-24,24,774,Kaelan Casey,DEF,West Ham,19,1,1,2024-02-11T14:00:00Z,0,0,0,0,0,0,0,0,0.0,0.0,0.0,0.0,0.0,0.0,0.0,0.0,0,40
2023-24,24,775,Ben Brereton,MID,Sheffield Utd,17,12,0,2024-02-10T15:00:00Z,0,0,0,0,0,0,0,0,0.0,0.0,0.0,0.0,0.0,0.0,0.0,0.0,0,50
2023-24,24,776,Timo Werner,FWD,Spurs,18,5,1,2024-02-10T15:00:00Z,61,2,0,0,0,1,0,5,6.0,18.1,7.0,3.1,0.07,0.14,0.21,0.96,1,65
2023-24,24,777,Radu Dragusin,DEF,Spurs,18,5,1,2024-02-10T15:00:00Z,0,0,0,0,0,0,0,0,0.0,0.0,0.0,0.0,0.0,0.0,0.0,0.0,0,44
2023-24,24,778,James Wright,GK,Aston Villa,2,14,1,2024-02-11T16:30:00Z,0,0,0,0,0,0,0,0,0.0,0.0,0.0,0.0,0.0,0.0,0.0,0.0,0,40
2023-24,24,779,Jamie McDonnell,MID,Nott'm Forest,16,15,1,2024-02-10T17:30:00Z,0,0,0,0,0,0,0,0,0.0,0.0,0.0,0.0,0.0,0.0,0.0,0.0,0,45
2023-24,24,780,Detlef Esapa Osong,FWD,Nott'm Forest,16,15,1,2024-02-10T17:30:00Z,0,0,0,0,0,0,0,0,0.0,0.0,0.0,0.0,0.0,0.0,0.0,0.0,0,45
2023-24,24,781,Joe Gardner,FWD,Nott'm Forest,16,15,1,2024-02-10T17:30:00Z,0,0,0,0,0,0,0,0,0.0,0.0,0.0,0.0,0.0,0.0,0.0,0.0,0,45
2023-24,24,782,Owen Beck,DEF,Liverpool,11,6,1,2024-02-10T15:00:00Z,0,0,0,0,0,0,0,0,0.0,0.0,0.0,0.0,0.0,0.0,0.0,0.0,0,45
2023-24,24,783,Kaide Gordon,MID,Liverpool,11,6,1,2024-02-10T15:00:00Z,0,0,0,0,0,0,0,0,0.0,0.0,0.0,0.0,0.0,0.0,0.0,0.0,0,45
2023-24,24,784,Oliver Scarles,DEF,West Ham,19,1,1,2024-02-11T14:00:00Z,0,0,0,0,0,0,0,0,0.0,0.0,0.0,0.0,0.0,0.0,0.0,0.0,0,40
2023-24,24,785,Callum Marshall,FWD,West Ham,19,1,1,2024-02-11T14:00:00Z,0,0,0,0,0,0,0,0,0.0,0.0,0.0,0.0,0.0,0.0,0.0,0.0,0,45
2023-24,24,786,Cameron Peupion,MID,Brighton,5,18,0,2024-02-10T15:00:00Z,0,0,0,0,0,0,0,0,0.0,0.0,0.0,0.0,0.0,0.0,0.0,0.0,0,45
2023-24,24,787,Harvey Griffiths,MID,Wolves,20,4,1,2024-02-10T15:00:00Z,0,0,0,0,0,0,0,0,0.0,0.0,0.0,0.0,0.0,0.0,0.0,0.0,0,45
2023-24,24,788,Yerson Mosquera,DEF,Wolves,20,4,1,2024-02-10T15:00:00Z,0,0,0,0,0,0,0,0,0.0,0.0,0.0,0.0,0.0,0.0,0.0,0.0,0,40
2023-24,24,789,Hákon Valdimarsson,GK,Brentford,4,20,0,2024-02-10T15:00:00Z,0,0,0,0,0,0,0,0,0.0,0.0,0.0,0.0,0.0,0.0,0.0,0.0,0,40
2023-24,24,790,Ivo Grbic,GK,Sheffield Utd,17,12,0,2024-02-10T15:00:00Z,0,0,0,0,0,0,0,0,0.0,0.0,0.0,0.0,0.0,0.0,0.0,0.0,0,45
2023-24,24,791,Cesare Casadei,MID,Chelsea,7,8,0,2024-02-12T20:00:00Z,0,0,0,0,0,0,0,0,0.0,0.0,0.0,0.0,0.0,0.0,0.0,0.0,0,45
2023-24,24,792,Daniel Muñoz,DEF,Crystal Palace,8,7,1,2024-02-12T20:00:00Z,90,0,0,0,0,3,0,7,23.4,21.4,8.0,5.3,0.0,0.03,0.03,1.21,1,45
2023-24,24,793,Kaine Kesler-Hayden,DEF,Aston Villa,2,14,1,2024-02-11T16:30:00Z,0,0,0,0,0,0,0,0,0.0,0.0,0.0,0.0,0.0,0.0,0.0,0.0,0,40
2023-24,24,794,Joe White,MID,Newcastle,15,16,0,2024-02-10T17:30:00Z,0,0,0,0,0,0,0,0,0.0,0.0,0.0,0.0,0.0,0.0,0.0,0.0,0,45
2023-24,24,795,Travis Hernes,MID,Newcastle,15,16,0,2024-02-10T17:30:00Z,0,0,0,0,0,0,0,0,0.0,0.0,0.0,0.0,0.0,0.0,0.0,0.0,0,45
2023-24,24,796,Kristian Sekularac,MID,Fulham,10,3,1,2024-02-10T15:00:00Z,0,0,0,0,0,0,0,0,0.0,0.0,0.0,0.0,0.0,0.0,0.0,0.0,0,45
2023-24,24,797,Benjamin Fredrick,DEF,Brentford,4,20,0,2024-02-10T15:00:00Z,0,0,0,0,0,0,0,0,0.0,0.0,0.0,0.0,0.0,0.0,0.0,0.0,0,40
2023-24,24,798,Daiki Hashioka,DEF,Luton,12,17,1,2024-02-10T15:00:00Z,0,0,0,0,0,0,0,0,0.0,0.0,0.0,0.0,0.0,0.0,0.0,0.0,0,40
2023-24,24,799,Romain Faivre,MID,Bournemouth,3,10,0,2024-02-10T15:00:00Z,5,1,0,0,0,0,0,6,3.6,0.3,7.0,1.1,0.14,0.0,0.14,0.0,0,50
2023-24,24,800,Noha Lemina,MID,Wolves,20,4,1,2024-02-10T15:00:00Z,0,0,0,0,0,0,0,0,0.0,0.0,0.0,0.0,0.0,0.0,0.0,0.0,0,50
2023-24,24,801,Giovanni Reyna,MID,Nott'm Forest,16,15,1,2024-02-10T17:30:00Z,17,1,0,0,0,0,0,4,4.4,14.4,8.0,2.7,0.06,0.01,0.07,0.0,0,50
2023-24,24,802,Max Kinsey-Wellings,DEF,Bournemouth,3,10,0,2024-02-10T15:00:00Z,0,0,0,0,0,0,0,0,0.0,0.0,0.0,0.0,0.0,0.0,0.0,0.0,0,40
2023-24,24,803,Morgan Rogers,MID,Aston Villa,2,14,1,2024-02-11T16:30:00Z,0,0,0,0,0,0,0,0,0.0,0.0,0.0,0.0,0.0,0.0,0.0,0.0,0,50
2023-24,24,804,Enes Ünal,FWD,Bournemouth,3,10,0,2024-02-10T15:00:00Z,21,1,0,0,0,0,0,-3,0.0,1.0,17.0,1.8,0.26,0.02,0.28,0.0,0,50
2023-24,24,805,Lorenz Assignon,DEF,Burnley,6,11,0,2024-02-10T15:00:00Z,90,1,0,0,0,3,0,7,20.6,1.0,2.0,2.4,0.03,0.0,0.03,2.86,1,40
2023-24,24,806,Maxime Esteve,DEF,Burnley,6,11,0,2024-02-10T15:00:00Z,79,1,0,0,0,3,0,13,16.6,0.1,0.0,1.7,0.0,0.0,0.0,2.14,1,40
2023-24,24,807,Adam Wharton,MID,Crystal Palace,8,7,1,2024-02-12T20:00:00Z,90,2,0,0,0,3,0,20,25.0,11.2,0.0,3.6,0.0,0.01,0.01,1.21,1,50
2023-24,24,808,Matz Sels,GK,Nott'm Forest,16,15,1,2024-02-10T17:30:00Z,90,1,0,0,0,3,0,12,14.0,0.0,0.0,1.4,0.0,0.03,0.03,0.48,1,45
2023-24,24,809,Rodrigo Duarte Ribeiro,FWD,Nott'm Forest,16,15,1,2024-02-10T17:30:00Z,0,0,0,0,0,0,0,0,0.0,0.0,0.0,0.0,0.0,0.0,0.0,0.0,0,45
2023-24,24,810,Joshua King,MID,Fulham,10,3,1,2024-02-10T15:00:00Z,0,0,0,0,0,0,0,0,0.0,0.0,0.0,0.0,0.0,0.0,0.0,0.0,0,45
2023-24,24,811,Dominic Sadi,MID,Bournemouth,3,10,0,2024-02-10T15:00:00Z,0,0,0,0,0,0,0,0,0.0,0.0,0.0,0.0,0.0,0.0,0.0,0.0,0,45
2023-24,24,812,Lewis Koumas,FWD,Liverpool,11,6,1,2024-02-10T15:00:00Z,0,0,0,0,0,0,0,0,0.0,0.0,0.0,0.0,0.0,0.0,0.0,0.0,0,45
2023-24,24,813,Fabian Mrozek,GK,Liverpool,11,6,1,2024-02-10T15:00:00Z,0,0,0,0,0,0,0,0,0.0,0.0,0.0,0.0,0.0,0.0,0.0,0.0,0,40
2023-24,24,814,Jacob Wright,MID,Man City,13,9,1,2024-02-10T12:30:00Z,0,0,0,0,0,0,0,0,0.0,0.0,0.0,0.0,0.0,0.0,0.0,0.0,0,45
2023-24,24,815,Mauro Bandeira,MID,Arsenal,1,19,0,2024-02-11T14:00:00Z,0,0,0,0,0,0,0,0,0.0,0.0,0.0,0.0,0.0,0.0,0.0,0.0,0,45
