season,gw,element,name,position,team,team_id,opponent_team,was_home,kickoff_time,minutes,total_points,goals_scored,assists,clean_sheets,goals_conceded,bonus,bps,influence,creativity,threat,ict_index,expected_goals,expected_assists,expected_goal_involvements,expected_goals_conceded,starts,value
2023-24,25,1,Folarin Balogun,FWD,Arsenal,1,6,0,2024-02-17T15:00:00Z,0,0,0,0,0,0,0,0,0.0,0.0,0.0,0.0,0.0,0.0,0.0,0.0,0,44
2023-24,25,2,Cédric Alves Soares,DEF,Arsenal,1,6,0,2024-02-17T15:00:00Z,21,1,0,0,0,0,0,3,0.6,1.3,0.0,0.2,0.0,0.01,0.01,0.15,0,39
2023-24,25,3,Mohamed Elneny,MID,Arsenal,1,6,0,2024-02-17T15:00:00Z,0,0,0,0,0,0,0,0,0.0,0.0,0.0,0.0,0.0,0.0,0.0,0.0,0,44
2023-24,25,4,Fábio Ferreira Vieira,MID,Arsenal,1,6,0,2024-02-17T15:00:00Z,0,0,0,0,0,0,0,0,0.0,0.0,0.0,0.0,0.0,0.0,0.0,0.0,0,54
2023-24,25,5,Gabriel dos Santos Magalhães,DEF,Arsenal,1,6,0,2024-02-17T15:00:00Z,90,6,0,0,1,0,0,31,26.2,0.8,19.0,4.6,0.02,0.01,0.03,0.26,1,51
2023-24,25,6,Kai Havertz,MID,Arsenal,1,6,0,2024-02-17T15:00:00Z,83,12,1,1,1,0,1,38,40.6,11.8,36.0,8.8,0.78,0.05,0.83,0.18,1,71
2023-24,25,7,Rob Holding,DEF,Crystal Palace,8,9,0,2024-02-19T20:00:00Z,0,0,0,0,0,0,0,0,0.0,0.0,0.0,0.0,0.0,0.0,0.0,0.0,0,43
2023-24,25,8,Gabriel Fernando de Jesus,FWD,Arsenal,1,6,0,2024-02-17T15:00:00Z,0,0,0,0,0,0,0,0,0.0,0.0,0.0,0.0,0.0,0.0,0.0,0.0,0,78
2023-24,25,9,Jorge Luiz Frello Filho,MID,Arsenal,1,6,0,2024-02-17T15:00:00Z,11,1,0,0,0,0,0,3,4.2,1.3,0.0,0.6,0.0,0.02,0.02,0.15,0,53
2023-24,25,10,Jakub Kiwior,DEF,Arsenal,1,6,0,2024-02-17T15:00:00Z,90,9,0,1,1,0,0,34,26.2,11.5,2.0,4.0,0.0,0.01,0.01,0.26,1,43
2023-24,25,11,Marcus Oliveira Alencar,MID,Arsenal,1,6,0,2024-02-17T15:00:00Z,0,0,0,0,0,0,0,0,0.0,0.0,0.0,0.0,0.0,0.0,0.0,0.0,0,45
2023-24,25,12,Gabriel Martinelli Silva,MID,Arsenal,1,6,0,2024-02-17T15:00:00Z,90,3,0,0,1,0,0,3,5.8,26.9,21.0,5.4,0.02,0.17,0.19,0.26,1,77
2023-24,25,13,Eddie Nketiah,FWD,Arsenal,1,6,0,2024-02-17T15:00:00Z,21,1,0,0,0,0,0,0,0.0,0.9,16.0,1.4,0.26,0.02,0.28,0.15,0,51
2023-24,25,14,Martin Ødegaard,MID,Arsenal,1,6,0,2024-02-17T15:00:00Z,90,14,1,1,1,0,3,45,67.8,48.0,22.0,13.8,0.13,0.41,0.54,0.26,1,84
2023-24,25,15,Thomas Partey,MID,Arsenal,1,6,0,2024-02-17T15:00:00Z,0,0,0,0,0,0,0,0,0.0,0.0,0.0,0.0,0.0,0.0,0.0,0.0,0,48
2023-24,25,16,Nicolas Pépé,MID,Arsenal,1,6,0,2024-02-17T15:00:00Z,0,0,0,0,0,0,0,0,0.0,0.0,0.0,0.0,0.0,0.0,0.0,0.0,0,49
2023-24,25,17,Aaron Ramsdale,GK,Arsenal,1,6,0,2024-02-17T15:00:00Z,0,0,0,0,0,0,0,0,0.0,0.0,0.0,0.0,0.0,0.0,0.0,0.0,0,45
2023-24,25,18,Rúnar Alex Rúnarsson,GK,Arsenal,1,6,0,2024-02-17T15:00:00Z,0,0,0,0,0,0,0,0,0.0,0.0,0.0,0.0,0.0,0.0,0.0,0.0,0,40
2023-24,25,19,Bukayo Saka,MID,Arsenal,1,6,0,2024-02-17T15:00:00Z,68,15,2,0,1,0,3,45,68.8,3.9,44.0,11.7,0.86,0.24,1.1,0.11,1,90
2023-24,25,20,William Saliba,DEF,Arsenal,1,6,0,2024-02-17T15:00:00Z,90,6,0,0,1,0,0,25,11.4,1.3,0.0,1.3,0.0,0.01,0.01,0.26,1,56
2023-24,25,21,Albert Sambi Lokonga,MID,Luton,12,11,0,2024-02-21T19:30:00Z,45,1,0,0,0,0,0,4,3.8,0.6,0.0,0.4,0.0,0.0,0.0,1.1,1,49
2023-24,25,22,Emile Smith Rowe,MID,Arsenal,1,6,0,2024-02-17T15:00:00Z,6,1,0,0,0,0,0,3,0.4,0.6,2.0,0.3,0.04,0.03,0.07,0.09,0,53
2023-24,25,23,Nuno Varela Tavares,DEF,Nott'm Forest,16,19,1,2024-02-17T15:00:00Z,90,6,0,0,1,0,0,22,16.0,17.4,4.0,3.7,0.04,0.19,0.23,0.56,1,40
2023-24,25,24,Kieran Tierney,DEF,Arsenal,1,6,0,2024-02-17T15:00:00Z,0,0,0,0,0,0,0,0,0.0,0.0,0.0,0.0,0.0,0.0,0.0,0.0,0,44
2023-24,25,25,Takehiro Tomiyasu,DEF,Arsenal,1,6,0,2024-02-17T15:00:00Z,0,0,0,0,0,0,0,0,0.0,0.0,0.0,0.0,0.0,0.0,0.0,0.0,0,45
2023-24,25,26,Leandro Trossard,MID,Arsenal,1,6,0,2024-02-17T15:00:00Z,68,11,1,1,1,0,0,30,34.2,6.4,37.0,7.8,0.29,0.0,0.29,0.11,1,65
2023-24,25,27,Auston Trusty,DEF,Sheffield Utd,17,5,1,2024-02-18T14:00:00Z,59,0,0,0,0,3,0,6,10.2,0.5,0.0,1.1,0.0,0.0,0.0,0.97,0,39
2023-24,25,28,Matt Turner,GK,Nott'm Forest,16,19,1,2024-02-17T15:00:00Z,0,0,0,0,0,0,0,0,0.0,0.0,0.0,0.0,0.0,0.0,0.0,0.0,0,39
2023-24,25,29,Benjamin White,DEF,Arsenal,1,6,0,2024-02-17T15:00:00Z,68,6,0,0,1,0,0,29,8.0,2.6,0.0,1.1,0.0,0.02,0.02,0.11,1,56
2023-24,25,30,Granit Xhaka,MID,Arsenal,1,6,0,2024-02-17T15:00:00Z,0,0,0,0,0,0,0,0,0.0,0.0,0.0,0.0,0.0,0.0,0.0,0.0,0,60
2023-24,25,31,Oleksandr Zinchenko,DEF,Arsenal,1,6,0,2024-02-17T15:00:00Z,0,0,0,0,0,0,0,0,0.0,0.0,0.0,0.0,0.0,0.0,0.0,0.0,0,51
2023-24,25,32,Alexandre Moreno Lopera,DEF,Aston Villa,2,10,0,2024-02-17T15:00:00Z,80,1,0,0,0,1,0,7,0.6,1.5,0.0,0.2,0.0,0.01,0.01,0.82,1,51
2023-24,25,33,Cameron Archer,FWD,Sheffield Utd,17,5,1,2024-02-18T14:00:00Z,0,0,0,0,0,0,0,0,0.0,0.0,0.0,0.0,0.0,0.0,0.0,0.0,0,43
2023-24,25,34,Leon Bailey,MID,Aston Villa,2,10,0,2024-02-17T15:00:00Z,80,2,0,0,0,1,0,4,0.0,11.5,17.0,2.7,0.12,0.05,0.17,0.82,1,56
2023-24,25,35,Emiliano Buendía Stati,MID,Aston Villa,2,10,0,2024-02-17T15:00:00Z,0,0,0,0,0,0,0,0,0.0,0.0,0.0,0.0,0.0,0.0,0.0,0.0,0,57
2023-24,25,36,Matty Cash,DEF,Aston Villa,2,10,0,2024-02-17T15:00:00Z,90,2,0,0,0,1,0,11,12.8,1.8,2.0,1.7,0.0,0.01,0.01,1.4,1,46
2023-24,25,37,Calum Chambers,DEF,Aston Villa,2,10,0,2024-02-17T15:00:00Z,0,0,0,0,0,0,0,0,0.0,0.0,0.0,0.0,0.0,0.0,0.0,0.0,0,38
2023-24,25,38,Philippe Coutinho Correia,MID,Aston Villa,2,10,0,2024-02-17T15:00:00Z,0,0,0,0,0,0,0,0,0.0,0.0,0.0,0.0,0.0,0.0,0.0,0.0,0,58
2023-24,25,39,Keinan Davis,FWD,Aston Villa,2,10,0,2024-02-17T15:00:00Z,0,0,0,0,0,0,0,0,0.0,0.0,0.0,0.0,0.0,0.0,0.0,0.0,0,49
2023-24,25,40,Leander Dendoncker,MID,Aston Villa,2,10,0,2024-02-17T15:00:00Z,0,0,0,0,0,0,0,0,0.0,0.0,0.0,0.0,0.0,0.0,0.0,0.0,0,49
2023-24,25,41,Diego Carlos Santos Silva,DEF,Aston Villa,2,10,0,2024-02-17T15:00:00Z,0,0,0,0,0,0,0,0,0.0,0.0,0.0,0.0,0.0,0.0,0.0,0.0,0,44
2023-24,25,42,Lucas Digne,DEF,Aston Villa,2,10,0,2024-02-17T15:00:00Z,9,1,0,0,0,0,0,2,0.0,0.1,0.0,0.0,0.0,0.0,0.0,0.57,0,46
2023-24,25,43,Douglas Luiz Soares de Paulo,MID,Aston Villa,2,10,0,2024-02-17T15:00:00Z,90,2,0,0,0,1,0,18,20.4,56.3,0.0,7.7,0.0,0.15,0.15,1.4,1,55
2023-24,25,44,Jhon Durán,FWD,Aston Villa,2,10,0,2024-02-17T15:00:00Z,0,0,0,0,0,0,0,0,0.0,0.0,0.0,0.0,0.0,0.0,0.0,0.0,0,50
2023-24,25,45,Kortney Hause,DEF,Aston Villa,2,10,0,2024-02-17T15:00:00Z,0,0,0,0,0,0,0,0,0.0,0.0,0.0,0.0,0.0,0.0,0.0,0.0,0,39
2023-24,25,46,Tim Iroegbunam,MID,Aston Villa,2,10,0,2024-02-17T15:00:00Z,1,1,0,0,0,0,0,5,2.2,0.3,0.0,0.3,0.0,0.0,0.0,0.0,0,44
2023-24,25,47,Boubacar Kamara,MID,Aston Villa,2,10,0,2024-02-17T15:00:00Z,0,0,0,0,0,0,0,0,0.0,0.0,0.0,0.0,0.0,0.0,0.0,0.0,0,50
2023-24,25,48,Ezri Konsa Ngoyo,DEF,Aston Villa,2,10,0,2024-02-17T15:00:00Z,0,0,0,0,0,0,0,0,0.0,0.0,0.0,0.0,0.0,0.0,0.0,0.0,0,45
2023-24,25,49,Emiliano Martínez Romero,GK,Aston Villa,2,10,0,2024-02-17T15:00:00Z,90,3,0,0,0,1,0,20,29.2,0.0,0.0,2.9,0.0,0.0,0.0,1.4,1,52
2023-24,25,50,John McGinn,MID,Aston Villa,2,10,0,2024-02-17T15:00:00Z,90,1,0,0,0,1,0,8,8.2,1.8,0.0,1.0,0.0,0.0,0.0,1.4,1,55
2023-24,25,51,Tyrone Mings,DEF,Aston Villa,2,10,0,2024-02-17T15:00:00Z,0,0,0,0,0,0,0,0,0.0,0.0,0.0,0.0,0.0,0.0,0.0,0.0,0,41
2023-24,25,52,Marvelous Nakamba,MID,Luton,12,11,0,2024-02-21T19:30:00Z,0,0,0,0,0,0,0,0,0.0,0.0,0.0,0.0,0.0,0.0,0.0,0.0,0,44
2023-24,25,53,Robin Olsen,GK,Aston Villa,2,10,0,2024-02-17T15:00:00Z,0,0,0,0,0,0,0,0,0.0,0.0,0.0,0.0,0.0,0.0,0.0,0.0,0,39
2023-24,25,54,Jaden Philogene-Bidace,MID,Aston Villa,2,10,0,2024-02-17T15:00:00Z,0,0,0,0,0,0,0,0,0.0,0.0,0.0,0.0,0.0,0.0,0.0,0.0,0,45
2023-24,25,55,Jacob Ramsey,MID,Aston Villa,2,10,0,2024-02-17T15:00:00Z,90,2,0,0,0,1,0,12,6.8,24.3,8.0,3.9,0.16,0.02,0.18,1.4,1,59
2023-24,25,56,Morgan Sanson,MID,Aston Villa,2,10,0,2024-02-17T15:00:00Z,0,0,0,0,0,0,0,0,0.0,0.0,0.0,0.0,0.0,0.0,0.0,0.0,0,45
2023-24,25,57,Viljami Sinisalo,GK,Aston Villa,2,10,0,2024-02-17T15:00:00Z,0,0,0,0,0,0,0,0,0.0,0.0,0.0,0.0,0.0,0.0,0.0,0.0,0,40
2023-24,25,58,Youri Tielemans,MID,Aston Villa,2,10,0,2024-02-17T15:00:00Z,90,5,0,1,0,1,0,17,25.4,15.3,19.0,6.0,0.38,0.2,0.58,1.4,1,56
2023-24,25,59,Bertrand Traoré,MID,Aston Villa,2,10,0,2024-02-17T15:00:00Z,0,0,0,0,0,0,0,0,0.0,0.0,0.0,0.0,0.0,0.0,0.0,0.0,0,50
2023-24,25,60,Ollie Watkins,FWD,Aston Villa,2,10,0,2024-02-17T15:00:00Z,90,13,2,0,0,1,3,59,70.4,14.8,48.0,13.3,0.93,0.25,1.18,1.4,1,87
2023-24,25,61,Wesley Moraes Ferreira da Silva,FWD,Aston Villa,2,10,0,2024-02-17T15:00:00Z,0,0,0,0,0,0,0,0,0.0,0.0,0.0,0.0,0.0,0.0,0.0,0.0,0,50
2023-24,25,62,Jaidon Anthony,MID,Bournemouth,3,15,0,2024-02-17T15:00:00Z,0,0,0,0,0,0,0,0,0.0,0.0,0.0,0.0,0.0,0.0,0.0,0.0,0,49
2023-24,25,63,Philip Billing,MID,Bournemouth,3,15,0,2024-02-17T15:00:00Z,0,0,0,0,0,0,0,0,0.0,0.0,0.0,0.0,0.0,0.0,0.0,0.0,0,52
2023-24,25,64,David Brooks,MID,Bournemouth,3,15,0,2024-02-17T15:00:00Z,0,0,0,0,0,0,0,0,0.0,0.0,0.0,0.0,0.0,0.0,0.0,0.0,0,47
2023-24,25,65,Ryan Christie,MID,Bournemouth,3,15,0,2024-02-17T15:00:00Z,90,1,0,0,0,2,0,12,9.6,25.6,0.0,3.5,0.0,0.02,0.02,2.23,1,50
2023-24,25,66,Lewis Cook,MID,Bournemouth,3,15,0,2024-02-17T15:00:00Z,90,2,0,0,0,2,0,16,28.0,1.8,7.0,3.7,0.02,0.01,0.03,2.26,1,50
2023-24,25,67,Siriki Dembélé,MID,Bournemouth,3,15,0,2024-02-17T15:00:00Z,0,0,0,0,0,0,0,0,0.0,0.0,0.0,0.0,0.0,0.0,0.0,0.0,0,45
2023-24,25,68,Ryan Fredericks,DEF,Bournemouth,3,15,0,2024-02-17T15:00:00Z,0,0,0,0,0,0,0,0,0.0,0.0,0.0,0.0,0.0,0.0,0.0,0.0,0,43
2023-24,25,69,James Hill,DEF,Bournemouth,3,15,0,2024-02-17T15:00:00Z,0,0,0,0,0,0,0,0,0.0,0.0,0.0,0.0,0.0,0.0,0.0,0.0,0,40
2023-24,25,70,Lloyd Kelly,DEF,Bournemouth,3,15,0,2024-02-17T15:00:00Z,90,1,0,0,0,2,0,7,9.6,4.5,0.0,1.4,0.0,0.01,0.01,2.26,1,45
2023-24,25,71,Gavin Kilkenny,MID,Bournemouth,3,15,0,2024-02-17T15:00:00Z,0,0,0,0,0,0,0,0,0.0,0.0,0.0,0.0,0.0,0.0,0.0,0.0,0,43
2023-24,25,72,Justin Kluivert,MID,Bournemouth,3,15,0,2024-02-17T15:00:00Z,70,2,0,0,0,1,0,5,1.4,10.5,9.0,2.1,0.06,0.08,0.14,1.5,1,46
2023-24,25,73,Jamal Lowe,MID,Bournemouth,3,15,0,2024-02-17T15:00:00Z,0,0,0,0,0,0,0,0,0.0,0.0,0.0,0.0,0.0,0.0,0.0,0.0,0,49
2023-24,25,74,Emiliano Marcondes,MID,Bournemouth,3,15,0,2024-02-17T15:00:00Z,0,0,0,0,0,0,0,0,0.0,0.0,0.0,0.0,0.0,0.0,0.0,0.0,0,43
2023-24,25,75,Chris Mepham,DEF,Bournemouth,3,15,0,2024-02-17T15:00:00Z,0,0,0,0,0,0,0,0,0.0,0.0,0.0,0.0,0.0,0.0,0.0,0.0,0,43
2023-24,25,76,Kieffer Moore,FWD,Bournemouth,3,15,0,2024-02-17T15:00:00Z,0,0,0,0,0,0,0,0,0.0,0.0,0.0,0.0,0.0,0.0,0.0,0.0,0,46
2023-24,25,77,Norberto Murara Neto,GK,Bournemouth,3,15,0,2024-02-17T15:00:00Z,90,2,0,0,0,2,0,17,20.0,0.0,0.0,2.0,0.0,0.0,0.0,2.26,1,46
2023-24,25,78,Dango Ouattara,MID,Bournemouth,3,15,0,2024-02-17T15:00:00Z,12,1,0,0,0,1,0,3,4.0,4.8,4.0,1.3,0.02,0.01,0.03,0.74,0,47
2023-24,25,79,Ben Pearson,MID,Bournemouth,3,15,0,2024-02-17T15:00:00Z,0,0,0,0,0,0,0,0,0.0,0.0,0.0,0.0,0.0,0.0,0.0,0.0,0,45
2023-24,25,80,Darren Randolph,GK,Bournemouth,3,15,0,2024-02-17T15:00:00Z,0,0,0,0,0,0,0,0,0.0,0.0,0.0,0.0,0.0,0.0,0.0,0.0,0,40
2023-24,25,81,Joe Rothwell,MID,Bournemouth,3,15,0,2024-02-17T15:00:00Z,0,0,0,0,0,0,0,0,0.0,0.0,0.0,0.0,0.0,0.0,0.0,0.0,0,48
2023-24,25,82,Antoine Semenyo,FWD,Bournemouth,3,15,0,2024-02-17T15:00:00Z,77,8,1,0,0,1,2,26,33.2,0.8,21.0,5.5,0.07,0.01,0.08,1.52,1,45
2023-24,25,83,Marcos Senesi,DEF,Bournemouth,3,15,0,2024-02-17T15:00:00Z,90,0,0,0,0,2,0,0,4.8,0.2,1.0,0.6,0.01,0.0,0.01,2.26,1,45
2023-24,25,84,Adam Smith,DEF,Bournemouth,3,15,0,2024-02-17T15:00:00Z,90,1,0,0,0,2,0,3,1.2,0.5,2.0,0.4,0.0,0.0,0.0,2.26,1,44
2023-24,25,85,Dominic Solanke,FWD,Bournemouth,3,15,0,2024-02-17T15:00:00Z,90,12,1,1,0,2,3,34,64.0,21.7,77.0,16.3,2.23,0.01,2.24,2.26,1,69
2023-24,25,86,Marcus Tavernier,MID,Bournemouth,3,15,0,2024-02-17T15:00:00Z,90,2,0,0,0,2,0,10,16.0,36.2,17.0,6.9,0.09,0.13,0.22,2.26,1,54
2023-24,25,87,Hamed Traorè,MID,Bournemouth,3,15,0,2024-02-17T15:00:00Z,0,0,0,0,0,0,0,0,0.0,0.0,0.0,0.0,0.0,0.0,0.0,0.0,0,47
2023-24,25,88,Mark Travers,GK,Bournemouth,3,15,0,2024-02-17T15:00:00Z,0,0,0,0,0,0,0,0,0.0,0.0,0.0,0.0,0.0,0.0,0.0,0.0,0,40
2023-24,25,89,Illia Zabarnyi,DEF,Bournemouth,3,15,0,2024-02-17T15:00:00Z,90,0,0,0,0,2,0,5,12.2,10.5,2.0,2.5,0.0,0.01,0.01,2.26,1,44
2023-24,25,90,Kristoffer Ajer,DEF,Brentford,4,13,0,2024-02-20T19:30:00Z,90,2,0,0,0,1,0,7,14.0,14.1,4.0,3.2,0.0,0.03,0.03,2.46,1,44
2023-24,25,91,Ellery Balcombe,GK,Brentford,4,13,0,2024-02-20T19:30:00Z,0,0,0,0,0,0,0,0,0.0,0.0,0.0,0.0,0.0,0.0,0.0,0.0,0,39
2023-24,25,92,Shandon Baptiste,MID,Brentford,4,13,0,2024-02-20T19:30:00Z,0,0,0,0,0,0,0,0,0.0,0.0,0.0,0.0,0.0,0.0,0.0,0.0,0,43
2023-24,25,93,Mads Bech Sørensen,DEF,Brentford,4,13,0,2024-02-20T19:30:00Z,0,0,0,0,0,0,0,0,0.0,0.0,0.0,0.0,0.0,0.0,0.0,0.0,0,40
2023-24,25,94,Mads Bidstrup,MID,Brentford,4,13,0,2024-02-20T19:30:00Z,0,0,0,0,0,0,0,0,0.0,0.0,0.0,0.0,0.0,0.0,0.0,0.0,0,45
2023-24,25,95,Sergi Canós Tenés,MID,Brentford,4,13,0,2024-02-20T19:30:00Z,0,0,0,0,0,0,0,0,0.0,0.0,0.0,0.0,0.0,0.0,0.0,0.0,0,50
2023-24,25,96,Nathan Collins,DEF,Brentford,4,13,0,2024-02-20T19:30:00Z,0,0,0,0,0,0,0,0,0.0,0.0,0.0,0.0,0.0,0.0,0.0,0.0,0,45
2023-24,25,97,Matthew Cox,GK,Brentford,4,13,0,2024-02-20T19:30:00Z,0,0,0,0,0,0,0,0,0.0,0.0,0.0,0.0,0.0,0.0,0.0,0.0,0,40
2023-24,25,98,Mikkel Damsgaard,MID,Brentford,4,13,0,2024-02-20T19:30:00Z,1,1,0,0,0,0,0,3,0.0,1.0,0.0,0.1,0.0,0.0,0.0,0.2,0,48
2023-24,25,99,Josh Dasilva,MID,Brentford,4,13,0,2024-02-20T19:30:00Z,0,0,0,0,0,0,0,0,0.0,0.0,0.0,0.0,0.0,0.0,0.0,0.0,0,47
2023-24,25,100,Halil Dervişoğlu,FWD,Brentford,4,13,0,2024-02-20T19:30:00Z,0,0,0,0,0,0,0,0,0.0,0.0,0.0,0.0,0.0,0.0,0.0,0.0,0,45
2023-24,25,101,Mark Flekken,GK,Brentford,4,13,0,2024-02-20T19:30:00Z,90,5,0,0,0,1,1,25,66.0,0.0,0.0,6.6,0.0,0.01,0.01,2.46,1,45
2023-24,25,102,Charlie Goode,DEF,Brentford,4,13,0,2024-02-20T19:30:00Z,0,0,0,0,0,0,0,0,0.0,0.0,0.0,0.0,0.0,0.0,0.0,0.0,0,39
2023-24,25,103,Rico Henry,DEF,Brentford,4,13,0,2024-02-20T19:30:00Z,0,0,0,0,0,0,0,0,0.0,0.0,0.0,0.0,0.0,0.0,0.0,0.0,0,43
2023-24,25,104,Aaron Hickey,DEF,Brentford,4,13,0,2024-02-20T19:30:00Z,0,0,0,0,0,0,0,0,0.0,0.0,0.0,0.0,0.0,0.0,0.0,0.0,0,44
2023-24,25,105,Vitaly Janelt,MID,Brentford,4,13,0,2024-02-20T19:30:00Z,76,2,0,0,0,1,0,9,5.4,5.0,2.0,1.2,0.0,0.02,0.02,2.18,1,53
2023-24,25,106,Mathias Jensen,MID,Brentford,4,13,0,2024-02-20T19:30:00Z,13,1,0,0,0,0,0,3,0.0,0.2,0.0,0.0,0.0,0.0,0.0,0.28,0,54
2023-24,25,107,Keane Lewis-Potter,MID,Brentford,4,13,0,2024-02-20T19:30:00Z,12,1,0,0,0,0,0,3,0.0,0.4,0.0,0.0,0.0,0.0,0.0,0.28,0,47
2023-24,25,108,Bryan Mbeumo,MID,Brentford,4,13,0,2024-02-20T19:30:00Z,0,0,0,0,0,0,0,0,0.0,0.0,0.0,0.0,0.0,0.0,0.0,0.0,0,68
2023-24,25,109,Ben Mee,DEF,Brentford,4,13,0,2024-02-20T19:30:00Z,90,1,0,0,0,1,0,10,19.2,0.5,2.0,2.2,0.0,0.0,0.0,2.46,1,48
2023-24,25,110,Christian Nørgaard,MID,Brentford,4,13,0,2024-02-20T19:30:00Z,90,2,0,0,0,1,0,15,11.6,4.2,2.0,1.8,0.0,0.01,0.01,2.46,1,53
2023-24,25,111,Frank Onyeka,MID,Brentford,4,13,0,2024-02-20T19:30:00Z,88,2,0,0,0,1,0,7,25.0,1.9,43.0,7.0,0.25,0.02,0.27,2.26,1,49
2023-24,25,112,Ethan Pinnock,DEF,Brentford,4,13,0,2024-02-20T19:30:00Z,0,0,0,0,0,0,0,0,0.0,0.0,0.0,0.0,0.0,0.0,0.0,0.0,0,46
2023-24,25,113,David Raya Martin,GK,Arsenal,1,6,0,2024-02-17T15:00:00Z,90,6,0,0,1,0,0,20,4.4,0.0,0.0,0.4,0.0,0.0,0.0,0.26,1,50
2023-24,25,114,Mads Roerslev Rasmussen,DEF,Brentford,4,13,0,2024-02-20T19:30:00Z,88,2,0,0,0,1,0,11,6.2,1.2,2.0,0.9,0.0,0.0,0.0,2.26,1,44
2023-24,25,115,Kevin Schade,MID,Brentford,4,13,0,2024-02-20T19:30:00Z,0,0,0,0,0,0,0,0,0.0,0.0,0.0,0.0,0.0,0.0,0.0,0.0,0,52
2023-24,25,116,Thomas Strakosha,GK,Brentford,4,13,0,2024-02-20T19:30:00Z,0,0,0,0,0,0,0,0,0.0,0.0,0.0,0.0,0.0,0.0,0.0,0.0,0,39
2023-24,25,117,Ivan Toney,FWD,Brentford,4,13,0,2024-02-20T19:30:00Z,90,1,0,0,0,1,0,1,0.0,6.9,4.0,0.8,0.07,0.01,0.08,2.46,1,82
2023-24,25,118,Ryan Trevitt,MID,Brentford,4,13,0,2024-02-20T19:30:00Z,0,0,0,0,0,0,0,0,0.0,0.0,0.0,0.0,0.0,0.0,0.0,0.0,0,45
2023-24,25,119,Yoane Wissa,FWD,Brentford,4,13,0,2024-02-20T19:30:00Z,67,1,0,0,1,0,0,6,6.6,13.8,0.0,2.0,0.0,0.13,0.13,1.81,1,56
2023-24,25,120,Yegor Yarmoliuk,MID,Brentford,4,13,0,2024-02-20T19:30:00Z,0,0,0,0,0,0,0,0,0.0,0.0,0.0,0.0,0.0,0.0,0.0,0.0,0,43
2023-24,25,121,Mathias Jorgensen,DEF,Brentford,4,13,0,2024-02-20T19:30:00Z,90,2,0,0,0,1,0,10,17.6,0.6,2.0,2.0,0.0,0.01,0.01,2.46,1,43
2023-24,25,122,Simon Adingra,MID,Brighton,5,17,0,2024-02-18T14:00:00Z,90,15,2,0,1,0,2,39,74.2,8.3,79.0,16.2,0.49,0.05,0.54,0.58,1,50
2023-24,25,123,Steven Alzate,MID,Brighton,5,17,0,2024-02-18T14:00:00Z,0,0,0,0,0,0,0,0,0.0,0.0,0.0,0.0,0.0,0.0,0.0,0.0,0,44
2023-24,25,124,Yasin Ayari,MID,Brighton,5,17,0,2024-02-18T14:00:00Z,0,0,0,0,0,0,0,0,0.0,0.0,0.0,0.0,0.0,0.0,0.0,0.0,0,45
2023-24,25,125,Facundo Buonanotte,MID,Brighton,5,17,0,2024-02-18T14:00:00Z,65,7,1,0,1,0,0,25,43.6,6.6,35.0,8.5,0.35,0.04,0.39,0.21,1,47
2023-24,25,126,Moisés Caicedo Corozo,MID,Chelsea,7,13,0,2024-02-17T17:30:00Z,90,1,0,0,0,1,0,8,14.8,1.4,0.0,1.6,0.0,0.01,0.01,2.91,1,45
2023-24,25,127,Aaron Connolly,FWD,Brighton,5,17,0,2024-02-18T14:00:00Z,0,0,0,0,0,0,0,0,0.0,0.0,0.0,0.0,0.0,0.0,0.0,0.0,0,45
2023-24,25,128,Mahmoud Dahoud,MID,Brighton,5,17,0,2024-02-18T14:00:00Z,0,0,0,0,0,0,0,0,0.0,0.0,0.0,0.0,0.0,0.0,0.0,0.0,0,48
2023-24,25,129,Lewis Dunk,DEF,Brighton,5,17,0,2024-02-18T14:00:00Z,90,12,0,1,1,0,3,40,41.6,29.8,24.0,9.5,0.12,0.5,0.62,0.58,1,50
2023-24,25,130,Julio Enciso,MID,Brighton,5,17,0,2024-02-18T14:00:00Z,0,0,0,0,0,0,0,0,0.0,0.0,0.0,0.0,0.0,0.0,0.0,0.0,0,50
2023-24,25,131,Pervis Estupiñán,DEF,Brighton,5,17,0,2024-02-18T14:00:00Z,9,1,0,0,0,0,0,1,3.0,2.5,4.0,1.0,0.0,0.01,0.01,0.37,0,50
2023-24,25,132,Evan Ferguson,FWD,Brighton,5,17,0,2024-02-18T14:00:00Z,24,1,0,0,0,0,0,2,3.0,0.3,17.0,2.0,0.15,0.0,0.15,0.37,0,58
2023-24,25,133,Billy Gilmour,MID,Brighton,5,17,0,2024-02-18T14:00:00Z,90,2,0,0,1,0,0,12,12.2,26.6,3.0,4.2,0.05,0.13,0.18,0.58,1,49
2023-24,25,134,Pascal Groß,MID,Brighton,5,17,0,2024-02-18T14:00:00Z,90,8,0,1,1,0,2,39,47.4,132.8,11.0,19.1,0.9,0.79,1.69,0.58,1,64
2023-24,25,135,João Pedro Junqueira de Jesus,FWD,Brighton,5,17,0,2024-02-18T14:00:00Z,0,0,0,0,0,0,0,0,0.0,0.0,0.0,0.0,0.0,0.0,0.0,0.0,0,53
2023-24,25,136,Michał Karbownik,DEF,Brighton,5,17,0,2024-02-18T14:00:00Z,0,0,0,0,0,0,0,0,0.0,0.0,0.0,0.0,0.0,0.0,0.0,0.0,0,40
2023-24,25,137,Kacper Kozłowski,MID,Brighton,5,17,0,2024-02-18T14:00:00Z,0,0,0,0,0,0,0,0,0.0,0.0,0.0,0.0,0.0,0.0,0.0,0.0,0,45
2023-24,25,138,Adam Lallana,MID,Brighton,5,17,0,2024-02-18T14:00:00Z,0,0,0,0,0,0,0,0,0.0,0.0,0.0,0.0,0.0,0.0,0.0,0.0,0,49
2023-24,25,139,Tariq Lamptey,DEF,Brighton,5,17,0,2024-02-18T14:00:00Z,45,0,0,0,0,0,0,1,4.6,4.8,6.0,1.5,0.02,0.06,0.08,0.19,1,39
2023-24,25,140,Solly March,MID,Brighton,5,17,0,2024-02-18T14:00:00Z,0,0,0,0,0,0,0,0,0.0,0.0,0.0,0.0,0.0,0.0,0.0,0.0,0,61
2023-24,25,141,Tom McGill,GK,Brighton,5,17,0,2024-02-18T14:00:00Z,0,0,0,0,0,0,0,0,0.0,0.0,0.0,0.0,0.0,0.0,0.0,0.0,0,39
2023-24,25,142,James Milner,MID,Brighton,5,17,0,2024-02-18T14:00:00Z,0,0,0,0,0,0,0,0,0.0,0.0,0.0,0.0,0.0,0.0,0.0,0.0,0,48
2023-24,25,143,Kaoru Mitoma,MID,Brighton,5,17,0,2024-02-18T14:00:00Z,75,9,0,2,1,0,0,29,12.2,15.8,62.0,9.0,0.19,0.12,0.31,0.21,1,64
2023-24,25,144,Jakub Moder,MID,Brighton,5,17,0,2024-02-18T14:00:00Z,45,1,0,0,0,0,0,2,1.2,5.6,9.0,1.6,0.07,0.01,0.08,0.38,0,44
2023-24,25,145,Robert Sánchez,GK,Chelsea,7,13,0,2024-02-17T17:30:00Z,0,0,0,0,0,0,0,0,0.0,0.0,0.0,0.0,0.0,0.0,0.0,0.0,0,45
2023-24,25,146,Jeremy Sarmiento Morante,MID,Brighton,5,17,0,2024-02-18T14:00:00Z,0,0,0,0,0,0,0,0,0.0,0.0,0.0,0.0,0.0,0.0,0.0,0.0,0,45
2023-24,25,147,Kjell Scherpen,GK,Brighton,5,17,0,2024-02-18T14:00:00Z,0,0,0,0,0,0,0,0,0.0,0.0,0.0,0.0,0.0,0.0,0.0,0.0,0,40
2023-24,25,148,Jason Steele,GK,Brighton,5,17,0,2024-02-18T14:00:00Z,0,0,0,0,0,0,0,0,0.0,0.0,0.0,0.0,0.0,0.0,0.0,0.0,0,42
2023-24,25,149,Deniz Undav,FWD,Brighton,5,17,0,2024-02-18T14:00:00Z,0,0,0,0,0,0,0,0,0.0,0.0,0.0,0.0,0.0,0.0,0.0,0.0,0,55
2023-24,25,150,Jan Paul van Hecke,DEF,Brighton,5,17,0,2024-02-18T14:00:00Z,90,6,0,0,1,0,0,36,36.8,43.5,7.0,8.7,0.01,0.34,0.35,0.58,1,40
2023-24,25,151,Joël Veltman,DEF,Brighton,5,17,0,2024-02-18T14:00:00Z,0,0,0,0,0,0,0,0,0.0,0.0,0.0,0.0,0.0,0.0,0.0,0.0,0,43
2023-24,25,152,Bart Verbruggen,GK,Brighton,5,17,0,2024-02-18T14:00:00Z,90,5,0,0,1,0,0,18,10.6,0.0,0.0,1.1,0.0,0.0,0.0,0.58,1,44
2023-24,25,153,Adam Webster,DEF,Brighton,5,17,0,2024-02-18T14:00:00Z,45,1,0,0,0,0,0,11,8.6,26.2,0.0,3.5,0.0,0.04,0.04,0.19,1,42
2023-24,25,154,Danny Welbeck,FWD,Brighton,5,17,0,2024-02-18T14:00:00Z,80,6,1,0,1,0,0,33,40.0,9.9,56.0,10.6,0.64,0.13,0.77,0.21,1,57
2023-24,25,155,Andi Zeqiri,FWD,Brighton,5,17,0,2024-02-18T14:00:00Z,0,0,0,0,0,0,0,0,0.0,0.0,0.0,0.0,0.0,0.0,0.0,0.0,0,44
2023-24,25,156,Enock Agyei,MID,Burnley,6,1,1,2024-02-17T15:00:00Z,0,0,0,0,0,0,0,0,0.0,0.0,0.0,0.0,0.0,0.0,0.0,0.0,0,42
2023-24,25,157,Ameen Al-Dakhil,DEF,Burnley,6,1,1,2024-02-17T15:00:00Z,0,0,0,0,0,0,0,0,0.0,0.0,0.0,0.0,0.0,0.0,0.0,0.0,0,38
2023-24,25,158,Samuel Bastien,MID,Burnley,6,1,1,2024-02-17T15:00:00Z,0,0,0,0,0,0,0,0,0.0,0.0,0.0,0.0,0.0,0.0,0.0,0.0,0,49
2023-24,25,159,Manuel Benson Hedilazio,MID,Burnley,6,1,1,2024-02-17T15:00:00Z,0,0,0,0,0,0,0,0,0.0,0.0,0.0,0.0,0.0,0.0,0.0,0.0,0,52
2023-24,25,160,Jordan Beyer,DEF,Burnley,6,1,1,2024-02-17T15:00:00Z,0,0,0,0,0,0,0,0,0.0,0.0,0.0,0.0,0.0,0.0,0.0,0.0,0,40
2023-24,25,161,Josh Brownhill,MID,Burnley,6,1,1,2024-02-17T15:00:00Z,90,2,0,0,0,5,0,6,12.6,11.8,1.0,2.5,0.03,0.01,0.04,2.42,1,47
2023-24,25,162,Darko Churlinov,MID,Burnley,6,1,1,2024-02-17T15:00:00Z,0,0,0,0,0,0,0,0,0.0,0.0,0.0,0.0,0.0,0.0,0.0,0.0,0,44
2023-24,25,163,Jack Cork,MID,Burnley,6,1,1,2024-02-17T15:00:00Z,0,0,0,0,0,0,0,0,0.0,0.0,0.0,0.0,0.0,0.0,0.0,0.0,0,48
2023-24,25,164,Dara Costelloe,MID,Burnley,6,1,1,2024-02-17T15:00:00Z,0,0,0,0,0,0,0,0,0.0,0.0,0.0,0.0,0.0,0.0,0.0,0.0,0,45
2023-24,25,165,Josh Cullen,MID,Burnley,6,1,1,2024-02-17T15:00:00Z,0,0,0,0,0,0,0,0,0.0,0.0,0.0,0.0,0.0,0.0,0.0,0.0,0,50
2023-24,25,166,CJ Egan-Riley,DEF,Burnley,6,1,1,2024-02-17T15:00:00Z,0,0,0,0,0,0,0,0,0.0,0.0,0.0,0.0,0.0,0.0,0.0,0.0,0,39
2023-24,25,167,Hjalmar Ekdal,DEF,Burnley,6,1,1,2024-02-17T15:00:00Z,0,0,0,0,0,0,0,0,0.0,0.0,0.0,0.0,0.0,0.0,0.0,0.0,0,39
2023-24,25,168,Lyle Foster,FWD,Burnley,6,1,1,2024-02-17T15:00:00Z,0,0,0,0,0,0,0,0,0.0,0.0,0.0,0.0,0.0,0.0,0.0,0.0,0,47
2023-24,25,169,Denis Franchi,GK,Burnley,6,1,1,2024-02-17T15:00:00Z,0,0,0,0,0,0,0,0,0.0,0.0,0.0,0.0,0.0,0.0,0.0,0.0,0,39
2023-24,25,170,Jóhann Berg Gudmundsson,MID,Burnley,6,1,1,2024-02-17T15:00:00Z,45,1,0,0,0,3,0,6,8.0,39.3,2.0,4.9,0.0,0.1,0.1,1.47,0,48
2023-24,25,171,Luke McNally,DEF,Burnley,6,1,1,2024-02-17T15:00:00Z,0,0,0,0,0,0,0,0,0.0,0.0,0.0,0.0,0.0,0.0,0.0,0.0,0,40
2023-24,25,172,Arijanet Muric,GK,Burnley,6,1,1,2024-02-17T15:00:00Z,0,0,0,0,0,0,0,0,0.0,0.0,0.0,0.0,0.0,0.0,0.0,0.0,0,43
2023-24,25,173,Dara O'Shea,DEF,Burnley,6,1,1,2024-02-17T15:00:00Z,90,0,0,0,0,5,0,11,13.2,0.8,10.0,2.4,0.05,0.01,0.06,2.42,1,44
2023-24,25,174,Michael Obafemi,FWD,Burnley,6,1,1,2024-02-17T15:00:00Z,0,0,0,0,0,0,0,0,0.0,0.0,0.0,0.0,0.0,0.0,0.0,0.0,0,49
2023-24,25,175,Bailey Peacock-Farrell,GK,Burnley,6,1,1,2024-02-17T15:00:00Z,0,0,0,0,0,0,0,0,0.0,0.0,0.0,0.0,0.0,0.0,0.0,0.0,0,40
2023-24,25,176,Connor Roberts,DEF,Burnley,6,1,1,2024-02-17T15:00:00Z,0,0,0,0,0,0,0,0,0.0,0.0,0.0,0.0,0.0,0.0,0.0,0.0,0,43
2023-24,25,177,Jay Rodriguez,FWD,Burnley,6,1,1,2024-02-17T15:00:00Z,27,1,0,0,0,2,0,3,2.2,11.5,2.0,1.6,0.0,0.0,0.0,1.39,0,53
2023-24,25,178,Charlie Taylor,DEF,Burnley,6,1,1,2024-02-17T15:00:00Z,28,0,0,0,0,2,0,5,10.0,8.8,0.0,1.9,0.0,0.03,0.03,1.39,0,40
2023-24,25,179,Bobby Thomas,DEF,Burnley,6,1,1,2024-02-17T15:00:00Z,0,0,0,0,0,0,0,0,0.0,0.0,0.0,0.0,0.0,0.0,0.0,0.0,0,40
2023-24,25,180,Scott Twine,MID,Burnley,6,1,1,2024-02-17T15:00:00Z,0,0,0,0,0,0,0,0,0.0,0.0,0.0,0.0,0.0,0.0,0.0,0.0,0,49
2023-24,25,181,Lawrence Vigouroux,GK,Burnley,6,1,1,2024-02-17T15:00:00Z,0,0,0,0,0,0,0,0,0.0,0.0,0.0,0.0,0.0,0.0,0.0,0.0,0,39
2023-24,25,182,Victor da Silva,DEF,Burnley,6,1,1,2024-02-17T15:00:00Z,11,1,0,0,0,0,0,6,4.0,0.7,5.0,1.0,0.06,0.04,0.1,0.19,0,44
2023-24,25,183,Wout Weghorst,FWD,Burnley,6,1,1,2024-02-17T15:00:00Z,0,0,0,0,0,0,0,0,0.0,0.0,0.0,0.0,0.0,0.0,0.0,0.0,0,55
2023-24,25,184,Anass Zaroury,MID,Burnley,6,1,1,2024-02-17T15:00:00Z,0,0,0,0,0,0,0,0,0.0,0.0,0.0,0.0,0.0,0.0,0.0,0.0,0,46
2023-24,25,185,Ethan Ampadu,DEF,Chelsea,7,13,0,2024-02-17T17:30:00Z,0,0,0,0,0,0,0,0,0.0,0.0,0.0,0.0,0.0,0.0,0.0,0.0,0,40
2023-24,25,186,Andrey Nascimento dos Santos,MID,Chelsea,7,13,0,2024-02-17T17:30:00Z,0,0,0,0,0,0,0,0,0.0,0.0,0.0,0.0,0.0,0.0,0.0,0.0,0,42
2023-24,25,187,Kepa Arrizabalaga,GK,Chelsea,7,13,0,2024-02-17T17:30:00Z,0,0,0,0,0,0,0,0,0.0,0.0,0.0,0.0,0.0,0.0,0.0,0.0,0,50
2023-24,25,188,Pierre-Emerick Aubameyang,FWD,Chelsea,7,13,0,2024-02-17T17:30:00Z,0,0,0,0,0,0,0,0,0.0,0.0,0.0,0.0,0.0,0.0,0.0,0.0,0,65
2023-24,25,189,César Azpilicueta,DEF,Chelsea,7,13,0,2024-02-17T17:30:00Z,0,0,0,0,0,0,0,0,0.0,0.0,0.0,0.0,0.0,0.0,0.0,0.0,0,45
2023-24,25,190,Abdul Rahman Baba,DEF,Chelsea,7,13,0,2024-02-17T17:30:00Z,0,0,0,0,0,0,0,0,0.0,0.0,0.0,0.0,0.0,0.0,0.0,0.0,0,40
2023-24,25,191,Benoît Badiashile,DEF,Chelsea,7,13,0,2024-02-17T17:30:00Z,0,0,0,0,0,0,0,0,0.0,0.0,0.0,0.0,0.0,0.0,0.0,0.0,0,44
2023-24,25,192,Marcus Bettinelli,GK,Chelsea,7,13,0,2024-02-17T17:30:00Z,0,0,0,0,0,0,0,0,0.0,0.0,0.0,0.0,0.0,0.0,0.0,0.0,0,40
2023-24,25,193,Armando Broja,FWD,Fulham,10,2,1,2024-02-17T15:00:00Z,0,0,0,0,0,0,0,0,0.0,0.0,0.0,0.0,0.0,0.0,0.0,0.0,0,49
2023-24,25,194,Trevoh Chalobah,DEF,Chelsea,7,13,0,2024-02-17T17:30:00Z,19,1,0,0,0,1,0,6,8.0,0.1,0.0,0.8,0.0,0.0,0.0,0.78,0,43
2023-24,25,195,Ben Chilwell,DEF,Chelsea,7,13,0,2024-02-17T17:30:00Z,90,2,0,0,0,1,0,7,14.4,1.1,17.0,3.3,0.1,0.0,0.1,2.91,1,54
2023-24,25,196,Carney Chukwuemeka,MID,Chelsea,7,13,0,2024-02-17T17:30:00Z,0,0,0,0,0,0,0,0,0.0,0.0,0.0,0.0,0.0,0.0,0.0,0.0,0,42
2023-24,25,197,Levi Colwill,DEF,Chelsea,7,13,0,2024-02-17T17:30:00Z,90,2,0,0,0,1,0,17,32.6,0.2,0.0,3.3,0.0,0.0,0.0,2.91,1,47
2023-24,25,198,Marc Cucurella Saseta,DEF,Chelsea,7,13,0,2024-02-17T17:30:00Z,0,0,0,0,0,0,0,0,0.0,0.0,0.0,0.0,0.0,0.0,0.0,0.0,0,48
2023-24,25,199,Enzo Fernández,MID,Chelsea,7,13,0,2024-02-17T17:30:00Z,90,2,0,0,0,1,0,11,35.4,15.1,6.0,5.7,0.11,0.25,0.36,2.91,1,48
2023-24,25,200,David Datro Fofana,FWD,Burnley,6,1,1,2024-02-17T15:00:00Z,90,2,0,0,0,5,0,-3,0.0,2.6,7.0,1.0,0.02,0.0,0.02,2.42,1,50
2023-24,25,201,Wesley Fofana,DEF,Chelsea,7,13,0,2024-02-17T17:30:00Z,0,0,0,0,0,0,0,0,0.0,0.0,0.0,0.0,0.0,0.0,0.0,0.0,0,44
2023-24,25,202,Conor Gallagher,MID,Chelsea,7,13,0,2024-02-17T17:30:00Z,90,2,0,0,0,1,0,10,14.8,14.8,6.0,3.6,0.12,0.04,0.16,2.91,1,54
2023-24,25,203,Malo Gusto,DEF,Chelsea,7,13,0,2024-02-17T17:30:00Z,90,2,0,0,0,1,0,19,45.4,30.2,0.0,7.6,0.0,0.19,0.19,2.91,1,42
2023-24,25,204,Lewis Hall,DEF,Newcastle,15,3,1,2024-02-17T15:00:00Z,0,0,0,0,0,0,0,0,0.0,0.0,0.0,0.0,0.0,0.0,0.0,0.0,0,43
2023-24,25,205,Callum Hudson-Odoi,MID,Nott'm Forest,16,19,1,2024-02-17T15:00:00Z,90,11,1,0,1,0,3,39,48.8,49.0,35.0,13.3,0.37,0.28,0.65,0.56,1,47
2023-24,25,206,Reece James,DEF,Chelsea,7,13,0,2024-02-17T17:30:00Z,0,0,0,0,0,0,0,0,0.0,0.0,0.0,0.0,0.0,0.0,0.0,0.0,0,53
2023-24,25,207,Romelu Lukaku Bolingoli,FWD,Chelsea,7,13,0,2024-02-17T17:30:00Z,0,0,0,0,0,0,0,0,0.0,0.0,0.0,0.0,0.0,0.0,0.0,0.0,0,68
2023-24,25,208,Noni Madueke,MID,Chelsea,7,13,0,2024-02-17T17:30:00Z,0,0,0,0,0,0,0,0,0.0,0.0,0.0,0.0,0.0,0.0,0.0,0.0,0,53
2023-24,25,209,Mason Mount,MID,Man Utd,14,12,0,2024-02-18T16:30:00Z,0,0,0,0,0,0,0,0,0.0,0.0,0.0,0.0,0.0,0.0,0.0,0.0,0,68
2023-24,25,210,Mykhailo Mudryk,MID,Chelsea,7,13,0,2024-02-17T17:30:00Z,0,0,0,0,0,0,0,0,0.0,0.0,0.0,0.0,0.0,0.0,0.0,0.0,0,63
2023-24,25,211,Nicolas Jackson,FWD,Chelsea,7,13,0,2024-02-17T17:30:00Z,81,5,0,1,1,0,0,13,29.6,24.3,23.0,7.7,0.6,0.21,0.81,2.57,1,68
2023-24,25,212,Christopher Nkunku,FWD,Chelsea,7,13,0,2024-02-17T17:30:00Z,26,1,0,0,0,1,0,2,5.2,0.1,24.0,2.9,0.21,0.0,0.21,0.94,0,73
2023-24,25,213,Christian Pulisic,MID,Chelsea,7,13,0,2024-02-17T17:30:00Z,0,0,0,0,0,0,0,0,0.0,0.0,0.0,0.0,0.0,0.0,0.0,0.0,0,55
2023-24,25,214,Malang Sarr,DEF,Chelsea,7,13,0,2024-02-17T17:30:00Z,0,0,0,0,0,0,0,0,0.0,0.0,0.0,0.0,0.0,0.0,0.0,0.0,0,43
2023-24,25,215,Gabriel Słonina,GK,Chelsea,7,13,0,2024-02-17T17:30:00Z,0,0,0,0,0,0,0,0,0.0,0.0,0.0,0.0,0.0,0.0,0.0,0.0,0,40
2023-24,25,216,Raheem Sterling,MID,Chelsea,7,13,0,2024-02-17T17:30:00Z,63,8,1,0,1,0,0,21,39.6,0.7,45.0,8.5,0.48,0.0,0.48,1.97,1,69
2023-24,25,217,Thiago Emiliano da Silva,DEF,Chelsea,7,13,0,2024-02-17T17:30:00Z,0,0,0,0,0,0,0,0,0.0,0.0,0.0,0.0,0.0,0.0,0.0,0.0,0,50
2023-24,25,218,Hakim Ziyech,MID,Chelsea,7,13,0,2024-02-17T17:30:00Z,0,0,0,0,0,0,0,0,0.0,0.0,0.0,0.0,0.0,0.0,0.0,0.0,0,54
2023-24,25,219,Naouirou Ahamada,MID,Crystal Palace,8,9,0,2024-02-19T20:00:00Z,18,1,0,0,0,1,0,2,0.0,0.0,0.0,0.0,0.0,0.0,0.0,0.86,0,43
2023-24,25,220,Joachim Andersen,DEF,Crystal Palace,8,9,0,2024-02-19T20:00:00Z,90,2,0,0,0,1,0,12,22.6,1.1,0.0,2.4,0.0,0.01,0.01,1.66,1,47
2023-24,25,221,Jordan Ayew,MID,Crystal Palace,8,9,0,2024-02-19T20:00:00Z,90,6,1,0,0,1,0,16,40.2,4.6,11.0,5.6,0.05,0.04,0.09,1.66,1,54
2023-24,25,222,Nathaniel Clyne,DEF,Crystal Palace,8,9,0,2024-02-19T20:00:00Z,0,0,0,0,0,0,0,0,0.0,0.0,0.0,0.0,0.0,0.0,0.0,0.0,0,44
2023-24,25,223,Cheick Doucouré,MID,Crystal Palace,8,9,0,2024-02-19T20:00:00Z,0,0,0,0,0,0,0,0,0.0,0.0,0.0,0.0,0.0,0.0,0.0,0.0,0,49
2023-24,25,224,Malcolm Ebiowei,MID,Crystal Palace,8,9,0,2024-02-19T20:00:00Z,0,0,0,0,0,0,0,0,0.0,0.0,0.0,0.0,0.0,0.0,0.0,0.0,0,44
2023-24,25,225,Odsonne Edouard,FWD,Crystal Palace,8,9,0,2024-02-19T20:00:00Z,71,2,0,0,1,0,0,3,8.4,3.3,30.0,4.2,0.17,0.05,0.22,0.8,1,54
2023-24,25,226,Eberechi Eze,MID,Crystal Palace,8,9,0,2024-02-19T20:00:00Z,0,0,0,0,0,0,0,0,0.0,0.0,0.0,0.0,0.0,0.0,0.0,0.0,0,60
2023-24,25,227,Vicente Guaita,GK,Crystal Palace,8,9,0,2024-02-19T20:00:00Z,0,0,0,0,0,0,0,0,0.0,0.0,0.0,0.0,0.0,0.0,0.0,0.0,0,44
2023-24,25,228,Marc Guéhi,DEF,Crystal Palace,8,9,0,2024-02-19T20:00:00Z,0,0,0,0,0,0,0,0,0.0,0.0,0.0,0.0,0.0,0.0,0.0,0.0,0,43
2023-24,25,229,Will Hughes,MID,Crystal Palace,8,9,0,2024-02-19T20:00:00Z,0,0,0,0,0,0,0,0,0.0,0.0,0.0,0.0,0.0,0.0,0.0,0.0,0,49
2023-24,25,230,Sam Johnstone,GK,Crystal Palace,8,9,0,2024-02-19T20:00:00Z,90,3,0,0,0,1,0,16,25.4,0.0,0.0,2.5,0.0,0.0,0.0,1.66,1,45
2023-24,25,231,Jefferson Lerma Solís,MID,Crystal Palace,8,9,0,2024-02-19T20:00:00Z,90,1,0,0,0,1,0,5,8.4,1.6,4.0,1.4,0.17,0.01,0.18,1.66,1,47
2023-24,25,232,Jean-Philippe Mateta,FWD,Crystal Palace,8,9,0,2024-02-19T20:00:00Z,90,5,0,1,0,1,0,14,21.8,32.2,12.0,6.6,0.07,0.03,0.1,1.66,1,49
2023-24,25,233,Remi Matthews,GK,Crystal Palace,8,9,0,2024-02-19T20:00:00Z,0,0,0,0,0,0,0,0,0.0,0.0,0.0,0.0,0.0,0.0,0.0,0.0,0,39
2023-24,25,234,Tyrick Mitchell,DEF,Crystal Palace,8,9,0,2024-02-19T20:00:00Z,90,2,0,0,0,1,0,7,21.0,14.6,19.0,5.5,0.07,0.07,0.14,1.66,1,45
2023-24,25,235,Jake O'Brien,DEF,Crystal Palace,8,9,0,2024-02-19T20:00:00Z,0,0,0,0,0,0,0,0,0.0,0.0,0.0,0.0,0.0,0.0,0.0,0.0,0,40
2023-24,25,236,Michael Olise,MID,Crystal Palace,8,9,0,2024-02-19T20:00:00Z,0,0,0,0,0,0,0,0,0.0,0.0,0.0,0.0,0.0,0.0,0.0,0.0,0,58
2023-24,25,237,Luke Plange,FWD,Crystal Palace,8,9,0,2024-02-19T20:00:00Z,0,0,0,0,0,0,0,0,0.0,0.0,0.0,0.0,0.0,0.0,0.0,0.0,0,45
2023-24,25,238,Chris Richards,DEF,Crystal Palace,8,9,0,2024-02-19T20:00:00Z,90,2,0,0,0,1,0,13,24.4,10.8,14.0,4.9,0.09,0.0,0.09,1.66,1,39
2023-24,25,239,Jairo Riedewald,MID,Crystal Palace,8,9,0,2024-02-19T20:00:00Z,0,0,0,0,0,0,0,0,0.0,0.0,0.0,0.0,0.0,0.0,0.0,0.0,0,43
2023-24,25,240,Jeffrey Schlupp,MID,Crystal Palace,8,9,0,2024-02-19T20:00:00Z,0,0,0,0,0,0,0,0,0.0,0.0,0.0,0.0,0.0,0.0,0.0,0.0,0,49
2023-24,25,241,James Tomkins,DEF,Crystal Palace,8,9,0,2024-02-19T20:00:00Z,0,0,0,0,0,0,0,0,0.0,0.0,0.0,0.0,0.0,0.0,0.0,0.0,0,40
2023-24,25,242,Joel Ward,DEF,Crystal Palace,8,9,0,2024-02-19T20:00:00Z,90,2,0,0,0,1,0,11,22.6,3.1,0.0,2.6,0.0,0.0,0.0,1.66,1,45
2023-24,25,243,Joe Whitworth,GK,Crystal Palace,8,9,0,2024-02-19T20:00:00Z,0,0,0,0,0,0,0,0,0.0,0.0,0.0,0.0,0.0,0.0,0.0,0.0,0,39
2023-24,25,244,André Tavares Gomes,MID,Everton,9,8,1,2024-02-19T20:00:00Z,0,0,0,0,0,0,0,0,0.0,0.0,0.0,0.0,0.0,0.0,0.0,0.0,0,44
2023-24,25,245,Jarrad Branthwaite,DEF,Everton,9,8,1,2024-02-19T20:00:00Z,90,2,0,0,0,1,0,16,17.6,1.1,2.0,2.1,0.0,0.01,0.01,0.62,1,42
2023-24,25,246,Dominic Calvert-Lewin,FWD,Everton,9,8,1,2024-02-19T20:00:00Z,90,2,0,0,0,1,0,2,4.2,14.3,19.0,3.8,0.22,0.04,0.26,0.62,1,58
2023-24,25,247,Seamus Coleman,DEF,Everton,9,8,1,2024-02-19T20:00:00Z,0,0,0,0,0,0,0,0,0.0,0.0,0.0,0.0,0.0,0.0,0.0,0.0,0,44
2023-24,25,248,Dele Alli,MID,Everton,9,8,1,2024-02-19T20:00:00Z,0,0,0,0,0,0,0,0,0.0,0.0,0.0,0.0,0.0,0.0,0.0,0.0,0,48
2023-24,25,249,Abdoulaye Doucouré,MID,Everton,9,8,1,2024-02-19T20:00:00Z,71,2,0,0,0,1,0,4,3.4,2.2,36.0,4.2,0.4,0.01,0.41,0.57,1,55
2023-24,25,250,James Garner,MID,Everton,9,8,1,2024-02-19T20:00:00Z,90,3,0,0,0,1,1,17,10.6,20.9,22.0,5.4,0.2,0.06,0.26,0.62,1,49
2023-24,25,251,Jean-Philippe Gbamin,MID,Everton,9,8,1,2024-02-19T20:00:00Z,0,0,0,0,0,0,0,0,0.0,0.0,0.0,0.0,0.0,0.0,0.0,0.0,0,44
2023-24,25,252,Ben Godfrey,DEF,Everton,9,8,1,2024-02-19T20:00:00Z,90,2,0,0,0,1,0,15,26.2,12.9,0.0,3.9,0.0,0.03,0.03,0.62,1,43
2023-24,25,253,Demarai Gray,MID,Everton,9,8,1,2024-02-19T20:00:00Z,0,0,0,0,0,0,0,0,0.0,0.0,0.0,0.0,0.0,0.0,0.0,0.0,0,53
2023-24,25,254,Idrissa Gueye,MID,Everton,9,8,1,2024-02-19T20:00:00Z,65,3,0,0,1,0,0,11,8.8,4.3,10.0,2.3,0.05,0.01,0.06,0.53,1,48
2023-24,25,255,Mason Holgate,DEF,Sheffield Utd,17,5,1,2024-02-18T14:00:00Z,12,-4,0,0,0,5,0,-7,0.0,0.0,0.0,0.0,0.0,0.0,0.0,5.59,1,40
2023-24,25,256,Alex Iwobi,MID,Fulham,10,2,1,2024-02-17T15:00:00Z,45,1,0,0,0,1,0,0,4.2,1.8,21.0,2.7,0.09,0.02,0.11,0.54,0,53
2023-24,25,257,Michael Keane,DEF,Everton,9,8,1,2024-02-19T20:00:00Z,0,0,0,0,0,0,0,0,0.0,0.0,0.0,0.0,0.0,0.0,0.0,0.0,0,43
2023-24,25,258,Neal Maupay,FWD,Brentford,4,13,0,2024-02-20T19:30:00Z,22,1,0,0,0,1,0,1,0.0,0.3,0.0,0.0,0.0,0.0,0.0,0.65,0,49
2023-24,25,259,Dwight McNeil,MID,Everton,9,8,1,2024-02-19T20:00:00Z,90,8,0,1,0,1,3,35,34.8,80.4,4.0,11.9,0.0,0.58,0.58,0.62,1,54
2023-24,25,260,Vitalii Mykolenko,DEF,Everton,9,8,1,2024-02-19T20:00:00Z,90,2,0,0,0,1,0,16,21.4,46.3,7.0,7.5,0.03,0.18,0.21,0.62,1,46
2023-24,25,261,Amadou Onana,MID,Everton,9,8,1,2024-02-19T20:00:00Z,24,8,1,0,0,1,2,21,42.2,1.9,35.0,7.9,0.33,0.09,0.42,0.09,0,47
2023-24,25,262,Nathan Patterson,DEF,Everton,9,8,1,2024-02-19T20:00:00Z,0,0,0,0,0,0,0,0,0.0,0.0,0.0,0.0,0.0,0.0,0.0,0.0,0,44
2023-24,25,263,Jordan Pickford,GK,Everton,9,8,1,2024-02-19T20:00:00Z,90,3,0,0,0,1,1,17,23.4,3.1,0.0,2.7,0.0,0.03,0.03,0.62,1,45
2023-24,25,264,Ellis Simms,FWD,Everton,9,8,1,2024-02-19T20:00:00Z,0,0,0,0,0,0,0,0,0.0,0.0,0.0,0.0,0.0,0.0,0.0,0.0,0,45
2023-24,25,265,James Tarkowski,DEF,Everton,9,8,1,2024-02-19T20:00:00Z,90,2,0,0,0,1,0,15,40.6,5.7,24.0,7.0,0.38,0.04,0.42,0.62,1,46
2023-24,25,266,João Neves Virgínia,GK,Everton,9,8,1,2024-02-19T20:00:00Z,0,0,0,0,0,0,0,0,0.0,0.0,0.0,0.0,0.0,0.0,0.0,0.0,0,39
2023-24,25,267,Andreas Hoelgebaum Pereira,MID,Fulham,10,2,1,2024-02-17T15:00:00Z,74,2,0,0,0,2,0,6,6.8,62.4,3.0,7.2,0.02,0.45,0.47,1.65,1,53
2023-24,25,268,Tom Cairney,MID,Fulham,10,2,1,2024-02-17T15:00:00Z,90,2,0,0,0,2,0,15,8.6,8.6,4.0,2.1,0.0,0.03,0.03,1.65,1,49
2023-24,25,269,Ivan Neves Abreu Cavaleiro,MID,Fulham,10,2,1,2024-02-17T15:00:00Z,0,0,0,0,0,0,0,0,0.0,0.0,0.0,0.0,0.0,0.0,0.0,0.0,0,50
2023-24,25,270,Bobby De Cordova-Reid,MID,Fulham,10,2,1,2024-02-17T15:00:00Z,63,2,0,0,0,2,0,4,0.0,0.6,9.0,0.9,0.11,0.0,0.11,1.57,1,53
2023-24,25,271,Issa Diop,DEF,Fulham,10,2,1,2024-02-17T15:00:00Z,90,1,0,0,0,2,0,10,13.2,0.5,4.0,1.8,0.03,0.0,0.03,1.65,1,44
2023-24,25,272,Tyrese Francois,MID,Fulham,10,2,1,2024-02-17T15:00:00Z,0,0,0,0,0,0,0,0,0.0,0.0,0.0,0.0,0.0,0.0,0.0,0.0,0,44
2023-24,25,273,Anthony Knockaert,MID,Fulham,10,2,1,2024-02-17T15:00:00Z,0,0,0,0,0,0,0,0,0.0,0.0,0.0,0.0,0.0,0.0,0.0,0.0,0,44
2023-24,25,274,Terence Kongolo,DEF,Fulham,10,2,1,2024-02-17T15:00:00Z,0,0,0,0,0,0,0,0,0.0,0.0,0.0,0.0,0.0,0.0,0.0,0.0,0,40
2023-24,25,275,Bernd Leno,GK,Fulham,10,2,1,2024-02-17T15:00:00Z,90,1,0,0,0,2,0,15,14.2,0.0,0.0,1.4,0.0,0.0,0.0,1.65,1,48
2023-24,25,276,Saša Lukić,MID,Fulham,10,2,1,2024-02-17T15:00:00Z,1,0,0,0,0,0,0,-1,0.0,0.3,0.0,0.0,0.0,0.0,0.0,0.0,0,43
2023-24,25,277,Kevin Mbabu,DEF,Fulham,10,2,1,2024-02-17T15:00:00Z,0,0,0,0,0,0,0,0,0.0,0.0,0.0,0.0,0.0,0.0,0.0,0.0,0,40
2023-24,25,278,Aleksandar Mitrović,FWD,Fulham,10,2,1,2024-02-17T15:00:00Z,0,0,0,0,0,0,0,0,0.0,0.0,0.0,0.0,0.0,0.0,0.0,0.0,0,74
2023-24,25,279,Rodrigo Muniz Carvalho,FWD,Fulham,10,2,1,2024-02-17T15:00:00Z,90,8,1,0,0,2,2,27,26.8,14.7,77.0,11.9,0.58,0.21,0.79,1.65,1,44
2023-24,25,280,João Palhinha Gonçalves,MID,Fulham,10,2,1,2024-02-17T15:00:00Z,88,1,0,0,0,2,0,12,13.4,24.4,2.0,4.0,0.03,0.01,0.04,1.65,1,50
2023-24,25,281,Tim Ream,DEF,Fulham,10,2,1,2024-02-17T15:00:00Z,75,1,0,0,0,2,0,15,21.8,0.7,0.0,2.3,0.0,0.01,0.01,1.65,1,45
2023-24,25,282,Harrison Reed,MID,Fulham,10,2,1,2024-02-17T15:00:00Z,0,0,0,0,0,0,0,0,0.0,0.0,0.0,0.0,0.0,0.0,0.0,0.0,0,45
2023-24,25,283,Antonee Robinson,DEF,Fulham,10,2,1,2024-02-17T15:00:00Z,90,5,0,1,0,2,1,21,31.2,27.2,8.0,6.6,0.0,0.13,0.13,1.65,1,44
2023-24,25,284,Marek Rodák,GK,Fulham,10,2,1,2024-02-17T15:00:00Z,0,0,0,0,0,0,0,0,0.0,0.0,0.0,0.0,0.0,0.0,0.0,0.0,0,39
2023-24,25,285,Kenny Tete,DEF,Fulham,10,2,1,2024-02-17T15:00:00Z,0,0,0,0,0,0,0,0,0.0,0.0,0.0,0.0,0.0,0.0,0.0,0.0,0,44
2023-24,25,286,Tosin Adarabioyo,DEF,Fulham,10,2,1,2024-02-17T15:00:00Z,0,0,0,0,0,0,0,0,0.0,0.0,0.0,0.0,0.0,0.0,0.0,0.0,0,43
2023-24,25,287,Carlos Vinícius Alves Morais,FWD,Fulham,10,2,1,2024-02-17T15:00:00Z,0,0,0,0,0,0,0,0,0.0,0.0,0.0,0.0,0.0,0.0,0.0,0.0,0,45
2023-24,25,288,Harry Wilson,MID,Fulham,10,2,1,2024-02-17T15:00:00Z,26,0,0,0,0,0,0,4,7.4,40.9,7.0,5.5,0.02,0.4,0.42,0.08,0,53
2023-24,25,289,Adrián San Miguel del Castillo,GK,Liverpool,11,12,1,2024-02-21T19:30:00Z,0,0,0,0,0,0,0,0,0.0,0.0,0.0,0.0,0.0,0.0,0.0,0.0,0,39
2023-24,25,290,Trent Alexander-Arnold,DEF,Liverpool,11,12,1,2024-02-21T19:30:00Z,0,0,0,0,0,0,0,0,0.0,0.0,0.0,0.0,0.0,0.0,0.0,0.0,0,86
2023-24,25,291,Alisson Ramses Becker,GK,Liverpool,11,12,1,2024-02-21T19:30:00Z,0,0,0,0,0,0,0,0,0.0,0.0,0.0,0.0,0.0,0.0,0.0,0.0,0,58
2023-24,25,292,Stefan Bajcetic,MID,Liverpool,11,12,1,2024-02-21T19:30:00Z,0,0,0,0,0,0,0,0,0.0,0.0,0.0,0.0,0.0,0.0,0.0,0.0,0,47
2023-24,25,293,Darwin Núñez Ribeiro,FWD,Liverpool,11,12,1,2024-02-21T19:30:00Z,0,0,0,0,0,0,0,0,0.0,0.0,0.0,0.0,0.0,0.0,0.0,0.0,0,76
2023-24,25,294,Diogo Teixeira da Silva,MID,Liverpool,11,12,1,2024-02-21T19:30:00Z,0,0,0,0,0,0,0,0,0.0,0.0,0.0,0.0,0.0,0.0,0.0,0.0,0,83
2023-24,25,295,Harvey Elliott,MID,Liverpool,11,12,1,2024-02-21T19:30:00Z,90,10,1,0,0,1,3,40,55.6,91.2,68.0,21.5,0.29,0.4,0.69,1.03,1,48
2023-24,25,296,Fabio Henrique Tavares,MID,Liverpool,11,12,1,2024-02-21T19:30:00Z,0,0,0,0,0,0,0,0,0.0,0.0,0.0,0.0,0.0,0.0,0.0,0.0,0,50
2023-24,25,297,Cody Gakpo,FWD,Liverpool,11,12,1,2024-02-21T19:30:00Z,90,6,1,0,0,1,0,28,48.8,12.5,102.0,16.3,0.84,0.04,0.88,1.03,1,72
2023-24,25,298,Joe Gomez,DEF,Liverpool,11,12,1,2024-02-21T19:30:00Z,90,1,0,0,0,1,0,11,11.4,15.3,3.0,3.0,0.04,0.03,0.07,1.03,1,46
2023-24,25,299,Jordan Henderson,MID,Liverpool,11,12,1,2024-02-21T19:30:00Z,0,0,0,0,0,0,0,0,0.0,0.0,0.0,0.0,0.0,0.0,0.0,0.0,0,50
2023-24,25,300,Curtis Jones,MID,Liverpool,11,12,1,2024-02-21T19:30:00Z,0,0,0,0,0,0,0,0,0.0,0.0,0.0,0.0,0.0,0.0,0.0,0.0,0,49
2023-24,25,301,Caoimhin Kelleher,GK,Liverpool,11,12,1,2024-02-21T19:30:00Z,90,2,0,0,0,1,0,13,18.0,0.0,0.0,1.8,0.0,0.01,0.01,1.03,1,37
2023-24,25,302,Ibrahima Konaté,DEF,Liverpool,11,12,1,2024-02-21T19:30:00Z,0,0,0,0,0,0,0,0,0.0,0.0,0.0,0.0,0.0,0.0,0.0,0.0,0,49
2023-24,25,303,Luis Díaz,MID,Liverpool,11,12,1,2024-02-21T19:30:00Z,88,7,1,0,0,1,0,13,42.4,16.5,92.0,15.1,1.81,0.05,1.86,1.03,1,75
2023-24,25,304,Alexis Mac Allister,MID,Liverpool,11,12,1,2024-02-21T19:30:00Z,88,9,0,2,0,1,1,38,49.6,59.8,2.0,11.1,0.0,0.44,0.44,1.03,1,58
2023-24,25,305,Joel Matip,DEF,Liverpool,11,12,1,2024-02-21T19:30:00Z,0,0,0,0,0,0,0,0,0.0,0.0,0.0,0.0,0.0,0.0,0.0,0.0,0,48
2023-24,25,306,Nathaniel Phillips,DEF,Liverpool,11,12,1,2024-02-21T19:30:00Z,0,0,0,0,0,0,0,0,0.0,0.0,0.0,0.0,0.0,0.0,0.0,0.0,0,40
2023-24,25,307,Andrew Robertson,DEF,Liverpool,11,12,1,2024-02-21T19:30:00Z,22,4,0,1,0,0,0,18,22.4,10.7,0.0,3.3,0.0,0.0,0.0,0.16,0,64
2023-24,25,308,Mohamed Salah,MID,Liverpool,11,12,1,2024-02-21T19:30:00Z,0,0,0,0,0,0,0,0,0.0,0.0,0.0,0.0,0.0,0.0,0.0,0.0,0,130
2023-24,25,309,Dominik Szoboszlai,MID,Liverpool,11,12,1,2024-02-21T19:30:00Z,0,0,0,0,0,0,0,0,0.0,0.0,0.0,0.0,0.0,0.0,0.0,0.0,0,71
2023-24,25,310,Thiago Alcántara do Nascimento,MID,Liverpool,11,12,1,2024-02-21T19:30:00Z,0,0,0,0,0,0,0,0,0.0,0.0,0.0,0.0,0.0,0.0,0.0,0.0,0,47
2023-24,25,311,Konstantinos Tsimikas,DEF,Liverpool,11,12,1,2024-02-21T19:30:00Z,0,0,0,0,0,0,0,0,0.0,0.0,0.0,0.0,0.0,0.0,0.0,0.0,0,45
2023-24,25,312,Sepp van den Berg,DEF,Liverpool,11,12,1,2024-02-21T19:30:00Z,0,0,0,0,0,0,0,0,0.0,0.0,0.0,0.0,0.0,0.0,0.0,0.0,0,40
2023-24,25,313,Virgil van Dijk,DEF,Liverpool,11,12,1,2024-02-21T19:30:00Z,90,8,1,0,0,1,0,28,61.8,1.3,38.0,10.1,0.13,0.02,0.15,1.03,1,64
2023-24,25,314,Elijah Adebayo,FWD,Luton,12,11,0,2024-02-21T19:30:00Z,0,0,0,0,0,0,0,0,0.0,0.0,0.0,0.0,0.0,0.0,0.0,0.0,0,49
2023-24,25,315,Mads Juel Andersen,DEF,Luton,12,11,0,2024-02-21T19:30:00Z,0,0,0,0,0,0,0,0,0.0,0.0,0.0,0.0,0.0,0.0,0.0,0.0,0,39
2023-24,25,316,Amari'i Bell,DEF,Luton,12,11,0,2024-02-21T19:30:00Z,90,0,0,0,0,4,0,12,19.4,11.0,0.0,3.0,0.0,0.01,0.01,3.31,1,39
2023-24,25,317,Luke Berry,MID,Luton,12,11,0,2024-02-21T19:30:00Z,0,0,0,0,0,0,0,0,0.0,0.0,0.0,0.0,0.0,0.0,0.0,0.0,0,46
2023-24,25,318,Reece Burke,DEF,Luton,12,11,0,2024-02-21T19:30:00Z,0,0,0,0,0,0,0,0,0.0,0.0,0.0,0.0,0.0,0.0,0.0,0.0,0,40
2023-24,25,319,Allan Campbell,MID,Luton,12,11,0,2024-02-21T19:30:00Z,0,0,0,0,0,0,0,0,0.0,0.0,0.0,0.0,0.0,0.0,0.0,0.0,0,49
2023-24,25,320,Jordan Clark,MID,Luton,12,11,0,2024-02-21T19:30:00Z,27,1,0,0,0,2,0,3,4.4,0.1,0.0,0.5,0.0,0.0,0.0,1.1,0,48
2023-24,25,321,Alfie Doughty,DEF,Luton,12,11,0,2024-02-21T19:30:00Z,73,0,0,0,0,3,0,0,0.0,1.4,11.0,1.1,0.06,0.01,0.07,2.75,1,46
2023-24,25,322,Luke Freeman,MID,Luton,12,11,0,2024-02-21T19:30:00Z,0,0,0,0,0,0,0,0,0.0,0.0,0.0,0.0,0.0,0.0,0.0,0.0,0,49
2023-24,25,323,Matt Macey,GK,Luton,12,11,0,2024-02-21T19:30:00Z,0,0,0,0,0,0,0,0,0.0,0.0,0.0,0.0,0.0,0.0,0.0,0.0,0,40
2023-24,25,324,John McAtee,FWD,Luton,12,11,0,2024-02-21T19:30:00Z,0,0,0,0,0,0,0,0,0.0,0.0,0.0,0.0,0.0,0.0,0.0,0.0,0,45
2023-24,25,325,Carlos Mendes Gomes,MID,Luton,12,11,0,2024-02-21T19:30:00Z,0,0,0,0,0,0,0,0,0.0,0.0,0.0,0.0,0.0,0.0,0.0,0.0,0,45
2023-24,25,326,Carlton Morris,FWD,Luton,12,11,0,2024-02-21T19:30:00Z,90,2,0,0,0,4,0,7,6.4,12.1,2.0,2.1,0.0,0.01,0.01,3.31,1,50
2023-24,25,327,Admiral Muskwe,FWD,Luton,12,11,0,2024-02-21T19:30:00Z,0,0,0,0,0,0,0,0,0.0,0.0,0.0,0.0,0.0,0.0,0.0,0.0,0,45
2023-24,25,328,Chiedozie Ogbene,FWD,Luton,12,11,0,2024-02-21T19:30:00Z,90,9,1,0,0,4,3,40,50.8,21.1,44.0,11.6,0.7,0.06,0.76,3.31,1,49
2023-24,25,329,Fred Onyedinma,MID,Luton,12,11,0,2024-02-21T19:30:00Z,0,0,0,0,0,0,0,0,0.0,0.0,0.0,0.0,0.0,0.0,0.0,0.0,0,50
2023-24,25,330,Gabriel Osho,DEF,Luton,12,11,0,2024-02-21T19:30:00Z,90,0,0,0,0,4,0,8,29.8,10.1,2.0,4.2,0.0,0.0,0.0,3.31,1,44
2023-24,25,331,Aribim Pepple,FWD,Luton,12,11,0,2024-02-21T19:30:00Z,0,0,0,0,0,0,0,0,0.0,0.0,0.0,0.0,0.0,0.0,0.0,0.0,0,45
2023-24,25,332,Dion Pereira,MID,Luton,12,11,0,2024-02-21T19:30:00Z,0,0,0,0,0,0,0,0,0.0,0.0,0.0,0.0,0.0,0.0,0.0,0.0,0,44
2023-24,25,333,Dan Potts,DEF,Luton,12,11,0,2024-02-21T19:30:00Z,0,0,0,0,0,0,0,0,0.0,0.0,0.0,0.0,0.0,0.0,0.0,0.0,0,39
2023-24,25,334,Glen Rea,MID,Luton,12,11,0,2024-02-21T19:30:00Z,0,0,0,0,0,0,0,0,0.0,0.0,0.0,0.0,0.0,0.0,0.0,0.0,0,44
2023-24,25,335,James Shea,GK,Luton,12,11,0,2024-02-21T19:30:00Z,0,0,0,0,0,0,0,0,0.0,0.0,0.0,0.0,0.0,0.0,0.0,0.0,0,43
2023-24,25,336,Joe Taylor,FWD,Luton,12,11,0,2024-02-21T19:30:00Z,0,0,0,0,0,0,0,0,0.0,0.0,0.0,0.0,0.0,0.0,0.0,0.0,0,45
2023-24,25,337,Elliot Thorpe,MID,Luton,12,11,0,2024-02-21T19:30:00Z,0,0,0,0,0,0,0,0,0.0,0.0,0.0,0.0,0.0,0.0,0.0,0.0,0,45
2023-24,25,338,Jack Walton,GK,Luton,12,11,0,2024-02-21T19:30:00Z,0,0,0,0,0,0,0,0,0.0,0.0,0.0,0.0,0.0,0.0,0.0,0.0,0,40
2023-24,25,339,Louie Watson,MID,Luton,12,11,0,2024-02-21T19:30:00Z,0,0,0,0,0,0,0,0,0.0,0.0,0.0,0.0,0.0,0.0,0.0,0.0,0,44
2023-24,25,340,Cauley Woodrow,FWD,Luton,12,11,0,2024-02-21T19:30:00Z,57,0,0,0,0,1,0,3,13.0,11.0,8.0,3.2,0.09,0.01,0.1,1.79,1,43
2023-24,25,341,Manuel Akanji,DEF,Man City,13,4,1,2024-02-20T19:30:00Z,90,9,0,0,1,0,3,33,29.2,26.5,15.0,7.1,0.05,0.17,0.22,0.34,1,49
2023-24,25,342,Nathan Aké,DEF,Man City,13,4,1,2024-02-20T19:30:00Z,0,0,0,0,0,0,0,0,0.0,0.0,0.0,0.0,0.0,0.0,0.0,0.0,0,51
2023-24,25,343,Julián Álvarez,FWD,Man City,13,4,1,2024-02-20T19:30:00Z,88,5,0,1,1,0,0,23,18.0,42.3,10.0,7.0,0.14,0.13,0.27,0.34,1,67
2023-24,25,344,Bernardo Veiga de Carvalho e Silva,MID,Man City,13,4,1,2024-02-20T19:30:00Z,90,3,0,0,1,0,0,15,14.6,72.3,18.0,10.5,0.25,0.41,0.66,0.34,1,64
2023-24,25,345,Oscar Bobb,MID,Man City,13,4,1,2024-02-20T19:30:00Z,60,3,0,0,1,0,0,12,11.2,36.6,15.0,6.3,0.34,0.15,0.49,0.32,1,44
2023-24,25,346,João Cancelo,DEF,Man City,13,4,1,2024-02-20T19:30:00Z,0,0,0,0,0,0,0,0,0.0,0.0,0.0,0.0,0.0,0.0,0.0,0.0,0,58
2023-24,25,347,Scott Carson,GK,Man City,13,4,1,2024-02-20T19:30:00Z,0,0,0,0,0,0,0,0,0.0,0.0,0.0,0.0,0.0,0.0,0.0,0.0,0,38
2023-24,25,348,Shea Charles,MID,Man City,13,4,1,2024-02-20T19:30:00Z,0,0,0,0,0,0,0,0,0.0,0.0,0.0,0.0,0.0,0.0,0.0,0.0,0,45
2023-24,25,349,Kevin De Bruyne,MID,Man City,13,4,1,2024-02-20T19:30:00Z,0,0,0,0,0,0,0,0,0.0,0.0,0.0,0.0,0.0,0.0,0.0,0.0,0,108
2023-24,25,350,Rúben Gato Alves Dias,DEF,Man City,13,4,1,2024-02-20T19:30:00Z,90,6,0,0,1,0,0,23,24.8,3.9,50.0,7.9,0.17,0.03,0.2,0.34,1,55
2023-24,25,351,Tommy Doyle,MID,Wolves,20,18,0,2024-02-17T15:00:00Z,0,0,0,0,0,0,0,0,0.0,0.0,0.0,0.0,0.0,0.0,0.0,0.0,0,44
2023-24,25,352,Ederson Santana de Moraes,GK,Man City,13,4,1,2024-02-20T19:30:00Z,90,6,0,0,1,0,0,24,19.2,0.0,0.0,1.9,0.0,0.0,0.0,0.34,1,55
2023-24,25,353,Phil Foden,MID,Man City,13,4,1,2024-02-20T19:30:00Z,90,3,0,0,1,0,0,13,22.2,59.9,84.0,16.6,0.31,0.22,0.53,0.34,1,80
2023-24,25,354,Jack Grealish,MID,Man City,13,4,1,2024-02-20T19:30:00Z,0,0,0,0,0,0,0,0,0.0,0.0,0.0,0.0,0.0,0.0,0.0,0.0,0,72
2023-24,25,355,Erling Haaland,FWD,Man City,13,4,1,2024-02-20T19:30:00Z,90,8,1,0,1,0,2,31,40.4,3.8,62.0,10.6,0.86,0.21,1.07,0.34,1,144
2023-24,25,356,Mateo Kovačić,MID,Man City,13,4,1,2024-02-20T19:30:00Z,1,1,0,0,0,0,0,5,2.4,0.8,0.0,0.3,0.0,0.0,0.0,0.0,0,47
2023-24,25,357,Aymeric Laporte,DEF,Man City,13,4,1,2024-02-20T19:30:00Z,0,0,0,0,0,0,0,0,0.0,0.0,0.0,0.0,0.0,0.0,0.0,0.0,0,49
2023-24,25,358,Rico Lewis,DEF,Man City,13,4,1,2024-02-20T19:30:00Z,0,0,0,0,0,0,0,0,0.0,0.0,0.0,0.0,0.0,0.0,0.0,0.0,0,43
2023-24,25,359,Riyad Mahrez,MID,Man City,13,4,1,2024-02-20T19:30:00Z,0,0,0,0,0,0,0,0,0.0,0.0,0.0,0.0,0.0,0.0,0.0,0.0,0,75
2023-24,25,360,James McAtee,MID,Sheffield Utd,17,5,1,2024-02-18T14:00:00Z,78,2,0,0,0,4,0,2,4.6,15.1,6.0,2.6,0.0,0.07,0.07,2.72,1,44
2023-24,25,361,Stefan Ortega Moreno,GK,Man City,13,4,1,2024-02-20T19:30:00Z,0,0,0,0,0,0,0,0,0.0,0.0,0.0,0.0,0.0,0.0,0.0,0.0,0,37
2023-24,25,362,Cole Palmer,MID,Chelsea,7,13,0,2024-02-17T17:30:00Z,70,2,0,0,1,0,0,3,6.2,5.1,0.0,1.1,0.0,0.24,0.24,2.13,1,58
2023-24,25,363,Máximo Perrone,MID,Man City,13,4,1,2024-02-20T19:30:00Z,0,0,0,0,0,0,0,0,0.0,0.0,0.0,0.0,0.0,0.0,0.0,0.0,0,44
2023-24,25,364,Kalvin Phillips,MID,West Ham,19,16,0,2024-02-17T15:00:00Z,70,-1,0,0,0,2,0,1,2.0,4.8,17.0,2.4,0.11,0.01,0.12,3.97,1,47
2023-24,25,365,Rodrigo Hernandez,MID,Man City,13,4,1,2024-02-20T19:30:00Z,90,3,0,0,1,0,0,22,27.2,68.6,19.0,11.5,0.14,0.34,0.48,0.34,1,56
2023-24,25,366,Sergio Gómez,DEF,Man City,13,4,1,2024-02-20T19:30:00Z,0,0,0,0,0,0,0,0,0.0,0.0,0.0,0.0,0.0,0.0,0.0,0.0,0,38
2023-24,25,367,Zack Steffen,GK,Man City,13,4,1,2024-02-20T19:30:00Z,0,0,0,0,0,0,0,0,0.0,0.0,0.0,0.0,0.0,0.0,0.0,0.0,0,39
2023-24,25,368,John Stones,DEF,Man City,13,4,1,2024-02-20T19:30:00Z,90,5,0,0,1,0,0,23,13.6,9.7,17.0,4.0,0.2,0.1,0.3,0.34,1,53
2023-24,25,369,Kyle Walker,DEF,Man City,13,4,1,2024-02-20T19:30:00Z,90,5,0,0,1,0,0,22,6.8,23.5,4.0,3.4,0.0,0.19,0.19,0.34,1,55
2023-24,25,370,Alex Telles,DEF,Man Utd,14,12,0,2024-02-18T16:30:00Z,0,0,0,0,0,0,0,0,0.0,0.0,0.0,0.0,0.0,0.0,0.0,0.0,0,45
2023-24,25,371,Amad Diallo,MID,Man Utd,14,12,0,2024-02-18T16:30:00Z,0,0,0,0,0,0,0,0,0.0,0.0,0.0,0.0,0.0,0.0,0.0,0.0,0,44
2023-24,25,372,Antony Matheus dos Santos,MID,Man Utd,14,12,0,2024-02-18T16:30:00Z,0,0,0,0,0,0,0,0,0.0,0.0,0.0,0.0,0.0,0.0,0.0,0.0,0,68
2023-24,25,373,Bruno Borges Fernandes,MID,Man Utd,14,12,0,2024-02-18T16:30:00Z,90,2,0,0,0,1,0,10,22.4,28.0,27.0,7.7,0.54,0.05,0.59,1.74,1,82
2023-24,25,374,Brandon Williams,DEF,Man Utd,14,12,0,2024-02-18T16:30:00Z,0,0,0,0,0,0,0,0,0.0,0.0,0.0,0.0,0.0,0.0,0.0,0.0,0,40
2023-24,25,375,Eric Bailly,DEF,Man Utd,14,12,0,2024-02-18T16:30:00Z,0,0,0,0,0,0,0,0,0.0,0.0,0.0,0.0,0.0,0.0,0.0,0.0,0,40
2023-24,25,376,Carlos Henrique Casimiro,MID,Man Utd,14,12,0,2024-02-18T16:30:00Z,45,0,0,0,0,1,0,-3,9.0,0.6,6.0,1.6,0.02,0.01,0.03,1.13,1,53
2023-24,25,377,Diogo Dalot Teixeira,DEF,Man Utd,14,12,0,2024-02-18T16:30:00Z,90,2,0,0,0,1,0,17,24.2,11.7,11.0,4.7,0.03,0.02,0.05,1.74,1,51
2023-24,25,378,Anthony Elanga,MID,Nott'm Forest,16,19,1,2024-02-17T15:00:00Z,90,6,0,1,1,0,0,18,33.0,46.9,48.0,12.8,0.98,0.4,1.38,0.56,1,51
2023-24,25,379,Christian Eriksen,MID,Man Utd,14,12,0,2024-02-18T16:30:00Z,0,0,0,0,0,0,0,0,0.0,0.0,0.0,0.0,0.0,0.0,0.0,0.0,0,58
2023-24,25,380,Álvaro Fernández Carreras,DEF,Man Utd,14,12,0,2024-02-18T16:30:00Z,0,0,0,0,0,0,0,0,0.0,0.0,0.0,0.0,0.0,0.0,0.0,0.0,0,40
2023-24,25,381,Frederico Rodrigues de Paula Santos,MID,Man Utd,14,12,0,2024-02-18T16:30:00Z,0,0,0,0,0,0,0,0,0.0,0.0,0.0,0.0,0.0,0.0,0.0,0.0,0,50
2023-24,25,382,Alejandro Garnacho,MID,Man Utd,14,12,0,2024-02-18T16:30:00Z,90,5,0,1,0,1,0,18,27.6,56.0,67.0,15.1,0.79,0.25,1.04,1.74,1,49
2023-24,25,383,Hannibal Mejbri,MID,Man Utd,14,12,0,2024-02-18T16:30:00Z,0,0,0,0,0,0,0,0,0.0,0.0,0.0,0.0,0.0,0.0,0.0,0.0,0,43
2023-24,25,384,Tom Heaton,GK,Man Utd,14,12,0,2024-02-18T16:30:00Z,0,0,0,0,0,0,0,0,0.0,0.0,0.0,0.0,0.0,0.0,0.0,0.0,0,40
2023-24,25,385,Dean Henderson,GK,Crystal Palace,8,9,0,2024-02-19T20:00:00Z,0,0,0,0,0,0,0,0,0.0,0.0,0.0,0.0,0.0,0.0,0.0,0.0,0,44
2023-24,25,386,Victor Lindelöf,DEF,Man Utd,14,12,0,2024-02-18T16:30:00Z,45,0,0,0,0,0,0,1,0.0,0.0,0.0,0.0,0.0,0.0,0.0,0.61,0,45
2023-24,25,387,Harry Maguire,DEF,Man Utd,14,12,0,2024-02-18T16:30:00Z,45,0,0,0,0,1,0,-3,2.6,10.3,0.0,1.3,0.0,0.01,0.01,1.13,1,42
2023-24,25,388,Kobbie Mainoo,MID,Man Utd,14,12,0,2024-02-18T16:30:00Z,90,1,0,0,0,1,0,13,10.6,23.8,0.0,3.4,0.0,0.02,0.02,1.74,1,44
2023-24,25,389,Tyrell Malacia,DEF,Man Utd,14,12,0,2024-02-18T16:30:00Z,0,0,0,0,0,0,0,0,0.0,0.0,0.0,0.0,0.0,0.0,0.0,0.0,0,43
2023-24,25,390,Anthony Martial,FWD,Man Utd,14,12,0,2024-02-18T16:30:00Z,0,0,0,0,0,0,0,0,0.0,0.0,0.0,0.0,0.0,0.0,0.0,0.0,0,64
2023-24,25,391,Lisandro Martínez,DEF,Man Utd,14,12,0,2024-02-18T16:30:00Z,0,0,0,0,0,0,0,0,0.0,0.0,0.0,0.0,0.0,0.0,0.0,0.0,0,47
2023-24,25,392,Scott McTominay,MID,Man Utd,14,12,0,2024-02-18T16:30:00Z,45,1,0,0,0,0,0,1,11.4,1.0,2.0,1.4,0.0,0.01,0.01,0.61,0,46
2023-24,25,393,Teden Mengi,DEF,Luton,12,11,0,2024-02-21T19:30:00Z,90,0,0,0,0,4,0,8,32.0,0.0,2.0,3.4,0.0,0.0,0.0,3.31,1,39
2023-24,25,394,Facundo Pellistri Rebollo,MID,Man Utd,14,12,0,2024-02-18T16:30:00Z,0,0,0,0,0,0,0,0,0.0,0.0,0.0,0.0,0.0,0.0,0.0,0.0,0,42
2023-24,25,395,Raphaël Varane,DEF,Man Utd,14,12,0,2024-02-18T16:30:00Z,90,2,0,0,0,1,0,10,21.2,0.2,0.0,2.1,0.0,0.0,0.0,1.74,1,49
2023-24,25,396,Marcus Rashford,MID,Man Utd,14,12,0,2024-02-18T16:30:00Z,90,2,0,0,0,1,0,9,12.4,25.3,23.0,6.1,0.26,0.25,0.51,1.74,1,84
2023-24,25,397,Jadon Sancho,MID,Man Utd,14,12,0,2024-02-18T16:30:00Z,0,0,0,0,0,0,0,0,0.0,0.0,0.0,0.0,0.0,0.0,0.0,0.0,0,67
2023-24,25,398,Luke Shaw,DEF,Man Utd,14,12,0,2024-02-18T16:30:00Z,45,0,0,0,0,1,0,0,3.0,0.6,0.0,0.4,0.0,0.0,0.0,1.13,1,52
2023-24,25,399,Shola Shoretire,FWD,Man Utd,14,12,0,2024-02-18T16:30:00Z,0,0,0,0,0,0,0,0,0.0,0.0,0.0,0.0,0.0,0.0,0.0,0.0,0,44
2023-24,25,400,Donny van de Beek,MID,Man Utd,14,12,0,2024-02-18T16:30:00Z,0,0,0,0,0,0,0,0,0.0,0.0,0.0,0.0,0.0,0.0,0.0,0.0,0,47
2023-24,25,401,Aaron Wan-Bissaka,DEF,Man Utd,14,12,0,2024-02-18T16:30:00Z,0,0,0,0,0,0,0,0,0.0,0.0,0.0,0.0,0.0,0.0,0.0,0.0,0,44
2023-24,25,402,Miguel Almirón Rejala,MID,Newcastle,15,3,1,2024-02-17T15:00:00Z,90,2,0,0,0,2,0,7,0.0,21.3,22.0,4.2,0.26,0.25,0.51,2.47,1,61
2023-24,25,403,Elliot Anderson,MID,Newcastle,15,3,1,2024-02-17T15:00:00Z,0,0,0,0,0,0,0,0,0.0,0.0,0.0,0.0,0.0,0.0,0.0,0.0,0,42
2023-24,25,404,Harrison Ashby,DEF,Newcastle,15,3,1,2024-02-17T15:00:00Z,0,0,0,0,0,0,0,0,0.0,0.0,0.0,0.0,0.0,0.0,0.0,0.0,0,40
2023-24,25,405,Sven Botman,DEF,Newcastle,15,3,1,2024-02-17T15:00:00Z,90,1,0,0,0,2,0,13,20.0,0.8,4.0,2.5,0.0,0.0,0.0,2.59,1,45
2023-24,25,406,Bruno Guimarães Rodriguez Moura,MID,Newcastle,15,3,1,2024-02-17T15:00:00Z,90,2,0,0,0,2,0,8,20.0,43.9,15.0,7.9,0.05,0.29,0.34,2.59,1,58
2023-24,25,407,Dan Burn,DEF,Newcastle,15,3,1,2024-02-17T15:00:00Z,70,1,0,0,0,2,0,11,8.4,0.8,8.0,1.7,0.07,0.0,0.07,2.45,1,44
2023-24,25,408,Karl Darlow,GK,Newcastle,15,3,1,2024-02-17T15:00:00Z,0,0,0,0,0,0,0,0,0.0,0.0,0.0,0.0,0.0,0.0,0.0,0.0,0,40
2023-24,25,409,Martin Dubravka,GK,Newcastle,15,3,1,2024-02-17T15:00:00Z,90,2,0,0,0,2,0,13,23.4,0.0,0.0,2.3,0.0,0.0,0.0,2.59,1,42
2023-24,25,410,Ryan Fraser,MID,Newcastle,15,3,1,2024-02-17T15:00:00Z,0,0,0,0,0,0,0,0,0.0,0.0,0.0,0.0,0.0,0.0,0.0,0.0,0,49
2023-24,25,411,Mark Gillespie,GK,Newcastle,15,3,1,2024-02-17T15:00:00Z,0,0,0,0,0,0,0,0,0.0,0.0,0.0,0.0,0.0,0.0,0.0,0.0,0,39
2023-24,25,412,Anthony Gordon,MID,Newcastle,15,3,1,2024-02-17T15:00:00Z,90,8,1,0,0,2,1,22,40.6,35.1,45.0,12.1,1.06,0.03,1.09,2.59,1,61
2023-24,25,413,Isaac Hayden,MID,Newcastle,15,3,1,2024-02-17T15:00:00Z,0,0,0,0,0,0,0,0,0.0,0.0,0.0,0.0,0.0,0.0,0.0,0.0,0,44
2023-24,25,414,Jeff Hendrick,MID,Newcastle,15,3,1,2024-02-17T15:00:00Z,0,0,0,0,0,0,0,0,0.0,0.0,0.0,0.0,0.0,0.0,0.0,0.0,0,44
2023-24,25,415,Alexander Isak,FWD,Newcastle,15,3,1,2024-02-17T15:00:00Z,0,0,0,0,0,0,0,0,0.0,0.0,0.0,0.0,0.0,0.0,0.0,0.0,0,75
2023-24,25,416,Joelinton Cássio Apolinário de Lira,MID,Newcastle,15,3,1,2024-02-17T15:00:00Z,0,0,0,0,0,0,0,0,0.0,0.0,0.0,0.0,0.0,0.0,0.0,0.0,0,58
2023-24,25,417,Emil Krafth,DEF,Newcastle,15,3,1,2024-02-17T15:00:00Z,0,0,0,0,0,0,0,0,0.0,0.0,0.0,0.0,0.0,0.0,0.0,0.0,0,44
2023-24,25,418,Garang Kuol,MID,Newcastle,15,3,1,2024-02-17T15:00:00Z,0,0,0,0,0,0,0,0,0.0,0.0,0.0,0.0,0.0,0.0,0.0,0.0,0,45
2023-24,25,419,Jamaal Lascelles,DEF,Newcastle,15,3,1,2024-02-17T15:00:00Z,0,0,0,0,0,0,0,0,0.0,0.0,0.0,0.0,0.0,0.0,0.0,0.0,0,40
2023-24,25,420,Jamal Lewis,DEF,Newcastle,15,3,1,2024-02-17T15:00:00Z,0,0,0,0,0,0,0,0,0.0,0.0,0.0,0.0,0.0,0.0,0.0,0.0,0,40
2023-24,25,421,Sean Longstaff,MID,Newcastle,15,3,1,2024-02-17T15:00:00Z,90,2,0,0,0,2,0,16,10.2,24.7,2.0,3.7,0.0,0.06,0.06,2.59,1,48
2023-24,25,422,Javier Manquillo Gaitán,DEF,Newcastle,15,3,1,2024-02-17T15:00:00Z,0,0,0,0,0,0,0,0,0.0,0.0,0.0,0.0,0.0,0.0,0.0,0.0,0,40
2023-24,25,423,Jacob Murphy,MID,Newcastle,15,3,1,2024-02-17T15:00:00Z,23,1,0,0,0,1,0,3,2.8,14.2,4.0,2.1,0.07,0.02,0.09,0.21,0,48
2023-24,25,424,Nick Pope,GK,Newcastle,15,3,1,2024-02-17T15:00:00Z,0,0,0,0,0,0,0,0,0.0,0.0,0.0,0.0,0.0,0.0,0.0,0.0,0,53
2023-24,25,425,Matt Ritchie,MID,Newcastle,15,3,1,2024-02-17T15:00:00Z,1,6,1,0,0,0,0,21,33.4,0.5,35.0,6.9,0.6,0.0,0.6,0.11,0,43
2023-24,25,426,Allan Saint-Maximin,MID,Newcastle,15,3,1,2024-02-17T15:00:00Z,0,0,0,0,0,0,0,0,0.0,0.0,0.0,0.0,0.0,0.0,0.0,0.0,0,60
2023-24,25,427,Fabian Schär,DEF,Newcastle,15,3,1,2024-02-17T15:00:00Z,90,3,0,1,0,2,0,15,11.8,5.3,13.0,3.0,0.06,0.11,0.17,2.59,1,53
2023-24,25,428,Matt Targett,DEF,Newcastle,15,3,1,2024-02-17T15:00:00Z,0,0,0,0,0,0,0,0,0.0,0.0,0.0,0.0,0.0,0.0,0.0,0.0,0,42
2023-24,25,429,Sandro Tonali,MID,Newcastle,15,3,1,2024-02-17T15:00:00Z,0,0,0,0,0,0,0,0,0.0,0.0,0.0,0.0,0.0,0.0,0.0,0.0,0,52
2023-24,25,430,Kieran Trippier,DEF,Newcastle,15,3,1,2024-02-17T15:00:00Z,90,1,0,0,0,2,0,11,19.6,31.0,6.0,5.7,0.0,0.41,0.41,2.59,1,69
2023-24,25,431,Kell Watts,DEF,Newcastle,15,3,1,2024-02-17T15:00:00Z,0,0,0,0,0,0,0,0,0.0,0.0,0.0,0.0,0.0,0.0,0.0,0.0,0,40
2023-24,25,432,Joe Willock,MID,Newcastle,15,3,1,2024-02-17T15:00:00Z,0,0,0,0,0,0,0,0,0.0,0.0,0.0,0.0,0.0,0.0,0.0,0.0,0,53
2023-24,25,433,Callum Wilson,FWD,Newcastle,15,3,1,2024-02-17T15:00:00Z,0,0,0,0,0,0,0,0,0.0,0.0,0.0,0.0,0.0,0.0,0.0,0.0,0,78
2023-24,25,434,Brandon Aguilera Zamora,MID,Nott'm Forest,16,19,1,2024-02-17T15:00:00Z,0,0,0,0,0,0,0,0,0.0,0.0,0.0,0.0,0.0,0.0,0.0,0.0,0,45
2023-24,25,435,Harry Arter,MID,Nott'm Forest,16,19,1,2024-02-17T15:00:00Z,0,0,0,0,0,0,0,0,0.0,0.0,0.0,0.0,0.0,0.0,0.0,0.0,0,43
2023-24,25,436,Serge Aurier,DEF,Nott'm Forest,16,19,1,2024-02-17T15:00:00Z,0,0,0,0,0,0,0,0,0.0,0.0,0.0,0.0,0.0,0.0,0.0,0.0,0,45
2023-24,25,437,Taiwo Awoniyi,FWD,Nott'm Forest,16,19,1,2024-02-17T15:00:00Z,66,7,1,0,1,0,2,27,33.2,2.9,61.0,9.7,0.71,0.0,0.71,0.45,1,63
2023-24,25,438,Giulian Biancone,DEF,Nott'm Forest,16,19,1,2024-02-17T15:00:00Z,0,0,0,0,0,0,0,0,0.0,0.0,0.0,0.0,0.0,0.0,0.0,0.0,0,39
2023-24,25,439,Willy Boly,DEF,Nott'm Forest,16,19,1,2024-02-17T15:00:00Z,0,0,0,0,0,0,0,0,0.0,0.0,0.0,0.0,0.0,0.0,0.0,0.0,0,45
2023-24,25,440,Josh Bowler,MID,Nott'm Forest,16,19,1,2024-02-17T15:00:00Z,0,0,0,0,0,0,0,0,0.0,0.0,0.0,0.0,0.0,0.0,0.0,0.0,0,45
2023-24,25,441,Steve Cook,DEF,Nott'm Forest,16,19,1,2024-02-17T15:00:00Z,0,0,0,0,0,0,0,0,0.0,0.0,0.0,0.0,0.0,0.0,0.0,0.0,0,45
2023-24,25,442,Danilo dos Santos de Oliveira,MID,Nott'm Forest,16,19,1,2024-02-17T15:00:00Z,90,3,0,0,1,0,0,13,27.6,5.8,22.0,5.5,0.21,0.03,0.24,0.56,1,53
2023-24,25,443,Emmanuel Dennis,FWD,Nott'm Forest,16,19,1,2024-02-17T15:00:00Z,0,0,0,0,0,0,0,0,0.0,0.0,0.0,0.0,0.0,0.0,0.0,0.0,0,48
2023-24,25,444,Mohamed Dräger,DEF,Nott'm Forest,16,19,1,2024-02-17T15:00:00Z,0,0,0,0,0,0,0,0,0.0,0.0,0.0,0.0,0.0,0.0,0.0,0.0,0,40
2023-24,25,445,Felipe Augusto de Almeida Monteiro,DEF,Nott'm Forest,16,19,1,2024-02-17T15:00:00Z,90,6,0,0,1,0,0,20,10.4,10.4,2.0,2.3,0.0,0.02,0.02,0.56,1,44
2023-24,25,446,Remo Freuler,MID,Nott'm Forest,16,19,1,2024-02-17T15:00:00Z,0,0,0,0,0,0,0,0,0.0,0.0,0.0,0.0,0.0,0.0,0.0,0.0,0,49
2023-24,25,447,Morgan Gibbs-White,MID,Nott'm Forest,16,19,1,2024-02-17T15:00:00Z,90,2,0,0,1,0,0,6,9.0,29.4,19.0,5.7,0.17,0.22,0.39,0.55,1,57
2023-24,25,448,Wayne Hennessey,GK,Nott'm Forest,16,19,1,2024-02-17T15:00:00Z,0,0,0,0,0,0,0,0,0.0,0.0,0.0,0.0,0.0,0.0,0.0,0.0,0,40
2023-24,25,449,Ethan Horvath,GK,Nott'm Forest,16,19,1,2024-02-17T15:00:00Z,0,0,0,0,0,0,0,0,0.0,0.0,0.0,0.0,0.0,0.0,0.0,0.0,0,43
2023-24,25,450,Brennan Johnson,MID,Spurs,18,20,1,2024-02-17T15:00:00Z,19,1,0,0,0,0,0,1,5.0,1.5,10.0,1.7,0.0,0.01,0.01,0.27,0,58
2023-24,25,451,Cheikhou Kouyaté,MID,Nott'm Forest,16,19,1,2024-02-17T15:00:00Z,0,0,0,0,0,0,0,0,0.0,0.0,0.0,0.0,0.0,0.0,0.0,0.0,0,48
2023-24,25,452,Richie Laryea,DEF,Nott'm Forest,16,19,1,2024-02-17T15:00:00Z,0,0,0,0,0,0,0,0,0.0,0.0,0.0,0.0,0.0,0.0,0.0,0.0,0,45
2023-24,25,453,Orel Mangala,MID,Nott'm Forest,16,19,1,2024-02-17T15:00:00Z,0,0,0,0,0,0,0,0,0.0,0.0,0.0,0.0,0.0,0.0,0.0,0.0,0,50
2023-24,25,454,Loïc Mbe Soh,DEF,Nott'm Forest,16,19,1,2024-02-17T15:00:00Z,0,0,0,0,0,0,0,0,0.0,0.0,0.0,0.0,0.0,0.0,0.0,0.0,0,40
2023-24,25,455,Scott McKenna,DEF,Nott'm Forest,16,19,1,2024-02-17T15:00:00Z,0,0,0,0,0,0,0,0,0.0,0.0,0.0,0.0,0.0,0.0,0.0,0.0,0,44
2023-24,25,456,Alex Mighten,MID,Nott'm Forest,16,19,1,2024-02-17T15:00:00Z,0,0,0,0,0,0,0,0,0.0,0.0,0.0,0.0,0.0,0.0,0.0,0.0,0,44
2023-24,25,457,Moussa Niakhaté,DEF,Nott'm Forest,16,19,1,2024-02-17T15:00:00Z,0,0,0,0,0,0,0,0,0.0,0.0,0.0,0.0,0.0,0.0,0.0,0.0,0,45
2023-24,25,458,Lewis O'Brien,MID,Nott'm Forest,16,19,1,2024-02-17T15:00:00Z,0,0,0,0,0,0,0,0,0.0,0.0,0.0,0.0,0.0,0.0,0.0,0.0,0,49
2023-24,25,459,Braian Ojeda Rodríguez,MID,Nott'm Forest,16,19,1,2024-02-17T15:00:00Z,0,0,0,0,0,0,0,0,0.0,0.0,0.0,0.0,0.0,0.0,0.0,0.0,0,45
2023-24,25,460,Jonathan Panzo,DEF,Nott'm Forest,16,19,1,2024-02-17T15:00:00Z,0,0,0,0,0,0,0,0,0.0,0.0,0.0,0.0,0.0,0.0,0.0,0.0,0,40
2023-24,25,461,Omar Richards,DEF,Nott'm Forest,16,19,1,2024-02-17T15:00:00Z,0,0,0,0,0,0,0,0,0.0,0.0,0.0,0.0,0.0,0.0,0.0,0.0,0,44
2023-24,25,462,Gustavo Henrique Furtado Scarpa,MID,Nott'm Forest,16,19,1,2024-02-17T15:00:00Z,0,0,0,0,0,0,0,0,0.0,0.0,0.0,0.0,0.0,0.0,0.0,0.0,0,45
2023-24,25,463,Jonjo Shelvey,MID,Nott'm Forest,16,19,1,2024-02-17T15:00:00Z,0,0,0,0,0,0,0,0,0.0,0.0,0.0,0.0,0.0,0.0,0.0,0.0,0,48
2023-24,25,464,Sam Surridge,FWD,Nott'm Forest,16,19,1,2024-02-17T15:00:00Z,0,0,0,0,0,0,0,0,0.0,0.0,0.0,0.0,0.0,0.0,0.0,0.0,0,45
2023-24,25,465,Harry Toffolo,DEF,Nott'm Forest,16,19,1,2024-02-17T15:00:00Z,0,0,0,0,0,0,0,0,0.0,0.0,0.0,0.0,0.0,0.0,0.0,0.0,0,44
2023-24,25,466,Hwang Ui-jo,FWD,Nott'm Forest,16,19,1,2024-02-17T15:00:00Z,0,0,0,0,0,0,0,0,0.0,0.0,0.0,0.0,0.0,0.0,0.0,0.0,0,44
2023-24,25,467,Neco Williams,DEF,Nott'm Forest,16,19,1,2024-02-17T15:00:00Z,90,5,0,0,1,0,0,15,17.4,1.8,4.0,2.3,0.0,0.0,0.0,0.56,1,43
2023-24,25,468,Chris Wood,FWD,Nott'm Forest,16,19,1,2024-02-17T15:00:00Z,0,0,0,0,0,0,0,0,0.0,0.0,0.0,0.0,0.0,0.0,0.0,0.0,0,48
2023-24,25,469,Joe Worrall,DEF,Nott'm Forest,16,19,1,2024-02-17T15:00:00Z,0,0,0,0,0,0,0,0,0.0,0.0,0.0,0.0,0.0,0.0,0.0,0.0,0,43
2023-24,25,470,Ryan Yates,MID,Nott'm Forest,16,19,1,2024-02-17T15:00:00Z,4,1,0,0,0,0,0,3,7.2,0.3,0.0,0.8,0.0,0.0,0.0,0.01,0,48
2023-24,25,471,Anel Ahmedhodžić,DEF,Sheffield Utd,17,5,1,2024-02-18T14:00:00Z,90,0,0,0,0,5,0,7,21.2,0.5,7.0,2.9,0.36,0.0,0.36,2.93,1,43
2023-24,25,472,Jordan Amissah,GK,Sheffield Utd,17,5,1,2024-02-18T14:00:00Z,0,0,0,0,0,0,0,0,0.0,0.0,0.0,0.0,0.0,0.0,0.0,0.0,0,39
2023-24,25,473,George Baldock,DEF,Sheffield Utd,17,5,1,2024-02-18T14:00:00Z,0,0,0,0,0,0,0,0,0.0,0.0,0.0,0.0,0.0,0.0,0.0,0.0,0,38
2023-24,25,474,Chris Basham,DEF,Sheffield Utd,17,5,1,2024-02-18T14:00:00Z,0,0,0,0,0,0,0,0,0.0,0.0,0.0,0.0,0.0,0.0,0.0,0.0,0,39
2023-24,25,475,Sander Berge,MID,Burnley,6,1,1,2024-02-17T15:00:00Z,90,2,0,0,0,5,0,10,16.6,2.6,0.0,1.9,0.0,0.01,0.01,2.42,1,47
2023-24,25,476,Jayden Bogle,DEF,Sheffield Utd,17,5,1,2024-02-18T14:00:00Z,90,0,0,0,0,5,0,14,38.0,14.9,19.0,7.2,0.05,0.01,0.06,2.93,1,45
2023-24,25,477,Rhian Brewster,FWD,Sheffield Utd,17,5,1,2024-02-18T14:00:00Z,11,1,0,0,0,1,0,3,0.2,0.4,0.0,0.1,0.0,0.0,0.0,0.22,0,49
2023-24,25,478,Ismaila Coulibaly,MID,Sheffield Utd,17,5,1,2024-02-18T14:00:00Z,0,0,0,0,0,0,0,0,0.0,0.0,0.0,0.0,0.0,0.0,0.0,0.0,0,44
2023-24,25,479,Adam Davies,GK,Sheffield Utd,17,5,1,2024-02-18T14:00:00Z,0,0,0,0,0,0,0,0,0.0,0.0,0.0,0.0,0.0,0.0,0.0,0.0,0,40
2023-24,25,480,John Egan,DEF,Sheffield Utd,17,5,1,2024-02-18T14:00:00Z,0,0,0,0,0,0,0,0,0.0,0.0,0.0,0.0,0.0,0.0,0.0,0.0,0,43
2023-24,25,481,John Fleck,MID,Sheffield Utd,17,5,1,2024-02-18T14:00:00Z,0,0,0,0,0,0,0,0,0.0,0.0,0.0,0.0,0.0,0.0,0.0,0.0,0,49
2023-24,25,482,Wes Foderingham,GK,Sheffield Utd,17,5,1,2024-02-18T14:00:00Z,90,2,0,0,0,5,0,23,48.6,0.0,0.0,4.9,0.0,0.02,0.02,2.93,1,45
2023-24,25,483,Daniel Jebbison,FWD,Sheffield Utd,17,5,1,2024-02-18T14:00:00Z,0,0,0,0,0,0,0,0,0.0,0.0,0.0,0.0,0.0,0.0,0.0,0.0,0,48
2023-24,25,484,Max Lowe,DEF,Sheffield Utd,17,5,1,2024-02-18T14:00:00Z,0,0,0,0,0,0,0,0,0.0,0.0,0.0,0.0,0.0,0.0,0.0,0.0,0,43
2023-24,25,485,Oliver McBurnie,FWD,Sheffield Utd,17,5,1,2024-02-18T14:00:00Z,0,0,0,0,0,0,0,0,0.0,0.0,0.0,0.0,0.0,0.0,0.0,0.0,0,54
2023-24,25,486,Iliman Ndiaye,FWD,Sheffield Utd,17,5,1,2024-02-18T14:00:00Z,0,0,0,0,0,0,0,0,0.0,0.0,0.0,0.0,0.0,0.0,0.0,0.0,0,55
2023-24,25,487,Rhys Norrington-Davies,DEF,Sheffield Utd,17,5,1,2024-02-18T14:00:00Z,0,0,0,0,0,0,0,0,0.0,0.0,0.0,0.0,0.0,0.0,0.0,0.0,0,39
2023-24,25,488,Oliver Norwood,MID,Sheffield Utd,17,5,1,2024-02-18T14:00:00Z,11,1,0,0,0,1,0,7,10.0,0.3,0.0,1.0,0.0,0.0,0.0,0.22,0,48
2023-24,25,489,Ben Osborn,MID,Sheffield Utd,17,5,1,2024-02-18T14:00:00Z,78,2,0,0,0,4,0,8,3.8,1.8,2.0,0.8,0.03,0.01,0.04,2.72,1,48
2023-24,25,490,William Osula,FWD,Sheffield Utd,17,5,1,2024-02-18T14:00:00Z,30,1,0,0,0,2,0,4,2.2,0.3,0.0,0.3,0.0,0.0,0.0,1.96,1,43
2023-24,25,491,Brandon Austin,GK,Spurs,18,20,1,2024-02-17T15:00:00Z,0,0,0,0,0,0,0,0,0.0,0.0,0.0,0.0,0.0,0.0,0.0,0.0,0,39
2023-24,25,492,Rodrigo Bentancur,MID,Spurs,18,20,1,2024-02-17T15:00:00Z,19,1,0,0,0,0,0,6,6.6,22.5,0.0,2.9,0.0,0.11,0.11,0.27,0,54
2023-24,25,493,Yves Bissouma,MID,Spurs,18,20,1,2024-02-17T15:00:00Z,70,2,0,0,0,2,0,17,21.8,19.3,2.0,4.3,0.0,0.06,0.06,1.24,1,50
2023-24,25,494,Bryan Gil Salvatierra,MID,Spurs,18,20,1,2024-02-17T15:00:00Z,0,0,0,0,0,0,0,0,0.0,0.0,0.0,0.0,0.0,0.0,0.0,0.0,0,49
2023-24,25,495,Ben Davies,DEF,Spurs,18,20,1,2024-02-17T15:00:00Z,90,1,0,0,0,2,0,16,16.2,34.8,39.0,9.0,0.54,0.28,0.82,1.51,1,43
2023-24,25,496,Eric Dier,DEF,Spurs,18,20,1,2024-02-17T15:00:00Z,0,0,0,0,0,0,0,0,0.0,0.0,0.0,0.0,0.0,0.0,0.0,0.0,0,42
2023-24,25,497,Emerson Leite de Souza Junior,DEF,Spurs,18,20,1,2024-02-17T15:00:00Z,84,1,0,0,0,2,0,15,26.2,9.8,9.0,4.5,0.06,0.07,0.13,1.39,1,43
2023-24,25,498,Fraser Forster,GK,Spurs,18,20,1,2024-02-17T15:00:00Z,0,0,0,0,0,0,0,0,0.0,0.0,0.0,0.0,0.0,0.0,0.0,0.0,0,38
2023-24,25,499,Pierre-Emile Højbjerg,MID,Spurs,18,20,1,2024-02-17T15:00:00Z,5,1,0,0,0,0,0,2,1.8,2.1,0.0,0.4,0.0,0.02,0.02,0.12,0,52
2023-24,25,500,Harry Kane,FWD,Spurs,18,20,1,2024-02-17T15:00:00Z,0,0,0,0,0,0,0,0,0.0,0.0,0.0,0.0,0.0,0.0,0.0,0.0,0,125
2023-24,25,501,Dejan Kulusevski,MID,Spurs,18,20,1,2024-02-17T15:00:00Z,90,9,1,0,0,2,2,33,52.0,22.2,61.0,13.5,0.47,0.39,0.86,1.51,1,68
2023-24,25,502,Hugo Lloris,GK,Spurs,18,20,1,2024-02-17T15:00:00Z,0,0,0,0,0,0,0,0,0.0,0.0,0.0,0.0,0.0,0.0,0.0,0.0,0,47
2023-24,25,503,Giovani Lo Celso,MID,Spurs,18,20,1,2024-02-17T15:00:00Z,5,1,0,0,0,0,0,5,2.4,15.3,4.0,2.2,0.0,0.18,0.18,0.12,0,48
2023-24,25,504,James Maddison,MID,Spurs,18,20,1,2024-02-17T15:00:00Z,85,2,0,0,0,2,0,13,12.0,35.7,13.0,6.1,0.02,0.36,0.38,1.39,1,80
2023-24,25,505,Tanguy Ndombélé Alvaro,MID,Spurs,18,20,1,2024-02-17T15:00:00Z,0,0,0,0,0,0,0,0,0.0,0.0,0.0,0.0,0.0,0.0,0.0,0.0,0,44
2023-24,25,506,Pedro Porro,DEF,Spurs,18,20,1,2024-02-17T15:00:00Z,0,0,0,0,0,0,0,0,0.0,0.0,0.0,0.0,0.0,0.0,0.0,0.0,0,58
2023-24,25,507,Ivan Perišić,DEF,Spurs,18,20,1,2024-02-17T15:00:00Z,0,0,0,0,0,0,0,0,0.0,0.0,0.0,0.0,0.0,0.0,0.0,0.0,0,47
2023-24,25,508,Sergio Reguilón,DEF,Brentford,4,13,0,2024-02-20T19:30:00Z,77,2,0,0,0,1,0,8,11.8,26.3,6.0,4.4,0.02,0.16,0.18,2.18,1,44
2023-24,25,509,Richarlison de Andrade,MID,Spurs,18,20,1,2024-02-17T15:00:00Z,70,2,0,0,0,2,0,2,0.0,0.8,28.0,2.5,0.43,0.02,0.45,1.24,1,72
2023-24,25,510,Joe Rodon,DEF,Spurs,18,20,1,2024-02-17T15:00:00Z,0,0,0,0,0,0,0,0,0.0,0.0,0.0,0.0,0.0,0.0,0.0,0.0,0,40
2023-24,25,511,Cristian Romero,DEF,Spurs,18,20,1,2024-02-17T15:00:00Z,90,1,0,0,0,2,0,15,20.4,7.6,2.0,3.0,0.0,0.06,0.06,1.51,1,49
2023-24,25,512,Davinson Sánchez,DEF,Spurs,18,20,1,2024-02-17T15:00:00Z,0,0,0,0,0,0,0,0,0.0,0.0,0.0,0.0,0.0,0.0,0.0,0.0,0,44
2023-24,25,513,Pape Matar Sarr,MID,Spurs,18,20,1,2024-02-17T15:00:00Z,70,2,0,0,0,2,0,10,4.2,16.3,3.0,2.4,0.02,0.04,0.06,1.24,1,44
2023-24,25,514,Ryan Sessegnon,DEF,Spurs,18,20,1,2024-02-17T15:00:00Z,0,0,0,0,0,0,0,0,0.0,0.0,0.0,0.0,0.0,0.0,0.0,0.0,0,44
2023-24,25,515,Oliver Skipp,MID,Spurs,18,20,1,2024-02-17T15:00:00Z,0,0,0,0,0,0,0,0,0.0,0.0,0.0,0.0,0.0,0.0,0.0,0.0,0,45
2023-24,25,516,Son Heung-min,MID,Spurs,18,20,1,2024-02-17T15:00:00Z,90,2,0,0,0,2,0,9,6.2,26.8,8.0,4.1,0.0,0.12,0.12,1.51,1,96
2023-24,25,517,Djed Spence,DEF,Spurs,18,20,1,2024-02-17T15:00:00Z,0,0,0,0,0,0,0,0,0.0,0.0,0.0,0.0,0.0,0.0,0.0,0.0,0,40
2023-24,25,518,Japhet Tanganga,DEF,Spurs,18,20,1,2024-02-17T15:00:00Z,0,0,0,0,0,0,0,0,0.0,0.0,0.0,0.0,0.0,0.0,0.0,0.0,0,40
2023-24,25,519,Destiny Udogie,DEF,Spurs,18,20,1,2024-02-17T15:00:00Z,0,0,0,0,0,0,0,0,0.0,0.0,0.0,0.0,0.0,0.0,0.0,0.0,0,49
2023-24,25,520,Guglielmo Vicario,GK,Spurs,18,20,1,2024-02-17T15:00:00Z,90,3,0,0,0,2,1,23,37.2,0.0,0.0,3.7,0.0,0.0,0.0,1.51,1,53
2023-24,25,521,Alfie Whiteman,GK,Spurs,18,20,1,2024-02-17T15:00:00Z,0,0,0,0,0,0,0,0,0.0,0.0,0.0,0.0,0.0,0.0,0.0,0.0,0,39
2023-24,25,522,Nayef Aguerd,DEF,West Ham,19,16,0,2024-02-17T15:00:00Z,90,1,0,0,0,2,0,11,17.8,2.2,11.0,3.1,0.02,0.01,0.03,2.79,1,44
2023-24,25,523,Michail Antonio,FWD,West Ham,19,16,0,2024-02-17T15:00:00Z,75,1,0,0,0,1,0,-6,0.0,1.4,4.0,0.1,0.06,0.0,0.06,1.62,1,57
2023-24,25,524,Alphonse Areola,GK,West Ham,19,16,0,2024-02-17T15:00:00Z,90,3,0,0,0,2,0,23,45.4,0.0,0.0,4.5,0.0,0.0,0.0,2.79,1,42
2023-24,25,525,Saïd Benrahma,MID,West Ham,19,16,0,2024-02-17T15:00:00Z,0,0,0,0,0,0,0,0,0.0,0.0,0.0,0.0,0.0,0.0,0.0,0.0,0,56
2023-24,25,526,Jarrod Bowen,MID,West Ham,19,16,0,2024-02-17T15:00:00Z,90,2,0,0,0,2,0,7,8.8,15.4,28.0,5.2,0.07,0.04,0.11,2.79,1,78
2023-24,25,527,Maxwel Cornet,MID,West Ham,19,16,0,2024-02-17T15:00:00Z,14,1,0,0,0,1,0,5,2.2,11.6,4.0,1.8,0.08,0.0,0.08,1.17,0,52
2023-24,25,528,Vladimír Coufal,DEF,West Ham,19,16,0,2024-02-17T15:00:00Z,75,1,0,0,0,1,0,5,5.2,2.3,0.0,0.8,0.0,0.01,0.01,1.62,1,46
2023-24,25,529,Conor Coventry,MID,West Ham,19,16,0,2024-02-17T15:00:00Z,0,0,0,0,0,0,0,0,0.0,0.0,0.0,0.0,0.0,0.0,0.0,0.0,0,43
2023-24,25,530,Aaron Cresswell,DEF,West Ham,19,16,0,2024-02-17T15:00:00Z,0,0,0,0,0,0,0,0,0.0,0.0,0.0,0.0,0.0,0.0,0.0,0.0,0,42
2023-24,25,531,Flynn Downes,MID,West Ham,19,16,0,2024-02-17T15:00:00Z,0,0,0,0,0,0,0,0,0.0,0.0,0.0,0.0,0.0,0.0,0.0,0.0,0,50
2023-24,25,532,Emerson Palmieri dos Santos,DEF,West Ham,19,16,0,2024-02-17T15:00:00Z,82,2,0,0,0,1,0,17,14.0,2.8,0.0,1.7,0.0,0.01,0.01,2.02,1,45
2023-24,25,533,Lukasz Fabianski,GK,West Ham,19,16,0,2024-02-17T15:00:00Z,0,0,0,0,0,0,0,0,0.0,0.0,0.0,0.0,0.0,0.0,0.0,0.0,0,42
2023-24,25,534,Pablo Fornals Malla,MID,West Ham,19,16,0,2024-02-17T15:00:00Z,0,0,0,0,0,0,0,0,0.0,0.0,0.0,0.0,0.0,0.0,0.0,0.0,0,46
2023-24,25,535,Danny Ings,FWD,West Ham,19,16,0,2024-02-17T15:00:00Z,1,1,0,0,0,1,0,3,2.0,0.0,0.0,0.2,0.0,0.0,0.0,0.36,0,56
2023-24,25,536,Ben Johnson,DEF,West Ham,19,16,0,2024-02-17T15:00:00Z,14,1,0,0,0,1,0,3,0.8,0.7,0.0,0.2,0.0,0.0,0.0,1.17,0,44
2023-24,25,537,Thilo Kehrer,DEF,West Ham,19,16,0,2024-02-17T15:00:00Z,0,0,0,0,0,0,0,0,0.0,0.0,0.0,0.0,0.0,0.0,0.0,0.0,0,42
2023-24,25,538,Divin Mubama,FWD,West Ham,19,16,0,2024-02-17T15:00:00Z,0,0,0,0,0,0,0,0,0.0,0.0,0.0,0.0,0.0,0.0,0.0,0.0,0,42
2023-24,25,539,Lucas Tolentino Coelho de Lima,MID,West Ham,19,16,0,2024-02-17T15:00:00Z,0,0,0,0,0,0,0,0,0.0,0.0,0.0,0.0,0.0,0.0,0.0,0.0,0,60
2023-24,25,540,Declan Rice,MID,Arsenal,1,6,0,2024-02-17T15:00:00Z,78,3,0,0,1,0,0,14,13.6,2.0,2.0,1.8,0.01,0.01,0.02,0.11,1,54
2023-24,25,541,Gianluca Scamacca,FWD,West Ham,19,16,0,2024-02-17T15:00:00Z,0,0,0,0,0,0,0,0,0.0,0.0,0.0,0.0,0.0,0.0,0.0,0.0,0,60
2023-24,25,542,Tomáš Souček,MID,West Ham,19,16,0,2024-02-17T15:00:00Z,7,1,0,0,0,1,0,4,3.2,10.3,0.0,1.4,0.0,0.0,0.0,0.77,0,49
2023-24,25,543,Nikola Vlašić,MID,West Ham,19,16,0,2024-02-17T15:00:00Z,0,0,0,0,0,0,0,0,0.0,0.0,0.0,0.0,0.0,0.0,0.0,0.0,0,45
2023-24,25,544,Kurt Zouma,DEF,West Ham,19,16,0,2024-02-17T15:00:00Z,90,1,0,0,0,1,0,6,10.2,0.6,0.0,1.1,0.0,0.0,0.0,2.43,1,45
2023-24,25,545,Rayan Aït-Nouri,DEF,Wolves,20,18,0,2024-02-17T15:00:00Z,90,2,0,0,0,1,0,6,13.0,14.5,9.0,3.7,0.08,0.02,0.1,1.71,1,45
2023-24,25,546,Daniel Bentley,GK,Wolves,20,18,0,2024-02-17T15:00:00Z,0,0,0,0,0,0,0,0,0.0,0.0,0.0,0.0,0.0,0.0,0.0,0.0,0,39
2023-24,25,547,Bendegúz Bolla,DEF,Wolves,20,18,0,2024-02-17T15:00:00Z,0,0,0,0,0,0,0,0,0.0,0.0,0.0,0.0,0.0,0.0,0.0,0.0,0,40
2023-24,25,548,Hugo Bueno López,DEF,Wolves,20,18,0,2024-02-17T15:00:00Z,0,0,0,0,0,0,0,0,0.0,0.0,0.0,0.0,0.0,0.0,0.0,0.0,0,44
2023-24,25,549,Francisco Jorge Tomás Oliveira,MID,Wolves,20,18,0,2024-02-17T15:00:00Z,0,0,0,0,0,0,0,0,0.0,0.0,0.0,0.0,0.0,0.0,0.0,0.0,0,45
2023-24,25,550,Luke Cundle,MID,Wolves,20,18,0,2024-02-17T15:00:00Z,0,0,0,0,0,0,0,0,0.0,0.0,0.0,0.0,0.0,0.0,0.0,0.0,0,45
2023-24,25,551,Craig Dawson,DEF,Wolves,20,18,0,2024-02-17T15:00:00Z,90,2,0,0,0,1,0,14,35.4,10.7,2.0,4.8,0.0,0.02,0.02,1.71,1,45
2023-24,25,552,Fábio Silva,FWD,Wolves,20,18,0,2024-02-17T15:00:00Z,0,0,0,0,0,0,0,0,0.0,0.0,0.0,0.0,0.0,0.0,0.0,0.0,0,52
2023-24,25,553,Ryan Giles,DEF,Luton,12,11,0,2024-02-21T19:30:00Z,0,0,0,0,0,0,0,0,0.0,0.0,0.0,0.0,0.0,0.0,0.0,0.0,0,42
2023-24,25,554,Gonçalo Manuel Ganchinho Guedes,MID,Wolves,20,18,0,2024-02-17T15:00:00Z,0,0,0,0,0,0,0,0,0.0,0.0,0.0,0.0,0.0,0.0,0.0,0.0,0,54
2023-24,25,555,Joe Hodge,MID,Wolves,20,18,0,2024-02-17T15:00:00Z,0,0,0,0,0,0,0,0,0.0,0.0,0.0,0.0,0.0,0.0,0.0,0.0,0,44
2023-24,25,556,Ki-Jana Hoever,DEF,Wolves,20,18,0,2024-02-17T15:00:00Z,0,0,0,0,0,0,0,0,0.0,0.0,0.0,0.0,0.0,0.0,0.0,0.0,0,40
2023-24,25,557,Hwang Hee-chan,MID,Wolves,20,18,0,2024-02-17T15:00:00Z,87,2,0,0,0,1,0,4,4.6,12.1,11.0,2.8,0.3,0.06,0.36,1.04,1,55
2023-24,25,558,Raúl Jiménez,FWD,Fulham,10,2,1,2024-02-17T15:00:00Z,0,0,0,0,0,0,0,0,0.0,0.0,0.0,0.0,0.0,0.0,0.0,0.0,0,51
2023-24,25,559,João Victor Gomes da Silva,MID,Wolves,20,18,0,2024-02-17T15:00:00Z,90,14,2,0,0,1,3,40,81.0,2.8,36.0,12.0,0.47,0.05,0.52,1.71,1,49
2023-24,25,560,Jonathan Castro Otto,DEF,Wolves,20,18,0,2024-02-17T15:00:00Z,0,0,0,0,0,0,0,0,0.0,0.0,0.0,0.0,0.0,0.0,0.0,0.0,0,43
2023-24,25,561,Bruno Cavaco Jordão,MID,Wolves,20,18,0,2024-02-17T15:00:00Z,0,0,0,0,0,0,0,0,0.0,0.0,0.0,0.0,0.0,0.0,0.0,0.0,0,43
2023-24,25,562,Sasa Kalajdzic,FWD,Wolves,20,18,0,2024-02-17T15:00:00Z,0,0,0,0,0,0,0,0,0.0,0.0,0.0,0.0,0.0,0.0,0.0,0.0,0,49
2023-24,25,563,Max Kilman,DEF,Wolves,20,18,0,2024-02-17T15:00:00Z,90,2,0,0,0,1,0,12,15.2,0.6,2.0,1.8,0.0,0.01,0.01,1.71,1,45
2023-24,25,564,Tom King,GK,Wolves,20,18,0,2024-02-17T15:00:00Z,0,0,0,0,0,0,0,0,0.0,0.0,0.0,0.0,0.0,0.0,0.0,0.0,0,39
2023-24,25,565,Mario Lemina,MID,Wolves,20,18,0,2024-02-17T15:00:00Z,90,2,0,0,0,1,0,12,16.2,1.0,19.0,3.6,0.02,0.01,0.03,1.71,1,49
2023-24,25,566,Matheus Luiz Nunes,MID,Man City,13,4,1,2024-02-20T19:30:00Z,0,0,0,0,0,0,0,0,0.0,0.0,0.0,0.0,0.0,0.0,0.0,0.0,0,48
2023-24,25,567,Pedro Lomba Neto,MID,Wolves,20,18,0,2024-02-17T15:00:00Z,90,5,0,1,0,1,0,17,15.8,22.3,15.0,5.3,0.12,0.13,0.25,1.12,1,57
2023-24,25,568,Daniel Castelo Podence,MID,Wolves,20,18,0,2024-02-17T15:00:00Z,0,0,0,0,0,0,0,0,0.0,0.0,0.0,0.0,0.0,0.0,0.0,0.0,0,53
2023-24,25,569,José Malheiro de Sá,GK,Wolves,20,18,0,2024-02-17T15:00:00Z,90,3,0,0,0,1,0,17,22.0,0.0,0.0,2.2,0.0,0.0,0.0,1.71,1,50
2023-24,25,570,Pablo Sarabia,MID,Wolves,20,18,0,2024-02-17T15:00:00Z,72,5,0,1,0,1,0,14,27.8,39.4,28.0,9.5,0.37,0.14,0.51,0.98,1,47
2023-24,25,571,Matija Šarkić,GK,Wolves,20,18,0,2024-02-17T15:00:00Z,0,0,0,0,0,0,0,0,0.0,0.0,0.0,0.0,0.0,0.0,0.0,0.0,0,40
2023-24,25,572,Nélson Cabral Semedo,DEF,Wolves,20,18,0,2024-02-17T15:00:00Z,90,2,0,0,0,1,0,18,25.0,15.3,19.0,5.9,0.02,0.04,0.06,1.71,1,45
2023-24,25,573,Toti António Gomes,DEF,Wolves,20,18,0,2024-02-17T15:00:00Z,90,2,0,0,0,1,0,13,18.0,2.3,0.0,2.0,0.0,0.02,0.02,1.71,1,44
2023-24,25,574,Boubacar Traoré,MID,Wolves,20,18,0,2024-02-17T15:00:00Z,2,1,0,0,0,0,0,3,0.0,0.1,0.0,0.0,0.0,0.0,0.0,0.66,0,43
2023-24,25,575,Tom Lockyer,DEF,Luton,12,11,0,2024-02-21T19:30:00Z,0,0,0,0,0,0,0,0,0.0,0.0,0.0,0.0,0.0,0.0,0.0,0.0,0,42
2023-24,25,576,Jack Robinson,DEF,Sheffield Utd,17,5,1,2024-02-18T14:00:00Z,90,-2,0,0,0,5,0,9,18.0,14.5,2.0,3.5,0.0,0.19,0.19,2.93,1,43
2023-24,25,577,Angelo Ogbonna,DEF,West Ham,19,16,0,2024-02-17T15:00:00Z,0,0,0,0,0,0,0,0,0.0,0.0,0.0,0.0,0.0,0.0,0.0,0.0,0,43
2023-24,25,578,Reiss Nelson,MID,Arsenal,1,6,0,2024-02-17T15:00:00Z,21,1,0,0,0,0,0,3,6.4,14.5,2.0,2.3,0.0,0.04,0.04,0.15,0,48
2023-24,25,579,Andy Lonergan,GK,Everton,9,8,1,2024-02-19T20:00:00Z,0,0,0,0,0,0,0,0,0.0,0.0,0.0,0.0,0.0,0.0,0.0,0.0,0,39
2023-24,25,580,Loris Karius,GK,Newcastle,15,3,1,2024-02-17T15:00:00Z,0,0,0,0,0,0,0,0,0.0,0.0,0.0,0.0,0.0,0.0,0.0,0.0,0,39
2023-24,25,581,Paul Dummett,DEF,Newcastle,15,3,1,2024-02-17T15:00:00Z,0,0,0,0,0,0,0,0,0.0,0.0,0.0,0.0,0.0,0.0,0.0,0.0,0,39
2023-24,25,582,Pelly Ruddock Mpanzu,MID,Luton,12,11,0,2024-02-21T19:30:00Z,45,1,0,0,0,4,0,4,2.6,10.7,0.0,1.3,0.0,0.0,0.0,2.21,0,47
2023-24,25,583,Manor Solomon,MID,Spurs,18,20,1,2024-02-17T15:00:00Z,0,0,0,0,0,0,0,0,0.0,0.0,0.0,0.0,0.0,0.0,0.0,0.0,0,51
2023-24,25,584,Pau Torres,DEF,Aston Villa,2,10,0,2024-02-17T15:00:00Z,90,2,0,0,0,1,0,12,19.2,0.8,0.0,2.0,0.0,0.01,0.01,1.4,1,46
2023-24,25,585,Jurriën Timber,DEF,Arsenal,1,6,0,2024-02-17T15:00:00Z,0,0,0,0,0,0,0,0,0.0,0.0,0.0,0.0,0.0,0.0,0.0,0.0,0,46
2023-24,25,586,Tahith Chong,MID,Luton,12,11,0,2024-02-21T19:30:00Z,62,5,0,1,0,2,0,16,14.0,12.7,17.0,4.4,0.02,0.01,0.03,2.22,1,47
2023-24,25,587,Anis Slimane,MID,Sheffield Utd,17,5,1,2024-02-18T14:00:00Z,0,0,0,0,0,0,0,0,0.0,0.0,0.0,0.0,0.0,0.0,0.0,0.0,0,47
2023-24,25,588,Ashley Young,DEF,Everton,9,8,1,2024-02-19T20:00:00Z,65,6,0,0,1,0,0,10,5.2,5.4,4.0,1.5,0.07,0.0,0.07,0.53,1,44
2023-24,25,589,Ângelo Gabriel Borges Damaceno,MID,Chelsea,7,13,0,2024-02-17T17:30:00Z,0,0,0,0,0,0,0,0,0.0,0.0,0.0,0.0,0.0,0.0,0.0,0.0,0,50
2023-24,25,590,Matheus Santos Carneiro Da Cunha,FWD,Wolves,20,18,0,2024-02-17T15:00:00Z,0,0,0,0,0,0,0,0,0.0,0.0,0.0,0.0,0.0,0.0,0.0,0.0,0,57
2023-24,25,591,Willian Borges da Silva,MID,Fulham,10,2,1,2024-02-17T15:00:00Z,45,1,0,0,0,1,0,7,7.8,18.3,0.0,2.6,0.0,0.08,0.08,1.11,1,53
2023-24,25,592,Yasser Larouci,DEF,Sheffield Utd,17,5,1,2024-02-18T14:00:00Z,62,1,0,0,0,2,0,7,5.2,0.9,0.0,0.6,0.0,0.0,0.0,2.43,1,43
2023-24,25,593,Bénie Traoré,FWD,Sheffield Utd,17,5,1,2024-02-18T14:00:00Z,0,0,0,0,0,0,0,0,0.0,0.0,0.0,0.0,0.0,0.0,0.0,0.0,0,51
2023-24,25,594,Zeki Amdouni,FWD,Burnley,6,1,1,2024-02-17T15:00:00Z,45,1,0,0,0,2,0,3,8.4,0.4,0.0,0.9,0.0,0.0,0.0,0.95,1,53
2023-24,25,595,Milos Kerkez,DEF,Bournemouth,3,15,0,2024-02-17T15:00:00Z,0,0,0,0,0,0,0,0,0.0,0.0,0.0,0.0,0.0,0.0,0.0,0.0,0,44
2023-24,25,596,James Trafford,GK,Burnley,6,1,1,2024-02-17T15:00:00Z,90,0,0,0,0,5,0,12,17.4,0.0,0.0,1.7,0.0,0.01,0.01,2.42,1,45
2023-24,25,597,André Onana,GK,Man Utd,14,12,0,2024-02-18T16:30:00Z,90,3,0,0,0,1,0,15,20.6,0.0,0.0,2.1,0.0,0.01,0.01,1.74,1,48
2023-24,25,598,Matt Doherty,DEF,Wolves,20,18,0,2024-02-17T15:00:00Z,1,1,0,0,0,0,0,2,0.0,0.0,0.0,0.0,0.0,0.0,0.0,0.59,0,43
2023-24,25,599,Moussa Diaby,MID,Aston Villa,2,10,0,2024-02-17T15:00:00Z,9,1,0,0,0,0,0,2,0.0,0.0,0.0,0.0,0.0,0.0,0.0,0.57,0,64
2023-24,25,600,Nathan Redmond,MID,Burnley,6,1,1,2024-02-17T15:00:00Z,0,0,0,0,0,0,0,0,0.0,0.0,0.0,0.0,0.0,0.0,0.0,0.0,0,47
2023-24,25,601,Arnaut Danjuma Groeneveld,MID,Everton,9,8,1,2024-02-19T20:00:00Z,0,0,0,0,0,0,0,0,0.0,0.0,0.0,0.0,0.0,0.0,0.0,0.0,0,52
2023-24,25,602,Issa Kaboré,DEF,Luton,12,11,0,2024-02-21T19:30:00Z,16,0,0,0,0,1,0,0,0.4,0.7,2.0,0.3,0.0,0.23,0.23,0.57,0,40
2023-24,25,603,Harvey Barnes,MID,Newcastle,15,3,1,2024-02-17T15:00:00Z,66,2,0,0,0,1,0,2,0.4,4.7,14.0,1.9,0.09,0.15,0.24,2.38,1,62
2023-24,25,604,Olu Aina,DEF,Nott'm Forest,16,19,1,2024-02-17T15:00:00Z,0,0,0,0,0,0,0,0,0.0,0.0,0.0,0.0,0.0,0.0,0.0,0.0,0,45
2023-24,25,605,Luca Koleosho,MID,Burnley,6,1,1,2024-02-17T15:00:00Z,0,0,0,0,0,0,0,0,0.0,0.0,0.0,0.0,0.0,0.0,0.0,0.0,0,48
2023-24,25,606,Igor Julio dos Santos de Paulo,DEF,Brighton,5,17,0,2024-02-18T14:00:00Z,45,1,0,0,0,0,0,10,10.6,7.0,0.0,1.8,0.0,0.03,0.03,0.38,0,43
2023-24,25,607,Ionuț Radu,GK,Bournemouth,3,15,0,2024-02-17T15:00:00Z,0,0,0,0,0,0,0,0,0.0,0.0,0.0,0.0,0.0,0.0,0.0,0.0,0,44
2023-24,25,608,Jacob Bruun Larsen,MID,Burnley,6,1,1,2024-02-17T15:00:00Z,10,1,0,0,0,0,0,2,0.0,0.8,1.0,0.0,0.03,0.0,0.03,0.19,0,48
2023-24,25,609,Ian Maatsen,MID,Chelsea,7,13,0,2024-02-17T17:30:00Z,0,0,0,0,0,0,0,0,0.0,0.0,0.0,0.0,0.0,0.0,0.0,0.0,0,51
2023-24,25,610,Calvin Bassey,DEF,Fulham,10,2,1,2024-02-17T15:00:00Z,14,1,0,0,0,0,0,5,2.8,0.2,0.0,0.3,0.0,0.0,0.0,0.0,0,44
2023-24,25,611,Axel Disasi,DEF,Chelsea,7,13,0,2024-02-17T17:30:00Z,90,2,0,0,0,1,0,15,45.4,0.2,0.0,4.6,0.0,0.0,0.0,2.91,1,49
2023-24,25,613,Lesley Ugochukwu,MID,Chelsea,7,13,0,2024-02-17T17:30:00Z,0,0,0,0,0,0,0,0,0.0,0.0,0.0,0.0,0.0,0.0,0.0,0.0,0,44
2023-24,25,614,Thomas Kaminski,GK,Luton,12,11,0,2024-02-21T19:30:00Z,90,3,0,0,0,4,0,26,72.2,0.0,0.0,7.2,0.0,0.0,0.0,3.31,1,45
2023-24,25,615,Matheus França de Oliveira,MID,Crystal Palace,8,9,0,2024-02-19T20:00:00Z,0,0,0,0,0,0,0,0,0.0,0.0,0.0,0.0,0.0,0.0,0.0,0.0,0,48
2023-24,25,616,Joško Gvardiol,DEF,Man City,13,4,1,2024-02-20T19:30:00Z,0,0,0,0,0,0,0,0,0.0,0.0,0.0,0.0,0.0,0.0,0.0,0.0,0,48
2023-24,25,617,Rasmus Højlund,FWD,Man Utd,14,12,0,2024-02-18T16:30:00Z,85,13,2,0,0,1,3,54,76.8,26.1,71.0,17.4,1.17,0.08,1.25,1.68,1,71
2023-24,25,618,Omari Kellyman,MID,Aston Villa,2,10,0,2024-02-17T15:00:00Z,0,0,0,0,0,0,0,0,0.0,0.0,0.0,0.0,0.0,0.0,0.0,0.0,0,45
2023-24,25,619,Ben Greenwood,DEF,Bournemouth,3,15,0,2024-02-17T15:00:00Z,0,0,0,0,0,0,0,0,0.0,0.0,0.0,0.0,0.0,0.0,0.0,0.0,0,40
2023-24,25,620,Michael Olakigbe,MID,Brentford,4,13,0,2024-02-20T19:30:00Z,0,0,0,0,0,0,0,0,0.0,0.0,0.0,0.0,0.0,0.0,0.0,0.0,0,45
2023-24,25,621,Jack Hinshelwood,MID,Brighton,5,17,0,2024-02-18T14:00:00Z,0,0,0,0,0,0,0,0,0.0,0.0,0.0,0.0,0.0,0.0,0.0,0.0,0,45
2023-24,25,622,Owen Dodgson,DEF,Burnley,6,1,1,2024-02-17T15:00:00Z,0,0,0,0,0,0,0,0,0.0,0.0,0.0,0.0,0.0,0.0,0.0,0.0,0,40
2023-24,25,623,Mason Burstow,FWD,Chelsea,7,13,0,2024-02-17T17:30:00Z,0,0,0,0,0,0,0,0,0.0,0.0,0.0,0.0,0.0,0.0,0.0,0.0,0,45
2023-24,25,624,Lewis Dobbin,MID,Everton,9,8,1,2024-02-19T20:00:00Z,0,0,0,0,0,0,0,0,0.0,0.0,0.0,0.0,0.0,0.0,0.0,0.0,0,45
2023-24,25,625,Luc De Fougerolles,DEF,Fulham,10,2,1,2024-02-17T15:00:00Z,0,0,0,0,0,0,0,0,0.0,0.0,0.0,0.0,0.0,0.0,0.0,0.0,0,39
2023-24,25,626,Jarell Quansah,DEF,Liverpool,11,12,1,2024-02-21T19:30:00Z,90,2,0,0,0,1,0,12,12.4,0.8,0.0,1.3,0.0,0.01,0.01,1.03,1,40
2023-24,25,627,Bobby Clark,MID,Liverpool,11,12,1,2024-02-21T19:30:00Z,12,1,0,0,0,0,0,0,7.0,1.4,2.0,1.0,0.0,0.0,0.0,0.16,0,44
2023-24,25,628,Ben Doak,MID,Liverpool,11,12,1,2024-02-21T19:30:00Z,0,0,0,0,0,0,0,0,0.0,0.0,0.0,0.0,0.0,0.0,0.0,0.0,0,43
2023-24,25,629,James McConnell,MID,Liverpool,11,12,1,2024-02-21T19:30:00Z,1,1,0,0,0,0,0,2,0.0,0.1,0.0,0.0,0.0,0.0,0.0,0.0,0,44
2023-24,25,630,Ross Barkley,MID,Luton,12,11,0,2024-02-21T19:30:00Z,90,1,0,0,0,4,0,19,23.8,24.7,8.0,5.7,0.07,0.04,0.11,3.31,1,50
2023-24,25,631,Jacob Brown,FWD,Luton,12,11,0,2024-02-21T19:30:00Z,0,0,0,0,0,0,0,0,0.0,0.0,0.0,0.0,0.0,0.0,0.0,0.0,0,49
2023-24,25,632,Omari Forson,MID,Man Utd,14,12,0,2024-02-18T16:30:00Z,0,0,0,0,0,0,0,0,0.0,0.0,0.0,0.0,0.0,0.0,0.0,0.0,0,44
2023-24,25,633,Tino Livramento,DEF,Newcastle,15,3,1,2024-02-17T15:00:00Z,19,1,0,0,0,0,0,5,4.6,1.6,0.0,0.6,0.0,0.01,0.01,0.14,0,42
2023-24,25,634,Alex Murphy,DEF,Newcastle,15,3,1,2024-02-17T15:00:00Z,0,0,0,0,0,0,0,0,0.0,0.0,0.0,0.0,0.0,0.0,0.0,0.0,0,39
2023-24,25,635,Lewis Miley,MID,Newcastle,15,3,1,2024-02-17T15:00:00Z,90,2,0,0,0,2,0,21,23.0,14.3,2.0,3.9,0.0,0.02,0.02,2.47,1,45
2023-24,25,636,George Shelvey,GK,Nott'm Forest,16,19,1,2024-02-17T15:00:00Z,0,0,0,0,0,0,0,0,0.0,0.0,0.0,0.0,0.0,0.0,0.0,0.0,0,39
2023-24,25,637,Josh Powell,DEF,Nott'm Forest,16,19,1,2024-02-17T15:00:00Z,0,0,0,0,0,0,0,0,0.0,0.0,0.0,0.0,0.0,0.0,0.0,0.0,0,39
2023-24,25,638,Vini de Souza Costa,MID,Sheffield Utd,17,5,1,2024-02-18T14:00:00Z,90,2,0,0,0,5,0,13,19.0,0.6,5.0,2.5,0.02,0.0,0.02,2.93,1,50
2023-24,25,639,Micky van de Ven,DEF,Spurs,18,20,1,2024-02-17T15:00:00Z,90,1,0,0,0,2,0,21,21.4,5.3,0.0,2.7,0.0,0.06,0.06,1.51,1,44
2023-24,25,640,Dane Scarlett,FWD,Spurs,18,20,1,2024-02-17T15:00:00Z,0,0,0,0,0,0,0,0,0.0,0.0,0.0,0.0,0.0,0.0,0.0,0.0,0,45
2023-24,25,641,Alejo Véliz,FWD,Spurs,18,20,1,2024-02-17T15:00:00Z,0,0,0,0,0,0,0,0,0.0,0.0,0.0,0.0,0.0,0.0,0.0,0.0,0,54
2023-24,25,642,Edson Álvarez Velázquez,MID,West Ham,19,16,0,2024-02-17T15:00:00Z,90,2,0,0,0,2,0,13,24.2,2.7,7.0,3.4,0.08,0.01,0.09,2.79,1,50
2023-24,25,643,Max Aarons,DEF,Bournemouth,3,15,0,2024-02-17T15:00:00Z,0,0,0,0,0,0,0,0,0.0,0.0,0.0,0.0,0.0,0.0,0.0,0.0,0,44
2023-24,25,644,Alex Scott,MID,Bournemouth,3,15,0,2024-02-17T15:00:00Z,19,1,0,0,0,1,0,5,8.6,0.6,2.0,1.1,0.09,0.0,0.09,0.76,0,49
2023-24,25,645,Youssef Ramalho Chermiti,FWD,Everton,9,8,1,2024-02-19T20:00:00Z,0,0,0,0,0,0,0,0,0.0,0.0,0.0,0.0,0.0,0.0,0.0,0.0,0,48
2023-24,25,646,Karl Hein,GK,Arsenal,1,6,0,2024-02-17T15:00:00Z,0,0,0,0,0,0,0,0,0.0,0.0,0.0,0.0,0.0,0.0,0.0,0.0,0,40
2023-24,25,647,Joseph Anang,GK,West Ham,19,16,0,2024-02-17T15:00:00Z,0,0,0,0,0,0,0,0,0.0,0.0,0.0,0.0,0.0,0.0,0.0,0.0,0,40
2023-24,25,648,Aidan Francis-Clarke,DEF,Luton,12,11,0,2024-02-21T19:30:00Z,0,0,0,0,0,0,0,0,0.0,0.0,0.0,0.0,0.0,0.0,0.0,0.0,0,40
2023-24,25,649,Thomas Cannon,FWD,Everton,9,8,1,2024-02-19T20:00:00Z,0,0,0,0,0,0,0,0,0.0,0.0,0.0,0.0,0.0,0.0,0.0,0.0,0,45
2023-24,25,650,Tyler Onyango,MID,Everton,9,8,1,2024-02-19T20:00:00Z,0,0,0,0,0,0,0,0,0.0,0.0,0.0,0.0,0.0,0.0,0.0,0.0,0,44
2023-24,25,651,Jay Stansfield,FWD,Fulham,10,2,1,2024-02-17T15:00:00Z,0,0,0,0,0,0,0,0,0.0,0.0,0.0,0.0,0.0,0.0,0.0,0.0,0,45
2023-24,25,652,Matthew Dibley-Dias,MID,Fulham,10,2,1,2024-02-17T15:00:00Z,0,0,0,0,0,0,0,0,0.0,0.0,0.0,0.0,0.0,0.0,0.0,0.0,0,45
2023-24,25,653,Femi Seriki,DEF,Sheffield Utd,17,5,1,2024-02-18T14:00:00Z,0,0,0,0,0,0,0,0,0.0,0.0,0.0,0.0,0.0,0.0,0.0,0.0,0,39
2023-24,25,654,Louie Marsh,FWD,Sheffield Utd,17,5,1,2024-02-18T14:00:00Z,0,0,0,0,0,0,0,0,0.0,0.0,0.0,0.0,0.0,0.0,0.0,0.0,0,45
2023-24,25,655,Andre Brooks,MID,Sheffield Utd,17,5,1,2024-02-18T14:00:00Z,27,1,0,0,0,3,0,3,1.2,0.7,0.0,0.2,0.0,0.0,0.0,0.51,0,44
2023-24,25,656,Antwoine Hackford,FWD,Sheffield Utd,17,5,1,2024-02-18T14:00:00Z,0,0,0,0,0,0,0,0,0.0,0.0,0.0,0.0,0.0,0.0,0.0,0.0,0,44
2023-24,25,657,Jesurun Rak-Sakyi,MID,Crystal Palace,8,9,0,2024-02-19T20:00:00Z,0,0,0,0,0,0,0,0,0.0,0.0,0.0,0.0,0.0,0.0,0.0,0.0,0,45
2023-24,25,658,John-Kymani Gordon,FWD,Crystal Palace,8,9,0,2024-02-19T20:00:00Z,0,0,0,0,0,0,0,0,0.0,0.0,0.0,0.0,0.0,0.0,0.0,0.0,0,45
2023-24,25,659,Lucas Bergström,GK,Chelsea,7,13,0,2024-02-17T17:30:00Z,0,0,0,0,0,0,0,0,0.0,0.0,0.0,0.0,0.0,0.0,0.0,0.0,0,39
2023-24,25,660,Wilson Odobert,MID,Burnley,6,1,1,2024-02-17T15:00:00Z,79,2,0,0,0,5,0,7,2.4,0.8,4.0,0.7,0.02,0.01,0.03,2.23,1,50
2023-24,25,661,Jack Harrison,MID,Everton,9,8,1,2024-02-19T20:00:00Z,24,1,0,0,0,1,0,4,7.4,4.9,2.0,1.4,0.0,0.02,0.02,0.09,0,55
2023-24,25,662,Adama Traoré,MID,Fulham,10,2,1,2024-02-17T15:00:00Z,15,0,0,0,0,0,0,-4,3.2,4.3,17.0,2.5,0.48,0.01,0.49,0.0,0,49
2023-24,25,663,Gustavo Hamer,MID,Sheffield Utd,17,5,1,2024-02-18T14:00:00Z,78,2,0,0,0,4,0,8,6.6,5.5,16.0,2.8,0.13,0.16,0.29,2.72,1,50
2023-24,25,664,James Ward-Prowse,MID,West Ham,19,16,0,2024-02-17T15:00:00Z,90,2,0,0,0,2,0,19,15.2,27.2,3.0,4.5,0.04,0.15,0.19,2.79,1,60
2023-24,25,665,Tim Krul,GK,Luton,12,11,0,2024-02-21T19:30:00Z,0,0,0,0,0,0,0,0,0.0,0.0,0.0,0.0,0.0,0.0,0.0,0.0,0,44
2023-24,25,666,Tom Davies,MID,Sheffield Utd,17,5,1,2024-02-18T14:00:00Z,11,0,0,0,0,1,0,0,4.0,0.1,0.0,0.4,0.0,0.0,0.0,0.22,0,50
2023-24,25,667,Roméo Lavia,MID,Chelsea,7,13,0,2024-02-17T17:30:00Z,0,0,0,0,0,0,0,0,0.0,0.0,0.0,0.0,0.0,0.0,0.0,0.0,0,49
2023-24,25,668,Wataru Endo,MID,Liverpool,11,12,1,2024-02-21T19:30:00Z,90,2,0,0,0,1,0,19,21.6,39.2,2.0,6.3,0.0,0.38,0.38,1.03,1,54
2023-24,25,669,Radek Vítek,GK,Man Utd,14,12,0,2024-02-18T16:30:00Z,0,0,0,0,0,0,0,0,0.0,0.0,0.0,0.0,0.0,0.0,0.0,0.0,0,40
2023-24,25,670,Filip Marschall,GK,Aston Villa,2,10,0,2024-02-17T15:00:00Z,0,0,0,0,0,0,0,0,0.0,0.0,0.0,0.0,0.0,0.0,0.0,0.0,0,40
2023-24,25,671,Bashir Humphreys,DEF,Chelsea,7,13,0,2024-02-17T17:30:00Z,0,0,0,0,0,0,0,0,0.0,0.0,0.0,0.0,0.0,0.0,0.0,0.0,0,40
2023-24,25,672,Nicolò Zaniolo,MID,Aston Villa,2,10,0,2024-02-17T15:00:00Z,0,0,0,0,0,0,0,0,0.0,0.0,0.0,0.0,0.0,0.0,0.0,0.0,0,54
2023-24,25,673,Tyler Adams,MID,Bournemouth,3,15,0,2024-02-17T15:00:00Z,0,0,0,0,0,0,0,0,0.0,0.0,0.0,0.0,0.0,0.0,0.0,0.0,0,49
2023-24,25,674,Hannes Delcroix,DEF,Burnley,6,1,1,2024-02-17T15:00:00Z,90,0,0,0,0,5,0,15,18.8,14.4,0.0,3.3,0.0,0.03,0.03,2.42,1,40
2023-24,25,675,Aaron Ramsey,MID,Burnley,6,1,1,2024-02-17T15:00:00Z,62,1,0,0,0,3,0,0,0.0,0.3,4.0,0.0,0.08,0.0,0.07,1.03,1,50
2023-24,25,676,Konstantinos Mavropanos,DEF,West Ham,19,16,0,2024-02-17T15:00:00Z,0,0,0,0,0,0,0,0,0.0,0.0,0.0,0.0,0.0,0.0,0.0,0.0,0,45
2023-24,25,677,Deivid Washington de Souza Eugênio,FWD,Chelsea,7,13,0,2024-02-17T17:30:00Z,0,0,0,0,0,0,0,0,0.0,0.0,0.0,0.0,0.0,0.0,0.0,0.0,0,45
2023-24,25,678,Jérémy Doku,MID,Man City,13,4,1,2024-02-20T19:30:00Z,29,1,0,0,0,0,0,10,1.6,6.7,10.0,1.8,0.0,0.04,0.04,0.02,0,65
2023-24,25,679,Gonzalo Montiel,DEF,Nott'm Forest,16,19,1,2024-02-17T15:00:00Z,0,0,0,0,0,0,0,0,0.0,0.0,0.0,0.0,0.0,0.0,0.0,0.0,0,44
2023-24,25,680,Eddie Beach,GK,Chelsea,7,13,0,2024-02-17T17:30:00Z,0,0,0,0,0,0,0,0,0.0,0.0,0.0,0.0,0.0,0.0,0.0,0.0,0,40
2023-24,25,681,Diego Manuel Jadon da Silva Moreira,MID,Chelsea,7,13,0,2024-02-17T17:30:00Z,0,0,0,0,0,0,0,0,0.0,0.0,0.0,0.0,0.0,0.0,0.0,0.0,0,45
2023-24,25,682,Joseph Johnson,DEF,Luton,12,11,0,2024-02-21T19:30:00Z,0,0,0,0,0,0,0,0,0.0,0.0,0.0,0.0,0.0,0.0,0.0,0.0,0,40
2023-24,25,683,Luke Harris,MID,Fulham,10,2,1,2024-02-17T15:00:00Z,0,0,0,0,0,0,0,0,0.0,0.0,0.0,0.0,0.0,0.0,0.0,0.0,0,45
2023-24,25,684,Ethan Brierley,MID,Brentford,4,13,0,2024-02-20T19:30:00Z,0,0,0,0,0,0,0,0,0.0,0.0,0.0,0.0,0.0,0.0,0.0,0.0,0,45
2023-24,25,685,Daniel Gore,MID,Man Utd,14,12,0,2024-02-18T16:30:00Z,0,0,0,0,0,0,0,0,0.0,0.0,0.0,0.0,0.0,0.0,0.0,0.0,0,45
2023-24,25,686,Oliwier Zych,GK,Aston Villa,2,10,0,2024-02-17T15:00:00Z,0,0,0,0,0,0,0,0,0.0,0.0,0.0,0.0,0.0,0.0,0.0,0.0,0,40
2023-24,25,687,Đorđe Petrović,GK,Chelsea,7,13,0,2024-02-17T17:30:00Z,90,2,0,0,0,1,0,14,34.0,0.0,0.0,3.4,0.0,0.0,0.0,2.91,1,45
2023-24,25,688,Timothy Castagne,DEF,Fulham,10,2,1,2024-02-17T15:00:00Z,90,0,0,0,0,2,0,8,8.6,9.0,0.0,1.8,0.0,0.02,0.02,1.65,1,45
2023-24,25,689,Mohammed Kudus,MID,West Ham,19,16,0,2024-02-17T15:00:00Z,90,1,0,0,0,2,0,8,4.0,6.6,16.0,2.7,0.1,0.03,0.13,2.79,1,68
2023-24,25,690,Carlos Baleba,MID,Brighton,5,17,0,2024-02-18T14:00:00Z,0,0,0,0,0,0,0,0,0.0,0.0,0.0,0.0,0.0,0.0,0.0,0.0,0,45
2023-24,25,691,Norberto Bercique Gomes Betuncal,FWD,Everton,9,8,1,2024-02-19T20:00:00Z,18,1,0,0,0,0,0,1,0.0,0.3,4.0,0.2,0.02,0.0,0.02,0.04,0,57
2023-24,25,692,Steven Benda,GK,Fulham,10,2,1,2024-02-17T15:00:00Z,0,0,0,0,0,0,0,0,0.0,0.0,0.0,0.0,0.0,0.0,0.0,0.0,0,40
2023-24,25,693,Luke Thomas,DEF,Sheffield Utd,17,5,1,2024-02-18T14:00:00Z,0,0,0,0,0,0,0,0,0.0,0.0,0.0,0.0,0.0,0.0,0.0,0.0,0,40
2023-24,25,694,Han-Noah Massengo,MID,Burnley,6,1,1,2024-02-17T15:00:00Z,0,0,0,0,0,0,0,0,0.0,0.0,0.0,0.0,0.0,0.0,0.0,0.0,0,49
2023-24,25,695,Altay Bayindir,GK,Man Utd,14,12,0,2024-02-18T16:30:00Z,0,0,0,0,0,0,0,0,0.0,0.0,0.0,0.0,0.0,0.0,0.0,0.0,0,40
2023-24,25,696,Murillo Santiago Costa dos Santos,DEF,Nott'm Forest,16,19,1,2024-02-17T15:00:00Z,90,6,0,0,1,0,0,23,14.6,0.2,9.0,2.4,0.24,0.01,0.25,0.56,1,45
2023-24,25,697,Santiago Bueno,DEF,Wolves,20,18,0,2024-02-17T15:00:00Z,0,0,0,0,0,0,0,0,0.0,0.0,0.0,0.0,0.0,0.0,0.0,0.0,0,45
2023-24,25,698,Enso González,MID,Wolves,20,18,0,2024-02-17T15:00:00Z,0,0,0,0,0,0,0,0,0.0,0.0,0.0,0.0,0.0,0.0,0.0,0.0,0,50
2023-24,25,699,Clément Lenglet,DEF,Aston Villa,2,10,0,2024-02-17T15:00:00Z,90,2,0,0,0,1,0,18,16.8,0.4,5.0,2.2,0.06,0.0,0.06,1.4,1,45
2023-24,25,700,Anssumane Fati Vieira,MID,Brighton,5,17,0,2024-02-18T14:00:00Z,14,4,0,1,0,0,0,12,0.6,1.8,5.0,0.7,0.05,0.04,0.09,0.37,0,64
2023-24,25,701,Saman Ghoddos,MID,Brentford,4,13,0,2024-02-20T19:30:00Z,1,1,0,0,0,0,0,2,0.0,0.0,0.0,0.0,0.0,0.0,0.0,0.2,0,45
2023-24,25,702,Ashley Phillips,DEF,Spurs,18,20,1,2024-02-17T15:00:00Z,0,0,0,0,0,0,0,0,0.0,0.0,0.0,0.0,0.0,0.0,0.0,0.0,0,40
2023-24,25,703,Jonny Evans,DEF,Man Utd,14,12,0,2024-02-18T16:30:00Z,45,1,0,0,0,0,0,9,23.4,0.3,0.0,2.4,0.0,0.01,0.01,0.61,0,40
2023-24,25,704,Nathan Fraser,FWD,Wolves,20,18,0,2024-02-17T15:00:00Z,0,0,0,0,0,0,0,0,0.0,0.0,0.0,0.0,0.0,0.0,0.0,0.0,0,45
2023-24,25,705,Luis Sinisterra,MID,Bournemouth,3,15,0,2024-02-17T15:00:00Z,0,0,0,0,0,0,0,0,0.0,0.0,0.0,0.0,0.0,0.0,0.0,0.0,0,55
2023-24,25,706,Mike Trésor,MID,Burnley,6,1,1,2024-02-17T15:00:00Z,0,0,0,0,0,0,0,0,0.0,0.0,0.0,0.0,0.0,0.0,0.0,0.0,0,53
2023-24,25,707,Fodé Ballo-Touré,DEF,Fulham,10,2,1,2024-02-17T15:00:00Z,0,0,0,0,0,0,0,0,0.0,0.0,0.0,0.0,0.0,0.0,0.0,0.0,0,45
2023-24,25,708,Ryan Gravenberch,MID,Liverpool,11,12,1,2024-02-21T19:30:00Z,77,2,0,0,0,1,0,6,18.2,22.8,11.0,5.2,0.07,0.12,0.19,0.88,1,50
2023-24,25,709,Sofyan Amrabat,MID,Man Utd,14,12,0,2024-02-18T16:30:00Z,4,1,0,0,0,0,0,6,4.2,0.3,0.0,0.5,0.0,0.0,0.0,0.06,0,50
2023-24,25,710,Odysseas Vlachodimos,GK,Nott'm Forest,16,19,1,2024-02-17T15:00:00Z,0,0,0,0,0,0,0,0,0.0,0.0,0.0,0.0,0.0,0.0,0.0,0.0,0,45
2023-24,25,711,Andrew Omobamidele,DEF,Nott'm Forest,16,19,1,2024-02-17T15:00:00Z,1,1,0,0,0,0,0,3,0.0,0.0,0.0,0.0,0.0,0.0,0.0,0.01,0,45
2023-24,25,712,Nicolás Domínguez,MID,Nott'm Forest,16,19,1,2024-02-17T15:00:00Z,85,5,0,1,1,0,0,22,31.6,12.2,5.0,4.9,0.07,0.14,0.21,0.55,1,50
2023-24,25,713,Ibrahim Sangaré,MID,Nott'm Forest,16,19,1,2024-02-17T15:00:00Z,0,0,0,0,0,0,0,0,0.0,0.0,0.0,0.0,0.0,0.0,0.0,0.0,0,49
2023-24,25,714,Divock Origi,FWD,Nott'm Forest,16,19,1,2024-02-17T15:00:00Z,23,1,0,0,0,0,0,-1,0.4,0.7,2.0,0.3,0.0,0.01,0.01,0.11,0,50
2023-24,25,715,Jean-Ricner Bellegarde,MID,Wolves,20,18,0,2024-02-17T15:00:00Z,17,1,0,0,0,0,0,7,8.2,24.0,7.0,3.9,0.13,0.03,0.16,0.72,0,49
2023-24,25,716,Alfie Gilchrist,DEF,Chelsea,7,13,0,2024-02-17T17:30:00Z,0,0,0,0,0,0,0,0,0.0,0.0,0.0,0.0,0.0,0.0,0.0,0.0,0,40
2023-24,25,717,Ronnie Stutter,FWD,Chelsea,7,13,0,2024-02-17T17:30:00Z,0,0,0,0,0,0,0,0,0.0,0.0,0.0,0.0,0.0,0.0,0.0,0.0,0,45
2023-24,25,718,Alex Matos,MID,Chelsea,7,13,0,2024-02-17T17:30:00Z,0,0,0,0,0,0,0,0,0.0,0.0,0.0,0.0,0.0,0.0,0.0,0.0,0,45
2023-24,25,719,Mackenzie Hunt,MID,Everton,9,8,1,2024-02-19T20:00:00Z,0,0,0,0,0,0,0,0,0.0,0.0,0.0,0.0,0.0,0.0,0.0,0.0,0,45
2023-24,25,720,Ademola Ola-Adebomi,FWD,Crystal Palace,8,9,0,2024-02-19T20:00:00Z,0,0,0,0,0,0,0,0,0.0,0.0,0.0,0.0,0.0,0.0,0.0,0.0,0,45
2023-24,25,721,David Ozoh,MID,Crystal Palace,8,9,0,2024-02-19T20:00:00Z,2,1,0,0,0,0,0,3,0.0,0.3,0.0,0.0,0.0,0.0,0.0,0.02,0,45
2023-24,25,722,Jamie Donley,FWD,Spurs,18,20,1,2024-02-17T15:00:00Z,0,0,0,0,0,0,0,0,0.0,0.0,0.0,0.0,0.0,0.0,0.0,0.0,0,45
2023-24,25,723,Josh Brooking,DEF,Chelsea,7,13,0,2024-02-17T17:30:00Z,0,0,0,0,0,0,0,0,0.0,0.0,0.0,0.0,0.0,0.0,0.0,0.0,0,40
2023-24,25,724,Jadan Raymond,MID,Crystal Palace,8,9,0,2024-02-19T20:00:00Z,0,0,0,0,0,0,0,0,0.0,0.0,0.0,0.0,0.0,0.0,0.0,0.0,0,45
2023-24,25,725,Ji-Soo Kim,DEF,Brentford,4,13,0,2024-02-20T19:30:00Z,0,0,0,0,0,0,0,0,0.0,0.0,0.0,0.0,0.0,0.0,0.0,0.0,0,40
2023-24,25,726,Luke Chambers,DEF,Liverpool,11,12,1,2024-02-21T19:30:00Z,0,0,0,0,0,0,0,0,0.0,0.0,0.0,0.0,0.0,0.0,0.0,0.0,0,40
2023-24,25,727,Andros Townsend,MID,Luton,12,11,0,2024-02-21T19:30:00Z,32,1,0,0,0,3,0,4,3.2,0.5,6.0,1.0,0.1,0.01,0.11,1.53,0,50
2023-24,25,728,Callum Scanlon,DEF,Liverpool,11,12,1,2024-02-21T19:30:00Z,0,0,0,0,0,0,0,0,0.0,0.0,0.0,0.0,0.0,0.0,0.0,0.0,0,39
2023-24,25,729,Jayden Luker,MID,Luton,12,11,0,2024-02-21T19:30:00Z,0,0,0,0,0,0,0,0,0.0,0.0,0.0,0.0,0.0,0.0,0.0,0.0,0,45
2023-24,25,730,Ryan Oné,MID,Sheffield Utd,17,5,1,2024-02-18T14:00:00Z,0,0,0,0,0,0,0,0,0.0,0.0,0.0,0.0,0.0,0.0,0.0,0.0,0,44
2023-24,25,731,Jili Buyabu,DEF,Sheffield Utd,17,5,1,2024-02-18T14:00:00Z,0,0,0,0,0,0,0,0,0.0,0.0,0.0,0.0,0.0,0.0,0.0,0.0,0,40
2023-24,25,732,Devan Tanton,DEF,Fulham,10,2,1,2024-02-17T15:00:00Z,0,0,0,0,0,0,0,0,0.0,0.0,0.0,0.0,0.0,0.0,0.0,0.0,0,40
2023-24,25,733,Valintino Adedokun,DEF,Brentford,4,13,0,2024-02-20T19:30:00Z,0,0,0,0,0,0,0,0,0.0,0.0,0.0,0.0,0.0,0.0,0.0,0.0,0,40
2023-24,25,734,Zack Nelson,MID,Luton,12,11,0,2024-02-21T19:30:00Z,0,0,0,0,0,0,0,0,0.0,0.0,0.0,0.0,0.0,0.0,0.0,0.0,0,45
2023-24,25,735,Charles Sagoe,MID,Arsenal,1,6,0,2024-02-17T15:00:00Z,0,0,0,0,0,0,0,0,0.0,0.0,0.0,0.0,0.0,0.0,0.0,0.0,0,45
2023-24,25,736,Reuell Walters,DEF,Arsenal,1,6,0,2024-02-17T15:00:00Z,0,0,0,0,0,0,0,0,0.0,0.0,0.0,0.0,0.0,0.0,0.0,0.0,0,40
2023-24,25,737,Bradley Ibrahim,MID,Arsenal,1,6,0,2024-02-17T15:00:00Z,0,0,0,0,0,0,0,0,0.0,0.0,0.0,0.0,0.0,0.0,0.0,0.0,0,45
2023-24,25,738,Amadou Diallo,MID,Newcastle,15,3,1,2024-02-17T15:00:00Z,0,0,0,0,0,0,0,0,0.0,0.0,0.0,0.0,0.0,0.0,0.0,0.0,0,45
2023-24,25,739,Ben Parkinson,FWD,Newcastle,15,3,1,2024-02-17T15:00:00Z,0,0,0,0,0,0,0,0,0.0,0.0,0.0,0.0,0.0,0.0,0.0,0.0,0,45
2023-24,25,740,Alfie Dorrington,DEF,Spurs,18,20,1,2024-02-17T15:00:00Z,0,0,0,0,0,0,0,0,0.0,0.0,0.0,0.0,0.0,0.0,0.0,0.0,0,40
2023-24,25,741,Mark O’Mahony,FWD,Brighton,5,17,0,2024-02-18T14:00:00Z,0,0,0,0,0,0,0,0,0.0,0.0,0.0,0.0,0.0,0.0,0.0,0.0,0,45
2023-24,25,742,Benicio Baker-Boaitey,MID,Brighton,5,17,0,2024-02-18T14:00:00Z,0,0,0,0,0,0,0,0,0.0,0.0,0.0,0.0,0.0,0.0,0.0,0.0,0,45
2023-24,25,743,Treymaurice Nyoni,MID,Liverpool,11,12,1,2024-02-21T19:30:00Z,0,0,0,0,0,0,0,0,0.0,0.0,0.0,0.0,0.0,0.0,0.0,0.0,0,45
2023-24,25,744,Myles Peart-Harris,MID,Brentford,4,13,0,2024-02-20T19:30:00Z,0,0,0,0,0,0,0,0,0.0,0.0,0.0,0.0,0.0,0.0,0.0,0.0,0,45
2023-24,25,745,Michael Ndiweni,FWD,Newcastle,15,3,1,2024-02-17T15:00:00Z,0,0,0,0,0,0,0,0,0.0,0.0,0.0,0.0,0.0,0.0,0.0,0.0,0,44
2023-24,25,746,Ben Jackson,DEF,Brighton,5,17,0,2024-02-18T14:00:00Z,0,0,0,0,0,0,0,0,0.0,0.0,0.0,0.0,0.0,0.0,0.0,0.0,0,40
2023-24,25,747,Joshua Duffus,MID,Brighton,5,17,0,2024-02-18T14:00:00Z,0,0,0,0,0,0,0,0,0.0,0.0,0.0,0.0,0.0,0.0,0.0,0.0,0,44
2023-24,25,748,Joe Hugill,FWD,Man Utd,14,12,0,2024-02-18T16:30:00Z,0,0,0,0,0,0,0,0,0.0,0.0,0.0,0.0,0.0,0.0,0.0,0.0,0,45
2023-24,25,749,Matthew Whittingham,MID,Wolves,20,18,0,2024-02-17T15:00:00Z,0,0,0,0,0,0,0,0,0.0,0.0,0.0,0.0,0.0,0.0,0.0,0.0,0,45
2023-24,25,750,Tawanda Chirewa,MID,Wolves,20,18,0,2024-02-17T15:00:00Z,0,0,0,0,0,0,0,0,0.0,0.0,0.0,0.0,0.0,0.0,0.0,0.0,0,44
2023-24,25,751,Justin Hubner,DEF,Wolves,20,18,0,2024-02-17T15:00:00Z,0,0,0,0,0,0,0,0,0.0,0.0,0.0,0.0,0.0,0.0,0.0,0.0,0,40
2023-24,25,752,Vincent Angelini,GK,Brentford,4,13,0,2024-02-20T19:30:00Z,0,0,0,0,0,0,0,0,0.0,0.0,0.0,0.0,0.0,0.0,0.0,0.0,0,40
2023-24,25,753,Leigh Kavanagh,DEF,Brighton,5,17,0,2024-02-18T14:00:00Z,0,0,0,0,0,0,0,0,0.0,0.0,0.0,0.0,0.0,0.0,0.0,0.0,0,40
2023-24,25,754,Yago de Santiago Alonso,MID,Spurs,18,20,1,2024-02-17T15:00:00Z,0,0,0,0,0,0,0,0,0.0,0.0,0.0,0.0,0.0,0.0,0.0,0.0,0,45
2023-24,25,755,Luca Barrington,MID,Brighton,5,17,0,2024-02-18T14:00:00Z,0,0,0,0,0,0,0,0,0.0,0.0,0.0,0.0,0.0,0.0,0.0,0.0,0,45
2023-24,25,756,Marcelo de Araújo Pitaluga Filho,GK,Liverpool,11,12,1,2024-02-21T19:30:00Z,0,0,0,0,0,0,0,0,0.0,0.0,0.0,0.0,0.0,0.0,0.0,0.0,0,40
2023-24,25,757,Conor Bradley,DEF,Liverpool,11,12,1,2024-02-21T19:30:00Z,67,2,0,0,0,1,0,22,20.6,36.0,25.0,8.2,0.14,0.21,0.35,0.88,1,41
2023-24,25,758,Leo Castledine,MID,Chelsea,7,13,0,2024-02-17T17:30:00Z,0,0,0,0,0,0,0,0,0.0,0.0,0.0,0.0,0.0,0.0,0.0,0.0,0,45
2023-24,25,759,Sydie Peck,MID,Sheffield Utd,17,5,1,2024-02-18T14:00:00Z,0,0,0,0,0,0,0,0,0.0,0.0,0.0,0.0,0.0,0.0,0.0,0.0,0,44
2023-24,25,760,Jenson Metcalfe,MID,Everton,9,8,1,2024-02-19T20:00:00Z,0,0,0,0,0,0,0,0,0.0,0.0,0.0,0.0,0.0,0.0,0.0,0.0,0,45
2023-24,25,761,Elijah Campbell,DEF,Everton,9,8,1,2024-02-19T20:00:00Z,0,0,0,0,0,0,0,0,0.0,0.0,0.0,0.0,0.0,0.0,0.0,0.0,0,40
2023-24,25,762,Mahamadou Susoho,MID,Man City,13,4,1,2024-02-20T19:30:00Z,0,0,0,0,0,0,0,0,0.0,0.0,0.0,0.0,0.0,0.0,0.0,0.0,0,45
2023-24,25,763,Tayo Adaramola,DEF,Crystal Palace,8,9,0,2024-02-19T20:00:00Z,0,0,0,0,0,0,0,0,0.0,0.0,0.0,0.0,0.0,0.0,0.0,0.0,0,40
2023-24,25,764,Myles Lewis-Skelly,MID,Arsenal,1,6,0,2024-02-17T15:00:00Z,0,0,0,0,0,0,0,0,0.0,0.0,0.0,0.0,0.0,0.0,0.0,0.0,0,45
2023-24,25,765,Sam Proctor,GK,Aston Villa,2,10,0,2024-02-17T15:00:00Z,0,0,0,0,0,0,0,0,0.0,0.0,0.0,0.0,0.0,0.0,0.0,0.0,0,40
2023-24,25,766,Willy Kambwala,DEF,Man Utd,14,12,0,2024-02-18T16:30:00Z,0,0,0,0,0,0,0,0,0.0,0.0,0.0,0.0,0.0,0.0,0.0,0.0,0,39
2023-24,25,767,Tommi O'Reilly,MID,Aston Villa,2,10,0,2024-02-17T15:00:00Z,0,0,0,0,0,0,0,0,0.0,0.0,0.0,0.0,0.0,0.0,0.0,0.0,0,45
2023-24,25,768,Rhys Bennett,DEF,Man Utd,14,12,0,2024-02-18T16:30:00Z,0,0,0,0,0,0,0,0,0.0,0.0,0.0,0.0,0.0,0.0,0.0,0.0,0,40
2023-24,25,769,Owen Hesketh,MID,Wolves,20,18,0,2024-02-17T15:00:00Z,0,0,0,0,0,0,0,0,0.0,0.0,0.0,0.0,0.0,0.0,0.0,0.0,0,45
2023-24,25,770,Ty Barnett,MID,Wolves,20,18,0,2024-02-17T15:00:00Z,0,0,0,0,0,0,0,0,0.0,0.0,0.0,0.0,0.0,0.0,0.0,0.0,0,45
2023-24,25,771,Micah Hamilton,MID,Man City,13,4,1,2024-02-20T19:30:00Z,0,0,0,0,0,0,0,0,0.0,0.0,0.0,0.0,0.0,0.0,0.0,0.0,0,45
2023-24,25,772,Ethan Nwaneri,MID,Arsenal,1,6,0,2024-02-17T15:00:00Z,0,0,0,0,0,0,0,0,0.0,0.0,0.0,0.0,0.0,0.0,0.0,0.0,0,45
2023-24,25,773,Lewis Orford,MID,West Ham,19,16,0,2024-02-17T15:00:00Z,0,0,0,0,0,0,0,0,0.0,0.0,0.0,0.0,0.0,0.0,0.0,0.0,0,45
2023-24,25,774,Kaelan Casey,DEF,West Ham,19,16,0,2024-02-17T15:00:00Z,0,0,0,0,0,0,0,0,0.0,0.0,0.0,0.0,0.0,0.0,0.0,0.0,0,40
2023-24,25,775,Ben Brereton,MID,Sheffield Utd,17,5,1,2024-02-18T14:00:00Z,0,0,0,0,0,0,0,0,0.0,0.0,0.0,0.0,0.0,0.0,0.0,0.0,0,50
2023-24,25,776,Timo Werner,FWD,Spurs,18,20,1,2024-02-17T15:00:00Z,19,1,0,0,0,0,0,5,4.0,6.3,23.0,3.3,0.16,0.03,0.19,0.27,0,64
2023-24,25,777,Radu Dragusin,DEF,Spurs,18,20,1,2024-02-17T15:00:00Z,0,0,0,0,0,0,0,0,0.0,0.0,0.0,0.0,0.0,0.0,0.0,0.0,0,43
2023-24,25,778,James Wright,GK,Aston Villa,2,10,0,2024-02-17T15:00:00Z,0,0,0,0,0,0,0,0,0.0,0.0,0.0,0.0,0.0,0.0,0.0,0.0,0,40
2023-24,25,779,Jamie McDonnell,MID,Nott'm Forest,16,19,1,2024-02-17T15:00:00Z,0,0,0,0,0,0,0,0,0.0,0.0,0.0,0.0,0.0,0.0,0.0,0.0,0,45
2023-24,25,780,Detlef Esapa Osong,FWD,Nott'm Forest,16,19,1,2024-02-17T15:00:00Z,0,0,0,0,0,0,0,0,0.0,0.0,0.0,0.0,0.0,0.0,0.0,0.0,0,45
2023-24,25,781,Joe Gardner,FWD,Nott'm Forest,16,19,1,2024-02-17T15:00:00Z,0,0,0,0,0,0,0,0,0.0,0.0,0.0,0.0,0.0,0.0,0.0,0.0,0,45
2023-24,25,782,Owen Beck,DEF,Liverpool,11,12,1,2024-02-21T19:30:00Z,0,0,0,0,0,0,0,0,0.0,0.0,0.0,0.0,0.0,0.0,0.0,0.0,0,45
2023-24,25,783,Kaide Gordon,MID,Liverpool,11,12,1,2024-02-21T19:30:00Z,0,0,0,0,0,0,0,0,0.0,0.0,0.0,0.0,0.0,0.0,0.0,0.0,0,45
2023-24,25,784,Oliver Scarles,DEF,West Ham,19,16,0,2024-02-17T15:00:00Z,0,0,0,0,0,0,0,0,0.0,0.0,0.0,0.0,0.0,0.0,0.0,0.0,0,40
2023-24,25,785,Callum Marshall,FWD,West Ham,19,16,0,2024-02-17T15:00:00Z,0,0,0,0,0,0,0,0,0.0,0.0,0.0,0.0,0.0,0.0,0.0,0.0,0,45
2023-24,25,786,Cameron Peupion,MID,Brighton,5,17,0,2024-02-18T14:00:00Z,0,0,0,0,0,0,0,0,0.0,0.0,0.0,0.0,0.0,0.0,0.0,0.0,0,45
2023-24,25,787,Harvey Griffiths,MID,Wolves,20,18,0,2024-02-17T15:00:00Z,0,0,0,0,0,0,0,0,0.0,0.0,0.0,0.0,0.0,0.0,0.0,0.0,0,45
2023-24,25,788,Yerson Mosquera,DEF,Wolves,20,18,0,2024-02-17T15:00:00Z,0,0,0,0,0,0,0,0,0.0,0.0,0.0,0.0,0.0,0.0,0.0,0.0,0,40
2023-24,25,789,Hákon Valdimarsson,GK,Brentford,4,13,0,2024-02-20T19:30:00Z,0,0,0,0,0,0,0,0,0.0,0.0,0.0,0.0,0.0,0.0,0.0,0.0,0,40
2023-24,25,790,Ivo Grbic,GK,Sheffield Utd,17,5,1,2024-02-18T14:00:00Z,0,0,0,0,0,0,0,0,0.0,0.0,0.0,0.0,0.0,0.0,0.0,0.0,0,45
2023-24,25,791,Cesare Casadei,MID,Chelsea,7,13,0,2024-02-17T17:30:00Z,8,1,0,0,0,1,0,4,6.0,10.3,2.0,1.8,0.0,0.05,0.05,0.34,0,45
2023-24,25,792,Daniel Muñoz,DEF,Crystal Palace,8,9,0,2024-02-19T20:00:00Z,90,2,0,0,0,1,0,14,15.2,22.0,4.0,4.1,0.0,0.06,0.06,1.66,1,45
2023-24,25,793,Kaine Kesler-Hayden,DEF,Aston Villa,2,10,0,2024-02-17T15:00:00Z,0,0,0,0,0,0,0,0,0.0,0.0,0.0,0.0,0.0,0.0,0.0,0.0,0,40
2023-24,25,794,Joe White,MID,Newcastle,15,3,1,2024-02-17T15:00:00Z,1,1,0,0,0,0,0,2,0.0,0.6,0.0,0.0,0.0,0.0,0.0,0.11,0,45
2023-24,25,795,Travis Hernes,MID,Newcastle,15,3,1,2024-02-17T15:00:00Z,0,0,0,0,0,0,0,0,0.0,0.0,0.0,0.0,0.0,0.0,0.0,0.0,0,45
2023-24,25,796,Kristian Sekularac,MID,Fulham,10,2,1,2024-02-17T15:00:00Z,0,0,0,0,0,0,0,0,0.0,0.0,0.0,0.0,0.0,0.0,0.0,0.0,0,45
2023-24,25,797,Benjamin Fredrick,DEF,Brentford,4,13,0,2024-02-20T19:30:00Z,0,0,0,0,0,0,0,0,0.0,0.0,0.0,0.0,0.0,0.0,0.0,0.0,0,40
2023-24,25,798,Daiki Hashioka,DEF,Luton,12,11,0,2024-02-21T19:30:00Z,0,0,0,0,0,0,0,0,0.0,0.0,0.0,0.0,0.0,0.0,0.0,0.0,0,40
2023-24,25,799,Romain Faivre,MID,Bournemouth,3,15,0,2024-02-17T15:00:00Z,0,0,0,0,0,0,0,0,0.0,0.0,0.0,0.0,0.0,0.0,0.0,0.0,0,50
2023-24,25,800,Noha Lemina,MID,Wolves,20,18,0,2024-02-17T15:00:00Z,0,0,0,0,0,0,0,0,0.0,0.0,0.0,0.0,0.0,0.0,0.0,0.0,0,50
2023-24,25,801,Giovanni Reyna,MID,Nott'm Forest,16,19,1,2024-02-17T15:00:00Z,0,0,0,0,0,0,0,0,0.0,0.0,0.0,0.0,0.0,0.0,0.0,0.0,0,50
2023-24,25,802,Max Kinsey-Wellings,DEF,Bournemouth,3,15,0,2024-02-17T15:00:00Z,0,0,0,0,0,0,0,0,0.0,0.0,0.0,0.0,0.0,0.0,0.0,0.0,0,40
2023-24,25,803,Morgan Rogers,MID,Aston Villa,2,10,0,2024-02-17T15:00:00Z,0,0,0,0,0,0,0,0,0.0,0.0,0.0,0.0,0.0,0.0,0.0,0.0,0,50
2023-24,25,804,Enes Ünal,FWD,Bournemouth,3,15,0,2024-02-17T15:00:00Z,1,1,0,0,0,0,0,2,0.0,0.0,0.0,0.0,0.0,0.0,0.0,0.03,0,50
2023-24,25,805,Lorenz Assignon,DEF,Burnley,6,1,1,2024-02-17T15:00:00Z,79,-1,0,0,0,5,0,3,4.4,0.8,2.0,0.7,0.0,0.0,0.0,2.23,1,40
2023-24,25,806,Maxime Esteve,DEF,Burnley,6,1,1,2024-02-17T15:00:00Z,61,1,0,0,0,3,0,7,13.0,0.1,0.0,1.3,0.0,0.0,0.0,1.03,1,40
2023-24,25,807,Adam Wharton,MID,Crystal Palace,8,9,0,2024-02-19T20:00:00Z,87,3,0,0,0,1,1,17,15.8,49.7,0.0,6.6,0.0,0.09,0.09,1.64,1,50
2023-24,25,808,Matz Sels,GK,Nott'm Forest,16,19,1,2024-02-17T15:00:00Z,90,8,0,0,1,0,1,26,21.8,0.0,0.0,2.2,0.0,0.0,0.0,0.56,1,45
2023-24,25,809,Rodrigo Duarte Ribeiro,FWD,Nott'm Forest,16,19,1,2024-02-17T15:00:00Z,0,0,0,0,0,0,0,0,0.0,0.0,0.0,0.0,0.0,0.0,0.0,0.0,0,45
2023-24,25,810,Joshua King,MID,Fulham,10,2,1,2024-02-17T15:00:00Z,0,0,0,0,0,0,0,0,0.0,0.0,0.0,0.0,0.0,0.0,0.0,0.0,0,45
2023-24,25,811,Dominic Sadi,MID,Bournemouth,3,15,0,2024-02-17T15:00:00Z,0,0,0,0,0,0,0,0,0.0,0.0,0.0,0.0,0.0,0.0,0.0,0.0,0,45
2023-24,25,812,Lewis Koumas,FWD,Liverpool,11,12,1,2024-02-21T19:30:00Z,0,0,0,0,0,0,0,0,0.0,0.0,0.0,0.0,0.0,0.0,0.0,0.0,0,45
2023-24,25,813,Fabian Mrozek,GK,Liverpool,11,12,1,2024-02-21T19:30:00Z,0,0,0,0,0,0,0,0,0.0,0.0,0.0,0.0,0.0,0.0,0.0,0.0,0,40
2023-24,25,814,Jacob Wright,MID,Man City,13,4,1,2024-02-20T19:30:00Z,0,0,0,0,0,0,0,0,0.0,0.0,0.0,0.0,0.0,0.0,0.0,0.0,0,45
2023-24,25,815,Mauro Bandeira,MID,Arsenal,1,6,0,2024-02-17T15:00:00Z,0,0,0,0,0,0,0,0,0.0,0.0,0.0,0.0,0.0,0.0,0.0,0.0,0,45
2023-24,25,816,Valentín Barco,DEF,Brighton,5,17,0,2024-02-18T14:00:00Z,0,0,0,0,0,0,0,0,0.0,0.0,0.0,0.0,0.0,0.0,0.0,0.0,0,40
2023-24,25,817,James Sweet,DEF,Arsenal,1,6,0,2024-02-17T15:00:00Z,0,0,0,0,0,0,0,0,0.0,0.0,0.0,0.0,0.0,0.0,0.0,0.0,0,40
2023-24,25,818,Joe Gauci,GK,Aston Villa,2,10,0,2024-02-17T15:00:00Z,0,0,0,0,0,0,0,0,0.0,0.0,0.0,0.0,0.0,0.0,0.0,0.0,0,40
2023-24,25,819,Ishé Samuels-Smith,DEF,Chelsea,7,13,0,2024-02-17T17:30:00Z,0,0,0,0,0,0,0,0,0.0,0.0,0.0,0.0,0.0,0.0,0.0,0.0,0,40
2023-24,25,820,Ollie Harrison,MID,Chelsea,7,13,0,2024-02-17T17:30:00Z,0,0,0,0,0,0,0,0,0.0,0.0,0.0,0.0,0.0,0.0,0.0,0.0,0,45
2023-24,25,821,Franco Umeh-Chibueze,FWD,Crystal Palace,8,9,0,2024-02-19T20:00:00Z,0,0,0,0,0,0,0,0,0.0,0.0,0.0,0.0,0.0,0.0,0.0,0.0,0,45
2023-24,25,822,Billy Blacker,FWD,Sheffield Utd,17,5,1,2024-02-18T14:00:00Z,0,0,0,0,0,0,0,0,0.0,0.0,0.0,0.0,0.0,0.0,0.0,0.0,0,45
2023-24,25,823,Oliver Arblaster,MID,Sheffield Utd,17,5,1,2024-02-18T14:00:00Z,0,0,0,0,0,0,0,0,0.0,0.0,0.0,0.0,0.0,0.0,0.0,0.0,0,45
2023-24,25,824,Jayden Danns,FWD,Liverpool,11,12,1,2024-02-21T19:30:00Z,1,1,0,0,0,0,0,2,0.0,3.2,0.0,0.2,0.0,0.0,0.0,0.0,0,45
