season,gw,element,name,position,team,team_id,opponent_team,was_home,kickoff_time,minutes,total_points,goals_scored,assists,clean_sheets,goals_conceded,bonus,bps,influence,creativity,threat,ict_index,expected_goals,expected_assists,expected_goal_involvements,expected_goals_conceded,starts,value
2023-24,32,1,Folarin Balogun,FWD,Arsenal,1,5,0,2024-04-06T16:30:00Z,0,0,0,0,0,0,0,0,0.0,0.0,0.0,0.0,0.0,0.0,0.0,0.0,0,44
2023-24,32,2,Cédric Alves Soares,DEF,Arsenal,1,5,0,2024-04-06T16:30:00Z,0,0,0,0,0,0,0,0,0.0,0.0,0.0,0.0,0.0,0.0,0.0,0.0,0,38
2023-24,32,3,Mohamed Elneny,MID,Arsenal,1,5,0,2024-04-06T16:30:00Z,0,0,0,0,0,0,0,0,0.0,0.0,0.0,0.0,0.0,0.0,0.0,0.0,0,44
2023-24,32,4,Fábio Ferreira Vieira,MID,Arsenal,1,5,0,2024-04-06T16:30:00Z,1,1,0,0,0,0,0,2,0.0,0.3,0.0,0.0,0.0,0.01,0.01,0.15,0,54
2023-24,32,5,Gabriel dos Santos Magalhães,DEF,Arsenal,1,5,0,2024-04-06T16:30:00Z,90,6,0,0,1,0,0,18,16.4,1.3,55.0,7.3,0.69,0.01,0.7,0.53,1,53
2023-24,32,6,Kai Havertz,MID,Arsenal,1,5,0,2024-04-06T16:30:00Z,88,14,1,1,1,0,3,38,57.0,47.3,52.0,15.6,0.61,0.49,1.1,0.38,1,73
2023-24,32,7,Rob Holding,DEF,Crystal Palace,8,13,1,2024-04-06T11:30:00Z,0,0,0,0,0,0,0,0,0.0,0.0,0.0,0.0,0.0,0.0,0.0,0.0,0,43
2023-24,32,8,Gabriel Fernando de Jesus,FWD,Arsenal,1,5,0,2024-04-06T16:30:00Z,63,5,0,1,1,0,0,6,3.8,13.8,37.0,5.5,0.38,0.06,0.44,0.38,1,77
2023-24,32,9,Jorge Luiz Frello Filho,MID,Arsenal,1,5,0,2024-04-06T16:30:00Z,90,7,0,1,1,0,1,25,24.6,14.4,6.0,4.5,0.0,0.56,0.56,0.53,1,53
2023-24,32,10,Jakub Kiwior,DEF,Arsenal,1,5,0,2024-04-06T16:30:00Z,0,0,0,0,0,0,0,0,0.0,0.0,0.0,0.0,0.0,0.0,0.0,0.0,0,44
2023-24,32,11,Marcus Oliveira Alencar,MID,Arsenal,1,5,0,2024-04-06T16:30:00Z,0,0,0,0,0,0,0,0,0.0,0.0,0.0,0.0,0.0,0.0,0.0,0.0,0,45
2023-24,32,12,Gabriel Martinelli Silva,MID,Arsenal,1,5,0,2024-04-06T16:30:00Z,26,1,0,0,0,0,0,9,9.2,10.5,4.0,2.4,0.0,0.24,0.24,0.15,0,76
2023-24,32,13,Eddie Nketiah,FWD,Arsenal,1,5,0,2024-04-06T16:30:00Z,1,1,0,0,0,0,0,2,0.0,0.0,4.0,0.4,0.1,0.0,0.1,0.15,0,51
2023-24,32,14,Martin Ødegaard,MID,Arsenal,1,5,0,2024-04-06T16:30:00Z,88,3,0,0,1,0,0,18,11.2,20.8,27.0,5.9,0.06,0.29,0.35,0.38,1,85
2023-24,32,15,Thomas Partey,MID,Arsenal,1,5,0,2024-04-06T16:30:00Z,0,0,0,0,0,0,0,0,0.0,0.0,0.0,0.0,0.0,0.0,0.0,0.0,0,48
2023-24,32,16,Nicolas Pépé,MID,Arsenal,1,5,0,2024-04-06T16:30:00Z,0,0,0,0,0,0,0,0,0.0,0.0,0.0,0.0,0.0,0.0,0.0,0.0,0,49
2023-24,32,17,Aaron Ramsdale,GK,Arsenal,1,5,0,2024-04-06T16:30:00Z,0,0,0,0,0,0,0,0,0.0,0.0,0.0,0.0,0.0,0.0,0.0,0.0,0,45
2023-24,32,18,Rúnar Alex Rúnarsson,GK,Arsenal,1,5,0,2024-04-06T16:30:00Z,0,0,0,0,0,0,0,0,0.0,0.0,0.0,0.0,0.0,0.0,0.0,0.0,0,40
2023-24,32,19,Bukayo Saka,MID,Arsenal,1,5,0,2024-04-06T16:30:00Z,63,10,1,0,1,0,2,29,44.2,38.5,42.0,12.5,0.99,0.23,1.21,0.38,1,89
2023-24,32,20,William Saliba,DEF,Arsenal,1,5,0,2024-04-06T16:30:00Z,90,5,0,0,1,0,0,24,7.0,2.3,0.0,0.9,0.0,0.01,0.01,0.53,1,58
2023-24,32,21,Albert Sambi Lokonga,MID,Luton,12,3,1,2024-04-06T14:00:00Z,0,0,0,0,0,0,0,0,0.0,0.0,0.0,0.0,0.0,0.0,0.0,0.0,0,49
2023-24,32,22,Emile Smith Rowe,MID,Arsenal,1,5,0,2024-04-06T16:30:00Z,0,0,0,0,0,0,0,0,0.0,0.0,0.0,0.0,0.0,0.0,0.0,0.0,0,53
2023-24,32,23,Nuno Varela Tavares,DEF,Nott'm Forest,16,18,0,2024-04-07T17:00:00Z,0,0,0,0,0,0,0,0,0.0,0.0,0.0,0.0,0.0,0.0,0.0,0.0,0,40
2023-24,32,24,Kieran Tierney,DEF,Arsenal,1,5,0,2024-04-06T16:30:00Z,0,0,0,0,0,0,0,0,0.0,0.0,0.0,0.0,0.0,0.0,0.0,0.0,0,44
2023-24,32,25,Takehiro Tomiyasu,DEF,Arsenal,1,5,0,2024-04-06T16:30:00Z,18,1,0,0,0,0,0,3,1.2,0.1,0.0,0.1,0.0,0.0,0.0,0.15,0,45
2023-24,32,26,Leandro Trossard,MID,Arsenal,1,5,0,2024-04-06T16:30:00Z,26,6,1,0,0,0,0,22,39.4,10.3,24.0,7.4,0.36,0.0,0.36,0.15,0,65
2023-24,32,27,Auston Trusty,DEF,Sheffield Utd,17,7,1,2024-04-07T16:30:00Z,86,1,0,0,0,2,0,12,6.0,0.7,2.0,0.9,0.0,0.0,0.0,0.37,1,39
2023-24,32,28,Matt Turner,GK,Nott'm Forest,16,18,0,2024-04-07T17:00:00Z,0,0,0,0,0,0,0,0,0.0,0.0,0.0,0.0,0.0,0.0,0.0,0.0,0,38
2023-24,32,29,Benjamin White,DEF,Arsenal,1,5,0,2024-04-06T16:30:00Z,90,5,0,0,1,0,0,21,12.4,22.8,0.0,3.5,0.0,0.07,0.07,0.53,1,59
2023-24,32,30,Granit Xhaka,MID,Arsenal,1,5,0,2024-04-06T16:30:00Z,0,0,0,0,0,0,0,0,0.0,0.0,0.0,0.0,0.0,0.0,0.0,0.0,0,60
2023-24,32,31,Oleksandr Zinchenko,DEF,Arsenal,1,5,0,2024-04-06T16:30:00Z,71,6,0,0,1,0,0,22,5.6,14.1,0.0,2.0,0.0,0.06,0.06,0.38,1,50
2023-24,32,32,Alexandre Moreno Lopera,DEF,Aston Villa,2,4,1,2024-04-06T14:00:00Z,1,1,0,0,0,0,0,2,1.0,0.0,0.0,0.1,0.0,0.0,0.0,0.0,0,51
2023-24,32,33,Cameron Archer,FWD,Sheffield Utd,17,7,1,2024-04-07T16:30:00Z,3,4,0,1,0,0,0,16,17.2,11.0,2.0,3.0,0.0,0.13,0.13,0.0,0,42
2023-24,32,34,Leon Bailey,MID,Aston Villa,2,4,1,2024-04-06T14:00:00Z,90,5,0,1,0,3,0,17,5.6,18.8,22.0,4.6,0.07,0.1,0.17,1.56,1,56
2023-24,32,35,Emiliano Buendía Stati,MID,Aston Villa,2,4,1,2024-04-06T14:00:00Z,0,0,0,0,0,0,0,0,0.0,0.0,0.0,0.0,0.0,0.0,0.0,0.0,0,57
2023-24,32,36,Matty Cash,DEF,Aston Villa,2,4,1,2024-04-06T14:00:00Z,0,0,0,0,0,0,0,0,0.0,0.0,0.0,0.0,0.0,0.0,0.0,0.0,0,45
2023-24,32,37,Calum Chambers,DEF,Aston Villa,2,4,1,2024-04-06T14:00:00Z,0,0,0,0,0,0,0,0,0.0,0.0,0.0,0.0,0.0,0.0,0.0,0.0,0,38
2023-24,32,38,Philippe Coutinho Correia,MID,Aston Villa,2,4,1,2024-04-06T14:00:00Z,0,0,0,0,0,0,0,0,0.0,0.0,0.0,0.0,0.0,0.0,0.0,0.0,0,58
2023-24,32,39,Keinan Davis,FWD,Aston Villa,2,4,1,2024-04-06T14:00:00Z,0,0,0,0,0,0,0,0,0.0,0.0,0.0,0.0,0.0,0.0,0.0,0.0,0,49
2023-24,32,40,Leander Dendoncker,MID,Aston Villa,2,4,1,2024-04-06T14:00:00Z,0,0,0,0,0,0,0,0,0.0,0.0,0.0,0.0,0.0,0.0,0.0,0.0,0,49
2023-24,32,41,Diego Carlos Santos Silva,DEF,Aston Villa,2,4,1,2024-04-06T14:00:00Z,90,0,0,0,0,3,0,9,20.6,2.1,2.0,2.5,0.0,0.03,0.03,1.56,1,44
2023-24,32,42,Lucas Digne,DEF,Aston Villa,2,4,1,2024-04-06T14:00:00Z,90,1,0,0,0,3,0,11,5.2,10.3,12.0,2.8,0.12,0.08,0.2,1.56,1,46
2023-24,32,43,Douglas Luiz Soares de Paulo,MID,Aston Villa,2,4,1,2024-04-06T14:00:00Z,90,1,0,0,0,3,0,7,8.2,34.7,4.0,4.7,0.0,0.21,0.21,1.56,1,56
2023-24,32,44,Jhon Durán,FWD,Aston Villa,2,4,1,2024-04-06T14:00:00Z,1,1,0,0,0,0,0,3,0.2,0.0,0.0,0.0,0.0,0.0,0.0,0.0,0,50
2023-24,32,45,Kortney Hause,DEF,Aston Villa,2,4,1,2024-04-06T14:00:00Z,0,0,0,0,0,0,0,0,0.0,0.0,0.0,0.0,0.0,0.0,0.0,0.0,0,39
2023-24,32,46,Tim Iroegbunam,MID,Aston Villa,2,4,1,2024-04-06T14:00:00Z,0,0,0,0,0,0,0,0,0.0,0.0,0.0,0.0,0.0,0.0,0.0,0.0,0,44
2023-24,32,47,Boubacar Kamara,MID,Aston Villa,2,4,1,2024-04-06T14:00:00Z,0,0,0,0,0,0,0,0,0.0,0.0,0.0,0.0,0.0,0.0,0.0,0.0,0,50
2023-24,32,48,Ezri Konsa Ngoyo,DEF,Aston Villa,2,4,1,2024-04-06T14:00:00Z,90,1,0,0,0,3,0,14,12.6,20.3,11.0,4.4,0.24,0.05,0.29,1.56,1,45
2023-24,32,49,Emiliano Martínez Romero,GK,Aston Villa,2,4,1,2024-04-06T14:00:00Z,90,1,0,0,0,3,0,9,3.8,0.0,0.0,0.4,0.0,0.0,0.0,1.56,1,53
2023-24,32,50,John McGinn,MID,Aston Villa,2,4,1,2024-04-06T14:00:00Z,90,5,0,1,0,3,0,27,31.6,41.4,4.0,7.7,0.0,0.38,0.38,1.56,1,53
2023-24,32,51,Tyrone Mings,DEF,Aston Villa,2,4,1,2024-04-06T14:00:00Z,0,0,0,0,0,0,0,0,0.0,0.0,0.0,0.0,0.0,0.0,0.0,0.0,0,41
2023-24,32,52,Marvelous Nakamba,MID,Luton,12,3,1,2024-04-06T14:00:00Z,0,0,0,0,0,0,0,0,0.0,0.0,0.0,0.0,0.0,0.0,0.0,0.0,0,43
2023-24,32,53,Robin Olsen,GK,Aston Villa,2,4,1,2024-04-06T14:00:00Z,0,0,0,0,0,0,0,0,0.0,0.0,0.0,0.0,0.0,0.0,0.0,0.0,0,39
2023-24,32,54,Jaden Philogene-Bidace,MID,Aston Villa,2,4,1,2024-04-06T14:00:00Z,0,0,0,0,0,0,0,0,0.0,0.0,0.0,0.0,0.0,0.0,0.0,0.0,0,45
2023-24,32,55,Jacob Ramsey,MID,Aston Villa,2,4,1,2024-04-06T14:00:00Z,0,0,0,0,0,0,0,0,0.0,0.0,0.0,0.0,0.0,0.0,0.0,0.0,0,59
2023-24,32,56,Morgan Sanson,MID,Aston Villa,2,4,1,2024-04-06T14:00:00Z,0,0,0,0,0,0,0,0,0.0,0.0,0.0,0.0,0.0,0.0,0.0,0.0,0,45
2023-24,32,57,Viljami Sinisalo,GK,Aston Villa,2,4,1,2024-04-06T14:00:00Z,0,0,0,0,0,0,0,0,0.0,0.0,0.0,0.0,0.0,0.0,0.0,0.0,0,40
2023-24,32,58,Youri Tielemans,MID,Aston Villa,2,4,1,2024-04-06T14:00:00Z,90,6,0,1,0,3,1,28,32.2,28.1,2.0,6.2,0.0,0.08,0.08,1.56,1,56
2023-24,32,59,Bertrand Traoré,MID,Aston Villa,2,4,1,2024-04-06T14:00:00Z,0,0,0,0,0,0,0,0,0.0,0.0,0.0,0.0,0.0,0.0,0.0,0.0,0,50
2023-24,32,60,Ollie Watkins,FWD,Aston Villa,2,4,1,2024-04-06T14:00:00Z,90,13,2,0,0,3,3,54,67.2,2.8,54.0,12.4,0.46,0.02,0.48,1.56,1,88
2023-24,32,61,Wesley Moraes Ferreira da Silva,FWD,Aston Villa,2,4,1,2024-04-06T14:00:00Z,0,0,0,0,0,0,0,0,0.0,0.0,0.0,0.0,0.0,0.0,0.0,0.0,0,50
2023-24,32,62,Jaidon Anthony,MID,Bournemouth,3,12,0,2024-04-06T14:00:00Z,0,0,0,0,0,0,0,0,0.0,0.0,0.0,0.0,0.0,0.0,0.0,0.0,0,49
2023-24,32,63,Philip Billing,MID,Bournemouth,3,12,0,2024-04-06T14:00:00Z,22,1,0,0,0,2,0,7,9.8,10.2,0.0,2.0,0.0,0.0,0.0,0.82,0,51
2023-24,32,64,David Brooks,MID,Bournemouth,3,12,0,2024-04-06T14:00:00Z,0,0,0,0,0,0,0,0,0.0,0.0,0.0,0.0,0.0,0.0,0.0,0.0,0,47
2023-24,32,65,Ryan Christie,MID,Bournemouth,3,12,0,2024-04-06T14:00:00Z,90,2,0,0,0,2,0,10,21.8,1.7,0.0,2.4,0.0,0.32,0.32,1.4,1,50
2023-24,32,66,Lewis Cook,MID,Bournemouth,3,12,0,2024-04-06T14:00:00Z,86,2,0,0,0,1,0,9,4.4,1.2,0.0,0.6,0.0,0.01,0.01,0.89,1,50
2023-24,32,67,Siriki Dembélé,MID,Bournemouth,3,12,0,2024-04-06T14:00:00Z,0,0,0,0,0,0,0,0,0.0,0.0,0.0,0.0,0.0,0.0,0.0,0.0,0,45
2023-24,32,68,Ryan Fredericks,DEF,Bournemouth,3,12,0,2024-04-06T14:00:00Z,0,0,0,0,0,0,0,0,0.0,0.0,0.0,0.0,0.0,0.0,0.0,0.0,0,43
2023-24,32,69,James Hill,DEF,Bournemouth,3,12,0,2024-04-06T14:00:00Z,0,0,0,0,0,0,0,0,0.0,0.0,0.0,0.0,0.0,0.0,0.0,0.0,0,40
2023-24,32,70,Lloyd Kelly,DEF,Bournemouth,3,12,0,2024-04-06T14:00:00Z,90,1,0,0,0,2,0,15,21.2,0.3,0.0,2.2,0.0,0.0,0.0,1.4,1,45
2023-24,32,71,Gavin Kilkenny,MID,Bournemouth,3,12,0,2024-04-06T14:00:00Z,0,0,0,0,0,0,0,0,0.0,0.0,0.0,0.0,0.0,0.0,0.0,0.0,0,43
2023-24,32,72,Justin Kluivert,MID,Bournemouth,3,12,0,2024-04-06T14:00:00Z,67,6,0,1,1,0,0,14,15.8,12.3,20.0,4.8,0.19,0.01,0.2,0.58,1,46
2023-24,32,73,Jamal Lowe,MID,Bournemouth,3,12,0,2024-04-06T14:00:00Z,0,0,0,0,0,0,0,0,0.0,0.0,0.0,0.0,0.0,0.0,0.0,0.0,0,49
2023-24,32,74,Emiliano Marcondes,MID,Bournemouth,3,12,0,2024-04-06T14:00:00Z,0,0,0,0,0,0,0,0,0.0,0.0,0.0,0.0,0.0,0.0,0.0,0.0,0,43
2023-24,32,75,Chris Mepham,DEF,Bournemouth,3,12,0,2024-04-06T14:00:00Z,0,0,0,0,0,0,0,0,0.0,0.0,0.0,0.0,0.0,0.0,0.0,0.0,0,43
2023-24,32,76,Kieffer Moore,FWD,Bournemouth,3,12,0,2024-04-06T14:00:00Z,0,0,0,0,0,0,0,0,0.0,0.0,0.0,0.0,0.0,0.0,0.0,0.0,0,46
2023-24,32,77,Norberto Murara Neto,GK,Bournemouth,3,12,0,2024-04-06T14:00:00Z,90,4,0,0,0,2,1,24,52.0,0.0,0.0,5.2,0.0,0.0,0.0,1.4,1,47
2023-24,32,78,Dango Ouattara,MID,Bournemouth,3,12,0,2024-04-06T14:00:00Z,31,1,0,0,0,2,0,4,11.2,15.1,8.0,3.4,0.0,0.06,0.06,0.95,0,47
2023-24,32,79,Ben Pearson,MID,Bournemouth,3,12,0,2024-04-06T14:00:00Z,0,0,0,0,0,0,0,0,0.0,0.0,0.0,0.0,0.0,0.0,0.0,0.0,0,45
2023-24,32,80,Darren Randolph,GK,Bournemouth,3,12,0,2024-04-06T14:00:00Z,0,0,0,0,0,0,0,0,0.0,0.0,0.0,0.0,0.0,0.0,0.0,0.0,0,40
2023-24,32,81,Joe Rothwell,MID,Bournemouth,3,12,0,2024-04-06T14:00:00Z,0,0,0,0,0,0,0,0,0.0,0.0,0.0,0.0,0.0,0.0,0.0,0.0,0,48
2023-24,32,82,Antoine Semenyo,FWD,Bournemouth,3,12,0,2024-04-06T14:00:00Z,68,2,0,0,1,0,0,6,5.8,10.5,0.0,1.6,0.0,0.01,0.01,0.58,1,45
2023-24,32,83,Marcos Senesi,DEF,Bournemouth,3,12,0,2024-04-06T14:00:00Z,4,1,0,0,0,1,0,3,0.6,0.5,0.0,0.1,0.0,0.01,0.01,0.51,0,44
2023-24,32,84,Adam Smith,DEF,Bournemouth,3,12,0,2024-04-06T14:00:00Z,90,1,0,0,0,2,0,8,27.4,18.8,4.0,5.0,0.0,0.12,0.12,1.4,1,44
2023-24,32,85,Dominic Solanke,FWD,Bournemouth,3,12,0,2024-04-06T14:00:00Z,90,2,0,0,0,2,0,2,9.4,21.4,13.0,4.4,0.07,0.04,0.11,1.4,1,73
2023-24,32,86,Marcus Tavernier,MID,Bournemouth,3,12,0,2024-04-06T14:00:00Z,58,6,1,0,0,0,0,17,31.8,5.0,13.0,5.0,0.08,0.16,0.24,0.45,1,52
2023-24,32,87,Hamed Traorè,MID,Bournemouth,3,12,0,2024-04-06T14:00:00Z,0,0,0,0,0,0,0,0,0.0,0.0,0.0,0.0,0.0,0.0,0.0,0.0,0,47
2023-24,32,88,Mark Travers,GK,Bournemouth,3,12,0,2024-04-06T14:00:00Z,0,0,0,0,0,0,0,0,0.0,0.0,0.0,0.0,0.0,0.0,0.0,0.0,0,40
2023-24,32,89,Illia Zabarnyi,DEF,Bournemouth,3,12,0,2024-04-06T14:00:00Z,90,1,0,0,0,2,0,8,6.4,1.1,0.0,0.8,0.0,0.0,0.0,1.4,1,45
2023-24,32,90,Kristoffer Ajer,DEF,Brentford,4,2,0,2024-04-06T14:00:00Z,90,1,0,0,0,3,0,7,14.6,0.3,6.0,2.1,0.0,0.02,0.02,1.52,1,44
2023-24,32,91,Ellery Balcombe,GK,Brentford,4,2,0,2024-04-06T14:00:00Z,0,0,0,0,0,0,0,0,0.0,0.0,0.0,0.0,0.0,0.0,0.0,0.0,0,39
2023-24,32,92,Shandon Baptiste,MID,Brentford,4,2,0,2024-04-06T14:00:00Z,0,0,0,0,0,0,0,0,0.0,0.0,0.0,0.0,0.0,0.0,0.0,0.0,0,43
2023-24,32,93,Mads Bech Sørensen,DEF,Brentford,4,2,0,2024-04-06T14:00:00Z,0,0,0,0,0,0,0,0,0.0,0.0,0.0,0.0,0.0,0.0,0.0,0.0,0,40
2023-24,32,94,Mads Bidstrup,MID,Brentford,4,2,0,2024-04-06T14:00:00Z,0,0,0,0,0,0,0,0,0.0,0.0,0.0,0.0,0.0,0.0,0.0,0.0,0,45
2023-24,32,95,Sergi Canós Tenés,MID,Brentford,4,2,0,2024-04-06T14:00:00Z,0,0,0,0,0,0,0,0,0.0,0.0,0.0,0.0,0.0,0.0,0.0,0.0,0,50
2023-24,32,96,Nathan Collins,DEF,Brentford,4,2,0,2024-04-06T14:00:00Z,90,1,0,0,0,3,0,12,17.2,0.2,2.0,1.9,0.0,0.01,0.01,1.52,1,45
2023-24,32,97,Matthew Cox,GK,Brentford,4,2,0,2024-04-06T14:00:00Z,0,0,0,0,0,0,0,0,0.0,0.0,0.0,0.0,0.0,0.0,0.0,0.0,0,40
2023-24,32,98,Mikkel Damsgaard,MID,Brentford,4,2,0,2024-04-06T14:00:00Z,80,4,0,1,0,3,0,14,17.6,14.3,6.0,3.8,0.14,0.01,0.15,1.18,1,48
2023-24,32,99,Josh Dasilva,MID,Brentford,4,2,0,2024-04-06T14:00:00Z,0,0,0,0,0,0,0,0,0.0,0.0,0.0,0.0,0.0,0.0,0.0,0.0,0,47
2023-24,32,100,Halil Dervişoğlu,FWD,Brentford,4,2,0,2024-04-06T14:00:00Z,0,0,0,0,0,0,0,0,0.0,0.0,0.0,0.0,0.0,0.0,0.0,0.0,0,45
2023-24,32,101,Mark Flekken,GK,Brentford,4,2,0,2024-04-06T14:00:00Z,90,1,0,0,0,3,0,8,0.0,0.0,0.0,0.0,0.0,0.0,0.0,1.52,1,46
2023-24,32,102,Charlie Goode,DEF,Brentford,4,2,0,2024-04-06T14:00:00Z,0,0,0,0,0,0,0,0,0.0,0.0,0.0,0.0,0.0,0.0,0.0,0.0,0,39
2023-24,32,103,Rico Henry,DEF,Brentford,4,2,0,2024-04-06T14:00:00Z,0,0,0,0,0,0,0,0,0.0,0.0,0.0,0.0,0.0,0.0,0.0,0.0,0,43
2023-24,32,104,Aaron Hickey,DEF,Brentford,4,2,0,2024-04-06T14:00:00Z,0,0,0,0,0,0,0,0,0.0,0.0,0.0,0.0,0.0,0.0,0.0,0.0,0,43
2023-24,32,105,Vitaly Janelt,MID,Brentford,4,2,0,2024-04-06T14:00:00Z,90,2,0,0,0,3,0,12,13.4,1.1,0.0,1.5,0.0,0.01,0.01,1.52,1,53
2023-24,32,106,Mathias Jensen,MID,Brentford,4,2,0,2024-04-06T14:00:00Z,85,2,0,0,0,3,0,5,5.2,1.8,0.0,0.7,0.0,0.05,0.05,1.26,1,53
2023-24,32,107,Keane Lewis-Potter,MID,Brentford,4,2,0,2024-04-06T14:00:00Z,14,1,0,0,0,1,0,4,4.2,0.3,0.0,0.5,0.0,0.0,0.0,0.57,0,47
2023-24,32,108,Bryan Mbeumo,MID,Brentford,4,2,0,2024-04-06T14:00:00Z,85,7,1,0,0,3,0,18,33.4,8.7,20.0,6.2,0.22,0.2,0.42,1.26,1,67
2023-24,32,109,Ben Mee,DEF,Brentford,4,2,0,2024-04-06T14:00:00Z,0,0,0,0,0,0,0,0,0.0,0.0,0.0,0.0,0.0,0.0,0.0,0.0,0,48
2023-24,32,110,Christian Nørgaard,MID,Brentford,4,2,0,2024-04-06T14:00:00Z,0,0,0,0,0,0,0,0,0.0,0.0,0.0,0.0,0.0,0.0,0.0,0.0,0,52
2023-24,32,111,Frank Onyeka,MID,Brentford,4,2,0,2024-04-06T14:00:00Z,4,1,0,0,0,0,0,4,3.0,0.0,0.0,0.3,0.0,0.0,0.0,0.26,0,49
2023-24,32,112,Ethan Pinnock,DEF,Brentford,4,2,0,2024-04-06T14:00:00Z,0,0,0,0,0,0,0,0,0.0,0.0,0.0,0.0,0.0,0.0,0.0,0.0,0,45
2023-24,32,113,David Raya Martin,GK,Arsenal,1,5,0,2024-04-06T16:30:00Z,90,6,0,0,1,0,0,24,11.2,0.0,0.0,1.1,0.0,0.0,0.0,0.53,1,51
2023-24,32,114,Mads Roerslev Rasmussen,DEF,Brentford,4,2,0,2024-04-06T14:00:00Z,90,1,0,0,0,3,0,5,5.2,0.4,0.0,0.6,0.0,0.0,0.0,1.52,1,44
2023-24,32,115,Kevin Schade,MID,Brentford,4,2,0,2024-04-06T14:00:00Z,0,0,0,0,0,0,0,0,0.0,0.0,0.0,0.0,0.0,0.0,0.0,0.0,0,52
2023-24,32,116,Thomas Strakosha,GK,Brentford,4,2,0,2024-04-06T14:00:00Z,0,0,0,0,0,0,0,0,0.0,0.0,0.0,0.0,0.0,0.0,0.0,0.0,0,39
2023-24,32,117,Ivan Toney,FWD,Brentford,4,2,0,2024-04-06T14:00:00Z,9,1,0,0,0,0,0,3,3.0,0.0,0.0,0.3,0.0,0.0,0.0,0.34,0,81
2023-24,32,118,Ryan Trevitt,MID,Brentford,4,2,0,2024-04-06T14:00:00Z,0,0,0,0,0,0,0,0,0.0,0.0,0.0,0.0,0.0,0.0,0.0,0.0,0,45
2023-24,32,119,Yoane Wissa,FWD,Brentford,4,2,0,2024-04-06T14:00:00Z,80,5,1,0,0,3,0,27,38.6,21.3,37.0,9.7,0.68,0.01,0.69,1.18,1,57
2023-24,32,120,Yegor Yarmoliuk,MID,Brentford,4,2,0,2024-04-06T14:00:00Z,9,1,0,0,0,0,0,2,0.2,0.6,0.0,0.1,0.0,0.0,0.0,0.34,0,43
2023-24,32,121,Mathias Jorgensen,DEF,Brentford,4,2,0,2024-04-06T14:00:00Z,90,7,1,0,0,3,0,20,40.0,0.4,23.0,6.3,0.45,0.0,0.45,1.52,1,43
2023-24,32,122,Simon Adingra,MID,Brighton,5,1,1,2024-04-06T16:30:00Z,90,2,0,0,0,3,0,7,12.0,3.7,17.0,3.3,0.12,0.04,0.16,3.23,1,50
2023-24,32,123,Steven Alzate,MID,Brighton,5,1,1,2024-04-06T16:30:00Z,0,0,0,0,0,0,0,0,0.0,0.0,0.0,0.0,0.0,0.0,0.0,0.0,0,44
2023-24,32,124,Yasin Ayari,MID,Brighton,5,1,1,2024-04-06T16:30:00Z,0,0,0,0,0,0,0,0,0.0,0.0,0.0,0.0,0.0,0.0,0.0,0.0,0,45
2023-24,32,125,Facundo Buonanotte,MID,Brighton,5,1,1,2024-04-06T16:30:00Z,27,1,0,0,0,1,0,4,2.4,6.8,2.0,1.1,0.0,0.04,0.04,0.71,0,47
2023-24,32,126,Moisés Caicedo Corozo,MID,Chelsea,7,17,0,2024-04-07T16:30:00Z,90,2,0,0,0,2,0,9,16.2,5.6,2.0,2.4,0.0,0.11,0.11,1.36,1,45
2023-24,32,127,Aaron Connolly,FWD,Brighton,5,1,1,2024-04-06T16:30:00Z,0,0,0,0,0,0,0,0,0.0,0.0,0.0,0.0,0.0,0.0,0.0,0.0,0,45
2023-24,32,128,Mahmoud Dahoud,MID,Brighton,5,1,1,2024-04-06T16:30:00Z,0,0,0,0,0,0,0,0,0.0,0.0,0.0,0.0,0.0,0.0,0.0,0.0,0,48
2023-24,32,129,Lewis Dunk,DEF,Brighton,5,1,1,2024-04-06T16:30:00Z,90,1,0,0,0,3,0,15,24.2,14.0,0.0,3.8,0.0,0.03,0.03,3.23,1,52
2023-24,32,130,Julio Enciso,MID,Brighton,5,1,1,2024-04-06T16:30:00Z,62,2,0,0,0,2,0,2,5.4,1.3,24.0,3.1,0.18,0.0,0.18,2.52,1,50
2023-24,32,131,Pervis Estupiñán,DEF,Brighton,5,1,1,2024-04-06T16:30:00Z,90,1,0,0,0,3,0,17,14.4,16.2,4.0,3.5,0.02,0.03,0.05,3.23,1,49
2023-24,32,132,Evan Ferguson,FWD,Brighton,5,1,1,2024-04-06T16:30:00Z,0,0,0,0,0,0,0,0,0.0,0.0,0.0,0.0,0.0,0.0,0.0,0.0,0,57
2023-24,32,133,Billy Gilmour,MID,Brighton,5,1,1,2024-04-06T16:30:00Z,0,0,0,0,0,0,0,0,0.0,0.0,0.0,0.0,0.0,0.0,0.0,0.0,0,48
2023-24,32,134,Pascal Groß,MID,Brighton,5,1,1,2024-04-06T16:30:00Z,90,2,0,0,0,3,0,15,15.8,21.0,2.0,3.9,0.0,0.15,0.15,3.23,1,63
2023-24,32,135,João Pedro Junqueira de Jesus,FWD,Brighton,5,1,1,2024-04-06T16:30:00Z,27,1,0,0,0,1,0,0,2.8,4.1,9.0,1.6,0.15,0.03,0.18,0.71,0,52
2023-24,32,136,Michał Karbownik,DEF,Brighton,5,1,1,2024-04-06T16:30:00Z,0,0,0,0,0,0,0,0,0.0,0.0,0.0,0.0,0.0,0.0,0.0,0.0,0,40
2023-24,32,137,Kacper Kozłowski,MID,Brighton,5,1,1,2024-04-06T16:30:00Z,0,0,0,0,0,0,0,0,0.0,0.0,0.0,0.0,0.0,0.0,0.0,0.0,0,45
2023-24,32,138,Adam Lallana,MID,Brighton,5,1,1,2024-04-06T16:30:00Z,0,0,0,0,0,0,0,0,0.0,0.0,0.0,0.0,0.0,0.0,0.0,0.0,0,49
2023-24,32,139,Tariq Lamptey,DEF,Brighton,5,1,1,2024-04-06T16:30:00Z,90,1,0,0,0,3,0,6,9.0,11.8,2.0,2.3,0.0,0.03,0.03,3.23,1,39
2023-24,32,140,Solly March,MID,Brighton,5,1,1,2024-04-06T16:30:00Z,0,0,0,0,0,0,0,0,0.0,0.0,0.0,0.0,0.0,0.0,0.0,0.0,0,61
2023-24,32,141,Tom McGill,GK,Brighton,5,1,1,2024-04-06T16:30:00Z,0,0,0,0,0,0,0,0,0.0,0.0,0.0,0.0,0.0,0.0,0.0,0.0,0,39
2023-24,32,142,James Milner,MID,Brighton,5,1,1,2024-04-06T16:30:00Z,0,0,0,0,0,0,0,0,0.0,0.0,0.0,0.0,0.0,0.0,0.0,0.0,0,48
2023-24,32,143,Kaoru Mitoma,MID,Brighton,5,1,1,2024-04-06T16:30:00Z,0,0,0,0,0,0,0,0,0.0,0.0,0.0,0.0,0.0,0.0,0.0,0.0,0,64
2023-24,32,144,Jakub Moder,MID,Brighton,5,1,1,2024-04-06T16:30:00Z,62,2,0,0,0,2,0,4,0.0,0.8,3.0,0.2,0.02,0.0,0.02,2.52,1,44
2023-24,32,145,Robert Sánchez,GK,Chelsea,7,17,0,2024-04-07T16:30:00Z,0,0,0,0,0,0,0,0,0.0,0.0,0.0,0.0,0.0,0.0,0.0,0.0,0,45
2023-24,32,146,Jeremy Sarmiento Morante,MID,Brighton,5,1,1,2024-04-06T16:30:00Z,0,0,0,0,0,0,0,0,0.0,0.0,0.0,0.0,0.0,0.0,0.0,0.0,0,45
2023-24,32,147,Kjell Scherpen,GK,Brighton,5,1,1,2024-04-06T16:30:00Z,0,0,0,0,0,0,0,0,0.0,0.0,0.0,0.0,0.0,0.0,0.0,0.0,0,40
2023-24,32,148,Jason Steele,GK,Brighton,5,1,1,2024-04-06T16:30:00Z,0,0,0,0,0,0,0,0,0.0,0.0,0.0,0.0,0.0,0.0,0.0,0.0,0,41
2023-24,32,149,Deniz Undav,FWD,Brighton,5,1,1,2024-04-06T16:30:00Z,0,0,0,0,0,0,0,0,0.0,0.0,0.0,0.0,0.0,0.0,0.0,0.0,0,55
2023-24,32,150,Jan Paul van Hecke,DEF,Brighton,5,1,1,2024-04-06T16:30:00Z,90,1,0,0,0,3,0,11,21.4,3.4,6.0,3.1,0.05,0.04,0.09,3.23,1,41
2023-24,32,151,Joël Veltman,DEF,Brighton,5,1,1,2024-04-06T16:30:00Z,0,0,0,0,0,0,0,0,0.0,0.0,0.0,0.0,0.0,0.0,0.0,0.0,0,43
2023-24,32,152,Bart Verbruggen,GK,Brighton,5,1,1,2024-04-06T16:30:00Z,90,2,0,0,0,3,0,23,30.2,0.0,0.0,3.0,0.0,0.0,0.0,3.23,1,44
2023-24,32,153,Adam Webster,DEF,Brighton,5,1,1,2024-04-06T16:30:00Z,0,0,0,0,0,0,0,0,0.0,0.0,0.0,0.0,0.0,0.0,0.0,0.0,0,42
2023-24,32,154,Danny Welbeck,FWD,Brighton,5,1,1,2024-04-06T16:30:00Z,75,2,0,0,0,2,0,6,5.6,12.3,4.0,2.2,0.0,0.04,0.04,2.64,1,57
2023-24,32,155,Andi Zeqiri,FWD,Brighton,5,1,1,2024-04-06T16:30:00Z,0,0,0,0,0,0,0,0,0.0,0.0,0.0,0.0,0.0,0.0,0.0,0.0,0,44
2023-24,32,156,Enock Agyei,MID,Burnley,6,9,0,2024-04-06T14:00:00Z,0,0,0,0,0,0,0,0,0.0,0.0,0.0,0.0,0.0,0.0,0.0,0.0,0,42
2023-24,32,157,Ameen Al-Dakhil,DEF,Burnley,6,9,0,2024-04-06T14:00:00Z,0,0,0,0,0,0,0,0,0.0,0.0,0.0,0.0,0.0,0.0,0.0,0.0,0,38
2023-24,32,158,Samuel Bastien,MID,Burnley,6,9,0,2024-04-06T14:00:00Z,0,0,0,0,0,0,0,0,0.0,0.0,0.0,0.0,0.0,0.0,0.0,0.0,0,49
2023-24,32,159,Manuel Benson Hedilazio,MID,Burnley,6,9,0,2024-04-06T14:00:00Z,0,0,0,0,0,0,0,0,0.0,0.0,0.0,0.0,0.0,0.0,0.0,0.0,0,52
2023-24,32,160,Jordan Beyer,DEF,Burnley,6,9,0,2024-04-06T14:00:00Z,0,0,0,0,0,0,0,0,0.0,0.0,0.0,0.0,0.0,0.0,0.0,0.0,0,39
2023-24,32,161,Josh Brownhill,MID,Burnley,6,9,0,2024-04-06T14:00:00Z,21,1,0,0,0,0,0,2,0.2,0.8,4.0,0.5,0.03,0.0,0.03,0.29,0,47
2023-24,32,162,Darko Churlinov,MID,Burnley,6,9,0,2024-04-06T14:00:00Z,0,0,0,0,0,0,0,0,0.0,0.0,0.0,0.0,0.0,0.0,0.0,0.0,0,44
2023-24,32,163,Jack Cork,MID,Burnley,6,9,0,2024-04-06T14:00:00Z,0,0,0,0,0,0,0,0,0.0,0.0,0.0,0.0,0.0,0.0,0.0,0.0,0,48
2023-24,32,164,Dara Costelloe,MID,Burnley,6,9,0,2024-04-06T14:00:00Z,0,0,0,0,0,0,0,0,0.0,0.0,0.0,0.0,0.0,0.0,0.0,0.0,0,45
2023-24,32,165,Josh Cullen,MID,Burnley,6,9,0,2024-04-06T14:00:00Z,90,2,0,0,0,1,0,22,23.6,34.6,0.0,5.8,0.0,0.25,0.25,0.83,1,50
2023-24,32,166,CJ Egan-Riley,DEF,Burnley,6,9,0,2024-04-06T14:00:00Z,0,0,0,0,0,0,0,0,0.0,0.0,0.0,0.0,0.0,0.0,0.0,0.0,0,39
2023-24,32,167,Hjalmar Ekdal,DEF,Burnley,6,9,0,2024-04-06T14:00:00Z,0,0,0,0,0,0,0,0,0.0,0.0,0.0,0.0,0.0,0.0,0.0,0.0,0,39
2023-24,32,168,Lyle Foster,FWD,Burnley,6,9,0,2024-04-06T14:00:00Z,90,2,0,0,0,1,0,4,9.4,4.7,24.0,3.8,0.06,0.04,0.1,0.83,1,47
2023-24,32,169,Denis Franchi,GK,Burnley,6,9,0,2024-04-06T14:00:00Z,0,0,0,0,0,0,0,0,0.0,0.0,0.0,0.0,0.0,0.0,0.0,0.0,0,39
2023-24,32,170,Jóhann Berg Gudmundsson,MID,Burnley,6,9,0,2024-04-06T14:00:00Z,6,1,0,0,0,0,0,4,2.6,4.3,0.0,0.7,0.0,0.0,0.0,0.04,0,48
2023-24,32,171,Luke McNally,DEF,Burnley,6,9,0,2024-04-06T14:00:00Z,0,0,0,0,0,0,0,0,0.0,0.0,0.0,0.0,0.0,0.0,0.0,0.0,0,40
2023-24,32,172,Arijanet Muric,GK,Burnley,6,9,0,2024-04-06T14:00:00Z,90,2,0,0,0,1,0,12,20.8,0.0,0.0,2.1,0.0,0.0,0.0,0.83,1,43
2023-24,32,173,Dara O'Shea,DEF,Burnley,6,9,0,2024-04-06T14:00:00Z,66,-1,0,0,0,1,0,0,2.8,0.0,0.0,0.3,0.0,0.01,0.01,1.12,1,44
2023-24,32,174,Michael Obafemi,FWD,Burnley,6,9,0,2024-04-06T14:00:00Z,0,0,0,0,0,0,0,0,0.0,0.0,0.0,0.0,0.0,0.0,0.0,0.0,0,49
2023-24,32,175,Bailey Peacock-Farrell,GK,Burnley,6,9,0,2024-04-06T14:00:00Z,0,0,0,0,0,0,0,0,0.0,0.0,0.0,0.0,0.0,0.0,0.0,0.0,0,40
2023-24,32,176,Connor Roberts,DEF,Burnley,6,9,0,2024-04-06T14:00:00Z,0,0,0,0,0,0,0,0,0.0,0.0,0.0,0.0,0.0,0.0,0.0,0.0,0,43
2023-24,32,177,Jay Rodriguez,FWD,Burnley,6,9,0,2024-04-06T14:00:00Z,6,1,0,0,0,0,0,3,0.2,0.1,0.0,0.0,0.0,0.0,0.0,0.04,0,53
2023-24,32,178,Charlie Taylor,DEF,Burnley,6,9,0,2024-04-06T14:00:00Z,83,2,0,0,0,1,0,7,6.2,5.7,9.0,2.1,0.09,0.02,0.11,0.79,1,39
2023-24,32,179,Bobby Thomas,DEF,Burnley,6,9,0,2024-04-06T14:00:00Z,0,0,0,0,0,0,0,0,0.0,0.0,0.0,0.0,0.0,0.0,0.0,0.0,0,40
2023-24,32,180,Scott Twine,MID,Burnley,6,9,0,2024-04-06T14:00:00Z,0,0,0,0,0,0,0,0,0.0,0.0,0.0,0.0,0.0,0.0,0.0,0.0,0,49
2023-24,32,181,Lawrence Vigouroux,GK,Burnley,6,9,0,2024-04-06T14:00:00Z,0,0,0,0,0,0,0,0,0.0,0.0,0.0,0.0,0.0,0.0,0.0,0.0,0,39
2023-24,32,182,Victor da Silva,DEF,Burnley,6,9,0,2024-04-06T14:00:00Z,29,1,0,0,0,0,0,3,2.6,0.7,2.0,0.5,0.0,0.01,0.01,0.32,0,44
2023-24,32,183,Wout Weghorst,FWD,Burnley,6,9,0,2024-04-06T14:00:00Z,0,0,0,0,0,0,0,0,0.0,0.0,0.0,0.0,0.0,0.0,0.0,0.0,0,55
2023-24,32,184,Anass Zaroury,MID,Burnley,6,9,0,2024-04-06T14:00:00Z,0,0,0,0,0,0,0,0,0.0,0.0,0.0,0.0,0.0,0.0,0.0,0.0,0,46
2023-24,32,185,Ethan Ampadu,DEF,Chelsea,7,17,0,2024-04-07T16:30:00Z,0,0,0,0,0,0,0,0,0.0,0.0,0.0,0.0,0.0,0.0,0.0,0.0,0,40
2023-24,32,186,Andrey Nascimento dos Santos,MID,Chelsea,7,17,0,2024-04-07T16:30:00Z,0,0,0,0,0,0,0,0,0.0,0.0,0.0,0.0,0.0,0.0,0.0,0.0,0,42
2023-24,32,187,Kepa Arrizabalaga,GK,Chelsea,7,17,0,2024-04-07T16:30:00Z,0,0,0,0,0,0,0,0,0.0,0.0,0.0,0.0,0.0,0.0,0.0,0.0,0,50
2023-24,32,188,Pierre-Emerick Aubameyang,FWD,Chelsea,7,17,0,2024-04-07T16:30:00Z,0,0,0,0,0,0,0,0,0.0,0.0,0.0,0.0,0.0,0.0,0.0,0.0,0,65
2023-24,32,189,César Azpilicueta,DEF,Chelsea,7,17,0,2024-04-07T16:30:00Z,0,0,0,0,0,0,0,0,0.0,0.0,0.0,0.0,0.0,0.0,0.0,0.0,0,45
2023-24,32,190,Abdul Rahman Baba,DEF,Chelsea,7,17,0,2024-04-07T16:30:00Z,0,0,0,0,0,0,0,0,0.0,0.0,0.0,0.0,0.0,0.0,0.0,0.0,0,40
2023-24,32,191,Benoît Badiashile,DEF,Chelsea,7,17,0,2024-04-07T16:30:00Z,1,1,0,0,0,1,0,3,0.0,0.0,0.0,0.0,0.0,0.0,0.0,0.6,0,44
2023-24,32,192,Marcus Bettinelli,GK,Chelsea,7,17,0,2024-04-07T16:30:00Z,0,0,0,0,0,0,0,0,0.0,0.0,0.0,0.0,0.0,0.0,0.0,0.0,0,40
2023-24,32,193,Armando Broja,FWD,Fulham,10,15,1,2024-04-06T14:00:00Z,5,1,0,0,0,0,0,2,0.4,0.2,2.0,0.3,0.0,0.0,0.0,0.55,0,49
2023-24,32,194,Trevoh Chalobah,DEF,Chelsea,7,17,0,2024-04-07T16:30:00Z,90,0,0,0,0,2,0,13,20.6,1.8,0.0,2.2,0.0,0.01,0.01,1.36,1,43
2023-24,32,195,Ben Chilwell,DEF,Chelsea,7,17,0,2024-04-07T16:30:00Z,0,0,0,0,0,0,0,0,0.0,0.0,0.0,0.0,0.0,0.0,0.0,0.0,0,54
2023-24,32,196,Carney Chukwuemeka,MID,Chelsea,7,17,0,2024-04-07T16:30:00Z,16,1,0,0,0,1,0,4,5.6,0.7,0.0,0.6,0.0,0.0,0.0,0.67,0,42
2023-24,32,197,Levi Colwill,DEF,Chelsea,7,17,0,2024-04-07T16:30:00Z,0,0,0,0,0,0,0,0,0.0,0.0,0.0,0.0,0.0,0.0,0.0,0.0,0,46
2023-24,32,198,Marc Cucurella Saseta,DEF,Chelsea,7,17,0,2024-04-07T16:30:00Z,90,1,0,0,0,1,0,9,2.2,2.3,2.0,0.7,0.0,0.01,0.01,0.76,1,48
2023-24,32,199,Enzo Fernández,MID,Chelsea,7,17,0,2024-04-07T16:30:00Z,90,2,0,0,0,2,0,7,13.2,34.1,4.0,5.1,0.0,0.07,0.07,1.36,1,48
2023-24,32,200,David Datro Fofana,FWD,Burnley,6,9,0,2024-04-06T14:00:00Z,60,2,0,0,0,1,0,4,7.2,1.0,35.0,4.3,0.23,0.0,0.23,0.51,1,50
2023-24,32,201,Wesley Fofana,DEF,Chelsea,7,17,0,2024-04-07T16:30:00Z,0,0,0,0,0,0,0,0,0.0,0.0,0.0,0.0,0.0,0.0,0.0,0.0,0,44
2023-24,32,202,Conor Gallagher,MID,Chelsea,7,17,0,2024-04-07T16:30:00Z,90,5,0,1,0,2,0,25,22.2,28.2,1.0,5.1,0.03,0.05,0.08,1.36,1,54
2023-24,32,203,Malo Gusto,DEF,Chelsea,7,17,0,2024-04-07T16:30:00Z,0,0,0,0,0,0,0,0,0.0,0.0,0.0,0.0,0.0,0.0,0.0,0.0,0,43
2023-24,32,204,Lewis Hall,DEF,Newcastle,15,10,0,2024-04-06T14:00:00Z,90,6,0,0,1,0,0,26,17.4,1.2,0.0,1.9,0.0,0.01,0.01,1.23,1,42
2023-24,32,205,Callum Hudson-Odoi,MID,Nott'm Forest,16,18,0,2024-04-07T17:00:00Z,90,2,0,0,0,3,0,6,4.0,3.0,24.0,3.1,0.12,0.02,0.14,1.48,1,47
2023-24,32,206,Reece James,DEF,Chelsea,7,17,0,2024-04-07T16:30:00Z,0,0,0,0,0,0,0,0,0.0,0.0,0.0,0.0,0.0,0.0,0.0,0.0,0,53
2023-24,32,207,Romelu Lukaku Bolingoli,FWD,Chelsea,7,17,0,2024-04-07T16:30:00Z,0,0,0,0,0,0,0,0,0.0,0.0,0.0,0.0,0.0,0.0,0.0,0.0,0,68
2023-24,32,208,Noni Madueke,MID,Chelsea,7,17,0,2024-04-07T16:30:00Z,81,8,1,0,0,1,1,30,35.4,5.6,22.0,6.3,0.14,0.04,0.18,0.68,1,53
2023-24,32,209,Mason Mount,MID,Man Utd,14,11,1,2024-04-07T14:30:00Z,6,0,0,0,0,0,0,-1,1.4,0.0,0.0,0.1,0.0,0.0,0.0,0.35,0,68
2023-24,32,210,Mykhailo Mudryk,MID,Chelsea,7,17,0,2024-04-07T16:30:00Z,8,1,0,0,0,1,0,3,0.0,0.1,2.0,0.2,0.0,0.0,0.0,0.67,0,63
2023-24,32,211,Nicolas Jackson,FWD,Chelsea,7,17,0,2024-04-07T16:30:00Z,90,2,0,0,0,1,0,6,2.4,1.8,6.0,1.0,0.0,0.06,0.06,0.76,1,68
2023-24,32,212,Christopher Nkunku,FWD,Chelsea,7,17,0,2024-04-07T16:30:00Z,0,0,0,0,0,0,0,0,0.0,0.0,0.0,0.0,0.0,0.0,0.0,0.0,0,72
2023-24,32,213,Christian Pulisic,MID,Chelsea,7,17,0,2024-04-07T16:30:00Z,0,0,0,0,0,0,0,0,0.0,0.0,0.0,0.0,0.0,0.0,0.0,0.0,0,55
2023-24,32,214,Malang Sarr,DEF,Chelsea,7,17,0,2024-04-07T16:30:00Z,0,0,0,0,0,0,0,0,0.0,0.0,0.0,0.0,0.0,0.0,0.0,0.0,0,43
2023-24,32,215,Gabriel Słonina,GK,Chelsea,7,17,0,2024-04-07T16:30:00Z,0,0,0,0,0,0,0,0,0.0,0.0,0.0,0.0,0.0,0.0,0.0,0.0,0,40
2023-24,32,216,Raheem Sterling,MID,Chelsea,7,17,0,2024-04-07T16:30:00Z,0,0,0,0,0,0,0,0,0.0,0.0,0.0,0.0,0.0,0.0,0.0,0.0,0,69
2023-24,32,217,Thiago Emiliano da Silva,DEF,Chelsea,7,17,0,2024-04-07T16:30:00Z,90,10,1,0,0,2,3,33,66.2,0.4,19.0,8.6,0.13,0.01,0.14,1.36,1,50
2023-24,32,218,Hakim Ziyech,MID,Chelsea,7,17,0,2024-04-07T16:30:00Z,0,0,0,0,0,0,0,0,0.0,0.0,0.0,0.0,0.0,0.0,0.0,0.0,0,54
2023-24,32,219,Naouirou Ahamada,MID,Crystal Palace,8,13,1,2024-04-06T11:30:00Z,8,1,0,0,0,0,0,2,2.4,0.2,17.0,2.0,0.02,0.01,0.03,0.05,0,43
2023-24,32,220,Joachim Andersen,DEF,Crystal Palace,8,13,1,2024-04-06T11:30:00Z,90,0,0,0,0,4,0,20,31.4,0.1,0.0,3.2,0.0,0.0,0.0,1.91,1,47
2023-24,32,221,Jordan Ayew,MID,Crystal Palace,8,13,1,2024-04-06T11:30:00Z,73,2,0,0,0,4,0,6,0.0,0.8,7.0,0.6,0.14,0.01,0.15,1.77,1,54
2023-24,32,222,Nathaniel Clyne,DEF,Crystal Palace,8,13,1,2024-04-06T11:30:00Z,15,1,0,0,0,0,0,3,5.6,0.0,0.0,0.6,0.0,0.0,0.0,0.14,0,43
2023-24,32,223,Cheick Doucouré,MID,Crystal Palace,8,13,1,2024-04-06T11:30:00Z,0,0,0,0,0,0,0,0,0.0,0.0,0.0,0.0,0.0,0.0,0.0,0.0,0,48
2023-24,32,224,Malcolm Ebiowei,MID,Crystal Palace,8,13,1,2024-04-06T11:30:00Z,0,0,0,0,0,0,0,0,0.0,0.0,0.0,0.0,0.0,0.0,0.0,0.0,0,44
2023-24,32,225,Odsonne Edouard,FWD,Crystal Palace,8,13,1,2024-04-06T11:30:00Z,16,5,1,0,0,0,0,22,36.0,0.1,38.0,7.4,0.47,0.0,0.47,0.14,0,53
2023-24,32,226,Eberechi Eze,MID,Crystal Palace,8,13,1,2024-04-06T11:30:00Z,63,2,0,0,0,2,0,6,2.8,1.1,2.0,0.6,0.0,0.1,0.1,1.44,1,60
2023-24,32,227,Vicente Guaita,GK,Crystal Palace,8,13,1,2024-04-06T11:30:00Z,0,0,0,0,0,0,0,0,0.0,0.0,0.0,0.0,0.0,0.0,0.0,0.0,0,44
2023-24,32,228,Marc Guéhi,DEF,Crystal Palace,8,13,1,2024-04-06T11:30:00Z,0,0,0,0,0,0,0,0,0.0,0.0,0.0,0.0,0.0,0.0,0.0,0.0,0,42
2023-24,32,229,Will Hughes,MID,Crystal Palace,8,13,1,2024-04-06T11:30:00Z,81,2,0,0,0,4,0,4,1.0,0.6,4.0,0.6,0.0,0.0,0.0,1.86,1,49
2023-24,32,230,Sam Johnstone,GK,Crystal Palace,8,13,1,2024-04-06T11:30:00Z,0,0,0,0,0,0,0,0,0.0,0.0,0.0,0.0,0.0,0.0,0.0,0.0,0,44
2023-24,32,231,Jefferson Lerma Solís,MID,Crystal Palace,8,13,1,2024-04-06T11:30:00Z,90,2,0,0,0,4,0,18,22.6,0.8,0.0,2.3,0.0,0.0,0.0,1.91,1,47
2023-24,32,232,Jean-Philippe Mateta,FWD,Crystal Palace,8,13,1,2024-04-06T11:30:00Z,73,5,1,0,0,4,0,22,33.4,0.1,17.0,5.1,0.4,0.0,0.4,1.77,1,49
2023-24,32,233,Remi Matthews,GK,Crystal Palace,8,13,1,2024-04-06T11:30:00Z,0,0,0,0,0,0,0,0,0.0,0.0,0.0,0.0,0.0,0.0,0.0,0.0,0,39
2023-24,32,234,Tyrick Mitchell,DEF,Crystal Palace,8,13,1,2024-04-06T11:30:00Z,74,0,0,0,0,4,0,10,7.2,0.1,2.0,0.9,0.0,0.0,0.0,1.77,1,45
2023-24,32,235,Jake O'Brien,DEF,Crystal Palace,8,13,1,2024-04-06T11:30:00Z,0,0,0,0,0,0,0,0,0.0,0.0,0.0,0.0,0.0,0.0,0.0,0.0,0,40
2023-24,32,236,Michael Olise,MID,Crystal Palace,8,13,1,2024-04-06T11:30:00Z,16,1,0,0,0,0,0,6,4.6,20.8,4.0,2.9,0.0,0.06,0.06,0.14,0,56
2023-24,32,237,Luke Plange,FWD,Crystal Palace,8,13,1,2024-04-06T11:30:00Z,0,0,0,0,0,0,0,0,0.0,0.0,0.0,0.0,0.0,0.0,0.0,0.0,0,45
2023-24,32,238,Chris Richards,DEF,Crystal Palace,8,13,1,2024-04-06T11:30:00Z,0,0,0,0,0,0,0,0,0.0,0.0,0.0,0.0,0.0,0.0,0.0,0.0,0,39
2023-24,32,239,Jairo Riedewald,MID,Crystal Palace,8,13,1,2024-04-06T11:30:00Z,0,0,0,0,0,0,0,0,0.0,0.0,0.0,0.0,0.0,0.0,0.0,0.0,0,43
2023-24,32,240,Jeffrey Schlupp,MID,Crystal Palace,8,13,1,2024-04-06T11:30:00Z,26,4,0,1,0,2,0,17,22.0,14.1,7.0,4.3,0.04,0.16,0.2,0.48,0,48
2023-24,32,241,James Tomkins,DEF,Crystal Palace,8,13,1,2024-04-06T11:30:00Z,0,0,0,0,0,0,0,0,0.0,0.0,0.0,0.0,0.0,0.0,0.0,0.0,0,40
2023-24,32,242,Joel Ward,DEF,Crystal Palace,8,13,1,2024-04-06T11:30:00Z,90,0,0,0,0,4,0,12,21.0,0.1,0.0,2.1,0.0,0.0,0.0,1.91,1,45
2023-24,32,243,Joe Whitworth,GK,Crystal Palace,8,13,1,2024-04-06T11:30:00Z,0,0,0,0,0,0,0,0,0.0,0.0,0.0,0.0,0.0,0.0,0.0,0.0,0,39
2023-24,32,244,André Tavares Gomes,MID,Everton,9,6,1,2024-04-06T14:00:00Z,90,2,0,0,1,0,0,4,9.0,3.1,3.0,1.5,0.03,0.04,0.07,0.46,1,44
2023-24,32,245,Jarrad Branthwaite,DEF,Everton,9,6,1,2024-04-06T14:00:00Z,90,6,0,0,1,0,0,22,15.4,0.6,3.0,1.9,0.01,0.05,0.06,0.46,1,43
2023-24,32,246,Dominic Calvert-Lewin,FWD,Everton,9,6,1,2024-04-06T14:00:00Z,82,9,1,0,1,0,3,29,44.8,10.6,47.0,10.2,0.52,0.01,0.53,0.46,1,58
2023-24,32,247,Seamus Coleman,DEF,Everton,9,6,1,2024-04-06T14:00:00Z,90,8,0,0,1,0,2,24,17.2,15.3,2.0,3.5,0.0,0.04,0.04,0.46,1,44
2023-24,32,248,Dele Alli,MID,Everton,9,6,1,2024-04-06T14:00:00Z,0,0,0,0,0,0,0,0,0.0,0.0,0.0,0.0,0.0,0.0,0.0,0.0,0,48
2023-24,32,249,Abdoulaye Doucouré,MID,Everton,9,6,1,2024-04-06T14:00:00Z,90,3,0,0,1,0,0,1,6.8,4.0,19.0,3.0,0.05,0.04,0.09,0.46,1,55
2023-24,32,250,James Garner,MID,Everton,9,6,1,2024-04-06T14:00:00Z,90,3,0,0,1,0,0,6,11.6,12.5,2.0,2.6,0.0,0.03,0.03,0.46,1,49
2023-24,32,251,Jean-Philippe Gbamin,MID,Everton,9,6,1,2024-04-06T14:00:00Z,0,0,0,0,0,0,0,0,0.0,0.0,0.0,0.0,0.0,0.0,0.0,0.0,0,44
2023-24,32,252,Ben Godfrey,DEF,Everton,9,6,1,2024-04-06T14:00:00Z,0,0,0,0,0,0,0,0,0.0,0.0,0.0,0.0,0.0,0.0,0.0,0.0,0,43
2023-24,32,253,Demarai Gray,MID,Everton,9,6,1,2024-04-06T14:00:00Z,0,0,0,0,0,0,0,0,0.0,0.0,0.0,0.0,0.0,0.0,0.0,0.0,0,53
2023-24,32,254,Idrissa Gueye,MID,Everton,9,6,1,2024-04-06T14:00:00Z,0,0,0,0,0,0,0,0,0.0,0.0,0.0,0.0,0.0,0.0,0.0,0.0,0,48
2023-24,32,255,Mason Holgate,DEF,Sheffield Utd,17,7,1,2024-04-07T16:30:00Z,76,1,0,0,0,2,0,10,7.6,4.8,0.0,1.2,0.0,0.14,0.14,0.37,1,40
2023-24,32,256,Alex Iwobi,MID,Fulham,10,15,1,2024-04-06T14:00:00Z,90,2,0,0,0,1,0,15,18.6,19.1,4.0,4.2,0.0,0.18,0.18,0.59,1,53
2023-24,32,257,Michael Keane,DEF,Everton,9,6,1,2024-04-06T14:00:00Z,0,0,0,0,0,0,0,0,0.0,0.0,0.0,0.0,0.0,0.0,0.0,0.0,0,43
2023-24,32,258,Neal Maupay,FWD,Brentford,4,2,0,2024-04-06T14:00:00Z,4,1,0,0,0,0,0,3,0.0,0.3,0.0,0.0,0.0,0.0,0.0,0.26,0,49
2023-24,32,259,Dwight McNeil,MID,Everton,9,6,1,2024-04-06T14:00:00Z,90,3,0,0,1,0,0,8,12.2,12.9,7.0,3.2,0.05,0.05,0.1,0.46,1,54
2023-24,32,260,Vitalii Mykolenko,DEF,Everton,9,6,1,2024-04-06T14:00:00Z,90,8,0,0,1,0,2,24,25.6,15.2,2.0,4.3,0.0,0.11,0.11,0.46,1,46
2023-24,32,261,Amadou Onana,MID,Everton,9,6,1,2024-04-06T14:00:00Z,0,0,0,0,0,0,0,0,0.0,0.0,0.0,0.0,0.0,0.0,0.0,0.0,0,47
2023-24,32,262,Nathan Patterson,DEF,Everton,9,6,1,2024-04-06T14:00:00Z,0,0,0,0,0,0,0,0,0.0,0.0,0.0,0.0,0.0,0.0,0.0,0.0,0,43
2023-24,32,263,Jordan Pickford,GK,Everton,9,6,1,2024-04-06T14:00:00Z,90,8,0,0,1,0,2,24,11.2,0.0,0.0,1.1,0.0,0.01,0.01,0.46,1,46
2023-24,32,264,Ellis Simms,FWD,Everton,9,6,1,2024-04-06T14:00:00Z,0,0,0,0,0,0,0,0,0.0,0.0,0.0,0.0,0.0,0.0,0.0,0.0,0,45
2023-24,32,265,James Tarkowski,DEF,Everton,9,6,1,2024-04-06T14:00:00Z,90,5,0,0,1,0,0,17,9.4,0.4,0.0,1.0,0.0,0.0,0.0,0.46,1,46
2023-24,32,266,João Neves Virgínia,GK,Everton,9,6,1,2024-04-06T14:00:00Z,0,0,0,0,0,0,0,0,0.0,0.0,0.0,0.0,0.0,0.0,0.0,0.0,0,39
2023-24,32,267,Andreas Hoelgebaum Pereira,MID,Fulham,10,15,1,2024-04-06T14:00:00Z,64,3,0,0,1,0,0,17,11.6,28.4,57.0,9.7,0.29,0.12,0.41,0.19,1,53
2023-24,32,268,Tom Cairney,MID,Fulham,10,15,1,2024-04-06T14:00:00Z,64,3,0,0,1,0,0,18,12.8,39.4,3.0,5.5,0.06,0.06,0.12,0.19,1,49
2023-24,32,269,Ivan Neves Abreu Cavaleiro,MID,Fulham,10,15,1,2024-04-06T14:00:00Z,0,0,0,0,0,0,0,0,0.0,0.0,0.0,0.0,0.0,0.0,0.0,0.0,0,50
2023-24,32,270,Bobby De Cordova-Reid,MID,Fulham,10,15,1,2024-04-06T14:00:00Z,0,0,0,0,0,0,0,0,0.0,0.0,0.0,0.0,0.0,0.0,0.0,0.0,0,53
2023-24,32,271,Issa Diop,DEF,Fulham,10,15,1,2024-04-06T14:00:00Z,0,0,0,0,0,0,0,0,0.0,0.0,0.0,0.0,0.0,0.0,0.0,0.0,0,44
2023-24,32,272,Tyrese Francois,MID,Fulham,10,15,1,2024-04-06T14:00:00Z,0,0,0,0,0,0,0,0,0.0,0.0,0.0,0.0,0.0,0.0,0.0,0.0,0,44
2023-24,32,273,Anthony Knockaert,MID,Fulham,10,15,1,2024-04-06T14:00:00Z,0,0,0,0,0,0,0,0,0.0,0.0,0.0,0.0,0.0,0.0,0.0,0.0,0,44
2023-24,32,274,Terence Kongolo,DEF,Fulham,10,15,1,2024-04-06T14:00:00Z,0,0,0,0,0,0,0,0,0.0,0.0,0.0,0.0,0.0,0.0,0.0,0.0,0,40
2023-24,32,275,Bernd Leno,GK,Fulham,10,15,1,2024-04-06T14:00:00Z,90,3,0,0,0,1,0,18,32.6,0.0,0.0,3.3,0.0,0.0,0.0,0.59,1,48
2023-24,32,276,Saša Lukić,MID,Fulham,10,15,1,2024-04-06T14:00:00Z,25,0,0,0,0,1,0,-1,1.2,0.5,2.0,0.4,0.0,0.0,0.0,0.4,0,43
2023-24,32,277,Kevin Mbabu,DEF,Fulham,10,15,1,2024-04-06T14:00:00Z,0,0,0,0,0,0,0,0,0.0,0.0,0.0,0.0,0.0,0.0,0.0,0.0,0,40
2023-24,32,278,Aleksandar Mitrović,FWD,Fulham,10,15,1,2024-04-06T14:00:00Z,0,0,0,0,0,0,0,0,0.0,0.0,0.0,0.0,0.0,0.0,0.0,0.0,0,74
2023-24,32,279,Rodrigo Muniz Carvalho,FWD,Fulham,10,15,1,2024-04-06T14:00:00Z,85,2,0,0,0,1,0,-2,0.0,13.0,40.0,5.2,0.54,0.02,0.56,0.59,1,47
2023-24,32,280,João Palhinha Gonçalves,MID,Fulham,10,15,1,2024-04-06T14:00:00Z,84,2,0,0,0,1,0,9,13.4,4.1,7.0,2.5,0.12,0.02,0.14,0.59,1,50
2023-24,32,281,Tim Ream,DEF,Fulham,10,15,1,2024-04-06T14:00:00Z,0,0,0,0,0,0,0,0,0.0,0.0,0.0,0.0,0.0,0.0,0.0,0.0,0,45
2023-24,32,282,Harrison Reed,MID,Fulham,10,15,1,2024-04-06T14:00:00Z,0,0,0,0,0,0,0,0,0.0,0.0,0.0,0.0,0.0,0.0,0.0,0.0,0,44
2023-24,32,283,Antonee Robinson,DEF,Fulham,10,15,1,2024-04-06T14:00:00Z,90,2,0,0,0,1,0,18,24.0,18.0,25.0,6.7,0.04,0.09,0.13,0.59,1,46
2023-24,32,284,Marek Rodák,GK,Fulham,10,15,1,2024-04-06T14:00:00Z,0,0,0,0,0,0,0,0,0.0,0.0,0.0,0.0,0.0,0.0,0.0,0.0,0,39
2023-24,32,285,Kenny Tete,DEF,Fulham,10,15,1,2024-04-06T14:00:00Z,0,0,0,0,0,0,0,0,0.0,0.0,0.0,0.0,0.0,0.0,0.0,0.0,0,44
2023-24,32,286,Tosin Adarabioyo,DEF,Fulham,10,15,1,2024-04-06T14:00:00Z,90,2,0,0,0,1,0,14,20.0,1.3,4.0,2.5,0.0,0.02,0.02,0.59,1,43
2023-24,32,287,Carlos Vinícius Alves Morais,FWD,Fulham,10,15,1,2024-04-06T14:00:00Z,0,0,0,0,0,0,0,0,0.0,0.0,0.0,0.0,0.0,0.0,0.0,0.0,0,45
2023-24,32,288,Harry Wilson,MID,Fulham,10,15,1,2024-04-06T14:00:00Z,25,1,0,0,0,1,0,6,5.8,19.8,0.0,2.6,0.0,0.15,0.15,0.4,0,53
2023-24,32,289,Adrián San Miguel del Castillo,GK,Liverpool,11,14,0,2024-04-07T14:30:00Z,0,0,0,0,0,0,0,0,0.0,0.0,0.0,0.0,0.0,0.0,0.0,0.0,0,39
2023-24,32,290,Trent Alexander-Arnold,DEF,Liverpool,11,14,0,2024-04-07T14:30:00Z,0,0,0,0,0,0,0,0,0.0,0.0,0.0,0.0,0.0,0.0,0.0,0.0,0,84
2023-24,32,291,Alisson Ramses Becker,GK,Liverpool,11,14,0,2024-04-07T14:30:00Z,0,0,0,0,0,0,0,0,0.0,0.0,0.0,0.0,0.0,0.0,0.0,0.0,0,57
2023-24,32,292,Stefan Bajcetic,MID,Liverpool,11,14,0,2024-04-07T14:30:00Z,0,0,0,0,0,0,0,0,0.0,0.0,0.0,0.0,0.0,0.0,0.0,0.0,0,47
2023-24,32,293,Darwin Núñez Ribeiro,FWD,Liverpool,11,14,0,2024-04-07T14:30:00Z,67,5,0,1,0,2,0,11,15.6,25.3,36.0,7.7,0.35,0.6,0.95,0.32,1,77
2023-24,32,294,Diogo Teixeira da Silva,MID,Liverpool,11,14,0,2024-04-07T14:30:00Z,0,0,0,0,0,0,0,0,0.0,0.0,0.0,0.0,0.0,0.0,0.0,0.0,0,80
2023-24,32,295,Harvey Elliott,MID,Liverpool,11,14,0,2024-04-07T14:30:00Z,21,4,0,1,0,0,0,12,6.4,7.3,27.0,4.1,0.04,0.07,0.11,0.39,0,48
2023-24,32,296,Fabio Henrique Tavares,MID,Liverpool,11,14,0,2024-04-07T14:30:00Z,0,0,0,0,0,0,0,0,0.0,0.0,0.0,0.0,0.0,0.0,0.0,0.0,0,50
2023-24,32,297,Cody Gakpo,FWD,Liverpool,11,14,0,2024-04-07T14:30:00Z,22,1,0,0,0,0,0,2,1.0,0.8,4.0,0.6,0.0,0.01,0.01,0.39,0,71
2023-24,32,298,Joe Gomez,DEF,Liverpool,11,14,0,2024-04-07T14:30:00Z,24,1,0,0,0,1,0,7,10.0,11.7,7.0,2.9,0.03,0.06,0.09,0.44,0,46
2023-24,32,299,Jordan Henderson,MID,Liverpool,11,14,0,2024-04-07T14:30:00Z,0,0,0,0,0,0,0,0,0.0,0.0,0.0,0.0,0.0,0.0,0.0,0.0,0,50
2023-24,32,300,Curtis Jones,MID,Liverpool,11,14,0,2024-04-07T14:30:00Z,24,0,0,0,0,1,0,-3,1.2,2.0,0.0,0.3,0.0,0.03,0.03,0.44,0,49
2023-24,32,301,Caoimhin Kelleher,GK,Liverpool,11,14,0,2024-04-07T14:30:00Z,90,2,0,0,0,2,0,20,30.0,0.0,0.0,3.0,0.0,0.0,0.0,0.71,1,39
2023-24,32,302,Ibrahima Konaté,DEF,Liverpool,11,14,0,2024-04-07T14:30:00Z,0,0,0,0,0,0,0,0,0.0,0.0,0.0,0.0,0.0,0.0,0.0,0.0,0,49
2023-24,32,303,Luis Díaz,MID,Liverpool,11,14,0,2024-04-07T14:30:00Z,90,7,1,0,0,2,0,23,42.0,35.6,81.0,15.9,0.94,0.36,1.3,0.71,1,76
2023-24,32,304,Alexis Mac Allister,MID,Liverpool,11,14,0,2024-04-07T14:30:00Z,90,2,0,0,0,2,0,16,15.6,18.0,4.0,3.8,0.1,0.05,0.15,0.71,1,59
2023-24,32,305,Joel Matip,DEF,Liverpool,11,14,0,2024-04-07T14:30:00Z,0,0,0,0,0,0,0,0,0.0,0.0,0.0,0.0,0.0,0.0,0.0,0.0,0,48
2023-24,32,306,Nathaniel Phillips,DEF,Liverpool,11,14,0,2024-04-07T14:30:00Z,0,0,0,0,0,0,0,0,0.0,0.0,0.0,0.0,0.0,0.0,0.0,0.0,0,40
2023-24,32,307,Andrew Robertson,DEF,Liverpool,11,14,0,2024-04-07T14:30:00Z,90,1,0,0,0,2,0,22,18.0,61.1,13.0,9.2,0.09,0.31,0.4,0.71,1,64
2023-24,32,308,Mohamed Salah,MID,Liverpool,11,14,0,2024-04-07T14:30:00Z,90,8,1,0,0,2,1,24,45.8,43.3,50.0,13.9,1.19,0.16,1.35,0.71,1,134
2023-24,32,309,Dominik Szoboszlai,MID,Liverpool,11,14,0,2024-04-07T14:30:00Z,65,2,0,0,0,1,0,5,12.2,50.0,34.0,9.6,0.81,0.24,1.05,0.27,1,71
2023-24,32,310,Thiago Alcántara do Nascimento,MID,Liverpool,11,14,0,2024-04-07T14:30:00Z,0,0,0,0,0,0,0,0,0.0,0.0,0.0,0.0,0.0,0.0,0.0,0.0,0,47
2023-24,32,311,Konstantinos Tsimikas,DEF,Liverpool,11,14,0,2024-04-07T14:30:00Z,0,0,0,0,0,0,0,0,0.0,0.0,0.0,0.0,0.0,0.0,0.0,0.0,0,44
2023-24,32,312,Sepp van den Berg,DEF,Liverpool,11,14,0,2024-04-07T14:30:00Z,0,0,0,0,0,0,0,0,0.0,0.0,0.0,0.0,0.0,0.0,0.0,0.0,0,40
2023-24,32,313,Virgil van Dijk,DEF,Liverpool,11,14,0,2024-04-07T14:30:00Z,90,1,0,0,0,2,0,15,17.8,1.4,0.0,1.9,0.0,0.01,0.01,0.71,1,66
2023-24,32,314,Elijah Adebayo,FWD,Luton,12,3,1,2024-04-06T14:00:00Z,0,0,0,0,0,0,0,0,0.0,0.0,0.0,0.0,0.0,0.0,0.0,0.0,0,48
2023-24,32,315,Mads Juel Andersen,DEF,Luton,12,3,1,2024-04-06T14:00:00Z,0,0,0,0,0,0,0,0,0.0,0.0,0.0,0.0,0.0,0.0,0.0,0.0,0,39
2023-24,32,316,Amari'i Bell,DEF,Luton,12,3,1,2024-04-06T14:00:00Z,0,0,0,0,0,0,0,0,0.0,0.0,0.0,0.0,0.0,0.0,0.0,0.0,0,39
2023-24,32,317,Luke Berry,MID,Luton,12,3,1,2024-04-06T14:00:00Z,28,4,0,1,0,0,0,13,19.2,10.4,2.0,3.2,0.0,0.05,0.05,0.12,0,46
2023-24,32,318,Reece Burke,DEF,Luton,12,3,1,2024-04-06T14:00:00Z,90,2,0,0,0,1,0,12,18.0,0.8,0.0,1.9,0.0,0.01,0.01,0.34,1,40
2023-24,32,319,Allan Campbell,MID,Luton,12,3,1,2024-04-06T14:00:00Z,0,0,0,0,0,0,0,0,0.0,0.0,0.0,0.0,0.0,0.0,0.0,0.0,0,49
2023-24,32,320,Jordan Clark,MID,Luton,12,3,1,2024-04-06T14:00:00Z,90,10,1,0,0,1,3,36,57.8,44.3,31.0,13.3,0.32,0.09,0.41,0.34,1,48
2023-24,32,321,Alfie Doughty,DEF,Luton,12,3,1,2024-04-06T14:00:00Z,90,2,0,0,0,1,0,5,9.8,1.8,21.0,3.3,0.05,0.01,0.06,0.34,1,46
2023-24,32,322,Luke Freeman,MID,Luton,12,3,1,2024-04-06T14:00:00Z,0,0,0,0,0,0,0,0,0.0,0.0,0.0,0.0,0.0,0.0,0.0,0.0,0,49
2023-24,32,323,Matt Macey,GK,Luton,12,3,1,2024-04-06T14:00:00Z,0,0,0,0,0,0,0,0,0.0,0.0,0.0,0.0,0.0,0.0,0.0,0.0,0,40
2023-24,32,324,John McAtee,FWD,Luton,12,3,1,2024-04-06T14:00:00Z,0,0,0,0,0,0,0,0,0.0,0.0,0.0,0.0,0.0,0.0,0.0,0.0,0,45
2023-24,32,325,Carlos Mendes Gomes,MID,Luton,12,3,1,2024-04-06T14:00:00Z,0,0,0,0,0,0,0,0,0.0,0.0,0.0,0.0,0.0,0.0,0.0,0.0,0,45
2023-24,32,326,Carlton Morris,FWD,Luton,12,3,1,2024-04-06T14:00:00Z,90,8,1,0,0,1,2,33,41.6,14.1,84.0,14.0,0.69,0.05,0.74,0.34,1,50
2023-24,32,327,Admiral Muskwe,FWD,Luton,12,3,1,2024-04-06T14:00:00Z,0,0,0,0,0,0,0,0,0.0,0.0,0.0,0.0,0.0,0.0,0.0,0.0,0,45
2023-24,32,328,Chiedozie Ogbene,FWD,Luton,12,3,1,2024-04-06T14:00:00Z,0,0,0,0,0,0,0,0,0.0,0.0,0.0,0.0,0.0,0.0,0.0,0.0,0,48
2023-24,32,329,Fred Onyedinma,MID,Luton,12,3,1,2024-04-06T14:00:00Z,28,1,0,0,0,0,0,1,6.6,5.3,42.0,5.4,0.08,0.03,0.11,0.12,0,50
2023-24,32,330,Gabriel Osho,DEF,Luton,12,3,1,2024-04-06T14:00:00Z,0,0,0,0,0,0,0,0,0.0,0.0,0.0,0.0,0.0,0.0,0.0,0.0,0,44
2023-24,32,331,Aribim Pepple,FWD,Luton,12,3,1,2024-04-06T14:00:00Z,0,0,0,0,0,0,0,0,0.0,0.0,0.0,0.0,0.0,0.0,0.0,0.0,0,45
2023-24,32,332,Dion Pereira,MID,Luton,12,3,1,2024-04-06T14:00:00Z,0,0,0,0,0,0,0,0,0.0,0.0,0.0,0.0,0.0,0.0,0.0,0.0,0,44
2023-24,32,333,Dan Potts,DEF,Luton,12,3,1,2024-04-06T14:00:00Z,0,0,0,0,0,0,0,0,0.0,0.0,0.0,0.0,0.0,0.0,0.0,0.0,0,39
2023-24,32,334,Glen Rea,MID,Luton,12,3,1,2024-04-06T14:00:00Z,0,0,0,0,0,0,0,0,0.0,0.0,0.0,0.0,0.0,0.0,0.0,0.0,0,44
2023-24,32,335,James Shea,GK,Luton,12,3,1,2024-04-06T14:00:00Z,0,0,0,0,0,0,0,0,0.0,0.0,0.0,0.0,0.0,0.0,0.0,0.0,0,42
2023-24,32,336,Joe Taylor,FWD,Luton,12,3,1,2024-04-06T14:00:00Z,0,0,0,0,0,0,0,0,0.0,0.0,0.0,0.0,0.0,0.0,0.0,0.0,0,45
2023-24,32,337,Elliot Thorpe,MID,Luton,12,3,1,2024-04-06T14:00:00Z,0,0,0,0,0,0,0,0,0.0,0.0,0.0,0.0,0.0,0.0,0.0,0.0,0,45
2023-24,32,338,Jack Walton,GK,Luton,12,3,1,2024-04-06T14:00:00Z,0,0,0,0,0,0,0,0,0.0,0.0,0.0,0.0,0.0,0.0,0.0,0.0,0,40
2023-24,32,339,Louie Watson,MID,Luton,12,3,1,2024-04-06T14:00:00Z,0,0,0,0,0,0,0,0,0.0,0.0,0.0,0.0,0.0,0.0,0.0,0.0,0,44
2023-24,32,340,Cauley Woodrow,FWD,Luton,12,3,1,2024-04-06T14:00:00Z,10,4,0,1,0,0,0,19,28.0,28.8,0.0,5.7,0.0,0.27,0.27,0.04,0,43
2023-24,32,341,Manuel Akanji,DEF,Man City,13,8,0,2024-04-06T11:30:00Z,45,1,0,0,0,1,0,9,4.8,7.7,2.0,1.5,0.0,0.03,0.03,0.54,0,49
2023-24,32,342,Nathan Aké,DEF,Man City,13,8,0,2024-04-06T11:30:00Z,0,0,0,0,0,0,0,0,0.0,0.0,0.0,0.0,0.0,0.0,0.0,0.0,0,50
2023-24,32,343,Julián Álvarez,FWD,Man City,13,8,0,2024-04-06T11:30:00Z,73,2,0,0,0,1,0,5,2.8,4.8,30.0,3.8,0.42,0.04,0.46,0.54,1,64
2023-24,32,344,Bernardo Veiga de Carvalho e Silva,MID,Man City,13,8,0,2024-04-06T11:30:00Z,1,1,0,0,0,0,0,3,0.6,0.5,0.0,0.1,0.0,0.0,0.0,0.0,0,62
2023-24,32,345,Oscar Bobb,MID,Man City,13,8,0,2024-04-06T11:30:00Z,90,2,0,0,0,2,0,15,9.6,18.5,8.0,3.6,0.0,0.12,0.12,1.08,1,44
2023-24,32,346,João Cancelo,DEF,Man City,13,8,0,2024-04-06T11:30:00Z,0,0,0,0,0,0,0,0,0.0,0.0,0.0,0.0,0.0,0.0,0.0,0.0,0,58
2023-24,32,347,Scott Carson,GK,Man City,13,8,0,2024-04-06T11:30:00Z,0,0,0,0,0,0,0,0,0.0,0.0,0.0,0.0,0.0,0.0,0.0,0.0,0,38
2023-24,32,348,Shea Charles,MID,Man City,13,8,0,2024-04-06T11:30:00Z,0,0,0,0,0,0,0,0,0.0,0.0,0.0,0.0,0.0,0.0,0.0,0.0,0,45
2023-24,32,349,Kevin De Bruyne,MID,Man City,13,8,0,2024-04-06T11:30:00Z,90,18,2,1,0,2,3,69,100.8,62.8,51.0,21.5,0.09,1.17,1.26,1.08,1,103
2023-24,32,350,Rúben Gato Alves Dias,DEF,Man City,13,8,0,2024-04-06T11:30:00Z,90,1,0,0,0,2,0,16,29.0,27.1,2.0,5.8,0.0,0.07,0.07,1.08,1,55
2023-24,32,351,Tommy Doyle,MID,Wolves,20,19,1,2024-04-06T14:00:00Z,86,2,0,0,0,2,0,8,3.0,13.3,22.0,3.8,0.14,0.05,0.19,1.08,1,44
2023-24,32,352,Ederson Santana de Moraes,GK,Man City,13,8,0,2024-04-06T11:30:00Z,0,0,0,0,0,0,0,0,0.0,0.0,0.0,0.0,0.0,0.0,0.0,0.0,0,55
2023-24,32,353,Phil Foden,MID,Man City,13,8,0,2024-04-06T11:30:00Z,0,0,0,0,0,0,0,0,0.0,0.0,0.0,0.0,0.0,0.0,0.0,0.0,0,82
2023-24,32,354,Jack Grealish,MID,Man City,13,8,0,2024-04-06T11:30:00Z,90,2,0,0,0,2,0,9,0.6,22.4,13.0,3.6,0.11,0.16,0.27,1.08,1,72
2023-24,32,355,Erling Haaland,FWD,Man City,13,8,0,2024-04-06T11:30:00Z,90,8,1,0,0,2,2,33,39.2,12.0,60.0,11.1,0.6,0.17,0.77,1.08,1,143
2023-24,32,356,Mateo Kovačić,MID,Man City,13,8,0,2024-04-06T11:30:00Z,16,1,0,0,0,1,0,4,8.0,10.7,2.0,2.1,0.0,0.01,0.01,0.54,0,46
2023-24,32,357,Aymeric Laporte,DEF,Man City,13,8,0,2024-04-06T11:30:00Z,0,0,0,0,0,0,0,0,0.0,0.0,0.0,0.0,0.0,0.0,0.0,0.0,0,49
2023-24,32,358,Rico Lewis,DEF,Man City,13,8,0,2024-04-06T11:30:00Z,90,8,1,0,0,2,1,29,43.8,25.8,38.0,10.8,0.18,0.06,0.24,1.08,1,42
2023-24,32,359,Riyad Mahrez,MID,Man City,13,8,0,2024-04-06T11:30:00Z,0,0,0,0,0,0,0,0,0.0,0.0,0.0,0.0,0.0,0.0,0.0,0.0,0,75
2023-24,32,360,James McAtee,MID,Sheffield Utd,17,7,1,2024-04-07T16:30:00Z,14,1,0,0,0,0,0,3,3.4,11.0,4.0,1.8,0.0,0.03,0.03,0.0,0,44
2023-24,32,361,Stefan Ortega Moreno,GK,Man City,13,8,0,2024-04-06T11:30:00Z,90,1,0,0,0,2,0,13,17.0,0.0,0.0,1.7,0.0,0.0,0.0,1.08,1,37
2023-24,32,362,Cole Palmer,MID,Chelsea,7,17,0,2024-04-07T16:30:00Z,73,5,0,1,0,1,0,18,25.4,24.3,16.0,6.6,0.06,0.07,0.13,0.68,1,60
2023-24,32,363,Máximo Perrone,MID,Man City,13,8,0,2024-04-06T11:30:00Z,0,0,0,0,0,0,0,0,0.0,0.0,0.0,0.0,0.0,0.0,0.0,0.0,0,44
2023-24,32,364,Kalvin Phillips,MID,West Ham,19,20,0,2024-04-06T14:00:00Z,0,0,0,0,0,0,0,0,0.0,0.0,0.0,0.0,0.0,0.0,0.0,0.0,0,47
2023-24,32,365,Rodrigo Hernandez,MID,Man City,13,8,0,2024-04-06T11:30:00Z,73,5,0,1,0,1,0,22,25.8,26.0,19.0,7.1,0.11,0.1,0.21,0.54,1,56
2023-24,32,366,Sergio Gómez,DEF,Man City,13,8,0,2024-04-06T11:30:00Z,0,0,0,0,0,0,0,0,0.0,0.0,0.0,0.0,0.0,0.0,0.0,0.0,0,38
2023-24,32,367,Zack Steffen,GK,Man City,13,8,0,2024-04-06T11:30:00Z,0,0,0,0,0,0,0,0,0.0,0.0,0.0,0.0,0.0,0.0,0.0,0.0,0,39
2023-24,32,368,John Stones,DEF,Man City,13,8,0,2024-04-06T11:30:00Z,90,1,0,0,0,2,0,14,12.4,20.0,0.0,3.2,0.0,0.05,0.05,1.08,1,53
2023-24,32,369,Kyle Walker,DEF,Man City,13,8,0,2024-04-06T11:30:00Z,0,0,0,0,0,0,0,0,0.0,0.0,0.0,0.0,0.0,0.0,0.0,0.0,0,53
2023-24,32,370,Alex Telles,DEF,Man Utd,14,11,1,2024-04-07T14:30:00Z,0,0,0,0,0,0,0,0,0.0,0.0,0.0,0.0,0.0,0.0,0.0,0.0,0,45
2023-24,32,371,Amad Diallo,MID,Man Utd,14,11,1,2024-04-07T14:30:00Z,0,0,0,0,0,0,0,0,0.0,0.0,0.0,0.0,0.0,0.0,0.0,0.0,0,44
2023-24,32,372,Antony Matheus dos Santos,MID,Man Utd,14,11,1,2024-04-07T14:30:00Z,24,0,0,0,0,1,0,-2,10.4,0.5,17.0,2.8,0.06,0.01,0.07,1.48,0,68
2023-24,32,373,Bruno Borges Fernandes,MID,Man Utd,14,11,1,2024-04-07T14:30:00Z,90,9,1,0,0,2,2,27,54.4,17.3,32.0,10.4,0.21,0.26,0.47,3.59,1,82
2023-24,32,374,Brandon Williams,DEF,Man Utd,14,11,1,2024-04-07T14:30:00Z,0,0,0,0,0,0,0,0,0.0,0.0,0.0,0.0,0.0,0.0,0.0,0.0,0,40
2023-24,32,375,Eric Bailly,DEF,Man Utd,14,11,1,2024-04-07T14:30:00Z,0,0,0,0,0,0,0,0,0.0,0.0,0.0,0.0,0.0,0.0,0.0,0.0,0,40
2023-24,32,376,Carlos Henrique Casimiro,MID,Man Utd,14,11,1,2024-04-07T14:30:00Z,90,1,0,0,0,2,0,13,30.0,13.0,9.0,5.2,0.23,0.02,0.25,3.59,1,53
2023-24,32,377,Diogo Dalot Teixeira,DEF,Man Utd,14,11,1,2024-04-07T14:30:00Z,90,1,0,0,0,2,0,22,26.0,18.7,0.0,4.5,0.0,0.17,0.17,3.59,1,52
2023-24,32,378,Anthony Elanga,MID,Nott'm Forest,16,18,0,2024-04-07T17:00:00Z,90,6,0,1,0,3,1,25,30.8,33.3,23.0,8.7,0.08,0.14,0.22,1.48,1,51
2023-24,32,379,Christian Eriksen,MID,Man Utd,14,11,1,2024-04-07T14:30:00Z,0,0,0,0,0,0,0,0,0.0,0.0,0.0,0.0,0.0,0.0,0.0,0.0,0,58
2023-24,32,380,Álvaro Fernández Carreras,DEF,Man Utd,14,11,1,2024-04-07T14:30:00Z,0,0,0,0,0,0,0,0,0.0,0.0,0.0,0.0,0.0,0.0,0.0,0.0,0,40
2023-24,32,381,Frederico Rodrigues de Paula Santos,MID,Man Utd,14,11,1,2024-04-07T14:30:00Z,0,0,0,0,0,0,0,0,0.0,0.0,0.0,0.0,0.0,0.0,0.0,0.0,0,50
2023-24,32,382,Alejandro Garnacho,MID,Man Utd,14,11,1,2024-04-07T14:30:00Z,79,2,0,0,0,1,0,3,7.6,0.7,30.0,3.8,0.14,0.02,0.16,2.45,1,49
2023-24,32,383,Hannibal Mejbri,MID,Man Utd,14,11,1,2024-04-07T14:30:00Z,0,0,0,0,0,0,0,0,0.0,0.0,0.0,0.0,0.0,0.0,0.0,0.0,0,43
2023-24,32,384,Tom Heaton,GK,Man Utd,14,11,1,2024-04-07T14:30:00Z,0,0,0,0,0,0,0,0,0.0,0.0,0.0,0.0,0.0,0.0,0.0,0.0,0,39
2023-24,32,385,Dean Henderson,GK,Crystal Palace,8,13,1,2024-04-06T11:30:00Z,90,1,0,0,0,4,0,15,32.8,0.0,0.0,3.3,0.0,0.0,0.0,1.91,1,44
2023-24,32,386,Victor Lindelöf,DEF,Man Utd,14,11,1,2024-04-07T14:30:00Z,0,0,0,0,0,0,0,0,0.0,0.0,0.0,0.0,0.0,0.0,0.0,0.0,0,45
2023-24,32,387,Harry Maguire,DEF,Man Utd,14,11,1,2024-04-07T14:30:00Z,90,1,0,0,0,2,0,16,27.8,0.4,4.0,3.2,0.02,0.0,0.02,3.59,1,42
2023-24,32,388,Kobbie Mainoo,MID,Man Utd,14,11,1,2024-04-07T14:30:00Z,84,10,1,0,0,2,3,29,55.8,0.9,21.0,7.8,0.05,0.01,0.06,3.24,1,44
2023-24,32,389,Tyrell Malacia,DEF,Man Utd,14,11,1,2024-04-07T14:30:00Z,0,0,0,0,0,0,0,0,0.0,0.0,0.0,0.0,0.0,0.0,0.0,0.0,0,43
2023-24,32,390,Anthony Martial,FWD,Man Utd,14,11,1,2024-04-07T14:30:00Z,0,0,0,0,0,0,0,0,0.0,0.0,0.0,0.0,0.0,0.0,0.0,0.0,0,64
2023-24,32,391,Lisandro Martínez,DEF,Man Utd,14,11,1,2024-04-07T14:30:00Z,0,0,0,0,0,0,0,0,0.0,0.0,0.0,0.0,0.0,0.0,0.0,0.0,0,47
2023-24,32,392,Scott McTominay,MID,Man Utd,14,11,1,2024-04-07T14:30:00Z,0,0,0,0,0,0,0,0,0.0,0.0,0.0,0.0,0.0,0.0,0.0,0.0,0,46
2023-24,32,393,Teden Mengi,DEF,Luton,12,3,1,2024-04-06T14:00:00Z,90,2,0,0,0,1,0,13,18.4,10.7,0.0,2.9,0.0,0.0,0.0,0.34,1,39
2023-24,32,394,Facundo Pellistri Rebollo,MID,Man Utd,14,11,1,2024-04-07T14:30:00Z,0,0,0,0,0,0,0,0,0.0,0.0,0.0,0.0,0.0,0.0,0.0,0.0,0,42
2023-24,32,395,Raphaël Varane,DEF,Man Utd,14,11,1,2024-04-07T14:30:00Z,0,0,0,0,0,0,0,0,0.0,0.0,0.0,0.0,0.0,0.0,0.0,0.0,0,49
2023-24,32,396,Marcus Rashford,MID,Man Utd,14,11,1,2024-04-07T14:30:00Z,65,2,0,0,0,1,0,7,11.2,2.2,2.0,1.5,0.0,0.01,0.01,2.11,1,84
2023-24,32,397,Jadon Sancho,MID,Man Utd,14,11,1,2024-04-07T14:30:00Z,0,0,0,0,0,0,0,0,0.0,0.0,0.0,0.0,0.0,0.0,0.0,0.0,0,67
2023-24,32,398,Luke Shaw,DEF,Man Utd,14,11,1,2024-04-07T14:30:00Z,0,0,0,0,0,0,0,0,0.0,0.0,0.0,0.0,0.0,0.0,0.0,0.0,0,52
2023-24,32,399,Shola Shoretire,FWD,Man Utd,14,11,1,2024-04-07T14:30:00Z,0,0,0,0,0,0,0,0,0.0,0.0,0.0,0.0,0.0,0.0,0.0,0.0,0,44
2023-24,32,400,Donny van de Beek,MID,Man Utd,14,11,1,2024-04-07T14:30:00Z,0,0,0,0,0,0,0,0,0.0,0.0,0.0,0.0,0.0,0.0,0.0,0.0,0,47
2023-24,32,401,Aaron Wan-Bissaka,DEF,Man Utd,14,11,1,2024-04-07T14:30:00Z,90,4,0,1,0,2,0,17,35.0,21.9,0.0,5.7,0.0,0.02,0.02,3.59,1,44
2023-24,32,402,Miguel Almirón Rejala,MID,Newcastle,15,10,0,2024-04-06T14:00:00Z,0,0,0,0,0,0,0,0,0.0,0.0,0.0,0.0,0.0,0.0,0.0,0.0,0,60
2023-24,32,403,Elliot Anderson,MID,Newcastle,15,10,0,2024-04-06T14:00:00Z,50,1,0,0,0,0,0,2,8.4,28.4,2.0,3.9,0.0,0.07,0.07,0.23,0,42
2023-24,32,404,Harrison Ashby,DEF,Newcastle,15,10,0,2024-04-06T14:00:00Z,0,0,0,0,0,0,0,0,0.0,0.0,0.0,0.0,0.0,0.0,0.0,0.0,0,40
2023-24,32,405,Sven Botman,DEF,Newcastle,15,10,0,2024-04-06T14:00:00Z,0,0,0,0,0,0,0,0,0.0,0.0,0.0,0.0,0.0,0.0,0.0,0.0,0,45
2023-24,32,406,Bruno Guimarães Rodriguez Moura,MID,Newcastle,15,10,0,2024-04-06T14:00:00Z,90,11,1,0,1,0,3,32,58.2,43.2,19.0,12.0,0.16,0.1,0.26,1.27,1,58
2023-24,32,407,Dan Burn,DEF,Newcastle,15,10,0,2024-04-06T14:00:00Z,90,6,0,0,1,0,0,22,20.2,0.1,0.0,2.0,0.0,0.0,0.0,1.27,1,45
2023-24,32,408,Karl Darlow,GK,Newcastle,15,10,0,2024-04-06T14:00:00Z,0,0,0,0,0,0,0,0,0.0,0.0,0.0,0.0,0.0,0.0,0.0,0.0,0,40
2023-24,32,409,Martin Dubravka,GK,Newcastle,15,10,0,2024-04-06T14:00:00Z,90,9,0,0,1,0,2,31,34.8,0.0,0.0,3.5,0.0,0.0,0.0,1.27,1,42
2023-24,32,410,Ryan Fraser,MID,Newcastle,15,10,0,2024-04-06T14:00:00Z,0,0,0,0,0,0,0,0,0.0,0.0,0.0,0.0,0.0,0.0,0.0,0.0,0,49
2023-24,32,411,Mark Gillespie,GK,Newcastle,15,10,0,2024-04-06T14:00:00Z,0,0,0,0,0,0,0,0,0.0,0.0,0.0,0.0,0.0,0.0,0.0,0.0,0,39
2023-24,32,412,Anthony Gordon,MID,Newcastle,15,10,0,2024-04-06T14:00:00Z,90,3,0,0,1,0,0,2,5.4,2.5,43.0,5.1,0.28,0.02,0.3,1.23,1,60
2023-24,32,413,Isaac Hayden,MID,Newcastle,15,10,0,2024-04-06T14:00:00Z,0,0,0,0,0,0,0,0,0.0,0.0,0.0,0.0,0.0,0.0,0.0,0.0,0,44
2023-24,32,414,Jeff Hendrick,MID,Newcastle,15,10,0,2024-04-06T14:00:00Z,0,0,0,0,0,0,0,0,0.0,0.0,0.0,0.0,0.0,0.0,0.0,0.0,0,44
2023-24,32,415,Alexander Isak,FWD,Newcastle,15,10,0,2024-04-06T14:00:00Z,90,2,0,0,1,0,0,3,16.0,11.5,40.0,6.8,0.27,0.01,0.28,1.27,1,79
2023-24,32,416,Joelinton Cássio Apolinário de Lira,MID,Newcastle,15,10,0,2024-04-06T14:00:00Z,0,0,0,0,0,0,0,0,0.0,0.0,0.0,0.0,0.0,0.0,0.0,0.0,0,58
2023-24,32,417,Emil Krafth,DEF,Newcastle,15,10,0,2024-04-06T14:00:00Z,90,5,0,0,1,0,0,23,12.2,14.4,7.0,3.4,0.06,0.09,0.15,1.27,1,44
2023-24,32,418,Garang Kuol,MID,Newcastle,15,10,0,2024-04-06T14:00:00Z,0,0,0,0,0,0,0,0,0.0,0.0,0.0,0.0,0.0,0.0,0.0,0.0,0,45
2023-24,32,419,Jamaal Lascelles,DEF,Newcastle,15,10,0,2024-04-06T14:00:00Z,0,0,0,0,0,0,0,0,0.0,0.0,0.0,0.0,0.0,0.0,0.0,0.0,0,39
2023-24,32,420,Jamal Lewis,DEF,Newcastle,15,10,0,2024-04-06T14:00:00Z,0,0,0,0,0,0,0,0,0.0,0.0,0.0,0.0,0.0,0.0,0.0,0.0,0,40
2023-24,32,421,Sean Longstaff,MID,Newcastle,15,10,0,2024-04-06T14:00:00Z,90,2,0,0,1,0,0,-3,4.2,4.6,8.0,1.7,0.06,0.31,0.37,1.27,1,48
2023-24,32,422,Javier Manquillo Gaitán,DEF,Newcastle,15,10,0,2024-04-06T14:00:00Z,0,0,0,0,0,0,0,0,0.0,0.0,0.0,0.0,0.0,0.0,0.0,0.0,0,40
2023-24,32,423,Jacob Murphy,MID,Newcastle,15,10,0,2024-04-06T14:00:00Z,64,3,0,0,1,0,0,5,0.2,1.1,6.0,0.7,0.02,0.0,0.02,1.2,1,48
2023-24,32,424,Nick Pope,GK,Newcastle,15,10,0,2024-04-06T14:00:00Z,0,0,0,0,0,0,0,0,0.0,0.0,0.0,0.0,0.0,0.0,0.0,0.0,0,53
2023-24,32,425,Matt Ritchie,MID,Newcastle,15,10,0,2024-04-06T14:00:00Z,1,1,0,0,0,0,0,3,5.0,0.0,0.0,0.5,0.0,0.0,0.0,0.04,0,43
2023-24,32,426,Allan Saint-Maximin,MID,Newcastle,15,10,0,2024-04-06T14:00:00Z,0,0,0,0,0,0,0,0,0.0,0.0,0.0,0.0,0.0,0.0,0.0,0.0,0,60
2023-24,32,427,Fabian Schär,DEF,Newcastle,15,10,0,2024-04-06T14:00:00Z,90,7,0,0,1,0,1,28,28.2,10.7,0.0,3.9,0.0,0.04,0.04,1.27,1,55
2023-24,32,428,Matt Targett,DEF,Newcastle,15,10,0,2024-04-06T14:00:00Z,0,0,0,0,0,0,0,0,0.0,0.0,0.0,0.0,0.0,0.0,0.0,0.0,0,42
2023-24,32,429,Sandro Tonali,MID,Newcastle,15,10,0,2024-04-06T14:00:00Z,0,0,0,0,0,0,0,0,0.0,0.0,0.0,0.0,0.0,0.0,0.0,0.0,0,52
2023-24,32,430,Kieran Trippier,DEF,Newcastle,15,10,0,2024-04-06T14:00:00Z,0,0,0,0,0,0,0,0,0.0,0.0,0.0,0.0,0.0,0.0,0.0,0.0,0,66
2023-24,32,431,Kell Watts,DEF,Newcastle,15,10,0,2024-04-06T14:00:00Z,0,0,0,0,0,0,0,0,0.0,0.0,0.0,0.0,0.0,0.0,0.0,0.0,0,40
2023-24,32,432,Joe Willock,MID,Newcastle,15,10,0,2024-04-06T14:00:00Z,39,1,0,0,0,0,0,0,2.2,11.5,0.0,1.4,0.0,0.0,0.0,1.04,1,53
2023-24,32,433,Callum Wilson,FWD,Newcastle,15,10,0,2024-04-06T14:00:00Z,0,0,0,0,0,0,0,0,0.0,0.0,0.0,0.0,0.0,0.0,0.0,0.0,0,78
2023-24,32,434,Brandon Aguilera Zamora,MID,Nott'm Forest,16,18,0,2024-04-07T17:00:00Z,0,0,0,0,0,0,0,0,0.0,0.0,0.0,0.0,0.0,0.0,0.0,0.0,0,45
2023-24,32,435,Harry Arter,MID,Nott'm Forest,16,18,0,2024-04-07T17:00:00Z,0,0,0,0,0,0,0,0,0.0,0.0,0.0,0.0,0.0,0.0,0.0,0.0,0,43
2023-24,32,436,Serge Aurier,DEF,Nott'm Forest,16,18,0,2024-04-07T17:00:00Z,0,0,0,0,0,0,0,0,0.0,0.0,0.0,0.0,0.0,0.0,0.0,0.0,0,45
2023-24,32,437,Taiwo Awoniyi,FWD,Nott'm Forest,16,18,0,2024-04-07T17:00:00Z,0,0,0,0,0,0,0,0,0.0,0.0,0.0,0.0,0.0,0.0,0.0,0.0,0,63
2023-24,32,438,Giulian Biancone,DEF,Nott'm Forest,16,18,0,2024-04-07T17:00:00Z,0,0,0,0,0,0,0,0,0.0,0.0,0.0,0.0,0.0,0.0,0.0,0.0,0,39
2023-24,32,439,Willy Boly,DEF,Nott'm Forest,16,18,0,2024-04-07T17:00:00Z,0,0,0,0,0,0,0,0,0.0,0.0,0.0,0.0,0.0,0.0,0.0,0.0,0,45
2023-24,32,440,Josh Bowler,MID,Nott'm Forest,16,18,0,2024-04-07T17:00:00Z,0,0,0,0,0,0,0,0,0.0,0.0,0.0,0.0,0.0,0.0,0.0,0.0,0,45
2023-24,32,441,Steve Cook,DEF,Nott'm Forest,16,18,0,2024-04-07T17:00:00Z,0,0,0,0,0,0,0,0,0.0,0.0,0.0,0.0,0.0,0.0,0.0,0.0,0,45
2023-24,32,442,Danilo dos Santos de Oliveira,MID,Nott'm Forest,16,18,0,2024-04-07T17:00:00Z,80,1,0,0,0,3,0,4,12.6,2.7,0.0,1.5,0.0,0.01,0.01,1.34,1,53
2023-24,32,443,Emmanuel Dennis,FWD,Nott'm Forest,16,18,0,2024-04-07T17:00:00Z,0,0,0,0,0,0,0,0,0.0,0.0,0.0,0.0,0.0,0.0,0.0,0.0,0,48
2023-24,32,444,Mohamed Dräger,DEF,Nott'm Forest,16,18,0,2024-04-07T17:00:00Z,0,0,0,0,0,0,0,0,0.0,0.0,0.0,0.0,0.0,0.0,0.0,0.0,0,40
2023-24,32,445,Felipe Augusto de Almeida Monteiro,DEF,Nott'm Forest,16,18,0,2024-04-07T17:00:00Z,0,0,0,0,0,0,0,0,0.0,0.0,0.0,0.0,0.0,0.0,0.0,0.0,0,44
2023-24,32,446,Remo Freuler,MID,Nott'm Forest,16,18,0,2024-04-07T17:00:00Z,0,0,0,0,0,0,0,0,0.0,0.0,0.0,0.0,0.0,0.0,0.0,0.0,0,49
2023-24,32,447,Morgan Gibbs-White,MID,Nott'm Forest,16,18,0,2024-04-07T17:00:00Z,67,1,0,0,0,3,0,4,9.2,31.8,1.0,4.2,0.03,0.02,0.05,1.29,1,57
2023-24,32,448,Wayne Hennessey,GK,Nott'm Forest,16,18,0,2024-04-07T17:00:00Z,0,0,0,0,0,0,0,0,0.0,0.0,0.0,0.0,0.0,0.0,0.0,0.0,0,39
2023-24,32,449,Ethan Horvath,GK,Nott'm Forest,16,18,0,2024-04-07T17:00:00Z,0,0,0,0,0,0,0,0,0.0,0.0,0.0,0.0,0.0,0.0,0.0,0.0,0,43
2023-24,32,450,Brennan Johnson,MID,Spurs,18,16,1,2024-04-07T17:00:00Z,88,2,0,0,0,1,0,10,11.6,28.9,47.0,8.8,0.73,0.15,0.88,1.54,1,58
2023-24,32,451,Cheikhou Kouyaté,MID,Nott'm Forest,16,18,0,2024-04-07T17:00:00Z,0,0,0,0,0,0,0,0,0.0,0.0,0.0,0.0,0.0,0.0,0.0,0.0,0,48
2023-24,32,452,Richie Laryea,DEF,Nott'm Forest,16,18,0,2024-04-07T17:00:00Z,0,0,0,0,0,0,0,0,0.0,0.0,0.0,0.0,0.0,0.0,0.0,0.0,0,45
2023-24,32,453,Orel Mangala,MID,Nott'm Forest,16,18,0,2024-04-07T17:00:00Z,0,0,0,0,0,0,0,0,0.0,0.0,0.0,0.0,0.0,0.0,0.0,0.0,0,50
2023-24,32,454,Loïc Mbe Soh,DEF,Nott'm Forest,16,18,0,2024-04-07T17:00:00Z,0,0,0,0,0,0,0,0,0.0,0.0,0.0,0.0,0.0,0.0,0.0,0.0,0,40
2023-24,32,455,Scott McKenna,DEF,Nott'm Forest,16,18,0,2024-04-07T17:00:00Z,0,0,0,0,0,0,0,0,0.0,0.0,0.0,0.0,0.0,0.0,0.0,0.0,0,44
2023-24,32,456,Alex Mighten,MID,Nott'm Forest,16,18,0,2024-04-07T17:00:00Z,0,0,0,0,0,0,0,0,0.0,0.0,0.0,0.0,0.0,0.0,0.0,0.0,0,44
2023-24,32,457,Moussa Niakhaté,DEF,Nott'm Forest,16,18,0,2024-04-07T17:00:00Z,0,0,0,0,0,0,0,0,0.0,0.0,0.0,0.0,0.0,0.0,0.0,0.0,0,45
2023-24,32,458,Lewis O'Brien,MID,Nott'm Forest,16,18,0,2024-04-07T17:00:00Z,0,0,0,0,0,0,0,0,0.0,0.0,0.0,0.0,0.0,0.0,0.0,0.0,0,49
2023-24,32,459,Braian Ojeda Rodríguez,MID,Nott'm Forest,16,18,0,2024-04-07T17:00:00Z,0,0,0,0,0,0,0,0,0.0,0.0,0.0,0.0,0.0,0.0,0.0,0.0,0,45
2023-24,32,460,Jonathan Panzo,DEF,Nott'm Forest,16,18,0,2024-04-07T17:00:00Z,0,0,0,0,0,0,0,0,0.0,0.0,0.0,0.0,0.0,0.0,0.0,0.0,0,40
2023-24,32,461,Omar Richards,DEF,Nott'm Forest,16,18,0,2024-04-07T17:00:00Z,0,0,0,0,0,0,0,0,0.0,0.0,0.0,0.0,0.0,0.0,0.0,0.0,0,44
2023-24,32,462,Gustavo Henrique Furtado Scarpa,MID,Nott'm Forest,16,18,0,2024-04-07T17:00:00Z,0,0,0,0,0,0,0,0,0.0,0.0,0.0,0.0,0.0,0.0,0.0,0.0,0,45
2023-24,32,463,Jonjo Shelvey,MID,Nott'm Forest,16,18,0,2024-04-07T17:00:00Z,0,0,0,0,0,0,0,0,0.0,0.0,0.0,0.0,0.0,0.0,0.0,0.0,0,48
2023-24,32,464,Sam Surridge,FWD,Nott'm Forest,16,18,0,2024-04-07T17:00:00Z,0,0,0,0,0,0,0,0,0.0,0.0,0.0,0.0,0.0,0.0,0.0,0.0,0,45
2023-24,32,465,Harry Toffolo,DEF,Nott'm Forest,16,18,0,2024-04-07T17:00:00Z,0,0,0,0,0,0,0,0,0.0,0.0,0.0,0.0,0.0,0.0,0.0,0.0,0,44
2023-24,32,466,Hwang Ui-jo,FWD,Nott'm Forest,16,18,0,2024-04-07T17:00:00Z,0,0,0,0,0,0,0,0,0.0,0.0,0.0,0.0,0.0,0.0,0.0,0.0,0,44
2023-24,32,467,Neco Williams,DEF,Nott'm Forest,16,18,0,2024-04-07T17:00:00Z,86,0,0,0,0,3,0,14,16.0,15.9,5.0,3.7,0.01,0.02,0.03,1.46,1,43
2023-24,32,468,Chris Wood,FWD,Nott'm Forest,16,18,0,2024-04-07T17:00:00Z,67,6,1,0,0,3,0,22,33.0,0.6,59.0,9.3,1.15,0.0,1.15,1.29,1,48
2023-24,32,469,Joe Worrall,DEF,Nott'm Forest,16,18,0,2024-04-07T17:00:00Z,0,0,0,0,0,0,0,0,0.0,0.0,0.0,0.0,0.0,0.0,0.0,0.0,0,43
2023-24,32,470,Ryan Yates,MID,Nott'm Forest,16,18,0,2024-04-07T17:00:00Z,80,1,0,0,0,3,0,7,5.8,2.4,17.0,2.5,0.15,0.01,0.16,1.34,1,48
2023-24,32,471,Anel Ahmedhodžić,DEF,Sheffield Utd,17,7,1,2024-04-07T16:30:00Z,90,0,0,0,0,2,0,7,14.8,0.1,2.0,1.7,0.0,0.0,0.0,0.37,1,43
2023-24,32,472,Jordan Amissah,GK,Sheffield Utd,17,7,1,2024-04-07T16:30:00Z,0,0,0,0,0,0,0,0,0.0,0.0,0.0,0.0,0.0,0.0,0.0,0.0,0,39
2023-24,32,473,George Baldock,DEF,Sheffield Utd,17,7,1,2024-04-07T16:30:00Z,0,0,0,0,0,0,0,0,0.0,0.0,0.0,0.0,0.0,0.0,0.0,0.0,0,38
2023-24,32,474,Chris Basham,DEF,Sheffield Utd,17,7,1,2024-04-07T16:30:00Z,0,0,0,0,0,0,0,0,0.0,0.0,0.0,0.0,0.0,0.0,0.0,0.0,0,39
2023-24,32,475,Sander Berge,MID,Burnley,6,9,0,2024-04-06T14:00:00Z,90,1,0,0,0,1,0,7,8.6,1.9,5.0,1.6,0.02,0.02,0.04,0.83,1,46
2023-24,32,476,Jayden Bogle,DEF,Sheffield Utd,17,7,1,2024-04-07T16:30:00Z,90,7,1,0,0,2,0,22,40.0,1.7,17.0,5.9,0.07,0.01,0.08,0.37,1,45
2023-24,32,477,Rhian Brewster,FWD,Sheffield Utd,17,7,1,2024-04-07T16:30:00Z,0,0,0,0,0,0,0,0,0.0,0.0,0.0,0.0,0.0,0.0,0.0,0.0,0,49
2023-24,32,478,Ismaila Coulibaly,MID,Sheffield Utd,17,7,1,2024-04-07T16:30:00Z,0,0,0,0,0,0,0,0,0.0,0.0,0.0,0.0,0.0,0.0,0.0,0.0,0,44
2023-24,32,479,Adam Davies,GK,Sheffield Utd,17,7,1,2024-04-07T16:30:00Z,0,0,0,0,0,0,0,0,0.0,0.0,0.0,0.0,0.0,0.0,0.0,0.0,0,40
2023-24,32,480,John Egan,DEF,Sheffield Utd,17,7,1,2024-04-07T16:30:00Z,0,0,0,0,0,0,0,0,0.0,0.0,0.0,0.0,0.0,0.0,0.0,0.0,0,42
2023-24,32,481,John Fleck,MID,Sheffield Utd,17,7,1,2024-04-07T16:30:00Z,0,0,0,0,0,0,0,0,0.0,0.0,0.0,0.0,0.0,0.0,0.0,0.0,0,49
2023-24,32,482,Wes Foderingham,GK,Sheffield Utd,17,7,1,2024-04-07T16:30:00Z,0,0,0,0,0,0,0,0,0.0,0.0,0.0,0.0,0.0,0.0,0.0,0.0,0,44
2023-24,32,483,Daniel Jebbison,FWD,Sheffield Utd,17,7,1,2024-04-07T16:30:00Z,0,0,0,0,0,0,0,0,0.0,0.0,0.0,0.0,0.0,0.0,0.0,0.0,0,48
2023-24,32,484,Max Lowe,DEF,Sheffield Utd,17,7,1,2024-04-07T16:30:00Z,0,0,0,0,0,0,0,0,0.0,0.0,0.0,0.0,0.0,0.0,0.0,0.0,0,43
2023-24,32,485,Oliver McBurnie,FWD,Sheffield Utd,17,7,1,2024-04-07T16:30:00Z,90,8,1,0,0,2,2,31,42.0,12.3,55.0,10.9,0.83,0.08,0.91,0.37,1,54
2023-24,32,486,Iliman Ndiaye,FWD,Sheffield Utd,17,7,1,2024-04-07T16:30:00Z,0,0,0,0,0,0,0,0,0.0,0.0,0.0,0.0,0.0,0.0,0.0,0.0,0,55
2023-24,32,487,Rhys Norrington-Davies,DEF,Sheffield Utd,17,7,1,2024-04-07T16:30:00Z,0,0,0,0,0,0,0,0,0.0,0.0,0.0,0.0,0.0,0.0,0.0,0.0,0,39
2023-24,32,488,Oliver Norwood,MID,Sheffield Utd,17,7,1,2024-04-07T16:30:00Z,0,0,0,0,0,0,0,0,0.0,0.0,0.0,0.0,0.0,0.0,0.0,0.0,0,48
2023-24,32,489,Ben Osborn,MID,Sheffield Utd,17,7,1,2024-04-07T16:30:00Z,90,2,0,0,0,2,0,14,7.8,2.1,3.0,1.3,0.06,0.01,0.07,0.37,1,48
2023-24,32,490,William Osula,FWD,Sheffield Utd,17,7,1,2024-04-07T16:30:00Z,0,0,0,0,0,0,0,0,0.0,0.0,0.0,0.0,0.0,0.0,0.0,0.0,0,43
2023-24,32,491,Brandon Austin,GK,Spurs,18,16,1,2024-04-07T17:00:00Z,0,0,0,0,0,0,0,0,0.0,0.0,0.0,0.0,0.0,0.0,0.0,0.0,0,39
2023-24,32,492,Rodrigo Bentancur,MID,Spurs,18,16,1,2024-04-07T17:00:00Z,45,3,0,1,0,0,0,11,18.4,12.8,6.0,3.7,0.0,0.04,0.04,0.61,0,54
2023-24,32,493,Yves Bissouma,MID,Spurs,18,16,1,2024-04-07T17:00:00Z,45,1,0,0,0,1,0,8,1.4,4.9,10.0,1.6,0.14,0.03,0.17,0.95,1,50
2023-24,32,494,Bryan Gil Salvatierra,MID,Spurs,18,16,1,2024-04-07T17:00:00Z,0,0,0,0,0,0,0,0,0.0,0.0,0.0,0.0,0.0,0.0,0.0,0.0,0,49
2023-24,32,495,Ben Davies,DEF,Spurs,18,16,1,2024-04-07T17:00:00Z,0,0,0,0,0,0,0,0,0.0,0.0,0.0,0.0,0.0,0.0,0.0,0.0,0,43
2023-24,32,496,Eric Dier,DEF,Spurs,18,16,1,2024-04-07T17:00:00Z,0,0,0,0,0,0,0,0,0.0,0.0,0.0,0.0,0.0,0.0,0.0,0.0,0,42
2023-24,32,497,Emerson Leite de Souza Junior,DEF,Spurs,18,16,1,2024-04-07T17:00:00Z,0,0,0,0,0,0,0,0,0.0,0.0,0.0,0.0,0.0,0.0,0.0,0.0,0,43
2023-24,32,498,Fraser Forster,GK,Spurs,18,16,1,2024-04-07T17:00:00Z,0,0,0,0,0,0,0,0,0.0,0.0,0.0,0.0,0.0,0.0,0.0,0.0,0,38
2023-24,32,499,Pierre-Emile Højbjerg,MID,Spurs,18,16,1,2024-04-07T17:00:00Z,45,1,0,0,0,0,0,7,11.0,3.8,16.0,3.1,0.12,0.02,0.14,0.61,0,51
2023-24,32,500,Harry Kane,FWD,Spurs,18,16,1,2024-04-07T17:00:00Z,0,0,0,0,0,0,0,0,0.0,0.0,0.0,0.0,0.0,0.0,0.0,0.0,0,125
2023-24,32,501,Dejan Kulusevski,MID,Spurs,18,16,1,2024-04-07T17:00:00Z,14,1,0,0,0,0,0,6,5.4,10.3,0.0,1.6,0.0,0.01,0.01,0.14,0,68
2023-24,32,502,Hugo Lloris,GK,Spurs,18,16,1,2024-04-07T17:00:00Z,0,0,0,0,0,0,0,0,0.0,0.0,0.0,0.0,0.0,0.0,0.0,0.0,0,47
2023-24,32,503,Giovani Lo Celso,MID,Spurs,18,16,1,2024-04-07T17:00:00Z,14,1,0,0,0,0,0,4,0.6,1.7,1.0,0.3,0.02,0.01,0.03,0.14,0,48
2023-24,32,504,James Maddison,MID,Spurs,18,16,1,2024-04-07T17:00:00Z,75,2,0,0,0,1,0,14,11.4,42.8,17.0,7.1,0.08,0.18,0.26,1.43,1,79
2023-24,32,505,Tanguy Ndombélé Alvaro,MID,Spurs,18,16,1,2024-04-07T17:00:00Z,0,0,0,0,0,0,0,0,0.0,0.0,0.0,0.0,0.0,0.0,0.0,0.0,0,44
2023-24,32,506,Pedro Porro,DEF,Spurs,18,16,1,2024-04-07T17:00:00Z,90,11,1,0,0,1,3,30,47.2,19.3,17.0,8.4,0.09,0.06,0.15,1.56,1,59
2023-24,32,507,Ivan Perišić,DEF,Spurs,18,16,1,2024-04-07T17:00:00Z,0,0,0,0,0,0,0,0,0.0,0.0,0.0,0.0,0.0,0.0,0.0,0.0,0,47
2023-24,32,508,Sergio Reguilón,DEF,Brentford,4,2,0,2024-04-06T14:00:00Z,75,9,0,2,0,2,2,33,40.8,29.1,7.0,7.7,0.07,0.73,0.8,0.95,1,44
2023-24,32,509,Richarlison de Andrade,MID,Spurs,18,16,1,2024-04-07T17:00:00Z,0,0,0,0,0,0,0,0,0.0,0.0,0.0,0.0,0.0,0.0,0.0,0.0,0,69
2023-24,32,510,Joe Rodon,DEF,Spurs,18,16,1,2024-04-07T17:00:00Z,0,0,0,0,0,0,0,0,0.0,0.0,0.0,0.0,0.0,0.0,0.0,0.0,0,40
2023-24,32,511,Cristian Romero,DEF,Spurs,18,16,1,2024-04-07T17:00:00Z,90,2,0,0,0,1,0,13,15.8,2.5,0.0,1.8,0.0,0.02,0.02,1.56,1,52
2023-24,32,512,Davinson Sánchez,DEF,Spurs,18,16,1,2024-04-07T17:00:00Z,0,0,0,0,0,0,0,0,0.0,0.0,0.0,0.0,0.0,0.0,0.0,0.0,0,44
2023-24,32,513,Pape Matar Sarr,MID,Spurs,18,16,1,2024-04-07T17:00:00Z,45,1,0,0,0,1,0,6,6.0,2.0,0.0,0.8,0.0,0.02,0.02,0.95,1,44
2023-24,32,514,Ryan Sessegnon,DEF,Spurs,18,16,1,2024-04-07T17:00:00Z,0,0,0,0,0,0,0,0,0.0,0.0,0.0,0.0,0.0,0.0,0.0,0.0,0,44
2023-24,32,515,Oliver Skipp,MID,Spurs,18,16,1,2024-04-07T17:00:00Z,0,0,0,0,0,0,0,0,0.0,0.0,0.0,0.0,0.0,0.0,0.0,0.0,0,45
2023-24,32,516,Son Heung-min,MID,Spurs,18,16,1,2024-04-07T17:00:00Z,90,5,0,1,0,1,0,21,24.2,29.1,32.0,8.5,0.24,0.22,0.46,1.56,1,101
2023-24,32,517,Djed Spence,DEF,Spurs,18,16,1,2024-04-07T17:00:00Z,0,0,0,0,0,0,0,0,0.0,0.0,0.0,0.0,0.0,0.0,0.0,0.0,0,40
2023-24,32,518,Japhet Tanganga,DEF,Spurs,18,16,1,2024-04-07T17:00:00Z,0,0,0,0,0,0,0,0,0.0,0.0,0.0,0.0,0.0,0.0,0.0,0.0,0,40
2023-24,32,519,Destiny Udogie,DEF,Spurs,18,16,1,2024-04-07T17:00:00Z,90,2,0,0,0,1,0,10,7.4,15.4,6.0,2.9,0.0,0.08,0.08,1.56,1,50
2023-24,32,520,Guglielmo Vicario,GK,Spurs,18,16,1,2024-04-07T17:00:00Z,90,4,0,0,0,1,1,25,43.4,0.0,0.0,4.3,0.0,0.0,0.0,1.56,1,53
2023-24,32,521,Alfie Whiteman,GK,Spurs,18,16,1,2024-04-07T17:00:00Z,0,0,0,0,0,0,0,0,0.0,0.0,0.0,0.0,0.0,0.0,0.0,0.0,0,39
2023-24,32,522,Nayef Aguerd,DEF,West Ham,19,20,0,2024-04-06T14:00:00Z,0,0,0,0,0,0,0,0,0.0,0.0,0.0,0.0,0.0,0.0,0.0,0.0,0,44
2023-24,32,523,Michail Antonio,FWD,West Ham,19,20,0,2024-04-06T14:00:00Z,45,1,0,0,0,0,0,1,9.2,2.1,21.0,3.2,0.02,0.02,0.04,0.05,0,57
2023-24,32,524,Alphonse Areola,GK,West Ham,19,20,0,2024-04-06T14:00:00Z,0,0,0,0,0,0,0,0,0.0,0.0,0.0,0.0,0.0,0.0,0.0,0.0,0,42
2023-24,32,525,Saïd Benrahma,MID,West Ham,19,20,0,2024-04-06T14:00:00Z,0,0,0,0,0,0,0,0,0.0,0.0,0.0,0.0,0.0,0.0,0.0,0.0,0,56
2023-24,32,526,Jarrod Bowen,MID,West Ham,19,20,0,2024-04-06T14:00:00Z,53,1,0,0,0,1,0,9,5.2,10.8,2.0,1.8,0.0,0.53,0.53,1.45,1,79
2023-24,32,527,Maxwel Cornet,MID,West Ham,19,20,0,2024-04-06T14:00:00Z,0,0,0,0,0,0,0,0,0.0,0.0,0.0,0.0,0.0,0.0,0.0,0.0,0,52
2023-24,32,528,Vladimír Coufal,DEF,West Ham,19,20,0,2024-04-06T14:00:00Z,45,1,0,0,0,1,0,4,3.6,0.4,0.0,0.4,0.0,0.0,0.0,1.45,1,46
2023-24,32,529,Conor Coventry,MID,West Ham,19,20,0,2024-04-06T14:00:00Z,0,0,0,0,0,0,0,0,0.0,0.0,0.0,0.0,0.0,0.0,0.0,0.0,0,43
2023-24,32,530,Aaron Cresswell,DEF,West Ham,19,20,0,2024-04-06T14:00:00Z,36,1,0,0,0,0,0,6,6.8,1.1,0.0,0.8,0.0,0.01,0.01,0.05,0,42
2023-24,32,531,Flynn Downes,MID,West Ham,19,20,0,2024-04-06T14:00:00Z,0,0,0,0,0,0,0,0,0.0,0.0,0.0,0.0,0.0,0.0,0.0,0.0,0,50
2023-24,32,532,Emerson Palmieri dos Santos,DEF,West Ham,19,20,0,2024-04-06T14:00:00Z,90,4,0,1,0,1,0,11,5.6,15.3,4.0,2.5,0.0,0.01,0.01,1.5,1,44
2023-24,32,533,Lukasz Fabianski,GK,West Ham,19,20,0,2024-04-06T14:00:00Z,90,4,0,0,0,1,0,21,35.0,0.0,0.0,3.5,0.0,0.0,0.0,1.5,1,42
2023-24,32,534,Pablo Fornals Malla,MID,West Ham,19,20,0,2024-04-06T14:00:00Z,0,0,0,0,0,0,0,0,0.0,0.0,0.0,0.0,0.0,0.0,0.0,0.0,0,46
2023-24,32,535,Danny Ings,FWD,West Ham,19,20,0,2024-04-06T14:00:00Z,0,0,0,0,0,0,0,0,0.0,0.0,0.0,0.0,0.0,0.0,0.0,0.0,0,56
2023-24,32,536,Ben Johnson,DEF,West Ham,19,20,0,2024-04-06T14:00:00Z,45,1,0,0,0,0,0,2,10.4,2.4,17.0,3.0,0.04,0.01,0.05,0.05,0,44
2023-24,32,537,Thilo Kehrer,DEF,West Ham,19,20,0,2024-04-06T14:00:00Z,0,0,0,0,0,0,0,0,0.0,0.0,0.0,0.0,0.0,0.0,0.0,0.0,0,42
2023-24,32,538,Divin Mubama,FWD,West Ham,19,20,0,2024-04-06T14:00:00Z,0,0,0,0,0,0,0,0,0.0,0.0,0.0,0.0,0.0,0.0,0.0,0.0,0,41
2023-24,32,539,Lucas Tolentino Coelho de Lima,MID,West Ham,19,20,0,2024-04-06T14:00:00Z,90,8,1,0,0,1,2,25,50.0,30.7,17.0,9.8,0.79,0.1,0.89,1.5,1,60
2023-24,32,540,Declan Rice,MID,Arsenal,1,5,0,2024-04-06T16:30:00Z,90,3,0,0,1,0,0,20,20.4,45.3,12.0,7.8,0.04,0.23,0.27,0.53,1,55
2023-24,32,541,Gianluca Scamacca,FWD,West Ham,19,20,0,2024-04-06T14:00:00Z,0,0,0,0,0,0,0,0,0.0,0.0,0.0,0.0,0.0,0.0,0.0,0.0,0,60
2023-24,32,542,Tomáš Souček,MID,West Ham,19,20,0,2024-04-06T14:00:00Z,45,1,0,0,0,1,0,0,5.8,10.5,2.0,1.8,0.0,0.0,0.0,1.45,1,49
2023-24,32,543,Nikola Vlašić,MID,West Ham,19,20,0,2024-04-06T14:00:00Z,0,0,0,0,0,0,0,0,0.0,0.0,0.0,0.0,0.0,0.0,0.0,0.0,0,45
2023-24,32,544,Kurt Zouma,DEF,West Ham,19,20,0,2024-04-06T14:00:00Z,90,2,0,0,0,1,0,21,19.8,1.1,0.0,2.1,0.0,0.0,0.0,1.5,1,45
2023-24,32,545,Rayan Aït-Nouri,DEF,Wolves,20,19,1,2024-04-06T14:00:00Z,54,4,0,1,0,0,0,8,1.8,5.0,6.0,1.3,0.04,0.01,0.05,0.05,1,47
2023-24,32,546,Daniel Bentley,GK,Wolves,20,19,1,2024-04-06T14:00:00Z,0,0,0,0,0,0,0,0,0.0,0.0,0.0,0.0,0.0,0.0,0.0,0.0,0,39
2023-24,32,547,Bendegúz Bolla,DEF,Wolves,20,19,1,2024-04-06T14:00:00Z,0,0,0,0,0,0,0,0,0.0,0.0,0.0,0.0,0.0,0.0,0.0,0.0,0,40
2023-24,32,548,Hugo Bueno López,DEF,Wolves,20,19,1,2024-04-06T14:00:00Z,3,1,0,0,0,0,0,3,0.0,0.4,0.0,0.0,0.0,0.0,0.0,0.06,0,44
2023-24,32,549,Francisco Jorge Tomás Oliveira,MID,Wolves,20,19,1,2024-04-06T14:00:00Z,0,0,0,0,0,0,0,0,0.0,0.0,0.0,0.0,0.0,0.0,0.0,0.0,0,45
2023-24,32,550,Luke Cundle,MID,Wolves,20,19,1,2024-04-06T14:00:00Z,0,0,0,0,0,0,0,0,0.0,0.0,0.0,0.0,0.0,0.0,0.0,0.0,0,45
2023-24,32,551,Craig Dawson,DEF,Wolves,20,19,1,2024-04-06T14:00:00Z,0,0,0,0,0,0,0,0,0.0,0.0,0.0,0.0,0.0,0.0,0.0,0.0,0,45
2023-24,32,552,Fábio Silva,FWD,Wolves,20,19,1,2024-04-06T14:00:00Z,0,0,0,0,0,0,0,0,0.0,0.0,0.0,0.0,0.0,0.0,0.0,0.0,0,52
2023-24,32,553,Ryan Giles,DEF,Luton,12,3,1,2024-04-06T14:00:00Z,0,0,0,0,0,0,0,0,0.0,0.0,0.0,0.0,0.0,0.0,0.0,0.0,0,42
2023-24,32,554,Gonçalo Manuel Ganchinho Guedes,MID,Wolves,20,19,1,2024-04-06T14:00:00Z,0,0,0,0,0,0,0,0,0.0,0.0,0.0,0.0,0.0,0.0,0.0,0.0,0,54
2023-24,32,555,Joe Hodge,MID,Wolves,20,19,1,2024-04-06T14:00:00Z,0,0,0,0,0,0,0,0,0.0,0.0,0.0,0.0,0.0,0.0,0.0,0.0,0,44
2023-24,32,556,Ki-Jana Hoever,DEF,Wolves,20,19,1,2024-04-06T14:00:00Z,0,0,0,0,0,0,0,0,0.0,0.0,0.0,0.0,0.0,0.0,0.0,0.0,0,40
2023-24,32,557,Hwang Hee-chan,MID,Wolves,20,19,1,2024-04-06T14:00:00Z,0,0,0,0,0,0,0,0,0.0,0.0,0.0,0.0,0.0,0.0,0.0,0.0,0,54
2023-24,32,558,Raúl Jiménez,FWD,Fulham,10,15,1,2024-04-06T14:00:00Z,4,1,0,0,0,0,0,1,3.2,0.3,9.0,1.3,0.04,0.0,0.04,0.55,0,50
2023-24,32,559,João Victor Gomes da Silva,MID,Wolves,20,19,1,2024-04-06T14:00:00Z,90,1,0,0,0,2,0,9,25.8,20.3,13.0,5.9,0.04,0.28,0.32,1.13,1,49
2023-24,32,560,Jonathan Castro Otto,DEF,Wolves,20,19,1,2024-04-06T14:00:00Z,0,0,0,0,0,0,0,0,0.0,0.0,0.0,0.0,0.0,0.0,0.0,0.0,0,43
2023-24,32,561,Bruno Cavaco Jordão,MID,Wolves,20,19,1,2024-04-06T14:00:00Z,0,0,0,0,0,0,0,0,0.0,0.0,0.0,0.0,0.0,0.0,0.0,0.0,0,43
2023-24,32,562,Sasa Kalajdzic,FWD,Wolves,20,19,1,2024-04-06T14:00:00Z,0,0,0,0,0,0,0,0,0.0,0.0,0.0,0.0,0.0,0.0,0.0,0.0,0,49
2023-24,32,563,Max Kilman,DEF,Wolves,20,19,1,2024-04-06T14:00:00Z,90,1,0,0,0,2,0,11,15.6,2.2,6.0,2.4,0.0,0.06,0.06,1.13,1,45
2023-24,32,564,Tom King,GK,Wolves,20,19,1,2024-04-06T14:00:00Z,0,0,0,0,0,0,0,0,0.0,0.0,0.0,0.0,0.0,0.0,0.0,0.0,0,39
2023-24,32,565,Mario Lemina,MID,Wolves,20,19,1,2024-04-06T14:00:00Z,74,2,0,0,0,1,0,14,18.2,14.2,7.0,3.9,0.04,0.02,0.06,1.03,1,49
2023-24,32,566,Matheus Luiz Nunes,MID,Man City,13,8,0,2024-04-06T11:30:00Z,16,1,0,0,0,1,0,3,2.4,10.8,4.0,1.7,0.05,0.0,0.05,0.54,0,47
2023-24,32,567,Pedro Lomba Neto,MID,Wolves,20,19,1,2024-04-06T14:00:00Z,0,0,0,0,0,0,0,0,0.0,0.0,0.0,0.0,0.0,0.0,0.0,0.0,0,55
2023-24,32,568,Daniel Castelo Podence,MID,Wolves,20,19,1,2024-04-06T14:00:00Z,0,0,0,0,0,0,0,0,0.0,0.0,0.0,0.0,0.0,0.0,0.0,0.0,0,53
2023-24,32,569,José Malheiro de Sá,GK,Wolves,20,19,1,2024-04-06T14:00:00Z,90,1,0,0,0,2,0,12,18.0,0.0,0.0,1.8,0.0,0.0,0.0,1.13,1,50
2023-24,32,570,Pablo Sarabia,MID,Wolves,20,19,1,2024-04-06T14:00:00Z,75,7,1,0,0,1,1,23,41.0,14.1,67.0,12.2,1.19,0.09,1.28,1.03,1,47
2023-24,32,571,Matija Šarkić,GK,Wolves,20,19,1,2024-04-06T14:00:00Z,0,0,0,0,0,0,0,0,0.0,0.0,0.0,0.0,0.0,0.0,0.0,0.0,0,40
2023-24,32,572,Nélson Cabral Semedo,DEF,Wolves,20,19,1,2024-04-06T14:00:00Z,90,1,0,0,0,2,0,21,24.8,48.1,2.0,7.5,0.0,0.52,0.52,1.13,1,45
2023-24,32,573,Toti António Gomes,DEF,Wolves,20,19,1,2024-04-06T14:00:00Z,90,0,0,0,0,2,0,9,15.2,2.1,0.0,1.7,0.0,0.01,0.01,1.13,1,44
2023-24,32,574,Boubacar Traoré,MID,Wolves,20,19,1,2024-04-06T14:00:00Z,15,0,0,0,0,1,0,-2,3.8,0.8,8.0,1.3,0.03,0.01,0.04,0.1,0,43
2023-24,32,575,Tom Lockyer,DEF,Luton,12,3,1,2024-04-06T14:00:00Z,0,0,0,0,0,0,0,0,0.0,0.0,0.0,0.0,0.0,0.0,0.0,0.0,0,42
2023-24,32,576,Jack Robinson,DEF,Sheffield Utd,17,7,1,2024-04-07T16:30:00Z,90,0,0,0,0,2,0,4,13.0,4.9,34.0,5.2,0.04,0.02,0.06,0.37,1,43
2023-24,32,577,Angelo Ogbonna,DEF,West Ham,19,20,0,2024-04-06T14:00:00Z,0,0,0,0,0,0,0,0,0.0,0.0,0.0,0.0,0.0,0.0,0.0,0.0,0,42
2023-24,32,578,Reiss Nelson,MID,Arsenal,1,5,0,2024-04-06T16:30:00Z,0,0,0,0,0,0,0,0,0.0,0.0,0.0,0.0,0.0,0.0,0.0,0.0,0,48
2023-24,32,579,Andy Lonergan,GK,Everton,9,6,1,2024-04-06T14:00:00Z,0,0,0,0,0,0,0,0,0.0,0.0,0.0,0.0,0.0,0.0,0.0,0.0,0,39
2023-24,32,580,Loris Karius,GK,Newcastle,15,10,0,2024-04-06T14:00:00Z,0,0,0,0,0,0,0,0,0.0,0.0,0.0,0.0,0.0,0.0,0.0,0.0,0,39
2023-24,32,581,Paul Dummett,DEF,Newcastle,15,10,0,2024-04-06T14:00:00Z,1,1,0,0,0,0,0,3,0.0,0.0,0.0,0.0,0.0,0.0,0.0,0.04,0,39
2023-24,32,582,Pelly Ruddock Mpanzu,MID,Luton,12,3,1,2024-04-06T14:00:00Z,0,0,0,0,0,0,0,0,0.0,0.0,0.0,0.0,0.0,0.0,0.0,0.0,0,46
2023-24,32,583,Manor Solomon,MID,Spurs,18,16,1,2024-04-07T17:00:00Z,0,0,0,0,0,0,0,0,0.0,0.0,0.0,0.0,0.0,0.0,0.0,0.0,0,51
2023-24,32,584,Pau Torres,DEF,Aston Villa,2,4,1,2024-04-06T14:00:00Z,90,1,0,0,0,3,0,11,10.2,4.6,2.0,1.7,0.0,0.02,0.02,1.56,1,46
2023-24,32,585,Jurriën Timber,DEF,Arsenal,1,5,0,2024-04-06T16:30:00Z,0,0,0,0,0,0,0,0,0.0,0.0,0.0,0.0,0.0,0.0,0.0,0.0,0,46
2023-24,32,586,Tahith Chong,MID,Luton,12,3,1,2024-04-06T14:00:00Z,79,2,0,0,0,1,0,4,2.4,11.9,9.0,2.3,0.14,0.04,0.18,0.29,1,47
2023-24,32,587,Anis Slimane,MID,Sheffield Utd,17,7,1,2024-04-07T16:30:00Z,0,0,0,0,0,0,0,0,0.0,0.0,0.0,0.0,0.0,0.0,0.0,0.0,0,47
2023-24,32,588,Ashley Young,DEF,Everton,9,6,1,2024-04-06T14:00:00Z,82,6,0,0,1,0,0,23,17.6,35.5,7.0,6.0,0.13,0.02,0.15,0.46,1,44
2023-24,32,589,Ângelo Gabriel Borges Damaceno,MID,Chelsea,7,17,0,2024-04-07T16:30:00Z,0,0,0,0,0,0,0,0,0.0,0.0,0.0,0.0,0.0,0.0,0.0,0.0,0,50
2023-24,32,590,Matheus Santos Carneiro Da Cunha,FWD,Wolves,20,19,1,2024-04-06T14:00:00Z,35,0,0,0,0,2,0,1,6.2,1.3,4.0,1.2,0.01,0.03,0.04,1.08,0,55
2023-24,32,591,Willian Borges da Silva,MID,Fulham,10,15,1,2024-04-06T14:00:00Z,64,3,0,0,1,0,0,12,4.4,16.8,14.0,3.5,0.19,0.32,0.51,0.19,1,53
2023-24,32,592,Yasser Larouci,DEF,Sheffield Utd,17,7,1,2024-04-07T16:30:00Z,0,0,0,0,0,0,0,0,0.0,0.0,0.0,0.0,0.0,0.0,0.0,0.0,0,43
2023-24,32,593,Bénie Traoré,FWD,Sheffield Utd,17,7,1,2024-04-07T16:30:00Z,0,0,0,0,0,0,0,0,0.0,0.0,0.0,0.0,0.0,0.0,0.0,0.0,0,51
2023-24,32,594,Zeki Amdouni,FWD,Burnley,6,9,0,2024-04-06T14:00:00Z,6,1,0,0,0,0,0,3,2.2,0.3,0.0,0.3,0.0,0.0,0.0,0.04,0,52
2023-24,32,595,Milos Kerkez,DEF,Bournemouth,3,12,0,2024-04-06T14:00:00Z,85,2,0,0,0,1,0,9,6.2,0.4,0.0,0.7,0.0,0.0,0.0,0.89,1,44
2023-24,32,596,James Trafford,GK,Burnley,6,9,0,2024-04-06T14:00:00Z,0,0,0,0,0,0,0,0,0.0,0.0,0.0,0.0,0.0,0.0,0.0,0.0,0,45
2023-24,32,597,André Onana,GK,Man Utd,14,11,1,2024-04-07T14:30:00Z,90,2,0,0,0,2,0,18,38.4,0.0,0.0,3.8,0.0,0.0,0.0,3.59,1,49
2023-24,32,598,Matt Doherty,DEF,Wolves,20,19,1,2024-04-06T14:00:00Z,86,1,0,0,0,2,0,11,25.8,12.7,4.0,4.3,0.0,0.03,0.03,1.08,1,43
2023-24,32,599,Moussa Diaby,MID,Aston Villa,2,4,1,2024-04-06T14:00:00Z,1,1,0,0,0,0,0,3,0.2,0.3,0.0,0.1,0.0,0.0,0.0,0.0,0,63
2023-24,32,600,Nathan Redmond,MID,Burnley,6,9,0,2024-04-06T14:00:00Z,0,0,0,0,0,0,0,0,0.0,0.0,0.0,0.0,0.0,0.0,0.0,0.0,0,47
2023-24,32,601,Arnaut Danjuma Groeneveld,MID,Everton,9,6,1,2024-04-06T14:00:00Z,0,0,0,0,0,0,0,0,0.0,0.0,0.0,0.0,0.0,0.0,0.0,0.0,0,52
2023-24,32,602,Issa Kaboré,DEF,Luton,12,3,1,2024-04-06T14:00:00Z,90,2,0,0,0,1,0,12,26.6,21.8,0.0,4.8,0.0,0.01,0.01,0.34,1,40
2023-24,32,603,Harvey Barnes,MID,Newcastle,15,10,0,2024-04-06T14:00:00Z,25,1,0,0,0,0,0,3,0.4,1.1,4.0,0.6,0.0,0.01,0.01,0.07,0,62
2023-24,32,604,Olu Aina,DEF,Nott'm Forest,16,18,0,2024-04-07T17:00:00Z,90,1,0,0,0,3,0,13,11.8,21.8,6.0,4.0,0.0,0.06,0.06,1.48,1,45
2023-24,32,605,Luca Koleosho,MID,Burnley,6,9,0,2024-04-06T14:00:00Z,0,0,0,0,0,0,0,0,0.0,0.0,0.0,0.0,0.0,0.0,0.0,0.0,0,48
2023-24,32,606,Igor Julio dos Santos de Paulo,DEF,Brighton,5,1,1,2024-04-06T16:30:00Z,0,0,0,0,0,0,0,0,0.0,0.0,0.0,0.0,0.0,0.0,0.0,0.0,0,43
2023-24,32,607,Ionuț Radu,GK,Bournemouth,3,12,0,2024-04-06T14:00:00Z,0,0,0,0,0,0,0,0,0.0,0.0,0.0,0.0,0.0,0.0,0.0,0.0,0,43
2023-24,32,608,Jacob Bruun Larsen,MID,Burnley,6,9,0,2024-04-06T14:00:00Z,68,2,0,0,0,1,0,10,5.4,15.9,5.0,2.6,0.03,0.03,0.06,0.54,1,48
2023-24,32,609,Ian Maatsen,MID,Chelsea,7,17,0,2024-04-07T16:30:00Z,0,0,0,0,0,0,0,0,0.0,0.0,0.0,0.0,0.0,0.0,0.0,0.0,0,51
2023-24,32,610,Calvin Bassey,DEF,Fulham,10,15,1,2024-04-06T14:00:00Z,90,2,0,0,0,1,0,15,11.6,1.8,2.0,1.5,0.0,0.01,0.01,0.59,1,44
2023-24,32,611,Axel Disasi,DEF,Chelsea,7,17,0,2024-04-07T16:30:00Z,90,1,0,0,0,2,0,10,7.6,2.2,0.0,1.0,0.0,0.0,0.0,1.36,1,49
2023-24,32,613,Lesley Ugochukwu,MID,Chelsea,7,17,0,2024-04-07T16:30:00Z,0,0,0,0,0,0,0,0,0.0,0.0,0.0,0.0,0.0,0.0,0.0,0.0,0,44
2023-24,32,614,Thomas Kaminski,GK,Luton,12,3,1,2024-04-06T14:00:00Z,90,2,0,0,0,1,0,10,7.4,0.0,0.0,0.7,0.0,0.01,0.01,0.34,1,45
2023-24,32,615,Matheus França de Oliveira,MID,Crystal Palace,8,13,1,2024-04-06T11:30:00Z,0,0,0,0,0,0,0,0,0.0,0.0,0.0,0.0,0.0,0.0,0.0,0.0,0,48
2023-24,32,616,Joško Gvardiol,DEF,Man City,13,8,0,2024-04-06T11:30:00Z,45,0,0,0,0,1,0,2,5.4,5.1,9.0,2.0,0.35,0.02,0.37,0.54,1,48
2023-24,32,617,Rasmus Højlund,FWD,Man Utd,14,11,1,2024-04-07T14:30:00Z,90,2,0,0,0,2,0,5,9.0,21.0,2.0,3.2,0.0,0.05,0.05,3.59,1,70
2023-24,32,618,Omari Kellyman,MID,Aston Villa,2,4,1,2024-04-06T14:00:00Z,0,0,0,0,0,0,0,0,0.0,0.0,0.0,0.0,0.0,0.0,0.0,0.0,0,45
2023-24,32,619,Ben Greenwood,DEF,Bournemouth,3,12,0,2024-04-06T14:00:00Z,0,0,0,0,0,0,0,0,0.0,0.0,0.0,0.0,0.0,0.0,0.0,0.0,0,40
2023-24,32,620,Michael Olakigbe,MID,Brentford,4,2,0,2024-04-06T14:00:00Z,0,0,0,0,0,0,0,0,0.0,0.0,0.0,0.0,0.0,0.0,0.0,0.0,0,45
2023-24,32,621,Jack Hinshelwood,MID,Brighton,5,1,1,2024-04-06T16:30:00Z,0,0,0,0,0,0,0,0,0.0,0.0,0.0,0.0,0.0,0.0,0.0,0.0,0,45
2023-24,32,622,Owen Dodgson,DEF,Burnley,6,9,0,2024-04-06T14:00:00Z,0,0,0,0,0,0,0,0,0.0,0.0,0.0,0.0,0.0,0.0,0.0,0.0,0,40
2023-24,32,623,Mason Burstow,FWD,Chelsea,7,17,0,2024-04-07T16:30:00Z,0,0,0,0,0,0,0,0,0.0,0.0,0.0,0.0,0.0,0.0,0.0,0.0,0,45
2023-24,32,624,Lewis Dobbin,MID,Everton,9,6,1,2024-04-06T14:00:00Z,0,0,0,0,0,0,0,0,0.0,0.0,0.0,0.0,0.0,0.0,0.0,0.0,0,45
2023-24,32,625,Luc De Fougerolles,DEF,Fulham,10,15,1,2024-04-06T14:00:00Z,0,0,0,0,0,0,0,0,0.0,0.0,0.0,0.0,0.0,0.0,0.0,0.0,0,39
2023-24,32,626,Jarell Quansah,DEF,Liverpool,11,14,0,2024-04-07T14:30:00Z,90,1,0,0,0,2,0,14,9.4,2.6,0.0,1.2,0.0,0.02,0.02,0.71,1,40
2023-24,32,627,Bobby Clark,MID,Liverpool,11,14,0,2024-04-07T14:30:00Z,0,0,0,0,0,0,0,0,0.0,0.0,0.0,0.0,0.0,0.0,0.0,0.0,0,44
2023-24,32,628,Ben Doak,MID,Liverpool,11,14,0,2024-04-07T14:30:00Z,0,0,0,0,0,0,0,0,0.0,0.0,0.0,0.0,0.0,0.0,0.0,0.0,0,43
2023-24,32,629,James McConnell,MID,Liverpool,11,14,0,2024-04-07T14:30:00Z,0,0,0,0,0,0,0,0,0.0,0.0,0.0,0.0,0.0,0.0,0.0,0.0,0,44
2023-24,32,630,Ross Barkley,MID,Luton,12,3,1,2024-04-06T14:00:00Z,90,2,0,0,0,1,0,8,15.4,14.7,20.0,5.0,0.12,0.11,0.23,0.34,1,48
2023-24,32,631,Jacob Brown,FWD,Luton,12,3,1,2024-04-06T14:00:00Z,0,0,0,0,0,0,0,0,0.0,0.0,0.0,0.0,0.0,0.0,0.0,0.0,0,49
2023-24,32,632,Omari Forson,MID,Man Utd,14,11,1,2024-04-07T14:30:00Z,0,0,0,0,0,0,0,0,0.0,0.0,0.0,0.0,0.0,0.0,0.0,0.0,0,44
2023-24,32,633,Tino Livramento,DEF,Newcastle,15,10,0,2024-04-06T14:00:00Z,0,0,0,0,0,0,0,0,0.0,0.0,0.0,0.0,0.0,0.0,0.0,0.0,0,41
2023-24,32,634,Alex Murphy,DEF,Newcastle,15,10,0,2024-04-06T14:00:00Z,0,0,0,0,0,0,0,0,0.0,0.0,0.0,0.0,0.0,0.0,0.0,0.0,0,39
2023-24,32,635,Lewis Miley,MID,Newcastle,15,10,0,2024-04-06T14:00:00Z,0,0,0,0,0,0,0,0,0.0,0.0,0.0,0.0,0.0,0.0,0.0,0.0,0,45
2023-24,32,636,George Shelvey,GK,Nott'm Forest,16,18,0,2024-04-07T17:00:00Z,0,0,0,0,0,0,0,0,0.0,0.0,0.0,0.0,0.0,0.0,0.0,0.0,0,39
2023-24,32,637,Josh Powell,DEF,Nott'm Forest,16,18,0,2024-04-07T17:00:00Z,0,0,0,0,0,0,0,0,0.0,0.0,0.0,0.0,0.0,0.0,0.0,0.0,0,39
2023-24,32,638,Vini de Souza Costa,MID,Sheffield Utd,17,7,1,2024-04-07T16:30:00Z,1,1,0,0,0,0,0,5,4.0,0.3,2.0,0.6,0.0,0.01,0.01,0.0,0,50
2023-24,32,639,Micky van de Ven,DEF,Spurs,18,16,1,2024-04-07T17:00:00Z,90,11,1,0,0,1,3,30,57.0,2.0,17.0,7.6,0.05,0.02,0.07,1.56,1,44
2023-24,32,640,Dane Scarlett,FWD,Spurs,18,16,1,2024-04-07T17:00:00Z,1,1,0,0,0,0,0,1,0.0,0.1,0.0,0.0,0.0,0.0,0.0,0.02,0,45
2023-24,32,641,Alejo Véliz,FWD,Spurs,18,16,1,2024-04-07T17:00:00Z,0,0,0,0,0,0,0,0,0.0,0.0,0.0,0.0,0.0,0.0,0.0,0.0,0,54
2023-24,32,642,Edson Álvarez Velázquez,MID,West Ham,19,20,0,2024-04-06T14:00:00Z,90,2,0,0,0,1,0,12,15.0,3.1,2.0,2.0,0.0,0.02,0.02,1.5,1,50
2023-24,32,643,Max Aarons,DEF,Bournemouth,3,12,0,2024-04-06T14:00:00Z,0,0,0,0,0,0,0,0,0.0,0.0,0.0,0.0,0.0,0.0,0.0,0.0,0,44
2023-24,32,644,Alex Scott,MID,Bournemouth,3,12,0,2024-04-06T14:00:00Z,3,1,0,0,0,1,0,4,3.0,1.3,4.0,0.8,0.0,0.0,0.0,0.51,0,49
2023-24,32,645,Youssef Ramalho Chermiti,FWD,Everton,9,6,1,2024-04-06T14:00:00Z,0,0,0,0,0,0,0,0,0.0,0.0,0.0,0.0,0.0,0.0,0.0,0.0,0,48
2023-24,32,646,Karl Hein,GK,Arsenal,1,5,0,2024-04-06T16:30:00Z,0,0,0,0,0,0,0,0,0.0,0.0,0.0,0.0,0.0,0.0,0.0,0.0,0,40
2023-24,32,647,Joseph Anang,GK,West Ham,19,20,0,2024-04-06T14:00:00Z,0,0,0,0,0,0,0,0,0.0,0.0,0.0,0.0,0.0,0.0,0.0,0.0,0,40
2023-24,32,648,Aidan Francis-Clarke,DEF,Luton,12,3,1,2024-04-06T14:00:00Z,0,0,0,0,0,0,0,0,0.0,0.0,0.0,0.0,0.0,0.0,0.0,0.0,0,40
2023-24,32,649,Thomas Cannon,FWD,Everton,9,6,1,2024-04-06T14:00:00Z,0,0,0,0,0,0,0,0,0.0,0.0,0.0,0.0,0.0,0.0,0.0,0.0,0,45
2023-24,32,650,Tyler Onyango,MID,Everton,9,6,1,2024-04-06T14:00:00Z,0,0,0,0,0,0,0,0,0.0,0.0,0.0,0.0,0.0,0.0,0.0,0.0,0,44
2023-24,32,651,Jay Stansfield,FWD,Fulham,10,15,1,2024-04-06T14:00:00Z,0,0,0,0,0,0,0,0,0.0,0.0,0.0,0.0,0.0,0.0,0.0,0.0,0,45
2023-24,32,652,Matthew Dibley-Dias,MID,Fulham,10,15,1,2024-04-06T14:00:00Z,0,0,0,0,0,0,0,0,0.0,0.0,0.0,0.0,0.0,0.0,0.0,0.0,0,45
2023-24,32,653,Femi Seriki,DEF,Sheffield Utd,17,7,1,2024-04-07T16:30:00Z,0,0,0,0,0,0,0,0,0.0,0.0,0.0,0.0,0.0,0.0,0.0,0.0,0,39
2023-24,32,654,Louie Marsh,FWD,Sheffield Utd,17,7,1,2024-04-07T16:30:00Z,0,0,0,0,0,0,0,0,0.0,0.0,0.0,0.0,0.0,0.0,0.0,0.0,0,45
2023-24,32,655,Andre Brooks,MID,Sheffield Utd,17,7,1,2024-04-07T16:30:00Z,0,0,0,0,0,0,0,0,0.0,0.0,0.0,0.0,0.0,0.0,0.0,0.0,0,44
2023-24,32,656,Antwoine Hackford,FWD,Sheffield Utd,17,7,1,2024-04-07T16:30:00Z,0,0,0,0,0,0,0,0,0.0,0.0,0.0,0.0,0.0,0.0,0.0,0.0,0,44
2023-24,32,657,Jesurun Rak-Sakyi,MID,Crystal Palace,8,13,1,2024-04-06T11:30:00Z,0,0,0,0,0,0,0,0,0.0,0.0,0.0,0.0,0.0,0.0,0.0,0.0,0,45
2023-24,32,658,John-Kymani Gordon,FWD,Crystal Palace,8,13,1,2024-04-06T11:30:00Z,0,0,0,0,0,0,0,0,0.0,0.0,0.0,0.0,0.0,0.0,0.0,0.0,0,45
2023-24,32,659,Lucas Bergström,GK,Chelsea,7,17,0,2024-04-07T16:30:00Z,0,0,0,0,0,0,0,0,0.0,0.0,0.0,0.0,0.0,0.0,0.0,0.0,0,39
2023-24,32,660,Wilson Odobert,MID,Burnley,6,9,0,2024-04-06T14:00:00Z,83,2,0,0,0,1,0,2,2.8,6.7,0.0,1.0,0.0,0.01,0.01,0.79,1,50
2023-24,32,661,Jack Harrison,MID,Everton,9,6,1,2024-04-06T14:00:00Z,7,1,0,0,0,0,0,3,1.2,0.5,2.0,0.4,0.04,0.02,0.06,0.0,0,55
2023-24,32,662,Adama Traoré,MID,Fulham,10,15,1,2024-04-06T14:00:00Z,25,1,0,0,0,1,0,4,3.8,1.8,4.0,1.0,0.0,0.04,0.04,0.4,0,49
2023-24,32,663,Gustavo Hamer,MID,Sheffield Utd,17,7,1,2024-04-07T16:30:00Z,90,5,0,1,0,2,0,19,24.4,20.5,8.0,5.3,0.07,0.11,0.18,0.37,1,49
2023-24,32,664,James Ward-Prowse,MID,West Ham,19,20,0,2024-04-06T14:00:00Z,90,10,1,0,0,1,3,37,47.2,6.1,16.0,6.9,0.2,0.02,0.22,1.5,1,58
2023-24,32,665,Tim Krul,GK,Luton,12,3,1,2024-04-06T14:00:00Z,0,0,0,0,0,0,0,0,0.0,0.0,0.0,0.0,0.0,0.0,0.0,0.0,0,44
2023-24,32,666,Tom Davies,MID,Sheffield Utd,17,7,1,2024-04-07T16:30:00Z,0,0,0,0,0,0,0,0,0.0,0.0,0.0,0.0,0.0,0.0,0.0,0.0,0,50
2023-24,32,667,Roméo Lavia,MID,Chelsea,7,17,0,2024-04-07T16:30:00Z,0,0,0,0,0,0,0,0,0.0,0.0,0.0,0.0,0.0,0.0,0.0,0.0,0,49
2023-24,32,668,Wataru Endo,MID,Liverpool,11,14,0,2024-04-07T14:30:00Z,68,2,0,0,0,2,0,6,7.6,12.7,0.0,2.0,0.0,0.02,0.02,0.32,1,54
2023-24,32,669,Radek Vítek,GK,Man Utd,14,11,1,2024-04-07T14:30:00Z,0,0,0,0,0,0,0,0,0.0,0.0,0.0,0.0,0.0,0.0,0.0,0.0,0,40
2023-24,32,670,Filip Marschall,GK,Aston Villa,2,4,1,2024-04-06T14:00:00Z,0,0,0,0,0,0,0,0,0.0,0.0,0.0,0.0,0.0,0.0,0.0,0.0,0,40
2023-24,32,671,Bashir Humphreys,DEF,Chelsea,7,17,0,2024-04-07T16:30:00Z,0,0,0,0,0,0,0,0,0.0,0.0,0.0,0.0,0.0,0.0,0.0,0.0,0,40
2023-24,32,672,Nicolò Zaniolo,MID,Aston Villa,2,4,1,2024-04-06T14:00:00Z,21,1,0,0,0,0,0,4,1.4,1.1,2.0,0.5,0.0,0.01,0.01,0.0,0,54
2023-24,32,673,Tyler Adams,MID,Bournemouth,3,12,0,2024-04-06T14:00:00Z,0,0,0,0,0,0,0,0,0.0,0.0,0.0,0.0,0.0,0.0,0.0,0.0,0,49
2023-24,32,674,Hannes Delcroix,DEF,Burnley,6,9,0,2024-04-06T14:00:00Z,0,0,0,0,0,0,0,0,0.0,0.0,0.0,0.0,0.0,0.0,0.0,0.0,0,40
2023-24,32,675,Aaron Ramsey,MID,Burnley,6,9,0,2024-04-06T14:00:00Z,0,0,0,0,0,0,0,0,0.0,0.0,0.0,0.0,0.0,0.0,0.0,0.0,0,50
2023-24,32,676,Konstantinos Mavropanos,DEF,West Ham,19,20,0,2024-04-06T14:00:00Z,90,2,0,0,0,1,0,14,14.0,1.0,0.0,1.5,0.0,0.0,0.0,1.5,1,45
2023-24,32,677,Deivid Washington de Souza Eugênio,FWD,Chelsea,7,17,0,2024-04-07T16:30:00Z,0,0,0,0,0,0,0,0,0.0,0.0,0.0,0.0,0.0,0.0,0.0,0.0,0,45
2023-24,32,678,Jérémy Doku,MID,Man City,13,8,0,2024-04-06T11:30:00Z,0,0,0,0,0,0,0,0,0.0,0.0,0.0,0.0,0.0,0.0,0.0,0.0,0,64
2023-24,32,679,Gonzalo Montiel,DEF,Nott'm Forest,16,18,0,2024-04-07T17:00:00Z,3,1,0,0,0,0,0,3,0.4,0.3,0.0,0.1,0.0,0.0,0.0,0.02,0,44
2023-24,32,680,Eddie Beach,GK,Chelsea,7,17,0,2024-04-07T16:30:00Z,0,0,0,0,0,0,0,0,0.0,0.0,0.0,0.0,0.0,0.0,0.0,0.0,0,40
2023-24,32,681,Diego Manuel Jadon da Silva Moreira,MID,Chelsea,7,17,0,2024-04-07T16:30:00Z,0,0,0,0,0,0,0,0,0.0,0.0,0.0,0.0,0.0,0.0,0.0,0.0,0,45
2023-24,32,682,Joseph Johnson,DEF,Luton,12,3,1,2024-04-06T14:00:00Z,0,0,0,0,0,0,0,0,0.0,0.0,0.0,0.0,0.0,0.0,0.0,0.0,0,40
2023-24,32,683,Luke Harris,MID,Fulham,10,15,1,2024-04-06T14:00:00Z,0,0,0,0,0,0,0,0,0.0,0.0,0.0,0.0,0.0,0.0,0.0,0.0,0,45
2023-24,32,684,Ethan Brierley,MID,Brentford,4,2,0,2024-04-06T14:00:00Z,0,0,0,0,0,0,0,0,0.0,0.0,0.0,0.0,0.0,0.0,0.0,0.0,0,45
2023-24,32,685,Daniel Gore,MID,Man Utd,14,11,1,2024-04-07T14:30:00Z,0,0,0,0,0,0,0,0,0.0,0.0,0.0,0.0,0.0,0.0,0.0,0.0,0,45
2023-24,32,686,Oliwier Zych,GK,Aston Villa,2,4,1,2024-04-06T14:00:00Z,0,0,0,0,0,0,0,0,0.0,0.0,0.0,0.0,0.0,0.0,0.0,0.0,0,40
2023-24,32,687,Đorđe Petrović,GK,Chelsea,7,17,0,2024-04-07T16:30:00Z,90,2,0,0,0,2,0,17,24.8,0.0,0.0,2.5,0.0,0.0,0.0,1.36,1,46
2023-24,32,688,Timothy Castagne,DEF,Fulham,10,15,1,2024-04-06T14:00:00Z,90,2,0,0,0,1,0,14,8.4,16.1,2.0,2.7,0.0,0.11,0.11,0.59,1,46
2023-24,32,689,Mohammed Kudus,MID,West Ham,19,20,0,2024-04-06T14:00:00Z,90,2,0,0,0,1,0,-3,2.2,3.7,17.0,2.3,0.09,0.02,0.11,1.5,1,68
2023-24,32,690,Carlos Baleba,MID,Brighton,5,1,1,2024-04-06T16:30:00Z,90,1,0,0,0,3,0,3,3.2,4.3,0.0,0.8,0.0,0.02,0.02,3.23,1,45
2023-24,32,691,Norberto Bercique Gomes Betuncal,FWD,Everton,9,6,1,2024-04-06T14:00:00Z,7,1,0,0,0,0,0,0,2.0,0.0,4.0,0.6,0.0,0.0,0.0,0.0,0,57
2023-24,32,692,Steven Benda,GK,Fulham,10,15,1,2024-04-06T14:00:00Z,0,0,0,0,0,0,0,0,0.0,0.0,0.0,0.0,0.0,0.0,0.0,0.0,0,40
2023-24,32,693,Luke Thomas,DEF,Sheffield Utd,17,7,1,2024-04-07T16:30:00Z,0,0,0,0,0,0,0,0,0.0,0.0,0.0,0.0,0.0,0.0,0.0,0.0,0,40
2023-24,32,694,Han-Noah Massengo,MID,Burnley,6,9,0,2024-04-06T14:00:00Z,0,0,0,0,0,0,0,0,0.0,0.0,0.0,0.0,0.0,0.0,0.0,0.0,0,49
2023-24,32,695,Altay Bayindir,GK,Man Utd,14,11,1,2024-04-07T14:30:00Z,0,0,0,0,0,0,0,0,0.0,0.0,0.0,0.0,0.0,0.0,0.0,0.0,0,40
2023-24,32,696,Murillo Santiago Costa dos Santos,DEF,Nott'm Forest,16,18,0,2024-04-07T17:00:00Z,90,-1,0,0,0,3,0,9,11.0,0.7,4.0,1.6,0.06,0.01,0.07,1.48,1,45
2023-24,32,697,Santiago Bueno,DEF,Wolves,20,19,1,2024-04-06T14:00:00Z,90,1,0,0,0,2,0,15,16.4,11.9,2.0,3.0,0.0,0.01,0.01,1.13,1,45
2023-24,32,698,Enso González,MID,Wolves,20,19,1,2024-04-06T14:00:00Z,0,0,0,0,0,0,0,0,0.0,0.0,0.0,0.0,0.0,0.0,0.0,0.0,0,50
2023-24,32,699,Clément Lenglet,DEF,Aston Villa,2,4,1,2024-04-06T14:00:00Z,0,0,0,0,0,0,0,0,0.0,0.0,0.0,0.0,0.0,0.0,0.0,0.0,0,45
2023-24,32,700,Anssumane Fati Vieira,MID,Brighton,5,1,1,2024-04-06T16:30:00Z,14,1,0,0,0,1,0,3,0.4,2.4,0.0,0.3,0.0,0.07,0.07,0.59,0,64
2023-24,32,701,Saman Ghoddos,MID,Brentford,4,2,0,2024-04-06T14:00:00Z,0,0,0,0,0,0,0,0,0.0,0.0,0.0,0.0,0.0,0.0,0.0,0.0,0,45
2023-24,32,702,Ashley Phillips,DEF,Spurs,18,16,1,2024-04-07T17:00:00Z,0,0,0,0,0,0,0,0,0.0,0.0,0.0,0.0,0.0,0.0,0.0,0.0,0,40
2023-24,32,703,Jonny Evans,DEF,Man Utd,14,11,1,2024-04-07T14:30:00Z,0,0,0,0,0,0,0,0,0.0,0.0,0.0,0.0,0.0,0.0,0.0,0.0,0,40
2023-24,32,704,Nathan Fraser,FWD,Wolves,20,19,1,2024-04-06T14:00:00Z,0,0,0,0,0,0,0,0,0.0,0.0,0.0,0.0,0.0,0.0,0.0,0.0,0,45
2023-24,32,705,Luis Sinisterra,MID,Bournemouth,3,12,0,2024-04-06T14:00:00Z,0,0,0,0,0,0,0,0,0.0,0.0,0.0,0.0,0.0,0.0,0.0,0.0,0,55
2023-24,32,706,Mike Trésor,MID,Burnley,6,9,0,2024-04-06T14:00:00Z,0,0,0,0,0,0,0,0,0.0,0.0,0.0,0.0,0.0,0.0,0.0,0.0,0,53
2023-24,32,707,Fodé Ballo-Touré,DEF,Fulham,10,15,1,2024-04-06T14:00:00Z,0,0,0,0,0,0,0,0,0.0,0.0,0.0,0.0,0.0,0.0,0.0,0.0,0,45
2023-24,32,708,Ryan Gravenberch,MID,Liverpool,11,14,0,2024-04-07T14:30:00Z,0,0,0,0,0,0,0,0,0.0,0.0,0.0,0.0,0.0,0.0,0.0,0.0,0,50
2023-24,32,709,Sofyan Amrabat,MID,Man Utd,14,11,1,2024-04-07T14:30:00Z,11,1,0,0,0,1,0,2,0.0,0.3,0.0,0.0,0.0,0.0,0.0,1.14,0,50
2023-24,32,710,Odysseas Vlachodimos,GK,Nott'm Forest,16,18,0,2024-04-07T17:00:00Z,0,0,0,0,0,0,0,0,0.0,0.0,0.0,0.0,0.0,0.0,0.0,0.0,0,45
2023-24,32,711,Andrew Omobamidele,DEF,Nott'm Forest,16,18,0,2024-04-07T17:00:00Z,90,1,0,0,0,3,0,16,10.4,10.3,0.0,2.1,0.0,0.0,0.0,1.48,1,45
2023-24,32,712,Nicolás Domínguez,MID,Nott'm Forest,16,18,0,2024-04-07T17:00:00Z,22,1,0,0,0,0,0,4,10.4,1.1,7.0,1.9,0.04,0.01,0.05,0.19,0,50
2023-24,32,713,Ibrahim Sangaré,MID,Nott'm Forest,16,18,0,2024-04-07T17:00:00Z,9,1,0,0,0,0,0,3,2.8,0.8,0.0,0.4,0.0,0.0,0.0,0.14,0,49
2023-24,32,714,Divock Origi,FWD,Nott'm Forest,16,18,0,2024-04-07T17:00:00Z,22,1,0,0,0,0,0,2,0.0,0.1,1.0,0.0,0.02,0.0,0.02,0.19,0,50
2023-24,32,715,Jean-Ricner Bellegarde,MID,Wolves,20,19,1,2024-04-06T14:00:00Z,0,0,0,0,0,0,0,0,0.0,0.0,0.0,0.0,0.0,0.0,0.0,0.0,0,49
2023-24,32,716,Alfie Gilchrist,DEF,Chelsea,7,17,0,2024-04-07T16:30:00Z,0,0,0,0,0,0,0,0,0.0,0.0,0.0,0.0,0.0,0.0,0.0,0.0,0,40
2023-24,32,717,Ronnie Stutter,FWD,Chelsea,7,17,0,2024-04-07T16:30:00Z,0,0,0,0,0,0,0,0,0.0,0.0,0.0,0.0,0.0,0.0,0.0,0.0,0,45
2023-24,32,718,Alex Matos,MID,Chelsea,7,17,0,2024-04-07T16:30:00Z,0,0,0,0,0,0,0,0,0.0,0.0,0.0,0.0,0.0,0.0,0.0,0.0,0,45
2023-24,32,719,Mackenzie Hunt,MID,Everton,9,6,1,2024-04-06T14:00:00Z,0,0,0,0,0,0,0,0,0.0,0.0,0.0,0.0,0.0,0.0,0.0,0.0,0,45
2023-24,32,720,Ademola Ola-Adebomi,FWD,Crystal Palace,8,13,1,2024-04-06T11:30:00Z,0,0,0,0,0,0,0,0,0.0,0.0,0.0,0.0,0.0,0.0,0.0,0.0,0,45
2023-24,32,721,David Ozoh,MID,Crystal Palace,8,13,1,2024-04-06T11:30:00Z,0,0,0,0,0,0,0,0,0.0,0.0,0.0,0.0,0.0,0.0,0.0,0.0,0,45
2023-24,32,722,Jamie Donley,FWD,Spurs,18,16,1,2024-04-07T17:00:00Z,0,0,0,0,0,0,0,0,0.0,0.0,0.0,0.0,0.0,0.0,0.0,0.0,0,45
2023-24,32,723,Josh Brooking,DEF,Chelsea,7,17,0,2024-04-07T16:30:00Z,0,0,0,0,0,0,0,0,0.0,0.0,0.0,0.0,0.0,0.0,0.0,0.0,0,40
2023-24,32,724,Jadan Raymond,MID,Crystal Palace,8,13,1,2024-04-06T11:30:00Z,0,0,0,0,0,0,0,0,0.0,0.0,0.0,0.0,0.0,0.0,0.0,0.0,0,45
2023-24,32,725,Ji-Soo Kim,DEF,Brentford,4,2,0,2024-04-06T14:00:00Z,0,0,0,0,0,0,0,0,0.0,0.0,0.0,0.0,0.0,0.0,0.0,0.0,0,40
2023-24,32,726,Luke Chambers,DEF,Liverpool,11,14,0,2024-04-07T14:30:00Z,0,0,0,0,0,0,0,0,0.0,0.0,0.0,0.0,0.0,0.0,0.0,0.0,0,40
2023-24,32,727,Andros Townsend,MID,Luton,12,3,1,2024-04-06T14:00:00Z,61,2,0,0,0,1,0,10,7.6,40.3,2.0,5.0,0.0,0.04,0.04,0.22,1,50
2023-24,32,728,Callum Scanlon,DEF,Liverpool,11,14,0,2024-04-07T14:30:00Z,0,0,0,0,0,0,0,0,0.0,0.0,0.0,0.0,0.0,0.0,0.0,0.0,0,39
2023-24,32,729,Jayden Luker,MID,Luton,12,3,1,2024-04-06T14:00:00Z,0,0,0,0,0,0,0,0,0.0,0.0,0.0,0.0,0.0,0.0,0.0,0.0,0,45
2023-24,32,730,Ryan Oné,MID,Sheffield Utd,17,7,1,2024-04-07T16:30:00Z,0,0,0,0,0,0,0,0,0.0,0.0,0.0,0.0,0.0,0.0,0.0,0.0,0,44
2023-24,32,731,Jili Buyabu,DEF,Sheffield Utd,17,7,1,2024-04-07T16:30:00Z,0,0,0,0,0,0,0,0,0.0,0.0,0.0,0.0,0.0,0.0,0.0,0.0,0,40
2023-24,32,732,Devan Tanton,DEF,Fulham,10,15,1,2024-04-06T14:00:00Z,0,0,0,0,0,0,0,0,0.0,0.0,0.0,0.0,0.0,0.0,0.0,0.0,0,40
2023-24,32,733,Valintino Adedokun,DEF,Brentford,4,2,0,2024-04-06T14:00:00Z,0,0,0,0,0,0,0,0,0.0,0.0,0.0,0.0,0.0,0.0,0.0,0.0,0,40
2023-24,32,734,Zack Nelson,MID,Luton,12,3,1,2024-04-06T14:00:00Z,0,0,0,0,0,0,0,0,0.0,0.0,0.0,0.0,0.0,0.0,0.0,0.0,0,45
2023-24,32,735,Charles Sagoe,MID,Arsenal,1,5,0,2024-04-06T16:30:00Z,0,0,0,0,0,0,0,0,0.0,0.0,0.0,0.0,0.0,0.0,0.0,0.0,0,45
2023-24,32,736,Reuell Walters,DEF,Arsenal,1,5,0,2024-04-06T16:30:00Z,0,0,0,0,0,0,0,0,0.0,0.0,0.0,0.0,0.0,0.0,0.0,0.0,0,40
2023-24,32,737,Bradley Ibrahim,MID,Arsenal,1,5,0,2024-04-06T16:30:00Z,0,0,0,0,0,0,0,0,0.0,0.0,0.0,0.0,0.0,0.0,0.0,0.0,0,45
2023-24,32,738,Amadou Diallo,MID,Newcastle,15,10,0,2024-04-06T14:00:00Z,0,0,0,0,0,0,0,0,0.0,0.0,0.0,0.0,0.0,0.0,0.0,0.0,0,45
2023-24,32,739,Ben Parkinson,FWD,Newcastle,15,10,0,2024-04-06T14:00:00Z,0,0,0,0,0,0,0,0,0.0,0.0,0.0,0.0,0.0,0.0,0.0,0.0,0,45
2023-24,32,740,Alfie Dorrington,DEF,Spurs,18,16,1,2024-04-07T17:00:00Z,0,0,0,0,0,0,0,0,0.0,0.0,0.0,0.0,0.0,0.0,0.0,0.0,0,40
2023-24,32,741,Mark O’Mahony,FWD,Brighton,5,1,1,2024-04-06T16:30:00Z,0,0,0,0,0,0,0,0,0.0,0.0,0.0,0.0,0.0,0.0,0.0,0.0,0,45
2023-24,32,742,Benicio Baker-Boaitey,MID,Brighton,5,1,1,2024-04-06T16:30:00Z,0,0,0,0,0,0,0,0,0.0,0.0,0.0,0.0,0.0,0.0,0.0,0.0,0,45
2023-24,32,743,Treymaurice Nyoni,MID,Liverpool,11,14,0,2024-04-07T14:30:00Z,0,0,0,0,0,0,0,0,0.0,0.0,0.0,0.0,0.0,0.0,0.0,0.0,0,45
2023-24,32,744,Myles Peart-Harris,MID,Brentford,4,2,0,2024-04-06T14:00:00Z,0,0,0,0,0,0,0,0,0.0,0.0,0.0,0.0,0.0,0.0,0.0,0.0,0,45
2023-24,32,745,Michael Ndiweni,FWD,Newcastle,15,10,0,2024-04-06T14:00:00Z,0,0,0,0,0,0,0,0,0.0,0.0,0.0,0.0,0.0,0.0,0.0,0.0,0,44
2023-24,32,746,Ben Jackson,DEF,Brighton,5,1,1,2024-04-06T16:30:00Z,0,0,0,0,0,0,0,0,0.0,0.0,0.0,0.0,0.0,0.0,0.0,0.0,0,40
2023-24,32,747,Joshua Duffus,MID,Brighton,5,1,1,2024-04-06T16:30:00Z,0,0,0,0,0,0,0,0,0.0,0.0,0.0,0.0,0.0,0.0,0.0,0.0,0,44
2023-24,32,748,Joe Hugill,FWD,Man Utd,14,11,1,2024-04-07T14:30:00Z,0,0,0,0,0,0,0,0,0.0,0.0,0.0,0.0,0.0,0.0,0.0,0.0,0,45
2023-24,32,749,Matthew Whittingham,MID,Wolves,20,19,1,2024-04-06T14:00:00Z,0,0,0,0,0,0,0,0,0.0,0.0,0.0,0.0,0.0,0.0,0.0,0.0,0,45
2023-24,32,750,Tawanda Chirewa,MID,Wolves,20,19,1,2024-04-06T14:00:00Z,3,1,0,0,0,0,0,3,2.4,0.8,0.0,0.3,0.0,0.0,0.0,0.06,0,44
2023-24,32,751,Justin Hubner,DEF,Wolves,20,19,1,2024-04-06T14:00:00Z,0,0,0,0,0,0,0,0,0.0,0.0,0.0,0.0,0.0,0.0,0.0,0.0,0,40
2023-24,32,752,Vincent Angelini,GK,Brentford,4,2,0,2024-04-06T14:00:00Z,0,0,0,0,0,0,0,0,0.0,0.0,0.0,0.0,0.0,0.0,0.0,0.0,0,40
2023-24,32,753,Leigh Kavanagh,DEF,Brighton,5,1,1,2024-04-06T16:30:00Z,0,0,0,0,0,0,0,0,0.0,0.0,0.0,0.0,0.0,0.0,0.0,0.0,0,40
2023-24,32,754,Yago de Santiago Alonso,MID,Spurs,18,16,1,2024-04-07T17:00:00Z,0,0,0,0,0,0,0,0,0.0,0.0,0.0,0.0,0.0,0.0,0.0,0.0,0,45
2023-24,32,755,Luca Barrington,MID,Brighton,5,1,1,2024-04-06T16:30:00Z,0,0,0,0,0,0,0,0,0.0,0.0,0.0,0.0,0.0,0.0,0.0,0.0,0,45
2023-24,32,756,Marcelo de Araújo Pitaluga Filho,GK,Liverpool,11,14,0,2024-04-07T14:30:00Z,0,0,0,0,0,0,0,0,0.0,0.0,0.0,0.0,0.0,0.0,0.0,0.0,0,40
2023-24,32,757,Conor Bradley,DEF,Liverpool,11,14,0,2024-04-07T14:30:00Z,65,1,0,0,0,1,0,6,9.4,14.1,13.0,3.7,0.05,0.19,0.24,0.27,1,43
2023-24,32,758,Leo Castledine,MID,Chelsea,7,17,0,2024-04-07T16:30:00Z,0,0,0,0,0,0,0,0,0.0,0.0,0.0,0.0,0.0,0.0,0.0,0.0,0,45
2023-24,32,759,Sydie Peck,MID,Sheffield Utd,17,7,1,2024-04-07T16:30:00Z,0,0,0,0,0,0,0,0,0.0,0.0,0.0,0.0,0.0,0.0,0.0,0.0,0,44
2023-24,32,760,Jenson Metcalfe,MID,Everton,9,6,1,2024-04-06T14:00:00Z,0,0,0,0,0,0,0,0,0.0,0.0,0.0,0.0,0.0,0.0,0.0,0.0,0,45
2023-24,32,761,Elijah Campbell,DEF,Everton,9,6,1,2024-04-06T14:00:00Z,0,0,0,0,0,0,0,0,0.0,0.0,0.0,0.0,0.0,0.0,0.0,0.0,0,40
2023-24,32,762,Mahamadou Susoho,MID,Man City,13,8,0,2024-04-06T11:30:00Z,0,0,0,0,0,0,0,0,0.0,0.0,0.0,0.0,0.0,0.0,0.0,0.0,0,45
2023-24,32,763,Tayo Adaramola,DEF,Crystal Palace,8,13,1,2024-04-06T11:30:00Z,0,0,0,0,0,0,0,0,0.0,0.0,0.0,0.0,0.0,0.0,0.0,0.0,0,40
2023-24,32,764,Myles Lewis-Skelly,MID,Arsenal,1,5,0,2024-04-06T16:30:00Z,0,0,0,0,0,0,0,0,0.0,0.0,0.0,0.0,0.0,0.0,0.0,0.0,0,45
2023-24,32,765,Sam Proctor,GK,Aston Villa,2,4,1,2024-04-06T14:00:00Z,0,0,0,0,0,0,0,0,0.0,0.0,0.0,0.0,0.0,0.0,0.0,0.0,0,40
2023-24,32,766,Willy Kambwala,DEF,Man Utd,14,11,1,2024-04-07T14:30:00Z,90,0,0,0,0,2,0,8,9.8,0.1,0.0,1.0,0.0,0.0,0.0,3.59,1,39
2023-24,32,767,Tommi O'Reilly,MID,Aston Villa,2,4,1,2024-04-06T14:00:00Z,0,0,0,0,0,0,0,0,0.0,0.0,0.0,0.0,0.0,0.0,0.0,0.0,0,45
2023-24,32,768,Rhys Bennett,DEF,Man Utd,14,11,1,2024-04-07T14:30:00Z,0,0,0,0,0,0,0,0,0.0,0.0,0.0,0.0,0.0,0.0,0.0,0.0,0,40
2023-24,32,769,Owen Hesketh,MID,Wolves,20,19,1,2024-04-06T14:00:00Z,0,0,0,0,0,0,0,0,0.0,0.0,0.0,0.0,0.0,0.0,0.0,0.0,0,45
2023-24,32,770,Ty Barnett,MID,Wolves,20,19,1,2024-04-06T14:00:00Z,0,0,0,0,0,0,0,0,0.0,0.0,0.0,0.0,0.0,0.0,0.0,0.0,0,45
2023-24,32,771,Micah Hamilton,MID,Man City,13,8,0,2024-04-06T11:30:00Z,0,0,0,0,0,0,0,0,0.0,0.0,0.0,0.0,0.0,0.0,0.0,0.0,0,45
2023-24,32,772,Ethan Nwaneri,MID,Arsenal,1,5,0,2024-04-06T16:30:00Z,0,0,0,0,0,0,0,0,0.0,0.0,0.0,0.0,0.0,0.0,0.0,0.0,0,45
2023-24,32,773,Lewis Orford,MID,West Ham,19,20,0,2024-04-06T14:00:00Z,0,0,0,0,0,0,0,0,0.0,0.0,0.0,0.0,0.0,0.0,0.0,0.0,0,45
2023-24,32,774,Kaelan Casey,DEF,West Ham,19,20,0,2024-04-06T14:00:00Z,0,0,0,0,0,0,0,0,0.0,0.0,0.0,0.0,0.0,0.0,0.0,0.0,0,40
2023-24,32,775,Ben Brereton,MID,Sheffield Utd,17,7,1,2024-04-07T16:30:00Z,90,1,0,0,0,2,0,5,2.4,15.3,12.0,3.0,0.29,0.26,0.55,0.37,1,50
2023-24,32,776,Timo Werner,FWD,Spurs,18,16,1,2024-04-07T17:00:00Z,75,4,0,1,0,1,0,20,8.8,24.3,17.0,5.0,0.02,0.72,0.74,1.43,1,63
2023-24,32,777,Radu Dragusin,DEF,Spurs,18,16,1,2024-04-07T17:00:00Z,0,0,0,0,0,0,0,0,0.0,0.0,0.0,0.0,0.0,0.0,0.0,0.0,0,42
2023-24,32,778,James Wright,GK,Aston Villa,2,4,1,2024-04-06T14:00:00Z,0,0,0,0,0,0,0,0,0.0,0.0,0.0,0.0,0.0,0.0,0.0,0.0,0,40
2023-24,32,779,Jamie McDonnell,MID,Nott'm Forest,16,18,0,2024-04-07T17:00:00Z,0,0,0,0,0,0,0,0,0.0,0.0,0.0,0.0,0.0,0.0,0.0,0.0,0,45
2023-24,32,780,Detlef Esapa Osong,FWD,Nott'm Forest,16,18,0,2024-04-07T17:00:00Z,0,0,0,0,0,0,0,0,0.0,0.0,0.0,0.0,0.0,0.0,0.0,0.0,0,45
2023-24,32,781,Joe Gardner,FWD,Nott'm Forest,16,18,0,2024-04-07T17:00:00Z,0,0,0,0,0,0,0,0,0.0,0.0,0.0,0.0,0.0,0.0,0.0,0.0,0,45
2023-24,32,782,Owen Beck,DEF,Liverpool,11,14,0,2024-04-07T14:30:00Z,0,0,0,0,0,0,0,0,0.0,0.0,0.0,0.0,0.0,0.0,0.0,0.0,0,45
2023-24,32,783,Kaide Gordon,MID,Liverpool,11,14,0,2024-04-07T14:30:00Z,0,0,0,0,0,0,0,0,0.0,0.0,0.0,0.0,0.0,0.0,0.0,0.0,0,45
2023-24,32,784,Oliver Scarles,DEF,West Ham,19,20,0,2024-04-06T14:00:00Z,0,0,0,0,0,0,0,0,0.0,0.0,0.0,0.0,0.0,0.0,0.0,0.0,0,40
2023-24,32,785,Callum Marshall,FWD,West Ham,19,20,0,2024-04-06T14:00:00Z,0,0,0,0,0,0,0,0,0.0,0.0,0.0,0.0,0.0,0.0,0.0,0.0,0,45
2023-24,32,786,Cameron Peupion,MID,Brighton,5,1,1,2024-04-06T16:30:00Z,0,0,0,0,0,0,0,0,0.0,0.0,0.0,0.0,0.0,0.0,0.0,0.0,0,45
2023-24,32,787,Harvey Griffiths,MID,Wolves,20,19,1,2024-04-06T14:00:00Z,0,0,0,0,0,0,0,0,0.0,0.0,0.0,0.0,0.0,0.0,0.0,0.0,0,45
2023-24,32,788,Yerson Mosquera,DEF,Wolves,20,19,1,2024-04-06T14:00:00Z,0,0,0,0,0,0,0,0,0.0,0.0,0.0,0.0,0.0,0.0,0.0,0.0,0,40
2023-24,32,789,Hákon Valdimarsson,GK,Brentford,4,2,0,2024-04-06T14:00:00Z,0,0,0,0,0,0,0,0,0.0,0.0,0.0,0.0,0.0,0.0,0.0,0.0,0,40
2023-24,32,790,Ivo Grbic,GK,Sheffield Utd,17,7,1,2024-04-07T16:30:00Z,90,1,0,0,0,2,0,15,14.4,0.0,0.0,1.4,0.0,0.0,0.0,0.37,1,45
2023-24,32,791,Cesare Casadei,MID,Chelsea,7,17,0,2024-04-07T16:30:00Z,1,1,0,0,0,1,0,3,0.0,0.0,0.0,0.0,0.0,0.0,0.0,0.6,0,45
2023-24,32,792,Daniel Muñoz,DEF,Crystal Palace,8,13,1,2024-04-06T11:30:00Z,90,0,0,0,0,4,0,9,9.4,2.6,2.0,1.4,0.0,0.02,0.02,1.91,1,45
2023-24,32,793,Kaine Kesler-Hayden,DEF,Aston Villa,2,4,1,2024-04-06T14:00:00Z,0,0,0,0,0,0,0,0,0.0,0.0,0.0,0.0,0.0,0.0,0.0,0.0,0,40
2023-24,32,794,Joe White,MID,Newcastle,15,10,0,2024-04-06T14:00:00Z,0,0,0,0,0,0,0,0,0.0,0.0,0.0,0.0,0.0,0.0,0.0,0.0,0,45
2023-24,32,795,Travis Hernes,MID,Newcastle,15,10,0,2024-04-06T14:00:00Z,0,0,0,0,0,0,0,0,0.0,0.0,0.0,0.0,0.0,0.0,0.0,0.0,0,45
2023-24,32,796,Kristian Sekularac,MID,Fulham,10,15,1,2024-04-06T14:00:00Z,0,0,0,0,0,0,0,0,0.0,0.0,0.0,0.0,0.0,0.0,0.0,0.0,0,44
2023-24,32,797,Benjamin Fredrick,DEF,Brentford,4,2,0,2024-04-06T14:00:00Z,0,0,0,0,0,0,0,0,0.0,0.0,0.0,0.0,0.0,0.0,0.0,0.0,0,40
2023-24,32,798,Daiki Hashioka,DEF,Luton,12,3,1,2024-04-06T14:00:00Z,61,2,0,0,0,1,0,7,3.2,2.6,0.0,0.6,0.0,0.01,0.01,0.22,1,40
2023-24,32,799,Romain Faivre,MID,Bournemouth,3,12,0,2024-04-06T14:00:00Z,0,0,0,0,0,0,0,0,0.0,0.0,0.0,0.0,0.0,0.0,0.0,0.0,0,50
2023-24,32,800,Noha Lemina,MID,Wolves,20,19,1,2024-04-06T14:00:00Z,0,0,0,0,0,0,0,0,0.0,0.0,0.0,0.0,0.0,0.0,0.0,0.0,0,50
2023-24,32,801,Giovanni Reyna,MID,Nott'm Forest,16,18,0,2024-04-07T17:00:00Z,9,1,0,0,0,0,0,2,5.4,1.9,6.0,1.3,0.0,0.0,0.0,0.14,0,47
2023-24,32,802,Max Kinsey,DEF,Bournemouth,3,12,0,2024-04-06T14:00:00Z,0,0,0,0,0,0,0,0,0.0,0.0,0.0,0.0,0.0,0.0,0.0,0.0,0,40
2023-24,32,803,Morgan Rogers,MID,Aston Villa,2,4,1,2024-04-06T14:00:00Z,68,7,1,0,0,3,0,21,38.2,4.8,31.0,7.4,0.62,0.01,0.63,1.56,1,50
2023-24,32,804,Enes Ünal,FWD,Bournemouth,3,12,0,2024-04-06T14:00:00Z,21,1,0,0,0,2,0,5,6.4,2.0,6.0,1.4,0.0,0.02,0.02,0.82,0,50
2023-24,32,805,Lorenz Assignon,DEF,Burnley,6,9,0,2024-04-06T14:00:00Z,83,2,0,0,0,1,0,5,6.6,1.1,8.0,1.6,0.0,0.02,0.02,0.79,1,40
2023-24,32,806,Maxime Esteve,DEF,Burnley,6,9,0,2024-04-06T14:00:00Z,90,2,0,0,0,1,0,11,14.4,1.4,4.0,2.0,0.0,0.08,0.08,0.83,1,40
2023-24,32,807,Adam Wharton,MID,Crystal Palace,8,13,1,2024-04-06T11:30:00Z,90,5,0,1,0,4,0,22,23.6,23.8,0.0,4.7,0.0,0.15,0.15,1.91,1,50
2023-24,32,808,Matz Sels,GK,Nott'm Forest,16,18,0,2024-04-07T17:00:00Z,90,2,0,0,0,3,0,18,34.0,0.0,0.0,3.4,0.0,0.0,0.0,1.48,1,45
2023-24,32,809,Rodrigo Duarte Ribeiro,FWD,Nott'm Forest,16,18,0,2024-04-07T17:00:00Z,0,0,0,0,0,0,0,0,0.0,0.0,0.0,0.0,0.0,0.0,0.0,0.0,0,45
2023-24,32,810,Joshua King,MID,Fulham,10,15,1,2024-04-06T14:00:00Z,0,0,0,0,0,0,0,0,0.0,0.0,0.0,0.0,0.0,0.0,0.0,0.0,0,45
2023-24,32,811,Dominic Sadi,MID,Bournemouth,3,12,0,2024-04-06T14:00:00Z,0,0,0,0,0,0,0,0,0.0,0.0,0.0,0.0,0.0,0.0,0.0,0.0,0,45
2023-24,32,812,Lewis Koumas,FWD,Liverpool,11,14,0,2024-04-07T14:30:00Z,0,0,0,0,0,0,0,0,0.0,0.0,0.0,0.0,0.0,0.0,0.0,0.0,0,45
2023-24,32,813,Fabian Mrozek,GK,Liverpool,11,14,0,2024-04-07T14:30:00Z,0,0,0,0,0,0,0,0,0.0,0.0,0.0,0.0,0.0,0.0,0.0,0.0,0,40
2023-24,32,814,Jacob Wright,MID,Man City,13,8,0,2024-04-06T11:30:00Z,0,0,0,0,0,0,0,0,0.0,0.0,0.0,0.0,0.0,0.0,0.0,0.0,0,45
2023-24,32,815,Mauro Bandeira,MID,Arsenal,1,5,0,2024-04-06T16:30:00Z,0,0,0,0,0,0,0,0,0.0,0.0,0.0,0.0,0.0,0.0,0.0,0.0,0,45
2023-24,32,816,Valentín Barco,DEF,Brighton,5,1,1,2024-04-06T16:30:00Z,0,0,0,0,0,0,0,0,0.0,0.0,0.0,0.0,0.0,0.0,0.0,0.0,0,40
2023-24,32,817,James Sweet,DEF,Arsenal,1,5,0,2024-04-06T16:30:00Z,0,0,0,0,0,0,0,0,0.0,0.0,0.0,0.0,0.0,0.0,0.0,0.0,0,40
2023-24,32,818,Joe Gauci,GK,Aston Villa,2,4,1,2024-04-06T14:00:00Z,0,0,0,0,0,0,0,0,0.0,0.0,0.0,0.0,0.0,0.0,0.0,0.0,0,39
2023-24,32,819,Ishé Samuels-Smith,DEF,Chelsea,7,17,0,2024-04-07T16:30:00Z,0,0,0,0,0,0,0,0,0.0,0.0,0.0,0.0,0.0,0.0,0.0,0.0,0,40
2023-24,32,820,Ollie Harrison,MID,Chelsea,7,17,0,2024-04-07T16:30:00Z,0,0,0,0,0,0,0,0,0.0,0.0,0.0,0.0,0.0,0.0,0.0,0.0,0,45
2023-24,32,821,Franco Umeh-Chibueze,FWD,Crystal Palace,8,13,1,2024-04-06T11:30:00Z,0,0,0,0,0,0,0,0,0.0,0.0,0.0,0.0,0.0,0.0,0.0,0.0,0,45
2023-24,32,822,Billy Blacker,FWD,Sheffield Utd,17,7,1,2024-04-07T16:30:00Z,0,0,0,0,0,0,0,0,0.0,0.0,0.0,0.0,0.0,0.0,0.0,0.0,0,45
2023-24,32,823,Oliver Arblaster,MID,Sheffield Utd,17,7,1,2024-04-07T16:30:00Z,90,1,0,0,0,2,0,17,23.8,54.2,2.0,8.0,0.0,0.12,0.12,0.37,1,45
2023-24,32,824,Jayden Danns,FWD,Liverpool,11,14,0,2024-04-07T14:30:00Z,0,0,0,0,0,0,0,0,0.0,0.0,0.0,0.0,0.0,0.0,0.0,0.0,0,43
2023-24,32,825,Kaden Rodney,MID,Crystal Palace,8,13,1,2024-04-06T11:30:00Z,0,0,0,0,0,0,0,0,0.0,0.0,0.0,0.0,0.0,0.0,0.0,0.0,0,45
2023-24,32,826,Toby Collyer,MID,Man Utd,14,11,1,2024-04-07T14:30:00Z,0,0,0,0,0,0,0,0,0.0,0.0,0.0,0.0,0.0,0.0,0.0,0.0,0,45
2023-24,32,827,Dovydas Sasnauskas,DEF,Sheffield Utd,17,7,1,2024-04-07T16:30:00Z,0,0,0,0,0,0,0,0,0.0,0.0,0.0,0.0,0.0,0.0,0.0,0.0,0,40
2023-24,32,828,Sam Curtis,DEF,Sheffield Utd,17,7,1,2024-04-07T16:30:00Z,0,0,0,0,0,0,0,0,0.0,0.0,0.0,0.0,0.0,0.0,0.0,0.0,0,40
2023-24,32,829,George Earthy,MID,West Ham,19,20,0,2024-04-06T14:00:00Z,0,0,0,0,0,0,0,0,0.0,0.0,0.0,0.0,0.0,0.0,0.0,0.0,0,45
2023-24,32,830,Jimi Tauriainen,MID,Chelsea,7,17,0,2024-04-07T16:30:00Z,0,0,0,0,0,0,0,0,0.0,0.0,0.0,0.0,0.0,0.0,0.0,0.0,0,45
2023-24,32,831,Axel Piesold,MID,Luton,12,3,1,2024-04-06T14:00:00Z,0,0,0,0,0,0,0,0,0.0,0.0,0.0,0.0,0.0,0.0,0.0,0.0,0,45
2023-24,32,832,Wesley Okoduwa,DEF,Wolves,20,19,1,2024-04-06T14:00:00Z,0,0,0,0,0,0,0,0,0.0,0.0,0.0,0.0,0.0,0.0,0.0,0.0,0,40
2023-24,32,833,Habeeb Ogunneye,DEF,Man Utd,14,11,1,2024-04-07T14:30:00Z,0,0,0,0,0,0,0,0,0.0,0.0,0.0,0.0,0.0,0.0,0.0,0.0,0,40
2023-24,32,834,Benjamin Arthur,DEF,Brentford,4,2,0,2024-04-06T14:00:00Z,0,0,0,0,0,0,0,0,0.0,0.0,0.0,0.0,0.0,0.0,0.0,0.0,0,40
2023-24,32,835,Dermot Mee,GK,Man Utd,14,11,1,2024-04-07T14:30:00Z,0,0,0,0,0,0,0,0,0.0,0.0,0.0,0.0,0.0,0.0,0.0,0.0,0,40
2023-24,32,836,Leon Chiwome,FWD,Wolves,20,19,1,2024-04-06T14:00:00Z,15,1,0,0,0,1,0,5,2.2,0.1,0.0,0.2,0.0,0.0,0.0,0.1,0,45
2023-24,32,837,Amara Nallo,DEF,Liverpool,11,14,0,2024-04-07T14:30:00Z,0,0,0,0,0,0,0,0,0.0,0.0,0.0,0.0,0.0,0.0,0.0,0.0,0,40
2023-24,32,838,Josh Acheampong,DEF,Chelsea,7,17,0,2024-04-07T16:30:00Z,0,0,0,0,0,0,0,0,0.0,0.0,0.0,0.0,0.0,0.0,0.0,0.0,0,40
2023-24,32,839,Dominic Dos Santos Martins,MID,Luton,12,3,1,2024-04-06T14:00:00Z,0,0,0,0,0,0,0,0,0.0,0.0,0.0,0.0,0.0,0.0,0.0,0.0,0,45
2023-24,32,840,Fletcher Holman,FWD,Wolves,20,19,1,2024-04-06T14:00:00Z,0,0,0,0,0,0,0,0,0.0,0.0,0.0,0.0,0.0,0.0,0.0,0.0,0,45
2023-24,32,841,Lewis Warrington,MID,Everton,9,6,1,2024-04-06T14:00:00Z,0,0,0,0,0,0,0,0,0.0,0.0,0.0,0.0,0.0,0.0,0.0,0.0,0,45
2023-24,32,842,Roshaun Mathurin,MID,Crystal Palace,8,13,1,2024-04-06T11:30:00Z,0,0,0,0,0,0,0,0,0.0,0.0,0.0,0.0,0.0,0.0,0.0,0.0,0,45
2023-24,32,843,Samy Chouchane,MID,Brighton,5,1,1,2024-04-06T16:30:00Z,0,0,0,0,0,0,0,0,0.0,0.0,0.0,0.0,0.0,0.0,0.0,0.0,0,45
2023-24,32,844,Christian Chigozie,DEF,Luton,12,3,1,2024-04-06T14:00:00Z,0,0,0,0,0,0,0,0,0.0,0.0,0.0,0.0,0.0,0.0,0.0,0.0,0,40
2023-24,32,845,Odeluga Offiah,DEF,Brighton,5,1,1,2024-04-06T16:30:00Z,0,0,0,0,0,0,0,0,0.0,0.0,0.0,0.0,0.0,0.0,0.0,0.0,0,40
2023-24,32,846,Harry Amass,DEF,Man Utd,14,11,1,2024-04-07T14:30:00Z,0,0,0,0,0,0,0,0,0.0,0.0,0.0,0.0,0.0,0.0,0.0,0.0,0,40
2023-24,32,847,Teddy Sharman-Lowe,GK,Chelsea,7,17,0,2024-04-07T16:30:00Z,0,0,0,0,0,0,0,0,0.0,0.0,0.0,0.0,0.0,0.0,0.0,0.0,0,40
