season,gw,element,name,position,team,team_id,opponent_team,was_home,kickoff_time,minutes,total_points,goals_scored,assists,clean_sheets,goals_conceded,bonus,bps,influence,creativity,threat,ict_index,expected_goals,expected_assists,expected_goal_involvements,expected_goals_conceded,starts,value
2023-24,33,1,Folarin Balogun,FWD,Arsenal,1,2,1,2024-04-14T15:30:00Z,0,0,0,0,0,0,0,0,0.0,0.0,0.0,0.0,0.0,0.0,0.0,0.0,0,44
2023-24,33,2,Cédric Alves Soares,DEF,Arsenal,1,2,1,2024-04-14T15:30:00Z,0,0,0,0,0,0,0,0,0.0,0.0,0.0,0.0,0.0,0.0,0.0,0.0,0,38
2023-24,33,3,Mohamed Elneny,MID,Arsenal,1,2,1,2024-04-14T15:30:00Z,0,0,0,0,0,0,0,0,0.0,0.0,0.0,0.0,0.0,0.0,0.0,0.0,0,44
2023-24,33,4,Fábio Ferreira Vieira,MID,Arsenal,1,2,1,2024-04-14T15:30:00Z,0,0,0,0,0,0,0,0,0.0,0.0,0.0,0.0,0.0,0.0,0.0,0.0,0,54
2023-24,33,5,Gabriel dos Santos Magalhães,DEF,Arsenal,1,2,1,2024-04-14T15:30:00Z,90,0,0,0,0,2,0,10,16.6,2.1,0.0,1.9,0.0,0.01,0.01,1.13,1,54
2023-24,33,6,Kai Havertz,MID,Arsenal,1,2,1,2024-04-14T15:30:00Z,90,1,0,0,0,2,0,1,11.8,20.2,56.0,8.8,0.19,0.29,0.48,1.13,1,74
2023-24,33,7,Rob Holding,DEF,Crystal Palace,8,11,0,2024-04-14T13:00:00Z,0,0,0,0,0,0,0,0,0.0,0.0,0.0,0.0,0.0,0.0,0.0,0.0,0,43
2023-24,33,8,Gabriel Fernando de Jesus,FWD,Arsenal,1,2,1,2024-04-14T15:30:00Z,78,2,0,0,1,0,0,8,11.2,14.3,29.0,5.5,0.24,0.58,0.82,0.4,1,77
2023-24,33,9,Jorge Luiz Frello Filho,MID,Arsenal,1,2,1,2024-04-14T15:30:00Z,11,1,0,0,0,2,0,3,3.2,1.8,0.0,0.5,0.0,0.03,0.03,0.73,0,53
2023-24,33,10,Jakub Kiwior,DEF,Arsenal,1,2,1,2024-04-14T15:30:00Z,0,0,0,0,0,0,0,0,0.0,0.0,0.0,0.0,0.0,0.0,0.0,0.0,0,44
2023-24,33,11,Marcus Oliveira Alencar,MID,Arsenal,1,2,1,2024-04-14T15:30:00Z,0,0,0,0,0,0,0,0,0.0,0.0,0.0,0.0,0.0,0.0,0.0,0.0,0,45
2023-24,33,12,Gabriel Martinelli Silva,MID,Arsenal,1,2,1,2024-04-14T15:30:00Z,23,1,0,0,0,2,0,4,5.0,10.5,0.0,1.6,0.0,0.01,0.01,0.73,0,76
2023-24,33,13,Eddie Nketiah,FWD,Arsenal,1,2,1,2024-04-14T15:30:00Z,3,1,0,0,0,0,0,0,0.0,0.3,8.0,0.6,0.0,0.0,0.0,0.0,0,50
2023-24,33,14,Martin Ødegaard,MID,Arsenal,1,2,1,2024-04-14T15:30:00Z,78,3,0,0,1,0,0,14,12.6,30.9,19.0,6.3,0.15,0.14,0.29,0.4,1,86
2023-24,33,15,Thomas Partey,MID,Arsenal,1,2,1,2024-04-14T15:30:00Z,0,0,0,0,0,0,0,0,0.0,0.0,0.0,0.0,0.0,0.0,0.0,0.0,0,48
2023-24,33,16,Nicolas Pépé,MID,Arsenal,1,2,1,2024-04-14T15:30:00Z,0,0,0,0,0,0,0,0,0.0,0.0,0.0,0.0,0.0,0.0,0.0,0.0,0,49
2023-24,33,17,Aaron Ramsdale,GK,Arsenal,1,2,1,2024-04-14T15:30:00Z,0,0,0,0,0,0,0,0,0.0,0.0,0.0,0.0,0.0,0.0,0.0,0.0,0,45
2023-24,33,18,Rúnar Alex Rúnarsson,GK,Arsenal,1,2,1,2024-04-14T15:30:00Z,0,0,0,0,0,0,0,0,0.0,0.0,0.0,0.0,0.0,0.0,0.0,0.0,0,40
2023-24,33,19,Bukayo Saka,MID,Arsenal,1,2,1,2024-04-14T15:30:00Z,90,2,0,0,0,2,0,15,10.8,44.0,33.0,8.8,0.54,0.27,0.81,1.13,1,89
2023-24,33,20,William Saliba,DEF,Arsenal,1,2,1,2024-04-14T15:30:00Z,90,1,0,0,0,2,0,13,17.6,1.2,0.0,1.9,0.0,0.01,0.01,1.13,1,59
2023-24,33,21,Albert Sambi Lokonga,MID,Luton,12,13,0,2024-04-13T14:00:00Z,0,0,0,0,0,0,0,0,0.0,0.0,0.0,0.0,0.0,0.0,0.0,0.0,0,49
2023-24,33,22,Emile Smith Rowe,MID,Arsenal,1,2,1,2024-04-14T15:30:00Z,11,1,0,0,0,2,0,3,0.8,1.3,2.0,0.4,0.0,0.0,0.0,0.73,0,53
2023-24,33,23,Nuno Varela Tavares,DEF,Nott'm Forest,16,20,1,2024-04-13T14:00:00Z,1,1,0,0,0,0,0,4,4.2,0.0,0.0,0.4,0.0,0.0,0.0,0.0,0,40
2023-24,33,24,Kieran Tierney,DEF,Arsenal,1,2,1,2024-04-14T15:30:00Z,0,0,0,0,0,0,0,0,0.0,0.0,0.0,0.0,0.0,0.0,0.0,0.0,0,44
2023-24,33,25,Takehiro Tomiyasu,DEF,Arsenal,1,2,1,2024-04-14T15:30:00Z,23,0,0,0,0,2,0,3,6.0,5.6,8.0,2.0,0.0,0.04,0.04,0.73,0,45
2023-24,33,26,Leandro Trossard,MID,Arsenal,1,2,1,2024-04-14T15:30:00Z,66,3,0,0,1,0,0,3,14.2,24.8,43.0,8.2,0.53,0.07,0.6,0.4,1,65
2023-24,33,27,Auston Trusty,DEF,Sheffield Utd,17,4,0,2024-04-13T14:00:00Z,90,1,0,0,0,2,0,7,7.6,15.8,8.0,3.1,0.0,0.05,0.05,1.02,1,39
2023-24,33,28,Matt Turner,GK,Nott'm Forest,16,20,1,2024-04-13T14:00:00Z,0,0,0,0,0,0,0,0,0.0,0.0,0.0,0.0,0.0,0.0,0.0,0.0,0,38
2023-24,33,29,Benjamin White,DEF,Arsenal,1,2,1,2024-04-14T15:30:00Z,66,5,0,0,1,0,0,21,24.6,21.8,4.0,5.0,0.0,0.03,0.03,0.4,1,59
2023-24,33,30,Granit Xhaka,MID,Arsenal,1,2,1,2024-04-14T15:30:00Z,0,0,0,0,0,0,0,0,0.0,0.0,0.0,0.0,0.0,0.0,0.0,0.0,0,60
2023-24,33,31,Oleksandr Zinchenko,DEF,Arsenal,1,2,1,2024-04-14T15:30:00Z,86,1,0,0,0,2,0,17,12.0,16.6,4.0,3.3,0.07,0.03,0.1,1.13,1,50
2023-24,33,32,Alexandre Moreno Lopera,DEF,Aston Villa,2,1,0,2024-04-14T15:30:00Z,10,1,0,0,0,0,0,3,3.2,0.5,0.0,0.4,0.0,0.0,0.0,0.03,0,50
2023-24,33,33,Cameron Archer,FWD,Sheffield Utd,17,4,0,2024-04-13T14:00:00Z,14,1,0,0,0,1,0,3,0.0,1.8,4.0,0.5,0.11,0.01,0.12,0.36,0,42
2023-24,33,34,Leon Bailey,MID,Aston Villa,2,1,0,2024-04-14T15:30:00Z,29,6,1,0,0,0,0,23,35.4,0.8,17.0,5.3,0.42,0.0,0.42,0.1,0,55
2023-24,33,35,Emiliano Buendía Stati,MID,Aston Villa,2,1,0,2024-04-14T15:30:00Z,0,0,0,0,0,0,0,0,0.0,0.0,0.0,0.0,0.0,0.0,0.0,0.0,0,57
2023-24,33,36,Matty Cash,DEF,Aston Villa,2,1,0,2024-04-14T15:30:00Z,0,0,0,0,0,0,0,0,0.0,0.0,0.0,0.0,0.0,0.0,0.0,0.0,0,45
2023-24,33,37,Calum Chambers,DEF,Aston Villa,2,1,0,2024-04-14T15:30:00Z,0,0,0,0,0,0,0,0,0.0,0.0,0.0,0.0,0.0,0.0,0.0,0.0,0,38
2023-24,33,38,Philippe Coutinho Correia,MID,Aston Villa,2,1,0,2024-04-14T15:30:00Z,0,0,0,0,0,0,0,0,0.0,0.0,0.0,0.0,0.0,0.0,0.0,0.0,0,58
2023-24,33,39,Keinan Davis,FWD,Aston Villa,2,1,0,2024-04-14T15:30:00Z,0,0,0,0,0,0,0,0,0.0,0.0,0.0,0.0,0.0,0.0,0.0,0.0,0,49
2023-24,33,40,Leander Dendoncker,MID,Aston Villa,2,1,0,2024-04-14T15:30:00Z,0,0,0,0,0,0,0,0,0.0,0.0,0.0,0.0,0.0,0.0,0.0,0.0,0,49
2023-24,33,41,Diego Carlos Santos Silva,DEF,Aston Villa,2,1,0,2024-04-14T15:30:00Z,90,6,0,0,1,0,0,25,16.0,1.1,0.0,1.7,0.0,0.01,0.01,1.62,1,44
2023-24,33,42,Lucas Digne,DEF,Aston Villa,2,1,0,2024-04-14T15:30:00Z,90,12,0,1,1,0,3,38,33.4,15.5,2.0,5.1,0.09,0.04,0.13,1.62,1,46
2023-24,33,43,Douglas Luiz Soares de Paulo,MID,Aston Villa,2,1,0,2024-04-14T15:30:00Z,0,0,0,0,0,0,0,0,0.0,0.0,0.0,0.0,0.0,0.0,0.0,0.0,0,55
2023-24,33,44,Jhon Durán,FWD,Aston Villa,2,1,0,2024-04-14T15:30:00Z,0,0,0,0,0,0,0,0,0.0,0.0,0.0,0.0,0.0,0.0,0.0,0.0,0,50
2023-24,33,45,Kortney Hause,DEF,Aston Villa,2,1,0,2024-04-14T15:30:00Z,0,0,0,0,0,0,0,0,0.0,0.0,0.0,0.0,0.0,0.0,0.0,0.0,0,39
2023-24,33,46,Tim Iroegbunam,MID,Aston Villa,2,1,0,2024-04-14T15:30:00Z,0,0,0,0,0,0,0,0,0.0,0.0,0.0,0.0,0.0,0.0,0.0,0.0,0,44
2023-24,33,47,Boubacar Kamara,MID,Aston Villa,2,1,0,2024-04-14T15:30:00Z,0,0,0,0,0,0,0,0,0.0,0.0,0.0,0.0,0.0,0.0,0.0,0.0,0,50
2023-24,33,48,Ezri Konsa Ngoyo,DEF,Aston Villa,2,1,0,2024-04-14T15:30:00Z,90,6,0,0,1,0,0,23,7.4,2.9,4.0,1.4,0.0,0.01,0.01,1.62,1,45
2023-24,33,49,Emiliano Martínez Romero,GK,Aston Villa,2,1,0,2024-04-14T15:30:00Z,90,9,0,0,1,0,2,31,30.2,0.0,0.0,3.0,0.0,0.0,0.0,1.62,1,53
2023-24,33,50,John McGinn,MID,Aston Villa,2,1,0,2024-04-14T15:30:00Z,90,3,0,0,1,0,0,15,18.8,1.9,2.0,2.3,0.03,0.02,0.05,1.62,1,53
2023-24,33,51,Tyrone Mings,DEF,Aston Villa,2,1,0,2024-04-14T15:30:00Z,0,0,0,0,0,0,0,0,0.0,0.0,0.0,0.0,0.0,0.0,0.0,0.0,0,41
2023-24,33,52,Marvelous Nakamba,MID,Luton,12,13,0,2024-04-13T14:00:00Z,0,0,0,0,0,0,0,0,0.0,0.0,0.0,0.0,0.0,0.0,0.0,0.0,0,43
2023-24,33,53,Robin Olsen,GK,Aston Villa,2,1,0,2024-04-14T15:30:00Z,0,0,0,0,0,0,0,0,0.0,0.0,0.0,0.0,0.0,0.0,0.0,0.0,0,39
2023-24,33,54,Jaden Philogene-Bidace,MID,Aston Villa,2,1,0,2024-04-14T15:30:00Z,0,0,0,0,0,0,0,0,0.0,0.0,0.0,0.0,0.0,0.0,0.0,0.0,0,45
2023-24,33,55,Jacob Ramsey,MID,Aston Villa,2,1,0,2024-04-14T15:30:00Z,0,0,0,0,0,0,0,0,0.0,0.0,0.0,0.0,0.0,0.0,0.0,0.0,0,59
2023-24,33,56,Morgan Sanson,MID,Aston Villa,2,1,0,2024-04-14T15:30:00Z,0,0,0,0,0,0,0,0,0.0,0.0,0.0,0.0,0.0,0.0,0.0,0.0,0,45
2023-24,33,57,Viljami Sinisalo,GK,Aston Villa,2,1,0,2024-04-14T15:30:00Z,0,0,0,0,0,0,0,0,0.0,0.0,0.0,0.0,0.0,0.0,0.0,0.0,0,40
2023-24,33,58,Youri Tielemans,MID,Aston Villa,2,1,0,2024-04-14T15:30:00Z,90,6,0,1,1,0,0,23,28.2,19.1,4.0,5.1,0.02,0.02,0.04,1.62,1,56
2023-24,33,59,Bertrand Traoré,MID,Aston Villa,2,1,0,2024-04-14T15:30:00Z,0,0,0,0,0,0,0,0,0.0,0.0,0.0,0.0,0.0,0.0,0.0,0.0,0,50
2023-24,33,60,Ollie Watkins,FWD,Aston Villa,2,1,0,2024-04-14T15:30:00Z,90,7,1,0,1,0,1,27,36.2,21.4,28.0,8.6,0.41,0.01,0.42,1.62,1,88
2023-24,33,61,Wesley Moraes Ferreira da Silva,FWD,Aston Villa,2,1,0,2024-04-14T15:30:00Z,0,0,0,0,0,0,0,0,0.0,0.0,0.0,0.0,0.0,0.0,0.0,0.0,0,50
2023-24,33,62,Jaidon Anthony,MID,Bournemouth,3,14,1,2024-04-13T16:30:00Z,0,0,0,0,0,0,0,0,0.0,0.0,0.0,0.0,0.0,0.0,0.0,0.0,0,49
2023-24,33,63,Philip Billing,MID,Bournemouth,3,14,1,2024-04-13T16:30:00Z,0,0,0,0,0,0,0,0,0.0,0.0,0.0,0.0,0.0,0.0,0.0,0.0,0,51
2023-24,33,64,David Brooks,MID,Bournemouth,3,14,1,2024-04-13T16:30:00Z,0,0,0,0,0,0,0,0,0.0,0.0,0.0,0.0,0.0,0.0,0.0,0.0,0,47
2023-24,33,65,Ryan Christie,MID,Bournemouth,3,14,1,2024-04-13T16:30:00Z,90,1,0,0,0,2,0,12,23.2,26.1,24.0,7.3,0.11,0.2,0.31,1.18,1,50
2023-24,33,66,Lewis Cook,MID,Bournemouth,3,14,1,2024-04-13T16:30:00Z,90,1,0,0,0,2,0,9,13.6,37.3,0.0,5.1,0.0,0.04,0.04,1.18,1,50
2023-24,33,67,Siriki Dembélé,MID,Bournemouth,3,14,1,2024-04-13T16:30:00Z,0,0,0,0,0,0,0,0,0.0,0.0,0.0,0.0,0.0,0.0,0.0,0.0,0,45
2023-24,33,68,Ryan Fredericks,DEF,Bournemouth,3,14,1,2024-04-13T16:30:00Z,0,0,0,0,0,0,0,0,0.0,0.0,0.0,0.0,0.0,0.0,0.0,0.0,0,43
2023-24,33,69,James Hill,DEF,Bournemouth,3,14,1,2024-04-13T16:30:00Z,0,0,0,0,0,0,0,0,0.0,0.0,0.0,0.0,0.0,0.0,0.0,0.0,0,40
2023-24,33,70,Lloyd Kelly,DEF,Bournemouth,3,14,1,2024-04-13T16:30:00Z,51,1,0,0,0,1,0,5,8.2,26.8,6.0,4.1,0.0,0.09,0.09,0.87,0,45
2023-24,33,71,Gavin Kilkenny,MID,Bournemouth,3,14,1,2024-04-13T16:30:00Z,0,0,0,0,0,0,0,0,0.0,0.0,0.0,0.0,0.0,0.0,0.0,0.0,0,43
2023-24,33,72,Justin Kluivert,MID,Bournemouth,3,14,1,2024-04-13T16:30:00Z,75,7,1,0,0,2,0,20,38.6,6.0,45.0,9.0,0.48,0.11,0.59,1.15,1,46
2023-24,33,73,Jamal Lowe,MID,Bournemouth,3,14,1,2024-04-13T16:30:00Z,0,0,0,0,0,0,0,0,0.0,0.0,0.0,0.0,0.0,0.0,0.0,0.0,0,49
2023-24,33,74,Emiliano Marcondes,MID,Bournemouth,3,14,1,2024-04-13T16:30:00Z,0,0,0,0,0,0,0,0,0.0,0.0,0.0,0.0,0.0,0.0,0.0,0.0,0,43
2023-24,33,75,Chris Mepham,DEF,Bournemouth,3,14,1,2024-04-13T16:30:00Z,0,0,0,0,0,0,0,0,0.0,0.0,0.0,0.0,0.0,0.0,0.0,0.0,0,43
2023-24,33,76,Kieffer Moore,FWD,Bournemouth,3,14,1,2024-04-13T16:30:00Z,0,0,0,0,0,0,0,0,0.0,0.0,0.0,0.0,0.0,0.0,0.0,0.0,0,46
2023-24,33,77,Norberto Murara Neto,GK,Bournemouth,3,14,1,2024-04-13T16:30:00Z,90,0,0,0,0,2,0,5,2.0,0.0,0.0,0.2,0.0,0.0,0.0,1.18,1,47
2023-24,33,78,Dango Ouattara,MID,Bournemouth,3,14,1,2024-04-13T16:30:00Z,69,2,0,0,0,2,0,7,3.0,13.3,4.0,2.0,0.06,0.02,0.08,1.15,1,47
2023-24,33,79,Ben Pearson,MID,Bournemouth,3,14,1,2024-04-13T16:30:00Z,0,0,0,0,0,0,0,0,0.0,0.0,0.0,0.0,0.0,0.0,0.0,0.0,0,45
2023-24,33,80,Darren Randolph,GK,Bournemouth,3,14,1,2024-04-13T16:30:00Z,0,0,0,0,0,0,0,0,0.0,0.0,0.0,0.0,0.0,0.0,0.0,0.0,0,39
2023-24,33,81,Joe Rothwell,MID,Bournemouth,3,14,1,2024-04-13T16:30:00Z,0,0,0,0,0,0,0,0,0.0,0.0,0.0,0.0,0.0,0.0,0.0,0.0,0,48
2023-24,33,82,Antoine Semenyo,FWD,Bournemouth,3,14,1,2024-04-13T16:30:00Z,0,0,0,0,0,0,0,0,0.0,0.0,0.0,0.0,0.0,0.0,0.0,0.0,0,45
2023-24,33,83,Marcos Senesi,DEF,Bournemouth,3,14,1,2024-04-13T16:30:00Z,90,8,0,2,0,2,2,34,51.0,25.5,0.0,7.7,0.0,0.04,0.04,1.18,1,44
2023-24,33,84,Adam Smith,DEF,Bournemouth,3,14,1,2024-04-13T16:30:00Z,69,1,0,0,0,2,0,17,12.8,29.1,0.0,4.2,0.0,0.13,0.13,1.15,1,44
2023-24,33,85,Dominic Solanke,FWD,Bournemouth,3,14,1,2024-04-13T16:30:00Z,90,7,1,0,0,2,1,32,44.0,24.6,26.0,9.5,0.26,0.1,0.36,1.18,1,72
2023-24,33,86,Marcus Tavernier,MID,Bournemouth,3,14,1,2024-04-13T16:30:00Z,0,0,0,0,0,0,0,0,0.0,0.0,0.0,0.0,0.0,0.0,0.0,0.0,0,51
2023-24,33,87,Hamed Traorè,MID,Bournemouth,3,14,1,2024-04-13T16:30:00Z,0,0,0,0,0,0,0,0,0.0,0.0,0.0,0.0,0.0,0.0,0.0,0.0,0,47
2023-24,33,88,Mark Travers,GK,Bournemouth,3,14,1,2024-04-13T16:30:00Z,0,0,0,0,0,0,0,0,0.0,0.0,0.0,0.0,0.0,0.0,0.0,0.0,0,40
2023-24,33,89,Illia Zabarnyi,DEF,Bournemouth,3,14,1,2024-04-13T16:30:00Z,90,1,0,0,0,2,0,14,16.4,0.9,2.0,1.9,0.0,0.01,0.01,1.18,1,45
2023-24,33,90,Kristoffer Ajer,DEF,Brentford,4,17,1,2024-04-13T14:00:00Z,0,0,0,0,0,0,0,0,0.0,0.0,0.0,0.0,0.0,0.0,0.0,0.0,0,44
2023-24,33,91,Ellery Balcombe,GK,Brentford,4,17,1,2024-04-13T14:00:00Z,0,0,0,0,0,0,0,0,0.0,0.0,0.0,0.0,0.0,0.0,0.0,0.0,0,39
2023-24,33,92,Shandon Baptiste,MID,Brentford,4,17,1,2024-04-13T14:00:00Z,0,0,0,0,0,0,0,0,0.0,0.0,0.0,0.0,0.0,0.0,0.0,0.0,0,43
2023-24,33,93,Mads Bech Sørensen,DEF,Brentford,4,17,1,2024-04-13T14:00:00Z,0,0,0,0,0,0,0,0,0.0,0.0,0.0,0.0,0.0,0.0,0.0,0.0,0,40
2023-24,33,94,Mads Bidstrup,MID,Brentford,4,17,1,2024-04-13T14:00:00Z,0,0,0,0,0,0,0,0,0.0,0.0,0.0,0.0,0.0,0.0,0.0,0.0,0,45
2023-24,33,95,Sergi Canós Tenés,MID,Brentford,4,17,1,2024-04-13T14:00:00Z,0,0,0,0,0,0,0,0,0.0,0.0,0.0,0.0,0.0,0.0,0.0,0.0,0,50
2023-24,33,96,Nathan Collins,DEF,Brentford,4,17,1,2024-04-13T14:00:00Z,90,6,0,0,1,0,0,23,19.8,0.6,0.0,2.0,0.0,0.01,0.01,0.84,1,45
2023-24,33,97,Matthew Cox,GK,Brentford,4,17,1,2024-04-13T14:00:00Z,0,0,0,0,0,0,0,0,0.0,0.0,0.0,0.0,0.0,0.0,0.0,0.0,0,40
2023-24,33,98,Mikkel Damsgaard,MID,Brentford,4,17,1,2024-04-13T14:00:00Z,78,6,0,1,1,0,0,16,4.2,4.5,6.0,1.5,0.04,0.01,0.05,0.73,1,48
2023-24,33,99,Josh Dasilva,MID,Brentford,4,17,1,2024-04-13T14:00:00Z,0,0,0,0,0,0,0,0,0.0,0.0,0.0,0.0,0.0,0.0,0.0,0.0,0,47
2023-24,33,100,Halil Dervişoğlu,FWD,Brentford,4,17,1,2024-04-13T14:00:00Z,0,0,0,0,0,0,0,0,0.0,0.0,0.0,0.0,0.0,0.0,0.0,0.0,0,45
2023-24,33,101,Mark Flekken,GK,Brentford,4,17,1,2024-04-13T14:00:00Z,90,7,0,0,1,0,1,25,21.2,0.0,0.0,2.1,0.0,0.0,0.0,0.84,1,46
2023-24,33,102,Charlie Goode,DEF,Brentford,4,17,1,2024-04-13T14:00:00Z,0,0,0,0,0,0,0,0,0.0,0.0,0.0,0.0,0.0,0.0,0.0,0.0,0,39
2023-24,33,103,Rico Henry,DEF,Brentford,4,17,1,2024-04-13T14:00:00Z,0,0,0,0,0,0,0,0,0.0,0.0,0.0,0.0,0.0,0.0,0.0,0.0,0,43
2023-24,33,104,Aaron Hickey,DEF,Brentford,4,17,1,2024-04-13T14:00:00Z,0,0,0,0,0,0,0,0,0.0,0.0,0.0,0.0,0.0,0.0,0.0,0.0,0,43
2023-24,33,105,Vitaly Janelt,MID,Brentford,4,17,1,2024-04-13T14:00:00Z,90,2,0,0,1,0,0,10,15.4,12.2,7.0,3.5,0.04,0.01,0.05,0.84,1,53
2023-24,33,106,Mathias Jensen,MID,Brentford,4,17,1,2024-04-13T14:00:00Z,90,3,0,0,1,0,0,12,17.4,21.1,9.0,4.8,0.02,0.14,0.16,0.84,1,53
2023-24,33,107,Keane Lewis-Potter,MID,Brentford,4,17,1,2024-04-13T14:00:00Z,11,1,0,0,0,0,0,5,5.0,1.8,19.0,2.6,0.03,0.01,0.04,0.11,0,47
2023-24,33,108,Bryan Mbeumo,MID,Brentford,4,17,1,2024-04-13T14:00:00Z,89,3,0,0,1,0,0,15,10.8,20.3,4.0,3.5,0.0,0.24,0.24,0.84,1,67
2023-24,33,109,Ben Mee,DEF,Brentford,4,17,1,2024-04-13T14:00:00Z,0,0,0,0,0,0,0,0,0.0,0.0,0.0,0.0,0.0,0.0,0.0,0.0,0,48
2023-24,33,110,Christian Nørgaard,MID,Brentford,4,17,1,2024-04-13T14:00:00Z,0,0,0,0,0,0,0,0,0.0,0.0,0.0,0.0,0.0,0.0,0.0,0.0,0,52
2023-24,33,111,Frank Onyeka,MID,Brentford,4,17,1,2024-04-13T14:00:00Z,1,6,1,0,0,0,0,21,33.2,0.2,17.0,5.0,0.29,0.0,0.29,0.0,0,49
2023-24,33,112,Ethan Pinnock,DEF,Brentford,4,17,1,2024-04-13T14:00:00Z,1,1,0,0,0,0,0,3,1.4,0.1,0.0,0.2,0.0,0.0,0.0,0.0,0,45
2023-24,33,113,David Raya Martin,GK,Arsenal,1,2,1,2024-04-14T15:30:00Z,90,1,0,0,0,2,0,8,3.0,0.0,0.0,0.3,0.0,0.01,0.01,1.13,1,51
2023-24,33,114,Mads Roerslev Rasmussen,DEF,Brentford,4,17,1,2024-04-13T14:00:00Z,90,5,0,0,1,0,0,19,24.4,15.1,0.0,4.0,0.0,0.09,0.09,0.84,1,44
2023-24,33,115,Kevin Schade,MID,Brentford,4,17,1,2024-04-13T14:00:00Z,1,4,0,1,0,0,0,16,19.2,13.3,2.0,3.5,0.0,0.35,0.35,0.0,0,52
2023-24,33,116,Thomas Strakosha,GK,Brentford,4,17,1,2024-04-13T14:00:00Z,0,0,0,0,0,0,0,0,0.0,0.0,0.0,0.0,0.0,0.0,0.0,0.0,0,39
2023-24,33,117,Ivan Toney,FWD,Brentford,4,17,1,2024-04-13T14:00:00Z,0,0,0,0,0,0,0,0,0.0,0.0,0.0,0.0,0.0,0.0,0.0,0.0,0,81
2023-24,33,118,Ryan Trevitt,MID,Brentford,4,17,1,2024-04-13T14:00:00Z,0,0,0,0,0,0,0,0,0.0,0.0,0.0,0.0,0.0,0.0,0.0,0.0,0,45
2023-24,33,119,Yoane Wissa,FWD,Brentford,4,17,1,2024-04-13T14:00:00Z,89,2,0,0,1,0,0,2,0.6,2.5,19.0,2.2,0.07,0.01,0.08,0.84,1,57
2023-24,33,120,Yegor Yarmoliuk,MID,Brentford,4,17,1,2024-04-13T14:00:00Z,11,1,0,0,0,0,0,6,2.2,0.3,1.0,0.4,0.04,0.0,0.04,0.11,0,43
2023-24,33,121,Mathias Jorgensen,DEF,Brentford,4,17,1,2024-04-13T14:00:00Z,90,9,0,0,1,0,3,29,19.8,1.8,2.0,2.4,0.0,0.0,0.0,0.84,1,43
2023-24,33,122,Simon Adingra,MID,Brighton,5,6,0,2024-04-13T14:00:00Z,76,2,0,0,0,1,0,5,17.6,15.6,68.0,10.1,0.27,0.11,0.38,1.65,1,50
2023-24,33,123,Steven Alzate,MID,Brighton,5,6,0,2024-04-13T14:00:00Z,0,0,0,0,0,0,0,0,0.0,0.0,0.0,0.0,0.0,0.0,0.0,0.0,0,44
2023-24,33,124,Yasin Ayari,MID,Brighton,5,6,0,2024-04-13T14:00:00Z,0,0,0,0,0,0,0,0,0.0,0.0,0.0,0.0,0.0,0.0,0.0,0.0,0,45
2023-24,33,125,Facundo Buonanotte,MID,Brighton,5,6,0,2024-04-13T14:00:00Z,13,1,0,0,0,0,0,1,2.2,0.9,0.0,0.3,0.0,0.06,0.06,0.04,0,47
2023-24,33,126,Moisés Caicedo Corozo,MID,Chelsea,7,9,1,2024-04-15T19:00:00Z,90,3,0,0,1,0,0,13,22.0,14.2,3.0,3.9,0.03,0.02,0.05,1.41,1,45
2023-24,33,127,Aaron Connolly,FWD,Brighton,5,6,0,2024-04-13T14:00:00Z,0,0,0,0,0,0,0,0,0.0,0.0,0.0,0.0,0.0,0.0,0.0,0.0,0,45
2023-24,33,128,Mahmoud Dahoud,MID,Brighton,5,6,0,2024-04-13T14:00:00Z,0,0,0,0,0,0,0,0,0.0,0.0,0.0,0.0,0.0,0.0,0.0,0.0,0,48
2023-24,33,129,Lewis Dunk,DEF,Brighton,5,6,0,2024-04-13T14:00:00Z,90,3,0,0,0,1,1,18,14.2,0.3,0.0,1.5,0.0,0.01,0.01,1.7,1,52
2023-24,33,130,Julio Enciso,MID,Brighton,5,6,0,2024-04-13T14:00:00Z,0,0,0,0,0,0,0,0,0.0,0.0,0.0,0.0,0.0,0.0,0.0,0.0,0,50
2023-24,33,131,Pervis Estupiñán,DEF,Brighton,5,6,0,2024-04-13T14:00:00Z,12,1,0,0,0,0,0,3,1.6,0.3,0.0,0.2,0.0,0.0,0.0,0.06,1,48
2023-24,33,132,Evan Ferguson,FWD,Brighton,5,6,0,2024-04-13T14:00:00Z,0,0,0,0,0,0,0,0,0.0,0.0,0.0,0.0,0.0,0.0,0.0,0.0,0,57
2023-24,33,133,Billy Gilmour,MID,Brighton,5,6,0,2024-04-13T14:00:00Z,0,0,0,0,0,0,0,0,0.0,0.0,0.0,0.0,0.0,0.0,0.0,0.0,0,48
2023-24,33,134,Pascal Groß,MID,Brighton,5,6,0,2024-04-13T14:00:00Z,90,3,0,0,0,1,1,18,23.6,62.2,15.0,10.1,0.11,0.23,0.34,1.7,1,63
2023-24,33,135,João Pedro Junqueira de Jesus,FWD,Brighton,5,6,0,2024-04-13T14:00:00Z,88,2,0,0,0,1,0,-3,0.0,25.5,32.0,5.7,0.24,0.04,0.28,1.67,1,52
2023-24,33,136,Michał Karbownik,DEF,Brighton,5,6,0,2024-04-13T14:00:00Z,0,0,0,0,0,0,0,0,0.0,0.0,0.0,0.0,0.0,0.0,0.0,0.0,0,40
2023-24,33,137,Kacper Kozłowski,MID,Brighton,5,6,0,2024-04-13T14:00:00Z,0,0,0,0,0,0,0,0,0.0,0.0,0.0,0.0,0.0,0.0,0.0,0.0,0,45
2023-24,33,138,Adam Lallana,MID,Brighton,5,6,0,2024-04-13T14:00:00Z,13,1,0,0,0,0,0,2,3.6,15.8,4.0,2.3,0.0,0.05,0.05,0.04,0,49
2023-24,33,139,Tariq Lamptey,DEF,Brighton,5,6,0,2024-04-13T14:00:00Z,0,0,0,0,0,0,0,0,0.0,0.0,0.0,0.0,0.0,0.0,0.0,0.0,0,39
2023-24,33,140,Solly March,MID,Brighton,5,6,0,2024-04-13T14:00:00Z,0,0,0,0,0,0,0,0,0.0,0.0,0.0,0.0,0.0,0.0,0.0,0.0,0,61
2023-24,33,141,Tom McGill,GK,Brighton,5,6,0,2024-04-13T14:00:00Z,0,0,0,0,0,0,0,0,0.0,0.0,0.0,0.0,0.0,0.0,0.0,0.0,0,39
2023-24,33,142,James Milner,MID,Brighton,5,6,0,2024-04-13T14:00:00Z,0,0,0,0,0,0,0,0,0.0,0.0,0.0,0.0,0.0,0.0,0.0,0.0,0,48
2023-24,33,143,Kaoru Mitoma,MID,Brighton,5,6,0,2024-04-13T14:00:00Z,0,0,0,0,0,0,0,0,0.0,0.0,0.0,0.0,0.0,0.0,0.0,0.0,0,64
2023-24,33,144,Jakub Moder,MID,Brighton,5,6,0,2024-04-13T14:00:00Z,76,2,0,0,0,1,0,12,10.6,17.0,20.0,4.8,0.09,0.03,0.12,1.65,1,44
2023-24,33,145,Robert Sánchez,GK,Chelsea,7,9,1,2024-04-15T19:00:00Z,0,0,0,0,0,0,0,0,0.0,0.0,0.0,0.0,0.0,0.0,0.0,0.0,0,45
2023-24,33,146,Jeremy Sarmiento Morante,MID,Brighton,5,6,0,2024-04-13T14:00:00Z,0,0,0,0,0,0,0,0,0.0,0.0,0.0,0.0,0.0,0.0,0.0,0.0,0,45
2023-24,33,147,Kjell Scherpen,GK,Brighton,5,6,0,2024-04-13T14:00:00Z,0,0,0,0,0,0,0,0,0.0,0.0,0.0,0.0,0.0,0.0,0.0,0.0,0,40
2023-24,33,148,Jason Steele,GK,Brighton,5,6,0,2024-04-13T14:00:00Z,0,0,0,0,0,0,0,0,0.0,0.0,0.0,0.0,0.0,0.0,0.0,0.0,0,41
2023-24,33,149,Deniz Undav,FWD,Brighton,5,6,0,2024-04-13T14:00:00Z,0,0,0,0,0,0,0,0,0.0,0.0,0.0,0.0,0.0,0.0,0.0,0.0,0,55
2023-24,33,150,Jan Paul van Hecke,DEF,Brighton,5,6,0,2024-04-13T14:00:00Z,90,2,0,0,0,1,0,15,11.2,1.9,0.0,1.3,0.0,0.01,0.01,1.7,1,41
2023-24,33,151,Joël Veltman,DEF,Brighton,5,6,0,2024-04-13T14:00:00Z,90,1,0,0,0,1,0,13,9.8,1.6,0.0,1.1,0.0,0.01,0.01,1.7,1,43
2023-24,33,152,Bart Verbruggen,GK,Brighton,5,6,0,2024-04-13T14:00:00Z,90,2,0,0,0,1,0,15,13.4,0.0,0.0,1.3,0.0,0.0,0.0,1.7,1,44
2023-24,33,153,Adam Webster,DEF,Brighton,5,6,0,2024-04-13T14:00:00Z,0,0,0,0,0,0,0,0,0.0,0.0,0.0,0.0,0.0,0.0,0.0,0.0,0,42
2023-24,33,154,Danny Welbeck,FWD,Brighton,5,6,0,2024-04-13T14:00:00Z,76,2,0,0,0,1,0,7,9.6,34.1,12.0,5.6,0.0,0.05,0.05,1.65,1,57
2023-24,33,155,Andi Zeqiri,FWD,Brighton,5,6,0,2024-04-13T14:00:00Z,0,0,0,0,0,0,0,0,0.0,0.0,0.0,0.0,0.0,0.0,0.0,0.0,0,44
2023-24,33,156,Enock Agyei,MID,Burnley,6,5,1,2024-04-13T14:00:00Z,0,0,0,0,0,0,0,0,0.0,0.0,0.0,0.0,0.0,0.0,0.0,0.0,0,42
2023-24,33,157,Ameen Al-Dakhil,DEF,Burnley,6,5,1,2024-04-13T14:00:00Z,0,0,0,0,0,0,0,0,0.0,0.0,0.0,0.0,0.0,0.0,0.0,0.0,0,38
2023-24,33,158,Samuel Bastien,MID,Burnley,6,5,1,2024-04-13T14:00:00Z,0,0,0,0,0,0,0,0,0.0,0.0,0.0,0.0,0.0,0.0,0.0,0.0,0,49
2023-24,33,159,Manuel Benson Hedilazio,MID,Burnley,6,5,1,2024-04-13T14:00:00Z,0,0,0,0,0,0,0,0,0.0,0.0,0.0,0.0,0.0,0.0,0.0,0.0,0,52
2023-24,33,160,Jordan Beyer,DEF,Burnley,6,5,1,2024-04-13T14:00:00Z,0,0,0,0,0,0,0,0,0.0,0.0,0.0,0.0,0.0,0.0,0.0,0.0,0,39
2023-24,33,161,Josh Brownhill,MID,Burnley,6,5,1,2024-04-13T14:00:00Z,23,8,1,0,0,1,2,21,44.6,0.3,24.0,6.9,0.25,0.0,0.25,0.15,0,47
2023-24,33,162,Darko Churlinov,MID,Burnley,6,5,1,2024-04-13T14:00:00Z,0,0,0,0,0,0,0,0,0.0,0.0,0.0,0.0,0.0,0.0,0.0,0.0,0,44
2023-24,33,163,Jack Cork,MID,Burnley,6,5,1,2024-04-13T14:00:00Z,0,0,0,0,0,0,0,0,0.0,0.0,0.0,0.0,0.0,0.0,0.0,0.0,0,48
2023-24,33,164,Dara Costelloe,MID,Burnley,6,5,1,2024-04-13T14:00:00Z,0,0,0,0,0,0,0,0,0.0,0.0,0.0,0.0,0.0,0.0,0.0,0.0,0,45
2023-24,33,165,Josh Cullen,MID,Burnley,6,5,1,2024-04-13T14:00:00Z,90,1,0,0,0,1,0,12,16.0,25.2,10.0,5.1,0.06,0.04,0.1,0.91,1,50
2023-24,33,166,CJ Egan-Riley,DEF,Burnley,6,5,1,2024-04-13T14:00:00Z,0,0,0,0,0,0,0,0,0.0,0.0,0.0,0.0,0.0,0.0,0.0,0.0,0,39
2023-24,33,167,Hjalmar Ekdal,DEF,Burnley,6,5,1,2024-04-13T14:00:00Z,66,9,0,0,1,0,3,26,21.2,0.8,0.0,2.2,0.0,0.0,0.0,0.76,1,39
2023-24,33,168,Lyle Foster,FWD,Burnley,6,5,1,2024-04-13T14:00:00Z,90,2,0,0,0,1,0,5,1.6,13.1,14.0,2.9,0.0,0.1,0.1,0.91,1,47
2023-24,33,169,Denis Franchi,GK,Burnley,6,5,1,2024-04-13T14:00:00Z,0,0,0,0,0,0,0,0,0.0,0.0,0.0,0.0,0.0,0.0,0.0,0.0,0,39
2023-24,33,170,Jóhann Berg Gudmundsson,MID,Burnley,6,5,1,2024-04-13T14:00:00Z,0,0,0,0,0,0,0,0,0.0,0.0,0.0,0.0,0.0,0.0,0.0,0.0,0,48
2023-24,33,171,Luke McNally,DEF,Burnley,6,5,1,2024-04-13T14:00:00Z,0,0,0,0,0,0,0,0,0.0,0.0,0.0,0.0,0.0,0.0,0.0,0.0,0,40
2023-24,33,172,Arijanet Muric,GK,Burnley,6,5,1,2024-04-13T14:00:00Z,90,3,0,0,0,1,1,18,42.2,0.0,0.0,4.2,0.0,0.0,0.0,0.91,1,43
2023-24,33,173,Dara O'Shea,DEF,Burnley,6,5,1,2024-04-13T14:00:00Z,0,0,0,0,0,0,0,0,0.0,0.0,0.0,0.0,0.0,0.0,0.0,0.0,0,44
2023-24,33,174,Michael Obafemi,FWD,Burnley,6,5,1,2024-04-13T14:00:00Z,0,0,0,0,0,0,0,0,0.0,0.0,0.0,0.0,0.0,0.0,0.0,0.0,0,49
2023-24,33,175,Bailey Peacock-Farrell,GK,Burnley,6,5,1,2024-04-13T14:00:00Z,0,0,0,0,0,0,0,0,0.0,0.0,0.0,0.0,0.0,0.0,0.0,0.0,0,40
2023-24,33,176,Connor Roberts,DEF,Burnley,6,5,1,2024-04-13T14:00:00Z,0,0,0,0,0,0,0,0,0.0,0.0,0.0,0.0,0.0,0.0,0.0,0.0,0,43
2023-24,33,177,Jay Rodriguez,FWD,Burnley,6,5,1,2024-04-13T14:00:00Z,28,1,0,0,0,1,0,0,5.0,0.3,7.0,1.2,0.07,0.0,0.07,0.15,0,53
2023-24,33,178,Charlie Taylor,DEF,Burnley,6,5,1,2024-04-13T14:00:00Z,45,1,0,0,0,1,0,5,2.4,0.5,2.0,0.5,0.0,0.0,0.0,0.41,0,39
2023-24,33,179,Bobby Thomas,DEF,Burnley,6,5,1,2024-04-13T14:00:00Z,0,0,0,0,0,0,0,0,0.0,0.0,0.0,0.0,0.0,0.0,0.0,0.0,0,40
2023-24,33,180,Scott Twine,MID,Burnley,6,5,1,2024-04-13T14:00:00Z,0,0,0,0,0,0,0,0,0.0,0.0,0.0,0.0,0.0,0.0,0.0,0.0,0,49
2023-24,33,181,Lawrence Vigouroux,GK,Burnley,6,5,1,2024-04-13T14:00:00Z,0,0,0,0,0,0,0,0,0.0,0.0,0.0,0.0,0.0,0.0,0.0,0.0,0,39
2023-24,33,182,Victor da Silva,DEF,Burnley,6,5,1,2024-04-13T14:00:00Z,45,1,0,0,0,0,0,-1,4.6,1.0,2.0,0.8,0.0,0.0,0.0,0.5,1,44
2023-24,33,183,Wout Weghorst,FWD,Burnley,6,5,1,2024-04-13T14:00:00Z,0,0,0,0,0,0,0,0,0.0,0.0,0.0,0.0,0.0,0.0,0.0,0.0,0,55
2023-24,33,184,Anass Zaroury,MID,Burnley,6,5,1,2024-04-13T14:00:00Z,0,0,0,0,0,0,0,0,0.0,0.0,0.0,0.0,0.0,0.0,0.0,0.0,0,46
2023-24,33,185,Ethan Ampadu,DEF,Chelsea,7,9,1,2024-04-15T19:00:00Z,0,0,0,0,0,0,0,0,0.0,0.0,0.0,0.0,0.0,0.0,0.0,0.0,0,40
2023-24,33,186,Andrey Nascimento dos Santos,MID,Chelsea,7,9,1,2024-04-15T19:00:00Z,0,0,0,0,0,0,0,0,0.0,0.0,0.0,0.0,0.0,0.0,0.0,0.0,0,42
2023-24,33,187,Kepa Arrizabalaga,GK,Chelsea,7,9,1,2024-04-15T19:00:00Z,0,0,0,0,0,0,0,0,0.0,0.0,0.0,0.0,0.0,0.0,0.0,0.0,0,50
2023-24,33,188,Pierre-Emerick Aubameyang,FWD,Chelsea,7,9,1,2024-04-15T19:00:00Z,0,0,0,0,0,0,0,0,0.0,0.0,0.0,0.0,0.0,0.0,0.0,0.0,0,65
2023-24,33,189,César Azpilicueta,DEF,Chelsea,7,9,1,2024-04-15T19:00:00Z,0,0,0,0,0,0,0,0,0.0,0.0,0.0,0.0,0.0,0.0,0.0,0.0,0,45
2023-24,33,190,Abdul Rahman Baba,DEF,Chelsea,7,9,1,2024-04-15T19:00:00Z,0,0,0,0,0,0,0,0,0.0,0.0,0.0,0.0,0.0,0.0,0.0,0.0,0,40
2023-24,33,191,Benoît Badiashile,DEF,Chelsea,7,9,1,2024-04-15T19:00:00Z,0,0,0,0,0,0,0,0,0.0,0.0,0.0,0.0,0.0,0.0,0.0,0.0,0,44
2023-24,33,192,Marcus Bettinelli,GK,Chelsea,7,9,1,2024-04-15T19:00:00Z,0,0,0,0,0,0,0,0,0.0,0.0,0.0,0.0,0.0,0.0,0.0,0.0,0,40
2023-24,33,193,Armando Broja,FWD,Fulham,10,19,0,2024-04-14T13:00:00Z,1,1,0,0,0,0,0,1,0.0,0.0,0.0,0.0,0.0,0.0,0.0,0.0,0,49
2023-24,33,194,Trevoh Chalobah,DEF,Chelsea,7,9,1,2024-04-15T19:00:00Z,90,6,0,0,1,0,0,29,28.6,0.5,0.0,2.9,0.0,0.0,0.0,1.41,1,43
2023-24,33,195,Ben Chilwell,DEF,Chelsea,7,9,1,2024-04-15T19:00:00Z,10,4,0,1,0,0,0,12,4.2,0.6,17.0,2.2,0.03,0.0,0.03,0.04,0,54
2023-24,33,196,Carney Chukwuemeka,MID,Chelsea,7,9,1,2024-04-15T19:00:00Z,18,1,0,0,0,0,0,2,2.4,1.3,0.0,0.4,0.0,0.0,0.0,0.12,0,42
2023-24,33,197,Levi Colwill,DEF,Chelsea,7,9,1,2024-04-15T19:00:00Z,0,0,0,0,0,0,0,0,0.0,0.0,0.0,0.0,0.0,0.0,0.0,0.0,0,46
2023-24,33,198,Marc Cucurella Saseta,DEF,Chelsea,7,9,1,2024-04-15T19:00:00Z,90,10,0,1,1,0,1,38,29.6,15.5,0.0,4.5,0.0,0.05,0.05,1.41,1,48
2023-24,33,199,Enzo Fernández,MID,Chelsea,7,9,1,2024-04-15T19:00:00Z,0,0,0,0,0,0,0,0,0.0,0.0,0.0,0.0,0.0,0.0,0.0,0.0,0,48
2023-24,33,200,David Datro Fofana,FWD,Burnley,6,5,1,2024-04-13T14:00:00Z,61,2,0,0,1,0,0,-3,0.0,1.5,17.0,1.7,0.71,0.01,0.72,0.76,1,50
2023-24,33,201,Wesley Fofana,DEF,Chelsea,7,9,1,2024-04-15T19:00:00Z,0,0,0,0,0,0,0,0,0.0,0.0,0.0,0.0,0.0,0.0,0.0,0.0,0,44
2023-24,33,202,Conor Gallagher,MID,Chelsea,7,9,1,2024-04-15T19:00:00Z,90,3,0,0,1,0,0,20,17.8,23.7,0.0,4.2,0.0,0.01,0.01,1.41,1,54
2023-24,33,203,Malo Gusto,DEF,Chelsea,7,9,1,2024-04-15T19:00:00Z,87,6,0,0,1,0,0,23,8.8,14.3,4.0,2.7,0.0,0.06,0.06,1.38,1,43
2023-24,33,204,Lewis Hall,DEF,Newcastle,15,18,1,2024-04-13T11:30:00Z,2,1,0,0,0,0,0,2,0.0,0.0,0.0,0.0,0.0,0.0,0.0,0.0,0,42
2023-24,33,205,Callum Hudson-Odoi,MID,Nott'm Forest,16,20,1,2024-04-13T14:00:00Z,90,2,0,0,0,2,0,7,11.8,29.6,30.0,7.1,0.19,0.1,0.29,1.07,1,47
2023-24,33,206,Reece James,DEF,Chelsea,7,9,1,2024-04-15T19:00:00Z,0,0,0,0,0,0,0,0,0.0,0.0,0.0,0.0,0.0,0.0,0.0,0.0,0,53
2023-24,33,207,Romelu Lukaku Bolingoli,FWD,Chelsea,7,9,1,2024-04-15T19:00:00Z,0,0,0,0,0,0,0,0,0.0,0.0,0.0,0.0,0.0,0.0,0.0,0.0,0,68
2023-24,33,208,Noni Madueke,MID,Chelsea,7,9,1,2024-04-15T19:00:00Z,71,3,0,0,1,0,0,7,3.2,2.8,10.0,1.6,0.01,0.31,0.32,1.29,1,53
2023-24,33,209,Mason Mount,MID,Man Utd,14,3,0,2024-04-13T16:30:00Z,12,1,0,0,0,0,0,3,0.2,1.7,0.0,0.2,0.0,0.01,0.01,0.13,0,68
2023-24,33,210,Mykhailo Mudryk,MID,Chelsea,7,9,1,2024-04-15T19:00:00Z,79,2,0,0,1,0,0,8,4.2,26.3,29.0,6.0,0.33,0.56,0.89,1.38,1,63
2023-24,33,211,Nicolas Jackson,FWD,Chelsea,7,9,1,2024-04-15T19:00:00Z,87,14,1,2,1,0,2,48,58.0,21.7,41.0,12.1,0.45,0.08,0.53,1.38,1,68
2023-24,33,212,Christopher Nkunku,FWD,Chelsea,7,9,1,2024-04-15T19:00:00Z,0,0,0,0,0,0,0,0,0.0,0.0,0.0,0.0,0.0,0.0,0.0,0.0,0,72
2023-24,33,213,Christian Pulisic,MID,Chelsea,7,9,1,2024-04-15T19:00:00Z,0,0,0,0,0,0,0,0,0.0,0.0,0.0,0.0,0.0,0.0,0.0,0.0,0,55
2023-24,33,214,Malang Sarr,DEF,Chelsea,7,9,1,2024-04-15T19:00:00Z,0,0,0,0,0,0,0,0,0.0,0.0,0.0,0.0,0.0,0.0,0.0,0.0,0,43
2023-24,33,215,Gabriel Słonina,GK,Chelsea,7,9,1,2024-04-15T19:00:00Z,0,0,0,0,0,0,0,0,0.0,0.0,0.0,0.0,0.0,0.0,0.0,0.0,0,40
2023-24,33,216,Raheem Sterling,MID,Chelsea,7,9,1,2024-04-15T19:00:00Z,0,0,0,0,0,0,0,0,0.0,0.0,0.0,0.0,0.0,0.0,0.0,0.0,0,68
2023-24,33,217,Thiago Emiliano da Silva,DEF,Chelsea,7,9,1,2024-04-15T19:00:00Z,90,6,0,0,1,0,0,28,18.8,0.1,2.0,2.1,0.0,0.0,0.0,1.41,1,50
2023-24,33,218,Hakim Ziyech,MID,Chelsea,7,9,1,2024-04-15T19:00:00Z,0,0,0,0,0,0,0,0,0.0,0.0,0.0,0.0,0.0,0.0,0.0,0.0,0,54
2023-24,33,219,Naouirou Ahamada,MID,Crystal Palace,8,11,0,2024-04-14T13:00:00Z,0,0,0,0,0,0,0,0,0.0,0.0,0.0,0.0,0.0,0.0,0.0,0.0,0,43
2023-24,33,220,Joachim Andersen,DEF,Crystal Palace,8,11,0,2024-04-14T13:00:00Z,90,8,0,0,1,0,2,32,28.2,10.4,2.0,4.1,0.0,0.22,0.22,2.87,1,47
2023-24,33,221,Jordan Ayew,MID,Crystal Palace,8,11,0,2024-04-14T13:00:00Z,22,1,0,0,0,0,0,1,3.2,0.5,0.0,0.4,0.0,0.0,0.0,1.61,0,54
2023-24,33,222,Nathaniel Clyne,DEF,Crystal Palace,8,11,0,2024-04-14T13:00:00Z,76,6,0,0,1,0,0,20,15.8,0.1,0.0,1.6,0.0,0.0,0.0,2.31,1,43
2023-24,33,223,Cheick Doucouré,MID,Crystal Palace,8,11,0,2024-04-14T13:00:00Z,0,0,0,0,0,0,0,0,0.0,0.0,0.0,0.0,0.0,0.0,0.0,0.0,0,48
2023-24,33,224,Malcolm Ebiowei,MID,Crystal Palace,8,11,0,2024-04-14T13:00:00Z,0,0,0,0,0,0,0,0,0.0,0.0,0.0,0.0,0.0,0.0,0.0,0.0,0,44
2023-24,33,225,Odsonne Edouard,FWD,Crystal Palace,8,11,0,2024-04-14T13:00:00Z,1,1,0,0,0,0,0,2,0.0,0.0,0.0,0.0,0.0,0.0,0.0,0.36,0,53
2023-24,33,226,Eberechi Eze,MID,Crystal Palace,8,11,0,2024-04-14T13:00:00Z,76,10,1,0,1,0,2,32,52.8,50.7,40.0,14.4,0.59,0.69,1.28,2.31,1,60
2023-24,33,227,Vicente Guaita,GK,Crystal Palace,8,11,0,2024-04-14T13:00:00Z,0,0,0,0,0,0,0,0,0.0,0.0,0.0,0.0,0.0,0.0,0.0,0.0,0,44
2023-24,33,228,Marc Guéhi,DEF,Crystal Palace,8,11,0,2024-04-14T13:00:00Z,0,0,0,0,0,0,0,0,0.0,0.0,0.0,0.0,0.0,0.0,0.0,0.0,0,42
2023-24,33,229,Will Hughes,MID,Crystal Palace,8,11,0,2024-04-14T13:00:00Z,76,3,0,0,1,0,0,7,10.0,1.7,0.0,1.2,0.0,0.09,0.09,2.31,1,49
2023-24,33,230,Sam Johnstone,GK,Crystal Palace,8,11,0,2024-04-14T13:00:00Z,0,0,0,0,0,0,0,0,0.0,0.0,0.0,0.0,0.0,0.0,0.0,0.0,0,44
2023-24,33,231,Jefferson Lerma Solís,MID,Crystal Palace,8,11,0,2024-04-14T13:00:00Z,90,2,0,0,1,0,0,10,20.8,0.6,2.0,2.3,0.0,0.0,0.0,2.87,1,47
2023-24,33,232,Jean-Philippe Mateta,FWD,Crystal Palace,8,11,0,2024-04-14T13:00:00Z,89,2,0,0,1,0,0,-6,3.8,10.8,46.0,6.1,1.13,0.01,1.14,2.51,1,50
2023-24,33,233,Remi Matthews,GK,Crystal Palace,8,11,0,2024-04-14T13:00:00Z,0,0,0,0,0,0,0,0,0.0,0.0,0.0,0.0,0.0,0.0,0.0,0.0,0,39
2023-24,33,234,Tyrick Mitchell,DEF,Crystal Palace,8,11,0,2024-04-14T13:00:00Z,90,12,0,1,1,0,3,37,42.2,16.7,2.0,6.1,0.0,0.16,0.16,2.87,1,45
2023-24,33,235,Jake O'Brien,DEF,Crystal Palace,8,11,0,2024-04-14T13:00:00Z,0,0,0,0,0,0,0,0,0.0,0.0,0.0,0.0,0.0,0.0,0.0,0.0,0,40
2023-24,33,236,Michael Olise,MID,Crystal Palace,8,11,0,2024-04-14T13:00:00Z,67,3,0,0,1,0,0,7,12.6,14.3,16.0,4.3,0.08,0.09,0.17,1.26,1,56
2023-24,33,237,Luke Plange,FWD,Crystal Palace,8,11,0,2024-04-14T13:00:00Z,0,0,0,0,0,0,0,0,0.0,0.0,0.0,0.0,0.0,0.0,0.0,0.0,0,45
2023-24,33,238,Chris Richards,DEF,Crystal Palace,8,11,0,2024-04-14T13:00:00Z,0,0,0,0,0,0,0,0,0.0,0.0,0.0,0.0,0.0,0.0,0.0,0.0,0,39
2023-24,33,239,Jairo Riedewald,MID,Crystal Palace,8,11,0,2024-04-14T13:00:00Z,13,1,0,0,0,0,0,4,5.0,0.0,0.0,0.5,0.0,0.0,0.0,0.57,0,43
2023-24,33,240,Jeffrey Schlupp,MID,Crystal Palace,8,11,0,2024-04-14T13:00:00Z,13,1,0,0,0,0,0,3,0.2,0.1,0.0,0.0,0.0,0.0,0.0,0.57,0,48
2023-24,33,241,James Tomkins,DEF,Crystal Palace,8,11,0,2024-04-14T13:00:00Z,0,0,0,0,0,0,0,0,0.0,0.0,0.0,0.0,0.0,0.0,0.0,0.0,0,40
2023-24,33,242,Joel Ward,DEF,Crystal Palace,8,11,0,2024-04-14T13:00:00Z,13,1,0,0,0,0,0,4,5.0,0.0,0.0,0.5,0.0,0.0,0.0,0.57,0,45
2023-24,33,243,Joe Whitworth,GK,Crystal Palace,8,11,0,2024-04-14T13:00:00Z,0,0,0,0,0,0,0,0,0.0,0.0,0.0,0.0,0.0,0.0,0.0,0.0,0,39
2023-24,33,244,André Tavares Gomes,MID,Everton,9,7,0,2024-04-15T19:00:00Z,45,1,0,0,0,2,0,9,3.0,6.5,2.0,1.2,0.04,0.06,0.1,1.6,0,44
2023-24,33,245,Jarrad Branthwaite,DEF,Everton,9,7,0,2024-04-15T19:00:00Z,56,-1,0,0,0,4,0,2,2.0,3.3,11.0,1.6,0.1,0.0,0.1,1.76,1,43
2023-24,33,246,Dominic Calvert-Lewin,FWD,Everton,9,7,0,2024-04-15T19:00:00Z,0,0,0,0,0,0,0,0,0.0,0.0,0.0,0.0,0.0,0.0,0.0,0.0,0,58
2023-24,33,247,Seamus Coleman,DEF,Everton,9,7,0,2024-04-15T19:00:00Z,45,-1,0,0,0,4,0,6,4.2,11.1,2.0,1.7,0.0,0.56,0.56,1.35,1,44
2023-24,33,248,Dele Alli,MID,Everton,9,7,0,2024-04-15T19:00:00Z,0,0,0,0,0,0,0,0,0.0,0.0,0.0,0.0,0.0,0.0,0.0,0.0,0,48
2023-24,33,249,Abdoulaye Doucouré,MID,Everton,9,7,0,2024-04-15T19:00:00Z,90,2,0,0,0,6,0,6,3.6,4.4,2.0,1.0,0.0,0.02,0.02,2.96,1,55
2023-24,33,250,James Garner,MID,Everton,9,7,0,2024-04-15T19:00:00Z,45,0,0,0,0,4,0,0,1.6,15.5,0.0,1.7,0.0,0.04,0.04,1.35,1,49
2023-24,33,251,Jean-Philippe Gbamin,MID,Everton,9,7,0,2024-04-15T19:00:00Z,0,0,0,0,0,0,0,0,0.0,0.0,0.0,0.0,0.0,0.0,0.0,0.0,0,44
2023-24,33,252,Ben Godfrey,DEF,Everton,9,7,0,2024-04-15T19:00:00Z,1,1,0,0,0,0,0,3,0.2,0.1,0.0,0.0,0.0,0.0,0.0,0.0,0,43
2023-24,33,253,Demarai Gray,MID,Everton,9,7,0,2024-04-15T19:00:00Z,0,0,0,0,0,0,0,0,0.0,0.0,0.0,0.0,0.0,0.0,0.0,0.0,0,53
2023-24,33,254,Idrissa Gueye,MID,Everton,9,7,0,2024-04-15T19:00:00Z,0,0,0,0,0,0,0,0,0.0,0.0,0.0,0.0,0.0,0.0,0.0,0.0,0,48
2023-24,33,255,Mason Holgate,DEF,Sheffield Utd,17,4,0,2024-04-13T14:00:00Z,90,2,0,0,0,1,0,18,11.2,14.6,0.0,2.6,0.0,0.05,0.05,0.7,1,40
2023-24,33,256,Alex Iwobi,MID,Fulham,10,19,0,2024-04-14T13:00:00Z,73,6,0,1,1,0,0,15,23.2,32.8,27.0,8.3,0.27,0.75,1.02,0.91,1,53
2023-24,33,257,Michael Keane,DEF,Everton,9,7,0,2024-04-15T19:00:00Z,33,-1,0,0,0,2,0,0,2.2,0.6,2.0,0.5,0.0,0.0,0.0,1.2,0,43
2023-24,33,258,Neal Maupay,FWD,Brentford,4,17,1,2024-04-13T14:00:00Z,78,1,0,0,1,0,0,-3,0.0,17.7,10.0,2.6,0.41,0.07,0.48,0.73,1,49
2023-24,33,259,Dwight McNeil,MID,Everton,9,7,0,2024-04-15T19:00:00Z,90,2,0,0,0,6,0,19,14.6,64.3,2.0,8.1,0.0,0.43,0.43,2.96,1,54
2023-24,33,260,Vitalii Mykolenko,DEF,Everton,9,7,0,2024-04-15T19:00:00Z,90,-1,0,0,0,6,0,5,5.6,4.8,6.0,1.6,0.02,0.01,0.03,2.96,1,46
2023-24,33,261,Amadou Onana,MID,Everton,9,7,0,2024-04-15T19:00:00Z,45,1,0,0,0,4,0,1,0.0,3.1,4.0,0.7,0.02,0.01,0.03,1.35,1,47
2023-24,33,262,Nathan Patterson,DEF,Everton,9,7,0,2024-04-15T19:00:00Z,46,0,0,0,0,2,0,6,5.6,6.4,2.0,1.4,0.0,0.01,0.01,1.6,0,43
2023-24,33,263,Jordan Pickford,GK,Everton,9,7,0,2024-04-15T19:00:00Z,90,0,0,0,0,6,0,12,30.2,0.0,0.0,3.0,0.0,0.0,0.0,2.96,1,47
2023-24,33,264,Ellis Simms,FWD,Everton,9,7,0,2024-04-15T19:00:00Z,0,0,0,0,0,0,0,0,0.0,0.0,0.0,0.0,0.0,0.0,0.0,0.0,0,45
2023-24,33,265,James Tarkowski,DEF,Everton,9,7,0,2024-04-15T19:00:00Z,90,-2,0,0,0,6,0,8,13.2,0.8,4.0,1.8,0.0,0.06,0.06,2.96,1,46
2023-24,33,266,João Neves Virgínia,GK,Everton,9,7,0,2024-04-15T19:00:00Z,0,0,0,0,0,0,0,0,0.0,0.0,0.0,0.0,0.0,0.0,0.0,0.0,0,39
2023-24,33,267,Andreas Hoelgebaum Pereira,MID,Fulham,10,19,0,2024-04-14T13:00:00Z,73,15,2,0,1,0,3,44,72.4,44.3,79.0,19.6,1.69,0.25,1.94,0.91,1,53
2023-24,33,268,Tom Cairney,MID,Fulham,10,19,0,2024-04-14T13:00:00Z,0,0,0,0,0,0,0,0,0.0,0.0,0.0,0.0,0.0,0.0,0.0,0.0,0,49
2023-24,33,269,Ivan Neves Abreu Cavaleiro,MID,Fulham,10,19,0,2024-04-14T13:00:00Z,0,0,0,0,0,0,0,0,0.0,0.0,0.0,0.0,0.0,0.0,0.0,0.0,0,50
2023-24,33,270,Bobby De Cordova-Reid,MID,Fulham,10,19,0,2024-04-14T13:00:00Z,16,0,0,0,0,0,0,0,4.8,11.6,2.0,1.8,0.0,0.0,0.0,0.02,0,53
2023-24,33,271,Issa Diop,DEF,Fulham,10,19,0,2024-04-14T13:00:00Z,0,0,0,0,0,0,0,0,0.0,0.0,0.0,0.0,0.0,0.0,0.0,0.0,0,44
2023-24,33,272,Tyrese Francois,MID,Fulham,10,19,0,2024-04-14T13:00:00Z,0,0,0,0,0,0,0,0,0.0,0.0,0.0,0.0,0.0,0.0,0.0,0.0,0,44
2023-24,33,273,Anthony Knockaert,MID,Fulham,10,19,0,2024-04-14T13:00:00Z,0,0,0,0,0,0,0,0,0.0,0.0,0.0,0.0,0.0,0.0,0.0,0.0,0,44
2023-24,33,274,Terence Kongolo,DEF,Fulham,10,19,0,2024-04-14T13:00:00Z,0,0,0,0,0,0,0,0,0.0,0.0,0.0,0.0,0.0,0.0,0.0,0.0,0,40
2023-24,33,275,Bernd Leno,GK,Fulham,10,19,0,2024-04-14T13:00:00Z,90,9,0,0,1,0,2,34,34.4,0.0,0.0,3.4,0.0,0.0,0.0,0.93,1,48
2023-24,33,276,Saša Lukić,MID,Fulham,10,19,0,2024-04-14T13:00:00Z,90,3,0,0,1,0,0,14,22.4,23.8,7.0,5.3,0.09,0.03,0.12,0.93,1,43
2023-24,33,277,Kevin Mbabu,DEF,Fulham,10,19,0,2024-04-14T13:00:00Z,0,0,0,0,0,0,0,0,0.0,0.0,0.0,0.0,0.0,0.0,0.0,0.0,0,40
2023-24,33,278,Aleksandar Mitrović,FWD,Fulham,10,19,0,2024-04-14T13:00:00Z,0,0,0,0,0,0,0,0,0.0,0.0,0.0,0.0,0.0,0.0,0.0,0.0,0,74
2023-24,33,279,Rodrigo Muniz Carvalho,FWD,Fulham,10,19,0,2024-04-14T13:00:00Z,90,2,0,0,1,0,0,3,10.0,13.3,68.0,9.1,0.78,0.04,0.82,0.93,1,47
2023-24,33,280,João Palhinha Gonçalves,MID,Fulham,10,19,0,2024-04-14T13:00:00Z,90,3,0,0,1,0,0,7,22.4,0.3,12.0,3.5,0.21,0.0,0.21,0.93,1,50
2023-24,33,281,Tim Ream,DEF,Fulham,10,19,0,2024-04-14T13:00:00Z,0,0,0,0,0,0,0,0,0.0,0.0,0.0,0.0,0.0,0.0,0.0,0.0,0,45
2023-24,33,282,Harrison Reed,MID,Fulham,10,19,0,2024-04-14T13:00:00Z,1,1,0,0,0,0,0,3,2.6,0.5,0.0,0.3,0.0,0.0,0.0,0.0,0,44
2023-24,33,283,Antonee Robinson,DEF,Fulham,10,19,0,2024-04-14T13:00:00Z,90,6,0,0,1,0,0,21,15.4,21.9,4.0,4.1,0.0,0.05,0.05,0.93,1,46
2023-24,33,284,Marek Rodák,GK,Fulham,10,19,0,2024-04-14T13:00:00Z,0,0,0,0,0,0,0,0,0.0,0.0,0.0,0.0,0.0,0.0,0.0,0.0,0,39
2023-24,33,285,Kenny Tete,DEF,Fulham,10,19,0,2024-04-14T13:00:00Z,0,0,0,0,0,0,0,0,0.0,0.0,0.0,0.0,0.0,0.0,0.0,0.0,0,44
2023-24,33,286,Tosin Adarabioyo,DEF,Fulham,10,19,0,2024-04-14T13:00:00Z,90,6,0,0,1,0,0,28,21.4,0.1,0.0,2.2,0.0,0.0,0.0,0.93,1,43
2023-24,33,287,Carlos Vinícius Alves Morais,FWD,Fulham,10,19,0,2024-04-14T13:00:00Z,0,0,0,0,0,0,0,0,0.0,0.0,0.0,0.0,0.0,0.0,0.0,0.0,0,45
2023-24,33,288,Harry Wilson,MID,Fulham,10,19,0,2024-04-14T13:00:00Z,16,1,0,0,0,0,0,3,1.2,0.6,2.0,0.4,0.0,0.01,0.01,0.02,0,53
2023-24,33,289,Adrián San Miguel del Castillo,GK,Liverpool,11,8,1,2024-04-14T13:00:00Z,0,0,0,0,0,0,0,0,0.0,0.0,0.0,0.0,0.0,0.0,0.0,0.0,0,39
2023-24,33,290,Trent Alexander-Arnold,DEF,Liverpool,11,8,1,2024-04-14T13:00:00Z,42,1,0,0,0,0,0,8,10.6,26.3,3.0,4.0,0.03,0.08,0.11,0.65,0,84
2023-24,33,291,Alisson Ramses Becker,GK,Liverpool,11,8,1,2024-04-14T13:00:00Z,90,3,0,0,0,1,0,20,26.2,0.3,0.0,2.7,0.0,0.0,0.0,1.87,1,57
2023-24,33,292,Stefan Bajcetic,MID,Liverpool,11,8,1,2024-04-14T13:00:00Z,0,0,0,0,0,0,0,0,0.0,0.0,0.0,0.0,0.0,0.0,0.0,0.0,0,47
2023-24,33,293,Darwin Núñez Ribeiro,FWD,Liverpool,11,8,1,2024-04-14T13:00:00Z,65,2,0,0,0,1,0,3,8.6,8.4,45.0,6.2,0.25,0.08,0.33,1.3,1,77
2023-24,33,294,Diogo Teixeira da Silva,MID,Liverpool,11,8,1,2024-04-14T13:00:00Z,24,1,0,0,0,0,0,2,0.4,12.1,15.0,2.8,0.49,0.01,0.5,0.57,0,79
2023-24,33,295,Harvey Elliott,MID,Liverpool,11,8,1,2024-04-14T13:00:00Z,8,1,0,0,0,0,0,5,5.4,2.3,35.0,4.3,0.13,0.01,0.14,0.0,0,48
2023-24,33,296,Fabio Henrique Tavares,MID,Liverpool,11,8,1,2024-04-14T13:00:00Z,0,0,0,0,0,0,0,0,0.0,0.0,0.0,0.0,0.0,0.0,0.0,0.0,0,50
2023-24,33,297,Cody Gakpo,FWD,Liverpool,11,8,1,2024-04-14T13:00:00Z,24,1,0,0,0,0,0,17,17.8,41.2,4.0,6.3,0.0,0.41,0.41,0.57,0,71
2023-24,33,298,Joe Gomez,DEF,Liverpool,11,8,1,2024-04-14T13:00:00Z,0,0,0,0,0,0,0,0,0.0,0.0,0.0,0.0,0.0,0.0,0.0,0.0,0,46
2023-24,33,299,Jordan Henderson,MID,Liverpool,11,8,1,2024-04-14T13:00:00Z,0,0,0,0,0,0,0,0,0.0,0.0,0.0,0.0,0.0,0.0,0.0,0.0,0,50
2023-24,33,300,Curtis Jones,MID,Liverpool,11,8,1,2024-04-14T13:00:00Z,81,1,0,0,0,1,0,-3,5.4,11.2,19.0,3.6,0.72,0.13,0.85,1.87,1,49
2023-24,33,301,Caoimhin Kelleher,GK,Liverpool,11,8,1,2024-04-14T13:00:00Z,0,0,0,0,0,0,0,0,0.0,0.0,0.0,0.0,0.0,0.0,0.0,0.0,0,39
2023-24,33,302,Ibrahima Konaté,DEF,Liverpool,11,8,1,2024-04-14T13:00:00Z,90,2,0,0,0,1,0,14,24.6,4.2,10.0,3.9,0.2,0.03,0.23,1.87,1,49
2023-24,33,303,Luis Díaz,MID,Liverpool,11,8,1,2024-04-14T13:00:00Z,65,2,0,0,0,1,0,6,6.0,2.8,37.0,4.6,0.24,0.03,0.27,1.3,1,77
2023-24,33,304,Alexis Mac Allister,MID,Liverpool,11,8,1,2024-04-14T13:00:00Z,90,2,0,0,0,1,0,10,23.4,34.9,2.0,6.0,0.12,0.2,0.32,1.87,1,59
2023-24,33,305,Joel Matip,DEF,Liverpool,11,8,1,2024-04-14T13:00:00Z,0,0,0,0,0,0,0,0,0.0,0.0,0.0,0.0,0.0,0.0,0.0,0.0,0,48
2023-24,33,306,Nathaniel Phillips,DEF,Liverpool,11,8,1,2024-04-14T13:00:00Z,0,0,0,0,0,0,0,0,0.0,0.0,0.0,0.0,0.0,0.0,0.0,0.0,0,40
2023-24,33,307,Andrew Robertson,DEF,Liverpool,11,8,1,2024-04-14T13:00:00Z,90,2,0,0,0,1,0,16,27.0,70.2,6.0,10.3,0.0,0.26,0.26,1.87,1,64
2023-24,33,308,Mohamed Salah,MID,Liverpool,11,8,1,2024-04-14T13:00:00Z,90,2,0,0,0,1,0,5,16.8,63.4,41.0,12.1,0.39,0.28,0.67,1.87,1,135
2023-24,33,309,Dominik Szoboszlai,MID,Liverpool,11,8,1,2024-04-14T13:00:00Z,45,1,0,0,0,0,0,11,6.8,43.1,7.0,5.7,0.02,0.36,0.38,0.65,0,71
2023-24,33,310,Thiago Alcántara do Nascimento,MID,Liverpool,11,8,1,2024-04-14T13:00:00Z,0,0,0,0,0,0,0,0,0.0,0.0,0.0,0.0,0.0,0.0,0.0,0.0,0,47
2023-24,33,311,Konstantinos Tsimikas,DEF,Liverpool,11,8,1,2024-04-14T13:00:00Z,0,0,0,0,0,0,0,0,0.0,0.0,0.0,0.0,0.0,0.0,0.0,0.0,0,44
2023-24,33,312,Sepp van den Berg,DEF,Liverpool,11,8,1,2024-04-14T13:00:00Z,0,0,0,0,0,0,0,0,0.0,0.0,0.0,0.0,0.0,0.0,0.0,0.0,0,40
2023-24,33,313,Virgil van Dijk,DEF,Liverpool,11,8,1,2024-04-14T13:00:00Z,90,2,0,0,0,1,0,11,21.8,6.0,25.0,5.3,0.15,0.07,0.22,1.87,1,66
2023-24,33,314,Elijah Adebayo,FWD,Luton,12,13,0,2024-04-13T14:00:00Z,0,0,0,0,0,0,0,0,0.0,0.0,0.0,0.0,0.0,0.0,0.0,0.0,0,48
2023-24,33,315,Mads Juel Andersen,DEF,Luton,12,13,0,2024-04-13T14:00:00Z,0,0,0,0,0,0,0,0,0.0,0.0,0.0,0.0,0.0,0.0,0.0,0.0,0,39
2023-24,33,316,Amari'i Bell,DEF,Luton,12,13,0,2024-04-13T14:00:00Z,0,0,0,0,0,0,0,0,0.0,0.0,0.0,0.0,0.0,0.0,0.0,0.0,0,39
2023-24,33,317,Luke Berry,MID,Luton,12,13,0,2024-04-13T14:00:00Z,76,2,0,0,0,3,0,6,4.8,0.5,0.0,0.5,0.0,0.0,0.0,3.3,1,46
2023-24,33,318,Reece Burke,DEF,Luton,12,13,0,2024-04-13T14:00:00Z,90,0,0,0,0,5,0,9,20.4,0.0,0.0,2.0,0.0,0.0,0.0,4.26,1,40
2023-24,33,319,Allan Campbell,MID,Luton,12,13,0,2024-04-13T14:00:00Z,0,0,0,0,0,0,0,0,0.0,0.0,0.0,0.0,0.0,0.0,0.0,0.0,0,49
2023-24,33,320,Jordan Clark,MID,Luton,12,13,0,2024-04-13T14:00:00Z,88,2,0,0,0,4,0,5,8.0,0.4,0.0,0.8,0.0,0.0,0.0,3.47,1,48
2023-24,33,321,Alfie Doughty,DEF,Luton,12,13,0,2024-04-13T14:00:00Z,90,0,0,0,0,5,0,16,24.6,0.8,19.0,4.4,0.17,0.01,0.18,4.26,1,46
2023-24,33,322,Luke Freeman,MID,Luton,12,13,0,2024-04-13T14:00:00Z,0,0,0,0,0,0,0,0,0.0,0.0,0.0,0.0,0.0,0.0,0.0,0.0,0,49
2023-24,33,323,Matt Macey,GK,Luton,12,13,0,2024-04-13T14:00:00Z,0,0,0,0,0,0,0,0,0.0,0.0,0.0,0.0,0.0,0.0,0.0,0.0,0,40
2023-24,33,324,John McAtee,FWD,Luton,12,13,0,2024-04-13T14:00:00Z,0,0,0,0,0,0,0,0,0.0,0.0,0.0,0.0,0.0,0.0,0.0,0.0,0,45
2023-24,33,325,Carlos Mendes Gomes,MID,Luton,12,13,0,2024-04-13T14:00:00Z,0,0,0,0,0,0,0,0,0.0,0.0,0.0,0.0,0.0,0.0,0.0,0.0,0,45
2023-24,33,326,Carlton Morris,FWD,Luton,12,13,0,2024-04-13T14:00:00Z,90,2,0,0,0,5,0,3,16.6,1.0,0.0,1.8,0.0,0.0,0.0,4.26,1,50
2023-24,33,327,Admiral Muskwe,FWD,Luton,12,13,0,2024-04-13T14:00:00Z,0,0,0,0,0,0,0,0,0.0,0.0,0.0,0.0,0.0,0.0,0.0,0.0,0,45
2023-24,33,328,Chiedozie Ogbene,FWD,Luton,12,13,0,2024-04-13T14:00:00Z,0,0,0,0,0,0,0,0,0.0,0.0,0.0,0.0,0.0,0.0,0.0,0.0,0,48
2023-24,33,329,Fred Onyedinma,MID,Luton,12,13,0,2024-04-13T14:00:00Z,87,2,0,0,0,4,0,9,11.8,10.7,2.0,2.5,0.0,0.07,0.07,3.47,1,50
2023-24,33,330,Gabriel Osho,DEF,Luton,12,13,0,2024-04-13T14:00:00Z,0,0,0,0,0,0,0,0,0.0,0.0,0.0,0.0,0.0,0.0,0.0,0.0,0,44
2023-24,33,331,Aribim Pepple,FWD,Luton,12,13,0,2024-04-13T14:00:00Z,0,0,0,0,0,0,0,0,0.0,0.0,0.0,0.0,0.0,0.0,0.0,0.0,0,45
2023-24,33,332,Dion Pereira,MID,Luton,12,13,0,2024-04-13T14:00:00Z,0,0,0,0,0,0,0,0,0.0,0.0,0.0,0.0,0.0,0.0,0.0,0.0,0,44
2023-24,33,333,Dan Potts,DEF,Luton,12,13,0,2024-04-13T14:00:00Z,0,0,0,0,0,0,0,0,0.0,0.0,0.0,0.0,0.0,0.0,0.0,0.0,0,39
2023-24,33,334,Glen Rea,MID,Luton,12,13,0,2024-04-13T14:00:00Z,0,0,0,0,0,0,0,0,0.0,0.0,0.0,0.0,0.0,0.0,0.0,0.0,0,44
2023-24,33,335,James Shea,GK,Luton,12,13,0,2024-04-13T14:00:00Z,0,0,0,0,0,0,0,0,0.0,0.0,0.0,0.0,0.0,0.0,0.0,0.0,0,42
2023-24,33,336,Joe Taylor,FWD,Luton,12,13,0,2024-04-13T14:00:00Z,0,0,0,0,0,0,0,0,0.0,0.0,0.0,0.0,0.0,0.0,0.0,0.0,0,45
2023-24,33,337,Elliot Thorpe,MID,Luton,12,13,0,2024-04-13T14:00:00Z,0,0,0,0,0,0,0,0,0.0,0.0,0.0,0.0,0.0,0.0,0.0,0.0,0,45
2023-24,33,338,Jack Walton,GK,Luton,12,13,0,2024-04-13T14:00:00Z,0,0,0,0,0,0,0,0,0.0,0.0,0.0,0.0,0.0,0.0,0.0,0.0,0,40
2023-24,33,339,Louie Watson,MID,Luton,12,13,0,2024-04-13T14:00:00Z,0,0,0,0,0,0,0,0,0.0,0.0,0.0,0.0,0.0,0.0,0.0,0.0,0,44
2023-24,33,340,Cauley Woodrow,FWD,Luton,12,13,0,2024-04-13T14:00:00Z,31,1,0,0,0,4,0,5,2.0,10.4,6.0,1.8,0.09,0.02,0.11,1.96,0,43
2023-24,33,341,Manuel Akanji,DEF,Man City,13,12,1,2024-04-13T14:00:00Z,90,2,0,0,0,1,0,19,22.0,30.3,6.0,5.8,0.07,0.17,0.24,0.49,1,50
2023-24,33,342,Nathan Aké,DEF,Man City,13,12,1,2024-04-13T14:00:00Z,0,0,0,0,0,0,0,0,0.0,0.0,0.0,0.0,0.0,0.0,0.0,0.0,0,50
2023-24,33,343,Julián Álvarez,FWD,Man City,13,12,1,2024-04-13T14:00:00Z,90,5,0,1,0,1,0,23,28.8,49.3,50.0,12.8,0.57,0.48,1.05,0.49,1,64
2023-24,33,344,Bernardo Veiga de Carvalho e Silva,MID,Man City,13,12,1,2024-04-13T14:00:00Z,0,0,0,0,0,0,0,0,0.0,0.0,0.0,0.0,0.0,0.0,0.0,0.0,0,62
2023-24,33,345,Oscar Bobb,MID,Man City,13,12,1,2024-04-13T14:00:00Z,9,1,0,0,0,1,0,7,6.2,12.3,12.0,3.1,0.0,0.07,0.07,0.17,0,44
2023-24,33,346,João Cancelo,DEF,Man City,13,12,1,2024-04-13T14:00:00Z,0,0,0,0,0,0,0,0,0.0,0.0,0.0,0.0,0.0,0.0,0.0,0.0,0,58
2023-24,33,347,Scott Carson,GK,Man City,13,12,1,2024-04-13T14:00:00Z,0,0,0,0,0,0,0,0,0.0,0.0,0.0,0.0,0.0,0.0,0.0,0.0,0,38
2023-24,33,348,Shea Charles,MID,Man City,13,12,1,2024-04-13T14:00:00Z,0,0,0,0,0,0,0,0,0.0,0.0,0.0,0.0,0.0,0.0,0.0,0.0,0,45
2023-24,33,349,Kevin De Bruyne,MID,Man City,13,12,1,2024-04-13T14:00:00Z,80,2,0,0,1,0,0,24,23.2,94.3,53.0,17.1,0.26,1.04,1.3,0.33,1,104
2023-24,33,350,Rúben Gato Alves Dias,DEF,Man City,13,12,1,2024-04-13T14:00:00Z,90,2,0,0,0,1,0,10,17.4,19.5,16.0,5.3,0.12,0.09,0.21,0.49,1,55
2023-24,33,351,Tommy Doyle,MID,Wolves,20,16,0,2024-04-13T14:00:00Z,90,2,0,0,0,2,0,15,21.0,17.7,2.0,4.1,0.04,0.02,0.06,1.9,1,44
2023-24,33,352,Ederson Santana de Moraes,GK,Man City,13,12,1,2024-04-13T14:00:00Z,90,2,0,0,0,1,0,14,13.4,0.0,0.0,1.3,0.0,0.0,0.0,0.49,1,55
2023-24,33,353,Phil Foden,MID,Man City,13,12,1,2024-04-13T14:00:00Z,0,0,0,0,0,0,0,0,0.0,0.0,0.0,0.0,0.0,0.0,0.0,0.0,0,83
2023-24,33,354,Jack Grealish,MID,Man City,13,12,1,2024-04-13T14:00:00Z,0,0,0,0,0,0,0,0,0.0,0.0,0.0,0.0,0.0,0.0,0.0,0.0,0,72
2023-24,33,355,Erling Haaland,FWD,Man City,13,12,1,2024-04-13T14:00:00Z,80,10,1,1,1,0,1,32,36.0,23.1,60.0,11.9,1.8,0.15,1.95,0.33,1,143
2023-24,33,356,Mateo Kovačić,MID,Man City,13,12,1,2024-04-13T14:00:00Z,90,9,1,0,0,1,2,44,53.4,52.3,41.0,14.7,0.38,0.21,0.59,0.49,1,46
2023-24,33,357,Aymeric Laporte,DEF,Man City,13,12,1,2024-04-13T14:00:00Z,0,0,0,0,0,0,0,0,0.0,0.0,0.0,0.0,0.0,0.0,0.0,0.0,0,49
2023-24,33,358,Rico Lewis,DEF,Man City,13,12,1,2024-04-13T14:00:00Z,90,2,0,0,0,1,0,19,13.2,41.3,16.0,7.1,0.0,0.13,0.13,0.49,1,42
2023-24,33,359,Riyad Mahrez,MID,Man City,13,12,1,2024-04-13T14:00:00Z,0,0,0,0,0,0,0,0,0.0,0.0,0.0,0.0,0.0,0.0,0.0,0.0,0,75
2023-24,33,360,James McAtee,MID,Sheffield Utd,17,4,0,2024-04-13T14:00:00Z,33,1,0,0,0,2,0,6,4.6,1.3,0.0,0.6,0.0,0.01,0.01,0.36,0,44
2023-24,33,361,Stefan Ortega Moreno,GK,Man City,13,12,1,2024-04-13T14:00:00Z,0,0,0,0,0,0,0,0,0.0,0.0,0.0,0.0,0.0,0.0,0.0,0.0,0,38
2023-24,33,362,Cole Palmer,MID,Chelsea,7,9,1,2024-04-15T19:00:00Z,79,26,4,0,1,0,3,79,139.6,8.3,87.0,23.5,2.27,0.06,2.33,1.38,1,61
2023-24,33,363,Máximo Perrone,MID,Man City,13,12,1,2024-04-13T14:00:00Z,0,0,0,0,0,0,0,0,0.0,0.0,0.0,0.0,0.0,0.0,0.0,0.0,0,44
2023-24,33,364,Kalvin Phillips,MID,West Ham,19,10,1,2024-04-14T13:00:00Z,0,0,0,0,0,0,0,0,0.0,0.0,0.0,0.0,0.0,0.0,0.0,0.0,0,47
2023-24,33,365,Rodrigo Hernandez,MID,Man City,13,12,1,2024-04-13T14:00:00Z,0,0,0,0,0,0,0,0,0.0,0.0,0.0,0.0,0.0,0.0,0.0,0.0,0,56
2023-24,33,366,Sergio Gómez,DEF,Man City,13,12,1,2024-04-13T14:00:00Z,9,1,0,0,0,1,0,3,2.0,6.1,2.0,1.0,0.08,0.1,0.18,0.17,0,38
2023-24,33,367,Zack Steffen,GK,Man City,13,12,1,2024-04-13T14:00:00Z,0,0,0,0,0,0,0,0,0.0,0.0,0.0,0.0,0.0,0.0,0.0,0.0,0,39
2023-24,33,368,John Stones,DEF,Man City,13,12,1,2024-04-13T14:00:00Z,0,0,0,0,0,0,0,0,0.0,0.0,0.0,0.0,0.0,0.0,0.0,0.0,0,53
2023-24,33,369,Kyle Walker,DEF,Man City,13,12,1,2024-04-13T14:00:00Z,0,0,0,0,0,0,0,0,0.0,0.0,0.0,0.0,0.0,0.0,0.0,0.0,0,53
2023-24,33,370,Alex Telles,DEF,Man Utd,14,3,0,2024-04-13T16:30:00Z,0,0,0,0,0,0,0,0,0.0,0.0,0.0,0.0,0.0,0.0,0.0,0.0,0,45
2023-24,33,371,Amad Diallo,MID,Man Utd,14,3,0,2024-04-13T16:30:00Z,45,1,0,0,0,0,0,0,0.0,3.3,8.0,0.9,0.02,0.01,0.03,0.48,0,44
2023-24,33,372,Antony Matheus dos Santos,MID,Man Utd,14,3,0,2024-04-13T16:30:00Z,0,0,0,0,0,0,0,0,0.0,0.0,0.0,0.0,0.0,0.0,0.0,0.0,0,68
2023-24,33,373,Bruno Borges Fernandes,MID,Man Utd,14,3,0,2024-04-13T16:30:00Z,90,15,2,0,0,2,3,48,79.0,15.5,35.0,13.0,0.96,0.07,1.03,1.75,1,82
2023-24,33,374,Brandon Williams,DEF,Man Utd,14,3,0,2024-04-13T16:30:00Z,0,0,0,0,0,0,0,0,0.0,0.0,0.0,0.0,0.0,0.0,0.0,0.0,0,40
2023-24,33,375,Eric Bailly,DEF,Man Utd,14,3,0,2024-04-13T16:30:00Z,0,0,0,0,0,0,0,0,0.0,0.0,0.0,0.0,0.0,0.0,0.0,0.0,0,40
2023-24,33,376,Carlos Henrique Casimiro,MID,Man Utd,14,3,0,2024-04-13T16:30:00Z,90,2,0,0,0,2,0,18,30.8,13.8,8.0,5.3,0.0,0.03,0.03,1.75,1,53
2023-24,33,377,Diogo Dalot Teixeira,DEF,Man Utd,14,3,0,2024-04-13T16:30:00Z,90,1,0,0,0,2,0,11,14.8,17.1,2.0,3.4,0.0,0.06,0.06,1.75,1,52
2023-24,33,378,Anthony Elanga,MID,Nott'm Forest,16,20,1,2024-04-13T14:00:00Z,0,0,0,0,0,0,0,0,0.0,0.0,0.0,0.0,0.0,0.0,0.0,0.0,0,51
2023-24,33,379,Christian Eriksen,MID,Man Utd,14,3,0,2024-04-13T16:30:00Z,0,0,0,0,0,0,0,0,0.0,0.0,0.0,0.0,0.0,0.0,0.0,0.0,0,58
2023-24,33,380,Álvaro Fernández Carreras,DEF,Man Utd,14,3,0,2024-04-13T16:30:00Z,0,0,0,0,0,0,0,0,0.0,0.0,0.0,0.0,0.0,0.0,0.0,0.0,0,40
2023-24,33,381,Frederico Rodrigues de Paula Santos,MID,Man Utd,14,3,0,2024-04-13T16:30:00Z,0,0,0,0,0,0,0,0,0.0,0.0,0.0,0.0,0.0,0.0,0.0,0.0,0,50
2023-24,33,382,Alejandro Garnacho,MID,Man Utd,14,3,0,2024-04-13T16:30:00Z,45,4,0,1,0,2,0,10,0.0,1.7,15.0,1.6,0.04,0.02,0.06,1.27,1,50
2023-24,33,383,Hannibal Mejbri,MID,Man Utd,14,3,0,2024-04-13T16:30:00Z,0,0,0,0,0,0,0,0,0.0,0.0,0.0,0.0,0.0,0.0,0.0,0.0,0,43
2023-24,33,384,Tom Heaton,GK,Man Utd,14,3,0,2024-04-13T16:30:00Z,0,0,0,0,0,0,0,0,0.0,0.0,0.0,0.0,0.0,0.0,0.0,0.0,0,39
2023-24,33,385,Dean Henderson,GK,Crystal Palace,8,11,0,2024-04-14T13:00:00Z,90,9,0,0,1,0,2,32,41.6,0.0,0.0,4.2,0.0,0.0,0.0,2.87,1,44
2023-24,33,386,Victor Lindelöf,DEF,Man Utd,14,3,0,2024-04-13T16:30:00Z,0,0,0,0,0,0,0,0,0.0,0.0,0.0,0.0,0.0,0.0,0.0,0.0,0,45
2023-24,33,387,Harry Maguire,DEF,Man Utd,14,3,0,2024-04-13T16:30:00Z,90,1,0,0,0,2,0,18,24.6,0.8,5.0,3.0,0.02,0.03,0.05,1.75,1,42
2023-24,33,388,Kobbie Mainoo,MID,Man Utd,14,3,0,2024-04-13T16:30:00Z,77,2,0,0,0,2,0,11,4.2,4.8,4.0,1.3,0.02,0.02,0.04,1.63,1,44
2023-24,33,389,Tyrell Malacia,DEF,Man Utd,14,3,0,2024-04-13T16:30:00Z,0,0,0,0,0,0,0,0,0.0,0.0,0.0,0.0,0.0,0.0,0.0,0.0,0,43
2023-24,33,390,Anthony Martial,FWD,Man Utd,14,3,0,2024-04-13T16:30:00Z,0,0,0,0,0,0,0,0,0.0,0.0,0.0,0.0,0.0,0.0,0.0,0.0,0,64
2023-24,33,391,Lisandro Martínez,DEF,Man Utd,14,3,0,2024-04-13T16:30:00Z,0,0,0,0,0,0,0,0,0.0,0.0,0.0,0.0,0.0,0.0,0.0,0.0,0,47
2023-24,33,392,Scott McTominay,MID,Man Utd,14,3,0,2024-04-13T16:30:00Z,0,0,0,0,0,0,0,0,0.0,0.0,0.0,0.0,0.0,0.0,0.0,0.0,0,45
2023-24,33,393,Teden Mengi,DEF,Luton,12,13,0,2024-04-13T14:00:00Z,0,0,0,0,0,0,0,0,0.0,0.0,0.0,0.0,0.0,0.0,0.0,0.0,0,39
2023-24,33,394,Facundo Pellistri Rebollo,MID,Man Utd,14,3,0,2024-04-13T16:30:00Z,0,0,0,0,0,0,0,0,0.0,0.0,0.0,0.0,0.0,0.0,0.0,0.0,0,42
2023-24,33,395,Raphaël Varane,DEF,Man Utd,14,3,0,2024-04-13T16:30:00Z,0,0,0,0,0,0,0,0,0.0,0.0,0.0,0.0,0.0,0.0,0.0,0.0,0,49
2023-24,33,396,Marcus Rashford,MID,Man Utd,14,3,0,2024-04-13T16:30:00Z,90,2,0,0,0,2,0,4,2.0,27.0,15.0,4.4,0.12,0.04,0.16,1.75,1,84
2023-24,33,397,Jadon Sancho,MID,Man Utd,14,3,0,2024-04-13T16:30:00Z,0,0,0,0,0,0,0,0,0.0,0.0,0.0,0.0,0.0,0.0,0.0,0.0,0,67
2023-24,33,398,Luke Shaw,DEF,Man Utd,14,3,0,2024-04-13T16:30:00Z,0,0,0,0,0,0,0,0,0.0,0.0,0.0,0.0,0.0,0.0,0.0,0.0,0,52
2023-24,33,399,Shola Shoretire,FWD,Man Utd,14,3,0,2024-04-13T16:30:00Z,0,0,0,0,0,0,0,0,0.0,0.0,0.0,0.0,0.0,0.0,0.0,0.0,0,44
2023-24,33,400,Donny van de Beek,MID,Man Utd,14,3,0,2024-04-13T16:30:00Z,0,0,0,0,0,0,0,0,0.0,0.0,0.0,0.0,0.0,0.0,0.0,0.0,0,47
2023-24,33,401,Aaron Wan-Bissaka,DEF,Man Utd,14,3,0,2024-04-13T16:30:00Z,90,1,0,0,0,2,0,9,13.0,13.1,8.0,3.4,0.0,0.05,0.05,1.75,1,44
2023-24,33,402,Miguel Almirón Rejala,MID,Newcastle,15,18,1,2024-04-13T11:30:00Z,0,0,0,0,0,0,0,0,0.0,0.0,0.0,0.0,0.0,0.0,0.0,0.0,0,60
2023-24,33,403,Elliot Anderson,MID,Newcastle,15,18,1,2024-04-13T11:30:00Z,88,3,0,0,1,0,0,9,10.0,4.0,44.0,5.8,0.38,0.18,0.56,0.73,1,42
2023-24,33,404,Harrison Ashby,DEF,Newcastle,15,18,1,2024-04-13T11:30:00Z,0,0,0,0,0,0,0,0,0.0,0.0,0.0,0.0,0.0,0.0,0.0,0.0,0,40
2023-24,33,405,Sven Botman,DEF,Newcastle,15,18,1,2024-04-13T11:30:00Z,0,0,0,0,0,0,0,0,0.0,0.0,0.0,0.0,0.0,0.0,0.0,0.0,0,45
2023-24,33,406,Bruno Guimarães Rodriguez Moura,MID,Newcastle,15,18,1,2024-04-13T11:30:00Z,90,6,0,1,1,0,0,28,34.4,17.1,0.0,5.2,0.0,0.19,0.19,0.73,1,58
2023-24,33,407,Dan Burn,DEF,Newcastle,15,18,1,2024-04-13T11:30:00Z,90,6,0,0,1,0,0,18,8.4,1.0,7.0,1.6,0.13,0.01,0.14,0.73,1,45
2023-24,33,408,Karl Darlow,GK,Newcastle,15,18,1,2024-04-13T11:30:00Z,0,0,0,0,0,0,0,0,0.0,0.0,0.0,0.0,0.0,0.0,0.0,0.0,0,40
2023-24,33,409,Martin Dubravka,GK,Newcastle,15,18,1,2024-04-13T11:30:00Z,90,6,0,0,1,0,0,23,9.6,0.0,0.0,1.0,0.0,0.0,0.0,0.73,1,42
2023-24,33,410,Ryan Fraser,MID,Newcastle,15,18,1,2024-04-13T11:30:00Z,0,0,0,0,0,0,0,0,0.0,0.0,0.0,0.0,0.0,0.0,0.0,0.0,0,49
2023-24,33,411,Mark Gillespie,GK,Newcastle,15,18,1,2024-04-13T11:30:00Z,0,0,0,0,0,0,0,0,0.0,0.0,0.0,0.0,0.0,0.0,0.0,0.0,0,39
2023-24,33,412,Anthony Gordon,MID,Newcastle,15,18,1,2024-04-13T11:30:00Z,90,17,1,2,1,0,3,53,84.6,112.8,26.0,22.3,0.62,0.78,1.4,0.73,1,60
2023-24,33,413,Isaac Hayden,MID,Newcastle,15,18,1,2024-04-13T11:30:00Z,0,0,0,0,0,0,0,0,0.0,0.0,0.0,0.0,0.0,0.0,0.0,0.0,0,44
2023-24,33,414,Jeff Hendrick,MID,Newcastle,15,18,1,2024-04-13T11:30:00Z,0,0,0,0,0,0,0,0,0.0,0.0,0.0,0.0,0.0,0.0,0.0,0.0,0,44
2023-24,33,415,Alexander Isak,FWD,Newcastle,15,18,1,2024-04-13T11:30:00Z,90,12,2,0,1,0,2,50,64.2,13.8,61.0,13.9,1.51,0.02,1.53,0.73,1,79
2023-24,33,416,Joelinton Cássio Apolinário de Lira,MID,Newcastle,15,18,1,2024-04-13T11:30:00Z,0,0,0,0,0,0,0,0,0.0,0.0,0.0,0.0,0.0,0.0,0.0,0.0,0,58
2023-24,33,417,Emil Krafth,DEF,Newcastle,15,18,1,2024-04-13T11:30:00Z,90,6,0,0,1,0,0,20,9.6,0.5,1.0,1.1,0.02,0.05,0.07,0.73,1,44
2023-24,33,418,Garang Kuol,MID,Newcastle,15,18,1,2024-04-13T11:30:00Z,0,0,0,0,0,0,0,0,0.0,0.0,0.0,0.0,0.0,0.0,0.0,0.0,0,45
2023-24,33,419,Jamaal Lascelles,DEF,Newcastle,15,18,1,2024-04-13T11:30:00Z,0,0,0,0,0,0,0,0,0.0,0.0,0.0,0.0,0.0,0.0,0.0,0.0,0,38
2023-24,33,420,Jamal Lewis,DEF,Newcastle,15,18,1,2024-04-13T11:30:00Z,0,0,0,0,0,0,0,0,0.0,0.0,0.0,0.0,0.0,0.0,0.0,0.0,0,40
2023-24,33,421,Sean Longstaff,MID,Newcastle,15,18,1,2024-04-13T11:30:00Z,90,3,0,0,1,0,0,7,4.4,1.0,2.0,0.7,0.0,0.01,0.01,0.73,1,48
2023-24,33,422,Javier Manquillo Gaitán,DEF,Newcastle,15,18,1,2024-04-13T11:30:00Z,0,0,0,0,0,0,0,0,0.0,0.0,0.0,0.0,0.0,0.0,0.0,0.0,0,40
2023-24,33,423,Jacob Murphy,MID,Newcastle,15,18,1,2024-04-13T11:30:00Z,77,3,0,0,1,0,0,10,11.0,14.3,0.0,2.5,0.0,0.04,0.04,0.73,1,48
2023-24,33,424,Nick Pope,GK,Newcastle,15,18,1,2024-04-13T11:30:00Z,0,0,0,0,0,0,0,0,0.0,0.0,0.0,0.0,0.0,0.0,0.0,0.0,0,53
2023-24,33,425,Matt Ritchie,MID,Newcastle,15,18,1,2024-04-13T11:30:00Z,1,1,0,0,0,0,0,3,0.0,0.0,0.0,0.0,0.0,0.0,0.0,0.0,0,43
2023-24,33,426,Allan Saint-Maximin,MID,Newcastle,15,18,1,2024-04-13T11:30:00Z,0,0,0,0,0,0,0,0,0.0,0.0,0.0,0.0,0.0,0.0,0.0,0.0,0,60
2023-24,33,427,Fabian Schär,DEF,Newcastle,15,18,1,2024-04-13T11:30:00Z,90,13,1,0,1,0,1,33,57.0,10.3,19.0,8.6,0.05,0.07,0.12,0.73,1,55
2023-24,33,428,Matt Targett,DEF,Newcastle,15,18,1,2024-04-13T11:30:00Z,0,0,0,0,0,0,0,0,0.0,0.0,0.0,0.0,0.0,0.0,0.0,0.0,0,42
2023-24,33,429,Sandro Tonali,MID,Newcastle,15,18,1,2024-04-13T11:30:00Z,0,0,0,0,0,0,0,0,0.0,0.0,0.0,0.0,0.0,0.0,0.0,0.0,0,52
2023-24,33,430,Kieran Trippier,DEF,Newcastle,15,18,1,2024-04-13T11:30:00Z,0,0,0,0,0,0,0,0,0.0,0.0,0.0,0.0,0.0,0.0,0.0,0.0,0,66
2023-24,33,431,Kell Watts,DEF,Newcastle,15,18,1,2024-04-13T11:30:00Z,0,0,0,0,0,0,0,0,0.0,0.0,0.0,0.0,0.0,0.0,0.0,0.0,0,40
2023-24,33,432,Joe Willock,MID,Newcastle,15,18,1,2024-04-13T11:30:00Z,0,0,0,0,0,0,0,0,0.0,0.0,0.0,0.0,0.0,0.0,0.0,0.0,0,53
2023-24,33,433,Callum Wilson,FWD,Newcastle,15,18,1,2024-04-13T11:30:00Z,0,0,0,0,0,0,0,0,0.0,0.0,0.0,0.0,0.0,0.0,0.0,0.0,0,78
2023-24,33,434,Brandon Aguilera Zamora,MID,Nott'm Forest,16,20,1,2024-04-13T14:00:00Z,0,0,0,0,0,0,0,0,0.0,0.0,0.0,0.0,0.0,0.0,0.0,0.0,0,45
2023-24,33,435,Harry Arter,MID,Nott'm Forest,16,20,1,2024-04-13T14:00:00Z,0,0,0,0,0,0,0,0,0.0,0.0,0.0,0.0,0.0,0.0,0.0,0.0,0,43
2023-24,33,436,Serge Aurier,DEF,Nott'm Forest,16,20,1,2024-04-13T14:00:00Z,0,0,0,0,0,0,0,0,0.0,0.0,0.0,0.0,0.0,0.0,0.0,0.0,0,45
2023-24,33,437,Taiwo Awoniyi,FWD,Nott'm Forest,16,20,1,2024-04-13T14:00:00Z,0,0,0,0,0,0,0,0,0.0,0.0,0.0,0.0,0.0,0.0,0.0,0.0,0,63
2023-24,33,438,Giulian Biancone,DEF,Nott'm Forest,16,20,1,2024-04-13T14:00:00Z,0,0,0,0,0,0,0,0,0.0,0.0,0.0,0.0,0.0,0.0,0.0,0.0,0,39
2023-24,33,439,Willy Boly,DEF,Nott'm Forest,16,20,1,2024-04-13T14:00:00Z,0,0,0,0,0,0,0,0,0.0,0.0,0.0,0.0,0.0,0.0,0.0,0.0,0,45
2023-24,33,440,Josh Bowler,MID,Nott'm Forest,16,20,1,2024-04-13T14:00:00Z,0,0,0,0,0,0,0,0,0.0,0.0,0.0,0.0,0.0,0.0,0.0,0.0,0,45
2023-24,33,441,Steve Cook,DEF,Nott'm Forest,16,20,1,2024-04-13T14:00:00Z,0,0,0,0,0,0,0,0,0.0,0.0,0.0,0.0,0.0,0.0,0.0,0.0,0,45
2023-24,33,442,Danilo dos Santos de Oliveira,MID,Nott'm Forest,16,20,1,2024-04-13T14:00:00Z,88,9,1,0,0,2,2,36,50.4,35.0,55.0,14.0,0.91,0.06,0.97,1.07,1,53
2023-24,33,443,Emmanuel Dennis,FWD,Nott'm Forest,16,20,1,2024-04-13T14:00:00Z,0,0,0,0,0,0,0,0,0.0,0.0,0.0,0.0,0.0,0.0,0.0,0.0,0,48
2023-24,33,444,Mohamed Dräger,DEF,Nott'm Forest,16,20,1,2024-04-13T14:00:00Z,0,0,0,0,0,0,0,0,0.0,0.0,0.0,0.0,0.0,0.0,0.0,0.0,0,40
2023-24,33,445,Felipe Augusto de Almeida Monteiro,DEF,Nott'm Forest,16,20,1,2024-04-13T14:00:00Z,0,0,0,0,0,0,0,0,0.0,0.0,0.0,0.0,0.0,0.0,0.0,0.0,0,44
2023-24,33,446,Remo Freuler,MID,Nott'm Forest,16,20,1,2024-04-13T14:00:00Z,0,0,0,0,0,0,0,0,0.0,0.0,0.0,0.0,0.0,0.0,0.0,0.0,0,49
2023-24,33,447,Morgan Gibbs-White,MID,Nott'm Forest,16,20,1,2024-04-13T14:00:00Z,90,6,1,0,0,2,0,27,42.0,9.7,23.0,7.5,0.1,0.27,0.37,1.07,1,57
2023-24,33,448,Wayne Hennessey,GK,Nott'm Forest,16,20,1,2024-04-13T14:00:00Z,0,0,0,0,0,0,0,0,0.0,0.0,0.0,0.0,0.0,0.0,0.0,0.0,0,39
2023-24,33,449,Ethan Horvath,GK,Nott'm Forest,16,20,1,2024-04-13T14:00:00Z,0,0,0,0,0,0,0,0,0.0,0.0,0.0,0.0,0.0,0.0,0.0,0.0,0,43
2023-24,33,450,Brennan Johnson,MID,Spurs,18,15,0,2024-04-13T11:30:00Z,90,2,0,0,0,4,0,10,4.8,20.8,3.0,2.9,0.03,0.11,0.14,2.86,1,58
2023-24,33,451,Cheikhou Kouyaté,MID,Nott'm Forest,16,20,1,2024-04-13T14:00:00Z,0,0,0,0,0,0,0,0,0.0,0.0,0.0,0.0,0.0,0.0,0.0,0.0,0,48
2023-24,33,452,Richie Laryea,DEF,Nott'm Forest,16,20,1,2024-04-13T14:00:00Z,0,0,0,0,0,0,0,0,0.0,0.0,0.0,0.0,0.0,0.0,0.0,0.0,0,45
2023-24,33,453,Orel Mangala,MID,Nott'm Forest,16,20,1,2024-04-13T14:00:00Z,0,0,0,0,0,0,0,0,0.0,0.0,0.0,0.0,0.0,0.0,0.0,0.0,0,50
2023-24,33,454,Loïc Mbe Soh,DEF,Nott'm Forest,16,20,1,2024-04-13T14:00:00Z,0,0,0,0,0,0,0,0,0.0,0.0,0.0,0.0,0.0,0.0,0.0,0.0,0,40
2023-24,33,455,Scott McKenna,DEF,Nott'm Forest,16,20,1,2024-04-13T14:00:00Z,0,0,0,0,0,0,0,0,0.0,0.0,0.0,0.0,0.0,0.0,0.0,0.0,0,44
2023-24,33,456,Alex Mighten,MID,Nott'm Forest,16,20,1,2024-04-13T14:00:00Z,0,0,0,0,0,0,0,0,0.0,0.0,0.0,0.0,0.0,0.0,0.0,0.0,0,44
2023-24,33,457,Moussa Niakhaté,DEF,Nott'm Forest,16,20,1,2024-04-13T14:00:00Z,0,0,0,0,0,0,0,0,0.0,0.0,0.0,0.0,0.0,0.0,0.0,0.0,0,45
2023-24,33,458,Lewis O'Brien,MID,Nott'm Forest,16,20,1,2024-04-13T14:00:00Z,0,0,0,0,0,0,0,0,0.0,0.0,0.0,0.0,0.0,0.0,0.0,0.0,0,49
2023-24,33,459,Braian Ojeda Rodríguez,MID,Nott'm Forest,16,20,1,2024-04-13T14:00:00Z,0,0,0,0,0,0,0,0,0.0,0.0,0.0,0.0,0.0,0.0,0.0,0.0,0,45
2023-24,33,460,Jonathan Panzo,DEF,Nott'm Forest,16,20,1,2024-04-13T14:00:00Z,0,0,0,0,0,0,0,0,0.0,0.0,0.0,0.0,0.0,0.0,0.0,0.0,0,40
2023-24,33,461,Omar Richards,DEF,Nott'm Forest,16,20,1,2024-04-13T14:00:00Z,0,0,0,0,0,0,0,0,0.0,0.0,0.0,0.0,0.0,0.0,0.0,0.0,0,44
2023-24,33,462,Gustavo Henrique Furtado Scarpa,MID,Nott'm Forest,16,20,1,2024-04-13T14:00:00Z,0,0,0,0,0,0,0,0,0.0,0.0,0.0,0.0,0.0,0.0,0.0,0.0,0,45
2023-24,33,463,Jonjo Shelvey,MID,Nott'm Forest,16,20,1,2024-04-13T14:00:00Z,0,0,0,0,0,0,0,0,0.0,0.0,0.0,0.0,0.0,0.0,0.0,0.0,0,48
2023-24,33,464,Sam Surridge,FWD,Nott'm Forest,16,20,1,2024-04-13T14:00:00Z,0,0,0,0,0,0,0,0,0.0,0.0,0.0,0.0,0.0,0.0,0.0,0.0,0,45
2023-24,33,465,Harry Toffolo,DEF,Nott'm Forest,16,20,1,2024-04-13T14:00:00Z,0,0,0,0,0,0,0,0,0.0,0.0,0.0,0.0,0.0,0.0,0.0,0.0,0,44
2023-24,33,466,Hwang Ui-jo,FWD,Nott'm Forest,16,20,1,2024-04-13T14:00:00Z,0,0,0,0,0,0,0,0,0.0,0.0,0.0,0.0,0.0,0.0,0.0,0.0,0,44
2023-24,33,467,Neco Williams,DEF,Nott'm Forest,16,20,1,2024-04-13T14:00:00Z,90,1,0,0,0,2,0,8,8.8,13.5,28.0,5.0,0.24,0.04,0.28,1.07,1,43
2023-24,33,468,Chris Wood,FWD,Nott'm Forest,16,20,1,2024-04-13T14:00:00Z,90,2,0,0,0,2,0,2,1.2,6.7,8.0,1.6,0.0,0.02,0.02,1.07,1,49
2023-24,33,469,Joe Worrall,DEF,Nott'm Forest,16,20,1,2024-04-13T14:00:00Z,0,0,0,0,0,0,0,0,0.0,0.0,0.0,0.0,0.0,0.0,0.0,0.0,0,43
2023-24,33,470,Ryan Yates,MID,Nott'm Forest,16,20,1,2024-04-13T14:00:00Z,65,2,0,0,0,2,0,5,7.0,11.3,12.0,3.0,0.07,0.01,0.08,1.05,1,48
2023-24,33,471,Anel Ahmedhodžić,DEF,Sheffield Utd,17,4,0,2024-04-13T14:00:00Z,90,1,0,0,0,2,0,7,5.6,0.6,2.0,0.8,0.0,0.04,0.04,1.02,1,43
2023-24,33,472,Jordan Amissah,GK,Sheffield Utd,17,4,0,2024-04-13T14:00:00Z,0,0,0,0,0,0,0,0,0.0,0.0,0.0,0.0,0.0,0.0,0.0,0.0,0,39
2023-24,33,473,George Baldock,DEF,Sheffield Utd,17,4,0,2024-04-13T14:00:00Z,0,0,0,0,0,0,0,0,0.0,0.0,0.0,0.0,0.0,0.0,0.0,0.0,0,38
2023-24,33,474,Chris Basham,DEF,Sheffield Utd,17,4,0,2024-04-13T14:00:00Z,0,0,0,0,0,0,0,0,0.0,0.0,0.0,0.0,0.0,0.0,0.0,0.0,0,39
2023-24,33,475,Sander Berge,MID,Burnley,6,5,1,2024-04-13T14:00:00Z,90,2,0,0,0,1,0,16,12.4,13.6,1.0,2.7,0.05,0.02,0.07,0.91,1,46
2023-24,33,476,Jayden Bogle,DEF,Sheffield Utd,17,4,0,2024-04-13T14:00:00Z,75,2,0,0,0,1,0,6,7.0,0.5,22.0,3.0,0.16,0.0,0.16,0.66,1,45
2023-24,33,477,Rhian Brewster,FWD,Sheffield Utd,17,4,0,2024-04-13T14:00:00Z,0,0,0,0,0,0,0,0,0.0,0.0,0.0,0.0,0.0,0.0,0.0,0.0,0,49
2023-24,33,478,Ismaila Coulibaly,MID,Sheffield Utd,17,4,0,2024-04-13T14:00:00Z,0,0,0,0,0,0,0,0,0.0,0.0,0.0,0.0,0.0,0.0,0.0,0.0,0,44
2023-24,33,479,Adam Davies,GK,Sheffield Utd,17,4,0,2024-04-13T14:00:00Z,0,0,0,0,0,0,0,0,0.0,0.0,0.0,0.0,0.0,0.0,0.0,0.0,0,40
2023-24,33,480,John Egan,DEF,Sheffield Utd,17,4,0,2024-04-13T14:00:00Z,0,0,0,0,0,0,0,0,0.0,0.0,0.0,0.0,0.0,0.0,0.0,0.0,0,42
2023-24,33,481,John Fleck,MID,Sheffield Utd,17,4,0,2024-04-13T14:00:00Z,0,0,0,0,0,0,0,0,0.0,0.0,0.0,0.0,0.0,0.0,0.0,0.0,0,49
2023-24,33,482,Wes Foderingham,GK,Sheffield Utd,17,4,0,2024-04-13T14:00:00Z,0,0,0,0,0,0,0,0,0.0,0.0,0.0,0.0,0.0,0.0,0.0,0.0,0,44
2023-24,33,483,Daniel Jebbison,FWD,Sheffield Utd,17,4,0,2024-04-13T14:00:00Z,0,0,0,0,0,0,0,0,0.0,0.0,0.0,0.0,0.0,0.0,0.0,0.0,0,48
2023-24,33,484,Max Lowe,DEF,Sheffield Utd,17,4,0,2024-04-13T14:00:00Z,0,0,0,0,0,0,0,0,0.0,0.0,0.0,0.0,0.0,0.0,0.0,0.0,0,43
2023-24,33,485,Oliver McBurnie,FWD,Sheffield Utd,17,4,0,2024-04-13T14:00:00Z,90,2,0,0,0,2,0,9,7.8,5.8,9.0,2.3,0.05,0.26,0.31,1.02,1,54
2023-24,33,486,Iliman Ndiaye,FWD,Sheffield Utd,17,4,0,2024-04-13T14:00:00Z,0,0,0,0,0,0,0,0,0.0,0.0,0.0,0.0,0.0,0.0,0.0,0.0,0,55
2023-24,33,487,Rhys Norrington-Davies,DEF,Sheffield Utd,17,4,0,2024-04-13T14:00:00Z,0,0,0,0,0,0,0,0,0.0,0.0,0.0,0.0,0.0,0.0,0.0,0.0,0,39
2023-24,33,488,Oliver Norwood,MID,Sheffield Utd,17,4,0,2024-04-13T14:00:00Z,0,0,0,0,0,0,0,0,0.0,0.0,0.0,0.0,0.0,0.0,0.0,0.0,0,48
2023-24,33,489,Ben Osborn,MID,Sheffield Utd,17,4,0,2024-04-13T14:00:00Z,90,2,0,0,0,2,0,13,18.4,21.0,2.0,4.1,0.01,0.2,0.21,1.02,1,48
2023-24,33,490,William Osula,FWD,Sheffield Utd,17,4,0,2024-04-13T14:00:00Z,0,0,0,0,0,0,0,0,0.0,0.0,0.0,0.0,0.0,0.0,0.0,0.0,0,43
2023-24,33,491,Brandon Austin,GK,Spurs,18,15,0,2024-04-13T11:30:00Z,0,0,0,0,0,0,0,0,0.0,0.0,0.0,0.0,0.0,0.0,0.0,0.0,0,39
2023-24,33,492,Rodrigo Bentancur,MID,Spurs,18,15,0,2024-04-13T11:30:00Z,56,1,0,0,0,3,0,8,8.8,2.9,5.0,1.7,0.1,0.03,0.13,2.47,1,54
2023-24,33,493,Yves Bissouma,MID,Spurs,18,15,0,2024-04-13T11:30:00Z,56,0,0,0,0,3,0,4,8.0,2.4,0.0,1.0,0.0,0.01,0.01,2.47,1,50
2023-24,33,494,Bryan Gil Salvatierra,MID,Spurs,18,15,0,2024-04-13T11:30:00Z,0,0,0,0,0,0,0,0,0.0,0.0,0.0,0.0,0.0,0.0,0.0,0.0,0,49
2023-24,33,495,Ben Davies,DEF,Spurs,18,15,0,2024-04-13T11:30:00Z,0,0,0,0,0,0,0,0,0.0,0.0,0.0,0.0,0.0,0.0,0.0,0.0,0,43
2023-24,33,496,Eric Dier,DEF,Spurs,18,15,0,2024-04-13T11:30:00Z,0,0,0,0,0,0,0,0,0.0,0.0,0.0,0.0,0.0,0.0,0.0,0.0,0,42
2023-24,33,497,Emerson Leite de Souza Junior,DEF,Spurs,18,15,0,2024-04-13T11:30:00Z,41,0,0,0,0,2,0,10,5.6,7.1,2.0,1.5,0.0,0.06,0.06,1.0,0,43
2023-24,33,498,Fraser Forster,GK,Spurs,18,15,0,2024-04-13T11:30:00Z,0,0,0,0,0,0,0,0,0.0,0.0,0.0,0.0,0.0,0.0,0.0,0.0,0,38
2023-24,33,499,Pierre-Emile Højbjerg,MID,Spurs,18,15,0,2024-04-13T11:30:00Z,33,1,0,0,0,1,0,9,7.6,17.3,2.0,2.7,0.03,0.06,0.09,0.39,0,51
2023-24,33,500,Harry Kane,FWD,Spurs,18,15,0,2024-04-13T11:30:00Z,0,0,0,0,0,0,0,0,0.0,0.0,0.0,0.0,0.0,0.0,0.0,0.0,0,125
2023-24,33,501,Dejan Kulusevski,MID,Spurs,18,15,0,2024-04-13T11:30:00Z,32,1,0,0,0,1,0,8,10.6,8.1,14.0,3.3,0.08,0.03,0.11,0.39,0,68
2023-24,33,502,Hugo Lloris,GK,Spurs,18,15,0,2024-04-13T11:30:00Z,0,0,0,0,0,0,0,0,0.0,0.0,0.0,0.0,0.0,0.0,0.0,0.0,0,47
2023-24,33,503,Giovani Lo Celso,MID,Spurs,18,15,0,2024-04-13T11:30:00Z,9,1,0,0,0,1,0,6,3.6,3.3,0.0,0.7,0.0,0.02,0.02,0.17,0,48
2023-24,33,504,James Maddison,MID,Spurs,18,15,0,2024-04-13T11:30:00Z,80,1,0,0,0,3,0,10,18.8,52.7,20.0,9.2,0.05,0.26,0.31,2.68,1,79
2023-24,33,505,Tanguy Ndombélé Alvaro,MID,Spurs,18,15,0,2024-04-13T11:30:00Z,0,0,0,0,0,0,0,0,0.0,0.0,0.0,0.0,0.0,0.0,0.0,0.0,0,44
2023-24,33,506,Pedro Porro,DEF,Spurs,18,15,0,2024-04-13T11:30:00Z,48,0,0,0,0,2,0,1,12.2,2.3,0.0,1.5,0.0,0.01,0.01,1.85,1,59
2023-24,33,507,Ivan Perišić,DEF,Spurs,18,15,0,2024-04-13T11:30:00Z,0,0,0,0,0,0,0,0,0.0,0.0,0.0,0.0,0.0,0.0,0.0,0.0,0,47
2023-24,33,508,Sergio Reguilón,DEF,Brentford,4,17,1,2024-04-13T14:00:00Z,90,8,0,0,1,0,2,27,28.0,40.8,6.0,7.5,0.08,0.14,0.22,0.84,1,44
2023-24,33,509,Richarlison de Andrade,MID,Spurs,18,15,0,2024-04-13T11:30:00Z,0,0,0,0,0,0,0,0,0.0,0.0,0.0,0.0,0.0,0.0,0.0,0.0,0,68
2023-24,33,510,Joe Rodon,DEF,Spurs,18,15,0,2024-04-13T11:30:00Z,0,0,0,0,0,0,0,0,0.0,0.0,0.0,0.0,0.0,0.0,0.0,0.0,0,40
2023-24,33,511,Cristian Romero,DEF,Spurs,18,15,0,2024-04-13T11:30:00Z,90,-1,0,0,0,4,0,10,10.2,4.9,0.0,1.5,0.0,0.23,0.23,2.86,1,52
2023-24,33,512,Davinson Sánchez,DEF,Spurs,18,15,0,2024-04-13T11:30:00Z,0,0,0,0,0,0,0,0,0.0,0.0,0.0,0.0,0.0,0.0,0.0,0.0,0,44
2023-24,33,513,Pape Matar Sarr,MID,Spurs,18,15,0,2024-04-13T11:30:00Z,33,1,0,0,0,1,0,5,4.2,4.8,0.0,0.9,0.0,0.03,0.03,0.39,0,44
2023-24,33,514,Ryan Sessegnon,DEF,Spurs,18,15,0,2024-04-13T11:30:00Z,0,0,0,0,0,0,0,0,0.0,0.0,0.0,0.0,0.0,0.0,0.0,0.0,0,44
2023-24,33,515,Oliver Skipp,MID,Spurs,18,15,0,2024-04-13T11:30:00Z,0,0,0,0,0,0,0,0,0.0,0.0,0.0,0.0,0.0,0.0,0.0,0.0,0,45
2023-24,33,516,Son Heung-min,MID,Spurs,18,15,0,2024-04-13T11:30:00Z,57,1,0,0,0,3,0,3,3.2,23.0,6.0,3.2,0.0,0.02,0.02,2.47,1,100
2023-24,33,517,Djed Spence,DEF,Spurs,18,15,0,2024-04-13T11:30:00Z,0,0,0,0,0,0,0,0,0.0,0.0,0.0,0.0,0.0,0.0,0.0,0.0,0,40
2023-24,33,518,Japhet Tanganga,DEF,Spurs,18,15,0,2024-04-13T11:30:00Z,0,0,0,0,0,0,0,0,0.0,0.0,0.0,0.0,0.0,0.0,0.0,0.0,0,40
2023-24,33,519,Destiny Udogie,DEF,Spurs,18,15,0,2024-04-13T11:30:00Z,90,0,0,0,0,4,0,12,13.0,16.2,2.0,3.1,0.0,0.03,0.03,2.86,1,50
2023-24,33,520,Guglielmo Vicario,GK,Spurs,18,15,0,2024-04-13T11:30:00Z,90,0,0,0,0,4,0,9,12.8,0.0,0.0,1.3,0.0,0.0,0.0,2.86,1,53
2023-24,33,521,Alfie Whiteman,GK,Spurs,18,15,0,2024-04-13T11:30:00Z,0,0,0,0,0,0,0,0,0.0,0.0,0.0,0.0,0.0,0.0,0.0,0.0,0,39
2023-24,33,522,Nayef Aguerd,DEF,West Ham,19,10,1,2024-04-14T13:00:00Z,90,1,0,0,0,2,0,18,26.4,11.3,4.0,4.2,0.0,0.01,0.01,3.29,1,44
2023-24,33,523,Michail Antonio,FWD,West Ham,19,10,1,2024-04-14T13:00:00Z,81,2,0,0,0,2,0,1,0.0,4.3,6.0,1.0,0.22,0.01,0.22,3.24,1,57
2023-24,33,524,Alphonse Areola,GK,West Ham,19,10,1,2024-04-14T13:00:00Z,0,0,0,0,0,0,0,0,0.0,0.0,0.0,0.0,0.0,0.0,0.0,0.0,0,42
2023-24,33,525,Saïd Benrahma,MID,West Ham,19,10,1,2024-04-14T13:00:00Z,0,0,0,0,0,0,0,0,0.0,0.0,0.0,0.0,0.0,0.0,0.0,0.0,0,56
2023-24,33,526,Jarrod Bowen,MID,West Ham,19,10,1,2024-04-14T13:00:00Z,0,0,0,0,0,0,0,0,0.0,0.0,0.0,0.0,0.0,0.0,0.0,0.0,0,78
2023-24,33,527,Maxwel Cornet,MID,West Ham,19,10,1,2024-04-14T13:00:00Z,1,1,0,0,0,0,0,2,0.0,1.8,0.0,0.2,0.0,0.0,0.0,0.05,0,52
2023-24,33,528,Vladimír Coufal,DEF,West Ham,19,10,1,2024-04-14T13:00:00Z,68,2,0,0,0,1,0,9,3.8,1.9,8.0,1.4,0.07,0.01,0.08,1.93,1,46
2023-24,33,529,Conor Coventry,MID,West Ham,19,10,1,2024-04-14T13:00:00Z,0,0,0,0,0,0,0,0,0.0,0.0,0.0,0.0,0.0,0.0,0.0,0.0,0,43
2023-24,33,530,Aaron Cresswell,DEF,West Ham,19,10,1,2024-04-14T13:00:00Z,0,0,0,0,0,0,0,0,0.0,0.0,0.0,0.0,0.0,0.0,0.0,0.0,0,42
2023-24,33,531,Flynn Downes,MID,West Ham,19,10,1,2024-04-14T13:00:00Z,0,0,0,0,0,0,0,0,0.0,0.0,0.0,0.0,0.0,0.0,0.0,0.0,0,50
2023-24,33,532,Emerson Palmieri dos Santos,DEF,West Ham,19,10,1,2024-04-14T13:00:00Z,90,1,0,0,0,2,0,12,24.6,17.4,0.0,4.2,0.0,0.04,0.04,3.29,1,44
2023-24,33,533,Lukasz Fabianski,GK,West Ham,19,10,1,2024-04-14T13:00:00Z,90,3,0,0,0,2,0,26,56.8,0.0,0.0,5.7,0.0,0.0,0.0,3.29,1,42
2023-24,33,534,Pablo Fornals Malla,MID,West Ham,19,10,1,2024-04-14T13:00:00Z,0,0,0,0,0,0,0,0,0.0,0.0,0.0,0.0,0.0,0.0,0.0,0.0,0,46
2023-24,33,535,Danny Ings,FWD,West Ham,19,10,1,2024-04-14T13:00:00Z,90,2,0,0,0,2,0,2,0.0,5.5,29.0,3.4,0.15,0.02,0.17,3.29,1,55
2023-24,33,536,Ben Johnson,DEF,West Ham,19,10,1,2024-04-14T13:00:00Z,21,1,0,0,0,1,0,1,3.6,1.7,0.0,0.5,0.0,0.01,0.01,1.36,0,44
2023-24,33,537,Thilo Kehrer,DEF,West Ham,19,10,1,2024-04-14T13:00:00Z,0,0,0,0,0,0,0,0,0.0,0.0,0.0,0.0,0.0,0.0,0.0,0.0,0,42
2023-24,33,538,Divin Mubama,FWD,West Ham,19,10,1,2024-04-14T13:00:00Z,0,0,0,0,0,0,0,0,0.0,0.0,0.0,0.0,0.0,0.0,0.0,0.0,0,41
2023-24,33,539,Lucas Tolentino Coelho de Lima,MID,West Ham,19,10,1,2024-04-14T13:00:00Z,90,1,0,0,0,2,0,10,15.2,37.8,43.0,9.6,0.19,0.15,0.34,3.29,1,60
2023-24,33,540,Declan Rice,MID,Arsenal,1,2,1,2024-04-14T15:30:00Z,90,2,0,0,0,2,0,14,7.4,4.4,7.0,1.9,0.05,0.06,0.11,1.13,1,55
2023-24,33,541,Gianluca Scamacca,FWD,West Ham,19,10,1,2024-04-14T13:00:00Z,0,0,0,0,0,0,0,0,0.0,0.0,0.0,0.0,0.0,0.0,0.0,0.0,0,60
2023-24,33,542,Tomáš Souček,MID,West Ham,19,10,1,2024-04-14T13:00:00Z,21,1,0,0,0,1,0,5,5.2,10.9,0.0,1.6,0.0,0.01,0.01,1.36,0,49
2023-24,33,543,Nikola Vlašić,MID,West Ham,19,10,1,2024-04-14T13:00:00Z,0,0,0,0,0,0,0,0,0.0,0.0,0.0,0.0,0.0,0.0,0.0,0.0,0,45
2023-24,33,544,Kurt Zouma,DEF,West Ham,19,10,1,2024-04-14T13:00:00Z,30,1,0,0,0,1,0,4,2.8,0.3,0.0,0.3,0.0,0.0,0.0,1.49,0,45
2023-24,33,545,Rayan Aït-Nouri,DEF,Wolves,20,16,0,2024-04-13T14:00:00Z,0,0,0,0,0,0,0,0,0.0,0.0,0.0,0.0,0.0,0.0,0.0,0.0,0,48
2023-24,33,546,Daniel Bentley,GK,Wolves,20,16,0,2024-04-13T14:00:00Z,0,0,0,0,0,0,0,0,0.0,0.0,0.0,0.0,0.0,0.0,0.0,0.0,0,39
2023-24,33,547,Bendegúz Bolla,DEF,Wolves,20,16,0,2024-04-13T14:00:00Z,0,0,0,0,0,0,0,0,0.0,0.0,0.0,0.0,0.0,0.0,0.0,0.0,0,40
2023-24,33,548,Hugo Bueno López,DEF,Wolves,20,16,0,2024-04-13T14:00:00Z,31,1,0,0,0,0,0,4,8.6,4.7,0.0,1.3,0.0,0.0,0.0,0.37,0,44
2023-24,33,549,Francisco Jorge Tomás Oliveira,MID,Wolves,20,16,0,2024-04-13T14:00:00Z,0,0,0,0,0,0,0,0,0.0,0.0,0.0,0.0,0.0,0.0,0.0,0.0,0,45
2023-24,33,550,Luke Cundle,MID,Wolves,20,16,0,2024-04-13T14:00:00Z,0,0,0,0,0,0,0,0,0.0,0.0,0.0,0.0,0.0,0.0,0.0,0.0,0,45
2023-24,33,551,Craig Dawson,DEF,Wolves,20,16,0,2024-04-13T14:00:00Z,0,0,0,0,0,0,0,0,0.0,0.0,0.0,0.0,0.0,0.0,0.0,0.0,0,45
2023-24,33,552,Fábio Silva,FWD,Wolves,20,16,0,2024-04-13T14:00:00Z,0,0,0,0,0,0,0,0,0.0,0.0,0.0,0.0,0.0,0.0,0.0,0.0,0,52
2023-24,33,553,Ryan Giles,DEF,Luton,12,13,0,2024-04-13T14:00:00Z,0,0,0,0,0,0,0,0,0.0,0.0,0.0,0.0,0.0,0.0,0.0,0.0,0,42
2023-24,33,554,Gonçalo Manuel Ganchinho Guedes,MID,Wolves,20,16,0,2024-04-13T14:00:00Z,0,0,0,0,0,0,0,0,0.0,0.0,0.0,0.0,0.0,0.0,0.0,0.0,0,54
2023-24,33,555,Joe Hodge,MID,Wolves,20,16,0,2024-04-13T14:00:00Z,0,0,0,0,0,0,0,0,0.0,0.0,0.0,0.0,0.0,0.0,0.0,0.0,0,44
2023-24,33,556,Ki-Jana Hoever,DEF,Wolves,20,16,0,2024-04-13T14:00:00Z,0,0,0,0,0,0,0,0,0.0,0.0,0.0,0.0,0.0,0.0,0.0,0.0,0,40
2023-24,33,557,Hwang Hee-chan,MID,Wolves,20,16,0,2024-04-13T14:00:00Z,31,1,0,0,0,0,0,2,0.2,0.7,7.0,0.8,0.14,0.0,0.14,0.37,0,54
2023-24,33,558,Raúl Jiménez,FWD,Fulham,10,19,0,2024-04-14T13:00:00Z,0,0,0,0,0,0,0,0,0.0,0.0,0.0,0.0,0.0,0.0,0.0,0.0,0,50
2023-24,33,559,João Victor Gomes da Silva,MID,Wolves,20,16,0,2024-04-13T14:00:00Z,58,0,0,0,0,2,0,1,1.4,5.5,5.0,1.2,0.08,0.01,0.09,1.53,1,49
2023-24,33,560,Jonathan Castro Otto,DEF,Wolves,20,16,0,2024-04-13T14:00:00Z,0,0,0,0,0,0,0,0,0.0,0.0,0.0,0.0,0.0,0.0,0.0,0.0,0,43
2023-24,33,561,Bruno Cavaco Jordão,MID,Wolves,20,16,0,2024-04-13T14:00:00Z,0,0,0,0,0,0,0,0,0.0,0.0,0.0,0.0,0.0,0.0,0.0,0.0,0,43
2023-24,33,562,Sasa Kalajdzic,FWD,Wolves,20,16,0,2024-04-13T14:00:00Z,0,0,0,0,0,0,0,0,0.0,0.0,0.0,0.0,0.0,0.0,0.0,0.0,0,49
2023-24,33,563,Max Kilman,DEF,Wolves,20,16,0,2024-04-13T14:00:00Z,90,1,0,0,0,2,0,16,27.0,10.4,5.0,4.2,0.02,0.0,0.02,1.9,1,45
2023-24,33,564,Tom King,GK,Wolves,20,16,0,2024-04-13T14:00:00Z,0,0,0,0,0,0,0,0,0.0,0.0,0.0,0.0,0.0,0.0,0.0,0.0,0,39
2023-24,33,565,Mario Lemina,MID,Wolves,20,16,0,2024-04-13T14:00:00Z,90,1,0,0,0,2,0,12,8.6,13.5,0.0,2.2,0.0,0.01,0.01,1.9,1,49
2023-24,33,566,Matheus Luiz Nunes,MID,Man City,13,12,1,2024-04-13T14:00:00Z,90,2,0,0,0,1,0,5,7.4,26.8,45.0,7.9,0.39,0.16,0.55,0.49,1,47
2023-24,33,567,Pedro Lomba Neto,MID,Wolves,20,16,0,2024-04-13T14:00:00Z,0,0,0,0,0,0,0,0,0.0,0.0,0.0,0.0,0.0,0.0,0.0,0.0,0,55
2023-24,33,568,Daniel Castelo Podence,MID,Wolves,20,16,0,2024-04-13T14:00:00Z,0,0,0,0,0,0,0,0,0.0,0.0,0.0,0.0,0.0,0.0,0.0,0.0,0,53
2023-24,33,569,José Malheiro de Sá,GK,Wolves,20,16,0,2024-04-13T14:00:00Z,90,8,0,1,0,2,2,36,69.4,10.0,0.0,7.9,0.0,0.0,0.0,1.9,1,50
2023-24,33,570,Pablo Sarabia,MID,Wolves,20,16,0,2024-04-13T14:00:00Z,87,2,0,0,0,2,0,2,1.4,29.6,6.0,3.7,0.15,0.13,0.28,1.88,1,47
2023-24,33,571,Matija Šarkić,GK,Wolves,20,16,0,2024-04-13T14:00:00Z,0,0,0,0,0,0,0,0,0.0,0.0,0.0,0.0,0.0,0.0,0.0,0.0,0,40
2023-24,33,572,Nélson Cabral Semedo,DEF,Wolves,20,16,0,2024-04-13T14:00:00Z,87,1,0,0,0,2,0,7,3.2,13.7,2.0,1.9,0.01,0.02,0.03,1.88,1,45
2023-24,33,573,Toti António Gomes,DEF,Wolves,20,16,0,2024-04-13T14:00:00Z,90,4,0,1,0,2,0,26,19.2,1.2,35.0,5.5,0.23,0.0,0.23,1.9,1,44
2023-24,33,574,Boubacar Traoré,MID,Wolves,20,16,0,2024-04-13T14:00:00Z,14,1,0,0,0,0,0,2,1.6,0.3,0.0,0.2,0.0,0.0,0.0,0.23,0,43
2023-24,33,575,Tom Lockyer,DEF,Luton,12,13,0,2024-04-13T14:00:00Z,0,0,0,0,0,0,0,0,0.0,0.0,0.0,0.0,0.0,0.0,0.0,0.0,0,42
2023-24,33,576,Jack Robinson,DEF,Sheffield Utd,17,4,0,2024-04-13T14:00:00Z,0,0,0,0,0,0,0,0,0.0,0.0,0.0,0.0,0.0,0.0,0.0,0.0,0,43
2023-24,33,577,Angelo Ogbonna,DEF,West Ham,19,10,1,2024-04-14T13:00:00Z,0,0,0,0,0,0,0,0,0.0,0.0,0.0,0.0,0.0,0.0,0.0,0.0,0,42
2023-24,33,578,Reiss Nelson,MID,Arsenal,1,2,1,2024-04-14T15:30:00Z,0,0,0,0,0,0,0,0,0.0,0.0,0.0,0.0,0.0,0.0,0.0,0.0,0,48
2023-24,33,579,Andy Lonergan,GK,Everton,9,7,0,2024-04-15T19:00:00Z,0,0,0,0,0,0,0,0,0.0,0.0,0.0,0.0,0.0,0.0,0.0,0.0,0,39
2023-24,33,580,Loris Karius,GK,Newcastle,15,18,1,2024-04-13T11:30:00Z,0,0,0,0,0,0,0,0,0.0,0.0,0.0,0.0,0.0,0.0,0.0,0.0,0,39
2023-24,33,581,Paul Dummett,DEF,Newcastle,15,18,1,2024-04-13T11:30:00Z,1,1,0,0,0,0,0,3,2.0,0.0,0.0,0.2,0.0,0.0,0.0,0.0,0,39
2023-24,33,582,Pelly Ruddock Mpanzu,MID,Luton,12,13,0,2024-04-13T14:00:00Z,13,1,0,0,0,2,0,2,0.0,1.3,6.0,0.7,0.07,0.0,0.07,0.96,0,46
2023-24,33,583,Manor Solomon,MID,Spurs,18,15,0,2024-04-13T11:30:00Z,0,0,0,0,0,0,0,0,0.0,0.0,0.0,0.0,0.0,0.0,0.0,0.0,0,51
2023-24,33,584,Pau Torres,DEF,Aston Villa,2,1,0,2024-04-14T15:30:00Z,90,6,0,0,1,0,0,21,24.2,1.4,2.0,2.8,0.0,0.01,0.01,1.62,1,46
2023-24,33,585,Jurriën Timber,DEF,Arsenal,1,2,1,2024-04-14T15:30:00Z,0,0,0,0,0,0,0,0,0.0,0.0,0.0,0.0,0.0,0.0,0.0,0.0,0,46
2023-24,33,586,Tahith Chong,MID,Luton,12,13,0,2024-04-13T14:00:00Z,90,2,0,0,0,5,0,10,7.0,0.3,0.0,0.7,0.0,0.0,0.0,4.26,1,46
2023-24,33,587,Anis Slimane,MID,Sheffield Utd,17,4,0,2024-04-13T14:00:00Z,1,1,0,0,0,1,0,3,5.0,0.0,0.0,0.5,0.0,0.0,0.0,0.32,0,47
2023-24,33,588,Ashley Young,DEF,Everton,9,7,0,2024-04-15T19:00:00Z,90,-2,0,0,0,6,0,0,0.0,10.8,4.0,1.4,0.0,0.01,0.01,2.96,1,44
2023-24,33,589,Ângelo Gabriel Borges Damaceno,MID,Chelsea,7,9,1,2024-04-15T19:00:00Z,0,0,0,0,0,0,0,0,0.0,0.0,0.0,0.0,0.0,0.0,0.0,0.0,0,50
2023-24,33,590,Matheus Santos Carneiro Da Cunha,FWD,Wolves,20,16,0,2024-04-13T14:00:00Z,75,12,2,0,0,2,3,49,66.4,14.7,56.0,13.7,0.52,0.03,0.55,1.67,1,55
2023-24,33,591,Willian Borges da Silva,MID,Fulham,10,19,0,2024-04-14T13:00:00Z,90,3,0,0,1,0,0,17,15.2,34.1,27.0,7.6,0.19,0.24,0.43,0.93,1,53
2023-24,33,592,Yasser Larouci,DEF,Sheffield Utd,17,4,0,2024-04-13T14:00:00Z,56,1,0,0,0,0,0,8,8.8,11.3,5.0,2.5,0.04,0.01,0.05,0.66,1,43
2023-24,33,593,Bénie Traoré,FWD,Sheffield Utd,17,4,0,2024-04-13T14:00:00Z,0,0,0,0,0,0,0,0,0.0,0.0,0.0,0.0,0.0,0.0,0.0,0.0,0,51
2023-24,33,594,Zeki Amdouni,FWD,Burnley,6,5,1,2024-04-13T14:00:00Z,0,0,0,0,0,0,0,0,0.0,0.0,0.0,0.0,0.0,0.0,0.0,0.0,0,52
2023-24,33,595,Milos Kerkez,DEF,Bournemouth,3,14,1,2024-04-13T16:30:00Z,90,1,0,0,0,2,0,8,13.4,16.7,37.0,6.7,0.68,0.1,0.78,1.18,1,44
2023-24,33,596,James Trafford,GK,Burnley,6,5,1,2024-04-13T14:00:00Z,0,0,0,0,0,0,0,0,0.0,0.0,0.0,0.0,0.0,0.0,0.0,0.0,0,45
2023-24,33,597,André Onana,GK,Man Utd,14,3,0,2024-04-13T16:30:00Z,90,2,0,0,0,2,0,14,28.6,0.0,0.0,2.9,0.0,0.0,0.0,1.75,1,49
2023-24,33,598,Matt Doherty,DEF,Wolves,20,16,0,2024-04-13T14:00:00Z,58,0,0,0,0,2,0,3,2.8,1.9,2.0,0.7,0.0,0.02,0.02,1.53,1,43
2023-24,33,599,Moussa Diaby,MID,Aston Villa,2,1,0,2024-04-14T15:30:00Z,60,3,0,0,1,0,0,11,3.8,1.6,2.0,0.7,0.04,0.01,0.05,1.52,1,63
2023-24,33,600,Nathan Redmond,MID,Burnley,6,5,1,2024-04-13T14:00:00Z,0,0,0,0,0,0,0,0,0.0,0.0,0.0,0.0,0.0,0.0,0.0,0.0,0,47
2023-24,33,601,Arnaut Danjuma Groeneveld,MID,Everton,9,7,0,2024-04-15T19:00:00Z,0,0,0,0,0,0,0,0,0.0,0.0,0.0,0.0,0.0,0.0,0.0,0.0,0,52
2023-24,33,602,Issa Kaboré,DEF,Luton,12,13,0,2024-04-13T14:00:00Z,0,0,0,0,0,0,0,0,0.0,0.0,0.0,0.0,0.0,0.0,0.0,0.0,0,40
2023-24,33,603,Harvey Barnes,MID,Newcastle,15,18,1,2024-04-13T11:30:00Z,87,3,0,0,1,0,0,13,6.0,36.6,17.0,6.0,0.15,0.19,0.34,0.73,1,62
2023-24,33,604,Olu Aina,DEF,Nott'm Forest,16,20,1,2024-04-13T14:00:00Z,88,1,0,0,0,2,0,18,16.4,13.5,2.0,3.2,0.0,0.06,0.06,1.07,1,45
2023-24,33,605,Luca Koleosho,MID,Burnley,6,5,1,2024-04-13T14:00:00Z,0,0,0,0,0,0,0,0,0.0,0.0,0.0,0.0,0.0,0.0,0.0,0.0,0,48
2023-24,33,606,Igor Julio dos Santos de Paulo,DEF,Brighton,5,6,0,2024-04-13T14:00:00Z,77,2,0,0,0,1,0,16,17.2,11.8,0.0,2.9,0.0,0.01,0.01,1.63,0,43
2023-24,33,607,Ionuț Radu,GK,Bournemouth,3,14,1,2024-04-13T16:30:00Z,0,0,0,0,0,0,0,0,0.0,0.0,0.0,0.0,0.0,0.0,0.0,0.0,0,43
2023-24,33,608,Jacob Bruun Larsen,MID,Burnley,6,5,1,2024-04-13T14:00:00Z,85,2,0,0,0,1,0,3,1.6,15.9,19.0,3.7,0.44,0.07,0.51,0.81,1,48
2023-24,33,609,Ian Maatsen,MID,Chelsea,7,9,1,2024-04-15T19:00:00Z,0,0,0,0,0,0,0,0,0.0,0.0,0.0,0.0,0.0,0.0,0.0,0.0,0,51
2023-24,33,610,Calvin Bassey,DEF,Fulham,10,19,0,2024-04-14T13:00:00Z,90,7,0,0,1,0,1,29,28.8,0.3,0.0,2.9,0.0,0.0,0.0,0.93,1,44
2023-24,33,611,Axel Disasi,DEF,Chelsea,7,9,1,2024-04-15T19:00:00Z,0,0,0,0,0,0,0,0,0.0,0.0,0.0,0.0,0.0,0.0,0.0,0.0,0,49
2023-24,33,613,Lesley Ugochukwu,MID,Chelsea,7,9,1,2024-04-15T19:00:00Z,0,0,0,0,0,0,0,0,0.0,0.0,0.0,0.0,0.0,0.0,0.0,0.0,0,44
2023-24,33,614,Thomas Kaminski,GK,Luton,12,13,0,2024-04-13T14:00:00Z,90,3,0,0,0,5,0,27,59.2,0.0,0.0,5.9,0.0,0.0,0.0,4.26,1,45
2023-24,33,615,Matheus França de Oliveira,MID,Crystal Palace,8,11,0,2024-04-14T13:00:00Z,0,0,0,0,0,0,0,0,0.0,0.0,0.0,0.0,0.0,0.0,0.0,0.0,0,48
2023-24,33,616,Joško Gvardiol,DEF,Man City,13,12,1,2024-04-13T14:00:00Z,90,12,1,1,0,1,1,32,64.0,28.9,43.0,13.6,0.31,0.14,0.45,0.49,1,48
2023-24,33,617,Rasmus Højlund,FWD,Man Utd,14,3,0,2024-04-13T16:30:00Z,90,2,0,0,0,2,0,3,2.0,5.5,10.0,1.8,0.0,0.04,0.04,1.75,1,70
2023-24,33,618,Omari Kellyman,MID,Aston Villa,2,1,0,2024-04-14T15:30:00Z,0,0,0,0,0,0,0,0,0.0,0.0,0.0,0.0,0.0,0.0,0.0,0.0,0,45
2023-24,33,619,Ben Greenwood,DEF,Bournemouth,3,14,1,2024-04-13T16:30:00Z,0,0,0,0,0,0,0,0,0.0,0.0,0.0,0.0,0.0,0.0,0.0,0.0,0,40
2023-24,33,620,Michael Olakigbe,MID,Brentford,4,17,1,2024-04-13T14:00:00Z,0,0,0,0,0,0,0,0,0.0,0.0,0.0,0.0,0.0,0.0,0.0,0.0,0,45
2023-24,33,621,Jack Hinshelwood,MID,Brighton,5,6,0,2024-04-13T14:00:00Z,0,0,0,0,0,0,0,0,0.0,0.0,0.0,0.0,0.0,0.0,0.0,0.0,0,45
2023-24,33,622,Owen Dodgson,DEF,Burnley,6,5,1,2024-04-13T14:00:00Z,0,0,0,0,0,0,0,0,0.0,0.0,0.0,0.0,0.0,0.0,0.0,0.0,0,40
2023-24,33,623,Mason Burstow,FWD,Chelsea,7,9,1,2024-04-15T19:00:00Z,0,0,0,0,0,0,0,0,0.0,0.0,0.0,0.0,0.0,0.0,0.0,0.0,0,45
2023-24,33,624,Lewis Dobbin,MID,Everton,9,7,0,2024-04-15T19:00:00Z,0,0,0,0,0,0,0,0,0.0,0.0,0.0,0.0,0.0,0.0,0.0,0.0,0,45
2023-24,33,625,Luc De Fougerolles,DEF,Fulham,10,19,0,2024-04-14T13:00:00Z,0,0,0,0,0,0,0,0,0.0,0.0,0.0,0.0,0.0,0.0,0.0,0.0,0,39
2023-24,33,626,Jarell Quansah,DEF,Liverpool,11,8,1,2024-04-14T13:00:00Z,0,0,0,0,0,0,0,0,0.0,0.0,0.0,0.0,0.0,0.0,0.0,0.0,0,40
2023-24,33,627,Bobby Clark,MID,Liverpool,11,8,1,2024-04-14T13:00:00Z,0,0,0,0,0,0,0,0,0.0,0.0,0.0,0.0,0.0,0.0,0.0,0.0,0,44
2023-24,33,628,Ben Doak,MID,Liverpool,11,8,1,2024-04-14T13:00:00Z,0,0,0,0,0,0,0,0,0.0,0.0,0.0,0.0,0.0,0.0,0.0,0.0,0,43
2023-24,33,629,James McConnell,MID,Liverpool,11,8,1,2024-04-14T13:00:00Z,0,0,0,0,0,0,0,0,0.0,0.0,0.0,0.0,0.0,0.0,0.0,0.0,0,44
2023-24,33,630,Ross Barkley,MID,Luton,12,13,0,2024-04-13T14:00:00Z,90,7,1,0,0,5,0,24,38.0,0.6,17.0,5.6,0.17,0.0,0.17,4.26,1,47
2023-24,33,631,Jacob Brown,FWD,Luton,12,13,0,2024-04-13T14:00:00Z,0,0,0,0,0,0,0,0,0.0,0.0,0.0,0.0,0.0,0.0,0.0,0.0,0,49
2023-24,33,632,Omari Forson,MID,Man Utd,14,3,0,2024-04-13T16:30:00Z,0,0,0,0,0,0,0,0,0.0,0.0,0.0,0.0,0.0,0.0,0.0,0.0,0,44
2023-24,33,633,Tino Livramento,DEF,Newcastle,15,18,1,2024-04-13T11:30:00Z,12,1,0,0,0,0,0,4,3.2,4.3,0.0,0.8,0.0,0.0,0.0,0.0,0,40
2023-24,33,634,Alex Murphy,DEF,Newcastle,15,18,1,2024-04-13T11:30:00Z,0,0,0,0,0,0,0,0,0.0,0.0,0.0,0.0,0.0,0.0,0.0,0.0,0,39
2023-24,33,635,Lewis Miley,MID,Newcastle,15,18,1,2024-04-13T11:30:00Z,0,0,0,0,0,0,0,0,0.0,0.0,0.0,0.0,0.0,0.0,0.0,0.0,0,45
2023-24,33,636,George Shelvey,GK,Nott'm Forest,16,20,1,2024-04-13T14:00:00Z,0,0,0,0,0,0,0,0,0.0,0.0,0.0,0.0,0.0,0.0,0.0,0.0,0,39
2023-24,33,637,Josh Powell,DEF,Nott'm Forest,16,20,1,2024-04-13T14:00:00Z,0,0,0,0,0,0,0,0,0.0,0.0,0.0,0.0,0.0,0.0,0.0,0.0,0,39
2023-24,33,638,Vini de Souza Costa,MID,Sheffield Utd,17,4,0,2024-04-13T14:00:00Z,0,0,0,0,0,0,0,0,0.0,0.0,0.0,0.0,0.0,0.0,0.0,0.0,0,50
2023-24,33,639,Micky van de Ven,DEF,Spurs,18,15,0,2024-04-13T11:30:00Z,90,-1,0,0,0,4,0,14,15.8,1.1,0.0,1.7,0.0,0.01,0.01,2.86,1,44
2023-24,33,640,Dane Scarlett,FWD,Spurs,18,15,0,2024-04-13T11:30:00Z,0,0,0,0,0,0,0,0,0.0,0.0,0.0,0.0,0.0,0.0,0.0,0.0,0,45
2023-24,33,641,Alejo Véliz,FWD,Spurs,18,15,0,2024-04-13T11:30:00Z,0,0,0,0,0,0,0,0,0.0,0.0,0.0,0.0,0.0,0.0,0.0,0.0,0,54
2023-24,33,642,Edson Álvarez Velázquez,MID,West Ham,19,10,1,2024-04-14T13:00:00Z,90,2,0,0,0,2,0,10,19.4,15.3,2.0,3.7,0.0,0.03,0.03,3.29,1,50
2023-24,33,643,Max Aarons,DEF,Bournemouth,3,14,1,2024-04-13T16:30:00Z,20,1,0,0,0,0,0,3,0.0,1.3,1.0,0.1,0.02,0.01,0.03,0.02,0,44
2023-24,33,644,Alex Scott,MID,Bournemouth,3,14,1,2024-04-13T16:30:00Z,0,0,0,0,0,0,0,0,0.0,0.0,0.0,0.0,0.0,0.0,0.0,0.0,0,49
2023-24,33,645,Youssef Ramalho Chermiti,FWD,Everton,9,7,0,2024-04-15T19:00:00Z,0,0,0,0,0,0,0,0,0.0,0.0,0.0,0.0,0.0,0.0,0.0,0.0,0,48
2023-24,33,646,Karl Hein,GK,Arsenal,1,2,1,2024-04-14T15:30:00Z,0,0,0,0,0,0,0,0,0.0,0.0,0.0,0.0,0.0,0.0,0.0,0.0,0,40
2023-24,33,647,Joseph Anang,GK,West Ham,19,10,1,2024-04-14T13:00:00Z,0,0,0,0,0,0,0,0,0.0,0.0,0.0,0.0,0.0,0.0,0.0,0.0,0,40
2023-24,33,648,Aidan Francis-Clarke,DEF,Luton,12,13,0,2024-04-13T14:00:00Z,0,0,0,0,0,0,0,0,0.0,0.0,0.0,0.0,0.0,0.0,0.0,0.0,0,40
2023-24,33,649,Thomas Cannon,FWD,Everton,9,7,0,2024-04-15T19:00:00Z,0,0,0,0,0,0,0,0,0.0,0.0,0.0,0.0,0.0,0.0,0.0,0.0,0,45
2023-24,33,650,Tyler Onyango,MID,Everton,9,7,0,2024-04-15T19:00:00Z,0,0,0,0,0,0,0,0,0.0,0.0,0.0,0.0,0.0,0.0,0.0,0.0,0,44
2023-24,33,651,Jay Stansfield,FWD,Fulham,10,19,0,2024-04-14T13:00:00Z,0,0,0,0,0,0,0,0,0.0,0.0,0.0,0.0,0.0,0.0,0.0,0.0,0,45
2023-24,33,652,Matthew Dibley-Dias,MID,Fulham,10,19,0,2024-04-14T13:00:00Z,0,0,0,0,0,0,0,0,0.0,0.0,0.0,0.0,0.0,0.0,0.0,0.0,0,45
2023-24,33,653,Femi Seriki,DEF,Sheffield Utd,17,4,0,2024-04-13T14:00:00Z,0,0,0,0,0,0,0,0,0.0,0.0,0.0,0.0,0.0,0.0,0.0,0.0,0,39
2023-24,33,654,Louie Marsh,FWD,Sheffield Utd,17,4,0,2024-04-13T14:00:00Z,0,0,0,0,0,0,0,0,0.0,0.0,0.0,0.0,0.0,0.0,0.0,0.0,0,45
2023-24,33,655,Andre Brooks,MID,Sheffield Utd,17,4,0,2024-04-13T14:00:00Z,0,0,0,0,0,0,0,0,0.0,0.0,0.0,0.0,0.0,0.0,0.0,0.0,0,44
2023-24,33,656,Antwoine Hackford,FWD,Sheffield Utd,17,4,0,2024-04-13T14:00:00Z,0,0,0,0,0,0,0,0,0.0,0.0,0.0,0.0,0.0,0.0,0.0,0.0,0,44
2023-24,33,657,Jesurun Rak-Sakyi,MID,Crystal Palace,8,11,0,2024-04-14T13:00:00Z,0,0,0,0,0,0,0,0,0.0,0.0,0.0,0.0,0.0,0.0,0.0,0.0,0,45
2023-24,33,658,John-Kymani Gordon,FWD,Crystal Palace,8,11,0,2024-04-14T13:00:00Z,0,0,0,0,0,0,0,0,0.0,0.0,0.0,0.0,0.0,0.0,0.0,0.0,0,45
2023-24,33,659,Lucas Bergström,GK,Chelsea,7,9,1,2024-04-15T19:00:00Z,0,0,0,0,0,0,0,0,0.0,0.0,0.0,0.0,0.0,0.0,0.0,0.0,0,39
2023-24,33,660,Wilson Odobert,MID,Burnley,6,5,1,2024-04-13T14:00:00Z,90,2,0,0,0,1,0,15,9.8,40.8,14.0,6.5,0.1,0.75,0.85,0.91,1,50
2023-24,33,661,Jack Harrison,MID,Everton,9,7,0,2024-04-15T19:00:00Z,45,1,0,0,0,2,0,4,2.4,2.7,0.0,0.5,0.0,0.02,0.02,1.6,0,55
2023-24,33,662,Adama Traoré,MID,Fulham,10,19,0,2024-04-14T13:00:00Z,1,1,0,0,0,0,0,3,3.0,0.3,7.0,1.0,0.05,0.0,0.05,0.0,0,49
2023-24,33,663,Gustavo Hamer,MID,Sheffield Utd,17,4,0,2024-04-13T14:00:00Z,90,2,0,0,0,2,0,3,5.2,11.9,0.0,1.7,0.0,0.06,0.06,1.02,1,49
2023-24,33,664,James Ward-Prowse,MID,West Ham,19,10,1,2024-04-14T13:00:00Z,68,2,0,0,0,1,0,16,13.4,45.1,11.0,7.0,0.08,0.2,0.28,1.93,1,58
2023-24,33,665,Tim Krul,GK,Luton,12,13,0,2024-04-13T14:00:00Z,0,0,0,0,0,0,0,0,0.0,0.0,0.0,0.0,0.0,0.0,0.0,0.0,0,44
2023-24,33,666,Tom Davies,MID,Sheffield Utd,17,4,0,2024-04-13T14:00:00Z,0,0,0,0,0,0,0,0,0.0,0.0,0.0,0.0,0.0,0.0,0.0,0.0,0,50
2023-24,33,667,Roméo Lavia,MID,Chelsea,7,9,1,2024-04-15T19:00:00Z,0,0,0,0,0,0,0,0,0.0,0.0,0.0,0.0,0.0,0.0,0.0,0.0,0,49
2023-24,33,668,Wataru Endo,MID,Liverpool,11,8,1,2024-04-14T13:00:00Z,45,1,0,0,0,1,0,8,4.4,1.8,4.0,1.0,0.15,0.01,0.16,1.22,1,54
2023-24,33,669,Radek Vítek,GK,Man Utd,14,3,0,2024-04-13T16:30:00Z,0,0,0,0,0,0,0,0,0.0,0.0,0.0,0.0,0.0,0.0,0.0,0.0,0,40
2023-24,33,670,Filip Marschall,GK,Aston Villa,2,1,0,2024-04-14T15:30:00Z,0,0,0,0,0,0,0,0,0.0,0.0,0.0,0.0,0.0,0.0,0.0,0.0,0,40
2023-24,33,671,Bashir Humphreys,DEF,Chelsea,7,9,1,2024-04-15T19:00:00Z,0,0,0,0,0,0,0,0,0.0,0.0,0.0,0.0,0.0,0.0,0.0,0.0,0,40
2023-24,33,672,Nicolò Zaniolo,MID,Aston Villa,2,1,0,2024-04-14T15:30:00Z,79,3,0,0,1,0,0,0,8.4,12.1,9.0,3.0,0.04,0.01,0.05,1.6,1,54
2023-24,33,673,Tyler Adams,MID,Bournemouth,3,14,1,2024-04-13T16:30:00Z,0,0,0,0,0,0,0,0,0.0,0.0,0.0,0.0,0.0,0.0,0.0,0.0,0,49
2023-24,33,674,Hannes Delcroix,DEF,Burnley,6,5,1,2024-04-13T14:00:00Z,0,0,0,0,0,0,0,0,0.0,0.0,0.0,0.0,0.0,0.0,0.0,0.0,0,40
2023-24,33,675,Aaron Ramsey,MID,Burnley,6,5,1,2024-04-13T14:00:00Z,0,0,0,0,0,0,0,0,0.0,0.0,0.0,0.0,0.0,0.0,0.0,0.0,0,50
2023-24,33,676,Konstantinos Mavropanos,DEF,West Ham,19,10,1,2024-04-14T13:00:00Z,59,1,0,0,0,1,0,8,2.6,0.7,17.0,2.0,0.05,0.01,0.06,1.8,1,45
2023-24,33,677,Deivid Washington de Souza Eugênio,FWD,Chelsea,7,9,1,2024-04-15T19:00:00Z,2,1,0,0,0,0,0,2,0.0,0.0,0.0,0.0,0.0,0.0,0.0,0.04,0,45
2023-24,33,678,Jérémy Doku,MID,Man City,13,12,1,2024-04-13T14:00:00Z,90,16,1,2,0,1,3,52,62.0,46.4,76.0,18.4,0.48,0.35,0.83,0.49,1,64
2023-24,33,679,Gonzalo Montiel,DEF,Nott'm Forest,16,20,1,2024-04-13T14:00:00Z,0,0,0,0,0,0,0,0,0.0,0.0,0.0,0.0,0.0,0.0,0.0,0.0,0,44
2023-24,33,680,Eddie Beach,GK,Chelsea,7,9,1,2024-04-15T19:00:00Z,0,0,0,0,0,0,0,0,0.0,0.0,0.0,0.0,0.0,0.0,0.0,0.0,0,40
2023-24,33,681,Diego Manuel Jadon da Silva Moreira,MID,Chelsea,7,9,1,2024-04-15T19:00:00Z,0,0,0,0,0,0,0,0,0.0,0.0,0.0,0.0,0.0,0.0,0.0,0.0,0,45
2023-24,33,682,Joseph Johnson,DEF,Luton,12,13,0,2024-04-13T14:00:00Z,2,1,0,0,0,1,0,2,0.0,0.0,0.0,0.0,0.0,0.0,0.0,0.79,0,40
2023-24,33,683,Luke Harris,MID,Fulham,10,19,0,2024-04-14T13:00:00Z,0,0,0,0,0,0,0,0,0.0,0.0,0.0,0.0,0.0,0.0,0.0,0.0,0,45
2023-24,33,684,Ethan Brierley,MID,Brentford,4,17,1,2024-04-13T14:00:00Z,0,0,0,0,0,0,0,0,0.0,0.0,0.0,0.0,0.0,0.0,0.0,0.0,0,45
2023-24,33,685,Daniel Gore,MID,Man Utd,14,3,0,2024-04-13T16:30:00Z,0,0,0,0,0,0,0,0,0.0,0.0,0.0,0.0,0.0,0.0,0.0,0.0,0,45
2023-24,33,686,Oliwier Zych,GK,Aston Villa,2,1,0,2024-04-14T15:30:00Z,0,0,0,0,0,0,0,0,0.0,0.0,0.0,0.0,0.0,0.0,0.0,0.0,0,40
2023-24,33,687,Đorđe Petrović,GK,Chelsea,7,9,1,2024-04-15T19:00:00Z,90,6,0,0,1,0,0,26,23.8,0.0,0.0,2.4,0.0,0.0,0.0,1.41,1,46
2023-24,33,688,Timothy Castagne,DEF,Fulham,10,19,0,2024-04-14T13:00:00Z,90,6,0,0,1,0,0,21,18.4,1.5,2.0,2.2,0.0,0.01,0.01,0.93,1,45
2023-24,33,689,Mohammed Kudus,MID,West Ham,19,10,1,2024-04-14T13:00:00Z,90,2,0,0,0,2,0,15,16.6,36.3,19.0,7.2,0.18,0.2,0.38,3.29,1,68
2023-24,33,690,Carlos Baleba,MID,Brighton,5,6,0,2024-04-13T14:00:00Z,90,2,0,0,0,1,0,11,15.0,4.3,19.0,3.8,0.1,0.03,0.13,1.7,1,45
2023-24,33,691,Norberto Bercique Gomes Betuncal,FWD,Everton,9,7,0,2024-04-15T19:00:00Z,90,2,0,0,0,6,0,-3,0.2,0.8,55.0,5.6,1.23,0.0,1.23,2.96,1,57
2023-24,33,692,Steven Benda,GK,Fulham,10,19,0,2024-04-14T13:00:00Z,0,0,0,0,0,0,0,0,0.0,0.0,0.0,0.0,0.0,0.0,0.0,0.0,0,40
2023-24,33,693,Luke Thomas,DEF,Sheffield Utd,17,4,0,2024-04-13T14:00:00Z,0,0,0,0,0,0,0,0,0.0,0.0,0.0,0.0,0.0,0.0,0.0,0.0,0,40
2023-24,33,694,Han-Noah Massengo,MID,Burnley,6,5,1,2024-04-13T14:00:00Z,0,0,0,0,0,0,0,0,0.0,0.0,0.0,0.0,0.0,0.0,0.0,0.0,0,49
2023-24,33,695,Altay Bayindir,GK,Man Utd,14,3,0,2024-04-13T16:30:00Z,0,0,0,0,0,0,0,0,0.0,0.0,0.0,0.0,0.0,0.0,0.0,0.0,0,39
2023-24,33,696,Murillo Santiago Costa dos Santos,DEF,Nott'm Forest,16,20,1,2024-04-13T14:00:00Z,90,0,0,0,0,2,0,11,15.8,1.4,2.0,1.9,0.0,0.02,0.02,1.07,1,45
2023-24,33,697,Santiago Bueno,DEF,Wolves,20,16,0,2024-04-13T14:00:00Z,90,1,0,0,0,2,0,12,25.4,0.6,0.0,2.6,0.0,0.0,0.0,1.9,1,45
2023-24,33,698,Enso González,MID,Wolves,20,16,0,2024-04-13T14:00:00Z,0,0,0,0,0,0,0,0,0.0,0.0,0.0,0.0,0.0,0.0,0.0,0.0,0,50
2023-24,33,699,Clément Lenglet,DEF,Aston Villa,2,1,0,2024-04-14T15:30:00Z,0,0,0,0,0,0,0,0,0.0,0.0,0.0,0.0,0.0,0.0,0.0,0.0,0,45
2023-24,33,700,Anssumane Fati Vieira,MID,Brighton,5,6,0,2024-04-13T14:00:00Z,13,1,0,0,0,0,0,-1,3.4,2.1,16.0,2.2,0.1,0.04,0.14,0.04,0,64
2023-24,33,701,Saman Ghoddos,MID,Brentford,4,17,1,2024-04-13T14:00:00Z,0,0,0,0,0,0,0,0,0.0,0.0,0.0,0.0,0.0,0.0,0.0,0.0,0,45
2023-24,33,702,Ashley Phillips,DEF,Spurs,18,15,0,2024-04-13T11:30:00Z,0,0,0,0,0,0,0,0,0.0,0.0,0.0,0.0,0.0,0.0,0.0,0.0,0,40
2023-24,33,703,Jonny Evans,DEF,Man Utd,14,3,0,2024-04-13T16:30:00Z,0,0,0,0,0,0,0,0,0.0,0.0,0.0,0.0,0.0,0.0,0.0,0.0,0,40
2023-24,33,704,Nathan Fraser,FWD,Wolves,20,16,0,2024-04-13T14:00:00Z,2,1,0,0,0,0,0,4,3.0,2.2,0.0,0.5,0.0,0.0,0.0,0.02,0,45
2023-24,33,705,Luis Sinisterra,MID,Bournemouth,3,14,1,2024-04-13T16:30:00Z,38,1,0,0,0,1,0,3,2.0,21.3,8.0,3.1,0.03,0.07,0.1,0.31,1,55
2023-24,33,706,Mike Trésor,MID,Burnley,6,5,1,2024-04-13T14:00:00Z,4,1,0,0,0,0,0,3,1.0,0.5,0.0,0.2,0.0,0.0,0.0,0.1,0,53
2023-24,33,707,Fodé Ballo-Touré,DEF,Fulham,10,19,0,2024-04-14T13:00:00Z,0,0,0,0,0,0,0,0,0.0,0.0,0.0,0.0,0.0,0.0,0.0,0.0,0,45
2023-24,33,708,Ryan Gravenberch,MID,Liverpool,11,8,1,2024-04-14T13:00:00Z,0,0,0,0,0,0,0,0,0.0,0.0,0.0,0.0,0.0,0.0,0.0,0.0,0,50
2023-24,33,709,Sofyan Amrabat,MID,Man Utd,14,3,0,2024-04-13T16:30:00Z,0,0,0,0,0,0,0,0,0.0,0.0,0.0,0.0,0.0,0.0,0.0,0.0,0,50
2023-24,33,710,Odysseas Vlachodimos,GK,Nott'm Forest,16,20,1,2024-04-13T14:00:00Z,0,0,0,0,0,0,0,0,0.0,0.0,0.0,0.0,0.0,0.0,0.0,0.0,0,45
2023-24,33,711,Andrew Omobamidele,DEF,Nott'm Forest,16,20,1,2024-04-13T14:00:00Z,90,1,0,0,0,2,0,12,9.6,1.3,12.0,2.3,0.14,0.01,0.15,1.07,1,45
2023-24,33,712,Nicolás Domínguez,MID,Nott'm Forest,16,20,1,2024-04-13T14:00:00Z,24,1,0,0,0,0,0,5,0.0,3.2,6.0,0.8,0.02,0.01,0.03,0.02,0,50
2023-24,33,713,Ibrahim Sangaré,MID,Nott'm Forest,16,20,1,2024-04-13T14:00:00Z,0,0,0,0,0,0,0,0,0.0,0.0,0.0,0.0,0.0,0.0,0.0,0.0,0,49
2023-24,33,714,Divock Origi,FWD,Nott'm Forest,16,20,1,2024-04-13T14:00:00Z,19,1,0,0,0,0,0,5,2.4,0.8,4.0,0.7,0.0,0.0,0.0,0.02,0,50
2023-24,33,715,Jean-Ricner Bellegarde,MID,Wolves,20,16,0,2024-04-13T14:00:00Z,0,0,0,0,0,0,0,0,0.0,0.0,0.0,0.0,0.0,0.0,0.0,0.0,0,49
2023-24,33,716,Alfie Gilchrist,DEF,Chelsea,7,9,1,2024-04-15T19:00:00Z,2,7,1,0,0,0,0,15,34.4,0.2,17.0,5.2,0.15,0.0,0.15,0.04,0,40
2023-24,33,717,Ronnie Stutter,FWD,Chelsea,7,9,1,2024-04-15T19:00:00Z,0,0,0,0,0,0,0,0,0.0,0.0,0.0,0.0,0.0,0.0,0.0,0.0,0,45
2023-24,33,718,Alex Matos,MID,Chelsea,7,9,1,2024-04-15T19:00:00Z,0,0,0,0,0,0,0,0,0.0,0.0,0.0,0.0,0.0,0.0,0.0,0.0,0,45
2023-24,33,719,Mackenzie Hunt,MID,Everton,9,7,0,2024-04-15T19:00:00Z,0,0,0,0,0,0,0,0,0.0,0.0,0.0,0.0,0.0,0.0,0.0,0.0,0,45
2023-24,33,720,Ademola Ola-Adebomi,FWD,Crystal Palace,8,11,0,2024-04-14T13:00:00Z,0,0,0,0,0,0,0,0,0.0,0.0,0.0,0.0,0.0,0.0,0.0,0.0,0,45
2023-24,33,721,David Ozoh,MID,Crystal Palace,8,11,0,2024-04-14T13:00:00Z,0,0,0,0,0,0,0,0,0.0,0.0,0.0,0.0,0.0,0.0,0.0,0.0,0,45
2023-24,33,722,Jamie Donley,FWD,Spurs,18,15,0,2024-04-13T11:30:00Z,0,0,0,0,0,0,0,0,0.0,0.0,0.0,0.0,0.0,0.0,0.0,0.0,0,45
2023-24,33,723,Josh Brooking,DEF,Chelsea,7,9,1,2024-04-15T19:00:00Z,0,0,0,0,0,0,0,0,0.0,0.0,0.0,0.0,0.0,0.0,0.0,0.0,0,40
2023-24,33,724,Jadan Raymond,MID,Crystal Palace,8,11,0,2024-04-14T13:00:00Z,0,0,0,0,0,0,0,0,0.0,0.0,0.0,0.0,0.0,0.0,0.0,0.0,0,45
2023-24,33,725,Ji-Soo Kim,DEF,Brentford,4,17,1,2024-04-13T14:00:00Z,0,0,0,0,0,0,0,0,0.0,0.0,0.0,0.0,0.0,0.0,0.0,0.0,0,40
2023-24,33,726,Luke Chambers,DEF,Liverpool,11,8,1,2024-04-14T13:00:00Z,0,0,0,0,0,0,0,0,0.0,0.0,0.0,0.0,0.0,0.0,0.0,0.0,0,40
2023-24,33,727,Andros Townsend,MID,Luton,12,13,0,2024-04-13T14:00:00Z,58,1,0,0,0,1,0,0,8.0,1.2,2.0,1.1,0.0,0.0,0.0,2.3,1,50
2023-24,33,728,Callum Scanlon,DEF,Liverpool,11,8,1,2024-04-14T13:00:00Z,0,0,0,0,0,0,0,0,0.0,0.0,0.0,0.0,0.0,0.0,0.0,0.0,0,39
2023-24,33,729,Jayden Luker,MID,Luton,12,13,0,2024-04-13T14:00:00Z,0,0,0,0,0,0,0,0,0.0,0.0,0.0,0.0,0.0,0.0,0.0,0.0,0,45
2023-24,33,730,Ryan Oné,MID,Sheffield Utd,17,4,0,2024-04-13T14:00:00Z,0,0,0,0,0,0,0,0,0.0,0.0,0.0,0.0,0.0,0.0,0.0,0.0,0,44
2023-24,33,731,Jili Buyabu,DEF,Sheffield Utd,17,4,0,2024-04-13T14:00:00Z,0,0,0,0,0,0,0,0,0.0,0.0,0.0,0.0,0.0,0.0,0.0,0.0,0,40
2023-24,33,732,Devan Tanton,DEF,Fulham,10,19,0,2024-04-14T13:00:00Z,0,0,0,0,0,0,0,0,0.0,0.0,0.0,0.0,0.0,0.0,0.0,0.0,0,40
2023-24,33,733,Valintino Adedokun,DEF,Brentford,4,17,1,2024-04-13T14:00:00Z,0,0,0,0,0,0,0,0,0.0,0.0,0.0,0.0,0.0,0.0,0.0,0.0,0,40
2023-24,33,734,Zack Nelson,MID,Luton,12,13,0,2024-04-13T14:00:00Z,2,1,0,0,0,1,0,3,2.0,0.1,0.0,0.2,0.0,0.0,0.0,0.79,0,45
2023-24,33,735,Charles Sagoe,MID,Arsenal,1,2,1,2024-04-14T15:30:00Z,0,0,0,0,0,0,0,0,0.0,0.0,0.0,0.0,0.0,0.0,0.0,0.0,0,45
2023-24,33,736,Reuell Walters,DEF,Arsenal,1,2,1,2024-04-14T15:30:00Z,0,0,0,0,0,0,0,0,0.0,0.0,0.0,0.0,0.0,0.0,0.0,0.0,0,40
2023-24,33,737,Bradley Ibrahim,MID,Arsenal,1,2,1,2024-04-14T15:30:00Z,0,0,0,0,0,0,0,0,0.0,0.0,0.0,0.0,0.0,0.0,0.0,0.0,0,45
2023-24,33,738,Amadou Diallo,MID,Newcastle,15,18,1,2024-04-13T11:30:00Z,0,0,0,0,0,0,0,0,0.0,0.0,0.0,0.0,0.0,0.0,0.0,0.0,0,45
2023-24,33,739,Ben Parkinson,FWD,Newcastle,15,18,1,2024-04-13T11:30:00Z,0,0,0,0,0,0,0,0,0.0,0.0,0.0,0.0,0.0,0.0,0.0,0.0,0,45
2023-24,33,740,Alfie Dorrington,DEF,Spurs,18,15,0,2024-04-13T11:30:00Z,0,0,0,0,0,0,0,0,0.0,0.0,0.0,0.0,0.0,0.0,0.0,0.0,0,40
2023-24,33,741,Mark O’Mahony,FWD,Brighton,5,6,0,2024-04-13T14:00:00Z,1,0,0,0,0,0,0,-1,0.0,1.0,0.0,0.0,0.0,0.0,0.0,0.03,0,45
2023-24,33,742,Benicio Baker-Boaitey,MID,Brighton,5,6,0,2024-04-13T14:00:00Z,0,0,0,0,0,0,0,0,0.0,0.0,0.0,0.0,0.0,0.0,0.0,0.0,0,45
2023-24,33,743,Treymaurice Nyoni,MID,Liverpool,11,8,1,2024-04-14T13:00:00Z,0,0,0,0,0,0,0,0,0.0,0.0,0.0,0.0,0.0,0.0,0.0,0.0,0,45
2023-24,33,744,Myles Peart-Harris,MID,Brentford,4,17,1,2024-04-13T14:00:00Z,0,0,0,0,0,0,0,0,0.0,0.0,0.0,0.0,0.0,0.0,0.0,0.0,0,45
2023-24,33,745,Michael Ndiweni,FWD,Newcastle,15,18,1,2024-04-13T11:30:00Z,0,0,0,0,0,0,0,0,0.0,0.0,0.0,0.0,0.0,0.0,0.0,0.0,0,44
2023-24,33,746,Ben Jackson,DEF,Brighton,5,6,0,2024-04-13T14:00:00Z,0,0,0,0,0,0,0,0,0.0,0.0,0.0,0.0,0.0,0.0,0.0,0.0,0,40
2023-24,33,747,Joshua Duffus,MID,Brighton,5,6,0,2024-04-13T14:00:00Z,0,0,0,0,0,0,0,0,0.0,0.0,0.0,0.0,0.0,0.0,0.0,0.0,0,44
2023-24,33,748,Joe Hugill,FWD,Man Utd,14,3,0,2024-04-13T16:30:00Z,0,0,0,0,0,0,0,0,0.0,0.0,0.0,0.0,0.0,0.0,0.0,0.0,0,45
2023-24,33,749,Matthew Whittingham,MID,Wolves,20,16,0,2024-04-13T14:00:00Z,0,0,0,0,0,0,0,0,0.0,0.0,0.0,0.0,0.0,0.0,0.0,0.0,0,45
2023-24,33,750,Tawanda Chirewa,MID,Wolves,20,16,0,2024-04-13T14:00:00Z,2,1,0,0,0,0,0,3,0.0,0.1,0.0,0.0,0.0,0.0,0.0,0.02,0,44
2023-24,33,751,Justin Hubner,DEF,Wolves,20,16,0,2024-04-13T14:00:00Z,0,0,0,0,0,0,0,0,0.0,0.0,0.0,0.0,0.0,0.0,0.0,0.0,0,40
2023-24,33,752,Vincent Angelini,GK,Brentford,4,17,1,2024-04-13T14:00:00Z,0,0,0,0,0,0,0,0,0.0,0.0,0.0,0.0,0.0,0.0,0.0,0.0,0,40
2023-24,33,753,Leigh Kavanagh,DEF,Brighton,5,6,0,2024-04-13T14:00:00Z,0,0,0,0,0,0,0,0,0.0,0.0,0.0,0.0,0.0,0.0,0.0,0.0,0,40
2023-24,33,754,Yago de Santiago Alonso,MID,Spurs,18,15,0,2024-04-13T11:30:00Z,0,0,0,0,0,0,0,0,0.0,0.0,0.0,0.0,0.0,0.0,0.0,0.0,0,45
2023-24,33,755,Luca Barrington,MID,Brighton,5,6,0,2024-04-13T14:00:00Z,0,0,0,0,0,0,0,0,0.0,0.0,0.0,0.0,0.0,0.0,0.0,0.0,0,45
2023-24,33,756,Marcelo de Araújo Pitaluga Filho,GK,Liverpool,11,8,1,2024-04-14T13:00:00Z,0,0,0,0,0,0,0,0,0.0,0.0,0.0,0.0,0.0,0.0,0.0,0.0,0,40
2023-24,33,757,Conor Bradley,DEF,Liverpool,11,8,1,2024-04-14T13:00:00Z,47,1,0,0,0,1,0,7,5.0,2.0,2.0,0.9,0.0,0.02,0.02,1.22,1,43
2023-24,33,758,Leo Castledine,MID,Chelsea,7,9,1,2024-04-15T19:00:00Z,0,0,0,0,0,0,0,0,0.0,0.0,0.0,0.0,0.0,0.0,0.0,0.0,0,45
2023-24,33,759,Sydie Peck,MID,Sheffield Utd,17,4,0,2024-04-13T14:00:00Z,0,0,0,0,0,0,0,0,0.0,0.0,0.0,0.0,0.0,0.0,0.0,0.0,0,44
2023-24,33,760,Jenson Metcalfe,MID,Everton,9,7,0,2024-04-15T19:00:00Z,0,0,0,0,0,0,0,0,0.0,0.0,0.0,0.0,0.0,0.0,0.0,0.0,0,45
2023-24,33,761,Elijah Campbell,DEF,Everton,9,7,0,2024-04-15T19:00:00Z,0,0,0,0,0,0,0,0,0.0,0.0,0.0,0.0,0.0,0.0,0.0,0.0,0,40
2023-24,33,762,Mahamadou Susoho,MID,Man City,13,12,1,2024-04-13T14:00:00Z,0,0,0,0,0,0,0,0,0.0,0.0,0.0,0.0,0.0,0.0,0.0,0.0,0,45
2023-24,33,763,Tayo Adaramola,DEF,Crystal Palace,8,11,0,2024-04-14T13:00:00Z,0,0,0,0,0,0,0,0,0.0,0.0,0.0,0.0,0.0,0.0,0.0,0.0,0,40
2023-24,33,764,Myles Lewis-Skelly,MID,Arsenal,1,2,1,2024-04-14T15:30:00Z,0,0,0,0,0,0,0,0,0.0,0.0,0.0,0.0,0.0,0.0,0.0,0.0,0,45
2023-24,33,765,Sam Proctor,GK,Aston Villa,2,1,0,2024-04-14T15:30:00Z,0,0,0,0,0,0,0,0,0.0,0.0,0.0,0.0,0.0,0.0,0.0,0.0,0,40
2023-24,33,766,Willy Kambwala,DEF,Man Utd,14,3,0,2024-04-13T16:30:00Z,90,1,0,0,0,2,0,13,15.8,0.3,0.0,1.6,0.0,0.0,0.0,1.75,1,39
2023-24,33,767,Tommi O'Reilly,MID,Aston Villa,2,1,0,2024-04-14T15:30:00Z,0,0,0,0,0,0,0,0,0.0,0.0,0.0,0.0,0.0,0.0,0.0,0.0,0,45
2023-24,33,768,Rhys Bennett,DEF,Man Utd,14,3,0,2024-04-13T16:30:00Z,0,0,0,0,0,0,0,0,0.0,0.0,0.0,0.0,0.0,0.0,0.0,0.0,0,40
2023-24,33,769,Owen Hesketh,MID,Wolves,20,16,0,2024-04-13T14:00:00Z,0,0,0,0,0,0,0,0,0.0,0.0,0.0,0.0,0.0,0.0,0.0,0.0,0,45
2023-24,33,770,Ty Barnett,MID,Wolves,20,16,0,2024-04-13T14:00:00Z,0,0,0,0,0,0,0,0,0.0,0.0,0.0,0.0,0.0,0.0,0.0,0.0,0,45
2023-24,33,771,Micah Hamilton,MID,Man City,13,12,1,2024-04-13T14:00:00Z,0,0,0,0,0,0,0,0,0.0,0.0,0.0,0.0,0.0,0.0,0.0,0.0,0,45
2023-24,33,772,Ethan Nwaneri,MID,Arsenal,1,2,1,2024-04-14T15:30:00Z,0,0,0,0,0,0,0,0,0.0,0.0,0.0,0.0,0.0,0.0,0.0,0.0,0,45
2023-24,33,773,Lewis Orford,MID,West Ham,19,10,1,2024-04-14T13:00:00Z,0,0,0,0,0,0,0,0,0.0,0.0,0.0,0.0,0.0,0.0,0.0,0.0,0,45
2023-24,33,774,Kaelan Casey,DEF,West Ham,19,10,1,2024-04-14T13:00:00Z,0,0,0,0,0,0,0,0,0.0,0.0,0.0,0.0,0.0,0.0,0.0,0.0,0,40
2023-24,33,775,Ben Brereton,MID,Sheffield Utd,17,4,0,2024-04-13T14:00:00Z,90,1,0,0,0,2,0,-1,4.8,14.6,24.0,4.3,0.46,0.07,0.53,1.02,1,50
2023-24,33,776,Timo Werner,FWD,Spurs,18,15,0,2024-04-13T11:30:00Z,90,2,0,0,0,4,0,4,4.2,14.3,37.0,5.6,0.45,0.03,0.48,2.86,1,63
2023-24,33,777,Radu Dragusin,DEF,Spurs,18,15,0,2024-04-13T11:30:00Z,0,0,0,0,0,0,0,0,0.0,0.0,0.0,0.0,0.0,0.0,0.0,0.0,0,42
2023-24,33,778,James Wright,GK,Aston Villa,2,1,0,2024-04-14T15:30:00Z,0,0,0,0,0,0,0,0,0.0,0.0,0.0,0.0,0.0,0.0,0.0,0.0,0,40
2023-24,33,779,Jamie McDonnell,MID,Nott'm Forest,16,20,1,2024-04-13T14:00:00Z,0,0,0,0,0,0,0,0,0.0,0.0,0.0,0.0,0.0,0.0,0.0,0.0,0,45
2023-24,33,780,Detlef Esapa Osong,FWD,Nott'm Forest,16,20,1,2024-04-13T14:00:00Z,0,0,0,0,0,0,0,0,0.0,0.0,0.0,0.0,0.0,0.0,0.0,0.0,0,45
2023-24,33,781,Joe Gardner,FWD,Nott'm Forest,16,20,1,2024-04-13T14:00:00Z,0,0,0,0,0,0,0,0,0.0,0.0,0.0,0.0,0.0,0.0,0.0,0.0,0,45
2023-24,33,782,Owen Beck,DEF,Liverpool,11,8,1,2024-04-14T13:00:00Z,0,0,0,0,0,0,0,0,0.0,0.0,0.0,0.0,0.0,0.0,0.0,0.0,0,45
2023-24,33,783,Kaide Gordon,MID,Liverpool,11,8,1,2024-04-14T13:00:00Z,0,0,0,0,0,0,0,0,0.0,0.0,0.0,0.0,0.0,0.0,0.0,0.0,0,45
2023-24,33,784,Oliver Scarles,DEF,West Ham,19,10,1,2024-04-14T13:00:00Z,0,0,0,0,0,0,0,0,0.0,0.0,0.0,0.0,0.0,0.0,0.0,0.0,0,40
2023-24,33,785,Callum Marshall,FWD,West Ham,19,10,1,2024-04-14T13:00:00Z,0,0,0,0,0,0,0,0,0.0,0.0,0.0,0.0,0.0,0.0,0.0,0.0,0,45
2023-24,33,786,Cameron Peupion,MID,Brighton,5,6,0,2024-04-13T14:00:00Z,0,0,0,0,0,0,0,0,0.0,0.0,0.0,0.0,0.0,0.0,0.0,0.0,0,45
2023-24,33,787,Harvey Griffiths,MID,Wolves,20,16,0,2024-04-13T14:00:00Z,0,0,0,0,0,0,0,0,0.0,0.0,0.0,0.0,0.0,0.0,0.0,0.0,0,45
2023-24,33,788,Yerson Mosquera,DEF,Wolves,20,16,0,2024-04-13T14:00:00Z,0,0,0,0,0,0,0,0,0.0,0.0,0.0,0.0,0.0,0.0,0.0,0.0,0,40
2023-24,33,789,Hákon Valdimarsson,GK,Brentford,4,17,1,2024-04-13T14:00:00Z,0,0,0,0,0,0,0,0,0.0,0.0,0.0,0.0,0.0,0.0,0.0,0.0,0,40
2023-24,33,790,Ivo Grbic,GK,Sheffield Utd,17,4,0,2024-04-13T14:00:00Z,90,2,0,0,0,2,0,18,27.4,0.0,0.0,2.7,0.0,0.0,0.0,1.02,1,45
2023-24,33,791,Cesare Casadei,MID,Chelsea,7,9,1,2024-04-15T19:00:00Z,10,1,0,0,0,0,0,3,0.4,1.2,0.0,0.2,0.0,0.0,0.0,0.04,0,45
2023-24,33,792,Daniel Muñoz,DEF,Crystal Palace,8,11,0,2024-04-14T13:00:00Z,90,6,0,0,1,0,0,20,30.4,0.8,2.0,3.3,0.0,0.03,0.03,2.87,1,45
2023-24,33,793,Kaine Kesler-Hayden,DEF,Aston Villa,2,1,0,2024-04-14T15:30:00Z,0,0,0,0,0,0,0,0,0.0,0.0,0.0,0.0,0.0,0.0,0.0,0.0,0,40
2023-24,33,794,Joe White,MID,Newcastle,15,18,1,2024-04-13T11:30:00Z,1,1,0,0,0,0,0,3,0.0,0.0,0.0,0.0,0.0,0.0,0.0,0.0,0,45
2023-24,33,795,Travis Hernes,MID,Newcastle,15,18,1,2024-04-13T11:30:00Z,0,0,0,0,0,0,0,0,0.0,0.0,0.0,0.0,0.0,0.0,0.0,0.0,0,45
2023-24,33,796,Kristian Sekularac,MID,Fulham,10,19,0,2024-04-14T13:00:00Z,0,0,0,0,0,0,0,0,0.0,0.0,0.0,0.0,0.0,0.0,0.0,0.0,0,44
2023-24,33,797,Benjamin Fredrick,DEF,Brentford,4,17,1,2024-04-13T14:00:00Z,0,0,0,0,0,0,0,0,0.0,0.0,0.0,0.0,0.0,0.0,0.0,0.0,0,40
2023-24,33,798,Daiki Hashioka,DEF,Luton,12,13,0,2024-04-13T14:00:00Z,90,-2,0,0,0,5,0,6,26.8,0.1,0.0,2.7,0.0,0.0,0.0,4.26,1,40
2023-24,33,799,Romain Faivre,MID,Bournemouth,3,14,1,2024-04-13T16:30:00Z,20,1,0,0,0,0,0,0,0.0,0.8,6.0,0.4,0.01,0.01,0.02,0.02,0,50
2023-24,33,800,Noha Lemina,MID,Wolves,20,16,0,2024-04-13T14:00:00Z,0,0,0,0,0,0,0,0,0.0,0.0,0.0,0.0,0.0,0.0,0.0,0.0,0,50
2023-24,33,801,Giovanni Reyna,MID,Nott'm Forest,16,20,1,2024-04-13T14:00:00Z,70,5,0,1,0,2,0,16,23.8,36.5,26.0,8.6,0.23,0.22,0.45,1.05,1,47
2023-24,33,802,Max Kinsey,DEF,Bournemouth,3,14,1,2024-04-13T16:30:00Z,0,0,0,0,0,0,0,0,0.0,0.0,0.0,0.0,0.0,0.0,0.0,0.0,0,40
2023-24,33,803,Morgan Rogers,MID,Aston Villa,2,1,0,2024-04-14T15:30:00Z,90,2,0,0,1,0,0,3,7.0,7.6,2.0,1.7,0.05,0.03,0.08,1.62,1,50
2023-24,33,804,Enes Ünal,FWD,Bournemouth,3,14,1,2024-04-13T16:30:00Z,14,1,0,0,0,0,0,0,0.0,0.3,4.0,0.3,0.1,0.0,0.1,0.02,0,50
2023-24,33,805,Lorenz Assignon,DEF,Burnley,6,5,1,2024-04-13T14:00:00Z,90,2,0,0,0,1,0,10,20.4,16.8,7.0,4.4,0.03,0.31,0.34,0.91,1,40
2023-24,33,806,Maxime Esteve,DEF,Burnley,6,5,1,2024-04-13T14:00:00Z,90,2,0,0,0,1,0,13,18.4,1.4,0.0,2.0,0.0,0.01,0.01,0.91,1,40
2023-24,33,807,Adam Wharton,MID,Crystal Palace,8,11,0,2024-04-14T13:00:00Z,90,3,0,0,1,0,0,14,23.4,11.1,5.0,4.0,0.08,0.01,0.09,2.87,1,50
2023-24,33,808,Matz Sels,GK,Nott'm Forest,16,20,1,2024-04-13T14:00:00Z,90,1,0,0,0,2,0,9,10.2,0.0,0.0,1.0,0.0,0.0,0.0,1.07,1,45
2023-24,33,809,Rodrigo Duarte Ribeiro,FWD,Nott'm Forest,16,20,1,2024-04-13T14:00:00Z,1,1,0,0,0,0,0,2,0.0,0.3,0.0,0.0,0.0,0.0,0.0,0.0,0,45
2023-24,33,810,Joshua King,MID,Fulham,10,19,0,2024-04-14T13:00:00Z,0,0,0,0,0,0,0,0,0.0,0.0,0.0,0.0,0.0,0.0,0.0,0.0,0,45
2023-24,33,811,Dominic Sadi,MID,Bournemouth,3,14,1,2024-04-13T16:30:00Z,0,0,0,0,0,0,0,0,0.0,0.0,0.0,0.0,0.0,0.0,0.0,0.0,0,45
2023-24,33,812,Lewis Koumas,FWD,Liverpool,11,8,1,2024-04-14T13:00:00Z,0,0,0,0,0,0,0,0,0.0,0.0,0.0,0.0,0.0,0.0,0.0,0.0,0,45
2023-24,33,813,Fabian Mrozek,GK,Liverpool,11,8,1,2024-04-14T13:00:00Z,0,0,0,0,0,0,0,0,0.0,0.0,0.0,0.0,0.0,0.0,0.0,0.0,0,40
2023-24,33,814,Jacob Wright,MID,Man City,13,12,1,2024-04-13T14:00:00Z,0,0,0,0,0,0,0,0,0.0,0.0,0.0,0.0,0.0,0.0,0.0,0.0,0,45
2023-24,33,815,Mauro Bandeira,MID,Arsenal,1,2,1,2024-04-14T15:30:00Z,0,0,0,0,0,0,0,0,0.0,0.0,0.0,0.0,0.0,0.0,0.0,0.0,0,45
2023-24,33,816,Valentín Barco,DEF,Brighton,5,6,0,2024-04-13T14:00:00Z,0,0,0,0,0,0,0,0,0.0,0.0,0.0,0.0,0.0,0.0,0.0,0.0,0,40
2023-24,33,817,James Sweet,DEF,Arsenal,1,2,1,2024-04-14T15:30:00Z,0,0,0,0,0,0,0,0,0.0,0.0,0.0,0.0,0.0,0.0,0.0,0.0,0,40
2023-24,33,818,Joe Gauci,GK,Aston Villa,2,1,0,2024-04-14T15:30:00Z,0,0,0,0,0,0,0,0,0.0,0.0,0.0,0.0,0.0,0.0,0.0,0.0,0,39
2023-24,33,819,Ishé Samuels-Smith,DEF,Chelsea,7,9,1,2024-04-15T19:00:00Z,0,0,0,0,0,0,0,0,0.0,0.0,0.0,0.0,0.0,0.0,0.0,0.0,0,40
2023-24,33,820,Ollie Harrison,MID,Chelsea,7,9,1,2024-04-15T19:00:00Z,0,0,0,0,0,0,0,0,0.0,0.0,0.0,0.0,0.0,0.0,0.0,0.0,0,45
2023-24,33,821,Franco Umeh-Chibueze,FWD,Crystal Palace,8,11,0,2024-04-14T13:00:00Z,0,0,0,0,0,0,0,0,0.0,0.0,0.0,0.0,0.0,0.0,0.0,0.0,0,45
2023-24,33,822,Billy Blacker,FWD,Sheffield Utd,17,4,0,2024-04-13T14:00:00Z,0,0,0,0,0,0,0,0,0.0,0.0,0.0,0.0,0.0,0.0,0.0,0.0,0,45
2023-24,33,823,Oliver Arblaster,MID,Sheffield Utd,17,4,0,2024-04-13T14:00:00Z,90,0,0,0,0,2,0,11,5.2,3.5,2.0,1.1,0.0,0.02,0.02,1.02,1,45
2023-24,33,824,Jayden Danns,FWD,Liverpool,11,8,1,2024-04-14T13:00:00Z,0,0,0,0,0,0,0,0,0.0,0.0,0.0,0.0,0.0,0.0,0.0,0.0,0,43
2023-24,33,825,Kaden Rodney,MID,Crystal Palace,8,11,0,2024-04-14T13:00:00Z,0,0,0,0,0,0,0,0,0.0,0.0,0.0,0.0,0.0,0.0,0.0,0.0,0,45
2023-24,33,826,Toby Collyer,MID,Man Utd,14,3,0,2024-04-13T16:30:00Z,0,0,0,0,0,0,0,0,0.0,0.0,0.0,0.0,0.0,0.0,0.0,0.0,0,45
2023-24,33,827,Dovydas Sasnauskas,DEF,Sheffield Utd,17,4,0,2024-04-13T14:00:00Z,0,0,0,0,0,0,0,0,0.0,0.0,0.0,0.0,0.0,0.0,0.0,0.0,0,40
2023-24,33,828,Sam Curtis,DEF,Sheffield Utd,17,4,0,2024-04-13T14:00:00Z,0,0,0,0,0,0,0,0,0.0,0.0,0.0,0.0,0.0,0.0,0.0,0.0,0,40
2023-24,33,829,George Earthy,MID,West Ham,19,10,1,2024-04-14T13:00:00Z,9,1,0,0,0,0,0,3,0.4,0.1,0.0,0.1,0.0,0.0,0.0,0.0,0,45
2023-24,33,830,Jimi Tauriainen,MID,Chelsea,7,9,1,2024-04-15T19:00:00Z,0,0,0,0,0,0,0,0,0.0,0.0,0.0,0.0,0.0,0.0,0.0,0.0,0,45
2023-24,33,831,Axel Piesold,MID,Luton,12,13,0,2024-04-13T14:00:00Z,0,0,0,0,0,0,0,0,0.0,0.0,0.0,0.0,0.0,0.0,0.0,0.0,0,45
2023-24,33,832,Wesley Okoduwa,DEF,Wolves,20,16,0,2024-04-13T14:00:00Z,0,0,0,0,0,0,0,0,0.0,0.0,0.0,0.0,0.0,0.0,0.0,0.0,0,40
2023-24,33,833,Habeeb Ogunneye,DEF,Man Utd,14,3,0,2024-04-13T16:30:00Z,0,0,0,0,0,0,0,0,0.0,0.0,0.0,0.0,0.0,0.0,0.0,0.0,0,40
2023-24,33,834,Benjamin Arthur,DEF,Brentford,4,17,1,2024-04-13T14:00:00Z,0,0,0,0,0,0,0,0,0.0,0.0,0.0,0.0,0.0,0.0,0.0,0.0,0,40
2023-24,33,835,Dermot Mee,GK,Man Utd,14,3,0,2024-04-13T16:30:00Z,0,0,0,0,0,0,0,0,0.0,0.0,0.0,0.0,0.0,0.0,0.0,0.0,0,40
2023-24,33,836,Leon Chiwome,FWD,Wolves,20,16,0,2024-04-13T14:00:00Z,0,0,0,0,0,0,0,0,0.0,0.0,0.0,0.0,0.0,0.0,0.0,0.0,0,45
2023-24,33,837,Amara Nallo,DEF,Liverpool,11,8,1,2024-04-14T13:00:00Z,0,0,0,0,0,0,0,0,0.0,0.0,0.0,0.0,0.0,0.0,0.0,0.0,0,40
2023-24,33,838,Josh Acheampong,DEF,Chelsea,7,9,1,2024-04-15T19:00:00Z,0,0,0,0,0,0,0,0,0.0,0.0,0.0,0.0,0.0,0.0,0.0,0.0,0,40
2023-24,33,839,Dominic Dos Santos Martins,MID,Luton,12,13,0,2024-04-13T14:00:00Z,0,0,0,0,0,0,0,0,0.0,0.0,0.0,0.0,0.0,0.0,0.0,0.0,0,45
2023-24,33,840,Fletcher Holman,FWD,Wolves,20,16,0,2024-04-13T14:00:00Z,0,0,0,0,0,0,0,0,0.0,0.0,0.0,0.0,0.0,0.0,0.0,0.0,0,45
2023-24,33,841,Lewis Warrington,MID,Everton,9,7,0,2024-04-15T19:00:00Z,0,0,0,0,0,0,0,0,0.0,0.0,0.0,0.0,0.0,0.0,0.0,0.0,0,45
2023-24,33,842,Roshaun Mathurin,MID,Crystal Palace,8,11,0,2024-04-14T13:00:00Z,0,0,0,0,0,0,0,0,0.0,0.0,0.0,0.0,0.0,0.0,0.0,0.0,0,45
2023-24,33,843,Samy Chouchane,MID,Brighton,5,6,0,2024-04-13T14:00:00Z,0,0,0,0,0,0,0,0,0.0,0.0,0.0,0.0,0.0,0.0,0.0,0.0,0,45
2023-24,33,844,Christian Chigozie,DEF,Luton,12,13,0,2024-04-13T14:00:00Z,0,0,0,0,0,0,0,0,0.0,0.0,0.0,0.0,0.0,0.0,0.0,0.0,0,40
2023-24,33,845,Odeluga Offiah,DEF,Brighton,5,6,0,2024-04-13T14:00:00Z,0,0,0,0,0,0,0,0,0.0,0.0,0.0,0.0,0.0,0.0,0.0,0.0,0,40
2023-24,33,846,Harry Amass,DEF,Man Utd,14,3,0,2024-04-13T16:30:00Z,0,0,0,0,0,0,0,0,0.0,0.0,0.0,0.0,0.0,0.0,0.0,0.0,0,40
2023-24,33,847,Teddy Sharman-Lowe,GK,Chelsea,7,9,1,2024-04-15T19:00:00Z,0,0,0,0,0,0,0,0,0.0,0.0,0.0,0.0,0.0,0.0,0.0,0.0,0,40
2023-24,33,848,Taylan Harris,FWD,Luton,12,13,0,2024-04-13T14:00:00Z,0,0,0,0,0,0,0,0,0.0,0.0,0.0,0.0,0.0,0.0,0.0,0.0,0,45
2023-24,33,849,Michael Dacosta Gonzalez,MID,Bournemouth,3,14,1,2024-04-13T16:30:00Z,0,0,0,0,0,0,0,0,0.0,0.0,0.0,0.0,0.0,0.0,0.0,0.0,0,45
2023-24,33,850,Ethan Wheatley,FWD,Man Utd,14,3,0,2024-04-13T16:30:00Z,0,0,0,0,0,0,0,0,0.0,0.0,0.0,0.0,0.0,0.0,0.0,0.0,0,45
2023-24,33,851,Tyrique George,FWD,Chelsea,7,9,1,2024-04-15T19:00:00Z,0,0,0,0,0,0,0,0,0.0,0.0,0.0,0.0,0.0,0.0,0.0,0.0,0,45
2023-24,33,852,Kiano Dyer,MID,Chelsea,7,9,1,2024-04-15T19:00:00Z,0,0,0,0,0,0,0,0,0.0,0.0,0.0,0.0,0.0,0.0,0.0,0.0,0,45
