season,gw,element,name,position,team,team_id,opponent_team,was_home,kickoff_time,minutes,total_points,goals_scored,assists,clean_sheets,goals_conceded,bonus,bps,influence,creativity,threat,ict_index,expected_goals,expected_assists,expected_goal_involvements,expected_goals_conceded,starts,value
2023-24,35,1,Folarin Balogun,FWD,Arsenal,1,18,0,2024-04-28T13:00:00Z,0,0,0,0,0,0,0,0,0.0,0.0,0.0,0.0,0.0,0.0,0.0,0.0,0,44
2023-24,35,2,Cédric Alves Soares,DEF,Arsenal,1,18,0,2024-04-28T13:00:00Z,0,0,0,0,0,0,0,0,0.0,0.0,0.0,0.0,0.0,0.0,0.0,0.0,0,38
2023-24,35,3,Mohamed Elneny,MID,Arsenal,1,18,0,2024-04-28T13:00:00Z,0,0,0,0,0,0,0,0,0.0,0.0,0.0,0.0,0.0,0.0,0.0,0.0,0,44
2023-24,35,4,Fábio Ferreira Vieira,MID,Arsenal,1,18,0,2024-04-28T13:00:00Z,0,0,0,0,0,0,0,0,0.0,0.0,0.0,0.0,0.0,0.0,0.0,0.0,0,54
2023-24,35,5,Gabriel dos Santos Magalhães,DEF,Arsenal,1,18,0,2024-04-28T13:00:00Z,90,1,0,0,0,2,0,14,13.8,0.8,0.0,1.5,0.0,0.03,0.03,2.37,1,54
2023-24,35,6,Kai Havertz,MID,Arsenal,1,18,0,2024-04-28T13:00:00Z,90,13,1,1,0,2,3,40,62.4,23.9,39.0,12.5,0.41,0.26,0.67,2.37,1,74
2023-24,35,7,Rob Holding,DEF,Crystal Palace,8,10,0,2024-04-27T14:00:00Z,0,0,0,0,0,0,0,0,0.0,0.0,0.0,0.0,0.0,0.0,0.0,0.0,0,43
2023-24,35,8,Gabriel Fernando de Jesus,FWD,Arsenal,1,18,0,2024-04-28T13:00:00Z,0,0,0,0,0,0,0,0,0.0,0.0,0.0,0.0,0.0,0.0,0.0,0.0,0,77
2023-24,35,9,Jorge Luiz Frello Filho,MID,Arsenal,1,18,0,2024-04-28T13:00:00Z,0,0,0,0,0,0,0,0,0.0,0.0,0.0,0.0,0.0,0.0,0.0,0.0,0,53
2023-24,35,10,Jakub Kiwior,DEF,Arsenal,1,18,0,2024-04-28T13:00:00Z,1,1,0,0,0,0,0,3,0.0,0.0,0.0,0.0,0.0,0.0,0.0,0.02,0,43
2023-24,35,11,Marcus Oliveira Alencar,MID,Arsenal,1,18,0,2024-04-28T13:00:00Z,0,0,0,0,0,0,0,0,0.0,0.0,0.0,0.0,0.0,0.0,0.0,0.0,0,45
2023-24,35,12,Gabriel Martinelli Silva,MID,Arsenal,1,18,0,2024-04-28T13:00:00Z,27,1,0,0,0,2,0,8,6.0,0.0,9.0,1.5,0.02,0.0,0.02,1.23,0,76
2023-24,35,13,Eddie Nketiah,FWD,Arsenal,1,18,0,2024-04-28T13:00:00Z,0,0,0,0,0,0,0,0,0.0,0.0,0.0,0.0,0.0,0.0,0.0,0.0,0,50
2023-24,35,14,Martin Ødegaard,MID,Arsenal,1,18,0,2024-04-28T13:00:00Z,88,2,0,0,0,2,0,3,12.8,26.8,18.0,5.8,0.06,0.11,0.17,2.37,1,86
2023-24,35,15,Thomas Partey,MID,Arsenal,1,18,0,2024-04-28T13:00:00Z,90,1,0,0,0,2,0,13,13.4,5.0,0.0,1.8,0.0,0.02,0.02,2.37,1,48
2023-24,35,16,Nicolas Pépé,MID,Arsenal,1,18,0,2024-04-28T13:00:00Z,0,0,0,0,0,0,0,0,0.0,0.0,0.0,0.0,0.0,0.0,0.0,0.0,0,49
2023-24,35,17,Aaron Ramsdale,GK,Arsenal,1,18,0,2024-04-28T13:00:00Z,0,0,0,0,0,0,0,0,0.0,0.0,0.0,0.0,0.0,0.0,0.0,0.0,0,45
2023-24,35,18,Rúnar Alex Rúnarsson,GK,Arsenal,1,18,0,2024-04-28T13:00:00Z,0,0,0,0,0,0,0,0,0.0,0.0,0.0,0.0,0.0,0.0,0.0,0.0,0,40
2023-24,35,19,Bukayo Saka,MID,Arsenal,1,18,0,2024-04-28T13:00:00Z,90,12,1,1,0,2,2,31,52.6,13.8,43.0,10.9,0.41,0.02,0.43,2.37,1,90
2023-24,35,20,William Saliba,DEF,Arsenal,1,18,0,2024-04-28T13:00:00Z,90,1,0,0,0,2,0,14,23.2,0.7,0.0,2.4,0.0,0.0,0.0,2.37,1,59
2023-24,35,21,Albert Sambi Lokonga,MID,Luton,12,20,0,2024-04-27T14:00:00Z,90,1,0,0,0,2,0,8,17.0,2.9,2.0,2.2,0.0,0.01,0.01,1.21,1,49
2023-24,35,22,Emile Smith Rowe,MID,Arsenal,1,18,0,2024-04-28T13:00:00Z,0,0,0,0,0,0,0,0,0.0,0.0,0.0,0.0,0.0,0.0,0.0,0.0,0,53
2023-24,35,23,Nuno Varela Tavares,DEF,Nott'm Forest,16,13,1,2024-04-28T15:30:00Z,0,0,0,0,0,0,0,0,0.0,0.0,0.0,0.0,0.0,0.0,0.0,0.0,0,40
2023-24,35,24,Kieran Tierney,DEF,Arsenal,1,18,0,2024-04-28T13:00:00Z,0,0,0,0,0,0,0,0,0.0,0.0,0.0,0.0,0.0,0.0,0.0,0.0,0,44
2023-24,35,25,Takehiro Tomiyasu,DEF,Arsenal,1,18,0,2024-04-28T13:00:00Z,90,1,0,0,0,2,0,-1,4.4,1.6,4.0,1.0,0.03,0.01,0.04,2.37,1,45
2023-24,35,26,Leandro Trossard,MID,Arsenal,1,18,0,2024-04-28T13:00:00Z,62,3,0,0,1,0,0,6,4.4,1.3,11.0,1.7,0.06,0.03,0.09,1.13,1,65
2023-24,35,27,Auston Trusty,DEF,Sheffield Utd,17,15,0,2024-04-27T14:00:00Z,90,0,0,0,0,5,0,17,30.8,20.4,2.0,5.3,0.0,0.33,0.33,2.82,1,39
2023-24,35,28,Matt Turner,GK,Nott'm Forest,16,13,1,2024-04-28T15:30:00Z,0,0,0,0,0,0,0,0,0.0,0.0,0.0,0.0,0.0,0.0,0.0,0.0,0,38
2023-24,35,29,Benjamin White,DEF,Arsenal,1,18,0,2024-04-28T13:00:00Z,90,1,0,0,0,2,0,9,25.6,1.8,2.0,2.9,0.0,0.01,0.01,2.37,1,60
2023-24,35,30,Granit Xhaka,MID,Arsenal,1,18,0,2024-04-28T13:00:00Z,0,0,0,0,0,0,0,0,0.0,0.0,0.0,0.0,0.0,0.0,0.0,0.0,0,60
2023-24,35,31,Oleksandr Zinchenko,DEF,Arsenal,1,18,0,2024-04-28T13:00:00Z,0,0,0,0,0,0,0,0,0.0,0.0,0.0,0.0,0.0,0.0,0.0,0.0,0,50
2023-24,35,32,Alexandre Moreno Lopera,DEF,Aston Villa,2,7,1,2024-04-27T19:00:00Z,0,0,0,0,0,0,0,0,0.0,0.0,0.0,0.0,0.0,0.0,0.0,0.0,0,49
2023-24,35,33,Cameron Archer,FWD,Sheffield Utd,17,15,0,2024-04-27T14:00:00Z,66,2,0,0,0,4,0,9,4.4,28.3,13.0,4.6,0.28,0.03,0.31,2.09,1,42
2023-24,35,34,Leon Bailey,MID,Aston Villa,2,7,1,2024-04-27T19:00:00Z,74,1,0,0,0,1,0,-2,0.6,0.9,17.0,1.9,0.02,0.0,0.02,1.07,1,55
2023-24,35,35,Emiliano Buendía Stati,MID,Aston Villa,2,7,1,2024-04-27T19:00:00Z,0,0,0,0,0,0,0,0,0.0,0.0,0.0,0.0,0.0,0.0,0.0,0.0,0,57
2023-24,35,36,Matty Cash,DEF,Aston Villa,2,7,1,2024-04-27T19:00:00Z,90,4,0,1,0,2,0,20,37.8,21.5,0.0,5.9,0.0,0.11,0.11,1.37,1,45
2023-24,35,37,Calum Chambers,DEF,Aston Villa,2,7,1,2024-04-27T19:00:00Z,0,0,0,0,0,0,0,0,0.0,0.0,0.0,0.0,0.0,0.0,0.0,0.0,0,38
2023-24,35,38,Philippe Coutinho Correia,MID,Aston Villa,2,7,1,2024-04-27T19:00:00Z,0,0,0,0,0,0,0,0,0.0,0.0,0.0,0.0,0.0,0.0,0.0,0.0,0,58
2023-24,35,39,Keinan Davis,FWD,Aston Villa,2,7,1,2024-04-27T19:00:00Z,0,0,0,0,0,0,0,0,0.0,0.0,0.0,0.0,0.0,0.0,0.0,0.0,0,49
2023-24,35,40,Leander Dendoncker,MID,Aston Villa,2,7,1,2024-04-27T19:00:00Z,0,0,0,0,0,0,0,0,0.0,0.0,0.0,0.0,0.0,0.0,0.0,0.0,0,49
2023-24,35,41,Diego Carlos Santos Silva,DEF,Aston Villa,2,7,1,2024-04-27T19:00:00Z,15,1,0,0,0,1,0,3,2.4,0.1,0.0,0.3,0.0,0.0,0.0,0.31,0,44
2023-24,35,42,Lucas Digne,DEF,Aston Villa,2,7,1,2024-04-27T19:00:00Z,90,1,0,0,0,2,0,8,17.2,25.7,8.0,5.1,0.04,0.22,0.26,1.37,1,46
2023-24,35,43,Douglas Luiz Soares de Paulo,MID,Aston Villa,2,7,1,2024-04-27T19:00:00Z,74,1,0,0,0,1,0,0,0.0,4.2,0.0,0.3,0.0,0.03,0.03,1.07,1,54
2023-24,35,44,Jhon Durán,FWD,Aston Villa,2,7,1,2024-04-27T19:00:00Z,7,1,0,0,0,0,0,2,0.2,0.1,4.0,0.4,0.1,0.0,0.1,0.2,0,50
2023-24,35,45,Kortney Hause,DEF,Aston Villa,2,7,1,2024-04-27T19:00:00Z,0,0,0,0,0,0,0,0,0.0,0.0,0.0,0.0,0.0,0.0,0.0,0.0,0,39
2023-24,35,46,Tim Iroegbunam,MID,Aston Villa,2,7,1,2024-04-27T19:00:00Z,15,1,0,0,0,1,0,2,1.0,0.2,0.0,0.1,0.0,0.0,0.0,0.31,0,44
2023-24,35,47,Boubacar Kamara,MID,Aston Villa,2,7,1,2024-04-27T19:00:00Z,0,0,0,0,0,0,0,0,0.0,0.0,0.0,0.0,0.0,0.0,0.0,0.0,0,50
2023-24,35,48,Ezri Konsa Ngoyo,DEF,Aston Villa,2,7,1,2024-04-27T19:00:00Z,90,1,0,0,0,2,0,8,5.6,0.4,1.0,0.7,0.04,0.0,0.04,1.37,1,45
2023-24,35,49,Emiliano Martínez Romero,GK,Aston Villa,2,7,1,2024-04-27T19:00:00Z,45,1,0,0,0,0,0,6,5.2,0.0,0.0,0.5,0.0,0.0,0.0,0.52,1,53
2023-24,35,50,John McGinn,MID,Aston Villa,2,7,1,2024-04-27T19:00:00Z,90,5,0,1,0,2,0,15,5.2,10.8,6.0,2.2,0.36,0.02,0.38,1.37,1,53
2023-24,35,51,Tyrone Mings,DEF,Aston Villa,2,7,1,2024-04-27T19:00:00Z,0,0,0,0,0,0,0,0,0.0,0.0,0.0,0.0,0.0,0.0,0.0,0.0,0,41
2023-24,35,52,Marvelous Nakamba,MID,Luton,12,20,0,2024-04-27T14:00:00Z,0,0,0,0,0,0,0,0,0.0,0.0,0.0,0.0,0.0,0.0,0.0,0.0,0,43
2023-24,35,53,Robin Olsen,GK,Aston Villa,2,7,1,2024-04-27T19:00:00Z,45,0,0,0,0,2,0,8,14.2,0.0,0.0,1.4,0.0,0.0,0.0,0.85,0,39
2023-24,35,54,Jaden Philogene-Bidace,MID,Aston Villa,2,7,1,2024-04-27T19:00:00Z,0,0,0,0,0,0,0,0,0.0,0.0,0.0,0.0,0.0,0.0,0.0,0.0,0,45
2023-24,35,55,Jacob Ramsey,MID,Aston Villa,2,7,1,2024-04-27T19:00:00Z,0,0,0,0,0,0,0,0,0.0,0.0,0.0,0.0,0.0,0.0,0.0,0.0,0,59
2023-24,35,56,Morgan Sanson,MID,Aston Villa,2,7,1,2024-04-27T19:00:00Z,0,0,0,0,0,0,0,0,0.0,0.0,0.0,0.0,0.0,0.0,0.0,0.0,0,45
2023-24,35,57,Viljami Sinisalo,GK,Aston Villa,2,7,1,2024-04-27T19:00:00Z,0,0,0,0,0,0,0,0,0.0,0.0,0.0,0.0,0.0,0.0,0.0,0.0,0,40
2023-24,35,58,Youri Tielemans,MID,Aston Villa,2,7,1,2024-04-27T19:00:00Z,26,1,0,0,0,0,0,2,2.6,0.7,0.0,0.3,0.0,0.0,0.0,0.1,1,56
2023-24,35,59,Bertrand Traoré,MID,Aston Villa,2,7,1,2024-04-27T19:00:00Z,0,0,0,0,0,0,0,0,0.0,0.0,0.0,0.0,0.0,0.0,0.0,0.0,0,50
2023-24,35,60,Ollie Watkins,FWD,Aston Villa,2,7,1,2024-04-27T19:00:00Z,90,2,0,0,0,2,0,3,5.0,0.4,44.0,4.9,0.25,0.02,0.27,1.37,1,90
2023-24,35,61,Wesley Moraes Ferreira da Silva,FWD,Aston Villa,2,7,1,2024-04-27T19:00:00Z,0,0,0,0,0,0,0,0,0.0,0.0,0.0,0.0,0.0,0.0,0.0,0.0,0,50
2023-24,35,62,Jaidon Anthony,MID,Bournemouth,3,5,1,2024-04-28T13:00:00Z,0,0,0,0,0,0,0,0,0.0,0.0,0.0,0.0,0.0,0.0,0.0,0.0,0,49
2023-24,35,63,Philip Billing,MID,Bournemouth,3,5,1,2024-04-28T13:00:00Z,0,0,0,0,0,0,0,0,0.0,0.0,0.0,0.0,0.0,0.0,0.0,0.0,0,51
2023-24,35,64,David Brooks,MID,Bournemouth,3,5,1,2024-04-28T13:00:00Z,0,0,0,0,0,0,0,0,0.0,0.0,0.0,0.0,0.0,0.0,0.0,0.0,0,47
2023-24,35,65,Ryan Christie,MID,Bournemouth,3,5,1,2024-04-28T13:00:00Z,23,4,0,1,0,0,0,13,24.8,21.2,0.0,4.6,0.0,0.02,0.02,0.33,0,50
2023-24,35,66,Lewis Cook,MID,Bournemouth,3,5,1,2024-04-28T13:00:00Z,90,3,0,0,1,0,0,12,26.2,26.7,0.0,5.3,0.0,0.23,0.23,1.0,1,50
2023-24,35,67,Siriki Dembélé,MID,Bournemouth,3,5,1,2024-04-28T13:00:00Z,0,0,0,0,0,0,0,0,0.0,0.0,0.0,0.0,0.0,0.0,0.0,0.0,0,45
2023-24,35,68,Ryan Fredericks,DEF,Bournemouth,3,5,1,2024-04-28T13:00:00Z,0,0,0,0,0,0,0,0,0.0,0.0,0.0,0.0,0.0,0.0,0.0,0.0,0,43
2023-24,35,69,James Hill,DEF,Bournemouth,3,5,1,2024-04-28T13:00:00Z,1,1,0,0,0,0,0,3,0.0,0.0,0.0,0.0,0.0,0.0,0.0,0.0,0,40
2023-24,35,70,Lloyd Kelly,DEF,Bournemouth,3,5,1,2024-04-28T13:00:00Z,90,6,0,0,1,0,0,22,17.0,0.3,0.0,1.7,0.0,0.0,0.0,1.0,1,45
2023-24,35,71,Gavin Kilkenny,MID,Bournemouth,3,5,1,2024-04-28T13:00:00Z,0,0,0,0,0,0,0,0,0.0,0.0,0.0,0.0,0.0,0.0,0.0,0.0,0,43
2023-24,35,72,Justin Kluivert,MID,Bournemouth,3,5,1,2024-04-28T13:00:00Z,90,7,1,0,1,0,0,13,32.6,1.8,46.0,8.0,0.61,0.02,0.63,1.0,1,46
2023-24,35,73,Jamal Lowe,MID,Bournemouth,3,5,1,2024-04-28T13:00:00Z,0,0,0,0,0,0,0,0,0.0,0.0,0.0,0.0,0.0,0.0,0.0,0.0,0,49
2023-24,35,74,Emiliano Marcondes,MID,Bournemouth,3,5,1,2024-04-28T13:00:00Z,0,0,0,0,0,0,0,0,0.0,0.0,0.0,0.0,0.0,0.0,0.0,0.0,0,43
2023-24,35,75,Chris Mepham,DEF,Bournemouth,3,5,1,2024-04-28T13:00:00Z,0,0,0,0,0,0,0,0,0.0,0.0,0.0,0.0,0.0,0.0,0.0,0.0,0,43
2023-24,35,76,Kieffer Moore,FWD,Bournemouth,3,5,1,2024-04-28T13:00:00Z,0,0,0,0,0,0,0,0,0.0,0.0,0.0,0.0,0.0,0.0,0.0,0.0,0,46
2023-24,35,77,Norberto Murara Neto,GK,Bournemouth,3,5,1,2024-04-28T13:00:00Z,0,0,0,0,0,0,0,0,0.0,0.0,0.0,0.0,0.0,0.0,0.0,0.0,0,47
2023-24,35,78,Dango Ouattara,MID,Bournemouth,3,5,1,2024-04-28T13:00:00Z,90,6,0,1,1,0,0,19,31.4,24.8,4.0,6.0,0.0,0.17,0.17,1.0,1,47
2023-24,35,79,Ben Pearson,MID,Bournemouth,3,5,1,2024-04-28T13:00:00Z,0,0,0,0,0,0,0,0,0.0,0.0,0.0,0.0,0.0,0.0,0.0,0.0,0,45
2023-24,35,80,Darren Randolph,GK,Bournemouth,3,5,1,2024-04-28T13:00:00Z,0,0,0,0,0,0,0,0,0.0,0.0,0.0,0.0,0.0,0.0,0.0,0.0,0,39
2023-24,35,81,Joe Rothwell,MID,Bournemouth,3,5,1,2024-04-28T13:00:00Z,0,0,0,0,0,0,0,0,0.0,0.0,0.0,0.0,0.0,0.0,0.0,0.0,0,48
2023-24,35,82,Antoine Semenyo,FWD,Bournemouth,3,5,1,2024-04-28T13:00:00Z,90,2,0,0,1,0,0,4,14.0,30.8,10.0,5.5,0.04,0.33,0.37,1.0,1,45
2023-24,35,83,Marcos Senesi,DEF,Bournemouth,3,5,1,2024-04-28T13:00:00Z,90,13,1,0,1,0,2,30,38.0,0.4,33.0,7.1,0.58,0.02,0.6,1.0,1,44
2023-24,35,84,Adam Smith,DEF,Bournemouth,3,5,1,2024-04-28T13:00:00Z,90,7,0,0,1,0,1,23,12.2,0.3,1.0,1.4,0.03,0.0,0.03,1.0,1,44
2023-24,35,85,Dominic Solanke,FWD,Bournemouth,3,5,1,2024-04-28T13:00:00Z,90,2,0,0,1,0,0,13,13.8,13.7,24.0,5.2,0.29,0.1,0.39,1.0,1,73
2023-24,35,86,Marcus Tavernier,MID,Bournemouth,3,5,1,2024-04-28T13:00:00Z,0,0,0,0,0,0,0,0,0.0,0.0,0.0,0.0,0.0,0.0,0.0,0.0,0,50
2023-24,35,87,Hamed Traorè,MID,Bournemouth,3,5,1,2024-04-28T13:00:00Z,0,0,0,0,0,0,0,0,0.0,0.0,0.0,0.0,0.0,0.0,0.0,0.0,0,47
2023-24,35,88,Mark Travers,GK,Bournemouth,3,5,1,2024-04-28T13:00:00Z,90,6,0,0,1,0,0,22,11.6,0.0,0.0,1.2,0.0,0.0,0.0,1.0,1,40
2023-24,35,89,Illia Zabarnyi,DEF,Bournemouth,3,5,1,2024-04-28T13:00:00Z,0,0,0,0,0,0,0,0,0.0,0.0,0.0,0.0,0.0,0.0,0.0,0.0,0,45
2023-24,35,90,Kristoffer Ajer,DEF,Brentford,4,9,0,2024-04-27T16:30:00Z,83,2,0,0,0,1,0,13,6.2,1.3,2.0,1.0,0.0,0.02,0.02,0.74,1,44
2023-24,35,91,Ellery Balcombe,GK,Brentford,4,9,0,2024-04-27T16:30:00Z,0,0,0,0,0,0,0,0,0.0,0.0,0.0,0.0,0.0,0.0,0.0,0.0,0,39
2023-24,35,92,Shandon Baptiste,MID,Brentford,4,9,0,2024-04-27T16:30:00Z,0,0,0,0,0,0,0,0,0.0,0.0,0.0,0.0,0.0,0.0,0.0,0.0,0,43
2023-24,35,93,Mads Bech Sørensen,DEF,Brentford,4,9,0,2024-04-27T16:30:00Z,0,0,0,0,0,0,0,0,0.0,0.0,0.0,0.0,0.0,0.0,0.0,0.0,0,40
2023-24,35,94,Mads Bidstrup,MID,Brentford,4,9,0,2024-04-27T16:30:00Z,0,0,0,0,0,0,0,0,0.0,0.0,0.0,0.0,0.0,0.0,0.0,0.0,0,45
2023-24,35,95,Sergi Canós Tenés,MID,Brentford,4,9,0,2024-04-27T16:30:00Z,0,0,0,0,0,0,0,0,0.0,0.0,0.0,0.0,0.0,0.0,0.0,0.0,0,50
2023-24,35,96,Nathan Collins,DEF,Brentford,4,9,0,2024-04-27T16:30:00Z,90,2,0,0,0,1,0,17,39.8,1.4,0.0,4.1,0.0,0.03,0.03,0.77,1,45
2023-24,35,97,Matthew Cox,GK,Brentford,4,9,0,2024-04-27T16:30:00Z,0,0,0,0,0,0,0,0,0.0,0.0,0.0,0.0,0.0,0.0,0.0,0.0,0,40
2023-24,35,98,Mikkel Damsgaard,MID,Brentford,4,9,0,2024-04-27T16:30:00Z,23,1,0,0,0,0,0,3,4.2,11.9,8.0,2.4,0.03,0.06,0.09,0.04,0,48
2023-24,35,99,Josh Dasilva,MID,Brentford,4,9,0,2024-04-27T16:30:00Z,0,0,0,0,0,0,0,0,0.0,0.0,0.0,0.0,0.0,0.0,0.0,0.0,0,47
2023-24,35,100,Halil Dervişoğlu,FWD,Brentford,4,9,0,2024-04-27T16:30:00Z,0,0,0,0,0,0,0,0,0.0,0.0,0.0,0.0,0.0,0.0,0.0,0.0,0,45
2023-24,35,101,Mark Flekken,GK,Brentford,4,9,0,2024-04-27T16:30:00Z,90,2,0,0,0,1,0,13,8.0,0.0,0.0,0.8,0.0,0.0,0.0,0.77,1,47
2023-24,35,102,Charlie Goode,DEF,Brentford,4,9,0,2024-04-27T16:30:00Z,0,0,0,0,0,0,0,0,0.0,0.0,0.0,0.0,0.0,0.0,0.0,0.0,0,39
2023-24,35,103,Rico Henry,DEF,Brentford,4,9,0,2024-04-27T16:30:00Z,0,0,0,0,0,0,0,0,0.0,0.0,0.0,0.0,0.0,0.0,0.0,0.0,0,43
2023-24,35,104,Aaron Hickey,DEF,Brentford,4,9,0,2024-04-27T16:30:00Z,0,0,0,0,0,0,0,0,0.0,0.0,0.0,0.0,0.0,0.0,0.0,0.0,0,43
2023-24,35,105,Vitaly Janelt,MID,Brentford,4,9,0,2024-04-27T16:30:00Z,66,2,0,0,0,1,0,12,6.2,13.8,2.0,2.2,0.0,0.11,0.11,0.74,1,53
2023-24,35,106,Mathias Jensen,MID,Brentford,4,9,0,2024-04-27T16:30:00Z,90,2,0,0,0,1,0,21,17.0,45.3,5.0,6.7,0.1,0.12,0.22,0.77,1,53
2023-24,35,107,Keane Lewis-Potter,MID,Brentford,4,9,0,2024-04-27T16:30:00Z,22,1,0,0,0,0,0,3,5.4,1.5,23.0,3.0,0.08,0.01,0.09,0.04,0,47
2023-24,35,108,Bryan Mbeumo,MID,Brentford,4,9,0,2024-04-27T16:30:00Z,90,1,0,0,0,1,0,-3,6.2,5.8,7.0,1.9,0.04,0.02,0.06,0.77,1,68
2023-24,35,109,Ben Mee,DEF,Brentford,4,9,0,2024-04-27T16:30:00Z,0,0,0,0,0,0,0,0,0.0,0.0,0.0,0.0,0.0,0.0,0.0,0.0,0,48
2023-24,35,110,Christian Nørgaard,MID,Brentford,4,9,0,2024-04-27T16:30:00Z,77,2,0,0,0,1,0,14,8.2,6.6,2.0,1.7,0.0,0.01,0.01,0.74,1,52
2023-24,35,111,Frank Onyeka,MID,Brentford,4,9,0,2024-04-27T16:30:00Z,0,0,0,0,0,0,0,0,0.0,0.0,0.0,0.0,0.0,0.0,0.0,0.0,0,49
2023-24,35,112,Ethan Pinnock,DEF,Brentford,4,9,0,2024-04-27T16:30:00Z,90,2,0,0,0,1,0,12,17.6,0.5,4.0,2.2,0.04,0.0,0.04,0.77,1,45
2023-24,35,113,David Raya Martin,GK,Arsenal,1,18,0,2024-04-28T13:00:00Z,90,1,0,0,0,2,0,6,0.0,0.0,0.0,0.0,0.0,0.0,0.0,2.37,1,52
2023-24,35,114,Mads Roerslev Rasmussen,DEF,Brentford,4,9,0,2024-04-27T16:30:00Z,6,1,0,0,0,0,0,2,0.4,0.2,0.0,0.1,0.0,0.0,0.0,0.04,0,44
2023-24,35,115,Kevin Schade,MID,Brentford,4,9,0,2024-04-27T16:30:00Z,13,1,0,0,0,0,0,4,4.0,0.0,9.0,1.3,0.03,0.0,0.03,0.04,0,52
2023-24,35,116,Thomas Strakosha,GK,Brentford,4,9,0,2024-04-27T16:30:00Z,0,0,0,0,0,0,0,0,0.0,0.0,0.0,0.0,0.0,0.0,0.0,0.0,0,39
2023-24,35,117,Ivan Toney,FWD,Brentford,4,9,0,2024-04-27T16:30:00Z,90,2,0,0,0,1,0,2,11.4,2.9,52.0,6.6,0.48,0.04,0.52,0.77,1,79
2023-24,35,118,Ryan Trevitt,MID,Brentford,4,9,0,2024-04-27T16:30:00Z,0,0,0,0,0,0,0,0,0.0,0.0,0.0,0.0,0.0,0.0,0.0,0.0,0,45
2023-24,35,119,Yoane Wissa,FWD,Brentford,4,9,0,2024-04-27T16:30:00Z,67,2,0,0,0,1,0,6,5.4,1.3,6.0,1.3,0.0,0.01,0.01,0.74,1,57
2023-24,35,120,Yegor Yarmoliuk,MID,Brentford,4,9,0,2024-04-27T16:30:00Z,12,1,0,0,0,0,0,3,2.2,10.8,2.0,1.5,0.0,0.02,0.02,0.04,0,42
2023-24,35,121,Mathias Jorgensen,DEF,Brentford,4,9,0,2024-04-27T16:30:00Z,0,0,0,0,0,0,0,0,0.0,0.0,0.0,0.0,0.0,0.0,0.0,0.0,0,43
2023-24,35,122,Simon Adingra,MID,Brighton,5,3,0,2024-04-28T13:00:00Z,65,2,0,0,0,2,0,4,5.6,3.7,14.0,2.3,0.04,0.03,0.07,1.95,1,50
2023-24,35,123,Steven Alzate,MID,Brighton,5,3,0,2024-04-28T13:00:00Z,0,0,0,0,0,0,0,0,0.0,0.0,0.0,0.0,0.0,0.0,0.0,0.0,0,44
2023-24,35,124,Yasin Ayari,MID,Brighton,5,3,0,2024-04-28T13:00:00Z,0,0,0,0,0,0,0,0,0.0,0.0,0.0,0.0,0.0,0.0,0.0,0.0,0,45
2023-24,35,125,Facundo Buonanotte,MID,Brighton,5,3,0,2024-04-28T13:00:00Z,90,2,0,0,0,3,0,8,11.2,5.3,37.0,5.4,0.39,0.05,0.44,2.26,1,47
2023-24,35,126,Moisés Caicedo Corozo,MID,Chelsea,7,18,1,2024-05-02T18:30:00Z,90,3,0,0,1,0,0,9,25.0,1.4,0.0,2.6,0.0,0.01,0.01,1.54,1,45
2023-24,35,127,Aaron Connolly,FWD,Brighton,5,3,0,2024-04-28T13:00:00Z,0,0,0,0,0,0,0,0,0.0,0.0,0.0,0.0,0.0,0.0,0.0,0.0,0,45
2023-24,35,128,Mahmoud Dahoud,MID,Brighton,5,3,0,2024-04-28T13:00:00Z,0,0,0,0,0,0,0,0,0.0,0.0,0.0,0.0,0.0,0.0,0.0,0.0,0,48
2023-24,35,129,Lewis Dunk,DEF,Brighton,5,3,0,2024-04-28T13:00:00Z,90,1,0,0,0,3,0,18,39.0,1.2,0.0,4.0,0.0,0.01,0.01,2.26,1,52
2023-24,35,130,Julio Enciso,MID,Brighton,5,3,0,2024-04-28T13:00:00Z,24,1,0,0,0,1,0,5,2.4,12.4,5.0,2.0,0.15,0.02,0.17,0.31,0,50
2023-24,35,131,Pervis Estupiñán,DEF,Brighton,5,3,0,2024-04-28T13:00:00Z,0,0,0,0,0,0,0,0,0.0,0.0,0.0,0.0,0.0,0.0,0.0,0.0,0,48
2023-24,35,132,Evan Ferguson,FWD,Brighton,5,3,0,2024-04-28T13:00:00Z,0,0,0,0,0,0,0,0,0.0,0.0,0.0,0.0,0.0,0.0,0.0,0.0,0,57
2023-24,35,133,Billy Gilmour,MID,Brighton,5,3,0,2024-04-28T13:00:00Z,90,1,0,0,0,3,0,10,19.4,32.1,5.0,5.7,0.06,0.19,0.25,2.26,1,48
2023-24,35,134,Pascal Groß,MID,Brighton,5,3,0,2024-04-28T13:00:00Z,90,2,0,0,0,3,0,18,21.8,40.3,2.0,6.4,0.0,0.23,0.23,2.26,1,62
2023-24,35,135,João Pedro Junqueira de Jesus,FWD,Brighton,5,3,0,2024-04-28T13:00:00Z,87,2,0,0,0,3,0,14,13.0,49.1,30.0,9.2,0.19,0.1,0.29,2.26,1,52
2023-24,35,136,Michał Karbownik,DEF,Brighton,5,3,0,2024-04-28T13:00:00Z,0,0,0,0,0,0,0,0,0.0,0.0,0.0,0.0,0.0,0.0,0.0,0.0,0,40
2023-24,35,137,Kacper Kozłowski,MID,Brighton,5,3,0,2024-04-28T13:00:00Z,0,0,0,0,0,0,0,0,0.0,0.0,0.0,0.0,0.0,0.0,0.0,0.0,0,45
2023-24,35,138,Adam Lallana,MID,Brighton,5,3,0,2024-04-28T13:00:00Z,0,0,0,0,0,0,0,0,0.0,0.0,0.0,0.0,0.0,0.0,0.0,0.0,0,49
2023-24,35,139,Tariq Lamptey,DEF,Brighton,5,3,0,2024-04-28T13:00:00Z,0,0,0,0,0,0,0,0,0.0,0.0,0.0,0.0,0.0,0.0,0.0,0.0,0,39
2023-24,35,140,Solly March,MID,Brighton,5,3,0,2024-04-28T13:00:00Z,0,0,0,0,0,0,0,0,0.0,0.0,0.0,0.0,0.0,0.0,0.0,0.0,0,61
2023-24,35,141,Tom McGill,GK,Brighton,5,3,0,2024-04-28T13:00:00Z,0,0,0,0,0,0,0,0,0.0,0.0,0.0,0.0,0.0,0.0,0.0,0.0,0,39
2023-24,35,142,James Milner,MID,Brighton,5,3,0,2024-04-28T13:00:00Z,0,0,0,0,0,0,0,0,0.0,0.0,0.0,0.0,0.0,0.0,0.0,0.0,0,48
2023-24,35,143,Kaoru Mitoma,MID,Brighton,5,3,0,2024-04-28T13:00:00Z,0,0,0,0,0,0,0,0,0.0,0.0,0.0,0.0,0.0,0.0,0.0,0.0,0,64
2023-24,35,144,Jakub Moder,MID,Brighton,5,3,0,2024-04-28T13:00:00Z,0,0,0,0,0,0,0,0,0.0,0.0,0.0,0.0,0.0,0.0,0.0,0.0,0,44
2023-24,35,145,Robert Sánchez,GK,Chelsea,7,18,1,2024-05-02T18:30:00Z,0,0,0,0,0,0,0,0,0.0,0.0,0.0,0.0,0.0,0.0,0.0,0.0,0,45
2023-24,35,146,Jeremy Sarmiento Morante,MID,Brighton,5,3,0,2024-04-28T13:00:00Z,0,0,0,0,0,0,0,0,0.0,0.0,0.0,0.0,0.0,0.0,0.0,0.0,0,45
2023-24,35,147,Kjell Scherpen,GK,Brighton,5,3,0,2024-04-28T13:00:00Z,0,0,0,0,0,0,0,0,0.0,0.0,0.0,0.0,0.0,0.0,0.0,0.0,0,40
2023-24,35,148,Jason Steele,GK,Brighton,5,3,0,2024-04-28T13:00:00Z,0,0,0,0,0,0,0,0,0.0,0.0,0.0,0.0,0.0,0.0,0.0,0.0,0,41
2023-24,35,149,Deniz Undav,FWD,Brighton,5,3,0,2024-04-28T13:00:00Z,0,0,0,0,0,0,0,0,0.0,0.0,0.0,0.0,0.0,0.0,0.0,0.0,0,55
2023-24,35,150,Jan Paul van Hecke,DEF,Brighton,5,3,0,2024-04-28T13:00:00Z,0,0,0,0,0,0,0,0,0.0,0.0,0.0,0.0,0.0,0.0,0.0,0.0,0,41
2023-24,35,151,Joël Veltman,DEF,Brighton,5,3,0,2024-04-28T13:00:00Z,16,1,0,0,0,1,0,7,13.6,0.6,0.0,1.4,0.0,0.01,0.01,0.27,0,43
2023-24,35,152,Bart Verbruggen,GK,Brighton,5,3,0,2024-04-28T13:00:00Z,90,2,0,0,0,3,0,22,22.6,0.0,0.0,2.3,0.0,0.0,0.0,2.26,1,44
2023-24,35,153,Adam Webster,DEF,Brighton,5,3,0,2024-04-28T13:00:00Z,16,1,0,0,0,1,0,6,8.8,0.1,0.0,0.9,0.0,0.0,0.0,0.27,0,42
2023-24,35,154,Danny Welbeck,FWD,Brighton,5,3,0,2024-04-28T13:00:00Z,45,1,0,0,0,2,0,6,4.8,11.4,2.0,1.8,0.0,0.04,0.04,1.12,0,57
2023-24,35,155,Andi Zeqiri,FWD,Brighton,5,3,0,2024-04-28T13:00:00Z,0,0,0,0,0,0,0,0,0.0,0.0,0.0,0.0,0.0,0.0,0.0,0.0,0,44
2023-24,35,156,Enock Agyei,MID,Burnley,6,14,0,2024-04-27T14:00:00Z,0,0,0,0,0,0,0,0,0.0,0.0,0.0,0.0,0.0,0.0,0.0,0.0,0,42
2023-24,35,157,Ameen Al-Dakhil,DEF,Burnley,6,14,0,2024-04-27T14:00:00Z,0,0,0,0,0,0,0,0,0.0,0.0,0.0,0.0,0.0,0.0,0.0,0.0,0,38
2023-24,35,158,Samuel Bastien,MID,Burnley,6,14,0,2024-04-27T14:00:00Z,0,0,0,0,0,0,0,0,0.0,0.0,0.0,0.0,0.0,0.0,0.0,0.0,0,49
2023-24,35,159,Manuel Benson Hedilazio,MID,Burnley,6,14,0,2024-04-27T14:00:00Z,0,0,0,0,0,0,0,0,0.0,0.0,0.0,0.0,0.0,0.0,0.0,0.0,0,52
2023-24,35,160,Jordan Beyer,DEF,Burnley,6,14,0,2024-04-27T14:00:00Z,0,0,0,0,0,0,0,0,0.0,0.0,0.0,0.0,0.0,0.0,0.0,0.0,0,39
2023-24,35,161,Josh Brownhill,MID,Burnley,6,14,0,2024-04-27T14:00:00Z,0,0,0,0,0,0,0,0,0.0,0.0,0.0,0.0,0.0,0.0,0.0,0.0,0,47
2023-24,35,162,Darko Churlinov,MID,Burnley,6,14,0,2024-04-27T14:00:00Z,0,0,0,0,0,0,0,0,0.0,0.0,0.0,0.0,0.0,0.0,0.0,0.0,0,44
2023-24,35,163,Jack Cork,MID,Burnley,6,14,0,2024-04-27T14:00:00Z,0,0,0,0,0,0,0,0,0.0,0.0,0.0,0.0,0.0,0.0,0.0,0.0,0,48
2023-24,35,164,Dara Costelloe,MID,Burnley,6,14,0,2024-04-27T14:00:00Z,0,0,0,0,0,0,0,0,0.0,0.0,0.0,0.0,0.0,0.0,0.0,0.0,0,45
2023-24,35,165,Josh Cullen,MID,Burnley,6,14,0,2024-04-27T14:00:00Z,90,1,0,0,0,1,0,12,14.4,23.5,3.0,4.1,0.02,0.02,0.04,2.71,1,50
2023-24,35,166,CJ Egan-Riley,DEF,Burnley,6,14,0,2024-04-27T14:00:00Z,0,0,0,0,0,0,0,0,0.0,0.0,0.0,0.0,0.0,0.0,0.0,0.0,0,39
2023-24,35,167,Hjalmar Ekdal,DEF,Burnley,6,14,0,2024-04-27T14:00:00Z,0,0,0,0,0,0,0,0,0.0,0.0,0.0,0.0,0.0,0.0,0.0,0.0,0,39
2023-24,35,168,Lyle Foster,FWD,Burnley,6,14,0,2024-04-27T14:00:00Z,90,2,0,0,0,1,0,3,8.4,16.7,38.0,6.3,0.57,0.05,0.62,2.71,1,47
2023-24,35,169,Denis Franchi,GK,Burnley,6,14,0,2024-04-27T14:00:00Z,0,0,0,0,0,0,0,0,0.0,0.0,0.0,0.0,0.0,0.0,0.0,0.0,0,39
2023-24,35,170,Jóhann Berg Gudmundsson,MID,Burnley,6,14,0,2024-04-27T14:00:00Z,18,1,0,0,0,1,0,2,0.2,1.6,0.0,0.2,0.0,0.03,0.03,0.85,0,48
2023-24,35,171,Luke McNally,DEF,Burnley,6,14,0,2024-04-27T14:00:00Z,0,0,0,0,0,0,0,0,0.0,0.0,0.0,0.0,0.0,0.0,0.0,0.0,0,40
2023-24,35,172,Arijanet Muric,GK,Burnley,6,14,0,2024-04-27T14:00:00Z,90,8,0,0,0,1,3,30,63.8,10.0,0.0,7.4,0.0,0.0,0.0,2.71,1,43
2023-24,35,173,Dara O'Shea,DEF,Burnley,6,14,0,2024-04-27T14:00:00Z,90,2,0,0,0,1,0,11,19.4,3.8,6.0,2.9,0.11,0.01,0.12,2.71,1,44
2023-24,35,174,Michael Obafemi,FWD,Burnley,6,14,0,2024-04-27T14:00:00Z,0,0,0,0,0,0,0,0,0.0,0.0,0.0,0.0,0.0,0.0,0.0,0.0,0,49
2023-24,35,175,Bailey Peacock-Farrell,GK,Burnley,6,14,0,2024-04-27T14:00:00Z,0,0,0,0,0,0,0,0,0.0,0.0,0.0,0.0,0.0,0.0,0.0,0.0,0,40
2023-24,35,176,Connor Roberts,DEF,Burnley,6,14,0,2024-04-27T14:00:00Z,0,0,0,0,0,0,0,0,0.0,0.0,0.0,0.0,0.0,0.0,0.0,0.0,0,43
2023-24,35,177,Jay Rodriguez,FWD,Burnley,6,14,0,2024-04-27T14:00:00Z,0,0,0,0,0,0,0,0,0.0,0.0,0.0,0.0,0.0,0.0,0.0,0.0,0,53
2023-24,35,178,Charlie Taylor,DEF,Burnley,6,14,0,2024-04-27T14:00:00Z,0,0,0,0,0,0,0,0,0.0,0.0,0.0,0.0,0.0,0.0,0.0,0.0,0,39
2023-24,35,179,Bobby Thomas,DEF,Burnley,6,14,0,2024-04-27T14:00:00Z,0,0,0,0,0,0,0,0,0.0,0.0,0.0,0.0,0.0,0.0,0.0,0.0,0,40
2023-24,35,180,Scott Twine,MID,Burnley,6,14,0,2024-04-27T14:00:00Z,0,0,0,0,0,0,0,0,0.0,0.0,0.0,0.0,0.0,0.0,0.0,0.0,0,49
2023-24,35,181,Lawrence Vigouroux,GK,Burnley,6,14,0,2024-04-27T14:00:00Z,0,0,0,0,0,0,0,0,0.0,0.0,0.0,0.0,0.0,0.0,0.0,0.0,0,39
2023-24,35,182,Victor da Silva,DEF,Burnley,6,14,0,2024-04-27T14:00:00Z,90,2,0,0,0,1,0,3,10.4,5.3,7.0,2.3,0.02,0.01,0.03,2.71,1,44
2023-24,35,183,Wout Weghorst,FWD,Burnley,6,14,0,2024-04-27T14:00:00Z,0,0,0,0,0,0,0,0,0.0,0.0,0.0,0.0,0.0,0.0,0.0,0.0,0,55
2023-24,35,184,Anass Zaroury,MID,Burnley,6,14,0,2024-04-27T14:00:00Z,0,0,0,0,0,0,0,0,0.0,0.0,0.0,0.0,0.0,0.0,0.0,0.0,0,46
2023-24,35,185,Ethan Ampadu,DEF,Chelsea,7,18,1,2024-05-02T18:30:00Z,0,0,0,0,0,0,0,0,0.0,0.0,0.0,0.0,0.0,0.0,0.0,0.0,0,40
2023-24,35,186,Andrey Nascimento dos Santos,MID,Chelsea,7,18,1,2024-05-02T18:30:00Z,0,0,0,0,0,0,0,0,0.0,0.0,0.0,0.0,0.0,0.0,0.0,0.0,0,42
2023-24,35,187,Kepa Arrizabalaga,GK,Chelsea,7,18,1,2024-05-02T18:30:00Z,0,0,0,0,0,0,0,0,0.0,0.0,0.0,0.0,0.0,0.0,0.0,0.0,0,50
2023-24,35,188,Pierre-Emerick Aubameyang,FWD,Chelsea,7,18,1,2024-05-02T18:30:00Z,0,0,0,0,0,0,0,0,0.0,0.0,0.0,0.0,0.0,0.0,0.0,0.0,0,65
2023-24,35,189,César Azpilicueta,DEF,Chelsea,7,18,1,2024-05-02T18:30:00Z,0,0,0,0,0,0,0,0,0.0,0.0,0.0,0.0,0.0,0.0,0.0,0.0,0,45
2023-24,35,190,Abdul Rahman Baba,DEF,Chelsea,7,18,1,2024-05-02T18:30:00Z,0,0,0,0,0,0,0,0,0.0,0.0,0.0,0.0,0.0,0.0,0.0,0.0,0,40
2023-24,35,191,Benoît Badiashile,DEF,Chelsea,7,18,1,2024-05-02T18:30:00Z,90,6,0,0,1,0,0,26,21.6,1.2,5.0,2.8,0.01,0.01,0.02,1.54,1,44
2023-24,35,192,Marcus Bettinelli,GK,Chelsea,7,18,1,2024-05-02T18:30:00Z,0,0,0,0,0,0,0,0,0.0,0.0,0.0,0.0,0.0,0.0,0.0,0.0,0,40
2023-24,35,193,Armando Broja,FWD,Fulham,10,8,1,2024-04-27T14:00:00Z,5,1,0,0,0,1,0,2,0.0,0.3,0.0,0.0,0.0,0.0,0.0,0.14,0,49
2023-24,35,194,Trevoh Chalobah,DEF,Chelsea,7,18,1,2024-05-02T18:30:00Z,90,15,1,0,1,0,3,38,43.4,1.1,17.0,6.2,0.05,0.01,0.06,1.54,1,43
2023-24,35,195,Ben Chilwell,DEF,Chelsea,7,18,1,2024-05-02T18:30:00Z,0,0,0,0,0,0,0,0,0.0,0.0,0.0,0.0,0.0,0.0,0.0,0.0,0,54
2023-24,35,196,Carney Chukwuemeka,MID,Chelsea,7,18,1,2024-05-02T18:30:00Z,0,0,0,0,0,0,0,0,0.0,0.0,0.0,0.0,0.0,0.0,0.0,0.0,0,42
2023-24,35,197,Levi Colwill,DEF,Chelsea,7,18,1,2024-05-02T18:30:00Z,0,0,0,0,0,0,0,0,0.0,0.0,0.0,0.0,0.0,0.0,0.0,0.0,0,46
2023-24,35,198,Marc Cucurella Saseta,DEF,Chelsea,7,18,1,2024-05-02T18:30:00Z,90,8,0,0,1,0,2,28,20.4,1.3,4.0,2.6,0.0,0.01,0.01,1.54,1,48
2023-24,35,199,Enzo Fernández,MID,Chelsea,7,18,1,2024-05-02T18:30:00Z,0,0,0,0,0,0,0,0,0.0,0.0,0.0,0.0,0.0,0.0,0.0,0.0,0,48
2023-24,35,200,David Datro Fofana,FWD,Burnley,6,14,0,2024-04-27T14:00:00Z,56,1,0,0,0,0,0,2,12.2,12.0,19.0,4.3,0.14,0.03,0.17,1.81,1,50
2023-24,35,201,Wesley Fofana,DEF,Chelsea,7,18,1,2024-05-02T18:30:00Z,0,0,0,0,0,0,0,0,0.0,0.0,0.0,0.0,0.0,0.0,0.0,0.0,0,44
2023-24,35,202,Conor Gallagher,MID,Chelsea,7,18,1,2024-05-02T18:30:00Z,90,6,0,1,1,0,0,21,27.4,12.3,0.0,4.0,0.0,0.06,0.06,1.54,1,54
2023-24,35,203,Malo Gusto,DEF,Chelsea,7,18,1,2024-05-02T18:30:00Z,0,0,0,0,0,0,0,0,0.0,0.0,0.0,0.0,0.0,0.0,0.0,0.0,0,43
2023-24,35,204,Lewis Hall,DEF,Newcastle,15,17,1,2024-04-27T14:00:00Z,81,2,0,0,0,1,0,14,9.0,1.6,21.0,3.2,0.08,0.01,0.09,1.39,1,42
2023-24,35,205,Callum Hudson-Odoi,MID,Nott'm Forest,16,13,1,2024-04-28T15:30:00Z,90,2,0,0,0,2,0,14,10.2,35.3,14.0,6.0,0.07,0.17,0.24,0.84,1,47
2023-24,35,206,Reece James,DEF,Chelsea,7,18,1,2024-05-02T18:30:00Z,0,0,0,0,0,0,0,0,0.0,0.0,0.0,0.0,0.0,0.0,0.0,0.0,0,53
2023-24,35,207,Romelu Lukaku Bolingoli,FWD,Chelsea,7,18,1,2024-05-02T18:30:00Z,0,0,0,0,0,0,0,0,0.0,0.0,0.0,0.0,0.0,0.0,0.0,0.0,0,68
2023-24,35,208,Noni Madueke,MID,Chelsea,7,18,1,2024-05-02T18:30:00Z,90,3,0,0,1,0,0,10,16.6,22.8,11.0,5.0,0.07,0.07,0.14,1.54,1,53
2023-24,35,209,Mason Mount,MID,Man Utd,14,6,1,2024-04-27T14:00:00Z,1,1,0,0,0,0,0,4,4.4,10.1,0.0,1.5,0.0,0.0,0.0,0.1,0,68
2023-24,35,210,Mykhailo Mudryk,MID,Chelsea,7,18,1,2024-05-02T18:30:00Z,74,3,0,0,1,0,0,12,11.2,35.4,46.0,9.3,0.21,0.12,0.33,0.97,1,63
2023-24,35,211,Nicolas Jackson,FWD,Chelsea,7,18,1,2024-05-02T18:30:00Z,90,6,1,0,1,0,0,25,41.2,1.8,24.0,6.7,0.57,0.01,0.58,1.53,1,69
2023-24,35,212,Christopher Nkunku,FWD,Chelsea,7,18,1,2024-05-02T18:30:00Z,0,0,0,0,0,0,0,0,0.0,0.0,0.0,0.0,0.0,0.0,0.0,0.0,0,72
2023-24,35,213,Christian Pulisic,MID,Chelsea,7,18,1,2024-05-02T18:30:00Z,0,0,0,0,0,0,0,0,0.0,0.0,0.0,0.0,0.0,0.0,0.0,0.0,0,55
2023-24,35,214,Malang Sarr,DEF,Chelsea,7,18,1,2024-05-02T18:30:00Z,0,0,0,0,0,0,0,0,0.0,0.0,0.0,0.0,0.0,0.0,0.0,0.0,0,43
2023-24,35,215,Gabriel Słonina,GK,Chelsea,7,18,1,2024-05-02T18:30:00Z,0,0,0,0,0,0,0,0,0.0,0.0,0.0,0.0,0.0,0.0,0.0,0.0,0,40
2023-24,35,216,Raheem Sterling,MID,Chelsea,7,18,1,2024-05-02T18:30:00Z,0,0,0,0,0,0,0,0,0.0,0.0,0.0,0.0,0.0,0.0,0.0,0.0,0,68
2023-24,35,217,Thiago Emiliano da Silva,DEF,Chelsea,7,18,1,2024-05-02T18:30:00Z,0,0,0,0,0,0,0,0,0.0,0.0,0.0,0.0,0.0,0.0,0.0,0.0,0,50
2023-24,35,218,Hakim Ziyech,MID,Chelsea,7,18,1,2024-05-02T18:30:00Z,0,0,0,0,0,0,0,0,0.0,0.0,0.0,0.0,0.0,0.0,0.0,0.0,0,54
2023-24,35,219,Naouirou Ahamada,MID,Crystal Palace,8,10,0,2024-04-27T14:00:00Z,5,1,0,0,0,0,0,2,1.2,0.8,0.0,0.2,0.0,0.0,0.0,0.08,0,43
2023-24,35,220,Joachim Andersen,DEF,Crystal Palace,8,10,0,2024-04-27T14:00:00Z,90,1,0,0,0,1,0,7,12.4,0.6,2.0,1.5,0.0,0.01,0.01,1.14,1,47
2023-24,35,221,Jordan Ayew,MID,Crystal Palace,8,10,0,2024-04-27T14:00:00Z,75,2,0,0,0,1,0,9,9.8,4.2,8.0,2.2,0.0,0.01,0.01,1.0,1,54
2023-24,35,222,Nathaniel Clyne,DEF,Crystal Palace,8,10,0,2024-04-27T14:00:00Z,90,2,0,0,0,1,0,15,11.8,2.0,1.0,1.5,0.02,0.01,0.03,1.14,1,43
2023-24,35,223,Cheick Doucouré,MID,Crystal Palace,8,10,0,2024-04-27T14:00:00Z,0,0,0,0,0,0,0,0,0.0,0.0,0.0,0.0,0.0,0.0,0.0,0.0,0,48
2023-24,35,224,Malcolm Ebiowei,MID,Crystal Palace,8,10,0,2024-04-27T14:00:00Z,0,0,0,0,0,0,0,0,0.0,0.0,0.0,0.0,0.0,0.0,0.0,0.0,0,44
2023-24,35,225,Odsonne Edouard,FWD,Crystal Palace,8,10,0,2024-04-27T14:00:00Z,21,1,0,0,0,0,0,2,9.2,11.0,23.0,4.3,0.05,0.03,0.08,0.21,0,53
2023-24,35,226,Eberechi Eze,MID,Crystal Palace,8,10,0,2024-04-27T14:00:00Z,0,0,0,0,0,0,0,0,0.0,0.0,0.0,0.0,0.0,0.0,0.0,0.0,0,61
2023-24,35,227,Vicente Guaita,GK,Crystal Palace,8,10,0,2024-04-27T14:00:00Z,0,0,0,0,0,0,0,0,0.0,0.0,0.0,0.0,0.0,0.0,0.0,0.0,0,44
2023-24,35,228,Marc Guéhi,DEF,Crystal Palace,8,10,0,2024-04-27T14:00:00Z,0,0,0,0,0,0,0,0,0.0,0.0,0.0,0.0,0.0,0.0,0.0,0.0,0,42
2023-24,35,229,Will Hughes,MID,Crystal Palace,8,10,0,2024-04-27T14:00:00Z,90,1,0,0,0,1,0,5,0.0,12.8,6.0,1.9,0.06,0.02,0.08,1.14,1,49
2023-24,35,230,Sam Johnstone,GK,Crystal Palace,8,10,0,2024-04-27T14:00:00Z,0,0,0,0,0,0,0,0,0.0,0.0,0.0,0.0,0.0,0.0,0.0,0.0,0,43
2023-24,35,231,Jefferson Lerma Solís,MID,Crystal Palace,8,10,0,2024-04-27T14:00:00Z,0,0,0,0,0,0,0,0,0.0,0.0,0.0,0.0,0.0,0.0,0.0,0.0,0,47
2023-24,35,232,Jean-Philippe Mateta,FWD,Crystal Palace,8,10,0,2024-04-27T14:00:00Z,68,2,0,0,0,1,0,-4,0.0,2.3,10.0,1.0,0.26,0.03,0.29,0.93,1,51
2023-24,35,233,Remi Matthews,GK,Crystal Palace,8,10,0,2024-04-27T14:00:00Z,0,0,0,0,0,0,0,0,0.0,0.0,0.0,0.0,0.0,0.0,0.0,0.0,0,39
2023-24,35,234,Tyrick Mitchell,DEF,Crystal Palace,8,10,0,2024-04-27T14:00:00Z,84,2,0,0,0,1,0,10,8.2,16.2,4.0,2.8,0.0,0.24,0.24,1.05,1,45
2023-24,35,235,Jake O'Brien,DEF,Crystal Palace,8,10,0,2024-04-27T14:00:00Z,0,0,0,0,0,0,0,0,0.0,0.0,0.0,0.0,0.0,0.0,0.0,0.0,0,40
2023-24,35,236,Michael Olise,MID,Crystal Palace,8,10,0,2024-04-27T14:00:00Z,90,2,0,0,0,1,0,13,20.2,42.4,27.0,9.0,0.42,0.45,0.87,1.14,1,56
2023-24,35,237,Luke Plange,FWD,Crystal Palace,8,10,0,2024-04-27T14:00:00Z,0,0,0,0,0,0,0,0,0.0,0.0,0.0,0.0,0.0,0.0,0.0,0.0,0,45
2023-24,35,238,Chris Richards,DEF,Crystal Palace,8,10,0,2024-04-27T14:00:00Z,90,2,0,0,0,1,0,17,24.4,1.0,6.0,3.1,0.08,0.01,0.09,1.14,1,39
2023-24,35,239,Jairo Riedewald,MID,Crystal Palace,8,10,0,2024-04-27T14:00:00Z,0,0,0,0,0,0,0,0,0.0,0.0,0.0,0.0,0.0,0.0,0.0,0.0,0,43
2023-24,35,240,Jeffrey Schlupp,MID,Crystal Palace,8,10,0,2024-04-27T14:00:00Z,14,9,1,0,0,0,3,26,41.2,10.5,7.0,5.9,0.08,0.0,0.08,0.14,0,48
2023-24,35,241,James Tomkins,DEF,Crystal Palace,8,10,0,2024-04-27T14:00:00Z,0,0,0,0,0,0,0,0,0.0,0.0,0.0,0.0,0.0,0.0,0.0,0.0,0,40
2023-24,35,242,Joel Ward,DEF,Crystal Palace,8,10,0,2024-04-27T14:00:00Z,0,0,0,0,0,0,0,0,0.0,0.0,0.0,0.0,0.0,0.0,0.0,0.0,0,45
2023-24,35,243,Joe Whitworth,GK,Crystal Palace,8,10,0,2024-04-27T14:00:00Z,0,0,0,0,0,0,0,0,0.0,0.0,0.0,0.0,0.0,0.0,0.0,0.0,0,39
2023-24,35,244,André Tavares Gomes,MID,Everton,9,4,1,2024-04-27T16:30:00Z,0,0,0,0,0,0,0,0,0.0,0.0,0.0,0.0,0.0,0.0,0.0,0.0,0,44
2023-24,35,245,Jarrad Branthwaite,DEF,Everton,9,4,1,2024-04-27T16:30:00Z,90,6,0,0,1,0,0,23,17.0,0.6,6.0,2.4,0.0,0.02,0.02,0.84,1,43
2023-24,35,246,Dominic Calvert-Lewin,FWD,Everton,9,4,1,2024-04-27T16:30:00Z,0,0,0,0,0,0,0,0,0.0,0.0,0.0,0.0,0.0,0.0,0.0,0.0,0,58
2023-24,35,247,Seamus Coleman,DEF,Everton,9,4,1,2024-04-27T16:30:00Z,0,0,0,0,0,0,0,0,0.0,0.0,0.0,0.0,0.0,0.0,0.0,0.0,0,44
2023-24,35,248,Dele Alli,MID,Everton,9,4,1,2024-04-27T16:30:00Z,0,0,0,0,0,0,0,0,0.0,0.0,0.0,0.0,0.0,0.0,0.0,0.0,0,48
2023-24,35,249,Abdoulaye Doucouré,MID,Everton,9,4,1,2024-04-27T16:30:00Z,90,3,0,0,1,0,0,6,0.4,16.4,6.0,2.3,0.14,0.06,0.2,0.84,1,55
2023-24,35,250,James Garner,MID,Everton,9,4,1,2024-04-27T16:30:00Z,90,3,0,0,1,0,0,11,10.8,24.8,8.0,4.4,0.07,0.04,0.11,0.84,1,49
2023-24,35,251,Jean-Philippe Gbamin,MID,Everton,9,4,1,2024-04-27T16:30:00Z,0,0,0,0,0,0,0,0,0.0,0.0,0.0,0.0,0.0,0.0,0.0,0.0,0,44
2023-24,35,252,Ben Godfrey,DEF,Everton,9,4,1,2024-04-27T16:30:00Z,90,6,0,0,1,0,0,20,10.0,5.7,5.0,2.1,0.04,0.01,0.05,0.84,1,43
2023-24,35,253,Demarai Gray,MID,Everton,9,4,1,2024-04-27T16:30:00Z,0,0,0,0,0,0,0,0,0.0,0.0,0.0,0.0,0.0,0.0,0.0,0.0,0,53
2023-24,35,254,Idrissa Gueye,MID,Everton,9,4,1,2024-04-27T16:30:00Z,77,10,1,0,1,0,2,30,35.6,6.7,20.0,6.2,0.06,0.07,0.13,0.74,1,48
2023-24,35,255,Mason Holgate,DEF,Sheffield Utd,17,15,0,2024-04-27T14:00:00Z,66,0,0,0,0,4,0,3,5.0,0.7,7.0,1.3,0.21,0.0,0.21,2.09,1,40
2023-24,35,256,Alex Iwobi,MID,Fulham,10,8,1,2024-04-27T14:00:00Z,90,2,0,0,0,1,0,10,7.8,13.8,6.0,2.8,0.0,0.02,0.02,1.01,1,53
2023-24,35,257,Michael Keane,DEF,Everton,9,4,1,2024-04-27T16:30:00Z,1,1,0,0,0,0,0,3,0.0,0.0,0.0,0.0,0.0,0.0,0.0,0.0,0,43
2023-24,35,258,Neal Maupay,FWD,Brentford,4,9,0,2024-04-27T16:30:00Z,0,0,0,0,0,0,0,0,0.0,0.0,0.0,0.0,0.0,0.0,0.0,0.0,0,49
2023-24,35,259,Dwight McNeil,MID,Everton,9,4,1,2024-04-27T16:30:00Z,90,3,0,0,1,0,0,15,15.8,54.2,18.0,8.8,0.21,0.42,0.63,0.84,1,54
2023-24,35,260,Vitalii Mykolenko,DEF,Everton,9,4,1,2024-04-27T16:30:00Z,0,0,0,0,0,0,0,0,0.0,0.0,0.0,0.0,0.0,0.0,0.0,0.0,0,46
2023-24,35,261,Amadou Onana,MID,Everton,9,4,1,2024-04-27T16:30:00Z,12,1,0,0,0,0,0,5,8.6,1.1,2.0,1.2,0.0,0.01,0.01,0.1,0,47
2023-24,35,262,Nathan Patterson,DEF,Everton,9,4,1,2024-04-27T16:30:00Z,0,0,0,0,0,0,0,0,0.0,0.0,0.0,0.0,0.0,0.0,0.0,0.0,0,43
2023-24,35,263,Jordan Pickford,GK,Everton,9,4,1,2024-04-27T16:30:00Z,90,10,0,0,1,0,3,31,31.2,0.0,0.0,3.1,0.0,0.01,0.01,0.84,1,47
2023-24,35,264,Ellis Simms,FWD,Everton,9,4,1,2024-04-27T16:30:00Z,0,0,0,0,0,0,0,0,0.0,0.0,0.0,0.0,0.0,0.0,0.0,0.0,0,45
2023-24,35,265,James Tarkowski,DEF,Everton,9,4,1,2024-04-27T16:30:00Z,90,5,0,0,1,0,0,24,25.8,1.2,7.0,3.4,0.06,0.01,0.07,0.84,1,46
2023-24,35,266,João Neves Virgínia,GK,Everton,9,4,1,2024-04-27T16:30:00Z,0,0,0,0,0,0,0,0,0.0,0.0,0.0,0.0,0.0,0.0,0.0,0.0,0,39
2023-24,35,267,Andreas Hoelgebaum Pereira,MID,Fulham,10,8,1,2024-04-27T14:00:00Z,84,3,0,0,1,0,0,13,6.0,27.0,0.0,3.3,0.0,0.1,0.1,0.87,1,53
2023-24,35,268,Tom Cairney,MID,Fulham,10,8,1,2024-04-27T14:00:00Z,5,1,0,0,0,1,0,1,0.6,0.6,0.0,0.1,0.0,0.0,0.0,0.14,0,49
2023-24,35,269,Ivan Neves Abreu Cavaleiro,MID,Fulham,10,8,1,2024-04-27T14:00:00Z,0,0,0,0,0,0,0,0,0.0,0.0,0.0,0.0,0.0,0.0,0.0,0.0,0,50
2023-24,35,270,Bobby De Cordova-Reid,MID,Fulham,10,8,1,2024-04-27T14:00:00Z,67,3,0,0,1,0,0,3,0.0,1.2,11.0,1.1,0.21,0.07,0.28,0.7,1,52
2023-24,35,271,Issa Diop,DEF,Fulham,10,8,1,2024-04-27T14:00:00Z,90,2,0,0,0,1,0,18,26.6,0.5,4.0,3.1,0.08,0.01,0.09,1.01,1,44
2023-24,35,272,Tyrese Francois,MID,Fulham,10,8,1,2024-04-27T14:00:00Z,0,0,0,0,0,0,0,0,0.0,0.0,0.0,0.0,0.0,0.0,0.0,0.0,0,44
2023-24,35,273,Anthony Knockaert,MID,Fulham,10,8,1,2024-04-27T14:00:00Z,0,0,0,0,0,0,0,0,0.0,0.0,0.0,0.0,0.0,0.0,0.0,0.0,0,44
2023-24,35,274,Terence Kongolo,DEF,Fulham,10,8,1,2024-04-27T14:00:00Z,0,0,0,0,0,0,0,0,0.0,0.0,0.0,0.0,0.0,0.0,0.0,0.0,0,40
2023-24,35,275,Bernd Leno,GK,Fulham,10,8,1,2024-04-27T14:00:00Z,90,3,0,0,0,1,0,17,22.4,0.0,0.0,2.2,0.0,0.0,0.0,1.01,1,48
2023-24,35,276,Saša Lukić,MID,Fulham,10,8,1,2024-04-27T14:00:00Z,21,1,0,0,0,1,0,3,8.4,10.4,2.0,2.1,0.0,0.0,0.0,0.32,0,43
2023-24,35,277,Kevin Mbabu,DEF,Fulham,10,8,1,2024-04-27T14:00:00Z,0,0,0,0,0,0,0,0,0.0,0.0,0.0,0.0,0.0,0.0,0.0,0.0,0,40
2023-24,35,278,Aleksandar Mitrović,FWD,Fulham,10,8,1,2024-04-27T14:00:00Z,0,0,0,0,0,0,0,0,0.0,0.0,0.0,0.0,0.0,0.0,0.0,0.0,0,74
2023-24,35,279,Rodrigo Muniz Carvalho,FWD,Fulham,10,8,1,2024-04-27T14:00:00Z,84,6,1,0,1,0,0,21,36.6,1.4,76.0,11.4,0.71,0.02,0.73,0.87,1,45
2023-24,35,280,João Palhinha Gonçalves,MID,Fulham,10,8,1,2024-04-27T14:00:00Z,68,3,0,0,1,0,0,16,20.0,11.6,0.0,3.2,0.0,0.11,0.11,0.7,1,50
2023-24,35,281,Tim Ream,DEF,Fulham,10,8,1,2024-04-27T14:00:00Z,0,0,0,0,0,0,0,0,0.0,0.0,0.0,0.0,0.0,0.0,0.0,0.0,0,44
2023-24,35,282,Harrison Reed,MID,Fulham,10,8,1,2024-04-27T14:00:00Z,84,3,0,0,1,0,0,14,4.8,4.6,4.0,1.3,0.06,0.01,0.07,0.87,1,44
2023-24,35,283,Antonee Robinson,DEF,Fulham,10,8,1,2024-04-27T14:00:00Z,90,2,0,0,0,1,0,18,19.8,5.2,2.0,2.7,0.0,0.03,0.03,1.01,1,46
2023-24,35,284,Marek Rodák,GK,Fulham,10,8,1,2024-04-27T14:00:00Z,0,0,0,0,0,0,0,0,0.0,0.0,0.0,0.0,0.0,0.0,0.0,0.0,0,39
2023-24,35,285,Kenny Tete,DEF,Fulham,10,8,1,2024-04-27T14:00:00Z,0,0,0,0,0,0,0,0,0.0,0.0,0.0,0.0,0.0,0.0,0.0,0.0,0,44
2023-24,35,286,Tosin Adarabioyo,DEF,Fulham,10,8,1,2024-04-27T14:00:00Z,0,0,0,0,0,0,0,0,0.0,0.0,0.0,0.0,0.0,0.0,0.0,0.0,0,43
2023-24,35,287,Carlos Vinícius Alves Morais,FWD,Fulham,10,8,1,2024-04-27T14:00:00Z,0,0,0,0,0,0,0,0,0.0,0.0,0.0,0.0,0.0,0.0,0.0,0.0,0,45
2023-24,35,288,Harry Wilson,MID,Fulham,10,8,1,2024-04-27T14:00:00Z,5,1,0,0,0,1,0,3,0.0,0.3,2.0,0.2,0.08,0.0,0.08,0.14,0,53
2023-24,35,289,Adrián San Miguel del Castillo,GK,Liverpool,11,19,0,2024-04-27T11:30:00Z,0,0,0,0,0,0,0,0,0.0,0.0,0.0,0.0,0.0,0.0,0.0,0.0,0,39
2023-24,35,290,Trent Alexander-Arnold,DEF,Liverpool,11,19,0,2024-04-27T11:30:00Z,77,1,0,0,0,2,0,17,21.6,42.5,30.0,9.4,0.2,0.43,0.63,0.66,1,84
2023-24,35,291,Alisson Ramses Becker,GK,Liverpool,11,19,0,2024-04-27T11:30:00Z,90,3,0,0,0,2,0,20,44.6,0.0,0.0,4.5,0.0,0.0,0.0,0.7,1,57
2023-24,35,292,Stefan Bajcetic,MID,Liverpool,11,19,0,2024-04-27T11:30:00Z,0,0,0,0,0,0,0,0,0.0,0.0,0.0,0.0,0.0,0.0,0.0,0.0,0,47
2023-24,35,293,Darwin Núñez Ribeiro,FWD,Liverpool,11,19,0,2024-04-27T11:30:00Z,11,1,0,0,0,0,0,4,2.0,10.3,2.0,1.4,0.0,0.0,0.0,0.04,0,77
2023-24,35,294,Diogo Teixeira da Silva,MID,Liverpool,11,19,0,2024-04-27T11:30:00Z,0,0,0,0,0,0,0,0,0.0,0.0,0.0,0.0,0.0,0.0,0.0,0.0,0,79
2023-24,35,295,Harvey Elliott,MID,Liverpool,11,19,0,2024-04-27T11:30:00Z,90,2,0,0,0,2,0,7,9.6,12.1,30.0,5.2,0.28,0.07,0.35,0.7,1,48
2023-24,35,296,Fabio Henrique Tavares,MID,Liverpool,11,19,0,2024-04-27T11:30:00Z,0,0,0,0,0,0,0,0,0.0,0.0,0.0,0.0,0.0,0.0,0.0,0.0,0,50
2023-24,35,297,Cody Gakpo,FWD,Liverpool,11,19,0,2024-04-27T11:30:00Z,90,2,0,0,0,2,0,11,5.6,24.3,46.0,7.6,0.46,0.08,0.54,0.7,1,71
2023-24,35,298,Joe Gomez,DEF,Liverpool,11,19,0,2024-04-27T11:30:00Z,12,1,0,0,0,0,0,3,3.0,0.5,0.0,0.4,0.0,0.0,0.0,0.04,0,46
2023-24,35,299,Jordan Henderson,MID,Liverpool,11,19,0,2024-04-27T11:30:00Z,0,0,0,0,0,0,0,0,0.0,0.0,0.0,0.0,0.0,0.0,0.0,0.0,0,50
2023-24,35,300,Curtis Jones,MID,Liverpool,11,19,0,2024-04-27T11:30:00Z,0,0,0,0,0,0,0,0,0.0,0.0,0.0,0.0,0.0,0.0,0.0,0.0,0,49
2023-24,35,301,Caoimhin Kelleher,GK,Liverpool,11,19,0,2024-04-27T11:30:00Z,0,0,0,0,0,0,0,0,0.0,0.0,0.0,0.0,0.0,0.0,0.0,0.0,0,38
2023-24,35,302,Ibrahima Konaté,DEF,Liverpool,11,19,0,2024-04-27T11:30:00Z,0,0,0,0,0,0,0,0,0.0,0.0,0.0,0.0,0.0,0.0,0.0,0.0,0,49
2023-24,35,303,Luis Díaz,MID,Liverpool,11,19,0,2024-04-27T11:30:00Z,78,5,0,1,0,2,0,23,37.2,77.9,62.0,17.7,0.15,0.33,0.48,0.66,1,78
2023-24,35,304,Alexis Mac Allister,MID,Liverpool,11,19,0,2024-04-27T11:30:00Z,90,1,0,0,0,2,0,9,25.8,54.3,24.0,10.4,0.2,0.26,0.46,0.7,1,59
2023-24,35,305,Joel Matip,DEF,Liverpool,11,19,0,2024-04-27T11:30:00Z,0,0,0,0,0,0,0,0,0.0,0.0,0.0,0.0,0.0,0.0,0.0,0.0,0,48
2023-24,35,306,Nathaniel Phillips,DEF,Liverpool,11,19,0,2024-04-27T11:30:00Z,0,0,0,0,0,0,0,0,0.0,0.0,0.0,0.0,0.0,0.0,0.0,0.0,0,40
2023-24,35,307,Andrew Robertson,DEF,Liverpool,11,19,0,2024-04-27T11:30:00Z,90,9,1,0,0,2,2,33,63.4,72.8,44.0,18.0,0.11,0.4,0.51,0.7,1,65
2023-24,35,308,Mohamed Salah,MID,Liverpool,11,19,0,2024-04-27T11:30:00Z,11,1,0,0,0,0,0,3,0.6,2.4,4.0,0.7,0.0,0.02,0.02,0.04,0,136
2023-24,35,309,Dominik Szoboszlai,MID,Liverpool,11,19,0,2024-04-27T11:30:00Z,1,1,0,0,0,0,0,2,0.0,0.5,4.0,0.4,0.0,0.01,0.01,0.04,0,71
2023-24,35,310,Thiago Alcántara do Nascimento,MID,Liverpool,11,19,0,2024-04-27T11:30:00Z,0,0,0,0,0,0,0,0,0.0,0.0,0.0,0.0,0.0,0.0,0.0,0.0,0,47
2023-24,35,311,Konstantinos Tsimikas,DEF,Liverpool,11,19,0,2024-04-27T11:30:00Z,0,0,0,0,0,0,0,0,0.0,0.0,0.0,0.0,0.0,0.0,0.0,0.0,0,44
2023-24,35,312,Sepp van den Berg,DEF,Liverpool,11,19,0,2024-04-27T11:30:00Z,0,0,0,0,0,0,0,0,0.0,0.0,0.0,0.0,0.0,0.0,0.0,0.0,0,40
2023-24,35,313,Virgil van Dijk,DEF,Liverpool,11,19,0,2024-04-27T11:30:00Z,90,1,0,0,0,2,0,15,10.8,1.5,11.0,2.3,0.14,0.01,0.15,0.7,1,67
2023-24,35,314,Elijah Adebayo,FWD,Luton,12,20,0,2024-04-27T14:00:00Z,12,1,0,0,0,0,0,0,0.2,0.8,2.0,0.3,0.0,0.0,0.0,0.0,0,48
2023-24,35,315,Mads Juel Andersen,DEF,Luton,12,20,0,2024-04-27T14:00:00Z,0,0,0,0,0,0,0,0,0.0,0.0,0.0,0.0,0.0,0.0,0.0,0.0,0,38
2023-24,35,316,Amari'i Bell,DEF,Luton,12,20,0,2024-04-27T14:00:00Z,0,0,0,0,0,0,0,0,0.0,0.0,0.0,0.0,0.0,0.0,0.0,0.0,0,39
2023-24,35,317,Luke Berry,MID,Luton,12,20,0,2024-04-27T14:00:00Z,24,1,0,0,0,0,0,1,6.4,0.8,17.0,2.4,0.07,0.0,0.07,0.39,0,46
2023-24,35,318,Reece Burke,DEF,Luton,12,20,0,2024-04-27T14:00:00Z,90,4,0,1,0,2,0,25,43.6,22.8,4.0,7.0,0.0,0.11,0.11,1.21,1,40
2023-24,35,319,Allan Campbell,MID,Luton,12,20,0,2024-04-27T14:00:00Z,0,0,0,0,0,0,0,0,0.0,0.0,0.0,0.0,0.0,0.0,0.0,0.0,0,49
2023-24,35,320,Jordan Clark,MID,Luton,12,20,0,2024-04-27T14:00:00Z,65,2,0,0,0,2,0,12,16.4,21.1,19.0,5.7,0.04,0.21,0.25,0.82,1,48
2023-24,35,321,Alfie Doughty,DEF,Luton,12,20,0,2024-04-27T14:00:00Z,87,1,0,0,0,2,0,12,9.4,29.3,0.0,3.9,0.0,0.04,0.04,1.21,1,45
2023-24,35,322,Luke Freeman,MID,Luton,12,20,0,2024-04-27T14:00:00Z,0,0,0,0,0,0,0,0,0.0,0.0,0.0,0.0,0.0,0.0,0.0,0.0,0,49
2023-24,35,323,Matt Macey,GK,Luton,12,20,0,2024-04-27T14:00:00Z,0,0,0,0,0,0,0,0,0.0,0.0,0.0,0.0,0.0,0.0,0.0,0.0,0,40
2023-24,35,324,John McAtee,FWD,Luton,12,20,0,2024-04-27T14:00:00Z,0,0,0,0,0,0,0,0,0.0,0.0,0.0,0.0,0.0,0.0,0.0,0.0,0,45
2023-24,35,325,Carlos Mendes Gomes,MID,Luton,12,20,0,2024-04-27T14:00:00Z,0,0,0,0,0,0,0,0,0.0,0.0,0.0,0.0,0.0,0.0,0.0,0.0,0,45
2023-24,35,326,Carlton Morris,FWD,Luton,12,20,0,2024-04-27T14:00:00Z,90,7,1,0,0,2,1,26,47.6,4.8,55.0,10.7,0.37,0.03,0.4,1.21,1,48
2023-24,35,327,Admiral Muskwe,FWD,Luton,12,20,0,2024-04-27T14:00:00Z,0,0,0,0,0,0,0,0,0.0,0.0,0.0,0.0,0.0,0.0,0.0,0.0,0,45
2023-24,35,328,Chiedozie Ogbene,FWD,Luton,12,20,0,2024-04-27T14:00:00Z,0,0,0,0,0,0,0,0,0.0,0.0,0.0,0.0,0.0,0.0,0.0,0.0,0,48
2023-24,35,329,Fred Onyedinma,MID,Luton,12,20,0,2024-04-27T14:00:00Z,2,1,0,0,0,0,0,0,0.0,0.3,0.0,0.0,0.0,0.0,0.0,0.0,0,50
2023-24,35,330,Gabriel Osho,DEF,Luton,12,20,0,2024-04-27T14:00:00Z,90,1,0,0,0,2,0,15,14.8,2.2,4.0,2.1,0.0,0.01,0.01,1.21,1,44
2023-24,35,331,Aribim Pepple,FWD,Luton,12,20,0,2024-04-27T14:00:00Z,0,0,0,0,0,0,0,0,0.0,0.0,0.0,0.0,0.0,0.0,0.0,0.0,0,45
2023-24,35,332,Dion Pereira,MID,Luton,12,20,0,2024-04-27T14:00:00Z,0,0,0,0,0,0,0,0,0.0,0.0,0.0,0.0,0.0,0.0,0.0,0.0,0,44
2023-24,35,333,Dan Potts,DEF,Luton,12,20,0,2024-04-27T14:00:00Z,0,0,0,0,0,0,0,0,0.0,0.0,0.0,0.0,0.0,0.0,0.0,0.0,0,39
2023-24,35,334,Glen Rea,MID,Luton,12,20,0,2024-04-27T14:00:00Z,0,0,0,0,0,0,0,0,0.0,0.0,0.0,0.0,0.0,0.0,0.0,0.0,0,44
2023-24,35,335,James Shea,GK,Luton,12,20,0,2024-04-27T14:00:00Z,0,0,0,0,0,0,0,0,0.0,0.0,0.0,0.0,0.0,0.0,0.0,0.0,0,42
2023-24,35,336,Joe Taylor,FWD,Luton,12,20,0,2024-04-27T14:00:00Z,0,0,0,0,0,0,0,0,0.0,0.0,0.0,0.0,0.0,0.0,0.0,0.0,0,45
2023-24,35,337,Elliot Thorpe,MID,Luton,12,20,0,2024-04-27T14:00:00Z,0,0,0,0,0,0,0,0,0.0,0.0,0.0,0.0,0.0,0.0,0.0,0.0,0,45
2023-24,35,338,Jack Walton,GK,Luton,12,20,0,2024-04-27T14:00:00Z,0,0,0,0,0,0,0,0,0.0,0.0,0.0,0.0,0.0,0.0,0.0,0.0,0,40
2023-24,35,339,Louie Watson,MID,Luton,12,20,0,2024-04-27T14:00:00Z,0,0,0,0,0,0,0,0,0.0,0.0,0.0,0.0,0.0,0.0,0.0,0.0,0,44
2023-24,35,340,Cauley Woodrow,FWD,Luton,12,20,0,2024-04-27T14:00:00Z,24,1,0,0,0,0,0,1,0.8,2.2,5.0,0.8,0.08,0.01,0.09,0.39,0,43
2023-24,35,341,Manuel Akanji,DEF,Man City,13,16,0,2024-04-28T15:30:00Z,90,8,0,0,1,0,2,31,10.8,10.3,0.0,2.1,0.0,0.0,0.0,1.64,1,50
2023-24,35,342,Nathan Aké,DEF,Man City,13,16,0,2024-04-28T15:30:00Z,90,6,0,0,1,0,0,29,21.6,1.0,0.0,2.3,0.0,0.01,0.01,1.64,1,50
2023-24,35,343,Julián Álvarez,FWD,Man City,13,16,0,2024-04-28T15:30:00Z,88,2,0,0,1,0,0,10,3.8,25.5,4.0,3.3,0.09,0.04,0.13,1.64,1,64
2023-24,35,344,Bernardo Veiga de Carvalho e Silva,MID,Man City,13,16,0,2024-04-28T15:30:00Z,90,3,0,0,1,0,0,10,11.6,7.4,4.0,2.3,0.0,0.05,0.05,1.64,1,62
2023-24,35,345,Oscar Bobb,MID,Man City,13,16,0,2024-04-28T15:30:00Z,1,1,0,0,0,0,0,2,4.4,10.6,0.0,1.5,0.0,0.04,0.04,0.0,0,44
2023-24,35,346,João Cancelo,DEF,Man City,13,16,0,2024-04-28T15:30:00Z,0,0,0,0,0,0,0,0,0.0,0.0,0.0,0.0,0.0,0.0,0.0,0.0,0,58
2023-24,35,347,Scott Carson,GK,Man City,13,16,0,2024-04-28T15:30:00Z,0,0,0,0,0,0,0,0,0.0,0.0,0.0,0.0,0.0,0.0,0.0,0.0,0,38
2023-24,35,348,Shea Charles,MID,Man City,13,16,0,2024-04-28T15:30:00Z,0,0,0,0,0,0,0,0,0.0,0.0,0.0,0.0,0.0,0.0,0.0,0.0,0,45
2023-24,35,349,Kevin De Bruyne,MID,Man City,13,16,0,2024-04-28T15:30:00Z,88,11,0,2,1,0,2,31,43.8,46.3,36.0,12.6,0.21,0.25,0.46,1.64,1,104
2023-24,35,350,Rúben Gato Alves Dias,DEF,Man City,13,16,0,2024-04-28T15:30:00Z,0,0,0,0,0,0,0,0,0.0,0.0,0.0,0.0,0.0,0.0,0.0,0.0,0,55
2023-24,35,351,Tommy Doyle,MID,Wolves,20,12,1,2024-04-27T14:00:00Z,0,0,0,0,0,0,0,0,0.0,0.0,0.0,0.0,0.0,0.0,0.0,0.0,0,44
2023-24,35,352,Ederson Santana de Moraes,GK,Man City,13,16,0,2024-04-28T15:30:00Z,45,1,0,0,0,0,0,6,10.6,0.0,0.0,1.1,0.0,0.0,0.0,1.27,1,55
2023-24,35,353,Phil Foden,MID,Man City,13,16,0,2024-04-28T15:30:00Z,0,0,0,0,0,0,0,0,0.0,0.0,0.0,0.0,0.0,0.0,0.0,0.0,0,83
2023-24,35,354,Jack Grealish,MID,Man City,13,16,0,2024-04-28T15:30:00Z,61,3,0,0,1,0,0,4,2.6,16.6,8.0,2.7,0.0,0.06,0.06,1.53,1,72
2023-24,35,355,Erling Haaland,FWD,Man City,13,16,0,2024-04-28T15:30:00Z,28,5,1,0,0,0,0,26,37.0,3.0,36.0,7.6,0.43,0.04,0.47,0.11,0,141
2023-24,35,356,Mateo Kovačić,MID,Man City,13,16,0,2024-04-28T15:30:00Z,45,1,0,0,0,0,0,13,14.0,3.7,0.0,1.8,0.0,0.02,0.02,0.36,0,46
2023-24,35,357,Aymeric Laporte,DEF,Man City,13,16,0,2024-04-28T15:30:00Z,0,0,0,0,0,0,0,0,0.0,0.0,0.0,0.0,0.0,0.0,0.0,0.0,0,49
2023-24,35,358,Rico Lewis,DEF,Man City,13,16,0,2024-04-28T15:30:00Z,0,0,0,0,0,0,0,0,0.0,0.0,0.0,0.0,0.0,0.0,0.0,0.0,0,42
2023-24,35,359,Riyad Mahrez,MID,Man City,13,16,0,2024-04-28T15:30:00Z,0,0,0,0,0,0,0,0,0.0,0.0,0.0,0.0,0.0,0.0,0.0,0.0,0,75
2023-24,35,360,James McAtee,MID,Sheffield Utd,17,15,0,2024-04-27T14:00:00Z,0,0,0,0,0,0,0,0,0.0,0.0,0.0,0.0,0.0,0.0,0.0,0.0,0,44
2023-24,35,361,Stefan Ortega Moreno,GK,Man City,13,16,0,2024-04-28T15:30:00Z,45,1,0,0,0,0,0,6,7.6,0.0,0.0,0.8,0.0,0.0,0.0,0.36,0,37
2023-24,35,362,Cole Palmer,MID,Chelsea,7,18,1,2024-05-02T18:30:00Z,90,6,0,1,1,0,0,12,7.2,24.3,28.0,6.0,1.28,0.02,1.3,1.54,1,62
2023-24,35,363,Máximo Perrone,MID,Man City,13,16,0,2024-04-28T15:30:00Z,0,0,0,0,0,0,0,0,0.0,0.0,0.0,0.0,0.0,0.0,0.0,0.0,0,44
2023-24,35,364,Kalvin Phillips,MID,West Ham,19,11,1,2024-04-27T11:30:00Z,0,0,0,0,0,0,0,0,0.0,0.0,0.0,0.0,0.0,0.0,0.0,0.0,0,47
2023-24,35,365,Rodrigo Hernandez,MID,Man City,13,16,0,2024-04-28T15:30:00Z,90,3,0,0,1,0,0,22,27.4,21.7,0.0,4.9,0.0,0.1,0.1,1.64,1,56
2023-24,35,366,Sergio Gómez,DEF,Man City,13,16,0,2024-04-28T15:30:00Z,0,0,0,0,0,0,0,0,0.0,0.0,0.0,0.0,0.0,0.0,0.0,0.0,0,38
2023-24,35,367,Zack Steffen,GK,Man City,13,16,0,2024-04-28T15:30:00Z,0,0,0,0,0,0,0,0,0.0,0.0,0.0,0.0,0.0,0.0,0.0,0.0,0,39
2023-24,35,368,John Stones,DEF,Man City,13,16,0,2024-04-28T15:30:00Z,0,0,0,0,0,0,0,0,0.0,0.0,0.0,0.0,0.0,0.0,0.0,0.0,0,53
2023-24,35,369,Kyle Walker,DEF,Man City,13,16,0,2024-04-28T15:30:00Z,90,8,0,0,1,0,2,31,13.8,10.3,0.0,2.4,0.0,0.07,0.07,1.64,1,53
2023-24,35,370,Alex Telles,DEF,Man Utd,14,6,1,2024-04-27T14:00:00Z,0,0,0,0,0,0,0,0,0.0,0.0,0.0,0.0,0.0,0.0,0.0,0.0,0,45
2023-24,35,371,Amad Diallo,MID,Man Utd,14,6,1,2024-04-27T14:00:00Z,25,1,0,0,0,1,0,5,10.4,20.8,15.0,4.6,0.2,0.05,0.25,0.94,0,44
2023-24,35,372,Antony Matheus dos Santos,MID,Man Utd,14,6,1,2024-04-27T14:00:00Z,90,6,1,0,0,1,0,21,58.8,19.3,103.0,18.1,1.52,0.16,1.68,2.06,1,68
2023-24,35,373,Bruno Borges Fernandes,MID,Man Utd,14,6,1,2024-04-27T14:00:00Z,90,4,0,0,0,1,2,28,27.4,125.8,28.0,18.1,0.15,1.12,1.27,2.06,1,84
2023-24,35,374,Brandon Williams,DEF,Man Utd,14,6,1,2024-04-27T14:00:00Z,0,0,0,0,0,0,0,0,0.0,0.0,0.0,0.0,0.0,0.0,0.0,0.0,0,40
2023-24,35,375,Eric Bailly,DEF,Man Utd,14,6,1,2024-04-27T14:00:00Z,0,0,0,0,0,0,0,0,0.0,0.0,0.0,0.0,0.0,0.0,0.0,0.0,0,40
2023-24,35,376,Carlos Henrique Casimiro,MID,Man Utd,14,6,1,2024-04-27T14:00:00Z,90,2,0,0,0,1,0,13,28.8,4.6,29.0,6.2,0.1,0.04,0.14,2.06,1,53
2023-24,35,377,Diogo Dalot Teixeira,DEF,Man Utd,14,6,1,2024-04-27T14:00:00Z,90,2,0,0,0,1,0,8,4.8,1.8,1.0,0.8,0.02,0.0,0.02,2.06,1,52
2023-24,35,378,Anthony Elanga,MID,Nott'm Forest,16,13,1,2024-04-28T15:30:00Z,73,2,0,0,0,2,0,9,4.6,11.4,6.0,2.2,0.0,0.11,0.11,0.77,1,50
2023-24,35,379,Christian Eriksen,MID,Man Utd,14,6,1,2024-04-27T14:00:00Z,80,3,0,0,1,0,0,18,18.4,44.3,6.0,6.9,0.08,0.11,0.19,1.17,1,58
2023-24,35,380,Álvaro Fernández Carreras,DEF,Man Utd,14,6,1,2024-04-27T14:00:00Z,0,0,0,0,0,0,0,0,0.0,0.0,0.0,0.0,0.0,0.0,0.0,0.0,0,40
2023-24,35,381,Frederico Rodrigues de Paula Santos,MID,Man Utd,14,6,1,2024-04-27T14:00:00Z,0,0,0,0,0,0,0,0,0.0,0.0,0.0,0.0,0.0,0.0,0.0,0.0,0,50
2023-24,35,382,Alejandro Garnacho,MID,Man Utd,14,6,1,2024-04-27T14:00:00Z,90,2,0,0,0,1,0,3,4.8,34.1,61.0,10.0,0.54,0.23,0.77,2.06,1,50
2023-24,35,383,Hannibal Mejbri,MID,Man Utd,14,6,1,2024-04-27T14:00:00Z,0,0,0,0,0,0,0,0,0.0,0.0,0.0,0.0,0.0,0.0,0.0,0.0,0,43
2023-24,35,384,Tom Heaton,GK,Man Utd,14,6,1,2024-04-27T14:00:00Z,0,0,0,0,0,0,0,0,0.0,0.0,0.0,0.0,0.0,0.0,0.0,0.0,0,39
2023-24,35,385,Dean Henderson,GK,Crystal Palace,8,10,0,2024-04-27T14:00:00Z,90,2,0,0,0,1,0,9,10.4,0.0,0.0,1.0,0.0,0.0,0.0,1.14,1,44
2023-24,35,386,Victor Lindelöf,DEF,Man Utd,14,6,1,2024-04-27T14:00:00Z,0,0,0,0,0,0,0,0,0.0,0.0,0.0,0.0,0.0,0.0,0.0,0.0,0,45
2023-24,35,387,Harry Maguire,DEF,Man Utd,14,6,1,2024-04-27T14:00:00Z,90,2,0,0,0,1,0,12,18.2,0.7,2.0,2.1,0.0,0.01,0.01,2.06,1,42
2023-24,35,388,Kobbie Mainoo,MID,Man Utd,14,6,1,2024-04-27T14:00:00Z,64,3,0,0,1,0,0,3,5.8,14.6,4.0,2.4,0.05,0.01,0.06,1.12,1,44
2023-24,35,389,Tyrell Malacia,DEF,Man Utd,14,6,1,2024-04-27T14:00:00Z,0,0,0,0,0,0,0,0,0.0,0.0,0.0,0.0,0.0,0.0,0.0,0.0,0,43
2023-24,35,390,Anthony Martial,FWD,Man Utd,14,6,1,2024-04-27T14:00:00Z,0,0,0,0,0,0,0,0,0.0,0.0,0.0,0.0,0.0,0.0,0.0,0.0,0,64
2023-24,35,391,Lisandro Martínez,DEF,Man Utd,14,6,1,2024-04-27T14:00:00Z,0,0,0,0,0,0,0,0,0.0,0.0,0.0,0.0,0.0,0.0,0.0,0.0,0,47
2023-24,35,392,Scott McTominay,MID,Man Utd,14,6,1,2024-04-27T14:00:00Z,26,1,0,0,0,1,0,4,4.2,11.3,8.0,2.4,0.05,0.01,0.06,0.84,0,45
2023-24,35,393,Teden Mengi,DEF,Luton,12,20,0,2024-04-27T14:00:00Z,90,1,0,0,0,2,0,18,19.0,0.6,2.0,2.2,0.0,0.01,0.01,1.21,1,39
2023-24,35,394,Facundo Pellistri Rebollo,MID,Man Utd,14,6,1,2024-04-27T14:00:00Z,0,0,0,0,0,0,0,0,0.0,0.0,0.0,0.0,0.0,0.0,0.0,0.0,0,42
2023-24,35,395,Raphaël Varane,DEF,Man Utd,14,6,1,2024-04-27T14:00:00Z,0,0,0,0,0,0,0,0,0.0,0.0,0.0,0.0,0.0,0.0,0.0,0.0,0,49
2023-24,35,396,Marcus Rashford,MID,Man Utd,14,6,1,2024-04-27T14:00:00Z,0,0,0,0,0,0,0,0,0.0,0.0,0.0,0.0,0.0,0.0,0.0,0.0,0,84
2023-24,35,397,Jadon Sancho,MID,Man Utd,14,6,1,2024-04-27T14:00:00Z,0,0,0,0,0,0,0,0,0.0,0.0,0.0,0.0,0.0,0.0,0.0,0.0,0,67
2023-24,35,398,Luke Shaw,DEF,Man Utd,14,6,1,2024-04-27T14:00:00Z,0,0,0,0,0,0,0,0,0.0,0.0,0.0,0.0,0.0,0.0,0.0,0.0,0,52
2023-24,35,399,Shola Shoretire,FWD,Man Utd,14,6,1,2024-04-27T14:00:00Z,0,0,0,0,0,0,0,0,0.0,0.0,0.0,0.0,0.0,0.0,0.0,0.0,0,44
2023-24,35,400,Donny van de Beek,MID,Man Utd,14,6,1,2024-04-27T14:00:00Z,0,0,0,0,0,0,0,0,0.0,0.0,0.0,0.0,0.0,0.0,0.0,0.0,0,47
2023-24,35,401,Aaron Wan-Bissaka,DEF,Man Utd,14,6,1,2024-04-27T14:00:00Z,90,2,0,0,0,1,0,10,14.6,11.8,2.0,2.8,0.0,0.02,0.02,2.06,1,44
2023-24,35,402,Miguel Almirón Rejala,MID,Newcastle,15,17,1,2024-04-27T14:00:00Z,0,0,0,0,0,0,0,0,0.0,0.0,0.0,0.0,0.0,0.0,0.0,0.0,0,60
2023-24,35,403,Elliot Anderson,MID,Newcastle,15,17,1,2024-04-27T14:00:00Z,65,2,0,0,0,1,0,3,1.0,3.5,14.0,1.9,0.18,0.04,0.22,1.39,1,42
2023-24,35,404,Harrison Ashby,DEF,Newcastle,15,17,1,2024-04-27T14:00:00Z,0,0,0,0,0,0,0,0,0.0,0.0,0.0,0.0,0.0,0.0,0.0,0.0,0,40
2023-24,35,405,Sven Botman,DEF,Newcastle,15,17,1,2024-04-27T14:00:00Z,0,0,0,0,0,0,0,0,0.0,0.0,0.0,0.0,0.0,0.0,0.0,0.0,0,45
2023-24,35,406,Bruno Guimarães Rodriguez Moura,MID,Newcastle,15,17,1,2024-04-27T14:00:00Z,90,8,1,0,0,1,1,33,50.8,42.8,46.0,14.0,0.41,0.14,0.55,1.48,1,58
2023-24,35,407,Dan Burn,DEF,Newcastle,15,17,1,2024-04-27T14:00:00Z,90,2,0,0,0,1,0,17,32.8,0.3,8.0,4.1,0.06,0.0,0.06,1.48,1,45
2023-24,35,408,Karl Darlow,GK,Newcastle,15,17,1,2024-04-27T14:00:00Z,0,0,0,0,0,0,0,0,0.0,0.0,0.0,0.0,0.0,0.0,0.0,0.0,0,40
2023-24,35,409,Martin Dubravka,GK,Newcastle,15,17,1,2024-04-27T14:00:00Z,90,3,0,0,0,1,0,14,27.2,0.0,0.0,2.7,0.0,0.0,0.0,1.48,1,43
2023-24,35,410,Ryan Fraser,MID,Newcastle,15,17,1,2024-04-27T14:00:00Z,0,0,0,0,0,0,0,0,0.0,0.0,0.0,0.0,0.0,0.0,0.0,0.0,0,49
2023-24,35,411,Mark Gillespie,GK,Newcastle,15,17,1,2024-04-27T14:00:00Z,0,0,0,0,0,0,0,0,0.0,0.0,0.0,0.0,0.0,0.0,0.0,0.0,0,39
2023-24,35,412,Anthony Gordon,MID,Newcastle,15,17,1,2024-04-27T14:00:00Z,81,10,0,2,0,1,2,37,26.8,43.5,14.0,8.4,0.0,0.35,0.35,1.39,1,62
2023-24,35,413,Isaac Hayden,MID,Newcastle,15,17,1,2024-04-27T14:00:00Z,0,0,0,0,0,0,0,0,0.0,0.0,0.0,0.0,0.0,0.0,0.0,0.0,0,44
2023-24,35,414,Jeff Hendrick,MID,Newcastle,15,17,1,2024-04-27T14:00:00Z,0,0,0,0,0,0,0,0,0.0,0.0,0.0,0.0,0.0,0.0,0.0,0.0,0,44
2023-24,35,415,Alexander Isak,FWD,Newcastle,15,17,1,2024-04-27T14:00:00Z,90,13,2,0,0,1,3,50,73.6,24.2,65.0,16.3,1.22,0.09,1.31,1.48,1,82
2023-24,35,416,Joelinton Cássio Apolinário de Lira,MID,Newcastle,15,17,1,2024-04-27T14:00:00Z,0,0,0,0,0,0,0,0,0.0,0.0,0.0,0.0,0.0,0.0,0.0,0.0,0,58
2023-24,35,417,Emil Krafth,DEF,Newcastle,15,17,1,2024-04-27T14:00:00Z,45,1,0,0,0,0,0,16,11.4,0.9,0.0,1.2,0.0,0.0,0.0,0.17,0,44
2023-24,35,418,Garang Kuol,MID,Newcastle,15,17,1,2024-04-27T14:00:00Z,0,0,0,0,0,0,0,0,0.0,0.0,0.0,0.0,0.0,0.0,0.0,0.0,0,45
2023-24,35,419,Jamaal Lascelles,DEF,Newcastle,15,17,1,2024-04-27T14:00:00Z,0,0,0,0,0,0,0,0,0.0,0.0,0.0,0.0,0.0,0.0,0.0,0.0,0,38
2023-24,35,420,Jamal Lewis,DEF,Newcastle,15,17,1,2024-04-27T14:00:00Z,0,0,0,0,0,0,0,0,0.0,0.0,0.0,0.0,0.0,0.0,0.0,0.0,0,40
2023-24,35,421,Sean Longstaff,MID,Newcastle,15,17,1,2024-04-27T14:00:00Z,90,2,0,0,0,1,0,8,13.8,15.5,29.0,5.8,0.26,0.03,0.29,1.48,1,48
2023-24,35,422,Javier Manquillo Gaitán,DEF,Newcastle,15,17,1,2024-04-27T14:00:00Z,0,0,0,0,0,0,0,0,0.0,0.0,0.0,0.0,0.0,0.0,0.0,0.0,0,40
2023-24,35,423,Jacob Murphy,MID,Newcastle,15,17,1,2024-04-27T14:00:00Z,65,5,0,1,0,1,0,30,32.8,57.1,7.0,9.7,0.06,0.43,0.49,1.39,1,48
2023-24,35,424,Nick Pope,GK,Newcastle,15,17,1,2024-04-27T14:00:00Z,0,0,0,0,0,0,0,0,0.0,0.0,0.0,0.0,0.0,0.0,0.0,0.0,0,53
2023-24,35,425,Matt Ritchie,MID,Newcastle,15,17,1,2024-04-27T14:00:00Z,8,1,0,0,0,0,0,3,5.4,0.8,0.0,0.6,0.0,0.0,0.0,0.08,0,43
2023-24,35,426,Allan Saint-Maximin,MID,Newcastle,15,17,1,2024-04-27T14:00:00Z,0,0,0,0,0,0,0,0,0.0,0.0,0.0,0.0,0.0,0.0,0.0,0.0,0,60
2023-24,35,427,Fabian Schär,DEF,Newcastle,15,17,1,2024-04-27T14:00:00Z,45,1,0,0,0,1,0,8,3.8,0.6,0.0,0.4,0.0,0.01,0.01,1.31,1,57
2023-24,35,428,Matt Targett,DEF,Newcastle,15,17,1,2024-04-27T14:00:00Z,0,0,0,0,0,0,0,0,0.0,0.0,0.0,0.0,0.0,0.0,0.0,0.0,0,42
2023-24,35,429,Sandro Tonali,MID,Newcastle,15,17,1,2024-04-27T14:00:00Z,0,0,0,0,0,0,0,0,0.0,0.0,0.0,0.0,0.0,0.0,0.0,0.0,0,52
2023-24,35,430,Kieran Trippier,DEF,Newcastle,15,17,1,2024-04-27T14:00:00Z,0,0,0,0,0,0,0,0,0.0,0.0,0.0,0.0,0.0,0.0,0.0,0.0,0,66
2023-24,35,431,Kell Watts,DEF,Newcastle,15,17,1,2024-04-27T14:00:00Z,0,0,0,0,0,0,0,0,0.0,0.0,0.0,0.0,0.0,0.0,0.0,0.0,0,40
2023-24,35,432,Joe Willock,MID,Newcastle,15,17,1,2024-04-27T14:00:00Z,0,0,0,0,0,0,0,0,0.0,0.0,0.0,0.0,0.0,0.0,0.0,0.0,0,53
2023-24,35,433,Callum Wilson,FWD,Newcastle,15,17,1,2024-04-27T14:00:00Z,24,5,1,0,0,0,0,26,41.4,0.6,36.0,7.8,0.54,0.11,0.65,0.08,0,78
2023-24,35,434,Brandon Aguilera Zamora,MID,Nott'm Forest,16,13,1,2024-04-28T15:30:00Z,0,0,0,0,0,0,0,0,0.0,0.0,0.0,0.0,0.0,0.0,0.0,0.0,0,45
2023-24,35,435,Harry Arter,MID,Nott'm Forest,16,13,1,2024-04-28T15:30:00Z,0,0,0,0,0,0,0,0,0.0,0.0,0.0,0.0,0.0,0.0,0.0,0.0,0,43
2023-24,35,436,Serge Aurier,DEF,Nott'm Forest,16,13,1,2024-04-28T15:30:00Z,0,0,0,0,0,0,0,0,0.0,0.0,0.0,0.0,0.0,0.0,0.0,0.0,0,45
2023-24,35,437,Taiwo Awoniyi,FWD,Nott'm Forest,16,13,1,2024-04-28T15:30:00Z,0,0,0,0,0,0,0,0,0.0,0.0,0.0,0.0,0.0,0.0,0.0,0.0,0,63
2023-24,35,438,Giulian Biancone,DEF,Nott'm Forest,16,13,1,2024-04-28T15:30:00Z,0,0,0,0,0,0,0,0,0.0,0.0,0.0,0.0,0.0,0.0,0.0,0.0,0,39
2023-24,35,439,Willy Boly,DEF,Nott'm Forest,16,13,1,2024-04-28T15:30:00Z,83,1,0,0,0,2,0,3,26.0,0.3,6.0,3.2,0.08,0.0,0.08,0.77,1,45
2023-24,35,440,Josh Bowler,MID,Nott'm Forest,16,13,1,2024-04-28T15:30:00Z,0,0,0,0,0,0,0,0,0.0,0.0,0.0,0.0,0.0,0.0,0.0,0.0,0,45
2023-24,35,441,Steve Cook,DEF,Nott'm Forest,16,13,1,2024-04-28T15:30:00Z,0,0,0,0,0,0,0,0,0.0,0.0,0.0,0.0,0.0,0.0,0.0,0.0,0,45
2023-24,35,442,Danilo dos Santos de Oliveira,MID,Nott'm Forest,16,13,1,2024-04-28T15:30:00Z,73,2,0,0,0,2,0,11,11.4,26.8,0.0,3.8,0.0,0.03,0.03,0.77,1,53
2023-24,35,443,Emmanuel Dennis,FWD,Nott'm Forest,16,13,1,2024-04-28T15:30:00Z,0,0,0,0,0,0,0,0,0.0,0.0,0.0,0.0,0.0,0.0,0.0,0.0,0,48
2023-24,35,444,Mohamed Dräger,DEF,Nott'm Forest,16,13,1,2024-04-28T15:30:00Z,0,0,0,0,0,0,0,0,0.0,0.0,0.0,0.0,0.0,0.0,0.0,0.0,0,40
2023-24,35,445,Felipe Augusto de Almeida Monteiro,DEF,Nott'm Forest,16,13,1,2024-04-28T15:30:00Z,0,0,0,0,0,0,0,0,0.0,0.0,0.0,0.0,0.0,0.0,0.0,0.0,0,44
2023-24,35,446,Remo Freuler,MID,Nott'm Forest,16,13,1,2024-04-28T15:30:00Z,0,0,0,0,0,0,0,0,0.0,0.0,0.0,0.0,0.0,0.0,0.0,0.0,0,49
2023-24,35,447,Morgan Gibbs-White,MID,Nott'm Forest,16,13,1,2024-04-28T15:30:00Z,90,2,0,0,0,2,0,8,5.4,21.2,12.0,3.9,0.12,0.09,0.21,0.84,1,57
2023-24,35,448,Wayne Hennessey,GK,Nott'm Forest,16,13,1,2024-04-28T15:30:00Z,0,0,0,0,0,0,0,0,0.0,0.0,0.0,0.0,0.0,0.0,0.0,0.0,0,39
2023-24,35,449,Ethan Horvath,GK,Nott'm Forest,16,13,1,2024-04-28T15:30:00Z,0,0,0,0,0,0,0,0,0.0,0.0,0.0,0.0,0.0,0.0,0.0,0.0,0,43
2023-24,35,450,Brennan Johnson,MID,Spurs,18,7,0,2024-05-02T18:30:00Z,77,2,0,0,0,2,0,0,4.4,14.5,21.0,4.0,0.25,0.1,0.35,1.91,1,58
2023-24,35,451,Cheikhou Kouyaté,MID,Nott'm Forest,16,13,1,2024-04-28T15:30:00Z,0,0,0,0,0,0,0,0,0.0,0.0,0.0,0.0,0.0,0.0,0.0,0.0,0,48
2023-24,35,452,Richie Laryea,DEF,Nott'm Forest,16,13,1,2024-04-28T15:30:00Z,0,0,0,0,0,0,0,0,0.0,0.0,0.0,0.0,0.0,0.0,0.0,0.0,0,45
2023-24,35,453,Orel Mangala,MID,Nott'm Forest,16,13,1,2024-04-28T15:30:00Z,0,0,0,0,0,0,0,0,0.0,0.0,0.0,0.0,0.0,0.0,0.0,0.0,0,50
2023-24,35,454,Loïc Mbe Soh,DEF,Nott'm Forest,16,13,1,2024-04-28T15:30:00Z,0,0,0,0,0,0,0,0,0.0,0.0,0.0,0.0,0.0,0.0,0.0,0.0,0,40
2023-24,35,455,Scott McKenna,DEF,Nott'm Forest,16,13,1,2024-04-28T15:30:00Z,0,0,0,0,0,0,0,0,0.0,0.0,0.0,0.0,0.0,0.0,0.0,0.0,0,44
2023-24,35,456,Alex Mighten,MID,Nott'm Forest,16,13,1,2024-04-28T15:30:00Z,0,0,0,0,0,0,0,0,0.0,0.0,0.0,0.0,0.0,0.0,0.0,0.0,0,44
2023-24,35,457,Moussa Niakhaté,DEF,Nott'm Forest,16,13,1,2024-04-28T15:30:00Z,90,1,0,0,0,2,0,12,10.8,0.9,0.0,1.2,0.0,0.0,0.0,0.84,1,45
2023-24,35,458,Lewis O'Brien,MID,Nott'm Forest,16,13,1,2024-04-28T15:30:00Z,0,0,0,0,0,0,0,0,0.0,0.0,0.0,0.0,0.0,0.0,0.0,0.0,0,49
2023-24,35,459,Braian Ojeda Rodríguez,MID,Nott'm Forest,16,13,1,2024-04-28T15:30:00Z,0,0,0,0,0,0,0,0,0.0,0.0,0.0,0.0,0.0,0.0,0.0,0.0,0,45
2023-24,35,460,Jonathan Panzo,DEF,Nott'm Forest,16,13,1,2024-04-28T15:30:00Z,0,0,0,0,0,0,0,0,0.0,0.0,0.0,0.0,0.0,0.0,0.0,0.0,0,40
2023-24,35,461,Omar Richards,DEF,Nott'm Forest,16,13,1,2024-04-28T15:30:00Z,0,0,0,0,0,0,0,0,0.0,0.0,0.0,0.0,0.0,0.0,0.0,0.0,0,44
2023-24,35,462,Gustavo Henrique Furtado Scarpa,MID,Nott'm Forest,16,13,1,2024-04-28T15:30:00Z,0,0,0,0,0,0,0,0,0.0,0.0,0.0,0.0,0.0,0.0,0.0,0.0,0,45
2023-24,35,463,Jonjo Shelvey,MID,Nott'm Forest,16,13,1,2024-04-28T15:30:00Z,0,0,0,0,0,0,0,0,0.0,0.0,0.0,0.0,0.0,0.0,0.0,0.0,0,48
2023-24,35,464,Sam Surridge,FWD,Nott'm Forest,16,13,1,2024-04-28T15:30:00Z,0,0,0,0,0,0,0,0,0.0,0.0,0.0,0.0,0.0,0.0,0.0,0.0,0,45
2023-24,35,465,Harry Toffolo,DEF,Nott'm Forest,16,13,1,2024-04-28T15:30:00Z,0,0,0,0,0,0,0,0,0.0,0.0,0.0,0.0,0.0,0.0,0.0,0.0,0,44
2023-24,35,466,Hwang Ui-jo,FWD,Nott'm Forest,16,13,1,2024-04-28T15:30:00Z,0,0,0,0,0,0,0,0,0.0,0.0,0.0,0.0,0.0,0.0,0.0,0.0,0,44
2023-24,35,467,Neco Williams,DEF,Nott'm Forest,16,13,1,2024-04-28T15:30:00Z,34,1,0,0,0,1,0,4,9.4,0.3,22.0,3.2,0.09,0.01,0.1,0.22,1,43
2023-24,35,468,Chris Wood,FWD,Nott'm Forest,16,13,1,2024-04-28T15:30:00Z,90,2,0,0,0,2,0,-2,0.6,21.6,22.0,4.4,0.84,0.03,0.87,0.84,1,48
2023-24,35,469,Joe Worrall,DEF,Nott'm Forest,16,13,1,2024-04-28T15:30:00Z,0,0,0,0,0,0,0,0,0.0,0.0,0.0,0.0,0.0,0.0,0.0,0.0,0,43
2023-24,35,470,Ryan Yates,MID,Nott'm Forest,16,13,1,2024-04-28T15:30:00Z,16,1,0,0,0,0,0,3,0.6,1.3,2.0,0.4,0.0,0.01,0.01,0.06,0,48
2023-24,35,471,Anel Ahmedhodžić,DEF,Sheffield Utd,17,15,0,2024-04-27T14:00:00Z,90,6,1,0,0,5,0,22,55.4,23.4,37.0,11.6,0.51,0.18,0.69,2.82,1,43
2023-24,35,472,Jordan Amissah,GK,Sheffield Utd,17,15,0,2024-04-27T14:00:00Z,0,0,0,0,0,0,0,0,0.0,0.0,0.0,0.0,0.0,0.0,0.0,0.0,0,39
2023-24,35,473,George Baldock,DEF,Sheffield Utd,17,15,0,2024-04-27T14:00:00Z,0,0,0,0,0,0,0,0,0.0,0.0,0.0,0.0,0.0,0.0,0.0,0.0,0,38
2023-24,35,474,Chris Basham,DEF,Sheffield Utd,17,15,0,2024-04-27T14:00:00Z,0,0,0,0,0,0,0,0,0.0,0.0,0.0,0.0,0.0,0.0,0.0,0.0,0,39
2023-24,35,475,Sander Berge,MID,Burnley,6,14,0,2024-04-27T14:00:00Z,90,2,0,0,0,1,0,23,15.6,40.1,2.0,5.8,0.0,0.2,0.2,2.71,1,46
2023-24,35,476,Jayden Bogle,DEF,Sheffield Utd,17,15,0,2024-04-27T14:00:00Z,90,0,0,0,0,5,0,6,5.2,6.0,2.0,1.3,0.0,0.04,0.04,2.82,1,45
2023-24,35,477,Rhian Brewster,FWD,Sheffield Utd,17,15,0,2024-04-27T14:00:00Z,0,0,0,0,0,0,0,0,0.0,0.0,0.0,0.0,0.0,0.0,0.0,0.0,0,49
2023-24,35,478,Ismaila Coulibaly,MID,Sheffield Utd,17,15,0,2024-04-27T14:00:00Z,0,0,0,0,0,0,0,0,0.0,0.0,0.0,0.0,0.0,0.0,0.0,0.0,0,44
2023-24,35,479,Adam Davies,GK,Sheffield Utd,17,15,0,2024-04-27T14:00:00Z,0,0,0,0,0,0,0,0,0.0,0.0,0.0,0.0,0.0,0.0,0.0,0.0,0,40
2023-24,35,480,John Egan,DEF,Sheffield Utd,17,15,0,2024-04-27T14:00:00Z,0,0,0,0,0,0,0,0,0.0,0.0,0.0,0.0,0.0,0.0,0.0,0.0,0,42
2023-24,35,481,John Fleck,MID,Sheffield Utd,17,15,0,2024-04-27T14:00:00Z,0,0,0,0,0,0,0,0,0.0,0.0,0.0,0.0,0.0,0.0,0.0,0.0,0,49
2023-24,35,482,Wes Foderingham,GK,Sheffield Utd,17,15,0,2024-04-27T14:00:00Z,90,1,0,0,0,5,0,18,31.6,0.0,0.0,3.2,0.0,0.0,0.0,2.82,1,44
2023-24,35,483,Daniel Jebbison,FWD,Sheffield Utd,17,15,0,2024-04-27T14:00:00Z,0,0,0,0,0,0,0,0,0.0,0.0,0.0,0.0,0.0,0.0,0.0,0.0,0,48
2023-24,35,484,Max Lowe,DEF,Sheffield Utd,17,15,0,2024-04-27T14:00:00Z,0,0,0,0,0,0,0,0,0.0,0.0,0.0,0.0,0.0,0.0,0.0,0.0,0,43
2023-24,35,485,Oliver McBurnie,FWD,Sheffield Utd,17,15,0,2024-04-27T14:00:00Z,0,0,0,0,0,0,0,0,0.0,0.0,0.0,0.0,0.0,0.0,0.0,0.0,0,54
2023-24,35,486,Iliman Ndiaye,FWD,Sheffield Utd,17,15,0,2024-04-27T14:00:00Z,0,0,0,0,0,0,0,0,0.0,0.0,0.0,0.0,0.0,0.0,0.0,0.0,0,55
2023-24,35,487,Rhys Norrington-Davies,DEF,Sheffield Utd,17,15,0,2024-04-27T14:00:00Z,0,0,0,0,0,0,0,0,0.0,0.0,0.0,0.0,0.0,0.0,0.0,0.0,0,39
2023-24,35,488,Oliver Norwood,MID,Sheffield Utd,17,15,0,2024-04-27T14:00:00Z,0,0,0,0,0,0,0,0,0.0,0.0,0.0,0.0,0.0,0.0,0.0,0.0,0,48
2023-24,35,489,Ben Osborn,MID,Sheffield Utd,17,15,0,2024-04-27T14:00:00Z,90,0,0,0,0,5,0,9,5.8,21.6,2.0,2.9,0.0,0.04,0.04,2.82,1,48
2023-24,35,490,William Osula,FWD,Sheffield Utd,17,15,0,2024-04-27T14:00:00Z,23,1,0,0,0,1,0,2,3.0,1.0,17.0,2.1,0.05,0.02,0.07,0.73,0,43
2023-24,35,491,Brandon Austin,GK,Spurs,18,7,0,2024-05-02T18:30:00Z,0,0,0,0,0,0,0,0,0.0,0.0,0.0,0.0,0.0,0.0,0.0,0.0,0,39
2023-24,35,492,Rodrigo Bentancur,MID,Spurs,18,7,0,2024-05-02T18:30:00Z,27,1,0,0,0,1,0,4,6.8,2.6,16.0,2.5,0.37,0.02,0.39,0.29,0,54
2023-24,35,493,Yves Bissouma,MID,Spurs,18,7,0,2024-05-02T18:30:00Z,62,2,0,0,0,1,0,13,10.4,14.8,2.0,2.7,0.0,0.04,0.04,1.66,1,50
2023-24,35,494,Bryan Gil Salvatierra,MID,Spurs,18,7,0,2024-05-02T18:30:00Z,12,1,0,0,0,0,0,2,3.0,16.8,1.0,2.1,0.01,0.03,0.04,0.03,0,49
2023-24,35,495,Ben Davies,DEF,Spurs,18,7,0,2024-05-02T18:30:00Z,0,0,0,0,0,0,0,0,0.0,0.0,0.0,0.0,0.0,0.0,0.0,0.0,0,43
2023-24,35,496,Eric Dier,DEF,Spurs,18,7,0,2024-05-02T18:30:00Z,0,0,0,0,0,0,0,0,0.0,0.0,0.0,0.0,0.0,0.0,0.0,0.0,0,42
2023-24,35,497,Emerson Leite de Souza Junior,DEF,Spurs,18,7,0,2024-05-02T18:30:00Z,85,1,0,0,0,2,0,15,6.4,18.2,1.0,2.6,0.03,0.03,0.06,1.91,1,43
2023-24,35,498,Fraser Forster,GK,Spurs,18,7,0,2024-05-02T18:30:00Z,0,0,0,0,0,0,0,0,0.0,0.0,0.0,0.0,0.0,0.0,0.0,0.0,0,38
2023-24,35,499,Pierre-Emile Højbjerg,MID,Spurs,18,7,0,2024-05-02T18:30:00Z,27,1,0,0,0,1,0,12,9.0,16.3,14.0,3.9,0.08,0.03,0.11,0.29,0,51
2023-24,35,500,Harry Kane,FWD,Spurs,18,7,0,2024-05-02T18:30:00Z,0,0,0,0,0,0,0,0,0.0,0.0,0.0,0.0,0.0,0.0,0.0,0.0,0,125
2023-24,35,501,Dejan Kulusevski,MID,Spurs,18,7,0,2024-05-02T18:30:00Z,90,2,0,0,0,2,0,3,6.4,24.1,17.0,4.8,0.1,0.18,0.28,1.94,1,67
2023-24,35,502,Hugo Lloris,GK,Spurs,18,7,0,2024-05-02T18:30:00Z,0,0,0,0,0,0,0,0,0.0,0.0,0.0,0.0,0.0,0.0,0.0,0.0,0,47
2023-24,35,503,Giovani Lo Celso,MID,Spurs,18,7,0,2024-05-02T18:30:00Z,4,1,0,0,0,0,0,8,13.0,29.7,9.0,5.2,0.03,0.15,0.18,0.03,0,48
2023-24,35,504,James Maddison,MID,Spurs,18,7,0,2024-05-02T18:30:00Z,27,1,0,0,0,1,0,3,4.6,13.3,7.0,2.5,0.05,0.03,0.08,0.29,0,78
2023-24,35,505,Tanguy Ndombélé Alvaro,MID,Spurs,18,7,0,2024-05-02T18:30:00Z,0,0,0,0,0,0,0,0,0.0,0.0,0.0,0.0,0.0,0.0,0.0,0.0,0,44
2023-24,35,506,Pedro Porro,DEF,Spurs,18,7,0,2024-05-02T18:30:00Z,90,1,0,0,0,2,0,12,14.2,34.1,19.0,6.7,0.03,0.27,0.3,1.94,1,58
2023-24,35,507,Ivan Perišić,DEF,Spurs,18,7,0,2024-05-02T18:30:00Z,0,0,0,0,0,0,0,0,0.0,0.0,0.0,0.0,0.0,0.0,0.0,0.0,0,47
2023-24,35,508,Sergio Reguilón,DEF,Brentford,4,9,0,2024-04-27T16:30:00Z,76,1,0,0,0,1,0,9,22.2,26.6,3.0,5.2,0.03,0.05,0.08,0.74,1,45
2023-24,35,509,Richarlison de Andrade,MID,Spurs,18,7,0,2024-05-02T18:30:00Z,62,2,0,0,0,1,0,6,2.4,1.1,12.0,1.6,0.14,0.01,0.15,1.66,1,68
2023-24,35,510,Joe Rodon,DEF,Spurs,18,7,0,2024-05-02T18:30:00Z,0,0,0,0,0,0,0,0,0.0,0.0,0.0,0.0,0.0,0.0,0.0,0.0,0,40
2023-24,35,511,Cristian Romero,DEF,Spurs,18,7,0,2024-05-02T18:30:00Z,90,1,0,0,0,2,0,13,13.0,1.8,14.0,2.9,0.28,0.02,0.3,1.94,1,51
2023-24,35,512,Davinson Sánchez,DEF,Spurs,18,7,0,2024-05-02T18:30:00Z,0,0,0,0,0,0,0,0,0.0,0.0,0.0,0.0,0.0,0.0,0.0,0.0,0,44
2023-24,35,513,Pape Matar Sarr,MID,Spurs,18,7,0,2024-05-02T18:30:00Z,62,2,0,0,0,1,0,8,6.0,18.9,6.0,3.1,0.17,0.06,0.23,1.66,1,44
2023-24,35,514,Ryan Sessegnon,DEF,Spurs,18,7,0,2024-05-02T18:30:00Z,0,0,0,0,0,0,0,0,0.0,0.0,0.0,0.0,0.0,0.0,0.0,0.0,0,44
2023-24,35,515,Oliver Skipp,MID,Spurs,18,7,0,2024-05-02T18:30:00Z,0,0,0,0,0,0,0,0,0.0,0.0,0.0,0.0,0.0,0.0,0.0,0.0,0,45
2023-24,35,516,Son Heung-min,MID,Spurs,18,7,0,2024-05-02T18:30:00Z,90,2,0,0,0,2,0,7,10.2,34.8,12.0,5.7,0.0,0.12,0.12,1.94,1,99
2023-24,35,517,Djed Spence,DEF,Spurs,18,7,0,2024-05-02T18:30:00Z,0,0,0,0,0,0,0,0,0.0,0.0,0.0,0.0,0.0,0.0,0.0,0.0,0,40
2023-24,35,518,Japhet Tanganga,DEF,Spurs,18,7,0,2024-05-02T18:30:00Z,0,0,0,0,0,0,0,0,0.0,0.0,0.0,0.0,0.0,0.0,0.0,0.0,0,40
2023-24,35,519,Destiny Udogie,DEF,Spurs,18,7,0,2024-05-02T18:30:00Z,0,0,0,0,0,0,0,0,0.0,0.0,0.0,0.0,0.0,0.0,0.0,0.0,0,50
2023-24,35,520,Guglielmo Vicario,GK,Spurs,18,7,0,2024-05-02T18:30:00Z,90,1,0,0,0,2,0,12,16.6,0.0,0.0,1.7,0.0,0.0,0.0,1.94,1,53
2023-24,35,521,Alfie Whiteman,GK,Spurs,18,7,0,2024-05-02T18:30:00Z,0,0,0,0,0,0,0,0,0.0,0.0,0.0,0.0,0.0,0.0,0.0,0.0,0,39
2023-24,35,522,Nayef Aguerd,DEF,West Ham,19,11,1,2024-04-27T11:30:00Z,0,0,0,0,0,0,0,0,0.0,0.0,0.0,0.0,0.0,0.0,0.0,0.0,0,44
2023-24,35,523,Michail Antonio,FWD,West Ham,19,11,1,2024-04-27T11:30:00Z,90,7,1,0,0,2,1,29,37.4,0.8,24.0,6.2,0.29,0.01,0.3,1.75,1,57
2023-24,35,524,Alphonse Areola,GK,West Ham,19,11,1,2024-04-27T11:30:00Z,90,1,0,0,0,2,0,17,52.6,0.0,0.0,5.3,0.0,0.0,0.0,1.75,1,42
2023-24,35,525,Saïd Benrahma,MID,West Ham,19,11,1,2024-04-27T11:30:00Z,0,0,0,0,0,0,0,0,0.0,0.0,0.0,0.0,0.0,0.0,0.0,0.0,0,56
2023-24,35,526,Jarrod Bowen,MID,West Ham,19,11,1,2024-04-27T11:30:00Z,90,13,1,1,0,2,3,37,63.2,17.5,35.0,11.6,0.2,0.2,0.4,1.75,1,77
2023-24,35,527,Maxwel Cornet,MID,West Ham,19,11,1,2024-04-27T11:30:00Z,0,0,0,0,0,0,0,0,0.0,0.0,0.0,0.0,0.0,0.0,0.0,0.0,0,52
2023-24,35,528,Vladimír Coufal,DEF,West Ham,19,11,1,2024-04-27T11:30:00Z,90,1,0,0,0,2,0,10,19.4,0.5,18.0,3.8,0.06,0.01,0.07,1.75,1,46
2023-24,35,529,Conor Coventry,MID,West Ham,19,11,1,2024-04-27T11:30:00Z,0,0,0,0,0,0,0,0,0.0,0.0,0.0,0.0,0.0,0.0,0.0,0.0,0,43
2023-24,35,530,Aaron Cresswell,DEF,West Ham,19,11,1,2024-04-27T11:30:00Z,0,0,0,0,0,0,0,0,0.0,0.0,0.0,0.0,0.0,0.0,0.0,0.0,0,42
2023-24,35,531,Flynn Downes,MID,West Ham,19,11,1,2024-04-27T11:30:00Z,0,0,0,0,0,0,0,0,0.0,0.0,0.0,0.0,0.0,0.0,0.0,0.0,0,50
2023-24,35,532,Emerson Palmieri dos Santos,DEF,West Ham,19,11,1,2024-04-27T11:30:00Z,90,1,0,0,0,2,0,8,37.4,15.5,17.0,7.0,0.03,0.04,0.07,1.75,1,44
2023-24,35,533,Lukasz Fabianski,GK,West Ham,19,11,1,2024-04-27T11:30:00Z,0,0,0,0,0,0,0,0,0.0,0.0,0.0,0.0,0.0,0.0,0.0,0.0,0,42
2023-24,35,534,Pablo Fornals Malla,MID,West Ham,19,11,1,2024-04-27T11:30:00Z,0,0,0,0,0,0,0,0,0.0,0.0,0.0,0.0,0.0,0.0,0.0,0.0,0,46
2023-24,35,535,Danny Ings,FWD,West Ham,19,11,1,2024-04-27T11:30:00Z,0,0,0,0,0,0,0,0,0.0,0.0,0.0,0.0,0.0,0.0,0.0,0.0,0,55
2023-24,35,536,Ben Johnson,DEF,West Ham,19,11,1,2024-04-27T11:30:00Z,0,0,0,0,0,0,0,0,0.0,0.0,0.0,0.0,0.0,0.0,0.0,0.0,0,44
2023-24,35,537,Thilo Kehrer,DEF,West Ham,19,11,1,2024-04-27T11:30:00Z,0,0,0,0,0,0,0,0,0.0,0.0,0.0,0.0,0.0,0.0,0.0,0.0,0,42
2023-24,35,538,Divin Mubama,FWD,West Ham,19,11,1,2024-04-27T11:30:00Z,0,0,0,0,0,0,0,0,0.0,0.0,0.0,0.0,0.0,0.0,0.0,0.0,0,41
2023-24,35,539,Lucas Tolentino Coelho de Lima,MID,West Ham,19,11,1,2024-04-27T11:30:00Z,90,2,0,0,0,2,0,8,4.8,2.8,8.0,1.6,0.0,0.06,0.06,1.75,1,60
2023-24,35,540,Declan Rice,MID,Arsenal,1,18,0,2024-04-28T13:00:00Z,90,6,0,1,0,2,1,26,33.6,30.5,7.0,7.1,0.08,0.51,0.59,2.37,1,55
2023-24,35,541,Gianluca Scamacca,FWD,West Ham,19,11,1,2024-04-27T11:30:00Z,0,0,0,0,0,0,0,0,0.0,0.0,0.0,0.0,0.0,0.0,0.0,0.0,0,60
2023-24,35,542,Tomáš Souček,MID,West Ham,19,11,1,2024-04-27T11:30:00Z,73,2,0,0,0,2,0,15,21.4,20.9,17.0,5.9,0.06,0.01,0.07,1.5,1,49
2023-24,35,543,Nikola Vlašić,MID,West Ham,19,11,1,2024-04-27T11:30:00Z,0,0,0,0,0,0,0,0,0.0,0.0,0.0,0.0,0.0,0.0,0.0,0.0,0,45
2023-24,35,544,Kurt Zouma,DEF,West Ham,19,11,1,2024-04-27T11:30:00Z,90,1,0,0,0,2,0,11,19.2,10.3,8.0,3.8,0.03,0.04,0.07,1.75,1,45
2023-24,35,545,Rayan Aït-Nouri,DEF,Wolves,20,12,1,2024-04-27T14:00:00Z,84,2,0,0,0,1,0,15,11.8,3.1,0.0,1.5,0.0,0.01,0.01,0.52,1,48
2023-24,35,546,Daniel Bentley,GK,Wolves,20,12,1,2024-04-27T14:00:00Z,0,0,0,0,0,0,0,0,0.0,0.0,0.0,0.0,0.0,0.0,0.0,0.0,0,39
2023-24,35,547,Bendegúz Bolla,DEF,Wolves,20,12,1,2024-04-27T14:00:00Z,0,0,0,0,0,0,0,0,0.0,0.0,0.0,0.0,0.0,0.0,0.0,0.0,0,40
2023-24,35,548,Hugo Bueno López,DEF,Wolves,20,12,1,2024-04-27T14:00:00Z,5,1,0,0,0,0,0,2,0.0,0.3,0.0,0.0,0.0,0.0,0.0,0.07,0,44
2023-24,35,549,Francisco Jorge Tomás Oliveira,MID,Wolves,20,12,1,2024-04-27T14:00:00Z,0,0,0,0,0,0,0,0,0.0,0.0,0.0,0.0,0.0,0.0,0.0,0.0,0,45
2023-24,35,550,Luke Cundle,MID,Wolves,20,12,1,2024-04-27T14:00:00Z,0,0,0,0,0,0,0,0,0.0,0.0,0.0,0.0,0.0,0.0,0.0,0.0,0,45
2023-24,35,551,Craig Dawson,DEF,Wolves,20,12,1,2024-04-27T14:00:00Z,0,0,0,0,0,0,0,0,0.0,0.0,0.0,0.0,0.0,0.0,0.0,0.0,0,45
2023-24,35,552,Fábio Silva,FWD,Wolves,20,12,1,2024-04-27T14:00:00Z,0,0,0,0,0,0,0,0,0.0,0.0,0.0,0.0,0.0,0.0,0.0,0.0,0,52
2023-24,35,553,Ryan Giles,DEF,Luton,12,20,0,2024-04-27T14:00:00Z,0,0,0,0,0,0,0,0,0.0,0.0,0.0,0.0,0.0,0.0,0.0,0.0,0,42
2023-24,35,554,Gonçalo Manuel Ganchinho Guedes,MID,Wolves,20,12,1,2024-04-27T14:00:00Z,0,0,0,0,0,0,0,0,0.0,0.0,0.0,0.0,0.0,0.0,0.0,0.0,0,54
2023-24,35,555,Joe Hodge,MID,Wolves,20,12,1,2024-04-27T14:00:00Z,0,0,0,0,0,0,0,0,0.0,0.0,0.0,0.0,0.0,0.0,0.0,0.0,0,44
2023-24,35,556,Ki-Jana Hoever,DEF,Wolves,20,12,1,2024-04-27T14:00:00Z,0,0,0,0,0,0,0,0,0.0,0.0,0.0,0.0,0.0,0.0,0.0,0.0,0,40
2023-24,35,557,Hwang Hee-chan,MID,Wolves,20,12,1,2024-04-27T14:00:00Z,90,6,1,0,0,1,0,14,39.2,10.8,45.0,9.5,0.23,0.04,0.27,0.59,1,54
2023-24,35,558,Raúl Jiménez,FWD,Fulham,10,8,1,2024-04-27T14:00:00Z,0,0,0,0,0,0,0,0,0.0,0.0,0.0,0.0,0.0,0.0,0.0,0.0,0,50
2023-24,35,559,João Victor Gomes da Silva,MID,Wolves,20,12,1,2024-04-27T14:00:00Z,90,1,0,0,0,1,0,8,2.8,20.5,5.0,2.8,0.04,0.12,0.16,0.59,1,49
2023-24,35,560,Jonathan Castro Otto,DEF,Wolves,20,12,1,2024-04-27T14:00:00Z,0,0,0,0,0,0,0,0,0.0,0.0,0.0,0.0,0.0,0.0,0.0,0.0,0,43
2023-24,35,561,Bruno Cavaco Jordão,MID,Wolves,20,12,1,2024-04-27T14:00:00Z,0,0,0,0,0,0,0,0,0.0,0.0,0.0,0.0,0.0,0.0,0.0,0.0,0,43
2023-24,35,562,Sasa Kalajdzic,FWD,Wolves,20,12,1,2024-04-27T14:00:00Z,0,0,0,0,0,0,0,0,0.0,0.0,0.0,0.0,0.0,0.0,0.0,0.0,0,49
2023-24,35,563,Max Kilman,DEF,Wolves,20,12,1,2024-04-27T14:00:00Z,90,2,0,0,0,1,0,17,23.8,11.0,0.0,3.5,0.0,0.01,0.01,0.59,1,46
2023-24,35,564,Tom King,GK,Wolves,20,12,1,2024-04-27T14:00:00Z,0,0,0,0,0,0,0,0,0.0,0.0,0.0,0.0,0.0,0.0,0.0,0.0,0,39
2023-24,35,565,Mario Lemina,MID,Wolves,20,12,1,2024-04-27T14:00:00Z,90,8,0,1,0,1,3,28,32.2,28.7,5.0,6.6,0.06,0.38,0.44,0.59,1,49
2023-24,35,566,Matheus Luiz Nunes,MID,Man City,13,16,0,2024-04-28T15:30:00Z,1,1,0,0,0,0,0,1,0.0,0.0,0.0,0.0,0.0,0.0,0.0,0.0,0,47
2023-24,35,567,Pedro Lomba Neto,MID,Wolves,20,12,1,2024-04-27T14:00:00Z,0,0,0,0,0,0,0,0,0.0,0.0,0.0,0.0,0.0,0.0,0.0,0.0,0,55
2023-24,35,568,Daniel Castelo Podence,MID,Wolves,20,12,1,2024-04-27T14:00:00Z,0,0,0,0,0,0,0,0,0.0,0.0,0.0,0.0,0.0,0.0,0.0,0.0,0,53
2023-24,35,569,José Malheiro de Sá,GK,Wolves,20,12,1,2024-04-27T14:00:00Z,90,3,0,0,0,1,0,17,39.6,0.0,0.0,4.0,0.0,0.0,0.0,0.59,1,50
2023-24,35,570,Pablo Sarabia,MID,Wolves,20,12,1,2024-04-27T14:00:00Z,14,0,0,0,0,1,0,-4,0.0,0.3,0.0,0.0,0.0,0.0,0.0,0.28,0,48
2023-24,35,571,Matija Šarkić,GK,Wolves,20,12,1,2024-04-27T14:00:00Z,0,0,0,0,0,0,0,0,0.0,0.0,0.0,0.0,0.0,0.0,0.0,0.0,0,40
2023-24,35,572,Nélson Cabral Semedo,DEF,Wolves,20,12,1,2024-04-27T14:00:00Z,90,2,0,0,0,1,0,7,19.0,5.9,19.0,4.4,0.31,0.01,0.32,0.59,1,45
2023-24,35,573,Toti António Gomes,DEF,Wolves,20,12,1,2024-04-27T14:00:00Z,90,11,1,0,0,1,3,28,52.8,1.3,24.0,7.8,0.44,0.0,0.44,0.59,1,44
2023-24,35,574,Boubacar Traoré,MID,Wolves,20,12,1,2024-04-27T14:00:00Z,90,2,0,0,0,1,0,7,17.2,23.3,5.0,4.6,0.13,0.0,0.13,0.59,1,43
2023-24,35,575,Tom Lockyer,DEF,Luton,12,20,0,2024-04-27T14:00:00Z,0,0,0,0,0,0,0,0,0.0,0.0,0.0,0.0,0.0,0.0,0.0,0.0,0,42
2023-24,35,576,Jack Robinson,DEF,Sheffield Utd,17,15,0,2024-04-27T14:00:00Z,23,1,0,0,0,1,0,3,1.8,0.6,0.0,0.2,0.0,0.0,0.0,0.73,0,43
2023-24,35,577,Angelo Ogbonna,DEF,West Ham,19,11,1,2024-04-27T11:30:00Z,90,1,0,0,0,2,0,10,23.2,0.5,2.0,2.6,0.0,0.05,0.05,1.75,1,42
2023-24,35,578,Reiss Nelson,MID,Arsenal,1,18,0,2024-04-28T13:00:00Z,0,0,0,0,0,0,0,0,0.0,0.0,0.0,0.0,0.0,0.0,0.0,0.0,0,48
2023-24,35,579,Andy Lonergan,GK,Everton,9,4,1,2024-04-27T16:30:00Z,0,0,0,0,0,0,0,0,0.0,0.0,0.0,0.0,0.0,0.0,0.0,0.0,0,39
2023-24,35,580,Loris Karius,GK,Newcastle,15,17,1,2024-04-27T14:00:00Z,0,0,0,0,0,0,0,0,0.0,0.0,0.0,0.0,0.0,0.0,0.0,0.0,0,39
2023-24,35,581,Paul Dummett,DEF,Newcastle,15,17,1,2024-04-27T14:00:00Z,0,0,0,0,0,0,0,0,0.0,0.0,0.0,0.0,0.0,0.0,0.0,0.0,0,39
2023-24,35,582,Pelly Ruddock Mpanzu,MID,Luton,12,20,0,2024-04-27T14:00:00Z,0,0,0,0,0,0,0,0,0.0,0.0,0.0,0.0,0.0,0.0,0.0,0.0,0,46
2023-24,35,583,Manor Solomon,MID,Spurs,18,7,0,2024-05-02T18:30:00Z,0,0,0,0,0,0,0,0,0.0,0.0,0.0,0.0,0.0,0.0,0.0,0.0,0,51
2023-24,35,584,Pau Torres,DEF,Aston Villa,2,7,1,2024-04-27T19:00:00Z,90,1,0,0,0,2,0,12,16.6,3.5,0.0,2.0,0.0,0.04,0.04,1.37,1,46
2023-24,35,585,Jurriën Timber,DEF,Arsenal,1,18,0,2024-04-28T13:00:00Z,0,0,0,0,0,0,0,0,0.0,0.0,0.0,0.0,0.0,0.0,0.0,0.0,0,46
2023-24,35,586,Tahith Chong,MID,Luton,12,20,0,2024-04-27T14:00:00Z,90,2,0,0,0,2,0,8,5.2,4.4,4.0,1.4,0.0,0.02,0.02,1.21,1,44
2023-24,35,587,Anis Slimane,MID,Sheffield Utd,17,15,0,2024-04-27T14:00:00Z,11,1,0,0,0,0,0,3,0.4,0.5,5.0,0.6,0.03,0.0,0.03,0.0,0,47
2023-24,35,588,Ashley Young,DEF,Everton,9,4,1,2024-04-27T16:30:00Z,90,7,0,0,1,0,1,29,15.2,1.8,0.0,1.7,0.0,0.02,0.02,0.84,1,44
2023-24,35,589,Ângelo Gabriel Borges Damaceno,MID,Chelsea,7,18,1,2024-05-02T18:30:00Z,0,0,0,0,0,0,0,0,0.0,0.0,0.0,0.0,0.0,0.0,0.0,0.0,0,50
2023-24,35,590,Matheus Santos Carneiro Da Cunha,FWD,Wolves,20,12,1,2024-04-27T14:00:00Z,75,5,0,1,1,0,0,15,20.8,15.7,8.0,4.5,0.01,0.02,0.03,0.32,1,56
2023-24,35,591,Willian Borges da Silva,MID,Fulham,10,8,1,2024-04-27T14:00:00Z,22,1,0,0,0,1,0,1,0.6,0.3,0.0,0.1,0.0,0.01,0.01,0.32,0,53
2023-24,35,592,Yasser Larouci,DEF,Sheffield Utd,17,15,0,2024-04-27T14:00:00Z,0,0,0,0,0,0,0,0,0.0,0.0,0.0,0.0,0.0,0.0,0.0,0.0,0,43
2023-24,35,593,Bénie Traoré,FWD,Sheffield Utd,17,15,0,2024-04-27T14:00:00Z,0,0,0,0,0,0,0,0,0.0,0.0,0.0,0.0,0.0,0.0,0.0,0.0,0,51
2023-24,35,594,Zeki Amdouni,FWD,Burnley,6,14,0,2024-04-27T14:00:00Z,33,7,1,0,0,1,2,28,40.0,0.3,26.0,6.6,0.93,0.0,0.93,0.89,0,51
2023-24,35,595,Milos Kerkez,DEF,Bournemouth,3,5,1,2024-04-28T13:00:00Z,0,0,0,0,0,0,0,0,0.0,0.0,0.0,0.0,0.0,0.0,0.0,0.0,0,44
2023-24,35,596,James Trafford,GK,Burnley,6,14,0,2024-04-27T14:00:00Z,0,0,0,0,0,0,0,0,0.0,0.0,0.0,0.0,0.0,0.0,0.0,0.0,0,44
2023-24,35,597,André Onana,GK,Man Utd,14,6,1,2024-04-27T14:00:00Z,90,4,0,0,0,1,0,17,39.4,0.0,0.0,3.9,0.0,0.01,0.01,2.06,1,50
2023-24,35,598,Matt Doherty,DEF,Wolves,20,12,1,2024-04-27T14:00:00Z,90,2,0,0,0,1,0,22,16.6,13.8,2.0,3.2,0.0,0.01,0.01,0.59,1,43
2023-24,35,599,Moussa Diaby,MID,Aston Villa,2,7,1,2024-04-27T19:00:00Z,56,1,0,0,0,2,0,1,0.0,0.3,0.0,0.0,0.0,0.01,0.01,1.07,0,63
2023-24,35,600,Nathan Redmond,MID,Burnley,6,14,0,2024-04-27T14:00:00Z,0,0,0,0,0,0,0,0,0.0,0.0,0.0,0.0,0.0,0.0,0.0,0.0,0,47
2023-24,35,601,Arnaut Danjuma Groeneveld,MID,Everton,9,4,1,2024-04-27T16:30:00Z,0,0,0,0,0,0,0,0,0.0,0.0,0.0,0.0,0.0,0.0,0.0,0.0,0,52
2023-24,35,602,Issa Kaboré,DEF,Luton,12,20,0,2024-04-27T14:00:00Z,0,0,0,0,0,0,0,0,0.0,0.0,0.0,0.0,0.0,0.0,0.0,0.0,0,40
2023-24,35,603,Harvey Barnes,MID,Newcastle,15,17,1,2024-04-27T14:00:00Z,24,4,0,1,0,0,0,17,21.4,21.4,4.0,4.7,0.0,0.11,0.11,0.08,0,62
2023-24,35,604,Olu Aina,DEF,Nott'm Forest,16,13,1,2024-04-28T15:30:00Z,90,1,0,0,0,2,0,23,20.8,25.7,0.0,4.7,0.0,0.17,0.17,0.84,1,45
2023-24,35,605,Luca Koleosho,MID,Burnley,6,14,0,2024-04-27T14:00:00Z,0,0,0,0,0,0,0,0,0.0,0.0,0.0,0.0,0.0,0.0,0.0,0.0,0,48
2023-24,35,606,Igor Julio dos Santos de Paulo,DEF,Brighton,5,3,0,2024-04-28T13:00:00Z,73,1,0,0,0,2,0,16,8.0,0.7,4.0,1.3,0.1,0.01,0.11,1.99,1,43
2023-24,35,607,Ionuț Radu,GK,Bournemouth,3,5,1,2024-04-28T13:00:00Z,0,0,0,0,0,0,0,0,0.0,0.0,0.0,0.0,0.0,0.0,0.0,0.0,0,43
2023-24,35,608,Jacob Bruun Larsen,MID,Burnley,6,14,0,2024-04-27T14:00:00Z,71,3,0,0,1,0,0,8,9.0,17.1,24.0,5.0,0.13,0.05,0.18,1.86,1,48
2023-24,35,609,Ian Maatsen,MID,Chelsea,7,18,1,2024-05-02T18:30:00Z,0,0,0,0,0,0,0,0,0.0,0.0,0.0,0.0,0.0,0.0,0.0,0.0,0,51
2023-24,35,610,Calvin Bassey,DEF,Fulham,10,8,1,2024-04-27T14:00:00Z,90,2,0,0,0,1,0,15,14.4,0.3,0.0,1.5,0.0,0.0,0.0,1.01,1,44
2023-24,35,611,Axel Disasi,DEF,Chelsea,7,18,1,2024-05-02T18:30:00Z,0,0,0,0,0,0,0,0,0.0,0.0,0.0,0.0,0.0,0.0,0.0,0.0,0,49
2023-24,35,613,Lesley Ugochukwu,MID,Chelsea,7,18,1,2024-05-02T18:30:00Z,0,0,0,0,0,0,0,0,0.0,0.0,0.0,0.0,0.0,0.0,0.0,0.0,0,44
2023-24,35,614,Thomas Kaminski,GK,Luton,12,20,0,2024-04-27T14:00:00Z,90,2,0,0,0,2,0,16,26.4,0.0,0.0,2.6,0.0,0.0,0.0,1.21,1,45
2023-24,35,615,Matheus França de Oliveira,MID,Crystal Palace,8,10,0,2024-04-27T14:00:00Z,0,0,0,0,0,0,0,0,0.0,0.0,0.0,0.0,0.0,0.0,0.0,0.0,0,48
2023-24,35,616,Joško Gvardiol,DEF,Man City,13,16,0,2024-04-28T15:30:00Z,90,15,1,0,1,0,3,42,50.6,5.1,37.0,9.3,0.08,0.05,0.13,1.64,1,49
2023-24,35,617,Rasmus Højlund,FWD,Man Utd,14,6,1,2024-04-27T14:00:00Z,64,2,0,0,1,0,0,7,3.0,10.1,6.0,1.9,0.0,0.0,0.0,1.12,1,70
2023-24,35,618,Omari Kellyman,MID,Aston Villa,2,7,1,2024-04-27T19:00:00Z,0,0,0,0,0,0,0,0,0.0,0.0,0.0,0.0,0.0,0.0,0.0,0.0,0,45
2023-24,35,619,Ben Greenwood,DEF,Bournemouth,3,5,1,2024-04-28T13:00:00Z,0,0,0,0,0,0,0,0,0.0,0.0,0.0,0.0,0.0,0.0,0.0,0.0,0,40
2023-24,35,620,Michael Olakigbe,MID,Brentford,4,9,0,2024-04-27T16:30:00Z,0,0,0,0,0,0,0,0,0.0,0.0,0.0,0.0,0.0,0.0,0.0,0.0,0,45
2023-24,35,621,Jack Hinshelwood,MID,Brighton,5,3,0,2024-04-28T13:00:00Z,0,0,0,0,0,0,0,0,0.0,0.0,0.0,0.0,0.0,0.0,0.0,0.0,0,45
2023-24,35,622,Owen Dodgson,DEF,Burnley,6,14,0,2024-04-27T14:00:00Z,0,0,0,0,0,0,0,0,0.0,0.0,0.0,0.0,0.0,0.0,0.0,0.0,0,40
2023-24,35,623,Mason Burstow,FWD,Chelsea,7,18,1,2024-05-02T18:30:00Z,0,0,0,0,0,0,0,0,0.0,0.0,0.0,0.0,0.0,0.0,0.0,0.0,0,45
2023-24,35,624,Lewis Dobbin,MID,Everton,9,4,1,2024-04-27T16:30:00Z,0,0,0,0,0,0,0,0,0.0,0.0,0.0,0.0,0.0,0.0,0.0,0.0,0,45
2023-24,35,625,Luc De Fougerolles,DEF,Fulham,10,8,1,2024-04-27T14:00:00Z,0,0,0,0,0,0,0,0,0.0,0.0,0.0,0.0,0.0,0.0,0.0,0.0,0,39
2023-24,35,626,Jarell Quansah,DEF,Liverpool,11,19,0,2024-04-27T11:30:00Z,90,1,0,0,0,2,0,19,23.0,2.0,0.0,2.5,0.0,0.02,0.02,0.66,1,40
2023-24,35,627,Bobby Clark,MID,Liverpool,11,19,0,2024-04-27T11:30:00Z,0,0,0,0,0,0,0,0,0.0,0.0,0.0,0.0,0.0,0.0,0.0,0.0,0,44
2023-24,35,628,Ben Doak,MID,Liverpool,11,19,0,2024-04-27T11:30:00Z,0,0,0,0,0,0,0,0,0.0,0.0,0.0,0.0,0.0,0.0,0.0,0.0,0,43
2023-24,35,629,James McConnell,MID,Liverpool,11,19,0,2024-04-27T11:30:00Z,0,0,0,0,0,0,0,0,0.0,0.0,0.0,0.0,0.0,0.0,0.0,0.0,0,44
2023-24,35,630,Ross Barkley,MID,Luton,12,20,0,2024-04-27T14:00:00Z,77,2,0,0,0,2,0,13,9.6,6.2,9.0,2.5,0.04,0.03,0.07,1.21,1,46
2023-24,35,631,Jacob Brown,FWD,Luton,12,20,0,2024-04-27T14:00:00Z,0,0,0,0,0,0,0,0,0.0,0.0,0.0,0.0,0.0,0.0,0.0,0.0,0,49
2023-24,35,632,Omari Forson,MID,Man Utd,14,6,1,2024-04-27T14:00:00Z,0,0,0,0,0,0,0,0,0.0,0.0,0.0,0.0,0.0,0.0,0.0,0.0,0,44
2023-24,35,633,Tino Livramento,DEF,Newcastle,15,17,1,2024-04-27T14:00:00Z,90,2,0,0,0,1,0,17,25.4,41.1,6.0,7.3,0.0,0.15,0.15,1.48,1,40
2023-24,35,634,Alex Murphy,DEF,Newcastle,15,17,1,2024-04-27T14:00:00Z,8,1,0,0,0,0,0,4,2.4,0.9,0.0,0.3,0.0,0.0,0.0,0.08,0,39
2023-24,35,635,Lewis Miley,MID,Newcastle,15,17,1,2024-04-27T14:00:00Z,0,0,0,0,0,0,0,0,0.0,0.0,0.0,0.0,0.0,0.0,0.0,0.0,0,45
2023-24,35,636,George Shelvey,GK,Nott'm Forest,16,13,1,2024-04-28T15:30:00Z,0,0,0,0,0,0,0,0,0.0,0.0,0.0,0.0,0.0,0.0,0.0,0.0,0,39
2023-24,35,637,Josh Powell,DEF,Nott'm Forest,16,13,1,2024-04-28T15:30:00Z,0,0,0,0,0,0,0,0,0.0,0.0,0.0,0.0,0.0,0.0,0.0,0.0,0,39
2023-24,35,638,Vini de Souza Costa,MID,Sheffield Utd,17,15,0,2024-04-27T14:00:00Z,20,1,0,0,0,1,0,8,12.0,10.1,0.0,2.2,0.0,0.0,0.0,0.61,0,50
2023-24,35,639,Micky van de Ven,DEF,Spurs,18,7,0,2024-05-02T18:30:00Z,90,0,0,0,0,2,0,12,27.6,1.4,2.0,3.1,0.0,0.02,0.02,1.94,1,44
2023-24,35,640,Dane Scarlett,FWD,Spurs,18,7,0,2024-05-02T18:30:00Z,0,0,0,0,0,0,0,0,0.0,0.0,0.0,0.0,0.0,0.0,0.0,0.0,0,45
2023-24,35,641,Alejo Véliz,FWD,Spurs,18,7,0,2024-05-02T18:30:00Z,0,0,0,0,0,0,0,0,0.0,0.0,0.0,0.0,0.0,0.0,0.0,0.0,0,54
2023-24,35,642,Edson Álvarez Velázquez,MID,West Ham,19,11,1,2024-04-27T11:30:00Z,90,2,0,0,0,2,0,12,27.2,12.9,0.0,4.0,0.0,0.06,0.06,1.75,1,50
2023-24,35,643,Max Aarons,DEF,Bournemouth,3,5,1,2024-04-28T13:00:00Z,13,1,0,0,0,0,0,2,0.6,0.8,0.0,0.1,0.0,0.0,0.0,0.0,0,44
2023-24,35,644,Alex Scott,MID,Bournemouth,3,5,1,2024-04-28T13:00:00Z,76,3,0,0,1,0,0,10,6.2,21.5,7.0,3.5,0.06,0.06,0.12,1.0,1,49
2023-24,35,645,Youssef Ramalho Chermiti,FWD,Everton,9,4,1,2024-04-27T16:30:00Z,90,2,0,0,1,0,0,7,4.2,26.2,13.0,4.3,0.04,0.11,0.15,0.84,1,48
2023-24,35,646,Karl Hein,GK,Arsenal,1,18,0,2024-04-28T13:00:00Z,0,0,0,0,0,0,0,0,0.0,0.0,0.0,0.0,0.0,0.0,0.0,0.0,0,40
2023-24,35,647,Joseph Anang,GK,West Ham,19,11,1,2024-04-27T11:30:00Z,0,0,0,0,0,0,0,0,0.0,0.0,0.0,0.0,0.0,0.0,0.0,0.0,0,40
2023-24,35,648,Aidan Francis-Clarke,DEF,Luton,12,20,0,2024-04-27T14:00:00Z,0,0,0,0,0,0,0,0,0.0,0.0,0.0,0.0,0.0,0.0,0.0,0.0,0,40
2023-24,35,649,Thomas Cannon,FWD,Everton,9,4,1,2024-04-27T16:30:00Z,0,0,0,0,0,0,0,0,0.0,0.0,0.0,0.0,0.0,0.0,0.0,0.0,0,45
2023-24,35,650,Tyler Onyango,MID,Everton,9,4,1,2024-04-27T16:30:00Z,0,0,0,0,0,0,0,0,0.0,0.0,0.0,0.0,0.0,0.0,0.0,0.0,0,44
2023-24,35,651,Jay Stansfield,FWD,Fulham,10,8,1,2024-04-27T14:00:00Z,0,0,0,0,0,0,0,0,0.0,0.0,0.0,0.0,0.0,0.0,0.0,0.0,0,45
2023-24,35,652,Matthew Dibley-Dias,MID,Fulham,10,8,1,2024-04-27T14:00:00Z,0,0,0,0,0,0,0,0,0.0,0.0,0.0,0.0,0.0,0.0,0.0,0.0,0,45
2023-24,35,653,Femi Seriki,DEF,Sheffield Utd,17,15,0,2024-04-27T14:00:00Z,0,0,0,0,0,0,0,0,0.0,0.0,0.0,0.0,0.0,0.0,0.0,0.0,0,39
2023-24,35,654,Louie Marsh,FWD,Sheffield Utd,17,15,0,2024-04-27T14:00:00Z,0,0,0,0,0,0,0,0,0.0,0.0,0.0,0.0,0.0,0.0,0.0,0.0,0,45
2023-24,35,655,Andre Brooks,MID,Sheffield Utd,17,15,0,2024-04-27T14:00:00Z,69,2,0,0,0,4,0,0,6.2,1.8,5.0,1.3,0.09,0.0,0.09,2.21,1,44
2023-24,35,656,Antwoine Hackford,FWD,Sheffield Utd,17,15,0,2024-04-27T14:00:00Z,0,0,0,0,0,0,0,0,0.0,0.0,0.0,0.0,0.0,0.0,0.0,0.0,0,44
2023-24,35,657,Jesurun Rak-Sakyi,MID,Crystal Palace,8,10,0,2024-04-27T14:00:00Z,0,0,0,0,0,0,0,0,0.0,0.0,0.0,0.0,0.0,0.0,0.0,0.0,0,45
2023-24,35,658,John-Kymani Gordon,FWD,Crystal Palace,8,10,0,2024-04-27T14:00:00Z,0,0,0,0,0,0,0,0,0.0,0.0,0.0,0.0,0.0,0.0,0.0,0.0,0,45
2023-24,35,659,Lucas Bergström,GK,Chelsea,7,18,1,2024-05-02T18:30:00Z,0,0,0,0,0,0,0,0,0.0,0.0,0.0,0.0,0.0,0.0,0.0,0.0,0,39
2023-24,35,660,Wilson Odobert,MID,Burnley,6,14,0,2024-04-27T14:00:00Z,90,1,0,0,0,1,0,10,18.6,26.8,36.0,8.1,0.12,0.09,0.21,2.71,1,50
2023-24,35,661,Jack Harrison,MID,Everton,9,4,1,2024-04-27T16:30:00Z,90,3,0,0,1,0,0,6,7.0,2.5,18.0,2.8,0.15,0.24,0.39,0.84,1,55
2023-24,35,662,Adama Traoré,MID,Fulham,10,8,1,2024-04-27T14:00:00Z,0,0,0,0,0,0,0,0,0.0,0.0,0.0,0.0,0.0,0.0,0.0,0.0,0,49
2023-24,35,663,Gustavo Hamer,MID,Sheffield Utd,17,15,0,2024-04-27T14:00:00Z,78,5,0,1,0,5,0,28,35.0,61.2,4.0,10.0,0.0,0.56,0.56,2.82,1,49
2023-24,35,664,James Ward-Prowse,MID,West Ham,19,11,1,2024-04-27T11:30:00Z,16,1,0,0,0,0,0,3,1.6,10.7,0.0,1.2,0.0,0.03,0.03,0.26,0,58
2023-24,35,665,Tim Krul,GK,Luton,12,20,0,2024-04-27T14:00:00Z,0,0,0,0,0,0,0,0,0.0,0.0,0.0,0.0,0.0,0.0,0.0,0.0,0,44
2023-24,35,666,Tom Davies,MID,Sheffield Utd,17,15,0,2024-04-27T14:00:00Z,0,0,0,0,0,0,0,0,0.0,0.0,0.0,0.0,0.0,0.0,0.0,0.0,0,50
2023-24,35,667,Roméo Lavia,MID,Chelsea,7,18,1,2024-05-02T18:30:00Z,0,0,0,0,0,0,0,0,0.0,0.0,0.0,0.0,0.0,0.0,0.0,0.0,0,49
2023-24,35,668,Wataru Endo,MID,Liverpool,11,19,0,2024-04-27T11:30:00Z,78,1,0,0,0,2,0,6,10.8,4.4,0.0,1.5,0.0,0.04,0.04,0.66,1,54
2023-24,35,669,Radek Vítek,GK,Man Utd,14,6,1,2024-04-27T14:00:00Z,0,0,0,0,0,0,0,0,0.0,0.0,0.0,0.0,0.0,0.0,0.0,0.0,0,40
2023-24,35,670,Filip Marschall,GK,Aston Villa,2,7,1,2024-04-27T19:00:00Z,0,0,0,0,0,0,0,0,0.0,0.0,0.0,0.0,0.0,0.0,0.0,0.0,0,40
2023-24,35,671,Bashir Humphreys,DEF,Chelsea,7,18,1,2024-05-02T18:30:00Z,0,0,0,0,0,0,0,0,0.0,0.0,0.0,0.0,0.0,0.0,0.0,0.0,0,40
2023-24,35,672,Nicolò Zaniolo,MID,Aston Villa,2,7,1,2024-04-27T19:00:00Z,0,0,0,0,0,0,0,0,0.0,0.0,0.0,0.0,0.0,0.0,0.0,0.0,0,54
2023-24,35,673,Tyler Adams,MID,Bournemouth,3,5,1,2024-04-28T13:00:00Z,0,0,0,0,0,0,0,0,0.0,0.0,0.0,0.0,0.0,0.0,0.0,0.0,0,49
2023-24,35,674,Hannes Delcroix,DEF,Burnley,6,14,0,2024-04-27T14:00:00Z,0,0,0,0,0,0,0,0,0.0,0.0,0.0,0.0,0.0,0.0,0.0,0.0,0,40
2023-24,35,675,Aaron Ramsey,MID,Burnley,6,14,0,2024-04-27T14:00:00Z,0,0,0,0,0,0,0,0,0.0,0.0,0.0,0.0,0.0,0.0,0.0,0.0,0,50
2023-24,35,676,Konstantinos Mavropanos,DEF,West Ham,19,11,1,2024-04-27T11:30:00Z,0,0,0,0,0,0,0,0,0.0,0.0,0.0,0.0,0.0,0.0,0.0,0.0,0,45
2023-24,35,677,Deivid Washington de Souza Eugênio,FWD,Chelsea,7,18,1,2024-05-02T18:30:00Z,0,0,0,0,0,0,0,0,0.0,0.0,0.0,0.0,0.0,0.0,0.0,0.0,0,45
2023-24,35,678,Jérémy Doku,MID,Man City,13,16,0,2024-04-28T15:30:00Z,45,1,0,0,0,0,0,-2,0.0,2.1,6.0,0.7,0.04,0.01,0.05,1.27,1,64
2023-24,35,679,Gonzalo Montiel,DEF,Nott'm Forest,16,13,1,2024-04-28T15:30:00Z,55,1,0,0,0,1,0,6,8.0,22.2,9.0,3.9,0.02,0.44,0.46,0.62,0,44
2023-24,35,680,Eddie Beach,GK,Chelsea,7,18,1,2024-05-02T18:30:00Z,0,0,0,0,0,0,0,0,0.0,0.0,0.0,0.0,0.0,0.0,0.0,0.0,0,40
2023-24,35,681,Diego Manuel Jadon da Silva Moreira,MID,Chelsea,7,18,1,2024-05-02T18:30:00Z,0,0,0,0,0,0,0,0,0.0,0.0,0.0,0.0,0.0,0.0,0.0,0.0,0,45
2023-24,35,682,Joseph Johnson,DEF,Luton,12,20,0,2024-04-27T14:00:00Z,0,0,0,0,0,0,0,0,0.0,0.0,0.0,0.0,0.0,0.0,0.0,0.0,0,40
2023-24,35,683,Luke Harris,MID,Fulham,10,8,1,2024-04-27T14:00:00Z,0,0,0,0,0,0,0,0,0.0,0.0,0.0,0.0,0.0,0.0,0.0,0.0,0,45
2023-24,35,684,Ethan Brierley,MID,Brentford,4,9,0,2024-04-27T16:30:00Z,0,0,0,0,0,0,0,0,0.0,0.0,0.0,0.0,0.0,0.0,0.0,0.0,0,45
2023-24,35,685,Daniel Gore,MID,Man Utd,14,6,1,2024-04-27T14:00:00Z,0,0,0,0,0,0,0,0,0.0,0.0,0.0,0.0,0.0,0.0,0.0,0.0,0,45
2023-24,35,686,Oliwier Zych,GK,Aston Villa,2,7,1,2024-04-27T19:00:00Z,0,0,0,0,0,0,0,0,0.0,0.0,0.0,0.0,0.0,0.0,0.0,0.0,0,40
2023-24,35,687,Đorđe Petrović,GK,Chelsea,7,18,1,2024-05-02T18:30:00Z,90,9,0,0,1,0,2,28,25.8,0.0,0.0,2.6,0.0,0.0,0.0,1.54,1,46
2023-24,35,688,Timothy Castagne,DEF,Fulham,10,8,1,2024-04-27T14:00:00Z,90,6,0,1,0,1,1,23,27.8,25.7,4.0,5.8,0.0,0.46,0.46,1.01,1,45
2023-24,35,689,Mohammed Kudus,MID,West Ham,19,11,1,2024-04-27T11:30:00Z,90,5,0,1,0,2,0,17,31.2,17.3,23.0,7.2,0.03,0.07,0.1,1.75,1,68
2023-24,35,690,Carlos Baleba,MID,Brighton,5,3,0,2024-04-28T13:00:00Z,2,1,0,0,0,0,0,3,1.0,0.2,0.0,0.1,0.0,0.0,0.0,0.0,0,45
2023-24,35,691,Norberto Bercique Gomes Betuncal,FWD,Everton,9,4,1,2024-04-27T16:30:00Z,0,0,0,0,0,0,0,0,0.0,0.0,0.0,0.0,0.0,0.0,0.0,0.0,0,57
2023-24,35,692,Steven Benda,GK,Fulham,10,8,1,2024-04-27T14:00:00Z,0,0,0,0,0,0,0,0,0.0,0.0,0.0,0.0,0.0,0.0,0.0,0.0,0,40
2023-24,35,693,Luke Thomas,DEF,Sheffield Utd,17,15,0,2024-04-27T14:00:00Z,0,0,0,0,0,0,0,0,0.0,0.0,0.0,0.0,0.0,0.0,0.0,0.0,0,40
2023-24,35,694,Han-Noah Massengo,MID,Burnley,6,14,0,2024-04-27T14:00:00Z,0,0,0,0,0,0,0,0,0.0,0.0,0.0,0.0,0.0,0.0,0.0,0.0,0,49
2023-24,35,695,Altay Bayindir,GK,Man Utd,14,6,1,2024-04-27T14:00:00Z,0,0,0,0,0,0,0,0,0.0,0.0,0.0,0.0,0.0,0.0,0.0,0.0,0,39
2023-24,35,696,Murillo Santiago Costa dos Santos,DEF,Nott'm Forest,16,13,1,2024-04-28T15:30:00Z,73,1,0,0,0,2,0,10,11.8,0.1,7.0,1.9,0.4,0.0,0.4,0.77,1,45
2023-24,35,697,Santiago Bueno,DEF,Wolves,20,12,1,2024-04-27T14:00:00Z,0,0,0,0,0,0,0,0,0.0,0.0,0.0,0.0,0.0,0.0,0.0,0.0,0,45
2023-24,35,698,Enso González,MID,Wolves,20,12,1,2024-04-27T14:00:00Z,0,0,0,0,0,0,0,0,0.0,0.0,0.0,0.0,0.0,0.0,0.0,0.0,0,50
2023-24,35,699,Clément Lenglet,DEF,Aston Villa,2,7,1,2024-04-27T19:00:00Z,0,0,0,0,0,0,0,0,0.0,0.0,0.0,0.0,0.0,0.0,0.0,0.0,0,45
2023-24,35,700,Anssumane Fati Vieira,MID,Brighton,5,3,0,2024-04-28T13:00:00Z,0,0,0,0,0,0,0,0,0.0,0.0,0.0,0.0,0.0,0.0,0.0,0.0,0,64
2023-24,35,701,Saman Ghoddos,MID,Brentford,4,9,0,2024-04-27T16:30:00Z,0,0,0,0,0,0,0,0,0.0,0.0,0.0,0.0,0.0,0.0,0.0,0.0,0,45
2023-24,35,702,Ashley Phillips,DEF,Spurs,18,7,0,2024-05-02T18:30:00Z,0,0,0,0,0,0,0,0,0.0,0.0,0.0,0.0,0.0,0.0,0.0,0.0,0,40
2023-24,35,703,Jonny Evans,DEF,Man Utd,14,6,1,2024-04-27T14:00:00Z,0,0,0,0,0,0,0,0,0.0,0.0,0.0,0.0,0.0,0.0,0.0,0.0,0,40
2023-24,35,704,Nathan Fraser,FWD,Wolves,20,12,1,2024-04-27T14:00:00Z,0,0,0,0,0,0,0,0,0.0,0.0,0.0,0.0,0.0,0.0,0.0,0.0,0,45
2023-24,35,705,Luis Sinisterra,MID,Bournemouth,3,5,1,2024-04-28T13:00:00Z,0,0,0,0,0,0,0,0,0.0,0.0,0.0,0.0,0.0,0.0,0.0,0.0,0,55
2023-24,35,706,Mike Trésor,MID,Burnley,6,14,0,2024-04-27T14:00:00Z,0,0,0,0,0,0,0,0,0.0,0.0,0.0,0.0,0.0,0.0,0.0,0.0,0,53
2023-24,35,707,Fodé Ballo-Touré,DEF,Fulham,10,8,1,2024-04-27T14:00:00Z,0,0,0,0,0,0,0,0,0.0,0.0,0.0,0.0,0.0,0.0,0.0,0.0,0,45
2023-24,35,708,Ryan Gravenberch,MID,Liverpool,11,19,0,2024-04-27T11:30:00Z,90,2,0,0,0,2,0,17,10.8,31.7,14.0,5.7,0.22,0.21,0.43,0.7,1,50
2023-24,35,709,Sofyan Amrabat,MID,Man Utd,14,6,1,2024-04-27T14:00:00Z,9,1,0,0,0,1,0,3,0.2,0.3,0.0,0.1,0.0,0.01,0.01,0.89,0,50
2023-24,35,710,Odysseas Vlachodimos,GK,Nott'm Forest,16,13,1,2024-04-28T15:30:00Z,0,0,0,0,0,0,0,0,0.0,0.0,0.0,0.0,0.0,0.0,0.0,0.0,0,45
2023-24,35,711,Andrew Omobamidele,DEF,Nott'm Forest,16,13,1,2024-04-28T15:30:00Z,16,1,0,0,0,0,0,3,2.4,0.6,0.0,0.3,0.0,0.0,0.0,0.06,0,45
2023-24,35,712,Nicolás Domínguez,MID,Nott'm Forest,16,13,1,2024-04-28T15:30:00Z,0,0,0,0,0,0,0,0,0.0,0.0,0.0,0.0,0.0,0.0,0.0,0.0,0,50
2023-24,35,713,Ibrahim Sangaré,MID,Nott'm Forest,16,13,1,2024-04-28T15:30:00Z,6,1,0,0,0,0,0,2,3.4,0.8,0.0,0.4,0.0,0.0,0.0,0.06,0,49
2023-24,35,714,Divock Origi,FWD,Nott'm Forest,16,13,1,2024-04-28T15:30:00Z,0,0,0,0,0,0,0,0,0.0,0.0,0.0,0.0,0.0,0.0,0.0,0.0,0,50
2023-24,35,715,Jean-Ricner Bellegarde,MID,Wolves,20,12,1,2024-04-27T14:00:00Z,0,0,0,0,0,0,0,0,0.0,0.0,0.0,0.0,0.0,0.0,0.0,0.0,0,49
2023-24,35,716,Alfie Gilchrist,DEF,Chelsea,7,18,1,2024-05-02T18:30:00Z,84,6,0,0,1,0,0,21,12.8,1.9,5.0,2.0,0.1,0.0,0.1,0.97,1,40
2023-24,35,717,Ronnie Stutter,FWD,Chelsea,7,18,1,2024-05-02T18:30:00Z,0,0,0,0,0,0,0,0,0.0,0.0,0.0,0.0,0.0,0.0,0.0,0.0,0,45
2023-24,35,718,Alex Matos,MID,Chelsea,7,18,1,2024-05-02T18:30:00Z,0,0,0,0,0,0,0,0,0.0,0.0,0.0,0.0,0.0,0.0,0.0,0.0,0,45
2023-24,35,719,Mackenzie Hunt,MID,Everton,9,4,1,2024-04-27T16:30:00Z,0,0,0,0,0,0,0,0,0.0,0.0,0.0,0.0,0.0,0.0,0.0,0.0,0,45
2023-24,35,720,Ademola Ola-Adebomi,FWD,Crystal Palace,8,10,0,2024-04-27T14:00:00Z,0,0,0,0,0,0,0,0,0.0,0.0,0.0,0.0,0.0,0.0,0.0,0.0,0,45
2023-24,35,721,David Ozoh,MID,Crystal Palace,8,10,0,2024-04-27T14:00:00Z,0,0,0,0,0,0,0,0,0.0,0.0,0.0,0.0,0.0,0.0,0.0,0.0,0,45
2023-24,35,722,Jamie Donley,FWD,Spurs,18,7,0,2024-05-02T18:30:00Z,0,0,0,0,0,0,0,0,0.0,0.0,0.0,0.0,0.0,0.0,0.0,0.0,0,45
2023-24,35,723,Josh Brooking,DEF,Chelsea,7,18,1,2024-05-02T18:30:00Z,0,0,0,0,0,0,0,0,0.0,0.0,0.0,0.0,0.0,0.0,0.0,0.0,0,40
2023-24,35,724,Jadan Raymond,MID,Crystal Palace,8,10,0,2024-04-27T14:00:00Z,0,0,0,0,0,0,0,0,0.0,0.0,0.0,0.0,0.0,0.0,0.0,0.0,0,45
2023-24,35,725,Ji-Soo Kim,DEF,Brentford,4,9,0,2024-04-27T16:30:00Z,0,0,0,0,0,0,0,0,0.0,0.0,0.0,0.0,0.0,0.0,0.0,0.0,0,40
2023-24,35,726,Luke Chambers,DEF,Liverpool,11,19,0,2024-04-27T11:30:00Z,0,0,0,0,0,0,0,0,0.0,0.0,0.0,0.0,0.0,0.0,0.0,0.0,0,40
2023-24,35,727,Andros Townsend,MID,Luton,12,20,0,2024-04-27T14:00:00Z,0,0,0,0,0,0,0,0,0.0,0.0,0.0,0.0,0.0,0.0,0.0,0.0,0,50
2023-24,35,728,Callum Scanlon,DEF,Liverpool,11,19,0,2024-04-27T11:30:00Z,0,0,0,0,0,0,0,0,0.0,0.0,0.0,0.0,0.0,0.0,0.0,0.0,0,39
2023-24,35,729,Jayden Luker,MID,Luton,12,20,0,2024-04-27T14:00:00Z,0,0,0,0,0,0,0,0,0.0,0.0,0.0,0.0,0.0,0.0,0.0,0.0,0,45
2023-24,35,730,Ryan Oné,MID,Sheffield Utd,17,15,0,2024-04-27T14:00:00Z,0,0,0,0,0,0,0,0,0.0,0.0,0.0,0.0,0.0,0.0,0.0,0.0,0,44
2023-24,35,731,Jili Buyabu,DEF,Sheffield Utd,17,15,0,2024-04-27T14:00:00Z,0,0,0,0,0,0,0,0,0.0,0.0,0.0,0.0,0.0,0.0,0.0,0.0,0,40
2023-24,35,732,Devan Tanton,DEF,Fulham,10,8,1,2024-04-27T14:00:00Z,0,0,0,0,0,0,0,0,0.0,0.0,0.0,0.0,0.0,0.0,0.0,0.0,0,40
2023-24,35,733,Valintino Adedokun,DEF,Brentford,4,9,0,2024-04-27T16:30:00Z,0,0,0,0,0,0,0,0,0.0,0.0,0.0,0.0,0.0,0.0,0.0,0.0,0,40
2023-24,35,734,Zack Nelson,MID,Luton,12,20,0,2024-04-27T14:00:00Z,0,0,0,0,0,0,0,0,0.0,0.0,0.0,0.0,0.0,0.0,0.0,0.0,0,45
2023-24,35,735,Charles Sagoe,MID,Arsenal,1,18,0,2024-04-28T13:00:00Z,0,0,0,0,0,0,0,0,0.0,0.0,0.0,0.0,0.0,0.0,0.0,0.0,0,45
2023-24,35,736,Reuell Walters,DEF,Arsenal,1,18,0,2024-04-28T13:00:00Z,0,0,0,0,0,0,0,0,0.0,0.0,0.0,0.0,0.0,0.0,0.0,0.0,0,40
2023-24,35,737,Bradley Ibrahim,MID,Arsenal,1,18,0,2024-04-28T13:00:00Z,0,0,0,0,0,0,0,0,0.0,0.0,0.0,0.0,0.0,0.0,0.0,0.0,0,45
2023-24,35,738,Amadou Diallo,MID,Newcastle,15,17,1,2024-04-27T14:00:00Z,0,0,0,0,0,0,0,0,0.0,0.0,0.0,0.0,0.0,0.0,0.0,0.0,0,45
2023-24,35,739,Ben Parkinson,FWD,Newcastle,15,17,1,2024-04-27T14:00:00Z,0,0,0,0,0,0,0,0,0.0,0.0,0.0,0.0,0.0,0.0,0.0,0.0,0,45
2023-24,35,740,Alfie Dorrington,DEF,Spurs,18,7,0,2024-05-02T18:30:00Z,0,0,0,0,0,0,0,0,0.0,0.0,0.0,0.0,0.0,0.0,0.0,0.0,0,40
2023-24,35,741,Mark O’Mahony,FWD,Brighton,5,3,0,2024-04-28T13:00:00Z,45,1,0,0,0,1,0,3,6.0,0.1,6.0,1.2,0.06,0.0,0.06,1.14,1,45
2023-24,35,742,Benicio Baker-Boaitey,MID,Brighton,5,3,0,2024-04-28T13:00:00Z,0,0,0,0,0,0,0,0,0.0,0.0,0.0,0.0,0.0,0.0,0.0,0.0,0,45
2023-24,35,743,Treymaurice Nyoni,MID,Liverpool,11,19,0,2024-04-27T11:30:00Z,0,0,0,0,0,0,0,0,0.0,0.0,0.0,0.0,0.0,0.0,0.0,0.0,0,45
2023-24,35,744,Myles Peart-Harris,MID,Brentford,4,9,0,2024-04-27T16:30:00Z,0,0,0,0,0,0,0,0,0.0,0.0,0.0,0.0,0.0,0.0,0.0,0.0,0,45
2023-24,35,745,Michael Ndiweni,FWD,Newcastle,15,17,1,2024-04-27T14:00:00Z,0,0,0,0,0,0,0,0,0.0,0.0,0.0,0.0,0.0,0.0,0.0,0.0,0,44
2023-24,35,746,Ben Jackson,DEF,Brighton,5,3,0,2024-04-28T13:00:00Z,0,0,0,0,0,0,0,0,0.0,0.0,0.0,0.0,0.0,0.0,0.0,0.0,0,40
2023-24,35,747,Joshua Duffus,MID,Brighton,5,3,0,2024-04-28T13:00:00Z,0,0,0,0,0,0,0,0,0.0,0.0,0.0,0.0,0.0,0.0,0.0,0.0,0,44
2023-24,35,748,Joe Hugill,FWD,Man Utd,14,6,1,2024-04-27T14:00:00Z,0,0,0,0,0,0,0,0,0.0,0.0,0.0,0.0,0.0,0.0,0.0,0.0,0,45
2023-24,35,749,Matthew Whittingham,MID,Wolves,20,12,1,2024-04-27T14:00:00Z,0,0,0,0,0,0,0,0,0.0,0.0,0.0,0.0,0.0,0.0,0.0,0.0,0,45
2023-24,35,750,Tawanda Chirewa,MID,Wolves,20,12,1,2024-04-27T14:00:00Z,0,0,0,0,0,0,0,0,0.0,0.0,0.0,0.0,0.0,0.0,0.0,0.0,0,44
2023-24,35,751,Justin Hubner,DEF,Wolves,20,12,1,2024-04-27T14:00:00Z,0,0,0,0,0,0,0,0,0.0,0.0,0.0,0.0,0.0,0.0,0.0,0.0,0,40
2023-24,35,752,Vincent Angelini,GK,Brentford,4,9,0,2024-04-27T16:30:00Z,0,0,0,0,0,0,0,0,0.0,0.0,0.0,0.0,0.0,0.0,0.0,0.0,0,40
2023-24,35,753,Leigh Kavanagh,DEF,Brighton,5,3,0,2024-04-28T13:00:00Z,0,0,0,0,0,0,0,0,0.0,0.0,0.0,0.0,0.0,0.0,0.0,0.0,0,40
2023-24,35,754,Yago de Santiago Alonso,MID,Spurs,18,7,0,2024-05-02T18:30:00Z,0,0,0,0,0,0,0,0,0.0,0.0,0.0,0.0,0.0,0.0,0.0,0.0,0,45
2023-24,35,755,Luca Barrington,MID,Brighton,5,3,0,2024-04-28T13:00:00Z,0,0,0,0,0,0,0,0,0.0,0.0,0.0,0.0,0.0,0.0,0.0,0.0,0,45
2023-24,35,756,Marcelo de Araújo Pitaluga Filho,GK,Liverpool,11,19,0,2024-04-27T11:30:00Z,0,0,0,0,0,0,0,0,0.0,0.0,0.0,0.0,0.0,0.0,0.0,0.0,0,40
2023-24,35,757,Conor Bradley,DEF,Liverpool,11,19,0,2024-04-27T11:30:00Z,0,0,0,0,0,0,0,0,0.0,0.0,0.0,0.0,0.0,0.0,0.0,0.0,0,42
2023-24,35,758,Leo Castledine,MID,Chelsea,7,18,1,2024-05-02T18:30:00Z,0,0,0,0,0,0,0,0,0.0,0.0,0.0,0.0,0.0,0.0,0.0,0.0,0,45
2023-24,35,759,Sydie Peck,MID,Sheffield Utd,17,15,0,2024-04-27T14:00:00Z,0,0,0,0,0,0,0,0,0.0,0.0,0.0,0.0,0.0,0.0,0.0,0.0,0,44
2023-24,35,760,Jenson Metcalfe,MID,Everton,9,4,1,2024-04-27T16:30:00Z,0,0,0,0,0,0,0,0,0.0,0.0,0.0,0.0,0.0,0.0,0.0,0.0,0,45
2023-24,35,761,Elijah Campbell,DEF,Everton,9,4,1,2024-04-27T16:30:00Z,0,0,0,0,0,0,0,0,0.0,0.0,0.0,0.0,0.0,0.0,0.0,0.0,0,40
2023-24,35,762,Mahamadou Susoho,MID,Man City,13,16,0,2024-04-28T15:30:00Z,0,0,0,0,0,0,0,0,0.0,0.0,0.0,0.0,0.0,0.0,0.0,0.0,0,45
2023-24,35,763,Tayo Adaramola,DEF,Crystal Palace,8,10,0,2024-04-27T14:00:00Z,0,0,0,0,0,0,0,0,0.0,0.0,0.0,0.0,0.0,0.0,0.0,0.0,0,40
2023-24,35,764,Myles Lewis-Skelly,MID,Arsenal,1,18,0,2024-04-28T13:00:00Z,0,0,0,0,0,0,0,0,0.0,0.0,0.0,0.0,0.0,0.0,0.0,0.0,0,45
2023-24,35,765,Sam Proctor,GK,Aston Villa,2,7,1,2024-04-27T19:00:00Z,0,0,0,0,0,0,0,0,0.0,0.0,0.0,0.0,0.0,0.0,0.0,0.0,0,40
2023-24,35,766,Willy Kambwala,DEF,Man Utd,14,6,1,2024-04-27T14:00:00Z,0,0,0,0,0,0,0,0,0.0,0.0,0.0,0.0,0.0,0.0,0.0,0.0,0,39
2023-24,35,767,Tommi O'Reilly,MID,Aston Villa,2,7,1,2024-04-27T19:00:00Z,0,0,0,0,0,0,0,0,0.0,0.0,0.0,0.0,0.0,0.0,0.0,0.0,0,45
2023-24,35,768,Rhys Bennett,DEF,Man Utd,14,6,1,2024-04-27T14:00:00Z,0,0,0,0,0,0,0,0,0.0,0.0,0.0,0.0,0.0,0.0,0.0,0.0,0,40
2023-24,35,769,Owen Hesketh,MID,Wolves,20,12,1,2024-04-27T14:00:00Z,0,0,0,0,0,0,0,0,0.0,0.0,0.0,0.0,0.0,0.0,0.0,0.0,0,45
2023-24,35,770,Ty Barnett,MID,Wolves,20,12,1,2024-04-27T14:00:00Z,0,0,0,0,0,0,0,0,0.0,0.0,0.0,0.0,0.0,0.0,0.0,0.0,0,45
2023-24,35,771,Micah Hamilton,MID,Man City,13,16,0,2024-04-28T15:30:00Z,0,0,0,0,0,0,0,0,0.0,0.0,0.0,0.0,0.0,0.0,0.0,0.0,0,45
2023-24,35,772,Ethan Nwaneri,MID,Arsenal,1,18,0,2024-04-28T13:00:00Z,0,0,0,0,0,0,0,0,0.0,0.0,0.0,0.0,0.0,0.0,0.0,0.0,0,45
2023-24,35,773,Lewis Orford,MID,West Ham,19,11,1,2024-04-27T11:30:00Z,0,0,0,0,0,0,0,0,0.0,0.0,0.0,0.0,0.0,0.0,0.0,0.0,0,45
2023-24,35,774,Kaelan Casey,DEF,West Ham,19,11,1,2024-04-27T11:30:00Z,0,0,0,0,0,0,0,0,0.0,0.0,0.0,0.0,0.0,0.0,0.0,0.0,0,40
2023-24,35,775,Ben Brereton,MID,Sheffield Utd,17,15,0,2024-04-27T14:00:00Z,90,2,0,0,0,5,0,11,8.4,4.2,58.0,7.1,0.32,0.01,0.33,2.82,1,50
2023-24,35,776,Timo Werner,FWD,Spurs,18,7,0,2024-05-02T18:30:00Z,0,0,0,0,0,0,0,0,0.0,0.0,0.0,0.0,0.0,0.0,0.0,0.0,0,63
2023-24,35,777,Radu Dragusin,DEF,Spurs,18,7,0,2024-05-02T18:30:00Z,0,0,0,0,0,0,0,0,0.0,0.0,0.0,0.0,0.0,0.0,0.0,0.0,0,42
2023-24,35,778,James Wright,GK,Aston Villa,2,7,1,2024-04-27T19:00:00Z,0,0,0,0,0,0,0,0,0.0,0.0,0.0,0.0,0.0,0.0,0.0,0.0,0,40
2023-24,35,779,Jamie McDonnell,MID,Nott'm Forest,16,13,1,2024-04-28T15:30:00Z,0,0,0,0,0,0,0,0,0.0,0.0,0.0,0.0,0.0,0.0,0.0,0.0,0,45
2023-24,35,780,Detlef Esapa Osong,FWD,Nott'm Forest,16,13,1,2024-04-28T15:30:00Z,0,0,0,0,0,0,0,0,0.0,0.0,0.0,0.0,0.0,0.0,0.0,0.0,0,45
2023-24,35,781,Joe Gardner,FWD,Nott'm Forest,16,13,1,2024-04-28T15:30:00Z,0,0,0,0,0,0,0,0,0.0,0.0,0.0,0.0,0.0,0.0,0.0,0.0,0,45
2023-24,35,782,Owen Beck,DEF,Liverpool,11,19,0,2024-04-27T11:30:00Z,0,0,0,0,0,0,0,0,0.0,0.0,0.0,0.0,0.0,0.0,0.0,0.0,0,45
2023-24,35,783,Kaide Gordon,MID,Liverpool,11,19,0,2024-04-27T11:30:00Z,0,0,0,0,0,0,0,0,0.0,0.0,0.0,0.0,0.0,0.0,0.0,0.0,0,45
2023-24,35,784,Oliver Scarles,DEF,West Ham,19,11,1,2024-04-27T11:30:00Z,0,0,0,0,0,0,0,0,0.0,0.0,0.0,0.0,0.0,0.0,0.0,0.0,0,40
2023-24,35,785,Callum Marshall,FWD,West Ham,19,11,1,2024-04-27T11:30:00Z,0,0,0,0,0,0,0,0,0.0,0.0,0.0,0.0,0.0,0.0,0.0,0.0,0,45
2023-24,35,786,Cameron Peupion,MID,Brighton,5,3,0,2024-04-28T13:00:00Z,0,0,0,0,0,0,0,0,0.0,0.0,0.0,0.0,0.0,0.0,0.0,0.0,0,45
2023-24,35,787,Harvey Griffiths,MID,Wolves,20,12,1,2024-04-27T14:00:00Z,0,0,0,0,0,0,0,0,0.0,0.0,0.0,0.0,0.0,0.0,0.0,0.0,0,45
2023-24,35,788,Yerson Mosquera,DEF,Wolves,20,12,1,2024-04-27T14:00:00Z,0,0,0,0,0,0,0,0,0.0,0.0,0.0,0.0,0.0,0.0,0.0,0.0,0,40
2023-24,35,789,Hákon Valdimarsson,GK,Brentford,4,9,0,2024-04-27T16:30:00Z,0,0,0,0,0,0,0,0,0.0,0.0,0.0,0.0,0.0,0.0,0.0,0.0,0,40
2023-24,35,790,Ivo Grbic,GK,Sheffield Utd,17,15,0,2024-04-27T14:00:00Z,0,0,0,0,0,0,0,0,0.0,0.0,0.0,0.0,0.0,0.0,0.0,0.0,0,45
2023-24,35,791,Cesare Casadei,MID,Chelsea,7,18,1,2024-05-02T18:30:00Z,15,1,0,0,0,0,0,3,0.2,1.3,0.0,0.2,0.0,0.0,0.0,0.57,0,45
2023-24,35,792,Daniel Muñoz,DEF,Crystal Palace,8,10,0,2024-04-27T14:00:00Z,90,2,0,0,0,1,0,12,6.2,13.2,10.0,2.9,0.03,0.2,0.23,1.14,1,45
2023-24,35,793,Kaine Kesler-Hayden,DEF,Aston Villa,2,7,1,2024-04-27T19:00:00Z,0,0,0,0,0,0,0,0,0.0,0.0,0.0,0.0,0.0,0.0,0.0,0.0,0,40
2023-24,35,794,Joe White,MID,Newcastle,15,17,1,2024-04-27T14:00:00Z,0,0,0,0,0,0,0,0,0.0,0.0,0.0,0.0,0.0,0.0,0.0,0.0,0,45
2023-24,35,795,Travis Hernes,MID,Newcastle,15,17,1,2024-04-27T14:00:00Z,0,0,0,0,0,0,0,0,0.0,0.0,0.0,0.0,0.0,0.0,0.0,0.0,0,45
2023-24,35,796,Kristian Sekularac,MID,Fulham,10,8,1,2024-04-27T14:00:00Z,0,0,0,0,0,0,0,0,0.0,0.0,0.0,0.0,0.0,0.0,0.0,0.0,0,44
2023-24,35,797,Benjamin Fredrick,DEF,Brentford,4,9,0,2024-04-27T16:30:00Z,0,0,0,0,0,0,0,0,0.0,0.0,0.0,0.0,0.0,0.0,0.0,0.0,0,40
2023-24,35,798,Daiki Hashioka,DEF,Luton,12,20,0,2024-04-27T14:00:00Z,65,1,0,0,0,2,0,8,11.4,17.9,0.0,2.9,0.0,0.05,0.05,0.82,1,40
2023-24,35,799,Romain Faivre,MID,Bournemouth,3,5,1,2024-04-28T13:00:00Z,0,0,0,0,0,0,0,0,0.0,0.0,0.0,0.0,0.0,0.0,0.0,0.0,0,50
2023-24,35,800,Noha Lemina,MID,Wolves,20,12,1,2024-04-27T14:00:00Z,0,0,0,0,0,0,0,0,0.0,0.0,0.0,0.0,0.0,0.0,0.0,0.0,0,50
2023-24,35,801,Giovanni Reyna,MID,Nott'm Forest,16,13,1,2024-04-28T15:30:00Z,16,1,0,0,0,0,0,3,2.2,11.3,0.0,1.4,0.0,0.01,0.01,0.06,0,47
2023-24,35,802,Max Kinsey,DEF,Bournemouth,3,5,1,2024-04-28T13:00:00Z,0,0,0,0,0,0,0,0,0.0,0.0,0.0,0.0,0.0,0.0,0.0,0.0,0,40
2023-24,35,803,Morgan Rogers,MID,Aston Villa,2,7,1,2024-04-27T19:00:00Z,90,6,1,0,0,2,0,18,41.8,31.0,21.0,9.4,0.06,0.05,0.11,1.37,1,50
2023-24,35,804,Enes Ünal,FWD,Bournemouth,3,5,1,2024-04-28T13:00:00Z,66,12,1,1,1,0,3,34,54.6,10.5,38.0,10.3,0.66,0.0,0.66,0.67,1,50
2023-24,35,805,Lorenz Assignon,DEF,Burnley,6,14,0,2024-04-27T14:00:00Z,90,2,0,0,0,1,0,11,13.0,1.6,16.0,3.1,0.03,0.04,0.07,2.71,1,40
2023-24,35,806,Maxime Esteve,DEF,Burnley,6,14,0,2024-04-27T14:00:00Z,90,1,0,0,0,1,0,11,21.8,2.7,0.0,2.5,0.0,0.01,0.01,2.71,1,40
2023-24,35,807,Adam Wharton,MID,Crystal Palace,8,10,0,2024-04-27T14:00:00Z,90,8,0,1,0,1,3,26,34.8,33.8,1.0,7.0,0.02,0.03,0.05,1.14,1,50
2023-24,35,808,Matz Sels,GK,Nott'm Forest,16,13,1,2024-04-28T15:30:00Z,90,2,0,0,0,2,0,13,21.2,0.0,0.0,2.1,0.0,0.01,0.01,0.84,1,45
2023-24,35,809,Rodrigo Duarte Ribeiro,FWD,Nott'm Forest,16,13,1,2024-04-28T15:30:00Z,0,0,0,0,0,0,0,0,0.0,0.0,0.0,0.0,0.0,0.0,0.0,0.0,0,45
2023-24,35,810,Joshua King,MID,Fulham,10,8,1,2024-04-27T14:00:00Z,0,0,0,0,0,0,0,0,0.0,0.0,0.0,0.0,0.0,0.0,0.0,0.0,0,45
2023-24,35,811,Dominic Sadi,MID,Bournemouth,3,5,1,2024-04-28T13:00:00Z,1,1,0,0,0,0,0,3,0.0,0.0,0.0,0.0,0.0,0.0,0.0,0.0,0,45
2023-24,35,812,Lewis Koumas,FWD,Liverpool,11,19,0,2024-04-27T11:30:00Z,0,0,0,0,0,0,0,0,0.0,0.0,0.0,0.0,0.0,0.0,0.0,0.0,0,45
2023-24,35,813,Fabian Mrozek,GK,Liverpool,11,19,0,2024-04-27T11:30:00Z,0,0,0,0,0,0,0,0,0.0,0.0,0.0,0.0,0.0,0.0,0.0,0.0,0,40
2023-24,35,814,Jacob Wright,MID,Man City,13,16,0,2024-04-28T15:30:00Z,0,0,0,0,0,0,0,0,0.0,0.0,0.0,0.0,0.0,0.0,0.0,0.0,0,45
2023-24,35,815,Mauro Bandeira,MID,Arsenal,1,18,0,2024-04-28T13:00:00Z,0,0,0,0,0,0,0,0,0.0,0.0,0.0,0.0,0.0,0.0,0.0,0.0,0,45
2023-24,35,816,Valentín Barco,DEF,Brighton,5,3,0,2024-04-28T13:00:00Z,90,0,0,0,0,3,0,6,5.0,17.8,4.0,2.7,0.02,0.06,0.08,2.26,1,40
2023-24,35,817,James Sweet,DEF,Arsenal,1,18,0,2024-04-28T13:00:00Z,0,0,0,0,0,0,0,0,0.0,0.0,0.0,0.0,0.0,0.0,0.0,0.0,0,40
2023-24,35,818,Joe Gauci,GK,Aston Villa,2,7,1,2024-04-27T19:00:00Z,0,0,0,0,0,0,0,0,0.0,0.0,0.0,0.0,0.0,0.0,0.0,0.0,0,39
2023-24,35,819,Ishé Samuels-Smith,DEF,Chelsea,7,18,1,2024-05-02T18:30:00Z,0,0,0,0,0,0,0,0,0.0,0.0,0.0,0.0,0.0,0.0,0.0,0.0,0,40
2023-24,35,820,Ollie Harrison,MID,Chelsea,7,18,1,2024-05-02T18:30:00Z,0,0,0,0,0,0,0,0,0.0,0.0,0.0,0.0,0.0,0.0,0.0,0.0,0,45
2023-24,35,821,Franco Umeh-Chibueze,FWD,Crystal Palace,8,10,0,2024-04-27T14:00:00Z,0,0,0,0,0,0,0,0,0.0,0.0,0.0,0.0,0.0,0.0,0.0,0.0,0,45
2023-24,35,822,Billy Blacker,FWD,Sheffield Utd,17,15,0,2024-04-27T14:00:00Z,0,0,0,0,0,0,0,0,0.0,0.0,0.0,0.0,0.0,0.0,0.0,0.0,0,45
2023-24,35,823,Oliver Arblaster,MID,Sheffield Utd,17,15,0,2024-04-27T14:00:00Z,90,2,0,0,0,5,0,17,18.2,6.2,0.0,2.4,0.0,0.05,0.05,2.82,1,45
2023-24,35,824,Jayden Danns,FWD,Liverpool,11,19,0,2024-04-27T11:30:00Z,0,0,0,0,0,0,0,0,0.0,0.0,0.0,0.0,0.0,0.0,0.0,0.0,0,43
2023-24,35,825,Kaden Rodney,MID,Crystal Palace,8,10,0,2024-04-27T14:00:00Z,0,0,0,0,0,0,0,0,0.0,0.0,0.0,0.0,0.0,0.0,0.0,0.0,0,45
2023-24,35,826,Toby Collyer,MID,Man Utd,14,6,1,2024-04-27T14:00:00Z,0,0,0,0,0,0,0,0,0.0,0.0,0.0,0.0,0.0,0.0,0.0,0.0,0,45
2023-24,35,827,Dovydas Sasnauskas,DEF,Sheffield Utd,17,15,0,2024-04-27T14:00:00Z,0,0,0,0,0,0,0,0,0.0,0.0,0.0,0.0,0.0,0.0,0.0,0.0,0,40
2023-24,35,828,Sam Curtis,DEF,Sheffield Utd,17,15,0,2024-04-27T14:00:00Z,0,0,0,0,0,0,0,0,0.0,0.0,0.0,0.0,0.0,0.0,0.0,0.0,0,40
2023-24,35,829,George Earthy,MID,West Ham,19,11,1,2024-04-27T11:30:00Z,0,0,0,0,0,0,0,0,0.0,0.0,0.0,0.0,0.0,0.0,0.0,0.0,0,45
2023-24,35,830,Jimi Tauriainen,MID,Chelsea,7,18,1,2024-05-02T18:30:00Z,1,1,0,0,0,0,0,3,0.0,0.0,0.0,0.0,0.0,0.0,0.0,0.01,0,45
2023-24,35,831,Axel Piesold,MID,Luton,12,20,0,2024-04-27T14:00:00Z,0,0,0,0,0,0,0,0,0.0,0.0,0.0,0.0,0.0,0.0,0.0,0.0,0,45
2023-24,35,832,Wesley Okoduwa,DEF,Wolves,20,12,1,2024-04-27T14:00:00Z,0,0,0,0,0,0,0,0,0.0,0.0,0.0,0.0,0.0,0.0,0.0,0.0,0,40
2023-24,35,833,Habeeb Ogunneye,DEF,Man Utd,14,6,1,2024-04-27T14:00:00Z,0,0,0,0,0,0,0,0,0.0,0.0,0.0,0.0,0.0,0.0,0.0,0.0,0,40
2023-24,35,834,Benjamin Arthur,DEF,Brentford,4,9,0,2024-04-27T16:30:00Z,0,0,0,0,0,0,0,0,0.0,0.0,0.0,0.0,0.0,0.0,0.0,0.0,0,40
2023-24,35,835,Dermot Mee,GK,Man Utd,14,6,1,2024-04-27T14:00:00Z,0,0,0,0,0,0,0,0,0.0,0.0,0.0,0.0,0.0,0.0,0.0,0.0,0,40
2023-24,35,836,Leon Chiwome,FWD,Wolves,20,12,1,2024-04-27T14:00:00Z,0,0,0,0,0,0,0,0,0.0,0.0,0.0,0.0,0.0,0.0,0.0,0.0,0,45
2023-24,35,837,Amara Nallo,DEF,Liverpool,11,19,0,2024-04-27T11:30:00Z,0,0,0,0,0,0,0,0,0.0,0.0,0.0,0.0,0.0,0.0,0.0,0.0,0,40
2023-24,35,838,Josh Acheampong,DEF,Chelsea,7,18,1,2024-05-02T18:30:00Z,5,1,0,0,0,0,0,4,15.0,0.0,0.0,1.5,0.0,0.0,0.0,0.57,0,40
2023-24,35,839,Dominic Dos Santos Martins,MID,Luton,12,20,0,2024-04-27T14:00:00Z,0,0,0,0,0,0,0,0,0.0,0.0,0.0,0.0,0.0,0.0,0.0,0.0,0,45
2023-24,35,840,Fletcher Holman,FWD,Wolves,20,12,1,2024-04-27T14:00:00Z,0,0,0,0,0,0,0,0,0.0,0.0,0.0,0.0,0.0,0.0,0.0,0.0,0,45
2023-24,35,841,Lewis Warrington,MID,Everton,9,4,1,2024-04-27T16:30:00Z,0,0,0,0,0,0,0,0,0.0,0.0,0.0,0.0,0.0,0.0,0.0,0.0,0,45
2023-24,35,842,Roshaun Mathurin,MID,Crystal Palace,8,10,0,2024-04-27T14:00:00Z,0,0,0,0,0,0,0,0,0.0,0.0,0.0,0.0,0.0,0.0,0.0,0.0,0,44
2023-24,35,843,Samy Chouchane,MID,Brighton,5,3,0,2024-04-28T13:00:00Z,0,0,0,0,0,0,0,0,0.0,0.0,0.0,0.0,0.0,0.0,0.0,0.0,0,45
2023-24,35,844,Christian Chigozie,DEF,Luton,12,20,0,2024-04-27T14:00:00Z,0,0,0,0,0,0,0,0,0.0,0.0,0.0,0.0,0.0,0.0,0.0,0.0,0,40
2023-24,35,845,Odeluga Offiah,DEF,Brighton,5,3,0,2024-04-28T13:00:00Z,73,1,0,0,0,2,0,10,3.6,3.5,2.0,0.9,0.0,0.02,0.02,1.99,1,40
2023-24,35,846,Harry Amass,DEF,Man Utd,14,6,1,2024-04-27T14:00:00Z,0,0,0,0,0,0,0,0,0.0,0.0,0.0,0.0,0.0,0.0,0.0,0.0,0,40
2023-24,35,847,Teddy Sharman-Lowe,GK,Chelsea,7,18,1,2024-05-02T18:30:00Z,0,0,0,0,0,0,0,0,0.0,0.0,0.0,0.0,0.0,0.0,0.0,0.0,0,40
2023-24,35,848,Taylan Harris,FWD,Luton,12,20,0,2024-04-27T14:00:00Z,0,0,0,0,0,0,0,0,0.0,0.0,0.0,0.0,0.0,0.0,0.0,0.0,0,45
2023-24,35,849,Michael Dacosta Gonzalez,MID,Bournemouth,3,5,1,2024-04-28T13:00:00Z,0,0,0,0,0,0,0,0,0.0,0.0,0.0,0.0,0.0,0.0,0.0,0.0,0,45
2023-24,35,850,Ethan Wheatley,FWD,Man Utd,14,6,1,2024-04-27T14:00:00Z,0,0,0,0,0,0,0,0,0.0,0.0,0.0,0.0,0.0,0.0,0.0,0.0,0,45
2023-24,35,851,Tyrique George,FWD,Chelsea,7,18,1,2024-05-02T18:30:00Z,0,0,0,0,0,0,0,0,0.0,0.0,0.0,0.0,0.0,0.0,0.0,0.0,0,45
2023-24,35,852,Kiano Dyer,MID,Chelsea,7,18,1,2024-05-02T18:30:00Z,0,0,0,0,0,0,0,0,0.0,0.0,0.0,0.0,0.0,0.0,0.0,0.0,0,45
2023-24,35,853,Temple Ojinnaka,MID,Wolves,20,12,1,2024-04-27T14:00:00Z,0,0,0,0,0,0,0,0,0.0,0.0,0.0,0.0,0.0,0.0,0.0,0.0,0,45
2023-24,35,854,Finley Munroe,DEF,Aston Villa,2,7,1,2024-04-27T19:00:00Z,0,0,0,0,0,0,0,0,0.0,0.0,0.0,0.0,0.0,0.0,0.0,0.0,0,40
2023-24,35,855,Callan McKenna,GK,Bournemouth,3,5,1,2024-04-28T13:00:00Z,0,0,0,0,0,0,0,0,0.0,0.0,0.0,0.0,0.0,0.0,0.0,0.0,0,40
2023-24,35,856,Louis Jackson,DEF,Man Utd,14,6,1,2024-04-27T14:00:00Z,0,0,0,0,0,0,0,0,0.0,0.0,0.0,0.0,0.0,0.0,0.0,0.0,0,40
2023-24,35,857,Owen Hampson,MID,Sheffield Utd,17,15,0,2024-04-27T14:00:00Z,0,0,0,0,0,0,0,0,0.0,0.0,0.0,0.0,0.0,0.0,0.0,0.0,0,45
2023-24,35,858,Ted Curd,GK,Chelsea,7,18,1,2024-05-02T18:30:00Z,0,0,0,0,0,0,0,0,0.0,0.0,0.0,0.0,0.0,0.0,0.0,0.0,0,40
2023-24,35,859,Zak Sturge,DEF,Chelsea,7,18,1,2024-05-02T18:30:00Z,0,0,0,0,0,0,0,0,0.0,0.0,0.0,0.0,0.0,0.0,0.0,0.0,0,40
2023-24,35,860,Mikey Moore,MID,Spurs,18,7,0,2024-05-02T18:30:00Z,0,0,0,0,0,0,0,0,0.0,0.0,0.0,0.0,0.0,0.0,0.0,0.0,0,45
