season,gw,fixture,element,name,position,team,team_id,opponent_team,was_home,kickoff_time,minutes,total_points,goals_scored,assists,clean_sheets,goals_conceded,bonus,bps,influence,creativity,threat,ict_index,expected_goals,expected_assists,expected_goal_involvements,expected_goals_conceded,starts,value
2023-24,36,351,1,Folarin Balogun,FWD,Arsenal,1,3,1,2024-05-04T11:30:00Z,0,0,0,0,0,0,0,0,0.0,0.0,0.0,0.0,0.0,0.0,0.0,0.0,0,44
2023-24,36,351,2,Cédric Alves Soares,DEF,Arsenal,1,3,1,2024-05-04T11:30:00Z,0,0,0,0,0,0,0,0,0.0,0.0,0.0,0.0,0.0,0.0,0.0,0.0,0,38
2023-24,36,351,3,Mohamed Elneny,MID,Arsenal,1,3,1,2024-05-04T11:30:00Z,0,0,0,0,0,0,0,0,0.0,0.0,0.0,0.0,0.0,0.0,0.0,0.0,0,44
2023-24,36,351,4,Fábio Ferreira Vieira,MID,Arsenal,1,3,1,2024-05-04T11:30:00Z,0,0,0,0,0,0,0,0,0.0,0.0,0.0,0.0,0.0,0.0,0.0,0.0,0,54
2023-24,36,351,5,Gabriel dos Santos Magalhães,DEF,Arsenal,1,3,1,2024-05-04T11:30:00Z,90,7,0,0,1,0,1,27,8.6,1.3,7.0,1.7,0.13,0.01,0.14,0.37,1,54
2023-24,36,351,6,Kai Havertz,MID,Arsenal,1,3,1,2024-05-04T11:30:00Z,90,5,0,1,1,0,0,23,20.4,35.3,50.0,10.6,0.27,0.16,0.43,0.37,1,75
2023-24,36,356,7,Rob Holding,DEF,Crystal Palace,8,14,1,2024-05-06T19:00:00Z,0,0,0,0,0,0,0,0,0.0,0.0,0.0,0.0,0.0,0.0,0.0,0.0,0,43
2023-24,36,351,8,Gabriel Fernando de Jesus,FWD,Arsenal,1,3,1,2024-05-04T11:30:00Z,4,4,0,1,0,0,0,12,18.4,11.3,2.0,3.2,0.0,0.05,0.05,0.0,0,77
2023-24,36,351,9,Jorge Luiz Frello Filho,MID,Arsenal,1,3,1,2024-05-04T11:30:00Z,0,0,0,0,0,0,0,0,0.0,0.0,0.0,0.0,0.0,0.0,0.0,0.0,0,53
2023-24,36,351,10,Jakub Kiwior,DEF,Arsenal,1,3,1,2024-05-04T11:30:00Z,0,0,0,0,0,0,0,0,0.0,0.0,0.0,0.0,0.0,0.0,0.0,0.0,0,42
2023-24,36,351,11,Marcus Oliveira Alencar,MID,Arsenal,1,3,1,2024-05-04T11:30:00Z,0,0,0,0,0,0,0,0,0.0,0.0,0.0,0.0,0.0,0.0,0.0,0.0,0,45
2023-24,36,351,12,Gabriel Martinelli Silva,MID,Arsenal,1,3,1,2024-05-04T11:30:00Z,9,1,0,0,0,0,0,2,1.2,0.7,2.0,0.4,0.0,0.0,0.0,0.0,0,76
2023-24,36,351,13,Eddie Nketiah,FWD,Arsenal,1,3,1,2024-05-04T11:30:00Z,0,0,0,0,0,0,0,0,0.0,0.0,0.0,0.0,0.0,0.0,0.0,0.0,0,50
2023-24,36,351,14,Martin Ødegaard,MID,Arsenal,1,3,1,2024-05-04T11:30:00Z,90,3,0,0,1,0,0,10,12.2,35.0,24.0,7.1,0.7,0.4,1.1,0.37,1,86
2023-24,36,351,15,Thomas Partey,MID,Arsenal,1,3,1,2024-05-04T11:30:00Z,90,2,0,0,1,0,0,10,16.2,13.9,11.0,4.1,0.15,0.09,0.24,0.37,1,48
2023-24,36,351,16,Nicolas Pépé,MID,Arsenal,1,3,1,2024-05-04T11:30:00Z,0,0,0,0,0,0,0,0,0.0,0.0,0.0,0.0,0.0,0.0,0.0,0.0,0,49
2023-24,36,351,17,Aaron Ramsdale,GK,Arsenal,1,3,1,2024-05-04T11:30:00Z,0,0,0,0,0,0,0,0,0.0,0.0,0.0,0.0,0.0,0.0,0.0,0.0,0,45
2023-24,36,351,18,Rúnar Alex Rúnarsson,GK,Arsenal,1,3,1,2024-05-04T11:30:00Z,0,0,0,0,0,0,0,0,0.0,0.0,0.0,0.0,0.0,0.0,0.0,0.0,0,40
2023-24,36,351,19,Bukayo Saka,MID,Arsenal,1,3,1,2024-05-04T11:30:00Z,85,10,1,0,1,0,2,33,50.8,65.5,83.0,19.9,1.22,0.53,1.75,0.37,1,90
2023-24,36,351,20,William Saliba,DEF,Arsenal,1,3,1,2024-05-04T11:30:00Z,90,6,0,0,1,0,0,26,20.6,11.6,19.0,5.1,0.11,0.01,0.12,0.37,1,59
2023-24,36,358,21,Albert Sambi Lokonga,MID,Luton,12,9,1,2024-05-03T19:00:00Z,90,6,0,1,0,1,1,25,35.2,16.6,4.0,5.6,0.0,0.09,0.09,1.43,1,49
2023-24,36,351,22,Emile Smith Rowe,MID,Arsenal,1,3,1,2024-05-04T11:30:00Z,0,0,0,0,0,0,0,0,0.0,0.0,0.0,0.0,0.0,0.0,0.0,0.0,0,53
2023-24,36,360,23,Nuno Varela Tavares,DEF,Nott'm Forest,16,17,0,2024-05-04T14:00:00Z,0,0,0,0,0,0,0,0,0.0,0.0,0.0,0.0,0.0,0.0,0.0,0.0,0,40
2023-24,36,351,24,Kieran Tierney,DEF,Arsenal,1,3,1,2024-05-04T11:30:00Z,0,0,0,0,0,0,0,0,0.0,0.0,0.0,0.0,0.0,0.0,0.0,0.0,0,44
2023-24,36,351,25,Takehiro Tomiyasu,DEF,Arsenal,1,3,1,2024-05-04T11:30:00Z,90,6,0,0,1,0,0,20,24.0,27.3,15.0,6.6,0.44,0.09,0.53,0.37,1,45
2023-24,36,351,26,Leandro Trossard,MID,Arsenal,1,3,1,2024-05-04T11:30:00Z,80,8,1,0,1,0,0,23,33.0,5.5,31.0,7.0,0.55,0.04,0.59,0.37,1,65
2023-24,36,360,27,Auston Trusty,DEF,Sheffield Utd,17,16,1,2024-05-04T14:00:00Z,90,1,0,0,0,3,0,15,15.2,10.5,0.0,2.6,0.0,0.0,0.0,1.49,1,39
2023-24,36,360,28,Matt Turner,GK,Nott'm Forest,16,17,0,2024-05-04T14:00:00Z,0,0,0,0,0,0,0,0,0.0,0.0,0.0,0.0,0.0,0.0,0.0,0.0,0,38
2023-24,36,351,29,Benjamin White,DEF,Arsenal,1,3,1,2024-05-04T11:30:00Z,90,6,0,0,1,0,0,22,13.0,33.3,11.0,5.7,0.09,0.24,0.33,0.37,1,61
2023-24,36,351,30,Granit Xhaka,MID,Arsenal,1,3,1,2024-05-04T11:30:00Z,0,0,0,0,0,0,0,0,0.0,0.0,0.0,0.0,0.0,0.0,0.0,0.0,0,60
2023-24,36,351,31,Oleksandr Zinchenko,DEF,Arsenal,1,3,1,2024-05-04T11:30:00Z,0,0,0,0,0,0,0,0,0.0,0.0,0.0,0.0,0.0,0.0,0.0,0.0,0,50
2023-24,36,353,32,Alexandre Moreno Lopera,DEF,Aston Villa,2,5,0,2024-05-05T13:00:00Z,1,1,0,0,0,0,0,3,0.2,0.3,0.0,0.1,0.0,0.0,0.0,0.05,0,49
2023-24,36,360,33,Cameron Archer,FWD,Sheffield Utd,17,16,1,2024-05-04T14:00:00Z,73,2,0,0,0,3,0,0,8.6,11.9,40.0,6.1,0.77,0.04,0.81,1.25,1,42
2023-24,36,353,34,Leon Bailey,MID,Aston Villa,2,5,0,2024-05-05T13:00:00Z,90,2,0,0,0,1,0,4,6.6,1.8,4.0,1.2,0.0,0.02,0.02,2.69,1,55
2023-24,36,353,35,Emiliano Buendía Stati,MID,Aston Villa,2,5,0,2024-05-05T13:00:00Z,0,0,0,0,0,0,0,0,0.0,0.0,0.0,0.0,0.0,0.0,0.0,0.0,0,57
2023-24,36,353,36,Matty Cash,DEF,Aston Villa,2,5,0,2024-05-05T13:00:00Z,64,1,0,0,0,1,0,5,7.8,1.5,3.0,1.2,0.02,0.04,0.06,2.52,0,45
2023-24,36,353,37,Calum Chambers,DEF,Aston Villa,2,5,0,2024-05-05T13:00:00Z,1,1,0,0,0,0,0,3,1.4,0.0,0.0,0.1,0.0,0.0,0.0,0.05,0,38
2023-24,36,353,38,Philippe Coutinho Correia,MID,Aston Villa,2,5,0,2024-05-05T13:00:00Z,0,0,0,0,0,0,0,0,0.0,0.0,0.0,0.0,0.0,0.0,0.0,0.0,0,58
2023-24,36,353,39,Keinan Davis,FWD,Aston Villa,2,5,0,2024-05-05T13:00:00Z,0,0,0,0,0,0,0,0,0.0,0.0,0.0,0.0,0.0,0.0,0.0,0.0,0,49
2023-24,36,353,40,Leander Dendoncker,MID,Aston Villa,2,5,0,2024-05-05T13:00:00Z,0,0,0,0,0,0,0,0,0.0,0.0,0.0,0.0,0.0,0.0,0.0,0.0,0,49
2023-24,36,353,41,Diego Carlos Santos Silva,DEF,Aston Villa,2,5,0,2024-05-05T13:00:00Z,90,2,0,0,0,1,0,16,29.2,0.3,2.0,3.2,0.0,0.0,0.0,2.69,1,44
2023-24,36,353,42,Lucas Digne,DEF,Aston Villa,2,5,0,2024-05-05T13:00:00Z,89,2,0,0,0,1,0,11,9.4,1.6,0.0,1.1,0.0,0.01,0.01,2.63,1,46
2023-24,36,353,43,Douglas Luiz Soares de Paulo,MID,Aston Villa,2,5,0,2024-05-05T13:00:00Z,90,2,0,0,0,1,0,14,10.2,3.7,0.0,1.4,0.0,0.01,0.01,2.69,1,54
2023-24,36,353,44,Jhon Durán,FWD,Aston Villa,2,5,0,2024-05-05T13:00:00Z,17,1,0,0,0,1,0,3,0.0,0.1,0.0,0.0,0.0,0.0,0.0,1.44,0,50
2023-24,36,353,45,Kortney Hause,DEF,Aston Villa,2,5,0,2024-05-05T13:00:00Z,0,0,0,0,0,0,0,0,0.0,0.0,0.0,0.0,0.0,0.0,0.0,0.0,0,39
2023-24,36,353,46,Tim Iroegbunam,MID,Aston Villa,2,5,0,2024-05-05T13:00:00Z,0,0,0,0,0,0,0,0,0.0,0.0,0.0,0.0,0.0,0.0,0.0,0.0,0,44
2023-24,36,353,47,Boubacar Kamara,MID,Aston Villa,2,5,0,2024-05-05T13:00:00Z,0,0,0,0,0,0,0,0,0.0,0.0,0.0,0.0,0.0,0.0,0.0,0.0,0,50
2023-24,36,353,48,Ezri Konsa Ngoyo,DEF,Aston Villa,2,5,0,2024-05-05T13:00:00Z,89,2,0,0,0,1,0,12,1.2,1.1,0.0,0.2,0.0,0.01,0.01,2.63,1,45
2023-24,36,353,49,Emiliano Martínez Romero,GK,Aston Villa,2,5,0,2024-05-05T13:00:00Z,0,0,0,0,0,0,0,0,0.0,0.0,0.0,0.0,0.0,0.0,0.0,0.0,0,53
2023-24,36,353,50,John McGinn,MID,Aston Villa,2,5,0,2024-05-05T13:00:00Z,90,2,0,0,0,1,0,6,11.4,1.1,0.0,1.3,0.0,0.01,0.01,2.69,1,53
2023-24,36,353,51,Tyrone Mings,DEF,Aston Villa,2,5,0,2024-05-05T13:00:00Z,0,0,0,0,0,0,0,0,0.0,0.0,0.0,0.0,0.0,0.0,0.0,0.0,0,41
2023-24,36,358,52,Marvelous Nakamba,MID,Luton,12,9,1,2024-05-03T19:00:00Z,0,0,0,0,0,0,0,0,0.0,0.0,0.0,0.0,0.0,0.0,0.0,0.0,0,43
2023-24,36,353,53,Robin Olsen,GK,Aston Villa,2,5,0,2024-05-05T13:00:00Z,90,12,0,0,0,1,3,42,79.6,0.0,0.0,8.0,0.0,0.0,0.0,2.69,1,39
2023-24,36,353,54,Jaden Philogene-Bidace,MID,Aston Villa,2,5,0,2024-05-05T13:00:00Z,0,0,0,0,0,0,0,0,0.0,0.0,0.0,0.0,0.0,0.0,0.0,0.0,0,45
2023-24,36,353,55,Jacob Ramsey,MID,Aston Villa,2,5,0,2024-05-05T13:00:00Z,0,0,0,0,0,0,0,0,0.0,0.0,0.0,0.0,0.0,0.0,0.0,0.0,0,59
2023-24,36,353,56,Morgan Sanson,MID,Aston Villa,2,5,0,2024-05-05T13:00:00Z,0,0,0,0,0,0,0,0,0.0,0.0,0.0,0.0,0.0,0.0,0.0,0.0,0,45
2023-24,36,353,57,Viljami Sinisalo,GK,Aston Villa,2,5,0,2024-05-05T13:00:00Z,0,0,0,0,0,0,0,0,0.0,0.0,0.0,0.0,0.0,0.0,0.0,0.0,0,40
2023-24,36,353,58,Youri Tielemans,MID,Aston Villa,2,5,0,2024-05-05T13:00:00Z,0,0,0,0,0,0,0,0,0.0,0.0,0.0,0.0,0.0,0.0,0.0,0.0,0,56
2023-24,36,353,59,Bertrand Traoré,MID,Aston Villa,2,5,0,2024-05-05T13:00:00Z,0,0,0,0,0,0,0,0,0.0,0.0,0.0,0.0,0.0,0.0,0.0,0.0,0,50
2023-24,36,353,60,Ollie Watkins,FWD,Aston Villa,2,5,0,2024-05-05T13:00:00Z,90,2,0,0,0,1,0,5,3.6,4.4,6.0,1.4,0.0,0.01,0.01,2.69,1,90
2023-24,36,353,61,Wesley Moraes Ferreira da Silva,FWD,Aston Villa,2,5,0,2024-05-05T13:00:00Z,0,0,0,0,0,0,0,0,0.0,0.0,0.0,0.0,0.0,0.0,0.0,0.0,0,50
2023-24,36,351,62,Jaidon Anthony,MID,Bournemouth,3,1,0,2024-05-04T11:30:00Z,0,0,0,0,0,0,0,0,0.0,0.0,0.0,0.0,0.0,0.0,0.0,0.0,0,49
2023-24,36,351,63,Philip Billing,MID,Bournemouth,3,1,0,2024-05-04T11:30:00Z,19,1,0,0,0,1,0,2,0.2,0.4,0.0,0.1,0.0,0.0,0.0,0.56,0,51
2023-24,36,351,64,David Brooks,MID,Bournemouth,3,1,0,2024-05-04T11:30:00Z,0,0,0,0,0,0,0,0,0.0,0.0,0.0,0.0,0.0,0.0,0.0,0.0,0,47
2023-24,36,351,65,Ryan Christie,MID,Bournemouth,3,1,0,2024-05-04T11:30:00Z,90,1,0,0,0,3,0,10,9.2,25.1,0.0,3.4,0.0,0.09,0.09,3.98,1,50
2023-24,36,351,66,Lewis Cook,MID,Bournemouth,3,1,0,2024-05-04T11:30:00Z,90,2,0,0,0,3,0,14,22.0,0.9,0.0,2.3,0.0,0.0,0.0,3.98,1,49
2023-24,36,351,67,Siriki Dembélé,MID,Bournemouth,3,1,0,2024-05-04T11:30:00Z,0,0,0,0,0,0,0,0,0.0,0.0,0.0,0.0,0.0,0.0,0.0,0.0,0,45
2023-24,36,351,68,Ryan Fredericks,DEF,Bournemouth,3,1,0,2024-05-04T11:30:00Z,0,0,0,0,0,0,0,0,0.0,0.0,0.0,0.0,0.0,0.0,0.0,0.0,0,43
2023-24,36,351,69,James Hill,DEF,Bournemouth,3,1,0,2024-05-04T11:30:00Z,0,0,0,0,0,0,0,0,0.0,0.0,0.0,0.0,0.0,0.0,0.0,0.0,0,40
2023-24,36,351,70,Lloyd Kelly,DEF,Bournemouth,3,1,0,2024-05-04T11:30:00Z,0,0,0,0,0,0,0,0,0.0,0.0,0.0,0.0,0.0,0.0,0.0,0.0,0,45
2023-24,36,351,71,Gavin Kilkenny,MID,Bournemouth,3,1,0,2024-05-04T11:30:00Z,0,0,0,0,0,0,0,0,0.0,0.0,0.0,0.0,0.0,0.0,0.0,0.0,0,43
2023-24,36,351,72,Justin Kluivert,MID,Bournemouth,3,1,0,2024-05-04T11:30:00Z,88,2,0,0,0,2,0,7,3.6,1.8,8.0,1.3,0.11,0.01,0.12,3.89,1,46
2023-24,36,351,73,Jamal Lowe,MID,Bournemouth,3,1,0,2024-05-04T11:30:00Z,0,0,0,0,0,0,0,0,0.0,0.0,0.0,0.0,0.0,0.0,0.0,0.0,0,49
2023-24,36,351,74,Emiliano Marcondes,MID,Bournemouth,3,1,0,2024-05-04T11:30:00Z,0,0,0,0,0,0,0,0,0.0,0.0,0.0,0.0,0.0,0.0,0.0,0.0,0,43
2023-24,36,351,75,Chris Mepham,DEF,Bournemouth,3,1,0,2024-05-04T11:30:00Z,0,0,0,0,0,0,0,0,0.0,0.0,0.0,0.0,0.0,0.0,0.0,0.0,0,43
2023-24,36,351,76,Kieffer Moore,FWD,Bournemouth,3,1,0,2024-05-04T11:30:00Z,0,0,0,0,0,0,0,0,0.0,0.0,0.0,0.0,0.0,0.0,0.0,0.0,0,46
2023-24,36,351,77,Norberto Murara Neto,GK,Bournemouth,3,1,0,2024-05-04T11:30:00Z,0,0,0,0,0,0,0,0,0.0,0.0,0.0,0.0,0.0,0.0,0.0,0.0,0,47
2023-24,36,351,78,Dango Ouattara,MID,Bournemouth,3,1,0,2024-05-04T11:30:00Z,90,2,0,0,0,3,0,15,20.4,1.7,4.0,2.6,0.04,0.04,0.08,3.98,1,47
2023-24,36,351,79,Ben Pearson,MID,Bournemouth,3,1,0,2024-05-04T11:30:00Z,0,0,0,0,0,0,0,0,0.0,0.0,0.0,0.0,0.0,0.0,0.0,0.0,0,45
2023-24,36,351,80,Darren Randolph,GK,Bournemouth,3,1,0,2024-05-04T11:30:00Z,0,0,0,0,0,0,0,0,0.0,0.0,0.0,0.0,0.0,0.0,0.0,0.0,0,39
2023-24,36,351,81,Joe Rothwell,MID,Bournemouth,3,1,0,2024-05-04T11:30:00Z,0,0,0,0,0,0,0,0,0.0,0.0,0.0,0.0,0.0,0.0,0.0,0.0,0,48
2023-24,36,351,82,Antoine Semenyo,FWD,Bournemouth,3,1,0,2024-05-04T11:30:00Z,90,2,0,0,0,3,0,4,0.2,2.3,8.0,1.1,0.04,0.01,0.05,3.98,1,45
2023-24,36,351,83,Marcos Senesi,DEF,Bournemouth,3,1,0,2024-05-04T11:30:00Z,79,1,0,0,0,2,0,11,23.2,0.9,0.0,2.4,0.0,0.01,0.01,3.89,1,44
2023-24,36,351,84,Adam Smith,DEF,Bournemouth,3,1,0,2024-05-04T11:30:00Z,88,0,0,0,0,2,0,7,7.6,1.7,0.0,0.9,0.0,0.01,0.01,3.89,1,44
2023-24,36,351,85,Dominic Solanke,FWD,Bournemouth,3,1,0,2024-05-04T11:30:00Z,90,2,0,0,0,3,0,-3,4.4,2.5,25.0,3.2,0.12,0.01,0.13,3.98,1,72
2023-24,36,351,86,Marcus Tavernier,MID,Bournemouth,3,1,0,2024-05-04T11:30:00Z,0,0,0,0,0,0,0,0,0.0,0.0,0.0,0.0,0.0,0.0,0.0,0.0,0,50
2023-24,36,351,87,Hamed Traorè,MID,Bournemouth,3,1,0,2024-05-04T11:30:00Z,0,0,0,0,0,0,0,0,0.0,0.0,0.0,0.0,0.0,0.0,0.0,0.0,0,47
2023-24,36,351,88,Mark Travers,GK,Bournemouth,3,1,0,2024-05-04T11:30:00Z,90,3,0,0,0,3,0,14,40.0,0.0,0.0,4.0,0.0,0.0,0.0,3.98,1,40
2023-24,36,351,89,Illia Zabarnyi,DEF,Bournemouth,3,1,0,2024-05-04T11:30:00Z,90,1,0,0,0,3,0,17,24.8,0.5,0.0,2.5,0.0,0.01,0.01,3.98,1,45
2023-24,36,352,90,Kristoffer Ajer,DEF,Brentford,4,10,1,2024-05-04T14:00:00Z,45,1,0,0,0,0,0,5,12.2,1.3,0.0,1.4,0.0,0.01,0.01,0.22,1,44
2023-24,36,352,91,Ellery Balcombe,GK,Brentford,4,10,1,2024-05-04T14:00:00Z,0,0,0,0,0,0,0,0,0.0,0.0,0.0,0.0,0.0,0.0,0.0,0.0,0,39
2023-24,36,352,92,Shandon Baptiste,MID,Brentford,4,10,1,2024-05-04T14:00:00Z,0,0,0,0,0,0,0,0,0.0,0.0,0.0,0.0,0.0,0.0,0.0,0.0,0,43
2023-24,36,352,93,Mads Bech Sørensen,DEF,Brentford,4,10,1,2024-05-04T14:00:00Z,0,0,0,0,0,0,0,0,0.0,0.0,0.0,0.0,0.0,0.0,0.0,0.0,0,40
2023-24,36,352,94,Mads Bidstrup,MID,Brentford,4,10,1,2024-05-04T14:00:00Z,0,0,0,0,0,0,0,0,0.0,0.0,0.0,0.0,0.0,0.0,0.0,0.0,0,45
2023-24,36,352,95,Sergi Canós Tenés,MID,Brentford,4,10,1,2024-05-04T14:00:00Z,0,0,0,0,0,0,0,0,0.0,0.0,0.0,0.0,0.0,0.0,0.0,0.0,0,50
2023-24,36,352,96,Nathan Collins,DEF,Brentford,4,10,1,2024-05-04T14:00:00Z,90,7,0,0,1,0,1,28,30.8,10.8,2.0,4.4,0.0,0.01,0.01,1.19,1,45
2023-24,36,352,97,Matthew Cox,GK,Brentford,4,10,1,2024-05-04T14:00:00Z,0,0,0,0,0,0,0,0,0.0,0.0,0.0,0.0,0.0,0.0,0.0,0.0,0,40
2023-24,36,352,98,Mikkel Damsgaard,MID,Brentford,4,10,1,2024-05-04T14:00:00Z,81,3,0,0,1,0,0,10,9.0,3.7,2.0,1.5,0.0,0.04,0.04,1.15,1,48
2023-24,36,352,99,Josh Dasilva,MID,Brentford,4,10,1,2024-05-04T14:00:00Z,0,0,0,0,0,0,0,0,0.0,0.0,0.0,0.0,0.0,0.0,0.0,0.0,0,47
2023-24,36,352,100,Halil Dervişoğlu,FWD,Brentford,4,10,1,2024-05-04T14:00:00Z,0,0,0,0,0,0,0,0,0.0,0.0,0.0,0.0,0.0,0.0,0.0,0.0,0,45
2023-24,36,352,101,Mark Flekken,GK,Brentford,4,10,1,2024-05-04T14:00:00Z,90,10,0,0,1,0,3,31,30.6,0.0,0.0,3.1,0.0,0.0,0.0,1.19,1,47
2023-24,36,352,102,Charlie Goode,DEF,Brentford,4,10,1,2024-05-04T14:00:00Z,0,0,0,0,0,0,0,0,0.0,0.0,0.0,0.0,0.0,0.0,0.0,0.0,0,39
2023-24,36,352,103,Rico Henry,DEF,Brentford,4,10,1,2024-05-04T14:00:00Z,0,0,0,0,0,0,0,0,0.0,0.0,0.0,0.0,0.0,0.0,0.0,0.0,0,43
2023-24,36,352,104,Aaron Hickey,DEF,Brentford,4,10,1,2024-05-04T14:00:00Z,0,0,0,0,0,0,0,0,0.0,0.0,0.0,0.0,0.0,0.0,0.0,0.0,0,43
2023-24,36,352,105,Vitaly Janelt,MID,Brentford,4,10,1,2024-05-04T14:00:00Z,65,3,0,0,1,0,0,13,5.6,17.0,2.0,2.5,0.0,0.1,0.1,0.64,1,52
2023-24,36,352,106,Mathias Jensen,MID,Brentford,4,10,1,2024-05-04T14:00:00Z,0,0,0,0,0,0,0,0,0.0,0.0,0.0,0.0,0.0,0.0,0.0,0.0,0,52
2023-24,36,352,107,Keane Lewis-Potter,MID,Brentford,4,10,1,2024-05-04T14:00:00Z,65,3,0,0,1,0,0,-1,6.6,1.1,30.0,3.8,0.45,0.01,0.46,0.64,1,47
2023-24,36,352,108,Bryan Mbeumo,MID,Brentford,4,10,1,2024-05-04T14:00:00Z,90,3,0,0,1,0,0,4,6.4,9.1,17.0,3.3,0.08,0.02,0.1,1.19,1,68
2023-24,36,352,109,Ben Mee,DEF,Brentford,4,10,1,2024-05-04T14:00:00Z,0,0,0,0,0,0,0,0,0.0,0.0,0.0,0.0,0.0,0.0,0.0,0.0,0,47
2023-24,36,352,110,Christian Nørgaard,MID,Brentford,4,10,1,2024-05-04T14:00:00Z,81,3,0,0,1,0,0,10,8.6,2.2,10.0,2.1,0.04,0.03,0.07,1.15,1,52
2023-24,36,352,111,Frank Onyeka,MID,Brentford,4,10,1,2024-05-04T14:00:00Z,8,1,0,0,0,0,0,7,6.2,14.3,0.0,2.1,0.0,0.04,0.04,0.04,0,49
2023-24,36,352,112,Ethan Pinnock,DEF,Brentford,4,10,1,2024-05-04T14:00:00Z,90,6,0,0,1,0,0,27,29.6,0.8,0.0,3.0,0.0,0.01,0.01,1.19,1,45
2023-24,36,351,113,David Raya Martin,GK,Arsenal,1,3,1,2024-05-04T11:30:00Z,90,6,0,0,1,0,0,23,15.2,0.0,0.0,1.5,0.0,0.0,0.0,0.37,1,52
2023-24,36,352,114,Mads Roerslev Rasmussen,DEF,Brentford,4,10,1,2024-05-04T14:00:00Z,45,1,0,0,0,0,0,5,7.2,2.6,2.0,1.2,0.0,0.08,0.08,0.97,0,44
2023-24,36,352,115,Kevin Schade,MID,Brentford,4,10,1,2024-05-04T14:00:00Z,8,1,0,0,0,0,0,2,0.0,0.0,6.0,0.4,0.02,0.0,0.02,0.04,0,52
2023-24,36,352,116,Thomas Strakosha,GK,Brentford,4,10,1,2024-05-04T14:00:00Z,0,0,0,0,0,0,0,0,0.0,0.0,0.0,0.0,0.0,0.0,0.0,0.0,0,39
2023-24,36,352,117,Ivan Toney,FWD,Brentford,4,10,1,2024-05-04T14:00:00Z,90,2,0,0,1,0,0,9,11.0,13.8,22.0,4.7,0.05,0.02,0.07,1.19,1,78
2023-24,36,352,118,Ryan Trevitt,MID,Brentford,4,10,1,2024-05-04T14:00:00Z,0,0,0,0,0,0,0,0,0.0,0.0,0.0,0.0,0.0,0.0,0.0,0.0,0,45
2023-24,36,352,119,Yoane Wissa,FWD,Brentford,4,10,1,2024-05-04T14:00:00Z,24,1,0,0,0,0,0,2,2.6,4.7,4.0,1.1,0.0,0.05,0.05,0.55,0,57
2023-24,36,352,120,Yegor Yarmoliuk,MID,Brentford,4,10,1,2024-05-04T14:00:00Z,24,1,0,0,0,0,0,3,7.6,1.8,0.0,0.9,0.0,0.0,0.0,0.55,0,42
2023-24,36,352,121,Mathias Jorgensen,DEF,Brentford,4,10,1,2024-05-04T14:00:00Z,0,0,0,0,0,0,0,0,0.0,0.0,0.0,0.0,0.0,0.0,0.0,0.0,0,43
2023-24,36,353,122,Simon Adingra,MID,Brighton,5,2,1,2024-05-05T13:00:00Z,90,2,0,0,1,0,0,18,28.6,64.1,68.0,16.1,0.3,0.42,0.72,0.06,1,50
2023-24,36,353,123,Steven Alzate,MID,Brighton,5,2,1,2024-05-05T13:00:00Z,0,0,0,0,0,0,0,0,0.0,0.0,0.0,0.0,0.0,0.0,0.0,0.0,0,44
2023-24,36,353,124,Yasin Ayari,MID,Brighton,5,2,1,2024-05-05T13:00:00Z,0,0,0,0,0,0,0,0,0.0,0.0,0.0,0.0,0.0,0.0,0.0,0.0,0,45
2023-24,36,353,125,Facundo Buonanotte,MID,Brighton,5,2,1,2024-05-05T13:00:00Z,60,3,0,0,1,0,0,2,4.4,3.0,0.0,0.7,0.0,0.01,0.01,0.06,1,47
2023-24,36,355,126,Moisés Caicedo Corozo,MID,Chelsea,7,19,1,2024-05-05T13:00:00Z,90,6,0,1,1,0,0,28,38.6,23.3,2.0,6.4,0.02,0.21,0.23,1.04,1,45
2023-24,36,353,127,Aaron Connolly,FWD,Brighton,5,2,1,2024-05-05T13:00:00Z,0,0,0,0,0,0,0,0,0.0,0.0,0.0,0.0,0.0,0.0,0.0,0.0,0,45
2023-24,36,353,128,Mahmoud Dahoud,MID,Brighton,5,2,1,2024-05-05T13:00:00Z,0,0,0,0,0,0,0,0,0.0,0.0,0.0,0.0,0.0,0.0,0.0,0.0,0,48
2023-24,36,353,129,Lewis Dunk,DEF,Brighton,5,2,1,2024-05-05T13:00:00Z,90,7,0,0,1,0,1,26,15.4,0.7,0.0,1.6,0.0,0.01,0.01,0.06,1,52
2023-24,36,353,130,Julio Enciso,MID,Brighton,5,2,1,2024-05-05T13:00:00Z,29,1,0,0,0,0,0,11,8.6,26.6,10.0,4.5,0.21,0.24,0.45,0.0,0,50
2023-24,36,353,131,Pervis Estupiñán,DEF,Brighton,5,2,1,2024-05-05T13:00:00Z,0,0,0,0,0,0,0,0,0.0,0.0,0.0,0.0,0.0,0.0,0.0,0.0,0,48
2023-24,36,353,132,Evan Ferguson,FWD,Brighton,5,2,1,2024-05-05T13:00:00Z,0,0,0,0,0,0,0,0,0.0,0.0,0.0,0.0,0.0,0.0,0.0,0.0,0,57
2023-24,36,353,133,Billy Gilmour,MID,Brighton,5,2,1,2024-05-05T13:00:00Z,87,3,0,0,1,0,0,9,3.4,8.8,0.0,1.2,0.0,0.11,0.11,0.06,1,48
2023-24,36,353,134,Pascal Groß,MID,Brighton,5,2,1,2024-05-05T13:00:00Z,90,2,0,0,1,0,0,4,9.8,22.9,25.0,5.8,0.5,0.06,0.56,0.06,1,61
2023-24,36,353,135,João Pedro Junqueira de Jesus,FWD,Brighton,5,2,1,2024-05-05T13:00:00Z,90,5,1,0,1,0,1,26,50.2,40.7,78.0,16.9,1.51,0.14,1.65,0.06,1,52
2023-24,36,353,136,Michał Karbownik,DEF,Brighton,5,2,1,2024-05-05T13:00:00Z,0,0,0,0,0,0,0,0,0.0,0.0,0.0,0.0,0.0,0.0,0.0,0.0,0,40
2023-24,36,353,137,Kacper Kozłowski,MID,Brighton,5,2,1,2024-05-05T13:00:00Z,0,0,0,0,0,0,0,0,0.0,0.0,0.0,0.0,0.0,0.0,0.0,0.0,0,45
2023-24,36,353,138,Adam Lallana,MID,Brighton,5,2,1,2024-05-05T13:00:00Z,0,0,0,0,0,0,0,0,0.0,0.0,0.0,0.0,0.0,0.0,0.0,0.0,0,49
2023-24,36,353,139,Tariq Lamptey,DEF,Brighton,5,2,1,2024-05-05T13:00:00Z,0,0,0,0,0,0,0,0,0.0,0.0,0.0,0.0,0.0,0.0,0.0,0.0,0,39
2023-24,36,353,140,Solly March,MID,Brighton,5,2,1,2024-05-05T13:00:00Z,0,0,0,0,0,0,0,0,0.0,0.0,0.0,0.0,0.0,0.0,0.0,0.0,0,61
2023-24,36,353,141,Tom McGill,GK,Brighton,5,2,1,2024-05-05T13:00:00Z,0,0,0,0,0,0,0,0,0.0,0.0,0.0,0.0,0.0,0.0,0.0,0.0,0,39
2023-24,36,353,142,James Milner,MID,Brighton,5,2,1,2024-05-05T13:00:00Z,0,0,0,0,0,0,0,0,0.0,0.0,0.0,0.0,0.0,0.0,0.0,0.0,0,48
2023-24,36,353,143,Kaoru Mitoma,MID,Brighton,5,2,1,2024-05-05T13:00:00Z,0,0,0,0,0,0,0,0,0.0,0.0,0.0,0.0,0.0,0.0,0.0,0.0,0,64
2023-24,36,353,144,Jakub Moder,MID,Brighton,5,2,1,2024-05-05T13:00:00Z,2,1,0,0,0,0,0,4,1.2,0.5,0.0,0.2,0.0,0.0,0.0,0.0,0,44
2023-24,36,355,145,Robert Sánchez,GK,Chelsea,7,19,1,2024-05-05T13:00:00Z,0,0,0,0,0,0,0,0,0.0,0.0,0.0,0.0,0.0,0.0,0.0,0.0,0,45
2023-24,36,353,146,Jeremy Sarmiento Morante,MID,Brighton,5,2,1,2024-05-05T13:00:00Z,0,0,0,0,0,0,0,0,0.0,0.0,0.0,0.0,0.0,0.0,0.0,0.0,0,45
2023-24,36,353,147,Kjell Scherpen,GK,Brighton,5,2,1,2024-05-05T13:00:00Z,0,0,0,0,0,0,0,0,0.0,0.0,0.0,0.0,0.0,0.0,0.0,0.0,0,40
2023-24,36,353,148,Jason Steele,GK,Brighton,5,2,1,2024-05-05T13:00:00Z,0,0,0,0,0,0,0,0,0.0,0.0,0.0,0.0,0.0,0.0,0.0,0.0,0,41
2023-24,36,353,149,Deniz Undav,FWD,Brighton,5,2,1,2024-05-05T13:00:00Z,0,0,0,0,0,0,0,0,0.0,0.0,0.0,0.0,0.0,0.0,0.0,0.0,0,55
2023-24,36,353,150,Jan Paul van Hecke,DEF,Brighton,5,2,1,2024-05-05T13:00:00Z,0,0,0,0,0,0,0,0,0.0,0.0,0.0,0.0,0.0,0.0,0.0,0.0,0,41
2023-24,36,353,151,Joël Veltman,DEF,Brighton,5,2,1,2024-05-05T13:00:00Z,90,6,0,0,1,0,0,16,6.8,1.3,4.0,1.2,0.05,0.03,0.08,0.06,1,43
2023-24,36,353,152,Bart Verbruggen,GK,Brighton,5,2,1,2024-05-05T13:00:00Z,90,6,0,0,1,0,0,23,13.6,1.0,0.0,1.5,0.0,0.0,0.0,0.06,1,44
2023-24,36,353,153,Adam Webster,DEF,Brighton,5,2,1,2024-05-05T13:00:00Z,90,8,0,0,1,0,2,27,13.8,11.3,0.0,2.5,0.0,0.01,0.01,0.06,1,42
2023-24,36,353,154,Danny Welbeck,FWD,Brighton,5,2,1,2024-05-05T13:00:00Z,87,2,0,0,1,0,0,6,6.4,5.3,9.0,2.1,0.11,0.02,0.13,0.06,1,57
2023-24,36,353,155,Andi Zeqiri,FWD,Brighton,5,2,1,2024-05-05T13:00:00Z,0,0,0,0,0,0,0,0,0.0,0.0,0.0,0.0,0.0,0.0,0.0,0.0,0,44
2023-24,36,354,156,Enock Agyei,MID,Burnley,6,15,1,2024-05-04T14:00:00Z,0,0,0,0,0,0,0,0,0.0,0.0,0.0,0.0,0.0,0.0,0.0,0.0,0,42
2023-24,36,354,157,Ameen Al-Dakhil,DEF,Burnley,6,15,1,2024-05-04T14:00:00Z,0,0,0,0,0,0,0,0,0.0,0.0,0.0,0.0,0.0,0.0,0.0,0.0,0,38
2023-24,36,354,158,Samuel Bastien,MID,Burnley,6,15,1,2024-05-04T14:00:00Z,0,0,0,0,0,0,0,0,0.0,0.0,0.0,0.0,0.0,0.0,0.0,0.0,0,49
2023-24,36,354,159,Manuel Benson Hedilazio,MID,Burnley,6,15,1,2024-05-04T14:00:00Z,0,0,0,0,0,0,0,0,0.0,0.0,0.0,0.0,0.0,0.0,0.0,0.0,0,52
2023-24,36,354,160,Jordan Beyer,DEF,Burnley,6,15,1,2024-05-04T14:00:00Z,0,0,0,0,0,0,0,0,0.0,0.0,0.0,0.0,0.0,0.0,0.0,0.0,0,39
2023-24,36,354,161,Josh Brownhill,MID,Burnley,6,15,1,2024-05-04T14:00:00Z,84,1,0,0,0,4,0,1,8.8,15.6,8.0,3.2,0.0,0.06,0.06,3.23,1,47
2023-24,36,354,162,Darko Churlinov,MID,Burnley,6,15,1,2024-05-04T14:00:00Z,0,0,0,0,0,0,0,0,0.0,0.0,0.0,0.0,0.0,0.0,0.0,0.0,0,44
2023-24,36,354,163,Jack Cork,MID,Burnley,6,15,1,2024-05-04T14:00:00Z,0,0,0,0,0,0,0,0,0.0,0.0,0.0,0.0,0.0,0.0,0.0,0.0,0,48
2023-24,36,354,164,Dara Costelloe,MID,Burnley,6,15,1,2024-05-04T14:00:00Z,0,0,0,0,0,0,0,0,0.0,0.0,0.0,0.0,0.0,0.0,0.0,0.0,0,45
2023-24,36,354,165,Josh Cullen,MID,Burnley,6,15,1,2024-05-04T14:00:00Z,90,2,0,0,0,4,0,17,16.6,26.8,7.0,5.0,0.07,0.03,0.1,3.58,1,50
2023-24,36,354,166,CJ Egan-Riley,DEF,Burnley,6,15,1,2024-05-04T14:00:00Z,0,0,0,0,0,0,0,0,0.0,0.0,0.0,0.0,0.0,0.0,0.0,0.0,0,39
2023-24,36,354,167,Hjalmar Ekdal,DEF,Burnley,6,15,1,2024-05-04T14:00:00Z,45,1,0,0,0,1,0,10,5.8,1.8,0.0,0.8,0.0,0.0,0.0,1.97,0,39
2023-24,36,354,168,Lyle Foster,FWD,Burnley,6,15,1,2024-05-04T14:00:00Z,84,2,0,0,0,4,0,0,6.2,12.8,36.0,5.5,0.59,0.21,0.8,3.23,1,47
2023-24,36,354,169,Denis Franchi,GK,Burnley,6,15,1,2024-05-04T14:00:00Z,0,0,0,0,0,0,0,0,0.0,0.0,0.0,0.0,0.0,0.0,0.0,0.0,0,39
2023-24,36,354,170,Jóhann Berg Gudmundsson,MID,Burnley,6,15,1,2024-05-04T14:00:00Z,28,4,0,1,0,0,0,16,25.6,40.4,2.0,6.8,0.03,0.3,0.33,0.45,0,48
2023-24,36,354,171,Luke McNally,DEF,Burnley,6,15,1,2024-05-04T14:00:00Z,0,0,0,0,0,0,0,0,0.0,0.0,0.0,0.0,0.0,0.0,0.0,0.0,0,40
2023-24,36,354,172,Arijanet Muric,GK,Burnley,6,15,1,2024-05-04T14:00:00Z,90,10,0,0,0,4,3,43,78.2,20.0,0.0,9.8,0.0,0.03,0.03,3.58,1,43
2023-24,36,354,173,Dara O'Shea,DEF,Burnley,6,15,1,2024-05-04T14:00:00Z,90,6,1,0,0,4,0,25,62.8,0.8,23.0,8.7,0.03,0.03,0.06,3.58,1,44
2023-24,36,354,174,Michael Obafemi,FWD,Burnley,6,15,1,2024-05-04T14:00:00Z,0,0,0,0,0,0,0,0,0.0,0.0,0.0,0.0,0.0,0.0,0.0,0.0,0,49
2023-24,36,354,175,Bailey Peacock-Farrell,GK,Burnley,6,15,1,2024-05-04T14:00:00Z,0,0,0,0,0,0,0,0,0.0,0.0,0.0,0.0,0.0,0.0,0.0,0.0,0,40
2023-24,36,354,176,Connor Roberts,DEF,Burnley,6,15,1,2024-05-04T14:00:00Z,0,0,0,0,0,0,0,0,0.0,0.0,0.0,0.0,0.0,0.0,0.0,0.0,0,43
2023-24,36,354,177,Jay Rodriguez,FWD,Burnley,6,15,1,2024-05-04T14:00:00Z,0,0,0,0,0,0,0,0,0.0,0.0,0.0,0.0,0.0,0.0,0.0,0.0,0,53
2023-24,36,354,178,Charlie Taylor,DEF,Burnley,6,15,1,2024-05-04T14:00:00Z,0,0,0,0,0,0,0,0,0.0,0.0,0.0,0.0,0.0,0.0,0.0,0.0,0,39
2023-24,36,354,179,Bobby Thomas,DEF,Burnley,6,15,1,2024-05-04T14:00:00Z,0,0,0,0,0,0,0,0,0.0,0.0,0.0,0.0,0.0,0.0,0.0,0.0,0,40
2023-24,36,354,180,Scott Twine,MID,Burnley,6,15,1,2024-05-04T14:00:00Z,0,0,0,0,0,0,0,0,0.0,0.0,0.0,0.0,0.0,0.0,0.0,0.0,0,49
2023-24,36,354,181,Lawrence Vigouroux,GK,Burnley,6,15,1,2024-05-04T14:00:00Z,0,0,0,0,0,0,0,0,0.0,0.0,0.0,0.0,0.0,0.0,0.0,0.0,0,39
2023-24,36,354,182,Victor da Silva,DEF,Burnley,6,15,1,2024-05-04T14:00:00Z,90,0,0,0,0,4,0,8,15.2,1.4,2.0,1.9,0.0,0.01,0.01,3.58,1,44
2023-24,36,354,183,Wout Weghorst,FWD,Burnley,6,15,1,2024-05-04T14:00:00Z,0,0,0,0,0,0,0,0,0.0,0.0,0.0,0.0,0.0,0.0,0.0,0.0,0,55
2023-24,36,354,184,Anass Zaroury,MID,Burnley,6,15,1,2024-05-04T14:00:00Z,0,0,0,0,0,0,0,0,0.0,0.0,0.0,0.0,0.0,0.0,0.0,0.0,0,46
2023-24,36,355,185,Ethan Ampadu,DEF,Chelsea,7,19,1,2024-05-05T13:00:00Z,0,0,0,0,0,0,0,0,0.0,0.0,0.0,0.0,0.0,0.0,0.0,0.0,0,40
2023-24,36,355,186,Andrey Nascimento dos Santos,MID,Chelsea,7,19,1,2024-05-05T13:00:00Z,0,0,0,0,0,0,0,0,0.0,0.0,0.0,0.0,0.0,0.0,0.0,0.0,0,42
2023-24,36,355,187,Kepa Arrizabalaga,GK,Chelsea,7,19,1,2024-05-05T13:00:00Z,0,0,0,0,0,0,0,0,0.0,0.0,0.0,0.0,0.0,0.0,0.0,0.0,0,50
2023-24,36,355,188,Pierre-Emerick Aubameyang,FWD,Chelsea,7,19,1,2024-05-05T13:00:00Z,0,0,0,0,0,0,0,0,0.0,0.0,0.0,0.0,0.0,0.0,0.0,0.0,0,65
2023-24,36,355,189,César Azpilicueta,DEF,Chelsea,7,19,1,2024-05-05T13:00:00Z,0,0,0,0,0,0,0,0,0.0,0.0,0.0,0.0,0.0,0.0,0.0,0.0,0,45
2023-24,36,355,190,Abdul Rahman Baba,DEF,Chelsea,7,19,1,2024-05-05T13:00:00Z,0,0,0,0,0,0,0,0,0.0,0.0,0.0,0.0,0.0,0.0,0.0,0.0,0,40
2023-24,36,355,191,Benoît Badiashile,DEF,Chelsea,7,19,1,2024-05-05T13:00:00Z,90,6,0,0,1,0,0,28,21.0,1.4,0.0,2.2,0.0,0.01,0.01,1.04,1,44
2023-24,36,355,192,Marcus Bettinelli,GK,Chelsea,7,19,1,2024-05-05T13:00:00Z,0,0,0,0,0,0,0,0,0.0,0.0,0.0,0.0,0.0,0.0,0.0,0.0,0,40
2023-24,36,352,193,Armando Broja,FWD,Fulham,10,4,0,2024-05-04T14:00:00Z,0,0,0,0,0,0,0,0,0.0,0.0,0.0,0.0,0.0,0.0,0.0,0.0,0,49
2023-24,36,355,194,Trevoh Chalobah,DEF,Chelsea,7,19,1,2024-05-05T13:00:00Z,82,6,0,0,1,0,0,29,18.2,6.8,17.0,4.2,0.15,0.06,0.21,0.99,1,43
2023-24,36,355,195,Ben Chilwell,DEF,Chelsea,7,19,1,2024-05-05T13:00:00Z,0,0,0,0,0,0,0,0,0.0,0.0,0.0,0.0,0.0,0.0,0.0,0.0,0,54
2023-24,36,355,196,Carney Chukwuemeka,MID,Chelsea,7,19,1,2024-05-05T13:00:00Z,0,0,0,0,0,0,0,0,0.0,0.0,0.0,0.0,0.0,0.0,0.0,0.0,0,42
2023-24,36,355,197,Levi Colwill,DEF,Chelsea,7,19,1,2024-05-05T13:00:00Z,0,0,0,0,0,0,0,0,0.0,0.0,0.0,0.0,0.0,0.0,0.0,0.0,0,46
2023-24,36,355,198,Marc Cucurella Saseta,DEF,Chelsea,7,19,1,2024-05-05T13:00:00Z,90,5,0,0,1,0,0,22,18.6,5.5,2.0,2.6,0.0,0.03,0.03,1.04,1,48
2023-24,36,355,199,Enzo Fernández,MID,Chelsea,7,19,1,2024-05-05T13:00:00Z,0,0,0,0,0,0,0,0,0.0,0.0,0.0,0.0,0.0,0.0,0.0,0.0,0,48
2023-24,36,354,200,David Datro Fofana,FWD,Burnley,6,15,1,2024-05-04T14:00:00Z,5,1,0,0,0,0,0,4,2.2,10.1,0.0,1.2,0.0,0.0,0.0,0.35,0,50
2023-24,36,355,201,Wesley Fofana,DEF,Chelsea,7,19,1,2024-05-05T13:00:00Z,0,0,0,0,0,0,0,0,0.0,0.0,0.0,0.0,0.0,0.0,0.0,0.0,0,44
2023-24,36,355,202,Conor Gallagher,MID,Chelsea,7,19,1,2024-05-05T13:00:00Z,90,8,1,0,1,0,0,27,46.8,41.0,26.0,11.4,0.73,0.08,0.81,1.04,1,54
2023-24,36,355,203,Malo Gusto,DEF,Chelsea,7,19,1,2024-05-05T13:00:00Z,7,1,0,0,0,0,0,6,4.4,2.6,2.0,0.9,0.0,0.01,0.01,0.06,0,43
2023-24,36,354,204,Lewis Hall,DEF,Newcastle,15,6,0,2024-05-04T14:00:00Z,90,2,0,0,0,1,0,14,19.4,1.4,7.0,2.8,0.07,0.02,0.09,1.08,1,42
2023-24,36,360,205,Callum Hudson-Odoi,MID,Nott'm Forest,16,17,0,2024-05-04T14:00:00Z,89,15,2,0,0,1,3,46,70.0,38.1,49.0,15.7,0.31,0.09,0.4,2.27,1,47
2023-24,36,355,206,Reece James,DEF,Chelsea,7,19,1,2024-05-05T13:00:00Z,0,0,0,0,0,0,0,0,0.0,0.0,0.0,0.0,0.0,0.0,0.0,0.0,0,53
2023-24,36,355,207,Romelu Lukaku Bolingoli,FWD,Chelsea,7,19,1,2024-05-05T13:00:00Z,0,0,0,0,0,0,0,0,0.0,0.0,0.0,0.0,0.0,0.0,0.0,0.0,0,68
2023-24,36,355,208,Noni Madueke,MID,Chelsea,7,19,1,2024-05-05T13:00:00Z,75,13,1,1,1,0,2,48,77.8,76.2,112.0,26.6,0.66,0.67,1.33,0.72,1,53
2023-24,36,356,209,Mason Mount,MID,Man Utd,14,8,0,2024-05-06T19:00:00Z,79,2,0,0,0,4,0,11,6.4,6.3,7.0,2.0,0.08,0.04,0.12,1.15,1,68
2023-24,36,355,210,Mykhailo Mudryk,MID,Chelsea,7,19,1,2024-05-05T13:00:00Z,75,3,0,0,1,0,0,4,12.8,26.8,26.0,6.6,0.37,0.16,0.53,0.72,1,63
2023-24,36,355,211,Nicolas Jackson,FWD,Chelsea,7,19,1,2024-05-05T13:00:00Z,90,16,2,1,1,0,3,69,99.4,43.0,86.0,22.8,1.75,0.04,1.79,1.04,1,69
2023-24,36,355,212,Christopher Nkunku,FWD,Chelsea,7,19,1,2024-05-05T13:00:00Z,14,1,0,0,0,0,0,2,0.8,4.3,0.0,0.5,0.0,0.01,0.01,0.32,0,72
2023-24,36,355,213,Christian Pulisic,MID,Chelsea,7,19,1,2024-05-05T13:00:00Z,0,0,0,0,0,0,0,0,0.0,0.0,0.0,0.0,0.0,0.0,0.0,0.0,0,55
2023-24,36,355,214,Malang Sarr,DEF,Chelsea,7,19,1,2024-05-05T13:00:00Z,0,0,0,0,0,0,0,0,0.0,0.0,0.0,0.0,0.0,0.0,0.0,0.0,0,43
2023-24,36,355,215,Gabriel Słonina,GK,Chelsea,7,19,1,2024-05-05T13:00:00Z,0,0,0,0,0,0,0,0,0.0,0.0,0.0,0.0,0.0,0.0,0.0,0.0,0,40
2023-24,36,355,216,Raheem Sterling,MID,Chelsea,7,19,1,2024-05-05T13:00:00Z,0,0,0,0,0,0,0,0,0.0,0.0,0.0,0.0,0.0,0.0,0.0,0.0,0,68
2023-24,36,355,217,Thiago Emiliano da Silva,DEF,Chelsea,7,19,1,2024-05-05T13:00:00Z,81,11,0,1,1,0,2,48,52.2,25.3,6.0,8.4,0.12,0.08,0.2,0.99,1,50
2023-24,36,355,218,Hakim Ziyech,MID,Chelsea,7,19,1,2024-05-05T13:00:00Z,0,0,0,0,0,0,0,0,0.0,0.0,0.0,0.0,0.0,0.0,0.0,0.0,0,54
2023-24,36,356,219,Naouirou Ahamada,MID,Crystal Palace,8,14,1,2024-05-06T19:00:00Z,0,0,0,0,0,0,0,0,0.0,0.0,0.0,0.0,0.0,0.0,0.0,0.0,0,43
2023-24,36,356,220,Joachim Andersen,DEF,Crystal Palace,8,14,1,2024-05-06T19:00:00Z,90,6,0,0,1,0,0,23,7.2,1.6,0.0,0.9,0.0,0.01,0.01,0.35,1,47
2023-24,36,356,221,Jordan Ayew,MID,Crystal Palace,8,14,1,2024-05-06T19:00:00Z,5,1,0,0,0,0,0,3,5.0,14.4,7.0,2.6,0.05,0.02,0.07,0.0,0,54
2023-24,36,356,222,Nathaniel Clyne,DEF,Crystal Palace,8,14,1,2024-05-06T19:00:00Z,77,6,0,0,1,0,0,26,11.0,15.8,2.0,2.9,0.0,0.08,0.08,0.35,1,43
2023-24,36,356,223,Cheick Doucouré,MID,Crystal Palace,8,14,1,2024-05-06T19:00:00Z,0,0,0,0,0,0,0,0,0.0,0.0,0.0,0.0,0.0,0.0,0.0,0.0,0,48
2023-24,36,356,224,Malcolm Ebiowei,MID,Crystal Palace,8,14,1,2024-05-06T19:00:00Z,0,0,0,0,0,0,0,0,0.0,0.0,0.0,0.0,0.0,0.0,0.0,0.0,0,44
2023-24,36,356,225,Odsonne Edouard,FWD,Crystal Palace,8,14,1,2024-05-06T19:00:00Z,22,0,0,0,0,0,0,-1,1.2,12.3,10.0,2.4,0.03,0.01,0.04,0.0,0,53
2023-24,36,356,226,Eberechi Eze,MID,Crystal Palace,8,14,1,2024-05-06T19:00:00Z,84,3,0,0,1,0,0,12,19.6,26.5,27.0,7.3,0.2,0.08,0.28,0.35,1,61
2023-24,36,356,227,Vicente Guaita,GK,Crystal Palace,8,14,1,2024-05-06T19:00:00Z,0,0,0,0,0,0,0,0,0.0,0.0,0.0,0.0,0.0,0.0,0.0,0.0,0,44
2023-24,36,356,228,Marc Guéhi,DEF,Crystal Palace,8,14,1,2024-05-06T19:00:00Z,12,1,0,0,0,0,0,4,3.6,11.1,0.0,1.5,0.0,0.0,0.0,0.0,0,42
2023-24,36,356,229,Will Hughes,MID,Crystal Palace,8,14,1,2024-05-06T19:00:00Z,67,3,0,0,1,0,0,7,14.4,2.1,7.0,2.4,0.05,0.01,0.06,0.35,1,49
2023-24,36,356,230,Sam Johnstone,GK,Crystal Palace,8,14,1,2024-05-06T19:00:00Z,0,0,0,0,0,0,0,0,0.0,0.0,0.0,0.0,0.0,0.0,0.0,0.0,0,43
2023-24,36,356,231,Jefferson Lerma Solís,MID,Crystal Palace,8,14,1,2024-05-06T19:00:00Z,0,0,0,0,0,0,0,0,0.0,0.0,0.0,0.0,0.0,0.0,0.0,0.0,0,47
2023-24,36,356,232,Jean-Philippe Mateta,FWD,Crystal Palace,8,14,1,2024-05-06T19:00:00Z,67,6,1,0,1,0,0,27,33.0,1.3,21.0,5.5,0.14,0.01,0.15,0.35,1,51
2023-24,36,356,233,Remi Matthews,GK,Crystal Palace,8,14,1,2024-05-06T19:00:00Z,0,0,0,0,0,0,0,0,0.0,0.0,0.0,0.0,0.0,0.0,0.0,0.0,0,39
2023-24,36,356,234,Tyrick Mitchell,DEF,Crystal Palace,8,14,1,2024-05-06T19:00:00Z,90,12,1,0,1,0,0,38,47.0,27.0,56.0,13.0,0.34,0.12,0.46,0.35,1,45
2023-24,36,356,235,Jake O'Brien,DEF,Crystal Palace,8,14,1,2024-05-06T19:00:00Z,0,0,0,0,0,0,0,0,0.0,0.0,0.0,0.0,0.0,0.0,0.0,0.0,0,40
2023-24,36,356,236,Michael Olise,MID,Crystal Palace,8,14,1,2024-05-06T19:00:00Z,84,16,2,0,1,0,3,48,76.6,30.8,71.0,17.8,0.48,0.13,0.61,0.35,1,56
2023-24,36,356,237,Luke Plange,FWD,Crystal Palace,8,14,1,2024-05-06T19:00:00Z,0,0,0,0,0,0,0,0,0.0,0.0,0.0,0.0,0.0,0.0,0.0,0.0,0,45
2023-24,36,356,238,Chris Richards,DEF,Crystal Palace,8,14,1,2024-05-06T19:00:00Z,90,11,0,1,1,0,2,43,38.8,10.3,26.0,7.5,0.07,0.0,0.07,0.35,1,39
2023-24,36,356,239,Jairo Riedewald,MID,Crystal Palace,8,14,1,2024-05-06T19:00:00Z,22,1,0,0,0,0,0,3,4.0,2.4,0.0,0.6,0.0,0.03,0.03,0.0,0,43
2023-24,36,356,240,Jeffrey Schlupp,MID,Crystal Palace,8,14,1,2024-05-06T19:00:00Z,5,1,0,0,0,0,0,1,0.2,0.1,0.0,0.0,0.0,0.0,0.0,0.0,0,48
2023-24,36,356,241,James Tomkins,DEF,Crystal Palace,8,14,1,2024-05-06T19:00:00Z,0,0,0,0,0,0,0,0,0.0,0.0,0.0,0.0,0.0,0.0,0.0,0.0,0,40
2023-24,36,356,242,Joel Ward,DEF,Crystal Palace,8,14,1,2024-05-06T19:00:00Z,0,0,0,0,0,0,0,0,0.0,0.0,0.0,0.0,0.0,0.0,0.0,0.0,0,45
2023-24,36,356,243,Joe Whitworth,GK,Crystal Palace,8,14,1,2024-05-06T19:00:00Z,0,0,0,0,0,0,0,0,0.0,0.0,0.0,0.0,0.0,0.0,0.0,0.0,0,39
2023-24,36,358,244,André Tavares Gomes,MID,Everton,9,12,0,2024-05-03T19:00:00Z,36,0,0,0,0,0,0,0,0.4,5.6,2.0,0.8,0.0,0.19,0.19,0.41,0,44
2023-24,36,358,245,Jarrad Branthwaite,DEF,Everton,9,12,0,2024-05-03T19:00:00Z,90,5,0,1,0,1,0,22,24.8,11.2,4.0,4.0,0.0,0.17,0.17,0.96,1,44
2023-24,36,358,246,Dominic Calvert-Lewin,FWD,Everton,9,12,0,2024-05-03T19:00:00Z,79,8,1,0,0,1,2,27,36.0,4.6,54.0,9.5,1.03,0.01,1.04,0.71,1,58
2023-24,36,358,247,Seamus Coleman,DEF,Everton,9,12,0,2024-05-03T19:00:00Z,23,1,0,0,0,0,0,4,5.0,0.2,0.0,0.5,0.0,0.0,0.0,0.38,0,44
2023-24,36,358,248,Dele Alli,MID,Everton,9,12,0,2024-05-03T19:00:00Z,0,0,0,0,0,0,0,0,0.0,0.0,0.0,0.0,0.0,0.0,0.0,0.0,0,48
2023-24,36,358,249,Abdoulaye Doucouré,MID,Everton,9,12,0,2024-05-03T19:00:00Z,53,1,0,0,0,1,0,4,7.2,0.8,4.0,1.2,0.04,0.01,0.05,0.56,1,55
2023-24,36,358,250,James Garner,MID,Everton,9,12,0,2024-05-03T19:00:00Z,54,0,0,0,0,1,0,-1,3.8,13.7,10.0,2.8,0.13,0.01,0.14,0.56,1,49
2023-24,36,358,251,Jean-Philippe Gbamin,MID,Everton,9,12,0,2024-05-03T19:00:00Z,0,0,0,0,0,0,0,0,0.0,0.0,0.0,0.0,0.0,0.0,0.0,0.0,0,44
2023-24,36,358,252,Ben Godfrey,DEF,Everton,9,12,0,2024-05-03T19:00:00Z,90,2,0,0,0,1,0,13,23.2,1.8,0.0,2.5,0.0,0.0,0.0,0.96,1,43
2023-24,36,358,253,Demarai Gray,MID,Everton,9,12,0,2024-05-03T19:00:00Z,0,0,0,0,0,0,0,0,0.0,0.0,0.0,0.0,0.0,0.0,0.0,0.0,0,53
2023-24,36,358,254,Idrissa Gueye,MID,Everton,9,12,0,2024-05-03T19:00:00Z,79,1,0,0,0,1,0,11,12.6,13.5,0.0,2.6,0.0,0.01,0.01,0.71,1,48
2023-24,36,360,255,Mason Holgate,DEF,Sheffield Utd,17,16,1,2024-05-04T14:00:00Z,0,0,0,0,0,0,0,0,0.0,0.0,0.0,0.0,0.0,0.0,0.0,0.0,0,40
2023-24,36,352,256,Alex Iwobi,MID,Fulham,10,4,0,2024-05-04T14:00:00Z,90,3,0,0,1,0,0,16,17.4,51.8,29.0,9.8,0.17,0.23,0.4,0.62,1,53
2023-24,36,358,257,Michael Keane,DEF,Everton,9,12,0,2024-05-03T19:00:00Z,0,0,0,0,0,0,0,0,0.0,0.0,0.0,0.0,0.0,0.0,0.0,0.0,0,43
2023-24,36,352,258,Neal Maupay,FWD,Brentford,4,10,1,2024-05-04T14:00:00Z,0,0,0,0,0,0,0,0,0.0,0.0,0.0,0.0,0.0,0.0,0.0,0.0,0,49
2023-24,36,358,259,Dwight McNeil,MID,Everton,9,12,0,2024-05-03T19:00:00Z,90,2,0,0,0,1,0,11,5.6,12.5,4.0,2.2,0.0,0.3,0.3,0.96,1,54
2023-24,36,358,260,Vitalii Mykolenko,DEF,Everton,9,12,0,2024-05-03T19:00:00Z,0,0,0,0,0,0,0,0,0.0,0.0,0.0,0.0,0.0,0.0,0.0,0.0,0,46
2023-24,36,358,261,Amadou Onana,MID,Everton,9,12,0,2024-05-03T19:00:00Z,35,1,0,0,0,0,0,4,7.8,0.8,5.0,1.4,0.06,0.01,0.07,0.41,0,47
2023-24,36,358,262,Nathan Patterson,DEF,Everton,9,12,0,2024-05-03T19:00:00Z,0,0,0,0,0,0,0,0,0.0,0.0,0.0,0.0,0.0,0.0,0.0,0.0,0,43
2023-24,36,358,263,Jordan Pickford,GK,Everton,9,12,0,2024-05-03T19:00:00Z,90,3,0,0,0,1,0,16,29.8,0.0,0.0,3.0,0.0,0.01,0.01,0.96,1,48
2023-24,36,358,264,Ellis Simms,FWD,Everton,9,12,0,2024-05-03T19:00:00Z,0,0,0,0,0,0,0,0,0.0,0.0,0.0,0.0,0.0,0.0,0.0,0.0,0,45
2023-24,36,358,265,James Tarkowski,DEF,Everton,9,12,0,2024-05-03T19:00:00Z,90,2,0,0,0,1,0,16,23.4,11.4,13.0,4.8,0.11,0.02,0.13,0.96,1,46
2023-24,36,358,266,João Neves Virgínia,GK,Everton,9,12,0,2024-05-03T19:00:00Z,0,0,0,0,0,0,0,0,0.0,0.0,0.0,0.0,0.0,0.0,0.0,0.0,0,39
2023-24,36,352,267,Andreas Hoelgebaum Pereira,MID,Fulham,10,4,0,2024-05-04T14:00:00Z,74,3,0,0,1,0,0,6,3.4,29.6,15.0,4.8,0.18,0.03,0.21,0.62,1,53
2023-24,36,352,268,Tom Cairney,MID,Fulham,10,4,0,2024-05-04T14:00:00Z,15,1,0,0,0,0,0,4,8.8,25.3,0.0,3.4,0.0,0.04,0.04,0.02,0,49
2023-24,36,352,269,Ivan Neves Abreu Cavaleiro,MID,Fulham,10,4,0,2024-05-04T14:00:00Z,0,0,0,0,0,0,0,0,0.0,0.0,0.0,0.0,0.0,0.0,0.0,0.0,0,50
2023-24,36,352,270,Bobby De Cordova-Reid,MID,Fulham,10,4,0,2024-05-04T14:00:00Z,15,1,0,0,0,0,0,2,2.6,10.7,4.0,1.7,0.0,0.02,0.02,0.02,0,52
2023-24,36,352,271,Issa Diop,DEF,Fulham,10,4,0,2024-05-04T14:00:00Z,90,6,0,0,1,0,0,26,28.0,0.9,0.0,2.9,0.0,0.01,0.01,0.63,1,44
2023-24,36,352,272,Tyrese Francois,MID,Fulham,10,4,0,2024-05-04T14:00:00Z,0,0,0,0,0,0,0,0,0.0,0.0,0.0,0.0,0.0,0.0,0.0,0.0,0,44
2023-24,36,352,273,Anthony Knockaert,MID,Fulham,10,4,0,2024-05-04T14:00:00Z,0,0,0,0,0,0,0,0,0.0,0.0,0.0,0.0,0.0,0.0,0.0,0.0,0,44
2023-24,36,352,274,Terence Kongolo,DEF,Fulham,10,4,0,2024-05-04T14:00:00Z,0,0,0,0,0,0,0,0,0.0,0.0,0.0,0.0,0.0,0.0,0.0,0.0,0,40
2023-24,36,352,275,Bernd Leno,GK,Fulham,10,4,0,2024-05-04T14:00:00Z,90,6,0,0,1,0,0,27,19.2,0.0,0.0,1.9,0.0,0.0,0.0,0.63,1,48
2023-24,36,352,276,Saša Lukić,MID,Fulham,10,4,0,2024-05-04T14:00:00Z,74,3,0,0,1,0,0,12,11.2,21.8,11.0,4.4,0.04,0.01,0.05,0.62,1,43
2023-24,36,352,277,Kevin Mbabu,DEF,Fulham,10,4,0,2024-05-04T14:00:00Z,0,0,0,0,0,0,0,0,0.0,0.0,0.0,0.0,0.0,0.0,0.0,0.0,0,40
2023-24,36,352,278,Aleksandar Mitrović,FWD,Fulham,10,4,0,2024-05-04T14:00:00Z,0,0,0,0,0,0,0,0,0.0,0.0,0.0,0.0,0.0,0.0,0.0,0.0,0,74
2023-24,36,352,279,Rodrigo Muniz Carvalho,FWD,Fulham,10,4,0,2024-05-04T14:00:00Z,63,2,0,0,1,0,0,3,8.4,0.8,23.0,3.2,0.12,0.01,0.13,0.62,1,45
2023-24,36,352,280,João Palhinha Gonçalves,MID,Fulham,10,4,0,2024-05-04T14:00:00Z,90,3,0,0,1,0,0,19,8.2,4.0,4.0,1.6,0.09,0.03,0.12,0.63,1,50
2023-24,36,352,281,Tim Ream,DEF,Fulham,10,4,0,2024-05-04T14:00:00Z,0,0,0,0,0,0,0,0,0.0,0.0,0.0,0.0,0.0,0.0,0.0,0.0,0,44
2023-24,36,352,282,Harrison Reed,MID,Fulham,10,4,0,2024-05-04T14:00:00Z,0,0,0,0,0,0,0,0,0.0,0.0,0.0,0.0,0.0,0.0,0.0,0.0,0,44
2023-24,36,352,283,Antonee Robinson,DEF,Fulham,10,4,0,2024-05-04T14:00:00Z,90,7,0,0,1,0,1,28,24.4,2.3,7.0,3.4,0.05,0.01,0.06,0.63,1,46
2023-24,36,352,284,Marek Rodák,GK,Fulham,10,4,0,2024-05-04T14:00:00Z,0,0,0,0,0,0,0,0,0.0,0.0,0.0,0.0,0.0,0.0,0.0,0.0,0,39
2023-24,36,352,285,Kenny Tete,DEF,Fulham,10,4,0,2024-05-04T14:00:00Z,0,0,0,0,0,0,0,0,0.0,0.0,0.0,0.0,0.0,0.0,0.0,0.0,0,44
2023-24,36,352,286,Tosin Adarabioyo,DEF,Fulham,10,4,0,2024-05-04T14:00:00Z,0,0,0,0,0,0,0,0,0.0,0.0,0.0,0.0,0.0,0.0,0.0,0.0,0,43
2023-24,36,352,287,Carlos Vinícius Alves Morais,FWD,Fulham,10,4,0,2024-05-04T14:00:00Z,0,0,0,0,0,0,0,0,0.0,0.0,0.0,0.0,0.0,0.0,0.0,0.0,0,45
2023-24,36,352,288,Harry Wilson,MID,Fulham,10,4,0,2024-05-04T14:00:00Z,1,1,0,0,0,0,0,3,0.2,0.3,0.0,0.1,0.0,0.01,0.01,0.02,0,53
2023-24,36,357,289,Adrián San Miguel del Castillo,GK,Liverpool,11,18,1,2024-05-05T15:30:00Z,0,0,0,0,0,0,0,0,0.0,0.0,0.0,0.0,0.0,0.0,0.0,0.0,0,38
2023-24,36,357,290,Trent Alexander-Arnold,DEF,Liverpool,11,18,1,2024-05-05T15:30:00Z,90,0,0,0,0,2,0,5,18.0,35.1,22.0,7.5,0.15,0.22,0.37,1.16,1,84
2023-24,36,357,291,Alisson Ramses Becker,GK,Liverpool,11,18,1,2024-05-05T15:30:00Z,90,2,0,0,0,2,0,19,27.8,0.0,0.0,2.8,0.0,0.0,0.0,1.16,1,57
2023-24,36,357,292,Stefan Bajcetic,MID,Liverpool,11,18,1,2024-05-05T15:30:00Z,25,1,0,0,0,2,0,3,7.8,0.3,0.0,0.8,0.0,0.0,0.0,0.88,0,47
2023-24,36,357,293,Darwin Núñez Ribeiro,FWD,Liverpool,11,18,1,2024-05-05T15:30:00Z,15,1,0,0,0,1,0,-3,2.0,0.0,9.0,1.1,0.36,0.0,0.36,0.43,0,76
2023-24,36,357,294,Diogo Teixeira da Silva,MID,Liverpool,11,18,1,2024-05-05T15:30:00Z,0,0,0,0,0,0,0,0,0.0,0.0,0.0,0.0,0.0,0.0,0.0,0.0,0,79
2023-24,36,357,295,Harvey Elliott,MID,Liverpool,11,18,1,2024-05-05T15:30:00Z,82,12,1,1,0,2,2,47,71.0,64.4,48.0,18.3,0.34,0.74,1.08,1.05,1,48
2023-24,36,357,296,Fabio Henrique Tavares,MID,Liverpool,11,18,1,2024-05-05T15:30:00Z,0,0,0,0,0,0,0,0,0.0,0.0,0.0,0.0,0.0,0.0,0.0,0.0,0,50
2023-24,36,357,297,Cody Gakpo,FWD,Liverpool,11,18,1,2024-05-05T15:30:00Z,90,12,1,1,0,2,3,48,60.2,28.2,30.0,11.8,0.09,0.54,0.63,1.16,1,71
2023-24,36,357,298,Joe Gomez,DEF,Liverpool,11,18,1,2024-05-05T15:30:00Z,26,0,0,0,0,2,0,5,3.8,0.0,0.0,0.4,0.0,0.0,0.0,0.88,0,46
2023-24,36,357,299,Jordan Henderson,MID,Liverpool,11,18,1,2024-05-05T15:30:00Z,0,0,0,0,0,0,0,0,0.0,0.0,0.0,0.0,0.0,0.0,0.0,0.0,0,50
2023-24,36,357,300,Curtis Jones,MID,Liverpool,11,18,1,2024-05-05T15:30:00Z,0,0,0,0,0,0,0,0,0.0,0.0,0.0,0.0,0.0,0.0,0.0,0.0,0,49
2023-24,36,357,301,Caoimhin Kelleher,GK,Liverpool,11,18,1,2024-05-05T15:30:00Z,0,0,0,0,0,0,0,0,0.0,0.0,0.0,0.0,0.0,0.0,0.0,0.0,0,38
2023-24,36,357,302,Ibrahima Konaté,DEF,Liverpool,11,18,1,2024-05-05T15:30:00Z,0,0,0,0,0,0,0,0,0.0,0.0,0.0,0.0,0.0,0.0,0.0,0.0,0,49
2023-24,36,357,303,Luis Díaz,MID,Liverpool,11,18,1,2024-05-05T15:30:00Z,74,2,0,0,0,1,0,5,7.0,12.9,43.0,6.3,0.28,0.09,0.37,0.74,1,77
2023-24,36,357,304,Alexis Mac Allister,MID,Liverpool,11,18,1,2024-05-05T15:30:00Z,74,2,0,0,0,1,0,7,12.4,13.9,2.0,2.8,0.0,0.05,0.05,0.74,1,59
2023-24,36,357,305,Joel Matip,DEF,Liverpool,11,18,1,2024-05-05T15:30:00Z,0,0,0,0,0,0,0,0,0.0,0.0,0.0,0.0,0.0,0.0,0.0,0.0,0,48
2023-24,36,357,306,Nathaniel Phillips,DEF,Liverpool,11,18,1,2024-05-05T15:30:00Z,0,0,0,0,0,0,0,0,0.0,0.0,0.0,0.0,0.0,0.0,0.0,0.0,0,40
2023-24,36,357,307,Andrew Robertson,DEF,Liverpool,11,18,1,2024-05-05T15:30:00Z,63,13,1,0,1,0,1,42,44.0,12.9,44.0,10.1,0.91,0.27,1.18,0.28,1,65
2023-24,36,357,308,Mohamed Salah,MID,Liverpool,11,18,1,2024-05-05T15:30:00Z,90,13,1,2,0,2,0,40,65.8,41.2,105.0,21.2,1.12,0.31,1.43,1.16,1,135
2023-24,36,357,309,Dominik Szoboszlai,MID,Liverpool,11,18,1,2024-05-05T15:30:00Z,7,1,0,0,0,0,0,2,1.4,14.5,4.0,2.0,0.06,0.05,0.11,0.11,0,71
2023-24,36,357,310,Thiago Alcántara do Nascimento,MID,Liverpool,11,18,1,2024-05-05T15:30:00Z,0,0,0,0,0,0,0,0,0.0,0.0,0.0,0.0,0.0,0.0,0.0,0.0,0,47
2023-24,36,357,311,Konstantinos Tsimikas,DEF,Liverpool,11,18,1,2024-05-05T15:30:00Z,0,0,0,0,0,0,0,0,0.0,0.0,0.0,0.0,0.0,0.0,0.0,0.0,0,44
2023-24,36,357,312,Sepp van den Berg,DEF,Liverpool,11,18,1,2024-05-05T15:30:00Z,0,0,0,0,0,0,0,0,0.0,0.0,0.0,0.0,0.0,0.0,0.0,0.0,0,40
2023-24,36,357,313,Virgil van Dijk,DEF,Liverpool,11,18,1,2024-05-05T15:30:00Z,90,1,0,0,0,2,0,15,18.0,0.3,9.0,2.7,0.08,0.0,0.08,1.16,1,67
2023-24,36,358,314,Elijah Adebayo,FWD,Luton,12,9,1,2024-05-03T19:00:00Z,79,9,1,0,0,1,3,28,44.2,0.5,21.0,6.6,0.33,0.0,0.33,1.43,1,48
2023-24,36,358,315,Mads Juel Andersen,DEF,Luton,12,9,1,2024-05-03T19:00:00Z,0,0,0,0,0,0,0,0,0.0,0.0,0.0,0.0,0.0,0.0,0.0,0.0,0,38
2023-24,36,358,316,Amari'i Bell,DEF,Luton,12,9,1,2024-05-03T19:00:00Z,0,0,0,0,0,0,0,0,0.0,0.0,0.0,0.0,0.0,0.0,0.0,0.0,0,39
2023-24,36,358,317,Luke Berry,MID,Luton,12,9,1,2024-05-03T19:00:00Z,3,1,0,0,0,0,0,3,3.0,0.0,25.0,2.8,0.11,0.0,0.11,0.0,0,46
2023-24,36,358,318,Reece Burke,DEF,Luton,12,9,1,2024-05-03T19:00:00Z,90,2,0,0,0,1,0,13,15.8,30.2,2.0,4.8,0.03,0.04,0.07,1.43,1,40
2023-24,36,358,319,Allan Campbell,MID,Luton,12,9,1,2024-05-03T19:00:00Z,0,0,0,0,0,0,0,0,0.0,0.0,0.0,0.0,0.0,0.0,0.0,0.0,0,49
2023-24,36,358,320,Jordan Clark,MID,Luton,12,9,1,2024-05-03T19:00:00Z,0,0,0,0,0,0,0,0,0.0,0.0,0.0,0.0,0.0,0.0,0.0,0.0,0,48
2023-24,36,358,321,Alfie Doughty,DEF,Luton,12,9,1,2024-05-03T19:00:00Z,90,2,0,0,0,1,0,23,30.8,90.5,23.0,14.4,0.02,0.3,0.32,1.43,1,44
2023-24,36,358,322,Luke Freeman,MID,Luton,12,9,1,2024-05-03T19:00:00Z,0,0,0,0,0,0,0,0,0.0,0.0,0.0,0.0,0.0,0.0,0.0,0.0,0,49
2023-24,36,358,323,Matt Macey,GK,Luton,12,9,1,2024-05-03T19:00:00Z,0,0,0,0,0,0,0,0,0.0,0.0,0.0,0.0,0.0,0.0,0.0,0.0,0,40
2023-24,36,358,324,John McAtee,FWD,Luton,12,9,1,2024-05-03T19:00:00Z,0,0,0,0,0,0,0,0,0.0,0.0,0.0,0.0,0.0,0.0,0.0,0.0,0,45
2023-24,36,358,325,Carlos Mendes Gomes,MID,Luton,12,9,1,2024-05-03T19:00:00Z,0,0,0,0,0,0,0,0,0.0,0.0,0.0,0.0,0.0,0.0,0.0,0.0,0,45
2023-24,36,358,326,Carlton Morris,FWD,Luton,12,9,1,2024-05-03T19:00:00Z,90,2,0,0,0,1,0,6,10.6,1.6,11.0,2.3,0.08,0.01,0.09,1.43,1,48
2023-24,36,358,327,Admiral Muskwe,FWD,Luton,12,9,1,2024-05-03T19:00:00Z,0,0,0,0,0,0,0,0,0.0,0.0,0.0,0.0,0.0,0.0,0.0,0.0,0,45
2023-24,36,358,328,Chiedozie Ogbene,FWD,Luton,12,9,1,2024-05-03T19:00:00Z,0,0,0,0,0,0,0,0,0.0,0.0,0.0,0.0,0.0,0.0,0.0,0.0,0,48
2023-24,36,358,329,Fred Onyedinma,MID,Luton,12,9,1,2024-05-03T19:00:00Z,69,2,0,0,0,1,0,1,4.6,11.4,0.0,1.6,0.0,0.01,0.01,1.17,1,50
2023-24,36,358,330,Gabriel Osho,DEF,Luton,12,9,1,2024-05-03T19:00:00Z,90,2,0,0,0,1,0,13,17.4,1.4,3.0,2.2,0.04,0.01,0.05,1.43,1,44
2023-24,36,358,331,Aribim Pepple,FWD,Luton,12,9,1,2024-05-03T19:00:00Z,0,0,0,0,0,0,0,0,0.0,0.0,0.0,0.0,0.0,0.0,0.0,0.0,0,45
2023-24,36,358,332,Dion Pereira,MID,Luton,12,9,1,2024-05-03T19:00:00Z,0,0,0,0,0,0,0,0,0.0,0.0,0.0,0.0,0.0,0.0,0.0,0.0,0,44
2023-24,36,358,333,Dan Potts,DEF,Luton,12,9,1,2024-05-03T19:00:00Z,0,0,0,0,0,0,0,0,0.0,0.0,0.0,0.0,0.0,0.0,0.0,0.0,0,39
2023-24,36,358,334,Glen Rea,MID,Luton,12,9,1,2024-05-03T19:00:00Z,0,0,0,0,0,0,0,0,0.0,0.0,0.0,0.0,0.0,0.0,0.0,0.0,0,44
2023-24,36,358,335,James Shea,GK,Luton,12,9,1,2024-05-03T19:00:00Z,0,0,0,0,0,0,0,0,0.0,0.0,0.0,0.0,0.0,0.0,0.0,0.0,0,42
2023-24,36,358,336,Joe Taylor,FWD,Luton,12,9,1,2024-05-03T19:00:00Z,0,0,0,0,0,0,0,0,0.0,0.0,0.0,0.0,0.0,0.0,0.0,0.0,0,45
2023-24,36,358,337,Elliot Thorpe,MID,Luton,12,9,1,2024-05-03T19:00:00Z,0,0,0,0,0,0,0,0,0.0,0.0,0.0,0.0,0.0,0.0,0.0,0.0,0,45
2023-24,36,358,338,Jack Walton,GK,Luton,12,9,1,2024-05-03T19:00:00Z,0,0,0,0,0,0,0,0,0.0,0.0,0.0,0.0,0.0,0.0,0.0,0.0,0,40
2023-24,36,358,339,Louie Watson,MID,Luton,12,9,1,2024-05-03T19:00:00Z,0,0,0,0,0,0,0,0,0.0,0.0,0.0,0.0,0.0,0.0,0.0,0.0,0,44
2023-24,36,358,340,Cauley Woodrow,FWD,Luton,12,9,1,2024-05-03T19:00:00Z,20,1,0,0,0,0,0,5,7.6,15.1,4.0,2.7,0.03,0.03,0.06,0.26,0,43
2023-24,36,359,341,Manuel Akanji,DEF,Man City,13,20,1,2024-05-04T16:30:00Z,90,2,0,0,0,1,0,6,12.6,12.5,9.0,3.4,0.21,0.02,0.23,0.35,1,50
2023-24,36,359,342,Nathan Aké,DEF,Man City,13,20,1,2024-05-04T16:30:00Z,68,2,0,0,0,1,0,14,6.4,2.3,2.0,1.1,0.0,0.01,0.01,0.35,1,50
2023-24,36,359,343,Julián Álvarez,FWD,Man City,13,20,1,2024-05-04T16:30:00Z,8,5,1,0,0,0,0,27,33.0,2.0,17.0,5.2,0.32,0.0,0.32,0.0,0,64
2023-24,36,359,344,Bernardo Veiga de Carvalho e Silva,MID,Man City,13,20,1,2024-05-04T16:30:00Z,79,2,0,0,0,1,0,15,8.0,33.1,14.0,5.5,0.08,0.62,0.7,0.35,1,62
2023-24,36,359,345,Oscar Bobb,MID,Man City,13,20,1,2024-05-04T16:30:00Z,0,0,0,0,0,0,0,0,0.0,0.0,0.0,0.0,0.0,0.0,0.0,0.0,0,44
2023-24,36,359,346,João Cancelo,DEF,Man City,13,20,1,2024-05-04T16:30:00Z,0,0,0,0,0,0,0,0,0.0,0.0,0.0,0.0,0.0,0.0,0.0,0.0,0,58
2023-24,36,359,347,Scott Carson,GK,Man City,13,20,1,2024-05-04T16:30:00Z,0,0,0,0,0,0,0,0,0.0,0.0,0.0,0.0,0.0,0.0,0.0,0.0,0,38
2023-24,36,359,348,Shea Charles,MID,Man City,13,20,1,2024-05-04T16:30:00Z,0,0,0,0,0,0,0,0,0.0,0.0,0.0,0.0,0.0,0.0,0.0,0.0,0,45
2023-24,36,359,349,Kevin De Bruyne,MID,Man City,13,20,1,2024-05-04T16:30:00Z,78,2,0,0,0,1,0,12,8.2,31.7,16.0,5.6,0.03,0.35,0.38,0.35,1,105
2023-24,36,359,350,Rúben Gato Alves Dias,DEF,Man City,13,20,1,2024-05-04T16:30:00Z,0,0,0,0,0,0,0,0,0.0,0.0,0.0,0.0,0.0,0.0,0.0,0.0,0,55
2023-24,36,359,351,Tommy Doyle,MID,Wolves,20,13,0,2024-05-04T16:30:00Z,0,0,0,0,0,0,0,0,0.0,0.0,0.0,0.0,0.0,0.0,0.0,0.0,0,44
2023-24,36,359,352,Ederson Santana de Moraes,GK,Man City,13,20,1,2024-05-04T16:30:00Z,90,2,0,0,0,1,0,14,8.2,0.0,0.0,0.8,0.0,0.0,0.0,0.35,1,55
2023-24,36,359,353,Phil Foden,MID,Man City,13,20,1,2024-05-04T16:30:00Z,79,5,0,1,0,1,0,18,24.6,19.1,37.0,8.1,0.3,0.06,0.36,0.35,1,84
2023-24,36,359,354,Jack Grealish,MID,Man City,13,20,1,2024-05-04T16:30:00Z,10,1,0,0,0,0,0,3,0.4,1.9,0.0,0.2,0.0,0.01,0.01,0.0,0,72
2023-24,36,359,355,Erling Haaland,FWD,Man City,13,20,1,2024-05-04T16:30:00Z,82,21,4,0,0,1,3,97,142.6,14.9,144.0,30.2,2.11,0.05,2.16,0.35,1,141
2023-24,36,359,356,Mateo Kovačić,MID,Man City,13,20,1,2024-05-04T16:30:00Z,90,2,0,0,0,1,0,10,12.6,6.7,19.0,3.8,0.03,0.04,0.07,0.35,1,46
2023-24,36,359,357,Aymeric Laporte,DEF,Man City,13,20,1,2024-05-04T16:30:00Z,0,0,0,0,0,0,0,0,0.0,0.0,0.0,0.0,0.0,0.0,0.0,0.0,0,49
2023-24,36,359,358,Rico Lewis,DEF,Man City,13,20,1,2024-05-04T16:30:00Z,0,0,0,0,0,0,0,0,0.0,0.0,0.0,0.0,0.0,0.0,0.0,0.0,0,42
2023-24,36,359,359,Riyad Mahrez,MID,Man City,13,20,1,2024-05-04T16:30:00Z,0,0,0,0,0,0,0,0,0.0,0.0,0.0,0.0,0.0,0.0,0.0,0.0,0,75
2023-24,36,360,360,James McAtee,MID,Sheffield Utd,17,16,1,2024-05-04T14:00:00Z,24,1,0,0,0,0,0,2,0.4,0.6,0.0,0.1,0.0,0.01,0.01,0.39,0,44
2023-24,36,359,361,Stefan Ortega Moreno,GK,Man City,13,20,1,2024-05-04T16:30:00Z,0,0,0,0,0,0,0,0,0.0,0.0,0.0,0.0,0.0,0.0,0.0,0.0,0,37
2023-24,36,355,362,Cole Palmer,MID,Chelsea,7,19,1,2024-05-05T13:00:00Z,88,8,1,0,1,0,0,44,51.6,50.9,29.0,13.2,0.33,0.58,0.91,1.0,1,62
2023-24,36,359,363,Máximo Perrone,MID,Man City,13,20,1,2024-05-04T16:30:00Z,0,0,0,0,0,0,0,0,0.0,0.0,0.0,0.0,0.0,0.0,0.0,0.0,0,44
2023-24,36,355,364,Kalvin Phillips,MID,West Ham,19,7,0,2024-05-05T13:00:00Z,0,0,0,0,0,0,0,0,0.0,0.0,0.0,0.0,0.0,0.0,0.0,0.0,0,47
2023-24,36,359,365,Rodrigo Hernandez,MID,Man City,13,20,1,2024-05-04T16:30:00Z,90,10,0,2,0,1,2,36,52.4,60.7,17.0,13.0,0.03,0.58,0.61,0.35,1,56
2023-24,36,359,366,Sergio Gómez,DEF,Man City,13,20,1,2024-05-04T16:30:00Z,0,0,0,0,0,0,0,0,0.0,0.0,0.0,0.0,0.0,0.0,0.0,0.0,0,38
2023-24,36,359,367,Zack Steffen,GK,Man City,13,20,1,2024-05-04T16:30:00Z,0,0,0,0,0,0,0,0,0.0,0.0,0.0,0.0,0.0,0.0,0.0,0.0,0,39
2023-24,36,359,368,John Stones,DEF,Man City,13,20,1,2024-05-04T16:30:00Z,21,1,0,0,0,0,0,3,3.2,0.3,0.0,0.4,0.0,0.0,0.0,0.43,0,53
2023-24,36,359,369,Kyle Walker,DEF,Man City,13,20,1,2024-05-04T16:30:00Z,90,2,0,0,0,1,0,12,14.0,4.7,0.0,1.9,0.0,0.02,0.02,0.35,1,54
2023-24,36,356,370,Alex Telles,DEF,Man Utd,14,8,0,2024-05-06T19:00:00Z,0,0,0,0,0,0,0,0,0.0,0.0,0.0,0.0,0.0,0.0,0.0,0.0,0,45
2023-24,36,356,371,Amad Diallo,MID,Man Utd,14,8,0,2024-05-06T19:00:00Z,10,1,0,0,0,0,0,4,2.2,0.1,0.0,0.2,0.0,0.0,0.0,0.32,0,44
2023-24,36,356,372,Antony Matheus dos Santos,MID,Man Utd,14,8,0,2024-05-06T19:00:00Z,59,1,0,0,0,3,0,2,4.6,5.5,7.0,1.7,0.02,0.01,0.03,1.08,1,68
2023-24,36,356,373,Bruno Borges Fernandes,MID,Man Utd,14,8,0,2024-05-06T19:00:00Z,0,0,0,0,0,0,0,0,0.0,0.0,0.0,0.0,0.0,0.0,0.0,0.0,0,85
2023-24,36,356,374,Brandon Williams,DEF,Man Utd,14,8,0,2024-05-06T19:00:00Z,0,0,0,0,0,0,0,0,0.0,0.0,0.0,0.0,0.0,0.0,0.0,0.0,0,40
2023-24,36,356,375,Eric Bailly,DEF,Man Utd,14,8,0,2024-05-06T19:00:00Z,0,0,0,0,0,0,0,0,0.0,0.0,0.0,0.0,0.0,0.0,0.0,0.0,0,40
2023-24,36,356,376,Carlos Henrique Casimiro,MID,Man Utd,14,8,0,2024-05-06T19:00:00Z,90,2,0,0,0,4,0,17,24.6,0.8,39.0,6.4,0.07,0.02,0.09,1.47,1,53
2023-24,36,356,377,Diogo Dalot Teixeira,DEF,Man Utd,14,8,0,2024-05-06T19:00:00Z,90,0,0,0,0,4,0,13,14.0,23.0,2.0,3.9,0.0,0.03,0.03,1.47,1,52
2023-24,36,360,378,Anthony Elanga,MID,Nott'm Forest,16,17,0,2024-05-04T14:00:00Z,66,2,0,0,0,1,0,9,2.8,2.0,8.0,1.3,0.0,0.32,0.32,2.14,1,50
2023-24,36,356,379,Christian Eriksen,MID,Man Utd,14,8,0,2024-05-06T19:00:00Z,90,2,0,0,0,4,0,13,12.6,36.7,4.0,5.3,0.1,0.14,0.24,1.47,1,58
2023-24,36,356,380,Álvaro Fernández Carreras,DEF,Man Utd,14,8,0,2024-05-06T19:00:00Z,0,0,0,0,0,0,0,0,0.0,0.0,0.0,0.0,0.0,0.0,0.0,0.0,0,40
2023-24,36,356,381,Frederico Rodrigues de Paula Santos,MID,Man Utd,14,8,0,2024-05-06T19:00:00Z,0,0,0,0,0,0,0,0,0.0,0.0,0.0,0.0,0.0,0.0,0.0,0.0,0,50
2023-24,36,356,382,Alejandro Garnacho,MID,Man Utd,14,8,0,2024-05-06T19:00:00Z,90,2,0,0,0,4,0,8,4.8,3.4,15.0,2.3,0.03,0.03,0.06,1.47,1,50
2023-24,36,356,383,Hannibal Mejbri,MID,Man Utd,14,8,0,2024-05-06T19:00:00Z,0,0,0,0,0,0,0,0,0.0,0.0,0.0,0.0,0.0,0.0,0.0,0.0,0,43
2023-24,36,356,384,Tom Heaton,GK,Man Utd,14,8,0,2024-05-06T19:00:00Z,0,0,0,0,0,0,0,0,0.0,0.0,0.0,0.0,0.0,0.0,0.0,0.0,0,39
2023-24,36,356,385,Dean Henderson,GK,Crystal Palace,8,14,1,2024-05-06T19:00:00Z,90,6,0,0,1,0,0,26,14.4,0.0,0.0,1.4,0.0,0.0,0.0,0.35,1,44
2023-24,36,356,386,Victor Lindelöf,DEF,Man Utd,14,8,0,2024-05-06T19:00:00Z,0,0,0,0,0,0,0,0,0.0,0.0,0.0,0.0,0.0,0.0,0.0,0.0,0,45
2023-24,36,356,387,Harry Maguire,DEF,Man Utd,14,8,0,2024-05-06T19:00:00Z,0,0,0,0,0,0,0,0,0.0,0.0,0.0,0.0,0.0,0.0,0.0,0.0,0,42
2023-24,36,356,388,Kobbie Mainoo,MID,Man Utd,14,8,0,2024-05-06T19:00:00Z,90,2,0,0,0,4,0,15,15.8,9.3,0.0,2.5,0.0,0.31,0.31,1.47,1,44
2023-24,36,356,389,Tyrell Malacia,DEF,Man Utd,14,8,0,2024-05-06T19:00:00Z,0,0,0,0,0,0,0,0,0.0,0.0,0.0,0.0,0.0,0.0,0.0,0.0,0,43
2023-24,36,356,390,Anthony Martial,FWD,Man Utd,14,8,0,2024-05-06T19:00:00Z,0,0,0,0,0,0,0,0,0.0,0.0,0.0,0.0,0.0,0.0,0.0,0.0,0,64
2023-24,36,356,391,Lisandro Martínez,DEF,Man Utd,14,8,0,2024-05-06T19:00:00Z,0,0,0,0,0,0,0,0,0.0,0.0,0.0,0.0,0.0,0.0,0.0,0.0,0,47
2023-24,36,356,392,Scott McTominay,MID,Man Utd,14,8,0,2024-05-06T19:00:00Z,0,0,0,0,0,0,0,0,0.0,0.0,0.0,0.0,0.0,0.0,0.0,0.0,0,45
2023-24,36,358,393,Teden Mengi,DEF,Luton,12,9,1,2024-05-03T19:00:00Z,90,2,0,0,0,1,0,10,20.4,10.3,17.0,4.8,0.12,0.01,0.13,1.43,1,39
2023-24,36,356,394,Facundo Pellistri Rebollo,MID,Man Utd,14,8,0,2024-05-06T19:00:00Z,0,0,0,0,0,0,0,0,0.0,0.0,0.0,0.0,0.0,0.0,0.0,0.0,0,42
2023-24,36,356,395,Raphaël Varane,DEF,Man Utd,14,8,0,2024-05-06T19:00:00Z,0,0,0,0,0,0,0,0,0.0,0.0,0.0,0.0,0.0,0.0,0.0,0.0,0,49
2023-24,36,356,396,Marcus Rashford,MID,Man Utd,14,8,0,2024-05-06T19:00:00Z,0,0,0,0,0,0,0,0,0.0,0.0,0.0,0.0,0.0,0.0,0.0,0.0,0,84
2023-24,36,356,397,Jadon Sancho,MID,Man Utd,14,8,0,2024-05-06T19:00:00Z,0,0,0,0,0,0,0,0,0.0,0.0,0.0,0.0,0.0,0.0,0.0,0.0,0,67
2023-24,36,356,398,Luke Shaw,DEF,Man Utd,14,8,0,2024-05-06T19:00:00Z,0,0,0,0,0,0,0,0,0.0,0.0,0.0,0.0,0.0,0.0,0.0,0.0,0,52
2023-24,36,356,399,Shola Shoretire,FWD,Man Utd,14,8,0,2024-05-06T19:00:00Z,0,0,0,0,0,0,0,0,0.0,0.0,0.0,0.0,0.0,0.0,0.0,0.0,0,44
2023-24,36,356,400,Donny van de Beek,MID,Man Utd,14,8,0,2024-05-06T19:00:00Z,0,0,0,0,0,0,0,0,0.0,0.0,0.0,0.0,0.0,0.0,0.0,0.0,0,47
2023-24,36,356,401,Aaron Wan-Bissaka,DEF,Man Utd,14,8,0,2024-05-06T19:00:00Z,90,0,0,0,0,4,0,12,18.0,16.6,0.0,3.5,0.0,0.05,0.05,1.47,1,44
2023-24,36,354,402,Miguel Almirón Rejala,MID,Newcastle,15,6,0,2024-05-04T14:00:00Z,13,1,0,0,0,1,0,3,0.4,1.7,0.0,0.2,0.0,0.0,0.0,0.4,0,60
2023-24,36,354,403,Elliot Anderson,MID,Newcastle,15,6,0,2024-05-04T14:00:00Z,21,0,0,0,0,1,0,1,7.2,11.4,2.0,2.1,0.0,0.01,0.01,0.48,0,42
2023-24,36,354,404,Harrison Ashby,DEF,Newcastle,15,6,0,2024-05-04T14:00:00Z,0,0,0,0,0,0,0,0,0.0,0.0,0.0,0.0,0.0,0.0,0.0,0.0,0,40
2023-24,36,354,405,Sven Botman,DEF,Newcastle,15,6,0,2024-05-04T14:00:00Z,0,0,0,0,0,0,0,0,0.0,0.0,0.0,0.0,0.0,0.0,0.0,0.0,0,45
2023-24,36,354,406,Bruno Guimarães Rodriguez Moura,MID,Newcastle,15,6,0,2024-05-04T14:00:00Z,90,9,1,0,0,1,2,36,65.0,30.0,24.0,11.9,0.26,0.1,0.36,1.08,1,58
2023-24,36,354,407,Dan Burn,DEF,Newcastle,15,6,0,2024-05-04T14:00:00Z,90,2,0,0,0,1,0,11,12.8,0.8,4.0,1.8,0.05,0.0,0.05,1.08,1,46
2023-24,36,354,408,Karl Darlow,GK,Newcastle,15,6,0,2024-05-04T14:00:00Z,0,0,0,0,0,0,0,0,0.0,0.0,0.0,0.0,0.0,0.0,0.0,0.0,0,40
2023-24,36,354,409,Martin Dubravka,GK,Newcastle,15,6,0,2024-05-04T14:00:00Z,90,3,0,0,0,1,0,17,26.6,0.0,0.0,2.7,0.0,0.0,0.0,1.08,1,43
2023-24,36,354,410,Ryan Fraser,MID,Newcastle,15,6,0,2024-05-04T14:00:00Z,0,0,0,0,0,0,0,0,0.0,0.0,0.0,0.0,0.0,0.0,0.0,0.0,0,49
2023-24,36,354,411,Mark Gillespie,GK,Newcastle,15,6,0,2024-05-04T14:00:00Z,0,0,0,0,0,0,0,0,0.0,0.0,0.0,0.0,0.0,0.0,0.0,0.0,0,39
2023-24,36,354,412,Anthony Gordon,MID,Newcastle,15,6,0,2024-05-04T14:00:00Z,84,6,0,1,1,0,0,19,29.4,54.3,18.0,10.2,0.15,0.36,0.51,0.99,1,63
2023-24,36,354,413,Isaac Hayden,MID,Newcastle,15,6,0,2024-05-04T14:00:00Z,0,0,0,0,0,0,0,0,0.0,0.0,0.0,0.0,0.0,0.0,0.0,0.0,0,44
2023-24,36,354,414,Jeff Hendrick,MID,Newcastle,15,6,0,2024-05-04T14:00:00Z,0,0,0,0,0,0,0,0,0.0,0.0,0.0,0.0,0.0,0.0,0.0,0.0,0,44
2023-24,36,354,415,Alexander Isak,FWD,Newcastle,15,6,0,2024-05-04T14:00:00Z,76,7,1,1,1,0,0,28,40.4,11.8,74.0,12.6,1.64,0.08,1.72,0.68,1,83
2023-24,36,354,416,Joelinton Cássio Apolinário de Lira,MID,Newcastle,15,6,0,2024-05-04T14:00:00Z,13,1,0,0,0,1,0,5,18.0,12.1,0.0,3.0,0.0,0.02,0.02,0.4,0,58
2023-24,36,354,417,Emil Krafth,DEF,Newcastle,15,6,0,2024-05-04T14:00:00Z,90,2,0,0,0,1,0,14,16.6,0.8,2.0,1.9,0.0,0.01,0.01,1.08,1,44
2023-24,36,354,418,Garang Kuol,MID,Newcastle,15,6,0,2024-05-04T14:00:00Z,0,0,0,0,0,0,0,0,0.0,0.0,0.0,0.0,0.0,0.0,0.0,0.0,0,45
2023-24,36,354,419,Jamaal Lascelles,DEF,Newcastle,15,6,0,2024-05-04T14:00:00Z,0,0,0,0,0,0,0,0,0.0,0.0,0.0,0.0,0.0,0.0,0.0,0.0,0,38
2023-24,36,354,420,Jamal Lewis,DEF,Newcastle,15,6,0,2024-05-04T14:00:00Z,0,0,0,0,0,0,0,0,0.0,0.0,0.0,0.0,0.0,0.0,0.0,0.0,0,40
2023-24,36,354,421,Sean Longstaff,MID,Newcastle,15,6,0,2024-05-04T14:00:00Z,76,8,1,0,1,0,0,27,34.6,3.1,22.0,6.0,0.22,0.04,0.26,0.68,1,48
2023-24,36,354,422,Javier Manquillo Gaitán,DEF,Newcastle,15,6,0,2024-05-04T14:00:00Z,0,0,0,0,0,0,0,0,0.0,0.0,0.0,0.0,0.0,0.0,0.0,0.0,0,40
2023-24,36,354,423,Jacob Murphy,MID,Newcastle,15,6,0,2024-05-04T14:00:00Z,68,10,0,2,1,0,1,35,48.2,68.6,15.0,13.2,0.11,0.95,1.06,0.6,1,48
2023-24,36,354,424,Nick Pope,GK,Newcastle,15,6,0,2024-05-04T14:00:00Z,0,0,0,0,0,0,0,0,0.0,0.0,0.0,0.0,0.0,0.0,0.0,0.0,0,53
2023-24,36,354,425,Matt Ritchie,MID,Newcastle,15,6,0,2024-05-04T14:00:00Z,5,1,0,0,0,1,0,0,7.6,2.3,19.0,2.9,0.15,0.04,0.19,0.09,0,43
2023-24,36,354,426,Allan Saint-Maximin,MID,Newcastle,15,6,0,2024-05-04T14:00:00Z,0,0,0,0,0,0,0,0,0.0,0.0,0.0,0.0,0.0,0.0,0.0,0.0,0,60
2023-24,36,354,427,Fabian Schär,DEF,Newcastle,15,6,0,2024-05-04T14:00:00Z,0,0,0,0,0,0,0,0,0.0,0.0,0.0,0.0,0.0,0.0,0.0,0.0,0,57
2023-24,36,354,428,Matt Targett,DEF,Newcastle,15,6,0,2024-05-04T14:00:00Z,0,0,0,0,0,0,0,0,0.0,0.0,0.0,0.0,0.0,0.0,0.0,0.0,0,42
2023-24,36,354,429,Sandro Tonali,MID,Newcastle,15,6,0,2024-05-04T14:00:00Z,0,0,0,0,0,0,0,0,0.0,0.0,0.0,0.0,0.0,0.0,0.0,0.0,0,52
2023-24,36,354,430,Kieran Trippier,DEF,Newcastle,15,6,0,2024-05-04T14:00:00Z,0,0,0,0,0,0,0,0,0.0,0.0,0.0,0.0,0.0,0.0,0.0,0.0,0,66
2023-24,36,354,431,Kell Watts,DEF,Newcastle,15,6,0,2024-05-04T14:00:00Z,0,0,0,0,0,0,0,0,0.0,0.0,0.0,0.0,0.0,0.0,0.0,0.0,0,40
2023-24,36,354,432,Joe Willock,MID,Newcastle,15,6,0,2024-05-04T14:00:00Z,0,0,0,0,0,0,0,0,0.0,0.0,0.0,0.0,0.0,0.0,0.0,0.0,0,53
2023-24,36,354,433,Callum Wilson,FWD,Newcastle,15,6,0,2024-05-04T14:00:00Z,68,5,1,0,1,0,0,28,33.6,12.1,51.0,9.7,0.92,0.11,1.03,0.6,1,78
2023-24,36,360,434,Brandon Aguilera Zamora,MID,Nott'm Forest,16,17,0,2024-05-04T14:00:00Z,0,0,0,0,0,0,0,0,0.0,0.0,0.0,0.0,0.0,0.0,0.0,0.0,0,45
2023-24,36,360,435,Harry Arter,MID,Nott'm Forest,16,17,0,2024-05-04T14:00:00Z,0,0,0,0,0,0,0,0,0.0,0.0,0.0,0.0,0.0,0.0,0.0,0.0,0,43
2023-24,36,360,436,Serge Aurier,DEF,Nott'm Forest,16,17,0,2024-05-04T14:00:00Z,0,0,0,0,0,0,0,0,0.0,0.0,0.0,0.0,0.0,0.0,0.0,0.0,0,45
2023-24,36,360,437,Taiwo Awoniyi,FWD,Nott'm Forest,16,17,0,2024-05-04T14:00:00Z,1,1,0,0,0,0,0,2,0.0,0.3,0.0,0.0,0.0,0.0,0.0,0.0,0,63
2023-24,36,360,438,Giulian Biancone,DEF,Nott'm Forest,16,17,0,2024-05-04T14:00:00Z,0,0,0,0,0,0,0,0,0.0,0.0,0.0,0.0,0.0,0.0,0.0,0.0,0,39
2023-24,36,360,439,Willy Boly,DEF,Nott'm Forest,16,17,0,2024-05-04T14:00:00Z,90,6,0,1,0,1,1,31,44.2,10.4,2.0,5.7,0.0,0.07,0.07,2.27,1,45
2023-24,36,360,440,Josh Bowler,MID,Nott'm Forest,16,17,0,2024-05-04T14:00:00Z,0,0,0,0,0,0,0,0,0.0,0.0,0.0,0.0,0.0,0.0,0.0,0.0,0,45
2023-24,36,360,441,Steve Cook,DEF,Nott'm Forest,16,17,0,2024-05-04T14:00:00Z,0,0,0,0,0,0,0,0,0.0,0.0,0.0,0.0,0.0,0.0,0.0,0.0,0,45
2023-24,36,360,442,Danilo dos Santos de Oliveira,MID,Nott'm Forest,16,17,0,2024-05-04T14:00:00Z,90,5,0,1,0,1,0,27,37.8,48.8,5.0,9.2,0.23,0.08,0.31,2.27,1,53
2023-24,36,360,443,Emmanuel Dennis,FWD,Nott'm Forest,16,17,0,2024-05-04T14:00:00Z,0,0,0,0,0,0,0,0,0.0,0.0,0.0,0.0,0.0,0.0,0.0,0.0,0,48
2023-24,36,360,444,Mohamed Dräger,DEF,Nott'm Forest,16,17,0,2024-05-04T14:00:00Z,0,0,0,0,0,0,0,0,0.0,0.0,0.0,0.0,0.0,0.0,0.0,0.0,0,40
2023-24,36,360,445,Felipe Augusto de Almeida Monteiro,DEF,Nott'm Forest,16,17,0,2024-05-04T14:00:00Z,0,0,0,0,0,0,0,0,0.0,0.0,0.0,0.0,0.0,0.0,0.0,0.0,0,44
2023-24,36,360,446,Remo Freuler,MID,Nott'm Forest,16,17,0,2024-05-04T14:00:00Z,0,0,0,0,0,0,0,0,0.0,0.0,0.0,0.0,0.0,0.0,0.0,0.0,0,49
2023-24,36,360,447,Morgan Gibbs-White,MID,Nott'm Forest,16,17,0,2024-05-04T14:00:00Z,90,7,0,1,0,1,2,33,34.2,74.0,10.0,11.8,0.11,0.46,0.57,2.27,1,57
2023-24,36,360,448,Wayne Hennessey,GK,Nott'm Forest,16,17,0,2024-05-04T14:00:00Z,0,0,0,0,0,0,0,0,0.0,0.0,0.0,0.0,0.0,0.0,0.0,0.0,0,39
2023-24,36,360,449,Ethan Horvath,GK,Nott'm Forest,16,17,0,2024-05-04T14:00:00Z,0,0,0,0,0,0,0,0,0.0,0.0,0.0,0.0,0.0,0.0,0.0,0.0,0,43
2023-24,36,357,450,Brennan Johnson,MID,Spurs,18,11,0,2024-05-05T15:30:00Z,90,5,0,1,0,4,0,14,28.6,30.8,27.0,8.6,0.1,0.25,0.35,3.22,1,58
2023-24,36,360,451,Cheikhou Kouyaté,MID,Nott'm Forest,16,17,0,2024-05-04T14:00:00Z,0,0,0,0,0,0,0,0,0.0,0.0,0.0,0.0,0.0,0.0,0.0,0.0,0,48
2023-24,36,360,452,Richie Laryea,DEF,Nott'm Forest,16,17,0,2024-05-04T14:00:00Z,0,0,0,0,0,0,0,0,0.0,0.0,0.0,0.0,0.0,0.0,0.0,0.0,0,45
2023-24,36,360,453,Orel Mangala,MID,Nott'm Forest,16,17,0,2024-05-04T14:00:00Z,0,0,0,0,0,0,0,0,0.0,0.0,0.0,0.0,0.0,0.0,0.0,0.0,0,50
2023-24,36,360,454,Loïc Mbe Soh,DEF,Nott'm Forest,16,17,0,2024-05-04T14:00:00Z,0,0,0,0,0,0,0,0,0.0,0.0,0.0,0.0,0.0,0.0,0.0,0.0,0,40
2023-24,36,360,455,Scott McKenna,DEF,Nott'm Forest,16,17,0,2024-05-04T14:00:00Z,0,0,0,0,0,0,0,0,0.0,0.0,0.0,0.0,0.0,0.0,0.0,0.0,0,44
2023-24,36,360,456,Alex Mighten,MID,Nott'm Forest,16,17,0,2024-05-04T14:00:00Z,0,0,0,0,0,0,0,0,0.0,0.0,0.0,0.0,0.0,0.0,0.0,0.0,0,44
2023-24,36,360,457,Moussa Niakhaté,DEF,Nott'm Forest,16,17,0,2024-05-04T14:00:00Z,23,1,0,0,0,0,0,5,7.2,0.1,0.0,0.7,0.0,0.0,0.0,0.13,0,45
2023-24,36,360,458,Lewis O'Brien,MID,Nott'm Forest,16,17,0,2024-05-04T14:00:00Z,0,0,0,0,0,0,0,0,0.0,0.0,0.0,0.0,0.0,0.0,0.0,0.0,0,49
2023-24,36,360,459,Braian Ojeda Rodríguez,MID,Nott'm Forest,16,17,0,2024-05-04T14:00:00Z,0,0,0,0,0,0,0,0,0.0,0.0,0.0,0.0,0.0,0.0,0.0,0.0,0,45
2023-24,36,360,460,Jonathan Panzo,DEF,Nott'm Forest,16,17,0,2024-05-04T14:00:00Z,0,0,0,0,0,0,0,0,0.0,0.0,0.0,0.0,0.0,0.0,0.0,0.0,0,40
2023-24,36,360,461,Omar Richards,DEF,Nott'm Forest,16,17,0,2024-05-04T14:00:00Z,0,0,0,0,0,0,0,0,0.0,0.0,0.0,0.0,0.0,0.0,0.0,0.0,0,44
2023-24,36,360,462,Gustavo Henrique Furtado Scarpa,MID,Nott'm Forest,16,17,0,2024-05-04T14:00:00Z,0,0,0,0,0,0,0,0,0.0,0.0,0.0,0.0,0.0,0.0,0.0,0.0,0,45
2023-24,36,360,463,Jonjo Shelvey,MID,Nott'm Forest,16,17,0,2024-05-04T14:00:00Z,0,0,0,0,0,0,0,0,0.0,0.0,0.0,0.0,0.0,0.0,0.0,0.0,0,48
2023-24,36,360,464,Sam Surridge,FWD,Nott'm Forest,16,17,0,2024-05-04T14:00:00Z,0,0,0,0,0,0,0,0,0.0,0.0,0.0,0.0,0.0,0.0,0.0,0.0,0,45
2023-24,36,360,465,Harry Toffolo,DEF,Nott'm Forest,16,17,0,2024-05-04T14:00:00Z,7,1,0,0,0,0,0,2,0.0,0.8,0.0,0.1,0.0,0.0,0.0,0.11,0,44
2023-24,36,360,466,Hwang Ui-jo,FWD,Nott'm Forest,16,17,0,2024-05-04T14:00:00Z,0,0,0,0,0,0,0,0,0.0,0.0,0.0,0.0,0.0,0.0,0.0,0.0,0,44
2023-24,36,360,467,Neco Williams,DEF,Nott'm Forest,16,17,0,2024-05-04T14:00:00Z,0,0,0,0,0,0,0,0,0.0,0.0,0.0,0.0,0.0,0.0,0.0,0.0,0,43
2023-24,36,360,468,Chris Wood,FWD,Nott'm Forest,16,17,0,2024-05-04T14:00:00Z,89,2,0,0,0,1,0,-5,2.8,3.5,27.0,3.3,0.61,0.02,0.63,2.27,1,48
2023-24,36,360,469,Joe Worrall,DEF,Nott'm Forest,16,17,0,2024-05-04T14:00:00Z,0,0,0,0,0,0,0,0,0.0,0.0,0.0,0.0,0.0,0.0,0.0,0.0,0,43
2023-24,36,360,470,Ryan Yates,MID,Nott'm Forest,16,17,0,2024-05-04T14:00:00Z,90,7,1,0,0,1,0,30,43.8,2.1,24.0,7.0,0.19,0.01,0.2,2.27,1,48
2023-24,36,360,471,Anel Ahmedhodžić,DEF,Sheffield Utd,17,16,1,2024-05-04T14:00:00Z,90,-2,0,0,0,3,0,-1,4.8,1.3,2.0,0.8,0.0,0.01,0.01,1.49,1,43
2023-24,36,360,472,Jordan Amissah,GK,Sheffield Utd,17,16,1,2024-05-04T14:00:00Z,0,0,0,0,0,0,0,0,0.0,0.0,0.0,0.0,0.0,0.0,0.0,0.0,0,39
2023-24,36,360,473,George Baldock,DEF,Sheffield Utd,17,16,1,2024-05-04T14:00:00Z,0,0,0,0,0,0,0,0,0.0,0.0,0.0,0.0,0.0,0.0,0.0,0.0,0,38
2023-24,36,360,474,Chris Basham,DEF,Sheffield Utd,17,16,1,2024-05-04T14:00:00Z,0,0,0,0,0,0,0,0,0.0,0.0,0.0,0.0,0.0,0.0,0.0,0.0,0,39
2023-24,36,354,475,Sander Berge,MID,Burnley,6,15,1,2024-05-04T14:00:00Z,90,2,0,0,0,4,0,11,7.4,21.5,2.0,3.1,0.11,0.04,0.15,3.58,1,46
2023-24,36,360,476,Jayden Bogle,DEF,Sheffield Utd,17,16,1,2024-05-04T14:00:00Z,90,1,0,0,0,3,0,11,10.8,11.9,15.0,3.8,0.16,0.17,0.33,1.49,1,45
2023-24,36,360,477,Rhian Brewster,FWD,Sheffield Utd,17,16,1,2024-05-04T14:00:00Z,0,0,0,0,0,0,0,0,0.0,0.0,0.0,0.0,0.0,0.0,0.0,0.0,0,49
2023-24,36,360,478,Ismaila Coulibaly,MID,Sheffield Utd,17,16,1,2024-05-04T14:00:00Z,0,0,0,0,0,0,0,0,0.0,0.0,0.0,0.0,0.0,0.0,0.0,0.0,0,44
2023-24,36,360,479,Adam Davies,GK,Sheffield Utd,17,16,1,2024-05-04T14:00:00Z,0,0,0,0,0,0,0,0,0.0,0.0,0.0,0.0,0.0,0.0,0.0,0.0,0,40
2023-24,36,360,480,John Egan,DEF,Sheffield Utd,17,16,1,2024-05-04T14:00:00Z,0,0,0,0,0,0,0,0,0.0,0.0,0.0,0.0,0.0,0.0,0.0,0.0,0,42
2023-24,36,360,481,John Fleck,MID,Sheffield Utd,17,16,1,2024-05-04T14:00:00Z,0,0,0,0,0,0,0,0,0.0,0.0,0.0,0.0,0.0,0.0,0.0,0.0,0,49
2023-24,36,360,482,Wes Foderingham,GK,Sheffield Utd,17,16,1,2024-05-04T14:00:00Z,90,1,0,0,0,3,0,9,12.8,0.0,0.0,1.3,0.0,0.0,0.0,1.49,1,44
2023-24,36,360,483,Daniel Jebbison,FWD,Sheffield Utd,17,16,1,2024-05-04T14:00:00Z,0,0,0,0,0,0,0,0,0.0,0.0,0.0,0.0,0.0,0.0,0.0,0.0,0,48
2023-24,36,360,484,Max Lowe,DEF,Sheffield Utd,17,16,1,2024-05-04T14:00:00Z,0,0,0,0,0,0,0,0,0.0,0.0,0.0,0.0,0.0,0.0,0.0,0.0,0,43
2023-24,36,360,485,Oliver McBurnie,FWD,Sheffield Utd,17,16,1,2024-05-04T14:00:00Z,0,0,0,0,0,0,0,0,0.0,0.0,0.0,0.0,0.0,0.0,0.0,0.0,0,54
2023-24,36,360,486,Iliman Ndiaye,FWD,Sheffield Utd,17,16,1,2024-05-04T14:00:00Z,0,0,0,0,0,0,0,0,0.0,0.0,0.0,0.0,0.0,0.0,0.0,0.0,0,55
2023-24,36,360,487,Rhys Norrington-Davies,DEF,Sheffield Utd,17,16,1,2024-05-04T14:00:00Z,0,0,0,0,0,0,0,0,0.0,0.0,0.0,0.0,0.0,0.0,0.0,0.0,0,39
2023-24,36,360,488,Oliver Norwood,MID,Sheffield Utd,17,16,1,2024-05-04T14:00:00Z,0,0,0,0,0,0,0,0,0.0,0.0,0.0,0.0,0.0,0.0,0.0,0.0,0,48
2023-24,36,360,489,Ben Osborn,MID,Sheffield Utd,17,16,1,2024-05-04T14:00:00Z,90,2,0,0,0,3,0,12,9.8,14.9,0.0,2.5,0.0,0.02,0.02,1.49,1,48
2023-24,36,360,490,William Osula,FWD,Sheffield Utd,17,16,1,2024-05-04T14:00:00Z,0,0,0,0,0,0,0,0,0.0,0.0,0.0,0.0,0.0,0.0,0.0,0.0,0,43
2023-24,36,357,491,Brandon Austin,GK,Spurs,18,11,0,2024-05-05T15:30:00Z,0,0,0,0,0,0,0,0,0.0,0.0,0.0,0.0,0.0,0.0,0.0,0.0,0,39
2023-24,36,357,492,Rodrigo Bentancur,MID,Spurs,18,11,0,2024-05-05T15:30:00Z,60,2,0,0,0,4,0,13,5.0,8.0,0.0,1.3,0.0,0.01,0.01,2.55,1,54
2023-24,36,357,493,Yves Bissouma,MID,Spurs,18,11,0,2024-05-05T15:30:00Z,90,1,0,0,0,4,0,4,11.2,15.5,1.0,2.8,0.04,0.04,0.08,3.22,1,50
2023-24,36,357,494,Bryan Gil Salvatierra,MID,Spurs,18,11,0,2024-05-05T15:30:00Z,0,0,0,0,0,0,0,0,0.0,0.0,0.0,0.0,0.0,0.0,0.0,0.0,0,49
2023-24,36,357,495,Ben Davies,DEF,Spurs,18,11,0,2024-05-05T15:30:00Z,0,0,0,0,0,0,0,0,0.0,0.0,0.0,0.0,0.0,0.0,0.0,0.0,0,43
2023-24,36,357,496,Eric Dier,DEF,Spurs,18,11,0,2024-05-05T15:30:00Z,0,0,0,0,0,0,0,0,0.0,0.0,0.0,0.0,0.0,0.0,0.0,0.0,0,42
2023-24,36,357,497,Emerson Leite de Souza Junior,DEF,Spurs,18,11,0,2024-05-05T15:30:00Z,60,-1,0,0,0,4,0,4,20.8,3.1,0.0,2.4,0.0,0.01,0.01,2.55,1,43
2023-24,36,357,498,Fraser Forster,GK,Spurs,18,11,0,2024-05-05T15:30:00Z,0,0,0,0,0,0,0,0,0.0,0.0,0.0,0.0,0.0,0.0,0.0,0.0,0,38
2023-24,36,357,499,Pierre-Emile Højbjerg,MID,Spurs,18,11,0,2024-05-05T15:30:00Z,0,0,0,0,0,0,0,0,0.0,0.0,0.0,0.0,0.0,0.0,0.0,0.0,0,51
2023-24,36,357,500,Harry Kane,FWD,Spurs,18,11,0,2024-05-05T15:30:00Z,0,0,0,0,0,0,0,0,0.0,0.0,0.0,0.0,0.0,0.0,0.0,0.0,0,125
2023-24,36,357,501,Dejan Kulusevski,MID,Spurs,18,11,0,2024-05-05T15:30:00Z,60,2,0,0,0,4,0,3,3.0,2.4,2.0,0.7,0.0,0.01,0.01,2.55,1,67
2023-24,36,357,502,Hugo Lloris,GK,Spurs,18,11,0,2024-05-05T15:30:00Z,0,0,0,0,0,0,0,0,0.0,0.0,0.0,0.0,0.0,0.0,0.0,0.0,0,47
2023-24,36,357,503,Giovani Lo Celso,MID,Spurs,18,11,0,2024-05-05T15:30:00Z,15,1,0,0,0,0,0,4,8.6,11.2,7.0,2.7,0.03,0.02,0.05,0.61,0,48
2023-24,36,357,504,James Maddison,MID,Spurs,18,11,0,2024-05-05T15:30:00Z,29,1,0,0,0,0,0,2,4.0,0.9,14.0,1.9,0.18,0.02,0.2,0.67,0,78
2023-24,36,357,505,Tanguy Ndombélé Alvaro,MID,Spurs,18,11,0,2024-05-05T15:30:00Z,0,0,0,0,0,0,0,0,0.0,0.0,0.0,0.0,0.0,0.0,0.0,0.0,0,44
2023-24,36,357,506,Pedro Porro,DEF,Spurs,18,11,0,2024-05-05T15:30:00Z,90,0,0,0,0,4,0,15,12.2,17.1,6.0,3.5,0.0,0.13,0.13,3.22,1,58
2023-24,36,357,507,Ivan Perišić,DEF,Spurs,18,11,0,2024-05-05T15:30:00Z,0,0,0,0,0,0,0,0,0.0,0.0,0.0,0.0,0.0,0.0,0.0,0.0,0,47
2023-24,36,352,508,Sergio Reguilón,DEF,Brentford,4,10,1,2024-05-04T14:00:00Z,90,8,0,0,1,0,3,31,21.8,21.6,4.0,4.7,0.0,0.04,0.04,1.19,1,45
2023-24,36,357,509,Richarlison de Andrade,MID,Spurs,18,11,0,2024-05-05T15:30:00Z,29,9,1,1,0,0,0,32,54.0,11.4,42.0,10.7,0.45,0.2,0.65,0.67,0,68
2023-24,36,357,510,Joe Rodon,DEF,Spurs,18,11,0,2024-05-05T15:30:00Z,0,0,0,0,0,0,0,0,0.0,0.0,0.0,0.0,0.0,0.0,0.0,0.0,0,40
2023-24,36,357,511,Cristian Romero,DEF,Spurs,18,11,0,2024-05-05T15:30:00Z,90,0,0,0,0,4,0,17,29.8,1.1,0.0,3.1,0.0,0.02,0.02,3.22,1,51
2023-24,36,357,512,Davinson Sánchez,DEF,Spurs,18,11,0,2024-05-05T15:30:00Z,0,0,0,0,0,0,0,0,0.0,0.0,0.0,0.0,0.0,0.0,0.0,0.0,0,44
2023-24,36,357,513,Pape Matar Sarr,MID,Spurs,18,11,0,2024-05-05T15:30:00Z,74,1,0,0,0,4,0,6,0.6,6.4,2.0,0.9,0.0,0.02,0.02,2.61,1,44
2023-24,36,357,514,Ryan Sessegnon,DEF,Spurs,18,11,0,2024-05-05T15:30:00Z,0,0,0,0,0,0,0,0,0.0,0.0,0.0,0.0,0.0,0.0,0.0,0.0,0,44
2023-24,36,357,515,Oliver Skipp,MID,Spurs,18,11,0,2024-05-05T15:30:00Z,29,1,0,0,0,0,0,4,3.4,1.4,2.0,0.7,0.0,0.17,0.17,0.67,0,45
2023-24,36,357,516,Son Heung-min,MID,Spurs,18,11,0,2024-05-05T15:30:00Z,90,7,1,0,0,4,0,28,46.0,28.6,42.0,11.7,0.34,0.06,0.4,3.22,1,99
2023-24,36,357,517,Djed Spence,DEF,Spurs,18,11,0,2024-05-05T15:30:00Z,0,0,0,0,0,0,0,0,0.0,0.0,0.0,0.0,0.0,0.0,0.0,0.0,0,40
2023-24,36,357,518,Japhet Tanganga,DEF,Spurs,18,11,0,2024-05-05T15:30:00Z,0,0,0,0,0,0,0,0,0.0,0.0,0.0,0.0,0.0,0.0,0.0,0.0,0,40
2023-24,36,357,519,Destiny Udogie,DEF,Spurs,18,11,0,2024-05-05T15:30:00Z,0,0,0,0,0,0,0,0,0.0,0.0,0.0,0.0,0.0,0.0,0.0,0.0,0,50
2023-24,36,357,520,Guglielmo Vicario,GK,Spurs,18,11,0,2024-05-05T15:30:00Z,90,2,0,0,0,4,0,28,56.4,0.0,0.0,5.6,0.0,0.0,0.0,3.22,1,53
2023-24,36,357,521,Alfie Whiteman,GK,Spurs,18,11,0,2024-05-05T15:30:00Z,0,0,0,0,0,0,0,0,0.0,0.0,0.0,0.0,0.0,0.0,0.0,0.0,0,39
2023-24,36,355,522,Nayef Aguerd,DEF,West Ham,19,7,0,2024-05-05T13:00:00Z,0,0,0,0,0,0,0,0,0.0,0.0,0.0,0.0,0.0,0.0,0.0,0.0,0,44
2023-24,36,355,523,Michail Antonio,FWD,West Ham,19,7,0,2024-05-05T13:00:00Z,69,2,0,0,0,4,0,7,5.0,0.0,7.0,1.2,0.03,0.0,0.03,3.15,1,57
2023-24,36,355,524,Alphonse Areola,GK,West Ham,19,7,0,2024-05-05T13:00:00Z,90,3,0,0,0,5,0,26,66.6,0.0,0.0,6.7,0.0,0.0,0.0,4.13,1,42
2023-24,36,355,525,Saïd Benrahma,MID,West Ham,19,7,0,2024-05-05T13:00:00Z,0,0,0,0,0,0,0,0,0.0,0.0,0.0,0.0,0.0,0.0,0.0,0.0,0,56
2023-24,36,355,526,Jarrod Bowen,MID,West Ham,19,7,0,2024-05-05T13:00:00Z,90,2,0,0,0,5,0,0,0.0,2.6,20.0,1.9,0.43,0.01,0.44,4.13,1,76
2023-24,36,355,527,Maxwel Cornet,MID,West Ham,19,7,0,2024-05-05T13:00:00Z,0,0,0,0,0,0,0,0,0.0,0.0,0.0,0.0,0.0,0.0,0.0,0.0,0,52
2023-24,36,355,528,Vladimír Coufal,DEF,West Ham,19,7,0,2024-05-05T13:00:00Z,90,0,0,0,0,5,0,12,9.4,16.2,0.0,2.6,0.0,0.04,0.04,4.13,1,46
2023-24,36,355,529,Conor Coventry,MID,West Ham,19,7,0,2024-05-05T13:00:00Z,0,0,0,0,0,0,0,0,0.0,0.0,0.0,0.0,0.0,0.0,0.0,0.0,0,43
2023-24,36,355,530,Aaron Cresswell,DEF,West Ham,19,7,0,2024-05-05T13:00:00Z,14,1,0,0,0,1,0,4,2.4,0.5,0.0,0.3,0.0,0.0,0.0,0.68,0,42
2023-24,36,355,531,Flynn Downes,MID,West Ham,19,7,0,2024-05-05T13:00:00Z,0,0,0,0,0,0,0,0,0.0,0.0,0.0,0.0,0.0,0.0,0.0,0.0,0,50
2023-24,36,355,532,Emerson Palmieri dos Santos,DEF,West Ham,19,7,0,2024-05-05T13:00:00Z,90,-1,0,0,0,5,0,-1,14.2,16.2,8.0,3.8,0.34,0.07,0.41,4.13,1,44
2023-24,36,355,533,Lukasz Fabianski,GK,West Ham,19,7,0,2024-05-05T13:00:00Z,0,0,0,0,0,0,0,0,0.0,0.0,0.0,0.0,0.0,0.0,0.0,0.0,0,42
2023-24,36,355,534,Pablo Fornals Malla,MID,West Ham,19,7,0,2024-05-05T13:00:00Z,0,0,0,0,0,0,0,0,0.0,0.0,0.0,0.0,0.0,0.0,0.0,0.0,0,46
2023-24,36,355,535,Danny Ings,FWD,West Ham,19,7,0,2024-05-05T13:00:00Z,20,1,0,0,0,1,0,0,0.6,0.5,0.0,0.1,0.0,0.01,0.01,0.98,0,55
2023-24,36,355,536,Ben Johnson,DEF,West Ham,19,7,0,2024-05-05T13:00:00Z,0,0,0,0,0,0,0,0,0.0,0.0,0.0,0.0,0.0,0.0,0.0,0.0,0,44
2023-24,36,355,537,Thilo Kehrer,DEF,West Ham,19,7,0,2024-05-05T13:00:00Z,0,0,0,0,0,0,0,0,0.0,0.0,0.0,0.0,0.0,0.0,0.0,0.0,0,42
2023-24,36,355,538,Divin Mubama,FWD,West Ham,19,7,0,2024-05-05T13:00:00Z,0,0,0,0,0,0,0,0,0.0,0.0,0.0,0.0,0.0,0.0,0.0,0.0,0,41
2023-24,36,355,539,Lucas Tolentino Coelho de Lima,MID,West Ham,19,7,0,2024-05-05T13:00:00Z,75,1,0,0,0,4,0,9,8.2,40.5,11.0,6.0,0.06,0.14,0.2,3.46,1,60
2023-24,36,351,540,Declan Rice,MID,Arsenal,1,3,1,2024-05-04T11:30:00Z,90,14,1,1,1,0,3,38,61.4,39.3,34.0,13.5,0.34,0.21,0.55,0.37,1,55
2023-24,36,355,541,Gianluca Scamacca,FWD,West Ham,19,7,0,2024-05-05T13:00:00Z,0,0,0,0,0,0,0,0,0.0,0.0,0.0,0.0,0.0,0.0,0.0,0.0,0,60
2023-24,36,355,542,Tomáš Souček,MID,West Ham,19,7,0,2024-05-05T13:00:00Z,90,2,0,0,0,5,0,9,21.0,11.1,2.0,3.4,0.05,0.0,0.05,4.13,1,49
2023-24,36,355,543,Nikola Vlašić,MID,West Ham,19,7,0,2024-05-05T13:00:00Z,0,0,0,0,0,0,0,0,0.0,0.0,0.0,0.0,0.0,0.0,0.0,0.0,0,45
2023-24,36,355,544,Kurt Zouma,DEF,West Ham,19,7,0,2024-05-05T13:00:00Z,90,0,0,0,0,5,0,9,26.8,0.4,0.0,2.7,0.0,0.0,0.0,4.13,1,45
2023-24,36,359,545,Rayan Aït-Nouri,DEF,Wolves,20,13,0,2024-05-04T16:30:00Z,90,0,0,0,0,5,0,6,2.6,1.8,0.0,0.4,0.0,0.0,0.0,3.57,1,48
2023-24,36,359,546,Daniel Bentley,GK,Wolves,20,13,0,2024-05-04T16:30:00Z,0,0,0,0,0,0,0,0,0.0,0.0,0.0,0.0,0.0,0.0,0.0,0.0,0,39
2023-24,36,359,547,Bendegúz Bolla,DEF,Wolves,20,13,0,2024-05-04T16:30:00Z,0,0,0,0,0,0,0,0,0.0,0.0,0.0,0.0,0.0,0.0,0.0,0.0,0,40
2023-24,36,359,548,Hugo Bueno López,DEF,Wolves,20,13,0,2024-05-04T16:30:00Z,70,0,0,0,0,4,0,9,6.4,11.7,4.0,2.2,0.0,0.25,0.25,2.67,1,44
2023-24,36,359,549,Francisco Jorge Tomás Oliveira,MID,Wolves,20,13,0,2024-05-04T16:30:00Z,0,0,0,0,0,0,0,0,0.0,0.0,0.0,0.0,0.0,0.0,0.0,0.0,0,45
2023-24,36,359,550,Luke Cundle,MID,Wolves,20,13,0,2024-05-04T16:30:00Z,0,0,0,0,0,0,0,0,0.0,0.0,0.0,0.0,0.0,0.0,0.0,0.0,0,45
2023-24,36,359,551,Craig Dawson,DEF,Wolves,20,13,0,2024-05-04T16:30:00Z,0,0,0,0,0,0,0,0,0.0,0.0,0.0,0.0,0.0,0.0,0.0,0.0,0,45
2023-24,36,359,552,Fábio Silva,FWD,Wolves,20,13,0,2024-05-04T16:30:00Z,0,0,0,0,0,0,0,0,0.0,0.0,0.0,0.0,0.0,0.0,0.0,0.0,0,52
2023-24,36,358,553,Ryan Giles,DEF,Luton,12,9,1,2024-05-03T19:00:00Z,0,0,0,0,0,0,0,0,0.0,0.0,0.0,0.0,0.0,0.0,0.0,0.0,0,42
2023-24,36,359,554,Gonçalo Manuel Ganchinho Guedes,MID,Wolves,20,13,0,2024-05-04T16:30:00Z,0,0,0,0,0,0,0,0,0.0,0.0,0.0,0.0,0.0,0.0,0.0,0.0,0,54
2023-24,36,359,555,Joe Hodge,MID,Wolves,20,13,0,2024-05-04T16:30:00Z,0,0,0,0,0,0,0,0,0.0,0.0,0.0,0.0,0.0,0.0,0.0,0.0,0,44
2023-24,36,359,556,Ki-Jana Hoever,DEF,Wolves,20,13,0,2024-05-04T16:30:00Z,0,0,0,0,0,0,0,0,0.0,0.0,0.0,0.0,0.0,0.0,0.0,0.0,0,40
2023-24,36,359,557,Hwang Hee-chan,MID,Wolves,20,13,0,2024-05-04T16:30:00Z,86,7,1,0,0,5,0,21,33.2,5.1,19.0,5.7,0.15,0.01,0.16,3.29,1,54
2023-24,36,352,558,Raúl Jiménez,FWD,Fulham,10,4,0,2024-05-04T14:00:00Z,26,1,0,0,0,0,0,-3,1.2,1.6,6.0,0.9,0.42,0.0,0.42,0.02,0,50
2023-24,36,359,559,João Victor Gomes da Silva,MID,Wolves,20,13,0,2024-05-04T16:30:00Z,90,1,0,0,0,5,0,9,10.0,2.2,0.0,1.2,0.0,0.01,0.01,3.57,1,49
2023-24,36,359,560,Jonathan Castro Otto,DEF,Wolves,20,13,0,2024-05-04T16:30:00Z,0,0,0,0,0,0,0,0,0.0,0.0,0.0,0.0,0.0,0.0,0.0,0.0,0,43
2023-24,36,359,561,Bruno Cavaco Jordão,MID,Wolves,20,13,0,2024-05-04T16:30:00Z,0,0,0,0,0,0,0,0,0.0,0.0,0.0,0.0,0.0,0.0,0.0,0.0,0,43
2023-24,36,359,562,Sasa Kalajdzic,FWD,Wolves,20,13,0,2024-05-04T16:30:00Z,0,0,0,0,0,0,0,0,0.0,0.0,0.0,0.0,0.0,0.0,0.0,0.0,0,49
2023-24,36,359,563,Max Kilman,DEF,Wolves,20,13,0,2024-05-04T16:30:00Z,90,0,0,0,0,5,0,16,19.6,0.5,0.0,2.0,0.0,0.0,0.0,3.57,1,46
2023-24,36,359,564,Tom King,GK,Wolves,20,13,0,2024-05-04T16:30:00Z,0,0,0,0,0,0,0,0,0.0,0.0,0.0,0.0,0.0,0.0,0.0,0.0,0,39
2023-24,36,359,565,Mario Lemina,MID,Wolves,20,13,0,2024-05-04T16:30:00Z,45,0,0,0,0,3,0,4,1.6,0.9,0.0,0.3,0.0,0.0,0.0,2.12,1,49
2023-24,36,359,566,Matheus Luiz Nunes,MID,Man City,13,20,1,2024-05-04T16:30:00Z,11,1,0,0,0,0,0,3,0.4,1.3,2.0,0.4,0.0,0.03,0.03,0.0,0,47
2023-24,36,359,567,Pedro Lomba Neto,MID,Wolves,20,13,0,2024-05-04T16:30:00Z,0,0,0,0,0,0,0,0,0.0,0.0,0.0,0.0,0.0,0.0,0.0,0.0,0,55
2023-24,36,359,568,Daniel Castelo Podence,MID,Wolves,20,13,0,2024-05-04T16:30:00Z,0,0,0,0,0,0,0,0,0.0,0.0,0.0,0.0,0.0,0.0,0.0,0.0,0,53
2023-24,36,359,569,José Malheiro de Sá,GK,Wolves,20,13,0,2024-05-04T16:30:00Z,90,2,0,0,0,5,0,23,54.2,0.0,0.0,5.4,0.0,0.0,0.0,3.57,1,50
2023-24,36,359,570,Pablo Sarabia,MID,Wolves,20,13,0,2024-05-04T16:30:00Z,14,1,0,0,0,1,0,5,2.6,0.6,0.0,0.3,0.0,0.0,0.0,0.69,0,47
2023-24,36,359,571,Matija Šarkić,GK,Wolves,20,13,0,2024-05-04T16:30:00Z,0,0,0,0,0,0,0,0,0.0,0.0,0.0,0.0,0.0,0.0,0.0,0.0,0,40
2023-24,36,359,572,Nélson Cabral Semedo,DEF,Wolves,20,13,0,2024-05-04T16:30:00Z,90,-1,0,0,0,5,0,9,8.4,1.7,0.0,1.0,0.0,0.0,0.0,3.57,1,45
2023-24,36,359,573,Toti António Gomes,DEF,Wolves,20,13,0,2024-05-04T16:30:00Z,90,0,0,0,0,5,0,13,17.6,0.7,0.0,1.8,0.0,0.0,0.0,3.57,1,44
2023-24,36,359,574,Boubacar Traoré,MID,Wolves,20,13,0,2024-05-04T16:30:00Z,90,1,0,0,0,5,0,9,8.2,2.3,0.0,1.1,0.0,0.01,0.01,3.57,1,43
2023-24,36,358,575,Tom Lockyer,DEF,Luton,12,9,1,2024-05-03T19:00:00Z,0,0,0,0,0,0,0,0,0.0,0.0,0.0,0.0,0.0,0.0,0.0,0.0,0,42
2023-24,36,360,576,Jack Robinson,DEF,Sheffield Utd,17,16,1,2024-05-04T14:00:00Z,90,1,0,0,0,3,0,10,9.6,12.8,9.0,3.1,0.07,0.04,0.11,1.49,1,43
2023-24,36,355,577,Angelo Ogbonna,DEF,West Ham,19,7,0,2024-05-05T13:00:00Z,90,-1,0,0,0,5,0,2,7.6,0.2,2.0,1.0,0.0,0.0,0.0,4.13,1,42
2023-24,36,351,578,Reiss Nelson,MID,Arsenal,1,3,1,2024-05-04T11:30:00Z,0,0,0,0,0,0,0,0,0.0,0.0,0.0,0.0,0.0,0.0,0.0,0.0,0,48
2023-24,36,358,579,Andy Lonergan,GK,Everton,9,12,0,2024-05-03T19:00:00Z,0,0,0,0,0,0,0,0,0.0,0.0,0.0,0.0,0.0,0.0,0.0,0.0,0,39
2023-24,36,354,580,Loris Karius,GK,Newcastle,15,6,0,2024-05-04T14:00:00Z,0,0,0,0,0,0,0,0,0.0,0.0,0.0,0.0,0.0,0.0,0.0,0.0,0,39
2023-24,36,354,581,Paul Dummett,DEF,Newcastle,15,6,0,2024-05-04T14:00:00Z,0,0,0,0,0,0,0,0,0.0,0.0,0.0,0.0,0.0,0.0,0.0,0.0,0,39
2023-24,36,358,582,Pelly Ruddock Mpanzu,MID,Luton,12,9,1,2024-05-03T19:00:00Z,0,0,0,0,0,0,0,0,0.0,0.0,0.0,0.0,0.0,0.0,0.0,0.0,0,46
2023-24,36,357,583,Manor Solomon,MID,Spurs,18,11,0,2024-05-05T15:30:00Z,0,0,0,0,0,0,0,0,0.0,0.0,0.0,0.0,0.0,0.0,0.0,0.0,0,51
2023-24,36,353,584,Pau Torres,DEF,Aston Villa,2,5,0,2024-05-05T13:00:00Z,90,2,0,0,0,1,0,15,13.4,0.8,0.0,1.4,0.0,0.0,0.0,2.69,1,46
2023-24,36,351,585,Jurriën Timber,DEF,Arsenal,1,3,1,2024-05-04T11:30:00Z,0,0,0,0,0,0,0,0,0.0,0.0,0.0,0.0,0.0,0.0,0.0,0.0,0,46
2023-24,36,358,586,Tahith Chong,MID,Luton,12,9,1,2024-05-03T19:00:00Z,86,1,0,0,0,1,0,2,8.2,16.4,4.0,2.9,0.04,0.02,0.06,1.43,1,44
2023-24,36,360,587,Anis Slimane,MID,Sheffield Utd,17,16,1,2024-05-04T14:00:00Z,0,0,0,0,0,0,0,0,0.0,0.0,0.0,0.0,0.0,0.0,0.0,0.0,0,47
2023-24,36,358,588,Ashley Young,DEF,Everton,9,12,0,2024-05-03T19:00:00Z,66,2,0,0,0,1,0,19,14.4,0.7,0.0,1.5,0.0,0.01,0.01,0.58,1,44
2023-24,36,355,589,Ângelo Gabriel Borges Damaceno,MID,Chelsea,7,19,1,2024-05-05T13:00:00Z,0,0,0,0,0,0,0,0,0.0,0.0,0.0,0.0,0.0,0.0,0.0,0.0,0,50
2023-24,36,359,590,Matheus Santos Carneiro Da Cunha,FWD,Wolves,20,13,0,2024-05-04T16:30:00Z,75,2,0,0,0,4,0,0,5.4,8.8,0.0,1.4,0.0,0.02,0.02,2.88,1,56
2023-24,36,352,591,Willian Borges da Silva,MID,Fulham,10,4,0,2024-05-04T14:00:00Z,63,3,0,0,1,0,0,7,4.0,2.8,2.0,0.9,0.0,0.01,0.01,0.62,1,53
2023-24,36,360,592,Yasser Larouci,DEF,Sheffield Utd,17,16,1,2024-05-04T14:00:00Z,0,0,0,0,0,0,0,0,0.0,0.0,0.0,0.0,0.0,0.0,0.0,0.0,0,43
2023-24,36,360,593,Bénie Traoré,FWD,Sheffield Utd,17,16,1,2024-05-04T14:00:00Z,0,0,0,0,0,0,0,0,0.0,0.0,0.0,0.0,0.0,0.0,0.0,0.0,0,51
2023-24,36,354,594,Zeki Amdouni,FWD,Burnley,6,15,1,2024-05-04T14:00:00Z,5,1,0,0,0,0,0,2,0.0,1.3,2.0,0.3,0.02,0.0,0.02,0.35,0,51
2023-24,36,351,595,Milos Kerkez,DEF,Bournemouth,3,1,0,2024-05-04T11:30:00Z,0,0,0,0,0,0,0,0,0.0,0.0,0.0,0.0,0.0,0.0,0.0,0.0,0,44
2023-24,36,354,596,James Trafford,GK,Burnley,6,15,1,2024-05-04T14:00:00Z,0,0,0,0,0,0,0,0,0.0,0.0,0.0,0.0,0.0,0.0,0.0,0.0,0,44
2023-24,36,356,597,André Onana,GK,Man Utd,14,8,0,2024-05-06T19:00:00Z,90,2,0,0,0,4,0,23,46.6,0.0,0.0,4.7,0.0,0.0,0.0,1.47,1,50
2023-24,36,359,598,Matt Doherty,DEF,Wolves,20,13,0,2024-05-04T16:30:00Z,0,0,0,0,0,0,0,0,0.0,0.0,0.0,0.0,0.0,0.0,0.0,0.0,0,43
2023-24,36,353,599,Moussa Diaby,MID,Aston Villa,2,5,0,2024-05-05T13:00:00Z,72,3,0,0,1,0,0,6,4.4,5.3,19.0,2.9,0.04,0.0,0.04,1.25,1,63
2023-24,36,354,600,Nathan Redmond,MID,Burnley,6,15,1,2024-05-04T14:00:00Z,0,0,0,0,0,0,0,0,0.0,0.0,0.0,0.0,0.0,0.0,0.0,0.0,0,47
2023-24,36,358,601,Arnaut Danjuma Groeneveld,MID,Everton,9,12,0,2024-05-03T19:00:00Z,0,0,0,0,0,0,0,0,0.0,0.0,0.0,0.0,0.0,0.0,0.0,0.0,0,52
2023-24,36,358,602,Issa Kaboré,DEF,Luton,12,9,1,2024-05-03T19:00:00Z,0,0,0,0,0,0,0,0,0.0,0.0,0.0,0.0,0.0,0.0,0.0,0.0,0,40
2023-24,36,354,603,Harvey Barnes,MID,Newcastle,15,6,0,2024-05-04T14:00:00Z,21,1,0,0,0,1,0,6,5.4,11.9,24.0,4.1,0.2,0.07,0.27,0.48,0,62
2023-24,36,360,604,Olu Aina,DEF,Nott'm Forest,16,17,0,2024-05-04T14:00:00Z,90,2,0,0,0,1,0,18,13.0,4.2,2.0,1.9,0.04,0.02,0.06,2.27,1,45
2023-24,36,354,605,Luca Koleosho,MID,Burnley,6,15,1,2024-05-04T14:00:00Z,0,0,0,0,0,0,0,0,0.0,0.0,0.0,0.0,0.0,0.0,0.0,0.0,0,48
2023-24,36,353,606,Igor Julio dos Santos de Paulo,DEF,Brighton,5,2,1,2024-05-05T13:00:00Z,90,6,0,0,1,0,0,25,11.4,4.7,0.0,1.6,0.0,0.01,0.01,0.06,1,43
2023-24,36,351,607,Ionuț Radu,GK,Bournemouth,3,1,0,2024-05-04T11:30:00Z,0,0,0,0,0,0,0,0,0.0,0.0,0.0,0.0,0.0,0.0,0.0,0.0,0,43
2023-24,36,354,608,Jacob Bruun Larsen,MID,Burnley,6,15,1,2024-05-04T14:00:00Z,61,2,0,0,0,4,0,5,17.6,25.3,23.0,6.6,0.1,0.04,0.14,3.12,1,48
2023-24,36,355,609,Ian Maatsen,MID,Chelsea,7,19,1,2024-05-05T13:00:00Z,0,0,0,0,0,0,0,0,0.0,0.0,0.0,0.0,0.0,0.0,0.0,0.0,0,51
2023-24,36,352,610,Calvin Bassey,DEF,Fulham,10,4,0,2024-05-04T14:00:00Z,90,5,0,0,1,0,0,27,21.8,0.9,0.0,2.3,0.0,0.01,0.01,0.63,1,44
2023-24,36,355,611,Axel Disasi,DEF,Chelsea,7,19,1,2024-05-05T13:00:00Z,8,1,0,0,0,0,0,3,2.4,0.0,0.0,0.2,0.0,0.0,0.0,0.06,0,49
2023-24,36,355,613,Lesley Ugochukwu,MID,Chelsea,7,19,1,2024-05-05T13:00:00Z,0,0,0,0,0,0,0,0,0.0,0.0,0.0,0.0,0.0,0.0,0.0,0.0,0,44
2023-24,36,358,614,Thomas Kaminski,GK,Luton,12,9,1,2024-05-03T19:00:00Z,90,3,0,0,0,1,0,14,19.4,0.0,0.0,1.9,0.0,0.0,0.0,1.43,1,45
2023-24,36,356,615,Matheus França de Oliveira,MID,Crystal Palace,8,14,1,2024-05-06T19:00:00Z,0,0,0,0,0,0,0,0,0.0,0.0,0.0,0.0,0.0,0.0,0.0,0.0,0,48
2023-24,36,359,616,Joško Gvardiol,DEF,Man City,13,20,1,2024-05-04T16:30:00Z,90,6,0,1,0,1,1,29,18.6,25.2,44.0,8.8,0.4,0.11,0.51,0.35,1,50
2023-24,36,356,617,Rasmus Højlund,FWD,Man Utd,14,8,0,2024-05-06T19:00:00Z,79,2,0,0,0,4,0,2,0.0,0.8,8.0,0.6,0.06,0.01,0.07,1.15,1,71
2023-24,36,353,618,Omari Kellyman,MID,Aston Villa,2,5,0,2024-05-05T13:00:00Z,0,0,0,0,0,0,0,0,0.0,0.0,0.0,0.0,0.0,0.0,0.0,0.0,0,45
2023-24,36,351,619,Ben Greenwood,DEF,Bournemouth,3,1,0,2024-05-04T11:30:00Z,0,0,0,0,0,0,0,0,0.0,0.0,0.0,0.0,0.0,0.0,0.0,0.0,0,40
2023-24,36,352,620,Michael Olakigbe,MID,Brentford,4,10,1,2024-05-04T14:00:00Z,0,0,0,0,0,0,0,0,0.0,0.0,0.0,0.0,0.0,0.0,0.0,0.0,0,45
2023-24,36,353,621,Jack Hinshelwood,MID,Brighton,5,2,1,2024-05-05T13:00:00Z,0,0,0,0,0,0,0,0,0.0,0.0,0.0,0.0,0.0,0.0,0.0,0.0,0,45
2023-24,36,354,622,Owen Dodgson,DEF,Burnley,6,15,1,2024-05-04T14:00:00Z,0,0,0,0,0,0,0,0,0.0,0.0,0.0,0.0,0.0,0.0,0.0,0.0,0,40
2023-24,36,355,623,Mason Burstow,FWD,Chelsea,7,19,1,2024-05-05T13:00:00Z,0,0,0,0,0,0,0,0,0.0,0.0,0.0,0.0,0.0,0.0,0.0,0.0,0,45
2023-24,36,358,624,Lewis Dobbin,MID,Everton,9,12,0,2024-05-03T19:00:00Z,0,0,0,0,0,0,0,0,0.0,0.0,0.0,0.0,0.0,0.0,0.0,0.0,0,45
2023-24,36,352,625,Luc De Fougerolles,DEF,Fulham,10,4,0,2024-05-04T14:00:00Z,0,0,0,0,0,0,0,0,0.0,0.0,0.0,0.0,0.0,0.0,0.0,0.0,0,39
2023-24,36,357,626,Jarell Quansah,DEF,Liverpool,11,18,1,2024-05-05T15:30:00Z,90,1,0,0,0,2,0,19,16.4,0.8,2.0,1.9,0.0,0.01,0.01,1.16,1,40
2023-24,36,357,627,Bobby Clark,MID,Liverpool,11,18,1,2024-05-05T15:30:00Z,0,0,0,0,0,0,0,0,0.0,0.0,0.0,0.0,0.0,0.0,0.0,0.0,0,44
2023-24,36,357,628,Ben Doak,MID,Liverpool,11,18,1,2024-05-05T15:30:00Z,0,0,0,0,0,0,0,0,0.0,0.0,0.0,0.0,0.0,0.0,0.0,0.0,0,43
2023-24,36,357,629,James McConnell,MID,Liverpool,11,18,1,2024-05-05T15:30:00Z,0,0,0,0,0,0,0,0,0.0,0.0,0.0,0.0,0.0,0.0,0.0,0.0,0,44
2023-24,36,358,630,Ross Barkley,MID,Luton,12,9,1,2024-05-03T19:00:00Z,90,2,0,0,0,1,0,8,11.2,14.6,18.0,4.4,0.12,0.04,0.16,1.43,1,46
2023-24,36,358,631,Jacob Brown,FWD,Luton,12,9,1,2024-05-03T19:00:00Z,0,0,0,0,0,0,0,0,0.0,0.0,0.0,0.0,0.0,0.0,0.0,0.0,0,49
2023-24,36,356,632,Omari Forson,MID,Man Utd,14,8,0,2024-05-06T19:00:00Z,0,0,0,0,0,0,0,0,0.0,0.0,0.0,0.0,0.0,0.0,0.0,0.0,0,44
2023-24,36,354,633,Tino Livramento,DEF,Newcastle,15,6,0,2024-05-04T14:00:00Z,90,2,0,0,0,1,0,15,19.8,13.8,27.0,6.1,0.1,0.15,0.25,1.08,1,40
2023-24,36,354,634,Alex Murphy,DEF,Newcastle,15,6,0,2024-05-04T14:00:00Z,0,0,0,0,0,0,0,0,0.0,0.0,0.0,0.0,0.0,0.0,0.0,0.0,0,39
2023-24,36,354,635,Lewis Miley,MID,Newcastle,15,6,0,2024-05-04T14:00:00Z,0,0,0,0,0,0,0,0,0.0,0.0,0.0,0.0,0.0,0.0,0.0,0.0,0,45
2023-24,36,360,636,George Shelvey,GK,Nott'm Forest,16,17,0,2024-05-04T14:00:00Z,0,0,0,0,0,0,0,0,0.0,0.0,0.0,0.0,0.0,0.0,0.0,0.0,0,39
2023-24,36,360,637,Josh Powell,DEF,Nott'm Forest,16,17,0,2024-05-04T14:00:00Z,0,0,0,0,0,0,0,0,0.0,0.0,0.0,0.0,0.0,0.0,0.0,0.0,0,39
2023-24,36,360,638,Vini de Souza Costa,MID,Sheffield Utd,17,16,1,2024-05-04T14:00:00Z,16,1,0,0,0,0,0,2,0.0,0.3,1.0,0.0,0.02,0.0,0.02,0.25,0,50
2023-24,36,357,639,Micky van de Ven,DEF,Spurs,18,11,0,2024-05-05T15:30:00Z,90,-1,0,0,0,4,0,13,14.0,0.4,0.0,1.4,0.0,0.0,0.0,3.22,1,44
2023-24,36,357,640,Dane Scarlett,FWD,Spurs,18,11,0,2024-05-05T15:30:00Z,0,0,0,0,0,0,0,0,0.0,0.0,0.0,0.0,0.0,0.0,0.0,0.0,0,45
2023-24,36,357,641,Alejo Véliz,FWD,Spurs,18,11,0,2024-05-05T15:30:00Z,0,0,0,0,0,0,0,0,0.0,0.0,0.0,0.0,0.0,0.0,0.0,0.0,0,54
2023-24,36,355,642,Edson Álvarez Velázquez,MID,West Ham,19,7,0,2024-05-05T13:00:00Z,45,1,0,0,0,3,0,3,4.0,0.4,2.0,0.6,0.0,0.01,0.01,2.01,1,50
2023-24,36,351,643,Max Aarons,DEF,Bournemouth,3,1,0,2024-05-04T11:30:00Z,1,1,0,0,0,1,0,3,0.6,0.7,0.0,0.1,0.0,0.0,0.0,0.1,0,44
2023-24,36,351,644,Alex Scott,MID,Bournemouth,3,1,0,2024-05-04T11:30:00Z,70,1,0,0,0,2,0,8,10.0,12.8,7.0,3.0,0.06,0.04,0.1,3.43,1,49
2023-24,36,358,645,Youssef Ramalho Chermiti,FWD,Everton,9,12,0,2024-05-03T19:00:00Z,10,1,0,0,0,0,0,0,2.2,0.3,4.0,0.7,0.0,0.01,0.01,0.25,0,48
2023-24,36,351,646,Karl Hein,GK,Arsenal,1,3,1,2024-05-04T11:30:00Z,0,0,0,0,0,0,0,0,0.0,0.0,0.0,0.0,0.0,0.0,0.0,0.0,0,40
2023-24,36,355,647,Joseph Anang,GK,West Ham,19,7,0,2024-05-05T13:00:00Z,0,0,0,0,0,0,0,0,0.0,0.0,0.0,0.0,0.0,0.0,0.0,0.0,0,40
2023-24,36,358,648,Aidan Francis-Clarke,DEF,Luton,12,9,1,2024-05-03T19:00:00Z,0,0,0,0,0,0,0,0,0.0,0.0,0.0,0.0,0.0,0.0,0.0,0.0,0,40
2023-24,36,358,649,Thomas Cannon,FWD,Everton,9,12,0,2024-05-03T19:00:00Z,0,0,0,0,0,0,0,0,0.0,0.0,0.0,0.0,0.0,0.0,0.0,0.0,0,45
2023-24,36,358,650,Tyler Onyango,MID,Everton,9,12,0,2024-05-03T19:00:00Z,0,0,0,0,0,0,0,0,0.0,0.0,0.0,0.0,0.0,0.0,0.0,0.0,0,44
2023-24,36,352,651,Jay Stansfield,FWD,Fulham,10,4,0,2024-05-04T14:00:00Z,0,0,0,0,0,0,0,0,0.0,0.0,0.0,0.0,0.0,0.0,0.0,0.0,0,45
2023-24,36,352,652,Matthew Dibley-Dias,MID,Fulham,10,4,0,2024-05-04T14:00:00Z,0,0,0,0,0,0,0,0,0.0,0.0,0.0,0.0,0.0,0.0,0.0,0.0,0,45
2023-24,36,360,653,Femi Seriki,DEF,Sheffield Utd,17,16,1,2024-05-04T14:00:00Z,0,0,0,0,0,0,0,0,0.0,0.0,0.0,0.0,0.0,0.0,0.0,0.0,0,39
2023-24,36,360,654,Louie Marsh,FWD,Sheffield Utd,17,16,1,2024-05-04T14:00:00Z,0,0,0,0,0,0,0,0,0.0,0.0,0.0,0.0,0.0,0.0,0.0,0.0,0,45
2023-24,36,360,655,Andre Brooks,MID,Sheffield Utd,17,16,1,2024-05-04T14:00:00Z,65,2,0,0,0,3,0,14,4.8,14.3,4.0,2.3,0.04,0.01,0.05,1.1,1,44
2023-24,36,360,656,Antwoine Hackford,FWD,Sheffield Utd,17,16,1,2024-05-04T14:00:00Z,0,0,0,0,0,0,0,0,0.0,0.0,0.0,0.0,0.0,0.0,0.0,0.0,0,44
2023-24,36,356,657,Jesurun Rak-Sakyi,MID,Crystal Palace,8,14,1,2024-05-06T19:00:00Z,0,0,0,0,0,0,0,0,0.0,0.0,0.0,0.0,0.0,0.0,0.0,0.0,0,45
2023-24,36,356,658,John-Kymani Gordon,FWD,Crystal Palace,8,14,1,2024-05-06T19:00:00Z,0,0,0,0,0,0,0,0,0.0,0.0,0.0,0.0,0.0,0.0,0.0,0.0,0,45
2023-24,36,355,659,Lucas Bergström,GK,Chelsea,7,19,1,2024-05-05T13:00:00Z,0,0,0,0,0,0,0,0,0.0,0.0,0.0,0.0,0.0,0.0,0.0,0.0,0,39
2023-24,36,354,660,Wilson Odobert,MID,Burnley,6,15,1,2024-05-04T14:00:00Z,90,2,0,0,0,4,0,2,6.0,4.3,8.0,1.8,0.03,0.02,0.05,3.58,1,50
2023-24,36,358,661,Jack Harrison,MID,Everton,9,12,0,2024-05-03T19:00:00Z,90,2,0,0,0,1,0,16,25.6,30.4,14.0,7.0,0.06,0.43,0.49,0.96,1,55
2023-24,36,352,662,Adama Traoré,MID,Fulham,10,4,0,2024-05-04T14:00:00Z,26,1,0,0,0,0,0,3,3.2,1.3,23.0,2.8,0.05,0.01,0.06,0.02,0,49
2023-24,36,360,663,Gustavo Hamer,MID,Sheffield Utd,17,16,1,2024-05-04T14:00:00Z,90,2,0,0,0,3,0,15,30.0,60.3,14.0,10.4,0.14,0.16,0.3,1.49,1,49
2023-24,36,355,664,James Ward-Prowse,MID,West Ham,19,7,0,2024-05-05T13:00:00Z,45,1,0,0,0,2,0,13,16.8,30.3,8.0,5.5,0.11,0.07,0.18,2.13,0,58
2023-24,36,358,665,Tim Krul,GK,Luton,12,9,1,2024-05-03T19:00:00Z,0,0,0,0,0,0,0,0,0.0,0.0,0.0,0.0,0.0,0.0,0.0,0.0,0,44
2023-24,36,360,666,Tom Davies,MID,Sheffield Utd,17,16,1,2024-05-04T14:00:00Z,0,0,0,0,0,0,0,0,0.0,0.0,0.0,0.0,0.0,0.0,0.0,0.0,0,50
2023-24,36,355,667,Roméo Lavia,MID,Chelsea,7,19,1,2024-05-05T13:00:00Z,0,0,0,0,0,0,0,0,0.0,0.0,0.0,0.0,0.0,0.0,0.0,0.0,0,49
2023-24,36,357,668,Wataru Endo,MID,Liverpool,11,18,1,2024-05-05T15:30:00Z,64,3,0,0,1,0,0,13,3.8,12.6,0.0,1.6,0.0,0.02,0.02,0.28,1,54
2023-24,36,356,669,Radek Vítek,GK,Man Utd,14,8,0,2024-05-06T19:00:00Z,0,0,0,0,0,0,0,0,0.0,0.0,0.0,0.0,0.0,0.0,0.0,0.0,0,40
2023-24,36,353,670,Filip Marschall,GK,Aston Villa,2,5,0,2024-05-05T13:00:00Z,0,0,0,0,0,0,0,0,0.0,0.0,0.0,0.0,0.0,0.0,0.0,0.0,0,40
2023-24,36,355,671,Bashir Humphreys,DEF,Chelsea,7,19,1,2024-05-05T13:00:00Z,0,0,0,0,0,0,0,0,0.0,0.0,0.0,0.0,0.0,0.0,0.0,0.0,0,40
2023-24,36,353,672,Nicolò Zaniolo,MID,Aston Villa,2,5,0,2024-05-05T13:00:00Z,0,0,0,0,0,0,0,0,0.0,0.0,0.0,0.0,0.0,0.0,0.0,0.0,0,54
2023-24,36,351,673,Tyler Adams,MID,Bournemouth,3,1,0,2024-05-04T11:30:00Z,0,0,0,0,0,0,0,0,0.0,0.0,0.0,0.0,0.0,0.0,0.0,0.0,0,49
2023-24,36,354,674,Hannes Delcroix,DEF,Burnley,6,15,1,2024-05-04T14:00:00Z,0,0,0,0,0,0,0,0,0.0,0.0,0.0,0.0,0.0,0.0,0.0,0.0,0,40
2023-24,36,354,675,Aaron Ramsey,MID,Burnley,6,15,1,2024-05-04T14:00:00Z,0,0,0,0,0,0,0,0,0.0,0.0,0.0,0.0,0.0,0.0,0.0,0.0,0,50
2023-24,36,355,676,Konstantinos Mavropanos,DEF,West Ham,19,7,0,2024-05-05T13:00:00Z,0,0,0,0,0,0,0,0,0.0,0.0,0.0,0.0,0.0,0.0,0.0,0.0,0,45
2023-24,36,355,677,Deivid Washington de Souza Eugênio,FWD,Chelsea,7,19,1,2024-05-05T13:00:00Z,0,0,0,0,0,0,0,0,0.0,0.0,0.0,0.0,0.0,0.0,0.0,0.0,0,45
2023-24,36,359,678,Jérémy Doku,MID,Man City,13,20,1,2024-05-04T16:30:00Z,10,1,0,0,0,0,0,11,10.2,15.8,17.0,4.3,0.07,0.56,0.63,0.0,0,64
2023-24,36,360,679,Gonzalo Montiel,DEF,Nott'm Forest,16,17,0,2024-05-04T14:00:00Z,82,1,0,0,0,1,0,2,0.0,2.6,2.0,0.1,0.0,0.02,0.02,2.15,1,44
2023-24,36,355,680,Eddie Beach,GK,Chelsea,7,19,1,2024-05-05T13:00:00Z,0,0,0,0,0,0,0,0,0.0,0.0,0.0,0.0,0.0,0.0,0.0,0.0,0,40
2023-24,36,355,681,Diego Manuel Jadon da Silva Moreira,MID,Chelsea,7,19,1,2024-05-05T13:00:00Z,0,0,0,0,0,0,0,0,0.0,0.0,0.0,0.0,0.0,0.0,0.0,0.0,0,45
2023-24,36,358,682,Joseph Johnson,DEF,Luton,12,9,1,2024-05-03T19:00:00Z,0,0,0,0,0,0,0,0,0.0,0.0,0.0,0.0,0.0,0.0,0.0,0.0,0,40
2023-24,36,352,683,Luke Harris,MID,Fulham,10,4,0,2024-05-04T14:00:00Z,0,0,0,0,0,0,0,0,0.0,0.0,0.0,0.0,0.0,0.0,0.0,0.0,0,45
2023-24,36,352,684,Ethan Brierley,MID,Brentford,4,10,1,2024-05-04T14:00:00Z,0,0,0,0,0,0,0,0,0.0,0.0,0.0,0.0,0.0,0.0,0.0,0.0,0,45
2023-24,36,356,685,Daniel Gore,MID,Man Utd,14,8,0,2024-05-06T19:00:00Z,0,0,0,0,0,0,0,0,0.0,0.0,0.0,0.0,0.0,0.0,0.0,0.0,0,45
2023-24,36,353,686,Oliwier Zych,GK,Aston Villa,2,5,0,2024-05-05T13:00:00Z,0,0,0,0,0,0,0,0,0.0,0.0,0.0,0.0,0.0,0.0,0.0,0.0,0,40
2023-24,36,355,687,Đorđe Petrović,GK,Chelsea,7,19,1,2024-05-05T13:00:00Z,90,6,0,0,1,0,0,31,13.4,0.0,0.0,1.3,0.0,0.0,0.0,1.04,1,46
2023-24,36,352,688,Timothy Castagne,DEF,Fulham,10,4,0,2024-05-04T14:00:00Z,90,6,0,0,1,0,0,23,13.0,2.3,9.0,2.4,0.07,0.01,0.08,0.63,1,45
2023-24,36,355,689,Mohammed Kudus,MID,West Ham,19,7,0,2024-05-05T13:00:00Z,90,2,0,0,0,5,0,17,24.4,4.3,15.0,4.4,0.03,0.01,0.04,4.13,1,67
2023-24,36,353,690,Carlos Baleba,MID,Brighton,5,2,1,2024-05-05T13:00:00Z,2,1,0,0,0,0,0,3,1.2,0.1,0.0,0.1,0.0,0.0,0.0,0.0,0,45
2023-24,36,358,691,Norberto Bercique Gomes Betuncal,FWD,Everton,9,12,0,2024-05-03T19:00:00Z,10,1,0,0,0,0,0,0,0.0,0.6,4.0,0.4,0.0,0.03,0.03,0.25,0,57
2023-24,36,352,692,Steven Benda,GK,Fulham,10,4,0,2024-05-04T14:00:00Z,0,0,0,0,0,0,0,0,0.0,0.0,0.0,0.0,0.0,0.0,0.0,0.0,0,40
2023-24,36,360,693,Luke Thomas,DEF,Sheffield Utd,17,16,1,2024-05-04T14:00:00Z,0,0,0,0,0,0,0,0,0.0,0.0,0.0,0.0,0.0,0.0,0.0,0.0,0,40
2023-24,36,354,694,Han-Noah Massengo,MID,Burnley,6,15,1,2024-05-04T14:00:00Z,0,0,0,0,0,0,0,0,0.0,0.0,0.0,0.0,0.0,0.0,0.0,0.0,0,49
2023-24,36,356,695,Altay Bayindir,GK,Man Utd,14,8,0,2024-05-06T19:00:00Z,0,0,0,0,0,0,0,0,0.0,0.0,0.0,0.0,0.0,0.0,0.0,0.0,0,39
2023-24,36,360,696,Murillo Santiago Costa dos Santos,DEF,Nott'm Forest,16,17,0,2024-05-04T14:00:00Z,90,2,0,0,0,1,0,20,37.8,0.6,0.0,3.8,0.0,0.0,0.0,2.27,1,45
2023-24,36,359,697,Santiago Bueno,DEF,Wolves,20,13,0,2024-05-04T16:30:00Z,19,1,0,0,0,1,0,4,5.0,0.3,0.0,0.5,0.0,0.0,0.0,0.91,0,45
2023-24,36,359,698,Enso González,MID,Wolves,20,13,0,2024-05-04T16:30:00Z,0,0,0,0,0,0,0,0,0.0,0.0,0.0,0.0,0.0,0.0,0.0,0.0,0,50
2023-24,36,353,699,Clément Lenglet,DEF,Aston Villa,2,5,0,2024-05-05T13:00:00Z,0,0,0,0,0,0,0,0,0.0,0.0,0.0,0.0,0.0,0.0,0.0,0.0,0,45
2023-24,36,353,700,Anssumane Fati Vieira,MID,Brighton,5,2,1,2024-05-05T13:00:00Z,0,0,0,0,0,0,0,0,0.0,0.0,0.0,0.0,0.0,0.0,0.0,0.0,0,64
2023-24,36,352,701,Saman Ghoddos,MID,Brentford,4,10,1,2024-05-04T14:00:00Z,0,0,0,0,0,0,0,0,0.0,0.0,0.0,0.0,0.0,0.0,0.0,0.0,0,45
2023-24,36,357,702,Ashley Phillips,DEF,Spurs,18,11,0,2024-05-05T15:30:00Z,0,0,0,0,0,0,0,0,0.0,0.0,0.0,0.0,0.0,0.0,0.0,0.0,0,40
2023-24,36,356,703,Jonny Evans,DEF,Man Utd,14,8,0,2024-05-06T19:00:00Z,90,0,0,0,0,4,0,24,29.6,1.4,0.0,3.1,0.0,0.01,0.01,1.47,1,40
2023-24,36,359,704,Nathan Fraser,FWD,Wolves,20,13,0,2024-05-04T16:30:00Z,0,0,0,0,0,0,0,0,0.0,0.0,0.0,0.0,0.0,0.0,0.0,0.0,0,45
2023-24,36,351,705,Luis Sinisterra,MID,Bournemouth,3,1,0,2024-05-04T11:30:00Z,0,0,0,0,0,0,0,0,0.0,0.0,0.0,0.0,0.0,0.0,0.0,0.0,0,55
2023-24,36,354,706,Mike Trésor,MID,Burnley,6,15,1,2024-05-04T14:00:00Z,0,0,0,0,0,0,0,0,0.0,0.0,0.0,0.0,0.0,0.0,0.0,0.0,0,53
2023-24,36,352,707,Fodé Ballo-Touré,DEF,Fulham,10,4,0,2024-05-04T14:00:00Z,0,0,0,0,0,0,0,0,0.0,0.0,0.0,0.0,0.0,0.0,0.0,0.0,0,45
2023-24,36,357,708,Ryan Gravenberch,MID,Liverpool,11,18,1,2024-05-05T15:30:00Z,15,1,0,0,0,1,0,3,4.4,0.1,4.0,0.9,0.1,0.0,0.1,0.43,0,50
2023-24,36,356,709,Sofyan Amrabat,MID,Man Utd,14,8,0,2024-05-06T19:00:00Z,30,0,0,0,0,1,0,2,14.6,0.6,0.0,1.5,0.0,0.0,0.0,0.39,0,50
2023-24,36,360,710,Odysseas Vlachodimos,GK,Nott'm Forest,16,17,0,2024-05-04T14:00:00Z,0,0,0,0,0,0,0,0,0.0,0.0,0.0,0.0,0.0,0.0,0.0,0.0,0,45
2023-24,36,360,711,Andrew Omobamidele,DEF,Nott'm Forest,16,17,0,2024-05-04T14:00:00Z,0,0,0,0,0,0,0,0,0.0,0.0,0.0,0.0,0.0,0.0,0.0,0.0,0,45
2023-24,36,360,712,Nicolás Domínguez,MID,Nott'm Forest,16,17,0,2024-05-04T14:00:00Z,1,1,0,0,0,0,0,3,0.0,0.3,0.0,0.0,0.0,0.0,0.0,0.0,0,50
2023-24,36,360,713,Ibrahim Sangaré,MID,Nott'm Forest,16,17,0,2024-05-04T14:00:00Z,0,0,0,0,0,0,0,0,0.0,0.0,0.0,0.0,0.0,0.0,0.0,0.0,0,49
2023-24,36,360,714,Divock Origi,FWD,Nott'm Forest,16,17,0,2024-05-04T14:00:00Z,0,0,0,0,0,0,0,0,0.0,0.0,0.0,0.0,0.0,0.0,0.0,0.0,0,50
2023-24,36,359,715,Jean-Ricner Bellegarde,MID,Wolves,20,13,0,2024-05-04T16:30:00Z,45,4,0,1,0,2,0,10,0.2,0.4,8.0,0.9,0.2,0.0,0.2,1.45,0,49
2023-24,36,355,716,Alfie Gilchrist,DEF,Chelsea,7,19,1,2024-05-05T13:00:00Z,1,1,0,0,0,0,0,2,0.0,0.1,0.0,0.0,0.0,0.0,0.0,0.04,0,40
2023-24,36,355,717,Ronnie Stutter,FWD,Chelsea,7,19,1,2024-05-05T13:00:00Z,0,0,0,0,0,0,0,0,0.0,0.0,0.0,0.0,0.0,0.0,0.0,0.0,0,45
2023-24,36,355,718,Alex Matos,MID,Chelsea,7,19,1,2024-05-05T13:00:00Z,0,0,0,0,0,0,0,0,0.0,0.0,0.0,0.0,0.0,0.0,0.0,0.0,0,45
2023-24,36,358,719,Mackenzie Hunt,MID,Everton,9,12,0,2024-05-03T19:00:00Z,0,0,0,0,0,0,0,0,0.0,0.0,0.0,0.0,0.0,0.0,0.0,0.0,0,45
2023-24,36,356,720,Ademola Ola-Adebomi,FWD,Crystal Palace,8,14,1,2024-05-06T19:00:00Z,0,0,0,0,0,0,0,0,0.0,0.0,0.0,0.0,0.0,0.0,0.0,0.0,0,45
2023-24,36,356,721,David Ozoh,MID,Crystal Palace,8,14,1,2024-05-06T19:00:00Z,0,0,0,0,0,0,0,0,0.0,0.0,0.0,0.0,0.0,0.0,0.0,0.0,0,45
2023-24,36,357,722,Jamie Donley,FWD,Spurs,18,11,0,2024-05-05T15:30:00Z,0,0,0,0,0,0,0,0,0.0,0.0,0.0,0.0,0.0,0.0,0.0,0.0,0,45
2023-24,36,355,723,Josh Brooking,DEF,Chelsea,7,19,1,2024-05-05T13:00:00Z,0,0,0,0,0,0,0,0,0.0,0.0,0.0,0.0,0.0,0.0,0.0,0.0,0,40
2023-24,36,356,724,Jadan Raymond,MID,Crystal Palace,8,14,1,2024-05-06T19:00:00Z,0,0,0,0,0,0,0,0,0.0,0.0,0.0,0.0,0.0,0.0,0.0,0.0,0,45
2023-24,36,352,725,Ji-Soo Kim,DEF,Brentford,4,10,1,2024-05-04T14:00:00Z,0,0,0,0,0,0,0,0,0.0,0.0,0.0,0.0,0.0,0.0,0.0,0.0,0,40
2023-24,36,357,726,Luke Chambers,DEF,Liverpool,11,18,1,2024-05-05T15:30:00Z,0,0,0,0,0,0,0,0,0.0,0.0,0.0,0.0,0.0,0.0,0.0,0.0,0,40
2023-24,36,358,727,Andros Townsend,MID,Luton,12,9,1,2024-05-03T19:00:00Z,10,1,0,0,0,0,0,3,0.0,0.3,5.0,0.5,0.03,0.0,0.03,0.0,0,50
2023-24,36,357,728,Callum Scanlon,DEF,Liverpool,11,18,1,2024-05-05T15:30:00Z,0,0,0,0,0,0,0,0,0.0,0.0,0.0,0.0,0.0,0.0,0.0,0.0,0,39
2023-24,36,358,729,Jayden Luker,MID,Luton,12,9,1,2024-05-03T19:00:00Z,0,0,0,0,0,0,0,0,0.0,0.0,0.0,0.0,0.0,0.0,0.0,0.0,0,45
2023-24,36,360,730,Ryan Oné,MID,Sheffield Utd,17,16,1,2024-05-04T14:00:00Z,0,0,0,0,0,0,0,0,0.0,0.0,0.0,0.0,0.0,0.0,0.0,0.0,0,44
2023-24,36,360,731,Jili Buyabu,DEF,Sheffield Utd,17,16,1,2024-05-04T14:00:00Z,0,0,0,0,0,0,0,0,0.0,0.0,0.0,0.0,0.0,0.0,0.0,0.0,0,40
2023-24,36,352,732,Devan Tanton,DEF,Fulham,10,4,0,2024-05-04T14:00:00Z,0,0,0,0,0,0,0,0,0.0,0.0,0.0,0.0,0.0,0.0,0.0,0.0,0,40
2023-24,36,352,733,Valintino Adedokun,DEF,Brentford,4,10,1,2024-05-04T14:00:00Z,0,0,0,0,0,0,0,0,0.0,0.0,0.0,0.0,0.0,0.0,0.0,0.0,0,40
2023-24,36,358,734,Zack Nelson,MID,Luton,12,9,1,2024-05-03T19:00:00Z,0,0,0,0,0,0,0,0,0.0,0.0,0.0,0.0,0.0,0.0,0.0,0.0,0,45
2023-24,36,351,735,Charles Sagoe,MID,Arsenal,1,3,1,2024-05-04T11:30:00Z,0,0,0,0,0,0,0,0,0.0,0.0,0.0,0.0,0.0,0.0,0.0,0.0,0,45
2023-24,36,351,736,Reuell Walters,DEF,Arsenal,1,3,1,2024-05-04T11:30:00Z,0,0,0,0,0,0,0,0,0.0,0.0,0.0,0.0,0.0,0.0,0.0,0.0,0,40
2023-24,36,351,737,Bradley Ibrahim,MID,Arsenal,1,3,1,2024-05-04T11:30:00Z,0,0,0,0,0,0,0,0,0.0,0.0,0.0,0.0,0.0,0.0,0.0,0.0,0,45
2023-24,36,354,738,Amadou Diallo,MID,Newcastle,15,6,0,2024-05-04T14:00:00Z,0,0,0,0,0,0,0,0,0.0,0.0,0.0,0.0,0.0,0.0,0.0,0.0,0,45
2023-24,36,354,739,Ben Parkinson,FWD,Newcastle,15,6,0,2024-05-04T14:00:00Z,0,0,0,0,0,0,0,0,0.0,0.0,0.0,0.0,0.0,0.0,0.0,0.0,0,45
2023-24,36,357,740,Alfie Dorrington,DEF,Spurs,18,11,0,2024-05-05T15:30:00Z,0,0,0,0,0,0,0,0,0.0,0.0,0.0,0.0,0.0,0.0,0.0,0.0,0,40
2023-24,36,353,741,Mark O’Mahony,FWD,Brighton,5,2,1,2024-05-05T13:00:00Z,0,0,0,0,0,0,0,0,0.0,0.0,0.0,0.0,0.0,0.0,0.0,0.0,0,45
2023-24,36,353,742,Benicio Baker-Boaitey,MID,Brighton,5,2,1,2024-05-05T13:00:00Z,0,0,0,0,0,0,0,0,0.0,0.0,0.0,0.0,0.0,0.0,0.0,0.0,0,45
2023-24,36,357,743,Treymaurice Nyoni,MID,Liverpool,11,18,1,2024-05-05T15:30:00Z,0,0,0,0,0,0,0,0,0.0,0.0,0.0,0.0,0.0,0.0,0.0,0.0,0,45
2023-24,36,352,744,Myles Peart-Harris,MID,Brentford,4,10,1,2024-05-04T14:00:00Z,0,0,0,0,0,0,0,0,0.0,0.0,0.0,0.0,0.0,0.0,0.0,0.0,0,45
2023-24,36,354,745,Michael Ndiweni,FWD,Newcastle,15,6,0,2024-05-04T14:00:00Z,0,0,0,0,0,0,0,0,0.0,0.0,0.0,0.0,0.0,0.0,0.0,0.0,0,44
2023-24,36,353,746,Ben Jackson,DEF,Brighton,5,2,1,2024-05-05T13:00:00Z,0,0,0,0,0,0,0,0,0.0,0.0,0.0,0.0,0.0,0.0,0.0,0.0,0,40
2023-24,36,353,747,Joshua Duffus,MID,Brighton,5,2,1,2024-05-05T13:00:00Z,0,0,0,0,0,0,0,0,0.0,0.0,0.0,0.0,0.0,0.0,0.0,0.0,0,44
2023-24,36,356,748,Joe Hugill,FWD,Man Utd,14,8,0,2024-05-06T19:00:00Z,0,0,0,0,0,0,0,0,0.0,0.0,0.0,0.0,0.0,0.0,0.0,0.0,0,45
2023-24,36,359,749,Matthew Whittingham,MID,Wolves,20,13,0,2024-05-04T16:30:00Z,0,0,0,0,0,0,0,0,0.0,0.0,0.0,0.0,0.0,0.0,0.0,0.0,0,45
2023-24,36,359,750,Tawanda Chirewa,MID,Wolves,20,13,0,2024-05-04T16:30:00Z,3,1,0,0,0,0,0,5,2.0,0.0,0.0,0.2,0.0,0.0,0.0,0.28,0,44
2023-24,36,359,751,Justin Hubner,DEF,Wolves,20,13,0,2024-05-04T16:30:00Z,0,0,0,0,0,0,0,0,0.0,0.0,0.0,0.0,0.0,0.0,0.0,0.0,0,40
2023-24,36,352,752,Vincent Angelini,GK,Brentford,4,10,1,2024-05-04T14:00:00Z,0,0,0,0,0,0,0,0,0.0,0.0,0.0,0.0,0.0,0.0,0.0,0.0,0,40
2023-24,36,353,753,Leigh Kavanagh,DEF,Brighton,5,2,1,2024-05-05T13:00:00Z,0,0,0,0,0,0,0,0,0.0,0.0,0.0,0.0,0.0,0.0,0.0,0.0,0,40
2023-24,36,357,754,Yago de Santiago Alonso,MID,Spurs,18,11,0,2024-05-05T15:30:00Z,0,0,0,0,0,0,0,0,0.0,0.0,0.0,0.0,0.0,0.0,0.0,0.0,0,45
2023-24,36,353,755,Luca Barrington,MID,Brighton,5,2,1,2024-05-05T13:00:00Z,0,0,0,0,0,0,0,0,0.0,0.0,0.0,0.0,0.0,0.0,0.0,0.0,0,45
2023-24,36,357,756,Marcelo de Araújo Pitaluga Filho,GK,Liverpool,11,18,1,2024-05-05T15:30:00Z,0,0,0,0,0,0,0,0,0.0,0.0,0.0,0.0,0.0,0.0,0.0,0.0,0,40
2023-24,36,357,757,Conor Bradley,DEF,Liverpool,11,18,1,2024-05-05T15:30:00Z,0,0,0,0,0,0,0,0,0.0,0.0,0.0,0.0,0.0,0.0,0.0,0.0,0,42
2023-24,36,355,758,Leo Castledine,MID,Chelsea,7,19,1,2024-05-05T13:00:00Z,0,0,0,0,0,0,0,0,0.0,0.0,0.0,0.0,0.0,0.0,0.0,0.0,0,45
2023-24,36,360,759,Sydie Peck,MID,Sheffield Utd,17,16,1,2024-05-04T14:00:00Z,0,0,0,0,0,0,0,0,0.0,0.0,0.0,0.0,0.0,0.0,0.0,0.0,0,44
2023-24,36,358,760,Jenson Metcalfe,MID,Everton,9,12,0,2024-05-03T19:00:00Z,0,0,0,0,0,0,0,0,0.0,0.0,0.0,0.0,0.0,0.0,0.0,0.0,0,45
2023-24,36,358,761,Elijah Campbell,DEF,Everton,9,12,0,2024-05-03T19:00:00Z,0,0,0,0,0,0,0,0,0.0,0.0,0.0,0.0,0.0,0.0,0.0,0.0,0,40
2023-24,36,359,762,Mahamadou Susoho,MID,Man City,13,20,1,2024-05-04T16:30:00Z,0,0,0,0,0,0,0,0,0.0,0.0,0.0,0.0,0.0,0.0,0.0,0.0,0,45
2023-24,36,356,763,Tayo Adaramola,DEF,Crystal Palace,8,14,1,2024-05-06T19:00:00Z,0,0,0,0,0,0,0,0,0.0,0.0,0.0,0.0,0.0,0.0,0.0,0.0,0,40
2023-24,36,351,764,Myles Lewis-Skelly,MID,Arsenal,1,3,1,2024-05-04T11:30:00Z,0,0,0,0,0,0,0,0,0.0,0.0,0.0,0.0,0.0,0.0,0.0,0.0,0,45
2023-24,36,353,765,Sam Proctor,GK,Aston Villa,2,5,0,2024-05-05T13:00:00Z,0,0,0,0,0,0,0,0,0.0,0.0,0.0,0.0,0.0,0.0,0.0,0.0,0,40
2023-24,36,356,766,Willy Kambwala,DEF,Man Utd,14,8,0,2024-05-06T19:00:00Z,0,0,0,0,0,0,0,0,0.0,0.0,0.0,0.0,0.0,0.0,0.0,0.0,0,39
2023-24,36,353,767,Tommi O'Reilly,MID,Aston Villa,2,5,0,2024-05-05T13:00:00Z,0,0,0,0,0,0,0,0,0.0,0.0,0.0,0.0,0.0,0.0,0.0,0.0,0,45
2023-24,36,356,768,Rhys Bennett,DEF,Man Utd,14,8,0,2024-05-06T19:00:00Z,0,0,0,0,0,0,0,0,0.0,0.0,0.0,0.0,0.0,0.0,0.0,0.0,0,40
2023-24,36,359,769,Owen Hesketh,MID,Wolves,20,13,0,2024-05-04T16:30:00Z,0,0,0,0,0,0,0,0,0.0,0.0,0.0,0.0,0.0,0.0,0.0,0.0,0,45
2023-24,36,359,770,Ty Barnett,MID,Wolves,20,13,0,2024-05-04T16:30:00Z,0,0,0,0,0,0,0,0,0.0,0.0,0.0,0.0,0.0,0.0,0.0,0.0,0,45
2023-24,36,359,771,Micah Hamilton,MID,Man City,13,20,1,2024-05-04T16:30:00Z,0,0,0,0,0,0,0,0,0.0,0.0,0.0,0.0,0.0,0.0,0.0,0.0,0,45
2023-24,36,351,772,Ethan Nwaneri,MID,Arsenal,1,3,1,2024-05-04T11:30:00Z,0,0,0,0,0,0,0,0,0.0,0.0,0.0,0.0,0.0,0.0,0.0,0.0,0,45
2023-24,36,355,773,Lewis Orford,MID,West Ham,19,7,0,2024-05-05T13:00:00Z,0,0,0,0,0,0,0,0,0.0,0.0,0.0,0.0,0.0,0.0,0.0,0.0,0,45
2023-24,36,355,774,Kaelan Casey,DEF,West Ham,19,7,0,2024-05-05T13:00:00Z,0,0,0,0,0,0,0,0,0.0,0.0,0.0,0.0,0.0,0.0,0.0,0.0,0,40
2023-24,36,360,775,Ben Brereton,MID,Sheffield Utd,17,16,1,2024-05-04T14:00:00Z,90,8,1,0,0,3,1,31,38.8,15.3,48.0,10.2,1.06,0.05,1.11,1.49,1,50
2023-24,36,357,776,Timo Werner,FWD,Spurs,18,11,0,2024-05-05T15:30:00Z,0,0,0,0,0,0,0,0,0.0,0.0,0.0,0.0,0.0,0.0,0.0,0.0,0,63
2023-24,36,357,777,Radu Dragusin,DEF,Spurs,18,11,0,2024-05-05T15:30:00Z,0,0,0,0,0,0,0,0,0.0,0.0,0.0,0.0,0.0,0.0,0.0,0.0,0,42
2023-24,36,353,778,James Wright,GK,Aston Villa,2,5,0,2024-05-05T13:00:00Z,0,0,0,0,0,0,0,0,0.0,0.0,0.0,0.0,0.0,0.0,0.0,0.0,0,40
2023-24,36,360,779,Jamie McDonnell,MID,Nott'm Forest,16,17,0,2024-05-04T14:00:00Z,0,0,0,0,0,0,0,0,0.0,0.0,0.0,0.0,0.0,0.0,0.0,0.0,0,45
2023-24,36,360,780,Detlef Esapa Osong,FWD,Nott'm Forest,16,17,0,2024-05-04T14:00:00Z,0,0,0,0,0,0,0,0,0.0,0.0,0.0,0.0,0.0,0.0,0.0,0.0,0,45
2023-24,36,360,781,Joe Gardner,FWD,Nott'm Forest,16,17,0,2024-05-04T14:00:00Z,0,0,0,0,0,0,0,0,0.0,0.0,0.0,0.0,0.0,0.0,0.0,0.0,0,45
2023-24,36,357,782,Owen Beck,DEF,Liverpool,11,18,1,2024-05-05T15:30:00Z,0,0,0,0,0,0,0,0,0.0,0.0,0.0,0.0,0.0,0.0,0.0,0.0,0,45
2023-24,36,357,783,Kaide Gordon,MID,Liverpool,11,18,1,2024-05-05T15:30:00Z,0,0,0,0,0,0,0,0,0.0,0.0,0.0,0.0,0.0,0.0,0.0,0.0,0,45
2023-24,36,355,784,Oliver Scarles,DEF,West Ham,19,7,0,2024-05-05T13:00:00Z,0,0,0,0,0,0,0,0,0.0,0.0,0.0,0.0,0.0,0.0,0.0,0.0,0,40
2023-24,36,355,785,Callum Marshall,FWD,West Ham,19,7,0,2024-05-05T13:00:00Z,0,0,0,0,0,0,0,0,0.0,0.0,0.0,0.0,0.0,0.0,0.0,0.0,0,45
2023-24,36,353,786,Cameron Peupion,MID,Brighton,5,2,1,2024-05-05T13:00:00Z,0,0,0,0,0,0,0,0,0.0,0.0,0.0,0.0,0.0,0.0,0.0,0.0,0,45
2023-24,36,359,787,Harvey Griffiths,MID,Wolves,20,13,0,2024-05-04T16:30:00Z,0,0,0,0,0,0,0,0,0.0,0.0,0.0,0.0,0.0,0.0,0.0,0.0,0,45
2023-24,36,359,788,Yerson Mosquera,DEF,Wolves,20,13,0,2024-05-04T16:30:00Z,0,0,0,0,0,0,0,0,0.0,0.0,0.0,0.0,0.0,0.0,0.0,0.0,0,40
2023-24,36,352,789,Hákon Valdimarsson,GK,Brentford,4,10,1,2024-05-04T14:00:00Z,0,0,0,0,0,0,0,0,0.0,0.0,0.0,0.0,0.0,0.0,0.0,0.0,0,40
2023-24,36,360,790,Ivo Grbic,GK,Sheffield Utd,17,16,1,2024-05-04T14:00:00Z,0,0,0,0,0,0,0,0,0.0,0.0,0.0,0.0,0.0,0.0,0.0,0.0,0,45
2023-24,36,355,791,Cesare Casadei,MID,Chelsea,7,19,1,2024-05-05T13:00:00Z,14,1,0,0,0,0,0,3,1.4,10.5,0.0,1.2,0.0,0.01,0.01,0.32,0,45
2023-24,36,356,792,Daniel Muñoz,DEF,Crystal Palace,8,14,1,2024-05-06T19:00:00Z,90,13,0,2,1,0,1,40,49.2,38.3,17.0,10.5,0.11,0.06,0.17,0.35,1,45
2023-24,36,353,793,Kaine Kesler-Hayden,DEF,Aston Villa,2,5,0,2024-05-05T13:00:00Z,0,0,0,0,0,0,0,0,0.0,0.0,0.0,0.0,0.0,0.0,0.0,0.0,0,40
2023-24,36,354,794,Joe White,MID,Newcastle,15,6,0,2024-05-04T14:00:00Z,0,0,0,0,0,0,0,0,0.0,0.0,0.0,0.0,0.0,0.0,0.0,0.0,0,45
2023-24,36,354,795,Travis Hernes,MID,Newcastle,15,6,0,2024-05-04T14:00:00Z,0,0,0,0,0,0,0,0,0.0,0.0,0.0,0.0,0.0,0.0,0.0,0.0,0,45
2023-24,36,352,796,Kristian Sekularac,MID,Fulham,10,4,0,2024-05-04T14:00:00Z,0,0,0,0,0,0,0,0,0.0,0.0,0.0,0.0,0.0,0.0,0.0,0.0,0,44
2023-24,36,352,797,Benjamin Fredrick,DEF,Brentford,4,10,1,2024-05-04T14:00:00Z,0,0,0,0,0,0,0,0,0.0,0.0,0.0,0.0,0.0,0.0,0.0,0.0,0,40
2023-24,36,358,798,Daiki Hashioka,DEF,Luton,12,9,1,2024-05-03T19:00:00Z,0,0,0,0,0,0,0,0,0.0,0.0,0.0,0.0,0.0,0.0,0.0,0.0,0,40
2023-24,36,351,799,Romain Faivre,MID,Bournemouth,3,1,0,2024-05-04T11:30:00Z,1,1,0,0,0,1,0,4,1.4,0.2,0.0,0.2,0.0,0.0,0.0,0.1,0,50
2023-24,36,359,800,Noha Lemina,MID,Wolves,20,13,0,2024-05-04T16:30:00Z,0,0,0,0,0,0,0,0,0.0,0.0,0.0,0.0,0.0,0.0,0.0,0.0,0,50
2023-24,36,360,801,Giovanni Reyna,MID,Nott'm Forest,16,17,0,2024-05-04T14:00:00Z,0,0,0,0,0,0,0,0,0.0,0.0,0.0,0.0,0.0,0.0,0.0,0.0,0,47
2023-24,36,351,802,Max Kinsey,DEF,Bournemouth,3,1,0,2024-05-04T11:30:00Z,0,0,0,0,0,0,0,0,0.0,0.0,0.0,0.0,0.0,0.0,0.0,0.0,0,40
2023-24,36,353,803,Morgan Rogers,MID,Aston Villa,2,5,0,2024-05-05T13:00:00Z,25,1,0,0,0,0,0,4,2.4,10.3,2.0,1.5,0.0,0.01,0.01,0.17,1,50
2023-24,36,351,804,Enes Ünal,FWD,Bournemouth,3,1,0,2024-05-04T11:30:00Z,10,1,0,0,0,1,0,2,0.2,0.2,0.0,0.0,0.0,0.0,0.0,0.1,0,50
2023-24,36,354,805,Lorenz Assignon,DEF,Burnley,6,15,1,2024-05-04T14:00:00Z,90,0,0,0,0,4,0,14,22.8,12.8,24.0,6.0,0.1,0.02,0.12,3.58,1,40
2023-24,36,354,806,Maxime Esteve,DEF,Burnley,6,15,1,2024-05-04T14:00:00Z,45,-1,0,0,0,3,0,4,5.8,0.3,0.0,0.6,0.0,0.0,0.0,1.61,1,40
2023-24,36,356,807,Adam Wharton,MID,Crystal Palace,8,14,1,2024-05-06T19:00:00Z,90,3,0,0,1,0,0,11,16.6,12.8,0.0,2.9,0.0,0.07,0.07,0.35,1,50
2023-24,36,360,808,Matz Sels,GK,Nott'm Forest,16,17,0,2024-05-04T14:00:00Z,90,3,0,0,0,1,0,15,30.6,0.0,0.0,3.1,0.0,0.03,0.03,2.27,1,45
2023-24,36,360,809,Rodrigo Duarte Ribeiro,FWD,Nott'm Forest,16,17,0,2024-05-04T14:00:00Z,0,0,0,0,0,0,0,0,0.0,0.0,0.0,0.0,0.0,0.0,0.0,0.0,0,45
2023-24,36,352,810,Joshua King,MID,Fulham,10,4,0,2024-05-04T14:00:00Z,0,0,0,0,0,0,0,0,0.0,0.0,0.0,0.0,0.0,0.0,0.0,0.0,0,45
2023-24,36,351,811,Dominic Sadi,MID,Bournemouth,3,1,0,2024-05-04T11:30:00Z,0,0,0,0,0,0,0,0,0.0,0.0,0.0,0.0,0.0,0.0,0.0,0.0,0,45
2023-24,36,357,812,Lewis Koumas,FWD,Liverpool,11,18,1,2024-05-05T15:30:00Z,0,0,0,0,0,0,0,0,0.0,0.0,0.0,0.0,0.0,0.0,0.0,0.0,0,45
2023-24,36,357,813,Fabian Mrozek,GK,Liverpool,11,18,1,2024-05-05T15:30:00Z,0,0,0,0,0,0,0,0,0.0,0.0,0.0,0.0,0.0,0.0,0.0,0.0,0,40
2023-24,36,359,814,Jacob Wright,MID,Man City,13,20,1,2024-05-04T16:30:00Z,0,0,0,0,0,0,0,0,0.0,0.0,0.0,0.0,0.0,0.0,0.0,0.0,0,45
2023-24,36,351,815,Mauro Bandeira,MID,Arsenal,1,3,1,2024-05-04T11:30:00Z,0,0,0,0,0,0,0,0,0.0,0.0,0.0,0.0,0.0,0.0,0.0,0.0,0,45
2023-24,36,353,816,Valentín Barco,DEF,Brighton,5,2,1,2024-05-05T13:00:00Z,1,1,0,0,0,0,0,2,0.2,0.3,4.0,0.5,0.0,0.0,0.0,0.0,0,40
2023-24,36,351,817,James Sweet,DEF,Arsenal,1,3,1,2024-05-04T11:30:00Z,0,0,0,0,0,0,0,0,0.0,0.0,0.0,0.0,0.0,0.0,0.0,0.0,0,40
2023-24,36,353,818,Joe Gauci,GK,Aston Villa,2,5,0,2024-05-05T13:00:00Z,0,0,0,0,0,0,0,0,0.0,0.0,0.0,0.0,0.0,0.0,0.0,0.0,0,39
2023-24,36,355,819,Ishé Samuels-Smith,DEF,Chelsea,7,19,1,2024-05-05T13:00:00Z,0,0,0,0,0,0,0,0,0.0,0.0,0.0,0.0,0.0,0.0,0.0,0.0,0,40
2023-24,36,355,820,Ollie Harrison,MID,Chelsea,7,19,1,2024-05-05T13:00:00Z,0,0,0,0,0,0,0,0,0.0,0.0,0.0,0.0,0.0,0.0,0.0,0.0,0,45
2023-24,36,356,821,Franco Umeh-Chibueze,FWD,Crystal Palace,8,14,1,2024-05-06T19:00:00Z,0,0,0,0,0,0,0,0,0.0,0.0,0.0,0.0,0.0,0.0,0.0,0.0,0,45
2023-24,36,360,822,Billy Blacker,FWD,Sheffield Utd,17,16,1,2024-05-04T14:00:00Z,0,0,0,0,0,0,0,0,0.0,0.0,0.0,0.0,0.0,0.0,0.0,0.0,0,45
2023-24,36,360,823,Oliver Arblaster,MID,Sheffield Utd,17,16,1,2024-05-04T14:00:00Z,90,2,0,0,0,3,0,20,14.6,35.4,0.0,5.0,0.0,0.52,0.52,1.49,1,45
2023-24,36,357,824,Jayden Danns,FWD,Liverpool,11,18,1,2024-05-05T15:30:00Z,0,0,0,0,0,0,0,0,0.0,0.0,0.0,0.0,0.0,0.0,0.0,0.0,0,43
2023-24,36,356,825,Kaden Rodney,MID,Crystal Palace,8,14,1,2024-05-06T19:00:00Z,0,0,0,0,0,0,0,0,0.0,0.0,0.0,0.0,0.0,0.0,0.0,0.0,0,45
2023-24,36,356,826,Toby Collyer,MID,Man Utd,14,8,0,2024-05-06T19:00:00Z,0,0,0,0,0,0,0,0,0.0,0.0,0.0,0.0,0.0,0.0,0.0,0.0,0,45
2023-24,36,360,827,Dovydas Sasnauskas,DEF,Sheffield Utd,17,16,1,2024-05-04T14:00:00Z,0,0,0,0,0,0,0,0,0.0,0.0,0.0,0.0,0.0,0.0,0.0,0.0,0,40
2023-24,36,360,828,Sam Curtis,DEF,Sheffield Utd,17,16,1,2024-05-04T14:00:00Z,0,0,0,0,0,0,0,0,0.0,0.0,0.0,0.0,0.0,0.0,0.0,0.0,0,40
2023-24,36,355,829,George Earthy,MID,West Ham,19,7,0,2024-05-05T13:00:00Z,0,0,0,0,0,0,0,0,0.0,0.0,0.0,0.0,0.0,0.0,0.0,0.0,0,45
2023-24,36,355,830,Jimi Tauriainen,MID,Chelsea,7,19,1,2024-05-05T13:00:00Z,0,0,0,0,0,0,0,0,0.0,0.0,0.0,0.0,0.0,0.0,0.0,0.0,0,45
2023-24,36,358,831,Axel Piesold,MID,Luton,12,9,1,2024-05-03T19:00:00Z,0,0,0,0,0,0,0,0,0.0,0.0,0.0,0.0,0.0,0.0,0.0,0.0,0,45
2023-24,36,359,832,Wesley Okoduwa,DEF,Wolves,20,13,0,2024-05-04T16:30:00Z,0,0,0,0,0,0,0,0,0.0,0.0,0.0,0.0,0.0,0.0,0.0,0.0,0,40
2023-24,36,356,833,Habeeb Ogunneye,DEF,Man Utd,14,8,0,2024-05-06T19:00:00Z,0,0,0,0,0,0,0,0,0.0,0.0,0.0,0.0,0.0,0.0,0.0,0.0,0,40
2023-24,36,352,834,Benjamin Arthur,DEF,Brentford,4,10,1,2024-05-04T14:00:00Z,0,0,0,0,0,0,0,0,0.0,0.0,0.0,0.0,0.0,0.0,0.0,0.0,0,40
2023-24,36,356,835,Dermot Mee,GK,Man Utd,14,8,0,2024-05-06T19:00:00Z,0,0,0,0,0,0,0,0,0.0,0.0,0.0,0.0,0.0,0.0,0.0,0.0,0,40
2023-24,36,359,836,Leon Chiwome,FWD,Wolves,20,13,0,2024-05-04T16:30:00Z,0,0,0,0,0,0,0,0,0.0,0.0,0.0,0.0,0.0,0.0,0.0,0.0,0,45
2023-24,36,357,837,Amara Nallo,DEF,Liverpool,11,18,1,2024-05-05T15:30:00Z,0,0,0,0,0,0,0,0,0.0,0.0,0.0,0.0,0.0,0.0,0.0,0.0,0,40
2023-24,36,355,838,Josh Acheampong,DEF,Chelsea,7,19,1,2024-05-05T13:00:00Z,0,0,0,0,0,0,0,0,0.0,0.0,0.0,0.0,0.0,0.0,0.0,0.0,0,40
2023-24,36,358,839,Dominic Dos Santos Martins,MID,Luton,12,9,1,2024-05-03T19:00:00Z,0,0,0,0,0,0,0,0,0.0,0.0,0.0,0.0,0.0,0.0,0.0,0.0,0,45
2023-24,36,359,840,Fletcher Holman,FWD,Wolves,20,13,0,2024-05-04T16:30:00Z,0,0,0,0,0,0,0,0,0.0,0.0,0.0,0.0,0.0,0.0,0.0,0.0,0,45
2023-24,36,358,841,Lewis Warrington,MID,Everton,9,12,0,2024-05-03T19:00:00Z,0,0,0,0,0,0,0,0,0.0,0.0,0.0,0.0,0.0,0.0,0.0,0.0,0,45
2023-24,36,356,842,Roshaun Mathurin,MID,Crystal Palace,8,14,1,2024-05-06T19:00:00Z,0,0,0,0,0,0,0,0,0.0,0.0,0.0,0.0,0.0,0.0,0.0,0.0,0,44
2023-24,36,353,843,Samy Chouchane,MID,Brighton,5,2,1,2024-05-05T13:00:00Z,0,0,0,0,0,0,0,0,0.0,0.0,0.0,0.0,0.0,0.0,0.0,0.0,0,45
2023-24,36,358,844,Christian Chigozie,DEF,Luton,12,9,1,2024-05-03T19:00:00Z,0,0,0,0,0,0,0,0,0.0,0.0,0.0,0.0,0.0,0.0,0.0,0.0,0,40
2023-24,36,353,845,Odeluga Offiah,DEF,Brighton,5,2,1,2024-05-05T13:00:00Z,0,0,0,0,0,0,0,0,0.0,0.0,0.0,0.0,0.0,0.0,0.0,0.0,0,40
2023-24,36,356,846,Harry Amass,DEF,Man Utd,14,8,0,2024-05-06T19:00:00Z,0,0,0,0,0,0,0,0,0.0,0.0,0.0,0.0,0.0,0.0,0.0,0.0,0,40
2023-24,36,355,847,Teddy Sharman-Lowe,GK,Chelsea,7,19,1,2024-05-05T13:00:00Z,0,0,0,0,0,0,0,0,0.0,0.0,0.0,0.0,0.0,0.0,0.0,0.0,0,40
2023-24,36,358,848,Taylan Harris,FWD,Luton,12,9,1,2024-05-03T19:00:00Z,0,0,0,0,0,0,0,0,0.0,0.0,0.0,0.0,0.0,0.0,0.0,0.0,0,45
2023-24,36,351,849,Michael Dacosta Gonzalez,MID,Bournemouth,3,1,0,2024-05-04T11:30:00Z,0,0,0,0,0,0,0,0,0.0,0.0,0.0,0.0,0.0,0.0,0.0,0.0,0,45
2023-24,36,356,850,Ethan Wheatley,FWD,Man Utd,14,8,0,2024-05-06T19:00:00Z,10,1,0,0,0,0,0,2,2.0,0.0,0.0,0.2,0.0,0.0,0.0,0.32,0,45
2023-24,36,355,851,Tyrique George,FWD,Chelsea,7,19,1,2024-05-05T13:00:00Z,0,0,0,0,0,0,0,0,0.0,0.0,0.0,0.0,0.0,0.0,0.0,0.0,0,45
2023-24,36,355,852,Kiano Dyer,MID,Chelsea,7,19,1,2024-05-05T13:00:00Z,0,0,0,0,0,0,0,0,0.0,0.0,0.0,0.0,0.0,0.0,0.0,0.0,0,45
2023-24,36,359,853,Temple Ojinnaka,MID,Wolves,20,13,0,2024-05-04T16:30:00Z,0,0,0,0,0,0,0,0,0.0,0.0,0.0,0.0,0.0,0.0,0.0,0.0,0,45
2023-24,36,353,854,Finley Munroe,DEF,Aston Villa,2,5,0,2024-05-05T13:00:00Z,0,0,0,0,0,0,0,0,0.0,0.0,0.0,0.0,0.0,0.0,0.0,0.0,0,40
2023-24,36,351,855,Callan McKenna,GK,Bournemouth,3,1,0,2024-05-04T11:30:00Z,0,0,0,0,0,0,0,0,0.0,0.0,0.0,0.0,0.0,0.0,0.0,0.0,0,40
2023-24,36,356,856,Louis Jackson,DEF,Man Utd,14,8,0,2024-05-06T19:00:00Z,0,0,0,0,0,0,0,0,0.0,0.0,0.0,0.0,0.0,0.0,0.0,0.0,0,40
2023-24,36,360,857,Owen Hampson,MID,Sheffield Utd,17,16,1,2024-05-04T14:00:00Z,0,0,0,0,0,0,0,0,0.0,0.0,0.0,0.0,0.0,0.0,0.0,0.0,0,45
2023-24,36,355,858,Ted Curd,GK,Chelsea,7,19,1,2024-05-05T13:00:00Z,0,0,0,0,0,0,0,0,0.0,0.0,0.0,0.0,0.0,0.0,0.0,0.0,0,40
2023-24,36,355,859,Zak Sturge,DEF,Chelsea,7,19,1,2024-05-05T13:00:00Z,0,0,0,0,0,0,0,0,0.0,0.0,0.0,0.0,0.0,0.0,0.0,0.0,0,40
2023-24,36,357,860,Mikey Moore,MID,Spurs,18,11,0,2024-05-05T15:30:00Z,0,0,0,0,0,0,0,0,0.0,0.0,0.0,0.0,0.0,0.0,0.0,0.0,0,45
