season,gw,fixture,element,name,position,team,team_id,opponent_team,was_home,kickoff_time,minutes,total_points,goals_scored,assists,clean_sheets,goals_conceded,bonus,bps,influence,creativity,threat,ict_index,expected_goals,expected_assists,expected_goal_involvements,expected_goals_conceded,starts,value
2023-24,37,365,1,Folarin Balogun,FWD,Arsenal,1,14,0,2024-05-12T15:30:00Z,0,0,0,0,0,0,0,0,0.0,0.0,0.0,0.0,0.0,0.0,0.0,0.0,0,44
2023-24,37,365,2,Cédric Alves Soares,DEF,Arsenal,1,14,0,2024-05-12T15:30:00Z,0,0,0,0,0,0,0,0,0.0,0.0,0.0,0.0,0.0,0.0,0.0,0.0,0,38
2023-24,37,365,3,Mohamed Elneny,MID,Arsenal,1,14,0,2024-05-12T15:30:00Z,0,0,0,0,0,0,0,0,0.0,0.0,0.0,0.0,0.0,0.0,0.0,0.0,0,44
2023-24,37,365,4,Fábio Ferreira Vieira,MID,Arsenal,1,14,0,2024-05-12T15:30:00Z,0,0,0,0,0,0,0,0,0.0,0.0,0.0,0.0,0.0,0.0,0.0,0.0,0,54
2023-24,37,365,5,Gabriel dos Santos Magalhães,DEF,Arsenal,1,14,0,2024-05-12T15:30:00Z,90,7,0,0,1,0,1,27,16.4,0.9,7.0,2.4,0.22,0.01,0.23,0.64,1,54
2023-24,37,365,6,Kai Havertz,MID,Arsenal,1,14,0,2024-05-12T15:30:00Z,90,6,0,1,1,0,0,18,25.6,24.7,6.0,5.6,0.0,0.5,0.5,0.64,1,75
2023-24,37,370,7,Rob Holding,DEF,Crystal Palace,8,20,0,2024-05-11T14:00:00Z,0,0,0,0,0,0,0,0,0.0,0.0,0.0,0.0,0.0,0.0,0.0,0.0,0,43
2023-24,37,365,8,Gabriel Fernando de Jesus,FWD,Arsenal,1,14,0,2024-05-12T15:30:00Z,8,1,0,0,0,0,0,4,2.4,0.3,2.0,0.5,0.0,0.0,0.0,0.02,0,77
2023-24,37,365,9,Jorge Luiz Frello Filho,MID,Arsenal,1,14,0,2024-05-12T15:30:00Z,1,1,0,0,0,0,0,3,0.4,0.0,0.0,0.0,0.0,0.0,0.0,0.02,0,53
2023-24,37,365,10,Jakub Kiwior,DEF,Arsenal,1,14,0,2024-05-12T15:30:00Z,1,1,0,0,0,0,0,3,0.0,0.0,0.0,0.0,0.0,0.0,0.0,0.02,0,41
2023-24,37,365,11,Marcus Oliveira Alencar,MID,Arsenal,1,14,0,2024-05-12T15:30:00Z,0,0,0,0,0,0,0,0,0.0,0.0,0.0,0.0,0.0,0.0,0.0,0.0,0,45
2023-24,37,365,12,Gabriel Martinelli Silva,MID,Arsenal,1,14,0,2024-05-12T15:30:00Z,24,1,0,0,0,0,0,0,10.0,10.3,19.0,3.9,0.19,0.0,0.19,0.15,0,75
2023-24,37,365,13,Eddie Nketiah,FWD,Arsenal,1,14,0,2024-05-12T15:30:00Z,0,0,0,0,0,0,0,0,0.0,0.0,0.0,0.0,0.0,0.0,0.0,0.0,0,50
2023-24,37,365,14,Martin Ødegaard,MID,Arsenal,1,14,0,2024-05-12T15:30:00Z,90,3,0,0,1,0,0,11,12.8,15.9,13.0,4.2,0.08,0.04,0.12,0.62,1,86
2023-24,37,365,15,Thomas Partey,MID,Arsenal,1,14,0,2024-05-12T15:30:00Z,90,3,0,0,1,0,0,14,7.8,1.5,0.0,0.9,0.0,0.02,0.02,0.62,1,48
2023-24,37,365,16,Nicolas Pépé,MID,Arsenal,1,14,0,2024-05-12T15:30:00Z,0,0,0,0,0,0,0,0,0.0,0.0,0.0,0.0,0.0,0.0,0.0,0.0,0,49
2023-24,37,365,17,Aaron Ramsdale,GK,Arsenal,1,14,0,2024-05-12T15:30:00Z,0,0,0,0,0,0,0,0,0.0,0.0,0.0,0.0,0.0,0.0,0.0,0.0,0,45
2023-24,37,365,18,Rúnar Alex Rúnarsson,GK,Arsenal,1,14,0,2024-05-12T15:30:00Z,0,0,0,0,0,0,0,0,0.0,0.0,0.0,0.0,0.0,0.0,0.0,0.0,0,40
2023-24,37,365,19,Bukayo Saka,MID,Arsenal,1,14,0,2024-05-12T15:30:00Z,81,2,0,0,1,0,0,5,17.0,44.1,41.0,10.2,0.34,0.27,0.61,0.62,1,89
2023-24,37,365,20,William Saliba,DEF,Arsenal,1,14,0,2024-05-12T15:30:00Z,90,9,0,0,1,0,3,30,26.8,1.0,9.0,3.7,0.05,0.0,0.05,0.64,1,59
2023-24,37,369,21,Albert Sambi Lokonga,MID,Luton,12,19,0,2024-05-11T14:00:00Z,90,9,1,0,0,3,2,32,48.0,3.3,19.0,7.0,0.28,0.02,0.3,3.24,1,49
2023-24,37,365,22,Emile Smith Rowe,MID,Arsenal,1,14,0,2024-05-12T15:30:00Z,0,0,0,0,0,0,0,0,0.0,0.0,0.0,0.0,0.0,0.0,0.0,0.0,0,53
2023-24,37,367,23,Nuno Varela Tavares,DEF,Nott'm Forest,16,7,1,2024-05-11T16:30:00Z,0,0,0,0,0,0,0,0,0.0,0.0,0.0,0.0,0.0,0.0,0.0,0.0,0,40
2023-24,37,365,24,Kieran Tierney,DEF,Arsenal,1,14,0,2024-05-12T15:30:00Z,0,0,0,0,0,0,0,0,0.0,0.0,0.0,0.0,0.0,0.0,0.0,0.0,0,44
2023-24,37,365,25,Takehiro Tomiyasu,DEF,Arsenal,1,14,0,2024-05-12T15:30:00Z,90,6,0,0,1,0,0,18,8.2,4.2,4.0,1.6,0.02,0.0,0.02,0.64,1,45
2023-24,37,365,26,Leandro Trossard,MID,Arsenal,1,14,0,2024-05-12T15:30:00Z,65,11,1,0,1,0,3,30,42.6,14.0,35.0,9.2,0.64,0.62,1.26,0.48,1,65
2023-24,37,363,27,Auston Trusty,DEF,Sheffield Utd,17,9,0,2024-05-11T14:00:00Z,90,2,0,0,0,1,0,14,20.8,0.3,2.0,2.3,0.0,0.0,0.0,2.16,1,39
2023-24,37,367,28,Matt Turner,GK,Nott'm Forest,16,7,1,2024-05-11T16:30:00Z,0,0,0,0,0,0,0,0,0.0,0.0,0.0,0.0,0.0,0.0,0.0,0.0,0,38
2023-24,37,365,29,Benjamin White,DEF,Arsenal,1,14,0,2024-05-12T15:30:00Z,90,6,0,0,1,0,0,25,20.6,13.1,10.0,4.4,0.04,0.05,0.09,0.64,1,61
2023-24,37,365,30,Granit Xhaka,MID,Arsenal,1,14,0,2024-05-12T15:30:00Z,0,0,0,0,0,0,0,0,0.0,0.0,0.0,0.0,0.0,0.0,0.0,0.0,0,60
2023-24,37,365,31,Oleksandr Zinchenko,DEF,Arsenal,1,14,0,2024-05-12T15:30:00Z,0,0,0,0,0,0,0,0,0.0,0.0,0.0,0.0,0.0,0.0,0.0,0.0,0,50
2023-24,37,361,32,Alexandre Moreno Lopera,DEF,Aston Villa,2,11,1,2024-05-13T19:00:00Z,0,0,0,0,0,0,0,0,0.0,0.0,0.0,0.0,0.0,0.0,0.0,0.0,0,49
2023-24,37,363,33,Cameron Archer,FWD,Sheffield Utd,17,9,0,2024-05-11T14:00:00Z,80,2,0,0,0,1,0,0,0.0,1.6,15.0,1.5,0.14,0.01,0.15,1.92,1,42
2023-24,37,361,34,Leon Bailey,MID,Aston Villa,2,11,1,2024-05-13T19:00:00Z,90,2,0,0,0,3,0,9,11.8,38.2,26.0,7.6,0.15,0.81,0.96,1.73,1,54
2023-24,37,361,35,Emiliano Buendía Stati,MID,Aston Villa,2,11,1,2024-05-13T19:00:00Z,0,0,0,0,0,0,0,0,0.0,0.0,0.0,0.0,0.0,0.0,0.0,0.0,0,57
2023-24,37,361,36,Matty Cash,DEF,Aston Villa,2,11,1,2024-05-13T19:00:00Z,0,0,0,0,0,0,0,0,0.0,0.0,0.0,0.0,0.0,0.0,0.0,0.0,0,45
2023-24,37,361,37,Calum Chambers,DEF,Aston Villa,2,11,1,2024-05-13T19:00:00Z,10,4,0,1,0,0,0,13,20.2,10.3,0.0,3.1,0.0,0.0,0.0,0.13,0,38
2023-24,37,361,38,Philippe Coutinho Correia,MID,Aston Villa,2,11,1,2024-05-13T19:00:00Z,0,0,0,0,0,0,0,0,0.0,0.0,0.0,0.0,0.0,0.0,0.0,0.0,0,58
2023-24,37,361,39,Keinan Davis,FWD,Aston Villa,2,11,1,2024-05-13T19:00:00Z,0,0,0,0,0,0,0,0,0.0,0.0,0.0,0.0,0.0,0.0,0.0,0.0,0,49
2023-24,37,361,40,Leander Dendoncker,MID,Aston Villa,2,11,1,2024-05-13T19:00:00Z,0,0,0,0,0,0,0,0,0.0,0.0,0.0,0.0,0.0,0.0,0.0,0.0,0,49
2023-24,37,361,41,Diego Carlos Santos Silva,DEF,Aston Villa,2,11,1,2024-05-13T19:00:00Z,90,1,0,0,0,3,0,6,9.8,0.4,12.0,2.2,1.0,0.01,1.01,1.73,1,44
2023-24,37,361,42,Lucas Digne,DEF,Aston Villa,2,11,1,2024-05-13T19:00:00Z,90,1,0,0,0,3,0,10,12.8,19.7,3.0,3.6,0.01,0.04,0.05,1.73,1,46
2023-24,37,361,43,Douglas Luiz Soares de Paulo,MID,Aston Villa,2,11,1,2024-05-13T19:00:00Z,79,2,0,0,0,3,0,10,2.6,11.9,4.0,1.9,0.12,0.02,0.14,1.59,1,54
2023-24,37,361,44,Jhon Durán,FWD,Aston Villa,2,11,1,2024-05-13T19:00:00Z,11,12,2,0,0,0,3,53,70.0,0.0,21.0,9.1,0.4,0.0,0.4,0.13,0,50
2023-24,37,361,45,Kortney Hause,DEF,Aston Villa,2,11,1,2024-05-13T19:00:00Z,0,0,0,0,0,0,0,0,0.0,0.0,0.0,0.0,0.0,0.0,0.0,0.0,0,39
2023-24,37,361,46,Tim Iroegbunam,MID,Aston Villa,2,11,1,2024-05-13T19:00:00Z,0,0,0,0,0,0,0,0,0.0,0.0,0.0,0.0,0.0,0.0,0.0,0.0,0,44
2023-24,37,361,47,Boubacar Kamara,MID,Aston Villa,2,11,1,2024-05-13T19:00:00Z,0,0,0,0,0,0,0,0,0.0,0.0,0.0,0.0,0.0,0.0,0.0,0.0,0,50
2023-24,37,361,48,Ezri Konsa Ngoyo,DEF,Aston Villa,2,11,1,2024-05-13T19:00:00Z,90,1,0,0,0,3,0,12,16.4,1.7,2.0,2.0,0.0,0.02,0.02,1.73,1,45
2023-24,37,361,49,Emiliano Martínez Romero,GK,Aston Villa,2,11,1,2024-05-13T19:00:00Z,90,0,0,0,0,3,0,15,26.0,0.0,0.0,2.6,0.0,0.0,0.0,1.73,1,52
2023-24,37,361,50,John McGinn,MID,Aston Villa,2,11,1,2024-05-13T19:00:00Z,90,1,0,0,0,3,0,15,13.8,34.3,5.0,5.3,0.02,0.26,0.28,1.73,1,53
2023-24,37,361,51,Tyrone Mings,DEF,Aston Villa,2,11,1,2024-05-13T19:00:00Z,0,0,0,0,0,0,0,0,0.0,0.0,0.0,0.0,0.0,0.0,0.0,0.0,0,41
2023-24,37,369,52,Marvelous Nakamba,MID,Luton,12,19,0,2024-05-11T14:00:00Z,0,0,0,0,0,0,0,0,0.0,0.0,0.0,0.0,0.0,0.0,0.0,0.0,0,43
2023-24,37,361,53,Robin Olsen,GK,Aston Villa,2,11,1,2024-05-13T19:00:00Z,0,0,0,0,0,0,0,0,0.0,0.0,0.0,0.0,0.0,0.0,0.0,0.0,0,39
2023-24,37,361,54,Jaden Philogene-Bidace,MID,Aston Villa,2,11,1,2024-05-13T19:00:00Z,0,0,0,0,0,0,0,0,0.0,0.0,0.0,0.0,0.0,0.0,0.0,0.0,0,45
2023-24,37,361,55,Jacob Ramsey,MID,Aston Villa,2,11,1,2024-05-13T19:00:00Z,0,0,0,0,0,0,0,0,0.0,0.0,0.0,0.0,0.0,0.0,0.0,0.0,0,59
2023-24,37,361,56,Morgan Sanson,MID,Aston Villa,2,11,1,2024-05-13T19:00:00Z,0,0,0,0,0,0,0,0,0.0,0.0,0.0,0.0,0.0,0.0,0.0,0.0,0,45
2023-24,37,361,57,Viljami Sinisalo,GK,Aston Villa,2,11,1,2024-05-13T19:00:00Z,0,0,0,0,0,0,0,0,0.0,0.0,0.0,0.0,0.0,0.0,0.0,0.0,0,40
2023-24,37,361,58,Youri Tielemans,MID,Aston Villa,2,11,1,2024-05-13T19:00:00Z,64,8,1,0,0,3,1,28,44.4,4.6,17.0,6.6,0.17,0.09,0.26,1.34,1,56
2023-24,37,361,59,Bertrand Traoré,MID,Aston Villa,2,11,1,2024-05-13T19:00:00Z,0,0,0,0,0,0,0,0,0.0,0.0,0.0,0.0,0.0,0.0,0.0,0.0,0,50
2023-24,37,361,60,Ollie Watkins,FWD,Aston Villa,2,11,1,2024-05-13T19:00:00Z,90,5,0,1,0,3,0,10,18.4,23.9,21.0,6.3,0.54,0.07,0.61,1.73,1,89
2023-24,37,361,61,Wesley Moraes Ferreira da Silva,FWD,Aston Villa,2,11,1,2024-05-13T19:00:00Z,0,0,0,0,0,0,0,0,0.0,0.0,0.0,0.0,0.0,0.0,0.0,0.0,0,50
2023-24,37,362,62,Jaidon Anthony,MID,Bournemouth,3,4,1,2024-05-11T14:00:00Z,0,0,0,0,0,0,0,0,0.0,0.0,0.0,0.0,0.0,0.0,0.0,0.0,0,49
2023-24,37,362,63,Philip Billing,MID,Bournemouth,3,4,1,2024-05-11T14:00:00Z,0,0,0,0,0,0,0,0,0.0,0.0,0.0,0.0,0.0,0.0,0.0,0.0,0,51
2023-24,37,362,64,David Brooks,MID,Bournemouth,3,4,1,2024-05-11T14:00:00Z,0,0,0,0,0,0,0,0,0.0,0.0,0.0,0.0,0.0,0.0,0.0,0.0,0,47
2023-24,37,362,65,Ryan Christie,MID,Bournemouth,3,4,1,2024-05-11T14:00:00Z,80,3,0,0,1,0,0,18,27.4,24.7,0.0,5.2,0.0,0.1,0.1,0.78,1,50
2023-24,37,362,66,Lewis Cook,MID,Bournemouth,3,4,1,2024-05-11T14:00:00Z,90,2,0,0,0,2,0,13,17.4,38.5,7.0,6.3,0.01,0.12,0.13,1.44,1,49
2023-24,37,362,67,Siriki Dembélé,MID,Bournemouth,3,4,1,2024-05-11T14:00:00Z,0,0,0,0,0,0,0,0,0.0,0.0,0.0,0.0,0.0,0.0,0.0,0.0,0,45
2023-24,37,362,68,Ryan Fredericks,DEF,Bournemouth,3,4,1,2024-05-11T14:00:00Z,0,0,0,0,0,0,0,0,0.0,0.0,0.0,0.0,0.0,0.0,0.0,0.0,0,43
2023-24,37,362,69,James Hill,DEF,Bournemouth,3,4,1,2024-05-11T14:00:00Z,0,0,0,0,0,0,0,0,0.0,0.0,0.0,0.0,0.0,0.0,0.0,0.0,0,40
2023-24,37,362,70,Lloyd Kelly,DEF,Bournemouth,3,4,1,2024-05-11T14:00:00Z,90,1,0,0,0,2,0,8,13.8,2.8,4.0,2.1,0.03,0.01,0.04,1.44,1,45
2023-24,37,362,71,Gavin Kilkenny,MID,Bournemouth,3,4,1,2024-05-11T14:00:00Z,0,0,0,0,0,0,0,0,0.0,0.0,0.0,0.0,0.0,0.0,0.0,0.0,0,43
2023-24,37,362,72,Justin Kluivert,MID,Bournemouth,3,4,1,2024-05-11T14:00:00Z,66,3,0,0,1,0,0,4,0.8,13.0,6.0,2.0,0.0,0.15,0.15,0.74,1,46
2023-24,37,362,73,Jamal Lowe,MID,Bournemouth,3,4,1,2024-05-11T14:00:00Z,0,0,0,0,0,0,0,0,0.0,0.0,0.0,0.0,0.0,0.0,0.0,0.0,0,49
2023-24,37,362,74,Emiliano Marcondes,MID,Bournemouth,3,4,1,2024-05-11T14:00:00Z,0,0,0,0,0,0,0,0,0.0,0.0,0.0,0.0,0.0,0.0,0.0,0.0,0,43
2023-24,37,362,75,Chris Mepham,DEF,Bournemouth,3,4,1,2024-05-11T14:00:00Z,0,0,0,0,0,0,0,0,0.0,0.0,0.0,0.0,0.0,0.0,0.0,0.0,0,43
2023-24,37,362,76,Kieffer Moore,FWD,Bournemouth,3,4,1,2024-05-11T14:00:00Z,0,0,0,0,0,0,0,0,0.0,0.0,0.0,0.0,0.0,0.0,0.0,0.0,0,46
2023-24,37,362,77,Norberto Murara Neto,GK,Bournemouth,3,4,1,2024-05-11T14:00:00Z,0,0,0,0,0,0,0,0,0.0,0.0,0.0,0.0,0.0,0.0,0.0,0.0,0,46
2023-24,37,362,78,Dango Ouattara,MID,Bournemouth,3,4,1,2024-05-11T14:00:00Z,66,2,0,0,1,0,0,1,3.2,4.7,20.0,2.8,0.1,0.05,0.15,0.74,1,47
2023-24,37,362,79,Ben Pearson,MID,Bournemouth,3,4,1,2024-05-11T14:00:00Z,0,0,0,0,0,0,0,0,0.0,0.0,0.0,0.0,0.0,0.0,0.0,0.0,0,45
2023-24,37,362,80,Darren Randolph,GK,Bournemouth,3,4,1,2024-05-11T14:00:00Z,0,0,0,0,0,0,0,0,0.0,0.0,0.0,0.0,0.0,0.0,0.0,0.0,0,39
2023-24,37,362,81,Joe Rothwell,MID,Bournemouth,3,4,1,2024-05-11T14:00:00Z,0,0,0,0,0,0,0,0,0.0,0.0,0.0,0.0,0.0,0.0,0.0,0.0,0,48
2023-24,37,362,82,Antoine Semenyo,FWD,Bournemouth,3,4,1,2024-05-11T14:00:00Z,90,2,0,0,0,2,0,-3,2.2,14.3,34.0,5.1,0.13,0.05,0.18,1.44,1,45
2023-24,37,362,83,Marcos Senesi,DEF,Bournemouth,3,4,1,2024-05-11T14:00:00Z,90,4,0,1,0,2,1,29,40.4,40.8,0.0,8.1,0.0,0.21,0.21,1.44,1,44
2023-24,37,362,84,Adam Smith,DEF,Bournemouth,3,4,1,2024-05-11T14:00:00Z,80,6,0,0,1,0,0,20,6.8,2.3,0.0,0.9,0.0,0.01,0.01,0.78,1,44
2023-24,37,362,85,Dominic Solanke,FWD,Bournemouth,3,4,1,2024-05-11T14:00:00Z,90,6,1,0,0,2,0,27,32.8,2.3,41.0,7.6,0.39,0.04,0.43,1.44,1,70
2023-24,37,362,86,Marcus Tavernier,MID,Bournemouth,3,4,1,2024-05-11T14:00:00Z,23,1,0,0,0,2,0,1,1.2,1.6,4.0,0.7,0.0,0.0,0.0,0.69,0,50
2023-24,37,362,87,Hamed Traorè,MID,Bournemouth,3,4,1,2024-05-11T14:00:00Z,0,0,0,0,0,0,0,0,0.0,0.0,0.0,0.0,0.0,0.0,0.0,0.0,0,47
2023-24,37,362,88,Mark Travers,GK,Bournemouth,3,4,1,2024-05-11T14:00:00Z,90,1,0,0,0,2,0,13,14.4,0.0,0.0,1.4,0.0,0.0,0.0,1.44,1,40
2023-24,37,362,89,Illia Zabarnyi,DEF,Bournemouth,3,4,1,2024-05-11T14:00:00Z,90,1,0,0,0,2,0,10,11.2,2.1,0.0,1.3,0.0,0.01,0.01,1.44,1,44
2023-24,37,362,90,Kristoffer Ajer,DEF,Brentford,4,3,0,2024-05-11T14:00:00Z,61,6,0,0,1,0,0,21,4.4,1.4,4.0,1.0,0.0,0.08,0.08,0.36,1,44
2023-24,37,362,91,Ellery Balcombe,GK,Brentford,4,3,0,2024-05-11T14:00:00Z,0,0,0,0,0,0,0,0,0.0,0.0,0.0,0.0,0.0,0.0,0.0,0.0,0,39
2023-24,37,362,92,Shandon Baptiste,MID,Brentford,4,3,0,2024-05-11T14:00:00Z,0,0,0,0,0,0,0,0,0.0,0.0,0.0,0.0,0.0,0.0,0.0,0.0,0,43
2023-24,37,362,93,Mads Bech Sørensen,DEF,Brentford,4,3,0,2024-05-11T14:00:00Z,0,0,0,0,0,0,0,0,0.0,0.0,0.0,0.0,0.0,0.0,0.0,0.0,0,40
2023-24,37,362,94,Mads Bidstrup,MID,Brentford,4,3,0,2024-05-11T14:00:00Z,0,0,0,0,0,0,0,0,0.0,0.0,0.0,0.0,0.0,0.0,0.0,0.0,0,45
2023-24,37,362,95,Sergi Canós Tenés,MID,Brentford,4,3,0,2024-05-11T14:00:00Z,0,0,0,0,0,0,0,0,0.0,0.0,0.0,0.0,0.0,0.0,0.0,0.0,0,50
2023-24,37,362,96,Nathan Collins,DEF,Brentford,4,3,0,2024-05-11T14:00:00Z,90,2,0,0,0,1,0,8,13.4,11.1,8.0,3.3,0.0,0.01,0.01,0.69,1,45
2023-24,37,362,97,Matthew Cox,GK,Brentford,4,3,0,2024-05-11T14:00:00Z,0,0,0,0,0,0,0,0,0.0,0.0,0.0,0.0,0.0,0.0,0.0,0.0,0,40
2023-24,37,362,98,Mikkel Damsgaard,MID,Brentford,4,3,0,2024-05-11T14:00:00Z,74,3,0,0,1,0,0,9,7.0,6.6,0.0,1.4,0.0,0.05,0.05,0.57,1,48
2023-24,37,362,99,Josh Dasilva,MID,Brentford,4,3,0,2024-05-11T14:00:00Z,0,0,0,0,0,0,0,0,0.0,0.0,0.0,0.0,0.0,0.0,0.0,0.0,0,47
2023-24,37,362,100,Halil Dervişoğlu,FWD,Brentford,4,3,0,2024-05-11T14:00:00Z,0,0,0,0,0,0,0,0,0.0,0.0,0.0,0.0,0.0,0.0,0.0,0.0,0,45
2023-24,37,362,101,Mark Flekken,GK,Brentford,4,3,0,2024-05-11T14:00:00Z,90,3,0,0,0,1,0,16,23.2,10.0,0.0,3.3,0.0,0.0,0.0,0.69,1,47
2023-24,37,362,102,Charlie Goode,DEF,Brentford,4,3,0,2024-05-11T14:00:00Z,0,0,0,0,0,0,0,0,0.0,0.0,0.0,0.0,0.0,0.0,0.0,0.0,0,39
2023-24,37,362,103,Rico Henry,DEF,Brentford,4,3,0,2024-05-11T14:00:00Z,0,0,0,0,0,0,0,0,0.0,0.0,0.0,0.0,0.0,0.0,0.0,0.0,0,43
2023-24,37,362,104,Aaron Hickey,DEF,Brentford,4,3,0,2024-05-11T14:00:00Z,0,0,0,0,0,0,0,0,0.0,0.0,0.0,0.0,0.0,0.0,0.0,0.0,0,43
2023-24,37,362,105,Vitaly Janelt,MID,Brentford,4,3,0,2024-05-11T14:00:00Z,82,3,0,0,1,0,0,16,7.6,12.9,2.0,2.3,0.0,0.09,0.09,0.57,1,52
2023-24,37,362,106,Mathias Jensen,MID,Brentford,4,3,0,2024-05-11T14:00:00Z,27,0,0,0,0,1,0,2,2.6,4.2,0.0,0.7,0.0,0.13,0.13,0.33,0,52
2023-24,37,362,107,Keane Lewis-Potter,MID,Brentford,4,3,0,2024-05-11T14:00:00Z,62,3,0,0,1,0,0,2,3.2,14.1,39.0,5.6,0.22,0.05,0.27,0.36,1,47
2023-24,37,362,108,Bryan Mbeumo,MID,Brentford,4,3,0,2024-05-11T14:00:00Z,90,12,1,1,0,1,2,33,53.0,28.9,35.0,11.7,0.6,0.32,0.92,0.69,1,68
2023-24,37,362,109,Ben Mee,DEF,Brentford,4,3,0,2024-05-11T14:00:00Z,0,0,0,0,0,0,0,0,0.0,0.0,0.0,0.0,0.0,0.0,0.0,0.0,0,47
2023-24,37,362,110,Christian Nørgaard,MID,Brentford,4,3,0,2024-05-11T14:00:00Z,62,3,0,0,1,0,0,14,11.4,17.8,7.0,3.6,0.02,0.14,0.16,0.36,1,52
2023-24,37,362,111,Frank Onyeka,MID,Brentford,4,3,0,2024-05-11T14:00:00Z,0,0,0,0,0,0,0,0,0.0,0.0,0.0,0.0,0.0,0.0,0.0,0.0,0,49
2023-24,37,362,112,Ethan Pinnock,DEF,Brentford,4,3,0,2024-05-11T14:00:00Z,90,2,0,0,0,1,0,8,11.2,0.4,6.0,1.8,0.18,0.01,0.19,0.69,1,45
2023-24,37,365,113,David Raya Martin,GK,Arsenal,1,14,0,2024-05-12T15:30:00Z,90,5,0,0,1,0,0,23,13.8,0.0,0.0,1.4,0.0,0.0,0.0,0.64,1,52
2023-24,37,362,114,Mads Roerslev Rasmussen,DEF,Brentford,4,3,0,2024-05-11T14:00:00Z,28,1,0,0,0,1,0,5,6.4,0.1,0.0,0.7,0.0,0.0,0.0,0.33,0,44
2023-24,37,362,115,Kevin Schade,MID,Brentford,4,3,0,2024-05-11T14:00:00Z,15,1,0,0,0,1,0,-2,0.0,0.3,0.0,0.0,0.0,0.01,0.01,0.12,0,52
2023-24,37,362,116,Thomas Strakosha,GK,Brentford,4,3,0,2024-05-11T14:00:00Z,0,0,0,0,0,0,0,0,0.0,0.0,0.0,0.0,0.0,0.0,0.0,0.0,0,39
2023-24,37,362,117,Ivan Toney,FWD,Brentford,4,3,0,2024-05-11T14:00:00Z,90,1,0,0,0,1,0,3,4.0,1.8,18.0,2.4,0.19,0.02,0.21,0.69,1,77
2023-24,37,362,118,Ryan Trevitt,MID,Brentford,4,3,0,2024-05-11T14:00:00Z,0,0,0,0,0,0,0,0,0.0,0.0,0.0,0.0,0.0,0.0,0.0,0.0,0,45
2023-24,37,362,119,Yoane Wissa,FWD,Brentford,4,3,0,2024-05-11T14:00:00Z,27,11,1,1,0,1,3,44,54.8,21.6,37.0,11.3,0.23,0.07,0.3,0.33,0,57
2023-24,37,362,120,Yegor Yarmoliuk,MID,Brentford,4,3,0,2024-05-11T14:00:00Z,7,1,0,0,0,1,0,4,2.2,0.0,0.0,0.2,0.0,0.0,0.0,0.12,0,42
2023-24,37,362,121,Mathias Jorgensen,DEF,Brentford,4,3,0,2024-05-11T14:00:00Z,0,0,0,0,0,0,0,0,0.0,0.0,0.0,0.0,0.0,0.0,0.0,0.0,0,43
2023-24,37,332,122,Simon Adingra,MID,Brighton,5,7,1,2024-05-15T18:45:00Z,90,2,0,0,0,2,0,3,3.8,7.5,35.0,4.6,0.25,0.12,0.37,1.48,1,50
2023-24,37,366,122,Simon Adingra,MID,Brighton,5,15,0,2024-05-11T14:00:00Z,86,2,0,0,0,1,0,17,16.6,23.3,15.0,5.5,0.11,0.14,0.25,2.18,1,50
2023-24,37,332,123,Steven Alzate,MID,Brighton,5,7,1,2024-05-15T18:45:00Z,0,0,0,0,0,0,0,0,0.0,0.0,0.0,0.0,0.0,0.0,0.0,0.0,0,44
2023-24,37,366,123,Steven Alzate,MID,Brighton,5,15,0,2024-05-11T14:00:00Z,0,0,0,0,0,0,0,0,0.0,0.0,0.0,0.0,0.0,0.0,0.0,0.0,0,44
2023-24,37,332,124,Yasin Ayari,MID,Brighton,5,7,1,2024-05-15T18:45:00Z,0,0,0,0,0,0,0,0,0.0,0.0,0.0,0.0,0.0,0.0,0.0,0.0,0,45
2023-24,37,366,124,Yasin Ayari,MID,Brighton,5,15,0,2024-05-11T14:00:00Z,0,0,0,0,0,0,0,0,0.0,0.0,0.0,0.0,0.0,0.0,0.0,0.0,0,45
2023-24,37,332,125,Facundo Buonanotte,MID,Brighton,5,7,1,2024-05-15T18:45:00Z,69,2,0,0,0,2,0,5,3.8,13.3,0.0,1.7,0.0,0.01,0.01,1.45,1,47
2023-24,37,366,125,Facundo Buonanotte,MID,Brighton,5,15,0,2024-05-11T14:00:00Z,66,2,0,0,0,1,0,6,6.0,7.4,5.0,1.8,0.08,0.01,0.09,1.93,1,47
2023-24,37,332,126,Moisés Caicedo Corozo,MID,Chelsea,7,5,0,2024-05-15T18:45:00Z,90,1,0,0,0,1,0,11,9.4,23.2,0.0,3.3,0.0,0.02,0.02,1.24,1,45
2023-24,37,367,126,Moisés Caicedo Corozo,MID,Chelsea,7,16,0,2024-05-11T16:30:00Z,90,8,0,1,0,2,3,31,44.0,33.8,0.0,7.8,0.0,0.26,0.26,1.62,1,45
2023-24,37,332,127,Aaron Connolly,FWD,Brighton,5,7,1,2024-05-15T18:45:00Z,0,0,0,0,0,0,0,0,0.0,0.0,0.0,0.0,0.0,0.0,0.0,0.0,0,45
2023-24,37,366,127,Aaron Connolly,FWD,Brighton,5,15,0,2024-05-11T14:00:00Z,0,0,0,0,0,0,0,0,0.0,0.0,0.0,0.0,0.0,0.0,0.0,0.0,0,45
2023-24,37,332,128,Mahmoud Dahoud,MID,Brighton,5,7,1,2024-05-15T18:45:00Z,0,0,0,0,0,0,0,0,0.0,0.0,0.0,0.0,0.0,0.0,0.0,0.0,0,48
2023-24,37,366,128,Mahmoud Dahoud,MID,Brighton,5,15,0,2024-05-11T14:00:00Z,0,0,0,0,0,0,0,0,0.0,0.0,0.0,0.0,0.0,0.0,0.0,0.0,0,48
2023-24,37,332,129,Lewis Dunk,DEF,Brighton,5,7,1,2024-05-15T18:45:00Z,45,0,0,0,0,1,0,8,11.0,0.3,0.0,1.1,0.0,0.0,0.0,1.0,1,52
2023-24,37,366,129,Lewis Dunk,DEF,Brighton,5,15,0,2024-05-11T14:00:00Z,90,2,0,0,0,1,0,15,10.4,0.3,8.0,1.9,0.03,0.0,0.03,2.27,1,52
2023-24,37,332,130,Julio Enciso,MID,Brighton,5,7,1,2024-05-15T18:45:00Z,84,2,0,0,0,2,0,7,8.8,9.9,8.0,2.7,0.07,0.04,0.11,1.48,1,50
2023-24,37,366,130,Julio Enciso,MID,Brighton,5,15,0,2024-05-11T14:00:00Z,66,1,0,0,0,1,0,2,7.6,27.0,29.0,6.4,0.29,0.37,0.66,1.93,1,50
2023-24,37,332,131,Pervis Estupiñán,DEF,Brighton,5,7,1,2024-05-15T18:45:00Z,0,0,0,0,0,0,0,0,0.0,0.0,0.0,0.0,0.0,0.0,0.0,0.0,0,48
2023-24,37,366,131,Pervis Estupiñán,DEF,Brighton,5,15,0,2024-05-11T14:00:00Z,0,0,0,0,0,0,0,0,0.0,0.0,0.0,0.0,0.0,0.0,0.0,0.0,0,48
2023-24,37,332,132,Evan Ferguson,FWD,Brighton,5,7,1,2024-05-15T18:45:00Z,0,0,0,0,0,0,0,0,0.0,0.0,0.0,0.0,0.0,0.0,0.0,0.0,0,57
2023-24,37,366,132,Evan Ferguson,FWD,Brighton,5,15,0,2024-05-11T14:00:00Z,0,0,0,0,0,0,0,0,0.0,0.0,0.0,0.0,0.0,0.0,0.0,0.0,0,57
2023-24,37,332,133,Billy Gilmour,MID,Brighton,5,7,1,2024-05-15T18:45:00Z,69,2,0,0,0,2,0,13,3.6,9.6,0.0,1.3,0.0,0.08,0.08,1.45,1,48
2023-24,37,366,133,Billy Gilmour,MID,Brighton,5,15,0,2024-05-11T14:00:00Z,86,1,0,0,0,1,0,13,14.0,5.2,2.0,2.1,0.06,0.02,0.08,2.18,1,48
2023-24,37,332,134,Pascal Groß,MID,Brighton,5,7,1,2024-05-15T18:45:00Z,90,2,0,0,0,2,0,12,15.6,39.1,9.0,6.4,0.41,0.34,0.75,1.48,1,61
2023-24,37,366,134,Pascal Groß,MID,Brighton,5,15,0,2024-05-11T14:00:00Z,90,2,0,0,0,1,0,16,18.2,62.1,3.0,8.3,0.03,0.25,0.28,2.27,1,61
2023-24,37,332,135,João Pedro Junqueira de Jesus,FWD,Brighton,5,7,1,2024-05-15T18:45:00Z,90,5,0,1,0,2,0,23,31.0,23.8,20.0,7.5,0.03,0.87,0.9,1.48,1,52
2023-24,37,366,135,João Pedro Junqueira de Jesus,FWD,Brighton,5,15,0,2024-05-11T14:00:00Z,0,0,0,0,0,0,0,0,0.0,0.0,0.0,0.0,0.0,0.0,0.0,0.0,0,52
2023-24,37,332,136,Michał Karbownik,DEF,Brighton,5,7,1,2024-05-15T18:45:00Z,0,0,0,0,0,0,0,0,0.0,0.0,0.0,0.0,0.0,0.0,0.0,0.0,0,40
2023-24,37,366,136,Michał Karbownik,DEF,Brighton,5,15,0,2024-05-11T14:00:00Z,0,0,0,0,0,0,0,0,0.0,0.0,0.0,0.0,0.0,0.0,0.0,0.0,0,40
2023-24,37,332,137,Kacper Kozłowski,MID,Brighton,5,7,1,2024-05-15T18:45:00Z,0,0,0,0,0,0,0,0,0.0,0.0,0.0,0.0,0.0,0.0,0.0,0.0,0,45
2023-24,37,366,137,Kacper Kozłowski,MID,Brighton,5,15,0,2024-05-11T14:00:00Z,0,0,0,0,0,0,0,0,0.0,0.0,0.0,0.0,0.0,0.0,0.0,0.0,0,45
2023-24,37,332,138,Adam Lallana,MID,Brighton,5,7,1,2024-05-15T18:45:00Z,0,0,0,0,0,0,0,0,0.0,0.0,0.0,0.0,0.0,0.0,0.0,0.0,0,49
2023-24,37,366,138,Adam Lallana,MID,Brighton,5,15,0,2024-05-11T14:00:00Z,0,0,0,0,0,0,0,0,0.0,0.0,0.0,0.0,0.0,0.0,0.0,0.0,0,49
2023-24,37,332,139,Tariq Lamptey,DEF,Brighton,5,7,1,2024-05-15T18:45:00Z,84,1,0,0,0,2,0,20,18.8,59.8,4.0,8.3,0.0,0.28,0.28,1.48,1,39
2023-24,37,366,139,Tariq Lamptey,DEF,Brighton,5,15,0,2024-05-11T14:00:00Z,50,1,0,0,0,1,0,5,13.8,1.3,0.0,1.5,0.0,0.01,0.01,1.56,0,39
2023-24,37,332,140,Solly March,MID,Brighton,5,7,1,2024-05-15T18:45:00Z,0,0,0,0,0,0,0,0,0.0,0.0,0.0,0.0,0.0,0.0,0.0,0.0,0,61
2023-24,37,366,140,Solly March,MID,Brighton,5,15,0,2024-05-11T14:00:00Z,0,0,0,0,0,0,0,0,0.0,0.0,0.0,0.0,0.0,0.0,0.0,0.0,0,61
2023-24,37,332,141,Tom McGill,GK,Brighton,5,7,1,2024-05-15T18:45:00Z,0,0,0,0,0,0,0,0,0.0,0.0,0.0,0.0,0.0,0.0,0.0,0.0,0,39
2023-24,37,366,141,Tom McGill,GK,Brighton,5,15,0,2024-05-11T14:00:00Z,0,0,0,0,0,0,0,0,0.0,0.0,0.0,0.0,0.0,0.0,0.0,0.0,0,39
2023-24,37,332,142,James Milner,MID,Brighton,5,7,1,2024-05-15T18:45:00Z,0,0,0,0,0,0,0,0,0.0,0.0,0.0,0.0,0.0,0.0,0.0,0.0,0,48
2023-24,37,366,142,James Milner,MID,Brighton,5,15,0,2024-05-11T14:00:00Z,0,0,0,0,0,0,0,0,0.0,0.0,0.0,0.0,0.0,0.0,0.0,0.0,0,48
2023-24,37,332,143,Kaoru Mitoma,MID,Brighton,5,7,1,2024-05-15T18:45:00Z,0,0,0,0,0,0,0,0,0.0,0.0,0.0,0.0,0.0,0.0,0.0,0.0,0,64
2023-24,37,366,143,Kaoru Mitoma,MID,Brighton,5,15,0,2024-05-11T14:00:00Z,0,0,0,0,0,0,0,0,0.0,0.0,0.0,0.0,0.0,0.0,0.0,0.0,0,64
2023-24,37,332,144,Jakub Moder,MID,Brighton,5,7,1,2024-05-15T18:45:00Z,0,0,0,0,0,0,0,0,0.0,0.0,0.0,0.0,0.0,0.0,0.0,0.0,0,44
2023-24,37,366,144,Jakub Moder,MID,Brighton,5,15,0,2024-05-11T14:00:00Z,23,1,0,0,0,0,0,4,6.0,1.2,0.0,0.7,0.0,0.02,0.02,0.34,0,44
2023-24,37,332,145,Robert Sánchez,GK,Chelsea,7,5,0,2024-05-15T18:45:00Z,0,0,0,0,0,0,0,0,0.0,0.0,0.0,0.0,0.0,0.0,0.0,0.0,0,45
2023-24,37,367,145,Robert Sánchez,GK,Chelsea,7,16,0,2024-05-11T16:30:00Z,0,0,0,0,0,0,0,0,0.0,0.0,0.0,0.0,0.0,0.0,0.0,0.0,0,45
2023-24,37,332,146,Jeremy Sarmiento Morante,MID,Brighton,5,7,1,2024-05-15T18:45:00Z,0,0,0,0,0,0,0,0,0.0,0.0,0.0,0.0,0.0,0.0,0.0,0.0,0,45
2023-24,37,366,146,Jeremy Sarmiento Morante,MID,Brighton,5,15,0,2024-05-11T14:00:00Z,0,0,0,0,0,0,0,0,0.0,0.0,0.0,0.0,0.0,0.0,0.0,0.0,0,45
2023-24,37,332,147,Kjell Scherpen,GK,Brighton,5,7,1,2024-05-15T18:45:00Z,0,0,0,0,0,0,0,0,0.0,0.0,0.0,0.0,0.0,0.0,0.0,0.0,0,40
2023-24,37,366,147,Kjell Scherpen,GK,Brighton,5,15,0,2024-05-11T14:00:00Z,0,0,0,0,0,0,0,0,0.0,0.0,0.0,0.0,0.0,0.0,0.0,0.0,0,40
2023-24,37,332,148,Jason Steele,GK,Brighton,5,7,1,2024-05-15T18:45:00Z,0,0,0,0,0,0,0,0,0.0,0.0,0.0,0.0,0.0,0.0,0.0,0.0,0,40
2023-24,37,366,148,Jason Steele,GK,Brighton,5,15,0,2024-05-11T14:00:00Z,0,0,0,0,0,0,0,0,0.0,0.0,0.0,0.0,0.0,0.0,0.0,0.0,0,40
2023-24,37,332,149,Deniz Undav,FWD,Brighton,5,7,1,2024-05-15T18:45:00Z,0,0,0,0,0,0,0,0,0.0,0.0,0.0,0.0,0.0,0.0,0.0,0.0,0,55
2023-24,37,366,149,Deniz Undav,FWD,Brighton,5,15,0,2024-05-11T14:00:00Z,0,0,0,0,0,0,0,0,0.0,0.0,0.0,0.0,0.0,0.0,0.0,0.0,0,55
2023-24,37,332,150,Jan Paul van Hecke,DEF,Brighton,5,7,1,2024-05-15T18:45:00Z,0,0,0,0,0,0,0,0,0.0,0.0,0.0,0.0,0.0,0.0,0.0,0.0,0,40
2023-24,37,366,150,Jan Paul van Hecke,DEF,Brighton,5,15,0,2024-05-11T14:00:00Z,0,0,0,0,0,0,0,0,0.0,0.0,0.0,0.0,0.0,0.0,0.0,0.0,0,40
2023-24,37,332,151,Joël Veltman,DEF,Brighton,5,7,1,2024-05-15T18:45:00Z,0,0,0,0,0,0,0,0,0.0,0.0,0.0,0.0,0.0,0.0,0.0,0.0,0,43
2023-24,37,366,151,Joël Veltman,DEF,Brighton,5,15,0,2024-05-11T14:00:00Z,39,7,1,0,0,0,0,15,37.2,0.3,33.0,7.1,0.11,0.0,0.11,0.71,1,43
2023-24,37,332,152,Bart Verbruggen,GK,Brighton,5,7,1,2024-05-15T18:45:00Z,90,1,0,0,0,2,0,13,22.4,0.0,0.0,2.2,0.0,0.0,0.0,1.48,1,44
2023-24,37,366,152,Bart Verbruggen,GK,Brighton,5,15,0,2024-05-11T14:00:00Z,90,5,0,0,0,1,1,25,54.6,0.0,0.0,5.5,0.0,0.0,0.0,2.27,1,44
2023-24,37,332,153,Adam Webster,DEF,Brighton,5,7,1,2024-05-15T18:45:00Z,90,1,0,0,0,2,0,10,15.0,2.3,4.0,2.1,0.0,0.02,0.02,1.48,1,42
2023-24,37,366,153,Adam Webster,DEF,Brighton,5,15,0,2024-05-11T14:00:00Z,90,2,0,0,0,1,0,12,24.6,0.4,0.0,2.5,0.0,0.01,0.01,2.27,1,42
2023-24,37,332,154,Danny Welbeck,FWD,Brighton,5,7,1,2024-05-15T18:45:00Z,20,5,1,0,0,0,0,27,33.0,3.0,43.0,7.9,0.44,0.0,0.44,0.04,0,57
2023-24,37,366,154,Danny Welbeck,FWD,Brighton,5,15,0,2024-05-11T14:00:00Z,90,4,0,1,0,1,0,8,7.8,16.6,28.0,5.2,0.58,0.06,0.64,2.27,1,57
2023-24,37,332,155,Andi Zeqiri,FWD,Brighton,5,7,1,2024-05-15T18:45:00Z,0,0,0,0,0,0,0,0,0.0,0.0,0.0,0.0,0.0,0.0,0.0,0.0,0,44
2023-24,37,366,155,Andi Zeqiri,FWD,Brighton,5,15,0,2024-05-11T14:00:00Z,0,0,0,0,0,0,0,0,0.0,0.0,0.0,0.0,0.0,0.0,0.0,0.0,0,44
2023-24,37,368,156,Enock Agyei,MID,Burnley,6,18,0,2024-05-11T14:00:00Z,0,0,0,0,0,0,0,0,0.0,0.0,0.0,0.0,0.0,0.0,0.0,0.0,0,42
2023-24,37,368,157,Ameen Al-Dakhil,DEF,Burnley,6,18,0,2024-05-11T14:00:00Z,0,0,0,0,0,0,0,0,0.0,0.0,0.0,0.0,0.0,0.0,0.0,0.0,0,38
2023-24,37,368,158,Samuel Bastien,MID,Burnley,6,18,0,2024-05-11T14:00:00Z,0,0,0,0,0,0,0,0,0.0,0.0,0.0,0.0,0.0,0.0,0.0,0.0,0,49
2023-24,37,368,159,Manuel Benson Hedilazio,MID,Burnley,6,18,0,2024-05-11T14:00:00Z,18,1,0,0,0,1,0,2,0.6,0.4,0.0,0.1,0.0,0.01,0.01,1.13,0,52
2023-24,37,368,160,Jordan Beyer,DEF,Burnley,6,18,0,2024-05-11T14:00:00Z,0,0,0,0,0,0,0,0,0.0,0.0,0.0,0.0,0.0,0.0,0.0,0.0,0,39
2023-24,37,368,161,Josh Brownhill,MID,Burnley,6,18,0,2024-05-11T14:00:00Z,0,0,0,0,0,0,0,0,0.0,0.0,0.0,0.0,0.0,0.0,0.0,0.0,0,47
2023-24,37,368,162,Darko Churlinov,MID,Burnley,6,18,0,2024-05-11T14:00:00Z,0,0,0,0,0,0,0,0,0.0,0.0,0.0,0.0,0.0,0.0,0.0,0.0,0,44
2023-24,37,368,163,Jack Cork,MID,Burnley,6,18,0,2024-05-11T14:00:00Z,0,0,0,0,0,0,0,0,0.0,0.0,0.0,0.0,0.0,0.0,0.0,0.0,0,48
2023-24,37,368,164,Dara Costelloe,MID,Burnley,6,18,0,2024-05-11T14:00:00Z,0,0,0,0,0,0,0,0,0.0,0.0,0.0,0.0,0.0,0.0,0.0,0.0,0,45
2023-24,37,368,165,Josh Cullen,MID,Burnley,6,18,0,2024-05-11T14:00:00Z,87,1,0,0,0,2,0,3,14.0,1.3,0.0,1.5,0.0,0.02,0.02,2.5,1,50
2023-24,37,368,166,CJ Egan-Riley,DEF,Burnley,6,18,0,2024-05-11T14:00:00Z,0,0,0,0,0,0,0,0,0.0,0.0,0.0,0.0,0.0,0.0,0.0,0.0,0,39
2023-24,37,368,167,Hjalmar Ekdal,DEF,Burnley,6,18,0,2024-05-11T14:00:00Z,0,0,0,0,0,0,0,0,0.0,0.0,0.0,0.0,0.0,0.0,0.0,0.0,0,39
2023-24,37,368,168,Lyle Foster,FWD,Burnley,6,18,0,2024-05-11T14:00:00Z,86,2,0,0,0,2,0,5,1.6,10.9,2.0,1.5,0.0,0.02,0.02,2.5,1,47
2023-24,37,368,169,Denis Franchi,GK,Burnley,6,18,0,2024-05-11T14:00:00Z,0,0,0,0,0,0,0,0,0.0,0.0,0.0,0.0,0.0,0.0,0.0,0.0,0,39
2023-24,37,368,170,Jóhann Berg Gudmundsson,MID,Burnley,6,18,0,2024-05-11T14:00:00Z,0,0,0,0,0,0,0,0,0.0,0.0,0.0,0.0,0.0,0.0,0.0,0.0,0,48
2023-24,37,368,171,Luke McNally,DEF,Burnley,6,18,0,2024-05-11T14:00:00Z,0,0,0,0,0,0,0,0,0.0,0.0,0.0,0.0,0.0,0.0,0.0,0.0,0,40
2023-24,37,368,172,Arijanet Muric,GK,Burnley,6,18,0,2024-05-11T14:00:00Z,90,5,0,0,0,2,2,25,58.4,0.0,0.0,5.8,0.0,0.0,0.0,2.5,1,43
2023-24,37,368,173,Dara O'Shea,DEF,Burnley,6,18,0,2024-05-11T14:00:00Z,90,1,0,0,0,2,0,14,26.8,14.2,5.0,4.6,0.03,0.09,0.12,2.5,1,44
2023-24,37,368,174,Michael Obafemi,FWD,Burnley,6,18,0,2024-05-11T14:00:00Z,0,0,0,0,0,0,0,0,0.0,0.0,0.0,0.0,0.0,0.0,0.0,0.0,0,49
2023-24,37,368,175,Bailey Peacock-Farrell,GK,Burnley,6,18,0,2024-05-11T14:00:00Z,0,0,0,0,0,0,0,0,0.0,0.0,0.0,0.0,0.0,0.0,0.0,0.0,0,40
2023-24,37,368,176,Connor Roberts,DEF,Burnley,6,18,0,2024-05-11T14:00:00Z,0,0,0,0,0,0,0,0,0.0,0.0,0.0,0.0,0.0,0.0,0.0,0.0,0,43
2023-24,37,368,177,Jay Rodriguez,FWD,Burnley,6,18,0,2024-05-11T14:00:00Z,0,0,0,0,0,0,0,0,0.0,0.0,0.0,0.0,0.0,0.0,0.0,0.0,0,53
2023-24,37,368,178,Charlie Taylor,DEF,Burnley,6,18,0,2024-05-11T14:00:00Z,90,0,0,0,0,2,0,7,10.6,11.2,0.0,2.2,0.0,0.0,0.0,2.5,1,39
2023-24,37,368,179,Bobby Thomas,DEF,Burnley,6,18,0,2024-05-11T14:00:00Z,0,0,0,0,0,0,0,0,0.0,0.0,0.0,0.0,0.0,0.0,0.0,0.0,0,40
2023-24,37,368,180,Scott Twine,MID,Burnley,6,18,0,2024-05-11T14:00:00Z,0,0,0,0,0,0,0,0,0.0,0.0,0.0,0.0,0.0,0.0,0.0,0.0,0,49
2023-24,37,368,181,Lawrence Vigouroux,GK,Burnley,6,18,0,2024-05-11T14:00:00Z,0,0,0,0,0,0,0,0,0.0,0.0,0.0,0.0,0.0,0.0,0.0,0.0,0,39
2023-24,37,368,182,Victor da Silva,DEF,Burnley,6,18,0,2024-05-11T14:00:00Z,71,2,0,0,0,1,0,5,8.4,3.4,33.0,4.5,0.21,0.0,0.21,1.37,1,44
2023-24,37,368,183,Wout Weghorst,FWD,Burnley,6,18,0,2024-05-11T14:00:00Z,0,0,0,0,0,0,0,0,0.0,0.0,0.0,0.0,0.0,0.0,0.0,0.0,0,55
2023-24,37,368,184,Anass Zaroury,MID,Burnley,6,18,0,2024-05-11T14:00:00Z,0,0,0,0,0,0,0,0,0.0,0.0,0.0,0.0,0.0,0.0,0.0,0.0,0,46
2023-24,37,332,185,Ethan Ampadu,DEF,Chelsea,7,5,0,2024-05-15T18:45:00Z,0,0,0,0,0,0,0,0,0.0,0.0,0.0,0.0,0.0,0.0,0.0,0.0,0,40
2023-24,37,367,185,Ethan Ampadu,DEF,Chelsea,7,16,0,2024-05-11T16:30:00Z,0,0,0,0,0,0,0,0,0.0,0.0,0.0,0.0,0.0,0.0,0.0,0.0,0,40
2023-24,37,332,186,Andrey Nascimento dos Santos,MID,Chelsea,7,5,0,2024-05-15T18:45:00Z,0,0,0,0,0,0,0,0,0.0,0.0,0.0,0.0,0.0,0.0,0.0,0.0,0,42
2023-24,37,367,186,Andrey Nascimento dos Santos,MID,Chelsea,7,16,0,2024-05-11T16:30:00Z,0,0,0,0,0,0,0,0,0.0,0.0,0.0,0.0,0.0,0.0,0.0,0.0,0,42
2023-24,37,332,187,Kepa Arrizabalaga,GK,Chelsea,7,5,0,2024-05-15T18:45:00Z,0,0,0,0,0,0,0,0,0.0,0.0,0.0,0.0,0.0,0.0,0.0,0.0,0,50
2023-24,37,367,187,Kepa Arrizabalaga,GK,Chelsea,7,16,0,2024-05-11T16:30:00Z,0,0,0,0,0,0,0,0,0.0,0.0,0.0,0.0,0.0,0.0,0.0,0.0,0,50
2023-24,37,332,188,Pierre-Emerick Aubameyang,FWD,Chelsea,7,5,0,2024-05-15T18:45:00Z,0,0,0,0,0,0,0,0,0.0,0.0,0.0,0.0,0.0,0.0,0.0,0.0,0,65
2023-24,37,367,188,Pierre-Emerick Aubameyang,FWD,Chelsea,7,16,0,2024-05-11T16:30:00Z,0,0,0,0,0,0,0,0,0.0,0.0,0.0,0.0,0.0,0.0,0.0,0.0,0,65
2023-24,37,332,189,César Azpilicueta,DEF,Chelsea,7,5,0,2024-05-15T18:45:00Z,0,0,0,0,0,0,0,0,0.0,0.0,0.0,0.0,0.0,0.0,0.0,0.0,0,45
2023-24,37,367,189,César Azpilicueta,DEF,Chelsea,7,16,0,2024-05-11T16:30:00Z,0,0,0,0,0,0,0,0,0.0,0.0,0.0,0.0,0.0,0.0,0.0,0.0,0,45
2023-24,37,332,190,Abdul Rahman Baba,DEF,Chelsea,7,5,0,2024-05-15T18:45:00Z,0,0,0,0,0,0,0,0,0.0,0.0,0.0,0.0,0.0,0.0,0.0,0.0,0,40
2023-24,37,367,190,Abdul Rahman Baba,DEF,Chelsea,7,16,0,2024-05-11T16:30:00Z,0,0,0,0,0,0,0,0,0.0,0.0,0.0,0.0,0.0,0.0,0.0,0.0,0,40
2023-24,37,332,191,Benoît Badiashile,DEF,Chelsea,7,5,0,2024-05-15T18:45:00Z,90,2,0,0,0,1,0,13,11.2,0.5,2.0,1.4,0.0,0.0,0.0,1.24,1,44
2023-24,37,367,191,Benoît Badiashile,DEF,Chelsea,7,16,0,2024-05-11T16:30:00Z,57,0,0,0,0,1,0,7,8.6,0.9,2.0,1.2,0.03,0.0,0.03,1.43,1,44
2023-24,37,332,192,Marcus Bettinelli,GK,Chelsea,7,5,0,2024-05-15T18:45:00Z,0,0,0,0,0,0,0,0,0.0,0.0,0.0,0.0,0.0,0.0,0.0,0.0,0,40
2023-24,37,367,192,Marcus Bettinelli,GK,Chelsea,7,16,0,2024-05-11T16:30:00Z,0,0,0,0,0,0,0,0,0.0,0.0,0.0,0.0,0.0,0.0,0.0,0.0,0,40
2023-24,37,364,193,Armando Broja,FWD,Fulham,10,13,1,2024-05-11T11:30:00Z,23,1,0,0,0,2,0,2,0.0,0.0,0.0,0.0,0.0,0.0,0.0,1.28,0,49
2023-24,37,332,194,Trevoh Chalobah,DEF,Chelsea,7,5,0,2024-05-15T18:45:00Z,90,2,0,0,0,1,0,23,36.2,0.6,2.0,3.9,0.0,0.01,0.01,1.24,1,43
2023-24,37,367,194,Trevoh Chalobah,DEF,Chelsea,7,16,0,2024-05-11T16:30:00Z,90,1,0,0,0,2,0,15,19.4,2.4,0.0,2.2,0.0,0.01,0.01,1.62,1,43
2023-24,37,332,195,Ben Chilwell,DEF,Chelsea,7,5,0,2024-05-15T18:45:00Z,0,0,0,0,0,0,0,0,0.0,0.0,0.0,0.0,0.0,0.0,0.0,0.0,0,54
2023-24,37,367,195,Ben Chilwell,DEF,Chelsea,7,16,0,2024-05-11T16:30:00Z,0,0,0,0,0,0,0,0,0.0,0.0,0.0,0.0,0.0,0.0,0.0,0.0,0,54
2023-24,37,332,196,Carney Chukwuemeka,MID,Chelsea,7,5,0,2024-05-15T18:45:00Z,0,0,0,0,0,0,0,0,0.0,0.0,0.0,0.0,0.0,0.0,0.0,0.0,0,42
2023-24,37,367,196,Carney Chukwuemeka,MID,Chelsea,7,16,0,2024-05-11T16:30:00Z,0,0,0,0,0,0,0,0,0.0,0.0,0.0,0.0,0.0,0.0,0.0,0.0,0,42
2023-24,37,332,197,Levi Colwill,DEF,Chelsea,7,5,0,2024-05-15T18:45:00Z,0,0,0,0,0,0,0,0,0.0,0.0,0.0,0.0,0.0,0.0,0.0,0.0,0,46
2023-24,37,367,197,Levi Colwill,DEF,Chelsea,7,16,0,2024-05-11T16:30:00Z,0,0,0,0,0,0,0,0,0.0,0.0,0.0,0.0,0.0,0.0,0.0,0.0,0,46
2023-24,37,332,198,Marc Cucurella Saseta,DEF,Chelsea,7,5,0,2024-05-15T18:45:00Z,90,5,0,1,0,1,0,22,28.2,21.5,2.0,5.2,0.0,0.1,0.1,1.24,1,49
2023-24,37,367,198,Marc Cucurella Saseta,DEF,Chelsea,7,16,0,2024-05-11T16:30:00Z,90,1,0,0,0,2,0,13,12.4,7.2,2.0,2.2,0.0,0.03,0.03,1.62,1,49
2023-24,37,332,199,Enzo Fernández,MID,Chelsea,7,5,0,2024-05-15T18:45:00Z,0,0,0,0,0,0,0,0,0.0,0.0,0.0,0.0,0.0,0.0,0.0,0.0,0,48
2023-24,37,367,199,Enzo Fernández,MID,Chelsea,7,16,0,2024-05-11T16:30:00Z,0,0,0,0,0,0,0,0,0.0,0.0,0.0,0.0,0.0,0.0,0.0,0.0,0,48
2023-24,37,368,200,David Datro Fofana,FWD,Burnley,6,18,0,2024-05-11T14:00:00Z,3,1,0,0,0,0,0,2,0.0,0.3,0.0,0.0,0.0,0.0,0.0,0.0,0,50
2023-24,37,332,201,Wesley Fofana,DEF,Chelsea,7,5,0,2024-05-15T18:45:00Z,0,0,0,0,0,0,0,0,0.0,0.0,0.0,0.0,0.0,0.0,0.0,0.0,0,44
2023-24,37,367,201,Wesley Fofana,DEF,Chelsea,7,16,0,2024-05-11T16:30:00Z,0,0,0,0,0,0,0,0,0.0,0.0,0.0,0.0,0.0,0.0,0.0,0.0,0,44
2023-24,37,332,202,Conor Gallagher,MID,Chelsea,7,5,0,2024-05-15T18:45:00Z,90,2,0,0,0,1,0,14,14.8,4.8,2.0,2.2,0.0,0.04,0.04,1.06,1,54
2023-24,37,367,202,Conor Gallagher,MID,Chelsea,7,16,0,2024-05-11T16:30:00Z,78,1,0,0,0,2,0,8,4.2,5.8,9.0,1.9,0.04,0.03,0.07,1.57,1,54
2023-24,37,332,203,Malo Gusto,DEF,Chelsea,7,5,0,2024-05-15T18:45:00Z,68,12,0,1,1,0,3,40,31.2,24.6,15.0,7.1,0.06,0.47,0.53,0.66,1,43
2023-24,37,367,203,Malo Gusto,DEF,Chelsea,7,16,0,2024-05-11T16:30:00Z,32,1,0,0,0,1,0,-2,3.6,3.4,19.0,2.6,0.09,0.01,0.1,0.19,0,43
2023-24,37,337,204,Lewis Hall,DEF,Newcastle,15,14,0,2024-05-15T19:00:00Z,90,7,1,0,0,3,0,26,59.6,28.7,16.0,10.4,0.06,0.21,0.27,1.44,1,42
2023-24,37,366,204,Lewis Hall,DEF,Newcastle,15,5,1,2024-05-11T14:00:00Z,90,1,0,0,0,1,0,10,13.4,5.4,12.0,3.1,0.1,0.04,0.14,1.32,1,42
2023-24,37,367,205,Callum Hudson-Odoi,MID,Nott'm Forest,16,7,1,2024-05-11T16:30:00Z,85,7,1,0,0,3,0,27,41.2,45.3,33.0,12.0,0.15,0.07,0.22,1.72,1,47
2023-24,37,332,206,Reece James,DEF,Chelsea,7,5,0,2024-05-15T18:45:00Z,19,-2,0,0,0,1,0,-7,0.0,0.8,0.0,0.0,0.0,0.0,0.0,1.07,0,53
2023-24,37,367,206,Reece James,DEF,Chelsea,7,16,0,2024-05-11T16:30:00Z,11,4,0,1,0,0,0,18,22.2,14.4,2.0,3.9,0.0,0.35,0.35,0.04,0,53
2023-24,37,332,207,Romelu Lukaku Bolingoli,FWD,Chelsea,7,5,0,2024-05-15T18:45:00Z,0,0,0,0,0,0,0,0,0.0,0.0,0.0,0.0,0.0,0.0,0.0,0.0,0,68
2023-24,37,367,207,Romelu Lukaku Bolingoli,FWD,Chelsea,7,16,0,2024-05-11T16:30:00Z,0,0,0,0,0,0,0,0,0.0,0.0,0.0,0.0,0.0,0.0,0.0,0.0,0,68
2023-24,37,332,208,Noni Madueke,MID,Chelsea,7,5,0,2024-05-15T18:45:00Z,68,3,0,0,1,0,0,6,6.6,2.6,23.0,3.2,0.03,0.09,0.12,0.66,1,53
2023-24,37,367,208,Noni Madueke,MID,Chelsea,7,16,0,2024-05-11T16:30:00Z,57,1,0,0,0,1,0,-4,4.4,1.7,4.0,1.0,0.0,0.01,0.01,1.43,1,53
2023-24,37,337,209,Mason Mount,MID,Man Utd,14,15,1,2024-05-15T19:00:00Z,0,0,0,0,0,0,0,0,0.0,0.0,0.0,0.0,0.0,0.0,0.0,0.0,0,68
2023-24,37,365,209,Mason Mount,MID,Man Utd,14,1,1,2024-05-12T15:30:00Z,0,0,0,0,0,0,0,0,0.0,0.0,0.0,0.0,0.0,0.0,0.0,0.0,0,68
2023-24,37,332,210,Mykhailo Mudryk,MID,Chelsea,7,5,0,2024-05-15T18:45:00Z,41,1,0,0,0,0,0,3,1.4,11.0,0.0,1.2,0.0,0.01,0.01,0.18,1,63
2023-24,37,367,210,Mykhailo Mudryk,MID,Chelsea,7,16,0,2024-05-11T16:30:00Z,72,7,1,0,0,1,0,26,35.0,3.5,19.0,5.8,0.15,0.06,0.21,1.54,1,63
2023-24,37,332,211,Nicolas Jackson,FWD,Chelsea,7,5,0,2024-05-15T18:45:00Z,89,2,0,0,1,0,0,2,4.6,14.2,13.0,3.2,0.63,0.03,0.66,0.75,1,70
2023-24,37,367,211,Nicolas Jackson,FWD,Chelsea,7,16,0,2024-05-11T16:30:00Z,90,5,1,0,0,2,0,27,40.4,3.3,56.0,10.0,0.75,0.06,0.81,1.62,1,70
2023-24,37,332,212,Christopher Nkunku,FWD,Chelsea,7,5,0,2024-05-15T18:45:00Z,48,7,1,0,0,1,2,33,42.0,14.1,20.0,7.6,0.31,0.05,0.36,1.06,0,72
2023-24,37,367,212,Christopher Nkunku,FWD,Chelsea,7,16,0,2024-05-11T16:30:00Z,32,1,0,0,0,1,0,1,2.6,4.8,6.0,1.3,0.12,0.04,0.16,0.19,0,72
2023-24,37,332,213,Christian Pulisic,MID,Chelsea,7,5,0,2024-05-15T18:45:00Z,0,0,0,0,0,0,0,0,0.0,0.0,0.0,0.0,0.0,0.0,0.0,0.0,0,55
2023-24,37,367,213,Christian Pulisic,MID,Chelsea,7,16,0,2024-05-11T16:30:00Z,0,0,0,0,0,0,0,0,0.0,0.0,0.0,0.0,0.0,0.0,0.0,0.0,0,55
2023-24,37,332,214,Malang Sarr,DEF,Chelsea,7,5,0,2024-05-15T18:45:00Z,0,0,0,0,0,0,0,0,0.0,0.0,0.0,0.0,0.0,0.0,0.0,0.0,0,43
2023-24,37,367,214,Malang Sarr,DEF,Chelsea,7,16,0,2024-05-11T16:30:00Z,0,0,0,0,0,0,0,0,0.0,0.0,0.0,0.0,0.0,0.0,0.0,0.0,0,43
2023-24,37,332,215,Gabriel Słonina,GK,Chelsea,7,5,0,2024-05-15T18:45:00Z,0,0,0,0,0,0,0,0,0.0,0.0,0.0,0.0,0.0,0.0,0.0,0.0,0,40
2023-24,37,367,215,Gabriel Słonina,GK,Chelsea,7,16,0,2024-05-11T16:30:00Z,0,0,0,0,0,0,0,0,0.0,0.0,0.0,0.0,0.0,0.0,0.0,0.0,0,40
2023-24,37,332,216,Raheem Sterling,MID,Chelsea,7,5,0,2024-05-15T18:45:00Z,21,0,0,0,0,1,0,-2,1.4,0.1,7.0,0.9,0.04,0.0,0.04,0.58,0,68
2023-24,37,367,216,Raheem Sterling,MID,Chelsea,7,16,0,2024-05-11T16:30:00Z,17,6,1,0,0,1,0,26,38.6,12.3,21.0,7.2,0.08,0.24,0.32,0.08,0,68
2023-24,37,332,217,Thiago Emiliano da Silva,DEF,Chelsea,7,5,0,2024-05-15T18:45:00Z,1,1,0,0,0,1,0,5,9.2,0.3,0.0,1.0,0.0,0.0,0.0,0.49,0,50
2023-24,37,367,217,Thiago Emiliano da Silva,DEF,Chelsea,7,16,0,2024-05-11T16:30:00Z,90,1,0,0,0,2,0,17,33.4,1.4,9.0,4.4,0.09,0.01,0.1,1.62,1,50
2023-24,37,332,218,Hakim Ziyech,MID,Chelsea,7,5,0,2024-05-15T18:45:00Z,0,0,0,0,0,0,0,0,0.0,0.0,0.0,0.0,0.0,0.0,0.0,0.0,0,54
2023-24,37,367,218,Hakim Ziyech,MID,Chelsea,7,16,0,2024-05-11T16:30:00Z,0,0,0,0,0,0,0,0,0.0,0.0,0.0,0.0,0.0,0.0,0.0,0.0,0,54
2023-24,37,370,219,Naouirou Ahamada,MID,Crystal Palace,8,20,0,2024-05-11T14:00:00Z,70,-1,0,0,0,1,0,-3,2.8,3.3,3.0,0.9,0.09,0.04,0.13,1.62,0,43
2023-24,37,370,220,Joachim Andersen,DEF,Crystal Palace,8,20,0,2024-05-11T14:00:00Z,90,2,0,0,0,1,0,13,24.6,10.7,4.0,3.9,0.0,0.09,0.09,1.57,1,47
2023-24,37,370,221,Jordan Ayew,MID,Crystal Palace,8,20,0,2024-05-11T14:00:00Z,0,0,0,0,0,0,0,0,0.0,0.0,0.0,0.0,0.0,0.0,0.0,0.0,0,54
2023-24,37,370,222,Nathaniel Clyne,DEF,Crystal Palace,8,20,0,2024-05-11T14:00:00Z,90,5,0,1,0,1,0,17,7.6,0.8,5.0,1.3,0.15,0.0,0.15,1.57,1,43
2023-24,37,370,223,Cheick Doucouré,MID,Crystal Palace,8,20,0,2024-05-11T14:00:00Z,0,0,0,0,0,0,0,0,0.0,0.0,0.0,0.0,0.0,0.0,0.0,0.0,0,48
2023-24,37,370,224,Malcolm Ebiowei,MID,Crystal Palace,8,20,0,2024-05-11T14:00:00Z,0,0,0,0,0,0,0,0,0.0,0.0,0.0,0.0,0.0,0.0,0.0,0.0,0,44
2023-24,37,370,225,Odsonne Edouard,FWD,Crystal Palace,8,20,0,2024-05-11T14:00:00Z,21,1,0,0,0,0,0,0,0.0,0.3,2.0,0.2,0.0,0.02,0.02,0.31,0,53
2023-24,37,370,226,Eberechi Eze,MID,Crystal Palace,8,20,0,2024-05-11T14:00:00Z,87,8,1,0,0,1,1,29,39.6,33.1,33.0,10.6,0.79,0.64,1.43,1.5,1,60
2023-24,37,370,227,Vicente Guaita,GK,Crystal Palace,8,20,0,2024-05-11T14:00:00Z,0,0,0,0,0,0,0,0,0.0,0.0,0.0,0.0,0.0,0.0,0.0,0.0,0,44
2023-24,37,370,228,Marc Guéhi,DEF,Crystal Palace,8,20,0,2024-05-11T14:00:00Z,20,1,0,0,0,0,0,5,4.6,0.0,0.0,0.5,0.0,0.0,0.0,0.31,0,42
2023-24,37,370,229,Will Hughes,MID,Crystal Palace,8,20,0,2024-05-11T14:00:00Z,14,1,0,0,0,0,0,2,0.0,1.4,0.0,0.0,0.0,0.0,0.0,0.04,1,49
2023-24,37,370,230,Sam Johnstone,GK,Crystal Palace,8,20,0,2024-05-11T14:00:00Z,0,0,0,0,0,0,0,0,0.0,0.0,0.0,0.0,0.0,0.0,0.0,0.0,0,43
2023-24,37,370,231,Jefferson Lerma Solís,MID,Crystal Palace,8,20,0,2024-05-11T14:00:00Z,0,0,0,0,0,0,0,0,0.0,0.0,0.0,0.0,0.0,0.0,0.0,0.0,0,47
2023-24,37,370,232,Jean-Philippe Mateta,FWD,Crystal Palace,8,20,0,2024-05-11T14:00:00Z,68,9,1,0,0,1,3,41,44.2,24.6,35.0,10.4,0.77,0.05,0.82,1.25,1,51
2023-24,37,370,233,Remi Matthews,GK,Crystal Palace,8,20,0,2024-05-11T14:00:00Z,0,0,0,0,0,0,0,0,0.0,0.0,0.0,0.0,0.0,0.0,0.0,0.0,0,39
2023-24,37,370,234,Tyrick Mitchell,DEF,Crystal Palace,8,20,0,2024-05-11T14:00:00Z,69,2,0,0,0,1,0,15,9.8,1.0,8.0,1.9,0.16,0.02,0.18,1.25,1,45
2023-24,37,370,235,Jake O'Brien,DEF,Crystal Palace,8,20,0,2024-05-11T14:00:00Z,0,0,0,0,0,0,0,0,0.0,0.0,0.0,0.0,0.0,0.0,0.0,0.0,0,40
2023-24,37,370,236,Michael Olise,MID,Crystal Palace,8,20,0,2024-05-11T14:00:00Z,87,12,1,1,0,1,2,36,56.6,33.9,13.0,10.4,0.25,0.55,0.8,1.5,1,56
2023-24,37,370,237,Luke Plange,FWD,Crystal Palace,8,20,0,2024-05-11T14:00:00Z,0,0,0,0,0,0,0,0,0.0,0.0,0.0,0.0,0.0,0.0,0.0,0.0,0,45
2023-24,37,370,238,Chris Richards,DEF,Crystal Palace,8,20,0,2024-05-11T14:00:00Z,90,2,0,0,0,1,0,9,18.4,0.3,4.0,2.3,0.1,0.0,0.1,1.57,1,39
2023-24,37,370,239,Jairo Riedewald,MID,Crystal Palace,8,20,0,2024-05-11T14:00:00Z,0,0,0,0,0,0,0,0,0.0,0.0,0.0,0.0,0.0,0.0,0.0,0.0,0,43
2023-24,37,370,240,Jeffrey Schlupp,MID,Crystal Palace,8,20,0,2024-05-11T14:00:00Z,2,1,0,0,0,0,0,3,0.0,0.0,0.0,0.0,0.0,0.0,0.0,0.06,0,48
2023-24,37,370,241,James Tomkins,DEF,Crystal Palace,8,20,0,2024-05-11T14:00:00Z,0,0,0,0,0,0,0,0,0.0,0.0,0.0,0.0,0.0,0.0,0.0,0.0,0,40
2023-24,37,370,242,Joel Ward,DEF,Crystal Palace,8,20,0,2024-05-11T14:00:00Z,2,1,0,0,0,0,0,3,2.0,0.0,0.0,0.2,0.0,0.0,0.0,0.06,0,45
2023-24,37,370,243,Joe Whitworth,GK,Crystal Palace,8,20,0,2024-05-11T14:00:00Z,0,0,0,0,0,0,0,0,0.0,0.0,0.0,0.0,0.0,0.0,0.0,0.0,0,39
2023-24,37,363,244,André Tavares Gomes,MID,Everton,9,17,1,2024-05-11T14:00:00Z,24,1,0,0,0,0,0,3,0.0,4.3,0.0,0.4,0.0,0.0,0.0,0.29,0,44
2023-24,37,363,245,Jarrad Branthwaite,DEF,Everton,9,17,1,2024-05-11T14:00:00Z,90,6,0,0,1,0,0,23,17.4,0.8,2.0,2.0,0.0,0.0,0.0,0.64,1,45
2023-24,37,363,246,Dominic Calvert-Lewin,FWD,Everton,9,17,1,2024-05-11T14:00:00Z,78,4,0,1,1,0,0,21,31.4,26.3,30.0,8.8,0.06,0.75,0.81,0.43,1,58
2023-24,37,363,247,Seamus Coleman,DEF,Everton,9,17,1,2024-05-11T14:00:00Z,90,7,0,0,1,0,1,26,20.2,17.2,0.0,3.7,0.0,0.02,0.02,0.64,1,44
2023-24,37,363,248,Dele Alli,MID,Everton,9,17,1,2024-05-11T14:00:00Z,0,0,0,0,0,0,0,0,0.0,0.0,0.0,0.0,0.0,0.0,0.0,0.0,0,48
2023-24,37,363,249,Abdoulaye Doucouré,MID,Everton,9,17,1,2024-05-11T14:00:00Z,68,8,1,0,1,0,0,18,38.8,15.0,76.0,13.0,1.63,0.05,1.68,0.35,1,55
2023-24,37,363,250,James Garner,MID,Everton,9,17,1,2024-05-11T14:00:00Z,90,3,0,0,1,0,0,10,6.2,31.5,10.0,4.8,0.19,0.2,0.39,0.64,1,49
2023-24,37,363,251,Jean-Philippe Gbamin,MID,Everton,9,17,1,2024-05-11T14:00:00Z,0,0,0,0,0,0,0,0,0.0,0.0,0.0,0.0,0.0,0.0,0.0,0.0,0,44
2023-24,37,363,252,Ben Godfrey,DEF,Everton,9,17,1,2024-05-11T14:00:00Z,0,0,0,0,0,0,0,0,0.0,0.0,0.0,0.0,0.0,0.0,0.0,0.0,0,43
2023-24,37,363,253,Demarai Gray,MID,Everton,9,17,1,2024-05-11T14:00:00Z,0,0,0,0,0,0,0,0,0.0,0.0,0.0,0.0,0.0,0.0,0.0,0.0,0,53
2023-24,37,363,254,Idrissa Gueye,MID,Everton,9,17,1,2024-05-11T14:00:00Z,90,3,0,0,1,0,0,12,14.4,14.6,5.0,3.4,0.03,0.12,0.15,0.64,1,48
2023-24,37,363,255,Mason Holgate,DEF,Sheffield Utd,17,9,0,2024-05-11T14:00:00Z,0,0,0,0,0,0,0,0,0.0,0.0,0.0,0.0,0.0,0.0,0.0,0.0,0,40
2023-24,37,364,256,Alex Iwobi,MID,Fulham,10,13,1,2024-05-11T11:30:00Z,90,2,0,0,0,4,0,12,8.0,2.8,0.0,1.1,0.0,0.03,0.03,3.25,1,53
2023-24,37,363,257,Michael Keane,DEF,Everton,9,17,1,2024-05-11T14:00:00Z,0,0,0,0,0,0,0,0,0.0,0.0,0.0,0.0,0.0,0.0,0.0,0.0,0,43
2023-24,37,362,258,Neal Maupay,FWD,Brentford,4,3,0,2024-05-11T14:00:00Z,0,0,0,0,0,0,0,0,0.0,0.0,0.0,0.0,0.0,0.0,0.0,0.0,0,49
2023-24,37,363,259,Dwight McNeil,MID,Everton,9,17,1,2024-05-11T14:00:00Z,68,3,0,0,1,0,0,16,9.8,37.8,2.0,5.0,0.0,0.47,0.47,0.35,1,54
2023-24,37,363,260,Vitalii Mykolenko,DEF,Everton,9,17,1,2024-05-11T14:00:00Z,0,0,0,0,0,0,0,0,0.0,0.0,0.0,0.0,0.0,0.0,0.0,0.0,0,45
2023-24,37,363,261,Amadou Onana,MID,Everton,9,17,1,2024-05-11T14:00:00Z,90,3,0,0,1,0,0,14,22.0,6.6,9.0,3.8,0.13,0.05,0.18,0.64,1,47
2023-24,37,363,262,Nathan Patterson,DEF,Everton,9,17,1,2024-05-11T14:00:00Z,0,0,0,0,0,0,0,0,0.0,0.0,0.0,0.0,0.0,0.0,0.0,0.0,0,43
2023-24,37,363,263,Jordan Pickford,GK,Everton,9,17,1,2024-05-11T14:00:00Z,90,8,0,0,1,0,2,27,17.2,0.0,0.0,1.7,0.0,0.0,0.0,0.64,1,48
2023-24,37,363,264,Ellis Simms,FWD,Everton,9,17,1,2024-05-11T14:00:00Z,0,0,0,0,0,0,0,0,0.0,0.0,0.0,0.0,0.0,0.0,0.0,0.0,0,45
2023-24,37,363,265,James Tarkowski,DEF,Everton,9,17,1,2024-05-11T14:00:00Z,90,9,0,0,1,0,3,29,49.0,15.5,4.0,6.9,0.0,0.03,0.03,0.64,1,46
2023-24,37,363,266,João Neves Virgínia,GK,Everton,9,17,1,2024-05-11T14:00:00Z,0,0,0,0,0,0,0,0,0.0,0.0,0.0,0.0,0.0,0.0,0.0,0.0,0,39
2023-24,37,364,267,Andreas Hoelgebaum Pereira,MID,Fulham,10,13,1,2024-05-11T11:30:00Z,73,2,0,0,0,3,0,8,3.8,1.3,0.0,0.5,0.0,0.01,0.01,2.35,1,53
2023-24,37,364,268,Tom Cairney,MID,Fulham,10,13,1,2024-05-11T11:30:00Z,45,1,0,0,0,3,0,4,1.4,0.7,0.0,0.2,0.0,0.0,0.0,1.96,0,49
2023-24,37,364,269,Ivan Neves Abreu Cavaleiro,MID,Fulham,10,13,1,2024-05-11T11:30:00Z,0,0,0,0,0,0,0,0,0.0,0.0,0.0,0.0,0.0,0.0,0.0,0.0,0,50
2023-24,37,364,270,Bobby De Cordova-Reid,MID,Fulham,10,13,1,2024-05-11T11:30:00Z,45,1,0,0,0,1,0,2,0.0,0.0,4.0,0.4,0.0,0.0,0.0,1.28,1,52
2023-24,37,364,271,Issa Diop,DEF,Fulham,10,13,1,2024-05-11T11:30:00Z,90,-3,0,0,0,4,0,-4,11.8,0.1,0.0,1.2,0.0,0.0,0.0,4.04,1,44
2023-24,37,364,272,Tyrese Francois,MID,Fulham,10,13,1,2024-05-11T11:30:00Z,0,0,0,0,0,0,0,0,0.0,0.0,0.0,0.0,0.0,0.0,0.0,0.0,0,44
2023-24,37,364,273,Anthony Knockaert,MID,Fulham,10,13,1,2024-05-11T11:30:00Z,0,0,0,0,0,0,0,0,0.0,0.0,0.0,0.0,0.0,0.0,0.0,0.0,0,44
2023-24,37,364,274,Terence Kongolo,DEF,Fulham,10,13,1,2024-05-11T11:30:00Z,0,0,0,0,0,0,0,0,0.0,0.0,0.0,0.0,0.0,0.0,0.0,0.0,0,40
2023-24,37,364,275,Bernd Leno,GK,Fulham,10,13,1,2024-05-11T11:30:00Z,90,1,0,0,0,4,0,22,33.8,0.0,0.0,3.4,0.0,0.0,0.0,3.25,1,48
2023-24,37,364,276,Saša Lukić,MID,Fulham,10,13,1,2024-05-11T11:30:00Z,0,0,0,0,0,0,0,0,0.0,0.0,0.0,0.0,0.0,0.0,0.0,0.0,0,43
2023-24,37,364,277,Kevin Mbabu,DEF,Fulham,10,13,1,2024-05-11T11:30:00Z,0,0,0,0,0,0,0,0,0.0,0.0,0.0,0.0,0.0,0.0,0.0,0.0,0,40
2023-24,37,364,278,Aleksandar Mitrović,FWD,Fulham,10,13,1,2024-05-11T11:30:00Z,0,0,0,0,0,0,0,0,0.0,0.0,0.0,0.0,0.0,0.0,0.0,0.0,0,74
2023-24,37,364,279,Rodrigo Muniz Carvalho,FWD,Fulham,10,13,1,2024-05-11T11:30:00Z,66,2,0,0,0,2,0,7,4.0,1.4,19.0,2.4,0.12,0.0,0.12,1.97,1,43
2023-24,37,364,280,João Palhinha Gonçalves,MID,Fulham,10,13,1,2024-05-11T11:30:00Z,90,2,0,0,0,4,0,11,25.2,0.6,0.0,2.6,0.0,0.0,0.0,3.25,1,50
2023-24,37,364,281,Tim Ream,DEF,Fulham,10,13,1,2024-05-11T11:30:00Z,0,0,0,0,0,0,0,0,0.0,0.0,0.0,0.0,0.0,0.0,0.0,0.0,0,44
2023-24,37,364,282,Harrison Reed,MID,Fulham,10,13,1,2024-05-11T11:30:00Z,0,0,0,0,0,0,0,0,0.0,0.0,0.0,0.0,0.0,0.0,0.0,0.0,0,44
2023-24,37,364,283,Antonee Robinson,DEF,Fulham,10,13,1,2024-05-11T11:30:00Z,90,-1,0,0,0,4,0,12,15.2,4.5,0.0,2.0,0.0,0.02,0.02,3.25,1,45
2023-24,37,364,284,Marek Rodák,GK,Fulham,10,13,1,2024-05-11T11:30:00Z,0,0,0,0,0,0,0,0,0.0,0.0,0.0,0.0,0.0,0.0,0.0,0.0,0,39
2023-24,37,364,285,Kenny Tete,DEF,Fulham,10,13,1,2024-05-11T11:30:00Z,0,0,0,0,0,0,0,0,0.0,0.0,0.0,0.0,0.0,0.0,0.0,0.0,0,44
2023-24,37,364,286,Tosin Adarabioyo,DEF,Fulham,10,13,1,2024-05-11T11:30:00Z,0,0,0,0,0,0,0,0,0.0,0.0,0.0,0.0,0.0,0.0,0.0,0.0,0,43
2023-24,37,364,287,Carlos Vinícius Alves Morais,FWD,Fulham,10,13,1,2024-05-11T11:30:00Z,0,0,0,0,0,0,0,0,0.0,0.0,0.0,0.0,0.0,0.0,0.0,0.0,0,45
2023-24,37,364,288,Harry Wilson,MID,Fulham,10,13,1,2024-05-11T11:30:00Z,16,1,0,0,0,1,0,3,0.2,0.3,2.0,0.3,0.0,0.01,0.01,0.89,0,53
2023-24,37,361,289,Adrián San Miguel del Castillo,GK,Liverpool,11,2,0,2024-05-13T19:00:00Z,0,0,0,0,0,0,0,0,0.0,0.0,0.0,0.0,0.0,0.0,0.0,0.0,0,38
2023-24,37,361,290,Trent Alexander-Arnold,DEF,Liverpool,11,2,0,2024-05-13T19:00:00Z,90,1,0,0,0,3,0,15,16.4,25.6,8.0,5.0,0.04,0.04,0.08,3.36,1,84
2023-24,37,361,291,Alisson Ramses Becker,GK,Liverpool,11,2,0,2024-05-13T19:00:00Z,90,1,0,0,0,3,0,10,17.0,0.0,0.0,1.7,0.0,0.0,0.0,3.36,1,57
2023-24,37,361,292,Stefan Bajcetic,MID,Liverpool,11,2,0,2024-05-13T19:00:00Z,0,0,0,0,0,0,0,0,0.0,0.0,0.0,0.0,0.0,0.0,0.0,0.0,0,47
2023-24,37,361,293,Darwin Núñez Ribeiro,FWD,Liverpool,11,2,0,2024-05-13T19:00:00Z,15,1,0,0,0,2,0,2,3.2,0.4,9.0,1.3,0.03,0.0,0.03,0.52,0,75
2023-24,37,361,294,Diogo Teixeira da Silva,MID,Liverpool,11,2,0,2024-05-13T19:00:00Z,0,0,0,0,0,0,0,0,0.0,0.0,0.0,0.0,0.0,0.0,0.0,0.0,0,79
2023-24,37,361,295,Harvey Elliott,MID,Liverpool,11,2,0,2024-05-13T19:00:00Z,74,4,0,1,0,1,0,21,21.0,29.0,4.0,5.4,0.0,0.2,0.2,2.84,1,48
2023-24,37,361,296,Fabio Henrique Tavares,MID,Liverpool,11,2,0,2024-05-13T19:00:00Z,0,0,0,0,0,0,0,0,0.0,0.0,0.0,0.0,0.0,0.0,0.0,0.0,0,50
2023-24,37,361,297,Cody Gakpo,FWD,Liverpool,11,2,0,2024-05-13T19:00:00Z,74,6,1,0,0,1,0,27,29.8,3.9,37.0,7.1,1.05,0.02,1.07,2.84,1,71
2023-24,37,361,298,Joe Gomez,DEF,Liverpool,11,2,0,2024-05-13T19:00:00Z,90,4,0,1,0,3,0,27,12.0,2.7,20.0,3.5,0.13,0.01,0.14,3.36,1,45
2023-24,37,361,299,Jordan Henderson,MID,Liverpool,11,2,0,2024-05-13T19:00:00Z,0,0,0,0,0,0,0,0,0.0,0.0,0.0,0.0,0.0,0.0,0.0,0.0,0,50
2023-24,37,361,300,Curtis Jones,MID,Liverpool,11,2,0,2024-05-13T19:00:00Z,14,1,0,0,0,2,0,1,5.2,0.3,17.0,2.3,0.06,0.0,0.06,0.52,0,49
2023-24,37,361,301,Caoimhin Kelleher,GK,Liverpool,11,2,0,2024-05-13T19:00:00Z,0,0,0,0,0,0,0,0,0.0,0.0,0.0,0.0,0.0,0.0,0.0,0.0,0,37
2023-24,37,361,302,Ibrahima Konaté,DEF,Liverpool,11,2,0,2024-05-13T19:00:00Z,0,0,0,0,0,0,0,0,0.0,0.0,0.0,0.0,0.0,0.0,0.0,0.0,0,49
2023-24,37,361,303,Luis Díaz,MID,Liverpool,11,2,0,2024-05-13T19:00:00Z,75,2,0,0,0,1,0,2,10.6,44.4,6.0,6.1,0.0,0.08,0.08,2.84,1,76
2023-24,37,361,304,Alexis Mac Allister,MID,Liverpool,11,2,0,2024-05-13T19:00:00Z,90,2,0,0,0,3,0,11,9.0,15.8,11.0,3.6,0.11,0.37,0.48,3.36,1,59
2023-24,37,361,305,Joel Matip,DEF,Liverpool,11,2,0,2024-05-13T19:00:00Z,0,0,0,0,0,0,0,0,0.0,0.0,0.0,0.0,0.0,0.0,0.0,0.0,0,48
2023-24,37,361,306,Nathaniel Phillips,DEF,Liverpool,11,2,0,2024-05-13T19:00:00Z,0,0,0,0,0,0,0,0,0.0,0.0,0.0,0.0,0.0,0.0,0.0,0.0,0,40
2023-24,37,361,307,Andrew Robertson,DEF,Liverpool,11,2,0,2024-05-13T19:00:00Z,0,0,0,0,0,0,0,0,0.0,0.0,0.0,0.0,0.0,0.0,0.0,0.0,0,65
2023-24,37,361,308,Mohamed Salah,MID,Liverpool,11,2,0,2024-05-13T19:00:00Z,90,2,0,0,0,3,0,13,10.4,30.6,13.0,5.4,0.06,0.13,0.19,3.36,1,134
2023-24,37,361,309,Dominik Szoboszlai,MID,Liverpool,11,2,0,2024-05-13T19:00:00Z,14,1,0,0,0,2,0,-2,4.4,12.5,23.0,4.0,0.26,0.02,0.28,0.52,0,71
2023-24,37,361,310,Thiago Alcántara do Nascimento,MID,Liverpool,11,2,0,2024-05-13T19:00:00Z,0,0,0,0,0,0,0,0,0.0,0.0,0.0,0.0,0.0,0.0,0.0,0.0,0,47
2023-24,37,361,311,Konstantinos Tsimikas,DEF,Liverpool,11,2,0,2024-05-13T19:00:00Z,0,0,0,0,0,0,0,0,0.0,0.0,0.0,0.0,0.0,0.0,0.0,0.0,0,44
2023-24,37,361,312,Sepp van den Berg,DEF,Liverpool,11,2,0,2024-05-13T19:00:00Z,0,0,0,0,0,0,0,0,0.0,0.0,0.0,0.0,0.0,0.0,0.0,0.0,0,40
2023-24,37,361,313,Virgil van Dijk,DEF,Liverpool,11,2,0,2024-05-13T19:00:00Z,90,1,0,0,0,3,0,17,29.4,0.7,2.0,3.2,0.0,0.01,0.01,3.36,1,66
2023-24,37,369,314,Elijah Adebayo,FWD,Luton,12,19,0,2024-05-11T14:00:00Z,90,2,0,0,0,3,0,4,4.4,1.4,11.0,1.7,0.08,0.0,0.08,3.24,1,48
2023-24,37,369,315,Mads Juel Andersen,DEF,Luton,12,19,0,2024-05-11T14:00:00Z,0,0,0,0,0,0,0,0,0.0,0.0,0.0,0.0,0.0,0.0,0.0,0.0,0,38
2023-24,37,369,316,Amari'i Bell,DEF,Luton,12,19,0,2024-05-11T14:00:00Z,0,0,0,0,0,0,0,0,0.0,0.0,0.0,0.0,0.0,0.0,0.0,0.0,0,39
2023-24,37,369,317,Luke Berry,MID,Luton,12,19,0,2024-05-11T14:00:00Z,3,1,0,0,0,0,0,3,5.0,0.3,2.0,0.7,0.0,0.0,0.0,0.62,0,46
2023-24,37,369,318,Reece Burke,DEF,Luton,12,19,0,2024-05-11T14:00:00Z,86,0,0,0,0,3,0,8,13.4,0.9,0.0,1.4,0.0,0.01,0.01,2.63,1,40
2023-24,37,369,319,Allan Campbell,MID,Luton,12,19,0,2024-05-11T14:00:00Z,0,0,0,0,0,0,0,0,0.0,0.0,0.0,0.0,0.0,0.0,0.0,0.0,0,49
2023-24,37,369,320,Jordan Clark,MID,Luton,12,19,0,2024-05-11T14:00:00Z,51,1,0,0,0,3,0,6,9.4,0.5,4.0,1.4,0.0,0.0,0.0,2.65,0,48
2023-24,37,369,321,Alfie Doughty,DEF,Luton,12,19,0,2024-05-11T14:00:00Z,86,4,0,1,0,3,0,28,38.6,19.8,6.0,6.4,0.0,0.18,0.18,2.63,1,43
2023-24,37,369,322,Luke Freeman,MID,Luton,12,19,0,2024-05-11T14:00:00Z,0,0,0,0,0,0,0,0,0.0,0.0,0.0,0.0,0.0,0.0,0.0,0.0,0,49
2023-24,37,369,323,Matt Macey,GK,Luton,12,19,0,2024-05-11T14:00:00Z,0,0,0,0,0,0,0,0,0.0,0.0,0.0,0.0,0.0,0.0,0.0,0.0,0,40
2023-24,37,369,324,John McAtee,FWD,Luton,12,19,0,2024-05-11T14:00:00Z,0,0,0,0,0,0,0,0,0.0,0.0,0.0,0.0,0.0,0.0,0.0,0.0,0,45
2023-24,37,369,325,Carlos Mendes Gomes,MID,Luton,12,19,0,2024-05-11T14:00:00Z,0,0,0,0,0,0,0,0,0.0,0.0,0.0,0.0,0.0,0.0,0.0,0.0,0,45
2023-24,37,369,326,Carlton Morris,FWD,Luton,12,19,0,2024-05-11T14:00:00Z,90,1,0,0,0,3,0,1,2.8,1.0,10.0,1.4,0.0,0.11,0.11,3.24,1,47
2023-24,37,369,327,Admiral Muskwe,FWD,Luton,12,19,0,2024-05-11T14:00:00Z,0,0,0,0,0,0,0,0,0.0,0.0,0.0,0.0,0.0,0.0,0.0,0.0,0,45
2023-24,37,369,328,Chiedozie Ogbene,FWD,Luton,12,19,0,2024-05-11T14:00:00Z,17,1,0,0,0,1,0,4,4.2,0.6,0.0,0.5,0.0,0.0,0.0,1.11,0,48
2023-24,37,369,329,Fred Onyedinma,MID,Luton,12,19,0,2024-05-11T14:00:00Z,72,2,0,0,0,2,0,3,0.4,1.3,15.0,1.7,0.07,0.31,0.38,2.14,1,50
2023-24,37,369,330,Gabriel Osho,DEF,Luton,12,19,0,2024-05-11T14:00:00Z,90,1,0,0,0,3,0,12,24.4,0.3,2.0,2.7,0.0,0.0,0.0,3.24,1,44
2023-24,37,369,331,Aribim Pepple,FWD,Luton,12,19,0,2024-05-11T14:00:00Z,0,0,0,0,0,0,0,0,0.0,0.0,0.0,0.0,0.0,0.0,0.0,0.0,0,45
2023-24,37,369,332,Dion Pereira,MID,Luton,12,19,0,2024-05-11T14:00:00Z,0,0,0,0,0,0,0,0,0.0,0.0,0.0,0.0,0.0,0.0,0.0,0.0,0,44
2023-24,37,369,333,Dan Potts,DEF,Luton,12,19,0,2024-05-11T14:00:00Z,0,0,0,0,0,0,0,0,0.0,0.0,0.0,0.0,0.0,0.0,0.0,0.0,0,39
2023-24,37,369,334,Glen Rea,MID,Luton,12,19,0,2024-05-11T14:00:00Z,0,0,0,0,0,0,0,0,0.0,0.0,0.0,0.0,0.0,0.0,0.0,0.0,0,44
2023-24,37,369,335,James Shea,GK,Luton,12,19,0,2024-05-11T14:00:00Z,0,0,0,0,0,0,0,0,0.0,0.0,0.0,0.0,0.0,0.0,0.0,0.0,0,42
2023-24,37,369,336,Joe Taylor,FWD,Luton,12,19,0,2024-05-11T14:00:00Z,0,0,0,0,0,0,0,0,0.0,0.0,0.0,0.0,0.0,0.0,0.0,0.0,0,45
2023-24,37,369,337,Elliot Thorpe,MID,Luton,12,19,0,2024-05-11T14:00:00Z,0,0,0,0,0,0,0,0,0.0,0.0,0.0,0.0,0.0,0.0,0.0,0.0,0,45
2023-24,37,369,338,Jack Walton,GK,Luton,12,19,0,2024-05-11T14:00:00Z,0,0,0,0,0,0,0,0,0.0,0.0,0.0,0.0,0.0,0.0,0.0,0.0,0,40
2023-24,37,369,339,Louie Watson,MID,Luton,12,19,0,2024-05-11T14:00:00Z,0,0,0,0,0,0,0,0,0.0,0.0,0.0,0.0,0.0,0.0,0.0,0.0,0,44
2023-24,37,369,340,Cauley Woodrow,FWD,Luton,12,19,0,2024-05-11T14:00:00Z,3,1,0,0,0,0,0,3,1.0,0.4,0.0,0.1,0.0,0.0,0.0,0.62,0,43
2023-24,37,339,341,Manuel Akanji,DEF,Man City,13,18,0,2024-05-14T19:00:00Z,90,6,0,0,1,0,0,25,10.2,1.6,0.0,1.2,0.0,0.03,0.03,1.33,1,50
2023-24,37,364,341,Manuel Akanji,DEF,Man City,13,10,0,2024-05-11T11:30:00Z,90,6,0,0,1,0,0,19,13.2,3.8,7.0,2.4,0.5,0.02,0.52,0.12,1,50
2023-24,37,339,342,Nathan Aké,DEF,Man City,13,18,0,2024-05-14T19:00:00Z,0,0,0,0,0,0,0,0,0.0,0.0,0.0,0.0,0.0,0.0,0.0,0.0,0,50
2023-24,37,364,342,Nathan Aké,DEF,Man City,13,10,0,2024-05-11T11:30:00Z,21,1,0,0,0,0,0,4,4.4,1.4,0.0,0.6,0.0,0.0,0.0,0.0,1,50
2023-24,37,339,343,Julián Álvarez,FWD,Man City,13,18,0,2024-05-14T19:00:00Z,1,1,0,0,0,0,0,2,0.0,0.5,2.0,0.2,0.0,0.0,0.0,0.0,0,64
2023-24,37,364,343,Julián Álvarez,FWD,Man City,13,10,0,2024-05-11T11:30:00Z,8,5,1,0,0,0,0,24,32.0,0.5,21.0,5.4,0.79,0.01,0.8,0.0,0,64
2023-24,37,339,344,Bernardo Veiga de Carvalho e Silva,MID,Man City,13,18,0,2024-05-14T19:00:00Z,90,2,0,0,1,0,0,7,14.4,18.3,10.0,4.3,0.0,0.11,0.11,1.33,1,62
2023-24,37,364,344,Bernardo Veiga de Carvalho e Silva,MID,Man City,13,10,0,2024-05-11T11:30:00Z,90,11,0,2,1,0,2,39,51.4,47.1,35.0,13.4,0.17,0.6,0.77,0.12,1,62
2023-24,37,339,345,Oscar Bobb,MID,Man City,13,18,0,2024-05-14T19:00:00Z,0,0,0,0,0,0,0,0,0.0,0.0,0.0,0.0,0.0,0.0,0.0,0.0,0,44
2023-24,37,364,345,Oscar Bobb,MID,Man City,13,10,0,2024-05-11T11:30:00Z,8,1,0,0,0,0,0,3,1.4,1.5,2.0,0.5,0.0,0.02,0.02,0.0,0,44
2023-24,37,339,346,João Cancelo,DEF,Man City,13,18,0,2024-05-14T19:00:00Z,0,0,0,0,0,0,0,0,0.0,0.0,0.0,0.0,0.0,0.0,0.0,0.0,0,58
2023-24,37,364,346,João Cancelo,DEF,Man City,13,10,0,2024-05-11T11:30:00Z,0,0,0,0,0,0,0,0,0.0,0.0,0.0,0.0,0.0,0.0,0.0,0.0,0,58
2023-24,37,339,347,Scott Carson,GK,Man City,13,18,0,2024-05-14T19:00:00Z,0,0,0,0,0,0,0,0,0.0,0.0,0.0,0.0,0.0,0.0,0.0,0.0,0,38
2023-24,37,364,347,Scott Carson,GK,Man City,13,10,0,2024-05-11T11:30:00Z,0,0,0,0,0,0,0,0,0.0,0.0,0.0,0.0,0.0,0.0,0.0,0.0,0,38
2023-24,37,339,348,Shea Charles,MID,Man City,13,18,0,2024-05-14T19:00:00Z,0,0,0,0,0,0,0,0,0.0,0.0,0.0,0.0,0.0,0.0,0.0,0.0,0,45
2023-24,37,364,348,Shea Charles,MID,Man City,13,10,0,2024-05-11T11:30:00Z,0,0,0,0,0,0,0,0,0.0,0.0,0.0,0.0,0.0,0.0,0.0,0.0,0,45
2023-24,37,339,349,Kevin De Bruyne,MID,Man City,13,18,0,2024-05-14T19:00:00Z,68,6,0,1,1,0,0,19,24.8,11.2,19.0,5.5,0.25,0.28,0.53,0.52,1,106
2023-24,37,364,349,Kevin De Bruyne,MID,Man City,13,10,0,2024-05-11T11:30:00Z,74,6,0,1,1,0,0,30,37.0,93.8,30.0,16.1,0.12,0.56,0.68,0.12,1,106
2023-24,37,339,350,Rúben Gato Alves Dias,DEF,Man City,13,18,0,2024-05-14T19:00:00Z,90,8,0,0,1,0,2,29,21.6,15.0,0.0,3.7,0.0,0.02,0.02,1.33,1,55
2023-24,37,364,350,Rúben Gato Alves Dias,DEF,Man City,13,10,0,2024-05-11T11:30:00Z,90,6,0,0,1,0,0,27,20.2,1.3,0.0,2.2,0.0,0.01,0.01,0.12,1,55
2023-24,37,370,351,Tommy Doyle,MID,Wolves,20,8,1,2024-05-11T14:00:00Z,11,1,0,0,0,0,0,3,1.4,8.9,0.0,1.0,0.0,0.1,0.1,0.0,0,44
2023-24,37,339,352,Ederson Santana de Moraes,GK,Man City,13,18,0,2024-05-14T19:00:00Z,68,7,0,0,1,0,0,25,21.8,0.0,0.0,2.2,0.0,0.0,0.0,0.52,1,55
2023-24,37,364,352,Ederson Santana de Moraes,GK,Man City,13,10,0,2024-05-11T11:30:00Z,90,6,0,0,1,0,0,29,13.4,0.0,0.0,1.3,0.0,0.0,0.0,0.12,1,55
2023-24,37,339,353,Phil Foden,MID,Man City,13,18,0,2024-05-14T19:00:00Z,90,2,0,0,1,0,0,2,9.0,20.3,21.0,5.0,0.24,0.05,0.29,1.33,1,85
2023-24,37,364,353,Phil Foden,MID,Man City,13,10,0,2024-05-11T11:30:00Z,81,9,1,0,1,0,1,35,45.0,32.0,28.0,10.5,0.19,0.14,0.33,0.12,1,85
2023-24,37,339,354,Jack Grealish,MID,Man City,13,18,0,2024-05-14T19:00:00Z,0,0,0,0,0,0,0,0,0.0,0.0,0.0,0.0,0.0,0.0,0.0,0.0,0,72
2023-24,37,364,354,Jack Grealish,MID,Man City,13,10,0,2024-05-11T11:30:00Z,0,0,0,0,0,0,0,0,0.0,0.0,0.0,0.0,0.0,0.0,0.0,0.0,0,72
2023-24,37,339,355,Erling Haaland,FWD,Man City,13,18,0,2024-05-14T19:00:00Z,90,13,2,0,1,0,3,56,69.0,1.8,52.0,12.3,1.72,0.02,1.74,1.33,1,142
2023-24,37,364,355,Erling Haaland,FWD,Man City,13,10,0,2024-05-11T11:30:00Z,81,2,0,0,1,0,0,2,0.0,2.9,17.0,1.9,0.62,0.05,0.67,0.12,1,142
2023-24,37,339,356,Mateo Kovačić,MID,Man City,13,18,0,2024-05-14T19:00:00Z,90,2,0,0,1,0,0,8,10.2,4.6,3.0,1.8,0.05,0.02,0.07,1.33,1,46
2023-24,37,364,356,Mateo Kovačić,MID,Man City,13,10,0,2024-05-11T11:30:00Z,81,3,0,0,1,0,0,12,8.4,22.5,0.0,3.1,0.0,0.11,0.11,0.12,1,46
2023-24,37,339,357,Aymeric Laporte,DEF,Man City,13,18,0,2024-05-14T19:00:00Z,0,0,0,0,0,0,0,0,0.0,0.0,0.0,0.0,0.0,0.0,0.0,0.0,0,49
2023-24,37,364,357,Aymeric Laporte,DEF,Man City,13,10,0,2024-05-11T11:30:00Z,0,0,0,0,0,0,0,0,0.0,0.0,0.0,0.0,0.0,0.0,0.0,0.0,0,49
2023-24,37,339,358,Rico Lewis,DEF,Man City,13,18,0,2024-05-14T19:00:00Z,0,0,0,0,0,0,0,0,0.0,0.0,0.0,0.0,0.0,0.0,0.0,0.0,0,42
2023-24,37,364,358,Rico Lewis,DEF,Man City,13,10,0,2024-05-11T11:30:00Z,8,1,0,0,0,0,0,2,0.0,0.8,4.0,0.4,0.0,0.04,0.04,0.0,0,42
2023-24,37,339,359,Riyad Mahrez,MID,Man City,13,18,0,2024-05-14T19:00:00Z,0,0,0,0,0,0,0,0,0.0,0.0,0.0,0.0,0.0,0.0,0.0,0.0,0,75
2023-24,37,364,359,Riyad Mahrez,MID,Man City,13,10,0,2024-05-11T11:30:00Z,0,0,0,0,0,0,0,0,0.0,0.0,0.0,0.0,0.0,0.0,0.0,0.0,0,75
2023-24,37,363,360,James McAtee,MID,Sheffield Utd,17,9,0,2024-05-11T14:00:00Z,0,0,0,0,0,0,0,0,0.0,0.0,0.0,0.0,0.0,0.0,0.0,0.0,0,44
2023-24,37,339,361,Stefan Ortega Moreno,GK,Man City,13,18,0,2024-05-14T19:00:00Z,21,2,0,0,0,0,0,9,24.6,0.0,0.0,2.5,0.0,0.0,0.0,0.82,0,36
2023-24,37,364,361,Stefan Ortega Moreno,GK,Man City,13,10,0,2024-05-11T11:30:00Z,0,0,0,0,0,0,0,0,0.0,0.0,0.0,0.0,0.0,0.0,0.0,0.0,0,36
2023-24,37,332,362,Cole Palmer,MID,Chelsea,7,5,0,2024-05-15T18:45:00Z,90,8,1,0,0,1,1,30,44.6,26.4,44.0,11.5,0.42,0.42,0.84,1.06,1,63
2023-24,37,367,362,Cole Palmer,MID,Chelsea,7,16,0,2024-05-11T16:30:00Z,90,6,0,1,0,2,1,28,34.4,72.8,12.0,11.9,0.45,0.73,1.18,1.62,1,63
2023-24,37,339,363,Máximo Perrone,MID,Man City,13,18,0,2024-05-14T19:00:00Z,0,0,0,0,0,0,0,0,0.0,0.0,0.0,0.0,0.0,0.0,0.0,0.0,0,44
2023-24,37,364,363,Máximo Perrone,MID,Man City,13,10,0,2024-05-11T11:30:00Z,0,0,0,0,0,0,0,0,0.0,0.0,0.0,0.0,0.0,0.0,0.0,0.0,0,44
2023-24,37,369,364,Kalvin Phillips,MID,West Ham,19,12,1,2024-05-11T14:00:00Z,0,0,0,0,0,0,0,0,0.0,0.0,0.0,0.0,0.0,0.0,0.0,0.0,0,47
2023-24,37,339,365,Rodrigo Hernandez,MID,Man City,13,18,0,2024-05-14T19:00:00Z,90,3,0,0,1,0,0,14,14.6,6.7,0.0,2.1,0.0,0.02,0.02,1.33,1,56
2023-24,37,364,365,Rodrigo Hernandez,MID,Man City,13,10,0,2024-05-11T11:30:00Z,90,3,0,0,1,0,0,17,17.2,22.1,1.0,4.0,0.04,0.09,0.13,0.12,1,56
2023-24,37,339,366,Sergio Gómez,DEF,Man City,13,18,0,2024-05-14T19:00:00Z,0,0,0,0,0,0,0,0,0.0,0.0,0.0,0.0,0.0,0.0,0.0,0.0,0,38
2023-24,37,364,366,Sergio Gómez,DEF,Man City,13,10,0,2024-05-11T11:30:00Z,0,0,0,0,0,0,0,0,0.0,0.0,0.0,0.0,0.0,0.0,0.0,0.0,0,38
2023-24,37,339,367,Zack Steffen,GK,Man City,13,18,0,2024-05-14T19:00:00Z,0,0,0,0,0,0,0,0,0.0,0.0,0.0,0.0,0.0,0.0,0.0,0.0,0,39
2023-24,37,364,367,Zack Steffen,GK,Man City,13,10,0,2024-05-11T11:30:00Z,0,0,0,0,0,0,0,0,0.0,0.0,0.0,0.0,0.0,0.0,0.0,0.0,0,39
2023-24,37,339,368,John Stones,DEF,Man City,13,18,0,2024-05-14T19:00:00Z,0,0,0,0,0,0,0,0,0.0,0.0,0.0,0.0,0.0,0.0,0.0,0.0,0,53
2023-24,37,364,368,John Stones,DEF,Man City,13,10,0,2024-05-11T11:30:00Z,0,0,0,0,0,0,0,0,0.0,0.0,0.0,0.0,0.0,0.0,0.0,0.0,0,53
2023-24,37,339,369,Kyle Walker,DEF,Man City,13,18,0,2024-05-14T19:00:00Z,90,7,0,0,1,0,1,27,14.2,12.5,6.0,3.3,0.0,0.05,0.05,1.33,1,55
2023-24,37,364,369,Kyle Walker,DEF,Man City,13,10,0,2024-05-11T11:30:00Z,68,6,0,0,1,0,0,25,2.8,2.1,0.0,0.5,0.0,0.01,0.01,0.12,0,55
2023-24,37,337,370,Alex Telles,DEF,Man Utd,14,15,1,2024-05-15T19:00:00Z,0,0,0,0,0,0,0,0,0.0,0.0,0.0,0.0,0.0,0.0,0.0,0.0,0,45
2023-24,37,365,370,Alex Telles,DEF,Man Utd,14,1,1,2024-05-12T15:30:00Z,0,0,0,0,0,0,0,0,0.0,0.0,0.0,0.0,0.0,0.0,0.0,0.0,0,45
2023-24,37,337,371,Amad Diallo,MID,Man Utd,14,15,1,2024-05-15T19:00:00Z,81,12,1,1,0,1,3,33,62.2,23.8,43.0,12.9,0.21,0.06,0.27,2.18,1,44
2023-24,37,365,371,Amad Diallo,MID,Man Utd,14,1,1,2024-05-12T15:30:00Z,69,2,0,0,0,1,0,5,15.0,23.8,10.0,4.9,0.0,0.06,0.06,1.5,1,44
2023-24,37,337,372,Antony Matheus dos Santos,MID,Man Utd,14,15,1,2024-05-15T19:00:00Z,0,0,0,0,0,0,0,0,0.0,0.0,0.0,0.0,0.0,0.0,0.0,0.0,0,68
2023-24,37,365,372,Antony Matheus dos Santos,MID,Man Utd,14,1,1,2024-05-12T15:30:00Z,20,1,0,0,0,0,0,4,7.6,11.8,7.0,2.6,0.04,0.01,0.05,0.21,0,68
2023-24,37,337,373,Bruno Borges Fernandes,MID,Man Utd,14,15,1,2024-05-15T19:00:00Z,89,5,0,1,0,1,0,25,34.6,69.7,22.0,12.6,0.04,0.25,0.29,2.28,1,85
2023-24,37,365,373,Bruno Borges Fernandes,MID,Man Utd,14,1,1,2024-05-12T15:30:00Z,0,0,0,0,0,0,0,0,0.0,0.0,0.0,0.0,0.0,0.0,0.0,0.0,0,85
2023-24,37,337,374,Brandon Williams,DEF,Man Utd,14,15,1,2024-05-15T19:00:00Z,0,0,0,0,0,0,0,0,0.0,0.0,0.0,0.0,0.0,0.0,0.0,0.0,0,40
2023-24,37,365,374,Brandon Williams,DEF,Man Utd,14,1,1,2024-05-12T15:30:00Z,0,0,0,0,0,0,0,0,0.0,0.0,0.0,0.0,0.0,0.0,0.0,0.0,0,40
2023-24,37,337,375,Eric Bailly,DEF,Man Utd,14,15,1,2024-05-15T19:00:00Z,0,0,0,0,0,0,0,0,0.0,0.0,0.0,0.0,0.0,0.0,0.0,0.0,0,40
2023-24,37,365,375,Eric Bailly,DEF,Man Utd,14,1,1,2024-05-12T15:30:00Z,0,0,0,0,0,0,0,0,0.0,0.0,0.0,0.0,0.0,0.0,0.0,0.0,0,40
2023-24,37,337,376,Carlos Henrique Casimiro,MID,Man Utd,14,15,1,2024-05-15T19:00:00Z,90,1,0,0,0,2,0,7,20.4,0.4,10.0,3.1,0.21,0.03,0.24,2.32,1,53
2023-24,37,365,376,Carlos Henrique Casimiro,MID,Man Utd,14,1,1,2024-05-12T15:30:00Z,90,2,0,0,0,1,0,16,23.4,12.8,9.0,4.5,0.06,0.02,0.08,1.71,1,53
2023-24,37,337,377,Diogo Dalot Teixeira,DEF,Man Utd,14,15,1,2024-05-15T19:00:00Z,90,1,0,0,0,2,0,12,13.0,1.8,11.0,2.6,0.02,0.01,0.03,2.32,1,52
2023-24,37,365,377,Diogo Dalot Teixeira,DEF,Man Utd,14,1,1,2024-05-12T15:30:00Z,90,2,0,0,0,1,0,18,22.4,5.6,1.0,2.9,0.02,0.08,0.1,1.71,1,52
2023-24,37,367,378,Anthony Elanga,MID,Nott'm Forest,16,7,1,2024-05-11T16:30:00Z,18,1,0,0,0,2,0,0,0.0,1.8,4.0,0.4,0.0,0.01,0.01,0.58,0,50
2023-24,37,337,379,Christian Eriksen,MID,Man Utd,14,15,1,2024-05-15T19:00:00Z,1,1,0,0,0,1,0,4,4.2,10.6,0.0,1.5,0.0,0.01,0.01,0.04,0,58
2023-24,37,365,379,Christian Eriksen,MID,Man Utd,14,1,1,2024-05-12T15:30:00Z,3,1,0,0,0,0,0,3,1.4,3.6,0.0,0.5,0.0,0.0,0.0,0.0,0,58
2023-24,37,337,380,Álvaro Fernández Carreras,DEF,Man Utd,14,15,1,2024-05-15T19:00:00Z,0,0,0,0,0,0,0,0,0.0,0.0,0.0,0.0,0.0,0.0,0.0,0.0,0,40
2023-24,37,365,380,Álvaro Fernández Carreras,DEF,Man Utd,14,1,1,2024-05-12T15:30:00Z,0,0,0,0,0,0,0,0,0.0,0.0,0.0,0.0,0.0,0.0,0.0,0.0,0,40
2023-24,37,337,381,Frederico Rodrigues de Paula Santos,MID,Man Utd,14,15,1,2024-05-15T19:00:00Z,0,0,0,0,0,0,0,0,0.0,0.0,0.0,0.0,0.0,0.0,0.0,0.0,0,50
2023-24,37,365,381,Frederico Rodrigues de Paula Santos,MID,Man Utd,14,1,1,2024-05-12T15:30:00Z,0,0,0,0,0,0,0,0,0.0,0.0,0.0,0.0,0.0,0.0,0.0,0.0,0,50
2023-24,37,337,382,Alejandro Garnacho,MID,Man Utd,14,15,1,2024-05-15T19:00:00Z,82,2,0,0,0,1,0,3,5.2,22.8,25.0,5.3,0.19,0.03,0.22,2.18,1,50
2023-24,37,365,382,Alejandro Garnacho,MID,Man Utd,14,1,1,2024-05-12T15:30:00Z,90,2,0,0,0,1,0,8,2.8,15.8,45.0,6.4,0.39,0.07,0.46,1.71,1,50
2023-24,37,337,383,Hannibal Mejbri,MID,Man Utd,14,15,1,2024-05-15T19:00:00Z,0,0,0,0,0,0,0,0,0.0,0.0,0.0,0.0,0.0,0.0,0.0,0.0,0,43
2023-24,37,365,383,Hannibal Mejbri,MID,Man Utd,14,1,1,2024-05-12T15:30:00Z,0,0,0,0,0,0,0,0,0.0,0.0,0.0,0.0,0.0,0.0,0.0,0.0,0,43
2023-24,37,337,384,Tom Heaton,GK,Man Utd,14,15,1,2024-05-15T19:00:00Z,0,0,0,0,0,0,0,0,0.0,0.0,0.0,0.0,0.0,0.0,0.0,0.0,0,39
2023-24,37,365,384,Tom Heaton,GK,Man Utd,14,1,1,2024-05-12T15:30:00Z,0,0,0,0,0,0,0,0,0.0,0.0,0.0,0.0,0.0,0.0,0.0,0.0,0,39
2023-24,37,370,385,Dean Henderson,GK,Crystal Palace,8,20,0,2024-05-11T14:00:00Z,90,3,0,0,0,1,0,19,48.6,0.0,0.0,4.9,0.0,0.0,0.0,1.57,1,44
2023-24,37,337,386,Victor Lindelöf,DEF,Man Utd,14,15,1,2024-05-15T19:00:00Z,0,0,0,0,0,0,0,0,0.0,0.0,0.0,0.0,0.0,0.0,0.0,0.0,0,45
2023-24,37,365,386,Victor Lindelöf,DEF,Man Utd,14,1,1,2024-05-12T15:30:00Z,0,0,0,0,0,0,0,0,0.0,0.0,0.0,0.0,0.0,0.0,0.0,0.0,0,45
2023-24,37,337,387,Harry Maguire,DEF,Man Utd,14,15,1,2024-05-15T19:00:00Z,0,0,0,0,0,0,0,0,0.0,0.0,0.0,0.0,0.0,0.0,0.0,0.0,0,43
2023-24,37,365,387,Harry Maguire,DEF,Man Utd,14,1,1,2024-05-12T15:30:00Z,0,0,0,0,0,0,0,0,0.0,0.0,0.0,0.0,0.0,0.0,0.0,0.0,0,43
2023-24,37,337,388,Kobbie Mainoo,MID,Man Utd,14,15,1,2024-05-15T19:00:00Z,82,9,1,0,0,1,2,30,47.4,4.1,27.0,7.9,0.47,0.04,0.51,2.18,1,44
2023-24,37,365,388,Kobbie Mainoo,MID,Man Utd,14,1,1,2024-05-12T15:30:00Z,90,2,0,0,0,1,0,14,14.4,27.3,2.0,4.4,0.0,0.04,0.04,1.71,1,44
2023-24,37,337,389,Tyrell Malacia,DEF,Man Utd,14,15,1,2024-05-15T19:00:00Z,0,0,0,0,0,0,0,0,0.0,0.0,0.0,0.0,0.0,0.0,0.0,0.0,0,43
2023-24,37,365,389,Tyrell Malacia,DEF,Man Utd,14,1,1,2024-05-12T15:30:00Z,0,0,0,0,0,0,0,0,0.0,0.0,0.0,0.0,0.0,0.0,0.0,0.0,0,43
2023-24,37,337,390,Anthony Martial,FWD,Man Utd,14,15,1,2024-05-15T19:00:00Z,0,0,0,0,0,0,0,0,0.0,0.0,0.0,0.0,0.0,0.0,0.0,0.0,0,64
2023-24,37,365,390,Anthony Martial,FWD,Man Utd,14,1,1,2024-05-12T15:30:00Z,0,0,0,0,0,0,0,0,0.0,0.0,0.0,0.0,0.0,0.0,0.0,0.0,0,64
2023-24,37,337,391,Lisandro Martínez,DEF,Man Utd,14,15,1,2024-05-15T19:00:00Z,7,1,0,0,0,1,0,3,2.0,0.1,0.0,0.2,0.0,0.0,0.0,0.14,0,47
2023-24,37,365,391,Lisandro Martínez,DEF,Man Utd,14,1,1,2024-05-12T15:30:00Z,0,0,0,0,0,0,0,0,0.0,0.0,0.0,0.0,0.0,0.0,0.0,0.0,0,47
2023-24,37,337,392,Scott McTominay,MID,Man Utd,14,15,1,2024-05-15T19:00:00Z,90,2,0,0,0,2,0,3,13.2,2.6,22.0,3.8,0.15,0.01,0.16,2.32,1,45
2023-24,37,365,392,Scott McTominay,MID,Man Utd,14,1,1,2024-05-12T15:30:00Z,90,2,0,0,0,1,0,2,5.6,22.5,7.0,3.5,0.04,0.02,0.06,1.71,1,45
2023-24,37,369,393,Teden Mengi,DEF,Luton,12,19,0,2024-05-11T14:00:00Z,90,1,0,0,0,3,0,10,11.6,0.1,0.0,1.2,0.0,0.0,0.0,3.24,1,39
2023-24,37,337,394,Facundo Pellistri Rebollo,MID,Man Utd,14,15,1,2024-05-15T19:00:00Z,0,0,0,0,0,0,0,0,0.0,0.0,0.0,0.0,0.0,0.0,0.0,0.0,0,42
2023-24,37,365,394,Facundo Pellistri Rebollo,MID,Man Utd,14,1,1,2024-05-12T15:30:00Z,0,0,0,0,0,0,0,0,0.0,0.0,0.0,0.0,0.0,0.0,0.0,0.0,0,42
2023-24,37,337,395,Raphaël Varane,DEF,Man Utd,14,15,1,2024-05-15T19:00:00Z,0,0,0,0,0,0,0,0,0.0,0.0,0.0,0.0,0.0,0.0,0.0,0.0,0,49
2023-24,37,365,395,Raphaël Varane,DEF,Man Utd,14,1,1,2024-05-12T15:30:00Z,0,0,0,0,0,0,0,0,0.0,0.0,0.0,0.0,0.0,0.0,0.0,0.0,0,49
2023-24,37,337,396,Marcus Rashford,MID,Man Utd,14,15,1,2024-05-15T19:00:00Z,7,1,0,0,0,1,0,2,2.4,0.4,5.0,0.8,0.07,0.0,0.07,0.14,0,84
2023-24,37,365,396,Marcus Rashford,MID,Man Utd,14,1,1,2024-05-12T15:30:00Z,0,0,0,0,0,0,0,0,0.0,0.0,0.0,0.0,0.0,0.0,0.0,0.0,0,84
2023-24,37,337,397,Jadon Sancho,MID,Man Utd,14,15,1,2024-05-15T19:00:00Z,0,0,0,0,0,0,0,0,0.0,0.0,0.0,0.0,0.0,0.0,0.0,0.0,0,67
2023-24,37,365,397,Jadon Sancho,MID,Man Utd,14,1,1,2024-05-12T15:30:00Z,0,0,0,0,0,0,0,0,0.0,0.0,0.0,0.0,0.0,0.0,0.0,0.0,0,67
2023-24,37,337,398,Luke Shaw,DEF,Man Utd,14,15,1,2024-05-15T19:00:00Z,0,0,0,0,0,0,0,0,0.0,0.0,0.0,0.0,0.0,0.0,0.0,0.0,0,52
2023-24,37,365,398,Luke Shaw,DEF,Man Utd,14,1,1,2024-05-12T15:30:00Z,0,0,0,0,0,0,0,0,0.0,0.0,0.0,0.0,0.0,0.0,0.0,0.0,0,52
2023-24,37,337,399,Shola Shoretire,FWD,Man Utd,14,15,1,2024-05-15T19:00:00Z,0,0,0,0,0,0,0,0,0.0,0.0,0.0,0.0,0.0,0.0,0.0,0.0,0,44
2023-24,37,365,399,Shola Shoretire,FWD,Man Utd,14,1,1,2024-05-12T15:30:00Z,0,0,0,0,0,0,0,0,0.0,0.0,0.0,0.0,0.0,0.0,0.0,0.0,0,44
2023-24,37,337,400,Donny van de Beek,MID,Man Utd,14,15,1,2024-05-15T19:00:00Z,0,0,0,0,0,0,0,0,0.0,0.0,0.0,0.0,0.0,0.0,0.0,0.0,0,47
2023-24,37,365,400,Donny van de Beek,MID,Man Utd,14,1,1,2024-05-12T15:30:00Z,0,0,0,0,0,0,0,0,0.0,0.0,0.0,0.0,0.0,0.0,0.0,0.0,0,47
2023-24,37,337,401,Aaron Wan-Bissaka,DEF,Man Utd,14,15,1,2024-05-15T19:00:00Z,90,1,0,0,0,2,0,11,23.8,25.4,9.0,5.8,0.04,0.16,0.2,2.32,1,44
2023-24,37,365,401,Aaron Wan-Bissaka,DEF,Man Utd,14,1,1,2024-05-12T15:30:00Z,86,2,0,0,0,1,0,16,13.2,3.8,2.0,1.9,0.0,0.03,0.03,1.71,1,44
2023-24,37,337,402,Miguel Almirón Rejala,MID,Newcastle,15,14,0,2024-05-15T19:00:00Z,28,1,0,0,0,1,0,4,5.2,10.8,0.0,1.6,0.0,0.0,0.0,0.27,0,60
2023-24,37,366,402,Miguel Almirón Rejala,MID,Newcastle,15,5,1,2024-05-11T14:00:00Z,22,0,0,0,0,0,0,-4,1.8,1.2,19.0,2.2,0.05,0.01,0.06,0.14,0,60
2023-24,37,337,403,Elliot Anderson,MID,Newcastle,15,14,0,2024-05-15T19:00:00Z,61,1,0,0,0,2,0,1,0.0,5.6,12.0,1.5,0.09,0.01,0.1,1.17,1,42
2023-24,37,366,403,Elliot Anderson,MID,Newcastle,15,5,1,2024-05-11T14:00:00Z,90,8,0,1,0,1,3,31,36.0,39.7,9.0,8.5,0.1,0.51,0.61,1.32,1,42
2023-24,37,337,404,Harrison Ashby,DEF,Newcastle,15,14,0,2024-05-15T19:00:00Z,0,0,0,0,0,0,0,0,0.0,0.0,0.0,0.0,0.0,0.0,0.0,0.0,0,40
2023-24,37,366,404,Harrison Ashby,DEF,Newcastle,15,5,1,2024-05-11T14:00:00Z,0,0,0,0,0,0,0,0,0.0,0.0,0.0,0.0,0.0,0.0,0.0,0.0,0,40
2023-24,37,337,405,Sven Botman,DEF,Newcastle,15,14,0,2024-05-15T19:00:00Z,0,0,0,0,0,0,0,0,0.0,0.0,0.0,0.0,0.0,0.0,0.0,0.0,0,45
2023-24,37,366,405,Sven Botman,DEF,Newcastle,15,5,1,2024-05-11T14:00:00Z,0,0,0,0,0,0,0,0,0.0,0.0,0.0,0.0,0.0,0.0,0.0,0.0,0,45
2023-24,37,337,406,Bruno Guimarães Rodriguez Moura,MID,Newcastle,15,14,0,2024-05-15T19:00:00Z,90,2,0,0,0,3,0,14,12.0,4.0,25.0,4.1,0.15,0.07,0.22,1.44,1,58
2023-24,37,366,406,Bruno Guimarães Rodriguez Moura,MID,Newcastle,15,5,1,2024-05-11T14:00:00Z,90,2,0,0,0,1,0,17,17.6,37.0,10.0,6.5,0.04,0.1,0.14,1.32,1,58
2023-24,37,337,407,Dan Burn,DEF,Newcastle,15,14,0,2024-05-15T19:00:00Z,90,1,0,0,0,3,0,11,18.8,0.8,17.0,3.7,0.12,0.0,0.12,1.44,1,47
2023-24,37,366,407,Dan Burn,DEF,Newcastle,15,5,1,2024-05-11T14:00:00Z,90,2,0,0,0,1,0,11,26.0,1.3,11.0,3.8,0.2,0.02,0.22,1.32,1,47
2023-24,37,337,408,Karl Darlow,GK,Newcastle,15,14,0,2024-05-15T19:00:00Z,0,0,0,0,0,0,0,0,0.0,0.0,0.0,0.0,0.0,0.0,0.0,0.0,0,40
2023-24,37,366,408,Karl Darlow,GK,Newcastle,15,5,1,2024-05-11T14:00:00Z,0,0,0,0,0,0,0,0,0.0,0.0,0.0,0.0,0.0,0.0,0.0,0.0,0,40
2023-24,37,337,409,Martin Dubravka,GK,Newcastle,15,14,0,2024-05-15T19:00:00Z,90,2,0,0,0,3,0,18,38.0,0.0,0.0,3.8,0.0,0.0,0.0,1.44,1,43
2023-24,37,366,409,Martin Dubravka,GK,Newcastle,15,5,1,2024-05-11T14:00:00Z,90,3,0,0,0,1,0,14,19.6,0.0,0.0,2.0,0.0,0.0,0.0,1.32,1,43
2023-24,37,337,410,Ryan Fraser,MID,Newcastle,15,14,0,2024-05-15T19:00:00Z,0,0,0,0,0,0,0,0,0.0,0.0,0.0,0.0,0.0,0.0,0.0,0.0,0,49
2023-24,37,366,410,Ryan Fraser,MID,Newcastle,15,5,1,2024-05-11T14:00:00Z,0,0,0,0,0,0,0,0,0.0,0.0,0.0,0.0,0.0,0.0,0.0,0.0,0,49
2023-24,37,337,411,Mark Gillespie,GK,Newcastle,15,14,0,2024-05-15T19:00:00Z,0,0,0,0,0,0,0,0,0.0,0.0,0.0,0.0,0.0,0.0,0.0,0.0,0,39
2023-24,37,366,411,Mark Gillespie,GK,Newcastle,15,5,1,2024-05-11T14:00:00Z,0,0,0,0,0,0,0,0,0.0,0.0,0.0,0.0,0.0,0.0,0.0,0.0,0,39
2023-24,37,337,412,Anthony Gordon,MID,Newcastle,15,14,0,2024-05-15T19:00:00Z,90,6,1,0,0,3,0,27,46.8,66.3,42.0,15.5,0.55,0.2,0.75,1.44,1,64
2023-24,37,366,412,Anthony Gordon,MID,Newcastle,15,5,1,2024-05-11T14:00:00Z,90,2,0,0,0,1,0,16,16.2,47.6,27.0,9.1,0.21,0.38,0.59,1.32,1,64
2023-24,37,337,413,Isaac Hayden,MID,Newcastle,15,14,0,2024-05-15T19:00:00Z,0,0,0,0,0,0,0,0,0.0,0.0,0.0,0.0,0.0,0.0,0.0,0.0,0,44
2023-24,37,366,413,Isaac Hayden,MID,Newcastle,15,5,1,2024-05-11T14:00:00Z,0,0,0,0,0,0,0,0,0.0,0.0,0.0,0.0,0.0,0.0,0.0,0.0,0,44
2023-24,37,337,414,Jeff Hendrick,MID,Newcastle,15,14,0,2024-05-15T19:00:00Z,0,0,0,0,0,0,0,0,0.0,0.0,0.0,0.0,0.0,0.0,0.0,0.0,0,44
2023-24,37,366,414,Jeff Hendrick,MID,Newcastle,15,5,1,2024-05-11T14:00:00Z,0,0,0,0,0,0,0,0,0.0,0.0,0.0,0.0,0.0,0.0,0.0,0.0,0,44
2023-24,37,337,415,Alexander Isak,FWD,Newcastle,15,14,0,2024-05-15T19:00:00Z,90,2,0,0,0,3,0,-1,5.2,25.9,23.0,5.4,0.34,0.15,0.49,1.44,1,84
2023-24,37,366,415,Alexander Isak,FWD,Newcastle,15,5,1,2024-05-11T14:00:00Z,67,2,0,0,0,1,0,3,3.0,1.8,23.0,2.8,0.2,0.01,0.21,1.18,1,84
2023-24,37,337,416,Joelinton Cássio Apolinário de Lira,MID,Newcastle,15,14,0,2024-05-15T19:00:00Z,28,1,0,0,0,1,0,6,8.4,14.7,35.0,5.8,0.19,0.19,0.38,0.27,0,58
2023-24,37,366,416,Joelinton Cássio Apolinário de Lira,MID,Newcastle,15,5,1,2024-05-11T14:00:00Z,22,1,0,0,0,0,0,4,10.2,12.4,2.0,2.5,0.0,0.01,0.01,0.14,0,58
2023-24,37,337,417,Emil Krafth,DEF,Newcastle,15,14,0,2024-05-15T19:00:00Z,90,1,0,0,0,3,0,16,22.4,15.4,11.0,4.9,0.05,0.13,0.18,1.44,1,44
2023-24,37,366,417,Emil Krafth,DEF,Newcastle,15,5,1,2024-05-11T14:00:00Z,90,2,0,0,0,1,0,12,14.0,10.5,0.0,2.5,0.0,0.0,0.0,1.32,1,44
2023-24,37,337,418,Garang Kuol,MID,Newcastle,15,14,0,2024-05-15T19:00:00Z,0,0,0,0,0,0,0,0,0.0,0.0,0.0,0.0,0.0,0.0,0.0,0.0,0,45
2023-24,37,366,418,Garang Kuol,MID,Newcastle,15,5,1,2024-05-11T14:00:00Z,0,0,0,0,0,0,0,0,0.0,0.0,0.0,0.0,0.0,0.0,0.0,0.0,0,45
2023-24,37,337,419,Jamaal Lascelles,DEF,Newcastle,15,14,0,2024-05-15T19:00:00Z,0,0,0,0,0,0,0,0,0.0,0.0,0.0,0.0,0.0,0.0,0.0,0.0,0,37
2023-24,37,366,419,Jamaal Lascelles,DEF,Newcastle,15,5,1,2024-05-11T14:00:00Z,0,0,0,0,0,0,0,0,0.0,0.0,0.0,0.0,0.0,0.0,0.0,0.0,0,37
2023-24,37,337,420,Jamal Lewis,DEF,Newcastle,15,14,0,2024-05-15T19:00:00Z,0,0,0,0,0,0,0,0,0.0,0.0,0.0,0.0,0.0,0.0,0.0,0.0,0,40
2023-24,37,366,420,Jamal Lewis,DEF,Newcastle,15,5,1,2024-05-11T14:00:00Z,0,0,0,0,0,0,0,0,0.0,0.0,0.0,0.0,0.0,0.0,0.0,0.0,0,40
2023-24,37,337,421,Sean Longstaff,MID,Newcastle,15,14,0,2024-05-15T19:00:00Z,76,2,0,0,0,2,0,5,4.6,13.0,23.0,4.1,0.75,0.03,0.78,1.29,1,48
2023-24,37,366,421,Sean Longstaff,MID,Newcastle,15,5,1,2024-05-11T14:00:00Z,67,9,1,0,0,1,2,26,42.4,21.0,63.0,12.6,1.15,0.18,1.33,1.18,1,48
2023-24,37,337,422,Javier Manquillo Gaitán,DEF,Newcastle,15,14,0,2024-05-15T19:00:00Z,0,0,0,0,0,0,0,0,0.0,0.0,0.0,0.0,0.0,0.0,0.0,0.0,0,40
2023-24,37,366,422,Javier Manquillo Gaitán,DEF,Newcastle,15,5,1,2024-05-11T14:00:00Z,0,0,0,0,0,0,0,0,0.0,0.0,0.0,0.0,0.0,0.0,0.0,0.0,0,40
2023-24,37,337,423,Jacob Murphy,MID,Newcastle,15,14,0,2024-05-15T19:00:00Z,61,5,0,1,0,2,0,28,28.0,30.1,2.0,6.0,0.0,0.39,0.39,1.17,1,48
2023-24,37,366,423,Jacob Murphy,MID,Newcastle,15,5,1,2024-05-11T14:00:00Z,67,2,0,0,0,1,0,11,14.2,27.3,18.0,6.0,0.06,0.04,0.1,1.18,1,48
2023-24,37,337,424,Nick Pope,GK,Newcastle,15,14,0,2024-05-15T19:00:00Z,0,0,0,0,0,0,0,0,0.0,0.0,0.0,0.0,0.0,0.0,0.0,0.0,0,53
2023-24,37,366,424,Nick Pope,GK,Newcastle,15,5,1,2024-05-11T14:00:00Z,0,0,0,0,0,0,0,0,0.0,0.0,0.0,0.0,0.0,0.0,0.0,0.0,0,53
2023-24,37,337,425,Matt Ritchie,MID,Newcastle,15,14,0,2024-05-15T19:00:00Z,0,0,0,0,0,0,0,0,0.0,0.0,0.0,0.0,0.0,0.0,0.0,0.0,0,43
2023-24,37,366,425,Matt Ritchie,MID,Newcastle,15,5,1,2024-05-11T14:00:00Z,0,0,0,0,0,0,0,0,0.0,0.0,0.0,0.0,0.0,0.0,0.0,0.0,0,43
2023-24,37,337,426,Allan Saint-Maximin,MID,Newcastle,15,14,0,2024-05-15T19:00:00Z,0,0,0,0,0,0,0,0,0.0,0.0,0.0,0.0,0.0,0.0,0.0,0.0,0,60
2023-24,37,366,426,Allan Saint-Maximin,MID,Newcastle,15,5,1,2024-05-11T14:00:00Z,0,0,0,0,0,0,0,0,0.0,0.0,0.0,0.0,0.0,0.0,0.0,0.0,0,60
2023-24,37,337,427,Fabian Schär,DEF,Newcastle,15,14,0,2024-05-15T19:00:00Z,27,0,0,0,0,1,0,-2,2.2,0.6,3.0,0.6,0.01,0.01,0.02,0.27,0,56
2023-24,37,366,427,Fabian Schär,DEF,Newcastle,15,5,1,2024-05-11T14:00:00Z,0,0,0,0,0,0,0,0,0.0,0.0,0.0,0.0,0.0,0.0,0.0,0.0,0,56
2023-24,37,337,428,Matt Targett,DEF,Newcastle,15,14,0,2024-05-15T19:00:00Z,0,0,0,0,0,0,0,0,0.0,0.0,0.0,0.0,0.0,0.0,0.0,0.0,0,42
2023-24,37,366,428,Matt Targett,DEF,Newcastle,15,5,1,2024-05-11T14:00:00Z,0,0,0,0,0,0,0,0,0.0,0.0,0.0,0.0,0.0,0.0,0.0,0.0,0,42
2023-24,37,337,429,Sandro Tonali,MID,Newcastle,15,14,0,2024-05-15T19:00:00Z,0,0,0,0,0,0,0,0,0.0,0.0,0.0,0.0,0.0,0.0,0.0,0.0,0,52
2023-24,37,366,429,Sandro Tonali,MID,Newcastle,15,5,1,2024-05-11T14:00:00Z,0,0,0,0,0,0,0,0,0.0,0.0,0.0,0.0,0.0,0.0,0.0,0.0,0,52
2023-24,37,337,430,Kieran Trippier,DEF,Newcastle,15,14,0,2024-05-15T19:00:00Z,62,1,0,0,0,2,0,9,7.0,37.8,2.0,4.7,0.0,0.06,0.06,1.17,1,66
2023-24,37,366,430,Kieran Trippier,DEF,Newcastle,15,5,1,2024-05-11T14:00:00Z,1,1,0,0,0,0,0,3,0.4,0.1,0.0,0.1,0.0,0.0,0.0,0.0,0,66
2023-24,37,337,431,Kell Watts,DEF,Newcastle,15,14,0,2024-05-15T19:00:00Z,0,0,0,0,0,0,0,0,0.0,0.0,0.0,0.0,0.0,0.0,0.0,0.0,0,40
2023-24,37,366,431,Kell Watts,DEF,Newcastle,15,5,1,2024-05-11T14:00:00Z,0,0,0,0,0,0,0,0,0.0,0.0,0.0,0.0,0.0,0.0,0.0,0.0,0,40
2023-24,37,337,432,Joe Willock,MID,Newcastle,15,14,0,2024-05-15T19:00:00Z,0,0,0,0,0,0,0,0,0.0,0.0,0.0,0.0,0.0,0.0,0.0,0.0,0,53
2023-24,37,366,432,Joe Willock,MID,Newcastle,15,5,1,2024-05-11T14:00:00Z,0,0,0,0,0,0,0,0,0.0,0.0,0.0,0.0,0.0,0.0,0.0,0.0,0,53
2023-24,37,337,433,Callum Wilson,FWD,Newcastle,15,14,0,2024-05-15T19:00:00Z,0,0,0,0,0,0,0,0,0.0,0.0,0.0,0.0,0.0,0.0,0.0,0.0,0,78
2023-24,37,366,433,Callum Wilson,FWD,Newcastle,15,5,1,2024-05-11T14:00:00Z,0,0,0,0,0,0,0,0,0.0,0.0,0.0,0.0,0.0,0.0,0.0,0.0,0,78
2023-24,37,367,434,Brandon Aguilera Zamora,MID,Nott'm Forest,16,7,1,2024-05-11T16:30:00Z,0,0,0,0,0,0,0,0,0.0,0.0,0.0,0.0,0.0,0.0,0.0,0.0,0,45
2023-24,37,367,435,Harry Arter,MID,Nott'm Forest,16,7,1,2024-05-11T16:30:00Z,0,0,0,0,0,0,0,0,0.0,0.0,0.0,0.0,0.0,0.0,0.0,0.0,0,43
2023-24,37,367,436,Serge Aurier,DEF,Nott'm Forest,16,7,1,2024-05-11T16:30:00Z,0,0,0,0,0,0,0,0,0.0,0.0,0.0,0.0,0.0,0.0,0.0,0.0,0,45
2023-24,37,367,437,Taiwo Awoniyi,FWD,Nott'm Forest,16,7,1,2024-05-11T16:30:00Z,4,1,0,0,0,0,0,3,0.0,1.4,0.0,0.1,0.0,0.0,0.0,0.09,0,63
2023-24,37,367,438,Giulian Biancone,DEF,Nott'm Forest,16,7,1,2024-05-11T16:30:00Z,0,0,0,0,0,0,0,0,0.0,0.0,0.0,0.0,0.0,0.0,0.0,0.0,0,39
2023-24,37,367,439,Willy Boly,DEF,Nott'm Forest,16,7,1,2024-05-11T16:30:00Z,90,10,1,0,0,3,3,31,58.4,20.6,25.0,10.4,0.11,0.04,0.15,1.81,1,45
2023-24,37,367,440,Josh Bowler,MID,Nott'm Forest,16,7,1,2024-05-11T16:30:00Z,0,0,0,0,0,0,0,0,0.0,0.0,0.0,0.0,0.0,0.0,0.0,0.0,0,45
2023-24,37,367,441,Steve Cook,DEF,Nott'm Forest,16,7,1,2024-05-11T16:30:00Z,0,0,0,0,0,0,0,0,0.0,0.0,0.0,0.0,0.0,0.0,0.0,0.0,0,45
2023-24,37,367,442,Danilo dos Santos de Oliveira,MID,Nott'm Forest,16,7,1,2024-05-11T16:30:00Z,90,2,0,0,0,3,0,4,7.4,15.6,6.0,2.9,0.03,0.04,0.07,1.81,1,53
2023-24,37,367,443,Emmanuel Dennis,FWD,Nott'm Forest,16,7,1,2024-05-11T16:30:00Z,0,0,0,0,0,0,0,0,0.0,0.0,0.0,0.0,0.0,0.0,0.0,0.0,0,48
2023-24,37,367,444,Mohamed Dräger,DEF,Nott'm Forest,16,7,1,2024-05-11T16:30:00Z,0,0,0,0,0,0,0,0,0.0,0.0,0.0,0.0,0.0,0.0,0.0,0.0,0,40
2023-24,37,367,445,Felipe Augusto de Almeida Monteiro,DEF,Nott'm Forest,16,7,1,2024-05-11T16:30:00Z,0,0,0,0,0,0,0,0,0.0,0.0,0.0,0.0,0.0,0.0,0.0,0.0,0,44
2023-24,37,367,446,Remo Freuler,MID,Nott'm Forest,16,7,1,2024-05-11T16:30:00Z,0,0,0,0,0,0,0,0,0.0,0.0,0.0,0.0,0.0,0.0,0.0,0.0,0,49
2023-24,37,367,447,Morgan Gibbs-White,MID,Nott'm Forest,16,7,1,2024-05-11T16:30:00Z,90,9,0,2,0,3,1,28,41.8,28.7,19.0,9.0,0.3,0.17,0.47,1.81,1,57
2023-24,37,367,448,Wayne Hennessey,GK,Nott'm Forest,16,7,1,2024-05-11T16:30:00Z,0,0,0,0,0,0,0,0,0.0,0.0,0.0,0.0,0.0,0.0,0.0,0.0,0,39
2023-24,37,367,449,Ethan Horvath,GK,Nott'm Forest,16,7,1,2024-05-11T16:30:00Z,0,0,0,0,0,0,0,0,0.0,0.0,0.0,0.0,0.0,0.0,0.0,0.0,0,43
2023-24,37,339,450,Brennan Johnson,MID,Spurs,18,13,1,2024-05-14T19:00:00Z,90,2,0,0,0,2,0,19,13.6,37.8,4.0,5.5,0.0,0.22,0.22,2.4,1,58
2023-24,37,368,450,Brennan Johnson,MID,Spurs,18,6,1,2024-05-11T14:00:00Z,90,5,0,1,0,1,0,9,25.0,43.7,38.0,10.7,1.02,0.04,1.06,0.75,1,58
2023-24,37,367,451,Cheikhou Kouyaté,MID,Nott'm Forest,16,7,1,2024-05-11T16:30:00Z,0,0,0,0,0,0,0,0,0.0,0.0,0.0,0.0,0.0,0.0,0.0,0.0,0,48
2023-24,37,367,452,Richie Laryea,DEF,Nott'm Forest,16,7,1,2024-05-11T16:30:00Z,0,0,0,0,0,0,0,0,0.0,0.0,0.0,0.0,0.0,0.0,0.0,0.0,0,45
2023-24,37,367,453,Orel Mangala,MID,Nott'm Forest,16,7,1,2024-05-11T16:30:00Z,0,0,0,0,0,0,0,0,0.0,0.0,0.0,0.0,0.0,0.0,0.0,0.0,0,50
2023-24,37,367,454,Loïc Mbe Soh,DEF,Nott'm Forest,16,7,1,2024-05-11T16:30:00Z,0,0,0,0,0,0,0,0,0.0,0.0,0.0,0.0,0.0,0.0,0.0,0.0,0,40
2023-24,37,367,455,Scott McKenna,DEF,Nott'm Forest,16,7,1,2024-05-11T16:30:00Z,0,0,0,0,0,0,0,0,0.0,0.0,0.0,0.0,0.0,0.0,0.0,0.0,0,44
2023-24,37,367,456,Alex Mighten,MID,Nott'm Forest,16,7,1,2024-05-11T16:30:00Z,0,0,0,0,0,0,0,0,0.0,0.0,0.0,0.0,0.0,0.0,0.0,0.0,0,44
2023-24,37,367,457,Moussa Niakhaté,DEF,Nott'm Forest,16,7,1,2024-05-11T16:30:00Z,86,0,0,0,0,3,0,3,14.2,1.3,0.0,1.6,0.0,0.01,0.01,1.72,1,45
2023-24,37,367,458,Lewis O'Brien,MID,Nott'm Forest,16,7,1,2024-05-11T16:30:00Z,0,0,0,0,0,0,0,0,0.0,0.0,0.0,0.0,0.0,0.0,0.0,0.0,0,49
2023-24,37,367,459,Braian Ojeda Rodríguez,MID,Nott'm Forest,16,7,1,2024-05-11T16:30:00Z,0,0,0,0,0,0,0,0,0.0,0.0,0.0,0.0,0.0,0.0,0.0,0.0,0,45
2023-24,37,367,460,Jonathan Panzo,DEF,Nott'm Forest,16,7,1,2024-05-11T16:30:00Z,0,0,0,0,0,0,0,0,0.0,0.0,0.0,0.0,0.0,0.0,0.0,0.0,0,40
2023-24,37,367,461,Omar Richards,DEF,Nott'm Forest,16,7,1,2024-05-11T16:30:00Z,0,0,0,0,0,0,0,0,0.0,0.0,0.0,0.0,0.0,0.0,0.0,0.0,0,44
2023-24,37,367,462,Gustavo Henrique Furtado Scarpa,MID,Nott'm Forest,16,7,1,2024-05-11T16:30:00Z,0,0,0,0,0,0,0,0,0.0,0.0,0.0,0.0,0.0,0.0,0.0,0.0,0,45
2023-24,37,367,463,Jonjo Shelvey,MID,Nott'm Forest,16,7,1,2024-05-11T16:30:00Z,0,0,0,0,0,0,0,0,0.0,0.0,0.0,0.0,0.0,0.0,0.0,0.0,0,48
2023-24,37,367,464,Sam Surridge,FWD,Nott'm Forest,16,7,1,2024-05-11T16:30:00Z,0,0,0,0,0,0,0,0,0.0,0.0,0.0,0.0,0.0,0.0,0.0,0.0,0,45
2023-24,37,367,465,Harry Toffolo,DEF,Nott'm Forest,16,7,1,2024-05-11T16:30:00Z,18,0,0,0,0,2,0,5,2.8,0.1,0.0,0.3,0.0,0.0,0.0,0.58,0,44
2023-24,37,367,466,Hwang Ui-jo,FWD,Nott'm Forest,16,7,1,2024-05-11T16:30:00Z,0,0,0,0,0,0,0,0,0.0,0.0,0.0,0.0,0.0,0.0,0.0,0.0,0,44
2023-24,37,367,467,Neco Williams,DEF,Nott'm Forest,16,7,1,2024-05-11T16:30:00Z,0,0,0,0,0,0,0,0,0.0,0.0,0.0,0.0,0.0,0.0,0.0,0.0,0,43
2023-24,37,367,468,Chris Wood,FWD,Nott'm Forest,16,7,1,2024-05-11T16:30:00Z,90,2,0,0,0,3,0,-6,8.0,1.5,52.0,6.2,0.83,0.0,0.83,1.81,1,47
2023-24,37,367,469,Joe Worrall,DEF,Nott'm Forest,16,7,1,2024-05-11T16:30:00Z,0,0,0,0,0,0,0,0,0.0,0.0,0.0,0.0,0.0,0.0,0.0,0.0,0,43
2023-24,37,367,470,Ryan Yates,MID,Nott'm Forest,16,7,1,2024-05-11T16:30:00Z,71,2,0,0,0,1,0,4,5.2,1.8,19.0,2.6,0.24,0.0,0.24,1.23,1,48
2023-24,37,363,471,Anel Ahmedhodžić,DEF,Sheffield Utd,17,9,0,2024-05-11T14:00:00Z,0,0,0,0,0,0,0,0,0.0,0.0,0.0,0.0,0.0,0.0,0.0,0.0,0,43
2023-24,37,363,472,Jordan Amissah,GK,Sheffield Utd,17,9,0,2024-05-11T14:00:00Z,0,0,0,0,0,0,0,0,0.0,0.0,0.0,0.0,0.0,0.0,0.0,0.0,0,39
2023-24,37,363,473,George Baldock,DEF,Sheffield Utd,17,9,0,2024-05-11T14:00:00Z,0,0,0,0,0,0,0,0,0.0,0.0,0.0,0.0,0.0,0.0,0.0,0.0,0,38
2023-24,37,363,474,Chris Basham,DEF,Sheffield Utd,17,9,0,2024-05-11T14:00:00Z,0,0,0,0,0,0,0,0,0.0,0.0,0.0,0.0,0.0,0.0,0.0,0.0,0,39
2023-24,37,368,475,Sander Berge,MID,Burnley,6,18,0,2024-05-11T14:00:00Z,90,4,0,1,0,2,0,19,36.4,10.8,0.0,4.7,0.0,0.02,0.02,2.5,1,46
2023-24,37,363,476,Jayden Bogle,DEF,Sheffield Utd,17,9,0,2024-05-11T14:00:00Z,90,2,0,0,0,1,0,16,21.2,10.9,6.0,3.8,0.01,0.05,0.06,2.16,1,45
2023-24,37,363,477,Rhian Brewster,FWD,Sheffield Utd,17,9,0,2024-05-11T14:00:00Z,9,1,0,0,0,0,0,3,1.2,0.3,2.0,0.4,0.0,0.02,0.02,0.25,0,49
2023-24,37,363,478,Ismaila Coulibaly,MID,Sheffield Utd,17,9,0,2024-05-11T14:00:00Z,0,0,0,0,0,0,0,0,0.0,0.0,0.0,0.0,0.0,0.0,0.0,0.0,0,44
2023-24,37,363,479,Adam Davies,GK,Sheffield Utd,17,9,0,2024-05-11T14:00:00Z,0,0,0,0,0,0,0,0,0.0,0.0,0.0,0.0,0.0,0.0,0.0,0.0,0,40
2023-24,37,363,480,John Egan,DEF,Sheffield Utd,17,9,0,2024-05-11T14:00:00Z,0,0,0,0,0,0,0,0,0.0,0.0,0.0,0.0,0.0,0.0,0.0,0.0,0,42
2023-24,37,363,481,John Fleck,MID,Sheffield Utd,17,9,0,2024-05-11T14:00:00Z,0,0,0,0,0,0,0,0,0.0,0.0,0.0,0.0,0.0,0.0,0.0,0.0,0,49
2023-24,37,363,482,Wes Foderingham,GK,Sheffield Utd,17,9,0,2024-05-11T14:00:00Z,90,4,0,0,0,1,0,24,45.2,0.0,0.0,4.5,0.0,0.0,0.0,2.16,1,44
2023-24,37,363,483,Daniel Jebbison,FWD,Sheffield Utd,17,9,0,2024-05-11T14:00:00Z,0,0,0,0,0,0,0,0,0.0,0.0,0.0,0.0,0.0,0.0,0.0,0.0,0,48
2023-24,37,363,484,Max Lowe,DEF,Sheffield Utd,17,9,0,2024-05-11T14:00:00Z,35,1,0,0,0,0,0,3,2.4,1.3,0.0,0.4,0.0,0.01,0.01,0.27,0,43
2023-24,37,363,485,Oliver McBurnie,FWD,Sheffield Utd,17,9,0,2024-05-11T14:00:00Z,0,0,0,0,0,0,0,0,0.0,0.0,0.0,0.0,0.0,0.0,0.0,0.0,0,54
2023-24,37,363,486,Iliman Ndiaye,FWD,Sheffield Utd,17,9,0,2024-05-11T14:00:00Z,0,0,0,0,0,0,0,0,0.0,0.0,0.0,0.0,0.0,0.0,0.0,0.0,0,55
2023-24,37,363,487,Rhys Norrington-Davies,DEF,Sheffield Utd,17,9,0,2024-05-11T14:00:00Z,0,0,0,0,0,0,0,0,0.0,0.0,0.0,0.0,0.0,0.0,0.0,0.0,0,39
2023-24,37,363,488,Oliver Norwood,MID,Sheffield Utd,17,9,0,2024-05-11T14:00:00Z,0,0,0,0,0,0,0,0,0.0,0.0,0.0,0.0,0.0,0.0,0.0,0.0,0,48
2023-24,37,363,489,Ben Osborn,MID,Sheffield Utd,17,9,0,2024-05-11T14:00:00Z,0,0,0,0,0,0,0,0,0.0,0.0,0.0,0.0,0.0,0.0,0.0,0.0,0,48
2023-24,37,363,490,William Osula,FWD,Sheffield Utd,17,9,0,2024-05-11T14:00:00Z,0,0,0,0,0,0,0,0,0.0,0.0,0.0,0.0,0.0,0.0,0.0,0.0,0,42
2023-24,37,339,491,Brandon Austin,GK,Spurs,18,13,1,2024-05-14T19:00:00Z,0,0,0,0,0,0,0,0,0.0,0.0,0.0,0.0,0.0,0.0,0.0,0.0,0,39
2023-24,37,368,491,Brandon Austin,GK,Spurs,18,6,1,2024-05-11T14:00:00Z,0,0,0,0,0,0,0,0,0.0,0.0,0.0,0.0,0.0,0.0,0.0,0.0,0,39
2023-24,37,339,492,Rodrigo Bentancur,MID,Spurs,18,13,1,2024-05-14T19:00:00Z,54,0,0,0,0,1,0,1,2.8,3.6,17.0,2.3,0.13,0.03,0.16,1.53,1,54
2023-24,37,368,492,Rodrigo Bentancur,MID,Spurs,18,6,1,2024-05-11T14:00:00Z,15,1,0,0,0,0,0,2,1.8,1.8,5.0,0.9,0.11,0.01,0.12,0.0,0,54
2023-24,37,339,493,Yves Bissouma,MID,Spurs,18,13,1,2024-05-14T19:00:00Z,0,0,0,0,0,0,0,0,0.0,0.0,0.0,0.0,0.0,0.0,0.0,0.0,0,50
2023-24,37,368,493,Yves Bissouma,MID,Spurs,18,6,1,2024-05-11T14:00:00Z,74,2,0,0,0,1,0,15,10.4,5.7,0.0,1.6,0.0,0.05,0.05,0.75,1,50
2023-24,37,339,494,Bryan Gil Salvatierra,MID,Spurs,18,13,1,2024-05-14T19:00:00Z,0,0,0,0,0,0,0,0,0.0,0.0,0.0,0.0,0.0,0.0,0.0,0.0,0,49
2023-24,37,368,494,Bryan Gil Salvatierra,MID,Spurs,18,6,1,2024-05-11T14:00:00Z,0,0,0,0,0,0,0,0,0.0,0.0,0.0,0.0,0.0,0.0,0.0,0.0,0,49
2023-24,37,339,495,Ben Davies,DEF,Spurs,18,13,1,2024-05-14T19:00:00Z,0,0,0,0,0,0,0,0,0.0,0.0,0.0,0.0,0.0,0.0,0.0,0.0,0,43
2023-24,37,368,495,Ben Davies,DEF,Spurs,18,6,1,2024-05-11T14:00:00Z,0,0,0,0,0,0,0,0,0.0,0.0,0.0,0.0,0.0,0.0,0.0,0.0,0,43
2023-24,37,339,496,Eric Dier,DEF,Spurs,18,13,1,2024-05-14T19:00:00Z,0,0,0,0,0,0,0,0,0.0,0.0,0.0,0.0,0.0,0.0,0.0,0.0,0,42
2023-24,37,368,496,Eric Dier,DEF,Spurs,18,6,1,2024-05-11T14:00:00Z,0,0,0,0,0,0,0,0,0.0,0.0,0.0,0.0,0.0,0.0,0.0,0.0,0,42
2023-24,37,339,497,Emerson Leite de Souza Junior,DEF,Spurs,18,13,1,2024-05-14T19:00:00Z,0,0,0,0,0,0,0,0,0.0,0.0,0.0,0.0,0.0,0.0,0.0,0.0,0,43
2023-24,37,368,497,Emerson Leite de Souza Junior,DEF,Spurs,18,6,1,2024-05-11T14:00:00Z,0,0,0,0,0,0,0,0,0.0,0.0,0.0,0.0,0.0,0.0,0.0,0.0,0,43
2023-24,37,339,498,Fraser Forster,GK,Spurs,18,13,1,2024-05-14T19:00:00Z,0,0,0,0,0,0,0,0,0.0,0.0,0.0,0.0,0.0,0.0,0.0,0.0,0,38
2023-24,37,368,498,Fraser Forster,GK,Spurs,18,6,1,2024-05-11T14:00:00Z,0,0,0,0,0,0,0,0,0.0,0.0,0.0,0.0,0.0,0.0,0.0,0.0,0,38
2023-24,37,339,499,Pierre-Emile Højbjerg,MID,Spurs,18,13,1,2024-05-14T19:00:00Z,84,2,0,0,0,1,0,9,12.6,14.8,2.0,2.9,0.0,0.04,0.04,1.53,1,51
2023-24,37,368,499,Pierre-Emile Højbjerg,MID,Spurs,18,6,1,2024-05-11T14:00:00Z,2,1,0,0,0,0,0,3,0.4,0.8,0.0,0.1,0.0,0.01,0.01,0.0,0,51
2023-24,37,339,500,Harry Kane,FWD,Spurs,18,13,1,2024-05-14T19:00:00Z,0,0,0,0,0,0,0,0,0.0,0.0,0.0,0.0,0.0,0.0,0.0,0.0,0,125
2023-24,37,368,500,Harry Kane,FWD,Spurs,18,6,1,2024-05-11T14:00:00Z,0,0,0,0,0,0,0,0,0.0,0.0,0.0,0.0,0.0,0.0,0.0,0.0,0,125
2023-24,37,339,501,Dejan Kulusevski,MID,Spurs,18,13,1,2024-05-14T19:00:00Z,35,1,0,0,0,1,0,-7,3.2,1.7,58.0,6.3,0.53,0.01,0.54,0.86,0,67
2023-24,37,368,501,Dejan Kulusevski,MID,Spurs,18,6,1,2024-05-11T14:00:00Z,74,2,0,0,0,1,0,10,17.6,47.7,23.0,8.8,0.02,0.11,0.13,0.75,1,67
2023-24,37,339,502,Hugo Lloris,GK,Spurs,18,13,1,2024-05-14T19:00:00Z,0,0,0,0,0,0,0,0,0.0,0.0,0.0,0.0,0.0,0.0,0.0,0.0,0,47
2023-24,37,368,502,Hugo Lloris,GK,Spurs,18,6,1,2024-05-11T14:00:00Z,0,0,0,0,0,0,0,0,0.0,0.0,0.0,0.0,0.0,0.0,0.0,0.0,0,47
2023-24,37,339,503,Giovani Lo Celso,MID,Spurs,18,13,1,2024-05-14T19:00:00Z,5,1,0,0,0,1,0,2,2.8,0.7,0.0,0.4,0.0,0.01,0.01,0.86,0,48
2023-24,37,368,503,Giovani Lo Celso,MID,Spurs,18,6,1,2024-05-11T14:00:00Z,2,1,0,0,0,0,0,2,0.0,0.3,0.0,0.0,0.0,0.0,0.0,0.0,0,48
2023-24,37,339,504,James Maddison,MID,Spurs,18,13,1,2024-05-14T19:00:00Z,90,2,0,0,0,2,0,20,17.8,53.1,2.0,7.3,0.0,0.09,0.09,2.34,1,78
2023-24,37,368,504,James Maddison,MID,Spurs,18,6,1,2024-05-11T14:00:00Z,87,4,0,1,0,1,0,21,31.6,50.1,30.0,11.2,0.6,0.33,0.93,0.75,1,78
2023-24,37,339,505,Tanguy Ndombélé Alvaro,MID,Spurs,18,13,1,2024-05-14T19:00:00Z,0,0,0,0,0,0,0,0,0.0,0.0,0.0,0.0,0.0,0.0,0.0,0.0,0,44
2023-24,37,368,505,Tanguy Ndombélé Alvaro,MID,Spurs,18,6,1,2024-05-11T14:00:00Z,0,0,0,0,0,0,0,0,0.0,0.0,0.0,0.0,0.0,0.0,0.0,0.0,0,44
2023-24,37,339,506,Pedro Porro,DEF,Spurs,18,13,1,2024-05-14T19:00:00Z,90,1,0,0,0,2,0,7,6.0,4.9,2.0,1.3,0.0,0.02,0.02,2.4,1,58
2023-24,37,368,506,Pedro Porro,DEF,Spurs,18,6,1,2024-05-11T14:00:00Z,90,9,1,0,0,1,1,24,37.6,21.0,30.0,8.9,0.14,0.06,0.2,0.75,1,58
2023-24,37,339,507,Ivan Perišić,DEF,Spurs,18,13,1,2024-05-14T19:00:00Z,0,0,0,0,0,0,0,0,0.0,0.0,0.0,0.0,0.0,0.0,0.0,0.0,0,47
2023-24,37,368,507,Ivan Perišić,DEF,Spurs,18,6,1,2024-05-11T14:00:00Z,0,0,0,0,0,0,0,0,0.0,0.0,0.0,0.0,0.0,0.0,0.0,0.0,0,47
2023-24,37,362,508,Sergio Reguilón,DEF,Brentford,4,3,0,2024-05-11T14:00:00Z,90,2,0,0,0,1,0,15,31.0,19.6,0.0,5.1,0.0,0.04,0.04,0.69,1,45
2023-24,37,339,509,Richarlison de Andrade,MID,Spurs,18,13,1,2024-05-14T19:00:00Z,0,0,0,0,0,0,0,0,0.0,0.0,0.0,0.0,0.0,0.0,0.0,0.0,0,68
2023-24,37,368,509,Richarlison de Andrade,MID,Spurs,18,6,1,2024-05-11T14:00:00Z,0,0,0,0,0,0,0,0,0.0,0.0,0.0,0.0,0.0,0.0,0.0,0.0,0,68
2023-24,37,339,510,Joe Rodon,DEF,Spurs,18,13,1,2024-05-14T19:00:00Z,0,0,0,0,0,0,0,0,0.0,0.0,0.0,0.0,0.0,0.0,0.0,0.0,0,40
2023-24,37,368,510,Joe Rodon,DEF,Spurs,18,6,1,2024-05-11T14:00:00Z,0,0,0,0,0,0,0,0,0.0,0.0,0.0,0.0,0.0,0.0,0.0,0.0,0,40
2023-24,37,339,511,Cristian Romero,DEF,Spurs,18,13,1,2024-05-14T19:00:00Z,90,0,0,0,0,2,0,9,18.6,0.8,4.0,2.3,0.06,0.0,0.06,2.4,1,51
2023-24,37,368,511,Cristian Romero,DEF,Spurs,18,6,1,2024-05-11T14:00:00Z,90,2,0,0,0,1,0,12,35.0,3.5,40.0,7.9,0.09,0.02,0.11,0.75,1,51
2023-24,37,339,512,Davinson Sánchez,DEF,Spurs,18,13,1,2024-05-14T19:00:00Z,0,0,0,0,0,0,0,0,0.0,0.0,0.0,0.0,0.0,0.0,0.0,0.0,0,44
2023-24,37,368,512,Davinson Sánchez,DEF,Spurs,18,6,1,2024-05-11T14:00:00Z,0,0,0,0,0,0,0,0,0.0,0.0,0.0,0.0,0.0,0.0,0.0,0.0,0,44
2023-24,37,339,513,Pape Matar Sarr,MID,Spurs,18,13,1,2024-05-14T19:00:00Z,84,1,0,0,0,1,0,9,2.8,4.9,2.0,1.0,0.05,0.07,0.12,1.53,1,44
2023-24,37,368,513,Pape Matar Sarr,MID,Spurs,18,6,1,2024-05-11T14:00:00Z,87,1,0,0,0,1,0,15,10.6,17.5,23.0,5.1,0.14,0.06,0.2,0.75,1,44
2023-24,37,339,514,Ryan Sessegnon,DEF,Spurs,18,13,1,2024-05-14T19:00:00Z,0,0,0,0,0,0,0,0,0.0,0.0,0.0,0.0,0.0,0.0,0.0,0.0,0,44
2023-24,37,368,514,Ryan Sessegnon,DEF,Spurs,18,6,1,2024-05-11T14:00:00Z,0,0,0,0,0,0,0,0,0.0,0.0,0.0,0.0,0.0,0.0,0.0,0.0,0,44
2023-24,37,339,515,Oliver Skipp,MID,Spurs,18,13,1,2024-05-14T19:00:00Z,5,1,0,0,0,1,0,3,0.6,1.4,0.0,0.2,0.0,0.0,0.0,0.86,0,45
2023-24,37,368,515,Oliver Skipp,MID,Spurs,18,6,1,2024-05-11T14:00:00Z,74,1,0,0,0,1,0,8,8.6,4.3,2.0,1.5,0.0,0.01,0.01,0.75,1,45
2023-24,37,339,516,Son Heung-min,MID,Spurs,18,13,1,2024-05-14T19:00:00Z,90,2,0,0,0,2,0,-5,10.2,4.8,58.0,7.3,0.56,0.02,0.58,2.4,1,99
2023-24,37,368,516,Son Heung-min,MID,Spurs,18,6,1,2024-05-11T14:00:00Z,90,2,0,0,0,1,0,14,13.2,56.3,29.0,9.9,0.17,0.67,0.84,0.75,1,99
2023-24,37,339,517,Djed Spence,DEF,Spurs,18,13,1,2024-05-14T19:00:00Z,0,0,0,0,0,0,0,0,0.0,0.0,0.0,0.0,0.0,0.0,0.0,0.0,0,40
2023-24,37,368,517,Djed Spence,DEF,Spurs,18,6,1,2024-05-11T14:00:00Z,0,0,0,0,0,0,0,0,0.0,0.0,0.0,0.0,0.0,0.0,0.0,0.0,0,40
2023-24,37,339,518,Japhet Tanganga,DEF,Spurs,18,13,1,2024-05-14T19:00:00Z,0,0,0,0,0,0,0,0,0.0,0.0,0.0,0.0,0.0,0.0,0.0,0.0,0,40
2023-24,37,368,518,Japhet Tanganga,DEF,Spurs,18,6,1,2024-05-11T14:00:00Z,0,0,0,0,0,0,0,0,0.0,0.0,0.0,0.0,0.0,0.0,0.0,0.0,0,40
2023-24,37,339,519,Destiny Udogie,DEF,Spurs,18,13,1,2024-05-14T19:00:00Z,0,0,0,0,0,0,0,0,0.0,0.0,0.0,0.0,0.0,0.0,0.0,0.0,0,49
2023-24,37,368,519,Destiny Udogie,DEF,Spurs,18,6,1,2024-05-11T14:00:00Z,0,0,0,0,0,0,0,0,0.0,0.0,0.0,0.0,0.0,0.0,0.0,0.0,0,49
2023-24,37,339,520,Guglielmo Vicario,GK,Spurs,18,13,1,2024-05-14T19:00:00Z,90,2,0,0,0,2,0,20,30.4,0.0,0.0,3.0,0.0,0.0,0.0,2.4,1,53
2023-24,37,368,520,Guglielmo Vicario,GK,Spurs,18,6,1,2024-05-11T14:00:00Z,90,2,0,0,0,1,0,16,16.4,0.0,0.0,1.6,0.0,0.0,0.0,0.75,1,53
2023-24,37,339,521,Alfie Whiteman,GK,Spurs,18,13,1,2024-05-14T19:00:00Z,0,0,0,0,0,0,0,0,0.0,0.0,0.0,0.0,0.0,0.0,0.0,0.0,0,39
2023-24,37,368,521,Alfie Whiteman,GK,Spurs,18,6,1,2024-05-11T14:00:00Z,0,0,0,0,0,0,0,0,0.0,0.0,0.0,0.0,0.0,0.0,0.0,0.0,0,39
2023-24,37,369,522,Nayef Aguerd,DEF,West Ham,19,12,1,2024-05-11T14:00:00Z,0,0,0,0,0,0,0,0,0.0,0.0,0.0,0.0,0.0,0.0,0.0,0.0,0,44
2023-24,37,369,523,Michail Antonio,FWD,West Ham,19,12,1,2024-05-11T14:00:00Z,74,2,0,0,0,1,0,1,4.2,0.4,39.0,4.4,0.25,0.02,0.27,0.42,1,57
2023-24,37,369,524,Alphonse Areola,GK,West Ham,19,12,1,2024-05-11T14:00:00Z,90,2,0,0,0,1,0,8,4.6,0.0,0.0,0.5,0.0,0.0,0.0,0.42,1,42
2023-24,37,369,525,Saïd Benrahma,MID,West Ham,19,12,1,2024-05-11T14:00:00Z,0,0,0,0,0,0,0,0,0.0,0.0,0.0,0.0,0.0,0.0,0.0,0.0,0,56
2023-24,37,369,526,Jarrod Bowen,MID,West Ham,19,12,1,2024-05-11T14:00:00Z,90,2,0,0,0,1,0,1,10.2,33.9,67.0,11.1,1.43,0.13,1.56,0.42,1,76
2023-24,37,369,527,Maxwel Cornet,MID,West Ham,19,12,1,2024-05-11T14:00:00Z,0,0,0,0,0,0,0,0,0.0,0.0,0.0,0.0,0.0,0.0,0.0,0.0,0,52
2023-24,37,369,528,Vladimír Coufal,DEF,West Ham,19,12,1,2024-05-11T14:00:00Z,90,2,0,0,0,1,0,21,23.8,44.6,3.0,7.1,0.01,0.49,0.5,0.42,1,46
2023-24,37,369,529,Conor Coventry,MID,West Ham,19,12,1,2024-05-11T14:00:00Z,0,0,0,0,0,0,0,0,0.0,0.0,0.0,0.0,0.0,0.0,0.0,0.0,0,43
2023-24,37,369,530,Aaron Cresswell,DEF,West Ham,19,12,1,2024-05-11T14:00:00Z,6,1,0,0,0,0,0,3,0.4,0.3,2.0,0.3,0.0,0.01,0.01,0.0,0,42
2023-24,37,369,531,Flynn Downes,MID,West Ham,19,12,1,2024-05-11T14:00:00Z,0,0,0,0,0,0,0,0,0.0,0.0,0.0,0.0,0.0,0.0,0.0,0.0,0,50
2023-24,37,369,532,Emerson Palmieri dos Santos,DEF,West Ham,19,12,1,2024-05-11T14:00:00Z,83,1,0,0,0,1,0,10,22.0,13.5,7.0,4.3,0.13,0.03,0.16,0.42,1,43
2023-24,37,369,533,Lukasz Fabianski,GK,West Ham,19,12,1,2024-05-11T14:00:00Z,0,0,0,0,0,0,0,0,0.0,0.0,0.0,0.0,0.0,0.0,0.0,0.0,0,42
2023-24,37,369,534,Pablo Fornals Malla,MID,West Ham,19,12,1,2024-05-11T14:00:00Z,0,0,0,0,0,0,0,0,0.0,0.0,0.0,0.0,0.0,0.0,0.0,0.0,0,46
2023-24,37,369,535,Danny Ings,FWD,West Ham,19,12,1,2024-05-11T14:00:00Z,6,1,0,0,0,0,0,3,0.2,0.5,2.0,0.3,0.0,0.01,0.01,0.0,0,55
2023-24,37,369,536,Ben Johnson,DEF,West Ham,19,12,1,2024-05-11T14:00:00Z,0,0,0,0,0,0,0,0,0.0,0.0,0.0,0.0,0.0,0.0,0.0,0.0,0,44
2023-24,37,369,537,Thilo Kehrer,DEF,West Ham,19,12,1,2024-05-11T14:00:00Z,0,0,0,0,0,0,0,0,0.0,0.0,0.0,0.0,0.0,0.0,0.0,0.0,0,42
2023-24,37,369,538,Divin Mubama,FWD,West Ham,19,12,1,2024-05-11T14:00:00Z,0,0,0,0,0,0,0,0,0.0,0.0,0.0,0.0,0.0,0.0,0.0,0.0,0,41
2023-24,37,369,539,Lucas Tolentino Coelho de Lima,MID,West Ham,19,12,1,2024-05-11T14:00:00Z,83,2,0,0,0,1,0,11,16.2,24.4,6.0,4.7,0.01,0.25,0.26,0.42,1,60
2023-24,37,365,540,Declan Rice,MID,Arsenal,1,14,0,2024-05-12T15:30:00Z,90,3,0,0,1,0,0,13,15.2,15.3,11.0,4.2,0.14,0.1,0.24,0.64,1,55
2023-24,37,369,541,Gianluca Scamacca,FWD,West Ham,19,12,1,2024-05-11T14:00:00Z,0,0,0,0,0,0,0,0,0.0,0.0,0.0,0.0,0.0,0.0,0.0,0.0,0,60
2023-24,37,369,542,Tomáš Souček,MID,West Ham,19,12,1,2024-05-11T14:00:00Z,90,10,1,0,0,1,3,34,53.8,36.1,27.0,11.7,0.21,0.13,0.34,0.42,1,49
2023-24,37,369,543,Nikola Vlašić,MID,West Ham,19,12,1,2024-05-11T14:00:00Z,0,0,0,0,0,0,0,0,0.0,0.0,0.0,0.0,0.0,0.0,0.0,0.0,0,45
2023-24,37,369,544,Kurt Zouma,DEF,West Ham,19,12,1,2024-05-11T14:00:00Z,90,2,0,0,0,1,0,13,24.2,0.3,2.0,2.7,0.0,0.01,0.01,0.42,1,45
2023-24,37,370,545,Rayan Aït-Nouri,DEF,Wolves,20,8,1,2024-05-11T14:00:00Z,60,1,0,0,0,2,0,10,14.0,14.8,26.0,5.5,0.19,0.1,0.29,2.05,1,47
2023-24,37,370,546,Daniel Bentley,GK,Wolves,20,8,1,2024-05-11T14:00:00Z,90,1,0,0,0,3,0,8,4.6,0.0,0.0,0.5,0.0,0.0,0.0,2.7,1,39
2023-24,37,370,547,Bendegúz Bolla,DEF,Wolves,20,8,1,2024-05-11T14:00:00Z,0,0,0,0,0,0,0,0,0.0,0.0,0.0,0.0,0.0,0.0,0.0,0.0,0,40
2023-24,37,370,548,Hugo Bueno López,DEF,Wolves,20,8,1,2024-05-11T14:00:00Z,0,0,0,0,0,0,0,0,0.0,0.0,0.0,0.0,0.0,0.0,0.0,0.0,0,44
2023-24,37,370,549,Francisco Jorge Tomás Oliveira,MID,Wolves,20,8,1,2024-05-11T14:00:00Z,0,0,0,0,0,0,0,0,0.0,0.0,0.0,0.0,0.0,0.0,0.0,0.0,0,45
2023-24,37,370,550,Luke Cundle,MID,Wolves,20,8,1,2024-05-11T14:00:00Z,0,0,0,0,0,0,0,0,0.0,0.0,0.0,0.0,0.0,0.0,0.0,0.0,0,45
2023-24,37,370,551,Craig Dawson,DEF,Wolves,20,8,1,2024-05-11T14:00:00Z,0,0,0,0,0,0,0,0,0.0,0.0,0.0,0.0,0.0,0.0,0.0,0.0,0,45
2023-24,37,370,552,Fábio Silva,FWD,Wolves,20,8,1,2024-05-11T14:00:00Z,0,0,0,0,0,0,0,0,0.0,0.0,0.0,0.0,0.0,0.0,0.0,0.0,0,52
2023-24,37,369,553,Ryan Giles,DEF,Luton,12,19,0,2024-05-11T14:00:00Z,0,0,0,0,0,0,0,0,0.0,0.0,0.0,0.0,0.0,0.0,0.0,0.0,0,42
2023-24,37,370,554,Gonçalo Manuel Ganchinho Guedes,MID,Wolves,20,8,1,2024-05-11T14:00:00Z,0,0,0,0,0,0,0,0,0.0,0.0,0.0,0.0,0.0,0.0,0.0,0.0,0,54
2023-24,37,370,555,Joe Hodge,MID,Wolves,20,8,1,2024-05-11T14:00:00Z,0,0,0,0,0,0,0,0,0.0,0.0,0.0,0.0,0.0,0.0,0.0,0.0,0,44
2023-24,37,370,556,Ki-Jana Hoever,DEF,Wolves,20,8,1,2024-05-11T14:00:00Z,0,0,0,0,0,0,0,0,0.0,0.0,0.0,0.0,0.0,0.0,0.0,0.0,0,40
2023-24,37,370,557,Hwang Hee-chan,MID,Wolves,20,8,1,2024-05-11T14:00:00Z,90,2,0,0,0,3,0,-3,0.0,5.0,15.0,1.7,0.58,0.01,0.59,2.7,1,54
2023-24,37,364,558,Raúl Jiménez,FWD,Fulham,10,13,1,2024-05-11T11:30:00Z,0,0,0,0,0,0,0,0,0.0,0.0,0.0,0.0,0.0,0.0,0.0,0.0,0,50
2023-24,37,370,559,João Victor Gomes da Silva,MID,Wolves,20,8,1,2024-05-11T14:00:00Z,90,2,0,0,0,3,0,7,23.4,36.9,11.0,7.1,0.11,0.07,0.18,2.7,1,49
2023-24,37,370,560,Jonathan Castro Otto,DEF,Wolves,20,8,1,2024-05-11T14:00:00Z,0,0,0,0,0,0,0,0,0.0,0.0,0.0,0.0,0.0,0.0,0.0,0.0,0,43
2023-24,37,370,561,Bruno Cavaco Jordão,MID,Wolves,20,8,1,2024-05-11T14:00:00Z,0,0,0,0,0,0,0,0,0.0,0.0,0.0,0.0,0.0,0.0,0.0,0.0,0,43
2023-24,37,370,562,Sasa Kalajdzic,FWD,Wolves,20,8,1,2024-05-11T14:00:00Z,0,0,0,0,0,0,0,0,0.0,0.0,0.0,0.0,0.0,0.0,0.0,0.0,0,49
2023-24,37,370,563,Max Kilman,DEF,Wolves,20,8,1,2024-05-11T14:00:00Z,90,1,0,0,0,3,0,14,18.6,1.4,6.0,2.6,0.04,0.01,0.05,2.7,1,45
2023-24,37,370,564,Tom King,GK,Wolves,20,8,1,2024-05-11T14:00:00Z,0,0,0,0,0,0,0,0,0.0,0.0,0.0,0.0,0.0,0.0,0.0,0.0,0,39
2023-24,37,370,565,Mario Lemina,MID,Wolves,20,8,1,2024-05-11T14:00:00Z,90,2,0,0,0,3,0,11,22.2,4.2,19.0,4.5,0.11,0.01,0.12,2.7,1,49
2023-24,37,339,566,Matheus Luiz Nunes,MID,Man City,13,18,0,2024-05-14T19:00:00Z,0,0,0,0,0,0,0,0,0.0,0.0,0.0,0.0,0.0,0.0,0.0,0.0,0,47
2023-24,37,364,566,Matheus Luiz Nunes,MID,Man City,13,10,0,2024-05-11T11:30:00Z,0,0,0,0,0,0,0,0,0.0,0.0,0.0,0.0,0.0,0.0,0.0,0.0,0,47
2023-24,37,370,567,Pedro Lomba Neto,MID,Wolves,20,8,1,2024-05-11T14:00:00Z,0,0,0,0,0,0,0,0,0.0,0.0,0.0,0.0,0.0,0.0,0.0,0.0,0,55
2023-24,37,370,568,Daniel Castelo Podence,MID,Wolves,20,8,1,2024-05-11T14:00:00Z,0,0,0,0,0,0,0,0,0.0,0.0,0.0,0.0,0.0,0.0,0.0,0.0,0,53
2023-24,37,370,569,José Malheiro de Sá,GK,Wolves,20,8,1,2024-05-11T14:00:00Z,0,0,0,0,0,0,0,0,0.0,0.0,0.0,0.0,0.0,0.0,0.0,0.0,0,50
2023-24,37,370,570,Pablo Sarabia,MID,Wolves,20,8,1,2024-05-11T14:00:00Z,29,0,0,0,0,1,0,1,5.0,9.3,17.0,3.1,0.07,0.12,0.19,0.65,0,45
2023-24,37,370,571,Matija Šarkić,GK,Wolves,20,8,1,2024-05-11T14:00:00Z,0,0,0,0,0,0,0,0,0.0,0.0,0.0,0.0,0.0,0.0,0.0,0.0,0,40
2023-24,37,370,572,Nélson Cabral Semedo,DEF,Wolves,20,8,1,2024-05-11T14:00:00Z,90,1,0,0,0,3,0,9,17.8,13.8,0.0,3.2,0.0,0.02,0.02,2.7,1,45
2023-24,37,370,573,Toti António Gomes,DEF,Wolves,20,8,1,2024-05-11T14:00:00Z,89,1,0,0,0,3,0,13,14.2,12.2,4.0,3.0,0.0,0.01,0.01,2.7,1,44
2023-24,37,370,574,Boubacar Traoré,MID,Wolves,20,8,1,2024-05-11T14:00:00Z,45,0,0,0,0,2,0,9,5.6,16.3,2.0,2.4,0.0,0.03,0.03,1.62,1,43
2023-24,37,369,575,Tom Lockyer,DEF,Luton,12,19,0,2024-05-11T14:00:00Z,0,0,0,0,0,0,0,0,0.0,0.0,0.0,0.0,0.0,0.0,0.0,0.0,0,42
2023-24,37,363,576,Jack Robinson,DEF,Sheffield Utd,17,9,0,2024-05-11T14:00:00Z,90,1,0,0,0,1,0,7,10.6,18.3,6.0,3.5,0.05,0.16,0.21,2.16,1,43
2023-24,37,369,577,Angelo Ogbonna,DEF,West Ham,19,12,1,2024-05-11T14:00:00Z,90,2,0,0,0,1,0,13,12.2,0.8,0.0,1.3,0.0,0.01,0.01,0.42,1,42
2023-24,37,365,578,Reiss Nelson,MID,Arsenal,1,14,0,2024-05-12T15:30:00Z,0,0,0,0,0,0,0,0,0.0,0.0,0.0,0.0,0.0,0.0,0.0,0.0,0,48
2023-24,37,363,579,Andy Lonergan,GK,Everton,9,17,1,2024-05-11T14:00:00Z,0,0,0,0,0,0,0,0,0.0,0.0,0.0,0.0,0.0,0.0,0.0,0.0,0,39
2023-24,37,337,580,Loris Karius,GK,Newcastle,15,14,0,2024-05-15T19:00:00Z,0,0,0,0,0,0,0,0,0.0,0.0,0.0,0.0,0.0,0.0,0.0,0.0,0,39
2023-24,37,366,580,Loris Karius,GK,Newcastle,15,5,1,2024-05-11T14:00:00Z,0,0,0,0,0,0,0,0,0.0,0.0,0.0,0.0,0.0,0.0,0.0,0.0,0,39
2023-24,37,337,581,Paul Dummett,DEF,Newcastle,15,14,0,2024-05-15T19:00:00Z,0,0,0,0,0,0,0,0,0.0,0.0,0.0,0.0,0.0,0.0,0.0,0.0,0,39
2023-24,37,366,581,Paul Dummett,DEF,Newcastle,15,5,1,2024-05-11T14:00:00Z,0,0,0,0,0,0,0,0,0.0,0.0,0.0,0.0,0.0,0.0,0.0,0.0,0,39
2023-24,37,369,582,Pelly Ruddock Mpanzu,MID,Luton,12,19,0,2024-05-11T14:00:00Z,0,0,0,0,0,0,0,0,0.0,0.0,0.0,0.0,0.0,0.0,0.0,0.0,0,46
2023-24,37,339,583,Manor Solomon,MID,Spurs,18,13,1,2024-05-14T19:00:00Z,0,0,0,0,0,0,0,0,0.0,0.0,0.0,0.0,0.0,0.0,0.0,0.0,0,51
2023-24,37,368,583,Manor Solomon,MID,Spurs,18,6,1,2024-05-11T14:00:00Z,0,0,0,0,0,0,0,0,0.0,0.0,0.0,0.0,0.0,0.0,0.0,0.0,0,51
2023-24,37,361,584,Pau Torres,DEF,Aston Villa,2,11,1,2024-05-13T19:00:00Z,90,1,0,0,0,3,0,14,13.8,0.9,7.0,2.2,0.01,0.01,0.02,1.73,1,46
2023-24,37,365,585,Jurriën Timber,DEF,Arsenal,1,14,0,2024-05-12T15:30:00Z,0,0,0,0,0,0,0,0,0.0,0.0,0.0,0.0,0.0,0.0,0.0,0.0,0,46
2023-24,37,369,586,Tahith Chong,MID,Luton,12,19,0,2024-05-11T14:00:00Z,90,2,0,0,0,3,0,11,13.6,2.8,0.0,1.6,0.0,0.02,0.02,3.24,1,44
2023-24,37,363,587,Anis Slimane,MID,Sheffield Utd,17,9,0,2024-05-11T14:00:00Z,35,1,0,0,0,0,0,-2,3.6,2.1,9.0,1.5,0.13,0.01,0.14,0.27,0,47
2023-24,37,363,588,Ashley Young,DEF,Everton,9,17,1,2024-05-11T14:00:00Z,90,6,0,0,1,0,0,21,10.2,1.9,0.0,1.2,0.0,0.01,0.01,0.64,1,44
2023-24,37,332,589,Ângelo Gabriel Borges Damaceno,MID,Chelsea,7,5,0,2024-05-15T18:45:00Z,0,0,0,0,0,0,0,0,0.0,0.0,0.0,0.0,0.0,0.0,0.0,0.0,0,50
2023-24,37,367,589,Ângelo Gabriel Borges Damaceno,MID,Chelsea,7,16,0,2024-05-11T16:30:00Z,0,0,0,0,0,0,0,0,0.0,0.0,0.0,0.0,0.0,0.0,0.0,0.0,0,50
2023-24,37,370,590,Matheus Santos Carneiro Da Cunha,FWD,Wolves,20,8,1,2024-05-11T14:00:00Z,90,5,1,0,0,3,0,24,39.4,6.1,54.0,10.0,0.36,0.04,0.4,2.7,1,55
2023-24,37,364,591,Willian Borges da Silva,MID,Fulham,10,13,1,2024-05-11T11:30:00Z,45,1,0,0,0,1,0,5,2.8,0.8,0.0,0.4,0.0,0.0,0.0,1.28,1,53
2023-24,37,363,592,Yasser Larouci,DEF,Sheffield Utd,17,9,0,2024-05-11T14:00:00Z,54,1,0,0,0,1,0,4,2.0,0.6,0.0,0.3,0.0,0.01,0.01,1.9,1,43
2023-24,37,363,593,Bénie Traoré,FWD,Sheffield Utd,17,9,0,2024-05-11T14:00:00Z,0,0,0,0,0,0,0,0,0.0,0.0,0.0,0.0,0.0,0.0,0.0,0.0,0,51
2023-24,37,368,594,Zeki Amdouni,FWD,Burnley,6,18,0,2024-05-11T14:00:00Z,2,1,0,0,0,0,0,3,0.0,0.0,0.0,0.0,0.0,0.0,0.0,0.0,0,51
2023-24,37,362,595,Milos Kerkez,DEF,Bournemouth,3,4,1,2024-05-11T14:00:00Z,0,0,0,0,0,0,0,0,0.0,0.0,0.0,0.0,0.0,0.0,0.0,0.0,0,44
2023-24,37,368,596,James Trafford,GK,Burnley,6,18,0,2024-05-11T14:00:00Z,0,0,0,0,0,0,0,0,0.0,0.0,0.0,0.0,0.0,0.0,0.0,0.0,0,44
2023-24,37,337,597,André Onana,GK,Man Utd,14,15,1,2024-05-15T19:00:00Z,90,2,0,0,0,2,0,19,41.2,0.0,0.0,4.1,0.0,0.0,0.0,2.32,1,50
2023-24,37,365,597,André Onana,GK,Man Utd,14,1,1,2024-05-12T15:30:00Z,90,3,0,0,0,1,0,19,32.2,0.0,0.0,3.2,0.0,0.0,0.0,1.71,1,50
2023-24,37,370,598,Matt Doherty,DEF,Wolves,20,8,1,2024-05-11T14:00:00Z,78,1,0,0,0,3,0,16,12.2,4.6,17.0,3.4,0.11,0.02,0.13,2.7,1,43
2023-24,37,361,599,Moussa Diaby,MID,Aston Villa,2,11,1,2024-05-13T19:00:00Z,90,5,0,1,0,3,0,25,31.2,52.9,39.0,12.3,0.63,0.43,1.06,1.73,1,63
2023-24,37,368,600,Nathan Redmond,MID,Burnley,6,18,0,2024-05-11T14:00:00Z,0,0,0,0,0,0,0,0,0.0,0.0,0.0,0.0,0.0,0.0,0.0,0.0,0,47
2023-24,37,363,601,Arnaut Danjuma Groeneveld,MID,Everton,9,17,1,2024-05-11T14:00:00Z,0,0,0,0,0,0,0,0,0.0,0.0,0.0,0.0,0.0,0.0,0.0,0.0,0,52
2023-24,37,369,602,Issa Kaboré,DEF,Luton,12,19,0,2024-05-11T14:00:00Z,0,0,0,0,0,0,0,0,0.0,0.0,0.0,0.0,0.0,0.0,0.0,0.0,0,40
2023-24,37,337,603,Harvey Barnes,MID,Newcastle,15,14,0,2024-05-15T19:00:00Z,13,1,0,0,0,1,0,5,6.8,9.1,0.0,1.6,0.0,0.02,0.02,0.16,0,62
2023-24,37,366,603,Harvey Barnes,MID,Newcastle,15,5,1,2024-05-11T14:00:00Z,22,0,0,0,0,0,0,-3,2.0,0.3,23.0,2.5,0.16,0.0,0.16,0.14,0,62
2023-24,37,367,604,Olu Aina,DEF,Nott'm Forest,16,7,1,2024-05-11T16:30:00Z,90,1,0,0,0,3,0,16,20.0,16.7,6.0,4.3,0.08,0.08,0.16,1.81,1,45
2023-24,37,368,605,Luca Koleosho,MID,Burnley,6,18,0,2024-05-11T14:00:00Z,0,0,0,0,0,0,0,0,0.0,0.0,0.0,0.0,0.0,0.0,0.0,0.0,0,48
2023-24,37,332,606,Igor Julio dos Santos de Paulo,DEF,Brighton,5,7,1,2024-05-15T18:45:00Z,90,1,0,0,0,2,0,22,18.8,13.2,2.0,3.4,0.0,0.04,0.04,1.48,1,43
2023-24,37,366,606,Igor Julio dos Santos de Paulo,DEF,Brighton,5,15,0,2024-05-11T14:00:00Z,90,2,0,0,0,1,0,19,19.0,2.3,0.0,2.1,0.0,0.01,0.01,2.27,1,43
2023-24,37,362,607,Ionuț Radu,GK,Bournemouth,3,4,1,2024-05-11T14:00:00Z,0,0,0,0,0,0,0,0,0.0,0.0,0.0,0.0,0.0,0.0,0.0,0.0,0,43
2023-24,37,368,608,Jacob Bruun Larsen,MID,Burnley,6,18,0,2024-05-11T14:00:00Z,80,7,1,0,0,1,1,24,41.0,15.6,34.0,9.1,0.42,0.06,0.48,2.23,1,48
2023-24,37,332,609,Ian Maatsen,MID,Chelsea,7,5,0,2024-05-15T18:45:00Z,0,0,0,0,0,0,0,0,0.0,0.0,0.0,0.0,0.0,0.0,0.0,0.0,0,51
2023-24,37,367,609,Ian Maatsen,MID,Chelsea,7,16,0,2024-05-11T16:30:00Z,0,0,0,0,0,0,0,0,0.0,0.0,0.0,0.0,0.0,0.0,0.0,0.0,0,51
2023-24,37,364,610,Calvin Bassey,DEF,Fulham,10,13,1,2024-05-11T11:30:00Z,90,0,0,0,0,4,0,13,12.8,0.2,0.0,1.3,0.0,0.0,0.0,3.25,1,44
2023-24,37,332,611,Axel Disasi,DEF,Chelsea,7,5,0,2024-05-15T18:45:00Z,0,0,0,0,0,0,0,0,0.0,0.0,0.0,0.0,0.0,0.0,0.0,0.0,0,49
2023-24,37,367,611,Axel Disasi,DEF,Chelsea,7,16,0,2024-05-11T16:30:00Z,0,0,0,0,0,0,0,0,0.0,0.0,0.0,0.0,0.0,0.0,0.0,0.0,0,49
2023-24,37,332,613,Lesley Ugochukwu,MID,Chelsea,7,5,0,2024-05-15T18:45:00Z,1,1,0,0,0,0,0,4,4.0,0.0,0.0,0.4,0.0,0.0,0.0,0.18,0,44
2023-24,37,367,613,Lesley Ugochukwu,MID,Chelsea,7,16,0,2024-05-11T16:30:00Z,0,0,0,0,0,0,0,0,0.0,0.0,0.0,0.0,0.0,0.0,0.0,0.0,0,44
2023-24,37,369,614,Thomas Kaminski,GK,Luton,12,19,0,2024-05-11T14:00:00Z,90,2,0,0,0,3,0,19,39.4,0.0,0.0,3.9,0.0,0.0,0.0,3.24,1,45
2023-24,37,370,615,Matheus França de Oliveira,MID,Crystal Palace,8,20,0,2024-05-11T14:00:00Z,0,0,0,0,0,0,0,0,0.0,0.0,0.0,0.0,0.0,0.0,0.0,0.0,0,48
2023-24,37,339,616,Joško Gvardiol,DEF,Man City,13,18,0,2024-05-14T19:00:00Z,90,6,0,0,1,0,0,25,16.0,3.4,6.0,2.5,0.08,0.02,0.1,1.33,1,51
2023-24,37,364,616,Joško Gvardiol,DEF,Man City,13,10,0,2024-05-11T11:30:00Z,90,21,2,0,1,0,3,45,69.4,5.8,56.0,13.1,0.76,0.04,0.8,0.12,1,51
2023-24,37,337,617,Rasmus Højlund,FWD,Man Utd,14,15,1,2024-05-15T19:00:00Z,8,6,1,0,0,1,1,29,32.0,0.0,19.0,5.1,0.05,0.0,0.05,0.14,0,71
2023-24,37,365,617,Rasmus Højlund,FWD,Man Utd,14,1,1,2024-05-12T15:30:00Z,87,2,0,0,0,1,0,1,0.0,13.4,3.0,1.5,0.07,0.01,0.08,1.71,1,71
2023-24,37,361,618,Omari Kellyman,MID,Aston Villa,2,11,1,2024-05-13T19:00:00Z,0,0,0,0,0,0,0,0,0.0,0.0,0.0,0.0,0.0,0.0,0.0,0.0,0,45
2023-24,37,362,619,Ben Greenwood,DEF,Bournemouth,3,4,1,2024-05-11T14:00:00Z,0,0,0,0,0,0,0,0,0.0,0.0,0.0,0.0,0.0,0.0,0.0,0.0,0,40
2023-24,37,362,620,Michael Olakigbe,MID,Brentford,4,3,0,2024-05-11T14:00:00Z,0,0,0,0,0,0,0,0,0.0,0.0,0.0,0.0,0.0,0.0,0.0,0.0,0,45
2023-24,37,332,621,Jack Hinshelwood,MID,Brighton,5,7,1,2024-05-15T18:45:00Z,0,0,0,0,0,0,0,0,0.0,0.0,0.0,0.0,0.0,0.0,0.0,0.0,0,45
2023-24,37,366,621,Jack Hinshelwood,MID,Brighton,5,15,0,2024-05-11T14:00:00Z,0,0,0,0,0,0,0,0,0.0,0.0,0.0,0.0,0.0,0.0,0.0,0.0,0,45
2023-24,37,368,622,Owen Dodgson,DEF,Burnley,6,18,0,2024-05-11T14:00:00Z,0,0,0,0,0,0,0,0,0.0,0.0,0.0,0.0,0.0,0.0,0.0,0.0,0,40
2023-24,37,332,623,Mason Burstow,FWD,Chelsea,7,5,0,2024-05-15T18:45:00Z,0,0,0,0,0,0,0,0,0.0,0.0,0.0,0.0,0.0,0.0,0.0,0.0,0,45
2023-24,37,367,623,Mason Burstow,FWD,Chelsea,7,16,0,2024-05-11T16:30:00Z,0,0,0,0,0,0,0,0,0.0,0.0,0.0,0.0,0.0,0.0,0.0,0.0,0,45
2023-24,37,363,624,Lewis Dobbin,MID,Everton,9,17,1,2024-05-11T14:00:00Z,21,1,0,0,0,0,0,1,6.2,10.9,0.0,1.7,0.0,0.0,0.0,0.29,0,45
2023-24,37,364,625,Luc De Fougerolles,DEF,Fulham,10,13,1,2024-05-11T11:30:00Z,0,0,0,0,0,0,0,0,0.0,0.0,0.0,0.0,0.0,0.0,0.0,0.0,0,39
2023-24,37,361,626,Jarell Quansah,DEF,Liverpool,11,2,0,2024-05-13T19:00:00Z,90,9,1,0,0,3,2,35,73.0,0.9,17.0,9.1,0.1,0.01,0.11,3.36,1,40
2023-24,37,361,627,Bobby Clark,MID,Liverpool,11,2,0,2024-05-13T19:00:00Z,0,0,0,0,0,0,0,0,0.0,0.0,0.0,0.0,0.0,0.0,0.0,0.0,0,44
2023-24,37,361,628,Ben Doak,MID,Liverpool,11,2,0,2024-05-13T19:00:00Z,0,0,0,0,0,0,0,0,0.0,0.0,0.0,0.0,0.0,0.0,0.0,0.0,0,43
2023-24,37,361,629,James McConnell,MID,Liverpool,11,2,0,2024-05-13T19:00:00Z,0,0,0,0,0,0,0,0,0.0,0.0,0.0,0.0,0.0,0.0,0.0,0.0,0,44
2023-24,37,369,630,Ross Barkley,MID,Luton,12,19,0,2024-05-11T14:00:00Z,38,0,0,0,0,0,0,-1,10.6,11.1,0.0,2.2,0.0,0.02,0.02,0.6,1,45
2023-24,37,369,631,Jacob Brown,FWD,Luton,12,19,0,2024-05-11T14:00:00Z,0,0,0,0,0,0,0,0,0.0,0.0,0.0,0.0,0.0,0.0,0.0,0.0,0,49
2023-24,37,337,632,Omari Forson,MID,Man Utd,14,15,1,2024-05-15T19:00:00Z,0,0,0,0,0,0,0,0,0.0,0.0,0.0,0.0,0.0,0.0,0.0,0.0,0,44
2023-24,37,365,632,Omari Forson,MID,Man Utd,14,1,1,2024-05-12T15:30:00Z,3,1,0,0,0,0,0,4,1.6,1.0,0.0,0.3,0.0,0.0,0.0,0.0,0,44
2023-24,37,337,633,Tino Livramento,DEF,Newcastle,15,14,0,2024-05-15T19:00:00Z,0,0,0,0,0,0,0,0,0.0,0.0,0.0,0.0,0.0,0.0,0.0,0.0,0,40
2023-24,37,366,633,Tino Livramento,DEF,Newcastle,15,5,1,2024-05-11T14:00:00Z,90,2,0,0,0,1,0,15,22.4,13.6,4.0,4.0,0.0,0.04,0.04,1.32,1,40
2023-24,37,337,634,Alex Murphy,DEF,Newcastle,15,14,0,2024-05-15T19:00:00Z,0,0,0,0,0,0,0,0,0.0,0.0,0.0,0.0,0.0,0.0,0.0,0.0,0,39
2023-24,37,366,634,Alex Murphy,DEF,Newcastle,15,5,1,2024-05-11T14:00:00Z,0,0,0,0,0,0,0,0,0.0,0.0,0.0,0.0,0.0,0.0,0.0,0.0,0,39
2023-24,37,337,635,Lewis Miley,MID,Newcastle,15,14,0,2024-05-15T19:00:00Z,0,0,0,0,0,0,0,0,0.0,0.0,0.0,0.0,0.0,0.0,0.0,0.0,0,45
2023-24,37,366,635,Lewis Miley,MID,Newcastle,15,5,1,2024-05-11T14:00:00Z,0,0,0,0,0,0,0,0,0.0,0.0,0.0,0.0,0.0,0.0,0.0,0.0,0,45
2023-24,37,367,636,George Shelvey,GK,Nott'm Forest,16,7,1,2024-05-11T16:30:00Z,0,0,0,0,0,0,0,0,0.0,0.0,0.0,0.0,0.0,0.0,0.0,0.0,0,39
2023-24,37,367,637,Josh Powell,DEF,Nott'm Forest,16,7,1,2024-05-11T16:30:00Z,0,0,0,0,0,0,0,0,0.0,0.0,0.0,0.0,0.0,0.0,0.0,0.0,0,39
2023-24,37,363,638,Vini de Souza Costa,MID,Sheffield Utd,17,9,0,2024-05-11T14:00:00Z,90,2,0,0,0,1,0,9,12.8,1.2,0.0,1.4,0.0,0.01,0.01,2.16,1,50
2023-24,37,339,639,Micky van de Ven,DEF,Spurs,18,13,1,2024-05-14T19:00:00Z,90,1,0,0,0,2,0,13,9.8,1.8,0.0,1.2,0.0,0.0,0.0,2.4,1,44
2023-24,37,368,639,Micky van de Ven,DEF,Spurs,18,6,1,2024-05-11T14:00:00Z,90,11,1,0,0,1,3,33,47.6,2.1,24.0,7.4,0.21,0.01,0.22,0.75,1,44
2023-24,37,339,640,Dane Scarlett,FWD,Spurs,18,13,1,2024-05-14T19:00:00Z,0,0,0,0,0,0,0,0,0.0,0.0,0.0,0.0,0.0,0.0,0.0,0.0,0,45
2023-24,37,368,640,Dane Scarlett,FWD,Spurs,18,6,1,2024-05-11T14:00:00Z,15,1,0,0,0,0,0,1,0.0,0.3,6.0,0.6,0.0,0.0,0.0,0.0,0,45
2023-24,37,339,641,Alejo Véliz,FWD,Spurs,18,13,1,2024-05-14T19:00:00Z,0,0,0,0,0,0,0,0,0.0,0.0,0.0,0.0,0.0,0.0,0.0,0.0,0,54
2023-24,37,368,641,Alejo Véliz,FWD,Spurs,18,6,1,2024-05-11T14:00:00Z,0,0,0,0,0,0,0,0,0.0,0.0,0.0,0.0,0.0,0.0,0.0,0.0,0,54
2023-24,37,369,642,Edson Álvarez Velázquez,MID,West Ham,19,12,1,2024-05-11T14:00:00Z,0,0,0,0,0,0,0,0,0.0,0.0,0.0,0.0,0.0,0.0,0.0,0.0,0,50
2023-24,37,362,643,Max Aarons,DEF,Bournemouth,3,4,1,2024-05-11T14:00:00Z,0,0,0,0,0,0,0,0,0.0,0.0,0.0,0.0,0.0,0.0,0.0,0.0,0,44
2023-24,37,362,644,Alex Scott,MID,Bournemouth,3,4,1,2024-05-11T14:00:00Z,10,1,0,0,0,2,0,7,5.6,11.3,0.0,1.7,0.0,0.03,0.03,0.65,0,49
2023-24,37,363,645,Youssef Ramalho Chermiti,FWD,Everton,9,17,1,2024-05-11T14:00:00Z,11,1,0,0,0,0,0,4,4.0,10.3,25.0,3.9,0.12,0.14,0.26,0.21,0,48
2023-24,37,365,646,Karl Hein,GK,Arsenal,1,14,0,2024-05-12T15:30:00Z,0,0,0,0,0,0,0,0,0.0,0.0,0.0,0.0,0.0,0.0,0.0,0.0,0,40
2023-24,37,369,647,Joseph Anang,GK,West Ham,19,12,1,2024-05-11T14:00:00Z,0,0,0,0,0,0,0,0,0.0,0.0,0.0,0.0,0.0,0.0,0.0,0.0,0,40
2023-24,37,369,648,Aidan Francis-Clarke,DEF,Luton,12,19,0,2024-05-11T14:00:00Z,0,0,0,0,0,0,0,0,0.0,0.0,0.0,0.0,0.0,0.0,0.0,0.0,0,40
2023-24,37,363,649,Thomas Cannon,FWD,Everton,9,17,1,2024-05-11T14:00:00Z,0,0,0,0,0,0,0,0,0.0,0.0,0.0,0.0,0.0,0.0,0.0,0.0,0,45
2023-24,37,363,650,Tyler Onyango,MID,Everton,9,17,1,2024-05-11T14:00:00Z,0,0,0,0,0,0,0,0,0.0,0.0,0.0,0.0,0.0,0.0,0.0,0.0,0,44
2023-24,37,364,651,Jay Stansfield,FWD,Fulham,10,13,1,2024-05-11T11:30:00Z,0,0,0,0,0,0,0,0,0.0,0.0,0.0,0.0,0.0,0.0,0.0,0.0,0,45
2023-24,37,364,652,Matthew Dibley-Dias,MID,Fulham,10,13,1,2024-05-11T11:30:00Z,0,0,0,0,0,0,0,0,0.0,0.0,0.0,0.0,0.0,0.0,0.0,0.0,0,45
2023-24,37,363,653,Femi Seriki,DEF,Sheffield Utd,17,9,0,2024-05-11T14:00:00Z,0,0,0,0,0,0,0,0,0.0,0.0,0.0,0.0,0.0,0.0,0.0,0.0,0,39
2023-24,37,363,654,Louie Marsh,FWD,Sheffield Utd,17,9,0,2024-05-11T14:00:00Z,0,0,0,0,0,0,0,0,0.0,0.0,0.0,0.0,0.0,0.0,0.0,0.0,0,45
2023-24,37,363,655,Andre Brooks,MID,Sheffield Utd,17,9,0,2024-05-11T14:00:00Z,54,1,0,0,0,1,0,2,12.4,0.8,21.0,3.4,0.04,0.0,0.04,1.9,1,44
2023-24,37,363,656,Antwoine Hackford,FWD,Sheffield Utd,17,9,0,2024-05-11T14:00:00Z,0,0,0,0,0,0,0,0,0.0,0.0,0.0,0.0,0.0,0.0,0.0,0.0,0,44
2023-24,37,370,657,Jesurun Rak-Sakyi,MID,Crystal Palace,8,20,0,2024-05-11T14:00:00Z,0,0,0,0,0,0,0,0,0.0,0.0,0.0,0.0,0.0,0.0,0.0,0.0,0,45
2023-24,37,370,658,John-Kymani Gordon,FWD,Crystal Palace,8,20,0,2024-05-11T14:00:00Z,0,0,0,0,0,0,0,0,0.0,0.0,0.0,0.0,0.0,0.0,0.0,0.0,0,45
2023-24,37,332,659,Lucas Bergström,GK,Chelsea,7,5,0,2024-05-15T18:45:00Z,0,0,0,0,0,0,0,0,0.0,0.0,0.0,0.0,0.0,0.0,0.0,0.0,0,39
2023-24,37,367,659,Lucas Bergström,GK,Chelsea,7,16,0,2024-05-11T16:30:00Z,0,0,0,0,0,0,0,0,0.0,0.0,0.0,0.0,0.0,0.0,0.0,0.0,0,39
2023-24,37,368,660,Wilson Odobert,MID,Burnley,6,18,0,2024-05-11T14:00:00Z,90,2,0,0,0,2,0,16,13.2,31.3,9.0,5.4,0.03,0.21,0.24,2.5,1,50
2023-24,37,363,661,Jack Harrison,MID,Everton,9,17,1,2024-05-11T14:00:00Z,0,0,0,0,0,0,0,0,0.0,0.0,0.0,0.0,0.0,0.0,0.0,0.0,0,55
2023-24,37,364,662,Adama Traoré,MID,Fulham,10,13,1,2024-05-11T11:30:00Z,45,1,0,0,0,3,0,2,1.2,0.4,2.0,0.4,0.0,0.0,0.0,1.96,0,49
2023-24,37,363,663,Gustavo Hamer,MID,Sheffield Utd,17,9,0,2024-05-11T14:00:00Z,90,2,0,0,0,1,0,16,19.0,47.8,8.0,7.5,0.06,0.1,0.16,2.16,1,49
2023-24,37,369,664,James Ward-Prowse,MID,West Ham,19,12,1,2024-05-11T14:00:00Z,90,8,1,0,0,1,1,30,40.0,3.3,21.0,6.4,0.15,0.01,0.16,0.42,1,57
2023-24,37,369,665,Tim Krul,GK,Luton,12,19,0,2024-05-11T14:00:00Z,0,0,0,0,0,0,0,0,0.0,0.0,0.0,0.0,0.0,0.0,0.0,0.0,0,44
2023-24,37,363,666,Tom Davies,MID,Sheffield Utd,17,9,0,2024-05-11T14:00:00Z,0,0,0,0,0,0,0,0,0.0,0.0,0.0,0.0,0.0,0.0,0.0,0.0,0,50
2023-24,37,332,667,Roméo Lavia,MID,Chelsea,7,5,0,2024-05-15T18:45:00Z,0,0,0,0,0,0,0,0,0.0,0.0,0.0,0.0,0.0,0.0,0.0,0.0,0,49
2023-24,37,367,667,Roméo Lavia,MID,Chelsea,7,16,0,2024-05-11T16:30:00Z,0,0,0,0,0,0,0,0,0.0,0.0,0.0,0.0,0.0,0.0,0.0,0.0,0,49
2023-24,37,361,668,Wataru Endo,MID,Liverpool,11,2,0,2024-05-13T19:00:00Z,75,2,0,0,0,1,0,15,19.4,4.4,0.0,2.4,0.0,0.02,0.02,2.84,1,54
2023-24,37,337,669,Radek Vítek,GK,Man Utd,14,15,1,2024-05-15T19:00:00Z,0,0,0,0,0,0,0,0,0.0,0.0,0.0,0.0,0.0,0.0,0.0,0.0,0,40
2023-24,37,365,669,Radek Vítek,GK,Man Utd,14,1,1,2024-05-12T15:30:00Z,0,0,0,0,0,0,0,0,0.0,0.0,0.0,0.0,0.0,0.0,0.0,0.0,0,40
2023-24,37,361,670,Filip Marschall,GK,Aston Villa,2,11,1,2024-05-13T19:00:00Z,0,0,0,0,0,0,0,0,0.0,0.0,0.0,0.0,0.0,0.0,0.0,0.0,0,40
2023-24,37,332,671,Bashir Humphreys,DEF,Chelsea,7,5,0,2024-05-15T18:45:00Z,0,0,0,0,0,0,0,0,0.0,0.0,0.0,0.0,0.0,0.0,0.0,0.0,0,40
2023-24,37,367,671,Bashir Humphreys,DEF,Chelsea,7,16,0,2024-05-11T16:30:00Z,0,0,0,0,0,0,0,0,0.0,0.0,0.0,0.0,0.0,0.0,0.0,0.0,0,40
2023-24,37,361,672,Nicolò Zaniolo,MID,Aston Villa,2,11,1,2024-05-13T19:00:00Z,14,1,0,0,0,0,0,4,4.6,10.6,19.0,3.4,0.31,0.04,0.35,0.25,0,54
2023-24,37,362,673,Tyler Adams,MID,Bournemouth,3,4,1,2024-05-11T14:00:00Z,9,1,0,0,0,2,0,4,1.4,0.8,4.0,0.6,0.0,0.02,0.02,0.65,0,49
2023-24,37,368,674,Hannes Delcroix,DEF,Burnley,6,18,0,2024-05-11T14:00:00Z,0,0,0,0,0,0,0,0,0.0,0.0,0.0,0.0,0.0,0.0,0.0,0.0,0,40
2023-24,37,368,675,Aaron Ramsey,MID,Burnley,6,18,0,2024-05-11T14:00:00Z,0,0,0,0,0,0,0,0,0.0,0.0,0.0,0.0,0.0,0.0,0.0,0.0,0,50
2023-24,37,369,676,Konstantinos Mavropanos,DEF,West Ham,19,12,1,2024-05-11T14:00:00Z,0,0,0,0,0,0,0,0,0.0,0.0,0.0,0.0,0.0,0.0,0.0,0.0,0,45
2023-24,37,332,677,Deivid Washington de Souza Eugênio,FWD,Chelsea,7,5,0,2024-05-15T18:45:00Z,0,0,0,0,0,0,0,0,0.0,0.0,0.0,0.0,0.0,0.0,0.0,0.0,0,45
2023-24,37,367,677,Deivid Washington de Souza Eugênio,FWD,Chelsea,7,16,0,2024-05-11T16:30:00Z,0,0,0,0,0,0,0,0,0.0,0.0,0.0,0.0,0.0,0.0,0.0,0.0,0,45
2023-24,37,339,678,Jérémy Doku,MID,Man City,13,18,0,2024-05-14T19:00:00Z,21,4,0,1,0,0,0,10,7.2,1.7,25.0,3.4,0.05,0.01,0.06,0.82,0,64
2023-24,37,364,678,Jérémy Doku,MID,Man City,13,10,0,2024-05-11T11:30:00Z,15,1,0,0,0,0,0,-1,2.0,1.0,21.0,2.4,0.07,0.01,0.08,0.0,0,64
2023-24,37,367,679,Gonzalo Montiel,DEF,Nott'm Forest,16,7,1,2024-05-11T16:30:00Z,71,2,0,0,0,1,0,10,8.8,25.1,2.0,3.6,0.0,0.05,0.05,1.23,1,44
2023-24,37,332,680,Eddie Beach,GK,Chelsea,7,5,0,2024-05-15T18:45:00Z,0,0,0,0,0,0,0,0,0.0,0.0,0.0,0.0,0.0,0.0,0.0,0.0,0,40
2023-24,37,367,680,Eddie Beach,GK,Chelsea,7,16,0,2024-05-11T16:30:00Z,0,0,0,0,0,0,0,0,0.0,0.0,0.0,0.0,0.0,0.0,0.0,0.0,0,40
2023-24,37,332,681,Diego Manuel Jadon da Silva Moreira,MID,Chelsea,7,5,0,2024-05-15T18:45:00Z,0,0,0,0,0,0,0,0,0.0,0.0,0.0,0.0,0.0,0.0,0.0,0.0,0,45
2023-24,37,367,681,Diego Manuel Jadon da Silva Moreira,MID,Chelsea,7,16,0,2024-05-11T16:30:00Z,0,0,0,0,0,0,0,0,0.0,0.0,0.0,0.0,0.0,0.0,0.0,0.0,0,45
2023-24,37,369,682,Joseph Johnson,DEF,Luton,12,19,0,2024-05-11T14:00:00Z,0,0,0,0,0,0,0,0,0.0,0.0,0.0,0.0,0.0,0.0,0.0,0.0,0,40
2023-24,37,364,683,Luke Harris,MID,Fulham,10,13,1,2024-05-11T11:30:00Z,0,0,0,0,0,0,0,0,0.0,0.0,0.0,0.0,0.0,0.0,0.0,0.0,0,45
2023-24,37,362,684,Ethan Brierley,MID,Brentford,4,3,0,2024-05-11T14:00:00Z,0,0,0,0,0,0,0,0,0.0,0.0,0.0,0.0,0.0,0.0,0.0,0.0,0,45
2023-24,37,337,685,Daniel Gore,MID,Man Utd,14,15,1,2024-05-15T19:00:00Z,0,0,0,0,0,0,0,0,0.0,0.0,0.0,0.0,0.0,0.0,0.0,0.0,0,45
2023-24,37,365,685,Daniel Gore,MID,Man Utd,14,1,1,2024-05-12T15:30:00Z,0,0,0,0,0,0,0,0,0.0,0.0,0.0,0.0,0.0,0.0,0.0,0.0,0,45
2023-24,37,361,686,Oliwier Zych,GK,Aston Villa,2,11,1,2024-05-13T19:00:00Z,0,0,0,0,0,0,0,0,0.0,0.0,0.0,0.0,0.0,0.0,0.0,0.0,0,40
2023-24,37,332,687,Đorđe Petrović,GK,Chelsea,7,5,0,2024-05-15T18:45:00Z,90,2,0,0,0,1,0,14,10.4,0.0,0.0,1.0,0.0,0.0,0.0,1.24,1,47
2023-24,37,367,687,Đorđe Petrović,GK,Chelsea,7,16,0,2024-05-11T16:30:00Z,90,1,0,0,0,2,0,12,17.8,0.0,0.0,1.8,0.0,0.0,0.0,1.62,1,47
2023-24,37,364,688,Timothy Castagne,DEF,Fulham,10,13,1,2024-05-11T11:30:00Z,90,0,0,0,0,4,0,11,14.4,1.2,0.0,1.6,0.0,0.0,0.0,3.25,1,45
2023-24,37,369,689,Mohammed Kudus,MID,West Ham,19,12,1,2024-05-11T14:00:00Z,90,5,0,1,0,1,0,25,22.8,35.6,24.0,8.2,0.74,0.42,1.16,0.42,1,67
2023-24,37,332,690,Carlos Baleba,MID,Brighton,5,7,1,2024-05-15T18:45:00Z,20,1,0,0,0,0,0,1,0.0,1.5,2.0,0.3,0.02,0.01,0.03,0.04,0,45
2023-24,37,366,690,Carlos Baleba,MID,Brighton,5,15,0,2024-05-11T14:00:00Z,3,1,0,0,0,0,0,3,5.2,0.3,0.0,0.6,0.0,0.0,0.0,0.09,0,45
2023-24,37,363,691,Norberto Bercique Gomes Betuncal,FWD,Everton,9,17,1,2024-05-11T14:00:00Z,0,0,0,0,0,0,0,0,0.0,0.0,0.0,0.0,0.0,0.0,0.0,0.0,0,57
2023-24,37,364,692,Steven Benda,GK,Fulham,10,13,1,2024-05-11T11:30:00Z,0,0,0,0,0,0,0,0,0.0,0.0,0.0,0.0,0.0,0.0,0.0,0.0,0,40
2023-24,37,363,693,Luke Thomas,DEF,Sheffield Utd,17,9,0,2024-05-11T14:00:00Z,0,0,0,0,0,0,0,0,0.0,0.0,0.0,0.0,0.0,0.0,0.0,0.0,0,40
2023-24,37,368,694,Han-Noah Massengo,MID,Burnley,6,18,0,2024-05-11T14:00:00Z,0,0,0,0,0,0,0,0,0.0,0.0,0.0,0.0,0.0,0.0,0.0,0.0,0,49
2023-24,37,337,695,Altay Bayindir,GK,Man Utd,14,15,1,2024-05-15T19:00:00Z,0,0,0,0,0,0,0,0,0.0,0.0,0.0,0.0,0.0,0.0,0.0,0.0,0,39
2023-24,37,365,695,Altay Bayindir,GK,Man Utd,14,1,1,2024-05-12T15:30:00Z,0,0,0,0,0,0,0,0,0.0,0.0,0.0,0.0,0.0,0.0,0.0,0.0,0,39
2023-24,37,367,696,Murillo Santiago Costa dos Santos,DEF,Nott'm Forest,16,7,1,2024-05-11T16:30:00Z,90,1,0,0,0,3,0,14,24.4,10.3,4.0,3.9,0.0,0.02,0.02,1.81,1,45
2023-24,37,370,697,Santiago Bueno,DEF,Wolves,20,8,1,2024-05-11T14:00:00Z,0,0,0,0,0,0,0,0,0.0,0.0,0.0,0.0,0.0,0.0,0.0,0.0,0,45
2023-24,37,370,698,Enso González,MID,Wolves,20,8,1,2024-05-11T14:00:00Z,1,1,0,0,0,0,0,3,0.2,0.8,0.0,0.1,0.0,0.0,0.0,0.0,0,50
2023-24,37,361,699,Clément Lenglet,DEF,Aston Villa,2,11,1,2024-05-13T19:00:00Z,0,0,0,0,0,0,0,0,0.0,0.0,0.0,0.0,0.0,0.0,0.0,0.0,0,45
2023-24,37,332,700,Anssumane Fati Vieira,MID,Brighton,5,7,1,2024-05-15T18:45:00Z,5,1,0,0,0,0,0,2,0.4,0.8,4.0,0.5,0.0,0.01,0.01,0.0,0,64
2023-24,37,366,700,Anssumane Fati Vieira,MID,Brighton,5,15,0,2024-05-11T14:00:00Z,0,0,0,0,0,0,0,0,0.0,0.0,0.0,0.0,0.0,0.0,0.0,0.0,0,64
2023-24,37,362,701,Saman Ghoddos,MID,Brentford,4,3,0,2024-05-11T14:00:00Z,0,0,0,0,0,0,0,0,0.0,0.0,0.0,0.0,0.0,0.0,0.0,0.0,0,45
2023-24,37,339,702,Ashley Phillips,DEF,Spurs,18,13,1,2024-05-14T19:00:00Z,0,0,0,0,0,0,0,0,0.0,0.0,0.0,0.0,0.0,0.0,0.0,0.0,0,40
2023-24,37,368,702,Ashley Phillips,DEF,Spurs,18,6,1,2024-05-11T14:00:00Z,0,0,0,0,0,0,0,0,0.0,0.0,0.0,0.0,0.0,0.0,0.0,0.0,0,40
2023-24,37,337,703,Jonny Evans,DEF,Man Utd,14,15,1,2024-05-15T19:00:00Z,90,1,0,0,0,2,0,9,9.8,0.8,0.0,1.1,0.0,0.0,0.0,2.32,1,40
2023-24,37,365,703,Jonny Evans,DEF,Man Utd,14,1,1,2024-05-12T15:30:00Z,74,2,0,0,0,1,0,14,14.6,11.4,0.0,2.6,0.0,0.01,0.01,1.5,1,40
2023-24,37,370,704,Nathan Fraser,FWD,Wolves,20,8,1,2024-05-11T14:00:00Z,0,0,0,0,0,0,0,0,0.0,0.0,0.0,0.0,0.0,0.0,0.0,0.0,0,45
2023-24,37,362,705,Luis Sinisterra,MID,Bournemouth,3,4,1,2024-05-11T14:00:00Z,0,0,0,0,0,0,0,0,0.0,0.0,0.0,0.0,0.0,0.0,0.0,0.0,0,55
2023-24,37,368,706,Mike Trésor,MID,Burnley,6,18,0,2024-05-11T14:00:00Z,9,1,0,0,0,1,0,2,0.0,0.3,0.0,0.0,0.0,0.0,0.0,0.27,0,52
2023-24,37,364,707,Fodé Ballo-Touré,DEF,Fulham,10,13,1,2024-05-11T11:30:00Z,0,0,0,0,0,0,0,0,0.0,0.0,0.0,0.0,0.0,0.0,0.0,0.0,0,45
2023-24,37,361,708,Ryan Gravenberch,MID,Liverpool,11,2,0,2024-05-13T19:00:00Z,15,1,0,0,0,2,0,4,5.4,10.8,4.0,2.0,0.0,0.04,0.04,0.52,0,50
2023-24,37,337,709,Sofyan Amrabat,MID,Man Utd,14,15,1,2024-05-15T19:00:00Z,90,1,0,0,0,2,0,9,11.0,13.5,0.0,2.5,0.0,0.07,0.07,2.32,1,50
2023-24,37,365,709,Sofyan Amrabat,MID,Man Utd,14,1,1,2024-05-12T15:30:00Z,86,2,0,0,0,1,0,14,16.0,19.0,2.0,3.7,0.02,0.04,0.06,1.71,1,50
2023-24,37,367,710,Odysseas Vlachodimos,GK,Nott'm Forest,16,7,1,2024-05-11T16:30:00Z,0,0,0,0,0,0,0,0,0.0,0.0,0.0,0.0,0.0,0.0,0.0,0.0,0,45
2023-24,37,367,711,Andrew Omobamidele,DEF,Nott'm Forest,16,7,1,2024-05-11T16:30:00Z,0,0,0,0,0,0,0,0,0.0,0.0,0.0,0.0,0.0,0.0,0.0,0.0,0,45
2023-24,37,367,712,Nicolás Domínguez,MID,Nott'm Forest,16,7,1,2024-05-11T16:30:00Z,4,0,0,0,0,0,0,2,1.0,0.6,0.0,0.2,0.0,0.0,0.0,0.09,0,50
2023-24,37,367,713,Ibrahim Sangaré,MID,Nott'm Forest,16,7,1,2024-05-11T16:30:00Z,0,0,0,0,0,0,0,0,0.0,0.0,0.0,0.0,0.0,0.0,0.0,0.0,0,49
2023-24,37,367,714,Divock Origi,FWD,Nott'm Forest,16,7,1,2024-05-11T16:30:00Z,0,0,0,0,0,0,0,0,0.0,0.0,0.0,0.0,0.0,0.0,0.0,0.0,0,50
2023-24,37,370,715,Jean-Ricner Bellegarde,MID,Wolves,20,8,1,2024-05-11T14:00:00Z,45,1,0,0,0,1,0,3,3.0,12.0,0.0,1.5,0.0,0.01,0.01,1.08,0,49
2023-24,37,332,716,Alfie Gilchrist,DEF,Chelsea,7,5,0,2024-05-15T18:45:00Z,0,0,0,0,0,0,0,0,0.0,0.0,0.0,0.0,0.0,0.0,0.0,0.0,0,40
2023-24,37,367,716,Alfie Gilchrist,DEF,Chelsea,7,16,0,2024-05-11T16:30:00Z,0,0,0,0,0,0,0,0,0.0,0.0,0.0,0.0,0.0,0.0,0.0,0.0,0,40
2023-24,37,332,717,Ronnie Stutter,FWD,Chelsea,7,5,0,2024-05-15T18:45:00Z,0,0,0,0,0,0,0,0,0.0,0.0,0.0,0.0,0.0,0.0,0.0,0.0,0,45
2023-24,37,367,717,Ronnie Stutter,FWD,Chelsea,7,16,0,2024-05-11T16:30:00Z,0,0,0,0,0,0,0,0,0.0,0.0,0.0,0.0,0.0,0.0,0.0,0.0,0,45
2023-24,37,332,718,Alex Matos,MID,Chelsea,7,5,0,2024-05-15T18:45:00Z,0,0,0,0,0,0,0,0,0.0,0.0,0.0,0.0,0.0,0.0,0.0,0.0,0,45
2023-24,37,367,718,Alex Matos,MID,Chelsea,7,16,0,2024-05-11T16:30:00Z,0,0,0,0,0,0,0,0,0.0,0.0,0.0,0.0,0.0,0.0,0.0,0.0,0,45
2023-24,37,363,719,Mackenzie Hunt,MID,Everton,9,17,1,2024-05-11T14:00:00Z,0,0,0,0,0,0,0,0,0.0,0.0,0.0,0.0,0.0,0.0,0.0,0.0,0,45
2023-24,37,370,720,Ademola Ola-Adebomi,FWD,Crystal Palace,8,20,0,2024-05-11T14:00:00Z,0,0,0,0,0,0,0,0,0.0,0.0,0.0,0.0,0.0,0.0,0.0,0.0,0,45
2023-24,37,370,721,David Ozoh,MID,Crystal Palace,8,20,0,2024-05-11T14:00:00Z,0,0,0,0,0,0,0,0,0.0,0.0,0.0,0.0,0.0,0.0,0.0,0.0,0,45
2023-24,37,339,722,Jamie Donley,FWD,Spurs,18,13,1,2024-05-14T19:00:00Z,0,0,0,0,0,0,0,0,0.0,0.0,0.0,0.0,0.0,0.0,0.0,0.0,0,45
2023-24,37,368,722,Jamie Donley,FWD,Spurs,18,6,1,2024-05-11T14:00:00Z,0,0,0,0,0,0,0,0,0.0,0.0,0.0,0.0,0.0,0.0,0.0,0.0,0,45
2023-24,37,332,723,Josh Brooking,DEF,Chelsea,7,5,0,2024-05-15T18:45:00Z,0,0,0,0,0,0,0,0,0.0,0.0,0.0,0.0,0.0,0.0,0.0,0.0,0,40
2023-24,37,367,723,Josh Brooking,DEF,Chelsea,7,16,0,2024-05-11T16:30:00Z,0,0,0,0,0,0,0,0,0.0,0.0,0.0,0.0,0.0,0.0,0.0,0.0,0,40
2023-24,37,370,724,Jadan Raymond,MID,Crystal Palace,8,20,0,2024-05-11T14:00:00Z,0,0,0,0,0,0,0,0,0.0,0.0,0.0,0.0,0.0,0.0,0.0,0.0,0,45
2023-24,37,362,725,Ji-Soo Kim,DEF,Brentford,4,3,0,2024-05-11T14:00:00Z,0,0,0,0,0,0,0,0,0.0,0.0,0.0,0.0,0.0,0.0,0.0,0.0,0,40
2023-24,37,361,726,Luke Chambers,DEF,Liverpool,11,2,0,2024-05-13T19:00:00Z,0,0,0,0,0,0,0,0,0.0,0.0,0.0,0.0,0.0,0.0,0.0,0.0,0,40
2023-24,37,369,727,Andros Townsend,MID,Luton,12,19,0,2024-05-11T14:00:00Z,0,0,0,0,0,0,0,0,0.0,0.0,0.0,0.0,0.0,0.0,0.0,0.0,0,50
2023-24,37,361,728,Callum Scanlon,DEF,Liverpool,11,2,0,2024-05-13T19:00:00Z,0,0,0,0,0,0,0,0,0.0,0.0,0.0,0.0,0.0,0.0,0.0,0.0,0,39
2023-24,37,369,729,Jayden Luker,MID,Luton,12,19,0,2024-05-11T14:00:00Z,0,0,0,0,0,0,0,0,0.0,0.0,0.0,0.0,0.0,0.0,0.0,0.0,0,45
2023-24,37,363,730,Ryan Oné,MID,Sheffield Utd,17,9,0,2024-05-11T14:00:00Z,0,0,0,0,0,0,0,0,0.0,0.0,0.0,0.0,0.0,0.0,0.0,0.0,0,44
2023-24,37,363,731,Jili Buyabu,DEF,Sheffield Utd,17,9,0,2024-05-11T14:00:00Z,0,0,0,0,0,0,0,0,0.0,0.0,0.0,0.0,0.0,0.0,0.0,0.0,0,40
2023-24,37,364,732,Devan Tanton,DEF,Fulham,10,13,1,2024-05-11T11:30:00Z,0,0,0,0,0,0,0,0,0.0,0.0,0.0,0.0,0.0,0.0,0.0,0.0,0,40
2023-24,37,362,733,Valintino Adedokun,DEF,Brentford,4,3,0,2024-05-11T14:00:00Z,0,0,0,0,0,0,0,0,0.0,0.0,0.0,0.0,0.0,0.0,0.0,0.0,0,40
2023-24,37,369,734,Zack Nelson,MID,Luton,12,19,0,2024-05-11T14:00:00Z,0,0,0,0,0,0,0,0,0.0,0.0,0.0,0.0,0.0,0.0,0.0,0.0,0,45
2023-24,37,365,735,Charles Sagoe,MID,Arsenal,1,14,0,2024-05-12T15:30:00Z,0,0,0,0,0,0,0,0,0.0,0.0,0.0,0.0,0.0,0.0,0.0,0.0,0,45
2023-24,37,365,736,Reuell Walters,DEF,Arsenal,1,14,0,2024-05-12T15:30:00Z,0,0,0,0,0,0,0,0,0.0,0.0,0.0,0.0,0.0,0.0,0.0,0.0,0,40
2023-24,37,365,737,Bradley Ibrahim,MID,Arsenal,1,14,0,2024-05-12T15:30:00Z,0,0,0,0,0,0,0,0,0.0,0.0,0.0,0.0,0.0,0.0,0.0,0.0,0,45
2023-24,37,337,738,Amadou Diallo,MID,Newcastle,15,14,0,2024-05-15T19:00:00Z,0,0,0,0,0,0,0,0,0.0,0.0,0.0,0.0,0.0,0.0,0.0,0.0,0,45
2023-24,37,366,738,Amadou Diallo,MID,Newcastle,15,5,1,2024-05-11T14:00:00Z,0,0,0,0,0,0,0,0,0.0,0.0,0.0,0.0,0.0,0.0,0.0,0.0,0,45
2023-24,37,337,739,Ben Parkinson,FWD,Newcastle,15,14,0,2024-05-15T19:00:00Z,0,0,0,0,0,0,0,0,0.0,0.0,0.0,0.0,0.0,0.0,0.0,0.0,0,45
2023-24,37,366,739,Ben Parkinson,FWD,Newcastle,15,5,1,2024-05-11T14:00:00Z,0,0,0,0,0,0,0,0,0.0,0.0,0.0,0.0,0.0,0.0,0.0,0.0,0,45
2023-24,37,339,740,Alfie Dorrington,DEF,Spurs,18,13,1,2024-05-14T19:00:00Z,0,0,0,0,0,0,0,0,0.0,0.0,0.0,0.0,0.0,0.0,0.0,0.0,0,40
2023-24,37,368,740,Alfie Dorrington,DEF,Spurs,18,6,1,2024-05-11T14:00:00Z,0,0,0,0,0,0,0,0,0.0,0.0,0.0,0.0,0.0,0.0,0.0,0.0,0,40
2023-24,37,332,741,Mark O’Mahony,FWD,Brighton,5,7,1,2024-05-15T18:45:00Z,0,0,0,0,0,0,0,0,0.0,0.0,0.0,0.0,0.0,0.0,0.0,0.0,0,45
2023-24,37,366,741,Mark O’Mahony,FWD,Brighton,5,15,0,2024-05-11T14:00:00Z,0,0,0,0,0,0,0,0,0.0,0.0,0.0,0.0,0.0,0.0,0.0,0.0,0,45
2023-24,37,332,742,Benicio Baker-Boaitey,MID,Brighton,5,7,1,2024-05-15T18:45:00Z,0,0,0,0,0,0,0,0,0.0,0.0,0.0,0.0,0.0,0.0,0.0,0.0,0,45
2023-24,37,366,742,Benicio Baker-Boaitey,MID,Brighton,5,15,0,2024-05-11T14:00:00Z,23,0,0,0,0,0,0,-1,0.0,11.0,4.0,1.4,0.02,0.07,0.09,0.34,0,45
2023-24,37,361,743,Treymaurice Nyoni,MID,Liverpool,11,2,0,2024-05-13T19:00:00Z,0,0,0,0,0,0,0,0,0.0,0.0,0.0,0.0,0.0,0.0,0.0,0.0,0,45
2023-24,37,362,744,Myles Peart-Harris,MID,Brentford,4,3,0,2024-05-11T14:00:00Z,0,0,0,0,0,0,0,0,0.0,0.0,0.0,0.0,0.0,0.0,0.0,0.0,0,45
2023-24,37,337,745,Michael Ndiweni,FWD,Newcastle,15,14,0,2024-05-15T19:00:00Z,0,0,0,0,0,0,0,0,0.0,0.0,0.0,0.0,0.0,0.0,0.0,0.0,0,44
2023-24,37,366,745,Michael Ndiweni,FWD,Newcastle,15,5,1,2024-05-11T14:00:00Z,0,0,0,0,0,0,0,0,0.0,0.0,0.0,0.0,0.0,0.0,0.0,0.0,0,44
2023-24,37,332,746,Ben Jackson,DEF,Brighton,5,7,1,2024-05-15T18:45:00Z,0,0,0,0,0,0,0,0,0.0,0.0,0.0,0.0,0.0,0.0,0.0,0.0,0,40
2023-24,37,366,746,Ben Jackson,DEF,Brighton,5,15,0,2024-05-11T14:00:00Z,0,0,0,0,0,0,0,0,0.0,0.0,0.0,0.0,0.0,0.0,0.0,0.0,0,40
2023-24,37,332,747,Joshua Duffus,MID,Brighton,5,7,1,2024-05-15T18:45:00Z,0,0,0,0,0,0,0,0,0.0,0.0,0.0,0.0,0.0,0.0,0.0,0.0,0,44
2023-24,37,366,747,Joshua Duffus,MID,Brighton,5,15,0,2024-05-11T14:00:00Z,0,0,0,0,0,0,0,0,0.0,0.0,0.0,0.0,0.0,0.0,0.0,0.0,0,44
2023-24,37,337,748,Joe Hugill,FWD,Man Utd,14,15,1,2024-05-15T19:00:00Z,0,0,0,0,0,0,0,0,0.0,0.0,0.0,0.0,0.0,0.0,0.0,0.0,0,45
2023-24,37,365,748,Joe Hugill,FWD,Man Utd,14,1,1,2024-05-12T15:30:00Z,0,0,0,0,0,0,0,0,0.0,0.0,0.0,0.0,0.0,0.0,0.0,0.0,0,45
2023-24,37,370,749,Matthew Whittingham,MID,Wolves,20,8,1,2024-05-11T14:00:00Z,0,0,0,0,0,0,0,0,0.0,0.0,0.0,0.0,0.0,0.0,0.0,0.0,0,45
2023-24,37,370,750,Tawanda Chirewa,MID,Wolves,20,8,1,2024-05-11T14:00:00Z,0,0,0,0,0,0,0,0,0.0,0.0,0.0,0.0,0.0,0.0,0.0,0.0,0,44
2023-24,37,370,751,Justin Hubner,DEF,Wolves,20,8,1,2024-05-11T14:00:00Z,0,0,0,0,0,0,0,0,0.0,0.0,0.0,0.0,0.0,0.0,0.0,0.0,0,40
2023-24,37,362,752,Vincent Angelini,GK,Brentford,4,3,0,2024-05-11T14:00:00Z,0,0,0,0,0,0,0,0,0.0,0.0,0.0,0.0,0.0,0.0,0.0,0.0,0,40
2023-24,37,332,753,Leigh Kavanagh,DEF,Brighton,5,7,1,2024-05-15T18:45:00Z,0,0,0,0,0,0,0,0,0.0,0.0,0.0,0.0,0.0,0.0,0.0,0.0,0,40
2023-24,37,366,753,Leigh Kavanagh,DEF,Brighton,5,15,0,2024-05-11T14:00:00Z,0,0,0,0,0,0,0,0,0.0,0.0,0.0,0.0,0.0,0.0,0.0,0.0,0,40
2023-24,37,339,754,Yago de Santiago Alonso,MID,Spurs,18,13,1,2024-05-14T19:00:00Z,0,0,0,0,0,0,0,0,0.0,0.0,0.0,0.0,0.0,0.0,0.0,0.0,0,45
2023-24,37,368,754,Yago de Santiago Alonso,MID,Spurs,18,6,1,2024-05-11T14:00:00Z,0,0,0,0,0,0,0,0,0.0,0.0,0.0,0.0,0.0,0.0,0.0,0.0,0,45
2023-24,37,332,755,Luca Barrington,MID,Brighton,5,7,1,2024-05-15T18:45:00Z,0,0,0,0,0,0,0,0,0.0,0.0,0.0,0.0,0.0,0.0,0.0,0.0,0,45
2023-24,37,366,755,Luca Barrington,MID,Brighton,5,15,0,2024-05-11T14:00:00Z,0,0,0,0,0,0,0,0,0.0,0.0,0.0,0.0,0.0,0.0,0.0,0.0,0,45
2023-24,37,361,756,Marcelo de Araújo Pitaluga Filho,GK,Liverpool,11,2,0,2024-05-13T19:00:00Z,0,0,0,0,0,0,0,0,0.0,0.0,0.0,0.0,0.0,0.0,0.0,0.0,0,40
2023-24,37,361,757,Conor Bradley,DEF,Liverpool,11,2,0,2024-05-13T19:00:00Z,0,0,0,0,0,0,0,0,0.0,0.0,0.0,0.0,0.0,0.0,0.0,0.0,0,42
2023-24,37,332,758,Leo Castledine,MID,Chelsea,7,5,0,2024-05-15T18:45:00Z,0,0,0,0,0,0,0,0,0.0,0.0,0.0,0.0,0.0,0.0,0.0,0.0,0,45
2023-24,37,367,758,Leo Castledine,MID,Chelsea,7,16,0,2024-05-11T16:30:00Z,0,0,0,0,0,0,0,0,0.0,0.0,0.0,0.0,0.0,0.0,0.0,0.0,0,45
2023-24,37,363,759,Sydie Peck,MID,Sheffield Utd,17,9,0,2024-05-11T14:00:00Z,0,0,0,0,0,0,0,0,0.0,0.0,0.0,0.0,0.0,0.0,0.0,0.0,0,44
2023-24,37,363,760,Jenson Metcalfe,MID,Everton,9,17,1,2024-05-11T14:00:00Z,0,0,0,0,0,0,0,0,0.0,0.0,0.0,0.0,0.0,0.0,0.0,0.0,0,45
2023-24,37,363,761,Elijah Campbell,DEF,Everton,9,17,1,2024-05-11T14:00:00Z,0,0,0,0,0,0,0,0,0.0,0.0,0.0,0.0,0.0,0.0,0.0,0.0,0,40
2023-24,37,339,762,Mahamadou Susoho,MID,Man City,13,18,0,2024-05-14T19:00:00Z,0,0,0,0,0,0,0,0,0.0,0.0,0.0,0.0,0.0,0.0,0.0,0.0,0,45
2023-24,37,364,762,Mahamadou Susoho,MID,Man City,13,10,0,2024-05-11T11:30:00Z,0,0,0,0,0,0,0,0,0.0,0.0,0.0,0.0,0.0,0.0,0.0,0.0,0,45
2023-24,37,370,763,Tayo Adaramola,DEF,Crystal Palace,8,20,0,2024-05-11T14:00:00Z,0,0,0,0,0,0,0,0,0.0,0.0,0.0,0.0,0.0,0.0,0.0,0.0,0,40
2023-24,37,365,764,Myles Lewis-Skelly,MID,Arsenal,1,14,0,2024-05-12T15:30:00Z,0,0,0,0,0,0,0,0,0.0,0.0,0.0,0.0,0.0,0.0,0.0,0.0,0,45
2023-24,37,361,765,Sam Proctor,GK,Aston Villa,2,11,1,2024-05-13T19:00:00Z,0,0,0,0,0,0,0,0,0.0,0.0,0.0,0.0,0.0,0.0,0.0,0.0,0,40
2023-24,37,337,766,Willy Kambwala,DEF,Man Utd,14,15,1,2024-05-15T19:00:00Z,0,0,0,0,0,0,0,0,0.0,0.0,0.0,0.0,0.0,0.0,0.0,0.0,0,39
2023-24,37,365,766,Willy Kambwala,DEF,Man Utd,14,1,1,2024-05-12T15:30:00Z,15,1,0,0,0,0,0,5,3.8,0.5,0.0,0.4,0.0,0.0,0.0,0.21,0,39
2023-24,37,361,767,Tommi O'Reilly,MID,Aston Villa,2,11,1,2024-05-13T19:00:00Z,0,0,0,0,0,0,0,0,0.0,0.0,0.0,0.0,0.0,0.0,0.0,0.0,0,45
2023-24,37,337,768,Rhys Bennett,DEF,Man Utd,14,15,1,2024-05-15T19:00:00Z,0,0,0,0,0,0,0,0,0.0,0.0,0.0,0.0,0.0,0.0,0.0,0.0,0,40
2023-24,37,365,768,Rhys Bennett,DEF,Man Utd,14,1,1,2024-05-12T15:30:00Z,0,0,0,0,0,0,0,0,0.0,0.0,0.0,0.0,0.0,0.0,0.0,0.0,0,40
2023-24,37,370,769,Owen Hesketh,MID,Wolves,20,8,1,2024-05-11T14:00:00Z,0,0,0,0,0,0,0,0,0.0,0.0,0.0,0.0,0.0,0.0,0.0,0.0,0,45
2023-24,37,370,770,Ty Barnett,MID,Wolves,20,8,1,2024-05-11T14:00:00Z,0,0,0,0,0,0,0,0,0.0,0.0,0.0,0.0,0.0,0.0,0.0,0.0,0,45
2023-24,37,339,771,Micah Hamilton,MID,Man City,13,18,0,2024-05-14T19:00:00Z,0,0,0,0,0,0,0,0,0.0,0.0,0.0,0.0,0.0,0.0,0.0,0.0,0,45
2023-24,37,364,771,Micah Hamilton,MID,Man City,13,10,0,2024-05-11T11:30:00Z,0,0,0,0,0,0,0,0,0.0,0.0,0.0,0.0,0.0,0.0,0.0,0.0,0,45
2023-24,37,365,772,Ethan Nwaneri,MID,Arsenal,1,14,0,2024-05-12T15:30:00Z,0,0,0,0,0,0,0,0,0.0,0.0,0.0,0.0,0.0,0.0,0.0,0.0,0,45
2023-24,37,369,773,Lewis Orford,MID,West Ham,19,12,1,2024-05-11T14:00:00Z,0,0,0,0,0,0,0,0,0.0,0.0,0.0,0.0,0.0,0.0,0.0,0.0,0,45
2023-24,37,369,774,Kaelan Casey,DEF,West Ham,19,12,1,2024-05-11T14:00:00Z,1,1,0,0,0,0,0,3,2.0,0.0,0.0,0.2,0.0,0.0,0.0,0.0,0,40
2023-24,37,363,775,Ben Brereton,MID,Sheffield Utd,17,9,0,2024-05-11T14:00:00Z,90,2,0,0,0,1,0,2,0.2,16.8,12.0,2.9,0.2,0.03,0.23,2.16,1,50
2023-24,37,339,776,Timo Werner,FWD,Spurs,18,13,1,2024-05-14T19:00:00Z,0,0,0,0,0,0,0,0,0.0,0.0,0.0,0.0,0.0,0.0,0.0,0.0,0,63
2023-24,37,368,776,Timo Werner,FWD,Spurs,18,6,1,2024-05-11T14:00:00Z,0,0,0,0,0,0,0,0,0.0,0.0,0.0,0.0,0.0,0.0,0.0,0.0,0,63
2023-24,37,339,777,Radu Dragusin,DEF,Spurs,18,13,1,2024-05-14T19:00:00Z,90,1,0,0,0,2,0,10,16.6,0.9,0.0,1.8,0.0,0.0,0.0,2.4,1,42
2023-24,37,368,777,Radu Dragusin,DEF,Spurs,18,6,1,2024-05-11T14:00:00Z,15,1,0,0,0,0,0,3,1.0,0.5,0.0,0.2,0.0,0.0,0.0,0.0,0,42
2023-24,37,361,778,James Wright,GK,Aston Villa,2,11,1,2024-05-13T19:00:00Z,0,0,0,0,0,0,0,0,0.0,0.0,0.0,0.0,0.0,0.0,0.0,0.0,0,40
2023-24,37,367,779,Jamie McDonnell,MID,Nott'm Forest,16,7,1,2024-05-11T16:30:00Z,0,0,0,0,0,0,0,0,0.0,0.0,0.0,0.0,0.0,0.0,0.0,0.0,0,45
2023-24,37,367,780,Detlef Esapa Osong,FWD,Nott'm Forest,16,7,1,2024-05-11T16:30:00Z,0,0,0,0,0,0,0,0,0.0,0.0,0.0,0.0,0.0,0.0,0.0,0.0,0,45
2023-24,37,367,781,Joe Gardner,FWD,Nott'm Forest,16,7,1,2024-05-11T16:30:00Z,0,0,0,0,0,0,0,0,0.0,0.0,0.0,0.0,0.0,0.0,0.0,0.0,0,45
2023-24,37,361,782,Owen Beck,DEF,Liverpool,11,2,0,2024-05-13T19:00:00Z,0,0,0,0,0,0,0,0,0.0,0.0,0.0,0.0,0.0,0.0,0.0,0.0,0,45
2023-24,37,361,783,Kaide Gordon,MID,Liverpool,11,2,0,2024-05-13T19:00:00Z,0,0,0,0,0,0,0,0,0.0,0.0,0.0,0.0,0.0,0.0,0.0,0.0,0,45
2023-24,37,369,784,Oliver Scarles,DEF,West Ham,19,12,1,2024-05-11T14:00:00Z,0,0,0,0,0,0,0,0,0.0,0.0,0.0,0.0,0.0,0.0,0.0,0.0,0,40
2023-24,37,369,785,Callum Marshall,FWD,West Ham,19,12,1,2024-05-11T14:00:00Z,0,0,0,0,0,0,0,0,0.0,0.0,0.0,0.0,0.0,0.0,0.0,0.0,0,45
2023-24,37,332,786,Cameron Peupion,MID,Brighton,5,7,1,2024-05-15T18:45:00Z,0,0,0,0,0,0,0,0,0.0,0.0,0.0,0.0,0.0,0.0,0.0,0.0,0,45
2023-24,37,366,786,Cameron Peupion,MID,Brighton,5,15,0,2024-05-11T14:00:00Z,0,0,0,0,0,0,0,0,0.0,0.0,0.0,0.0,0.0,0.0,0.0,0.0,0,45
2023-24,37,370,787,Harvey Griffiths,MID,Wolves,20,8,1,2024-05-11T14:00:00Z,0,0,0,0,0,0,0,0,0.0,0.0,0.0,0.0,0.0,0.0,0.0,0.0,0,45
2023-24,37,370,788,Yerson Mosquera,DEF,Wolves,20,8,1,2024-05-11T14:00:00Z,0,0,0,0,0,0,0,0,0.0,0.0,0.0,0.0,0.0,0.0,0.0,0.0,0,40
2023-24,37,362,789,Hákon Valdimarsson,GK,Brentford,4,3,0,2024-05-11T14:00:00Z,0,0,0,0,0,0,0,0,0.0,0.0,0.0,0.0,0.0,0.0,0.0,0.0,0,40
2023-24,37,363,790,Ivo Grbic,GK,Sheffield Utd,17,9,0,2024-05-11T14:00:00Z,0,0,0,0,0,0,0,0,0.0,0.0,0.0,0.0,0.0,0.0,0.0,0.0,0,45
2023-24,37,332,791,Cesare Casadei,MID,Chelsea,7,5,0,2024-05-15T18:45:00Z,1,1,0,0,0,0,0,3,1.0,0.0,0.0,0.1,0.0,0.0,0.0,0.18,0,45
2023-24,37,367,791,Cesare Casadei,MID,Chelsea,7,16,0,2024-05-11T16:30:00Z,0,0,0,0,0,0,0,0,0.0,0.0,0.0,0.0,0.0,0.0,0.0,0.0,0,45
2023-24,37,370,792,Daniel Muñoz,DEF,Crystal Palace,8,20,0,2024-05-11T14:00:00Z,90,1,0,0,0,1,0,5,14.6,22.1,16.0,5.3,0.35,0.02,0.37,1.57,1,45
2023-24,37,361,793,Kaine Kesler-Hayden,DEF,Aston Villa,2,11,1,2024-05-13T19:00:00Z,0,0,0,0,0,0,0,0,0.0,0.0,0.0,0.0,0.0,0.0,0.0,0.0,0,40
2023-24,37,337,794,Joe White,MID,Newcastle,15,14,0,2024-05-15T19:00:00Z,0,0,0,0,0,0,0,0,0.0,0.0,0.0,0.0,0.0,0.0,0.0,0.0,0,45
2023-24,37,366,794,Joe White,MID,Newcastle,15,5,1,2024-05-11T14:00:00Z,0,0,0,0,0,0,0,0,0.0,0.0,0.0,0.0,0.0,0.0,0.0,0.0,0,45
2023-24,37,337,795,Travis Hernes,MID,Newcastle,15,14,0,2024-05-15T19:00:00Z,0,0,0,0,0,0,0,0,0.0,0.0,0.0,0.0,0.0,0.0,0.0,0.0,0,45
2023-24,37,366,795,Travis Hernes,MID,Newcastle,15,5,1,2024-05-11T14:00:00Z,0,0,0,0,0,0,0,0,0.0,0.0,0.0,0.0,0.0,0.0,0.0,0.0,0,45
2023-24,37,364,796,Kristian Sekularac,MID,Fulham,10,13,1,2024-05-11T11:30:00Z,0,0,0,0,0,0,0,0,0.0,0.0,0.0,0.0,0.0,0.0,0.0,0.0,0,44
2023-24,37,362,797,Benjamin Fredrick,DEF,Brentford,4,3,0,2024-05-11T14:00:00Z,0,0,0,0,0,0,0,0,0.0,0.0,0.0,0.0,0.0,0.0,0.0,0.0,0,40
2023-24,37,369,798,Daiki Hashioka,DEF,Luton,12,19,0,2024-05-11T14:00:00Z,0,0,0,0,0,0,0,0,0.0,0.0,0.0,0.0,0.0,0.0,0.0,0.0,0,40
2023-24,37,362,799,Romain Faivre,MID,Bournemouth,3,4,1,2024-05-11T14:00:00Z,0,0,0,0,0,0,0,0,0.0,0.0,0.0,0.0,0.0,0.0,0.0,0.0,0,50
2023-24,37,370,800,Noha Lemina,MID,Wolves,20,8,1,2024-05-11T14:00:00Z,0,0,0,0,0,0,0,0,0.0,0.0,0.0,0.0,0.0,0.0,0.0,0.0,0,50
2023-24,37,367,801,Giovanni Reyna,MID,Nott'm Forest,16,7,1,2024-05-11T16:30:00Z,0,0,0,0,0,0,0,0,0.0,0.0,0.0,0.0,0.0,0.0,0.0,0.0,0,46
2023-24,37,362,802,Max Kinsey,DEF,Bournemouth,3,4,1,2024-05-11T14:00:00Z,0,0,0,0,0,0,0,0,0.0,0.0,0.0,0.0,0.0,0.0,0.0,0.0,0,40
2023-24,37,361,803,Morgan Rogers,MID,Aston Villa,2,11,1,2024-05-13T19:00:00Z,0,0,0,0,0,0,0,0,0.0,0.0,0.0,0.0,0.0,0.0,0.0,0.0,0,50
2023-24,37,362,804,Enes Ünal,FWD,Bournemouth,3,4,1,2024-05-11T14:00:00Z,23,1,0,0,0,2,0,0,0.0,0.3,4.0,0.1,0.03,0.0,0.03,0.69,0,50
2023-24,37,368,805,Lorenz Assignon,DEF,Burnley,6,18,0,2024-05-11T14:00:00Z,90,0,0,0,0,2,0,-1,8.8,0.4,0.0,0.9,0.0,0.0,0.0,2.5,1,40
2023-24,37,368,806,Maxime Esteve,DEF,Burnley,6,18,0,2024-05-11T14:00:00Z,90,1,0,0,0,2,0,12,8.4,1.2,4.0,1.4,0.06,0.0,0.06,2.5,1,40
2023-24,37,370,807,Adam Wharton,MID,Crystal Palace,8,20,0,2024-05-11T14:00:00Z,90,5,0,1,0,1,0,13,28.0,12.7,1.0,4.2,0.03,0.03,0.06,1.57,1,50
2023-24,37,367,808,Matz Sels,GK,Nott'm Forest,16,7,1,2024-05-11T16:30:00Z,90,1,0,0,0,3,0,11,13.0,0.0,0.0,1.3,0.0,0.0,0.0,1.81,1,45
2023-24,37,367,809,Rodrigo Duarte Ribeiro,FWD,Nott'm Forest,16,7,1,2024-05-11T16:30:00Z,0,0,0,0,0,0,0,0,0.0,0.0,0.0,0.0,0.0,0.0,0.0,0.0,0,45
2023-24,37,364,810,Joshua King,MID,Fulham,10,13,1,2024-05-11T11:30:00Z,0,0,0,0,0,0,0,0,0.0,0.0,0.0,0.0,0.0,0.0,0.0,0.0,0,45
2023-24,37,362,811,Dominic Sadi,MID,Bournemouth,3,4,1,2024-05-11T14:00:00Z,0,0,0,0,0,0,0,0,0.0,0.0,0.0,0.0,0.0,0.0,0.0,0.0,0,45
2023-24,37,361,812,Lewis Koumas,FWD,Liverpool,11,2,0,2024-05-13T19:00:00Z,0,0,0,0,0,0,0,0,0.0,0.0,0.0,0.0,0.0,0.0,0.0,0.0,0,45
2023-24,37,361,813,Fabian Mrozek,GK,Liverpool,11,2,0,2024-05-13T19:00:00Z,0,0,0,0,0,0,0,0,0.0,0.0,0.0,0.0,0.0,0.0,0.0,0.0,0,40
2023-24,37,339,814,Jacob Wright,MID,Man City,13,18,0,2024-05-14T19:00:00Z,0,0,0,0,0,0,0,0,0.0,0.0,0.0,0.0,0.0,0.0,0.0,0.0,0,45
2023-24,37,364,814,Jacob Wright,MID,Man City,13,10,0,2024-05-11T11:30:00Z,0,0,0,0,0,0,0,0,0.0,0.0,0.0,0.0,0.0,0.0,0.0,0.0,0,45
2023-24,37,365,815,Mauro Bandeira,MID,Arsenal,1,14,0,2024-05-12T15:30:00Z,0,0,0,0,0,0,0,0,0.0,0.0,0.0,0.0,0.0,0.0,0.0,0.0,0,45
2023-24,37,332,816,Valentín Barco,DEF,Brighton,5,7,1,2024-05-15T18:45:00Z,45,1,0,0,0,1,0,9,15.6,13.9,7.0,3.7,0.02,0.02,0.04,0.48,0,40
2023-24,37,366,816,Valentín Barco,DEF,Brighton,5,15,0,2024-05-11T14:00:00Z,0,0,0,0,0,0,0,0,0.0,0.0,0.0,0.0,0.0,0.0,0.0,0.0,0,40
2023-24,37,365,817,James Sweet,DEF,Arsenal,1,14,0,2024-05-12T15:30:00Z,0,0,0,0,0,0,0,0,0.0,0.0,0.0,0.0,0.0,0.0,0.0,0.0,0,40
2023-24,37,361,818,Joe Gauci,GK,Aston Villa,2,11,1,2024-05-13T19:00:00Z,0,0,0,0,0,0,0,0,0.0,0.0,0.0,0.0,0.0,0.0,0.0,0.0,0,39
2023-24,37,332,819,Ishé Samuels-Smith,DEF,Chelsea,7,5,0,2024-05-15T18:45:00Z,0,0,0,0,0,0,0,0,0.0,0.0,0.0,0.0,0.0,0.0,0.0,0.0,0,40
2023-24,37,367,819,Ishé Samuels-Smith,DEF,Chelsea,7,16,0,2024-05-11T16:30:00Z,0,0,0,0,0,0,0,0,0.0,0.0,0.0,0.0,0.0,0.0,0.0,0.0,0,40
2023-24,37,332,820,Ollie Harrison,MID,Chelsea,7,5,0,2024-05-15T18:45:00Z,0,0,0,0,0,0,0,0,0.0,0.0,0.0,0.0,0.0,0.0,0.0,0.0,0,45
2023-24,37,367,820,Ollie Harrison,MID,Chelsea,7,16,0,2024-05-11T16:30:00Z,0,0,0,0,0,0,0,0,0.0,0.0,0.0,0.0,0.0,0.0,0.0,0.0,0,45
2023-24,37,370,821,Franco Umeh-Chibueze,FWD,Crystal Palace,8,20,0,2024-05-11T14:00:00Z,0,0,0,0,0,0,0,0,0.0,0.0,0.0,0.0,0.0,0.0,0.0,0.0,0,45
2023-24,37,363,822,Billy Blacker,FWD,Sheffield Utd,17,9,0,2024-05-11T14:00:00Z,0,0,0,0,0,0,0,0,0.0,0.0,0.0,0.0,0.0,0.0,0.0,0.0,0,45
2023-24,37,363,823,Oliver Arblaster,MID,Sheffield Utd,17,9,0,2024-05-11T14:00:00Z,62,1,0,0,0,1,0,8,4.8,12.2,2.0,1.9,0.0,0.01,0.01,1.9,1,45
2023-24,37,361,824,Jayden Danns,FWD,Liverpool,11,2,0,2024-05-13T19:00:00Z,0,0,0,0,0,0,0,0,0.0,0.0,0.0,0.0,0.0,0.0,0.0,0.0,0,43
2023-24,37,370,825,Kaden Rodney,MID,Crystal Palace,8,20,0,2024-05-11T14:00:00Z,0,0,0,0,0,0,0,0,0.0,0.0,0.0,0.0,0.0,0.0,0.0,0.0,0,45
2023-24,37,337,826,Toby Collyer,MID,Man Utd,14,15,1,2024-05-15T19:00:00Z,0,0,0,0,0,0,0,0,0.0,0.0,0.0,0.0,0.0,0.0,0.0,0.0,0,45
2023-24,37,365,826,Toby Collyer,MID,Man Utd,14,1,1,2024-05-12T15:30:00Z,0,0,0,0,0,0,0,0,0.0,0.0,0.0,0.0,0.0,0.0,0.0,0.0,0,45
2023-24,37,363,827,Dovydas Sasnauskas,DEF,Sheffield Utd,17,9,0,2024-05-11T14:00:00Z,0,0,0,0,0,0,0,0,0.0,0.0,0.0,0.0,0.0,0.0,0.0,0.0,0,40
2023-24,37,363,828,Sam Curtis,DEF,Sheffield Utd,17,9,0,2024-05-11T14:00:00Z,27,1,0,0,0,0,0,2,2.2,0.3,0.0,0.3,0.0,0.0,0.0,0.27,0,40
2023-24,37,369,829,George Earthy,MID,West Ham,19,12,1,2024-05-11T14:00:00Z,15,6,1,0,0,0,0,21,32.2,1.3,33.0,6.7,0.35,0.0,0.35,0.02,0,45
2023-24,37,332,830,Jimi Tauriainen,MID,Chelsea,7,5,0,2024-05-15T18:45:00Z,0,0,0,0,0,0,0,0,0.0,0.0,0.0,0.0,0.0,0.0,0.0,0.0,0,45
2023-24,37,367,830,Jimi Tauriainen,MID,Chelsea,7,16,0,2024-05-11T16:30:00Z,0,0,0,0,0,0,0,0,0.0,0.0,0.0,0.0,0.0,0.0,0.0,0.0,0,45
2023-24,37,369,831,Axel Piesold,MID,Luton,12,19,0,2024-05-11T14:00:00Z,0,0,0,0,0,0,0,0,0.0,0.0,0.0,0.0,0.0,0.0,0.0,0.0,0,45
2023-24,37,370,832,Wesley Okoduwa,DEF,Wolves,20,8,1,2024-05-11T14:00:00Z,0,0,0,0,0,0,0,0,0.0,0.0,0.0,0.0,0.0,0.0,0.0,0.0,0,40
2023-24,37,337,833,Habeeb Ogunneye,DEF,Man Utd,14,15,1,2024-05-15T19:00:00Z,0,0,0,0,0,0,0,0,0.0,0.0,0.0,0.0,0.0,0.0,0.0,0.0,0,40
2023-24,37,365,833,Habeeb Ogunneye,DEF,Man Utd,14,1,1,2024-05-12T15:30:00Z,0,0,0,0,0,0,0,0,0.0,0.0,0.0,0.0,0.0,0.0,0.0,0.0,0,40
2023-24,37,362,834,Benjamin Arthur,DEF,Brentford,4,3,0,2024-05-11T14:00:00Z,0,0,0,0,0,0,0,0,0.0,0.0,0.0,0.0,0.0,0.0,0.0,0.0,0,40
2023-24,37,337,835,Dermot Mee,GK,Man Utd,14,15,1,2024-05-15T19:00:00Z,0,0,0,0,0,0,0,0,0.0,0.0,0.0,0.0,0.0,0.0,0.0,0.0,0,40
2023-24,37,365,835,Dermot Mee,GK,Man Utd,14,1,1,2024-05-12T15:30:00Z,0,0,0,0,0,0,0,0,0.0,0.0,0.0,0.0,0.0,0.0,0.0,0.0,0,40
2023-24,37,370,836,Leon Chiwome,FWD,Wolves,20,8,1,2024-05-11T14:00:00Z,0,0,0,0,0,0,0,0,0.0,0.0,0.0,0.0,0.0,0.0,0.0,0.0,0,45
2023-24,37,361,837,Amara Nallo,DEF,Liverpool,11,2,0,2024-05-13T19:00:00Z,0,0,0,0,0,0,0,0,0.0,0.0,0.0,0.0,0.0,0.0,0.0,0.0,0,40
2023-24,37,332,838,Josh Acheampong,DEF,Chelsea,7,5,0,2024-05-15T18:45:00Z,0,0,0,0,0,0,0,0,0.0,0.0,0.0,0.0,0.0,0.0,0.0,0.0,0,40
2023-24,37,367,838,Josh Acheampong,DEF,Chelsea,7,16,0,2024-05-11T16:30:00Z,0,0,0,0,0,0,0,0,0.0,0.0,0.0,0.0,0.0,0.0,0.0,0.0,0,40
2023-24,37,369,839,Dominic Dos Santos Martins,MID,Luton,12,19,0,2024-05-11T14:00:00Z,0,0,0,0,0,0,0,0,0.0,0.0,0.0,0.0,0.0,0.0,0.0,0.0,0,45
2023-24,37,370,840,Fletcher Holman,FWD,Wolves,20,8,1,2024-05-11T14:00:00Z,0,0,0,0,0,0,0,0,0.0,0.0,0.0,0.0,0.0,0.0,0.0,0.0,0,45
2023-24,37,363,841,Lewis Warrington,MID,Everton,9,17,1,2024-05-11T14:00:00Z,1,1,0,0,0,0,0,3,0.0,0.0,0.0,0.0,0.0,0.0,0.0,0.0,0,45
2023-24,37,370,842,Roshaun Mathurin,MID,Crystal Palace,8,20,0,2024-05-11T14:00:00Z,0,0,0,0,0,0,0,0,0.0,0.0,0.0,0.0,0.0,0.0,0.0,0.0,0,44
2023-24,37,332,843,Samy Chouchane,MID,Brighton,5,7,1,2024-05-15T18:45:00Z,0,0,0,0,0,0,0,0,0.0,0.0,0.0,0.0,0.0,0.0,0.0,0.0,0,45
2023-24,37,366,843,Samy Chouchane,MID,Brighton,5,15,0,2024-05-11T14:00:00Z,0,0,0,0,0,0,0,0,0.0,0.0,0.0,0.0,0.0,0.0,0.0,0.0,0,45
2023-24,37,369,844,Christian Chigozie,DEF,Luton,12,19,0,2024-05-11T14:00:00Z,0,0,0,0,0,0,0,0,0.0,0.0,0.0,0.0,0.0,0.0,0.0,0.0,0,40
2023-24,37,332,845,Odeluga Offiah,DEF,Brighton,5,7,1,2024-05-15T18:45:00Z,5,1,0,0,0,0,0,3,0.4,0.8,0.0,0.1,0.0,0.0,0.0,0.0,0,40
2023-24,37,366,845,Odeluga Offiah,DEF,Brighton,5,15,0,2024-05-11T14:00:00Z,3,1,0,0,0,0,0,4,1.2,0.3,2.0,0.4,0.0,0.01,0.01,0.09,0,40
2023-24,37,337,846,Harry Amass,DEF,Man Utd,14,15,1,2024-05-15T19:00:00Z,0,0,0,0,0,0,0,0,0.0,0.0,0.0,0.0,0.0,0.0,0.0,0.0,0,40
2023-24,37,365,846,Harry Amass,DEF,Man Utd,14,1,1,2024-05-12T15:30:00Z,0,0,0,0,0,0,0,0,0.0,0.0,0.0,0.0,0.0,0.0,0.0,0.0,0,40
2023-24,37,332,847,Teddy Sharman-Lowe,GK,Chelsea,7,5,0,2024-05-15T18:45:00Z,0,0,0,0,0,0,0,0,0.0,0.0,0.0,0.0,0.0,0.0,0.0,0.0,0,40
2023-24,37,367,847,Teddy Sharman-Lowe,GK,Chelsea,7,16,0,2024-05-11T16:30:00Z,0,0,0,0,0,0,0,0,0.0,0.0,0.0,0.0,0.0,0.0,0.0,0.0,0,40
2023-24,37,369,848,Taylan Harris,FWD,Luton,12,19,0,2024-05-11T14:00:00Z,0,0,0,0,0,0,0,0,0.0,0.0,0.0,0.0,0.0,0.0,0.0,0.0,0,45
2023-24,37,362,849,Michael Dacosta Gonzalez,MID,Bournemouth,3,4,1,2024-05-11T14:00:00Z,0,0,0,0,0,0,0,0,0.0,0.0,0.0,0.0,0.0,0.0,0.0,0.0,0,45
2023-24,37,337,850,Ethan Wheatley,FWD,Man Utd,14,15,1,2024-05-15T19:00:00Z,0,0,0,0,0,0,0,0,0.0,0.0,0.0,0.0,0.0,0.0,0.0,0.0,0,45
2023-24,37,365,850,Ethan Wheatley,FWD,Man Utd,14,1,1,2024-05-12T15:30:00Z,2,1,0,0,0,0,0,3,0.0,0.0,0.0,0.0,0.0,0.0,0.0,0.0,0,45
2023-24,37,332,851,Tyrique George,FWD,Chelsea,7,5,0,2024-05-15T18:45:00Z,0,0,0,0,0,0,0,0,0.0,0.0,0.0,0.0,0.0,0.0,0.0,0.0,0,45
2023-24,37,367,851,Tyrique George,FWD,Chelsea,7,16,0,2024-05-11T16:30:00Z,0,0,0,0,0,0,0,0,0.0,0.0,0.0,0.0,0.0,0.0,0.0,0.0,0,45
2023-24,37,332,852,Kiano Dyer,MID,Chelsea,7,5,0,2024-05-15T18:45:00Z,0,0,0,0,0,0,0,0,0.0,0.0,0.0,0.0,0.0,0.0,0.0,0.0,0,45
2023-24,37,367,852,Kiano Dyer,MID,Chelsea,7,16,0,2024-05-11T16:30:00Z,0,0,0,0,0,0,0,0,0.0,0.0,0.0,0.0,0.0,0.0,0.0,0.0,0,45
2023-24,37,370,853,Temple Ojinnaka,MID,Wolves,20,8,1,2024-05-11T14:00:00Z,0,0,0,0,0,0,0,0,0.0,0.0,0.0,0.0,0.0,0.0,0.0,0.0,0,45
2023-24,37,361,854,Finley Munroe,DEF,Aston Villa,2,11,1,2024-05-13T19:00:00Z,0,0,0,0,0,0,0,0,0.0,0.0,0.0,0.0,0.0,0.0,0.0,0.0,0,40
2023-24,37,362,855,Callan McKenna,GK,Bournemouth,3,4,1,2024-05-11T14:00:00Z,0,0,0,0,0,0,0,0,0.0,0.0,0.0,0.0,0.0,0.0,0.0,0.0,0,40
2023-24,37,337,856,Louis Jackson,DEF,Man Utd,14,15,1,2024-05-15T19:00:00Z,0,0,0,0,0,0,0,0,0.0,0.0,0.0,0.0,0.0,0.0,0.0,0.0,0,40
2023-24,37,365,856,Louis Jackson,DEF,Man Utd,14,1,1,2024-05-12T15:30:00Z,0,0,0,0,0,0,0,0,0.0,0.0,0.0,0.0,0.0,0.0,0.0,0.0,0,40
2023-24,37,363,857,Owen Hampson,MID,Sheffield Utd,17,9,0,2024-05-11T14:00:00Z,0,0,0,0,0,0,0,0,0.0,0.0,0.0,0.0,0.0,0.0,0.0,0.0,0,45
2023-24,37,332,858,Ted Curd,GK,Chelsea,7,5,0,2024-05-15T18:45:00Z,0,0,0,0,0,0,0,0,0.0,0.0,0.0,0.0,0.0,0.0,0.0,0.0,0,40
2023-24,37,367,858,Ted Curd,GK,Chelsea,7,16,0,2024-05-11T16:30:00Z,0,0,0,0,0,0,0,0,0.0,0.0,0.0,0.0,0.0,0.0,0.0,0.0,0,40
2023-24,37,332,859,Zak Sturge,DEF,Chelsea,7,5,0,2024-05-15T18:45:00Z,0,0,0,0,0,0,0,0,0.0,0.0,0.0,0.0,0.0,0.0,0.0,0.0,0,40
2023-24,37,367,859,Zak Sturge,DEF,Chelsea,7,16,0,2024-05-11T16:30:00Z,0,0,0,0,0,0,0,0,0.0,0.0,0.0,0.0,0.0,0.0,0.0,0.0,0,40
2023-24,37,339,860,Mikey Moore,MID,Spurs,18,13,1,2024-05-14T19:00:00Z,1,1,0,0,0,0,0,3,1.0,0.1,0.0,0.1,0.0,0.0,0.0,0.05,0,45
2023-24,37,368,860,Mikey Moore,MID,Spurs,18,6,1,2024-05-11T14:00:00Z,0,0,0,0,0,0,0,0,0.0,0.0,0.0,0.0,0.0,0.0,0.0,0.0,0,45
2023-24,37,332,861,Noël Atom,DEF,Brighton,5,7,1,2024-05-15T18:45:00Z,0,0,0,0,0,0,0,0,0.0,0.0,0.0,0.0,0.0,0.0,0.0,0.0,0,40
2023-24,37,366,861,Noël Atom,DEF,Brighton,5,15,0,2024-05-11T14:00:00Z,0,0,0,0,0,0,0,0,0.0,0.0,0.0,0.0,0.0,0.0,0.0,0.0,0,40
2023-24,37,339,862,Tyrese Hall,MID,Spurs,18,13,1,2024-05-14T19:00:00Z,0,0,0,0,0,0,0,0,0.0,0.0,0.0,0.0,0.0,0.0,0.0,0.0,0,45
2023-24,37,368,862,Tyrese Hall,MID,Spurs,18,6,1,2024-05-11T14:00:00Z,0,0,0,0,0,0,0,0,0.0,0.0,0.0,0.0,0.0,0.0,0.0,0.0,0,45
