season,gw,fixture,element,name,position,team,team_id,opponent_team,was_home,kickoff_time,minutes,total_points,goals_scored,assists,clean_sheets,goals_conceded,bonus,bps,influence,creativity,threat,ict_index,expected_goals,expected_assists,expected_goal_involvements,expected_goals_conceded,starts,value
2023-24,38,371,1,Folarin Balogun,FWD,Arsenal,1,9,1,2024-05-19T15:00:00Z,0,0,0,0,0,0,0,0,0.0,0.0,0.0,0.0,0.0,0.0,0.0,0.0,0,44
2023-24,38,371,2,Cédric Alves Soares,DEF,Arsenal,1,9,1,2024-05-19T15:00:00Z,0,0,0,0,0,0,0,0,0.0,0.0,0.0,0.0,0.0,0.0,0.0,0.0,0,38
2023-24,38,371,3,Mohamed Elneny,MID,Arsenal,1,9,1,2024-05-19T15:00:00Z,0,0,0,0,0,0,0,0,0.0,0.0,0.0,0.0,0.0,0.0,0.0,0.0,0,44
2023-24,38,371,4,Fábio Ferreira Vieira,MID,Arsenal,1,9,1,2024-05-19T15:00:00Z,0,0,0,0,0,0,0,0,0.0,0.0,0.0,0.0,0.0,0.0,0.0,0.0,0,54
2023-24,38,371,5,Gabriel dos Santos Magalhães,DEF,Arsenal,1,9,1,2024-05-19T15:00:00Z,58,1,0,0,0,1,0,10,10.0,2.8,4.0,1.7,0.05,0.02,0.07,0.46,1,54
2023-24,38,371,6,Kai Havertz,MID,Arsenal,1,9,1,2024-05-19T15:00:00Z,90,6,1,0,0,1,0,18,29.4,13.6,83.0,12.6,1.24,0.04,1.28,0.5,1,76
2023-24,38,376,7,Rob Holding,DEF,Crystal Palace,8,2,1,2024-05-19T15:00:00Z,0,0,0,0,0,0,0,0,0.0,0.0,0.0,0.0,0.0,0.0,0.0,0.0,0,43
2023-24,38,371,8,Gabriel Fernando de Jesus,FWD,Arsenal,1,9,1,2024-05-19T15:00:00Z,12,1,0,0,0,0,0,6,4.4,12.3,7.0,2.4,0.04,0.06,0.1,0.0,0,77
2023-24,38,371,9,Jorge Luiz Frello Filho,MID,Arsenal,1,9,1,2024-05-19T15:00:00Z,0,0,0,0,0,0,0,0,0.0,0.0,0.0,0.0,0.0,0.0,0.0,0.0,0,53
2023-24,38,371,10,Jakub Kiwior,DEF,Arsenal,1,9,1,2024-05-19T15:00:00Z,0,0,0,0,0,0,0,0,0.0,0.0,0.0,0.0,0.0,0.0,0.0,0.0,0,40
2023-24,38,371,11,Marcus Oliveira Alencar,MID,Arsenal,1,9,1,2024-05-19T15:00:00Z,0,0,0,0,0,0,0,0,0.0,0.0,0.0,0.0,0.0,0.0,0.0,0.0,0,45
2023-24,38,371,12,Gabriel Martinelli Silva,MID,Arsenal,1,9,1,2024-05-19T15:00:00Z,90,2,0,0,0,1,0,22,25.2,77.7,47.0,15.0,0.18,0.44,0.62,0.5,1,75
2023-24,38,371,13,Eddie Nketiah,FWD,Arsenal,1,9,1,2024-05-19T15:00:00Z,0,0,0,0,0,0,0,0,0.0,0.0,0.0,0.0,0.0,0.0,0.0,0.0,0,50
2023-24,38,371,14,Martin Ødegaard,MID,Arsenal,1,9,1,2024-05-19T15:00:00Z,90,10,0,2,0,1,2,34,56.4,93.1,37.0,18.7,0.37,0.58,0.95,0.5,1,86
2023-24,38,371,15,Thomas Partey,MID,Arsenal,1,9,1,2024-05-19T15:00:00Z,68,1,0,0,0,1,0,7,3.2,10.3,1.0,1.5,0.06,0.07,0.13,0.5,1,48
2023-24,38,371,16,Nicolas Pépé,MID,Arsenal,1,9,1,2024-05-19T15:00:00Z,0,0,0,0,0,0,0,0,0.0,0.0,0.0,0.0,0.0,0.0,0.0,0.0,0,49
2023-24,38,371,17,Aaron Ramsdale,GK,Arsenal,1,9,1,2024-05-19T15:00:00Z,0,0,0,0,0,0,0,0,0.0,0.0,0.0,0.0,0.0,0.0,0.0,0.0,0,45
2023-24,38,371,18,Rúnar Alex Rúnarsson,GK,Arsenal,1,9,1,2024-05-19T15:00:00Z,0,0,0,0,0,0,0,0,0.0,0.0,0.0,0.0,0.0,0.0,0.0,0.0,0,40
2023-24,38,371,19,Bukayo Saka,MID,Arsenal,1,9,1,2024-05-19T15:00:00Z,0,0,0,0,0,0,0,0,0.0,0.0,0.0,0.0,0.0,0.0,0.0,0.0,0,88
2023-24,38,371,20,William Saliba,DEF,Arsenal,1,9,1,2024-05-19T15:00:00Z,90,2,0,0,0,1,0,16,15.4,5.2,0.0,2.1,0.0,0.08,0.08,0.5,1,59
2023-24,38,378,21,Albert Sambi Lokonga,MID,Luton,12,10,1,2024-05-19T15:00:00Z,90,1,0,0,0,4,0,7,5.2,11.8,0.0,1.7,0.0,0.01,0.01,1.06,1,49
2023-24,38,371,22,Emile Smith Rowe,MID,Arsenal,1,9,1,2024-05-19T15:00:00Z,21,1,0,0,0,0,0,1,0.0,2.3,10.0,0.9,0.25,0.01,0.26,0.0,0,53
2023-24,38,374,23,Nuno Varela Tavares,DEF,Nott'm Forest,16,6,0,2024-05-19T15:00:00Z,0,0,0,0,0,0,0,0,0.0,0.0,0.0,0.0,0.0,0.0,0.0,0.0,0,40
2023-24,38,371,24,Kieran Tierney,DEF,Arsenal,1,9,1,2024-05-19T15:00:00Z,0,0,0,0,0,0,0,0,0.0,0.0,0.0,0.0,0.0,0.0,0.0,0.0,0,44
2023-24,38,371,25,Takehiro Tomiyasu,DEF,Arsenal,1,9,1,2024-05-19T15:00:00Z,90,9,1,0,0,1,1,25,43.8,18.1,37.0,9.9,0.43,0.09,0.52,0.5,1,45
2023-24,38,371,26,Leandro Trossard,MID,Arsenal,1,9,1,2024-05-19T15:00:00Z,77,2,0,0,0,1,0,9,1.2,15.4,16.0,3.3,0.02,0.13,0.15,0.5,1,66
2023-24,38,380,27,Auston Trusty,DEF,Sheffield Utd,17,18,1,2024-05-19T15:00:00Z,90,1,0,0,0,3,0,12,18.6,0.9,2.0,2.2,0.0,0.0,0.0,3.28,1,39
2023-24,38,374,28,Matt Turner,GK,Nott'm Forest,16,6,0,2024-05-19T15:00:00Z,0,0,0,0,0,0,0,0,0.0,0.0,0.0,0.0,0.0,0.0,0.0,0.0,0,37
2023-24,38,371,29,Benjamin White,DEF,Arsenal,1,9,1,2024-05-19T15:00:00Z,68,2,0,0,0,1,0,12,9.8,27.7,4.0,4.2,0.0,0.05,0.05,0.5,1,61
2023-24,38,371,30,Granit Xhaka,MID,Arsenal,1,9,1,2024-05-19T15:00:00Z,0,0,0,0,0,0,0,0,0.0,0.0,0.0,0.0,0.0,0.0,0.0,0.0,0,60
2023-24,38,371,31,Oleksandr Zinchenko,DEF,Arsenal,1,9,1,2024-05-19T15:00:00Z,31,1,0,0,0,0,0,8,5.4,15.7,0.0,2.1,0.0,0.04,0.04,0.04,0,50
2023-24,38,376,32,Alexandre Moreno Lopera,DEF,Aston Villa,2,8,0,2024-05-19T15:00:00Z,0,0,0,0,0,0,0,0,0.0,0.0,0.0,0.0,0.0,0.0,0.0,0.0,0,49
2023-24,38,380,33,Cameron Archer,FWD,Sheffield Utd,17,18,1,2024-05-19T15:00:00Z,61,2,0,0,0,2,0,0,2.2,10.6,5.0,1.8,0.2,0.01,0.21,2.17,1,42
2023-24,38,376,34,Leon Bailey,MID,Aston Villa,2,8,0,2024-05-19T15:00:00Z,0,0,0,0,0,0,0,0,0.0,0.0,0.0,0.0,0.0,0.0,0.0,0.0,0,54
2023-24,38,376,35,Emiliano Buendía Stati,MID,Aston Villa,2,8,0,2024-05-19T15:00:00Z,0,0,0,0,0,0,0,0,0.0,0.0,0.0,0.0,0.0,0.0,0.0,0.0,0,57
2023-24,38,376,36,Matty Cash,DEF,Aston Villa,2,8,0,2024-05-19T15:00:00Z,0,0,0,0,0,0,0,0,0.0,0.0,0.0,0.0,0.0,0.0,0.0,0.0,0,45
2023-24,38,376,37,Calum Chambers,DEF,Aston Villa,2,8,0,2024-05-19T15:00:00Z,67,0,0,0,0,4,0,10,3.0,1.4,0.0,0.4,0.0,0.01,0.01,2.16,1,38
2023-24,38,376,38,Philippe Coutinho Correia,MID,Aston Villa,2,8,0,2024-05-19T15:00:00Z,0,0,0,0,0,0,0,0,0.0,0.0,0.0,0.0,0.0,0.0,0.0,0.0,0,58
2023-24,38,376,39,Keinan Davis,FWD,Aston Villa,2,8,0,2024-05-19T15:00:00Z,0,0,0,0,0,0,0,0,0.0,0.0,0.0,0.0,0.0,0.0,0.0,0.0,0,49
2023-24,38,376,40,Leander Dendoncker,MID,Aston Villa,2,8,0,2024-05-19T15:00:00Z,0,0,0,0,0,0,0,0,0.0,0.0,0.0,0.0,0.0,0.0,0.0,0.0,0,49
2023-24,38,376,41,Diego Carlos Santos Silva,DEF,Aston Villa,2,8,0,2024-05-19T15:00:00Z,90,0,0,0,0,5,0,15,19.4,0.3,4.0,2.4,0.05,0.0,0.05,2.48,1,44
2023-24,38,376,42,Lucas Digne,DEF,Aston Villa,2,8,0,2024-05-19T15:00:00Z,90,-1,0,0,0,5,0,8,23.8,39.3,0.0,6.3,0.0,0.3,0.3,2.48,1,46
2023-24,38,376,43,Douglas Luiz Soares de Paulo,MID,Aston Villa,2,8,0,2024-05-19T15:00:00Z,90,1,0,0,0,5,0,14,6.4,29.8,0.0,3.6,0.0,0.42,0.42,2.48,1,54
2023-24,38,376,44,Jhon Durán,FWD,Aston Villa,2,8,0,2024-05-19T15:00:00Z,90,2,0,0,0,5,0,3,0.0,11.3,11.0,2.1,0.08,0.0,0.08,2.48,1,50
2023-24,38,376,45,Kortney Hause,DEF,Aston Villa,2,8,0,2024-05-19T15:00:00Z,0,0,0,0,0,0,0,0,0.0,0.0,0.0,0.0,0.0,0.0,0.0,0.0,0,39
2023-24,38,376,46,Tim Iroegbunam,MID,Aston Villa,2,8,0,2024-05-19T15:00:00Z,22,1,0,0,0,1,0,1,0.0,0.4,0.0,0.0,0.0,0.0,0.0,0.33,0,44
2023-24,38,376,47,Boubacar Kamara,MID,Aston Villa,2,8,0,2024-05-19T15:00:00Z,0,0,0,0,0,0,0,0,0.0,0.0,0.0,0.0,0.0,0.0,0.0,0.0,0,50
2023-24,38,376,48,Ezri Konsa Ngoyo,DEF,Aston Villa,2,8,0,2024-05-19T15:00:00Z,90,0,0,0,0,5,0,5,5.4,1.2,4.0,1.1,0.07,0.01,0.08,2.48,1,45
2023-24,38,376,49,Emiliano Martínez Romero,GK,Aston Villa,2,8,0,2024-05-19T15:00:00Z,0,0,0,0,0,0,0,0,0.0,0.0,0.0,0.0,0.0,0.0,0.0,0.0,0,52
2023-24,38,376,50,John McGinn,MID,Aston Villa,2,8,0,2024-05-19T15:00:00Z,86,1,0,0,0,5,0,3,1.8,1.5,0.0,0.3,0.0,0.01,0.01,2.48,1,53
2023-24,38,376,51,Tyrone Mings,DEF,Aston Villa,2,8,0,2024-05-19T15:00:00Z,0,0,0,0,0,0,0,0,0.0,0.0,0.0,0.0,0.0,0.0,0.0,0.0,0,41
2023-24,38,378,52,Marvelous Nakamba,MID,Luton,12,10,1,2024-05-19T15:00:00Z,0,0,0,0,0,0,0,0,0.0,0.0,0.0,0.0,0.0,0.0,0.0,0.0,0,43
2023-24,38,376,53,Robin Olsen,GK,Aston Villa,2,8,0,2024-05-19T15:00:00Z,90,1,0,0,0,5,0,20,34.0,0.0,0.0,3.4,0.0,0.0,0.0,2.48,1,39
2023-24,38,376,54,Jaden Philogene-Bidace,MID,Aston Villa,2,8,0,2024-05-19T15:00:00Z,0,0,0,0,0,0,0,0,0.0,0.0,0.0,0.0,0.0,0.0,0.0,0.0,0,45
2023-24,38,376,55,Jacob Ramsey,MID,Aston Villa,2,8,0,2024-05-19T15:00:00Z,0,0,0,0,0,0,0,0,0.0,0.0,0.0,0.0,0.0,0.0,0.0,0.0,0,59
2023-24,38,376,56,Morgan Sanson,MID,Aston Villa,2,8,0,2024-05-19T15:00:00Z,0,0,0,0,0,0,0,0,0.0,0.0,0.0,0.0,0.0,0.0,0.0,0.0,0,45
2023-24,38,376,57,Viljami Sinisalo,GK,Aston Villa,2,8,0,2024-05-19T15:00:00Z,0,0,0,0,0,0,0,0,0.0,0.0,0.0,0.0,0.0,0.0,0.0,0.0,0,40
2023-24,38,376,58,Youri Tielemans,MID,Aston Villa,2,8,0,2024-05-19T15:00:00Z,0,0,0,0,0,0,0,0,0.0,0.0,0.0,0.0,0.0,0.0,0.0,0.0,0,56
2023-24,38,376,59,Bertrand Traoré,MID,Aston Villa,2,8,0,2024-05-19T15:00:00Z,0,0,0,0,0,0,0,0,0.0,0.0,0.0,0.0,0.0,0.0,0.0,0.0,0,50
2023-24,38,376,60,Ollie Watkins,FWD,Aston Villa,2,8,0,2024-05-19T15:00:00Z,68,2,0,0,0,4,0,1,0.0,0.6,13.0,0.9,0.25,0.0,0.25,2.16,1,89
2023-24,38,376,61,Wesley Moraes Ferreira da Silva,FWD,Aston Villa,2,8,0,2024-05-19T15:00:00Z,0,0,0,0,0,0,0,0,0.0,0.0,0.0,0.0,0.0,0.0,0.0,0.0,0,50
2023-24,38,375,62,Jaidon Anthony,MID,Bournemouth,3,7,0,2024-05-19T15:00:00Z,0,0,0,0,0,0,0,0,0.0,0.0,0.0,0.0,0.0,0.0,0.0,0.0,0,49
2023-24,38,375,63,Philip Billing,MID,Bournemouth,3,7,0,2024-05-19T15:00:00Z,21,1,0,0,0,0,0,4,0.4,0.4,1.0,0.2,0.02,0.0,0.02,0.38,0,51
2023-24,38,375,64,David Brooks,MID,Bournemouth,3,7,0,2024-05-19T15:00:00Z,0,0,0,0,0,0,0,0,0.0,0.0,0.0,0.0,0.0,0.0,0.0,0.0,0,47
2023-24,38,375,65,Ryan Christie,MID,Bournemouth,3,7,0,2024-05-19T15:00:00Z,90,2,0,0,0,2,0,5,15.6,19.4,12.0,4.7,0.38,0.22,0.6,0.99,1,50
2023-24,38,375,66,Lewis Cook,MID,Bournemouth,3,7,0,2024-05-19T15:00:00Z,90,2,0,0,0,2,0,16,11.2,27.3,1.0,4.0,0.02,0.08,0.1,0.99,1,48
2023-24,38,375,67,Siriki Dembélé,MID,Bournemouth,3,7,0,2024-05-19T15:00:00Z,0,0,0,0,0,0,0,0,0.0,0.0,0.0,0.0,0.0,0.0,0.0,0.0,0,45
2023-24,38,375,68,Ryan Fredericks,DEF,Bournemouth,3,7,0,2024-05-19T15:00:00Z,0,0,0,0,0,0,0,0,0.0,0.0,0.0,0.0,0.0,0.0,0.0,0.0,0,43
2023-24,38,375,69,James Hill,DEF,Bournemouth,3,7,0,2024-05-19T15:00:00Z,0,0,0,0,0,0,0,0,0.0,0.0,0.0,0.0,0.0,0.0,0.0,0.0,0,40
2023-24,38,375,70,Lloyd Kelly,DEF,Bournemouth,3,7,0,2024-05-19T15:00:00Z,6,1,0,0,0,0,0,3,5.2,0.2,0.0,0.5,0.0,0.0,0.0,0.27,0,45
2023-24,38,375,71,Gavin Kilkenny,MID,Bournemouth,3,7,0,2024-05-19T15:00:00Z,0,0,0,0,0,0,0,0,0.0,0.0,0.0,0.0,0.0,0.0,0.0,0.0,0,43
2023-24,38,375,72,Justin Kluivert,MID,Bournemouth,3,7,0,2024-05-19T15:00:00Z,58,1,0,0,0,2,0,-1,0.0,0.9,8.0,0.6,0.15,0.0,0.15,0.56,1,46
2023-24,38,375,73,Jamal Lowe,MID,Bournemouth,3,7,0,2024-05-19T15:00:00Z,0,0,0,0,0,0,0,0,0.0,0.0,0.0,0.0,0.0,0.0,0.0,0.0,0,49
2023-24,38,375,74,Emiliano Marcondes,MID,Bournemouth,3,7,0,2024-05-19T15:00:00Z,0,0,0,0,0,0,0,0,0.0,0.0,0.0,0.0,0.0,0.0,0.0,0.0,0,43
2023-24,38,375,75,Chris Mepham,DEF,Bournemouth,3,7,0,2024-05-19T15:00:00Z,0,0,0,0,0,0,0,0,0.0,0.0,0.0,0.0,0.0,0.0,0.0,0.0,0,43
2023-24,38,375,76,Kieffer Moore,FWD,Bournemouth,3,7,0,2024-05-19T15:00:00Z,0,0,0,0,0,0,0,0,0.0,0.0,0.0,0.0,0.0,0.0,0.0,0.0,0,46
2023-24,38,375,77,Norberto Murara Neto,GK,Bournemouth,3,7,0,2024-05-19T15:00:00Z,90,2,0,0,0,2,0,16,30.0,0.0,0.0,3.0,0.0,0.0,0.0,0.99,1,46
2023-24,38,375,78,Dango Ouattara,MID,Bournemouth,3,7,0,2024-05-19T15:00:00Z,31,1,0,0,0,0,0,5,12.4,10.9,33.0,5.6,0.19,0.02,0.21,0.43,0,47
2023-24,38,375,79,Ben Pearson,MID,Bournemouth,3,7,0,2024-05-19T15:00:00Z,0,0,0,0,0,0,0,0,0.0,0.0,0.0,0.0,0.0,0.0,0.0,0.0,0,45
2023-24,38,375,80,Darren Randolph,GK,Bournemouth,3,7,0,2024-05-19T15:00:00Z,0,0,0,0,0,0,0,0,0.0,0.0,0.0,0.0,0.0,0.0,0.0,0.0,0,39
2023-24,38,375,81,Joe Rothwell,MID,Bournemouth,3,7,0,2024-05-19T15:00:00Z,0,0,0,0,0,0,0,0,0.0,0.0,0.0,0.0,0.0,0.0,0.0,0.0,0,48
2023-24,38,375,82,Antoine Semenyo,FWD,Bournemouth,3,7,0,2024-05-19T15:00:00Z,90,1,0,0,0,2,0,11,14.6,28.0,39.0,8.2,0.14,0.32,0.46,0.99,1,45
2023-24,38,375,83,Marcos Senesi,DEF,Bournemouth,3,7,0,2024-05-19T15:00:00Z,83,0,0,0,0,2,0,19,37.2,36.3,8.0,8.2,0.11,0.07,0.18,0.72,1,44
2023-24,38,375,84,Adam Smith,DEF,Bournemouth,3,7,0,2024-05-19T15:00:00Z,0,0,0,0,0,0,0,0,0.0,0.0,0.0,0.0,0.0,0.0,0.0,0.0,0,44
2023-24,38,375,85,Dominic Solanke,FWD,Bournemouth,3,7,0,2024-05-19T15:00:00Z,31,1,0,0,0,0,0,-3,0.0,0.0,12.0,0.8,0.39,0.0,0.39,0.43,0,69
2023-24,38,375,86,Marcus Tavernier,MID,Bournemouth,3,7,0,2024-05-19T15:00:00Z,58,1,0,0,0,2,0,11,17.6,48.4,16.0,8.2,0.14,0.13,0.27,0.56,1,50
2023-24,38,375,87,Hamed Traorè,MID,Bournemouth,3,7,0,2024-05-19T15:00:00Z,0,0,0,0,0,0,0,0,0.0,0.0,0.0,0.0,0.0,0.0,0.0,0.0,0,47
2023-24,38,375,88,Mark Travers,GK,Bournemouth,3,7,0,2024-05-19T15:00:00Z,0,0,0,0,0,0,0,0,0.0,0.0,0.0,0.0,0.0,0.0,0.0,0.0,0,40
2023-24,38,375,89,Illia Zabarnyi,DEF,Bournemouth,3,7,0,2024-05-19T15:00:00Z,90,1,0,0,0,2,0,18,23.4,1.0,0.0,2.4,0.0,0.0,0.0,0.99,1,44
2023-24,38,372,90,Kristoffer Ajer,DEF,Brentford,4,15,1,2024-05-19T15:00:00Z,0,0,0,0,0,0,0,0,0.0,0.0,0.0,0.0,0.0,0.0,0.0,0.0,0,44
2023-24,38,372,91,Ellery Balcombe,GK,Brentford,4,15,1,2024-05-19T15:00:00Z,0,0,0,0,0,0,0,0,0.0,0.0,0.0,0.0,0.0,0.0,0.0,0.0,0,39
2023-24,38,372,92,Shandon Baptiste,MID,Brentford,4,15,1,2024-05-19T15:00:00Z,0,0,0,0,0,0,0,0,0.0,0.0,0.0,0.0,0.0,0.0,0.0,0.0,0,43
2023-24,38,372,93,Mads Bech Sørensen,DEF,Brentford,4,15,1,2024-05-19T15:00:00Z,0,0,0,0,0,0,0,0,0.0,0.0,0.0,0.0,0.0,0.0,0.0,0.0,0,40
2023-24,38,372,94,Mads Bidstrup,MID,Brentford,4,15,1,2024-05-19T15:00:00Z,0,0,0,0,0,0,0,0,0.0,0.0,0.0,0.0,0.0,0.0,0.0,0.0,0,45
2023-24,38,372,95,Sergi Canós Tenés,MID,Brentford,4,15,1,2024-05-19T15:00:00Z,0,0,0,0,0,0,0,0,0.0,0.0,0.0,0.0,0.0,0.0,0.0,0.0,0,50
2023-24,38,372,96,Nathan Collins,DEF,Brentford,4,15,1,2024-05-19T15:00:00Z,0,0,0,0,0,0,0,0,0.0,0.0,0.0,0.0,0.0,0.0,0.0,0.0,0,45
2023-24,38,372,97,Matthew Cox,GK,Brentford,4,15,1,2024-05-19T15:00:00Z,0,0,0,0,0,0,0,0,0.0,0.0,0.0,0.0,0.0,0.0,0.0,0.0,0,40
2023-24,38,372,98,Mikkel Damsgaard,MID,Brentford,4,15,1,2024-05-19T15:00:00Z,26,1,0,0,0,1,0,3,1.0,3.8,0.0,0.5,0.0,0.02,0.02,0.71,0,48
2023-24,38,372,99,Josh Dasilva,MID,Brentford,4,15,1,2024-05-19T15:00:00Z,0,0,0,0,0,0,0,0,0.0,0.0,0.0,0.0,0.0,0.0,0.0,0.0,0,47
2023-24,38,372,100,Halil Dervişoğlu,FWD,Brentford,4,15,1,2024-05-19T15:00:00Z,0,0,0,0,0,0,0,0,0.0,0.0,0.0,0.0,0.0,0.0,0.0,0.0,0,45
2023-24,38,372,101,Mark Flekken,GK,Brentford,4,15,1,2024-05-19T15:00:00Z,90,1,0,0,0,4,0,16,21.2,0.0,0.0,2.1,0.0,0.0,0.0,3.41,1,47
2023-24,38,372,102,Charlie Goode,DEF,Brentford,4,15,1,2024-05-19T15:00:00Z,0,0,0,0,0,0,0,0,0.0,0.0,0.0,0.0,0.0,0.0,0.0,0.0,0,39
2023-24,38,372,103,Rico Henry,DEF,Brentford,4,15,1,2024-05-19T15:00:00Z,0,0,0,0,0,0,0,0,0.0,0.0,0.0,0.0,0.0,0.0,0.0,0.0,0,42
2023-24,38,372,104,Aaron Hickey,DEF,Brentford,4,15,1,2024-05-19T15:00:00Z,0,0,0,0,0,0,0,0,0.0,0.0,0.0,0.0,0.0,0.0,0.0,0.0,0,43
2023-24,38,372,105,Vitaly Janelt,MID,Brentford,4,15,1,2024-05-19T15:00:00Z,73,7,1,0,0,3,0,32,38.0,16.7,19.0,7.4,0.25,0.05,0.3,2.69,1,52
2023-24,38,372,106,Mathias Jensen,MID,Brentford,4,15,1,2024-05-19T15:00:00Z,63,1,0,0,0,3,0,5,3.4,3.6,2.0,0.9,0.0,0.03,0.03,2.69,1,52
2023-24,38,372,107,Keane Lewis-Potter,MID,Brentford,4,15,1,2024-05-19T15:00:00Z,0,0,0,0,0,0,0,0,0.0,0.0,0.0,0.0,0.0,0.0,0.0,0.0,0,47
2023-24,38,372,108,Bryan Mbeumo,MID,Brentford,4,15,1,2024-05-19T15:00:00Z,90,2,0,0,0,4,0,7,13.0,14.8,2.0,3.0,0.0,0.12,0.12,3.41,1,68
2023-24,38,372,109,Ben Mee,DEF,Brentford,4,15,1,2024-05-19T15:00:00Z,0,0,0,0,0,0,0,0,0.0,0.0,0.0,0.0,0.0,0.0,0.0,0.0,0,47
2023-24,38,372,110,Christian Nørgaard,MID,Brentford,4,15,1,2024-05-19T15:00:00Z,90,2,0,0,0,4,0,12,13.6,22.2,0.0,3.6,0.0,0.17,0.17,3.41,1,52
2023-24,38,372,111,Frank Onyeka,MID,Brentford,4,15,1,2024-05-19T15:00:00Z,0,0,0,0,0,0,0,0,0.0,0.0,0.0,0.0,0.0,0.0,0.0,0.0,0,49
2023-24,38,372,112,Ethan Pinnock,DEF,Brentford,4,15,1,2024-05-19T15:00:00Z,90,0,0,0,0,4,0,13,3.2,0.8,0.0,0.4,0.0,0.0,0.0,3.41,1,45
2023-24,38,371,113,David Raya Martin,GK,Arsenal,1,9,1,2024-05-19T15:00:00Z,90,2,0,0,0,1,0,10,10.4,0.0,0.0,1.0,0.0,0.0,0.0,0.5,1,53
2023-24,38,372,114,Mads Roerslev Rasmussen,DEF,Brentford,4,15,1,2024-05-19T15:00:00Z,62,1,0,0,0,3,0,15,9.4,15.2,0.0,2.5,0.0,0.07,0.07,2.69,1,44
2023-24,38,372,115,Kevin Schade,MID,Brentford,4,15,1,2024-05-19T15:00:00Z,16,1,0,0,0,1,0,2,0.2,1.3,0.0,0.2,0.0,0.01,0.01,0.71,0,52
2023-24,38,372,116,Thomas Strakosha,GK,Brentford,4,15,1,2024-05-19T15:00:00Z,0,0,0,0,0,0,0,0,0.0,0.0,0.0,0.0,0.0,0.0,0.0,0.0,0,39
2023-24,38,372,117,Ivan Toney,FWD,Brentford,4,15,1,2024-05-19T15:00:00Z,90,4,0,1,0,4,0,4,20.8,12.0,41.0,7.4,0.56,0.01,0.57,3.41,1,77
2023-24,38,372,118,Ryan Trevitt,MID,Brentford,4,15,1,2024-05-19T15:00:00Z,0,0,0,0,0,0,0,0,0.0,0.0,0.0,0.0,0.0,0.0,0.0,0.0,0,45
2023-24,38,372,119,Yoane Wissa,FWD,Brentford,4,15,1,2024-05-19T15:00:00Z,83,9,1,1,0,4,1,35,44.6,11.5,19.0,7.5,0.35,0.1,0.45,3.41,1,57
2023-24,38,372,120,Yegor Yarmoliuk,MID,Brentford,4,15,1,2024-05-19T15:00:00Z,6,1,0,0,0,0,0,3,4.4,0.7,17.0,2.2,0.05,0.0,0.05,0.0,0,42
2023-24,38,372,121,Mathias Jorgensen,DEF,Brentford,4,15,1,2024-05-19T15:00:00Z,90,0,0,0,0,4,0,19,18.0,22.3,0.0,4.0,0.0,0.12,0.12,3.41,1,43
2023-24,38,373,122,Simon Adingra,MID,Brighton,5,14,1,2024-05-19T15:00:00Z,80,2,0,0,0,1,0,7,7.0,16.3,8.0,3.1,0.0,0.41,0.41,1.02,1,50
2023-24,38,373,123,Steven Alzate,MID,Brighton,5,14,1,2024-05-19T15:00:00Z,0,0,0,0,0,0,0,0,0.0,0.0,0.0,0.0,0.0,0.0,0.0,0.0,0,44
2023-24,38,373,124,Yasin Ayari,MID,Brighton,5,14,1,2024-05-19T15:00:00Z,0,0,0,0,0,0,0,0,0.0,0.0,0.0,0.0,0.0,0.0,0.0,0.0,0,45
2023-24,38,373,125,Facundo Buonanotte,MID,Brighton,5,14,1,2024-05-19T15:00:00Z,0,0,0,0,0,0,0,0,0.0,0.0,0.0,0.0,0.0,0.0,0.0,0.0,0,47
2023-24,38,375,126,Moisés Caicedo Corozo,MID,Chelsea,7,3,1,2024-05-19T15:00:00Z,63,10,1,0,0,1,3,34,59.6,12.6,13.0,8.5,0.02,0.02,0.04,1.47,1,45
2023-24,38,373,127,Aaron Connolly,FWD,Brighton,5,14,1,2024-05-19T15:00:00Z,0,0,0,0,0,0,0,0,0.0,0.0,0.0,0.0,0.0,0.0,0.0,0.0,0,45
2023-24,38,373,128,Mahmoud Dahoud,MID,Brighton,5,14,1,2024-05-19T15:00:00Z,0,0,0,0,0,0,0,0,0.0,0.0,0.0,0.0,0.0,0.0,0.0,0.0,0,48
2023-24,38,373,129,Lewis Dunk,DEF,Brighton,5,14,1,2024-05-19T15:00:00Z,0,0,0,0,0,0,0,0,0.0,0.0,0.0,0.0,0.0,0.0,0.0,0.0,0,52
2023-24,38,373,130,Julio Enciso,MID,Brighton,5,14,1,2024-05-19T15:00:00Z,33,1,0,0,0,2,0,2,0.0,1.8,2.0,0.3,0.0,0.0,0.0,0.9,0,50
2023-24,38,373,131,Pervis Estupiñán,DEF,Brighton,5,14,1,2024-05-19T15:00:00Z,0,0,0,0,0,0,0,0,0.0,0.0,0.0,0.0,0.0,0.0,0.0,0.0,0,47
2023-24,38,373,132,Evan Ferguson,FWD,Brighton,5,14,1,2024-05-19T15:00:00Z,0,0,0,0,0,0,0,0,0.0,0.0,0.0,0.0,0.0,0.0,0.0,0.0,0,57
2023-24,38,373,133,Billy Gilmour,MID,Brighton,5,14,1,2024-05-19T15:00:00Z,9,0,0,0,0,1,0,-1,0.0,2.1,0.0,0.2,0.0,0.01,0.01,0.18,0,48
2023-24,38,373,134,Pascal Groß,MID,Brighton,5,14,1,2024-05-19T15:00:00Z,90,2,0,0,0,2,0,16,16.0,58.5,4.0,7.9,0.03,0.37,0.4,1.2,1,61
2023-24,38,373,135,João Pedro Junqueira de Jesus,FWD,Brighton,5,14,1,2024-05-19T15:00:00Z,90,2,0,0,0,2,0,6,11.0,26.9,33.0,7.1,0.79,0.13,0.92,1.2,1,52
2023-24,38,373,136,Michał Karbownik,DEF,Brighton,5,14,1,2024-05-19T15:00:00Z,0,0,0,0,0,0,0,0,0.0,0.0,0.0,0.0,0.0,0.0,0.0,0.0,0,40
2023-24,38,373,137,Kacper Kozłowski,MID,Brighton,5,14,1,2024-05-19T15:00:00Z,0,0,0,0,0,0,0,0,0.0,0.0,0.0,0.0,0.0,0.0,0.0,0.0,0,45
2023-24,38,373,138,Adam Lallana,MID,Brighton,5,14,1,2024-05-19T15:00:00Z,56,1,0,0,0,0,0,1,2.4,13.0,20.0,3.5,0.31,0.05,0.36,0.29,1,49
2023-24,38,373,139,Tariq Lamptey,DEF,Brighton,5,14,1,2024-05-19T15:00:00Z,9,1,0,0,0,1,0,2,0.2,1.8,0.0,0.2,0.0,0.03,0.03,0.18,0,39
2023-24,38,373,140,Solly March,MID,Brighton,5,14,1,2024-05-19T15:00:00Z,0,0,0,0,0,0,0,0,0.0,0.0,0.0,0.0,0.0,0.0,0.0,0.0,0,61
2023-24,38,373,141,Tom McGill,GK,Brighton,5,14,1,2024-05-19T15:00:00Z,0,0,0,0,0,0,0,0,0.0,0.0,0.0,0.0,0.0,0.0,0.0,0.0,0,39
2023-24,38,373,142,James Milner,MID,Brighton,5,14,1,2024-05-19T15:00:00Z,0,0,0,0,0,0,0,0,0.0,0.0,0.0,0.0,0.0,0.0,0.0,0.0,0,48
2023-24,38,373,143,Kaoru Mitoma,MID,Brighton,5,14,1,2024-05-19T15:00:00Z,0,0,0,0,0,0,0,0,0.0,0.0,0.0,0.0,0.0,0.0,0.0,0.0,0,64
2023-24,38,373,144,Jakub Moder,MID,Brighton,5,14,1,2024-05-19T15:00:00Z,90,2,0,0,0,2,0,14,15.2,12.8,20.0,4.8,0.08,0.44,0.52,1.2,1,44
2023-24,38,375,145,Robert Sánchez,GK,Chelsea,7,3,1,2024-05-19T15:00:00Z,0,0,0,0,0,0,0,0,0.0,0.0,0.0,0.0,0.0,0.0,0.0,0.0,0,45
2023-24,38,373,146,Jeremy Sarmiento Morante,MID,Brighton,5,14,1,2024-05-19T15:00:00Z,0,0,0,0,0,0,0,0,0.0,0.0,0.0,0.0,0.0,0.0,0.0,0.0,0,45
2023-24,38,373,147,Kjell Scherpen,GK,Brighton,5,14,1,2024-05-19T15:00:00Z,0,0,0,0,0,0,0,0,0.0,0.0,0.0,0.0,0.0,0.0,0.0,0.0,0,40
2023-24,38,373,148,Jason Steele,GK,Brighton,5,14,1,2024-05-19T15:00:00Z,90,1,0,0,0,2,0,12,16.0,0.0,0.0,1.6,0.0,0.0,0.0,1.2,1,40
2023-24,38,373,149,Deniz Undav,FWD,Brighton,5,14,1,2024-05-19T15:00:00Z,0,0,0,0,0,0,0,0,0.0,0.0,0.0,0.0,0.0,0.0,0.0,0.0,0,55
2023-24,38,373,150,Jan Paul van Hecke,DEF,Brighton,5,14,1,2024-05-19T15:00:00Z,0,0,0,0,0,0,0,0,0.0,0.0,0.0,0.0,0.0,0.0,0.0,0.0,0,40
2023-24,38,373,151,Joël Veltman,DEF,Brighton,5,14,1,2024-05-19T15:00:00Z,0,0,0,0,0,0,0,0,0.0,0.0,0.0,0.0,0.0,0.0,0.0,0.0,0,43
2023-24,38,373,152,Bart Verbruggen,GK,Brighton,5,14,1,2024-05-19T15:00:00Z,0,0,0,0,0,0,0,0,0.0,0.0,0.0,0.0,0.0,0.0,0.0,0.0,0,44
2023-24,38,373,153,Adam Webster,DEF,Brighton,5,14,1,2024-05-19T15:00:00Z,90,1,0,0,0,2,0,15,28.0,2.0,18.0,4.8,0.13,0.04,0.17,1.2,1,42
2023-24,38,373,154,Danny Welbeck,FWD,Brighton,5,14,1,2024-05-19T15:00:00Z,90,2,0,0,0,2,0,5,16.0,24.1,4.0,4.4,0.0,0.03,0.03,1.2,1,57
2023-24,38,373,155,Andi Zeqiri,FWD,Brighton,5,14,1,2024-05-19T15:00:00Z,0,0,0,0,0,0,0,0,0.0,0.0,0.0,0.0,0.0,0.0,0.0,0.0,0,44
2023-24,38,374,156,Enock Agyei,MID,Burnley,6,16,1,2024-05-19T15:00:00Z,0,0,0,0,0,0,0,0,0.0,0.0,0.0,0.0,0.0,0.0,0.0,0.0,0,42
2023-24,38,374,157,Ameen Al-Dakhil,DEF,Burnley,6,16,1,2024-05-19T15:00:00Z,0,0,0,0,0,0,0,0,0.0,0.0,0.0,0.0,0.0,0.0,0.0,0.0,0,38
2023-24,38,374,158,Samuel Bastien,MID,Burnley,6,16,1,2024-05-19T15:00:00Z,0,0,0,0,0,0,0,0,0.0,0.0,0.0,0.0,0.0,0.0,0.0,0.0,0,49
2023-24,38,374,159,Manuel Benson Hedilazio,MID,Burnley,6,16,1,2024-05-19T15:00:00Z,0,0,0,0,0,0,0,0,0.0,0.0,0.0,0.0,0.0,0.0,0.0,0.0,0,52
2023-24,38,374,160,Jordan Beyer,DEF,Burnley,6,16,1,2024-05-19T15:00:00Z,0,0,0,0,0,0,0,0,0.0,0.0,0.0,0.0,0.0,0.0,0.0,0.0,0,39
2023-24,38,374,161,Josh Brownhill,MID,Burnley,6,16,1,2024-05-19T15:00:00Z,15,1,0,0,0,0,0,6,7.4,32.5,6.0,4.6,0.0,0.08,0.08,0.04,0,47
2023-24,38,374,162,Darko Churlinov,MID,Burnley,6,16,1,2024-05-19T15:00:00Z,0,0,0,0,0,0,0,0,0.0,0.0,0.0,0.0,0.0,0.0,0.0,0.0,0,44
2023-24,38,374,163,Jack Cork,MID,Burnley,6,16,1,2024-05-19T15:00:00Z,7,1,0,0,0,0,0,1,0.0,3.3,0.0,0.3,0.0,0.01,0.01,0.0,0,48
2023-24,38,374,164,Dara Costelloe,MID,Burnley,6,16,1,2024-05-19T15:00:00Z,0,0,0,0,0,0,0,0,0.0,0.0,0.0,0.0,0.0,0.0,0.0,0.0,0,45
2023-24,38,374,165,Josh Cullen,MID,Burnley,6,16,1,2024-05-19T15:00:00Z,82,9,1,0,0,2,2,30,46.0,19.2,25.0,9.0,0.12,0.07,0.19,1.45,1,50
2023-24,38,374,166,CJ Egan-Riley,DEF,Burnley,6,16,1,2024-05-19T15:00:00Z,0,0,0,0,0,0,0,0,0.0,0.0,0.0,0.0,0.0,0.0,0.0,0.0,0,39
2023-24,38,374,167,Hjalmar Ekdal,DEF,Burnley,6,16,1,2024-05-19T15:00:00Z,0,0,0,0,0,0,0,0,0.0,0.0,0.0,0.0,0.0,0.0,0.0,0.0,0,39
2023-24,38,374,168,Lyle Foster,FWD,Burnley,6,16,1,2024-05-19T15:00:00Z,90,2,0,0,0,2,0,7,7.8,25.8,12.0,4.6,0.0,0.08,0.08,1.45,1,47
2023-24,38,374,169,Denis Franchi,GK,Burnley,6,16,1,2024-05-19T15:00:00Z,0,0,0,0,0,0,0,0,0.0,0.0,0.0,0.0,0.0,0.0,0.0,0.0,0,39
2023-24,38,374,170,Jóhann Berg Gudmundsson,MID,Burnley,6,16,1,2024-05-19T15:00:00Z,45,1,0,0,0,0,0,4,6.8,14.1,19.0,4.0,0.05,0.05,0.1,0.43,0,48
2023-24,38,374,171,Luke McNally,DEF,Burnley,6,16,1,2024-05-19T15:00:00Z,0,0,0,0,0,0,0,0,0.0,0.0,0.0,0.0,0.0,0.0,0.0,0.0,0,40
2023-24,38,374,172,Arijanet Muric,GK,Burnley,6,16,1,2024-05-19T15:00:00Z,90,2,0,0,0,2,0,16,29.2,0.0,0.0,2.9,0.0,0.0,0.0,1.45,1,43
2023-24,38,374,173,Dara O'Shea,DEF,Burnley,6,16,1,2024-05-19T15:00:00Z,90,1,0,0,0,2,0,15,18.0,3.3,0.0,2.1,0.0,0.02,0.02,1.45,1,44
2023-24,38,374,174,Michael Obafemi,FWD,Burnley,6,16,1,2024-05-19T15:00:00Z,0,0,0,0,0,0,0,0,0.0,0.0,0.0,0.0,0.0,0.0,0.0,0.0,0,49
2023-24,38,374,175,Bailey Peacock-Farrell,GK,Burnley,6,16,1,2024-05-19T15:00:00Z,0,0,0,0,0,0,0,0,0.0,0.0,0.0,0.0,0.0,0.0,0.0,0.0,0,40
2023-24,38,374,176,Connor Roberts,DEF,Burnley,6,16,1,2024-05-19T15:00:00Z,0,0,0,0,0,0,0,0,0.0,0.0,0.0,0.0,0.0,0.0,0.0,0.0,0,43
2023-24,38,374,177,Jay Rodriguez,FWD,Burnley,6,16,1,2024-05-19T15:00:00Z,15,1,0,0,0,0,0,3,0.4,2.0,0.0,0.2,0.0,0.01,0.01,0.04,0,53
2023-24,38,374,178,Charlie Taylor,DEF,Burnley,6,16,1,2024-05-19T15:00:00Z,74,1,0,0,0,2,0,15,3.2,14.3,0.0,1.8,0.0,0.03,0.03,1.41,1,39
2023-24,38,374,179,Bobby Thomas,DEF,Burnley,6,16,1,2024-05-19T15:00:00Z,0,0,0,0,0,0,0,0,0.0,0.0,0.0,0.0,0.0,0.0,0.0,0.0,0,40
2023-24,38,374,180,Scott Twine,MID,Burnley,6,16,1,2024-05-19T15:00:00Z,0,0,0,0,0,0,0,0,0.0,0.0,0.0,0.0,0.0,0.0,0.0,0.0,0,49
2023-24,38,374,181,Lawrence Vigouroux,GK,Burnley,6,16,1,2024-05-19T15:00:00Z,0,0,0,0,0,0,0,0,0.0,0.0,0.0,0.0,0.0,0.0,0.0,0.0,0,39
2023-24,38,374,182,Victor da Silva,DEF,Burnley,6,16,1,2024-05-19T15:00:00Z,45,4,0,1,0,0,0,12,17.0,13.9,8.0,3.9,0.18,0.02,0.2,0.43,0,44
2023-24,38,374,183,Wout Weghorst,FWD,Burnley,6,16,1,2024-05-19T15:00:00Z,0,0,0,0,0,0,0,0,0.0,0.0,0.0,0.0,0.0,0.0,0.0,0.0,0,55
2023-24,38,374,184,Anass Zaroury,MID,Burnley,6,16,1,2024-05-19T15:00:00Z,0,0,0,0,0,0,0,0,0.0,0.0,0.0,0.0,0.0,0.0,0.0,0.0,0,46
2023-24,38,375,185,Ethan Ampadu,DEF,Chelsea,7,3,1,2024-05-19T15:00:00Z,0,0,0,0,0,0,0,0,0.0,0.0,0.0,0.0,0.0,0.0,0.0,0.0,0,40
2023-24,38,375,186,Andrey Nascimento dos Santos,MID,Chelsea,7,3,1,2024-05-19T15:00:00Z,0,0,0,0,0,0,0,0,0.0,0.0,0.0,0.0,0.0,0.0,0.0,0.0,0,42
2023-24,38,375,187,Kepa Arrizabalaga,GK,Chelsea,7,3,1,2024-05-19T15:00:00Z,0,0,0,0,0,0,0,0,0.0,0.0,0.0,0.0,0.0,0.0,0.0,0.0,0,50
2023-24,38,375,188,Pierre-Emerick Aubameyang,FWD,Chelsea,7,3,1,2024-05-19T15:00:00Z,0,0,0,0,0,0,0,0,0.0,0.0,0.0,0.0,0.0,0.0,0.0,0.0,0,65
2023-24,38,375,189,César Azpilicueta,DEF,Chelsea,7,3,1,2024-05-19T15:00:00Z,0,0,0,0,0,0,0,0,0.0,0.0,0.0,0.0,0.0,0.0,0.0,0.0,0,45
2023-24,38,375,190,Abdul Rahman Baba,DEF,Chelsea,7,3,1,2024-05-19T15:00:00Z,0,0,0,0,0,0,0,0,0.0,0.0,0.0,0.0,0.0,0.0,0.0,0.0,0,40
2023-24,38,375,191,Benoît Badiashile,DEF,Chelsea,7,3,1,2024-05-19T15:00:00Z,90,0,0,0,0,1,0,8,16.0,10.8,4.0,3.1,0.0,0.01,0.01,2.15,1,44
2023-24,38,375,192,Marcus Bettinelli,GK,Chelsea,7,3,1,2024-05-19T15:00:00Z,0,0,0,0,0,0,0,0,0.0,0.0,0.0,0.0,0.0,0.0,0.0,0.0,0,40
2023-24,38,378,193,Armando Broja,FWD,Fulham,10,12,0,2024-05-19T15:00:00Z,0,0,0,0,0,0,0,0,0.0,0.0,0.0,0.0,0.0,0.0,0.0,0.0,0,49
2023-24,38,375,194,Trevoh Chalobah,DEF,Chelsea,7,3,1,2024-05-19T15:00:00Z,90,2,0,0,0,1,0,12,15.4,2.0,2.0,1.9,0.0,0.01,0.01,2.15,1,43
2023-24,38,375,195,Ben Chilwell,DEF,Chelsea,7,3,1,2024-05-19T15:00:00Z,0,0,0,0,0,0,0,0,0.0,0.0,0.0,0.0,0.0,0.0,0.0,0.0,0,54
2023-24,38,375,196,Carney Chukwuemeka,MID,Chelsea,7,3,1,2024-05-19T15:00:00Z,0,0,0,0,0,0,0,0,0.0,0.0,0.0,0.0,0.0,0.0,0.0,0.0,0,42
2023-24,38,375,197,Levi Colwill,DEF,Chelsea,7,3,1,2024-05-19T15:00:00Z,0,0,0,0,0,0,0,0,0.0,0.0,0.0,0.0,0.0,0.0,0.0,0.0,0,46
2023-24,38,375,198,Marc Cucurella Saseta,DEF,Chelsea,7,3,1,2024-05-19T15:00:00Z,90,1,0,0,0,1,0,9,24.8,12.3,0.0,3.7,0.0,0.02,0.02,2.15,1,49
2023-24,38,375,199,Enzo Fernández,MID,Chelsea,7,3,1,2024-05-19T15:00:00Z,0,0,0,0,0,0,0,0,0.0,0.0,0.0,0.0,0.0,0.0,0.0,0.0,0,48
2023-24,38,374,200,David Datro Fofana,FWD,Burnley,6,16,1,2024-05-19T15:00:00Z,0,0,0,0,0,0,0,0,0.0,0.0,0.0,0.0,0.0,0.0,0.0,0.0,0,50
2023-24,38,375,201,Wesley Fofana,DEF,Chelsea,7,3,1,2024-05-19T15:00:00Z,0,0,0,0,0,0,0,0,0.0,0.0,0.0,0.0,0.0,0.0,0.0,0.0,0,44
2023-24,38,375,202,Conor Gallagher,MID,Chelsea,7,3,1,2024-05-19T15:00:00Z,90,2,0,0,0,1,0,16,18.6,11.7,24.0,5.4,0.28,0.11,0.39,2.15,1,54
2023-24,38,375,203,Malo Gusto,DEF,Chelsea,7,3,1,2024-05-19T15:00:00Z,26,0,0,0,0,0,0,0,6.4,2.4,17.0,2.6,0.02,0.02,0.04,0.68,0,43
2023-24,38,372,204,Lewis Hall,DEF,Newcastle,15,4,0,2024-05-19T15:00:00Z,90,1,0,0,0,2,0,19,16.2,3.0,2.0,2.1,0.0,0.01,0.01,1.22,1,42
2023-24,38,374,205,Callum Hudson-Odoi,MID,Nott'm Forest,16,6,0,2024-05-19T15:00:00Z,87,2,0,0,0,1,0,13,9.8,16.8,6.0,3.3,0.0,0.3,0.3,1.13,1,47
2023-24,38,375,206,Reece James,DEF,Chelsea,7,3,1,2024-05-19T15:00:00Z,0,0,0,0,0,0,0,0,0.0,0.0,0.0,0.0,0.0,0.0,0.0,0.0,0,53
2023-24,38,375,207,Romelu Lukaku Bolingoli,FWD,Chelsea,7,3,1,2024-05-19T15:00:00Z,0,0,0,0,0,0,0,0,0.0,0.0,0.0,0.0,0.0,0.0,0.0,0.0,0,68
2023-24,38,375,208,Noni Madueke,MID,Chelsea,7,3,1,2024-05-19T15:00:00Z,63,2,0,0,0,1,0,9,6.2,2.1,11.0,1.9,0.05,0.02,0.07,1.47,1,53
2023-24,38,373,209,Mason Mount,MID,Man Utd,14,5,0,2024-05-19T15:00:00Z,0,0,0,0,0,0,0,0,0.0,0.0,0.0,0.0,0.0,0.0,0.0,0.0,0,68
2023-24,38,375,210,Mykhailo Mudryk,MID,Chelsea,7,3,1,2024-05-19T15:00:00Z,0,0,0,0,0,0,0,0,0.0,0.0,0.0,0.0,0.0,0.0,0.0,0.0,0,63
2023-24,38,375,211,Nicolas Jackson,FWD,Chelsea,7,3,1,2024-05-19T15:00:00Z,90,2,0,0,0,1,0,11,10.6,30.0,38.0,7.9,0.27,0.12,0.39,2.15,1,70
2023-24,38,375,212,Christopher Nkunku,FWD,Chelsea,7,3,1,2024-05-19T15:00:00Z,26,1,0,0,0,0,0,1,3.0,4.3,21.0,2.8,0.11,0.02,0.13,0.68,0,72
2023-24,38,375,213,Christian Pulisic,MID,Chelsea,7,3,1,2024-05-19T15:00:00Z,0,0,0,0,0,0,0,0,0.0,0.0,0.0,0.0,0.0,0.0,0.0,0.0,0,55
2023-24,38,375,214,Malang Sarr,DEF,Chelsea,7,3,1,2024-05-19T15:00:00Z,0,0,0,0,0,0,0,0,0.0,0.0,0.0,0.0,0.0,0.0,0.0,0.0,0,43
2023-24,38,375,215,Gabriel Słonina,GK,Chelsea,7,3,1,2024-05-19T15:00:00Z,0,0,0,0,0,0,0,0,0.0,0.0,0.0,0.0,0.0,0.0,0.0,0.0,0,40
2023-24,38,375,216,Raheem Sterling,MID,Chelsea,7,3,1,2024-05-19T15:00:00Z,63,9,1,0,0,1,2,28,41.6,33.4,26.0,10.1,0.1,0.03,0.13,1.47,1,68
2023-24,38,375,217,Thiago Emiliano da Silva,DEF,Chelsea,7,3,1,2024-05-19T15:00:00Z,90,2,0,0,0,1,0,16,18.6,0.4,4.0,2.3,0.0,0.0,0.0,2.15,1,50
2023-24,38,375,218,Hakim Ziyech,MID,Chelsea,7,3,1,2024-05-19T15:00:00Z,0,0,0,0,0,0,0,0,0.0,0.0,0.0,0.0,0.0,0.0,0.0,0.0,0,54
2023-24,38,376,219,Naouirou Ahamada,MID,Crystal Palace,8,2,1,2024-05-19T15:00:00Z,0,0,0,0,0,0,0,0,0.0,0.0,0.0,0.0,0.0,0.0,0.0,0.0,0,43
2023-24,38,376,220,Joachim Andersen,DEF,Crystal Palace,8,2,1,2024-05-19T15:00:00Z,86,5,0,0,1,0,0,23,13.4,1.3,0.0,1.5,0.0,0.01,0.01,1.08,1,47
2023-24,38,376,221,Jordan Ayew,MID,Crystal Palace,8,2,1,2024-05-19T15:00:00Z,2,1,0,0,0,0,0,2,0.0,0.3,0.0,0.0,0.0,0.0,0.0,0.0,0,53
2023-24,38,376,222,Nathaniel Clyne,DEF,Crystal Palace,8,2,1,2024-05-19T15:00:00Z,90,6,0,0,1,0,0,26,9.6,2.3,0.0,1.2,0.0,0.01,0.01,1.08,1,43
2023-24,38,376,223,Cheick Doucouré,MID,Crystal Palace,8,2,1,2024-05-19T15:00:00Z,0,0,0,0,0,0,0,0,0.0,0.0,0.0,0.0,0.0,0.0,0.0,0.0,0,48
2023-24,38,376,224,Malcolm Ebiowei,MID,Crystal Palace,8,2,1,2024-05-19T15:00:00Z,0,0,0,0,0,0,0,0,0.0,0.0,0.0,0.0,0.0,0.0,0.0,0.0,0,44
2023-24,38,376,225,Odsonne Edouard,FWD,Crystal Palace,8,2,1,2024-05-19T15:00:00Z,14,1,0,0,0,0,0,3,0.0,1.8,0.0,0.2,0.0,0.0,0.0,0.0,0,53
2023-24,38,376,226,Eberechi Eze,MID,Crystal Palace,8,2,1,2024-05-19T15:00:00Z,87,18,2,1,1,0,2,61,98.0,18.4,49.0,16.5,0.27,0.14,0.41,1.08,1,60
2023-24,38,376,227,Vicente Guaita,GK,Crystal Palace,8,2,1,2024-05-19T15:00:00Z,0,0,0,0,0,0,0,0,0.0,0.0,0.0,0.0,0.0,0.0,0.0,0.0,0,44
2023-24,38,376,228,Marc Guéhi,DEF,Crystal Palace,8,2,1,2024-05-19T15:00:00Z,75,6,0,0,1,0,0,28,8.0,15.2,0.0,2.3,0.0,0.04,0.04,1.08,1,42
2023-24,38,376,229,Will Hughes,MID,Crystal Palace,8,2,1,2024-05-19T15:00:00Z,0,0,0,0,0,0,0,0,0.0,0.0,0.0,0.0,0.0,0.0,0.0,0.0,0,49
2023-24,38,376,230,Sam Johnstone,GK,Crystal Palace,8,2,1,2024-05-19T15:00:00Z,0,0,0,0,0,0,0,0,0.0,0.0,0.0,0.0,0.0,0.0,0.0,0.0,0,43
2023-24,38,376,231,Jefferson Lerma Solís,MID,Crystal Palace,8,2,1,2024-05-19T15:00:00Z,14,1,0,0,0,0,0,5,3.6,1.2,0.0,0.5,0.0,0.0,0.0,0.0,0,47
2023-24,38,376,232,Jean-Philippe Mateta,FWD,Crystal Palace,8,2,1,2024-05-19T15:00:00Z,75,20,3,1,1,0,3,91,120.2,21.7,53.0,19.5,1.55,0.06,1.61,1.08,1,51
2023-24,38,376,233,Remi Matthews,GK,Crystal Palace,8,2,1,2024-05-19T15:00:00Z,0,0,0,0,0,0,0,0,0.0,0.0,0.0,0.0,0.0,0.0,0.0,0.0,0,39
2023-24,38,376,234,Tyrick Mitchell,DEF,Crystal Palace,8,2,1,2024-05-19T15:00:00Z,90,6,0,0,1,0,0,28,17.6,22.3,17.0,5.7,0.05,0.08,0.13,1.08,1,45
2023-24,38,376,235,Jake O'Brien,DEF,Crystal Palace,8,2,1,2024-05-19T15:00:00Z,0,0,0,0,0,0,0,0,0.0,0.0,0.0,0.0,0.0,0.0,0.0,0.0,0,40
2023-24,38,376,236,Michael Olise,MID,Crystal Palace,8,2,1,2024-05-19T15:00:00Z,90,6,0,1,1,0,0,14,18.2,26.8,77.0,12.2,0.61,0.39,1.0,1.08,1,57
2023-24,38,376,237,Luke Plange,FWD,Crystal Palace,8,2,1,2024-05-19T15:00:00Z,0,0,0,0,0,0,0,0,0.0,0.0,0.0,0.0,0.0,0.0,0.0,0.0,0,45
2023-24,38,376,238,Chris Richards,DEF,Crystal Palace,8,2,1,2024-05-19T15:00:00Z,90,6,0,0,1,0,0,29,12.0,11.4,0.0,2.3,0.0,0.01,0.01,1.08,1,39
2023-24,38,376,239,Jairo Riedewald,MID,Crystal Palace,8,2,1,2024-05-19T15:00:00Z,3,1,0,0,0,0,0,3,0.8,0.8,2.0,0.4,0.0,0.0,0.0,0.0,0,43
2023-24,38,376,240,Jeffrey Schlupp,MID,Crystal Palace,8,2,1,2024-05-19T15:00:00Z,0,0,0,0,0,0,0,0,0.0,0.0,0.0,0.0,0.0,0.0,0.0,0.0,0,48
2023-24,38,376,241,James Tomkins,DEF,Crystal Palace,8,2,1,2024-05-19T15:00:00Z,3,1,0,0,0,0,0,3,1.2,0.2,0.0,0.1,0.0,0.0,0.0,0.0,0,39
2023-24,38,376,242,Joel Ward,DEF,Crystal Palace,8,2,1,2024-05-19T15:00:00Z,0,0,0,0,0,0,0,0,0.0,0.0,0.0,0.0,0.0,0.0,0.0,0.0,0,45
2023-24,38,376,243,Joe Whitworth,GK,Crystal Palace,8,2,1,2024-05-19T15:00:00Z,0,0,0,0,0,0,0,0,0.0,0.0,0.0,0.0,0.0,0.0,0.0,0.0,0,39
2023-24,38,371,244,André Tavares Gomes,MID,Everton,9,1,0,2024-05-19T15:00:00Z,0,0,0,0,0,0,0,0,0.0,0.0,0.0,0.0,0.0,0.0,0.0,0.0,0,44
2023-24,38,371,245,Jarrad Branthwaite,DEF,Everton,9,1,0,2024-05-19T15:00:00Z,90,1,0,0,0,2,0,9,31.8,0.4,0.0,3.2,0.0,0.0,0.0,2.89,1,45
2023-24,38,371,246,Dominic Calvert-Lewin,FWD,Everton,9,1,0,2024-05-19T15:00:00Z,74,2,0,0,0,1,0,0,0.0,0.7,29.0,2.9,0.44,0.0,0.44,1.72,1,58
2023-24,38,371,247,Seamus Coleman,DEF,Everton,9,1,0,2024-05-19T15:00:00Z,90,1,0,0,0,2,0,7,6.2,0.8,0.0,0.7,0.0,0.0,0.0,2.89,1,44
2023-24,38,371,248,Dele Alli,MID,Everton,9,1,0,2024-05-19T15:00:00Z,0,0,0,0,0,0,0,0,0.0,0.0,0.0,0.0,0.0,0.0,0.0,0.0,0,48
2023-24,38,371,249,Abdoulaye Doucouré,MID,Everton,9,1,0,2024-05-19T15:00:00Z,90,1,0,0,0,2,0,4,3.2,3.8,0.0,0.7,0.0,0.02,0.02,2.76,1,55
2023-24,38,371,250,James Garner,MID,Everton,9,1,0,2024-05-19T15:00:00Z,90,2,0,0,0,2,0,9,12.6,1.7,2.0,1.6,0.0,0.04,0.04,2.89,1,49
2023-24,38,371,251,Jean-Philippe Gbamin,MID,Everton,9,1,0,2024-05-19T15:00:00Z,0,0,0,0,0,0,0,0,0.0,0.0,0.0,0.0,0.0,0.0,0.0,0.0,0,44
2023-24,38,371,252,Ben Godfrey,DEF,Everton,9,1,0,2024-05-19T15:00:00Z,0,0,0,0,0,0,0,0,0.0,0.0,0.0,0.0,0.0,0.0,0.0,0.0,0,43
2023-24,38,371,253,Demarai Gray,MID,Everton,9,1,0,2024-05-19T15:00:00Z,0,0,0,0,0,0,0,0,0.0,0.0,0.0,0.0,0.0,0.0,0.0,0.0,0,53
2023-24,38,371,254,Idrissa Gueye,MID,Everton,9,1,0,2024-05-19T15:00:00Z,90,10,1,0,0,2,3,35,52.4,22.8,7.0,8.2,0.06,0.02,0.08,2.89,1,48
2023-24,38,380,255,Mason Holgate,DEF,Sheffield Utd,17,18,1,2024-05-19T15:00:00Z,21,1,0,0,0,0,0,3,9.0,0.0,0.0,0.9,0.0,0.0,0.0,0.94,0,40
2023-24,38,378,256,Alex Iwobi,MID,Fulham,10,12,0,2024-05-19T15:00:00Z,90,2,0,0,0,2,0,15,15.2,34.3,9.0,5.9,0.05,0.06,0.11,2.11,1,53
2023-24,38,371,257,Michael Keane,DEF,Everton,9,1,0,2024-05-19T15:00:00Z,0,0,0,0,0,0,0,0,0.0,0.0,0.0,0.0,0.0,0.0,0.0,0.0,0,42
2023-24,38,372,258,Neal Maupay,FWD,Brentford,4,15,1,2024-05-19T15:00:00Z,16,0,0,0,0,1,0,-2,0.0,0.6,0.0,0.0,0.0,0.01,0.01,0.71,0,49
2023-24,38,371,259,Dwight McNeil,MID,Everton,9,1,0,2024-05-19T15:00:00Z,90,5,0,1,0,2,0,23,7.2,6.3,0.0,1.4,0.0,0.08,0.08,2.89,1,54
2023-24,38,371,260,Vitalii Mykolenko,DEF,Everton,9,1,0,2024-05-19T15:00:00Z,0,0,0,0,0,0,0,0,0.0,0.0,0.0,0.0,0.0,0.0,0.0,0.0,0,45
2023-24,38,371,261,Amadou Onana,MID,Everton,9,1,0,2024-05-19T15:00:00Z,90,2,0,0,0,2,0,11,17.6,5.1,0.0,2.3,0.0,0.01,0.01,2.89,1,47
2023-24,38,371,262,Nathan Patterson,DEF,Everton,9,1,0,2024-05-19T15:00:00Z,0,0,0,0,0,0,0,0,0.0,0.0,0.0,0.0,0.0,0.0,0.0,0.0,0,43
2023-24,38,371,263,Jordan Pickford,GK,Everton,9,1,0,2024-05-19T15:00:00Z,90,1,0,0,0,2,0,14,31.0,0.0,0.0,3.1,0.0,0.01,0.01,2.89,1,48
2023-24,38,371,264,Ellis Simms,FWD,Everton,9,1,0,2024-05-19T15:00:00Z,0,0,0,0,0,0,0,0,0.0,0.0,0.0,0.0,0.0,0.0,0.0,0.0,0,45
2023-24,38,371,265,James Tarkowski,DEF,Everton,9,1,0,2024-05-19T15:00:00Z,90,0,0,0,0,2,0,9,23.6,1.0,2.0,2.7,0.0,0.01,0.01,2.89,1,46
2023-24,38,371,266,João Neves Virgínia,GK,Everton,9,1,0,2024-05-19T15:00:00Z,0,0,0,0,0,0,0,0,0.0,0.0,0.0,0.0,0.0,0.0,0.0,0.0,0,39
2023-24,38,378,267,Andreas Hoelgebaum Pereira,MID,Fulham,10,12,0,2024-05-19T15:00:00Z,0,0,0,0,0,0,0,0,0.0,0.0,0.0,0.0,0.0,0.0,0.0,0.0,0,53
2023-24,38,378,268,Tom Cairney,MID,Fulham,10,12,0,2024-05-19T15:00:00Z,15,0,0,0,0,0,0,2,6.0,11.2,7.0,2.4,0.03,0.01,0.04,0.38,0,49
2023-24,38,378,269,Ivan Neves Abreu Cavaleiro,MID,Fulham,10,12,0,2024-05-19T15:00:00Z,0,0,0,0,0,0,0,0,0.0,0.0,0.0,0.0,0.0,0.0,0.0,0.0,0,50
2023-24,38,378,270,Bobby De Cordova-Reid,MID,Fulham,10,12,0,2024-05-19T15:00:00Z,11,1,0,0,0,0,0,1,0.0,10.8,15.0,2.4,0.35,0.02,0.37,0.38,0,52
2023-24,38,378,271,Issa Diop,DEF,Fulham,10,12,0,2024-05-19T15:00:00Z,0,0,0,0,0,0,0,0,0.0,0.0,0.0,0.0,0.0,0.0,0.0,0.0,0,44
2023-24,38,378,272,Tyrese Francois,MID,Fulham,10,12,0,2024-05-19T15:00:00Z,0,0,0,0,0,0,0,0,0.0,0.0,0.0,0.0,0.0,0.0,0.0,0.0,0,44
2023-24,38,378,273,Anthony Knockaert,MID,Fulham,10,12,0,2024-05-19T15:00:00Z,0,0,0,0,0,0,0,0,0.0,0.0,0.0,0.0,0.0,0.0,0.0,0.0,0,44
2023-24,38,378,274,Terence Kongolo,DEF,Fulham,10,12,0,2024-05-19T15:00:00Z,0,0,0,0,0,0,0,0,0.0,0.0,0.0,0.0,0.0,0.0,0.0,0.0,0,40
2023-24,38,378,275,Bernd Leno,GK,Fulham,10,12,0,2024-05-19T15:00:00Z,90,2,0,0,0,2,0,19,34.0,0.0,0.0,3.4,0.0,0.0,0.0,2.11,1,48
2023-24,38,378,276,Saša Lukić,MID,Fulham,10,12,0,2024-05-19T15:00:00Z,0,0,0,0,0,0,0,0,0.0,0.0,0.0,0.0,0.0,0.0,0.0,0.0,0,43
2023-24,38,378,277,Kevin Mbabu,DEF,Fulham,10,12,0,2024-05-19T15:00:00Z,0,0,0,0,0,0,0,0,0.0,0.0,0.0,0.0,0.0,0.0,0.0,0.0,0,40
2023-24,38,378,278,Aleksandar Mitrović,FWD,Fulham,10,12,0,2024-05-19T15:00:00Z,0,0,0,0,0,0,0,0,0.0,0.0,0.0,0.0,0.0,0.0,0.0,0.0,0,74
2023-24,38,378,279,Rodrigo Muniz Carvalho,FWD,Fulham,10,12,0,2024-05-19T15:00:00Z,1,1,0,0,0,0,0,3,0.0,0.0,0.0,0.0,0.0,0.0,0.0,0.0,0,43
2023-24,38,378,280,João Palhinha Gonçalves,MID,Fulham,10,12,0,2024-05-19T15:00:00Z,90,2,0,0,0,2,0,14,21.2,14.2,15.0,5.0,0.02,0.01,0.03,2.11,1,50
2023-24,38,378,281,Tim Ream,DEF,Fulham,10,12,0,2024-05-19T15:00:00Z,90,1,0,0,0,2,0,15,19.2,0.3,0.0,2.0,0.0,0.0,0.0,2.11,1,44
2023-24,38,378,282,Harrison Reed,MID,Fulham,10,12,0,2024-05-19T15:00:00Z,74,4,0,1,0,2,0,17,21.2,26.3,9.0,5.7,0.04,0.11,0.15,1.73,1,43
2023-24,38,378,283,Antonee Robinson,DEF,Fulham,10,12,0,2024-05-19T15:00:00Z,78,0,0,0,0,2,0,1,20.0,2.6,0.0,2.3,0.0,0.01,0.01,1.73,1,45
2023-24,38,378,284,Marek Rodák,GK,Fulham,10,12,0,2024-05-19T15:00:00Z,0,0,0,0,0,0,0,0,0.0,0.0,0.0,0.0,0.0,0.0,0.0,0.0,0,39
2023-24,38,378,285,Kenny Tete,DEF,Fulham,10,12,0,2024-05-19T15:00:00Z,90,1,0,0,0,2,0,9,17.4,6.6,4.0,2.8,0.0,0.05,0.05,2.11,1,44
2023-24,38,378,286,Tosin Adarabioyo,DEF,Fulham,10,12,0,2024-05-19T15:00:00Z,0,0,0,0,0,0,0,0,0.0,0.0,0.0,0.0,0.0,0.0,0.0,0.0,0,43
2023-24,38,378,287,Carlos Vinícius Alves Morais,FWD,Fulham,10,12,0,2024-05-19T15:00:00Z,0,0,0,0,0,0,0,0,0.0,0.0,0.0,0.0,0.0,0.0,0.0,0.0,0,45
2023-24,38,378,288,Harry Wilson,MID,Fulham,10,12,0,2024-05-19T15:00:00Z,90,15,1,2,0,2,2,48,70.2,38.3,20.0,12.9,0.15,0.14,0.29,2.11,1,53
2023-24,38,377,289,Adrián San Miguel del Castillo,GK,Liverpool,11,20,1,2024-05-19T15:00:00Z,0,0,0,0,0,0,0,0,0.0,0.0,0.0,0.0,0.0,0.0,0.0,0.0,0,38
2023-24,38,377,290,Trent Alexander-Arnold,DEF,Liverpool,11,20,1,2024-05-19T15:00:00Z,70,6,0,0,1,0,0,31,9.6,43.4,18.0,7.1,0.3,0.14,0.44,0.51,1,84
2023-24,38,377,291,Alisson Ramses Becker,GK,Liverpool,11,20,1,2024-05-19T15:00:00Z,90,6,0,0,1,0,0,22,14.8,0.0,0.0,1.5,0.0,0.0,0.0,0.56,1,57
2023-24,38,377,292,Stefan Bajcetic,MID,Liverpool,11,20,1,2024-05-19T15:00:00Z,0,0,0,0,0,0,0,0,0.0,0.0,0.0,0.0,0.0,0.0,0.0,0.0,0,47
2023-24,38,377,293,Darwin Núñez Ribeiro,FWD,Liverpool,11,20,1,2024-05-19T15:00:00Z,19,1,0,0,0,0,0,1,1.4,0.6,5.0,0.7,0.09,0.01,0.1,0.05,0,75
2023-24,38,377,294,Diogo Teixeira da Silva,MID,Liverpool,11,20,1,2024-05-19T15:00:00Z,0,0,0,0,0,0,0,0,0.0,0.0,0.0,0.0,0.0,0.0,0.0,0.0,0,79
2023-24,38,377,295,Harvey Elliott,MID,Liverpool,11,20,1,2024-05-19T15:00:00Z,80,6,0,1,1,0,0,29,32.6,83.6,13.0,12.9,0.27,0.43,0.7,0.51,1,48
2023-24,38,377,296,Fabio Henrique Tavares,MID,Liverpool,11,20,1,2024-05-19T15:00:00Z,0,0,0,0,0,0,0,0,0.0,0.0,0.0,0.0,0.0,0.0,0.0,0.0,0,50
2023-24,38,377,297,Cody Gakpo,FWD,Liverpool,11,20,1,2024-05-19T15:00:00Z,80,2,0,0,1,0,0,7,1.8,16.9,52.0,7.1,0.98,0.37,1.35,0.51,1,71
2023-24,38,377,298,Joe Gomez,DEF,Liverpool,11,20,1,2024-05-19T15:00:00Z,0,0,0,0,0,0,0,0,0.0,0.0,0.0,0.0,0.0,0.0,0.0,0.0,0,45
2023-24,38,377,299,Jordan Henderson,MID,Liverpool,11,20,1,2024-05-19T15:00:00Z,0,0,0,0,0,0,0,0,0.0,0.0,0.0,0.0,0.0,0.0,0.0,0.0,0,50
2023-24,38,377,300,Curtis Jones,MID,Liverpool,11,20,1,2024-05-19T15:00:00Z,9,1,0,0,0,0,0,2,2.8,11.9,2.0,1.7,0.0,0.03,0.03,0.05,0,49
2023-24,38,377,301,Caoimhin Kelleher,GK,Liverpool,11,20,1,2024-05-19T15:00:00Z,0,0,0,0,0,0,0,0,0.0,0.0,0.0,0.0,0.0,0.0,0.0,0.0,0,36
2023-24,38,377,302,Ibrahima Konaté,DEF,Liverpool,11,20,1,2024-05-19T15:00:00Z,0,0,0,0,0,0,0,0,0.0,0.0,0.0,0.0,0.0,0.0,0.0,0.0,0,49
2023-24,38,377,303,Luis Díaz,MID,Liverpool,11,20,1,2024-05-19T15:00:00Z,70,3,0,0,1,0,0,5,7.0,37.7,53.0,9.8,0.6,0.2,0.8,0.51,1,76
2023-24,38,377,304,Alexis Mac Allister,MID,Liverpool,11,20,1,2024-05-19T15:00:00Z,69,9,1,0,1,0,1,34,50.4,36.6,23.0,11.0,0.63,0.1,0.73,0.51,1,59
2023-24,38,377,305,Joel Matip,DEF,Liverpool,11,20,1,2024-05-19T15:00:00Z,0,0,0,0,0,0,0,0,0.0,0.0,0.0,0.0,0.0,0.0,0.0,0.0,0,48
2023-24,38,377,306,Nathaniel Phillips,DEF,Liverpool,11,20,1,2024-05-19T15:00:00Z,0,0,0,0,0,0,0,0,0.0,0.0,0.0,0.0,0.0,0.0,0.0,0.0,0,40
2023-24,38,377,307,Andrew Robertson,DEF,Liverpool,11,20,1,2024-05-19T15:00:00Z,90,8,0,0,1,0,2,38,29.2,93.9,12.0,13.5,0.0,0.78,0.78,0.56,1,65
2023-24,38,377,308,Mohamed Salah,MID,Liverpool,11,20,1,2024-05-19T15:00:00Z,90,6,0,1,1,0,0,6,16.6,4.5,111.0,13.2,1.3,0.13,1.43,0.56,1,134
2023-24,38,377,309,Dominik Szoboszlai,MID,Liverpool,11,20,1,2024-05-19T15:00:00Z,9,1,0,0,0,0,0,8,7.4,21.8,9.0,3.8,0.04,0.08,0.12,0.05,0,71
2023-24,38,377,310,Thiago Alcántara do Nascimento,MID,Liverpool,11,20,1,2024-05-19T15:00:00Z,0,0,0,0,0,0,0,0,0.0,0.0,0.0,0.0,0.0,0.0,0.0,0.0,0,47
2023-24,38,377,311,Konstantinos Tsimikas,DEF,Liverpool,11,20,1,2024-05-19T15:00:00Z,0,0,0,0,0,0,0,0,0.0,0.0,0.0,0.0,0.0,0.0,0.0,0.0,0,43
2023-24,38,377,312,Sepp van den Berg,DEF,Liverpool,11,20,1,2024-05-19T15:00:00Z,0,0,0,0,0,0,0,0,0.0,0.0,0.0,0.0,0.0,0.0,0.0,0.0,0,40
2023-24,38,377,313,Virgil van Dijk,DEF,Liverpool,11,20,1,2024-05-19T15:00:00Z,90,6,0,0,1,0,0,22,20.2,2.8,50.0,7.3,0.25,0.02,0.27,0.56,1,66
2023-24,38,378,314,Elijah Adebayo,FWD,Luton,12,10,1,2024-05-19T15:00:00Z,75,2,0,0,0,4,0,-8,1.2,0.2,21.0,2.2,0.13,0.0,0.13,0.63,1,48
2023-24,38,378,315,Mads Juel Andersen,DEF,Luton,12,10,1,2024-05-19T15:00:00Z,0,0,0,0,0,0,0,0,0.0,0.0,0.0,0.0,0.0,0.0,0.0,0.0,0,38
2023-24,38,378,316,Amari'i Bell,DEF,Luton,12,10,1,2024-05-19T15:00:00Z,0,0,0,0,0,0,0,0,0.0,0.0,0.0,0.0,0.0,0.0,0.0,0.0,0,38
2023-24,38,378,317,Luke Berry,MID,Luton,12,10,1,2024-05-19T15:00:00Z,0,0,0,0,0,0,0,0,0.0,0.0,0.0,0.0,0.0,0.0,0.0,0.0,0,46
2023-24,38,378,318,Reece Burke,DEF,Luton,12,10,1,2024-05-19T15:00:00Z,0,0,0,0,0,0,0,0,0.0,0.0,0.0,0.0,0.0,0.0,0.0,0.0,0,40
2023-24,38,378,319,Allan Campbell,MID,Luton,12,10,1,2024-05-19T15:00:00Z,0,0,0,0,0,0,0,0,0.0,0.0,0.0,0.0,0.0,0.0,0.0,0.0,0,49
2023-24,38,378,320,Jordan Clark,MID,Luton,12,10,1,2024-05-19T15:00:00Z,69,1,0,0,0,4,0,6,4.2,21.6,21.0,4.7,0.11,0.05,0.16,0.63,1,48
2023-24,38,378,321,Alfie Doughty,DEF,Luton,12,10,1,2024-05-19T15:00:00Z,90,5,1,0,0,4,0,14,43.8,37.7,7.0,8.9,0.04,0.17,0.21,1.06,1,43
2023-24,38,378,322,Luke Freeman,MID,Luton,12,10,1,2024-05-19T15:00:00Z,0,0,0,0,0,0,0,0,0.0,0.0,0.0,0.0,0.0,0.0,0.0,0.0,0,49
2023-24,38,378,323,Matt Macey,GK,Luton,12,10,1,2024-05-19T15:00:00Z,0,0,0,0,0,0,0,0,0.0,0.0,0.0,0.0,0.0,0.0,0.0,0.0,0,40
2023-24,38,378,324,John McAtee,FWD,Luton,12,10,1,2024-05-19T15:00:00Z,0,0,0,0,0,0,0,0,0.0,0.0,0.0,0.0,0.0,0.0,0.0,0.0,0,45
2023-24,38,378,325,Carlos Mendes Gomes,MID,Luton,12,10,1,2024-05-19T15:00:00Z,0,0,0,0,0,0,0,0,0.0,0.0,0.0,0.0,0.0,0.0,0.0,0.0,0,45
2023-24,38,378,326,Carlton Morris,FWD,Luton,12,10,1,2024-05-19T15:00:00Z,90,5,1,0,0,4,0,22,43.0,11.4,43.0,9.7,1.48,0.01,1.49,1.06,1,47
2023-24,38,378,327,Admiral Muskwe,FWD,Luton,12,10,1,2024-05-19T15:00:00Z,0,0,0,0,0,0,0,0,0.0,0.0,0.0,0.0,0.0,0.0,0.0,0.0,0,45
2023-24,38,378,328,Chiedozie Ogbene,FWD,Luton,12,10,1,2024-05-19T15:00:00Z,75,8,0,2,0,4,0,24,7.6,13.2,31.0,5.2,0.12,0.01,0.13,0.63,1,48
2023-24,38,378,329,Fred Onyedinma,MID,Luton,12,10,1,2024-05-19T15:00:00Z,0,0,0,0,0,0,0,0,0.0,0.0,0.0,0.0,0.0,0.0,0.0,0.0,0,50
2023-24,38,378,330,Gabriel Osho,DEF,Luton,12,10,1,2024-05-19T15:00:00Z,90,0,0,0,0,4,0,4,4.2,0.1,3.0,0.7,0.02,0.0,0.02,1.06,1,44
2023-24,38,378,331,Aribim Pepple,FWD,Luton,12,10,1,2024-05-19T15:00:00Z,0,0,0,0,0,0,0,0,0.0,0.0,0.0,0.0,0.0,0.0,0.0,0.0,0,45
2023-24,38,378,332,Dion Pereira,MID,Luton,12,10,1,2024-05-19T15:00:00Z,0,0,0,0,0,0,0,0,0.0,0.0,0.0,0.0,0.0,0.0,0.0,0.0,0,44
2023-24,38,378,333,Dan Potts,DEF,Luton,12,10,1,2024-05-19T15:00:00Z,0,0,0,0,0,0,0,0,0.0,0.0,0.0,0.0,0.0,0.0,0.0,0.0,0,39
2023-24,38,378,334,Glen Rea,MID,Luton,12,10,1,2024-05-19T15:00:00Z,0,0,0,0,0,0,0,0,0.0,0.0,0.0,0.0,0.0,0.0,0.0,0.0,0,44
2023-24,38,378,335,James Shea,GK,Luton,12,10,1,2024-05-19T15:00:00Z,14,1,0,0,0,0,0,8,11.0,0.0,0.0,1.1,0.0,0.0,0.0,0.43,0,42
2023-24,38,378,336,Joe Taylor,FWD,Luton,12,10,1,2024-05-19T15:00:00Z,0,0,0,0,0,0,0,0,0.0,0.0,0.0,0.0,0.0,0.0,0.0,0.0,0,45
2023-24,38,378,337,Elliot Thorpe,MID,Luton,12,10,1,2024-05-19T15:00:00Z,0,0,0,0,0,0,0,0,0.0,0.0,0.0,0.0,0.0,0.0,0.0,0.0,0,45
2023-24,38,378,338,Jack Walton,GK,Luton,12,10,1,2024-05-19T15:00:00Z,0,0,0,0,0,0,0,0,0.0,0.0,0.0,0.0,0.0,0.0,0.0,0.0,0,40
2023-24,38,378,339,Louie Watson,MID,Luton,12,10,1,2024-05-19T15:00:00Z,0,0,0,0,0,0,0,0,0.0,0.0,0.0,0.0,0.0,0.0,0.0,0.0,0,44
2023-24,38,378,340,Cauley Woodrow,FWD,Luton,12,10,1,2024-05-19T15:00:00Z,14,1,0,0,0,0,0,2,3.0,0.5,9.0,1.3,0.13,0.0,0.13,0.43,0,43
2023-24,38,379,341,Manuel Akanji,DEF,Man City,13,19,1,2024-05-19T15:00:00Z,70,2,0,0,0,1,0,14,13.8,16.5,14.0,4.4,0.11,0.26,0.37,0.31,1,50
2023-24,38,379,342,Nathan Aké,DEF,Man City,13,19,1,2024-05-19T15:00:00Z,19,1,0,0,0,0,0,3,1.8,0.4,0.0,0.2,0.0,0.0,0.0,0.05,0,50
2023-24,38,379,343,Julián Álvarez,FWD,Man City,13,19,1,2024-05-19T15:00:00Z,0,0,0,0,0,0,0,0,0.0,0.0,0.0,0.0,0.0,0.0,0.0,0.0,0,64
2023-24,38,379,344,Bernardo Veiga de Carvalho e Silva,MID,Man City,13,19,1,2024-05-19T15:00:00Z,90,10,0,2,0,1,2,34,41.6,44.0,12.0,9.8,0.02,0.17,0.19,0.36,1,62
2023-24,38,379,345,Oscar Bobb,MID,Man City,13,19,1,2024-05-19T15:00:00Z,0,0,0,0,0,0,0,0,0.0,0.0,0.0,0.0,0.0,0.0,0.0,0.0,0,44
2023-24,38,379,346,João Cancelo,DEF,Man City,13,19,1,2024-05-19T15:00:00Z,0,0,0,0,0,0,0,0,0.0,0.0,0.0,0.0,0.0,0.0,0.0,0.0,0,58
2023-24,38,379,347,Scott Carson,GK,Man City,13,19,1,2024-05-19T15:00:00Z,0,0,0,0,0,0,0,0,0.0,0.0,0.0,0.0,0.0,0.0,0.0,0.0,0,38
2023-24,38,379,348,Shea Charles,MID,Man City,13,19,1,2024-05-19T15:00:00Z,0,0,0,0,0,0,0,0,0.0,0.0,0.0,0.0,0.0,0.0,0.0,0.0,0,45
2023-24,38,379,349,Kevin De Bruyne,MID,Man City,13,19,1,2024-05-19T15:00:00Z,90,2,0,0,0,1,0,19,28.6,79.6,51.0,15.9,0.28,0.67,0.95,0.36,1,106
2023-24,38,379,350,Rúben Gato Alves Dias,DEF,Man City,13,19,1,2024-05-19T15:00:00Z,90,2,0,0,0,1,0,13,6.6,2.3,9.0,1.8,0.22,0.55,0.77,0.36,1,55
2023-24,38,377,351,Tommy Doyle,MID,Wolves,20,11,0,2024-05-19T15:00:00Z,6,1,0,0,0,0,0,6,4.0,10.5,0.0,1.5,0.0,0.0,0.0,0.46,0,44
2023-24,38,379,352,Ederson Santana de Moraes,GK,Man City,13,19,1,2024-05-19T15:00:00Z,0,0,0,0,0,0,0,0,0.0,0.0,0.0,0.0,0.0,0.0,0.0,0.0,0,55
2023-24,38,379,353,Phil Foden,MID,Man City,13,19,1,2024-05-19T15:00:00Z,90,15,2,0,0,1,3,55,82.2,67.2,56.0,20.5,0.29,0.31,0.6,0.36,1,85
2023-24,38,379,354,Jack Grealish,MID,Man City,13,19,1,2024-05-19T15:00:00Z,0,0,0,0,0,0,0,0,0.0,0.0,0.0,0.0,0.0,0.0,0.0,0.0,0,72
2023-24,38,379,355,Erling Haaland,FWD,Man City,13,19,1,2024-05-19T15:00:00Z,90,2,0,0,0,1,0,-4,0.0,3.0,33.0,3.1,0.76,0.01,0.77,0.36,1,143
2023-24,38,379,356,Mateo Kovačić,MID,Man City,13,19,1,2024-05-19T15:00:00Z,1,1,0,0,0,0,0,2,0.0,0.1,0.0,0.0,0.0,0.0,0.0,0.0,0,46
2023-24,38,379,357,Aymeric Laporte,DEF,Man City,13,19,1,2024-05-19T15:00:00Z,0,0,0,0,0,0,0,0,0.0,0.0,0.0,0.0,0.0,0.0,0.0,0.0,0,49
2023-24,38,379,358,Rico Lewis,DEF,Man City,13,19,1,2024-05-19T15:00:00Z,0,0,0,0,0,0,0,0,0.0,0.0,0.0,0.0,0.0,0.0,0.0,0.0,0,42
2023-24,38,379,359,Riyad Mahrez,MID,Man City,13,19,1,2024-05-19T15:00:00Z,0,0,0,0,0,0,0,0,0.0,0.0,0.0,0.0,0.0,0.0,0.0,0.0,0,75
2023-24,38,380,360,James McAtee,MID,Sheffield Utd,17,18,1,2024-05-19T15:00:00Z,0,0,0,0,0,0,0,0,0.0,0.0,0.0,0.0,0.0,0.0,0.0,0.0,0,44
2023-24,38,379,361,Stefan Ortega Moreno,GK,Man City,13,19,1,2024-05-19T15:00:00Z,90,2,0,0,0,1,0,9,11.8,0.0,0.0,1.2,0.0,0.0,0.0,0.36,1,36
2023-24,38,375,362,Cole Palmer,MID,Chelsea,7,3,1,2024-05-19T15:00:00Z,88,6,0,1,0,1,1,23,29.2,50.8,23.0,10.3,0.15,0.19,0.34,1.58,1,63
2023-24,38,379,363,Máximo Perrone,MID,Man City,13,19,1,2024-05-19T15:00:00Z,0,0,0,0,0,0,0,0,0.0,0.0,0.0,0.0,0.0,0.0,0.0,0.0,0,44
2023-24,38,379,364,Kalvin Phillips,MID,West Ham,19,13,0,2024-05-19T15:00:00Z,0,0,0,0,0,0,0,0,0.0,0.0,0.0,0.0,0.0,0.0,0.0,0.0,0,47
2023-24,38,379,365,Rodrigo Hernandez,MID,Man City,13,19,1,2024-05-19T15:00:00Z,90,8,1,0,0,1,1,33,51.2,34.8,18.0,10.4,0.15,0.15,0.3,0.36,1,56
2023-24,38,379,366,Sergio Gómez,DEF,Man City,13,19,1,2024-05-19T15:00:00Z,0,0,0,0,0,0,0,0,0.0,0.0,0.0,0.0,0.0,0.0,0.0,0.0,0,38
2023-24,38,379,367,Zack Steffen,GK,Man City,13,19,1,2024-05-19T15:00:00Z,0,0,0,0,0,0,0,0,0.0,0.0,0.0,0.0,0.0,0.0,0.0,0.0,0,39
2023-24,38,379,368,John Stones,DEF,Man City,13,19,1,2024-05-19T15:00:00Z,0,0,0,0,0,0,0,0,0.0,0.0,0.0,0.0,0.0,0.0,0.0,0.0,0,53
2023-24,38,379,369,Kyle Walker,DEF,Man City,13,19,1,2024-05-19T15:00:00Z,90,2,0,0,0,1,0,15,20.6,11.6,0.0,3.2,0.0,0.06,0.06,0.36,1,55
2023-24,38,373,370,Alex Telles,DEF,Man Utd,14,5,0,2024-05-19T15:00:00Z,0,0,0,0,0,0,0,0,0.0,0.0,0.0,0.0,0.0,0.0,0.0,0.0,0,45
2023-24,38,373,371,Amad Diallo,MID,Man Utd,14,5,0,2024-05-19T15:00:00Z,74,3,0,0,1,0,0,10,8.2,24.2,3.0,3.5,0.03,0.13,0.16,1.49,1,44
2023-24,38,373,372,Antony Matheus dos Santos,MID,Man Utd,14,5,0,2024-05-19T15:00:00Z,0,0,0,0,0,0,0,0,0.0,0.0,0.0,0.0,0.0,0.0,0.0,0.0,0,68
2023-24,38,373,373,Bruno Borges Fernandes,MID,Man Utd,14,5,0,2024-05-19T15:00:00Z,59,0,0,0,0,0,0,5,7.0,15.0,7.0,2.9,0.01,0.06,0.07,1.47,1,85
2023-24,38,373,374,Brandon Williams,DEF,Man Utd,14,5,0,2024-05-19T15:00:00Z,0,0,0,0,0,0,0,0,0.0,0.0,0.0,0.0,0.0,0.0,0.0,0.0,0,40
2023-24,38,373,375,Eric Bailly,DEF,Man Utd,14,5,0,2024-05-19T15:00:00Z,0,0,0,0,0,0,0,0,0.0,0.0,0.0,0.0,0.0,0.0,0.0,0.0,0,40
2023-24,38,373,376,Carlos Henrique Casimiro,MID,Man Utd,14,5,0,2024-05-19T15:00:00Z,90,5,0,1,1,0,0,25,51.6,14.8,0.0,6.6,0.0,0.23,0.23,1.55,1,53
2023-24,38,373,377,Diogo Dalot Teixeira,DEF,Man Utd,14,5,0,2024-05-19T15:00:00Z,90,15,1,0,1,0,3,41,49.4,21.5,19.0,9.0,0.53,0.01,0.54,1.55,1,52
2023-24,38,374,378,Anthony Elanga,MID,Nott'm Forest,16,6,0,2024-05-19T15:00:00Z,87,5,0,1,0,1,0,17,21.2,24.8,23.0,6.9,0.07,0.27,0.34,1.13,1,49
2023-24,38,373,379,Christian Eriksen,MID,Man Utd,14,5,0,2024-05-19T15:00:00Z,15,4,0,1,0,0,0,13,17.2,10.9,0.0,2.8,0.0,0.0,0.0,0.06,0,58
2023-24,38,373,380,Álvaro Fernández Carreras,DEF,Man Utd,14,5,0,2024-05-19T15:00:00Z,0,0,0,0,0,0,0,0,0.0,0.0,0.0,0.0,0.0,0.0,0.0,0.0,0,40
2023-24,38,373,381,Frederico Rodrigues de Paula Santos,MID,Man Utd,14,5,0,2024-05-19T15:00:00Z,0,0,0,0,0,0,0,0,0.0,0.0,0.0,0.0,0.0,0.0,0.0,0.0,0,50
2023-24,38,373,382,Alejandro Garnacho,MID,Man Utd,14,5,0,2024-05-19T15:00:00Z,90,3,0,0,1,0,0,8,8.4,2.8,41.0,5.2,0.18,0.02,0.2,1.55,1,50
2023-24,38,373,383,Hannibal Mejbri,MID,Man Utd,14,5,0,2024-05-19T15:00:00Z,0,0,0,0,0,0,0,0,0.0,0.0,0.0,0.0,0.0,0.0,0.0,0.0,0,43
2023-24,38,373,384,Tom Heaton,GK,Man Utd,14,5,0,2024-05-19T15:00:00Z,0,0,0,0,0,0,0,0,0.0,0.0,0.0,0.0,0.0,0.0,0.0,0.0,0,39
2023-24,38,376,385,Dean Henderson,GK,Crystal Palace,8,2,1,2024-05-19T15:00:00Z,90,6,0,0,1,0,0,23,17.6,0.0,0.0,1.8,0.0,0.0,0.0,1.08,1,44
2023-24,38,373,386,Victor Lindelöf,DEF,Man Utd,14,5,0,2024-05-19T15:00:00Z,0,0,0,0,0,0,0,0,0.0,0.0,0.0,0.0,0.0,0.0,0.0,0.0,0,45
2023-24,38,373,387,Harry Maguire,DEF,Man Utd,14,5,0,2024-05-19T15:00:00Z,0,0,0,0,0,0,0,0,0.0,0.0,0.0,0.0,0.0,0.0,0.0,0.0,0,43
2023-24,38,373,388,Kobbie Mainoo,MID,Man Utd,14,5,0,2024-05-19T15:00:00Z,74,3,0,0,1,0,0,13,10.6,22.7,4.0,3.7,0.0,0.01,0.01,1.49,1,44
2023-24,38,373,389,Tyrell Malacia,DEF,Man Utd,14,5,0,2024-05-19T15:00:00Z,0,0,0,0,0,0,0,0,0.0,0.0,0.0,0.0,0.0,0.0,0.0,0.0,0,43
2023-24,38,373,390,Anthony Martial,FWD,Man Utd,14,5,0,2024-05-19T15:00:00Z,0,0,0,0,0,0,0,0,0.0,0.0,0.0,0.0,0.0,0.0,0.0,0.0,0,64
2023-24,38,373,391,Lisandro Martínez,DEF,Man Utd,14,5,0,2024-05-19T15:00:00Z,58,1,0,0,0,0,0,13,11.2,0.6,2.0,1.4,0.0,0.0,0.0,1.47,1,47
2023-24,38,373,392,Scott McTominay,MID,Man Utd,14,5,0,2024-05-19T15:00:00Z,90,3,0,0,1,0,0,6,3.2,2.9,14.0,2.0,0.29,0.01,0.3,1.55,1,45
2023-24,38,378,393,Teden Mengi,DEF,Luton,12,10,1,2024-05-19T15:00:00Z,16,1,0,0,0,0,0,3,0.0,0.0,0.0,0.0,0.0,0.0,0.0,0.02,1,39
2023-24,38,373,394,Facundo Pellistri Rebollo,MID,Man Utd,14,5,0,2024-05-19T15:00:00Z,0,0,0,0,0,0,0,0,0.0,0.0,0.0,0.0,0.0,0.0,0.0,0.0,0,42
2023-24,38,373,395,Raphaël Varane,DEF,Man Utd,14,5,0,2024-05-19T15:00:00Z,21,1,0,0,0,0,0,3,6.2,0.0,0.0,0.6,0.0,0.0,0.0,0.06,0,49
2023-24,38,373,396,Marcus Rashford,MID,Man Utd,14,5,0,2024-05-19T15:00:00Z,15,1,0,0,0,0,0,5,3.6,0.6,0.0,0.4,0.0,0.0,0.0,0.06,0,84
2023-24,38,373,397,Jadon Sancho,MID,Man Utd,14,5,0,2024-05-19T15:00:00Z,0,0,0,0,0,0,0,0,0.0,0.0,0.0,0.0,0.0,0.0,0.0,0.0,0,67
2023-24,38,373,398,Luke Shaw,DEF,Man Utd,14,5,0,2024-05-19T15:00:00Z,0,0,0,0,0,0,0,0,0.0,0.0,0.0,0.0,0.0,0.0,0.0,0.0,0,52
2023-24,38,373,399,Shola Shoretire,FWD,Man Utd,14,5,0,2024-05-19T15:00:00Z,0,0,0,0,0,0,0,0,0.0,0.0,0.0,0.0,0.0,0.0,0.0,0.0,0,44
2023-24,38,373,400,Donny van de Beek,MID,Man Utd,14,5,0,2024-05-19T15:00:00Z,0,0,0,0,0,0,0,0,0.0,0.0,0.0,0.0,0.0,0.0,0.0,0.0,0,47
2023-24,38,373,401,Aaron Wan-Bissaka,DEF,Man Utd,14,5,0,2024-05-19T15:00:00Z,90,6,0,0,1,0,0,23,14.0,2.2,0.0,1.6,0.0,0.01,0.01,1.55,1,44
2023-24,38,372,402,Miguel Almirón Rejala,MID,Newcastle,15,4,0,2024-05-19T15:00:00Z,22,1,0,0,0,1,0,4,2.6,1.9,2.0,0.7,0.0,0.02,0.02,0.14,0,60
2023-24,38,372,403,Elliot Anderson,MID,Newcastle,15,4,0,2024-05-19T15:00:00Z,22,1,0,0,0,1,0,4,2.6,1.2,6.0,1.0,0.0,0.03,0.03,0.14,0,42
2023-24,38,372,404,Harrison Ashby,DEF,Newcastle,15,4,0,2024-05-19T15:00:00Z,0,0,0,0,0,0,0,0,0.0,0.0,0.0,0.0,0.0,0.0,0.0,0.0,0,40
2023-24,38,372,405,Sven Botman,DEF,Newcastle,15,4,0,2024-05-19T15:00:00Z,0,0,0,0,0,0,0,0,0.0,0.0,0.0,0.0,0.0,0.0,0.0,0.0,0,45
2023-24,38,372,406,Bruno Guimarães Rodriguez Moura,MID,Newcastle,15,4,0,2024-05-19T15:00:00Z,90,16,1,2,0,2,3,55,81.4,54.6,19.0,15.5,0.68,0.59,1.27,1.22,1,58
2023-24,38,372,407,Dan Burn,DEF,Newcastle,15,4,0,2024-05-19T15:00:00Z,90,0,0,0,0,2,0,7,11.0,0.7,0.0,1.2,0.0,0.0,0.0,1.22,1,47
2023-24,38,372,408,Karl Darlow,GK,Newcastle,15,4,0,2024-05-19T15:00:00Z,0,0,0,0,0,0,0,0,0.0,0.0,0.0,0.0,0.0,0.0,0.0,0.0,0,40
2023-24,38,372,409,Martin Dubravka,GK,Newcastle,15,4,0,2024-05-19T15:00:00Z,0,0,0,0,0,0,0,0,0.0,0.0,0.0,0.0,0.0,0.0,0.0,0.0,0,43
2023-24,38,372,410,Ryan Fraser,MID,Newcastle,15,4,0,2024-05-19T15:00:00Z,0,0,0,0,0,0,0,0,0.0,0.0,0.0,0.0,0.0,0.0,0.0,0.0,0,49
2023-24,38,372,411,Mark Gillespie,GK,Newcastle,15,4,0,2024-05-19T15:00:00Z,0,0,0,0,0,0,0,0,0.0,0.0,0.0,0.0,0.0,0.0,0.0,0.0,0,39
2023-24,38,372,412,Anthony Gordon,MID,Newcastle,15,4,0,2024-05-19T15:00:00Z,0,0,0,0,0,0,0,0,0.0,0.0,0.0,0.0,0.0,0.0,0.0,0.0,0,64
2023-24,38,372,413,Isaac Hayden,MID,Newcastle,15,4,0,2024-05-19T15:00:00Z,0,0,0,0,0,0,0,0,0.0,0.0,0.0,0.0,0.0,0.0,0.0,0.0,0,44
2023-24,38,372,414,Jeff Hendrick,MID,Newcastle,15,4,0,2024-05-19T15:00:00Z,0,0,0,0,0,0,0,0,0.0,0.0,0.0,0.0,0.0,0.0,0.0,0.0,0,44
2023-24,38,372,415,Alexander Isak,FWD,Newcastle,15,4,0,2024-05-19T15:00:00Z,80,14,1,2,0,2,2,50,59.6,24.7,53.0,13.7,0.88,0.49,1.37,1.13,1,84
2023-24,38,372,416,Joelinton Cássio Apolinário de Lira,MID,Newcastle,15,4,0,2024-05-19T15:00:00Z,80,1,0,0,0,2,0,14,10.8,26.9,4.0,4.2,0.43,0.2,0.63,1.13,1,58
2023-24,38,372,417,Emil Krafth,DEF,Newcastle,15,4,0,2024-05-19T15:00:00Z,90,0,0,0,0,2,0,6,1.2,3.2,0.0,0.4,0.0,0.02,0.02,1.22,1,44
2023-24,38,372,418,Garang Kuol,MID,Newcastle,15,4,0,2024-05-19T15:00:00Z,0,0,0,0,0,0,0,0,0.0,0.0,0.0,0.0,0.0,0.0,0.0,0.0,0,45
2023-24,38,372,419,Jamaal Lascelles,DEF,Newcastle,15,4,0,2024-05-19T15:00:00Z,0,0,0,0,0,0,0,0,0.0,0.0,0.0,0.0,0.0,0.0,0.0,0.0,0,37
2023-24,38,372,420,Jamal Lewis,DEF,Newcastle,15,4,0,2024-05-19T15:00:00Z,0,0,0,0,0,0,0,0,0.0,0.0,0.0,0.0,0.0,0.0,0.0,0.0,0,40
2023-24,38,372,421,Sean Longstaff,MID,Newcastle,15,4,0,2024-05-19T15:00:00Z,90,2,0,0,0,2,0,12,10.0,2.3,2.0,1.4,0.0,0.06,0.06,1.22,1,48
2023-24,38,372,422,Javier Manquillo Gaitán,DEF,Newcastle,15,4,0,2024-05-19T15:00:00Z,0,0,0,0,0,0,0,0,0.0,0.0,0.0,0.0,0.0,0.0,0.0,0.0,0,40
2023-24,38,372,423,Jacob Murphy,MID,Newcastle,15,4,0,2024-05-19T15:00:00Z,67,7,1,0,0,1,0,25,37.8,9.6,40.0,8.7,0.8,0.04,0.84,1.08,1,48
2023-24,38,372,424,Nick Pope,GK,Newcastle,15,4,0,2024-05-19T15:00:00Z,90,1,0,0,0,2,0,11,25.6,0.0,0.0,2.6,0.0,0.0,0.0,1.22,1,53
2023-24,38,372,425,Matt Ritchie,MID,Newcastle,15,4,0,2024-05-19T15:00:00Z,0,0,0,0,0,0,0,0,0.0,0.0,0.0,0.0,0.0,0.0,0.0,0.0,0,43
2023-24,38,372,426,Allan Saint-Maximin,MID,Newcastle,15,4,0,2024-05-19T15:00:00Z,0,0,0,0,0,0,0,0,0.0,0.0,0.0,0.0,0.0,0.0,0.0,0.0,0,60
2023-24,38,372,427,Fabian Schär,DEF,Newcastle,15,4,0,2024-05-19T15:00:00Z,90,1,0,0,0,2,0,9,11.0,0.6,2.0,1.4,0.13,0.01,0.14,1.19,1,56
2023-24,38,372,428,Matt Targett,DEF,Newcastle,15,4,0,2024-05-19T15:00:00Z,0,0,0,0,0,0,0,0,0.0,0.0,0.0,0.0,0.0,0.0,0.0,0.0,0,42
2023-24,38,372,429,Sandro Tonali,MID,Newcastle,15,4,0,2024-05-19T15:00:00Z,0,0,0,0,0,0,0,0,0.0,0.0,0.0,0.0,0.0,0.0,0.0,0.0,0,52
2023-24,38,372,430,Kieran Trippier,DEF,Newcastle,15,4,0,2024-05-19T15:00:00Z,9,1,0,0,0,0,0,3,0.6,0.9,0.0,0.2,0.0,0.01,0.01,0.09,0,66
2023-24,38,372,431,Kell Watts,DEF,Newcastle,15,4,0,2024-05-19T15:00:00Z,0,0,0,0,0,0,0,0,0.0,0.0,0.0,0.0,0.0,0.0,0.0,0.0,0,40
2023-24,38,372,432,Joe Willock,MID,Newcastle,15,4,0,2024-05-19T15:00:00Z,0,0,0,0,0,0,0,0,0.0,0.0,0.0,0.0,0.0,0.0,0.0,0.0,0,53
2023-24,38,372,433,Callum Wilson,FWD,Newcastle,15,4,0,2024-05-19T15:00:00Z,9,1,0,0,0,0,0,2,0.0,0.3,4.0,0.4,0.0,0.01,0.01,0.09,0,78
2023-24,38,374,434,Brandon Aguilera Zamora,MID,Nott'm Forest,16,6,0,2024-05-19T15:00:00Z,0,0,0,0,0,0,0,0,0.0,0.0,0.0,0.0,0.0,0.0,0.0,0.0,0,45
2023-24,38,374,435,Harry Arter,MID,Nott'm Forest,16,6,0,2024-05-19T15:00:00Z,0,0,0,0,0,0,0,0,0.0,0.0,0.0,0.0,0.0,0.0,0.0,0.0,0,43
2023-24,38,374,436,Serge Aurier,DEF,Nott'm Forest,16,6,0,2024-05-19T15:00:00Z,0,0,0,0,0,0,0,0,0.0,0.0,0.0,0.0,0.0,0.0,0.0,0.0,0,45
2023-24,38,374,437,Taiwo Awoniyi,FWD,Nott'm Forest,16,6,0,2024-05-19T15:00:00Z,11,1,0,0,0,0,0,3,0.0,1.0,0.0,0.1,0.0,0.0,0.0,0.18,0,63
2023-24,38,374,438,Giulian Biancone,DEF,Nott'm Forest,16,6,0,2024-05-19T15:00:00Z,0,0,0,0,0,0,0,0,0.0,0.0,0.0,0.0,0.0,0.0,0.0,0.0,0,39
2023-24,38,374,439,Willy Boly,DEF,Nott'm Forest,16,6,0,2024-05-19T15:00:00Z,90,2,0,0,0,1,0,11,19.2,10.1,2.0,3.1,0.0,0.0,0.0,1.21,1,45
2023-24,38,374,440,Josh Bowler,MID,Nott'm Forest,16,6,0,2024-05-19T15:00:00Z,0,0,0,0,0,0,0,0,0.0,0.0,0.0,0.0,0.0,0.0,0.0,0.0,0,45
2023-24,38,374,441,Steve Cook,DEF,Nott'm Forest,16,6,0,2024-05-19T15:00:00Z,0,0,0,0,0,0,0,0,0.0,0.0,0.0,0.0,0.0,0.0,0.0,0.0,0,45
2023-24,38,374,442,Danilo dos Santos de Oliveira,MID,Nott'm Forest,16,6,0,2024-05-19T15:00:00Z,79,2,0,0,0,1,0,10,19.2,20.5,0.0,4.0,0.0,0.01,0.01,1.03,1,53
2023-24,38,374,443,Emmanuel Dennis,FWD,Nott'm Forest,16,6,0,2024-05-19T15:00:00Z,0,0,0,0,0,0,0,0,0.0,0.0,0.0,0.0,0.0,0.0,0.0,0.0,0,48
2023-24,38,374,444,Mohamed Dräger,DEF,Nott'm Forest,16,6,0,2024-05-19T15:00:00Z,0,0,0,0,0,0,0,0,0.0,0.0,0.0,0.0,0.0,0.0,0.0,0.0,0,40
2023-24,38,374,445,Felipe Augusto de Almeida Monteiro,DEF,Nott'm Forest,16,6,0,2024-05-19T15:00:00Z,0,0,0,0,0,0,0,0,0.0,0.0,0.0,0.0,0.0,0.0,0.0,0.0,0,44
2023-24,38,374,446,Remo Freuler,MID,Nott'm Forest,16,6,0,2024-05-19T15:00:00Z,0,0,0,0,0,0,0,0,0.0,0.0,0.0,0.0,0.0,0.0,0.0,0.0,0,49
2023-24,38,374,447,Morgan Gibbs-White,MID,Nott'm Forest,16,6,0,2024-05-19T15:00:00Z,90,2,0,0,0,1,0,10,15.4,37.3,16.0,6.9,0.15,0.25,0.4,1.21,1,57
2023-24,38,374,448,Wayne Hennessey,GK,Nott'm Forest,16,6,0,2024-05-19T15:00:00Z,0,0,0,0,0,0,0,0,0.0,0.0,0.0,0.0,0.0,0.0,0.0,0.0,0,39
2023-24,38,374,449,Ethan Horvath,GK,Nott'm Forest,16,6,0,2024-05-19T15:00:00Z,0,0,0,0,0,0,0,0,0.0,0.0,0.0,0.0,0.0,0.0,0.0,0.0,0,43
2023-24,38,380,450,Brennan Johnson,MID,Spurs,18,17,0,2024-05-19T15:00:00Z,90,6,0,1,1,0,0,11,20.4,36.7,26.0,8.3,0.82,0.35,1.17,0.7,1,58
2023-24,38,374,451,Cheikhou Kouyaté,MID,Nott'm Forest,16,6,0,2024-05-19T15:00:00Z,2,1,0,0,0,0,0,3,0.0,0.0,0.0,0.0,0.0,0.0,0.0,0.07,0,48
2023-24,38,374,452,Richie Laryea,DEF,Nott'm Forest,16,6,0,2024-05-19T15:00:00Z,0,0,0,0,0,0,0,0,0.0,0.0,0.0,0.0,0.0,0.0,0.0,0.0,0,45
2023-24,38,374,453,Orel Mangala,MID,Nott'm Forest,16,6,0,2024-05-19T15:00:00Z,0,0,0,0,0,0,0,0,0.0,0.0,0.0,0.0,0.0,0.0,0.0,0.0,0,50
2023-24,38,374,454,Loïc Mbe Soh,DEF,Nott'm Forest,16,6,0,2024-05-19T15:00:00Z,0,0,0,0,0,0,0,0,0.0,0.0,0.0,0.0,0.0,0.0,0.0,0.0,0,40
2023-24,38,374,455,Scott McKenna,DEF,Nott'm Forest,16,6,0,2024-05-19T15:00:00Z,0,0,0,0,0,0,0,0,0.0,0.0,0.0,0.0,0.0,0.0,0.0,0.0,0,44
2023-24,38,374,456,Alex Mighten,MID,Nott'm Forest,16,6,0,2024-05-19T15:00:00Z,0,0,0,0,0,0,0,0,0.0,0.0,0.0,0.0,0.0,0.0,0.0,0.0,0,44
2023-24,38,374,457,Moussa Niakhaté,DEF,Nott'm Forest,16,6,0,2024-05-19T15:00:00Z,10,1,0,0,0,0,0,6,10.2,0.0,0.0,1.0,0.0,0.0,0.0,0.18,0,45
2023-24,38,374,458,Lewis O'Brien,MID,Nott'm Forest,16,6,0,2024-05-19T15:00:00Z,0,0,0,0,0,0,0,0,0.0,0.0,0.0,0.0,0.0,0.0,0.0,0.0,0,49
2023-24,38,374,459,Braian Ojeda Rodríguez,MID,Nott'm Forest,16,6,0,2024-05-19T15:00:00Z,0,0,0,0,0,0,0,0,0.0,0.0,0.0,0.0,0.0,0.0,0.0,0.0,0,45
2023-24,38,374,460,Jonathan Panzo,DEF,Nott'm Forest,16,6,0,2024-05-19T15:00:00Z,0,0,0,0,0,0,0,0,0.0,0.0,0.0,0.0,0.0,0.0,0.0,0.0,0,40
2023-24,38,374,461,Omar Richards,DEF,Nott'm Forest,16,6,0,2024-05-19T15:00:00Z,0,0,0,0,0,0,0,0,0.0,0.0,0.0,0.0,0.0,0.0,0.0,0.0,0,44
2023-24,38,374,462,Gustavo Henrique Furtado Scarpa,MID,Nott'm Forest,16,6,0,2024-05-19T15:00:00Z,0,0,0,0,0,0,0,0,0.0,0.0,0.0,0.0,0.0,0.0,0.0,0.0,0,45
2023-24,38,374,463,Jonjo Shelvey,MID,Nott'm Forest,16,6,0,2024-05-19T15:00:00Z,0,0,0,0,0,0,0,0,0.0,0.0,0.0,0.0,0.0,0.0,0.0,0.0,0,48
2023-24,38,374,464,Sam Surridge,FWD,Nott'm Forest,16,6,0,2024-05-19T15:00:00Z,0,0,0,0,0,0,0,0,0.0,0.0,0.0,0.0,0.0,0.0,0.0,0.0,0,45
2023-24,38,374,465,Harry Toffolo,DEF,Nott'm Forest,16,6,0,2024-05-19T15:00:00Z,90,2,0,0,0,1,0,10,16.8,0.6,0.0,1.7,0.0,0.0,0.0,1.21,1,44
2023-24,38,374,466,Hwang Ui-jo,FWD,Nott'm Forest,16,6,0,2024-05-19T15:00:00Z,0,0,0,0,0,0,0,0,0.0,0.0,0.0,0.0,0.0,0.0,0.0,0.0,0,44
2023-24,38,374,467,Neco Williams,DEF,Nott'm Forest,16,6,0,2024-05-19T15:00:00Z,0,0,0,0,0,0,0,0,0.0,0.0,0.0,0.0,0.0,0.0,0.0,0.0,0,43
2023-24,38,374,468,Chris Wood,FWD,Nott'm Forest,16,6,0,2024-05-19T15:00:00Z,78,13,2,0,0,1,3,56,66.4,3.3,73.0,14.3,1.02,0.0,1.02,1.03,1,47
2023-24,38,374,469,Joe Worrall,DEF,Nott'm Forest,16,6,0,2024-05-19T15:00:00Z,0,0,0,0,0,0,0,0,0.0,0.0,0.0,0.0,0.0,0.0,0.0,0.0,0,43
2023-24,38,374,470,Ryan Yates,MID,Nott'm Forest,16,6,0,2024-05-19T15:00:00Z,57,4,0,1,0,0,0,18,22.8,11.8,5.0,4.0,0.15,0.01,0.16,0.82,1,48
2023-24,38,380,471,Anel Ahmedhodžić,DEF,Sheffield Utd,17,18,1,2024-05-19T15:00:00Z,90,1,0,0,0,3,0,9,21.0,4.3,0.0,2.5,0.0,0.01,0.01,3.28,1,43
2023-24,38,380,472,Jordan Amissah,GK,Sheffield Utd,17,18,1,2024-05-19T15:00:00Z,0,0,0,0,0,0,0,0,0.0,0.0,0.0,0.0,0.0,0.0,0.0,0.0,0,39
2023-24,38,380,473,George Baldock,DEF,Sheffield Utd,17,18,1,2024-05-19T15:00:00Z,0,0,0,0,0,0,0,0,0.0,0.0,0.0,0.0,0.0,0.0,0.0,0.0,0,38
2023-24,38,380,474,Chris Basham,DEF,Sheffield Utd,17,18,1,2024-05-19T15:00:00Z,0,0,0,0,0,0,0,0,0.0,0.0,0.0,0.0,0.0,0.0,0.0,0.0,0,39
2023-24,38,374,475,Sander Berge,MID,Burnley,6,16,1,2024-05-19T15:00:00Z,90,2,0,0,0,2,0,16,16.4,44.4,2.0,6.3,0.0,0.16,0.16,1.45,1,46
2023-24,38,380,476,Jayden Bogle,DEF,Sheffield Utd,17,18,1,2024-05-19T15:00:00Z,90,1,0,0,0,3,0,3,5.0,1.3,0.0,0.6,0.0,0.01,0.01,3.28,1,45
2023-24,38,380,477,Rhian Brewster,FWD,Sheffield Utd,17,18,1,2024-05-19T15:00:00Z,28,1,0,0,0,1,0,1,0.0,0.8,1.0,0.0,0.06,0.0,0.06,1.11,0,49
2023-24,38,380,478,Ismaila Coulibaly,MID,Sheffield Utd,17,18,1,2024-05-19T15:00:00Z,0,0,0,0,0,0,0,0,0.0,0.0,0.0,0.0,0.0,0.0,0.0,0.0,0,44
2023-24,38,380,479,Adam Davies,GK,Sheffield Utd,17,18,1,2024-05-19T15:00:00Z,0,0,0,0,0,0,0,0,0.0,0.0,0.0,0.0,0.0,0.0,0.0,0.0,0,40
2023-24,38,380,480,John Egan,DEF,Sheffield Utd,17,18,1,2024-05-19T15:00:00Z,0,0,0,0,0,0,0,0,0.0,0.0,0.0,0.0,0.0,0.0,0.0,0.0,0,42
2023-24,38,380,481,John Fleck,MID,Sheffield Utd,17,18,1,2024-05-19T15:00:00Z,0,0,0,0,0,0,0,0,0.0,0.0,0.0,0.0,0.0,0.0,0.0,0.0,0,49
2023-24,38,380,482,Wes Foderingham,GK,Sheffield Utd,17,18,1,2024-05-19T15:00:00Z,90,3,0,0,0,3,0,22,50.4,10.0,0.0,6.0,0.0,0.0,0.0,3.28,1,44
2023-24,38,380,483,Daniel Jebbison,FWD,Sheffield Utd,17,18,1,2024-05-19T15:00:00Z,20,1,0,0,0,0,0,3,0.0,0.1,4.0,0.4,0.0,0.0,0.0,0.94,0,48
2023-24,38,380,484,Max Lowe,DEF,Sheffield Utd,17,18,1,2024-05-19T15:00:00Z,68,1,0,0,0,3,0,6,6.4,1.3,0.0,0.8,0.0,0.02,0.02,2.34,1,43
2023-24,38,380,485,Oliver McBurnie,FWD,Sheffield Utd,17,18,1,2024-05-19T15:00:00Z,0,0,0,0,0,0,0,0,0.0,0.0,0.0,0.0,0.0,0.0,0.0,0.0,0,54
2023-24,38,380,486,Iliman Ndiaye,FWD,Sheffield Utd,17,18,1,2024-05-19T15:00:00Z,0,0,0,0,0,0,0,0,0.0,0.0,0.0,0.0,0.0,0.0,0.0,0.0,0,55
2023-24,38,380,487,Rhys Norrington-Davies,DEF,Sheffield Utd,17,18,1,2024-05-19T15:00:00Z,0,0,0,0,0,0,0,0,0.0,0.0,0.0,0.0,0.0,0.0,0.0,0.0,0,39
2023-24,38,380,488,Oliver Norwood,MID,Sheffield Utd,17,18,1,2024-05-19T15:00:00Z,0,0,0,0,0,0,0,0,0.0,0.0,0.0,0.0,0.0,0.0,0.0,0.0,0,48
2023-24,38,380,489,Ben Osborn,MID,Sheffield Utd,17,18,1,2024-05-19T15:00:00Z,4,1,0,0,0,0,0,4,1.2,10.3,0.0,1.2,0.0,0.01,0.01,0.0,1,48
2023-24,38,380,490,William Osula,FWD,Sheffield Utd,17,18,1,2024-05-19T15:00:00Z,0,0,0,0,0,0,0,0,0.0,0.0,0.0,0.0,0.0,0.0,0.0,0.0,0,42
2023-24,38,380,491,Brandon Austin,GK,Spurs,18,17,0,2024-05-19T15:00:00Z,0,0,0,0,0,0,0,0,0.0,0.0,0.0,0.0,0.0,0.0,0.0,0.0,0,39
2023-24,38,380,492,Rodrigo Bentancur,MID,Spurs,18,17,0,2024-05-19T15:00:00Z,75,3,0,0,1,0,0,14,10.0,7.0,1.0,1.8,0.04,0.02,0.06,0.64,1,54
2023-24,38,380,493,Yves Bissouma,MID,Spurs,18,17,0,2024-05-19T15:00:00Z,0,0,0,0,0,0,0,0,0.0,0.0,0.0,0.0,0.0,0.0,0.0,0.0,0,50
2023-24,38,380,494,Bryan Gil Salvatierra,MID,Spurs,18,17,0,2024-05-19T15:00:00Z,0,0,0,0,0,0,0,0,0.0,0.0,0.0,0.0,0.0,0.0,0.0,0.0,0,49
2023-24,38,380,495,Ben Davies,DEF,Spurs,18,17,0,2024-05-19T15:00:00Z,0,0,0,0,0,0,0,0,0.0,0.0,0.0,0.0,0.0,0.0,0.0,0.0,0,43
2023-24,38,380,496,Eric Dier,DEF,Spurs,18,17,0,2024-05-19T15:00:00Z,0,0,0,0,0,0,0,0,0.0,0.0,0.0,0.0,0.0,0.0,0.0,0.0,0,42
2023-24,38,380,497,Emerson Leite de Souza Junior,DEF,Spurs,18,17,0,2024-05-19T15:00:00Z,14,1,0,0,0,0,0,4,2.0,2.1,4.0,0.8,0.0,0.01,0.01,0.06,0,43
2023-24,38,380,498,Fraser Forster,GK,Spurs,18,17,0,2024-05-19T15:00:00Z,0,0,0,0,0,0,0,0,0.0,0.0,0.0,0.0,0.0,0.0,0.0,0.0,0,38
2023-24,38,380,499,Pierre-Emile Højbjerg,MID,Spurs,18,17,0,2024-05-19T15:00:00Z,24,1,0,0,0,0,0,11,5.2,0.8,2.0,0.8,0.04,0.01,0.05,0.06,0,51
2023-24,38,380,500,Harry Kane,FWD,Spurs,18,17,0,2024-05-19T15:00:00Z,0,0,0,0,0,0,0,0,0.0,0.0,0.0,0.0,0.0,0.0,0.0,0.0,0,125
2023-24,38,380,501,Dejan Kulusevski,MID,Spurs,18,17,0,2024-05-19T15:00:00Z,90,16,2,0,1,0,3,46,77.2,22.8,68.0,16.8,0.64,0.02,0.66,0.7,1,67
2023-24,38,380,502,Hugo Lloris,GK,Spurs,18,17,0,2024-05-19T15:00:00Z,0,0,0,0,0,0,0,0,0.0,0.0,0.0,0.0,0.0,0.0,0.0,0.0,0,47
2023-24,38,380,503,Giovani Lo Celso,MID,Spurs,18,17,0,2024-05-19T15:00:00Z,0,0,0,0,0,0,0,0,0.0,0.0,0.0,0.0,0.0,0.0,0.0,0.0,0,48
2023-24,38,380,504,James Maddison,MID,Spurs,18,17,0,2024-05-19T15:00:00Z,87,6,0,1,1,0,0,22,32.4,69.9,30.0,13.2,0.96,0.36,1.32,0.7,1,78
2023-24,38,380,505,Tanguy Ndombélé Alvaro,MID,Spurs,18,17,0,2024-05-19T15:00:00Z,0,0,0,0,0,0,0,0,0.0,0.0,0.0,0.0,0.0,0.0,0.0,0.0,0,44
2023-24,38,380,506,Pedro Porro,DEF,Spurs,18,17,0,2024-05-19T15:00:00Z,75,14,1,0,1,0,2,44,50.2,18.6,26.0,9.5,0.16,0.16,0.32,0.64,1,59
2023-24,38,380,507,Ivan Perišić,DEF,Spurs,18,17,0,2024-05-19T15:00:00Z,0,0,0,0,0,0,0,0,0.0,0.0,0.0,0.0,0.0,0.0,0.0,0.0,0,47
2023-24,38,372,508,Sergio Reguilón,DEF,Brentford,4,15,1,2024-05-19T15:00:00Z,73,1,0,0,0,3,0,14,10.2,15.1,2.0,2.7,0.0,0.21,0.21,2.69,1,45
2023-24,38,380,509,Richarlison de Andrade,MID,Spurs,18,17,0,2024-05-19T15:00:00Z,0,0,0,0,0,0,0,0,0.0,0.0,0.0,0.0,0.0,0.0,0.0,0.0,0,68
2023-24,38,380,510,Joe Rodon,DEF,Spurs,18,17,0,2024-05-19T15:00:00Z,0,0,0,0,0,0,0,0,0.0,0.0,0.0,0.0,0.0,0.0,0.0,0.0,0,40
2023-24,38,380,511,Cristian Romero,DEF,Spurs,18,17,0,2024-05-19T15:00:00Z,90,6,0,0,1,0,0,22,19.8,11.7,23.0,5.5,0.45,0.01,0.46,0.7,1,51
2023-24,38,380,512,Davinson Sánchez,DEF,Spurs,18,17,0,2024-05-19T15:00:00Z,0,0,0,0,0,0,0,0,0.0,0.0,0.0,0.0,0.0,0.0,0.0,0.0,0,44
2023-24,38,380,513,Pape Matar Sarr,MID,Spurs,18,17,0,2024-05-19T15:00:00Z,65,3,0,0,1,0,0,11,8.0,5.2,0.0,1.3,0.0,0.02,0.02,0.64,1,44
2023-24,38,380,514,Ryan Sessegnon,DEF,Spurs,18,17,0,2024-05-19T15:00:00Z,0,0,0,0,0,0,0,0,0.0,0.0,0.0,0.0,0.0,0.0,0.0,0.0,0,44
2023-24,38,380,515,Oliver Skipp,MID,Spurs,18,17,0,2024-05-19T15:00:00Z,14,1,0,0,0,0,0,3,2.8,1.8,5.0,1.0,0.05,0.0,0.05,0.06,0,45
2023-24,38,380,516,Son Heung-min,MID,Spurs,18,17,0,2024-05-19T15:00:00Z,87,7,0,1,1,0,1,31,34.8,53.7,46.0,13.5,0.13,0.44,0.57,0.7,1,100
2023-24,38,380,517,Djed Spence,DEF,Spurs,18,17,0,2024-05-19T15:00:00Z,0,0,0,0,0,0,0,0,0.0,0.0,0.0,0.0,0.0,0.0,0.0,0.0,0,40
2023-24,38,380,518,Japhet Tanganga,DEF,Spurs,18,17,0,2024-05-19T15:00:00Z,0,0,0,0,0,0,0,0,0.0,0.0,0.0,0.0,0.0,0.0,0.0,0.0,0,40
2023-24,38,380,519,Destiny Udogie,DEF,Spurs,18,17,0,2024-05-19T15:00:00Z,0,0,0,0,0,0,0,0,0.0,0.0,0.0,0.0,0.0,0.0,0.0,0.0,0,49
2023-24,38,380,520,Guglielmo Vicario,GK,Spurs,18,17,0,2024-05-19T15:00:00Z,90,6,0,0,1,0,0,29,11.2,0.0,0.0,1.1,0.0,0.0,0.0,0.7,1,53
2023-24,38,380,521,Alfie Whiteman,GK,Spurs,18,17,0,2024-05-19T15:00:00Z,0,0,0,0,0,0,0,0,0.0,0.0,0.0,0.0,0.0,0.0,0.0,0.0,0,39
2023-24,38,379,522,Nayef Aguerd,DEF,West Ham,19,13,0,2024-05-19T15:00:00Z,0,0,0,0,0,0,0,0,0.0,0.0,0.0,0.0,0.0,0.0,0.0,0.0,0,44
2023-24,38,379,523,Michail Antonio,FWD,West Ham,19,13,0,2024-05-19T15:00:00Z,80,2,0,0,0,3,0,3,0.0,0.3,0.0,0.0,0.0,0.0,0.0,1.87,1,57
2023-24,38,379,524,Alphonse Areola,GK,West Ham,19,13,0,2024-05-19T15:00:00Z,90,4,0,0,0,3,0,28,55.8,0.0,0.0,5.6,0.0,0.0,0.0,2.01,1,42
2023-24,38,379,525,Saïd Benrahma,MID,West Ham,19,13,0,2024-05-19T15:00:00Z,0,0,0,0,0,0,0,0,0.0,0.0,0.0,0.0,0.0,0.0,0.0,0.0,0,56
2023-24,38,379,526,Jarrod Bowen,MID,West Ham,19,13,0,2024-05-19T15:00:00Z,0,0,0,0,0,0,0,0,0.0,0.0,0.0,0.0,0.0,0.0,0.0,0.0,0,76
2023-24,38,379,527,Maxwel Cornet,MID,West Ham,19,13,0,2024-05-19T15:00:00Z,0,0,0,0,0,0,0,0,0.0,0.0,0.0,0.0,0.0,0.0,0.0,0.0,0,52
2023-24,38,379,528,Vladimír Coufal,DEF,West Ham,19,13,0,2024-05-19T15:00:00Z,90,1,0,0,0,3,0,8,28.6,0.5,0.0,2.9,0.0,0.0,0.0,2.01,1,45
2023-24,38,379,529,Conor Coventry,MID,West Ham,19,13,0,2024-05-19T15:00:00Z,0,0,0,0,0,0,0,0,0.0,0.0,0.0,0.0,0.0,0.0,0.0,0.0,0,43
2023-24,38,379,530,Aaron Cresswell,DEF,West Ham,19,13,0,2024-05-19T15:00:00Z,90,1,0,0,0,3,0,11,11.6,11.0,0.0,2.3,0.0,0.01,0.01,2.01,1,42
2023-24,38,379,531,Flynn Downes,MID,West Ham,19,13,0,2024-05-19T15:00:00Z,0,0,0,0,0,0,0,0,0.0,0.0,0.0,0.0,0.0,0.0,0.0,0.0,0,50
2023-24,38,379,532,Emerson Palmieri dos Santos,DEF,West Ham,19,13,0,2024-05-19T15:00:00Z,70,1,0,0,0,3,0,12,9.8,0.8,0.0,1.1,0.0,0.01,0.01,1.8,1,43
2023-24,38,379,533,Lukasz Fabianski,GK,West Ham,19,13,0,2024-05-19T15:00:00Z,0,0,0,0,0,0,0,0,0.0,0.0,0.0,0.0,0.0,0.0,0.0,0.0,0,42
2023-24,38,379,534,Pablo Fornals Malla,MID,West Ham,19,13,0,2024-05-19T15:00:00Z,0,0,0,0,0,0,0,0,0.0,0.0,0.0,0.0,0.0,0.0,0.0,0.0,0,46
2023-24,38,379,535,Danny Ings,FWD,West Ham,19,13,0,2024-05-19T15:00:00Z,4,1,0,0,0,0,0,3,0.2,0.1,0.0,0.0,0.0,0.0,0.0,0.0,0,55
2023-24,38,379,536,Ben Johnson,DEF,West Ham,19,13,0,2024-05-19T15:00:00Z,0,0,0,0,0,0,0,0,0.0,0.0,0.0,0.0,0.0,0.0,0.0,0.0,0,44
2023-24,38,379,537,Thilo Kehrer,DEF,West Ham,19,13,0,2024-05-19T15:00:00Z,0,0,0,0,0,0,0,0,0.0,0.0,0.0,0.0,0.0,0.0,0.0,0.0,0,42
2023-24,38,379,538,Divin Mubama,FWD,West Ham,19,13,0,2024-05-19T15:00:00Z,0,0,0,0,0,0,0,0,0.0,0.0,0.0,0.0,0.0,0.0,0.0,0.0,0,41
2023-24,38,379,539,Lucas Tolentino Coelho de Lima,MID,West Ham,19,13,0,2024-05-19T15:00:00Z,85,2,0,0,0,3,0,5,5.2,2.0,0.0,0.7,0.0,0.0,0.0,2.01,1,60
2023-24,38,371,540,Declan Rice,MID,Arsenal,1,9,1,2024-05-19T15:00:00Z,90,1,0,0,0,1,0,10,11.0,29.8,26.0,6.7,0.26,0.37,0.63,0.5,1,55
2023-24,38,379,541,Gianluca Scamacca,FWD,West Ham,19,13,0,2024-05-19T15:00:00Z,0,0,0,0,0,0,0,0,0.0,0.0,0.0,0.0,0.0,0.0,0.0,0.0,0,60
2023-24,38,379,542,Tomáš Souček,MID,West Ham,19,13,0,2024-05-19T15:00:00Z,90,2,0,0,0,3,0,6,10.2,0.6,2.0,1.3,0.0,0.0,0.0,2.01,1,49
2023-24,38,379,543,Nikola Vlašić,MID,West Ham,19,13,0,2024-05-19T15:00:00Z,0,0,0,0,0,0,0,0,0.0,0.0,0.0,0.0,0.0,0.0,0.0,0.0,0,45
2023-24,38,379,544,Kurt Zouma,DEF,West Ham,19,13,0,2024-05-19T15:00:00Z,90,1,0,0,0,3,0,14,15.2,0.2,0.0,1.5,0.0,0.0,0.0,2.01,1,45
2023-24,38,377,545,Rayan Aït-Nouri,DEF,Wolves,20,11,0,2024-05-19T15:00:00Z,77,1,0,0,0,2,0,11,22.2,12.4,4.0,3.9,0.0,0.08,0.08,4.67,1,46
2023-24,38,377,546,Daniel Bentley,GK,Wolves,20,11,0,2024-05-19T15:00:00Z,0,0,0,0,0,0,0,0,0.0,0.0,0.0,0.0,0.0,0.0,0.0,0.0,0,39
2023-24,38,377,547,Bendegúz Bolla,DEF,Wolves,20,11,0,2024-05-19T15:00:00Z,0,0,0,0,0,0,0,0,0.0,0.0,0.0,0.0,0.0,0.0,0.0,0.0,0,40
2023-24,38,377,548,Hugo Bueno López,DEF,Wolves,20,11,0,2024-05-19T15:00:00Z,12,1,0,0,0,0,0,3,3.2,0.5,0.0,0.4,0.0,0.0,0.0,0.58,0,44
2023-24,38,377,549,Francisco Jorge Tomás Oliveira,MID,Wolves,20,11,0,2024-05-19T15:00:00Z,0,0,0,0,0,0,0,0,0.0,0.0,0.0,0.0,0.0,0.0,0.0,0.0,0,45
2023-24,38,377,550,Luke Cundle,MID,Wolves,20,11,0,2024-05-19T15:00:00Z,0,0,0,0,0,0,0,0,0.0,0.0,0.0,0.0,0.0,0.0,0.0,0.0,0,45
2023-24,38,377,551,Craig Dawson,DEF,Wolves,20,11,0,2024-05-19T15:00:00Z,0,0,0,0,0,0,0,0,0.0,0.0,0.0,0.0,0.0,0.0,0.0,0.0,0,45
2023-24,38,377,552,Fábio Silva,FWD,Wolves,20,11,0,2024-05-19T15:00:00Z,0,0,0,0,0,0,0,0,0.0,0.0,0.0,0.0,0.0,0.0,0.0,0.0,0,52
2023-24,38,378,553,Ryan Giles,DEF,Luton,12,10,1,2024-05-19T15:00:00Z,0,0,0,0,0,0,0,0,0.0,0.0,0.0,0.0,0.0,0.0,0.0,0.0,0,42
2023-24,38,377,554,Gonçalo Manuel Ganchinho Guedes,MID,Wolves,20,11,0,2024-05-19T15:00:00Z,0,0,0,0,0,0,0,0,0.0,0.0,0.0,0.0,0.0,0.0,0.0,0.0,0,54
2023-24,38,377,555,Joe Hodge,MID,Wolves,20,11,0,2024-05-19T15:00:00Z,0,0,0,0,0,0,0,0,0.0,0.0,0.0,0.0,0.0,0.0,0.0,0.0,0,44
2023-24,38,377,556,Ki-Jana Hoever,DEF,Wolves,20,11,0,2024-05-19T15:00:00Z,0,0,0,0,0,0,0,0,0.0,0.0,0.0,0.0,0.0,0.0,0.0,0.0,0,40
2023-24,38,377,557,Hwang Hee-chan,MID,Wolves,20,11,0,2024-05-19T15:00:00Z,61,2,0,0,0,2,0,9,5.0,1.8,19.0,2.6,0.09,0.01,0.1,4.48,1,54
2023-24,38,378,558,Raúl Jiménez,FWD,Fulham,10,12,0,2024-05-19T15:00:00Z,90,13,2,0,0,2,3,60,78.6,18.6,47.0,14.4,0.27,0.09,0.36,2.11,1,50
2023-24,38,377,559,João Victor Gomes da Silva,MID,Wolves,20,11,0,2024-05-19T15:00:00Z,90,2,0,0,0,2,0,3,20.6,4.2,7.0,3.2,0.13,0.01,0.14,5.24,1,49
2023-24,38,377,560,Jonathan Castro Otto,DEF,Wolves,20,11,0,2024-05-19T15:00:00Z,0,0,0,0,0,0,0,0,0.0,0.0,0.0,0.0,0.0,0.0,0.0,0.0,0,43
2023-24,38,377,561,Bruno Cavaco Jordão,MID,Wolves,20,11,0,2024-05-19T15:00:00Z,0,0,0,0,0,0,0,0,0.0,0.0,0.0,0.0,0.0,0.0,0.0,0.0,0,43
2023-24,38,377,562,Sasa Kalajdzic,FWD,Wolves,20,11,0,2024-05-19T15:00:00Z,0,0,0,0,0,0,0,0,0.0,0.0,0.0,0.0,0.0,0.0,0.0,0.0,0,49
2023-24,38,377,563,Max Kilman,DEF,Wolves,20,11,0,2024-05-19T15:00:00Z,90,1,0,0,0,2,0,15,39.2,0.3,4.0,4.4,0.0,0.0,0.0,5.24,1,44
2023-24,38,377,564,Tom King,GK,Wolves,20,11,0,2024-05-19T15:00:00Z,0,0,0,0,0,0,0,0,0.0,0.0,0.0,0.0,0.0,0.0,0.0,0.0,0,39
2023-24,38,377,565,Mario Lemina,MID,Wolves,20,11,0,2024-05-19T15:00:00Z,90,2,0,0,0,2,0,9,18.8,3.3,0.0,2.2,0.0,0.0,0.0,5.24,1,49
2023-24,38,379,566,Matheus Luiz Nunes,MID,Man City,13,19,1,2024-05-19T15:00:00Z,0,0,0,0,0,0,0,0,0.0,0.0,0.0,0.0,0.0,0.0,0.0,0.0,0,47
2023-24,38,377,567,Pedro Lomba Neto,MID,Wolves,20,11,0,2024-05-19T15:00:00Z,12,1,0,0,0,0,0,3,4.4,2.1,7.0,1.4,0.05,0.01,0.06,0.58,0,55
2023-24,38,377,568,Daniel Castelo Podence,MID,Wolves,20,11,0,2024-05-19T15:00:00Z,0,0,0,0,0,0,0,0,0.0,0.0,0.0,0.0,0.0,0.0,0.0,0.0,0,53
2023-24,38,377,569,José Malheiro de Sá,GK,Wolves,20,11,0,2024-05-19T15:00:00Z,90,4,0,0,0,2,0,32,75.0,0.0,0.0,7.5,0.0,0.0,0.0,5.24,1,50
2023-24,38,377,570,Pablo Sarabia,MID,Wolves,20,11,0,2024-05-19T15:00:00Z,0,0,0,0,0,0,0,0,0.0,0.0,0.0,0.0,0.0,0.0,0.0,0.0,0,45
2023-24,38,377,571,Matija Šarkić,GK,Wolves,20,11,0,2024-05-19T15:00:00Z,0,0,0,0,0,0,0,0,0.0,0.0,0.0,0.0,0.0,0.0,0.0,0.0,0,40
2023-24,38,377,572,Nélson Cabral Semedo,DEF,Wolves,20,11,0,2024-05-19T15:00:00Z,27,-3,0,0,0,2,0,-7,0.0,0.1,0.0,0.0,0.0,0.0,0.0,9.84,1,45
2023-24,38,377,573,Toti António Gomes,DEF,Wolves,20,11,0,2024-05-19T15:00:00Z,90,0,0,0,0,2,0,1,6.2,1.2,4.0,1.1,0.0,0.0,0.0,5.24,1,44
2023-24,38,377,574,Boubacar Traoré,MID,Wolves,20,11,0,2024-05-19T15:00:00Z,27,1,0,0,0,0,0,4,2.8,1.8,0.0,0.5,0.0,0.01,0.01,0.77,0,43
2023-24,38,378,575,Tom Lockyer,DEF,Luton,12,10,1,2024-05-19T15:00:00Z,0,0,0,0,0,0,0,0,0.0,0.0,0.0,0.0,0.0,0.0,0.0,0.0,0,42
2023-24,38,380,576,Jack Robinson,DEF,Sheffield Utd,17,18,1,2024-05-19T15:00:00Z,90,0,0,0,0,3,0,5,16.4,0.3,0.0,1.7,0.0,0.0,0.0,3.28,1,43
2023-24,38,379,577,Angelo Ogbonna,DEF,West Ham,19,13,0,2024-05-19T15:00:00Z,0,0,0,0,0,0,0,0,0.0,0.0,0.0,0.0,0.0,0.0,0.0,0.0,0,42
2023-24,38,371,578,Reiss Nelson,MID,Arsenal,1,9,1,2024-05-19T15:00:00Z,0,0,0,0,0,0,0,0,0.0,0.0,0.0,0.0,0.0,0.0,0.0,0.0,0,48
2023-24,38,371,579,Andy Lonergan,GK,Everton,9,1,0,2024-05-19T15:00:00Z,0,0,0,0,0,0,0,0,0.0,0.0,0.0,0.0,0.0,0.0,0.0,0.0,0,39
2023-24,38,372,580,Loris Karius,GK,Newcastle,15,4,0,2024-05-19T15:00:00Z,0,0,0,0,0,0,0,0,0.0,0.0,0.0,0.0,0.0,0.0,0.0,0.0,0,39
2023-24,38,372,581,Paul Dummett,DEF,Newcastle,15,4,0,2024-05-19T15:00:00Z,1,1,0,0,0,0,0,3,0.2,0.0,0.0,0.0,0.0,0.0,0.0,0.03,0,39
2023-24,38,378,582,Pelly Ruddock Mpanzu,MID,Luton,12,10,1,2024-05-19T15:00:00Z,20,1,0,0,0,0,0,5,3.2,0.2,0.0,0.3,0.0,0.0,0.0,0.43,0,46
2023-24,38,380,583,Manor Solomon,MID,Spurs,18,17,0,2024-05-19T15:00:00Z,0,0,0,0,0,0,0,0,0.0,0.0,0.0,0.0,0.0,0.0,0.0,0.0,0,51
2023-24,38,376,584,Pau Torres,DEF,Aston Villa,2,8,0,2024-05-19T15:00:00Z,0,0,0,0,0,0,0,0,0.0,0.0,0.0,0.0,0.0,0.0,0.0,0.0,0,46
2023-24,38,371,585,Jurriën Timber,DEF,Arsenal,1,9,1,2024-05-19T15:00:00Z,21,0,0,0,0,0,0,1,2.2,2.3,2.0,0.7,0.0,0.01,0.01,0.0,0,46
2023-24,38,378,586,Tahith Chong,MID,Luton,12,10,1,2024-05-19T15:00:00Z,90,2,0,0,0,4,0,1,3.8,2.3,2.0,0.8,0.07,0.0,0.07,1.06,1,44
2023-24,38,380,587,Anis Slimane,MID,Sheffield Utd,17,18,1,2024-05-19T15:00:00Z,0,0,0,0,0,0,0,0,0.0,0.0,0.0,0.0,0.0,0.0,0.0,0.0,0,47
2023-24,38,371,588,Ashley Young,DEF,Everton,9,1,0,2024-05-19T15:00:00Z,90,1,0,0,0,2,0,8,14.8,1.1,0.0,1.6,0.0,0.01,0.01,2.89,1,44
2023-24,38,375,589,Ângelo Gabriel Borges Damaceno,MID,Chelsea,7,3,1,2024-05-19T15:00:00Z,0,0,0,0,0,0,0,0,0.0,0.0,0.0,0.0,0.0,0.0,0.0,0.0,0,50
2023-24,38,377,590,Matheus Santos Carneiro Da Cunha,FWD,Wolves,20,11,0,2024-05-19T15:00:00Z,77,2,0,0,0,2,0,0,2.4,12.8,9.0,2.4,0.29,0.02,0.31,4.67,1,55
2023-24,38,378,591,Willian Borges da Silva,MID,Fulham,10,12,0,2024-05-19T15:00:00Z,0,0,0,0,0,0,0,0,0.0,0.0,0.0,0.0,0.0,0.0,0.0,0.0,0,53
2023-24,38,380,592,Yasser Larouci,DEF,Sheffield Utd,17,18,1,2024-05-19T15:00:00Z,0,0,0,0,0,0,0,0,0.0,0.0,0.0,0.0,0.0,0.0,0.0,0.0,0,43
2023-24,38,380,593,Bénie Traoré,FWD,Sheffield Utd,17,18,1,2024-05-19T15:00:00Z,0,0,0,0,0,0,0,0,0.0,0.0,0.0,0.0,0.0,0.0,0.0,0.0,0,51
2023-24,38,374,594,Zeki Amdouni,FWD,Burnley,6,16,1,2024-05-19T15:00:00Z,74,2,0,0,0,2,0,-2,0.0,14.3,16.0,2.7,0.47,0.04,0.51,1.41,1,51
2023-24,38,375,595,Milos Kerkez,DEF,Bournemouth,3,7,0,2024-05-19T15:00:00Z,90,0,0,0,0,2,0,7,9.6,28.8,2.0,4.0,0.0,0.26,0.26,0.99,1,44
2023-24,38,374,596,James Trafford,GK,Burnley,6,16,1,2024-05-19T15:00:00Z,0,0,0,0,0,0,0,0,0.0,0.0,0.0,0.0,0.0,0.0,0.0,0.0,0,44
2023-24,38,373,597,André Onana,GK,Man Utd,14,5,0,2024-05-19T15:00:00Z,90,7,0,0,1,0,1,29,21.0,0.0,0.0,2.1,0.0,0.0,0.0,1.55,1,50
2023-24,38,377,598,Matt Doherty,DEF,Wolves,20,11,0,2024-05-19T15:00:00Z,28,1,0,0,0,0,0,4,13.0,0.0,0.0,1.3,0.0,0.0,0.0,0.77,0,43
2023-24,38,376,599,Moussa Diaby,MID,Aston Villa,2,8,0,2024-05-19T15:00:00Z,86,2,0,0,0,5,0,-2,6.6,1.4,34.0,4.2,0.63,0.01,0.64,2.48,1,63
2023-24,38,374,600,Nathan Redmond,MID,Burnley,6,16,1,2024-05-19T15:00:00Z,0,0,0,0,0,0,0,0,0.0,0.0,0.0,0.0,0.0,0.0,0.0,0.0,0,47
2023-24,38,371,601,Arnaut Danjuma Groeneveld,MID,Everton,9,1,0,2024-05-19T15:00:00Z,0,0,0,0,0,0,0,0,0.0,0.0,0.0,0.0,0.0,0.0,0.0,0.0,0,52
2023-24,38,378,602,Issa Kaboré,DEF,Luton,12,10,1,2024-05-19T15:00:00Z,0,0,0,0,0,0,0,0,0.0,0.0,0.0,0.0,0.0,0.0,0.0,0.0,0,40
2023-24,38,372,603,Harvey Barnes,MID,Newcastle,15,4,0,2024-05-19T15:00:00Z,67,7,1,0,0,1,0,24,34.6,3.6,39.0,7.7,0.55,0.01,0.56,1.08,1,62
2023-24,38,374,604,Olu Aina,DEF,Nott'm Forest,16,6,0,2024-05-19T15:00:00Z,0,0,0,0,0,0,0,0,0.0,0.0,0.0,0.0,0.0,0.0,0.0,0.0,0,45
2023-24,38,374,605,Luca Koleosho,MID,Burnley,6,16,1,2024-05-19T15:00:00Z,0,0,0,0,0,0,0,0,0.0,0.0,0.0,0.0,0.0,0.0,0.0,0.0,0,48
2023-24,38,373,606,Igor Julio dos Santos de Paulo,DEF,Brighton,5,14,1,2024-05-19T15:00:00Z,90,1,0,0,0,2,0,13,19.0,3.5,0.0,2.3,0.0,0.02,0.02,1.2,1,43
2023-24,38,375,607,Ionuț Radu,GK,Bournemouth,3,7,0,2024-05-19T15:00:00Z,0,0,0,0,0,0,0,0,0.0,0.0,0.0,0.0,0.0,0.0,0.0,0.0,0,43
2023-24,38,374,608,Jacob Bruun Larsen,MID,Burnley,6,16,1,2024-05-19T15:00:00Z,45,1,0,0,0,2,0,6,9.6,41.3,13.0,6.4,0.06,0.15,0.21,1.01,1,48
2023-24,38,375,609,Ian Maatsen,MID,Chelsea,7,3,1,2024-05-19T15:00:00Z,0,0,0,0,0,0,0,0,0.0,0.0,0.0,0.0,0.0,0.0,0.0,0.0,0,51
2023-24,38,378,610,Calvin Bassey,DEF,Fulham,10,12,0,2024-05-19T15:00:00Z,90,1,0,0,0,2,0,12,6.6,0.6,0.0,0.7,0.0,0.0,0.0,2.11,1,44
2023-24,38,375,611,Axel Disasi,DEF,Chelsea,7,3,1,2024-05-19T15:00:00Z,0,0,0,0,0,0,0,0,0.0,0.0,0.0,0.0,0.0,0.0,0.0,0.0,0,49
2023-24,38,375,613,Lesley Ugochukwu,MID,Chelsea,7,3,1,2024-05-19T15:00:00Z,26,1,0,0,0,0,0,5,9.8,22.4,2.0,3.4,0.0,0.03,0.03,0.68,0,44
2023-24,38,378,614,Thomas Kaminski,GK,Luton,12,10,1,2024-05-19T15:00:00Z,75,0,0,0,0,4,0,11,12.2,10.0,0.0,2.2,0.0,0.01,0.01,0.63,1,45
2023-24,38,376,615,Matheus França de Oliveira,MID,Crystal Palace,8,2,1,2024-05-19T15:00:00Z,0,0,0,0,0,0,0,0,0.0,0.0,0.0,0.0,0.0,0.0,0.0,0.0,0,48
2023-24,38,379,616,Joško Gvardiol,DEF,Man City,13,19,1,2024-05-19T15:00:00Z,90,2,0,0,0,1,0,14,14.0,19.3,11.0,4.4,0.09,0.08,0.17,0.36,1,52
2023-24,38,373,617,Rasmus Højlund,FWD,Man Utd,14,5,0,2024-05-19T15:00:00Z,30,7,1,0,0,0,2,33,40.4,10.9,17.0,6.8,0.15,0.03,0.18,0.08,0,71
2023-24,38,376,618,Omari Kellyman,MID,Aston Villa,2,8,0,2024-05-19T15:00:00Z,22,1,0,0,0,1,0,3,2.2,0.2,0.0,0.2,0.0,0.0,0.0,0.33,0,45
2023-24,38,375,619,Ben Greenwood,DEF,Bournemouth,3,7,0,2024-05-19T15:00:00Z,0,0,0,0,0,0,0,0,0.0,0.0,0.0,0.0,0.0,0.0,0.0,0.0,0,40
2023-24,38,372,620,Michael Olakigbe,MID,Brentford,4,15,1,2024-05-19T15:00:00Z,0,0,0,0,0,0,0,0,0.0,0.0,0.0,0.0,0.0,0.0,0.0,0.0,0,45
2023-24,38,373,621,Jack Hinshelwood,MID,Brighton,5,14,1,2024-05-19T15:00:00Z,0,0,0,0,0,0,0,0,0.0,0.0,0.0,0.0,0.0,0.0,0.0,0.0,0,45
2023-24,38,374,622,Owen Dodgson,DEF,Burnley,6,16,1,2024-05-19T15:00:00Z,0,0,0,0,0,0,0,0,0.0,0.0,0.0,0.0,0.0,0.0,0.0,0.0,0,40
2023-24,38,375,623,Mason Burstow,FWD,Chelsea,7,3,1,2024-05-19T15:00:00Z,0,0,0,0,0,0,0,0,0.0,0.0,0.0,0.0,0.0,0.0,0.0,0.0,0,45
2023-24,38,371,624,Lewis Dobbin,MID,Everton,9,1,0,2024-05-19T15:00:00Z,0,0,0,0,0,0,0,0,0.0,0.0,0.0,0.0,0.0,0.0,0.0,0.0,0,45
2023-24,38,378,625,Luc De Fougerolles,DEF,Fulham,10,12,0,2024-05-19T15:00:00Z,0,0,0,0,0,0,0,0,0.0,0.0,0.0,0.0,0.0,0.0,0.0,0.0,0,39
2023-24,38,377,626,Jarell Quansah,DEF,Liverpool,11,20,1,2024-05-19T15:00:00Z,90,15,1,0,1,0,3,42,64.4,14.0,68.0,14.6,0.82,0.03,0.85,0.56,1,40
2023-24,38,377,627,Bobby Clark,MID,Liverpool,11,20,1,2024-05-19T15:00:00Z,0,0,0,0,0,0,0,0,0.0,0.0,0.0,0.0,0.0,0.0,0.0,0.0,0,44
2023-24,38,377,628,Ben Doak,MID,Liverpool,11,20,1,2024-05-19T15:00:00Z,0,0,0,0,0,0,0,0,0.0,0.0,0.0,0.0,0.0,0.0,0.0,0.0,0,43
2023-24,38,377,629,James McConnell,MID,Liverpool,11,20,1,2024-05-19T15:00:00Z,0,0,0,0,0,0,0,0,0.0,0.0,0.0,0.0,0.0,0.0,0.0,0.0,0,44
2023-24,38,378,630,Ross Barkley,MID,Luton,12,10,1,2024-05-19T15:00:00Z,0,0,0,0,0,0,0,0,0.0,0.0,0.0,0.0,0.0,0.0,0.0,0.0,0,45
2023-24,38,378,631,Jacob Brown,FWD,Luton,12,10,1,2024-05-19T15:00:00Z,0,0,0,0,0,0,0,0,0.0,0.0,0.0,0.0,0.0,0.0,0.0,0.0,0,49
2023-24,38,373,632,Omari Forson,MID,Man Utd,14,5,0,2024-05-19T15:00:00Z,0,0,0,0,0,0,0,0,0.0,0.0,0.0,0.0,0.0,0.0,0.0,0.0,0,44
2023-24,38,372,633,Tino Livramento,DEF,Newcastle,15,4,0,2024-05-19T15:00:00Z,0,0,0,0,0,0,0,0,0.0,0.0,0.0,0.0,0.0,0.0,0.0,0.0,0,40
2023-24,38,372,634,Alex Murphy,DEF,Newcastle,15,4,0,2024-05-19T15:00:00Z,0,0,0,0,0,0,0,0,0.0,0.0,0.0,0.0,0.0,0.0,0.0,0.0,0,39
2023-24,38,372,635,Lewis Miley,MID,Newcastle,15,4,0,2024-05-19T15:00:00Z,0,0,0,0,0,0,0,0,0.0,0.0,0.0,0.0,0.0,0.0,0.0,0.0,0,45
2023-24,38,374,636,George Shelvey,GK,Nott'm Forest,16,6,0,2024-05-19T15:00:00Z,0,0,0,0,0,0,0,0,0.0,0.0,0.0,0.0,0.0,0.0,0.0,0.0,0,39
2023-24,38,374,637,Josh Powell,DEF,Nott'm Forest,16,6,0,2024-05-19T15:00:00Z,0,0,0,0,0,0,0,0,0.0,0.0,0.0,0.0,0.0,0.0,0.0,0.0,0,39
2023-24,38,380,638,Vini de Souza Costa,MID,Sheffield Utd,17,18,1,2024-05-19T15:00:00Z,85,1,0,0,0,3,0,3,8.2,1.6,0.0,1.0,0.0,0.0,0.0,3.28,0,50
2023-24,38,380,639,Micky van de Ven,DEF,Spurs,18,17,0,2024-05-19T15:00:00Z,90,6,0,0,1,0,0,25,8.0,4.9,2.0,1.5,0.0,0.03,0.03,0.7,1,44
2023-24,38,380,640,Dane Scarlett,FWD,Spurs,18,17,0,2024-05-19T15:00:00Z,2,1,0,0,0,0,0,5,2.0,0.0,0.0,0.2,0.0,0.0,0.0,0.0,0,45
2023-24,38,380,641,Alejo Véliz,FWD,Spurs,18,17,0,2024-05-19T15:00:00Z,0,0,0,0,0,0,0,0,0.0,0.0,0.0,0.0,0.0,0.0,0.0,0.0,0,54
2023-24,38,379,642,Edson Álvarez Velázquez,MID,West Ham,19,13,0,2024-05-19T15:00:00Z,19,0,0,0,0,0,0,-2,0.0,0.5,0.0,0.0,0.0,0.0,0.0,0.21,0,50
2023-24,38,375,643,Max Aarons,DEF,Bournemouth,3,7,0,2024-05-19T15:00:00Z,69,1,0,0,0,2,0,7,3.8,1.5,0.0,0.5,0.0,0.01,0.01,0.61,1,44
2023-24,38,375,644,Alex Scott,MID,Bournemouth,3,7,0,2024-05-19T15:00:00Z,20,1,0,0,0,0,0,2,0.2,1.0,0.0,0.1,0.0,0.02,0.02,0.38,0,49
2023-24,38,371,645,Youssef Ramalho Chermiti,FWD,Everton,9,1,0,2024-05-19T15:00:00Z,15,1,0,0,0,1,0,0,2.0,0.0,2.0,0.4,0.0,0.0,0.0,1.16,0,48
2023-24,38,371,646,Karl Hein,GK,Arsenal,1,9,1,2024-05-19T15:00:00Z,0,0,0,0,0,0,0,0,0.0,0.0,0.0,0.0,0.0,0.0,0.0,0.0,0,40
2023-24,38,379,647,Joseph Anang,GK,West Ham,19,13,0,2024-05-19T15:00:00Z,0,0,0,0,0,0,0,0,0.0,0.0,0.0,0.0,0.0,0.0,0.0,0.0,0,40
2023-24,38,378,648,Aidan Francis-Clarke,DEF,Luton,12,10,1,2024-05-19T15:00:00Z,0,0,0,0,0,0,0,0,0.0,0.0,0.0,0.0,0.0,0.0,0.0,0.0,0,40
2023-24,38,371,649,Thomas Cannon,FWD,Everton,9,1,0,2024-05-19T15:00:00Z,0,0,0,0,0,0,0,0,0.0,0.0,0.0,0.0,0.0,0.0,0.0,0.0,0,45
2023-24,38,371,650,Tyler Onyango,MID,Everton,9,1,0,2024-05-19T15:00:00Z,0,0,0,0,0,0,0,0,0.0,0.0,0.0,0.0,0.0,0.0,0.0,0.0,0,44
2023-24,38,378,651,Jay Stansfield,FWD,Fulham,10,12,0,2024-05-19T15:00:00Z,0,0,0,0,0,0,0,0,0.0,0.0,0.0,0.0,0.0,0.0,0.0,0.0,0,45
2023-24,38,378,652,Matthew Dibley-Dias,MID,Fulham,10,12,0,2024-05-19T15:00:00Z,0,0,0,0,0,0,0,0,0.0,0.0,0.0,0.0,0.0,0.0,0.0,0.0,0,45
2023-24,38,380,653,Femi Seriki,DEF,Sheffield Utd,17,18,1,2024-05-19T15:00:00Z,0,0,0,0,0,0,0,0,0.0,0.0,0.0,0.0,0.0,0.0,0.0,0.0,0,39
2023-24,38,380,654,Louie Marsh,FWD,Sheffield Utd,17,18,1,2024-05-19T15:00:00Z,0,0,0,0,0,0,0,0,0.0,0.0,0.0,0.0,0.0,0.0,0.0,0.0,0,45
2023-24,38,380,655,Andre Brooks,MID,Sheffield Utd,17,18,1,2024-05-19T15:00:00Z,28,1,0,0,0,1,0,0,0.8,0.8,0.0,0.2,0.0,0.01,0.01,1.11,0,44
2023-24,38,380,656,Antwoine Hackford,FWD,Sheffield Utd,17,18,1,2024-05-19T15:00:00Z,0,0,0,0,0,0,0,0,0.0,0.0,0.0,0.0,0.0,0.0,0.0,0.0,0,44
2023-24,38,376,657,Jesurun Rak-Sakyi,MID,Crystal Palace,8,2,1,2024-05-19T15:00:00Z,0,0,0,0,0,0,0,0,0.0,0.0,0.0,0.0,0.0,0.0,0.0,0.0,0,45
2023-24,38,376,658,John-Kymani Gordon,FWD,Crystal Palace,8,2,1,2024-05-19T15:00:00Z,0,0,0,0,0,0,0,0,0.0,0.0,0.0,0.0,0.0,0.0,0.0,0.0,0,45
2023-24,38,375,659,Lucas Bergström,GK,Chelsea,7,3,1,2024-05-19T15:00:00Z,0,0,0,0,0,0,0,0,0.0,0.0,0.0,0.0,0.0,0.0,0.0,0.0,0,39
2023-24,38,374,660,Wilson Odobert,MID,Burnley,6,16,1,2024-05-19T15:00:00Z,90,2,0,0,0,2,0,7,1.0,9.7,26.0,3.7,0.29,0.07,0.36,1.45,1,50
2023-24,38,371,661,Jack Harrison,MID,Everton,9,1,0,2024-05-19T15:00:00Z,0,0,0,0,0,0,0,0,0.0,0.0,0.0,0.0,0.0,0.0,0.0,0.0,0,55
2023-24,38,378,662,Adama Traoré,MID,Fulham,10,12,0,2024-05-19T15:00:00Z,78,10,1,1,0,2,1,34,51.0,27.9,18.0,9.7,0.15,0.21,0.36,1.73,1,49
2023-24,38,380,663,Gustavo Hamer,MID,Sheffield Utd,17,18,1,2024-05-19T15:00:00Z,90,2,0,0,0,3,0,10,16.2,25.7,11.0,5.3,0.15,0.22,0.37,3.28,1,49
2023-24,38,379,664,James Ward-Prowse,MID,West Ham,19,13,0,2024-05-19T15:00:00Z,90,2,0,0,0,3,0,8,8.4,18.6,0.0,2.7,0.0,0.05,0.05,2.01,1,57
2023-24,38,378,665,Tim Krul,GK,Luton,12,10,1,2024-05-19T15:00:00Z,0,0,0,0,0,0,0,0,0.0,0.0,0.0,0.0,0.0,0.0,0.0,0.0,0,44
2023-24,38,380,666,Tom Davies,MID,Sheffield Utd,17,18,1,2024-05-19T15:00:00Z,0,0,0,0,0,0,0,0,0.0,0.0,0.0,0.0,0.0,0.0,0.0,0.0,0,50
2023-24,38,375,667,Roméo Lavia,MID,Chelsea,7,3,1,2024-05-19T15:00:00Z,0,0,0,0,0,0,0,0,0.0,0.0,0.0,0.0,0.0,0.0,0.0,0.0,0,49
2023-24,38,377,668,Wataru Endo,MID,Liverpool,11,20,1,2024-05-19T15:00:00Z,90,2,0,0,1,0,0,13,17.2,27.2,7.0,5.1,0.04,0.04,0.08,0.56,1,54
2023-24,38,373,669,Radek Vítek,GK,Man Utd,14,5,0,2024-05-19T15:00:00Z,0,0,0,0,0,0,0,0,0.0,0.0,0.0,0.0,0.0,0.0,0.0,0.0,0,40
2023-24,38,376,670,Filip Marschall,GK,Aston Villa,2,8,0,2024-05-19T15:00:00Z,0,0,0,0,0,0,0,0,0.0,0.0,0.0,0.0,0.0,0.0,0.0,0.0,0,40
2023-24,38,375,671,Bashir Humphreys,DEF,Chelsea,7,3,1,2024-05-19T15:00:00Z,0,0,0,0,0,0,0,0,0.0,0.0,0.0,0.0,0.0,0.0,0.0,0.0,0,40
2023-24,38,376,672,Nicolò Zaniolo,MID,Aston Villa,2,8,0,2024-05-19T15:00:00Z,0,0,0,0,0,0,0,0,0.0,0.0,0.0,0.0,0.0,0.0,0.0,0.0,0,54
2023-24,38,375,673,Tyler Adams,MID,Bournemouth,3,7,0,2024-05-19T15:00:00Z,0,0,0,0,0,0,0,0,0.0,0.0,0.0,0.0,0.0,0.0,0.0,0.0,0,49
2023-24,38,374,674,Hannes Delcroix,DEF,Burnley,6,16,1,2024-05-19T15:00:00Z,0,0,0,0,0,0,0,0,0.0,0.0,0.0,0.0,0.0,0.0,0.0,0.0,0,40
2023-24,38,374,675,Aaron Ramsey,MID,Burnley,6,16,1,2024-05-19T15:00:00Z,0,0,0,0,0,0,0,0,0.0,0.0,0.0,0.0,0.0,0.0,0.0,0.0,0,50
2023-24,38,379,676,Konstantinos Mavropanos,DEF,West Ham,19,13,0,2024-05-19T15:00:00Z,90,1,0,0,0,3,0,9,10.6,0.0,4.0,1.5,0.05,0.0,0.05,2.01,1,45
2023-24,38,375,677,Deivid Washington de Souza Eugênio,FWD,Chelsea,7,3,1,2024-05-19T15:00:00Z,0,0,0,0,0,0,0,0,0.0,0.0,0.0,0.0,0.0,0.0,0.0,0.0,0,45
2023-24,38,379,678,Jérémy Doku,MID,Man City,13,19,1,2024-05-19T15:00:00Z,90,5,0,1,0,1,0,19,44.0,39.4,72.0,15.5,0.09,0.16,0.25,0.36,1,64
2023-24,38,374,679,Gonzalo Montiel,DEF,Nott'm Forest,16,6,0,2024-05-19T15:00:00Z,90,3,0,0,0,1,1,21,22.6,0.4,2.0,2.5,0.0,0.01,0.01,1.21,1,44
2023-24,38,375,680,Eddie Beach,GK,Chelsea,7,3,1,2024-05-19T15:00:00Z,0,0,0,0,0,0,0,0,0.0,0.0,0.0,0.0,0.0,0.0,0.0,0.0,0,40
2023-24,38,375,681,Diego Manuel Jadon da Silva Moreira,MID,Chelsea,7,3,1,2024-05-19T15:00:00Z,0,0,0,0,0,0,0,0,0.0,0.0,0.0,0.0,0.0,0.0,0.0,0.0,0,45
2023-24,38,378,682,Joseph Johnson,DEF,Luton,12,10,1,2024-05-19T15:00:00Z,73,-1,0,0,0,4,0,3,1.0,0.9,0.0,0.2,0.0,0.0,0.0,1.03,0,40
2023-24,38,378,683,Luke Harris,MID,Fulham,10,12,0,2024-05-19T15:00:00Z,0,0,0,0,0,0,0,0,0.0,0.0,0.0,0.0,0.0,0.0,0.0,0.0,0,45
2023-24,38,372,684,Ethan Brierley,MID,Brentford,4,15,1,2024-05-19T15:00:00Z,0,0,0,0,0,0,0,0,0.0,0.0,0.0,0.0,0.0,0.0,0.0,0.0,0,45
2023-24,38,373,685,Daniel Gore,MID,Man Utd,14,5,0,2024-05-19T15:00:00Z,0,0,0,0,0,0,0,0,0.0,0.0,0.0,0.0,0.0,0.0,0.0,0.0,0,45
2023-24,38,376,686,Oliwier Zych,GK,Aston Villa,2,8,0,2024-05-19T15:00:00Z,0,0,0,0,0,0,0,0,0.0,0.0,0.0,0.0,0.0,0.0,0.0,0.0,0,40
2023-24,38,375,687,Đorđe Petrović,GK,Chelsea,7,3,1,2024-05-19T15:00:00Z,90,3,0,0,0,1,0,18,38.4,0.0,0.0,3.8,0.0,0.0,0.0,2.15,1,47
2023-24,38,378,688,Timothy Castagne,DEF,Fulham,10,12,0,2024-05-19T15:00:00Z,1,1,0,0,0,0,0,3,0.4,0.1,0.0,0.1,0.0,0.0,0.0,0.0,0,45
2023-24,38,379,689,Mohammed Kudus,MID,West Ham,19,13,0,2024-05-19T15:00:00Z,90,7,1,0,0,3,0,16,42.8,3.0,40.0,8.6,0.31,0.0,0.31,2.01,1,67
2023-24,38,373,690,Carlos Baleba,MID,Brighton,5,14,1,2024-05-19T15:00:00Z,80,2,0,0,0,1,0,13,8.8,11.9,2.0,2.3,0.06,0.02,0.08,1.02,1,45
2023-24,38,371,691,Norberto Bercique Gomes Betuncal,FWD,Everton,9,1,0,2024-05-19T15:00:00Z,1,1,0,0,0,0,0,3,0.0,0.0,0.0,0.0,0.0,0.0,0.0,0.12,0,57
2023-24,38,378,692,Steven Benda,GK,Fulham,10,12,0,2024-05-19T15:00:00Z,0,0,0,0,0,0,0,0,0.0,0.0,0.0,0.0,0.0,0.0,0.0,0.0,0,40
2023-24,38,380,693,Luke Thomas,DEF,Sheffield Utd,17,18,1,2024-05-19T15:00:00Z,0,0,0,0,0,0,0,0,0.0,0.0,0.0,0.0,0.0,0.0,0.0,0.0,0,40
2023-24,38,374,694,Han-Noah Massengo,MID,Burnley,6,16,1,2024-05-19T15:00:00Z,0,0,0,0,0,0,0,0,0.0,0.0,0.0,0.0,0.0,0.0,0.0,0.0,0,49
2023-24,38,373,695,Altay Bayindir,GK,Man Utd,14,5,0,2024-05-19T15:00:00Z,0,0,0,0,0,0,0,0,0.0,0.0,0.0,0.0,0.0,0.0,0.0,0.0,0,39
2023-24,38,374,696,Murillo Santiago Costa dos Santos,DEF,Nott'm Forest,16,6,0,2024-05-19T15:00:00Z,90,2,0,0,0,1,0,9,23.6,0.2,11.0,3.5,0.07,0.0,0.07,1.21,1,45
2023-24,38,377,697,Santiago Bueno,DEF,Wolves,20,11,0,2024-05-19T15:00:00Z,83,1,0,0,0,2,0,9,17.0,10.2,0.0,2.7,0.0,0.0,0.0,4.78,1,45
2023-24,38,377,698,Enso González,MID,Wolves,20,11,0,2024-05-19T15:00:00Z,0,0,0,0,0,0,0,0,0.0,0.0,0.0,0.0,0.0,0.0,0.0,0.0,0,50
2023-24,38,376,699,Clément Lenglet,DEF,Aston Villa,2,8,0,2024-05-19T15:00:00Z,90,-1,0,0,0,5,0,10,9.4,1.1,0.0,1.1,0.0,0.01,0.01,2.48,1,45
2023-24,38,373,700,Anssumane Fati Vieira,MID,Brighton,5,14,1,2024-05-19T15:00:00Z,9,1,0,0,0,1,0,4,2.0,1.3,11.0,1.4,0.05,0.0,0.05,0.18,0,64
2023-24,38,372,701,Saman Ghoddos,MID,Brentford,4,15,1,2024-05-19T15:00:00Z,27,1,0,0,0,1,0,6,5.6,0.9,0.0,0.7,0.0,0.01,0.01,0.71,0,45
2023-24,38,380,702,Ashley Phillips,DEF,Spurs,18,17,0,2024-05-19T15:00:00Z,0,0,0,0,0,0,0,0,0.0,0.0,0.0,0.0,0.0,0.0,0.0,0.0,0,40
2023-24,38,373,703,Jonny Evans,DEF,Man Utd,14,5,0,2024-05-19T15:00:00Z,31,1,0,0,0,0,0,2,6.2,0.3,0.0,0.7,0.0,0.0,0.0,0.08,0,40
2023-24,38,377,704,Nathan Fraser,FWD,Wolves,20,11,0,2024-05-19T15:00:00Z,0,0,0,0,0,0,0,0,0.0,0.0,0.0,0.0,0.0,0.0,0.0,0.0,0,45
2023-24,38,375,705,Luis Sinisterra,MID,Bournemouth,3,7,0,2024-05-19T15:00:00Z,0,0,0,0,0,0,0,0,0.0,0.0,0.0,0.0,0.0,0.0,0.0,0.0,0,55
2023-24,38,374,706,Mike Trésor,MID,Burnley,6,16,1,2024-05-19T15:00:00Z,0,0,0,0,0,0,0,0,0.0,0.0,0.0,0.0,0.0,0.0,0.0,0.0,0,52
2023-24,38,378,707,Fodé Ballo-Touré,DEF,Fulham,10,12,0,2024-05-19T15:00:00Z,12,1,0,0,0,0,0,1,0.2,0.1,0.0,0.0,0.0,0.0,0.0,0.38,0,45
2023-24,38,377,708,Ryan Gravenberch,MID,Liverpool,11,20,1,2024-05-19T15:00:00Z,20,1,0,0,0,0,0,3,4.6,12.6,4.0,2.1,0.03,0.01,0.04,0.05,0,50
2023-24,38,373,709,Sofyan Amrabat,MID,Man Utd,14,5,0,2024-05-19T15:00:00Z,68,2,0,0,1,0,0,5,9.2,1.7,0.0,1.1,0.0,0.01,0.01,1.49,1,50
2023-24,38,374,710,Odysseas Vlachodimos,GK,Nott'm Forest,16,6,0,2024-05-19T15:00:00Z,0,0,0,0,0,0,0,0,0.0,0.0,0.0,0.0,0.0,0.0,0.0,0.0,0,45
2023-24,38,374,711,Andrew Omobamidele,DEF,Nott'm Forest,16,6,0,2024-05-19T15:00:00Z,0,0,0,0,0,0,0,0,0.0,0.0,0.0,0.0,0.0,0.0,0.0,0.0,0,45
2023-24,38,374,712,Nicolás Domínguez,MID,Nott'm Forest,16,6,0,2024-05-19T15:00:00Z,0,0,0,0,0,0,0,0,0.0,0.0,0.0,0.0,0.0,0.0,0.0,0.0,0,50
2023-24,38,374,713,Ibrahim Sangaré,MID,Nott'm Forest,16,6,0,2024-05-19T15:00:00Z,32,1,0,0,0,1,0,4,9.4,10.3,0.0,2.0,0.0,0.01,0.01,0.38,0,49
2023-24,38,374,714,Divock Origi,FWD,Nott'm Forest,16,6,0,2024-05-19T15:00:00Z,0,0,0,0,0,0,0,0,0.0,0.0,0.0,0.0,0.0,0.0,0.0,0.0,0,50
2023-24,38,377,715,Jean-Ricner Bellegarde,MID,Wolves,20,11,0,2024-05-19T15:00:00Z,62,2,0,0,0,2,0,7,5.2,1.6,0.0,0.7,0.0,0.0,0.0,4.48,1,49
2023-24,38,375,716,Alfie Gilchrist,DEF,Chelsea,7,3,1,2024-05-19T15:00:00Z,0,0,0,0,0,0,0,0,0.0,0.0,0.0,0.0,0.0,0.0,0.0,0.0,0,40
2023-24,38,375,717,Ronnie Stutter,FWD,Chelsea,7,3,1,2024-05-19T15:00:00Z,0,0,0,0,0,0,0,0,0.0,0.0,0.0,0.0,0.0,0.0,0.0,0.0,0,45
2023-24,38,375,718,Alex Matos,MID,Chelsea,7,3,1,2024-05-19T15:00:00Z,0,0,0,0,0,0,0,0,0.0,0.0,0.0,0.0,0.0,0.0,0.0,0.0,0,45
2023-24,38,371,719,Mackenzie Hunt,MID,Everton,9,1,0,2024-05-19T15:00:00Z,0,0,0,0,0,0,0,0,0.0,0.0,0.0,0.0,0.0,0.0,0.0,0.0,0,45
2023-24,38,376,720,Ademola Ola-Adebomi,FWD,Crystal Palace,8,2,1,2024-05-19T15:00:00Z,0,0,0,0,0,0,0,0,0.0,0.0,0.0,0.0,0.0,0.0,0.0,0.0,0,45
2023-24,38,376,721,David Ozoh,MID,Crystal Palace,8,2,1,2024-05-19T15:00:00Z,0,0,0,0,0,0,0,0,0.0,0.0,0.0,0.0,0.0,0.0,0.0,0.0,0,45
2023-24,38,380,722,Jamie Donley,FWD,Spurs,18,17,0,2024-05-19T15:00:00Z,0,0,0,0,0,0,0,0,0.0,0.0,0.0,0.0,0.0,0.0,0.0,0.0,0,45
2023-24,38,375,723,Josh Brooking,DEF,Chelsea,7,3,1,2024-05-19T15:00:00Z,0,0,0,0,0,0,0,0,0.0,0.0,0.0,0.0,0.0,0.0,0.0,0.0,0,40
2023-24,38,376,724,Jadan Raymond,MID,Crystal Palace,8,2,1,2024-05-19T15:00:00Z,0,0,0,0,0,0,0,0,0.0,0.0,0.0,0.0,0.0,0.0,0.0,0.0,0,45
2023-24,38,372,725,Ji-Soo Kim,DEF,Brentford,4,15,1,2024-05-19T15:00:00Z,0,0,0,0,0,0,0,0,0.0,0.0,0.0,0.0,0.0,0.0,0.0,0.0,0,40
2023-24,38,377,726,Luke Chambers,DEF,Liverpool,11,20,1,2024-05-19T15:00:00Z,0,0,0,0,0,0,0,0,0.0,0.0,0.0,0.0,0.0,0.0,0.0,0.0,0,40
2023-24,38,378,727,Andros Townsend,MID,Luton,12,10,1,2024-05-19T15:00:00Z,14,1,0,0,0,0,0,3,1.0,0.1,0.0,0.1,0.0,0.0,0.0,0.43,0,50
2023-24,38,377,728,Callum Scanlon,DEF,Liverpool,11,20,1,2024-05-19T15:00:00Z,0,0,0,0,0,0,0,0,0.0,0.0,0.0,0.0,0.0,0.0,0.0,0.0,0,39
2023-24,38,378,729,Jayden Luker,MID,Luton,12,10,1,2024-05-19T15:00:00Z,0,0,0,0,0,0,0,0,0.0,0.0,0.0,0.0,0.0,0.0,0.0,0.0,0,45
2023-24,38,380,730,Ryan Oné,MID,Sheffield Utd,17,18,1,2024-05-19T15:00:00Z,0,0,0,0,0,0,0,0,0.0,0.0,0.0,0.0,0.0,0.0,0.0,0.0,0,44
2023-24,38,380,731,Jili Buyabu,DEF,Sheffield Utd,17,18,1,2024-05-19T15:00:00Z,0,0,0,0,0,0,0,0,0.0,0.0,0.0,0.0,0.0,0.0,0.0,0.0,0,40
2023-24,38,378,732,Devan Tanton,DEF,Fulham,10,12,0,2024-05-19T15:00:00Z,0,0,0,0,0,0,0,0,0.0,0.0,0.0,0.0,0.0,0.0,0.0,0.0,0,40
2023-24,38,372,733,Valintino Adedokun,DEF,Brentford,4,15,1,2024-05-19T15:00:00Z,0,0,0,0,0,0,0,0,0.0,0.0,0.0,0.0,0.0,0.0,0.0,0.0,0,40
2023-24,38,378,734,Zack Nelson,MID,Luton,12,10,1,2024-05-19T15:00:00Z,0,0,0,0,0,0,0,0,0.0,0.0,0.0,0.0,0.0,0.0,0.0,0.0,0,45
2023-24,38,371,735,Charles Sagoe,MID,Arsenal,1,9,1,2024-05-19T15:00:00Z,0,0,0,0,0,0,0,0,0.0,0.0,0.0,0.0,0.0,0.0,0.0,0.0,0,45
2023-24,38,371,736,Reuell Walters,DEF,Arsenal,1,9,1,2024-05-19T15:00:00Z,0,0,0,0,0,0,0,0,0.0,0.0,0.0,0.0,0.0,0.0,0.0,0.0,0,40
2023-24,38,371,737,Bradley Ibrahim,MID,Arsenal,1,9,1,2024-05-19T15:00:00Z,0,0,0,0,0,0,0,0,0.0,0.0,0.0,0.0,0.0,0.0,0.0,0.0,0,45
2023-24,38,372,738,Amadou Diallo,MID,Newcastle,15,4,0,2024-05-19T15:00:00Z,0,0,0,0,0,0,0,0,0.0,0.0,0.0,0.0,0.0,0.0,0.0,0.0,0,45
2023-24,38,372,739,Ben Parkinson,FWD,Newcastle,15,4,0,2024-05-19T15:00:00Z,0,0,0,0,0,0,0,0,0.0,0.0,0.0,0.0,0.0,0.0,0.0,0.0,0,45
2023-24,38,380,740,Alfie Dorrington,DEF,Spurs,18,17,0,2024-05-19T15:00:00Z,0,0,0,0,0,0,0,0,0.0,0.0,0.0,0.0,0.0,0.0,0.0,0.0,0,40
2023-24,38,373,741,Mark O’Mahony,FWD,Brighton,5,14,1,2024-05-19T15:00:00Z,0,0,0,0,0,0,0,0,0.0,0.0,0.0,0.0,0.0,0.0,0.0,0.0,0,45
2023-24,38,373,742,Benicio Baker-Boaitey,MID,Brighton,5,14,1,2024-05-19T15:00:00Z,0,0,0,0,0,0,0,0,0.0,0.0,0.0,0.0,0.0,0.0,0.0,0.0,0,45
2023-24,38,377,743,Treymaurice Nyoni,MID,Liverpool,11,20,1,2024-05-19T15:00:00Z,0,0,0,0,0,0,0,0,0.0,0.0,0.0,0.0,0.0,0.0,0.0,0.0,0,45
2023-24,38,372,744,Myles Peart-Harris,MID,Brentford,4,15,1,2024-05-19T15:00:00Z,0,0,0,0,0,0,0,0,0.0,0.0,0.0,0.0,0.0,0.0,0.0,0.0,0,45
2023-24,38,372,745,Michael Ndiweni,FWD,Newcastle,15,4,0,2024-05-19T15:00:00Z,0,0,0,0,0,0,0,0,0.0,0.0,0.0,0.0,0.0,0.0,0.0,0.0,0,44
2023-24,38,373,746,Ben Jackson,DEF,Brighton,5,14,1,2024-05-19T15:00:00Z,0,0,0,0,0,0,0,0,0.0,0.0,0.0,0.0,0.0,0.0,0.0,0.0,0,40
2023-24,38,373,747,Joshua Duffus,MID,Brighton,5,14,1,2024-05-19T15:00:00Z,0,0,0,0,0,0,0,0,0.0,0.0,0.0,0.0,0.0,0.0,0.0,0.0,0,44
2023-24,38,373,748,Joe Hugill,FWD,Man Utd,14,5,0,2024-05-19T15:00:00Z,0,0,0,0,0,0,0,0,0.0,0.0,0.0,0.0,0.0,0.0,0.0,0.0,0,45
2023-24,38,377,749,Matthew Whittingham,MID,Wolves,20,11,0,2024-05-19T15:00:00Z,0,0,0,0,0,0,0,0,0.0,0.0,0.0,0.0,0.0,0.0,0.0,0.0,0,45
2023-24,38,377,750,Tawanda Chirewa,MID,Wolves,20,11,0,2024-05-19T15:00:00Z,0,0,0,0,0,0,0,0,0.0,0.0,0.0,0.0,0.0,0.0,0.0,0.0,0,44
2023-24,38,377,751,Justin Hubner,DEF,Wolves,20,11,0,2024-05-19T15:00:00Z,0,0,0,0,0,0,0,0,0.0,0.0,0.0,0.0,0.0,0.0,0.0,0.0,0,40
2023-24,38,372,752,Vincent Angelini,GK,Brentford,4,15,1,2024-05-19T15:00:00Z,0,0,0,0,0,0,0,0,0.0,0.0,0.0,0.0,0.0,0.0,0.0,0.0,0,40
2023-24,38,373,753,Leigh Kavanagh,DEF,Brighton,5,14,1,2024-05-19T15:00:00Z,0,0,0,0,0,0,0,0,0.0,0.0,0.0,0.0,0.0,0.0,0.0,0.0,0,40
2023-24,38,380,754,Yago de Santiago Alonso,MID,Spurs,18,17,0,2024-05-19T15:00:00Z,0,0,0,0,0,0,0,0,0.0,0.0,0.0,0.0,0.0,0.0,0.0,0.0,0,45
2023-24,38,373,755,Luca Barrington,MID,Brighton,5,14,1,2024-05-19T15:00:00Z,0,0,0,0,0,0,0,0,0.0,0.0,0.0,0.0,0.0,0.0,0.0,0.0,0,45
2023-24,38,377,756,Marcelo de Araújo Pitaluga Filho,GK,Liverpool,11,20,1,2024-05-19T15:00:00Z,0,0,0,0,0,0,0,0,0.0,0.0,0.0,0.0,0.0,0.0,0.0,0.0,0,40
2023-24,38,377,757,Conor Bradley,DEF,Liverpool,11,20,1,2024-05-19T15:00:00Z,19,1,0,0,0,0,0,3,1.2,1.0,0.0,0.2,0.0,0.0,0.0,0.05,0,41
2023-24,38,375,758,Leo Castledine,MID,Chelsea,7,3,1,2024-05-19T15:00:00Z,0,0,0,0,0,0,0,0,0.0,0.0,0.0,0.0,0.0,0.0,0.0,0.0,0,45
2023-24,38,380,759,Sydie Peck,MID,Sheffield Utd,17,18,1,2024-05-19T15:00:00Z,0,0,0,0,0,0,0,0,0.0,0.0,0.0,0.0,0.0,0.0,0.0,0.0,0,44
2023-24,38,371,760,Jenson Metcalfe,MID,Everton,9,1,0,2024-05-19T15:00:00Z,0,0,0,0,0,0,0,0,0.0,0.0,0.0,0.0,0.0,0.0,0.0,0.0,0,45
2023-24,38,371,761,Elijah Campbell,DEF,Everton,9,1,0,2024-05-19T15:00:00Z,0,0,0,0,0,0,0,0,0.0,0.0,0.0,0.0,0.0,0.0,0.0,0.0,0,40
2023-24,38,379,762,Mahamadou Susoho,MID,Man City,13,19,1,2024-05-19T15:00:00Z,0,0,0,0,0,0,0,0,0.0,0.0,0.0,0.0,0.0,0.0,0.0,0.0,0,45
2023-24,38,376,763,Tayo Adaramola,DEF,Crystal Palace,8,2,1,2024-05-19T15:00:00Z,0,0,0,0,0,0,0,0,0.0,0.0,0.0,0.0,0.0,0.0,0.0,0.0,0,40
2023-24,38,371,764,Myles Lewis-Skelly,MID,Arsenal,1,9,1,2024-05-19T15:00:00Z,0,0,0,0,0,0,0,0,0.0,0.0,0.0,0.0,0.0,0.0,0.0,0.0,0,45
2023-24,38,376,765,Sam Proctor,GK,Aston Villa,2,8,0,2024-05-19T15:00:00Z,0,0,0,0,0,0,0,0,0.0,0.0,0.0,0.0,0.0,0.0,0.0,0.0,0,40
2023-24,38,373,766,Willy Kambwala,DEF,Man Utd,14,5,0,2024-05-19T15:00:00Z,0,0,0,0,0,0,0,0,0.0,0.0,0.0,0.0,0.0,0.0,0.0,0.0,0,39
2023-24,38,376,767,Tommi O'Reilly,MID,Aston Villa,2,8,0,2024-05-19T15:00:00Z,0,0,0,0,0,0,0,0,0.0,0.0,0.0,0.0,0.0,0.0,0.0,0.0,0,45
2023-24,38,373,768,Rhys Bennett,DEF,Man Utd,14,5,0,2024-05-19T15:00:00Z,0,0,0,0,0,0,0,0,0.0,0.0,0.0,0.0,0.0,0.0,0.0,0.0,0,40
2023-24,38,377,769,Owen Hesketh,MID,Wolves,20,11,0,2024-05-19T15:00:00Z,0,0,0,0,0,0,0,0,0.0,0.0,0.0,0.0,0.0,0.0,0.0,0.0,0,45
2023-24,38,377,770,Ty Barnett,MID,Wolves,20,11,0,2024-05-19T15:00:00Z,0,0,0,0,0,0,0,0,0.0,0.0,0.0,0.0,0.0,0.0,0.0,0.0,0,45
2023-24,38,379,771,Micah Hamilton,MID,Man City,13,19,1,2024-05-19T15:00:00Z,0,0,0,0,0,0,0,0,0.0,0.0,0.0,0.0,0.0,0.0,0.0,0.0,0,45
2023-24,38,371,772,Ethan Nwaneri,MID,Arsenal,1,9,1,2024-05-19T15:00:00Z,0,0,0,0,0,0,0,0,0.0,0.0,0.0,0.0,0.0,0.0,0.0,0.0,0,45
2023-24,38,379,773,Lewis Orford,MID,West Ham,19,13,0,2024-05-19T15:00:00Z,0,0,0,0,0,0,0,0,0.0,0.0,0.0,0.0,0.0,0.0,0.0,0.0,0,45
2023-24,38,379,774,Kaelan Casey,DEF,West Ham,19,13,0,2024-05-19T15:00:00Z,0,0,0,0,0,0,0,0,0.0,0.0,0.0,0.0,0.0,0.0,0.0,0.0,0,40
2023-24,38,380,775,Ben Brereton,MID,Sheffield Utd,17,18,1,2024-05-19T15:00:00Z,69,2,0,0,0,3,0,-1,0.0,0.9,10.0,0.5,0.3,0.01,0.31,2.34,1,50
2023-24,38,380,776,Timo Werner,FWD,Spurs,18,17,0,2024-05-19T15:00:00Z,0,0,0,0,0,0,0,0,0.0,0.0,0.0,0.0,0.0,0.0,0.0,0.0,0,63
2023-24,38,380,777,Radu Dragusin,DEF,Spurs,18,17,0,2024-05-19T15:00:00Z,90,6,0,0,1,0,0,26,17.6,0.3,2.0,2.0,0.0,0.0,0.0,0.7,1,42
2023-24,38,376,778,James Wright,GK,Aston Villa,2,8,0,2024-05-19T15:00:00Z,0,0,0,0,0,0,0,0,0.0,0.0,0.0,0.0,0.0,0.0,0.0,0.0,0,40
2023-24,38,374,779,Jamie McDonnell,MID,Nott'm Forest,16,6,0,2024-05-19T15:00:00Z,0,0,0,0,0,0,0,0,0.0,0.0,0.0,0.0,0.0,0.0,0.0,0.0,0,45
2023-24,38,374,780,Detlef Esapa Osong,FWD,Nott'm Forest,16,6,0,2024-05-19T15:00:00Z,0,0,0,0,0,0,0,0,0.0,0.0,0.0,0.0,0.0,0.0,0.0,0.0,0,45
2023-24,38,374,781,Joe Gardner,FWD,Nott'm Forest,16,6,0,2024-05-19T15:00:00Z,0,0,0,0,0,0,0,0,0.0,0.0,0.0,0.0,0.0,0.0,0.0,0.0,0,45
2023-24,38,377,782,Owen Beck,DEF,Liverpool,11,20,1,2024-05-19T15:00:00Z,0,0,0,0,0,0,0,0,0.0,0.0,0.0,0.0,0.0,0.0,0.0,0.0,0,45
2023-24,38,377,783,Kaide Gordon,MID,Liverpool,11,20,1,2024-05-19T15:00:00Z,0,0,0,0,0,0,0,0,0.0,0.0,0.0,0.0,0.0,0.0,0.0,0.0,0,45
2023-24,38,379,784,Oliver Scarles,DEF,West Ham,19,13,0,2024-05-19T15:00:00Z,0,0,0,0,0,0,0,0,0.0,0.0,0.0,0.0,0.0,0.0,0.0,0.0,0,40
2023-24,38,379,785,Callum Marshall,FWD,West Ham,19,13,0,2024-05-19T15:00:00Z,0,0,0,0,0,0,0,0,0.0,0.0,0.0,0.0,0.0,0.0,0.0,0.0,0,45
2023-24,38,373,786,Cameron Peupion,MID,Brighton,5,14,1,2024-05-19T15:00:00Z,0,0,0,0,0,0,0,0,0.0,0.0,0.0,0.0,0.0,0.0,0.0,0.0,0,45
2023-24,38,377,787,Harvey Griffiths,MID,Wolves,20,11,0,2024-05-19T15:00:00Z,0,0,0,0,0,0,0,0,0.0,0.0,0.0,0.0,0.0,0.0,0.0,0.0,0,45
2023-24,38,377,788,Yerson Mosquera,DEF,Wolves,20,11,0,2024-05-19T15:00:00Z,0,0,0,0,0,0,0,0,0.0,0.0,0.0,0.0,0.0,0.0,0.0,0.0,0,40
2023-24,38,372,789,Hákon Valdimarsson,GK,Brentford,4,15,1,2024-05-19T15:00:00Z,0,0,0,0,0,0,0,0,0.0,0.0,0.0,0.0,0.0,0.0,0.0,0.0,0,40
2023-24,38,380,790,Ivo Grbic,GK,Sheffield Utd,17,18,1,2024-05-19T15:00:00Z,0,0,0,0,0,0,0,0,0.0,0.0,0.0,0.0,0.0,0.0,0.0,0.0,0,45
2023-24,38,375,791,Cesare Casadei,MID,Chelsea,7,3,1,2024-05-19T15:00:00Z,1,1,0,0,0,0,0,5,6.4,0.5,0.0,0.7,0.0,0.0,0.0,0.57,0,45
2023-24,38,376,792,Daniel Muñoz,DEF,Crystal Palace,8,2,1,2024-05-19T15:00:00Z,90,10,0,1,1,0,1,40,29.8,57.8,8.0,9.6,0.0,0.38,0.38,1.08,1,45
2023-24,38,376,793,Kaine Kesler-Hayden,DEF,Aston Villa,2,8,0,2024-05-19T15:00:00Z,3,1,0,0,0,0,0,3,0.0,0.0,0.0,0.0,0.0,0.0,0.0,0.0,0,40
2023-24,38,372,794,Joe White,MID,Newcastle,15,4,0,2024-05-19T15:00:00Z,0,0,0,0,0,0,0,0,0.0,0.0,0.0,0.0,0.0,0.0,0.0,0.0,0,45
2023-24,38,372,795,Travis Hernes,MID,Newcastle,15,4,0,2024-05-19T15:00:00Z,0,0,0,0,0,0,0,0,0.0,0.0,0.0,0.0,0.0,0.0,0.0,0.0,0,45
2023-24,38,378,796,Kristian Sekularac,MID,Fulham,10,12,0,2024-05-19T15:00:00Z,0,0,0,0,0,0,0,0,0.0,0.0,0.0,0.0,0.0,0.0,0.0,0.0,0,44
2023-24,38,372,797,Benjamin Fredrick,DEF,Brentford,4,15,1,2024-05-19T15:00:00Z,0,0,0,0,0,0,0,0,0.0,0.0,0.0,0.0,0.0,0.0,0.0,0.0,0,40
2023-24,38,378,798,Daiki Hashioka,DEF,Luton,12,10,1,2024-05-19T15:00:00Z,90,0,0,0,0,4,0,15,13.6,14.1,0.0,2.8,0.0,0.02,0.02,1.06,1,40
2023-24,38,375,799,Romain Faivre,MID,Bournemouth,3,7,0,2024-05-19T15:00:00Z,0,0,0,0,0,0,0,0,0.0,0.0,0.0,0.0,0.0,0.0,0.0,0.0,0,50
2023-24,38,377,800,Noha Lemina,MID,Wolves,20,11,0,2024-05-19T15:00:00Z,0,0,0,0,0,0,0,0,0.0,0.0,0.0,0.0,0.0,0.0,0.0,0.0,0,50
2023-24,38,374,801,Giovanni Reyna,MID,Nott'm Forest,16,6,0,2024-05-19T15:00:00Z,0,0,0,0,0,0,0,0,0.0,0.0,0.0,0.0,0.0,0.0,0.0,0.0,0,46
2023-24,38,375,802,Max Kinsey,DEF,Bournemouth,3,7,0,2024-05-19T15:00:00Z,0,0,0,0,0,0,0,0,0.0,0.0,0.0,0.0,0.0,0.0,0.0,0.0,0,40
2023-24,38,376,803,Morgan Rogers,MID,Aston Villa,2,8,0,2024-05-19T15:00:00Z,0,0,0,0,0,0,0,0,0.0,0.0,0.0,0.0,0.0,0.0,0.0,0.0,0,50
2023-24,38,375,804,Enes Ünal,FWD,Bournemouth,3,7,0,2024-05-19T15:00:00Z,68,5,0,1,0,2,0,8,2.6,21.1,33.0,5.7,0.76,0.05,0.81,0.61,1,50
2023-24,38,374,805,Lorenz Assignon,DEF,Burnley,6,16,1,2024-05-19T15:00:00Z,45,0,0,0,0,2,0,3,2.6,3.1,5.0,1.1,0.01,0.02,0.03,1.01,1,40
2023-24,38,374,806,Maxime Esteve,DEF,Burnley,6,16,1,2024-05-19T15:00:00Z,90,0,0,0,0,2,0,7,20.4,5.1,1.0,2.7,0.02,0.02,0.04,1.45,1,40
2023-24,38,376,807,Adam Wharton,MID,Crystal Palace,8,2,1,2024-05-19T15:00:00Z,86,3,0,0,1,0,0,13,8.2,7.4,0.0,1.6,0.0,0.06,0.06,1.08,1,50
2023-24,38,374,808,Matz Sels,GK,Nott'm Forest,16,6,0,2024-05-19T15:00:00Z,90,2,0,0,0,1,0,13,24.2,10.0,0.0,3.4,0.0,0.0,0.0,1.21,1,45
2023-24,38,374,809,Rodrigo Duarte Ribeiro,FWD,Nott'm Forest,16,6,0,2024-05-19T15:00:00Z,2,1,0,0,0,0,0,3,0.0,0.0,0.0,0.0,0.0,0.0,0.0,0.07,0,45
2023-24,38,378,810,Joshua King,MID,Fulham,10,12,0,2024-05-19T15:00:00Z,0,0,0,0,0,0,0,0,0.0,0.0,0.0,0.0,0.0,0.0,0.0,0.0,0,45
2023-24,38,375,811,Dominic Sadi,MID,Bournemouth,3,7,0,2024-05-19T15:00:00Z,0,0,0,0,0,0,0,0,0.0,0.0,0.0,0.0,0.0,0.0,0.0,0.0,0,45
2023-24,38,377,812,Lewis Koumas,FWD,Liverpool,11,20,1,2024-05-19T15:00:00Z,0,0,0,0,0,0,0,0,0.0,0.0,0.0,0.0,0.0,0.0,0.0,0.0,0,45
2023-24,38,377,813,Fabian Mrozek,GK,Liverpool,11,20,1,2024-05-19T15:00:00Z,0,0,0,0,0,0,0,0,0.0,0.0,0.0,0.0,0.0,0.0,0.0,0.0,0,40
2023-24,38,379,814,Jacob Wright,MID,Man City,13,19,1,2024-05-19T15:00:00Z,0,0,0,0,0,0,0,0,0.0,0.0,0.0,0.0,0.0,0.0,0.0,0.0,0,45
2023-24,38,371,815,Mauro Bandeira,MID,Arsenal,1,9,1,2024-05-19T15:00:00Z,0,0,0,0,0,0,0,0,0.0,0.0,0.0,0.0,0.0,0.0,0.0,0.0,0,45
2023-24,38,373,816,Valentín Barco,DEF,Brighton,5,14,1,2024-05-19T15:00:00Z,80,2,0,0,0,1,0,5,15.0,18.8,19.0,5.3,0.12,0.09,0.21,1.02,1,40
2023-24,38,371,817,James Sweet,DEF,Arsenal,1,9,1,2024-05-19T15:00:00Z,0,0,0,0,0,0,0,0,0.0,0.0,0.0,0.0,0.0,0.0,0.0,0.0,0,40
2023-24,38,376,818,Joe Gauci,GK,Aston Villa,2,8,0,2024-05-19T15:00:00Z,0,0,0,0,0,0,0,0,0.0,0.0,0.0,0.0,0.0,0.0,0.0,0.0,0,39
2023-24,38,375,819,Ishé Samuels-Smith,DEF,Chelsea,7,3,1,2024-05-19T15:00:00Z,0,0,0,0,0,0,0,0,0.0,0.0,0.0,0.0,0.0,0.0,0.0,0.0,0,40
2023-24,38,375,820,Ollie Harrison,MID,Chelsea,7,3,1,2024-05-19T15:00:00Z,0,0,0,0,0,0,0,0,0.0,0.0,0.0,0.0,0.0,0.0,0.0,0.0,0,45
2023-24,38,376,821,Franco Umeh-Chibueze,FWD,Crystal Palace,8,2,1,2024-05-19T15:00:00Z,0,0,0,0,0,0,0,0,0.0,0.0,0.0,0.0,0.0,0.0,0.0,0.0,0,45
2023-24,38,380,822,Billy Blacker,FWD,Sheffield Utd,17,18,1,2024-05-19T15:00:00Z,0,0,0,0,0,0,0,0,0.0,0.0,0.0,0.0,0.0,0.0,0.0,0.0,0,45
2023-24,38,380,823,Oliver Arblaster,MID,Sheffield Utd,17,18,1,2024-05-19T15:00:00Z,61,2,0,0,0,2,0,10,5.8,0.6,0.0,0.6,0.0,0.0,0.0,2.17,1,45
2023-24,38,377,824,Jayden Danns,FWD,Liverpool,11,20,1,2024-05-19T15:00:00Z,0,0,0,0,0,0,0,0,0.0,0.0,0.0,0.0,0.0,0.0,0.0,0.0,0,43
2023-24,38,376,825,Kaden Rodney,MID,Crystal Palace,8,2,1,2024-05-19T15:00:00Z,0,0,0,0,0,0,0,0,0.0,0.0,0.0,0.0,0.0,0.0,0.0,0.0,0,45
2023-24,38,373,826,Toby Collyer,MID,Man Utd,14,5,0,2024-05-19T15:00:00Z,0,0,0,0,0,0,0,0,0.0,0.0,0.0,0.0,0.0,0.0,0.0,0.0,0,45
2023-24,38,380,827,Dovydas Sasnauskas,DEF,Sheffield Utd,17,18,1,2024-05-19T15:00:00Z,0,0,0,0,0,0,0,0,0.0,0.0,0.0,0.0,0.0,0.0,0.0,0.0,0,40
2023-24,38,380,828,Sam Curtis,DEF,Sheffield Utd,17,18,1,2024-05-19T15:00:00Z,0,0,0,0,0,0,0,0,0.0,0.0,0.0,0.0,0.0,0.0,0.0,0.0,0,40
2023-24,38,379,829,George Earthy,MID,West Ham,19,13,0,2024-05-19T15:00:00Z,9,1,0,0,0,0,0,3,0.2,0.6,0.0,0.1,0.0,0.0,0.0,0.14,0,45
2023-24,38,375,830,Jimi Tauriainen,MID,Chelsea,7,3,1,2024-05-19T15:00:00Z,0,0,0,0,0,0,0,0,0.0,0.0,0.0,0.0,0.0,0.0,0.0,0.0,0,45
2023-24,38,378,831,Axel Piesold,MID,Luton,12,10,1,2024-05-19T15:00:00Z,0,0,0,0,0,0,0,0,0.0,0.0,0.0,0.0,0.0,0.0,0.0,0.0,0,45
2023-24,38,377,832,Wesley Okoduwa,DEF,Wolves,20,11,0,2024-05-19T15:00:00Z,0,0,0,0,0,0,0,0,0.0,0.0,0.0,0.0,0.0,0.0,0.0,0.0,0,40
2023-24,38,373,833,Habeeb Ogunneye,DEF,Man Utd,14,5,0,2024-05-19T15:00:00Z,0,0,0,0,0,0,0,0,0.0,0.0,0.0,0.0,0.0,0.0,0.0,0.0,0,40
2023-24,38,372,834,Benjamin Arthur,DEF,Brentford,4,15,1,2024-05-19T15:00:00Z,0,0,0,0,0,0,0,0,0.0,0.0,0.0,0.0,0.0,0.0,0.0,0.0,0,40
2023-24,38,373,835,Dermot Mee,GK,Man Utd,14,5,0,2024-05-19T15:00:00Z,0,0,0,0,0,0,0,0,0.0,0.0,0.0,0.0,0.0,0.0,0.0,0.0,0,40
2023-24,38,377,836,Leon Chiwome,FWD,Wolves,20,11,0,2024-05-19T15:00:00Z,0,0,0,0,0,0,0,0,0.0,0.0,0.0,0.0,0.0,0.0,0.0,0.0,0,45
2023-24,38,377,837,Amara Nallo,DEF,Liverpool,11,20,1,2024-05-19T15:00:00Z,0,0,0,0,0,0,0,0,0.0,0.0,0.0,0.0,0.0,0.0,0.0,0.0,0,40
2023-24,38,375,838,Josh Acheampong,DEF,Chelsea,7,3,1,2024-05-19T15:00:00Z,0,0,0,0,0,0,0,0,0.0,0.0,0.0,0.0,0.0,0.0,0.0,0.0,0,40
2023-24,38,378,839,Dominic Dos Santos Martins,MID,Luton,12,10,1,2024-05-19T15:00:00Z,0,0,0,0,0,0,0,0,0.0,0.0,0.0,0.0,0.0,0.0,0.0,0.0,0,45
2023-24,38,377,840,Fletcher Holman,FWD,Wolves,20,11,0,2024-05-19T15:00:00Z,0,0,0,0,0,0,0,0,0.0,0.0,0.0,0.0,0.0,0.0,0.0,0.0,0,45
2023-24,38,371,841,Lewis Warrington,MID,Everton,9,1,0,2024-05-19T15:00:00Z,0,0,0,0,0,0,0,0,0.0,0.0,0.0,0.0,0.0,0.0,0.0,0.0,0,45
2023-24,38,376,842,Roshaun Mathurin,MID,Crystal Palace,8,2,1,2024-05-19T15:00:00Z,0,0,0,0,0,0,0,0,0.0,0.0,0.0,0.0,0.0,0.0,0.0,0.0,0,44
2023-24,38,373,843,Samy Chouchane,MID,Brighton,5,14,1,2024-05-19T15:00:00Z,0,0,0,0,0,0,0,0,0.0,0.0,0.0,0.0,0.0,0.0,0.0,0.0,0,45
2023-24,38,378,844,Christian Chigozie,DEF,Luton,12,10,1,2024-05-19T15:00:00Z,0,0,0,0,0,0,0,0,0.0,0.0,0.0,0.0,0.0,0.0,0.0,0.0,0,40
2023-24,38,373,845,Odeluga Offiah,DEF,Brighton,5,14,1,2024-05-19T15:00:00Z,0,0,0,0,0,0,0,0,0.0,0.0,0.0,0.0,0.0,0.0,0.0,0.0,0,40
2023-24,38,373,846,Harry Amass,DEF,Man Utd,14,5,0,2024-05-19T15:00:00Z,0,0,0,0,0,0,0,0,0.0,0.0,0.0,0.0,0.0,0.0,0.0,0.0,0,40
2023-24,38,375,847,Teddy Sharman-Lowe,GK,Chelsea,7,3,1,2024-05-19T15:00:00Z,0,0,0,0,0,0,0,0,0.0,0.0,0.0,0.0,0.0,0.0,0.0,0.0,0,40
2023-24,38,378,848,Taylan Harris,FWD,Luton,12,10,1,2024-05-19T15:00:00Z,0,0,0,0,0,0,0,0,0.0,0.0,0.0,0.0,0.0,0.0,0.0,0.0,0,45
2023-24,38,375,849,Michael Dacosta Gonzalez,MID,Bournemouth,3,7,0,2024-05-19T15:00:00Z,0,0,0,0,0,0,0,0,0.0,0.0,0.0,0.0,0.0,0.0,0.0,0.0,0,45
2023-24,38,373,850,Ethan Wheatley,FWD,Man Utd,14,5,0,2024-05-19T15:00:00Z,0,0,0,0,0,0,0,0,0.0,0.0,0.0,0.0,0.0,0.0,0.0,0.0,0,45
2023-24,38,375,851,Tyrique George,FWD,Chelsea,7,3,1,2024-05-19T15:00:00Z,0,0,0,0,0,0,0,0,0.0,0.0,0.0,0.0,0.0,0.0,0.0,0.0,0,45
2023-24,38,375,852,Kiano Dyer,MID,Chelsea,7,3,1,2024-05-19T15:00:00Z,0,0,0,0,0,0,0,0,0.0,0.0,0.0,0.0,0.0,0.0,0.0,0.0,0,45
2023-24,38,377,853,Temple Ojinnaka,MID,Wolves,20,11,0,2024-05-19T15:00:00Z,0,0,0,0,0,0,0,0,0.0,0.0,0.0,0.0,0.0,0.0,0.0,0.0,0,45
2023-24,38,376,854,Finley Munroe,DEF,Aston Villa,2,8,0,2024-05-19T15:00:00Z,3,1,0,0,0,0,0,3,0.0,1.0,0.0,0.1,0.0,0.0,0.0,0.0,0,40
2023-24,38,375,855,Callan McKenna,GK,Bournemouth,3,7,0,2024-05-19T15:00:00Z,0,0,0,0,0,0,0,0,0.0,0.0,0.0,0.0,0.0,0.0,0.0,0.0,0,40
2023-24,38,373,856,Louis Jackson,DEF,Man Utd,14,5,0,2024-05-19T15:00:00Z,0,0,0,0,0,0,0,0,0.0,0.0,0.0,0.0,0.0,0.0,0.0,0.0,0,40
2023-24,38,380,857,Owen Hampson,MID,Sheffield Utd,17,18,1,2024-05-19T15:00:00Z,0,0,0,0,0,0,0,0,0.0,0.0,0.0,0.0,0.0,0.0,0.0,0.0,0,45
2023-24,38,375,858,Ted Curd,GK,Chelsea,7,3,1,2024-05-19T15:00:00Z,0,0,0,0,0,0,0,0,0.0,0.0,0.0,0.0,0.0,0.0,0.0,0.0,0,40
2023-24,38,375,859,Zak Sturge,DEF,Chelsea,7,3,1,2024-05-19T15:00:00Z,0,0,0,0,0,0,0,0,0.0,0.0,0.0,0.0,0.0,0.0,0.0,0.0,0,40
2023-24,38,380,860,Mikey Moore,MID,Spurs,18,17,0,2024-05-19T15:00:00Z,2,1,0,0,0,0,0,1,0.0,0.4,0.0,0.0,0.0,0.0,0.0,0.0,0,45
2023-24,38,373,861,Noël Atom,DEF,Brighton,5,14,1,2024-05-19T15:00:00Z,0,0,0,0,0,0,0,0,0.0,0.0,0.0,0.0,0.0,0.0,0.0,0.0,0,40
2023-24,38,380,862,Tyrese Hall,MID,Spurs,18,17,0,2024-05-19T15:00:00Z,0,0,0,0,0,0,0,0,0.0,0.0,0.0,0.0,0.0,0.0,0.0,0.0,0,45
2023-24,38,371,863,Billy Crellin,GK,Everton,9,1,0,2024-05-19T15:00:00Z,0,0,0,0,0,0,0,0,0.0,0.0,0.0,0.0,0.0,0.0,0.0,0.0,0,40
2023-24,38,372,864,Yunus Konak,MID,Brentford,4,15,1,2024-05-19T15:00:00Z,0,0,0,0,0,0,0,0,0.0,0.0,0.0,0.0,0.0,0.0,0.0,0.0,0,45
2023-24,38,376,865,Kadan Young,MID,Aston Villa,2,8,0,2024-05-19T15:00:00Z,0,0,0,0,0,0,0,0,0.0,0.0,0.0,0.0,0.0,0.0,0.0,0.0,0,45
2023-24,38,376,866,Lander Emery,GK,Aston Villa,2,8,0,2024-05-19T15:00:00Z,0,0,0,0,0,0,0,0,0.0,0.0,0.0,0.0,0.0,0.0,0.0,0.0,0,40
