season,gw,fixture,element,name,position,team,team_id,opponent_team,was_home,kickoff_time,minutes,total_points,goals_scored,assists,clean_sheets,goals_conceded,bonus,bps,influence,creativity,threat,ict_index,expected_goals,expected_assists,expected_goal_involvements,expected_goals_conceded,starts,value
2024-25,25,245,1,Fábio Ferreira Vieira,MID,Arsenal,1,11,0,2025-02-15T12:30:00Z,0,0,0,0,0,0,0,0,0.0,0.0,0.0,0.0,0.0,0.0,0.0,0.0,0,54
2024-25,25,245,2,Gabriel Fernando de Jesus,FWD,Arsenal,1,11,0,2025-02-15T12:30:00Z,0,0,0,0,0,0,0,0,0.0,0.0,0.0,0.0,0.0,0.0,0.0,0.0,0,66
2024-25,25,245,3,Gabriel dos Santos Magalhães,DEF,Arsenal,1,11,0,2025-02-15T12:30:00Z,90,6,0,0,1,0,0,29,18.4,13.1,2.0,3.4,0.0,0.04,0.04,0.22,1,63
2024-25,25,245,4,Kai Havertz,FWD,Arsenal,1,11,0,2025-02-15T12:30:00Z,0,0,0,0,0,0,0,0,0.0,0.0,0.0,0.0,0.0,0.0,0.0,0.0,0,78
2024-25,25,245,5,Karl Hein,GK,Arsenal,1,11,0,2025-02-15T12:30:00Z,0,0,0,0,0,0,0,0,0.0,0.0,0.0,0.0,0.0,0.0,0.0,0.0,0,40
2024-25,25,245,6,Jurriën Timber,DEF,Arsenal,1,11,0,2025-02-15T12:30:00Z,90,6,0,0,1,0,0,25,18.0,7.6,0.0,2.6,0.0,0.03,0.03,0.22,1,56
2024-25,25,245,7,Jorge Luiz Frello Filho,MID,Arsenal,1,11,0,2025-02-15T12:30:00Z,15,0,0,0,0,0,0,-1,0.6,0.3,0.0,0.1,0.0,0.0,0.0,0.05,0,47
2024-25,25,245,8,Jakub Kiwior,DEF,Arsenal,1,11,0,2025-02-15T12:30:00Z,0,0,0,0,0,0,0,0,0.0,0.0,0.0,0.0,0.0,0.0,0.0,0.0,0,48
2024-25,25,245,9,Gabriel Martinelli Silva,MID,Arsenal,1,11,0,2025-02-15T12:30:00Z,0,0,0,0,0,0,0,0,0.0,0.0,0.0,0.0,0.0,0.0,0.0,0.0,0,66
2024-25,25,244,10,Reiss Nelson,MID,Fulham,9,16,1,2025-02-15T15:00:00Z,0,0,0,0,0,0,0,0,0.0,0.0,0.0,0.0,0.0,0.0,0.0,0.0,0,50
2024-25,25,243,11,Eddie Nketiah,FWD,Crystal Palace,7,8,1,2025-02-15T17:30:00Z,4,1,0,0,0,0,0,3,0.0,0.5,9.0,1.0,0.08,0.0,0.08,0.0,0,59
2024-25,25,245,12,Ethan Nwaneri,MID,Arsenal,1,11,0,2025-02-15T12:30:00Z,90,9,0,1,1,0,3,45,43.4,36.5,51.0,13.1,0.18,0.57,0.75,0.22,1,45
2024-25,25,245,13,Martin Ødegaard,MID,Arsenal,1,11,0,2025-02-15T12:30:00Z,90,3,0,0,1,0,0,16,15.2,39.9,8.0,6.3,0.05,0.73,0.78,0.22,1,82
2024-25,25,248,14,Aaron Ramsdale,GK,Southampton,17,3,1,2025-02-15T15:00:00Z,90,2,0,0,0,3,0,7,36.8,0.0,0.0,3.7,0.0,0.0,0.0,1.2,1,44
2024-25,25,245,15,David Raya Martin,GK,Arsenal,1,11,0,2025-02-15T12:30:00Z,90,7,0,0,1,0,1,30,16.2,0.0,0.0,1.6,0.0,0.0,0.0,0.22,1,55
2024-25,25,245,16,Declan Rice,MID,Arsenal,1,11,0,2025-02-15T12:30:00Z,90,3,0,0,1,0,0,12,14.8,13.1,6.0,3.4,0.12,0.02,0.14,0.22,1,62
2024-25,25,245,17,Bukayo Saka,MID,Arsenal,1,11,0,2025-02-15T12:30:00Z,0,0,0,0,0,0,0,0,0.0,0.0,0.0,0.0,0.0,0.0,0.0,0.0,0,102
2024-25,25,245,18,William Saliba,DEF,Arsenal,1,11,0,2025-02-15T12:30:00Z,90,6,0,0,1,0,0,25,21.4,0.8,0.0,2.2,0.0,0.01,0.01,0.22,1,62
2024-25,25,244,19,Emile Smith Rowe,MID,Fulham,9,16,1,2025-02-15T15:00:00Z,81,9,1,0,0,1,2,30,31.8,8.0,75.0,11.5,0.56,0.03,0.59,0.39,1,52
2024-25,25,245,20,Thomas Partey,MID,Arsenal,1,11,0,2025-02-15T12:30:00Z,74,3,0,0,1,0,0,13,7.6,3.2,3.0,1.4,0.04,0.04,0.08,0.17,1,49
2024-25,25,245,21,Kieran Tierney,DEF,Arsenal,1,11,0,2025-02-15T12:30:00Z,1,1,0,0,0,0,0,5,2.0,0.1,0.0,0.2,0.0,0.0,0.0,0.05,0,43
2024-25,25,245,22,Tomiyasu Takehiro,DEF,Arsenal,1,11,0,2025-02-15T12:30:00Z,0,0,0,0,0,0,0,0,0.0,0.0,0.0,0.0,0.0,0.0,0.0,0.0,0,48
2024-25,25,245,23,Leandro Trossard,MID,Arsenal,1,11,0,2025-02-15T12:30:00Z,88,6,0,1,1,0,0,19,22.0,16.1,35.0,7.3,0.22,0.2,0.42,0.17,1,68
2024-25,25,245,24,Benjamin White,DEF,Arsenal,1,11,0,2025-02-15T12:30:00Z,0,0,0,0,0,0,0,0,0.0,0.0,0.0,0.0,0.0,0.0,0.0,0.0,0,61
2024-25,25,245,25,Oleksandr Zinchenko,DEF,Arsenal,1,11,0,2025-02-15T12:30:00Z,0,0,0,0,0,0,0,0,0.0,0.0,0.0,0.0,0.0,0.0,0.0,0.0,0,48
2024-25,25,244,26,Álex Moreno Lopera,DEF,Nott'm Forest,16,9,0,2025-02-15T15:00:00Z,0,0,0,0,0,0,0,0,0.0,0.0,0.0,0.0,0.0,0.0,0.0,0.0,0,42
2024-25,25,248,27,Cameron Archer,FWD,Southampton,17,3,1,2025-02-15T15:00:00Z,5,1,0,0,0,0,0,-1,4.0,0.1,19.0,2.3,0.33,0.0,0.33,0.05,0,50
2024-25,25,241,28,Leon Bailey,MID,Aston Villa,2,10,1,2025-02-15T15:00:00Z,0,0,0,0,0,0,0,0,0.0,0.0,0.0,0.0,0.0,0.0,0.0,0.0,0,62
2024-25,25,282,28,Leon Bailey,MID,Aston Villa,2,12,1,2025-02-19T19:30:00Z,0,0,0,0,0,0,0,0,0.0,0.0,0.0,0.0,0.0,0.0,0.0,0.0,0,62
2024-25,25,241,29,Ross Barkley,MID,Aston Villa,2,10,1,2025-02-15T15:00:00Z,0,0,0,0,0,0,0,0,0.0,0.0,0.0,0.0,0.0,0.0,0.0,0.0,0,52
2024-25,25,282,29,Ross Barkley,MID,Aston Villa,2,12,1,2025-02-19T19:30:00Z,0,0,0,0,0,0,0,0,0.0,0.0,0.0,0.0,0.0,0.0,0.0,0.0,0,52
2024-25,25,241,30,Enzo Barrenechea,MID,Aston Villa,2,10,1,2025-02-15T15:00:00Z,0,0,0,0,0,0,0,0,0.0,0.0,0.0,0.0,0.0,0.0,0.0,0.0,0,49
2024-25,25,282,30,Enzo Barrenechea,MID,Aston Villa,2,12,1,2025-02-19T19:30:00Z,0,0,0,0,0,0,0,0,0.0,0.0,0.0,0.0,0.0,0.0,0.0,0.0,0,49
2024-25,25,241,31,Emiliano Buendía Stati,MID,Aston Villa,2,10,1,2025-02-15T15:00:00Z,0,0,0,0,0,0,0,0,0.0,0.0,0.0,0.0,0.0,0.0,0.0,0.0,0,51
2024-25,25,282,31,Emiliano Buendía Stati,MID,Aston Villa,2,12,1,2025-02-19T19:30:00Z,0,0,0,0,0,0,0,0,0.0,0.0,0.0,0.0,0.0,0.0,0.0,0.0,0,51
2024-25,25,241,32,Matty Cash,DEF,Aston Villa,2,10,1,2025-02-15T15:00:00Z,0,0,0,0,0,0,0,0,0.0,0.0,0.0,0.0,0.0,0.0,0.0,0.0,0,44
2024-25,25,282,32,Matty Cash,DEF,Aston Villa,2,12,1,2025-02-19T19:30:00Z,23,1,0,0,0,0,0,8,9.2,11.0,11.0,3.1,0.01,0.01,0.02,0.76,0,44
2024-25,25,241,33,Leander Dendoncker,MID,Aston Villa,2,10,1,2025-02-15T15:00:00Z,0,0,0,0,0,0,0,0,0.0,0.0,0.0,0.0,0.0,0.0,0.0,0.0,0,45
2024-25,25,282,33,Leander Dendoncker,MID,Aston Villa,2,12,1,2025-02-19T19:30:00Z,0,0,0,0,0,0,0,0,0.0,0.0,0.0,0.0,0.0,0.0,0.0,0.0,0,45
2024-25,25,241,34,Moussa Diaby,MID,Aston Villa,2,10,1,2025-02-15T15:00:00Z,0,0,0,0,0,0,0,0,0.0,0.0,0.0,0.0,0.0,0.0,0.0,0.0,0,65
2024-25,25,282,34,Moussa Diaby,MID,Aston Villa,2,12,1,2025-02-19T19:30:00Z,0,0,0,0,0,0,0,0,0.0,0.0,0.0,0.0,0.0,0.0,0.0,0.0,0,65
2024-25,25,241,35,Diego Carlos Santos Silva,DEF,Aston Villa,2,10,1,2025-02-15T15:00:00Z,0,0,0,0,0,0,0,0,0.0,0.0,0.0,0.0,0.0,0.0,0.0,0.0,0,45
2024-25,25,282,35,Diego Carlos Santos Silva,DEF,Aston Villa,2,12,1,2025-02-19T19:30:00Z,0,0,0,0,0,0,0,0,0.0,0.0,0.0,0.0,0.0,0.0,0.0,0.0,0,45
2024-25,25,241,36,Lucas Digne,DEF,Aston Villa,2,10,1,2025-02-15T15:00:00Z,45,1,0,0,0,0,0,5,0.0,4.5,1.0,0.3,0.03,0.04,0.07,0.25,1,46
2024-25,25,282,36,Lucas Digne,DEF,Aston Villa,2,12,1,2025-02-19T19:30:00Z,77,4,0,1,0,2,0,19,31.4,25.4,0.0,5.7,0.0,0.06,0.06,2.44,1,46
2024-25,25,241,37,Lewis Dobbin,MID,Aston Villa,2,10,1,2025-02-15T15:00:00Z,0,0,0,0,0,0,0,0,0.0,0.0,0.0,0.0,0.0,0.0,0.0,0.0,0,50
2024-25,25,282,37,Lewis Dobbin,MID,Aston Villa,2,12,1,2025-02-19T19:30:00Z,0,0,0,0,0,0,0,0,0.0,0.0,0.0,0.0,0.0,0.0,0.0,0.0,0,50
2024-25,25,241,38,Jhon Durán,FWD,Aston Villa,2,10,1,2025-02-15T15:00:00Z,0,0,0,0,0,0,0,0,0.0,0.0,0.0,0.0,0.0,0.0,0.0,0.0,0,57
2024-25,25,282,38,Jhon Durán,FWD,Aston Villa,2,12,1,2025-02-19T19:30:00Z,0,0,0,0,0,0,0,0,0.0,0.0,0.0,0.0,0.0,0.0,0.0,0.0,0,57
2024-25,25,241,39,Joe Gauci,GK,Aston Villa,2,10,1,2025-02-15T15:00:00Z,0,0,0,0,0,0,0,0,0.0,0.0,0.0,0.0,0.0,0.0,0.0,0.0,0,40
2024-25,25,282,39,Joe Gauci,GK,Aston Villa,2,12,1,2025-02-19T19:30:00Z,0,0,0,0,0,0,0,0,0.0,0.0,0.0,0.0,0.0,0.0,0.0,0.0,0,40
2024-25,25,241,40,Kortney Hause,DEF,Aston Villa,2,10,1,2025-02-15T15:00:00Z,0,0,0,0,0,0,0,0,0.0,0.0,0.0,0.0,0.0,0.0,0.0,0.0,0,39
2024-25,25,282,40,Kortney Hause,DEF,Aston Villa,2,12,1,2025-02-19T19:30:00Z,0,0,0,0,0,0,0,0,0.0,0.0,0.0,0.0,0.0,0.0,0.0,0.0,0,39
2024-25,25,241,41,Samuel Iling-Junior,MID,Aston Villa,2,10,1,2025-02-15T15:00:00Z,0,0,0,0,0,0,0,0,0.0,0.0,0.0,0.0,0.0,0.0,0.0,0.0,0,54
2024-25,25,282,41,Samuel Iling-Junior,MID,Aston Villa,2,12,1,2025-02-19T19:30:00Z,0,0,0,0,0,0,0,0,0.0,0.0,0.0,0.0,0.0,0.0,0.0,0.0,0,54
2024-25,25,241,42,Boubacar Kamara,MID,Aston Villa,2,10,1,2025-02-15T15:00:00Z,15,1,0,0,0,0,0,3,3.2,0.4,0.0,0.4,0.0,0.0,0.0,0.02,1,50
2024-25,25,282,42,Boubacar Kamara,MID,Aston Villa,2,12,1,2025-02-19T19:30:00Z,0,0,0,0,0,0,0,0,0.0,0.0,0.0,0.0,0.0,0.0,0.0,0.0,0,50
2024-25,25,241,43,Kaine Kesler-Hayden,DEF,Aston Villa,2,10,1,2025-02-15T15:00:00Z,0,0,0,0,0,0,0,0,0.0,0.0,0.0,0.0,0.0,0.0,0.0,0.0,0,40
2024-25,25,282,43,Kaine Kesler-Hayden,DEF,Aston Villa,2,12,1,2025-02-19T19:30:00Z,0,0,0,0,0,0,0,0,0.0,0.0,0.0,0.0,0.0,0.0,0.0,0.0,0,40
2024-25,25,241,44,Ezri Konsa Ngoyo,DEF,Aston Villa,2,10,1,2025-02-15T15:00:00Z,0,0,0,0,0,0,0,0,0.0,0.0,0.0,0.0,0.0,0.0,0.0,0.0,0,44
2024-25,25,282,44,Ezri Konsa Ngoyo,DEF,Aston Villa,2,12,1,2025-02-19T19:30:00Z,0,0,0,0,0,0,0,0,0.0,0.0,0.0,0.0,0.0,0.0,0.0,0.0,0,44
2024-25,25,241,45,Ian Maatsen,DEF,Aston Villa,2,10,1,2025-02-15T15:00:00Z,45,1,0,0,0,1,0,11,13.4,30.0,14.0,5.7,0.07,0.11,0.18,0.12,0,45
2024-25,25,282,45,Ian Maatsen,DEF,Aston Villa,2,12,1,2025-02-19T19:30:00Z,12,1,0,0,0,0,0,3,2.4,0.7,0.0,0.3,0.0,0.11,0.11,0.0,0,45
2024-25,25,241,46,Filip Marschall,GK,Aston Villa,2,10,1,2025-02-15T15:00:00Z,0,0,0,0,0,0,0,0,0.0,0.0,0.0,0.0,0.0,0.0,0.0,0.0,0,40
2024-25,25,282,46,Filip Marschall,GK,Aston Villa,2,12,1,2025-02-19T19:30:00Z,0,0,0,0,0,0,0,0,0.0,0.0,0.0,0.0,0.0,0.0,0.0,0.0,0,40
2024-25,25,241,47,Emiliano Martínez Romero,GK,Aston Villa,2,10,1,2025-02-15T15:00:00Z,90,3,0,0,0,1,0,10,17.8,0.0,0.0,1.8,0.0,0.0,0.0,0.37,1,50
2024-25,25,282,47,Emiliano Martínez Romero,GK,Aston Villa,2,12,1,2025-02-19T19:30:00Z,90,1,0,0,0,2,0,4,15.0,0.0,0.0,1.5,0.0,0.0,0.0,2.44,1,50
2024-25,25,241,48,John McGinn,MID,Aston Villa,2,10,1,2025-02-15T15:00:00Z,90,2,0,0,0,1,0,15,12.0,19.6,6.0,3.8,0.1,0.07,0.17,0.37,1,52
2024-25,25,282,48,John McGinn,MID,Aston Villa,2,12,1,2025-02-19T19:30:00Z,85,2,0,0,0,2,0,11,7.4,12.5,2.0,2.2,0.0,0.07,0.07,2.44,1,52
2024-25,25,241,49,Tyrone Mings,DEF,Aston Villa,2,10,1,2025-02-15T15:00:00Z,74,2,0,0,0,1,0,11,13.8,3.1,6.0,2.3,0.0,0.05,0.05,0.35,0,44
2024-25,25,282,49,Tyrone Mings,DEF,Aston Villa,2,12,1,2025-02-19T19:30:00Z,90,4,0,1,0,2,0,17,20.0,1.5,6.0,2.8,0.17,0.05,0.22,2.44,1,44
2024-25,25,241,50,Kosta Nedeljković,DEF,Aston Villa,2,10,1,2025-02-15T15:00:00Z,0,0,0,0,0,0,0,0,0.0,0.0,0.0,0.0,0.0,0.0,0.0,0.0,0,39
2024-25,25,282,50,Kosta Nedeljković,DEF,Aston Villa,2,12,1,2025-02-19T19:30:00Z,0,0,0,0,0,0,0,0,0.0,0.0,0.0,0.0,0.0,0.0,0.0,0.0,0,39
2024-25,25,241,51,Robin Olsen,GK,Aston Villa,2,10,1,2025-02-15T15:00:00Z,0,0,0,0,0,0,0,0,0.0,0.0,0.0,0.0,0.0,0.0,0.0,0.0,0,45
2024-25,25,282,51,Robin Olsen,GK,Aston Villa,2,12,1,2025-02-19T19:30:00Z,0,0,0,0,0,0,0,0,0.0,0.0,0.0,0.0,0.0,0.0,0.0,0.0,0,45
2024-25,25,241,52,Pau Torres,DEF,Aston Villa,2,10,1,2025-02-15T15:00:00Z,0,0,0,0,0,0,0,0,0.0,0.0,0.0,0.0,0.0,0.0,0.0,0.0,0,42
2024-25,25,282,52,Pau Torres,DEF,Aston Villa,2,12,1,2025-02-19T19:30:00Z,0,0,0,0,0,0,0,0,0.0,0.0,0.0,0.0,0.0,0.0,0.0,0.0,0,42
2024-25,25,241,53,Jacob Ramsey,MID,Aston Villa,2,10,1,2025-02-15T15:00:00Z,45,1,0,0,0,0,0,5,3.0,5.6,2.0,1.1,0.0,0.07,0.07,0.25,1,54
2024-25,25,282,53,Jacob Ramsey,MID,Aston Villa,2,12,1,2025-02-19T19:30:00Z,23,1,0,0,0,0,0,5,5.0,11.8,4.0,2.1,0.0,0.03,0.03,0.76,0,54
2024-25,25,241,54,Morgan Rogers,MID,Aston Villa,2,10,1,2025-02-15T15:00:00Z,90,2,0,0,0,1,0,6,13.6,44.8,77.0,13.5,0.83,0.12,0.95,0.37,1,56
2024-25,25,282,54,Morgan Rogers,MID,Aston Villa,2,12,1,2025-02-19T19:30:00Z,90,2,0,0,0,2,0,10,11.6,7.2,12.0,3.1,0.04,0.05,0.09,2.44,1,56
2024-25,25,241,55,Viljami Sinisalo,GK,Aston Villa,2,10,1,2025-02-15T15:00:00Z,0,0,0,0,0,0,0,0,0.0,0.0,0.0,0.0,0.0,0.0,0.0,0.0,0,40
2024-25,25,282,55,Viljami Sinisalo,GK,Aston Villa,2,12,1,2025-02-19T19:30:00Z,0,0,0,0,0,0,0,0,0.0,0.0,0.0,0.0,0.0,0.0,0.0,0.0,0,40
2024-25,25,241,56,Lino da Cruz Sousa,DEF,Aston Villa,2,10,1,2025-02-15T15:00:00Z,0,0,0,0,0,0,0,0,0.0,0.0,0.0,0.0,0.0,0.0,0.0,0.0,0,40
2024-25,25,282,56,Lino da Cruz Sousa,DEF,Aston Villa,2,12,1,2025-02-19T19:30:00Z,0,0,0,0,0,0,0,0,0.0,0.0,0.0,0.0,0.0,0.0,0.0,0.0,0,40
2024-25,25,241,57,Youri Tielemans,MID,Aston Villa,2,10,1,2025-02-15T15:00:00Z,90,2,0,0,0,1,0,23,17.6,44.2,3.0,6.5,0.06,0.2,0.26,0.37,1,55
2024-25,25,282,57,Youri Tielemans,MID,Aston Villa,2,12,1,2025-02-19T19:30:00Z,90,10,1,0,0,2,3,36,58.8,4.5,19.0,8.2,0.14,0.03,0.17,2.44,1,55
2024-25,25,241,58,Ollie Watkins,FWD,Aston Villa,2,10,1,2025-02-15T15:00:00Z,90,8,1,0,0,1,2,27,34.2,5.0,41.0,8.0,0.76,0.04,0.8,0.37,1,89
2024-25,25,282,58,Ollie Watkins,FWD,Aston Villa,2,12,1,2025-02-19T19:30:00Z,90,7,1,0,0,2,1,28,34.0,6.3,19.0,5.9,0.24,0.09,0.33,2.44,1,89
2024-25,25,248,59,Max Aarons,DEF,Bournemouth,3,17,0,2025-02-15T15:00:00Z,0,0,0,0,0,0,0,0,0.0,0.0,0.0,0.0,0.0,0.0,0.0,0.0,0,43
2024-25,25,248,60,Tyler Adams,MID,Bournemouth,3,17,0,2025-02-15T15:00:00Z,90,2,0,0,0,1,0,15,29.2,26.0,2.0,5.7,0.0,0.04,0.04,0.79,1,49
2024-25,25,248,61,Jaidon Anthony,MID,Bournemouth,3,17,0,2025-02-15T15:00:00Z,0,0,0,0,0,0,0,0,0.0,0.0,0.0,0.0,0.0,0.0,0.0,0.0,0,45
2024-25,25,248,62,David Brooks,MID,Bournemouth,3,17,0,2025-02-15T15:00:00Z,66,3,0,0,1,0,0,7,3.4,3.8,7.0,1.4,0.03,0.01,0.04,0.27,1,49
2024-25,25,248,63,Ryan Christie,MID,Bournemouth,3,17,0,2025-02-15T15:00:00Z,87,13,1,1,0,1,3,51,66.6,28.9,46.0,14.2,0.09,0.26,0.35,0.46,1,49
2024-25,25,248,64,Lewis Cook,MID,Bournemouth,3,17,0,2025-02-15T15:00:00Z,90,1,0,0,0,1,0,13,17.8,27.4,7.0,5.2,0.02,0.11,0.13,0.79,1,50
2024-25,25,248,65,Enes Ünal,FWD,Bournemouth,3,17,0,2025-02-15T15:00:00Z,0,0,0,0,0,0,0,0,0.0,0.0,0.0,0.0,0.0,0.0,0.0,0.0,0,54
2024-25,25,248,66,Romain Faivre,MID,Bournemouth,3,17,0,2025-02-15T15:00:00Z,0,0,0,0,0,0,0,0,0.0,0.0,0.0,0.0,0.0,0.0,0.0,0.0,0,50
2024-25,25,248,67,Hamed Traorè,MID,Bournemouth,3,17,0,2025-02-15T15:00:00Z,0,0,0,0,0,0,0,0,0.0,0.0,0.0,0.0,0.0,0.0,0.0,0.0,0,45
2024-25,25,248,68,James Hill,DEF,Bournemouth,3,17,0,2025-02-15T15:00:00Z,0,0,0,0,0,0,0,0,0.0,0.0,0.0,0.0,0.0,0.0,0.0,0.0,0,39
2024-25,25,248,69,Daniel Jebbison,FWD,Bournemouth,3,17,0,2025-02-15T15:00:00Z,2,1,0,0,0,0,0,4,3.2,3.1,4.0,1.0,0.0,0.0,0.0,0.33,0,45
2024-25,25,248,70,Milos Kerkez,DEF,Bournemouth,3,17,0,2025-02-15T15:00:00Z,90,2,0,0,0,1,0,7,11.6,13.8,9.0,3.4,0.02,0.01,0.03,0.79,1,50
2024-25,25,248,71,Justin Kluivert,MID,Bournemouth,3,17,0,2025-02-15T15:00:00Z,76,5,0,1,0,1,0,22,26.0,51.9,3.0,8.1,0.02,0.08,0.1,0.46,1,59
2024-25,25,248,72,Chris Mepham,DEF,Bournemouth,3,17,0,2025-02-15T15:00:00Z,0,0,0,0,0,0,0,0,0.0,0.0,0.0,0.0,0.0,0.0,0.0,0.0,0,44
2024-25,25,245,73,Norberto Murara Neto,GK,Arsenal,1,11,0,2025-02-15T12:30:00Z,0,0,0,0,0,0,0,0,0.0,0.0,0.0,0.0,0.0,0.0,0.0,0.0,0,41
2024-25,25,248,74,Dango Ouattara,MID,Bournemouth,3,17,0,2025-02-15T15:00:00Z,87,7,1,0,0,1,0,22,36.2,8.3,44.0,8.9,0.64,0.18,0.82,0.46,1,51
2024-25,25,248,75,Alex Paulsen,GK,Bournemouth,3,17,0,2025-02-15T15:00:00Z,0,0,0,0,0,0,0,0,0.0,0.0,0.0,0.0,0.0,0.0,0.0,0.0,0,40
2024-25,25,248,76,Philip Billing,MID,Bournemouth,3,17,0,2025-02-15T15:00:00Z,0,0,0,0,0,0,0,0,0.0,0.0,0.0,0.0,0.0,0.0,0.0,0.0,0,48
2024-25,25,248,77,Alex Scott,MID,Bournemouth,3,17,0,2025-02-15T15:00:00Z,13,1,0,0,0,0,0,2,1.2,4.3,5.0,1.1,0.05,0.1,0.15,0.33,0,47
2024-25,25,248,78,Antoine Semenyo,MID,Bournemouth,3,17,0,2025-02-15T15:00:00Z,90,4,0,1,0,1,0,19,28.2,24.2,31.0,8.3,0.22,0.06,0.28,0.79,1,57
2024-25,25,248,79,Marcos Senesi,DEF,Bournemouth,3,17,0,2025-02-15T15:00:00Z,0,0,0,0,0,0,0,0,0.0,0.0,0.0,0.0,0.0,0.0,0.0,0.0,0,46
2024-25,25,248,80,Luis Sinisterra,MID,Bournemouth,3,17,0,2025-02-15T15:00:00Z,2,1,0,0,0,0,0,2,3.2,1.7,2.0,0.7,0.0,0.0,0.0,0.33,0,48
2024-25,25,248,81,Adam Smith,DEF,Bournemouth,3,17,0,2025-02-15T15:00:00Z,0,0,0,0,0,0,0,0,0.0,0.0,0.0,0.0,0.0,0.0,0.0,0.0,0,44
2024-25,25,249,82,Dominic Solanke-Mitchell,FWD,Spurs,18,14,1,2025-02-16T16:30:00Z,0,0,0,0,0,0,0,0,0.0,0.0,0.0,0.0,0.0,0.0,0.0,0.0,0,74
2024-25,25,248,83,Marcus Tavernier,MID,Bournemouth,3,17,0,2025-02-15T15:00:00Z,23,5,1,0,0,1,0,15,31.4,1.2,21.0,5.4,0.1,0.0,0.1,0.53,0,54
2024-25,25,248,84,Mark Travers,GK,Bournemouth,3,17,0,2025-02-15T15:00:00Z,0,0,0,0,0,0,0,0,0.0,0.0,0.0,0.0,0.0,0.0,0.0,0.0,0,44
2024-25,25,248,85,Illia Zabarnyi,DEF,Bournemouth,3,17,0,2025-02-15T15:00:00Z,90,2,0,0,0,1,0,15,23.0,0.9,0.0,2.4,0.0,0.01,0.01,0.79,1,44
2024-25,25,250,86,Kristoffer Ajer,DEF,Brentford,4,19,0,2025-02-15T15:00:00Z,90,6,0,0,1,0,0,18,14.4,1.5,4.0,2.0,0.0,0.0,0.0,0.82,1,44
2024-25,25,250,87,Ethan Brierley,MID,Brentford,4,19,0,2025-02-15T15:00:00Z,0,0,0,0,0,0,0,0,0.0,0.0,0.0,0.0,0.0,0.0,0.0,0.0,0,44
2024-25,25,250,88,Nathan Collins,DEF,Brentford,4,19,0,2025-02-15T15:00:00Z,90,8,0,0,1,0,2,25,28.0,0.8,2.0,3.1,0.0,0.0,0.0,0.82,1,45
2024-25,25,250,89,Mikkel Damsgaard,MID,Brentford,4,19,0,2025-02-15T15:00:00Z,90,2,0,0,1,0,0,4,11.4,29.9,14.0,5.5,0.11,0.44,0.55,0.82,1,50
2024-25,25,250,90,Josh Dasilva,MID,Brentford,4,19,0,2025-02-15T15:00:00Z,0,0,0,0,0,0,0,0,0.0,0.0,0.0,0.0,0.0,0.0,0.0,0.0,0,48
2024-25,25,250,91,Mark Flekken,GK,Brentford,4,19,0,2025-02-15T15:00:00Z,90,10,0,0,1,0,3,27,24.4,0.0,0.0,2.4,0.0,0.0,0.0,0.82,1,44
2024-25,25,250,92,Rico Henry,DEF,Brentford,4,19,0,2025-02-15T15:00:00Z,0,0,0,0,0,0,0,0,0.0,0.0,0.0,0.0,0.0,0.0,0.0,0.0,0,43
2024-25,25,250,93,Aaron Hickey,DEF,Brentford,4,19,0,2025-02-15T15:00:00Z,0,0,0,0,0,0,0,0,0.0,0.0,0.0,0.0,0.0,0.0,0.0,0.0,0,43
2024-25,25,250,94,Vitaly Janelt,MID,Brentford,4,19,0,2025-02-15T15:00:00Z,74,3,0,0,1,0,0,10,4.4,1.1,0.0,0.6,0.0,0.01,0.01,0.65,1,49
2024-25,25,250,95,Mathias Jensen,MID,Brentford,4,19,0,2025-02-15T15:00:00Z,15,1,0,0,0,0,0,5,2.6,11.1,4.0,1.8,0.0,0.02,0.02,0.16,0,53
2024-25,25,250,96,Kim Ji-soo,DEF,Brentford,4,19,0,2025-02-15T15:00:00Z,0,0,0,0,0,0,0,0,0.0,0.0,0.0,0.0,0.0,0.0,0.0,0.0,0,39
2024-25,25,250,97,Yunus Emre Konak,MID,Brentford,4,19,0,2025-02-15T15:00:00Z,0,0,0,0,0,0,0,0,0.0,0.0,0.0,0.0,0.0,0.0,0.0,0.0,0,44
2024-25,25,250,98,Keane Lewis-Potter,MID,Brentford,4,19,0,2025-02-15T15:00:00Z,90,3,0,0,1,0,0,21,18.8,28.6,21.0,6.8,0.14,0.26,0.4,0.82,1,50
2024-25,25,250,99,Bryan Mbeumo,MID,Brentford,4,19,0,2025-02-15T15:00:00Z,90,3,0,0,1,0,0,19,14.8,38.3,22.0,7.5,0.42,0.25,0.67,0.82,1,79
2024-25,25,250,100,Ben Mee,DEF,Brentford,4,19,0,2025-02-15T15:00:00Z,0,0,0,0,0,0,0,0,0.0,0.0,0.0,0.0,0.0,0.0,0.0,0.0,0,42
2024-25,25,250,101,Christian Nørgaard,MID,Brentford,4,19,0,2025-02-15T15:00:00Z,90,3,0,0,1,0,0,11,18.6,16.4,9.0,4.4,0.06,0.07,0.13,0.82,1,48
2024-25,25,250,102,Frank Onyeka,MID,Brentford,4,19,0,2025-02-15T15:00:00Z,0,0,0,0,0,0,0,0,0.0,0.0,0.0,0.0,0.0,0.0,0.0,0.0,0,49
2024-25,25,250,103,Myles Peart-Harris,MID,Brentford,4,19,0,2025-02-15T15:00:00Z,0,0,0,0,0,0,0,0,0.0,0.0,0.0,0.0,0.0,0.0,0.0,0.0,0,45
2024-25,25,250,104,Ethan Pinnock,DEF,Brentford,4,19,0,2025-02-15T15:00:00Z,30,1,0,0,0,0,0,2,5.4,0.2,0.0,0.6,0.0,0.0,0.0,0.25,0,44
2024-25,25,250,105,Mads Roerslev Rasmussen,DEF,Brentford,4,19,0,2025-02-15T15:00:00Z,0,0,0,0,0,0,0,0,0.0,0.0,0.0,0.0,0.0,0.0,0.0,0.0,0,43
2024-25,25,250,106,Kevin Schade,MID,Brentford,4,19,0,2025-02-15T15:00:00Z,74,9,1,0,1,0,1,24,39.8,0.3,68.0,10.8,0.57,0.02,0.59,0.65,1,51
2024-25,25,250,107,Igor Thiago Nascimento Rodrigues,FWD,Brentford,4,19,0,2025-02-15T15:00:00Z,0,0,0,0,0,0,0,0,0.0,0.0,0.0,0.0,0.0,0.0,0.0,0.0,0,59
2024-25,25,250,108,Ivan Toney,FWD,Brentford,4,19,0,2025-02-15T15:00:00Z,0,0,0,0,0,0,0,0,0.0,0.0,0.0,0.0,0.0,0.0,0.0,0.0,0,73
2024-25,25,250,109,Hákon Valdimarsson,GK,Brentford,4,19,0,2025-02-15T15:00:00Z,0,0,0,0,0,0,0,0,0.0,0.0,0.0,0.0,0.0,0.0,0.0,0.0,0,39
2024-25,25,250,110,Yoane Wissa,FWD,Brentford,4,19,0,2025-02-15T15:00:00Z,90,2,0,0,1,0,0,5,3.8,6.1,31.0,4.1,0.37,0.03,0.4,0.82,1,63
2024-25,25,250,111,Yehor Yarmoliuk,MID,Brentford,4,19,0,2025-02-15T15:00:00Z,15,1,0,0,0,0,0,5,3.6,5.7,0.0,0.9,0.0,0.0,0.0,0.16,0,44
2024-25,25,250,112,Mathias Jorgensen,DEF,Brentford,4,19,0,2025-02-15T15:00:00Z,0,0,0,0,0,0,0,0,0.0,0.0,0.0,0.0,0.0,0.0,0.0,0.0,0,45
2024-25,25,242,113,Simon Adingra,MID,Brighton,5,6,1,2025-02-14T20:00:00Z,1,1,0,0,0,0,0,3,0.0,0.3,0.0,0.0,0.0,0.0,0.0,0.0,0,51
2024-25,25,242,114,Benicio Baker-Boaitey,MID,Brighton,5,6,1,2025-02-14T20:00:00Z,0,0,0,0,0,0,0,0,0.0,0.0,0.0,0.0,0.0,0.0,0.0,0.0,0,45
2024-25,25,242,115,Carlos Baleba,MID,Brighton,5,6,1,2025-02-14T20:00:00Z,83,3,0,0,1,0,0,8,14.8,0.6,3.0,1.8,0.07,0.01,0.08,0.54,1,50
2024-25,25,242,116,Valentín Barco,DEF,Brighton,5,6,1,2025-02-14T20:00:00Z,0,0,0,0,0,0,0,0,0.0,0.0,0.0,0.0,0.0,0.0,0.0,0.0,0,40
2024-25,25,245,117,Facundo Buonanotte,MID,Leicester,11,1,1,2025-02-15T12:30:00Z,5,1,0,0,0,1,0,3,0.0,0.0,4.0,0.3,0.04,0.0,0.04,0.53,0,47
2024-25,25,242,118,Amario Cozier-Duberry,MID,Brighton,5,6,1,2025-02-14T20:00:00Z,0,0,0,0,0,0,0,0,0.0,0.0,0.0,0.0,0.0,0.0,0.0,0.0,0,45
2024-25,25,242,119,Mahmoud Dahoud,MID,Brighton,5,6,1,2025-02-14T20:00:00Z,0,0,0,0,0,0,0,0,0.0,0.0,0.0,0.0,0.0,0.0,0.0,0.0,0,49
2024-25,25,242,120,Lewis Dunk,DEF,Brighton,5,6,1,2025-02-14T20:00:00Z,0,0,0,0,0,0,0,0,0.0,0.0,0.0,0.0,0.0,0.0,0.0,0.0,0,42
2024-25,25,241,121,Julio Enciso,MID,Ipswich,10,2,0,2025-02-15T15:00:00Z,16,1,0,0,0,0,0,6,3.0,3.3,7.0,1.3,0.02,0.0,0.02,0.1,1,54
2024-25,25,242,122,Pervis Estupiñán,DEF,Brighton,5,6,1,2025-02-14T20:00:00Z,0,0,0,0,0,0,0,0,0.0,0.0,0.0,0.0,0.0,0.0,0.0,0.0,0,49
2024-25,25,250,123,Evan Ferguson,FWD,West Ham,19,4,1,2025-02-15T15:00:00Z,45,1,0,0,0,0,0,8,9.0,12.3,25.0,4.6,0.12,0.24,0.36,0.2,0,55
2024-25,25,242,124,Billy Gilmour,MID,Brighton,5,6,1,2025-02-14T20:00:00Z,0,0,0,0,0,0,0,0,0.0,0.0,0.0,0.0,0.0,0.0,0.0,0.0,0,50
2024-25,25,242,125,Pascal Groß,MID,Brighton,5,6,1,2025-02-14T20:00:00Z,0,0,0,0,0,0,0,0,0.0,0.0,0.0,0.0,0.0,0.0,0.0,0.0,0,65
2024-25,25,242,126,Jack Hinshelwood,MID,Brighton,5,6,1,2025-02-14T20:00:00Z,73,3,0,0,1,0,0,8,7.4,2.4,0.0,1.0,0.0,0.01,0.01,0.54,1,49
2024-25,25,242,127,Ibrahim Osman,MID,Brighton,5,6,1,2025-02-14T20:00:00Z,0,0,0,0,0,0,0,0,0.0,0.0,0.0,0.0,0.0,0.0,0.0,0.0,0,50
2024-25,25,242,128,Igor Julio dos Santos de Paulo,DEF,Brighton,5,6,1,2025-02-14T20:00:00Z,0,0,0,0,0,0,0,0,0.0,0.0,0.0,0.0,0.0,0.0,0.0,0.0,0,43
2024-25,25,242,129,João Pedro Junqueira de Jesus,FWD,Brighton,5,6,1,2025-02-14T20:00:00Z,17,1,0,0,0,0,0,-8,0.0,3.8,7.0,0.5,0.33,0.01,0.34,0.0,0,55
2024-25,25,242,130,Kacper Kozłowski,MID,Brighton,5,6,1,2025-02-14T20:00:00Z,0,0,0,0,0,0,0,0,0.0,0.0,0.0,0.0,0.0,0.0,0.0,0.0,0,45
2024-25,25,242,131,Tariq Lamptey,DEF,Brighton,5,6,1,2025-02-14T20:00:00Z,90,6,0,0,1,0,0,17,8.8,0.8,4.0,1.4,0.03,0.0,0.03,0.54,1,44
2024-25,25,242,132,Solly March,MID,Brighton,5,6,1,2025-02-14T20:00:00Z,0,0,0,0,0,0,0,0,0.0,0.0,0.0,0.0,0.0,0.0,0.0,0.0,0,65
2024-25,25,242,133,Adrian Mazilu,MID,Brighton,5,6,1,2025-02-14T20:00:00Z,0,0,0,0,0,0,0,0,0.0,0.0,0.0,0.0,0.0,0.0,0.0,0.0,0,45
2024-25,25,242,134,James Milner,MID,Brighton,5,6,1,2025-02-14T20:00:00Z,0,0,0,0,0,0,0,0,0.0,0.0,0.0,0.0,0.0,0.0,0.0,0.0,0,50
2024-25,25,242,135,Yankuba Minteh,MID,Brighton,5,6,1,2025-02-14T20:00:00Z,88,15,2,0,1,0,3,59,85.4,39.0,44.0,16.8,0.36,0.18,0.54,0.54,1,50
2024-25,25,242,136,Mitoma Kaoru,MID,Brighton,5,6,1,2025-02-14T20:00:00Z,90,10,1,0,1,0,2,33,42.0,2.8,32.0,7.7,0.21,0.02,0.23,0.54,1,63
2024-25,25,242,137,Jakub Moder,MID,Brighton,5,6,1,2025-02-14T20:00:00Z,0,0,0,0,0,0,0,0,0.0,0.0,0.0,0.0,0.0,0.0,0.0,0.0,0,44
2024-25,25,242,138,Mark O’Mahony,FWD,Brighton,5,6,1,2025-02-14T20:00:00Z,0,0,0,0,0,0,0,0,0.0,0.0,0.0,0.0,0.0,0.0,0.0,0.0,0,45
2024-25,25,242,139,Odeluga Offiah,DEF,Brighton,5,6,1,2025-02-14T20:00:00Z,0,0,0,0,0,0,0,0,0.0,0.0,0.0,0.0,0.0,0.0,0.0,0.0,0,40
2024-25,25,242,140,Cameron Peupion,MID,Brighton,5,6,1,2025-02-14T20:00:00Z,0,0,0,0,0,0,0,0,0.0,0.0,0.0,0.0,0.0,0.0,0.0,0.0,0,44
2024-25,25,242,141,Jeremy Sarmiento Morante,MID,Brighton,5,6,1,2025-02-14T20:00:00Z,0,0,0,0,0,0,0,0,0.0,0.0,0.0,0.0,0.0,0.0,0.0,0.0,0,49
2024-25,25,242,142,Jason Steele,GK,Brighton,5,6,1,2025-02-14T20:00:00Z,0,0,0,0,0,0,0,0,0.0,0.0,0.0,0.0,0.0,0.0,0.0,0.0,0,41
2024-25,25,242,143,Deniz Undav,FWD,Brighton,5,6,1,2025-02-14T20:00:00Z,0,0,0,0,0,0,0,0,0.0,0.0,0.0,0.0,0.0,0.0,0.0,0.0,0,55
2024-25,25,242,144,Jan Paul van Hecke,DEF,Brighton,5,6,1,2025-02-14T20:00:00Z,90,6,0,0,1,0,0,27,10.2,0.1,0.0,1.0,0.0,0.0,0.0,0.54,1,45
2024-25,25,242,145,Joël Veltman,DEF,Brighton,5,6,1,2025-02-14T20:00:00Z,90,6,0,0,1,0,0,21,15.2,0.3,33.0,4.9,0.27,0.0,0.27,0.54,1,44
2024-25,25,242,146,Bart Verbruggen,GK,Brighton,5,6,1,2025-02-14T20:00:00Z,90,10,0,1,1,0,1,31,25.2,10.0,0.0,3.5,0.0,0.0,0.0,0.54,1,45
2024-25,25,242,147,Adam Webster,DEF,Brighton,5,6,1,2025-02-14T20:00:00Z,90,6,0,0,1,0,0,27,30.4,0.6,0.0,3.1,0.0,0.0,0.0,0.54,1,43
2024-25,25,242,148,Danny Welbeck,FWD,Brighton,5,6,1,2025-02-14T20:00:00Z,83,8,0,2,1,0,0,29,35.2,23.4,11.0,7.0,0.03,0.45,0.48,0.54,1,55
2024-25,25,242,149,Mats Wieffer,MID,Brighton,5,6,1,2025-02-14T20:00:00Z,0,0,0,0,0,0,0,0,0.0,0.0,0.0,0.0,0.0,0.0,0.0,0.0,0,47
2024-25,25,242,150,Andrey Nascimento dos Santos,MID,Chelsea,6,5,0,2025-02-14T20:00:00Z,0,0,0,0,0,0,0,0,0.0,0.0,0.0,0.0,0.0,0.0,0.0,0.0,0,45
2024-25,25,242,151,Ângelo Gabriel Borges Damaceno,MID,Chelsea,6,5,0,2025-02-14T20:00:00Z,0,0,0,0,0,0,0,0,0.0,0.0,0.0,0.0,0.0,0.0,0.0,0.0,0,45
2024-25,25,248,152,Kepa Arrizabalaga,GK,Bournemouth,3,17,0,2025-02-15T15:00:00Z,90,3,0,0,0,1,0,12,24.2,0.0,0.0,2.4,0.0,0.0,0.0,0.79,1,45
2024-25,25,242,153,Benoît Badiashile,DEF,Chelsea,6,5,0,2025-02-14T20:00:00Z,0,0,0,0,0,0,0,0,0.0,0.0,0.0,0.0,0.0,0.0,0.0,0.0,0,42
2024-25,25,242,154,Lucas Bergström,GK,Chelsea,6,5,0,2025-02-14T20:00:00Z,0,0,0,0,0,0,0,0,0.0,0.0,0.0,0.0,0.0,0.0,0.0,0.0,0,39
2024-25,25,242,155,Marcus Bettinelli,GK,Chelsea,6,5,0,2025-02-14T20:00:00Z,0,0,0,0,0,0,0,0,0.0,0.0,0.0,0.0,0.0,0.0,0.0,0.0,0,39
2024-25,25,243,156,Armando Broja,FWD,Everton,8,7,0,2025-02-15T17:30:00Z,0,0,0,0,0,0,0,0,0.0,0.0,0.0,0.0,0.0,0.0,0.0,0.0,0,54
2024-25,25,242,157,Moisés Caicedo Corozo,MID,Chelsea,6,5,0,2025-02-14T20:00:00Z,64,1,0,0,0,3,0,8,5.4,6.4,0.0,1.2,0.0,0.02,0.02,0.59,1,49
2024-25,25,242,158,Cesare Casadei,MID,Chelsea,6,5,0,2025-02-14T20:00:00Z,0,0,0,0,0,0,0,0,0.0,0.0,0.0,0.0,0.0,0.0,0.0,0.0,0,44
2024-25,25,242,159,Trevoh Chalobah,DEF,Chelsea,6,5,0,2025-02-14T20:00:00Z,90,1,0,0,0,3,0,-2,9.4,3.3,4.0,1.7,0.08,0.02,0.1,1.42,1,44
2024-25,25,243,160,Ben Chilwell,DEF,Crystal Palace,7,8,1,2025-02-15T17:30:00Z,30,1,0,0,0,1,0,5,13.6,5.1,9.0,2.8,0.05,0.25,0.3,0.28,0,46
2024-25,25,242,161,Carney Chukwuemeka,MID,Chelsea,6,5,0,2025-02-14T20:00:00Z,0,0,0,0,0,0,0,0,0.0,0.0,0.0,0.0,0.0,0.0,0.0,0.0,0,47
2024-25,25,242,162,Levi Colwill,DEF,Chelsea,6,5,0,2025-02-14T20:00:00Z,90,1,0,0,0,3,0,1,25.8,2.2,0.0,2.8,0.0,0.02,0.02,1.42,1,44
2024-25,25,242,163,Marc Cucurella Saseta,DEF,Chelsea,6,5,0,2025-02-14T20:00:00Z,90,1,0,0,0,3,0,6,20.0,18.1,4.0,4.2,0.0,0.06,0.06,1.42,1,51
2024-25,25,242,164,David Datro Fofana,FWD,Chelsea,6,5,0,2025-02-14T20:00:00Z,0,0,0,0,0,0,0,0,0.0,0.0,0.0,0.0,0.0,0.0,0.0,0.0,0,54
2024-25,25,242,165,Deivid Washington de Souza Eugênio,FWD,Chelsea,6,5,0,2025-02-14T20:00:00Z,0,0,0,0,0,0,0,0,0.0,0.0,0.0,0.0,0.0,0.0,0.0,0.0,0,49
2024-25,25,242,166,Kiernan Dewsbury-Hall,MID,Chelsea,6,5,0,2025-02-14T20:00:00Z,25,1,0,0,0,0,0,2,0.0,1.5,0.0,0.1,0.0,0.0,0.0,0.83,0,55
2024-25,25,241,167,Axel Disasi,DEF,Aston Villa,2,10,1,2025-02-15T15:00:00Z,90,2,0,0,0,1,0,14,17.0,15.4,2.0,3.4,0.0,0.24,0.24,0.37,1,42
2024-25,25,282,167,Axel Disasi,DEF,Aston Villa,2,12,1,2025-02-19T19:30:00Z,90,0,0,0,0,2,0,7,14.4,1.5,4.0,2.0,0.0,0.01,0.01,2.44,1,42
2024-25,25,242,168,Enzo Fernández,MID,Chelsea,6,5,0,2025-02-14T20:00:00Z,90,1,0,0,0,3,0,8,7.2,4.5,8.0,2.0,0.02,0.1,0.12,1.42,1,48
2024-25,25,242,169,Conor Gallagher,MID,Chelsea,6,5,0,2025-02-14T20:00:00Z,0,0,0,0,0,0,0,0,0.0,0.0,0.0,0.0,0.0,0.0,0.0,0.0,0,59
2024-25,25,242,170,Alfie Gilchrist,DEF,Chelsea,6,5,0,2025-02-14T20:00:00Z,0,0,0,0,0,0,0,0,0.0,0.0,0.0,0.0,0.0,0.0,0.0,0.0,0,40
2024-25,25,242,171,Malo Gusto,DEF,Chelsea,6,5,0,2025-02-14T20:00:00Z,64,1,0,0,0,3,0,-2,3.2,17.0,1.0,2.1,0.06,0.03,0.09,0.59,1,49
2024-25,25,242,172,Reece James,DEF,Chelsea,6,5,0,2025-02-14T20:00:00Z,25,1,0,0,0,0,0,11,7.8,13.0,0.0,2.1,0.0,0.02,0.02,0.83,0,48
2024-25,25,242,173,Omari Kellyman,MID,Chelsea,6,5,0,2025-02-14T20:00:00Z,0,0,0,0,0,0,0,0,0.0,0.0,0.0,0.0,0.0,0.0,0.0,0.0,0,43
2024-25,25,242,174,Roméo Lavia,MID,Chelsea,6,5,0,2025-02-14T20:00:00Z,0,0,0,0,0,0,0,0,0.0,0.0,0.0,0.0,0.0,0.0,0.0,0.0,0,45
2024-25,25,242,175,Romelu Lukaku Bolingoli,FWD,Chelsea,6,5,0,2025-02-14T20:00:00Z,0,0,0,0,0,0,0,0,0.0,0.0,0.0,0.0,0.0,0.0,0.0,0.0,0,63
2024-25,25,242,176,Malang Sarr,DEF,Chelsea,6,5,0,2025-02-14T20:00:00Z,0,0,0,0,0,0,0,0,0.0,0.0,0.0,0.0,0.0,0.0,0.0,0.0,0,45
2024-25,25,242,177,Noni Madueke,MID,Chelsea,6,5,0,2025-02-14T20:00:00Z,20,1,0,0,0,0,0,4,4.4,10.8,4.0,1.9,0.0,0.05,0.05,0.03,1,61
2024-25,25,242,178,Marc Guiu Paz,FWD,Chelsea,6,5,0,2025-02-14T20:00:00Z,0,0,0,0,0,0,0,0,0.0,0.0,0.0,0.0,0.0,0.0,0.0,0.0,0,47
2024-25,25,242,179,Mykhailo Mudryk,MID,Chelsea,6,5,0,2025-02-14T20:00:00Z,0,0,0,0,0,0,0,0,0.0,0.0,0.0,0.0,0.0,0.0,0.0,0.0,0,61
2024-25,25,242,180,Nicolas Jackson,FWD,Chelsea,6,5,0,2025-02-14T20:00:00Z,0,0,0,0,0,0,0,0,0.0,0.0,0.0,0.0,0.0,0.0,0.0,0.0,0,78
2024-25,25,242,181,Christopher Nkunku,MID,Chelsea,6,5,0,2025-02-14T20:00:00Z,90,2,0,0,0,3,0,11,2.4,9.3,4.0,1.6,0.0,0.12,0.12,1.42,1,57
2024-25,25,242,182,Cole Palmer,MID,Chelsea,6,5,0,2025-02-14T20:00:00Z,90,2,0,0,0,3,0,12,0.4,5.5,13.0,1.9,0.16,0.18,0.34,1.42,1,112
2024-25,25,242,183,Đorđe Petrović,GK,Chelsea,6,5,0,2025-02-14T20:00:00Z,0,0,0,0,0,0,0,0,0.0,0.0,0.0,0.0,0.0,0.0,0.0,0.0,0,44
2024-25,25,242,184,Renato Palma Veiga,MID,Chelsea,6,5,0,2025-02-14T20:00:00Z,0,0,0,0,0,0,0,0,0.0,0.0,0.0,0.0,0.0,0.0,0.0,0.0,0,44
2024-25,25,242,185,Robert Sánchez,GK,Chelsea,6,5,0,2025-02-14T20:00:00Z,0,0,0,0,0,0,0,0,0.0,0.0,0.0,0.0,0.0,0.0,0.0,0.0,0,47
2024-25,25,245,186,Raheem Sterling,MID,Arsenal,1,11,0,2025-02-15T12:30:00Z,68,3,0,0,1,0,0,0,0.6,13.4,16.0,3.0,0.02,0.06,0.08,0.17,1,67
2024-25,25,242,187,Tosin Adarabioyo,DEF,Chelsea,6,5,0,2025-02-14T20:00:00Z,0,0,0,0,0,0,0,0,0.0,0.0,0.0,0.0,0.0,0.0,0.0,0.0,0,42
2024-25,25,248,188,Lesley Ugochukwu,MID,Southampton,17,3,1,2025-02-15T15:00:00Z,45,1,0,0,0,1,0,9,15.0,34.3,9.0,5.8,0.02,0.19,0.21,0.43,0,44
2024-25,25,242,189,Wesley Fofana,DEF,Chelsea,6,5,0,2025-02-14T20:00:00Z,0,0,0,0,0,0,0,0,0.0,0.0,0.0,0.0,0.0,0.0,0.0,0.0,0,43
2024-25,25,243,190,Naouirou Ahamada,MID,Crystal Palace,7,8,1,2025-02-15T17:30:00Z,0,0,0,0,0,0,0,0,0.0,0.0,0.0,0.0,0.0,0.0,0.0,0.0,0,45
2024-25,25,244,191,Joachim Andersen,DEF,Fulham,9,16,1,2025-02-15T15:00:00Z,90,2,0,0,0,1,0,16,35.2,1.0,0.0,3.6,0.0,0.01,0.01,0.42,1,42
2024-25,25,245,192,Jordan Ayew,MID,Leicester,11,1,1,2025-02-15T12:30:00Z,74,2,0,0,1,0,0,4,7.2,1.6,10.0,1.9,0.0,0.03,0.03,0.55,1,52
2024-25,25,243,193,Cheick Doucouré,MID,Crystal Palace,7,8,1,2025-02-15T17:30:00Z,0,0,0,0,0,0,0,0,0.0,0.0,0.0,0.0,0.0,0.0,0.0,0.0,0,49
2024-25,25,243,194,Chris Richards,DEF,Crystal Palace,7,8,1,2025-02-15T17:30:00Z,90,1,0,0,0,2,0,9,27.2,4.1,9.0,4.0,0.13,0.01,0.14,0.96,1,44
2024-25,25,243,195,Chadi Riad Dnanou,DEF,Crystal Palace,7,8,1,2025-02-15T17:30:00Z,0,0,0,0,0,0,0,0,0.0,0.0,0.0,0.0,0.0,0.0,0.0,0.0,0,43
2024-25,25,243,196,Nathaniel Clyne,DEF,Crystal Palace,7,8,1,2025-02-15T17:30:00Z,0,0,0,0,0,0,0,0,0.0,0.0,0.0,0.0,0.0,0.0,0.0,0.0,0,43
2024-25,25,243,197,Malcolm Ebiowei,MID,Crystal Palace,7,8,1,2025-02-15T17:30:00Z,0,0,0,0,0,0,0,0,0.0,0.0,0.0,0.0,0.0,0.0,0.0,0.0,0,45
2024-25,25,245,198,Odsonne Edouard,FWD,Leicester,11,1,1,2025-02-15T12:30:00Z,0,0,0,0,0,0,0,0,0.0,0.0,0.0,0.0,0.0,0.0,0.0,0.0,0,51
2024-25,25,243,199,Eberechi Eze,MID,Crystal Palace,7,8,1,2025-02-15T17:30:00Z,45,1,0,0,0,1,0,3,3.2,37.3,12.0,5.3,0.17,0.11,0.28,0.72,0,67
2024-25,25,243,200,Marc Guéhi,DEF,Crystal Palace,7,8,1,2025-02-15T17:30:00Z,90,4,0,1,0,2,0,21,47.0,15.8,21.0,8.4,0.07,0.6,0.67,0.96,1,46
2024-25,25,243,201,Dean Henderson,GK,Crystal Palace,7,8,1,2025-02-15T17:30:00Z,90,2,0,0,0,2,0,8,31.2,0.0,0.0,3.1,0.0,0.0,0.0,0.96,1,45
2024-25,25,243,202,Rob Holding,DEF,Crystal Palace,7,8,1,2025-02-15T17:30:00Z,0,0,0,0,0,0,0,0,0.0,0.0,0.0,0.0,0.0,0.0,0.0,0.0,0,42
2024-25,25,243,203,Will Hughes,MID,Crystal Palace,7,8,1,2025-02-15T17:30:00Z,85,2,0,0,0,2,0,13,18.8,16.9,2.0,3.8,0.02,0.11,0.13,0.96,1,49
2024-25,25,246,204,Sam Johnstone,GK,Wolves,20,12,0,2025-02-16T14:00:00Z,0,0,0,0,0,0,0,0,0.0,0.0,0.0,0.0,0.0,0.0,0.0,0.0,0,42
2024-25,25,243,205,Daichi Kamada,MID,Crystal Palace,7,8,1,2025-02-15T17:30:00Z,4,1,0,0,0,0,0,4,5.0,11.8,2.0,1.9,0.0,0.16,0.16,0.0,0,51
2024-25,25,243,206,Jefferson Lerma Solís,MID,Crystal Palace,7,8,1,2025-02-15T17:30:00Z,45,1,0,0,0,1,0,7,11.2,11.4,0.0,2.3,0.0,0.01,0.01,0.25,1,48
2024-25,25,243,207,Jean-Philippe Mateta,FWD,Crystal Palace,7,8,1,2025-02-15T17:30:00Z,90,7,1,0,0,2,1,33,43.8,32.0,32.0,10.8,0.74,0.5,1.24,0.96,1,73
2024-25,25,243,208,Matheus França de Oliveira,MID,Crystal Palace,7,8,1,2025-02-15T17:30:00Z,0,0,0,0,0,0,0,0,0.0,0.0,0.0,0.0,0.0,0.0,0.0,0.0,0,44
2024-25,25,243,209,Remi Matthews,GK,Crystal Palace,7,8,1,2025-02-15T17:30:00Z,0,0,0,0,0,0,0,0,0.0,0.0,0.0,0.0,0.0,0.0,0.0,0.0,0,39
2024-25,25,243,210,Tyrick Mitchell,DEF,Crystal Palace,7,8,1,2025-02-15T17:30:00Z,59,1,0,0,0,1,0,-6,0.0,1.5,0.0,0.0,0.0,0.01,0.01,0.69,1,48
2024-25,25,243,211,Daniel Muñoz,DEF,Crystal Palace,7,8,1,2025-02-15T17:30:00Z,90,1,0,0,0,2,0,8,18.8,15.3,19.0,5.3,0.06,0.03,0.09,0.96,1,48
2024-25,25,243,212,David Ozoh,MID,Crystal Palace,7,8,1,2025-02-15T17:30:00Z,0,0,0,0,0,0,0,0,0.0,0.0,0.0,0.0,0.0,0.0,0.0,0.0,0,45
2024-25,25,243,213,Jesurun Rak-Sakyi,MID,Crystal Palace,7,8,1,2025-02-15T17:30:00Z,0,0,0,0,0,0,0,0,0.0,0.0,0.0,0.0,0.0,0.0,0.0,0.0,0,45
2024-25,25,243,214,Jeffrey Schlupp,MID,Crystal Palace,7,8,1,2025-02-15T17:30:00Z,0,0,0,0,0,0,0,0,0.0,0.0,0.0,0.0,0.0,0.0,0.0,0.0,0,46
2024-25,25,243,215,Joel Ward,DEF,Crystal Palace,7,8,1,2025-02-15T17:30:00Z,0,0,0,0,0,0,0,0,0.0,0.0,0.0,0.0,0.0,0.0,0.0,0.0,0,43
2024-25,25,243,216,Adam Wharton,MID,Crystal Palace,7,8,1,2025-02-15T17:30:00Z,45,1,0,0,0,1,0,9,12.8,22.9,0.0,3.6,0.0,0.07,0.07,0.72,0,47
2024-25,25,243,217,Abdoulaye Doucouré,MID,Everton,8,7,0,2025-02-15T17:30:00Z,0,0,0,0,0,0,0,0,0.0,0.0,0.0,0.0,0.0,0.0,0.0,0.0,0,51
2024-25,25,243,218,Norberto Bercique Gomes Betuncal,FWD,Everton,8,7,0,2025-02-15T17:30:00Z,90,8,1,0,0,1,2,35,47.8,26.2,60.0,13.4,0.52,0.04,0.56,1.72,1,49
2024-25,25,243,219,Jarrad Branthwaite,DEF,Everton,8,7,0,2025-02-15T17:30:00Z,90,2,0,0,0,1,0,14,39.4,0.5,0.0,4.0,0.0,0.0,0.0,1.72,1,48
2024-25,25,243,220,Dominic Calvert-Lewin,FWD,Everton,8,7,0,2025-02-15T17:30:00Z,0,0,0,0,0,0,0,0,0.0,0.0,0.0,0.0,0.0,0.0,0.0,0.0,0,54
2024-25,25,243,221,Séamus Coleman,DEF,Everton,8,7,0,2025-02-15T17:30:00Z,0,0,0,0,0,0,0,0,0.0,0.0,0.0,0.0,0.0,0.0,0.0,0.0,0,43
2024-25,25,243,222,Idrissa Gueye,MID,Everton,8,7,0,2025-02-15T17:30:00Z,90,2,0,0,0,1,0,11,14.4,4.1,2.0,2.1,0.05,0.02,0.07,1.72,1,48
2024-25,25,243,223,James Garner,MID,Everton,8,7,0,2025-02-15T17:30:00Z,90,1,0,0,0,1,0,6,21.0,26.1,0.0,4.7,0.0,0.04,0.04,1.72,1,49
2024-25,25,243,224,Jack Harrison,MID,Everton,8,7,0,2025-02-15T17:30:00Z,90,2,0,0,0,1,0,10,10.0,16.1,4.0,3.0,0.0,0.05,0.05,1.72,1,52
2024-25,25,243,225,Mason Holgate,DEF,Everton,8,7,0,2025-02-15T17:30:00Z,0,0,0,0,0,0,0,0,0.0,0.0,0.0,0.0,0.0,0.0,0.0,0.0,0,40
2024-25,25,243,226,Tim Iroegbunam,MID,Everton,8,7,0,2025-02-15T17:30:00Z,4,1,0,0,0,0,0,7,10.2,0.1,0.0,1.0,0.0,0.0,0.0,0.14,0,43
2024-25,25,243,227,João Neves Virgínia,GK,Everton,8,7,0,2025-02-15T17:30:00Z,0,0,0,0,0,0,0,0,0.0,0.0,0.0,0.0,0.0,0.0,0.0,0.0,0,39
2024-25,25,243,228,Michael Keane,DEF,Everton,8,7,0,2025-02-15T17:30:00Z,0,0,0,0,0,0,0,0,0.0,0.0,0.0,0.0,0.0,0.0,0.0,0.0,0,39
2024-25,25,243,229,Neal Maupay,FWD,Everton,8,7,0,2025-02-15T17:30:00Z,0,0,0,0,0,0,0,0,0.0,0.0,0.0,0.0,0.0,0.0,0.0,0.0,0,49
2024-25,25,243,230,Dwight McNeil,MID,Everton,8,7,0,2025-02-15T17:30:00Z,0,0,0,0,0,0,0,0,0.0,0.0,0.0,0.0,0.0,0.0,0.0,0.0,0,51
2024-25,25,243,231,Vitalii Mykolenko,DEF,Everton,8,7,0,2025-02-15T17:30:00Z,90,2,0,0,0,1,0,3,10.0,1.3,0.0,1.1,0.0,0.01,0.01,1.72,1,44
2024-25,25,243,232,Iliman Ndiaye,FWD,Everton,8,7,0,2025-02-15T17:30:00Z,0,0,0,0,0,0,0,0,0.0,0.0,0.0,0.0,0.0,0.0,0.0,0.0,0,55
2024-25,25,241,233,Amadou Onana,MID,Aston Villa,2,10,1,2025-02-15T15:00:00Z,0,0,0,0,0,0,0,0,0.0,0.0,0.0,0.0,0.0,0.0,0.0,0.0,0,48
2024-25,25,282,233,Amadou Onana,MID,Aston Villa,2,12,1,2025-02-19T19:30:00Z,0,0,0,0,0,0,0,0,0.0,0.0,0.0,0.0,0.0,0.0,0.0,0.0,0,48
2024-25,25,243,234,Nathan Patterson,DEF,Everton,8,7,0,2025-02-15T17:30:00Z,0,0,0,0,0,0,0,0,0.0,0.0,0.0,0.0,0.0,0.0,0.0,0.0,0,44
2024-25,25,243,235,Jordan Pickford,GK,Everton,8,7,0,2025-02-15T17:30:00Z,90,3,0,0,0,1,0,17,35.8,0.0,0.0,3.6,0.0,0.0,0.0,1.72,1,51
2024-25,25,243,236,James Tarkowski,DEF,Everton,8,7,0,2025-02-15T17:30:00Z,90,2,0,0,0,1,0,12,35.4,0.1,0.0,3.6,0.0,0.0,0.0,1.72,1,48
2024-25,25,243,237,Youssef Ramalho Chermiti,FWD,Everton,8,7,0,2025-02-15T17:30:00Z,0,0,0,0,0,0,0,0,0.0,0.0,0.0,0.0,0.0,0.0,0.0,0.0,0,49
2024-25,25,243,238,Ashley Young,DEF,Everton,8,7,0,2025-02-15T17:30:00Z,11,4,0,1,0,0,0,12,0.2,0.0,5.0,0.5,0.05,0.0,0.05,0.3,0,46
2024-25,25,244,239,Adama Traoré,MID,Fulham,9,16,1,2025-02-15T15:00:00Z,89,6,0,1,0,1,1,27,30.6,44.8,26.0,10.1,0.2,0.75,0.95,0.39,1,46
2024-25,25,244,240,Andreas Hoelgebaum Pereira,MID,Fulham,9,16,1,2025-02-15T15:00:00Z,8,1,0,0,0,0,0,3,1.0,1.4,2.0,0.4,0.0,0.1,0.1,0.03,0,50
2024-25,25,244,241,Calvin Bassey,DEF,Fulham,9,16,1,2025-02-15T15:00:00Z,90,8,1,0,0,1,0,26,42.4,0.8,72.0,11.5,0.16,0.0,0.16,0.42,1,45
2024-25,25,244,242,Steven Benda,GK,Fulham,9,16,1,2025-02-15T15:00:00Z,0,0,0,0,0,0,0,0,0.0,0.0,0.0,0.0,0.0,0.0,0.0,0.0,0,39
2024-25,25,244,243,Tom Cairney,MID,Fulham,9,16,1,2025-02-15T15:00:00Z,0,0,0,0,0,0,0,0,0.0,0.0,0.0,0.0,0.0,0.0,0.0,0.0,0,48
2024-25,25,244,244,Timothy Castagne,DEF,Fulham,9,16,1,2025-02-15T15:00:00Z,90,2,0,0,0,1,0,12,12.4,3.6,6.0,2.2,0.03,0.02,0.05,0.42,1,42
2024-25,25,244,245,Issa Diop,DEF,Fulham,9,16,1,2025-02-15T15:00:00Z,0,0,0,0,0,0,0,0,0.0,0.0,0.0,0.0,0.0,0.0,0.0,0.0,0,44
2024-25,25,244,246,Luke Harris,MID,Fulham,9,16,1,2025-02-15T15:00:00Z,0,0,0,0,0,0,0,0,0.0,0.0,0.0,0.0,0.0,0.0,0.0,0.0,0,45
2024-25,25,244,247,Alex Iwobi,MID,Fulham,9,16,1,2025-02-15T15:00:00Z,89,2,0,0,0,1,0,17,11.2,32.9,28.0,7.2,0.23,0.18,0.41,0.39,1,57
2024-25,25,244,248,Bernd Leno,GK,Fulham,9,16,1,2025-02-15T15:00:00Z,90,2,0,0,0,1,0,11,13.8,0.0,0.0,1.4,0.0,0.0,0.0,0.42,1,50
2024-25,25,244,249,Saša Lukić,MID,Fulham,9,16,1,2025-02-15T15:00:00Z,82,2,0,0,0,1,0,25,30.6,85.5,38.0,15.4,0.13,0.25,0.38,0.39,1,48
2024-25,25,244,250,Kevin Mbabu,DEF,Fulham,9,16,1,2025-02-15T15:00:00Z,0,0,0,0,0,0,0,0,0.0,0.0,0.0,0.0,0.0,0.0,0.0,0.0,0,40
2024-25,25,244,251,Rodrigo Muniz Carvalho,FWD,Fulham,9,16,1,2025-02-15T15:00:00Z,14,1,0,0,0,0,0,5,4.2,0.1,19.0,2.3,0.17,0.0,0.17,0.13,0,55
2024-25,25,244,252,Raúl Jiménez,FWD,Fulham,9,16,1,2025-02-15T15:00:00Z,75,5,0,1,0,1,0,21,23.4,29.0,74.0,12.6,0.51,0.08,0.59,0.3,1,56
2024-25,25,244,253,Tim Ream,DEF,Fulham,9,16,1,2025-02-15T15:00:00Z,0,0,0,0,0,0,0,0,0.0,0.0,0.0,0.0,0.0,0.0,0.0,0.0,0,45
2024-25,25,244,254,Harrison Reed,MID,Fulham,9,16,1,2025-02-15T15:00:00Z,8,1,0,0,0,0,0,5,3.2,0.8,17.0,2.1,0.13,0.0,0.13,0.03,0,47
2024-25,25,244,255,Antonee Robinson,DEF,Fulham,9,16,1,2025-02-15T15:00:00Z,90,2,0,0,0,1,0,5,6.6,3.7,2.0,1.2,0.0,0.04,0.04,0.42,1,51
2024-25,25,244,256,Jay Stansfield,FWD,Fulham,9,16,1,2025-02-15T15:00:00Z,0,0,0,0,0,0,0,0,0.0,0.0,0.0,0.0,0.0,0.0,0.0,0.0,0,50
2024-25,25,244,257,Kenny Tete,DEF,Fulham,9,16,1,2025-02-15T15:00:00Z,0,0,0,0,0,0,0,0,0.0,0.0,0.0,0.0,0.0,0.0,0.0,0.0,0,44
2024-25,25,244,258,Carlos Vinícius Alves Morais,FWD,Fulham,9,16,1,2025-02-15T15:00:00Z,0,0,0,0,0,0,0,0,0.0,0.0,0.0,0.0,0.0,0.0,0.0,0.0,0,50
2024-25,25,244,259,Harry Wilson,MID,Fulham,9,16,1,2025-02-15T15:00:00Z,0,0,0,0,0,0,0,0,0.0,0.0,0.0,0.0,0.0,0.0,0.0,0.0,0,52
2024-25,25,241,260,Ali Al-Hamadi,FWD,Ipswich,10,2,0,2025-02-15T15:00:00Z,0,0,0,0,0,0,0,0,0.0,0.0,0.0,0.0,0.0,0.0,0.0,0.0,0,47
2024-25,25,241,261,Elkan Baggott,DEF,Ipswich,10,2,0,2025-02-15T15:00:00Z,0,0,0,0,0,0,0,0,0.0,0.0,0.0,0.0,0.0,0.0,0.0,0.0,0,40
2024-25,25,241,262,Nathan Broadhead,MID,Ipswich,10,2,0,2025-02-15T15:00:00Z,0,0,0,0,0,0,0,0,0.0,0.0,0.0,0.0,0.0,0.0,0.0,0.0,0,49
2024-25,25,241,263,Cameron Burgess,DEF,Ipswich,10,2,0,2025-02-15T15:00:00Z,0,0,0,0,0,0,0,0,0.0,0.0,0.0,0.0,0.0,0.0,0.0,0.0,0,39
2024-25,25,241,264,Wes Burns,MID,Ipswich,10,2,0,2025-02-15T15:00:00Z,0,0,0,0,0,0,0,0,0.0,0.0,0.0,0.0,0.0,0.0,0.0,0.0,0,48
2024-25,25,241,265,Conor Chaplin,MID,Ipswich,10,2,0,2025-02-15T15:00:00Z,0,0,0,0,0,0,0,0,0.0,0.0,0.0,0.0,0.0,0.0,0.0,0.0,0,51
2024-25,25,241,266,Harry Clarke,DEF,Ipswich,10,2,0,2025-02-15T15:00:00Z,0,0,0,0,0,0,0,0,0.0,0.0,0.0,0.0,0.0,0.0,0.0,0.0,0,40
2024-25,25,241,267,Leif Davis,DEF,Ipswich,10,2,0,2025-02-15T15:00:00Z,0,0,0,0,0,0,0,0,0.0,0.0,0.0,0.0,0.0,0.0,0.0,0.0,0,44
2024-25,25,241,268,Liam Delap,FWD,Ipswich,10,2,0,2025-02-15T15:00:00Z,79,8,1,0,0,1,2,27,32.0,2.3,28.0,6.2,0.29,0.0,0.29,1.85,1,56
2024-25,25,241,269,George Edmundson,DEF,Ipswich,10,2,0,2025-02-15T15:00:00Z,0,0,0,0,0,0,0,0,0.0,0.0,0.0,0.0,0.0,0.0,0.0,0.0,0,40
2024-25,25,241,270,Jacob Greaves,DEF,Ipswich,10,2,0,2025-02-15T15:00:00Z,90,1,0,0,0,1,0,7,10.6,0.8,0.0,1.1,0.0,0.0,0.0,2.42,1,39
2024-25,25,241,271,Marcus Myers-Harness,MID,Ipswich,10,2,0,2025-02-15T15:00:00Z,0,0,0,0,0,0,0,0,0.0,0.0,0.0,0.0,0.0,0.0,0.0,0.0,0,49
2024-25,25,241,272,George Hirst,FWD,Ipswich,10,2,0,2025-02-15T15:00:00Z,10,1,0,0,0,0,0,4,2.2,0.6,0.0,0.3,0.0,0.0,0.0,0.57,0,54
2024-25,25,241,273,Cameron Humphreys,MID,Ipswich,10,2,0,2025-02-15T15:00:00Z,0,0,0,0,0,0,0,0,0.0,0.0,0.0,0.0,0.0,0.0,0.0,0.0,0,45
2024-25,25,241,274,Omari Giraud-Hutchinson,MID,Ipswich,10,2,0,2025-02-15T15:00:00Z,90,4,0,1,0,1,0,16,30.6,14.8,6.0,5.1,0.0,0.1,0.1,2.42,1,52
2024-25,25,241,275,Ben Johnson,DEF,Ipswich,10,2,0,2025-02-15T15:00:00Z,90,2,0,0,0,1,0,4,13.6,0.5,0.0,1.4,0.0,0.0,0.0,2.42,1,39
2024-25,25,241,276,Freddie Ladapo,FWD,Ipswich,10,2,0,2025-02-15T15:00:00Z,0,0,0,0,0,0,0,0,0.0,0.0,0.0,0.0,0.0,0.0,0.0,0.0,0,45
2024-25,25,241,277,Massimo Luongo,MID,Ipswich,10,2,0,2025-02-15T15:00:00Z,10,1,0,0,0,0,0,3,0.0,0.0,0.0,0.0,0.0,0.0,0.0,0.57,0,44
2024-25,25,241,278,Sam Morsy,MID,Ipswich,10,2,0,2025-02-15T15:00:00Z,0,0,0,0,0,0,0,0,0.0,0.0,0.0,0.0,0.0,0.0,0.0,0.0,0,49
2024-25,25,241,279,Corrie Ndaba,DEF,Ipswich,10,2,0,2025-02-15T15:00:00Z,0,0,0,0,0,0,0,0,0.0,0.0,0.0,0.0,0.0,0.0,0.0,0.0,0,40
2024-25,25,241,280,Cieran Slicker,GK,Ipswich,10,2,0,2025-02-15T15:00:00Z,0,0,0,0,0,0,0,0,0.0,0.0,0.0,0.0,0.0,0.0,0.0,0.0,0,39
2024-25,25,241,281,Jack Taylor,MID,Ipswich,10,2,0,2025-02-15T15:00:00Z,1,1,0,0,0,0,0,3,0.0,0.0,0.0,0.0,0.0,0.0,0.0,0.0,0,48
2024-25,25,241,282,Axel Tuanzebe,DEF,Ipswich,10,2,0,2025-02-15T15:00:00Z,39,-2,0,0,0,1,0,-10,0.0,0.8,0.0,0.0,0.0,0.01,0.01,0.51,1,39
2024-25,25,241,283,Christian Walton,GK,Ipswich,10,2,0,2025-02-15T15:00:00Z,0,0,0,0,0,0,0,0,0.0,0.0,0.0,0.0,0.0,0.0,0.0,0.0,0,43
2024-25,25,241,284,Luke Woolfenden,DEF,Ipswich,10,2,0,2025-02-15T15:00:00Z,45,1,0,0,0,1,0,2,15.4,0.3,2.0,1.8,0.0,0.0,0.0,1.49,0,40
2024-25,25,245,285,Boubakary Soumaré,MID,Leicester,11,1,1,2025-02-15T12:30:00Z,90,2,0,0,0,2,0,15,7.2,1.8,4.0,1.3,0.0,0.02,0.02,1.38,1,44
2024-25,25,245,286,Tom Cannon,FWD,Leicester,11,1,1,2025-02-15T12:30:00Z,0,0,0,0,0,0,0,0,0.0,0.0,0.0,0.0,0.0,0.0,0.0,0.0,0,45
2024-25,25,245,287,Hamza Choudhury,MID,Leicester,11,1,1,2025-02-15T12:30:00Z,0,0,0,0,0,0,0,0,0.0,0.0,0.0,0.0,0.0,0.0,0.0,0.0,0,44
2024-25,25,245,288,Conor Coady,DEF,Leicester,11,1,1,2025-02-15T12:30:00Z,0,0,0,0,0,0,0,0,0.0,0.0,0.0,0.0,0.0,0.0,0.0,0.0,0,40
2024-25,25,245,289,Patson Daka,FWD,Leicester,11,1,1,2025-02-15T12:30:00Z,5,1,0,0,0,1,0,3,0.0,1.1,0.0,0.1,0.0,0.0,0.0,0.53,0,48
2024-25,25,245,290,Bobby De Cordova-Reid,MID,Leicester,11,1,1,2025-02-15T12:30:00Z,84,2,0,0,0,1,0,6,4.6,1.4,7.0,1.3,0.03,0.01,0.04,0.85,1,52
2024-25,25,245,291,Wout Faes,DEF,Leicester,11,1,1,2025-02-15T12:30:00Z,90,1,0,0,0,2,0,2,18.4,0.2,2.0,2.1,0.0,0.0,0.0,1.38,1,39
2024-25,25,245,292,Michael Golding,MID,Leicester,11,1,1,2025-02-15T12:30:00Z,0,0,0,0,0,0,0,0,0.0,0.0,0.0,0.0,0.0,0.0,0.0,0.0,0,44
2024-25,25,245,293,Mads Hermansen,GK,Leicester,11,1,1,2025-02-15T12:30:00Z,90,2,0,0,0,2,0,7,28.8,0.0,0.0,2.9,0.0,0.01,0.01,1.38,1,44
2024-25,25,245,294,Daniel Iversen,GK,Leicester,11,1,1,2025-02-15T12:30:00Z,0,0,0,0,0,0,0,0,0.0,0.0,0.0,0.0,0.0,0.0,0.0,0.0,0,39
2024-25,25,245,295,James Justin,DEF,Leicester,11,1,1,2025-02-15T12:30:00Z,43,1,0,0,0,0,0,4,9.4,0.1,0.0,1.0,0.0,0.0,0.0,0.41,1,41
2024-25,25,245,296,Victor Kristiansen,DEF,Leicester,11,1,1,2025-02-15T12:30:00Z,90,1,0,0,0,2,0,3,16.8,23.4,2.0,4.2,0.0,0.1,0.1,1.38,1,45
2024-25,25,245,297,Wanya Marçal-Madivádua,MID,Leicester,11,1,1,2025-02-15T12:30:00Z,0,0,0,0,0,0,0,0,0.0,0.0,0.0,0.0,0.0,0.0,0.0,0.0,0,45
2024-25,25,245,298,Stephy Mavididi,MID,Leicester,11,1,1,2025-02-15T12:30:00Z,15,1,0,0,0,2,0,5,3.2,0.3,8.0,1.2,0.01,0.0,0.01,0.83,0,51
2024-25,25,245,299,Kasey McAteer,MID,Leicester,11,1,1,2025-02-15T12:30:00Z,0,0,0,0,0,0,0,0,0.0,0.0,0.0,0.0,0.0,0.0,0.0,0.0,0,47
2024-25,25,245,300,Wilfred Ndidi,MID,Leicester,11,1,1,2025-02-15T12:30:00Z,84,2,0,0,0,1,0,9,14.0,0.4,23.0,3.7,0.11,0.0,0.11,0.85,1,49
2024-25,25,245,301,Caleb Okoli,DEF,Leicester,11,1,1,2025-02-15T12:30:00Z,90,1,0,0,0,2,0,2,10.2,0.7,0.0,1.1,0.0,0.0,0.0,1.38,1,40
2024-25,25,245,302,Ricardo Barbosa Pereira,DEF,Leicester,11,1,1,2025-02-15T12:30:00Z,0,0,0,0,0,0,0,0,0.0,0.0,0.0,0.0,0.0,0.0,0.0,0.0,0,41
2024-25,25,245,303,Harry Souttar,DEF,Leicester,11,1,1,2025-02-15T12:30:00Z,0,0,0,0,0,0,0,0,0.0,0.0,0.0,0.0,0.0,0.0,0.0,0.0,0,40
2024-25,25,245,304,Jakub Stolarczyk,GK,Leicester,11,1,1,2025-02-15T12:30:00Z,0,0,0,0,0,0,0,0,0.0,0.0,0.0,0.0,0.0,0.0,0.0,0.0,0,40
2024-25,25,245,305,Luke Thomas,DEF,Leicester,11,1,1,2025-02-15T12:30:00Z,0,0,0,0,0,0,0,0,0.0,0.0,0.0,0.0,0.0,0.0,0.0,0.0,0,39
2024-25,25,245,306,Jamie Vardy,FWD,Leicester,11,1,1,2025-02-15T12:30:00Z,90,2,0,0,0,2,0,15,8.4,14.6,6.0,2.9,0.0,0.03,0.03,1.38,1,54
2024-25,25,245,307,Jannik Vestergaard,DEF,Leicester,11,1,1,2025-02-15T12:30:00Z,0,0,0,0,0,0,0,0,0.0,0.0,0.0,0.0,0.0,0.0,0.0,0.0,0,39
2024-25,25,245,308,Danny Ward,GK,Leicester,11,1,1,2025-02-15T12:30:00Z,0,0,0,0,0,0,0,0,0.0,0.0,0.0,0.0,0.0,0.0,0.0,0.0,0,39
2024-25,25,245,309,Harry Winks,MID,Leicester,11,1,1,2025-02-15T12:30:00Z,0,0,0,0,0,0,0,0,0.0,0.0,0.0,0.0,0.0,0.0,0.0,0.0,0,44
2024-25,25,246,310,Alisson Ramses Becker,GK,Liverpool,12,20,1,2025-02-16T14:00:00Z,90,3,0,0,0,1,0,12,18.6,0.0,0.0,1.9,0.0,0.0,0.0,1.5,1,55
2024-25,25,282,310,Alisson Ramses Becker,GK,Liverpool,12,2,0,2025-02-19T19:30:00Z,90,1,0,0,0,2,0,2,7.6,0.0,0.0,0.8,0.0,0.0,0.0,0.73,1,55
2024-25,25,246,311,Trent Alexander-Arnold,DEF,Liverpool,12,20,1,2025-02-16T14:00:00Z,63,6,0,0,1,0,0,17,7.6,3.3,5.0,1.6,0.11,0.06,0.17,1.25,1,74
2024-25,25,282,311,Trent Alexander-Arnold,DEF,Liverpool,12,2,0,2025-02-19T19:30:00Z,65,7,1,0,0,2,0,25,53.0,49.3,17.0,11.9,0.09,0.11,0.2,0.62,1,74
2024-25,25,246,312,Stefan Bajčetić Maquieira,MID,Liverpool,12,20,1,2025-02-16T14:00:00Z,0,0,0,0,0,0,0,0,0.0,0.0,0.0,0.0,0.0,0.0,0.0,0.0,0,45
2024-25,25,282,312,Stefan Bajčetić Maquieira,MID,Liverpool,12,2,0,2025-02-19T19:30:00Z,0,0,0,0,0,0,0,0,0.0,0.0,0.0,0.0,0.0,0.0,0.0,0.0,0,45
2024-25,25,246,313,Conor Bradley,DEF,Liverpool,12,20,1,2025-02-16T14:00:00Z,26,1,0,0,0,1,0,0,4.0,5.7,0.0,1.0,0.0,0.01,0.01,0.24,0,47
2024-25,25,282,313,Conor Bradley,DEF,Liverpool,12,2,0,2025-02-19T19:30:00Z,23,1,0,0,0,0,0,3,0.0,0.3,2.0,0.2,0.0,0.03,0.03,0.04,0,47
2024-25,25,250,314,Fábio Freitas Gouveia Carvalho,MID,Brentford,4,19,0,2025-02-15T15:00:00Z,1,1,0,0,0,0,0,3,0.0,0.0,0.0,0.0,0.0,0.0,0.0,0.0,0,46
2024-25,25,246,315,Bobby Clark,MID,Liverpool,12,20,1,2025-02-16T14:00:00Z,0,0,0,0,0,0,0,0,0.0,0.0,0.0,0.0,0.0,0.0,0.0,0.0,0,45
2024-25,25,282,315,Bobby Clark,MID,Liverpool,12,2,0,2025-02-19T19:30:00Z,0,0,0,0,0,0,0,0,0.0,0.0,0.0,0.0,0.0,0.0,0.0,0.0,0,45
2024-25,25,246,316,Darwin Núñez Ribeiro,FWD,Liverpool,12,20,1,2025-02-16T14:00:00Z,26,1,0,0,0,1,0,1,0.2,0.4,0.0,0.1,0.0,0.0,0.0,0.24,0,70
2024-25,25,282,316,Darwin Núñez Ribeiro,FWD,Liverpool,12,2,0,2025-02-19T19:30:00Z,24,1,0,0,0,0,0,-4,0.0,0.0,6.0,0.5,0.76,0.0,0.76,0.11,0,70
2024-25,25,246,317,Diogo Teixeira da Silva,MID,Liverpool,12,20,1,2025-02-16T14:00:00Z,63,3,0,0,1,0,0,5,0.0,2.3,34.0,3.3,0.47,0.01,0.48,1.25,1,72
2024-25,25,282,317,Diogo Teixeira da Silva,MID,Liverpool,12,2,0,2025-02-19T19:30:00Z,65,5,0,1,0,2,0,8,8.6,13.2,32.0,5.4,0.8,0.36,1.16,0.62,1,72
2024-25,25,246,318,Ben Doak,MID,Liverpool,12,20,1,2025-02-16T14:00:00Z,0,0,0,0,0,0,0,0,0.0,0.0,0.0,0.0,0.0,0.0,0.0,0.0,0,45
2024-25,25,282,318,Ben Doak,MID,Liverpool,12,2,0,2025-02-19T19:30:00Z,0,0,0,0,0,0,0,0,0.0,0.0,0.0,0.0,0.0,0.0,0.0,0.0,0,45
2024-25,25,246,319,Harvey Elliott,MID,Liverpool,12,20,1,2025-02-16T14:00:00Z,0,0,0,0,0,0,0,0,0.0,0.0,0.0,0.0,0.0,0.0,0.0,0.0,0,52
2024-25,25,282,319,Harvey Elliott,MID,Liverpool,12,2,0,2025-02-19T19:30:00Z,0,0,0,0,0,0,0,0,0.0,0.0,0.0,0.0,0.0,0.0,0.0,0.0,0,52
2024-25,25,246,320,Endo Wataru,MID,Liverpool,12,20,1,2025-02-16T14:00:00Z,19,1,0,0,0,0,0,3,0.8,0.4,0.0,0.1,0.0,0.0,0.0,0.09,0,46
2024-25,25,282,320,Endo Wataru,MID,Liverpool,12,2,0,2025-02-19T19:30:00Z,0,0,0,0,0,0,0,0,0.0,0.0,0.0,0.0,0.0,0.0,0.0,0.0,0,46
2024-25,25,246,321,Cody Gakpo,FWD,Liverpool,12,20,1,2025-02-16T14:00:00Z,0,0,0,0,0,0,0,0,0.0,0.0,0.0,0.0,0.0,0.0,0.0,0.0,0,76
2024-25,25,282,321,Cody Gakpo,FWD,Liverpool,12,2,0,2025-02-19T19:30:00Z,0,0,0,0,0,0,0,0,0.0,0.0,0.0,0.0,0.0,0.0,0.0,0.0,0,76
2024-25,25,246,322,Joe Gomez,DEF,Liverpool,12,20,1,2025-02-16T14:00:00Z,0,0,0,0,0,0,0,0,0.0,0.0,0.0,0.0,0.0,0.0,0.0,0.0,0,47
2024-25,25,282,322,Joe Gomez,DEF,Liverpool,12,2,0,2025-02-19T19:30:00Z,0,0,0,0,0,0,0,0,0.0,0.0,0.0,0.0,0.0,0.0,0.0,0.0,0,47
2024-25,25,246,323,Ryan Gravenberch,MID,Liverpool,12,20,1,2025-02-16T14:00:00Z,90,2,0,0,0,1,0,12,7.4,7.2,0.0,1.5,0.0,0.22,0.22,1.5,1,50
2024-25,25,282,323,Ryan Gravenberch,MID,Liverpool,12,2,0,2025-02-19T19:30:00Z,90,2,0,0,0,2,0,14,11.6,13.9,0.0,2.6,0.0,0.02,0.02,0.73,1,50
2024-25,25,246,324,Curtis Jones,MID,Liverpool,12,20,1,2025-02-16T14:00:00Z,0,0,0,0,0,0,0,0,0.0,0.0,0.0,0.0,0.0,0.0,0.0,0.0,0,53
2024-25,25,282,324,Curtis Jones,MID,Liverpool,12,2,0,2025-02-19T19:30:00Z,90,2,0,0,0,2,0,6,9.2,6.0,1.0,1.6,0.03,0.22,0.25,0.73,1,53
2024-25,25,246,325,Caoimhin Kelleher,GK,Liverpool,12,20,1,2025-02-16T14:00:00Z,0,0,0,0,0,0,0,0,0.0,0.0,0.0,0.0,0.0,0.0,0.0,0.0,0,40
2024-25,25,282,325,Caoimhin Kelleher,GK,Liverpool,12,2,0,2025-02-19T19:30:00Z,0,0,0,0,0,0,0,0,0.0,0.0,0.0,0.0,0.0,0.0,0.0,0.0,0,40
2024-25,25,246,326,Ibrahima Konaté,DEF,Liverpool,12,20,1,2025-02-16T14:00:00Z,45,0,0,0,0,0,0,0,3.4,11.1,4.0,1.9,0.0,0.0,0.0,0.38,1,52
2024-25,25,282,326,Ibrahima Konaté,DEF,Liverpool,12,2,0,2025-02-19T19:30:00Z,90,1,0,0,0,2,0,23,32.4,11.1,0.0,4.4,0.0,0.06,0.06,0.73,1,52
2024-25,25,246,327,Luis Díaz,MID,Liverpool,12,20,1,2025-02-16T14:00:00Z,70,12,1,1,0,1,2,37,33.2,3.8,25.0,6.2,0.16,0.11,0.27,1.4,1,75
2024-25,25,282,327,Luis Díaz,MID,Liverpool,12,2,0,2025-02-19T19:30:00Z,9,1,0,0,0,0,0,0,0.0,0.0,0.0,0.0,0.0,0.0,0.0,0.07,0,75
2024-25,25,246,328,Mohamed Salah,MID,Liverpool,12,20,1,2025-02-16T14:00:00Z,90,8,1,0,0,1,1,29,34.2,10.9,31.0,7.6,0.87,0.03,0.9,1.5,1,137
2024-25,25,282,328,Mohamed Salah,MID,Liverpool,12,2,0,2025-02-19T19:30:00Z,90,12,1,1,0,2,2,35,52.8,26.9,35.0,11.5,0.43,0.08,0.51,0.73,1,137
2024-25,25,246,329,Alexis Mac Allister,MID,Liverpool,12,20,1,2025-02-16T14:00:00Z,90,2,0,0,0,1,0,19,23.2,18.1,2.0,4.3,0.0,0.08,0.08,1.5,1,62
2024-25,25,282,329,Alexis Mac Allister,MID,Liverpool,12,2,0,2025-02-19T19:30:00Z,80,2,0,0,0,2,0,21,16.4,8.3,4.0,2.9,0.06,0.08,0.14,0.67,1,62
2024-25,25,246,330,James McConnell,MID,Liverpool,12,20,1,2025-02-16T14:00:00Z,0,0,0,0,0,0,0,0,0.0,0.0,0.0,0.0,0.0,0.0,0.0,0.0,0,44
2024-25,25,282,330,James McConnell,MID,Liverpool,12,2,0,2025-02-19T19:30:00Z,0,0,0,0,0,0,0,0,0.0,0.0,0.0,0.0,0.0,0.0,0.0,0.0,0,44
2024-25,25,246,331,Tyler Morton,MID,Liverpool,12,20,1,2025-02-16T14:00:00Z,0,0,0,0,0,0,0,0,0.0,0.0,0.0,0.0,0.0,0.0,0.0,0.0,0,44
2024-25,25,282,331,Tyler Morton,MID,Liverpool,12,2,0,2025-02-19T19:30:00Z,0,0,0,0,0,0,0,0,0.0,0.0,0.0,0.0,0.0,0.0,0.0,0.0,0,44
2024-25,25,246,332,Nathaniel Phillips,DEF,Liverpool,12,20,1,2025-02-16T14:00:00Z,0,0,0,0,0,0,0,0,0.0,0.0,0.0,0.0,0.0,0.0,0.0,0.0,0,40
2024-25,25,282,332,Nathaniel Phillips,DEF,Liverpool,12,2,0,2025-02-19T19:30:00Z,0,0,0,0,0,0,0,0,0.0,0.0,0.0,0.0,0.0,0.0,0.0,0.0,0,40
2024-25,25,246,333,Jarell Quansah,DEF,Liverpool,12,20,1,2025-02-16T14:00:00Z,45,1,0,0,0,1,0,7,11.8,0.9,2.0,1.5,0.0,0.01,0.01,1.11,0,39
2024-25,25,282,333,Jarell Quansah,DEF,Liverpool,12,2,0,2025-02-19T19:30:00Z,1,1,0,0,0,0,0,3,0.2,0.1,0.0,0.0,0.0,0.0,0.0,0.07,0,39
2024-25,25,246,334,Rhys Williams,DEF,Liverpool,12,20,1,2025-02-16T14:00:00Z,0,0,0,0,0,0,0,0,0.0,0.0,0.0,0.0,0.0,0.0,0.0,0.0,0,40
2024-25,25,282,334,Rhys Williams,DEF,Liverpool,12,2,0,2025-02-19T19:30:00Z,0,0,0,0,0,0,0,0,0.0,0.0,0.0,0.0,0.0,0.0,0.0,0.0,0,40
2024-25,25,246,335,Andrew Robertson,DEF,Liverpool,12,20,1,2025-02-16T14:00:00Z,90,2,0,0,0,1,0,9,13.4,13.8,2.0,2.9,0.0,0.05,0.05,1.5,1,59
2024-25,25,282,335,Andrew Robertson,DEF,Liverpool,12,2,0,2025-02-19T19:30:00Z,90,1,0,0,0,2,0,11,17.2,50.4,15.0,8.3,0.05,0.32,0.37,0.73,1,59
2024-25,25,246,336,Dominik Szoboszlai,MID,Liverpool,12,20,1,2025-02-16T14:00:00Z,90,2,0,0,0,1,0,9,5.0,3.0,1.0,0.9,0.05,0.02,0.07,1.5,1,63
2024-25,25,282,336,Dominik Szoboszlai,MID,Liverpool,12,2,0,2025-02-19T19:30:00Z,90,2,0,0,0,2,0,15,12.4,36.6,44.0,9.3,0.2,0.53,0.73,0.73,1,63
2024-25,25,246,337,Konstantinos Tsimikas,DEF,Liverpool,12,20,1,2025-02-16T14:00:00Z,0,0,0,0,0,0,0,0,0.0,0.0,0.0,0.0,0.0,0.0,0.0,0.0,0,46
2024-25,25,282,337,Konstantinos Tsimikas,DEF,Liverpool,12,2,0,2025-02-19T19:30:00Z,0,0,0,0,0,0,0,0,0.0,0.0,0.0,0.0,0.0,0.0,0.0,0.0,0,46
2024-25,25,250,338,Sepp van den Berg,DEF,Brentford,4,19,0,2025-02-15T15:00:00Z,59,1,0,0,0,0,0,8,26.6,0.5,2.0,2.9,0.0,0.0,0.0,0.56,1,41
2024-25,25,246,339,Virgil van Dijk,DEF,Liverpool,12,20,1,2025-02-16T14:00:00Z,90,1,0,0,0,1,0,11,33.2,11.7,0.0,4.5,0.0,0.02,0.02,1.5,1,64
2024-25,25,282,339,Virgil van Dijk,DEF,Liverpool,12,2,0,2025-02-19T19:30:00Z,90,1,0,0,0,2,0,2,19.8,4.6,6.0,3.0,0.02,0.01,0.03,0.73,1,64
2024-25,25,247,340,Manuel Akanji,DEF,Man City,13,15,1,2025-02-15T15:00:00Z,0,0,0,0,0,0,0,0,0.0,0.0,0.0,0.0,0.0,0.0,0.0,0.0,0,53
2024-25,25,247,341,Nathan Aké,DEF,Man City,13,15,1,2025-02-15T15:00:00Z,0,0,0,0,0,0,0,0,0.0,0.0,0.0,0.0,0.0,0.0,0.0,0.0,0,53
2024-25,25,247,342,Bernardo Veiga de Carvalho e Silva,MID,Man City,13,15,1,2025-02-15T15:00:00Z,0,0,0,0,0,0,0,0,0.0,0.0,0.0,0.0,0.0,0.0,0.0,0.0,0,62
2024-25,25,247,343,Oscar Bobb,MID,Man City,13,15,1,2025-02-15T15:00:00Z,0,0,0,0,0,0,0,0,0.0,0.0,0.0,0.0,0.0,0.0,0.0,0.0,0,47
2024-25,25,247,344,Scott Carson,GK,Man City,13,15,1,2025-02-15T15:00:00Z,0,0,0,0,0,0,0,0,0.0,0.0,0.0,0.0,0.0,0.0,0.0,0.0,0,39
2024-25,25,247,345,Kevin De Bruyne,MID,Man City,13,15,1,2025-02-15T15:00:00Z,0,0,0,0,0,0,0,0,0.0,0.0,0.0,0.0,0.0,0.0,0.0,0.0,0,93
2024-25,25,247,346,Jérémy Doku,MID,Man City,13,15,1,2025-02-15T15:00:00Z,14,1,0,0,0,0,0,2,3.2,11.4,2.0,1.7,0.0,0.02,0.02,0.0,0,62
2024-25,25,247,347,Ederson Santana de Moraes,GK,Man City,13,15,1,2025-02-15T15:00:00Z,90,11,0,1,1,0,2,38,32.0,10.0,0.0,4.2,0.0,0.01,0.01,0.48,1,53
2024-25,25,247,348,Phil Foden,MID,Man City,13,15,1,2025-02-15T15:00:00Z,75,3,0,0,1,0,0,15,9.6,52.7,4.0,6.6,0.03,0.19,0.22,0.48,1,93
2024-25,25,247,349,Jack Grealish,MID,Man City,13,15,1,2025-02-15T15:00:00Z,0,0,0,0,0,0,0,0,0.0,0.0,0.0,0.0,0.0,0.0,0.0,0.0,0,64
2024-25,25,247,350,Joško Gvardiol,DEF,Man City,13,15,1,2025-02-15T15:00:00Z,86,6,0,0,1,0,0,27,7.0,15.5,4.0,2.7,0.0,0.03,0.03,0.48,1,59
2024-25,25,247,351,Erling Haaland,FWD,Man City,13,15,1,2025-02-15T15:00:00Z,86,5,0,1,1,0,0,17,17.2,22.0,36.0,7.5,0.17,0.36,0.53,0.48,1,147
2024-25,25,247,352,Julián Álvarez,FWD,Man City,13,15,1,2025-02-15T15:00:00Z,0,0,0,0,0,0,0,0,0.0,0.0,0.0,0.0,0.0,0.0,0.0,0.0,0,70
2024-25,25,247,353,João Cavaco Cancelo,DEF,Man City,13,15,1,2025-02-15T15:00:00Z,0,0,0,0,0,0,0,0,0.0,0.0,0.0,0.0,0.0,0.0,0.0,0.0,0,53
2024-25,25,247,354,Mateo Kovačić,MID,Man City,13,15,1,2025-02-15T15:00:00Z,3,1,0,0,0,0,0,4,2.2,0.3,0.0,0.3,0.0,0.0,0.0,0.0,0,54
2024-25,25,247,355,Rico Lewis,DEF,Man City,13,15,1,2025-02-15T15:00:00Z,90,6,0,0,1,0,0,26,10.2,6.9,0.0,1.7,0.0,0.02,0.02,0.48,1,44
2024-25,25,247,356,Matheus Luiz Nunes,MID,Man City,13,15,1,2025-02-15T15:00:00Z,3,1,0,0,0,0,0,4,0.0,2.1,0.0,0.2,0.0,0.0,0.0,0.0,0,49
2024-25,25,247,357,James McAtee,MID,Man City,13,15,1,2025-02-15T15:00:00Z,14,6,1,0,0,0,0,25,35.4,3.0,33.0,7.1,0.55,0.0,0.55,0.0,0,46
2024-25,25,247,358,Stefan Ortega Moreno,GK,Man City,13,15,1,2025-02-15T15:00:00Z,0,0,0,0,0,0,0,0,0.0,0.0,0.0,0.0,0.0,0.0,0.0,0.0,0,52
2024-25,25,241,359,Kalvin Phillips,MID,Ipswich,10,2,0,2025-02-15T15:00:00Z,90,1,0,0,0,1,0,9,24.6,7.1,7.0,3.9,0.06,0.06,0.12,2.42,1,48
2024-25,25,247,360,Rodrigo 'Rodri' Hernandez,MID,Man City,13,15,1,2025-02-15T15:00:00Z,0,0,0,0,0,0,0,0,0.0,0.0,0.0,0.0,0.0,0.0,0.0,0.0,0,62
2024-25,25,247,361,Rúben Gato Alves Dias,DEF,Man City,13,15,1,2025-02-15T15:00:00Z,0,0,0,0,0,0,0,0,0.0,0.0,0.0,0.0,0.0,0.0,0.0,0.0,0,54
2024-25,25,247,362,John Stones,DEF,Man City,13,15,1,2025-02-15T15:00:00Z,90,7,0,0,1,0,1,30,19.4,2.0,0.0,2.1,0.0,0.0,0.0,0.48,1,53
2024-25,25,247,363,Kyle Walker,DEF,Man City,13,15,1,2025-02-15T15:00:00Z,0,0,0,0,0,0,0,0,0.0,0.0,0.0,0.0,0.0,0.0,0.0,0.0,0,51
2024-25,25,249,364,Amad Diallo,MID,Man Utd,14,18,0,2025-02-16T16:30:00Z,0,0,0,0,0,0,0,0,0.0,0.0,0.0,0.0,0.0,0.0,0.0,0.0,0,56
2024-25,25,249,365,Antony Matheus dos Santos,MID,Man Utd,14,18,0,2025-02-16T16:30:00Z,0,0,0,0,0,0,0,0,0.0,0.0,0.0,0.0,0.0,0.0,0.0,0.0,0,57
2024-25,25,249,366,Bruno Borges Fernandes,MID,Man Utd,14,18,0,2025-02-16T16:30:00Z,90,2,0,0,0,1,0,28,33.6,60.8,2.0,9.6,0.02,0.17,0.19,2.23,1,83
2024-25,25,249,367,Altay Bayindir,GK,Man Utd,14,18,0,2025-02-16T16:30:00Z,0,0,0,0,0,0,0,0,0.0,0.0,0.0,0.0,0.0,0.0,0.0,0.0,0,43
2024-25,25,249,368,Carlos Henrique Casimiro,MID,Man Utd,14,18,0,2025-02-16T16:30:00Z,90,1,0,0,0,1,0,18,34.8,30.4,28.0,9.3,0.2,0.19,0.39,2.14,1,47
2024-25,25,249,369,Diogo Dalot Teixeira,DEF,Man Utd,14,18,0,2025-02-16T16:30:00Z,90,2,0,0,0,1,0,2,10.0,4.8,11.0,2.6,0.31,0.03,0.34,2.23,1,50
2024-25,25,249,370,Christian Eriksen,MID,Man Utd,14,18,0,2025-02-16T16:30:00Z,0,0,0,0,0,0,0,0,0.0,0.0,0.0,0.0,0.0,0.0,0.0,0.0,0,52
2024-25,25,249,371,Jonny Evans,DEF,Man Utd,14,18,0,2025-02-16T16:30:00Z,0,0,0,0,0,0,0,0,0.0,0.0,0.0,0.0,0.0,0.0,0.0,0.0,0,44
2024-25,25,249,372,Alejandro Garnacho,MID,Man Utd,14,18,0,2025-02-16T16:30:00Z,90,2,0,0,0,1,0,11,16.8,12.7,67.0,9.7,0.38,0.07,0.45,2.23,1,59
2024-25,25,249,373,Hannibal Mejbri,MID,Man Utd,14,18,0,2025-02-16T16:30:00Z,0,0,0,0,0,0,0,0,0.0,0.0,0.0,0.0,0.0,0.0,0.0,0.0,0,45
2024-25,25,249,374,Tom Heaton,GK,Man Utd,14,18,0,2025-02-16T16:30:00Z,0,0,0,0,0,0,0,0,0.0,0.0,0.0,0.0,0.0,0.0,0.0,0.0,0,39
2024-25,25,249,375,Rasmus Højlund,FWD,Man Utd,14,18,0,2025-02-16T16:30:00Z,90,2,0,0,0,1,0,5,5.4,2.1,43.0,5.1,0.08,0.0,0.08,2.23,1,69
2024-25,25,249,376,Victor Lindelöf,DEF,Man Utd,14,18,0,2025-02-16T16:30:00Z,0,0,0,0,0,0,0,0,0.0,0.0,0.0,0.0,0.0,0.0,0.0,0.0,0,43
2024-25,25,249,377,Harry Maguire,DEF,Man Utd,14,18,0,2025-02-16T16:30:00Z,90,2,0,0,0,1,0,13,22.8,10.8,4.0,3.8,0.0,0.01,0.01,2.23,1,49
2024-25,25,249,378,Kobbie Mainoo,MID,Man Utd,14,18,0,2025-02-16T16:30:00Z,0,0,0,0,0,0,0,0,0.0,0.0,0.0,0.0,0.0,0.0,0.0,0.0,0,52
2024-25,25,249,379,Tyrell Malacia,DEF,Man Utd,14,18,0,2025-02-16T16:30:00Z,0,0,0,0,0,0,0,0,0.0,0.0,0.0,0.0,0.0,0.0,0.0,0.0,0,44
2024-25,25,249,380,Lisandro Martínez,DEF,Man Utd,14,18,0,2025-02-16T16:30:00Z,0,0,0,0,0,0,0,0,0.0,0.0,0.0,0.0,0.0,0.0,0.0,0.0,0,44
2024-25,25,249,381,Scott McTominay,MID,Man Utd,14,18,0,2025-02-16T16:30:00Z,0,0,0,0,0,0,0,0,0.0,0.0,0.0,0.0,0.0,0.0,0.0,0.0,0,49
2024-25,25,249,382,Mason Mount,MID,Man Utd,14,18,0,2025-02-16T16:30:00Z,0,0,0,0,0,0,0,0,0.0,0.0,0.0,0.0,0.0,0.0,0.0,0.0,0,63
2024-25,25,249,383,André Onana,GK,Man Utd,14,18,0,2025-02-16T16:30:00Z,90,4,0,0,0,1,0,18,43.0,0.0,0.0,4.3,0.0,0.0,0.0,2.23,1,50
2024-25,25,249,384,Facundo Pellistri Rebollo,MID,Man Utd,14,18,0,2025-02-16T16:30:00Z,0,0,0,0,0,0,0,0,0.0,0.0,0.0,0.0,0.0,0.0,0.0,0.0,0,50
2024-25,25,241,385,Marcus Rashford,MID,Aston Villa,2,10,1,2025-02-15T15:00:00Z,45,7,0,1,0,1,3,28,19.8,53.3,36.0,10.9,0.14,0.78,0.92,0.12,0,66
2024-25,25,282,385,Marcus Rashford,MID,Aston Villa,2,12,1,2025-02-19T19:30:00Z,66,2,0,0,0,2,0,10,6.0,9.1,4.0,1.9,0.09,0.04,0.13,1.68,1,66
2024-25,25,242,386,Jadon Sancho,MID,Chelsea,6,5,0,2025-02-14T20:00:00Z,69,2,0,0,0,3,0,6,5.4,13.5,10.0,2.9,0.0,0.04,0.04,1.39,0,62
2024-25,25,249,387,Luke Shaw,DEF,Man Utd,14,18,0,2025-02-16T16:30:00Z,0,0,0,0,0,0,0,0,0.0,0.0,0.0,0.0,0.0,0.0,0.0,0.0,0,49
2024-25,25,250,388,Aaron Wan-Bissaka,DEF,West Ham,19,4,1,2025-02-15T15:00:00Z,90,2,0,0,0,1,0,9,11.8,4.3,2.0,1.8,0.0,0.02,0.02,1.66,1,44
2024-25,25,249,389,Joshua Zirkzee,FWD,Man Utd,14,18,0,2025-02-16T16:30:00Z,90,2,0,0,0,1,0,2,4.0,22.4,7.0,3.3,0.37,0.16,0.53,2.23,1,65
2024-25,25,247,390,Alex Murphy,DEF,Newcastle,15,13,0,2025-02-15T15:00:00Z,0,0,0,0,0,0,0,0,0.0,0.0,0.0,0.0,0.0,0.0,0.0,0.0,0,40
2024-25,25,247,391,Miguel Almirón Rejala,MID,Newcastle,15,13,0,2025-02-15T15:00:00Z,0,0,0,0,0,0,0,0,0.0,0.0,0.0,0.0,0.0,0.0,0.0,0.0,0,54
2024-25,25,247,392,Harvey Barnes,MID,Newcastle,15,13,0,2025-02-15T15:00:00Z,0,0,0,0,0,0,0,0,0.0,0.0,0.0,0.0,0.0,0.0,0.0,0.0,0,59
2024-25,25,247,393,Sven Botman,DEF,Newcastle,15,13,0,2025-02-15T15:00:00Z,0,0,0,0,0,0,0,0,0.0,0.0,0.0,0.0,0.0,0.0,0.0,0.0,0,44
2024-25,25,247,394,Bruno Guimarães Rodriguez Moura,MID,Newcastle,15,13,0,2025-02-15T15:00:00Z,71,1,0,0,0,3,0,7,2.4,8.8,7.0,1.8,0.03,0.02,0.05,1.28,1,61
2024-25,25,247,395,Dan Burn,DEF,Newcastle,15,13,0,2025-02-15T15:00:00Z,90,0,0,0,0,4,0,-5,14.2,0.6,0.0,1.5,0.0,0.0,0.0,1.9,1,44
2024-25,25,247,396,Martin Dúbravka,GK,Newcastle,15,13,0,2025-02-15T15:00:00Z,90,1,0,0,0,4,0,0,23.8,0.0,0.0,2.4,0.0,0.0,0.0,1.9,1,43
2024-25,25,248,397,Ryan Fraser,MID,Southampton,17,3,1,2025-02-15T15:00:00Z,0,0,0,0,0,0,0,0,0.0,0.0,0.0,0.0,0.0,0.0,0.0,0.0,0,48
2024-25,25,247,398,Anthony Gordon,MID,Newcastle,15,13,0,2025-02-15T15:00:00Z,72,2,0,0,0,3,0,4,3.8,6.8,2.0,1.3,0.0,0.01,0.01,1.28,1,76
2024-25,25,247,399,Lewis Hall,DEF,Newcastle,15,13,0,2025-02-15T15:00:00Z,90,0,0,0,0,4,0,-5,20.4,23.5,0.0,4.4,0.0,0.08,0.08,1.9,1,51
2024-25,25,247,400,Isaac Hayden,MID,Newcastle,15,13,0,2025-02-15T15:00:00Z,0,0,0,0,0,0,0,0,0.0,0.0,0.0,0.0,0.0,0.0,0.0,0.0,0,44
2024-25,25,247,401,Alexander Isak,FWD,Newcastle,15,13,0,2025-02-15T15:00:00Z,89,2,0,0,0,4,0,8,1.8,2.3,9.0,1.3,0.04,0.0,0.04,1.9,1,95
2024-25,25,247,402,Jacob Murphy,MID,Newcastle,15,13,0,2025-02-15T15:00:00Z,90,2,0,0,0,4,0,5,5.0,2.2,0.0,0.7,0.0,0.01,0.01,1.9,1,51
2024-25,25,247,403,Joelinton Cássio Apolinário de Lira,MID,Newcastle,15,13,0,2025-02-15T15:00:00Z,0,0,0,0,0,0,0,0,0.0,0.0,0.0,0.0,0.0,0.0,0.0,0.0,0,60
2024-25,25,247,404,Lloyd Kelly,DEF,Newcastle,15,13,0,2025-02-15T15:00:00Z,0,0,0,0,0,0,0,0,0.0,0.0,0.0,0.0,0.0,0.0,0.0,0.0,0,42
2024-25,25,247,405,Emil Krafth,DEF,Newcastle,15,13,0,2025-02-15T15:00:00Z,1,1,0,0,0,0,0,2,0.0,0.0,0.0,0.0,0.0,0.0,0.0,0.0,0,43
2024-25,25,247,406,Garang Kuol,MID,Newcastle,15,13,0,2025-02-15T15:00:00Z,0,0,0,0,0,0,0,0,0.0,0.0,0.0,0.0,0.0,0.0,0.0,0.0,0,44
2024-25,25,247,407,Jamaal Lascelles,DEF,Newcastle,15,13,0,2025-02-15T15:00:00Z,0,0,0,0,0,0,0,0,0.0,0.0,0.0,0.0,0.0,0.0,0.0,0.0,0,45
2024-25,25,247,408,Jamal Lewis,DEF,Newcastle,15,13,0,2025-02-15T15:00:00Z,0,0,0,0,0,0,0,0,0.0,0.0,0.0,0.0,0.0,0.0,0.0,0.0,0,40
2024-25,25,247,409,Tino Livramento,DEF,Newcastle,15,13,0,2025-02-15T15:00:00Z,45,1,0,0,0,1,0,4,13.8,2.1,2.0,1.8,0.0,0.03,0.03,0.8,0,45
2024-25,25,247,410,Sean Longstaff,MID,Newcastle,15,13,0,2025-02-15T15:00:00Z,18,1,0,0,0,1,0,4,6.4,0.3,0.0,0.7,0.0,0.0,0.0,0.62,0,45
2024-25,25,247,411,Lewis Miley,MID,Newcastle,15,13,0,2025-02-15T15:00:00Z,45,1,0,0,0,1,0,11,9.8,1.5,17.0,2.8,0.41,0.01,0.42,0.8,0,50
2024-25,25,247,412,Odysseas Vlachodimos,GK,Newcastle,15,13,0,2025-02-15T15:00:00Z,0,0,0,0,0,0,0,0,0.0,0.0,0.0,0.0,0.0,0.0,0.0,0.0,0,43
2024-25,25,247,413,Nick Pope,GK,Newcastle,15,13,0,2025-02-15T15:00:00Z,0,0,0,0,0,0,0,0,0.0,0.0,0.0,0.0,0.0,0.0,0.0,0.0,0,49
2024-25,25,247,414,John Ruddy,GK,Newcastle,15,13,0,2025-02-15T15:00:00Z,0,0,0,0,0,0,0,0,0.0,0.0,0.0,0.0,0.0,0.0,0.0,0.0,0,39
2024-25,25,247,415,Fabian Schär,DEF,Newcastle,15,13,0,2025-02-15T15:00:00Z,90,0,0,0,0,4,0,-4,15.2,0.7,2.0,1.8,0.0,0.0,0.0,1.9,1,54
2024-25,25,247,416,Matt Targett,DEF,Newcastle,15,13,0,2025-02-15T15:00:00Z,0,0,0,0,0,0,0,0,0.0,0.0,0.0,0.0,0.0,0.0,0.0,0.0,0,40
2024-25,25,247,417,Sandro Tonali,MID,Newcastle,15,13,0,2025-02-15T15:00:00Z,90,2,0,0,0,4,0,7,6.4,9.7,0.0,1.6,0.0,0.01,0.01,1.9,1,55
2024-25,25,247,418,Kieran Trippier,DEF,Newcastle,15,13,0,2025-02-15T15:00:00Z,45,0,0,0,0,3,0,-8,4.4,15.3,0.0,2.0,0.0,0.03,0.03,1.11,1,56
2024-25,25,247,419,Joe White,MID,Newcastle,15,13,0,2025-02-15T15:00:00Z,0,0,0,0,0,0,0,0,0.0,0.0,0.0,0.0,0.0,0.0,0.0,0.0,0,45
2024-25,25,247,420,Joe Willock,MID,Newcastle,15,13,0,2025-02-15T15:00:00Z,45,1,0,0,0,3,0,1,7.0,10.6,4.0,2.2,0.0,0.01,0.01,1.11,1,47
2024-25,25,247,421,Callum Wilson,FWD,Newcastle,15,13,0,2025-02-15T15:00:00Z,17,1,0,0,0,1,0,2,0.0,0.0,0.0,0.0,0.0,0.0,0.0,0.62,0,69
2024-25,25,244,422,Ola Aina,DEF,Nott'm Forest,16,9,0,2025-02-15T15:00:00Z,90,1,0,0,0,2,0,11,29.4,12.4,0.0,4.2,0.0,0.02,0.02,2.18,1,54
2024-25,25,244,423,Elliot Anderson,MID,Nott'm Forest,16,9,0,2025-02-15T15:00:00Z,84,2,0,0,0,2,0,15,13.4,5.1,5.0,2.4,0.02,0.02,0.04,1.9,1,50
2024-25,25,244,424,Taiwo Awoniyi,FWD,Nott'm Forest,16,9,0,2025-02-15T15:00:00Z,0,0,0,0,0,0,0,0,0.0,0.0,0.0,0.0,0.0,0.0,0.0,0.0,0,55
2024-25,25,244,425,Willy Boly,DEF,Nott'm Forest,16,9,0,2025-02-15T15:00:00Z,0,0,0,0,0,0,0,0,0.0,0.0,0.0,0.0,0.0,0.0,0.0,0.0,0,42
2024-25,25,244,426,Josh Bowler,MID,Nott'm Forest,16,9,0,2025-02-15T15:00:00Z,0,0,0,0,0,0,0,0,0.0,0.0,0.0,0.0,0.0,0.0,0.0,0.0,0,45
2024-25,25,244,427,Carlos Miguel dos Santos Pereira,GK,Nott'm Forest,16,9,0,2025-02-15T15:00:00Z,0,0,0,0,0,0,0,0,0.0,0.0,0.0,0.0,0.0,0.0,0.0,0.0,0,41
2024-25,25,244,428,Eric da Silva Moreira,MID,Nott'm Forest,16,9,0,2025-02-15T15:00:00Z,0,0,0,0,0,0,0,0,0.0,0.0,0.0,0.0,0.0,0.0,0.0,0.0,0,44
2024-25,25,244,429,Danilo dos Santos de Oliveira,MID,Nott'm Forest,16,9,0,2025-02-15T15:00:00Z,62,2,0,0,0,2,0,10,9.0,0.7,0.0,1.0,0.0,0.0,0.0,1.65,1,47
2024-25,25,244,430,Emmanuel Dennis,FWD,Nott'm Forest,16,9,0,2025-02-15T15:00:00Z,0,0,0,0,0,0,0,0,0.0,0.0,0.0,0.0,0.0,0.0,0.0,0.0,0,49
2024-25,25,244,431,Nicolás Domínguez,MID,Nott'm Forest,16,9,0,2025-02-15T15:00:00Z,0,0,0,0,0,0,0,0,0.0,0.0,0.0,0.0,0.0,0.0,0.0,0.0,0,48
2024-25,25,244,432,Anthony Elanga,MID,Nott'm Forest,16,9,0,2025-02-15T15:00:00Z,90,2,0,0,0,2,0,6,3.8,17.6,15.0,3.6,0.06,0.04,0.1,2.18,1,53
2024-25,25,244,433,Morgan Gibbs-White,MID,Nott'm Forest,16,9,0,2025-02-15T15:00:00Z,90,5,0,1,0,2,0,23,22.6,14.4,2.0,3.9,0.0,0.05,0.05,2.18,1,65
2024-25,25,244,434,Callum Hudson-Odoi,MID,Nott'm Forest,16,9,0,2025-02-15T15:00:00Z,22,1,0,0,0,0,0,7,7.8,12.3,17.0,3.7,0.1,0.06,0.16,0.53,0,52
2024-25,25,244,435,Alex Mighten,MID,Nott'm Forest,16,9,0,2025-02-15T15:00:00Z,0,0,0,0,0,0,0,0,0.0,0.0,0.0,0.0,0.0,0.0,0.0,0.0,0,45
2024-25,25,244,436,Murillo Santiago Costa dos Santos,DEF,Nott'm Forest,16,9,0,2025-02-15T15:00:00Z,90,1,0,0,0,2,0,11,26.6,1.3,0.0,2.8,0.0,0.01,0.01,2.18,1,47
2024-25,25,244,437,Neco Williams,DEF,Nott'm Forest,16,9,0,2025-02-15T15:00:00Z,90,1,0,0,0,2,0,12,12.8,8.3,17.0,3.8,0.1,0.02,0.12,2.18,1,44
2024-25,25,244,438,Omar Richards,DEF,Nott'm Forest,16,9,0,2025-02-15T15:00:00Z,0,0,0,0,0,0,0,0,0.0,0.0,0.0,0.0,0.0,0.0,0.0,0.0,0,45
2024-25,25,244,439,Lewis O'Brien,MID,Nott'm Forest,16,9,0,2025-02-15T15:00:00Z,0,0,0,0,0,0,0,0,0.0,0.0,0.0,0.0,0.0,0.0,0.0,0.0,0,50
2024-25,25,244,440,Andrew Omobamidele,DEF,Nott'm Forest,16,9,0,2025-02-15T15:00:00Z,0,0,0,0,0,0,0,0,0.0,0.0,0.0,0.0,0.0,0.0,0.0,0.0,0,42
2024-25,25,244,441,Jonathan Panzo,DEF,Nott'm Forest,16,9,0,2025-02-15T15:00:00Z,0,0,0,0,0,0,0,0,0.0,0.0,0.0,0.0,0.0,0.0,0.0,0.0,0,40
2024-25,25,244,442,Ibrahim Sangaré,MID,Nott'm Forest,16,9,0,2025-02-15T15:00:00Z,27,1,0,0,0,0,0,4,3.2,2.3,0.0,0.6,0.0,0.0,0.0,0.53,0,43
2024-25,25,244,443,Matz Sels,GK,Nott'm Forest,16,9,0,2025-02-15T15:00:00Z,90,3,0,0,0,2,0,17,57.4,0.0,0.0,5.7,0.0,0.0,0.0,2.18,1,50
2024-25,25,244,444,Harry Toffolo,DEF,Nott'm Forest,16,9,0,2025-02-15T15:00:00Z,0,0,0,0,0,0,0,0,0.0,0.0,0.0,0.0,0.0,0.0,0.0,0.0,0,42
2024-25,25,243,445,Matt Turner,GK,Crystal Palace,7,8,1,2025-02-15T17:30:00Z,0,0,0,0,0,0,0,0,0.0,0.0,0.0,0.0,0.0,0.0,0.0,0.0,0,39
2024-25,25,244,446,Hwang Ui-jo,FWD,Nott'm Forest,16,9,0,2025-02-15T15:00:00Z,0,0,0,0,0,0,0,0,0.0,0.0,0.0,0.0,0.0,0.0,0.0,0.0,0,45
2024-25,25,244,447,Chris Wood,FWD,Nott'm Forest,16,9,0,2025-02-15T15:00:00Z,90,9,1,0,0,2,3,33,36.0,12.8,21.0,7.0,0.14,0.02,0.16,2.18,1,71
2024-25,25,244,448,Joe Worrall,DEF,Nott'm Forest,16,9,0,2025-02-15T15:00:00Z,0,0,0,0,0,0,0,0,0.0,0.0,0.0,0.0,0.0,0.0,0.0,0.0,0,45
2024-25,25,244,449,Ryan Yates,MID,Nott'm Forest,16,9,0,2025-02-15T15:00:00Z,0,0,0,0,0,0,0,0,0.0,0.0,0.0,0.0,0.0,0.0,0.0,0.0,0,49
2024-25,25,243,450,Carlos Alcaraz Durán,MID,Everton,8,7,0,2025-02-15T17:30:00Z,85,13,1,1,0,1,3,49,63.0,36.5,44.0,14.4,0.24,0.07,0.31,1.58,1,49
2024-25,25,248,451,Samuel Amo-Ameyaw,MID,Southampton,17,3,1,2025-02-15T15:00:00Z,0,0,0,0,0,0,0,0,0.0,0.0,0.0,0.0,0.0,0.0,0.0,0.0,0,44
2024-25,25,248,452,Joe Aribo,MID,Southampton,17,3,1,2025-02-15T15:00:00Z,84,3,0,0,0,3,1,29,16.6,6.1,4.0,2.7,0.0,0.03,0.03,1.15,1,49
2024-25,25,248,453,Adam Armstrong,FWD,Southampton,17,3,1,2025-02-15T15:00:00Z,0,0,0,0,0,0,0,0,0.0,0.0,0.0,0.0,0.0,0.0,0.0,0.0,0,51
2024-25,25,248,454,Gavin Bazunu,GK,Southampton,17,3,1,2025-02-15T15:00:00Z,0,0,0,0,0,0,0,0,0.0,0.0,0.0,0.0,0.0,0.0,0.0,0.0,0,43
2024-25,25,248,455,Jan Bednarek,DEF,Southampton,17,3,1,2025-02-15T15:00:00Z,90,1,0,0,0,3,0,8,33.8,0.1,0.0,3.4,0.0,0.0,0.0,1.2,1,40
2024-25,25,248,456,Armel Bella-Kotchap,DEF,Southampton,17,3,1,2025-02-15T15:00:00Z,0,0,0,0,0,0,0,0,0.0,0.0,0.0,0.0,0.0,0.0,0.0,0.0,0,39
2024-25,25,248,457,James Bree,DEF,Southampton,17,3,1,2025-02-15T15:00:00Z,90,1,0,0,0,3,0,-3,5.4,2.3,2.0,1.0,0.02,0.01,0.03,1.2,1,39
2024-25,25,248,458,Shea Charles,MID,Southampton,17,3,1,2025-02-15T15:00:00Z,0,0,0,0,0,0,0,0,0.0,0.0,0.0,0.0,0.0,0.0,0.0,0.0,0,45
2024-25,25,248,459,Samuel Edozie,MID,Southampton,17,3,1,2025-02-15T15:00:00Z,0,0,0,0,0,0,0,0,0.0,0.0,0.0,0.0,0.0,0.0,0.0,0.0,0,49
2024-25,25,248,460,Ronnie Edwards,DEF,Southampton,17,3,1,2025-02-15T15:00:00Z,0,0,0,0,0,0,0,0,0.0,0.0,0.0,0.0,0.0,0.0,0.0,0.0,0,39
2024-25,25,248,461,Taylor Harwood-Bellis,DEF,Southampton,17,3,1,2025-02-15T15:00:00Z,0,0,0,0,0,0,0,0,0.0,0.0,0.0,0.0,0.0,0.0,0.0,0.0,0,40
2024-25,25,248,462,Kamaldeen Sulemana,MID,Southampton,17,3,1,2025-02-15T15:00:00Z,84,9,1,0,0,3,2,32,37.8,15.3,49.0,10.2,0.35,0.03,0.38,1.15,1,50
2024-25,25,248,463,Adam Lallana,MID,Southampton,17,3,1,2025-02-15T15:00:00Z,0,0,0,0,0,0,0,0,0.0,0.0,0.0,0.0,0.0,0.0,0.0,0.0,0,50
2024-25,25,248,464,Juan Larios López,DEF,Southampton,17,3,1,2025-02-15T15:00:00Z,0,0,0,0,0,0,0,0,0.0,0.0,0.0,0.0,0.0,0.0,0.0,0.0,0,39
2024-25,25,248,465,Mateusz Lis,GK,Southampton,17,3,1,2025-02-15T15:00:00Z,0,0,0,0,0,0,0,0,0.0,0.0,0.0,0.0,0.0,0.0,0.0,0.0,0,40
2024-25,25,248,466,Joe Lumley,GK,Southampton,17,3,1,2025-02-15T15:00:00Z,0,0,0,0,0,0,0,0,0.0,0.0,0.0,0.0,0.0,0.0,0.0,0.0,0,40
2024-25,25,248,467,Ryan Manning,DEF,Southampton,17,3,1,2025-02-15T15:00:00Z,5,1,0,0,0,0,0,7,2.4,13.3,0.0,1.6,0.0,0.08,0.08,0.05,0,43
2024-25,25,248,468,Sékou Mara,FWD,Southampton,17,3,1,2025-02-15T15:00:00Z,0,0,0,0,0,0,0,0,0.0,0.0,0.0,0.0,0.0,0.0,0.0,0.0,0,50
2024-25,25,248,469,Alex McCarthy,GK,Southampton,17,3,1,2025-02-15T15:00:00Z,0,0,0,0,0,0,0,0,0.0,0.0,0.0,0.0,0.0,0.0,0.0,0.0,0,43
2024-25,25,248,470,Paul Onuachu,FWD,Southampton,17,3,1,2025-02-15T15:00:00Z,90,5,0,1,0,3,0,9,18.0,24.6,17.0,6.0,0.05,0.09,0.14,1.2,1,49
2024-25,25,248,471,Will Smallbone,MID,Southampton,17,3,1,2025-02-15T15:00:00Z,55,0,0,0,0,2,0,7,9.2,20.1,0.0,2.9,0.0,0.1,0.1,1.02,1,50
2024-25,25,248,472,Jack Stephens,DEF,Southampton,17,3,1,2025-02-15T15:00:00Z,0,0,0,0,0,0,0,0,0.0,0.0,0.0,0.0,0.0,0.0,0.0,0.0,0,40
2024-25,25,248,473,Ross Stewart,FWD,Southampton,17,3,1,2025-02-15T15:00:00Z,0,0,0,0,0,0,0,0,0.0,0.0,0.0,0.0,0.0,0.0,0.0,0.0,0,44
2024-25,25,248,474,Sugawara Yukinari,DEF,Southampton,17,3,1,2025-02-15T15:00:00Z,45,1,0,0,0,1,0,7,17.2,16.0,9.0,4.2,0.02,0.07,0.09,0.43,0,42
2024-25,25,248,475,Charlie Taylor,DEF,Southampton,17,3,1,2025-02-15T15:00:00Z,0,0,0,0,0,0,0,0,0.0,0.0,0.0,0.0,0.0,0.0,0.0,0.0,0,39
2024-25,25,248,476,Kyle Walker-Peters,DEF,Southampton,17,3,1,2025-02-15T15:00:00Z,90,1,0,0,0,3,0,3,26.8,12.2,4.0,4.3,0.0,0.03,0.03,1.2,1,43
2024-25,25,248,477,Nathan Wood-Gordon,DEF,Southampton,17,3,1,2025-02-15T15:00:00Z,45,0,0,0,0,2,0,-4,1.2,0.5,0.0,0.2,0.0,0.0,0.0,0.76,1,40
2024-25,25,249,478,Ashley Phillips,DEF,Spurs,18,14,1,2025-02-16T16:30:00Z,0,0,0,0,0,0,0,0,0.0,0.0,0.0,0.0,0.0,0.0,0.0,0.0,0,40
2024-25,25,249,479,Brandon Austin,GK,Spurs,18,14,1,2025-02-16T16:30:00Z,0,0,0,0,0,0,0,0,0.0,0.0,0.0,0.0,0.0,0.0,0.0,0.0,0,40
2024-25,25,249,480,Rodrigo Bentancur,MID,Spurs,18,14,1,2025-02-16T16:30:00Z,77,3,0,0,1,0,0,13,15.0,28.6,6.0,5.0,0.01,0.04,0.05,1.24,1,49
2024-25,25,249,481,Lucas Bergvall,MID,Spurs,18,14,1,2025-02-16T16:30:00Z,63,6,0,1,1,0,0,19,6.0,14.6,25.0,4.6,0.16,0.02,0.18,0.87,1,44
2024-25,25,249,482,Yves Bissouma,MID,Spurs,18,14,1,2025-02-16T16:30:00Z,12,1,0,0,0,0,0,5,10.2,4.0,2.0,1.6,0.04,0.04,0.08,0.28,0,48
2024-25,25,249,483,Bryan Gil Salvatierra,MID,Spurs,18,14,1,2025-02-16T16:30:00Z,0,0,0,0,0,0,0,0,0.0,0.0,0.0,0.0,0.0,0.0,0.0,0.0,0,50
2024-25,25,249,484,Ben Davies,DEF,Spurs,18,14,1,2025-02-16T16:30:00Z,90,5,0,0,1,0,0,28,23.0,11.6,9.0,4.4,0.09,0.04,0.13,1.52,1,43
2024-25,25,249,485,Alfie Devine,MID,Spurs,18,14,1,2025-02-16T16:30:00Z,0,0,0,0,0,0,0,0,0.0,0.0,0.0,0.0,0.0,0.0,0.0,0.0,0,45
2024-25,25,249,486,Radu Drăgușin,DEF,Spurs,18,14,1,2025-02-16T16:30:00Z,0,0,0,0,0,0,0,0,0.0,0.0,0.0,0.0,0.0,0.0,0.0,0.0,0,43
2024-25,25,249,487,Emerson Leite de Souza Junior,DEF,Spurs,18,14,1,2025-02-16T16:30:00Z,0,0,0,0,0,0,0,0,0.0,0.0,0.0,0.0,0.0,0.0,0.0,0.0,0,45
2024-25,25,249,488,Fraser Forster,GK,Spurs,18,14,1,2025-02-16T16:30:00Z,0,0,0,0,0,0,0,0,0.0,0.0,0.0,0.0,0.0,0.0,0.0,0.0,0,43
2024-25,25,249,489,Archie Gray,MID,Spurs,18,14,1,2025-02-16T16:30:00Z,12,1,0,0,0,0,0,3,2.0,0.0,0.0,0.2,0.0,0.0,0.0,0.28,0,46
2024-25,25,249,490,Pierre-Emile Højbjerg,MID,Spurs,18,14,1,2025-02-16T16:30:00Z,0,0,0,0,0,0,0,0,0.0,0.0,0.0,0.0,0.0,0.0,0.0,0.0,0,50
2024-25,25,249,491,Brennan Johnson,MID,Spurs,18,14,1,2025-02-16T16:30:00Z,26,1,0,0,0,0,0,3,1.2,1.0,4.0,0.6,0.0,0.06,0.06,0.65,0,62
2024-25,25,249,492,Dejan Kulusevski,MID,Spurs,18,14,1,2025-02-16T16:30:00Z,90,3,0,0,1,0,0,1,5.4,14.2,39.0,5.9,0.33,0.07,0.4,1.52,1,63
2024-25,25,249,493,Giovani Lo Celso,MID,Spurs,18,14,1,2025-02-16T16:30:00Z,0,0,0,0,0,0,0,0,0.0,0.0,0.0,0.0,0.0,0.0,0.0,0.0,0,49
2024-25,25,249,494,James Maddison,MID,Spurs,18,14,1,2025-02-16T16:30:00Z,63,10,1,0,1,0,2,33,41.4,24.0,37.0,10.2,0.72,0.28,1.0,0.87,1,74
2024-25,25,249,495,Pedro Porro,DEF,Spurs,18,14,1,2025-02-16T16:30:00Z,90,6,0,0,1,0,0,25,25.4,50.3,4.0,8.0,0.0,0.15,0.15,1.52,1,54
2024-25,25,249,496,Sergio Reguilón,DEF,Spurs,18,14,1,2025-02-16T16:30:00Z,0,0,0,0,0,0,0,0,0.0,0.0,0.0,0.0,0.0,0.0,0.0,0.0,0,42
2024-25,25,249,497,Richarlison de Andrade,FWD,Spurs,18,14,1,2025-02-16T16:30:00Z,0,0,0,0,0,0,0,0,0.0,0.0,0.0,0.0,0.0,0.0,0.0,0.0,0,68
2024-25,25,249,498,Cristian Romero,DEF,Spurs,18,14,1,2025-02-16T16:30:00Z,0,0,0,0,0,0,0,0,0.0,0.0,0.0,0.0,0.0,0.0,0.0,0.0,0,49
2024-25,25,249,499,Pape Matar Sarr,MID,Spurs,18,14,1,2025-02-16T16:30:00Z,26,1,0,0,0,0,0,6,7.0,21.3,0.0,2.8,0.0,0.04,0.04,0.65,0,48
2024-25,25,249,500,Dane Scarlett,FWD,Spurs,18,14,1,2025-02-16T16:30:00Z,0,0,0,0,0,0,0,0,0.0,0.0,0.0,0.0,0.0,0.0,0.0,0.0,0,44
2024-25,25,245,501,Oliver Skipp,MID,Leicester,11,1,1,2025-02-15T12:30:00Z,0,0,0,0,0,0,0,0,0.0,0.0,0.0,0.0,0.0,0.0,0.0,0.0,0,47
2024-25,25,249,502,Manor Solomon,MID,Spurs,18,14,1,2025-02-16T16:30:00Z,0,0,0,0,0,0,0,0,0.0,0.0,0.0,0.0,0.0,0.0,0.0,0.0,0,54
2024-25,25,249,503,Son Heung-min,MID,Spurs,18,14,1,2025-02-16T16:30:00Z,86,3,0,0,1,0,0,21,12.6,53.4,22.0,8.8,0.16,0.14,0.3,1.42,1,98
2024-25,25,249,504,Djed Spence,DEF,Spurs,18,14,1,2025-02-16T16:30:00Z,90,9,0,0,1,0,3,35,33.6,24.0,11.0,6.9,0.02,0.14,0.16,1.52,1,44
2024-25,25,249,505,Destiny Udogie,DEF,Spurs,18,14,1,2025-02-16T16:30:00Z,0,0,0,0,0,0,0,0,0.0,0.0,0.0,0.0,0.0,0.0,0.0,0.0,0,48
2024-25,25,249,506,Micky van de Ven,DEF,Spurs,18,14,1,2025-02-16T16:30:00Z,0,0,0,0,0,0,0,0,0.0,0.0,0.0,0.0,0.0,0.0,0.0,0.0,0,45
2024-25,25,249,507,Alejo Véliz,FWD,Spurs,18,14,1,2025-02-16T16:30:00Z,0,0,0,0,0,0,0,0,0.0,0.0,0.0,0.0,0.0,0.0,0.0,0.0,0,50
2024-25,25,249,508,Guglielmo Vicario,GK,Spurs,18,14,1,2025-02-16T16:30:00Z,90,9,0,0,1,0,1,32,51.8,0.0,0.0,5.2,0.0,0.0,0.0,1.52,1,48
2024-25,25,249,509,Timo Werner,MID,Spurs,18,14,1,2025-02-16T16:30:00Z,0,0,0,0,0,0,0,0,0.0,0.0,0.0,0.0,0.0,0.0,0.0,0.0,0,62
2024-25,25,249,510,Alfie Whiteman,GK,Spurs,18,14,1,2025-02-16T16:30:00Z,0,0,0,0,0,0,0,0,0.0,0.0,0.0,0.0,0.0,0.0,0.0,0.0,0,39
2024-25,25,250,511,Edson Álvarez Velázquez,MID,West Ham,19,4,1,2025-02-15T15:00:00Z,90,2,0,0,0,1,0,6,9.2,4.7,2.0,1.6,0.0,0.04,0.04,1.66,1,50
2024-25,25,250,512,Michail Antonio,FWD,West Ham,19,4,1,2025-02-15T15:00:00Z,0,0,0,0,0,0,0,0,0.0,0.0,0.0,0.0,0.0,0.0,0.0,0.0,0,53
2024-25,25,250,513,Alphonse Areola,GK,West Ham,19,4,1,2025-02-15T15:00:00Z,90,3,0,0,0,1,0,18,41.0,0.0,0.0,4.1,0.0,0.0,0.0,1.66,1,42
2024-25,25,250,514,Jarrod Bowen,MID,West Ham,19,4,1,2025-02-15T15:00:00Z,90,2,0,0,0,1,0,9,10.2,15.9,12.0,3.8,0.0,0.05,0.05,1.66,1,73
2024-25,25,248,515,Maxwel Cornet,MID,Southampton,17,3,1,2025-02-15T15:00:00Z,0,0,0,0,0,0,0,0,0.0,0.0,0.0,0.0,0.0,0.0,0.0,0.0,0,47
2024-25,25,250,516,Vladimír Coufal,DEF,West Ham,19,4,1,2025-02-15T15:00:00Z,0,0,0,0,0,0,0,0,0.0,0.0,0.0,0.0,0.0,0.0,0.0,0.0,0,41
2024-25,25,250,517,Aaron Cresswell,DEF,West Ham,19,4,1,2025-02-15T15:00:00Z,0,0,0,0,0,0,0,0,0.0,0.0,0.0,0.0,0.0,0.0,0.0,0.0,0,39
2024-25,25,248,518,Flynn Downes,MID,Southampton,17,3,1,2025-02-15T15:00:00Z,0,0,0,0,0,0,0,0,0.0,0.0,0.0,0.0,0.0,0.0,0.0,0.0,0,47
2024-25,25,250,519,George Earthy,MID,West Ham,19,4,1,2025-02-15T15:00:00Z,0,0,0,0,0,0,0,0,0.0,0.0,0.0,0.0,0.0,0.0,0.0,0.0,0,45
2024-25,25,250,520,Emerson Palmieri dos Santos,DEF,West Ham,19,4,1,2025-02-15T15:00:00Z,45,1,0,0,0,1,0,4,10.4,0.8,7.0,1.8,0.01,0.01,0.02,1.46,1,44
2024-25,25,250,521,Łukasz Fabiański,GK,West Ham,19,4,1,2025-02-15T15:00:00Z,0,0,0,0,0,0,0,0,0.0,0.0,0.0,0.0,0.0,0.0,0.0,0.0,0,41
2024-25,25,250,522,Wes Foderingham,GK,West Ham,19,4,1,2025-02-15T15:00:00Z,0,0,0,0,0,0,0,0,0.0,0.0,0.0,0.0,0.0,0.0,0.0,0.0,0,43
2024-25,25,250,523,Danny Ings,FWD,West Ham,19,4,1,2025-02-15T15:00:00Z,0,0,0,0,0,0,0,0,0.0,0.0,0.0,0.0,0.0,0.0,0.0,0.0,0,50
2024-25,25,250,524,Max Kilman,DEF,West Ham,19,4,1,2025-02-15T15:00:00Z,90,2,0,0,0,1,0,9,28.0,11.2,4.0,4.3,0.0,0.09,0.09,1.66,1,43
2024-25,25,250,525,Mohammed Kudus,MID,West Ham,19,4,1,2025-02-15T15:00:00Z,90,2,0,0,0,1,0,9,6.2,7.3,12.0,2.6,0.3,0.03,0.33,1.66,1,62
2024-25,25,250,526,Luis Guilherme Lira dos Santos,MID,West Ham,19,4,1,2025-02-15T15:00:00Z,2,1,0,0,0,0,0,3,0.2,0.0,0.0,0.0,0.0,0.0,0.0,0.0,0,46
2024-25,25,250,527,Lucas Tolentino Coelho de Lima,MID,West Ham,19,4,1,2025-02-15T15:00:00Z,90,2,0,0,0,1,0,16,20.4,42.1,12.0,7.5,0.1,0.18,0.28,1.66,1,57
2024-25,25,250,528,Konstantinos Mavropanos,DEF,West Ham,19,4,1,2025-02-15T15:00:00Z,87,2,0,0,0,1,0,14,23.4,0.8,17.0,4.1,0.04,0.01,0.05,1.66,1,43
2024-25,25,250,529,Nayef Aguerd,DEF,West Ham,19,4,1,2025-02-15T15:00:00Z,0,0,0,0,0,0,0,0,0.0,0.0,0.0,0.0,0.0,0.0,0.0,0.0,0,44
2024-25,25,250,530,Tomáš Souček,MID,West Ham,19,4,1,2025-02-15T15:00:00Z,45,0,0,0,0,1,0,1,4.8,1.7,7.0,1.4,0.12,0.02,0.14,1.46,1,49
2024-25,25,250,531,James Ward-Prowse,MID,West Ham,19,4,1,2025-02-15T15:00:00Z,45,1,0,0,0,0,0,11,7.6,21.1,2.0,3.1,0.04,0.21,0.25,0.2,0,61
2024-25,25,250,532,Kurt Zouma,DEF,West Ham,19,4,1,2025-02-15T15:00:00Z,0,0,0,0,0,0,0,0,0.0,0.0,0.0,0.0,0.0,0.0,0.0,0.0,0,44
2024-25,25,246,533,Rayan Aït-Nouri,DEF,Wolves,20,12,0,2025-02-16T14:00:00Z,90,1,0,0,0,2,0,8,14.6,28.7,8.0,5.1,0.0,0.1,0.1,1.66,1,47
2024-25,25,246,534,Boubacar Traoré,MID,Wolves,20,12,0,2025-02-16T14:00:00Z,0,0,0,0,0,0,0,0,0.0,0.0,0.0,0.0,0.0,0.0,0.0,0.0,0,48
2024-25,25,246,535,Jean-Ricner Bellegarde,MID,Wolves,20,12,0,2025-02-16T14:00:00Z,45,4,0,1,0,0,0,19,22.6,36.7,4.0,6.3,0.0,0.4,0.4,0.0,0,49
2024-25,25,246,536,Daniel Bentley,GK,Wolves,20,12,0,2025-02-16T14:00:00Z,0,0,0,0,0,0,0,0,0.0,0.0,0.0,0.0,0.0,0.0,0.0,0.0,0,39
2024-25,25,246,537,Francisco Jorge Tomás Oliveira,MID,Wolves,20,12,0,2025-02-16T14:00:00Z,0,0,0,0,0,0,0,0,0.0,0.0,0.0,0.0,0.0,0.0,0.0,0.0,0,45
2024-25,25,246,538,Tawanda Chirewa,MID,Wolves,20,12,0,2025-02-16T14:00:00Z,0,0,0,0,0,0,0,0,0.0,0.0,0.0,0.0,0.0,0.0,0.0,0.0,0,45
2024-25,25,246,539,Leon Chiwome,FWD,Wolves,20,12,0,2025-02-16T14:00:00Z,0,0,0,0,0,0,0,0,0.0,0.0,0.0,0.0,0.0,0.0,0.0,0.0,0,45
2024-25,25,246,540,Luke Cundle,MID,Wolves,20,12,0,2025-02-16T14:00:00Z,0,0,0,0,0,0,0,0,0.0,0.0,0.0,0.0,0.0,0.0,0.0,0.0,0,45
2024-25,25,246,541,Matheus Santos Carneiro Da Cunha,FWD,Wolves,20,12,0,2025-02-16T14:00:00Z,90,9,1,0,0,2,3,38,38.8,24.5,30.0,9.3,0.47,0.17,0.64,1.66,1,68
2024-25,25,246,542,Craig Dawson,DEF,Wolves,20,12,0,2025-02-16T14:00:00Z,0,0,0,0,0,0,0,0,0.0,0.0,0.0,0.0,0.0,0.0,0.0,0.0,0,43
2024-25,25,246,543,Matt Doherty,DEF,Wolves,20,12,0,2025-02-16T14:00:00Z,90,0,0,0,0,2,0,7,14.2,3.7,0.0,1.8,0.0,0.15,0.15,1.66,1,43
2024-25,25,246,544,Tommy Doyle,MID,Wolves,20,12,0,2025-02-16T14:00:00Z,7,1,0,0,0,0,0,3,0.4,0.3,4.0,0.5,0.07,0.0,0.07,0.0,0,48
2024-25,25,246,545,Fábio Silva,FWD,Wolves,20,12,0,2025-02-16T14:00:00Z,0,0,0,0,0,0,0,0,0.0,0.0,0.0,0.0,0.0,0.0,0.0,0.0,0,50
2024-25,25,246,546,Nathan Fraser,FWD,Wolves,20,12,0,2025-02-16T14:00:00Z,0,0,0,0,0,0,0,0,0.0,0.0,0.0,0.0,0.0,0.0,0.0,0.0,0,45
2024-25,25,246,547,Enso González,MID,Wolves,20,12,0,2025-02-16T14:00:00Z,0,0,0,0,0,0,0,0,0.0,0.0,0.0,0.0,0.0,0.0,0.0,0.0,0,44
2024-25,25,246,548,Gonçalo Manuel Ganchinho Guedes,MID,Wolves,20,12,0,2025-02-16T14:00:00Z,45,1,0,0,0,2,0,3,2.6,10.8,2.0,1.5,0.0,0.05,0.05,1.66,1,53
2024-25,25,246,549,Hugo Bueno López,DEF,Wolves,20,12,0,2025-02-16T14:00:00Z,0,0,0,0,0,0,0,0,0.0,0.0,0.0,0.0,0.0,0.0,0.0,0.0,0,45
2024-25,25,246,550,Hwang Hee-chan,MID,Wolves,20,12,0,2025-02-16T14:00:00Z,0,0,0,0,0,0,0,0,0.0,0.0,0.0,0.0,0.0,0.0,0.0,0.0,0,61
2024-25,25,246,551,Joe Hodge,MID,Wolves,20,12,0,2025-02-16T14:00:00Z,0,0,0,0,0,0,0,0,0.0,0.0,0.0,0.0,0.0,0.0,0.0,0.0,0,45
2024-25,25,246,552,Ki-Jana Hoever,DEF,Wolves,20,12,0,2025-02-16T14:00:00Z,0,0,0,0,0,0,0,0,0.0,0.0,0.0,0.0,0.0,0.0,0.0,0.0,0,40
2024-25,25,246,553,João Victor Gomes da Silva,MID,Wolves,20,12,0,2025-02-16T14:00:00Z,82,2,0,0,0,2,0,15,5.0,12.7,10.0,2.8,0.18,0.03,0.21,1.66,1,49
2024-25,25,246,554,José Malheiro de Sá,GK,Wolves,20,12,0,2025-02-16T14:00:00Z,90,1,0,0,0,2,0,-2,5.6,0.0,0.0,0.6,0.0,0.0,0.0,1.66,1,43
2024-25,25,246,555,Saša Kalajdžić,FWD,Wolves,20,12,0,2025-02-16T14:00:00Z,0,0,0,0,0,0,0,0,0.0,0.0,0.0,0.0,0.0,0.0,0.0,0.0,0,48
2024-25,25,246,556,Tom King,GK,Wolves,20,12,0,2025-02-16T14:00:00Z,0,0,0,0,0,0,0,0,0.0,0.0,0.0,0.0,0.0,0.0,0.0,0.0,0,40
2024-25,25,246,557,Mario Lemina,MID,Wolves,20,12,0,2025-02-16T14:00:00Z,0,0,0,0,0,0,0,0,0.0,0.0,0.0,0.0,0.0,0.0,0.0,0.0,0,48
2024-25,25,246,558,Yerson Mosquera,DEF,Wolves,20,12,0,2025-02-16T14:00:00Z,0,0,0,0,0,0,0,0,0.0,0.0,0.0,0.0,0.0,0.0,0.0,0.0,0,38
2024-25,25,246,559,Nélson Cabral Semedo,DEF,Wolves,20,12,0,2025-02-16T14:00:00Z,90,1,0,0,0,2,0,6,12.4,2.0,9.0,2.3,0.03,0.01,0.04,1.66,1,45
2024-25,25,242,560,Pedro Lomba Neto,MID,Chelsea,6,5,0,2025-02-14T20:00:00Z,64,2,0,0,0,3,0,-3,8.6,14.0,13.0,3.6,0.17,0.02,0.19,0.59,1,62
2024-25,25,246,561,Pedro Cardoso de Lima,DEF,Wolves,20,12,0,2025-02-16T14:00:00Z,1,1,0,0,0,0,0,1,0.0,0.3,0.0,0.0,0.0,0.0,0.0,0.0,0,39
2024-25,25,246,562,Daniel Castelo Podence,MID,Wolves,20,12,0,2025-02-16T14:00:00Z,0,0,0,0,0,0,0,0,0.0,0.0,0.0,0.0,0.0,0.0,0.0,0.0,0,55
2024-25,25,246,563,Rodrigo Martins Gomes,MID,Wolves,20,12,0,2025-02-16T14:00:00Z,0,0,0,0,0,0,0,0,0.0,0.0,0.0,0.0,0.0,0.0,0.0,0.0,0,51
2024-25,25,246,564,Santiago Bueno,DEF,Wolves,20,12,0,2025-02-16T14:00:00Z,29,1,0,0,0,0,0,3,3.6,3.2,0.0,0.7,0.0,0.0,0.0,0.0,0,43
2024-25,25,246,565,Pablo Sarabia,MID,Wolves,20,12,0,2025-02-16T14:00:00Z,45,1,0,0,0,2,0,0,0.0,10.9,5.0,1.5,0.11,0.01,0.12,1.66,1,50
2024-25,25,246,566,Jørgen Strand Larsen,FWD,Wolves,20,12,0,2025-02-16T14:00:00Z,0,0,0,0,0,0,0,0,0.0,0.0,0.0,0.0,0.0,0.0,0.0,0.0,0,52
2024-25,25,246,567,Toti António Gomes,DEF,Wolves,20,12,0,2025-02-16T14:00:00Z,90,1,0,0,0,2,0,8,17.4,1.4,2.0,2.1,0.0,0.01,0.01,1.66,1,43
2024-25,25,241,568,Arijanet Muric,GK,Ipswich,10,2,0,2025-02-15T15:00:00Z,0,0,0,0,0,0,0,0,0.0,0.0,0.0,0.0,0.0,0.0,0.0,0.0,0,44
2024-25,25,241,569,Jaden Philogene,MID,Ipswich,10,2,0,2025-02-15T15:00:00Z,0,0,0,0,0,0,0,0,0.0,0.0,0.0,0.0,0.0,0.0,0.0,0.0,0,53
2024-25,25,245,570,Abdul Fatawu,MID,Leicester,11,1,1,2025-02-15T12:30:00Z,0,0,0,0,0,0,0,0,0.0,0.0,0.0,0.0,0.0,0.0,0.0,0.0,0,51
2024-25,25,247,571,Sávio 'Savinho' Moreira de Oliveira,MID,Man City,13,15,1,2025-02-15T15:00:00Z,90,6,0,1,1,0,0,25,29.2,15.6,34.0,7.9,0.45,0.13,0.58,0.48,1,63
2024-25,25,249,572,Leny Yoro,DEF,Man Utd,14,18,0,2025-02-16T16:30:00Z,0,0,0,0,0,0,0,0,0.0,0.0,0.0,0.0,0.0,0.0,0.0,0.0,0,43
2024-25,25,244,573,Nikola Milenković,DEF,Nott'm Forest,16,9,0,2025-02-15T15:00:00Z,90,1,0,0,0,2,0,6,12.4,10.8,0.0,2.3,0.0,0.01,0.01,2.18,1,48
2024-25,25,247,574,Miodrag Pivaš,DEF,Newcastle,15,13,0,2025-02-15T15:00:00Z,0,0,0,0,0,0,0,0,0.0,0.0,0.0,0.0,0.0,0.0,0.0,0.0,0,40
2024-25,25,242,575,Caleb Wiley,DEF,Chelsea,6,5,0,2025-02-14T20:00:00Z,0,0,0,0,0,0,0,0,0.0,0.0,0.0,0.0,0.0,0.0,0.0,0.0,0,40
2024-25,25,250,576,Andy Irving,MID,West Ham,19,4,1,2025-02-15T15:00:00Z,0,0,0,0,0,0,0,0,0.0,0.0,0.0,0.0,0.0,0.0,0.0,0.0,0,47
2024-25,25,243,577,Jesper Lindstrøm,MID,Everton,8,7,0,2025-02-15T17:30:00Z,78,2,0,0,0,1,0,6,15.6,18.1,27.0,6.1,0.11,0.26,0.37,1.42,1,50
2024-25,25,245,578,Riccardo Calafiori,DEF,Arsenal,1,11,0,2025-02-15T12:30:00Z,14,1,0,0,0,0,0,5,2.8,0.6,6.0,0.9,0.0,0.0,0.0,0.05,0,58
2024-25,25,244,579,Ryan Sessegnon,DEF,Fulham,9,16,1,2025-02-15T15:00:00Z,1,1,0,0,0,0,0,3,0.0,0.3,0.0,0.0,0.0,0.0,0.0,0.03,0,41
2024-25,25,248,580,Dean Huijsen,DEF,Bournemouth,3,17,0,2025-02-15T15:00:00Z,90,2,0,0,0,1,0,10,19.0,1.8,0.0,2.1,0.0,0.02,0.02,0.79,1,44
2024-25,25,242,581,Filip Jørgensen,GK,Chelsea,6,5,0,2025-02-14T20:00:00Z,90,2,0,0,0,3,0,4,22.0,0.0,0.0,2.2,0.0,0.0,0.0,1.42,1,42
2024-25,25,243,582,Jake O'Brien,DEF,Everton,8,7,0,2025-02-15T17:30:00Z,90,2,0,0,0,1,0,7,13.6,2.5,2.0,1.8,0.0,0.01,0.01,1.72,1,45
2024-25,25,241,583,Conor Townsend,DEF,Ipswich,10,2,0,2025-02-15T15:00:00Z,90,2,0,0,0,1,0,6,38.4,17.5,0.0,5.6,0.0,0.08,0.08,2.42,1,39
2024-25,25,248,584,Ben Brereton Díaz,MID,Southampton,17,3,1,2025-02-15T15:00:00Z,0,0,0,0,0,0,0,0,0.0,0.0,0.0,0.0,0.0,0.0,0.0,0.0,0,48
2024-25,25,243,585,Ismaïla Sarr,MID,Crystal Palace,7,8,1,2025-02-15T17:30:00Z,90,2,0,0,0,2,0,11,10.0,21.8,10.0,4.2,0.24,0.08,0.32,0.96,1,56
2024-25,25,244,586,Jorge Cuenca Barreno,DEF,Fulham,9,16,1,2025-02-15T15:00:00Z,0,0,0,0,0,0,0,0,0.0,0.0,0.0,0.0,0.0,0.0,0.0,0.0,0,44
2024-25,25,250,587,Crysencio Summerville,MID,West Ham,19,4,1,2025-02-15T15:00:00Z,0,0,0,0,0,0,0,0,0.0,0.0,0.0,0.0,0.0,0.0,0.0,0.0,0,55
2024-25,25,250,588,Guido Rodríguez,MID,West Ham,19,4,1,2025-02-15T15:00:00Z,0,0,0,0,0,0,0,0,0.0,0.0,0.0,0.0,0.0,0.0,0.0,0.0,0,48
2024-25,25,250,589,Niclas Füllkrug,FWD,West Ham,19,4,1,2025-02-15T15:00:00Z,0,0,0,0,0,0,0,0,0.0,0.0,0.0,0.0,0.0,0.0,0.0,0.0,0,67
2024-25,25,247,590,William Osula,FWD,Newcastle,15,13,0,2025-02-15T15:00:00Z,0,0,0,0,0,0,0,0,0.0,0.0,0.0,0.0,0.0,0.0,0.0,0.0,0,49
2024-25,25,250,591,Jean-Clair Todibo,DEF,West Ham,19,4,1,2025-02-15T15:00:00Z,0,0,0,0,0,0,0,0,0.0,0.0,0.0,0.0,0.0,0.0,0.0,0.0,0,42
2024-25,25,248,592,Julián Araujo Zúñiga,DEF,Bournemouth,3,17,0,2025-02-15T15:00:00Z,0,0,0,0,0,0,0,0,0.0,0.0,0.0,0.0,0.0,0.0,0.0,0.0,0,43
2024-25,25,249,593,Matthijs de Ligt,DEF,Man Utd,14,18,0,2025-02-16T16:30:00Z,90,2,0,0,0,1,0,22,44.8,15.4,11.0,7.1,0.14,0.09,0.23,2.23,1,49
2024-25,25,249,594,Noussair Mazraoui,DEF,Man Utd,14,18,0,2025-02-16T16:30:00Z,90,2,0,0,0,1,0,17,31.2,16.2,0.0,4.7,0.0,0.17,0.17,2.23,1,43
2024-25,25,242,595,Brajan Gruda,MID,Brighton,5,6,1,2025-02-14T20:00:00Z,0,0,0,0,0,0,0,0,0.0,0.0,0.0,0.0,0.0,0.0,0.0,0.0,0,54
2024-25,25,244,596,João Pedro Ferreira Silva,MID,Nott'm Forest,16,9,0,2025-02-15T15:00:00Z,5,1,0,0,0,0,0,2,0.2,0.3,0.0,0.1,0.0,0.0,0.0,0.28,0,59
2024-25,25,245,597,Myles Lewis-Skelly,MID,Arsenal,1,11,0,2025-02-15T12:30:00Z,75,3,0,0,1,0,0,8,5.6,6.5,6.0,1.8,0.0,0.03,0.03,0.17,1,45
2024-25,25,241,598,Lamare Bogarde,DEF,Aston Villa,2,10,1,2025-02-15T15:00:00Z,0,0,0,0,0,0,0,0,0.0,0.0,0.0,0.0,0.0,0.0,0.0,0.0,0,40
2024-25,25,282,598,Lamare Bogarde,DEF,Aston Villa,2,12,1,2025-02-19T19:30:00Z,4,1,0,0,0,0,0,3,4.2,0.1,2.0,0.6,0.0,0.0,0.0,0.0,0,40
2024-25,25,248,599,Will Dennis,GK,Bournemouth,3,17,0,2025-02-15T15:00:00Z,0,0,0,0,0,0,0,0,0.0,0.0,0.0,0.0,0.0,0.0,0.0,0.0,0,40
2024-25,25,242,600,Yasin Ayari,MID,Brighton,5,6,1,2025-02-14T20:00:00Z,6,1,0,0,0,0,0,9,5.6,20.8,1.0,2.7,0.04,0.57,0.61,0.0,0,50
2024-25,25,242,601,Andrew Moran,MID,Brighton,5,6,1,2025-02-14T20:00:00Z,0,0,0,0,0,0,0,0,0.0,0.0,0.0,0.0,0.0,0.0,0.0,0.0,0,50
2024-25,25,250,602,Ryan Trevitt,MID,Brentford,4,19,0,2025-02-15T15:00:00Z,0,0,0,0,0,0,0,0,0.0,0.0,0.0,0.0,0.0,0.0,0.0,0.0,0,44
2024-25,25,243,603,Harrison Armstrong,MID,Everton,8,7,0,2025-02-15T17:30:00Z,0,0,0,0,0,0,0,0,0.0,0.0,0.0,0.0,0.0,0.0,0.0,0.0,0,44
2024-25,25,244,604,Josh King,MID,Fulham,9,16,1,2025-02-15T15:00:00Z,0,0,0,0,0,0,0,0,0.0,0.0,0.0,0.0,0.0,0.0,0.0,0.0,0,45
2024-25,25,244,605,Martial Godo,MID,Fulham,9,16,1,2025-02-15T15:00:00Z,0,0,0,0,0,0,0,0,0.0,0.0,0.0,0.0,0.0,0.0,0.0,0.0,0,44
2024-25,25,245,606,Will Alves,MID,Leicester,11,1,1,2025-02-15T12:30:00Z,0,0,0,0,0,0,0,0,0.0,0.0,0.0,0.0,0.0,0.0,0.0,0.0,0,44
2024-25,25,247,607,Nico O'Reilly,MID,Man City,13,15,1,2025-02-15T15:00:00Z,3,1,0,0,0,0,0,4,3.6,0.2,0.0,0.4,0.0,0.0,0.0,0.0,0,49
2024-25,25,248,608,Tyler Dibling,MID,Southampton,17,3,1,2025-02-15T15:00:00Z,34,1,0,0,0,1,0,6,4.6,1.8,2.0,0.8,0.0,0.12,0.12,0.18,0,45
2024-25,25,249,609,Will Lankshear,FWD,Spurs,18,14,1,2025-02-16T16:30:00Z,0,0,0,0,0,0,0,0,0.0,0.0,0.0,0.0,0.0,0.0,0.0,0.0,0,45
2024-25,25,249,610,Mikey Moore,MID,Spurs,18,14,1,2025-02-16T16:30:00Z,0,0,0,0,0,0,0,0,0.0,0.0,0.0,0.0,0.0,0.0,0.0,0.0,0,45
2024-25,25,241,611,Sam Szmodics,MID,Ipswich,10,2,0,2025-02-15T15:00:00Z,0,0,0,0,0,0,0,0,0.0,0.0,0.0,0.0,0.0,0.0,0.0,0.0,0,57
2024-25,25,249,612,Wilson Odobert,MID,Spurs,18,14,1,2025-02-16T16:30:00Z,3,1,0,0,0,0,0,4,2.2,0.1,0.0,0.2,0.0,0.0,0.0,0.1,0,53
2024-25,25,249,613,Toby Collyer,MID,Man Utd,14,18,0,2025-02-16T16:30:00Z,0,0,0,0,0,0,0,0,0.0,0.0,0.0,0.0,0.0,0.0,0.0,0.0,0,45
2024-25,25,243,614,Jenson Metcalfe,MID,Everton,8,7,0,2025-02-15T17:30:00Z,0,0,0,0,0,0,0,0,0.0,0.0,0.0,0.0,0.0,0.0,0.0,0.0,0,45
2024-25,25,242,615,Carl Rushworth,GK,Brighton,5,6,1,2025-02-14T20:00:00Z,0,0,0,0,0,0,0,0,0.0,0.0,0.0,0.0,0.0,0.0,0.0,0.0,0,39
2024-25,25,245,616,Ben Nelson,DEF,Leicester,11,1,1,2025-02-15T12:30:00Z,0,0,0,0,0,0,0,0,0.0,0.0,0.0,0.0,0.0,0.0,0.0,0.0,0,40
2024-25,25,248,617,Francisco Evanilson de Lima Barbosa,FWD,Bournemouth,3,17,0,2025-02-15T15:00:00Z,0,0,0,0,0,0,0,0,0.0,0.0,0.0,0.0,0.0,0.0,0.0,0.0,0,56
2024-25,25,242,618,Georginio Rutter,MID,Brighton,5,6,1,2025-02-14T20:00:00Z,72,3,0,0,1,0,0,5,2.6,11.8,6.0,2.0,0.09,0.02,0.11,0.54,1,51
2024-25,25,241,619,Jens Cajuste,MID,Ipswich,10,2,0,2025-02-15T15:00:00Z,79,2,0,0,0,1,0,9,12.2,1.3,0.0,1.4,0.0,0.0,0.0,1.85,1,45
2024-25,25,244,620,Ramón Sosa,MID,Nott'm Forest,16,9,0,2025-02-15T15:00:00Z,0,0,0,0,0,0,0,0,0.0,0.0,0.0,0.0,0.0,0.0,0.0,0.0,0,55
2024-25,25,242,621,João Félix Sequeira,MID,Chelsea,6,5,0,2025-02-14T20:00:00Z,0,0,0,0,0,0,0,0,0.0,0.0,0.0,0.0,0.0,0.0,0.0,0.0,0,59
2024-25,25,244,622,Sander Berge,MID,Fulham,9,16,1,2025-02-15T15:00:00Z,90,2,0,0,0,1,0,16,17.4,13.1,7.0,3.8,0.08,0.02,0.1,0.42,1,50
2024-25,25,248,623,Mateus Gonçalo Espanha Fernandes,MID,Southampton,17,3,1,2025-02-15T15:00:00Z,90,2,0,0,0,3,0,13,14.2,18.8,0.0,3.3,0.0,0.09,0.09,1.2,1,50
2024-25,25,243,624,Asmir Begovic,GK,Everton,8,7,0,2025-02-15T17:30:00Z,0,0,0,0,0,0,0,0,0.0,0.0,0.0,0.0,0.0,0.0,0.0,0.0,0,40
2024-25,25,247,625,Ilkay Gündogan,MID,Man City,13,15,1,2025-02-15T15:00:00Z,86,6,0,1,1,0,0,25,26.2,36.3,0.0,6.3,0.0,0.1,0.1,0.48,1,63
2024-25,25,247,626,Issa Kaboré,DEF,Man City,13,15,1,2025-02-15T15:00:00Z,0,0,0,0,0,0,0,0,0.0,0.0,0.0,0.0,0.0,0.0,0.0,0.0,0,45
2024-25,25,243,627,Roman Dixon,DEF,Everton,8,7,0,2025-02-15T17:30:00Z,0,0,0,0,0,0,0,0,0.0,0.0,0.0,0.0,0.0,0.0,0.0,0.0,0,40
2024-25,25,242,628,Ferdi Kadioglu,DEF,Brighton,5,6,1,2025-02-14T20:00:00Z,0,0,0,0,0,0,0,0,0.0,0.0,0.0,0.0,0.0,0.0,0.0,0.0,0,44
2024-25,25,242,629,Matt O'Riley,MID,Brighton,5,6,1,2025-02-14T20:00:00Z,6,1,0,0,0,0,0,1,2.2,0.2,0.0,0.2,0.0,0.0,0.0,0.0,0,55
2024-25,25,241,630,Dara O'Shea,DEF,Ipswich,10,2,0,2025-02-15T15:00:00Z,90,2,0,0,0,1,0,11,36.8,0.1,0.0,3.7,0.0,0.0,0.0,2.42,1,40
2024-25,25,241,631,Jack Clarke,MID,Ipswich,10,2,0,2025-02-15T15:00:00Z,28,1,0,0,0,0,0,6,3.6,0.8,0.0,0.4,0.0,0.0,0.0,0.83,0,54
2024-25,25,241,632,Chiedozie Ogbene,MID,Ipswich,10,2,0,2025-02-15T15:00:00Z,0,0,0,0,0,0,0,0,0.0,0.0,0.0,0.0,0.0,0.0,0.0,0.0,0,48
2024-25,25,245,633,Mikel Merino,MID,Arsenal,1,11,0,2025-02-15T12:30:00Z,21,13,2,0,0,0,2,44,67.4,0.6,36.0,10.4,0.74,0.01,0.75,0.05,0,60
2024-25,25,250,634,Gustavo Nunes Fernandes Gomes,MID,Brentford,4,19,0,2025-02-15T15:00:00Z,0,0,0,0,0,0,0,0,0.0,0.0,0.0,0.0,0.0,0.0,0.0,0.0,0,49
2024-25,25,245,635,Bilal El Khannouss,MID,Leicester,11,1,1,2025-02-15T12:30:00Z,90,1,0,0,0,2,0,9,16.6,38.3,9.0,6.4,0.02,0.13,0.15,1.38,1,48
2024-25,25,246,636,Federico Chiesa,MID,Liverpool,12,20,1,2025-02-16T14:00:00Z,0,0,0,0,0,0,0,0,0.0,0.0,0.0,0.0,0.0,0.0,0.0,0.0,0,68
2024-25,25,282,636,Federico Chiesa,MID,Liverpool,12,2,0,2025-02-19T19:30:00Z,0,0,0,0,0,0,0,0,0.0,0.0,0.0,0.0,0.0,0.0,0.0,0.0,0,68
2024-25,25,246,637,Bastien Meupiyou,DEF,Wolves,20,12,0,2025-02-16T14:00:00Z,0,0,0,0,0,0,0,0,0.0,0.0,0.0,0.0,0.0,0.0,0.0,0.0,0,39
2024-25,25,245,638,Salah-Eddine Oulad M'hand,MID,Arsenal,1,11,0,2025-02-15T12:30:00Z,0,0,0,0,0,0,0,0,0.0,0.0,0.0,0.0,0.0,0.0,0.0,0.0,0,45
2024-25,25,245,639,Tommy Setford,GK,Arsenal,1,11,0,2025-02-15T12:30:00Z,0,0,0,0,0,0,0,0,0.0,0.0,0.0,0.0,0.0,0.0,0.0,0.0,0,45
2024-25,25,241,640,Sil Swinkels,DEF,Aston Villa,2,10,1,2025-02-15T15:00:00Z,0,0,0,0,0,0,0,0,0.0,0.0,0.0,0.0,0.0,0.0,0.0,0.0,0,40
2024-25,25,282,640,Sil Swinkels,DEF,Aston Villa,2,12,1,2025-02-19T19:30:00Z,0,0,0,0,0,0,0,0,0.0,0.0,0.0,0.0,0.0,0.0,0.0,0.0,0,40
2024-25,25,241,641,Oliwier Zych,GK,Aston Villa,2,10,1,2025-02-15T15:00:00Z,0,0,0,0,0,0,0,0,0.0,0.0,0.0,0.0,0.0,0.0,0.0,0.0,0,40
2024-25,25,282,641,Oliwier Zych,GK,Aston Villa,2,12,1,2025-02-19T19:30:00Z,0,0,0,0,0,0,0,0,0.0,0.0,0.0,0.0,0.0,0.0,0.0,0.0,0,40
2024-25,25,246,642,André Trindade da Costa Neto,MID,Wolves,20,12,0,2025-02-16T14:00:00Z,90,2,0,0,0,2,0,16,10.0,25.0,2.0,3.7,0.02,0.01,0.03,1.66,1,50
2024-25,25,250,643,Kaelan Casey,DEF,West Ham,19,4,1,2025-02-15T15:00:00Z,0,0,0,0,0,0,0,0,0.0,0.0,0.0,0.0,0.0,0.0,0.0,0.0,0,40
2024-25,25,243,644,Franco Umeh-Chibueze,MID,Crystal Palace,7,8,1,2025-02-15T17:30:00Z,0,0,0,0,0,0,0,0,0.0,0.0,0.0,0.0,0.0,0.0,0.0,0.0,0,44
2024-25,25,243,645,Justin Devenny,MID,Crystal Palace,7,8,1,2025-02-15T17:30:00Z,45,1,0,0,0,1,0,3,4.0,2.6,9.0,1.6,0.03,0.0,0.03,0.25,1,45
2024-25,25,243,646,Asher Agbinone,MID,Crystal Palace,7,8,1,2025-02-15T17:30:00Z,0,0,0,0,0,0,0,0,0.0,0.0,0.0,0.0,0.0,0.0,0.0,0.0,0,45
2024-25,25,243,647,Kaden Rodney,MID,Crystal Palace,7,8,1,2025-02-15T17:30:00Z,0,0,0,0,0,0,0,0,0.0,0.0,0.0,0.0,0.0,0.0,0.0,0.0,0,45
2024-25,25,249,648,Ethan Wheatley,FWD,Man Utd,14,18,0,2025-02-16T16:30:00Z,0,0,0,0,0,0,0,0,0.0,0.0,0.0,0.0,0.0,0.0,0.0,0.0,0,45
2024-25,25,250,649,Jayden Meghoma,DEF,Brentford,4,19,0,2025-02-15T15:00:00Z,0,0,0,0,0,0,0,0,0.0,0.0,0.0,0.0,0.0,0.0,0.0,0.0,0,40
2024-25,25,243,650,Maxence Lacroix,DEF,Crystal Palace,7,8,1,2025-02-15T17:30:00Z,85,1,0,0,0,2,0,7,16.0,18.0,8.0,4.2,0.15,0.08,0.23,0.96,1,45
2024-25,25,243,651,Orel Mangala,MID,Everton,8,7,0,2025-02-15T17:30:00Z,0,0,0,0,0,0,0,0,0.0,0.0,0.0,0.0,0.0,0.0,0.0,0.0,0,50
2024-25,25,249,652,Manuel Ugarte,MID,Man Utd,14,18,0,2025-02-16T16:30:00Z,0,0,0,0,0,0,0,0,0.0,0.0,0.0,0.0,0.0,0.0,0.0,0.0,0,49
2024-25,25,244,653,Felipe Rodrigues da Silva,DEF,Nott'm Forest,16,9,0,2025-02-15T15:00:00Z,67,1,0,0,0,2,0,7,18.0,0.5,0.0,1.9,0.0,0.01,0.01,1.65,1,45
2024-25,25,250,654,Carlos Soler,MID,West Ham,19,4,1,2025-02-15T15:00:00Z,45,1,0,0,0,1,0,3,2.4,1.1,0.0,0.4,0.0,0.0,0.0,1.46,1,50
2024-25,25,246,655,Carlos Roberto Forbs Borges,MID,Wolves,20,12,0,2025-02-16T14:00:00Z,0,0,0,0,0,0,0,0,0.0,0.0,0.0,0.0,0.0,0.0,0.0,0.0,0,54
2024-25,25,241,656,Kadan Young,MID,Aston Villa,2,10,1,2025-02-15T15:00:00Z,0,0,0,0,0,0,0,0,0.0,0.0,0.0,0.0,0.0,0.0,0.0,0.0,0,45
2024-25,25,282,656,Kadan Young,MID,Aston Villa,2,12,1,2025-02-19T19:30:00Z,0,0,0,0,0,0,0,0,0.0,0.0,0.0,0.0,0.0,0.0,0.0,0.0,0,45
2024-25,25,245,657,Maldini Kacurri,DEF,Arsenal,1,11,0,2025-02-15T12:30:00Z,0,0,0,0,0,0,0,0,0.0,0.0,0.0,0.0,0.0,0.0,0.0,0.0,0,40
2024-25,25,249,658,Ayden Heaven,DEF,Man Utd,14,18,0,2025-02-16T16:30:00Z,0,0,0,0,0,0,0,0,0.0,0.0,0.0,0.0,0.0,0.0,0.0,0.0,0,40
2024-25,25,245,659,Ismeal Kabia,MID,Arsenal,1,11,0,2025-02-15T12:30:00Z,0,0,0,0,0,0,0,0,0.0,0.0,0.0,0.0,0.0,0.0,0.0,0.0,0,45
2024-25,25,246,660,Vítezslav Jaros,GK,Liverpool,12,20,1,2025-02-16T14:00:00Z,0,0,0,0,0,0,0,0,0.0,0.0,0.0,0.0,0.0,0.0,0.0,0.0,0,40
2024-25,25,282,660,Vítezslav Jaros,GK,Liverpool,12,2,0,2025-02-19T19:30:00Z,0,0,0,0,0,0,0,0,0.0,0.0,0.0,0.0,0.0,0.0,0.0,0.0,0,40
2024-25,25,250,661,Tony Yogane,MID,Brentford,4,19,0,2025-02-15T15:00:00Z,0,0,0,0,0,0,0,0,0.0,0.0,0.0,0.0,0.0,0.0,0.0,0.0,0,45
2024-25,25,245,662,Josh Nichols,DEF,Arsenal,1,11,0,2025-02-15T12:30:00Z,0,0,0,0,0,0,0,0,0.0,0.0,0.0,0.0,0.0,0.0,0.0,0.0,0,40
2024-25,25,242,663,Imari Samuels,DEF,Brighton,5,6,1,2025-02-14T20:00:00Z,0,0,0,0,0,0,0,0,0.0,0.0,0.0,0.0,0.0,0.0,0.0,0.0,0,40
2024-25,25,246,664,Alfie Pond,DEF,Wolves,20,12,0,2025-02-16T14:00:00Z,0,0,0,0,0,0,0,0,0.0,0.0,0.0,0.0,0.0,0.0,0.0,0.0,0,39
2024-25,25,245,665,Nathan Butler-Oyedeji,FWD,Arsenal,1,11,0,2025-02-15T12:30:00Z,0,0,0,0,0,0,0,0,0.0,0.0,0.0,0.0,0.0,0.0,0.0,0.0,0,45
2024-25,25,243,666,Caleb Kporha,DEF,Crystal Palace,7,8,1,2025-02-15T17:30:00Z,0,0,0,0,0,0,0,0,0.0,0.0,0.0,0.0,0.0,0.0,0.0,0.0,0,40
2024-25,25,249,667,Jack Fletcher,MID,Man Utd,14,18,0,2025-02-16T16:30:00Z,0,0,0,0,0,0,0,0,0.0,0.0,0.0,0.0,0.0,0.0,0.0,0.0,0,45
2024-25,25,242,668,Killian Cahill,GK,Brighton,5,6,1,2025-02-14T20:00:00Z,0,0,0,0,0,0,0,0,0.0,0.0,0.0,0.0,0.0,0.0,0.0,0.0,0,39
2024-25,25,246,669,Harvey Davies,GK,Liverpool,12,20,1,2025-02-16T14:00:00Z,0,0,0,0,0,0,0,0,0.0,0.0,0.0,0.0,0.0,0.0,0.0,0.0,0,40
2024-25,25,282,669,Harvey Davies,GK,Liverpool,12,2,0,2025-02-19T19:30:00Z,0,0,0,0,0,0,0,0,0.0,0.0,0.0,0.0,0.0,0.0,0.0,0.0,0,40
2024-25,25,249,670,Harry Amass,DEF,Man Utd,14,18,0,2025-02-16T16:30:00Z,0,0,0,0,0,0,0,0,0.0,0.0,0.0,0.0,0.0,0.0,0.0,0.0,0,40
2024-25,25,247,671,Jacob Wright,MID,Man City,13,15,1,2025-02-15T15:00:00Z,0,0,0,0,0,0,0,0,0.0,0.0,0.0,0.0,0.0,0.0,0.0,0.0,0,45
2024-25,25,247,672,Jahmai Simpson-Pusey,DEF,Man City,13,15,1,2025-02-15T15:00:00Z,0,0,0,0,0,0,0,0,0.0,0.0,0.0,0.0,0.0,0.0,0.0,0.0,0,40
2024-25,25,249,673,Jayce Fitzgerald,MID,Man Utd,14,18,0,2025-02-16T16:30:00Z,0,0,0,0,0,0,0,0,0.0,0.0,0.0,0.0,0.0,0.0,0.0,0.0,0,45
2024-25,25,250,674,Paris Maghoma,MID,Brentford,4,19,0,2025-02-15T15:00:00Z,0,0,0,0,0,0,0,0,0.0,0.0,0.0,0.0,0.0,0.0,0.0,0.0,0,45
2024-25,25,247,675,Josh Wilson-Esbrand,DEF,Man City,13,15,1,2025-02-15T15:00:00Z,0,0,0,0,0,0,0,0,0.0,0.0,0.0,0.0,0.0,0.0,0.0,0.0,0,40
2024-25,25,243,676,Zach Marsh,FWD,Crystal Palace,7,8,1,2025-02-15T17:30:00Z,0,0,0,0,0,0,0,0,0.0,0.0,0.0,0.0,0.0,0.0,0.0,0.0,0,45
2024-25,25,250,677,Ollie Scarles,DEF,West Ham,19,4,1,2025-02-15T15:00:00Z,45,1,0,0,0,0,0,2,1.2,1.9,8.0,1.1,0.09,0.01,0.1,0.2,0,40
2024-25,25,243,678,Callum Bates,MID,Everton,8,7,0,2025-02-15T17:30:00Z,0,0,0,0,0,0,0,0,0.0,0.0,0.0,0.0,0.0,0.0,0.0,0.0,0,45
2024-25,25,241,679,Ben Broggio,MID,Aston Villa,2,10,1,2025-02-15T15:00:00Z,0,0,0,0,0,0,0,0,0.0,0.0,0.0,0.0,0.0,0.0,0.0,0.0,0,45
2024-25,25,282,679,Ben Broggio,MID,Aston Villa,2,12,1,2025-02-19T19:30:00Z,0,0,0,0,0,0,0,0,0.0,0.0,0.0,0.0,0.0,0.0,0.0,0.0,0,45
2024-25,25,248,680,Max Kinsey,DEF,Bournemouth,3,17,0,2025-02-15T15:00:00Z,0,0,0,0,0,0,0,0,0.0,0.0,0.0,0.0,0.0,0.0,0.0,0.0,0,40
2024-25,25,242,681,Ruairi McConville,DEF,Brighton,5,6,1,2025-02-14T20:00:00Z,0,0,0,0,0,0,0,0,0.0,0.0,0.0,0.0,0.0,0.0,0.0,0.0,0,40
2024-25,25,246,682,Tom Edozie,MID,Wolves,20,12,0,2025-02-16T14:00:00Z,0,0,0,0,0,0,0,0,0.0,0.0,0.0,0.0,0.0,0.0,0.0,0.0,0,45
2024-25,25,249,683,Callum Olusesi,MID,Spurs,18,14,1,2025-02-16T16:30:00Z,0,0,0,0,0,0,0,0,0.0,0.0,0.0,0.0,0.0,0.0,0.0,0.0,0,45
2024-25,25,249,684,Malachi Hardy,DEF,Spurs,18,14,1,2025-02-16T16:30:00Z,0,0,0,0,0,0,0,0,0.0,0.0,0.0,0.0,0.0,0.0,0.0,0.0,0,40
2024-25,25,242,685,Jacob Slater,DEF,Brighton,5,6,1,2025-02-14T20:00:00Z,0,0,0,0,0,0,0,0,0.0,0.0,0.0,0.0,0.0,0.0,0.0,0.0,0,40
2024-25,25,250,686,Ezra Mayers,DEF,West Ham,19,4,1,2025-02-15T15:00:00Z,0,0,0,0,0,0,0,0,0.0,0.0,0.0,0.0,0.0,0.0,0.0,0.0,0,40
2024-25,25,248,687,Ben Winterburn,MID,Bournemouth,3,17,0,2025-02-15T15:00:00Z,0,0,0,0,0,0,0,0,0.0,0.0,0.0,0.0,0.0,0.0,0.0,0.0,0,45
2024-25,25,246,688,Treymaurice Nyoni,MID,Liverpool,12,20,1,2025-02-16T14:00:00Z,0,0,0,0,0,0,0,0,0.0,0.0,0.0,0.0,0.0,0.0,0.0,0.0,0,45
2024-25,25,282,688,Treymaurice Nyoni,MID,Liverpool,12,2,0,2025-02-19T19:30:00Z,0,0,0,0,0,0,0,0,0.0,0.0,0.0,0.0,0.0,0.0,0.0,0.0,0,45
2024-25,25,249,689,Luca Williams-Barnett,MID,Spurs,18,14,1,2025-02-16T16:30:00Z,0,0,0,0,0,0,0,0,0.0,0.0,0.0,0.0,0.0,0.0,0.0,0.0,0,45
2024-25,25,244,690,Samuel Amissah,DEF,Fulham,9,16,1,2025-02-15T15:00:00Z,0,0,0,0,0,0,0,0,0.0,0.0,0.0,0.0,0.0,0.0,0.0,0.0,0,40
2024-25,25,249,691,Godwill Kukonki,DEF,Man Utd,14,18,0,2025-02-16T16:30:00Z,0,0,0,0,0,0,0,0,0.0,0.0,0.0,0.0,0.0,0.0,0.0,0.0,0,40
2024-25,25,246,692,Amara Nallo,DEF,Liverpool,12,20,1,2025-02-16T14:00:00Z,0,0,0,0,0,0,0,0,0.0,0.0,0.0,0.0,0.0,0.0,0.0,0.0,0,40
2024-25,25,282,692,Amara Nallo,DEF,Liverpool,12,2,0,2025-02-19T19:30:00Z,0,0,0,0,0,0,0,0,0.0,0.0,0.0,0.0,0.0,0.0,0.0,0.0,0,40
2024-25,25,248,693,Joseph O'Brien-Whitmarsh,MID,Southampton,17,3,1,2025-02-15T15:00:00Z,0,0,0,0,0,0,0,0,0.0,0.0,0.0,0.0,0.0,0.0,0.0,0.0,0,45
2024-25,25,245,694,Henry Cartwright,MID,Leicester,11,1,1,2025-02-15T12:30:00Z,0,0,0,0,0,0,0,0,0.0,0.0,0.0,0.0,0.0,0.0,0.0,0.0,0,45
2024-25,25,242,695,Samuel Rak-Sakyi,MID,Chelsea,6,5,0,2025-02-14T20:00:00Z,0,0,0,0,0,0,0,0,0.0,0.0,0.0,0.0,0.0,0.0,0.0,0.0,0,45
2024-25,25,242,696,Tyrique George,MID,Chelsea,6,5,0,2025-02-14T20:00:00Z,25,1,0,0,0,0,0,3,4.2,1.2,7.0,1.2,0.06,0.0,0.06,0.83,0,45
2024-25,25,242,697,Josh Acheampong,DEF,Chelsea,6,5,0,2025-02-14T20:00:00Z,0,0,0,0,0,0,0,0,0.0,0.0,0.0,0.0,0.0,0.0,0.0,0.0,0,40
2024-25,25,247,698,Divin Mubama,FWD,Man City,13,15,1,2025-02-15T15:00:00Z,0,0,0,0,0,0,0,0,0.0,0.0,0.0,0.0,0.0,0.0,0.0,0.0,0,45
2024-25,25,249,699,Alfie Dorrington,DEF,Spurs,18,14,1,2025-02-16T16:30:00Z,0,0,0,0,0,0,0,0,0.0,0.0,0.0,0.0,0.0,0.0,0.0,0.0,0,40
2024-25,25,249,700,Maeson King,DEF,Spurs,18,14,1,2025-02-16T16:30:00Z,0,0,0,0,0,0,0,0,0.0,0.0,0.0,0.0,0.0,0.0,0.0,0.0,0,40
2024-25,25,250,701,Lewis Orford,MID,West Ham,19,4,1,2025-02-15T15:00:00Z,0,0,0,0,0,0,0,0,0.0,0.0,0.0,0.0,0.0,0.0,0.0,0.0,0,45
2024-25,25,248,702,Archie Harris,DEF,Bournemouth,3,17,0,2025-02-15T15:00:00Z,0,0,0,0,0,0,0,0,0.0,0.0,0.0,0.0,0.0,0.0,0.0,0.0,0,40
2024-25,25,247,703,Max Alleyne,DEF,Man City,13,15,1,2025-02-15T15:00:00Z,0,0,0,0,0,0,0,0,0.0,0.0,0.0,0.0,0.0,0.0,0.0,0.0,0,40
2024-25,25,247,704,Spike Brits,GK,Man City,13,15,1,2025-02-15T15:00:00Z,0,0,0,0,0,0,0,0,0.0,0.0,0.0,0.0,0.0,0.0,0.0,0.0,0,40
2024-25,25,250,705,Benjamin Arthur,DEF,Brentford,4,19,0,2025-02-15T15:00:00Z,0,0,0,0,0,0,0,0,0.0,0.0,0.0,0.0,0.0,0.0,0.0,0.0,0,40
2024-25,25,244,706,Zach Abbott,DEF,Nott'm Forest,16,9,0,2025-02-15T15:00:00Z,0,0,0,0,0,0,0,0,0.0,0.0,0.0,0.0,0.0,0.0,0.0,0.0,0,40
2024-25,25,248,707,Remy Rees-Dottin,FWD,Bournemouth,3,17,0,2025-02-15T15:00:00Z,0,0,0,0,0,0,0,0,0.0,0.0,0.0,0.0,0.0,0.0,0.0,0.0,0,45
2024-25,25,245,708,Thomas Wilson-Brown,DEF,Leicester,11,1,1,2025-02-15T12:30:00Z,0,0,0,0,0,0,0,0,0.0,0.0,0.0,0.0,0.0,0.0,0.0,0.0,0,40
2024-25,25,246,709,Jayden Danns,FWD,Liverpool,12,20,1,2025-02-16T14:00:00Z,0,0,0,0,0,0,0,0,0.0,0.0,0.0,0.0,0.0,0.0,0.0,0.0,0,45
2024-25,25,282,709,Jayden Danns,FWD,Liverpool,12,2,0,2025-02-19T19:30:00Z,0,0,0,0,0,0,0,0,0.0,0.0,0.0,0.0,0.0,0.0,0.0,0.0,0,45
2024-25,25,241,710,Jamaldeen Jimoh,MID,Aston Villa,2,10,1,2025-02-15T15:00:00Z,0,0,0,0,0,0,0,0,0.0,0.0,0.0,0.0,0.0,0.0,0.0,0.0,0,45
2024-25,25,282,710,Jamaldeen Jimoh,MID,Aston Villa,2,12,1,2025-02-19T19:30:00Z,0,0,0,0,0,0,0,0,0.0,0.0,0.0,0.0,0.0,0.0,0.0,0.0,0,45
2024-25,25,246,711,Wes Okoduwa,DEF,Wolves,20,12,0,2025-02-16T14:00:00Z,0,0,0,0,0,0,0,0,0.0,0.0,0.0,0.0,0.0,0.0,0.0,0.0,0,40
2024-25,25,248,712,Matai Akinmboni,DEF,Bournemouth,3,17,0,2025-02-15T15:00:00Z,0,0,0,0,0,0,0,0,0.0,0.0,0.0,0.0,0.0,0.0,0.0,0.0,0,40
2024-25,25,248,713,Julio Soler,DEF,Bournemouth,3,17,0,2025-02-15T15:00:00Z,0,0,0,0,0,0,0,0,0.0,0.0,0.0,0.0,0.0,0.0,0.0,0.0,0,40
2024-25,25,242,714,Diego Gómez,MID,Brighton,5,6,1,2025-02-14T20:00:00Z,16,1,0,0,0,0,0,3,2.0,1.7,0.0,0.4,0.0,0.0,0.0,0.0,0,55
2024-25,25,241,715,Ben Godfrey,DEF,Ipswich,10,2,0,2025-02-15T15:00:00Z,0,0,0,0,0,0,0,0,0.0,0.0,0.0,0.0,0.0,0.0,0.0,0.0,0,40
2024-25,25,249,716,Antonín Kinsky,GK,Spurs,18,14,1,2025-02-16T16:30:00Z,0,0,0,0,0,0,0,0,0.0,0.0,0.0,0.0,0.0,0.0,0.0,0.0,0,45
2024-25,25,249,717,Min-Hyeok Yang,MID,Spurs,18,14,1,2025-02-16T16:30:00Z,0,0,0,0,0,0,0,0,0.0,0.0,0.0,0.0,0.0,0.0,0.0,0.0,0,45
2024-25,25,248,718,Welington Damascena Santos,DEF,Southampton,17,3,1,2025-02-15T15:00:00Z,45,0,0,0,0,2,0,-2,16.6,0.7,2.0,1.9,0.0,0.01,0.01,0.76,1,40
2024-25,25,248,719,Joachim Kayi-Sanda,DEF,Southampton,17,3,1,2025-02-15T15:00:00Z,0,0,0,0,0,0,0,0,0.0,0.0,0.0,0.0,0.0,0.0,0.0,0.0,0,40
2024-25,25,246,720,Emmanuel Agbadou,DEF,Wolves,20,12,0,2025-02-16T14:00:00Z,60,0,0,0,0,2,0,7,15.6,0.8,13.0,2.9,0.01,0.01,0.02,1.66,1,40
2024-25,25,244,721,Wayne Hennessey,GK,Nott'm Forest,16,9,0,2025-02-15T15:00:00Z,0,0,0,0,0,0,0,0,0.0,0.0,0.0,0.0,0.0,0.0,0.0,0.0,0,40
2024-25,25,248,722,Daniel Adu-Adjei,FWD,Bournemouth,3,17,0,2025-02-15T15:00:00Z,0,0,0,0,0,0,0,0,0.0,0.0,0.0,0.0,0.0,0.0,0.0,0.0,0,45
2024-25,25,248,723,Dominic Sadi,MID,Bournemouth,3,17,0,2025-02-15T15:00:00Z,0,0,0,0,0,0,0,0,0.0,0.0,0.0,0.0,0.0,0.0,0.0,0.0,0,45
2024-25,25,243,724,Martin Sherif,FWD,Everton,8,7,0,2025-02-15T17:30:00Z,0,0,0,0,0,0,0,0,0.0,0.0,0.0,0.0,0.0,0.0,0.0,0.0,0,45
2024-25,25,241,725,Donyell Malen,MID,Aston Villa,2,10,1,2025-02-15T15:00:00Z,62,2,0,0,0,1,0,9,4.2,12.1,13.0,2.9,0.03,0.02,0.05,0.37,1,55
2024-25,25,282,725,Donyell Malen,MID,Aston Villa,2,12,1,2025-02-19T19:30:00Z,23,1,0,0,0,0,0,0,2.4,1.0,10.0,1.3,0.05,0.01,0.06,0.76,0,55
2024-25,25,245,726,Woyo Coulibaly,DEF,Leicester,11,1,1,2025-02-15T12:30:00Z,47,0,0,0,0,2,0,-1,12.2,0.9,2.0,1.5,0.0,0.03,0.03,0.98,0,40
2024-25,25,248,727,Callan McKenna,GK,Bournemouth,3,17,0,2025-02-15T15:00:00Z,0,0,0,0,0,0,0,0,0.0,0.0,0.0,0.0,0.0,0.0,0.0,0.0,0,40
2024-25,25,248,728,Zain Silcott-Duberry,MID,Bournemouth,3,17,0,2025-02-15T15:00:00Z,0,0,0,0,0,0,0,0,0.0,0.0,0.0,0.0,0.0,0.0,0.0,0.0,0,45
2024-25,25,249,729,Damola Ajayi,MID,Spurs,18,14,1,2025-02-16T16:30:00Z,0,0,0,0,0,0,0,0,0.0,0.0,0.0,0.0,0.0,0.0,0.0,0.0,0,45
2024-25,25,243,730,Romain Esse,MID,Crystal Palace,7,8,1,2025-02-15T17:30:00Z,0,0,0,0,0,0,0,0,0.0,0.0,0.0,0.0,0.0,0.0,0.0,0.0,0,50
2024-25,25,241,731,Andrés García,DEF,Aston Villa,2,10,1,2025-02-15T15:00:00Z,90,2,0,0,0,1,0,13,13.0,11.2,5.0,2.9,0.04,0.12,0.16,0.37,1,45
2024-25,25,282,731,Andrés García,DEF,Aston Villa,2,12,1,2025-02-19T19:30:00Z,66,1,0,0,0,2,0,2,5.4,11.3,0.0,1.7,0.0,0.08,0.08,1.68,1,45
2024-25,25,247,732,Abdukodir Khusanov,DEF,Man City,13,15,1,2025-02-15T15:00:00Z,90,6,0,0,1,0,0,27,16.0,0.6,2.0,1.9,0.0,0.01,0.01,0.48,1,50
2024-25,25,247,733,Vitor de Oliveira Nunes dos Reis,DEF,Man City,13,15,1,2025-02-15T15:00:00Z,0,0,0,0,0,0,0,0,0.0,0.0,0.0,0.0,0.0,0.0,0.0,0.0,0,45
2024-25,25,248,734,Albert Grønbæk,MID,Southampton,17,3,1,2025-02-15T15:00:00Z,0,0,0,0,0,0,0,0,0.0,0.0,0.0,0.0,0.0,0.0,0.0,0.0,0,50
2024-25,25,245,735,Mikel Arteta,AM,Arsenal,1,11,0,2025-02-15T12:30:00Z,0,10,0,0,0,0,0,0,0.0,0.0,0.0,0.0,0.0,0.0,0.0,0.0,0,15
2024-25,25,247,736,Pep Guardiola,AM,Man City,13,15,1,2025-02-15T15:00:00Z,0,12,0,0,0,0,0,0,0.0,0.0,0.0,0.0,0.0,0.0,0.0,0.0,0,15
2024-25,25,241,737,Unai Emery,AM,Aston Villa,2,10,1,2025-02-15T15:00:00Z,0,4,0,0,0,0,0,0,0.0,0.0,0.0,0.0,0.0,0.0,0.0,0.0,0,8
2024-25,25,282,737,Unai Emery,AM,Aston Villa,2,12,1,2025-02-19T19:30:00Z,0,10,0,0,0,0,0,0,0.0,0.0,0.0,0.0,0.0,0.0,0.0,0.0,0,8
2024-25,25,248,738,Andoni Iraola,AM,Bournemouth,3,17,0,2025-02-15T15:00:00Z,0,9,0,0,0,0,0,0,0.0,0.0,0.0,0.0,0.0,0.0,0.0,0.0,0,11
2024-25,25,242,739,Fabian Hürzeler,AM,Brighton,5,6,1,2025-02-14T20:00:00Z,0,21,0,0,0,0,0,0,0.0,0.0,0.0,0.0,0.0,0.0,0.0,0.0,0,11
2024-25,25,242,740,Enzo Maresca,AM,Chelsea,6,5,0,2025-02-14T20:00:00Z,0,0,0,0,0,0,0,0,0.0,0.0,0.0,0.0,0.0,0.0,0.0,0.0,0,15
2024-25,25,243,741,Oliver Glasner,AM,Crystal Palace,7,8,1,2025-02-15T17:30:00Z,0,1,0,0,0,0,0,0,0.0,0.0,0.0,0.0,0.0,0.0,0.0,0.0,0,8
2024-25,25,243,742,David Moyes,AM,Everton,8,7,0,2025-02-15T17:30:00Z,0,8,0,0,0,0,0,0,0.0,0.0,0.0,0.0,0.0,0.0,0.0,0.0,0,5
2024-25,25,241,743,Kieran McKenna,AM,Ipswich,10,2,0,2025-02-15T15:00:00Z,0,9,0,0,0,0,0,0,0.0,0.0,0.0,0.0,0.0,0.0,0.0,0.0,0,5
2024-25,25,246,744,Arne Slot,AM,Liverpool,12,20,1,2025-02-16T14:00:00Z,0,8,0,0,0,0,0,0,0.0,0.0,0.0,0.0,0.0,0.0,0.0,0.0,0,15
2024-25,25,282,744,Arne Slot,AM,Liverpool,12,2,0,2025-02-19T19:30:00Z,0,5,0,0,0,0,0,0,0.0,0.0,0.0,0.0,0.0,0.0,0.0,0.0,0,15
2024-25,25,249,745,Ruben Filipe Marques Diogo Amorim,AM,Man Utd,14,18,0,2025-02-16T16:30:00Z,0,0,0,0,0,0,0,0,0.0,0.0,0.0,0.0,0.0,0.0,0.0,0.0,0,8
2024-25,25,247,746,Eddie Howe,AM,Newcastle,15,13,0,2025-02-15T15:00:00Z,0,0,0,0,0,0,0,0,0.0,0.0,0.0,0.0,0.0,0.0,0.0,0.0,0,15
2024-25,25,244,747,Nuno Herlander Simões Espírito Santo,AM,Nott'm Forest,16,9,0,2025-02-15T15:00:00Z,0,1,0,0,0,0,0,0,0.0,0.0,0.0,0.0,0.0,0.0,0.0,0.0,0,11
2024-25,25,248,748,Ivan Juric,AM,Southampton,17,3,1,2025-02-15T15:00:00Z,0,1,0,0,0,0,0,0,0.0,0.0,0.0,0.0,0.0,0.0,0.0,0.0,0,5
2024-25,25,249,749,Ange Postecoglou,AM,Spurs,18,14,1,2025-02-16T16:30:00Z,0,9,0,0,0,0,0,0,0.0,0.0,0.0,0.0,0.0,0.0,0.0,0.0,0,11
2024-25,25,250,750,Graham Potter,AM,West Ham,19,4,1,2025-02-15T15:00:00Z,0,0,0,0,0,0,0,0,0.0,0.0,0.0,0.0,0.0,0.0,0.0,0.0,0,5
2024-25,25,246,751,Vítor Manuel de Oliveira Lopes Pereira,AM,Wolves,20,12,0,2025-02-16T14:00:00Z,0,1,0,0,0,0,0,0,0.0,0.0,0.0,0.0,0.0,0.0,0.0,0.0,0,8
2024-25,25,250,752,Thomas Frank,AM,Brentford,4,19,0,2025-02-15T15:00:00Z,0,9,0,0,0,0,0,0,0.0,0.0,0.0,0.0,0.0,0.0,0.0,0.0,0,8
2024-25,25,244,753,Marco Alexandre Saraiva da Silva,AM,Fulham,9,16,1,2025-02-15T15:00:00Z,0,18,0,0,0,0,0,0,0.0,0.0,0.0,0.0,0.0,0.0,0.0,0.0,0,11
2024-25,25,245,754,Ruud van Nistelrooij,AM,Leicester,11,1,1,2025-02-15T12:30:00Z,0,0,0,0,0,0,0,0,0.0,0.0,0.0,0.0,0.0,0.0,0.0,0.0,0,5
2024-25,25,247,755,Omar Marmoush,FWD,Man City,13,15,1,2025-02-15T15:00:00Z,75,17,3,0,1,0,3,88,100.0,17.3,49.0,16.6,0.71,0.16,0.87,0.48,1,70
2024-25,25,245,756,Jack Porter,GK,Arsenal,1,11,0,2025-02-15T12:30:00Z,0,0,0,0,0,0,0,0,0.0,0.0,0.0,0.0,0.0,0.0,0.0,0.0,0,40
2024-25,25,250,757,Michael Kayode,DEF,Brentford,4,19,0,2025-02-15T15:00:00Z,1,1,0,0,0,0,0,3,0.0,0.0,0.0,0.0,0.0,0.0,0.0,0.0,0,45
2024-25,25,242,758,Joe Knight,MID,Brighton,5,6,1,2025-02-14T20:00:00Z,0,0,0,0,0,0,0,0,0.0,0.0,0.0,0.0,0.0,0.0,0.0,0.0,0,45
2024-25,25,250,759,Julian Eyestone,GK,Brentford,4,19,0,2025-02-15T15:00:00Z,0,0,0,0,0,0,0,0,0.0,0.0,0.0,0.0,0.0,0.0,0.0,0.0,0,40
2024-25,25,249,760,Dante Cassanova,DEF,Spurs,18,14,1,2025-02-16T16:30:00Z,0,0,0,0,0,0,0,0,0.0,0.0,0.0,0.0,0.0,0.0,0.0,0.0,0,40
2024-25,25,249,761,Elyh Harrison,GK,Man Utd,14,18,0,2025-02-16T16:30:00Z,0,0,0,0,0,0,0,0,0.0,0.0,0.0,0.0,0.0,0.0,0.0,0.0,0,40
2024-25,25,241,762,Marco Asensio,MID,Aston Villa,2,10,1,2025-02-15T15:00:00Z,27,1,0,0,0,0,0,3,7.6,18.3,30.0,5.6,0.37,0.08,0.45,0.0,0,60
2024-25,25,282,762,Marco Asensio,MID,Aston Villa,2,12,1,2025-02-19T19:30:00Z,66,2,0,0,0,2,0,7,5.4,2.7,4.0,1.2,0.0,0.01,0.01,1.68,1,60
2024-25,25,242,763,Eiran Cashin,DEF,Brighton,5,6,1,2025-02-14T20:00:00Z,0,0,0,0,0,0,0,0,0.0,0.0,0.0,0.0,0.0,0.0,0.0,0.0,0,45
2024-25,25,241,764,Alex Palmer,GK,Ipswich,10,2,0,2025-02-15T15:00:00Z,90,4,0,0,0,1,0,17,44.4,0.0,0.0,4.4,0.0,0.0,0.0,2.42,1,45
2024-25,25,247,765,Nico González,MID,Man City,13,15,1,2025-02-15T15:00:00Z,90,3,0,0,1,0,0,14,16.2,9.5,0.0,2.6,0.0,0.04,0.04,0.48,1,60
2024-25,25,249,766,Patrick Dorgu,DEF,Man Utd,14,18,0,2025-02-16T16:30:00Z,90,1,0,0,0,1,0,14,13.8,27.3,6.0,4.7,0.03,0.06,0.09,2.23,1,45
2024-25,25,249,767,Kevin Danso,DEF,Spurs,18,14,1,2025-02-16T16:30:00Z,77,6,0,0,1,0,0,27,17.6,16.4,6.0,4.0,0.04,0.03,0.07,1.24,1,45
2024-25,25,249,768,Mathys Tel,MID,Spurs,18,14,1,2025-02-16T16:30:00Z,90,3,0,0,1,0,0,7,7.4,15.8,66.0,8.9,0.72,0.06,0.78,1.52,1,60
2024-25,25,246,769,Nasser Djiga,DEF,Wolves,20,12,0,2025-02-16T14:00:00Z,0,0,0,0,0,0,0,0,0.0,0.0,0.0,0.0,0.0,0.0,0.0,0.0,0,45
2024-25,25,246,770,Marshall Munetsi,MID,Wolves,20,12,0,2025-02-16T14:00:00Z,45,1,0,0,0,0,0,0,4.4,0.3,20.0,2.5,0.6,0.01,0.6,0.0,0,50
2024-25,25,242,771,Mathis Amougou,MID,Chelsea,6,5,0,2025-02-14T20:00:00Z,0,0,0,0,0,0,0,0,0.0,0.0,0.0,0.0,0.0,0.0,0.0,0.0,0,45
2024-25,25,244,772,Willian Borges da Silva,MID,Fulham,9,16,1,2025-02-15T15:00:00Z,1,1,0,0,0,0,0,4,2.2,11.8,4.0,1.8,0.0,0.07,0.07,0.03,0,50
2024-25,25,243,773,Isaac Heath,MID,Everton,8,7,0,2025-02-15T17:30:00Z,0,0,0,0,0,0,0,0,0.0,0.0,0.0,0.0,0.0,0.0,0.0,0.0,0,45
2024-25,25,242,774,Aaron Anselmino,DEF,Chelsea,6,5,0,2025-02-14T20:00:00Z,0,0,0,0,0,0,0,0,0.0,0.0,0.0,0.0,0.0,0.0,0.0,0.0,0,40
2024-25,25,243,775,Coby Ebere,MID,Everton,8,7,0,2025-02-15T17:30:00Z,0,0,0,0,0,0,0,0,0.0,0.0,0.0,0.0,0.0,0.0,0.0,0.0,0,45
2024-25,25,249,776,Chido Obi-Martin,FWD,Man Utd,14,18,0,2025-02-16T16:30:00Z,1,1,0,0,0,0,0,3,0.0,0.0,0.0,0.0,0.0,0.0,0.0,0.09,0,45
2024-25,25,249,777,Tyler Fredricson,DEF,Man Utd,14,18,0,2025-02-16T16:30:00Z,0,0,0,0,0,0,0,0,0.0,0.0,0.0,0.0,0.0,0.0,0.0,0.0,0,40
2024-25,25,249,778,Jack Moorhouse,MID,Man Utd,14,18,0,2025-02-16T16:30:00Z,0,0,0,0,0,0,0,0,0.0,0.0,0.0,0.0,0.0,0.0,0.0,0.0,0,45
2024-25,25,249,779,Sékou Koné,MID,Man Utd,14,18,0,2025-02-16T16:30:00Z,0,0,0,0,0,0,0,0,0.0,0.0,0.0,0.0,0.0,0.0,0.0,0.0,0,45
