season,gw,element,name,position,team,team_id,opponent_team,was_home,kickoff_time,minutes,total_points,goals_scored,assists,clean_sheets,goals_conceded,bonus,bps,influence,creativity,threat,ict_index,expected_goals,expected_assists,expected_goal_involvements,expected_goals_conceded,starts,value
2024-25,26,1,Fábio Ferreira Vieira,MID,Arsenal,1,19,1,2025-02-22T15:00:00Z,0,0,0,0,0,0,0,0,0.0,0.0,0.0,0.0,0.0,0.0,0.0,0.0,0,54
2024-25,26,2,Gabriel Fernando de Jesus,FWD,Arsenal,1,19,1,2025-02-22T15:00:00Z,0,0,0,0,0,0,0,0,0.0,0.0,0.0,0.0,0.0,0.0,0.0,0.0,0,65
2024-25,26,3,Gabriel dos Santos Magalhães,DEF,Arsenal,1,19,1,2025-02-22T15:00:00Z,90,2,0,0,0,1,0,9,9.8,5.0,13.0,2.8,0.14,0.09,0.23,1.07,1,63
2024-25,26,4,Kai Havertz,FWD,Arsenal,1,19,1,2025-02-22T15:00:00Z,0,0,0,0,0,0,0,0,0.0,0.0,0.0,0.0,0.0,0.0,0.0,0.0,0,78
2024-25,26,5,Karl Hein,GK,Arsenal,1,19,1,2025-02-22T15:00:00Z,0,0,0,0,0,0,0,0,0.0,0.0,0.0,0.0,0.0,0.0,0.0,0.0,0,40
2024-25,26,6,Jurriën Timber,DEF,Arsenal,1,19,1,2025-02-22T15:00:00Z,90,2,0,0,0,1,0,12,15.0,17.8,8.0,4.1,0.0,0.04,0.04,1.07,1,56
2024-25,26,7,Jorge Luiz Frello Filho,MID,Arsenal,1,19,1,2025-02-22T15:00:00Z,0,0,0,0,0,0,0,0,0.0,0.0,0.0,0.0,0.0,0.0,0.0,0.0,0,47
2024-25,26,8,Jakub Kiwior,DEF,Arsenal,1,19,1,2025-02-22T15:00:00Z,0,0,0,0,0,0,0,0,0.0,0.0,0.0,0.0,0.0,0.0,0.0,0.0,0,48
2024-25,26,9,Gabriel Martinelli Silva,MID,Arsenal,1,19,1,2025-02-22T15:00:00Z,0,0,0,0,0,0,0,0,0.0,0.0,0.0,0.0,0.0,0.0,0.0,0.0,0,66
2024-25,26,10,Reiss Nelson,MID,Fulham,9,7,1,2025-02-22T15:00:00Z,0,0,0,0,0,0,0,0,0.0,0.0,0.0,0.0,0.0,0.0,0.0,0.0,0,50
2024-25,26,11,Eddie Nketiah,FWD,Crystal Palace,7,9,0,2025-02-22T15:00:00Z,0,0,0,0,0,0,0,0,0.0,0.0,0.0,0.0,0.0,0.0,0.0,0.0,0,59
2024-25,26,12,Ethan Nwaneri,MID,Arsenal,1,19,1,2025-02-22T15:00:00Z,80,2,0,0,0,1,0,5,7.6,22.7,9.0,3.9,0.01,0.11,0.12,1.07,1,46
2024-25,26,13,Martin Ødegaard,MID,Arsenal,1,19,1,2025-02-22T15:00:00Z,90,2,0,0,0,1,0,12,11.8,51.9,11.0,7.5,0.08,0.22,0.3,1.07,1,82
2024-25,26,14,Aaron Ramsdale,GK,Southampton,17,5,1,2025-02-22T15:00:00Z,90,1,0,0,0,4,0,7,64.2,0.0,0.0,6.4,0.0,0.0,0.0,3.97,1,44
2024-25,26,15,David Raya Martin,GK,Arsenal,1,19,1,2025-02-22T15:00:00Z,90,2,0,0,0,1,0,13,16.6,0.3,0.0,1.7,0.0,0.0,0.0,1.07,1,55
2024-25,26,16,Declan Rice,MID,Arsenal,1,19,1,2025-02-22T15:00:00Z,55,1,0,0,0,1,0,9,13.4,32.5,7.0,5.3,0.02,0.17,0.19,1.04,1,62
2024-25,26,17,Bukayo Saka,MID,Arsenal,1,19,1,2025-02-22T15:00:00Z,0,0,0,0,0,0,0,0,0.0,0.0,0.0,0.0,0.0,0.0,0.0,0.0,0,102
2024-25,26,18,William Saliba,DEF,Arsenal,1,19,1,2025-02-22T15:00:00Z,85,2,0,0,0,1,0,9,10.0,4.4,0.0,1.4,0.0,0.02,0.02,1.07,1,62
2024-25,26,19,Emile Smith Rowe,MID,Fulham,9,7,1,2025-02-22T15:00:00Z,57,1,0,0,0,1,0,3,0.0,3.6,6.0,0.8,0.01,0.01,0.02,0.24,1,52
2024-25,26,20,Thomas Partey,MID,Arsenal,1,19,1,2025-02-22T15:00:00Z,90,1,0,0,0,1,0,16,21.6,28.1,0.0,5.0,0.0,0.4,0.4,1.07,1,49
2024-25,26,21,Kieran Tierney,DEF,Arsenal,1,19,1,2025-02-22T15:00:00Z,0,0,0,0,0,0,0,0,0.0,0.0,0.0,0.0,0.0,0.0,0.0,0.0,0,43
2024-25,26,22,Tomiyasu Takehiro,DEF,Arsenal,1,19,1,2025-02-22T15:00:00Z,0,0,0,0,0,0,0,0,0.0,0.0,0.0,0.0,0.0,0.0,0.0,0.0,0,48
2024-25,26,23,Leandro Trossard,MID,Arsenal,1,19,1,2025-02-22T15:00:00Z,90,2,0,0,0,1,0,12,6.2,39.2,44.0,8.9,0.31,0.22,0.53,1.07,1,69
2024-25,26,24,Benjamin White,DEF,Arsenal,1,19,1,2025-02-22T15:00:00Z,4,1,0,0,0,0,0,2,0.0,2.0,6.0,0.7,0.06,0.01,0.07,0.0,0,61
2024-25,26,25,Oleksandr Zinchenko,DEF,Arsenal,1,19,1,2025-02-22T15:00:00Z,34,1,0,0,0,0,0,5,3.0,5.0,12.0,2.0,0.1,0.03,0.13,0.03,0,48
2024-25,26,26,Álex Moreno Lopera,DEF,Nott'm Forest,16,15,0,2025-02-23T14:00:00Z,0,0,0,0,0,0,0,0,0.0,0.0,0.0,0.0,0.0,0.0,0.0,0.0,0,42
2024-25,26,27,Cameron Archer,FWD,Southampton,17,5,1,2025-02-22T15:00:00Z,71,2,0,0,0,3,0,4,0.0,1.8,1.0,0.2,0.05,0.0,0.05,2.45,1,50
2024-25,26,28,Leon Bailey,MID,Aston Villa,2,6,1,2025-02-22T17:30:00Z,13,1,0,0,0,0,0,6,4.2,0.8,39.0,4.4,0.12,0.0,0.12,0.02,0,62
2024-25,26,29,Ross Barkley,MID,Aston Villa,2,6,1,2025-02-22T17:30:00Z,0,0,0,0,0,0,0,0,0.0,0.0,0.0,0.0,0.0,0.0,0.0,0.0,0,52
2024-25,26,30,Enzo Barrenechea,MID,Aston Villa,2,6,1,2025-02-22T17:30:00Z,0,0,0,0,0,0,0,0,0.0,0.0,0.0,0.0,0.0,0.0,0.0,0.0,0,49
2024-25,26,31,Emiliano Buendía Stati,MID,Aston Villa,2,6,1,2025-02-22T17:30:00Z,0,0,0,0,0,0,0,0,0.0,0.0,0.0,0.0,0.0,0.0,0.0,0.0,0,51
2024-25,26,32,Matty Cash,DEF,Aston Villa,2,6,1,2025-02-22T17:30:00Z,69,2,0,0,0,1,0,1,1.0,1.7,2.0,0.5,0.0,0.01,0.01,2.0,1,44
2024-25,26,33,Leander Dendoncker,MID,Aston Villa,2,6,1,2025-02-22T17:30:00Z,0,0,0,0,0,0,0,0,0.0,0.0,0.0,0.0,0.0,0.0,0.0,0.0,0,45
2024-25,26,34,Moussa Diaby,MID,Aston Villa,2,6,1,2025-02-22T17:30:00Z,0,0,0,0,0,0,0,0,0.0,0.0,0.0,0.0,0.0,0.0,0.0,0.0,0,65
2024-25,26,35,Diego Carlos Santos Silva,DEF,Aston Villa,2,6,1,2025-02-22T17:30:00Z,0,0,0,0,0,0,0,0,0.0,0.0,0.0,0.0,0.0,0.0,0.0,0.0,0,45
2024-25,26,36,Lucas Digne,DEF,Aston Villa,2,6,1,2025-02-22T17:30:00Z,0,0,0,0,0,0,0,0,0.0,0.0,0.0,0.0,0.0,0.0,0.0,0.0,0,46
2024-25,26,37,Lewis Dobbin,MID,Aston Villa,2,6,1,2025-02-22T17:30:00Z,0,0,0,0,0,0,0,0,0.0,0.0,0.0,0.0,0.0,0.0,0.0,0.0,0,50
2024-25,26,38,Jhon Durán,FWD,Aston Villa,2,6,1,2025-02-22T17:30:00Z,0,0,0,0,0,0,0,0,0.0,0.0,0.0,0.0,0.0,0.0,0.0,0.0,0,57
2024-25,26,39,Joe Gauci,GK,Aston Villa,2,6,1,2025-02-22T17:30:00Z,0,0,0,0,0,0,0,0,0.0,0.0,0.0,0.0,0.0,0.0,0.0,0.0,0,40
2024-25,26,40,Kortney Hause,DEF,Aston Villa,2,6,1,2025-02-22T17:30:00Z,0,0,0,0,0,0,0,0,0.0,0.0,0.0,0.0,0.0,0.0,0.0,0.0,0,39
2024-25,26,41,Samuel Iling-Junior,MID,Aston Villa,2,6,1,2025-02-22T17:30:00Z,0,0,0,0,0,0,0,0,0.0,0.0,0.0,0.0,0.0,0.0,0.0,0.0,0,54
2024-25,26,42,Boubacar Kamara,MID,Aston Villa,2,6,1,2025-02-22T17:30:00Z,0,0,0,0,0,0,0,0,0.0,0.0,0.0,0.0,0.0,0.0,0.0,0.0,0,50
2024-25,26,43,Kaine Kesler-Hayden,DEF,Aston Villa,2,6,1,2025-02-22T17:30:00Z,0,0,0,0,0,0,0,0,0.0,0.0,0.0,0.0,0.0,0.0,0.0,0.0,0,40
2024-25,26,44,Ezri Konsa Ngoyo,DEF,Aston Villa,2,6,1,2025-02-22T17:30:00Z,90,2,0,0,0,1,0,12,20.8,1.6,0.0,2.2,0.0,0.01,0.01,2.3,1,44
2024-25,26,45,Ian Maatsen,DEF,Aston Villa,2,6,1,2025-02-22T17:30:00Z,90,2,0,0,0,1,0,8,14.4,6.8,6.0,2.7,0.0,0.05,0.05,2.3,1,45
2024-25,26,46,Filip Marschall,GK,Aston Villa,2,6,1,2025-02-22T17:30:00Z,0,0,0,0,0,0,0,0,0.0,0.0,0.0,0.0,0.0,0.0,0.0,0.0,0,40
2024-25,26,47,Emiliano Martínez Romero,GK,Aston Villa,2,6,1,2025-02-22T17:30:00Z,90,3,0,0,0,1,0,17,31.8,0.0,0.0,3.2,0.0,0.0,0.0,2.3,1,50
2024-25,26,48,John McGinn,MID,Aston Villa,2,6,1,2025-02-22T17:30:00Z,90,1,0,0,0,1,0,9,6.2,2.5,1.0,1.0,0.04,0.02,0.06,2.3,1,52
2024-25,26,49,Tyrone Mings,DEF,Aston Villa,2,6,1,2025-02-22T17:30:00Z,59,1,0,0,0,1,0,9,11.8,1.8,2.0,1.6,0.0,0.01,0.01,1.78,1,44
2024-25,26,50,Kosta Nedeljković,DEF,Aston Villa,2,6,1,2025-02-22T17:30:00Z,0,0,0,0,0,0,0,0,0.0,0.0,0.0,0.0,0.0,0.0,0.0,0.0,0,39
2024-25,26,51,Robin Olsen,GK,Aston Villa,2,6,1,2025-02-22T17:30:00Z,0,0,0,0,0,0,0,0,0.0,0.0,0.0,0.0,0.0,0.0,0.0,0.0,0,45
2024-25,26,52,Pau Torres,DEF,Aston Villa,2,6,1,2025-02-22T17:30:00Z,0,0,0,0,0,0,0,0,0.0,0.0,0.0,0.0,0.0,0.0,0.0,0.0,0,42
2024-25,26,53,Jacob Ramsey,MID,Aston Villa,2,6,1,2025-02-22T17:30:00Z,45,1,0,0,0,1,0,4,0.4,1.8,6.0,0.8,0.0,0.05,0.05,1.53,1,54
2024-25,26,54,Morgan Rogers,MID,Aston Villa,2,6,1,2025-02-22T17:30:00Z,77,2,0,0,0,1,0,10,8.4,16.9,10.0,3.5,0.0,0.19,0.19,2.29,1,57
2024-25,26,55,Viljami Sinisalo,GK,Aston Villa,2,6,1,2025-02-22T17:30:00Z,0,0,0,0,0,0,0,0,0.0,0.0,0.0,0.0,0.0,0.0,0.0,0.0,0,40
2024-25,26,56,Lino da Cruz Sousa,DEF,Aston Villa,2,6,1,2025-02-22T17:30:00Z,0,0,0,0,0,0,0,0,0.0,0.0,0.0,0.0,0.0,0.0,0.0,0.0,0,40
2024-25,26,57,Youri Tielemans,MID,Aston Villa,2,6,1,2025-02-22T17:30:00Z,90,2,0,0,0,1,0,22,26.6,30.4,4.0,6.1,0.0,0.37,0.37,2.3,1,55
2024-25,26,58,Ollie Watkins,FWD,Aston Villa,2,6,1,2025-02-22T17:30:00Z,76,2,0,0,0,1,0,7,5.0,2.0,65.0,7.2,0.81,0.0,0.81,2.29,1,89
2024-25,26,59,Max Aarons,DEF,Bournemouth,3,20,1,2025-02-22T15:00:00Z,0,0,0,0,0,0,0,0,0.0,0.0,0.0,0.0,0.0,0.0,0.0,0.0,0,43
2024-25,26,60,Tyler Adams,MID,Bournemouth,3,20,1,2025-02-22T15:00:00Z,30,1,0,0,0,0,0,0,5.8,0.9,0.0,0.7,0.0,0.01,0.01,0.72,0,49
2024-25,26,61,Jaidon Anthony,MID,Bournemouth,3,20,1,2025-02-22T15:00:00Z,0,0,0,0,0,0,0,0,0.0,0.0,0.0,0.0,0.0,0.0,0.0,0.0,0,45
2024-25,26,62,David Brooks,MID,Bournemouth,3,20,1,2025-02-22T15:00:00Z,30,1,0,0,0,0,0,-2,1.8,1.1,4.0,0.7,0.0,0.02,0.02,0.72,0,49
2024-25,26,63,Ryan Christie,MID,Bournemouth,3,20,1,2025-02-22T15:00:00Z,59,1,0,0,0,1,0,5,10.0,25.2,6.0,4.1,0.13,0.01,0.14,1.28,1,49
2024-25,26,64,Lewis Cook,MID,Bournemouth,3,20,1,2025-02-22T15:00:00Z,90,2,0,0,0,1,0,19,14.4,1.8,0.0,1.6,0.0,0.01,0.01,2.0,1,50
2024-25,26,65,Enes Ünal,FWD,Bournemouth,3,20,1,2025-02-22T15:00:00Z,0,0,0,0,0,0,0,0,0.0,0.0,0.0,0.0,0.0,0.0,0.0,0.0,0,54
2024-25,26,66,Romain Faivre,MID,Bournemouth,3,20,1,2025-02-22T15:00:00Z,0,0,0,0,0,0,0,0,0.0,0.0,0.0,0.0,0.0,0.0,0.0,0.0,0,50
2024-25,26,67,Hamed Traorè,MID,Bournemouth,3,20,1,2025-02-22T15:00:00Z,0,0,0,0,0,0,0,0,0.0,0.0,0.0,0.0,0.0,0.0,0.0,0.0,0,45
2024-25,26,68,James Hill,DEF,Bournemouth,3,20,1,2025-02-22T15:00:00Z,59,1,0,0,0,1,0,0,6.6,1.1,6.0,1.4,0.04,0.01,0.05,1.28,1,39
2024-25,26,69,Daniel Jebbison,FWD,Bournemouth,3,20,1,2025-02-22T15:00:00Z,1,1,0,0,0,0,0,3,0.0,0.0,0.0,0.0,0.0,0.0,0.0,0.06,0,45
2024-25,26,70,Milos Kerkez,DEF,Bournemouth,3,20,1,2025-02-22T15:00:00Z,90,1,0,0,0,1,0,3,12.6,6.8,8.0,2.7,0.0,0.06,0.06,2.0,1,50
2024-25,26,71,Justin Kluivert,MID,Bournemouth,3,20,1,2025-02-22T15:00:00Z,72,2,0,0,0,1,0,3,7.2,15.9,19.0,4.2,0.31,0.06,0.37,1.91,1,60
2024-25,26,72,Chris Mepham,DEF,Bournemouth,3,20,1,2025-02-22T15:00:00Z,0,0,0,0,0,0,0,0,0.0,0.0,0.0,0.0,0.0,0.0,0.0,0.0,0,44
2024-25,26,73,Norberto Murara Neto,GK,Arsenal,1,19,1,2025-02-22T15:00:00Z,0,0,0,0,0,0,0,0,0.0,0.0,0.0,0.0,0.0,0.0,0.0,0.0,0,41
2024-25,26,74,Dango Ouattara,MID,Bournemouth,3,20,1,2025-02-22T15:00:00Z,88,2,0,0,0,1,0,13,21.0,26.1,28.0,7.5,0.07,0.11,0.18,1.94,1,51
2024-25,26,75,Alex Paulsen,GK,Bournemouth,3,20,1,2025-02-22T15:00:00Z,0,0,0,0,0,0,0,0,0.0,0.0,0.0,0.0,0.0,0.0,0.0,0.0,0,40
2024-25,26,76,Philip Billing,MID,Bournemouth,3,20,1,2025-02-22T15:00:00Z,0,0,0,0,0,0,0,0,0.0,0.0,0.0,0.0,0.0,0.0,0.0,0.0,0,48
2024-25,26,77,Alex Scott,MID,Bournemouth,3,20,1,2025-02-22T15:00:00Z,17,0,0,0,0,0,0,0,0.2,1.1,0.0,0.1,0.0,0.0,0.0,0.08,0,47
2024-25,26,78,Antoine Semenyo,MID,Bournemouth,3,20,1,2025-02-22T15:00:00Z,90,2,0,0,0,1,0,5,8.8,15.0,13.0,3.7,0.06,0.32,0.38,2.0,1,57
2024-25,26,79,Marcos Senesi,DEF,Bournemouth,3,20,1,2025-02-22T15:00:00Z,0,0,0,0,0,0,0,0,0.0,0.0,0.0,0.0,0.0,0.0,0.0,0.0,0,46
2024-25,26,80,Luis Sinisterra,MID,Bournemouth,3,20,1,2025-02-22T15:00:00Z,0,0,0,0,0,0,0,0,0.0,0.0,0.0,0.0,0.0,0.0,0.0,0.0,0,48
2024-25,26,81,Adam Smith,DEF,Bournemouth,3,20,1,2025-02-22T15:00:00Z,0,0,0,0,0,0,0,0,0.0,0.0,0.0,0.0,0.0,0.0,0.0,0.0,0,44
2024-25,26,82,Dominic Solanke-Mitchell,FWD,Spurs,18,10,0,2025-02-22T15:00:00Z,0,0,0,0,0,0,0,0,0.0,0.0,0.0,0.0,0.0,0.0,0.0,0.0,0,73
2024-25,26,83,Marcus Tavernier,MID,Bournemouth,3,20,1,2025-02-22T15:00:00Z,90,2,0,0,0,1,0,8,8.8,7.2,11.0,2.7,0.01,0.02,0.03,2.0,1,54
2024-25,26,84,Mark Travers,GK,Bournemouth,3,20,1,2025-02-22T15:00:00Z,0,0,0,0,0,0,0,0,0.0,0.0,0.0,0.0,0.0,0.0,0.0,0.0,0,44
2024-25,26,85,Illia Zabarnyi,DEF,Bournemouth,3,20,1,2025-02-22T15:00:00Z,30,-2,0,0,0,1,0,-9,0.0,0.4,0.0,0.0,0.0,0.0,0.0,0.46,1,44
2024-25,26,86,Kristoffer Ajer,DEF,Brentford,4,11,0,2025-02-21T20:00:00Z,83,6,0,0,1,0,0,28,16.2,16.7,5.0,3.8,0.02,0.05,0.07,0.46,1,44
2024-25,26,87,Ethan Brierley,MID,Brentford,4,11,0,2025-02-21T20:00:00Z,0,0,0,0,0,0,0,0,0.0,0.0,0.0,0.0,0.0,0.0,0.0,0.0,0,44
2024-25,26,88,Nathan Collins,DEF,Brentford,4,11,0,2025-02-21T20:00:00Z,90,6,0,0,1,0,0,32,32.2,1.3,0.0,3.4,0.0,0.01,0.01,0.51,1,45
2024-25,26,89,Mikkel Damsgaard,MID,Brentford,4,11,0,2025-02-21T20:00:00Z,71,10,0,2,1,0,1,35,50.0,53.3,10.0,11.3,0.0,0.5,0.5,0.45,1,50
2024-25,26,90,Josh Dasilva,MID,Brentford,4,11,0,2025-02-21T20:00:00Z,0,0,0,0,0,0,0,0,0.0,0.0,0.0,0.0,0.0,0.0,0.0,0.0,0,48
2024-25,26,91,Mark Flekken,GK,Brentford,4,11,0,2025-02-21T20:00:00Z,90,7,0,0,1,0,0,31,32.8,10.0,0.0,4.3,0.0,0.01,0.01,0.51,1,44
2024-25,26,92,Rico Henry,DEF,Brentford,4,11,0,2025-02-21T20:00:00Z,0,0,0,0,0,0,0,0,0.0,0.0,0.0,0.0,0.0,0.0,0.0,0.0,0,43
2024-25,26,93,Aaron Hickey,DEF,Brentford,4,11,0,2025-02-21T20:00:00Z,0,0,0,0,0,0,0,0,0.0,0.0,0.0,0.0,0.0,0.0,0.0,0.0,0,43
2024-25,26,94,Vitaly Janelt,MID,Brentford,4,11,0,2025-02-21T20:00:00Z,72,3,0,0,1,0,0,9,5.2,2.9,0.0,0.8,0.0,0.03,0.03,0.45,1,49
2024-25,26,95,Mathias Jensen,MID,Brentford,4,11,0,2025-02-21T20:00:00Z,0,0,0,0,0,0,0,0,0.0,0.0,0.0,0.0,0.0,0.0,0.0,0.0,0,53
2024-25,26,96,Kim Ji-soo,DEF,Brentford,4,11,0,2025-02-21T20:00:00Z,0,0,0,0,0,0,0,0,0.0,0.0,0.0,0.0,0.0,0.0,0.0,0.0,0,39
2024-25,26,97,Yunus Emre Konak,MID,Brentford,4,11,0,2025-02-21T20:00:00Z,3,1,0,0,0,0,0,7,4.0,1.3,0.0,0.5,0.0,0.0,0.0,0.0,0,44
2024-25,26,98,Keane Lewis-Potter,MID,Brentford,4,11,0,2025-02-21T20:00:00Z,90,3,0,0,1,0,0,17,17.4,41.1,6.0,6.5,0.0,0.3,0.3,0.51,1,50
2024-25,26,99,Bryan Mbeumo,MID,Brentford,4,11,0,2025-02-21T20:00:00Z,90,14,1,1,1,0,3,44,61.2,35.6,62.0,15.9,0.19,0.71,0.9,0.51,1,79
2024-25,26,100,Ben Mee,DEF,Brentford,4,11,0,2025-02-21T20:00:00Z,0,0,0,0,0,0,0,0,0.0,0.0,0.0,0.0,0.0,0.0,0.0,0.0,0,42
2024-25,26,101,Christian Nørgaard,MID,Brentford,4,11,0,2025-02-21T20:00:00Z,45,6,1,0,0,0,0,26,37.4,2.1,33.0,7.3,0.24,0.01,0.25,0.42,1,48
2024-25,26,102,Frank Onyeka,MID,Brentford,4,11,0,2025-02-21T20:00:00Z,0,0,0,0,0,0,0,0,0.0,0.0,0.0,0.0,0.0,0.0,0.0,0.0,0,49
2024-25,26,103,Myles Peart-Harris,MID,Brentford,4,11,0,2025-02-21T20:00:00Z,0,0,0,0,0,0,0,0,0.0,0.0,0.0,0.0,0.0,0.0,0.0,0.0,0,45
2024-25,26,104,Ethan Pinnock,DEF,Brentford,4,11,0,2025-02-21T20:00:00Z,90,6,0,0,1,0,0,29,19.6,1.0,2.0,2.3,0.0,0.0,0.0,0.51,1,44
2024-25,26,105,Mads Roerslev Rasmussen,DEF,Brentford,4,11,0,2025-02-21T20:00:00Z,0,0,0,0,0,0,0,0,0.0,0.0,0.0,0.0,0.0,0.0,0.0,0.0,0,43
2024-25,26,106,Kevin Schade,MID,Brentford,4,11,0,2025-02-21T20:00:00Z,86,3,0,0,1,0,0,10,2.4,3.1,17.0,2.3,0.21,0.03,0.24,0.51,1,51
2024-25,26,107,Igor Thiago Nascimento Rodrigues,FWD,Brentford,4,11,0,2025-02-21T20:00:00Z,0,0,0,0,0,0,0,0,0.0,0.0,0.0,0.0,0.0,0.0,0.0,0.0,0,59
2024-25,26,108,Ivan Toney,FWD,Brentford,4,11,0,2025-02-21T20:00:00Z,0,0,0,0,0,0,0,0,0.0,0.0,0.0,0.0,0.0,0.0,0.0,0.0,0,73
2024-25,26,109,Hákon Valdimarsson,GK,Brentford,4,11,0,2025-02-21T20:00:00Z,0,0,0,0,0,0,0,0,0.0,0.0,0.0,0.0,0.0,0.0,0.0,0.0,0,39
2024-25,26,110,Yoane Wissa,FWD,Brentford,4,11,0,2025-02-21T20:00:00Z,90,8,1,0,1,0,2,37,34.8,1.8,38.0,7.5,0.58,0.02,0.59,0.51,1,63
2024-25,26,111,Yehor Yarmoliuk,MID,Brentford,4,11,0,2025-02-21T20:00:00Z,45,1,0,0,0,0,0,15,11.0,14.6,33.0,5.9,0.08,0.01,0.09,0.1,0,44
2024-25,26,112,Mathias Jorgensen,DEF,Brentford,4,11,0,2025-02-21T20:00:00Z,0,0,0,0,0,0,0,0,0.0,0.0,0.0,0.0,0.0,0.0,0.0,0.0,0,45
2024-25,26,113,Simon Adingra,MID,Brighton,5,17,0,2025-02-22T15:00:00Z,11,1,0,0,0,0,0,6,4.2,12.3,17.0,3.4,0.04,0.16,0.2,0.0,0,51
2024-25,26,114,Benicio Baker-Boaitey,MID,Brighton,5,17,0,2025-02-22T15:00:00Z,0,0,0,0,0,0,0,0,0.0,0.0,0.0,0.0,0.0,0.0,0.0,0.0,0,45
2024-25,26,115,Carlos Baleba,MID,Brighton,5,17,0,2025-02-22T15:00:00Z,90,3,0,0,1,0,0,18,18.0,25.6,38.0,8.2,1.11,0.25,1.36,0.13,1,50
2024-25,26,116,Valentín Barco,DEF,Brighton,5,17,0,2025-02-22T15:00:00Z,0,0,0,0,0,0,0,0,0.0,0.0,0.0,0.0,0.0,0.0,0.0,0.0,0,40
2024-25,26,117,Facundo Buonanotte,MID,Leicester,11,4,1,2025-02-21T20:00:00Z,35,0,0,0,0,1,0,-1,0.0,1.7,8.0,0.9,0.1,0.01,0.11,0.56,0,47
2024-25,26,118,Amario Cozier-Duberry,MID,Brighton,5,17,0,2025-02-22T15:00:00Z,0,0,0,0,0,0,0,0,0.0,0.0,0.0,0.0,0.0,0.0,0.0,0.0,0,45
2024-25,26,119,Mahmoud Dahoud,MID,Brighton,5,17,0,2025-02-22T15:00:00Z,0,0,0,0,0,0,0,0,0.0,0.0,0.0,0.0,0.0,0.0,0.0,0.0,0,49
2024-25,26,120,Lewis Dunk,DEF,Brighton,5,17,0,2025-02-22T15:00:00Z,0,0,0,0,0,0,0,0,0.0,0.0,0.0,0.0,0.0,0.0,0.0,0.0,0,42
2024-25,26,121,Julio Enciso,MID,Ipswich,10,18,1,2025-02-22T15:00:00Z,0,0,0,0,0,0,0,0,0.0,0.0,0.0,0.0,0.0,0.0,0.0,0.0,0,54
2024-25,26,122,Pervis Estupiñán,DEF,Brighton,5,17,0,2025-02-22T15:00:00Z,23,1,0,0,0,0,0,3,3.6,0.8,0.0,0.4,0.0,0.0,0.0,0.09,0,49
2024-25,26,123,Evan Ferguson,FWD,West Ham,19,1,0,2025-02-22T15:00:00Z,8,1,0,0,0,0,0,2,1.2,0.0,4.0,0.5,0.0,0.0,0.0,0.39,0,55
2024-25,26,124,Billy Gilmour,MID,Brighton,5,17,0,2025-02-22T15:00:00Z,0,0,0,0,0,0,0,0,0.0,0.0,0.0,0.0,0.0,0.0,0.0,0.0,0,50
2024-25,26,125,Pascal Groß,MID,Brighton,5,17,0,2025-02-22T15:00:00Z,0,0,0,0,0,0,0,0,0.0,0.0,0.0,0.0,0.0,0.0,0.0,0.0,0,65
2024-25,26,126,Jack Hinshelwood,MID,Brighton,5,17,0,2025-02-22T15:00:00Z,82,10,1,0,1,0,2,33,44.2,1.6,19.0,6.5,0.09,0.01,0.1,0.13,1,49
2024-25,26,127,Ibrahim Osman,MID,Brighton,5,17,0,2025-02-22T15:00:00Z,0,0,0,0,0,0,0,0,0.0,0.0,0.0,0.0,0.0,0.0,0.0,0.0,0,50
2024-25,26,128,Igor Julio dos Santos de Paulo,DEF,Brighton,5,17,0,2025-02-22T15:00:00Z,0,0,0,0,0,0,0,0,0.0,0.0,0.0,0.0,0.0,0.0,0.0,0.0,0,43
2024-25,26,129,João Pedro Junqueira de Jesus,FWD,Brighton,5,17,0,2025-02-22T15:00:00Z,90,12,1,1,1,0,3,51,52.6,26.5,29.0,10.8,0.57,0.02,0.59,0.13,1,54
2024-25,26,130,Kacper Kozłowski,MID,Brighton,5,17,0,2025-02-22T15:00:00Z,0,0,0,0,0,0,0,0,0.0,0.0,0.0,0.0,0.0,0.0,0.0,0.0,0,45
2024-25,26,131,Tariq Lamptey,DEF,Brighton,5,17,0,2025-02-22T15:00:00Z,66,6,0,0,1,0,0,20,10.8,1.7,2.0,1.5,0.0,0.0,0.0,0.04,1,44
2024-25,26,132,Solly March,MID,Brighton,5,17,0,2025-02-22T15:00:00Z,0,0,0,0,0,0,0,0,0.0,0.0,0.0,0.0,0.0,0.0,0.0,0.0,0,65
2024-25,26,133,Adrian Mazilu,MID,Brighton,5,17,0,2025-02-22T15:00:00Z,0,0,0,0,0,0,0,0,0.0,0.0,0.0,0.0,0.0,0.0,0.0,0.0,0,45
2024-25,26,134,James Milner,MID,Brighton,5,17,0,2025-02-22T15:00:00Z,0,0,0,0,0,0,0,0,0.0,0.0,0.0,0.0,0.0,0.0,0.0,0.0,0,50
2024-25,26,135,Yankuba Minteh,MID,Brighton,5,17,0,2025-02-22T15:00:00Z,90,6,0,1,1,0,0,20,32.6,11.8,68.0,11.2,0.37,0.33,0.7,0.13,1,50
2024-25,26,136,Mitoma Kaoru,MID,Brighton,5,17,0,2025-02-22T15:00:00Z,78,8,1,0,1,0,0,26,43.8,6.2,26.0,7.6,0.94,0.02,0.96,0.13,1,64
2024-25,26,137,Jakub Moder,MID,Brighton,5,17,0,2025-02-22T15:00:00Z,0,0,0,0,0,0,0,0,0.0,0.0,0.0,0.0,0.0,0.0,0.0,0.0,0,44
2024-25,26,138,Mark O’Mahony,FWD,Brighton,5,17,0,2025-02-22T15:00:00Z,0,0,0,0,0,0,0,0,0.0,0.0,0.0,0.0,0.0,0.0,0.0,0.0,0,45
2024-25,26,139,Odeluga Offiah,DEF,Brighton,5,17,0,2025-02-22T15:00:00Z,0,0,0,0,0,0,0,0,0.0,0.0,0.0,0.0,0.0,0.0,0.0,0.0,0,40
2024-25,26,140,Cameron Peupion,MID,Brighton,5,17,0,2025-02-22T15:00:00Z,0,0,0,0,0,0,0,0,0.0,0.0,0.0,0.0,0.0,0.0,0.0,0.0,0,44
2024-25,26,141,Jeremy Sarmiento Morante,MID,Brighton,5,17,0,2025-02-22T15:00:00Z,0,0,0,0,0,0,0,0,0.0,0.0,0.0,0.0,0.0,0.0,0.0,0.0,0,49
2024-25,26,142,Jason Steele,GK,Brighton,5,17,0,2025-02-22T15:00:00Z,0,0,0,0,0,0,0,0,0.0,0.0,0.0,0.0,0.0,0.0,0.0,0.0,0,41
2024-25,26,143,Deniz Undav,FWD,Brighton,5,17,0,2025-02-22T15:00:00Z,0,0,0,0,0,0,0,0,0.0,0.0,0.0,0.0,0.0,0.0,0.0,0.0,0,55
2024-25,26,144,Jan Paul van Hecke,DEF,Brighton,5,17,0,2025-02-22T15:00:00Z,90,7,0,0,1,0,1,32,22.6,10.8,35.0,6.8,0.17,0.03,0.2,0.13,1,45
2024-25,26,145,Joël Veltman,DEF,Brighton,5,17,0,2025-02-22T15:00:00Z,0,0,0,0,0,0,0,0,0.0,0.0,0.0,0.0,0.0,0.0,0.0,0.0,0,44
2024-25,26,146,Bart Verbruggen,GK,Brighton,5,17,0,2025-02-22T15:00:00Z,90,6,0,0,1,0,0,22,13.0,0.0,0.0,1.3,0.0,0.0,0.0,0.13,1,45
2024-25,26,147,Adam Webster,DEF,Brighton,5,17,0,2025-02-22T15:00:00Z,90,6,0,0,1,0,0,25,22.2,1.2,0.0,2.3,0.0,0.02,0.02,0.13,1,43
2024-25,26,148,Danny Welbeck,FWD,Brighton,5,17,0,2025-02-22T15:00:00Z,0,0,0,0,0,0,0,0,0.0,0.0,0.0,0.0,0.0,0.0,0.0,0.0,0,55
2024-25,26,149,Mats Wieffer,MID,Brighton,5,17,0,2025-02-22T15:00:00Z,7,1,0,0,0,0,0,8,9.8,20.4,0.0,3.0,0.0,0.01,0.01,0.0,0,47
2024-25,26,150,Andrey Nascimento dos Santos,MID,Chelsea,6,2,0,2025-02-22T17:30:00Z,0,0,0,0,0,0,0,0,0.0,0.0,0.0,0.0,0.0,0.0,0.0,0.0,0,45
2024-25,26,151,Ângelo Gabriel Borges Damaceno,MID,Chelsea,6,2,0,2025-02-22T17:30:00Z,0,0,0,0,0,0,0,0,0.0,0.0,0.0,0.0,0.0,0.0,0.0,0.0,0,45
2024-25,26,152,Kepa Arrizabalaga,GK,Bournemouth,3,20,1,2025-02-22T15:00:00Z,90,2,0,0,0,1,0,13,32.8,0.0,0.0,3.3,0.0,0.0,0.0,2.0,1,46
2024-25,26,153,Benoît Badiashile,DEF,Chelsea,6,2,0,2025-02-22T17:30:00Z,0,0,0,0,0,0,0,0,0.0,0.0,0.0,0.0,0.0,0.0,0.0,0.0,0,42
2024-25,26,154,Lucas Bergström,GK,Chelsea,6,2,0,2025-02-22T17:30:00Z,0,0,0,0,0,0,0,0,0.0,0.0,0.0,0.0,0.0,0.0,0.0,0.0,0,39
2024-25,26,155,Marcus Bettinelli,GK,Chelsea,6,2,0,2025-02-22T17:30:00Z,0,0,0,0,0,0,0,0,0.0,0.0,0.0,0.0,0.0,0.0,0.0,0.0,0,39
2024-25,26,156,Armando Broja,FWD,Everton,8,14,1,2025-02-22T12:30:00Z,0,0,0,0,0,0,0,0,0.0,0.0,0.0,0.0,0.0,0.0,0.0,0.0,0,54
2024-25,26,157,Moisés Caicedo Corozo,MID,Chelsea,6,2,0,2025-02-22T17:30:00Z,90,1,0,0,0,2,0,14,16.4,19.6,0.0,3.6,0.0,0.19,0.19,2.33,1,49
2024-25,26,158,Cesare Casadei,MID,Chelsea,6,2,0,2025-02-22T17:30:00Z,0,0,0,0,0,0,0,0,0.0,0.0,0.0,0.0,0.0,0.0,0.0,0.0,0,44
2024-25,26,159,Trevoh Chalobah,DEF,Chelsea,6,2,0,2025-02-22T17:30:00Z,7,1,0,0,0,0,0,4,0.0,0.0,0.0,0.0,0.0,0.0,0.0,0.0,1,44
2024-25,26,160,Ben Chilwell,DEF,Crystal Palace,7,9,0,2025-02-22T15:00:00Z,1,1,0,0,0,0,0,4,1.0,0.0,0.0,0.1,0.0,0.0,0.0,0.04,0,46
2024-25,26,161,Carney Chukwuemeka,MID,Chelsea,6,2,0,2025-02-22T17:30:00Z,0,0,0,0,0,0,0,0,0.0,0.0,0.0,0.0,0.0,0.0,0.0,0.0,0,47
2024-25,26,162,Levi Colwill,DEF,Chelsea,6,2,0,2025-02-22T17:30:00Z,90,1,0,0,0,2,0,6,12.2,3.3,5.0,2.1,0.04,0.0,0.04,2.33,1,44
2024-25,26,163,Marc Cucurella Saseta,DEF,Chelsea,6,2,0,2025-02-22T17:30:00Z,90,1,0,0,0,2,0,9,20.6,1.7,2.0,2.4,0.0,0.01,0.01,2.33,1,51
2024-25,26,164,David Datro Fofana,FWD,Chelsea,6,2,0,2025-02-22T17:30:00Z,0,0,0,0,0,0,0,0,0.0,0.0,0.0,0.0,0.0,0.0,0.0,0.0,0,54
2024-25,26,165,Deivid Washington de Souza Eugênio,FWD,Chelsea,6,2,0,2025-02-22T17:30:00Z,0,0,0,0,0,0,0,0,0.0,0.0,0.0,0.0,0.0,0.0,0.0,0.0,0,49
2024-25,26,166,Kiernan Dewsbury-Hall,MID,Chelsea,6,2,0,2025-02-22T17:30:00Z,0,0,0,0,0,0,0,0,0.0,0.0,0.0,0.0,0.0,0.0,0.0,0.0,0,55
2024-25,26,167,Axel Disasi,DEF,Aston Villa,2,6,1,2025-02-22T17:30:00Z,0,0,0,0,0,0,0,0,0.0,0.0,0.0,0.0,0.0,0.0,0.0,0.0,0,42
2024-25,26,168,Enzo Fernández,MID,Chelsea,6,2,0,2025-02-22T17:30:00Z,90,7,1,0,0,2,1,24,36.6,31.8,52.0,12.0,1.17,0.34,1.51,2.33,1,47
2024-25,26,169,Conor Gallagher,MID,Chelsea,6,2,0,2025-02-22T17:30:00Z,0,0,0,0,0,0,0,0,0.0,0.0,0.0,0.0,0.0,0.0,0.0,0.0,0,59
2024-25,26,170,Alfie Gilchrist,DEF,Chelsea,6,2,0,2025-02-22T17:30:00Z,0,0,0,0,0,0,0,0,0.0,0.0,0.0,0.0,0.0,0.0,0.0,0.0,0,40
2024-25,26,171,Malo Gusto,DEF,Chelsea,6,2,0,2025-02-22T17:30:00Z,90,1,0,0,0,2,0,5,15.6,3.7,11.0,3.0,0.04,0.09,0.13,2.33,1,49
2024-25,26,172,Reece James,DEF,Chelsea,6,2,0,2025-02-22T17:30:00Z,90,1,0,0,0,2,0,4,1.2,4.8,1.0,0.7,0.03,0.02,0.05,2.33,1,48
2024-25,26,173,Omari Kellyman,MID,Chelsea,6,2,0,2025-02-22T17:30:00Z,0,0,0,0,0,0,0,0,0.0,0.0,0.0,0.0,0.0,0.0,0.0,0.0,0,43
2024-25,26,174,Roméo Lavia,MID,Chelsea,6,2,0,2025-02-22T17:30:00Z,0,0,0,0,0,0,0,0,0.0,0.0,0.0,0.0,0.0,0.0,0.0,0.0,0,45
2024-25,26,175,Romelu Lukaku Bolingoli,FWD,Chelsea,6,2,0,2025-02-22T17:30:00Z,0,0,0,0,0,0,0,0,0.0,0.0,0.0,0.0,0.0,0.0,0.0,0.0,0,63
2024-25,26,176,Malang Sarr,DEF,Chelsea,6,2,0,2025-02-22T17:30:00Z,0,0,0,0,0,0,0,0,0.0,0.0,0.0,0.0,0.0,0.0,0.0,0.0,0,45
2024-25,26,177,Noni Madueke,MID,Chelsea,6,2,0,2025-02-22T17:30:00Z,0,0,0,0,0,0,0,0,0.0,0.0,0.0,0.0,0.0,0.0,0.0,0.0,0,61
2024-25,26,178,Marc Guiu Paz,FWD,Chelsea,6,2,0,2025-02-22T17:30:00Z,0,0,0,0,0,0,0,0,0.0,0.0,0.0,0.0,0.0,0.0,0.0,0.0,0,47
2024-25,26,179,Mykhailo Mudryk,MID,Chelsea,6,2,0,2025-02-22T17:30:00Z,0,0,0,0,0,0,0,0,0.0,0.0,0.0,0.0,0.0,0.0,0.0,0.0,0,61
2024-25,26,180,Nicolas Jackson,FWD,Chelsea,6,2,0,2025-02-22T17:30:00Z,0,0,0,0,0,0,0,0,0.0,0.0,0.0,0.0,0.0,0.0,0.0,0.0,0,77
2024-25,26,181,Christopher Nkunku,MID,Chelsea,6,2,0,2025-02-22T17:30:00Z,75,1,0,0,0,1,0,5,14.6,26.9,13.0,5.5,0.04,0.2,0.24,1.82,1,57
2024-25,26,182,Cole Palmer,MID,Chelsea,6,2,0,2025-02-22T17:30:00Z,90,2,0,0,0,2,0,13,15.4,29.9,14.0,5.9,0.43,0.27,0.7,2.33,1,111
2024-25,26,183,Đorđe Petrović,GK,Chelsea,6,2,0,2025-02-22T17:30:00Z,0,0,0,0,0,0,0,0,0.0,0.0,0.0,0.0,0.0,0.0,0.0,0.0,0,44
2024-25,26,184,Renato Palma Veiga,MID,Chelsea,6,2,0,2025-02-22T17:30:00Z,0,0,0,0,0,0,0,0,0.0,0.0,0.0,0.0,0.0,0.0,0.0,0.0,0,44
2024-25,26,185,Robert Sánchez,GK,Chelsea,6,2,0,2025-02-22T17:30:00Z,0,0,0,0,0,0,0,0,0.0,0.0,0.0,0.0,0.0,0.0,0.0,0.0,0,46
2024-25,26,186,Raheem Sterling,MID,Arsenal,1,19,1,2025-02-22T15:00:00Z,9,1,0,0,0,0,0,3,3.2,15.8,4.0,2.3,0.14,0.12,0.26,0.0,0,67
2024-25,26,187,Tosin Adarabioyo,DEF,Chelsea,6,2,0,2025-02-22T17:30:00Z,82,1,0,0,0,2,0,6,17.2,1.5,0.0,1.9,0.0,0.01,0.01,2.33,0,42
2024-25,26,188,Lesley Ugochukwu,MID,Southampton,17,5,1,2025-02-22T15:00:00Z,71,1,0,0,0,3,0,11,7.2,11.1,2.0,2.0,0.0,0.01,0.01,2.45,1,44
2024-25,26,189,Wesley Fofana,DEF,Chelsea,6,2,0,2025-02-22T17:30:00Z,0,0,0,0,0,0,0,0,0.0,0.0,0.0,0.0,0.0,0.0,0.0,0.0,0,43
2024-25,26,190,Naouirou Ahamada,MID,Crystal Palace,7,9,0,2025-02-22T15:00:00Z,0,0,0,0,0,0,0,0,0.0,0.0,0.0,0.0,0.0,0.0,0.0,0.0,0,45
2024-25,26,191,Joachim Andersen,DEF,Fulham,9,7,1,2025-02-22T15:00:00Z,90,-1,0,0,0,2,0,0,16.4,1.8,1.0,1.9,0.03,0.03,0.06,1.29,1,42
2024-25,26,192,Jordan Ayew,MID,Leicester,11,4,1,2025-02-21T20:00:00Z,54,1,0,0,0,3,0,8,7.4,21.3,0.0,2.9,0.0,0.08,0.08,0.96,1,52
2024-25,26,193,Cheick Doucouré,MID,Crystal Palace,7,9,0,2025-02-22T15:00:00Z,0,0,0,0,0,0,0,0,0.0,0.0,0.0,0.0,0.0,0.0,0.0,0.0,0,49
2024-25,26,194,Chris Richards,DEF,Crystal Palace,7,9,0,2025-02-22T15:00:00Z,90,7,0,0,1,0,1,23,15.8,0.4,0.0,1.6,0.0,0.0,0.0,0.21,1,44
2024-25,26,195,Chadi Riad Dnanou,DEF,Crystal Palace,7,9,0,2025-02-22T15:00:00Z,0,0,0,0,0,0,0,0,0.0,0.0,0.0,0.0,0.0,0.0,0.0,0.0,0,43
2024-25,26,196,Nathaniel Clyne,DEF,Crystal Palace,7,9,0,2025-02-22T15:00:00Z,0,0,0,0,0,0,0,0,0.0,0.0,0.0,0.0,0.0,0.0,0.0,0.0,0,43
2024-25,26,197,Malcolm Ebiowei,MID,Crystal Palace,7,9,0,2025-02-22T15:00:00Z,0,0,0,0,0,0,0,0,0.0,0.0,0.0,0.0,0.0,0.0,0.0,0.0,0,45
2024-25,26,198,Odsonne Edouard,FWD,Leicester,11,4,1,2025-02-21T20:00:00Z,0,0,0,0,0,0,0,0,0.0,0.0,0.0,0.0,0.0,0.0,0.0,0.0,0,51
2024-25,26,199,Eberechi Eze,MID,Crystal Palace,7,9,0,2025-02-22T15:00:00Z,89,3,0,0,1,0,0,18,10.4,20.2,20.0,5.1,0.17,0.14,0.31,0.17,1,67
2024-25,26,200,Marc Guéhi,DEF,Crystal Palace,7,9,0,2025-02-22T15:00:00Z,90,5,0,0,1,0,0,21,18.8,1.2,0.0,2.0,0.0,0.01,0.01,0.21,1,46
2024-25,26,201,Dean Henderson,GK,Crystal Palace,7,9,0,2025-02-22T15:00:00Z,90,6,0,0,1,0,0,21,2.4,0.0,0.0,0.2,0.0,0.0,0.0,0.21,1,45
2024-25,26,202,Rob Holding,DEF,Crystal Palace,7,9,0,2025-02-22T15:00:00Z,0,0,0,0,0,0,0,0,0.0,0.0,0.0,0.0,0.0,0.0,0.0,0.0,0,42
2024-25,26,203,Will Hughes,MID,Crystal Palace,7,9,0,2025-02-22T15:00:00Z,89,5,0,1,1,0,0,22,30.2,36.2,6.0,7.2,0.04,0.27,0.31,0.17,1,49
2024-25,26,204,Sam Johnstone,GK,Wolves,20,3,0,2025-02-22T15:00:00Z,0,0,0,0,0,0,0,0,0.0,0.0,0.0,0.0,0.0,0.0,0.0,0.0,0,42
2024-25,26,205,Daichi Kamada,MID,Crystal Palace,7,9,0,2025-02-22T15:00:00Z,15,1,0,0,0,0,0,3,2.2,0.9,0.0,0.3,0.0,0.0,0.0,0.04,0,51
2024-25,26,206,Jefferson Lerma Solís,MID,Crystal Palace,7,9,0,2025-02-22T15:00:00Z,80,3,0,0,1,0,0,9,4.2,1.9,5.0,1.1,0.05,0.01,0.06,0.17,1,48
2024-25,26,207,Jean-Philippe Mateta,FWD,Crystal Palace,7,9,0,2025-02-22T15:00:00Z,90,5,0,1,1,0,0,14,23.4,13.2,25.0,6.2,0.39,0.04,0.43,0.21,1,73
2024-25,26,208,Matheus França de Oliveira,MID,Crystal Palace,7,9,0,2025-02-22T15:00:00Z,0,0,0,0,0,0,0,0,0.0,0.0,0.0,0.0,0.0,0.0,0.0,0.0,0,44
2024-25,26,209,Remi Matthews,GK,Crystal Palace,7,9,0,2025-02-22T15:00:00Z,0,0,0,0,0,0,0,0,0.0,0.0,0.0,0.0,0.0,0.0,0.0,0.0,0,39
2024-25,26,210,Tyrick Mitchell,DEF,Crystal Palace,7,9,0,2025-02-22T15:00:00Z,90,7,0,0,1,0,1,23,18.4,21.2,2.0,4.2,0.0,0.04,0.04,0.21,1,48
2024-25,26,211,Daniel Muñoz,DEF,Crystal Palace,7,9,0,2025-02-22T15:00:00Z,90,13,1,0,1,0,2,31,41.2,4.5,25.0,7.1,0.11,0.01,0.12,0.21,1,48
2024-25,26,212,David Ozoh,MID,Crystal Palace,7,9,0,2025-02-22T15:00:00Z,0,0,0,0,0,0,0,0,0.0,0.0,0.0,0.0,0.0,0.0,0.0,0.0,0,45
2024-25,26,213,Jesurun Rak-Sakyi,MID,Crystal Palace,7,9,0,2025-02-22T15:00:00Z,0,0,0,0,0,0,0,0,0.0,0.0,0.0,0.0,0.0,0.0,0.0,0.0,0,45
2024-25,26,214,Jeffrey Schlupp,MID,Crystal Palace,7,9,0,2025-02-22T15:00:00Z,0,0,0,0,0,0,0,0,0.0,0.0,0.0,0.0,0.0,0.0,0.0,0.0,0,46
2024-25,26,215,Joel Ward,DEF,Crystal Palace,7,9,0,2025-02-22T15:00:00Z,0,0,0,0,0,0,0,0,0.0,0.0,0.0,0.0,0.0,0.0,0.0,0.0,0,43
2024-25,26,216,Adam Wharton,MID,Crystal Palace,7,9,0,2025-02-22T15:00:00Z,9,1,0,0,0,0,0,4,11.8,0.4,0.0,1.2,0.0,0.01,0.01,0.04,0,47
2024-25,26,217,Abdoulaye Doucouré,MID,Everton,8,14,1,2025-02-22T12:30:00Z,80,12,1,1,0,2,2,39,53.6,15.3,54.0,12.3,0.92,0.14,1.06,0.15,1,51
2024-25,26,218,Norberto Bercique Gomes Betuncal,FWD,Everton,8,14,1,2025-02-22T12:30:00Z,90,6,1,0,0,2,0,33,47.6,11.3,57.0,11.6,0.42,0.08,0.5,0.41,1,49
2024-25,26,219,Jarrad Branthwaite,DEF,Everton,8,14,1,2025-02-22T12:30:00Z,90,1,0,0,0,2,0,12,31.2,0.2,17.0,4.8,0.07,0.0,0.07,0.41,1,48
2024-25,26,220,Dominic Calvert-Lewin,FWD,Everton,8,14,1,2025-02-22T12:30:00Z,0,0,0,0,0,0,0,0,0.0,0.0,0.0,0.0,0.0,0.0,0.0,0.0,0,54
2024-25,26,221,Séamus Coleman,DEF,Everton,8,14,1,2025-02-22T12:30:00Z,0,0,0,0,0,0,0,0,0.0,0.0,0.0,0.0,0.0,0.0,0.0,0.0,0,43
2024-25,26,222,Idrissa Gueye,MID,Everton,8,14,1,2025-02-22T12:30:00Z,90,1,0,0,0,2,0,23,29.6,2.3,9.0,4.1,0.02,0.01,0.03,0.41,1,48
2024-25,26,223,James Garner,MID,Everton,8,14,1,2025-02-22T12:30:00Z,80,1,0,0,0,2,0,6,10.0,6.4,2.0,1.8,0.0,0.04,0.04,0.15,1,49
2024-25,26,224,Jack Harrison,MID,Everton,8,14,1,2025-02-22T12:30:00Z,90,5,0,1,0,2,0,18,14.4,45.3,26.0,8.6,0.48,0.16,0.64,0.41,1,52
2024-25,26,225,Mason Holgate,DEF,Everton,8,14,1,2025-02-22T12:30:00Z,0,0,0,0,0,0,0,0,0.0,0.0,0.0,0.0,0.0,0.0,0.0,0.0,0,40
2024-25,26,226,Tim Iroegbunam,MID,Everton,8,14,1,2025-02-22T12:30:00Z,9,1,0,0,0,0,0,5,5.0,0.0,0.0,0.5,0.0,0.0,0.0,0.26,0,43
2024-25,26,227,João Neves Virgínia,GK,Everton,8,14,1,2025-02-22T12:30:00Z,0,0,0,0,0,0,0,0,0.0,0.0,0.0,0.0,0.0,0.0,0.0,0.0,0,39
2024-25,26,228,Michael Keane,DEF,Everton,8,14,1,2025-02-22T12:30:00Z,0,0,0,0,0,0,0,0,0.0,0.0,0.0,0.0,0.0,0.0,0.0,0.0,0,39
2024-25,26,229,Neal Maupay,FWD,Everton,8,14,1,2025-02-22T12:30:00Z,0,0,0,0,0,0,0,0,0.0,0.0,0.0,0.0,0.0,0.0,0.0,0.0,0,49
2024-25,26,230,Dwight McNeil,MID,Everton,8,14,1,2025-02-22T12:30:00Z,0,0,0,0,0,0,0,0,0.0,0.0,0.0,0.0,0.0,0.0,0.0,0.0,0,51
2024-25,26,231,Vitalii Mykolenko,DEF,Everton,8,14,1,2025-02-22T12:30:00Z,90,1,0,0,0,2,0,3,14.6,5.3,0.0,2.0,0.0,0.04,0.04,0.41,1,44
2024-25,26,232,Iliman Ndiaye,FWD,Everton,8,14,1,2025-02-22T12:30:00Z,0,0,0,0,0,0,0,0,0.0,0.0,0.0,0.0,0.0,0.0,0.0,0.0,0,55
2024-25,26,233,Amadou Onana,MID,Aston Villa,2,6,1,2025-02-22T17:30:00Z,0,0,0,0,0,0,0,0,0.0,0.0,0.0,0.0,0.0,0.0,0.0,0.0,0,48
2024-25,26,234,Nathan Patterson,DEF,Everton,8,14,1,2025-02-22T12:30:00Z,0,0,0,0,0,0,0,0,0.0,0.0,0.0,0.0,0.0,0.0,0.0,0.0,0,44
2024-25,26,235,Jordan Pickford,GK,Everton,8,14,1,2025-02-22T12:30:00Z,90,1,0,0,0,2,0,3,10.0,0.0,0.0,1.0,0.0,0.01,0.01,0.41,1,51
2024-25,26,236,James Tarkowski,DEF,Everton,8,14,1,2025-02-22T12:30:00Z,90,1,0,0,0,2,0,1,6.8,0.2,2.0,0.9,0.0,0.0,0.0,0.41,1,48
2024-25,26,237,Youssef Ramalho Chermiti,FWD,Everton,8,14,1,2025-02-22T12:30:00Z,0,0,0,0,0,0,0,0,0.0,0.0,0.0,0.0,0.0,0.0,0.0,0.0,0,49
2024-25,26,238,Ashley Young,DEF,Everton,8,14,1,2025-02-22T12:30:00Z,36,-1,0,0,0,2,0,0,11.4,15.2,4.0,3.1,0.0,0.35,0.35,0.37,0,46
2024-25,26,239,Adama Traoré,MID,Fulham,9,7,1,2025-02-22T15:00:00Z,90,2,0,0,0,2,0,2,2.8,3.6,7.0,1.3,0.02,0.03,0.05,1.29,1,46
2024-25,26,240,Andreas Hoelgebaum Pereira,MID,Fulham,9,7,1,2025-02-22T15:00:00Z,32,1,0,0,0,1,0,2,2.6,15.7,8.0,2.6,0.04,0.04,0.08,1.06,0,49
2024-25,26,241,Calvin Bassey,DEF,Fulham,9,7,1,2025-02-22T15:00:00Z,90,1,0,0,0,2,0,6,15.0,1.9,2.0,1.9,0.0,0.02,0.02,1.29,1,45
2024-25,26,242,Steven Benda,GK,Fulham,9,7,1,2025-02-22T15:00:00Z,0,0,0,0,0,0,0,0,0.0,0.0,0.0,0.0,0.0,0.0,0.0,0.0,0,39
2024-25,26,243,Tom Cairney,MID,Fulham,9,7,1,2025-02-22T15:00:00Z,21,1,0,0,0,1,0,5,1.4,13.8,0.0,1.5,0.0,0.0,0.0,1.06,0,48
2024-25,26,244,Timothy Castagne,DEF,Fulham,9,7,1,2025-02-22T15:00:00Z,79,1,0,0,0,2,0,3,6.8,12.3,2.0,2.1,0.0,0.02,0.02,1.29,1,42
2024-25,26,245,Issa Diop,DEF,Fulham,9,7,1,2025-02-22T15:00:00Z,10,1,0,0,0,0,0,3,0.2,0.5,2.0,0.3,0.0,0.03,0.03,0.0,0,44
2024-25,26,246,Luke Harris,MID,Fulham,9,7,1,2025-02-22T15:00:00Z,0,0,0,0,0,0,0,0,0.0,0.0,0.0,0.0,0.0,0.0,0.0,0.0,0,45
2024-25,26,247,Alex Iwobi,MID,Fulham,9,7,1,2025-02-22T15:00:00Z,79,2,0,0,0,2,0,6,5.2,12.5,7.0,2.5,0.01,0.07,0.08,1.29,1,57
2024-25,26,248,Bernd Leno,GK,Fulham,9,7,1,2025-02-22T15:00:00Z,90,2,0,0,0,2,0,11,29.2,0.0,0.0,2.9,0.0,0.0,0.0,1.29,1,50
2024-25,26,249,Saša Lukić,MID,Fulham,9,7,1,2025-02-22T15:00:00Z,90,2,0,0,0,2,0,18,19.0,35.0,2.0,5.6,0.0,0.03,0.03,1.29,1,48
2024-25,26,250,Kevin Mbabu,DEF,Fulham,9,7,1,2025-02-22T15:00:00Z,0,0,0,0,0,0,0,0,0.0,0.0,0.0,0.0,0.0,0.0,0.0,0.0,0,40
2024-25,26,251,Rodrigo Muniz Carvalho,FWD,Fulham,9,7,1,2025-02-22T15:00:00Z,10,1,0,0,0,0,0,3,0.0,1.3,2.0,0.3,0.0,0.0,0.0,0.0,0,55
2024-25,26,252,Raúl Jiménez,FWD,Fulham,9,7,1,2025-02-22T15:00:00Z,90,2,0,0,0,2,0,0,6.0,5.1,18.0,2.9,0.05,0.07,0.12,1.29,1,56
2024-25,26,253,Tim Ream,DEF,Fulham,9,7,1,2025-02-22T15:00:00Z,0,0,0,0,0,0,0,0,0.0,0.0,0.0,0.0,0.0,0.0,0.0,0.0,0,45
2024-25,26,254,Harrison Reed,MID,Fulham,9,7,1,2025-02-22T15:00:00Z,0,0,0,0,0,0,0,0,0.0,0.0,0.0,0.0,0.0,0.0,0.0,0.0,0,47
2024-25,26,255,Antonee Robinson,DEF,Fulham,9,7,1,2025-02-22T15:00:00Z,90,1,0,0,0,2,0,4,20.6,8.3,2.0,3.1,0.01,0.05,0.06,1.29,1,51
2024-25,26,256,Jay Stansfield,FWD,Fulham,9,7,1,2025-02-22T15:00:00Z,0,0,0,0,0,0,0,0,0.0,0.0,0.0,0.0,0.0,0.0,0.0,0.0,0,50
2024-25,26,257,Kenny Tete,DEF,Fulham,9,7,1,2025-02-22T15:00:00Z,0,0,0,0,0,0,0,0,0.0,0.0,0.0,0.0,0.0,0.0,0.0,0.0,0,44
2024-25,26,258,Carlos Vinícius Alves Morais,FWD,Fulham,9,7,1,2025-02-22T15:00:00Z,0,0,0,0,0,0,0,0,0.0,0.0,0.0,0.0,0.0,0.0,0.0,0.0,0,50
2024-25,26,259,Harry Wilson,MID,Fulham,9,7,1,2025-02-22T15:00:00Z,0,0,0,0,0,0,0,0,0.0,0.0,0.0,0.0,0.0,0.0,0.0,0.0,0,52
2024-25,26,260,Ali Al-Hamadi,FWD,Ipswich,10,18,1,2025-02-22T15:00:00Z,0,0,0,0,0,0,0,0,0.0,0.0,0.0,0.0,0.0,0.0,0.0,0.0,0,47
2024-25,26,261,Elkan Baggott,DEF,Ipswich,10,18,1,2025-02-22T15:00:00Z,0,0,0,0,0,0,0,0,0.0,0.0,0.0,0.0,0.0,0.0,0.0,0.0,0,40
2024-25,26,262,Nathan Broadhead,MID,Ipswich,10,18,1,2025-02-22T15:00:00Z,22,1,0,0,0,2,0,5,0.0,4.5,7.0,1.2,0.1,0.11,0.21,0.15,0,49
2024-25,26,263,Cameron Burgess,DEF,Ipswich,10,18,1,2025-02-22T15:00:00Z,0,0,0,0,0,0,0,0,0.0,0.0,0.0,0.0,0.0,0.0,0.0,0.0,0,39
2024-25,26,264,Wes Burns,MID,Ipswich,10,18,1,2025-02-22T15:00:00Z,0,0,0,0,0,0,0,0,0.0,0.0,0.0,0.0,0.0,0.0,0.0,0.0,0,48
2024-25,26,265,Conor Chaplin,MID,Ipswich,10,18,1,2025-02-22T15:00:00Z,0,0,0,0,0,0,0,0,0.0,0.0,0.0,0.0,0.0,0.0,0.0,0.0,0,51
2024-25,26,266,Harry Clarke,DEF,Ipswich,10,18,1,2025-02-22T15:00:00Z,0,0,0,0,0,0,0,0,0.0,0.0,0.0,0.0,0.0,0.0,0.0,0.0,0,40
2024-25,26,267,Leif Davis,DEF,Ipswich,10,18,1,2025-02-22T15:00:00Z,90,0,0,0,0,4,0,3,22.4,36.9,0.0,5.9,0.0,0.03,0.03,1.71,1,44
2024-25,26,268,Liam Delap,FWD,Ipswich,10,18,1,2025-02-22T15:00:00Z,78,2,0,0,0,3,0,2,0.0,2.8,39.0,4.1,0.33,0.02,0.35,1.67,1,56
2024-25,26,269,George Edmundson,DEF,Ipswich,10,18,1,2025-02-22T15:00:00Z,0,0,0,0,0,0,0,0,0.0,0.0,0.0,0.0,0.0,0.0,0.0,0.0,0,40
2024-25,26,270,Jacob Greaves,DEF,Ipswich,10,18,1,2025-02-22T15:00:00Z,90,0,0,0,0,4,0,1,15.8,1.7,0.0,1.8,0.0,0.02,0.02,1.71,1,39
2024-25,26,271,Marcus Myers-Harness,MID,Ipswich,10,18,1,2025-02-22T15:00:00Z,0,0,0,0,0,0,0,0,0.0,0.0,0.0,0.0,0.0,0.0,0.0,0.0,0,49
2024-25,26,272,George Hirst,FWD,Ipswich,10,18,1,2025-02-22T15:00:00Z,11,1,0,0,0,1,0,2,0.0,1.5,4.0,0.5,0.0,0.01,0.01,0.05,0,54
2024-25,26,273,Cameron Humphreys,MID,Ipswich,10,18,1,2025-02-22T15:00:00Z,0,0,0,0,0,0,0,0,0.0,0.0,0.0,0.0,0.0,0.0,0.0,0.0,0,45
2024-25,26,274,Omari Giraud-Hutchinson,MID,Ipswich,10,18,1,2025-02-22T15:00:00Z,90,9,1,0,0,4,2,32,47.6,45.6,39.0,13.2,0.44,0.08,0.52,1.71,1,52
2024-25,26,275,Ben Johnson,DEF,Ipswich,10,18,1,2025-02-22T15:00:00Z,0,0,0,0,0,0,0,0,0.0,0.0,0.0,0.0,0.0,0.0,0.0,0.0,0,39
2024-25,26,276,Freddie Ladapo,FWD,Ipswich,10,18,1,2025-02-22T15:00:00Z,0,0,0,0,0,0,0,0,0.0,0.0,0.0,0.0,0.0,0.0,0.0,0.0,0,45
2024-25,26,277,Massimo Luongo,MID,Ipswich,10,18,1,2025-02-22T15:00:00Z,0,0,0,0,0,0,0,0,0.0,0.0,0.0,0.0,0.0,0.0,0.0,0.0,0,44
2024-25,26,278,Sam Morsy,MID,Ipswich,10,18,1,2025-02-22T15:00:00Z,10,1,0,0,0,1,0,3,3.6,11.0,0.0,1.5,0.0,0.01,0.01,0.05,0,49
2024-25,26,279,Corrie Ndaba,DEF,Ipswich,10,18,1,2025-02-22T15:00:00Z,0,0,0,0,0,0,0,0,0.0,0.0,0.0,0.0,0.0,0.0,0.0,0.0,0,40
2024-25,26,280,Cieran Slicker,GK,Ipswich,10,18,1,2025-02-22T15:00:00Z,0,0,0,0,0,0,0,0,0.0,0.0,0.0,0.0,0.0,0.0,0.0,0.0,0,39
2024-25,26,281,Jack Taylor,MID,Ipswich,10,18,1,2025-02-22T15:00:00Z,38,1,0,0,0,2,0,3,2.6,1.4,2.0,0.6,0.0,0.01,0.01,0.2,0,48
2024-25,26,282,Axel Tuanzebe,DEF,Ipswich,10,18,1,2025-02-22T15:00:00Z,0,0,0,0,0,0,0,0,0.0,0.0,0.0,0.0,0.0,0.0,0.0,0.0,0,39
2024-25,26,283,Christian Walton,GK,Ipswich,10,18,1,2025-02-22T15:00:00Z,0,0,0,0,0,0,0,0,0.0,0.0,0.0,0.0,0.0,0.0,0.0,0.0,0,43
2024-25,26,284,Luke Woolfenden,DEF,Ipswich,10,18,1,2025-02-22T15:00:00Z,45,0,0,0,0,2,0,-1,4.4,0.3,0.0,0.5,0.0,0.0,0.0,0.2,0,40
2024-25,26,285,Boubakary Soumaré,MID,Leicester,11,4,1,2025-02-21T20:00:00Z,90,2,0,0,0,4,0,17,17.6,29.5,4.0,5.1,0.0,0.06,0.06,1.52,1,44
2024-25,26,286,Tom Cannon,FWD,Leicester,11,4,1,2025-02-21T20:00:00Z,0,0,0,0,0,0,0,0,0.0,0.0,0.0,0.0,0.0,0.0,0.0,0.0,0,45
2024-25,26,287,Hamza Choudhury,MID,Leicester,11,4,1,2025-02-21T20:00:00Z,0,0,0,0,0,0,0,0,0.0,0.0,0.0,0.0,0.0,0.0,0.0,0.0,0,44
2024-25,26,288,Conor Coady,DEF,Leicester,11,4,1,2025-02-21T20:00:00Z,7,1,0,0,0,1,0,-1,0.6,0.0,0.0,0.1,0.0,0.0,0.0,0.29,0,40
2024-25,26,289,Patson Daka,FWD,Leicester,11,4,1,2025-02-21T20:00:00Z,0,0,0,0,0,0,0,0,0.0,0.0,0.0,0.0,0.0,0.0,0.0,0.0,0,48
2024-25,26,290,Bobby De Cordova-Reid,MID,Leicester,11,4,1,2025-02-21T20:00:00Z,45,0,0,0,0,3,0,0,2.4,0.8,0.0,0.3,0.0,0.01,0.01,0.96,1,52
2024-25,26,291,Wout Faes,DEF,Leicester,11,4,1,2025-02-21T20:00:00Z,90,0,0,0,0,4,0,-4,25.6,1.1,4.0,3.1,0.0,0.01,0.01,1.52,1,39
2024-25,26,292,Michael Golding,MID,Leicester,11,4,1,2025-02-21T20:00:00Z,0,0,0,0,0,0,0,0,0.0,0.0,0.0,0.0,0.0,0.0,0.0,0.0,0,44
2024-25,26,293,Mads Hermansen,GK,Leicester,11,4,1,2025-02-21T20:00:00Z,90,1,0,0,0,4,0,-2,24.2,0.0,0.0,2.4,0.0,0.0,0.0,1.52,1,44
2024-25,26,294,Daniel Iversen,GK,Leicester,11,4,1,2025-02-21T20:00:00Z,0,0,0,0,0,0,0,0,0.0,0.0,0.0,0.0,0.0,0.0,0.0,0.0,0,39
2024-25,26,295,James Justin,DEF,Leicester,11,4,1,2025-02-21T20:00:00Z,0,0,0,0,0,0,0,0,0.0,0.0,0.0,0.0,0.0,0.0,0.0,0.0,0,41
2024-25,26,296,Victor Kristiansen,DEF,Leicester,11,4,1,2025-02-21T20:00:00Z,90,0,0,0,0,4,0,-6,18.2,2.3,2.0,2.3,0.0,0.05,0.05,1.52,1,44
2024-25,26,297,Wanya Marçal-Madivádua,MID,Leicester,11,4,1,2025-02-21T20:00:00Z,0,0,0,0,0,0,0,0,0.0,0.0,0.0,0.0,0.0,0.0,0.0,0.0,0,45
2024-25,26,298,Stephy Mavididi,MID,Leicester,11,4,1,2025-02-21T20:00:00Z,45,1,0,0,0,1,0,0,2.2,0.8,2.0,0.5,0.0,0.0,0.0,0.56,0,50
2024-25,26,299,Kasey McAteer,MID,Leicester,11,4,1,2025-02-21T20:00:00Z,0,0,0,0,0,0,0,0,0.0,0.0,0.0,0.0,0.0,0.0,0.0,0.0,0,47
2024-25,26,300,Wilfred Ndidi,MID,Leicester,11,4,1,2025-02-21T20:00:00Z,76,2,0,0,0,3,0,11,6.0,5.5,8.0,2.0,0.0,0.03,0.03,1.23,1,49
2024-25,26,301,Caleb Okoli,DEF,Leicester,11,4,1,2025-02-21T20:00:00Z,82,0,0,0,0,3,0,1,13.4,1.4,2.0,1.7,0.0,0.03,0.03,1.23,1,40
2024-25,26,302,Ricardo Barbosa Pereira,DEF,Leicester,11,4,1,2025-02-21T20:00:00Z,0,0,0,0,0,0,0,0,0.0,0.0,0.0,0.0,0.0,0.0,0.0,0.0,0,41
2024-25,26,303,Harry Souttar,DEF,Leicester,11,4,1,2025-02-21T20:00:00Z,0,0,0,0,0,0,0,0,0.0,0.0,0.0,0.0,0.0,0.0,0.0,0.0,0,40
2024-25,26,304,Jakub Stolarczyk,GK,Leicester,11,4,1,2025-02-21T20:00:00Z,0,0,0,0,0,0,0,0,0.0,0.0,0.0,0.0,0.0,0.0,0.0,0.0,0,40
2024-25,26,305,Luke Thomas,DEF,Leicester,11,4,1,2025-02-21T20:00:00Z,0,0,0,0,0,0,0,0,0.0,0.0,0.0,0.0,0.0,0.0,0.0,0.0,0,39
2024-25,26,306,Jamie Vardy,FWD,Leicester,11,4,1,2025-02-21T20:00:00Z,90,2,0,0,0,4,0,12,9.0,3.5,40.0,5.3,0.37,0.0,0.37,1.52,1,54
2024-25,26,307,Jannik Vestergaard,DEF,Leicester,11,4,1,2025-02-21T20:00:00Z,45,1,0,0,0,1,0,3,13.4,0.3,0.0,1.4,0.0,0.0,0.0,0.56,0,39
2024-25,26,308,Danny Ward,GK,Leicester,11,4,1,2025-02-21T20:00:00Z,0,0,0,0,0,0,0,0,0.0,0.0,0.0,0.0,0.0,0.0,0.0,0.0,0,39
2024-25,26,309,Harry Winks,MID,Leicester,11,4,1,2025-02-21T20:00:00Z,0,0,0,0,0,0,0,0,0.0,0.0,0.0,0.0,0.0,0.0,0.0,0.0,0,44
2024-25,26,310,Alisson Ramses Becker,GK,Liverpool,12,13,0,2025-02-23T16:30:00Z,90,8,0,0,1,0,1,33,31.8,0.0,0.0,3.2,0.0,0.0,0.0,0.63,1,55
2024-25,26,311,Trent Alexander-Arnold,DEF,Liverpool,12,13,0,2025-02-23T16:30:00Z,90,6,0,0,1,0,0,25,20.2,1.2,2.0,2.3,0.0,0.02,0.02,0.63,1,74
2024-25,26,312,Stefan Bajčetić Maquieira,MID,Liverpool,12,13,0,2025-02-23T16:30:00Z,0,0,0,0,0,0,0,0,0.0,0.0,0.0,0.0,0.0,0.0,0.0,0.0,0,45
2024-25,26,313,Conor Bradley,DEF,Liverpool,12,13,0,2025-02-23T16:30:00Z,0,0,0,0,0,0,0,0,0.0,0.0,0.0,0.0,0.0,0.0,0.0,0.0,0,47
2024-25,26,314,Fábio Freitas Gouveia Carvalho,MID,Brentford,4,11,0,2025-02-21T20:00:00Z,18,6,1,0,0,0,0,24,35.4,10.4,17.0,6.3,0.09,0.02,0.11,0.06,0,45
2024-25,26,315,Bobby Clark,MID,Liverpool,12,13,0,2025-02-23T16:30:00Z,0,0,0,0,0,0,0,0,0.0,0.0,0.0,0.0,0.0,0.0,0.0,0.0,0,45
2024-25,26,316,Darwin Núñez Ribeiro,FWD,Liverpool,12,13,0,2025-02-23T16:30:00Z,0,0,0,0,0,0,0,0,0.0,0.0,0.0,0.0,0.0,0.0,0.0,0.0,0,70
2024-25,26,317,Diogo Teixeira da Silva,MID,Liverpool,12,13,0,2025-02-23T16:30:00Z,0,0,0,0,0,0,0,0,0.0,0.0,0.0,0.0,0.0,0.0,0.0,0.0,0,72
2024-25,26,318,Ben Doak,MID,Liverpool,12,13,0,2025-02-23T16:30:00Z,0,0,0,0,0,0,0,0,0.0,0.0,0.0,0.0,0.0,0.0,0.0,0.0,0,45
2024-25,26,319,Harvey Elliott,MID,Liverpool,12,13,0,2025-02-23T16:30:00Z,1,1,0,0,0,0,0,3,0.0,0.3,0.0,0.0,0.0,0.0,0.0,0.0,0,52
2024-25,26,320,Endo Wataru,MID,Liverpool,12,13,0,2025-02-23T16:30:00Z,16,1,0,0,0,0,0,7,6.0,0.0,0.0,0.6,0.0,0.0,0.0,0.22,0,46
2024-25,26,321,Cody Gakpo,FWD,Liverpool,12,13,0,2025-02-23T16:30:00Z,11,1,0,0,0,0,0,3,0.2,0.0,0.0,0.0,0.0,0.0,0.0,0.0,0,76
2024-25,26,322,Joe Gomez,DEF,Liverpool,12,13,0,2025-02-23T16:30:00Z,0,0,0,0,0,0,0,0,0.0,0.0,0.0,0.0,0.0,0.0,0.0,0.0,0,47
2024-25,26,323,Ryan Gravenberch,MID,Liverpool,12,13,0,2025-02-23T16:30:00Z,90,3,0,0,1,0,0,17,21.8,0.8,0.0,2.3,0.0,0.0,0.0,0.63,1,50
2024-25,26,324,Curtis Jones,MID,Liverpool,12,13,0,2025-02-23T16:30:00Z,73,3,0,0,1,0,0,9,1.0,1.9,0.0,0.3,0.0,0.01,0.01,0.42,1,53
2024-25,26,325,Caoimhin Kelleher,GK,Liverpool,12,13,0,2025-02-23T16:30:00Z,0,0,0,0,0,0,0,0,0.0,0.0,0.0,0.0,0.0,0.0,0.0,0.0,0,40
2024-25,26,326,Ibrahima Konaté,DEF,Liverpool,12,13,0,2025-02-23T16:30:00Z,90,6,0,0,1,0,0,25,14.2,0.2,4.0,1.8,0.06,0.0,0.06,0.63,1,52
2024-25,26,327,Luis Díaz,MID,Liverpool,12,13,0,2025-02-23T16:30:00Z,78,3,0,0,1,0,0,12,8.6,1.8,27.0,3.7,0.03,0.02,0.05,0.63,1,75
2024-25,26,328,Mohamed Salah,MID,Liverpool,12,13,0,2025-02-23T16:30:00Z,90,14,1,1,1,0,3,51,66.2,37.7,42.0,14.6,0.21,0.37,0.58,0.63,1,137
2024-25,26,329,Alexis Mac Allister,MID,Liverpool,12,13,0,2025-02-23T16:30:00Z,90,3,0,0,1,0,0,8,16.6,20.0,0.0,3.7,0.0,0.05,0.05,0.63,1,62
2024-25,26,330,James McConnell,MID,Liverpool,12,13,0,2025-02-23T16:30:00Z,0,0,0,0,0,0,0,0,0.0,0.0,0.0,0.0,0.0,0.0,0.0,0.0,0,44
2024-25,26,331,Tyler Morton,MID,Liverpool,12,13,0,2025-02-23T16:30:00Z,0,0,0,0,0,0,0,0,0.0,0.0,0.0,0.0,0.0,0.0,0.0,0.0,0,44
2024-25,26,332,Nathaniel Phillips,DEF,Liverpool,12,13,0,2025-02-23T16:30:00Z,0,0,0,0,0,0,0,0,0.0,0.0,0.0,0.0,0.0,0.0,0.0,0.0,0,40
2024-25,26,333,Jarell Quansah,DEF,Liverpool,12,13,0,2025-02-23T16:30:00Z,1,1,0,0,0,0,0,3,0.6,0.0,0.0,0.1,0.0,0.0,0.0,0.0,0,39
2024-25,26,334,Rhys Williams,DEF,Liverpool,12,13,0,2025-02-23T16:30:00Z,0,0,0,0,0,0,0,0,0.0,0.0,0.0,0.0,0.0,0.0,0.0,0.0,0,40
2024-25,26,335,Andrew Robertson,DEF,Liverpool,12,13,0,2025-02-23T16:30:00Z,73,6,0,0,1,0,0,18,10.8,12.1,6.0,2.9,0.15,0.0,0.15,0.42,1,59
2024-25,26,336,Dominik Szoboszlai,MID,Liverpool,12,13,0,2025-02-23T16:30:00Z,90,13,1,1,1,0,2,34,54.4,11.7,28.0,9.4,0.26,0.14,0.4,0.63,1,63
2024-25,26,337,Konstantinos Tsimikas,DEF,Liverpool,12,13,0,2025-02-23T16:30:00Z,16,1,0,0,0,0,0,4,3.2,0.0,4.0,0.7,0.0,0.0,0.0,0.22,0,46
2024-25,26,338,Sepp van den Berg,DEF,Brentford,4,11,0,2025-02-21T20:00:00Z,0,0,0,0,0,0,0,0,0.0,0.0,0.0,0.0,0.0,0.0,0.0,0.0,0,41
2024-25,26,339,Virgil van Dijk,DEF,Liverpool,12,13,0,2025-02-23T16:30:00Z,90,6,0,0,1,0,0,24,39.8,0.2,2.0,4.2,0.0,0.0,0.0,0.63,1,64
2024-25,26,340,Manuel Akanji,DEF,Man City,13,12,1,2025-02-23T16:30:00Z,0,0,0,0,0,0,0,0,0.0,0.0,0.0,0.0,0.0,0.0,0.0,0.0,0,53
2024-25,26,341,Nathan Aké,DEF,Man City,13,12,1,2025-02-23T16:30:00Z,76,1,0,0,0,2,0,6,13.2,12.8,2.0,2.8,0.0,0.02,0.02,0.55,1,53
2024-25,26,342,Bernardo Veiga de Carvalho e Silva,MID,Man City,13,12,1,2025-02-23T16:30:00Z,0,0,0,0,0,0,0,0,0.0,0.0,0.0,0.0,0.0,0.0,0.0,0.0,0,62
2024-25,26,343,Oscar Bobb,MID,Man City,13,12,1,2025-02-23T16:30:00Z,0,0,0,0,0,0,0,0,0.0,0.0,0.0,0.0,0.0,0.0,0.0,0.0,0,47
2024-25,26,344,Scott Carson,GK,Man City,13,12,1,2025-02-23T16:30:00Z,0,0,0,0,0,0,0,0,0.0,0.0,0.0,0.0,0.0,0.0,0.0,0.0,0,39
2024-25,26,345,Kevin De Bruyne,MID,Man City,13,12,1,2025-02-23T16:30:00Z,65,2,0,0,0,2,0,7,7.0,26.9,7.0,4.1,0.04,0.07,0.11,0.52,1,93
2024-25,26,346,Jérémy Doku,MID,Man City,13,12,1,2025-02-23T16:30:00Z,90,2,0,0,0,2,0,23,21.2,30.3,44.0,9.6,0.06,0.12,0.18,0.71,1,62
2024-25,26,347,Ederson Santana de Moraes,GK,Man City,13,12,1,2025-02-23T16:30:00Z,90,1,0,0,0,2,0,2,16.0,0.0,0.0,1.6,0.0,0.0,0.0,0.71,1,53
2024-25,26,348,Phil Foden,MID,Man City,13,12,1,2025-02-23T16:30:00Z,90,2,0,0,0,2,0,15,11.8,14.3,20.0,4.6,0.1,0.05,0.15,0.71,1,93
2024-25,26,349,Jack Grealish,MID,Man City,13,12,1,2025-02-23T16:30:00Z,0,0,0,0,0,0,0,0,0.0,0.0,0.0,0.0,0.0,0.0,0.0,0.0,0,64
2024-25,26,350,Joško Gvardiol,DEF,Man City,13,12,1,2025-02-23T16:30:00Z,90,1,0,0,0,2,0,8,17.6,25.1,10.0,5.3,0.0,0.05,0.05,0.71,1,59
2024-25,26,351,Erling Haaland,FWD,Man City,13,12,1,2025-02-23T16:30:00Z,0,0,0,0,0,0,0,0,0.0,0.0,0.0,0.0,0.0,0.0,0.0,0.0,0,147
2024-25,26,352,Julián Álvarez,FWD,Man City,13,12,1,2025-02-23T16:30:00Z,0,0,0,0,0,0,0,0,0.0,0.0,0.0,0.0,0.0,0.0,0.0,0.0,0,70
2024-25,26,353,João Cavaco Cancelo,DEF,Man City,13,12,1,2025-02-23T16:30:00Z,0,0,0,0,0,0,0,0,0.0,0.0,0.0,0.0,0.0,0.0,0.0,0.0,0,53
2024-25,26,354,Mateo Kovačić,MID,Man City,13,12,1,2025-02-23T16:30:00Z,12,1,0,0,0,0,0,2,4.8,6.3,0.0,1.1,0.0,0.07,0.07,0.15,0,54
2024-25,26,355,Rico Lewis,DEF,Man City,13,12,1,2025-02-23T16:30:00Z,90,1,0,0,0,2,0,8,14.8,10.2,7.0,3.2,0.22,0.07,0.29,0.71,1,44
2024-25,26,356,Matheus Luiz Nunes,MID,Man City,13,12,1,2025-02-23T16:30:00Z,0,0,0,0,0,0,0,0,0.0,0.0,0.0,0.0,0.0,0.0,0.0,0.0,0,49
2024-25,26,357,James McAtee,MID,Man City,13,12,1,2025-02-23T16:30:00Z,24,1,0,0,0,0,0,3,1.8,0.8,2.0,0.5,0.0,0.0,0.0,0.19,0,46
2024-25,26,358,Stefan Ortega Moreno,GK,Man City,13,12,1,2025-02-23T16:30:00Z,0,0,0,0,0,0,0,0,0.0,0.0,0.0,0.0,0.0,0.0,0.0,0.0,0,52
2024-25,26,359,Kalvin Phillips,MID,Ipswich,10,18,1,2025-02-22T15:00:00Z,79,2,0,0,0,3,0,11,14.0,16.1,2.0,3.2,0.02,0.09,0.11,1.67,1,48
2024-25,26,360,Rodrigo 'Rodri' Hernandez,MID,Man City,13,12,1,2025-02-23T16:30:00Z,0,0,0,0,0,0,0,0,0.0,0.0,0.0,0.0,0.0,0.0,0.0,0.0,0,62
2024-25,26,361,Rúben Gato Alves Dias,DEF,Man City,13,12,1,2025-02-23T16:30:00Z,13,1,0,0,0,0,0,2,0.0,0.8,0.0,0.0,0.0,0.01,0.01,0.15,0,54
2024-25,26,362,John Stones,DEF,Man City,13,12,1,2025-02-23T16:30:00Z,0,0,0,0,0,0,0,0,0.0,0.0,0.0,0.0,0.0,0.0,0.0,0.0,0,53
2024-25,26,363,Kyle Walker,DEF,Man City,13,12,1,2025-02-23T16:30:00Z,0,0,0,0,0,0,0,0,0.0,0.0,0.0,0.0,0.0,0.0,0.0,0.0,0,51
2024-25,26,364,Amad Diallo,MID,Man Utd,14,8,0,2025-02-22T12:30:00Z,0,0,0,0,0,0,0,0,0.0,0.0,0.0,0.0,0.0,0.0,0.0,0.0,0,55
2024-25,26,365,Antony Matheus dos Santos,MID,Man Utd,14,8,0,2025-02-22T12:30:00Z,0,0,0,0,0,0,0,0,0.0,0.0,0.0,0.0,0.0,0.0,0.0,0.0,0,57
2024-25,26,366,Bruno Borges Fernandes,MID,Man Utd,14,8,0,2025-02-22T12:30:00Z,90,10,1,0,0,2,3,45,61.0,52.2,18.0,13.1,0.12,0.31,0.43,1.91,1,83
2024-25,26,367,Altay Bayindir,GK,Man Utd,14,8,0,2025-02-22T12:30:00Z,0,0,0,0,0,0,0,0,0.0,0.0,0.0,0.0,0.0,0.0,0.0,0.0,0,43
2024-25,26,368,Carlos Henrique Casimiro,MID,Man Utd,14,8,0,2025-02-22T12:30:00Z,61,2,0,0,0,2,0,7,15.0,4.7,0.0,2.0,0.0,0.02,0.02,1.59,1,47
2024-25,26,369,Diogo Dalot Teixeira,DEF,Man Utd,14,8,0,2025-02-22T12:30:00Z,90,1,0,0,0,2,0,3,9.4,13.3,2.0,2.5,0.0,0.03,0.03,1.91,1,50
2024-25,26,370,Christian Eriksen,MID,Man Utd,14,8,0,2025-02-22T12:30:00Z,0,0,0,0,0,0,0,0,0.0,0.0,0.0,0.0,0.0,0.0,0.0,0.0,0,52
2024-25,26,371,Jonny Evans,DEF,Man Utd,14,8,0,2025-02-22T12:30:00Z,0,0,0,0,0,0,0,0,0.0,0.0,0.0,0.0,0.0,0.0,0.0,0.0,0,44
2024-25,26,372,Alejandro Garnacho,MID,Man Utd,14,8,0,2025-02-22T12:30:00Z,28,1,0,0,0,0,0,5,1.8,2.3,7.0,1.1,0.06,0.04,0.1,0.32,0,59
2024-25,26,373,Hannibal Mejbri,MID,Man Utd,14,8,0,2025-02-22T12:30:00Z,0,0,0,0,0,0,0,0,0.0,0.0,0.0,0.0,0.0,0.0,0.0,0.0,0,45
2024-25,26,374,Tom Heaton,GK,Man Utd,14,8,0,2025-02-22T12:30:00Z,0,0,0,0,0,0,0,0,0.0,0.0,0.0,0.0,0.0,0.0,0.0,0.0,0,39
2024-25,26,375,Rasmus Højlund,FWD,Man Utd,14,8,0,2025-02-22T12:30:00Z,69,2,0,0,0,2,0,4,0.0,10.8,6.0,1.7,0.0,0.01,0.01,1.76,1,69
2024-25,26,376,Victor Lindelöf,DEF,Man Utd,14,8,0,2025-02-22T12:30:00Z,0,0,0,0,0,0,0,0,0.0,0.0,0.0,0.0,0.0,0.0,0.0,0.0,0,43
2024-25,26,377,Harry Maguire,DEF,Man Utd,14,8,0,2025-02-22T12:30:00Z,90,1,0,0,0,2,0,12,27.4,0.8,2.0,3.0,0.0,0.0,0.0,1.91,1,49
2024-25,26,378,Kobbie Mainoo,MID,Man Utd,14,8,0,2025-02-22T12:30:00Z,0,0,0,0,0,0,0,0,0.0,0.0,0.0,0.0,0.0,0.0,0.0,0.0,0,52
2024-25,26,379,Tyrell Malacia,DEF,Man Utd,14,8,0,2025-02-22T12:30:00Z,0,0,0,0,0,0,0,0,0.0,0.0,0.0,0.0,0.0,0.0,0.0,0.0,0,44
2024-25,26,380,Lisandro Martínez,DEF,Man Utd,14,8,0,2025-02-22T12:30:00Z,0,0,0,0,0,0,0,0,0.0,0.0,0.0,0.0,0.0,0.0,0.0,0.0,0,44
2024-25,26,381,Scott McTominay,MID,Man Utd,14,8,0,2025-02-22T12:30:00Z,0,0,0,0,0,0,0,0,0.0,0.0,0.0,0.0,0.0,0.0,0.0,0.0,0,49
2024-25,26,382,Mason Mount,MID,Man Utd,14,8,0,2025-02-22T12:30:00Z,0,0,0,0,0,0,0,0,0.0,0.0,0.0,0.0,0.0,0.0,0.0,0.0,0,63
2024-25,26,383,André Onana,GK,Man Utd,14,8,0,2025-02-22T12:30:00Z,90,3,0,0,0,2,0,12,46.0,0.0,0.0,4.6,0.0,0.0,0.0,1.91,1,50
2024-25,26,384,Facundo Pellistri Rebollo,MID,Man Utd,14,8,0,2025-02-22T12:30:00Z,0,0,0,0,0,0,0,0,0.0,0.0,0.0,0.0,0.0,0.0,0.0,0.0,0,50
2024-25,26,385,Marcus Rashford,MID,Aston Villa,2,6,1,2025-02-22T17:30:00Z,45,9,0,2,0,0,2,32,41.6,42.3,16.0,10.0,0.06,0.94,1.0,0.77,0,66
2024-25,26,386,Jadon Sancho,MID,Chelsea,6,2,0,2025-02-22T17:30:00Z,14,1,0,0,0,1,0,6,5.0,10.8,2.0,1.8,0.0,0.01,0.01,0.51,0,62
2024-25,26,387,Luke Shaw,DEF,Man Utd,14,8,0,2025-02-22T12:30:00Z,0,0,0,0,0,0,0,0,0.0,0.0,0.0,0.0,0.0,0.0,0.0,0.0,0,49
2024-25,26,388,Aaron Wan-Bissaka,DEF,West Ham,19,1,0,2025-02-22T15:00:00Z,90,12,0,1,1,0,3,40,40.4,26.0,19.0,8.5,0.03,0.33,0.36,1.22,1,44
2024-25,26,389,Joshua Zirkzee,FWD,Man Utd,14,8,0,2025-02-22T12:30:00Z,90,2,0,0,0,2,0,-4,0.0,12.1,15.0,2.5,0.16,0.02,0.18,1.91,1,65
2024-25,26,390,Alex Murphy,DEF,Newcastle,15,16,1,2025-02-23T14:00:00Z,0,0,0,0,0,0,0,0,0.0,0.0,0.0,0.0,0.0,0.0,0.0,0.0,0,40
2024-25,26,391,Miguel Almirón Rejala,MID,Newcastle,15,16,1,2025-02-23T14:00:00Z,0,0,0,0,0,0,0,0,0.0,0.0,0.0,0.0,0.0,0.0,0.0,0.0,0,54
2024-25,26,392,Harvey Barnes,MID,Newcastle,15,16,1,2025-02-23T14:00:00Z,20,1,0,0,0,1,0,2,0.2,0.1,5.0,0.5,0.03,0.0,0.03,0.69,0,59
2024-25,26,393,Sven Botman,DEF,Newcastle,15,16,1,2025-02-23T14:00:00Z,0,0,0,0,0,0,0,0,0.0,0.0,0.0,0.0,0.0,0.0,0.0,0.0,0,44
2024-25,26,394,Bruno Guimarães Rodriguez Moura,MID,Newcastle,15,16,1,2025-02-23T14:00:00Z,90,2,0,0,0,3,0,10,7.2,1.7,9.0,1.8,0.08,0.03,0.11,2.18,1,61
2024-25,26,395,Dan Burn,DEF,Newcastle,15,16,1,2025-02-23T14:00:00Z,90,1,0,0,0,3,0,4,25.8,0.8,2.0,2.9,0.0,0.0,0.0,2.18,1,44
2024-25,26,396,Martin Dúbravka,GK,Newcastle,15,16,1,2025-02-23T14:00:00Z,0,0,0,0,0,0,0,0,0.0,0.0,0.0,0.0,0.0,0.0,0.0,0.0,0,43
2024-25,26,397,Ryan Fraser,MID,Southampton,17,5,1,2025-02-22T15:00:00Z,0,0,0,0,0,0,0,0,0.0,0.0,0.0,0.0,0.0,0.0,0.0,0.0,0,48
2024-25,26,398,Anthony Gordon,MID,Newcastle,15,16,1,2025-02-23T14:00:00Z,90,2,0,0,0,3,0,8,1.6,5.4,18.0,2.5,0.45,0.04,0.49,2.18,1,75
2024-25,26,399,Lewis Hall,DEF,Newcastle,15,16,1,2025-02-23T14:00:00Z,90,9,0,2,0,3,2,34,52.4,44.8,4.0,10.1,0.0,0.22,0.22,2.18,1,50
2024-25,26,400,Isaac Hayden,MID,Newcastle,15,16,1,2025-02-23T14:00:00Z,0,0,0,0,0,0,0,0,0.0,0.0,0.0,0.0,0.0,0.0,0.0,0.0,0,44
2024-25,26,401,Alexander Isak,FWD,Newcastle,15,16,1,2025-02-23T14:00:00Z,86,13,2,0,0,2,3,57,75.0,3.0,49.0,12.7,0.97,0.01,0.98,1.6,1,95
2024-25,26,402,Jacob Murphy,MID,Newcastle,15,16,1,2025-02-23T14:00:00Z,69,7,1,0,0,2,0,25,36.6,2.6,72.0,11.1,1.27,0.02,1.29,1.49,1,51
2024-25,26,403,Joelinton Cássio Apolinário de Lira,MID,Newcastle,15,16,1,2025-02-23T14:00:00Z,0,0,0,0,0,0,0,0,0.0,0.0,0.0,0.0,0.0,0.0,0.0,0.0,0,60
2024-25,26,404,Lloyd Kelly,DEF,Newcastle,15,16,1,2025-02-23T14:00:00Z,0,0,0,0,0,0,0,0,0.0,0.0,0.0,0.0,0.0,0.0,0.0,0.0,0,42
2024-25,26,405,Emil Krafth,DEF,Newcastle,15,16,1,2025-02-23T14:00:00Z,0,0,0,0,0,0,0,0,0.0,0.0,0.0,0.0,0.0,0.0,0.0,0.0,0,43
2024-25,26,406,Garang Kuol,MID,Newcastle,15,16,1,2025-02-23T14:00:00Z,0,0,0,0,0,0,0,0,0.0,0.0,0.0,0.0,0.0,0.0,0.0,0.0,0,44
2024-25,26,407,Jamaal Lascelles,DEF,Newcastle,15,16,1,2025-02-23T14:00:00Z,0,0,0,0,0,0,0,0,0.0,0.0,0.0,0.0,0.0,0.0,0.0,0.0,0,45
2024-25,26,408,Jamal Lewis,DEF,Newcastle,15,16,1,2025-02-23T14:00:00Z,0,0,0,0,0,0,0,0,0.0,0.0,0.0,0.0,0.0,0.0,0.0,0.0,0,40
2024-25,26,409,Tino Livramento,DEF,Newcastle,15,16,1,2025-02-23T14:00:00Z,90,0,0,0,0,3,0,7,26.2,22.1,2.0,5.0,0.0,0.31,0.31,2.18,1,45
2024-25,26,410,Sean Longstaff,MID,Newcastle,15,16,1,2025-02-23T14:00:00Z,0,0,0,0,0,0,0,0,0.0,0.0,0.0,0.0,0.0,0.0,0.0,0.0,0,45
2024-25,26,411,Lewis Miley,MID,Newcastle,15,16,1,2025-02-23T14:00:00Z,90,8,1,0,0,3,1,31,51.8,14.3,26.0,9.2,0.16,0.04,0.2,2.18,1,50
2024-25,26,412,Odysseas Vlachodimos,GK,Newcastle,15,16,1,2025-02-23T14:00:00Z,0,0,0,0,0,0,0,0,0.0,0.0,0.0,0.0,0.0,0.0,0.0,0.0,0,43
2024-25,26,413,Nick Pope,GK,Newcastle,15,16,1,2025-02-23T14:00:00Z,90,1,0,0,0,3,0,1,10.2,0.0,0.0,1.0,0.0,0.0,0.0,2.18,1,49
2024-25,26,414,John Ruddy,GK,Newcastle,15,16,1,2025-02-23T14:00:00Z,0,0,0,0,0,0,0,0,0.0,0.0,0.0,0.0,0.0,0.0,0.0,0.0,0,39
2024-25,26,415,Fabian Schär,DEF,Newcastle,15,16,1,2025-02-23T14:00:00Z,90,1,0,0,0,3,0,1,27.6,0.5,6.0,3.4,0.07,0.0,0.07,2.18,1,54
2024-25,26,416,Matt Targett,DEF,Newcastle,15,16,1,2025-02-23T14:00:00Z,0,0,0,0,0,0,0,0,0.0,0.0,0.0,0.0,0.0,0.0,0.0,0.0,0,40
2024-25,26,417,Sandro Tonali,MID,Newcastle,15,16,1,2025-02-23T14:00:00Z,20,1,0,0,0,1,0,4,3.4,0.1,0.0,0.4,0.0,0.0,0.0,0.69,0,55
2024-25,26,418,Kieran Trippier,DEF,Newcastle,15,16,1,2025-02-23T14:00:00Z,0,0,0,0,0,0,0,0,0.0,0.0,0.0,0.0,0.0,0.0,0.0,0.0,0,56
2024-25,26,419,Joe White,MID,Newcastle,15,16,1,2025-02-23T14:00:00Z,0,0,0,0,0,0,0,0,0.0,0.0,0.0,0.0,0.0,0.0,0.0,0.0,0,45
2024-25,26,420,Joe Willock,MID,Newcastle,15,16,1,2025-02-23T14:00:00Z,69,5,0,1,0,2,0,16,33.6,26.1,4.0,6.4,0.0,0.11,0.11,1.49,1,47
2024-25,26,421,Callum Wilson,FWD,Newcastle,15,16,1,2025-02-23T14:00:00Z,3,1,0,0,0,1,0,2,0.0,0.0,5.0,0.5,0.04,0.0,0.04,0.58,0,69
2024-25,26,422,Ola Aina,DEF,Nott'm Forest,16,15,0,2025-02-23T14:00:00Z,90,0,0,0,0,4,0,-9,0.6,15.4,7.0,2.3,0.01,0.07,0.08,3.05,1,54
2024-25,26,423,Elliot Anderson,MID,Nott'm Forest,16,15,0,2025-02-23T14:00:00Z,76,1,0,0,0,4,0,15,12.6,22.0,8.0,4.3,0.16,0.16,0.32,2.98,1,50
2024-25,26,424,Taiwo Awoniyi,FWD,Nott'm Forest,16,15,0,2025-02-23T14:00:00Z,0,0,0,0,0,0,0,0,0.0,0.0,0.0,0.0,0.0,0.0,0.0,0.0,0,55
2024-25,26,425,Willy Boly,DEF,Nott'm Forest,16,15,0,2025-02-23T14:00:00Z,0,0,0,0,0,0,0,0,0.0,0.0,0.0,0.0,0.0,0.0,0.0,0.0,0,42
2024-25,26,426,Josh Bowler,MID,Nott'm Forest,16,15,0,2025-02-23T14:00:00Z,0,0,0,0,0,0,0,0,0.0,0.0,0.0,0.0,0.0,0.0,0.0,0.0,0,45
2024-25,26,427,Carlos Miguel dos Santos Pereira,GK,Nott'm Forest,16,15,0,2025-02-23T14:00:00Z,0,0,0,0,0,0,0,0,0.0,0.0,0.0,0.0,0.0,0.0,0.0,0.0,0,41
2024-25,26,428,Eric da Silva Moreira,MID,Nott'm Forest,16,15,0,2025-02-23T14:00:00Z,0,0,0,0,0,0,0,0,0.0,0.0,0.0,0.0,0.0,0.0,0.0,0.0,0,44
2024-25,26,429,Danilo dos Santos de Oliveira,MID,Nott'm Forest,16,15,0,2025-02-23T14:00:00Z,0,0,0,0,0,0,0,0,0.0,0.0,0.0,0.0,0.0,0.0,0.0,0.0,0,47
2024-25,26,430,Emmanuel Dennis,FWD,Nott'm Forest,16,15,0,2025-02-23T14:00:00Z,0,0,0,0,0,0,0,0,0.0,0.0,0.0,0.0,0.0,0.0,0.0,0.0,0,49
2024-25,26,431,Nicolás Domínguez,MID,Nott'm Forest,16,15,0,2025-02-23T14:00:00Z,75,1,0,0,0,4,0,16,16.4,16.3,0.0,3.3,0.0,0.03,0.03,2.98,1,48
2024-25,26,432,Anthony Elanga,MID,Nott'm Forest,16,15,0,2025-02-23T14:00:00Z,90,2,0,0,0,4,0,1,8.6,30.0,15.0,5.4,0.76,0.09,0.85,3.05,1,53
2024-25,26,433,Morgan Gibbs-White,MID,Nott'm Forest,16,15,0,2025-02-23T14:00:00Z,90,5,0,1,0,4,0,19,13.6,24.3,23.0,6.1,0.34,0.15,0.49,3.05,1,65
2024-25,26,434,Callum Hudson-Odoi,MID,Nott'm Forest,16,15,0,2025-02-23T14:00:00Z,90,8,1,0,0,4,1,31,42.0,12.8,16.0,7.1,0.05,0.03,0.08,3.05,1,52
2024-25,26,435,Alex Mighten,MID,Nott'm Forest,16,15,0,2025-02-23T14:00:00Z,0,0,0,0,0,0,0,0,0.0,0.0,0.0,0.0,0.0,0.0,0.0,0.0,0,45
2024-25,26,436,Murillo Santiago Costa dos Santos,DEF,Nott'm Forest,16,15,0,2025-02-23T14:00:00Z,90,0,0,0,0,4,0,3,35.2,6.3,4.0,4.6,0.06,0.05,0.11,3.05,1,47
2024-25,26,437,Neco Williams,DEF,Nott'm Forest,16,15,0,2025-02-23T14:00:00Z,90,0,0,0,0,4,0,-4,12.8,13.5,4.0,3.0,0.0,0.14,0.14,3.05,1,44
2024-25,26,438,Omar Richards,DEF,Nott'm Forest,16,15,0,2025-02-23T14:00:00Z,0,0,0,0,0,0,0,0,0.0,0.0,0.0,0.0,0.0,0.0,0.0,0.0,0,45
2024-25,26,439,Lewis O'Brien,MID,Nott'm Forest,16,15,0,2025-02-23T14:00:00Z,0,0,0,0,0,0,0,0,0.0,0.0,0.0,0.0,0.0,0.0,0.0,0.0,0,50
2024-25,26,440,Andrew Omobamidele,DEF,Nott'm Forest,16,15,0,2025-02-23T14:00:00Z,0,0,0,0,0,0,0,0,0.0,0.0,0.0,0.0,0.0,0.0,0.0,0.0,0,42
2024-25,26,441,Jonathan Panzo,DEF,Nott'm Forest,16,15,0,2025-02-23T14:00:00Z,0,0,0,0,0,0,0,0,0.0,0.0,0.0,0.0,0.0,0.0,0.0,0.0,0,40
2024-25,26,442,Ibrahim Sangaré,MID,Nott'm Forest,16,15,0,2025-02-23T14:00:00Z,13,1,0,0,0,0,0,2,6.2,0.1,0.0,0.6,0.0,0.0,0.0,0.07,0,43
2024-25,26,443,Matz Sels,GK,Nott'm Forest,16,15,0,2025-02-23T14:00:00Z,90,0,0,0,0,4,0,-6,9.6,0.0,0.0,1.0,0.0,0.0,0.0,3.05,1,50
2024-25,26,444,Harry Toffolo,DEF,Nott'm Forest,16,15,0,2025-02-23T14:00:00Z,0,0,0,0,0,0,0,0,0.0,0.0,0.0,0.0,0.0,0.0,0.0,0.0,0,42
2024-25,26,445,Matt Turner,GK,Crystal Palace,7,9,0,2025-02-22T15:00:00Z,0,0,0,0,0,0,0,0,0.0,0.0,0.0,0.0,0.0,0.0,0.0,0.0,0,39
2024-25,26,446,Hwang Ui-jo,FWD,Nott'm Forest,16,15,0,2025-02-23T14:00:00Z,0,0,0,0,0,0,0,0,0.0,0.0,0.0,0.0,0.0,0.0,0.0,0.0,0,45
2024-25,26,447,Chris Wood,FWD,Nott'm Forest,16,15,0,2025-02-23T14:00:00Z,90,5,0,1,0,4,0,22,24.6,32.1,9.0,6.6,0.02,0.68,0.7,3.05,1,71
2024-25,26,448,Joe Worrall,DEF,Nott'm Forest,16,15,0,2025-02-23T14:00:00Z,0,0,0,0,0,0,0,0,0.0,0.0,0.0,0.0,0.0,0.0,0.0,0.0,0,45
2024-25,26,449,Ryan Yates,MID,Nott'm Forest,16,15,0,2025-02-23T14:00:00Z,14,5,1,0,0,0,0,19,30.4,0.3,37.0,6.8,0.42,0.0,0.42,0.07,0,48
2024-25,26,450,Carlos Alcaraz Durán,MID,Everton,8,14,1,2025-02-22T12:30:00Z,9,1,0,0,0,0,0,4,7.2,0.5,0.0,0.8,0.0,0.01,0.01,0.26,0,49
2024-25,26,451,Samuel Amo-Ameyaw,MID,Southampton,17,5,1,2025-02-22T15:00:00Z,0,0,0,0,0,0,0,0,0.0,0.0,0.0,0.0,0.0,0.0,0.0,0.0,0,44
2024-25,26,452,Joe Aribo,MID,Southampton,17,5,1,2025-02-22T15:00:00Z,90,2,0,0,0,4,0,9,20.0,1.0,0.0,2.1,0.0,0.0,0.0,3.97,1,49
2024-25,26,453,Adam Armstrong,FWD,Southampton,17,5,1,2025-02-22T15:00:00Z,0,0,0,0,0,0,0,0,0.0,0.0,0.0,0.0,0.0,0.0,0.0,0.0,0,51
2024-25,26,454,Gavin Bazunu,GK,Southampton,17,5,1,2025-02-22T15:00:00Z,0,0,0,0,0,0,0,0,0.0,0.0,0.0,0.0,0.0,0.0,0.0,0.0,0,43
2024-25,26,455,Jan Bednarek,DEF,Southampton,17,5,1,2025-02-22T15:00:00Z,11,1,0,0,0,0,0,3,0.8,0.2,0.0,0.1,0.0,0.0,0.0,0.16,1,40
2024-25,26,456,Armel Bella-Kotchap,DEF,Southampton,17,5,1,2025-02-22T15:00:00Z,78,0,0,0,0,4,0,1,18.6,0.5,0.0,1.9,0.0,0.0,0.0,3.81,0,39
2024-25,26,457,James Bree,DEF,Southampton,17,5,1,2025-02-22T15:00:00Z,90,0,0,0,0,4,0,1,8.0,5.8,0.0,1.4,0.0,0.08,0.08,3.97,1,39
2024-25,26,458,Shea Charles,MID,Southampton,17,5,1,2025-02-22T15:00:00Z,0,0,0,0,0,0,0,0,0.0,0.0,0.0,0.0,0.0,0.0,0.0,0.0,0,45
2024-25,26,459,Samuel Edozie,MID,Southampton,17,5,1,2025-02-22T15:00:00Z,0,0,0,0,0,0,0,0,0.0,0.0,0.0,0.0,0.0,0.0,0.0,0.0,0,49
2024-25,26,460,Ronnie Edwards,DEF,Southampton,17,5,1,2025-02-22T15:00:00Z,0,0,0,0,0,0,0,0,0.0,0.0,0.0,0.0,0.0,0.0,0.0,0.0,0,39
2024-25,26,461,Taylor Harwood-Bellis,DEF,Southampton,17,5,1,2025-02-22T15:00:00Z,0,0,0,0,0,0,0,0,0.0,0.0,0.0,0.0,0.0,0.0,0.0,0.0,0,40
2024-25,26,462,Kamaldeen Sulemana,MID,Southampton,17,5,1,2025-02-22T15:00:00Z,90,2,0,0,0,4,0,4,6.4,10.7,17.0,3.4,0.02,0.0,0.02,3.97,1,50
2024-25,26,463,Adam Lallana,MID,Southampton,17,5,1,2025-02-22T15:00:00Z,0,0,0,0,0,0,0,0,0.0,0.0,0.0,0.0,0.0,0.0,0.0,0.0,0,50
2024-25,26,464,Juan Larios López,DEF,Southampton,17,5,1,2025-02-22T15:00:00Z,0,0,0,0,0,0,0,0,0.0,0.0,0.0,0.0,0.0,0.0,0.0,0.0,0,39
2024-25,26,465,Mateusz Lis,GK,Southampton,17,5,1,2025-02-22T15:00:00Z,0,0,0,0,0,0,0,0,0.0,0.0,0.0,0.0,0.0,0.0,0.0,0.0,0,40
2024-25,26,466,Joe Lumley,GK,Southampton,17,5,1,2025-02-22T15:00:00Z,0,0,0,0,0,0,0,0,0.0,0.0,0.0,0.0,0.0,0.0,0.0,0.0,0,40
2024-25,26,467,Ryan Manning,DEF,Southampton,17,5,1,2025-02-22T15:00:00Z,0,0,0,0,0,0,0,0,0.0,0.0,0.0,0.0,0.0,0.0,0.0,0.0,0,43
2024-25,26,468,Sékou Mara,FWD,Southampton,17,5,1,2025-02-22T15:00:00Z,0,0,0,0,0,0,0,0,0.0,0.0,0.0,0.0,0.0,0.0,0.0,0.0,0,50
2024-25,26,469,Alex McCarthy,GK,Southampton,17,5,1,2025-02-22T15:00:00Z,0,0,0,0,0,0,0,0,0.0,0.0,0.0,0.0,0.0,0.0,0.0,0.0,0,43
2024-25,26,470,Paul Onuachu,FWD,Southampton,17,5,1,2025-02-22T15:00:00Z,18,1,0,0,0,1,0,2,0.0,0.2,2.0,0.1,0.0,0.0,0.0,1.52,0,49
2024-25,26,471,Will Smallbone,MID,Southampton,17,5,1,2025-02-22T15:00:00Z,18,1,0,0,0,1,0,5,3.4,0.2,0.0,0.4,0.0,0.0,0.0,1.52,0,50
2024-25,26,472,Jack Stephens,DEF,Southampton,17,5,1,2025-02-22T15:00:00Z,0,0,0,0,0,0,0,0,0.0,0.0,0.0,0.0,0.0,0.0,0.0,0.0,0,40
2024-25,26,473,Ross Stewart,FWD,Southampton,17,5,1,2025-02-22T15:00:00Z,0,0,0,0,0,0,0,0,0.0,0.0,0.0,0.0,0.0,0.0,0.0,0.0,0,44
2024-25,26,474,Sugawara Yukinari,DEF,Southampton,17,5,1,2025-02-22T15:00:00Z,45,0,0,0,0,3,0,-11,1.0,0.5,7.0,0.9,0.02,0.0,0.02,2.74,0,42
2024-25,26,475,Charlie Taylor,DEF,Southampton,17,5,1,2025-02-22T15:00:00Z,0,0,0,0,0,0,0,0,0.0,0.0,0.0,0.0,0.0,0.0,0.0,0.0,0,39
2024-25,26,476,Kyle Walker-Peters,DEF,Southampton,17,5,1,2025-02-22T15:00:00Z,90,0,0,0,0,4,0,1,4.4,3.6,0.0,0.8,0.0,0.02,0.02,3.97,1,43
2024-25,26,477,Nathan Wood-Gordon,DEF,Southampton,17,5,1,2025-02-22T15:00:00Z,0,0,0,0,0,0,0,0,0.0,0.0,0.0,0.0,0.0,0.0,0.0,0.0,0,40
2024-25,26,478,Ashley Phillips,DEF,Spurs,18,10,0,2025-02-22T15:00:00Z,0,0,0,0,0,0,0,0,0.0,0.0,0.0,0.0,0.0,0.0,0.0,0.0,0,40
2024-25,26,479,Brandon Austin,GK,Spurs,18,10,0,2025-02-22T15:00:00Z,0,0,0,0,0,0,0,0,0.0,0.0,0.0,0.0,0.0,0.0,0.0,0.0,0,40
2024-25,26,480,Rodrigo Bentancur,MID,Spurs,18,10,0,2025-02-22T15:00:00Z,90,2,0,0,0,1,0,18,17.8,3.8,19.0,4.1,0.17,0.01,0.18,1.15,1,49
2024-25,26,481,Lucas Bergvall,MID,Spurs,18,10,0,2025-02-22T15:00:00Z,84,2,0,0,0,1,0,11,10.0,2.6,5.0,1.8,0.07,0.02,0.09,1.13,1,44
2024-25,26,482,Yves Bissouma,MID,Spurs,18,10,0,2025-02-22T15:00:00Z,5,1,0,0,0,0,0,3,2.0,2.6,0.0,0.5,0.0,0.0,0.0,0.03,0,48
2024-25,26,483,Bryan Gil Salvatierra,MID,Spurs,18,10,0,2025-02-22T15:00:00Z,0,0,0,0,0,0,0,0,0.0,0.0,0.0,0.0,0.0,0.0,0.0,0.0,0,50
2024-25,26,484,Ben Davies,DEF,Spurs,18,10,0,2025-02-22T15:00:00Z,0,0,0,0,0,0,0,0,0.0,0.0,0.0,0.0,0.0,0.0,0.0,0.0,0,43
2024-25,26,485,Alfie Devine,MID,Spurs,18,10,0,2025-02-22T15:00:00Z,0,0,0,0,0,0,0,0,0.0,0.0,0.0,0.0,0.0,0.0,0.0,0.0,0,45
2024-25,26,486,Radu Drăgușin,DEF,Spurs,18,10,0,2025-02-22T15:00:00Z,0,0,0,0,0,0,0,0,0.0,0.0,0.0,0.0,0.0,0.0,0.0,0.0,0,43
2024-25,26,487,Emerson Leite de Souza Junior,DEF,Spurs,18,10,0,2025-02-22T15:00:00Z,0,0,0,0,0,0,0,0,0.0,0.0,0.0,0.0,0.0,0.0,0.0,0.0,0,45
2024-25,26,488,Fraser Forster,GK,Spurs,18,10,0,2025-02-22T15:00:00Z,0,0,0,0,0,0,0,0,0.0,0.0,0.0,0.0,0.0,0.0,0.0,0.0,0,43
2024-25,26,489,Archie Gray,MID,Spurs,18,10,0,2025-02-22T15:00:00Z,90,2,0,0,0,1,0,16,12.6,10.9,0.0,2.4,0.0,0.01,0.01,1.15,1,46
2024-25,26,490,Pierre-Emile Højbjerg,MID,Spurs,18,10,0,2025-02-22T15:00:00Z,0,0,0,0,0,0,0,0,0.0,0.0,0.0,0.0,0.0,0.0,0.0,0.0,0,50
2024-25,26,491,Brennan Johnson,MID,Spurs,18,10,0,2025-02-22T15:00:00Z,63,14,2,0,0,1,3,44,66.6,1.3,55.0,12.3,1.15,0.0,1.15,1.03,1,62
2024-25,26,492,Dejan Kulusevski,MID,Spurs,18,10,0,2025-02-22T15:00:00Z,90,9,1,0,0,1,2,32,47.4,33.7,19.0,10.0,0.05,0.07,0.12,1.15,1,63
2024-25,26,493,Giovani Lo Celso,MID,Spurs,18,10,0,2025-02-22T15:00:00Z,0,0,0,0,0,0,0,0,0.0,0.0,0.0,0.0,0.0,0.0,0.0,0.0,0,49
2024-25,26,494,James Maddison,MID,Spurs,18,10,0,2025-02-22T15:00:00Z,26,4,0,1,0,0,0,15,19.6,13.8,4.0,3.7,0.0,0.07,0.07,0.13,0,74
2024-25,26,495,Pedro Porro,DEF,Spurs,18,10,0,2025-02-22T15:00:00Z,25,1,0,0,0,0,0,4,6.8,0.8,0.0,0.8,0.0,0.0,0.0,0.13,0,54
2024-25,26,496,Sergio Reguilón,DEF,Spurs,18,10,0,2025-02-22T15:00:00Z,0,0,0,0,0,0,0,0,0.0,0.0,0.0,0.0,0.0,0.0,0.0,0.0,0,42
2024-25,26,497,Richarlison de Andrade,FWD,Spurs,18,10,0,2025-02-22T15:00:00Z,0,0,0,0,0,0,0,0,0.0,0.0,0.0,0.0,0.0,0.0,0.0,0.0,0,68
2024-25,26,498,Cristian Romero,DEF,Spurs,18,10,0,2025-02-22T15:00:00Z,0,0,0,0,0,0,0,0,0.0,0.0,0.0,0.0,0.0,0.0,0.0,0.0,0,49
2024-25,26,499,Pape Matar Sarr,MID,Spurs,18,10,0,2025-02-22T15:00:00Z,0,0,0,0,0,0,0,0,0.0,0.0,0.0,0.0,0.0,0.0,0.0,0.0,0,48
2024-25,26,500,Dane Scarlett,FWD,Spurs,18,10,0,2025-02-22T15:00:00Z,16,4,0,1,0,0,0,13,21.4,10.0,0.0,3.1,0.0,0.0,0.0,0.03,0,44
2024-25,26,501,Oliver Skipp,MID,Leicester,11,4,1,2025-02-21T20:00:00Z,13,1,0,0,0,1,0,3,0.8,0.3,2.0,0.3,0.0,0.0,0.0,0.29,0,47
2024-25,26,502,Manor Solomon,MID,Spurs,18,10,0,2025-02-22T15:00:00Z,0,0,0,0,0,0,0,0,0.0,0.0,0.0,0.0,0.0,0.0,0.0,0.0,0,54
2024-25,26,503,Son Heung-min,MID,Spurs,18,10,0,2025-02-22T15:00:00Z,73,8,0,2,0,1,0,29,37.0,40.7,31.0,10.9,0.18,0.26,0.44,1.13,1,97
2024-25,26,504,Djed Spence,DEF,Spurs,18,10,0,2025-02-22T15:00:00Z,90,8,1,0,0,1,0,26,43.0,5.3,19.0,6.7,0.11,0.01,0.12,1.15,1,44
2024-25,26,505,Destiny Udogie,DEF,Spurs,18,10,0,2025-02-22T15:00:00Z,64,2,0,0,0,1,0,8,22.6,2.0,2.0,2.7,0.0,0.01,0.01,1.03,1,48
2024-25,26,506,Micky van de Ven,DEF,Spurs,18,10,0,2025-02-22T15:00:00Z,0,0,0,0,0,0,0,0,0.0,0.0,0.0,0.0,0.0,0.0,0.0,0.0,0,45
2024-25,26,507,Alejo Véliz,FWD,Spurs,18,10,0,2025-02-22T15:00:00Z,0,0,0,0,0,0,0,0,0.0,0.0,0.0,0.0,0.0,0.0,0.0,0.0,0,50
2024-25,26,508,Guglielmo Vicario,GK,Spurs,18,10,0,2025-02-22T15:00:00Z,90,3,0,0,0,1,0,11,27.8,0.0,0.0,2.8,0.0,0.0,0.0,1.15,1,48
2024-25,26,509,Timo Werner,MID,Spurs,18,10,0,2025-02-22T15:00:00Z,0,0,0,0,0,0,0,0,0.0,0.0,0.0,0.0,0.0,0.0,0.0,0.0,0,62
2024-25,26,510,Alfie Whiteman,GK,Spurs,18,10,0,2025-02-22T15:00:00Z,0,0,0,0,0,0,0,0,0.0,0.0,0.0,0.0,0.0,0.0,0.0,0.0,0,39
2024-25,26,511,Edson Álvarez Velázquez,MID,West Ham,19,1,0,2025-02-22T15:00:00Z,87,3,0,0,1,0,0,3,7.4,3.4,0.0,1.1,0.0,0.01,0.01,1.04,1,50
2024-25,26,512,Michail Antonio,FWD,West Ham,19,1,0,2025-02-22T15:00:00Z,0,0,0,0,0,0,0,0,0.0,0.0,0.0,0.0,0.0,0.0,0.0,0.0,0,53
2024-25,26,513,Alphonse Areola,GK,West Ham,19,1,0,2025-02-22T15:00:00Z,90,6,0,0,1,0,0,24,15.6,0.0,0.0,1.6,0.0,0.0,0.0,1.22,1,42
2024-25,26,514,Jarrod Bowen,MID,West Ham,19,1,0,2025-02-22T15:00:00Z,81,10,1,0,1,0,2,28,35.6,1.7,37.0,7.4,0.92,0.02,0.94,0.83,1,73
2024-25,26,515,Maxwel Cornet,MID,Southampton,17,5,1,2025-02-22T15:00:00Z,0,0,0,0,0,0,0,0,0.0,0.0,0.0,0.0,0.0,0.0,0.0,0.0,0,47
2024-25,26,516,Vladimír Coufal,DEF,West Ham,19,1,0,2025-02-22T15:00:00Z,0,0,0,0,0,0,0,0,0.0,0.0,0.0,0.0,0.0,0.0,0.0,0.0,0,41
2024-25,26,517,Aaron Cresswell,DEF,West Ham,19,1,0,2025-02-22T15:00:00Z,90,6,0,0,1,0,0,23,16.2,1.1,0.0,1.7,0.0,0.01,0.01,1.22,1,39
2024-25,26,518,Flynn Downes,MID,Southampton,17,5,1,2025-02-22T15:00:00Z,0,0,0,0,0,0,0,0,0.0,0.0,0.0,0.0,0.0,0.0,0.0,0.0,0,47
2024-25,26,519,George Earthy,MID,West Ham,19,1,0,2025-02-22T15:00:00Z,0,0,0,0,0,0,0,0,0.0,0.0,0.0,0.0,0.0,0.0,0.0,0.0,0,45
2024-25,26,520,Emerson Palmieri dos Santos,DEF,West Ham,19,1,0,2025-02-22T15:00:00Z,0,0,0,0,0,0,0,0,0.0,0.0,0.0,0.0,0.0,0.0,0.0,0.0,0,44
2024-25,26,521,Łukasz Fabiański,GK,West Ham,19,1,0,2025-02-22T15:00:00Z,0,0,0,0,0,0,0,0,0.0,0.0,0.0,0.0,0.0,0.0,0.0,0.0,0,41
2024-25,26,522,Wes Foderingham,GK,West Ham,19,1,0,2025-02-22T15:00:00Z,0,0,0,0,0,0,0,0,0.0,0.0,0.0,0.0,0.0,0.0,0.0,0.0,0,43
2024-25,26,523,Danny Ings,FWD,West Ham,19,1,0,2025-02-22T15:00:00Z,0,0,0,0,0,0,0,0,0.0,0.0,0.0,0.0,0.0,0.0,0.0,0.0,0,49
2024-25,26,524,Max Kilman,DEF,West Ham,19,1,0,2025-02-22T15:00:00Z,90,8,0,0,1,0,2,28,26.8,0.4,2.0,2.9,0.0,0.0,0.0,1.22,1,43
2024-25,26,525,Mohammed Kudus,MID,West Ham,19,1,0,2025-02-22T15:00:00Z,90,3,0,0,1,0,0,9,4.2,30.7,2.0,3.7,0.0,0.16,0.16,1.22,1,62
2024-25,26,526,Luis Guilherme Lira dos Santos,MID,West Ham,19,1,0,2025-02-22T15:00:00Z,0,0,0,0,0,0,0,0,0.0,0.0,0.0,0.0,0.0,0.0,0.0,0.0,0,46
2024-25,26,527,Lucas Tolentino Coelho de Lima,MID,West Ham,19,1,0,2025-02-22T15:00:00Z,0,0,0,0,0,0,0,0,0.0,0.0,0.0,0.0,0.0,0.0,0.0,0.0,0,57
2024-25,26,528,Konstantinos Mavropanos,DEF,West Ham,19,1,0,2025-02-22T15:00:00Z,28,1,0,0,0,0,0,3,3.4,0.3,0.0,0.4,0.0,0.0,0.0,0.67,0,43
2024-25,26,529,Nayef Aguerd,DEF,West Ham,19,1,0,2025-02-22T15:00:00Z,0,0,0,0,0,0,0,0,0.0,0.0,0.0,0.0,0.0,0.0,0.0,0.0,0,44
2024-25,26,530,Tomáš Souček,MID,West Ham,19,1,0,2025-02-22T15:00:00Z,90,3,0,0,1,0,0,5,8.6,1.2,10.0,2.0,0.12,0.0,0.12,1.22,1,49
2024-25,26,531,James Ward-Prowse,MID,West Ham,19,1,0,2025-02-22T15:00:00Z,90,2,0,0,1,0,0,11,27.0,16.0,0.0,4.3,0.0,0.09,0.09,1.22,1,61
2024-25,26,532,Kurt Zouma,DEF,West Ham,19,1,0,2025-02-22T15:00:00Z,0,0,0,0,0,0,0,0,0.0,0.0,0.0,0.0,0.0,0.0,0.0,0.0,0,44
2024-25,26,533,Rayan Aït-Nouri,DEF,Wolves,20,3,0,2025-02-22T15:00:00Z,79,6,0,0,1,0,0,25,18.6,12.2,5.0,3.6,0.11,0.01,0.12,0.57,1,47
2024-25,26,534,Boubacar Traoré,MID,Wolves,20,3,0,2025-02-22T15:00:00Z,0,0,0,0,0,0,0,0,0.0,0.0,0.0,0.0,0.0,0.0,0.0,0.0,0,48
2024-25,26,535,Jean-Ricner Bellegarde,MID,Wolves,20,3,0,2025-02-22T15:00:00Z,79,3,0,0,1,0,0,19,16.2,26.8,19.0,6.2,0.17,0.28,0.45,0.57,1,49
2024-25,26,536,Daniel Bentley,GK,Wolves,20,3,0,2025-02-22T15:00:00Z,0,0,0,0,0,0,0,0,0.0,0.0,0.0,0.0,0.0,0.0,0.0,0.0,0,39
2024-25,26,537,Francisco Jorge Tomás Oliveira,MID,Wolves,20,3,0,2025-02-22T15:00:00Z,0,0,0,0,0,0,0,0,0.0,0.0,0.0,0.0,0.0,0.0,0.0,0.0,0,45
2024-25,26,538,Tawanda Chirewa,MID,Wolves,20,3,0,2025-02-22T15:00:00Z,0,0,0,0,0,0,0,0,0.0,0.0,0.0,0.0,0.0,0.0,0.0,0.0,0,45
2024-25,26,539,Leon Chiwome,FWD,Wolves,20,3,0,2025-02-22T15:00:00Z,0,0,0,0,0,0,0,0,0.0,0.0,0.0,0.0,0.0,0.0,0.0,0.0,0,45
2024-25,26,540,Luke Cundle,MID,Wolves,20,3,0,2025-02-22T15:00:00Z,0,0,0,0,0,0,0,0,0.0,0.0,0.0,0.0,0.0,0.0,0.0,0.0,0,45
2024-25,26,541,Matheus Santos Carneiro Da Cunha,FWD,Wolves,20,3,0,2025-02-22T15:00:00Z,88,9,1,0,1,0,3,40,44.2,50.9,29.0,12.4,0.71,0.24,0.95,0.62,1,68
2024-25,26,542,Craig Dawson,DEF,Wolves,20,3,0,2025-02-22T15:00:00Z,0,0,0,0,0,0,0,0,0.0,0.0,0.0,0.0,0.0,0.0,0.0,0.0,0,43
2024-25,26,543,Matt Doherty,DEF,Wolves,20,3,0,2025-02-22T15:00:00Z,90,5,0,0,1,0,0,19,20.4,0.9,2.0,2.3,0.0,0.01,0.01,0.62,1,43
2024-25,26,544,Tommy Doyle,MID,Wolves,20,3,0,2025-02-22T15:00:00Z,1,1,0,0,0,0,0,4,2.0,0.7,0.0,0.3,0.0,0.0,0.0,0.0,0,47
2024-25,26,545,Fábio Silva,FWD,Wolves,20,3,0,2025-02-22T15:00:00Z,0,0,0,0,0,0,0,0,0.0,0.0,0.0,0.0,0.0,0.0,0.0,0.0,0,50
2024-25,26,546,Nathan Fraser,FWD,Wolves,20,3,0,2025-02-22T15:00:00Z,0,0,0,0,0,0,0,0,0.0,0.0,0.0,0.0,0.0,0.0,0.0,0.0,0,45
2024-25,26,547,Enso González,MID,Wolves,20,3,0,2025-02-22T15:00:00Z,0,0,0,0,0,0,0,0,0.0,0.0,0.0,0.0,0.0,0.0,0.0,0.0,0,44
2024-25,26,548,Gonçalo Manuel Ganchinho Guedes,MID,Wolves,20,3,0,2025-02-22T15:00:00Z,0,0,0,0,0,0,0,0,0.0,0.0,0.0,0.0,0.0,0.0,0.0,0.0,0,53
2024-25,26,549,Hugo Bueno López,DEF,Wolves,20,3,0,2025-02-22T15:00:00Z,0,0,0,0,0,0,0,0,0.0,0.0,0.0,0.0,0.0,0.0,0.0,0.0,0,45
2024-25,26,550,Hwang Hee-chan,MID,Wolves,20,3,0,2025-02-22T15:00:00Z,0,0,0,0,0,0,0,0,0.0,0.0,0.0,0.0,0.0,0.0,0.0,0.0,0,61
2024-25,26,551,Joe Hodge,MID,Wolves,20,3,0,2025-02-22T15:00:00Z,0,0,0,0,0,0,0,0,0.0,0.0,0.0,0.0,0.0,0.0,0.0,0.0,0,45
2024-25,26,552,Ki-Jana Hoever,DEF,Wolves,20,3,0,2025-02-22T15:00:00Z,0,0,0,0,0,0,0,0,0.0,0.0,0.0,0.0,0.0,0.0,0.0,0.0,0,40
2024-25,26,553,João Victor Gomes da Silva,MID,Wolves,20,3,0,2025-02-22T15:00:00Z,45,0,0,0,0,0,0,1,5.0,1.6,2.0,0.9,0.0,0.01,0.01,0.57,1,49
2024-25,26,554,José Malheiro de Sá,GK,Wolves,20,3,0,2025-02-22T15:00:00Z,90,9,0,0,1,0,2,28,29.0,0.0,0.0,2.9,0.0,0.0,0.0,0.62,1,43
2024-25,26,555,Saša Kalajdžić,FWD,Wolves,20,3,0,2025-02-22T15:00:00Z,0,0,0,0,0,0,0,0,0.0,0.0,0.0,0.0,0.0,0.0,0.0,0.0,0,48
2024-25,26,556,Tom King,GK,Wolves,20,3,0,2025-02-22T15:00:00Z,0,0,0,0,0,0,0,0,0.0,0.0,0.0,0.0,0.0,0.0,0.0,0.0,0,40
2024-25,26,557,Mario Lemina,MID,Wolves,20,3,0,2025-02-22T15:00:00Z,0,0,0,0,0,0,0,0,0.0,0.0,0.0,0.0,0.0,0.0,0.0,0.0,0,48
2024-25,26,558,Yerson Mosquera,DEF,Wolves,20,3,0,2025-02-22T15:00:00Z,0,0,0,0,0,0,0,0,0.0,0.0,0.0,0.0,0.0,0.0,0.0,0.0,0,38
2024-25,26,559,Nélson Cabral Semedo,DEF,Wolves,20,3,0,2025-02-22T15:00:00Z,90,6,0,0,1,0,0,23,15.4,6.1,18.0,4.0,0.17,0.1,0.27,0.62,1,45
2024-25,26,560,Pedro Lomba Neto,MID,Chelsea,6,2,0,2025-02-22T17:30:00Z,90,5,0,1,0,2,0,22,26.0,47.9,53.0,12.7,0.55,0.5,1.05,2.33,1,62
2024-25,26,561,Pedro Cardoso de Lima,DEF,Wolves,20,3,0,2025-02-22T15:00:00Z,10,1,0,0,0,0,0,7,6.6,0.3,9.0,1.6,0.06,0.01,0.07,0.06,0,39
2024-25,26,562,Daniel Castelo Podence,MID,Wolves,20,3,0,2025-02-22T15:00:00Z,0,0,0,0,0,0,0,0,0.0,0.0,0.0,0.0,0.0,0.0,0.0,0.0,0,55
2024-25,26,563,Rodrigo Martins Gomes,MID,Wolves,20,3,0,2025-02-22T15:00:00Z,0,0,0,0,0,0,0,0,0.0,0.0,0.0,0.0,0.0,0.0,0.0,0.0,0,51
2024-25,26,564,Santiago Bueno,DEF,Wolves,20,3,0,2025-02-22T15:00:00Z,72,7,0,0,1,0,2,28,17.4,0.2,0.0,1.8,0.0,0.0,0.0,0.57,1,43
2024-25,26,565,Pablo Sarabia,MID,Wolves,20,3,0,2025-02-22T15:00:00Z,10,1,0,0,0,0,0,3,0.0,1.1,3.0,0.3,0.03,0.03,0.06,0.06,0,50
2024-25,26,566,Jørgen Strand Larsen,FWD,Wolves,20,3,0,2025-02-22T15:00:00Z,45,1,0,0,0,0,0,5,8.2,13.9,5.0,2.7,0.07,0.01,0.08,0.06,0,52
2024-25,26,567,Toti António Gomes,DEF,Wolves,20,3,0,2025-02-22T15:00:00Z,90,6,0,0,1,0,0,26,24.6,0.9,4.0,3.0,0.04,0.0,0.04,0.62,1,43
2024-25,26,568,Arijanet Muric,GK,Ipswich,10,18,1,2025-02-22T15:00:00Z,0,0,0,0,0,0,0,0,0.0,0.0,0.0,0.0,0.0,0.0,0.0,0.0,0,44
2024-25,26,569,Jaden Philogene,MID,Ipswich,10,18,1,2025-02-22T15:00:00Z,90,2,0,0,0,4,0,4,18.8,26.2,18.0,6.3,0.2,0.06,0.26,1.71,1,53
2024-25,26,570,Abdul Fatawu,MID,Leicester,11,4,1,2025-02-21T20:00:00Z,0,0,0,0,0,0,0,0,0.0,0.0,0.0,0.0,0.0,0.0,0.0,0.0,0,51
2024-25,26,571,Sávio 'Savinho' Moreira de Oliveira,MID,Man City,13,12,1,2025-02-23T16:30:00Z,90,2,0,0,0,2,0,14,10.8,46.3,23.0,8.0,0.04,0.08,0.12,0.71,1,62
2024-25,26,572,Leny Yoro,DEF,Man Utd,14,8,0,2025-02-22T12:30:00Z,20,1,0,0,0,0,0,4,3.2,5.1,0.0,0.8,0.0,0.03,0.03,0.15,0,43
2024-25,26,573,Nikola Milenković,DEF,Nott'm Forest,16,15,0,2025-02-23T14:00:00Z,90,5,1,0,0,4,0,8,58.0,1.1,43.0,10.2,0.37,0.01,0.38,3.05,1,48
2024-25,26,574,Miodrag Pivaš,DEF,Newcastle,15,16,1,2025-02-23T14:00:00Z,0,0,0,0,0,0,0,0,0.0,0.0,0.0,0.0,0.0,0.0,0.0,0.0,0,40
2024-25,26,575,Caleb Wiley,DEF,Chelsea,6,2,0,2025-02-22T17:30:00Z,0,0,0,0,0,0,0,0,0.0,0.0,0.0,0.0,0.0,0.0,0.0,0.0,0,40
2024-25,26,576,Andy Irving,MID,West Ham,19,1,0,2025-02-22T15:00:00Z,0,0,0,0,0,0,0,0,0.0,0.0,0.0,0.0,0.0,0.0,0.0,0.0,0,47
2024-25,26,577,Jesper Lindstrøm,MID,Everton,8,14,1,2025-02-22T12:30:00Z,53,1,0,0,0,0,0,-1,0.0,1.0,2.0,0.2,0.0,0.01,0.01,0.04,1,50
2024-25,26,578,Riccardo Calafiori,DEF,Arsenal,1,19,1,2025-02-22T15:00:00Z,55,1,0,0,0,1,0,5,9.8,14.8,14.0,3.9,0.09,0.04,0.13,1.04,1,58
2024-25,26,579,Ryan Sessegnon,DEF,Fulham,9,7,1,2025-02-22T15:00:00Z,0,0,0,0,0,0,0,0,0.0,0.0,0.0,0.0,0.0,0.0,0.0,0.0,0,41
2024-25,26,580,Dean Huijsen,DEF,Bournemouth,3,20,1,2025-02-22T15:00:00Z,90,2,0,0,0,1,0,5,20.4,1.9,2.0,2.4,0.0,0.01,0.01,2.0,1,45
2024-25,26,581,Filip Jørgensen,GK,Chelsea,6,2,0,2025-02-22T17:30:00Z,90,2,0,0,0,2,0,4,28.6,0.0,0.0,2.9,0.0,0.0,0.0,2.33,1,42
2024-25,26,582,Jake O'Brien,DEF,Everton,8,14,1,2025-02-22T12:30:00Z,90,0,0,0,0,2,0,8,19.2,21.6,4.0,4.5,0.0,0.05,0.05,0.41,1,45
2024-25,26,583,Conor Townsend,DEF,Ipswich,10,18,1,2025-02-22T15:00:00Z,0,0,0,0,0,0,0,0,0.0,0.0,0.0,0.0,0.0,0.0,0.0,0.0,0,39
2024-25,26,584,Ben Brereton Díaz,MID,Southampton,17,5,1,2025-02-22T15:00:00Z,0,0,0,0,0,0,0,0,0.0,0.0,0.0,0.0,0.0,0.0,0.0,0.0,0,48
2024-25,26,585,Ismaïla Sarr,MID,Crystal Palace,7,9,0,2025-02-22T15:00:00Z,74,3,0,0,1,0,0,8,5.2,6.0,0.0,1.1,0.0,0.02,0.02,0.17,1,56
2024-25,26,586,Jorge Cuenca Barreno,DEF,Fulham,9,7,1,2025-02-22T15:00:00Z,0,0,0,0,0,0,0,0,0.0,0.0,0.0,0.0,0.0,0.0,0.0,0.0,0,44
2024-25,26,587,Crysencio Summerville,MID,West Ham,19,1,0,2025-02-22T15:00:00Z,0,0,0,0,0,0,0,0,0.0,0.0,0.0,0.0,0.0,0.0,0.0,0.0,0,55
2024-25,26,588,Guido Rodríguez,MID,West Ham,19,1,0,2025-02-22T15:00:00Z,0,0,0,0,0,0,0,0,0.0,0.0,0.0,0.0,0.0,0.0,0.0,0.0,0,48
2024-25,26,589,Niclas Füllkrug,FWD,West Ham,19,1,0,2025-02-22T15:00:00Z,0,0,0,0,0,0,0,0,0.0,0.0,0.0,0.0,0.0,0.0,0.0,0.0,0,67
2024-25,26,590,William Osula,FWD,Newcastle,15,16,1,2025-02-23T14:00:00Z,0,0,0,0,0,0,0,0,0.0,0.0,0.0,0.0,0.0,0.0,0.0,0.0,0,49
2024-25,26,591,Jean-Clair Todibo,DEF,West Ham,19,1,0,2025-02-22T15:00:00Z,61,5,0,0,1,0,0,22,10.6,0.7,0.0,1.1,0.0,0.0,0.0,0.55,1,42
2024-25,26,592,Julián Araujo Zúñiga,DEF,Bournemouth,3,20,1,2025-02-22T15:00:00Z,0,0,0,0,0,0,0,0,0.0,0.0,0.0,0.0,0.0,0.0,0.0,0.0,0,43
2024-25,26,593,Matthijs de Ligt,DEF,Man Utd,14,8,0,2025-02-22T12:30:00Z,90,1,0,0,0,2,0,10,29.0,1.8,2.0,3.3,0.0,0.01,0.01,1.91,1,49
2024-25,26,594,Noussair Mazraoui,DEF,Man Utd,14,8,0,2025-02-22T12:30:00Z,69,1,0,0,0,2,0,9,33.0,1.3,0.0,3.4,0.0,0.01,0.01,1.76,1,43
2024-25,26,595,Brajan Gruda,MID,Brighton,5,17,0,2025-02-22T15:00:00Z,11,4,0,1,0,0,0,14,18.4,15.8,6.0,4.0,0.0,0.03,0.03,0.0,0,54
2024-25,26,596,João Pedro Ferreira Silva,MID,Nott'm Forest,16,15,0,2025-02-23T14:00:00Z,0,0,0,0,0,0,0,0,0.0,0.0,0.0,0.0,0.0,0.0,0.0,0.0,0,59
2024-25,26,597,Myles Lewis-Skelly,MID,Arsenal,1,19,1,2025-02-22T15:00:00Z,16,-2,0,0,0,0,0,-6,0.0,1.0,2.0,0.0,0.0,0.02,0.02,0.0,0,45
2024-25,26,598,Lamare Bogarde,DEF,Aston Villa,2,6,1,2025-02-22T17:30:00Z,31,1,0,0,0,0,0,4,3.8,0.3,2.0,0.6,0.0,0.0,0.0,0.52,0,40
2024-25,26,599,Will Dennis,GK,Bournemouth,3,20,1,2025-02-22T15:00:00Z,0,0,0,0,0,0,0,0,0.0,0.0,0.0,0.0,0.0,0.0,0.0,0.0,0,40
2024-25,26,600,Yasin Ayari,MID,Brighton,5,17,0,2025-02-22T15:00:00Z,66,3,0,0,1,0,0,21,13.6,36.7,0.0,5.0,0.0,0.12,0.12,0.04,1,50
2024-25,26,601,Andrew Moran,MID,Brighton,5,17,0,2025-02-22T15:00:00Z,0,0,0,0,0,0,0,0,0.0,0.0,0.0,0.0,0.0,0.0,0.0,0.0,0,50
2024-25,26,602,Ryan Trevitt,MID,Brentford,4,11,0,2025-02-21T20:00:00Z,0,0,0,0,0,0,0,0,0.0,0.0,0.0,0.0,0.0,0.0,0.0,0.0,0,44
2024-25,26,603,Harrison Armstrong,MID,Everton,8,14,1,2025-02-22T12:30:00Z,0,0,0,0,0,0,0,0,0.0,0.0,0.0,0.0,0.0,0.0,0.0,0.0,0,44
2024-25,26,604,Josh King,MID,Fulham,9,7,1,2025-02-22T15:00:00Z,0,0,0,0,0,0,0,0,0.0,0.0,0.0,0.0,0.0,0.0,0.0,0.0,0,45
2024-25,26,605,Martial Godo,MID,Fulham,9,7,1,2025-02-22T15:00:00Z,0,0,0,0,0,0,0,0,0.0,0.0,0.0,0.0,0.0,0.0,0.0,0.0,0,44
2024-25,26,606,Will Alves,MID,Leicester,11,4,1,2025-02-21T20:00:00Z,0,0,0,0,0,0,0,0,0.0,0.0,0.0,0.0,0.0,0.0,0.0,0.0,0,44
2024-25,26,607,Nico O'Reilly,MID,Man City,13,12,1,2025-02-23T16:30:00Z,0,0,0,0,0,0,0,0,0.0,0.0,0.0,0.0,0.0,0.0,0.0,0.0,0,49
2024-25,26,608,Tyler Dibling,MID,Southampton,17,5,1,2025-02-22T15:00:00Z,90,2,0,0,0,4,0,11,18.2,23.1,0.0,4.1,0.0,0.04,0.04,3.97,1,45
2024-25,26,609,Will Lankshear,FWD,Spurs,18,10,0,2025-02-22T15:00:00Z,0,0,0,0,0,0,0,0,0.0,0.0,0.0,0.0,0.0,0.0,0.0,0.0,0,45
2024-25,26,610,Mikey Moore,MID,Spurs,18,10,0,2025-02-22T15:00:00Z,0,0,0,0,0,0,0,0,0.0,0.0,0.0,0.0,0.0,0.0,0.0,0.0,0,45
2024-25,26,611,Sam Szmodics,MID,Ipswich,10,18,1,2025-02-22T15:00:00Z,0,0,0,0,0,0,0,0,0.0,0.0,0.0,0.0,0.0,0.0,0.0,0.0,0,57
2024-25,26,612,Wilson Odobert,MID,Spurs,18,10,0,2025-02-22T15:00:00Z,16,1,0,0,0,0,0,2,0.0,0.6,2.0,0.3,0.0,0.0,0.0,0.03,0,53
2024-25,26,613,Toby Collyer,MID,Man Utd,14,8,0,2025-02-22T12:30:00Z,0,0,0,0,0,0,0,0,0.0,0.0,0.0,0.0,0.0,0.0,0.0,0.0,0,45
2024-25,26,614,Jenson Metcalfe,MID,Everton,8,14,1,2025-02-22T12:30:00Z,0,0,0,0,0,0,0,0,0.0,0.0,0.0,0.0,0.0,0.0,0.0,0.0,0,45
2024-25,26,615,Carl Rushworth,GK,Brighton,5,17,0,2025-02-22T15:00:00Z,0,0,0,0,0,0,0,0,0.0,0.0,0.0,0.0,0.0,0.0,0.0,0.0,0,39
2024-25,26,616,Ben Nelson,DEF,Leicester,11,4,1,2025-02-21T20:00:00Z,0,0,0,0,0,0,0,0,0.0,0.0,0.0,0.0,0.0,0.0,0.0,0.0,0,40
2024-25,26,617,Francisco Evanilson de Lima Barbosa,FWD,Bournemouth,3,20,1,2025-02-22T15:00:00Z,0,0,0,0,0,0,0,0,0.0,0.0,0.0,0.0,0.0,0.0,0.0,0.0,0,56
2024-25,26,618,Georginio Rutter,MID,Brighton,5,17,0,2025-02-22T15:00:00Z,78,8,1,0,1,0,0,24,43.6,12.8,40.0,9.6,0.69,0.0,0.69,0.13,1,51
2024-25,26,619,Jens Cajuste,MID,Ipswich,10,18,1,2025-02-22T15:00:00Z,51,1,0,0,0,2,0,7,4.4,11.9,0.0,1.6,0.0,0.01,0.01,1.51,1,45
2024-25,26,620,Ramón Sosa,MID,Nott'm Forest,16,15,0,2025-02-23T14:00:00Z,0,0,0,0,0,0,0,0,0.0,0.0,0.0,0.0,0.0,0.0,0.0,0.0,0,55
2024-25,26,621,João Félix Sequeira,MID,Chelsea,6,2,0,2025-02-22T17:30:00Z,0,0,0,0,0,0,0,0,0.0,0.0,0.0,0.0,0.0,0.0,0.0,0.0,0,59
2024-25,26,622,Sander Berge,MID,Fulham,9,7,1,2025-02-22T15:00:00Z,57,0,0,0,0,1,0,-4,1.0,2.9,0.0,0.4,0.0,0.01,0.01,0.24,1,50
2024-25,26,623,Mateus Gonçalo Espanha Fernandes,MID,Southampton,17,5,1,2025-02-22T15:00:00Z,87,2,0,0,0,4,0,14,6.0,15.6,4.0,2.6,0.03,0.02,0.05,3.29,1,50
2024-25,26,624,Asmir Begovic,GK,Everton,8,14,1,2025-02-22T12:30:00Z,0,0,0,0,0,0,0,0,0.0,0.0,0.0,0.0,0.0,0.0,0.0,0.0,0,40
2024-25,26,625,Ilkay Gündogan,MID,Man City,13,12,1,2025-02-23T16:30:00Z,13,1,0,0,0,0,0,3,0.2,2.3,2.0,0.5,0.0,0.01,0.01,0.15,0,63
2024-25,26,626,Issa Kaboré,DEF,Man City,13,12,1,2025-02-23T16:30:00Z,0,0,0,0,0,0,0,0,0.0,0.0,0.0,0.0,0.0,0.0,0.0,0.0,0,45
2024-25,26,627,Roman Dixon,DEF,Everton,8,14,1,2025-02-22T12:30:00Z,0,0,0,0,0,0,0,0,0.0,0.0,0.0,0.0,0.0,0.0,0.0,0.0,0,40
2024-25,26,628,Ferdi Kadioglu,DEF,Brighton,5,17,0,2025-02-22T15:00:00Z,0,0,0,0,0,0,0,0,0.0,0.0,0.0,0.0,0.0,0.0,0.0,0.0,0,44
2024-25,26,629,Matt O'Riley,MID,Brighton,5,17,0,2025-02-22T15:00:00Z,0,0,0,0,0,0,0,0,0.0,0.0,0.0,0.0,0.0,0.0,0.0,0.0,0,55
2024-25,26,630,Dara O'Shea,DEF,Ipswich,10,18,1,2025-02-22T15:00:00Z,90,0,0,0,0,4,0,1,15.4,0.9,6.0,2.2,0.01,0.01,0.02,1.71,1,40
2024-25,26,631,Jack Clarke,MID,Ipswich,10,18,1,2025-02-22T15:00:00Z,67,4,0,1,0,2,0,20,23.8,33.3,25.0,8.2,0.05,0.1,0.15,1.56,1,54
2024-25,26,632,Chiedozie Ogbene,MID,Ipswich,10,18,1,2025-02-22T15:00:00Z,0,0,0,0,0,0,0,0,0.0,0.0,0.0,0.0,0.0,0.0,0.0,0.0,0,48
2024-25,26,633,Mikel Merino,MID,Arsenal,1,19,1,2025-02-22T15:00:00Z,90,2,0,0,0,1,0,-2,1.8,23.0,23.0,4.8,0.29,0.09,0.38,1.07,1,60
2024-25,26,634,Gustavo Nunes Fernandes Gomes,MID,Brentford,4,11,0,2025-02-21T20:00:00Z,0,0,0,0,0,0,0,0,0.0,0.0,0.0,0.0,0.0,0.0,0.0,0.0,0,49
2024-25,26,635,Bilal El Khannouss,MID,Leicester,11,4,1,2025-02-21T20:00:00Z,90,2,0,0,0,4,0,14,13.8,38.8,4.0,5.7,0.0,0.25,0.25,1.52,1,48
2024-25,26,636,Federico Chiesa,MID,Liverpool,12,13,0,2025-02-23T16:30:00Z,0,0,0,0,0,0,0,0,0.0,0.0,0.0,0.0,0.0,0.0,0.0,0.0,0,68
2024-25,26,637,Bastien Meupiyou,DEF,Wolves,20,3,0,2025-02-22T15:00:00Z,0,0,0,0,0,0,0,0,0.0,0.0,0.0,0.0,0.0,0.0,0.0,0.0,0,39
2024-25,26,638,Salah-Eddine Oulad M'hand,MID,Arsenal,1,19,1,2025-02-22T15:00:00Z,0,0,0,0,0,0,0,0,0.0,0.0,0.0,0.0,0.0,0.0,0.0,0.0,0,45
2024-25,26,639,Tommy Setford,GK,Arsenal,1,19,1,2025-02-22T15:00:00Z,0,0,0,0,0,0,0,0,0.0,0.0,0.0,0.0,0.0,0.0,0.0,0.0,0,45
2024-25,26,640,Sil Swinkels,DEF,Aston Villa,2,6,1,2025-02-22T17:30:00Z,0,0,0,0,0,0,0,0,0.0,0.0,0.0,0.0,0.0,0.0,0.0,0.0,0,40
2024-25,26,641,Oliwier Zych,GK,Aston Villa,2,6,1,2025-02-22T17:30:00Z,0,0,0,0,0,0,0,0,0.0,0.0,0.0,0.0,0.0,0.0,0.0,0.0,0,40
2024-25,26,642,André Trindade da Costa Neto,MID,Wolves,20,3,0,2025-02-22T15:00:00Z,90,3,0,0,1,0,0,15,8.2,3.8,0.0,1.2,0.0,0.01,0.01,0.62,1,50
2024-25,26,643,Kaelan Casey,DEF,West Ham,19,1,0,2025-02-22T15:00:00Z,0,0,0,0,0,0,0,0,0.0,0.0,0.0,0.0,0.0,0.0,0.0,0.0,0,40
2024-25,26,644,Franco Umeh-Chibueze,MID,Crystal Palace,7,9,0,2025-02-22T15:00:00Z,0,0,0,0,0,0,0,0,0.0,0.0,0.0,0.0,0.0,0.0,0.0,0.0,0,44
2024-25,26,645,Justin Devenny,MID,Crystal Palace,7,9,0,2025-02-22T15:00:00Z,1,1,0,0,0,0,0,3,2.0,0.0,0.0,0.2,0.0,0.0,0.0,0.04,0,45
2024-25,26,646,Asher Agbinone,MID,Crystal Palace,7,9,0,2025-02-22T15:00:00Z,0,0,0,0,0,0,0,0,0.0,0.0,0.0,0.0,0.0,0.0,0.0,0.0,0,45
2024-25,26,647,Kaden Rodney,MID,Crystal Palace,7,9,0,2025-02-22T15:00:00Z,0,0,0,0,0,0,0,0,0.0,0.0,0.0,0.0,0.0,0.0,0.0,0.0,0,45
2024-25,26,648,Ethan Wheatley,FWD,Man Utd,14,8,0,2025-02-22T12:30:00Z,0,0,0,0,0,0,0,0,0.0,0.0,0.0,0.0,0.0,0.0,0.0,0.0,0,45
2024-25,26,649,Jayden Meghoma,DEF,Brentford,4,11,0,2025-02-21T20:00:00Z,0,0,0,0,0,0,0,0,0.0,0.0,0.0,0.0,0.0,0.0,0.0,0.0,0,40
2024-25,26,650,Maxence Lacroix,DEF,Crystal Palace,7,9,0,2025-02-22T15:00:00Z,90,9,0,0,1,0,3,34,37.2,0.1,35.0,7.2,0.57,0.0,0.57,0.21,1,45
2024-25,26,651,Orel Mangala,MID,Everton,8,14,1,2025-02-22T12:30:00Z,0,0,0,0,0,0,0,0,0.0,0.0,0.0,0.0,0.0,0.0,0.0,0.0,0,50
2024-25,26,652,Manuel Ugarte,MID,Man Utd,14,8,0,2025-02-22T12:30:00Z,90,8,1,0,0,2,1,38,40.0,3.1,22.0,6.5,0.07,0.02,0.09,1.91,1,49
2024-25,26,653,Felipe Rodrigues da Silva,DEF,Nott'm Forest,16,15,0,2025-02-23T14:00:00Z,0,0,0,0,0,0,0,0,0.0,0.0,0.0,0.0,0.0,0.0,0.0,0.0,0,45
2024-25,26,654,Carlos Soler,MID,West Ham,19,1,0,2025-02-22T15:00:00Z,2,1,0,0,0,0,0,3,0.0,0.0,0.0,0.0,0.0,0.0,0.0,0.19,0,50
2024-25,26,655,Carlos Roberto Forbs Borges,MID,Wolves,20,3,0,2025-02-22T15:00:00Z,0,0,0,0,0,0,0,0,0.0,0.0,0.0,0.0,0.0,0.0,0.0,0.0,0,54
2024-25,26,656,Kadan Young,MID,Aston Villa,2,6,1,2025-02-22T17:30:00Z,0,0,0,0,0,0,0,0,0.0,0.0,0.0,0.0,0.0,0.0,0.0,0.0,0,45
2024-25,26,657,Maldini Kacurri,DEF,Arsenal,1,19,1,2025-02-22T15:00:00Z,0,0,0,0,0,0,0,0,0.0,0.0,0.0,0.0,0.0,0.0,0.0,0.0,0,40
2024-25,26,658,Ayden Heaven,DEF,Man Utd,14,8,0,2025-02-22T12:30:00Z,0,0,0,0,0,0,0,0,0.0,0.0,0.0,0.0,0.0,0.0,0.0,0.0,0,40
2024-25,26,659,Ismeal Kabia,MID,Arsenal,1,19,1,2025-02-22T15:00:00Z,0,0,0,0,0,0,0,0,0.0,0.0,0.0,0.0,0.0,0.0,0.0,0.0,0,45
2024-25,26,660,Vítezslav Jaros,GK,Liverpool,12,13,0,2025-02-23T16:30:00Z,0,0,0,0,0,0,0,0,0.0,0.0,0.0,0.0,0.0,0.0,0.0,0.0,0,40
2024-25,26,661,Tony Yogane,MID,Brentford,4,11,0,2025-02-21T20:00:00Z,0,0,0,0,0,0,0,0,0.0,0.0,0.0,0.0,0.0,0.0,0.0,0.0,0,45
2024-25,26,662,Josh Nichols,DEF,Arsenal,1,19,1,2025-02-22T15:00:00Z,0,0,0,0,0,0,0,0,0.0,0.0,0.0,0.0,0.0,0.0,0.0,0.0,0,40
2024-25,26,663,Imari Samuels,DEF,Brighton,5,17,0,2025-02-22T15:00:00Z,0,0,0,0,0,0,0,0,0.0,0.0,0.0,0.0,0.0,0.0,0.0,0.0,0,40
2024-25,26,664,Alfie Pond,DEF,Wolves,20,3,0,2025-02-22T15:00:00Z,0,0,0,0,0,0,0,0,0.0,0.0,0.0,0.0,0.0,0.0,0.0,0.0,0,39
2024-25,26,665,Nathan Butler-Oyedeji,FWD,Arsenal,1,19,1,2025-02-22T15:00:00Z,0,0,0,0,0,0,0,0,0.0,0.0,0.0,0.0,0.0,0.0,0.0,0.0,0,45
2024-25,26,666,Caleb Kporha,DEF,Crystal Palace,7,9,0,2025-02-22T15:00:00Z,0,0,0,0,0,0,0,0,0.0,0.0,0.0,0.0,0.0,0.0,0.0,0.0,0,40
2024-25,26,667,Jack Fletcher,MID,Man Utd,14,8,0,2025-02-22T12:30:00Z,0,0,0,0,0,0,0,0,0.0,0.0,0.0,0.0,0.0,0.0,0.0,0.0,0,45
2024-25,26,668,Killian Cahill,GK,Brighton,5,17,0,2025-02-22T15:00:00Z,0,0,0,0,0,0,0,0,0.0,0.0,0.0,0.0,0.0,0.0,0.0,0.0,0,39
2024-25,26,669,Harvey Davies,GK,Liverpool,12,13,0,2025-02-23T16:30:00Z,0,0,0,0,0,0,0,0,0.0,0.0,0.0,0.0,0.0,0.0,0.0,0.0,0,40
2024-25,26,670,Harry Amass,DEF,Man Utd,14,8,0,2025-02-22T12:30:00Z,0,0,0,0,0,0,0,0,0.0,0.0,0.0,0.0,0.0,0.0,0.0,0.0,0,40
2024-25,26,671,Jacob Wright,MID,Man City,13,12,1,2025-02-23T16:30:00Z,0,0,0,0,0,0,0,0,0.0,0.0,0.0,0.0,0.0,0.0,0.0,0.0,0,45
2024-25,26,672,Jahmai Simpson-Pusey,DEF,Man City,13,12,1,2025-02-23T16:30:00Z,0,0,0,0,0,0,0,0,0.0,0.0,0.0,0.0,0.0,0.0,0.0,0.0,0,40
2024-25,26,673,Jayce Fitzgerald,MID,Man Utd,14,8,0,2025-02-22T12:30:00Z,0,0,0,0,0,0,0,0,0.0,0.0,0.0,0.0,0.0,0.0,0.0,0.0,0,45
2024-25,26,674,Paris Maghoma,MID,Brentford,4,11,0,2025-02-21T20:00:00Z,17,1,0,0,0,0,0,3,1.2,0.3,2.0,0.4,0.12,0.0,0.12,0.06,0,45
2024-25,26,675,Josh Wilson-Esbrand,DEF,Man City,13,12,1,2025-02-23T16:30:00Z,0,0,0,0,0,0,0,0,0.0,0.0,0.0,0.0,0.0,0.0,0.0,0.0,0,40
2024-25,26,676,Zach Marsh,FWD,Crystal Palace,7,9,0,2025-02-22T15:00:00Z,0,0,0,0,0,0,0,0,0.0,0.0,0.0,0.0,0.0,0.0,0.0,0.0,0,45
2024-25,26,677,Ollie Scarles,DEF,West Ham,19,1,0,2025-02-22T15:00:00Z,90,7,0,0,1,0,2,28,26.2,5.0,0.0,3.1,0.0,0.01,0.01,1.22,1,40
2024-25,26,678,Callum Bates,MID,Everton,8,14,1,2025-02-22T12:30:00Z,0,0,0,0,0,0,0,0,0.0,0.0,0.0,0.0,0.0,0.0,0.0,0.0,0,45
2024-25,26,679,Ben Broggio,MID,Aston Villa,2,6,1,2025-02-22T17:30:00Z,0,0,0,0,0,0,0,0,0.0,0.0,0.0,0.0,0.0,0.0,0.0,0.0,0,45
2024-25,26,680,Max Kinsey,DEF,Bournemouth,3,20,1,2025-02-22T15:00:00Z,0,0,0,0,0,0,0,0,0.0,0.0,0.0,0.0,0.0,0.0,0.0,0.0,0,40
2024-25,26,681,Ruairi McConville,DEF,Brighton,5,17,0,2025-02-22T15:00:00Z,0,0,0,0,0,0,0,0,0.0,0.0,0.0,0.0,0.0,0.0,0.0,0.0,0,40
2024-25,26,682,Tom Edozie,MID,Wolves,20,3,0,2025-02-22T15:00:00Z,0,0,0,0,0,0,0,0,0.0,0.0,0.0,0.0,0.0,0.0,0.0,0.0,0,45
2024-25,26,683,Callum Olusesi,MID,Spurs,18,10,0,2025-02-22T15:00:00Z,0,0,0,0,0,0,0,0,0.0,0.0,0.0,0.0,0.0,0.0,0.0,0.0,0,45
2024-25,26,684,Malachi Hardy,DEF,Spurs,18,10,0,2025-02-22T15:00:00Z,0,0,0,0,0,0,0,0,0.0,0.0,0.0,0.0,0.0,0.0,0.0,0.0,0,40
2024-25,26,685,Jacob Slater,DEF,Brighton,5,17,0,2025-02-22T15:00:00Z,0,0,0,0,0,0,0,0,0.0,0.0,0.0,0.0,0.0,0.0,0.0,0.0,0,40
2024-25,26,686,Ezra Mayers,DEF,West Ham,19,1,0,2025-02-22T15:00:00Z,0,0,0,0,0,0,0,0,0.0,0.0,0.0,0.0,0.0,0.0,0.0,0.0,0,40
2024-25,26,687,Ben Winterburn,MID,Bournemouth,3,20,1,2025-02-22T15:00:00Z,0,0,0,0,0,0,0,0,0.0,0.0,0.0,0.0,0.0,0.0,0.0,0.0,0,45
2024-25,26,688,Treymaurice Nyoni,MID,Liverpool,12,13,0,2025-02-23T16:30:00Z,0,0,0,0,0,0,0,0,0.0,0.0,0.0,0.0,0.0,0.0,0.0,0.0,0,45
2024-25,26,689,Luca Williams-Barnett,MID,Spurs,18,10,0,2025-02-22T15:00:00Z,0,0,0,0,0,0,0,0,0.0,0.0,0.0,0.0,0.0,0.0,0.0,0.0,0,45
2024-25,26,690,Samuel Amissah,DEF,Fulham,9,7,1,2025-02-22T15:00:00Z,0,0,0,0,0,0,0,0,0.0,0.0,0.0,0.0,0.0,0.0,0.0,0.0,0,40
2024-25,26,691,Godwill Kukonki,DEF,Man Utd,14,8,0,2025-02-22T12:30:00Z,0,0,0,0,0,0,0,0,0.0,0.0,0.0,0.0,0.0,0.0,0.0,0.0,0,40
2024-25,26,692,Amara Nallo,DEF,Liverpool,12,13,0,2025-02-23T16:30:00Z,0,0,0,0,0,0,0,0,0.0,0.0,0.0,0.0,0.0,0.0,0.0,0.0,0,40
2024-25,26,693,Joseph O'Brien-Whitmarsh,MID,Southampton,17,5,1,2025-02-22T15:00:00Z,0,0,0,0,0,0,0,0,0.0,0.0,0.0,0.0,0.0,0.0,0.0,0.0,0,45
2024-25,26,694,Henry Cartwright,MID,Leicester,11,4,1,2025-02-21T20:00:00Z,0,0,0,0,0,0,0,0,0.0,0.0,0.0,0.0,0.0,0.0,0.0,0.0,0,45
2024-25,26,695,Samuel Rak-Sakyi,MID,Chelsea,6,2,0,2025-02-22T17:30:00Z,0,0,0,0,0,0,0,0,0.0,0.0,0.0,0.0,0.0,0.0,0.0,0.0,0,45
2024-25,26,696,Tyrique George,MID,Chelsea,6,2,0,2025-02-22T17:30:00Z,0,0,0,0,0,0,0,0,0.0,0.0,0.0,0.0,0.0,0.0,0.0,0.0,0,45
2024-25,26,697,Josh Acheampong,DEF,Chelsea,6,2,0,2025-02-22T17:30:00Z,0,0,0,0,0,0,0,0,0.0,0.0,0.0,0.0,0.0,0.0,0.0,0.0,0,40
2024-25,26,698,Divin Mubama,FWD,Man City,13,12,1,2025-02-23T16:30:00Z,0,0,0,0,0,0,0,0,0.0,0.0,0.0,0.0,0.0,0.0,0.0,0.0,0,45
2024-25,26,699,Alfie Dorrington,DEF,Spurs,18,10,0,2025-02-22T15:00:00Z,0,0,0,0,0,0,0,0,0.0,0.0,0.0,0.0,0.0,0.0,0.0,0.0,0,40
2024-25,26,700,Maeson King,DEF,Spurs,18,10,0,2025-02-22T15:00:00Z,0,0,0,0,0,0,0,0,0.0,0.0,0.0,0.0,0.0,0.0,0.0,0.0,0,40
2024-25,26,701,Lewis Orford,MID,West Ham,19,1,0,2025-02-22T15:00:00Z,0,0,0,0,0,0,0,0,0.0,0.0,0.0,0.0,0.0,0.0,0.0,0.0,0,45
2024-25,26,702,Archie Harris,DEF,Bournemouth,3,20,1,2025-02-22T15:00:00Z,0,0,0,0,0,0,0,0,0.0,0.0,0.0,0.0,0.0,0.0,0.0,0.0,0,40
2024-25,26,703,Max Alleyne,DEF,Man City,13,12,1,2025-02-23T16:30:00Z,0,0,0,0,0,0,0,0,0.0,0.0,0.0,0.0,0.0,0.0,0.0,0.0,0,40
2024-25,26,704,Spike Brits,GK,Man City,13,12,1,2025-02-23T16:30:00Z,0,0,0,0,0,0,0,0,0.0,0.0,0.0,0.0,0.0,0.0,0.0,0.0,0,40
2024-25,26,705,Benjamin Arthur,DEF,Brentford,4,11,0,2025-02-21T20:00:00Z,0,0,0,0,0,0,0,0,0.0,0.0,0.0,0.0,0.0,0.0,0.0,0.0,0,40
2024-25,26,706,Zach Abbott,DEF,Nott'm Forest,16,15,0,2025-02-23T14:00:00Z,0,0,0,0,0,0,0,0,0.0,0.0,0.0,0.0,0.0,0.0,0.0,0.0,0,40
2024-25,26,707,Remy Rees-Dottin,FWD,Bournemouth,3,20,1,2025-02-22T15:00:00Z,0,0,0,0,0,0,0,0,0.0,0.0,0.0,0.0,0.0,0.0,0.0,0.0,0,45
2024-25,26,708,Thomas Wilson-Brown,DEF,Leicester,11,4,1,2025-02-21T20:00:00Z,0,0,0,0,0,0,0,0,0.0,0.0,0.0,0.0,0.0,0.0,0.0,0.0,0,40
2024-25,26,709,Jayden Danns,FWD,Liverpool,12,13,0,2025-02-23T16:30:00Z,0,0,0,0,0,0,0,0,0.0,0.0,0.0,0.0,0.0,0.0,0.0,0.0,0,45
2024-25,26,710,Jamaldeen Jimoh,MID,Aston Villa,2,6,1,2025-02-22T17:30:00Z,0,0,0,0,0,0,0,0,0.0,0.0,0.0,0.0,0.0,0.0,0.0,0.0,0,45
2024-25,26,711,Wes Okoduwa,DEF,Wolves,20,3,0,2025-02-22T15:00:00Z,0,0,0,0,0,0,0,0,0.0,0.0,0.0,0.0,0.0,0.0,0.0,0.0,0,40
2024-25,26,712,Matai Akinmboni,DEF,Bournemouth,3,20,1,2025-02-22T15:00:00Z,0,0,0,0,0,0,0,0,0.0,0.0,0.0,0.0,0.0,0.0,0.0,0.0,0,40
2024-25,26,713,Julio Soler,DEF,Bournemouth,3,20,1,2025-02-22T15:00:00Z,0,0,0,0,0,0,0,0,0.0,0.0,0.0,0.0,0.0,0.0,0.0,0.0,0,39
2024-25,26,714,Diego Gómez,MID,Brighton,5,17,0,2025-02-22T15:00:00Z,23,1,0,0,0,0,0,9,7.4,22.7,2.0,3.2,0.0,0.26,0.26,0.09,0,55
2024-25,26,715,Ben Godfrey,DEF,Ipswich,10,18,1,2025-02-22T15:00:00Z,45,-1,0,0,0,2,0,-8,4.6,0.6,0.0,0.5,0.0,0.0,0.0,1.51,1,40
2024-25,26,716,Antonín Kinsky,GK,Spurs,18,10,0,2025-02-22T15:00:00Z,0,0,0,0,0,0,0,0,0.0,0.0,0.0,0.0,0.0,0.0,0.0,0.0,0,45
2024-25,26,717,Min-Hyeok Yang,MID,Spurs,18,10,0,2025-02-22T15:00:00Z,0,0,0,0,0,0,0,0,0.0,0.0,0.0,0.0,0.0,0.0,0.0,0.0,0,45
2024-25,26,718,Welington Damascena Santos,DEF,Southampton,17,5,1,2025-02-22T15:00:00Z,45,1,0,0,0,1,0,3,8.6,0.7,1.0,1.0,0.01,0.0,0.01,1.22,1,40
2024-25,26,719,Joachim Kayi-Sanda,DEF,Southampton,17,5,1,2025-02-22T15:00:00Z,0,0,0,0,0,0,0,0,0.0,0.0,0.0,0.0,0.0,0.0,0.0,0.0,0,40
2024-25,26,720,Emmanuel Agbadou,DEF,Wolves,20,3,0,2025-02-22T15:00:00Z,0,0,0,0,0,0,0,0,0.0,0.0,0.0,0.0,0.0,0.0,0.0,0.0,0,40
2024-25,26,721,Wayne Hennessey,GK,Nott'm Forest,16,15,0,2025-02-23T14:00:00Z,0,0,0,0,0,0,0,0,0.0,0.0,0.0,0.0,0.0,0.0,0.0,0.0,0,40
2024-25,26,722,Daniel Adu-Adjei,FWD,Bournemouth,3,20,1,2025-02-22T15:00:00Z,0,0,0,0,0,0,0,0,0.0,0.0,0.0,0.0,0.0,0.0,0.0,0.0,0,45
2024-25,26,723,Dominic Sadi,MID,Bournemouth,3,20,1,2025-02-22T15:00:00Z,0,0,0,0,0,0,0,0,0.0,0.0,0.0,0.0,0.0,0.0,0.0,0.0,0,45
2024-25,26,724,Martin Sherif,FWD,Everton,8,14,1,2025-02-22T12:30:00Z,0,0,0,0,0,0,0,0,0.0,0.0,0.0,0.0,0.0,0.0,0.0,0.0,0,45
2024-25,26,725,Donyell Malen,MID,Aston Villa,2,6,1,2025-02-22T17:30:00Z,12,1,0,0,0,0,0,2,5.2,0.1,17.0,2.2,0.24,0.0,0.24,0.02,0,55
2024-25,26,726,Woyo Coulibaly,DEF,Leicester,11,4,1,2025-02-21T20:00:00Z,45,-1,0,0,0,3,0,-9,6.8,2.2,22.0,3.1,0.04,0.01,0.05,0.96,1,40
2024-25,26,727,Callan McKenna,GK,Bournemouth,3,20,1,2025-02-22T15:00:00Z,0,0,0,0,0,0,0,0,0.0,0.0,0.0,0.0,0.0,0.0,0.0,0.0,0,40
2024-25,26,728,Zain Silcott-Duberry,MID,Bournemouth,3,20,1,2025-02-22T15:00:00Z,0,0,0,0,0,0,0,0,0.0,0.0,0.0,0.0,0.0,0.0,0.0,0.0,0,45
2024-25,26,729,Damola Ajayi,MID,Spurs,18,10,0,2025-02-22T15:00:00Z,0,0,0,0,0,0,0,0,0.0,0.0,0.0,0.0,0.0,0.0,0.0,0.0,0,45
2024-25,26,730,Romain Esse,MID,Crystal Palace,7,9,0,2025-02-22T15:00:00Z,0,0,0,0,0,0,0,0,0.0,0.0,0.0,0.0,0.0,0.0,0.0,0.0,0,49
2024-25,26,731,Andrés García,DEF,Aston Villa,2,6,1,2025-02-22T17:30:00Z,20,1,0,0,0,0,0,4,3.0,11.3,0.0,1.4,0.0,0.0,0.0,0.31,0,45
2024-25,26,732,Abdukodir Khusanov,DEF,Man City,13,12,1,2025-02-23T16:30:00Z,90,1,0,0,0,2,0,15,26.2,16.3,0.0,4.3,0.0,0.03,0.03,0.71,1,50
2024-25,26,733,Vitor de Oliveira Nunes dos Reis,DEF,Man City,13,12,1,2025-02-23T16:30:00Z,0,0,0,0,0,0,0,0,0.0,0.0,0.0,0.0,0.0,0.0,0.0,0.0,0,45
2024-25,26,734,Albert Grønbæk,MID,Southampton,17,5,1,2025-02-22T15:00:00Z,2,1,0,0,0,0,0,3,0.0,0.0,0.0,0.0,0.0,0.0,0.0,0.68,0,49
2024-25,26,735,Mikel Arteta,AM,Arsenal,1,19,1,2025-02-22T15:00:00Z,0,0,0,0,0,0,0,0,0.0,0.0,0.0,0.0,0.0,0.0,0.0,0.0,0,15
2024-25,26,736,Pep Guardiola,AM,Man City,13,12,1,2025-02-23T16:30:00Z,0,0,0,0,0,0,0,0,0.0,0.0,0.0,0.0,0.0,0.0,0.0,0.0,0,15
2024-25,26,737,Unai Emery,AM,Aston Villa,2,6,1,2025-02-22T17:30:00Z,0,8,0,0,0,0,0,0,0.0,0.0,0.0,0.0,0.0,0.0,0.0,0.0,0,8
2024-25,26,738,Andoni Iraola,AM,Bournemouth,3,20,1,2025-02-22T15:00:00Z,0,0,0,0,0,0,0,0,0.0,0.0,0.0,0.0,0.0,0.0,0.0,0.0,0,11
2024-25,26,739,Fabian Hürzeler,AM,Brighton,5,17,0,2025-02-22T15:00:00Z,0,12,0,0,0,0,0,0,0.0,0.0,0.0,0.0,0.0,0.0,0.0,0.0,0,11
2024-25,26,740,Enzo Maresca,AM,Chelsea,6,2,0,2025-02-22T17:30:00Z,0,1,0,0,0,0,0,0,0.0,0.0,0.0,0.0,0.0,0.0,0.0,0.0,0,15
2024-25,26,741,Oliver Glasner,AM,Crystal Palace,7,9,0,2025-02-22T15:00:00Z,0,20,0,0,0,0,0,0,0.0,0.0,0.0,0.0,0.0,0.0,0.0,0.0,0,8
2024-25,26,742,David Moyes,AM,Everton,8,14,1,2025-02-22T12:30:00Z,0,5,0,0,0,0,0,0,0.0,0.0,0.0,0.0,0.0,0.0,0.0,0.0,0,5
2024-25,26,743,Kieran McKenna,AM,Ipswich,10,18,1,2025-02-22T15:00:00Z,0,1,0,0,0,0,0,0,0.0,0.0,0.0,0.0,0.0,0.0,0.0,0.0,0,5
2024-25,26,744,Arne Slot,AM,Liverpool,12,13,0,2025-02-23T16:30:00Z,0,10,0,0,0,0,0,0,0.0,0.0,0.0,0.0,0.0,0.0,0.0,0.0,0,15
2024-25,26,745,Ruben Filipe Marques Diogo Amorim,AM,Man Utd,14,8,0,2025-02-22T12:30:00Z,0,5,0,0,0,0,0,0,0.0,0.0,0.0,0.0,0.0,0.0,0.0,0.0,0,8
2024-25,26,746,Eddie Howe,AM,Newcastle,15,16,1,2025-02-23T14:00:00Z,0,10,0,0,0,0,0,0,0.0,0.0,0.0,0.0,0.0,0.0,0.0,0.0,0,15
2024-25,26,747,Nuno Herlander Simões Espírito Santo,AM,Nott'm Forest,16,15,0,2025-02-23T14:00:00Z,0,3,0,0,0,0,0,0,0.0,0.0,0.0,0.0,0.0,0.0,0.0,0.0,0,11
2024-25,26,748,Ivan Juric,AM,Southampton,17,5,1,2025-02-22T15:00:00Z,0,0,0,0,0,0,0,0,0.0,0.0,0.0,0.0,0.0,0.0,0.0,0.0,0,5
2024-25,26,749,Ange Postecoglou,AM,Spurs,18,10,0,2025-02-22T15:00:00Z,0,10,0,0,0,0,0,0,0.0,0.0,0.0,0.0,0.0,0.0,0.0,0.0,0,11
2024-25,26,750,Graham Potter,AM,West Ham,19,1,0,2025-02-22T15:00:00Z,0,19,0,0,0,0,0,0,0.0,0.0,0.0,0.0,0.0,0.0,0.0,0.0,0,5
2024-25,26,751,Vítor Manuel de Oliveira Lopes Pereira,AM,Wolves,20,3,0,2025-02-22T15:00:00Z,0,19,0,0,0,0,0,0,0.0,0.0,0.0,0.0,0.0,0.0,0.0,0.0,0,8
2024-25,26,752,Thomas Frank,AM,Brentford,4,11,0,2025-02-21T20:00:00Z,0,12,0,0,0,0,0,0,0.0,0.0,0.0,0.0,0.0,0.0,0.0,0.0,0,8
2024-25,26,753,Marco Alexandre Saraiva da Silva,AM,Fulham,9,7,1,2025-02-22T15:00:00Z,0,0,0,0,0,0,0,0,0.0,0.0,0.0,0.0,0.0,0.0,0.0,0.0,0,11
2024-25,26,754,Ruud van Nistelrooij,AM,Leicester,11,4,1,2025-02-21T20:00:00Z,0,0,0,0,0,0,0,0,0.0,0.0,0.0,0.0,0.0,0.0,0.0,0.0,0,5
2024-25,26,755,Omar Marmoush,FWD,Man City,13,12,1,2025-02-23T16:30:00Z,76,2,0,0,0,2,0,10,10.6,22.9,32.0,6.6,0.13,0.11,0.24,0.55,1,71
2024-25,26,756,Jack Porter,GK,Arsenal,1,19,1,2025-02-22T15:00:00Z,0,0,0,0,0,0,0,0,0.0,0.0,0.0,0.0,0.0,0.0,0.0,0.0,0,40
2024-25,26,757,Michael Kayode,DEF,Brentford,4,11,0,2025-02-21T20:00:00Z,6,1,0,0,0,0,0,5,2.4,0.2,2.0,0.5,0.0,0.0,0.0,0.05,0,45
2024-25,26,758,Joe Knight,MID,Brighton,5,17,0,2025-02-22T15:00:00Z,0,0,0,0,0,0,0,0,0.0,0.0,0.0,0.0,0.0,0.0,0.0,0.0,0,45
2024-25,26,759,Julian Eyestone,GK,Brentford,4,11,0,2025-02-21T20:00:00Z,0,0,0,0,0,0,0,0,0.0,0.0,0.0,0.0,0.0,0.0,0.0,0.0,0,40
2024-25,26,760,Dante Cassanova,DEF,Spurs,18,10,0,2025-02-22T15:00:00Z,0,0,0,0,0,0,0,0,0.0,0.0,0.0,0.0,0.0,0.0,0.0,0.0,0,40
2024-25,26,761,Elyh Harrison,GK,Man Utd,14,8,0,2025-02-22T12:30:00Z,0,0,0,0,0,0,0,0,0.0,0.0,0.0,0.0,0.0,0.0,0.0,0.0,0,40
2024-25,26,762,Marco Asensio,MID,Aston Villa,2,6,1,2025-02-22T17:30:00Z,90,15,2,0,0,1,3,50,70.2,22.6,51.0,14.4,1.06,0.05,1.11,2.3,1,60
2024-25,26,763,Eiran Cashin,DEF,Brighton,5,17,0,2025-02-22T15:00:00Z,0,0,0,0,0,0,0,0,0.0,0.0,0.0,0.0,0.0,0.0,0.0,0.0,0,45
2024-25,26,764,Alex Palmer,GK,Ipswich,10,18,1,2025-02-22T15:00:00Z,90,0,0,0,0,4,0,-4,19.2,0.0,0.0,1.9,0.0,0.0,0.0,1.71,1,45
2024-25,26,765,Nico González,MID,Man City,13,12,1,2025-02-23T16:30:00Z,77,2,0,0,0,2,0,14,8.0,8.9,8.0,2.5,0.05,0.08,0.13,0.55,1,60
2024-25,26,766,Patrick Dorgu,DEF,Man Utd,14,8,0,2025-02-22T12:30:00Z,90,1,0,0,0,2,0,10,14.6,4.8,6.0,2.5,0.0,0.02,0.02,1.91,1,45
2024-25,26,767,Kevin Danso,DEF,Spurs,18,10,0,2025-02-22T15:00:00Z,90,2,0,0,0,1,0,11,16.8,1.2,2.0,2.0,0.0,0.02,0.02,1.15,1,45
2024-25,26,768,Mathys Tel,MID,Spurs,18,10,0,2025-02-22T15:00:00Z,73,2,0,0,0,1,0,3,0.0,0.9,2.0,0.0,0.0,0.0,0.0,1.13,1,60
2024-25,26,769,Nasser Djiga,DEF,Wolves,20,3,0,2025-02-22T15:00:00Z,17,1,0,0,0,0,0,2,2.6,1.2,0.0,0.4,0.0,0.0,0.0,0.06,0,45
2024-25,26,770,Marshall Munetsi,MID,Wolves,20,3,0,2025-02-22T15:00:00Z,90,6,0,1,1,0,0,20,34.0,15.1,11.0,6.0,0.66,0.01,0.67,0.62,1,50
2024-25,26,771,Mathis Amougou,MID,Chelsea,6,2,0,2025-02-22T17:30:00Z,0,0,0,0,0,0,0,0,0.0,0.0,0.0,0.0,0.0,0.0,0.0,0.0,0,45
2024-25,26,772,Willian Borges da Silva,MID,Fulham,9,7,1,2025-02-22T15:00:00Z,10,1,0,0,0,0,0,2,0.8,2.8,4.0,0.8,0.04,0.01,0.05,0.0,0,50
2024-25,26,773,Isaac Heath,MID,Everton,8,14,1,2025-02-22T12:30:00Z,0,0,0,0,0,0,0,0,0.0,0.0,0.0,0.0,0.0,0.0,0.0,0.0,0,45
2024-25,26,774,Aaron Anselmino,DEF,Chelsea,6,2,0,2025-02-22T17:30:00Z,0,0,0,0,0,0,0,0,0.0,0.0,0.0,0.0,0.0,0.0,0.0,0.0,0,40
2024-25,26,775,Coby Ebere,MID,Everton,8,14,1,2025-02-22T12:30:00Z,0,0,0,0,0,0,0,0,0.0,0.0,0.0,0.0,0.0,0.0,0.0,0.0,0,45
2024-25,26,776,Chido Obi-Martin,FWD,Man Utd,14,8,0,2025-02-22T12:30:00Z,20,0,0,0,0,0,0,0,0.0,1.7,2.0,0.3,0.0,0.01,0.01,0.15,0,45
2024-25,26,777,Tyler Fredricson,DEF,Man Utd,14,8,0,2025-02-22T12:30:00Z,0,0,0,0,0,0,0,0,0.0,0.0,0.0,0.0,0.0,0.0,0.0,0.0,0,40
2024-25,26,778,Jack Moorhouse,MID,Man Utd,14,8,0,2025-02-22T12:30:00Z,0,0,0,0,0,0,0,0,0.0,0.0,0.0,0.0,0.0,0.0,0.0,0.0,0,45
2024-25,26,779,Sékou Koné,MID,Man Utd,14,8,0,2025-02-22T12:30:00Z,0,0,0,0,0,0,0,0,0.0,0.0,0.0,0.0,0.0,0.0,0.0,0.0,0,45
2024-25,26,780,Iwan Morgan,FWD,Brentford,4,11,0,2025-02-21T20:00:00Z,0,0,0,0,0,0,0,0,0.0,0.0,0.0,0.0,0.0,0.0,0.0,0.0,0,45
2024-25,26,781,Shumaira Mheuka,FWD,Chelsea,6,2,0,2025-02-22T17:30:00Z,0,0,0,0,0,0,0,0,0.0,0.0,0.0,0.0,0.0,0.0,0.0,0.0,0,45
2024-25,26,782,Ishé Samuels-Smith,DEF,Chelsea,6,2,0,2025-02-22T17:30:00Z,0,0,0,0,0,0,0,0,0.0,0.0,0.0,0.0,0.0,0.0,0.0,0.0,0,40
2024-25,26,783,Hubert Graczyk,GK,Man Utd,14,8,0,2025-02-22T12:30:00Z,0,0,0,0,0,0,0,0,0.0,0.0,0.0,0.0,0.0,0.0,0.0,0.0,0,40
