season,gw,fixture,element,name,position,team,team_id,opponent_team,was_home,kickoff_time,minutes,total_points,goals_scored,assists,clean_sheets,goals_conceded,bonus,bps,influence,creativity,threat,ict_index,expected_goals,expected_assists,expected_goal_involvements,expected_goals_conceded,starts,value
2024-25,27,264,1,Fábio Ferreira Vieira,MID,Arsenal,1,16,0,2025-02-26T19:30:00Z,0,0,0,0,0,0,0,0,0.0,0.0,0.0,0.0,0.0,0.0,0.0,0.0,0,54
2024-25,27,264,2,Gabriel Fernando de Jesus,FWD,Arsenal,1,16,0,2025-02-26T19:30:00Z,0,0,0,0,0,0,0,0,0.0,0.0,0.0,0.0,0.0,0.0,0.0,0.0,0,65
2024-25,27,264,3,Gabriel dos Santos Magalhães,DEF,Arsenal,1,16,0,2025-02-26T19:30:00Z,90,7,0,0,1,0,1,27,21.2,4.8,0.0,2.6,0.0,0.01,0.01,0.4,1,63
2024-25,27,264,4,Kai Havertz,FWD,Arsenal,1,16,0,2025-02-26T19:30:00Z,0,0,0,0,0,0,0,0,0.0,0.0,0.0,0.0,0.0,0.0,0.0,0.0,0,78
2024-25,27,264,5,Karl Hein,GK,Arsenal,1,16,0,2025-02-26T19:30:00Z,0,0,0,0,0,0,0,0,0.0,0.0,0.0,0.0,0.0,0.0,0.0,0.0,0,40
2024-25,27,264,6,Jurriën Timber,DEF,Arsenal,1,16,0,2025-02-26T19:30:00Z,84,6,0,0,1,0,0,26,14.8,1.8,12.0,2.9,0.0,0.02,0.02,0.3,1,56
2024-25,27,264,7,Jorge Luiz Frello Filho,MID,Arsenal,1,16,0,2025-02-26T19:30:00Z,69,3,0,0,1,0,0,7,1.0,4.8,2.0,0.8,0.0,0.04,0.04,0.18,1,47
2024-25,27,264,8,Jakub Kiwior,DEF,Arsenal,1,16,0,2025-02-26T19:30:00Z,0,0,0,0,0,0,0,0,0.0,0.0,0.0,0.0,0.0,0.0,0.0,0.0,0,48
2024-25,27,264,9,Gabriel Martinelli Silva,MID,Arsenal,1,16,0,2025-02-26T19:30:00Z,0,0,0,0,0,0,0,0,0.0,0.0,0.0,0.0,0.0,0.0,0.0,0.0,0,66
2024-25,27,267,10,Reiss Nelson,MID,Fulham,9,20,0,2025-02-25T19:30:00Z,0,0,0,0,0,0,0,0,0.0,0.0,0.0,0.0,0.0,0.0,0.0,0.0,0,50
2024-25,27,263,11,Eddie Nketiah,FWD,Crystal Palace,7,2,1,2025-02-25T19:30:00Z,4,6,1,0,0,0,1,29,32.0,0.0,33.0,6.5,0.97,0.0,0.97,0.02,0,59
2024-25,27,264,12,Ethan Nwaneri,MID,Arsenal,1,16,0,2025-02-26T19:30:00Z,76,3,0,0,1,0,0,16,7.8,13.4,17.0,3.8,0.07,0.06,0.13,0.25,1,46
2024-25,27,264,13,Martin Ødegaard,MID,Arsenal,1,16,0,2025-02-26T19:30:00Z,84,3,0,0,1,0,0,15,5.8,19.4,2.0,2.7,0.0,0.23,0.23,0.3,1,82
2024-25,27,268,14,Aaron Ramsdale,GK,Southampton,17,6,0,2025-02-25T20:15:00Z,90,2,0,0,0,4,0,4,39.0,0.0,0.0,3.9,0.0,0.0,0.0,2.56,1,44
2024-25,27,264,15,David Raya Martin,GK,Arsenal,1,16,0,2025-02-26T19:30:00Z,90,6,0,0,1,0,0,24,16.4,0.1,0.0,1.7,0.0,0.0,0.0,0.4,1,55
2024-25,27,264,16,Declan Rice,MID,Arsenal,1,16,0,2025-02-26T19:30:00Z,90,3,0,0,1,0,0,19,21.2,47.9,7.0,7.6,0.1,0.22,0.32,0.4,1,62
2024-25,27,264,17,Bukayo Saka,MID,Arsenal,1,16,0,2025-02-26T19:30:00Z,0,0,0,0,0,0,0,0,0.0,0.0,0.0,0.0,0.0,0.0,0.0,0.0,0,102
2024-25,27,264,18,William Saliba,DEF,Arsenal,1,16,0,2025-02-26T19:30:00Z,90,8,0,0,1,0,2,28,27.4,3.5,8.0,3.9,0.19,0.02,0.21,0.4,1,62
2024-25,27,267,19,Emile Smith Rowe,MID,Fulham,9,20,0,2025-02-25T19:30:00Z,0,0,0,0,0,0,0,0,0.0,0.0,0.0,0.0,0.0,0.0,0.0,0.0,0,52
2024-25,27,264,20,Thomas Partey,MID,Arsenal,1,16,0,2025-02-26T19:30:00Z,5,1,0,0,0,0,0,3,0.0,0.3,1.0,0.1,0.06,0.0,0.06,0.1,0,49
2024-25,27,264,21,Kieran Tierney,DEF,Arsenal,1,16,0,2025-02-26T19:30:00Z,45,1,0,0,0,0,0,0,7.2,11.4,9.0,2.8,0.21,0.02,0.23,0.34,0,43
2024-25,27,264,22,Tomiyasu Takehiro,DEF,Arsenal,1,16,0,2025-02-26T19:30:00Z,0,0,0,0,0,0,0,0,0.0,0.0,0.0,0.0,0.0,0.0,0.0,0.0,0,48
2024-25,27,264,23,Leandro Trossard,MID,Arsenal,1,16,0,2025-02-26T19:30:00Z,90,3,0,0,1,0,0,13,10.6,50.3,15.0,7.6,0.04,0.07,0.11,0.4,1,69
2024-25,27,264,24,Benjamin White,DEF,Arsenal,1,16,0,2025-02-26T19:30:00Z,5,1,0,0,0,0,0,3,5.0,0.0,0.0,0.5,0.0,0.0,0.0,0.1,0,61
2024-25,27,264,25,Oleksandr Zinchenko,DEF,Arsenal,1,16,0,2025-02-26T19:30:00Z,20,1,0,0,0,0,0,1,0.0,1.8,4.0,0.5,0.0,0.01,0.01,0.22,0,48
2024-25,27,264,26,Álex Moreno Lopera,DEF,Nott'm Forest,16,1,1,2025-02-26T19:30:00Z,0,0,0,0,0,0,0,0,0.0,0.0,0.0,0.0,0.0,0.0,0.0,0.0,0,42
2024-25,27,268,27,Cameron Archer,FWD,Southampton,17,6,0,2025-02-25T20:15:00Z,7,1,0,0,0,0,0,3,0.0,2.1,0.0,0.2,0.0,0.0,0.0,0.18,0,49
2024-25,27,263,28,Leon Bailey,MID,Aston Villa,2,7,0,2025-02-25T19:30:00Z,45,0,0,0,0,3,0,0,3.6,0.8,9.0,1.3,0.04,0.01,0.05,2.13,0,62
2024-25,27,263,29,Ross Barkley,MID,Aston Villa,2,7,0,2025-02-25T19:30:00Z,0,0,0,0,0,0,0,0,0.0,0.0,0.0,0.0,0.0,0.0,0.0,0.0,0,52
2024-25,27,263,30,Enzo Barrenechea,MID,Aston Villa,2,7,0,2025-02-25T19:30:00Z,0,0,0,0,0,0,0,0,0.0,0.0,0.0,0.0,0.0,0.0,0.0,0.0,0,49
2024-25,27,263,31,Emiliano Buendía Stati,MID,Aston Villa,2,7,0,2025-02-25T19:30:00Z,0,0,0,0,0,0,0,0,0.0,0.0,0.0,0.0,0.0,0.0,0.0,0.0,0,51
2024-25,27,263,32,Matty Cash,DEF,Aston Villa,2,7,0,2025-02-25T19:30:00Z,0,0,0,0,0,0,0,0,0.0,0.0,0.0,0.0,0.0,0.0,0.0,0.0,0,44
2024-25,27,263,33,Leander Dendoncker,MID,Aston Villa,2,7,0,2025-02-25T19:30:00Z,0,0,0,0,0,0,0,0,0.0,0.0,0.0,0.0,0.0,0.0,0.0,0.0,0,45
2024-25,27,263,34,Moussa Diaby,MID,Aston Villa,2,7,0,2025-02-25T19:30:00Z,0,0,0,0,0,0,0,0,0.0,0.0,0.0,0.0,0.0,0.0,0.0,0.0,0,65
2024-25,27,263,35,Diego Carlos Santos Silva,DEF,Aston Villa,2,7,0,2025-02-25T19:30:00Z,0,0,0,0,0,0,0,0,0.0,0.0,0.0,0.0,0.0,0.0,0.0,0.0,0,45
2024-25,27,263,36,Lucas Digne,DEF,Aston Villa,2,7,0,2025-02-25T19:30:00Z,77,1,0,0,0,3,0,-1,6.4,20.2,8.0,3.5,0.0,0.45,0.45,3.31,1,46
2024-25,27,263,37,Lewis Dobbin,MID,Aston Villa,2,7,0,2025-02-25T19:30:00Z,0,0,0,0,0,0,0,0,0.0,0.0,0.0,0.0,0.0,0.0,0.0,0.0,0,50
2024-25,27,263,38,Jhon Durán,FWD,Aston Villa,2,7,0,2025-02-25T19:30:00Z,0,0,0,0,0,0,0,0,0.0,0.0,0.0,0.0,0.0,0.0,0.0,0.0,0,57
2024-25,27,263,39,Joe Gauci,GK,Aston Villa,2,7,0,2025-02-25T19:30:00Z,0,0,0,0,0,0,0,0,0.0,0.0,0.0,0.0,0.0,0.0,0.0,0.0,0,40
2024-25,27,263,40,Kortney Hause,DEF,Aston Villa,2,7,0,2025-02-25T19:30:00Z,0,0,0,0,0,0,0,0,0.0,0.0,0.0,0.0,0.0,0.0,0.0,0.0,0,39
2024-25,27,263,41,Samuel Iling-Junior,MID,Aston Villa,2,7,0,2025-02-25T19:30:00Z,0,0,0,0,0,0,0,0,0.0,0.0,0.0,0.0,0.0,0.0,0.0,0.0,0,54
2024-25,27,263,42,Boubacar Kamara,MID,Aston Villa,2,7,0,2025-02-25T19:30:00Z,0,0,0,0,0,0,0,0,0.0,0.0,0.0,0.0,0.0,0.0,0.0,0.0,0,50
2024-25,27,263,43,Kaine Kesler-Hayden,DEF,Aston Villa,2,7,0,2025-02-25T19:30:00Z,0,0,0,0,0,0,0,0,0.0,0.0,0.0,0.0,0.0,0.0,0.0,0.0,0,40
2024-25,27,263,44,Ezri Konsa Ngoyo,DEF,Aston Villa,2,7,0,2025-02-25T19:30:00Z,90,0,0,0,0,4,0,0,15.4,0.5,7.0,2.3,0.06,0.0,0.06,4.31,1,44
2024-25,27,263,45,Ian Maatsen,DEF,Aston Villa,2,7,0,2025-02-25T19:30:00Z,12,1,0,0,0,1,0,-1,1.2,0.8,0.0,0.2,0.0,0.0,0.0,1.0,0,45
2024-25,27,263,46,Filip Marschall,GK,Aston Villa,2,7,0,2025-02-25T19:30:00Z,0,0,0,0,0,0,0,0,0.0,0.0,0.0,0.0,0.0,0.0,0.0,0.0,0,40
2024-25,27,263,47,Emiliano Martínez Romero,GK,Aston Villa,2,7,0,2025-02-25T19:30:00Z,45,1,0,0,0,1,0,4,16.2,0.0,0.0,1.6,0.0,0.0,0.0,2.19,1,50
2024-25,27,263,48,John McGinn,MID,Aston Villa,2,7,0,2025-02-25T19:30:00Z,90,2,0,0,0,4,0,24,14.8,12.9,4.0,3.2,0.0,0.02,0.02,4.31,1,52
2024-25,27,263,49,Tyrone Mings,DEF,Aston Villa,2,7,0,2025-02-25T19:30:00Z,0,0,0,0,0,0,0,0,0.0,0.0,0.0,0.0,0.0,0.0,0.0,0.0,0,44
2024-25,27,263,50,Kosta Nedeljković,DEF,Aston Villa,2,7,0,2025-02-25T19:30:00Z,0,0,0,0,0,0,0,0,0.0,0.0,0.0,0.0,0.0,0.0,0.0,0.0,0,39
2024-25,27,263,51,Robin Olsen,GK,Aston Villa,2,7,0,2025-02-25T19:30:00Z,45,0,0,0,0,3,0,-9,2.4,0.0,0.0,0.2,0.0,0.0,0.0,2.13,0,45
2024-25,27,263,52,Pau Torres,DEF,Aston Villa,2,7,0,2025-02-25T19:30:00Z,0,0,0,0,0,0,0,0,0.0,0.0,0.0,0.0,0.0,0.0,0.0,0.0,0,42
2024-25,27,263,53,Jacob Ramsey,MID,Aston Villa,2,7,0,2025-02-25T19:30:00Z,67,2,0,0,0,2,0,1,0.0,2.8,2.0,0.1,0.0,0.05,0.05,2.57,1,54
2024-25,27,263,54,Morgan Rogers,MID,Aston Villa,2,7,0,2025-02-25T19:30:00Z,90,7,1,0,0,4,0,23,40.8,5.4,23.0,6.9,0.13,0.02,0.15,4.31,1,56
2024-25,27,263,55,Viljami Sinisalo,GK,Aston Villa,2,7,0,2025-02-25T19:30:00Z,0,0,0,0,0,0,0,0,0.0,0.0,0.0,0.0,0.0,0.0,0.0,0.0,0,40
2024-25,27,263,56,Lino da Cruz Sousa,DEF,Aston Villa,2,7,0,2025-02-25T19:30:00Z,0,0,0,0,0,0,0,0,0.0,0.0,0.0,0.0,0.0,0.0,0.0,0.0,0,40
2024-25,27,263,57,Youri Tielemans,MID,Aston Villa,2,7,0,2025-02-25T19:30:00Z,90,2,0,0,0,4,0,9,15.2,12.2,21.0,4.8,0.07,0.02,0.09,4.31,1,55
2024-25,27,263,58,Ollie Watkins,FWD,Aston Villa,2,7,0,2025-02-25T19:30:00Z,67,5,0,1,0,2,0,13,18.0,14.6,0.0,3.3,0.0,0.03,0.03,2.57,1,89
2024-25,27,262,59,Max Aarons,DEF,Bournemouth,3,5,0,2025-02-25T19:30:00Z,0,0,0,0,0,0,0,0,0.0,0.0,0.0,0.0,0.0,0.0,0.0,0.0,0,43
2024-25,27,262,60,Tyler Adams,MID,Bournemouth,3,5,0,2025-02-25T19:30:00Z,90,2,0,0,0,2,0,14,13.2,3.0,4.0,2.0,0.0,0.03,0.03,2.42,1,49
2024-25,27,262,61,Jaidon Anthony,MID,Bournemouth,3,5,0,2025-02-25T19:30:00Z,0,0,0,0,0,0,0,0,0.0,0.0,0.0,0.0,0.0,0.0,0.0,0.0,0,45
2024-25,27,262,62,David Brooks,MID,Bournemouth,3,5,0,2025-02-25T19:30:00Z,45,1,0,0,0,1,0,2,0.0,1.2,2.0,0.3,0.05,0.02,0.07,1.78,1,49
2024-25,27,262,63,Ryan Christie,MID,Bournemouth,3,5,0,2025-02-25T19:30:00Z,25,1,0,0,0,1,0,5,6.2,0.3,19.0,2.6,0.1,0.01,0.11,1.42,1,49
2024-25,27,262,64,Lewis Cook,MID,Bournemouth,3,5,0,2025-02-25T19:30:00Z,90,2,0,0,0,2,0,18,21.4,18.4,2.0,4.2,0.0,0.05,0.05,2.42,1,50
2024-25,27,262,65,Enes Ünal,FWD,Bournemouth,3,5,0,2025-02-25T19:30:00Z,0,0,0,0,0,0,0,0,0.0,0.0,0.0,0.0,0.0,0.0,0.0,0.0,0,54
2024-25,27,262,66,Romain Faivre,MID,Bournemouth,3,5,0,2025-02-25T19:30:00Z,0,0,0,0,0,0,0,0,0.0,0.0,0.0,0.0,0.0,0.0,0.0,0.0,0,50
2024-25,27,262,67,Hamed Traorè,MID,Bournemouth,3,5,0,2025-02-25T19:30:00Z,0,0,0,0,0,0,0,0,0.0,0.0,0.0,0.0,0.0,0.0,0.0,0.0,0,45
2024-25,27,262,68,James Hill,DEF,Bournemouth,3,5,0,2025-02-25T19:30:00Z,84,1,0,0,0,2,0,3,21.0,0.8,11.0,3.3,0.18,0.0,0.18,2.42,1,39
2024-25,27,262,69,Daniel Jebbison,FWD,Bournemouth,3,5,0,2025-02-25T19:30:00Z,0,0,0,0,0,0,0,0,0.0,0.0,0.0,0.0,0.0,0.0,0.0,0.0,0,45
2024-25,27,262,70,Milos Kerkez,DEF,Bournemouth,3,5,0,2025-02-25T19:30:00Z,90,4,0,1,0,2,0,17,31.8,16.4,4.0,5.2,0.0,0.02,0.02,2.42,1,50
2024-25,27,262,71,Justin Kluivert,MID,Bournemouth,3,5,0,2025-02-25T19:30:00Z,90,10,1,0,0,2,3,36,56.6,85.0,28.0,17.0,0.14,0.34,0.48,2.42,1,60
2024-25,27,262,72,Chris Mepham,DEF,Bournemouth,3,5,0,2025-02-25T19:30:00Z,0,0,0,0,0,0,0,0,0.0,0.0,0.0,0.0,0.0,0.0,0.0,0.0,0,44
2024-25,27,264,73,Norberto Murara Neto,GK,Arsenal,1,16,0,2025-02-26T19:30:00Z,0,0,0,0,0,0,0,0,0.0,0.0,0.0,0.0,0.0,0.0,0.0,0.0,0,41
2024-25,27,262,74,Dango Ouattara,MID,Bournemouth,3,5,0,2025-02-25T19:30:00Z,76,2,0,0,0,2,0,4,1.8,34.2,60.0,9.6,0.54,0.06,0.6,2.42,1,52
2024-25,27,262,75,Alex Paulsen,GK,Bournemouth,3,5,0,2025-02-25T19:30:00Z,0,0,0,0,0,0,0,0,0.0,0.0,0.0,0.0,0.0,0.0,0.0,0.0,0,40
2024-25,27,262,76,Philip Billing,MID,Bournemouth,3,5,0,2025-02-25T19:30:00Z,0,0,0,0,0,0,0,0,0.0,0.0,0.0,0.0,0.0,0.0,0.0,0.0,0,48
2024-25,27,262,77,Alex Scott,MID,Bournemouth,3,5,0,2025-02-25T19:30:00Z,64,2,0,0,0,1,0,12,15.4,24.2,0.0,4.0,0.0,0.15,0.15,1.0,0,47
2024-25,27,262,78,Antoine Semenyo,MID,Bournemouth,3,5,0,2025-02-25T19:30:00Z,90,1,0,0,0,2,0,-2,16.8,38.6,34.0,8.9,0.23,0.24,0.47,2.42,1,57
2024-25,27,262,79,Marcos Senesi,DEF,Bournemouth,3,5,0,2025-02-25T19:30:00Z,0,0,0,0,0,0,0,0,0.0,0.0,0.0,0.0,0.0,0.0,0.0,0.0,0,46
2024-25,27,262,80,Luis Sinisterra,MID,Bournemouth,3,5,0,2025-02-25T19:30:00Z,5,1,0,0,0,0,0,4,1.4,1.4,12.0,1.5,0.09,0.0,0.09,0.0,0,48
2024-25,27,262,81,Adam Smith,DEF,Bournemouth,3,5,0,2025-02-25T19:30:00Z,0,0,0,0,0,0,0,0,0.0,0.0,0.0,0.0,0.0,0.0,0.0,0.0,0,44
2024-25,27,265,82,Dominic Solanke-Mitchell,FWD,Spurs,18,13,1,2025-02-26T19:30:00Z,0,0,0,0,0,0,0,0,0.0,0.0,0.0,0.0,0.0,0.0,0.0,0.0,0,73
2024-25,27,262,83,Marcus Tavernier,MID,Bournemouth,3,5,0,2025-02-25T19:30:00Z,45,1,0,0,0,1,0,5,7.8,12.4,11.0,3.1,0.07,0.03,0.1,0.64,0,54
2024-25,27,262,84,Mark Travers,GK,Bournemouth,3,5,0,2025-02-25T19:30:00Z,0,0,0,0,0,0,0,0,0.0,0.0,0.0,0.0,0.0,0.0,0.0,0.0,0,44
2024-25,27,262,85,Illia Zabarnyi,DEF,Bournemouth,3,5,0,2025-02-25T19:30:00Z,0,0,0,0,0,0,0,0,0.0,0.0,0.0,0.0,0.0,0.0,0.0,0.0,0,44
2024-25,27,261,86,Kristoffer Ajer,DEF,Brentford,4,8,1,2025-02-26T19:30:00Z,80,2,0,0,0,1,0,10,10.8,2.3,6.0,1.9,0.05,0.01,0.06,0.86,1,44
2024-25,27,261,87,Ethan Brierley,MID,Brentford,4,8,1,2025-02-26T19:30:00Z,0,0,0,0,0,0,0,0,0.0,0.0,0.0,0.0,0.0,0.0,0.0,0.0,0,44
2024-25,27,261,88,Nathan Collins,DEF,Brentford,4,8,1,2025-02-26T19:30:00Z,90,1,0,0,0,1,0,4,7.6,0.7,7.0,1.5,0.13,0.01,0.14,1.37,1,45
2024-25,27,261,89,Mikkel Damsgaard,MID,Brentford,4,8,1,2025-02-26T19:30:00Z,90,2,0,0,0,1,0,17,18.0,35.7,11.0,6.5,0.14,0.34,0.48,1.37,1,51
2024-25,27,261,90,Josh Dasilva,MID,Brentford,4,8,1,2025-02-26T19:30:00Z,0,0,0,0,0,0,0,0,0.0,0.0,0.0,0.0,0.0,0.0,0.0,0.0,0,48
2024-25,27,261,91,Mark Flekken,GK,Brentford,4,8,1,2025-02-26T19:30:00Z,90,3,0,0,0,1,0,20,29.8,0.0,0.0,3.0,0.0,0.01,0.01,1.37,1,44
2024-25,27,261,92,Rico Henry,DEF,Brentford,4,8,1,2025-02-26T19:30:00Z,0,0,0,0,0,0,0,0,0.0,0.0,0.0,0.0,0.0,0.0,0.0,0.0,0,43
2024-25,27,261,93,Aaron Hickey,DEF,Brentford,4,8,1,2025-02-26T19:30:00Z,0,0,0,0,0,0,0,0,0.0,0.0,0.0,0.0,0.0,0.0,0.0,0.0,0,43
2024-25,27,261,94,Vitaly Janelt,MID,Brentford,4,8,1,2025-02-26T19:30:00Z,90,2,0,0,0,1,0,14,12.0,4.1,9.0,2.5,0.08,0.03,0.11,1.37,1,49
2024-25,27,261,95,Mathias Jensen,MID,Brentford,4,8,1,2025-02-26T19:30:00Z,0,0,0,0,0,0,0,0,0.0,0.0,0.0,0.0,0.0,0.0,0.0,0.0,0,53
2024-25,27,261,96,Kim Ji-soo,DEF,Brentford,4,8,1,2025-02-26T19:30:00Z,0,0,0,0,0,0,0,0,0.0,0.0,0.0,0.0,0.0,0.0,0.0,0.0,0,39
2024-25,27,261,97,Yunus Emre Konak,MID,Brentford,4,8,1,2025-02-26T19:30:00Z,0,0,0,0,0,0,0,0,0.0,0.0,0.0,0.0,0.0,0.0,0.0,0.0,0,44
2024-25,27,261,98,Keane Lewis-Potter,MID,Brentford,4,8,1,2025-02-26T19:30:00Z,90,2,0,0,0,1,0,7,9.8,21.9,13.0,4.5,0.02,0.18,0.2,1.37,1,50
2024-25,27,261,99,Bryan Mbeumo,MID,Brentford,4,8,1,2025-02-26T19:30:00Z,90,5,0,1,0,1,0,9,0.0,5.3,16.0,2.1,0.31,0.04,0.34,1.37,1,80
2024-25,27,261,100,Ben Mee,DEF,Brentford,4,8,1,2025-02-26T19:30:00Z,0,0,0,0,0,0,0,0,0.0,0.0,0.0,0.0,0.0,0.0,0.0,0.0,0,42
2024-25,27,261,101,Christian Nørgaard,MID,Brentford,4,8,1,2025-02-26T19:30:00Z,0,0,0,0,0,0,0,0,0.0,0.0,0.0,0.0,0.0,0.0,0.0,0.0,0,48
2024-25,27,261,102,Frank Onyeka,MID,Brentford,4,8,1,2025-02-26T19:30:00Z,0,0,0,0,0,0,0,0,0.0,0.0,0.0,0.0,0.0,0.0,0.0,0.0,0,49
2024-25,27,261,103,Myles Peart-Harris,MID,Brentford,4,8,1,2025-02-26T19:30:00Z,0,0,0,0,0,0,0,0,0.0,0.0,0.0,0.0,0.0,0.0,0.0,0.0,0,45
2024-25,27,261,104,Ethan Pinnock,DEF,Brentford,4,8,1,2025-02-26T19:30:00Z,90,2,0,0,0,1,0,13,19.0,0.3,0.0,1.9,0.0,0.0,0.0,1.37,1,44
2024-25,27,261,105,Mads Roerslev Rasmussen,DEF,Brentford,4,8,1,2025-02-26T19:30:00Z,0,0,0,0,0,0,0,0,0.0,0.0,0.0,0.0,0.0,0.0,0.0,0.0,0,43
2024-25,27,261,106,Kevin Schade,MID,Brentford,4,8,1,2025-02-26T19:30:00Z,75,3,0,0,1,0,0,14,18.2,35.6,10.0,6.4,0.0,0.1,0.1,0.61,1,51
2024-25,27,261,107,Igor Thiago Nascimento Rodrigues,FWD,Brentford,4,8,1,2025-02-26T19:30:00Z,0,0,0,0,0,0,0,0,0.0,0.0,0.0,0.0,0.0,0.0,0.0,0.0,0,59
2024-25,27,261,108,Ivan Toney,FWD,Brentford,4,8,1,2025-02-26T19:30:00Z,0,0,0,0,0,0,0,0,0.0,0.0,0.0,0.0,0.0,0.0,0.0,0.0,0,73
2024-25,27,261,109,Hákon Valdimarsson,GK,Brentford,4,8,1,2025-02-26T19:30:00Z,0,0,0,0,0,0,0,0,0.0,0.0,0.0,0.0,0.0,0.0,0.0,0.0,0,39
2024-25,27,261,110,Yoane Wissa,FWD,Brentford,4,8,1,2025-02-26T19:30:00Z,90,9,1,0,0,1,3,37,45.0,1.5,73.0,12.0,1.0,0.02,1.02,1.37,1,64
2024-25,27,261,111,Yehor Yarmoliuk,MID,Brentford,4,8,1,2025-02-26T19:30:00Z,90,1,0,0,0,1,0,10,13.6,16.1,4.0,3.4,0.0,0.04,0.04,1.37,1,44
2024-25,27,261,112,Mathias Jorgensen,DEF,Brentford,4,8,1,2025-02-26T19:30:00Z,0,0,0,0,0,0,0,0,0.0,0.0,0.0,0.0,0.0,0.0,0.0,0.0,0,45
2024-25,27,262,113,Simon Adingra,MID,Brighton,5,3,1,2025-02-25T19:30:00Z,0,0,0,0,0,0,0,0,0.0,0.0,0.0,0.0,0.0,0.0,0.0,0.0,0,51
2024-25,27,262,114,Benicio Baker-Boaitey,MID,Brighton,5,3,1,2025-02-25T19:30:00Z,0,0,0,0,0,0,0,0,0.0,0.0,0.0,0.0,0.0,0.0,0.0,0.0,0,45
2024-25,27,262,115,Carlos Baleba,MID,Brighton,5,3,1,2025-02-25T19:30:00Z,84,2,0,0,0,1,0,15,3.6,3.8,0.0,0.7,0.0,0.03,0.03,1.3,1,50
2024-25,27,262,116,Valentín Barco,DEF,Brighton,5,3,1,2025-02-25T19:30:00Z,0,0,0,0,0,0,0,0,0.0,0.0,0.0,0.0,0.0,0.0,0.0,0.0,0,40
2024-25,27,266,117,Facundo Buonanotte,MID,Leicester,11,19,0,2025-02-27T20:00:00Z,90,2,0,0,0,2,0,9,6.2,3.8,2.0,1.2,0.0,0.01,0.01,1.33,1,46
2024-25,27,262,118,Amario Cozier-Duberry,MID,Brighton,5,3,1,2025-02-25T19:30:00Z,0,0,0,0,0,0,0,0,0.0,0.0,0.0,0.0,0.0,0.0,0.0,0.0,0,45
2024-25,27,262,119,Mahmoud Dahoud,MID,Brighton,5,3,1,2025-02-25T19:30:00Z,0,0,0,0,0,0,0,0,0.0,0.0,0.0,0.0,0.0,0.0,0.0,0.0,0,49
2024-25,27,262,120,Lewis Dunk,DEF,Brighton,5,3,1,2025-02-25T19:30:00Z,0,0,0,0,0,0,0,0,0.0,0.0,0.0,0.0,0.0,0.0,0.0,0.0,0,42
2024-25,27,270,121,Julio Enciso,MID,Ipswich,10,14,0,2025-02-26T19:30:00Z,0,0,0,0,0,0,0,0,0.0,0.0,0.0,0.0,0.0,0.0,0.0,0.0,0,54
2024-25,27,262,122,Pervis Estupiñán,DEF,Brighton,5,3,1,2025-02-25T19:30:00Z,71,2,0,0,0,1,0,4,3.4,5.3,2.0,1.1,0.0,0.01,0.01,1.1,1,49
2024-25,27,266,123,Evan Ferguson,FWD,West Ham,19,11,1,2025-02-27T20:00:00Z,17,1,0,0,0,0,0,4,6.0,0.5,5.0,1.2,0.11,0.0,0.11,0.06,0,55
2024-25,27,262,124,Billy Gilmour,MID,Brighton,5,3,1,2025-02-25T19:30:00Z,0,0,0,0,0,0,0,0,0.0,0.0,0.0,0.0,0.0,0.0,0.0,0.0,0,50
2024-25,27,262,125,Pascal Groß,MID,Brighton,5,3,1,2025-02-25T19:30:00Z,0,0,0,0,0,0,0,0,0.0,0.0,0.0,0.0,0.0,0.0,0.0,0.0,0,65
2024-25,27,262,126,Jack Hinshelwood,MID,Brighton,5,3,1,2025-02-25T19:30:00Z,18,1,0,0,0,0,0,5,10.2,0.5,0.0,1.1,0.0,0.0,0.0,0.36,0,49
2024-25,27,262,127,Ibrahim Osman,MID,Brighton,5,3,1,2025-02-25T19:30:00Z,0,0,0,0,0,0,0,0,0.0,0.0,0.0,0.0,0.0,0.0,0.0,0.0,0,50
2024-25,27,262,128,Igor Julio dos Santos de Paulo,DEF,Brighton,5,3,1,2025-02-25T19:30:00Z,0,0,0,0,0,0,0,0,0.0,0.0,0.0,0.0,0.0,0.0,0.0,0.0,0,43
2024-25,27,262,129,João Pedro Junqueira de Jesus,FWD,Brighton,5,3,1,2025-02-25T19:30:00Z,71,8,1,0,0,1,2,33,32.0,1.8,27.0,6.1,0.79,0.02,0.81,1.1,1,54
2024-25,27,262,130,Kacper Kozłowski,MID,Brighton,5,3,1,2025-02-25T19:30:00Z,0,0,0,0,0,0,0,0,0.0,0.0,0.0,0.0,0.0,0.0,0.0,0.0,0,45
2024-25,27,262,131,Tariq Lamptey,DEF,Brighton,5,3,1,2025-02-25T19:30:00Z,90,2,0,0,0,1,0,15,15.8,14.8,4.0,3.5,0.0,0.16,0.16,1.46,1,44
2024-25,27,262,132,Solly March,MID,Brighton,5,3,1,2025-02-25T19:30:00Z,1,1,0,0,0,0,0,3,0.0,0.0,0.0,0.0,0.0,0.0,0.0,0.07,0,65
2024-25,27,262,133,Adrian Mazilu,MID,Brighton,5,3,1,2025-02-25T19:30:00Z,0,0,0,0,0,0,0,0,0.0,0.0,0.0,0.0,0.0,0.0,0.0,0.0,0,45
2024-25,27,262,134,James Milner,MID,Brighton,5,3,1,2025-02-25T19:30:00Z,0,0,0,0,0,0,0,0,0.0,0.0,0.0,0.0,0.0,0.0,0.0,0.0,0,50
2024-25,27,262,135,Yankuba Minteh,MID,Brighton,5,3,1,2025-02-25T19:30:00Z,90,2,0,0,0,1,0,20,30.2,15.5,25.0,7.1,0.06,0.16,0.22,1.46,1,50
2024-25,27,262,136,Mitoma Kaoru,MID,Brighton,5,3,1,2025-02-25T19:30:00Z,90,2,0,0,0,1,0,-5,4.8,3.7,12.0,2.1,0.62,0.09,0.71,1.46,1,64
2024-25,27,262,137,Jakub Moder,MID,Brighton,5,3,1,2025-02-25T19:30:00Z,0,0,0,0,0,0,0,0,0.0,0.0,0.0,0.0,0.0,0.0,0.0,0.0,0,44
2024-25,27,262,138,Mark O’Mahony,FWD,Brighton,5,3,1,2025-02-25T19:30:00Z,0,0,0,0,0,0,0,0,0.0,0.0,0.0,0.0,0.0,0.0,0.0,0.0,0,45
2024-25,27,262,139,Odeluga Offiah,DEF,Brighton,5,3,1,2025-02-25T19:30:00Z,0,0,0,0,0,0,0,0,0.0,0.0,0.0,0.0,0.0,0.0,0.0,0.0,0,40
2024-25,27,262,140,Cameron Peupion,MID,Brighton,5,3,1,2025-02-25T19:30:00Z,0,0,0,0,0,0,0,0,0.0,0.0,0.0,0.0,0.0,0.0,0.0,0.0,0,44
2024-25,27,262,141,Jeremy Sarmiento Morante,MID,Brighton,5,3,1,2025-02-25T19:30:00Z,0,0,0,0,0,0,0,0,0.0,0.0,0.0,0.0,0.0,0.0,0.0,0.0,0,49
2024-25,27,262,142,Jason Steele,GK,Brighton,5,3,1,2025-02-25T19:30:00Z,0,0,0,0,0,0,0,0,0.0,0.0,0.0,0.0,0.0,0.0,0.0,0.0,0,41
2024-25,27,262,143,Deniz Undav,FWD,Brighton,5,3,1,2025-02-25T19:30:00Z,0,0,0,0,0,0,0,0,0.0,0.0,0.0,0.0,0.0,0.0,0.0,0.0,0,55
2024-25,27,262,144,Jan Paul van Hecke,DEF,Brighton,5,3,1,2025-02-25T19:30:00Z,90,1,0,0,0,1,0,6,28.2,0.3,7.0,3.6,0.16,0.0,0.16,1.46,1,45
2024-25,27,262,145,Joël Veltman,DEF,Brighton,5,3,1,2025-02-25T19:30:00Z,0,0,0,0,0,0,0,0,0.0,0.0,0.0,0.0,0.0,0.0,0.0,0.0,0,44
2024-25,27,262,146,Bart Verbruggen,GK,Brighton,5,3,1,2025-02-25T19:30:00Z,90,3,0,0,0,1,0,14,33.2,0.0,0.0,3.3,0.0,0.0,0.0,1.46,1,45
2024-25,27,262,147,Adam Webster,DEF,Brighton,5,3,1,2025-02-25T19:30:00Z,90,2,0,0,0,1,0,11,24.4,11.2,2.0,3.8,0.0,0.01,0.01,1.46,1,43
2024-25,27,262,148,Danny Welbeck,FWD,Brighton,5,3,1,2025-02-25T19:30:00Z,18,7,1,0,0,0,2,33,34.2,0.8,17.0,5.2,0.37,0.0,0.37,0.36,0,55
2024-25,27,262,149,Mats Wieffer,MID,Brighton,5,3,1,2025-02-25T19:30:00Z,5,0,0,0,0,0,0,-1,0.0,1.5,0.0,0.1,0.0,0.02,0.02,0.16,0,47
2024-25,27,268,150,Andrey Nascimento dos Santos,MID,Chelsea,6,17,1,2025-02-25T20:15:00Z,0,0,0,0,0,0,0,0,0.0,0.0,0.0,0.0,0.0,0.0,0.0,0.0,0,45
2024-25,27,268,151,Ângelo Gabriel Borges Damaceno,MID,Chelsea,6,17,1,2025-02-25T20:15:00Z,0,0,0,0,0,0,0,0,0.0,0.0,0.0,0.0,0.0,0.0,0.0,0.0,0,45
2024-25,27,262,152,Kepa Arrizabalaga,GK,Bournemouth,3,5,0,2025-02-25T19:30:00Z,90,1,0,0,0,2,0,-2,5.6,0.1,4.0,1.0,0.06,0.01,0.07,2.42,1,46
2024-25,27,268,153,Benoît Badiashile,DEF,Chelsea,6,17,1,2025-02-25T20:15:00Z,0,0,0,0,0,0,0,0,0.0,0.0,0.0,0.0,0.0,0.0,0.0,0.0,0,42
2024-25,27,268,154,Lucas Bergström,GK,Chelsea,6,17,1,2025-02-25T20:15:00Z,0,0,0,0,0,0,0,0,0.0,0.0,0.0,0.0,0.0,0.0,0.0,0.0,0,39
2024-25,27,268,155,Marcus Bettinelli,GK,Chelsea,6,17,1,2025-02-25T20:15:00Z,0,0,0,0,0,0,0,0,0.0,0.0,0.0,0.0,0.0,0.0,0.0,0.0,0,39
2024-25,27,261,156,Armando Broja,FWD,Everton,8,4,0,2025-02-26T19:30:00Z,0,0,0,0,0,0,0,0,0.0,0.0,0.0,0.0,0.0,0.0,0.0,0.0,0,54
2024-25,27,268,157,Moisés Caicedo Corozo,MID,Chelsea,6,17,1,2025-02-25T20:15:00Z,82,2,0,0,1,0,0,8,5.6,7.2,2.0,1.5,0.03,0.04,0.07,0.72,1,49
2024-25,27,268,158,Cesare Casadei,MID,Chelsea,6,17,1,2025-02-25T20:15:00Z,0,0,0,0,0,0,0,0,0.0,0.0,0.0,0.0,0.0,0.0,0.0,0.0,0,44
2024-25,27,268,159,Trevoh Chalobah,DEF,Chelsea,6,17,1,2025-02-25T20:15:00Z,0,0,0,0,0,0,0,0,0.0,0.0,0.0,0.0,0.0,0.0,0.0,0.0,0,44
2024-25,27,263,160,Ben Chilwell,DEF,Crystal Palace,7,2,1,2025-02-25T19:30:00Z,0,0,0,0,0,0,0,0,0.0,0.0,0.0,0.0,0.0,0.0,0.0,0.0,0,46
2024-25,27,268,161,Carney Chukwuemeka,MID,Chelsea,6,17,1,2025-02-25T20:15:00Z,0,0,0,0,0,0,0,0,0.0,0.0,0.0,0.0,0.0,0.0,0.0,0.0,0,47
2024-25,27,268,162,Levi Colwill,DEF,Chelsea,6,17,1,2025-02-25T20:15:00Z,90,14,1,0,1,0,2,43,56.0,13.0,19.0,8.8,0.14,0.03,0.17,0.72,1,44
2024-25,27,268,163,Marc Cucurella Saseta,DEF,Chelsea,6,17,1,2025-02-25T20:15:00Z,90,15,1,0,1,0,3,49,56.0,10.9,21.0,8.8,0.37,0.06,0.43,0.72,1,51
2024-25,27,268,164,David Datro Fofana,FWD,Chelsea,6,17,1,2025-02-25T20:15:00Z,0,0,0,0,0,0,0,0,0.0,0.0,0.0,0.0,0.0,0.0,0.0,0.0,0,54
2024-25,27,268,165,Deivid Washington de Souza Eugênio,FWD,Chelsea,6,17,1,2025-02-25T20:15:00Z,0,0,0,0,0,0,0,0,0.0,0.0,0.0,0.0,0.0,0.0,0.0,0.0,0,49
2024-25,27,268,166,Kiernan Dewsbury-Hall,MID,Chelsea,6,17,1,2025-02-25T20:15:00Z,22,1,0,0,0,0,0,3,4.4,3.4,0.0,0.8,0.0,0.0,0.0,0.15,0,55
2024-25,27,263,167,Axel Disasi,DEF,Aston Villa,2,7,0,2025-02-25T19:30:00Z,90,0,0,0,0,4,0,-8,8.6,2.0,4.0,1.5,0.07,0.01,0.08,4.31,1,42
2024-25,27,268,168,Enzo Fernández,MID,Chelsea,6,17,1,2025-02-25T20:15:00Z,89,3,0,0,1,0,0,30,29.8,80.7,9.0,12.0,0.08,0.54,0.62,0.72,1,47
2024-25,27,268,169,Conor Gallagher,MID,Chelsea,6,17,1,2025-02-25T20:15:00Z,0,0,0,0,0,0,0,0,0.0,0.0,0.0,0.0,0.0,0.0,0.0,0.0,0,59
2024-25,27,268,170,Alfie Gilchrist,DEF,Chelsea,6,17,1,2025-02-25T20:15:00Z,0,0,0,0,0,0,0,0,0.0,0.0,0.0,0.0,0.0,0.0,0.0,0.0,0,40
2024-25,27,268,171,Malo Gusto,DEF,Chelsea,6,17,1,2025-02-25T20:15:00Z,90,6,0,0,1,0,0,25,13.4,4.8,2.0,2.0,0.0,0.02,0.02,0.72,1,49
2024-25,27,268,172,Reece James,DEF,Chelsea,6,17,1,2025-02-25T20:15:00Z,0,0,0,0,0,0,0,0,0.0,0.0,0.0,0.0,0.0,0.0,0.0,0.0,0,48
2024-25,27,268,173,Omari Kellyman,MID,Chelsea,6,17,1,2025-02-25T20:15:00Z,0,0,0,0,0,0,0,0,0.0,0.0,0.0,0.0,0.0,0.0,0.0,0.0,0,43
2024-25,27,268,174,Roméo Lavia,MID,Chelsea,6,17,1,2025-02-25T20:15:00Z,0,0,0,0,0,0,0,0,0.0,0.0,0.0,0.0,0.0,0.0,0.0,0.0,0,45
2024-25,27,268,175,Romelu Lukaku Bolingoli,FWD,Chelsea,6,17,1,2025-02-25T20:15:00Z,0,0,0,0,0,0,0,0,0.0,0.0,0.0,0.0,0.0,0.0,0.0,0.0,0,63
2024-25,27,268,176,Malang Sarr,DEF,Chelsea,6,17,1,2025-02-25T20:15:00Z,0,0,0,0,0,0,0,0,0.0,0.0,0.0,0.0,0.0,0.0,0.0,0.0,0,45
2024-25,27,268,177,Noni Madueke,MID,Chelsea,6,17,1,2025-02-25T20:15:00Z,0,0,0,0,0,0,0,0,0.0,0.0,0.0,0.0,0.0,0.0,0.0,0.0,0,61
2024-25,27,268,178,Marc Guiu Paz,FWD,Chelsea,6,17,1,2025-02-25T20:15:00Z,0,0,0,0,0,0,0,0,0.0,0.0,0.0,0.0,0.0,0.0,0.0,0.0,0,47
2024-25,27,268,179,Mykhailo Mudryk,MID,Chelsea,6,17,1,2025-02-25T20:15:00Z,0,0,0,0,0,0,0,0,0.0,0.0,0.0,0.0,0.0,0.0,0.0,0.0,0,61
2024-25,27,268,180,Nicolas Jackson,FWD,Chelsea,6,17,1,2025-02-25T20:15:00Z,0,0,0,0,0,0,0,0,0.0,0.0,0.0,0.0,0.0,0.0,0.0,0.0,0,77
2024-25,27,268,181,Christopher Nkunku,MID,Chelsea,6,17,1,2025-02-25T20:15:00Z,82,12,1,1,1,0,1,41,53.0,25.5,66.0,14.5,0.42,0.15,0.57,0.72,1,57
2024-25,27,268,182,Cole Palmer,MID,Chelsea,6,17,1,2025-02-25T20:15:00Z,90,3,0,0,1,0,0,6,8.4,23.3,54.0,8.6,1.3,0.1,1.4,0.72,1,111
2024-25,27,268,183,Đorđe Petrović,GK,Chelsea,6,17,1,2025-02-25T20:15:00Z,0,0,0,0,0,0,0,0,0.0,0.0,0.0,0.0,0.0,0.0,0.0,0.0,0,44
2024-25,27,268,184,Renato Palma Veiga,MID,Chelsea,6,17,1,2025-02-25T20:15:00Z,0,0,0,0,0,0,0,0,0.0,0.0,0.0,0.0,0.0,0.0,0.0,0.0,0,44
2024-25,27,268,185,Robert Sánchez,GK,Chelsea,6,17,1,2025-02-25T20:15:00Z,0,0,0,0,0,0,0,0,0.0,0.0,0.0,0.0,0.0,0.0,0.0,0.0,0,46
2024-25,27,264,186,Raheem Sterling,MID,Arsenal,1,16,0,2025-02-26T19:30:00Z,13,1,0,0,0,0,0,2,0.2,4.6,0.0,0.5,0.0,0.04,0.04,0.15,0,67
2024-25,27,268,187,Tosin Adarabioyo,DEF,Chelsea,6,17,1,2025-02-25T20:15:00Z,90,9,0,1,1,0,0,38,36.6,14.5,4.0,5.5,0.04,0.02,0.06,0.72,1,42
2024-25,27,268,188,Lesley Ugochukwu,MID,Southampton,17,6,0,2025-02-25T20:15:00Z,0,0,0,0,0,0,0,0,0.0,0.0,0.0,0.0,0.0,0.0,0.0,0.0,0,44
2024-25,27,268,189,Wesley Fofana,DEF,Chelsea,6,17,1,2025-02-25T20:15:00Z,0,0,0,0,0,0,0,0,0.0,0.0,0.0,0.0,0.0,0.0,0.0,0.0,0,43
2024-25,27,263,190,Naouirou Ahamada,MID,Crystal Palace,7,2,1,2025-02-25T19:30:00Z,0,0,0,0,0,0,0,0,0.0,0.0,0.0,0.0,0.0,0.0,0.0,0.0,0,45
2024-25,27,267,191,Joachim Andersen,DEF,Fulham,9,20,0,2025-02-25T19:30:00Z,90,2,0,0,0,1,0,14,25.0,0.3,0.0,2.5,0.0,0.01,0.01,1.31,1,42
2024-25,27,266,192,Jordan Ayew,MID,Leicester,11,19,0,2025-02-27T20:00:00Z,0,0,0,0,0,0,0,0,0.0,0.0,0.0,0.0,0.0,0.0,0.0,0.0,0,52
2024-25,27,263,193,Cheick Doucouré,MID,Crystal Palace,7,2,1,2025-02-25T19:30:00Z,0,0,0,0,0,0,0,0,0.0,0.0,0.0,0.0,0.0,0.0,0.0,0.0,0,49
2024-25,27,263,194,Chris Richards,DEF,Crystal Palace,7,2,1,2025-02-25T19:30:00Z,90,5,0,1,0,1,0,17,16.6,0.6,17.0,3.4,0.02,0.0,0.02,0.38,1,44
2024-25,27,263,195,Chadi Riad Dnanou,DEF,Crystal Palace,7,2,1,2025-02-25T19:30:00Z,0,0,0,0,0,0,0,0,0.0,0.0,0.0,0.0,0.0,0.0,0.0,0.0,0,43
2024-25,27,263,196,Nathaniel Clyne,DEF,Crystal Palace,7,2,1,2025-02-25T19:30:00Z,0,0,0,0,0,0,0,0,0.0,0.0,0.0,0.0,0.0,0.0,0.0,0.0,0,43
2024-25,27,263,197,Malcolm Ebiowei,MID,Crystal Palace,7,2,1,2025-02-25T19:30:00Z,0,0,0,0,0,0,0,0,0.0,0.0,0.0,0.0,0.0,0.0,0.0,0.0,0,45
2024-25,27,266,198,Odsonne Edouard,FWD,Leicester,11,19,0,2025-02-27T20:00:00Z,0,0,0,0,0,0,0,0,0.0,0.0,0.0,0.0,0.0,0.0,0.0,0.0,0,51
2024-25,27,263,199,Eberechi Eze,MID,Crystal Palace,7,2,1,2025-02-25T19:30:00Z,90,5,0,1,0,1,0,23,33.2,36.8,26.0,9.6,0.3,0.16,0.46,0.38,1,67
2024-25,27,263,200,Marc Guéhi,DEF,Crystal Palace,7,2,1,2025-02-25T19:30:00Z,90,2,0,0,0,1,0,13,23.6,1.0,0.0,2.5,0.0,0.0,0.0,0.38,1,46
2024-25,27,263,201,Dean Henderson,GK,Crystal Palace,7,2,1,2025-02-25T19:30:00Z,90,2,0,0,0,1,0,5,10.0,0.0,0.0,1.0,0.0,0.0,0.0,0.38,1,45
2024-25,27,263,202,Rob Holding,DEF,Crystal Palace,7,2,1,2025-02-25T19:30:00Z,0,0,0,0,0,0,0,0,0.0,0.0,0.0,0.0,0.0,0.0,0.0,0.0,0,42
2024-25,27,263,203,Will Hughes,MID,Crystal Palace,7,2,1,2025-02-25T19:30:00Z,57,0,0,0,0,1,0,-1,0.2,1.6,1.0,0.3,0.02,0.02,0.04,0.25,1,49
2024-25,27,267,204,Sam Johnstone,GK,Wolves,20,9,1,2025-02-25T19:30:00Z,0,0,0,0,0,0,0,0,0.0,0.0,0.0,0.0,0.0,0.0,0.0,0.0,0,42
2024-25,27,263,205,Daichi Kamada,MID,Crystal Palace,7,2,1,2025-02-25T19:30:00Z,12,1,0,0,0,0,0,6,4.6,0.3,0.0,0.5,0.0,0.02,0.02,0.06,0,51
2024-25,27,263,206,Jefferson Lerma Solís,MID,Crystal Palace,7,2,1,2025-02-25T19:30:00Z,32,0,0,0,0,0,0,-4,0.0,0.3,5.0,0.1,0.08,0.0,0.08,0.12,0,48
2024-25,27,263,207,Jean-Philippe Mateta,FWD,Crystal Palace,7,2,1,2025-02-25T19:30:00Z,90,8,1,0,0,1,2,42,46.2,26.3,25.0,9.8,0.41,0.03,0.44,0.38,1,74
2024-25,27,263,208,Matheus França de Oliveira,MID,Crystal Palace,7,2,1,2025-02-25T19:30:00Z,0,0,0,0,0,0,0,0,0.0,0.0,0.0,0.0,0.0,0.0,0.0,0.0,0,44
2024-25,27,263,209,Remi Matthews,GK,Crystal Palace,7,2,1,2025-02-25T19:30:00Z,0,0,0,0,0,0,0,0,0.0,0.0,0.0,0.0,0.0,0.0,0.0,0.0,0,39
2024-25,27,263,210,Tyrick Mitchell,DEF,Crystal Palace,7,2,1,2025-02-25T19:30:00Z,90,5,0,1,0,1,0,16,30.6,10.8,10.0,5.1,0.6,0.31,0.91,0.38,1,48
2024-25,27,263,211,Daniel Muñoz,DEF,Crystal Palace,7,2,1,2025-02-25T19:30:00Z,90,4,0,1,0,1,0,6,21.6,15.0,1.0,3.8,0.03,0.05,0.08,0.38,1,49
2024-25,27,263,212,David Ozoh,MID,Crystal Palace,7,2,1,2025-02-25T19:30:00Z,0,0,0,0,0,0,0,0,0.0,0.0,0.0,0.0,0.0,0.0,0.0,0.0,0,45
2024-25,27,263,213,Jesurun Rak-Sakyi,MID,Crystal Palace,7,2,1,2025-02-25T19:30:00Z,0,0,0,0,0,0,0,0,0.0,0.0,0.0,0.0,0.0,0.0,0.0,0.0,0,45
2024-25,27,263,214,Jeffrey Schlupp,MID,Crystal Palace,7,2,1,2025-02-25T19:30:00Z,0,0,0,0,0,0,0,0,0.0,0.0,0.0,0.0,0.0,0.0,0.0,0.0,0,46
2024-25,27,263,215,Joel Ward,DEF,Crystal Palace,7,2,1,2025-02-25T19:30:00Z,0,0,0,0,0,0,0,0,0.0,0.0,0.0,0.0,0.0,0.0,0.0,0.0,0,43
2024-25,27,263,216,Adam Wharton,MID,Crystal Palace,7,2,1,2025-02-25T19:30:00Z,77,2,0,0,0,1,0,14,11.8,35.8,1.0,4.9,0.03,0.08,0.11,0.31,1,47
2024-25,27,261,217,Abdoulaye Doucouré,MID,Everton,8,4,0,2025-02-26T19:30:00Z,0,0,0,0,0,0,0,0,0.0,0.0,0.0,0.0,0.0,0.0,0.0,0.0,0,51
2024-25,27,261,218,Norberto Bercique Gomes Betuncal,FWD,Everton,8,4,0,2025-02-26T19:30:00Z,90,2,0,0,0,1,0,4,11.0,4.9,40.0,5.6,0.62,0.01,0.63,1.48,1,50
2024-25,27,261,219,Jarrad Branthwaite,DEF,Everton,8,4,0,2025-02-26T19:30:00Z,90,2,0,0,0,1,0,13,14.8,1.4,0.0,1.6,0.0,0.01,0.01,1.48,1,48
2024-25,27,261,220,Dominic Calvert-Lewin,FWD,Everton,8,4,0,2025-02-26T19:30:00Z,0,0,0,0,0,0,0,0,0.0,0.0,0.0,0.0,0.0,0.0,0.0,0.0,0,54
2024-25,27,261,221,Séamus Coleman,DEF,Everton,8,4,0,2025-02-26T19:30:00Z,0,0,0,0,0,0,0,0,0.0,0.0,0.0,0.0,0.0,0.0,0.0,0.0,0,43
2024-25,27,261,222,Idrissa Gueye,MID,Everton,8,4,0,2025-02-26T19:30:00Z,74,2,0,0,0,1,0,13,8.0,5.7,1.0,1.5,0.02,0.03,0.05,1.26,1,48
2024-25,27,261,223,James Garner,MID,Everton,8,4,0,2025-02-26T19:30:00Z,90,2,0,0,0,1,0,11,3.8,15.9,4.0,2.4,0.05,0.02,0.07,1.48,1,49
2024-25,27,261,224,Jack Harrison,MID,Everton,8,4,0,2025-02-26T19:30:00Z,90,2,0,0,0,1,0,10,7.4,42.5,7.0,5.7,0.1,0.08,0.18,1.48,1,52
2024-25,27,261,225,Mason Holgate,DEF,Everton,8,4,0,2025-02-26T19:30:00Z,0,0,0,0,0,0,0,0,0.0,0.0,0.0,0.0,0.0,0.0,0.0,0.0,0,40
2024-25,27,261,226,Tim Iroegbunam,MID,Everton,8,4,0,2025-02-26T19:30:00Z,15,1,0,0,0,0,0,0,0.0,0.3,0.0,0.0,0.0,0.0,0.0,0.22,0,43
2024-25,27,261,227,João Neves Virgínia,GK,Everton,8,4,0,2025-02-26T19:30:00Z,0,0,0,0,0,0,0,0,0.0,0.0,0.0,0.0,0.0,0.0,0.0,0.0,0,39
2024-25,27,261,228,Michael Keane,DEF,Everton,8,4,0,2025-02-26T19:30:00Z,0,0,0,0,0,0,0,0,0.0,0.0,0.0,0.0,0.0,0.0,0.0,0.0,0,39
2024-25,27,261,229,Neal Maupay,FWD,Everton,8,4,0,2025-02-26T19:30:00Z,0,0,0,0,0,0,0,0,0.0,0.0,0.0,0.0,0.0,0.0,0.0,0.0,0,49
2024-25,27,261,230,Dwight McNeil,MID,Everton,8,4,0,2025-02-26T19:30:00Z,0,0,0,0,0,0,0,0,0.0,0.0,0.0,0.0,0.0,0.0,0.0,0.0,0,51
2024-25,27,261,231,Vitalii Mykolenko,DEF,Everton,8,4,0,2025-02-26T19:30:00Z,90,6,0,1,0,1,1,21,36.8,30.8,2.0,7.0,0.0,0.24,0.24,1.48,1,44
2024-25,27,261,232,Iliman Ndiaye,FWD,Everton,8,4,0,2025-02-26T19:30:00Z,0,0,0,0,0,0,0,0,0.0,0.0,0.0,0.0,0.0,0.0,0.0,0.0,0,54
2024-25,27,263,233,Amadou Onana,MID,Aston Villa,2,7,0,2025-02-25T19:30:00Z,0,0,0,0,0,0,0,0,0.0,0.0,0.0,0.0,0.0,0.0,0.0,0.0,0,48
2024-25,27,261,234,Nathan Patterson,DEF,Everton,8,4,0,2025-02-26T19:30:00Z,0,0,0,0,0,0,0,0,0.0,0.0,0.0,0.0,0.0,0.0,0.0,0.0,0,44
2024-25,27,261,235,Jordan Pickford,GK,Everton,8,4,0,2025-02-26T19:30:00Z,90,2,0,0,0,1,0,10,16.8,0.0,0.0,1.7,0.0,0.0,0.0,1.48,1,51
2024-25,27,261,236,James Tarkowski,DEF,Everton,8,4,0,2025-02-26T19:30:00Z,90,2,0,0,0,1,0,13,27.2,12.3,7.0,4.7,0.01,0.01,0.02,1.48,1,49
2024-25,27,261,237,Youssef Ramalho Chermiti,FWD,Everton,8,4,0,2025-02-26T19:30:00Z,0,0,0,0,0,0,0,0,0.0,0.0,0.0,0.0,0.0,0.0,0.0,0.0,0,49
2024-25,27,261,238,Ashley Young,DEF,Everton,8,4,0,2025-02-26T19:30:00Z,15,1,0,0,0,0,0,3,1.2,0.3,2.0,0.4,0.0,0.0,0.0,0.22,0,45
2024-25,27,267,239,Adama Traoré,MID,Fulham,9,20,0,2025-02-25T19:30:00Z,66,7,0,1,0,1,2,31,30.2,34.3,17.0,8.2,0.01,0.25,0.26,1.16,1,46
2024-25,27,267,240,Andreas Hoelgebaum Pereira,MID,Fulham,9,20,0,2025-02-25T19:30:00Z,90,6,0,1,0,1,1,29,29.4,43.7,9.0,8.2,0.1,0.08,0.18,1.31,1,49
2024-25,27,267,241,Calvin Bassey,DEF,Fulham,9,20,0,2025-02-25T19:30:00Z,14,1,0,0,0,0,0,5,7.8,0.3,0.0,0.8,0.0,0.0,0.0,0.13,0,45
2024-25,27,267,242,Steven Benda,GK,Fulham,9,20,0,2025-02-25T19:30:00Z,0,0,0,0,0,0,0,0,0.0,0.0,0.0,0.0,0.0,0.0,0.0,0.0,0,39
2024-25,27,267,243,Tom Cairney,MID,Fulham,9,20,0,2025-02-25T19:30:00Z,0,0,0,0,0,0,0,0,0.0,0.0,0.0,0.0,0.0,0.0,0.0,0.0,0,48
2024-25,27,267,244,Timothy Castagne,DEF,Fulham,9,20,0,2025-02-25T19:30:00Z,90,2,0,0,0,1,0,14,29.2,15.7,0.0,4.5,0.0,0.07,0.07,1.31,1,42
2024-25,27,267,245,Issa Diop,DEF,Fulham,9,20,0,2025-02-25T19:30:00Z,90,2,0,0,0,1,0,10,17.0,0.7,0.0,1.8,0.0,0.0,0.0,1.31,1,44
2024-25,27,267,246,Luke Harris,MID,Fulham,9,20,0,2025-02-25T19:30:00Z,0,0,0,0,0,0,0,0,0.0,0.0,0.0,0.0,0.0,0.0,0.0,0.0,0,45
2024-25,27,267,247,Alex Iwobi,MID,Fulham,9,20,0,2025-02-25T19:30:00Z,23,1,0,0,0,0,0,5,3.4,14.7,7.0,2.5,0.04,0.04,0.08,0.15,0,57
2024-25,27,267,248,Bernd Leno,GK,Fulham,9,20,0,2025-02-25T19:30:00Z,90,3,0,0,0,1,0,13,32.4,0.0,0.0,3.2,0.0,0.0,0.0,1.31,1,50
2024-25,27,267,249,Saša Lukić,MID,Fulham,9,20,0,2025-02-25T19:30:00Z,66,1,0,0,0,1,0,9,1.4,2.8,0.0,0.4,0.0,0.01,0.01,1.16,1,48
2024-25,27,267,250,Kevin Mbabu,DEF,Fulham,9,20,0,2025-02-25T19:30:00Z,0,0,0,0,0,0,0,0,0.0,0.0,0.0,0.0,0.0,0.0,0.0,0.0,0,40
2024-25,27,267,251,Rodrigo Muniz Carvalho,FWD,Fulham,9,20,0,2025-02-25T19:30:00Z,71,9,1,0,0,1,3,33,41.8,0.8,16.0,5.9,0.63,0.01,0.64,1.18,1,55
2024-25,27,267,252,Raúl Jiménez,FWD,Fulham,9,20,0,2025-02-25T19:30:00Z,18,1,0,0,0,0,0,3,3.6,0.2,25.0,2.9,0.5,0.0,0.5,0.13,0,56
2024-25,27,267,253,Tim Ream,DEF,Fulham,9,20,0,2025-02-25T19:30:00Z,0,0,0,0,0,0,0,0,0.0,0.0,0.0,0.0,0.0,0.0,0.0,0.0,0,45
2024-25,27,267,254,Harrison Reed,MID,Fulham,9,20,0,2025-02-25T19:30:00Z,0,0,0,0,0,0,0,0,0.0,0.0,0.0,0.0,0.0,0.0,0.0,0.0,0,47
2024-25,27,267,255,Antonee Robinson,DEF,Fulham,9,20,0,2025-02-25T19:30:00Z,18,0,0,0,0,0,0,5,9.8,20.8,0.0,3.1,0.0,0.01,0.01,0.13,0,51
2024-25,27,267,256,Jay Stansfield,FWD,Fulham,9,20,0,2025-02-25T19:30:00Z,0,0,0,0,0,0,0,0,0.0,0.0,0.0,0.0,0.0,0.0,0.0,0.0,0,50
2024-25,27,267,257,Kenny Tete,DEF,Fulham,9,20,0,2025-02-25T19:30:00Z,0,0,0,0,0,0,0,0,0.0,0.0,0.0,0.0,0.0,0.0,0.0,0.0,0,44
2024-25,27,267,258,Carlos Vinícius Alves Morais,FWD,Fulham,9,20,0,2025-02-25T19:30:00Z,0,0,0,0,0,0,0,0,0.0,0.0,0.0,0.0,0.0,0.0,0.0,0.0,0,50
2024-25,27,267,259,Harry Wilson,MID,Fulham,9,20,0,2025-02-25T19:30:00Z,0,0,0,0,0,0,0,0,0.0,0.0,0.0,0.0,0.0,0.0,0.0,0.0,0,52
2024-25,27,270,260,Ali Al-Hamadi,FWD,Ipswich,10,14,0,2025-02-26T19:30:00Z,0,0,0,0,0,0,0,0,0.0,0.0,0.0,0.0,0.0,0.0,0.0,0.0,0,47
2024-25,27,270,261,Elkan Baggott,DEF,Ipswich,10,14,0,2025-02-26T19:30:00Z,0,0,0,0,0,0,0,0,0.0,0.0,0.0,0.0,0.0,0.0,0.0,0.0,0,40
2024-25,27,270,262,Nathan Broadhead,MID,Ipswich,10,14,0,2025-02-26T19:30:00Z,24,1,0,0,0,0,0,1,0.6,2.4,4.0,0.7,0.0,0.0,0.0,0.01,0,49
2024-25,27,270,263,Cameron Burgess,DEF,Ipswich,10,14,0,2025-02-26T19:30:00Z,0,0,0,0,0,0,0,0,0.0,0.0,0.0,0.0,0.0,0.0,0.0,0.0,0,38
2024-25,27,270,264,Wes Burns,MID,Ipswich,10,14,0,2025-02-26T19:30:00Z,0,0,0,0,0,0,0,0,0.0,0.0,0.0,0.0,0.0,0.0,0.0,0.0,0,48
2024-25,27,270,265,Conor Chaplin,MID,Ipswich,10,14,0,2025-02-26T19:30:00Z,0,0,0,0,0,0,0,0,0.0,0.0,0.0,0.0,0.0,0.0,0.0,0.0,0,51
2024-25,27,270,266,Harry Clarke,DEF,Ipswich,10,14,0,2025-02-26T19:30:00Z,0,0,0,0,0,0,0,0,0.0,0.0,0.0,0.0,0.0,0.0,0.0,0.0,0,40
2024-25,27,270,267,Leif Davis,DEF,Ipswich,10,14,0,2025-02-26T19:30:00Z,79,1,0,0,0,3,0,3,14.6,24.0,2.0,4.1,0.0,0.09,0.09,0.72,1,43
2024-25,27,270,268,Liam Delap,FWD,Ipswich,10,14,0,2025-02-26T19:30:00Z,90,1,0,0,0,3,0,-3,0.0,0.8,17.0,1.6,0.14,0.0,0.14,0.72,1,56
2024-25,27,270,269,George Edmundson,DEF,Ipswich,10,14,0,2025-02-26T19:30:00Z,0,0,0,0,0,0,0,0,0.0,0.0,0.0,0.0,0.0,0.0,0.0,0.0,0,40
2024-25,27,270,270,Jacob Greaves,DEF,Ipswich,10,14,0,2025-02-26T19:30:00Z,90,1,0,0,0,3,0,3,15.0,4.0,0.0,1.9,0.0,0.02,0.02,0.72,1,39
2024-25,27,270,271,Marcus Myers-Harness,MID,Ipswich,10,14,0,2025-02-26T19:30:00Z,0,0,0,0,0,0,0,0,0.0,0.0,0.0,0.0,0.0,0.0,0.0,0.0,0,49
2024-25,27,270,272,George Hirst,FWD,Ipswich,10,14,0,2025-02-26T19:30:00Z,10,1,0,0,0,0,0,2,0.0,0.0,6.0,0.4,0.09,0.0,0.09,0.01,0,54
2024-25,27,270,273,Cameron Humphreys,MID,Ipswich,10,14,0,2025-02-26T19:30:00Z,0,0,0,0,0,0,0,0,0.0,0.0,0.0,0.0,0.0,0.0,0.0,0.0,0,45
2024-25,27,270,274,Omari Giraud-Hutchinson,MID,Ipswich,10,14,0,2025-02-26T19:30:00Z,65,2,0,0,0,3,0,8,0.4,4.9,0.0,0.5,0.0,0.03,0.03,0.72,1,52
2024-25,27,270,275,Ben Johnson,DEF,Ipswich,10,14,0,2025-02-26T19:30:00Z,10,0,0,0,0,0,0,-2,0.0,4.8,0.0,0.5,0.0,0.02,0.02,0.01,0,39
2024-25,27,270,276,Freddie Ladapo,FWD,Ipswich,10,14,0,2025-02-26T19:30:00Z,0,0,0,0,0,0,0,0,0.0,0.0,0.0,0.0,0.0,0.0,0.0,0.0,0,45
2024-25,27,270,277,Massimo Luongo,MID,Ipswich,10,14,0,2025-02-26T19:30:00Z,0,0,0,0,0,0,0,0,0.0,0.0,0.0,0.0,0.0,0.0,0.0,0.0,0,44
2024-25,27,270,278,Sam Morsy,MID,Ipswich,10,14,0,2025-02-26T19:30:00Z,65,-1,0,0,0,3,0,5,3.0,2.8,0.0,0.6,0.0,0.02,0.02,0.72,1,48
2024-25,27,270,279,Corrie Ndaba,DEF,Ipswich,10,14,0,2025-02-26T19:30:00Z,0,0,0,0,0,0,0,0,0.0,0.0,0.0,0.0,0.0,0.0,0.0,0.0,0,40
2024-25,27,270,280,Cieran Slicker,GK,Ipswich,10,14,0,2025-02-26T19:30:00Z,0,0,0,0,0,0,0,0,0.0,0.0,0.0,0.0,0.0,0.0,0.0,0.0,0,39
2024-25,27,270,281,Jack Taylor,MID,Ipswich,10,14,0,2025-02-26T19:30:00Z,24,1,0,0,0,0,0,4,0.8,2.1,1.0,0.4,0.02,0.01,0.03,0.01,0,48
2024-25,27,270,282,Axel Tuanzebe,DEF,Ipswich,10,14,0,2025-02-26T19:30:00Z,80,4,0,1,0,3,0,9,28.2,13.9,2.0,4.4,0.03,0.02,0.05,0.72,1,39
2024-25,27,270,283,Christian Walton,GK,Ipswich,10,14,0,2025-02-26T19:30:00Z,0,0,0,0,0,0,0,0,0.0,0.0,0.0,0.0,0.0,0.0,0.0,0.0,0,43
2024-25,27,270,284,Luke Woolfenden,DEF,Ipswich,10,14,0,2025-02-26T19:30:00Z,0,0,0,0,0,0,0,0,0.0,0.0,0.0,0.0,0.0,0.0,0.0,0.0,0,40
2024-25,27,266,285,Boubakary Soumaré,MID,Leicester,11,19,0,2025-02-27T20:00:00Z,60,2,0,0,0,2,0,4,2.0,3.9,0.0,0.6,0.0,0.0,0.0,0.96,1,44
2024-25,27,266,286,Tom Cannon,FWD,Leicester,11,19,0,2025-02-27T20:00:00Z,0,0,0,0,0,0,0,0,0.0,0.0,0.0,0.0,0.0,0.0,0.0,0.0,0,45
2024-25,27,266,287,Hamza Choudhury,MID,Leicester,11,19,0,2025-02-27T20:00:00Z,0,0,0,0,0,0,0,0,0.0,0.0,0.0,0.0,0.0,0.0,0.0,0.0,0,44
2024-25,27,266,288,Conor Coady,DEF,Leicester,11,19,0,2025-02-27T20:00:00Z,0,0,0,0,0,0,0,0,0.0,0.0,0.0,0.0,0.0,0.0,0.0,0.0,0,40
2024-25,27,266,289,Patson Daka,FWD,Leicester,11,19,0,2025-02-27T20:00:00Z,3,1,0,0,0,0,0,2,0.0,1.3,0.0,0.0,0.0,0.0,0.0,0.26,0,48
2024-25,27,266,290,Bobby De Cordova-Reid,MID,Leicester,11,19,0,2025-02-27T20:00:00Z,60,2,0,0,0,2,0,5,3.4,2.7,0.0,0.6,0.0,0.0,0.0,0.96,1,52
2024-25,27,266,291,Wout Faes,DEF,Leicester,11,19,0,2025-02-27T20:00:00Z,90,1,0,0,0,2,0,8,18.0,0.3,2.0,2.0,0.02,0.0,0.02,1.33,1,39
2024-25,27,266,292,Michael Golding,MID,Leicester,11,19,0,2025-02-27T20:00:00Z,0,0,0,0,0,0,0,0,0.0,0.0,0.0,0.0,0.0,0.0,0.0,0.0,0,44
2024-25,27,266,293,Mads Hermansen,GK,Leicester,11,19,0,2025-02-27T20:00:00Z,90,1,0,0,0,2,0,1,10.8,0.0,0.0,1.1,0.0,0.0,0.0,1.33,1,44
2024-25,27,266,294,Daniel Iversen,GK,Leicester,11,19,0,2025-02-27T20:00:00Z,0,0,0,0,0,0,0,0,0.0,0.0,0.0,0.0,0.0,0.0,0.0,0.0,0,39
2024-25,27,266,295,James Justin,DEF,Leicester,11,19,0,2025-02-27T20:00:00Z,90,1,0,0,0,2,0,1,20.8,1.8,7.0,3.0,0.08,0.01,0.09,1.33,1,41
2024-25,27,266,296,Victor Kristiansen,DEF,Leicester,11,19,0,2025-02-27T20:00:00Z,86,1,0,0,0,2,0,10,29.8,7.1,4.0,4.1,0.03,0.02,0.05,1.07,1,44
2024-25,27,266,297,Wanya Marçal-Madivádua,MID,Leicester,11,19,0,2025-02-27T20:00:00Z,0,0,0,0,0,0,0,0,0.0,0.0,0.0,0.0,0.0,0.0,0.0,0.0,0,45
2024-25,27,266,298,Stephy Mavididi,MID,Leicester,11,19,0,2025-02-27T20:00:00Z,29,1,0,0,0,0,0,6,8.6,20.3,2.0,3.1,0.03,0.05,0.08,0.37,0,50
2024-25,27,266,299,Kasey McAteer,MID,Leicester,11,19,0,2025-02-27T20:00:00Z,0,0,0,0,0,0,0,0,0.0,0.0,0.0,0.0,0.0,0.0,0.0,0.0,0,47
2024-25,27,266,300,Wilfred Ndidi,MID,Leicester,11,19,0,2025-02-27T20:00:00Z,90,2,0,0,0,2,0,15,14.2,3.8,17.0,3.5,0.1,0.01,0.11,1.33,1,49
2024-25,27,266,301,Caleb Okoli,DEF,Leicester,11,19,0,2025-02-27T20:00:00Z,0,0,0,0,0,0,0,0,0.0,0.0,0.0,0.0,0.0,0.0,0.0,0.0,0,40
2024-25,27,266,302,Ricardo Barbosa Pereira,DEF,Leicester,11,19,0,2025-02-27T20:00:00Z,0,0,0,0,0,0,0,0,0.0,0.0,0.0,0.0,0.0,0.0,0.0,0.0,0,41
2024-25,27,266,303,Harry Souttar,DEF,Leicester,11,19,0,2025-02-27T20:00:00Z,0,0,0,0,0,0,0,0,0.0,0.0,0.0,0.0,0.0,0.0,0.0,0.0,0,40
2024-25,27,266,304,Jakub Stolarczyk,GK,Leicester,11,19,0,2025-02-27T20:00:00Z,0,0,0,0,0,0,0,0,0.0,0.0,0.0,0.0,0.0,0.0,0.0,0.0,0,40
2024-25,27,266,305,Luke Thomas,DEF,Leicester,11,19,0,2025-02-27T20:00:00Z,3,1,0,0,0,0,0,3,2.6,0.4,0.0,0.3,0.0,0.0,0.0,0.26,0,39
2024-25,27,266,306,Jamie Vardy,FWD,Leicester,11,19,0,2025-02-27T20:00:00Z,90,2,0,0,0,2,0,9,6.0,11.8,2.0,2.0,0.0,0.01,0.01,1.33,1,54
2024-25,27,266,307,Jannik Vestergaard,DEF,Leicester,11,19,0,2025-02-27T20:00:00Z,86,-1,0,0,0,2,0,3,22.6,10.9,17.0,5.1,0.07,0.0,0.07,1.07,1,39
2024-25,27,266,308,Danny Ward,GK,Leicester,11,19,0,2025-02-27T20:00:00Z,0,0,0,0,0,0,0,0,0.0,0.0,0.0,0.0,0.0,0.0,0.0,0.0,0,39
2024-25,27,266,309,Harry Winks,MID,Leicester,11,19,0,2025-02-27T20:00:00Z,29,1,0,0,0,0,0,3,3.2,2.4,0.0,0.6,0.0,0.01,0.01,0.37,0,44
2024-25,27,269,310,Alisson Ramses Becker,GK,Liverpool,12,15,1,2025-02-26T20:15:00Z,90,6,0,0,1,0,0,23,9.6,0.0,0.0,1.0,0.0,0.0,0.0,0.23,1,55
2024-25,27,269,311,Trent Alexander-Arnold,DEF,Liverpool,12,15,1,2025-02-26T20:15:00Z,76,6,0,0,1,0,0,26,18.6,2.8,0.0,2.1,0.0,0.02,0.02,0.23,1,74
2024-25,27,269,312,Stefan Bajčetić Maquieira,MID,Liverpool,12,15,1,2025-02-26T20:15:00Z,0,0,0,0,0,0,0,0,0.0,0.0,0.0,0.0,0.0,0.0,0.0,0.0,0,45
2024-25,27,269,313,Conor Bradley,DEF,Liverpool,12,15,1,2025-02-26T20:15:00Z,0,0,0,0,0,0,0,0,0.0,0.0,0.0,0.0,0.0,0.0,0.0,0.0,0,47
2024-25,27,261,314,Fábio Freitas Gouveia Carvalho,MID,Brentford,4,8,1,2025-02-26T19:30:00Z,0,0,0,0,0,0,0,0,0.0,0.0,0.0,0.0,0.0,0.0,0.0,0.0,0,45
2024-25,27,269,315,Bobby Clark,MID,Liverpool,12,15,1,2025-02-26T20:15:00Z,0,0,0,0,0,0,0,0,0.0,0.0,0.0,0.0,0.0,0.0,0.0,0.0,0,45
2024-25,27,269,316,Darwin Núñez Ribeiro,FWD,Liverpool,12,15,1,2025-02-26T20:15:00Z,3,1,0,0,0,0,0,2,0.2,0.3,2.0,0.3,0.0,0.01,0.01,0.0,0,70
2024-25,27,269,317,Diogo Teixeira da Silva,MID,Liverpool,12,15,1,2025-02-26T20:15:00Z,61,3,0,0,1,0,0,6,4.2,12.2,4.0,2.0,0.0,0.02,0.02,0.23,1,72
2024-25,27,269,318,Ben Doak,MID,Liverpool,12,15,1,2025-02-26T20:15:00Z,0,0,0,0,0,0,0,0,0.0,0.0,0.0,0.0,0.0,0.0,0.0,0.0,0,45
2024-25,27,269,319,Harvey Elliott,MID,Liverpool,12,15,1,2025-02-26T20:15:00Z,0,0,0,0,0,0,0,0,0.0,0.0,0.0,0.0,0.0,0.0,0.0,0.0,0,52
2024-25,27,269,320,Endo Wataru,MID,Liverpool,12,15,1,2025-02-26T20:15:00Z,13,1,0,0,0,0,0,4,4.0,0.8,0.0,0.5,0.0,0.0,0.0,0.0,0,46
2024-25,27,269,321,Cody Gakpo,FWD,Liverpool,12,15,1,2025-02-26T20:15:00Z,28,1,0,0,0,0,0,2,2.8,1.7,13.0,1.8,0.52,0.01,0.53,0.0,0,75
2024-25,27,269,322,Joe Gomez,DEF,Liverpool,12,15,1,2025-02-26T20:15:00Z,0,0,0,0,0,0,0,0,0.0,0.0,0.0,0.0,0.0,0.0,0.0,0.0,0,47
2024-25,27,269,323,Ryan Gravenberch,MID,Liverpool,12,15,1,2025-02-26T20:15:00Z,76,3,0,0,1,0,0,14,10.6,3.7,0.0,1.4,0.0,0.01,0.01,0.23,1,50
2024-25,27,269,324,Curtis Jones,MID,Liverpool,12,15,1,2025-02-26T20:15:00Z,3,1,0,0,0,0,0,4,4.2,10.9,0.0,1.5,0.0,0.01,0.01,0.0,0,53
2024-25,27,269,325,Caoimhin Kelleher,GK,Liverpool,12,15,1,2025-02-26T20:15:00Z,0,0,0,0,0,0,0,0,0.0,0.0,0.0,0.0,0.0,0.0,0.0,0.0,0,40
2024-25,27,269,326,Ibrahima Konaté,DEF,Liverpool,12,15,1,2025-02-26T20:15:00Z,90,6,0,0,1,0,0,25,9.4,1.3,0.0,1.1,0.0,0.01,0.01,0.23,1,52
2024-25,27,269,327,Luis Díaz,MID,Liverpool,12,15,1,2025-02-26T20:15:00Z,86,8,0,1,1,0,2,30,35.0,57.8,15.0,10.8,0.37,0.23,0.6,0.23,1,75
2024-25,27,269,328,Mohamed Salah,MID,Liverpool,12,15,1,2025-02-26T20:15:00Z,90,6,0,1,1,0,0,22,30.2,46.2,44.0,12.0,0.15,0.32,0.47,0.23,1,137
2024-25,27,269,329,Alexis Mac Allister,MID,Liverpool,12,15,1,2025-02-26T20:15:00Z,86,8,1,0,1,0,0,26,34.2,7.5,21.0,6.3,0.22,0.03,0.25,0.23,1,62
2024-25,27,269,330,James McConnell,MID,Liverpool,12,15,1,2025-02-26T20:15:00Z,0,0,0,0,0,0,0,0,0.0,0.0,0.0,0.0,0.0,0.0,0.0,0.0,0,44
2024-25,27,269,331,Tyler Morton,MID,Liverpool,12,15,1,2025-02-26T20:15:00Z,0,0,0,0,0,0,0,0,0.0,0.0,0.0,0.0,0.0,0.0,0.0,0.0,0,44
2024-25,27,269,332,Nathaniel Phillips,DEF,Liverpool,12,15,1,2025-02-26T20:15:00Z,0,0,0,0,0,0,0,0,0.0,0.0,0.0,0.0,0.0,0.0,0.0,0.0,0,40
2024-25,27,269,333,Jarell Quansah,DEF,Liverpool,12,15,1,2025-02-26T20:15:00Z,13,1,0,0,0,0,0,3,3.2,0.5,0.0,0.4,0.0,0.0,0.0,0.0,0,39
2024-25,27,269,334,Rhys Williams,DEF,Liverpool,12,15,1,2025-02-26T20:15:00Z,0,0,0,0,0,0,0,0,0.0,0.0,0.0,0.0,0.0,0.0,0.0,0.0,0,40
2024-25,27,269,335,Andrew Robertson,DEF,Liverpool,12,15,1,2025-02-26T20:15:00Z,0,0,0,0,0,0,0,0,0.0,0.0,0.0,0.0,0.0,0.0,0.0,0.0,0,59
2024-25,27,269,336,Dominik Szoboszlai,MID,Liverpool,12,15,1,2025-02-26T20:15:00Z,90,11,1,0,1,0,3,44,56.0,26.8,20.0,10.3,0.41,0.03,0.44,0.23,1,63
2024-25,27,269,337,Konstantinos Tsimikas,DEF,Liverpool,12,15,1,2025-02-26T20:15:00Z,90,6,0,0,1,0,0,26,11.0,5.7,8.0,2.5,0.04,0.02,0.06,0.23,1,46
2024-25,27,261,338,Sepp van den Berg,DEF,Brentford,4,8,1,2025-02-26T19:30:00Z,0,0,0,0,0,0,0,0,0.0,0.0,0.0,0.0,0.0,0.0,0.0,0.0,0,41
2024-25,27,269,339,Virgil van Dijk,DEF,Liverpool,12,15,1,2025-02-26T20:15:00Z,90,7,0,0,1,0,1,28,24.2,3.9,0.0,2.8,0.0,0.02,0.02,0.23,1,64
2024-25,27,265,340,Manuel Akanji,DEF,Man City,13,18,0,2025-02-26T19:30:00Z,0,0,0,0,0,0,0,0,0.0,0.0,0.0,0.0,0.0,0.0,0.0,0.0,0,53
2024-25,27,265,341,Nathan Aké,DEF,Man City,13,18,0,2025-02-26T19:30:00Z,0,0,0,0,0,0,0,0,0.0,0.0,0.0,0.0,0.0,0.0,0.0,0.0,0,53
2024-25,27,265,342,Bernardo Veiga de Carvalho e Silva,MID,Man City,13,18,0,2025-02-26T19:30:00Z,16,1,0,0,0,0,0,1,7.2,1.3,0.0,0.9,0.0,0.04,0.04,0.5,0,61
2024-25,27,265,343,Oscar Bobb,MID,Man City,13,18,0,2025-02-26T19:30:00Z,0,0,0,0,0,0,0,0,0.0,0.0,0.0,0.0,0.0,0.0,0.0,0.0,0,47
2024-25,27,265,344,Scott Carson,GK,Man City,13,18,0,2025-02-26T19:30:00Z,0,0,0,0,0,0,0,0,0.0,0.0,0.0,0.0,0.0,0.0,0.0,0.0,0,39
2024-25,27,265,345,Kevin De Bruyne,MID,Man City,13,18,0,2025-02-26T19:30:00Z,0,0,0,0,0,0,0,0,0.0,0.0,0.0,0.0,0.0,0.0,0.0,0.0,0,93
2024-25,27,265,346,Jérémy Doku,MID,Man City,13,18,0,2025-02-26T19:30:00Z,90,3,0,0,1,0,0,24,14.0,28.8,25.0,6.8,0.08,0.33,0.41,1.09,1,62
2024-25,27,265,347,Ederson Santana de Moraes,GK,Man City,13,18,0,2025-02-26T19:30:00Z,90,11,0,0,1,0,3,35,52.6,0.0,0.0,5.3,0.0,0.0,0.0,1.33,1,53
2024-25,27,265,348,Phil Foden,MID,Man City,13,18,0,2025-02-26T19:30:00Z,16,1,0,0,0,0,0,8,2.2,0.8,2.0,0.5,0.0,0.01,0.01,0.5,0,93
2024-25,27,265,349,Jack Grealish,MID,Man City,13,18,0,2025-02-26T19:30:00Z,1,1,0,0,0,0,0,3,0.0,0.0,0.0,0.0,0.0,0.0,0.0,0.24,0,64
2024-25,27,265,350,Joško Gvardiol,DEF,Man City,13,18,0,2025-02-26T19:30:00Z,90,7,0,0,1,0,1,26,18.8,14.1,0.0,3.3,0.0,0.02,0.02,1.33,1,59
2024-25,27,265,351,Erling Haaland,FWD,Man City,13,18,0,2025-02-26T19:30:00Z,90,8,1,0,1,0,2,29,45.0,11.4,53.0,10.9,1.38,0.03,1.41,1.33,1,147
2024-25,27,265,352,Julián Álvarez,FWD,Man City,13,18,0,2025-02-26T19:30:00Z,0,0,0,0,0,0,0,0,0.0,0.0,0.0,0.0,0.0,0.0,0.0,0.0,0,70
2024-25,27,265,353,João Cavaco Cancelo,DEF,Man City,13,18,0,2025-02-26T19:30:00Z,0,0,0,0,0,0,0,0,0.0,0.0,0.0,0.0,0.0,0.0,0.0,0.0,0,53
2024-25,27,265,354,Mateo Kovačić,MID,Man City,13,18,0,2025-02-26T19:30:00Z,90,3,0,0,1,0,0,15,19.0,3.8,2.0,2.5,0.0,0.04,0.04,1.09,1,54
2024-25,27,265,355,Rico Lewis,DEF,Man City,13,18,0,2025-02-26T19:30:00Z,0,0,0,0,0,0,0,0,0.0,0.0,0.0,0.0,0.0,0.0,0.0,0.0,0,44
2024-25,27,265,356,Matheus Luiz Nunes,MID,Man City,13,18,0,2025-02-26T19:30:00Z,90,3,0,0,1,0,0,15,8.4,17.7,4.0,3.0,0.0,0.22,0.22,1.33,1,49
2024-25,27,265,357,James McAtee,MID,Man City,13,18,0,2025-02-26T19:30:00Z,1,1,0,0,0,0,0,3,0.0,0.3,0.0,0.0,0.0,0.0,0.0,0.24,0,46
2024-25,27,265,358,Stefan Ortega Moreno,GK,Man City,13,18,0,2025-02-26T19:30:00Z,0,0,0,0,0,0,0,0,0.0,0.0,0.0,0.0,0.0,0.0,0.0,0.0,0,52
2024-25,27,270,359,Kalvin Phillips,MID,Ipswich,10,14,0,2025-02-26T19:30:00Z,0,0,0,0,0,0,0,0,0.0,0.0,0.0,0.0,0.0,0.0,0.0,0.0,0,48
2024-25,27,265,360,Rodrigo 'Rodri' Hernandez,MID,Man City,13,18,0,2025-02-26T19:30:00Z,0,0,0,0,0,0,0,0,0.0,0.0,0.0,0.0,0.0,0.0,0.0,0.0,0,62
2024-25,27,265,361,Rúben Gato Alves Dias,DEF,Man City,13,18,0,2025-02-26T19:30:00Z,90,6,0,0,1,0,0,25,10.4,0.8,0.0,1.1,0.0,0.01,0.01,1.33,1,54
2024-25,27,265,362,John Stones,DEF,Man City,13,18,0,2025-02-26T19:30:00Z,0,0,0,0,0,0,0,0,0.0,0.0,0.0,0.0,0.0,0.0,0.0,0.0,0,53
2024-25,27,265,363,Kyle Walker,DEF,Man City,13,18,0,2025-02-26T19:30:00Z,0,0,0,0,0,0,0,0,0.0,0.0,0.0,0.0,0.0,0.0,0.0,0.0,0,51
2024-25,27,270,364,Amad Diallo,MID,Man Utd,14,10,1,2025-02-26T19:30:00Z,0,0,0,0,0,0,0,0,0.0,0.0,0.0,0.0,0.0,0.0,0.0,0.0,0,54
2024-25,27,270,365,Antony Matheus dos Santos,MID,Man Utd,14,10,1,2025-02-26T19:30:00Z,0,0,0,0,0,0,0,0,0.0,0.0,0.0,0.0,0.0,0.0,0.0,0.0,0,57
2024-25,27,270,366,Bruno Borges Fernandes,MID,Man Utd,14,10,1,2025-02-26T19:30:00Z,90,10,0,2,0,2,2,37,36.8,66.7,2.0,10.6,0.0,0.3,0.3,1.43,1,83
2024-25,27,270,367,Altay Bayindir,GK,Man Utd,14,10,1,2025-02-26T19:30:00Z,0,0,0,0,0,0,0,0,0.0,0.0,0.0,0.0,0.0,0.0,0.0,0.0,0,43
2024-25,27,270,368,Carlos Henrique Casimiro,MID,Man Utd,14,10,1,2025-02-26T19:30:00Z,23,1,0,0,0,0,0,4,6.0,1.6,2.0,1.0,0.01,0.03,0.04,0.17,0,47
2024-25,27,270,369,Diogo Dalot Teixeira,DEF,Man Utd,14,10,1,2025-02-26T19:30:00Z,90,4,0,1,0,2,0,9,9.6,2.3,27.0,3.9,0.16,0.04,0.2,1.43,1,50
2024-25,27,270,370,Christian Eriksen,MID,Man Utd,14,10,1,2025-02-26T19:30:00Z,1,1,0,0,0,0,0,3,0.0,0.8,2.0,0.3,0.0,0.0,0.0,0.0,0,52
2024-25,27,270,371,Jonny Evans,DEF,Man Utd,14,10,1,2025-02-26T19:30:00Z,0,0,0,0,0,0,0,0,0.0,0.0,0.0,0.0,0.0,0.0,0.0,0.0,0,44
2024-25,27,270,372,Alejandro Garnacho,MID,Man Utd,14,10,1,2025-02-26T19:30:00Z,44,1,0,0,0,1,0,6,1.6,14.5,10.0,2.6,0.04,0.01,0.05,1.01,1,59
2024-25,27,270,373,Hannibal Mejbri,MID,Man Utd,14,10,1,2025-02-26T19:30:00Z,0,0,0,0,0,0,0,0,0.0,0.0,0.0,0.0,0.0,0.0,0.0,0.0,0,45
2024-25,27,270,374,Tom Heaton,GK,Man Utd,14,10,1,2025-02-26T19:30:00Z,0,0,0,0,0,0,0,0,0.0,0.0,0.0,0.0,0.0,0.0,0.0,0.0,0,39
2024-25,27,270,375,Rasmus Højlund,FWD,Man Utd,14,10,1,2025-02-26T19:30:00Z,66,1,0,0,0,2,0,-1,0.0,1.4,2.0,0.0,0.0,0.0,0.0,1.26,1,69
2024-25,27,270,376,Victor Lindelöf,DEF,Man Utd,14,10,1,2025-02-26T19:30:00Z,1,1,0,0,0,0,0,3,0.0,0.0,0.0,0.0,0.0,0.0,0.0,0.0,0,43
2024-25,27,270,377,Harry Maguire,DEF,Man Utd,14,10,1,2025-02-26T19:30:00Z,90,8,1,0,0,2,1,33,75.0,0.5,53.0,12.9,0.2,0.0,0.2,1.43,1,49
2024-25,27,270,378,Kobbie Mainoo,MID,Man Utd,14,10,1,2025-02-26T19:30:00Z,0,0,0,0,0,0,0,0,0.0,0.0,0.0,0.0,0.0,0.0,0.0,0.0,0,52
2024-25,27,270,379,Tyrell Malacia,DEF,Man Utd,14,10,1,2025-02-26T19:30:00Z,0,0,0,0,0,0,0,0,0.0,0.0,0.0,0.0,0.0,0.0,0.0,0.0,0,44
2024-25,27,270,380,Lisandro Martínez,DEF,Man Utd,14,10,1,2025-02-26T19:30:00Z,0,0,0,0,0,0,0,0,0.0,0.0,0.0,0.0,0.0,0.0,0.0,0.0,0,44
2024-25,27,270,381,Scott McTominay,MID,Man Utd,14,10,1,2025-02-26T19:30:00Z,0,0,0,0,0,0,0,0,0.0,0.0,0.0,0.0,0.0,0.0,0.0,0.0,0,49
2024-25,27,270,382,Mason Mount,MID,Man Utd,14,10,1,2025-02-26T19:30:00Z,0,0,0,0,0,0,0,0,0.0,0.0,0.0,0.0,0.0,0.0,0.0,0.0,0,63
2024-25,27,270,383,André Onana,GK,Man Utd,14,10,1,2025-02-26T19:30:00Z,90,1,0,0,0,2,0,1,6.8,0.0,0.0,0.7,0.0,0.0,0.0,1.43,1,50
2024-25,27,270,384,Facundo Pellistri Rebollo,MID,Man Utd,14,10,1,2025-02-26T19:30:00Z,0,0,0,0,0,0,0,0,0.0,0.0,0.0,0.0,0.0,0.0,0.0,0.0,0,50
2024-25,27,263,385,Marcus Rashford,MID,Aston Villa,2,7,0,2025-02-25T19:30:00Z,22,1,0,0,0,2,0,4,1.0,0.3,4.0,0.5,0.0,0.0,0.0,1.74,0,67
2024-25,27,268,386,Jadon Sancho,MID,Chelsea,6,17,1,2025-02-25T20:15:00Z,67,3,0,0,1,0,0,16,5.4,25.6,10.0,4.1,0.0,0.4,0.4,0.57,1,62
2024-25,27,270,387,Luke Shaw,DEF,Man Utd,14,10,1,2025-02-26T19:30:00Z,0,0,0,0,0,0,0,0,0.0,0.0,0.0,0.0,0.0,0.0,0.0,0.0,0,49
2024-25,27,266,388,Aaron Wan-Bissaka,DEF,West Ham,19,11,1,2025-02-27T20:00:00Z,90,7,0,0,1,0,1,29,24.8,20.7,0.0,4.6,0.0,0.07,0.07,0.38,1,44
2024-25,27,270,389,Joshua Zirkzee,FWD,Man Utd,14,10,1,2025-02-26T19:30:00Z,90,1,0,0,0,2,0,9,7.2,5.3,7.0,2.0,0.04,0.0,0.04,1.43,1,65
2024-25,27,269,390,Alex Murphy,DEF,Newcastle,15,12,0,2025-02-26T20:15:00Z,0,0,0,0,0,0,0,0,0.0,0.0,0.0,0.0,0.0,0.0,0.0,0.0,0,40
2024-25,27,269,391,Miguel Almirón Rejala,MID,Newcastle,15,12,0,2025-02-26T20:15:00Z,0,0,0,0,0,0,0,0,0.0,0.0,0.0,0.0,0.0,0.0,0.0,0.0,0,54
2024-25,27,269,392,Harvey Barnes,MID,Newcastle,15,12,0,2025-02-26T20:15:00Z,22,1,0,0,0,0,0,4,1.2,0.6,0.0,0.2,0.0,0.0,0.0,1.03,0,59
2024-25,27,269,393,Sven Botman,DEF,Newcastle,15,12,0,2025-02-26T20:15:00Z,0,0,0,0,0,0,0,0,0.0,0.0,0.0,0.0,0.0,0.0,0.0,0.0,0,44
2024-25,27,269,394,Bruno Guimarães Rodriguez Moura,MID,Newcastle,15,12,0,2025-02-26T20:15:00Z,87,2,0,0,0,2,0,10,10.0,5.5,2.0,1.8,0.0,0.02,0.02,1.22,1,61
2024-25,27,269,395,Dan Burn,DEF,Newcastle,15,12,0,2025-02-26T20:15:00Z,90,1,0,0,0,2,0,9,14.0,10.8,0.0,2.5,0.0,0.0,0.0,1.7,1,44
2024-25,27,269,396,Martin Dúbravka,GK,Newcastle,15,12,0,2025-02-26T20:15:00Z,0,0,0,0,0,0,0,0,0.0,0.0,0.0,0.0,0.0,0.0,0.0,0.0,0,43
2024-25,27,268,397,Ryan Fraser,MID,Southampton,17,6,0,2025-02-25T20:15:00Z,0,0,0,0,0,0,0,0,0.0,0.0,0.0,0.0,0.0,0.0,0.0,0.0,0,48
2024-25,27,269,398,Anthony Gordon,MID,Newcastle,15,12,0,2025-02-26T20:15:00Z,90,2,0,0,0,2,0,1,6.8,6.0,10.0,2.3,0.04,0.11,0.15,1.7,1,75
2024-25,27,269,399,Lewis Hall,DEF,Newcastle,15,12,0,2025-02-26T20:15:00Z,90,1,0,0,0,2,0,8,25.0,5.3,0.0,3.0,0.0,0.02,0.02,1.7,1,50
2024-25,27,269,400,Isaac Hayden,MID,Newcastle,15,12,0,2025-02-26T20:15:00Z,0,0,0,0,0,0,0,0,0.0,0.0,0.0,0.0,0.0,0.0,0.0,0.0,0,44
2024-25,27,269,401,Alexander Isak,FWD,Newcastle,15,12,0,2025-02-26T20:15:00Z,0,0,0,0,0,0,0,0,0.0,0.0,0.0,0.0,0.0,0.0,0.0,0.0,0,95
2024-25,27,269,402,Jacob Murphy,MID,Newcastle,15,12,0,2025-02-26T20:15:00Z,90,1,0,0,0,2,0,2,5.4,3.3,4.0,1.3,0.0,0.05,0.05,1.7,1,51
2024-25,27,269,403,Joelinton Cássio Apolinário de Lira,MID,Newcastle,15,12,0,2025-02-26T20:15:00Z,0,0,0,0,0,0,0,0,0.0,0.0,0.0,0.0,0.0,0.0,0.0,0.0,0,60
2024-25,27,269,404,Lloyd Kelly,DEF,Newcastle,15,12,0,2025-02-26T20:15:00Z,0,0,0,0,0,0,0,0,0.0,0.0,0.0,0.0,0.0,0.0,0.0,0.0,0,42
2024-25,27,269,405,Emil Krafth,DEF,Newcastle,15,12,0,2025-02-26T20:15:00Z,0,0,0,0,0,0,0,0,0.0,0.0,0.0,0.0,0.0,0.0,0.0,0.0,0,43
2024-25,27,269,406,Garang Kuol,MID,Newcastle,15,12,0,2025-02-26T20:15:00Z,0,0,0,0,0,0,0,0,0.0,0.0,0.0,0.0,0.0,0.0,0.0,0.0,0,44
2024-25,27,269,407,Jamaal Lascelles,DEF,Newcastle,15,12,0,2025-02-26T20:15:00Z,0,0,0,0,0,0,0,0,0.0,0.0,0.0,0.0,0.0,0.0,0.0,0.0,0,45
2024-25,27,269,408,Jamal Lewis,DEF,Newcastle,15,12,0,2025-02-26T20:15:00Z,0,0,0,0,0,0,0,0,0.0,0.0,0.0,0.0,0.0,0.0,0.0,0.0,0,40
2024-25,27,269,409,Tino Livramento,DEF,Newcastle,15,12,0,2025-02-26T20:15:00Z,68,1,0,0,0,2,0,2,9.8,2.8,0.0,1.3,0.0,0.01,0.01,0.67,1,45
2024-25,27,269,410,Sean Longstaff,MID,Newcastle,15,12,0,2025-02-26T20:15:00Z,2,1,0,0,0,0,0,4,6.0,0.0,0.0,0.6,0.0,0.0,0.0,0.48,0,45
2024-25,27,269,411,Lewis Miley,MID,Newcastle,15,12,0,2025-02-26T20:15:00Z,21,1,0,0,0,0,0,3,2.4,1.6,0.0,0.4,0.0,0.02,0.02,1.03,0,50
2024-25,27,269,412,Odysseas Vlachodimos,GK,Newcastle,15,12,0,2025-02-26T20:15:00Z,0,0,0,0,0,0,0,0,0.0,0.0,0.0,0.0,0.0,0.0,0.0,0.0,0,43
2024-25,27,269,413,Nick Pope,GK,Newcastle,15,12,0,2025-02-26T20:15:00Z,90,1,0,0,0,2,0,2,10.6,0.0,0.0,1.1,0.0,0.0,0.0,1.7,1,49
2024-25,27,269,414,John Ruddy,GK,Newcastle,15,12,0,2025-02-26T20:15:00Z,0,0,0,0,0,0,0,0,0.0,0.0,0.0,0.0,0.0,0.0,0.0,0.0,0,39
2024-25,27,269,415,Fabian Schär,DEF,Newcastle,15,12,0,2025-02-26T20:15:00Z,90,1,0,0,0,2,0,0,10.0,1.8,2.0,1.4,0.0,0.01,0.01,1.7,1,54
2024-25,27,269,416,Matt Targett,DEF,Newcastle,15,12,0,2025-02-26T20:15:00Z,0,0,0,0,0,0,0,0,0.0,0.0,0.0,0.0,0.0,0.0,0.0,0.0,0,39
2024-25,27,269,417,Sandro Tonali,MID,Newcastle,15,12,0,2025-02-26T20:15:00Z,68,2,0,0,0,2,0,18,6.0,4.0,0.0,1.0,0.0,0.01,0.01,0.67,1,55
2024-25,27,269,418,Kieran Trippier,DEF,Newcastle,15,12,0,2025-02-26T20:15:00Z,21,1,0,0,0,0,0,7,10.4,2.2,0.0,1.3,0.0,0.01,0.01,1.03,0,56
2024-25,27,269,419,Joe White,MID,Newcastle,15,12,0,2025-02-26T20:15:00Z,0,0,0,0,0,0,0,0,0.0,0.0,0.0,0.0,0.0,0.0,0.0,0.0,0,45
2024-25,27,269,420,Joe Willock,MID,Newcastle,15,12,0,2025-02-26T20:15:00Z,67,2,0,0,0,2,0,4,2.0,1.8,6.0,1.0,0.0,0.01,0.01,0.67,1,47
2024-25,27,269,421,Callum Wilson,FWD,Newcastle,15,12,0,2025-02-26T20:15:00Z,68,2,0,0,0,2,0,0,0.0,0.9,16.0,1.2,0.18,0.01,0.19,0.67,1,69
2024-25,27,264,422,Ola Aina,DEF,Nott'm Forest,16,1,1,2025-02-26T19:30:00Z,90,6,0,0,1,0,0,22,8.2,1.6,0.0,1.0,0.0,0.01,0.01,0.99,1,54
2024-25,27,264,423,Elliot Anderson,MID,Nott'm Forest,16,1,1,2025-02-26T19:30:00Z,90,3,0,0,1,0,0,5,18.6,5.3,0.0,2.4,0.0,0.01,0.01,0.99,1,50
2024-25,27,264,424,Taiwo Awoniyi,FWD,Nott'm Forest,16,1,1,2025-02-26T19:30:00Z,5,1,0,0,0,0,0,3,0.0,0.0,0.0,0.0,0.0,0.0,0.0,0.06,0,55
2024-25,27,264,425,Willy Boly,DEF,Nott'm Forest,16,1,1,2025-02-26T19:30:00Z,0,0,0,0,0,0,0,0,0.0,0.0,0.0,0.0,0.0,0.0,0.0,0.0,0,42
2024-25,27,264,426,Josh Bowler,MID,Nott'm Forest,16,1,1,2025-02-26T19:30:00Z,0,0,0,0,0,0,0,0,0.0,0.0,0.0,0.0,0.0,0.0,0.0,0.0,0,45
2024-25,27,264,427,Carlos Miguel dos Santos Pereira,GK,Nott'm Forest,16,1,1,2025-02-26T19:30:00Z,0,0,0,0,0,0,0,0,0.0,0.0,0.0,0.0,0.0,0.0,0.0,0.0,0,41
2024-25,27,264,428,Eric da Silva Moreira,MID,Nott'm Forest,16,1,1,2025-02-26T19:30:00Z,0,0,0,0,0,0,0,0,0.0,0.0,0.0,0.0,0.0,0.0,0.0,0.0,0,44
2024-25,27,264,429,Danilo dos Santos de Oliveira,MID,Nott'm Forest,16,1,1,2025-02-26T19:30:00Z,27,1,0,0,0,0,0,4,1.8,0.5,0.0,0.2,0.0,0.01,0.01,0.19,0,47
2024-25,27,264,430,Emmanuel Dennis,FWD,Nott'm Forest,16,1,1,2025-02-26T19:30:00Z,0,0,0,0,0,0,0,0,0.0,0.0,0.0,0.0,0.0,0.0,0.0,0.0,0,49
2024-25,27,264,431,Nicolás Domínguez,MID,Nott'm Forest,16,1,1,2025-02-26T19:30:00Z,62,3,0,0,1,0,0,10,26.0,0.3,7.0,3.3,0.02,0.0,0.02,0.8,1,48
2024-25,27,264,432,Anthony Elanga,MID,Nott'm Forest,16,1,1,2025-02-26T19:30:00Z,61,3,0,0,1,0,0,9,6.2,8.5,0.0,1.5,0.0,0.03,0.03,0.8,1,53
2024-25,27,264,433,Morgan Gibbs-White,MID,Nott'm Forest,16,1,1,2025-02-26T19:30:00Z,90,3,0,0,1,0,0,12,12.0,25.3,6.0,4.3,0.0,0.13,0.13,0.99,1,65
2024-25,27,264,434,Callum Hudson-Odoi,MID,Nott'm Forest,16,1,1,2025-02-26T19:30:00Z,90,3,0,0,1,0,0,10,4.8,7.0,6.0,1.8,0.05,0.03,0.08,0.99,1,52
2024-25,27,264,435,Alex Mighten,MID,Nott'm Forest,16,1,1,2025-02-26T19:30:00Z,0,0,0,0,0,0,0,0,0.0,0.0,0.0,0.0,0.0,0.0,0.0,0.0,0,45
2024-25,27,264,436,Murillo Santiago Costa dos Santos,DEF,Nott'm Forest,16,1,1,2025-02-26T19:30:00Z,90,6,0,0,1,0,0,25,21.4,5.0,2.0,2.8,0.0,0.03,0.03,0.99,1,47
2024-25,27,264,437,Neco Williams,DEF,Nott'm Forest,16,1,1,2025-02-26T19:30:00Z,90,9,0,0,1,0,3,31,21.8,1.9,7.0,3.1,0.1,0.0,0.1,0.99,1,44
2024-25,27,264,438,Omar Richards,DEF,Nott'm Forest,16,1,1,2025-02-26T19:30:00Z,0,0,0,0,0,0,0,0,0.0,0.0,0.0,0.0,0.0,0.0,0.0,0.0,0,45
2024-25,27,264,439,Lewis O'Brien,MID,Nott'm Forest,16,1,1,2025-02-26T19:30:00Z,0,0,0,0,0,0,0,0,0.0,0.0,0.0,0.0,0.0,0.0,0.0,0.0,0,50
2024-25,27,264,440,Andrew Omobamidele,DEF,Nott'm Forest,16,1,1,2025-02-26T19:30:00Z,0,0,0,0,0,0,0,0,0.0,0.0,0.0,0.0,0.0,0.0,0.0,0.0,0,42
2024-25,27,264,441,Jonathan Panzo,DEF,Nott'm Forest,16,1,1,2025-02-26T19:30:00Z,0,0,0,0,0,0,0,0,0.0,0.0,0.0,0.0,0.0,0.0,0.0,0.0,0,40
2024-25,27,264,442,Ibrahim Sangaré,MID,Nott'm Forest,16,1,1,2025-02-26T19:30:00Z,0,0,0,0,0,0,0,0,0.0,0.0,0.0,0.0,0.0,0.0,0.0,0.0,0,43
2024-25,27,264,443,Matz Sels,GK,Nott'm Forest,16,1,1,2025-02-26T19:30:00Z,90,6,0,0,1,0,0,22,11.8,0.0,0.0,1.2,0.0,0.0,0.0,0.99,1,50
2024-25,27,264,444,Harry Toffolo,DEF,Nott'm Forest,16,1,1,2025-02-26T19:30:00Z,0,0,0,0,0,0,0,0,0.0,0.0,0.0,0.0,0.0,0.0,0.0,0.0,0,42
2024-25,27,263,445,Matt Turner,GK,Crystal Palace,7,2,1,2025-02-25T19:30:00Z,0,0,0,0,0,0,0,0,0.0,0.0,0.0,0.0,0.0,0.0,0.0,0.0,0,39
2024-25,27,264,446,Hwang Ui-jo,FWD,Nott'm Forest,16,1,1,2025-02-26T19:30:00Z,0,0,0,0,0,0,0,0,0.0,0.0,0.0,0.0,0.0,0.0,0.0,0.0,0,45
2024-25,27,264,447,Chris Wood,FWD,Nott'm Forest,16,1,1,2025-02-26T19:30:00Z,84,2,0,0,1,0,0,2,14.6,0.8,25.0,4.0,0.16,0.0,0.16,0.93,1,72
2024-25,27,264,448,Joe Worrall,DEF,Nott'm Forest,16,1,1,2025-02-26T19:30:00Z,0,0,0,0,0,0,0,0,0.0,0.0,0.0,0.0,0.0,0.0,0.0,0.0,0,45
2024-25,27,264,449,Ryan Yates,MID,Nott'm Forest,16,1,1,2025-02-26T19:30:00Z,28,1,0,0,0,0,0,7,4.2,20.3,9.0,3.4,0.08,0.0,0.08,0.19,0,48
2024-25,27,261,450,Carlos Alcaraz Durán,MID,Everton,8,4,0,2025-02-26T19:30:00Z,90,1,0,0,0,1,0,17,7.0,35.7,16.0,5.9,0.33,0.06,0.39,1.48,1,49
2024-25,27,268,451,Samuel Amo-Ameyaw,MID,Southampton,17,6,0,2025-02-25T20:15:00Z,0,0,0,0,0,0,0,0,0.0,0.0,0.0,0.0,0.0,0.0,0.0,0.0,0,44
2024-25,27,268,452,Joe Aribo,MID,Southampton,17,6,0,2025-02-25T20:15:00Z,90,2,0,0,0,4,0,13,21.8,6.8,0.0,2.9,0.0,0.01,0.01,2.56,1,49
2024-25,27,268,453,Adam Armstrong,FWD,Southampton,17,6,0,2025-02-25T20:15:00Z,0,0,0,0,0,0,0,0,0.0,0.0,0.0,0.0,0.0,0.0,0.0,0.0,0,51
2024-25,27,268,454,Gavin Bazunu,GK,Southampton,17,6,0,2025-02-25T20:15:00Z,0,0,0,0,0,0,0,0,0.0,0.0,0.0,0.0,0.0,0.0,0.0,0.0,0,43
2024-25,27,268,455,Jan Bednarek,DEF,Southampton,17,6,0,2025-02-25T20:15:00Z,0,0,0,0,0,0,0,0,0.0,0.0,0.0,0.0,0.0,0.0,0.0,0.0,0,40
2024-25,27,268,456,Armel Bella-Kotchap,DEF,Southampton,17,6,0,2025-02-25T20:15:00Z,90,0,0,0,0,4,0,-1,8.0,0.3,4.0,1.2,0.32,0.0,0.32,2.56,1,39
2024-25,27,268,457,James Bree,DEF,Southampton,17,6,0,2025-02-25T20:15:00Z,45,0,0,0,0,3,0,-7,4.2,4.4,0.0,0.9,0.0,0.06,0.06,1.54,1,39
2024-25,27,268,458,Shea Charles,MID,Southampton,17,6,0,2025-02-25T20:15:00Z,0,0,0,0,0,0,0,0,0.0,0.0,0.0,0.0,0.0,0.0,0.0,0.0,0,45
2024-25,27,268,459,Samuel Edozie,MID,Southampton,17,6,0,2025-02-25T20:15:00Z,0,0,0,0,0,0,0,0,0.0,0.0,0.0,0.0,0.0,0.0,0.0,0.0,0,49
2024-25,27,268,460,Ronnie Edwards,DEF,Southampton,17,6,0,2025-02-25T20:15:00Z,0,0,0,0,0,0,0,0,0.0,0.0,0.0,0.0,0.0,0.0,0.0,0.0,0,39
2024-25,27,268,461,Taylor Harwood-Bellis,DEF,Southampton,17,6,0,2025-02-25T20:15:00Z,45,1,0,0,0,1,0,7,14.4,0.0,0.0,1.4,0.0,0.01,0.01,1.03,0,40
2024-25,27,268,462,Kamaldeen Sulemana,MID,Southampton,17,6,0,2025-02-25T20:15:00Z,90,2,0,0,0,4,0,14,15.6,26.7,8.0,5.0,0.0,0.16,0.16,2.56,1,50
2024-25,27,268,463,Adam Lallana,MID,Southampton,17,6,0,2025-02-25T20:15:00Z,0,0,0,0,0,0,0,0,0.0,0.0,0.0,0.0,0.0,0.0,0.0,0.0,0,50
2024-25,27,268,464,Juan Larios López,DEF,Southampton,17,6,0,2025-02-25T20:15:00Z,0,0,0,0,0,0,0,0,0.0,0.0,0.0,0.0,0.0,0.0,0.0,0.0,0,39
2024-25,27,268,465,Mateusz Lis,GK,Southampton,17,6,0,2025-02-25T20:15:00Z,0,0,0,0,0,0,0,0,0.0,0.0,0.0,0.0,0.0,0.0,0.0,0.0,0,40
2024-25,27,268,466,Joe Lumley,GK,Southampton,17,6,0,2025-02-25T20:15:00Z,0,0,0,0,0,0,0,0,0.0,0.0,0.0,0.0,0.0,0.0,0.0,0.0,0,40
2024-25,27,268,467,Ryan Manning,DEF,Southampton,17,6,0,2025-02-25T20:15:00Z,31,0,0,0,0,1,0,2,4.6,11.8,9.0,2.5,0.15,0.15,0.3,0.78,0,43
2024-25,27,268,468,Sékou Mara,FWD,Southampton,17,6,0,2025-02-25T20:15:00Z,0,0,0,0,0,0,0,0,0.0,0.0,0.0,0.0,0.0,0.0,0.0,0.0,0,50
2024-25,27,268,469,Alex McCarthy,GK,Southampton,17,6,0,2025-02-25T20:15:00Z,0,0,0,0,0,0,0,0,0.0,0.0,0.0,0.0,0.0,0.0,0.0,0.0,0,43
2024-25,27,268,470,Paul Onuachu,FWD,Southampton,17,6,0,2025-02-25T20:15:00Z,58,0,0,0,0,3,0,-3,2.6,2.7,38.0,4.3,0.23,0.0,0.23,1.78,1,49
2024-25,27,268,471,Will Smallbone,MID,Southampton,17,6,0,2025-02-25T20:15:00Z,90,2,0,0,0,4,0,14,13.2,36.4,0.0,5.0,0.0,0.04,0.04,2.56,1,50
2024-25,27,268,472,Jack Stephens,DEF,Southampton,17,6,0,2025-02-25T20:15:00Z,0,0,0,0,0,0,0,0,0.0,0.0,0.0,0.0,0.0,0.0,0.0,0.0,0,40
2024-25,27,268,473,Ross Stewart,FWD,Southampton,17,6,0,2025-02-25T20:15:00Z,0,0,0,0,0,0,0,0,0.0,0.0,0.0,0.0,0.0,0.0,0.0,0.0,0,44
2024-25,27,268,474,Sugawara Yukinari,DEF,Southampton,17,6,0,2025-02-25T20:15:00Z,88,0,0,0,0,4,0,-6,4.4,1.7,2.0,0.8,0.0,0.01,0.01,2.46,1,42
2024-25,27,268,475,Charlie Taylor,DEF,Southampton,17,6,0,2025-02-25T20:15:00Z,0,0,0,0,0,0,0,0,0.0,0.0,0.0,0.0,0.0,0.0,0.0,0.0,0,39
2024-25,27,268,476,Kyle Walker-Peters,DEF,Southampton,17,6,0,2025-02-25T20:15:00Z,58,0,0,0,0,3,0,-9,3.8,1.3,2.0,0.7,0.0,0.0,0.0,1.78,1,43
2024-25,27,268,477,Nathan Wood-Gordon,DEF,Southampton,17,6,0,2025-02-25T20:15:00Z,0,0,0,0,0,0,0,0,0.0,0.0,0.0,0.0,0.0,0.0,0.0,0.0,0,40
2024-25,27,265,478,Ashley Phillips,DEF,Spurs,18,13,1,2025-02-26T19:30:00Z,0,0,0,0,0,0,0,0,0.0,0.0,0.0,0.0,0.0,0.0,0.0,0.0,0,40
2024-25,27,265,479,Brandon Austin,GK,Spurs,18,13,1,2025-02-26T19:30:00Z,0,0,0,0,0,0,0,0,0.0,0.0,0.0,0.0,0.0,0.0,0.0,0.0,0,40
2024-25,27,265,480,Rodrigo Bentancur,MID,Spurs,18,13,1,2025-02-26T19:30:00Z,66,1,0,0,0,1,0,13,15.8,8.0,22.0,4.6,0.13,0.01,0.14,2.07,1,49
2024-25,27,265,481,Lucas Bergvall,MID,Spurs,18,13,1,2025-02-26T19:30:00Z,90,2,0,0,0,1,0,10,19.4,6.1,0.0,2.6,0.0,0.01,0.01,2.12,1,44
2024-25,27,265,482,Yves Bissouma,MID,Spurs,18,13,1,2025-02-26T19:30:00Z,0,0,0,0,0,0,0,0,0.0,0.0,0.0,0.0,0.0,0.0,0.0,0.0,0,48
2024-25,27,265,483,Bryan Gil Salvatierra,MID,Spurs,18,13,1,2025-02-26T19:30:00Z,0,0,0,0,0,0,0,0,0.0,0.0,0.0,0.0,0.0,0.0,0.0,0.0,0,50
2024-25,27,265,484,Ben Davies,DEF,Spurs,18,13,1,2025-02-26T19:30:00Z,0,0,0,0,0,0,0,0,0.0,0.0,0.0,0.0,0.0,0.0,0.0,0.0,0,43
2024-25,27,265,485,Alfie Devine,MID,Spurs,18,13,1,2025-02-26T19:30:00Z,0,0,0,0,0,0,0,0,0.0,0.0,0.0,0.0,0.0,0.0,0.0,0.0,0,45
2024-25,27,265,486,Radu Drăgușin,DEF,Spurs,18,13,1,2025-02-26T19:30:00Z,0,0,0,0,0,0,0,0,0.0,0.0,0.0,0.0,0.0,0.0,0.0,0.0,0,43
2024-25,27,265,487,Emerson Leite de Souza Junior,DEF,Spurs,18,13,1,2025-02-26T19:30:00Z,0,0,0,0,0,0,0,0,0.0,0.0,0.0,0.0,0.0,0.0,0.0,0.0,0,45
2024-25,27,265,488,Fraser Forster,GK,Spurs,18,13,1,2025-02-26T19:30:00Z,0,0,0,0,0,0,0,0,0.0,0.0,0.0,0.0,0.0,0.0,0.0,0.0,0,43
2024-25,27,265,489,Archie Gray,MID,Spurs,18,13,1,2025-02-26T19:30:00Z,90,2,0,0,0,1,0,14,12.0,0.6,0.0,1.3,0.0,0.0,0.0,2.12,1,46
2024-25,27,265,490,Pierre-Emile Højbjerg,MID,Spurs,18,13,1,2025-02-26T19:30:00Z,0,0,0,0,0,0,0,0,0.0,0.0,0.0,0.0,0.0,0.0,0.0,0.0,0,50
2024-25,27,265,491,Brennan Johnson,MID,Spurs,18,13,1,2025-02-26T19:30:00Z,90,2,0,0,0,1,0,10,5.6,12.6,11.0,2.9,0.05,0.11,0.16,2.12,1,62
2024-25,27,265,492,Dejan Kulusevski,MID,Spurs,18,13,1,2025-02-26T19:30:00Z,24,1,0,0,0,0,0,3,1.4,0.1,2.0,0.4,0.0,0.0,0.0,0.05,0,63
2024-25,27,265,493,Giovani Lo Celso,MID,Spurs,18,13,1,2025-02-26T19:30:00Z,0,0,0,0,0,0,0,0,0.0,0.0,0.0,0.0,0.0,0.0,0.0,0.0,0,49
2024-25,27,265,494,James Maddison,MID,Spurs,18,13,1,2025-02-26T19:30:00Z,81,1,0,0,0,1,0,12,18.2,58.3,2.0,7.9,0.0,0.23,0.23,2.07,1,74
2024-25,27,265,495,Pedro Porro,DEF,Spurs,18,13,1,2025-02-26T19:30:00Z,90,2,0,0,0,1,0,21,26.8,63.1,2.0,9.2,0.0,0.35,0.35,2.12,1,54
2024-25,27,265,496,Sergio Reguilón,DEF,Spurs,18,13,1,2025-02-26T19:30:00Z,0,0,0,0,0,0,0,0,0.0,0.0,0.0,0.0,0.0,0.0,0.0,0.0,0,42
2024-25,27,265,497,Richarlison de Andrade,FWD,Spurs,18,13,1,2025-02-26T19:30:00Z,0,0,0,0,0,0,0,0,0.0,0.0,0.0,0.0,0.0,0.0,0.0,0.0,0,68
2024-25,27,265,498,Cristian Romero,DEF,Spurs,18,13,1,2025-02-26T19:30:00Z,0,0,0,0,0,0,0,0,0.0,0.0,0.0,0.0,0.0,0.0,0.0,0.0,0,49
2024-25,27,265,499,Pape Matar Sarr,MID,Spurs,18,13,1,2025-02-26T19:30:00Z,23,0,0,0,0,0,0,-5,0.6,0.9,9.0,1.1,0.56,0.01,0.57,0.05,0,48
2024-25,27,265,500,Dane Scarlett,FWD,Spurs,18,13,1,2025-02-26T19:30:00Z,0,0,0,0,0,0,0,0,0.0,0.0,0.0,0.0,0.0,0.0,0.0,0.0,0,44
2024-25,27,266,501,Oliver Skipp,MID,Leicester,11,19,0,2025-02-27T20:00:00Z,0,0,0,0,0,0,0,0,0.0,0.0,0.0,0.0,0.0,0.0,0.0,0.0,0,47
2024-25,27,265,502,Manor Solomon,MID,Spurs,18,13,1,2025-02-26T19:30:00Z,0,0,0,0,0,0,0,0,0.0,0.0,0.0,0.0,0.0,0.0,0.0,0.0,0,54
2024-25,27,265,503,Son Heung-min,MID,Spurs,18,13,1,2025-02-26T19:30:00Z,23,1,0,0,0,0,0,9,5.2,11.1,21.0,3.7,0.26,0.2,0.46,0.05,0,97
2024-25,27,265,504,Djed Spence,DEF,Spurs,18,13,1,2025-02-26T19:30:00Z,23,1,0,0,0,0,0,2,4.4,11.5,2.0,1.8,0.0,0.1,0.1,0.05,0,44
2024-25,27,265,505,Destiny Udogie,DEF,Spurs,18,13,1,2025-02-26T19:30:00Z,66,2,0,0,0,1,0,14,16.8,1.2,2.0,2.0,0.0,0.0,0.0,2.07,1,48
2024-25,27,265,506,Micky van de Ven,DEF,Spurs,18,13,1,2025-02-26T19:30:00Z,0,0,0,0,0,0,0,0,0.0,0.0,0.0,0.0,0.0,0.0,0.0,0.0,0,45
2024-25,27,265,507,Alejo Véliz,FWD,Spurs,18,13,1,2025-02-26T19:30:00Z,0,0,0,0,0,0,0,0,0.0,0.0,0.0,0.0,0.0,0.0,0.0,0.0,0,50
2024-25,27,265,508,Guglielmo Vicario,GK,Spurs,18,13,1,2025-02-26T19:30:00Z,90,3,0,0,0,1,0,12,32.0,0.0,0.0,3.2,0.0,0.0,0.0,2.12,1,48
2024-25,27,265,509,Timo Werner,MID,Spurs,18,13,1,2025-02-26T19:30:00Z,8,1,0,0,0,0,0,3,0.2,0.5,0.0,0.1,0.0,0.01,0.01,0.05,0,62
2024-25,27,265,510,Alfie Whiteman,GK,Spurs,18,13,1,2025-02-26T19:30:00Z,0,0,0,0,0,0,0,0,0.0,0.0,0.0,0.0,0.0,0.0,0.0,0.0,0,39
2024-25,27,266,511,Edson Álvarez Velázquez,MID,West Ham,19,11,1,2025-02-27T20:00:00Z,65,3,0,0,1,0,0,14,13.2,16.4,0.0,3.0,0.0,0.02,0.02,0.12,1,50
2024-25,27,266,512,Michail Antonio,FWD,West Ham,19,11,1,2025-02-27T20:00:00Z,0,0,0,0,0,0,0,0,0.0,0.0,0.0,0.0,0.0,0.0,0.0,0.0,0,53
2024-25,27,266,513,Alphonse Areola,GK,West Ham,19,11,1,2025-02-27T20:00:00Z,90,6,0,0,1,0,0,23,14.8,0.0,0.0,1.5,0.0,0.0,0.0,0.38,1,42
2024-25,27,266,514,Jarrod Bowen,MID,West Ham,19,11,1,2025-02-27T20:00:00Z,90,6,0,1,1,0,0,10,8.4,16.0,16.0,4.0,0.08,0.07,0.15,0.38,1,74
2024-25,27,268,515,Maxwel Cornet,MID,Southampton,17,6,0,2025-02-25T20:15:00Z,0,0,0,0,0,0,0,0,0.0,0.0,0.0,0.0,0.0,0.0,0.0,0.0,0,47
2024-25,27,266,516,Vladimír Coufal,DEF,West Ham,19,11,1,2025-02-27T20:00:00Z,0,0,0,0,0,0,0,0,0.0,0.0,0.0,0.0,0.0,0.0,0.0,0.0,0,41
2024-25,27,266,517,Aaron Cresswell,DEF,West Ham,19,11,1,2025-02-27T20:00:00Z,90,9,0,0,1,0,3,37,30.8,33.4,0.0,6.4,0.0,0.71,0.71,0.38,1,39
2024-25,27,268,518,Flynn Downes,MID,Southampton,17,6,0,2025-02-25T20:15:00Z,82,2,0,0,0,4,0,7,3.6,4.2,0.0,0.8,0.0,0.0,0.0,2.39,1,47
2024-25,27,266,519,George Earthy,MID,West Ham,19,11,1,2025-02-27T20:00:00Z,0,0,0,0,0,0,0,0,0.0,0.0,0.0,0.0,0.0,0.0,0.0,0.0,0,45
2024-25,27,266,520,Emerson Palmieri dos Santos,DEF,West Ham,19,11,1,2025-02-27T20:00:00Z,24,1,0,0,0,0,0,3,5.8,0.8,0.0,0.7,0.0,0.0,0.0,0.26,0,44
2024-25,27,266,521,Łukasz Fabiański,GK,West Ham,19,11,1,2025-02-27T20:00:00Z,0,0,0,0,0,0,0,0,0.0,0.0,0.0,0.0,0.0,0.0,0.0,0.0,0,41
2024-25,27,266,522,Wes Foderingham,GK,West Ham,19,11,1,2025-02-27T20:00:00Z,0,0,0,0,0,0,0,0,0.0,0.0,0.0,0.0,0.0,0.0,0.0,0.0,0,43
2024-25,27,266,523,Danny Ings,FWD,West Ham,19,11,1,2025-02-27T20:00:00Z,0,0,0,0,0,0,0,0,0.0,0.0,0.0,0.0,0.0,0.0,0.0,0.0,0,49
2024-25,27,266,524,Max Kilman,DEF,West Ham,19,11,1,2025-02-27T20:00:00Z,90,6,0,0,1,0,0,23,18.6,1.5,4.0,2.4,0.01,0.01,0.02,0.38,1,43
2024-25,27,266,525,Mohammed Kudus,MID,West Ham,19,11,1,2025-02-27T20:00:00Z,72,6,0,1,1,0,0,10,4.4,6.6,41.0,5.2,0.73,0.01,0.74,0.32,1,62
2024-25,27,266,526,Luis Guilherme Lira dos Santos,MID,West Ham,19,11,1,2025-02-27T20:00:00Z,0,0,0,0,0,0,0,0,0.0,0.0,0.0,0.0,0.0,0.0,0.0,0.0,0,46
2024-25,27,266,527,Lucas Tolentino Coelho de Lima,MID,West Ham,19,11,1,2025-02-27T20:00:00Z,0,0,0,0,0,0,0,0,0.0,0.0,0.0,0.0,0.0,0.0,0.0,0.0,0,57
2024-25,27,266,528,Konstantinos Mavropanos,DEF,West Ham,19,11,1,2025-02-27T20:00:00Z,24,1,0,0,0,0,0,1,5.6,0.5,7.0,1.3,0.26,0.0,0.26,0.26,0,43
2024-25,27,266,529,Nayef Aguerd,DEF,West Ham,19,11,1,2025-02-27T20:00:00Z,0,0,0,0,0,0,0,0,0.0,0.0,0.0,0.0,0.0,0.0,0.0,0.0,0,44
2024-25,27,266,530,Tomáš Souček,MID,West Ham,19,11,1,2025-02-27T20:00:00Z,89,10,1,0,1,0,2,35,44.8,11.0,43.0,9.9,0.44,0.02,0.46,0.38,1,49
2024-25,27,266,531,James Ward-Prowse,MID,West Ham,19,11,1,2025-02-27T20:00:00Z,90,3,0,0,1,0,0,15,12.0,16.1,2.0,3.0,0.0,0.11,0.11,0.38,1,61
2024-25,27,266,532,Kurt Zouma,DEF,West Ham,19,11,1,2025-02-27T20:00:00Z,0,0,0,0,0,0,0,0,0.0,0.0,0.0,0.0,0.0,0.0,0.0,0.0,0,44
2024-25,27,267,533,Rayan Aït-Nouri,DEF,Wolves,20,9,1,2025-02-25T19:30:00Z,90,1,0,0,0,2,0,10,21.2,20.1,13.0,5.4,0.11,0.06,0.17,1.69,1,47
2024-25,27,267,534,Boubacar Traoré,MID,Wolves,20,9,1,2025-02-25T19:30:00Z,0,0,0,0,0,0,0,0,0.0,0.0,0.0,0.0,0.0,0.0,0.0,0.0,0,48
2024-25,27,267,535,Jean-Ricner Bellegarde,MID,Wolves,20,9,1,2025-02-25T19:30:00Z,64,2,0,0,0,2,0,8,7.6,21.6,22.0,5.1,0.11,0.38,0.49,1.05,1,49
2024-25,27,267,536,Daniel Bentley,GK,Wolves,20,9,1,2025-02-25T19:30:00Z,0,0,0,0,0,0,0,0,0.0,0.0,0.0,0.0,0.0,0.0,0.0,0.0,0,39
2024-25,27,267,537,Francisco Jorge Tomás Oliveira,MID,Wolves,20,9,1,2025-02-25T19:30:00Z,0,0,0,0,0,0,0,0,0.0,0.0,0.0,0.0,0.0,0.0,0.0,0.0,0,45
2024-25,27,267,538,Tawanda Chirewa,MID,Wolves,20,9,1,2025-02-25T19:30:00Z,0,0,0,0,0,0,0,0,0.0,0.0,0.0,0.0,0.0,0.0,0.0,0.0,0,45
2024-25,27,267,539,Leon Chiwome,FWD,Wolves,20,9,1,2025-02-25T19:30:00Z,0,0,0,0,0,0,0,0,0.0,0.0,0.0,0.0,0.0,0.0,0.0,0.0,0,45
2024-25,27,267,540,Luke Cundle,MID,Wolves,20,9,1,2025-02-25T19:30:00Z,0,0,0,0,0,0,0,0,0.0,0.0,0.0,0.0,0.0,0.0,0.0,0.0,0,45
2024-25,27,267,541,Matheus Santos Carneiro Da Cunha,FWD,Wolves,20,9,1,2025-02-25T19:30:00Z,90,2,0,0,0,2,0,17,14.4,18.2,51.0,8.4,0.35,0.09,0.44,1.69,1,69
2024-25,27,267,542,Craig Dawson,DEF,Wolves,20,9,1,2025-02-25T19:30:00Z,0,0,0,0,0,0,0,0,0.0,0.0,0.0,0.0,0.0,0.0,0.0,0.0,0,43
2024-25,27,267,543,Matt Doherty,DEF,Wolves,20,9,1,2025-02-25T19:30:00Z,90,1,0,0,0,2,0,6,14.2,3.6,4.0,2.2,0.05,0.03,0.08,1.69,1,43
2024-25,27,267,544,Tommy Doyle,MID,Wolves,20,9,1,2025-02-25T19:30:00Z,13,1,0,0,0,0,0,4,8.6,1.1,0.0,1.0,0.0,0.01,0.01,0.64,0,47
2024-25,27,267,545,Fábio Silva,FWD,Wolves,20,9,1,2025-02-25T19:30:00Z,0,0,0,0,0,0,0,0,0.0,0.0,0.0,0.0,0.0,0.0,0.0,0.0,0,50
2024-25,27,267,546,Nathan Fraser,FWD,Wolves,20,9,1,2025-02-25T19:30:00Z,0,0,0,0,0,0,0,0,0.0,0.0,0.0,0.0,0.0,0.0,0.0,0.0,0,45
2024-25,27,267,547,Enso González,MID,Wolves,20,9,1,2025-02-25T19:30:00Z,0,0,0,0,0,0,0,0,0.0,0.0,0.0,0.0,0.0,0.0,0.0,0.0,0,44
2024-25,27,267,548,Gonçalo Manuel Ganchinho Guedes,MID,Wolves,20,9,1,2025-02-25T19:30:00Z,0,0,0,0,0,0,0,0,0.0,0.0,0.0,0.0,0.0,0.0,0.0,0.0,0,53
2024-25,27,267,549,Hugo Bueno López,DEF,Wolves,20,9,1,2025-02-25T19:30:00Z,0,0,0,0,0,0,0,0,0.0,0.0,0.0,0.0,0.0,0.0,0.0,0.0,0,45
2024-25,27,267,550,Hwang Hee-chan,MID,Wolves,20,9,1,2025-02-25T19:30:00Z,0,0,0,0,0,0,0,0,0.0,0.0,0.0,0.0,0.0,0.0,0.0,0.0,0,61
2024-25,27,267,551,Joe Hodge,MID,Wolves,20,9,1,2025-02-25T19:30:00Z,0,0,0,0,0,0,0,0,0.0,0.0,0.0,0.0,0.0,0.0,0.0,0.0,0,45
2024-25,27,267,552,Ki-Jana Hoever,DEF,Wolves,20,9,1,2025-02-25T19:30:00Z,0,0,0,0,0,0,0,0,0.0,0.0,0.0,0.0,0.0,0.0,0.0,0.0,0,40
2024-25,27,267,553,João Victor Gomes da Silva,MID,Wolves,20,9,1,2025-02-25T19:30:00Z,90,7,1,0,0,2,0,28,40.8,21.9,36.0,9.9,0.4,0.2,0.6,1.69,1,49
2024-25,27,267,554,José Malheiro de Sá,GK,Wolves,20,9,1,2025-02-25T19:30:00Z,90,2,0,0,0,2,0,5,27.0,0.0,0.0,2.7,0.0,0.0,0.0,1.69,1,43
2024-25,27,267,555,Saša Kalajdžić,FWD,Wolves,20,9,1,2025-02-25T19:30:00Z,0,0,0,0,0,0,0,0,0.0,0.0,0.0,0.0,0.0,0.0,0.0,0.0,0,48
2024-25,27,267,556,Tom King,GK,Wolves,20,9,1,2025-02-25T19:30:00Z,0,0,0,0,0,0,0,0,0.0,0.0,0.0,0.0,0.0,0.0,0.0,0.0,0,40
2024-25,27,267,557,Mario Lemina,MID,Wolves,20,9,1,2025-02-25T19:30:00Z,0,0,0,0,0,0,0,0,0.0,0.0,0.0,0.0,0.0,0.0,0.0,0.0,0,48
2024-25,27,267,558,Yerson Mosquera,DEF,Wolves,20,9,1,2025-02-25T19:30:00Z,0,0,0,0,0,0,0,0,0.0,0.0,0.0,0.0,0.0,0.0,0.0,0.0,0,38
2024-25,27,267,559,Nélson Cabral Semedo,DEF,Wolves,20,9,1,2025-02-25T19:30:00Z,90,4,0,1,0,2,0,13,22.2,41.6,2.0,6.6,0.0,0.05,0.05,1.69,1,45
2024-25,27,268,560,Pedro Lomba Neto,MID,Chelsea,6,17,1,2025-02-25T20:15:00Z,67,11,1,1,1,0,0,37,51.4,24.8,23.0,9.9,0.06,0.24,0.3,0.57,1,62
2024-25,27,267,561,Pedro Cardoso de Lima,DEF,Wolves,20,9,1,2025-02-25T19:30:00Z,0,0,0,0,0,0,0,0,0.0,0.0,0.0,0.0,0.0,0.0,0.0,0.0,0,39
2024-25,27,267,562,Daniel Castelo Podence,MID,Wolves,20,9,1,2025-02-25T19:30:00Z,0,0,0,0,0,0,0,0,0.0,0.0,0.0,0.0,0.0,0.0,0.0,0.0,0,55
2024-25,27,267,563,Rodrigo Martins Gomes,MID,Wolves,20,9,1,2025-02-25T19:30:00Z,0,0,0,0,0,0,0,0,0.0,0.0,0.0,0.0,0.0,0.0,0.0,0.0,0,51
2024-25,27,267,564,Santiago Bueno,DEF,Wolves,20,9,1,2025-02-25T19:30:00Z,76,0,0,0,0,2,0,0,9.0,0.7,0.0,1.0,0.0,0.0,0.0,1.05,1,43
2024-25,27,267,565,Pablo Sarabia,MID,Wolves,20,9,1,2025-02-25T19:30:00Z,13,1,0,0,0,0,0,4,3.4,14.9,0.0,1.8,0.0,0.03,0.03,0.64,0,50
2024-25,27,267,566,Jørgen Strand Larsen,FWD,Wolves,20,9,1,2025-02-25T19:30:00Z,25,1,0,0,0,0,0,2,0.0,0.3,0.0,0.0,0.0,0.0,0.0,0.64,0,52
2024-25,27,267,567,Toti António Gomes,DEF,Wolves,20,9,1,2025-02-25T19:30:00Z,90,1,0,0,0,2,0,9,19.0,16.9,0.0,3.6,0.0,0.07,0.07,1.69,1,43
2024-25,27,270,568,Arijanet Muric,GK,Ipswich,10,14,0,2025-02-26T19:30:00Z,0,0,0,0,0,0,0,0,0.0,0.0,0.0,0.0,0.0,0.0,0.0,0.0,0,44
2024-25,27,270,569,Jaden Philogene,MID,Ipswich,10,14,0,2025-02-26T19:30:00Z,90,15,2,0,0,3,3,61,82.2,28.7,54.0,16.5,1.04,0.06,1.1,0.72,1,53
2024-25,27,266,570,Abdul Fatawu,MID,Leicester,11,19,0,2025-02-27T20:00:00Z,0,0,0,0,0,0,0,0,0.0,0.0,0.0,0.0,0.0,0.0,0.0,0.0,0,51
2024-25,27,265,571,Sávio 'Savinho' Moreira de Oliveira,MID,Man City,13,18,0,2025-02-26T19:30:00Z,89,3,0,0,1,0,0,7,5.8,4.8,49.0,6.0,0.61,0.06,0.67,1.09,1,62
2024-25,27,270,572,Leny Yoro,DEF,Man Utd,14,10,1,2025-02-26T19:30:00Z,90,0,0,0,0,2,0,7,15.6,3.0,2.0,2.1,0.0,0.01,0.01,1.43,1,43
2024-25,27,264,573,Nikola Milenković,DEF,Nott'm Forest,16,1,1,2025-02-26T19:30:00Z,90,5,0,0,1,0,0,22,20.0,0.5,2.0,2.3,0.0,0.06,0.06,0.99,1,48
2024-25,27,269,574,Miodrag Pivaš,DEF,Newcastle,15,12,0,2025-02-26T20:15:00Z,0,0,0,0,0,0,0,0,0.0,0.0,0.0,0.0,0.0,0.0,0.0,0.0,0,40
2024-25,27,268,575,Caleb Wiley,DEF,Chelsea,6,17,1,2025-02-25T20:15:00Z,0,0,0,0,0,0,0,0,0.0,0.0,0.0,0.0,0.0,0.0,0.0,0.0,0,40
2024-25,27,266,576,Andy Irving,MID,West Ham,19,11,1,2025-02-27T20:00:00Z,1,1,0,0,0,0,0,3,0.6,0.4,0.0,0.1,0.0,0.0,0.0,0.0,0,47
2024-25,27,261,577,Jesper Lindstrøm,MID,Everton,8,4,0,2025-02-26T19:30:00Z,74,2,0,0,0,1,0,6,7.8,2.5,2.0,1.2,0.0,0.04,0.04,1.26,1,50
2024-25,27,264,578,Riccardo Calafiori,DEF,Arsenal,1,16,0,2025-02-26T19:30:00Z,45,0,0,0,0,0,0,-1,0.4,12.8,8.0,2.1,0.1,0.03,0.13,0.06,1,58
2024-25,27,267,579,Ryan Sessegnon,DEF,Fulham,9,20,0,2025-02-25T19:30:00Z,71,8,1,0,0,1,0,22,43.4,12.0,36.0,9.1,0.41,0.25,0.66,1.18,1,41
2024-25,27,262,580,Dean Huijsen,DEF,Bournemouth,3,5,0,2025-02-25T19:30:00Z,90,1,0,0,0,2,0,8,33.2,1.0,2.0,3.6,0.0,0.01,0.01,2.42,1,45
2024-25,27,268,581,Filip Jørgensen,GK,Chelsea,6,17,1,2025-02-25T20:15:00Z,90,6,0,0,1,0,0,27,21.6,0.0,0.0,2.2,0.0,0.0,0.0,0.72,1,42
2024-25,27,261,582,Jake O'Brien,DEF,Everton,8,4,0,2025-02-26T19:30:00Z,90,10,1,0,0,1,2,24,62.8,2.3,21.0,8.6,0.24,0.01,0.25,1.48,1,45
2024-25,27,270,583,Conor Townsend,DEF,Ipswich,10,14,0,2025-02-26T19:30:00Z,0,0,0,0,0,0,0,0,0.0,0.0,0.0,0.0,0.0,0.0,0.0,0.0,0,39
2024-25,27,268,584,Ben Brereton Díaz,MID,Southampton,17,6,0,2025-02-25T20:15:00Z,0,0,0,0,0,0,0,0,0.0,0.0,0.0,0.0,0.0,0.0,0.0,0.0,0,48
2024-25,27,263,585,Ismaïla Sarr,MID,Crystal Palace,7,2,1,2025-02-25T19:30:00Z,85,15,2,0,0,1,3,46,74.0,41.9,83.0,19.9,1.86,0.21,2.07,0.35,1,55
2024-25,27,267,586,Jorge Cuenca Barreno,DEF,Fulham,9,20,0,2025-02-25T19:30:00Z,75,2,0,0,0,1,0,8,18.8,0.5,0.0,1.9,0.0,0.0,0.0,1.18,1,44
2024-25,27,266,587,Crysencio Summerville,MID,West Ham,19,11,1,2025-02-27T20:00:00Z,0,0,0,0,0,0,0,0,0.0,0.0,0.0,0.0,0.0,0.0,0.0,0.0,0,55
2024-25,27,266,588,Guido Rodríguez,MID,West Ham,19,11,1,2025-02-27T20:00:00Z,0,0,0,0,0,0,0,0,0.0,0.0,0.0,0.0,0.0,0.0,0.0,0.0,0,48
2024-25,27,266,589,Niclas Füllkrug,FWD,West Ham,19,11,1,2025-02-27T20:00:00Z,0,0,0,0,0,0,0,0,0.0,0.0,0.0,0.0,0.0,0.0,0.0,0.0,0,67
2024-25,27,269,590,William Osula,FWD,Newcastle,15,12,0,2025-02-26T20:15:00Z,21,1,0,0,0,0,0,1,1.0,0.0,0.0,0.1,0.0,0.0,0.0,1.03,0,49
2024-25,27,266,591,Jean-Clair Todibo,DEF,West Ham,19,11,1,2025-02-27T20:00:00Z,65,6,0,0,1,0,0,23,8.0,3.1,2.0,1.3,0.0,0.01,0.01,0.12,1,42
2024-25,27,262,592,Julián Araujo Zúñiga,DEF,Bournemouth,3,5,0,2025-02-25T19:30:00Z,0,0,0,0,0,0,0,0,0.0,0.0,0.0,0.0,0.0,0.0,0.0,0.0,0,43
2024-25,27,270,593,Matthijs de Ligt,DEF,Man Utd,14,10,1,2025-02-26T19:30:00Z,90,7,1,0,0,2,0,26,50.2,1.0,33.0,8.4,0.31,0.0,0.31,1.43,1,49
2024-25,27,270,594,Noussair Mazraoui,DEF,Man Utd,14,10,1,2025-02-26T19:30:00Z,45,0,0,0,0,1,0,-2,2.4,0.0,2.0,0.4,0.0,0.0,0.0,0.42,0,43
2024-25,27,262,595,Brajan Gruda,MID,Brighton,5,3,1,2025-02-25T19:30:00Z,0,0,0,0,0,0,0,0,0.0,0.0,0.0,0.0,0.0,0.0,0.0,0.0,0,54
2024-25,27,264,596,João Pedro Ferreira Silva,MID,Nott'm Forest,16,1,1,2025-02-26T19:30:00Z,0,0,0,0,0,0,0,0,0.0,0.0,0.0,0.0,0.0,0.0,0.0,0.0,0,59
2024-25,27,264,597,Myles Lewis-Skelly,MID,Arsenal,1,16,0,2025-02-26T19:30:00Z,0,0,0,0,0,0,0,0,0.0,0.0,0.0,0.0,0.0,0.0,0.0,0.0,0,45
2024-25,27,263,598,Lamare Bogarde,DEF,Aston Villa,2,7,0,2025-02-25T19:30:00Z,90,0,0,0,0,4,0,-1,21.2,1.5,0.0,2.3,0.0,0.01,0.01,4.31,1,40
2024-25,27,262,599,Will Dennis,GK,Bournemouth,3,5,0,2025-02-25T19:30:00Z,0,0,0,0,0,0,0,0,0.0,0.0,0.0,0.0,0.0,0.0,0.0,0.0,0,40
2024-25,27,262,600,Yasin Ayari,MID,Brighton,5,3,1,2025-02-25T19:30:00Z,18,1,0,0,0,0,0,5,3.6,0.3,0.0,0.4,0.0,0.0,0.0,0.36,0,50
2024-25,27,262,601,Andrew Moran,MID,Brighton,5,3,1,2025-02-25T19:30:00Z,0,0,0,0,0,0,0,0,0.0,0.0,0.0,0.0,0.0,0.0,0.0,0.0,0,50
2024-25,27,261,602,Ryan Trevitt,MID,Brentford,4,8,1,2025-02-26T19:30:00Z,0,0,0,0,0,0,0,0,0.0,0.0,0.0,0.0,0.0,0.0,0.0,0.0,0,44
2024-25,27,261,603,Harrison Armstrong,MID,Everton,8,4,0,2025-02-26T19:30:00Z,0,0,0,0,0,0,0,0,0.0,0.0,0.0,0.0,0.0,0.0,0.0,0.0,0,44
2024-25,27,267,604,Josh King,MID,Fulham,9,20,0,2025-02-25T19:30:00Z,0,0,0,0,0,0,0,0,0.0,0.0,0.0,0.0,0.0,0.0,0.0,0.0,0,45
2024-25,27,267,605,Martial Godo,MID,Fulham,9,20,0,2025-02-25T19:30:00Z,0,0,0,0,0,0,0,0,0.0,0.0,0.0,0.0,0.0,0.0,0.0,0.0,0,44
2024-25,27,266,606,Will Alves,MID,Leicester,11,19,0,2025-02-27T20:00:00Z,0,0,0,0,0,0,0,0,0.0,0.0,0.0,0.0,0.0,0.0,0.0,0.0,0,44
2024-25,27,265,607,Nico O'Reilly,MID,Man City,13,18,0,2025-02-26T19:30:00Z,0,0,0,0,0,0,0,0,0.0,0.0,0.0,0.0,0.0,0.0,0.0,0.0,0,49
2024-25,27,268,608,Tyler Dibling,MID,Southampton,17,6,0,2025-02-25T20:15:00Z,31,1,0,0,0,1,0,-1,0.0,1.0,0.0,0.1,0.0,0.0,0.0,0.78,0,45
2024-25,27,265,609,Will Lankshear,FWD,Spurs,18,13,1,2025-02-26T19:30:00Z,0,0,0,0,0,0,0,0,0.0,0.0,0.0,0.0,0.0,0.0,0.0,0.0,0,45
2024-25,27,265,610,Mikey Moore,MID,Spurs,18,13,1,2025-02-26T19:30:00Z,0,0,0,0,0,0,0,0,0.0,0.0,0.0,0.0,0.0,0.0,0.0,0.0,0,45
2024-25,27,270,611,Sam Szmodics,MID,Ipswich,10,14,0,2025-02-26T19:30:00Z,1,1,0,0,0,0,0,3,2.0,0.1,0.0,0.2,0.0,0.0,0.0,0.01,0,57
2024-25,27,265,612,Wilson Odobert,MID,Spurs,18,13,1,2025-02-26T19:30:00Z,66,2,0,0,0,1,0,5,3.4,3.4,40.0,4.7,0.23,0.02,0.25,2.07,1,53
2024-25,27,270,613,Toby Collyer,MID,Man Utd,14,10,1,2025-02-26T19:30:00Z,0,0,0,0,0,0,0,0,0.0,0.0,0.0,0.0,0.0,0.0,0.0,0.0,0,45
2024-25,27,261,614,Jenson Metcalfe,MID,Everton,8,4,0,2025-02-26T19:30:00Z,0,0,0,0,0,0,0,0,0.0,0.0,0.0,0.0,0.0,0.0,0.0,0.0,0,45
2024-25,27,262,615,Carl Rushworth,GK,Brighton,5,3,1,2025-02-25T19:30:00Z,0,0,0,0,0,0,0,0,0.0,0.0,0.0,0.0,0.0,0.0,0.0,0.0,0,39
2024-25,27,266,616,Ben Nelson,DEF,Leicester,11,19,0,2025-02-27T20:00:00Z,0,0,0,0,0,0,0,0,0.0,0.0,0.0,0.0,0.0,0.0,0.0,0.0,0,40
2024-25,27,262,617,Francisco Evanilson de Lima Barbosa,FWD,Bournemouth,3,5,0,2025-02-25T19:30:00Z,13,1,0,0,0,0,0,4,0.0,0.3,2.0,0.2,0.0,0.0,0.0,0.0,0,56
2024-25,27,262,618,Georginio Rutter,MID,Brighton,5,3,1,2025-02-25T19:30:00Z,89,5,0,1,0,1,0,11,31.8,24.7,23.0,8.0,0.39,0.22,0.61,1.39,1,51
2024-25,27,270,619,Jens Cajuste,MID,Ipswich,10,14,0,2025-02-26T19:30:00Z,90,2,0,0,0,3,0,9,3.4,4.8,9.0,1.7,0.1,0.05,0.15,0.72,1,45
2024-25,27,264,620,Ramón Sosa,MID,Nott'm Forest,16,1,1,2025-02-26T19:30:00Z,0,0,0,0,0,0,0,0,0.0,0.0,0.0,0.0,0.0,0.0,0.0,0.0,0,55
2024-25,27,268,621,João Félix Sequeira,MID,Chelsea,6,17,1,2025-02-25T20:15:00Z,0,0,0,0,0,0,0,0,0.0,0.0,0.0,0.0,0.0,0.0,0.0,0.0,0,59
2024-25,27,267,622,Sander Berge,MID,Fulham,9,20,0,2025-02-25T19:30:00Z,90,1,0,0,0,1,0,10,2.6,1.4,0.0,0.4,0.0,0.01,0.01,1.31,1,50
2024-25,27,268,623,Mateus Gonçalo Espanha Fernandes,MID,Southampton,17,6,0,2025-02-25T20:15:00Z,90,2,0,0,0,4,0,13,1.4,4.4,2.0,0.8,0.02,0.02,0.04,2.56,1,50
2024-25,27,261,624,Asmir Begovic,GK,Everton,8,4,0,2025-02-26T19:30:00Z,0,0,0,0,0,0,0,0,0.0,0.0,0.0,0.0,0.0,0.0,0.0,0.0,0,40
2024-25,27,265,625,Ilkay Gündogan,MID,Man City,13,18,0,2025-02-26T19:30:00Z,1,1,0,0,0,0,0,3,0.0,0.0,0.0,0.0,0.0,0.0,0.0,0.24,0,63
2024-25,27,265,626,Issa Kaboré,DEF,Man City,13,18,0,2025-02-26T19:30:00Z,0,0,0,0,0,0,0,0,0.0,0.0,0.0,0.0,0.0,0.0,0.0,0.0,0,45
2024-25,27,261,627,Roman Dixon,DEF,Everton,8,4,0,2025-02-26T19:30:00Z,0,0,0,0,0,0,0,0,0.0,0.0,0.0,0.0,0.0,0.0,0.0,0.0,0,40
2024-25,27,262,628,Ferdi Kadioglu,DEF,Brighton,5,3,1,2025-02-25T19:30:00Z,0,0,0,0,0,0,0,0,0.0,0.0,0.0,0.0,0.0,0.0,0.0,0.0,0,44
2024-25,27,262,629,Matt O'Riley,MID,Brighton,5,3,1,2025-02-25T19:30:00Z,0,0,0,0,0,0,0,0,0.0,0.0,0.0,0.0,0.0,0.0,0.0,0.0,0,55
2024-25,27,270,630,Dara O'Shea,DEF,Ipswich,10,14,0,2025-02-26T19:30:00Z,90,0,0,0,0,3,0,2,26.6,12.5,2.0,4.1,0.0,0.02,0.02,0.72,1,40
2024-25,27,270,631,Jack Clarke,MID,Ipswich,10,14,0,2025-02-26T19:30:00Z,90,2,0,0,0,3,0,12,12.2,32.5,4.0,4.9,0.0,0.12,0.12,0.72,1,54
2024-25,27,270,632,Chiedozie Ogbene,MID,Ipswich,10,14,0,2025-02-26T19:30:00Z,0,0,0,0,0,0,0,0,0.0,0.0,0.0,0.0,0.0,0.0,0.0,0.0,0,48
2024-25,27,264,633,Mikel Merino,MID,Arsenal,1,16,0,2025-02-26T19:30:00Z,90,3,0,0,1,0,0,5,12.2,25.0,45.0,8.2,0.22,0.14,0.36,0.4,1,60
2024-25,27,261,634,Gustavo Nunes Fernandes Gomes,MID,Brentford,4,8,1,2025-02-26T19:30:00Z,0,0,0,0,0,0,0,0,0.0,0.0,0.0,0.0,0.0,0.0,0.0,0.0,0,49
2024-25,27,266,635,Bilal El Khannouss,MID,Leicester,11,19,0,2025-02-27T20:00:00Z,90,2,0,0,0,2,0,17,8.4,37.9,4.0,5.0,0.04,0.1,0.14,1.33,1,48
2024-25,27,269,636,Federico Chiesa,MID,Liverpool,12,15,1,2025-02-26T20:15:00Z,0,0,0,0,0,0,0,0,0.0,0.0,0.0,0.0,0.0,0.0,0.0,0.0,0,68
2024-25,27,267,637,Bastien Meupiyou,DEF,Wolves,20,9,1,2025-02-25T19:30:00Z,0,0,0,0,0,0,0,0,0.0,0.0,0.0,0.0,0.0,0.0,0.0,0.0,0,39
2024-25,27,264,638,Salah-Eddine Oulad M'hand,MID,Arsenal,1,16,0,2025-02-26T19:30:00Z,0,0,0,0,0,0,0,0,0.0,0.0,0.0,0.0,0.0,0.0,0.0,0.0,0,45
2024-25,27,264,639,Tommy Setford,GK,Arsenal,1,16,0,2025-02-26T19:30:00Z,0,0,0,0,0,0,0,0,0.0,0.0,0.0,0.0,0.0,0.0,0.0,0.0,0,45
2024-25,27,263,640,Sil Swinkels,DEF,Aston Villa,2,7,0,2025-02-25T19:30:00Z,0,0,0,0,0,0,0,0,0.0,0.0,0.0,0.0,0.0,0.0,0.0,0.0,0,40
2024-25,27,263,641,Oliwier Zych,GK,Aston Villa,2,7,0,2025-02-25T19:30:00Z,0,0,0,0,0,0,0,0,0.0,0.0,0.0,0.0,0.0,0.0,0.0,0.0,0,40
2024-25,27,267,642,André Trindade da Costa Neto,MID,Wolves,20,9,1,2025-02-25T19:30:00Z,76,2,0,0,0,2,0,14,4.4,5.3,1.0,1.1,0.02,0.03,0.05,1.05,1,50
2024-25,27,266,643,Kaelan Casey,DEF,West Ham,19,11,1,2025-02-27T20:00:00Z,0,0,0,0,0,0,0,0,0.0,0.0,0.0,0.0,0.0,0.0,0.0,0.0,0,40
2024-25,27,263,644,Franco Umeh-Chibueze,MID,Crystal Palace,7,2,1,2025-02-25T19:30:00Z,0,0,0,0,0,0,0,0,0.0,0.0,0.0,0.0,0.0,0.0,0.0,0.0,0,44
2024-25,27,263,645,Justin Devenny,MID,Crystal Palace,7,2,1,2025-02-25T19:30:00Z,0,0,0,0,0,0,0,0,0.0,0.0,0.0,0.0,0.0,0.0,0.0,0.0,0,45
2024-25,27,263,646,Asher Agbinone,MID,Crystal Palace,7,2,1,2025-02-25T19:30:00Z,0,0,0,0,0,0,0,0,0.0,0.0,0.0,0.0,0.0,0.0,0.0,0.0,0,45
2024-25,27,263,647,Kaden Rodney,MID,Crystal Palace,7,2,1,2025-02-25T19:30:00Z,0,0,0,0,0,0,0,0,0.0,0.0,0.0,0.0,0.0,0.0,0.0,0.0,0,45
2024-25,27,270,648,Ethan Wheatley,FWD,Man Utd,14,10,1,2025-02-26T19:30:00Z,0,0,0,0,0,0,0,0,0.0,0.0,0.0,0.0,0.0,0.0,0.0,0.0,0,45
2024-25,27,261,649,Jayden Meghoma,DEF,Brentford,4,8,1,2025-02-26T19:30:00Z,0,0,0,0,0,0,0,0,0.0,0.0,0.0,0.0,0.0,0.0,0.0,0.0,0,40
2024-25,27,263,650,Maxence Lacroix,DEF,Crystal Palace,7,2,1,2025-02-25T19:30:00Z,90,2,0,0,0,1,0,4,17.2,0.0,4.0,2.1,0.02,0.0,0.02,0.38,1,45
2024-25,27,261,651,Orel Mangala,MID,Everton,8,4,0,2025-02-26T19:30:00Z,0,0,0,0,0,0,0,0,0.0,0.0,0.0,0.0,0.0,0.0,0.0,0.0,0,50
2024-25,27,270,652,Manuel Ugarte,MID,Man Utd,14,10,1,2025-02-26T19:30:00Z,90,2,0,0,0,2,0,10,11.2,14.8,0.0,2.6,0.0,0.02,0.02,1.43,1,49
2024-25,27,264,653,Felipe Rodrigues da Silva,DEF,Nott'm Forest,16,1,1,2025-02-26T19:30:00Z,0,0,0,0,0,0,0,0,0.0,0.0,0.0,0.0,0.0,0.0,0.0,0.0,0,45
2024-25,27,266,654,Carlos Soler,MID,West Ham,19,11,1,2025-02-27T20:00:00Z,24,1,0,0,0,0,0,4,1.6,0.9,0.0,0.3,0.0,0.0,0.0,0.26,0,50
2024-25,27,267,655,Carlos Roberto Forbs Borges,MID,Wolves,20,9,1,2025-02-25T19:30:00Z,0,0,0,0,0,0,0,0,0.0,0.0,0.0,0.0,0.0,0.0,0.0,0.0,0,54
2024-25,27,263,656,Kadan Young,MID,Aston Villa,2,7,0,2025-02-25T19:30:00Z,0,0,0,0,0,0,0,0,0.0,0.0,0.0,0.0,0.0,0.0,0.0,0.0,0,45
2024-25,27,264,657,Maldini Kacurri,DEF,Arsenal,1,16,0,2025-02-26T19:30:00Z,0,0,0,0,0,0,0,0,0.0,0.0,0.0,0.0,0.0,0.0,0.0,0.0,0,40
2024-25,27,270,658,Ayden Heaven,DEF,Man Utd,14,10,1,2025-02-26T19:30:00Z,0,0,0,0,0,0,0,0,0.0,0.0,0.0,0.0,0.0,0.0,0.0,0.0,0,40
2024-25,27,264,659,Ismeal Kabia,MID,Arsenal,1,16,0,2025-02-26T19:30:00Z,0,0,0,0,0,0,0,0,0.0,0.0,0.0,0.0,0.0,0.0,0.0,0.0,0,45
2024-25,27,269,660,Vítezslav Jaros,GK,Liverpool,12,15,1,2025-02-26T20:15:00Z,0,0,0,0,0,0,0,0,0.0,0.0,0.0,0.0,0.0,0.0,0.0,0.0,0,40
2024-25,27,261,661,Tony Yogane,MID,Brentford,4,8,1,2025-02-26T19:30:00Z,0,0,0,0,0,0,0,0,0.0,0.0,0.0,0.0,0.0,0.0,0.0,0.0,0,45
2024-25,27,264,662,Josh Nichols,DEF,Arsenal,1,16,0,2025-02-26T19:30:00Z,0,0,0,0,0,0,0,0,0.0,0.0,0.0,0.0,0.0,0.0,0.0,0.0,0,40
2024-25,27,262,663,Imari Samuels,DEF,Brighton,5,3,1,2025-02-25T19:30:00Z,0,0,0,0,0,0,0,0,0.0,0.0,0.0,0.0,0.0,0.0,0.0,0.0,0,40
2024-25,27,267,664,Alfie Pond,DEF,Wolves,20,9,1,2025-02-25T19:30:00Z,0,0,0,0,0,0,0,0,0.0,0.0,0.0,0.0,0.0,0.0,0.0,0.0,0,39
2024-25,27,264,665,Nathan Butler-Oyedeji,FWD,Arsenal,1,16,0,2025-02-26T19:30:00Z,0,0,0,0,0,0,0,0,0.0,0.0,0.0,0.0,0.0,0.0,0.0,0.0,0,45
2024-25,27,263,666,Caleb Kporha,DEF,Crystal Palace,7,2,1,2025-02-25T19:30:00Z,0,0,0,0,0,0,0,0,0.0,0.0,0.0,0.0,0.0,0.0,0.0,0.0,0,40
2024-25,27,270,667,Jack Fletcher,MID,Man Utd,14,10,1,2025-02-26T19:30:00Z,0,0,0,0,0,0,0,0,0.0,0.0,0.0,0.0,0.0,0.0,0.0,0.0,0,45
2024-25,27,262,668,Killian Cahill,GK,Brighton,5,3,1,2025-02-25T19:30:00Z,0,0,0,0,0,0,0,0,0.0,0.0,0.0,0.0,0.0,0.0,0.0,0.0,0,39
2024-25,27,269,669,Harvey Davies,GK,Liverpool,12,15,1,2025-02-26T20:15:00Z,0,0,0,0,0,0,0,0,0.0,0.0,0.0,0.0,0.0,0.0,0.0,0.0,0,40
2024-25,27,270,670,Harry Amass,DEF,Man Utd,14,10,1,2025-02-26T19:30:00Z,0,0,0,0,0,0,0,0,0.0,0.0,0.0,0.0,0.0,0.0,0.0,0.0,0,40
2024-25,27,265,671,Jacob Wright,MID,Man City,13,18,0,2025-02-26T19:30:00Z,0,0,0,0,0,0,0,0,0.0,0.0,0.0,0.0,0.0,0.0,0.0,0.0,0,45
2024-25,27,265,672,Jahmai Simpson-Pusey,DEF,Man City,13,18,0,2025-02-26T19:30:00Z,0,0,0,0,0,0,0,0,0.0,0.0,0.0,0.0,0.0,0.0,0.0,0.0,0,40
2024-25,27,270,673,Jayce Fitzgerald,MID,Man Utd,14,10,1,2025-02-26T19:30:00Z,0,0,0,0,0,0,0,0,0.0,0.0,0.0,0.0,0.0,0.0,0.0,0.0,0,45
2024-25,27,261,674,Paris Maghoma,MID,Brentford,4,8,1,2025-02-26T19:30:00Z,14,1,0,0,0,1,0,4,8.8,11.0,4.0,2.4,0.0,0.01,0.01,0.76,0,45
2024-25,27,265,675,Josh Wilson-Esbrand,DEF,Man City,13,18,0,2025-02-26T19:30:00Z,0,0,0,0,0,0,0,0,0.0,0.0,0.0,0.0,0.0,0.0,0.0,0.0,0,40
2024-25,27,263,676,Zach Marsh,FWD,Crystal Palace,7,2,1,2025-02-25T19:30:00Z,0,0,0,0,0,0,0,0,0.0,0.0,0.0,0.0,0.0,0.0,0.0,0.0,0,45
2024-25,27,266,677,Ollie Scarles,DEF,West Ham,19,11,1,2025-02-27T20:00:00Z,65,6,0,0,1,0,0,26,2.0,6.8,2.0,1.1,0.02,0.02,0.04,0.12,1,40
2024-25,27,261,678,Callum Bates,MID,Everton,8,4,0,2025-02-26T19:30:00Z,0,0,0,0,0,0,0,0,0.0,0.0,0.0,0.0,0.0,0.0,0.0,0.0,0,45
2024-25,27,263,679,Ben Broggio,MID,Aston Villa,2,7,0,2025-02-25T19:30:00Z,0,0,0,0,0,0,0,0,0.0,0.0,0.0,0.0,0.0,0.0,0.0,0.0,0,45
2024-25,27,262,680,Max Kinsey,DEF,Bournemouth,3,5,0,2025-02-25T19:30:00Z,0,0,0,0,0,0,0,0,0.0,0.0,0.0,0.0,0.0,0.0,0.0,0.0,0,40
2024-25,27,262,681,Ruairi McConville,DEF,Brighton,5,3,1,2025-02-25T19:30:00Z,0,0,0,0,0,0,0,0,0.0,0.0,0.0,0.0,0.0,0.0,0.0,0.0,0,40
2024-25,27,267,682,Tom Edozie,MID,Wolves,20,9,1,2025-02-25T19:30:00Z,0,0,0,0,0,0,0,0,0.0,0.0,0.0,0.0,0.0,0.0,0.0,0.0,0,45
2024-25,27,265,683,Callum Olusesi,MID,Spurs,18,13,1,2025-02-26T19:30:00Z,0,0,0,0,0,0,0,0,0.0,0.0,0.0,0.0,0.0,0.0,0.0,0.0,0,45
2024-25,27,265,684,Malachi Hardy,DEF,Spurs,18,13,1,2025-02-26T19:30:00Z,0,0,0,0,0,0,0,0,0.0,0.0,0.0,0.0,0.0,0.0,0.0,0.0,0,40
2024-25,27,262,685,Jacob Slater,DEF,Brighton,5,3,1,2025-02-25T19:30:00Z,0,0,0,0,0,0,0,0,0.0,0.0,0.0,0.0,0.0,0.0,0.0,0.0,0,40
2024-25,27,266,686,Ezra Mayers,DEF,West Ham,19,11,1,2025-02-27T20:00:00Z,0,0,0,0,0,0,0,0,0.0,0.0,0.0,0.0,0.0,0.0,0.0,0.0,0,40
2024-25,27,262,687,Ben Winterburn,MID,Bournemouth,3,5,0,2025-02-25T19:30:00Z,0,0,0,0,0,0,0,0,0.0,0.0,0.0,0.0,0.0,0.0,0.0,0.0,0,45
2024-25,27,269,688,Treymaurice Nyoni,MID,Liverpool,12,15,1,2025-02-26T20:15:00Z,0,0,0,0,0,0,0,0,0.0,0.0,0.0,0.0,0.0,0.0,0.0,0.0,0,45
2024-25,27,265,689,Luca Williams-Barnett,MID,Spurs,18,13,1,2025-02-26T19:30:00Z,0,0,0,0,0,0,0,0,0.0,0.0,0.0,0.0,0.0,0.0,0.0,0.0,0,45
2024-25,27,267,690,Samuel Amissah,DEF,Fulham,9,20,0,2025-02-25T19:30:00Z,0,0,0,0,0,0,0,0,0.0,0.0,0.0,0.0,0.0,0.0,0.0,0.0,0,40
2024-25,27,270,691,Godwill Kukonki,DEF,Man Utd,14,10,1,2025-02-26T19:30:00Z,0,0,0,0,0,0,0,0,0.0,0.0,0.0,0.0,0.0,0.0,0.0,0.0,0,40
2024-25,27,269,692,Amara Nallo,DEF,Liverpool,12,15,1,2025-02-26T20:15:00Z,0,0,0,0,0,0,0,0,0.0,0.0,0.0,0.0,0.0,0.0,0.0,0.0,0,40
2024-25,27,268,693,Joseph O'Brien-Whitmarsh,MID,Southampton,17,6,0,2025-02-25T20:15:00Z,0,0,0,0,0,0,0,0,0.0,0.0,0.0,0.0,0.0,0.0,0.0,0.0,0,45
2024-25,27,266,694,Henry Cartwright,MID,Leicester,11,19,0,2025-02-27T20:00:00Z,0,0,0,0,0,0,0,0,0.0,0.0,0.0,0.0,0.0,0.0,0.0,0.0,0,45
2024-25,27,268,695,Samuel Rak-Sakyi,MID,Chelsea,6,17,1,2025-02-25T20:15:00Z,0,0,0,0,0,0,0,0,0.0,0.0,0.0,0.0,0.0,0.0,0.0,0.0,0,45
2024-25,27,268,696,Tyrique George,MID,Chelsea,6,17,1,2025-02-25T20:15:00Z,22,4,0,1,0,0,0,14,19.2,32.6,10.0,6.2,0.07,0.13,0.2,0.15,0,45
2024-25,27,268,697,Josh Acheampong,DEF,Chelsea,6,17,1,2025-02-25T20:15:00Z,7,1,0,0,0,0,0,3,1.0,0.7,0.0,0.2,0.0,0.0,0.0,0.0,0,40
2024-25,27,265,698,Divin Mubama,FWD,Man City,13,18,0,2025-02-26T19:30:00Z,0,0,0,0,0,0,0,0,0.0,0.0,0.0,0.0,0.0,0.0,0.0,0.0,0,45
2024-25,27,265,699,Alfie Dorrington,DEF,Spurs,18,13,1,2025-02-26T19:30:00Z,0,0,0,0,0,0,0,0,0.0,0.0,0.0,0.0,0.0,0.0,0.0,0.0,0,40
2024-25,27,265,700,Maeson King,DEF,Spurs,18,13,1,2025-02-26T19:30:00Z,0,0,0,0,0,0,0,0,0.0,0.0,0.0,0.0,0.0,0.0,0.0,0.0,0,40
2024-25,27,266,701,Lewis Orford,MID,West Ham,19,11,1,2025-02-27T20:00:00Z,0,0,0,0,0,0,0,0,0.0,0.0,0.0,0.0,0.0,0.0,0.0,0.0,0,45
2024-25,27,262,702,Archie Harris,DEF,Bournemouth,3,5,0,2025-02-25T19:30:00Z,0,0,0,0,0,0,0,0,0.0,0.0,0.0,0.0,0.0,0.0,0.0,0.0,0,40
2024-25,27,265,703,Max Alleyne,DEF,Man City,13,18,0,2025-02-26T19:30:00Z,0,0,0,0,0,0,0,0,0.0,0.0,0.0,0.0,0.0,0.0,0.0,0.0,0,40
2024-25,27,265,704,Spike Brits,GK,Man City,13,18,0,2025-02-26T19:30:00Z,0,0,0,0,0,0,0,0,0.0,0.0,0.0,0.0,0.0,0.0,0.0,0.0,0,40
2024-25,27,261,705,Benjamin Arthur,DEF,Brentford,4,8,1,2025-02-26T19:30:00Z,0,0,0,0,0,0,0,0,0.0,0.0,0.0,0.0,0.0,0.0,0.0,0.0,0,40
2024-25,27,264,706,Zach Abbott,DEF,Nott'm Forest,16,1,1,2025-02-26T19:30:00Z,0,0,0,0,0,0,0,0,0.0,0.0,0.0,0.0,0.0,0.0,0.0,0.0,0,40
2024-25,27,262,707,Remy Rees-Dottin,FWD,Bournemouth,3,5,0,2025-02-25T19:30:00Z,0,0,0,0,0,0,0,0,0.0,0.0,0.0,0.0,0.0,0.0,0.0,0.0,0,45
2024-25,27,266,708,Thomas Wilson-Brown,DEF,Leicester,11,19,0,2025-02-27T20:00:00Z,0,0,0,0,0,0,0,0,0.0,0.0,0.0,0.0,0.0,0.0,0.0,0.0,0,40
2024-25,27,269,709,Jayden Danns,FWD,Liverpool,12,15,1,2025-02-26T20:15:00Z,0,0,0,0,0,0,0,0,0.0,0.0,0.0,0.0,0.0,0.0,0.0,0.0,0,45
2024-25,27,263,710,Jamaldeen Jimoh,MID,Aston Villa,2,7,0,2025-02-25T19:30:00Z,0,0,0,0,0,0,0,0,0.0,0.0,0.0,0.0,0.0,0.0,0.0,0.0,0,45
2024-25,27,267,711,Wes Okoduwa,DEF,Wolves,20,9,1,2025-02-25T19:30:00Z,0,0,0,0,0,0,0,0,0.0,0.0,0.0,0.0,0.0,0.0,0.0,0.0,0,40
2024-25,27,262,712,Matai Akinmboni,DEF,Bournemouth,3,5,0,2025-02-25T19:30:00Z,0,0,0,0,0,0,0,0,0.0,0.0,0.0,0.0,0.0,0.0,0.0,0.0,0,40
2024-25,27,262,713,Julio Soler,DEF,Bournemouth,3,5,0,2025-02-25T19:30:00Z,0,0,0,0,0,0,0,0,0.0,0.0,0.0,0.0,0.0,0.0,0.0,0.0,0,39
2024-25,27,262,714,Diego Gómez,MID,Brighton,5,3,1,2025-02-25T19:30:00Z,71,2,0,0,0,1,0,14,12.6,18.2,2.0,3.3,0.03,0.42,0.45,1.1,1,55
2024-25,27,270,715,Ben Godfrey,DEF,Ipswich,10,14,0,2025-02-26T19:30:00Z,0,0,0,0,0,0,0,0,0.0,0.0,0.0,0.0,0.0,0.0,0.0,0.0,0,40
2024-25,27,265,716,Antonín Kinsky,GK,Spurs,18,13,1,2025-02-26T19:30:00Z,0,0,0,0,0,0,0,0,0.0,0.0,0.0,0.0,0.0,0.0,0.0,0.0,0,44
2024-25,27,265,717,Min-Hyeok Yang,MID,Spurs,18,13,1,2025-02-26T19:30:00Z,0,0,0,0,0,0,0,0,0.0,0.0,0.0,0.0,0.0,0.0,0.0,0.0,0,45
2024-25,27,268,718,Welington Damascena Santos,DEF,Southampton,17,6,0,2025-02-25T20:15:00Z,1,1,0,0,0,0,0,3,0.0,0.0,0.0,0.0,0.0,0.0,0.0,0.1,0,40
2024-25,27,268,719,Joachim Kayi-Sanda,DEF,Southampton,17,6,0,2025-02-25T20:15:00Z,0,0,0,0,0,0,0,0,0.0,0.0,0.0,0.0,0.0,0.0,0.0,0.0,0,40
2024-25,27,267,720,Emmanuel Agbadou,DEF,Wolves,20,9,1,2025-02-25T19:30:00Z,0,0,0,0,0,0,0,0,0.0,0.0,0.0,0.0,0.0,0.0,0.0,0.0,0,40
2024-25,27,264,721,Wayne Hennessey,GK,Nott'm Forest,16,1,1,2025-02-26T19:30:00Z,0,0,0,0,0,0,0,0,0.0,0.0,0.0,0.0,0.0,0.0,0.0,0.0,0,40
2024-25,27,262,722,Daniel Adu-Adjei,FWD,Bournemouth,3,5,0,2025-02-25T19:30:00Z,0,0,0,0,0,0,0,0,0.0,0.0,0.0,0.0,0.0,0.0,0.0,0.0,0,45
2024-25,27,262,723,Dominic Sadi,MID,Bournemouth,3,5,0,2025-02-25T19:30:00Z,0,0,0,0,0,0,0,0,0.0,0.0,0.0,0.0,0.0,0.0,0.0,0.0,0,45
2024-25,27,261,724,Martin Sherif,FWD,Everton,8,4,0,2025-02-26T19:30:00Z,0,0,0,0,0,0,0,0,0.0,0.0,0.0,0.0,0.0,0.0,0.0,0.0,0,45
2024-25,27,263,725,Donyell Malen,MID,Aston Villa,2,7,0,2025-02-25T19:30:00Z,0,0,0,0,0,0,0,0,0.0,0.0,0.0,0.0,0.0,0.0,0.0,0.0,0,55
2024-25,27,266,726,Woyo Coulibaly,DEF,Leicester,11,19,0,2025-02-27T20:00:00Z,0,0,0,0,0,0,0,0,0.0,0.0,0.0,0.0,0.0,0.0,0.0,0.0,0,40
2024-25,27,262,727,Callan McKenna,GK,Bournemouth,3,5,0,2025-02-25T19:30:00Z,0,0,0,0,0,0,0,0,0.0,0.0,0.0,0.0,0.0,0.0,0.0,0.0,0,40
2024-25,27,262,728,Zain Silcott-Duberry,MID,Bournemouth,3,5,0,2025-02-25T19:30:00Z,0,0,0,0,0,0,0,0,0.0,0.0,0.0,0.0,0.0,0.0,0.0,0.0,0,45
2024-25,27,265,729,Damola Ajayi,MID,Spurs,18,13,1,2025-02-26T19:30:00Z,0,0,0,0,0,0,0,0,0.0,0.0,0.0,0.0,0.0,0.0,0.0,0.0,0,45
2024-25,27,263,730,Romain Esse,MID,Crystal Palace,7,2,1,2025-02-25T19:30:00Z,0,0,0,0,0,0,0,0,0.0,0.0,0.0,0.0,0.0,0.0,0.0,0.0,0,49
2024-25,27,263,731,Andrés García,DEF,Aston Villa,2,7,0,2025-02-25T19:30:00Z,45,1,0,0,0,1,0,1,8.4,14.6,2.0,2.5,0.0,0.18,0.18,2.19,1,45
2024-25,27,265,732,Abdukodir Khusanov,DEF,Man City,13,18,0,2025-02-26T19:30:00Z,90,6,0,0,1,0,0,25,18.2,10.8,0.0,2.9,0.0,0.01,0.01,1.33,1,50
2024-25,27,265,733,Vitor de Oliveira Nunes dos Reis,DEF,Man City,13,18,0,2025-02-26T19:30:00Z,0,0,0,0,0,0,0,0,0.0,0.0,0.0,0.0,0.0,0.0,0.0,0.0,0,45
2024-25,27,268,734,Albert Grønbæk,MID,Southampton,17,6,0,2025-02-25T20:15:00Z,0,0,0,0,0,0,0,0,0.0,0.0,0.0,0.0,0.0,0.0,0.0,0.0,0,49
2024-25,27,264,735,Mikel Arteta,AM,Arsenal,1,16,0,2025-02-26T19:30:00Z,0,5,0,0,0,0,0,0,0.0,0.0,0.0,0.0,0.0,0.0,0.0,0.0,0,15
2024-25,27,265,736,Pep Guardiola,AM,Man City,13,18,0,2025-02-26T19:30:00Z,0,9,0,0,0,0,0,0,0.0,0.0,0.0,0.0,0.0,0.0,0.0,0.0,0,15
2024-25,27,263,737,Unai Emery,AM,Aston Villa,2,7,0,2025-02-25T19:30:00Z,0,1,0,0,0,0,0,0,0.0,0.0,0.0,0.0,0.0,0.0,0.0,0.0,0,8
2024-25,27,262,738,Andoni Iraola,AM,Bournemouth,3,5,0,2025-02-25T19:30:00Z,0,1,0,0,0,0,0,0,0.0,0.0,0.0,0.0,0.0,0.0,0.0,0.0,0,11
2024-25,27,262,739,Fabian Hürzeler,AM,Brighton,5,3,1,2025-02-25T19:30:00Z,0,8,0,0,0,0,0,0,0.0,0.0,0.0,0.0,0.0,0.0,0.0,0.0,0,11
2024-25,27,268,740,Enzo Maresca,AM,Chelsea,6,17,1,2025-02-25T20:15:00Z,0,12,0,0,0,0,0,0,0.0,0.0,0.0,0.0,0.0,0.0,0.0,0.0,0,15
2024-25,27,263,741,Oliver Glasner,AM,Crystal Palace,7,2,1,2025-02-25T19:30:00Z,0,20,0,0,0,0,0,0,0.0,0.0,0.0,0.0,0.0,0.0,0.0,0.0,0,8
2024-25,27,261,742,David Moyes,AM,Everton,8,4,0,2025-02-26T19:30:00Z,0,4,0,0,0,0,0,0,0.0,0.0,0.0,0.0,0.0,0.0,0.0,0.0,0,5
2024-25,27,270,743,Kieran McKenna,AM,Ipswich,10,14,0,2025-02-26T19:30:00Z,0,2,0,0,0,0,0,0,0.0,0.0,0.0,0.0,0.0,0.0,0.0,0.0,0,5
2024-25,27,269,744,Arne Slot,AM,Liverpool,12,15,1,2025-02-26T20:15:00Z,0,10,0,0,0,0,0,0,0.0,0.0,0.0,0.0,0.0,0.0,0.0,0.0,0,15
2024-25,27,270,745,Ruben Filipe Marques Diogo Amorim,AM,Man Utd,14,10,1,2025-02-26T19:30:00Z,0,9,0,0,0,0,0,0,0.0,0.0,0.0,0.0,0.0,0.0,0.0,0.0,0,8
2024-25,27,269,746,Eddie Howe,AM,Newcastle,15,12,0,2025-02-26T20:15:00Z,0,0,0,0,0,0,0,0,0.0,0.0,0.0,0.0,0.0,0.0,0.0,0.0,0,15
2024-25,27,264,747,Nuno Herlander Simões Espírito Santo,AM,Nott'm Forest,16,1,1,2025-02-26T19:30:00Z,0,5,0,0,0,0,0,0,0.0,0.0,0.0,0.0,0.0,0.0,0.0,0.0,0,11
2024-25,27,268,748,Ivan Juric,AM,Southampton,17,6,0,2025-02-25T20:15:00Z,0,0,0,0,0,0,0,0,0.0,0.0,0.0,0.0,0.0,0.0,0.0,0.0,0,5
2024-25,27,265,749,Ange Postecoglou,AM,Spurs,18,13,1,2025-02-26T19:30:00Z,0,0,0,0,0,0,0,0,0.0,0.0,0.0,0.0,0.0,0.0,0.0,0.0,0,11
2024-25,27,266,750,Graham Potter,AM,West Ham,19,11,1,2025-02-27T20:00:00Z,0,10,0,0,0,0,0,0,0.0,0.0,0.0,0.0,0.0,0.0,0.0,0.0,0,5
2024-25,27,267,751,Vítor Manuel de Oliveira Lopes Pereira,AM,Wolves,20,9,1,2025-02-25T19:30:00Z,0,1,0,0,0,0,0,0,0.0,0.0,0.0,0.0,0.0,0.0,0.0,0.0,0,8
2024-25,27,261,752,Thomas Frank,AM,Brentford,4,8,1,2025-02-26T19:30:00Z,0,4,0,0,0,0,0,0,0.0,0.0,0.0,0.0,0.0,0.0,0.0,0.0,0,8
2024-25,27,267,753,Marco Alexandre Saraiva da Silva,AM,Fulham,9,20,0,2025-02-25T19:30:00Z,0,8,0,0,0,0,0,0,0.0,0.0,0.0,0.0,0.0,0.0,0.0,0.0,0,11
2024-25,27,266,754,Ruud van Nistelrooij,AM,Leicester,11,19,0,2025-02-27T20:00:00Z,0,0,0,0,0,0,0,0,0.0,0.0,0.0,0.0,0.0,0.0,0.0,0.0,0,5
2024-25,27,265,755,Omar Marmoush,FWD,Man City,13,18,0,2025-02-26T19:30:00Z,73,2,0,0,1,0,0,11,6.2,11.1,4.0,2.1,0.05,0.02,0.07,0.83,1,71
2024-25,27,264,756,Jack Porter,GK,Arsenal,1,16,0,2025-02-26T19:30:00Z,0,0,0,0,0,0,0,0,0.0,0.0,0.0,0.0,0.0,0.0,0.0,0.0,0,40
2024-25,27,261,757,Michael Kayode,DEF,Brentford,4,8,1,2025-02-26T19:30:00Z,9,1,0,0,0,0,0,4,2.6,0.4,2.0,0.5,0.0,0.01,0.01,0.51,0,45
2024-25,27,262,758,Joe Knight,MID,Brighton,5,3,1,2025-02-25T19:30:00Z,0,0,0,0,0,0,0,0,0.0,0.0,0.0,0.0,0.0,0.0,0.0,0.0,0,45
2024-25,27,261,759,Julian Eyestone,GK,Brentford,4,8,1,2025-02-26T19:30:00Z,0,0,0,0,0,0,0,0,0.0,0.0,0.0,0.0,0.0,0.0,0.0,0.0,0,40
2024-25,27,265,760,Dante Cassanova,DEF,Spurs,18,13,1,2025-02-26T19:30:00Z,0,0,0,0,0,0,0,0,0.0,0.0,0.0,0.0,0.0,0.0,0.0,0.0,0,40
2024-25,27,270,761,Elyh Harrison,GK,Man Utd,14,10,1,2025-02-26T19:30:00Z,0,0,0,0,0,0,0,0,0.0,0.0,0.0,0.0,0.0,0.0,0.0,0.0,0,40
2024-25,27,263,762,Marco Asensio,MID,Aston Villa,2,7,0,2025-02-25T19:30:00Z,22,1,0,0,0,2,0,2,2.4,14.3,0.0,1.7,0.0,0.01,0.01,1.74,0,60
2024-25,27,262,763,Eiran Cashin,DEF,Brighton,5,3,1,2025-02-25T19:30:00Z,0,0,0,0,0,0,0,0,0.0,0.0,0.0,0.0,0.0,0.0,0.0,0.0,0,45
2024-25,27,270,764,Alex Palmer,GK,Ipswich,10,14,0,2025-02-26T19:30:00Z,90,2,0,0,0,3,0,5,35.4,0.0,0.0,3.5,0.0,0.0,0.0,0.72,1,45
2024-25,27,265,765,Nico González,MID,Man City,13,18,0,2025-02-26T19:30:00Z,73,3,0,0,1,0,0,11,7.2,16.8,2.0,2.6,0.0,0.04,0.04,0.83,1,60
2024-25,27,270,766,Patrick Dorgu,DEF,Man Utd,14,10,1,2025-02-26T19:30:00Z,42,-3,0,0,0,2,0,-16,0.4,3.2,19.0,2.3,0.05,0.0,0.05,1.01,1,45
2024-25,27,265,767,Kevin Danso,DEF,Spurs,18,13,1,2025-02-26T19:30:00Z,90,2,0,0,0,1,0,17,38.8,1.3,34.0,7.4,0.05,0.01,0.06,2.12,1,45
2024-25,27,265,768,Mathys Tel,MID,Spurs,18,13,1,2025-02-26T19:30:00Z,65,2,0,0,0,1,0,5,3.2,0.2,19.0,2.2,0.04,0.0,0.04,2.07,1,60
2024-25,27,267,769,Nasser Djiga,DEF,Wolves,20,9,1,2025-02-25T19:30:00Z,0,0,0,0,0,0,0,0,0.0,0.0,0.0,0.0,0.0,0.0,0.0,0.0,0,45
2024-25,27,267,770,Marshall Munetsi,MID,Wolves,20,9,1,2025-02-25T19:30:00Z,90,2,0,0,0,2,0,5,0.6,11.3,11.0,2.3,0.27,0.0,0.27,1.69,1,50
2024-25,27,268,771,Mathis Amougou,MID,Chelsea,6,17,1,2025-02-25T20:15:00Z,7,1,0,0,0,0,0,2,1.0,0.9,0.0,0.2,0.0,0.0,0.0,0.0,0,45
2024-25,27,267,772,Willian Borges da Silva,MID,Fulham,9,20,0,2025-02-25T19:30:00Z,23,1,0,0,0,0,0,3,2.6,1.9,0.0,0.5,0.0,0.01,0.01,0.15,0,50
2024-25,27,261,773,Isaac Heath,MID,Everton,8,4,0,2025-02-26T19:30:00Z,0,0,0,0,0,0,0,0,0.0,0.0,0.0,0.0,0.0,0.0,0.0,0.0,0,45
2024-25,27,268,774,Aaron Anselmino,DEF,Chelsea,6,17,1,2025-02-25T20:15:00Z,0,0,0,0,0,0,0,0,0.0,0.0,0.0,0.0,0.0,0.0,0.0,0.0,0,40
2024-25,27,261,775,Coby Ebere,MID,Everton,8,4,0,2025-02-26T19:30:00Z,0,0,0,0,0,0,0,0,0.0,0.0,0.0,0.0,0.0,0.0,0.0,0.0,0,45
2024-25,27,270,776,Chido Obi-Martin,FWD,Man Utd,14,10,1,2025-02-26T19:30:00Z,0,0,0,0,0,0,0,0,0.0,0.0,0.0,0.0,0.0,0.0,0.0,0.0,0,45
2024-25,27,270,777,Tyler Fredricson,DEF,Man Utd,14,10,1,2025-02-26T19:30:00Z,0,0,0,0,0,0,0,0,0.0,0.0,0.0,0.0,0.0,0.0,0.0,0.0,0,40
2024-25,27,270,778,Jack Moorhouse,MID,Man Utd,14,10,1,2025-02-26T19:30:00Z,0,0,0,0,0,0,0,0,0.0,0.0,0.0,0.0,0.0,0.0,0.0,0.0,0,45
2024-25,27,270,779,Sékou Koné,MID,Man Utd,14,10,1,2025-02-26T19:30:00Z,0,0,0,0,0,0,0,0,0.0,0.0,0.0,0.0,0.0,0.0,0.0,0.0,0,45
2024-25,27,261,780,Iwan Morgan,FWD,Brentford,4,8,1,2025-02-26T19:30:00Z,0,0,0,0,0,0,0,0,0.0,0.0,0.0,0.0,0.0,0.0,0.0,0.0,0,45
2024-25,27,268,781,Shumaira Mheuka,FWD,Chelsea,6,17,1,2025-02-25T20:15:00Z,1,1,0,0,0,0,0,5,3.0,0.0,17.0,2.0,0.06,0.0,0.06,0.0,0,45
2024-25,27,268,782,Ishé Samuels-Smith,DEF,Chelsea,6,17,1,2025-02-25T20:15:00Z,0,0,0,0,0,0,0,0,0.0,0.0,0.0,0.0,0.0,0.0,0.0,0.0,0,40
2024-25,27,270,783,Hubert Graczyk,GK,Man Utd,14,10,1,2025-02-26T19:30:00Z,0,0,0,0,0,0,0,0,0.0,0.0,0.0,0.0,0.0,0.0,0.0,0.0,0,40
2024-25,27,267,784,Mateus Mané,FWD,Wolves,20,9,1,2025-02-25T19:30:00Z,0,0,0,0,0,0,0,0,0.0,0.0,0.0,0.0,0.0,0.0,0.0,0.0,0,45
