season,gw,fixture,element,name,position,team,team_id,opponent_team,was_home,kickoff_time,minutes,total_points,goals_scored,assists,clean_sheets,goals_conceded,bonus,bps,influence,creativity,threat,ict_index,expected_goals,expected_assists,expected_goal_involvements,expected_goals_conceded,starts,value
2024-25,28,276,1,Fábio Ferreira Vieira,MID,Arsenal,1,14,0,2025-03-09T16:30:00Z,0,0,0,0,0,0,0,0,0.0,0.0,0.0,0.0,0.0,0.0,0.0,0.0,0,54
2024-25,28,276,2,Gabriel Fernando de Jesus,FWD,Arsenal,1,14,0,2025-03-09T16:30:00Z,0,0,0,0,0,0,0,0,0.0,0.0,0.0,0.0,0.0,0.0,0.0,0.0,0,65
2024-25,28,276,3,Gabriel dos Santos Magalhães,DEF,Arsenal,1,14,0,2025-03-09T16:30:00Z,90,2,0,0,0,1,0,13,20.0,14.0,0.0,3.4,0.0,0.03,0.03,1.52,1,63
2024-25,28,276,4,Kai Havertz,FWD,Arsenal,1,14,0,2025-03-09T16:30:00Z,0,0,0,0,0,0,0,0,0.0,0.0,0.0,0.0,0.0,0.0,0.0,0.0,0,77
2024-25,28,276,5,Karl Hein,GK,Arsenal,1,14,0,2025-03-09T16:30:00Z,0,0,0,0,0,0,0,0,0.0,0.0,0.0,0.0,0.0,0.0,0.0,0.0,0,40
2024-25,28,276,6,Jurriën Timber,DEF,Arsenal,1,14,0,2025-03-09T16:30:00Z,90,5,0,1,0,1,0,18,15.2,18.9,12.0,4.6,0.0,0.07,0.07,1.52,1,56
2024-25,28,276,7,Jorge Luiz Frello Filho,MID,Arsenal,1,14,0,2025-03-09T16:30:00Z,0,0,0,0,0,0,0,0,0.0,0.0,0.0,0.0,0.0,0.0,0.0,0.0,0,47
2024-25,28,276,8,Jakub Kiwior,DEF,Arsenal,1,14,0,2025-03-09T16:30:00Z,0,0,0,0,0,0,0,0,0.0,0.0,0.0,0.0,0.0,0.0,0.0,0.0,0,48
2024-25,28,276,9,Gabriel Martinelli Silva,MID,Arsenal,1,14,0,2025-03-09T16:30:00Z,32,1,0,0,0,0,0,-1,3.4,5.3,30.0,3.9,0.37,0.07,0.44,1.25,0,65
2024-25,28,272,10,Reiss Nelson,MID,Fulham,9,5,0,2025-03-08T15:00:00Z,0,0,0,0,0,0,0,0,0.0,0.0,0.0,0.0,0.0,0.0,0.0,0.0,0,50
2024-25,28,274,11,Eddie Nketiah,FWD,Crystal Palace,7,10,1,2025-03-08T15:00:00Z,71,2,0,0,1,0,0,5,9.8,15.4,62.0,8.7,0.63,0.28,0.91,1.16,1,59
2024-25,28,276,12,Ethan Nwaneri,MID,Arsenal,1,14,0,2025-03-09T16:30:00Z,57,1,0,0,0,1,0,-4,1.6,5.1,6.0,1.3,0.0,0.03,0.03,0.27,1,46
2024-25,28,276,13,Martin Ødegaard,MID,Arsenal,1,14,0,2025-03-09T16:30:00Z,90,3,0,0,0,1,1,22,21.2,46.8,41.0,10.9,0.42,0.47,0.89,1.52,1,82
2024-25,28,275,14,Aaron Ramsdale,GK,Southampton,17,12,0,2025-03-08T15:00:00Z,90,2,0,0,0,3,0,4,33.8,0.0,0.0,3.4,0.0,0.0,0.0,4.12,1,44
2024-25,28,276,15,David Raya Martin,GK,Arsenal,1,14,0,2025-03-09T16:30:00Z,90,3,0,0,0,1,0,15,39.8,0.1,0.0,4.0,0.0,0.0,0.0,1.52,1,55
2024-25,28,276,16,Declan Rice,MID,Arsenal,1,14,0,2025-03-09T16:30:00Z,90,10,1,0,0,1,3,34,40.6,16.4,29.0,8.6,0.12,0.3,0.42,1.52,1,62
2024-25,28,276,17,Bukayo Saka,MID,Arsenal,1,14,0,2025-03-09T16:30:00Z,0,0,0,0,0,0,0,0,0.0,0.0,0.0,0.0,0.0,0.0,0.0,0.0,0,102
2024-25,28,276,18,William Saliba,DEF,Arsenal,1,14,0,2025-03-09T16:30:00Z,90,2,0,0,0,1,0,14,21.6,4.2,4.0,3.0,0.0,0.02,0.02,1.52,1,62
2024-25,28,272,19,Emile Smith Rowe,MID,Fulham,9,5,0,2025-03-08T15:00:00Z,81,2,0,0,0,1,0,3,1.6,3.1,5.0,1.0,0.08,0.0,0.08,0.41,1,51
2024-25,28,276,20,Thomas Partey,MID,Arsenal,1,14,0,2025-03-09T16:30:00Z,75,2,0,0,0,1,0,14,14.6,27.0,2.0,4.4,0.02,0.07,0.09,0.91,1,49
2024-25,28,276,21,Kieran Tierney,DEF,Arsenal,1,14,0,2025-03-09T16:30:00Z,14,1,0,0,0,0,0,5,4.2,15.1,0.0,1.9,0.0,0.03,0.03,0.61,0,43
2024-25,28,276,22,Tomiyasu Takehiro,DEF,Arsenal,1,14,0,2025-03-09T16:30:00Z,0,0,0,0,0,0,0,0,0.0,0.0,0.0,0.0,0.0,0.0,0.0,0.0,0,48
2024-25,28,276,23,Leandro Trossard,MID,Arsenal,1,14,0,2025-03-09T16:30:00Z,90,1,0,0,0,1,0,7,4.8,26.6,32.0,6.3,0.64,0.09,0.73,1.52,1,68
2024-25,28,276,24,Benjamin White,DEF,Arsenal,1,14,0,2025-03-09T16:30:00Z,0,0,0,0,0,0,0,0,0.0,0.0,0.0,0.0,0.0,0.0,0.0,0.0,0,61
2024-25,28,276,25,Oleksandr Zinchenko,DEF,Arsenal,1,14,0,2025-03-09T16:30:00Z,0,0,0,0,0,0,0,0,0.0,0.0,0.0,0.0,0.0,0.0,0.0,0.0,0,48
2024-25,28,277,26,Álex Moreno Lopera,DEF,Nott'm Forest,16,13,1,2025-03-08T12:30:00Z,0,0,0,0,0,0,0,0,0.0,0.0,0.0,0.0,0.0,0.0,0.0,0.0,0,42
2024-25,28,275,27,Cameron Archer,FWD,Southampton,17,12,0,2025-03-08T15:00:00Z,26,1,0,0,0,1,0,3,2.0,1.0,17.0,2.0,0.08,0.01,0.09,1.21,0,49
2024-25,28,271,28,Leon Bailey,MID,Aston Villa,2,4,0,2025-03-08T17:30:00Z,45,1,0,0,0,0,0,3,0.0,1.6,7.0,0.7,0.12,0.04,0.16,0.12,1,62
2024-25,28,271,29,Ross Barkley,MID,Aston Villa,2,4,0,2025-03-08T17:30:00Z,0,0,0,0,0,0,0,0,0.0,0.0,0.0,0.0,0.0,0.0,0.0,0.0,0,52
2024-25,28,271,30,Enzo Barrenechea,MID,Aston Villa,2,4,0,2025-03-08T17:30:00Z,0,0,0,0,0,0,0,0,0.0,0.0,0.0,0.0,0.0,0.0,0.0,0.0,0,49
2024-25,28,271,31,Emiliano Buendía Stati,MID,Aston Villa,2,4,0,2025-03-08T17:30:00Z,0,0,0,0,0,0,0,0,0.0,0.0,0.0,0.0,0.0,0.0,0.0,0.0,0,51
2024-25,28,271,32,Matty Cash,DEF,Aston Villa,2,4,0,2025-03-08T17:30:00Z,45,0,0,0,0,0,0,1,4.2,1.2,0.0,0.5,0.0,0.02,0.02,0.72,0,44
2024-25,28,271,33,Leander Dendoncker,MID,Aston Villa,2,4,0,2025-03-08T17:30:00Z,0,0,0,0,0,0,0,0,0.0,0.0,0.0,0.0,0.0,0.0,0.0,0.0,0,45
2024-25,28,271,34,Moussa Diaby,MID,Aston Villa,2,4,0,2025-03-08T17:30:00Z,0,0,0,0,0,0,0,0,0.0,0.0,0.0,0.0,0.0,0.0,0.0,0.0,0,65
2024-25,28,271,35,Diego Carlos Santos Silva,DEF,Aston Villa,2,4,0,2025-03-08T17:30:00Z,0,0,0,0,0,0,0,0,0.0,0.0,0.0,0.0,0.0,0.0,0.0,0.0,0,45
2024-25,28,271,36,Lucas Digne,DEF,Aston Villa,2,4,0,2025-03-08T17:30:00Z,90,6,0,0,1,0,0,20,20.0,16.2,0.0,3.6,0.0,0.04,0.04,0.83,1,45
2024-25,28,271,37,Lewis Dobbin,MID,Aston Villa,2,4,0,2025-03-08T17:30:00Z,0,0,0,0,0,0,0,0,0.0,0.0,0.0,0.0,0.0,0.0,0.0,0.0,0,50
2024-25,28,271,38,Jhon Durán,FWD,Aston Villa,2,4,0,2025-03-08T17:30:00Z,0,0,0,0,0,0,0,0,0.0,0.0,0.0,0.0,0.0,0.0,0.0,0.0,0,57
2024-25,28,271,39,Joe Gauci,GK,Aston Villa,2,4,0,2025-03-08T17:30:00Z,0,0,0,0,0,0,0,0,0.0,0.0,0.0,0.0,0.0,0.0,0.0,0.0,0,40
2024-25,28,271,40,Kortney Hause,DEF,Aston Villa,2,4,0,2025-03-08T17:30:00Z,0,0,0,0,0,0,0,0,0.0,0.0,0.0,0.0,0.0,0.0,0.0,0.0,0,39
2024-25,28,271,41,Samuel Iling-Junior,MID,Aston Villa,2,4,0,2025-03-08T17:30:00Z,0,0,0,0,0,0,0,0,0.0,0.0,0.0,0.0,0.0,0.0,0.0,0.0,0,54
2024-25,28,271,42,Boubacar Kamara,MID,Aston Villa,2,4,0,2025-03-08T17:30:00Z,29,1,0,0,0,0,0,6,7.4,4.1,0.0,1.2,0.0,0.0,0.0,0.52,0,50
2024-25,28,271,43,Kaine Kesler-Hayden,DEF,Aston Villa,2,4,0,2025-03-08T17:30:00Z,0,0,0,0,0,0,0,0,0.0,0.0,0.0,0.0,0.0,0.0,0.0,0.0,0,40
2024-25,28,271,44,Ezri Konsa Ngoyo,DEF,Aston Villa,2,4,0,2025-03-08T17:30:00Z,90,7,0,0,1,0,1,29,12.0,0.6,0.0,1.3,0.0,0.0,0.0,0.83,1,44
2024-25,28,271,45,Ian Maatsen,DEF,Aston Villa,2,4,0,2025-03-08T17:30:00Z,0,0,0,0,0,0,0,0,0.0,0.0,0.0,0.0,0.0,0.0,0.0,0.0,0,45
2024-25,28,271,46,Filip Marschall,GK,Aston Villa,2,4,0,2025-03-08T17:30:00Z,0,0,0,0,0,0,0,0,0.0,0.0,0.0,0.0,0.0,0.0,0.0,0.0,0,40
2024-25,28,271,47,Emiliano Martínez Romero,GK,Aston Villa,2,4,0,2025-03-08T17:30:00Z,0,0,0,0,0,0,0,0,0.0,0.0,0.0,0.0,0.0,0.0,0.0,0.0,0,50
2024-25,28,271,48,John McGinn,MID,Aston Villa,2,4,0,2025-03-08T17:30:00Z,60,2,0,0,1,0,0,0,0.0,2.8,0.0,0.0,0.0,0.03,0.03,0.32,1,52
2024-25,28,271,49,Tyrone Mings,DEF,Aston Villa,2,4,0,2025-03-08T17:30:00Z,90,8,0,0,1,0,2,30,28.6,2.0,17.0,4.8,0.32,0.01,0.33,0.83,1,44
2024-25,28,271,50,Kosta Nedeljković,DEF,Aston Villa,2,4,0,2025-03-08T17:30:00Z,0,0,0,0,0,0,0,0,0.0,0.0,0.0,0.0,0.0,0.0,0.0,0.0,0,39
2024-25,28,271,51,Robin Olsen,GK,Aston Villa,2,4,0,2025-03-08T17:30:00Z,90,7,0,0,1,0,0,27,17.0,0.0,0.0,1.7,0.0,0.0,0.0,0.83,1,45
2024-25,28,271,52,Pau Torres,DEF,Aston Villa,2,4,0,2025-03-08T17:30:00Z,0,0,0,0,0,0,0,0,0.0,0.0,0.0,0.0,0.0,0.0,0.0,0.0,0,42
2024-25,28,271,53,Jacob Ramsey,MID,Aston Villa,2,4,0,2025-03-08T17:30:00Z,67,6,0,1,1,0,0,16,17.2,16.4,15.0,4.9,0.11,0.07,0.18,0.32,1,54
2024-25,28,271,54,Morgan Rogers,MID,Aston Villa,2,4,0,2025-03-08T17:30:00Z,90,3,0,0,1,0,0,13,6.6,22.6,5.0,3.4,0.08,0.02,0.1,0.83,1,56
2024-25,28,271,55,Viljami Sinisalo,GK,Aston Villa,2,4,0,2025-03-08T17:30:00Z,0,0,0,0,0,0,0,0,0.0,0.0,0.0,0.0,0.0,0.0,0.0,0.0,0,40
2024-25,28,271,56,Lino da Cruz Sousa,DEF,Aston Villa,2,4,0,2025-03-08T17:30:00Z,0,0,0,0,0,0,0,0,0.0,0.0,0.0,0.0,0.0,0.0,0.0,0.0,0,40
2024-25,28,271,57,Youri Tielemans,MID,Aston Villa,2,4,0,2025-03-08T17:30:00Z,90,3,0,0,1,0,0,23,39.8,27.8,21.0,8.9,0.15,0.15,0.3,0.83,1,55
2024-25,28,271,58,Ollie Watkins,FWD,Aston Villa,2,4,0,2025-03-08T17:30:00Z,90,9,1,0,1,0,3,31,37.8,2.8,49.0,9.0,0.56,0.01,0.57,0.83,1,89
2024-25,28,278,59,Max Aarons,DEF,Bournemouth,3,18,0,2025-03-09T14:00:00Z,0,0,0,0,0,0,0,0,0.0,0.0,0.0,0.0,0.0,0.0,0.0,0.0,0,43
2024-25,28,278,60,Tyler Adams,MID,Bournemouth,3,18,0,2025-03-09T14:00:00Z,90,2,0,0,0,2,0,12,16.6,2.1,2.0,2.1,0.08,0.02,0.1,1.53,1,49
2024-25,28,278,61,Jaidon Anthony,MID,Bournemouth,3,18,0,2025-03-09T14:00:00Z,0,0,0,0,0,0,0,0,0.0,0.0,0.0,0.0,0.0,0.0,0.0,0.0,0,45
2024-25,28,278,62,David Brooks,MID,Bournemouth,3,18,0,2025-03-09T14:00:00Z,9,1,0,0,0,1,0,3,0.6,0.3,0.0,0.1,0.0,0.0,0.0,0.83,0,49
2024-25,28,278,63,Ryan Christie,MID,Bournemouth,3,18,0,2025-03-09T14:00:00Z,70,2,0,0,0,1,0,25,20.6,29.6,0.0,5.0,0.0,0.14,0.14,0.7,1,49
2024-25,28,278,64,Lewis Cook,MID,Bournemouth,3,18,0,2025-03-09T14:00:00Z,90,2,0,0,0,2,0,16,19.2,5.0,0.0,2.4,0.0,0.03,0.03,1.53,1,50
2024-25,28,278,65,Enes Ünal,FWD,Bournemouth,3,18,0,2025-03-09T14:00:00Z,0,0,0,0,0,0,0,0,0.0,0.0,0.0,0.0,0.0,0.0,0.0,0.0,0,54
2024-25,28,278,66,Romain Faivre,MID,Bournemouth,3,18,0,2025-03-09T14:00:00Z,0,0,0,0,0,0,0,0,0.0,0.0,0.0,0.0,0.0,0.0,0.0,0.0,0,50
2024-25,28,278,67,Hamed Traorè,MID,Bournemouth,3,18,0,2025-03-09T14:00:00Z,0,0,0,0,0,0,0,0,0.0,0.0,0.0,0.0,0.0,0.0,0.0,0.0,0,45
2024-25,28,278,68,James Hill,DEF,Bournemouth,3,18,0,2025-03-09T14:00:00Z,90,1,0,0,0,2,0,4,21.8,0.8,6.0,2.9,0.05,0.0,0.05,1.53,1,39
2024-25,28,278,69,Daniel Jebbison,FWD,Bournemouth,3,18,0,2025-03-09T14:00:00Z,0,0,0,0,0,0,0,0,0.0,0.0,0.0,0.0,0.0,0.0,0.0,0.0,0,45
2024-25,28,278,70,Milos Kerkez,DEF,Bournemouth,3,18,0,2025-03-09T14:00:00Z,90,4,0,1,0,2,0,23,35.4,15.8,19.0,7.0,0.02,0.07,0.09,1.53,1,51
2024-25,28,278,71,Justin Kluivert,MID,Bournemouth,3,18,0,2025-03-09T14:00:00Z,90,5,0,1,0,2,0,17,15.6,18.3,23.0,5.7,0.37,0.33,0.7,1.53,1,61
2024-25,28,278,72,Chris Mepham,DEF,Bournemouth,3,18,0,2025-03-09T14:00:00Z,0,0,0,0,0,0,0,0,0.0,0.0,0.0,0.0,0.0,0.0,0.0,0.0,0,44
2024-25,28,276,73,Norberto Murara Neto,GK,Arsenal,1,14,0,2025-03-09T16:30:00Z,0,0,0,0,0,0,0,0,0.0,0.0,0.0,0.0,0.0,0.0,0.0,0.0,0,41
2024-25,28,278,74,Dango Ouattara,MID,Bournemouth,3,18,0,2025-03-09T14:00:00Z,19,1,0,0,0,1,0,3,4.6,0.4,11.0,1.6,0.05,0.0,0.05,0.83,0,52
2024-25,28,278,75,Alex Paulsen,GK,Bournemouth,3,18,0,2025-03-09T14:00:00Z,0,0,0,0,0,0,0,0,0.0,0.0,0.0,0.0,0.0,0.0,0.0,0.0,0,40
2024-25,28,278,76,Philip Billing,MID,Bournemouth,3,18,0,2025-03-09T14:00:00Z,0,0,0,0,0,0,0,0,0.0,0.0,0.0,0.0,0.0,0.0,0.0,0.0,0,48
2024-25,28,278,77,Alex Scott,MID,Bournemouth,3,18,0,2025-03-09T14:00:00Z,19,1,0,0,0,1,0,3,4.0,1.1,17.0,2.2,0.07,0.01,0.08,0.83,0,47
2024-25,28,278,78,Antoine Semenyo,MID,Bournemouth,3,18,0,2025-03-09T14:00:00Z,89,1,0,0,0,2,0,-1,1.4,12.3,12.0,2.6,0.09,0.05,0.14,1.49,1,57
2024-25,28,278,79,Marcos Senesi,DEF,Bournemouth,3,18,0,2025-03-09T14:00:00Z,0,0,0,0,0,0,0,0,0.0,0.0,0.0,0.0,0.0,0.0,0.0,0.0,0,46
2024-25,28,278,80,Luis Sinisterra,MID,Bournemouth,3,18,0,2025-03-09T14:00:00Z,1,1,0,0,0,0,0,2,2.4,0.3,4.0,0.7,0.0,0.01,0.01,0.04,0,48
2024-25,28,278,81,Adam Smith,DEF,Bournemouth,3,18,0,2025-03-09T14:00:00Z,0,0,0,0,0,0,0,0,0.0,0.0,0.0,0.0,0.0,0.0,0.0,0.0,0,44
2024-25,28,278,82,Dominic Solanke-Mitchell,FWD,Spurs,18,3,1,2025-03-09T14:00:00Z,90,2,0,0,0,2,0,5,6.6,13.4,27.0,4.7,0.12,0.01,0.13,2.2,1,73
2024-25,28,278,83,Marcus Tavernier,MID,Bournemouth,3,18,0,2025-03-09T14:00:00Z,80,7,1,0,0,1,1,31,57.0,41.6,38.0,13.7,0.45,0.19,0.64,0.7,1,54
2024-25,28,278,84,Mark Travers,GK,Bournemouth,3,18,0,2025-03-09T14:00:00Z,0,0,0,0,0,0,0,0,0.0,0.0,0.0,0.0,0.0,0.0,0.0,0.0,0,44
2024-25,28,278,85,Illia Zabarnyi,DEF,Bournemouth,3,18,0,2025-03-09T14:00:00Z,0,0,0,0,0,0,0,0,0.0,0.0,0.0,0.0,0.0,0.0,0.0,0.0,0,44
2024-25,28,271,86,Kristoffer Ajer,DEF,Brentford,4,2,1,2025-03-08T17:30:00Z,90,1,0,0,0,1,0,3,7.4,1.7,13.0,2.2,0.08,0.0,0.08,1.33,1,44
2024-25,28,271,87,Ethan Brierley,MID,Brentford,4,2,1,2025-03-08T17:30:00Z,0,0,0,0,0,0,0,0,0.0,0.0,0.0,0.0,0.0,0.0,0.0,0.0,0,44
2024-25,28,271,88,Nathan Collins,DEF,Brentford,4,2,1,2025-03-08T17:30:00Z,90,1,0,0,0,1,0,13,37.4,1.8,4.0,4.3,0.03,0.01,0.04,1.33,1,45
2024-25,28,271,89,Mikkel Damsgaard,MID,Brentford,4,2,1,2025-03-08T17:30:00Z,90,2,0,0,0,1,0,13,15.0,42.8,2.0,6.0,0.0,0.08,0.08,1.33,1,51
2024-25,28,271,90,Josh Dasilva,MID,Brentford,4,2,1,2025-03-08T17:30:00Z,0,0,0,0,0,0,0,0,0.0,0.0,0.0,0.0,0.0,0.0,0.0,0.0,0,48
2024-25,28,271,91,Mark Flekken,GK,Brentford,4,2,1,2025-03-08T17:30:00Z,90,3,0,0,0,1,0,14,29.6,0.1,0.0,3.0,0.0,0.0,0.0,1.33,1,44
2024-25,28,271,92,Rico Henry,DEF,Brentford,4,2,1,2025-03-08T17:30:00Z,0,0,0,0,0,0,0,0,0.0,0.0,0.0,0.0,0.0,0.0,0.0,0.0,0,43
2024-25,28,271,93,Aaron Hickey,DEF,Brentford,4,2,1,2025-03-08T17:30:00Z,0,0,0,0,0,0,0,0,0.0,0.0,0.0,0.0,0.0,0.0,0.0,0.0,0,43
2024-25,28,271,94,Vitaly Janelt,MID,Brentford,4,2,1,2025-03-08T17:30:00Z,74,2,0,0,0,1,0,10,1.2,4.3,4.0,1.0,0.0,0.06,0.06,0.83,1,49
2024-25,28,271,95,Mathias Jensen,MID,Brentford,4,2,1,2025-03-08T17:30:00Z,15,1,0,0,0,0,0,4,10.0,2.8,0.0,1.3,0.0,0.02,0.02,0.49,0,53
2024-25,28,271,96,Kim Ji-soo,DEF,Brentford,4,2,1,2025-03-08T17:30:00Z,1,1,0,0,0,0,0,3,0.2,0.0,0.0,0.0,0.0,0.0,0.0,0.0,0,39
2024-25,28,271,97,Yunus Emre Konak,MID,Brentford,4,2,1,2025-03-08T17:30:00Z,0,0,0,0,0,0,0,0,0.0,0.0,0.0,0.0,0.0,0.0,0.0,0.0,0,44
2024-25,28,271,98,Keane Lewis-Potter,MID,Brentford,4,2,1,2025-03-08T17:30:00Z,90,2,0,0,0,1,0,16,22.0,7.2,16.0,4.5,0.05,0.03,0.08,1.33,1,50
2024-25,28,271,99,Bryan Mbeumo,MID,Brentford,4,2,1,2025-03-08T17:30:00Z,90,2,0,0,0,1,0,15,13.0,13.8,14.0,4.1,0.05,0.08,0.13,1.33,1,81
2024-25,28,271,100,Ben Mee,DEF,Brentford,4,2,1,2025-03-08T17:30:00Z,0,0,0,0,0,0,0,0,0.0,0.0,0.0,0.0,0.0,0.0,0.0,0.0,0,42
2024-25,28,271,101,Christian Nørgaard,MID,Brentford,4,2,1,2025-03-08T17:30:00Z,90,2,0,0,0,1,0,17,20.4,28.5,12.0,6.1,0.19,0.08,0.27,1.33,1,48
2024-25,28,271,102,Frank Onyeka,MID,Brentford,4,2,1,2025-03-08T17:30:00Z,0,0,0,0,0,0,0,0,0.0,0.0,0.0,0.0,0.0,0.0,0.0,0.0,0,49
2024-25,28,271,103,Myles Peart-Harris,MID,Brentford,4,2,1,2025-03-08T17:30:00Z,0,0,0,0,0,0,0,0,0.0,0.0,0.0,0.0,0.0,0.0,0.0,0.0,0,45
2024-25,28,271,104,Ethan Pinnock,DEF,Brentford,4,2,1,2025-03-08T17:30:00Z,90,2,0,0,0,1,0,11,17.0,1.2,0.0,1.8,0.0,0.01,0.01,1.33,1,44
2024-25,28,271,105,Mads Roerslev Rasmussen,DEF,Brentford,4,2,1,2025-03-08T17:30:00Z,0,0,0,0,0,0,0,0,0.0,0.0,0.0,0.0,0.0,0.0,0.0,0.0,0,43
2024-25,28,271,106,Kevin Schade,MID,Brentford,4,2,1,2025-03-08T17:30:00Z,90,2,0,0,0,1,0,6,17.4,13.0,29.0,5.9,0.15,0.04,0.19,1.33,1,51
2024-25,28,271,107,Igor Thiago Nascimento Rodrigues,FWD,Brentford,4,2,1,2025-03-08T17:30:00Z,0,0,0,0,0,0,0,0,0.0,0.0,0.0,0.0,0.0,0.0,0.0,0.0,0,59
2024-25,28,271,108,Ivan Toney,FWD,Brentford,4,2,1,2025-03-08T17:30:00Z,0,0,0,0,0,0,0,0,0.0,0.0,0.0,0.0,0.0,0.0,0.0,0.0,0,73
2024-25,28,271,109,Hákon Valdimarsson,GK,Brentford,4,2,1,2025-03-08T17:30:00Z,0,0,0,0,0,0,0,0,0.0,0.0,0.0,0.0,0.0,0.0,0.0,0.0,0,39
2024-25,28,271,110,Yoane Wissa,FWD,Brentford,4,2,1,2025-03-08T17:30:00Z,90,2,0,0,0,1,0,9,8.6,32.8,34.0,7.5,0.3,0.09,0.39,1.33,1,65
2024-25,28,271,111,Yehor Yarmoliuk,MID,Brentford,4,2,1,2025-03-08T17:30:00Z,0,0,0,0,0,0,0,0,0.0,0.0,0.0,0.0,0.0,0.0,0.0,0.0,0,44
2024-25,28,271,112,Mathias Jorgensen,DEF,Brentford,4,2,1,2025-03-08T17:30:00Z,0,0,0,0,0,0,0,0,0.0,0.0,0.0,0.0,0.0,0.0,0.0,0.0,0,45
2024-25,28,272,113,Simon Adingra,MID,Brighton,5,9,1,2025-03-08T15:00:00Z,4,1,0,0,0,0,0,1,0.2,2.0,0.0,0.2,0.0,0.01,0.01,0.06,0,51
2024-25,28,272,114,Benicio Baker-Boaitey,MID,Brighton,5,9,1,2025-03-08T15:00:00Z,0,0,0,0,0,0,0,0,0.0,0.0,0.0,0.0,0.0,0.0,0.0,0.0,0,45
2024-25,28,272,115,Carlos Baleba,MID,Brighton,5,9,1,2025-03-08T15:00:00Z,85,2,0,0,0,1,0,12,7.0,4.3,0.0,1.1,0.0,0.11,0.11,0.84,1,50
2024-25,28,272,116,Valentín Barco,DEF,Brighton,5,9,1,2025-03-08T15:00:00Z,0,0,0,0,0,0,0,0,0.0,0.0,0.0,0.0,0.0,0.0,0.0,0.0,0,40
2024-25,28,273,117,Facundo Buonanotte,MID,Leicester,11,6,0,2025-03-09T14:00:00Z,17,1,0,0,0,0,0,0,3.4,4.2,0.0,0.8,0.0,0.01,0.01,0.25,0,46
2024-25,28,272,118,Amario Cozier-Duberry,MID,Brighton,5,9,1,2025-03-08T15:00:00Z,0,0,0,0,0,0,0,0,0.0,0.0,0.0,0.0,0.0,0.0,0.0,0.0,0,45
2024-25,28,272,119,Mahmoud Dahoud,MID,Brighton,5,9,1,2025-03-08T15:00:00Z,0,0,0,0,0,0,0,0,0.0,0.0,0.0,0.0,0.0,0.0,0.0,0.0,0,49
2024-25,28,272,120,Lewis Dunk,DEF,Brighton,5,9,1,2025-03-08T15:00:00Z,0,0,0,0,0,0,0,0,0.0,0.0,0.0,0.0,0.0,0.0,0.0,0.0,0,42
2024-25,28,274,121,Julio Enciso,MID,Ipswich,10,7,0,2025-03-08T15:00:00Z,74,2,0,0,1,0,0,9,17.6,38.3,30.0,8.6,0.12,0.05,0.17,2.38,1,54
2024-25,28,272,122,Pervis Estupiñán,DEF,Brighton,5,9,1,2025-03-08T15:00:00Z,90,2,0,0,0,1,0,13,14.0,4.9,6.0,2.5,0.0,0.02,0.02,0.9,1,49
2024-25,28,279,123,Evan Ferguson,FWD,West Ham,19,15,1,2025-03-10T20:00:00Z,21,1,0,0,0,0,0,5,2.0,15.5,6.0,2.4,0.02,0.02,0.04,0.0,0,55
2024-25,28,272,124,Billy Gilmour,MID,Brighton,5,9,1,2025-03-08T15:00:00Z,0,0,0,0,0,0,0,0,0.0,0.0,0.0,0.0,0.0,0.0,0.0,0.0,0,50
2024-25,28,272,125,Pascal Groß,MID,Brighton,5,9,1,2025-03-08T15:00:00Z,0,0,0,0,0,0,0,0,0.0,0.0,0.0,0.0,0.0,0.0,0.0,0.0,0,65
2024-25,28,272,126,Jack Hinshelwood,MID,Brighton,5,9,1,2025-03-08T15:00:00Z,90,2,0,0,0,1,0,16,12.0,3.8,2.0,1.8,0.0,0.03,0.03,0.9,1,49
2024-25,28,272,127,Ibrahim Osman,MID,Brighton,5,9,1,2025-03-08T15:00:00Z,0,0,0,0,0,0,0,0,0.0,0.0,0.0,0.0,0.0,0.0,0.0,0.0,0,50
2024-25,28,272,128,Igor Julio dos Santos de Paulo,DEF,Brighton,5,9,1,2025-03-08T15:00:00Z,0,0,0,0,0,0,0,0,0.0,0.0,0.0,0.0,0.0,0.0,0.0,0.0,0,43
2024-25,28,272,129,João Pedro Junqueira de Jesus,FWD,Brighton,5,9,1,2025-03-08T15:00:00Z,90,9,1,0,0,1,3,37,41.8,17.8,53.0,11.3,1.12,0.26,1.38,0.9,1,55
2024-25,28,272,130,Kacper Kozłowski,MID,Brighton,5,9,1,2025-03-08T15:00:00Z,0,0,0,0,0,0,0,0,0.0,0.0,0.0,0.0,0.0,0.0,0.0,0.0,0,45
2024-25,28,272,131,Tariq Lamptey,DEF,Brighton,5,9,1,2025-03-08T15:00:00Z,0,0,0,0,0,0,0,0,0.0,0.0,0.0,0.0,0.0,0.0,0.0,0.0,0,44
2024-25,28,272,132,Solly March,MID,Brighton,5,9,1,2025-03-08T15:00:00Z,13,1,0,0,0,0,0,4,2.2,0.5,2.0,0.5,0.0,0.0,0.0,0.21,0,65
2024-25,28,272,133,Adrian Mazilu,MID,Brighton,5,9,1,2025-03-08T15:00:00Z,0,0,0,0,0,0,0,0,0.0,0.0,0.0,0.0,0.0,0.0,0.0,0.0,0,45
2024-25,28,272,134,James Milner,MID,Brighton,5,9,1,2025-03-08T15:00:00Z,0,0,0,0,0,0,0,0,0.0,0.0,0.0,0.0,0.0,0.0,0.0,0.0,0,50
2024-25,28,272,135,Yankuba Minteh,MID,Brighton,5,9,1,2025-03-08T15:00:00Z,76,2,0,0,0,1,0,17,20.2,15.8,25.0,6.1,0.03,0.06,0.09,0.69,1,50
2024-25,28,272,136,Mitoma Kaoru,MID,Brighton,5,9,1,2025-03-08T15:00:00Z,85,2,0,0,0,1,0,2,2.2,4.3,6.0,1.3,0.0,0.05,0.05,0.84,1,65
2024-25,28,272,137,Jakub Moder,MID,Brighton,5,9,1,2025-03-08T15:00:00Z,0,0,0,0,0,0,0,0,0.0,0.0,0.0,0.0,0.0,0.0,0.0,0.0,0,44
2024-25,28,272,138,Mark O’Mahony,FWD,Brighton,5,9,1,2025-03-08T15:00:00Z,0,0,0,0,0,0,0,0,0.0,0.0,0.0,0.0,0.0,0.0,0.0,0.0,0,45
2024-25,28,272,139,Odeluga Offiah,DEF,Brighton,5,9,1,2025-03-08T15:00:00Z,0,0,0,0,0,0,0,0,0.0,0.0,0.0,0.0,0.0,0.0,0.0,0.0,0,40
2024-25,28,272,140,Cameron Peupion,MID,Brighton,5,9,1,2025-03-08T15:00:00Z,0,0,0,0,0,0,0,0,0.0,0.0,0.0,0.0,0.0,0.0,0.0,0.0,0,44
2024-25,28,272,141,Jeremy Sarmiento Morante,MID,Brighton,5,9,1,2025-03-08T15:00:00Z,0,0,0,0,0,0,0,0,0.0,0.0,0.0,0.0,0.0,0.0,0.0,0.0,0,49
2024-25,28,272,142,Jason Steele,GK,Brighton,5,9,1,2025-03-08T15:00:00Z,0,0,0,0,0,0,0,0,0.0,0.0,0.0,0.0,0.0,0.0,0.0,0.0,0,41
2024-25,28,272,143,Deniz Undav,FWD,Brighton,5,9,1,2025-03-08T15:00:00Z,0,0,0,0,0,0,0,0,0.0,0.0,0.0,0.0,0.0,0.0,0.0,0.0,0,55
2024-25,28,272,144,Jan Paul van Hecke,DEF,Brighton,5,9,1,2025-03-08T15:00:00Z,90,9,1,0,0,1,1,26,64.2,2.3,18.0,8.5,0.13,0.03,0.16,0.9,1,45
2024-25,28,272,145,Joël Veltman,DEF,Brighton,5,9,1,2025-03-08T15:00:00Z,0,0,0,0,0,0,0,0,0.0,0.0,0.0,0.0,0.0,0.0,0.0,0.0,0,44
2024-25,28,272,146,Bart Verbruggen,GK,Brighton,5,9,1,2025-03-08T15:00:00Z,90,2,0,0,0,1,0,4,4.8,0.0,0.0,0.5,0.0,0.0,0.0,0.9,1,45
2024-25,28,272,147,Adam Webster,DEF,Brighton,5,9,1,2025-03-08T15:00:00Z,90,2,0,0,0,1,0,12,19.8,13.2,2.0,3.5,0.0,0.03,0.03,0.9,1,43
2024-25,28,272,148,Danny Welbeck,FWD,Brighton,5,9,1,2025-03-08T15:00:00Z,13,1,0,0,0,0,0,-1,0.6,11.2,8.0,2.0,0.21,0.18,0.39,0.21,0,55
2024-25,28,272,149,Mats Wieffer,MID,Brighton,5,9,1,2025-03-08T15:00:00Z,4,1,0,0,0,0,0,3,5.8,1.7,0.0,0.8,0.0,0.01,0.01,0.06,0,47
2024-25,28,273,150,Andrey Nascimento dos Santos,MID,Chelsea,6,11,1,2025-03-09T14:00:00Z,0,0,0,0,0,0,0,0,0.0,0.0,0.0,0.0,0.0,0.0,0.0,0.0,0,45
2024-25,28,273,151,Ângelo Gabriel Borges Damaceno,MID,Chelsea,6,11,1,2025-03-09T14:00:00Z,0,0,0,0,0,0,0,0,0.0,0.0,0.0,0.0,0.0,0.0,0.0,0.0,0,45
2024-25,28,278,152,Kepa Arrizabalaga,GK,Bournemouth,3,18,0,2025-03-09T14:00:00Z,90,1,0,0,0,2,0,0,13.2,0.0,0.0,1.3,0.0,0.0,0.0,1.53,1,46
2024-25,28,273,153,Benoît Badiashile,DEF,Chelsea,6,11,1,2025-03-09T14:00:00Z,0,0,0,0,0,0,0,0,0.0,0.0,0.0,0.0,0.0,0.0,0.0,0.0,0,42
2024-25,28,273,154,Lucas Bergström,GK,Chelsea,6,11,1,2025-03-09T14:00:00Z,0,0,0,0,0,0,0,0,0.0,0.0,0.0,0.0,0.0,0.0,0.0,0.0,0,39
2024-25,28,273,155,Marcus Bettinelli,GK,Chelsea,6,11,1,2025-03-09T14:00:00Z,0,0,0,0,0,0,0,0,0.0,0.0,0.0,0.0,0.0,0.0,0.0,0.0,0,39
2024-25,28,280,156,Armando Broja,FWD,Everton,8,20,0,2025-03-08T20:00:00Z,0,0,0,0,0,0,0,0,0.0,0.0,0.0,0.0,0.0,0.0,0.0,0.0,0,53
2024-25,28,273,157,Moisés Caicedo Corozo,MID,Chelsea,6,11,1,2025-03-09T14:00:00Z,90,4,0,0,1,0,1,27,22.4,18.9,7.0,4.8,0.05,0.41,0.46,0.1,1,49
2024-25,28,273,158,Cesare Casadei,MID,Chelsea,6,11,1,2025-03-09T14:00:00Z,0,0,0,0,0,0,0,0,0.0,0.0,0.0,0.0,0.0,0.0,0.0,0.0,0,44
2024-25,28,273,159,Trevoh Chalobah,DEF,Chelsea,6,11,1,2025-03-09T14:00:00Z,17,1,0,0,0,0,0,2,0.2,0.1,0.0,0.0,0.0,0.0,0.0,0.04,0,44
2024-25,28,274,160,Ben Chilwell,DEF,Crystal Palace,7,10,1,2025-03-08T15:00:00Z,18,0,0,0,0,0,0,1,2.4,10.5,0.0,1.3,0.0,0.01,0.01,0.32,0,46
2024-25,28,273,161,Carney Chukwuemeka,MID,Chelsea,6,11,1,2025-03-09T14:00:00Z,0,0,0,0,0,0,0,0,0.0,0.0,0.0,0.0,0.0,0.0,0.0,0.0,0,47
2024-25,28,273,162,Levi Colwill,DEF,Chelsea,6,11,1,2025-03-09T14:00:00Z,90,6,0,0,1,0,0,24,13.2,14.5,6.0,3.4,0.02,0.05,0.07,0.1,1,44
2024-25,28,273,163,Marc Cucurella Saseta,DEF,Chelsea,6,11,1,2025-03-09T14:00:00Z,90,15,1,0,1,0,3,46,49.4,7.8,18.0,7.5,0.09,0.09,0.18,0.1,1,52
2024-25,28,273,164,David Datro Fofana,FWD,Chelsea,6,11,1,2025-03-09T14:00:00Z,0,0,0,0,0,0,0,0,0.0,0.0,0.0,0.0,0.0,0.0,0.0,0.0,0,54
2024-25,28,273,165,Deivid Washington de Souza Eugênio,FWD,Chelsea,6,11,1,2025-03-09T14:00:00Z,0,0,0,0,0,0,0,0,0.0,0.0,0.0,0.0,0.0,0.0,0.0,0.0,0,49
2024-25,28,273,166,Kiernan Dewsbury-Hall,MID,Chelsea,6,11,1,2025-03-09T14:00:00Z,0,0,0,0,0,0,0,0,0.0,0.0,0.0,0.0,0.0,0.0,0.0,0.0,0,55
2024-25,28,271,167,Axel Disasi,DEF,Aston Villa,2,4,0,2025-03-08T17:30:00Z,90,6,0,0,1,0,0,23,27.6,11.2,4.0,4.3,0.0,0.01,0.01,0.83,1,42
2024-25,28,273,168,Enzo Fernández,MID,Chelsea,6,11,1,2025-03-09T14:00:00Z,90,6,0,1,1,0,0,26,43.0,84.3,49.0,17.6,0.23,0.15,0.38,0.1,1,47
2024-25,28,273,169,Conor Gallagher,MID,Chelsea,6,11,1,2025-03-09T14:00:00Z,0,0,0,0,0,0,0,0,0.0,0.0,0.0,0.0,0.0,0.0,0.0,0.0,0,59
2024-25,28,273,170,Alfie Gilchrist,DEF,Chelsea,6,11,1,2025-03-09T14:00:00Z,0,0,0,0,0,0,0,0,0.0,0.0,0.0,0.0,0.0,0.0,0.0,0.0,0,40
2024-25,28,273,171,Malo Gusto,DEF,Chelsea,6,11,1,2025-03-09T14:00:00Z,0,0,0,0,0,0,0,0,0.0,0.0,0.0,0.0,0.0,0.0,0.0,0.0,0,49
2024-25,28,273,172,Reece James,DEF,Chelsea,6,11,1,2025-03-09T14:00:00Z,0,0,0,0,0,0,0,0,0.0,0.0,0.0,0.0,0.0,0.0,0.0,0.0,0,48
2024-25,28,273,173,Omari Kellyman,MID,Chelsea,6,11,1,2025-03-09T14:00:00Z,0,0,0,0,0,0,0,0,0.0,0.0,0.0,0.0,0.0,0.0,0.0,0.0,0,43
2024-25,28,273,174,Roméo Lavia,MID,Chelsea,6,11,1,2025-03-09T14:00:00Z,0,0,0,0,0,0,0,0,0.0,0.0,0.0,0.0,0.0,0.0,0.0,0.0,0,45
2024-25,28,273,175,Romelu Lukaku Bolingoli,FWD,Chelsea,6,11,1,2025-03-09T14:00:00Z,0,0,0,0,0,0,0,0,0.0,0.0,0.0,0.0,0.0,0.0,0.0,0.0,0,63
2024-25,28,273,176,Malang Sarr,DEF,Chelsea,6,11,1,2025-03-09T14:00:00Z,0,0,0,0,0,0,0,0,0.0,0.0,0.0,0.0,0.0,0.0,0.0,0.0,0,45
2024-25,28,273,177,Noni Madueke,MID,Chelsea,6,11,1,2025-03-09T14:00:00Z,0,0,0,0,0,0,0,0,0.0,0.0,0.0,0.0,0.0,0.0,0.0,0.0,0,60
2024-25,28,273,178,Marc Guiu Paz,FWD,Chelsea,6,11,1,2025-03-09T14:00:00Z,0,0,0,0,0,0,0,0,0.0,0.0,0.0,0.0,0.0,0.0,0.0,0.0,0,47
2024-25,28,273,179,Mykhailo Mudryk,MID,Chelsea,6,11,1,2025-03-09T14:00:00Z,0,0,0,0,0,0,0,0,0.0,0.0,0.0,0.0,0.0,0.0,0.0,0.0,0,61
2024-25,28,273,180,Nicolas Jackson,FWD,Chelsea,6,11,1,2025-03-09T14:00:00Z,0,0,0,0,0,0,0,0,0.0,0.0,0.0,0.0,0.0,0.0,0.0,0.0,0,77
2024-25,28,273,181,Christopher Nkunku,MID,Chelsea,6,11,1,2025-03-09T14:00:00Z,88,3,0,0,1,0,0,9,9.0,4.8,52.0,6.6,0.15,0.1,0.25,0.1,1,57
2024-25,28,273,182,Cole Palmer,MID,Chelsea,6,11,1,2025-03-09T14:00:00Z,72,1,0,0,1,0,0,9,12.4,24.7,37.0,7.4,1.05,0.17,1.22,0.06,1,110
2024-25,28,273,183,Đorđe Petrović,GK,Chelsea,6,11,1,2025-03-09T14:00:00Z,0,0,0,0,0,0,0,0,0.0,0.0,0.0,0.0,0.0,0.0,0.0,0.0,0,44
2024-25,28,273,184,Renato Palma Veiga,MID,Chelsea,6,11,1,2025-03-09T14:00:00Z,0,0,0,0,0,0,0,0,0.0,0.0,0.0,0.0,0.0,0.0,0.0,0.0,0,44
2024-25,28,273,185,Robert Sánchez,GK,Chelsea,6,11,1,2025-03-09T14:00:00Z,90,9,0,0,1,0,2,28,17.6,0.0,0.0,1.8,0.0,0.0,0.0,0.1,1,45
2024-25,28,276,186,Raheem Sterling,MID,Arsenal,1,14,0,2025-03-09T16:30:00Z,0,0,0,0,0,0,0,0,0.0,0.0,0.0,0.0,0.0,0.0,0.0,0.0,0,67
2024-25,28,273,187,Tosin Adarabioyo,DEF,Chelsea,6,11,1,2025-03-09T14:00:00Z,90,7,0,0,1,0,1,27,17.6,0.9,7.0,2.6,0.02,0.02,0.04,0.1,1,42
2024-25,28,275,188,Lesley Ugochukwu,MID,Southampton,17,12,0,2025-03-08T15:00:00Z,83,2,0,0,0,2,0,8,10.8,1.0,0.0,1.2,0.0,0.01,0.01,3.27,1,44
2024-25,28,273,189,Wesley Fofana,DEF,Chelsea,6,11,1,2025-03-09T14:00:00Z,72,6,0,0,1,0,0,25,8.0,3.7,4.0,1.6,0.04,0.02,0.06,0.06,1,43
2024-25,28,274,190,Naouirou Ahamada,MID,Crystal Palace,7,10,1,2025-03-08T15:00:00Z,0,0,0,0,0,0,0,0,0.0,0.0,0.0,0.0,0.0,0.0,0.0,0.0,0,45
2024-25,28,272,191,Joachim Andersen,DEF,Fulham,9,5,0,2025-03-08T15:00:00Z,90,0,0,0,0,2,0,6,18.6,1.0,0.0,2.0,0.0,0.01,0.01,1.54,1,42
2024-25,28,273,192,Jordan Ayew,MID,Leicester,11,6,0,2025-03-09T14:00:00Z,0,0,0,0,0,0,0,0,0.0,0.0,0.0,0.0,0.0,0.0,0.0,0.0,0,52
2024-25,28,274,193,Cheick Doucouré,MID,Crystal Palace,7,10,1,2025-03-08T15:00:00Z,0,0,0,0,0,0,0,0,0.0,0.0,0.0,0.0,0.0,0.0,0.0,0.0,0,49
2024-25,28,274,194,Chris Richards,DEF,Crystal Palace,7,10,1,2025-03-08T15:00:00Z,90,6,0,0,1,0,1,25,31.4,1.3,8.0,4.1,0.09,0.01,0.1,1.48,1,44
2024-25,28,274,195,Chadi Riad Dnanou,DEF,Crystal Palace,7,10,1,2025-03-08T15:00:00Z,0,0,0,0,0,0,0,0,0.0,0.0,0.0,0.0,0.0,0.0,0.0,0.0,0,43
2024-25,28,274,196,Nathaniel Clyne,DEF,Crystal Palace,7,10,1,2025-03-08T15:00:00Z,0,0,0,0,0,0,0,0,0.0,0.0,0.0,0.0,0.0,0.0,0.0,0.0,0,43
2024-25,28,274,197,Malcolm Ebiowei,MID,Crystal Palace,7,10,1,2025-03-08T15:00:00Z,0,0,0,0,0,0,0,0,0.0,0.0,0.0,0.0,0.0,0.0,0.0,0.0,0,45
2024-25,28,273,198,Odsonne Edouard,FWD,Leicester,11,6,0,2025-03-09T14:00:00Z,0,0,0,0,0,0,0,0,0.0,0.0,0.0,0.0,0.0,0.0,0.0,0.0,0,51
2024-25,28,274,199,Eberechi Eze,MID,Crystal Palace,7,10,1,2025-03-08T15:00:00Z,90,3,0,0,1,0,0,7,1.2,6.0,22.0,2.9,0.58,0.02,0.6,1.48,1,67
2024-25,28,274,200,Marc Guéhi,DEF,Crystal Palace,7,10,1,2025-03-08T15:00:00Z,90,5,0,0,1,0,0,21,12.2,15.6,0.0,2.8,0.0,0.08,0.08,1.48,1,47
2024-25,28,274,201,Dean Henderson,GK,Crystal Palace,7,10,1,2025-03-08T15:00:00Z,90,10,0,0,1,0,2,36,57.4,0.0,0.0,5.7,0.0,0.0,0.0,1.48,1,46
2024-25,28,274,202,Rob Holding,DEF,Crystal Palace,7,10,1,2025-03-08T15:00:00Z,0,0,0,0,0,0,0,0,0.0,0.0,0.0,0.0,0.0,0.0,0.0,0.0,0,42
2024-25,28,274,203,Will Hughes,MID,Crystal Palace,7,10,1,2025-03-08T15:00:00Z,0,0,0,0,0,0,0,0,0.0,0.0,0.0,0.0,0.0,0.0,0.0,0.0,0,49
2024-25,28,280,204,Sam Johnstone,GK,Wolves,20,8,1,2025-03-08T20:00:00Z,0,0,0,0,0,0,0,0,0.0,0.0,0.0,0.0,0.0,0.0,0.0,0.0,0,42
2024-25,28,274,205,Daichi Kamada,MID,Crystal Palace,7,10,1,2025-03-08T15:00:00Z,18,1,0,0,0,0,0,3,0.6,0.1,5.0,0.6,0.14,0.0,0.14,0.32,0,51
2024-25,28,274,206,Jefferson Lerma Solís,MID,Crystal Palace,7,10,1,2025-03-08T15:00:00Z,90,3,0,0,1,0,0,15,23.2,12.0,3.0,3.8,0.03,0.03,0.06,1.48,1,48
2024-25,28,274,207,Jean-Philippe Mateta,FWD,Crystal Palace,7,10,1,2025-03-08T15:00:00Z,0,0,0,0,0,0,0,0,0.0,0.0,0.0,0.0,0.0,0.0,0.0,0.0,0,75
2024-25,28,274,208,Matheus França de Oliveira,MID,Crystal Palace,7,10,1,2025-03-08T15:00:00Z,0,0,0,0,0,0,0,0,0.0,0.0,0.0,0.0,0.0,0.0,0.0,0.0,0,44
2024-25,28,274,209,Remi Matthews,GK,Crystal Palace,7,10,1,2025-03-08T15:00:00Z,0,0,0,0,0,0,0,0,0.0,0.0,0.0,0.0,0.0,0.0,0.0,0.0,0,39
2024-25,28,274,210,Tyrick Mitchell,DEF,Crystal Palace,7,10,1,2025-03-08T15:00:00Z,71,6,0,0,1,0,0,21,15.4,12.5,4.0,3.2,0.0,0.01,0.01,1.16,1,48
2024-25,28,274,211,Daniel Muñoz,DEF,Crystal Palace,7,10,1,2025-03-08T15:00:00Z,90,6,0,0,1,0,0,24,17.8,15.3,30.0,6.3,0.44,0.03,0.47,1.48,1,50
2024-25,28,274,212,David Ozoh,MID,Crystal Palace,7,10,1,2025-03-08T15:00:00Z,0,0,0,0,0,0,0,0,0.0,0.0,0.0,0.0,0.0,0.0,0.0,0.0,0,45
2024-25,28,274,213,Jesurun Rak-Sakyi,MID,Crystal Palace,7,10,1,2025-03-08T15:00:00Z,0,0,0,0,0,0,0,0,0.0,0.0,0.0,0.0,0.0,0.0,0.0,0.0,0,45
2024-25,28,274,214,Jeffrey Schlupp,MID,Crystal Palace,7,10,1,2025-03-08T15:00:00Z,0,0,0,0,0,0,0,0,0.0,0.0,0.0,0.0,0.0,0.0,0.0,0.0,0,46
2024-25,28,274,215,Joel Ward,DEF,Crystal Palace,7,10,1,2025-03-08T15:00:00Z,0,0,0,0,0,0,0,0,0.0,0.0,0.0,0.0,0.0,0.0,0.0,0.0,0,43
2024-25,28,274,216,Adam Wharton,MID,Crystal Palace,7,10,1,2025-03-08T15:00:00Z,86,2,0,0,1,0,0,21,26.0,89.7,0.0,11.6,0.0,0.64,0.64,1.48,1,47
2024-25,28,280,217,Abdoulaye Doucouré,MID,Everton,8,20,0,2025-03-08T20:00:00Z,62,2,0,0,0,1,0,9,5.4,11.2,14.0,3.1,0.29,0.03,0.32,0.68,1,51
2024-25,28,280,218,Norberto Bercique Gomes Betuncal,FWD,Everton,8,20,0,2025-03-08T20:00:00Z,90,2,0,0,0,1,0,2,10.0,10.3,52.0,7.2,0.71,0.0,0.71,0.77,1,51
2024-25,28,280,219,Jarrad Branthwaite,DEF,Everton,8,20,0,2025-03-08T20:00:00Z,90,2,0,0,0,1,0,8,23.8,0.1,10.0,3.4,0.14,0.0,0.14,0.77,1,48
2024-25,28,280,220,Dominic Calvert-Lewin,FWD,Everton,8,20,0,2025-03-08T20:00:00Z,0,0,0,0,0,0,0,0,0.0,0.0,0.0,0.0,0.0,0.0,0.0,0.0,0,54
2024-25,28,280,221,Séamus Coleman,DEF,Everton,8,20,0,2025-03-08T20:00:00Z,0,0,0,0,0,0,0,0,0.0,0.0,0.0,0.0,0.0,0.0,0.0,0.0,0,43
2024-25,28,280,222,Idrissa Gueye,MID,Everton,8,20,0,2025-03-08T20:00:00Z,90,3,0,0,0,1,1,18,18.8,14.1,1.0,3.4,0.04,0.02,0.06,0.77,1,48
2024-25,28,280,223,James Garner,MID,Everton,8,20,0,2025-03-08T20:00:00Z,90,2,0,0,0,1,0,11,13.6,30.2,0.0,4.4,0.0,0.24,0.24,0.77,1,49
2024-25,28,280,224,Jack Harrison,MID,Everton,8,20,0,2025-03-08T20:00:00Z,90,10,1,0,0,1,3,34,45.4,33.3,21.0,10.0,0.03,0.36,0.39,0.77,1,52
2024-25,28,280,225,Mason Holgate,DEF,Everton,8,20,0,2025-03-08T20:00:00Z,0,0,0,0,0,0,0,0,0.0,0.0,0.0,0.0,0.0,0.0,0.0,0.0,0,40
2024-25,28,280,226,Tim Iroegbunam,MID,Everton,8,20,0,2025-03-08T20:00:00Z,27,0,0,0,0,0,0,-2,6.2,0.3,0.0,0.7,0.0,0.0,0.0,0.09,0,43
2024-25,28,280,227,João Neves Virgínia,GK,Everton,8,20,0,2025-03-08T20:00:00Z,0,0,0,0,0,0,0,0,0.0,0.0,0.0,0.0,0.0,0.0,0.0,0.0,0,39
2024-25,28,280,228,Michael Keane,DEF,Everton,8,20,0,2025-03-08T20:00:00Z,0,0,0,0,0,0,0,0,0.0,0.0,0.0,0.0,0.0,0.0,0.0,0.0,0,39
2024-25,28,280,229,Neal Maupay,FWD,Everton,8,20,0,2025-03-08T20:00:00Z,0,0,0,0,0,0,0,0,0.0,0.0,0.0,0.0,0.0,0.0,0.0,0.0,0,49
2024-25,28,280,230,Dwight McNeil,MID,Everton,8,20,0,2025-03-08T20:00:00Z,0,0,0,0,0,0,0,0,0.0,0.0,0.0,0.0,0.0,0.0,0.0,0.0,0,51
2024-25,28,280,231,Vitalii Mykolenko,DEF,Everton,8,20,0,2025-03-08T20:00:00Z,90,2,0,0,0,1,0,7,16.8,0.6,2.0,1.9,0.0,0.0,0.0,0.77,1,44
2024-25,28,280,232,Iliman Ndiaye,FWD,Everton,8,20,0,2025-03-08T20:00:00Z,0,0,0,0,0,0,0,0,0.0,0.0,0.0,0.0,0.0,0.0,0.0,0.0,0,53
2024-25,28,271,233,Amadou Onana,MID,Aston Villa,2,4,0,2025-03-08T17:30:00Z,0,0,0,0,0,0,0,0,0.0,0.0,0.0,0.0,0.0,0.0,0.0,0.0,0,48
2024-25,28,280,234,Nathan Patterson,DEF,Everton,8,20,0,2025-03-08T20:00:00Z,0,0,0,0,0,0,0,0,0.0,0.0,0.0,0.0,0.0,0.0,0.0,0.0,0,44
2024-25,28,280,235,Jordan Pickford,GK,Everton,8,20,0,2025-03-08T20:00:00Z,90,2,0,0,0,1,0,9,21.8,0.0,0.0,2.2,0.0,0.01,0.01,0.77,1,51
2024-25,28,280,236,James Tarkowski,DEF,Everton,8,20,0,2025-03-08T20:00:00Z,90,2,0,0,0,1,0,13,26.8,0.3,7.0,3.4,0.07,0.0,0.07,0.77,1,49
2024-25,28,280,237,Youssef Ramalho Chermiti,FWD,Everton,8,20,0,2025-03-08T20:00:00Z,0,0,0,0,0,0,0,0,0.0,0.0,0.0,0.0,0.0,0.0,0.0,0.0,0,49
2024-25,28,280,238,Ashley Young,DEF,Everton,8,20,0,2025-03-08T20:00:00Z,1,1,0,0,0,0,0,3,0.0,0.0,0.0,0.0,0.0,0.0,0.0,0.0,0,45
2024-25,28,272,239,Adama Traoré,MID,Fulham,9,5,0,2025-03-08T15:00:00Z,0,0,0,0,0,0,0,0,0.0,0.0,0.0,0.0,0.0,0.0,0.0,0.0,0,46
2024-25,28,272,240,Andreas Hoelgebaum Pereira,MID,Fulham,9,5,0,2025-03-08T15:00:00Z,81,2,0,0,0,1,0,10,13.0,16.4,0.0,2.9,0.0,0.03,0.03,0.41,1,49
2024-25,28,272,241,Calvin Bassey,DEF,Fulham,9,5,0,2025-03-08T15:00:00Z,90,1,0,0,0,2,0,10,20.0,2.3,0.0,2.2,0.0,0.0,0.0,1.54,1,45
2024-25,28,272,242,Steven Benda,GK,Fulham,9,5,0,2025-03-08T15:00:00Z,0,0,0,0,0,0,0,0,0.0,0.0,0.0,0.0,0.0,0.0,0.0,0.0,0,39
2024-25,28,272,243,Tom Cairney,MID,Fulham,9,5,0,2025-03-08T15:00:00Z,0,0,0,0,0,0,0,0,0.0,0.0,0.0,0.0,0.0,0.0,0.0,0.0,0,48
2024-25,28,272,244,Timothy Castagne,DEF,Fulham,9,5,0,2025-03-08T15:00:00Z,90,1,0,0,0,2,0,6,24.0,2.4,12.0,3.8,0.09,0.01,0.1,1.54,1,42
2024-25,28,272,245,Issa Diop,DEF,Fulham,9,5,0,2025-03-08T15:00:00Z,90,1,0,0,0,2,0,8,22.2,12.1,2.0,3.6,0.0,0.0,0.0,1.54,1,44
2024-25,28,272,246,Luke Harris,MID,Fulham,9,5,0,2025-03-08T15:00:00Z,0,0,0,0,0,0,0,0,0.0,0.0,0.0,0.0,0.0,0.0,0.0,0.0,0,45
2024-25,28,272,247,Alex Iwobi,MID,Fulham,9,5,0,2025-03-08T15:00:00Z,88,5,0,1,0,1,0,24,24.4,20.5,5.0,5.0,0.15,0.06,0.21,0.71,1,56
2024-25,28,272,248,Bernd Leno,GK,Fulham,9,5,0,2025-03-08T15:00:00Z,90,1,0,0,0,2,0,9,20.8,0.0,0.0,2.1,0.0,0.0,0.0,1.54,1,50
2024-25,28,272,249,Saša Lukić,MID,Fulham,9,5,0,2025-03-08T15:00:00Z,0,0,0,0,0,0,0,0,0.0,0.0,0.0,0.0,0.0,0.0,0.0,0.0,0,48
2024-25,28,272,250,Kevin Mbabu,DEF,Fulham,9,5,0,2025-03-08T15:00:00Z,0,0,0,0,0,0,0,0,0.0,0.0,0.0,0.0,0.0,0.0,0.0,0.0,0,40
2024-25,28,272,251,Rodrigo Muniz Carvalho,FWD,Fulham,9,5,0,2025-03-08T15:00:00Z,21,1,0,0,0,1,0,4,2.4,0.1,2.0,0.5,0.0,0.0,0.0,1.13,0,55
2024-25,28,272,252,Raúl Jiménez,FWD,Fulham,9,5,0,2025-03-08T15:00:00Z,68,8,1,0,0,1,2,29,34.6,1.8,41.0,7.7,0.58,0.0,0.58,0.41,1,55
2024-25,28,272,253,Tim Ream,DEF,Fulham,9,5,0,2025-03-08T15:00:00Z,0,0,0,0,0,0,0,0,0.0,0.0,0.0,0.0,0.0,0.0,0.0,0.0,0,45
2024-25,28,272,254,Harrison Reed,MID,Fulham,9,5,0,2025-03-08T15:00:00Z,9,1,0,0,0,1,0,-2,0.0,1.3,0.0,0.0,0.0,0.0,0.0,1.13,0,47
2024-25,28,272,255,Antonee Robinson,DEF,Fulham,9,5,0,2025-03-08T15:00:00Z,90,0,0,0,0,2,0,0,23.6,11.6,2.0,3.7,0.0,0.05,0.05,1.54,1,50
2024-25,28,272,256,Jay Stansfield,FWD,Fulham,9,5,0,2025-03-08T15:00:00Z,0,0,0,0,0,0,0,0,0.0,0.0,0.0,0.0,0.0,0.0,0.0,0.0,0,50
2024-25,28,272,257,Kenny Tete,DEF,Fulham,9,5,0,2025-03-08T15:00:00Z,0,0,0,0,0,0,0,0,0.0,0.0,0.0,0.0,0.0,0.0,0.0,0.0,0,44
2024-25,28,272,258,Carlos Vinícius Alves Morais,FWD,Fulham,9,5,0,2025-03-08T15:00:00Z,0,0,0,0,0,0,0,0,0.0,0.0,0.0,0.0,0.0,0.0,0.0,0.0,0,50
2024-25,28,272,259,Harry Wilson,MID,Fulham,9,5,0,2025-03-08T15:00:00Z,0,0,0,0,0,0,0,0,0.0,0.0,0.0,0.0,0.0,0.0,0.0,0.0,0,52
2024-25,28,274,260,Ali Al-Hamadi,FWD,Ipswich,10,7,0,2025-03-08T15:00:00Z,0,0,0,0,0,0,0,0,0.0,0.0,0.0,0.0,0.0,0.0,0.0,0.0,0,47
2024-25,28,274,261,Elkan Baggott,DEF,Ipswich,10,7,0,2025-03-08T15:00:00Z,0,0,0,0,0,0,0,0,0.0,0.0,0.0,0.0,0.0,0.0,0.0,0.0,0,40
2024-25,28,274,262,Nathan Broadhead,MID,Ipswich,10,7,0,2025-03-08T15:00:00Z,15,1,0,0,0,1,0,2,1.0,0.0,2.0,0.3,0.0,0.0,0.0,0.88,0,49
2024-25,28,274,263,Cameron Burgess,DEF,Ipswich,10,7,0,2025-03-08T15:00:00Z,0,0,0,0,0,0,0,0,0.0,0.0,0.0,0.0,0.0,0.0,0.0,0.0,0,38
2024-25,28,274,264,Wes Burns,MID,Ipswich,10,7,0,2025-03-08T15:00:00Z,0,0,0,0,0,0,0,0,0.0,0.0,0.0,0.0,0.0,0.0,0.0,0.0,0,48
2024-25,28,274,265,Conor Chaplin,MID,Ipswich,10,7,0,2025-03-08T15:00:00Z,0,0,0,0,0,0,0,0,0.0,0.0,0.0,0.0,0.0,0.0,0.0,0.0,0,51
2024-25,28,274,266,Harry Clarke,DEF,Ipswich,10,7,0,2025-03-08T15:00:00Z,0,0,0,0,0,0,0,0,0.0,0.0,0.0,0.0,0.0,0.0,0.0,0.0,0,40
2024-25,28,274,267,Leif Davis,DEF,Ipswich,10,7,0,2025-03-08T15:00:00Z,90,2,0,0,0,1,0,15,16.4,29.8,1.0,4.7,0.02,0.28,0.3,3.26,1,43
2024-25,28,274,268,Liam Delap,FWD,Ipswich,10,7,0,2025-03-08T15:00:00Z,82,2,0,0,0,1,0,6,2.8,3.8,38.0,4.5,0.11,0.02,0.13,3.12,1,56
2024-25,28,274,269,George Edmundson,DEF,Ipswich,10,7,0,2025-03-08T15:00:00Z,0,0,0,0,0,0,0,0,0.0,0.0,0.0,0.0,0.0,0.0,0.0,0.0,0,40
2024-25,28,274,270,Jacob Greaves,DEF,Ipswich,10,7,0,2025-03-08T15:00:00Z,90,1,0,0,0,1,0,9,44.6,1.4,35.0,8.1,0.56,0.01,0.57,3.26,1,39
2024-25,28,274,271,Marcus Myers-Harness,MID,Ipswich,10,7,0,2025-03-08T15:00:00Z,0,0,0,0,0,0,0,0,0.0,0.0,0.0,0.0,0.0,0.0,0.0,0.0,0,49
2024-25,28,274,272,George Hirst,FWD,Ipswich,10,7,0,2025-03-08T15:00:00Z,7,1,0,0,0,0,0,2,0.2,0.0,0.0,0.0,0.0,0.0,0.0,0.14,0,54
2024-25,28,274,273,Cameron Humphreys,MID,Ipswich,10,7,0,2025-03-08T15:00:00Z,0,0,0,0,0,0,0,0,0.0,0.0,0.0,0.0,0.0,0.0,0.0,0.0,0,45
2024-25,28,274,274,Omari Giraud-Hutchinson,MID,Ipswich,10,7,0,2025-03-08T15:00:00Z,23,1,0,0,0,1,0,4,3.0,2.0,0.0,0.5,0.0,0.01,0.01,1.13,0,52
2024-25,28,274,275,Ben Johnson,DEF,Ipswich,10,7,0,2025-03-08T15:00:00Z,23,1,0,0,0,1,0,-4,1.8,3.8,7.0,1.3,0.28,0.0,0.28,1.13,0,39
2024-25,28,274,276,Freddie Ladapo,FWD,Ipswich,10,7,0,2025-03-08T15:00:00Z,0,0,0,0,0,0,0,0,0.0,0.0,0.0,0.0,0.0,0.0,0.0,0.0,0,45
2024-25,28,274,277,Massimo Luongo,MID,Ipswich,10,7,0,2025-03-08T15:00:00Z,0,0,0,0,0,0,0,0,0.0,0.0,0.0,0.0,0.0,0.0,0.0,0.0,0,44
2024-25,28,274,278,Sam Morsy,MID,Ipswich,10,7,0,2025-03-08T15:00:00Z,0,0,0,0,0,0,0,0,0.0,0.0,0.0,0.0,0.0,0.0,0.0,0.0,0,48
2024-25,28,274,279,Corrie Ndaba,DEF,Ipswich,10,7,0,2025-03-08T15:00:00Z,0,0,0,0,0,0,0,0,0.0,0.0,0.0,0.0,0.0,0.0,0.0,0.0,0,40
2024-25,28,274,280,Cieran Slicker,GK,Ipswich,10,7,0,2025-03-08T15:00:00Z,0,0,0,0,0,0,0,0,0.0,0.0,0.0,0.0,0.0,0.0,0.0,0.0,0,39
2024-25,28,274,281,Jack Taylor,MID,Ipswich,10,7,0,2025-03-08T15:00:00Z,7,1,0,0,0,0,0,3,0.4,0.1,0.0,0.1,0.0,0.0,0.0,0.14,0,48
2024-25,28,274,282,Axel Tuanzebe,DEF,Ipswich,10,7,0,2025-03-08T15:00:00Z,0,0,0,0,0,0,0,0,0.0,0.0,0.0,0.0,0.0,0.0,0.0,0.0,0,39
2024-25,28,274,283,Christian Walton,GK,Ipswich,10,7,0,2025-03-08T15:00:00Z,0,0,0,0,0,0,0,0,0.0,0.0,0.0,0.0,0.0,0.0,0.0,0.0,0,43
2024-25,28,274,284,Luke Woolfenden,DEF,Ipswich,10,7,0,2025-03-08T15:00:00Z,90,2,0,0,0,1,0,18,31.8,0.3,0.0,3.2,0.0,0.0,0.0,3.26,1,39
2024-25,28,273,285,Boubakary Soumaré,MID,Leicester,11,6,0,2025-03-09T14:00:00Z,65,2,0,0,0,1,0,13,11.6,2.8,0.0,1.4,0.0,0.0,0.0,1.41,1,44
2024-25,28,273,286,Tom Cannon,FWD,Leicester,11,6,0,2025-03-09T14:00:00Z,0,0,0,0,0,0,0,0,0.0,0.0,0.0,0.0,0.0,0.0,0.0,0.0,0,45
2024-25,28,273,287,Hamza Choudhury,MID,Leicester,11,6,0,2025-03-09T14:00:00Z,0,0,0,0,0,0,0,0,0.0,0.0,0.0,0.0,0.0,0.0,0.0,0.0,0,44
2024-25,28,273,288,Conor Coady,DEF,Leicester,11,6,0,2025-03-09T14:00:00Z,90,2,0,0,0,1,0,14,32.6,1.3,0.0,3.4,0.0,0.01,0.01,1.78,1,40
2024-25,28,273,289,Patson Daka,FWD,Leicester,11,6,0,2025-03-09T14:00:00Z,83,2,0,0,0,1,0,5,0.0,4.3,0.0,0.3,0.0,0.01,0.01,1.71,1,48
2024-25,28,273,290,Bobby De Cordova-Reid,MID,Leicester,11,6,0,2025-03-09T14:00:00Z,7,1,0,0,0,0,0,2,0.0,1.8,0.0,0.2,0.0,0.0,0.0,0.07,0,52
2024-25,28,273,291,Wout Faes,DEF,Leicester,11,6,0,2025-03-09T14:00:00Z,90,2,0,0,0,1,0,12,24.6,1.1,0.0,2.6,0.0,0.01,0.01,1.78,1,39
2024-25,28,273,292,Michael Golding,MID,Leicester,11,6,0,2025-03-09T14:00:00Z,0,0,0,0,0,0,0,0,0.0,0.0,0.0,0.0,0.0,0.0,0.0,0.0,0,44
2024-25,28,273,293,Mads Hermansen,GK,Leicester,11,6,0,2025-03-09T14:00:00Z,90,10,0,0,0,1,1,27,71.8,0.0,0.0,7.2,0.0,0.0,0.0,1.78,1,44
2024-25,28,273,294,Daniel Iversen,GK,Leicester,11,6,0,2025-03-09T14:00:00Z,0,0,0,0,0,0,0,0,0.0,0.0,0.0,0.0,0.0,0.0,0.0,0.0,0,39
2024-25,28,273,295,James Justin,DEF,Leicester,11,6,0,2025-03-09T14:00:00Z,83,2,0,0,0,1,0,9,13.4,15.3,0.0,2.9,0.0,0.03,0.03,1.71,1,41
2024-25,28,273,296,Victor Kristiansen,DEF,Leicester,11,6,0,2025-03-09T14:00:00Z,82,2,0,0,0,1,0,0,0.0,0.3,2.0,0.1,0.0,0.0,0.0,1.71,1,44
2024-25,28,273,297,Wanya Marçal-Madivádua,MID,Leicester,11,6,0,2025-03-09T14:00:00Z,0,0,0,0,0,0,0,0,0.0,0.0,0.0,0.0,0.0,0.0,0.0,0.0,0,45
2024-25,28,273,298,Stephy Mavididi,MID,Leicester,11,6,0,2025-03-09T14:00:00Z,6,1,0,0,0,0,0,3,0.0,0.8,0.0,0.1,0.0,0.0,0.0,0.07,0,50
2024-25,28,273,299,Kasey McAteer,MID,Leicester,11,6,0,2025-03-09T14:00:00Z,0,0,0,0,0,0,0,0,0.0,0.0,0.0,0.0,0.0,0.0,0.0,0.0,0,47
2024-25,28,273,300,Wilfred Ndidi,MID,Leicester,11,6,0,2025-03-09T14:00:00Z,90,2,0,0,0,1,0,14,23.0,8.2,0.0,3.1,0.0,0.02,0.02,1.78,1,49
2024-25,28,273,301,Caleb Okoli,DEF,Leicester,11,6,0,2025-03-09T14:00:00Z,0,0,0,0,0,0,0,0,0.0,0.0,0.0,0.0,0.0,0.0,0.0,0.0,0,40
2024-25,28,273,302,Ricardo Barbosa Pereira,DEF,Leicester,11,6,0,2025-03-09T14:00:00Z,6,1,0,0,0,0,0,5,7.8,2.5,9.0,1.9,0.04,0.01,0.05,0.07,0,41
2024-25,28,273,303,Harry Souttar,DEF,Leicester,11,6,0,2025-03-09T14:00:00Z,0,0,0,0,0,0,0,0,0.0,0.0,0.0,0.0,0.0,0.0,0.0,0.0,0,40
2024-25,28,273,304,Jakub Stolarczyk,GK,Leicester,11,6,0,2025-03-09T14:00:00Z,0,0,0,0,0,0,0,0,0.0,0.0,0.0,0.0,0.0,0.0,0.0,0.0,0,40
2024-25,28,273,305,Luke Thomas,DEF,Leicester,11,6,0,2025-03-09T14:00:00Z,90,2,0,0,0,1,0,13,31.0,1.1,0.0,3.2,0.0,0.0,0.0,1.78,1,39
2024-25,28,273,306,Jamie Vardy,FWD,Leicester,11,6,0,2025-03-09T14:00:00Z,90,2,0,0,0,1,0,7,2.2,2.9,19.0,2.4,0.02,0.0,0.02,1.78,1,53
2024-25,28,273,307,Jannik Vestergaard,DEF,Leicester,11,6,0,2025-03-09T14:00:00Z,0,0,0,0,0,0,0,0,0.0,0.0,0.0,0.0,0.0,0.0,0.0,0.0,0,39
2024-25,28,273,308,Danny Ward,GK,Leicester,11,6,0,2025-03-09T14:00:00Z,0,0,0,0,0,0,0,0,0.0,0.0,0.0,0.0,0.0,0.0,0.0,0.0,0,39
2024-25,28,273,309,Harry Winks,MID,Leicester,11,6,0,2025-03-09T14:00:00Z,24,1,0,0,0,0,0,7,4.4,15.2,0.0,2.0,0.0,0.01,0.01,0.37,0,44
2024-25,28,275,310,Alisson Ramses Becker,GK,Liverpool,12,17,1,2025-03-08T15:00:00Z,90,3,0,0,0,1,0,13,23.0,0.0,0.0,2.3,0.0,0.0,0.0,0.36,1,56
2024-25,28,275,311,Trent Alexander-Arnold,DEF,Liverpool,12,17,1,2025-03-08T15:00:00Z,88,2,0,0,0,1,0,18,27.0,35.4,48.0,11.0,0.24,0.1,0.34,0.36,1,75
2024-25,28,275,312,Stefan Bajčetić Maquieira,MID,Liverpool,12,17,1,2025-03-08T15:00:00Z,0,0,0,0,0,0,0,0,0.0,0.0,0.0,0.0,0.0,0.0,0.0,0.0,0,45
2024-25,28,275,313,Conor Bradley,DEF,Liverpool,12,17,1,2025-03-08T15:00:00Z,0,0,0,0,0,0,0,0,0.0,0.0,0.0,0.0,0.0,0.0,0.0,0.0,0,47
2024-25,28,271,314,Fábio Freitas Gouveia Carvalho,MID,Brentford,4,2,1,2025-03-08T17:30:00Z,0,0,0,0,0,0,0,0,0.0,0.0,0.0,0.0,0.0,0.0,0.0,0.0,0,45
2024-25,28,275,315,Bobby Clark,MID,Liverpool,12,17,1,2025-03-08T15:00:00Z,0,0,0,0,0,0,0,0,0.0,0.0,0.0,0.0,0.0,0.0,0.0,0.0,0,45
2024-25,28,275,316,Darwin Núñez Ribeiro,FWD,Liverpool,12,17,1,2025-03-08T15:00:00Z,67,10,1,1,0,1,2,35,35.8,13.7,62.0,11.2,0.84,0.02,0.86,0.28,1,70
2024-25,28,275,317,Diogo Teixeira da Silva,MID,Liverpool,12,17,1,2025-03-08T15:00:00Z,22,1,0,0,0,0,0,2,0.0,1.9,4.0,0.6,0.0,0.0,0.0,0.08,0,72
2024-25,28,275,318,Ben Doak,MID,Liverpool,12,17,1,2025-03-08T15:00:00Z,0,0,0,0,0,0,0,0,0.0,0.0,0.0,0.0,0.0,0.0,0.0,0.0,0,45
2024-25,28,275,319,Harvey Elliott,MID,Liverpool,12,17,1,2025-03-08T15:00:00Z,45,1,0,0,0,0,0,10,7.8,3.7,31.0,4.3,0.13,0.03,0.16,0.1,0,52
2024-25,28,275,320,Endo Wataru,MID,Liverpool,12,17,1,2025-03-08T15:00:00Z,9,1,0,0,0,0,0,4,1.2,0.1,0.0,0.1,0.0,0.0,0.0,0.0,0,46
2024-25,28,275,321,Cody Gakpo,FWD,Liverpool,12,17,1,2025-03-08T15:00:00Z,0,0,0,0,0,0,0,0,0.0,0.0,0.0,0.0,0.0,0.0,0.0,0.0,0,75
2024-25,28,275,322,Joe Gomez,DEF,Liverpool,12,17,1,2025-03-08T15:00:00Z,0,0,0,0,0,0,0,0,0.0,0.0,0.0,0.0,0.0,0.0,0.0,0.0,0,47
2024-25,28,275,323,Ryan Gravenberch,MID,Liverpool,12,17,1,2025-03-08T15:00:00Z,80,2,0,0,0,1,0,17,14.4,15.8,8.0,3.8,0.0,0.09,0.09,0.36,1,50
2024-25,28,275,324,Curtis Jones,MID,Liverpool,12,17,1,2025-03-08T15:00:00Z,45,1,0,0,0,1,0,12,13.8,36.0,17.0,6.7,0.53,0.14,0.67,0.25,1,53
2024-25,28,275,325,Caoimhin Kelleher,GK,Liverpool,12,17,1,2025-03-08T15:00:00Z,0,0,0,0,0,0,0,0,0.0,0.0,0.0,0.0,0.0,0.0,0.0,0.0,0,40
2024-25,28,275,326,Ibrahima Konaté,DEF,Liverpool,12,17,1,2025-03-08T15:00:00Z,90,2,0,0,0,1,0,12,15.6,2.1,0.0,1.8,0.0,0.01,0.01,0.36,1,52
2024-25,28,275,327,Luis Díaz,MID,Liverpool,12,17,1,2025-03-08T15:00:00Z,90,6,0,1,0,1,1,32,36.2,74.7,47.0,15.8,0.21,0.81,1.02,0.36,1,75
2024-25,28,275,328,Mohamed Salah,MID,Liverpool,12,17,1,2025-03-08T15:00:00Z,90,15,2,0,0,1,3,51,78.2,74.6,67.0,22.0,1.96,0.23,2.19,0.36,1,138
2024-25,28,275,329,Alexis Mac Allister,MID,Liverpool,12,17,1,2025-03-08T15:00:00Z,45,1,0,0,0,0,0,4,7.6,8.8,0.0,1.6,0.0,0.05,0.05,0.1,0,62
2024-25,28,275,330,James McConnell,MID,Liverpool,12,17,1,2025-03-08T15:00:00Z,0,0,0,0,0,0,0,0,0.0,0.0,0.0,0.0,0.0,0.0,0.0,0.0,0,44
2024-25,28,275,331,Tyler Morton,MID,Liverpool,12,17,1,2025-03-08T15:00:00Z,0,0,0,0,0,0,0,0,0.0,0.0,0.0,0.0,0.0,0.0,0.0,0.0,0,44
2024-25,28,275,332,Nathaniel Phillips,DEF,Liverpool,12,17,1,2025-03-08T15:00:00Z,0,0,0,0,0,0,0,0,0.0,0.0,0.0,0.0,0.0,0.0,0.0,0.0,0,40
2024-25,28,275,333,Jarell Quansah,DEF,Liverpool,12,17,1,2025-03-08T15:00:00Z,1,1,0,0,0,0,0,3,0.2,0.0,0.0,0.0,0.0,0.0,0.0,0.0,0,39
2024-25,28,275,334,Rhys Williams,DEF,Liverpool,12,17,1,2025-03-08T15:00:00Z,0,0,0,0,0,0,0,0,0.0,0.0,0.0,0.0,0.0,0.0,0.0,0.0,0,40
2024-25,28,275,335,Andrew Robertson,DEF,Liverpool,12,17,1,2025-03-08T15:00:00Z,45,1,0,0,0,0,0,0,0.6,2.4,10.0,1.3,0.09,0.01,0.1,0.1,0,58
2024-25,28,275,336,Dominik Szoboszlai,MID,Liverpool,12,17,1,2025-03-08T15:00:00Z,45,1,0,0,0,1,0,6,2.0,14.3,6.0,2.2,0.11,0.03,0.14,0.25,1,64
2024-25,28,275,337,Konstantinos Tsimikas,DEF,Liverpool,12,17,1,2025-03-08T15:00:00Z,45,0,0,0,0,1,0,10,15.8,17.4,0.0,3.3,0.0,0.03,0.03,0.25,1,46
2024-25,28,271,338,Sepp van den Berg,DEF,Brentford,4,2,1,2025-03-08T17:30:00Z,0,0,0,0,0,0,0,0,0.0,0.0,0.0,0.0,0.0,0.0,0.0,0.0,0,41
2024-25,28,275,339,Virgil van Dijk,DEF,Liverpool,12,17,1,2025-03-08T15:00:00Z,90,2,0,0,0,1,0,9,13.0,15.8,0.0,2.9,0.0,0.03,0.03,0.36,1,64
2024-25,28,277,340,Manuel Akanji,DEF,Man City,13,16,0,2025-03-08T12:30:00Z,0,0,0,0,0,0,0,0,0.0,0.0,0.0,0.0,0.0,0.0,0.0,0.0,0,53
2024-25,28,277,341,Nathan Aké,DEF,Man City,13,16,0,2025-03-08T12:30:00Z,0,0,0,0,0,0,0,0,0.0,0.0,0.0,0.0,0.0,0.0,0.0,0.0,0,53
2024-25,28,277,342,Bernardo Veiga de Carvalho e Silva,MID,Man City,13,16,0,2025-03-08T12:30:00Z,90,2,0,0,0,1,0,13,15.0,28.8,10.0,5.4,0.15,0.04,0.19,0.73,1,61
2024-25,28,277,343,Oscar Bobb,MID,Man City,13,16,0,2025-03-08T12:30:00Z,0,0,0,0,0,0,0,0,0.0,0.0,0.0,0.0,0.0,0.0,0.0,0.0,0,47
2024-25,28,277,344,Scott Carson,GK,Man City,13,16,0,2025-03-08T12:30:00Z,0,0,0,0,0,0,0,0,0.0,0.0,0.0,0.0,0.0,0.0,0.0,0.0,0,39
2024-25,28,277,345,Kevin De Bruyne,MID,Man City,13,16,0,2025-03-08T12:30:00Z,21,1,0,0,0,1,0,6,5.6,3.8,13.0,2.2,0.11,0.05,0.16,0.27,0,93
2024-25,28,277,346,Jérémy Doku,MID,Man City,13,16,0,2025-03-08T12:30:00Z,90,2,0,0,0,1,0,18,20.2,17.3,22.0,6.0,0.06,0.05,0.11,0.73,1,62
2024-25,28,277,347,Ederson Santana de Moraes,GK,Man City,13,16,0,2025-03-08T12:30:00Z,90,3,0,0,0,1,0,8,21.8,0.0,0.0,2.2,0.0,0.0,0.0,0.73,1,53
2024-25,28,277,348,Phil Foden,MID,Man City,13,16,0,2025-03-08T12:30:00Z,68,3,0,0,1,0,0,8,8.6,37.3,8.0,5.4,0.16,0.11,0.27,0.46,1,92
2024-25,28,277,349,Jack Grealish,MID,Man City,13,16,0,2025-03-08T12:30:00Z,0,0,0,0,0,0,0,0,0.0,0.0,0.0,0.0,0.0,0.0,0.0,0.0,0,64
2024-25,28,277,350,Joško Gvardiol,DEF,Man City,13,16,0,2025-03-08T12:30:00Z,90,2,0,0,0,1,0,16,24.4,25.9,2.0,5.2,0.0,0.18,0.18,0.73,1,59
2024-25,28,277,351,Erling Haaland,FWD,Man City,13,16,0,2025-03-08T12:30:00Z,90,2,0,0,0,1,0,7,0.0,14.0,9.0,2.3,0.15,0.03,0.18,0.73,1,147
2024-25,28,277,352,Julián Álvarez,FWD,Man City,13,16,0,2025-03-08T12:30:00Z,0,0,0,0,0,0,0,0,0.0,0.0,0.0,0.0,0.0,0.0,0.0,0.0,0,70
2024-25,28,277,353,João Cavaco Cancelo,DEF,Man City,13,16,0,2025-03-08T12:30:00Z,0,0,0,0,0,0,0,0,0.0,0.0,0.0,0.0,0.0,0.0,0.0,0.0,0,53
2024-25,28,277,354,Mateo Kovačić,MID,Man City,13,16,0,2025-03-08T12:30:00Z,29,1,0,0,0,1,0,-1,0.8,5.7,1.0,0.8,0.07,0.03,0.1,0.42,0,54
2024-25,28,277,355,Rico Lewis,DEF,Man City,13,16,0,2025-03-08T12:30:00Z,29,1,0,0,0,1,0,2,4.4,2.0,0.0,0.6,0.0,0.01,0.01,0.42,0,43
2024-25,28,277,356,Matheus Luiz Nunes,MID,Man City,13,16,0,2025-03-08T12:30:00Z,60,2,0,0,1,0,0,7,1.6,5.3,0.0,0.7,0.0,0.02,0.02,0.3,1,49
2024-25,28,277,357,James McAtee,MID,Man City,13,16,0,2025-03-08T12:30:00Z,0,0,0,0,0,0,0,0,0.0,0.0,0.0,0.0,0.0,0.0,0.0,0.0,0,46
2024-25,28,277,358,Stefan Ortega Moreno,GK,Man City,13,16,0,2025-03-08T12:30:00Z,0,0,0,0,0,0,0,0,0.0,0.0,0.0,0.0,0.0,0.0,0.0,0.0,0,52
2024-25,28,274,359,Kalvin Phillips,MID,Ipswich,10,7,0,2025-03-08T15:00:00Z,90,1,0,0,0,1,0,4,4.4,13.3,0.0,1.8,0.0,0.02,0.02,3.26,1,48
2024-25,28,277,360,Rodrigo 'Rodri' Hernandez,MID,Man City,13,16,0,2025-03-08T12:30:00Z,0,0,0,0,0,0,0,0,0.0,0.0,0.0,0.0,0.0,0.0,0.0,0.0,0,62
2024-25,28,277,361,Rúben Gato Alves Dias,DEF,Man City,13,16,0,2025-03-08T12:30:00Z,90,2,0,0,0,1,0,13,21.0,3.9,7.0,3.2,0.04,0.03,0.07,0.73,1,54
2024-25,28,277,362,John Stones,DEF,Man City,13,16,0,2025-03-08T12:30:00Z,0,0,0,0,0,0,0,0,0.0,0.0,0.0,0.0,0.0,0.0,0.0,0.0,0,53
2024-25,28,277,363,Kyle Walker,DEF,Man City,13,16,0,2025-03-08T12:30:00Z,0,0,0,0,0,0,0,0,0.0,0.0,0.0,0.0,0.0,0.0,0.0,0.0,0,51
2024-25,28,276,364,Amad Diallo,MID,Man Utd,14,1,1,2025-03-09T16:30:00Z,0,0,0,0,0,0,0,0,0.0,0.0,0.0,0.0,0.0,0.0,0.0,0.0,0,54
2024-25,28,276,365,Antony Matheus dos Santos,MID,Man Utd,14,1,1,2025-03-09T16:30:00Z,0,0,0,0,0,0,0,0,0.0,0.0,0.0,0.0,0.0,0.0,0.0,0.0,0,57
2024-25,28,276,366,Bruno Borges Fernandes,MID,Man Utd,14,1,1,2025-03-09T16:30:00Z,90,9,1,0,0,1,2,31,54.4,13.8,33.0,10.1,0.36,0.05,0.41,1.62,1,83
2024-25,28,276,367,Altay Bayindir,GK,Man Utd,14,1,1,2025-03-09T16:30:00Z,0,0,0,0,0,0,0,0,0.0,0.0,0.0,0.0,0.0,0.0,0.0,0.0,0,43
2024-25,28,276,368,Carlos Henrique Casimiro,MID,Man Utd,14,1,1,2025-03-09T16:30:00Z,90,2,0,0,0,1,0,8,33.0,2.0,2.0,3.7,0.01,0.01,0.02,1.62,1,47
2024-25,28,276,369,Diogo Dalot Teixeira,DEF,Man Utd,14,1,1,2025-03-09T16:30:00Z,90,2,0,0,0,1,0,12,22.2,16.1,0.0,3.8,0.0,0.07,0.07,1.62,1,50
2024-25,28,276,370,Christian Eriksen,MID,Man Utd,14,1,1,2025-03-09T16:30:00Z,75,2,0,0,0,1,0,6,13.0,6.7,0.0,2.0,0.0,0.01,0.01,0.96,1,52
2024-25,28,276,371,Jonny Evans,DEF,Man Utd,14,1,1,2025-03-09T16:30:00Z,0,0,0,0,0,0,0,0,0.0,0.0,0.0,0.0,0.0,0.0,0.0,0.0,0,44
2024-25,28,276,372,Alejandro Garnacho,MID,Man Utd,14,1,1,2025-03-09T16:30:00Z,90,5,0,1,0,1,0,18,10.2,19.9,13.0,4.3,0.07,0.09,0.16,1.62,1,59
2024-25,28,276,373,Hannibal Mejbri,MID,Man Utd,14,1,1,2025-03-09T16:30:00Z,0,0,0,0,0,0,0,0,0.0,0.0,0.0,0.0,0.0,0.0,0.0,0.0,0,45
2024-25,28,276,374,Tom Heaton,GK,Man Utd,14,1,1,2025-03-09T16:30:00Z,0,0,0,0,0,0,0,0,0.0,0.0,0.0,0.0,0.0,0.0,0.0,0.0,0,39
2024-25,28,276,375,Rasmus Højlund,FWD,Man Utd,14,1,1,2025-03-09T16:30:00Z,14,1,0,0,0,0,0,2,0.6,0.6,7.0,0.8,0.19,0.02,0.21,0.66,0,69
2024-25,28,276,376,Victor Lindelöf,DEF,Man Utd,14,1,1,2025-03-09T16:30:00Z,90,2,0,0,0,1,0,6,16.8,11.3,0.0,2.8,0.0,0.0,0.0,1.62,1,43
2024-25,28,276,377,Harry Maguire,DEF,Man Utd,14,1,1,2025-03-09T16:30:00Z,0,0,0,0,0,0,0,0,0.0,0.0,0.0,0.0,0.0,0.0,0.0,0.0,0,49
2024-25,28,276,378,Kobbie Mainoo,MID,Man Utd,14,1,1,2025-03-09T16:30:00Z,0,0,0,0,0,0,0,0,0.0,0.0,0.0,0.0,0.0,0.0,0.0,0.0,0,52
2024-25,28,276,379,Tyrell Malacia,DEF,Man Utd,14,1,1,2025-03-09T16:30:00Z,0,0,0,0,0,0,0,0,0.0,0.0,0.0,0.0,0.0,0.0,0.0,0.0,0,44
2024-25,28,276,380,Lisandro Martínez,DEF,Man Utd,14,1,1,2025-03-09T16:30:00Z,0,0,0,0,0,0,0,0,0.0,0.0,0.0,0.0,0.0,0.0,0.0,0.0,0,43
2024-25,28,276,381,Scott McTominay,MID,Man Utd,14,1,1,2025-03-09T16:30:00Z,0,0,0,0,0,0,0,0,0.0,0.0,0.0,0.0,0.0,0.0,0.0,0.0,0,49
2024-25,28,276,382,Mason Mount,MID,Man Utd,14,1,1,2025-03-09T16:30:00Z,0,0,0,0,0,0,0,0,0.0,0.0,0.0,0.0,0.0,0.0,0.0,0.0,0,63
2024-25,28,276,383,André Onana,GK,Man Utd,14,1,1,2025-03-09T16:30:00Z,90,3,0,0,0,1,0,16,34.2,0.0,0.0,3.4,0.0,0.0,0.0,1.62,1,50
2024-25,28,276,384,Facundo Pellistri Rebollo,MID,Man Utd,14,1,1,2025-03-09T16:30:00Z,0,0,0,0,0,0,0,0,0.0,0.0,0.0,0.0,0.0,0.0,0.0,0.0,0,50
2024-25,28,271,385,Marcus Rashford,MID,Aston Villa,2,4,0,2025-03-08T17:30:00Z,22,1,0,0,0,0,0,3,7.0,0.5,0.0,0.8,0.0,0.0,0.0,0.52,0,67
2024-25,28,273,386,Jadon Sancho,MID,Chelsea,6,11,1,2025-03-09T14:00:00Z,90,3,0,0,1,0,0,14,12.4,36.6,28.0,7.7,0.06,0.11,0.17,0.1,1,62
2024-25,28,276,387,Luke Shaw,DEF,Man Utd,14,1,1,2025-03-09T16:30:00Z,0,0,0,0,0,0,0,0,0.0,0.0,0.0,0.0,0.0,0.0,0.0,0.0,0,49
2024-25,28,279,388,Aaron Wan-Bissaka,DEF,West Ham,19,15,1,2025-03-10T20:00:00Z,90,2,0,0,0,1,0,13,14.0,3.6,0.0,1.8,0.0,0.01,0.01,1.38,1,44
2024-25,28,276,389,Joshua Zirkzee,FWD,Man Utd,14,1,1,2025-03-09T16:30:00Z,75,2,0,0,0,1,0,6,4.2,2.8,33.0,4.0,0.65,0.0,0.65,0.96,1,65
2024-25,28,279,390,Alex Murphy,DEF,Newcastle,15,19,0,2025-03-10T20:00:00Z,0,0,0,0,0,0,0,0,0.0,0.0,0.0,0.0,0.0,0.0,0.0,0.0,0,40
2024-25,28,279,391,Miguel Almirón Rejala,MID,Newcastle,15,19,0,2025-03-10T20:00:00Z,0,0,0,0,0,0,0,0,0.0,0.0,0.0,0.0,0.0,0.0,0.0,0.0,0,54
2024-25,28,279,392,Harvey Barnes,MID,Newcastle,15,19,0,2025-03-10T20:00:00Z,78,6,0,1,1,0,0,21,26.6,28.7,67.0,12.2,0.38,0.48,0.86,0.4,1,59
2024-25,28,279,393,Sven Botman,DEF,Newcastle,15,19,0,2025-03-10T20:00:00Z,0,0,0,0,0,0,0,0,0.0,0.0,0.0,0.0,0.0,0.0,0.0,0.0,0,44
2024-25,28,279,394,Bruno Guimarães Rodriguez Moura,MID,Newcastle,15,19,0,2025-03-10T20:00:00Z,87,11,1,0,1,0,3,36,38.4,18.4,35.0,9.2,0.48,0.16,0.64,0.4,1,61
2024-25,28,279,395,Dan Burn,DEF,Newcastle,15,19,0,2025-03-10T20:00:00Z,90,5,0,0,1,0,0,22,29.8,10.8,6.0,4.7,0.0,0.1,0.1,0.45,1,44
2024-25,28,279,396,Martin Dúbravka,GK,Newcastle,15,19,0,2025-03-10T20:00:00Z,0,0,0,0,0,0,0,0,0.0,0.0,0.0,0.0,0.0,0.0,0.0,0.0,0,43
2024-25,28,275,397,Ryan Fraser,MID,Southampton,17,12,0,2025-03-08T15:00:00Z,0,0,0,0,0,0,0,0,0.0,0.0,0.0,0.0,0.0,0.0,0.0,0.0,0,48
2024-25,28,279,398,Anthony Gordon,MID,Newcastle,15,19,0,2025-03-10T20:00:00Z,0,0,0,0,0,0,0,0,0.0,0.0,0.0,0.0,0.0,0.0,0.0,0.0,0,74
2024-25,28,279,399,Lewis Hall,DEF,Newcastle,15,19,0,2025-03-10T20:00:00Z,0,0,0,0,0,0,0,0,0.0,0.0,0.0,0.0,0.0,0.0,0.0,0.0,0,49
2024-25,28,279,400,Isaac Hayden,MID,Newcastle,15,19,0,2025-03-10T20:00:00Z,0,0,0,0,0,0,0,0,0.0,0.0,0.0,0.0,0.0,0.0,0.0,0.0,0,44
2024-25,28,279,401,Alexander Isak,FWD,Newcastle,15,19,0,2025-03-10T20:00:00Z,78,2,0,0,1,0,0,-3,0.0,2.6,13.0,1.3,0.36,0.03,0.39,0.4,1,94
2024-25,28,279,402,Jacob Murphy,MID,Newcastle,15,19,0,2025-03-10T20:00:00Z,90,3,0,0,1,0,0,8,12.2,7.4,12.0,3.2,0.08,0.06,0.14,0.45,1,51
2024-25,28,279,403,Joelinton Cássio Apolinário de Lira,MID,Newcastle,15,19,0,2025-03-10T20:00:00Z,90,3,0,0,1,0,0,9,8.0,3.8,1.0,1.3,0.06,0.03,0.09,0.45,1,60
2024-25,28,279,404,Lloyd Kelly,DEF,Newcastle,15,19,0,2025-03-10T20:00:00Z,0,0,0,0,0,0,0,0,0.0,0.0,0.0,0.0,0.0,0.0,0.0,0.0,0,42
2024-25,28,279,405,Emil Krafth,DEF,Newcastle,15,19,0,2025-03-10T20:00:00Z,0,0,0,0,0,0,0,0,0.0,0.0,0.0,0.0,0.0,0.0,0.0,0.0,0,43
2024-25,28,279,406,Garang Kuol,MID,Newcastle,15,19,0,2025-03-10T20:00:00Z,0,0,0,0,0,0,0,0,0.0,0.0,0.0,0.0,0.0,0.0,0.0,0.0,0,44
2024-25,28,279,407,Jamaal Lascelles,DEF,Newcastle,15,19,0,2025-03-10T20:00:00Z,0,0,0,0,0,0,0,0,0.0,0.0,0.0,0.0,0.0,0.0,0.0,0.0,0,45
2024-25,28,279,408,Jamal Lewis,DEF,Newcastle,15,19,0,2025-03-10T20:00:00Z,0,0,0,0,0,0,0,0,0.0,0.0,0.0,0.0,0.0,0.0,0.0,0.0,0,40
2024-25,28,279,409,Tino Livramento,DEF,Newcastle,15,19,0,2025-03-10T20:00:00Z,90,7,0,0,1,0,1,28,14.8,20.1,4.0,3.9,0.0,0.05,0.05,0.45,1,45
2024-25,28,279,410,Sean Longstaff,MID,Newcastle,15,19,0,2025-03-10T20:00:00Z,2,1,0,0,0,0,0,2,0.0,0.0,0.0,0.0,0.0,0.0,0.0,0.06,0,45
2024-25,28,279,411,Lewis Miley,MID,Newcastle,15,19,0,2025-03-10T20:00:00Z,0,0,0,0,0,0,0,0,0.0,0.0,0.0,0.0,0.0,0.0,0.0,0.0,0,50
2024-25,28,279,412,Odysseas Vlachodimos,GK,Newcastle,15,19,0,2025-03-10T20:00:00Z,0,0,0,0,0,0,0,0,0.0,0.0,0.0,0.0,0.0,0.0,0.0,0.0,0,42
2024-25,28,279,413,Nick Pope,GK,Newcastle,15,19,0,2025-03-10T20:00:00Z,90,6,0,0,1,0,0,25,15.2,0.0,0.0,1.5,0.0,0.0,0.0,0.45,1,49
2024-25,28,279,414,John Ruddy,GK,Newcastle,15,19,0,2025-03-10T20:00:00Z,0,0,0,0,0,0,0,0,0.0,0.0,0.0,0.0,0.0,0.0,0.0,0.0,0,39
2024-25,28,279,415,Fabian Schär,DEF,Newcastle,15,19,0,2025-03-10T20:00:00Z,90,6,0,0,1,0,0,24,22.4,4.8,2.0,2.9,0.0,0.01,0.01,0.45,1,54
2024-25,28,279,416,Matt Targett,DEF,Newcastle,15,19,0,2025-03-10T20:00:00Z,0,0,0,0,0,0,0,0,0.0,0.0,0.0,0.0,0.0,0.0,0.0,0.0,0,39
2024-25,28,279,417,Sandro Tonali,MID,Newcastle,15,19,0,2025-03-10T20:00:00Z,90,3,0,0,1,0,0,15,21.0,20.3,4.0,4.5,0.0,0.04,0.04,0.45,1,55
2024-25,28,279,418,Kieran Trippier,DEF,Newcastle,15,19,0,2025-03-10T20:00:00Z,90,8,0,0,1,0,2,29,17.6,32.3,2.0,5.2,0.02,0.03,0.05,0.45,1,56
2024-25,28,279,419,Joe White,MID,Newcastle,15,19,0,2025-03-10T20:00:00Z,0,0,0,0,0,0,0,0,0.0,0.0,0.0,0.0,0.0,0.0,0.0,0.0,0,45
2024-25,28,279,420,Joe Willock,MID,Newcastle,15,19,0,2025-03-10T20:00:00Z,11,1,0,0,0,0,0,2,2.6,0.3,2.0,0.5,0.0,0.0,0.0,0.06,0,47
2024-25,28,279,421,Callum Wilson,FWD,Newcastle,15,19,0,2025-03-10T20:00:00Z,11,1,0,0,0,0,0,4,1.2,0.0,0.0,0.1,0.0,0.0,0.0,0.06,0,69
2024-25,28,277,422,Ola Aina,DEF,Nott'm Forest,16,13,1,2025-03-08T12:30:00Z,90,6,0,0,1,0,0,17,14.0,1.7,0.0,1.6,0.0,0.02,0.02,0.86,1,53
2024-25,28,277,423,Elliot Anderson,MID,Nott'm Forest,16,13,1,2025-03-08T12:30:00Z,90,3,0,0,1,0,0,4,9.8,12.2,4.0,2.6,0.0,0.02,0.02,0.86,1,50
2024-25,28,277,424,Taiwo Awoniyi,FWD,Nott'm Forest,16,13,1,2025-03-08T12:30:00Z,3,1,0,0,0,0,0,-1,0.2,0.0,0.0,0.0,0.0,0.0,0.0,0.07,0,55
2024-25,28,277,425,Willy Boly,DEF,Nott'm Forest,16,13,1,2025-03-08T12:30:00Z,0,0,0,0,0,0,0,0,0.0,0.0,0.0,0.0,0.0,0.0,0.0,0.0,0,42
2024-25,28,277,426,Josh Bowler,MID,Nott'm Forest,16,13,1,2025-03-08T12:30:00Z,0,0,0,0,0,0,0,0,0.0,0.0,0.0,0.0,0.0,0.0,0.0,0.0,0,45
2024-25,28,277,427,Carlos Miguel dos Santos Pereira,GK,Nott'm Forest,16,13,1,2025-03-08T12:30:00Z,0,0,0,0,0,0,0,0,0.0,0.0,0.0,0.0,0.0,0.0,0.0,0.0,0,41
2024-25,28,277,428,Eric da Silva Moreira,MID,Nott'm Forest,16,13,1,2025-03-08T12:30:00Z,0,0,0,0,0,0,0,0,0.0,0.0,0.0,0.0,0.0,0.0,0.0,0.0,0,44
2024-25,28,277,429,Danilo dos Santos de Oliveira,MID,Nott'm Forest,16,13,1,2025-03-08T12:30:00Z,0,0,0,0,0,0,0,0,0.0,0.0,0.0,0.0,0.0,0.0,0.0,0.0,0,47
2024-25,28,277,430,Emmanuel Dennis,FWD,Nott'm Forest,16,13,1,2025-03-08T12:30:00Z,0,0,0,0,0,0,0,0,0.0,0.0,0.0,0.0,0.0,0.0,0.0,0.0,0,49
2024-25,28,277,431,Nicolás Domínguez,MID,Nott'm Forest,16,13,1,2025-03-08T12:30:00Z,68,3,0,0,1,0,0,10,21.4,11.1,17.0,5.0,0.04,0.01,0.05,0.69,1,48
2024-25,28,277,432,Anthony Elanga,MID,Nott'm Forest,16,13,1,2025-03-08T12:30:00Z,79,3,0,0,1,0,0,15,11.8,48.8,8.0,6.9,0.0,0.16,0.16,0.79,1,53
2024-25,28,277,433,Morgan Gibbs-White,MID,Nott'm Forest,16,13,1,2025-03-08T12:30:00Z,90,5,0,1,1,0,0,14,20.0,12.3,19.0,5.1,0.34,0.02,0.36,0.86,1,65
2024-25,28,277,434,Callum Hudson-Odoi,MID,Nott'm Forest,16,13,1,2025-03-08T12:30:00Z,86,10,1,0,1,0,3,36,43.0,35.3,38.0,11.6,0.09,0.1,0.19,0.79,1,52
2024-25,28,277,435,Alex Mighten,MID,Nott'm Forest,16,13,1,2025-03-08T12:30:00Z,0,0,0,0,0,0,0,0,0.0,0.0,0.0,0.0,0.0,0.0,0.0,0.0,0,45
2024-25,28,277,436,Murillo Santiago Costa dos Santos,DEF,Nott'm Forest,16,13,1,2025-03-08T12:30:00Z,90,8,0,0,1,0,2,28,20.2,4.8,0.0,2.5,0.0,0.03,0.03,0.86,1,47
2024-25,28,277,437,Neco Williams,DEF,Nott'm Forest,16,13,1,2025-03-08T12:30:00Z,90,6,0,0,1,0,0,24,16.4,1.7,0.0,1.8,0.0,0.01,0.01,0.86,1,44
2024-25,28,277,438,Omar Richards,DEF,Nott'm Forest,16,13,1,2025-03-08T12:30:00Z,0,0,0,0,0,0,0,0,0.0,0.0,0.0,0.0,0.0,0.0,0.0,0.0,0,45
2024-25,28,277,439,Lewis O'Brien,MID,Nott'm Forest,16,13,1,2025-03-08T12:30:00Z,0,0,0,0,0,0,0,0,0.0,0.0,0.0,0.0,0.0,0.0,0.0,0.0,0,50
2024-25,28,277,440,Andrew Omobamidele,DEF,Nott'm Forest,16,13,1,2025-03-08T12:30:00Z,0,0,0,0,0,0,0,0,0.0,0.0,0.0,0.0,0.0,0.0,0.0,0.0,0,42
2024-25,28,277,441,Jonathan Panzo,DEF,Nott'm Forest,16,13,1,2025-03-08T12:30:00Z,0,0,0,0,0,0,0,0,0.0,0.0,0.0,0.0,0.0,0.0,0.0,0.0,0,40
2024-25,28,277,442,Ibrahim Sangaré,MID,Nott'm Forest,16,13,1,2025-03-08T12:30:00Z,10,1,0,0,0,0,0,3,0.4,0.2,0.0,0.1,0.0,0.0,0.0,0.07,0,43
2024-25,28,277,443,Matz Sels,GK,Nott'm Forest,16,13,1,2025-03-08T12:30:00Z,90,8,0,0,1,0,1,27,16.8,10.0,0.0,2.7,0.0,0.01,0.01,0.86,1,50
2024-25,28,277,444,Harry Toffolo,DEF,Nott'm Forest,16,13,1,2025-03-08T12:30:00Z,0,0,0,0,0,0,0,0,0.0,0.0,0.0,0.0,0.0,0.0,0.0,0.0,0,42
2024-25,28,274,445,Matt Turner,GK,Crystal Palace,7,10,1,2025-03-08T15:00:00Z,0,0,0,0,0,0,0,0,0.0,0.0,0.0,0.0,0.0,0.0,0.0,0.0,0,39
2024-25,28,277,446,Hwang Ui-jo,FWD,Nott'm Forest,16,13,1,2025-03-08T12:30:00Z,0,0,0,0,0,0,0,0,0.0,0.0,0.0,0.0,0.0,0.0,0.0,0.0,0,45
2024-25,28,277,447,Chris Wood,FWD,Nott'm Forest,16,13,1,2025-03-08T12:30:00Z,86,2,0,0,1,0,0,5,0.0,1.8,14.0,1.4,0.25,0.01,0.26,0.79,1,72
2024-25,28,277,448,Joe Worrall,DEF,Nott'm Forest,16,13,1,2025-03-08T12:30:00Z,0,0,0,0,0,0,0,0,0.0,0.0,0.0,0.0,0.0,0.0,0.0,0.0,0,45
2024-25,28,277,449,Ryan Yates,MID,Nott'm Forest,16,13,1,2025-03-08T12:30:00Z,21,0,0,0,0,0,0,0,2.2,0.1,0.0,0.2,0.0,0.0,0.0,0.18,0,48
2024-25,28,280,450,Carlos Alcaraz Durán,MID,Everton,8,20,0,2025-03-08T20:00:00Z,27,0,0,0,0,0,0,3,8.0,11.3,11.0,3.0,0.12,0.04,0.16,0.09,0,49
2024-25,28,275,451,Samuel Amo-Ameyaw,MID,Southampton,17,12,0,2025-03-08T15:00:00Z,0,0,0,0,0,0,0,0,0.0,0.0,0.0,0.0,0.0,0.0,0.0,0.0,0,44
2024-25,28,275,452,Joe Aribo,MID,Southampton,17,12,0,2025-03-08T15:00:00Z,7,1,0,0,0,1,0,3,0.4,0.0,0.0,0.0,0.0,0.0,0.0,0.85,0,49
2024-25,28,275,453,Adam Armstrong,FWD,Southampton,17,12,0,2025-03-08T15:00:00Z,0,0,0,0,0,0,0,0,0.0,0.0,0.0,0.0,0.0,0.0,0.0,0.0,0,51
2024-25,28,275,454,Gavin Bazunu,GK,Southampton,17,12,0,2025-03-08T15:00:00Z,0,0,0,0,0,0,0,0,0.0,0.0,0.0,0.0,0.0,0.0,0.0,0.0,0,43
2024-25,28,275,455,Jan Bednarek,DEF,Southampton,17,12,0,2025-03-08T15:00:00Z,18,1,0,0,0,0,0,4,6.0,0.0,0.0,0.6,0.0,0.0,0.0,0.18,1,40
2024-25,28,275,456,Armel Bella-Kotchap,DEF,Southampton,17,12,0,2025-03-08T15:00:00Z,71,1,0,0,0,3,0,-3,19.4,0.0,0.0,1.9,0.0,0.0,0.0,3.94,0,39
2024-25,28,275,457,James Bree,DEF,Southampton,17,12,0,2025-03-08T15:00:00Z,0,0,0,0,0,0,0,0,0.0,0.0,0.0,0.0,0.0,0.0,0.0,0.0,0,39
2024-25,28,275,458,Shea Charles,MID,Southampton,17,12,0,2025-03-08T15:00:00Z,0,0,0,0,0,0,0,0,0.0,0.0,0.0,0.0,0.0,0.0,0.0,0.0,0,45
2024-25,28,275,459,Samuel Edozie,MID,Southampton,17,12,0,2025-03-08T15:00:00Z,0,0,0,0,0,0,0,0,0.0,0.0,0.0,0.0,0.0,0.0,0.0,0.0,0,49
2024-25,28,275,460,Ronnie Edwards,DEF,Southampton,17,12,0,2025-03-08T15:00:00Z,0,0,0,0,0,0,0,0,0.0,0.0,0.0,0.0,0.0,0.0,0.0,0.0,0,39
2024-25,28,275,461,Taylor Harwood-Bellis,DEF,Southampton,17,12,0,2025-03-08T15:00:00Z,90,1,0,0,0,3,0,5,36.2,0.0,35.0,7.1,0.14,0.0,0.14,4.12,1,40
2024-25,28,275,462,Kamaldeen Sulemana,MID,Southampton,17,12,0,2025-03-08T15:00:00Z,90,2,0,0,0,3,0,8,5.8,1.1,6.0,1.3,0.03,0.01,0.04,4.12,1,50
2024-25,28,275,463,Adam Lallana,MID,Southampton,17,12,0,2025-03-08T15:00:00Z,19,1,0,0,0,1,0,2,3.2,0.2,0.0,0.3,0.0,0.0,0.0,0.93,0,50
2024-25,28,275,464,Juan Larios López,DEF,Southampton,17,12,0,2025-03-08T15:00:00Z,0,0,0,0,0,0,0,0,0.0,0.0,0.0,0.0,0.0,0.0,0.0,0.0,0,39
2024-25,28,275,465,Mateusz Lis,GK,Southampton,17,12,0,2025-03-08T15:00:00Z,0,0,0,0,0,0,0,0,0.0,0.0,0.0,0.0,0.0,0.0,0.0,0.0,0,40
2024-25,28,275,466,Joe Lumley,GK,Southampton,17,12,0,2025-03-08T15:00:00Z,0,0,0,0,0,0,0,0,0.0,0.0,0.0,0.0,0.0,0.0,0.0,0.0,0,40
2024-25,28,275,467,Ryan Manning,DEF,Southampton,17,12,0,2025-03-08T15:00:00Z,82,1,0,0,0,2,0,8,30.6,0.0,0.0,3.1,0.0,0.01,0.01,3.27,1,43
2024-25,28,275,468,Sékou Mara,FWD,Southampton,17,12,0,2025-03-08T15:00:00Z,0,0,0,0,0,0,0,0,0.0,0.0,0.0,0.0,0.0,0.0,0.0,0.0,0,50
2024-25,28,275,469,Alex McCarthy,GK,Southampton,17,12,0,2025-03-08T15:00:00Z,0,0,0,0,0,0,0,0,0.0,0.0,0.0,0.0,0.0,0.0,0.0,0.0,0,43
2024-25,28,275,470,Paul Onuachu,FWD,Southampton,17,12,0,2025-03-08T15:00:00Z,6,0,0,0,0,1,0,-2,0.0,1.3,0.0,0.0,0.0,0.0,0.0,0.85,0,49
2024-25,28,275,471,Will Smallbone,MID,Southampton,17,12,0,2025-03-08T15:00:00Z,70,7,1,0,0,2,0,25,41.0,24.9,19.0,8.5,0.08,0.08,0.16,3.18,1,50
2024-25,28,275,472,Jack Stephens,DEF,Southampton,17,12,0,2025-03-08T15:00:00Z,0,0,0,0,0,0,0,0,0.0,0.0,0.0,0.0,0.0,0.0,0.0,0.0,0,40
2024-25,28,275,473,Ross Stewart,FWD,Southampton,17,12,0,2025-03-08T15:00:00Z,0,0,0,0,0,0,0,0,0.0,0.0,0.0,0.0,0.0,0.0,0.0,0.0,0,44
2024-25,28,275,474,Sugawara Yukinari,DEF,Southampton,17,12,0,2025-03-08T15:00:00Z,26,1,0,0,0,1,0,-5,0.0,3.2,0.0,0.3,0.0,0.0,0.0,1.21,0,42
2024-25,28,275,475,Charlie Taylor,DEF,Southampton,17,12,0,2025-03-08T15:00:00Z,0,0,0,0,0,0,0,0,0.0,0.0,0.0,0.0,0.0,0.0,0.0,0.0,0,39
2024-25,28,275,476,Kyle Walker-Peters,DEF,Southampton,17,12,0,2025-03-08T15:00:00Z,90,1,0,0,0,3,0,2,13.4,10.8,0.0,2.4,0.0,0.0,0.0,4.12,1,43
2024-25,28,275,477,Nathan Wood-Gordon,DEF,Southampton,17,12,0,2025-03-08T15:00:00Z,0,0,0,0,0,0,0,0,0.0,0.0,0.0,0.0,0.0,0.0,0.0,0.0,0,40
2024-25,28,278,478,Ashley Phillips,DEF,Spurs,18,3,1,2025-03-09T14:00:00Z,0,0,0,0,0,0,0,0,0.0,0.0,0.0,0.0,0.0,0.0,0.0,0.0,0,40
2024-25,28,278,479,Brandon Austin,GK,Spurs,18,3,1,2025-03-09T14:00:00Z,0,0,0,0,0,0,0,0,0.0,0.0,0.0,0.0,0.0,0.0,0.0,0.0,0,40
2024-25,28,278,480,Rodrigo Bentancur,MID,Spurs,18,3,1,2025-03-09T14:00:00Z,60,1,0,0,0,1,0,8,10.8,3.8,0.0,1.5,0.0,0.04,0.04,1.29,1,49
2024-25,28,278,481,Lucas Bergvall,MID,Spurs,18,3,1,2025-03-09T14:00:00Z,45,4,0,1,0,1,0,18,21.2,12.9,3.0,3.7,0.04,0.01,0.05,1.0,0,44
2024-25,28,278,482,Yves Bissouma,MID,Spurs,18,3,1,2025-03-09T14:00:00Z,45,0,0,0,0,1,0,11,3.6,2.2,5.0,1.1,0.09,0.01,0.1,1.2,1,48
2024-25,28,278,483,Bryan Gil Salvatierra,MID,Spurs,18,3,1,2025-03-09T14:00:00Z,0,0,0,0,0,0,0,0,0.0,0.0,0.0,0.0,0.0,0.0,0.0,0.0,0,50
2024-25,28,278,484,Ben Davies,DEF,Spurs,18,3,1,2025-03-09T14:00:00Z,0,0,0,0,0,0,0,0,0.0,0.0,0.0,0.0,0.0,0.0,0.0,0.0,0,43
2024-25,28,278,485,Alfie Devine,MID,Spurs,18,3,1,2025-03-09T14:00:00Z,0,0,0,0,0,0,0,0,0.0,0.0,0.0,0.0,0.0,0.0,0.0,0.0,0,45
2024-25,28,278,486,Radu Drăgușin,DEF,Spurs,18,3,1,2025-03-09T14:00:00Z,0,0,0,0,0,0,0,0,0.0,0.0,0.0,0.0,0.0,0.0,0.0,0.0,0,43
2024-25,28,278,487,Emerson Leite de Souza Junior,DEF,Spurs,18,3,1,2025-03-09T14:00:00Z,0,0,0,0,0,0,0,0,0.0,0.0,0.0,0.0,0.0,0.0,0.0,0.0,0,45
2024-25,28,278,488,Fraser Forster,GK,Spurs,18,3,1,2025-03-09T14:00:00Z,0,0,0,0,0,0,0,0,0.0,0.0,0.0,0.0,0.0,0.0,0.0,0.0,0,43
2024-25,28,278,489,Archie Gray,MID,Spurs,18,3,1,2025-03-09T14:00:00Z,0,0,0,0,0,0,0,0,0.0,0.0,0.0,0.0,0.0,0.0,0.0,0.0,0,46
2024-25,28,278,490,Pierre-Emile Højbjerg,MID,Spurs,18,3,1,2025-03-09T14:00:00Z,0,0,0,0,0,0,0,0,0.0,0.0,0.0,0.0,0.0,0.0,0.0,0.0,0,50
2024-25,28,278,491,Brennan Johnson,MID,Spurs,18,3,1,2025-03-09T14:00:00Z,45,1,0,0,0,1,0,0,0.0,3.1,10.0,1.3,0.0,0.02,0.02,1.2,1,62
2024-25,28,278,492,Dejan Kulusevski,MID,Spurs,18,3,1,2025-03-09T14:00:00Z,0,0,0,0,0,0,0,0,0.0,0.0,0.0,0.0,0.0,0.0,0.0,0.0,0,63
2024-25,28,278,493,Giovani Lo Celso,MID,Spurs,18,3,1,2025-03-09T14:00:00Z,0,0,0,0,0,0,0,0,0.0,0.0,0.0,0.0,0.0,0.0,0.0,0.0,0,49
2024-25,28,278,494,James Maddison,MID,Spurs,18,3,1,2025-03-09T14:00:00Z,29,0,0,0,0,1,0,2,2.2,14.8,7.0,2.4,0.04,0.1,0.14,0.91,0,74
2024-25,28,278,495,Pedro Porro,DEF,Spurs,18,3,1,2025-03-09T14:00:00Z,86,1,0,0,0,2,0,7,21.0,47.7,2.0,7.1,0.0,0.2,0.2,2.13,1,53
2024-25,28,278,496,Sergio Reguilón,DEF,Spurs,18,3,1,2025-03-09T14:00:00Z,0,0,0,0,0,0,0,0,0.0,0.0,0.0,0.0,0.0,0.0,0.0,0.0,0,41
2024-25,28,278,497,Richarlison de Andrade,FWD,Spurs,18,3,1,2025-03-09T14:00:00Z,0,0,0,0,0,0,0,0,0.0,0.0,0.0,0.0,0.0,0.0,0.0,0.0,0,68
2024-25,28,278,498,Cristian Romero,DEF,Spurs,18,3,1,2025-03-09T14:00:00Z,60,2,0,0,0,1,0,5,5.8,0.9,19.0,2.6,0.03,0.01,0.04,1.29,1,49
2024-25,28,278,499,Pape Matar Sarr,MID,Spurs,18,3,1,2025-03-09T14:00:00Z,90,10,1,0,0,2,3,40,52.2,34.8,13.0,10.0,0.14,0.06,0.2,2.2,1,47
2024-25,28,278,500,Dane Scarlett,FWD,Spurs,18,3,1,2025-03-09T14:00:00Z,0,0,0,0,0,0,0,0,0.0,0.0,0.0,0.0,0.0,0.0,0.0,0.0,0,44
2024-25,28,273,501,Oliver Skipp,MID,Leicester,11,6,0,2025-03-09T14:00:00Z,0,0,0,0,0,0,0,0,0.0,0.0,0.0,0.0,0.0,0.0,0.0,0.0,0,47
2024-25,28,278,502,Manor Solomon,MID,Spurs,18,3,1,2025-03-09T14:00:00Z,0,0,0,0,0,0,0,0,0.0,0.0,0.0,0.0,0.0,0.0,0.0,0.0,0,54
2024-25,28,278,503,Son Heung-min,MID,Spurs,18,3,1,2025-03-09T14:00:00Z,45,6,1,0,0,1,0,23,36.4,11.6,27.0,7.5,0.81,0.04,0.85,1.0,0,97
2024-25,28,278,504,Djed Spence,DEF,Spurs,18,3,1,2025-03-09T14:00:00Z,90,1,0,0,0,2,0,8,13.2,5.1,2.0,2.0,0.0,0.02,0.02,2.2,1,44
2024-25,28,278,505,Destiny Udogie,DEF,Spurs,18,3,1,2025-03-09T14:00:00Z,3,1,0,0,0,0,0,2,0.2,0.4,0.0,0.1,0.0,0.0,0.0,0.07,0,48
2024-25,28,278,506,Micky van de Ven,DEF,Spurs,18,3,1,2025-03-09T14:00:00Z,29,1,0,0,0,1,0,-1,7.6,0.1,0.0,0.8,0.0,0.0,0.0,0.91,0,45
2024-25,28,278,507,Alejo Véliz,FWD,Spurs,18,3,1,2025-03-09T14:00:00Z,0,0,0,0,0,0,0,0,0.0,0.0,0.0,0.0,0.0,0.0,0.0,0.0,0,50
2024-25,28,278,508,Guglielmo Vicario,GK,Spurs,18,3,1,2025-03-09T14:00:00Z,90,3,0,0,0,2,0,15,52.2,0.0,0.0,5.2,0.0,0.0,0.0,2.2,1,48
2024-25,28,278,509,Timo Werner,MID,Spurs,18,3,1,2025-03-09T14:00:00Z,0,0,0,0,0,0,0,0,0.0,0.0,0.0,0.0,0.0,0.0,0.0,0.0,0,62
2024-25,28,278,510,Alfie Whiteman,GK,Spurs,18,3,1,2025-03-09T14:00:00Z,0,0,0,0,0,0,0,0,0.0,0.0,0.0,0.0,0.0,0.0,0.0,0.0,0,39
2024-25,28,279,511,Edson Álvarez Velázquez,MID,West Ham,19,15,1,2025-03-10T20:00:00Z,64,2,0,0,0,1,0,6,10.4,2.3,6.0,1.9,0.0,0.02,0.02,1.38,1,50
2024-25,28,279,512,Michail Antonio,FWD,West Ham,19,15,1,2025-03-10T20:00:00Z,0,0,0,0,0,0,0,0,0.0,0.0,0.0,0.0,0.0,0.0,0.0,0.0,0,53
2024-25,28,279,513,Alphonse Areola,GK,West Ham,19,15,1,2025-03-10T20:00:00Z,90,3,0,0,0,1,0,10,22.4,0.0,0.0,2.2,0.0,0.0,0.0,1.38,1,42
2024-25,28,279,514,Jarrod Bowen,MID,West Ham,19,15,1,2025-03-10T20:00:00Z,90,2,0,0,0,1,0,10,6.2,7.7,30.0,4.4,0.12,0.01,0.13,1.38,1,75
2024-25,28,275,515,Maxwel Cornet,MID,Southampton,17,12,0,2025-03-08T15:00:00Z,0,0,0,0,0,0,0,0,0.0,0.0,0.0,0.0,0.0,0.0,0.0,0.0,0,47
2024-25,28,279,516,Vladimír Coufal,DEF,West Ham,19,15,1,2025-03-10T20:00:00Z,0,0,0,0,0,0,0,0,0.0,0.0,0.0,0.0,0.0,0.0,0.0,0.0,0,41
2024-25,28,279,517,Aaron Cresswell,DEF,West Ham,19,15,1,2025-03-10T20:00:00Z,68,2,0,0,0,1,0,5,10.0,0.8,0.0,1.1,0.0,0.0,0.0,1.38,1,39
2024-25,28,275,518,Flynn Downes,MID,Southampton,17,12,0,2025-03-08T15:00:00Z,0,0,0,0,0,0,0,0,0.0,0.0,0.0,0.0,0.0,0.0,0.0,0.0,0,47
2024-25,28,279,519,George Earthy,MID,West Ham,19,15,1,2025-03-10T20:00:00Z,0,0,0,0,0,0,0,0,0.0,0.0,0.0,0.0,0.0,0.0,0.0,0.0,0,45
2024-25,28,279,520,Emerson Palmieri dos Santos,DEF,West Ham,19,15,1,2025-03-10T20:00:00Z,0,0,0,0,0,0,0,0,0.0,0.0,0.0,0.0,0.0,0.0,0.0,0.0,0,44
2024-25,28,279,521,Łukasz Fabiański,GK,West Ham,19,15,1,2025-03-10T20:00:00Z,0,0,0,0,0,0,0,0,0.0,0.0,0.0,0.0,0.0,0.0,0.0,0.0,0,41
2024-25,28,279,522,Wes Foderingham,GK,West Ham,19,15,1,2025-03-10T20:00:00Z,0,0,0,0,0,0,0,0,0.0,0.0,0.0,0.0,0.0,0.0,0.0,0.0,0,43
2024-25,28,279,523,Danny Ings,FWD,West Ham,19,15,1,2025-03-10T20:00:00Z,6,1,0,0,0,0,0,3,0.2,0.8,2.0,0.3,0.0,0.0,0.0,0.0,0,49
2024-25,28,279,524,Max Kilman,DEF,West Ham,19,15,1,2025-03-10T20:00:00Z,90,2,0,0,0,1,0,11,10.6,1.2,0.0,1.2,0.0,0.0,0.0,1.38,1,43
2024-25,28,279,525,Mohammed Kudus,MID,West Ham,19,15,1,2025-03-10T20:00:00Z,90,2,0,0,0,1,0,11,7.6,17.1,24.0,4.9,0.11,0.01,0.12,1.38,1,62
2024-25,28,279,526,Luis Guilherme Lira dos Santos,MID,West Ham,19,15,1,2025-03-10T20:00:00Z,0,0,0,0,0,0,0,0,0.0,0.0,0.0,0.0,0.0,0.0,0.0,0.0,0,46
2024-25,28,279,527,Lucas Tolentino Coelho de Lima,MID,West Ham,19,15,1,2025-03-10T20:00:00Z,25,1,0,0,0,0,0,4,0.0,5.4,0.0,0.5,0.0,0.0,0.0,0.0,0,57
2024-25,28,279,528,Konstantinos Mavropanos,DEF,West Ham,19,15,1,2025-03-10T20:00:00Z,25,1,0,0,0,0,0,3,9.6,0.5,0.0,1.0,0.0,0.0,0.0,0.0,0,43
2024-25,28,279,529,Nayef Aguerd,DEF,West Ham,19,15,1,2025-03-10T20:00:00Z,0,0,0,0,0,0,0,0,0.0,0.0,0.0,0.0,0.0,0.0,0.0,0.0,0,44
2024-25,28,279,530,Tomáš Souček,MID,West Ham,19,15,1,2025-03-10T20:00:00Z,64,2,0,0,0,1,0,6,1.6,11.0,4.0,1.7,0.21,0.0,0.21,1.38,1,49
2024-25,28,279,531,James Ward-Prowse,MID,West Ham,19,15,1,2025-03-10T20:00:00Z,83,2,0,0,0,1,0,17,10.2,19.8,0.0,3.0,0.0,0.03,0.03,1.38,1,61
2024-25,28,279,532,Kurt Zouma,DEF,West Ham,19,15,1,2025-03-10T20:00:00Z,0,0,0,0,0,0,0,0,0.0,0.0,0.0,0.0,0.0,0.0,0.0,0.0,0,44
2024-25,28,280,533,Rayan Aït-Nouri,DEF,Wolves,20,8,1,2025-03-08T20:00:00Z,90,2,0,0,0,1,0,8,15.0,23.3,8.0,4.6,0.06,0.14,0.2,1.41,1,47
2024-25,28,280,534,Boubacar Traoré,MID,Wolves,20,8,1,2025-03-08T20:00:00Z,0,0,0,0,0,0,0,0,0.0,0.0,0.0,0.0,0.0,0.0,0.0,0.0,0,48
2024-25,28,280,535,Jean-Ricner Bellegarde,MID,Wolves,20,8,1,2025-03-08T20:00:00Z,82,5,0,1,0,1,0,17,22.0,43.4,9.0,7.4,0.03,0.27,0.3,1.3,1,49
2024-25,28,280,536,Daniel Bentley,GK,Wolves,20,8,1,2025-03-08T20:00:00Z,0,0,0,0,0,0,0,0,0.0,0.0,0.0,0.0,0.0,0.0,0.0,0.0,0,39
2024-25,28,280,537,Francisco Jorge Tomás Oliveira,MID,Wolves,20,8,1,2025-03-08T20:00:00Z,0,0,0,0,0,0,0,0,0.0,0.0,0.0,0.0,0.0,0.0,0.0,0.0,0,45
2024-25,28,280,538,Tawanda Chirewa,MID,Wolves,20,8,1,2025-03-08T20:00:00Z,0,0,0,0,0,0,0,0,0.0,0.0,0.0,0.0,0.0,0.0,0.0,0.0,0,45
2024-25,28,280,539,Leon Chiwome,FWD,Wolves,20,8,1,2025-03-08T20:00:00Z,0,0,0,0,0,0,0,0,0.0,0.0,0.0,0.0,0.0,0.0,0.0,0.0,0,45
2024-25,28,280,540,Luke Cundle,MID,Wolves,20,8,1,2025-03-08T20:00:00Z,0,0,0,0,0,0,0,0,0.0,0.0,0.0,0.0,0.0,0.0,0.0,0.0,0,45
2024-25,28,280,541,Matheus Santos Carneiro Da Cunha,FWD,Wolves,20,8,1,2025-03-08T20:00:00Z,0,0,0,0,0,0,0,0,0.0,0.0,0.0,0.0,0.0,0.0,0.0,0.0,0,70
2024-25,28,280,542,Craig Dawson,DEF,Wolves,20,8,1,2025-03-08T20:00:00Z,0,0,0,0,0,0,0,0,0.0,0.0,0.0,0.0,0.0,0.0,0.0,0.0,0,43
2024-25,28,280,543,Matt Doherty,DEF,Wolves,20,8,1,2025-03-08T20:00:00Z,90,2,0,0,0,1,0,10,23.8,4.6,0.0,2.8,0.0,0.04,0.04,1.41,1,43
2024-25,28,280,544,Tommy Doyle,MID,Wolves,20,8,1,2025-03-08T20:00:00Z,1,1,0,0,0,0,0,3,0.0,0.1,0.0,0.0,0.0,0.0,0.0,0.0,0,47
2024-25,28,280,545,Fábio Silva,FWD,Wolves,20,8,1,2025-03-08T20:00:00Z,0,0,0,0,0,0,0,0,0.0,0.0,0.0,0.0,0.0,0.0,0.0,0.0,0,50
2024-25,28,280,546,Nathan Fraser,FWD,Wolves,20,8,1,2025-03-08T20:00:00Z,0,0,0,0,0,0,0,0,0.0,0.0,0.0,0.0,0.0,0.0,0.0,0.0,0,45
2024-25,28,280,547,Enso González,MID,Wolves,20,8,1,2025-03-08T20:00:00Z,0,0,0,0,0,0,0,0,0.0,0.0,0.0,0.0,0.0,0.0,0.0,0.0,0,44
2024-25,28,280,548,Gonçalo Manuel Ganchinho Guedes,MID,Wolves,20,8,1,2025-03-08T20:00:00Z,7,1,0,0,0,0,0,3,0.0,2.3,0.0,0.2,0.0,0.0,0.0,0.12,0,53
2024-25,28,280,549,Hugo Bueno López,DEF,Wolves,20,8,1,2025-03-08T20:00:00Z,0,0,0,0,0,0,0,0,0.0,0.0,0.0,0.0,0.0,0.0,0.0,0.0,0,45
2024-25,28,280,550,Hwang Hee-chan,MID,Wolves,20,8,1,2025-03-08T20:00:00Z,16,1,0,0,0,0,0,0,0.2,1.7,2.0,0.4,0.0,0.0,0.0,0.19,0,61
2024-25,28,280,551,Joe Hodge,MID,Wolves,20,8,1,2025-03-08T20:00:00Z,0,0,0,0,0,0,0,0,0.0,0.0,0.0,0.0,0.0,0.0,0.0,0.0,0,45
2024-25,28,280,552,Ki-Jana Hoever,DEF,Wolves,20,8,1,2025-03-08T20:00:00Z,0,0,0,0,0,0,0,0,0.0,0.0,0.0,0.0,0.0,0.0,0.0,0.0,0,40
2024-25,28,280,553,João Victor Gomes da Silva,MID,Wolves,20,8,1,2025-03-08T20:00:00Z,90,2,0,0,0,1,0,13,14.8,28.9,5.0,4.9,0.06,0.02,0.08,1.41,1,49
2024-25,28,280,554,José Malheiro de Sá,GK,Wolves,20,8,1,2025-03-08T20:00:00Z,90,3,0,0,0,1,0,10,23.8,0.0,0.0,2.4,0.0,0.0,0.0,1.41,1,43
2024-25,28,280,555,Saša Kalajdžić,FWD,Wolves,20,8,1,2025-03-08T20:00:00Z,0,0,0,0,0,0,0,0,0.0,0.0,0.0,0.0,0.0,0.0,0.0,0.0,0,48
2024-25,28,280,556,Tom King,GK,Wolves,20,8,1,2025-03-08T20:00:00Z,0,0,0,0,0,0,0,0,0.0,0.0,0.0,0.0,0.0,0.0,0.0,0.0,0,40
2024-25,28,280,557,Mario Lemina,MID,Wolves,20,8,1,2025-03-08T20:00:00Z,0,0,0,0,0,0,0,0,0.0,0.0,0.0,0.0,0.0,0.0,0.0,0.0,0,48
2024-25,28,280,558,Yerson Mosquera,DEF,Wolves,20,8,1,2025-03-08T20:00:00Z,0,0,0,0,0,0,0,0,0.0,0.0,0.0,0.0,0.0,0.0,0.0,0.0,0,38
2024-25,28,280,559,Nélson Cabral Semedo,DEF,Wolves,20,8,1,2025-03-08T20:00:00Z,90,2,0,0,0,1,0,5,4.4,5.6,4.0,1.4,0.0,0.02,0.02,1.41,1,45
2024-25,28,273,560,Pedro Lomba Neto,MID,Chelsea,6,11,1,2025-03-09T14:00:00Z,90,3,0,0,1,0,0,14,12.2,53.0,16.0,8.1,0.07,0.14,0.21,0.1,1,63
2024-25,28,280,561,Pedro Cardoso de Lima,DEF,Wolves,20,8,1,2025-03-08T20:00:00Z,0,0,0,0,0,0,0,0,0.0,0.0,0.0,0.0,0.0,0.0,0.0,0.0,0,39
2024-25,28,280,562,Daniel Castelo Podence,MID,Wolves,20,8,1,2025-03-08T20:00:00Z,0,0,0,0,0,0,0,0,0.0,0.0,0.0,0.0,0.0,0.0,0.0,0.0,0,55
2024-25,28,280,563,Rodrigo Martins Gomes,MID,Wolves,20,8,1,2025-03-08T20:00:00Z,0,0,0,0,0,0,0,0,0.0,0.0,0.0,0.0,0.0,0.0,0.0,0.0,0,51
2024-25,28,280,564,Santiago Bueno,DEF,Wolves,20,8,1,2025-03-08T20:00:00Z,1,1,0,0,0,0,0,3,0.2,0.0,0.0,0.0,0.0,0.0,0.0,0.0,0,43
2024-25,28,280,565,Pablo Sarabia,MID,Wolves,20,8,1,2025-03-08T20:00:00Z,45,1,0,0,0,0,0,3,0.4,13.8,4.0,1.8,0.08,0.04,0.12,0.47,0,50
2024-25,28,280,566,Jørgen Strand Larsen,FWD,Wolves,20,8,1,2025-03-08T20:00:00Z,73,1,0,0,0,1,0,1,1.0,13.6,21.0,3.6,0.04,0.02,0.06,1.23,1,52
2024-25,28,280,567,Toti António Gomes,DEF,Wolves,20,8,1,2025-03-08T20:00:00Z,90,2,0,0,0,1,0,16,35.0,3.3,0.0,3.8,0.0,0.02,0.02,1.41,1,43
2024-25,28,274,568,Arijanet Muric,GK,Ipswich,10,7,0,2025-03-08T15:00:00Z,0,0,0,0,0,0,0,0,0.0,0.0,0.0,0.0,0.0,0.0,0.0,0.0,0,44
2024-25,28,274,569,Jaden Philogene,MID,Ipswich,10,7,0,2025-03-08T15:00:00Z,66,3,0,0,1,0,0,6,23.4,10.4,58.0,9.2,0.65,0.0,0.65,2.13,1,53
2024-25,28,273,570,Abdul Fatawu,MID,Leicester,11,6,0,2025-03-09T14:00:00Z,0,0,0,0,0,0,0,0,0.0,0.0,0.0,0.0,0.0,0.0,0.0,0.0,0,51
2024-25,28,277,571,Sávio 'Savinho' Moreira de Oliveira,MID,Man City,13,16,0,2025-03-08T12:30:00Z,68,3,0,0,1,0,0,15,3.6,15.0,11.0,3.0,0.07,0.05,0.12,0.46,1,62
2024-25,28,276,572,Leny Yoro,DEF,Man Utd,14,1,1,2025-03-09T16:30:00Z,45,1,0,0,0,0,0,3,11.2,0.7,0.0,1.2,0.0,0.0,0.0,0.61,1,43
2024-25,28,277,573,Nikola Milenković,DEF,Nott'm Forest,16,13,1,2025-03-08T12:30:00Z,90,6,0,0,1,0,0,19,8.4,0.1,4.0,1.3,0.0,0.0,0.0,0.86,1,48
2024-25,28,279,574,Miodrag Pivaš,DEF,Newcastle,15,19,0,2025-03-10T20:00:00Z,0,0,0,0,0,0,0,0,0.0,0.0,0.0,0.0,0.0,0.0,0.0,0.0,0,40
2024-25,28,273,575,Caleb Wiley,DEF,Chelsea,6,11,1,2025-03-09T14:00:00Z,0,0,0,0,0,0,0,0,0.0,0.0,0.0,0.0,0.0,0.0,0.0,0.0,0,40
2024-25,28,279,576,Andy Irving,MID,West Ham,19,15,1,2025-03-10T20:00:00Z,0,0,0,0,0,0,0,0,0.0,0.0,0.0,0.0,0.0,0.0,0.0,0.0,0,47
2024-25,28,280,577,Jesper Lindstrøm,MID,Everton,8,20,0,2025-03-08T20:00:00Z,62,5,0,1,0,1,0,17,26.2,11.8,4.0,4.2,0.02,0.02,0.04,0.68,1,50
2024-25,28,276,578,Riccardo Calafiori,DEF,Arsenal,1,14,0,2025-03-09T16:30:00Z,57,1,0,0,0,1,0,-2,3.6,2.8,4.0,1.0,0.0,0.05,0.05,0.27,1,58
2024-25,28,272,579,Ryan Sessegnon,DEF,Fulham,9,5,0,2025-03-08T15:00:00Z,1,1,0,0,0,1,0,0,3.0,0.0,2.0,0.5,0.0,0.0,0.0,0.83,0,41
2024-25,28,278,580,Dean Huijsen,DEF,Bournemouth,3,18,0,2025-03-09T14:00:00Z,90,0,0,0,0,2,0,8,30.0,1.1,14.0,4.5,0.15,0.01,0.16,1.53,1,45
2024-25,28,273,581,Filip Jørgensen,GK,Chelsea,6,11,1,2025-03-09T14:00:00Z,0,0,0,0,0,0,0,0,0.0,0.0,0.0,0.0,0.0,0.0,0.0,0.0,0,42
2024-25,28,280,582,Jake O'Brien,DEF,Everton,8,20,0,2025-03-08T20:00:00Z,90,2,0,0,0,1,0,7,15.2,11.3,4.0,3.1,0.0,0.02,0.02,0.77,1,45
2024-25,28,274,583,Conor Townsend,DEF,Ipswich,10,7,0,2025-03-08T15:00:00Z,0,0,0,0,0,0,0,0,0.0,0.0,0.0,0.0,0.0,0.0,0.0,0.0,0,39
2024-25,28,275,584,Ben Brereton Díaz,MID,Southampton,17,12,0,2025-03-08T15:00:00Z,0,0,0,0,0,0,0,0,0.0,0.0,0.0,0.0,0.0,0.0,0.0,0.0,0,48
2024-25,28,274,585,Ismaïla Sarr,MID,Crystal Palace,7,10,1,2025-03-08T15:00:00Z,90,11,1,0,1,0,3,37,53.6,30.3,36.0,12.0,1.35,0.46,1.81,1.48,1,55
2024-25,28,272,586,Jorge Cuenca Barreno,DEF,Fulham,9,5,0,2025-03-08T15:00:00Z,0,0,0,0,0,0,0,0,0.0,0.0,0.0,0.0,0.0,0.0,0.0,0.0,0,44
2024-25,28,279,587,Crysencio Summerville,MID,West Ham,19,15,1,2025-03-10T20:00:00Z,0,0,0,0,0,0,0,0,0.0,0.0,0.0,0.0,0.0,0.0,0.0,0.0,0,55
2024-25,28,279,588,Guido Rodríguez,MID,West Ham,19,15,1,2025-03-10T20:00:00Z,0,0,0,0,0,0,0,0,0.0,0.0,0.0,0.0,0.0,0.0,0.0,0.0,0,48
2024-25,28,279,589,Niclas Füllkrug,FWD,West Ham,19,15,1,2025-03-10T20:00:00Z,0,0,0,0,0,0,0,0,0.0,0.0,0.0,0.0,0.0,0.0,0.0,0.0,0,67
2024-25,28,279,590,William Osula,FWD,Newcastle,15,19,0,2025-03-10T20:00:00Z,0,0,0,0,0,0,0,0,0.0,0.0,0.0,0.0,0.0,0.0,0.0,0.0,0,49
2024-25,28,279,591,Jean-Clair Todibo,DEF,West Ham,19,15,1,2025-03-10T20:00:00Z,64,2,0,0,0,1,0,9,10.8,0.7,0.0,1.2,0.0,0.0,0.0,1.38,1,42
2024-25,28,278,592,Julián Araujo Zúñiga,DEF,Bournemouth,3,18,0,2025-03-09T14:00:00Z,0,0,0,0,0,0,0,0,0.0,0.0,0.0,0.0,0.0,0.0,0.0,0.0,0,43
2024-25,28,276,593,Matthijs de Ligt,DEF,Man Utd,14,1,1,2025-03-09T16:30:00Z,90,2,0,0,0,1,0,12,17.0,0.5,19.0,3.7,0.09,0.0,0.09,1.62,1,48
2024-25,28,276,594,Noussair Mazraoui,DEF,Man Utd,14,1,1,2025-03-09T16:30:00Z,90,2,0,0,0,1,0,11,19.6,35.3,21.0,7.6,0.15,0.16,0.31,1.62,1,43
2024-25,28,272,595,Brajan Gruda,MID,Brighton,5,9,1,2025-03-08T15:00:00Z,0,0,0,0,0,0,0,0,0.0,0.0,0.0,0.0,0.0,0.0,0.0,0.0,0,54
2024-25,28,277,596,João Pedro Ferreira Silva,MID,Nott'm Forest,16,13,1,2025-03-08T12:30:00Z,0,0,0,0,0,0,0,0,0.0,0.0,0.0,0.0,0.0,0.0,0.0,0.0,0,59
2024-25,28,276,597,Myles Lewis-Skelly,MID,Arsenal,1,14,0,2025-03-09T16:30:00Z,32,1,0,0,0,0,0,4,2.2,3.3,0.0,0.6,0.0,0.02,0.02,1.25,0,45
2024-25,28,271,598,Lamare Bogarde,DEF,Aston Villa,2,4,0,2025-03-08T17:30:00Z,0,0,0,0,0,0,0,0,0.0,0.0,0.0,0.0,0.0,0.0,0.0,0.0,0,40
2024-25,28,278,599,Will Dennis,GK,Bournemouth,3,18,0,2025-03-09T14:00:00Z,0,0,0,0,0,0,0,0,0.0,0.0,0.0,0.0,0.0,0.0,0.0,0.0,0,40
2024-25,28,272,600,Yasin Ayari,MID,Brighton,5,9,1,2025-03-08T15:00:00Z,68,5,0,1,0,1,0,16,19.0,22.5,9.0,5.1,0.05,0.07,0.12,0.69,1,50
2024-25,28,272,601,Andrew Moran,MID,Brighton,5,9,1,2025-03-08T15:00:00Z,0,0,0,0,0,0,0,0,0.0,0.0,0.0,0.0,0.0,0.0,0.0,0.0,0,50
2024-25,28,271,602,Ryan Trevitt,MID,Brentford,4,2,1,2025-03-08T17:30:00Z,0,0,0,0,0,0,0,0,0.0,0.0,0.0,0.0,0.0,0.0,0.0,0.0,0,44
2024-25,28,280,603,Harrison Armstrong,MID,Everton,8,20,0,2025-03-08T20:00:00Z,0,0,0,0,0,0,0,0,0.0,0.0,0.0,0.0,0.0,0.0,0.0,0.0,0,44
2024-25,28,272,604,Josh King,MID,Fulham,9,5,0,2025-03-08T15:00:00Z,0,0,0,0,0,0,0,0,0.0,0.0,0.0,0.0,0.0,0.0,0.0,0.0,0,44
2024-25,28,272,605,Martial Godo,MID,Fulham,9,5,0,2025-03-08T15:00:00Z,0,0,0,0,0,0,0,0,0.0,0.0,0.0,0.0,0.0,0.0,0.0,0.0,0,44
2024-25,28,273,606,Will Alves,MID,Leicester,11,6,0,2025-03-09T14:00:00Z,0,0,0,0,0,0,0,0,0.0,0.0,0.0,0.0,0.0,0.0,0.0,0.0,0,44
2024-25,28,277,607,Nico O'Reilly,MID,Man City,13,16,0,2025-03-08T12:30:00Z,0,0,0,0,0,0,0,0,0.0,0.0,0.0,0.0,0.0,0.0,0.0,0.0,0,49
2024-25,28,275,608,Tyler Dibling,MID,Southampton,17,12,0,2025-03-08T15:00:00Z,63,2,0,0,0,2,0,9,10.8,11.8,2.0,2.5,0.02,0.01,0.03,2.91,1,44
2024-25,28,278,609,Will Lankshear,FWD,Spurs,18,3,1,2025-03-09T14:00:00Z,0,0,0,0,0,0,0,0,0.0,0.0,0.0,0.0,0.0,0.0,0.0,0.0,0,45
2024-25,28,278,610,Mikey Moore,MID,Spurs,18,3,1,2025-03-09T14:00:00Z,0,0,0,0,0,0,0,0,0.0,0.0,0.0,0.0,0.0,0.0,0.0,0.0,0,45
2024-25,28,274,611,Sam Szmodics,MID,Ipswich,10,7,0,2025-03-08T15:00:00Z,0,0,0,0,0,0,0,0,0.0,0.0,0.0,0.0,0.0,0.0,0.0,0.0,0,57
2024-25,28,278,612,Wilson Odobert,MID,Spurs,18,3,1,2025-03-09T14:00:00Z,90,2,0,0,0,2,0,6,6.6,10.8,10.0,2.7,0.03,0.06,0.09,2.2,1,53
2024-25,28,276,613,Toby Collyer,MID,Man Utd,14,1,1,2025-03-09T16:30:00Z,14,1,0,0,0,0,0,7,4.2,10.8,2.0,1.7,0.0,0.35,0.35,0.66,0,45
2024-25,28,280,614,Jenson Metcalfe,MID,Everton,8,20,0,2025-03-08T20:00:00Z,0,0,0,0,0,0,0,0,0.0,0.0,0.0,0.0,0.0,0.0,0.0,0.0,0,45
2024-25,28,272,615,Carl Rushworth,GK,Brighton,5,9,1,2025-03-08T15:00:00Z,0,0,0,0,0,0,0,0,0.0,0.0,0.0,0.0,0.0,0.0,0.0,0.0,0,39
2024-25,28,273,616,Ben Nelson,DEF,Leicester,11,6,0,2025-03-09T14:00:00Z,0,0,0,0,0,0,0,0,0.0,0.0,0.0,0.0,0.0,0.0,0.0,0.0,0,40
2024-25,28,278,617,Francisco Evanilson de Lima Barbosa,FWD,Bournemouth,3,18,0,2025-03-09T14:00:00Z,70,8,1,0,0,1,2,38,41.6,11.8,55.0,10.8,0.88,0.02,0.9,0.7,1,56
2024-25,28,272,618,Georginio Rutter,MID,Brighton,5,9,1,2025-03-08T15:00:00Z,76,2,0,0,0,1,0,13,9.4,14.1,6.0,3.0,0.0,0.06,0.06,0.69,1,51
2024-25,28,274,619,Jens Cajuste,MID,Ipswich,10,7,0,2025-03-08T15:00:00Z,82,2,0,0,0,1,0,13,6.8,2.3,2.0,1.1,0.0,0.0,0.0,3.12,1,45
2024-25,28,277,620,Ramón Sosa,MID,Nott'm Forest,16,13,1,2025-03-08T12:30:00Z,0,0,0,0,0,0,0,0,0.0,0.0,0.0,0.0,0.0,0.0,0.0,0.0,0,55
2024-25,28,273,621,João Félix Sequeira,MID,Chelsea,6,11,1,2025-03-09T14:00:00Z,0,0,0,0,0,0,0,0,0.0,0.0,0.0,0.0,0.0,0.0,0.0,0.0,0,59
2024-25,28,272,622,Sander Berge,MID,Fulham,9,5,0,2025-03-08T15:00:00Z,90,2,0,0,0,2,0,10,5.6,5.0,2.0,1.3,0.0,0.02,0.02,1.54,1,50
2024-25,28,275,623,Mateus Gonçalo Espanha Fernandes,MID,Southampton,17,12,0,2025-03-08T15:00:00Z,90,2,0,0,0,3,0,13,15.2,1.0,9.0,2.5,0.02,0.0,0.02,4.12,1,50
2024-25,28,280,624,Asmir Begovic,GK,Everton,8,20,0,2025-03-08T20:00:00Z,0,0,0,0,0,0,0,0,0.0,0.0,0.0,0.0,0.0,0.0,0.0,0.0,0,40
2024-25,28,277,625,Ilkay Gündogan,MID,Man City,13,16,0,2025-03-08T12:30:00Z,0,0,0,0,0,0,0,0,0.0,0.0,0.0,0.0,0.0,0.0,0.0,0.0,0,63
2024-25,28,277,626,Issa Kaboré,DEF,Man City,13,16,0,2025-03-08T12:30:00Z,0,0,0,0,0,0,0,0,0.0,0.0,0.0,0.0,0.0,0.0,0.0,0.0,0,45
2024-25,28,280,627,Roman Dixon,DEF,Everton,8,20,0,2025-03-08T20:00:00Z,0,0,0,0,0,0,0,0,0.0,0.0,0.0,0.0,0.0,0.0,0.0,0.0,0,40
2024-25,28,272,628,Ferdi Kadioglu,DEF,Brighton,5,9,1,2025-03-08T15:00:00Z,0,0,0,0,0,0,0,0,0.0,0.0,0.0,0.0,0.0,0.0,0.0,0.0,0,44
2024-25,28,272,629,Matt O'Riley,MID,Brighton,5,9,1,2025-03-08T15:00:00Z,0,0,0,0,0,0,0,0,0.0,0.0,0.0,0.0,0.0,0.0,0.0,0.0,0,55
2024-25,28,274,630,Dara O'Shea,DEF,Ipswich,10,7,0,2025-03-08T15:00:00Z,90,2,0,0,0,1,0,7,21.6,0.7,2.0,2.4,0.0,0.0,0.0,3.26,1,39
2024-25,28,274,631,Jack Clarke,MID,Ipswich,10,7,0,2025-03-08T15:00:00Z,66,3,0,0,1,0,0,10,12.4,32.6,7.0,5.2,0.06,0.01,0.07,2.13,1,54
2024-25,28,274,632,Chiedozie Ogbene,MID,Ipswich,10,7,0,2025-03-08T15:00:00Z,0,0,0,0,0,0,0,0,0.0,0.0,0.0,0.0,0.0,0.0,0.0,0.0,0,48
2024-25,28,276,633,Mikel Merino,MID,Arsenal,1,14,0,2025-03-09T16:30:00Z,90,2,0,0,0,1,0,4,5.0,25.7,6.0,3.7,0.1,0.03,0.13,1.52,1,60
2024-25,28,271,634,Gustavo Nunes Fernandes Gomes,MID,Brentford,4,2,1,2025-03-08T17:30:00Z,0,0,0,0,0,0,0,0,0.0,0.0,0.0,0.0,0.0,0.0,0.0,0.0,0,49
2024-25,28,273,635,Bilal El Khannouss,MID,Leicester,11,6,0,2025-03-09T14:00:00Z,72,2,0,0,0,1,0,10,3.0,2.2,7.0,1.2,0.05,0.01,0.06,1.53,1,48
2024-25,28,275,636,Federico Chiesa,MID,Liverpool,12,17,1,2025-03-08T15:00:00Z,0,0,0,0,0,0,0,0,0.0,0.0,0.0,0.0,0.0,0.0,0.0,0.0,0,68
2024-25,28,280,637,Bastien Meupiyou,DEF,Wolves,20,8,1,2025-03-08T20:00:00Z,0,0,0,0,0,0,0,0,0.0,0.0,0.0,0.0,0.0,0.0,0.0,0.0,0,39
2024-25,28,276,638,Salah-Eddine Oulad M'hand,MID,Arsenal,1,14,0,2025-03-09T16:30:00Z,0,0,0,0,0,0,0,0,0.0,0.0,0.0,0.0,0.0,0.0,0.0,0.0,0,45
2024-25,28,276,639,Tommy Setford,GK,Arsenal,1,14,0,2025-03-09T16:30:00Z,0,0,0,0,0,0,0,0,0.0,0.0,0.0,0.0,0.0,0.0,0.0,0.0,0,45
2024-25,28,271,640,Sil Swinkels,DEF,Aston Villa,2,4,0,2025-03-08T17:30:00Z,0,0,0,0,0,0,0,0,0.0,0.0,0.0,0.0,0.0,0.0,0.0,0.0,0,40
2024-25,28,271,641,Oliwier Zych,GK,Aston Villa,2,4,0,2025-03-08T17:30:00Z,0,0,0,0,0,0,0,0,0.0,0.0,0.0,0.0,0.0,0.0,0.0,0.0,0,40
2024-25,28,280,642,André Trindade da Costa Neto,MID,Wolves,20,8,1,2025-03-08T20:00:00Z,90,2,0,0,0,1,1,18,16.4,19.8,8.0,4.4,0.11,0.03,0.14,1.41,1,50
2024-25,28,279,643,Kaelan Casey,DEF,West Ham,19,15,1,2025-03-10T20:00:00Z,0,0,0,0,0,0,0,0,0.0,0.0,0.0,0.0,0.0,0.0,0.0,0.0,0,40
2024-25,28,274,644,Franco Umeh-Chibueze,MID,Crystal Palace,7,10,1,2025-03-08T15:00:00Z,0,0,0,0,0,0,0,0,0.0,0.0,0.0,0.0,0.0,0.0,0.0,0.0,0,44
2024-25,28,274,645,Justin Devenny,MID,Crystal Palace,7,10,1,2025-03-08T15:00:00Z,3,1,0,0,0,0,0,3,0.0,0.0,0.0,0.0,0.0,0.0,0.0,0.0,0,45
2024-25,28,274,646,Asher Agbinone,MID,Crystal Palace,7,10,1,2025-03-08T15:00:00Z,0,0,0,0,0,0,0,0,0.0,0.0,0.0,0.0,0.0,0.0,0.0,0.0,0,45
2024-25,28,274,647,Kaden Rodney,MID,Crystal Palace,7,10,1,2025-03-08T15:00:00Z,0,0,0,0,0,0,0,0,0.0,0.0,0.0,0.0,0.0,0.0,0.0,0.0,0,45
2024-25,28,276,648,Ethan Wheatley,FWD,Man Utd,14,1,1,2025-03-09T16:30:00Z,0,0,0,0,0,0,0,0,0.0,0.0,0.0,0.0,0.0,0.0,0.0,0.0,0,45
2024-25,28,271,649,Jayden Meghoma,DEF,Brentford,4,2,1,2025-03-08T17:30:00Z,0,0,0,0,0,0,0,0,0.0,0.0,0.0,0.0,0.0,0.0,0.0,0.0,0,40
2024-25,28,274,650,Maxence Lacroix,DEF,Crystal Palace,7,10,1,2025-03-08T15:00:00Z,90,6,0,0,1,0,0,22,19.0,0.3,2.0,2.1,0.0,0.0,0.0,1.48,1,45
2024-25,28,280,651,Orel Mangala,MID,Everton,8,20,0,2025-03-08T20:00:00Z,0,0,0,0,0,0,0,0,0.0,0.0,0.0,0.0,0.0,0.0,0.0,0.0,0,50
2024-25,28,276,652,Manuel Ugarte,MID,Man Utd,14,1,1,2025-03-09T16:30:00Z,0,0,0,0,0,0,0,0,0.0,0.0,0.0,0.0,0.0,0.0,0.0,0.0,0,49
2024-25,28,277,653,Felipe Rodrigues da Silva,DEF,Nott'm Forest,16,13,1,2025-03-08T12:30:00Z,3,1,0,0,0,0,0,4,3.0,0.0,0.0,0.3,0.0,0.0,0.0,0.07,0,45
2024-25,28,279,654,Carlos Soler,MID,West Ham,19,15,1,2025-03-10T20:00:00Z,25,1,0,0,0,0,0,3,6.0,11.3,2.0,1.9,0.0,0.0,0.0,0.0,0,50
2024-25,28,280,655,Carlos Roberto Forbs Borges,MID,Wolves,20,8,1,2025-03-08T20:00:00Z,0,0,0,0,0,0,0,0,0.0,0.0,0.0,0.0,0.0,0.0,0.0,0.0,0,54
2024-25,28,271,656,Kadan Young,MID,Aston Villa,2,4,0,2025-03-08T17:30:00Z,0,0,0,0,0,0,0,0,0.0,0.0,0.0,0.0,0.0,0.0,0.0,0.0,0,44
2024-25,28,276,657,Maldini Kacurri,DEF,Arsenal,1,14,0,2025-03-09T16:30:00Z,0,0,0,0,0,0,0,0,0.0,0.0,0.0,0.0,0.0,0.0,0.0,0.0,0,40
2024-25,28,276,658,Ayden Heaven,DEF,Man Utd,14,1,1,2025-03-09T16:30:00Z,45,1,0,0,0,1,0,2,7.0,0.5,2.0,1.0,0.0,0.0,0.0,1.01,0,40
2024-25,28,276,659,Ismeal Kabia,MID,Arsenal,1,14,0,2025-03-09T16:30:00Z,0,0,0,0,0,0,0,0,0.0,0.0,0.0,0.0,0.0,0.0,0.0,0.0,0,45
2024-25,28,275,660,Vítezslav Jaros,GK,Liverpool,12,17,1,2025-03-08T15:00:00Z,0,0,0,0,0,0,0,0,0.0,0.0,0.0,0.0,0.0,0.0,0.0,0.0,0,40
2024-25,28,271,661,Tony Yogane,MID,Brentford,4,2,1,2025-03-08T17:30:00Z,0,0,0,0,0,0,0,0,0.0,0.0,0.0,0.0,0.0,0.0,0.0,0.0,0,45
2024-25,28,276,662,Josh Nichols,DEF,Arsenal,1,14,0,2025-03-09T16:30:00Z,0,0,0,0,0,0,0,0,0.0,0.0,0.0,0.0,0.0,0.0,0.0,0.0,0,40
2024-25,28,272,663,Imari Samuels,DEF,Brighton,5,9,1,2025-03-08T15:00:00Z,0,0,0,0,0,0,0,0,0.0,0.0,0.0,0.0,0.0,0.0,0.0,0.0,0,40
2024-25,28,280,664,Alfie Pond,DEF,Wolves,20,8,1,2025-03-08T20:00:00Z,0,0,0,0,0,0,0,0,0.0,0.0,0.0,0.0,0.0,0.0,0.0,0.0,0,39
2024-25,28,276,665,Nathan Butler-Oyedeji,FWD,Arsenal,1,14,0,2025-03-09T16:30:00Z,0,0,0,0,0,0,0,0,0.0,0.0,0.0,0.0,0.0,0.0,0.0,0.0,0,45
2024-25,28,274,666,Caleb Kporha,DEF,Crystal Palace,7,10,1,2025-03-08T15:00:00Z,0,0,0,0,0,0,0,0,0.0,0.0,0.0,0.0,0.0,0.0,0.0,0.0,0,40
2024-25,28,276,667,Jack Fletcher,MID,Man Utd,14,1,1,2025-03-09T16:30:00Z,0,0,0,0,0,0,0,0,0.0,0.0,0.0,0.0,0.0,0.0,0.0,0.0,0,45
2024-25,28,272,668,Killian Cahill,GK,Brighton,5,9,1,2025-03-08T15:00:00Z,0,0,0,0,0,0,0,0,0.0,0.0,0.0,0.0,0.0,0.0,0.0,0.0,0,39
2024-25,28,275,669,Harvey Davies,GK,Liverpool,12,17,1,2025-03-08T15:00:00Z,0,0,0,0,0,0,0,0,0.0,0.0,0.0,0.0,0.0,0.0,0.0,0.0,0,40
2024-25,28,276,670,Harry Amass,DEF,Man Utd,14,1,1,2025-03-09T16:30:00Z,0,0,0,0,0,0,0,0,0.0,0.0,0.0,0.0,0.0,0.0,0.0,0.0,0,40
2024-25,28,277,671,Jacob Wright,MID,Man City,13,16,0,2025-03-08T12:30:00Z,0,0,0,0,0,0,0,0,0.0,0.0,0.0,0.0,0.0,0.0,0.0,0.0,0,45
2024-25,28,277,672,Jahmai Simpson-Pusey,DEF,Man City,13,16,0,2025-03-08T12:30:00Z,0,0,0,0,0,0,0,0,0.0,0.0,0.0,0.0,0.0,0.0,0.0,0.0,0,40
2024-25,28,276,673,Jayce Fitzgerald,MID,Man Utd,14,1,1,2025-03-09T16:30:00Z,0,0,0,0,0,0,0,0,0.0,0.0,0.0,0.0,0.0,0.0,0.0,0.0,0,45
2024-25,28,271,674,Paris Maghoma,MID,Brentford,4,2,1,2025-03-08T17:30:00Z,0,0,0,0,0,0,0,0,0.0,0.0,0.0,0.0,0.0,0.0,0.0,0.0,0,45
2024-25,28,277,675,Josh Wilson-Esbrand,DEF,Man City,13,16,0,2025-03-08T12:30:00Z,0,0,0,0,0,0,0,0,0.0,0.0,0.0,0.0,0.0,0.0,0.0,0.0,0,40
2024-25,28,274,676,Zach Marsh,FWD,Crystal Palace,7,10,1,2025-03-08T15:00:00Z,0,0,0,0,0,0,0,0,0.0,0.0,0.0,0.0,0.0,0.0,0.0,0.0,0,45
2024-25,28,279,677,Ollie Scarles,DEF,West Ham,19,15,1,2025-03-10T20:00:00Z,90,2,0,0,0,1,0,16,19.2,19.3,2.0,4.1,0.0,0.09,0.09,1.38,1,40
2024-25,28,280,678,Callum Bates,MID,Everton,8,20,0,2025-03-08T20:00:00Z,0,0,0,0,0,0,0,0,0.0,0.0,0.0,0.0,0.0,0.0,0.0,0.0,0,45
2024-25,28,271,679,Ben Broggio,MID,Aston Villa,2,4,0,2025-03-08T17:30:00Z,0,0,0,0,0,0,0,0,0.0,0.0,0.0,0.0,0.0,0.0,0.0,0.0,0,45
2024-25,28,278,680,Max Kinsey,DEF,Bournemouth,3,18,0,2025-03-09T14:00:00Z,0,0,0,0,0,0,0,0,0.0,0.0,0.0,0.0,0.0,0.0,0.0,0.0,0,40
2024-25,28,272,681,Ruairi McConville,DEF,Brighton,5,9,1,2025-03-08T15:00:00Z,0,0,0,0,0,0,0,0,0.0,0.0,0.0,0.0,0.0,0.0,0.0,0.0,0,40
2024-25,28,280,682,Tom Edozie,MID,Wolves,20,8,1,2025-03-08T20:00:00Z,0,0,0,0,0,0,0,0,0.0,0.0,0.0,0.0,0.0,0.0,0.0,0.0,0,45
2024-25,28,278,683,Callum Olusesi,MID,Spurs,18,3,1,2025-03-09T14:00:00Z,0,0,0,0,0,0,0,0,0.0,0.0,0.0,0.0,0.0,0.0,0.0,0.0,0,45
2024-25,28,278,684,Malachi Hardy,DEF,Spurs,18,3,1,2025-03-09T14:00:00Z,0,0,0,0,0,0,0,0,0.0,0.0,0.0,0.0,0.0,0.0,0.0,0.0,0,40
2024-25,28,272,685,Jacob Slater,DEF,Brighton,5,9,1,2025-03-08T15:00:00Z,0,0,0,0,0,0,0,0,0.0,0.0,0.0,0.0,0.0,0.0,0.0,0.0,0,40
2024-25,28,279,686,Ezra Mayers,DEF,West Ham,19,15,1,2025-03-10T20:00:00Z,0,0,0,0,0,0,0,0,0.0,0.0,0.0,0.0,0.0,0.0,0.0,0.0,0,40
2024-25,28,278,687,Ben Winterburn,MID,Bournemouth,3,18,0,2025-03-09T14:00:00Z,0,0,0,0,0,0,0,0,0.0,0.0,0.0,0.0,0.0,0.0,0.0,0.0,0,45
2024-25,28,275,688,Treymaurice Nyoni,MID,Liverpool,12,17,1,2025-03-08T15:00:00Z,0,0,0,0,0,0,0,0,0.0,0.0,0.0,0.0,0.0,0.0,0.0,0.0,0,45
2024-25,28,278,689,Luca Williams-Barnett,MID,Spurs,18,3,1,2025-03-09T14:00:00Z,0,0,0,0,0,0,0,0,0.0,0.0,0.0,0.0,0.0,0.0,0.0,0.0,0,45
2024-25,28,272,690,Samuel Amissah,DEF,Fulham,9,5,0,2025-03-08T15:00:00Z,0,0,0,0,0,0,0,0,0.0,0.0,0.0,0.0,0.0,0.0,0.0,0.0,0,40
2024-25,28,276,691,Godwill Kukonki,DEF,Man Utd,14,1,1,2025-03-09T16:30:00Z,0,0,0,0,0,0,0,0,0.0,0.0,0.0,0.0,0.0,0.0,0.0,0.0,0,40
2024-25,28,275,692,Amara Nallo,DEF,Liverpool,12,17,1,2025-03-08T15:00:00Z,0,0,0,0,0,0,0,0,0.0,0.0,0.0,0.0,0.0,0.0,0.0,0.0,0,40
2024-25,28,275,693,Joseph O'Brien-Whitmarsh,MID,Southampton,17,12,0,2025-03-08T15:00:00Z,0,0,0,0,0,0,0,0,0.0,0.0,0.0,0.0,0.0,0.0,0.0,0.0,0,45
2024-25,28,273,694,Henry Cartwright,MID,Leicester,11,6,0,2025-03-09T14:00:00Z,0,0,0,0,0,0,0,0,0.0,0.0,0.0,0.0,0.0,0.0,0.0,0.0,0,45
2024-25,28,273,695,Samuel Rak-Sakyi,MID,Chelsea,6,11,1,2025-03-09T14:00:00Z,0,0,0,0,0,0,0,0,0.0,0.0,0.0,0.0,0.0,0.0,0.0,0.0,0,45
2024-25,28,273,696,Tyrique George,MID,Chelsea,6,11,1,2025-03-09T14:00:00Z,17,1,0,0,0,0,0,4,4.4,10.5,4.0,1.9,0.0,0.02,0.02,0.04,0,45
2024-25,28,273,697,Josh Acheampong,DEF,Chelsea,6,11,1,2025-03-09T14:00:00Z,1,0,0,0,0,0,0,0,0.0,0.3,0.0,0.0,0.0,0.0,0.0,0.0,0,40
2024-25,28,277,698,Divin Mubama,FWD,Man City,13,16,0,2025-03-08T12:30:00Z,0,0,0,0,0,0,0,0,0.0,0.0,0.0,0.0,0.0,0.0,0.0,0.0,0,45
2024-25,28,278,699,Alfie Dorrington,DEF,Spurs,18,3,1,2025-03-09T14:00:00Z,0,0,0,0,0,0,0,0,0.0,0.0,0.0,0.0,0.0,0.0,0.0,0.0,0,40
2024-25,28,278,700,Maeson King,DEF,Spurs,18,3,1,2025-03-09T14:00:00Z,0,0,0,0,0,0,0,0,0.0,0.0,0.0,0.0,0.0,0.0,0.0,0.0,0,40
2024-25,28,279,701,Lewis Orford,MID,West Ham,19,15,1,2025-03-10T20:00:00Z,0,0,0,0,0,0,0,0,0.0,0.0,0.0,0.0,0.0,0.0,0.0,0.0,0,45
2024-25,28,278,702,Archie Harris,DEF,Bournemouth,3,18,0,2025-03-09T14:00:00Z,0,0,0,0,0,0,0,0,0.0,0.0,0.0,0.0,0.0,0.0,0.0,0.0,0,40
2024-25,28,277,703,Max Alleyne,DEF,Man City,13,16,0,2025-03-08T12:30:00Z,0,0,0,0,0,0,0,0,0.0,0.0,0.0,0.0,0.0,0.0,0.0,0.0,0,40
2024-25,28,277,704,Spike Brits,GK,Man City,13,16,0,2025-03-08T12:30:00Z,0,0,0,0,0,0,0,0,0.0,0.0,0.0,0.0,0.0,0.0,0.0,0.0,0,40
2024-25,28,271,705,Benjamin Arthur,DEF,Brentford,4,2,1,2025-03-08T17:30:00Z,0,0,0,0,0,0,0,0,0.0,0.0,0.0,0.0,0.0,0.0,0.0,0.0,0,40
2024-25,28,277,706,Zach Abbott,DEF,Nott'm Forest,16,13,1,2025-03-08T12:30:00Z,0,0,0,0,0,0,0,0,0.0,0.0,0.0,0.0,0.0,0.0,0.0,0.0,0,40
2024-25,28,278,707,Remy Rees-Dottin,FWD,Bournemouth,3,18,0,2025-03-09T14:00:00Z,0,0,0,0,0,0,0,0,0.0,0.0,0.0,0.0,0.0,0.0,0.0,0.0,0,45
2024-25,28,273,708,Thomas Wilson-Brown,DEF,Leicester,11,6,0,2025-03-09T14:00:00Z,0,0,0,0,0,0,0,0,0.0,0.0,0.0,0.0,0.0,0.0,0.0,0.0,0,40
2024-25,28,275,709,Jayden Danns,FWD,Liverpool,12,17,1,2025-03-08T15:00:00Z,0,0,0,0,0,0,0,0,0.0,0.0,0.0,0.0,0.0,0.0,0.0,0.0,0,45
2024-25,28,271,710,Jamaldeen Jimoh,MID,Aston Villa,2,4,0,2025-03-08T17:30:00Z,0,0,0,0,0,0,0,0,0.0,0.0,0.0,0.0,0.0,0.0,0.0,0.0,0,45
2024-25,28,280,711,Wes Okoduwa,DEF,Wolves,20,8,1,2025-03-08T20:00:00Z,0,0,0,0,0,0,0,0,0.0,0.0,0.0,0.0,0.0,0.0,0.0,0.0,0,40
2024-25,28,278,712,Matai Akinmboni,DEF,Bournemouth,3,18,0,2025-03-09T14:00:00Z,0,0,0,0,0,0,0,0,0.0,0.0,0.0,0.0,0.0,0.0,0.0,0.0,0,40
2024-25,28,278,713,Julio Soler,DEF,Bournemouth,3,18,0,2025-03-09T14:00:00Z,0,0,0,0,0,0,0,0,0.0,0.0,0.0,0.0,0.0,0.0,0.0,0.0,0,39
2024-25,28,272,714,Diego Gómez,MID,Brighton,5,9,1,2025-03-08T15:00:00Z,21,1,0,0,0,0,0,3,3.0,0.8,0.0,0.4,0.0,0.01,0.01,0.21,0,55
2024-25,28,274,715,Ben Godfrey,DEF,Ipswich,10,7,0,2025-03-08T15:00:00Z,0,0,0,0,0,0,0,0,0.0,0.0,0.0,0.0,0.0,0.0,0.0,0.0,0,40
2024-25,28,278,716,Antonín Kinsky,GK,Spurs,18,3,1,2025-03-09T14:00:00Z,0,0,0,0,0,0,0,0,0.0,0.0,0.0,0.0,0.0,0.0,0.0,0.0,0,43
2024-25,28,278,717,Min-Hyeok Yang,MID,Spurs,18,3,1,2025-03-09T14:00:00Z,0,0,0,0,0,0,0,0,0.0,0.0,0.0,0.0,0.0,0.0,0.0,0.0,0,45
2024-25,28,275,718,Welington Damascena Santos,DEF,Southampton,17,12,0,2025-03-08T15:00:00Z,0,0,0,0,0,0,0,0,0.0,0.0,0.0,0.0,0.0,0.0,0.0,0.0,0,40
2024-25,28,275,719,Joachim Kayi-Sanda,DEF,Southampton,17,12,0,2025-03-08T15:00:00Z,0,0,0,0,0,0,0,0,0.0,0.0,0.0,0.0,0.0,0.0,0.0,0.0,0,40
2024-25,28,280,720,Emmanuel Agbadou,DEF,Wolves,20,8,1,2025-03-08T20:00:00Z,90,2,0,0,0,1,0,15,31.0,1.1,0.0,3.2,0.0,0.01,0.01,1.41,1,40
2024-25,28,277,721,Wayne Hennessey,GK,Nott'm Forest,16,13,1,2025-03-08T12:30:00Z,0,0,0,0,0,0,0,0,0.0,0.0,0.0,0.0,0.0,0.0,0.0,0.0,0,40
2024-25,28,278,722,Daniel Adu-Adjei,FWD,Bournemouth,3,18,0,2025-03-09T14:00:00Z,0,0,0,0,0,0,0,0,0.0,0.0,0.0,0.0,0.0,0.0,0.0,0.0,0,45
2024-25,28,278,723,Dominic Sadi,MID,Bournemouth,3,18,0,2025-03-09T14:00:00Z,0,0,0,0,0,0,0,0,0.0,0.0,0.0,0.0,0.0,0.0,0.0,0.0,0,45
2024-25,28,280,724,Martin Sherif,FWD,Everton,8,20,0,2025-03-08T20:00:00Z,0,0,0,0,0,0,0,0,0.0,0.0,0.0,0.0,0.0,0.0,0.0,0.0,0,45
2024-25,28,271,725,Donyell Malen,MID,Aston Villa,2,4,0,2025-03-08T17:30:00Z,1,1,0,0,0,0,0,3,0.0,0.0,0.0,0.0,0.0,0.0,0.0,0.0,0,55
2024-25,28,273,726,Woyo Coulibaly,DEF,Leicester,11,6,0,2025-03-09T14:00:00Z,0,0,0,0,0,0,0,0,0.0,0.0,0.0,0.0,0.0,0.0,0.0,0.0,0,40
2024-25,28,278,727,Callan McKenna,GK,Bournemouth,3,18,0,2025-03-09T14:00:00Z,0,0,0,0,0,0,0,0,0.0,0.0,0.0,0.0,0.0,0.0,0.0,0.0,0,40
2024-25,28,278,728,Zain Silcott-Duberry,MID,Bournemouth,3,18,0,2025-03-09T14:00:00Z,0,0,0,0,0,0,0,0,0.0,0.0,0.0,0.0,0.0,0.0,0.0,0.0,0,45
2024-25,28,278,729,Damola Ajayi,MID,Spurs,18,3,1,2025-03-09T14:00:00Z,0,0,0,0,0,0,0,0,0.0,0.0,0.0,0.0,0.0,0.0,0.0,0.0,0,45
2024-25,28,274,730,Romain Esse,MID,Crystal Palace,7,10,1,2025-03-08T15:00:00Z,1,1,0,0,0,0,0,3,0.0,0.0,0.0,0.0,0.0,0.0,0.0,0.0,0,48
2024-25,28,271,731,Andrés García,DEF,Aston Villa,2,4,0,2025-03-08T17:30:00Z,0,0,0,0,0,0,0,0,0.0,0.0,0.0,0.0,0.0,0.0,0.0,0.0,0,45
2024-25,28,277,732,Abdukodir Khusanov,DEF,Man City,13,16,0,2025-03-08T12:30:00Z,90,2,0,0,0,1,0,14,27.4,4.2,0.0,3.2,0.0,0.03,0.03,0.73,1,50
2024-25,28,277,733,Vitor de Oliveira Nunes dos Reis,DEF,Man City,13,16,0,2025-03-08T12:30:00Z,0,0,0,0,0,0,0,0,0.0,0.0,0.0,0.0,0.0,0.0,0.0,0.0,0,45
2024-25,28,275,734,Albert Grønbæk,MID,Southampton,17,12,0,2025-03-08T15:00:00Z,63,2,0,0,0,2,0,4,3.2,10.3,0.0,1.4,0.0,0.01,0.01,2.91,1,49
2024-25,28,276,735,Mikel Arteta,AM,Arsenal,1,14,0,2025-03-09T16:30:00Z,0,4,0,0,0,0,0,0,0.0,0.0,0.0,0.0,0.0,0.0,0.0,0.0,0,15
2024-25,28,277,736,Pep Guardiola,AM,Man City,13,16,0,2025-03-08T12:30:00Z,0,0,0,0,0,0,0,0,0.0,0.0,0.0,0.0,0.0,0.0,0.0,0.0,0,15
2024-25,28,271,737,Unai Emery,AM,Aston Villa,2,4,0,2025-03-08T17:30:00Z,0,9,0,0,0,0,0,0,0.0,0.0,0.0,0.0,0.0,0.0,0.0,0.0,0,8
2024-25,28,278,738,Andoni Iraola,AM,Bournemouth,3,18,0,2025-03-09T14:00:00Z,0,5,0,0,0,0,0,0,0.0,0.0,0.0,0.0,0.0,0.0,0.0,0.0,0,11
2024-25,28,272,739,Fabian Hürzeler,AM,Brighton,5,9,1,2025-03-08T15:00:00Z,0,8,0,0,0,0,0,0,0.0,0.0,0.0,0.0,0.0,0.0,0.0,0.0,0,11
2024-25,28,273,740,Enzo Maresca,AM,Chelsea,6,11,1,2025-03-09T14:00:00Z,0,9,0,0,0,0,0,0,0.0,0.0,0.0,0.0,0.0,0.0,0.0,0.0,0,15
2024-25,28,274,741,Oliver Glasner,AM,Crystal Palace,7,10,1,2025-03-08T15:00:00Z,0,9,0,0,0,0,0,0,0.0,0.0,0.0,0.0,0.0,0.0,0.0,0.0,0,8
2024-25,28,280,742,David Moyes,AM,Everton,8,20,0,2025-03-08T20:00:00Z,0,4,0,0,0,0,0,0,0.0,0.0,0.0,0.0,0.0,0.0,0.0,0.0,0,5
2024-25,28,274,743,Kieran McKenna,AM,Ipswich,10,7,0,2025-03-08T15:00:00Z,0,0,0,0,0,0,0,0,0.0,0.0,0.0,0.0,0.0,0.0,0.0,0.0,0,5
2024-25,28,275,744,Arne Slot,AM,Liverpool,12,17,1,2025-03-08T15:00:00Z,0,9,0,0,0,0,0,0,0.0,0.0,0.0,0.0,0.0,0.0,0.0,0.0,0,15
2024-25,28,276,745,Ruben Filipe Marques Diogo Amorim,AM,Man Utd,14,1,1,2025-03-09T16:30:00Z,0,9,0,0,0,0,0,0,0.0,0.0,0.0,0.0,0.0,0.0,0.0,0.0,0,8
2024-25,28,279,746,Eddie Howe,AM,Newcastle,15,19,0,2025-03-10T20:00:00Z,0,9,0,0,0,0,0,0,0.0,0.0,0.0,0.0,0.0,0.0,0.0,0.0,0,15
2024-25,28,277,747,Nuno Herlander Simões Espírito Santo,AM,Nott'm Forest,16,13,1,2025-03-08T12:30:00Z,0,9,0,0,0,0,0,0,0.0,0.0,0.0,0.0,0.0,0.0,0.0,0.0,0,11
2024-25,28,275,748,Ivan Juric,AM,Southampton,17,12,0,2025-03-08T15:00:00Z,0,1,0,0,0,0,0,0,0.0,0.0,0.0,0.0,0.0,0.0,0.0,0.0,0,5
2024-25,28,278,749,Ange Postecoglou,AM,Spurs,18,3,1,2025-03-09T14:00:00Z,0,10,0,0,0,0,0,0,0.0,0.0,0.0,0.0,0.0,0.0,0.0,0.0,0,11
2024-25,28,279,750,Graham Potter,AM,West Ham,19,15,1,2025-03-10T20:00:00Z,0,0,0,0,0,0,0,0,0.0,0.0,0.0,0.0,0.0,0.0,0.0,0.0,0,5
2024-25,28,280,751,Vítor Manuel de Oliveira Lopes Pereira,AM,Wolves,20,8,1,2025-03-08T20:00:00Z,0,4,0,0,0,0,0,0,0.0,0.0,0.0,0.0,0.0,0.0,0.0,0.0,0,8
2024-25,28,271,752,Thomas Frank,AM,Brentford,4,2,1,2025-03-08T17:30:00Z,0,0,0,0,0,0,0,0,0.0,0.0,0.0,0.0,0.0,0.0,0.0,0.0,0,8
2024-25,28,272,753,Marco Alexandre Saraiva da Silva,AM,Fulham,9,5,0,2025-03-08T15:00:00Z,0,1,0,0,0,0,0,0,0.0,0.0,0.0,0.0,0.0,0.0,0.0,0.0,0,11
2024-25,28,273,754,Ruud van Nistelrooij,AM,Leicester,11,6,0,2025-03-09T14:00:00Z,0,0,0,0,0,0,0,0,0.0,0.0,0.0,0.0,0.0,0.0,0.0,0.0,0,5
2024-25,28,277,755,Omar Marmoush,FWD,Man City,13,16,0,2025-03-08T12:30:00Z,21,1,0,0,0,1,0,3,2.4,3.5,4.0,1.0,0.0,0.01,0.01,0.27,0,72
2024-25,28,276,756,Jack Porter,GK,Arsenal,1,14,0,2025-03-09T16:30:00Z,0,0,0,0,0,0,0,0,0.0,0.0,0.0,0.0,0.0,0.0,0.0,0.0,0,40
2024-25,28,271,757,Michael Kayode,DEF,Brentford,4,2,1,2025-03-08T17:30:00Z,0,0,0,0,0,0,0,0,0.0,0.0,0.0,0.0,0.0,0.0,0.0,0.0,0,45
2024-25,28,272,758,Joe Knight,MID,Brighton,5,9,1,2025-03-08T15:00:00Z,0,0,0,0,0,0,0,0,0.0,0.0,0.0,0.0,0.0,0.0,0.0,0.0,0,45
2024-25,28,271,759,Julian Eyestone,GK,Brentford,4,2,1,2025-03-08T17:30:00Z,0,0,0,0,0,0,0,0,0.0,0.0,0.0,0.0,0.0,0.0,0.0,0.0,0,40
2024-25,28,278,760,Dante Cassanova,DEF,Spurs,18,3,1,2025-03-09T14:00:00Z,0,0,0,0,0,0,0,0,0.0,0.0,0.0,0.0,0.0,0.0,0.0,0.0,0,40
2024-25,28,276,761,Elyh Harrison,GK,Man Utd,14,1,1,2025-03-09T16:30:00Z,0,0,0,0,0,0,0,0,0.0,0.0,0.0,0.0,0.0,0.0,0.0,0.0,0,40
2024-25,28,271,762,Marco Asensio,MID,Aston Villa,2,4,0,2025-03-08T17:30:00Z,0,0,0,0,0,0,0,0,0.0,0.0,0.0,0.0,0.0,0.0,0.0,0.0,0,61
2024-25,28,272,763,Eiran Cashin,DEF,Brighton,5,9,1,2025-03-08T15:00:00Z,0,0,0,0,0,0,0,0,0.0,0.0,0.0,0.0,0.0,0.0,0.0,0.0,0,45
2024-25,28,274,764,Alex Palmer,GK,Ipswich,10,7,0,2025-03-08T15:00:00Z,90,3,0,0,0,1,0,10,33.4,10.0,0.0,4.3,0.0,0.0,0.0,3.26,1,45
2024-25,28,277,765,Nico González,MID,Man City,13,16,0,2025-03-08T12:30:00Z,61,2,0,0,1,0,0,4,0.0,4.0,2.0,0.2,0.05,0.01,0.06,0.3,1,60
2024-25,28,276,766,Patrick Dorgu,DEF,Man Utd,14,1,1,2025-03-09T16:30:00Z,0,0,0,0,0,0,0,0,0.0,0.0,0.0,0.0,0.0,0.0,0.0,0.0,0,45
2024-25,28,278,767,Kevin Danso,DEF,Spurs,18,3,1,2025-03-09T14:00:00Z,90,1,0,0,0,2,0,9,18.2,0.8,11.0,3.0,0.24,0.0,0.24,2.2,1,45
2024-25,28,278,768,Mathys Tel,MID,Spurs,18,3,1,2025-03-09T14:00:00Z,0,0,0,0,0,0,0,0,0.0,0.0,0.0,0.0,0.0,0.0,0.0,0.0,0,60
2024-25,28,280,769,Nasser Djiga,DEF,Wolves,20,8,1,2025-03-08T20:00:00Z,0,0,0,0,0,0,0,0,0.0,0.0,0.0,0.0,0.0,0.0,0.0,0.0,0,45
2024-25,28,280,770,Marshall Munetsi,MID,Wolves,20,8,1,2025-03-08T20:00:00Z,45,8,1,0,0,1,2,25,39.4,0.6,54.0,9.4,0.4,0.0,0.4,0.95,1,50
2024-25,28,273,771,Mathis Amougou,MID,Chelsea,6,11,1,2025-03-09T14:00:00Z,0,0,0,0,0,0,0,0,0.0,0.0,0.0,0.0,0.0,0.0,0.0,0.0,0,45
2024-25,28,272,772,Willian Borges da Silva,MID,Fulham,9,5,0,2025-03-08T15:00:00Z,8,1,0,0,0,1,0,4,3.2,14.6,0.0,1.8,0.0,0.05,0.05,1.13,0,50
2024-25,28,280,773,Isaac Heath,MID,Everton,8,20,0,2025-03-08T20:00:00Z,0,0,0,0,0,0,0,0,0.0,0.0,0.0,0.0,0.0,0.0,0.0,0.0,0,45
2024-25,28,273,774,Aaron Anselmino,DEF,Chelsea,6,11,1,2025-03-09T14:00:00Z,0,0,0,0,0,0,0,0,0.0,0.0,0.0,0.0,0.0,0.0,0.0,0.0,0,40
2024-25,28,280,775,Coby Ebere,MID,Everton,8,20,0,2025-03-08T20:00:00Z,0,0,0,0,0,0,0,0,0.0,0.0,0.0,0.0,0.0,0.0,0.0,0.0,0,45
2024-25,28,276,776,Chido Obi-Martin,FWD,Man Utd,14,1,1,2025-03-09T16:30:00Z,0,0,0,0,0,0,0,0,0.0,0.0,0.0,0.0,0.0,0.0,0.0,0.0,0,45
2024-25,28,276,777,Tyler Fredricson,DEF,Man Utd,14,1,1,2025-03-09T16:30:00Z,0,0,0,0,0,0,0,0,0.0,0.0,0.0,0.0,0.0,0.0,0.0,0.0,0,40
2024-25,28,276,778,Jack Moorhouse,MID,Man Utd,14,1,1,2025-03-09T16:30:00Z,0,0,0,0,0,0,0,0,0.0,0.0,0.0,0.0,0.0,0.0,0.0,0.0,0,45
2024-25,28,276,779,Sékou Koné,MID,Man Utd,14,1,1,2025-03-09T16:30:00Z,0,0,0,0,0,0,0,0,0.0,0.0,0.0,0.0,0.0,0.0,0.0,0.0,0,45
2024-25,28,271,780,Iwan Morgan,FWD,Brentford,4,2,1,2025-03-08T17:30:00Z,0,0,0,0,0,0,0,0,0.0,0.0,0.0,0.0,0.0,0.0,0.0,0.0,0,45
2024-25,28,273,781,Shumaira Mheuka,FWD,Chelsea,6,11,1,2025-03-09T14:00:00Z,0,0,0,0,0,0,0,0,0.0,0.0,0.0,0.0,0.0,0.0,0.0,0.0,0,45
2024-25,28,273,782,Ishé Samuels-Smith,DEF,Chelsea,6,11,1,2025-03-09T14:00:00Z,0,0,0,0,0,0,0,0,0.0,0.0,0.0,0.0,0.0,0.0,0.0,0.0,0,40
2024-25,28,276,783,Hubert Graczyk,GK,Man Utd,14,1,1,2025-03-09T16:30:00Z,0,0,0,0,0,0,0,0,0.0,0.0,0.0,0.0,0.0,0.0,0.0,0.0,0,40
2024-25,28,280,784,Mateus Mané,FWD,Wolves,20,8,1,2025-03-08T20:00:00Z,0,0,0,0,0,0,0,0,0.0,0.0,0.0,0.0,0.0,0.0,0.0,0.0,0,45
2024-25,28,277,785,Claudio Echeverri,MID,Man City,13,16,0,2025-03-08T12:30:00Z,0,0,0,0,0,0,0,0,0.0,0.0,0.0,0.0,0.0,0.0,0.0,0.0,0,60
2024-25,28,271,786,Benjamin Fredrick,DEF,Brentford,4,2,1,2025-03-08T17:30:00Z,0,0,0,0,0,0,0,0,0.0,0.0,0.0,0.0,0.0,0.0,0.0,0.0,0,40
2024-25,28,273,787,Genesis Antwi,DEF,Chelsea,6,11,1,2025-03-09T14:00:00Z,0,0,0,0,0,0,0,0,0.0,0.0,0.0,0.0,0.0,0.0,0.0,0.0,0,40
2024-25,28,276,788,Dermot Mee,GK,Man Utd,14,1,1,2025-03-09T16:30:00Z,0,0,0,0,0,0,0,0,0.0,0.0,0.0,0.0,0.0,0.0,0.0,0.0,0,40
2024-25,28,279,789,Sean Neave,FWD,Newcastle,15,19,0,2025-03-10T20:00:00Z,0,0,0,0,0,0,0,0,0.0,0.0,0.0,0.0,0.0,0.0,0.0,0.0,0,45
