season,gw,fixture,element,name,position,team,team_id,opponent_team,was_home,kickoff_time,minutes,total_points,goals_scored,assists,clean_sheets,goals_conceded,bonus,bps,influence,creativity,threat,ict_index,expected_goals,expected_assists,expected_goal_involvements,expected_goals_conceded,starts,value
2024-25,30,291,1,Fábio Ferreira Vieira,MID,Arsenal,1,9,1,2025-04-01T18:45:00Z,0,0,0,0,0,0,0,0,0.0,0.0,0.0,0.0,0.0,0.0,0.0,0.0,0,54
2024-25,30,291,2,Gabriel Fernando de Jesus,FWD,Arsenal,1,9,1,2025-04-01T18:45:00Z,0,0,0,0,0,0,0,0,0.0,0.0,0.0,0.0,0.0,0.0,0.0,0.0,0,65
2024-25,30,291,3,Gabriel dos Santos Magalhães,DEF,Arsenal,1,9,1,2025-04-01T18:45:00Z,15,1,0,0,0,0,0,3,1.6,0.2,0.0,0.2,0.0,0.0,0.0,0.0,1,64
2024-25,30,291,4,Kai Havertz,FWD,Arsenal,1,9,1,2025-04-01T18:45:00Z,0,0,0,0,0,0,0,0,0.0,0.0,0.0,0.0,0.0,0.0,0.0,0.0,0,77
2024-25,30,291,5,Karl Hein,GK,Arsenal,1,9,1,2025-04-01T18:45:00Z,0,0,0,0,0,0,0,0,0.0,0.0,0.0,0.0,0.0,0.0,0.0,0.0,0,40
2024-25,30,291,6,Jurriën Timber,DEF,Arsenal,1,9,1,2025-04-01T18:45:00Z,76,7,0,0,1,0,1,25,9.6,9.5,17.0,3.6,0.28,0.03,0.31,0.24,1,56
2024-25,30,291,7,Jorge Luiz Frello Filho,MID,Arsenal,1,9,1,2025-04-01T18:45:00Z,0,0,0,0,0,0,0,0,0.0,0.0,0.0,0.0,0.0,0.0,0.0,0.0,0,47
2024-25,30,291,8,Jakub Kiwior,DEF,Arsenal,1,9,1,2025-04-01T18:45:00Z,74,2,0,0,0,1,0,10,16.8,1.7,5.0,2.4,0.06,0.01,0.07,0.99,0,48
2024-25,30,291,9,Gabriel Martinelli Silva,MID,Arsenal,1,9,1,2025-04-01T18:45:00Z,90,5,0,1,0,1,0,22,27.8,62.8,31.0,12.2,0.33,0.3,0.63,0.99,1,65
2024-25,30,291,10,Reiss Nelson,MID,Fulham,9,1,0,2025-04-01T18:45:00Z,0,0,0,0,0,0,0,0,0.0,0.0,0.0,0.0,0.0,0.0,0.0,0.0,0,50
2024-25,30,300,11,Eddie Nketiah,FWD,Crystal Palace,7,17,0,2025-04-02T18:45:00Z,31,1,0,0,0,0,0,-1,2.2,1.8,25.0,2.9,0.16,0.0,0.16,0.01,0,59
2024-25,30,291,12,Ethan Nwaneri,MID,Arsenal,1,9,1,2025-04-01T18:45:00Z,65,6,0,1,1,0,0,16,31.0,29.2,26.0,8.6,0.14,0.26,0.4,0.24,1,46
2024-25,30,291,13,Martin Ødegaard,MID,Arsenal,1,9,1,2025-04-01T18:45:00Z,90,2,0,0,0,1,0,15,7.6,33.5,15.0,5.6,0.28,0.28,0.56,0.99,1,82
2024-25,30,300,14,Aaron Ramsdale,GK,Southampton,17,7,1,2025-04-02T18:45:00Z,90,2,0,0,0,1,0,9,21.0,0.0,0.0,2.1,0.0,0.0,0.0,0.74,1,44
2024-25,30,291,15,David Raya Martin,GK,Arsenal,1,9,1,2025-04-01T18:45:00Z,90,2,0,0,0,1,0,11,21.2,0.1,0.0,2.1,0.0,0.0,0.0,0.99,1,55
2024-25,30,291,16,Declan Rice,MID,Arsenal,1,9,1,2025-04-01T18:45:00Z,90,1,0,0,0,1,0,9,9.0,30.3,17.0,5.6,0.28,0.12,0.4,0.99,1,62
2024-25,30,291,17,Bukayo Saka,MID,Arsenal,1,9,1,2025-04-01T18:45:00Z,24,8,1,0,0,1,2,26,35.2,5.4,35.0,7.6,0.77,0.12,0.89,0.75,0,102
2024-25,30,291,18,William Saliba,DEF,Arsenal,1,9,1,2025-04-01T18:45:00Z,90,2,0,0,0,1,0,9,15.6,2.8,4.0,2.2,0.08,0.02,0.1,0.99,1,62
2024-25,30,291,19,Emile Smith Rowe,MID,Fulham,9,1,0,2025-04-01T18:45:00Z,66,2,0,0,0,1,0,13,7.2,6.3,2.0,1.6,0.0,0.02,0.02,1.23,1,51
2024-25,30,291,20,Thomas Partey,MID,Arsenal,1,9,1,2025-04-01T18:45:00Z,90,2,0,0,0,1,0,14,15.6,3.8,5.0,2.4,0.09,0.04,0.13,0.99,1,49
2024-25,30,291,21,Kieran Tierney,DEF,Arsenal,1,9,1,2025-04-01T18:45:00Z,0,0,0,0,0,0,0,0,0.0,0.0,0.0,0.0,0.0,0.0,0.0,0.0,0,43
2024-25,30,291,22,Tomiyasu Takehiro,DEF,Arsenal,1,9,1,2025-04-01T18:45:00Z,0,0,0,0,0,0,0,0,0.0,0.0,0.0,0.0,0.0,0.0,0.0,0.0,0,48
2024-25,30,291,23,Leandro Trossard,MID,Arsenal,1,9,1,2025-04-01T18:45:00Z,13,1,0,0,0,1,0,3,2.0,0.3,2.0,0.4,0.0,0.0,0.0,0.75,0,68
2024-25,30,291,24,Benjamin White,DEF,Arsenal,1,9,1,2025-04-01T18:45:00Z,0,0,0,0,0,0,0,0,0.0,0.0,0.0,0.0,0.0,0.0,0.0,0.0,0,61
2024-25,30,291,25,Oleksandr Zinchenko,DEF,Arsenal,1,9,1,2025-04-01T18:45:00Z,0,0,0,0,0,0,0,0,0.0,0.0,0.0,0.0,0.0,0.0,0.0,0.0,0,48
2024-25,30,294,26,Álex Moreno Lopera,DEF,Nott'm Forest,16,14,1,2025-04-01T19:00:00Z,50,1,0,0,0,0,0,8,9.2,1.9,2.0,1.3,0.0,0.06,0.06,1.18,0,42
2024-25,30,300,27,Cameron Archer,FWD,Southampton,17,7,1,2025-04-02T18:45:00Z,1,1,0,0,0,1,0,1,0.0,1.3,0.0,0.0,0.0,0.0,0.0,0.1,0,49
2024-25,30,293,28,Leon Bailey,MID,Aston Villa,2,5,0,2025-04-02T18:45:00Z,0,0,0,0,0,0,0,0,0.0,0.0,0.0,0.0,0.0,0.0,0.0,0.0,0,62
2024-25,30,293,29,Ross Barkley,MID,Aston Villa,2,5,0,2025-04-02T18:45:00Z,0,0,0,0,0,0,0,0,0.0,0.0,0.0,0.0,0.0,0.0,0.0,0.0,0,52
2024-25,30,293,30,Enzo Barrenechea,MID,Aston Villa,2,5,0,2025-04-02T18:45:00Z,0,0,0,0,0,0,0,0,0.0,0.0,0.0,0.0,0.0,0.0,0.0,0.0,0,49
2024-25,30,293,31,Emiliano Buendía Stati,MID,Aston Villa,2,5,0,2025-04-02T18:45:00Z,0,0,0,0,0,0,0,0,0.0,0.0,0.0,0.0,0.0,0.0,0.0,0.0,0,51
2024-25,30,293,32,Matty Cash,DEF,Aston Villa,2,5,0,2025-04-02T18:45:00Z,80,6,0,0,1,0,0,23,13.8,15.2,6.0,3.5,0.03,0.11,0.14,0.49,1,44
2024-25,30,293,33,Leander Dendoncker,MID,Aston Villa,2,5,0,2025-04-02T18:45:00Z,0,0,0,0,0,0,0,0,0.0,0.0,0.0,0.0,0.0,0.0,0.0,0.0,0,45
2024-25,30,293,34,Moussa Diaby,MID,Aston Villa,2,5,0,2025-04-02T18:45:00Z,0,0,0,0,0,0,0,0,0.0,0.0,0.0,0.0,0.0,0.0,0.0,0.0,0,65
2024-25,30,293,35,Diego Carlos Santos Silva,DEF,Aston Villa,2,5,0,2025-04-02T18:45:00Z,0,0,0,0,0,0,0,0,0.0,0.0,0.0,0.0,0.0,0.0,0.0,0.0,0,45
2024-25,30,293,36,Lucas Digne,DEF,Aston Villa,2,5,0,2025-04-02T18:45:00Z,90,6,0,0,1,0,0,23,20.2,15.9,0.0,3.6,0.0,0.11,0.11,0.9,1,45
2024-25,30,293,37,Lewis Dobbin,MID,Aston Villa,2,5,0,2025-04-02T18:45:00Z,0,0,0,0,0,0,0,0,0.0,0.0,0.0,0.0,0.0,0.0,0.0,0.0,0,50
2024-25,30,293,38,Jhon Durán,FWD,Aston Villa,2,5,0,2025-04-02T18:45:00Z,0,0,0,0,0,0,0,0,0.0,0.0,0.0,0.0,0.0,0.0,0.0,0.0,0,57
2024-25,30,293,39,Joe Gauci,GK,Aston Villa,2,5,0,2025-04-02T18:45:00Z,0,0,0,0,0,0,0,0,0.0,0.0,0.0,0.0,0.0,0.0,0.0,0.0,0,40
2024-25,30,293,40,Kortney Hause,DEF,Aston Villa,2,5,0,2025-04-02T18:45:00Z,0,0,0,0,0,0,0,0,0.0,0.0,0.0,0.0,0.0,0.0,0.0,0.0,0,39
2024-25,30,293,41,Samuel Iling-Junior,MID,Aston Villa,2,5,0,2025-04-02T18:45:00Z,0,0,0,0,0,0,0,0,0.0,0.0,0.0,0.0,0.0,0.0,0.0,0.0,0,54
2024-25,30,293,42,Boubacar Kamara,MID,Aston Villa,2,5,0,2025-04-02T18:45:00Z,90,3,0,0,1,0,0,20,18.8,12.3,0.0,3.1,0.0,0.02,0.02,0.9,1,50
2024-25,30,293,43,Kaine Kesler-Hayden,DEF,Aston Villa,2,5,0,2025-04-02T18:45:00Z,0,0,0,0,0,0,0,0,0.0,0.0,0.0,0.0,0.0,0.0,0.0,0.0,0,40
2024-25,30,293,44,Ezri Konsa Ngoyo,DEF,Aston Villa,2,5,0,2025-04-02T18:45:00Z,90,6,0,0,1,0,0,29,16.2,0.4,17.0,3.4,0.07,0.0,0.07,0.9,1,44
2024-25,30,293,45,Ian Maatsen,DEF,Aston Villa,2,5,0,2025-04-02T18:45:00Z,0,0,0,0,0,0,0,0,0.0,0.0,0.0,0.0,0.0,0.0,0.0,0.0,0,45
2024-25,30,293,46,Filip Marschall,GK,Aston Villa,2,5,0,2025-04-02T18:45:00Z,0,0,0,0,0,0,0,0,0.0,0.0,0.0,0.0,0.0,0.0,0.0,0.0,0,40
2024-25,30,293,47,Emiliano Martínez Romero,GK,Aston Villa,2,5,0,2025-04-02T18:45:00Z,90,6,0,0,1,0,0,26,37.0,0.0,0.0,3.7,0.0,0.0,0.0,0.9,1,50
2024-25,30,293,48,John McGinn,MID,Aston Villa,2,5,0,2025-04-02T18:45:00Z,90,3,0,0,1,0,0,5,6.0,14.0,6.0,2.6,0.17,0.08,0.25,0.9,1,52
2024-25,30,293,49,Tyrone Mings,DEF,Aston Villa,2,5,0,2025-04-02T18:45:00Z,0,0,0,0,0,0,0,0,0.0,0.0,0.0,0.0,0.0,0.0,0.0,0.0,0,44
2024-25,30,293,50,Kosta Nedeljković,DEF,Aston Villa,2,5,0,2025-04-02T18:45:00Z,0,0,0,0,0,0,0,0,0.0,0.0,0.0,0.0,0.0,0.0,0.0,0.0,0,39
2024-25,30,293,51,Robin Olsen,GK,Aston Villa,2,5,0,2025-04-02T18:45:00Z,0,0,0,0,0,0,0,0,0.0,0.0,0.0,0.0,0.0,0.0,0.0,0.0,0,45
2024-25,30,293,52,Pau Torres,DEF,Aston Villa,2,5,0,2025-04-02T18:45:00Z,90,8,0,0,1,0,2,31,30.8,0.7,0.0,3.2,0.0,0.0,0.0,0.9,1,42
2024-25,30,293,53,Jacob Ramsey,MID,Aston Villa,2,5,0,2025-04-02T18:45:00Z,64,3,0,0,1,0,0,7,8.6,1.2,6.0,1.6,0.0,0.01,0.01,0.49,1,54
2024-25,30,293,54,Morgan Rogers,MID,Aston Villa,2,5,0,2025-04-02T18:45:00Z,87,10,0,2,1,0,1,30,48.0,25.3,2.0,7.5,0.0,0.27,0.27,0.49,1,55
2024-25,30,293,55,Viljami Sinisalo,GK,Aston Villa,2,5,0,2025-04-02T18:45:00Z,0,0,0,0,0,0,0,0,0.0,0.0,0.0,0.0,0.0,0.0,0.0,0.0,0,40
2024-25,30,293,56,Lino da Cruz Sousa,DEF,Aston Villa,2,5,0,2025-04-02T18:45:00Z,0,0,0,0,0,0,0,0,0.0,0.0,0.0,0.0,0.0,0.0,0.0,0.0,0,40
2024-25,30,293,57,Youri Tielemans,MID,Aston Villa,2,5,0,2025-04-02T18:45:00Z,64,3,0,0,1,0,0,6,9.0,1.8,0.0,1.1,0.0,0.01,0.01,0.49,1,55
2024-25,30,293,58,Ollie Watkins,FWD,Aston Villa,2,5,0,2025-04-02T18:45:00Z,25,0,0,0,0,0,0,0,2.2,0.8,8.0,1.1,0.0,0.01,0.01,0.41,0,89
2024-25,30,292,59,Max Aarons,DEF,Bournemouth,3,10,1,2025-04-02T18:45:00Z,0,0,0,0,0,0,0,0,0.0,0.0,0.0,0.0,0.0,0.0,0.0,0.0,0,43
2024-25,30,292,60,Tyler Adams,MID,Bournemouth,3,10,1,2025-04-02T18:45:00Z,45,1,0,0,0,1,0,14,15.0,26.9,2.0,4.4,0.0,0.05,0.05,0.35,0,49
2024-25,30,292,61,Jaidon Anthony,MID,Bournemouth,3,10,1,2025-04-02T18:45:00Z,0,0,0,0,0,0,0,0,0.0,0.0,0.0,0.0,0.0,0.0,0.0,0.0,0,45
2024-25,30,292,62,David Brooks,MID,Bournemouth,3,10,1,2025-04-02T18:45:00Z,32,1,0,0,0,1,0,1,0.2,6.9,1.0,0.8,0.03,0.01,0.04,0.35,0,49
2024-25,30,292,63,Ryan Christie,MID,Bournemouth,3,10,1,2025-04-02T18:45:00Z,57,1,0,0,0,1,0,15,14.0,39.4,13.0,6.6,0.03,0.15,0.18,0.81,1,49
2024-25,30,292,64,Lewis Cook,MID,Bournemouth,3,10,1,2025-04-02T18:45:00Z,90,6,0,1,0,2,1,29,12.6,39.0,18.0,7.0,0.25,0.2,0.45,1.17,1,50
2024-25,30,292,65,Enes Ünal,FWD,Bournemouth,3,10,1,2025-04-02T18:45:00Z,0,0,0,0,0,0,0,0,0.0,0.0,0.0,0.0,0.0,0.0,0.0,0.0,0,54
2024-25,30,292,66,Romain Faivre,MID,Bournemouth,3,10,1,2025-04-02T18:45:00Z,0,0,0,0,0,0,0,0,0.0,0.0,0.0,0.0,0.0,0.0,0.0,0.0,0,50
2024-25,30,292,67,Hamed Traorè,MID,Bournemouth,3,10,1,2025-04-02T18:45:00Z,0,0,0,0,0,0,0,0,0.0,0.0,0.0,0.0,0.0,0.0,0.0,0.0,0,45
2024-25,30,292,68,James Hill,DEF,Bournemouth,3,10,1,2025-04-02T18:45:00Z,0,0,0,0,0,0,0,0,0.0,0.0,0.0,0.0,0.0,0.0,0.0,0.0,0,39
2024-25,30,292,69,Daniel Jebbison,FWD,Bournemouth,3,10,1,2025-04-02T18:45:00Z,3,1,0,0,0,0,0,2,0.0,0.5,2.0,0.3,0.0,0.0,0.0,0.0,0,45
2024-25,30,292,70,Milos Kerkez,DEF,Bournemouth,3,10,1,2025-04-02T18:45:00Z,90,1,0,0,0,2,0,11,23.0,22.1,5.0,5.0,0.02,0.06,0.08,1.17,1,53
2024-25,30,292,71,Justin Kluivert,MID,Bournemouth,3,10,1,2025-04-02T18:45:00Z,0,0,0,0,0,0,0,0,0.0,0.0,0.0,0.0,0.0,0.0,0.0,0.0,0,63
2024-25,30,292,72,Chris Mepham,DEF,Bournemouth,3,10,1,2025-04-02T18:45:00Z,0,0,0,0,0,0,0,0,0.0,0.0,0.0,0.0,0.0,0.0,0.0,0.0,0,44
2024-25,30,291,73,Norberto Murara Neto,GK,Arsenal,1,9,1,2025-04-01T18:45:00Z,0,0,0,0,0,0,0,0,0.0,0.0,0.0,0.0,0.0,0.0,0.0,0.0,0,41
2024-25,30,292,74,Dango Ouattara,MID,Bournemouth,3,10,1,2025-04-02T18:45:00Z,90,2,0,0,0,2,0,1,0.0,16.3,29.0,4.4,0.57,0.02,0.59,1.17,1,50
2024-25,30,292,75,Alex Paulsen,GK,Bournemouth,3,10,1,2025-04-02T18:45:00Z,0,0,0,0,0,0,0,0,0.0,0.0,0.0,0.0,0.0,0.0,0.0,0.0,0,40
2024-25,30,292,76,Philip Billing,MID,Bournemouth,3,10,1,2025-04-02T18:45:00Z,0,0,0,0,0,0,0,0,0.0,0.0,0.0,0.0,0.0,0.0,0.0,0.0,0,48
2024-25,30,292,77,Alex Scott,MID,Bournemouth,3,10,1,2025-04-02T18:45:00Z,57,1,0,0,0,1,0,17,9.6,4.1,37.0,5.1,0.23,0.02,0.25,0.81,1,47
2024-25,30,292,78,Antoine Semenyo,MID,Bournemouth,3,10,1,2025-04-02T18:45:00Z,90,2,0,0,0,2,0,17,11.8,39.7,25.0,7.7,0.17,0.04,0.21,1.17,1,57
2024-25,30,292,79,Marcos Senesi,DEF,Bournemouth,3,10,1,2025-04-02T18:45:00Z,32,1,0,0,0,1,0,2,7.8,2.3,0.0,1.0,0.0,0.02,0.02,0.35,0,46
2024-25,30,292,80,Luis Sinisterra,MID,Bournemouth,3,10,1,2025-04-02T18:45:00Z,0,0,0,0,0,0,0,0,0.0,0.0,0.0,0.0,0.0,0.0,0.0,0.0,0,48
2024-25,30,292,81,Adam Smith,DEF,Bournemouth,3,10,1,2025-04-02T18:45:00Z,45,1,0,0,0,1,0,2,12.6,14.8,0.0,2.7,0.0,0.03,0.03,0.81,1,44
2024-25,30,296,82,Dominic Solanke-Mitchell,FWD,Spurs,18,6,0,2025-04-03T19:00:00Z,90,2,0,0,0,1,0,6,2.4,0.5,2.0,0.5,0.0,0.01,0.01,1.09,1,73
2024-25,30,292,83,Marcus Tavernier,MID,Bournemouth,3,10,1,2025-04-02T18:45:00Z,0,0,0,0,0,0,0,0,0.0,0.0,0.0,0.0,0.0,0.0,0.0,0.0,0,54
2024-25,30,292,84,Mark Travers,GK,Bournemouth,3,10,1,2025-04-02T18:45:00Z,0,0,0,0,0,0,0,0,0.0,0.0,0.0,0.0,0.0,0.0,0.0,0.0,0,44
2024-25,30,292,85,Illia Zabarnyi,DEF,Bournemouth,3,10,1,2025-04-02T18:45:00Z,86,1,0,0,0,2,0,4,7.2,1.1,0.0,0.8,0.0,0.01,0.01,1.17,1,44
2024-25,30,299,86,Kristoffer Ajer,DEF,Brentford,4,15,0,2025-04-02T18:45:00Z,7,1,0,0,0,0,0,3,1.2,0.0,0.0,0.1,0.0,0.0,0.0,0.22,0,44
2024-25,30,299,87,Ethan Brierley,MID,Brentford,4,15,0,2025-04-02T18:45:00Z,0,0,0,0,0,0,0,0,0.0,0.0,0.0,0.0,0.0,0.0,0.0,0.0,0,44
2024-25,30,299,88,Nathan Collins,DEF,Brentford,4,15,0,2025-04-02T18:45:00Z,90,1,0,0,0,2,0,5,28.4,1.7,6.0,3.6,0.0,0.02,0.02,1.29,1,45
2024-25,30,299,89,Mikkel Damsgaard,MID,Brentford,4,15,0,2025-04-02T18:45:00Z,31,1,0,0,0,1,0,6,7.8,39.6,10.0,5.7,0.09,0.07,0.16,0.35,0,51
2024-25,30,299,90,Josh Dasilva,MID,Brentford,4,15,0,2025-04-02T18:45:00Z,0,0,0,0,0,0,0,0,0.0,0.0,0.0,0.0,0.0,0.0,0.0,0.0,0,48
2024-25,30,299,91,Mark Flekken,GK,Brentford,4,15,0,2025-04-02T18:45:00Z,90,1,0,0,0,2,0,5,23.0,0.0,0.0,2.3,0.0,0.01,0.01,1.29,1,44
2024-25,30,299,92,Rico Henry,DEF,Brentford,4,15,0,2025-04-02T18:45:00Z,0,0,0,0,0,0,0,0,0.0,0.0,0.0,0.0,0.0,0.0,0.0,0.0,0,43
2024-25,30,299,93,Aaron Hickey,DEF,Brentford,4,15,0,2025-04-02T18:45:00Z,0,0,0,0,0,0,0,0,0.0,0.0,0.0,0.0,0.0,0.0,0.0,0.0,0,43
2024-25,30,299,94,Vitaly Janelt,MID,Brentford,4,15,0,2025-04-02T18:45:00Z,58,1,0,0,0,1,0,3,5.2,1.8,0.0,0.7,0.0,0.01,0.01,0.94,1,49
2024-25,30,299,95,Mathias Jensen,MID,Brentford,4,15,0,2025-04-02T18:45:00Z,0,0,0,0,0,0,0,0,0.0,0.0,0.0,0.0,0.0,0.0,0.0,0.0,0,53
2024-25,30,299,96,Kim Ji-soo,DEF,Brentford,4,15,0,2025-04-02T18:45:00Z,0,0,0,0,0,0,0,0,0.0,0.0,0.0,0.0,0.0,0.0,0.0,0.0,0,39
2024-25,30,299,97,Yunus Emre Konak,MID,Brentford,4,15,0,2025-04-02T18:45:00Z,0,0,0,0,0,0,0,0,0.0,0.0,0.0,0.0,0.0,0.0,0.0,0.0,0,44
2024-25,30,299,98,Keane Lewis-Potter,MID,Brentford,4,15,0,2025-04-02T18:45:00Z,90,1,0,0,0,2,0,1,5.6,2.3,0.0,0.8,0.0,0.06,0.06,1.29,1,50
2024-25,30,299,99,Bryan Mbeumo,MID,Brentford,4,15,0,2025-04-02T18:45:00Z,90,8,1,0,0,2,1,23,29.0,18.8,27.0,7.5,0.87,0.24,1.11,1.29,1,81
2024-25,30,299,100,Ben Mee,DEF,Brentford,4,15,0,2025-04-02T18:45:00Z,0,0,0,0,0,0,0,0,0.0,0.0,0.0,0.0,0.0,0.0,0.0,0.0,0,42
2024-25,30,299,101,Christian Nørgaard,MID,Brentford,4,15,0,2025-04-02T18:45:00Z,90,2,0,0,0,2,0,14,9.0,2.3,21.0,3.2,0.09,0.01,0.1,1.29,1,48
2024-25,30,299,102,Frank Onyeka,MID,Brentford,4,15,0,2025-04-02T18:45:00Z,0,0,0,0,0,0,0,0,0.0,0.0,0.0,0.0,0.0,0.0,0.0,0.0,0,49
2024-25,30,299,103,Myles Peart-Harris,MID,Brentford,4,15,0,2025-04-02T18:45:00Z,0,0,0,0,0,0,0,0,0.0,0.0,0.0,0.0,0.0,0.0,0.0,0.0,0,45
2024-25,30,299,104,Ethan Pinnock,DEF,Brentford,4,15,0,2025-04-02T18:45:00Z,82,1,0,0,0,2,0,5,11.4,0.8,4.0,1.6,0.21,0.0,0.21,1.07,1,44
2024-25,30,299,105,Mads Roerslev Rasmussen,DEF,Brentford,4,15,0,2025-04-02T18:45:00Z,0,0,0,0,0,0,0,0,0.0,0.0,0.0,0.0,0.0,0.0,0.0,0.0,0,43
2024-25,30,299,106,Kevin Schade,MID,Brentford,4,15,0,2025-04-02T18:45:00Z,90,2,0,0,0,2,0,13,17.0,37.3,40.0,9.4,0.11,0.19,0.3,1.29,1,51
2024-25,30,299,107,Igor Thiago Nascimento Rodrigues,FWD,Brentford,4,15,0,2025-04-02T18:45:00Z,0,0,0,0,0,0,0,0,0.0,0.0,0.0,0.0,0.0,0.0,0.0,0.0,0,59
2024-25,30,299,108,Ivan Toney,FWD,Brentford,4,15,0,2025-04-02T18:45:00Z,0,0,0,0,0,0,0,0,0.0,0.0,0.0,0.0,0.0,0.0,0.0,0.0,0,73
2024-25,30,299,109,Hákon Valdimarsson,GK,Brentford,4,15,0,2025-04-02T18:45:00Z,0,0,0,0,0,0,0,0,0.0,0.0,0.0,0.0,0.0,0.0,0.0,0.0,0,39
2024-25,30,299,110,Yoane Wissa,FWD,Brentford,4,15,0,2025-04-02T18:45:00Z,90,5,0,1,0,2,0,16,0.0,11.6,23.0,3.4,0.23,0.01,0.24,1.29,1,66
2024-25,30,299,111,Yehor Yarmoliuk,MID,Brentford,4,15,0,2025-04-02T18:45:00Z,82,2,0,0,0,2,0,13,5.4,4.6,0.0,1.0,0.0,0.01,0.01,1.07,1,44
2024-25,30,299,112,Mathias Jorgensen,DEF,Brentford,4,15,0,2025-04-02T18:45:00Z,0,0,0,0,0,0,0,0,0.0,0.0,0.0,0.0,0.0,0.0,0.0,0.0,0,45
2024-25,30,293,113,Simon Adingra,MID,Brighton,5,2,1,2025-04-02T18:45:00Z,90,2,0,0,0,3,0,6,5.6,25.9,17.0,4.9,0.09,0.22,0.31,1.25,1,51
2024-25,30,293,114,Benicio Baker-Boaitey,MID,Brighton,5,2,1,2025-04-02T18:45:00Z,0,0,0,0,0,0,0,0,0.0,0.0,0.0,0.0,0.0,0.0,0.0,0.0,0,45
2024-25,30,293,115,Carlos Baleba,MID,Brighton,5,2,1,2025-04-02T18:45:00Z,18,1,0,0,0,2,0,4,2.2,0.4,1.0,0.4,0.01,0.0,0.01,0.44,0,50
2024-25,30,293,116,Valentín Barco,DEF,Brighton,5,2,1,2025-04-02T18:45:00Z,0,0,0,0,0,0,0,0,0.0,0.0,0.0,0.0,0.0,0.0,0.0,0.0,0,40
2024-25,30,298,117,Facundo Buonanotte,MID,Leicester,11,13,0,2025-04-02T18:45:00Z,30,1,0,0,0,0,0,4,1.4,1.5,0.0,0.3,0.0,0.01,0.01,0.13,0,46
2024-25,30,293,118,Amario Cozier-Duberry,MID,Brighton,5,2,1,2025-04-02T18:45:00Z,0,0,0,0,0,0,0,0,0.0,0.0,0.0,0.0,0.0,0.0,0.0,0.0,0,45
2024-25,30,293,119,Mahmoud Dahoud,MID,Brighton,5,2,1,2025-04-02T18:45:00Z,0,0,0,0,0,0,0,0,0.0,0.0,0.0,0.0,0.0,0.0,0.0,0.0,0,49
2024-25,30,293,120,Lewis Dunk,DEF,Brighton,5,2,1,2025-04-02T18:45:00Z,71,2,0,0,0,1,0,6,6.0,1.5,2.0,1.0,0.0,0.01,0.01,0.8,1,42
2024-25,30,292,121,Julio Enciso,MID,Ipswich,10,3,0,2025-04-02T18:45:00Z,71,5,0,1,0,1,0,19,16.0,22.7,14.0,5.3,0.11,0.3,0.41,1.54,1,54
2024-25,30,293,122,Pervis Estupiñán,DEF,Brighton,5,2,1,2025-04-02T18:45:00Z,90,1,0,0,0,3,0,1,17.2,30.1,2.0,4.9,0.02,0.14,0.16,1.25,1,49
2024-25,30,295,123,Evan Ferguson,FWD,West Ham,19,20,0,2025-04-01T18:45:00Z,45,1,0,0,0,1,0,-2,1.0,3.8,5.0,1.0,0.31,0.0,0.31,0.46,1,55
2024-25,30,293,124,Billy Gilmour,MID,Brighton,5,2,1,2025-04-02T18:45:00Z,0,0,0,0,0,0,0,0,0.0,0.0,0.0,0.0,0.0,0.0,0.0,0.0,0,50
2024-25,30,293,125,Pascal Groß,MID,Brighton,5,2,1,2025-04-02T18:45:00Z,0,0,0,0,0,0,0,0,0.0,0.0,0.0,0.0,0.0,0.0,0.0,0.0,0,65
2024-25,30,293,126,Jack Hinshelwood,MID,Brighton,5,2,1,2025-04-02T18:45:00Z,71,1,0,0,0,1,0,5,3.8,17.7,2.0,2.4,0.0,0.08,0.08,0.8,1,49
2024-25,30,293,127,Ibrahim Osman,MID,Brighton,5,2,1,2025-04-02T18:45:00Z,0,0,0,0,0,0,0,0,0.0,0.0,0.0,0.0,0.0,0.0,0.0,0.0,0,50
2024-25,30,293,128,Igor Julio dos Santos de Paulo,DEF,Brighton,5,2,1,2025-04-02T18:45:00Z,0,0,0,0,0,0,0,0,0.0,0.0,0.0,0.0,0.0,0.0,0.0,0.0,0,43
2024-25,30,293,129,João Pedro Junqueira de Jesus,FWD,Brighton,5,2,1,2025-04-02T18:45:00Z,71,2,0,0,0,1,0,7,10.6,2.8,23.0,3.6,0.1,0.02,0.12,0.8,1,56
2024-25,30,293,130,Kacper Kozłowski,MID,Brighton,5,2,1,2025-04-02T18:45:00Z,0,0,0,0,0,0,0,0,0.0,0.0,0.0,0.0,0.0,0.0,0.0,0.0,0,45
2024-25,30,293,131,Tariq Lamptey,DEF,Brighton,5,2,1,2025-04-02T18:45:00Z,0,0,0,0,0,0,0,0,0.0,0.0,0.0,0.0,0.0,0.0,0.0,0.0,0,44
2024-25,30,293,132,Solly March,MID,Brighton,5,2,1,2025-04-02T18:45:00Z,0,0,0,0,0,0,0,0,0.0,0.0,0.0,0.0,0.0,0.0,0.0,0.0,0,65
2024-25,30,293,133,Adrian Mazilu,MID,Brighton,5,2,1,2025-04-02T18:45:00Z,0,0,0,0,0,0,0,0,0.0,0.0,0.0,0.0,0.0,0.0,0.0,0.0,0,45
2024-25,30,293,134,James Milner,MID,Brighton,5,2,1,2025-04-02T18:45:00Z,0,0,0,0,0,0,0,0,0.0,0.0,0.0,0.0,0.0,0.0,0.0,0.0,0,50
2024-25,30,293,135,Yankuba Minteh,MID,Brighton,5,2,1,2025-04-02T18:45:00Z,0,0,0,0,0,0,0,0,0.0,0.0,0.0,0.0,0.0,0.0,0.0,0.0,0,51
2024-25,30,293,136,Mitoma Kaoru,MID,Brighton,5,2,1,2025-04-02T18:45:00Z,90,2,0,0,0,3,0,15,17.4,16.3,40.0,7.4,0.25,0.04,0.29,1.25,1,65
2024-25,30,293,137,Jakub Moder,MID,Brighton,5,2,1,2025-04-02T18:45:00Z,0,0,0,0,0,0,0,0,0.0,0.0,0.0,0.0,0.0,0.0,0.0,0.0,0,44
2024-25,30,293,138,Mark O’Mahony,FWD,Brighton,5,2,1,2025-04-02T18:45:00Z,0,0,0,0,0,0,0,0,0.0,0.0,0.0,0.0,0.0,0.0,0.0,0.0,0,45
2024-25,30,293,139,Odeluga Offiah,DEF,Brighton,5,2,1,2025-04-02T18:45:00Z,0,0,0,0,0,0,0,0,0.0,0.0,0.0,0.0,0.0,0.0,0.0,0.0,0,40
2024-25,30,293,140,Cameron Peupion,MID,Brighton,5,2,1,2025-04-02T18:45:00Z,0,0,0,0,0,0,0,0,0.0,0.0,0.0,0.0,0.0,0.0,0.0,0.0,0,44
2024-25,30,293,141,Jeremy Sarmiento Morante,MID,Brighton,5,2,1,2025-04-02T18:45:00Z,0,0,0,0,0,0,0,0,0.0,0.0,0.0,0.0,0.0,0.0,0.0,0.0,0,49
2024-25,30,293,142,Jason Steele,GK,Brighton,5,2,1,2025-04-02T18:45:00Z,0,0,0,0,0,0,0,0,0.0,0.0,0.0,0.0,0.0,0.0,0.0,0.0,0,41
2024-25,30,293,143,Deniz Undav,FWD,Brighton,5,2,1,2025-04-02T18:45:00Z,0,0,0,0,0,0,0,0,0.0,0.0,0.0,0.0,0.0,0.0,0.0,0.0,0,55
2024-25,30,293,144,Jan Paul van Hecke,DEF,Brighton,5,2,1,2025-04-02T18:45:00Z,90,1,0,0,0,3,0,5,18.8,2.2,17.0,3.8,0.02,0.08,0.1,1.25,1,45
2024-25,30,293,145,Joël Veltman,DEF,Brighton,5,2,1,2025-04-02T18:45:00Z,0,0,0,0,0,0,0,0,0.0,0.0,0.0,0.0,0.0,0.0,0.0,0.0,0,43
2024-25,30,293,146,Bart Verbruggen,GK,Brighton,5,2,1,2025-04-02T18:45:00Z,90,1,0,0,0,3,0,0,20.8,0.0,0.0,2.1,0.0,0.0,0.0,1.25,1,45
2024-25,30,293,147,Adam Webster,DEF,Brighton,5,2,1,2025-04-02T18:45:00Z,0,0,0,0,0,0,0,0,0.0,0.0,0.0,0.0,0.0,0.0,0.0,0.0,0,43
2024-25,30,293,148,Danny Welbeck,FWD,Brighton,5,2,1,2025-04-02T18:45:00Z,18,0,0,0,0,2,0,0,0.0,1.3,2.0,0.3,0.0,0.03,0.03,0.44,0,55
2024-25,30,293,149,Mats Wieffer,MID,Brighton,5,2,1,2025-04-02T18:45:00Z,18,1,0,0,0,2,0,4,4.8,11.1,0.0,1.6,0.0,0.01,0.01,0.44,0,47
2024-25,30,296,150,Andrey Nascimento dos Santos,MID,Chelsea,6,18,1,2025-04-03T19:00:00Z,0,0,0,0,0,0,0,0,0.0,0.0,0.0,0.0,0.0,0.0,0.0,0.0,0,45
2024-25,30,296,151,Ângelo Gabriel Borges Damaceno,MID,Chelsea,6,18,1,2025-04-03T19:00:00Z,0,0,0,0,0,0,0,0,0.0,0.0,0.0,0.0,0.0,0.0,0.0,0.0,0,45
2024-25,30,292,152,Kepa Arrizabalaga,GK,Bournemouth,3,10,1,2025-04-02T18:45:00Z,90,1,0,0,0,2,0,5,5.2,0.0,0.0,0.5,0.0,0.0,0.0,1.17,1,46
2024-25,30,296,153,Benoît Badiashile,DEF,Chelsea,6,18,1,2025-04-03T19:00:00Z,0,0,0,0,0,0,0,0,0.0,0.0,0.0,0.0,0.0,0.0,0.0,0.0,0,42
2024-25,30,296,154,Lucas Bergström,GK,Chelsea,6,18,1,2025-04-03T19:00:00Z,0,0,0,0,0,0,0,0,0.0,0.0,0.0,0.0,0.0,0.0,0.0,0.0,0,39
2024-25,30,296,155,Marcus Bettinelli,GK,Chelsea,6,18,1,2025-04-03T19:00:00Z,0,0,0,0,0,0,0,0,0.0,0.0,0.0,0.0,0.0,0.0,0.0,0.0,0,39
2024-25,30,297,156,Armando Broja,FWD,Everton,8,12,0,2025-04-02T19:00:00Z,11,1,0,0,0,0,0,2,0.0,0.3,2.0,0.2,0.0,0.0,0.0,0.21,0,53
2024-25,30,296,157,Moisés Caicedo Corozo,MID,Chelsea,6,18,1,2025-04-03T19:00:00Z,90,3,0,0,1,0,0,25,11.8,7.1,0.0,1.9,0.0,0.03,0.03,0.79,1,49
2024-25,30,296,158,Cesare Casadei,MID,Chelsea,6,18,1,2025-04-03T19:00:00Z,0,0,0,0,0,0,0,0,0.0,0.0,0.0,0.0,0.0,0.0,0.0,0.0,0,44
2024-25,30,296,159,Trevoh Chalobah,DEF,Chelsea,6,18,1,2025-04-03T19:00:00Z,90,5,0,0,1,0,0,28,13.8,12.6,4.0,3.0,0.0,0.02,0.02,0.79,1,44
2024-25,30,300,160,Ben Chilwell,DEF,Crystal Palace,7,17,0,2025-04-02T18:45:00Z,32,1,0,0,0,0,0,7,7.6,11.3,0.0,1.9,0.0,0.02,0.02,0.01,0,46
2024-25,30,296,161,Carney Chukwuemeka,MID,Chelsea,6,18,1,2025-04-03T19:00:00Z,0,0,0,0,0,0,0,0,0.0,0.0,0.0,0.0,0.0,0.0,0.0,0.0,0,47
2024-25,30,296,162,Levi Colwill,DEF,Chelsea,6,18,1,2025-04-03T19:00:00Z,90,6,0,0,1,0,0,22,16.6,1.8,2.0,2.0,0.0,0.01,0.01,0.79,1,44
2024-25,30,296,163,Marc Cucurella Saseta,DEF,Chelsea,6,18,1,2025-04-03T19:00:00Z,90,5,0,0,1,0,0,25,19.4,2.5,4.0,2.6,0.0,0.01,0.01,0.79,1,53
2024-25,30,296,164,David Datro Fofana,FWD,Chelsea,6,18,1,2025-04-03T19:00:00Z,0,0,0,0,0,0,0,0,0.0,0.0,0.0,0.0,0.0,0.0,0.0,0.0,0,54
2024-25,30,296,165,Deivid Washington de Souza Eugênio,FWD,Chelsea,6,18,1,2025-04-03T19:00:00Z,0,0,0,0,0,0,0,0,0.0,0.0,0.0,0.0,0.0,0.0,0.0,0.0,0,49
2024-25,30,296,166,Kiernan Dewsbury-Hall,MID,Chelsea,6,18,1,2025-04-03T19:00:00Z,1,1,0,0,0,0,0,5,2.0,0.0,0.0,0.2,0.0,0.0,0.0,0.0,0,55
2024-25,30,293,167,Axel Disasi,DEF,Aston Villa,2,5,0,2025-04-02T18:45:00Z,9,0,0,0,0,0,0,0,0.0,0.1,0.0,0.0,0.0,0.0,0.0,0.41,0,42
2024-25,30,296,168,Enzo Fernández,MID,Chelsea,6,18,1,2025-04-03T19:00:00Z,90,11,1,0,1,0,3,36,37.6,10.8,43.0,9.1,0.58,0.03,0.61,0.79,1,47
2024-25,30,296,169,Conor Gallagher,MID,Chelsea,6,18,1,2025-04-03T19:00:00Z,0,0,0,0,0,0,0,0,0.0,0.0,0.0,0.0,0.0,0.0,0.0,0.0,0,59
2024-25,30,296,170,Alfie Gilchrist,DEF,Chelsea,6,18,1,2025-04-03T19:00:00Z,0,0,0,0,0,0,0,0,0.0,0.0,0.0,0.0,0.0,0.0,0.0,0.0,0,40
2024-25,30,296,171,Malo Gusto,DEF,Chelsea,6,18,1,2025-04-03T19:00:00Z,90,8,0,0,1,0,2,33,23.4,25.8,6.0,5.5,0.08,0.04,0.12,0.79,1,49
2024-25,30,296,172,Reece James,DEF,Chelsea,6,18,1,2025-04-03T19:00:00Z,8,1,0,0,0,0,0,3,0.0,1.4,0.0,0.1,0.0,0.0,0.0,0.36,0,48
2024-25,30,296,173,Omari Kellyman,MID,Chelsea,6,18,1,2025-04-03T19:00:00Z,0,0,0,0,0,0,0,0,0.0,0.0,0.0,0.0,0.0,0.0,0.0,0.0,0,43
2024-25,30,296,174,Roméo Lavia,MID,Chelsea,6,18,1,2025-04-03T19:00:00Z,0,0,0,0,0,0,0,0,0.0,0.0,0.0,0.0,0.0,0.0,0.0,0.0,0,45
2024-25,30,296,175,Romelu Lukaku Bolingoli,FWD,Chelsea,6,18,1,2025-04-03T19:00:00Z,0,0,0,0,0,0,0,0,0.0,0.0,0.0,0.0,0.0,0.0,0.0,0.0,0,63
2024-25,30,296,176,Malang Sarr,DEF,Chelsea,6,18,1,2025-04-03T19:00:00Z,0,0,0,0,0,0,0,0,0.0,0.0,0.0,0.0,0.0,0.0,0.0,0.0,0,45
2024-25,30,296,177,Noni Madueke,MID,Chelsea,6,18,1,2025-04-03T19:00:00Z,22,1,0,0,0,0,0,8,5.0,0.5,0.0,0.6,0.0,0.01,0.01,0.49,0,60
2024-25,30,296,178,Marc Guiu Paz,FWD,Chelsea,6,18,1,2025-04-03T19:00:00Z,0,0,0,0,0,0,0,0,0.0,0.0,0.0,0.0,0.0,0.0,0.0,0.0,0,47
2024-25,30,296,179,Mykhailo Mudryk,MID,Chelsea,6,18,1,2025-04-03T19:00:00Z,0,0,0,0,0,0,0,0,0.0,0.0,0.0,0.0,0.0,0.0,0.0,0.0,0,61
2024-25,30,296,180,Nicolas Jackson,FWD,Chelsea,6,18,1,2025-04-03T19:00:00Z,81,1,0,0,1,0,0,-4,0.0,2.7,21.0,2.2,0.13,0.0,0.13,0.43,1,77
2024-25,30,296,181,Christopher Nkunku,MID,Chelsea,6,18,1,2025-04-03T19:00:00Z,0,0,0,0,0,0,0,0,0.0,0.0,0.0,0.0,0.0,0.0,0.0,0.0,0,57
2024-25,30,296,182,Cole Palmer,MID,Chelsea,6,18,1,2025-04-03T19:00:00Z,90,6,0,1,1,0,1,31,39.6,31.0,40.0,11.1,0.06,0.36,0.42,0.79,1,108
2024-25,30,296,183,Đorđe Petrović,GK,Chelsea,6,18,1,2025-04-03T19:00:00Z,0,0,0,0,0,0,0,0,0.0,0.0,0.0,0.0,0.0,0.0,0.0,0.0,0,44
2024-25,30,296,184,Renato Palma Veiga,MID,Chelsea,6,18,1,2025-04-03T19:00:00Z,0,0,0,0,0,0,0,0,0.0,0.0,0.0,0.0,0.0,0.0,0.0,0.0,0,44
2024-25,30,296,185,Robert Sánchez,GK,Chelsea,6,18,1,2025-04-03T19:00:00Z,90,6,0,0,1,0,0,25,20.2,0.0,0.0,2.0,0.0,0.0,0.0,0.79,1,45
2024-25,30,291,186,Raheem Sterling,MID,Arsenal,1,9,1,2025-04-01T18:45:00Z,0,0,0,0,0,0,0,0,0.0,0.0,0.0,0.0,0.0,0.0,0.0,0.0,0,67
2024-25,30,296,187,Tosin Adarabioyo,DEF,Chelsea,6,18,1,2025-04-03T19:00:00Z,1,1,0,0,0,0,0,4,2.0,0.0,0.0,0.2,0.0,0.0,0.0,0.0,0,42
2024-25,30,300,188,Lesley Ugochukwu,MID,Southampton,17,7,1,2025-04-02T18:45:00Z,70,3,0,0,1,0,0,6,6.6,20.8,6.0,3.3,0.01,0.11,0.12,0.52,1,44
2024-25,30,296,189,Wesley Fofana,DEF,Chelsea,6,18,1,2025-04-03T19:00:00Z,0,0,0,0,0,0,0,0,0.0,0.0,0.0,0.0,0.0,0.0,0.0,0.0,0,43
2024-25,30,300,190,Naouirou Ahamada,MID,Crystal Palace,7,17,0,2025-04-02T18:45:00Z,0,0,0,0,0,0,0,0,0.0,0.0,0.0,0.0,0.0,0.0,0.0,0.0,0,45
2024-25,30,291,191,Joachim Andersen,DEF,Fulham,9,1,0,2025-04-01T18:45:00Z,90,0,0,0,0,2,0,3,42.2,1.2,0.0,4.3,0.0,0.02,0.02,2.38,1,42
2024-25,30,298,192,Jordan Ayew,MID,Leicester,11,13,0,2025-04-02T18:45:00Z,10,1,0,0,0,0,0,3,1.0,0.5,0.0,0.2,0.0,0.01,0.01,0.11,0,51
2024-25,30,300,193,Cheick Doucouré,MID,Crystal Palace,7,17,0,2025-04-02T18:45:00Z,0,0,0,0,0,0,0,0,0.0,0.0,0.0,0.0,0.0,0.0,0.0,0.0,0,48
2024-25,30,300,194,Chris Richards,DEF,Crystal Palace,7,17,0,2025-04-02T18:45:00Z,0,0,0,0,0,0,0,0,0.0,0.0,0.0,0.0,0.0,0.0,0.0,0.0,0,44
2024-25,30,300,195,Chadi Riad Dnanou,DEF,Crystal Palace,7,17,0,2025-04-02T18:45:00Z,0,0,0,0,0,0,0,0,0.0,0.0,0.0,0.0,0.0,0.0,0.0,0.0,0,43
2024-25,30,300,196,Nathaniel Clyne,DEF,Crystal Palace,7,17,0,2025-04-02T18:45:00Z,58,1,0,0,0,1,0,8,9.8,15.2,2.0,2.7,0.0,0.11,0.11,0.66,1,43
2024-25,30,300,197,Malcolm Ebiowei,MID,Crystal Palace,7,17,0,2025-04-02T18:45:00Z,0,0,0,0,0,0,0,0,0.0,0.0,0.0,0.0,0.0,0.0,0.0,0.0,0,45
2024-25,30,298,198,Odsonne Edouard,FWD,Leicester,11,13,0,2025-04-02T18:45:00Z,0,0,0,0,0,0,0,0,0.0,0.0,0.0,0.0,0.0,0.0,0.0,0.0,0,51
2024-25,30,300,199,Eberechi Eze,MID,Crystal Palace,7,17,0,2025-04-02T18:45:00Z,90,2,0,0,0,1,0,12,3.0,9.5,5.0,1.8,0.2,0.04,0.24,0.67,1,67
2024-25,30,300,200,Marc Guéhi,DEF,Crystal Palace,7,17,0,2025-04-02T18:45:00Z,90,2,0,0,0,1,0,16,16.2,3.5,5.0,2.5,0.11,0.03,0.14,0.67,1,47
2024-25,30,300,201,Dean Henderson,GK,Crystal Palace,7,17,0,2025-04-02T18:45:00Z,90,2,0,0,0,1,0,5,10.6,0.0,0.0,1.1,0.0,0.0,0.0,0.67,1,46
2024-25,30,300,202,Rob Holding,DEF,Crystal Palace,7,17,0,2025-04-02T18:45:00Z,0,0,0,0,0,0,0,0,0.0,0.0,0.0,0.0,0.0,0.0,0.0,0.0,0,42
2024-25,30,300,203,Will Hughes,MID,Crystal Palace,7,17,0,2025-04-02T18:45:00Z,0,0,0,0,0,0,0,0,0.0,0.0,0.0,0.0,0.0,0.0,0.0,0.0,0,49
2024-25,30,295,204,Sam Johnstone,GK,Wolves,20,19,1,2025-04-01T18:45:00Z,0,0,0,0,0,0,0,0,0.0,0.0,0.0,0.0,0.0,0.0,0.0,0.0,0,42
2024-25,30,300,205,Daichi Kamada,MID,Crystal Palace,7,17,0,2025-04-02T18:45:00Z,31,1,0,0,0,0,0,6,4.2,1.4,0.0,0.6,0.0,0.01,0.01,0.01,0,51
2024-25,30,300,206,Jefferson Lerma Solís,MID,Crystal Palace,7,17,0,2025-04-02T18:45:00Z,90,7,0,1,0,1,2,27,34.2,16.8,0.0,5.1,0.0,0.11,0.11,0.67,1,48
2024-25,30,300,207,Jean-Philippe Mateta,FWD,Crystal Palace,7,17,0,2025-04-02T18:45:00Z,58,1,0,0,0,1,0,3,2.4,5.2,22.0,3.0,0.22,0.01,0.23,0.66,1,76
2024-25,30,300,208,Matheus França de Oliveira,MID,Crystal Palace,7,17,0,2025-04-02T18:45:00Z,14,6,1,0,0,0,0,22,31.4,0.3,21.0,5.3,0.06,0.0,0.06,0.0,0,44
2024-25,30,300,209,Remi Matthews,GK,Crystal Palace,7,17,0,2025-04-02T18:45:00Z,0,0,0,0,0,0,0,0,0.0,0.0,0.0,0.0,0.0,0.0,0.0,0.0,0,39
2024-25,30,300,210,Tyrick Mitchell,DEF,Crystal Palace,7,17,0,2025-04-02T18:45:00Z,57,1,0,0,0,1,0,2,9.6,12.8,0.0,2.2,0.0,0.01,0.01,0.66,1,48
2024-25,30,300,211,Daniel Muñoz,DEF,Crystal Palace,7,17,0,2025-04-02T18:45:00Z,75,2,0,0,0,1,0,3,7.2,3.3,0.0,1.1,0.0,0.04,0.04,0.67,1,51
2024-25,30,300,212,David Ozoh,MID,Crystal Palace,7,17,0,2025-04-02T18:45:00Z,0,0,0,0,0,0,0,0,0.0,0.0,0.0,0.0,0.0,0.0,0.0,0.0,0,45
2024-25,30,300,213,Jesurun Rak-Sakyi,MID,Crystal Palace,7,17,0,2025-04-02T18:45:00Z,0,0,0,0,0,0,0,0,0.0,0.0,0.0,0.0,0.0,0.0,0.0,0.0,0,45
2024-25,30,300,214,Jeffrey Schlupp,MID,Crystal Palace,7,17,0,2025-04-02T18:45:00Z,0,0,0,0,0,0,0,0,0.0,0.0,0.0,0.0,0.0,0.0,0.0,0.0,0,46
2024-25,30,300,215,Joel Ward,DEF,Crystal Palace,7,17,0,2025-04-02T18:45:00Z,0,0,0,0,0,0,0,0,0.0,0.0,0.0,0.0,0.0,0.0,0.0,0.0,0,43
2024-25,30,300,216,Adam Wharton,MID,Crystal Palace,7,17,0,2025-04-02T18:45:00Z,85,1,0,0,0,1,0,9,12.2,15.2,2.0,2.9,0.0,0.06,0.06,0.67,1,47
2024-25,30,297,217,Abdoulaye Doucouré,MID,Everton,8,12,0,2025-04-02T19:00:00Z,85,2,0,0,0,1,0,12,19.2,11.1,8.0,3.8,0.0,0.03,0.03,1.45,1,51
2024-25,30,297,218,Norberto Bercique Gomes Betuncal,FWD,Everton,8,12,0,2025-04-02T19:00:00Z,78,1,0,0,0,1,0,-5,1.2,10.6,4.0,1.6,0.31,0.0,0.31,1.26,1,51
2024-25,30,297,219,Jarrad Branthwaite,DEF,Everton,8,12,0,2025-04-02T19:00:00Z,90,2,0,0,0,1,0,6,23.8,0.4,2.0,2.6,0.0,0.02,0.02,1.47,1,48
2024-25,30,297,220,Dominic Calvert-Lewin,FWD,Everton,8,12,0,2025-04-02T19:00:00Z,0,0,0,0,0,0,0,0,0.0,0.0,0.0,0.0,0.0,0.0,0.0,0.0,0,54
2024-25,30,297,221,Séamus Coleman,DEF,Everton,8,12,0,2025-04-02T19:00:00Z,0,0,0,0,0,0,0,0,0.0,0.0,0.0,0.0,0.0,0.0,0.0,0.0,0,43
2024-25,30,297,222,Idrissa Gueye,MID,Everton,8,12,0,2025-04-02T19:00:00Z,90,2,0,0,0,1,0,16,12.2,1.6,0.0,1.4,0.0,0.01,0.01,1.47,1,48
2024-25,30,297,223,James Garner,MID,Everton,8,12,0,2025-04-02T19:00:00Z,77,2,0,0,0,1,0,9,5.6,10.1,0.0,1.6,0.0,0.01,0.01,1.26,1,49
2024-25,30,297,224,Jack Harrison,MID,Everton,8,12,0,2025-04-02T19:00:00Z,68,2,0,0,0,1,0,10,7.4,14.3,4.0,2.6,0.03,0.06,0.09,1.26,1,52
2024-25,30,297,225,Mason Holgate,DEF,Everton,8,12,0,2025-04-02T19:00:00Z,0,0,0,0,0,0,0,0,0.0,0.0,0.0,0.0,0.0,0.0,0.0,0.0,0,40
2024-25,30,297,226,Tim Iroegbunam,MID,Everton,8,12,0,2025-04-02T19:00:00Z,12,1,0,0,0,0,0,4,5.2,0.1,0.0,0.5,0.0,0.0,0.0,0.21,0,43
2024-25,30,297,227,João Neves Virgínia,GK,Everton,8,12,0,2025-04-02T19:00:00Z,0,0,0,0,0,0,0,0,0.0,0.0,0.0,0.0,0.0,0.0,0.0,0.0,0,39
2024-25,30,297,228,Michael Keane,DEF,Everton,8,12,0,2025-04-02T19:00:00Z,0,0,0,0,0,0,0,0,0.0,0.0,0.0,0.0,0.0,0.0,0.0,0.0,0,38
2024-25,30,297,229,Neal Maupay,FWD,Everton,8,12,0,2025-04-02T19:00:00Z,0,0,0,0,0,0,0,0,0.0,0.0,0.0,0.0,0.0,0.0,0.0,0.0,0,49
2024-25,30,297,230,Dwight McNeil,MID,Everton,8,12,0,2025-04-02T19:00:00Z,0,0,0,0,0,0,0,0,0.0,0.0,0.0,0.0,0.0,0.0,0.0,0.0,0,51
2024-25,30,297,231,Vitalii Mykolenko,DEF,Everton,8,12,0,2025-04-02T19:00:00Z,90,2,0,0,0,1,0,15,28.2,0.3,2.0,3.1,0.0,0.0,0.0,1.47,1,44
2024-25,30,297,232,Iliman Ndiaye,FWD,Everton,8,12,0,2025-04-02T19:00:00Z,21,1,0,0,0,0,0,2,0.4,0.5,0.0,0.1,0.0,0.01,0.01,0.21,0,52
2024-25,30,293,233,Amadou Onana,MID,Aston Villa,2,5,0,2025-04-02T18:45:00Z,25,1,0,0,0,0,0,4,0.0,1.4,0.0,0.1,0.0,0.0,0.0,0.41,0,48
2024-25,30,297,234,Nathan Patterson,DEF,Everton,8,12,0,2025-04-02T19:00:00Z,0,0,0,0,0,0,0,0,0.0,0.0,0.0,0.0,0.0,0.0,0.0,0.0,0,44
2024-25,30,297,235,Jordan Pickford,GK,Everton,8,12,0,2025-04-02T19:00:00Z,90,3,0,0,0,1,0,12,19.6,0.0,0.0,2.0,0.0,0.0,0.0,1.47,1,51
2024-25,30,297,236,James Tarkowski,DEF,Everton,8,12,0,2025-04-02T19:00:00Z,90,1,0,0,0,1,0,7,37.0,0.3,4.0,4.1,0.0,0.0,0.0,1.47,1,49
2024-25,30,297,237,Youssef Ramalho Chermiti,FWD,Everton,8,12,0,2025-04-02T19:00:00Z,4,1,0,0,0,0,0,3,0.0,0.0,0.0,0.0,0.0,0.0,0.0,0.02,0,49
2024-25,30,297,238,Ashley Young,DEF,Everton,8,12,0,2025-04-02T19:00:00Z,12,1,0,0,0,0,0,3,0.2,0.0,0.0,0.0,0.0,0.0,0.0,0.21,0,44
2024-25,30,291,239,Adama Traoré,MID,Fulham,9,1,0,2025-04-01T18:45:00Z,66,2,0,0,0,1,0,5,0.2,2.3,4.0,0.7,0.09,0.01,0.1,1.23,1,46
2024-25,30,291,240,Andreas Hoelgebaum Pereira,MID,Fulham,9,1,0,2025-04-01T18:45:00Z,23,0,0,0,0,1,0,0,6.2,29.2,0.0,3.5,0.0,0.04,0.04,1.14,0,49
2024-25,30,291,241,Calvin Bassey,DEF,Fulham,9,1,0,2025-04-01T18:45:00Z,0,0,0,0,0,0,0,0,0.0,0.0,0.0,0.0,0.0,0.0,0.0,0.0,0,45
2024-25,30,291,242,Steven Benda,GK,Fulham,9,1,0,2025-04-01T18:45:00Z,0,0,0,0,0,0,0,0,0.0,0.0,0.0,0.0,0.0,0.0,0.0,0.0,0,39
2024-25,30,291,243,Tom Cairney,MID,Fulham,9,1,0,2025-04-01T18:45:00Z,0,0,0,0,0,0,0,0,0.0,0.0,0.0,0.0,0.0,0.0,0.0,0.0,0,48
2024-25,30,291,244,Timothy Castagne,DEF,Fulham,9,1,0,2025-04-01T18:45:00Z,90,1,0,0,0,2,0,7,12.8,3.2,0.0,1.6,0.0,0.01,0.01,2.38,1,42
2024-25,30,291,245,Issa Diop,DEF,Fulham,9,1,0,2025-04-01T18:45:00Z,76,1,0,0,0,2,0,8,12.2,1.5,2.0,1.6,0.0,0.01,0.01,2.31,1,44
2024-25,30,291,246,Luke Harris,MID,Fulham,9,1,0,2025-04-01T18:45:00Z,0,0,0,0,0,0,0,0,0.0,0.0,0.0,0.0,0.0,0.0,0.0,0.0,0,45
2024-25,30,291,247,Alex Iwobi,MID,Fulham,9,1,0,2025-04-01T18:45:00Z,23,1,0,0,0,1,0,9,4.4,11.1,2.0,1.8,0.0,0.55,0.55,1.14,0,56
2024-25,30,291,248,Bernd Leno,GK,Fulham,9,1,0,2025-04-01T18:45:00Z,90,2,0,0,0,2,0,8,23.2,0.0,0.0,2.3,0.0,0.0,0.0,2.38,1,50
2024-25,30,291,249,Saša Lukić,MID,Fulham,9,1,0,2025-04-01T18:45:00Z,66,1,0,0,0,1,0,9,0.0,8.0,2.0,1.0,0.01,0.02,0.03,1.23,1,48
2024-25,30,291,250,Kevin Mbabu,DEF,Fulham,9,1,0,2025-04-01T18:45:00Z,0,0,0,0,0,0,0,0,0.0,0.0,0.0,0.0,0.0,0.0,0.0,0.0,0,40
2024-25,30,291,251,Rodrigo Muniz Carvalho,FWD,Fulham,9,1,0,2025-04-01T18:45:00Z,13,5,1,0,0,0,0,22,29.4,0.3,30.0,6.0,0.54,0.0,0.54,0.06,0,55
2024-25,30,291,252,Raúl Jiménez,FWD,Fulham,9,1,0,2025-04-01T18:45:00Z,76,2,0,0,0,2,0,10,5.8,3.5,22.0,3.1,0.14,0.02,0.16,2.31,1,55
2024-25,30,291,253,Tim Ream,DEF,Fulham,9,1,0,2025-04-01T18:45:00Z,0,0,0,0,0,0,0,0,0.0,0.0,0.0,0.0,0.0,0.0,0.0,0.0,0,45
2024-25,30,291,254,Harrison Reed,MID,Fulham,9,1,0,2025-04-01T18:45:00Z,0,0,0,0,0,0,0,0,0.0,0.0,0.0,0.0,0.0,0.0,0.0,0.0,0,47
2024-25,30,291,255,Antonee Robinson,DEF,Fulham,9,1,0,2025-04-01T18:45:00Z,90,1,0,0,0,2,0,13,23.0,29.6,2.0,5.5,0.0,0.16,0.16,2.38,1,49
2024-25,30,291,256,Jay Stansfield,FWD,Fulham,9,1,0,2025-04-01T18:45:00Z,0,0,0,0,0,0,0,0,0.0,0.0,0.0,0.0,0.0,0.0,0.0,0.0,0,50
2024-25,30,291,257,Kenny Tete,DEF,Fulham,9,1,0,2025-04-01T18:45:00Z,0,0,0,0,0,0,0,0,0.0,0.0,0.0,0.0,0.0,0.0,0.0,0.0,0,44
2024-25,30,291,258,Carlos Vinícius Alves Morais,FWD,Fulham,9,1,0,2025-04-01T18:45:00Z,0,0,0,0,0,0,0,0,0.0,0.0,0.0,0.0,0.0,0.0,0.0,0.0,0,50
2024-25,30,291,259,Harry Wilson,MID,Fulham,9,1,0,2025-04-01T18:45:00Z,0,0,0,0,0,0,0,0,0.0,0.0,0.0,0.0,0.0,0.0,0.0,0.0,0,52
2024-25,30,292,260,Ali Al-Hamadi,FWD,Ipswich,10,3,0,2025-04-02T18:45:00Z,0,0,0,0,0,0,0,0,0.0,0.0,0.0,0.0,0.0,0.0,0.0,0.0,0,47
2024-25,30,292,261,Elkan Baggott,DEF,Ipswich,10,3,0,2025-04-02T18:45:00Z,0,0,0,0,0,0,0,0,0.0,0.0,0.0,0.0,0.0,0.0,0.0,0.0,0,40
2024-25,30,292,262,Nathan Broadhead,MID,Ipswich,10,3,0,2025-04-02T18:45:00Z,71,7,1,0,0,1,0,25,39.2,15.8,19.0,7.4,0.43,0.02,0.45,1.54,1,49
2024-25,30,292,263,Cameron Burgess,DEF,Ipswich,10,3,0,2025-04-02T18:45:00Z,90,2,0,0,0,1,0,10,24.4,10.3,2.0,3.7,0.0,0.05,0.05,1.87,1,38
2024-25,30,292,264,Wes Burns,MID,Ipswich,10,3,0,2025-04-02T18:45:00Z,0,0,0,0,0,0,0,0,0.0,0.0,0.0,0.0,0.0,0.0,0.0,0.0,0,48
2024-25,30,292,265,Conor Chaplin,MID,Ipswich,10,3,0,2025-04-02T18:45:00Z,0,0,0,0,0,0,0,0,0.0,0.0,0.0,0.0,0.0,0.0,0.0,0.0,0,51
2024-25,30,292,266,Harry Clarke,DEF,Ipswich,10,3,0,2025-04-02T18:45:00Z,0,0,0,0,0,0,0,0,0.0,0.0,0.0,0.0,0.0,0.0,0.0,0.0,0,40
2024-25,30,292,267,Leif Davis,DEF,Ipswich,10,3,0,2025-04-02T18:45:00Z,0,0,0,0,0,0,0,0,0.0,0.0,0.0,0.0,0.0,0.0,0.0,0.0,0,43
2024-25,30,292,268,Liam Delap,FWD,Ipswich,10,3,0,2025-04-02T18:45:00Z,71,9,1,0,0,1,3,41,38.6,6.3,21.0,6.6,0.27,0.01,0.28,1.54,1,56
2024-25,30,292,269,George Edmundson,DEF,Ipswich,10,3,0,2025-04-02T18:45:00Z,0,0,0,0,0,0,0,0,0.0,0.0,0.0,0.0,0.0,0.0,0.0,0.0,0,40
2024-25,30,292,270,Jacob Greaves,DEF,Ipswich,10,3,0,2025-04-02T18:45:00Z,0,0,0,0,0,0,0,0,0.0,0.0,0.0,0.0,0.0,0.0,0.0,0.0,0,39
2024-25,30,292,271,Marcus Myers-Harness,MID,Ipswich,10,3,0,2025-04-02T18:45:00Z,0,0,0,0,0,0,0,0,0.0,0.0,0.0,0.0,0.0,0.0,0.0,0.0,0,49
2024-25,30,292,272,George Hirst,FWD,Ipswich,10,3,0,2025-04-02T18:45:00Z,18,1,0,0,0,0,0,8,4.2,0.2,0.0,0.4,0.0,0.0,0.0,0.33,0,54
2024-25,30,292,273,Cameron Humphreys,MID,Ipswich,10,3,0,2025-04-02T18:45:00Z,0,0,0,0,0,0,0,0,0.0,0.0,0.0,0.0,0.0,0.0,0.0,0.0,0,45
2024-25,30,292,274,Omari Giraud-Hutchinson,MID,Ipswich,10,3,0,2025-04-02T18:45:00Z,0,0,0,0,0,0,0,0,0.0,0.0,0.0,0.0,0.0,0.0,0.0,0.0,0,52
2024-25,30,292,275,Ben Johnson,DEF,Ipswich,10,3,0,2025-04-02T18:45:00Z,90,2,0,0,0,1,0,-3,6.4,14.8,8.0,2.9,0.21,0.05,0.26,1.63,1,39
2024-25,30,292,276,Freddie Ladapo,FWD,Ipswich,10,3,0,2025-04-02T18:45:00Z,0,0,0,0,0,0,0,0,0.0,0.0,0.0,0.0,0.0,0.0,0.0,0.0,0,45
2024-25,30,292,277,Massimo Luongo,MID,Ipswich,10,3,0,2025-04-02T18:45:00Z,0,0,0,0,0,0,0,0,0.0,0.0,0.0,0.0,0.0,0.0,0.0,0.0,0,44
2024-25,30,292,278,Sam Morsy,MID,Ipswich,10,3,0,2025-04-02T18:45:00Z,81,2,0,0,0,1,0,9,5.4,10.6,0.0,1.6,0.0,0.01,0.01,1.56,1,48
2024-25,30,292,279,Corrie Ndaba,DEF,Ipswich,10,3,0,2025-04-02T18:45:00Z,0,0,0,0,0,0,0,0,0.0,0.0,0.0,0.0,0.0,0.0,0.0,0.0,0,40
2024-25,30,292,280,Cieran Slicker,GK,Ipswich,10,3,0,2025-04-02T18:45:00Z,0,0,0,0,0,0,0,0,0.0,0.0,0.0,0.0,0.0,0.0,0.0,0.0,0,39
2024-25,30,292,281,Jack Taylor,MID,Ipswich,10,3,0,2025-04-02T18:45:00Z,18,1,0,0,0,0,0,4,9.2,0.1,1.0,1.0,0.03,0.0,0.03,0.33,0,48
2024-25,30,292,282,Axel Tuanzebe,DEF,Ipswich,10,3,0,2025-04-02T18:45:00Z,90,2,0,0,0,1,0,6,11.0,0.3,0.0,1.1,0.0,0.0,0.0,1.87,1,39
2024-25,30,292,283,Christian Walton,GK,Ipswich,10,3,0,2025-04-02T18:45:00Z,0,0,0,0,0,0,0,0,0.0,0.0,0.0,0.0,0.0,0.0,0.0,0.0,0,43
2024-25,30,292,284,Luke Woolfenden,DEF,Ipswich,10,3,0,2025-04-02T18:45:00Z,0,0,0,0,0,0,0,0,0.0,0.0,0.0,0.0,0.0,0.0,0.0,0.0,0,39
2024-25,30,298,285,Boubakary Soumaré,MID,Leicester,11,13,0,2025-04-02T18:45:00Z,75,2,0,0,0,2,0,13,5.2,1.3,0.0,0.7,0.0,0.0,0.0,2.12,1,44
2024-25,30,298,286,Tom Cannon,FWD,Leicester,11,13,0,2025-04-02T18:45:00Z,0,0,0,0,0,0,0,0,0.0,0.0,0.0,0.0,0.0,0.0,0.0,0.0,0,45
2024-25,30,298,287,Hamza Choudhury,MID,Leicester,11,13,0,2025-04-02T18:45:00Z,0,0,0,0,0,0,0,0,0.0,0.0,0.0,0.0,0.0,0.0,0.0,0.0,0,44
2024-25,30,298,288,Conor Coady,DEF,Leicester,11,13,0,2025-04-02T18:45:00Z,90,1,0,0,0,2,0,5,8.8,3.1,0.0,1.2,0.0,0.0,0.0,2.24,1,40
2024-25,30,298,289,Patson Daka,FWD,Leicester,11,13,0,2025-04-02T18:45:00Z,79,2,0,0,0,2,0,5,3.2,3.0,2.0,0.8,0.0,0.0,0.0,2.13,1,48
2024-25,30,298,290,Bobby De Cordova-Reid,MID,Leicester,11,13,0,2025-04-02T18:45:00Z,0,0,0,0,0,0,0,0,0.0,0.0,0.0,0.0,0.0,0.0,0.0,0.0,0,52
2024-25,30,298,291,Wout Faes,DEF,Leicester,11,13,0,2025-04-02T18:45:00Z,90,1,0,0,0,2,0,10,24.4,0.3,2.0,2.7,0.0,0.0,0.0,2.24,1,39
2024-25,30,298,292,Michael Golding,MID,Leicester,11,13,0,2025-04-02T18:45:00Z,0,0,0,0,0,0,0,0,0.0,0.0,0.0,0.0,0.0,0.0,0.0,0.0,0,44
2024-25,30,298,293,Mads Hermansen,GK,Leicester,11,13,0,2025-04-02T18:45:00Z,90,2,0,0,0,2,0,4,18.4,0.0,0.0,1.8,0.0,0.0,0.0,2.24,1,44
2024-25,30,298,294,Daniel Iversen,GK,Leicester,11,13,0,2025-04-02T18:45:00Z,0,0,0,0,0,0,0,0,0.0,0.0,0.0,0.0,0.0,0.0,0.0,0.0,0,39
2024-25,30,298,295,James Justin,DEF,Leicester,11,13,0,2025-04-02T18:45:00Z,90,0,0,0,0,2,0,-1,16.8,1.6,2.0,2.0,0.0,0.01,0.01,2.24,1,41
2024-25,30,298,296,Victor Kristiansen,DEF,Leicester,11,13,0,2025-04-02T18:45:00Z,59,0,0,0,0,2,0,1,4.2,1.3,0.0,0.6,0.0,0.0,0.0,2.12,1,44
2024-25,30,298,297,Wanya Marçal-Madivádua,MID,Leicester,11,13,0,2025-04-02T18:45:00Z,0,0,0,0,0,0,0,0,0.0,0.0,0.0,0.0,0.0,0.0,0.0,0.0,0,45
2024-25,30,298,298,Stephy Mavididi,MID,Leicester,11,13,0,2025-04-02T18:45:00Z,0,0,0,0,0,0,0,0,0.0,0.0,0.0,0.0,0.0,0.0,0.0,0.0,0,50
2024-25,30,298,299,Kasey McAteer,MID,Leicester,11,13,0,2025-04-02T18:45:00Z,0,0,0,0,0,0,0,0,0.0,0.0,0.0,0.0,0.0,0.0,0.0,0.0,0,47
2024-25,30,298,300,Wilfred Ndidi,MID,Leicester,11,13,0,2025-04-02T18:45:00Z,90,2,0,0,0,2,0,10,25.8,13.5,0.0,3.9,0.0,0.0,0.0,2.24,1,49
2024-25,30,298,301,Caleb Okoli,DEF,Leicester,11,13,0,2025-04-02T18:45:00Z,30,1,0,0,0,0,0,2,1.2,0.1,0.0,0.1,0.0,0.0,0.0,0.13,0,40
2024-25,30,298,302,Ricardo Barbosa Pereira,DEF,Leicester,11,13,0,2025-04-02T18:45:00Z,14,1,0,0,0,0,0,4,0.0,0.3,4.0,0.4,0.05,0.01,0.06,0.13,0,41
2024-25,30,298,303,Harry Souttar,DEF,Leicester,11,13,0,2025-04-02T18:45:00Z,0,0,0,0,0,0,0,0,0.0,0.0,0.0,0.0,0.0,0.0,0.0,0.0,0,40
2024-25,30,298,304,Jakub Stolarczyk,GK,Leicester,11,13,0,2025-04-02T18:45:00Z,0,0,0,0,0,0,0,0,0.0,0.0,0.0,0.0,0.0,0.0,0.0,0.0,0,40
2024-25,30,298,305,Luke Thomas,DEF,Leicester,11,13,0,2025-04-02T18:45:00Z,90,0,0,0,0,2,0,7,26.6,14.6,0.0,4.1,0.0,0.05,0.05,2.24,1,39
2024-25,30,298,306,Jamie Vardy,FWD,Leicester,11,13,0,2025-04-02T18:45:00Z,45,0,0,0,0,2,0,-2,0.0,0.1,0.0,0.0,0.0,0.0,0.0,1.66,1,53
2024-25,30,298,307,Jannik Vestergaard,DEF,Leicester,11,13,0,2025-04-02T18:45:00Z,0,0,0,0,0,0,0,0,0.0,0.0,0.0,0.0,0.0,0.0,0.0,0.0,0,39
2024-25,30,298,308,Danny Ward,GK,Leicester,11,13,0,2025-04-02T18:45:00Z,0,0,0,0,0,0,0,0,0.0,0.0,0.0,0.0,0.0,0.0,0.0,0.0,0,39
2024-25,30,298,309,Harry Winks,MID,Leicester,11,13,0,2025-04-02T18:45:00Z,0,0,0,0,0,0,0,0,0.0,0.0,0.0,0.0,0.0,0.0,0.0,0.0,0,44
2024-25,30,297,310,Alisson Ramses Becker,GK,Liverpool,12,8,1,2025-04-02T19:00:00Z,0,0,0,0,0,0,0,0,0.0,0.0,0.0,0.0,0.0,0.0,0.0,0.0,0,56
2024-25,30,297,311,Trent Alexander-Arnold,DEF,Liverpool,12,8,1,2025-04-02T19:00:00Z,0,0,0,0,0,0,0,0,0.0,0.0,0.0,0.0,0.0,0.0,0.0,0.0,0,73
2024-25,30,297,312,Stefan Bajčetić Maquieira,MID,Liverpool,12,8,1,2025-04-02T19:00:00Z,0,0,0,0,0,0,0,0,0.0,0.0,0.0,0.0,0.0,0.0,0.0,0.0,0,45
2024-25,30,297,313,Conor Bradley,DEF,Liverpool,12,8,1,2025-04-02T19:00:00Z,0,0,0,0,0,0,0,0,0.0,0.0,0.0,0.0,0.0,0.0,0.0,0.0,0,47
2024-25,30,299,314,Fábio Freitas Gouveia Carvalho,MID,Brentford,4,15,0,2025-04-02T18:45:00Z,0,0,0,0,0,0,0,0,0.0,0.0,0.0,0.0,0.0,0.0,0.0,0.0,0,45
2024-25,30,297,315,Bobby Clark,MID,Liverpool,12,8,1,2025-04-02T19:00:00Z,0,0,0,0,0,0,0,0,0.0,0.0,0.0,0.0,0.0,0.0,0.0,0.0,0,45
2024-25,30,297,316,Darwin Núñez Ribeiro,FWD,Liverpool,12,8,1,2025-04-02T19:00:00Z,15,0,0,0,0,0,0,-1,0.0,10.7,1.0,1.0,0.02,0.01,0.03,0.0,0,70
2024-25,30,297,317,Diogo Teixeira da Silva,MID,Liverpool,12,8,1,2025-04-02T19:00:00Z,74,7,1,0,1,0,0,26,38.0,12.3,42.0,9.2,0.38,0.02,0.4,0.67,1,72
2024-25,30,297,318,Ben Doak,MID,Liverpool,12,8,1,2025-04-02T19:00:00Z,0,0,0,0,0,0,0,0,0.0,0.0,0.0,0.0,0.0,0.0,0.0,0.0,0,45
2024-25,30,297,319,Harvey Elliott,MID,Liverpool,12,8,1,2025-04-02T19:00:00Z,0,0,0,0,0,0,0,0,0.0,0.0,0.0,0.0,0.0,0.0,0.0,0.0,0,52
2024-25,30,297,320,Endo Wataru,MID,Liverpool,12,8,1,2025-04-02T19:00:00Z,1,1,0,0,0,0,0,3,0.0,0.0,0.0,0.0,0.0,0.0,0.0,0.0,0,46
2024-25,30,297,321,Cody Gakpo,FWD,Liverpool,12,8,1,2025-04-02T19:00:00Z,4,1,0,0,0,0,0,3,0.0,0.0,0.0,0.0,0.0,0.0,0.0,0.0,0,74
2024-25,30,297,322,Joe Gomez,DEF,Liverpool,12,8,1,2025-04-02T19:00:00Z,0,0,0,0,0,0,0,0,0.0,0.0,0.0,0.0,0.0,0.0,0.0,0.0,0,47
2024-25,30,297,323,Ryan Gravenberch,MID,Liverpool,12,8,1,2025-04-02T19:00:00Z,90,3,0,0,1,0,0,14,17.6,12.0,13.0,4.3,0.07,0.05,0.12,0.67,1,50
2024-25,30,297,324,Curtis Jones,MID,Liverpool,12,8,1,2025-04-02T19:00:00Z,90,3,0,0,1,0,0,16,14.8,17.4,9.0,4.1,0.04,0.11,0.15,0.67,1,53
2024-25,30,297,325,Caoimhin Kelleher,GK,Liverpool,12,8,1,2025-04-02T19:00:00Z,90,6,0,0,1,0,0,25,6.0,0.0,0.0,0.6,0.0,0.0,0.0,0.67,1,40
2024-25,30,297,326,Ibrahima Konaté,DEF,Liverpool,12,8,1,2025-04-02T19:00:00Z,90,6,0,0,1,0,0,26,22.4,4.3,7.0,3.4,0.47,0.01,0.48,0.67,1,52
2024-25,30,297,327,Luis Díaz,MID,Liverpool,12,8,1,2025-04-02T19:00:00Z,85,9,0,1,1,0,3,37,41.8,78.6,26.0,14.6,0.27,0.27,0.54,0.67,1,75
2024-25,30,297,328,Mohamed Salah,MID,Liverpool,12,8,1,2025-04-02T19:00:00Z,90,3,0,0,1,0,0,1,7.6,9.3,47.0,6.4,0.07,0.1,0.17,0.67,1,137
2024-25,30,297,329,Alexis Mac Allister,MID,Liverpool,12,8,1,2025-04-02T19:00:00Z,90,3,0,0,1,0,0,14,7.6,18.8,2.0,2.8,0.02,0.27,0.29,0.67,1,62
2024-25,30,297,330,James McConnell,MID,Liverpool,12,8,1,2025-04-02T19:00:00Z,0,0,0,0,0,0,0,0,0.0,0.0,0.0,0.0,0.0,0.0,0.0,0.0,0,44
2024-25,30,297,331,Tyler Morton,MID,Liverpool,12,8,1,2025-04-02T19:00:00Z,0,0,0,0,0,0,0,0,0.0,0.0,0.0,0.0,0.0,0.0,0.0,0.0,0,44
2024-25,30,297,332,Nathaniel Phillips,DEF,Liverpool,12,8,1,2025-04-02T19:00:00Z,0,0,0,0,0,0,0,0,0.0,0.0,0.0,0.0,0.0,0.0,0.0,0.0,0,40
2024-25,30,297,333,Jarell Quansah,DEF,Liverpool,12,8,1,2025-04-02T19:00:00Z,0,0,0,0,0,0,0,0,0.0,0.0,0.0,0.0,0.0,0.0,0.0,0.0,0,39
2024-25,30,297,334,Rhys Williams,DEF,Liverpool,12,8,1,2025-04-02T19:00:00Z,0,0,0,0,0,0,0,0,0.0,0.0,0.0,0.0,0.0,0.0,0.0,0.0,0,40
2024-25,30,297,335,Andrew Robertson,DEF,Liverpool,12,8,1,2025-04-02T19:00:00Z,90,7,0,0,1,0,1,28,21.0,27.6,6.0,5.5,0.07,0.15,0.22,0.67,1,58
2024-25,30,297,336,Dominik Szoboszlai,MID,Liverpool,12,8,1,2025-04-02T19:00:00Z,90,3,0,0,1,0,0,8,4.4,20.4,3.0,2.8,0.06,0.05,0.11,0.67,1,64
2024-25,30,297,337,Konstantinos Tsimikas,DEF,Liverpool,12,8,1,2025-04-02T19:00:00Z,0,0,0,0,0,0,0,0,0.0,0.0,0.0,0.0,0.0,0.0,0.0,0.0,0,46
2024-25,30,299,338,Sepp van den Berg,DEF,Brentford,4,15,0,2025-04-02T18:45:00Z,90,1,0,0,0,2,0,5,23.4,5.9,12.0,4.1,0.0,0.05,0.05,1.29,1,41
2024-25,30,297,339,Virgil van Dijk,DEF,Liverpool,12,8,1,2025-04-02T19:00:00Z,90,8,0,0,1,0,2,30,28.2,2.5,0.0,3.1,0.0,0.03,0.03,0.67,1,64
2024-25,30,298,340,Manuel Akanji,DEF,Man City,13,11,1,2025-04-02T18:45:00Z,0,0,0,0,0,0,0,0,0.0,0.0,0.0,0.0,0.0,0.0,0.0,0.0,0,53
2024-25,30,298,341,Nathan Aké,DEF,Man City,13,11,1,2025-04-02T18:45:00Z,0,0,0,0,0,0,0,0,0.0,0.0,0.0,0.0,0.0,0.0,0.0,0.0,0,53
2024-25,30,298,342,Bernardo Veiga de Carvalho e Silva,MID,Man City,13,11,1,2025-04-02T18:45:00Z,0,0,0,0,0,0,0,0,0.0,0.0,0.0,0.0,0.0,0.0,0.0,0.0,0,61
2024-25,30,298,343,Oscar Bobb,MID,Man City,13,11,1,2025-04-02T18:45:00Z,5,1,0,0,0,0,0,3,0.2,0.0,0.0,0.0,0.0,0.0,0.0,0.05,0,47
2024-25,30,298,344,Scott Carson,GK,Man City,13,11,1,2025-04-02T18:45:00Z,0,0,0,0,0,0,0,0,0.0,0.0,0.0,0.0,0.0,0.0,0.0,0.0,0,39
2024-25,30,298,345,Kevin De Bruyne,MID,Man City,13,11,1,2025-04-02T18:45:00Z,0,0,0,0,0,0,0,0,0.0,0.0,0.0,0.0,0.0,0.0,0.0,0.0,0,93
2024-25,30,298,346,Jérémy Doku,MID,Man City,13,11,1,2025-04-02T18:45:00Z,77,3,0,0,1,0,0,14,10.8,34.3,18.0,6.3,0.0,0.59,0.59,0.02,1,62
2024-25,30,298,347,Ederson Santana de Moraes,GK,Man City,13,11,1,2025-04-02T18:45:00Z,90,6,0,0,1,0,0,20,5.8,0.0,0.0,0.6,0.0,0.0,0.0,0.07,1,53
2024-25,30,298,348,Phil Foden,MID,Man City,13,11,1,2025-04-02T18:45:00Z,0,0,0,0,0,0,0,0,0.0,0.0,0.0,0.0,0.0,0.0,0.0,0.0,0,92
2024-25,30,298,349,Jack Grealish,MID,Man City,13,11,1,2025-04-02T18:45:00Z,90,9,1,0,1,0,1,32,38.2,28.8,29.0,9.6,0.35,0.15,0.5,0.07,1,64
2024-25,30,298,350,Joško Gvardiol,DEF,Man City,13,11,1,2025-04-02T18:45:00Z,90,6,0,0,1,0,0,27,19.4,19.3,7.0,4.6,0.05,0.19,0.24,0.07,1,60
2024-25,30,298,351,Erling Haaland,FWD,Man City,13,11,1,2025-04-02T18:45:00Z,0,0,0,0,0,0,0,0,0.0,0.0,0.0,0.0,0.0,0.0,0.0,0.0,0,148
2024-25,30,298,352,Julián Álvarez,FWD,Man City,13,11,1,2025-04-02T18:45:00Z,0,0,0,0,0,0,0,0,0.0,0.0,0.0,0.0,0.0,0.0,0.0,0.0,0,70
2024-25,30,298,353,João Cavaco Cancelo,DEF,Man City,13,11,1,2025-04-02T18:45:00Z,0,0,0,0,0,0,0,0,0.0,0.0,0.0,0.0,0.0,0.0,0.0,0.0,0,53
2024-25,30,298,354,Mateo Kovačić,MID,Man City,13,11,1,2025-04-02T18:45:00Z,0,0,0,0,0,0,0,0,0.0,0.0,0.0,0.0,0.0,0.0,0.0,0.0,0,54
2024-25,30,298,355,Rico Lewis,DEF,Man City,13,11,1,2025-04-02T18:45:00Z,1,1,0,0,0,0,0,3,0.0,0.3,0.0,0.0,0.0,0.0,0.0,0.0,0,43
2024-25,30,298,356,Matheus Luiz Nunes,MID,Man City,13,11,1,2025-04-02T18:45:00Z,90,3,0,0,1,0,0,12,5.6,14.7,2.0,2.2,0.0,0.1,0.1,0.07,1,49
2024-25,30,298,357,James McAtee,MID,Man City,13,11,1,2025-04-02T18:45:00Z,12,1,0,0,0,0,0,1,0.0,0.3,5.0,0.2,0.03,0.01,0.04,0.05,0,46
2024-25,30,298,358,Stefan Ortega Moreno,GK,Man City,13,11,1,2025-04-02T18:45:00Z,0,0,0,0,0,0,0,0,0.0,0.0,0.0,0.0,0.0,0.0,0.0,0.0,0,52
2024-25,30,292,359,Kalvin Phillips,MID,Ipswich,10,3,0,2025-04-02T18:45:00Z,8,1,0,0,0,0,0,6,5.0,0.0,0.0,0.5,0.0,0.0,0.0,0.32,0,48
2024-25,30,298,360,Rodrigo 'Rodri' Hernandez,MID,Man City,13,11,1,2025-04-02T18:45:00Z,0,0,0,0,0,0,0,0,0.0,0.0,0.0,0.0,0.0,0.0,0.0,0.0,0,62
2024-25,30,298,361,Rúben Gato Alves Dias,DEF,Man City,13,11,1,2025-04-02T18:45:00Z,90,6,0,0,1,0,0,26,15.6,7.8,2.0,2.5,0.0,0.04,0.04,0.07,1,54
2024-25,30,298,362,John Stones,DEF,Man City,13,11,1,2025-04-02T18:45:00Z,0,0,0,0,0,0,0,0,0.0,0.0,0.0,0.0,0.0,0.0,0.0,0.0,0,53
2024-25,30,298,363,Kyle Walker,DEF,Man City,13,11,1,2025-04-02T18:45:00Z,0,0,0,0,0,0,0,0,0.0,0.0,0.0,0.0,0.0,0.0,0.0,0.0,0,51
2024-25,30,294,364,Amad Diallo,MID,Man Utd,14,16,0,2025-04-01T19:00:00Z,0,0,0,0,0,0,0,0,0.0,0.0,0.0,0.0,0.0,0.0,0.0,0.0,0,53
2024-25,30,294,365,Antony Matheus dos Santos,MID,Man Utd,14,16,0,2025-04-01T19:00:00Z,0,0,0,0,0,0,0,0,0.0,0.0,0.0,0.0,0.0,0.0,0.0,0.0,0,57
2024-25,30,294,366,Bruno Borges Fernandes,MID,Man Utd,14,16,0,2025-04-01T19:00:00Z,90,2,0,0,0,1,0,21,34.4,84.9,26.0,14.5,0.13,0.28,0.41,0.48,1,86
2024-25,30,294,367,Altay Bayindir,GK,Man Utd,14,16,0,2025-04-01T19:00:00Z,0,0,0,0,0,0,0,0,0.0,0.0,0.0,0.0,0.0,0.0,0.0,0.0,0,43
2024-25,30,294,368,Carlos Henrique Casimiro,MID,Man Utd,14,16,0,2025-04-01T19:00:00Z,58,0,0,0,0,1,0,5,12.8,22.7,24.0,6.0,0.09,0.05,0.14,0.3,1,47
2024-25,30,294,369,Diogo Dalot Teixeira,DEF,Man Utd,14,16,0,2025-04-01T19:00:00Z,90,2,0,0,0,1,0,14,14.2,47.2,19.0,8.0,0.06,0.24,0.3,0.48,1,50
2024-25,30,294,370,Christian Eriksen,MID,Man Utd,14,16,0,2025-04-01T19:00:00Z,31,0,0,0,0,0,0,2,5.0,26.3,0.0,3.1,0.0,0.04,0.04,0.18,0,52
2024-25,30,294,371,Jonny Evans,DEF,Man Utd,14,16,0,2025-04-01T19:00:00Z,0,0,0,0,0,0,0,0,0.0,0.0,0.0,0.0,0.0,0.0,0.0,0.0,0,44
2024-25,30,294,372,Alejandro Garnacho,MID,Man Utd,14,16,0,2025-04-01T19:00:00Z,90,1,0,0,0,1,0,8,7.4,56.3,28.0,9.2,0.25,0.18,0.43,0.48,1,59
2024-25,30,294,373,Hannibal Mejbri,MID,Man Utd,14,16,0,2025-04-01T19:00:00Z,0,0,0,0,0,0,0,0,0.0,0.0,0.0,0.0,0.0,0.0,0.0,0.0,0,45
2024-25,30,294,374,Tom Heaton,GK,Man Utd,14,16,0,2025-04-01T19:00:00Z,0,0,0,0,0,0,0,0,0.0,0.0,0.0,0.0,0.0,0.0,0.0,0.0,0,39
2024-25,30,294,375,Rasmus Højlund,FWD,Man Utd,14,16,0,2025-04-01T19:00:00Z,45,1,0,0,0,0,0,5,3.0,14.1,13.0,3.0,0.03,0.03,0.06,0.26,0,69
2024-25,30,294,376,Victor Lindelöf,DEF,Man Utd,14,16,0,2025-04-01T19:00:00Z,0,0,0,0,0,0,0,0,0.0,0.0,0.0,0.0,0.0,0.0,0.0,0.0,0,43
2024-25,30,294,377,Harry Maguire,DEF,Man Utd,14,16,0,2025-04-01T19:00:00Z,2,1,0,0,0,0,0,-2,0.0,0.0,29.0,2.7,0.6,0.0,0.6,0.05,0,49
2024-25,30,294,378,Kobbie Mainoo,MID,Man Utd,14,16,0,2025-04-01T19:00:00Z,0,0,0,0,0,0,0,0,0.0,0.0,0.0,0.0,0.0,0.0,0.0,0.0,0,52
2024-25,30,294,379,Tyrell Malacia,DEF,Man Utd,14,16,0,2025-04-01T19:00:00Z,0,0,0,0,0,0,0,0,0.0,0.0,0.0,0.0,0.0,0.0,0.0,0.0,0,44
2024-25,30,294,380,Lisandro Martínez,DEF,Man Utd,14,16,0,2025-04-01T19:00:00Z,0,0,0,0,0,0,0,0,0.0,0.0,0.0,0.0,0.0,0.0,0.0,0.0,0,43
2024-25,30,294,381,Scott McTominay,MID,Man Utd,14,16,0,2025-04-01T19:00:00Z,0,0,0,0,0,0,0,0,0.0,0.0,0.0,0.0,0.0,0.0,0.0,0.0,0,49
2024-25,30,294,382,Mason Mount,MID,Man Utd,14,16,0,2025-04-01T19:00:00Z,12,1,0,0,0,0,0,2,0.0,0.5,3.0,0.2,0.11,0.0,0.11,0.18,0,63
2024-25,30,294,383,André Onana,GK,Man Utd,14,16,0,2025-04-01T19:00:00Z,90,2,0,0,0,1,0,5,11.4,0.0,0.0,1.1,0.0,0.0,0.0,0.48,1,49
2024-25,30,294,384,Facundo Pellistri Rebollo,MID,Man Utd,14,16,0,2025-04-01T19:00:00Z,0,0,0,0,0,0,0,0,0.0,0.0,0.0,0.0,0.0,0.0,0.0,0.0,0,50
2024-25,30,293,385,Marcus Rashford,MID,Aston Villa,2,5,0,2025-04-02T18:45:00Z,64,8,1,0,1,0,0,28,31.6,3.1,13.0,4.8,0.54,0.04,0.58,0.49,1,66
2024-25,30,296,386,Jadon Sancho,MID,Chelsea,6,18,1,2025-04-03T19:00:00Z,67,3,0,0,1,0,0,5,7.2,14.8,31.0,5.3,0.2,0.09,0.29,0.3,1,62
2024-25,30,294,387,Luke Shaw,DEF,Man Utd,14,16,0,2025-04-01T19:00:00Z,0,0,0,0,0,0,0,0,0.0,0.0,0.0,0.0,0.0,0.0,0.0,0.0,0,49
2024-25,30,295,388,Aaron Wan-Bissaka,DEF,West Ham,19,20,0,2025-04-01T18:45:00Z,90,2,0,0,0,1,0,18,34.0,17.8,4.0,5.6,0.0,0.14,0.14,1.18,1,45
2024-25,30,294,389,Joshua Zirkzee,FWD,Man Utd,14,16,0,2025-04-01T19:00:00Z,77,2,0,0,0,1,0,5,0.0,4.3,0.0,0.4,0.0,0.01,0.01,0.3,1,65
2024-25,30,299,390,Alex Murphy,DEF,Newcastle,15,4,1,2025-04-02T18:45:00Z,0,0,0,0,0,0,0,0,0.0,0.0,0.0,0.0,0.0,0.0,0.0,0.0,0,40
2024-25,30,299,391,Miguel Almirón Rejala,MID,Newcastle,15,4,1,2025-04-02T18:45:00Z,0,0,0,0,0,0,0,0,0.0,0.0,0.0,0.0,0.0,0.0,0.0,0.0,0,54
2024-25,30,299,392,Harvey Barnes,MID,Newcastle,15,4,1,2025-04-02T18:45:00Z,90,5,0,1,0,1,0,17,22.4,41.8,33.0,9.7,0.25,0.21,0.46,1.6,1,59
2024-25,30,299,393,Sven Botman,DEF,Newcastle,15,4,1,2025-04-02T18:45:00Z,0,0,0,0,0,0,0,0,0.0,0.0,0.0,0.0,0.0,0.0,0.0,0.0,0,44
2024-25,30,299,394,Bruno Guimarães Rodriguez Moura,MID,Newcastle,15,4,1,2025-04-02T18:45:00Z,90,2,0,0,0,1,0,12,20.2,24.1,10.0,5.4,0.0,0.07,0.07,1.6,1,61
2024-25,30,299,395,Dan Burn,DEF,Newcastle,15,4,1,2025-04-02T18:45:00Z,90,2,0,0,0,1,0,14,29.2,1.1,0.0,3.0,0.0,0.01,0.01,1.6,1,44
2024-25,30,299,396,Martin Dúbravka,GK,Newcastle,15,4,1,2025-04-02T18:45:00Z,0,0,0,0,0,0,0,0,0.0,0.0,0.0,0.0,0.0,0.0,0.0,0.0,0,42
2024-25,30,300,397,Ryan Fraser,MID,Southampton,17,7,1,2025-04-02T18:45:00Z,0,0,0,0,0,0,0,0,0.0,0.0,0.0,0.0,0.0,0.0,0.0,0.0,0,48
2024-25,30,299,398,Anthony Gordon,MID,Newcastle,15,4,1,2025-04-02T18:45:00Z,0,0,0,0,0,0,0,0,0.0,0.0,0.0,0.0,0.0,0.0,0.0,0.0,0,74
2024-25,30,299,399,Lewis Hall,DEF,Newcastle,15,4,1,2025-04-02T18:45:00Z,0,0,0,0,0,0,0,0,0.0,0.0,0.0,0.0,0.0,0.0,0.0,0.0,0,48
2024-25,30,299,400,Isaac Hayden,MID,Newcastle,15,4,1,2025-04-02T18:45:00Z,0,0,0,0,0,0,0,0,0.0,0.0,0.0,0.0,0.0,0.0,0.0,0.0,0,44
2024-25,30,299,401,Alexander Isak,FWD,Newcastle,15,4,1,2025-04-02T18:45:00Z,65,8,1,0,0,1,2,28,37.2,13.2,56.0,10.6,0.56,0.01,0.57,1.21,1,94
2024-25,30,299,402,Jacob Murphy,MID,Newcastle,15,4,1,2025-04-02T18:45:00Z,65,5,0,1,0,1,0,22,22.8,36.9,9.0,6.9,0.12,0.4,0.52,1.21,1,50
2024-25,30,299,403,Joelinton Cássio Apolinário de Lira,MID,Newcastle,15,4,1,2025-04-02T18:45:00Z,90,2,0,0,0,1,0,22,18.8,16.9,25.0,6.1,0.1,0.03,0.13,1.6,1,60
2024-25,30,299,404,Lloyd Kelly,DEF,Newcastle,15,4,1,2025-04-02T18:45:00Z,0,0,0,0,0,0,0,0,0.0,0.0,0.0,0.0,0.0,0.0,0.0,0.0,0,42
2024-25,30,299,405,Emil Krafth,DEF,Newcastle,15,4,1,2025-04-02T18:45:00Z,1,1,0,0,0,0,0,3,0.2,0.3,0.0,0.1,0.0,0.0,0.0,0.18,0,43
2024-25,30,299,406,Garang Kuol,MID,Newcastle,15,4,1,2025-04-02T18:45:00Z,0,0,0,0,0,0,0,0,0.0,0.0,0.0,0.0,0.0,0.0,0.0,0.0,0,44
2024-25,30,299,407,Jamaal Lascelles,DEF,Newcastle,15,4,1,2025-04-02T18:45:00Z,0,0,0,0,0,0,0,0,0.0,0.0,0.0,0.0,0.0,0.0,0.0,0.0,0,45
2024-25,30,299,408,Jamal Lewis,DEF,Newcastle,15,4,1,2025-04-02T18:45:00Z,0,0,0,0,0,0,0,0,0.0,0.0,0.0,0.0,0.0,0.0,0.0,0.0,0,40
2024-25,30,299,409,Tino Livramento,DEF,Newcastle,15,4,1,2025-04-02T18:45:00Z,90,2,0,0,0,1,0,19,22.0,26.2,0.0,4.8,0.0,0.38,0.38,1.6,1,45
2024-25,30,299,410,Sean Longstaff,MID,Newcastle,15,4,1,2025-04-02T18:45:00Z,0,0,0,0,0,0,0,0,0.0,0.0,0.0,0.0,0.0,0.0,0.0,0.0,0,45
2024-25,30,299,411,Lewis Miley,MID,Newcastle,15,4,1,2025-04-02T18:45:00Z,1,1,0,0,0,0,0,3,0.0,0.0,0.0,0.0,0.0,0.0,0.0,0.0,0,50
2024-25,30,299,412,Odysseas Vlachodimos,GK,Newcastle,15,4,1,2025-04-02T18:45:00Z,0,0,0,0,0,0,0,0,0.0,0.0,0.0,0.0,0.0,0.0,0.0,0.0,0,42
2024-25,30,299,413,Nick Pope,GK,Newcastle,15,4,1,2025-04-02T18:45:00Z,90,2,0,0,0,1,0,7,13.8,0.0,0.0,1.4,0.0,0.0,0.0,1.6,1,49
2024-25,30,299,414,John Ruddy,GK,Newcastle,15,4,1,2025-04-02T18:45:00Z,0,0,0,0,0,0,0,0,0.0,0.0,0.0,0.0,0.0,0.0,0.0,0.0,0,39
2024-25,30,299,415,Fabian Schär,DEF,Newcastle,15,4,1,2025-04-02T18:45:00Z,90,1,0,0,0,1,0,5,15.6,0.8,2.0,1.8,0.02,0.01,0.03,1.6,1,54
2024-25,30,299,416,Matt Targett,DEF,Newcastle,15,4,1,2025-04-02T18:45:00Z,0,0,0,0,0,0,0,0,0.0,0.0,0.0,0.0,0.0,0.0,0.0,0.0,0,39
2024-25,30,299,417,Sandro Tonali,MID,Newcastle,15,4,1,2025-04-02T18:45:00Z,90,10,1,0,0,1,3,39,48.4,11.8,9.0,6.9,0.06,0.01,0.07,1.6,1,55
2024-25,30,299,418,Kieran Trippier,DEF,Newcastle,15,4,1,2025-04-02T18:45:00Z,88,2,0,0,0,1,0,21,25.6,26.3,6.0,5.8,0.0,0.04,0.04,1.42,1,56
2024-25,30,299,419,Joe White,MID,Newcastle,15,4,1,2025-04-02T18:45:00Z,0,0,0,0,0,0,0,0,0.0,0.0,0.0,0.0,0.0,0.0,0.0,0.0,0,45
2024-25,30,299,420,Joe Willock,MID,Newcastle,15,4,1,2025-04-02T18:45:00Z,24,1,0,0,0,0,0,4,2.0,0.3,17.0,1.9,0.06,0.0,0.06,0.4,0,47
2024-25,30,299,421,Callum Wilson,FWD,Newcastle,15,4,1,2025-04-02T18:45:00Z,24,1,0,0,0,0,0,5,3.2,11.3,9.0,2.4,0.11,0.01,0.12,0.4,0,69
2024-25,30,294,422,Ola Aina,DEF,Nott'm Forest,16,14,1,2025-04-01T19:00:00Z,39,1,0,0,0,0,0,4,4.6,0.9,0.0,0.6,0.0,0.02,0.02,0.46,1,54
2024-25,30,294,423,Elliot Anderson,MID,Nott'm Forest,16,14,1,2025-04-01T19:00:00Z,66,3,0,0,1,0,0,10,7.4,3.0,2.0,1.2,0.0,0.02,0.02,0.61,1,50
2024-25,30,294,424,Taiwo Awoniyi,FWD,Nott'm Forest,16,14,1,2025-04-01T19:00:00Z,85,2,0,0,1,0,0,5,6.4,4.3,5.0,1.6,0.11,0.01,0.12,1.0,1,55
2024-25,30,294,425,Willy Boly,DEF,Nott'm Forest,16,14,1,2025-04-01T19:00:00Z,0,0,0,0,0,0,0,0,0.0,0.0,0.0,0.0,0.0,0.0,0.0,0.0,0,42
2024-25,30,294,426,Josh Bowler,MID,Nott'm Forest,16,14,1,2025-04-01T19:00:00Z,0,0,0,0,0,0,0,0,0.0,0.0,0.0,0.0,0.0,0.0,0.0,0.0,0,45
2024-25,30,294,427,Carlos Miguel dos Santos Pereira,GK,Nott'm Forest,16,14,1,2025-04-01T19:00:00Z,0,0,0,0,0,0,0,0,0.0,0.0,0.0,0.0,0.0,0.0,0.0,0.0,0,41
2024-25,30,294,428,Eric da Silva Moreira,MID,Nott'm Forest,16,14,1,2025-04-01T19:00:00Z,0,0,0,0,0,0,0,0,0.0,0.0,0.0,0.0,0.0,0.0,0.0,0.0,0,43
2024-25,30,294,429,Danilo dos Santos de Oliveira,MID,Nott'm Forest,16,14,1,2025-04-01T19:00:00Z,39,1,0,0,0,0,0,3,0.0,1.4,0.0,0.1,0.0,0.0,0.0,0.46,1,47
2024-25,30,294,430,Emmanuel Dennis,FWD,Nott'm Forest,16,14,1,2025-04-01T19:00:00Z,0,0,0,0,0,0,0,0,0.0,0.0,0.0,0.0,0.0,0.0,0.0,0.0,0,49
2024-25,30,294,431,Nicolás Domínguez,MID,Nott'm Forest,16,14,1,2025-04-01T19:00:00Z,23,1,0,0,0,0,0,9,17.0,14.1,2.0,3.3,0.0,0.26,0.26,1.02,0,48
2024-25,30,294,432,Anthony Elanga,MID,Nott'm Forest,16,14,1,2025-04-01T19:00:00Z,84,11,1,0,1,0,3,33,39.4,4.3,21.0,6.5,0.12,0.04,0.16,1.0,1,54
2024-25,30,294,433,Morgan Gibbs-White,MID,Nott'm Forest,16,14,1,2025-04-01T19:00:00Z,90,3,0,0,1,0,0,10,8.8,19.9,10.0,3.9,0.06,0.04,0.1,1.63,1,66
2024-25,30,294,434,Callum Hudson-Odoi,MID,Nott'm Forest,16,14,1,2025-04-01T19:00:00Z,0,0,0,0,0,0,0,0,0.0,0.0,0.0,0.0,0.0,0.0,0.0,0.0,0,53
2024-25,30,294,435,Alex Mighten,MID,Nott'm Forest,16,14,1,2025-04-01T19:00:00Z,0,0,0,0,0,0,0,0,0.0,0.0,0.0,0.0,0.0,0.0,0.0,0.0,0,45
2024-25,30,294,436,Murillo Santiago Costa dos Santos,DEF,Nott'm Forest,16,14,1,2025-04-01T19:00:00Z,90,9,0,0,1,0,3,33,38.6,4.6,0.0,4.3,0.0,0.02,0.02,1.63,1,47
2024-25,30,294,437,Neco Williams,DEF,Nott'm Forest,16,14,1,2025-04-01T19:00:00Z,90,5,0,0,1,0,0,19,36.2,25.8,4.0,6.6,0.05,0.1,0.15,1.63,1,44
2024-25,30,294,438,Omar Richards,DEF,Nott'm Forest,16,14,1,2025-04-01T19:00:00Z,0,0,0,0,0,0,0,0,0.0,0.0,0.0,0.0,0.0,0.0,0.0,0.0,0,45
2024-25,30,294,439,Lewis O'Brien,MID,Nott'm Forest,16,14,1,2025-04-01T19:00:00Z,0,0,0,0,0,0,0,0,0.0,0.0,0.0,0.0,0.0,0.0,0.0,0.0,0,50
2024-25,30,294,440,Andrew Omobamidele,DEF,Nott'm Forest,16,14,1,2025-04-01T19:00:00Z,0,0,0,0,0,0,0,0,0.0,0.0,0.0,0.0,0.0,0.0,0.0,0.0,0,42
2024-25,30,294,441,Jonathan Panzo,DEF,Nott'm Forest,16,14,1,2025-04-01T19:00:00Z,0,0,0,0,0,0,0,0,0.0,0.0,0.0,0.0,0.0,0.0,0.0,0.0,0,40
2024-25,30,294,442,Ibrahim Sangaré,MID,Nott'm Forest,16,14,1,2025-04-01T19:00:00Z,4,1,0,0,0,0,0,4,2.6,10.4,0.0,1.3,0.0,0.02,0.02,0.64,0,43
2024-25,30,294,443,Matz Sels,GK,Nott'm Forest,16,14,1,2025-04-01T19:00:00Z,90,8,0,0,1,0,1,31,38.8,0.0,0.0,3.9,0.0,0.0,0.0,1.63,1,51
2024-25,30,294,444,Harry Toffolo,DEF,Nott'm Forest,16,14,1,2025-04-01T19:00:00Z,0,0,0,0,0,0,0,0,0.0,0.0,0.0,0.0,0.0,0.0,0.0,0.0,0,42
2024-25,30,300,445,Matt Turner,GK,Crystal Palace,7,17,0,2025-04-02T18:45:00Z,0,0,0,0,0,0,0,0,0.0,0.0,0.0,0.0,0.0,0.0,0.0,0.0,0,39
2024-25,30,294,446,Hwang Ui-jo,FWD,Nott'm Forest,16,14,1,2025-04-01T19:00:00Z,0,0,0,0,0,0,0,0,0.0,0.0,0.0,0.0,0.0,0.0,0.0,0.0,0,45
2024-25,30,294,447,Chris Wood,FWD,Nott'm Forest,16,14,1,2025-04-01T19:00:00Z,0,0,0,0,0,0,0,0,0.0,0.0,0.0,0.0,0.0,0.0,0.0,0.0,0,72
2024-25,30,294,448,Joe Worrall,DEF,Nott'm Forest,16,14,1,2025-04-01T19:00:00Z,0,0,0,0,0,0,0,0,0.0,0.0,0.0,0.0,0.0,0.0,0.0,0.0,0,45
2024-25,30,294,449,Ryan Yates,MID,Nott'm Forest,16,14,1,2025-04-01T19:00:00Z,90,6,0,1,1,0,0,22,44.8,11.3,5.0,6.1,0.04,0.01,0.05,1.63,1,48
2024-25,30,297,450,Carlos Alcaraz Durán,MID,Everton,8,12,0,2025-04-02T19:00:00Z,77,2,0,0,0,1,0,1,7.0,2.7,17.0,2.7,0.32,0.02,0.34,1.26,1,49
2024-25,30,300,451,Samuel Amo-Ameyaw,MID,Southampton,17,7,1,2025-04-02T18:45:00Z,0,0,0,0,0,0,0,0,0.0,0.0,0.0,0.0,0.0,0.0,0.0,0.0,0,44
2024-25,30,300,452,Joe Aribo,MID,Southampton,17,7,1,2025-04-02T18:45:00Z,19,1,0,0,0,1,0,2,1.0,0.4,0.0,0.1,0.0,0.0,0.0,0.22,0,49
2024-25,30,300,453,Adam Armstrong,FWD,Southampton,17,7,1,2025-04-02T18:45:00Z,0,0,0,0,0,0,0,0,0.0,0.0,0.0,0.0,0.0,0.0,0.0,0.0,0,51
2024-25,30,300,454,Gavin Bazunu,GK,Southampton,17,7,1,2025-04-02T18:45:00Z,0,0,0,0,0,0,0,0,0.0,0.0,0.0,0.0,0.0,0.0,0.0,0.0,0,43
2024-25,30,300,455,Jan Bednarek,DEF,Southampton,17,7,1,2025-04-02T18:45:00Z,90,1,0,0,0,1,0,11,18.6,0.3,0.0,1.9,0.0,0.0,0.0,0.74,1,40
2024-25,30,300,456,Armel Bella-Kotchap,DEF,Southampton,17,7,1,2025-04-02T18:45:00Z,0,0,0,0,0,0,0,0,0.0,0.0,0.0,0.0,0.0,0.0,0.0,0.0,0,39
2024-25,30,300,457,James Bree,DEF,Southampton,17,7,1,2025-04-02T18:45:00Z,0,0,0,0,0,0,0,0,0.0,0.0,0.0,0.0,0.0,0.0,0.0,0.0,0,39
2024-25,30,300,458,Shea Charles,MID,Southampton,17,7,1,2025-04-02T18:45:00Z,0,0,0,0,0,0,0,0,0.0,0.0,0.0,0.0,0.0,0.0,0.0,0.0,0,45
2024-25,30,300,459,Samuel Edozie,MID,Southampton,17,7,1,2025-04-02T18:45:00Z,0,0,0,0,0,0,0,0,0.0,0.0,0.0,0.0,0.0,0.0,0.0,0.0,0,49
2024-25,30,300,460,Ronnie Edwards,DEF,Southampton,17,7,1,2025-04-02T18:45:00Z,0,0,0,0,0,0,0,0,0.0,0.0,0.0,0.0,0.0,0.0,0.0,0.0,0,39
2024-25,30,300,461,Taylor Harwood-Bellis,DEF,Southampton,17,7,1,2025-04-02T18:45:00Z,90,2,0,0,0,1,0,12,18.8,12.6,4.0,3.5,0.0,0.03,0.03,0.74,1,40
2024-25,30,300,462,Kamaldeen Sulemana,MID,Southampton,17,7,1,2025-04-02T18:45:00Z,80,3,0,0,1,0,0,8,7.0,9.4,6.0,2.2,0.0,0.02,0.02,0.63,1,50
2024-25,30,300,463,Adam Lallana,MID,Southampton,17,7,1,2025-04-02T18:45:00Z,0,0,0,0,0,0,0,0,0.0,0.0,0.0,0.0,0.0,0.0,0.0,0.0,0,50
2024-25,30,300,464,Juan Larios López,DEF,Southampton,17,7,1,2025-04-02T18:45:00Z,0,0,0,0,0,0,0,0,0.0,0.0,0.0,0.0,0.0,0.0,0.0,0.0,0,39
2024-25,30,300,465,Mateusz Lis,GK,Southampton,17,7,1,2025-04-02T18:45:00Z,0,0,0,0,0,0,0,0,0.0,0.0,0.0,0.0,0.0,0.0,0.0,0.0,0,40
2024-25,30,300,466,Joe Lumley,GK,Southampton,17,7,1,2025-04-02T18:45:00Z,0,0,0,0,0,0,0,0,0.0,0.0,0.0,0.0,0.0,0.0,0.0,0.0,0,40
2024-25,30,300,467,Ryan Manning,DEF,Southampton,17,7,1,2025-04-02T18:45:00Z,80,6,0,0,1,0,0,23,12.4,33.5,0.0,4.6,0.0,0.31,0.31,0.63,1,43
2024-25,30,300,468,Sékou Mara,FWD,Southampton,17,7,1,2025-04-02T18:45:00Z,0,0,0,0,0,0,0,0,0.0,0.0,0.0,0.0,0.0,0.0,0.0,0.0,0,50
2024-25,30,300,469,Alex McCarthy,GK,Southampton,17,7,1,2025-04-02T18:45:00Z,0,0,0,0,0,0,0,0,0.0,0.0,0.0,0.0,0.0,0.0,0.0,0.0,0,42
2024-25,30,300,470,Paul Onuachu,FWD,Southampton,17,7,1,2025-04-02T18:45:00Z,88,7,1,0,1,0,1,24,35.4,3.3,52.0,9.1,0.37,0.01,0.38,0.64,1,49
2024-25,30,300,471,Will Smallbone,MID,Southampton,17,7,1,2025-04-02T18:45:00Z,0,0,0,0,0,0,0,0,0.0,0.0,0.0,0.0,0.0,0.0,0.0,0.0,0,50
2024-25,30,300,472,Jack Stephens,DEF,Southampton,17,7,1,2025-04-02T18:45:00Z,90,2,0,0,0,1,0,10,11.8,0.8,2.0,1.5,0.0,0.0,0.0,0.74,1,40
2024-25,30,300,473,Ross Stewart,FWD,Southampton,17,7,1,2025-04-02T18:45:00Z,0,0,0,0,0,0,0,0,0.0,0.0,0.0,0.0,0.0,0.0,0.0,0.0,0,44
2024-25,30,300,474,Sugawara Yukinari,DEF,Southampton,17,7,1,2025-04-02T18:45:00Z,1,1,0,0,0,1,0,-1,1.0,0.0,0.0,0.1,0.0,0.0,0.0,0.1,0,42
2024-25,30,300,475,Charlie Taylor,DEF,Southampton,17,7,1,2025-04-02T18:45:00Z,0,0,0,0,0,0,0,0,0.0,0.0,0.0,0.0,0.0,0.0,0.0,0.0,0,39
2024-25,30,300,476,Kyle Walker-Peters,DEF,Southampton,17,7,1,2025-04-02T18:45:00Z,90,2,0,0,0,1,0,5,11.2,6.1,9.0,2.6,0.11,0.03,0.14,0.74,1,43
2024-25,30,300,477,Nathan Wood-Gordon,DEF,Southampton,17,7,1,2025-04-02T18:45:00Z,0,0,0,0,0,0,0,0,0.0,0.0,0.0,0.0,0.0,0.0,0.0,0.0,0,40
2024-25,30,296,478,Ashley Phillips,DEF,Spurs,18,6,0,2025-04-03T19:00:00Z,0,0,0,0,0,0,0,0,0.0,0.0,0.0,0.0,0.0,0.0,0.0,0.0,0,40
2024-25,30,296,479,Brandon Austin,GK,Spurs,18,6,0,2025-04-03T19:00:00Z,0,0,0,0,0,0,0,0,0.0,0.0,0.0,0.0,0.0,0.0,0.0,0.0,0,40
2024-25,30,296,480,Rodrigo Bentancur,MID,Spurs,18,6,0,2025-04-03T19:00:00Z,90,2,0,0,0,1,0,17,21.4,6.8,2.0,3.0,0.0,0.09,0.09,1.09,1,49
2024-25,30,296,481,Lucas Bergvall,MID,Spurs,18,6,0,2025-04-03T19:00:00Z,63,2,0,0,0,1,0,11,9.4,1.6,5.0,1.6,0.07,0.0,0.07,1.06,1,44
2024-25,30,296,482,Yves Bissouma,MID,Spurs,18,6,0,2025-04-03T19:00:00Z,0,0,0,0,0,0,0,0,0.0,0.0,0.0,0.0,0.0,0.0,0.0,0.0,0,48
2024-25,30,296,483,Bryan Gil Salvatierra,MID,Spurs,18,6,0,2025-04-03T19:00:00Z,0,0,0,0,0,0,0,0,0.0,0.0,0.0,0.0,0.0,0.0,0.0,0.0,0,50
2024-25,30,296,484,Ben Davies,DEF,Spurs,18,6,0,2025-04-03T19:00:00Z,0,0,0,0,0,0,0,0,0.0,0.0,0.0,0.0,0.0,0.0,0.0,0.0,0,43
2024-25,30,296,485,Alfie Devine,MID,Spurs,18,6,0,2025-04-03T19:00:00Z,0,0,0,0,0,0,0,0,0.0,0.0,0.0,0.0,0.0,0.0,0.0,0.0,0,45
2024-25,30,296,486,Radu Drăgușin,DEF,Spurs,18,6,0,2025-04-03T19:00:00Z,0,0,0,0,0,0,0,0,0.0,0.0,0.0,0.0,0.0,0.0,0.0,0.0,0,43
2024-25,30,296,487,Emerson Leite de Souza Junior,DEF,Spurs,18,6,0,2025-04-03T19:00:00Z,0,0,0,0,0,0,0,0,0.0,0.0,0.0,0.0,0.0,0.0,0.0,0.0,0,45
2024-25,30,296,488,Fraser Forster,GK,Spurs,18,6,0,2025-04-03T19:00:00Z,0,0,0,0,0,0,0,0,0.0,0.0,0.0,0.0,0.0,0.0,0.0,0.0,0,43
2024-25,30,296,489,Archie Gray,MID,Spurs,18,6,0,2025-04-03T19:00:00Z,0,0,0,0,0,0,0,0,0.0,0.0,0.0,0.0,0.0,0.0,0.0,0.0,0,46
2024-25,30,296,490,Pierre-Emile Højbjerg,MID,Spurs,18,6,0,2025-04-03T19:00:00Z,0,0,0,0,0,0,0,0,0.0,0.0,0.0,0.0,0.0,0.0,0.0,0.0,0,50
2024-25,30,296,491,Brennan Johnson,MID,Spurs,18,6,0,2025-04-03T19:00:00Z,26,0,0,0,0,0,0,7,8.6,25.0,4.0,3.8,0.0,0.48,0.48,0.03,0,62
2024-25,30,296,492,Dejan Kulusevski,MID,Spurs,18,6,0,2025-04-03T19:00:00Z,0,0,0,0,0,0,0,0,0.0,0.0,0.0,0.0,0.0,0.0,0.0,0.0,0,62
2024-25,30,296,493,Giovani Lo Celso,MID,Spurs,18,6,0,2025-04-03T19:00:00Z,0,0,0,0,0,0,0,0,0.0,0.0,0.0,0.0,0.0,0.0,0.0,0.0,0,49
2024-25,30,296,494,James Maddison,MID,Spurs,18,6,0,2025-04-03T19:00:00Z,87,2,0,0,0,1,0,9,1.4,12.2,6.0,2.0,0.05,0.06,0.11,1.09,1,74
2024-25,30,296,495,Pedro Porro,DEF,Spurs,18,6,0,2025-04-03T19:00:00Z,2,0,0,0,0,0,0,0,0.0,0.3,0.0,0.0,0.0,0.01,0.01,0.0,0,53
2024-25,30,296,496,Sergio Reguilón,DEF,Spurs,18,6,0,2025-04-03T19:00:00Z,0,0,0,0,0,0,0,0,0.0,0.0,0.0,0.0,0.0,0.0,0.0,0.0,0,41
2024-25,30,296,497,Richarlison de Andrade,FWD,Spurs,18,6,0,2025-04-03T19:00:00Z,0,0,0,0,0,0,0,0,0.0,0.0,0.0,0.0,0.0,0.0,0.0,0.0,0,68
2024-25,30,296,498,Cristian Romero,DEF,Spurs,18,6,0,2025-04-03T19:00:00Z,90,1,0,0,0,1,0,6,19.4,0.8,0.0,2.0,0.0,0.01,0.01,1.09,1,49
2024-25,30,296,499,Pape Matar Sarr,MID,Spurs,18,6,0,2025-04-03T19:00:00Z,26,0,0,0,0,0,0,-1,0.0,0.8,10.0,0.9,0.02,0.01,0.03,0.03,0,47
2024-25,30,296,500,Dane Scarlett,FWD,Spurs,18,6,0,2025-04-03T19:00:00Z,0,0,0,0,0,0,0,0,0.0,0.0,0.0,0.0,0.0,0.0,0.0,0.0,0,44
2024-25,30,298,501,Oliver Skipp,MID,Leicester,11,13,0,2025-04-02T18:45:00Z,45,0,0,0,0,0,0,0,0.0,1.3,0.0,0.0,0.0,0.0,0.0,0.58,0,47
2024-25,30,296,502,Manor Solomon,MID,Spurs,18,6,0,2025-04-03T19:00:00Z,0,0,0,0,0,0,0,0,0.0,0.0,0.0,0.0,0.0,0.0,0.0,0.0,0,54
2024-25,30,296,503,Son Heung-min,MID,Spurs,18,6,0,2025-04-03T19:00:00Z,90,2,0,0,0,1,0,10,4.8,5.5,46.0,5.6,0.38,0.06,0.44,1.09,1,97
2024-25,30,296,504,Djed Spence,DEF,Spurs,18,6,0,2025-04-03T19:00:00Z,90,1,0,0,0,1,0,4,17.0,2.7,3.0,2.3,0.06,0.06,0.12,1.09,1,44
2024-25,30,296,505,Destiny Udogie,DEF,Spurs,18,6,0,2025-04-03T19:00:00Z,90,2,0,0,0,1,0,6,16.6,12.8,6.0,3.5,0.0,0.02,0.02,1.09,1,48
2024-25,30,296,506,Micky van de Ven,DEF,Spurs,18,6,0,2025-04-03T19:00:00Z,87,2,0,0,0,1,0,9,17.2,0.8,17.0,3.5,0.19,0.0,0.19,1.09,1,45
2024-25,30,296,507,Alejo Véliz,FWD,Spurs,18,6,0,2025-04-03T19:00:00Z,0,0,0,0,0,0,0,0,0.0,0.0,0.0,0.0,0.0,0.0,0.0,0.0,0,50
2024-25,30,296,508,Guglielmo Vicario,GK,Spurs,18,6,0,2025-04-03T19:00:00Z,90,3,0,0,0,1,0,18,36.4,0.0,0.0,3.6,0.0,0.0,0.0,1.09,1,48
2024-25,30,296,509,Timo Werner,MID,Spurs,18,6,0,2025-04-03T19:00:00Z,0,0,0,0,0,0,0,0,0.0,0.0,0.0,0.0,0.0,0.0,0.0,0.0,0,62
2024-25,30,296,510,Alfie Whiteman,GK,Spurs,18,6,0,2025-04-03T19:00:00Z,0,0,0,0,0,0,0,0,0.0,0.0,0.0,0.0,0.0,0.0,0.0,0.0,0,39
2024-25,30,295,511,Edson Álvarez Velázquez,MID,West Ham,19,20,0,2025-04-01T18:45:00Z,45,1,0,0,0,0,0,9,3.2,0.9,0.0,0.4,0.0,0.01,0.01,0.72,0,50
2024-25,30,295,512,Michail Antonio,FWD,West Ham,19,20,0,2025-04-01T18:45:00Z,0,0,0,0,0,0,0,0,0.0,0.0,0.0,0.0,0.0,0.0,0.0,0.0,0,53
2024-25,30,295,513,Alphonse Areola,GK,West Ham,19,20,0,2025-04-01T18:45:00Z,90,2,0,0,0,1,0,10,17.0,0.0,0.0,1.7,0.0,0.0,0.0,1.18,1,42
2024-25,30,295,514,Jarrod Bowen,MID,West Ham,19,20,0,2025-04-01T18:45:00Z,90,2,0,0,0,1,0,8,10.0,20.5,23.0,5.4,0.18,0.3,0.48,1.18,1,76
2024-25,30,300,515,Maxwel Cornet,MID,Southampton,17,7,1,2025-04-02T18:45:00Z,0,0,0,0,0,0,0,0,0.0,0.0,0.0,0.0,0.0,0.0,0.0,0.0,0,47
2024-25,30,295,516,Vladimír Coufal,DEF,West Ham,19,20,0,2025-04-01T18:45:00Z,0,0,0,0,0,0,0,0,0.0,0.0,0.0,0.0,0.0,0.0,0.0,0.0,0,41
2024-25,30,295,517,Aaron Cresswell,DEF,West Ham,19,20,0,2025-04-01T18:45:00Z,45,1,0,0,0,1,0,13,18.6,0.8,0.0,1.9,0.0,0.0,0.0,0.46,1,39
2024-25,30,300,518,Flynn Downes,MID,Southampton,17,7,1,2025-04-02T18:45:00Z,89,2,0,0,1,0,0,5,10.2,5.6,2.0,1.8,0.0,0.01,0.01,0.64,1,47
2024-25,30,295,519,George Earthy,MID,West Ham,19,20,0,2025-04-01T18:45:00Z,0,0,0,0,0,0,0,0,0.0,0.0,0.0,0.0,0.0,0.0,0.0,0.0,0,45
2024-25,30,295,520,Emerson Palmieri dos Santos,DEF,West Ham,19,20,0,2025-04-01T18:45:00Z,13,1,0,0,0,0,0,-1,0.0,0.8,4.0,0.4,0.24,0.0,0.24,0.55,0,44
2024-25,30,295,521,Łukasz Fabiański,GK,West Ham,19,20,0,2025-04-01T18:45:00Z,0,0,0,0,0,0,0,0,0.0,0.0,0.0,0.0,0.0,0.0,0.0,0.0,0,40
2024-25,30,295,522,Wes Foderingham,GK,West Ham,19,20,0,2025-04-01T18:45:00Z,0,0,0,0,0,0,0,0,0.0,0.0,0.0,0.0,0.0,0.0,0.0,0.0,0,43
2024-25,30,295,523,Danny Ings,FWD,West Ham,19,20,0,2025-04-01T18:45:00Z,0,0,0,0,0,0,0,0,0.0,0.0,0.0,0.0,0.0,0.0,0.0,0.0,0,49
2024-25,30,295,524,Max Kilman,DEF,West Ham,19,20,0,2025-04-01T18:45:00Z,90,2,0,0,0,1,0,18,21.8,1.4,0.0,2.3,0.0,0.01,0.01,1.18,1,43
2024-25,30,295,525,Mohammed Kudus,MID,West Ham,19,20,0,2025-04-01T18:45:00Z,0,0,0,0,0,0,0,0,0.0,0.0,0.0,0.0,0.0,0.0,0.0,0.0,0,62
2024-25,30,295,526,Luis Guilherme Lira dos Santos,MID,West Ham,19,20,0,2025-04-01T18:45:00Z,45,1,0,0,0,1,0,6,3.6,10.5,0.0,1.4,0.0,0.0,0.0,0.46,1,46
2024-25,30,295,527,Lucas Tolentino Coelho de Lima,MID,West Ham,19,20,0,2025-04-01T18:45:00Z,90,2,0,0,0,1,0,12,23.4,40.4,10.0,7.4,0.05,0.24,0.29,1.18,1,57
2024-25,30,295,528,Konstantinos Mavropanos,DEF,West Ham,19,20,0,2025-04-01T18:45:00Z,90,1,0,0,0,1,0,8,15.8,1.0,0.0,1.7,0.0,0.0,0.0,1.18,1,43
2024-25,30,295,529,Nayef Aguerd,DEF,West Ham,19,20,0,2025-04-01T18:45:00Z,0,0,0,0,0,0,0,0,0.0,0.0,0.0,0.0,0.0,0.0,0.0,0.0,0,44
2024-25,30,295,530,Tomáš Souček,MID,West Ham,19,20,0,2025-04-01T18:45:00Z,13,1,0,0,0,0,0,0,0.0,0.1,8.0,0.6,0.41,0.0,0.41,0.55,0,49
2024-25,30,295,531,James Ward-Prowse,MID,West Ham,19,20,0,2025-04-01T18:45:00Z,76,2,0,0,0,1,0,9,4.4,3.4,1.0,0.9,0.03,0.1,0.13,0.63,1,61
2024-25,30,295,532,Kurt Zouma,DEF,West Ham,19,20,0,2025-04-01T18:45:00Z,0,0,0,0,0,0,0,0,0.0,0.0,0.0,0.0,0.0,0.0,0.0,0.0,0,44
2024-25,30,295,533,Rayan Aït-Nouri,DEF,Wolves,20,19,1,2025-04-01T18:45:00Z,81,8,0,0,1,0,2,28,15.0,36.5,4.0,5.6,0.0,0.14,0.14,0.93,1,48
2024-25,30,295,534,Boubacar Traoré,MID,Wolves,20,19,1,2025-04-01T18:45:00Z,1,1,0,0,0,0,0,3,4.0,0.0,0.0,0.4,0.0,0.0,0.0,0.0,0,48
2024-25,30,295,535,Jean-Ricner Bellegarde,MID,Wolves,20,19,1,2025-04-01T18:45:00Z,89,3,0,0,1,0,0,10,4.0,9.2,3.0,1.6,0.03,0.02,0.05,1.34,1,49
2024-25,30,295,536,Daniel Bentley,GK,Wolves,20,19,1,2025-04-01T18:45:00Z,0,0,0,0,0,0,0,0,0.0,0.0,0.0,0.0,0.0,0.0,0.0,0.0,0,39
2024-25,30,295,537,Francisco Jorge Tomás Oliveira,MID,Wolves,20,19,1,2025-04-01T18:45:00Z,0,0,0,0,0,0,0,0,0.0,0.0,0.0,0.0,0.0,0.0,0.0,0.0,0,45
2024-25,30,295,538,Tawanda Chirewa,MID,Wolves,20,19,1,2025-04-01T18:45:00Z,0,0,0,0,0,0,0,0,0.0,0.0,0.0,0.0,0.0,0.0,0.0,0.0,0,45
2024-25,30,295,539,Leon Chiwome,FWD,Wolves,20,19,1,2025-04-01T18:45:00Z,0,0,0,0,0,0,0,0,0.0,0.0,0.0,0.0,0.0,0.0,0.0,0.0,0,45
2024-25,30,295,540,Luke Cundle,MID,Wolves,20,19,1,2025-04-01T18:45:00Z,0,0,0,0,0,0,0,0,0.0,0.0,0.0,0.0,0.0,0.0,0.0,0.0,0,45
2024-25,30,295,541,Matheus Santos Carneiro Da Cunha,FWD,Wolves,20,19,1,2025-04-01T18:45:00Z,0,0,0,0,0,0,0,0,0.0,0.0,0.0,0.0,0.0,0.0,0.0,0.0,0,69
2024-25,30,295,542,Craig Dawson,DEF,Wolves,20,19,1,2025-04-01T18:45:00Z,0,0,0,0,0,0,0,0,0.0,0.0,0.0,0.0,0.0,0.0,0.0,0.0,0,43
2024-25,30,295,543,Matt Doherty,DEF,Wolves,20,19,1,2025-04-01T18:45:00Z,90,7,0,0,1,0,2,28,28.4,12.1,2.0,4.3,0.0,0.05,0.05,1.34,1,43
2024-25,30,295,544,Tommy Doyle,MID,Wolves,20,19,1,2025-04-01T18:45:00Z,0,0,0,0,0,0,0,0,0.0,0.0,0.0,0.0,0.0,0.0,0.0,0.0,0,47
2024-25,30,295,545,Fábio Silva,FWD,Wolves,20,19,1,2025-04-01T18:45:00Z,0,0,0,0,0,0,0,0,0.0,0.0,0.0,0.0,0.0,0.0,0.0,0.0,0,50
2024-25,30,295,546,Nathan Fraser,FWD,Wolves,20,19,1,2025-04-01T18:45:00Z,0,0,0,0,0,0,0,0,0.0,0.0,0.0,0.0,0.0,0.0,0.0,0.0,0,45
2024-25,30,295,547,Enso González,MID,Wolves,20,19,1,2025-04-01T18:45:00Z,0,0,0,0,0,0,0,0,0.0,0.0,0.0,0.0,0.0,0.0,0.0,0.0,0,44
2024-25,30,295,548,Gonçalo Manuel Ganchinho Guedes,MID,Wolves,20,19,1,2025-04-01T18:45:00Z,0,0,0,0,0,0,0,0,0.0,0.0,0.0,0.0,0.0,0.0,0.0,0.0,0,53
2024-25,30,295,549,Hugo Bueno López,DEF,Wolves,20,19,1,2025-04-01T18:45:00Z,0,0,0,0,0,0,0,0,0.0,0.0,0.0,0.0,0.0,0.0,0.0,0.0,0,45
2024-25,30,295,550,Hwang Hee-chan,MID,Wolves,20,19,1,2025-04-01T18:45:00Z,0,0,0,0,0,0,0,0,0.0,0.0,0.0,0.0,0.0,0.0,0.0,0.0,0,61
2024-25,30,295,551,Joe Hodge,MID,Wolves,20,19,1,2025-04-01T18:45:00Z,0,0,0,0,0,0,0,0,0.0,0.0,0.0,0.0,0.0,0.0,0.0,0.0,0,45
2024-25,30,295,552,Ki-Jana Hoever,DEF,Wolves,20,19,1,2025-04-01T18:45:00Z,0,0,0,0,0,0,0,0,0.0,0.0,0.0,0.0,0.0,0.0,0.0,0.0,0,40
2024-25,30,295,553,João Victor Gomes da Silva,MID,Wolves,20,19,1,2025-04-01T18:45:00Z,90,2,0,0,1,0,0,11,11.6,4.8,8.0,2.4,0.05,0.04,0.09,1.34,1,49
2024-25,30,295,554,José Malheiro de Sá,GK,Wolves,20,19,1,2025-04-01T18:45:00Z,90,5,0,0,1,0,0,19,9.4,0.0,0.0,0.9,0.0,0.0,0.0,1.34,1,44
2024-25,30,295,555,Saša Kalajdžić,FWD,Wolves,20,19,1,2025-04-01T18:45:00Z,0,0,0,0,0,0,0,0,0.0,0.0,0.0,0.0,0.0,0.0,0.0,0.0,0,48
2024-25,30,295,556,Tom King,GK,Wolves,20,19,1,2025-04-01T18:45:00Z,0,0,0,0,0,0,0,0,0.0,0.0,0.0,0.0,0.0,0.0,0.0,0.0,0,40
2024-25,30,295,557,Mario Lemina,MID,Wolves,20,19,1,2025-04-01T18:45:00Z,0,0,0,0,0,0,0,0,0.0,0.0,0.0,0.0,0.0,0.0,0.0,0.0,0,48
2024-25,30,295,558,Yerson Mosquera,DEF,Wolves,20,19,1,2025-04-01T18:45:00Z,0,0,0,0,0,0,0,0,0.0,0.0,0.0,0.0,0.0,0.0,0.0,0.0,0,38
2024-25,30,295,559,Nélson Cabral Semedo,DEF,Wolves,20,19,1,2025-04-01T18:45:00Z,90,6,0,0,1,0,0,19,2.0,5.1,0.0,0.7,0.0,0.04,0.04,1.34,1,45
2024-25,30,296,560,Pedro Lomba Neto,MID,Chelsea,6,18,1,2025-04-03T19:00:00Z,90,2,0,0,1,0,0,15,7.6,33.9,10.0,5.2,0.05,0.08,0.13,0.79,1,63
2024-25,30,295,561,Pedro Cardoso de Lima,DEF,Wolves,20,19,1,2025-04-01T18:45:00Z,0,0,0,0,0,0,0,0,0.0,0.0,0.0,0.0,0.0,0.0,0.0,0.0,0,39
2024-25,30,295,562,Daniel Castelo Podence,MID,Wolves,20,19,1,2025-04-01T18:45:00Z,0,0,0,0,0,0,0,0,0.0,0.0,0.0,0.0,0.0,0.0,0.0,0.0,0,55
2024-25,30,295,563,Rodrigo Martins Gomes,MID,Wolves,20,19,1,2025-04-01T18:45:00Z,0,0,0,0,0,0,0,0,0.0,0.0,0.0,0.0,0.0,0.0,0.0,0.0,0,51
2024-25,30,295,564,Santiago Bueno,DEF,Wolves,20,19,1,2025-04-01T18:45:00Z,8,1,0,0,0,0,0,4,3.0,0.0,0.0,0.3,0.0,0.0,0.0,0.41,0,43
2024-25,30,295,565,Pablo Sarabia,MID,Wolves,20,19,1,2025-04-01T18:45:00Z,19,1,0,0,0,0,0,1,1.4,4.3,2.0,0.8,0.0,0.0,0.0,0.72,0,50
2024-25,30,295,566,Jørgen Strand Larsen,FWD,Wolves,20,19,1,2025-04-01T18:45:00Z,90,9,1,0,1,0,3,42,43.6,38.3,19.0,10.1,0.21,0.26,0.47,1.34,1,53
2024-25,30,295,567,Toti António Gomes,DEF,Wolves,20,19,1,2025-04-01T18:45:00Z,90,6,0,0,1,0,0,26,33.6,1.2,17.0,5.2,0.12,0.01,0.13,1.34,1,43
2024-25,30,292,568,Arijanet Muric,GK,Ipswich,10,3,0,2025-04-02T18:45:00Z,0,0,0,0,0,0,0,0,0.0,0.0,0.0,0.0,0.0,0.0,0.0,0.0,0,44
2024-25,30,292,569,Jaden Philogene,MID,Ipswich,10,3,0,2025-04-02T18:45:00Z,1,0,0,0,0,0,0,-1,0.0,0.0,0.0,0.0,0.0,0.0,0.0,0.24,0,53
2024-25,30,298,570,Abdul Fatawu,MID,Leicester,11,13,0,2025-04-02T18:45:00Z,0,0,0,0,0,0,0,0,0.0,0.0,0.0,0.0,0.0,0.0,0.0,0.0,0,51
2024-25,30,298,571,Sávio 'Savinho' Moreira de Oliveira,MID,Man City,13,11,1,2025-04-02T18:45:00Z,84,9,0,1,1,0,3,34,34.2,60.3,41.0,13.6,0.16,0.48,0.64,0.02,1,62
2024-25,30,294,572,Leny Yoro,DEF,Man Utd,14,16,0,2025-04-01T19:00:00Z,87,2,0,0,0,1,0,15,19.6,8.9,0.0,2.9,0.0,0.02,0.02,0.43,1,43
2024-25,30,294,573,Nikola Milenković,DEF,Nott'm Forest,16,14,1,2025-04-01T19:00:00Z,90,6,0,0,1,0,0,21,12.8,11.0,8.0,3.2,0.02,0.06,0.08,1.63,1,49
2024-25,30,299,574,Miodrag Pivaš,DEF,Newcastle,15,4,1,2025-04-02T18:45:00Z,0,0,0,0,0,0,0,0,0.0,0.0,0.0,0.0,0.0,0.0,0.0,0.0,0,40
2024-25,30,296,575,Caleb Wiley,DEF,Chelsea,6,18,1,2025-04-03T19:00:00Z,0,0,0,0,0,0,0,0,0.0,0.0,0.0,0.0,0.0,0.0,0.0,0.0,0,40
2024-25,30,295,576,Andy Irving,MID,West Ham,19,20,0,2025-04-01T18:45:00Z,0,0,0,0,0,0,0,0,0.0,0.0,0.0,0.0,0.0,0.0,0.0,0.0,0,47
2024-25,30,297,577,Jesper Lindstrøm,MID,Everton,8,12,0,2025-04-02T19:00:00Z,0,0,0,0,0,0,0,0,0.0,0.0,0.0,0.0,0.0,0.0,0.0,0.0,0,50
2024-25,30,291,578,Riccardo Calafiori,DEF,Arsenal,1,9,1,2025-04-01T18:45:00Z,0,0,0,0,0,0,0,0,0.0,0.0,0.0,0.0,0.0,0.0,0.0,0.0,0,58
2024-25,30,291,579,Ryan Sessegnon,DEF,Fulham,9,1,0,2025-04-01T18:45:00Z,13,4,0,1,0,0,0,8,17.0,10.5,21.0,4.9,0.19,0.07,0.26,0.06,0,41
2024-25,30,292,580,Dean Huijsen,DEF,Bournemouth,3,10,1,2025-04-02T18:45:00Z,90,0,0,0,0,2,0,8,25.4,9.3,0.0,3.5,0.0,0.08,0.08,1.17,1,45
2024-25,30,296,581,Filip Jørgensen,GK,Chelsea,6,18,1,2025-04-03T19:00:00Z,0,0,0,0,0,0,0,0,0.0,0.0,0.0,0.0,0.0,0.0,0.0,0.0,0,42
2024-25,30,297,582,Jake O'Brien,DEF,Everton,8,12,0,2025-04-02T19:00:00Z,90,2,0,0,0,1,0,5,17.2,1.0,2.0,2.0,0.0,0.02,0.02,1.47,1,45
2024-25,30,292,583,Conor Townsend,DEF,Ipswich,10,3,0,2025-04-02T18:45:00Z,90,4,0,1,0,1,0,15,33.8,11.5,2.0,4.7,0.0,0.08,0.08,1.87,1,39
2024-25,30,300,584,Ben Brereton Díaz,MID,Southampton,17,7,1,2025-04-02T18:45:00Z,0,0,0,0,0,0,0,0,0.0,0.0,0.0,0.0,0.0,0.0,0.0,0.0,0,48
2024-25,30,300,585,Ismaïla Sarr,MID,Crystal Palace,7,17,0,2025-04-02T18:45:00Z,90,2,0,0,0,1,0,11,13.4,24.6,14.0,5.2,0.0,0.08,0.08,0.67,1,57
2024-25,30,291,586,Jorge Cuenca Barreno,DEF,Fulham,9,1,0,2025-04-01T18:45:00Z,90,1,0,0,0,2,0,5,14.8,1.5,4.0,2.0,0.02,0.01,0.03,2.38,1,44
2024-25,30,295,587,Crysencio Summerville,MID,West Ham,19,20,0,2025-04-01T18:45:00Z,0,0,0,0,0,0,0,0,0.0,0.0,0.0,0.0,0.0,0.0,0.0,0.0,0,55
2024-25,30,295,588,Guido Rodríguez,MID,West Ham,19,20,0,2025-04-01T18:45:00Z,0,0,0,0,0,0,0,0,0.0,0.0,0.0,0.0,0.0,0.0,0.0,0.0,0,48
2024-25,30,295,589,Niclas Füllkrug,FWD,West Ham,19,20,0,2025-04-01T18:45:00Z,45,0,0,0,0,0,0,0,0.0,11.8,10.0,1.8,0.13,0.01,0.14,0.72,0,67
2024-25,30,299,590,William Osula,FWD,Newcastle,15,4,1,2025-04-02T18:45:00Z,0,0,0,0,0,0,0,0,0.0,0.0,0.0,0.0,0.0,0.0,0.0,0.0,0,49
2024-25,30,295,591,Jean-Clair Todibo,DEF,West Ham,19,20,0,2025-04-01T18:45:00Z,0,0,0,0,0,0,0,0,0.0,0.0,0.0,0.0,0.0,0.0,0.0,0.0,0,42
2024-25,30,292,592,Julián Araujo Zúñiga,DEF,Bournemouth,3,10,1,2025-04-02T18:45:00Z,0,0,0,0,0,0,0,0,0.0,0.0,0.0,0.0,0.0,0.0,0.0,0.0,0,43
2024-25,30,294,593,Matthijs de Ligt,DEF,Man Utd,14,16,0,2025-04-01T19:00:00Z,90,2,0,0,0,1,0,12,27.4,0.4,35.0,6.3,0.15,0.0,0.15,0.48,1,48
2024-25,30,294,594,Noussair Mazraoui,DEF,Man Utd,14,16,0,2025-04-01T19:00:00Z,90,2,0,0,0,1,0,17,29.0,19.8,2.0,5.1,0.0,0.06,0.06,0.48,1,43
2024-25,30,293,595,Brajan Gruda,MID,Brighton,5,2,1,2025-04-02T18:45:00Z,83,2,0,0,0,2,0,3,1.8,3.8,6.0,1.2,0.0,0.02,0.02,1.19,1,54
2024-25,30,294,596,João Pedro Ferreira Silva,MID,Nott'm Forest,16,14,1,2025-04-01T19:00:00Z,0,0,0,0,0,0,0,0,0.0,0.0,0.0,0.0,0.0,0.0,0.0,0.0,0,59
2024-25,30,291,597,Myles Lewis-Skelly,MID,Arsenal,1,9,1,2025-04-01T18:45:00Z,90,2,0,0,0,1,0,16,5.0,4.8,0.0,1.0,0.0,0.02,0.02,0.99,1,45
2024-25,30,293,598,Lamare Bogarde,DEF,Aston Villa,2,5,0,2025-04-02T18:45:00Z,0,0,0,0,0,0,0,0,0.0,0.0,0.0,0.0,0.0,0.0,0.0,0.0,0,39
2024-25,30,292,599,Will Dennis,GK,Bournemouth,3,10,1,2025-04-02T18:45:00Z,0,0,0,0,0,0,0,0,0.0,0.0,0.0,0.0,0.0,0.0,0.0,0.0,0,39
2024-25,30,293,600,Yasin Ayari,MID,Brighton,5,2,1,2025-04-02T18:45:00Z,90,2,0,0,0,3,0,12,6.0,13.7,11.0,3.1,0.41,0.08,0.49,1.25,1,50
2024-25,30,293,601,Andrew Moran,MID,Brighton,5,2,1,2025-04-02T18:45:00Z,0,0,0,0,0,0,0,0,0.0,0.0,0.0,0.0,0.0,0.0,0.0,0.0,0,50
2024-25,30,299,602,Ryan Trevitt,MID,Brentford,4,15,0,2025-04-02T18:45:00Z,0,0,0,0,0,0,0,0,0.0,0.0,0.0,0.0,0.0,0.0,0.0,0.0,0,44
2024-25,30,297,603,Harrison Armstrong,MID,Everton,8,12,0,2025-04-02T19:00:00Z,0,0,0,0,0,0,0,0,0.0,0.0,0.0,0.0,0.0,0.0,0.0,0.0,0,44
2024-25,30,291,604,Josh King,MID,Fulham,9,1,0,2025-04-01T18:45:00Z,0,0,0,0,0,0,0,0,0.0,0.0,0.0,0.0,0.0,0.0,0.0,0.0,0,44
2024-25,30,291,605,Martial Godo,MID,Fulham,9,1,0,2025-04-01T18:45:00Z,0,0,0,0,0,0,0,0,0.0,0.0,0.0,0.0,0.0,0.0,0.0,0.0,0,44
2024-25,30,298,606,Will Alves,MID,Leicester,11,13,0,2025-04-02T18:45:00Z,0,0,0,0,0,0,0,0,0.0,0.0,0.0,0.0,0.0,0.0,0.0,0.0,0,44
2024-25,30,298,607,Nico O'Reilly,MID,Man City,13,11,1,2025-04-02T18:45:00Z,90,3,0,0,1,0,0,16,14.6,17.4,7.0,3.9,0.11,0.04,0.15,0.07,1,49
2024-25,30,300,608,Tyler Dibling,MID,Southampton,17,7,1,2025-04-02T18:45:00Z,9,1,0,0,0,1,0,2,0.0,0.1,0.0,0.0,0.0,0.0,0.0,0.12,0,44
2024-25,30,296,609,Will Lankshear,FWD,Spurs,18,6,0,2025-04-03T19:00:00Z,0,0,0,0,0,0,0,0,0.0,0.0,0.0,0.0,0.0,0.0,0.0,0.0,0,45
2024-25,30,296,610,Mikey Moore,MID,Spurs,18,6,0,2025-04-03T19:00:00Z,0,0,0,0,0,0,0,0,0.0,0.0,0.0,0.0,0.0,0.0,0.0,0.0,0,45
2024-25,30,292,611,Sam Szmodics,MID,Ipswich,10,3,0,2025-04-02T18:45:00Z,0,0,0,0,0,0,0,0,0.0,0.0,0.0,0.0,0.0,0.0,0.0,0.0,0,57
2024-25,30,296,612,Wilson Odobert,MID,Spurs,18,6,0,2025-04-03T19:00:00Z,63,2,0,0,0,1,0,6,4.0,12.8,4.0,2.1,0.0,0.01,0.01,1.06,1,53
2024-25,30,294,613,Toby Collyer,MID,Man Utd,14,16,0,2025-04-01T19:00:00Z,0,0,0,0,0,0,0,0,0.0,0.0,0.0,0.0,0.0,0.0,0.0,0.0,0,45
2024-25,30,297,614,Jenson Metcalfe,MID,Everton,8,12,0,2025-04-02T19:00:00Z,0,0,0,0,0,0,0,0,0.0,0.0,0.0,0.0,0.0,0.0,0.0,0.0,0,45
2024-25,30,293,615,Carl Rushworth,GK,Brighton,5,2,1,2025-04-02T18:45:00Z,0,0,0,0,0,0,0,0,0.0,0.0,0.0,0.0,0.0,0.0,0.0,0.0,0,39
2024-25,30,298,616,Ben Nelson,DEF,Leicester,11,13,0,2025-04-02T18:45:00Z,0,0,0,0,0,0,0,0,0.0,0.0,0.0,0.0,0.0,0.0,0.0,0.0,0,40
2024-25,30,292,617,Francisco Evanilson de Lima Barbosa,FWD,Bournemouth,3,10,1,2025-04-02T18:45:00Z,90,8,1,0,0,2,2,34,34.2,3.3,43.0,8.1,0.72,0.01,0.73,1.17,1,57
2024-25,30,293,618,Georginio Rutter,MID,Brighton,5,2,1,2025-04-02T18:45:00Z,0,0,0,0,0,0,0,0,0.0,0.0,0.0,0.0,0.0,0.0,0.0,0.0,0,51
2024-25,30,292,619,Jens Cajuste,MID,Ipswich,10,3,0,2025-04-02T18:45:00Z,90,2,0,0,0,1,0,13,11.4,12.6,4.0,2.8,0.09,0.01,0.1,1.87,1,45
2024-25,30,294,620,Ramón Sosa,MID,Nott'm Forest,16,14,1,2025-04-01T19:00:00Z,5,1,0,0,0,0,0,4,1.0,0.6,0.0,0.2,0.0,0.0,0.0,0.64,0,55
2024-25,30,296,621,João Félix Sequeira,MID,Chelsea,6,18,1,2025-04-03T19:00:00Z,0,0,0,0,0,0,0,0,0.0,0.0,0.0,0.0,0.0,0.0,0.0,0.0,0,59
2024-25,30,291,622,Sander Berge,MID,Fulham,9,1,0,2025-04-01T18:45:00Z,90,2,0,0,0,2,0,17,11.2,14.4,0.0,2.6,0.0,0.02,0.02,2.38,1,50
2024-25,30,300,623,Mateus Gonçalo Espanha Fernandes,MID,Southampton,17,7,1,2025-04-02T18:45:00Z,90,8,0,1,0,1,3,30,27.0,18.0,8.0,5.3,0.18,0.09,0.27,0.74,1,50
2024-25,30,297,624,Asmir Begovic,GK,Everton,8,12,0,2025-04-02T19:00:00Z,0,0,0,0,0,0,0,0,0.0,0.0,0.0,0.0,0.0,0.0,0.0,0.0,0,40
2024-25,30,298,625,Ilkay Gündogan,MID,Man City,13,11,1,2025-04-02T18:45:00Z,90,3,0,0,1,0,0,17,17.4,43.5,4.0,6.5,0.1,0.41,0.51,0.07,1,63
2024-25,30,298,626,Issa Kaboré,DEF,Man City,13,11,1,2025-04-02T18:45:00Z,0,0,0,0,0,0,0,0,0.0,0.0,0.0,0.0,0.0,0.0,0.0,0.0,0,45
2024-25,30,297,627,Roman Dixon,DEF,Everton,8,12,0,2025-04-02T19:00:00Z,0,0,0,0,0,0,0,0,0.0,0.0,0.0,0.0,0.0,0.0,0.0,0.0,0,40
2024-25,30,293,628,Ferdi Kadioglu,DEF,Brighton,5,2,1,2025-04-02T18:45:00Z,0,0,0,0,0,0,0,0,0.0,0.0,0.0,0.0,0.0,0.0,0.0,0.0,0,44
2024-25,30,293,629,Matt O'Riley,MID,Brighton,5,2,1,2025-04-02T18:45:00Z,6,1,0,0,0,1,0,1,0.0,1.2,0.0,0.0,0.0,0.01,0.01,0.06,0,55
2024-25,30,292,630,Dara O'Shea,DEF,Ipswich,10,3,0,2025-04-02T18:45:00Z,90,2,0,0,0,1,0,17,51.2,0.0,4.0,5.5,0.03,0.0,0.03,1.87,1,39
2024-25,30,292,631,Jack Clarke,MID,Ipswich,10,3,0,2025-04-02T18:45:00Z,18,1,0,0,0,0,0,6,8.4,10.3,2.0,2.1,0.0,0.0,0.0,0.33,0,54
2024-25,30,292,632,Chiedozie Ogbene,MID,Ipswich,10,3,0,2025-04-02T18:45:00Z,0,0,0,0,0,0,0,0,0.0,0.0,0.0,0.0,0.0,0.0,0.0,0.0,0,48
2024-25,30,291,633,Mikel Merino,MID,Arsenal,1,9,1,2025-04-01T18:45:00Z,90,10,1,0,0,1,3,28,41.4,7.1,26.0,7.5,0.07,0.06,0.13,0.99,1,60
2024-25,30,299,634,Gustavo Nunes Fernandes Gomes,MID,Brentford,4,15,0,2025-04-02T18:45:00Z,0,0,0,0,0,0,0,0,0.0,0.0,0.0,0.0,0.0,0.0,0.0,0.0,0,49
2024-25,30,298,635,Bilal El Khannouss,MID,Leicester,11,13,0,2025-04-02T18:45:00Z,59,1,0,0,0,2,0,1,7.4,1.3,1.0,1.0,0.02,0.01,0.03,2.12,1,48
2024-25,30,297,636,Federico Chiesa,MID,Liverpool,12,8,1,2025-04-02T19:00:00Z,0,0,0,0,0,0,0,0,0.0,0.0,0.0,0.0,0.0,0.0,0.0,0.0,0,68
2024-25,30,295,637,Bastien Meupiyou,DEF,Wolves,20,19,1,2025-04-01T18:45:00Z,0,0,0,0,0,0,0,0,0.0,0.0,0.0,0.0,0.0,0.0,0.0,0.0,0,39
2024-25,30,291,638,Salah-Eddine Oulad M'hand,MID,Arsenal,1,9,1,2025-04-01T18:45:00Z,0,0,0,0,0,0,0,0,0.0,0.0,0.0,0.0,0.0,0.0,0.0,0.0,0,45
2024-25,30,291,639,Tommy Setford,GK,Arsenal,1,9,1,2025-04-01T18:45:00Z,0,0,0,0,0,0,0,0,0.0,0.0,0.0,0.0,0.0,0.0,0.0,0.0,0,45
2024-25,30,293,640,Sil Swinkels,DEF,Aston Villa,2,5,0,2025-04-02T18:45:00Z,0,0,0,0,0,0,0,0,0.0,0.0,0.0,0.0,0.0,0.0,0.0,0.0,0,40
2024-25,30,293,641,Oliwier Zych,GK,Aston Villa,2,5,0,2025-04-02T18:45:00Z,0,0,0,0,0,0,0,0,0.0,0.0,0.0,0.0,0.0,0.0,0.0,0.0,0,40
2024-25,30,295,642,André Trindade da Costa Neto,MID,Wolves,20,19,1,2025-04-01T18:45:00Z,70,2,0,0,1,0,0,10,0.0,2.8,1.0,0.3,0.05,0.01,0.06,0.62,1,50
2024-25,30,295,643,Kaelan Casey,DEF,West Ham,19,20,0,2025-04-01T18:45:00Z,0,0,0,0,0,0,0,0,0.0,0.0,0.0,0.0,0.0,0.0,0.0,0.0,0,40
2024-25,30,300,644,Franco Umeh-Chibueze,MID,Crystal Palace,7,17,0,2025-04-02T18:45:00Z,0,0,0,0,0,0,0,0,0.0,0.0,0.0,0.0,0.0,0.0,0.0,0.0,0,44
2024-25,30,300,645,Justin Devenny,MID,Crystal Palace,7,17,0,2025-04-02T18:45:00Z,4,1,0,0,0,0,0,3,2.4,0.3,0.0,0.3,0.0,0.0,0.0,0.0,0,45
2024-25,30,300,646,Asher Agbinone,MID,Crystal Palace,7,17,0,2025-04-02T18:45:00Z,0,0,0,0,0,0,0,0,0.0,0.0,0.0,0.0,0.0,0.0,0.0,0.0,0,45
2024-25,30,300,647,Kaden Rodney,MID,Crystal Palace,7,17,0,2025-04-02T18:45:00Z,0,0,0,0,0,0,0,0,0.0,0.0,0.0,0.0,0.0,0.0,0.0,0.0,0,45
2024-25,30,294,648,Ethan Wheatley,FWD,Man Utd,14,16,0,2025-04-01T19:00:00Z,0,0,0,0,0,0,0,0,0.0,0.0,0.0,0.0,0.0,0.0,0.0,0.0,0,45
2024-25,30,299,649,Jayden Meghoma,DEF,Brentford,4,15,0,2025-04-02T18:45:00Z,0,0,0,0,0,0,0,0,0.0,0.0,0.0,0.0,0.0,0.0,0.0,0.0,0,40
2024-25,30,300,650,Maxence Lacroix,DEF,Crystal Palace,7,17,0,2025-04-02T18:45:00Z,90,2,0,0,0,1,0,12,36.0,0.6,2.0,3.9,0.0,0.04,0.04,0.67,1,45
2024-25,30,297,651,Orel Mangala,MID,Everton,8,12,0,2025-04-02T19:00:00Z,0,0,0,0,0,0,0,0,0.0,0.0,0.0,0.0,0.0,0.0,0.0,0.0,0,50
2024-25,30,294,652,Manuel Ugarte,MID,Man Utd,14,16,0,2025-04-01T19:00:00Z,45,1,0,0,0,1,0,12,4.4,2.7,0.0,0.7,0.0,0.02,0.02,0.22,1,49
2024-25,30,294,653,Felipe Rodrigues da Silva,DEF,Nott'm Forest,16,14,1,2025-04-01T19:00:00Z,50,1,0,0,0,0,0,6,7.0,0.1,17.0,2.4,0.08,0.0,0.08,1.18,0,45
2024-25,30,295,654,Carlos Soler,MID,West Ham,19,20,0,2025-04-01T18:45:00Z,45,1,0,0,0,0,0,5,3.0,2.1,2.0,0.7,0.0,0.03,0.03,0.72,0,50
2024-25,30,295,655,Carlos Roberto Forbs Borges,MID,Wolves,20,19,1,2025-04-01T18:45:00Z,0,0,0,0,0,0,0,0,0.0,0.0,0.0,0.0,0.0,0.0,0.0,0.0,0,54
2024-25,30,293,656,Kadan Young,MID,Aston Villa,2,5,0,2025-04-02T18:45:00Z,0,0,0,0,0,0,0,0,0.0,0.0,0.0,0.0,0.0,0.0,0.0,0.0,0,44
2024-25,30,291,657,Maldini Kacurri,DEF,Arsenal,1,9,1,2025-04-01T18:45:00Z,0,0,0,0,0,0,0,0,0.0,0.0,0.0,0.0,0.0,0.0,0.0,0.0,0,40
2024-25,30,294,658,Ayden Heaven,DEF,Man Utd,14,16,0,2025-04-01T19:00:00Z,0,0,0,0,0,0,0,0,0.0,0.0,0.0,0.0,0.0,0.0,0.0,0.0,0,40
2024-25,30,291,659,Ismeal Kabia,MID,Arsenal,1,9,1,2025-04-01T18:45:00Z,0,0,0,0,0,0,0,0,0.0,0.0,0.0,0.0,0.0,0.0,0.0,0.0,0,45
2024-25,30,297,660,Vítezslav Jaros,GK,Liverpool,12,8,1,2025-04-02T19:00:00Z,0,0,0,0,0,0,0,0,0.0,0.0,0.0,0.0,0.0,0.0,0.0,0.0,0,40
2024-25,30,299,661,Tony Yogane,MID,Brentford,4,15,0,2025-04-02T18:45:00Z,0,0,0,0,0,0,0,0,0.0,0.0,0.0,0.0,0.0,0.0,0.0,0.0,0,45
2024-25,30,291,662,Josh Nichols,DEF,Arsenal,1,9,1,2025-04-01T18:45:00Z,0,0,0,0,0,0,0,0,0.0,0.0,0.0,0.0,0.0,0.0,0.0,0.0,0,40
2024-25,30,293,663,Imari Samuels,DEF,Brighton,5,2,1,2025-04-02T18:45:00Z,0,0,0,0,0,0,0,0,0.0,0.0,0.0,0.0,0.0,0.0,0.0,0.0,0,40
2024-25,30,295,664,Alfie Pond,DEF,Wolves,20,19,1,2025-04-01T18:45:00Z,0,0,0,0,0,0,0,0,0.0,0.0,0.0,0.0,0.0,0.0,0.0,0.0,0,39
2024-25,30,291,665,Nathan Butler-Oyedeji,FWD,Arsenal,1,9,1,2025-04-01T18:45:00Z,0,0,0,0,0,0,0,0,0.0,0.0,0.0,0.0,0.0,0.0,0.0,0.0,0,45
2024-25,30,300,666,Caleb Kporha,DEF,Crystal Palace,7,17,0,2025-04-02T18:45:00Z,0,0,0,0,0,0,0,0,0.0,0.0,0.0,0.0,0.0,0.0,0.0,0.0,0,40
2024-25,30,294,667,Jack Fletcher,MID,Man Utd,14,16,0,2025-04-01T19:00:00Z,0,0,0,0,0,0,0,0,0.0,0.0,0.0,0.0,0.0,0.0,0.0,0.0,0,45
2024-25,30,293,668,Killian Cahill,GK,Brighton,5,2,1,2025-04-02T18:45:00Z,0,0,0,0,0,0,0,0,0.0,0.0,0.0,0.0,0.0,0.0,0.0,0.0,0,39
2024-25,30,297,669,Harvey Davies,GK,Liverpool,12,8,1,2025-04-02T19:00:00Z,0,0,0,0,0,0,0,0,0.0,0.0,0.0,0.0,0.0,0.0,0.0,0.0,0,40
2024-25,30,294,670,Harry Amass,DEF,Man Utd,14,16,0,2025-04-01T19:00:00Z,0,0,0,0,0,0,0,0,0.0,0.0,0.0,0.0,0.0,0.0,0.0,0.0,0,40
2024-25,30,298,671,Jacob Wright,MID,Man City,13,11,1,2025-04-02T18:45:00Z,0,0,0,0,0,0,0,0,0.0,0.0,0.0,0.0,0.0,0.0,0.0,0.0,0,45
2024-25,30,298,672,Jahmai Simpson-Pusey,DEF,Man City,13,11,1,2025-04-02T18:45:00Z,0,0,0,0,0,0,0,0,0.0,0.0,0.0,0.0,0.0,0.0,0.0,0.0,0,40
2024-25,30,294,673,Jayce Fitzgerald,MID,Man Utd,14,16,0,2025-04-01T19:00:00Z,0,0,0,0,0,0,0,0,0.0,0.0,0.0,0.0,0.0,0.0,0.0,0.0,0,45
2024-25,30,299,674,Paris Maghoma,MID,Brentford,4,15,0,2025-04-02T18:45:00Z,7,1,0,0,0,0,0,5,2.4,0.3,0.0,0.3,0.0,0.0,0.0,0.22,0,45
2024-25,30,298,675,Josh Wilson-Esbrand,DEF,Man City,13,11,1,2025-04-02T18:45:00Z,0,0,0,0,0,0,0,0,0.0,0.0,0.0,0.0,0.0,0.0,0.0,0.0,0,40
2024-25,30,300,676,Zach Marsh,FWD,Crystal Palace,7,17,0,2025-04-02T18:45:00Z,0,0,0,0,0,0,0,0,0.0,0.0,0.0,0.0,0.0,0.0,0.0,0.0,0,45
2024-25,30,295,677,Ollie Scarles,DEF,West Ham,19,20,0,2025-04-01T18:45:00Z,76,2,0,0,0,1,0,3,4.2,3.0,2.0,0.9,0.0,0.02,0.02,0.63,1,40
2024-25,30,297,678,Callum Bates,MID,Everton,8,12,0,2025-04-02T19:00:00Z,0,0,0,0,0,0,0,0,0.0,0.0,0.0,0.0,0.0,0.0,0.0,0.0,0,45
2024-25,30,293,679,Ben Broggio,MID,Aston Villa,2,5,0,2025-04-02T18:45:00Z,0,0,0,0,0,0,0,0,0.0,0.0,0.0,0.0,0.0,0.0,0.0,0.0,0,45
2024-25,30,292,680,Max Kinsey,DEF,Bournemouth,3,10,1,2025-04-02T18:45:00Z,0,0,0,0,0,0,0,0,0.0,0.0,0.0,0.0,0.0,0.0,0.0,0.0,0,40
2024-25,30,293,681,Ruairi McConville,DEF,Brighton,5,2,1,2025-04-02T18:45:00Z,0,0,0,0,0,0,0,0,0.0,0.0,0.0,0.0,0.0,0.0,0.0,0.0,0,40
2024-25,30,295,682,Tom Edozie,MID,Wolves,20,19,1,2025-04-01T18:45:00Z,0,0,0,0,0,0,0,0,0.0,0.0,0.0,0.0,0.0,0.0,0.0,0.0,0,45
2024-25,30,296,683,Callum Olusesi,MID,Spurs,18,6,0,2025-04-03T19:00:00Z,0,0,0,0,0,0,0,0,0.0,0.0,0.0,0.0,0.0,0.0,0.0,0.0,0,45
2024-25,30,296,684,Malachi Hardy,DEF,Spurs,18,6,0,2025-04-03T19:00:00Z,0,0,0,0,0,0,0,0,0.0,0.0,0.0,0.0,0.0,0.0,0.0,0.0,0,40
2024-25,30,293,685,Jacob Slater,DEF,Brighton,5,2,1,2025-04-02T18:45:00Z,0,0,0,0,0,0,0,0,0.0,0.0,0.0,0.0,0.0,0.0,0.0,0.0,0,40
2024-25,30,295,686,Ezra Mayers,DEF,West Ham,19,20,0,2025-04-01T18:45:00Z,0,0,0,0,0,0,0,0,0.0,0.0,0.0,0.0,0.0,0.0,0.0,0.0,0,40
2024-25,30,292,687,Ben Winterburn,MID,Bournemouth,3,10,1,2025-04-02T18:45:00Z,0,0,0,0,0,0,0,0,0.0,0.0,0.0,0.0,0.0,0.0,0.0,0.0,0,45
2024-25,30,297,688,Treymaurice Nyoni,MID,Liverpool,12,8,1,2025-04-02T19:00:00Z,0,0,0,0,0,0,0,0,0.0,0.0,0.0,0.0,0.0,0.0,0.0,0.0,0,45
2024-25,30,296,689,Luca Williams-Barnett,MID,Spurs,18,6,0,2025-04-03T19:00:00Z,0,0,0,0,0,0,0,0,0.0,0.0,0.0,0.0,0.0,0.0,0.0,0.0,0,45
2024-25,30,291,690,Samuel Amissah,DEF,Fulham,9,1,0,2025-04-01T18:45:00Z,0,0,0,0,0,0,0,0,0.0,0.0,0.0,0.0,0.0,0.0,0.0,0.0,0,40
2024-25,30,294,691,Godwill Kukonki,DEF,Man Utd,14,16,0,2025-04-01T19:00:00Z,0,0,0,0,0,0,0,0,0.0,0.0,0.0,0.0,0.0,0.0,0.0,0.0,0,40
2024-25,30,297,692,Amara Nallo,DEF,Liverpool,12,8,1,2025-04-02T19:00:00Z,0,0,0,0,0,0,0,0,0.0,0.0,0.0,0.0,0.0,0.0,0.0,0.0,0,40
2024-25,30,300,693,Joseph O'Brien-Whitmarsh,MID,Southampton,17,7,1,2025-04-02T18:45:00Z,0,0,0,0,0,0,0,0,0.0,0.0,0.0,0.0,0.0,0.0,0.0,0.0,0,45
2024-25,30,298,694,Henry Cartwright,MID,Leicester,11,13,0,2025-04-02T18:45:00Z,0,0,0,0,0,0,0,0,0.0,0.0,0.0,0.0,0.0,0.0,0.0,0.0,0,45
2024-25,30,296,695,Samuel Rak-Sakyi,MID,Chelsea,6,18,1,2025-04-03T19:00:00Z,0,0,0,0,0,0,0,0,0.0,0.0,0.0,0.0,0.0,0.0,0.0,0.0,0,45
2024-25,30,296,696,Tyrique George,MID,Chelsea,6,18,1,2025-04-03T19:00:00Z,0,0,0,0,0,0,0,0,0.0,0.0,0.0,0.0,0.0,0.0,0.0,0.0,0,45
2024-25,30,296,697,Josh Acheampong,DEF,Chelsea,6,18,1,2025-04-03T19:00:00Z,0,0,0,0,0,0,0,0,0.0,0.0,0.0,0.0,0.0,0.0,0.0,0.0,0,40
2024-25,30,298,698,Divin Mubama,FWD,Man City,13,11,1,2025-04-02T18:45:00Z,0,0,0,0,0,0,0,0,0.0,0.0,0.0,0.0,0.0,0.0,0.0,0.0,0,45
2024-25,30,296,699,Alfie Dorrington,DEF,Spurs,18,6,0,2025-04-03T19:00:00Z,0,0,0,0,0,0,0,0,0.0,0.0,0.0,0.0,0.0,0.0,0.0,0.0,0,40
2024-25,30,296,700,Maeson King,DEF,Spurs,18,6,0,2025-04-03T19:00:00Z,0,0,0,0,0,0,0,0,0.0,0.0,0.0,0.0,0.0,0.0,0.0,0.0,0,40
2024-25,30,295,701,Lewis Orford,MID,West Ham,19,20,0,2025-04-01T18:45:00Z,0,0,0,0,0,0,0,0,0.0,0.0,0.0,0.0,0.0,0.0,0.0,0.0,0,45
2024-25,30,292,702,Archie Harris,DEF,Bournemouth,3,10,1,2025-04-02T18:45:00Z,0,0,0,0,0,0,0,0,0.0,0.0,0.0,0.0,0.0,0.0,0.0,0.0,0,40
2024-25,30,298,703,Max Alleyne,DEF,Man City,13,11,1,2025-04-02T18:45:00Z,0,0,0,0,0,0,0,0,0.0,0.0,0.0,0.0,0.0,0.0,0.0,0.0,0,40
2024-25,30,298,704,Spike Brits,GK,Man City,13,11,1,2025-04-02T18:45:00Z,0,0,0,0,0,0,0,0,0.0,0.0,0.0,0.0,0.0,0.0,0.0,0.0,0,40
2024-25,30,299,705,Benjamin Arthur,DEF,Brentford,4,15,0,2025-04-02T18:45:00Z,0,0,0,0,0,0,0,0,0.0,0.0,0.0,0.0,0.0,0.0,0.0,0.0,0,40
2024-25,30,294,706,Zach Abbott,DEF,Nott'm Forest,16,14,1,2025-04-01T19:00:00Z,0,0,0,0,0,0,0,0,0.0,0.0,0.0,0.0,0.0,0.0,0.0,0.0,0,40
2024-25,30,292,707,Remy Rees-Dottin,FWD,Bournemouth,3,10,1,2025-04-02T18:45:00Z,0,0,0,0,0,0,0,0,0.0,0.0,0.0,0.0,0.0,0.0,0.0,0.0,0,45
2024-25,30,298,708,Thomas Wilson-Brown,DEF,Leicester,11,13,0,2025-04-02T18:45:00Z,0,0,0,0,0,0,0,0,0.0,0.0,0.0,0.0,0.0,0.0,0.0,0.0,0,40
2024-25,30,297,709,Jayden Danns,FWD,Liverpool,12,8,1,2025-04-02T19:00:00Z,0,0,0,0,0,0,0,0,0.0,0.0,0.0,0.0,0.0,0.0,0.0,0.0,0,45
2024-25,30,293,710,Jamaldeen Jimoh,MID,Aston Villa,2,5,0,2025-04-02T18:45:00Z,0,0,0,0,0,0,0,0,0.0,0.0,0.0,0.0,0.0,0.0,0.0,0.0,0,45
2024-25,30,295,711,Wes Okoduwa,DEF,Wolves,20,19,1,2025-04-01T18:45:00Z,0,0,0,0,0,0,0,0,0.0,0.0,0.0,0.0,0.0,0.0,0.0,0.0,0,40
2024-25,30,292,712,Matai Akinmboni,DEF,Bournemouth,3,10,1,2025-04-02T18:45:00Z,0,0,0,0,0,0,0,0,0.0,0.0,0.0,0.0,0.0,0.0,0.0,0.0,0,40
2024-25,30,292,713,Julio Soler,DEF,Bournemouth,3,10,1,2025-04-02T18:45:00Z,0,0,0,0,0,0,0,0,0.0,0.0,0.0,0.0,0.0,0.0,0.0,0.0,0,39
2024-25,30,293,714,Diego Gómez,MID,Brighton,5,2,1,2025-04-02T18:45:00Z,71,2,0,0,0,1,0,11,3.8,14.1,4.0,2.2,0.0,0.01,0.01,0.8,1,55
2024-25,30,292,715,Ben Godfrey,DEF,Ipswich,10,3,0,2025-04-02T18:45:00Z,0,0,0,0,0,0,0,0,0.0,0.0,0.0,0.0,0.0,0.0,0.0,0.0,0,40
2024-25,30,296,716,Antonín Kinsky,GK,Spurs,18,6,0,2025-04-03T19:00:00Z,0,0,0,0,0,0,0,0,0.0,0.0,0.0,0.0,0.0,0.0,0.0,0.0,0,42
2024-25,30,296,717,Min-Hyeok Yang,MID,Spurs,18,6,0,2025-04-03T19:00:00Z,0,0,0,0,0,0,0,0,0.0,0.0,0.0,0.0,0.0,0.0,0.0,0.0,0,45
2024-25,30,300,718,Welington Damascena Santos,DEF,Southampton,17,7,1,2025-04-02T18:45:00Z,9,1,0,0,0,1,0,-1,2.2,0.6,0.0,0.3,0.0,0.0,0.0,0.12,0,40
2024-25,30,300,719,Joachim Kayi-Sanda,DEF,Southampton,17,7,1,2025-04-02T18:45:00Z,0,0,0,0,0,0,0,0,0.0,0.0,0.0,0.0,0.0,0.0,0.0,0.0,0,40
2024-25,30,295,720,Emmanuel Agbadou,DEF,Wolves,20,19,1,2025-04-01T18:45:00Z,90,6,0,0,1,0,0,27,16.0,0.9,1.0,1.8,0.03,0.0,0.03,1.34,1,40
2024-25,30,294,721,Wayne Hennessey,GK,Nott'm Forest,16,14,1,2025-04-01T19:00:00Z,0,0,0,0,0,0,0,0,0.0,0.0,0.0,0.0,0.0,0.0,0.0,0.0,0,40
2024-25,30,292,722,Daniel Adu-Adjei,FWD,Bournemouth,3,10,1,2025-04-02T18:45:00Z,0,0,0,0,0,0,0,0,0.0,0.0,0.0,0.0,0.0,0.0,0.0,0.0,0,45
2024-25,30,292,723,Dominic Sadi,MID,Bournemouth,3,10,1,2025-04-02T18:45:00Z,0,0,0,0,0,0,0,0,0.0,0.0,0.0,0.0,0.0,0.0,0.0,0.0,0,45
2024-25,30,297,724,Martin Sherif,FWD,Everton,8,12,0,2025-04-02T19:00:00Z,0,0,0,0,0,0,0,0,0.0,0.0,0.0,0.0,0.0,0.0,0.0,0.0,0,45
2024-25,30,293,725,Donyell Malen,MID,Aston Villa,2,5,0,2025-04-02T18:45:00Z,2,6,1,0,0,0,0,23,33.0,0.0,17.0,5.0,0.06,0.0,0.06,0.41,0,54
2024-25,30,298,726,Woyo Coulibaly,DEF,Leicester,11,13,0,2025-04-02T18:45:00Z,0,0,0,0,0,0,0,0,0.0,0.0,0.0,0.0,0.0,0.0,0.0,0.0,0,40
2024-25,30,292,727,Callan McKenna,GK,Bournemouth,3,10,1,2025-04-02T18:45:00Z,0,0,0,0,0,0,0,0,0.0,0.0,0.0,0.0,0.0,0.0,0.0,0.0,0,40
2024-25,30,292,728,Zain Silcott-Duberry,MID,Bournemouth,3,10,1,2025-04-02T18:45:00Z,0,0,0,0,0,0,0,0,0.0,0.0,0.0,0.0,0.0,0.0,0.0,0.0,0,45
2024-25,30,296,729,Damola Ajayi,MID,Spurs,18,6,0,2025-04-03T19:00:00Z,0,0,0,0,0,0,0,0,0.0,0.0,0.0,0.0,0.0,0.0,0.0,0.0,0,45
2024-25,30,300,730,Romain Esse,MID,Crystal Palace,7,17,0,2025-04-02T18:45:00Z,0,0,0,0,0,0,0,0,0.0,0.0,0.0,0.0,0.0,0.0,0.0,0.0,0,47
2024-25,30,293,731,Andrés García,DEF,Aston Villa,2,5,0,2025-04-02T18:45:00Z,0,0,0,0,0,0,0,0,0.0,0.0,0.0,0.0,0.0,0.0,0.0,0.0,0,45
2024-25,30,298,732,Abdukodir Khusanov,DEF,Man City,13,11,1,2025-04-02T18:45:00Z,0,0,0,0,0,0,0,0,0.0,0.0,0.0,0.0,0.0,0.0,0.0,0.0,0,50
2024-25,30,298,733,Vitor de Oliveira Nunes dos Reis,DEF,Man City,13,11,1,2025-04-02T18:45:00Z,1,1,0,0,0,0,0,4,3.2,0.0,0.0,0.3,0.0,0.0,0.0,0.0,0,45
2024-25,30,300,734,Albert Grønbæk,MID,Southampton,17,7,1,2025-04-02T18:45:00Z,0,0,0,0,0,0,0,0,0.0,0.0,0.0,0.0,0.0,0.0,0.0,0.0,0,49
2024-25,30,291,735,Mikel Arteta,AM,Arsenal,1,9,1,2025-04-01T18:45:00Z,0,8,0,0,0,0,0,0,0.0,0.0,0.0,0.0,0.0,0.0,0.0,0.0,0,15
2024-25,30,298,736,Pep Guardiola,AM,Man City,13,11,1,2025-04-02T18:45:00Z,0,10,0,0,0,0,0,0,0.0,0.0,0.0,0.0,0.0,0.0,0.0,0.0,0,15
2024-25,30,293,737,Unai Emery,AM,Aston Villa,2,5,0,2025-04-02T18:45:00Z,0,11,0,0,0,0,0,0,0.0,0.0,0.0,0.0,0.0,0.0,0.0,0.0,0,8
2024-25,30,292,738,Andoni Iraola,AM,Bournemouth,3,10,1,2025-04-02T18:45:00Z,0,1,0,0,0,0,0,0,0.0,0.0,0.0,0.0,0.0,0.0,0.0,0.0,0,11
2024-25,30,293,739,Fabian Hürzeler,AM,Brighton,5,2,1,2025-04-02T18:45:00Z,0,0,0,0,0,0,0,0,0.0,0.0,0.0,0.0,0.0,0.0,0.0,0.0,0,11
2024-25,30,296,740,Enzo Maresca,AM,Chelsea,6,18,1,2025-04-03T19:00:00Z,0,9,0,0,0,0,0,0,0.0,0.0,0.0,0.0,0.0,0.0,0.0,0.0,0,15
2024-25,30,300,741,Oliver Glasner,AM,Crystal Palace,7,17,0,2025-04-02T18:45:00Z,0,4,0,0,0,0,0,0,0.0,0.0,0.0,0.0,0.0,0.0,0.0,0.0,0,8
2024-25,30,297,742,David Moyes,AM,Everton,8,12,0,2025-04-02T19:00:00Z,0,0,0,0,0,0,0,0,0.0,0.0,0.0,0.0,0.0,0.0,0.0,0.0,0,5
2024-25,30,292,743,Kieran McKenna,AM,Ipswich,10,3,0,2025-04-02T18:45:00Z,0,18,0,0,0,0,0,0,0.0,0.0,0.0,0.0,0.0,0.0,0.0,0.0,0,5
2024-25,30,297,744,Arne Slot,AM,Liverpool,12,8,1,2025-04-02T19:00:00Z,0,9,0,0,0,0,0,0,0.0,0.0,0.0,0.0,0.0,0.0,0.0,0.0,0,15
2024-25,30,294,745,Ruben Filipe Marques Diogo Amorim,AM,Man Utd,14,16,0,2025-04-01T19:00:00Z,0,0,0,0,0,0,0,0,0.0,0.0,0.0,0.0,0.0,0.0,0.0,0.0,0,8
2024-25,30,299,746,Eddie Howe,AM,Newcastle,15,4,1,2025-04-02T18:45:00Z,0,8,0,0,0,0,0,0,0.0,0.0,0.0,0.0,0.0,0.0,0.0,0.0,0,15
2024-25,30,294,747,Nuno Herlander Simões Espírito Santo,AM,Nott'm Forest,16,14,1,2025-04-01T19:00:00Z,0,9,0,0,0,0,0,0,0.0,0.0,0.0,0.0,0.0,0.0,0.0,0.0,0,11
2024-25,30,300,748,Ivan Juric,AM,Southampton,17,7,1,2025-04-02T18:45:00Z,0,9,0,0,0,0,0,0,0.0,0.0,0.0,0.0,0.0,0.0,0.0,0.0,0,5
2024-25,30,296,749,Ange Postecoglou,AM,Spurs,18,6,0,2025-04-03T19:00:00Z,0,0,0,0,0,0,0,0,0.0,0.0,0.0,0.0,0.0,0.0,0.0,0.0,0,11
2024-25,30,295,750,Graham Potter,AM,West Ham,19,20,0,2025-04-01T18:45:00Z,0,0,0,0,0,0,0,0,0.0,0.0,0.0,0.0,0.0,0.0,0.0,0.0,0,5
2024-25,30,295,751,Vítor Manuel de Oliveira Lopes Pereira,AM,Wolves,20,19,1,2025-04-01T18:45:00Z,0,9,0,0,0,0,0,0,0.0,0.0,0.0,0.0,0.0,0.0,0.0,0.0,0,8
2024-25,30,299,752,Thomas Frank,AM,Brentford,4,15,0,2025-04-02T18:45:00Z,0,1,0,0,0,0,0,0,0.0,0.0,0.0,0.0,0.0,0.0,0.0,0.0,0,8
2024-25,30,291,753,Marco Alexandre Saraiva da Silva,AM,Fulham,9,1,0,2025-04-01T18:45:00Z,0,1,0,0,0,0,0,0,0.0,0.0,0.0,0.0,0.0,0.0,0.0,0.0,0,11
2024-25,30,298,754,Ruud van Nistelrooij,AM,Leicester,11,13,0,2025-04-02T18:45:00Z,0,0,0,0,0,0,0,0,0.0,0.0,0.0,0.0,0.0,0.0,0.0,0.0,0,5
2024-25,30,298,755,Omar Marmoush,FWD,Man City,13,11,1,2025-04-02T18:45:00Z,90,9,1,0,1,0,3,34,34.8,3.2,70.0,10.8,1.45,0.04,1.49,0.07,1,74
2024-25,30,291,756,Jack Porter,GK,Arsenal,1,9,1,2025-04-01T18:45:00Z,0,0,0,0,0,0,0,0,0.0,0.0,0.0,0.0,0.0,0.0,0.0,0.0,0,40
2024-25,30,299,757,Michael Kayode,DEF,Brentford,4,15,0,2025-04-02T18:45:00Z,0,0,0,0,0,0,0,0,0.0,0.0,0.0,0.0,0.0,0.0,0.0,0.0,0,45
2024-25,30,293,758,Joe Knight,MID,Brighton,5,2,1,2025-04-02T18:45:00Z,0,0,0,0,0,0,0,0,0.0,0.0,0.0,0.0,0.0,0.0,0.0,0.0,0,45
2024-25,30,299,759,Julian Eyestone,GK,Brentford,4,15,0,2025-04-02T18:45:00Z,0,0,0,0,0,0,0,0,0.0,0.0,0.0,0.0,0.0,0.0,0.0,0.0,0,40
2024-25,30,296,760,Dante Cassanova,DEF,Spurs,18,6,0,2025-04-03T19:00:00Z,0,0,0,0,0,0,0,0,0.0,0.0,0.0,0.0,0.0,0.0,0.0,0.0,0,40
2024-25,30,294,761,Elyh Harrison,GK,Man Utd,14,16,0,2025-04-01T19:00:00Z,0,0,0,0,0,0,0,0,0.0,0.0,0.0,0.0,0.0,0.0,0.0,0.0,0,40
2024-25,30,293,762,Marco Asensio,MID,Aston Villa,2,5,0,2025-04-02T18:45:00Z,25,12,1,1,0,0,3,35,55.4,10.3,34.0,10.0,0.38,0.02,0.4,0.41,0,61
2024-25,30,293,763,Eiran Cashin,DEF,Brighton,5,2,1,2025-04-02T18:45:00Z,18,0,0,0,0,2,0,-5,6.8,0.5,0.0,0.7,0.0,0.0,0.0,0.44,0,45
2024-25,30,292,764,Alex Palmer,GK,Ipswich,10,3,0,2025-04-02T18:45:00Z,90,3,0,0,0,1,0,18,33.2,0.0,0.0,3.3,0.0,0.0,0.0,1.87,1,45
2024-25,30,298,765,Nico González,MID,Man City,13,11,1,2025-04-02T18:45:00Z,90,2,0,0,1,0,0,10,15.2,11.7,2.0,2.9,0.0,0.07,0.07,0.07,1,60
2024-25,30,294,766,Patrick Dorgu,DEF,Man Utd,14,16,0,2025-04-01T19:00:00Z,90,2,0,0,0,1,0,16,15.0,20.2,37.0,7.2,0.22,0.6,0.82,0.48,1,45
2024-25,30,296,767,Kevin Danso,DEF,Spurs,18,6,0,2025-04-03T19:00:00Z,0,0,0,0,0,0,0,0,0.0,0.0,0.0,0.0,0.0,0.0,0.0,0.0,0,45
2024-25,30,296,768,Mathys Tel,MID,Spurs,18,6,0,2025-04-03T19:00:00Z,2,1,0,0,0,0,0,1,0.0,0.4,5.0,0.4,0.03,0.01,0.04,0.0,0,60
2024-25,30,295,769,Nasser Djiga,DEF,Wolves,20,19,1,2025-04-01T18:45:00Z,0,0,0,0,0,0,0,0,0.0,0.0,0.0,0.0,0.0,0.0,0.0,0.0,0,45
2024-25,30,295,770,Marshall Munetsi,MID,Wolves,20,19,1,2025-04-01T18:45:00Z,90,3,0,0,1,0,0,-4,8.2,0.3,8.0,1.7,0.7,0.0,0.7,1.34,1,50
2024-25,30,296,771,Mathis Amougou,MID,Chelsea,6,18,1,2025-04-03T19:00:00Z,0,0,0,0,0,0,0,0,0.0,0.0,0.0,0.0,0.0,0.0,0.0,0.0,0,45
2024-25,30,291,772,Willian Borges da Silva,MID,Fulham,9,1,0,2025-04-01T18:45:00Z,23,1,0,0,0,1,0,2,2.0,3.7,0.0,0.6,0.0,0.01,0.01,1.14,0,50
2024-25,30,297,773,Isaac Heath,MID,Everton,8,12,0,2025-04-02T19:00:00Z,0,0,0,0,0,0,0,0,0.0,0.0,0.0,0.0,0.0,0.0,0.0,0.0,0,45
2024-25,30,296,774,Aaron Anselmino,DEF,Chelsea,6,18,1,2025-04-03T19:00:00Z,0,0,0,0,0,0,0,0,0.0,0.0,0.0,0.0,0.0,0.0,0.0,0.0,0,40
2024-25,30,297,775,Coby Ebere,MID,Everton,8,12,0,2025-04-02T19:00:00Z,0,0,0,0,0,0,0,0,0.0,0.0,0.0,0.0,0.0,0.0,0.0,0.0,0,45
2024-25,30,294,776,Chido Obi-Martin,FWD,Man Utd,14,16,0,2025-04-01T19:00:00Z,0,0,0,0,0,0,0,0,0.0,0.0,0.0,0.0,0.0,0.0,0.0,0.0,0,45
2024-25,30,294,777,Tyler Fredricson,DEF,Man Utd,14,16,0,2025-04-01T19:00:00Z,0,0,0,0,0,0,0,0,0.0,0.0,0.0,0.0,0.0,0.0,0.0,0.0,0,40
2024-25,30,294,778,Jack Moorhouse,MID,Man Utd,14,16,0,2025-04-01T19:00:00Z,0,0,0,0,0,0,0,0,0.0,0.0,0.0,0.0,0.0,0.0,0.0,0.0,0,45
2024-25,30,294,779,Sékou Koné,MID,Man Utd,14,16,0,2025-04-01T19:00:00Z,0,0,0,0,0,0,0,0,0.0,0.0,0.0,0.0,0.0,0.0,0.0,0.0,0,45
2024-25,30,299,780,Iwan Morgan,FWD,Brentford,4,15,0,2025-04-02T18:45:00Z,0,0,0,0,0,0,0,0,0.0,0.0,0.0,0.0,0.0,0.0,0.0,0.0,0,45
2024-25,30,296,781,Shumaira Mheuka,FWD,Chelsea,6,18,1,2025-04-03T19:00:00Z,0,0,0,0,0,0,0,0,0.0,0.0,0.0,0.0,0.0,0.0,0.0,0.0,0,45
2024-25,30,296,782,Ishé Samuels-Smith,DEF,Chelsea,6,18,1,2025-04-03T19:00:00Z,0,0,0,0,0,0,0,0,0.0,0.0,0.0,0.0,0.0,0.0,0.0,0.0,0,40
2024-25,30,294,783,Hubert Graczyk,GK,Man Utd,14,16,0,2025-04-01T19:00:00Z,0,0,0,0,0,0,0,0,0.0,0.0,0.0,0.0,0.0,0.0,0.0,0.0,0,40
2024-25,30,295,784,Mateus Mané,FWD,Wolves,20,19,1,2025-04-01T18:45:00Z,0,0,0,0,0,0,0,0,0.0,0.0,0.0,0.0,0.0,0.0,0.0,0.0,0,45
2024-25,30,298,785,Claudio Echeverri,MID,Man City,13,11,1,2025-04-02T18:45:00Z,0,0,0,0,0,0,0,0,0.0,0.0,0.0,0.0,0.0,0.0,0.0,0.0,0,60
2024-25,30,299,786,Benjamin Fredrick,DEF,Brentford,4,15,0,2025-04-02T18:45:00Z,0,0,0,0,0,0,0,0,0.0,0.0,0.0,0.0,0.0,0.0,0.0,0.0,0,40
2024-25,30,296,787,Genesis Antwi,DEF,Chelsea,6,18,1,2025-04-03T19:00:00Z,0,0,0,0,0,0,0,0,0.0,0.0,0.0,0.0,0.0,0.0,0.0,0.0,0,40
2024-25,30,294,788,Dermot Mee,GK,Man Utd,14,16,0,2025-04-01T19:00:00Z,0,0,0,0,0,0,0,0,0.0,0.0,0.0,0.0,0.0,0.0,0.0,0.0,0,40
2024-25,30,299,789,Sean Neave,FWD,Newcastle,15,4,1,2025-04-02T18:45:00Z,0,0,0,0,0,0,0,0,0.0,0.0,0.0,0.0,0.0,0.0,0.0,0.0,0,45
2024-25,30,291,790,Jimi Gower,MID,Arsenal,1,9,1,2025-04-01T18:45:00Z,0,0,0,0,0,0,0,0,0.0,0.0,0.0,0.0,0.0,0.0,0.0,0.0,0,45
2024-25,30,293,791,Charlie Tasker,DEF,Brighton,5,2,1,2025-04-02T18:45:00Z,0,0,0,0,0,0,0,0,0.0,0.0,0.0,0.0,0.0,0.0,0.0,0.0,0,40
