season,gw,fixture,element,name,position,team,team_id,opponent_team,was_home,kickoff_time,minutes,total_points,goals_scored,assists,clean_sheets,goals_conceded,bonus,bps,influence,creativity,threat,ict_index,expected_goals,expected_assists,expected_goal_involvements,expected_goals_conceded,starts,value
2024-25,31,304,1,Fábio Ferreira Vieira,MID,Arsenal,1,8,0,2025-04-05T11:30:00Z,0,0,0,0,0,0,0,0,0.0,0.0,0.0,0.0,0.0,0.0,0.0,0.0,0,54
2024-25,31,304,2,Gabriel Fernando de Jesus,FWD,Arsenal,1,8,0,2025-04-05T11:30:00Z,0,0,0,0,0,0,0,0,0.0,0.0,0.0,0.0,0.0,0.0,0.0,0.0,0,65
2024-25,31,304,3,Gabriel dos Santos Magalhães,DEF,Arsenal,1,8,0,2025-04-05T11:30:00Z,0,0,0,0,0,0,0,0,0.0,0.0,0.0,0.0,0.0,0.0,0.0,0.0,0,63
2024-25,31,304,4,Kai Havertz,FWD,Arsenal,1,8,0,2025-04-05T11:30:00Z,0,0,0,0,0,0,0,0,0.0,0.0,0.0,0.0,0.0,0.0,0.0,0.0,0,77
2024-25,31,304,5,Karl Hein,GK,Arsenal,1,8,0,2025-04-05T11:30:00Z,0,0,0,0,0,0,0,0,0.0,0.0,0.0,0.0,0.0,0.0,0.0,0.0,0,40
2024-25,31,304,6,Jurriën Timber,DEF,Arsenal,1,8,0,2025-04-05T11:30:00Z,29,1,0,0,0,0,0,4,7.0,1.1,10.0,1.8,0.2,0.01,0.21,0.0,0,56
2024-25,31,304,7,Jorge Luiz Frello Filho,MID,Arsenal,1,8,0,2025-04-05T11:30:00Z,70,1,0,0,0,1,0,10,3.8,6.4,2.0,1.2,0.0,0.02,0.02,1.09,1,47
2024-25,31,304,8,Jakub Kiwior,DEF,Arsenal,1,8,0,2025-04-05T11:30:00Z,90,2,0,0,0,1,0,13,18.0,14.8,4.0,3.7,0.0,0.08,0.08,1.09,1,48
2024-25,31,304,9,Gabriel Martinelli Silva,MID,Arsenal,1,8,0,2025-04-05T11:30:00Z,45,1,0,0,0,1,0,7,9.4,2.3,25.0,3.7,0.04,0.02,0.06,0.83,0,65
2024-25,31,305,10,Reiss Nelson,MID,Fulham,9,12,1,2025-04-06T13:00:00Z,0,0,0,0,0,0,0,0,0.0,0.0,0.0,0.0,0.0,0.0,0.0,0.0,0,50
2024-25,31,303,11,Eddie Nketiah,FWD,Crystal Palace,7,5,1,2025-04-05T14:00:00Z,9,-2,0,0,0,0,0,-9,0.0,0.0,0.0,0.0,0.0,0.0,0.0,0.02,0,59
2024-25,31,304,12,Ethan Nwaneri,MID,Arsenal,1,8,0,2025-04-05T11:30:00Z,45,1,0,0,0,0,0,7,6.6,15.0,4.0,2.6,0.0,0.08,0.08,0.26,1,46
2024-25,31,304,13,Martin Ødegaard,MID,Arsenal,1,8,0,2025-04-05T11:30:00Z,19,1,0,0,0,0,0,2,0.0,0.6,4.0,0.3,0.23,0.0,0.23,0.0,0,82
2024-25,31,309,14,Aaron Ramsdale,GK,Southampton,17,18,0,2025-04-06T13:00:00Z,90,2,0,0,0,3,0,4,37.0,0.0,0.0,3.7,0.0,0.0,0.0,2.12,1,44
2024-25,31,304,15,David Raya Martin,GK,Arsenal,1,8,0,2025-04-05T11:30:00Z,90,2,0,0,0,1,0,7,13.2,0.0,0.0,1.3,0.0,0.0,0.0,1.09,1,55
2024-25,31,304,16,Declan Rice,MID,Arsenal,1,8,0,2025-04-05T11:30:00Z,90,2,0,0,0,1,0,11,21.4,16.4,14.0,5.2,0.28,0.02,0.3,1.09,1,62
2024-25,31,304,17,Bukayo Saka,MID,Arsenal,1,8,0,2025-04-05T11:30:00Z,45,1,0,0,0,1,0,5,5.0,15.0,12.0,3.2,0.14,0.21,0.35,0.83,0,104
2024-25,31,304,18,William Saliba,DEF,Arsenal,1,8,0,2025-04-05T11:30:00Z,90,2,0,0,0,1,0,16,23.8,1.8,6.0,3.2,0.0,0.03,0.03,1.09,1,64
2024-25,31,305,19,Emile Smith Rowe,MID,Fulham,9,12,1,2025-04-06T13:00:00Z,14,0,0,0,0,0,0,1,0.0,0.1,0.0,0.0,0.0,0.0,0.0,0.24,0,51
2024-25,31,304,20,Thomas Partey,MID,Arsenal,1,8,0,2025-04-05T11:30:00Z,0,0,0,0,0,0,0,0,0.0,0.0,0.0,0.0,0.0,0.0,0.0,0.0,0,49
2024-25,31,304,21,Kieran Tierney,DEF,Arsenal,1,8,0,2025-04-05T11:30:00Z,15,1,0,0,0,0,0,10,11.4,35.8,2.0,4.9,0.0,0.2,0.2,0.0,0,43
2024-25,31,304,22,Tomiyasu Takehiro,DEF,Arsenal,1,8,0,2025-04-05T11:30:00Z,0,0,0,0,0,0,0,0,0.0,0.0,0.0,0.0,0.0,0.0,0.0,0.0,0,48
2024-25,31,304,23,Leandro Trossard,MID,Arsenal,1,8,0,2025-04-05T11:30:00Z,90,9,1,0,0,1,2,28,33.0,4.3,64.0,10.1,0.32,0.02,0.34,1.09,1,68
2024-25,31,304,24,Benjamin White,DEF,Arsenal,1,8,0,2025-04-05T11:30:00Z,60,2,0,0,0,1,0,6,11.0,11.6,14.0,3.7,0.19,0.11,0.3,1.09,1,61
2024-25,31,304,25,Oleksandr Zinchenko,DEF,Arsenal,1,8,0,2025-04-05T11:30:00Z,0,0,0,0,0,0,0,0,0.0,0.0,0.0,0.0,0.0,0.0,0.0,0.0,0,48
2024-25,31,301,26,Álex Moreno Lopera,DEF,Nott'm Forest,16,2,0,2025-04-05T16:30:00Z,0,0,0,0,0,0,0,0,0.0,0.0,0.0,0.0,0.0,0.0,0.0,0.0,0,42
2024-25,31,309,27,Cameron Archer,FWD,Southampton,17,18,0,2025-04-06T13:00:00Z,72,2,0,0,0,2,0,10,1.4,1.9,7.0,1.0,0.07,0.01,0.08,1.26,1,49
2024-25,31,301,28,Leon Bailey,MID,Aston Villa,2,16,1,2025-04-05T16:30:00Z,0,0,0,0,0,0,0,0,0.0,0.0,0.0,0.0,0.0,0.0,0.0,0.0,0,62
2024-25,31,301,29,Ross Barkley,MID,Aston Villa,2,16,1,2025-04-05T16:30:00Z,0,0,0,0,0,0,0,0,0.0,0.0,0.0,0.0,0.0,0.0,0.0,0.0,0,52
2024-25,31,301,30,Enzo Barrenechea,MID,Aston Villa,2,16,1,2025-04-05T16:30:00Z,0,0,0,0,0,0,0,0,0.0,0.0,0.0,0.0,0.0,0.0,0.0,0.0,0,49
2024-25,31,301,31,Emiliano Buendía Stati,MID,Aston Villa,2,16,1,2025-04-05T16:30:00Z,0,0,0,0,0,0,0,0,0.0,0.0,0.0,0.0,0.0,0.0,0.0,0.0,0,51
2024-25,31,301,32,Matty Cash,DEF,Aston Villa,2,16,1,2025-04-05T16:30:00Z,0,0,0,0,0,0,0,0,0.0,0.0,0.0,0.0,0.0,0.0,0.0,0.0,0,44
2024-25,31,301,33,Leander Dendoncker,MID,Aston Villa,2,16,1,2025-04-05T16:30:00Z,0,0,0,0,0,0,0,0,0.0,0.0,0.0,0.0,0.0,0.0,0.0,0.0,0,45
2024-25,31,301,34,Moussa Diaby,MID,Aston Villa,2,16,1,2025-04-05T16:30:00Z,0,0,0,0,0,0,0,0,0.0,0.0,0.0,0.0,0.0,0.0,0.0,0.0,0,65
2024-25,31,301,35,Diego Carlos Santos Silva,DEF,Aston Villa,2,16,1,2025-04-05T16:30:00Z,0,0,0,0,0,0,0,0,0.0,0.0,0.0,0.0,0.0,0.0,0.0,0.0,0,45
2024-25,31,301,36,Lucas Digne,DEF,Aston Villa,2,16,1,2025-04-05T16:30:00Z,0,0,0,0,0,0,0,0,0.0,0.0,0.0,0.0,0.0,0.0,0.0,0.0,0,45
2024-25,31,301,37,Lewis Dobbin,MID,Aston Villa,2,16,1,2025-04-05T16:30:00Z,0,0,0,0,0,0,0,0,0.0,0.0,0.0,0.0,0.0,0.0,0.0,0.0,0,50
2024-25,31,301,38,Jhon Durán,FWD,Aston Villa,2,16,1,2025-04-05T16:30:00Z,0,0,0,0,0,0,0,0,0.0,0.0,0.0,0.0,0.0,0.0,0.0,0.0,0,57
2024-25,31,301,39,Joe Gauci,GK,Aston Villa,2,16,1,2025-04-05T16:30:00Z,0,0,0,0,0,0,0,0,0.0,0.0,0.0,0.0,0.0,0.0,0.0,0.0,0,40
2024-25,31,301,40,Kortney Hause,DEF,Aston Villa,2,16,1,2025-04-05T16:30:00Z,0,0,0,0,0,0,0,0,0.0,0.0,0.0,0.0,0.0,0.0,0.0,0.0,0,39
2024-25,31,301,41,Samuel Iling-Junior,MID,Aston Villa,2,16,1,2025-04-05T16:30:00Z,0,0,0,0,0,0,0,0,0.0,0.0,0.0,0.0,0.0,0.0,0.0,0.0,0,54
2024-25,31,301,42,Boubacar Kamara,MID,Aston Villa,2,16,1,2025-04-05T16:30:00Z,28,1,0,0,0,0,0,4,4.2,10.7,6.0,2.1,0.09,0.02,0.11,0.41,0,50
2024-25,31,301,43,Kaine Kesler-Hayden,DEF,Aston Villa,2,16,1,2025-04-05T16:30:00Z,0,0,0,0,0,0,0,0,0.0,0.0,0.0,0.0,0.0,0.0,0.0,0.0,0,40
2024-25,31,301,44,Ezri Konsa Ngoyo,DEF,Aston Villa,2,16,1,2025-04-05T16:30:00Z,45,1,0,0,0,1,0,2,5.0,0.3,0.0,0.5,0.0,0.0,0.0,1.04,0,44
2024-25,31,301,45,Ian Maatsen,DEF,Aston Villa,2,16,1,2025-04-05T16:30:00Z,90,5,0,1,0,1,0,22,33.8,16.9,20.0,7.1,0.12,0.4,0.52,1.48,1,45
2024-25,31,301,46,Filip Marschall,GK,Aston Villa,2,16,1,2025-04-05T16:30:00Z,0,0,0,0,0,0,0,0,0.0,0.0,0.0,0.0,0.0,0.0,0.0,0.0,0,40
2024-25,31,301,47,Emiliano Martínez Romero,GK,Aston Villa,2,16,1,2025-04-05T16:30:00Z,90,1,0,0,0,1,0,12,18.2,10.0,0.0,2.8,0.0,0.0,0.0,1.48,1,50
2024-25,31,301,48,John McGinn,MID,Aston Villa,2,16,1,2025-04-05T16:30:00Z,17,1,0,0,0,0,0,8,2.6,15.0,4.0,2.2,0.0,0.17,0.17,0.24,0,52
2024-25,31,301,49,Tyrone Mings,DEF,Aston Villa,2,16,1,2025-04-05T16:30:00Z,90,2,0,0,0,1,0,11,16.4,1.3,10.0,2.8,0.1,0.01,0.11,1.48,1,44
2024-25,31,301,50,Kosta Nedeljković,DEF,Aston Villa,2,16,1,2025-04-05T16:30:00Z,0,0,0,0,0,0,0,0,0.0,0.0,0.0,0.0,0.0,0.0,0.0,0.0,0,39
2024-25,31,301,51,Robin Olsen,GK,Aston Villa,2,16,1,2025-04-05T16:30:00Z,0,0,0,0,0,0,0,0,0.0,0.0,0.0,0.0,0.0,0.0,0.0,0.0,0,45
2024-25,31,301,52,Pau Torres,DEF,Aston Villa,2,16,1,2025-04-05T16:30:00Z,0,0,0,0,0,0,0,0,0.0,0.0,0.0,0.0,0.0,0.0,0.0,0.0,0,42
2024-25,31,301,53,Jacob Ramsey,MID,Aston Villa,2,16,1,2025-04-05T16:30:00Z,28,1,0,0,0,0,0,5,7.2,32.9,8.0,4.8,0.0,0.18,0.18,0.41,0,54
2024-25,31,301,54,Morgan Rogers,MID,Aston Villa,2,16,1,2025-04-05T16:30:00Z,90,9,1,0,0,1,2,26,42.4,22.9,47.0,11.2,0.98,0.11,1.09,1.48,1,55
2024-25,31,301,55,Viljami Sinisalo,GK,Aston Villa,2,16,1,2025-04-05T16:30:00Z,0,0,0,0,0,0,0,0,0.0,0.0,0.0,0.0,0.0,0.0,0.0,0.0,0,40
2024-25,31,301,56,Lino da Cruz Sousa,DEF,Aston Villa,2,16,1,2025-04-05T16:30:00Z,0,0,0,0,0,0,0,0,0.0,0.0,0.0,0.0,0.0,0.0,0.0,0.0,0,40
2024-25,31,301,57,Youri Tielemans,MID,Aston Villa,2,16,1,2025-04-05T16:30:00Z,90,6,0,1,0,1,1,25,34.0,25.2,18.0,7.7,0.07,0.15,0.22,1.48,1,55
2024-25,31,301,58,Ollie Watkins,FWD,Aston Villa,2,16,1,2025-04-05T16:30:00Z,61,2,0,0,0,1,0,6,0.0,0.6,0.0,0.0,0.0,0.0,0.0,1.07,1,89
2024-25,31,310,59,Max Aarons,DEF,Bournemouth,3,19,0,2025-04-05T14:00:00Z,0,0,0,0,0,0,0,0,0.0,0.0,0.0,0.0,0.0,0.0,0.0,0.0,0,43
2024-25,31,310,60,Tyler Adams,MID,Bournemouth,3,19,0,2025-04-05T14:00:00Z,90,2,0,0,0,2,0,9,10.4,2.6,0.0,1.3,0.0,0.01,0.01,0.69,1,49
2024-25,31,310,61,Jaidon Anthony,MID,Bournemouth,3,19,0,2025-04-05T14:00:00Z,0,0,0,0,0,0,0,0,0.0,0.0,0.0,0.0,0.0,0.0,0.0,0.0,0,45
2024-25,31,310,62,David Brooks,MID,Bournemouth,3,19,0,2025-04-05T14:00:00Z,23,1,0,0,0,1,0,9,7.4,24.5,2.0,3.4,0.0,0.13,0.13,0.34,0,49
2024-25,31,310,63,Ryan Christie,MID,Bournemouth,3,19,0,2025-04-05T14:00:00Z,0,0,0,0,0,0,0,0,0.0,0.0,0.0,0.0,0.0,0.0,0.0,0.0,0,49
2024-25,31,310,64,Lewis Cook,MID,Bournemouth,3,19,0,2025-04-05T14:00:00Z,90,1,0,0,0,2,0,9,14.4,27.7,0.0,4.2,0.0,0.27,0.27,0.69,1,50
2024-25,31,310,65,Enes Ünal,FWD,Bournemouth,3,19,0,2025-04-05T14:00:00Z,0,0,0,0,0,0,0,0,0.0,0.0,0.0,0.0,0.0,0.0,0.0,0.0,0,54
2024-25,31,310,66,Romain Faivre,MID,Bournemouth,3,19,0,2025-04-05T14:00:00Z,0,0,0,0,0,0,0,0,0.0,0.0,0.0,0.0,0.0,0.0,0.0,0.0,0,50
2024-25,31,310,67,Hamed Traorè,MID,Bournemouth,3,19,0,2025-04-05T14:00:00Z,0,0,0,0,0,0,0,0,0.0,0.0,0.0,0.0,0.0,0.0,0.0,0.0,0,45
2024-25,31,310,68,James Hill,DEF,Bournemouth,3,19,0,2025-04-05T14:00:00Z,23,1,0,0,0,1,0,5,9.8,10.8,0.0,2.1,0.0,0.01,0.01,0.34,0,39
2024-25,31,310,69,Daniel Jebbison,FWD,Bournemouth,3,19,0,2025-04-05T14:00:00Z,1,1,0,0,0,0,0,4,1.0,0.3,0.0,0.1,0.0,0.0,0.0,0.0,0,45
2024-25,31,310,70,Milos Kerkez,DEF,Bournemouth,3,19,0,2025-04-05T14:00:00Z,90,1,0,0,0,2,0,2,16.0,2.3,2.0,2.0,0.0,0.01,0.01,0.69,1,53
2024-25,31,310,71,Justin Kluivert,MID,Bournemouth,3,19,0,2025-04-05T14:00:00Z,0,0,0,0,0,0,0,0,0.0,0.0,0.0,0.0,0.0,0.0,0.0,0.0,0,62
2024-25,31,310,72,Chris Mepham,DEF,Bournemouth,3,19,0,2025-04-05T14:00:00Z,0,0,0,0,0,0,0,0,0.0,0.0,0.0,0.0,0.0,0.0,0.0,0.0,0,44
2024-25,31,304,73,Norberto Murara Neto,GK,Arsenal,1,8,0,2025-04-05T11:30:00Z,0,0,0,0,0,0,0,0,0.0,0.0,0.0,0.0,0.0,0.0,0.0,0.0,0,41
2024-25,31,310,74,Dango Ouattara,MID,Bournemouth,3,19,0,2025-04-05T14:00:00Z,77,2,0,0,0,2,0,9,11.4,18.3,13.0,4.3,0.03,0.21,0.24,0.53,1,49
2024-25,31,310,75,Alex Paulsen,GK,Bournemouth,3,19,0,2025-04-05T14:00:00Z,0,0,0,0,0,0,0,0,0.0,0.0,0.0,0.0,0.0,0.0,0.0,0.0,0,40
2024-25,31,310,76,Philip Billing,MID,Bournemouth,3,19,0,2025-04-05T14:00:00Z,0,0,0,0,0,0,0,0,0.0,0.0,0.0,0.0,0.0,0.0,0.0,0.0,0,48
2024-25,31,310,77,Alex Scott,MID,Bournemouth,3,19,0,2025-04-05T14:00:00Z,66,2,0,0,0,1,0,7,2.6,1.8,0.0,0.4,0.0,0.0,0.0,0.35,1,47
2024-25,31,310,78,Antoine Semenyo,MID,Bournemouth,3,19,0,2025-04-05T14:00:00Z,90,6,0,1,0,2,1,29,16.0,15.4,37.0,6.8,0.19,0.06,0.25,0.69,1,57
2024-25,31,310,79,Marcos Senesi,DEF,Bournemouth,3,19,0,2025-04-05T14:00:00Z,13,1,0,0,0,0,0,6,12.2,0.1,0.0,1.2,0.0,0.0,0.0,0.16,0,46
2024-25,31,310,80,Luis Sinisterra,MID,Bournemouth,3,19,0,2025-04-05T14:00:00Z,0,0,0,0,0,0,0,0,0.0,0.0,0.0,0.0,0.0,0.0,0.0,0.0,0,48
2024-25,31,310,81,Adam Smith,DEF,Bournemouth,3,19,0,2025-04-05T14:00:00Z,66,1,0,0,0,1,0,-5,0.0,10.8,0.0,0.9,0.0,0.01,0.01,0.35,1,44
2024-25,31,309,82,Dominic Solanke-Mitchell,FWD,Spurs,18,17,1,2025-04-06T13:00:00Z,86,2,0,0,1,0,0,9,10.6,12.1,20.0,4.3,0.22,0.01,0.23,0.71,1,73
2024-25,31,310,83,Marcus Tavernier,MID,Bournemouth,3,19,0,2025-04-05T14:00:00Z,0,0,0,0,0,0,0,0,0.0,0.0,0.0,0.0,0.0,0.0,0.0,0.0,0,54
2024-25,31,310,84,Mark Travers,GK,Bournemouth,3,19,0,2025-04-05T14:00:00Z,0,0,0,0,0,0,0,0,0.0,0.0,0.0,0.0,0.0,0.0,0.0,0.0,0,44
2024-25,31,310,85,Illia Zabarnyi,DEF,Bournemouth,3,19,0,2025-04-05T14:00:00Z,77,1,0,0,0,2,0,2,6.4,0.4,7.0,1.4,0.17,0.04,0.21,0.53,1,44
2024-25,31,302,86,Kristoffer Ajer,DEF,Brentford,4,6,1,2025-04-06T13:00:00Z,82,6,0,0,1,0,0,19,8.0,0.6,0.0,0.9,0.0,0.01,0.01,1.03,1,44
2024-25,31,302,87,Ethan Brierley,MID,Brentford,4,6,1,2025-04-06T13:00:00Z,0,0,0,0,0,0,0,0,0.0,0.0,0.0,0.0,0.0,0.0,0.0,0.0,0,44
2024-25,31,302,88,Nathan Collins,DEF,Brentford,4,6,1,2025-04-06T13:00:00Z,90,7,0,0,1,0,1,28,22.8,0.3,2.0,2.5,0.0,0.0,0.0,1.23,1,45
2024-25,31,302,89,Mikkel Damsgaard,MID,Brentford,4,6,1,2025-04-06T13:00:00Z,82,3,0,0,1,0,0,3,10.4,15.7,9.0,3.5,0.14,0.26,0.4,1.03,1,51
2024-25,31,302,90,Josh Dasilva,MID,Brentford,4,6,1,2025-04-06T13:00:00Z,0,0,0,0,0,0,0,0,0.0,0.0,0.0,0.0,0.0,0.0,0.0,0.0,0,48
2024-25,31,302,91,Mark Flekken,GK,Brentford,4,6,1,2025-04-06T13:00:00Z,90,10,0,0,1,0,2,33,42.4,0.0,0.0,4.2,0.0,0.0,0.0,1.23,1,44
2024-25,31,302,92,Rico Henry,DEF,Brentford,4,6,1,2025-04-06T13:00:00Z,0,0,0,0,0,0,0,0,0.0,0.0,0.0,0.0,0.0,0.0,0.0,0.0,0,43
2024-25,31,302,93,Aaron Hickey,DEF,Brentford,4,6,1,2025-04-06T13:00:00Z,0,0,0,0,0,0,0,0,0.0,0.0,0.0,0.0,0.0,0.0,0.0,0.0,0,43
2024-25,31,302,94,Vitaly Janelt,MID,Brentford,4,6,1,2025-04-06T13:00:00Z,24,1,0,0,0,0,0,4,8.8,1.3,0.0,1.0,0.0,0.0,0.0,0.5,0,48
2024-25,31,302,95,Mathias Jensen,MID,Brentford,4,6,1,2025-04-06T13:00:00Z,7,1,0,0,0,0,0,4,1.4,4.2,0.0,0.6,0.0,0.03,0.03,0.21,0,53
2024-25,31,302,96,Kim Ji-soo,DEF,Brentford,4,6,1,2025-04-06T13:00:00Z,0,0,0,0,0,0,0,0,0.0,0.0,0.0,0.0,0.0,0.0,0.0,0.0,0,39
2024-25,31,302,97,Yunus Emre Konak,MID,Brentford,4,6,1,2025-04-06T13:00:00Z,0,0,0,0,0,0,0,0,0.0,0.0,0.0,0.0,0.0,0.0,0.0,0.0,0,44
2024-25,31,302,98,Keane Lewis-Potter,MID,Brentford,4,6,1,2025-04-06T13:00:00Z,90,3,0,0,1,0,0,22,27.6,20.0,19.0,6.7,0.07,0.46,0.53,1.23,1,50
2024-25,31,302,99,Bryan Mbeumo,MID,Brentford,4,6,1,2025-04-06T13:00:00Z,90,3,0,0,1,0,0,13,4.8,25.9,27.0,5.8,0.13,0.5,0.63,1.23,1,81
2024-25,31,302,100,Ben Mee,DEF,Brentford,4,6,1,2025-04-06T13:00:00Z,0,0,0,0,0,0,0,0,0.0,0.0,0.0,0.0,0.0,0.0,0.0,0.0,0,42
2024-25,31,302,101,Christian Nørgaard,MID,Brentford,4,6,1,2025-04-06T13:00:00Z,90,3,0,0,1,0,0,10,24.2,2.8,0.0,2.7,0.0,0.03,0.03,1.23,1,48
2024-25,31,302,102,Frank Onyeka,MID,Brentford,4,6,1,2025-04-06T13:00:00Z,0,0,0,0,0,0,0,0,0.0,0.0,0.0,0.0,0.0,0.0,0.0,0.0,0,49
2024-25,31,302,103,Myles Peart-Harris,MID,Brentford,4,6,1,2025-04-06T13:00:00Z,0,0,0,0,0,0,0,0,0.0,0.0,0.0,0.0,0.0,0.0,0.0,0.0,0,45
2024-25,31,302,104,Ethan Pinnock,DEF,Brentford,4,6,1,2025-04-06T13:00:00Z,0,0,0,0,0,0,0,0,0.0,0.0,0.0,0.0,0.0,0.0,0.0,0.0,0,44
2024-25,31,302,105,Mads Roerslev Rasmussen,DEF,Brentford,4,6,1,2025-04-06T13:00:00Z,0,0,0,0,0,0,0,0,0.0,0.0,0.0,0.0,0.0,0.0,0.0,0.0,0,43
2024-25,31,302,106,Kevin Schade,MID,Brentford,4,6,1,2025-04-06T13:00:00Z,90,3,0,0,1,0,0,12,7.0,12.8,6.0,2.6,0.0,0.09,0.09,1.23,1,51
2024-25,31,302,107,Igor Thiago Nascimento Rodrigues,FWD,Brentford,4,6,1,2025-04-06T13:00:00Z,0,0,0,0,0,0,0,0,0.0,0.0,0.0,0.0,0.0,0.0,0.0,0.0,0,59
2024-25,31,302,108,Ivan Toney,FWD,Brentford,4,6,1,2025-04-06T13:00:00Z,0,0,0,0,0,0,0,0,0.0,0.0,0.0,0.0,0.0,0.0,0.0,0.0,0,73
2024-25,31,302,109,Hákon Valdimarsson,GK,Brentford,4,6,1,2025-04-06T13:00:00Z,0,0,0,0,0,0,0,0,0.0,0.0,0.0,0.0,0.0,0.0,0.0,0.0,0,39
2024-25,31,302,110,Yoane Wissa,FWD,Brentford,4,6,1,2025-04-06T13:00:00Z,90,2,0,0,1,0,0,3,11.2,34.2,28.0,7.3,0.36,0.39,0.75,1.23,1,66
2024-25,31,302,111,Yehor Yarmoliuk,MID,Brentford,4,6,1,2025-04-06T13:00:00Z,65,3,0,0,1,0,0,8,3.4,5.4,0.0,0.9,0.0,0.01,0.01,0.73,1,44
2024-25,31,302,112,Mathias Jorgensen,DEF,Brentford,4,6,1,2025-04-06T13:00:00Z,0,0,0,0,0,0,0,0,0.0,0.0,0.0,0.0,0.0,0.0,0.0,0.0,0,45
2024-25,31,303,113,Simon Adingra,MID,Brighton,5,7,0,2025-04-05T14:00:00Z,27,1,0,0,0,0,0,2,1.6,2.2,6.0,1.0,0.0,0.01,0.01,0.17,0,51
2024-25,31,303,114,Benicio Baker-Boaitey,MID,Brighton,5,7,0,2025-04-05T14:00:00Z,0,0,0,0,0,0,0,0,0.0,0.0,0.0,0.0,0.0,0.0,0.0,0.0,0,45
2024-25,31,303,115,Carlos Baleba,MID,Brighton,5,7,0,2025-04-05T14:00:00Z,90,2,0,0,0,2,0,17,16.4,4.5,8.0,2.9,0.05,0.03,0.08,0.6,1,50
2024-25,31,303,116,Valentín Barco,DEF,Brighton,5,7,0,2025-04-05T14:00:00Z,0,0,0,0,0,0,0,0,0.0,0.0,0.0,0.0,0.0,0.0,0.0,0.0,0,40
2024-25,31,307,117,Facundo Buonanotte,MID,Leicester,11,15,1,2025-04-07T19:00:00Z,45,1,0,0,0,0,0,2,4.0,22.0,6.0,3.2,0.04,0.21,0.25,0.47,0,45
2024-25,31,303,118,Amario Cozier-Duberry,MID,Brighton,5,7,0,2025-04-05T14:00:00Z,0,0,0,0,0,0,0,0,0.0,0.0,0.0,0.0,0.0,0.0,0.0,0.0,0,45
2024-25,31,303,119,Mahmoud Dahoud,MID,Brighton,5,7,0,2025-04-05T14:00:00Z,0,0,0,0,0,0,0,0,0.0,0.0,0.0,0.0,0.0,0.0,0.0,0.0,0,49
2024-25,31,303,120,Lewis Dunk,DEF,Brighton,5,7,0,2025-04-05T14:00:00Z,90,1,0,0,0,2,0,6,15.4,2.5,0.0,1.8,0.0,0.02,0.02,0.6,1,42
2024-25,31,306,121,Julio Enciso,MID,Ipswich,10,20,1,2025-04-05T14:00:00Z,90,1,0,0,0,2,0,3,6.6,12.2,4.0,2.3,0.0,0.02,0.02,2.71,1,54
2024-25,31,303,122,Pervis Estupiñán,DEF,Brighton,5,7,0,2025-04-05T14:00:00Z,80,1,0,0,0,2,0,4,1.8,2.6,7.0,1.1,0.07,0.02,0.09,0.54,1,49
2024-25,31,310,123,Evan Ferguson,FWD,West Ham,19,3,1,2025-04-05T14:00:00Z,0,0,0,0,0,0,0,0,0.0,0.0,0.0,0.0,0.0,0.0,0.0,0.0,0,55
2024-25,31,303,124,Billy Gilmour,MID,Brighton,5,7,0,2025-04-05T14:00:00Z,0,0,0,0,0,0,0,0,0.0,0.0,0.0,0.0,0.0,0.0,0.0,0.0,0,50
2024-25,31,303,125,Pascal Groß,MID,Brighton,5,7,0,2025-04-05T14:00:00Z,0,0,0,0,0,0,0,0,0.0,0.0,0.0,0.0,0.0,0.0,0.0,0.0,0,65
2024-25,31,303,126,Jack Hinshelwood,MID,Brighton,5,7,0,2025-04-05T14:00:00Z,90,2,0,0,0,2,0,13,13.2,3.3,19.0,3.6,0.02,0.02,0.04,0.57,1,49
2024-25,31,303,127,Ibrahim Osman,MID,Brighton,5,7,0,2025-04-05T14:00:00Z,0,0,0,0,0,0,0,0,0.0,0.0,0.0,0.0,0.0,0.0,0.0,0.0,0,50
2024-25,31,303,128,Igor Julio dos Santos de Paulo,DEF,Brighton,5,7,0,2025-04-05T14:00:00Z,0,0,0,0,0,0,0,0,0.0,0.0,0.0,0.0,0.0,0.0,0.0,0.0,0,43
2024-25,31,303,129,João Pedro Junqueira de Jesus,FWD,Brighton,5,7,0,2025-04-05T14:00:00Z,27,1,0,0,0,0,0,2,1.6,14.8,2.0,1.8,0.0,0.03,0.03,0.17,0,56
2024-25,31,303,130,Kacper Kozłowski,MID,Brighton,5,7,0,2025-04-05T14:00:00Z,0,0,0,0,0,0,0,0,0.0,0.0,0.0,0.0,0.0,0.0,0.0,0.0,0,45
2024-25,31,303,131,Tariq Lamptey,DEF,Brighton,5,7,0,2025-04-05T14:00:00Z,0,0,0,0,0,0,0,0,0.0,0.0,0.0,0.0,0.0,0.0,0.0,0.0,0,44
2024-25,31,303,132,Solly March,MID,Brighton,5,7,0,2025-04-05T14:00:00Z,18,0,0,0,0,0,0,1,6.0,19.8,0.0,2.6,0.0,0.12,0.12,0.06,0,65
2024-25,31,303,133,Adrian Mazilu,MID,Brighton,5,7,0,2025-04-05T14:00:00Z,0,0,0,0,0,0,0,0,0.0,0.0,0.0,0.0,0.0,0.0,0.0,0.0,0,45
2024-25,31,303,134,James Milner,MID,Brighton,5,7,0,2025-04-05T14:00:00Z,0,0,0,0,0,0,0,0,0.0,0.0,0.0,0.0,0.0,0.0,0.0,0.0,0,50
2024-25,31,303,135,Yankuba Minteh,MID,Brighton,5,7,0,2025-04-05T14:00:00Z,71,5,0,1,0,2,0,18,25.4,16.3,6.0,4.8,0.0,0.32,0.32,0.54,1,51
2024-25,31,303,136,Mitoma Kaoru,MID,Brighton,5,7,0,2025-04-05T14:00:00Z,62,2,0,0,0,2,0,8,2.6,17.1,6.0,2.6,0.03,0.01,0.04,0.44,1,65
2024-25,31,303,137,Jakub Moder,MID,Brighton,5,7,0,2025-04-05T14:00:00Z,0,0,0,0,0,0,0,0,0.0,0.0,0.0,0.0,0.0,0.0,0.0,0.0,0,44
2024-25,31,303,138,Mark O’Mahony,FWD,Brighton,5,7,0,2025-04-05T14:00:00Z,0,0,0,0,0,0,0,0,0.0,0.0,0.0,0.0,0.0,0.0,0.0,0.0,0,45
2024-25,31,303,139,Odeluga Offiah,DEF,Brighton,5,7,0,2025-04-05T14:00:00Z,0,0,0,0,0,0,0,0,0.0,0.0,0.0,0.0,0.0,0.0,0.0,0.0,0,40
2024-25,31,303,140,Cameron Peupion,MID,Brighton,5,7,0,2025-04-05T14:00:00Z,0,0,0,0,0,0,0,0,0.0,0.0,0.0,0.0,0.0,0.0,0.0,0.0,0,44
2024-25,31,303,141,Jeremy Sarmiento Morante,MID,Brighton,5,7,0,2025-04-05T14:00:00Z,0,0,0,0,0,0,0,0,0.0,0.0,0.0,0.0,0.0,0.0,0.0,0.0,0,49
2024-25,31,303,142,Jason Steele,GK,Brighton,5,7,0,2025-04-05T14:00:00Z,0,0,0,0,0,0,0,0,0.0,0.0,0.0,0.0,0.0,0.0,0.0,0.0,0,41
2024-25,31,303,143,Deniz Undav,FWD,Brighton,5,7,0,2025-04-05T14:00:00Z,0,0,0,0,0,0,0,0,0.0,0.0,0.0,0.0,0.0,0.0,0.0,0.0,0,55
2024-25,31,303,144,Jan Paul van Hecke,DEF,Brighton,5,7,0,2025-04-05T14:00:00Z,90,-2,0,0,0,2,0,-3,17.6,13.3,2.0,3.3,0.0,0.08,0.08,0.57,1,45
2024-25,31,303,145,Joël Veltman,DEF,Brighton,5,7,0,2025-04-05T14:00:00Z,0,0,0,0,0,0,0,0,0.0,0.0,0.0,0.0,0.0,0.0,0.0,0.0,0,43
2024-25,31,303,146,Bart Verbruggen,GK,Brighton,5,7,0,2025-04-05T14:00:00Z,90,1,0,0,0,2,0,4,16.2,0.0,0.0,1.6,0.0,0.0,0.0,0.6,1,45
2024-25,31,303,147,Adam Webster,DEF,Brighton,5,7,0,2025-04-05T14:00:00Z,0,0,0,0,0,0,0,0,0.0,0.0,0.0,0.0,0.0,0.0,0.0,0.0,0,43
2024-25,31,303,148,Danny Welbeck,FWD,Brighton,5,7,0,2025-04-05T14:00:00Z,90,9,1,0,0,2,3,34,40.2,2.4,52.0,9.5,0.53,0.01,0.54,0.6,1,55
2024-25,31,303,149,Mats Wieffer,MID,Brighton,5,7,0,2025-04-05T14:00:00Z,1,1,0,0,0,0,0,4,2.2,10.3,4.0,1.7,0.07,0.14,0.21,0.03,0,47
2024-25,31,302,150,Andrey Nascimento dos Santos,MID,Chelsea,6,4,0,2025-04-06T13:00:00Z,0,0,0,0,0,0,0,0,0.0,0.0,0.0,0.0,0.0,0.0,0.0,0.0,0,45
2024-25,31,302,151,Ângelo Gabriel Borges Damaceno,MID,Chelsea,6,4,0,2025-04-06T13:00:00Z,0,0,0,0,0,0,0,0,0.0,0.0,0.0,0.0,0.0,0.0,0.0,0.0,0,45
2024-25,31,310,152,Kepa Arrizabalaga,GK,Bournemouth,3,19,0,2025-04-05T14:00:00Z,90,1,0,0,0,2,0,6,12.4,0.2,0.0,1.3,0.0,0.01,0.01,0.69,1,46
2024-25,31,302,153,Benoît Badiashile,DEF,Chelsea,6,4,0,2025-04-06T13:00:00Z,0,0,0,0,0,0,0,0,0.0,0.0,0.0,0.0,0.0,0.0,0.0,0.0,0,42
2024-25,31,302,154,Lucas Bergström,GK,Chelsea,6,4,0,2025-04-06T13:00:00Z,0,0,0,0,0,0,0,0,0.0,0.0,0.0,0.0,0.0,0.0,0.0,0.0,0,39
2024-25,31,302,155,Marcus Bettinelli,GK,Chelsea,6,4,0,2025-04-06T13:00:00Z,0,0,0,0,0,0,0,0,0.0,0.0,0.0,0.0,0.0,0.0,0.0,0.0,0,39
2024-25,31,304,156,Armando Broja,FWD,Everton,8,1,1,2025-04-05T11:30:00Z,25,1,0,0,0,0,0,-1,1.0,0.4,0.0,0.1,0.0,0.0,0.0,0.53,0,53
2024-25,31,302,157,Moisés Caicedo Corozo,MID,Chelsea,6,4,0,2025-04-06T13:00:00Z,90,3,0,0,1,0,0,19,24.4,38.3,2.0,6.5,0.0,0.09,0.09,1.18,1,49
2024-25,31,302,158,Cesare Casadei,MID,Chelsea,6,4,0,2025-04-06T13:00:00Z,0,0,0,0,0,0,0,0,0.0,0.0,0.0,0.0,0.0,0.0,0.0,0.0,0,44
2024-25,31,302,159,Trevoh Chalobah,DEF,Chelsea,6,4,0,2025-04-06T13:00:00Z,90,6,0,0,1,0,0,21,11.6,10.9,4.0,2.7,0.02,0.0,0.02,1.18,1,44
2024-25,31,303,160,Ben Chilwell,DEF,Crystal Palace,7,5,1,2025-04-05T14:00:00Z,27,1,0,0,0,0,0,3,7.2,0.0,1.0,0.8,0.03,0.0,0.03,0.36,0,46
2024-25,31,302,161,Carney Chukwuemeka,MID,Chelsea,6,4,0,2025-04-06T13:00:00Z,0,0,0,0,0,0,0,0,0.0,0.0,0.0,0.0,0.0,0.0,0.0,0.0,0,47
2024-25,31,302,162,Levi Colwill,DEF,Chelsea,6,4,0,2025-04-06T13:00:00Z,0,0,0,0,0,0,0,0,0.0,0.0,0.0,0.0,0.0,0.0,0.0,0.0,0,44
2024-25,31,302,163,Marc Cucurella Saseta,DEF,Chelsea,6,4,0,2025-04-06T13:00:00Z,13,1,0,0,0,0,0,2,1.2,10.3,0.0,1.2,0.0,0.0,0.0,0.66,0,53
2024-25,31,302,164,David Datro Fofana,FWD,Chelsea,6,4,0,2025-04-06T13:00:00Z,0,0,0,0,0,0,0,0,0.0,0.0,0.0,0.0,0.0,0.0,0.0,0.0,0,54
2024-25,31,302,165,Deivid Washington de Souza Eugênio,FWD,Chelsea,6,4,0,2025-04-06T13:00:00Z,0,0,0,0,0,0,0,0,0.0,0.0,0.0,0.0,0.0,0.0,0.0,0.0,0,49
2024-25,31,302,166,Kiernan Dewsbury-Hall,MID,Chelsea,6,4,0,2025-04-06T13:00:00Z,58,1,0,0,0,0,0,10,13.2,11.4,2.0,2.7,0.0,0.02,0.02,0.53,1,55
2024-25,31,301,167,Axel Disasi,DEF,Aston Villa,2,16,1,2025-04-05T16:30:00Z,90,2,0,0,0,1,0,15,12.4,11.3,1.0,2.5,0.01,0.01,0.02,1.48,1,42
2024-25,31,302,168,Enzo Fernández,MID,Chelsea,6,4,0,2025-04-06T13:00:00Z,90,2,0,0,1,0,0,14,12.4,47.9,14.0,7.4,0.17,0.07,0.24,1.18,1,47
2024-25,31,302,169,Conor Gallagher,MID,Chelsea,6,4,0,2025-04-06T13:00:00Z,0,0,0,0,0,0,0,0,0.0,0.0,0.0,0.0,0.0,0.0,0.0,0.0,0,59
2024-25,31,302,170,Alfie Gilchrist,DEF,Chelsea,6,4,0,2025-04-06T13:00:00Z,0,0,0,0,0,0,0,0,0.0,0.0,0.0,0.0,0.0,0.0,0.0,0.0,0,40
2024-25,31,302,171,Malo Gusto,DEF,Chelsea,6,4,0,2025-04-06T13:00:00Z,90,5,0,0,1,0,0,23,12.0,21.3,3.0,3.6,0.01,0.08,0.09,1.18,1,49
2024-25,31,302,172,Reece James,DEF,Chelsea,6,4,0,2025-04-06T13:00:00Z,76,9,0,0,1,0,3,40,17.8,29.8,21.0,6.9,0.06,0.24,0.3,0.53,1,48
2024-25,31,302,173,Omari Kellyman,MID,Chelsea,6,4,0,2025-04-06T13:00:00Z,0,0,0,0,0,0,0,0,0.0,0.0,0.0,0.0,0.0,0.0,0.0,0.0,0,43
2024-25,31,302,174,Roméo Lavia,MID,Chelsea,6,4,0,2025-04-06T13:00:00Z,0,0,0,0,0,0,0,0,0.0,0.0,0.0,0.0,0.0,0.0,0.0,0.0,0,45
2024-25,31,302,175,Romelu Lukaku Bolingoli,FWD,Chelsea,6,4,0,2025-04-06T13:00:00Z,0,0,0,0,0,0,0,0,0.0,0.0,0.0,0.0,0.0,0.0,0.0,0.0,0,63
2024-25,31,302,176,Malang Sarr,DEF,Chelsea,6,4,0,2025-04-06T13:00:00Z,0,0,0,0,0,0,0,0,0.0,0.0,0.0,0.0,0.0,0.0,0.0,0.0,0,45
2024-25,31,302,177,Noni Madueke,MID,Chelsea,6,4,0,2025-04-06T13:00:00Z,58,1,0,0,0,0,0,3,1.8,2.3,19.0,2.3,0.07,0.01,0.08,0.53,1,60
2024-25,31,302,178,Marc Guiu Paz,FWD,Chelsea,6,4,0,2025-04-06T13:00:00Z,0,0,0,0,0,0,0,0,0.0,0.0,0.0,0.0,0.0,0.0,0.0,0.0,0,47
2024-25,31,302,179,Mykhailo Mudryk,MID,Chelsea,6,4,0,2025-04-06T13:00:00Z,0,0,0,0,0,0,0,0,0.0,0.0,0.0,0.0,0.0,0.0,0.0,0.0,0,61
2024-25,31,302,180,Nicolas Jackson,FWD,Chelsea,6,4,0,2025-04-06T13:00:00Z,45,1,0,0,0,0,0,1,1.2,22.5,13.0,3.7,0.19,0.02,0.21,0.66,0,77
2024-25,31,302,181,Christopher Nkunku,MID,Chelsea,6,4,0,2025-04-06T13:00:00Z,45,1,0,0,0,0,0,-6,0.0,2.7,11.0,1.2,0.16,0.01,0.17,0.53,1,57
2024-25,31,302,182,Cole Palmer,MID,Chelsea,6,4,0,2025-04-06T13:00:00Z,31,1,0,0,0,0,0,1,0.0,5.1,13.0,1.6,0.2,0.03,0.23,0.66,0,107
2024-25,31,302,183,Đorđe Petrović,GK,Chelsea,6,4,0,2025-04-06T13:00:00Z,0,0,0,0,0,0,0,0,0.0,0.0,0.0,0.0,0.0,0.0,0.0,0.0,0,44
2024-25,31,302,184,Renato Palma Veiga,MID,Chelsea,6,4,0,2025-04-06T13:00:00Z,0,0,0,0,0,0,0,0,0.0,0.0,0.0,0.0,0.0,0.0,0.0,0.0,0,44
2024-25,31,302,185,Robert Sánchez,GK,Chelsea,6,4,0,2025-04-06T13:00:00Z,90,6,0,0,1,0,0,26,22.4,0.0,0.0,2.2,0.0,0.01,0.01,1.18,1,45
2024-25,31,304,186,Raheem Sterling,MID,Arsenal,1,8,0,2025-04-05T11:30:00Z,45,4,0,1,0,0,0,10,18.0,11.7,9.0,3.9,0.28,0.01,0.29,0.26,1,67
2024-25,31,302,187,Tosin Adarabioyo,DEF,Chelsea,6,4,0,2025-04-06T13:00:00Z,90,5,0,0,1,0,0,23,14.8,1.5,4.0,2.0,0.05,0.04,0.09,1.18,1,42
2024-25,31,309,188,Lesley Ugochukwu,MID,Southampton,17,18,0,2025-04-06T13:00:00Z,82,1,0,0,0,2,0,3,0.0,18.1,6.0,2.3,0.35,0.02,0.37,1.28,1,44
2024-25,31,302,189,Wesley Fofana,DEF,Chelsea,6,4,0,2025-04-06T13:00:00Z,0,0,0,0,0,0,0,0,0.0,0.0,0.0,0.0,0.0,0.0,0.0,0.0,0,43
2024-25,31,303,190,Naouirou Ahamada,MID,Crystal Palace,7,5,1,2025-04-05T14:00:00Z,0,0,0,0,0,0,0,0,0.0,0.0,0.0,0.0,0.0,0.0,0.0,0.0,0,45
2024-25,31,305,191,Joachim Andersen,DEF,Fulham,9,12,1,2025-04-06T13:00:00Z,90,1,0,0,0,2,0,8,33.4,0.6,0.0,3.4,0.0,0.01,0.01,1.5,1,42
2024-25,31,307,192,Jordan Ayew,MID,Leicester,11,15,1,2025-04-07T19:00:00Z,0,0,0,0,0,0,0,0,0.0,0.0,0.0,0.0,0.0,0.0,0.0,0.0,0,51
2024-25,31,303,193,Cheick Doucouré,MID,Crystal Palace,7,5,1,2025-04-05T14:00:00Z,0,0,0,0,0,0,0,0,0.0,0.0,0.0,0.0,0.0,0.0,0.0,0.0,0,48
2024-25,31,303,194,Chris Richards,DEF,Crystal Palace,7,5,1,2025-04-05T14:00:00Z,0,0,0,0,0,0,0,0,0.0,0.0,0.0,0.0,0.0,0.0,0.0,0.0,0,44
2024-25,31,303,195,Chadi Riad Dnanou,DEF,Crystal Palace,7,5,1,2025-04-05T14:00:00Z,0,0,0,0,0,0,0,0,0.0,0.0,0.0,0.0,0.0,0.0,0.0,0.0,0,43
2024-25,31,303,196,Nathaniel Clyne,DEF,Crystal Palace,7,5,1,2025-04-05T14:00:00Z,0,0,0,0,0,0,0,0,0.0,0.0,0.0,0.0,0.0,0.0,0.0,0.0,0,43
2024-25,31,303,197,Malcolm Ebiowei,MID,Crystal Palace,7,5,1,2025-04-05T14:00:00Z,0,0,0,0,0,0,0,0,0.0,0.0,0.0,0.0,0.0,0.0,0.0,0.0,0,45
2024-25,31,307,198,Odsonne Edouard,FWD,Leicester,11,15,1,2025-04-07T19:00:00Z,0,0,0,0,0,0,0,0,0.0,0.0,0.0,0.0,0.0,0.0,0.0,0.0,0,51
2024-25,31,303,199,Eberechi Eze,MID,Crystal Palace,7,5,1,2025-04-05T14:00:00Z,81,9,0,2,0,1,1,30,43.0,21.6,19.0,8.4,0.08,0.02,0.1,0.66,1,68
2024-25,31,303,200,Marc Guéhi,DEF,Crystal Palace,7,5,1,2025-04-05T14:00:00Z,89,-1,0,0,0,1,0,-1,16.0,11.4,0.0,2.7,0.0,0.01,0.01,0.66,1,47
2024-25,31,303,201,Dean Henderson,GK,Crystal Palace,7,5,1,2025-04-05T14:00:00Z,90,3,0,0,0,1,0,16,37.2,10.0,0.0,4.7,0.0,0.0,0.0,1.0,1,46
2024-25,31,303,202,Rob Holding,DEF,Crystal Palace,7,5,1,2025-04-05T14:00:00Z,0,0,0,0,0,0,0,0,0.0,0.0,0.0,0.0,0.0,0.0,0.0,0.0,0,42
2024-25,31,303,203,Will Hughes,MID,Crystal Palace,7,5,1,2025-04-05T14:00:00Z,8,1,0,0,0,0,0,4,2.4,0.1,0.0,0.3,0.0,0.0,0.0,0.35,0,49
2024-25,31,306,204,Sam Johnstone,GK,Wolves,20,10,0,2025-04-05T14:00:00Z,0,0,0,0,0,0,0,0,0.0,0.0,0.0,0.0,0.0,0.0,0.0,0.0,0,42
2024-25,31,303,205,Daichi Kamada,MID,Crystal Palace,7,5,1,2025-04-05T14:00:00Z,90,2,0,0,0,1,0,19,14.0,1.9,0.0,1.6,0.0,0.01,0.01,1.0,1,51
2024-25,31,303,206,Jefferson Lerma Solís,MID,Crystal Palace,7,5,1,2025-04-05T14:00:00Z,90,2,0,0,0,1,0,19,23.6,0.9,0.0,2.5,0.0,0.02,0.02,1.0,1,48
2024-25,31,303,207,Jean-Philippe Mateta,FWD,Crystal Palace,7,5,1,2025-04-05T14:00:00Z,67,8,1,0,0,1,2,31,37.2,1.3,17.0,5.6,0.1,0.0,0.1,0.64,1,77
2024-25,31,303,208,Matheus França de Oliveira,MID,Crystal Palace,7,5,1,2025-04-05T14:00:00Z,0,0,0,0,0,0,0,0,0.0,0.0,0.0,0.0,0.0,0.0,0.0,0.0,0,44
2024-25,31,303,209,Remi Matthews,GK,Crystal Palace,7,5,1,2025-04-05T14:00:00Z,0,0,0,0,0,0,0,0,0.0,0.0,0.0,0.0,0.0,0.0,0.0,0.0,0,39
2024-25,31,303,210,Tyrick Mitchell,DEF,Crystal Palace,7,5,1,2025-04-05T14:00:00Z,62,2,0,0,0,1,0,5,7.6,0.3,2.0,1.0,0.0,0.0,0.0,0.64,1,48
2024-25,31,303,211,Daniel Muñoz,DEF,Crystal Palace,7,5,1,2025-04-05T14:00:00Z,90,8,1,0,0,1,0,18,44.8,11.8,21.0,7.8,0.05,0.01,0.06,1.0,1,52
2024-25,31,303,212,David Ozoh,MID,Crystal Palace,7,5,1,2025-04-05T14:00:00Z,0,0,0,0,0,0,0,0,0.0,0.0,0.0,0.0,0.0,0.0,0.0,0.0,0,45
2024-25,31,303,213,Jesurun Rak-Sakyi,MID,Crystal Palace,7,5,1,2025-04-05T14:00:00Z,0,0,0,0,0,0,0,0,0.0,0.0,0.0,0.0,0.0,0.0,0.0,0.0,0,45
2024-25,31,303,214,Jeffrey Schlupp,MID,Crystal Palace,7,5,1,2025-04-05T14:00:00Z,0,0,0,0,0,0,0,0,0.0,0.0,0.0,0.0,0.0,0.0,0.0,0.0,0,46
2024-25,31,303,215,Joel Ward,DEF,Crystal Palace,7,5,1,2025-04-05T14:00:00Z,1,1,0,0,0,0,0,3,0.0,0.0,0.0,0.0,0.0,0.0,0.0,0.35,0,43
2024-25,31,303,216,Adam Wharton,MID,Crystal Palace,7,5,1,2025-04-05T14:00:00Z,81,2,0,0,0,1,0,14,14.4,25.2,2.0,4.2,0.0,0.28,0.28,0.66,1,47
2024-25,31,304,217,Abdoulaye Doucouré,MID,Everton,8,1,1,2025-04-05T11:30:00Z,90,2,0,0,0,1,0,10,6.4,0.5,19.0,2.6,0.04,0.0,0.04,1.79,1,51
2024-25,31,304,218,Norberto Bercique Gomes Betuncal,FWD,Everton,8,1,1,2025-04-05T11:30:00Z,64,2,0,0,0,1,0,5,2.2,0.3,18.0,2.1,0.0,0.01,0.01,1.26,1,50
2024-25,31,304,219,Jarrad Branthwaite,DEF,Everton,8,1,1,2025-04-05T11:30:00Z,90,2,0,0,0,1,0,9,20.0,0.5,0.0,2.1,0.0,0.0,0.0,1.79,1,48
2024-25,31,304,220,Dominic Calvert-Lewin,FWD,Everton,8,1,1,2025-04-05T11:30:00Z,0,0,0,0,0,0,0,0,0.0,0.0,0.0,0.0,0.0,0.0,0.0,0.0,0,54
2024-25,31,304,221,Séamus Coleman,DEF,Everton,8,1,1,2025-04-05T11:30:00Z,0,0,0,0,0,0,0,0,0.0,0.0,0.0,0.0,0.0,0.0,0.0,0.0,0,43
2024-25,31,304,222,Idrissa Gueye,MID,Everton,8,1,1,2025-04-05T11:30:00Z,90,2,0,0,0,1,0,7,17.8,32.1,2.0,5.2,0.0,0.03,0.03,1.79,1,48
2024-25,31,304,223,James Garner,MID,Everton,8,1,1,2025-04-05T11:30:00Z,25,1,0,0,0,0,0,4,1.0,0.0,0.0,0.1,0.0,0.0,0.0,0.53,0,49
2024-25,31,304,224,Jack Harrison,MID,Everton,8,1,1,2025-04-05T11:30:00Z,86,6,0,1,0,1,1,25,16.2,18.8,2.0,3.7,0.0,0.3,0.3,1.72,1,52
2024-25,31,304,225,Mason Holgate,DEF,Everton,8,1,1,2025-04-05T11:30:00Z,0,0,0,0,0,0,0,0,0.0,0.0,0.0,0.0,0.0,0.0,0.0,0.0,0,40
2024-25,31,304,226,Tim Iroegbunam,MID,Everton,8,1,1,2025-04-05T11:30:00Z,64,2,0,0,0,1,0,3,9.6,0.6,0.0,1.0,0.0,0.0,0.0,1.26,1,43
2024-25,31,304,227,João Neves Virgínia,GK,Everton,8,1,1,2025-04-05T11:30:00Z,0,0,0,0,0,0,0,0,0.0,0.0,0.0,0.0,0.0,0.0,0.0,0.0,0,39
2024-25,31,304,228,Michael Keane,DEF,Everton,8,1,1,2025-04-05T11:30:00Z,0,0,0,0,0,0,0,0,0.0,0.0,0.0,0.0,0.0,0.0,0.0,0.0,0,38
2024-25,31,304,229,Neal Maupay,FWD,Everton,8,1,1,2025-04-05T11:30:00Z,0,0,0,0,0,0,0,0,0.0,0.0,0.0,0.0,0.0,0.0,0.0,0.0,0,49
2024-25,31,304,230,Dwight McNeil,MID,Everton,8,1,1,2025-04-05T11:30:00Z,3,1,0,0,0,0,0,3,0.0,0.0,0.0,0.0,0.0,0.0,0.0,0.07,0,51
2024-25,31,304,231,Vitalii Mykolenko,DEF,Everton,8,1,1,2025-04-05T11:30:00Z,0,0,0,0,0,0,0,0,0.0,0.0,0.0,0.0,0.0,0.0,0.0,0.0,0,44
2024-25,31,304,232,Iliman Ndiaye,FWD,Everton,8,1,1,2025-04-05T11:30:00Z,74,9,1,0,0,1,3,35,39.8,4.9,22.0,6.7,0.94,0.14,1.08,1.26,1,52
2024-25,31,301,233,Amadou Onana,MID,Aston Villa,2,16,1,2025-04-05T16:30:00Z,61,2,0,0,0,1,0,15,5.2,1.5,0.0,0.7,0.0,0.01,0.01,1.07,1,48
2024-25,31,304,234,Nathan Patterson,DEF,Everton,8,1,1,2025-04-05T11:30:00Z,74,2,0,0,0,1,0,1,2.4,1.1,2.0,0.6,0.0,0.01,0.01,1.26,1,44
2024-25,31,304,235,Jordan Pickford,GK,Everton,8,1,1,2025-04-05T11:30:00Z,90,3,0,0,0,1,0,9,23.8,0.0,0.0,2.4,0.0,0.02,0.02,1.79,1,51
2024-25,31,304,236,James Tarkowski,DEF,Everton,8,1,1,2025-04-05T11:30:00Z,90,1,0,0,0,1,0,8,20.8,0.5,2.0,2.3,0.0,0.02,0.02,1.79,1,49
2024-25,31,304,237,Youssef Ramalho Chermiti,FWD,Everton,8,1,1,2025-04-05T11:30:00Z,0,0,0,0,0,0,0,0,0.0,0.0,0.0,0.0,0.0,0.0,0.0,0.0,0,49
2024-25,31,304,238,Ashley Young,DEF,Everton,8,1,1,2025-04-05T11:30:00Z,15,1,0,0,0,0,0,4,7.2,0.0,0.0,0.7,0.0,0.0,0.0,0.53,0,44
2024-25,31,305,239,Adama Traoré,MID,Fulham,9,12,1,2025-04-06T13:00:00Z,8,1,0,0,0,0,0,4,0.2,0.1,0.0,0.0,0.0,0.0,0.0,0.12,0,46
2024-25,31,305,240,Andreas Hoelgebaum Pereira,MID,Fulham,9,12,1,2025-04-06T13:00:00Z,75,2,0,0,0,2,0,8,0.6,12.1,10.0,2.3,0.08,0.29,0.37,1.26,1,49
2024-25,31,305,241,Calvin Bassey,DEF,Fulham,9,12,1,2025-04-06T13:00:00Z,90,1,0,0,0,2,0,14,20.2,0.6,2.0,2.3,0.0,0.0,0.0,1.5,1,45
2024-25,31,305,242,Steven Benda,GK,Fulham,9,12,1,2025-04-06T13:00:00Z,0,0,0,0,0,0,0,0,0.0,0.0,0.0,0.0,0.0,0.0,0.0,0.0,0,39
2024-25,31,305,243,Tom Cairney,MID,Fulham,9,12,1,2025-04-06T13:00:00Z,0,0,0,0,0,0,0,0,0.0,0.0,0.0,0.0,0.0,0.0,0.0,0.0,0,48
2024-25,31,305,244,Timothy Castagne,DEF,Fulham,9,12,1,2025-04-06T13:00:00Z,90,1,0,0,0,2,0,11,31.8,1.3,2.0,3.5,0.0,0.05,0.05,1.5,1,42
2024-25,31,305,245,Issa Diop,DEF,Fulham,9,12,1,2025-04-06T13:00:00Z,0,0,0,0,0,0,0,0,0.0,0.0,0.0,0.0,0.0,0.0,0.0,0.0,0,44
2024-25,31,305,246,Luke Harris,MID,Fulham,9,12,1,2025-04-06T13:00:00Z,0,0,0,0,0,0,0,0,0.0,0.0,0.0,0.0,0.0,0.0,0.0,0.0,0,45
2024-25,31,305,247,Alex Iwobi,MID,Fulham,9,12,1,2025-04-06T13:00:00Z,81,13,1,1,0,2,3,43,64.4,16.7,43.0,12.4,0.17,0.08,0.25,1.37,1,56
2024-25,31,305,248,Bernd Leno,GK,Fulham,9,12,1,2025-04-06T13:00:00Z,90,1,0,0,0,2,0,9,34.4,0.0,0.0,3.4,0.0,0.0,0.0,1.5,1,50
2024-25,31,305,249,Saša Lukić,MID,Fulham,9,12,1,2025-04-06T13:00:00Z,75,1,0,0,0,2,0,9,2.8,3.4,0.0,0.6,0.0,0.01,0.01,1.26,1,48
2024-25,31,305,250,Kevin Mbabu,DEF,Fulham,9,12,1,2025-04-06T13:00:00Z,0,0,0,0,0,0,0,0,0.0,0.0,0.0,0.0,0.0,0.0,0.0,0.0,0,40
2024-25,31,305,251,Rodrigo Muniz Carvalho,FWD,Fulham,9,12,1,2025-04-06T13:00:00Z,75,7,1,0,0,2,1,31,33.4,1.4,25.0,6.0,0.29,0.01,0.3,1.26,1,55
2024-25,31,305,252,Raúl Jiménez,FWD,Fulham,9,12,1,2025-04-06T13:00:00Z,14,1,0,0,0,0,0,5,4.0,10.3,4.0,1.8,0.0,0.03,0.03,0.24,0,54
2024-25,31,305,253,Tim Ream,DEF,Fulham,9,12,1,2025-04-06T13:00:00Z,0,0,0,0,0,0,0,0,0.0,0.0,0.0,0.0,0.0,0.0,0.0,0.0,0,45
2024-25,31,305,254,Harrison Reed,MID,Fulham,9,12,1,2025-04-06T13:00:00Z,14,1,0,0,0,0,0,7,6.2,0.1,7.0,1.3,0.09,0.0,0.09,0.24,0,47
2024-25,31,305,255,Antonee Robinson,DEF,Fulham,9,12,1,2025-04-06T13:00:00Z,90,1,0,0,0,2,0,14,27.4,25.3,2.0,5.5,0.0,0.18,0.18,1.5,1,49
2024-25,31,305,256,Jay Stansfield,FWD,Fulham,9,12,1,2025-04-06T13:00:00Z,0,0,0,0,0,0,0,0,0.0,0.0,0.0,0.0,0.0,0.0,0.0,0.0,0,50
2024-25,31,305,257,Kenny Tete,DEF,Fulham,9,12,1,2025-04-06T13:00:00Z,8,1,0,0,0,0,0,5,3.0,0.0,0.0,0.3,0.0,0.0,0.0,0.12,0,44
2024-25,31,305,258,Carlos Vinícius Alves Morais,FWD,Fulham,9,12,1,2025-04-06T13:00:00Z,0,0,0,0,0,0,0,0,0.0,0.0,0.0,0.0,0.0,0.0,0.0,0.0,0,50
2024-25,31,305,259,Harry Wilson,MID,Fulham,9,12,1,2025-04-06T13:00:00Z,0,0,0,0,0,0,0,0,0.0,0.0,0.0,0.0,0.0,0.0,0.0,0.0,0,52
2024-25,31,306,260,Ali Al-Hamadi,FWD,Ipswich,10,20,1,2025-04-05T14:00:00Z,0,0,0,0,0,0,0,0,0.0,0.0,0.0,0.0,0.0,0.0,0.0,0.0,0,47
2024-25,31,306,261,Elkan Baggott,DEF,Ipswich,10,20,1,2025-04-05T14:00:00Z,0,0,0,0,0,0,0,0,0.0,0.0,0.0,0.0,0.0,0.0,0.0,0.0,0,40
2024-25,31,306,262,Nathan Broadhead,MID,Ipswich,10,20,1,2025-04-05T14:00:00Z,64,3,0,0,1,0,0,7,6.0,0.3,0.0,0.6,0.0,0.0,0.0,1.56,1,49
2024-25,31,306,263,Cameron Burgess,DEF,Ipswich,10,20,1,2025-04-05T14:00:00Z,90,1,0,0,0,2,0,7,19.6,10.4,2.0,3.2,0.0,0.02,0.02,2.71,1,38
2024-25,31,306,264,Wes Burns,MID,Ipswich,10,20,1,2025-04-05T14:00:00Z,0,0,0,0,0,0,0,0,0.0,0.0,0.0,0.0,0.0,0.0,0.0,0.0,0,48
2024-25,31,306,265,Conor Chaplin,MID,Ipswich,10,20,1,2025-04-05T14:00:00Z,9,1,0,0,0,1,0,3,2.0,0.1,0.0,0.2,0.0,0.0,0.0,0.86,0,51
2024-25,31,306,266,Harry Clarke,DEF,Ipswich,10,20,1,2025-04-05T14:00:00Z,0,0,0,0,0,0,0,0,0.0,0.0,0.0,0.0,0.0,0.0,0.0,0.0,0,40
2024-25,31,306,267,Leif Davis,DEF,Ipswich,10,20,1,2025-04-05T14:00:00Z,9,1,0,0,0,1,0,-1,0.2,0.0,0.0,0.0,0.0,0.0,0.0,0.86,0,43
2024-25,31,306,268,Liam Delap,FWD,Ipswich,10,20,1,2025-04-05T14:00:00Z,80,8,1,0,0,1,2,36,36.4,2.6,37.0,7.6,0.46,0.01,0.47,1.85,1,56
2024-25,31,306,269,George Edmundson,DEF,Ipswich,10,20,1,2025-04-05T14:00:00Z,0,0,0,0,0,0,0,0,0.0,0.0,0.0,0.0,0.0,0.0,0.0,0.0,0,40
2024-25,31,306,270,Jacob Greaves,DEF,Ipswich,10,20,1,2025-04-05T14:00:00Z,0,0,0,0,0,0,0,0,0.0,0.0,0.0,0.0,0.0,0.0,0.0,0.0,0,39
2024-25,31,306,271,Marcus Myers-Harness,MID,Ipswich,10,20,1,2025-04-05T14:00:00Z,0,0,0,0,0,0,0,0,0.0,0.0,0.0,0.0,0.0,0.0,0.0,0.0,0,49
2024-25,31,306,272,George Hirst,FWD,Ipswich,10,20,1,2025-04-05T14:00:00Z,9,1,0,0,0,1,0,3,0.0,0.0,0.0,0.0,0.0,0.0,0.0,0.86,0,54
2024-25,31,306,273,Cameron Humphreys,MID,Ipswich,10,20,1,2025-04-05T14:00:00Z,0,0,0,0,0,0,0,0,0.0,0.0,0.0,0.0,0.0,0.0,0.0,0.0,0,45
2024-25,31,306,274,Omari Giraud-Hutchinson,MID,Ipswich,10,20,1,2025-04-05T14:00:00Z,0,0,0,0,0,0,0,0,0.0,0.0,0.0,0.0,0.0,0.0,0.0,0.0,0,52
2024-25,31,306,275,Ben Johnson,DEF,Ipswich,10,20,1,2025-04-05T14:00:00Z,90,1,0,0,0,2,0,1,9.8,1.2,2.0,1.3,0.0,0.0,0.0,2.71,1,39
2024-25,31,306,276,Freddie Ladapo,FWD,Ipswich,10,20,1,2025-04-05T14:00:00Z,0,0,0,0,0,0,0,0,0.0,0.0,0.0,0.0,0.0,0.0,0.0,0.0,0,45
2024-25,31,306,277,Massimo Luongo,MID,Ipswich,10,20,1,2025-04-05T14:00:00Z,0,0,0,0,0,0,0,0,0.0,0.0,0.0,0.0,0.0,0.0,0.0,0.0,0,44
2024-25,31,306,278,Sam Morsy,MID,Ipswich,10,20,1,2025-04-05T14:00:00Z,90,2,0,0,0,2,0,15,15.0,2.3,7.0,2.4,0.02,0.03,0.05,2.71,1,48
2024-25,31,306,279,Corrie Ndaba,DEF,Ipswich,10,20,1,2025-04-05T14:00:00Z,0,0,0,0,0,0,0,0,0.0,0.0,0.0,0.0,0.0,0.0,0.0,0.0,0,40
2024-25,31,306,280,Cieran Slicker,GK,Ipswich,10,20,1,2025-04-05T14:00:00Z,0,0,0,0,0,0,0,0,0.0,0.0,0.0,0.0,0.0,0.0,0.0,0.0,0,39
2024-25,31,306,281,Jack Taylor,MID,Ipswich,10,20,1,2025-04-05T14:00:00Z,25,1,0,0,0,2,0,4,3.0,0.7,2.0,0.6,0.0,0.0,0.0,1.15,0,48
2024-25,31,306,282,Axel Tuanzebe,DEF,Ipswich,10,20,1,2025-04-05T14:00:00Z,80,2,0,0,0,1,0,3,13.0,1.2,0.0,1.4,0.0,0.03,0.03,1.85,1,39
2024-25,31,306,283,Christian Walton,GK,Ipswich,10,20,1,2025-04-05T14:00:00Z,0,0,0,0,0,0,0,0,0.0,0.0,0.0,0.0,0.0,0.0,0.0,0.0,0,43
2024-25,31,306,284,Luke Woolfenden,DEF,Ipswich,10,20,1,2025-04-05T14:00:00Z,0,0,0,0,0,0,0,0,0.0,0.0,0.0,0.0,0.0,0.0,0.0,0.0,0,39
2024-25,31,307,285,Boubakary Soumaré,MID,Leicester,11,15,1,2025-04-07T19:00:00Z,90,2,0,0,0,3,0,14,5.6,8.1,0.0,1.4,0.0,0.03,0.03,3.26,1,44
2024-25,31,307,286,Tom Cannon,FWD,Leicester,11,15,1,2025-04-07T19:00:00Z,0,0,0,0,0,0,0,0,0.0,0.0,0.0,0.0,0.0,0.0,0.0,0.0,0,45
2024-25,31,307,287,Hamza Choudhury,MID,Leicester,11,15,1,2025-04-07T19:00:00Z,0,0,0,0,0,0,0,0,0.0,0.0,0.0,0.0,0.0,0.0,0.0,0.0,0,44
2024-25,31,307,288,Conor Coady,DEF,Leicester,11,15,1,2025-04-07T19:00:00Z,90,1,0,0,0,3,0,1,11.2,0.5,0.0,1.2,0.0,0.0,0.0,3.26,1,40
2024-25,31,307,289,Patson Daka,FWD,Leicester,11,15,1,2025-04-07T19:00:00Z,45,1,0,0,0,3,0,2,0.4,1.3,2.0,0.4,0.0,0.0,0.0,2.78,1,48
2024-25,31,307,290,Bobby De Cordova-Reid,MID,Leicester,11,15,1,2025-04-07T19:00:00Z,0,0,0,0,0,0,0,0,0.0,0.0,0.0,0.0,0.0,0.0,0.0,0.0,0,52
2024-25,31,307,291,Wout Faes,DEF,Leicester,11,15,1,2025-04-07T19:00:00Z,90,1,0,0,0,3,0,2,17.8,0.3,9.0,2.7,0.19,0.0,0.19,3.26,1,39
2024-25,31,307,292,Michael Golding,MID,Leicester,11,15,1,2025-04-07T19:00:00Z,0,0,0,0,0,0,0,0,0.0,0.0,0.0,0.0,0.0,0.0,0.0,0.0,0,44
2024-25,31,307,293,Mads Hermansen,GK,Leicester,11,15,1,2025-04-07T19:00:00Z,90,1,0,0,0,3,0,-1,16.8,0.0,0.0,1.7,0.0,0.0,0.0,3.26,1,44
2024-25,31,307,294,Daniel Iversen,GK,Leicester,11,15,1,2025-04-07T19:00:00Z,0,0,0,0,0,0,0,0,0.0,0.0,0.0,0.0,0.0,0.0,0.0,0.0,0,39
2024-25,31,307,295,James Justin,DEF,Leicester,11,15,1,2025-04-07T19:00:00Z,73,0,0,0,0,3,0,-8,0.0,5.8,0.0,0.4,0.0,0.02,0.02,2.9,1,41
2024-25,31,307,296,Victor Kristiansen,DEF,Leicester,11,15,1,2025-04-07T19:00:00Z,45,0,0,0,0,3,0,-3,14.8,15.4,0.0,3.0,0.0,0.06,0.06,2.78,1,44
2024-25,31,307,297,Wanya Marçal-Madivádua,MID,Leicester,11,15,1,2025-04-07T19:00:00Z,0,0,0,0,0,0,0,0,0.0,0.0,0.0,0.0,0.0,0.0,0.0,0.0,0,45
2024-25,31,307,298,Stephy Mavididi,MID,Leicester,11,15,1,2025-04-07T19:00:00Z,45,1,0,0,0,0,0,9,7.8,14.7,2.0,2.5,0.0,0.02,0.02,0.47,0,50
2024-25,31,307,299,Kasey McAteer,MID,Leicester,11,15,1,2025-04-07T19:00:00Z,0,0,0,0,0,0,0,0,0.0,0.0,0.0,0.0,0.0,0.0,0.0,0.0,0,47
2024-25,31,307,300,Wilfred Ndidi,MID,Leicester,11,15,1,2025-04-07T19:00:00Z,90,1,0,0,0,3,0,15,9.8,17.3,10.0,3.7,0.0,0.14,0.14,3.26,1,49
2024-25,31,307,301,Caleb Okoli,DEF,Leicester,11,15,1,2025-04-07T19:00:00Z,0,0,0,0,0,0,0,0,0.0,0.0,0.0,0.0,0.0,0.0,0.0,0.0,0,40
2024-25,31,307,302,Ricardo Barbosa Pereira,DEF,Leicester,11,15,1,2025-04-07T19:00:00Z,16,1,0,0,0,0,0,7,8.4,0.6,4.0,1.3,0.0,0.01,0.01,0.35,0,41
2024-25,31,307,303,Harry Souttar,DEF,Leicester,11,15,1,2025-04-07T19:00:00Z,0,0,0,0,0,0,0,0,0.0,0.0,0.0,0.0,0.0,0.0,0.0,0.0,0,40
2024-25,31,307,304,Jakub Stolarczyk,GK,Leicester,11,15,1,2025-04-07T19:00:00Z,0,0,0,0,0,0,0,0,0.0,0.0,0.0,0.0,0.0,0.0,0.0,0.0,0,40
2024-25,31,307,305,Luke Thomas,DEF,Leicester,11,15,1,2025-04-07T19:00:00Z,90,1,0,0,0,3,0,8,17.0,17.6,0.0,3.5,0.0,0.02,0.02,3.26,1,39
2024-25,31,307,306,Jamie Vardy,FWD,Leicester,11,15,1,2025-04-07T19:00:00Z,90,2,0,0,0,3,0,1,5.4,3.8,25.0,3.4,0.17,0.02,0.19,3.26,1,53
2024-25,31,307,307,Jannik Vestergaard,DEF,Leicester,11,15,1,2025-04-07T19:00:00Z,0,0,0,0,0,0,0,0,0.0,0.0,0.0,0.0,0.0,0.0,0.0,0.0,0,39
2024-25,31,307,308,Danny Ward,GK,Leicester,11,15,1,2025-04-07T19:00:00Z,0,0,0,0,0,0,0,0,0.0,0.0,0.0,0.0,0.0,0.0,0.0,0.0,0,39
2024-25,31,307,309,Harry Winks,MID,Leicester,11,15,1,2025-04-07T19:00:00Z,0,0,0,0,0,0,0,0,0.0,0.0,0.0,0.0,0.0,0.0,0.0,0.0,0,43
2024-25,31,305,310,Alisson Ramses Becker,GK,Liverpool,12,9,0,2025-04-06T13:00:00Z,0,0,0,0,0,0,0,0,0.0,0.0,0.0,0.0,0.0,0.0,0.0,0.0,0,56
2024-25,31,305,311,Trent Alexander-Arnold,DEF,Liverpool,12,9,0,2025-04-06T13:00:00Z,0,0,0,0,0,0,0,0,0.0,0.0,0.0,0.0,0.0,0.0,0.0,0.0,0,73
2024-25,31,305,312,Stefan Bajčetić Maquieira,MID,Liverpool,12,9,0,2025-04-06T13:00:00Z,0,0,0,0,0,0,0,0,0.0,0.0,0.0,0.0,0.0,0.0,0.0,0.0,0,45
2024-25,31,305,313,Conor Bradley,DEF,Liverpool,12,9,0,2025-04-06T13:00:00Z,23,4,0,1,0,0,0,22,25.8,21.3,2.0,4.9,0.0,0.03,0.03,0.09,0,47
2024-25,31,302,314,Fábio Freitas Gouveia Carvalho,MID,Brentford,4,6,1,2025-04-06T13:00:00Z,0,0,0,0,0,0,0,0,0.0,0.0,0.0,0.0,0.0,0.0,0.0,0.0,0,45
2024-25,31,305,315,Bobby Clark,MID,Liverpool,12,9,0,2025-04-06T13:00:00Z,0,0,0,0,0,0,0,0,0.0,0.0,0.0,0.0,0.0,0.0,0.0,0.0,0,45
2024-25,31,305,316,Darwin Núñez Ribeiro,FWD,Liverpool,12,9,0,2025-04-06T13:00:00Z,23,1,0,0,0,0,0,2,1.0,0.8,0.0,0.2,0.0,0.01,0.01,0.09,0,70
2024-25,31,305,317,Diogo Teixeira da Silva,MID,Liverpool,12,9,0,2025-04-06T13:00:00Z,66,2,0,0,0,3,0,6,5.2,0.2,23.0,2.8,0.32,0.0,0.32,0.66,1,72
2024-25,31,305,318,Ben Doak,MID,Liverpool,12,9,0,2025-04-06T13:00:00Z,0,0,0,0,0,0,0,0,0.0,0.0,0.0,0.0,0.0,0.0,0.0,0.0,0,45
2024-25,31,305,319,Harvey Elliott,MID,Liverpool,12,9,0,2025-04-06T13:00:00Z,35,1,0,0,0,0,0,1,1.6,5.3,27.0,3.4,0.21,0.01,0.22,0.18,0,52
2024-25,31,305,320,Endo Wataru,MID,Liverpool,12,9,0,2025-04-06T13:00:00Z,0,0,0,0,0,0,0,0,0.0,0.0,0.0,0.0,0.0,0.0,0.0,0.0,0,46
2024-25,31,305,321,Cody Gakpo,FWD,Liverpool,12,9,0,2025-04-06T13:00:00Z,54,1,0,0,0,3,0,0,2.6,1.1,6.0,1.0,0.0,0.01,0.01,0.56,1,73
2024-25,31,305,322,Joe Gomez,DEF,Liverpool,12,9,0,2025-04-06T13:00:00Z,0,0,0,0,0,0,0,0,0.0,0.0,0.0,0.0,0.0,0.0,0.0,0.0,0,47
2024-25,31,305,323,Ryan Gravenberch,MID,Liverpool,12,9,0,2025-04-06T13:00:00Z,90,5,0,1,0,3,0,27,32.6,13.8,0.0,4.6,0.0,0.02,0.02,0.74,1,50
2024-25,31,305,324,Curtis Jones,MID,Liverpool,12,9,0,2025-04-06T13:00:00Z,90,2,0,0,0,3,0,14,11.2,24.9,21.0,5.7,0.05,0.07,0.12,0.74,1,53
2024-25,31,305,325,Caoimhin Kelleher,GK,Liverpool,12,9,0,2025-04-06T13:00:00Z,90,2,0,0,0,3,0,4,21.4,0.0,0.0,2.1,0.0,0.0,0.0,0.74,1,40
2024-25,31,305,326,Ibrahima Konaté,DEF,Liverpool,12,9,0,2025-04-06T13:00:00Z,66,1,0,0,0,3,0,2,14.4,0.8,5.0,2.0,0.06,0.0,0.06,0.66,1,53
2024-25,31,305,327,Luis Díaz,MID,Liverpool,12,9,0,2025-04-06T13:00:00Z,35,6,1,0,0,0,0,27,40.6,27.3,23.0,9.1,0.23,0.12,0.35,0.18,0,75
2024-25,31,305,328,Mohamed Salah,MID,Liverpool,12,9,0,2025-04-06T13:00:00Z,90,2,0,0,0,3,0,2,6.8,30.7,8.0,4.6,0.44,0.1,0.54,0.74,1,138
2024-25,31,305,329,Alexis Mac Allister,MID,Liverpool,12,9,0,2025-04-06T13:00:00Z,90,9,1,0,0,3,2,32,45.4,35.6,7.0,8.8,0.02,0.11,0.13,0.74,1,62
2024-25,31,305,330,James McConnell,MID,Liverpool,12,9,0,2025-04-06T13:00:00Z,0,0,0,0,0,0,0,0,0.0,0.0,0.0,0.0,0.0,0.0,0.0,0.0,0,44
2024-25,31,305,331,Tyler Morton,MID,Liverpool,12,9,0,2025-04-06T13:00:00Z,0,0,0,0,0,0,0,0,0.0,0.0,0.0,0.0,0.0,0.0,0.0,0.0,0,44
2024-25,31,305,332,Nathaniel Phillips,DEF,Liverpool,12,9,0,2025-04-06T13:00:00Z,0,0,0,0,0,0,0,0,0.0,0.0,0.0,0.0,0.0,0.0,0.0,0.0,0,40
2024-25,31,305,333,Jarell Quansah,DEF,Liverpool,12,9,0,2025-04-06T13:00:00Z,0,0,0,0,0,0,0,0,0.0,0.0,0.0,0.0,0.0,0.0,0.0,0.0,0,39
2024-25,31,305,334,Rhys Williams,DEF,Liverpool,12,9,0,2025-04-06T13:00:00Z,0,0,0,0,0,0,0,0,0.0,0.0,0.0,0.0,0.0,0.0,0.0,0.0,0,40
2024-25,31,305,335,Andrew Robertson,DEF,Liverpool,12,9,0,2025-04-06T13:00:00Z,81,1,0,0,0,3,0,-6,4.6,2.2,8.0,1.5,0.03,0.29,0.32,0.66,1,58
2024-25,31,305,336,Dominik Szoboszlai,MID,Liverpool,12,9,0,2025-04-06T13:00:00Z,54,1,0,0,0,3,0,0,0.0,2.0,7.0,0.4,0.04,0.01,0.05,0.56,1,64
2024-25,31,305,337,Konstantinos Tsimikas,DEF,Liverpool,12,9,0,2025-04-06T13:00:00Z,0,0,0,0,0,0,0,0,0.0,0.0,0.0,0.0,0.0,0.0,0.0,0.0,0,46
2024-25,31,302,338,Sepp van den Berg,DEF,Brentford,4,6,1,2025-04-06T13:00:00Z,90,5,0,0,1,0,0,18,15.8,0.5,9.0,2.5,0.49,0.01,0.5,1.23,1,41
2024-25,31,305,339,Virgil van Dijk,DEF,Liverpool,12,9,0,2025-04-06T13:00:00Z,90,1,0,0,0,3,0,3,27.8,1.2,0.0,2.9,0.0,0.01,0.01,0.74,1,65
2024-25,31,308,340,Manuel Akanji,DEF,Man City,13,14,0,2025-04-06T15:30:00Z,0,0,0,0,0,0,0,0,0.0,0.0,0.0,0.0,0.0,0.0,0.0,0.0,0,53
2024-25,31,308,341,Nathan Aké,DEF,Man City,13,14,0,2025-04-06T15:30:00Z,0,0,0,0,0,0,0,0,0.0,0.0,0.0,0.0,0.0,0.0,0.0,0.0,0,53
2024-25,31,308,342,Bernardo Veiga de Carvalho e Silva,MID,Man City,13,14,0,2025-04-06T15:30:00Z,90,2,0,0,1,0,0,12,29.0,17.7,0.0,4.7,0.0,0.02,0.02,0.91,1,61
2024-25,31,308,343,Oscar Bobb,MID,Man City,13,14,0,2025-04-06T15:30:00Z,0,0,0,0,0,0,0,0,0.0,0.0,0.0,0.0,0.0,0.0,0.0,0.0,0,47
2024-25,31,308,344,Scott Carson,GK,Man City,13,14,0,2025-04-06T15:30:00Z,0,0,0,0,0,0,0,0,0.0,0.0,0.0,0.0,0.0,0.0,0.0,0.0,0,39
2024-25,31,308,345,Kevin De Bruyne,MID,Man City,13,14,0,2025-04-06T15:30:00Z,90,3,0,0,1,0,0,3,7.0,5.8,26.0,3.9,0.05,0.06,0.11,0.91,1,93
2024-25,31,308,346,Jérémy Doku,MID,Man City,13,14,0,2025-04-06T15:30:00Z,33,1,0,0,0,0,0,9,3.2,0.7,0.0,0.4,0.0,0.01,0.01,0.5,0,62
2024-25,31,308,347,Ederson Santana de Moraes,GK,Man City,13,14,0,2025-04-06T15:30:00Z,90,6,0,0,1,0,0,24,20.4,0.0,0.0,2.0,0.0,0.0,0.0,0.91,1,53
2024-25,31,308,348,Phil Foden,MID,Man City,13,14,0,2025-04-06T15:30:00Z,57,1,0,0,0,0,0,-5,0.0,17.7,7.0,2.2,0.26,0.01,0.27,0.41,1,92
2024-25,31,308,349,Jack Grealish,MID,Man City,13,14,0,2025-04-06T15:30:00Z,16,1,0,0,0,0,0,2,0.0,0.1,0.0,0.0,0.0,0.0,0.0,0.4,0,64
2024-25,31,308,350,Joško Gvardiol,DEF,Man City,13,14,0,2025-04-06T15:30:00Z,90,9,0,0,1,0,3,33,32.0,2.0,2.0,3.6,0.0,0.02,0.02,0.91,1,61
2024-25,31,308,351,Erling Haaland,FWD,Man City,13,14,0,2025-04-06T15:30:00Z,0,0,0,0,0,0,0,0,0.0,0.0,0.0,0.0,0.0,0.0,0.0,0.0,0,148
2024-25,31,308,352,Julián Álvarez,FWD,Man City,13,14,0,2025-04-06T15:30:00Z,0,0,0,0,0,0,0,0,0.0,0.0,0.0,0.0,0.0,0.0,0.0,0.0,0,70
2024-25,31,308,353,João Cavaco Cancelo,DEF,Man City,13,14,0,2025-04-06T15:30:00Z,0,0,0,0,0,0,0,0,0.0,0.0,0.0,0.0,0.0,0.0,0.0,0.0,0,53
2024-25,31,308,354,Mateo Kovačić,MID,Man City,13,14,0,2025-04-06T15:30:00Z,90,3,0,0,1,0,0,12,17.8,18.8,0.0,3.7,0.0,0.07,0.07,0.91,1,54
2024-25,31,308,355,Rico Lewis,DEF,Man City,13,14,0,2025-04-06T15:30:00Z,16,1,0,0,0,0,0,5,9.0,0.9,0.0,1.0,0.0,0.0,0.0,0.4,0,43
2024-25,31,308,356,Matheus Luiz Nunes,MID,Man City,13,14,0,2025-04-06T15:30:00Z,90,3,0,0,1,0,0,11,7.6,16.3,0.0,2.4,0.0,0.02,0.02,0.91,1,49
2024-25,31,308,357,James McAtee,MID,Man City,13,14,0,2025-04-06T15:30:00Z,0,0,0,0,0,0,0,0,0.0,0.0,0.0,0.0,0.0,0.0,0.0,0.0,0,46
2024-25,31,308,358,Stefan Ortega Moreno,GK,Man City,13,14,0,2025-04-06T15:30:00Z,0,0,0,0,0,0,0,0,0.0,0.0,0.0,0.0,0.0,0.0,0.0,0.0,0,52
2024-25,31,306,359,Kalvin Phillips,MID,Ipswich,10,20,1,2025-04-05T14:00:00Z,0,0,0,0,0,0,0,0,0.0,0.0,0.0,0.0,0.0,0.0,0.0,0.0,0,48
2024-25,31,308,360,Rodrigo 'Rodri' Hernandez,MID,Man City,13,14,0,2025-04-06T15:30:00Z,0,0,0,0,0,0,0,0,0.0,0.0,0.0,0.0,0.0,0.0,0.0,0.0,0,62
2024-25,31,308,361,Rúben Gato Alves Dias,DEF,Man City,13,14,0,2025-04-06T15:30:00Z,90,5,0,0,1,0,0,26,23.8,3.5,2.0,2.9,0.0,0.03,0.03,0.91,1,54
2024-25,31,308,362,John Stones,DEF,Man City,13,14,0,2025-04-06T15:30:00Z,0,0,0,0,0,0,0,0,0.0,0.0,0.0,0.0,0.0,0.0,0.0,0.0,0,53
2024-25,31,308,363,Kyle Walker,DEF,Man City,13,14,0,2025-04-06T15:30:00Z,0,0,0,0,0,0,0,0,0.0,0.0,0.0,0.0,0.0,0.0,0.0,0.0,0,51
2024-25,31,308,364,Amad Diallo,MID,Man Utd,14,13,1,2025-04-06T15:30:00Z,0,0,0,0,0,0,0,0,0.0,0.0,0.0,0.0,0.0,0.0,0.0,0.0,0,53
2024-25,31,308,365,Antony Matheus dos Santos,MID,Man Utd,14,13,1,2025-04-06T15:30:00Z,0,0,0,0,0,0,0,0,0.0,0.0,0.0,0.0,0.0,0.0,0.0,0.0,0,57
2024-25,31,308,366,Bruno Borges Fernandes,MID,Man Utd,14,13,1,2025-04-06T15:30:00Z,90,3,0,0,1,0,0,16,20.2,43.7,4.0,6.8,0.17,0.5,0.67,0.49,1,86
2024-25,31,308,367,Altay Bayindir,GK,Man Utd,14,13,1,2025-04-06T15:30:00Z,0,0,0,0,0,0,0,0,0.0,0.0,0.0,0.0,0.0,0.0,0.0,0.0,0,43
2024-25,31,308,368,Carlos Henrique Casimiro,MID,Man Utd,14,13,1,2025-04-06T15:30:00Z,90,3,0,0,1,0,0,18,30.0,5.7,23.0,5.9,0.03,0.04,0.07,0.49,1,47
2024-25,31,308,369,Diogo Dalot Teixeira,DEF,Man Utd,14,13,1,2025-04-06T15:30:00Z,90,5,0,0,1,0,0,25,14.4,29.6,8.0,5.2,0.0,0.19,0.19,0.49,1,50
2024-25,31,308,370,Christian Eriksen,MID,Man Utd,14,13,1,2025-04-06T15:30:00Z,0,0,0,0,0,0,0,0,0.0,0.0,0.0,0.0,0.0,0.0,0.0,0.0,0,52
2024-25,31,308,371,Jonny Evans,DEF,Man Utd,14,13,1,2025-04-06T15:30:00Z,0,0,0,0,0,0,0,0,0.0,0.0,0.0,0.0,0.0,0.0,0.0,0.0,0,44
2024-25,31,308,372,Alejandro Garnacho,MID,Man Utd,14,13,1,2025-04-06T15:30:00Z,90,3,0,0,1,0,0,9,10.2,4.8,17.0,3.2,0.05,0.15,0.2,0.49,1,59
2024-25,31,308,373,Hannibal Mejbri,MID,Man Utd,14,13,1,2025-04-06T15:30:00Z,0,0,0,0,0,0,0,0,0.0,0.0,0.0,0.0,0.0,0.0,0.0,0.0,0,45
2024-25,31,308,374,Tom Heaton,GK,Man Utd,14,13,1,2025-04-06T15:30:00Z,0,0,0,0,0,0,0,0,0.0,0.0,0.0,0.0,0.0,0.0,0.0,0.0,0,39
2024-25,31,308,375,Rasmus Højlund,FWD,Man Utd,14,13,1,2025-04-06T15:30:00Z,70,2,0,0,1,0,0,6,0.4,1.3,2.0,0.4,0.0,0.0,0.0,0.49,1,69
2024-25,31,308,376,Victor Lindelöf,DEF,Man Utd,14,13,1,2025-04-06T15:30:00Z,32,1,0,0,0,0,0,3,6.0,0.3,0.0,0.6,0.0,0.0,0.0,0.07,0,43
2024-25,31,308,377,Harry Maguire,DEF,Man Utd,14,13,1,2025-04-06T15:30:00Z,57,1,0,0,0,0,0,9,16.6,0.1,0.0,1.7,0.0,0.0,0.0,0.42,1,49
2024-25,31,308,378,Kobbie Mainoo,MID,Man Utd,14,13,1,2025-04-06T15:30:00Z,0,0,0,0,0,0,0,0,0.0,0.0,0.0,0.0,0.0,0.0,0.0,0.0,0,52
2024-25,31,308,379,Tyrell Malacia,DEF,Man Utd,14,13,1,2025-04-06T15:30:00Z,0,0,0,0,0,0,0,0,0.0,0.0,0.0,0.0,0.0,0.0,0.0,0.0,0,44
2024-25,31,308,380,Lisandro Martínez,DEF,Man Utd,14,13,1,2025-04-06T15:30:00Z,0,0,0,0,0,0,0,0,0.0,0.0,0.0,0.0,0.0,0.0,0.0,0.0,0,43
2024-25,31,308,381,Scott McTominay,MID,Man Utd,14,13,1,2025-04-06T15:30:00Z,0,0,0,0,0,0,0,0,0.0,0.0,0.0,0.0,0.0,0.0,0.0,0.0,0,49
2024-25,31,308,382,Mason Mount,MID,Man Utd,14,13,1,2025-04-06T15:30:00Z,19,0,0,0,0,0,0,-1,5.8,15.0,7.0,2.8,0.18,0.05,0.23,0.0,0,63
2024-25,31,308,383,André Onana,GK,Man Utd,14,13,1,2025-04-06T15:30:00Z,90,11,0,0,1,0,3,33,33.6,0.0,0.0,3.4,0.0,0.0,0.0,0.49,1,49
2024-25,31,308,384,Facundo Pellistri Rebollo,MID,Man Utd,14,13,1,2025-04-06T15:30:00Z,0,0,0,0,0,0,0,0,0.0,0.0,0.0,0.0,0.0,0.0,0.0,0.0,0,50
2024-25,31,301,385,Marcus Rashford,MID,Aston Villa,2,16,1,2025-04-05T16:30:00Z,28,1,0,0,0,0,0,0,2.2,15.8,27.0,4.5,0.63,0.09,0.72,0.41,0,66
2024-25,31,302,386,Jadon Sancho,MID,Chelsea,6,4,0,2025-04-06T13:00:00Z,90,3,0,0,1,0,0,10,4.2,13.9,15.0,3.3,0.08,0.03,0.11,1.18,1,62
2024-25,31,308,387,Luke Shaw,DEF,Man Utd,14,13,1,2025-04-06T15:30:00Z,0,0,0,0,0,0,0,0,0.0,0.0,0.0,0.0,0.0,0.0,0.0,0.0,0,49
2024-25,31,310,388,Aaron Wan-Bissaka,DEF,West Ham,19,3,1,2025-04-05T14:00:00Z,90,1,0,0,0,2,0,11,15.4,2.8,2.0,2.0,0.0,0.01,0.01,2.12,1,45
2024-25,31,308,389,Joshua Zirkzee,FWD,Man Utd,14,13,1,2025-04-06T15:30:00Z,19,1,0,0,0,0,0,8,6.0,0.3,22.0,2.8,0.17,0.0,0.17,0.0,0,65
2024-25,31,307,390,Alex Murphy,DEF,Newcastle,15,11,0,2025-04-07T19:00:00Z,0,0,0,0,0,0,0,0,0.0,0.0,0.0,0.0,0.0,0.0,0.0,0.0,0,40
2024-25,31,307,391,Miguel Almirón Rejala,MID,Newcastle,15,11,0,2025-04-07T19:00:00Z,0,0,0,0,0,0,0,0,0.0,0.0,0.0,0.0,0.0,0.0,0.0,0.0,0,54
2024-25,31,307,392,Harvey Barnes,MID,Newcastle,15,11,0,2025-04-07T19:00:00Z,90,8,1,0,1,0,0,23,43.2,13.4,46.0,10.3,1.26,0.05,1.31,0.47,1,59
2024-25,31,307,393,Sven Botman,DEF,Newcastle,15,11,0,2025-04-07T19:00:00Z,0,0,0,0,0,0,0,0,0.0,0.0,0.0,0.0,0.0,0.0,0.0,0.0,0,44
2024-25,31,307,394,Bruno Guimarães Rodriguez Moura,MID,Newcastle,15,11,0,2025-04-07T19:00:00Z,64,3,0,0,1,0,0,10,12.4,10.8,0.0,2.3,0.0,0.02,0.02,0.24,1,61
2024-25,31,307,395,Dan Burn,DEF,Newcastle,15,11,0,2025-04-07T19:00:00Z,90,6,0,0,1,0,0,25,16.0,0.4,4.0,2.0,0.03,0.0,0.03,0.47,1,45
2024-25,31,307,396,Martin Dúbravka,GK,Newcastle,15,11,0,2025-04-07T19:00:00Z,0,0,0,0,0,0,0,0,0.0,0.0,0.0,0.0,0.0,0.0,0.0,0.0,0,42
2024-25,31,309,397,Ryan Fraser,MID,Southampton,17,18,0,2025-04-06T13:00:00Z,0,0,0,0,0,0,0,0,0.0,0.0,0.0,0.0,0.0,0.0,0.0,0.0,0,48
2024-25,31,307,398,Anthony Gordon,MID,Newcastle,15,11,0,2025-04-07T19:00:00Z,0,0,0,0,0,0,0,0,0.0,0.0,0.0,0.0,0.0,0.0,0.0,0.0,0,74
2024-25,31,307,399,Lewis Hall,DEF,Newcastle,15,11,0,2025-04-07T19:00:00Z,0,0,0,0,0,0,0,0,0.0,0.0,0.0,0.0,0.0,0.0,0.0,0.0,0,48
2024-25,31,307,400,Isaac Hayden,MID,Newcastle,15,11,0,2025-04-07T19:00:00Z,0,0,0,0,0,0,0,0,0.0,0.0,0.0,0.0,0.0,0.0,0.0,0.0,0,44
2024-25,31,307,401,Alexander Isak,FWD,Newcastle,15,11,0,2025-04-07T19:00:00Z,71,2,0,0,1,0,0,3,0.0,2.1,12.0,1.2,0.16,0.05,0.21,0.24,1,95
2024-25,31,307,402,Jacob Murphy,MID,Newcastle,15,11,0,2025-04-07T19:00:00Z,71,16,2,0,1,0,3,48,67.0,1.2,70.0,13.8,1.61,0.01,1.62,0.24,1,51
2024-25,31,307,403,Joelinton Cássio Apolinário de Lira,MID,Newcastle,15,11,0,2025-04-07T19:00:00Z,64,6,0,1,1,0,0,20,10.0,3.1,21.0,3.4,0.08,0.01,0.09,0.24,1,60
2024-25,31,307,404,Lloyd Kelly,DEF,Newcastle,15,11,0,2025-04-07T19:00:00Z,0,0,0,0,0,0,0,0,0.0,0.0,0.0,0.0,0.0,0.0,0.0,0.0,0,42
2024-25,31,307,405,Emil Krafth,DEF,Newcastle,15,11,0,2025-04-07T19:00:00Z,3,1,0,0,0,0,0,2,0.2,0.3,2.0,0.3,0.0,0.0,0.0,0.22,0,43
2024-25,31,307,406,Garang Kuol,MID,Newcastle,15,11,0,2025-04-07T19:00:00Z,0,0,0,0,0,0,0,0,0.0,0.0,0.0,0.0,0.0,0.0,0.0,0.0,0,44
2024-25,31,307,407,Jamaal Lascelles,DEF,Newcastle,15,11,0,2025-04-07T19:00:00Z,0,0,0,0,0,0,0,0,0.0,0.0,0.0,0.0,0.0,0.0,0.0,0.0,0,45
2024-25,31,307,408,Jamal Lewis,DEF,Newcastle,15,11,0,2025-04-07T19:00:00Z,0,0,0,0,0,0,0,0,0.0,0.0,0.0,0.0,0.0,0.0,0.0,0.0,0,40
2024-25,31,307,409,Tino Livramento,DEF,Newcastle,15,11,0,2025-04-07T19:00:00Z,90,11,0,1,1,0,2,40,34.4,34.5,6.0,7.5,0.03,0.57,0.6,0.47,1,45
2024-25,31,307,410,Sean Longstaff,MID,Newcastle,15,11,0,2025-04-07T19:00:00Z,25,1,0,0,0,0,0,4,2.2,0.4,0.0,0.3,0.0,0.0,0.0,0.23,0,45
2024-25,31,307,411,Lewis Miley,MID,Newcastle,15,11,0,2025-04-07T19:00:00Z,25,1,0,0,0,0,0,4,2.4,0.3,0.0,0.3,0.0,0.0,0.0,0.23,0,50
2024-25,31,307,412,Odysseas Vlachodimos,GK,Newcastle,15,11,0,2025-04-07T19:00:00Z,0,0,0,0,0,0,0,0,0.0,0.0,0.0,0.0,0.0,0.0,0.0,0.0,0,42
2024-25,31,307,413,Nick Pope,GK,Newcastle,15,11,0,2025-04-07T19:00:00Z,90,6,0,0,1,0,0,27,20.2,0.0,0.0,2.0,0.0,0.0,0.0,0.47,1,49
2024-25,31,307,414,John Ruddy,GK,Newcastle,15,11,0,2025-04-07T19:00:00Z,0,0,0,0,0,0,0,0,0.0,0.0,0.0,0.0,0.0,0.0,0.0,0.0,0,39
2024-25,31,307,415,Fabian Schär,DEF,Newcastle,15,11,0,2025-04-07T19:00:00Z,90,10,0,1,1,0,1,39,21.2,0.3,11.0,3.3,0.04,0.0,0.04,0.47,1,54
2024-25,31,307,416,Matt Targett,DEF,Newcastle,15,11,0,2025-04-07T19:00:00Z,0,0,0,0,0,0,0,0,0.0,0.0,0.0,0.0,0.0,0.0,0.0,0.0,0,39
2024-25,31,307,417,Sandro Tonali,MID,Newcastle,15,11,0,2025-04-07T19:00:00Z,90,3,0,0,1,0,0,16,9.4,12.3,1.0,2.3,0.07,0.03,0.1,0.47,1,55
2024-25,31,307,418,Kieran Trippier,DEF,Newcastle,15,11,0,2025-04-07T19:00:00Z,86,6,0,0,1,0,0,26,19.8,14.8,1.0,3.6,0.03,0.05,0.08,0.25,1,56
2024-25,31,307,419,Joe White,MID,Newcastle,15,11,0,2025-04-07T19:00:00Z,0,0,0,0,0,0,0,0,0.0,0.0,0.0,0.0,0.0,0.0,0.0,0.0,0,45
2024-25,31,307,420,Joe Willock,MID,Newcastle,15,11,0,2025-04-07T19:00:00Z,0,0,0,0,0,0,0,0,0.0,0.0,0.0,0.0,0.0,0.0,0.0,0.0,0,47
2024-25,31,307,421,Callum Wilson,FWD,Newcastle,15,11,0,2025-04-07T19:00:00Z,18,1,0,0,0,0,0,2,0.0,0.0,2.0,0.2,0.0,0.0,0.0,0.23,0,69
2024-25,31,301,422,Ola Aina,DEF,Nott'm Forest,16,2,0,2025-04-05T16:30:00Z,0,0,0,0,0,0,0,0,0.0,0.0,0.0,0.0,0.0,0.0,0.0,0.0,0,53
2024-25,31,301,423,Elliot Anderson,MID,Nott'm Forest,16,2,0,2025-04-05T16:30:00Z,90,2,0,0,0,2,0,7,0.2,4.4,11.0,1.6,0.28,0.04,0.32,3.03,1,50
2024-25,31,301,424,Taiwo Awoniyi,FWD,Nott'm Forest,16,2,0,2025-04-05T16:30:00Z,0,0,0,0,0,0,0,0,0.0,0.0,0.0,0.0,0.0,0.0,0.0,0.0,0,55
2024-25,31,301,425,Willy Boly,DEF,Nott'm Forest,16,2,0,2025-04-05T16:30:00Z,15,1,0,0,0,0,0,3,8.2,0.2,0.0,0.8,0.0,0.0,0.0,0.78,0,42
2024-25,31,301,426,Josh Bowler,MID,Nott'm Forest,16,2,0,2025-04-05T16:30:00Z,0,0,0,0,0,0,0,0,0.0,0.0,0.0,0.0,0.0,0.0,0.0,0.0,0,45
2024-25,31,301,427,Carlos Miguel dos Santos Pereira,GK,Nott'm Forest,16,2,0,2025-04-05T16:30:00Z,0,0,0,0,0,0,0,0,0.0,0.0,0.0,0.0,0.0,0.0,0.0,0.0,0,41
2024-25,31,301,428,Eric da Silva Moreira,MID,Nott'm Forest,16,2,0,2025-04-05T16:30:00Z,0,0,0,0,0,0,0,0,0.0,0.0,0.0,0.0,0.0,0.0,0.0,0.0,0,43
2024-25,31,301,429,Danilo dos Santos de Oliveira,MID,Nott'm Forest,16,2,0,2025-04-05T16:30:00Z,0,0,0,0,0,0,0,0,0.0,0.0,0.0,0.0,0.0,0.0,0.0,0.0,0,47
2024-25,31,301,430,Emmanuel Dennis,FWD,Nott'm Forest,16,2,0,2025-04-05T16:30:00Z,0,0,0,0,0,0,0,0,0.0,0.0,0.0,0.0,0.0,0.0,0.0,0.0,0,49
2024-25,31,301,431,Nicolás Domínguez,MID,Nott'm Forest,16,2,0,2025-04-05T16:30:00Z,73,2,0,0,0,2,0,13,16.6,12.3,20.0,4.9,0.09,0.02,0.11,2.25,1,48
2024-25,31,301,432,Anthony Elanga,MID,Nott'm Forest,16,2,0,2025-04-05T16:30:00Z,45,1,0,0,0,2,0,-1,0.0,2.0,10.0,1.0,0.17,0.01,0.18,1.46,1,55
2024-25,31,301,433,Morgan Gibbs-White,MID,Nott'm Forest,16,2,0,2025-04-05T16:30:00Z,90,2,0,0,0,2,0,7,5.2,32.2,8.0,4.5,0.25,0.06,0.31,3.03,1,66
2024-25,31,301,434,Callum Hudson-Odoi,MID,Nott'm Forest,16,2,0,2025-04-05T16:30:00Z,90,2,0,0,0,2,0,14,12.4,70.0,18.0,10.0,0.19,0.08,0.27,3.03,1,53
2024-25,31,301,435,Alex Mighten,MID,Nott'm Forest,16,2,0,2025-04-05T16:30:00Z,0,0,0,0,0,0,0,0,0.0,0.0,0.0,0.0,0.0,0.0,0.0,0.0,0,45
2024-25,31,301,436,Murillo Santiago Costa dos Santos,DEF,Nott'm Forest,16,2,0,2025-04-05T16:30:00Z,90,1,0,0,0,2,0,8,22.2,12.0,1.0,3.5,0.02,0.01,0.03,3.03,1,47
2024-25,31,301,437,Neco Williams,DEF,Nott'm Forest,16,2,0,2025-04-05T16:30:00Z,90,4,0,1,0,2,0,14,29.4,51.6,11.0,9.2,0.31,0.32,0.63,3.03,1,44
2024-25,31,301,438,Omar Richards,DEF,Nott'm Forest,16,2,0,2025-04-05T16:30:00Z,0,0,0,0,0,0,0,0,0.0,0.0,0.0,0.0,0.0,0.0,0.0,0.0,0,45
2024-25,31,301,439,Lewis O'Brien,MID,Nott'm Forest,16,2,0,2025-04-05T16:30:00Z,0,0,0,0,0,0,0,0,0.0,0.0,0.0,0.0,0.0,0.0,0.0,0.0,0,50
2024-25,31,301,440,Andrew Omobamidele,DEF,Nott'm Forest,16,2,0,2025-04-05T16:30:00Z,0,0,0,0,0,0,0,0,0.0,0.0,0.0,0.0,0.0,0.0,0.0,0.0,0,42
2024-25,31,301,441,Jonathan Panzo,DEF,Nott'm Forest,16,2,0,2025-04-05T16:30:00Z,0,0,0,0,0,0,0,0,0.0,0.0,0.0,0.0,0.0,0.0,0.0,0.0,0,40
2024-25,31,301,442,Ibrahim Sangaré,MID,Nott'm Forest,16,2,0,2025-04-05T16:30:00Z,0,0,0,0,0,0,0,0,0.0,0.0,0.0,0.0,0.0,0.0,0.0,0.0,0,43
2024-25,31,301,443,Matz Sels,GK,Nott'm Forest,16,2,0,2025-04-05T16:30:00Z,90,3,0,0,0,2,0,13,47.2,0.0,0.0,4.7,0.0,0.0,0.0,3.03,1,51
2024-25,31,301,444,Harry Toffolo,DEF,Nott'm Forest,16,2,0,2025-04-05T16:30:00Z,0,0,0,0,0,0,0,0,0.0,0.0,0.0,0.0,0.0,0.0,0.0,0.0,0,42
2024-25,31,303,445,Matt Turner,GK,Crystal Palace,7,5,1,2025-04-05T14:00:00Z,0,0,0,0,0,0,0,0,0.0,0.0,0.0,0.0,0.0,0.0,0.0,0.0,0,39
2024-25,31,301,446,Hwang Ui-jo,FWD,Nott'm Forest,16,2,0,2025-04-05T16:30:00Z,0,0,0,0,0,0,0,0,0.0,0.0,0.0,0.0,0.0,0.0,0.0,0.0,0,45
2024-25,31,301,447,Chris Wood,FWD,Nott'm Forest,16,2,0,2025-04-05T16:30:00Z,0,0,0,0,0,0,0,0,0.0,0.0,0.0,0.0,0.0,0.0,0.0,0.0,0,71
2024-25,31,301,448,Joe Worrall,DEF,Nott'm Forest,16,2,0,2025-04-05T16:30:00Z,0,0,0,0,0,0,0,0,0.0,0.0,0.0,0.0,0.0,0.0,0.0,0.0,0,45
2024-25,31,301,449,Ryan Yates,MID,Nott'm Forest,16,2,0,2025-04-05T16:30:00Z,90,2,0,0,0,2,0,20,17.8,11.8,9.0,3.9,0.05,0.01,0.06,3.03,1,48
2024-25,31,304,450,Carlos Alcaraz Durán,MID,Everton,8,1,1,2025-04-05T11:30:00Z,15,0,0,0,0,0,0,-1,0.0,0.0,0.0,0.0,0.0,0.0,0.0,0.53,0,49
2024-25,31,309,451,Samuel Amo-Ameyaw,MID,Southampton,17,18,0,2025-04-06T13:00:00Z,0,0,0,0,0,0,0,0,0.0,0.0,0.0,0.0,0.0,0.0,0.0,0.0,0,44
2024-25,31,309,452,Joe Aribo,MID,Southampton,17,18,0,2025-04-06T13:00:00Z,63,2,0,0,0,2,0,12,5.0,13.3,7.0,2.5,0.03,0.01,0.04,1.16,1,49
2024-25,31,309,453,Adam Armstrong,FWD,Southampton,17,18,0,2025-04-06T13:00:00Z,0,0,0,0,0,0,0,0,0.0,0.0,0.0,0.0,0.0,0.0,0.0,0.0,0,51
2024-25,31,309,454,Gavin Bazunu,GK,Southampton,17,18,0,2025-04-06T13:00:00Z,0,0,0,0,0,0,0,0,0.0,0.0,0.0,0.0,0.0,0.0,0.0,0.0,0,43
2024-25,31,309,455,Jan Bednarek,DEF,Southampton,17,18,0,2025-04-06T13:00:00Z,90,1,0,0,0,3,0,10,37.2,11.8,2.0,5.1,0.0,0.03,0.03,2.12,1,40
2024-25,31,309,456,Armel Bella-Kotchap,DEF,Southampton,17,18,0,2025-04-06T13:00:00Z,0,0,0,0,0,0,0,0,0.0,0.0,0.0,0.0,0.0,0.0,0.0,0.0,0,39
2024-25,31,309,457,James Bree,DEF,Southampton,17,18,0,2025-04-06T13:00:00Z,0,0,0,0,0,0,0,0,0.0,0.0,0.0,0.0,0.0,0.0,0.0,0.0,0,39
2024-25,31,309,458,Shea Charles,MID,Southampton,17,18,0,2025-04-06T13:00:00Z,0,0,0,0,0,0,0,0,0.0,0.0,0.0,0.0,0.0,0.0,0.0,0.0,0,45
2024-25,31,309,459,Samuel Edozie,MID,Southampton,17,18,0,2025-04-06T13:00:00Z,0,0,0,0,0,0,0,0,0.0,0.0,0.0,0.0,0.0,0.0,0.0,0.0,0,49
2024-25,31,309,460,Ronnie Edwards,DEF,Southampton,17,18,0,2025-04-06T13:00:00Z,0,0,0,0,0,0,0,0,0.0,0.0,0.0,0.0,0.0,0.0,0.0,0.0,0,39
2024-25,31,309,461,Taylor Harwood-Bellis,DEF,Southampton,17,18,0,2025-04-06T13:00:00Z,90,1,0,0,0,3,0,2,9.2,2.7,0.0,1.2,0.0,0.01,0.01,2.12,1,40
2024-25,31,309,462,Kamaldeen Sulemana,MID,Southampton,17,18,0,2025-04-06T13:00:00Z,90,5,0,1,0,3,0,21,31.8,39.3,40.0,11.1,0.16,0.18,0.34,2.12,1,50
2024-25,31,309,463,Adam Lallana,MID,Southampton,17,18,0,2025-04-06T13:00:00Z,0,0,0,0,0,0,0,0,0.0,0.0,0.0,0.0,0.0,0.0,0.0,0.0,0,50
2024-25,31,309,464,Juan Larios López,DEF,Southampton,17,18,0,2025-04-06T13:00:00Z,0,0,0,0,0,0,0,0,0.0,0.0,0.0,0.0,0.0,0.0,0.0,0.0,0,39
2024-25,31,309,465,Mateusz Lis,GK,Southampton,17,18,0,2025-04-06T13:00:00Z,0,0,0,0,0,0,0,0,0.0,0.0,0.0,0.0,0.0,0.0,0.0,0.0,0,40
2024-25,31,309,466,Joe Lumley,GK,Southampton,17,18,0,2025-04-06T13:00:00Z,0,0,0,0,0,0,0,0,0.0,0.0,0.0,0.0,0.0,0.0,0.0,0.0,0,40
2024-25,31,309,467,Ryan Manning,DEF,Southampton,17,18,0,2025-04-06T13:00:00Z,63,1,0,0,0,2,0,9,17.4,12.4,2.0,3.2,0.0,0.02,0.02,1.16,1,43
2024-25,31,309,468,Sékou Mara,FWD,Southampton,17,18,0,2025-04-06T13:00:00Z,0,0,0,0,0,0,0,0,0.0,0.0,0.0,0.0,0.0,0.0,0.0,0.0,0,50
2024-25,31,309,469,Alex McCarthy,GK,Southampton,17,18,0,2025-04-06T13:00:00Z,0,0,0,0,0,0,0,0,0.0,0.0,0.0,0.0,0.0,0.0,0.0,0.0,0,42
2024-25,31,309,470,Paul Onuachu,FWD,Southampton,17,18,0,2025-04-06T13:00:00Z,17,1,0,0,0,1,0,2,0.0,2.1,0.0,0.0,0.0,0.0,0.0,0.86,0,49
2024-25,31,309,471,Will Smallbone,MID,Southampton,17,18,0,2025-04-06T13:00:00Z,26,1,0,0,0,1,0,7,5.2,1.8,4.0,1.1,0.0,0.01,0.01,0.95,0,50
2024-25,31,309,472,Jack Stephens,DEF,Southampton,17,18,0,2025-04-06T13:00:00Z,0,0,0,0,0,0,0,0,0.0,0.0,0.0,0.0,0.0,0.0,0.0,0.0,0,40
2024-25,31,309,473,Ross Stewart,FWD,Southampton,17,18,0,2025-04-06T13:00:00Z,7,1,0,0,0,1,0,3,0.2,0.3,0.0,0.1,0.0,0.0,0.0,0.84,0,44
2024-25,31,309,474,Sugawara Yukinari,DEF,Southampton,17,18,0,2025-04-06T13:00:00Z,17,1,0,0,0,1,0,0,4.6,2.5,19.0,2.6,0.03,0.01,0.04,0.86,0,42
2024-25,31,309,475,Charlie Taylor,DEF,Southampton,17,18,0,2025-04-06T13:00:00Z,0,0,0,0,0,0,0,0,0.0,0.0,0.0,0.0,0.0,0.0,0.0,0.0,0,39
2024-25,31,309,476,Kyle Walker-Peters,DEF,Southampton,17,18,0,2025-04-06T13:00:00Z,90,1,0,0,0,3,0,11,23.2,4.8,2.0,3.0,0.0,0.03,0.03,2.12,1,42
2024-25,31,309,477,Nathan Wood-Gordon,DEF,Southampton,17,18,0,2025-04-06T13:00:00Z,0,0,0,0,0,0,0,0,0.0,0.0,0.0,0.0,0.0,0.0,0.0,0.0,0,40
2024-25,31,309,478,Ashley Phillips,DEF,Spurs,18,17,1,2025-04-06T13:00:00Z,0,0,0,0,0,0,0,0,0.0,0.0,0.0,0.0,0.0,0.0,0.0,0.0,0,40
2024-25,31,309,479,Brandon Austin,GK,Spurs,18,17,1,2025-04-06T13:00:00Z,0,0,0,0,0,0,0,0,0.0,0.0,0.0,0.0,0.0,0.0,0.0,0.0,0,40
2024-25,31,309,480,Rodrigo Bentancur,MID,Spurs,18,17,1,2025-04-06T13:00:00Z,56,1,0,0,0,0,0,7,16.2,1.6,0.0,1.8,0.0,0.01,0.01,0.65,1,49
2024-25,31,309,481,Lucas Bergvall,MID,Spurs,18,17,1,2025-04-06T13:00:00Z,79,3,0,0,1,0,0,5,10.0,22.1,21.0,5.3,0.09,0.13,0.22,0.71,1,44
2024-25,31,309,482,Yves Bissouma,MID,Spurs,18,17,1,2025-04-06T13:00:00Z,10,1,0,0,0,1,0,7,5.6,10.2,0.0,1.6,0.0,0.0,0.0,0.32,0,48
2024-25,31,309,483,Bryan Gil Salvatierra,MID,Spurs,18,17,1,2025-04-06T13:00:00Z,0,0,0,0,0,0,0,0,0.0,0.0,0.0,0.0,0.0,0.0,0.0,0.0,0,50
2024-25,31,309,484,Ben Davies,DEF,Spurs,18,17,1,2025-04-06T13:00:00Z,90,2,0,0,0,1,0,10,8.4,1.5,2.0,1.2,0.0,0.01,0.01,1.04,1,43
2024-25,31,309,485,Alfie Devine,MID,Spurs,18,17,1,2025-04-06T13:00:00Z,0,0,0,0,0,0,0,0,0.0,0.0,0.0,0.0,0.0,0.0,0.0,0.0,0,45
2024-25,31,309,486,Radu Drăgușin,DEF,Spurs,18,17,1,2025-04-06T13:00:00Z,0,0,0,0,0,0,0,0,0.0,0.0,0.0,0.0,0.0,0.0,0.0,0.0,0,43
2024-25,31,309,487,Emerson Leite de Souza Junior,DEF,Spurs,18,17,1,2025-04-06T13:00:00Z,0,0,0,0,0,0,0,0,0.0,0.0,0.0,0.0,0.0,0.0,0.0,0.0,0,45
2024-25,31,309,488,Fraser Forster,GK,Spurs,18,17,1,2025-04-06T13:00:00Z,0,0,0,0,0,0,0,0,0.0,0.0,0.0,0.0,0.0,0.0,0.0,0.0,0,43
2024-25,31,309,489,Archie Gray,MID,Spurs,18,17,1,2025-04-06T13:00:00Z,10,1,0,0,0,1,0,3,0.2,0.0,0.0,0.0,0.0,0.0,0.0,0.32,0,46
2024-25,31,309,490,Pierre-Emile Højbjerg,MID,Spurs,18,17,1,2025-04-06T13:00:00Z,0,0,0,0,0,0,0,0,0.0,0.0,0.0,0.0,0.0,0.0,0.0,0.0,0,50
2024-25,31,309,491,Brennan Johnson,MID,Spurs,18,17,1,2025-04-06T13:00:00Z,90,18,2,1,0,1,3,60,74.0,12.2,43.0,12.9,0.58,0.01,0.59,1.04,1,62
2024-25,31,309,492,Dejan Kulusevski,MID,Spurs,18,17,1,2025-04-06T13:00:00Z,0,0,0,0,0,0,0,0,0.0,0.0,0.0,0.0,0.0,0.0,0.0,0.0,0,62
2024-25,31,309,493,Giovani Lo Celso,MID,Spurs,18,17,1,2025-04-06T13:00:00Z,0,0,0,0,0,0,0,0,0.0,0.0,0.0,0.0,0.0,0.0,0.0,0.0,0,49
2024-25,31,309,494,James Maddison,MID,Spurs,18,17,1,2025-04-06T13:00:00Z,79,7,0,1,1,0,1,30,28.4,26.9,4.0,5.9,0.0,0.14,0.14,0.71,1,74
2024-25,31,309,495,Pedro Porro,DEF,Spurs,18,17,1,2025-04-06T13:00:00Z,90,1,0,0,0,1,0,18,32.0,40.8,1.0,7.4,0.02,0.26,0.28,1.04,1,53
2024-25,31,309,496,Sergio Reguilón,DEF,Spurs,18,17,1,2025-04-06T13:00:00Z,0,0,0,0,0,0,0,0,0.0,0.0,0.0,0.0,0.0,0.0,0.0,0.0,0,41
2024-25,31,309,497,Richarlison de Andrade,FWD,Spurs,18,17,1,2025-04-06T13:00:00Z,0,0,0,0,0,0,0,0,0.0,0.0,0.0,0.0,0.0,0.0,0.0,0.0,0,68
2024-25,31,309,498,Cristian Romero,DEF,Spurs,18,17,1,2025-04-06T13:00:00Z,90,2,0,0,0,1,0,5,20.6,1.7,50.0,7.2,0.23,0.0,0.23,1.04,1,49
2024-25,31,309,499,Pape Matar Sarr,MID,Spurs,18,17,1,2025-04-06T13:00:00Z,33,1,0,0,0,1,0,3,3.0,0.8,0.0,0.4,0.0,0.0,0.0,0.39,0,47
2024-25,31,309,500,Dane Scarlett,FWD,Spurs,18,17,1,2025-04-06T13:00:00Z,0,0,0,0,0,0,0,0,0.0,0.0,0.0,0.0,0.0,0.0,0.0,0.0,0,44
2024-25,31,307,501,Oliver Skipp,MID,Leicester,11,15,1,2025-04-07T19:00:00Z,0,0,0,0,0,0,0,0,0.0,0.0,0.0,0.0,0.0,0.0,0.0,0.0,0,47
2024-25,31,309,502,Manor Solomon,MID,Spurs,18,17,1,2025-04-06T13:00:00Z,0,0,0,0,0,0,0,0,0.0,0.0,0.0,0.0,0.0,0.0,0.0,0.0,0,54
2024-25,31,309,503,Son Heung-min,MID,Spurs,18,17,1,2025-04-06T13:00:00Z,56,1,0,0,0,0,0,1,7.0,15.0,9.0,3.1,0.04,0.2,0.24,0.65,1,97
2024-25,31,309,504,Djed Spence,DEF,Spurs,18,17,1,2025-04-06T13:00:00Z,90,5,0,1,0,1,0,23,28.8,16.2,21.0,6.6,0.15,0.3,0.45,1.04,1,44
2024-25,31,309,505,Destiny Udogie,DEF,Spurs,18,17,1,2025-04-06T13:00:00Z,0,0,0,0,0,0,0,0,0.0,0.0,0.0,0.0,0.0,0.0,0.0,0.0,0,48
2024-25,31,309,506,Micky van de Ven,DEF,Spurs,18,17,1,2025-04-06T13:00:00Z,0,0,0,0,0,0,0,0,0.0,0.0,0.0,0.0,0.0,0.0,0.0,0.0,0,45
2024-25,31,309,507,Alejo Véliz,FWD,Spurs,18,17,1,2025-04-06T13:00:00Z,0,0,0,0,0,0,0,0,0.0,0.0,0.0,0.0,0.0,0.0,0.0,0.0,0,50
2024-25,31,309,508,Guglielmo Vicario,GK,Spurs,18,17,1,2025-04-06T13:00:00Z,90,3,0,0,0,1,0,18,24.2,0.0,0.0,2.4,0.0,0.0,0.0,1.04,1,48
2024-25,31,309,509,Timo Werner,MID,Spurs,18,17,1,2025-04-06T13:00:00Z,0,0,0,0,0,0,0,0,0.0,0.0,0.0,0.0,0.0,0.0,0.0,0.0,0,62
2024-25,31,309,510,Alfie Whiteman,GK,Spurs,18,17,1,2025-04-06T13:00:00Z,0,0,0,0,0,0,0,0,0.0,0.0,0.0,0.0,0.0,0.0,0.0,0.0,0,39
2024-25,31,310,511,Edson Álvarez Velázquez,MID,West Ham,19,3,1,2025-04-05T14:00:00Z,53,1,0,0,0,1,0,10,4.2,4.2,0.0,0.8,0.0,0.04,0.04,1.13,1,50
2024-25,31,310,512,Michail Antonio,FWD,West Ham,19,3,1,2025-04-05T14:00:00Z,0,0,0,0,0,0,0,0,0.0,0.0,0.0,0.0,0.0,0.0,0.0,0.0,0,53
2024-25,31,310,513,Alphonse Areola,GK,West Ham,19,3,1,2025-04-05T14:00:00Z,90,2,0,0,0,2,0,6,17.8,0.0,0.0,1.8,0.0,0.0,0.0,2.12,1,42
2024-25,31,310,514,Jarrod Bowen,MID,West Ham,19,3,1,2025-04-05T14:00:00Z,90,7,1,0,0,2,0,27,40.4,1.7,33.0,7.5,0.37,0.02,0.39,2.12,1,76
2024-25,31,309,515,Maxwel Cornet,MID,Southampton,17,18,0,2025-04-06T13:00:00Z,0,0,0,0,0,0,0,0,0.0,0.0,0.0,0.0,0.0,0.0,0.0,0.0,0,47
2024-25,31,310,516,Vladimír Coufal,DEF,West Ham,19,3,1,2025-04-05T14:00:00Z,0,0,0,0,0,0,0,0,0.0,0.0,0.0,0.0,0.0,0.0,0.0,0.0,0,41
2024-25,31,310,517,Aaron Cresswell,DEF,West Ham,19,3,1,2025-04-05T14:00:00Z,0,0,0,0,0,0,0,0,0.0,0.0,0.0,0.0,0.0,0.0,0.0,0.0,0,39
2024-25,31,309,518,Flynn Downes,MID,Southampton,17,18,0,2025-04-06T13:00:00Z,0,0,0,0,0,0,0,0,0.0,0.0,0.0,0.0,0.0,0.0,0.0,0.0,0,47
2024-25,31,310,519,George Earthy,MID,West Ham,19,3,1,2025-04-05T14:00:00Z,0,0,0,0,0,0,0,0,0.0,0.0,0.0,0.0,0.0,0.0,0.0,0.0,0,45
2024-25,31,310,520,Emerson Palmieri dos Santos,DEF,West Ham,19,3,1,2025-04-05T14:00:00Z,45,1,0,0,0,1,0,1,4.4,5.2,0.0,1.0,0.0,0.03,0.03,1.0,0,44
2024-25,31,310,521,Łukasz Fabiański,GK,West Ham,19,3,1,2025-04-05T14:00:00Z,0,0,0,0,0,0,0,0,0.0,0.0,0.0,0.0,0.0,0.0,0.0,0.0,0,40
2024-25,31,310,522,Wes Foderingham,GK,West Ham,19,3,1,2025-04-05T14:00:00Z,0,0,0,0,0,0,0,0,0.0,0.0,0.0,0.0,0.0,0.0,0.0,0.0,0,42
2024-25,31,310,523,Danny Ings,FWD,West Ham,19,3,1,2025-04-05T14:00:00Z,0,0,0,0,0,0,0,0,0.0,0.0,0.0,0.0,0.0,0.0,0.0,0.0,0,49
2024-25,31,310,524,Max Kilman,DEF,West Ham,19,3,1,2025-04-05T14:00:00Z,90,1,0,0,0,2,0,7,15.8,1.2,0.0,1.7,0.0,0.01,0.01,2.12,1,43
2024-25,31,310,525,Mohammed Kudus,MID,West Ham,19,3,1,2025-04-05T14:00:00Z,83,4,0,1,0,2,0,7,22.8,41.6,4.0,6.8,0.0,0.14,0.14,2.04,1,62
2024-25,31,310,526,Luis Guilherme Lira dos Santos,MID,West Ham,19,3,1,2025-04-05T14:00:00Z,6,1,0,0,0,0,0,2,0.2,0.4,4.0,0.5,0.11,0.0,0.11,0.08,0,46
2024-25,31,310,527,Lucas Tolentino Coelho de Lima,MID,West Ham,19,3,1,2025-04-05T14:00:00Z,90,2,0,0,0,2,0,13,7.8,21.8,3.0,3.3,0.03,0.12,0.15,2.12,1,57
2024-25,31,310,528,Konstantinos Mavropanos,DEF,West Ham,19,3,1,2025-04-05T14:00:00Z,6,1,0,0,0,0,0,3,0.4,0.0,0.0,0.0,0.0,0.0,0.0,0.08,0,43
2024-25,31,310,529,Nayef Aguerd,DEF,West Ham,19,3,1,2025-04-05T14:00:00Z,0,0,0,0,0,0,0,0,0.0,0.0,0.0,0.0,0.0,0.0,0.0,0.0,0,44
2024-25,31,310,530,Tomáš Souček,MID,West Ham,19,3,1,2025-04-05T14:00:00Z,53,1,0,0,0,1,0,3,10.0,0.8,8.0,1.9,0.02,0.0,0.02,1.13,1,49
2024-25,31,310,531,James Ward-Prowse,MID,West Ham,19,3,1,2025-04-05T14:00:00Z,90,4,0,1,0,2,0,22,25.8,29.3,0.0,5.5,0.0,0.12,0.12,2.12,1,61
2024-25,31,310,532,Kurt Zouma,DEF,West Ham,19,3,1,2025-04-05T14:00:00Z,0,0,0,0,0,0,0,0,0.0,0.0,0.0,0.0,0.0,0.0,0.0,0.0,0,44
2024-25,31,306,533,Rayan Aït-Nouri,DEF,Wolves,20,10,0,2025-04-05T14:00:00Z,87,2,0,0,0,1,0,11,18.0,64.5,40.0,12.3,0.34,0.63,0.97,0.72,1,48
2024-25,31,306,534,Boubacar Traoré,MID,Wolves,20,10,0,2025-04-05T14:00:00Z,0,0,0,0,0,0,0,0,0.0,0.0,0.0,0.0,0.0,0.0,0.0,0.0,0,48
2024-25,31,306,535,Jean-Ricner Bellegarde,MID,Wolves,20,10,0,2025-04-05T14:00:00Z,64,2,0,0,0,1,0,9,6.8,40.5,6.0,5.3,0.1,0.07,0.17,0.72,1,49
2024-25,31,306,536,Daniel Bentley,GK,Wolves,20,10,0,2025-04-05T14:00:00Z,0,0,0,0,0,0,0,0,0.0,0.0,0.0,0.0,0.0,0.0,0.0,0.0,0,39
2024-25,31,306,537,Francisco Jorge Tomás Oliveira,MID,Wolves,20,10,0,2025-04-05T14:00:00Z,0,0,0,0,0,0,0,0,0.0,0.0,0.0,0.0,0.0,0.0,0.0,0.0,0,45
2024-25,31,306,538,Tawanda Chirewa,MID,Wolves,20,10,0,2025-04-05T14:00:00Z,0,0,0,0,0,0,0,0,0.0,0.0,0.0,0.0,0.0,0.0,0.0,0.0,0,45
2024-25,31,306,539,Leon Chiwome,FWD,Wolves,20,10,0,2025-04-05T14:00:00Z,0,0,0,0,0,0,0,0,0.0,0.0,0.0,0.0,0.0,0.0,0.0,0.0,0,44
2024-25,31,306,540,Luke Cundle,MID,Wolves,20,10,0,2025-04-05T14:00:00Z,0,0,0,0,0,0,0,0,0.0,0.0,0.0,0.0,0.0,0.0,0.0,0.0,0,45
2024-25,31,306,541,Matheus Santos Carneiro Da Cunha,FWD,Wolves,20,10,0,2025-04-05T14:00:00Z,0,0,0,0,0,0,0,0,0.0,0.0,0.0,0.0,0.0,0.0,0.0,0.0,0,68
2024-25,31,306,542,Craig Dawson,DEF,Wolves,20,10,0,2025-04-05T14:00:00Z,0,0,0,0,0,0,0,0,0.0,0.0,0.0,0.0,0.0,0.0,0.0,0.0,0,43
2024-25,31,306,543,Matt Doherty,DEF,Wolves,20,10,0,2025-04-05T14:00:00Z,64,2,0,0,0,1,0,3,2.2,4.1,6.0,1.2,0.03,0.24,0.27,0.72,1,43
2024-25,31,306,544,Tommy Doyle,MID,Wolves,20,10,0,2025-04-05T14:00:00Z,0,0,0,0,0,0,0,0,0.0,0.0,0.0,0.0,0.0,0.0,0.0,0.0,0,47
2024-25,31,306,545,Fábio Silva,FWD,Wolves,20,10,0,2025-04-05T14:00:00Z,0,0,0,0,0,0,0,0,0.0,0.0,0.0,0.0,0.0,0.0,0.0,0.0,0,50
2024-25,31,306,546,Nathan Fraser,FWD,Wolves,20,10,0,2025-04-05T14:00:00Z,0,0,0,0,0,0,0,0,0.0,0.0,0.0,0.0,0.0,0.0,0.0,0.0,0,45
2024-25,31,306,547,Enso González,MID,Wolves,20,10,0,2025-04-05T14:00:00Z,0,0,0,0,0,0,0,0,0.0,0.0,0.0,0.0,0.0,0.0,0.0,0.0,0,44
2024-25,31,306,548,Gonçalo Manuel Ganchinho Guedes,MID,Wolves,20,10,0,2025-04-05T14:00:00Z,0,0,0,0,0,0,0,0,0.0,0.0,0.0,0.0,0.0,0.0,0.0,0.0,0,53
2024-25,31,306,549,Hugo Bueno López,DEF,Wolves,20,10,0,2025-04-05T14:00:00Z,0,0,0,0,0,0,0,0,0.0,0.0,0.0,0.0,0.0,0.0,0.0,0.0,0,45
2024-25,31,306,550,Hwang Hee-chan,MID,Wolves,20,10,0,2025-04-05T14:00:00Z,0,0,0,0,0,0,0,0,0.0,0.0,0.0,0.0,0.0,0.0,0.0,0.0,0,61
2024-25,31,306,551,Joe Hodge,MID,Wolves,20,10,0,2025-04-05T14:00:00Z,0,0,0,0,0,0,0,0,0.0,0.0,0.0,0.0,0.0,0.0,0.0,0.0,0,45
2024-25,31,306,552,Ki-Jana Hoever,DEF,Wolves,20,10,0,2025-04-05T14:00:00Z,0,0,0,0,0,0,0,0,0.0,0.0,0.0,0.0,0.0,0.0,0.0,0.0,0,40
2024-25,31,306,553,João Victor Gomes da Silva,MID,Wolves,20,10,0,2025-04-05T14:00:00Z,90,2,0,0,0,1,0,11,2.4,5.1,14.0,2.2,0.16,0.06,0.22,0.8,1,49
2024-25,31,306,554,José Malheiro de Sá,GK,Wolves,20,10,0,2025-04-05T14:00:00Z,90,2,0,0,0,1,0,6,6.0,0.0,0.0,0.6,0.0,0.0,0.0,0.8,1,44
2024-25,31,306,555,Saša Kalajdžić,FWD,Wolves,20,10,0,2025-04-05T14:00:00Z,0,0,0,0,0,0,0,0,0.0,0.0,0.0,0.0,0.0,0.0,0.0,0.0,0,48
2024-25,31,306,556,Tom King,GK,Wolves,20,10,0,2025-04-05T14:00:00Z,0,0,0,0,0,0,0,0,0.0,0.0,0.0,0.0,0.0,0.0,0.0,0.0,0,40
2024-25,31,306,557,Mario Lemina,MID,Wolves,20,10,0,2025-04-05T14:00:00Z,0,0,0,0,0,0,0,0,0.0,0.0,0.0,0.0,0.0,0.0,0.0,0.0,0,48
2024-25,31,306,558,Yerson Mosquera,DEF,Wolves,20,10,0,2025-04-05T14:00:00Z,0,0,0,0,0,0,0,0,0.0,0.0,0.0,0.0,0.0,0.0,0.0,0.0,0,38
2024-25,31,306,559,Nélson Cabral Semedo,DEF,Wolves,20,10,0,2025-04-05T14:00:00Z,90,2,0,0,0,1,0,9,14.0,5.8,7.0,2.7,0.07,0.06,0.13,0.8,1,45
2024-25,31,302,560,Pedro Lomba Neto,MID,Chelsea,6,4,0,2025-04-06T13:00:00Z,31,1,0,0,0,0,0,10,12.8,28.1,35.0,7.6,0.22,0.05,0.27,0.66,0,62
2024-25,31,306,561,Pedro Cardoso de Lima,DEF,Wolves,20,10,0,2025-04-05T14:00:00Z,0,0,0,0,0,0,0,0,0.0,0.0,0.0,0.0,0.0,0.0,0.0,0.0,0,39
2024-25,31,306,562,Daniel Castelo Podence,MID,Wolves,20,10,0,2025-04-05T14:00:00Z,0,0,0,0,0,0,0,0,0.0,0.0,0.0,0.0,0.0,0.0,0.0,0.0,0,55
2024-25,31,306,563,Rodrigo Martins Gomes,MID,Wolves,20,10,0,2025-04-05T14:00:00Z,25,1,0,0,0,0,0,8,5.6,15.3,2.0,2.3,0.0,0.16,0.16,0.08,0,51
2024-25,31,306,564,Santiago Bueno,DEF,Wolves,20,10,0,2025-04-05T14:00:00Z,2,1,0,0,0,0,0,3,0.0,0.0,0.0,0.0,0.0,0.0,0.0,0.08,0,43
2024-25,31,306,565,Pablo Sarabia,MID,Wolves,20,10,0,2025-04-05T14:00:00Z,25,12,1,1,0,0,3,42,59.4,39.7,21.0,12.0,0.05,0.74,0.79,0.08,0,50
2024-25,31,306,566,Jørgen Strand Larsen,FWD,Wolves,20,10,0,2025-04-05T14:00:00Z,90,6,1,0,0,1,1,24,33.6,2.8,68.0,10.4,1.04,0.08,1.12,0.8,1,53
2024-25,31,306,567,Toti António Gomes,DEF,Wolves,20,10,0,2025-04-05T14:00:00Z,90,2,0,0,0,1,0,12,25.8,16.2,48.0,9.0,0.54,0.02,0.56,0.8,1,43
2024-25,31,306,568,Arijanet Muric,GK,Ipswich,10,20,1,2025-04-05T14:00:00Z,0,0,0,0,0,0,0,0,0.0,0.0,0.0,0.0,0.0,0.0,0.0,0.0,0,44
2024-25,31,306,569,Jaden Philogene,MID,Ipswich,10,20,1,2025-04-05T14:00:00Z,9,1,0,0,0,1,0,3,0.0,0.0,5.0,0.4,0.08,0.0,0.08,0.86,0,53
2024-25,31,307,570,Abdul Fatawu,MID,Leicester,11,15,1,2025-04-07T19:00:00Z,0,0,0,0,0,0,0,0,0.0,0.0,0.0,0.0,0.0,0.0,0.0,0.0,0,51
2024-25,31,308,571,Sávio 'Savinho' Moreira de Oliveira,MID,Man City,13,14,0,2025-04-06T15:30:00Z,0,0,0,0,0,0,0,0,0.0,0.0,0.0,0.0,0.0,0.0,0.0,0.0,0,62
2024-25,31,308,572,Leny Yoro,DEF,Man Utd,14,13,1,2025-04-06T15:30:00Z,90,5,0,0,1,0,0,18,7.2,1.8,0.0,0.9,0.0,0.01,0.01,0.49,1,43
2024-25,31,301,573,Nikola Milenković,DEF,Nott'm Forest,16,2,0,2025-04-05T16:30:00Z,90,1,0,0,0,2,0,8,15.8,0.2,0.0,1.6,0.0,0.01,0.01,3.03,1,50
2024-25,31,307,574,Miodrag Pivaš,DEF,Newcastle,15,11,0,2025-04-07T19:00:00Z,0,0,0,0,0,0,0,0,0.0,0.0,0.0,0.0,0.0,0.0,0.0,0.0,0,40
2024-25,31,302,575,Caleb Wiley,DEF,Chelsea,6,4,0,2025-04-06T13:00:00Z,0,0,0,0,0,0,0,0,0.0,0.0,0.0,0.0,0.0,0.0,0.0,0.0,0,40
2024-25,31,310,576,Andy Irving,MID,West Ham,19,3,1,2025-04-05T14:00:00Z,0,0,0,0,0,0,0,0,0.0,0.0,0.0,0.0,0.0,0.0,0.0,0.0,0,47
2024-25,31,304,577,Jesper Lindstrøm,MID,Everton,8,1,1,2025-04-05T11:30:00Z,0,0,0,0,0,0,0,0,0.0,0.0,0.0,0.0,0.0,0.0,0.0,0.0,0,50
2024-25,31,304,578,Riccardo Calafiori,DEF,Arsenal,1,8,0,2025-04-05T11:30:00Z,0,0,0,0,0,0,0,0,0.0,0.0,0.0,0.0,0.0,0.0,0.0,0.0,0,58
2024-25,31,305,579,Ryan Sessegnon,DEF,Fulham,9,12,1,2025-04-06T13:00:00Z,81,7,1,0,0,2,0,9,37.4,10.7,33.0,8.1,0.12,0.06,0.18,1.37,1,41
2024-25,31,310,580,Dean Huijsen,DEF,Bournemouth,3,19,0,2025-04-05T14:00:00Z,90,4,0,1,0,2,0,15,33.8,11.2,10.0,5.5,0.03,0.19,0.22,0.69,1,45
2024-25,31,302,581,Filip Jørgensen,GK,Chelsea,6,4,0,2025-04-06T13:00:00Z,0,0,0,0,0,0,0,0,0.0,0.0,0.0,0.0,0.0,0.0,0.0,0.0,0,42
2024-25,31,304,582,Jake O'Brien,DEF,Everton,8,1,1,2025-04-05T11:30:00Z,90,1,0,0,0,1,0,-1,5.0,1.0,6.0,1.2,0.1,0.0,0.1,1.79,1,45
2024-25,31,306,583,Conor Townsend,DEF,Ipswich,10,20,1,2025-04-05T14:00:00Z,80,2,0,0,0,1,0,8,14.4,1.4,9.0,2.5,0.03,0.01,0.04,1.85,1,39
2024-25,31,309,584,Ben Brereton Díaz,MID,Southampton,17,18,0,2025-04-06T13:00:00Z,0,0,0,0,0,0,0,0,0.0,0.0,0.0,0.0,0.0,0.0,0.0,0.0,0,48
2024-25,31,303,585,Ismaïla Sarr,MID,Crystal Palace,7,5,1,2025-04-05T14:00:00Z,90,2,0,0,0,1,0,6,11.8,2.5,4.0,1.8,0.0,0.01,0.01,1.0,1,57
2024-25,31,305,586,Jorge Cuenca Barreno,DEF,Fulham,9,12,1,2025-04-06T13:00:00Z,0,0,0,0,0,0,0,0,0.0,0.0,0.0,0.0,0.0,0.0,0.0,0.0,0,44
2024-25,31,310,587,Crysencio Summerville,MID,West Ham,19,3,1,2025-04-05T14:00:00Z,0,0,0,0,0,0,0,0,0.0,0.0,0.0,0.0,0.0,0.0,0.0,0.0,0,55
2024-25,31,310,588,Guido Rodríguez,MID,West Ham,19,3,1,2025-04-05T14:00:00Z,0,0,0,0,0,0,0,0,0.0,0.0,0.0,0.0,0.0,0.0,0.0,0.0,0,48
2024-25,31,310,589,Niclas Füllkrug,FWD,West Ham,19,3,1,2025-04-05T14:00:00Z,36,7,1,0,0,1,2,32,41.6,12.3,17.0,7.1,0.15,0.01,0.16,1.0,0,67
2024-25,31,307,590,William Osula,FWD,Newcastle,15,11,0,2025-04-07T19:00:00Z,18,1,0,0,0,0,0,1,1.0,0.3,4.0,0.5,0.04,0.0,0.04,0.23,0,49
2024-25,31,310,591,Jean-Clair Todibo,DEF,West Ham,19,3,1,2025-04-05T14:00:00Z,83,1,0,0,0,2,0,4,19.0,0.8,0.0,2.0,0.0,0.0,0.0,2.04,1,42
2024-25,31,310,592,Julián Araujo Zúñiga,DEF,Bournemouth,3,19,0,2025-04-05T14:00:00Z,0,0,0,0,0,0,0,0,0.0,0.0,0.0,0.0,0.0,0.0,0.0,0.0,0,43
2024-25,31,308,593,Matthijs de Ligt,DEF,Man Utd,14,13,1,2025-04-06T15:30:00Z,0,0,0,0,0,0,0,0,0.0,0.0,0.0,0.0,0.0,0.0,0.0,0.0,0,48
2024-25,31,308,594,Noussair Mazraoui,DEF,Man Utd,14,13,1,2025-04-06T15:30:00Z,90,7,0,0,1,0,1,29,18.2,1.5,1.0,2.1,0.01,0.01,0.02,0.49,1,42
2024-25,31,303,595,Brajan Gruda,MID,Brighton,5,7,0,2025-04-05T14:00:00Z,18,1,0,0,0,0,0,5,2.6,11.7,4.0,1.8,0.0,0.05,0.05,0.06,0,54
2024-25,31,301,596,João Pedro Ferreira Silva,MID,Nott'm Forest,16,2,0,2025-04-05T16:30:00Z,45,5,1,0,0,0,0,14,30.6,11.3,19.0,6.1,0.1,0.01,0.11,1.57,0,59
2024-25,31,304,597,Myles Lewis-Skelly,MID,Arsenal,1,8,0,2025-04-05T11:30:00Z,74,2,0,0,0,1,0,10,3.8,11.7,2.0,1.8,0.0,0.03,0.03,1.09,1,45
2024-25,31,301,598,Lamare Bogarde,DEF,Aston Villa,2,16,1,2025-04-05T16:30:00Z,0,0,0,0,0,0,0,0,0.0,0.0,0.0,0.0,0.0,0.0,0.0,0.0,0,39
2024-25,31,310,599,Will Dennis,GK,Bournemouth,3,19,0,2025-04-05T14:00:00Z,0,0,0,0,0,0,0,0,0.0,0.0,0.0,0.0,0.0,0.0,0.0,0.0,0,39
2024-25,31,303,600,Yasin Ayari,MID,Brighton,5,7,0,2025-04-05T14:00:00Z,9,1,0,0,0,0,0,4,6.4,0.6,37.0,4.4,0.24,0.0,0.24,0.06,0,50
2024-25,31,303,601,Andrew Moran,MID,Brighton,5,7,0,2025-04-05T14:00:00Z,0,0,0,0,0,0,0,0,0.0,0.0,0.0,0.0,0.0,0.0,0.0,0.0,0,50
2024-25,31,302,602,Ryan Trevitt,MID,Brentford,4,6,1,2025-04-06T13:00:00Z,0,0,0,0,0,0,0,0,0.0,0.0,0.0,0.0,0.0,0.0,0.0,0.0,0,44
2024-25,31,304,603,Harrison Armstrong,MID,Everton,8,1,1,2025-04-05T11:30:00Z,0,0,0,0,0,0,0,0,0.0,0.0,0.0,0.0,0.0,0.0,0.0,0.0,0,44
2024-25,31,305,604,Josh King,MID,Fulham,9,12,1,2025-04-06T13:00:00Z,0,0,0,0,0,0,0,0,0.0,0.0,0.0,0.0,0.0,0.0,0.0,0.0,0,44
2024-25,31,305,605,Martial Godo,MID,Fulham,9,12,1,2025-04-06T13:00:00Z,0,0,0,0,0,0,0,0,0.0,0.0,0.0,0.0,0.0,0.0,0.0,0.0,0,44
2024-25,31,307,606,Will Alves,MID,Leicester,11,15,1,2025-04-07T19:00:00Z,0,0,0,0,0,0,0,0,0.0,0.0,0.0,0.0,0.0,0.0,0.0,0.0,0,44
2024-25,31,308,607,Nico O'Reilly,MID,Man City,13,14,0,2025-04-06T15:30:00Z,73,3,0,0,1,0,0,10,6.6,16.5,10.0,3.3,0.0,0.17,0.17,0.51,1,49
2024-25,31,309,608,Tyler Dibling,MID,Southampton,17,18,0,2025-04-06T13:00:00Z,72,2,0,0,0,2,0,10,9.4,20.2,4.0,3.4,0.0,0.1,0.1,1.26,1,44
2024-25,31,309,609,Will Lankshear,FWD,Spurs,18,17,1,2025-04-06T13:00:00Z,0,0,0,0,0,0,0,0,0.0,0.0,0.0,0.0,0.0,0.0,0.0,0.0,0,45
2024-25,31,309,610,Mikey Moore,MID,Spurs,18,17,1,2025-04-06T13:00:00Z,0,0,0,0,0,0,0,0,0.0,0.0,0.0,0.0,0.0,0.0,0.0,0.0,0,45
2024-25,31,306,611,Sam Szmodics,MID,Ipswich,10,20,1,2025-04-05T14:00:00Z,0,0,0,0,0,0,0,0,0.0,0.0,0.0,0.0,0.0,0.0,0.0,0.0,0,57
2024-25,31,309,612,Wilson Odobert,MID,Spurs,18,17,1,2025-04-06T13:00:00Z,33,1,0,0,0,1,0,1,2.4,1.1,0.0,0.4,0.0,0.03,0.03,0.39,0,53
2024-25,31,308,613,Toby Collyer,MID,Man Utd,14,13,1,2025-04-06T15:30:00Z,0,0,0,0,0,0,0,0,0.0,0.0,0.0,0.0,0.0,0.0,0.0,0.0,0,45
2024-25,31,304,614,Jenson Metcalfe,MID,Everton,8,1,1,2025-04-05T11:30:00Z,0,0,0,0,0,0,0,0,0.0,0.0,0.0,0.0,0.0,0.0,0.0,0.0,0,45
2024-25,31,303,615,Carl Rushworth,GK,Brighton,5,7,0,2025-04-05T14:00:00Z,0,0,0,0,0,0,0,0,0.0,0.0,0.0,0.0,0.0,0.0,0.0,0.0,0,39
2024-25,31,307,616,Ben Nelson,DEF,Leicester,11,15,1,2025-04-07T19:00:00Z,0,0,0,0,0,0,0,0,0.0,0.0,0.0,0.0,0.0,0.0,0.0,0.0,0,40
2024-25,31,310,617,Francisco Evanilson de Lima Barbosa,FWD,Bournemouth,3,19,0,2025-04-05T14:00:00Z,89,13,2,0,0,2,3,57,66.0,12.2,70.0,14.8,1.72,0.01,1.73,0.69,1,57
2024-25,31,303,618,Georginio Rutter,MID,Brighton,5,7,0,2025-04-05T14:00:00Z,0,0,0,0,0,0,0,0,0.0,0.0,0.0,0.0,0.0,0.0,0.0,0.0,0,51
2024-25,31,306,619,Jens Cajuste,MID,Ipswich,10,20,1,2025-04-05T14:00:00Z,80,2,0,0,0,1,0,15,9.0,15.2,0.0,2.4,0.0,0.21,0.21,1.85,1,45
2024-25,31,301,620,Ramón Sosa,MID,Nott'm Forest,16,2,0,2025-04-05T16:30:00Z,16,1,0,0,0,0,0,8,6.0,14.0,2.0,2.2,0.0,0.06,0.06,0.78,0,55
2024-25,31,302,621,João Félix Sequeira,MID,Chelsea,6,4,0,2025-04-06T13:00:00Z,0,0,0,0,0,0,0,0,0.0,0.0,0.0,0.0,0.0,0.0,0.0,0.0,0,59
2024-25,31,305,622,Sander Berge,MID,Fulham,9,12,1,2025-04-06T13:00:00Z,90,2,0,0,0,2,0,16,6.2,15.8,2.0,2.4,0.0,0.05,0.05,1.5,1,50
2024-25,31,309,623,Mateus Gonçalo Espanha Fernandes,MID,Southampton,17,18,0,2025-04-06T13:00:00Z,90,9,1,0,0,3,2,38,55.6,15.3,32.0,10.3,0.4,0.03,0.43,2.12,1,50
2024-25,31,304,624,Asmir Begovic,GK,Everton,8,1,1,2025-04-05T11:30:00Z,0,0,0,0,0,0,0,0,0.0,0.0,0.0,0.0,0.0,0.0,0.0,0.0,0,40
2024-25,31,308,625,Ilkay Gündogan,MID,Man City,13,14,0,2025-04-06T15:30:00Z,73,3,0,0,1,0,0,7,2.0,6.9,1.0,1.0,0.03,0.03,0.06,0.51,1,63
2024-25,31,308,626,Issa Kaboré,DEF,Man City,13,14,0,2025-04-06T15:30:00Z,0,0,0,0,0,0,0,0,0.0,0.0,0.0,0.0,0.0,0.0,0.0,0.0,0,45
2024-25,31,304,627,Roman Dixon,DEF,Everton,8,1,1,2025-04-05T11:30:00Z,0,0,0,0,0,0,0,0,0.0,0.0,0.0,0.0,0.0,0.0,0.0,0.0,0,40
2024-25,31,303,628,Ferdi Kadioglu,DEF,Brighton,5,7,0,2025-04-05T14:00:00Z,0,0,0,0,0,0,0,0,0.0,0.0,0.0,0.0,0.0,0.0,0.0,0.0,0,44
2024-25,31,303,629,Matt O'Riley,MID,Brighton,5,7,0,2025-04-05T14:00:00Z,62,2,0,0,0,2,0,9,23.4,5.4,0.0,2.9,0.0,0.02,0.02,0.44,1,55
2024-25,31,306,630,Dara O'Shea,DEF,Ipswich,10,20,1,2025-04-05T14:00:00Z,90,4,0,1,0,2,0,22,44.2,11.0,12.0,6.7,0.21,0.37,0.58,2.71,1,39
2024-25,31,306,631,Jack Clarke,MID,Ipswich,10,20,1,2025-04-05T14:00:00Z,0,0,0,0,0,0,0,0,0.0,0.0,0.0,0.0,0.0,0.0,0.0,0.0,0,54
2024-25,31,306,632,Chiedozie Ogbene,MID,Ipswich,10,20,1,2025-04-05T14:00:00Z,0,0,0,0,0,0,0,0,0.0,0.0,0.0,0.0,0.0,0.0,0.0,0.0,0,48
2024-25,31,304,633,Mikel Merino,MID,Arsenal,1,8,0,2025-04-05T11:30:00Z,90,2,0,0,0,1,0,15,15.6,3.1,13.0,3.2,0.15,0.02,0.17,1.09,1,61
2024-25,31,302,634,Gustavo Nunes Fernandes Gomes,MID,Brentford,4,6,1,2025-04-06T13:00:00Z,0,0,0,0,0,0,0,0,0.0,0.0,0.0,0.0,0.0,0.0,0.0,0.0,0,49
2024-25,31,307,635,Bilal El Khannouss,MID,Leicester,11,15,1,2025-04-07T19:00:00Z,73,2,0,0,0,3,0,7,12.6,25.8,17.0,5.5,0.07,0.07,0.14,2.9,1,48
2024-25,31,305,636,Federico Chiesa,MID,Liverpool,12,9,0,2025-04-06T13:00:00Z,8,1,0,0,0,0,0,4,2.6,0.6,19.0,2.2,0.09,0.0,0.09,0.09,0,68
2024-25,31,306,637,Bastien Meupiyou,DEF,Wolves,20,10,0,2025-04-05T14:00:00Z,0,0,0,0,0,0,0,0,0.0,0.0,0.0,0.0,0.0,0.0,0.0,0.0,0,39
2024-25,31,304,638,Salah-Eddine Oulad M'hand,MID,Arsenal,1,8,0,2025-04-05T11:30:00Z,0,0,0,0,0,0,0,0,0.0,0.0,0.0,0.0,0.0,0.0,0.0,0.0,0,45
2024-25,31,304,639,Tommy Setford,GK,Arsenal,1,8,0,2025-04-05T11:30:00Z,0,0,0,0,0,0,0,0,0.0,0.0,0.0,0.0,0.0,0.0,0.0,0.0,0,45
2024-25,31,301,640,Sil Swinkels,DEF,Aston Villa,2,16,1,2025-04-05T16:30:00Z,0,0,0,0,0,0,0,0,0.0,0.0,0.0,0.0,0.0,0.0,0.0,0.0,0,40
2024-25,31,301,641,Oliwier Zych,GK,Aston Villa,2,16,1,2025-04-05T16:30:00Z,0,0,0,0,0,0,0,0,0.0,0.0,0.0,0.0,0.0,0.0,0.0,0.0,0,40
2024-25,31,306,642,André Trindade da Costa Neto,MID,Wolves,20,10,0,2025-04-05T14:00:00Z,90,1,0,0,0,1,0,11,10.0,13.0,2.0,2.5,0.0,0.03,0.03,0.8,1,50
2024-25,31,310,643,Kaelan Casey,DEF,West Ham,19,3,1,2025-04-05T14:00:00Z,0,0,0,0,0,0,0,0,0.0,0.0,0.0,0.0,0.0,0.0,0.0,0.0,0,40
2024-25,31,303,644,Franco Umeh-Chibueze,MID,Crystal Palace,7,5,1,2025-04-05T14:00:00Z,0,0,0,0,0,0,0,0,0.0,0.0,0.0,0.0,0.0,0.0,0.0,0.0,0,44
2024-25,31,303,645,Justin Devenny,MID,Crystal Palace,7,5,1,2025-04-05T14:00:00Z,8,1,0,0,0,0,0,5,3.2,0.0,2.0,0.5,0.03,0.0,0.03,0.35,0,45
2024-25,31,303,646,Asher Agbinone,MID,Crystal Palace,7,5,1,2025-04-05T14:00:00Z,0,0,0,0,0,0,0,0,0.0,0.0,0.0,0.0,0.0,0.0,0.0,0.0,0,45
2024-25,31,303,647,Kaden Rodney,MID,Crystal Palace,7,5,1,2025-04-05T14:00:00Z,0,0,0,0,0,0,0,0,0.0,0.0,0.0,0.0,0.0,0.0,0.0,0.0,0,45
2024-25,31,308,648,Ethan Wheatley,FWD,Man Utd,14,13,1,2025-04-06T15:30:00Z,0,0,0,0,0,0,0,0,0.0,0.0,0.0,0.0,0.0,0.0,0.0,0.0,0,45
2024-25,31,302,649,Jayden Meghoma,DEF,Brentford,4,6,1,2025-04-06T13:00:00Z,0,0,0,0,0,0,0,0,0.0,0.0,0.0,0.0,0.0,0.0,0.0,0.0,0,40
2024-25,31,303,650,Maxence Lacroix,DEF,Crystal Palace,7,5,1,2025-04-05T14:00:00Z,89,2,0,0,0,1,0,11,7.8,0.2,15.0,2.3,0.31,0.0,0.31,0.66,1,45
2024-25,31,304,651,Orel Mangala,MID,Everton,8,1,1,2025-04-05T11:30:00Z,0,0,0,0,0,0,0,0,0.0,0.0,0.0,0.0,0.0,0.0,0.0,0.0,0,50
2024-25,31,308,652,Manuel Ugarte,MID,Man Utd,14,13,1,2025-04-06T15:30:00Z,70,3,0,0,1,0,0,6,0.8,6.9,10.0,1.8,0.28,0.04,0.32,0.49,1,49
2024-25,31,301,653,Felipe Rodrigues da Silva,DEF,Nott'm Forest,16,2,0,2025-04-05T16:30:00Z,74,0,0,0,0,2,0,-7,4.6,3.9,0.0,0.9,0.0,0.0,0.0,2.25,1,45
2024-25,31,310,654,Carlos Soler,MID,West Ham,19,3,1,2025-04-05T14:00:00Z,36,1,0,0,0,1,0,8,15.2,4.5,7.0,2.7,0.02,0.01,0.03,1.0,0,50
2024-25,31,306,655,Carlos Roberto Forbs Borges,MID,Wolves,20,10,0,2025-04-05T14:00:00Z,0,0,0,0,0,0,0,0,0.0,0.0,0.0,0.0,0.0,0.0,0.0,0.0,0,54
2024-25,31,301,656,Kadan Young,MID,Aston Villa,2,16,1,2025-04-05T16:30:00Z,0,0,0,0,0,0,0,0,0.0,0.0,0.0,0.0,0.0,0.0,0.0,0.0,0,44
2024-25,31,304,657,Maldini Kacurri,DEF,Arsenal,1,8,0,2025-04-05T11:30:00Z,0,0,0,0,0,0,0,0,0.0,0.0,0.0,0.0,0.0,0.0,0.0,0.0,0,40
2024-25,31,308,658,Ayden Heaven,DEF,Man Utd,14,13,1,2025-04-06T15:30:00Z,0,0,0,0,0,0,0,0,0.0,0.0,0.0,0.0,0.0,0.0,0.0,0.0,0,40
2024-25,31,304,659,Ismeal Kabia,MID,Arsenal,1,8,0,2025-04-05T11:30:00Z,0,0,0,0,0,0,0,0,0.0,0.0,0.0,0.0,0.0,0.0,0.0,0.0,0,45
2024-25,31,305,660,Vítezslav Jaros,GK,Liverpool,12,9,0,2025-04-06T13:00:00Z,0,0,0,0,0,0,0,0,0.0,0.0,0.0,0.0,0.0,0.0,0.0,0.0,0,40
2024-25,31,302,661,Tony Yogane,MID,Brentford,4,6,1,2025-04-06T13:00:00Z,0,0,0,0,0,0,0,0,0.0,0.0,0.0,0.0,0.0,0.0,0.0,0.0,0,45
2024-25,31,304,662,Josh Nichols,DEF,Arsenal,1,8,0,2025-04-05T11:30:00Z,0,0,0,0,0,0,0,0,0.0,0.0,0.0,0.0,0.0,0.0,0.0,0.0,0,40
2024-25,31,303,663,Imari Samuels,DEF,Brighton,5,7,0,2025-04-05T14:00:00Z,0,0,0,0,0,0,0,0,0.0,0.0,0.0,0.0,0.0,0.0,0.0,0.0,0,40
2024-25,31,306,664,Alfie Pond,DEF,Wolves,20,10,0,2025-04-05T14:00:00Z,0,0,0,0,0,0,0,0,0.0,0.0,0.0,0.0,0.0,0.0,0.0,0.0,0,39
2024-25,31,304,665,Nathan Butler-Oyedeji,FWD,Arsenal,1,8,0,2025-04-05T11:30:00Z,0,0,0,0,0,0,0,0,0.0,0.0,0.0,0.0,0.0,0.0,0.0,0.0,0,45
2024-25,31,303,666,Caleb Kporha,DEF,Crystal Palace,7,5,1,2025-04-05T14:00:00Z,0,0,0,0,0,0,0,0,0.0,0.0,0.0,0.0,0.0,0.0,0.0,0.0,0,40
2024-25,31,308,667,Jack Fletcher,MID,Man Utd,14,13,1,2025-04-06T15:30:00Z,0,0,0,0,0,0,0,0,0.0,0.0,0.0,0.0,0.0,0.0,0.0,0.0,0,45
2024-25,31,303,668,Killian Cahill,GK,Brighton,5,7,0,2025-04-05T14:00:00Z,0,0,0,0,0,0,0,0,0.0,0.0,0.0,0.0,0.0,0.0,0.0,0.0,0,39
2024-25,31,305,669,Harvey Davies,GK,Liverpool,12,9,0,2025-04-06T13:00:00Z,0,0,0,0,0,0,0,0,0.0,0.0,0.0,0.0,0.0,0.0,0.0,0.0,0,40
2024-25,31,308,670,Harry Amass,DEF,Man Utd,14,13,1,2025-04-06T15:30:00Z,0,0,0,0,0,0,0,0,0.0,0.0,0.0,0.0,0.0,0.0,0.0,0.0,0,40
2024-25,31,308,671,Jacob Wright,MID,Man City,13,14,0,2025-04-06T15:30:00Z,0,0,0,0,0,0,0,0,0.0,0.0,0.0,0.0,0.0,0.0,0.0,0.0,0,45
2024-25,31,308,672,Jahmai Simpson-Pusey,DEF,Man City,13,14,0,2025-04-06T15:30:00Z,0,0,0,0,0,0,0,0,0.0,0.0,0.0,0.0,0.0,0.0,0.0,0.0,0,40
2024-25,31,308,673,Jayce Fitzgerald,MID,Man Utd,14,13,1,2025-04-06T15:30:00Z,0,0,0,0,0,0,0,0,0.0,0.0,0.0,0.0,0.0,0.0,0.0,0.0,0,45
2024-25,31,302,674,Paris Maghoma,MID,Brentford,4,6,1,2025-04-06T13:00:00Z,0,0,0,0,0,0,0,0,0.0,0.0,0.0,0.0,0.0,0.0,0.0,0.0,0,45
2024-25,31,308,675,Josh Wilson-Esbrand,DEF,Man City,13,14,0,2025-04-06T15:30:00Z,0,0,0,0,0,0,0,0,0.0,0.0,0.0,0.0,0.0,0.0,0.0,0.0,0,40
2024-25,31,303,676,Zach Marsh,FWD,Crystal Palace,7,5,1,2025-04-05T14:00:00Z,0,0,0,0,0,0,0,0,0.0,0.0,0.0,0.0,0.0,0.0,0.0,0.0,0,45
2024-25,31,310,677,Ollie Scarles,DEF,West Ham,19,3,1,2025-04-05T14:00:00Z,45,1,0,0,0,1,0,-1,3.0,1.8,2.0,0.7,0.0,0.01,0.01,1.13,1,40
2024-25,31,304,678,Callum Bates,MID,Everton,8,1,1,2025-04-05T11:30:00Z,0,0,0,0,0,0,0,0,0.0,0.0,0.0,0.0,0.0,0.0,0.0,0.0,0,45
2024-25,31,301,679,Ben Broggio,MID,Aston Villa,2,16,1,2025-04-05T16:30:00Z,0,0,0,0,0,0,0,0,0.0,0.0,0.0,0.0,0.0,0.0,0.0,0.0,0,45
2024-25,31,310,680,Max Kinsey,DEF,Bournemouth,3,19,0,2025-04-05T14:00:00Z,0,0,0,0,0,0,0,0,0.0,0.0,0.0,0.0,0.0,0.0,0.0,0.0,0,40
2024-25,31,303,681,Ruairi McConville,DEF,Brighton,5,7,0,2025-04-05T14:00:00Z,0,0,0,0,0,0,0,0,0.0,0.0,0.0,0.0,0.0,0.0,0.0,0.0,0,40
2024-25,31,306,682,Tom Edozie,MID,Wolves,20,10,0,2025-04-05T14:00:00Z,0,0,0,0,0,0,0,0,0.0,0.0,0.0,0.0,0.0,0.0,0.0,0.0,0,45
2024-25,31,309,683,Callum Olusesi,MID,Spurs,18,17,1,2025-04-06T13:00:00Z,0,0,0,0,0,0,0,0,0.0,0.0,0.0,0.0,0.0,0.0,0.0,0.0,0,45
2024-25,31,309,684,Malachi Hardy,DEF,Spurs,18,17,1,2025-04-06T13:00:00Z,0,0,0,0,0,0,0,0,0.0,0.0,0.0,0.0,0.0,0.0,0.0,0.0,0,40
2024-25,31,303,685,Jacob Slater,DEF,Brighton,5,7,0,2025-04-05T14:00:00Z,0,0,0,0,0,0,0,0,0.0,0.0,0.0,0.0,0.0,0.0,0.0,0.0,0,40
2024-25,31,310,686,Ezra Mayers,DEF,West Ham,19,3,1,2025-04-05T14:00:00Z,0,0,0,0,0,0,0,0,0.0,0.0,0.0,0.0,0.0,0.0,0.0,0.0,0,40
2024-25,31,310,687,Ben Winterburn,MID,Bournemouth,3,19,0,2025-04-05T14:00:00Z,12,1,0,0,0,0,0,5,2.2,0.2,2.0,0.4,0.0,0.0,0.0,0.16,0,45
2024-25,31,305,688,Treymaurice Nyoni,MID,Liverpool,12,9,0,2025-04-06T13:00:00Z,0,0,0,0,0,0,0,0,0.0,0.0,0.0,0.0,0.0,0.0,0.0,0.0,0,45
2024-25,31,309,689,Luca Williams-Barnett,MID,Spurs,18,17,1,2025-04-06T13:00:00Z,0,0,0,0,0,0,0,0,0.0,0.0,0.0,0.0,0.0,0.0,0.0,0.0,0,45
2024-25,31,305,690,Samuel Amissah,DEF,Fulham,9,12,1,2025-04-06T13:00:00Z,0,0,0,0,0,0,0,0,0.0,0.0,0.0,0.0,0.0,0.0,0.0,0.0,0,40
2024-25,31,308,691,Godwill Kukonki,DEF,Man Utd,14,13,1,2025-04-06T15:30:00Z,0,0,0,0,0,0,0,0,0.0,0.0,0.0,0.0,0.0,0.0,0.0,0.0,0,40
2024-25,31,305,692,Amara Nallo,DEF,Liverpool,12,9,0,2025-04-06T13:00:00Z,0,0,0,0,0,0,0,0,0.0,0.0,0.0,0.0,0.0,0.0,0.0,0.0,0,40
2024-25,31,309,693,Joseph O'Brien-Whitmarsh,MID,Southampton,17,18,0,2025-04-06T13:00:00Z,0,0,0,0,0,0,0,0,0.0,0.0,0.0,0.0,0.0,0.0,0.0,0.0,0,45
2024-25,31,307,694,Henry Cartwright,MID,Leicester,11,15,1,2025-04-07T19:00:00Z,0,0,0,0,0,0,0,0,0.0,0.0,0.0,0.0,0.0,0.0,0.0,0.0,0,45
2024-25,31,302,695,Samuel Rak-Sakyi,MID,Chelsea,6,4,0,2025-04-06T13:00:00Z,0,0,0,0,0,0,0,0,0.0,0.0,0.0,0.0,0.0,0.0,0.0,0.0,0,45
2024-25,31,302,696,Tyrique George,MID,Chelsea,6,4,0,2025-04-06T13:00:00Z,0,0,0,0,0,0,0,0,0.0,0.0,0.0,0.0,0.0,0.0,0.0,0.0,0,45
2024-25,31,302,697,Josh Acheampong,DEF,Chelsea,6,4,0,2025-04-06T13:00:00Z,0,0,0,0,0,0,0,0,0.0,0.0,0.0,0.0,0.0,0.0,0.0,0.0,0,40
2024-25,31,308,698,Divin Mubama,FWD,Man City,13,14,0,2025-04-06T15:30:00Z,0,0,0,0,0,0,0,0,0.0,0.0,0.0,0.0,0.0,0.0,0.0,0.0,0,45
2024-25,31,309,699,Alfie Dorrington,DEF,Spurs,18,17,1,2025-04-06T13:00:00Z,0,0,0,0,0,0,0,0,0.0,0.0,0.0,0.0,0.0,0.0,0.0,0.0,0,40
2024-25,31,309,700,Maeson King,DEF,Spurs,18,17,1,2025-04-06T13:00:00Z,0,0,0,0,0,0,0,0,0.0,0.0,0.0,0.0,0.0,0.0,0.0,0.0,0,40
2024-25,31,310,701,Lewis Orford,MID,West Ham,19,3,1,2025-04-05T14:00:00Z,0,0,0,0,0,0,0,0,0.0,0.0,0.0,0.0,0.0,0.0,0.0,0.0,0,45
2024-25,31,310,702,Archie Harris,DEF,Bournemouth,3,19,0,2025-04-05T14:00:00Z,0,0,0,0,0,0,0,0,0.0,0.0,0.0,0.0,0.0,0.0,0.0,0.0,0,40
2024-25,31,308,703,Max Alleyne,DEF,Man City,13,14,0,2025-04-06T15:30:00Z,0,0,0,0,0,0,0,0,0.0,0.0,0.0,0.0,0.0,0.0,0.0,0.0,0,40
2024-25,31,308,704,Spike Brits,GK,Man City,13,14,0,2025-04-06T15:30:00Z,0,0,0,0,0,0,0,0,0.0,0.0,0.0,0.0,0.0,0.0,0.0,0.0,0,40
2024-25,31,302,705,Benjamin Arthur,DEF,Brentford,4,6,1,2025-04-06T13:00:00Z,0,0,0,0,0,0,0,0,0.0,0.0,0.0,0.0,0.0,0.0,0.0,0.0,0,40
2024-25,31,301,706,Zach Abbott,DEF,Nott'm Forest,16,2,0,2025-04-05T16:30:00Z,0,0,0,0,0,0,0,0,0.0,0.0,0.0,0.0,0.0,0.0,0.0,0.0,0,40
2024-25,31,310,707,Remy Rees-Dottin,FWD,Bournemouth,3,19,0,2025-04-05T14:00:00Z,0,0,0,0,0,0,0,0,0.0,0.0,0.0,0.0,0.0,0.0,0.0,0.0,0,45
2024-25,31,307,708,Thomas Wilson-Brown,DEF,Leicester,11,15,1,2025-04-07T19:00:00Z,0,0,0,0,0,0,0,0,0.0,0.0,0.0,0.0,0.0,0.0,0.0,0.0,0,40
2024-25,31,305,709,Jayden Danns,FWD,Liverpool,12,9,0,2025-04-06T13:00:00Z,0,0,0,0,0,0,0,0,0.0,0.0,0.0,0.0,0.0,0.0,0.0,0.0,0,45
2024-25,31,301,710,Jamaldeen Jimoh,MID,Aston Villa,2,16,1,2025-04-05T16:30:00Z,0,0,0,0,0,0,0,0,0.0,0.0,0.0,0.0,0.0,0.0,0.0,0.0,0,45
2024-25,31,306,711,Wes Okoduwa,DEF,Wolves,20,10,0,2025-04-05T14:00:00Z,0,0,0,0,0,0,0,0,0.0,0.0,0.0,0.0,0.0,0.0,0.0,0.0,0,40
2024-25,31,310,712,Matai Akinmboni,DEF,Bournemouth,3,19,0,2025-04-05T14:00:00Z,0,0,0,0,0,0,0,0,0.0,0.0,0.0,0.0,0.0,0.0,0.0,0.0,0,40
2024-25,31,310,713,Julio Soler,DEF,Bournemouth,3,19,0,2025-04-05T14:00:00Z,0,0,0,0,0,0,0,0,0.0,0.0,0.0,0.0,0.0,0.0,0.0,0.0,0,39
2024-25,31,303,714,Diego Gómez,MID,Brighton,5,7,0,2025-04-05T14:00:00Z,71,2,0,0,0,2,0,11,12.6,22.9,0.0,3.6,0.0,0.02,0.02,0.54,1,55
2024-25,31,306,715,Ben Godfrey,DEF,Ipswich,10,20,1,2025-04-05T14:00:00Z,0,0,0,0,0,0,0,0,0.0,0.0,0.0,0.0,0.0,0.0,0.0,0.0,0,40
2024-25,31,309,716,Antonín Kinsky,GK,Spurs,18,17,1,2025-04-06T13:00:00Z,0,0,0,0,0,0,0,0,0.0,0.0,0.0,0.0,0.0,0.0,0.0,0.0,0,42
2024-25,31,309,717,Min-Hyeok Yang,MID,Spurs,18,17,1,2025-04-06T13:00:00Z,0,0,0,0,0,0,0,0,0.0,0.0,0.0,0.0,0.0,0.0,0.0,0.0,0,45
2024-25,31,309,718,Welington Damascena Santos,DEF,Southampton,17,18,0,2025-04-06T13:00:00Z,26,1,0,0,0,1,0,-1,0.0,0.7,0.0,0.0,0.0,0.0,0.0,0.95,0,40
2024-25,31,309,719,Joachim Kayi-Sanda,DEF,Southampton,17,18,0,2025-04-06T13:00:00Z,0,0,0,0,0,0,0,0,0.0,0.0,0.0,0.0,0.0,0.0,0.0,0.0,0,40
2024-25,31,306,720,Emmanuel Agbadou,DEF,Wolves,20,10,0,2025-04-05T14:00:00Z,90,2,0,0,0,1,0,13,30.0,21.1,7.0,5.8,0.15,0.02,0.17,0.8,1,40
2024-25,31,301,721,Wayne Hennessey,GK,Nott'm Forest,16,2,0,2025-04-05T16:30:00Z,0,0,0,0,0,0,0,0,0.0,0.0,0.0,0.0,0.0,0.0,0.0,0.0,0,40
2024-25,31,310,722,Daniel Adu-Adjei,FWD,Bournemouth,3,19,0,2025-04-05T14:00:00Z,0,0,0,0,0,0,0,0,0.0,0.0,0.0,0.0,0.0,0.0,0.0,0.0,0,45
2024-25,31,310,723,Dominic Sadi,MID,Bournemouth,3,19,0,2025-04-05T14:00:00Z,0,0,0,0,0,0,0,0,0.0,0.0,0.0,0.0,0.0,0.0,0.0,0.0,0,45
2024-25,31,304,724,Martin Sherif,FWD,Everton,8,1,1,2025-04-05T11:30:00Z,0,0,0,0,0,0,0,0,0.0,0.0,0.0,0.0,0.0,0.0,0.0,0.0,0,45
2024-25,31,301,725,Donyell Malen,MID,Aston Villa,2,16,1,2025-04-05T16:30:00Z,61,10,1,0,0,1,3,30,34.6,1.8,33.0,6.9,0.72,0.0,0.72,1.07,1,53
2024-25,31,307,726,Woyo Coulibaly,DEF,Leicester,11,15,1,2025-04-07T19:00:00Z,0,0,0,0,0,0,0,0,0.0,0.0,0.0,0.0,0.0,0.0,0.0,0.0,0,40
2024-25,31,310,727,Callan McKenna,GK,Bournemouth,3,19,0,2025-04-05T14:00:00Z,0,0,0,0,0,0,0,0,0.0,0.0,0.0,0.0,0.0,0.0,0.0,0.0,0,40
2024-25,31,310,728,Zain Silcott-Duberry,MID,Bournemouth,3,19,0,2025-04-05T14:00:00Z,0,0,0,0,0,0,0,0,0.0,0.0,0.0,0.0,0.0,0.0,0.0,0.0,0,45
2024-25,31,309,729,Damola Ajayi,MID,Spurs,18,17,1,2025-04-06T13:00:00Z,0,0,0,0,0,0,0,0,0.0,0.0,0.0,0.0,0.0,0.0,0.0,0.0,0,45
2024-25,31,303,730,Romain Esse,MID,Crystal Palace,7,5,1,2025-04-05T14:00:00Z,0,0,0,0,0,0,0,0,0.0,0.0,0.0,0.0,0.0,0.0,0.0,0.0,0,47
2024-25,31,301,731,Andrés García,DEF,Aston Villa,2,16,1,2025-04-05T16:30:00Z,45,1,0,0,0,0,0,5,10.4,16.9,0.0,2.7,0.0,0.1,0.1,0.44,1,45
2024-25,31,308,732,Abdukodir Khusanov,DEF,Man City,13,14,0,2025-04-06T15:30:00Z,0,0,0,0,0,0,0,0,0.0,0.0,0.0,0.0,0.0,0.0,0.0,0.0,0,50
2024-25,31,308,733,Vitor de Oliveira Nunes dos Reis,DEF,Man City,13,14,0,2025-04-06T15:30:00Z,0,0,0,0,0,0,0,0,0.0,0.0,0.0,0.0,0.0,0.0,0.0,0.0,0,45
2024-25,31,309,734,Albert Grønbæk,MID,Southampton,17,18,0,2025-04-06T13:00:00Z,0,0,0,0,0,0,0,0,0.0,0.0,0.0,0.0,0.0,0.0,0.0,0.0,0,49
2024-25,31,304,735,Mikel Arteta,AM,Arsenal,1,8,0,2025-04-05T11:30:00Z,0,4,0,0,0,0,0,0,0.0,0.0,0.0,0.0,0.0,0.0,0.0,0.0,0,15
2024-25,31,308,736,Pep Guardiola,AM,Man City,13,14,0,2025-04-06T15:30:00Z,0,5,0,0,0,0,0,0,0.0,0.0,0.0,0.0,0.0,0.0,0.0,0.0,0,15
2024-25,31,301,737,Unai Emery,AM,Aston Villa,2,16,1,2025-04-05T16:30:00Z,0,8,0,0,0,0,0,0,0.0,0.0,0.0,0.0,0.0,0.0,0.0,0.0,0,8
2024-25,31,310,738,Andoni Iraola,AM,Bournemouth,3,19,0,2025-04-05T14:00:00Z,0,5,0,0,0,0,0,0,0.0,0.0,0.0,0.0,0.0,0.0,0.0,0.0,0,11
2024-25,31,303,739,Fabian Hürzeler,AM,Brighton,5,7,0,2025-04-05T14:00:00Z,0,1,0,0,0,0,0,0,0.0,0.0,0.0,0.0,0.0,0.0,0.0,0.0,0,11
2024-25,31,302,740,Enzo Maresca,AM,Chelsea,6,4,0,2025-04-06T13:00:00Z,0,5,0,0,0,0,0,0,0.0,0.0,0.0,0.0,0.0,0.0,0.0,0.0,0,15
2024-25,31,303,741,Oliver Glasner,AM,Crystal Palace,7,5,1,2025-04-05T14:00:00Z,0,8,0,0,0,0,0,0,0.0,0.0,0.0,0.0,0.0,0.0,0.0,0.0,0,8
2024-25,31,304,742,David Moyes,AM,Everton,8,1,1,2025-04-05T11:30:00Z,0,9,0,0,0,0,0,0,0.0,0.0,0.0,0.0,0.0,0.0,0.0,0.0,0,5
2024-25,31,306,743,Kieran McKenna,AM,Ipswich,10,20,1,2025-04-05T14:00:00Z,0,1,0,0,0,0,0,0,0.0,0.0,0.0,0.0,0.0,0.0,0.0,0.0,0,5
2024-25,31,305,744,Arne Slot,AM,Liverpool,12,9,0,2025-04-06T13:00:00Z,0,2,0,0,0,0,0,0,0.0,0.0,0.0,0.0,0.0,0.0,0.0,0.0,0,15
2024-25,31,308,745,Ruben Filipe Marques Diogo Amorim,AM,Man Utd,14,13,1,2025-04-06T15:30:00Z,0,10,0,0,0,0,0,0,0.0,0.0,0.0,0.0,0.0,0.0,0.0,0.0,0,8
2024-25,31,307,746,Eddie Howe,AM,Newcastle,15,11,0,2025-04-07T19:00:00Z,0,11,0,0,0,0,0,0,0.0,0.0,0.0,0.0,0.0,0.0,0.0,0.0,0,15
2024-25,31,301,747,Nuno Herlander Simões Espírito Santo,AM,Nott'm Forest,16,2,0,2025-04-05T16:30:00Z,0,1,0,0,0,0,0,0,0.0,0.0,0.0,0.0,0.0,0.0,0.0,0.0,0,11
2024-25,31,309,748,Ivan Juric,AM,Southampton,17,18,0,2025-04-06T13:00:00Z,0,1,0,0,0,0,0,0,0.0,0.0,0.0,0.0,0.0,0.0,0.0,0.0,0,5
2024-25,31,309,749,Ange Postecoglou,AM,Spurs,18,17,1,2025-04-06T13:00:00Z,0,9,0,0,0,0,0,0,0.0,0.0,0.0,0.0,0.0,0.0,0.0,0.0,0,11
2024-25,31,310,750,Graham Potter,AM,West Ham,19,3,1,2025-04-05T14:00:00Z,0,10,0,0,0,0,0,0,0.0,0.0,0.0,0.0,0.0,0.0,0.0,0.0,0,5
2024-25,31,306,751,Vítor Manuel de Oliveira Lopes Pereira,AM,Wolves,20,10,0,2025-04-05T14:00:00Z,0,8,0,0,0,0,0,0,0.0,0.0,0.0,0.0,0.0,0.0,0.0,0.0,0,8
2024-25,31,302,752,Thomas Frank,AM,Brentford,4,6,1,2025-04-06T13:00:00Z,0,10,0,0,0,0,0,0,0.0,0.0,0.0,0.0,0.0,0.0,0.0,0.0,0,8
2024-25,31,305,753,Marco Alexandre Saraiva da Silva,AM,Fulham,9,12,1,2025-04-06T13:00:00Z,0,19,0,0,0,0,0,0,0.0,0.0,0.0,0.0,0.0,0.0,0.0,0.0,0,11
2024-25,31,307,754,Ruud van Nistelrooij,AM,Leicester,11,15,1,2025-04-07T19:00:00Z,0,0,0,0,0,0,0,0,0.0,0.0,0.0,0.0,0.0,0.0,0.0,0.0,0,5
2024-25,31,308,755,Omar Marmoush,FWD,Man City,13,14,0,2025-04-06T15:30:00Z,90,2,0,0,1,0,0,15,22.4,3.2,40.0,6.6,0.15,0.02,0.17,0.91,1,75
2024-25,31,304,756,Jack Porter,GK,Arsenal,1,8,0,2025-04-05T11:30:00Z,0,0,0,0,0,0,0,0,0.0,0.0,0.0,0.0,0.0,0.0,0.0,0.0,0,40
2024-25,31,302,757,Michael Kayode,DEF,Brentford,4,6,1,2025-04-06T13:00:00Z,7,1,0,0,0,0,0,5,2.2,0.0,0.0,0.2,0.0,0.0,0.0,0.21,0,45
2024-25,31,303,758,Joe Knight,MID,Brighton,5,7,0,2025-04-05T14:00:00Z,0,0,0,0,0,0,0,0,0.0,0.0,0.0,0.0,0.0,0.0,0.0,0.0,0,45
2024-25,31,302,759,Julian Eyestone,GK,Brentford,4,6,1,2025-04-06T13:00:00Z,0,0,0,0,0,0,0,0,0.0,0.0,0.0,0.0,0.0,0.0,0.0,0.0,0,40
2024-25,31,309,760,Dante Cassanova,DEF,Spurs,18,17,1,2025-04-06T13:00:00Z,0,0,0,0,0,0,0,0,0.0,0.0,0.0,0.0,0.0,0.0,0.0,0.0,0,40
2024-25,31,308,761,Elyh Harrison,GK,Man Utd,14,13,1,2025-04-06T15:30:00Z,0,0,0,0,0,0,0,0,0.0,0.0,0.0,0.0,0.0,0.0,0.0,0.0,0,40
2024-25,31,301,762,Marco Asensio,MID,Aston Villa,2,16,1,2025-04-05T16:30:00Z,72,1,0,0,0,1,0,9,5.8,9.3,33.0,4.8,0.31,0.02,0.33,1.24,1,61
2024-25,31,303,763,Eiran Cashin,DEF,Brighton,5,7,0,2025-04-05T14:00:00Z,0,0,0,0,0,0,0,0,0.0,0.0,0.0,0.0,0.0,0.0,0.0,0.0,0,45
2024-25,31,306,764,Alex Palmer,GK,Ipswich,10,20,1,2025-04-05T14:00:00Z,90,1,0,0,0,2,0,5,29.0,0.0,0.0,2.9,0.0,0.0,0.0,2.71,1,45
2024-25,31,308,765,Nico González,MID,Man City,13,14,0,2025-04-06T15:30:00Z,0,0,0,0,0,0,0,0,0.0,0.0,0.0,0.0,0.0,0.0,0.0,0.0,0,60
2024-25,31,308,766,Patrick Dorgu,DEF,Man Utd,14,13,1,2025-04-06T15:30:00Z,90,6,0,0,1,0,0,23,8.8,26.2,17.0,5.2,0.05,0.32,0.37,0.49,1,45
2024-25,31,309,767,Kevin Danso,DEF,Spurs,18,17,1,2025-04-06T13:00:00Z,0,0,0,0,0,0,0,0,0.0,0.0,0.0,0.0,0.0,0.0,0.0,0.0,0,45
2024-25,31,309,768,Mathys Tel,MID,Spurs,18,17,1,2025-04-06T13:00:00Z,3,6,1,0,0,1,0,23,33.0,0.1,17.0,5.0,0.79,0.0,0.79,0.32,0,59
2024-25,31,306,769,Nasser Djiga,DEF,Wolves,20,10,0,2025-04-05T14:00:00Z,1,1,0,0,0,0,0,3,0.0,0.0,0.0,0.0,0.0,0.0,0.0,0.0,0,45
2024-25,31,306,770,Marshall Munetsi,MID,Wolves,20,10,0,2025-04-05T14:00:00Z,90,2,0,0,0,1,0,7,11.2,5.3,16.0,3.3,0.22,0.01,0.23,0.8,1,50
2024-25,31,302,771,Mathis Amougou,MID,Chelsea,6,4,0,2025-04-06T13:00:00Z,0,0,0,0,0,0,0,0,0.0,0.0,0.0,0.0,0.0,0.0,0.0,0.0,0,45
2024-25,31,305,772,Willian Borges da Silva,MID,Fulham,9,12,1,2025-04-06T13:00:00Z,0,0,0,0,0,0,0,0,0.0,0.0,0.0,0.0,0.0,0.0,0.0,0.0,0,50
2024-25,31,304,773,Isaac Heath,MID,Everton,8,1,1,2025-04-05T11:30:00Z,0,0,0,0,0,0,0,0,0.0,0.0,0.0,0.0,0.0,0.0,0.0,0.0,0,45
2024-25,31,302,774,Aaron Anselmino,DEF,Chelsea,6,4,0,2025-04-06T13:00:00Z,0,0,0,0,0,0,0,0,0.0,0.0,0.0,0.0,0.0,0.0,0.0,0.0,0,40
2024-25,31,304,775,Coby Ebere,MID,Everton,8,1,1,2025-04-05T11:30:00Z,0,0,0,0,0,0,0,0,0.0,0.0,0.0,0.0,0.0,0.0,0.0,0.0,0,45
2024-25,31,308,776,Chido Obi-Martin,FWD,Man Utd,14,13,1,2025-04-06T15:30:00Z,0,0,0,0,0,0,0,0,0.0,0.0,0.0,0.0,0.0,0.0,0.0,0.0,0,45
2024-25,31,308,777,Tyler Fredricson,DEF,Man Utd,14,13,1,2025-04-06T15:30:00Z,0,0,0,0,0,0,0,0,0.0,0.0,0.0,0.0,0.0,0.0,0.0,0.0,0,40
2024-25,31,308,778,Jack Moorhouse,MID,Man Utd,14,13,1,2025-04-06T15:30:00Z,0,0,0,0,0,0,0,0,0.0,0.0,0.0,0.0,0.0,0.0,0.0,0.0,0,45
2024-25,31,308,779,Sékou Koné,MID,Man Utd,14,13,1,2025-04-06T15:30:00Z,0,0,0,0,0,0,0,0,0.0,0.0,0.0,0.0,0.0,0.0,0.0,0.0,0,45
2024-25,31,302,780,Iwan Morgan,FWD,Brentford,4,6,1,2025-04-06T13:00:00Z,0,0,0,0,0,0,0,0,0.0,0.0,0.0,0.0,0.0,0.0,0.0,0.0,0,45
2024-25,31,302,781,Shumaira Mheuka,FWD,Chelsea,6,4,0,2025-04-06T13:00:00Z,0,0,0,0,0,0,0,0,0.0,0.0,0.0,0.0,0.0,0.0,0.0,0.0,0,45
2024-25,31,302,782,Ishé Samuels-Smith,DEF,Chelsea,6,4,0,2025-04-06T13:00:00Z,0,0,0,0,0,0,0,0,0.0,0.0,0.0,0.0,0.0,0.0,0.0,0.0,0,40
2024-25,31,308,783,Hubert Graczyk,GK,Man Utd,14,13,1,2025-04-06T15:30:00Z,0,0,0,0,0,0,0,0,0.0,0.0,0.0,0.0,0.0,0.0,0.0,0.0,0,40
2024-25,31,306,784,Mateus Mané,FWD,Wolves,20,10,0,2025-04-05T14:00:00Z,0,0,0,0,0,0,0,0,0.0,0.0,0.0,0.0,0.0,0.0,0.0,0.0,0,45
2024-25,31,308,785,Claudio Echeverri,MID,Man City,13,14,0,2025-04-06T15:30:00Z,0,0,0,0,0,0,0,0,0.0,0.0,0.0,0.0,0.0,0.0,0.0,0.0,0,59
2024-25,31,302,786,Benjamin Fredrick,DEF,Brentford,4,6,1,2025-04-06T13:00:00Z,0,0,0,0,0,0,0,0,0.0,0.0,0.0,0.0,0.0,0.0,0.0,0.0,0,40
2024-25,31,302,787,Genesis Antwi,DEF,Chelsea,6,4,0,2025-04-06T13:00:00Z,0,0,0,0,0,0,0,0,0.0,0.0,0.0,0.0,0.0,0.0,0.0,0.0,0,40
2024-25,31,308,788,Dermot Mee,GK,Man Utd,14,13,1,2025-04-06T15:30:00Z,0,0,0,0,0,0,0,0,0.0,0.0,0.0,0.0,0.0,0.0,0.0,0.0,0,40
2024-25,31,307,789,Sean Neave,FWD,Newcastle,15,11,0,2025-04-07T19:00:00Z,0,0,0,0,0,0,0,0,0.0,0.0,0.0,0.0,0.0,0.0,0.0,0.0,0,45
2024-25,31,304,790,Jimi Gower,MID,Arsenal,1,8,0,2025-04-05T11:30:00Z,0,0,0,0,0,0,0,0,0.0,0.0,0.0,0.0,0.0,0.0,0.0,0.0,0,45
2024-25,31,303,791,Charlie Tasker,DEF,Brighton,5,7,0,2025-04-05T14:00:00Z,0,0,0,0,0,0,0,0,0.0,0.0,0.0,0.0,0.0,0.0,0.0,0.0,0,40
2024-25,31,307,792,Jeremy Monga,MID,Leicester,11,15,1,2025-04-07T19:00:00Z,16,1,0,0,0,0,0,1,0.0,0.0,0.0,0.0,0.0,0.0,0.0,0.35,0,45
