season,gw,element,name,position,team,team_id,opponent_team,was_home,kickoff_time,minutes,total_points,goals_scored,assists,clean_sheets,goals_conceded,bonus,bps,influence,creativity,threat,ict_index,expected_goals,expected_assists,expected_goal_involvements,expected_goals_conceded,starts,value
2024-25,32,1,Fábio Ferreira Vieira,MID,Arsenal,1,4,1,2025-04-12T16:30:00Z,0,0,0,0,0,0,0,0,0.0,0.0,0.0,0.0,0.0,0.0,0.0,0.0,0,54
2024-25,32,2,Gabriel Fernando de Jesus,FWD,Arsenal,1,4,1,2025-04-12T16:30:00Z,0,0,0,0,0,0,0,0,0.0,0.0,0.0,0.0,0.0,0.0,0.0,0.0,0,65
2024-25,32,3,Gabriel dos Santos Magalhães,DEF,Arsenal,1,4,1,2025-04-12T16:30:00Z,0,0,0,0,0,0,0,0,0.0,0.0,0.0,0.0,0.0,0.0,0.0,0.0,0,62
2024-25,32,4,Kai Havertz,FWD,Arsenal,1,4,1,2025-04-12T16:30:00Z,0,0,0,0,0,0,0,0,0.0,0.0,0.0,0.0,0.0,0.0,0.0,0.0,0,77
2024-25,32,5,Karl Hein,GK,Arsenal,1,4,1,2025-04-12T16:30:00Z,0,0,0,0,0,0,0,0,0.0,0.0,0.0,0.0,0.0,0.0,0.0,0.0,0,40
2024-25,32,6,Jurriën Timber,DEF,Arsenal,1,4,1,2025-04-12T16:30:00Z,21,1,0,0,0,1,0,-1,0.4,0.8,0.0,0.1,0.0,0.0,0.0,0.12,0,56
2024-25,32,7,Jorge Luiz Frello Filho,MID,Arsenal,1,4,1,2025-04-12T16:30:00Z,90,2,0,0,0,1,0,11,3.4,12.6,1.0,1.7,0.02,0.06,0.08,0.24,1,46
2024-25,32,8,Jakub Kiwior,DEF,Arsenal,1,4,1,2025-04-12T16:30:00Z,90,2,0,0,0,1,0,10,14.4,14.9,2.0,3.1,0.07,0.03,0.1,0.24,1,48
2024-25,32,9,Gabriel Martinelli Silva,MID,Arsenal,1,4,1,2025-04-12T16:30:00Z,90,2,0,0,0,1,0,6,9.0,25.1,28.0,6.2,0.22,0.11,0.33,0.24,1,65
2024-25,32,10,Reiss Nelson,MID,Fulham,9,3,0,2025-04-14T19:00:00Z,0,0,0,0,0,0,0,0,0.0,0.0,0.0,0.0,0.0,0.0,0.0,0.0,0,50
2024-25,32,11,Eddie Nketiah,FWD,Crystal Palace,7,15,0,2025-04-16T18:30:00Z,34,1,0,0,0,1,0,5,1.2,4.9,23.0,2.9,0.23,0.01,0.24,0.17,0,59
2024-25,32,12,Ethan Nwaneri,MID,Arsenal,1,4,1,2025-04-12T16:30:00Z,62,3,0,0,1,0,0,7,5.8,18.1,11.0,3.5,0.03,0.03,0.06,0.12,1,45
2024-25,32,13,Martin Ødegaard,MID,Arsenal,1,4,1,2025-04-12T16:30:00Z,28,0,0,0,0,1,0,1,3.8,26.5,2.0,3.2,0.0,0.12,0.12,0.12,0,82
2024-25,32,14,Aaron Ramsdale,GK,Southampton,17,2,1,2025-04-12T14:00:00Z,90,16,0,0,0,3,3,34,88.8,0.0,0.0,8.9,0.0,0.0,0.0,3.03,1,44
2024-25,32,15,David Raya Martin,GK,Arsenal,1,4,1,2025-04-12T16:30:00Z,90,2,0,0,0,1,0,9,11.2,0.1,0.0,1.1,0.0,0.0,0.0,0.24,1,55
2024-25,32,16,Declan Rice,MID,Arsenal,1,4,1,2025-04-12T16:30:00Z,74,5,0,1,0,1,0,23,26.2,30.4,21.0,7.8,0.03,0.09,0.12,0.24,1,62
2024-25,32,17,Bukayo Saka,MID,Arsenal,1,4,1,2025-04-12T16:30:00Z,27,1,0,0,0,1,0,2,1.2,1.4,19.0,2.2,0.12,0.02,0.14,0.12,0,104
2024-25,32,18,William Saliba,DEF,Arsenal,1,4,1,2025-04-12T16:30:00Z,90,2,0,0,0,1,0,16,18.4,38.3,0.0,5.7,0.0,0.28,0.28,0.24,1,65
2024-25,32,19,Emile Smith Rowe,MID,Fulham,9,3,0,2025-04-14T19:00:00Z,21,1,0,0,0,0,0,3,1.4,2.2,2.0,0.6,0.0,0.02,0.02,0.0,0,51
2024-25,32,20,Thomas Partey,MID,Arsenal,1,4,1,2025-04-12T16:30:00Z,68,10,1,0,1,0,2,28,42.0,2.7,23.0,6.8,0.26,0.03,0.29,0.12,1,49
2024-25,32,21,Kieran Tierney,DEF,Arsenal,1,4,1,2025-04-12T16:30:00Z,61,6,0,0,1,0,0,21,6.2,3.3,0.0,1.0,0.0,0.01,0.01,0.12,1,43
2024-25,32,22,Tomiyasu Takehiro,DEF,Arsenal,1,4,1,2025-04-12T16:30:00Z,0,0,0,0,0,0,0,0,0.0,0.0,0.0,0.0,0.0,0.0,0.0,0.0,0,48
2024-25,32,23,Leandro Trossard,MID,Arsenal,1,4,1,2025-04-12T16:30:00Z,90,2,0,0,0,1,0,13,5.8,16.8,21.0,4.4,0.14,0.1,0.24,0.24,1,67
2024-25,32,24,Benjamin White,DEF,Arsenal,1,4,1,2025-04-12T16:30:00Z,0,0,0,0,0,0,0,0,0.0,0.0,0.0,0.0,0.0,0.0,0.0,0.0,0,61
2024-25,32,25,Oleksandr Zinchenko,DEF,Arsenal,1,4,1,2025-04-12T16:30:00Z,61,6,0,0,1,0,0,18,1.6,8.8,4.0,1.4,0.02,0.03,0.05,0.12,1,48
2024-25,32,26,Álex Moreno Lopera,DEF,Nott'm Forest,16,8,1,2025-04-12T14:00:00Z,90,2,0,0,0,1,0,13,25.8,48.8,0.0,7.5,0.0,0.22,0.22,1.36,1,42
2024-25,32,27,Cameron Archer,FWD,Southampton,17,2,1,2025-04-12T14:00:00Z,60,2,0,0,1,0,0,5,5.4,12.0,17.0,3.4,0.14,0.01,0.15,0.81,1,49
2024-25,32,28,Leon Bailey,MID,Aston Villa,2,17,0,2025-04-12T14:00:00Z,0,0,0,0,0,0,0,0,0.0,0.0,0.0,0.0,0.0,0.0,0.0,0.0,0,62
2024-25,32,29,Ross Barkley,MID,Aston Villa,2,17,0,2025-04-12T14:00:00Z,0,0,0,0,0,0,0,0,0.0,0.0,0.0,0.0,0.0,0.0,0.0,0.0,0,52
2024-25,32,30,Enzo Barrenechea,MID,Aston Villa,2,17,0,2025-04-12T14:00:00Z,0,0,0,0,0,0,0,0,0.0,0.0,0.0,0.0,0.0,0.0,0.0,0.0,0,49
2024-25,32,31,Emiliano Buendía Stati,MID,Aston Villa,2,17,0,2025-04-12T14:00:00Z,0,0,0,0,0,0,0,0,0.0,0.0,0.0,0.0,0.0,0.0,0.0,0.0,0,51
2024-25,32,32,Matty Cash,DEF,Aston Villa,2,17,0,2025-04-12T14:00:00Z,84,6,0,0,1,0,0,26,18.6,6.3,5.0,3.0,0.06,0.07,0.13,0.25,1,44
2024-25,32,33,Leander Dendoncker,MID,Aston Villa,2,17,0,2025-04-12T14:00:00Z,0,0,0,0,0,0,0,0,0.0,0.0,0.0,0.0,0.0,0.0,0.0,0.0,0,45
2024-25,32,34,Moussa Diaby,MID,Aston Villa,2,17,0,2025-04-12T14:00:00Z,0,0,0,0,0,0,0,0,0.0,0.0,0.0,0.0,0.0,0.0,0.0,0.0,0,65
2024-25,32,35,Diego Carlos Santos Silva,DEF,Aston Villa,2,17,0,2025-04-12T14:00:00Z,0,0,0,0,0,0,0,0,0.0,0.0,0.0,0.0,0.0,0.0,0.0,0.0,0,45
2024-25,32,36,Lucas Digne,DEF,Aston Villa,2,17,0,2025-04-12T14:00:00Z,0,0,0,0,0,0,0,0,0.0,0.0,0.0,0.0,0.0,0.0,0.0,0.0,0,45
2024-25,32,37,Lewis Dobbin,MID,Aston Villa,2,17,0,2025-04-12T14:00:00Z,0,0,0,0,0,0,0,0,0.0,0.0,0.0,0.0,0.0,0.0,0.0,0.0,0,50
2024-25,32,38,Jhon Durán,FWD,Aston Villa,2,17,0,2025-04-12T14:00:00Z,0,0,0,0,0,0,0,0,0.0,0.0,0.0,0.0,0.0,0.0,0.0,0.0,0,57
2024-25,32,39,Joe Gauci,GK,Aston Villa,2,17,0,2025-04-12T14:00:00Z,0,0,0,0,0,0,0,0,0.0,0.0,0.0,0.0,0.0,0.0,0.0,0.0,0,40
2024-25,32,40,Kortney Hause,DEF,Aston Villa,2,17,0,2025-04-12T14:00:00Z,0,0,0,0,0,0,0,0,0.0,0.0,0.0,0.0,0.0,0.0,0.0,0.0,0,39
2024-25,32,41,Samuel Iling-Junior,MID,Aston Villa,2,17,0,2025-04-12T14:00:00Z,0,0,0,0,0,0,0,0,0.0,0.0,0.0,0.0,0.0,0.0,0.0,0.0,0,54
2024-25,32,42,Boubacar Kamara,MID,Aston Villa,2,17,0,2025-04-12T14:00:00Z,1,1,0,0,0,0,0,3,0.6,0.4,0.0,0.1,0.0,0.0,0.0,0.04,0,50
2024-25,32,43,Kaine Kesler-Hayden,DEF,Aston Villa,2,17,0,2025-04-12T14:00:00Z,0,0,0,0,0,0,0,0,0.0,0.0,0.0,0.0,0.0,0.0,0.0,0.0,0,40
2024-25,32,44,Ezri Konsa Ngoyo,DEF,Aston Villa,2,17,0,2025-04-12T14:00:00Z,90,7,0,0,1,0,1,31,20.8,23.0,6.0,5.0,0.15,0.05,0.2,0.31,1,44
2024-25,32,45,Ian Maatsen,DEF,Aston Villa,2,17,0,2025-04-12T14:00:00Z,90,6,0,0,1,0,0,28,8.4,6.5,21.0,3.6,0.08,0.03,0.11,0.31,1,45
2024-25,32,46,Filip Marschall,GK,Aston Villa,2,17,0,2025-04-12T14:00:00Z,0,0,0,0,0,0,0,0,0.0,0.0,0.0,0.0,0.0,0.0,0.0,0.0,0,40
2024-25,32,47,Emiliano Martínez Romero,GK,Aston Villa,2,17,0,2025-04-12T14:00:00Z,90,6,0,0,1,0,0,24,17.8,0.0,0.0,1.8,0.0,0.0,0.0,0.31,1,50
2024-25,32,48,John McGinn,MID,Aston Villa,2,17,0,2025-04-12T14:00:00Z,5,5,1,0,0,0,0,20,31.0,0.1,19.0,5.0,0.31,0.0,0.31,0.06,0,52
2024-25,32,49,Tyrone Mings,DEF,Aston Villa,2,17,0,2025-04-12T14:00:00Z,90,6,0,0,1,0,0,26,8.8,11.8,5.0,2.6,0.04,0.01,0.05,0.31,1,44
2024-25,32,50,Kosta Nedeljković,DEF,Aston Villa,2,17,0,2025-04-12T14:00:00Z,0,0,0,0,0,0,0,0,0.0,0.0,0.0,0.0,0.0,0.0,0.0,0.0,0,39
2024-25,32,51,Robin Olsen,GK,Aston Villa,2,17,0,2025-04-12T14:00:00Z,0,0,0,0,0,0,0,0,0.0,0.0,0.0,0.0,0.0,0.0,0.0,0.0,0,45
2024-25,32,52,Pau Torres,DEF,Aston Villa,2,17,0,2025-04-12T14:00:00Z,0,0,0,0,0,0,0,0,0.0,0.0,0.0,0.0,0.0,0.0,0.0,0.0,0,42
2024-25,32,53,Jacob Ramsey,MID,Aston Villa,2,17,0,2025-04-12T14:00:00Z,65,3,0,0,1,0,0,16,14.0,25.8,10.0,5.0,0.06,0.04,0.1,0.25,1,54
2024-25,32,54,Morgan Rogers,MID,Aston Villa,2,17,0,2025-04-12T14:00:00Z,84,6,0,1,1,0,0,21,21.4,17.3,20.0,5.9,0.0,0.08,0.08,0.25,1,56
2024-25,32,55,Viljami Sinisalo,GK,Aston Villa,2,17,0,2025-04-12T14:00:00Z,0,0,0,0,0,0,0,0,0.0,0.0,0.0,0.0,0.0,0.0,0.0,0.0,0,40
2024-25,32,56,Lino da Cruz Sousa,DEF,Aston Villa,2,17,0,2025-04-12T14:00:00Z,0,0,0,0,0,0,0,0,0.0,0.0,0.0,0.0,0.0,0.0,0.0,0.0,0,40
2024-25,32,57,Youri Tielemans,MID,Aston Villa,2,17,0,2025-04-12T14:00:00Z,90,6,0,1,1,0,0,27,35.6,47.6,50.0,13.3,0.28,0.39,0.67,0.31,1,55
2024-25,32,58,Ollie Watkins,FWD,Aston Villa,2,17,0,2025-04-12T14:00:00Z,24,7,1,0,0,0,2,33,37.4,1.0,21.0,5.9,0.28,0.0,0.28,0.06,0,89
2024-25,32,59,Max Aarons,DEF,Bournemouth,3,9,1,2025-04-14T19:00:00Z,0,0,0,0,0,0,0,0,0.0,0.0,0.0,0.0,0.0,0.0,0.0,0.0,0,43
2024-25,32,60,Tyler Adams,MID,Bournemouth,3,9,1,2025-04-14T19:00:00Z,90,2,0,0,1,0,0,4,17.0,7.0,24.0,4.8,0.4,0.05,0.45,1.07,1,49
2024-25,32,61,Jaidon Anthony,MID,Bournemouth,3,9,1,2025-04-14T19:00:00Z,0,0,0,0,0,0,0,0,0.0,0.0,0.0,0.0,0.0,0.0,0.0,0.0,0,45
2024-25,32,62,David Brooks,MID,Bournemouth,3,9,1,2025-04-14T19:00:00Z,0,0,0,0,0,0,0,0,0.0,0.0,0.0,0.0,0.0,0.0,0.0,0.0,0,49
2024-25,32,63,Ryan Christie,MID,Bournemouth,3,9,1,2025-04-14T19:00:00Z,0,0,0,0,0,0,0,0,0.0,0.0,0.0,0.0,0.0,0.0,0.0,0.0,0,49
2024-25,32,64,Lewis Cook,MID,Bournemouth,3,9,1,2025-04-14T19:00:00Z,90,2,0,0,1,0,0,9,28.2,20.0,1.0,4.9,0.07,0.02,0.09,1.07,1,50
2024-25,32,65,Enes Ünal,FWD,Bournemouth,3,9,1,2025-04-14T19:00:00Z,0,0,0,0,0,0,0,0,0.0,0.0,0.0,0.0,0.0,0.0,0.0,0.0,0,54
2024-25,32,66,Romain Faivre,MID,Bournemouth,3,9,1,2025-04-14T19:00:00Z,0,0,0,0,0,0,0,0,0.0,0.0,0.0,0.0,0.0,0.0,0.0,0.0,0,50
2024-25,32,67,Hamed Traorè,MID,Bournemouth,3,9,1,2025-04-14T19:00:00Z,0,0,0,0,0,0,0,0,0.0,0.0,0.0,0.0,0.0,0.0,0.0,0.0,0,45
2024-25,32,68,James Hill,DEF,Bournemouth,3,9,1,2025-04-14T19:00:00Z,0,0,0,0,0,0,0,0,0.0,0.0,0.0,0.0,0.0,0.0,0.0,0.0,0,39
2024-25,32,69,Daniel Jebbison,FWD,Bournemouth,3,9,1,2025-04-14T19:00:00Z,0,0,0,0,0,0,0,0,0.0,0.0,0.0,0.0,0.0,0.0,0.0,0.0,0,45
2024-25,32,70,Milos Kerkez,DEF,Bournemouth,3,9,1,2025-04-14T19:00:00Z,90,6,0,0,1,0,0,24,17.6,9.1,2.0,2.9,0.0,0.04,0.04,1.07,1,53
2024-25,32,71,Justin Kluivert,MID,Bournemouth,3,9,1,2025-04-14T19:00:00Z,0,0,0,0,0,0,0,0,0.0,0.0,0.0,0.0,0.0,0.0,0.0,0.0,0,61
2024-25,32,72,Chris Mepham,DEF,Bournemouth,3,9,1,2025-04-14T19:00:00Z,0,0,0,0,0,0,0,0,0.0,0.0,0.0,0.0,0.0,0.0,0.0,0.0,0,44
2024-25,32,73,Norberto Murara Neto,GK,Arsenal,1,4,1,2025-04-12T16:30:00Z,0,0,0,0,0,0,0,0,0.0,0.0,0.0,0.0,0.0,0.0,0.0,0.0,0,41
2024-25,32,74,Dango Ouattara,MID,Bournemouth,3,9,1,2025-04-14T19:00:00Z,90,3,0,0,1,0,0,20,20.8,33.8,9.0,6.4,0.18,0.3,0.48,1.07,1,48
2024-25,32,75,Alex Paulsen,GK,Bournemouth,3,9,1,2025-04-14T19:00:00Z,0,0,0,0,0,0,0,0,0.0,0.0,0.0,0.0,0.0,0.0,0.0,0.0,0,40
2024-25,32,76,Philip Billing,MID,Bournemouth,3,9,1,2025-04-14T19:00:00Z,0,0,0,0,0,0,0,0,0.0,0.0,0.0,0.0,0.0,0.0,0.0,0.0,0,48
2024-25,32,77,Alex Scott,MID,Bournemouth,3,9,1,2025-04-14T19:00:00Z,64,3,0,0,1,0,0,16,12.2,23.0,21.0,5.6,0.16,0.3,0.46,0.86,1,47
2024-25,32,78,Antoine Semenyo,MID,Bournemouth,3,9,1,2025-04-14T19:00:00Z,88,10,1,0,1,0,2,31,38.6,18.2,19.0,7.6,0.12,0.06,0.18,1.07,1,57
2024-25,32,79,Marcos Senesi,DEF,Bournemouth,3,9,1,2025-04-14T19:00:00Z,45,0,0,0,0,0,0,1,3.4,0.0,0.0,0.3,0.0,0.0,0.0,0.86,1,46
2024-25,32,80,Luis Sinisterra,MID,Bournemouth,3,9,1,2025-04-14T19:00:00Z,0,0,0,0,0,0,0,0,0.0,0.0,0.0,0.0,0.0,0.0,0.0,0.0,0,48
2024-25,32,81,Adam Smith,DEF,Bournemouth,3,9,1,2025-04-14T19:00:00Z,90,6,0,0,1,0,0,21,15.8,1.3,0.0,1.7,0.0,0.01,0.01,1.07,1,44
2024-25,32,82,Dominic Solanke-Mitchell,FWD,Spurs,18,20,0,2025-04-13T13:00:00Z,74,2,0,0,0,3,0,-3,0.0,1.7,4.0,0.0,0.46,0.02,0.48,1.8,1,73
2024-25,32,83,Marcus Tavernier,MID,Bournemouth,3,9,1,2025-04-14T19:00:00Z,25,1,0,0,0,0,0,1,0.0,1.2,0.0,0.1,0.0,0.0,0.0,0.21,0,54
2024-25,32,84,Mark Travers,GK,Bournemouth,3,9,1,2025-04-14T19:00:00Z,0,0,0,0,0,0,0,0,0.0,0.0,0.0,0.0,0.0,0.0,0.0,0.0,0,44
2024-25,32,85,Illia Zabarnyi,DEF,Bournemouth,3,9,1,2025-04-14T19:00:00Z,45,1,0,0,0,0,0,6,5.6,0.0,0.0,0.6,0.0,0.0,0.0,0.21,0,44
2024-25,32,86,Kristoffer Ajer,DEF,Brentford,4,1,0,2025-04-12T16:30:00Z,68,2,0,0,0,1,0,8,11.6,0.9,19.0,3.2,0.11,0.01,0.12,0.71,1,44
2024-25,32,87,Ethan Brierley,MID,Brentford,4,1,0,2025-04-12T16:30:00Z,0,0,0,0,0,0,0,0,0.0,0.0,0.0,0.0,0.0,0.0,0.0,0.0,0,44
2024-25,32,88,Nathan Collins,DEF,Brentford,4,1,0,2025-04-12T16:30:00Z,90,6,0,1,0,1,1,26,32.4,11.3,2.0,4.6,0.0,0.1,0.1,0.96,1,45
2024-25,32,89,Mikkel Damsgaard,MID,Brentford,4,1,0,2025-04-12T16:30:00Z,79,2,0,0,0,1,0,9,7.4,4.7,6.0,1.8,0.02,0.02,0.04,0.72,1,50
2024-25,32,90,Josh Dasilva,MID,Brentford,4,1,0,2025-04-12T16:30:00Z,0,0,0,0,0,0,0,0,0.0,0.0,0.0,0.0,0.0,0.0,0.0,0.0,0,48
2024-25,32,91,Mark Flekken,GK,Brentford,4,1,0,2025-04-12T16:30:00Z,90,2,0,0,0,1,0,11,23.2,0.0,0.0,2.3,0.0,0.01,0.01,0.96,1,44
2024-25,32,92,Rico Henry,DEF,Brentford,4,1,0,2025-04-12T16:30:00Z,0,0,0,0,0,0,0,0,0.0,0.0,0.0,0.0,0.0,0.0,0.0,0.0,0,43
2024-25,32,93,Aaron Hickey,DEF,Brentford,4,1,0,2025-04-12T16:30:00Z,0,0,0,0,0,0,0,0,0.0,0.0,0.0,0.0,0.0,0.0,0.0,0.0,0,43
2024-25,32,94,Vitaly Janelt,MID,Brentford,4,1,0,2025-04-12T16:30:00Z,68,2,0,0,0,1,0,10,9.8,2.8,2.0,1.5,0.0,0.03,0.03,0.71,1,48
2024-25,32,95,Mathias Jensen,MID,Brentford,4,1,0,2025-04-12T16:30:00Z,10,1,0,0,0,0,0,3,0.6,0.2,0.0,0.1,0.0,0.0,0.0,0.24,0,53
2024-25,32,96,Kim Ji-soo,DEF,Brentford,4,1,0,2025-04-12T16:30:00Z,0,0,0,0,0,0,0,0,0.0,0.0,0.0,0.0,0.0,0.0,0.0,0.0,0,39
2024-25,32,97,Yunus Emre Konak,MID,Brentford,4,1,0,2025-04-12T16:30:00Z,0,0,0,0,0,0,0,0,0.0,0.0,0.0,0.0,0.0,0.0,0.0,0.0,0,44
2024-25,32,98,Keane Lewis-Potter,MID,Brentford,4,1,0,2025-04-12T16:30:00Z,90,2,0,0,0,1,0,11,8.0,4.5,0.0,1.3,0.0,0.0,0.0,0.96,1,50
2024-25,32,99,Bryan Mbeumo,MID,Brentford,4,1,0,2025-04-12T16:30:00Z,90,2,0,0,0,1,0,13,9.4,23.1,4.0,3.7,0.0,0.26,0.26,0.96,1,80
2024-25,32,100,Ben Mee,DEF,Brentford,4,1,0,2025-04-12T16:30:00Z,0,0,0,0,0,0,0,0,0.0,0.0,0.0,0.0,0.0,0.0,0.0,0.0,0,42
2024-25,32,101,Christian Nørgaard,MID,Brentford,4,1,0,2025-04-12T16:30:00Z,90,1,0,0,0,1,0,5,20.2,1.8,4.0,2.6,0.0,0.02,0.02,0.87,1,48
2024-25,32,102,Frank Onyeka,MID,Brentford,4,1,0,2025-04-12T16:30:00Z,0,0,0,0,0,0,0,0,0.0,0.0,0.0,0.0,0.0,0.0,0.0,0.0,0,49
2024-25,32,103,Myles Peart-Harris,MID,Brentford,4,1,0,2025-04-12T16:30:00Z,0,0,0,0,0,0,0,0,0.0,0.0,0.0,0.0,0.0,0.0,0.0,0.0,0,45
2024-25,32,104,Ethan Pinnock,DEF,Brentford,4,1,0,2025-04-12T16:30:00Z,0,0,0,0,0,0,0,0,0.0,0.0,0.0,0.0,0.0,0.0,0.0,0.0,0,44
2024-25,32,105,Mads Roerslev Rasmussen,DEF,Brentford,4,1,0,2025-04-12T16:30:00Z,0,0,0,0,0,0,0,0,0.0,0.0,0.0,0.0,0.0,0.0,0.0,0.0,0,43
2024-25,32,106,Kevin Schade,MID,Brentford,4,1,0,2025-04-12T16:30:00Z,90,1,0,0,0,1,0,4,6.2,0.3,4.0,1.1,0.0,0.01,0.01,0.96,1,51
2024-25,32,107,Igor Thiago Nascimento Rodrigues,FWD,Brentford,4,1,0,2025-04-12T16:30:00Z,0,0,0,0,0,0,0,0,0.0,0.0,0.0,0.0,0.0,0.0,0.0,0.0,0,59
2024-25,32,108,Ivan Toney,FWD,Brentford,4,1,0,2025-04-12T16:30:00Z,0,0,0,0,0,0,0,0,0.0,0.0,0.0,0.0,0.0,0.0,0.0,0.0,0,73
2024-25,32,109,Hákon Valdimarsson,GK,Brentford,4,1,0,2025-04-12T16:30:00Z,0,0,0,0,0,0,0,0,0.0,0.0,0.0,0.0,0.0,0.0,0.0,0.0,0,39
2024-25,32,110,Yoane Wissa,FWD,Brentford,4,1,0,2025-04-12T16:30:00Z,90,9,1,0,0,1,3,31,37.8,2.4,21.0,6.1,0.12,0.02,0.14,0.96,1,65
2024-25,32,111,Yehor Yarmoliuk,MID,Brentford,4,1,0,2025-04-12T16:30:00Z,21,0,0,0,0,0,0,-1,0.0,0.1,0.0,0.0,0.0,0.0,0.0,0.26,0,43
2024-25,32,112,Mathias Jorgensen,DEF,Brentford,4,1,0,2025-04-12T16:30:00Z,0,0,0,0,0,0,0,0,0.0,0.0,0.0,0.0,0.0,0.0,0.0,0.0,0,45
2024-25,32,113,Simon Adingra,MID,Brighton,5,11,1,2025-04-12T14:00:00Z,81,5,0,1,0,2,0,22,18.0,36.5,63.0,11.8,0.56,0.42,0.98,1.0,1,51
2024-25,32,114,Benicio Baker-Boaitey,MID,Brighton,5,11,1,2025-04-12T14:00:00Z,0,0,0,0,0,0,0,0,0.0,0.0,0.0,0.0,0.0,0.0,0.0,0.0,0,45
2024-25,32,115,Carlos Baleba,MID,Brighton,5,11,1,2025-04-12T14:00:00Z,90,2,0,0,0,2,0,22,37.2,26.0,0.0,6.3,0.0,0.03,0.03,1.5,1,50
2024-25,32,116,Valentín Barco,DEF,Brighton,5,11,1,2025-04-12T14:00:00Z,0,0,0,0,0,0,0,0,0.0,0.0,0.0,0.0,0.0,0.0,0.0,0.0,0,40
2024-25,32,117,Facundo Buonanotte,MID,Leicester,11,5,0,2025-04-12T14:00:00Z,0,0,0,0,0,0,0,0,0.0,0.0,0.0,0.0,0.0,0.0,0.0,0.0,0,45
2024-25,32,118,Amario Cozier-Duberry,MID,Brighton,5,11,1,2025-04-12T14:00:00Z,0,0,0,0,0,0,0,0,0.0,0.0,0.0,0.0,0.0,0.0,0.0,0.0,0,45
2024-25,32,119,Mahmoud Dahoud,MID,Brighton,5,11,1,2025-04-12T14:00:00Z,0,0,0,0,0,0,0,0,0.0,0.0,0.0,0.0,0.0,0.0,0.0,0.0,0,49
2024-25,32,120,Lewis Dunk,DEF,Brighton,5,11,1,2025-04-12T14:00:00Z,90,0,0,0,0,2,0,-1,9.6,4.5,2.0,1.6,0.0,0.28,0.28,1.5,1,42
2024-25,32,121,Julio Enciso,MID,Ipswich,10,6,0,2025-04-13T13:00:00Z,75,13,1,1,0,1,3,45,61.2,21.2,27.0,10.9,0.47,0.33,0.8,1.4,1,54
2024-25,32,122,Pervis Estupiñán,DEF,Brighton,5,11,1,2025-04-12T14:00:00Z,90,0,0,0,0,2,0,8,14.2,15.0,4.0,3.3,0.0,0.08,0.08,1.5,1,49
2024-25,32,123,Evan Ferguson,FWD,West Ham,19,12,0,2025-04-13T13:00:00Z,0,0,0,0,0,0,0,0,0.0,0.0,0.0,0.0,0.0,0.0,0.0,0.0,0,55
2024-25,32,124,Billy Gilmour,MID,Brighton,5,11,1,2025-04-12T14:00:00Z,0,0,0,0,0,0,0,0,0.0,0.0,0.0,0.0,0.0,0.0,0.0,0.0,0,50
2024-25,32,125,Pascal Groß,MID,Brighton,5,11,1,2025-04-12T14:00:00Z,0,0,0,0,0,0,0,0,0.0,0.0,0.0,0.0,0.0,0.0,0.0,0.0,0,65
2024-25,32,126,Jack Hinshelwood,MID,Brighton,5,11,1,2025-04-12T14:00:00Z,90,2,0,0,0,2,0,12,7.4,13.3,6.0,2.7,0.0,0.03,0.03,1.5,1,49
2024-25,32,127,Ibrahim Osman,MID,Brighton,5,11,1,2025-04-12T14:00:00Z,0,0,0,0,0,0,0,0,0.0,0.0,0.0,0.0,0.0,0.0,0.0,0.0,0,50
2024-25,32,128,Igor Julio dos Santos de Paulo,DEF,Brighton,5,11,1,2025-04-12T14:00:00Z,0,0,0,0,0,0,0,0,0.0,0.0,0.0,0.0,0.0,0.0,0.0,0.0,0,43
2024-25,32,129,João Pedro Junqueira de Jesus,FWD,Brighton,5,11,1,2025-04-12T14:00:00Z,90,13,2,0,0,2,3,72,78.2,60.7,50.0,18.9,1.72,0.24,1.96,1.5,1,56
2024-25,32,130,Kacper Kozłowski,MID,Brighton,5,11,1,2025-04-12T14:00:00Z,0,0,0,0,0,0,0,0,0.0,0.0,0.0,0.0,0.0,0.0,0.0,0.0,0,45
2024-25,32,131,Tariq Lamptey,DEF,Brighton,5,11,1,2025-04-12T14:00:00Z,0,0,0,0,0,0,0,0,0.0,0.0,0.0,0.0,0.0,0.0,0.0,0.0,0,44
2024-25,32,132,Solly March,MID,Brighton,5,11,1,2025-04-12T14:00:00Z,20,1,0,0,0,1,0,5,7.2,28.3,2.0,3.8,0.0,0.15,0.15,1.02,0,65
2024-25,32,133,Adrian Mazilu,MID,Brighton,5,11,1,2025-04-12T14:00:00Z,0,0,0,0,0,0,0,0,0.0,0.0,0.0,0.0,0.0,0.0,0.0,0.0,0,45
2024-25,32,134,James Milner,MID,Brighton,5,11,1,2025-04-12T14:00:00Z,0,0,0,0,0,0,0,0,0.0,0.0,0.0,0.0,0.0,0.0,0.0,0.0,0,50
2024-25,32,135,Yankuba Minteh,MID,Brighton,5,11,1,2025-04-12T14:00:00Z,69,2,0,0,0,1,0,11,8.4,26.3,19.0,5.4,0.23,0.54,0.77,0.48,1,50
2024-25,32,136,Mitoma Kaoru,MID,Brighton,5,11,1,2025-04-12T14:00:00Z,0,0,0,0,0,0,0,0,0.0,0.0,0.0,0.0,0.0,0.0,0.0,0.0,0,65
2024-25,32,137,Jakub Moder,MID,Brighton,5,11,1,2025-04-12T14:00:00Z,0,0,0,0,0,0,0,0,0.0,0.0,0.0,0.0,0.0,0.0,0.0,0.0,0,44
2024-25,32,138,Mark O’Mahony,FWD,Brighton,5,11,1,2025-04-12T14:00:00Z,0,0,0,0,0,0,0,0,0.0,0.0,0.0,0.0,0.0,0.0,0.0,0.0,0,45
2024-25,32,139,Odeluga Offiah,DEF,Brighton,5,11,1,2025-04-12T14:00:00Z,0,0,0,0,0,0,0,0,0.0,0.0,0.0,0.0,0.0,0.0,0.0,0.0,0,40
2024-25,32,140,Cameron Peupion,MID,Brighton,5,11,1,2025-04-12T14:00:00Z,0,0,0,0,0,0,0,0,0.0,0.0,0.0,0.0,0.0,0.0,0.0,0.0,0,44
2024-25,32,141,Jeremy Sarmiento Morante,MID,Brighton,5,11,1,2025-04-12T14:00:00Z,0,0,0,0,0,0,0,0,0.0,0.0,0.0,0.0,0.0,0.0,0.0,0.0,0,49
2024-25,32,142,Jason Steele,GK,Brighton,5,11,1,2025-04-12T14:00:00Z,0,0,0,0,0,0,0,0,0.0,0.0,0.0,0.0,0.0,0.0,0.0,0.0,0,40
2024-25,32,143,Deniz Undav,FWD,Brighton,5,11,1,2025-04-12T14:00:00Z,0,0,0,0,0,0,0,0,0.0,0.0,0.0,0.0,0.0,0.0,0.0,0.0,0,55
2024-25,32,144,Jan Paul van Hecke,DEF,Brighton,5,11,1,2025-04-12T14:00:00Z,0,0,0,0,0,0,0,0,0.0,0.0,0.0,0.0,0.0,0.0,0.0,0.0,0,45
2024-25,32,145,Joël Veltman,DEF,Brighton,5,11,1,2025-04-12T14:00:00Z,0,0,0,0,0,0,0,0,0.0,0.0,0.0,0.0,0.0,0.0,0.0,0.0,0,43
2024-25,32,146,Bart Verbruggen,GK,Brighton,5,11,1,2025-04-12T14:00:00Z,90,2,0,0,0,2,0,12,39.4,0.0,0.0,3.9,0.0,0.0,0.0,1.5,1,45
2024-25,32,147,Adam Webster,DEF,Brighton,5,11,1,2025-04-12T14:00:00Z,0,0,0,0,0,0,0,0,0.0,0.0,0.0,0.0,0.0,0.0,0.0,0.0,0,43
2024-25,32,148,Danny Welbeck,FWD,Brighton,5,11,1,2025-04-12T14:00:00Z,90,2,0,0,0,2,0,9,12.8,3.0,43.0,5.9,0.64,0.01,0.65,1.5,1,55
2024-25,32,149,Mats Wieffer,MID,Brighton,5,11,1,2025-04-12T14:00:00Z,0,0,0,0,0,0,0,0,0.0,0.0,0.0,0.0,0.0,0.0,0.0,0.0,0,47
2024-25,32,150,Andrey Nascimento dos Santos,MID,Chelsea,6,10,1,2025-04-13T13:00:00Z,0,0,0,0,0,0,0,0,0.0,0.0,0.0,0.0,0.0,0.0,0.0,0.0,0,45
2024-25,32,151,Ângelo Gabriel Borges Damaceno,MID,Chelsea,6,10,1,2025-04-13T13:00:00Z,0,0,0,0,0,0,0,0,0.0,0.0,0.0,0.0,0.0,0.0,0.0,0.0,0,45
2024-25,32,152,Kepa Arrizabalaga,GK,Bournemouth,3,9,1,2025-04-14T19:00:00Z,90,11,0,0,1,0,3,37,48.0,0.0,0.0,4.8,0.0,0.0,0.0,1.07,1,46
2024-25,32,153,Benoît Badiashile,DEF,Chelsea,6,10,1,2025-04-13T13:00:00Z,0,0,0,0,0,0,0,0,0.0,0.0,0.0,0.0,0.0,0.0,0.0,0.0,0,42
2024-25,32,154,Lucas Bergström,GK,Chelsea,6,10,1,2025-04-13T13:00:00Z,0,0,0,0,0,0,0,0,0.0,0.0,0.0,0.0,0.0,0.0,0.0,0.0,0,39
2024-25,32,155,Marcus Bettinelli,GK,Chelsea,6,10,1,2025-04-13T13:00:00Z,0,0,0,0,0,0,0,0,0.0,0.0,0.0,0.0,0.0,0.0,0.0,0.0,0,39
2024-25,32,156,Armando Broja,FWD,Everton,8,16,0,2025-04-12T14:00:00Z,63,2,0,0,1,0,0,8,5.4,23.9,10.0,3.9,0.0,0.02,0.02,0.48,1,53
2024-25,32,157,Moisés Caicedo Corozo,MID,Chelsea,6,10,1,2025-04-13T13:00:00Z,90,2,0,0,0,2,0,18,14.8,16.6,5.0,3.6,0.1,0.11,0.21,1.07,1,49
2024-25,32,158,Cesare Casadei,MID,Chelsea,6,10,1,2025-04-13T13:00:00Z,0,0,0,0,0,0,0,0,0.0,0.0,0.0,0.0,0.0,0.0,0.0,0.0,0,44
2024-25,32,159,Trevoh Chalobah,DEF,Chelsea,6,10,1,2025-04-13T13:00:00Z,90,1,0,0,0,2,0,7,17.6,5.3,44.0,6.7,0.49,0.02,0.51,1.07,1,44
2024-25,32,160,Ben Chilwell,DEF,Crystal Palace,7,15,0,2025-04-16T18:30:00Z,0,0,0,0,0,0,0,0,0.0,0.0,0.0,0.0,0.0,0.0,0.0,0.0,0,46
2024-25,32,161,Carney Chukwuemeka,MID,Chelsea,6,10,1,2025-04-13T13:00:00Z,0,0,0,0,0,0,0,0,0.0,0.0,0.0,0.0,0.0,0.0,0.0,0.0,0,47
2024-25,32,162,Levi Colwill,DEF,Chelsea,6,10,1,2025-04-13T13:00:00Z,90,1,0,0,0,2,0,3,17.0,27.9,29.0,7.4,0.31,0.08,0.39,1.07,1,44
2024-25,32,163,Marc Cucurella Saseta,DEF,Chelsea,6,10,1,2025-04-13T13:00:00Z,90,1,0,0,0,2,0,6,11.0,25.1,13.0,4.9,0.03,0.19,0.22,1.07,1,54
2024-25,32,164,David Datro Fofana,FWD,Chelsea,6,10,1,2025-04-13T13:00:00Z,0,0,0,0,0,0,0,0,0.0,0.0,0.0,0.0,0.0,0.0,0.0,0.0,0,54
2024-25,32,165,Deivid Washington de Souza Eugênio,FWD,Chelsea,6,10,1,2025-04-13T13:00:00Z,0,0,0,0,0,0,0,0,0.0,0.0,0.0,0.0,0.0,0.0,0.0,0.0,0,49
2024-25,32,166,Kiernan Dewsbury-Hall,MID,Chelsea,6,10,1,2025-04-13T13:00:00Z,0,0,0,0,0,0,0,0,0.0,0.0,0.0,0.0,0.0,0.0,0.0,0.0,0,55
2024-25,32,167,Axel Disasi,DEF,Aston Villa,2,17,0,2025-04-12T14:00:00Z,0,0,0,0,0,0,0,0,0.0,0.0,0.0,0.0,0.0,0.0,0.0,0.0,0,42
2024-25,32,168,Enzo Fernández,MID,Chelsea,6,10,1,2025-04-13T13:00:00Z,90,2,0,0,0,2,0,23,28.2,72.2,32.0,13.2,0.23,0.42,0.65,1.07,1,47
2024-25,32,169,Conor Gallagher,MID,Chelsea,6,10,1,2025-04-13T13:00:00Z,0,0,0,0,0,0,0,0,0.0,0.0,0.0,0.0,0.0,0.0,0.0,0.0,0,59
2024-25,32,170,Alfie Gilchrist,DEF,Chelsea,6,10,1,2025-04-13T13:00:00Z,0,0,0,0,0,0,0,0,0.0,0.0,0.0,0.0,0.0,0.0,0.0,0.0,0,40
2024-25,32,171,Malo Gusto,DEF,Chelsea,6,10,1,2025-04-13T13:00:00Z,45,1,0,0,0,0,0,14,13.2,44.3,4.0,6.2,0.0,0.23,0.23,0.42,0,49
2024-25,32,172,Reece James,DEF,Chelsea,6,10,1,2025-04-13T13:00:00Z,0,0,0,0,0,0,0,0,0.0,0.0,0.0,0.0,0.0,0.0,0.0,0.0,0,48
2024-25,32,173,Omari Kellyman,MID,Chelsea,6,10,1,2025-04-13T13:00:00Z,0,0,0,0,0,0,0,0,0.0,0.0,0.0,0.0,0.0,0.0,0.0,0.0,0,43
2024-25,32,174,Roméo Lavia,MID,Chelsea,6,10,1,2025-04-13T13:00:00Z,0,0,0,0,0,0,0,0,0.0,0.0,0.0,0.0,0.0,0.0,0.0,0.0,0,45
2024-25,32,175,Romelu Lukaku Bolingoli,FWD,Chelsea,6,10,1,2025-04-13T13:00:00Z,0,0,0,0,0,0,0,0,0.0,0.0,0.0,0.0,0.0,0.0,0.0,0.0,0,63
2024-25,32,176,Malang Sarr,DEF,Chelsea,6,10,1,2025-04-13T13:00:00Z,0,0,0,0,0,0,0,0,0.0,0.0,0.0,0.0,0.0,0.0,0.0,0.0,0,45
2024-25,32,177,Noni Madueke,MID,Chelsea,6,10,1,2025-04-13T13:00:00Z,67,5,0,1,0,2,0,25,10.8,47.9,40.0,9.9,0.25,0.14,0.39,0.9,1,60
2024-25,32,178,Marc Guiu Paz,FWD,Chelsea,6,10,1,2025-04-13T13:00:00Z,0,0,0,0,0,0,0,0,0.0,0.0,0.0,0.0,0.0,0.0,0.0,0.0,0,47
2024-25,32,179,Mykhailo Mudryk,MID,Chelsea,6,10,1,2025-04-13T13:00:00Z,0,0,0,0,0,0,0,0,0.0,0.0,0.0,0.0,0.0,0.0,0.0,0.0,0,61
2024-25,32,180,Nicolas Jackson,FWD,Chelsea,6,10,1,2025-04-13T13:00:00Z,86,1,0,0,0,2,0,-7,0.0,1.3,26.0,1.6,0.39,0.02,0.41,1.01,1,77
2024-25,32,181,Christopher Nkunku,MID,Chelsea,6,10,1,2025-04-13T13:00:00Z,3,1,0,0,0,0,0,3,1.0,12.3,0.0,1.3,0.0,0.02,0.02,0.07,0,57
2024-25,32,182,Cole Palmer,MID,Chelsea,6,10,1,2025-04-13T13:00:00Z,90,4,0,1,0,2,0,21,31.0,53.2,33.0,11.7,0.27,0.16,0.43,1.07,1,107
2024-25,32,183,Đorđe Petrović,GK,Chelsea,6,10,1,2025-04-13T13:00:00Z,0,0,0,0,0,0,0,0,0.0,0.0,0.0,0.0,0.0,0.0,0.0,0.0,0,44
2024-25,32,184,Renato Palma Veiga,MID,Chelsea,6,10,1,2025-04-13T13:00:00Z,0,0,0,0,0,0,0,0,0.0,0.0,0.0,0.0,0.0,0.0,0.0,0.0,0,44
2024-25,32,185,Robert Sánchez,GK,Chelsea,6,10,1,2025-04-13T13:00:00Z,90,1,0,0,0,2,0,4,11.8,0.0,0.0,1.2,0.0,0.0,0.0,1.07,1,45
2024-25,32,186,Raheem Sterling,MID,Arsenal,1,4,1,2025-04-12T16:30:00Z,0,0,0,0,0,0,0,0,0.0,0.0,0.0,0.0,0.0,0.0,0.0,0.0,0,67
2024-25,32,187,Tosin Adarabioyo,DEF,Chelsea,6,10,1,2025-04-13T13:00:00Z,45,0,0,0,0,2,0,3,9.2,2.2,0.0,1.1,0.0,0.01,0.01,0.65,1,42
2024-25,32,188,Lesley Ugochukwu,MID,Southampton,17,2,1,2025-04-12T14:00:00Z,90,2,0,0,0,3,0,9,15.0,1.2,2.0,1.8,0.0,0.01,0.01,3.03,1,44
2024-25,32,189,Wesley Fofana,DEF,Chelsea,6,10,1,2025-04-13T13:00:00Z,0,0,0,0,0,0,0,0,0.0,0.0,0.0,0.0,0.0,0.0,0.0,0.0,0,43
2024-25,32,190,Naouirou Ahamada,MID,Crystal Palace,7,15,0,2025-04-16T18:30:00Z,0,0,0,0,0,0,0,0,0.0,0.0,0.0,0.0,0.0,0.0,0.0,0.0,0,45
2024-25,32,191,Joachim Andersen,DEF,Fulham,9,3,0,2025-04-14T19:00:00Z,90,2,0,0,0,1,0,13,31.2,0.6,19.0,5.1,0.05,0.01,0.06,1.46,1,42
2024-25,32,192,Jordan Ayew,MID,Leicester,11,5,0,2025-04-12T14:00:00Z,0,0,0,0,0,0,0,0,0.0,0.0,0.0,0.0,0.0,0.0,0.0,0.0,0,51
2024-25,32,193,Cheick Doucouré,MID,Crystal Palace,7,15,0,2025-04-16T18:30:00Z,0,0,0,0,0,0,0,0,0.0,0.0,0.0,0.0,0.0,0.0,0.0,0.0,0,48
2024-25,32,194,Chris Richards,DEF,Crystal Palace,7,15,0,2025-04-16T18:30:00Z,90,0,0,0,0,5,0,-13,22.4,0.2,9.0,3.2,0.22,0.0,0.22,1.39,1,44
2024-25,32,195,Chadi Riad Dnanou,DEF,Crystal Palace,7,15,0,2025-04-16T18:30:00Z,0,0,0,0,0,0,0,0,0.0,0.0,0.0,0.0,0.0,0.0,0.0,0.0,0,43
2024-25,32,196,Nathaniel Clyne,DEF,Crystal Palace,7,15,0,2025-04-16T18:30:00Z,0,0,0,0,0,0,0,0,0.0,0.0,0.0,0.0,0.0,0.0,0.0,0.0,0,43
2024-25,32,197,Malcolm Ebiowei,MID,Crystal Palace,7,15,0,2025-04-16T18:30:00Z,0,0,0,0,0,0,0,0,0.0,0.0,0.0,0.0,0.0,0.0,0.0,0.0,0,45
2024-25,32,198,Odsonne Edouard,FWD,Leicester,11,5,0,2025-04-12T14:00:00Z,0,0,0,0,0,0,0,0,0.0,0.0,0.0,0.0,0.0,0.0,0.0,0.0,0,51
2024-25,32,199,Eberechi Eze,MID,Crystal Palace,7,15,0,2025-04-16T18:30:00Z,56,-1,0,0,0,4,0,-7,4.0,0.8,19.0,2.4,0.79,0.01,0.8,1.21,1,68
2024-25,32,200,Marc Guéhi,DEF,Crystal Palace,7,15,0,2025-04-16T18:30:00Z,90,-2,0,0,0,5,0,-12,7.2,27.0,4.0,3.8,0.0,0.08,0.08,1.39,1,47
2024-25,32,201,Dean Henderson,GK,Crystal Palace,7,15,0,2025-04-16T18:30:00Z,90,1,0,0,0,5,0,-6,21.6,0.0,0.0,2.2,0.0,0.0,0.0,1.39,1,46
2024-25,32,202,Rob Holding,DEF,Crystal Palace,7,15,0,2025-04-16T18:30:00Z,0,0,0,0,0,0,0,0,0.0,0.0,0.0,0.0,0.0,0.0,0.0,0.0,0,42
2024-25,32,203,Will Hughes,MID,Crystal Palace,7,15,0,2025-04-16T18:30:00Z,56,0,0,0,0,4,0,-5,0.0,15.5,1.0,0.4,0.08,0.23,0.31,1.21,1,49
2024-25,32,204,Sam Johnstone,GK,Wolves,20,18,1,2025-04-13T13:00:00Z,0,0,0,0,0,0,0,0,0.0,0.0,0.0,0.0,0.0,0.0,0.0,0.0,0,41
2024-25,32,205,Daichi Kamada,MID,Crystal Palace,7,15,0,2025-04-16T18:30:00Z,33,1,0,0,0,1,0,6,4.0,17.5,11.0,3.3,0.09,0.08,0.17,0.17,0,51
2024-25,32,206,Jefferson Lerma Solís,MID,Crystal Palace,7,15,0,2025-04-16T18:30:00Z,84,1,0,0,0,5,0,8,4.6,11.6,4.0,2.0,0.0,0.06,0.06,1.32,1,48
2024-25,32,207,Jean-Philippe Mateta,FWD,Crystal Palace,7,15,0,2025-04-16T18:30:00Z,55,1,0,0,0,4,0,3,1.4,0.8,15.0,1.7,0.36,0.01,0.37,1.21,1,78
2024-25,32,208,Matheus França de Oliveira,MID,Crystal Palace,7,15,0,2025-04-16T18:30:00Z,0,0,0,0,0,0,0,0,0.0,0.0,0.0,0.0,0.0,0.0,0.0,0.0,0,44
2024-25,32,209,Remi Matthews,GK,Crystal Palace,7,15,0,2025-04-16T18:30:00Z,0,0,0,0,0,0,0,0,0.0,0.0,0.0,0.0,0.0,0.0,0.0,0.0,0,39
2024-25,32,210,Tyrick Mitchell,DEF,Crystal Palace,7,15,0,2025-04-16T18:30:00Z,90,0,0,0,0,5,0,-13,12.0,16.7,4.0,3.3,0.0,0.24,0.24,1.39,1,48
2024-25,32,211,Daniel Muñoz,DEF,Crystal Palace,7,15,0,2025-04-16T18:30:00Z,90,-1,0,0,0,5,0,-10,24.4,12.3,10.0,4.7,0.2,0.04,0.24,1.39,1,52
2024-25,32,212,David Ozoh,MID,Crystal Palace,7,15,0,2025-04-16T18:30:00Z,0,0,0,0,0,0,0,0,0.0,0.0,0.0,0.0,0.0,0.0,0.0,0.0,0,45
2024-25,32,213,Jesurun Rak-Sakyi,MID,Crystal Palace,7,15,0,2025-04-16T18:30:00Z,0,0,0,0,0,0,0,0,0.0,0.0,0.0,0.0,0.0,0.0,0.0,0.0,0,45
2024-25,32,214,Jeffrey Schlupp,MID,Crystal Palace,7,15,0,2025-04-16T18:30:00Z,0,0,0,0,0,0,0,0,0.0,0.0,0.0,0.0,0.0,0.0,0.0,0.0,0,46
2024-25,32,215,Joel Ward,DEF,Crystal Palace,7,15,0,2025-04-16T18:30:00Z,0,0,0,0,0,0,0,0,0.0,0.0,0.0,0.0,0.0,0.0,0.0,0.0,0,43
2024-25,32,216,Adam Wharton,MID,Crystal Palace,7,15,0,2025-04-16T18:30:00Z,33,1,0,0,0,1,0,5,0.8,2.2,2.0,0.5,0.0,0.03,0.03,0.17,0,47
2024-25,32,217,Abdoulaye Doucouré,MID,Everton,8,16,0,2025-04-12T14:00:00Z,90,10,1,0,1,0,3,33,40.8,29.3,26.0,9.6,0.33,0.08,0.41,0.52,1,51
2024-25,32,218,Norberto Bercique Gomes Betuncal,FWD,Everton,8,16,0,2025-04-12T14:00:00Z,26,1,0,0,0,0,0,5,2.2,11.6,4.0,1.8,0.0,0.03,0.03,0.04,0,49
2024-25,32,219,Jarrad Branthwaite,DEF,Everton,8,16,0,2025-04-12T14:00:00Z,90,5,0,0,1,0,0,20,22.4,0.8,2.0,2.5,0.0,0.16,0.16,0.52,1,48
2024-25,32,220,Dominic Calvert-Lewin,FWD,Everton,8,16,0,2025-04-12T14:00:00Z,0,0,0,0,0,0,0,0,0.0,0.0,0.0,0.0,0.0,0.0,0.0,0.0,0,54
2024-25,32,221,Séamus Coleman,DEF,Everton,8,16,0,2025-04-12T14:00:00Z,0,0,0,0,0,0,0,0,0.0,0.0,0.0,0.0,0.0,0.0,0.0,0.0,0,43
2024-25,32,222,Idrissa Gueye,MID,Everton,8,16,0,2025-04-12T14:00:00Z,90,2,0,0,1,0,0,12,12.2,4.2,4.0,2.0,0.06,0.14,0.2,0.52,1,48
2024-25,32,223,James Garner,MID,Everton,8,16,0,2025-04-12T14:00:00Z,90,3,0,0,1,0,0,22,14.4,9.7,18.0,4.2,0.15,0.03,0.18,0.52,1,49
2024-25,32,224,Jack Harrison,MID,Everton,8,16,0,2025-04-12T14:00:00Z,89,3,0,0,1,0,0,8,7.6,39.8,7.0,5.4,0.23,0.32,0.55,0.48,1,52
2024-25,32,225,Mason Holgate,DEF,Everton,8,16,0,2025-04-12T14:00:00Z,0,0,0,0,0,0,0,0,0.0,0.0,0.0,0.0,0.0,0.0,0.0,0.0,0,40
2024-25,32,226,Tim Iroegbunam,MID,Everton,8,16,0,2025-04-12T14:00:00Z,0,0,0,0,0,0,0,0,0.0,0.0,0.0,0.0,0.0,0.0,0.0,0.0,0,43
2024-25,32,227,João Neves Virgínia,GK,Everton,8,16,0,2025-04-12T14:00:00Z,0,0,0,0,0,0,0,0,0.0,0.0,0.0,0.0,0.0,0.0,0.0,0.0,0,39
2024-25,32,228,Michael Keane,DEF,Everton,8,16,0,2025-04-12T14:00:00Z,0,0,0,0,0,0,0,0,0.0,0.0,0.0,0.0,0.0,0.0,0.0,0.0,0,38
2024-25,32,229,Neal Maupay,FWD,Everton,8,16,0,2025-04-12T14:00:00Z,0,0,0,0,0,0,0,0,0.0,0.0,0.0,0.0,0.0,0.0,0.0,0.0,0,49
2024-25,32,230,Dwight McNeil,MID,Everton,8,16,0,2025-04-12T14:00:00Z,1,4,0,1,0,0,0,16,19.2,10.3,0.0,3.0,0.0,0.03,0.03,0.04,0,51
2024-25,32,231,Vitalii Mykolenko,DEF,Everton,8,16,0,2025-04-12T14:00:00Z,90,6,0,0,1,0,0,28,15.2,12.5,0.0,2.8,0.0,0.1,0.1,0.52,1,44
2024-25,32,232,Iliman Ndiaye,FWD,Everton,8,16,0,2025-04-12T14:00:00Z,66,2,0,0,1,0,0,3,5.2,1.6,55.0,6.2,0.46,0.0,0.46,0.48,1,52
2024-25,32,233,Amadou Onana,MID,Aston Villa,2,17,0,2025-04-12T14:00:00Z,88,3,0,0,1,0,0,17,29.8,26.3,11.0,6.7,0.03,0.17,0.2,0.27,1,48
2024-25,32,234,Nathan Patterson,DEF,Everton,8,16,0,2025-04-12T14:00:00Z,0,0,0,0,0,0,0,0,0.0,0.0,0.0,0.0,0.0,0.0,0.0,0.0,0,44
2024-25,32,235,Jordan Pickford,GK,Everton,8,16,0,2025-04-12T14:00:00Z,90,9,0,0,1,0,2,30,44.4,0.0,0.0,4.4,0.0,0.0,0.0,0.52,1,51
2024-25,32,236,James Tarkowski,DEF,Everton,8,16,0,2025-04-12T14:00:00Z,90,7,0,0,1,0,1,29,24.2,13.1,8.0,4.5,0.0,0.17,0.17,0.52,1,49
2024-25,32,237,Youssef Ramalho Chermiti,FWD,Everton,8,16,0,2025-04-12T14:00:00Z,0,0,0,0,0,0,0,0,0.0,0.0,0.0,0.0,0.0,0.0,0.0,0.0,0,49
2024-25,32,238,Ashley Young,DEF,Everton,8,16,0,2025-04-12T14:00:00Z,0,0,0,0,0,0,0,0,0.0,0.0,0.0,0.0,0.0,0.0,0.0,0.0,0,43
2024-25,32,239,Adama Traoré,MID,Fulham,9,3,0,2025-04-14T19:00:00Z,33,1,0,0,0,0,0,7,5.2,3.5,2.0,1.1,0.0,0.01,0.01,0.01,0,45
2024-25,32,240,Andreas Hoelgebaum Pereira,MID,Fulham,9,3,0,2025-04-14T19:00:00Z,68,2,0,0,0,1,0,13,9.0,54.0,4.0,6.7,0.0,0.22,0.22,1.46,1,49
2024-25,32,241,Calvin Bassey,DEF,Fulham,9,3,0,2025-04-14T19:00:00Z,90,2,0,0,0,1,0,11,12.8,2.0,0.0,1.5,0.0,0.03,0.03,1.46,1,45
2024-25,32,242,Steven Benda,GK,Fulham,9,3,0,2025-04-14T19:00:00Z,0,0,0,0,0,0,0,0,0.0,0.0,0.0,0.0,0.0,0.0,0.0,0.0,0,39
2024-25,32,243,Tom Cairney,MID,Fulham,9,3,0,2025-04-14T19:00:00Z,31,0,0,0,0,0,0,8,5.6,14.1,15.0,3.5,0.05,0.03,0.08,0.01,0,48
2024-25,32,244,Timothy Castagne,DEF,Fulham,9,3,0,2025-04-14T19:00:00Z,90,2,0,0,0,1,0,7,25.0,2.6,4.0,3.2,0.0,0.03,0.03,1.46,1,42
2024-25,32,245,Issa Diop,DEF,Fulham,9,3,0,2025-04-14T19:00:00Z,0,0,0,0,0,0,0,0,0.0,0.0,0.0,0.0,0.0,0.0,0.0,0.0,0,43
2024-25,32,246,Luke Harris,MID,Fulham,9,3,0,2025-04-14T19:00:00Z,0,0,0,0,0,0,0,0,0.0,0.0,0.0,0.0,0.0,0.0,0.0,0.0,0,45
2024-25,32,247,Alex Iwobi,MID,Fulham,9,3,0,2025-04-14T19:00:00Z,90,2,0,0,0,1,0,19,16.2,23.3,13.0,5.3,0.16,0.26,0.42,1.46,1,55
2024-25,32,248,Bernd Leno,GK,Fulham,9,3,0,2025-04-14T19:00:00Z,90,2,0,0,0,1,0,8,19.8,0.0,0.0,2.0,0.0,0.0,0.0,1.46,1,50
2024-25,32,249,Saša Lukić,MID,Fulham,9,3,0,2025-04-14T19:00:00Z,84,2,0,0,0,1,0,20,17.4,7.3,13.0,3.8,0.12,0.08,0.2,1.46,1,48
2024-25,32,250,Kevin Mbabu,DEF,Fulham,9,3,0,2025-04-14T19:00:00Z,0,0,0,0,0,0,0,0,0.0,0.0,0.0,0.0,0.0,0.0,0.0,0.0,0,40
2024-25,32,251,Rodrigo Muniz Carvalho,FWD,Fulham,9,3,0,2025-04-14T19:00:00Z,56,1,0,0,0,1,0,10,7.4,0.2,54.0,6.2,0.27,0.0,0.27,1.45,1,55
2024-25,32,252,Raúl Jiménez,FWD,Fulham,9,3,0,2025-04-14T19:00:00Z,33,1,0,0,0,0,0,6,6.2,15.3,6.0,2.8,0.0,0.05,0.05,0.01,0,54
2024-25,32,253,Tim Ream,DEF,Fulham,9,3,0,2025-04-14T19:00:00Z,0,0,0,0,0,0,0,0,0.0,0.0,0.0,0.0,0.0,0.0,0.0,0.0,0,45
2024-25,32,254,Harrison Reed,MID,Fulham,9,3,0,2025-04-14T19:00:00Z,0,0,0,0,0,0,0,0,0.0,0.0,0.0,0.0,0.0,0.0,0.0,0.0,0,47
2024-25,32,255,Antonee Robinson,DEF,Fulham,9,3,0,2025-04-14T19:00:00Z,90,1,0,0,0,1,0,2,7.6,13.5,10.0,3.1,0.0,0.04,0.04,1.46,1,49
2024-25,32,256,Jay Stansfield,FWD,Fulham,9,3,0,2025-04-14T19:00:00Z,0,0,0,0,0,0,0,0,0.0,0.0,0.0,0.0,0.0,0.0,0.0,0.0,0,50
2024-25,32,257,Kenny Tete,DEF,Fulham,9,3,0,2025-04-14T19:00:00Z,0,0,0,0,0,0,0,0,0.0,0.0,0.0,0.0,0.0,0.0,0.0,0.0,0,44
2024-25,32,258,Carlos Vinícius Alves Morais,FWD,Fulham,9,3,0,2025-04-14T19:00:00Z,0,0,0,0,0,0,0,0,0.0,0.0,0.0,0.0,0.0,0.0,0.0,0.0,0,50
2024-25,32,259,Harry Wilson,MID,Fulham,9,3,0,2025-04-14T19:00:00Z,0,0,0,0,0,0,0,0,0.0,0.0,0.0,0.0,0.0,0.0,0.0,0.0,0,52
2024-25,32,260,Ali Al-Hamadi,FWD,Ipswich,10,6,0,2025-04-13T13:00:00Z,0,0,0,0,0,0,0,0,0.0,0.0,0.0,0.0,0.0,0.0,0.0,0.0,0,47
2024-25,32,261,Elkan Baggott,DEF,Ipswich,10,6,0,2025-04-13T13:00:00Z,0,0,0,0,0,0,0,0,0.0,0.0,0.0,0.0,0.0,0.0,0.0,0.0,0,40
2024-25,32,262,Nathan Broadhead,MID,Ipswich,10,6,0,2025-04-13T13:00:00Z,14,1,0,0,0,1,0,4,1.2,0.5,0.0,0.2,0.0,0.0,0.0,0.87,0,49
2024-25,32,263,Cameron Burgess,DEF,Ipswich,10,6,0,2025-04-13T13:00:00Z,90,1,0,0,0,2,0,2,19.4,0.1,0.0,2.0,0.0,0.0,0.0,2.27,1,38
2024-25,32,264,Wes Burns,MID,Ipswich,10,6,0,2025-04-13T13:00:00Z,0,0,0,0,0,0,0,0,0.0,0.0,0.0,0.0,0.0,0.0,0.0,0.0,0,47
2024-25,32,265,Conor Chaplin,MID,Ipswich,10,6,0,2025-04-13T13:00:00Z,0,0,0,0,0,0,0,0,0.0,0.0,0.0,0.0,0.0,0.0,0.0,0.0,0,51
2024-25,32,266,Harry Clarke,DEF,Ipswich,10,6,0,2025-04-13T13:00:00Z,0,0,0,0,0,0,0,0,0.0,0.0,0.0,0.0,0.0,0.0,0.0,0.0,0,40
2024-25,32,267,Leif Davis,DEF,Ipswich,10,6,0,2025-04-13T13:00:00Z,61,2,0,0,0,1,0,3,10.2,10.1,0.0,2.0,0.0,0.0,0.0,1.25,1,43
2024-25,32,268,Liam Delap,FWD,Ipswich,10,6,0,2025-04-13T13:00:00Z,19,1,0,0,0,1,0,5,5.2,0.3,19.0,2.5,0.07,0.0,0.07,0.87,0,56
2024-25,32,269,George Edmundson,DEF,Ipswich,10,6,0,2025-04-13T13:00:00Z,0,0,0,0,0,0,0,0,0.0,0.0,0.0,0.0,0.0,0.0,0.0,0.0,0,40
2024-25,32,270,Jacob Greaves,DEF,Ipswich,10,6,0,2025-04-13T13:00:00Z,0,0,0,0,0,0,0,0,0.0,0.0,0.0,0.0,0.0,0.0,0.0,0.0,0,39
2024-25,32,271,Marcus Myers-Harness,MID,Ipswich,10,6,0,2025-04-13T13:00:00Z,0,0,0,0,0,0,0,0,0.0,0.0,0.0,0.0,0.0,0.0,0.0,0.0,0,49
2024-25,32,272,George Hirst,FWD,Ipswich,10,6,0,2025-04-13T13:00:00Z,70,2,0,0,0,1,0,2,0.0,1.4,5.0,0.4,0.14,0.01,0.15,1.4,1,54
2024-25,32,273,Cameron Humphreys,MID,Ipswich,10,6,0,2025-04-13T13:00:00Z,0,0,0,0,0,0,0,0,0.0,0.0,0.0,0.0,0.0,0.0,0.0,0.0,0,45
2024-25,32,274,Omari Giraud-Hutchinson,MID,Ipswich,10,6,0,2025-04-13T13:00:00Z,0,0,0,0,0,0,0,0,0.0,0.0,0.0,0.0,0.0,0.0,0.0,0.0,0,52
2024-25,32,275,Ben Johnson,DEF,Ipswich,10,6,0,2025-04-13T13:00:00Z,90,12,1,1,0,2,2,34,71.0,63.2,35.0,16.9,0.17,0.36,0.53,2.27,1,39
2024-25,32,276,Freddie Ladapo,FWD,Ipswich,10,6,0,2025-04-13T13:00:00Z,0,0,0,0,0,0,0,0,0.0,0.0,0.0,0.0,0.0,0.0,0.0,0.0,0,45
2024-25,32,277,Massimo Luongo,MID,Ipswich,10,6,0,2025-04-13T13:00:00Z,0,0,0,0,0,0,0,0,0.0,0.0,0.0,0.0,0.0,0.0,0.0,0.0,0,43
2024-25,32,278,Sam Morsy,MID,Ipswich,10,6,0,2025-04-13T13:00:00Z,90,1,0,0,0,2,0,6,15.6,1.2,0.0,1.7,0.0,0.01,0.01,2.27,1,48
2024-25,32,279,Corrie Ndaba,DEF,Ipswich,10,6,0,2025-04-13T13:00:00Z,0,0,0,0,0,0,0,0,0.0,0.0,0.0,0.0,0.0,0.0,0.0,0.0,0,40
2024-25,32,280,Cieran Slicker,GK,Ipswich,10,6,0,2025-04-13T13:00:00Z,0,0,0,0,0,0,0,0,0.0,0.0,0.0,0.0,0.0,0.0,0.0,0.0,0,39
2024-25,32,281,Jack Taylor,MID,Ipswich,10,6,0,2025-04-13T13:00:00Z,14,1,0,0,0,1,0,2,0.0,0.1,4.0,0.2,0.03,0.0,0.03,0.87,0,48
2024-25,32,282,Axel Tuanzebe,DEF,Ipswich,10,6,0,2025-04-13T13:00:00Z,90,-1,0,0,0,2,0,1,7.8,0.5,0.0,0.8,0.0,0.0,0.0,2.27,1,39
2024-25,32,283,Christian Walton,GK,Ipswich,10,6,0,2025-04-13T13:00:00Z,0,0,0,0,0,0,0,0,0.0,0.0,0.0,0.0,0.0,0.0,0.0,0.0,0,43
2024-25,32,284,Luke Woolfenden,DEF,Ipswich,10,6,0,2025-04-13T13:00:00Z,0,0,0,0,0,0,0,0,0.0,0.0,0.0,0.0,0.0,0.0,0.0,0.0,0,39
2024-25,32,285,Boubakary Soumaré,MID,Leicester,11,5,0,2025-04-12T14:00:00Z,90,2,0,0,0,2,0,15,10.4,13.2,5.0,2.9,0.02,0.02,0.04,3.91,1,44
2024-25,32,286,Tom Cannon,FWD,Leicester,11,5,0,2025-04-12T14:00:00Z,0,0,0,0,0,0,0,0,0.0,0.0,0.0,0.0,0.0,0.0,0.0,0.0,0,45
2024-25,32,287,Hamza Choudhury,MID,Leicester,11,5,0,2025-04-12T14:00:00Z,0,0,0,0,0,0,0,0,0.0,0.0,0.0,0.0,0.0,0.0,0.0,0.0,0,44
2024-25,32,288,Conor Coady,DEF,Leicester,11,5,0,2025-04-12T14:00:00Z,90,0,0,0,0,2,0,-3,7.4,0.7,0.0,0.8,0.0,0.01,0.01,3.91,1,40
2024-25,32,289,Patson Daka,FWD,Leicester,11,5,0,2025-04-12T14:00:00Z,29,1,0,0,0,0,0,2,4.4,0.3,44.0,4.9,0.47,0.0,0.47,0.21,0,48
2024-25,32,290,Bobby De Cordova-Reid,MID,Leicester,11,5,0,2025-04-12T14:00:00Z,1,1,0,0,0,0,0,5,2.0,0.0,2.0,0.4,0.0,0.0,0.0,0.0,0,52
2024-25,32,291,Wout Faes,DEF,Leicester,11,5,0,2025-04-12T14:00:00Z,0,0,0,0,0,0,0,0,0.0,0.0,0.0,0.0,0.0,0.0,0.0,0.0,0,39
2024-25,32,292,Michael Golding,MID,Leicester,11,5,0,2025-04-12T14:00:00Z,0,0,0,0,0,0,0,0,0.0,0.0,0.0,0.0,0.0,0.0,0.0,0.0,0,44
2024-25,32,293,Mads Hermansen,GK,Leicester,11,5,0,2025-04-12T14:00:00Z,90,1,0,0,0,2,0,9,36.6,0.0,0.0,3.7,0.0,0.0,0.0,3.91,1,44
2024-25,32,294,Daniel Iversen,GK,Leicester,11,5,0,2025-04-12T14:00:00Z,0,0,0,0,0,0,0,0,0.0,0.0,0.0,0.0,0.0,0.0,0.0,0.0,0,39
2024-25,32,295,James Justin,DEF,Leicester,11,5,0,2025-04-12T14:00:00Z,90,1,0,0,0,2,0,8,16.8,3.0,0.0,2.0,0.0,0.03,0.03,3.91,1,41
2024-25,32,296,Victor Kristiansen,DEF,Leicester,11,5,0,2025-04-12T14:00:00Z,0,0,0,0,0,0,0,0,0.0,0.0,0.0,0.0,0.0,0.0,0.0,0.0,0,44
2024-25,32,297,Wanya Marçal-Madivádua,MID,Leicester,11,5,0,2025-04-12T14:00:00Z,0,0,0,0,0,0,0,0,0.0,0.0,0.0,0.0,0.0,0.0,0.0,0.0,0,45
2024-25,32,298,Stephy Mavididi,MID,Leicester,11,5,0,2025-04-12T14:00:00Z,90,9,1,0,0,2,2,32,37.2,13.4,33.0,8.4,0.26,0.05,0.31,3.91,1,50
2024-25,32,299,Kasey McAteer,MID,Leicester,11,5,0,2025-04-12T14:00:00Z,90,2,0,0,0,2,0,5,2.6,16.0,22.0,4.1,0.06,0.13,0.19,3.91,1,47
2024-25,32,300,Wilfred Ndidi,MID,Leicester,11,5,0,2025-04-12T14:00:00Z,60,2,0,0,0,2,0,6,10.8,25.7,6.0,4.3,0.1,0.06,0.16,3.7,1,49
2024-25,32,301,Caleb Okoli,DEF,Leicester,11,5,0,2025-04-12T14:00:00Z,90,6,1,0,0,2,0,18,55.8,2.3,35.0,9.3,0.48,0.04,0.52,3.91,1,40
2024-25,32,302,Ricardo Barbosa Pereira,DEF,Leicester,11,5,0,2025-04-12T14:00:00Z,29,1,0,0,0,0,0,4,1.6,2.0,0.0,0.4,0.0,0.0,0.0,0.21,0,41
2024-25,32,303,Harry Souttar,DEF,Leicester,11,5,0,2025-04-12T14:00:00Z,0,0,0,0,0,0,0,0,0.0,0.0,0.0,0.0,0.0,0.0,0.0,0.0,0,40
2024-25,32,304,Jakub Stolarczyk,GK,Leicester,11,5,0,2025-04-12T14:00:00Z,0,0,0,0,0,0,0,0,0.0,0.0,0.0,0.0,0.0,0.0,0.0,0.0,0,40
2024-25,32,305,Luke Thomas,DEF,Leicester,11,5,0,2025-04-12T14:00:00Z,60,1,0,0,0,2,0,-2,1.0,14.3,8.0,2.3,0.08,0.06,0.14,3.7,1,39
2024-25,32,306,Jamie Vardy,FWD,Leicester,11,5,0,2025-04-12T14:00:00Z,60,2,0,0,0,2,0,5,1.4,0.3,0.0,0.2,0.0,0.0,0.0,3.7,1,53
2024-25,32,307,Jannik Vestergaard,DEF,Leicester,11,5,0,2025-04-12T14:00:00Z,0,0,0,0,0,0,0,0,0.0,0.0,0.0,0.0,0.0,0.0,0.0,0.0,0,39
2024-25,32,308,Danny Ward,GK,Leicester,11,5,0,2025-04-12T14:00:00Z,0,0,0,0,0,0,0,0,0.0,0.0,0.0,0.0,0.0,0.0,0.0,0.0,0,39
2024-25,32,309,Harry Winks,MID,Leicester,11,5,0,2025-04-12T14:00:00Z,0,0,0,0,0,0,0,0,0.0,0.0,0.0,0.0,0.0,0.0,0.0,0.0,0,43
2024-25,32,310,Alisson Ramses Becker,GK,Liverpool,12,19,1,2025-04-13T13:00:00Z,90,3,0,0,0,1,0,13,37.6,0.0,0.0,3.8,0.0,0.0,0.0,1.5,1,55
2024-25,32,311,Trent Alexander-Arnold,DEF,Liverpool,12,19,1,2025-04-13T13:00:00Z,0,0,0,0,0,0,0,0,0.0,0.0,0.0,0.0,0.0,0.0,0.0,0.0,0,72
2024-25,32,312,Stefan Bajčetić Maquieira,MID,Liverpool,12,19,1,2025-04-13T13:00:00Z,0,0,0,0,0,0,0,0,0.0,0.0,0.0,0.0,0.0,0.0,0.0,0.0,0,45
2024-25,32,313,Conor Bradley,DEF,Liverpool,12,19,1,2025-04-13T13:00:00Z,67,9,0,0,1,0,3,36,14.0,14.3,13.0,4.1,0.07,0.01,0.08,1.27,1,47
2024-25,32,314,Fábio Freitas Gouveia Carvalho,MID,Brentford,4,1,0,2025-04-12T16:30:00Z,0,0,0,0,0,0,0,0,0.0,0.0,0.0,0.0,0.0,0.0,0.0,0.0,0,45
2024-25,32,315,Bobby Clark,MID,Liverpool,12,19,1,2025-04-13T13:00:00Z,0,0,0,0,0,0,0,0,0.0,0.0,0.0,0.0,0.0,0.0,0.0,0.0,0,45
2024-25,32,316,Darwin Núñez Ribeiro,FWD,Liverpool,12,19,1,2025-04-13T13:00:00Z,0,0,0,0,0,0,0,0,0.0,0.0,0.0,0.0,0.0,0.0,0.0,0.0,0,70
2024-25,32,317,Diogo Teixeira da Silva,MID,Liverpool,12,19,1,2025-04-13T13:00:00Z,59,1,0,0,0,0,0,2,2.0,13.8,2.0,1.8,0.0,0.01,0.01,0.77,1,72
2024-25,32,318,Ben Doak,MID,Liverpool,12,19,1,2025-04-13T13:00:00Z,0,0,0,0,0,0,0,0,0.0,0.0,0.0,0.0,0.0,0.0,0.0,0.0,0,45
2024-25,32,319,Harvey Elliott,MID,Liverpool,12,19,1,2025-04-13T13:00:00Z,0,0,0,0,0,0,0,0,0.0,0.0,0.0,0.0,0.0,0.0,0.0,0.0,0,52
2024-25,32,320,Endo Wataru,MID,Liverpool,12,19,1,2025-04-13T13:00:00Z,5,1,0,0,0,1,0,1,0.0,0.1,0.0,0.0,0.0,0.0,0.0,0.12,0,46
2024-25,32,321,Cody Gakpo,FWD,Liverpool,12,19,1,2025-04-13T13:00:00Z,30,1,0,0,0,1,0,2,0.0,1.0,2.0,0.3,0.0,0.02,0.02,0.73,0,73
2024-25,32,322,Joe Gomez,DEF,Liverpool,12,19,1,2025-04-13T13:00:00Z,0,0,0,0,0,0,0,0,0.0,0.0,0.0,0.0,0.0,0.0,0.0,0.0,0,47
2024-25,32,323,Ryan Gravenberch,MID,Liverpool,12,19,1,2025-04-13T13:00:00Z,90,2,0,0,0,1,0,15,10.8,4.4,4.0,1.9,0.02,0.06,0.08,1.5,1,50
2024-25,32,324,Curtis Jones,MID,Liverpool,12,19,1,2025-04-13T13:00:00Z,67,3,0,0,1,0,0,12,8.6,6.6,7.0,2.2,0.02,0.26,0.28,1.27,1,53
2024-25,32,325,Caoimhin Kelleher,GK,Liverpool,12,19,1,2025-04-13T13:00:00Z,0,0,0,0,0,0,0,0,0.0,0.0,0.0,0.0,0.0,0.0,0.0,0.0,0,40
2024-25,32,326,Ibrahima Konaté,DEF,Liverpool,12,19,1,2025-04-13T13:00:00Z,90,2,0,0,0,1,0,12,16.8,11.8,0.0,2.9,0.0,0.02,0.02,1.5,1,53
2024-25,32,327,Luis Díaz,MID,Liverpool,12,19,1,2025-04-13T13:00:00Z,90,9,1,0,0,1,2,31,50.6,31.1,57.0,13.9,1.0,0.2,1.2,1.5,1,75
2024-25,32,328,Mohamed Salah,MID,Liverpool,12,19,1,2025-04-13T13:00:00Z,84,6,0,1,1,0,0,20,19.6,37.1,16.0,7.3,0.09,0.28,0.37,1.38,1,138
2024-25,32,329,Alexis Mac Allister,MID,Liverpool,12,19,1,2025-04-13T13:00:00Z,90,5,0,1,0,1,0,22,30.8,30.8,39.0,10.1,0.3,0.31,0.61,1.5,1,62
2024-25,32,330,James McConnell,MID,Liverpool,12,19,1,2025-04-13T13:00:00Z,0,0,0,0,0,0,0,0,0.0,0.0,0.0,0.0,0.0,0.0,0.0,0.0,0,43
2024-25,32,331,Tyler Morton,MID,Liverpool,12,19,1,2025-04-13T13:00:00Z,0,0,0,0,0,0,0,0,0.0,0.0,0.0,0.0,0.0,0.0,0.0,0.0,0,44
2024-25,32,332,Nathaniel Phillips,DEF,Liverpool,12,19,1,2025-04-13T13:00:00Z,0,0,0,0,0,0,0,0,0.0,0.0,0.0,0.0,0.0,0.0,0.0,0.0,0,40
2024-25,32,333,Jarell Quansah,DEF,Liverpool,12,19,1,2025-04-13T13:00:00Z,22,1,0,0,0,1,0,-1,11.4,10.8,7.0,2.9,0.1,0.03,0.13,0.23,0,39
2024-25,32,334,Rhys Williams,DEF,Liverpool,12,19,1,2025-04-13T13:00:00Z,0,0,0,0,0,0,0,0,0.0,0.0,0.0,0.0,0.0,0.0,0.0,0.0,0,40
2024-25,32,335,Andrew Robertson,DEF,Liverpool,12,19,1,2025-04-13T13:00:00Z,30,-1,0,0,0,1,0,-8,0.0,0.5,2.0,0.0,0.0,0.0,0.0,0.73,0,58
2024-25,32,336,Dominik Szoboszlai,MID,Liverpool,12,19,1,2025-04-13T13:00:00Z,22,1,0,0,0,1,0,3,0.2,1.0,0.0,0.1,0.0,0.01,0.01,0.23,0,63
2024-25,32,337,Konstantinos Tsimikas,DEF,Liverpool,12,19,1,2025-04-13T13:00:00Z,59,1,0,0,0,0,0,13,9.6,17.8,0.0,2.7,0.0,0.39,0.39,0.77,1,46
2024-25,32,338,Sepp van den Berg,DEF,Brentford,4,1,0,2025-04-12T16:30:00Z,90,2,0,0,0,1,0,16,24.2,0.8,0.0,2.5,0.0,0.0,0.0,0.96,1,41
2024-25,32,339,Virgil van Dijk,DEF,Liverpool,12,19,1,2025-04-13T13:00:00Z,90,9,1,0,0,1,1,25,46.2,1.9,23.0,7.1,0.18,0.01,0.19,1.5,1,65
2024-25,32,340,Manuel Akanji,DEF,Man City,13,7,1,2025-04-12T11:30:00Z,0,0,0,0,0,0,0,0,0.0,0.0,0.0,0.0,0.0,0.0,0.0,0.0,0,53
2024-25,32,341,Nathan Aké,DEF,Man City,13,7,1,2025-04-12T11:30:00Z,0,0,0,0,0,0,0,0,0.0,0.0,0.0,0.0,0.0,0.0,0.0,0.0,0,53
2024-25,32,342,Bernardo Veiga de Carvalho e Silva,MID,Man City,13,7,1,2025-04-12T11:30:00Z,0,0,0,0,0,0,0,0,0.0,0.0,0.0,0.0,0.0,0.0,0.0,0.0,0,61
2024-25,32,343,Oscar Bobb,MID,Man City,13,7,1,2025-04-12T11:30:00Z,8,1,0,0,0,0,0,7,4.0,12.4,0.0,1.6,0.0,0.02,0.02,0.13,0,47
2024-25,32,344,Scott Carson,GK,Man City,13,7,1,2025-04-12T11:30:00Z,0,0,0,0,0,0,0,0,0.0,0.0,0.0,0.0,0.0,0.0,0.0,0.0,0,39
2024-25,32,345,Kevin De Bruyne,MID,Man City,13,7,1,2025-04-12T11:30:00Z,86,12,1,1,0,2,2,43,58.6,45.9,32.0,13.7,0.47,0.38,0.85,1.82,1,93
2024-25,32,346,Jérémy Doku,MID,Man City,13,7,1,2025-04-12T11:30:00Z,3,1,0,0,0,0,0,4,0.2,1.0,5.0,0.6,0.07,0.0,0.07,0.0,0,62
2024-25,32,347,Ederson Santana de Moraes,GK,Man City,13,7,1,2025-04-12T11:30:00Z,70,4,0,1,0,2,0,12,21.0,13.0,0.0,3.4,0.0,0.14,0.14,1.68,1,53
2024-25,32,348,Phil Foden,MID,Man City,13,7,1,2025-04-12T11:30:00Z,0,0,0,0,0,0,0,0,0.0,0.0,0.0,0.0,0.0,0.0,0.0,0.0,0,92
2024-25,32,349,Jack Grealish,MID,Man City,13,7,1,2025-04-12T11:30:00Z,3,1,0,0,0,0,0,6,0.6,0.7,2.0,0.3,0.0,0.0,0.0,0.0,0,64
2024-25,32,350,Joško Gvardiol,DEF,Man City,13,7,1,2025-04-12T11:30:00Z,90,1,0,0,0,2,0,11,21.8,10.1,0.0,3.2,0.0,0.02,0.02,1.82,1,62
2024-25,32,351,Erling Haaland,FWD,Man City,13,7,1,2025-04-12T11:30:00Z,0,0,0,0,0,0,0,0,0.0,0.0,0.0,0.0,0.0,0.0,0.0,0.0,0,148
2024-25,32,352,Julián Álvarez,FWD,Man City,13,7,1,2025-04-12T11:30:00Z,0,0,0,0,0,0,0,0,0.0,0.0,0.0,0.0,0.0,0.0,0.0,0.0,0,70
2024-25,32,353,João Cavaco Cancelo,DEF,Man City,13,7,1,2025-04-12T11:30:00Z,0,0,0,0,0,0,0,0,0.0,0.0,0.0,0.0,0.0,0.0,0.0,0.0,0,53
2024-25,32,354,Mateo Kovačić,MID,Man City,13,7,1,2025-04-12T11:30:00Z,86,10,1,0,0,2,3,44,41.0,22.3,9.0,7.2,0.14,0.17,0.31,1.82,1,54
2024-25,32,355,Rico Lewis,DEF,Man City,13,7,1,2025-04-12T11:30:00Z,90,1,0,0,0,2,0,10,7.2,5.8,0.0,1.3,0.0,0.02,0.02,1.82,1,43
2024-25,32,356,Matheus Luiz Nunes,MID,Man City,13,7,1,2025-04-12T11:30:00Z,0,0,0,0,0,0,0,0,0.0,0.0,0.0,0.0,0.0,0.0,0.0,0.0,0,49
2024-25,32,357,James McAtee,MID,Man City,13,7,1,2025-04-12T11:30:00Z,81,6,1,0,0,2,0,20,36.4,23.8,50.0,11.0,1.37,0.58,1.95,1.68,1,46
2024-25,32,358,Stefan Ortega Moreno,GK,Man City,13,7,1,2025-04-12T11:30:00Z,19,1,0,0,0,0,0,5,10.0,0.0,0.0,1.0,0.0,0.0,0.0,0.13,0,52
2024-25,32,359,Kalvin Phillips,MID,Ipswich,10,6,0,2025-04-13T13:00:00Z,0,0,0,0,0,0,0,0,0.0,0.0,0.0,0.0,0.0,0.0,0.0,0.0,0,48
2024-25,32,360,Rodrigo 'Rodri' Hernandez,MID,Man City,13,7,1,2025-04-12T11:30:00Z,0,0,0,0,0,0,0,0,0.0,0.0,0.0,0.0,0.0,0.0,0.0,0.0,0,62
2024-25,32,361,Rúben Gato Alves Dias,DEF,Man City,13,7,1,2025-04-12T11:30:00Z,90,1,0,0,0,2,0,4,14.4,5.1,0.0,2.0,0.0,0.03,0.03,1.82,1,54
2024-25,32,362,John Stones,DEF,Man City,13,7,1,2025-04-12T11:30:00Z,0,0,0,0,0,0,0,0,0.0,0.0,0.0,0.0,0.0,0.0,0.0,0.0,0,53
2024-25,32,363,Kyle Walker,DEF,Man City,13,7,1,2025-04-12T11:30:00Z,0,0,0,0,0,0,0,0,0.0,0.0,0.0,0.0,0.0,0.0,0.0,0.0,0,51
2024-25,32,364,Amad Diallo,MID,Man Utd,14,15,0,2025-04-13T15:30:00Z,0,0,0,0,0,0,0,0,0.0,0.0,0.0,0.0,0.0,0.0,0.0,0.0,0,53
2024-25,32,365,Antony Matheus dos Santos,MID,Man Utd,14,15,0,2025-04-13T15:30:00Z,0,0,0,0,0,0,0,0,0.0,0.0,0.0,0.0,0.0,0.0,0.0,0.0,0,57
2024-25,32,366,Bruno Borges Fernandes,MID,Man Utd,14,15,0,2025-04-13T15:30:00Z,81,2,0,0,0,4,0,16,13.4,28.7,2.0,4.4,0.0,0.06,0.06,2.17,1,86
2024-25,32,367,Altay Bayindir,GK,Man Utd,14,15,0,2025-04-13T15:30:00Z,90,0,0,0,0,4,0,-6,18.2,0.0,0.0,1.8,0.0,0.0,0.0,2.17,1,43
2024-25,32,368,Carlos Henrique Casimiro,MID,Man Utd,14,15,0,2025-04-13T15:30:00Z,0,0,0,0,0,0,0,0,0.0,0.0,0.0,0.0,0.0,0.0,0.0,0.0,0,46
2024-25,32,369,Diogo Dalot Teixeira,DEF,Man Utd,14,15,0,2025-04-13T15:30:00Z,90,3,0,1,0,4,0,11,32.2,16.3,4.0,5.3,0.0,0.02,0.02,2.17,1,50
2024-25,32,370,Christian Eriksen,MID,Man Utd,14,15,0,2025-04-13T15:30:00Z,90,2,0,0,0,4,0,15,6.4,4.2,0.0,1.1,0.0,0.01,0.01,2.17,1,52
2024-25,32,371,Jonny Evans,DEF,Man Utd,14,15,0,2025-04-13T15:30:00Z,0,0,0,0,0,0,0,0,0.0,0.0,0.0,0.0,0.0,0.0,0.0,0.0,0,44
2024-25,32,372,Alejandro Garnacho,MID,Man Utd,14,15,0,2025-04-13T15:30:00Z,54,6,1,0,0,2,0,24,37.4,2.3,34.0,7.4,0.13,0.01,0.14,1.24,1,59
2024-25,32,373,Hannibal Mejbri,MID,Man Utd,14,15,0,2025-04-13T15:30:00Z,0,0,0,0,0,0,0,0,0.0,0.0,0.0,0.0,0.0,0.0,0.0,0.0,0,45
2024-25,32,374,Tom Heaton,GK,Man Utd,14,15,0,2025-04-13T15:30:00Z,0,0,0,0,0,0,0,0,0.0,0.0,0.0,0.0,0.0,0.0,0.0,0.0,0,39
2024-25,32,375,Rasmus Højlund,FWD,Man Utd,14,15,0,2025-04-13T15:30:00Z,35,1,0,0,0,2,0,0,0.8,7.4,9.0,1.7,0.31,0.02,0.33,0.93,0,69
2024-25,32,376,Victor Lindelöf,DEF,Man Utd,14,15,0,2025-04-13T15:30:00Z,90,0,0,0,0,4,0,0,8.6,0.2,0.0,0.9,0.0,0.0,0.0,2.17,1,43
2024-25,32,377,Harry Maguire,DEF,Man Utd,14,15,0,2025-04-13T15:30:00Z,0,0,0,0,0,0,0,0,0.0,0.0,0.0,0.0,0.0,0.0,0.0,0.0,0,49
2024-25,32,378,Kobbie Mainoo,MID,Man Utd,14,15,0,2025-04-13T15:30:00Z,8,1,0,0,0,0,0,1,0.0,0.6,2.0,0.2,0.0,0.0,0.0,0.0,0,52
2024-25,32,379,Tyrell Malacia,DEF,Man Utd,14,15,0,2025-04-13T15:30:00Z,0,0,0,0,0,0,0,0,0.0,0.0,0.0,0.0,0.0,0.0,0.0,0.0,0,44
2024-25,32,380,Lisandro Martínez,DEF,Man Utd,14,15,0,2025-04-13T15:30:00Z,0,0,0,0,0,0,0,0,0.0,0.0,0.0,0.0,0.0,0.0,0.0,0.0,0,43
2024-25,32,381,Scott McTominay,MID,Man Utd,14,15,0,2025-04-13T15:30:00Z,0,0,0,0,0,0,0,0,0.0,0.0,0.0,0.0,0.0,0.0,0.0,0.0,0,49
2024-25,32,382,Mason Mount,MID,Man Utd,14,15,0,2025-04-13T15:30:00Z,35,1,0,0,0,2,0,4,5.4,0.6,9.0,1.5,0.04,0.0,0.04,0.93,0,63
2024-25,32,383,André Onana,GK,Man Utd,14,15,0,2025-04-13T15:30:00Z,0,0,0,0,0,0,0,0,0.0,0.0,0.0,0.0,0.0,0.0,0.0,0.0,0,49
2024-25,32,384,Facundo Pellistri Rebollo,MID,Man Utd,14,15,0,2025-04-13T15:30:00Z,0,0,0,0,0,0,0,0,0.0,0.0,0.0,0.0,0.0,0.0,0.0,0.0,0,50
2024-25,32,385,Marcus Rashford,MID,Aston Villa,2,17,0,2025-04-12T14:00:00Z,65,3,0,0,1,0,0,14,9.4,41.3,31.0,8.2,0.12,0.12,0.24,0.25,1,67
2024-25,32,386,Jadon Sancho,MID,Chelsea,6,10,1,2025-04-13T13:00:00Z,22,6,1,0,0,0,0,24,38.6,32.5,23.0,9.4,0.05,0.05,0.1,0.18,0,62
2024-25,32,387,Luke Shaw,DEF,Man Utd,14,15,0,2025-04-13T15:30:00Z,12,1,0,0,0,0,0,8,6.0,24.4,0.0,3.0,0.0,0.16,0.16,0.0,0,49
2024-25,32,388,Aaron Wan-Bissaka,DEF,West Ham,19,12,0,2025-04-13T13:00:00Z,90,1,0,0,0,2,0,19,28.0,25.4,2.0,5.5,0.0,0.15,0.15,1.78,1,45
2024-25,32,389,Joshua Zirkzee,FWD,Man Utd,14,15,0,2025-04-13T15:30:00Z,54,1,0,0,0,2,0,3,1.8,4.1,21.0,2.7,0.16,0.02,0.18,1.24,1,65
2024-25,32,390,Alex Murphy,DEF,Newcastle,15,7,1,2025-04-16T18:30:00Z,0,0,0,0,0,0,0,0,0.0,0.0,0.0,0.0,0.0,0.0,0.0,0.0,0,40
2024-25,32,391,Miguel Almirón Rejala,MID,Newcastle,15,7,1,2025-04-16T18:30:00Z,0,0,0,0,0,0,0,0,0.0,0.0,0.0,0.0,0.0,0.0,0.0,0.0,0,54
2024-25,32,392,Harvey Barnes,MID,Newcastle,15,7,1,2025-04-16T18:30:00Z,90,12,1,1,1,0,1,36,34.8,4.4,24.0,6.3,0.21,0.02,0.23,2.0,1,59
2024-25,32,393,Sven Botman,DEF,Newcastle,15,7,1,2025-04-16T18:30:00Z,0,0,0,0,0,0,0,0,0.0,0.0,0.0,0.0,0.0,0.0,0.0,0.0,0,44
2024-25,32,394,Bruno Guimarães Rodriguez Moura,MID,Newcastle,15,7,1,2025-04-16T18:30:00Z,71,2,0,0,1,0,0,14,2.2,12.3,4.0,1.9,0.0,0.11,0.11,1.68,1,62
2024-25,32,395,Dan Burn,DEF,Newcastle,15,7,1,2025-04-16T18:30:00Z,90,5,0,0,1,0,0,26,18.0,10.8,2.0,3.1,0.0,0.05,0.05,2.0,1,45
2024-25,32,396,Martin Dúbravka,GK,Newcastle,15,7,1,2025-04-16T18:30:00Z,0,0,0,0,0,0,0,0,0.0,0.0,0.0,0.0,0.0,0.0,0.0,0.0,0,41
2024-25,32,397,Ryan Fraser,MID,Southampton,17,2,1,2025-04-12T14:00:00Z,0,0,0,0,0,0,0,0,0.0,0.0,0.0,0.0,0.0,0.0,0.0,0.0,0,48
2024-25,32,398,Anthony Gordon,MID,Newcastle,15,7,1,2025-04-16T18:30:00Z,28,1,0,0,0,0,0,2,0.0,1.8,1.0,0.1,0.06,0.0,0.06,0.52,0,74
2024-25,32,399,Lewis Hall,DEF,Newcastle,15,7,1,2025-04-16T18:30:00Z,0,0,0,0,0,0,0,0,0.0,0.0,0.0,0.0,0.0,0.0,0.0,0.0,0,48
2024-25,32,400,Isaac Hayden,MID,Newcastle,15,7,1,2025-04-16T18:30:00Z,0,0,0,0,0,0,0,0,0.0,0.0,0.0,0.0,0.0,0.0,0.0,0.0,0,44
2024-25,32,401,Alexander Isak,FWD,Newcastle,15,7,1,2025-04-16T18:30:00Z,71,6,1,0,1,0,0,24,34.0,2.1,54.0,9.0,0.9,0.0,0.9,1.68,1,95
2024-25,32,402,Jacob Murphy,MID,Newcastle,15,7,1,2025-04-16T18:30:00Z,61,14,1,1,1,0,3,49,57.0,39.0,21.0,11.7,0.01,0.2,0.21,1.48,1,52
2024-25,32,403,Joelinton Cássio Apolinário de Lira,MID,Newcastle,15,7,1,2025-04-16T18:30:00Z,61,6,0,1,1,0,0,15,14.0,15.3,2.0,3.1,0.0,0.07,0.07,1.48,1,60
2024-25,32,404,Lloyd Kelly,DEF,Newcastle,15,7,1,2025-04-16T18:30:00Z,0,0,0,0,0,0,0,0,0.0,0.0,0.0,0.0,0.0,0.0,0.0,0.0,0,42
2024-25,32,405,Emil Krafth,DEF,Newcastle,15,7,1,2025-04-16T18:30:00Z,11,1,0,0,0,0,0,2,0.8,1.5,0.0,0.2,0.0,0.0,0.0,0.32,0,43
2024-25,32,406,Garang Kuol,MID,Newcastle,15,7,1,2025-04-16T18:30:00Z,0,0,0,0,0,0,0,0,0.0,0.0,0.0,0.0,0.0,0.0,0.0,0.0,0,44
2024-25,32,407,Jamaal Lascelles,DEF,Newcastle,15,7,1,2025-04-16T18:30:00Z,0,0,0,0,0,0,0,0,0.0,0.0,0.0,0.0,0.0,0.0,0.0,0.0,0,45
2024-25,32,408,Jamal Lewis,DEF,Newcastle,15,7,1,2025-04-16T18:30:00Z,0,0,0,0,0,0,0,0,0.0,0.0,0.0,0.0,0.0,0.0,0.0,0.0,0,40
2024-25,32,409,Tino Livramento,DEF,Newcastle,15,7,1,2025-04-16T18:30:00Z,90,6,0,0,1,0,0,27,16.2,13.3,0.0,3.0,0.0,0.02,0.02,2.0,1,46
2024-25,32,410,Sean Longstaff,MID,Newcastle,15,7,1,2025-04-16T18:30:00Z,18,1,0,0,0,0,0,4,10.4,0.4,0.0,1.1,0.0,0.0,0.0,0.32,0,44
2024-25,32,411,Lewis Miley,MID,Newcastle,15,7,1,2025-04-16T18:30:00Z,0,0,0,0,0,0,0,0,0.0,0.0,0.0,0.0,0.0,0.0,0.0,0.0,0,50
2024-25,32,412,Odysseas Vlachodimos,GK,Newcastle,15,7,1,2025-04-16T18:30:00Z,0,0,0,0,0,0,0,0,0.0,0.0,0.0,0.0,0.0,0.0,0.0,0.0,0,42
2024-25,32,413,Nick Pope,GK,Newcastle,15,7,1,2025-04-16T18:30:00Z,90,12,0,0,1,0,0,34,38.2,0.0,0.0,3.8,0.0,0.0,0.0,2.0,1,49
2024-25,32,414,John Ruddy,GK,Newcastle,15,7,1,2025-04-16T18:30:00Z,0,0,0,0,0,0,0,0,0.0,0.0,0.0,0.0,0.0,0.0,0.0,0.0,0,39
2024-25,32,415,Fabian Schär,DEF,Newcastle,15,7,1,2025-04-16T18:30:00Z,90,14,1,0,1,0,2,46,57.4,20.9,31.0,10.9,0.17,0.02,0.19,2.0,1,55
2024-25,32,416,Matt Targett,DEF,Newcastle,15,7,1,2025-04-16T18:30:00Z,0,0,0,0,0,0,0,0,0.0,0.0,0.0,0.0,0.0,0.0,0.0,0.0,0,39
2024-25,32,417,Sandro Tonali,MID,Newcastle,15,7,1,2025-04-16T18:30:00Z,90,6,0,1,1,0,0,28,24.6,14.0,4.0,4.3,0.04,0.02,0.06,2.0,1,55
2024-25,32,418,Kieran Trippier,DEF,Newcastle,15,7,1,2025-04-16T18:30:00Z,78,10,0,1,1,0,1,36,34.8,28.3,2.0,6.5,0.0,0.04,0.04,1.68,1,56
2024-25,32,419,Joe White,MID,Newcastle,15,7,1,2025-04-16T18:30:00Z,0,0,0,0,0,0,0,0,0.0,0.0,0.0,0.0,0.0,0.0,0.0,0.0,0,45
2024-25,32,420,Joe Willock,MID,Newcastle,15,7,1,2025-04-16T18:30:00Z,28,1,0,0,0,0,0,3,10.4,1.4,0.0,1.2,0.0,0.0,0.0,0.52,0,47
2024-25,32,421,Callum Wilson,FWD,Newcastle,15,7,1,2025-04-16T18:30:00Z,18,1,0,0,0,0,0,3,0.0,0.0,0.0,0.0,0.0,0.0,0.0,0.32,0,69
2024-25,32,422,Ola Aina,DEF,Nott'm Forest,16,8,1,2025-04-12T14:00:00Z,0,0,0,0,0,0,0,0,0.0,0.0,0.0,0.0,0.0,0.0,0.0,0.0,0,52
2024-25,32,423,Elliot Anderson,MID,Nott'm Forest,16,8,1,2025-04-12T14:00:00Z,90,2,0,0,0,1,0,16,19.8,11.0,0.0,3.1,0.0,0.01,0.01,1.36,1,50
2024-25,32,424,Taiwo Awoniyi,FWD,Nott'm Forest,16,8,1,2025-04-12T14:00:00Z,0,0,0,0,0,0,0,0,0.0,0.0,0.0,0.0,0.0,0.0,0.0,0.0,0,55
2024-25,32,425,Willy Boly,DEF,Nott'm Forest,16,8,1,2025-04-12T14:00:00Z,0,0,0,0,0,0,0,0,0.0,0.0,0.0,0.0,0.0,0.0,0.0,0.0,0,42
2024-25,32,426,Josh Bowler,MID,Nott'm Forest,16,8,1,2025-04-12T14:00:00Z,0,0,0,0,0,0,0,0,0.0,0.0,0.0,0.0,0.0,0.0,0.0,0.0,0,45
2024-25,32,427,Carlos Miguel dos Santos Pereira,GK,Nott'm Forest,16,8,1,2025-04-12T14:00:00Z,0,0,0,0,0,0,0,0,0.0,0.0,0.0,0.0,0.0,0.0,0.0,0.0,0,41
2024-25,32,428,Eric da Silva Moreira,MID,Nott'm Forest,16,8,1,2025-04-12T14:00:00Z,0,0,0,0,0,0,0,0,0.0,0.0,0.0,0.0,0.0,0.0,0.0,0.0,0,43
2024-25,32,429,Danilo dos Santos de Oliveira,MID,Nott'm Forest,16,8,1,2025-04-12T14:00:00Z,0,0,0,0,0,0,0,0,0.0,0.0,0.0,0.0,0.0,0.0,0.0,0.0,0,47
2024-25,32,430,Emmanuel Dennis,FWD,Nott'm Forest,16,8,1,2025-04-12T14:00:00Z,0,0,0,0,0,0,0,0,0.0,0.0,0.0,0.0,0.0,0.0,0.0,0.0,0,49
2024-25,32,431,Nicolás Domínguez,MID,Nott'm Forest,16,8,1,2025-04-12T14:00:00Z,74,3,0,0,1,0,0,19,17.6,12.8,2.0,3.2,0.02,0.02,0.04,0.68,1,48
2024-25,32,432,Anthony Elanga,MID,Nott'm Forest,16,8,1,2025-04-12T14:00:00Z,31,1,0,0,0,1,0,2,0.4,2.3,0.0,0.3,0.0,0.01,0.01,0.75,0,55
2024-25,32,433,Morgan Gibbs-White,MID,Nott'm Forest,16,8,1,2025-04-12T14:00:00Z,90,2,0,0,0,1,0,7,4.2,6.8,19.0,3.0,0.1,0.01,0.11,1.36,1,65
2024-25,32,434,Callum Hudson-Odoi,MID,Nott'm Forest,16,8,1,2025-04-12T14:00:00Z,90,2,0,0,0,1,0,14,14.0,19.3,36.0,6.9,0.12,0.06,0.18,1.36,1,52
2024-25,32,435,Alex Mighten,MID,Nott'm Forest,16,8,1,2025-04-12T14:00:00Z,0,0,0,0,0,0,0,0,0.0,0.0,0.0,0.0,0.0,0.0,0.0,0.0,0,45
2024-25,32,436,Murillo Santiago Costa dos Santos,DEF,Nott'm Forest,16,8,1,2025-04-12T14:00:00Z,90,2,0,0,0,1,0,7,22.8,7.9,0.0,3.1,0.0,0.01,0.01,1.36,1,47
2024-25,32,437,Neco Williams,DEF,Nott'm Forest,16,8,1,2025-04-12T14:00:00Z,90,2,0,0,0,1,0,9,22.6,0.7,2.0,2.5,0.03,0.0,0.03,1.36,1,45
2024-25,32,438,Omar Richards,DEF,Nott'm Forest,16,8,1,2025-04-12T14:00:00Z,0,0,0,0,0,0,0,0,0.0,0.0,0.0,0.0,0.0,0.0,0.0,0.0,0,45
2024-25,32,439,Lewis O'Brien,MID,Nott'm Forest,16,8,1,2025-04-12T14:00:00Z,0,0,0,0,0,0,0,0,0.0,0.0,0.0,0.0,0.0,0.0,0.0,0.0,0,50
2024-25,32,440,Andrew Omobamidele,DEF,Nott'm Forest,16,8,1,2025-04-12T14:00:00Z,0,0,0,0,0,0,0,0,0.0,0.0,0.0,0.0,0.0,0.0,0.0,0.0,0,42
2024-25,32,441,Jonathan Panzo,DEF,Nott'm Forest,16,8,1,2025-04-12T14:00:00Z,0,0,0,0,0,0,0,0,0.0,0.0,0.0,0.0,0.0,0.0,0.0,0.0,0,40
2024-25,32,442,Ibrahim Sangaré,MID,Nott'm Forest,16,8,1,2025-04-12T14:00:00Z,0,0,0,0,0,0,0,0,0.0,0.0,0.0,0.0,0.0,0.0,0.0,0.0,0,43
2024-25,32,443,Matz Sels,GK,Nott'm Forest,16,8,1,2025-04-12T14:00:00Z,90,3,0,0,0,1,0,12,35.0,0.0,0.0,3.5,0.0,0.0,0.0,1.36,1,51
2024-25,32,444,Harry Toffolo,DEF,Nott'm Forest,16,8,1,2025-04-12T14:00:00Z,0,0,0,0,0,0,0,0,0.0,0.0,0.0,0.0,0.0,0.0,0.0,0.0,0,42
2024-25,32,445,Matt Turner,GK,Crystal Palace,7,15,0,2025-04-16T18:30:00Z,0,0,0,0,0,0,0,0,0.0,0.0,0.0,0.0,0.0,0.0,0.0,0.0,0,39
2024-25,32,446,Hwang Ui-jo,FWD,Nott'm Forest,16,8,1,2025-04-12T14:00:00Z,0,0,0,0,0,0,0,0,0.0,0.0,0.0,0.0,0.0,0.0,0.0,0.0,0,45
2024-25,32,447,Chris Wood,FWD,Nott'm Forest,16,8,1,2025-04-12T14:00:00Z,90,2,0,0,0,1,0,5,4.2,10.7,0.0,1.5,0.0,0.01,0.01,1.36,1,70
2024-25,32,448,Joe Worrall,DEF,Nott'm Forest,16,8,1,2025-04-12T14:00:00Z,0,0,0,0,0,0,0,0,0.0,0.0,0.0,0.0,0.0,0.0,0.0,0.0,0,45
2024-25,32,449,Ryan Yates,MID,Nott'm Forest,16,8,1,2025-04-12T14:00:00Z,15,1,0,0,0,1,0,4,5.2,0.1,2.0,0.7,0.0,0.0,0.0,0.68,0,48
2024-25,32,450,Carlos Alcaraz Durán,MID,Everton,8,16,0,2025-04-12T14:00:00Z,23,1,0,0,0,0,0,3,2.2,1.8,5.0,0.9,0.09,0.08,0.17,0.04,0,48
2024-25,32,451,Samuel Amo-Ameyaw,MID,Southampton,17,2,1,2025-04-12T14:00:00Z,0,0,0,0,0,0,0,0,0.0,0.0,0.0,0.0,0.0,0.0,0.0,0.0,0,44
2024-25,32,452,Joe Aribo,MID,Southampton,17,2,1,2025-04-12T14:00:00Z,0,0,0,0,0,0,0,0,0.0,0.0,0.0,0.0,0.0,0.0,0.0,0.0,0,49
2024-25,32,453,Adam Armstrong,FWD,Southampton,17,2,1,2025-04-12T14:00:00Z,0,0,0,0,0,0,0,0,0.0,0.0,0.0,0.0,0.0,0.0,0.0,0.0,0,51
2024-25,32,454,Gavin Bazunu,GK,Southampton,17,2,1,2025-04-12T14:00:00Z,0,0,0,0,0,0,0,0,0.0,0.0,0.0,0.0,0.0,0.0,0.0,0.0,0,43
2024-25,32,455,Jan Bednarek,DEF,Southampton,17,2,1,2025-04-12T14:00:00Z,90,0,0,0,0,3,0,-2,18.4,0.3,2.0,2.1,0.0,0.0,0.0,3.03,1,40
2024-25,32,456,Armel Bella-Kotchap,DEF,Southampton,17,2,1,2025-04-12T14:00:00Z,0,0,0,0,0,0,0,0,0.0,0.0,0.0,0.0,0.0,0.0,0.0,0.0,0,39
2024-25,32,457,James Bree,DEF,Southampton,17,2,1,2025-04-12T14:00:00Z,0,0,0,0,0,0,0,0,0.0,0.0,0.0,0.0,0.0,0.0,0.0,0.0,0,39
2024-25,32,458,Shea Charles,MID,Southampton,17,2,1,2025-04-12T14:00:00Z,0,0,0,0,0,0,0,0,0.0,0.0,0.0,0.0,0.0,0.0,0.0,0.0,0,45
2024-25,32,459,Samuel Edozie,MID,Southampton,17,2,1,2025-04-12T14:00:00Z,0,0,0,0,0,0,0,0,0.0,0.0,0.0,0.0,0.0,0.0,0.0,0.0,0,49
2024-25,32,460,Ronnie Edwards,DEF,Southampton,17,2,1,2025-04-12T14:00:00Z,0,0,0,0,0,0,0,0,0.0,0.0,0.0,0.0,0.0,0.0,0.0,0.0,0,39
2024-25,32,461,Taylor Harwood-Bellis,DEF,Southampton,17,2,1,2025-04-12T14:00:00Z,90,0,0,0,0,3,0,-2,22.8,0.6,6.0,2.9,0.02,0.01,0.03,3.03,1,40
2024-25,32,462,Kamaldeen Sulemana,MID,Southampton,17,2,1,2025-04-12T14:00:00Z,60,3,0,0,1,0,0,1,2.4,2.0,9.0,1.3,0.05,0.01,0.06,0.81,1,50
2024-25,32,463,Adam Lallana,MID,Southampton,17,2,1,2025-04-12T14:00:00Z,0,0,0,0,0,0,0,0,0.0,0.0,0.0,0.0,0.0,0.0,0.0,0.0,0,50
2024-25,32,464,Juan Larios López,DEF,Southampton,17,2,1,2025-04-12T14:00:00Z,0,0,0,0,0,0,0,0,0.0,0.0,0.0,0.0,0.0,0.0,0.0,0.0,0,39
2024-25,32,465,Mateusz Lis,GK,Southampton,17,2,1,2025-04-12T14:00:00Z,0,0,0,0,0,0,0,0,0.0,0.0,0.0,0.0,0.0,0.0,0.0,0.0,0,40
2024-25,32,466,Joe Lumley,GK,Southampton,17,2,1,2025-04-12T14:00:00Z,0,0,0,0,0,0,0,0,0.0,0.0,0.0,0.0,0.0,0.0,0.0,0.0,0,40
2024-25,32,467,Ryan Manning,DEF,Southampton,17,2,1,2025-04-12T14:00:00Z,81,1,0,0,0,2,0,3,7.8,15.1,0.0,2.3,0.0,0.03,0.03,2.14,1,43
2024-25,32,468,Sékou Mara,FWD,Southampton,17,2,1,2025-04-12T14:00:00Z,0,0,0,0,0,0,0,0,0.0,0.0,0.0,0.0,0.0,0.0,0.0,0.0,0,50
2024-25,32,469,Alex McCarthy,GK,Southampton,17,2,1,2025-04-12T14:00:00Z,0,0,0,0,0,0,0,0,0.0,0.0,0.0,0.0,0.0,0.0,0.0,0.0,0,42
2024-25,32,470,Paul Onuachu,FWD,Southampton,17,2,1,2025-04-12T14:00:00Z,45,1,0,0,0,0,0,0,2.2,0.3,7.0,1.0,0.04,0.0,0.04,0.63,1,49
2024-25,32,471,Will Smallbone,MID,Southampton,17,2,1,2025-04-12T14:00:00Z,29,1,0,0,0,3,0,3,0.8,1.6,1.0,0.3,0.04,0.0,0.04,2.22,0,50
2024-25,32,472,Jack Stephens,DEF,Southampton,17,2,1,2025-04-12T14:00:00Z,90,1,0,0,0,3,0,-4,29.0,1.0,0.0,3.0,0.0,0.0,0.0,3.03,1,40
2024-25,32,473,Ross Stewart,FWD,Southampton,17,2,1,2025-04-12T14:00:00Z,29,1,0,0,0,3,0,1,0.0,1.8,0.0,0.1,0.0,0.0,0.0,2.22,0,44
2024-25,32,474,Sugawara Yukinari,DEF,Southampton,17,2,1,2025-04-12T14:00:00Z,8,1,0,0,0,1,0,-1,0.2,0.8,0.0,0.1,0.0,0.01,0.01,0.89,0,42
2024-25,32,475,Charlie Taylor,DEF,Southampton,17,2,1,2025-04-12T14:00:00Z,0,0,0,0,0,0,0,0,0.0,0.0,0.0,0.0,0.0,0.0,0.0,0.0,0,39
2024-25,32,476,Kyle Walker-Peters,DEF,Southampton,17,2,1,2025-04-12T14:00:00Z,90,1,0,0,0,3,0,9,16.4,26.4,0.0,4.3,0.0,0.04,0.04,3.03,1,42
2024-25,32,477,Nathan Wood-Gordon,DEF,Southampton,17,2,1,2025-04-12T14:00:00Z,0,0,0,0,0,0,0,0,0.0,0.0,0.0,0.0,0.0,0.0,0.0,0.0,0,40
2024-25,32,478,Ashley Phillips,DEF,Spurs,18,20,0,2025-04-13T13:00:00Z,0,0,0,0,0,0,0,0,0.0,0.0,0.0,0.0,0.0,0.0,0.0,0.0,0,40
2024-25,32,479,Brandon Austin,GK,Spurs,18,20,0,2025-04-13T13:00:00Z,0,0,0,0,0,0,0,0,0.0,0.0,0.0,0.0,0.0,0.0,0.0,0.0,0,40
2024-25,32,480,Rodrigo Bentancur,MID,Spurs,18,20,0,2025-04-13T13:00:00Z,35,1,0,0,0,2,0,5,2.8,2.8,2.0,0.8,0.0,0.02,0.02,1.45,0,49
2024-25,32,481,Lucas Bergvall,MID,Spurs,18,20,0,2025-04-13T13:00:00Z,35,1,0,0,0,2,0,-1,0.0,19.2,0.0,1.7,0.0,0.05,0.05,1.45,0,44
2024-25,32,482,Yves Bissouma,MID,Spurs,18,20,0,2025-04-13T13:00:00Z,54,0,0,0,0,2,0,6,8.0,3.8,7.0,1.9,0.03,0.01,0.04,0.94,1,48
2024-25,32,483,Bryan Gil Salvatierra,MID,Spurs,18,20,0,2025-04-13T13:00:00Z,0,0,0,0,0,0,0,0,0.0,0.0,0.0,0.0,0.0,0.0,0.0,0.0,0,50
2024-25,32,484,Ben Davies,DEF,Spurs,18,20,0,2025-04-13T13:00:00Z,90,-1,0,0,0,4,0,-5,12.0,11.4,6.0,2.9,0.09,0.11,0.2,2.39,1,43
2024-25,32,485,Alfie Devine,MID,Spurs,18,20,0,2025-04-13T13:00:00Z,0,0,0,0,0,0,0,0,0.0,0.0,0.0,0.0,0.0,0.0,0.0,0.0,0,45
2024-25,32,486,Radu Drăgușin,DEF,Spurs,18,20,0,2025-04-13T13:00:00Z,0,0,0,0,0,0,0,0,0.0,0.0,0.0,0.0,0.0,0.0,0.0,0.0,0,43
2024-25,32,487,Emerson Leite de Souza Junior,DEF,Spurs,18,20,0,2025-04-13T13:00:00Z,0,0,0,0,0,0,0,0,0.0,0.0,0.0,0.0,0.0,0.0,0.0,0.0,0,45
2024-25,32,488,Fraser Forster,GK,Spurs,18,20,0,2025-04-13T13:00:00Z,0,0,0,0,0,0,0,0,0.0,0.0,0.0,0.0,0.0,0.0,0.0,0.0,0,43
2024-25,32,489,Archie Gray,MID,Spurs,18,20,0,2025-04-13T13:00:00Z,90,2,0,0,0,4,0,9,5.8,4.3,2.0,1.2,0.0,0.01,0.01,2.39,1,46
2024-25,32,490,Pierre-Emile Højbjerg,MID,Spurs,18,20,0,2025-04-13T13:00:00Z,0,0,0,0,0,0,0,0,0.0,0.0,0.0,0.0,0.0,0.0,0.0,0.0,0,50
2024-25,32,491,Brennan Johnson,MID,Spurs,18,20,0,2025-04-13T13:00:00Z,90,5,0,1,0,4,0,21,21.6,21.1,4.0,4.7,0.08,0.11,0.19,2.39,1,62
2024-25,32,492,Dejan Kulusevski,MID,Spurs,18,20,0,2025-04-13T13:00:00Z,15,1,0,0,0,1,0,4,2.6,0.5,2.0,0.5,0.0,0.0,0.0,0.58,0,62
2024-25,32,493,Giovani Lo Celso,MID,Spurs,18,20,0,2025-04-13T13:00:00Z,0,0,0,0,0,0,0,0,0.0,0.0,0.0,0.0,0.0,0.0,0.0,0.0,0,49
2024-25,32,494,James Maddison,MID,Spurs,18,20,0,2025-04-13T13:00:00Z,74,2,0,0,0,3,0,19,11.6,40.3,7.0,5.9,0.07,0.17,0.24,1.8,1,74
2024-25,32,495,Pedro Porro,DEF,Spurs,18,20,0,2025-04-13T13:00:00Z,0,0,0,0,0,0,0,0,0.0,0.0,0.0,0.0,0.0,0.0,0.0,0.0,0,53
2024-25,32,496,Sergio Reguilón,DEF,Spurs,18,20,0,2025-04-13T13:00:00Z,0,0,0,0,0,0,0,0,0.0,0.0,0.0,0.0,0.0,0.0,0.0,0.0,0,41
2024-25,32,497,Richarlison de Andrade,FWD,Spurs,18,20,0,2025-04-13T13:00:00Z,15,5,1,0,0,1,0,27,31.0,0.3,37.0,6.8,0.94,0.0,0.94,0.58,0,68
2024-25,32,498,Cristian Romero,DEF,Spurs,18,20,0,2025-04-13T13:00:00Z,90,3,0,1,0,4,0,12,22.6,12.4,17.0,5.2,0.13,0.03,0.16,2.39,1,49
2024-25,32,499,Pape Matar Sarr,MID,Spurs,18,20,0,2025-04-13T13:00:00Z,54,1,0,0,0,2,0,3,0.2,0.6,8.0,0.9,0.05,0.0,0.05,0.94,1,47
2024-25,32,500,Dane Scarlett,FWD,Spurs,18,20,0,2025-04-13T13:00:00Z,0,0,0,0,0,0,0,0,0.0,0.0,0.0,0.0,0.0,0.0,0.0,0.0,0,44
2024-25,32,501,Oliver Skipp,MID,Leicester,11,5,0,2025-04-12T14:00:00Z,29,0,0,0,0,0,0,2,1.8,12.5,2.0,1.6,0.0,0.01,0.01,0.21,0,47
2024-25,32,502,Manor Solomon,MID,Spurs,18,20,0,2025-04-13T13:00:00Z,0,0,0,0,0,0,0,0,0.0,0.0,0.0,0.0,0.0,0.0,0.0,0.0,0,54
2024-25,32,503,Son Heung-min,MID,Spurs,18,20,0,2025-04-13T13:00:00Z,0,0,0,0,0,0,0,0,0.0,0.0,0.0,0.0,0.0,0.0,0.0,0.0,0,98
2024-25,32,504,Djed Spence,DEF,Spurs,18,20,0,2025-04-13T13:00:00Z,90,-2,0,0,0,4,0,1,20.2,8.3,4.0,3.3,0.0,0.03,0.03,2.39,1,44
2024-25,32,505,Destiny Udogie,DEF,Spurs,18,20,0,2025-04-13T13:00:00Z,0,0,0,0,0,0,0,0,0.0,0.0,0.0,0.0,0.0,0.0,0.0,0.0,0,48
2024-25,32,506,Micky van de Ven,DEF,Spurs,18,20,0,2025-04-13T13:00:00Z,0,0,0,0,0,0,0,0,0.0,0.0,0.0,0.0,0.0,0.0,0.0,0.0,0,45
2024-25,32,507,Alejo Véliz,FWD,Spurs,18,20,0,2025-04-13T13:00:00Z,0,0,0,0,0,0,0,0,0.0,0.0,0.0,0.0,0.0,0.0,0.0,0.0,0,50
2024-25,32,508,Guglielmo Vicario,GK,Spurs,18,20,0,2025-04-13T13:00:00Z,90,0,0,0,0,4,0,2,18.4,0.0,0.0,1.8,0.0,0.0,0.0,2.39,1,48
2024-25,32,509,Timo Werner,MID,Spurs,18,20,0,2025-04-13T13:00:00Z,0,0,0,0,0,0,0,0,0.0,0.0,0.0,0.0,0.0,0.0,0.0,0.0,0,62
2024-25,32,510,Alfie Whiteman,GK,Spurs,18,20,0,2025-04-13T13:00:00Z,0,0,0,0,0,0,0,0,0.0,0.0,0.0,0.0,0.0,0.0,0.0,0.0,0,39
2024-25,32,511,Edson Álvarez Velázquez,MID,West Ham,19,12,0,2025-04-13T13:00:00Z,0,0,0,0,0,0,0,0,0.0,0.0,0.0,0.0,0.0,0.0,0.0,0.0,0,50
2024-25,32,512,Michail Antonio,FWD,West Ham,19,12,0,2025-04-13T13:00:00Z,0,0,0,0,0,0,0,0,0.0,0.0,0.0,0.0,0.0,0.0,0.0,0.0,0,52
2024-25,32,513,Alphonse Areola,GK,West Ham,19,12,0,2025-04-13T13:00:00Z,90,2,0,0,0,2,0,8,27.8,0.0,0.0,2.8,0.0,0.0,0.0,1.78,1,42
2024-25,32,514,Jarrod Bowen,MID,West Ham,19,12,0,2025-04-13T13:00:00Z,90,2,0,0,0,2,0,5,10.2,10.5,23.0,4.4,0.39,0.04,0.43,1.78,1,75
2024-25,32,515,Maxwel Cornet,MID,Southampton,17,2,1,2025-04-12T14:00:00Z,0,0,0,0,0,0,0,0,0.0,0.0,0.0,0.0,0.0,0.0,0.0,0.0,0,47
2024-25,32,516,Vladimír Coufal,DEF,West Ham,19,12,0,2025-04-13T13:00:00Z,33,0,0,0,0,1,0,-1,3.0,0.8,2.0,0.6,0.0,0.0,0.0,0.37,0,41
2024-25,32,517,Aaron Cresswell,DEF,West Ham,19,12,0,2025-04-13T13:00:00Z,0,0,0,0,0,0,0,0,0.0,0.0,0.0,0.0,0.0,0.0,0.0,0.0,0,39
2024-25,32,518,Flynn Downes,MID,Southampton,17,2,1,2025-04-12T14:00:00Z,0,0,0,0,0,0,0,0,0.0,0.0,0.0,0.0,0.0,0.0,0.0,0.0,0,47
2024-25,32,519,George Earthy,MID,West Ham,19,12,0,2025-04-13T13:00:00Z,0,0,0,0,0,0,0,0,0.0,0.0,0.0,0.0,0.0,0.0,0.0,0.0,0,45
2024-25,32,520,Emerson Palmieri dos Santos,DEF,West Ham,19,12,0,2025-04-13T13:00:00Z,0,0,0,0,0,0,0,0,0.0,0.0,0.0,0.0,0.0,0.0,0.0,0.0,0,44
2024-25,32,521,Łukasz Fabiański,GK,West Ham,19,12,0,2025-04-13T13:00:00Z,0,0,0,0,0,0,0,0,0.0,0.0,0.0,0.0,0.0,0.0,0.0,0.0,0,40
2024-25,32,522,Wes Foderingham,GK,West Ham,19,12,0,2025-04-13T13:00:00Z,0,0,0,0,0,0,0,0,0.0,0.0,0.0,0.0,0.0,0.0,0.0,0.0,0,42
2024-25,32,523,Danny Ings,FWD,West Ham,19,12,0,2025-04-13T13:00:00Z,0,0,0,0,0,0,0,0,0.0,0.0,0.0,0.0,0.0,0.0,0.0,0.0,0,49
2024-25,32,524,Max Kilman,DEF,West Ham,19,12,0,2025-04-13T13:00:00Z,90,1,0,0,0,2,0,12,38.2,10.9,0.0,4.9,0.0,0.16,0.16,1.78,1,43
2024-25,32,525,Mohammed Kudus,MID,West Ham,19,12,0,2025-04-13T13:00:00Z,90,2,0,0,0,2,0,6,10.8,5.1,46.0,6.2,0.18,0.01,0.19,1.78,1,62
2024-25,32,526,Luis Guilherme Lira dos Santos,MID,West Ham,19,12,0,2025-04-13T13:00:00Z,12,1,0,0,0,1,0,5,2.4,1.5,0.0,0.4,0.0,0.0,0.0,0.37,0,46
2024-25,32,527,Lucas Tolentino Coelho de Lima,MID,West Ham,19,12,0,2025-04-13T13:00:00Z,90,1,0,0,0,2,0,15,14.4,24.8,0.0,3.9,0.0,0.22,0.22,1.78,1,57
2024-25,32,528,Konstantinos Mavropanos,DEF,West Ham,19,12,0,2025-04-13T13:00:00Z,90,1,0,0,0,2,0,1,11.8,0.3,4.0,1.6,0.3,0.0,0.3,1.78,1,43
2024-25,32,529,Nayef Aguerd,DEF,West Ham,19,12,0,2025-04-13T13:00:00Z,0,0,0,0,0,0,0,0,0.0,0.0,0.0,0.0,0.0,0.0,0.0,0.0,0,44
2024-25,32,530,Tomáš Souček,MID,West Ham,19,12,0,2025-04-13T13:00:00Z,0,0,0,0,0,0,0,0,0.0,0.0,0.0,0.0,0.0,0.0,0.0,0.0,0,49
2024-25,32,531,James Ward-Prowse,MID,West Ham,19,12,0,2025-04-13T13:00:00Z,90,2,0,0,0,2,0,20,9.8,26.1,4.0,4.0,0.05,0.07,0.12,1.78,1,61
2024-25,32,532,Kurt Zouma,DEF,West Ham,19,12,0,2025-04-13T13:00:00Z,0,0,0,0,0,0,0,0,0.0,0.0,0.0,0.0,0.0,0.0,0.0,0.0,0,44
2024-25,32,533,Rayan Aït-Nouri,DEF,Wolves,20,18,1,2025-04-13T13:00:00Z,69,14,1,1,0,1,3,43,65.0,41.2,19.0,12.5,0.05,0.73,0.78,1.0,1,48
2024-25,32,534,Boubacar Traoré,MID,Wolves,20,18,1,2025-04-13T13:00:00Z,0,0,0,0,0,0,0,0,0.0,0.0,0.0,0.0,0.0,0.0,0.0,0.0,0,48
2024-25,32,535,Jean-Ricner Bellegarde,MID,Wolves,20,18,1,2025-04-13T13:00:00Z,41,1,0,0,0,0,0,9,7.2,0.8,0.0,0.8,0.0,0.0,0.0,0.69,1,49
2024-25,32,536,Daniel Bentley,GK,Wolves,20,18,1,2025-04-13T13:00:00Z,0,0,0,0,0,0,0,0,0.0,0.0,0.0,0.0,0.0,0.0,0.0,0.0,0,39
2024-25,32,537,Francisco Jorge Tomás Oliveira,MID,Wolves,20,18,1,2025-04-13T13:00:00Z,0,0,0,0,0,0,0,0,0.0,0.0,0.0,0.0,0.0,0.0,0.0,0.0,0,45
2024-25,32,538,Tawanda Chirewa,MID,Wolves,20,18,1,2025-04-13T13:00:00Z,0,0,0,0,0,0,0,0,0.0,0.0,0.0,0.0,0.0,0.0,0.0,0.0,0,45
2024-25,32,539,Leon Chiwome,FWD,Wolves,20,18,1,2025-04-13T13:00:00Z,0,0,0,0,0,0,0,0,0.0,0.0,0.0,0.0,0.0,0.0,0.0,0.0,0,44
2024-25,32,540,Luke Cundle,MID,Wolves,20,18,1,2025-04-13T13:00:00Z,0,0,0,0,0,0,0,0,0.0,0.0,0.0,0.0,0.0,0.0,0.0,0.0,0,45
2024-25,32,541,Matheus Santos Carneiro Da Cunha,FWD,Wolves,20,18,1,2025-04-13T13:00:00Z,20,7,1,0,0,1,2,36,43.2,21.3,20.0,8.5,0.54,0.15,0.69,0.95,0,68
2024-25,32,542,Craig Dawson,DEF,Wolves,20,18,1,2025-04-13T13:00:00Z,0,0,0,0,0,0,0,0,0.0,0.0,0.0,0.0,0.0,0.0,0.0,0.0,0,42
2024-25,32,543,Matt Doherty,DEF,Wolves,20,18,1,2025-04-13T13:00:00Z,45,1,0,0,0,0,0,4,6.4,0.1,0.0,0.7,0.0,0.0,0.0,0.77,1,43
2024-25,32,544,Tommy Doyle,MID,Wolves,20,18,1,2025-04-13T13:00:00Z,0,0,0,0,0,0,0,0,0.0,0.0,0.0,0.0,0.0,0.0,0.0,0.0,0,47
2024-25,32,545,Fábio Silva,FWD,Wolves,20,18,1,2025-04-13T13:00:00Z,0,0,0,0,0,0,0,0,0.0,0.0,0.0,0.0,0.0,0.0,0.0,0.0,0,50
2024-25,32,546,Nathan Fraser,FWD,Wolves,20,18,1,2025-04-13T13:00:00Z,0,0,0,0,0,0,0,0,0.0,0.0,0.0,0.0,0.0,0.0,0.0,0.0,0,45
2024-25,32,547,Enso González,MID,Wolves,20,18,1,2025-04-13T13:00:00Z,0,0,0,0,0,0,0,0,0.0,0.0,0.0,0.0,0.0,0.0,0.0,0.0,0,44
2024-25,32,548,Gonçalo Manuel Ganchinho Guedes,MID,Wolves,20,18,1,2025-04-13T13:00:00Z,0,0,0,0,0,0,0,0,0.0,0.0,0.0,0.0,0.0,0.0,0.0,0.0,0,53
2024-25,32,549,Hugo Bueno López,DEF,Wolves,20,18,1,2025-04-13T13:00:00Z,0,0,0,0,0,0,0,0,0.0,0.0,0.0,0.0,0.0,0.0,0.0,0.0,0,45
2024-25,32,550,Hwang Hee-chan,MID,Wolves,20,18,1,2025-04-13T13:00:00Z,7,1,0,0,0,1,0,3,1.4,0.6,2.0,0.4,0.0,0.0,0.0,0.95,0,61
2024-25,32,551,Joe Hodge,MID,Wolves,20,18,1,2025-04-13T13:00:00Z,0,0,0,0,0,0,0,0,0.0,0.0,0.0,0.0,0.0,0.0,0.0,0.0,0,45
2024-25,32,552,Ki-Jana Hoever,DEF,Wolves,20,18,1,2025-04-13T13:00:00Z,0,0,0,0,0,0,0,0,0.0,0.0,0.0,0.0,0.0,0.0,0.0,0.0,0,40
2024-25,32,553,João Victor Gomes da Silva,MID,Wolves,20,18,1,2025-04-13T13:00:00Z,82,2,0,0,0,1,0,17,3.4,7.6,5.0,1.6,0.06,0.01,0.07,1.0,1,49
2024-25,32,554,José Malheiro de Sá,GK,Wolves,20,18,1,2025-04-13T13:00:00Z,90,1,0,0,0,2,0,2,13.8,0.0,0.0,1.4,0.0,0.0,0.0,1.96,1,44
2024-25,32,555,Saša Kalajdžić,FWD,Wolves,20,18,1,2025-04-13T13:00:00Z,0,0,0,0,0,0,0,0,0.0,0.0,0.0,0.0,0.0,0.0,0.0,0.0,0,48
2024-25,32,556,Tom King,GK,Wolves,20,18,1,2025-04-13T13:00:00Z,0,0,0,0,0,0,0,0,0.0,0.0,0.0,0.0,0.0,0.0,0.0,0.0,0,40
2024-25,32,557,Mario Lemina,MID,Wolves,20,18,1,2025-04-13T13:00:00Z,0,0,0,0,0,0,0,0,0.0,0.0,0.0,0.0,0.0,0.0,0.0,0.0,0,48
2024-25,32,558,Yerson Mosquera,DEF,Wolves,20,18,1,2025-04-13T13:00:00Z,0,0,0,0,0,0,0,0,0.0,0.0,0.0,0.0,0.0,0.0,0.0,0.0,0,38
2024-25,32,559,Nélson Cabral Semedo,DEF,Wolves,20,18,1,2025-04-13T13:00:00Z,90,1,0,0,0,2,0,-4,9.6,1.5,4.0,1.5,0.05,0.05,0.1,1.96,1,45
2024-25,32,560,Pedro Lomba Neto,MID,Chelsea,6,10,1,2025-04-13T13:00:00Z,90,3,0,0,0,2,1,29,32.8,94.4,27.0,15.4,0.15,0.63,0.78,1.07,1,62
2024-25,32,561,Pedro Cardoso de Lima,DEF,Wolves,20,18,1,2025-04-13T13:00:00Z,0,0,0,0,0,0,0,0,0.0,0.0,0.0,0.0,0.0,0.0,0.0,0.0,0,39
2024-25,32,562,Daniel Castelo Podence,MID,Wolves,20,18,1,2025-04-13T13:00:00Z,0,0,0,0,0,0,0,0,0.0,0.0,0.0,0.0,0.0,0.0,0.0,0.0,0,55
2024-25,32,563,Rodrigo Martins Gomes,MID,Wolves,20,18,1,2025-04-13T13:00:00Z,20,1,0,0,0,1,0,3,2.4,0.6,0.0,0.3,0.0,0.0,0.0,0.95,0,51
2024-25,32,564,Santiago Bueno,DEF,Wolves,20,18,1,2025-04-13T13:00:00Z,45,0,0,0,0,2,0,-2,8.0,0.3,0.0,0.8,0.0,0.0,0.0,1.18,0,43
2024-25,32,565,Pablo Sarabia,MID,Wolves,20,18,1,2025-04-13T13:00:00Z,48,1,0,0,0,2,0,3,6.0,26.4,6.0,3.8,0.12,0.13,0.25,1.27,0,50
2024-25,32,566,Jørgen Strand Larsen,FWD,Wolves,20,18,1,2025-04-13T13:00:00Z,69,6,1,0,0,1,0,31,33.4,2.2,62.0,9.8,1.35,0.0,1.35,1.0,1,54
2024-25,32,567,Toti António Gomes,DEF,Wolves,20,18,1,2025-04-13T13:00:00Z,90,0,0,0,0,2,0,5,15.6,1.3,0.0,1.7,0.0,0.0,0.0,1.96,1,43
2024-25,32,568,Arijanet Muric,GK,Ipswich,10,6,0,2025-04-13T13:00:00Z,0,0,0,0,0,0,0,0,0.0,0.0,0.0,0.0,0.0,0.0,0.0,0.0,0,44
2024-25,32,569,Jaden Philogene,MID,Ipswich,10,6,0,2025-04-13T13:00:00Z,4,1,0,0,0,0,0,3,0.0,0.0,0.0,0.0,0.0,0.0,0.0,0.0,0,53
2024-25,32,570,Abdul Fatawu,MID,Leicester,11,5,0,2025-04-12T14:00:00Z,0,0,0,0,0,0,0,0,0.0,0.0,0.0,0.0,0.0,0.0,0.0,0.0,0,51
2024-25,32,571,Sávio 'Savinho' Moreira de Oliveira,MID,Man City,13,7,1,2025-04-12T11:30:00Z,8,1,0,0,0,0,0,3,2.0,2.3,0.0,0.4,0.0,0.01,0.01,0.13,0,62
2024-25,32,572,Leny Yoro,DEF,Man Utd,14,15,0,2025-04-13T15:30:00Z,90,-1,0,0,0,4,0,-3,19.0,1.0,0.0,2.0,0.0,0.0,0.0,2.17,1,43
2024-25,32,573,Nikola Milenković,DEF,Nott'm Forest,16,8,1,2025-04-12T14:00:00Z,90,2,0,0,0,1,0,7,19.0,1.4,2.0,2.2,0.0,0.0,0.0,1.36,1,51
2024-25,32,574,Miodrag Pivaš,DEF,Newcastle,15,7,1,2025-04-16T18:30:00Z,0,0,0,0,0,0,0,0,0.0,0.0,0.0,0.0,0.0,0.0,0.0,0.0,0,40
2024-25,32,575,Caleb Wiley,DEF,Chelsea,6,10,1,2025-04-13T13:00:00Z,0,0,0,0,0,0,0,0,0.0,0.0,0.0,0.0,0.0,0.0,0.0,0.0,0,40
2024-25,32,576,Andy Irving,MID,West Ham,19,12,0,2025-04-13T13:00:00Z,0,0,0,0,0,0,0,0,0.0,0.0,0.0,0.0,0.0,0.0,0.0,0.0,0,47
2024-25,32,577,Jesper Lindstrøm,MID,Everton,8,16,0,2025-04-12T14:00:00Z,0,0,0,0,0,0,0,0,0.0,0.0,0.0,0.0,0.0,0.0,0.0,0.0,0,50
2024-25,32,578,Riccardo Calafiori,DEF,Arsenal,1,4,1,2025-04-12T16:30:00Z,0,0,0,0,0,0,0,0,0.0,0.0,0.0,0.0,0.0,0.0,0.0,0.0,0,58
2024-25,32,579,Ryan Sessegnon,DEF,Fulham,9,3,0,2025-04-14T19:00:00Z,56,1,0,0,0,1,0,-2,3.8,1.3,39.0,4.4,0.41,0.03,0.44,1.45,1,41
2024-25,32,580,Dean Huijsen,DEF,Bournemouth,3,9,1,2025-04-14T19:00:00Z,90,7,0,0,1,0,1,25,19.8,0.6,0.0,2.0,0.0,0.0,0.0,1.07,1,45
2024-25,32,581,Filip Jørgensen,GK,Chelsea,6,10,1,2025-04-13T13:00:00Z,0,0,0,0,0,0,0,0,0.0,0.0,0.0,0.0,0.0,0.0,0.0,0.0,0,42
2024-25,32,582,Jake O'Brien,DEF,Everton,8,16,0,2025-04-12T14:00:00Z,90,6,0,0,1,0,0,25,9.4,1.8,9.0,2.0,0.03,0.01,0.04,0.52,1,45
2024-25,32,583,Conor Townsend,DEF,Ipswich,10,6,0,2025-04-13T13:00:00Z,28,1,0,0,0,1,0,3,8.2,0.5,0.0,0.9,0.0,0.0,0.0,1.03,0,39
2024-25,32,584,Ben Brereton Díaz,MID,Southampton,17,2,1,2025-04-12T14:00:00Z,0,0,0,0,0,0,0,0,0.0,0.0,0.0,0.0,0.0,0.0,0.0,0.0,0,48
2024-25,32,585,Ismaïla Sarr,MID,Crystal Palace,7,15,0,2025-04-16T18:30:00Z,75,2,0,0,0,5,0,7,1.6,11.4,8.0,2.1,0.03,0.01,0.04,1.32,1,58
2024-25,32,586,Jorge Cuenca Barreno,DEF,Fulham,9,3,0,2025-04-14T19:00:00Z,0,0,0,0,0,0,0,0,0.0,0.0,0.0,0.0,0.0,0.0,0.0,0.0,0,44
2024-25,32,587,Crysencio Summerville,MID,West Ham,19,12,0,2025-04-13T13:00:00Z,0,0,0,0,0,0,0,0,0.0,0.0,0.0,0.0,0.0,0.0,0.0,0.0,0,55
2024-25,32,588,Guido Rodríguez,MID,West Ham,19,12,0,2025-04-13T13:00:00Z,0,0,0,0,0,0,0,0,0.0,0.0,0.0,0.0,0.0,0.0,0.0,0.0,0,48
2024-25,32,589,Niclas Füllkrug,FWD,West Ham,19,12,0,2025-04-13T13:00:00Z,12,1,0,0,0,1,0,0,0.0,0.0,4.0,0.1,0.12,0.0,0.12,0.37,0,67
2024-25,32,590,William Osula,FWD,Newcastle,15,7,1,2025-04-16T18:30:00Z,0,0,0,0,0,0,0,0,0.0,0.0,0.0,0.0,0.0,0.0,0.0,0.0,0,49
2024-25,32,591,Jean-Clair Todibo,DEF,West Ham,19,12,0,2025-04-13T13:00:00Z,77,2,0,0,0,1,0,8,7.2,0.3,0.0,0.8,0.0,0.0,0.0,1.4,1,42
2024-25,32,592,Julián Araujo Zúñiga,DEF,Bournemouth,3,9,1,2025-04-14T19:00:00Z,0,0,0,0,0,0,0,0,0.0,0.0,0.0,0.0,0.0,0.0,0.0,0.0,0,43
2024-25,32,593,Matthijs de Ligt,DEF,Man Utd,14,15,0,2025-04-13T15:30:00Z,0,0,0,0,0,0,0,0,0.0,0.0,0.0,0.0,0.0,0.0,0.0,0.0,0,48
2024-25,32,594,Noussair Mazraoui,DEF,Man Utd,14,15,0,2025-04-13T15:30:00Z,77,0,0,0,0,4,0,-8,8.2,1.4,0.0,1.0,0.0,0.01,0.01,2.17,1,42
2024-25,32,595,Brajan Gruda,MID,Brighton,5,11,1,2025-04-12T14:00:00Z,8,1,0,0,0,0,0,0,0.0,0.4,4.0,0.1,0.09,0.0,0.09,0.5,0,54
2024-25,32,596,João Pedro Ferreira Silva,MID,Nott'm Forest,16,8,1,2025-04-12T14:00:00Z,58,1,0,0,0,0,0,11,8.2,0.3,36.0,4.5,0.25,0.0,0.25,0.61,1,59
2024-25,32,597,Myles Lewis-Skelly,MID,Arsenal,1,4,1,2025-04-12T16:30:00Z,28,1,0,0,0,1,0,4,2.4,1.8,0.0,0.4,0.0,0.02,0.02,0.12,0,45
2024-25,32,598,Lamare Bogarde,DEF,Aston Villa,2,17,0,2025-04-12T14:00:00Z,0,0,0,0,0,0,0,0,0.0,0.0,0.0,0.0,0.0,0.0,0.0,0.0,0,39
2024-25,32,599,Will Dennis,GK,Bournemouth,3,9,1,2025-04-14T19:00:00Z,0,0,0,0,0,0,0,0,0.0,0.0,0.0,0.0,0.0,0.0,0.0,0.0,0,39
2024-25,32,600,Yasin Ayari,MID,Brighton,5,11,1,2025-04-12T14:00:00Z,90,2,0,0,0,2,0,18,14.2,14.1,3.0,3.1,0.06,0.08,0.14,1.5,1,50
2024-25,32,601,Andrew Moran,MID,Brighton,5,11,1,2025-04-12T14:00:00Z,0,0,0,0,0,0,0,0,0.0,0.0,0.0,0.0,0.0,0.0,0.0,0.0,0,50
2024-25,32,602,Ryan Trevitt,MID,Brentford,4,1,0,2025-04-12T16:30:00Z,0,0,0,0,0,0,0,0,0.0,0.0,0.0,0.0,0.0,0.0,0.0,0.0,0,44
2024-25,32,603,Harrison Armstrong,MID,Everton,8,16,0,2025-04-12T14:00:00Z,0,0,0,0,0,0,0,0,0.0,0.0,0.0,0.0,0.0,0.0,0.0,0.0,0,44
2024-25,32,604,Josh King,MID,Fulham,9,3,0,2025-04-14T19:00:00Z,0,0,0,0,0,0,0,0,0.0,0.0,0.0,0.0,0.0,0.0,0.0,0.0,0,44
2024-25,32,605,Martial Godo,MID,Fulham,9,3,0,2025-04-14T19:00:00Z,0,0,0,0,0,0,0,0,0.0,0.0,0.0,0.0,0.0,0.0,0.0,0.0,0,44
2024-25,32,606,Will Alves,MID,Leicester,11,5,0,2025-04-12T14:00:00Z,0,0,0,0,0,0,0,0,0.0,0.0,0.0,0.0,0.0,0.0,0.0,0.0,0,44
2024-25,32,607,Nico O'Reilly,MID,Man City,13,7,1,2025-04-12T11:30:00Z,90,8,1,0,0,2,1,36,36.4,5.3,25.0,6.7,0.11,0.11,0.22,1.82,1,49
2024-25,32,608,Tyler Dibling,MID,Southampton,17,2,1,2025-04-12T14:00:00Z,45,1,0,0,0,3,0,4,8.4,1.3,0.0,1.0,0.0,0.01,0.01,2.4,0,44
2024-25,32,609,Will Lankshear,FWD,Spurs,18,20,0,2025-04-13T13:00:00Z,0,0,0,0,0,0,0,0,0.0,0.0,0.0,0.0,0.0,0.0,0.0,0.0,0,45
2024-25,32,610,Mikey Moore,MID,Spurs,18,20,0,2025-04-13T13:00:00Z,0,0,0,0,0,0,0,0,0.0,0.0,0.0,0.0,0.0,0.0,0.0,0.0,0,45
2024-25,32,611,Sam Szmodics,MID,Ipswich,10,6,0,2025-04-13T13:00:00Z,0,0,0,0,0,0,0,0,0.0,0.0,0.0,0.0,0.0,0.0,0.0,0.0,0,57
2024-25,32,612,Wilson Odobert,MID,Spurs,18,20,0,2025-04-13T13:00:00Z,0,0,0,0,0,0,0,0,0.0,0.0,0.0,0.0,0.0,0.0,0.0,0.0,0,53
2024-25,32,613,Toby Collyer,MID,Man Utd,14,15,0,2025-04-13T15:30:00Z,0,0,0,0,0,0,0,0,0.0,0.0,0.0,0.0,0.0,0.0,0.0,0.0,0,45
2024-25,32,614,Jenson Metcalfe,MID,Everton,8,16,0,2025-04-12T14:00:00Z,0,0,0,0,0,0,0,0,0.0,0.0,0.0,0.0,0.0,0.0,0.0,0.0,0,45
2024-25,32,615,Carl Rushworth,GK,Brighton,5,11,1,2025-04-12T14:00:00Z,0,0,0,0,0,0,0,0,0.0,0.0,0.0,0.0,0.0,0.0,0.0,0.0,0,39
2024-25,32,616,Ben Nelson,DEF,Leicester,11,5,0,2025-04-12T14:00:00Z,0,0,0,0,0,0,0,0,0.0,0.0,0.0,0.0,0.0,0.0,0.0,0.0,0,40
2024-25,32,617,Francisco Evanilson de Lima Barbosa,FWD,Bournemouth,3,9,1,2025-04-14T19:00:00Z,90,2,0,0,1,0,0,2,4.8,2.9,20.0,2.8,0.53,0.01,0.54,1.07,1,58
2024-25,32,618,Georginio Rutter,MID,Brighton,5,11,1,2025-04-12T14:00:00Z,0,0,0,0,0,0,0,0,0.0,0.0,0.0,0.0,0.0,0.0,0.0,0.0,0,50
2024-25,32,619,Jens Cajuste,MID,Ipswich,10,6,0,2025-04-13T13:00:00Z,90,2,0,0,0,2,0,10,26.2,10.8,3.0,4.0,0.09,0.0,0.09,2.27,1,45
2024-25,32,620,Ramón Sosa,MID,Nott'm Forest,16,8,1,2025-04-12T14:00:00Z,0,0,0,0,0,0,0,0,0.0,0.0,0.0,0.0,0.0,0.0,0.0,0.0,0,55
2024-25,32,621,João Félix Sequeira,MID,Chelsea,6,10,1,2025-04-13T13:00:00Z,0,0,0,0,0,0,0,0,0.0,0.0,0.0,0.0,0.0,0.0,0.0,0.0,0,59
2024-25,32,622,Sander Berge,MID,Fulham,9,3,0,2025-04-14T19:00:00Z,58,1,0,0,0,1,0,10,4.6,2.8,2.0,0.9,0.0,0.02,0.02,1.45,1,50
2024-25,32,623,Mateus Gonçalo Espanha Fernandes,MID,Southampton,17,2,1,2025-04-12T14:00:00Z,88,1,0,0,0,2,0,9,1.6,3.1,7.0,1.2,0.02,0.01,0.03,2.17,1,50
2024-25,32,624,Asmir Begovic,GK,Everton,8,16,0,2025-04-12T14:00:00Z,0,0,0,0,0,0,0,0,0.0,0.0,0.0,0.0,0.0,0.0,0.0,0.0,0,40
2024-25,32,625,Ilkay Gündogan,MID,Man City,13,7,1,2025-04-12T11:30:00Z,90,5,0,1,0,2,0,14,19.6,31.4,15.0,6.6,0.82,0.05,0.87,1.82,1,63
2024-25,32,626,Issa Kaboré,DEF,Man City,13,7,1,2025-04-12T11:30:00Z,0,0,0,0,0,0,0,0,0.0,0.0,0.0,0.0,0.0,0.0,0.0,0.0,0,45
2024-25,32,627,Roman Dixon,DEF,Everton,8,16,0,2025-04-12T14:00:00Z,0,0,0,0,0,0,0,0,0.0,0.0,0.0,0.0,0.0,0.0,0.0,0.0,0,40
2024-25,32,628,Ferdi Kadioglu,DEF,Brighton,5,11,1,2025-04-12T14:00:00Z,0,0,0,0,0,0,0,0,0.0,0.0,0.0,0.0,0.0,0.0,0.0,0.0,0,44
2024-25,32,629,Matt O'Riley,MID,Brighton,5,11,1,2025-04-12T14:00:00Z,69,5,0,1,0,1,0,13,3.8,18.1,35.0,5.7,0.61,0.03,0.64,0.48,1,55
2024-25,32,630,Dara O'Shea,DEF,Ipswich,10,6,0,2025-04-13T13:00:00Z,90,1,0,0,0,2,0,4,27.0,0.4,9.0,3.6,0.08,0.0,0.08,2.27,1,39
2024-25,32,631,Jack Clarke,MID,Ipswich,10,6,0,2025-04-13T13:00:00Z,70,2,0,0,0,1,0,9,13.0,11.8,1.0,2.6,0.03,0.02,0.05,1.4,1,54
2024-25,32,632,Chiedozie Ogbene,MID,Ipswich,10,6,0,2025-04-13T13:00:00Z,0,0,0,0,0,0,0,0,0.0,0.0,0.0,0.0,0.0,0.0,0.0,0.0,0,48
2024-25,32,633,Mikel Merino,MID,Arsenal,1,4,1,2025-04-12T16:30:00Z,15,1,0,0,0,0,0,3,0.0,1.9,4.0,0.5,0.05,0.01,0.06,0.0,0,61
2024-25,32,634,Gustavo Nunes Fernandes Gomes,MID,Brentford,4,1,0,2025-04-12T16:30:00Z,1,1,0,0,0,0,0,3,2.0,0.0,0.0,0.2,0.0,0.0,0.0,0.09,0,49
2024-25,32,635,Bilal El Khannouss,MID,Leicester,11,5,0,2025-04-12T14:00:00Z,90,5,0,1,0,2,1,27,35.0,53.2,17.0,10.5,0.05,0.32,0.37,3.91,1,48
2024-25,32,636,Federico Chiesa,MID,Liverpool,12,19,1,2025-04-13T13:00:00Z,0,0,0,0,0,0,0,0,0.0,0.0,0.0,0.0,0.0,0.0,0.0,0.0,0,68
2024-25,32,637,Bastien Meupiyou,DEF,Wolves,20,18,1,2025-04-13T13:00:00Z,0,0,0,0,0,0,0,0,0.0,0.0,0.0,0.0,0.0,0.0,0.0,0.0,0,39
2024-25,32,638,Salah-Eddine Oulad M'hand,MID,Arsenal,1,4,1,2025-04-12T16:30:00Z,0,0,0,0,0,0,0,0,0.0,0.0,0.0,0.0,0.0,0.0,0.0,0.0,0,45
2024-25,32,639,Tommy Setford,GK,Arsenal,1,4,1,2025-04-12T16:30:00Z,0,0,0,0,0,0,0,0,0.0,0.0,0.0,0.0,0.0,0.0,0.0,0.0,0,45
2024-25,32,640,Sil Swinkels,DEF,Aston Villa,2,17,0,2025-04-12T14:00:00Z,0,0,0,0,0,0,0,0,0.0,0.0,0.0,0.0,0.0,0.0,0.0,0.0,0,40
2024-25,32,641,Oliwier Zych,GK,Aston Villa,2,17,0,2025-04-12T14:00:00Z,0,0,0,0,0,0,0,0,0.0,0.0,0.0,0.0,0.0,0.0,0.0,0.0,0,40
2024-25,32,642,André Trindade da Costa Neto,MID,Wolves,20,18,1,2025-04-13T13:00:00Z,90,2,0,0,0,2,0,16,7.4,1.9,0.0,0.9,0.0,0.01,0.01,1.96,1,50
2024-25,32,643,Kaelan Casey,DEF,West Ham,19,12,0,2025-04-13T13:00:00Z,0,0,0,0,0,0,0,0,0.0,0.0,0.0,0.0,0.0,0.0,0.0,0.0,0,40
2024-25,32,644,Franco Umeh-Chibueze,MID,Crystal Palace,7,15,0,2025-04-16T18:30:00Z,0,0,0,0,0,0,0,0,0.0,0.0,0.0,0.0,0.0,0.0,0.0,0.0,0,44
2024-25,32,645,Justin Devenny,MID,Crystal Palace,7,15,0,2025-04-16T18:30:00Z,5,1,0,0,0,0,0,2,0.0,0.8,0.0,0.0,0.0,0.01,0.01,0.06,0,45
2024-25,32,646,Asher Agbinone,MID,Crystal Palace,7,15,0,2025-04-16T18:30:00Z,0,0,0,0,0,0,0,0,0.0,0.0,0.0,0.0,0.0,0.0,0.0,0.0,0,45
2024-25,32,647,Kaden Rodney,MID,Crystal Palace,7,15,0,2025-04-16T18:30:00Z,0,0,0,0,0,0,0,0,0.0,0.0,0.0,0.0,0.0,0.0,0.0,0.0,0,45
2024-25,32,648,Ethan Wheatley,FWD,Man Utd,14,15,0,2025-04-13T15:30:00Z,0,0,0,0,0,0,0,0,0.0,0.0,0.0,0.0,0.0,0.0,0.0,0.0,0,45
2024-25,32,649,Jayden Meghoma,DEF,Brentford,4,1,0,2025-04-12T16:30:00Z,0,0,0,0,0,0,0,0,0.0,0.0,0.0,0.0,0.0,0.0,0.0,0.0,0,40
2024-25,32,650,Maxence Lacroix,DEF,Crystal Palace,7,15,0,2025-04-16T18:30:00Z,90,0,0,0,0,5,0,-7,8.4,10.8,2.0,2.1,0.0,0.24,0.24,1.39,1,45
2024-25,32,651,Orel Mangala,MID,Everton,8,16,0,2025-04-12T14:00:00Z,0,0,0,0,0,0,0,0,0.0,0.0,0.0,0.0,0.0,0.0,0.0,0.0,0,50
2024-25,32,652,Manuel Ugarte,MID,Man Utd,14,15,0,2025-04-13T15:30:00Z,90,1,0,0,0,4,0,20,14.8,4.8,9.0,2.9,0.05,0.01,0.06,2.17,1,49
2024-25,32,653,Felipe Rodrigues da Silva,DEF,Nott'm Forest,16,8,1,2025-04-12T14:00:00Z,0,0,0,0,0,0,0,0,0.0,0.0,0.0,0.0,0.0,0.0,0.0,0.0,0,45
2024-25,32,654,Carlos Soler,MID,West Ham,19,12,0,2025-04-13T13:00:00Z,77,2,0,0,0,1,0,2,6.6,22.3,28.0,5.7,0.47,0.02,0.49,1.4,1,50
2024-25,32,655,Carlos Roberto Forbs Borges,MID,Wolves,20,18,1,2025-04-13T13:00:00Z,0,0,0,0,0,0,0,0,0.0,0.0,0.0,0.0,0.0,0.0,0.0,0.0,0,54
2024-25,32,656,Kadan Young,MID,Aston Villa,2,17,0,2025-04-12T14:00:00Z,0,0,0,0,0,0,0,0,0.0,0.0,0.0,0.0,0.0,0.0,0.0,0.0,0,44
2024-25,32,657,Maldini Kacurri,DEF,Arsenal,1,4,1,2025-04-12T16:30:00Z,0,0,0,0,0,0,0,0,0.0,0.0,0.0,0.0,0.0,0.0,0.0,0.0,0,40
2024-25,32,658,Ayden Heaven,DEF,Man Utd,14,15,0,2025-04-13T15:30:00Z,0,0,0,0,0,0,0,0,0.0,0.0,0.0,0.0,0.0,0.0,0.0,0.0,0,40
2024-25,32,659,Ismeal Kabia,MID,Arsenal,1,4,1,2025-04-12T16:30:00Z,0,0,0,0,0,0,0,0,0.0,0.0,0.0,0.0,0.0,0.0,0.0,0.0,0,45
2024-25,32,660,Vítezslav Jaros,GK,Liverpool,12,19,1,2025-04-13T13:00:00Z,0,0,0,0,0,0,0,0,0.0,0.0,0.0,0.0,0.0,0.0,0.0,0.0,0,40
2024-25,32,661,Tony Yogane,MID,Brentford,4,1,0,2025-04-12T16:30:00Z,0,0,0,0,0,0,0,0,0.0,0.0,0.0,0.0,0.0,0.0,0.0,0.0,0,45
2024-25,32,662,Josh Nichols,DEF,Arsenal,1,4,1,2025-04-12T16:30:00Z,0,0,0,0,0,0,0,0,0.0,0.0,0.0,0.0,0.0,0.0,0.0,0.0,0,40
2024-25,32,663,Imari Samuels,DEF,Brighton,5,11,1,2025-04-12T14:00:00Z,0,0,0,0,0,0,0,0,0.0,0.0,0.0,0.0,0.0,0.0,0.0,0.0,0,40
2024-25,32,664,Alfie Pond,DEF,Wolves,20,18,1,2025-04-13T13:00:00Z,0,0,0,0,0,0,0,0,0.0,0.0,0.0,0.0,0.0,0.0,0.0,0.0,0,39
2024-25,32,665,Nathan Butler-Oyedeji,FWD,Arsenal,1,4,1,2025-04-12T16:30:00Z,0,0,0,0,0,0,0,0,0.0,0.0,0.0,0.0,0.0,0.0,0.0,0.0,0,45
2024-25,32,666,Caleb Kporha,DEF,Crystal Palace,7,15,0,2025-04-16T18:30:00Z,0,0,0,0,0,0,0,0,0.0,0.0,0.0,0.0,0.0,0.0,0.0,0.0,0,40
2024-25,32,667,Jack Fletcher,MID,Man Utd,14,15,0,2025-04-13T15:30:00Z,0,0,0,0,0,0,0,0,0.0,0.0,0.0,0.0,0.0,0.0,0.0,0.0,0,45
2024-25,32,668,Killian Cahill,GK,Brighton,5,11,1,2025-04-12T14:00:00Z,0,0,0,0,0,0,0,0,0.0,0.0,0.0,0.0,0.0,0.0,0.0,0.0,0,39
2024-25,32,669,Harvey Davies,GK,Liverpool,12,19,1,2025-04-13T13:00:00Z,0,0,0,0,0,0,0,0,0.0,0.0,0.0,0.0,0.0,0.0,0.0,0.0,0,40
2024-25,32,670,Harry Amass,DEF,Man Utd,14,15,0,2025-04-13T15:30:00Z,54,0,0,0,0,2,0,-6,3.4,0.3,1.0,0.5,0.03,0.0,0.03,1.24,1,40
2024-25,32,671,Jacob Wright,MID,Man City,13,7,1,2025-04-12T11:30:00Z,0,0,0,0,0,0,0,0,0.0,0.0,0.0,0.0,0.0,0.0,0.0,0.0,0,45
2024-25,32,672,Jahmai Simpson-Pusey,DEF,Man City,13,7,1,2025-04-12T11:30:00Z,0,0,0,0,0,0,0,0,0.0,0.0,0.0,0.0,0.0,0.0,0.0,0.0,0,40
2024-25,32,673,Jayce Fitzgerald,MID,Man Utd,14,15,0,2025-04-13T15:30:00Z,0,0,0,0,0,0,0,0,0.0,0.0,0.0,0.0,0.0,0.0,0.0,0.0,0,45
2024-25,32,674,Paris Maghoma,MID,Brentford,4,1,0,2025-04-12T16:30:00Z,0,0,0,0,0,0,0,0,0.0,0.0,0.0,0.0,0.0,0.0,0.0,0.0,0,45
2024-25,32,675,Josh Wilson-Esbrand,DEF,Man City,13,7,1,2025-04-12T11:30:00Z,0,0,0,0,0,0,0,0,0.0,0.0,0.0,0.0,0.0,0.0,0.0,0.0,0,40
2024-25,32,676,Zach Marsh,FWD,Crystal Palace,7,15,0,2025-04-16T18:30:00Z,0,0,0,0,0,0,0,0,0.0,0.0,0.0,0.0,0.0,0.0,0.0,0.0,0,45
2024-25,32,677,Ollie Scarles,DEF,West Ham,19,12,0,2025-04-13T13:00:00Z,56,1,0,0,0,1,0,3,12.8,0.8,0.0,1.4,0.0,0.0,0.0,1.4,1,40
2024-25,32,678,Callum Bates,MID,Everton,8,16,0,2025-04-12T14:00:00Z,0,0,0,0,0,0,0,0,0.0,0.0,0.0,0.0,0.0,0.0,0.0,0.0,0,45
2024-25,32,679,Ben Broggio,MID,Aston Villa,2,17,0,2025-04-12T14:00:00Z,0,0,0,0,0,0,0,0,0.0,0.0,0.0,0.0,0.0,0.0,0.0,0.0,0,45
2024-25,32,680,Max Kinsey,DEF,Bournemouth,3,9,1,2025-04-14T19:00:00Z,0,0,0,0,0,0,0,0,0.0,0.0,0.0,0.0,0.0,0.0,0.0,0.0,0,40
2024-25,32,681,Ruairi McConville,DEF,Brighton,5,11,1,2025-04-12T14:00:00Z,0,0,0,0,0,0,0,0,0.0,0.0,0.0,0.0,0.0,0.0,0.0,0.0,0,40
2024-25,32,682,Tom Edozie,MID,Wolves,20,18,1,2025-04-13T13:00:00Z,0,0,0,0,0,0,0,0,0.0,0.0,0.0,0.0,0.0,0.0,0.0,0.0,0,45
2024-25,32,683,Callum Olusesi,MID,Spurs,18,20,0,2025-04-13T13:00:00Z,0,0,0,0,0,0,0,0,0.0,0.0,0.0,0.0,0.0,0.0,0.0,0.0,0,45
2024-25,32,684,Malachi Hardy,DEF,Spurs,18,20,0,2025-04-13T13:00:00Z,0,0,0,0,0,0,0,0,0.0,0.0,0.0,0.0,0.0,0.0,0.0,0.0,0,40
2024-25,32,685,Jacob Slater,DEF,Brighton,5,11,1,2025-04-12T14:00:00Z,0,0,0,0,0,0,0,0,0.0,0.0,0.0,0.0,0.0,0.0,0.0,0.0,0,40
2024-25,32,686,Ezra Mayers,DEF,West Ham,19,12,0,2025-04-13T13:00:00Z,0,0,0,0,0,0,0,0,0.0,0.0,0.0,0.0,0.0,0.0,0.0,0.0,0,40
2024-25,32,687,Ben Winterburn,MID,Bournemouth,3,9,1,2025-04-14T19:00:00Z,0,0,0,0,0,0,0,0,0.0,0.0,0.0,0.0,0.0,0.0,0.0,0.0,0,45
2024-25,32,688,Treymaurice Nyoni,MID,Liverpool,12,19,1,2025-04-13T13:00:00Z,0,0,0,0,0,0,0,0,0.0,0.0,0.0,0.0,0.0,0.0,0.0,0.0,0,45
2024-25,32,689,Luca Williams-Barnett,MID,Spurs,18,20,0,2025-04-13T13:00:00Z,0,0,0,0,0,0,0,0,0.0,0.0,0.0,0.0,0.0,0.0,0.0,0.0,0,45
2024-25,32,690,Samuel Amissah,DEF,Fulham,9,3,0,2025-04-14T19:00:00Z,0,0,0,0,0,0,0,0,0.0,0.0,0.0,0.0,0.0,0.0,0.0,0.0,0,40
2024-25,32,691,Godwill Kukonki,DEF,Man Utd,14,15,0,2025-04-13T15:30:00Z,0,0,0,0,0,0,0,0,0.0,0.0,0.0,0.0,0.0,0.0,0.0,0.0,0,40
2024-25,32,692,Amara Nallo,DEF,Liverpool,12,19,1,2025-04-13T13:00:00Z,0,0,0,0,0,0,0,0,0.0,0.0,0.0,0.0,0.0,0.0,0.0,0.0,0,40
2024-25,32,693,Joseph O'Brien-Whitmarsh,MID,Southampton,17,2,1,2025-04-12T14:00:00Z,0,0,0,0,0,0,0,0,0.0,0.0,0.0,0.0,0.0,0.0,0.0,0.0,0,45
2024-25,32,694,Henry Cartwright,MID,Leicester,11,5,0,2025-04-12T14:00:00Z,0,0,0,0,0,0,0,0,0.0,0.0,0.0,0.0,0.0,0.0,0.0,0.0,0,45
2024-25,32,695,Samuel Rak-Sakyi,MID,Chelsea,6,10,1,2025-04-13T13:00:00Z,0,0,0,0,0,0,0,0,0.0,0.0,0.0,0.0,0.0,0.0,0.0,0.0,0,45
2024-25,32,696,Tyrique George,MID,Chelsea,6,10,1,2025-04-13T13:00:00Z,0,0,0,0,0,0,0,0,0.0,0.0,0.0,0.0,0.0,0.0,0.0,0.0,0,45
2024-25,32,697,Josh Acheampong,DEF,Chelsea,6,10,1,2025-04-13T13:00:00Z,0,0,0,0,0,0,0,0,0.0,0.0,0.0,0.0,0.0,0.0,0.0,0.0,0,40
2024-25,32,698,Divin Mubama,FWD,Man City,13,7,1,2025-04-12T11:30:00Z,0,0,0,0,0,0,0,0,0.0,0.0,0.0,0.0,0.0,0.0,0.0,0.0,0,45
2024-25,32,699,Alfie Dorrington,DEF,Spurs,18,20,0,2025-04-13T13:00:00Z,0,0,0,0,0,0,0,0,0.0,0.0,0.0,0.0,0.0,0.0,0.0,0.0,0,40
2024-25,32,700,Maeson King,DEF,Spurs,18,20,0,2025-04-13T13:00:00Z,0,0,0,0,0,0,0,0,0.0,0.0,0.0,0.0,0.0,0.0,0.0,0.0,0,40
2024-25,32,701,Lewis Orford,MID,West Ham,19,12,0,2025-04-13T13:00:00Z,0,0,0,0,0,0,0,0,0.0,0.0,0.0,0.0,0.0,0.0,0.0,0.0,0,45
2024-25,32,702,Archie Harris,DEF,Bournemouth,3,9,1,2025-04-14T19:00:00Z,0,0,0,0,0,0,0,0,0.0,0.0,0.0,0.0,0.0,0.0,0.0,0.0,0,40
2024-25,32,703,Max Alleyne,DEF,Man City,13,7,1,2025-04-12T11:30:00Z,0,0,0,0,0,0,0,0,0.0,0.0,0.0,0.0,0.0,0.0,0.0,0.0,0,40
2024-25,32,704,Spike Brits,GK,Man City,13,7,1,2025-04-12T11:30:00Z,0,0,0,0,0,0,0,0,0.0,0.0,0.0,0.0,0.0,0.0,0.0,0.0,0,40
2024-25,32,705,Benjamin Arthur,DEF,Brentford,4,1,0,2025-04-12T16:30:00Z,0,0,0,0,0,0,0,0,0.0,0.0,0.0,0.0,0.0,0.0,0.0,0.0,0,40
2024-25,32,706,Zach Abbott,DEF,Nott'm Forest,16,8,1,2025-04-12T14:00:00Z,0,0,0,0,0,0,0,0,0.0,0.0,0.0,0.0,0.0,0.0,0.0,0.0,0,40
2024-25,32,707,Remy Rees-Dottin,FWD,Bournemouth,3,9,1,2025-04-14T19:00:00Z,0,0,0,0,0,0,0,0,0.0,0.0,0.0,0.0,0.0,0.0,0.0,0.0,0,45
2024-25,32,708,Thomas Wilson-Brown,DEF,Leicester,11,5,0,2025-04-12T14:00:00Z,0,0,0,0,0,0,0,0,0.0,0.0,0.0,0.0,0.0,0.0,0.0,0.0,0,40
2024-25,32,709,Jayden Danns,FWD,Liverpool,12,19,1,2025-04-13T13:00:00Z,0,0,0,0,0,0,0,0,0.0,0.0,0.0,0.0,0.0,0.0,0.0,0.0,0,45
2024-25,32,710,Jamaldeen Jimoh,MID,Aston Villa,2,17,0,2025-04-12T14:00:00Z,0,0,0,0,0,0,0,0,0.0,0.0,0.0,0.0,0.0,0.0,0.0,0.0,0,45
2024-25,32,711,Wes Okoduwa,DEF,Wolves,20,18,1,2025-04-13T13:00:00Z,0,0,0,0,0,0,0,0,0.0,0.0,0.0,0.0,0.0,0.0,0.0,0.0,0,40
2024-25,32,712,Matai Akinmboni,DEF,Bournemouth,3,9,1,2025-04-14T19:00:00Z,0,0,0,0,0,0,0,0,0.0,0.0,0.0,0.0,0.0,0.0,0.0,0.0,0,40
2024-25,32,713,Julio Soler,DEF,Bournemouth,3,9,1,2025-04-14T19:00:00Z,1,1,0,0,0,0,0,6,2.0,0.0,0.0,0.2,0.0,0.0,0.0,0.0,0,39
2024-25,32,714,Diego Gómez,MID,Brighton,5,11,1,2025-04-12T14:00:00Z,20,1,0,0,0,1,0,1,0.0,0.2,0.0,0.0,0.0,0.0,0.0,1.02,0,55
2024-25,32,715,Ben Godfrey,DEF,Ipswich,10,6,0,2025-04-13T13:00:00Z,0,0,0,0,0,0,0,0,0.0,0.0,0.0,0.0,0.0,0.0,0.0,0.0,0,40
2024-25,32,716,Antonín Kinsky,GK,Spurs,18,20,0,2025-04-13T13:00:00Z,0,0,0,0,0,0,0,0,0.0,0.0,0.0,0.0,0.0,0.0,0.0,0.0,0,42
2024-25,32,717,Min-Hyeok Yang,MID,Spurs,18,20,0,2025-04-13T13:00:00Z,0,0,0,0,0,0,0,0,0.0,0.0,0.0,0.0,0.0,0.0,0.0,0.0,0,45
2024-25,32,718,Welington Damascena Santos,DEF,Southampton,17,2,1,2025-04-12T14:00:00Z,0,0,0,0,0,0,0,0,0.0,0.0,0.0,0.0,0.0,0.0,0.0,0.0,0,40
2024-25,32,719,Joachim Kayi-Sanda,DEF,Southampton,17,2,1,2025-04-12T14:00:00Z,0,0,0,0,0,0,0,0,0.0,0.0,0.0,0.0,0.0,0.0,0.0,0.0,0,40
2024-25,32,720,Emmanuel Agbadou,DEF,Wolves,20,18,1,2025-04-13T13:00:00Z,90,1,0,0,0,2,0,13,25.6,3.3,4.0,3.3,0.07,0.01,0.08,1.96,1,40
2024-25,32,721,Wayne Hennessey,GK,Nott'm Forest,16,8,1,2025-04-12T14:00:00Z,0,0,0,0,0,0,0,0,0.0,0.0,0.0,0.0,0.0,0.0,0.0,0.0,0,40
2024-25,32,722,Daniel Adu-Adjei,FWD,Bournemouth,3,9,1,2025-04-14T19:00:00Z,0,0,0,0,0,0,0,0,0.0,0.0,0.0,0.0,0.0,0.0,0.0,0.0,0,45
2024-25,32,723,Dominic Sadi,MID,Bournemouth,3,9,1,2025-04-14T19:00:00Z,0,0,0,0,0,0,0,0,0.0,0.0,0.0,0.0,0.0,0.0,0.0,0.0,0,45
2024-25,32,724,Martin Sherif,FWD,Everton,8,16,0,2025-04-12T14:00:00Z,0,0,0,0,0,0,0,0,0.0,0.0,0.0,0.0,0.0,0.0,0.0,0.0,0,45
2024-25,32,725,Donyell Malen,MID,Aston Villa,2,17,0,2025-04-12T14:00:00Z,24,6,1,0,0,0,0,24,37.8,12.1,19.0,6.9,0.23,0.01,0.24,0.06,0,53
2024-25,32,726,Woyo Coulibaly,DEF,Leicester,11,5,0,2025-04-12T14:00:00Z,0,0,0,0,0,0,0,0,0.0,0.0,0.0,0.0,0.0,0.0,0.0,0.0,0,40
2024-25,32,727,Callan McKenna,GK,Bournemouth,3,9,1,2025-04-14T19:00:00Z,0,0,0,0,0,0,0,0,0.0,0.0,0.0,0.0,0.0,0.0,0.0,0.0,0,40
2024-25,32,728,Zain Silcott-Duberry,MID,Bournemouth,3,9,1,2025-04-14T19:00:00Z,0,0,0,0,0,0,0,0,0.0,0.0,0.0,0.0,0.0,0.0,0.0,0.0,0,45
2024-25,32,729,Damola Ajayi,MID,Spurs,18,20,0,2025-04-13T13:00:00Z,0,0,0,0,0,0,0,0,0.0,0.0,0.0,0.0,0.0,0.0,0.0,0.0,0,45
2024-25,32,730,Romain Esse,MID,Crystal Palace,7,15,0,2025-04-16T18:30:00Z,14,1,0,0,0,0,0,5,4.6,11.8,8.0,2.4,0.0,0.08,0.08,0.06,0,47
2024-25,32,731,Andrés García,DEF,Aston Villa,2,17,0,2025-04-12T14:00:00Z,5,1,0,0,0,0,0,4,4.0,1.1,0.0,0.5,0.0,0.0,0.0,0.06,0,45
2024-25,32,732,Abdukodir Khusanov,DEF,Man City,13,7,1,2025-04-12T11:30:00Z,0,0,0,0,0,0,0,0,0.0,0.0,0.0,0.0,0.0,0.0,0.0,0.0,0,50
2024-25,32,733,Vitor de Oliveira Nunes dos Reis,DEF,Man City,13,7,1,2025-04-12T11:30:00Z,0,0,0,0,0,0,0,0,0.0,0.0,0.0,0.0,0.0,0.0,0.0,0.0,0,45
2024-25,32,734,Albert Grønbæk,MID,Southampton,17,2,1,2025-04-12T14:00:00Z,0,0,0,0,0,0,0,0,0.0,0.0,0.0,0.0,0.0,0.0,0.0,0.0,0,49
2024-25,32,735,Mikel Arteta,AM,Arsenal,1,4,1,2025-04-12T16:30:00Z,0,4,0,0,0,0,0,0,0.0,0.0,0.0,0.0,0.0,0.0,0.0,0.0,0,15
2024-25,32,736,Pep Guardiola,AM,Man City,13,7,1,2025-04-12T11:30:00Z,0,11,0,0,0,0,0,0,0.0,0.0,0.0,0.0,0.0,0.0,0.0,0.0,0,15
2024-25,32,737,Unai Emery,AM,Aston Villa,2,17,0,2025-04-12T14:00:00Z,0,11,0,0,0,0,0,0,0.0,0.0,0.0,0.0,0.0,0.0,0.0,0.0,0,8
2024-25,32,738,Andoni Iraola,AM,Bournemouth,3,9,1,2025-04-14T19:00:00Z,0,9,0,0,0,0,0,0,0.0,0.0,0.0,0.0,0.0,0.0,0.0,0.0,0,11
2024-25,32,739,Fabian Hürzeler,AM,Brighton,5,11,1,2025-04-12T14:00:00Z,0,5,0,0,0,0,0,0,0.0,0.0,0.0,0.0,0.0,0.0,0.0,0.0,0,11
2024-25,32,740,Enzo Maresca,AM,Chelsea,6,10,1,2025-04-13T13:00:00Z,0,5,0,0,0,0,0,0,0.0,0.0,0.0,0.0,0.0,0.0,0.0,0.0,0,15
2024-25,32,741,Oliver Glasner,AM,Crystal Palace,7,15,0,2025-04-16T18:30:00Z,0,0,0,0,0,0,0,0,0.0,0.0,0.0,0.0,0.0,0.0,0.0,0.0,0,8
2024-25,32,742,David Moyes,AM,Everton,8,16,0,2025-04-12T14:00:00Z,0,19,0,0,0,0,0,0,0.0,0.0,0.0,0.0,0.0,0.0,0.0,0.0,0,5
2024-25,32,743,Kieran McKenna,AM,Ipswich,10,6,0,2025-04-13T13:00:00Z,0,10,0,0,0,0,0,0,0.0,0.0,0.0,0.0,0.0,0.0,0.0,0.0,0,5
2024-25,32,744,Arne Slot,AM,Liverpool,12,19,1,2025-04-13T13:00:00Z,0,8,0,0,0,0,0,0,0.0,0.0,0.0,0.0,0.0,0.0,0.0,0.0,0,15
2024-25,32,745,Ruben Filipe Marques Diogo Amorim,AM,Man Utd,14,15,0,2025-04-13T15:30:00Z,0,1,0,0,0,0,0,0,0.0,0.0,0.0,0.0,0.0,0.0,0.0,0.0,0,8
2024-25,32,746,Eddie Howe,AM,Newcastle,15,7,1,2025-04-16T18:30:00Z,0,13,0,0,0,0,0,0,0.0,0.0,0.0,0.0,0.0,0.0,0.0,0.0,0,15
2024-25,32,747,Nuno Herlander Simões Espírito Santo,AM,Nott'm Forest,16,8,1,2025-04-12T14:00:00Z,0,0,0,0,0,0,0,0,0.0,0.0,0.0,0.0,0.0,0.0,0.0,0.0,0,11
2024-25,32,748,Simon Rusk,AM,Southampton,17,2,1,2025-04-12T14:00:00Z,0,0,0,0,0,0,0,0,0.0,0.0,0.0,0.0,0.0,0.0,0.0,0.0,0,5
2024-25,32,749,Ange Postecoglou,AM,Spurs,18,20,0,2025-04-13T13:00:00Z,0,2,0,0,0,0,0,0,0.0,0.0,0.0,0.0,0.0,0.0,0.0,0.0,0,11
2024-25,32,750,Graham Potter,AM,West Ham,19,12,0,2025-04-13T13:00:00Z,0,1,0,0,0,0,0,0,0.0,0.0,0.0,0.0,0.0,0.0,0.0,0.0,0,5
2024-25,32,751,Vítor Manuel de Oliveira Lopes Pereira,AM,Wolves,20,18,1,2025-04-13T13:00:00Z,0,10,0,0,0,0,0,0,0.0,0.0,0.0,0.0,0.0,0.0,0.0,0.0,0,8
2024-25,32,752,Thomas Frank,AM,Brentford,4,1,0,2025-04-12T16:30:00Z,0,9,0,0,0,0,0,0,0.0,0.0,0.0,0.0,0.0,0.0,0.0,0.0,0,8
2024-25,32,753,Marco Alexandre Saraiva da Silva,AM,Fulham,9,3,0,2025-04-14T19:00:00Z,0,0,0,0,0,0,0,0,0.0,0.0,0.0,0.0,0.0,0.0,0.0,0.0,0,11
2024-25,32,754,Ruud van Nistelrooij,AM,Leicester,11,5,0,2025-04-12T14:00:00Z,0,10,0,0,0,0,0,0,0.0,0.0,0.0,0.0,0.0,0.0,0.0,0.0,0,5
2024-25,32,755,Omar Marmoush,FWD,Man City,13,7,1,2025-04-12T11:30:00Z,81,7,1,0,0,2,1,36,46.4,27.9,59.0,13.3,1.03,0.26,1.29,1.68,1,76
2024-25,32,756,Jack Porter,GK,Arsenal,1,4,1,2025-04-12T16:30:00Z,0,0,0,0,0,0,0,0,0.0,0.0,0.0,0.0,0.0,0.0,0.0,0.0,0,40
2024-25,32,757,Michael Kayode,DEF,Brentford,4,1,0,2025-04-12T16:30:00Z,21,1,0,0,0,0,0,5,6.6,0.5,2.0,0.9,0.0,0.07,0.07,0.26,0,45
2024-25,32,758,Joe Knight,MID,Brighton,5,11,1,2025-04-12T14:00:00Z,0,0,0,0,0,0,0,0,0.0,0.0,0.0,0.0,0.0,0.0,0.0,0.0,0,45
2024-25,32,759,Julian Eyestone,GK,Brentford,4,1,0,2025-04-12T16:30:00Z,0,0,0,0,0,0,0,0,0.0,0.0,0.0,0.0,0.0,0.0,0.0,0.0,0,40
2024-25,32,760,Dante Cassanova,DEF,Spurs,18,20,0,2025-04-13T13:00:00Z,0,0,0,0,0,0,0,0,0.0,0.0,0.0,0.0,0.0,0.0,0.0,0.0,0,40
2024-25,32,761,Elyh Harrison,GK,Man Utd,14,15,0,2025-04-13T15:30:00Z,0,0,0,0,0,0,0,0,0.0,0.0,0.0,0.0,0.0,0.0,0.0,0.0,0,40
2024-25,32,762,Marco Asensio,MID,Aston Villa,2,17,0,2025-04-12T14:00:00Z,90,2,0,1,1,0,0,5,21.4,31.3,52.0,10.5,1.64,0.4,2.04,0.31,1,62
2024-25,32,763,Eiran Cashin,DEF,Brighton,5,11,1,2025-04-12T14:00:00Z,0,0,0,0,0,0,0,0,0.0,0.0,0.0,0.0,0.0,0.0,0.0,0.0,0,45
2024-25,32,764,Alex Palmer,GK,Ipswich,10,6,0,2025-04-13T13:00:00Z,90,2,0,0,0,2,0,15,45.8,0.0,0.0,4.6,0.0,0.0,0.0,2.27,1,45
2024-25,32,765,Nico González,MID,Man City,13,7,1,2025-04-12T11:30:00Z,90,4,0,1,0,2,0,22,15.8,10.8,0.0,2.7,0.0,0.05,0.05,1.82,1,60
2024-25,32,766,Patrick Dorgu,DEF,Man Utd,14,15,0,2025-04-13T15:30:00Z,35,0,0,0,0,2,0,-9,4.6,11.4,0.0,1.6,0.0,0.01,0.01,0.93,0,45
2024-25,32,767,Kevin Danso,DEF,Spurs,18,20,0,2025-04-13T13:00:00Z,0,0,0,0,0,0,0,0,0.0,0.0,0.0,0.0,0.0,0.0,0.0,0.0,0,44
2024-25,32,768,Mathys Tel,MID,Spurs,18,20,0,2025-04-13T13:00:00Z,90,9,1,0,0,4,2,36,42.0,21.1,22.0,8.5,0.23,0.21,0.44,2.39,1,58
2024-25,32,769,Nasser Djiga,DEF,Wolves,20,18,1,2025-04-13T13:00:00Z,0,0,0,0,0,0,0,0,0.0,0.0,0.0,0.0,0.0,0.0,0.0,0.0,0,45
2024-25,32,770,Marshall Munetsi,MID,Wolves,20,18,1,2025-04-13T13:00:00Z,90,5,0,1,0,2,0,21,8.2,13.7,23.0,4.5,0.13,0.02,0.15,1.96,1,50
2024-25,32,771,Mathis Amougou,MID,Chelsea,6,10,1,2025-04-13T13:00:00Z,0,0,0,0,0,0,0,0,0.0,0.0,0.0,0.0,0.0,0.0,0.0,0.0,0,45
2024-25,32,772,Willian Borges da Silva,MID,Fulham,9,3,0,2025-04-14T19:00:00Z,5,1,0,0,0,0,0,3,2.8,1.3,0.0,0.4,0.0,0.05,0.05,0.0,0,50
2024-25,32,773,Isaac Heath,MID,Everton,8,16,0,2025-04-12T14:00:00Z,0,0,0,0,0,0,0,0,0.0,0.0,0.0,0.0,0.0,0.0,0.0,0.0,0,45
2024-25,32,774,Aaron Anselmino,DEF,Chelsea,6,10,1,2025-04-13T13:00:00Z,0,0,0,0,0,0,0,0,0.0,0.0,0.0,0.0,0.0,0.0,0.0,0.0,0,40
2024-25,32,775,Coby Ebere,MID,Everton,8,16,0,2025-04-12T14:00:00Z,0,0,0,0,0,0,0,0,0.0,0.0,0.0,0.0,0.0,0.0,0.0,0.0,0,45
2024-25,32,776,Chido Obi-Martin,FWD,Man Utd,14,15,0,2025-04-13T15:30:00Z,0,0,0,0,0,0,0,0,0.0,0.0,0.0,0.0,0.0,0.0,0.0,0.0,0,45
2024-25,32,777,Tyler Fredricson,DEF,Man Utd,14,15,0,2025-04-13T15:30:00Z,0,0,0,0,0,0,0,0,0.0,0.0,0.0,0.0,0.0,0.0,0.0,0.0,0,40
2024-25,32,778,Jack Moorhouse,MID,Man Utd,14,15,0,2025-04-13T15:30:00Z,0,0,0,0,0,0,0,0,0.0,0.0,0.0,0.0,0.0,0.0,0.0,0.0,0,45
2024-25,32,779,Sékou Koné,MID,Man Utd,14,15,0,2025-04-13T15:30:00Z,0,0,0,0,0,0,0,0,0.0,0.0,0.0,0.0,0.0,0.0,0.0,0.0,0,45
2024-25,32,780,Iwan Morgan,FWD,Brentford,4,1,0,2025-04-12T16:30:00Z,0,0,0,0,0,0,0,0,0.0,0.0,0.0,0.0,0.0,0.0,0.0,0.0,0,45
2024-25,32,781,Shumaira Mheuka,FWD,Chelsea,6,10,1,2025-04-13T13:00:00Z,0,0,0,0,0,0,0,0,0.0,0.0,0.0,0.0,0.0,0.0,0.0,0.0,0,45
2024-25,32,782,Ishé Samuels-Smith,DEF,Chelsea,6,10,1,2025-04-13T13:00:00Z,0,0,0,0,0,0,0,0,0.0,0.0,0.0,0.0,0.0,0.0,0.0,0.0,0,40
2024-25,32,783,Hubert Graczyk,GK,Man Utd,14,15,0,2025-04-13T15:30:00Z,0,0,0,0,0,0,0,0,0.0,0.0,0.0,0.0,0.0,0.0,0.0,0.0,0,40
2024-25,32,784,Mateus Mané,FWD,Wolves,20,18,1,2025-04-13T13:00:00Z,0,0,0,0,0,0,0,0,0.0,0.0,0.0,0.0,0.0,0.0,0.0,0.0,0,45
2024-25,32,785,Claudio Echeverri,MID,Man City,13,7,1,2025-04-12T11:30:00Z,0,0,0,0,0,0,0,0,0.0,0.0,0.0,0.0,0.0,0.0,0.0,0.0,0,59
2024-25,32,786,Benjamin Fredrick,DEF,Brentford,4,1,0,2025-04-12T16:30:00Z,0,0,0,0,0,0,0,0,0.0,0.0,0.0,0.0,0.0,0.0,0.0,0.0,0,40
2024-25,32,787,Genesis Antwi,DEF,Chelsea,6,10,1,2025-04-13T13:00:00Z,0,0,0,0,0,0,0,0,0.0,0.0,0.0,0.0,0.0,0.0,0.0,0.0,0,40
2024-25,32,788,Dermot Mee,GK,Man Utd,14,15,0,2025-04-13T15:30:00Z,0,0,0,0,0,0,0,0,0.0,0.0,0.0,0.0,0.0,0.0,0.0,0.0,0,40
2024-25,32,789,Sean Neave,FWD,Newcastle,15,7,1,2025-04-16T18:30:00Z,0,0,0,0,0,0,0,0,0.0,0.0,0.0,0.0,0.0,0.0,0.0,0.0,0,45
2024-25,32,790,Jimi Gower,MID,Arsenal,1,4,1,2025-04-12T16:30:00Z,0,0,0,0,0,0,0,0,0.0,0.0,0.0,0.0,0.0,0.0,0.0,0.0,0,45
2024-25,32,791,Charlie Tasker,DEF,Brighton,5,11,1,2025-04-12T14:00:00Z,0,0,0,0,0,0,0,0,0.0,0.0,0.0,0.0,0.0,0.0,0.0,0.0,0,40
2024-25,32,792,Jeremy Monga,MID,Leicester,11,5,0,2025-04-12T14:00:00Z,0,0,0,0,0,0,0,0,0.0,0.0,0.0,0.0,0.0,0.0,0.0,0.0,0,45
2024-25,32,793,Jack Henry-Francis,MID,Arsenal,1,4,1,2025-04-12T16:30:00Z,0,0,0,0,0,0,0,0,0.0,0.0,0.0,0.0,0.0,0.0,0.0,0.0,0,45
2024-25,32,794,Freddie Simmonds,DEF,Brighton,5,11,1,2025-04-12T14:00:00Z,0,0,0,0,0,0,0,0,0.0,0.0,0.0,0.0,0.0,0.0,0.0,0.0,0,40
2024-25,32,795,Harry Howell,MID,Brighton,5,11,1,2025-04-12T14:00:00Z,0,0,0,0,0,0,0,0,0.0,0.0,0.0,0.0,0.0,0.0,0.0,0.0,0,45
2024-25,32,796,Olabade Aluko,DEF,Leicester,11,5,0,2025-04-12T14:00:00Z,0,0,0,0,0,0,0,0,0.0,0.0,0.0,0.0,0.0,0.0,0.0,0.0,0,40
2024-25,32,797,Jake Evans,MID,Leicester,11,5,0,2025-04-12T14:00:00Z,1,1,0,0,0,0,0,3,0.0,0.0,0.0,0.0,0.0,0.0,0.0,0.0,0,45
2024-25,32,798,Jay Robinson,FWD,Southampton,17,2,1,2025-04-12T14:00:00Z,1,1,0,0,0,1,0,4,5.2,11.8,0.0,1.7,0.0,0.01,0.01,0.85,0,45
