season,gw,fixture,element,name,position,team,team_id,opponent_team,was_home,kickoff_time,minutes,total_points,goals_scored,assists,clean_sheets,goals_conceded,bonus,bps,influence,creativity,threat,ict_index,expected_goals,expected_assists,expected_goal_involvements,expected_goals_conceded,starts,value
2024-25,33,326,1,Fábio Ferreira Vieira,MID,Arsenal,1,10,0,2025-04-20T13:00:00Z,0,0,0,0,0,0,0,0,0.0,0.0,0.0,0.0,0.0,0.0,0.0,0.0,0,54
2024-25,33,331,1,Fábio Ferreira Vieira,MID,Arsenal,1,7,1,2025-04-23T19:00:00Z,0,0,0,0,0,0,0,0,0.0,0.0,0.0,0.0,0.0,0.0,0.0,0.0,0,54
2024-25,33,326,2,Gabriel Fernando de Jesus,FWD,Arsenal,1,10,0,2025-04-20T13:00:00Z,0,0,0,0,0,0,0,0,0.0,0.0,0.0,0.0,0.0,0.0,0.0,0.0,0,65
2024-25,33,331,2,Gabriel Fernando de Jesus,FWD,Arsenal,1,7,1,2025-04-23T19:00:00Z,0,0,0,0,0,0,0,0,0.0,0.0,0.0,0.0,0.0,0.0,0.0,0.0,0,65
2024-25,33,326,3,Gabriel dos Santos Magalhães,DEF,Arsenal,1,10,0,2025-04-20T13:00:00Z,0,0,0,0,0,0,0,0,0.0,0.0,0.0,0.0,0.0,0.0,0.0,0.0,0,62
2024-25,33,331,3,Gabriel dos Santos Magalhães,DEF,Arsenal,1,7,1,2025-04-23T19:00:00Z,0,0,0,0,0,0,0,0,0.0,0.0,0.0,0.0,0.0,0.0,0.0,0.0,0,62
2024-25,33,326,4,Kai Havertz,FWD,Arsenal,1,10,0,2025-04-20T13:00:00Z,0,0,0,0,0,0,0,0,0.0,0.0,0.0,0.0,0.0,0.0,0.0,0.0,0,77
2024-25,33,331,4,Kai Havertz,FWD,Arsenal,1,7,1,2025-04-23T19:00:00Z,0,0,0,0,0,0,0,0,0.0,0.0,0.0,0.0,0.0,0.0,0.0,0.0,0,77
2024-25,33,326,5,Karl Hein,GK,Arsenal,1,10,0,2025-04-20T13:00:00Z,0,0,0,0,0,0,0,0,0.0,0.0,0.0,0.0,0.0,0.0,0.0,0.0,0,40
2024-25,33,331,5,Karl Hein,GK,Arsenal,1,7,1,2025-04-23T19:00:00Z,0,0,0,0,0,0,0,0,0.0,0.0,0.0,0.0,0.0,0.0,0.0,0.0,0,40
2024-25,33,326,6,Jurriën Timber,DEF,Arsenal,1,10,0,2025-04-20T13:00:00Z,0,0,0,0,0,0,0,0,0.0,0.0,0.0,0.0,0.0,0.0,0.0,0.0,0,57
2024-25,33,331,6,Jurriën Timber,DEF,Arsenal,1,7,1,2025-04-23T19:00:00Z,90,4,0,1,0,2,0,16,24.8,15.1,0.0,4.0,0.0,0.07,0.07,1.75,1,57
2024-25,33,326,7,Jorge Luiz Frello Filho,MID,Arsenal,1,10,0,2025-04-20T13:00:00Z,0,0,0,0,0,0,0,0,0.0,0.0,0.0,0.0,0.0,0.0,0.0,0.0,0,46
2024-25,33,331,7,Jorge Luiz Frello Filho,MID,Arsenal,1,7,1,2025-04-23T19:00:00Z,0,0,0,0,0,0,0,0,0.0,0.0,0.0,0.0,0.0,0.0,0.0,0.0,0,46
2024-25,33,326,8,Jakub Kiwior,DEF,Arsenal,1,10,0,2025-04-20T13:00:00Z,90,6,0,0,1,0,0,28,10.8,5.0,2.0,1.8,0.0,0.02,0.02,0.17,1,48
2024-25,33,331,8,Jakub Kiwior,DEF,Arsenal,1,7,1,2025-04-23T19:00:00Z,90,7,1,0,0,2,0,25,67.0,5.1,17.0,8.9,0.04,0.06,0.1,1.75,1,48
2024-25,33,326,9,Gabriel Martinelli Silva,MID,Arsenal,1,10,0,2025-04-20T13:00:00Z,72,8,1,0,1,0,0,27,32.4,4.8,42.0,7.9,0.67,0.02,0.69,0.13,1,65
2024-25,33,331,9,Gabriel Martinelli Silva,MID,Arsenal,1,7,1,2025-04-23T19:00:00Z,90,2,0,0,0,2,0,11,4.4,13.1,19.0,3.7,0.04,0.21,0.25,1.75,1,65
2024-25,33,325,10,Reiss Nelson,MID,Fulham,9,6,1,2025-04-20T13:00:00Z,0,0,0,0,0,0,0,0,0.0,0.0,0.0,0.0,0.0,0.0,0.0,0.0,0,50
2024-25,33,323,11,Eddie Nketiah,FWD,Crystal Palace,7,3,1,2025-04-19T14:00:00Z,15,1,0,0,0,0,0,3,1.0,0.5,0.0,0.2,0.0,0.0,0.0,0.05,0,59
2024-25,33,331,11,Eddie Nketiah,FWD,Crystal Palace,7,1,0,2025-04-23T19:00:00Z,79,2,0,0,0,2,0,2,0.6,0.7,21.0,2.2,0.77,0.0,0.77,1.12,1,59
2024-25,33,326,12,Ethan Nwaneri,MID,Arsenal,1,10,0,2025-04-20T13:00:00Z,33,6,1,0,0,0,0,25,36.2,8.6,24.0,6.9,0.16,0.06,0.22,0.08,0,45
2024-25,33,331,12,Ethan Nwaneri,MID,Arsenal,1,7,1,2025-04-23T19:00:00Z,4,1,0,0,0,0,0,3,1.2,0.8,0.0,0.2,0.0,0.01,0.01,0.1,0,45
2024-25,33,326,13,Martin Ødegaard,MID,Arsenal,1,10,0,2025-04-20T13:00:00Z,90,6,0,1,1,0,0,29,40.6,76.0,55.0,17.2,0.09,0.48,0.57,0.17,1,82
2024-25,33,331,13,Martin Ødegaard,MID,Arsenal,1,7,1,2025-04-23T19:00:00Z,85,5,0,1,0,2,0,22,19.8,30.8,9.0,6.0,0.12,0.2,0.32,1.65,1,82
2024-25,33,330,14,Aaron Ramsdale,GK,Southampton,17,19,0,2025-04-19T14:00:00Z,90,3,0,0,0,1,0,11,27.4,0.1,0.0,2.8,0.0,0.01,0.01,0.91,1,44
2024-25,33,326,15,David Raya Martin,GK,Arsenal,1,10,0,2025-04-20T13:00:00Z,90,6,0,0,1,0,0,28,5.8,0.0,0.0,0.6,0.0,0.0,0.0,0.17,1,56
2024-25,33,331,15,David Raya Martin,GK,Arsenal,1,7,1,2025-04-23T19:00:00Z,90,1,0,0,0,2,0,11,18.6,0.0,0.0,1.9,0.0,0.0,0.0,1.75,1,56
2024-25,33,326,16,Declan Rice,MID,Arsenal,1,10,0,2025-04-20T13:00:00Z,72,7,0,1,1,0,1,31,35.6,41.3,8.0,8.5,0.0,0.16,0.16,0.13,1,62
2024-25,33,331,16,Declan Rice,MID,Arsenal,1,7,1,2025-04-23T19:00:00Z,90,1,0,0,0,2,0,1,3.0,20.1,13.0,3.6,0.09,0.07,0.16,1.75,1,62
2024-25,33,326,17,Bukayo Saka,MID,Arsenal,1,10,0,2025-04-20T13:00:00Z,56,1,0,0,0,0,0,9,3.6,60.3,28.0,9.2,0.52,0.87,1.39,0.09,1,105
2024-25,33,331,17,Bukayo Saka,MID,Arsenal,1,7,1,2025-04-23T19:00:00Z,30,1,0,0,0,1,0,1,5.2,13.1,17.0,3.5,0.16,0.02,0.18,0.56,0,105
2024-25,33,326,18,William Saliba,DEF,Arsenal,1,10,0,2025-04-20T13:00:00Z,90,6,0,0,1,0,0,26,20.2,4.4,0.0,2.5,0.0,0.04,0.04,0.17,1,66
2024-25,33,331,18,William Saliba,DEF,Arsenal,1,7,1,2025-04-23T19:00:00Z,90,1,0,0,0,2,0,5,30.6,5.1,5.0,4.1,0.27,0.02,0.29,1.75,1,66
2024-25,33,325,19,Emile Smith Rowe,MID,Fulham,9,6,1,2025-04-20T13:00:00Z,0,0,0,0,0,0,0,0,0.0,0.0,0.0,0.0,0.0,0.0,0.0,0.0,0,51
2024-25,33,326,20,Thomas Partey,MID,Arsenal,1,10,0,2025-04-20T13:00:00Z,0,0,0,0,0,0,0,0,0.0,0.0,0.0,0.0,0.0,0.0,0.0,0.0,0,49
2024-25,33,331,20,Thomas Partey,MID,Arsenal,1,7,1,2025-04-23T19:00:00Z,90,2,0,0,0,2,0,15,13.8,3.8,0.0,1.8,0.0,0.02,0.02,1.75,1,49
2024-25,33,326,21,Kieran Tierney,DEF,Arsenal,1,10,0,2025-04-20T13:00:00Z,17,1,0,0,0,0,0,3,0.2,1.7,0.0,0.2,0.0,0.0,0.0,0.04,0,43
2024-25,33,331,21,Kieran Tierney,DEF,Arsenal,1,7,1,2025-04-23T19:00:00Z,4,1,0,0,0,0,0,6,6.8,12.0,0.0,1.9,0.0,0.01,0.01,0.1,0,43
2024-25,33,326,22,Tomiyasu Takehiro,DEF,Arsenal,1,10,0,2025-04-20T13:00:00Z,0,0,0,0,0,0,0,0,0.0,0.0,0.0,0.0,0.0,0.0,0.0,0.0,0,48
2024-25,33,331,22,Tomiyasu Takehiro,DEF,Arsenal,1,7,1,2025-04-23T19:00:00Z,0,0,0,0,0,0,0,0,0.0,0.0,0.0,0.0,0.0,0.0,0.0,0.0,0,48
2024-25,33,326,23,Leandro Trossard,MID,Arsenal,1,10,0,2025-04-20T13:00:00Z,83,16,2,0,1,0,3,47,65.0,14.8,54.0,13.4,0.38,0.26,0.64,0.13,1,67
2024-25,33,331,23,Leandro Trossard,MID,Arsenal,1,7,1,2025-04-23T19:00:00Z,90,8,1,0,0,2,1,27,32.4,3.9,38.0,7.4,0.64,0.02,0.66,1.75,1,67
2024-25,33,326,24,Benjamin White,DEF,Arsenal,1,10,0,2025-04-20T13:00:00Z,90,6,0,0,1,0,0,27,21.4,39.5,15.0,7.6,0.02,0.1,0.12,0.17,1,61
2024-25,33,331,24,Benjamin White,DEF,Arsenal,1,7,1,2025-04-23T19:00:00Z,0,0,0,0,0,0,0,0,0.0,0.0,0.0,0.0,0.0,0.0,0.0,0.0,0,61
2024-25,33,326,25,Oleksandr Zinchenko,DEF,Arsenal,1,10,0,2025-04-20T13:00:00Z,90,11,0,1,1,0,2,32,28.2,21.2,10.0,5.9,0.1,0.11,0.21,0.17,1,48
2024-25,33,331,25,Oleksandr Zinchenko,DEF,Arsenal,1,7,1,2025-04-23T19:00:00Z,0,0,0,0,0,0,0,0,0.0,0.0,0.0,0.0,0.0,0.0,0.0,0.0,0,48
2024-25,33,329,26,Álex Moreno Lopera,DEF,Nott'm Forest,16,18,0,2025-04-21T19:00:00Z,0,0,0,0,0,0,0,0,0.0,0.0,0.0,0.0,0.0,0.0,0.0,0.0,0,42
2024-25,33,330,27,Cameron Archer,FWD,Southampton,17,19,0,2025-04-19T14:00:00Z,21,1,0,0,0,0,0,3,0.2,0.7,2.0,0.3,0.0,0.02,0.02,0.17,0,49
2024-25,33,321,28,Leon Bailey,MID,Aston Villa,2,15,1,2025-04-19T16:30:00Z,0,0,0,0,0,0,0,0,0.0,0.0,0.0,0.0,0.0,0.0,0.0,0.0,0,62
2024-25,33,336,28,Leon Bailey,MID,Aston Villa,2,13,0,2025-04-22T19:00:00Z,0,0,0,0,0,0,0,0,0.0,0.0,0.0,0.0,0.0,0.0,0.0,0.0,0,62
2024-25,33,321,29,Ross Barkley,MID,Aston Villa,2,15,1,2025-04-19T16:30:00Z,8,1,0,0,0,0,0,6,6.6,10.6,17.0,3.4,0.01,0.01,0.02,0.0,0,52
2024-25,33,336,29,Ross Barkley,MID,Aston Villa,2,13,0,2025-04-22T19:00:00Z,0,0,0,0,0,0,0,0,0.0,0.0,0.0,0.0,0.0,0.0,0.0,0.0,0,52
2024-25,33,321,30,Enzo Barrenechea,MID,Aston Villa,2,15,1,2025-04-19T16:30:00Z,0,0,0,0,0,0,0,0,0.0,0.0,0.0,0.0,0.0,0.0,0.0,0.0,0,49
2024-25,33,336,30,Enzo Barrenechea,MID,Aston Villa,2,13,0,2025-04-22T19:00:00Z,0,0,0,0,0,0,0,0,0.0,0.0,0.0,0.0,0.0,0.0,0.0,0.0,0,49
2024-25,33,321,31,Emiliano Buendía Stati,MID,Aston Villa,2,15,1,2025-04-19T16:30:00Z,0,0,0,0,0,0,0,0,0.0,0.0,0.0,0.0,0.0,0.0,0.0,0.0,0,51
2024-25,33,336,31,Emiliano Buendía Stati,MID,Aston Villa,2,13,0,2025-04-22T19:00:00Z,0,0,0,0,0,0,0,0,0.0,0.0,0.0,0.0,0.0,0.0,0.0,0.0,0,51
2024-25,33,321,32,Matty Cash,DEF,Aston Villa,2,15,1,2025-04-19T16:30:00Z,90,2,0,0,0,1,0,5,5.2,0.4,4.0,1.0,0.0,0.0,0.0,1.0,1,44
2024-25,33,336,32,Matty Cash,DEF,Aston Villa,2,13,0,2025-04-22T19:00:00Z,60,2,0,0,0,1,0,6,8.4,0.9,2.0,1.1,0.0,0.0,0.0,0.77,1,44
2024-25,33,321,33,Leander Dendoncker,MID,Aston Villa,2,15,1,2025-04-19T16:30:00Z,0,0,0,0,0,0,0,0,0.0,0.0,0.0,0.0,0.0,0.0,0.0,0.0,0,45
2024-25,33,336,33,Leander Dendoncker,MID,Aston Villa,2,13,0,2025-04-22T19:00:00Z,0,0,0,0,0,0,0,0,0.0,0.0,0.0,0.0,0.0,0.0,0.0,0.0,0,45
2024-25,33,321,34,Moussa Diaby,MID,Aston Villa,2,15,1,2025-04-19T16:30:00Z,0,0,0,0,0,0,0,0,0.0,0.0,0.0,0.0,0.0,0.0,0.0,0.0,0,65
2024-25,33,336,34,Moussa Diaby,MID,Aston Villa,2,13,0,2025-04-22T19:00:00Z,0,0,0,0,0,0,0,0,0.0,0.0,0.0,0.0,0.0,0.0,0.0,0.0,0,65
2024-25,33,321,35,Diego Carlos Santos Silva,DEF,Aston Villa,2,15,1,2025-04-19T16:30:00Z,0,0,0,0,0,0,0,0,0.0,0.0,0.0,0.0,0.0,0.0,0.0,0.0,0,45
2024-25,33,336,35,Diego Carlos Santos Silva,DEF,Aston Villa,2,13,0,2025-04-22T19:00:00Z,0,0,0,0,0,0,0,0,0.0,0.0,0.0,0.0,0.0,0.0,0.0,0.0,0,45
2024-25,33,321,36,Lucas Digne,DEF,Aston Villa,2,15,1,2025-04-19T16:30:00Z,0,0,0,0,0,0,0,0,0.0,0.0,0.0,0.0,0.0,0.0,0.0,0.0,0,45
2024-25,33,336,36,Lucas Digne,DEF,Aston Villa,2,13,0,2025-04-22T19:00:00Z,90,0,0,0,0,2,0,7,14.6,18.7,0.0,3.3,0.0,0.17,0.17,1.33,1,45
2024-25,33,321,37,Lewis Dobbin,MID,Aston Villa,2,15,1,2025-04-19T16:30:00Z,0,0,0,0,0,0,0,0,0.0,0.0,0.0,0.0,0.0,0.0,0.0,0.0,0,50
2024-25,33,336,37,Lewis Dobbin,MID,Aston Villa,2,13,0,2025-04-22T19:00:00Z,0,0,0,0,0,0,0,0,0.0,0.0,0.0,0.0,0.0,0.0,0.0,0.0,0,50
2024-25,33,321,38,Jhon Durán,FWD,Aston Villa,2,15,1,2025-04-19T16:30:00Z,0,0,0,0,0,0,0,0,0.0,0.0,0.0,0.0,0.0,0.0,0.0,0.0,0,57
2024-25,33,336,38,Jhon Durán,FWD,Aston Villa,2,13,0,2025-04-22T19:00:00Z,0,0,0,0,0,0,0,0,0.0,0.0,0.0,0.0,0.0,0.0,0.0,0.0,0,57
2024-25,33,321,39,Joe Gauci,GK,Aston Villa,2,15,1,2025-04-19T16:30:00Z,0,0,0,0,0,0,0,0,0.0,0.0,0.0,0.0,0.0,0.0,0.0,0.0,0,40
2024-25,33,336,39,Joe Gauci,GK,Aston Villa,2,13,0,2025-04-22T19:00:00Z,0,0,0,0,0,0,0,0,0.0,0.0,0.0,0.0,0.0,0.0,0.0,0.0,0,40
2024-25,33,321,40,Kortney Hause,DEF,Aston Villa,2,15,1,2025-04-19T16:30:00Z,0,0,0,0,0,0,0,0,0.0,0.0,0.0,0.0,0.0,0.0,0.0,0.0,0,39
2024-25,33,336,40,Kortney Hause,DEF,Aston Villa,2,13,0,2025-04-22T19:00:00Z,0,0,0,0,0,0,0,0,0.0,0.0,0.0,0.0,0.0,0.0,0.0,0.0,0,39
2024-25,33,321,41,Samuel Iling-Junior,MID,Aston Villa,2,15,1,2025-04-19T16:30:00Z,0,0,0,0,0,0,0,0,0.0,0.0,0.0,0.0,0.0,0.0,0.0,0.0,0,54
2024-25,33,336,41,Samuel Iling-Junior,MID,Aston Villa,2,13,0,2025-04-22T19:00:00Z,0,0,0,0,0,0,0,0,0.0,0.0,0.0,0.0,0.0,0.0,0.0,0.0,0,54
2024-25,33,321,42,Boubacar Kamara,MID,Aston Villa,2,15,1,2025-04-19T16:30:00Z,81,2,0,0,0,1,0,19,19.4,25.8,2.0,4.7,0.01,0.28,0.29,1.0,1,50
2024-25,33,336,42,Boubacar Kamara,MID,Aston Villa,2,13,0,2025-04-22T19:00:00Z,90,2,0,0,0,2,0,9,7.2,5.2,0.0,1.2,0.0,0.01,0.01,1.33,1,50
2024-25,33,321,43,Kaine Kesler-Hayden,DEF,Aston Villa,2,15,1,2025-04-19T16:30:00Z,0,0,0,0,0,0,0,0,0.0,0.0,0.0,0.0,0.0,0.0,0.0,0.0,0,40
2024-25,33,336,43,Kaine Kesler-Hayden,DEF,Aston Villa,2,13,0,2025-04-22T19:00:00Z,0,0,0,0,0,0,0,0,0.0,0.0,0.0,0.0,0.0,0.0,0.0,0.0,0,40
2024-25,33,321,44,Ezri Konsa Ngoyo,DEF,Aston Villa,2,15,1,2025-04-19T16:30:00Z,90,2,0,0,0,1,0,8,6.4,0.1,0.0,0.7,0.0,0.01,0.01,1.0,1,44
2024-25,33,336,44,Ezri Konsa Ngoyo,DEF,Aston Villa,2,13,0,2025-04-22T19:00:00Z,90,1,0,0,0,2,0,6,6.8,0.3,5.0,1.2,0.07,0.0,0.07,1.33,1,44
2024-25,33,321,45,Ian Maatsen,DEF,Aston Villa,2,15,1,2025-04-19T16:30:00Z,90,8,1,0,0,1,0,24,50.8,19.1,24.0,9.4,0.31,0.15,0.46,1.0,1,45
2024-25,33,336,45,Ian Maatsen,DEF,Aston Villa,2,13,0,2025-04-22T19:00:00Z,0,0,0,0,0,0,0,0,0.0,0.0,0.0,0.0,0.0,0.0,0.0,0.0,0,45
2024-25,33,321,46,Filip Marschall,GK,Aston Villa,2,15,1,2025-04-19T16:30:00Z,0,0,0,0,0,0,0,0,0.0,0.0,0.0,0.0,0.0,0.0,0.0,0.0,0,40
2024-25,33,336,46,Filip Marschall,GK,Aston Villa,2,13,0,2025-04-22T19:00:00Z,0,0,0,0,0,0,0,0,0.0,0.0,0.0,0.0,0.0,0.0,0.0,0.0,0,40
2024-25,33,321,47,Emiliano Martínez Romero,GK,Aston Villa,2,15,1,2025-04-19T16:30:00Z,90,2,0,0,0,1,0,9,17.8,10.0,0.0,2.8,0.0,0.0,0.0,1.0,1,50
2024-25,33,336,47,Emiliano Martínez Romero,GK,Aston Villa,2,13,0,2025-04-22T19:00:00Z,90,2,0,0,0,2,0,12,28.8,0.0,0.0,2.9,0.0,0.0,0.0,1.33,1,50
2024-25,33,321,48,John McGinn,MID,Aston Villa,2,15,1,2025-04-19T16:30:00Z,71,2,0,0,0,1,0,16,20.8,11.8,38.0,7.1,0.42,0.01,0.43,0.69,1,52
2024-25,33,336,48,John McGinn,MID,Aston Villa,2,13,0,2025-04-22T19:00:00Z,29,1,0,0,0,1,0,8,6.4,0.8,2.0,0.9,0.0,0.0,0.0,0.57,0,52
2024-25,33,321,49,Tyrone Mings,DEF,Aston Villa,2,15,1,2025-04-19T16:30:00Z,90,2,0,0,0,1,0,10,11.0,0.3,4.0,1.5,0.04,0.0,0.04,1.0,1,44
2024-25,33,336,49,Tyrone Mings,DEF,Aston Villa,2,13,0,2025-04-22T19:00:00Z,0,0,0,0,0,0,0,0,0.0,0.0,0.0,0.0,0.0,0.0,0.0,0.0,0,44
2024-25,33,321,50,Kosta Nedeljković,DEF,Aston Villa,2,15,1,2025-04-19T16:30:00Z,0,0,0,0,0,0,0,0,0.0,0.0,0.0,0.0,0.0,0.0,0.0,0.0,0,39
2024-25,33,336,50,Kosta Nedeljković,DEF,Aston Villa,2,13,0,2025-04-22T19:00:00Z,0,0,0,0,0,0,0,0,0.0,0.0,0.0,0.0,0.0,0.0,0.0,0.0,0,39
2024-25,33,321,51,Robin Olsen,GK,Aston Villa,2,15,1,2025-04-19T16:30:00Z,0,0,0,0,0,0,0,0,0.0,0.0,0.0,0.0,0.0,0.0,0.0,0.0,0,45
2024-25,33,336,51,Robin Olsen,GK,Aston Villa,2,13,0,2025-04-22T19:00:00Z,0,0,0,0,0,0,0,0,0.0,0.0,0.0,0.0,0.0,0.0,0.0,0.0,0,45
2024-25,33,321,52,Pau Torres,DEF,Aston Villa,2,15,1,2025-04-19T16:30:00Z,0,0,0,0,0,0,0,0,0.0,0.0,0.0,0.0,0.0,0.0,0.0,0.0,0,42
2024-25,33,336,52,Pau Torres,DEF,Aston Villa,2,13,0,2025-04-22T19:00:00Z,90,1,0,0,0,2,0,7,10.0,10.7,4.0,2.5,0.0,0.01,0.01,1.33,1,42
2024-25,33,321,53,Jacob Ramsey,MID,Aston Villa,2,15,1,2025-04-19T16:30:00Z,18,0,0,0,0,0,0,1,0.0,3.9,8.0,1.0,0.08,0.04,0.12,0.31,0,54
2024-25,33,336,53,Jacob Ramsey,MID,Aston Villa,2,13,0,2025-04-22T19:00:00Z,60,5,0,1,0,1,0,17,6.2,1.3,6.0,1.4,0.0,0.01,0.01,0.77,1,54
2024-25,33,321,54,Morgan Rogers,MID,Aston Villa,2,15,1,2025-04-19T16:30:00Z,81,6,0,1,0,1,1,25,39.0,25.9,48.0,11.3,0.32,0.14,0.46,1.0,1,57
2024-25,33,336,54,Morgan Rogers,MID,Aston Villa,2,13,0,2025-04-22T19:00:00Z,85,1,0,0,0,1,0,7,7.0,15.1,4.0,2.6,0.0,0.11,0.11,0.91,1,57
2024-25,33,321,55,Viljami Sinisalo,GK,Aston Villa,2,15,1,2025-04-19T16:30:00Z,0,0,0,0,0,0,0,0,0.0,0.0,0.0,0.0,0.0,0.0,0.0,0.0,0,40
2024-25,33,336,55,Viljami Sinisalo,GK,Aston Villa,2,13,0,2025-04-22T19:00:00Z,0,0,0,0,0,0,0,0,0.0,0.0,0.0,0.0,0.0,0.0,0.0,0.0,0,40
2024-25,33,321,56,Lino da Cruz Sousa,DEF,Aston Villa,2,15,1,2025-04-19T16:30:00Z,0,0,0,0,0,0,0,0,0.0,0.0,0.0,0.0,0.0,0.0,0.0,0.0,0,40
2024-25,33,336,56,Lino da Cruz Sousa,DEF,Aston Villa,2,13,0,2025-04-22T19:00:00Z,0,0,0,0,0,0,0,0,0.0,0.0,0.0,0.0,0.0,0.0,0.0,0.0,0,40
2024-25,33,321,57,Youri Tielemans,MID,Aston Villa,2,15,1,2025-04-19T16:30:00Z,90,7,0,1,0,1,2,37,35.6,44.8,7.0,8.7,0.08,0.13,0.21,1.0,1,55
2024-25,33,336,57,Youri Tielemans,MID,Aston Villa,2,13,0,2025-04-22T19:00:00Z,90,2,0,0,0,2,0,10,9.2,10.7,8.0,2.8,0.0,0.01,0.01,1.33,1,55
2024-25,33,321,58,Ollie Watkins,FWD,Aston Villa,2,15,1,2025-04-19T16:30:00Z,82,12,1,1,0,1,3,40,47.6,22.8,44.0,11.4,0.44,0.07,0.51,1.0,1,89
2024-25,33,336,58,Ollie Watkins,FWD,Aston Villa,2,13,0,2025-04-22T19:00:00Z,14,0,0,0,0,1,0,-3,0.0,0.8,2.0,0.1,0.0,0.01,0.01,0.42,0,89
2024-25,33,323,59,Max Aarons,DEF,Bournemouth,3,7,0,2025-04-19T14:00:00Z,0,0,0,0,0,0,0,0,0.0,0.0,0.0,0.0,0.0,0.0,0.0,0.0,0,43
2024-25,33,323,60,Tyler Adams,MID,Bournemouth,3,7,0,2025-04-19T14:00:00Z,60,2,0,0,1,0,0,9,3.2,12.9,0.0,1.6,0.0,0.01,0.01,0.13,1,49
2024-25,33,323,61,Jaidon Anthony,MID,Bournemouth,3,7,0,2025-04-19T14:00:00Z,0,0,0,0,0,0,0,0,0.0,0.0,0.0,0.0,0.0,0.0,0.0,0.0,0,45
2024-25,33,323,62,David Brooks,MID,Bournemouth,3,7,0,2025-04-19T14:00:00Z,21,1,0,0,0,0,0,5,2.4,13.4,0.0,1.6,0.0,0.04,0.04,0.2,0,49
2024-25,33,323,63,Ryan Christie,MID,Bournemouth,3,7,0,2025-04-19T14:00:00Z,0,0,0,0,0,0,0,0,0.0,0.0,0.0,0.0,0.0,0.0,0.0,0.0,0,49
2024-25,33,323,64,Lewis Cook,MID,Bournemouth,3,7,0,2025-04-19T14:00:00Z,45,1,0,0,0,0,0,5,9.8,2.8,0.0,1.3,0.0,0.02,0.02,0.24,0,50
2024-25,33,323,65,Enes Ünal,FWD,Bournemouth,3,7,0,2025-04-19T14:00:00Z,0,0,0,0,0,0,0,0,0.0,0.0,0.0,0.0,0.0,0.0,0.0,0.0,0,54
2024-25,33,323,66,Romain Faivre,MID,Bournemouth,3,7,0,2025-04-19T14:00:00Z,0,0,0,0,0,0,0,0,0.0,0.0,0.0,0.0,0.0,0.0,0.0,0.0,0,50
2024-25,33,323,67,Hamed Traorè,MID,Bournemouth,3,7,0,2025-04-19T14:00:00Z,0,0,0,0,0,0,0,0,0.0,0.0,0.0,0.0,0.0,0.0,0.0,0.0,0,45
2024-25,33,323,68,James Hill,DEF,Bournemouth,3,7,0,2025-04-19T14:00:00Z,0,0,0,0,0,0,0,0,0.0,0.0,0.0,0.0,0.0,0.0,0.0,0.0,0,39
2024-25,33,323,69,Daniel Jebbison,FWD,Bournemouth,3,7,0,2025-04-19T14:00:00Z,0,0,0,0,0,0,0,0,0.0,0.0,0.0,0.0,0.0,0.0,0.0,0.0,0,45
2024-25,33,323,70,Milos Kerkez,DEF,Bournemouth,3,7,0,2025-04-19T14:00:00Z,90,8,0,0,1,0,2,30,19.0,45.2,4.0,6.8,0.0,0.07,0.07,0.37,1,53
2024-25,33,323,71,Justin Kluivert,MID,Bournemouth,3,7,0,2025-04-19T14:00:00Z,90,2,0,0,1,0,0,13,12.2,26.0,6.0,4.4,0.0,0.19,0.19,0.37,1,60
2024-25,33,323,72,Chris Mepham,DEF,Bournemouth,3,7,0,2025-04-19T14:00:00Z,0,0,0,0,0,0,0,0,0.0,0.0,0.0,0.0,0.0,0.0,0.0,0.0,0,44
2024-25,33,326,73,Norberto Murara Neto,GK,Arsenal,1,10,0,2025-04-20T13:00:00Z,0,0,0,0,0,0,0,0,0.0,0.0,0.0,0.0,0.0,0.0,0.0,0.0,0,41
2024-25,33,331,73,Norberto Murara Neto,GK,Arsenal,1,7,1,2025-04-23T19:00:00Z,0,0,0,0,0,0,0,0,0.0,0.0,0.0,0.0,0.0,0.0,0.0,0.0,0,41
2024-25,33,323,74,Dango Ouattara,MID,Bournemouth,3,7,0,2025-04-19T14:00:00Z,68,2,0,0,1,0,0,14,15.8,11.5,57.0,8.4,0.24,0.01,0.25,0.17,1,47
2024-25,33,323,75,Alex Paulsen,GK,Bournemouth,3,7,0,2025-04-19T14:00:00Z,0,0,0,0,0,0,0,0,0.0,0.0,0.0,0.0,0.0,0.0,0.0,0.0,0,40
2024-25,33,323,76,Philip Billing,MID,Bournemouth,3,7,0,2025-04-19T14:00:00Z,0,0,0,0,0,0,0,0,0.0,0.0,0.0,0.0,0.0,0.0,0.0,0.0,0,48
2024-25,33,323,77,Alex Scott,MID,Bournemouth,3,7,0,2025-04-19T14:00:00Z,45,0,0,0,0,0,0,2,5.6,0.7,4.0,1.0,0.03,0.0,0.03,0.13,1,47
2024-25,33,323,78,Antoine Semenyo,MID,Bournemouth,3,7,0,2025-04-19T14:00:00Z,90,3,0,0,1,0,0,17,13.2,35.3,12.0,6.1,0.12,0.11,0.23,0.37,1,57
2024-25,33,323,79,Marcos Senesi,DEF,Bournemouth,3,7,0,2025-04-19T14:00:00Z,0,0,0,0,0,0,0,0,0.0,0.0,0.0,0.0,0.0,0.0,0.0,0.0,0,46
2024-25,33,323,80,Luis Sinisterra,MID,Bournemouth,3,7,0,2025-04-19T14:00:00Z,0,0,0,0,0,0,0,0,0.0,0.0,0.0,0.0,0.0,0.0,0.0,0.0,0,48
2024-25,33,323,81,Adam Smith,DEF,Bournemouth,3,7,0,2025-04-19T14:00:00Z,83,6,0,0,1,0,0,25,6.6,18.8,12.0,3.7,0.05,0.07,0.12,0.37,1,44
2024-25,33,329,82,Dominic Solanke-Mitchell,FWD,Spurs,18,16,1,2025-04-21T19:00:00Z,23,1,0,0,0,0,0,2,0.0,1.5,4.0,0.6,0.0,0.0,0.0,0.0,0,73
2024-25,33,323,83,Marcus Tavernier,MID,Bournemouth,3,7,0,2025-04-19T14:00:00Z,29,1,0,0,0,0,0,3,1.0,4.3,6.0,1.1,0.04,0.04,0.08,0.24,0,54
2024-25,33,323,84,Mark Travers,GK,Bournemouth,3,7,0,2025-04-19T14:00:00Z,0,0,0,0,0,0,0,0,0.0,0.0,0.0,0.0,0.0,0.0,0.0,0.0,0,44
2024-25,33,323,85,Illia Zabarnyi,DEF,Bournemouth,3,7,0,2025-04-19T14:00:00Z,90,9,0,0,1,0,3,33,30.2,16.8,0.0,4.7,0.0,0.05,0.05,0.37,1,44
2024-25,33,322,86,Kristoffer Ajer,DEF,Brentford,4,5,1,2025-04-19T14:00:00Z,24,1,0,0,0,1,0,-1,9.0,11.0,0.0,2.0,0.0,0.01,0.01,0.85,0,44
2024-25,33,322,87,Ethan Brierley,MID,Brentford,4,5,1,2025-04-19T14:00:00Z,0,0,0,0,0,0,0,0,0.0,0.0,0.0,0.0,0.0,0.0,0.0,0.0,0,44
2024-25,33,322,88,Nathan Collins,DEF,Brentford,4,5,1,2025-04-19T14:00:00Z,90,0,0,0,0,2,0,2,17.8,10.8,39.0,6.8,0.15,0.0,0.15,1.43,1,45
2024-25,33,322,89,Mikkel Damsgaard,MID,Brentford,4,5,1,2025-04-19T14:00:00Z,86,2,0,0,0,2,0,9,3.8,7.3,8.0,1.9,0.0,0.23,0.23,1.36,1,50
2024-25,33,322,90,Josh Dasilva,MID,Brentford,4,5,1,2025-04-19T14:00:00Z,0,0,0,0,0,0,0,0,0.0,0.0,0.0,0.0,0.0,0.0,0.0,0.0,0,48
2024-25,33,322,91,Mark Flekken,GK,Brentford,4,5,1,2025-04-19T14:00:00Z,90,1,0,0,0,2,0,5,17.4,0.0,0.0,1.7,0.0,0.0,0.0,1.43,1,44
2024-25,33,322,92,Rico Henry,DEF,Brentford,4,5,1,2025-04-19T14:00:00Z,14,1,0,0,0,1,0,-2,0.4,0.2,0.0,0.1,0.0,0.0,0.0,0.85,0,43
2024-25,33,322,93,Aaron Hickey,DEF,Brentford,4,5,1,2025-04-19T14:00:00Z,0,0,0,0,0,0,0,0,0.0,0.0,0.0,0.0,0.0,0.0,0.0,0.0,0,43
2024-25,33,322,94,Vitaly Janelt,MID,Brentford,4,5,1,2025-04-19T14:00:00Z,3,1,0,0,0,0,0,6,6.0,14.3,2.0,2.2,0.0,0.04,0.04,0.07,0,48
2024-25,33,322,95,Mathias Jensen,MID,Brentford,4,5,1,2025-04-19T14:00:00Z,14,3,0,1,0,1,0,16,27.4,14.9,0.0,4.2,0.0,0.14,0.14,0.85,0,53
2024-25,33,322,96,Kim Ji-soo,DEF,Brentford,4,5,1,2025-04-19T14:00:00Z,0,0,0,0,0,0,0,0,0.0,0.0,0.0,0.0,0.0,0.0,0.0,0.0,0,39
2024-25,33,322,97,Yunus Emre Konak,MID,Brentford,4,5,1,2025-04-19T14:00:00Z,19,1,0,0,0,0,0,2,0.0,0.5,0.0,0.0,0.0,0.0,0.0,0.07,0,44
2024-25,33,322,98,Keane Lewis-Potter,MID,Brentford,4,5,1,2025-04-19T14:00:00Z,75,5,0,1,0,1,0,25,24.2,14.5,0.0,3.9,0.0,0.16,0.16,0.59,1,50
2024-25,33,322,99,Bryan Mbeumo,MID,Brentford,4,5,1,2025-04-19T14:00:00Z,90,18,2,1,0,2,3,86,115.0,94.8,53.0,26.3,0.6,0.62,1.22,1.43,1,79
2024-25,33,322,100,Ben Mee,DEF,Brentford,4,5,1,2025-04-19T14:00:00Z,0,0,0,0,0,0,0,0,0.0,0.0,0.0,0.0,0.0,0.0,0.0,0.0,0,42
2024-25,33,322,101,Christian Nørgaard,MID,Brentford,4,5,1,2025-04-19T14:00:00Z,90,7,1,0,0,2,0,33,40.4,3.6,26.0,7.0,0.44,0.03,0.47,1.43,1,48
2024-25,33,322,102,Frank Onyeka,MID,Brentford,4,5,1,2025-04-19T14:00:00Z,0,0,0,0,0,0,0,0,0.0,0.0,0.0,0.0,0.0,0.0,0.0,0.0,0,49
2024-25,33,322,103,Myles Peart-Harris,MID,Brentford,4,5,1,2025-04-19T14:00:00Z,0,0,0,0,0,0,0,0,0.0,0.0,0.0,0.0,0.0,0.0,0.0,0.0,0,45
2024-25,33,322,104,Ethan Pinnock,DEF,Brentford,4,5,1,2025-04-19T14:00:00Z,0,0,0,0,0,0,0,0,0.0,0.0,0.0,0.0,0.0,0.0,0.0,0.0,0,44
2024-25,33,322,105,Mads Roerslev Rasmussen,DEF,Brentford,4,5,1,2025-04-19T14:00:00Z,0,0,0,0,0,0,0,0,0.0,0.0,0.0,0.0,0.0,0.0,0.0,0.0,0,43
2024-25,33,322,106,Kevin Schade,MID,Brentford,4,5,1,2025-04-19T14:00:00Z,86,2,0,0,0,2,0,10,7.2,15.8,35.0,5.8,0.35,0.1,0.45,1.36,1,51
2024-25,33,322,107,Igor Thiago Nascimento Rodrigues,FWD,Brentford,4,5,1,2025-04-19T14:00:00Z,0,0,0,0,0,0,0,0,0.0,0.0,0.0,0.0,0.0,0.0,0.0,0.0,0,59
2024-25,33,322,108,Ivan Toney,FWD,Brentford,4,5,1,2025-04-19T14:00:00Z,0,0,0,0,0,0,0,0,0.0,0.0,0.0,0.0,0.0,0.0,0.0,0.0,0,73
2024-25,33,322,109,Hákon Valdimarsson,GK,Brentford,4,5,1,2025-04-19T14:00:00Z,0,0,0,0,0,0,0,0,0.0,0.0,0.0,0.0,0.0,0.0,0.0,0.0,0,39
2024-25,33,322,110,Yoane Wissa,FWD,Brentford,4,5,1,2025-04-19T14:00:00Z,90,11,1,1,0,2,2,40,56.4,11.3,73.0,14.1,0.6,0.03,0.63,1.43,1,65
2024-25,33,322,111,Yehor Yarmoliuk,MID,Brentford,4,5,1,2025-04-19T14:00:00Z,75,2,0,0,0,1,0,13,11.0,6.2,2.0,1.9,0.0,0.02,0.02,0.59,1,43
2024-25,33,322,112,Mathias Jorgensen,DEF,Brentford,4,5,1,2025-04-19T14:00:00Z,0,0,0,0,0,0,0,0,0.0,0.0,0.0,0.0,0.0,0.0,0.0,0.0,0,45
2024-25,33,322,113,Simon Adingra,MID,Brighton,5,4,0,2025-04-19T14:00:00Z,1,1,0,0,0,1,0,3,1.0,0.1,0.0,0.1,0.0,0.0,0.0,0.3,0,51
2024-25,33,322,114,Benicio Baker-Boaitey,MID,Brighton,5,4,0,2025-04-19T14:00:00Z,0,0,0,0,0,0,0,0,0.0,0.0,0.0,0.0,0.0,0.0,0.0,0.0,0,45
2024-25,33,322,115,Carlos Baleba,MID,Brighton,5,4,0,2025-04-19T14:00:00Z,76,2,0,0,0,3,0,14,9.2,2.6,0.0,1.2,0.0,0.03,0.03,1.88,1,50
2024-25,33,322,116,Valentín Barco,DEF,Brighton,5,4,0,2025-04-19T14:00:00Z,0,0,0,0,0,0,0,0,0.0,0.0,0.0,0.0,0.0,0.0,0.0,0.0,0,40
2024-25,33,327,117,Facundo Buonanotte,MID,Leicester,11,12,1,2025-04-20T15:30:00Z,29,1,0,0,0,1,0,3,4.8,13.7,7.0,2.6,0.17,0.04,0.21,0.96,0,45
2024-25,33,322,118,Amario Cozier-Duberry,MID,Brighton,5,4,0,2025-04-19T14:00:00Z,0,0,0,0,0,0,0,0,0.0,0.0,0.0,0.0,0.0,0.0,0.0,0.0,0,45
2024-25,33,322,119,Mahmoud Dahoud,MID,Brighton,5,4,0,2025-04-19T14:00:00Z,0,0,0,0,0,0,0,0,0.0,0.0,0.0,0.0,0.0,0.0,0.0,0.0,0,49
2024-25,33,322,120,Lewis Dunk,DEF,Brighton,5,4,0,2025-04-19T14:00:00Z,90,0,0,0,0,4,0,-2,21.2,3.1,2.0,2.6,0.0,0.05,0.05,2.17,1,42
2024-25,33,326,121,Julio Enciso,MID,Ipswich,10,1,1,2025-04-20T13:00:00Z,45,1,0,0,0,2,0,5,9.4,1.5,2.0,1.3,0.02,0.01,0.03,1.86,1,54
2024-25,33,322,122,Pervis Estupiñán,DEF,Brighton,5,4,0,2025-04-19T14:00:00Z,90,-1,0,0,0,4,0,-5,13.8,14.4,4.0,3.2,0.0,0.2,0.2,2.17,1,49
2024-25,33,330,123,Evan Ferguson,FWD,West Ham,19,17,1,2025-04-19T14:00:00Z,4,1,0,0,0,1,0,3,0.0,0.1,0.0,0.0,0.0,0.0,0.0,0.14,0,55
2024-25,33,322,124,Billy Gilmour,MID,Brighton,5,4,0,2025-04-19T14:00:00Z,0,0,0,0,0,0,0,0,0.0,0.0,0.0,0.0,0.0,0.0,0.0,0.0,0,50
2024-25,33,322,125,Pascal Groß,MID,Brighton,5,4,0,2025-04-19T14:00:00Z,0,0,0,0,0,0,0,0,0.0,0.0,0.0,0.0,0.0,0.0,0.0,0.0,0,65
2024-25,33,322,126,Jack Hinshelwood,MID,Brighton,5,4,0,2025-04-19T14:00:00Z,90,5,0,1,0,4,0,28,26.6,16.8,17.0,6.0,0.05,0.01,0.06,2.17,1,49
2024-25,33,322,127,Ibrahim Osman,MID,Brighton,5,4,0,2025-04-19T14:00:00Z,0,0,0,0,0,0,0,0,0.0,0.0,0.0,0.0,0.0,0.0,0.0,0.0,0,50
2024-25,33,322,128,Igor Julio dos Santos de Paulo,DEF,Brighton,5,4,0,2025-04-19T14:00:00Z,0,0,0,0,0,0,0,0,0.0,0.0,0.0,0.0,0.0,0.0,0.0,0.0,0,43
2024-25,33,322,129,João Pedro Junqueira de Jesus,FWD,Brighton,5,4,0,2025-04-19T14:00:00Z,60,-1,0,0,0,4,0,-6,1.4,17.0,9.0,2.7,0.03,0.2,0.23,1.58,1,56
2024-25,33,322,130,Kacper Kozłowski,MID,Brighton,5,4,0,2025-04-19T14:00:00Z,0,0,0,0,0,0,0,0,0.0,0.0,0.0,0.0,0.0,0.0,0.0,0.0,0,45
2024-25,33,322,131,Tariq Lamptey,DEF,Brighton,5,4,0,2025-04-19T14:00:00Z,0,0,0,0,0,0,0,0,0.0,0.0,0.0,0.0,0.0,0.0,0.0,0.0,0,44
2024-25,33,322,132,Solly March,MID,Brighton,5,4,0,2025-04-19T14:00:00Z,25,1,0,0,0,1,0,1,1.2,1.6,0.0,0.3,0.0,0.01,0.01,0.32,0,65
2024-25,33,322,133,Adrian Mazilu,MID,Brighton,5,4,0,2025-04-19T14:00:00Z,0,0,0,0,0,0,0,0,0.0,0.0,0.0,0.0,0.0,0.0,0.0,0.0,0,45
2024-25,33,322,134,James Milner,MID,Brighton,5,4,0,2025-04-19T14:00:00Z,0,0,0,0,0,0,0,0,0.0,0.0,0.0,0.0,0.0,0.0,0.0,0.0,0,50
2024-25,33,322,135,Yankuba Minteh,MID,Brighton,5,4,0,2025-04-19T14:00:00Z,64,2,0,0,0,3,0,5,3.0,4.8,13.0,2.1,0.18,0.06,0.24,1.86,1,49
2024-25,33,322,136,Mitoma Kaoru,MID,Brighton,5,4,0,2025-04-19T14:00:00Z,25,6,1,0,0,1,0,17,29.6,1.4,22.0,5.3,0.71,0.01,0.72,0.32,0,64
2024-25,33,322,137,Jakub Moder,MID,Brighton,5,4,0,2025-04-19T14:00:00Z,0,0,0,0,0,0,0,0,0.0,0.0,0.0,0.0,0.0,0.0,0.0,0.0,0,44
2024-25,33,322,138,Mark O’Mahony,FWD,Brighton,5,4,0,2025-04-19T14:00:00Z,0,0,0,0,0,0,0,0,0.0,0.0,0.0,0.0,0.0,0.0,0.0,0.0,0,45
2024-25,33,322,139,Odeluga Offiah,DEF,Brighton,5,4,0,2025-04-19T14:00:00Z,0,0,0,0,0,0,0,0,0.0,0.0,0.0,0.0,0.0,0.0,0.0,0.0,0,40
2024-25,33,322,140,Cameron Peupion,MID,Brighton,5,4,0,2025-04-19T14:00:00Z,0,0,0,0,0,0,0,0,0.0,0.0,0.0,0.0,0.0,0.0,0.0,0.0,0,44
2024-25,33,322,141,Jeremy Sarmiento Morante,MID,Brighton,5,4,0,2025-04-19T14:00:00Z,0,0,0,0,0,0,0,0,0.0,0.0,0.0,0.0,0.0,0.0,0.0,0.0,0,49
2024-25,33,322,142,Jason Steele,GK,Brighton,5,4,0,2025-04-19T14:00:00Z,0,0,0,0,0,0,0,0,0.0,0.0,0.0,0.0,0.0,0.0,0.0,0.0,0,40
2024-25,33,322,143,Deniz Undav,FWD,Brighton,5,4,0,2025-04-19T14:00:00Z,0,0,0,0,0,0,0,0,0.0,0.0,0.0,0.0,0.0,0.0,0.0,0.0,0,55
2024-25,33,322,144,Jan Paul van Hecke,DEF,Brighton,5,4,0,2025-04-19T14:00:00Z,90,-1,0,0,0,4,0,-4,16.0,3.6,4.0,2.4,0.0,0.05,0.05,2.17,1,45
2024-25,33,322,145,Joël Veltman,DEF,Brighton,5,4,0,2025-04-19T14:00:00Z,0,0,0,0,0,0,0,0,0.0,0.0,0.0,0.0,0.0,0.0,0.0,0.0,0,43
2024-25,33,322,146,Bart Verbruggen,GK,Brighton,5,4,0,2025-04-19T14:00:00Z,90,1,0,0,0,4,0,-1,33.4,0.0,0.0,3.3,0.0,0.0,0.0,2.17,1,46
2024-25,33,322,147,Adam Webster,DEF,Brighton,5,4,0,2025-04-19T14:00:00Z,0,0,0,0,0,0,0,0,0.0,0.0,0.0,0.0,0.0,0.0,0.0,0.0,0,43
2024-25,33,322,148,Danny Welbeck,FWD,Brighton,5,4,0,2025-04-19T14:00:00Z,76,5,1,0,0,3,0,28,38.0,14.6,34.0,8.7,0.22,0.06,0.28,1.88,1,55
2024-25,33,322,149,Mats Wieffer,MID,Brighton,5,4,0,2025-04-19T14:00:00Z,88,6,0,1,0,3,1,35,42.2,32.0,8.0,8.2,0.0,0.33,0.33,1.88,1,47
2024-25,33,325,150,Andrey Nascimento dos Santos,MID,Chelsea,6,9,0,2025-04-20T13:00:00Z,0,0,0,0,0,0,0,0,0.0,0.0,0.0,0.0,0.0,0.0,0.0,0.0,0,45
2024-25,33,325,151,Ângelo Gabriel Borges Damaceno,MID,Chelsea,6,9,0,2025-04-20T13:00:00Z,0,0,0,0,0,0,0,0,0.0,0.0,0.0,0.0,0.0,0.0,0.0,0.0,0,45
2024-25,33,323,152,Kepa Arrizabalaga,GK,Bournemouth,3,7,0,2025-04-19T14:00:00Z,90,6,0,0,1,0,0,21,3.4,0.0,0.0,0.3,0.0,0.0,0.0,0.37,1,46
2024-25,33,325,153,Benoît Badiashile,DEF,Chelsea,6,9,0,2025-04-20T13:00:00Z,0,0,0,0,0,0,0,0,0.0,0.0,0.0,0.0,0.0,0.0,0.0,0.0,0,42
2024-25,33,325,154,Lucas Bergström,GK,Chelsea,6,9,0,2025-04-20T13:00:00Z,0,0,0,0,0,0,0,0,0.0,0.0,0.0,0.0,0.0,0.0,0.0,0.0,0,39
2024-25,33,325,155,Marcus Bettinelli,GK,Chelsea,6,9,0,2025-04-20T13:00:00Z,0,0,0,0,0,0,0,0,0.0,0.0,0.0,0.0,0.0,0.0,0.0,0.0,0,39
2024-25,33,324,156,Armando Broja,FWD,Everton,8,13,1,2025-04-19T14:00:00Z,62,2,0,0,1,0,0,4,1.0,0.3,0.0,0.1,0.0,0.0,0.0,0.23,1,53
2024-25,33,325,157,Moisés Caicedo Corozo,MID,Chelsea,6,9,0,2025-04-20T13:00:00Z,90,1,0,0,0,1,0,17,8.2,13.9,0.0,2.2,0.0,0.03,0.03,0.25,1,49
2024-25,33,325,158,Cesare Casadei,MID,Chelsea,6,9,0,2025-04-20T13:00:00Z,0,0,0,0,0,0,0,0,0.0,0.0,0.0,0.0,0.0,0.0,0.0,0.0,0,44
2024-25,33,325,159,Trevoh Chalobah,DEF,Chelsea,6,9,0,2025-04-20T13:00:00Z,90,2,0,0,0,1,0,13,25.8,1.9,0.0,2.8,0.0,0.02,0.02,0.25,1,44
2024-25,33,323,160,Ben Chilwell,DEF,Crystal Palace,7,3,1,2025-04-19T14:00:00Z,0,0,0,0,0,0,0,0,0.0,0.0,0.0,0.0,0.0,0.0,0.0,0.0,0,46
2024-25,33,331,160,Ben Chilwell,DEF,Crystal Palace,7,1,0,2025-04-23T19:00:00Z,0,0,0,0,0,0,0,0,0.0,0.0,0.0,0.0,0.0,0.0,0.0,0.0,0,46
2024-25,33,325,161,Carney Chukwuemeka,MID,Chelsea,6,9,0,2025-04-20T13:00:00Z,0,0,0,0,0,0,0,0,0.0,0.0,0.0,0.0,0.0,0.0,0.0,0.0,0,47
2024-25,33,325,162,Levi Colwill,DEF,Chelsea,6,9,0,2025-04-20T13:00:00Z,90,1,0,0,0,1,0,5,10.8,0.3,16.0,2.7,0.29,0.0,0.29,0.25,1,44
2024-25,33,325,163,Marc Cucurella Saseta,DEF,Chelsea,6,9,0,2025-04-20T13:00:00Z,90,1,0,0,0,1,0,7,16.2,4.5,11.0,3.2,0.05,0.03,0.08,0.25,1,54
2024-25,33,325,164,David Datro Fofana,FWD,Chelsea,6,9,0,2025-04-20T13:00:00Z,0,0,0,0,0,0,0,0,0.0,0.0,0.0,0.0,0.0,0.0,0.0,0.0,0,54
2024-25,33,325,165,Deivid Washington de Souza Eugênio,FWD,Chelsea,6,9,0,2025-04-20T13:00:00Z,0,0,0,0,0,0,0,0,0.0,0.0,0.0,0.0,0.0,0.0,0.0,0.0,0,49
2024-25,33,325,166,Kiernan Dewsbury-Hall,MID,Chelsea,6,9,0,2025-04-20T13:00:00Z,0,0,0,0,0,0,0,0,0.0,0.0,0.0,0.0,0.0,0.0,0.0,0.0,0,55
2024-25,33,321,167,Axel Disasi,DEF,Aston Villa,2,15,1,2025-04-19T16:30:00Z,0,0,0,0,0,0,0,0,0.0,0.0,0.0,0.0,0.0,0.0,0.0,0.0,0,42
2024-25,33,336,167,Axel Disasi,DEF,Aston Villa,2,13,0,2025-04-22T19:00:00Z,29,1,0,0,0,1,0,-2,3.2,0.0,0.0,0.3,0.0,0.0,0.0,0.57,0,42
2024-25,33,325,168,Enzo Fernández,MID,Chelsea,6,9,0,2025-04-20T13:00:00Z,90,5,0,1,0,1,0,26,28.2,33.8,2.0,6.4,0.0,0.43,0.43,0.25,1,47
2024-25,33,325,169,Conor Gallagher,MID,Chelsea,6,9,0,2025-04-20T13:00:00Z,0,0,0,0,0,0,0,0,0.0,0.0,0.0,0.0,0.0,0.0,0.0,0.0,0,59
2024-25,33,325,170,Alfie Gilchrist,DEF,Chelsea,6,9,0,2025-04-20T13:00:00Z,0,0,0,0,0,0,0,0,0.0,0.0,0.0,0.0,0.0,0.0,0.0,0.0,0,40
2024-25,33,325,171,Malo Gusto,DEF,Chelsea,6,9,0,2025-04-20T13:00:00Z,43,1,0,0,0,0,0,14,6.8,4.5,9.0,2.0,0.02,0.02,0.04,0.15,0,49
2024-25,33,325,172,Reece James,DEF,Chelsea,6,9,0,2025-04-20T13:00:00Z,45,1,0,0,0,1,0,6,4.4,11.5,7.0,2.3,0.03,0.04,0.07,0.07,1,48
2024-25,33,325,173,Omari Kellyman,MID,Chelsea,6,9,0,2025-04-20T13:00:00Z,0,0,0,0,0,0,0,0,0.0,0.0,0.0,0.0,0.0,0.0,0.0,0.0,0,43
2024-25,33,325,174,Roméo Lavia,MID,Chelsea,6,9,0,2025-04-20T13:00:00Z,0,0,0,0,0,0,0,0,0.0,0.0,0.0,0.0,0.0,0.0,0.0,0.0,0,45
2024-25,33,325,175,Romelu Lukaku Bolingoli,FWD,Chelsea,6,9,0,2025-04-20T13:00:00Z,0,0,0,0,0,0,0,0,0.0,0.0,0.0,0.0,0.0,0.0,0.0,0.0,0,63
2024-25,33,325,176,Malang Sarr,DEF,Chelsea,6,9,0,2025-04-20T13:00:00Z,0,0,0,0,0,0,0,0,0.0,0.0,0.0,0.0,0.0,0.0,0.0,0.0,0,45
2024-25,33,325,177,Noni Madueke,MID,Chelsea,6,9,0,2025-04-20T13:00:00Z,45,1,0,0,0,1,0,7,5.2,6.1,6.0,1.7,0.0,0.12,0.12,0.07,1,60
2024-25,33,325,178,Marc Guiu Paz,FWD,Chelsea,6,9,0,2025-04-20T13:00:00Z,0,0,0,0,0,0,0,0,0.0,0.0,0.0,0.0,0.0,0.0,0.0,0.0,0,47
2024-25,33,325,179,Mykhailo Mudryk,MID,Chelsea,6,9,0,2025-04-20T13:00:00Z,0,0,0,0,0,0,0,0,0.0,0.0,0.0,0.0,0.0,0.0,0.0,0.0,0,61
2024-25,33,325,180,Nicolas Jackson,FWD,Chelsea,6,9,0,2025-04-20T13:00:00Z,77,2,0,0,0,1,0,0,0.0,12.8,11.0,2.2,0.05,0.18,0.23,0.18,1,77
2024-25,33,325,181,Christopher Nkunku,MID,Chelsea,6,9,0,2025-04-20T13:00:00Z,0,0,0,0,0,0,0,0,0.0,0.0,0.0,0.0,0.0,0.0,0.0,0.0,0,57
2024-25,33,325,182,Cole Palmer,MID,Chelsea,6,9,0,2025-04-20T13:00:00Z,90,2,0,0,0,1,0,12,9.4,14.0,15.0,3.8,0.08,0.02,0.1,0.25,1,106
2024-25,33,325,183,Đorđe Petrović,GK,Chelsea,6,9,0,2025-04-20T13:00:00Z,0,0,0,0,0,0,0,0,0.0,0.0,0.0,0.0,0.0,0.0,0.0,0.0,0,44
2024-25,33,325,184,Renato Palma Veiga,MID,Chelsea,6,9,0,2025-04-20T13:00:00Z,0,0,0,0,0,0,0,0,0.0,0.0,0.0,0.0,0.0,0.0,0.0,0.0,0,44
2024-25,33,325,185,Robert Sánchez,GK,Chelsea,6,9,0,2025-04-20T13:00:00Z,90,2,0,0,0,1,0,9,4.6,0.0,0.0,0.5,0.0,0.0,0.0,0.25,1,45
2024-25,33,326,186,Raheem Sterling,MID,Arsenal,1,10,0,2025-04-20T13:00:00Z,17,1,0,0,0,0,0,2,1.4,12.8,4.0,1.8,0.0,0.06,0.06,0.04,0,67
2024-25,33,331,186,Raheem Sterling,MID,Arsenal,1,7,1,2025-04-23T19:00:00Z,59,1,0,0,0,1,0,2,4.4,11.9,0.0,1.6,0.0,0.02,0.02,1.18,1,67
2024-25,33,325,187,Tosin Adarabioyo,DEF,Chelsea,6,9,0,2025-04-20T13:00:00Z,1,1,0,0,0,0,0,4,3.6,0.0,0.0,0.4,0.0,0.0,0.0,0.03,0,42
2024-25,33,330,188,Lesley Ugochukwu,MID,Southampton,17,19,0,2025-04-19T14:00:00Z,90,10,1,0,0,1,3,36,54.6,5.0,21.0,8.1,0.07,0.02,0.09,0.91,1,44
2024-25,33,325,189,Wesley Fofana,DEF,Chelsea,6,9,0,2025-04-20T13:00:00Z,0,0,0,0,0,0,0,0,0.0,0.0,0.0,0.0,0.0,0.0,0.0,0.0,0,43
2024-25,33,323,190,Naouirou Ahamada,MID,Crystal Palace,7,3,1,2025-04-19T14:00:00Z,0,0,0,0,0,0,0,0,0.0,0.0,0.0,0.0,0.0,0.0,0.0,0.0,0,45
2024-25,33,331,190,Naouirou Ahamada,MID,Crystal Palace,7,1,0,2025-04-23T19:00:00Z,0,0,0,0,0,0,0,0,0.0,0.0,0.0,0.0,0.0,0.0,0.0,0.0,0,45
2024-25,33,325,191,Joachim Andersen,DEF,Fulham,9,6,1,2025-04-20T13:00:00Z,90,1,0,0,0,2,0,10,25.4,4.6,0.0,3.0,0.0,0.02,0.02,0.9,1,42
2024-25,33,327,192,Jordan Ayew,MID,Leicester,11,12,1,2025-04-20T15:30:00Z,0,0,0,0,0,0,0,0,0.0,0.0,0.0,0.0,0.0,0.0,0.0,0.0,0,51
2024-25,33,323,193,Cheick Doucouré,MID,Crystal Palace,7,3,1,2025-04-19T14:00:00Z,0,0,0,0,0,0,0,0,0.0,0.0,0.0,0.0,0.0,0.0,0.0,0.0,0,48
2024-25,33,331,193,Cheick Doucouré,MID,Crystal Palace,7,1,0,2025-04-23T19:00:00Z,0,0,0,0,0,0,0,0,0.0,0.0,0.0,0.0,0.0,0.0,0.0,0.0,0,48
2024-25,33,323,194,Chris Richards,DEF,Crystal Palace,7,3,1,2025-04-19T14:00:00Z,45,-2,0,0,0,0,0,-9,0.0,3.3,0.0,0.0,0.0,0.49,0.49,0.39,1,44
2024-25,33,331,194,Chris Richards,DEF,Crystal Palace,7,1,0,2025-04-23T19:00:00Z,0,0,0,0,0,0,0,0,0.0,0.0,0.0,0.0,0.0,0.0,0.0,0.0,0,44
2024-25,33,323,195,Chadi Riad Dnanou,DEF,Crystal Palace,7,3,1,2025-04-19T14:00:00Z,0,0,0,0,0,0,0,0,0.0,0.0,0.0,0.0,0.0,0.0,0.0,0.0,0,43
2024-25,33,331,195,Chadi Riad Dnanou,DEF,Crystal Palace,7,1,0,2025-04-23T19:00:00Z,0,0,0,0,0,0,0,0,0.0,0.0,0.0,0.0,0.0,0.0,0.0,0.0,0,43
2024-25,33,323,196,Nathaniel Clyne,DEF,Crystal Palace,7,3,1,2025-04-19T14:00:00Z,0,0,0,0,0,0,0,0,0.0,0.0,0.0,0.0,0.0,0.0,0.0,0.0,0,43
2024-25,33,331,196,Nathaniel Clyne,DEF,Crystal Palace,7,1,0,2025-04-23T19:00:00Z,0,0,0,0,0,0,0,0,0.0,0.0,0.0,0.0,0.0,0.0,0.0,0.0,0,43
2024-25,33,323,197,Malcolm Ebiowei,MID,Crystal Palace,7,3,1,2025-04-19T14:00:00Z,0,0,0,0,0,0,0,0,0.0,0.0,0.0,0.0,0.0,0.0,0.0,0.0,0,45
2024-25,33,331,197,Malcolm Ebiowei,MID,Crystal Palace,7,1,0,2025-04-23T19:00:00Z,0,0,0,0,0,0,0,0,0.0,0.0,0.0,0.0,0.0,0.0,0.0,0.0,0,45
2024-25,33,327,198,Odsonne Edouard,FWD,Leicester,11,12,1,2025-04-20T15:30:00Z,0,0,0,0,0,0,0,0,0.0,0.0,0.0,0.0,0.0,0.0,0.0,0.0,0,51
2024-25,33,323,199,Eberechi Eze,MID,Crystal Palace,7,3,1,2025-04-19T14:00:00Z,45,1,0,0,0,0,0,5,0.0,1.3,6.0,0.7,0.04,0.05,0.09,0.39,1,69
2024-25,33,331,199,Eberechi Eze,MID,Crystal Palace,7,1,0,2025-04-23T19:00:00Z,62,9,1,0,0,2,2,28,34.0,22.4,24.0,8.0,0.24,0.34,0.58,0.84,1,69
2024-25,33,323,200,Marc Guéhi,DEF,Crystal Palace,7,3,1,2025-04-19T14:00:00Z,90,6,0,0,1,0,0,21,10.8,0.3,4.0,1.5,0.0,0.01,0.01,0.72,1,47
2024-25,33,331,200,Marc Guéhi,DEF,Crystal Palace,7,1,0,2025-04-23T19:00:00Z,90,1,0,0,0,2,0,4,16.8,1.3,39.0,5.7,0.15,0.01,0.16,1.22,1,47
2024-25,33,323,201,Dean Henderson,GK,Crystal Palace,7,3,1,2025-04-19T14:00:00Z,90,9,0,0,1,0,2,30,34.0,0.0,0.0,3.4,0.0,0.0,0.0,0.72,1,46
2024-25,33,331,201,Dean Henderson,GK,Crystal Palace,7,1,0,2025-04-23T19:00:00Z,90,1,0,0,0,2,0,5,14.4,0.0,0.0,1.4,0.0,0.0,0.0,1.22,1,46
2024-25,33,323,202,Rob Holding,DEF,Crystal Palace,7,3,1,2025-04-19T14:00:00Z,0,0,0,0,0,0,0,0,0.0,0.0,0.0,0.0,0.0,0.0,0.0,0.0,0,42
2024-25,33,331,202,Rob Holding,DEF,Crystal Palace,7,1,0,2025-04-23T19:00:00Z,0,0,0,0,0,0,0,0,0.0,0.0,0.0,0.0,0.0,0.0,0.0,0.0,0,42
2024-25,33,323,203,Will Hughes,MID,Crystal Palace,7,3,1,2025-04-19T14:00:00Z,90,3,0,0,1,0,0,8,9.4,0.7,2.0,1.2,0.06,0.0,0.06,0.72,1,49
2024-25,33,331,203,Will Hughes,MID,Crystal Palace,7,1,0,2025-04-23T19:00:00Z,27,1,0,0,0,0,0,4,0.8,0.3,0.0,0.1,0.0,0.0,0.0,0.38,0,49
2024-25,33,328,204,Sam Johnstone,GK,Wolves,20,14,0,2025-04-20T13:00:00Z,0,0,0,0,0,0,0,0,0.0,0.0,0.0,0.0,0.0,0.0,0.0,0.0,0,41
2024-25,33,323,205,Daichi Kamada,MID,Crystal Palace,7,3,1,2025-04-19T14:00:00Z,15,1,0,0,0,0,0,3,3.2,0.4,4.0,0.8,0.0,0.0,0.0,0.05,0,51
2024-25,33,331,205,Daichi Kamada,MID,Crystal Palace,7,1,0,2025-04-23T19:00:00Z,90,2,0,0,0,2,0,17,15.0,30.8,7.0,5.3,0.06,0.05,0.11,1.22,1,51
2024-25,33,323,206,Jefferson Lerma Solís,MID,Crystal Palace,7,3,1,2025-04-19T14:00:00Z,45,0,0,0,0,0,0,-1,0.0,0.3,0.0,0.0,0.0,0.02,0.02,0.34,0,48
2024-25,33,331,206,Jefferson Lerma Solís,MID,Crystal Palace,7,1,0,2025-04-23T19:00:00Z,90,2,0,0,0,2,0,12,14.6,1.4,0.0,1.6,0.0,0.05,0.05,1.22,1,48
2024-25,33,323,207,Jean-Philippe Mateta,FWD,Crystal Palace,7,3,1,2025-04-19T14:00:00Z,74,2,0,0,1,0,0,2,0.0,1.3,8.0,0.7,0.04,0.0,0.04,0.68,1,78
2024-25,33,331,207,Jean-Philippe Mateta,FWD,Crystal Palace,7,1,0,2025-04-23T19:00:00Z,10,8,1,0,0,0,3,32,38.2,14.1,7.0,5.9,0.06,0.07,0.13,0.1,0,78
2024-25,33,323,208,Matheus França de Oliveira,MID,Crystal Palace,7,3,1,2025-04-19T14:00:00Z,0,0,0,0,0,0,0,0,0.0,0.0,0.0,0.0,0.0,0.0,0.0,0.0,0,44
2024-25,33,331,208,Matheus França de Oliveira,MID,Crystal Palace,7,1,0,2025-04-23T19:00:00Z,0,0,0,0,0,0,0,0,0.0,0.0,0.0,0.0,0.0,0.0,0.0,0.0,0,44
2024-25,33,323,209,Remi Matthews,GK,Crystal Palace,7,3,1,2025-04-19T14:00:00Z,0,0,0,0,0,0,0,0,0.0,0.0,0.0,0.0,0.0,0.0,0.0,0.0,0,39
2024-25,33,331,209,Remi Matthews,GK,Crystal Palace,7,1,0,2025-04-23T19:00:00Z,0,0,0,0,0,0,0,0,0.0,0.0,0.0,0.0,0.0,0.0,0.0,0.0,0,39
2024-25,33,323,210,Tyrick Mitchell,DEF,Crystal Palace,7,3,1,2025-04-19T14:00:00Z,90,6,0,0,1,0,0,18,20.8,0.5,0.0,2.1,0.0,0.01,0.01,0.72,1,48
2024-25,33,331,210,Tyrick Mitchell,DEF,Crystal Palace,7,1,0,2025-04-23T19:00:00Z,90,1,0,0,0,2,0,5,17.6,12.3,2.0,3.2,0.0,0.04,0.04,1.22,1,48
2024-25,33,323,211,Daniel Muñoz,DEF,Crystal Palace,7,3,1,2025-04-19T14:00:00Z,90,5,0,0,1,0,0,16,9.0,7.1,12.0,2.8,0.2,0.03,0.23,0.72,1,53
2024-25,33,331,211,Daniel Muñoz,DEF,Crystal Palace,7,1,0,2025-04-23T19:00:00Z,90,1,0,0,0,2,0,15,18.0,37.3,8.0,6.3,0.0,0.53,0.53,1.22,1,53
2024-25,33,323,212,David Ozoh,MID,Crystal Palace,7,3,1,2025-04-19T14:00:00Z,0,0,0,0,0,0,0,0,0.0,0.0,0.0,0.0,0.0,0.0,0.0,0.0,0,45
2024-25,33,331,212,David Ozoh,MID,Crystal Palace,7,1,0,2025-04-23T19:00:00Z,0,0,0,0,0,0,0,0,0.0,0.0,0.0,0.0,0.0,0.0,0.0,0.0,0,45
2024-25,33,323,213,Jesurun Rak-Sakyi,MID,Crystal Palace,7,3,1,2025-04-19T14:00:00Z,0,0,0,0,0,0,0,0,0.0,0.0,0.0,0.0,0.0,0.0,0.0,0.0,0,45
2024-25,33,331,213,Jesurun Rak-Sakyi,MID,Crystal Palace,7,1,0,2025-04-23T19:00:00Z,0,0,0,0,0,0,0,0,0.0,0.0,0.0,0.0,0.0,0.0,0.0,0.0,0,45
2024-25,33,323,214,Jeffrey Schlupp,MID,Crystal Palace,7,3,1,2025-04-19T14:00:00Z,0,0,0,0,0,0,0,0,0.0,0.0,0.0,0.0,0.0,0.0,0.0,0.0,0,46
2024-25,33,331,214,Jeffrey Schlupp,MID,Crystal Palace,7,1,0,2025-04-23T19:00:00Z,0,0,0,0,0,0,0,0,0.0,0.0,0.0,0.0,0.0,0.0,0.0,0.0,0,46
2024-25,33,323,215,Joel Ward,DEF,Crystal Palace,7,3,1,2025-04-19T14:00:00Z,0,0,0,0,0,0,0,0,0.0,0.0,0.0,0.0,0.0,0.0,0.0,0.0,0,43
2024-25,33,331,215,Joel Ward,DEF,Crystal Palace,7,1,0,2025-04-23T19:00:00Z,0,0,0,0,0,0,0,0,0.0,0.0,0.0,0.0,0.0,0.0,0.0,0.0,0,43
2024-25,33,323,216,Adam Wharton,MID,Crystal Palace,7,3,1,2025-04-19T14:00:00Z,74,3,0,0,1,0,0,7,1.2,0.8,4.0,0.6,0.02,0.05,0.07,0.68,1,47
2024-25,33,331,216,Adam Wharton,MID,Crystal Palace,7,1,0,2025-04-23T19:00:00Z,62,5,0,1,0,2,0,20,22.4,26.7,2.0,5.1,0.08,0.23,0.31,0.84,1,47
2024-25,33,324,217,Abdoulaye Doucouré,MID,Everton,8,13,1,2025-04-19T14:00:00Z,90,2,0,0,0,2,0,10,9.4,2.4,32.0,4.4,0.15,0.02,0.17,2.04,1,51
2024-25,33,324,218,Norberto Bercique Gomes Betuncal,FWD,Everton,8,13,1,2025-04-19T14:00:00Z,27,1,0,0,0,2,0,2,4.0,4.0,5.0,1.3,0.03,0.03,0.06,1.81,0,48
2024-25,33,324,219,Jarrad Branthwaite,DEF,Everton,8,13,1,2025-04-19T14:00:00Z,90,1,0,0,0,2,0,8,21.0,0.3,19.0,4.0,0.33,0.0,0.33,2.04,1,48
2024-25,33,324,220,Dominic Calvert-Lewin,FWD,Everton,8,13,1,2025-04-19T14:00:00Z,0,0,0,0,0,0,0,0,0.0,0.0,0.0,0.0,0.0,0.0,0.0,0.0,0,54
2024-25,33,324,221,Séamus Coleman,DEF,Everton,8,13,1,2025-04-19T14:00:00Z,0,0,0,0,0,0,0,0,0.0,0.0,0.0,0.0,0.0,0.0,0.0,0.0,0,43
2024-25,33,324,222,Idrissa Gueye,MID,Everton,8,13,1,2025-04-19T14:00:00Z,78,2,0,0,1,0,0,6,9.6,2.3,0.0,1.2,0.0,0.02,0.02,0.59,1,48
2024-25,33,324,223,James Garner,MID,Everton,8,13,1,2025-04-19T14:00:00Z,90,2,0,0,0,2,0,16,17.8,20.5,0.0,3.8,0.0,0.13,0.13,2.04,1,49
2024-25,33,324,224,Jack Harrison,MID,Everton,8,13,1,2025-04-19T14:00:00Z,78,3,0,0,1,0,0,10,6.8,18.9,6.0,3.2,0.0,0.03,0.03,0.59,1,52
2024-25,33,324,225,Mason Holgate,DEF,Everton,8,13,1,2025-04-19T14:00:00Z,0,0,0,0,0,0,0,0,0.0,0.0,0.0,0.0,0.0,0.0,0.0,0.0,0,40
2024-25,33,324,226,Tim Iroegbunam,MID,Everton,8,13,1,2025-04-19T14:00:00Z,11,0,0,0,0,2,0,0,1.2,0.4,0.0,0.2,0.0,0.0,0.0,1.45,0,43
2024-25,33,324,227,João Neves Virgínia,GK,Everton,8,13,1,2025-04-19T14:00:00Z,0,0,0,0,0,0,0,0,0.0,0.0,0.0,0.0,0.0,0.0,0.0,0.0,0,39
2024-25,33,324,228,Michael Keane,DEF,Everton,8,13,1,2025-04-19T14:00:00Z,38,-1,0,0,0,2,0,-7,7.0,0.0,0.0,0.7,0.0,0.0,0.0,1.81,0,38
2024-25,33,324,229,Neal Maupay,FWD,Everton,8,13,1,2025-04-19T14:00:00Z,0,0,0,0,0,0,0,0,0.0,0.0,0.0,0.0,0.0,0.0,0.0,0.0,0,49
2024-25,33,324,230,Dwight McNeil,MID,Everton,8,13,1,2025-04-19T14:00:00Z,11,1,0,0,0,2,0,3,1.0,0.0,2.0,0.3,0.0,0.0,0.0,1.45,0,51
2024-25,33,324,231,Vitalii Mykolenko,DEF,Everton,8,13,1,2025-04-19T14:00:00Z,90,1,0,0,0,2,0,7,18.2,20.3,7.0,4.6,0.04,0.05,0.09,2.04,1,43
2024-25,33,324,232,Iliman Ndiaye,FWD,Everton,8,13,1,2025-04-19T14:00:00Z,78,2,0,0,1,0,0,14,4.2,14.0,8.0,2.6,0.19,0.01,0.2,0.59,1,52
2024-25,33,321,233,Amadou Onana,MID,Aston Villa,2,15,1,2025-04-19T16:30:00Z,18,6,1,0,0,0,0,22,33.2,3.3,7.0,4.4,0.07,0.01,0.08,0.31,0,48
2024-25,33,336,233,Amadou Onana,MID,Aston Villa,2,13,0,2025-04-22T19:00:00Z,75,2,0,0,0,1,0,7,9.8,2.9,11.0,2.4,0.17,0.09,0.26,0.91,1,48
2024-25,33,324,234,Nathan Patterson,DEF,Everton,8,13,1,2025-04-19T14:00:00Z,0,0,0,0,0,0,0,0,0.0,0.0,0.0,0.0,0.0,0.0,0.0,0.0,0,44
2024-25,33,324,235,Jordan Pickford,GK,Everton,8,13,1,2025-04-19T14:00:00Z,90,1,0,0,0,2,0,9,29.6,0.0,0.0,3.0,0.0,0.01,0.01,2.04,1,51
2024-25,33,324,236,James Tarkowski,DEF,Everton,8,13,1,2025-04-19T14:00:00Z,51,1,0,0,0,0,0,16,13.4,10.7,11.0,3.5,0.18,0.18,0.36,0.23,1,49
2024-25,33,324,237,Youssef Ramalho Chermiti,FWD,Everton,8,13,1,2025-04-19T14:00:00Z,0,0,0,0,0,0,0,0,0.0,0.0,0.0,0.0,0.0,0.0,0.0,0.0,0,49
2024-25,33,324,238,Ashley Young,DEF,Everton,8,13,1,2025-04-19T14:00:00Z,0,0,0,0,0,0,0,0,0.0,0.0,0.0,0.0,0.0,0.0,0.0,0.0,0,43
2024-25,33,325,239,Adama Traoré,MID,Fulham,9,6,1,2025-04-20T13:00:00Z,6,1,0,0,0,1,0,4,2.2,10.8,0.0,1.3,0.0,0.01,0.01,0.11,0,45
2024-25,33,325,240,Andreas Hoelgebaum Pereira,MID,Fulham,9,6,1,2025-04-20T13:00:00Z,90,2,0,0,0,2,0,1,0.0,19.0,9.0,2.6,0.07,0.18,0.25,0.9,1,49
2024-25,33,325,241,Calvin Bassey,DEF,Fulham,9,6,1,2025-04-20T13:00:00Z,90,0,0,0,0,2,0,2,20.8,1.0,0.0,2.2,0.0,0.01,0.01,0.9,1,45
2024-25,33,325,242,Steven Benda,GK,Fulham,9,6,1,2025-04-20T13:00:00Z,0,0,0,0,0,0,0,0,0.0,0.0,0.0,0.0,0.0,0.0,0.0,0.0,0,39
2024-25,33,325,243,Tom Cairney,MID,Fulham,9,6,1,2025-04-20T13:00:00Z,18,1,0,0,0,2,0,2,0.6,0.6,0.0,0.1,0.0,0.0,0.0,0.17,0,48
2024-25,33,325,244,Timothy Castagne,DEF,Fulham,9,6,1,2025-04-20T13:00:00Z,12,0,0,0,0,2,0,-5,0.0,1.0,0.0,0.1,0.0,0.0,0.0,0.17,0,42
2024-25,33,325,245,Issa Diop,DEF,Fulham,9,6,1,2025-04-20T13:00:00Z,0,0,0,0,0,0,0,0,0.0,0.0,0.0,0.0,0.0,0.0,0.0,0.0,0,43
2024-25,33,325,246,Luke Harris,MID,Fulham,9,6,1,2025-04-20T13:00:00Z,0,0,0,0,0,0,0,0,0.0,0.0,0.0,0.0,0.0,0.0,0.0,0.0,0,45
2024-25,33,325,247,Alex Iwobi,MID,Fulham,9,6,1,2025-04-20T13:00:00Z,83,8,1,0,0,1,1,29,34.8,3.1,21.0,5.9,0.04,0.01,0.05,0.8,1,55
2024-25,33,325,248,Bernd Leno,GK,Fulham,9,6,1,2025-04-20T13:00:00Z,90,2,0,0,0,2,0,15,36.6,0.0,0.0,3.7,0.0,0.0,0.0,0.9,1,50
2024-25,33,325,249,Saša Lukić,MID,Fulham,9,6,1,2025-04-20T13:00:00Z,71,3,0,0,1,0,0,10,7.2,14.1,2.0,2.3,0.0,0.01,0.01,0.73,1,48
2024-25,33,325,250,Kevin Mbabu,DEF,Fulham,9,6,1,2025-04-20T13:00:00Z,0,0,0,0,0,0,0,0,0.0,0.0,0.0,0.0,0.0,0.0,0.0,0.0,0,40
2024-25,33,325,251,Rodrigo Muniz Carvalho,FWD,Fulham,9,6,1,2025-04-20T13:00:00Z,0,0,0,0,0,0,0,0,0.0,0.0,0.0,0.0,0.0,0.0,0.0,0.0,0,55
2024-25,33,325,252,Raúl Jiménez,FWD,Fulham,9,6,1,2025-04-20T13:00:00Z,83,2,0,0,0,1,0,7,0.4,3.8,0.0,0.4,0.0,0.01,0.01,0.8,1,53
2024-25,33,325,253,Tim Ream,DEF,Fulham,9,6,1,2025-04-20T13:00:00Z,0,0,0,0,0,0,0,0,0.0,0.0,0.0,0.0,0.0,0.0,0.0,0.0,0,45
2024-25,33,325,254,Harrison Reed,MID,Fulham,9,6,1,2025-04-20T13:00:00Z,0,0,0,0,0,0,0,0,0.0,0.0,0.0,0.0,0.0,0.0,0.0,0.0,0,47
2024-25,33,325,255,Antonee Robinson,DEF,Fulham,9,6,1,2025-04-20T13:00:00Z,90,1,0,0,0,2,0,5,15.4,1.8,4.0,2.1,0.0,0.01,0.01,0.9,1,49
2024-25,33,325,256,Jay Stansfield,FWD,Fulham,9,6,1,2025-04-20T13:00:00Z,0,0,0,0,0,0,0,0,0.0,0.0,0.0,0.0,0.0,0.0,0.0,0.0,0,50
2024-25,33,325,257,Kenny Tete,DEF,Fulham,9,6,1,2025-04-20T13:00:00Z,77,6,0,0,1,0,0,23,17.2,4.6,16.0,3.8,0.14,0.0,0.14,0.73,1,44
2024-25,33,325,258,Carlos Vinícius Alves Morais,FWD,Fulham,9,6,1,2025-04-20T13:00:00Z,6,1,0,0,0,1,0,4,0.0,0.0,0.0,0.0,0.0,0.0,0.0,0.11,0,50
2024-25,33,325,259,Harry Wilson,MID,Fulham,9,6,1,2025-04-20T13:00:00Z,11,1,0,0,0,2,0,6,2.2,0.5,0.0,0.3,0.0,0.01,0.01,0.17,0,52
2024-25,33,326,260,Ali Al-Hamadi,FWD,Ipswich,10,1,1,2025-04-20T13:00:00Z,0,0,0,0,0,0,0,0,0.0,0.0,0.0,0.0,0.0,0.0,0.0,0.0,0,47
2024-25,33,326,261,Elkan Baggott,DEF,Ipswich,10,1,1,2025-04-20T13:00:00Z,0,0,0,0,0,0,0,0,0.0,0.0,0.0,0.0,0.0,0.0,0.0,0.0,0,40
2024-25,33,326,262,Nathan Broadhead,MID,Ipswich,10,1,1,2025-04-20T13:00:00Z,0,0,0,0,0,0,0,0,0.0,0.0,0.0,0.0,0.0,0.0,0.0,0.0,0,49
2024-25,33,326,263,Cameron Burgess,DEF,Ipswich,10,1,1,2025-04-20T13:00:00Z,55,0,0,0,0,2,0,-4,13.4,10.5,0.0,2.4,0.0,0.03,0.03,1.23,0,38
2024-25,33,326,264,Wes Burns,MID,Ipswich,10,1,1,2025-04-20T13:00:00Z,0,0,0,0,0,0,0,0,0.0,0.0,0.0,0.0,0.0,0.0,0.0,0.0,0,47
2024-25,33,326,265,Conor Chaplin,MID,Ipswich,10,1,1,2025-04-20T13:00:00Z,1,1,0,0,0,0,0,3,0.0,0.0,0.0,0.0,0.0,0.0,0.0,0.04,0,51
2024-25,33,326,266,Harry Clarke,DEF,Ipswich,10,1,1,2025-04-20T13:00:00Z,0,0,0,0,0,0,0,0,0.0,0.0,0.0,0.0,0.0,0.0,0.0,0.0,0,40
2024-25,33,326,267,Leif Davis,DEF,Ipswich,10,1,1,2025-04-20T13:00:00Z,31,-4,0,0,0,4,0,-22,0.0,0.2,0.0,0.0,0.0,0.0,0.0,1.31,1,42
2024-25,33,326,268,Liam Delap,FWD,Ipswich,10,1,1,2025-04-20T13:00:00Z,8,1,0,0,0,1,0,1,0.0,0.1,0.0,0.0,0.0,0.0,0.0,0.3,0,56
2024-25,33,326,269,George Edmundson,DEF,Ipswich,10,1,1,2025-04-20T13:00:00Z,0,0,0,0,0,0,0,0,0.0,0.0,0.0,0.0,0.0,0.0,0.0,0.0,0,40
2024-25,33,326,270,Jacob Greaves,DEF,Ipswich,10,1,1,2025-04-20T13:00:00Z,90,0,0,0,0,4,0,-4,35.4,0.6,0.0,3.6,0.0,0.0,0.0,2.55,1,39
2024-25,33,326,271,Marcus Myers-Harness,MID,Ipswich,10,1,1,2025-04-20T13:00:00Z,0,0,0,0,0,0,0,0,0.0,0.0,0.0,0.0,0.0,0.0,0.0,0.0,0,49
2024-25,33,326,272,George Hirst,FWD,Ipswich,10,1,1,2025-04-20T13:00:00Z,81,2,0,0,0,3,0,3,2.6,4.3,8.0,1.5,0.07,0.0,0.07,2.24,1,54
2024-25,33,326,273,Cameron Humphreys,MID,Ipswich,10,1,1,2025-04-20T13:00:00Z,0,0,0,0,0,0,0,0,0.0,0.0,0.0,0.0,0.0,0.0,0.0,0.0,0,45
2024-25,33,326,274,Omari Giraud-Hutchinson,MID,Ipswich,10,1,1,2025-04-20T13:00:00Z,0,0,0,0,0,0,0,0,0.0,0.0,0.0,0.0,0.0,0.0,0.0,0.0,0,52
2024-25,33,326,275,Ben Johnson,DEF,Ipswich,10,1,1,2025-04-20T13:00:00Z,90,0,0,0,0,4,0,-12,5.2,0.6,0.0,0.6,0.0,0.0,0.0,2.55,1,38
2024-25,33,326,276,Freddie Ladapo,FWD,Ipswich,10,1,1,2025-04-20T13:00:00Z,0,0,0,0,0,0,0,0,0.0,0.0,0.0,0.0,0.0,0.0,0.0,0.0,0,45
2024-25,33,326,277,Massimo Luongo,MID,Ipswich,10,1,1,2025-04-20T13:00:00Z,8,1,0,0,0,1,0,3,0.0,0.0,0.0,0.0,0.0,0.0,0.0,0.3,0,43
2024-25,33,326,278,Sam Morsy,MID,Ipswich,10,1,1,2025-04-20T13:00:00Z,90,2,0,0,0,4,0,15,13.8,13.9,0.0,2.8,0.0,0.03,0.03,2.51,1,48
2024-25,33,326,279,Corrie Ndaba,DEF,Ipswich,10,1,1,2025-04-20T13:00:00Z,0,0,0,0,0,0,0,0,0.0,0.0,0.0,0.0,0.0,0.0,0.0,0.0,0,40
2024-25,33,326,280,Cieran Slicker,GK,Ipswich,10,1,1,2025-04-20T13:00:00Z,0,0,0,0,0,0,0,0,0.0,0.0,0.0,0.0,0.0,0.0,0.0,0.0,0,39
2024-25,33,326,281,Jack Taylor,MID,Ipswich,10,1,1,2025-04-20T13:00:00Z,45,1,0,0,0,2,0,4,4.0,5.4,6.0,1.5,0.08,0.03,0.11,0.69,0,48
2024-25,33,326,282,Axel Tuanzebe,DEF,Ipswich,10,1,1,2025-04-20T13:00:00Z,90,0,0,0,0,4,0,-4,29.2,1.0,0.0,3.0,0.0,0.0,0.0,2.55,1,39
2024-25,33,326,283,Christian Walton,GK,Ipswich,10,1,1,2025-04-20T13:00:00Z,0,0,0,0,0,0,0,0,0.0,0.0,0.0,0.0,0.0,0.0,0.0,0.0,0,43
2024-25,33,326,284,Luke Woolfenden,DEF,Ipswich,10,1,1,2025-04-20T13:00:00Z,0,0,0,0,0,0,0,0,0.0,0.0,0.0,0.0,0.0,0.0,0.0,0.0,0,39
2024-25,33,327,285,Boubakary Soumaré,MID,Leicester,11,12,1,2025-04-20T15:30:00Z,90,2,0,0,0,1,0,15,10.4,5.8,2.0,1.8,0.0,0.0,0.0,2.57,1,44
2024-25,33,327,286,Tom Cannon,FWD,Leicester,11,12,1,2025-04-20T15:30:00Z,0,0,0,0,0,0,0,0,0.0,0.0,0.0,0.0,0.0,0.0,0.0,0.0,0,45
2024-25,33,327,287,Hamza Choudhury,MID,Leicester,11,12,1,2025-04-20T15:30:00Z,0,0,0,0,0,0,0,0,0.0,0.0,0.0,0.0,0.0,0.0,0.0,0.0,0,44
2024-25,33,327,288,Conor Coady,DEF,Leicester,11,12,1,2025-04-20T15:30:00Z,90,2,0,0,0,1,0,10,24.2,0.8,4.0,2.9,0.0,0.0,0.0,2.57,1,40
2024-25,33,327,289,Patson Daka,FWD,Leicester,11,12,1,2025-04-20T15:30:00Z,28,1,0,0,0,1,0,7,5.0,11.4,4.0,2.0,0.0,0.01,0.01,0.96,0,48
2024-25,33,327,290,Bobby De Cordova-Reid,MID,Leicester,11,12,1,2025-04-20T15:30:00Z,60,3,0,0,1,0,0,3,0.4,0.5,2.0,0.3,0.0,0.0,0.0,1.61,1,52
2024-25,33,327,291,Wout Faes,DEF,Leicester,11,12,1,2025-04-20T15:30:00Z,90,2,0,0,0,1,0,8,10.4,0.4,0.0,1.1,0.0,0.01,0.01,2.57,1,38
2024-25,33,327,292,Michael Golding,MID,Leicester,11,12,1,2025-04-20T15:30:00Z,0,0,0,0,0,0,0,0,0.0,0.0,0.0,0.0,0.0,0.0,0.0,0.0,0,44
2024-25,33,327,293,Mads Hermansen,GK,Leicester,11,12,1,2025-04-20T15:30:00Z,90,4,0,0,0,1,0,23,52.8,0.0,0.0,5.3,0.0,0.0,0.0,2.57,1,44
2024-25,33,327,294,Daniel Iversen,GK,Leicester,11,12,1,2025-04-20T15:30:00Z,0,0,0,0,0,0,0,0,0.0,0.0,0.0,0.0,0.0,0.0,0.0,0.0,0,39
2024-25,33,327,295,James Justin,DEF,Leicester,11,12,1,2025-04-20T15:30:00Z,7,1,0,0,0,0,0,2,4.6,0.1,0.0,0.5,0.0,0.0,0.0,0.0,0,41
2024-25,33,327,296,Victor Kristiansen,DEF,Leicester,11,12,1,2025-04-20T15:30:00Z,0,0,0,0,0,0,0,0,0.0,0.0,0.0,0.0,0.0,0.0,0.0,0.0,0,44
2024-25,33,327,297,Wanya Marçal-Madivádua,MID,Leicester,11,12,1,2025-04-20T15:30:00Z,0,0,0,0,0,0,0,0,0.0,0.0,0.0,0.0,0.0,0.0,0.0,0.0,0,45
2024-25,33,327,298,Stephy Mavididi,MID,Leicester,11,12,1,2025-04-20T15:30:00Z,84,2,0,0,0,1,0,8,9.4,13.4,6.0,2.9,0.0,0.04,0.04,2.57,1,50
2024-25,33,327,299,Kasey McAteer,MID,Leicester,11,12,1,2025-04-20T15:30:00Z,0,0,0,0,0,0,0,0,0.0,0.0,0.0,0.0,0.0,0.0,0.0,0.0,0,47
2024-25,33,327,300,Wilfred Ndidi,MID,Leicester,11,12,1,2025-04-20T15:30:00Z,82,1,0,0,0,1,0,8,21.8,6.0,9.0,3.7,0.06,0.02,0.08,2.57,1,49
2024-25,33,327,301,Caleb Okoli,DEF,Leicester,11,12,1,2025-04-20T15:30:00Z,0,0,0,0,0,0,0,0,0.0,0.0,0.0,0.0,0.0,0.0,0.0,0.0,0,40
2024-25,33,327,302,Ricardo Barbosa Pereira,DEF,Leicester,11,12,1,2025-04-20T15:30:00Z,82,2,0,0,0,1,0,8,12.6,0.8,0.0,1.3,0.0,0.0,0.0,2.57,1,41
2024-25,33,327,303,Harry Souttar,DEF,Leicester,11,12,1,2025-04-20T15:30:00Z,0,0,0,0,0,0,0,0,0.0,0.0,0.0,0.0,0.0,0.0,0.0,0.0,0,40
2024-25,33,327,304,Jakub Stolarczyk,GK,Leicester,11,12,1,2025-04-20T15:30:00Z,0,0,0,0,0,0,0,0,0.0,0.0,0.0,0.0,0.0,0.0,0.0,0.0,0,40
2024-25,33,327,305,Luke Thomas,DEF,Leicester,11,12,1,2025-04-20T15:30:00Z,90,2,0,0,0,1,0,21,32.4,4.8,0.0,3.7,0.0,0.02,0.02,2.57,1,39
2024-25,33,327,306,Jamie Vardy,FWD,Leicester,11,12,1,2025-04-20T15:30:00Z,61,2,0,0,1,0,0,5,0.0,2.2,0.0,0.0,0.0,0.0,0.0,1.61,1,53
2024-25,33,327,307,Jannik Vestergaard,DEF,Leicester,11,12,1,2025-04-20T15:30:00Z,0,0,0,0,0,0,0,0,0.0,0.0,0.0,0.0,0.0,0.0,0.0,0.0,0,39
2024-25,33,327,308,Danny Ward,GK,Leicester,11,12,1,2025-04-20T15:30:00Z,0,0,0,0,0,0,0,0,0.0,0.0,0.0,0.0,0.0,0.0,0.0,0.0,0,39
2024-25,33,327,309,Harry Winks,MID,Leicester,11,12,1,2025-04-20T15:30:00Z,0,0,0,0,0,0,0,0,0.0,0.0,0.0,0.0,0.0,0.0,0.0,0.0,0,43
2024-25,33,327,310,Alisson Ramses Becker,GK,Liverpool,12,11,0,2025-04-20T15:30:00Z,90,6,0,0,1,0,0,21,4.4,0.0,0.0,0.4,0.0,0.0,0.0,0.27,1,55
2024-25,33,327,311,Trent Alexander-Arnold,DEF,Liverpool,12,11,0,2025-04-20T15:30:00Z,19,6,1,0,0,0,0,19,36.4,0.3,17.0,5.4,0.02,0.0,0.02,0.17,0,72
2024-25,33,327,312,Stefan Bajčetić Maquieira,MID,Liverpool,12,11,0,2025-04-20T15:30:00Z,0,0,0,0,0,0,0,0,0.0,0.0,0.0,0.0,0.0,0.0,0.0,0.0,0,45
2024-25,33,327,313,Conor Bradley,DEF,Liverpool,12,11,0,2025-04-20T15:30:00Z,70,5,0,0,1,0,0,22,10.8,23.7,19.0,5.4,0.03,0.28,0.31,0.11,1,47
2024-25,33,322,314,Fábio Freitas Gouveia Carvalho,MID,Brentford,4,5,1,2025-04-19T14:00:00Z,0,0,0,0,0,0,0,0,0.0,0.0,0.0,0.0,0.0,0.0,0.0,0.0,0,45
2024-25,33,327,315,Bobby Clark,MID,Liverpool,12,11,0,2025-04-20T15:30:00Z,0,0,0,0,0,0,0,0,0.0,0.0,0.0,0.0,0.0,0.0,0.0,0.0,0,45
2024-25,33,327,316,Darwin Núñez Ribeiro,FWD,Liverpool,12,11,0,2025-04-20T15:30:00Z,0,0,0,0,0,0,0,0,0.0,0.0,0.0,0.0,0.0,0.0,0.0,0.0,0,70
2024-25,33,327,317,Diogo Teixeira da Silva,MID,Liverpool,12,11,0,2025-04-20T15:30:00Z,30,1,0,0,0,0,0,-10,0.0,0.7,23.0,2.0,0.46,0.0,0.46,0.18,0,72
2024-25,33,327,318,Ben Doak,MID,Liverpool,12,11,0,2025-04-20T15:30:00Z,0,0,0,0,0,0,0,0,0.0,0.0,0.0,0.0,0.0,0.0,0.0,0.0,0,45
2024-25,33,327,319,Harvey Elliott,MID,Liverpool,12,11,0,2025-04-20T15:30:00Z,19,1,0,0,0,0,0,1,1.6,11.3,3.0,1.6,0.05,0.01,0.06,0.17,0,52
2024-25,33,327,320,Endo Wataru,MID,Liverpool,12,11,0,2025-04-20T15:30:00Z,0,0,0,0,0,0,0,0,0.0,0.0,0.0,0.0,0.0,0.0,0.0,0.0,0,46
2024-25,33,327,321,Cody Gakpo,FWD,Liverpool,12,11,0,2025-04-20T15:30:00Z,59,1,0,0,0,0,0,13,16.6,32.0,39.0,8.8,0.24,0.16,0.4,0.09,1,72
2024-25,33,327,322,Joe Gomez,DEF,Liverpool,12,11,0,2025-04-20T15:30:00Z,0,0,0,0,0,0,0,0,0.0,0.0,0.0,0.0,0.0,0.0,0.0,0.0,0,47
2024-25,33,327,323,Ryan Gravenberch,MID,Liverpool,12,11,0,2025-04-20T15:30:00Z,90,3,0,0,1,0,0,18,21.8,5.2,2.0,2.9,0.05,0.05,0.1,0.27,1,50
2024-25,33,327,324,Curtis Jones,MID,Liverpool,12,11,0,2025-04-20T15:30:00Z,1,1,0,0,0,0,0,2,0.0,0.1,0.0,0.0,0.0,0.0,0.0,0.05,0,53
2024-25,33,327,325,Caoimhin Kelleher,GK,Liverpool,12,11,0,2025-04-20T15:30:00Z,0,0,0,0,0,0,0,0,0.0,0.0,0.0,0.0,0.0,0.0,0.0,0.0,0,40
2024-25,33,327,326,Ibrahima Konaté,DEF,Liverpool,12,11,0,2025-04-20T15:30:00Z,90,9,0,0,1,0,3,37,20.2,1.3,26.0,4.8,0.04,0.01,0.05,0.27,1,53
2024-25,33,327,327,Luis Díaz,MID,Liverpool,12,11,0,2025-04-20T15:30:00Z,90,3,0,0,1,0,0,16,13.6,51.0,12.0,7.7,0.13,0.37,0.5,0.22,1,75
2024-25,33,327,328,Mohamed Salah,MID,Liverpool,12,11,0,2025-04-20T15:30:00Z,90,3,0,0,1,0,0,-6,2.8,23.1,61.0,8.7,1.09,0.06,1.15,0.27,1,138
2024-25,33,327,329,Alexis Mac Allister,MID,Liverpool,12,11,0,2025-04-20T15:30:00Z,90,3,0,0,1,0,0,21,21.2,56.7,2.0,8.0,0.0,0.22,0.22,0.27,1,62
2024-25,33,327,330,James McConnell,MID,Liverpool,12,11,0,2025-04-20T15:30:00Z,0,0,0,0,0,0,0,0,0.0,0.0,0.0,0.0,0.0,0.0,0.0,0.0,0,43
2024-25,33,327,331,Tyler Morton,MID,Liverpool,12,11,0,2025-04-20T15:30:00Z,0,0,0,0,0,0,0,0,0.0,0.0,0.0,0.0,0.0,0.0,0.0,0.0,0,44
2024-25,33,327,332,Nathaniel Phillips,DEF,Liverpool,12,11,0,2025-04-20T15:30:00Z,0,0,0,0,0,0,0,0,0.0,0.0,0.0,0.0,0.0,0.0,0.0,0.0,0,40
2024-25,33,327,333,Jarell Quansah,DEF,Liverpool,12,11,0,2025-04-20T15:30:00Z,0,0,0,0,0,0,0,0,0.0,0.0,0.0,0.0,0.0,0.0,0.0,0.0,0,39
2024-25,33,327,334,Rhys Williams,DEF,Liverpool,12,11,0,2025-04-20T15:30:00Z,0,0,0,0,0,0,0,0,0.0,0.0,0.0,0.0,0.0,0.0,0.0,0.0,0,40
2024-25,33,327,335,Andrew Robertson,DEF,Liverpool,12,11,0,2025-04-20T15:30:00Z,0,0,0,0,0,0,0,0,0.0,0.0,0.0,0.0,0.0,0.0,0.0,0.0,0,58
2024-25,33,327,336,Dominik Szoboszlai,MID,Liverpool,12,11,0,2025-04-20T15:30:00Z,70,3,0,0,1,0,0,26,18.0,29.2,20.0,6.7,0.04,0.23,0.27,0.11,1,62
2024-25,33,327,337,Konstantinos Tsimikas,DEF,Liverpool,12,11,0,2025-04-20T15:30:00Z,90,8,0,0,1,0,2,32,22.4,41.2,21.0,8.5,0.27,0.54,0.81,0.27,1,46
2024-25,33,322,338,Sepp van den Berg,DEF,Brentford,4,5,1,2025-04-19T14:00:00Z,90,1,0,0,0,2,0,6,24.8,1.0,9.0,3.5,0.11,0.01,0.12,1.43,1,41
2024-25,33,327,339,Virgil van Dijk,DEF,Liverpool,12,11,0,2025-04-20T15:30:00Z,90,7,0,0,1,0,1,28,17.0,13.3,16.0,4.6,0.21,0.04,0.25,0.27,1,66
2024-25,33,324,340,Manuel Akanji,DEF,Man City,13,8,0,2025-04-19T14:00:00Z,2,1,0,0,0,0,0,3,0.2,1.1,0.0,0.1,0.0,0.0,0.0,0.04,0,53
2024-25,33,336,340,Manuel Akanji,DEF,Man City,13,2,1,2025-04-22T19:00:00Z,1,1,0,0,0,0,0,3,0.0,0.0,0.0,0.0,0.0,0.0,0.0,0.0,0,53
2024-25,33,324,341,Nathan Aké,DEF,Man City,13,8,0,2025-04-19T14:00:00Z,0,0,0,0,0,0,0,0,0.0,0.0,0.0,0.0,0.0,0.0,0.0,0.0,0,53
2024-25,33,336,341,Nathan Aké,DEF,Man City,13,2,1,2025-04-22T19:00:00Z,0,0,0,0,0,0,0,0,0.0,0.0,0.0,0.0,0.0,0.0,0.0,0.0,0,53
2024-25,33,324,342,Bernardo Veiga de Carvalho e Silva,MID,Man City,13,8,0,2025-04-19T14:00:00Z,90,3,0,0,1,0,0,16,10.0,10.9,2.0,2.3,0.0,0.07,0.07,0.91,1,61
2024-25,33,336,342,Bernardo Veiga de Carvalho e Silva,MID,Man City,13,2,1,2025-04-22T19:00:00Z,90,9,1,0,0,1,3,33,44.2,27.0,17.0,8.8,0.21,0.1,0.31,1.76,1,61
2024-25,33,324,343,Oscar Bobb,MID,Man City,13,8,0,2025-04-19T14:00:00Z,0,0,0,0,0,0,0,0,0.0,0.0,0.0,0.0,0.0,0.0,0.0,0.0,0,47
2024-25,33,336,343,Oscar Bobb,MID,Man City,13,2,1,2025-04-22T19:00:00Z,0,0,0,0,0,0,0,0,0.0,0.0,0.0,0.0,0.0,0.0,0.0,0.0,0,47
2024-25,33,324,344,Scott Carson,GK,Man City,13,8,0,2025-04-19T14:00:00Z,0,0,0,0,0,0,0,0,0.0,0.0,0.0,0.0,0.0,0.0,0.0,0.0,0,39
2024-25,33,336,344,Scott Carson,GK,Man City,13,2,1,2025-04-22T19:00:00Z,0,0,0,0,0,0,0,0,0.0,0.0,0.0,0.0,0.0,0.0,0.0,0.0,0,39
2024-25,33,324,345,Kevin De Bruyne,MID,Man City,13,8,0,2025-04-19T14:00:00Z,87,3,0,0,1,0,0,13,3.2,19.3,11.0,3.4,0.22,0.08,0.3,0.87,1,93
2024-25,33,336,345,Kevin De Bruyne,MID,Man City,13,2,1,2025-04-22T19:00:00Z,90,2,0,0,0,1,0,22,21.2,91.2,19.0,13.1,0.08,0.52,0.6,1.76,1,93
2024-25,33,324,346,Jérémy Doku,MID,Man City,13,8,0,2025-04-19T14:00:00Z,12,1,0,0,0,0,0,7,5.6,5.3,6.0,1.7,0.0,0.09,0.09,0.04,0,62
2024-25,33,336,346,Jérémy Doku,MID,Man City,13,2,1,2025-04-22T19:00:00Z,16,4,0,1,0,0,0,19,21.0,14.8,8.0,4.4,0.0,0.16,0.16,0.03,0,62
2024-25,33,324,347,Ederson Santana de Moraes,GK,Man City,13,8,0,2025-04-19T14:00:00Z,0,0,0,0,0,0,0,0,0.0,0.0,0.0,0.0,0.0,0.0,0.0,0.0,0,53
2024-25,33,336,347,Ederson Santana de Moraes,GK,Man City,13,2,1,2025-04-22T19:00:00Z,0,0,0,0,0,0,0,0,0.0,0.0,0.0,0.0,0.0,0.0,0.0,0.0,0,53
2024-25,33,324,348,Phil Foden,MID,Man City,13,8,0,2025-04-19T14:00:00Z,0,0,0,0,0,0,0,0,0.0,0.0,0.0,0.0,0.0,0.0,0.0,0.0,0,91
2024-25,33,336,348,Phil Foden,MID,Man City,13,2,1,2025-04-22T19:00:00Z,0,0,0,0,0,0,0,0,0.0,0.0,0.0,0.0,0.0,0.0,0.0,0.0,0,91
2024-25,33,324,349,Jack Grealish,MID,Man City,13,8,0,2025-04-19T14:00:00Z,0,0,0,0,0,0,0,0,0.0,0.0,0.0,0.0,0.0,0.0,0.0,0.0,0,64
2024-25,33,336,349,Jack Grealish,MID,Man City,13,2,1,2025-04-22T19:00:00Z,0,0,0,0,0,0,0,0,0.0,0.0,0.0,0.0,0.0,0.0,0.0,0.0,0,64
2024-25,33,324,350,Joško Gvardiol,DEF,Man City,13,8,0,2025-04-19T14:00:00Z,90,6,0,0,1,0,0,27,23.4,2.8,0.0,2.6,0.0,0.02,0.02,0.91,1,62
2024-25,33,336,350,Joško Gvardiol,DEF,Man City,13,2,1,2025-04-22T19:00:00Z,90,1,0,0,0,1,0,7,19.6,3.8,13.0,3.6,0.14,0.02,0.16,1.76,1,62
2024-25,33,324,351,Erling Haaland,FWD,Man City,13,8,0,2025-04-19T14:00:00Z,0,0,0,0,0,0,0,0,0.0,0.0,0.0,0.0,0.0,0.0,0.0,0.0,0,148
2024-25,33,336,351,Erling Haaland,FWD,Man City,13,2,1,2025-04-22T19:00:00Z,0,0,0,0,0,0,0,0,0.0,0.0,0.0,0.0,0.0,0.0,0.0,0.0,0,148
2024-25,33,324,352,Julián Álvarez,FWD,Man City,13,8,0,2025-04-19T14:00:00Z,0,0,0,0,0,0,0,0,0.0,0.0,0.0,0.0,0.0,0.0,0.0,0.0,0,70
2024-25,33,336,352,Julián Álvarez,FWD,Man City,13,2,1,2025-04-22T19:00:00Z,0,0,0,0,0,0,0,0,0.0,0.0,0.0,0.0,0.0,0.0,0.0,0.0,0,70
2024-25,33,324,353,João Cavaco Cancelo,DEF,Man City,13,8,0,2025-04-19T14:00:00Z,0,0,0,0,0,0,0,0,0.0,0.0,0.0,0.0,0.0,0.0,0.0,0.0,0,53
2024-25,33,336,353,João Cavaco Cancelo,DEF,Man City,13,2,1,2025-04-22T19:00:00Z,0,0,0,0,0,0,0,0,0.0,0.0,0.0,0.0,0.0,0.0,0.0,0.0,0,53
2024-25,33,324,354,Mateo Kovačić,MID,Man City,13,8,0,2025-04-19T14:00:00Z,12,6,1,0,0,0,0,26,35.8,2.3,17.0,5.5,0.07,0.02,0.09,0.04,0,54
2024-25,33,336,354,Mateo Kovačić,MID,Man City,13,2,1,2025-04-22T19:00:00Z,90,2,0,0,0,1,0,17,17.2,8.4,14.0,4.0,0.03,0.05,0.08,1.76,1,54
2024-25,33,324,355,Rico Lewis,DEF,Man City,13,8,0,2025-04-19T14:00:00Z,0,0,0,0,0,0,0,0,0.0,0.0,0.0,0.0,0.0,0.0,0.0,0.0,0,43
2024-25,33,336,355,Rico Lewis,DEF,Man City,13,2,1,2025-04-22T19:00:00Z,0,0,0,0,0,0,0,0,0.0,0.0,0.0,0.0,0.0,0.0,0.0,0.0,0,43
2024-25,33,324,356,Matheus Luiz Nunes,MID,Man City,13,8,0,2025-04-19T14:00:00Z,90,8,0,1,1,0,2,32,32.4,18.2,11.0,6.2,0.02,0.55,0.57,0.91,1,49
2024-25,33,336,356,Matheus Luiz Nunes,MID,Man City,13,2,1,2025-04-22T19:00:00Z,90,8,1,0,0,1,2,30,42.0,9.4,33.0,8.4,0.36,0.03,0.39,1.76,1,49
2024-25,33,324,357,James McAtee,MID,Man City,13,8,0,2025-04-19T14:00:00Z,0,0,0,0,0,0,0,0,0.0,0.0,0.0,0.0,0.0,0.0,0.0,0.0,0,46
2024-25,33,336,357,James McAtee,MID,Man City,13,2,1,2025-04-22T19:00:00Z,73,2,0,0,0,1,0,5,0.0,2.3,7.0,0.8,0.06,0.01,0.07,1.73,1,46
2024-25,33,324,358,Stefan Ortega Moreno,GK,Man City,13,8,0,2025-04-19T14:00:00Z,90,6,0,0,1,0,0,24,20.6,0.0,0.0,2.1,0.0,0.0,0.0,0.91,1,52
2024-25,33,336,358,Stefan Ortega Moreno,GK,Man City,13,2,1,2025-04-22T19:00:00Z,90,2,0,0,0,1,0,8,15.6,0.0,0.0,1.6,0.0,0.0,0.0,1.76,1,52
2024-25,33,326,359,Kalvin Phillips,MID,Ipswich,10,1,1,2025-04-20T13:00:00Z,0,0,0,0,0,0,0,0,0.0,0.0,0.0,0.0,0.0,0.0,0.0,0.0,0,48
2024-25,33,324,360,Rodrigo 'Rodri' Hernandez,MID,Man City,13,8,0,2025-04-19T14:00:00Z,0,0,0,0,0,0,0,0,0.0,0.0,0.0,0.0,0.0,0.0,0.0,0.0,0,62
2024-25,33,336,360,Rodrigo 'Rodri' Hernandez,MID,Man City,13,2,1,2025-04-22T19:00:00Z,0,0,0,0,0,0,0,0,0.0,0.0,0.0,0.0,0.0,0.0,0.0,0.0,0,62
2024-25,33,324,361,Rúben Gato Alves Dias,DEF,Man City,13,8,0,2025-04-19T14:00:00Z,90,7,0,0,1,0,1,31,32.0,2.7,2.0,3.7,0.0,0.02,0.02,0.91,1,54
2024-25,33,336,361,Rúben Gato Alves Dias,DEF,Man City,13,2,1,2025-04-22T19:00:00Z,90,2,0,0,0,1,0,11,9.8,3.1,22.0,3.5,0.14,0.03,0.17,1.76,1,54
2024-25,33,324,362,John Stones,DEF,Man City,13,8,0,2025-04-19T14:00:00Z,0,0,0,0,0,0,0,0,0.0,0.0,0.0,0.0,0.0,0.0,0.0,0.0,0,53
2024-25,33,336,362,John Stones,DEF,Man City,13,2,1,2025-04-22T19:00:00Z,0,0,0,0,0,0,0,0,0.0,0.0,0.0,0.0,0.0,0.0,0.0,0.0,0,53
2024-25,33,324,363,Kyle Walker,DEF,Man City,13,8,0,2025-04-19T14:00:00Z,0,0,0,0,0,0,0,0,0.0,0.0,0.0,0.0,0.0,0.0,0.0,0.0,0,51
2024-25,33,336,363,Kyle Walker,DEF,Man City,13,2,1,2025-04-22T19:00:00Z,0,0,0,0,0,0,0,0,0.0,0.0,0.0,0.0,0.0,0.0,0.0,0.0,0,51
2024-25,33,328,364,Amad Diallo,MID,Man Utd,14,20,1,2025-04-20T13:00:00Z,0,0,0,0,0,0,0,0,0.0,0.0,0.0,0.0,0.0,0.0,0.0,0.0,0,53
2024-25,33,328,365,Antony Matheus dos Santos,MID,Man Utd,14,20,1,2025-04-20T13:00:00Z,0,0,0,0,0,0,0,0,0.0,0.0,0.0,0.0,0.0,0.0,0.0,0.0,0,57
2024-25,33,328,366,Bruno Borges Fernandes,MID,Man Utd,14,20,1,2025-04-20T13:00:00Z,31,1,0,0,0,1,0,11,5.4,8.5,14.0,2.8,0.59,0.1,0.69,0.12,0,85
2024-25,33,328,367,Altay Bayindir,GK,Man Utd,14,20,1,2025-04-20T13:00:00Z,0,0,0,0,0,0,0,0,0.0,0.0,0.0,0.0,0.0,0.0,0.0,0.0,0,43
2024-25,33,328,368,Carlos Henrique Casimiro,MID,Man Utd,14,20,1,2025-04-20T13:00:00Z,0,0,0,0,0,0,0,0,0.0,0.0,0.0,0.0,0.0,0.0,0.0,0.0,0,46
2024-25,33,328,369,Diogo Dalot Teixeira,DEF,Man Utd,14,20,1,2025-04-20T13:00:00Z,31,1,0,0,0,1,0,-2,7.6,12.3,0.0,2.0,0.0,0.03,0.03,0.12,0,50
2024-25,33,328,370,Christian Eriksen,MID,Man Utd,14,20,1,2025-04-20T13:00:00Z,90,1,0,0,0,1,0,15,20.0,23.3,11.0,5.4,0.07,0.37,0.44,0.25,1,52
2024-25,33,328,371,Jonny Evans,DEF,Man Utd,14,20,1,2025-04-20T13:00:00Z,0,0,0,0,0,0,0,0,0.0,0.0,0.0,0.0,0.0,0.0,0.0,0.0,0,44
2024-25,33,328,372,Alejandro Garnacho,MID,Man Utd,14,20,1,2025-04-20T13:00:00Z,90,2,0,0,0,1,0,9,12.0,39.3,27.0,7.8,0.02,0.41,0.43,0.25,1,59
2024-25,33,328,373,Hannibal Mejbri,MID,Man Utd,14,20,1,2025-04-20T13:00:00Z,0,0,0,0,0,0,0,0,0.0,0.0,0.0,0.0,0.0,0.0,0.0,0.0,0,45
2024-25,33,328,374,Tom Heaton,GK,Man Utd,14,20,1,2025-04-20T13:00:00Z,0,0,0,0,0,0,0,0,0.0,0.0,0.0,0.0,0.0,0.0,0.0,0.0,0,39
2024-25,33,328,375,Rasmus Højlund,FWD,Man Utd,14,20,1,2025-04-20T13:00:00Z,69,2,0,0,1,0,0,3,0.0,1.2,14.0,1.4,0.07,0.01,0.08,0.13,1,69
2024-25,33,328,376,Victor Lindelöf,DEF,Man Utd,14,20,1,2025-04-20T13:00:00Z,77,2,0,0,0,1,0,13,16.8,1.0,0.0,1.8,0.0,0.0,0.0,0.22,1,43
2024-25,33,328,377,Harry Maguire,DEF,Man Utd,14,20,1,2025-04-20T13:00:00Z,0,0,0,0,0,0,0,0,0.0,0.0,0.0,0.0,0.0,0.0,0.0,0.0,0,49
2024-25,33,328,378,Kobbie Mainoo,MID,Man Utd,14,20,1,2025-04-20T13:00:00Z,58,1,0,0,0,0,0,0,1.2,2.3,3.0,0.7,0.02,0.01,0.03,0.13,1,52
2024-25,33,328,379,Tyrell Malacia,DEF,Man Utd,14,20,1,2025-04-20T13:00:00Z,0,0,0,0,0,0,0,0,0.0,0.0,0.0,0.0,0.0,0.0,0.0,0.0,0,44
2024-25,33,328,380,Lisandro Martínez,DEF,Man Utd,14,20,1,2025-04-20T13:00:00Z,0,0,0,0,0,0,0,0,0.0,0.0,0.0,0.0,0.0,0.0,0.0,0.0,0,43
2024-25,33,328,381,Scott McTominay,MID,Man Utd,14,20,1,2025-04-20T13:00:00Z,0,0,0,0,0,0,0,0,0.0,0.0,0.0,0.0,0.0,0.0,0.0,0.0,0,49
2024-25,33,328,382,Mason Mount,MID,Man Utd,14,20,1,2025-04-20T13:00:00Z,31,1,0,0,0,1,0,-2,0.0,3.8,13.0,1.2,0.51,0.06,0.57,0.12,0,63
2024-25,33,328,383,André Onana,GK,Man Utd,14,20,1,2025-04-20T13:00:00Z,90,2,0,0,0,1,0,5,7.8,0.0,0.0,0.8,0.0,0.0,0.0,0.25,1,49
2024-25,33,328,384,Facundo Pellistri Rebollo,MID,Man Utd,14,20,1,2025-04-20T13:00:00Z,0,0,0,0,0,0,0,0,0.0,0.0,0.0,0.0,0.0,0.0,0.0,0.0,0,50
2024-25,33,321,385,Marcus Rashford,MID,Aston Villa,2,15,1,2025-04-19T16:30:00Z,7,1,0,0,0,0,0,5,4.0,13.6,0.0,1.8,0.0,0.01,0.01,0.0,0,67
2024-25,33,336,385,Marcus Rashford,MID,Aston Villa,2,13,0,2025-04-22T19:00:00Z,75,8,1,0,0,1,1,23,37.0,17.1,44.0,9.8,1.49,0.05,1.54,0.91,1,67
2024-25,33,325,386,Jadon Sancho,MID,Chelsea,6,9,0,2025-04-20T13:00:00Z,45,1,0,0,0,0,0,6,7.4,16.7,21.0,4.5,0.03,0.03,0.06,0.18,0,62
2024-25,33,328,387,Luke Shaw,DEF,Man Utd,14,20,1,2025-04-20T13:00:00Z,0,0,0,0,0,0,0,0,0.0,0.0,0.0,0.0,0.0,0.0,0.0,0.0,0,49
2024-25,33,330,388,Aaron Wan-Bissaka,DEF,West Ham,19,17,1,2025-04-19T14:00:00Z,0,0,0,0,0,0,0,0,0.0,0.0,0.0,0.0,0.0,0.0,0.0,0.0,0,45
2024-25,33,328,389,Joshua Zirkzee,FWD,Man Utd,14,20,1,2025-04-20T13:00:00Z,0,0,0,0,0,0,0,0,0.0,0.0,0.0,0.0,0.0,0.0,0.0,0.0,0,65
2024-25,33,321,390,Alex Murphy,DEF,Newcastle,15,2,0,2025-04-19T16:30:00Z,0,0,0,0,0,0,0,0,0.0,0.0,0.0,0.0,0.0,0.0,0.0,0.0,0,40
2024-25,33,321,391,Miguel Almirón Rejala,MID,Newcastle,15,2,0,2025-04-19T16:30:00Z,0,0,0,0,0,0,0,0,0.0,0.0,0.0,0.0,0.0,0.0,0.0,0.0,0,54
2024-25,33,321,392,Harvey Barnes,MID,Newcastle,15,2,0,2025-04-19T16:30:00Z,75,5,0,1,0,4,0,17,22.4,15.9,9.0,4.7,0.05,0.19,0.24,2.11,1,59
2024-25,33,321,393,Sven Botman,DEF,Newcastle,15,2,0,2025-04-19T16:30:00Z,0,0,0,0,0,0,0,0,0.0,0.0,0.0,0.0,0.0,0.0,0.0,0.0,0,44
2024-25,33,321,394,Bruno Guimarães Rodriguez Moura,MID,Newcastle,15,2,0,2025-04-19T16:30:00Z,90,1,0,0,0,4,0,7,6.2,16.5,11.0,3.4,0.09,0.12,0.21,2.26,1,62
2024-25,33,321,395,Dan Burn,DEF,Newcastle,15,2,0,2025-04-19T16:30:00Z,90,-2,0,0,0,4,0,-11,1.8,1.6,8.0,1.1,0.04,0.01,0.05,2.26,1,45
2024-25,33,321,396,Martin Dúbravka,GK,Newcastle,15,2,0,2025-04-19T16:30:00Z,0,0,0,0,0,0,0,0,0.0,0.0,0.0,0.0,0.0,0.0,0.0,0.0,0,41
2024-25,33,330,397,Ryan Fraser,MID,Southampton,17,19,0,2025-04-19T14:00:00Z,0,0,0,0,0,0,0,0,0.0,0.0,0.0,0.0,0.0,0.0,0.0,0.0,0,48
2024-25,33,321,398,Anthony Gordon,MID,Newcastle,15,2,0,2025-04-19T16:30:00Z,25,1,0,0,0,2,0,4,2.8,2.5,2.0,0.7,0.0,0.01,0.01,0.41,0,74
2024-25,33,321,399,Lewis Hall,DEF,Newcastle,15,2,0,2025-04-19T16:30:00Z,0,0,0,0,0,0,0,0,0.0,0.0,0.0,0.0,0.0,0.0,0.0,0.0,0,47
2024-25,33,321,400,Isaac Hayden,MID,Newcastle,15,2,0,2025-04-19T16:30:00Z,0,0,0,0,0,0,0,0,0.0,0.0,0.0,0.0,0.0,0.0,0.0,0.0,0,44
2024-25,33,321,401,Alexander Isak,FWD,Newcastle,15,2,0,2025-04-19T16:30:00Z,75,2,0,0,0,4,0,7,5.2,12.2,27.0,4.4,0.05,0.01,0.06,2.11,1,95
2024-25,33,321,402,Jacob Murphy,MID,Newcastle,15,2,0,2025-04-19T16:30:00Z,64,2,0,0,0,2,0,12,12.0,16.0,6.0,3.4,0.0,0.09,0.09,1.84,1,52
2024-25,33,321,403,Joelinton Cássio Apolinário de Lira,MID,Newcastle,15,2,0,2025-04-19T16:30:00Z,90,1,0,0,0,4,0,9,14.0,18.6,13.0,4.6,0.05,0.31,0.36,2.26,1,60
2024-25,33,321,404,Lloyd Kelly,DEF,Newcastle,15,2,0,2025-04-19T16:30:00Z,0,0,0,0,0,0,0,0,0.0,0.0,0.0,0.0,0.0,0.0,0.0,0.0,0,42
2024-25,33,321,405,Emil Krafth,DEF,Newcastle,15,2,0,2025-04-19T16:30:00Z,14,1,0,0,0,0,0,4,5.4,0.3,0.0,0.6,0.0,0.0,0.0,0.15,0,43
2024-25,33,321,406,Garang Kuol,MID,Newcastle,15,2,0,2025-04-19T16:30:00Z,0,0,0,0,0,0,0,0,0.0,0.0,0.0,0.0,0.0,0.0,0.0,0.0,0,44
2024-25,33,321,407,Jamaal Lascelles,DEF,Newcastle,15,2,0,2025-04-19T16:30:00Z,0,0,0,0,0,0,0,0,0.0,0.0,0.0,0.0,0.0,0.0,0.0,0.0,0,45
2024-25,33,321,408,Jamal Lewis,DEF,Newcastle,15,2,0,2025-04-19T16:30:00Z,0,0,0,0,0,0,0,0,0.0,0.0,0.0,0.0,0.0,0.0,0.0,0.0,0,40
2024-25,33,321,409,Tino Livramento,DEF,Newcastle,15,2,0,2025-04-19T16:30:00Z,90,0,0,0,0,4,0,0,9.2,12.9,15.0,3.7,0.1,0.04,0.14,2.26,1,46
2024-25,33,321,410,Sean Longstaff,MID,Newcastle,15,2,0,2025-04-19T16:30:00Z,0,0,0,0,0,0,0,0,0.0,0.0,0.0,0.0,0.0,0.0,0.0,0.0,0,44
2024-25,33,321,411,Lewis Miley,MID,Newcastle,15,2,0,2025-04-19T16:30:00Z,0,0,0,0,0,0,0,0,0.0,0.0,0.0,0.0,0.0,0.0,0.0,0.0,0,50
2024-25,33,321,412,Odysseas Vlachodimos,GK,Newcastle,15,2,0,2025-04-19T16:30:00Z,0,0,0,0,0,0,0,0,0.0,0.0,0.0,0.0,0.0,0.0,0.0,0.0,0,42
2024-25,33,321,413,Nick Pope,GK,Newcastle,15,2,0,2025-04-19T16:30:00Z,90,2,0,0,0,4,0,6,48.4,0.0,0.0,4.8,0.0,0.0,0.0,2.26,1,49
2024-25,33,321,414,John Ruddy,GK,Newcastle,15,2,0,2025-04-19T16:30:00Z,0,0,0,0,0,0,0,0,0.0,0.0,0.0,0.0,0.0,0.0,0.0,0.0,0,39
2024-25,33,321,415,Fabian Schär,DEF,Newcastle,15,2,0,2025-04-19T16:30:00Z,81,5,1,0,0,4,0,7,47.6,0.2,33.0,8.1,0.29,0.0,0.29,2.19,1,55
2024-25,33,321,416,Matt Targett,DEF,Newcastle,15,2,0,2025-04-19T16:30:00Z,8,1,0,0,0,0,0,4,2.6,4.6,0.0,0.7,0.0,0.07,0.07,0.07,0,39
2024-25,33,321,417,Sandro Tonali,MID,Newcastle,15,2,0,2025-04-19T16:30:00Z,90,2,0,0,0,4,0,13,10.0,3.3,11.0,2.4,0.03,0.03,0.06,2.26,1,55
2024-25,33,321,418,Kieran Trippier,DEF,Newcastle,15,2,0,2025-04-19T16:30:00Z,75,0,0,0,0,4,0,-5,20.4,21.2,0.0,4.2,0.0,0.05,0.05,2.11,1,56
2024-25,33,321,419,Joe White,MID,Newcastle,15,2,0,2025-04-19T16:30:00Z,0,0,0,0,0,0,0,0,0.0,0.0,0.0,0.0,0.0,0.0,0.0,0.0,0,45
2024-25,33,321,420,Joe Willock,MID,Newcastle,15,2,0,2025-04-19T16:30:00Z,14,1,0,0,0,0,0,-2,0.0,0.5,4.0,0.2,0.31,0.0,0.31,0.15,0,47
2024-25,33,321,421,Callum Wilson,FWD,Newcastle,15,2,0,2025-04-19T16:30:00Z,14,1,0,0,0,0,0,3,0.0,0.3,2.0,0.2,0.0,0.01,0.01,0.15,0,69
2024-25,33,329,422,Ola Aina,DEF,Nott'm Forest,16,18,0,2025-04-21T19:00:00Z,0,0,0,0,0,0,0,0,0.0,0.0,0.0,0.0,0.0,0.0,0.0,0.0,0,52
2024-25,33,329,423,Elliot Anderson,MID,Nott'm Forest,16,18,0,2025-04-21T19:00:00Z,90,10,1,0,0,1,3,36,56.0,11.8,7.0,7.5,0.03,0.01,0.04,2.14,1,50
2024-25,33,329,424,Taiwo Awoniyi,FWD,Nott'm Forest,16,18,0,2025-04-21T19:00:00Z,14,1,0,0,0,1,0,1,3.2,0.0,0.0,0.3,0.0,0.0,0.0,0.38,0,55
2024-25,33,329,425,Willy Boly,DEF,Nott'm Forest,16,18,0,2025-04-21T19:00:00Z,0,0,0,0,0,0,0,0,0.0,0.0,0.0,0.0,0.0,0.0,0.0,0.0,0,42
2024-25,33,329,426,Josh Bowler,MID,Nott'm Forest,16,18,0,2025-04-21T19:00:00Z,0,0,0,0,0,0,0,0,0.0,0.0,0.0,0.0,0.0,0.0,0.0,0.0,0,45
2024-25,33,329,427,Carlos Miguel dos Santos Pereira,GK,Nott'm Forest,16,18,0,2025-04-21T19:00:00Z,0,0,0,0,0,0,0,0,0.0,0.0,0.0,0.0,0.0,0.0,0.0,0.0,0,41
2024-25,33,329,428,Eric da Silva Moreira,MID,Nott'm Forest,16,18,0,2025-04-21T19:00:00Z,0,0,0,0,0,0,0,0,0.0,0.0,0.0,0.0,0.0,0.0,0.0,0.0,0,43
2024-25,33,329,429,Danilo dos Santos de Oliveira,MID,Nott'm Forest,16,18,0,2025-04-21T19:00:00Z,57,1,0,0,0,0,0,6,12.8,0.6,0.0,1.3,0.0,0.0,0.0,1.39,1,47
2024-25,33,329,430,Emmanuel Dennis,FWD,Nott'm Forest,16,18,0,2025-04-21T19:00:00Z,0,0,0,0,0,0,0,0,0.0,0.0,0.0,0.0,0.0,0.0,0.0,0.0,0,49
2024-25,33,329,431,Nicolás Domínguez,MID,Nott'm Forest,16,18,0,2025-04-21T19:00:00Z,57,4,0,1,0,0,0,14,28.2,10.5,2.0,4.1,0.0,0.0,0.0,1.39,1,48
2024-25,33,329,432,Anthony Elanga,MID,Nott'm Forest,16,18,0,2025-04-21T19:00:00Z,45,4,0,1,0,0,0,12,17.2,15.1,2.0,3.4,0.0,0.08,0.08,1.31,1,54
2024-25,33,329,433,Morgan Gibbs-White,MID,Nott'm Forest,16,18,0,2025-04-21T19:00:00Z,90,1,0,0,0,1,0,4,7.6,3.8,8.0,1.9,0.33,0.0,0.33,2.11,1,65
2024-25,33,329,434,Callum Hudson-Odoi,MID,Nott'm Forest,16,18,0,2025-04-21T19:00:00Z,32,1,0,0,0,1,0,7,6.0,1.3,0.0,0.7,0.0,0.02,0.02,0.75,0,52
2024-25,33,329,435,Alex Mighten,MID,Nott'm Forest,16,18,0,2025-04-21T19:00:00Z,0,0,0,0,0,0,0,0,0.0,0.0,0.0,0.0,0.0,0.0,0.0,0.0,0,45
2024-25,33,329,436,Murillo Santiago Costa dos Santos,DEF,Nott'm Forest,16,18,0,2025-04-21T19:00:00Z,90,2,0,0,0,1,0,7,32.4,0.7,0.0,3.3,0.0,0.0,0.0,2.14,1,47
2024-25,33,329,437,Neco Williams,DEF,Nott'm Forest,16,18,0,2025-04-21T19:00:00Z,90,2,0,0,0,1,0,15,28.0,0.9,0.0,2.9,0.0,0.0,0.0,2.14,1,45
2024-25,33,329,438,Omar Richards,DEF,Nott'm Forest,16,18,0,2025-04-21T19:00:00Z,0,0,0,0,0,0,0,0,0.0,0.0,0.0,0.0,0.0,0.0,0.0,0.0,0,45
2024-25,33,329,439,Lewis O'Brien,MID,Nott'm Forest,16,18,0,2025-04-21T19:00:00Z,0,0,0,0,0,0,0,0,0.0,0.0,0.0,0.0,0.0,0.0,0.0,0.0,0,50
2024-25,33,329,440,Andrew Omobamidele,DEF,Nott'm Forest,16,18,0,2025-04-21T19:00:00Z,0,0,0,0,0,0,0,0,0.0,0.0,0.0,0.0,0.0,0.0,0.0,0.0,0,42
2024-25,33,329,441,Jonathan Panzo,DEF,Nott'm Forest,16,18,0,2025-04-21T19:00:00Z,0,0,0,0,0,0,0,0,0.0,0.0,0.0,0.0,0.0,0.0,0.0,0.0,0,40
2024-25,33,329,442,Ibrahim Sangaré,MID,Nott'm Forest,16,18,0,2025-04-21T19:00:00Z,0,0,0,0,0,0,0,0,0.0,0.0,0.0,0.0,0.0,0.0,0.0,0.0,0,43
2024-25,33,329,443,Matz Sels,GK,Nott'm Forest,16,18,0,2025-04-21T19:00:00Z,90,2,0,0,0,1,0,8,25.0,0.0,0.0,2.5,0.0,0.0,0.0,2.14,1,51
2024-25,33,329,444,Harry Toffolo,DEF,Nott'm Forest,16,18,0,2025-04-21T19:00:00Z,90,1,0,0,0,1,0,10,22.0,0.8,0.0,2.3,0.0,0.0,0.0,2.14,1,42
2024-25,33,323,445,Matt Turner,GK,Crystal Palace,7,3,1,2025-04-19T14:00:00Z,0,0,0,0,0,0,0,0,0.0,0.0,0.0,0.0,0.0,0.0,0.0,0.0,0,39
2024-25,33,331,445,Matt Turner,GK,Crystal Palace,7,1,0,2025-04-23T19:00:00Z,0,0,0,0,0,0,0,0,0.0,0.0,0.0,0.0,0.0,0.0,0.0,0.0,0,39
2024-25,33,329,446,Hwang Ui-jo,FWD,Nott'm Forest,16,18,0,2025-04-21T19:00:00Z,0,0,0,0,0,0,0,0,0.0,0.0,0.0,0.0,0.0,0.0,0.0,0.0,0,45
2024-25,33,329,447,Chris Wood,FWD,Nott'm Forest,16,18,0,2025-04-21T19:00:00Z,75,8,1,0,1,0,2,33,38.2,13.8,17.0,6.9,0.12,0.24,0.36,1.76,1,69
2024-25,33,329,448,Joe Worrall,DEF,Nott'm Forest,16,18,0,2025-04-21T19:00:00Z,0,0,0,0,0,0,0,0,0.0,0.0,0.0,0.0,0.0,0.0,0.0,0.0,0,45
2024-25,33,329,449,Ryan Yates,MID,Nott'm Forest,16,18,0,2025-04-21T19:00:00Z,32,0,0,0,0,1,0,0,2.2,0.3,0.0,0.3,0.0,0.0,0.0,0.75,0,48
2024-25,33,324,450,Carlos Alcaraz Durán,MID,Everton,8,13,1,2025-04-19T14:00:00Z,11,1,0,0,0,2,0,3,0.0,0.0,0.0,0.0,0.0,0.0,0.0,1.45,0,48
2024-25,33,330,451,Samuel Amo-Ameyaw,MID,Southampton,17,19,0,2025-04-19T14:00:00Z,0,0,0,0,0,0,0,0,0.0,0.0,0.0,0.0,0.0,0.0,0.0,0.0,0,44
2024-25,33,330,452,Joe Aribo,MID,Southampton,17,19,0,2025-04-19T14:00:00Z,0,0,0,0,0,0,0,0,0.0,0.0,0.0,0.0,0.0,0.0,0.0,0.0,0,49
2024-25,33,330,453,Adam Armstrong,FWD,Southampton,17,19,0,2025-04-19T14:00:00Z,0,0,0,0,0,0,0,0,0.0,0.0,0.0,0.0,0.0,0.0,0.0,0.0,0,51
2024-25,33,330,454,Gavin Bazunu,GK,Southampton,17,19,0,2025-04-19T14:00:00Z,0,0,0,0,0,0,0,0,0.0,0.0,0.0,0.0,0.0,0.0,0.0,0.0,0,43
2024-25,33,330,455,Jan Bednarek,DEF,Southampton,17,19,0,2025-04-19T14:00:00Z,90,2,0,0,0,1,0,13,20.6,1.3,0.0,2.2,0.0,0.03,0.03,0.91,1,40
2024-25,33,330,456,Armel Bella-Kotchap,DEF,Southampton,17,19,0,2025-04-19T14:00:00Z,0,0,0,0,0,0,0,0,0.0,0.0,0.0,0.0,0.0,0.0,0.0,0.0,0,39
2024-25,33,330,457,James Bree,DEF,Southampton,17,19,0,2025-04-19T14:00:00Z,0,0,0,0,0,0,0,0,0.0,0.0,0.0,0.0,0.0,0.0,0.0,0.0,0,39
2024-25,33,330,458,Shea Charles,MID,Southampton,17,19,0,2025-04-19T14:00:00Z,0,0,0,0,0,0,0,0,0.0,0.0,0.0,0.0,0.0,0.0,0.0,0.0,0,45
2024-25,33,330,459,Samuel Edozie,MID,Southampton,17,19,0,2025-04-19T14:00:00Z,0,0,0,0,0,0,0,0,0.0,0.0,0.0,0.0,0.0,0.0,0.0,0.0,0,49
2024-25,33,330,460,Ronnie Edwards,DEF,Southampton,17,19,0,2025-04-19T14:00:00Z,0,0,0,0,0,0,0,0,0.0,0.0,0.0,0.0,0.0,0.0,0.0,0.0,0,39
2024-25,33,330,461,Taylor Harwood-Bellis,DEF,Southampton,17,19,0,2025-04-19T14:00:00Z,84,2,0,0,0,1,0,15,13.4,22.8,4.0,4.0,0.0,0.06,0.06,0.91,1,40
2024-25,33,330,462,Kamaldeen Sulemana,MID,Southampton,17,19,0,2025-04-19T14:00:00Z,73,2,0,0,0,1,0,0,1.0,3.3,17.0,2.1,0.16,0.04,0.2,0.76,1,50
2024-25,33,330,463,Adam Lallana,MID,Southampton,17,19,0,2025-04-19T14:00:00Z,0,0,0,0,0,0,0,0,0.0,0.0,0.0,0.0,0.0,0.0,0.0,0.0,0,50
2024-25,33,330,464,Juan Larios López,DEF,Southampton,17,19,0,2025-04-19T14:00:00Z,0,0,0,0,0,0,0,0,0.0,0.0,0.0,0.0,0.0,0.0,0.0,0.0,0,39
2024-25,33,330,465,Mateusz Lis,GK,Southampton,17,19,0,2025-04-19T14:00:00Z,0,0,0,0,0,0,0,0,0.0,0.0,0.0,0.0,0.0,0.0,0.0,0.0,0,40
2024-25,33,330,466,Joe Lumley,GK,Southampton,17,19,0,2025-04-19T14:00:00Z,0,0,0,0,0,0,0,0,0.0,0.0,0.0,0.0,0.0,0.0,0.0,0.0,0,40
2024-25,33,330,467,Ryan Manning,DEF,Southampton,17,19,0,2025-04-19T14:00:00Z,84,2,0,0,0,1,0,12,9.0,30.9,9.0,4.9,0.05,0.08,0.13,0.91,1,43
2024-25,33,330,468,Sékou Mara,FWD,Southampton,17,19,0,2025-04-19T14:00:00Z,0,0,0,0,0,0,0,0,0.0,0.0,0.0,0.0,0.0,0.0,0.0,0.0,0,50
2024-25,33,330,469,Alex McCarthy,GK,Southampton,17,19,0,2025-04-19T14:00:00Z,0,0,0,0,0,0,0,0,0.0,0.0,0.0,0.0,0.0,0.0,0.0,0.0,0,42
2024-25,33,330,470,Paul Onuachu,FWD,Southampton,17,19,0,2025-04-19T14:00:00Z,68,1,0,0,0,1,0,2,0.0,2.1,11.0,0.9,0.05,0.01,0.06,0.74,1,49
2024-25,33,330,471,Will Smallbone,MID,Southampton,17,19,0,2025-04-19T14:00:00Z,0,0,0,0,0,0,0,0,0.0,0.0,0.0,0.0,0.0,0.0,0.0,0.0,0,50
2024-25,33,330,472,Jack Stephens,DEF,Southampton,17,19,0,2025-04-19T14:00:00Z,90,2,0,0,0,1,0,13,24.6,13.4,15.0,5.3,0.04,0.04,0.08,0.91,1,40
2024-25,33,330,473,Ross Stewart,FWD,Southampton,17,19,0,2025-04-19T14:00:00Z,5,1,0,0,0,0,0,3,2.0,0.0,0.0,0.2,0.0,0.0,0.0,0.0,0,44
2024-25,33,330,474,Sugawara Yukinari,DEF,Southampton,17,19,0,2025-04-19T14:00:00Z,0,0,0,0,0,0,0,0,0.0,0.0,0.0,0.0,0.0,0.0,0.0,0.0,0,42
2024-25,33,330,475,Charlie Taylor,DEF,Southampton,17,19,0,2025-04-19T14:00:00Z,0,0,0,0,0,0,0,0,0.0,0.0,0.0,0.0,0.0,0.0,0.0,0.0,0,39
2024-25,33,330,476,Kyle Walker-Peters,DEF,Southampton,17,19,0,2025-04-19T14:00:00Z,90,5,0,1,0,1,0,16,4.2,7.0,15.0,2.6,0.09,0.02,0.11,0.91,1,42
2024-25,33,330,477,Nathan Wood-Gordon,DEF,Southampton,17,19,0,2025-04-19T14:00:00Z,0,0,0,0,0,0,0,0,0.0,0.0,0.0,0.0,0.0,0.0,0.0,0.0,0,40
2024-25,33,329,478,Ashley Phillips,DEF,Spurs,18,16,1,2025-04-21T19:00:00Z,0,0,0,0,0,0,0,0,0.0,0.0,0.0,0.0,0.0,0.0,0.0,0.0,0,40
2024-25,33,329,479,Brandon Austin,GK,Spurs,18,16,1,2025-04-21T19:00:00Z,0,0,0,0,0,0,0,0,0.0,0.0,0.0,0.0,0.0,0.0,0.0,0.0,0,40
2024-25,33,329,480,Rodrigo Bentancur,MID,Spurs,18,16,1,2025-04-21T19:00:00Z,90,2,0,0,0,2,0,14,15.0,16.0,4.0,3.5,0.0,0.06,0.06,0.48,1,49
2024-25,33,329,481,Lucas Bergvall,MID,Spurs,18,16,1,2025-04-21T19:00:00Z,9,1,0,0,0,0,0,4,2.8,1.3,0.0,0.4,0.0,0.01,0.01,0.0,0,44
2024-25,33,329,482,Yves Bissouma,MID,Spurs,18,16,1,2025-04-21T19:00:00Z,0,0,0,0,0,0,0,0,0.0,0.0,0.0,0.0,0.0,0.0,0.0,0.0,0,48
2024-25,33,329,483,Bryan Gil Salvatierra,MID,Spurs,18,16,1,2025-04-21T19:00:00Z,0,0,0,0,0,0,0,0,0.0,0.0,0.0,0.0,0.0,0.0,0.0,0.0,0,50
2024-25,33,329,484,Ben Davies,DEF,Spurs,18,16,1,2025-04-21T19:00:00Z,45,1,0,0,0,0,0,17,16.6,6.1,3.0,2.6,0.01,0.17,0.18,0.31,0,43
2024-25,33,329,485,Alfie Devine,MID,Spurs,18,16,1,2025-04-21T19:00:00Z,0,0,0,0,0,0,0,0,0.0,0.0,0.0,0.0,0.0,0.0,0.0,0.0,0,45
2024-25,33,329,486,Radu Drăgușin,DEF,Spurs,18,16,1,2025-04-21T19:00:00Z,0,0,0,0,0,0,0,0,0.0,0.0,0.0,0.0,0.0,0.0,0.0,0.0,0,43
2024-25,33,329,487,Emerson Leite de Souza Junior,DEF,Spurs,18,16,1,2025-04-21T19:00:00Z,0,0,0,0,0,0,0,0,0.0,0.0,0.0,0.0,0.0,0.0,0.0,0.0,0,45
2024-25,33,329,488,Fraser Forster,GK,Spurs,18,16,1,2025-04-21T19:00:00Z,0,0,0,0,0,0,0,0,0.0,0.0,0.0,0.0,0.0,0.0,0.0,0.0,0,43
2024-25,33,329,489,Archie Gray,MID,Spurs,18,16,1,2025-04-21T19:00:00Z,0,0,0,0,0,0,0,0,0.0,0.0,0.0,0.0,0.0,0.0,0.0,0.0,0,46
2024-25,33,329,490,Pierre-Emile Højbjerg,MID,Spurs,18,16,1,2025-04-21T19:00:00Z,0,0,0,0,0,0,0,0,0.0,0.0,0.0,0.0,0.0,0.0,0.0,0.0,0,50
2024-25,33,329,491,Brennan Johnson,MID,Spurs,18,16,1,2025-04-21T19:00:00Z,23,1,0,0,0,0,0,4,0.4,1.3,4.0,0.6,0.0,0.01,0.01,0.0,0,62
2024-25,33,329,492,Dejan Kulusevski,MID,Spurs,18,16,1,2025-04-21T19:00:00Z,66,2,0,0,0,2,0,8,8.0,14.1,29.0,5.1,0.08,0.02,0.1,0.48,1,62
2024-25,33,329,493,Giovani Lo Celso,MID,Spurs,18,16,1,2025-04-21T19:00:00Z,0,0,0,0,0,0,0,0,0.0,0.0,0.0,0.0,0.0,0.0,0.0,0.0,0,49
2024-25,33,329,494,James Maddison,MID,Spurs,18,16,1,2025-04-21T19:00:00Z,0,0,0,0,0,0,0,0,0.0,0.0,0.0,0.0,0.0,0.0,0.0,0.0,0,74
2024-25,33,329,495,Pedro Porro,DEF,Spurs,18,16,1,2025-04-21T19:00:00Z,90,5,0,1,0,2,1,32,54.2,108.0,4.0,16.6,0.03,0.35,0.38,0.48,1,53
2024-25,33,329,496,Sergio Reguilón,DEF,Spurs,18,16,1,2025-04-21T19:00:00Z,0,0,0,0,0,0,0,0,0.0,0.0,0.0,0.0,0.0,0.0,0.0,0.0,0,41
2024-25,33,329,497,Richarlison de Andrade,FWD,Spurs,18,16,1,2025-04-21T19:00:00Z,90,6,1,0,0,2,0,13,29.0,1.3,78.0,10.8,1.46,0.0,1.46,0.48,1,68
2024-25,33,329,498,Cristian Romero,DEF,Spurs,18,16,1,2025-04-21T19:00:00Z,45,-1,0,0,0,2,0,1,4.8,1.6,6.0,1.2,0.1,0.02,0.12,0.17,1,49
2024-25,33,329,499,Pape Matar Sarr,MID,Spurs,18,16,1,2025-04-21T19:00:00Z,80,2,0,0,0,2,0,11,0.2,3.9,9.0,1.3,0.08,0.04,0.12,0.48,1,47
2024-25,33,329,500,Dane Scarlett,FWD,Spurs,18,16,1,2025-04-21T19:00:00Z,0,0,0,0,0,0,0,0,0.0,0.0,0.0,0.0,0.0,0.0,0.0,0.0,0,44
2024-25,33,327,501,Oliver Skipp,MID,Leicester,11,12,1,2025-04-20T15:30:00Z,7,1,0,0,0,0,0,4,0.0,1.3,0.0,0.1,0.0,0.0,0.0,0.0,0,47
2024-25,33,329,502,Manor Solomon,MID,Spurs,18,16,1,2025-04-21T19:00:00Z,0,0,0,0,0,0,0,0,0.0,0.0,0.0,0.0,0.0,0.0,0.0,0.0,0,54
2024-25,33,329,503,Son Heung-min,MID,Spurs,18,16,1,2025-04-21T19:00:00Z,0,0,0,0,0,0,0,0,0.0,0.0,0.0,0.0,0.0,0.0,0.0,0.0,0,98
2024-25,33,329,504,Djed Spence,DEF,Spurs,18,16,1,2025-04-21T19:00:00Z,90,1,0,0,0,2,0,2,11.2,7.7,6.0,2.5,0.07,0.02,0.09,0.48,1,44
2024-25,33,329,505,Destiny Udogie,DEF,Spurs,18,16,1,2025-04-21T19:00:00Z,0,0,0,0,0,0,0,0,0.0,0.0,0.0,0.0,0.0,0.0,0.0,0.0,0,48
2024-25,33,329,506,Micky van de Ven,DEF,Spurs,18,16,1,2025-04-21T19:00:00Z,45,0,0,0,0,2,0,3,9.6,1.8,0.0,1.1,0.0,0.01,0.01,0.17,1,45
2024-25,33,329,507,Alejo Véliz,FWD,Spurs,18,16,1,2025-04-21T19:00:00Z,0,0,0,0,0,0,0,0,0.0,0.0,0.0,0.0,0.0,0.0,0.0,0.0,0,50
2024-25,33,329,508,Guglielmo Vicario,GK,Spurs,18,16,1,2025-04-21T19:00:00Z,90,1,0,0,0,2,0,-1,2.2,0.0,0.0,0.2,0.0,0.0,0.0,0.48,1,48
2024-25,33,329,509,Timo Werner,MID,Spurs,18,16,1,2025-04-21T19:00:00Z,0,0,0,0,0,0,0,0,0.0,0.0,0.0,0.0,0.0,0.0,0.0,0.0,0,62
2024-25,33,329,510,Alfie Whiteman,GK,Spurs,18,16,1,2025-04-21T19:00:00Z,0,0,0,0,0,0,0,0,0.0,0.0,0.0,0.0,0.0,0.0,0.0,0.0,0,39
2024-25,33,330,511,Edson Álvarez Velázquez,MID,West Ham,19,17,1,2025-04-19T14:00:00Z,0,0,0,0,0,0,0,0,0.0,0.0,0.0,0.0,0.0,0.0,0.0,0.0,0,50
2024-25,33,330,512,Michail Antonio,FWD,West Ham,19,17,1,2025-04-19T14:00:00Z,0,0,0,0,0,0,0,0,0.0,0.0,0.0,0.0,0.0,0.0,0.0,0.0,0,52
2024-25,33,330,513,Alphonse Areola,GK,West Ham,19,17,1,2025-04-19T14:00:00Z,90,3,0,0,0,1,0,10,15.4,0.0,0.0,1.5,0.0,0.0,0.0,0.64,1,42
2024-25,33,330,514,Jarrod Bowen,MID,West Ham,19,17,1,2025-04-19T14:00:00Z,85,9,1,0,1,0,1,22,32.6,2.8,26.0,6.1,0.16,0.04,0.2,0.5,1,75
2024-25,33,330,515,Maxwel Cornet,MID,Southampton,17,19,0,2025-04-19T14:00:00Z,0,0,0,0,0,0,0,0,0.0,0.0,0.0,0.0,0.0,0.0,0.0,0.0,0,47
2024-25,33,330,516,Vladimír Coufal,DEF,West Ham,19,17,1,2025-04-19T14:00:00Z,90,1,0,0,0,1,0,5,16.6,2.2,0.0,1.9,0.0,0.01,0.01,0.64,1,41
2024-25,33,330,517,Aaron Cresswell,DEF,West Ham,19,17,1,2025-04-19T14:00:00Z,0,0,0,0,0,0,0,0,0.0,0.0,0.0,0.0,0.0,0.0,0.0,0.0,0,39
2024-25,33,330,518,Flynn Downes,MID,Southampton,17,19,0,2025-04-19T14:00:00Z,90,2,0,0,0,1,0,18,14.0,24.3,5.0,4.3,0.02,0.05,0.07,0.91,1,47
2024-25,33,330,519,George Earthy,MID,West Ham,19,17,1,2025-04-19T14:00:00Z,0,0,0,0,0,0,0,0,0.0,0.0,0.0,0.0,0.0,0.0,0.0,0.0,0,45
2024-25,33,330,520,Emerson Palmieri dos Santos,DEF,West Ham,19,17,1,2025-04-19T14:00:00Z,79,8,0,0,1,0,2,24,6.6,3.3,7.0,1.7,0.11,0.03,0.14,0.37,1,44
2024-25,33,330,521,Łukasz Fabiański,GK,West Ham,19,17,1,2025-04-19T14:00:00Z,0,0,0,0,0,0,0,0,0.0,0.0,0.0,0.0,0.0,0.0,0.0,0.0,0,40
2024-25,33,330,522,Wes Foderingham,GK,West Ham,19,17,1,2025-04-19T14:00:00Z,0,0,0,0,0,0,0,0,0.0,0.0,0.0,0.0,0.0,0.0,0.0,0.0,0,42
2024-25,33,330,523,Danny Ings,FWD,West Ham,19,17,1,2025-04-19T14:00:00Z,0,0,0,0,0,0,0,0,0.0,0.0,0.0,0.0,0.0,0.0,0.0,0.0,0,49
2024-25,33,330,524,Max Kilman,DEF,West Ham,19,17,1,2025-04-19T14:00:00Z,90,1,0,0,0,1,0,9,29.8,0.6,0.0,3.0,0.0,0.01,0.01,0.64,1,43
2024-25,33,330,525,Mohammed Kudus,MID,West Ham,19,17,1,2025-04-19T14:00:00Z,74,3,0,0,1,0,0,16,2.6,16.3,20.0,3.9,0.17,0.2,0.37,0.37,1,62
2024-25,33,330,526,Luis Guilherme Lira dos Santos,MID,West Ham,19,17,1,2025-04-19T14:00:00Z,15,1,0,0,0,1,0,5,4.2,0.1,17.0,2.1,0.15,0.0,0.15,0.27,0,46
2024-25,33,330,527,Lucas Tolentino Coelho de Lima,MID,West Ham,19,17,1,2025-04-19T14:00:00Z,90,2,0,0,0,1,0,17,18.8,59.7,5.0,8.4,0.08,0.42,0.5,0.64,1,57
2024-25,33,330,528,Konstantinos Mavropanos,DEF,West Ham,19,17,1,2025-04-19T14:00:00Z,4,1,0,0,0,1,0,-1,1.0,0.0,0.0,0.1,0.0,0.0,0.0,0.14,0,43
2024-25,33,330,529,Nayef Aguerd,DEF,West Ham,19,17,1,2025-04-19T14:00:00Z,0,0,0,0,0,0,0,0,0.0,0.0,0.0,0.0,0.0,0.0,0.0,0.0,0,44
2024-25,33,330,530,Tomáš Souček,MID,West Ham,19,17,1,2025-04-19T14:00:00Z,10,1,0,0,0,1,0,4,3.2,0.2,0.0,0.3,0.0,0.0,0.0,0.27,0,49
2024-25,33,330,531,James Ward-Prowse,MID,West Ham,19,17,1,2025-04-19T14:00:00Z,85,3,0,0,1,0,0,15,13.4,14.3,20.0,4.8,0.1,0.03,0.13,0.5,1,61
2024-25,33,330,532,Kurt Zouma,DEF,West Ham,19,17,1,2025-04-19T14:00:00Z,0,0,0,0,0,0,0,0,0.0,0.0,0.0,0.0,0.0,0.0,0.0,0.0,0,44
2024-25,33,328,533,Rayan Aït-Nouri,DEF,Wolves,20,14,0,2025-04-20T13:00:00Z,81,5,0,0,1,0,0,11,4.2,3.2,2.0,0.9,0.0,0.0,0.0,0.74,1,49
2024-25,33,328,534,Boubacar Traoré,MID,Wolves,20,14,0,2025-04-20T13:00:00Z,0,0,0,0,0,0,0,0,0.0,0.0,0.0,0.0,0.0,0.0,0.0,0.0,0,48
2024-25,33,328,535,Jean-Ricner Bellegarde,MID,Wolves,20,14,0,2025-04-20T13:00:00Z,0,0,0,0,0,0,0,0,0.0,0.0,0.0,0.0,0.0,0.0,0.0,0.0,0,49
2024-25,33,328,536,Daniel Bentley,GK,Wolves,20,14,0,2025-04-20T13:00:00Z,90,7,0,0,1,0,1,24,11.4,0.0,0.0,1.1,0.0,0.0,0.0,1.32,1,39
2024-25,33,328,537,Francisco Jorge Tomás Oliveira,MID,Wolves,20,14,0,2025-04-20T13:00:00Z,0,0,0,0,0,0,0,0,0.0,0.0,0.0,0.0,0.0,0.0,0.0,0.0,0,45
2024-25,33,328,538,Tawanda Chirewa,MID,Wolves,20,14,0,2025-04-20T13:00:00Z,0,0,0,0,0,0,0,0,0.0,0.0,0.0,0.0,0.0,0.0,0.0,0.0,0,45
2024-25,33,328,539,Leon Chiwome,FWD,Wolves,20,14,0,2025-04-20T13:00:00Z,0,0,0,0,0,0,0,0,0.0,0.0,0.0,0.0,0.0,0.0,0.0,0.0,0,44
2024-25,33,328,540,Luke Cundle,MID,Wolves,20,14,0,2025-04-20T13:00:00Z,0,0,0,0,0,0,0,0,0.0,0.0,0.0,0.0,0.0,0.0,0.0,0.0,0,45
2024-25,33,328,541,Matheus Santos Carneiro Da Cunha,FWD,Wolves,20,14,0,2025-04-20T13:00:00Z,90,8,0,1,1,0,3,28,10.0,23.8,9.0,4.3,0.03,0.11,0.14,1.25,1,68
2024-25,33,328,542,Craig Dawson,DEF,Wolves,20,14,0,2025-04-20T13:00:00Z,0,0,0,0,0,0,0,0,0.0,0.0,0.0,0.0,0.0,0.0,0.0,0.0,0,42
2024-25,33,328,543,Matt Doherty,DEF,Wolves,20,14,0,2025-04-20T13:00:00Z,8,1,0,0,0,0,0,3,3.2,0.0,0.0,0.3,0.0,0.0,0.0,0.58,0,43
2024-25,33,328,544,Tommy Doyle,MID,Wolves,20,14,0,2025-04-20T13:00:00Z,0,0,0,0,0,0,0,0,0.0,0.0,0.0,0.0,0.0,0.0,0.0,0.0,0,47
2024-25,33,328,545,Fábio Silva,FWD,Wolves,20,14,0,2025-04-20T13:00:00Z,0,0,0,0,0,0,0,0,0.0,0.0,0.0,0.0,0.0,0.0,0.0,0.0,0,50
2024-25,33,328,546,Nathan Fraser,FWD,Wolves,20,14,0,2025-04-20T13:00:00Z,0,0,0,0,0,0,0,0,0.0,0.0,0.0,0.0,0.0,0.0,0.0,0.0,0,45
2024-25,33,328,547,Enso González,MID,Wolves,20,14,0,2025-04-20T13:00:00Z,0,0,0,0,0,0,0,0,0.0,0.0,0.0,0.0,0.0,0.0,0.0,0.0,0,44
2024-25,33,328,548,Gonçalo Manuel Ganchinho Guedes,MID,Wolves,20,14,0,2025-04-20T13:00:00Z,0,0,0,0,0,0,0,0,0.0,0.0,0.0,0.0,0.0,0.0,0.0,0.0,0,53
2024-25,33,328,549,Hugo Bueno López,DEF,Wolves,20,14,0,2025-04-20T13:00:00Z,0,0,0,0,0,0,0,0,0.0,0.0,0.0,0.0,0.0,0.0,0.0,0.0,0,45
2024-25,33,328,550,Hwang Hee-chan,MID,Wolves,20,14,0,2025-04-20T13:00:00Z,0,0,0,0,0,0,0,0,0.0,0.0,0.0,0.0,0.0,0.0,0.0,0.0,0,61
2024-25,33,328,551,Joe Hodge,MID,Wolves,20,14,0,2025-04-20T13:00:00Z,0,0,0,0,0,0,0,0,0.0,0.0,0.0,0.0,0.0,0.0,0.0,0.0,0,45
2024-25,33,328,552,Ki-Jana Hoever,DEF,Wolves,20,14,0,2025-04-20T13:00:00Z,0,0,0,0,0,0,0,0,0.0,0.0,0.0,0.0,0.0,0.0,0.0,0.0,0,40
2024-25,33,328,553,João Victor Gomes da Silva,MID,Wolves,20,14,0,2025-04-20T13:00:00Z,90,3,0,0,1,0,0,10,13.0,7.1,0.0,2.0,0.0,0.03,0.03,1.32,1,49
2024-25,33,328,554,José Malheiro de Sá,GK,Wolves,20,14,0,2025-04-20T13:00:00Z,0,0,0,0,0,0,0,0,0.0,0.0,0.0,0.0,0.0,0.0,0.0,0.0,0,44
2024-25,33,328,555,Saša Kalajdžić,FWD,Wolves,20,14,0,2025-04-20T13:00:00Z,0,0,0,0,0,0,0,0,0.0,0.0,0.0,0.0,0.0,0.0,0.0,0.0,0,48
2024-25,33,328,556,Tom King,GK,Wolves,20,14,0,2025-04-20T13:00:00Z,0,0,0,0,0,0,0,0,0.0,0.0,0.0,0.0,0.0,0.0,0.0,0.0,0,40
2024-25,33,328,557,Mario Lemina,MID,Wolves,20,14,0,2025-04-20T13:00:00Z,0,0,0,0,0,0,0,0,0.0,0.0,0.0,0.0,0.0,0.0,0.0,0.0,0,48
2024-25,33,328,558,Yerson Mosquera,DEF,Wolves,20,14,0,2025-04-20T13:00:00Z,0,0,0,0,0,0,0,0,0.0,0.0,0.0,0.0,0.0,0.0,0.0,0.0,0,38
2024-25,33,328,559,Nélson Cabral Semedo,DEF,Wolves,20,14,0,2025-04-20T13:00:00Z,73,6,0,0,1,0,0,19,3.2,2.8,1.0,0.7,0.02,0.02,0.04,0.74,1,45
2024-25,33,325,560,Pedro Lomba Neto,MID,Chelsea,6,9,0,2025-04-20T13:00:00Z,90,10,1,0,0,1,3,48,55.8,37.3,48.0,14.1,0.29,0.1,0.39,0.25,1,61
2024-25,33,328,561,Pedro Cardoso de Lima,DEF,Wolves,20,14,0,2025-04-20T13:00:00Z,0,0,0,0,0,0,0,0,0.0,0.0,0.0,0.0,0.0,0.0,0.0,0.0,0,39
2024-25,33,328,562,Daniel Castelo Podence,MID,Wolves,20,14,0,2025-04-20T13:00:00Z,0,0,0,0,0,0,0,0,0.0,0.0,0.0,0.0,0.0,0.0,0.0,0.0,0,55
2024-25,33,328,563,Rodrigo Martins Gomes,MID,Wolves,20,14,0,2025-04-20T13:00:00Z,16,1,0,0,0,0,0,5,2.0,10.5,4.0,1.7,0.0,0.01,0.01,0.58,0,51
2024-25,33,328,564,Santiago Bueno,DEF,Wolves,20,14,0,2025-04-20T13:00:00Z,90,6,0,0,1,0,0,21,32.0,0.7,0.0,3.3,0.0,0.02,0.02,1.32,1,43
2024-25,33,328,565,Pablo Sarabia,MID,Wolves,20,14,0,2025-04-20T13:00:00Z,16,5,1,0,0,0,0,23,34.2,0.3,7.0,4.2,0.09,0.0,0.09,0.58,0,50
2024-25,33,328,566,Jørgen Strand Larsen,FWD,Wolves,20,14,0,2025-04-20T13:00:00Z,73,2,0,0,1,0,0,0,0.0,1.7,10.0,1.0,0.11,0.01,0.12,0.74,1,54
2024-25,33,328,567,Toti António Gomes,DEF,Wolves,20,14,0,2025-04-20T13:00:00Z,90,9,0,0,1,0,3,28,21.0,0.3,0.0,2.1,0.0,0.0,0.0,1.32,1,43
2024-25,33,326,568,Arijanet Muric,GK,Ipswich,10,1,1,2025-04-20T13:00:00Z,0,0,0,0,0,0,0,0,0.0,0.0,0.0,0.0,0.0,0.0,0.0,0.0,0,44
2024-25,33,326,569,Jaden Philogene,MID,Ipswich,10,1,1,2025-04-20T13:00:00Z,0,0,0,0,0,0,0,0,0.0,0.0,0.0,0.0,0.0,0.0,0.0,0.0,0,53
2024-25,33,327,570,Abdul Fatawu,MID,Leicester,11,12,1,2025-04-20T15:30:00Z,0,0,0,0,0,0,0,0,0.0,0.0,0.0,0.0,0.0,0.0,0.0,0.0,0,51
2024-25,33,324,571,Sávio 'Savinho' Moreira de Oliveira,MID,Man City,13,8,0,2025-04-19T14:00:00Z,77,3,0,0,1,0,0,14,11.0,18.6,21.0,5.1,0.09,0.1,0.19,0.87,1,62
2024-25,33,336,571,Sávio 'Savinho' Moreira de Oliveira,MID,Man City,13,2,1,2025-04-22T19:00:00Z,0,0,0,0,0,0,0,0,0.0,0.0,0.0,0.0,0.0,0.0,0.0,0.0,0,62
2024-25,33,328,572,Leny Yoro,DEF,Man Utd,14,20,1,2025-04-20T13:00:00Z,12,1,0,0,0,0,0,3,2.8,0.6,0.0,0.3,0.0,0.01,0.01,0.03,0,43
2024-25,33,329,573,Nikola Milenković,DEF,Nott'm Forest,16,18,0,2025-04-21T19:00:00Z,90,2,0,0,0,1,0,8,25.4,0.2,0.0,2.6,0.0,0.01,0.01,2.14,1,51
2024-25,33,321,574,Miodrag Pivaš,DEF,Newcastle,15,2,0,2025-04-19T16:30:00Z,0,0,0,0,0,0,0,0,0.0,0.0,0.0,0.0,0.0,0.0,0.0,0.0,0,40
2024-25,33,325,575,Caleb Wiley,DEF,Chelsea,6,9,0,2025-04-20T13:00:00Z,0,0,0,0,0,0,0,0,0.0,0.0,0.0,0.0,0.0,0.0,0.0,0.0,0,40
2024-25,33,330,576,Andy Irving,MID,West Ham,19,17,1,2025-04-19T14:00:00Z,0,0,0,0,0,0,0,0,0.0,0.0,0.0,0.0,0.0,0.0,0.0,0.0,0,47
2024-25,33,324,577,Jesper Lindstrøm,MID,Everton,8,13,1,2025-04-19T14:00:00Z,0,0,0,0,0,0,0,0,0.0,0.0,0.0,0.0,0.0,0.0,0.0,0.0,0,50
2024-25,33,326,578,Riccardo Calafiori,DEF,Arsenal,1,10,0,2025-04-20T13:00:00Z,0,0,0,0,0,0,0,0,0.0,0.0,0.0,0.0,0.0,0.0,0.0,0.0,0,58
2024-25,33,331,578,Riccardo Calafiori,DEF,Arsenal,1,7,1,2025-04-23T19:00:00Z,0,0,0,0,0,0,0,0,0.0,0.0,0.0,0.0,0.0,0.0,0.0,0.0,0,58
2024-25,33,325,579,Ryan Sessegnon,DEF,Fulham,9,6,1,2025-04-20T13:00:00Z,78,11,0,1,1,0,2,39,31.4,14.6,6.0,5.2,0.0,0.01,0.01,0.73,1,41
2024-25,33,323,580,Dean Huijsen,DEF,Bournemouth,3,7,0,2025-04-19T14:00:00Z,90,8,0,0,1,0,2,30,36.2,16.2,5.0,5.7,0.04,0.04,0.08,0.37,1,45
2024-25,33,325,581,Filip Jørgensen,GK,Chelsea,6,9,0,2025-04-20T13:00:00Z,0,0,0,0,0,0,0,0,0.0,0.0,0.0,0.0,0.0,0.0,0.0,0.0,0,42
2024-25,33,324,582,Jake O'Brien,DEF,Everton,8,13,1,2025-04-19T14:00:00Z,90,1,0,0,0,2,0,4,13.0,1.2,0.0,1.4,0.0,0.0,0.0,2.04,1,45
2024-25,33,326,583,Conor Townsend,DEF,Ipswich,10,1,1,2025-04-20T13:00:00Z,0,0,0,0,0,0,0,0,0.0,0.0,0.0,0.0,0.0,0.0,0.0,0.0,0,39
2024-25,33,330,584,Ben Brereton Díaz,MID,Southampton,17,19,0,2025-04-19T14:00:00Z,0,0,0,0,0,0,0,0,0.0,0.0,0.0,0.0,0.0,0.0,0.0,0.0,0,48
2024-25,33,323,585,Ismaïla Sarr,MID,Crystal Palace,7,3,1,2025-04-19T14:00:00Z,90,2,0,0,1,0,0,6,5.8,14.8,0.0,2.1,0.0,0.39,0.39,0.7,1,58
2024-25,33,331,585,Ismaïla Sarr,MID,Crystal Palace,7,1,0,2025-04-23T19:00:00Z,27,1,0,0,0,0,0,6,3.2,18.8,22.0,4.4,0.25,0.1,0.35,0.38,0,58
2024-25,33,325,586,Jorge Cuenca Barreno,DEF,Fulham,9,6,1,2025-04-20T13:00:00Z,0,0,0,0,0,0,0,0,0.0,0.0,0.0,0.0,0.0,0.0,0.0,0.0,0,44
2024-25,33,330,587,Crysencio Summerville,MID,West Ham,19,17,1,2025-04-19T14:00:00Z,0,0,0,0,0,0,0,0,0.0,0.0,0.0,0.0,0.0,0.0,0.0,0.0,0,55
2024-25,33,330,588,Guido Rodríguez,MID,West Ham,19,17,1,2025-04-19T14:00:00Z,0,0,0,0,0,0,0,0,0.0,0.0,0.0,0.0,0.0,0.0,0.0,0.0,0,48
2024-25,33,330,589,Niclas Füllkrug,FWD,West Ham,19,17,1,2025-04-19T14:00:00Z,79,5,0,1,1,0,0,20,29.0,41.7,29.0,10.0,0.11,0.07,0.18,0.37,1,67
2024-25,33,321,590,William Osula,FWD,Newcastle,15,2,0,2025-04-19T16:30:00Z,0,0,0,0,0,0,0,0,0.0,0.0,0.0,0.0,0.0,0.0,0.0,0.0,0,49
2024-25,33,330,591,Jean-Clair Todibo,DEF,West Ham,19,17,1,2025-04-19T14:00:00Z,90,2,0,0,0,1,0,12,24.2,0.4,0.0,2.5,0.0,0.0,0.0,0.64,1,42
2024-25,33,323,592,Julián Araujo Zúñiga,DEF,Bournemouth,3,7,0,2025-04-19T14:00:00Z,6,1,0,0,0,0,0,3,1.8,2.3,2.0,0.6,0.0,0.01,0.01,0.0,0,43
2024-25,33,328,593,Matthijs de Ligt,DEF,Man Utd,14,20,1,2025-04-20T13:00:00Z,0,0,0,0,0,0,0,0,0.0,0.0,0.0,0.0,0.0,0.0,0.0,0.0,0,48
2024-25,33,328,594,Noussair Mazraoui,DEF,Man Utd,14,20,1,2025-04-20T13:00:00Z,90,2,0,0,0,1,0,17,19.6,14.3,0.0,3.4,0.0,0.04,0.04,0.25,1,42
2024-25,33,322,595,Brajan Gruda,MID,Brighton,5,4,0,2025-04-19T14:00:00Z,0,0,0,0,0,0,0,0,0.0,0.0,0.0,0.0,0.0,0.0,0.0,0.0,0,54
2024-25,33,329,596,João Pedro Ferreira Silva,MID,Nott'm Forest,16,18,0,2025-04-21T19:00:00Z,0,0,0,0,0,0,0,0,0.0,0.0,0.0,0.0,0.0,0.0,0.0,0.0,0,59
2024-25,33,326,597,Myles Lewis-Skelly,MID,Arsenal,1,10,0,2025-04-20T13:00:00Z,33,1,0,0,0,0,0,3,2.2,2.9,5.0,1.0,0.08,0.02,0.1,0.08,0,45
2024-25,33,331,597,Myles Lewis-Skelly,MID,Arsenal,1,7,1,2025-04-23T19:00:00Z,85,2,0,0,0,2,0,16,8.2,18.2,2.0,2.8,0.0,0.04,0.04,1.65,1,45
2024-25,33,321,598,Lamare Bogarde,DEF,Aston Villa,2,15,1,2025-04-19T16:30:00Z,0,0,0,0,0,0,0,0,0.0,0.0,0.0,0.0,0.0,0.0,0.0,0.0,0,39
2024-25,33,336,598,Lamare Bogarde,DEF,Aston Villa,2,13,0,2025-04-22T19:00:00Z,0,0,0,0,0,0,0,0,0.0,0.0,0.0,0.0,0.0,0.0,0.0,0.0,0,39
2024-25,33,323,599,Will Dennis,GK,Bournemouth,3,7,0,2025-04-19T14:00:00Z,0,0,0,0,0,0,0,0,0.0,0.0,0.0,0.0,0.0,0.0,0.0,0.0,0,39
2024-25,33,322,600,Yasin Ayari,MID,Brighton,5,4,0,2025-04-19T14:00:00Z,13,1,0,0,0,1,0,4,3.0,5.9,0.0,0.9,0.0,0.03,0.03,0.3,0,50
2024-25,33,322,601,Andrew Moran,MID,Brighton,5,4,0,2025-04-19T14:00:00Z,0,0,0,0,0,0,0,0,0.0,0.0,0.0,0.0,0.0,0.0,0.0,0.0,0,50
2024-25,33,322,602,Ryan Trevitt,MID,Brentford,4,5,1,2025-04-19T14:00:00Z,0,0,0,0,0,0,0,0,0.0,0.0,0.0,0.0,0.0,0.0,0.0,0.0,0,44
2024-25,33,324,603,Harrison Armstrong,MID,Everton,8,13,1,2025-04-19T14:00:00Z,0,0,0,0,0,0,0,0,0.0,0.0,0.0,0.0,0.0,0.0,0.0,0.0,0,44
2024-25,33,325,604,Josh King,MID,Fulham,9,6,1,2025-04-20T13:00:00Z,0,0,0,0,0,0,0,0,0.0,0.0,0.0,0.0,0.0,0.0,0.0,0.0,0,44
2024-25,33,325,605,Martial Godo,MID,Fulham,9,6,1,2025-04-20T13:00:00Z,0,0,0,0,0,0,0,0,0.0,0.0,0.0,0.0,0.0,0.0,0.0,0.0,0,44
2024-25,33,327,606,Will Alves,MID,Leicester,11,12,1,2025-04-20T15:30:00Z,0,0,0,0,0,0,0,0,0.0,0.0,0.0,0.0,0.0,0.0,0.0,0.0,0,44
2024-25,33,324,607,Nico O'Reilly,MID,Man City,13,8,0,2025-04-19T14:00:00Z,90,11,1,0,1,0,3,40,48.6,14.3,33.0,9.6,0.86,0.02,0.88,0.91,1,49
2024-25,33,336,607,Nico O'Reilly,MID,Man City,13,2,1,2025-04-22T19:00:00Z,90,2,0,0,0,1,0,11,5.0,18.9,8.0,3.2,0.03,0.33,0.36,1.76,1,49
2024-25,33,330,608,Tyler Dibling,MID,Southampton,17,19,0,2025-04-19T14:00:00Z,16,1,0,0,0,0,0,1,1.4,13.3,4.0,1.9,0.14,0.01,0.15,0.15,0,43
2024-25,33,329,609,Will Lankshear,FWD,Spurs,18,16,1,2025-04-21T19:00:00Z,0,0,0,0,0,0,0,0,0.0,0.0,0.0,0.0,0.0,0.0,0.0,0.0,0,45
2024-25,33,329,610,Mikey Moore,MID,Spurs,18,16,1,2025-04-21T19:00:00Z,0,0,0,0,0,0,0,0,0.0,0.0,0.0,0.0,0.0,0.0,0.0,0.0,0,45
2024-25,33,326,611,Sam Szmodics,MID,Ipswich,10,1,1,2025-04-20T13:00:00Z,0,0,0,0,0,0,0,0,0.0,0.0,0.0,0.0,0.0,0.0,0.0,0.0,0,57
2024-25,33,329,612,Wilson Odobert,MID,Spurs,18,16,1,2025-04-21T19:00:00Z,66,2,0,0,0,2,0,15,14.0,22.3,11.0,4.7,0.02,0.47,0.49,0.48,1,53
2024-25,33,328,613,Toby Collyer,MID,Man Utd,14,20,1,2025-04-20T13:00:00Z,0,0,0,0,0,0,0,0,0.0,0.0,0.0,0.0,0.0,0.0,0.0,0.0,0,45
2024-25,33,324,614,Jenson Metcalfe,MID,Everton,8,13,1,2025-04-19T14:00:00Z,0,0,0,0,0,0,0,0,0.0,0.0,0.0,0.0,0.0,0.0,0.0,0.0,0,45
2024-25,33,322,615,Carl Rushworth,GK,Brighton,5,4,0,2025-04-19T14:00:00Z,0,0,0,0,0,0,0,0,0.0,0.0,0.0,0.0,0.0,0.0,0.0,0.0,0,39
2024-25,33,327,616,Ben Nelson,DEF,Leicester,11,12,1,2025-04-20T15:30:00Z,0,0,0,0,0,0,0,0,0.0,0.0,0.0,0.0,0.0,0.0,0.0,0.0,0,40
2024-25,33,323,617,Francisco Evanilson de Lima Barbosa,FWD,Bournemouth,3,7,0,2025-04-19T14:00:00Z,90,2,0,0,1,0,0,9,12.2,12.8,33.0,5.8,0.2,0.03,0.23,0.37,1,58
2024-25,33,322,618,Georginio Rutter,MID,Brighton,5,4,0,2025-04-19T14:00:00Z,0,0,0,0,0,0,0,0,0.0,0.0,0.0,0.0,0.0,0.0,0.0,0.0,0,50
2024-25,33,326,619,Jens Cajuste,MID,Ipswich,10,1,1,2025-04-20T13:00:00Z,81,2,0,0,0,3,0,5,10.6,2.6,0.0,1.3,0.0,0.0,0.0,2.24,1,45
2024-25,33,329,620,Ramón Sosa,MID,Nott'm Forest,16,18,0,2025-04-21T19:00:00Z,1,1,0,0,0,0,0,4,0.0,0.0,2.0,0.2,0.0,0.0,0.0,0.03,0,55
2024-25,33,325,621,João Félix Sequeira,MID,Chelsea,6,9,0,2025-04-20T13:00:00Z,0,0,0,0,0,0,0,0,0.0,0.0,0.0,0.0,0.0,0.0,0.0,0.0,0,59
2024-25,33,325,622,Sander Berge,MID,Fulham,9,6,1,2025-04-20T13:00:00Z,90,2,0,0,0,2,0,15,8.4,1.8,2.0,1.2,0.0,0.02,0.02,0.9,1,50
2024-25,33,330,623,Mateus Gonçalo Espanha Fernandes,MID,Southampton,17,19,0,2025-04-19T14:00:00Z,90,2,0,0,0,1,0,17,13.0,41.1,2.0,5.6,0.0,0.12,0.12,0.91,1,50
2024-25,33,324,624,Asmir Begovic,GK,Everton,8,13,1,2025-04-19T14:00:00Z,0,0,0,0,0,0,0,0,0.0,0.0,0.0,0.0,0.0,0.0,0.0,0.0,0,40
2024-25,33,324,625,Ilkay Gündogan,MID,Man City,13,8,0,2025-04-19T14:00:00Z,90,6,0,1,1,0,0,26,30.0,36.5,13.0,8.0,0.09,0.13,0.22,0.91,1,63
2024-25,33,336,625,Ilkay Gündogan,MID,Man City,13,2,1,2025-04-22T19:00:00Z,90,2,0,0,0,1,0,6,8.6,8.6,2.0,1.9,0.0,0.02,0.02,1.76,1,63
2024-25,33,324,626,Issa Kaboré,DEF,Man City,13,8,0,2025-04-19T14:00:00Z,0,0,0,0,0,0,0,0,0.0,0.0,0.0,0.0,0.0,0.0,0.0,0.0,0,45
2024-25,33,336,626,Issa Kaboré,DEF,Man City,13,2,1,2025-04-22T19:00:00Z,0,0,0,0,0,0,0,0,0.0,0.0,0.0,0.0,0.0,0.0,0.0,0.0,0,45
2024-25,33,324,627,Roman Dixon,DEF,Everton,8,13,1,2025-04-19T14:00:00Z,0,0,0,0,0,0,0,0,0.0,0.0,0.0,0.0,0.0,0.0,0.0,0.0,0,40
2024-25,33,322,628,Ferdi Kadioglu,DEF,Brighton,5,4,0,2025-04-19T14:00:00Z,0,0,0,0,0,0,0,0,0.0,0.0,0.0,0.0,0.0,0.0,0.0,0.0,0,44
2024-25,33,322,629,Matt O'Riley,MID,Brighton,5,4,0,2025-04-19T14:00:00Z,64,2,0,0,0,3,0,8,3.6,27.9,12.0,4.4,0.1,0.1,0.2,1.86,1,55
2024-25,33,326,630,Dara O'Shea,DEF,Ipswich,10,1,1,2025-04-20T13:00:00Z,90,0,0,0,0,4,0,-3,17.0,0.4,0.0,1.7,0.0,0.01,0.01,2.55,1,39
2024-25,33,326,631,Jack Clarke,MID,Ipswich,10,1,1,2025-04-20T13:00:00Z,34,1,0,0,0,2,0,9,7.4,10.9,2.0,2.0,0.0,0.0,0.0,1.31,1,54
2024-25,33,326,632,Chiedozie Ogbene,MID,Ipswich,10,1,1,2025-04-20T13:00:00Z,0,0,0,0,0,0,0,0,0.0,0.0,0.0,0.0,0.0,0.0,0.0,0.0,0,48
2024-25,33,326,633,Mikel Merino,MID,Arsenal,1,10,0,2025-04-20T13:00:00Z,56,4,0,1,0,0,0,13,26.6,19.0,15.0,6.1,0.44,0.04,0.48,0.09,1,61
2024-25,33,331,633,Mikel Merino,MID,Arsenal,1,7,1,2025-04-23T19:00:00Z,0,0,0,0,0,0,0,0,0.0,0.0,0.0,0.0,0.0,0.0,0.0,0.0,0,61
2024-25,33,322,634,Gustavo Nunes Fernandes Gomes,MID,Brentford,4,5,1,2025-04-19T14:00:00Z,1,1,0,0,0,0,0,3,0.0,0.0,0.0,0.0,0.0,0.0,0.0,0.0,0,49
2024-25,33,327,635,Bilal El Khannouss,MID,Leicester,11,12,1,2025-04-20T15:30:00Z,90,2,0,0,0,1,0,14,10.0,3.4,1.0,1.4,0.04,0.01,0.05,2.57,1,48
2024-25,33,327,636,Federico Chiesa,MID,Liverpool,12,11,0,2025-04-20T15:30:00Z,0,0,0,0,0,0,0,0,0.0,0.0,0.0,0.0,0.0,0.0,0.0,0.0,0,68
2024-25,33,328,637,Bastien Meupiyou,DEF,Wolves,20,14,0,2025-04-20T13:00:00Z,0,0,0,0,0,0,0,0,0.0,0.0,0.0,0.0,0.0,0.0,0.0,0.0,0,39
2024-25,33,326,638,Salah-Eddine Oulad M'hand,MID,Arsenal,1,10,0,2025-04-20T13:00:00Z,0,0,0,0,0,0,0,0,0.0,0.0,0.0,0.0,0.0,0.0,0.0,0.0,0,45
2024-25,33,331,638,Salah-Eddine Oulad M'hand,MID,Arsenal,1,7,1,2025-04-23T19:00:00Z,0,0,0,0,0,0,0,0,0.0,0.0,0.0,0.0,0.0,0.0,0.0,0.0,0,45
2024-25,33,326,639,Tommy Setford,GK,Arsenal,1,10,0,2025-04-20T13:00:00Z,0,0,0,0,0,0,0,0,0.0,0.0,0.0,0.0,0.0,0.0,0.0,0.0,0,45
2024-25,33,331,639,Tommy Setford,GK,Arsenal,1,7,1,2025-04-23T19:00:00Z,0,0,0,0,0,0,0,0,0.0,0.0,0.0,0.0,0.0,0.0,0.0,0.0,0,45
2024-25,33,321,640,Sil Swinkels,DEF,Aston Villa,2,15,1,2025-04-19T16:30:00Z,0,0,0,0,0,0,0,0,0.0,0.0,0.0,0.0,0.0,0.0,0.0,0.0,0,40
2024-25,33,336,640,Sil Swinkels,DEF,Aston Villa,2,13,0,2025-04-22T19:00:00Z,0,0,0,0,0,0,0,0,0.0,0.0,0.0,0.0,0.0,0.0,0.0,0.0,0,40
2024-25,33,321,641,Oliwier Zych,GK,Aston Villa,2,15,1,2025-04-19T16:30:00Z,0,0,0,0,0,0,0,0,0.0,0.0,0.0,0.0,0.0,0.0,0.0,0.0,0,40
2024-25,33,336,641,Oliwier Zych,GK,Aston Villa,2,13,0,2025-04-22T19:00:00Z,0,0,0,0,0,0,0,0,0.0,0.0,0.0,0.0,0.0,0.0,0.0,0.0,0,40
2024-25,33,328,642,André Trindade da Costa Neto,MID,Wolves,20,14,0,2025-04-20T13:00:00Z,90,2,0,0,1,0,0,14,16.8,16.2,0.0,3.3,0.0,0.02,0.02,1.32,1,50
2024-25,33,330,643,Kaelan Casey,DEF,West Ham,19,17,1,2025-04-19T14:00:00Z,0,0,0,0,0,0,0,0,0.0,0.0,0.0,0.0,0.0,0.0,0.0,0.0,0,40
2024-25,33,323,644,Franco Umeh-Chibueze,MID,Crystal Palace,7,3,1,2025-04-19T14:00:00Z,0,0,0,0,0,0,0,0,0.0,0.0,0.0,0.0,0.0,0.0,0.0,0.0,0,44
2024-25,33,331,644,Franco Umeh-Chibueze,MID,Crystal Palace,7,1,0,2025-04-23T19:00:00Z,0,0,0,0,0,0,0,0,0.0,0.0,0.0,0.0,0.0,0.0,0.0,0.0,0,44
2024-25,33,323,645,Justin Devenny,MID,Crystal Palace,7,3,1,2025-04-19T14:00:00Z,1,1,0,0,0,0,0,3,2.0,0.1,0.0,0.2,0.0,0.0,0.0,0.02,0,45
2024-25,33,331,645,Justin Devenny,MID,Crystal Palace,7,1,0,2025-04-23T19:00:00Z,79,1,0,0,0,2,0,2,4.6,3.8,19.0,2.7,0.14,0.01,0.15,1.12,1,45
2024-25,33,323,646,Asher Agbinone,MID,Crystal Palace,7,3,1,2025-04-19T14:00:00Z,0,0,0,0,0,0,0,0,0.0,0.0,0.0,0.0,0.0,0.0,0.0,0.0,0,45
2024-25,33,331,646,Asher Agbinone,MID,Crystal Palace,7,1,0,2025-04-23T19:00:00Z,0,0,0,0,0,0,0,0,0.0,0.0,0.0,0.0,0.0,0.0,0.0,0.0,0,45
2024-25,33,323,647,Kaden Rodney,MID,Crystal Palace,7,3,1,2025-04-19T14:00:00Z,0,0,0,0,0,0,0,0,0.0,0.0,0.0,0.0,0.0,0.0,0.0,0.0,0,45
2024-25,33,331,647,Kaden Rodney,MID,Crystal Palace,7,1,0,2025-04-23T19:00:00Z,0,0,0,0,0,0,0,0,0.0,0.0,0.0,0.0,0.0,0.0,0.0,0.0,0,45
2024-25,33,328,648,Ethan Wheatley,FWD,Man Utd,14,20,1,2025-04-20T13:00:00Z,0,0,0,0,0,0,0,0,0.0,0.0,0.0,0.0,0.0,0.0,0.0,0.0,0,45
2024-25,33,322,649,Jayden Meghoma,DEF,Brentford,4,5,1,2025-04-19T14:00:00Z,0,0,0,0,0,0,0,0,0.0,0.0,0.0,0.0,0.0,0.0,0.0,0.0,0,40
2024-25,33,323,650,Maxence Lacroix,DEF,Crystal Palace,7,3,1,2025-04-19T14:00:00Z,90,6,0,0,1,0,0,25,32.6,10.1,6.0,4.9,0.0,0.0,0.0,0.72,1,45
2024-25,33,331,650,Maxence Lacroix,DEF,Crystal Palace,7,1,0,2025-04-23T19:00:00Z,90,1,0,0,0,2,0,7,13.8,0.5,0.0,1.4,0.0,0.0,0.0,1.22,1,45
2024-25,33,324,651,Orel Mangala,MID,Everton,8,13,1,2025-04-19T14:00:00Z,0,0,0,0,0,0,0,0,0.0,0.0,0.0,0.0,0.0,0.0,0.0,0.0,0,50
2024-25,33,328,652,Manuel Ugarte,MID,Man Utd,14,20,1,2025-04-20T13:00:00Z,58,1,0,0,0,0,0,9,10.2,3.1,0.0,1.3,0.0,0.01,0.01,0.13,1,49
2024-25,33,329,653,Felipe Rodrigues da Silva,DEF,Nott'm Forest,16,18,0,2025-04-21T19:00:00Z,45,1,0,0,0,1,0,1,7.4,0.2,0.0,0.8,0.0,0.0,0.0,0.83,0,45
2024-25,33,330,654,Carlos Soler,MID,West Ham,19,17,1,2025-04-19T14:00:00Z,90,2,0,0,0,1,0,15,16.0,10.0,1.0,2.7,0.03,0.02,0.05,0.64,1,50
2024-25,33,328,655,Carlos Roberto Forbs Borges,MID,Wolves,20,14,0,2025-04-20T13:00:00Z,0,0,0,0,0,0,0,0,0.0,0.0,0.0,0.0,0.0,0.0,0.0,0.0,0,54
2024-25,33,321,656,Kadan Young,MID,Aston Villa,2,15,1,2025-04-19T16:30:00Z,0,0,0,0,0,0,0,0,0.0,0.0,0.0,0.0,0.0,0.0,0.0,0.0,0,44
2024-25,33,336,656,Kadan Young,MID,Aston Villa,2,13,0,2025-04-22T19:00:00Z,0,0,0,0,0,0,0,0,0.0,0.0,0.0,0.0,0.0,0.0,0.0,0.0,0,44
2024-25,33,326,657,Maldini Kacurri,DEF,Arsenal,1,10,0,2025-04-20T13:00:00Z,0,0,0,0,0,0,0,0,0.0,0.0,0.0,0.0,0.0,0.0,0.0,0.0,0,40
2024-25,33,331,657,Maldini Kacurri,DEF,Arsenal,1,7,1,2025-04-23T19:00:00Z,0,0,0,0,0,0,0,0,0.0,0.0,0.0,0.0,0.0,0.0,0.0,0.0,0,40
2024-25,33,328,658,Ayden Heaven,DEF,Man Utd,14,20,1,2025-04-20T13:00:00Z,0,0,0,0,0,0,0,0,0.0,0.0,0.0,0.0,0.0,0.0,0.0,0.0,0,40
2024-25,33,326,659,Ismeal Kabia,MID,Arsenal,1,10,0,2025-04-20T13:00:00Z,0,0,0,0,0,0,0,0,0.0,0.0,0.0,0.0,0.0,0.0,0.0,0.0,0,45
2024-25,33,331,659,Ismeal Kabia,MID,Arsenal,1,7,1,2025-04-23T19:00:00Z,0,0,0,0,0,0,0,0,0.0,0.0,0.0,0.0,0.0,0.0,0.0,0.0,0,45
2024-25,33,327,660,Vítezslav Jaros,GK,Liverpool,12,11,0,2025-04-20T15:30:00Z,0,0,0,0,0,0,0,0,0.0,0.0,0.0,0.0,0.0,0.0,0.0,0.0,0,40
2024-25,33,322,661,Tony Yogane,MID,Brentford,4,5,1,2025-04-19T14:00:00Z,0,0,0,0,0,0,0,0,0.0,0.0,0.0,0.0,0.0,0.0,0.0,0.0,0,45
2024-25,33,326,662,Josh Nichols,DEF,Arsenal,1,10,0,2025-04-20T13:00:00Z,0,0,0,0,0,0,0,0,0.0,0.0,0.0,0.0,0.0,0.0,0.0,0.0,0,40
2024-25,33,331,662,Josh Nichols,DEF,Arsenal,1,7,1,2025-04-23T19:00:00Z,0,0,0,0,0,0,0,0,0.0,0.0,0.0,0.0,0.0,0.0,0.0,0.0,0,40
2024-25,33,322,663,Imari Samuels,DEF,Brighton,5,4,0,2025-04-19T14:00:00Z,0,0,0,0,0,0,0,0,0.0,0.0,0.0,0.0,0.0,0.0,0.0,0.0,0,40
2024-25,33,328,664,Alfie Pond,DEF,Wolves,20,14,0,2025-04-20T13:00:00Z,0,0,0,0,0,0,0,0,0.0,0.0,0.0,0.0,0.0,0.0,0.0,0.0,0,39
2024-25,33,326,665,Nathan Butler-Oyedeji,FWD,Arsenal,1,10,0,2025-04-20T13:00:00Z,6,1,0,0,0,0,0,5,3.0,0.0,17.0,2.0,0.07,0.0,0.07,0.04,0,45
2024-25,33,331,665,Nathan Butler-Oyedeji,FWD,Arsenal,1,7,1,2025-04-23T19:00:00Z,0,0,0,0,0,0,0,0,0.0,0.0,0.0,0.0,0.0,0.0,0.0,0.0,0,45
2024-25,33,323,666,Caleb Kporha,DEF,Crystal Palace,7,3,1,2025-04-19T14:00:00Z,0,0,0,0,0,0,0,0,0.0,0.0,0.0,0.0,0.0,0.0,0.0,0.0,0,40
2024-25,33,331,666,Caleb Kporha,DEF,Crystal Palace,7,1,0,2025-04-23T19:00:00Z,0,0,0,0,0,0,0,0,0.0,0.0,0.0,0.0,0.0,0.0,0.0,0.0,0,40
2024-25,33,328,667,Jack Fletcher,MID,Man Utd,14,20,1,2025-04-20T13:00:00Z,0,0,0,0,0,0,0,0,0.0,0.0,0.0,0.0,0.0,0.0,0.0,0.0,0,45
2024-25,33,322,668,Killian Cahill,GK,Brighton,5,4,0,2025-04-19T14:00:00Z,0,0,0,0,0,0,0,0,0.0,0.0,0.0,0.0,0.0,0.0,0.0,0.0,0,39
2024-25,33,327,669,Harvey Davies,GK,Liverpool,12,11,0,2025-04-20T15:30:00Z,0,0,0,0,0,0,0,0,0.0,0.0,0.0,0.0,0.0,0.0,0.0,0.0,0,40
2024-25,33,328,670,Harry Amass,DEF,Man Utd,14,20,1,2025-04-20T13:00:00Z,90,2,0,0,0,1,0,11,11.8,17.6,4.0,3.3,0.0,0.04,0.04,0.25,1,40
2024-25,33,324,671,Jacob Wright,MID,Man City,13,8,0,2025-04-19T14:00:00Z,0,0,0,0,0,0,0,0,0.0,0.0,0.0,0.0,0.0,0.0,0.0,0.0,0,45
2024-25,33,336,671,Jacob Wright,MID,Man City,13,2,1,2025-04-22T19:00:00Z,0,0,0,0,0,0,0,0,0.0,0.0,0.0,0.0,0.0,0.0,0.0,0.0,0,45
2024-25,33,324,672,Jahmai Simpson-Pusey,DEF,Man City,13,8,0,2025-04-19T14:00:00Z,0,0,0,0,0,0,0,0,0.0,0.0,0.0,0.0,0.0,0.0,0.0,0.0,0,40
2024-25,33,336,672,Jahmai Simpson-Pusey,DEF,Man City,13,2,1,2025-04-22T19:00:00Z,0,0,0,0,0,0,0,0,0.0,0.0,0.0,0.0,0.0,0.0,0.0,0.0,0,40
2024-25,33,328,673,Jayce Fitzgerald,MID,Man Utd,14,20,1,2025-04-20T13:00:00Z,0,0,0,0,0,0,0,0,0.0,0.0,0.0,0.0,0.0,0.0,0.0,0.0,0,45
2024-25,33,322,674,Paris Maghoma,MID,Brentford,4,5,1,2025-04-19T14:00:00Z,0,0,0,0,0,0,0,0,0.0,0.0,0.0,0.0,0.0,0.0,0.0,0.0,0,45
2024-25,33,324,675,Josh Wilson-Esbrand,DEF,Man City,13,8,0,2025-04-19T14:00:00Z,0,0,0,0,0,0,0,0,0.0,0.0,0.0,0.0,0.0,0.0,0.0,0.0,0,40
2024-25,33,336,675,Josh Wilson-Esbrand,DEF,Man City,13,2,1,2025-04-22T19:00:00Z,0,0,0,0,0,0,0,0,0.0,0.0,0.0,0.0,0.0,0.0,0.0,0.0,0,40
2024-25,33,323,676,Zach Marsh,FWD,Crystal Palace,7,3,1,2025-04-19T14:00:00Z,0,0,0,0,0,0,0,0,0.0,0.0,0.0,0.0,0.0,0.0,0.0,0.0,0,45
2024-25,33,331,676,Zach Marsh,FWD,Crystal Palace,7,1,0,2025-04-23T19:00:00Z,0,0,0,0,0,0,0,0,0.0,0.0,0.0,0.0,0.0,0.0,0.0,0.0,0,45
2024-25,33,330,677,Ollie Scarles,DEF,West Ham,19,17,1,2025-04-19T14:00:00Z,10,1,0,0,0,1,0,-1,1.0,0.0,0.0,0.1,0.0,0.0,0.0,0.27,0,40
2024-25,33,324,678,Callum Bates,MID,Everton,8,13,1,2025-04-19T14:00:00Z,0,0,0,0,0,0,0,0,0.0,0.0,0.0,0.0,0.0,0.0,0.0,0.0,0,45
2024-25,33,321,679,Ben Broggio,MID,Aston Villa,2,15,1,2025-04-19T16:30:00Z,0,0,0,0,0,0,0,0,0.0,0.0,0.0,0.0,0.0,0.0,0.0,0.0,0,45
2024-25,33,336,679,Ben Broggio,MID,Aston Villa,2,13,0,2025-04-22T19:00:00Z,0,0,0,0,0,0,0,0,0.0,0.0,0.0,0.0,0.0,0.0,0.0,0.0,0,45
2024-25,33,323,680,Max Kinsey,DEF,Bournemouth,3,7,0,2025-04-19T14:00:00Z,0,0,0,0,0,0,0,0,0.0,0.0,0.0,0.0,0.0,0.0,0.0,0.0,0,40
2024-25,33,322,681,Ruairi McConville,DEF,Brighton,5,4,0,2025-04-19T14:00:00Z,0,0,0,0,0,0,0,0,0.0,0.0,0.0,0.0,0.0,0.0,0.0,0.0,0,40
2024-25,33,328,682,Tom Edozie,MID,Wolves,20,14,0,2025-04-20T13:00:00Z,0,0,0,0,0,0,0,0,0.0,0.0,0.0,0.0,0.0,0.0,0.0,0.0,0,45
2024-25,33,329,683,Callum Olusesi,MID,Spurs,18,16,1,2025-04-21T19:00:00Z,0,0,0,0,0,0,0,0,0.0,0.0,0.0,0.0,0.0,0.0,0.0,0.0,0,45
2024-25,33,329,684,Malachi Hardy,DEF,Spurs,18,16,1,2025-04-21T19:00:00Z,0,0,0,0,0,0,0,0,0.0,0.0,0.0,0.0,0.0,0.0,0.0,0.0,0,40
2024-25,33,322,685,Jacob Slater,DEF,Brighton,5,4,0,2025-04-19T14:00:00Z,0,0,0,0,0,0,0,0,0.0,0.0,0.0,0.0,0.0,0.0,0.0,0.0,0,40
2024-25,33,330,686,Ezra Mayers,DEF,West Ham,19,17,1,2025-04-19T14:00:00Z,0,0,0,0,0,0,0,0,0.0,0.0,0.0,0.0,0.0,0.0,0.0,0.0,0,40
2024-25,33,323,687,Ben Winterburn,MID,Bournemouth,3,7,0,2025-04-19T14:00:00Z,0,0,0,0,0,0,0,0,0.0,0.0,0.0,0.0,0.0,0.0,0.0,0.0,0,45
2024-25,33,327,688,Treymaurice Nyoni,MID,Liverpool,12,11,0,2025-04-20T15:30:00Z,0,0,0,0,0,0,0,0,0.0,0.0,0.0,0.0,0.0,0.0,0.0,0.0,0,45
2024-25,33,329,689,Luca Williams-Barnett,MID,Spurs,18,16,1,2025-04-21T19:00:00Z,0,0,0,0,0,0,0,0,0.0,0.0,0.0,0.0,0.0,0.0,0.0,0.0,0,45
2024-25,33,325,690,Samuel Amissah,DEF,Fulham,9,6,1,2025-04-20T13:00:00Z,0,0,0,0,0,0,0,0,0.0,0.0,0.0,0.0,0.0,0.0,0.0,0.0,0,40
2024-25,33,328,691,Godwill Kukonki,DEF,Man Utd,14,20,1,2025-04-20T13:00:00Z,0,0,0,0,0,0,0,0,0.0,0.0,0.0,0.0,0.0,0.0,0.0,0.0,0,40
2024-25,33,327,692,Amara Nallo,DEF,Liverpool,12,11,0,2025-04-20T15:30:00Z,0,0,0,0,0,0,0,0,0.0,0.0,0.0,0.0,0.0,0.0,0.0,0.0,0,40
2024-25,33,330,693,Joseph O'Brien-Whitmarsh,MID,Southampton,17,19,0,2025-04-19T14:00:00Z,0,0,0,0,0,0,0,0,0.0,0.0,0.0,0.0,0.0,0.0,0.0,0.0,0,45
2024-25,33,327,694,Henry Cartwright,MID,Leicester,11,12,1,2025-04-20T15:30:00Z,0,0,0,0,0,0,0,0,0.0,0.0,0.0,0.0,0.0,0.0,0.0,0.0,0,45
2024-25,33,325,695,Samuel Rak-Sakyi,MID,Chelsea,6,9,0,2025-04-20T13:00:00Z,0,0,0,0,0,0,0,0,0.0,0.0,0.0,0.0,0.0,0.0,0.0,0.0,0,45
2024-25,33,325,696,Tyrique George,MID,Chelsea,6,9,0,2025-04-20T13:00:00Z,12,6,1,0,0,0,0,23,34.0,1.3,7.0,4.2,0.07,0.0,0.07,0.07,0,45
2024-25,33,325,697,Josh Acheampong,DEF,Chelsea,6,9,0,2025-04-20T13:00:00Z,0,0,0,0,0,0,0,0,0.0,0.0,0.0,0.0,0.0,0.0,0.0,0.0,0,40
2024-25,33,324,698,Divin Mubama,FWD,Man City,13,8,0,2025-04-19T14:00:00Z,0,0,0,0,0,0,0,0,0.0,0.0,0.0,0.0,0.0,0.0,0.0,0.0,0,45
2024-25,33,336,698,Divin Mubama,FWD,Man City,13,2,1,2025-04-22T19:00:00Z,0,0,0,0,0,0,0,0,0.0,0.0,0.0,0.0,0.0,0.0,0.0,0.0,0,45
2024-25,33,329,699,Alfie Dorrington,DEF,Spurs,18,16,1,2025-04-21T19:00:00Z,0,0,0,0,0,0,0,0,0.0,0.0,0.0,0.0,0.0,0.0,0.0,0.0,0,40
2024-25,33,329,700,Maeson King,DEF,Spurs,18,16,1,2025-04-21T19:00:00Z,0,0,0,0,0,0,0,0,0.0,0.0,0.0,0.0,0.0,0.0,0.0,0.0,0,40
2024-25,33,330,701,Lewis Orford,MID,West Ham,19,17,1,2025-04-19T14:00:00Z,0,0,0,0,0,0,0,0,0.0,0.0,0.0,0.0,0.0,0.0,0.0,0.0,0,45
2024-25,33,323,702,Archie Harris,DEF,Bournemouth,3,7,0,2025-04-19T14:00:00Z,0,0,0,0,0,0,0,0,0.0,0.0,0.0,0.0,0.0,0.0,0.0,0.0,0,40
2024-25,33,324,703,Max Alleyne,DEF,Man City,13,8,0,2025-04-19T14:00:00Z,0,0,0,0,0,0,0,0,0.0,0.0,0.0,0.0,0.0,0.0,0.0,0.0,0,40
2024-25,33,336,703,Max Alleyne,DEF,Man City,13,2,1,2025-04-22T19:00:00Z,0,0,0,0,0,0,0,0,0.0,0.0,0.0,0.0,0.0,0.0,0.0,0.0,0,40
2024-25,33,324,704,Spike Brits,GK,Man City,13,8,0,2025-04-19T14:00:00Z,0,0,0,0,0,0,0,0,0.0,0.0,0.0,0.0,0.0,0.0,0.0,0.0,0,40
2024-25,33,336,704,Spike Brits,GK,Man City,13,2,1,2025-04-22T19:00:00Z,0,0,0,0,0,0,0,0,0.0,0.0,0.0,0.0,0.0,0.0,0.0,0.0,0,40
2024-25,33,322,705,Benjamin Arthur,DEF,Brentford,4,5,1,2025-04-19T14:00:00Z,0,0,0,0,0,0,0,0,0.0,0.0,0.0,0.0,0.0,0.0,0.0,0.0,0,40
2024-25,33,329,706,Zach Abbott,DEF,Nott'm Forest,16,18,0,2025-04-21T19:00:00Z,0,0,0,0,0,0,0,0,0.0,0.0,0.0,0.0,0.0,0.0,0.0,0.0,0,40
2024-25,33,323,707,Remy Rees-Dottin,FWD,Bournemouth,3,7,0,2025-04-19T14:00:00Z,0,0,0,0,0,0,0,0,0.0,0.0,0.0,0.0,0.0,0.0,0.0,0.0,0,45
2024-25,33,327,708,Thomas Wilson-Brown,DEF,Leicester,11,12,1,2025-04-20T15:30:00Z,0,0,0,0,0,0,0,0,0.0,0.0,0.0,0.0,0.0,0.0,0.0,0.0,0,40
2024-25,33,327,709,Jayden Danns,FWD,Liverpool,12,11,0,2025-04-20T15:30:00Z,0,0,0,0,0,0,0,0,0.0,0.0,0.0,0.0,0.0,0.0,0.0,0.0,0,45
2024-25,33,321,710,Jamaldeen Jimoh,MID,Aston Villa,2,15,1,2025-04-19T16:30:00Z,0,0,0,0,0,0,0,0,0.0,0.0,0.0,0.0,0.0,0.0,0.0,0.0,0,45
2024-25,33,336,710,Jamaldeen Jimoh,MID,Aston Villa,2,13,0,2025-04-22T19:00:00Z,0,0,0,0,0,0,0,0,0.0,0.0,0.0,0.0,0.0,0.0,0.0,0.0,0,45
2024-25,33,328,711,Wes Okoduwa,DEF,Wolves,20,14,0,2025-04-20T13:00:00Z,0,0,0,0,0,0,0,0,0.0,0.0,0.0,0.0,0.0,0.0,0.0,0.0,0,40
2024-25,33,323,712,Matai Akinmboni,DEF,Bournemouth,3,7,0,2025-04-19T14:00:00Z,0,0,0,0,0,0,0,0,0.0,0.0,0.0,0.0,0.0,0.0,0.0,0.0,0,40
2024-25,33,323,713,Julio Soler,DEF,Bournemouth,3,7,0,2025-04-19T14:00:00Z,0,0,0,0,0,0,0,0,0.0,0.0,0.0,0.0,0.0,0.0,0.0,0.0,0,39
2024-25,33,322,714,Diego Gómez,MID,Brighton,5,4,0,2025-04-19T14:00:00Z,13,1,0,0,0,1,0,2,0.2,0.9,3.0,0.4,0.13,0.0,0.13,0.3,0,55
2024-25,33,326,715,Ben Godfrey,DEF,Ipswich,10,1,1,2025-04-20T13:00:00Z,0,0,0,0,0,0,0,0,0.0,0.0,0.0,0.0,0.0,0.0,0.0,0.0,0,40
2024-25,33,329,716,Antonín Kinsky,GK,Spurs,18,16,1,2025-04-21T19:00:00Z,0,0,0,0,0,0,0,0,0.0,0.0,0.0,0.0,0.0,0.0,0.0,0.0,0,41
2024-25,33,329,717,Min-Hyeok Yang,MID,Spurs,18,16,1,2025-04-21T19:00:00Z,0,0,0,0,0,0,0,0,0.0,0.0,0.0,0.0,0.0,0.0,0.0,0.0,0,45
2024-25,33,330,718,Welington Damascena Santos,DEF,Southampton,17,19,0,2025-04-19T14:00:00Z,5,1,0,0,0,0,0,5,2.0,0.8,4.0,0.7,0.03,0.0,0.03,0.0,0,40
2024-25,33,330,719,Joachim Kayi-Sanda,DEF,Southampton,17,19,0,2025-04-19T14:00:00Z,0,0,0,0,0,0,0,0,0.0,0.0,0.0,0.0,0.0,0.0,0.0,0.0,0,40
2024-25,33,328,720,Emmanuel Agbadou,DEF,Wolves,20,14,0,2025-04-20T13:00:00Z,90,7,0,0,1,0,1,24,17.8,0.6,0.0,1.8,0.0,0.01,0.01,1.32,1,40
2024-25,33,329,721,Wayne Hennessey,GK,Nott'm Forest,16,18,0,2025-04-21T19:00:00Z,0,0,0,0,0,0,0,0,0.0,0.0,0.0,0.0,0.0,0.0,0.0,0.0,0,40
2024-25,33,323,722,Daniel Adu-Adjei,FWD,Bournemouth,3,7,0,2025-04-19T14:00:00Z,0,0,0,0,0,0,0,0,0.0,0.0,0.0,0.0,0.0,0.0,0.0,0.0,0,45
2024-25,33,323,723,Dominic Sadi,MID,Bournemouth,3,7,0,2025-04-19T14:00:00Z,0,0,0,0,0,0,0,0,0.0,0.0,0.0,0.0,0.0,0.0,0.0,0.0,0,45
2024-25,33,324,724,Martin Sherif,FWD,Everton,8,13,1,2025-04-19T14:00:00Z,0,0,0,0,0,0,0,0,0.0,0.0,0.0,0.0,0.0,0.0,0.0,0.0,0,45
2024-25,33,321,725,Donyell Malen,MID,Aston Villa,2,15,1,2025-04-19T16:30:00Z,8,1,0,0,0,0,0,2,0.0,1.3,4.0,0.3,0.06,0.0,0.06,0.0,0,53
2024-25,33,336,725,Donyell Malen,MID,Aston Villa,2,13,0,2025-04-22T19:00:00Z,4,1,0,0,0,1,0,7,5.2,0.0,9.0,1.4,0.03,0.0,0.03,0.42,0,53
2024-25,33,327,726,Woyo Coulibaly,DEF,Leicester,11,12,1,2025-04-20T15:30:00Z,0,0,0,0,0,0,0,0,0.0,0.0,0.0,0.0,0.0,0.0,0.0,0.0,0,40
2024-25,33,323,727,Callan McKenna,GK,Bournemouth,3,7,0,2025-04-19T14:00:00Z,0,0,0,0,0,0,0,0,0.0,0.0,0.0,0.0,0.0,0.0,0.0,0.0,0,40
2024-25,33,323,728,Zain Silcott-Duberry,MID,Bournemouth,3,7,0,2025-04-19T14:00:00Z,0,0,0,0,0,0,0,0,0.0,0.0,0.0,0.0,0.0,0.0,0.0,0.0,0,45
2024-25,33,329,729,Damola Ajayi,MID,Spurs,18,16,1,2025-04-21T19:00:00Z,0,0,0,0,0,0,0,0,0.0,0.0,0.0,0.0,0.0,0.0,0.0,0.0,0,45
2024-25,33,323,730,Romain Esse,MID,Crystal Palace,7,3,1,2025-04-19T14:00:00Z,0,0,0,0,0,0,0,0,0.0,0.0,0.0,0.0,0.0,0.0,0.0,0.0,0,47
2024-25,33,331,730,Romain Esse,MID,Crystal Palace,7,1,0,2025-04-23T19:00:00Z,10,1,0,0,0,0,0,2,1.2,0.0,0.0,0.1,0.0,0.0,0.0,0.1,0,47
2024-25,33,321,731,Andrés García,DEF,Aston Villa,2,15,1,2025-04-19T16:30:00Z,0,0,0,0,0,0,0,0,0.0,0.0,0.0,0.0,0.0,0.0,0.0,0.0,0,45
2024-25,33,336,731,Andrés García,DEF,Aston Villa,2,13,0,2025-04-22T19:00:00Z,0,0,0,0,0,0,0,0,0.0,0.0,0.0,0.0,0.0,0.0,0.0,0.0,0,45
2024-25,33,324,732,Abdukodir Khusanov,DEF,Man City,13,8,0,2025-04-19T14:00:00Z,0,0,0,0,0,0,0,0,0.0,0.0,0.0,0.0,0.0,0.0,0.0,0.0,0,50
2024-25,33,336,732,Abdukodir Khusanov,DEF,Man City,13,2,1,2025-04-22T19:00:00Z,0,0,0,0,0,0,0,0,0.0,0.0,0.0,0.0,0.0,0.0,0.0,0.0,0,50
2024-25,33,324,733,Vitor de Oliveira Nunes dos Reis,DEF,Man City,13,8,0,2025-04-19T14:00:00Z,0,0,0,0,0,0,0,0,0.0,0.0,0.0,0.0,0.0,0.0,0.0,0.0,0,45
2024-25,33,336,733,Vitor de Oliveira Nunes dos Reis,DEF,Man City,13,2,1,2025-04-22T19:00:00Z,0,0,0,0,0,0,0,0,0.0,0.0,0.0,0.0,0.0,0.0,0.0,0.0,0,45
2024-25,33,330,734,Albert Grønbæk,MID,Southampton,17,19,0,2025-04-19T14:00:00Z,0,0,0,0,0,0,0,0,0.0,0.0,0.0,0.0,0.0,0.0,0.0,0.0,0,49
2024-25,33,326,735,Mikel Arteta,AM,Arsenal,1,10,0,2025-04-20T13:00:00Z,0,12,0,0,0,0,0,0,0.0,0.0,0.0,0.0,0.0,0.0,0.0,0.0,0,15
2024-25,33,331,735,Mikel Arteta,AM,Arsenal,1,7,1,2025-04-23T19:00:00Z,0,5,0,0,0,0,0,0,0.0,0.0,0.0,0.0,0.0,0.0,0.0,0.0,0,15
2024-25,33,324,736,Pep Guardiola,AM,Man City,13,8,0,2025-04-19T14:00:00Z,0,10,0,0,0,0,0,0,0.0,0.0,0.0,0.0,0.0,0.0,0.0,0.0,0,15
2024-25,33,336,736,Pep Guardiola,AM,Man City,13,2,1,2025-04-22T19:00:00Z,0,8,0,0,0,0,0,0,0.0,0.0,0.0,0.0,0.0,0.0,0.0,0.0,0,15
2024-25,33,321,737,Unai Emery,AM,Aston Villa,2,15,1,2025-04-19T16:30:00Z,0,10,0,0,0,0,0,0,0.0,0.0,0.0,0.0,0.0,0.0,0.0,0.0,0,8
2024-25,33,336,737,Unai Emery,AM,Aston Villa,2,13,0,2025-04-22T19:00:00Z,0,1,0,0,0,0,0,0,0.0,0.0,0.0,0.0,0.0,0.0,0.0,0.0,0,8
2024-25,33,323,738,Andoni Iraola,AM,Bournemouth,3,7,0,2025-04-19T14:00:00Z,0,5,0,0,0,0,0,0,0.0,0.0,0.0,0.0,0.0,0.0,0.0,0.0,0,11
2024-25,33,322,739,Fabian Hürzeler,AM,Brighton,5,4,0,2025-04-19T14:00:00Z,0,2,0,0,0,0,0,0,0.0,0.0,0.0,0.0,0.0,0.0,0.0,0.0,0,11
2024-25,33,325,740,Enzo Maresca,AM,Chelsea,6,9,0,2025-04-20T13:00:00Z,0,8,0,0,0,0,0,0,0.0,0.0,0.0,0.0,0.0,0.0,0.0,0.0,0,15
2024-25,33,323,741,Oliver Glasner,AM,Crystal Palace,7,3,1,2025-04-19T14:00:00Z,0,5,0,0,0,0,0,0,0.0,0.0,0.0,0.0,0.0,0.0,0.0,0.0,0,8
2024-25,33,331,741,Oliver Glasner,AM,Crystal Palace,7,1,0,2025-04-23T19:00:00Z,0,10,0,0,0,0,0,0,0.0,0.0,0.0,0.0,0.0,0.0,0.0,0.0,0,8
2024-25,33,324,742,David Moyes,AM,Everton,8,13,1,2025-04-19T14:00:00Z,0,0,0,0,0,0,0,0,0.0,0.0,0.0,0.0,0.0,0.0,0.0,0.0,0,5
2024-25,33,326,743,Kieran McKenna,AM,Ipswich,10,1,1,2025-04-20T13:00:00Z,0,0,0,0,0,0,0,0,0.0,0.0,0.0,0.0,0.0,0.0,0.0,0.0,0,5
2024-25,33,327,744,Arne Slot,AM,Liverpool,12,11,0,2025-04-20T15:30:00Z,0,9,0,0,0,0,0,0,0.0,0.0,0.0,0.0,0.0,0.0,0.0,0.0,0,15
2024-25,33,328,745,Ruben Filipe Marques Diogo Amorim,AM,Man Utd,14,20,1,2025-04-20T13:00:00Z,0,0,0,0,0,0,0,0,0.0,0.0,0.0,0.0,0.0,0.0,0.0,0.0,0,8
2024-25,33,321,746,Eddie Howe,AM,Newcastle,15,2,0,2025-04-19T16:30:00Z,0,1,0,0,0,0,0,0,0.0,0.0,0.0,0.0,0.0,0.0,0.0,0.0,0,15
2024-25,33,329,747,Nuno Herlander Simões Espírito Santo,AM,Nott'm Forest,16,18,0,2025-04-21T19:00:00Z,0,8,0,0,0,0,0,0,0.0,0.0,0.0,0.0,0.0,0.0,0.0,0.0,0,11
2024-25,33,330,748,Simon Rusk,AM,Southampton,17,19,0,2025-04-19T14:00:00Z,0,4,0,0,0,0,0,0,0.0,0.0,0.0,0.0,0.0,0.0,0.0,0.0,0,5
2024-25,33,329,749,Ange Postecoglou,AM,Spurs,18,16,1,2025-04-21T19:00:00Z,0,1,0,0,0,0,0,0,0.0,0.0,0.0,0.0,0.0,0.0,0.0,0.0,0,11
2024-25,33,330,750,Graham Potter,AM,West Ham,19,17,1,2025-04-19T14:00:00Z,0,4,0,0,0,0,0,0,0.0,0.0,0.0,0.0,0.0,0.0,0.0,0.0,0,5
2024-25,33,328,751,Vítor Manuel de Oliveira Lopes Pereira,AM,Wolves,20,14,0,2025-04-20T13:00:00Z,0,9,0,0,0,0,0,0,0.0,0.0,0.0,0.0,0.0,0.0,0.0,0.0,0,8
2024-25,33,322,752,Thomas Frank,AM,Brentford,4,5,1,2025-04-19T14:00:00Z,0,10,0,0,0,0,0,0,0.0,0.0,0.0,0.0,0.0,0.0,0.0,0.0,0,8
2024-25,33,325,753,Marco Alexandre Saraiva da Silva,AM,Fulham,9,6,1,2025-04-20T13:00:00Z,0,1,0,0,0,0,0,0,0.0,0.0,0.0,0.0,0.0,0.0,0.0,0.0,0,11
2024-25,33,327,754,Ruud van Nistelrooij,AM,Leicester,11,12,1,2025-04-20T15:30:00Z,0,0,0,0,0,0,0,0,0.0,0.0,0.0,0.0,0.0,0.0,0.0,0.0,0,5
2024-25,33,324,755,Omar Marmoush,FWD,Man City,13,8,0,2025-04-19T14:00:00Z,90,2,0,0,1,0,0,3,7.2,23.0,33.0,6.3,0.63,0.07,0.7,0.91,1,77
2024-25,33,336,755,Omar Marmoush,FWD,Man City,13,2,1,2025-04-22T19:00:00Z,90,2,0,0,0,1,0,6,0.6,17.0,18.0,3.6,0.27,0.16,0.43,1.76,1,77
2024-25,33,326,756,Jack Porter,GK,Arsenal,1,10,0,2025-04-20T13:00:00Z,0,0,0,0,0,0,0,0,0.0,0.0,0.0,0.0,0.0,0.0,0.0,0.0,0,40
2024-25,33,331,756,Jack Porter,GK,Arsenal,1,7,1,2025-04-23T19:00:00Z,0,0,0,0,0,0,0,0,0.0,0.0,0.0,0.0,0.0,0.0,0.0,0.0,0,40
2024-25,33,322,757,Michael Kayode,DEF,Brentford,4,5,1,2025-04-19T14:00:00Z,65,1,0,0,0,1,0,-1,10.8,1.0,0.0,1.2,0.0,0.0,0.0,0.59,1,45
2024-25,33,322,758,Joe Knight,MID,Brighton,5,4,0,2025-04-19T14:00:00Z,0,0,0,0,0,0,0,0,0.0,0.0,0.0,0.0,0.0,0.0,0.0,0.0,0,45
2024-25,33,322,759,Julian Eyestone,GK,Brentford,4,5,1,2025-04-19T14:00:00Z,0,0,0,0,0,0,0,0,0.0,0.0,0.0,0.0,0.0,0.0,0.0,0.0,0,40
2024-25,33,329,760,Dante Cassanova,DEF,Spurs,18,16,1,2025-04-21T19:00:00Z,0,0,0,0,0,0,0,0,0.0,0.0,0.0,0.0,0.0,0.0,0.0,0.0,0,40
2024-25,33,328,761,Elyh Harrison,GK,Man Utd,14,20,1,2025-04-20T13:00:00Z,0,0,0,0,0,0,0,0,0.0,0.0,0.0,0.0,0.0,0.0,0.0,0.0,0,40
2024-25,33,321,762,Marco Asensio,MID,Aston Villa,2,15,1,2025-04-19T16:30:00Z,71,2,0,0,0,1,0,16,11.0,64.3,9.0,8.4,0.42,0.25,0.67,0.69,1,62
2024-25,33,336,762,Marco Asensio,MID,Aston Villa,2,13,0,2025-04-22T19:00:00Z,14,1,0,0,0,1,0,4,1.2,1.3,0.0,0.3,0.0,0.0,0.0,0.42,0,62
2024-25,33,322,763,Eiran Cashin,DEF,Brighton,5,4,0,2025-04-19T14:00:00Z,1,1,0,0,0,0,0,3,0.2,0.1,0.0,0.0,0.0,0.0,0.0,0.0,0,45
2024-25,33,326,764,Alex Palmer,GK,Ipswich,10,1,1,2025-04-20T13:00:00Z,90,1,0,0,0,4,0,-1,26.8,0.0,0.0,2.7,0.0,0.0,0.0,2.55,1,45
2024-25,33,324,765,Nico González,MID,Man City,13,8,0,2025-04-19T14:00:00Z,77,3,0,0,1,0,0,3,5.4,3.6,7.0,1.6,0.05,0.02,0.07,0.87,1,60
2024-25,33,336,765,Nico González,MID,Man City,13,2,1,2025-04-22T19:00:00Z,0,0,0,0,0,0,0,0,0.0,0.0,0.0,0.0,0.0,0.0,0.0,0.0,0,60
2024-25,33,328,766,Patrick Dorgu,DEF,Man Utd,14,20,1,2025-04-20T13:00:00Z,58,0,0,0,0,0,0,14,10.2,1.1,1.0,1.2,0.03,0.01,0.04,0.13,1,45
2024-25,33,329,767,Kevin Danso,DEF,Spurs,18,16,1,2025-04-21T19:00:00Z,45,1,0,0,0,0,0,10,13.8,2.5,1.0,1.7,0.02,0.06,0.08,0.31,0,44
2024-25,33,329,768,Mathys Tel,MID,Spurs,18,16,1,2025-04-21T19:00:00Z,90,2,0,0,0,2,0,15,15.2,75.8,27.0,11.8,0.27,0.42,0.69,0.48,1,58
2024-25,33,328,769,Nasser Djiga,DEF,Wolves,20,14,0,2025-04-20T13:00:00Z,1,1,0,0,0,0,0,3,0.0,0.0,0.0,0.0,0.0,0.0,0.0,0.07,0,45
2024-25,33,328,770,Marshall Munetsi,MID,Wolves,20,14,0,2025-04-20T13:00:00Z,90,3,0,0,1,0,0,2,4.6,2.7,4.0,1.1,0.0,0.04,0.04,1.32,1,50
2024-25,33,325,771,Mathis Amougou,MID,Chelsea,6,9,0,2025-04-20T13:00:00Z,0,0,0,0,0,0,0,0,0.0,0.0,0.0,0.0,0.0,0.0,0.0,0.0,0,45
2024-25,33,325,772,Willian Borges da Silva,MID,Fulham,9,6,1,2025-04-20T13:00:00Z,0,0,0,0,0,0,0,0,0.0,0.0,0.0,0.0,0.0,0.0,0.0,0.0,0,50
2024-25,33,324,773,Isaac Heath,MID,Everton,8,13,1,2025-04-19T14:00:00Z,0,0,0,0,0,0,0,0,0.0,0.0,0.0,0.0,0.0,0.0,0.0,0.0,0,45
2024-25,33,325,774,Aaron Anselmino,DEF,Chelsea,6,9,0,2025-04-20T13:00:00Z,0,0,0,0,0,0,0,0,0.0,0.0,0.0,0.0,0.0,0.0,0.0,0.0,0,40
2024-25,33,324,775,Coby Ebere,MID,Everton,8,13,1,2025-04-19T14:00:00Z,0,0,0,0,0,0,0,0,0.0,0.0,0.0,0.0,0.0,0.0,0.0,0.0,0,45
2024-25,33,328,776,Chido Obi-Martin,FWD,Man Utd,14,20,1,2025-04-20T13:00:00Z,20,1,0,0,0,1,0,3,2.0,2.4,2.0,0.6,0.0,0.02,0.02,0.12,0,45
2024-25,33,328,777,Tyler Fredricson,DEF,Man Utd,14,20,1,2025-04-20T13:00:00Z,90,2,0,0,0,1,0,15,21.6,3.5,2.0,2.7,0.0,0.02,0.02,0.25,1,40
2024-25,33,328,778,Jack Moorhouse,MID,Man Utd,14,20,1,2025-04-20T13:00:00Z,0,0,0,0,0,0,0,0,0.0,0.0,0.0,0.0,0.0,0.0,0.0,0.0,0,45
2024-25,33,328,779,Sékou Koné,MID,Man Utd,14,20,1,2025-04-20T13:00:00Z,0,0,0,0,0,0,0,0,0.0,0.0,0.0,0.0,0.0,0.0,0.0,0.0,0,45
2024-25,33,322,780,Iwan Morgan,FWD,Brentford,4,5,1,2025-04-19T14:00:00Z,0,0,0,0,0,0,0,0,0.0,0.0,0.0,0.0,0.0,0.0,0.0,0.0,0,45
2024-25,33,325,781,Shumaira Mheuka,FWD,Chelsea,6,9,0,2025-04-20T13:00:00Z,0,0,0,0,0,0,0,0,0.0,0.0,0.0,0.0,0.0,0.0,0.0,0.0,0,45
2024-25,33,325,782,Ishé Samuels-Smith,DEF,Chelsea,6,9,0,2025-04-20T13:00:00Z,0,0,0,0,0,0,0,0,0.0,0.0,0.0,0.0,0.0,0.0,0.0,0.0,0,40
2024-25,33,328,783,Hubert Graczyk,GK,Man Utd,14,20,1,2025-04-20T13:00:00Z,0,0,0,0,0,0,0,0,0.0,0.0,0.0,0.0,0.0,0.0,0.0,0.0,0,40
2024-25,33,328,784,Mateus Mané,FWD,Wolves,20,14,0,2025-04-20T13:00:00Z,0,0,0,0,0,0,0,0,0.0,0.0,0.0,0.0,0.0,0.0,0.0,0.0,0,45
2024-25,33,324,785,Claudio Echeverri,MID,Man City,13,8,0,2025-04-19T14:00:00Z,0,0,0,0,0,0,0,0,0.0,0.0,0.0,0.0,0.0,0.0,0.0,0.0,0,59
2024-25,33,336,785,Claudio Echeverri,MID,Man City,13,2,1,2025-04-22T19:00:00Z,0,0,0,0,0,0,0,0,0.0,0.0,0.0,0.0,0.0,0.0,0.0,0.0,0,59
2024-25,33,322,786,Benjamin Fredrick,DEF,Brentford,4,5,1,2025-04-19T14:00:00Z,0,0,0,0,0,0,0,0,0.0,0.0,0.0,0.0,0.0,0.0,0.0,0.0,0,40
2024-25,33,325,787,Genesis Antwi,DEF,Chelsea,6,9,0,2025-04-20T13:00:00Z,0,0,0,0,0,0,0,0,0.0,0.0,0.0,0.0,0.0,0.0,0.0,0.0,0,40
2024-25,33,328,788,Dermot Mee,GK,Man Utd,14,20,1,2025-04-20T13:00:00Z,0,0,0,0,0,0,0,0,0.0,0.0,0.0,0.0,0.0,0.0,0.0,0.0,0,40
2024-25,33,321,789,Sean Neave,FWD,Newcastle,15,2,0,2025-04-19T16:30:00Z,0,0,0,0,0,0,0,0,0.0,0.0,0.0,0.0,0.0,0.0,0.0,0.0,0,45
2024-25,33,326,790,Jimi Gower,MID,Arsenal,1,10,0,2025-04-20T13:00:00Z,0,0,0,0,0,0,0,0,0.0,0.0,0.0,0.0,0.0,0.0,0.0,0.0,0,45
2024-25,33,331,790,Jimi Gower,MID,Arsenal,1,7,1,2025-04-23T19:00:00Z,0,0,0,0,0,0,0,0,0.0,0.0,0.0,0.0,0.0,0.0,0.0,0.0,0,45
2024-25,33,322,791,Charlie Tasker,DEF,Brighton,5,4,0,2025-04-19T14:00:00Z,0,0,0,0,0,0,0,0,0.0,0.0,0.0,0.0,0.0,0.0,0.0,0.0,0,40
2024-25,33,327,792,Jeremy Monga,MID,Leicester,11,12,1,2025-04-20T15:30:00Z,5,1,0,0,0,0,0,2,0.0,0.1,0.0,0.0,0.0,0.0,0.0,0.0,0,45
2024-25,33,326,793,Jack Henry-Francis,MID,Arsenal,1,10,0,2025-04-20T13:00:00Z,0,0,0,0,0,0,0,0,0.0,0.0,0.0,0.0,0.0,0.0,0.0,0.0,0,45
2024-25,33,331,793,Jack Henry-Francis,MID,Arsenal,1,7,1,2025-04-23T19:00:00Z,0,0,0,0,0,0,0,0,0.0,0.0,0.0,0.0,0.0,0.0,0.0,0.0,0,45
2024-25,33,322,794,Freddie Simmonds,DEF,Brighton,5,4,0,2025-04-19T14:00:00Z,0,0,0,0,0,0,0,0,0.0,0.0,0.0,0.0,0.0,0.0,0.0,0.0,0,40
2024-25,33,322,795,Harry Howell,MID,Brighton,5,4,0,2025-04-19T14:00:00Z,0,0,0,0,0,0,0,0,0.0,0.0,0.0,0.0,0.0,0.0,0.0,0.0,0,45
2024-25,33,327,796,Olabade Aluko,DEF,Leicester,11,12,1,2025-04-20T15:30:00Z,0,0,0,0,0,0,0,0,0.0,0.0,0.0,0.0,0.0,0.0,0.0,0.0,0,40
2024-25,33,327,797,Jake Evans,MID,Leicester,11,12,1,2025-04-20T15:30:00Z,0,0,0,0,0,0,0,0,0.0,0.0,0.0,0.0,0.0,0.0,0.0,0.0,0,45
2024-25,33,330,798,Jay Robinson,FWD,Southampton,17,19,0,2025-04-19T14:00:00Z,0,0,0,0,0,0,0,0,0.0,0.0,0.0,0.0,0.0,0.0,0.0,0.0,0,45
2024-25,33,326,799,Somto Boniface,DEF,Ipswich,10,1,1,2025-04-20T13:00:00Z,0,0,0,0,0,0,0,0,0.0,0.0,0.0,0.0,0.0,0.0,0.0,0.0,0,40
