season,gw,element,name,position,team,team_id,opponent_team,was_home,kickoff_time,minutes,total_points,goals_scored,assists,clean_sheets,goals_conceded,bonus,bps,influence,creativity,threat,ict_index,expected_goals,expected_assists,expected_goal_involvements,expected_goals_conceded,starts,value
2024-25,35,1,Fábio Ferreira Vieira,MID,Arsenal,1,3,1,2025-05-03T16:30:00Z,0,0,0,0,0,0,0,0,0.0,0.0,0.0,0.0,0.0,0.0,0.0,0.0,0,54
2024-25,35,2,Gabriel Fernando de Jesus,FWD,Arsenal,1,3,1,2025-05-03T16:30:00Z,0,0,0,0,0,0,0,0,0.0,0.0,0.0,0.0,0.0,0.0,0.0,0.0,0,65
2024-25,35,3,Gabriel dos Santos Magalhães,DEF,Arsenal,1,3,1,2025-05-03T16:30:00Z,0,0,0,0,0,0,0,0,0.0,0.0,0.0,0.0,0.0,0.0,0.0,0.0,0,62
2024-25,35,4,Kai Havertz,FWD,Arsenal,1,3,1,2025-05-03T16:30:00Z,0,0,0,0,0,0,0,0,0.0,0.0,0.0,0.0,0.0,0.0,0.0,0.0,0,77
2024-25,35,5,Karl Hein,GK,Arsenal,1,3,1,2025-05-03T16:30:00Z,0,0,0,0,0,0,0,0,0.0,0.0,0.0,0.0,0.0,0.0,0.0,0.0,0,40
2024-25,35,6,Jurriën Timber,DEF,Arsenal,1,3,1,2025-05-03T16:30:00Z,0,0,0,0,0,0,0,0,0.0,0.0,0.0,0.0,0.0,0.0,0.0,0.0,0,57
2024-25,35,7,Jorge Luiz Frello Filho,MID,Arsenal,1,3,1,2025-05-03T16:30:00Z,0,0,0,0,0,0,0,0,0.0,0.0,0.0,0.0,0.0,0.0,0.0,0.0,0,46
2024-25,35,8,Jakub Kiwior,DEF,Arsenal,1,3,1,2025-05-03T16:30:00Z,90,1,0,0,0,2,0,6,10.0,4.3,0.0,1.4,0.0,0.0,0.0,0.97,1,48
2024-25,35,9,Gabriel Martinelli Silva,MID,Arsenal,1,3,1,2025-05-03T16:30:00Z,85,2,0,0,0,2,0,18,12.8,42.3,29.0,8.4,0.08,0.37,0.45,0.97,1,65
2024-25,35,10,Reiss Nelson,MID,Fulham,9,2,0,2025-05-03T11:30:00Z,0,0,0,0,0,0,0,0,0.0,0.0,0.0,0.0,0.0,0.0,0.0,0.0,0,50
2024-25,35,11,Eddie Nketiah,FWD,Crystal Palace,7,16,1,2025-05-05T19:00:00Z,14,0,0,0,0,0,0,-1,0.0,10.1,11.0,1.9,0.2,0.0,0.2,0.0,0,59
2024-25,35,12,Ethan Nwaneri,MID,Arsenal,1,3,1,2025-05-03T16:30:00Z,4,1,0,0,0,0,0,2,0.0,0.8,2.0,0.2,0.0,0.01,0.01,0.0,0,44
2024-25,35,13,Martin Ødegaard,MID,Arsenal,1,3,1,2025-05-03T16:30:00Z,90,8,0,1,0,2,3,30,22.4,19.3,7.0,4.9,0.12,0.18,0.3,0.97,1,82
2024-25,35,14,Aaron Ramsdale,GK,Southampton,17,11,0,2025-05-03T14:00:00Z,90,1,0,0,0,2,0,4,15.8,0.0,0.0,1.6,0.0,0.0,0.0,1.4,1,44
2024-25,35,15,David Raya Martin,GK,Arsenal,1,3,1,2025-05-03T16:30:00Z,90,1,0,0,0,2,0,2,2.2,0.0,0.0,0.2,0.0,0.01,0.01,0.97,1,56
2024-25,35,16,Declan Rice,MID,Arsenal,1,3,1,2025-05-03T16:30:00Z,73,9,1,0,0,1,2,29,39.8,12.4,27.0,7.9,0.59,0.08,0.67,0.77,1,62
2024-25,35,17,Bukayo Saka,MID,Arsenal,1,3,1,2025-05-03T16:30:00Z,85,2,0,0,0,2,0,2,3.8,12.3,40.0,5.6,0.48,0.06,0.54,0.97,1,104
2024-25,35,18,William Saliba,DEF,Arsenal,1,3,1,2025-05-03T16:30:00Z,90,1,0,0,0,2,0,10,18.4,0.5,0.0,1.9,0.0,0.0,0.0,0.97,1,66
2024-25,35,19,Emile Smith Rowe,MID,Fulham,9,2,0,2025-05-03T11:30:00Z,33,1,0,0,0,0,0,3,1.4,1.3,1.0,0.4,0.03,0.0,0.03,0.75,0,51
2024-25,35,20,Thomas Partey,MID,Arsenal,1,3,1,2025-05-03T16:30:00Z,90,2,0,0,0,2,0,10,8.0,5.6,2.0,1.6,0.0,0.14,0.14,0.97,1,49
2024-25,35,21,Kieran Tierney,DEF,Arsenal,1,3,1,2025-05-03T16:30:00Z,0,0,0,0,0,0,0,0,0.0,0.0,0.0,0.0,0.0,0.0,0.0,0.0,0,43
2024-25,35,22,Tomiyasu Takehiro,DEF,Arsenal,1,3,1,2025-05-03T16:30:00Z,0,0,0,0,0,0,0,0,0.0,0.0,0.0,0.0,0.0,0.0,0.0,0.0,0,48
2024-25,35,23,Leandro Trossard,MID,Arsenal,1,3,1,2025-05-03T16:30:00Z,90,2,0,0,0,2,0,8,8.2,16.0,32.0,5.6,0.15,0.18,0.33,0.97,1,67
2024-25,35,24,Benjamin White,DEF,Arsenal,1,3,1,2025-05-03T16:30:00Z,85,1,0,0,0,2,0,3,15.4,1.2,2.0,1.9,0.0,0.01,0.01,0.97,1,61
2024-25,35,25,Oleksandr Zinchenko,DEF,Arsenal,1,3,1,2025-05-03T16:30:00Z,4,1,0,0,0,0,0,4,2.2,1.4,0.0,0.4,0.0,0.01,0.01,0.0,0,48
2024-25,35,26,Álex Moreno Lopera,DEF,Nott'm Forest,16,7,0,2025-05-05T19:00:00Z,0,0,0,0,0,0,0,0,0.0,0.0,0.0,0.0,0.0,0.0,0.0,0.0,0,42
2024-25,35,27,Cameron Archer,FWD,Southampton,17,11,0,2025-05-03T14:00:00Z,11,1,0,0,0,0,0,1,0.0,0.0,2.0,0.2,0.0,0.0,0.0,0.11,0,49
2024-25,35,28,Leon Bailey,MID,Aston Villa,2,9,1,2025-05-03T11:30:00Z,0,0,0,0,0,0,0,0,0.0,0.0,0.0,0.0,0.0,0.0,0.0,0.0,0,62
2024-25,35,29,Ross Barkley,MID,Aston Villa,2,9,1,2025-05-03T11:30:00Z,7,1,0,0,0,0,0,2,2.2,1.2,0.0,0.3,0.0,0.0,0.0,0.09,0,52
2024-25,35,30,Enzo Barrenechea,MID,Aston Villa,2,9,1,2025-05-03T11:30:00Z,0,0,0,0,0,0,0,0,0.0,0.0,0.0,0.0,0.0,0.0,0.0,0.0,0,49
2024-25,35,31,Emiliano Buendía Stati,MID,Aston Villa,2,9,1,2025-05-03T11:30:00Z,0,0,0,0,0,0,0,0,0.0,0.0,0.0,0.0,0.0,0.0,0.0,0.0,0,51
2024-25,35,32,Matty Cash,DEF,Aston Villa,2,9,1,2025-05-03T11:30:00Z,90,7,0,0,1,0,1,28,13.8,16.8,0.0,3.1,0.0,0.02,0.02,0.85,1,44
2024-25,35,33,Leander Dendoncker,MID,Aston Villa,2,9,1,2025-05-03T11:30:00Z,0,0,0,0,0,0,0,0,0.0,0.0,0.0,0.0,0.0,0.0,0.0,0.0,0,45
2024-25,35,34,Moussa Diaby,MID,Aston Villa,2,9,1,2025-05-03T11:30:00Z,0,0,0,0,0,0,0,0,0.0,0.0,0.0,0.0,0.0,0.0,0.0,0.0,0,65
2024-25,35,35,Diego Carlos Santos Silva,DEF,Aston Villa,2,9,1,2025-05-03T11:30:00Z,0,0,0,0,0,0,0,0,0.0,0.0,0.0,0.0,0.0,0.0,0.0,0.0,0,45
2024-25,35,36,Lucas Digne,DEF,Aston Villa,2,9,1,2025-05-03T11:30:00Z,19,1,0,0,0,0,0,5,7.8,0.5,0.0,0.8,0.0,0.0,0.0,0.15,0,45
2024-25,35,37,Lewis Dobbin,MID,Aston Villa,2,9,1,2025-05-03T11:30:00Z,0,0,0,0,0,0,0,0,0.0,0.0,0.0,0.0,0.0,0.0,0.0,0.0,0,50
2024-25,35,38,Jhon Durán,FWD,Aston Villa,2,9,1,2025-05-03T11:30:00Z,0,0,0,0,0,0,0,0,0.0,0.0,0.0,0.0,0.0,0.0,0.0,0.0,0,57
2024-25,35,39,Joe Gauci,GK,Aston Villa,2,9,1,2025-05-03T11:30:00Z,0,0,0,0,0,0,0,0,0.0,0.0,0.0,0.0,0.0,0.0,0.0,0.0,0,40
2024-25,35,40,Kortney Hause,DEF,Aston Villa,2,9,1,2025-05-03T11:30:00Z,0,0,0,0,0,0,0,0,0.0,0.0,0.0,0.0,0.0,0.0,0.0,0.0,0,39
2024-25,35,41,Samuel Iling-Junior,MID,Aston Villa,2,9,1,2025-05-03T11:30:00Z,0,0,0,0,0,0,0,0,0.0,0.0,0.0,0.0,0.0,0.0,0.0,0.0,0,54
2024-25,35,42,Boubacar Kamara,MID,Aston Villa,2,9,1,2025-05-03T11:30:00Z,90,3,0,0,1,0,0,11,15.6,8.4,0.0,2.4,0.0,0.02,0.02,0.85,1,50
2024-25,35,43,Kaine Kesler-Hayden,DEF,Aston Villa,2,9,1,2025-05-03T11:30:00Z,0,0,0,0,0,0,0,0,0.0,0.0,0.0,0.0,0.0,0.0,0.0,0.0,0,40
2024-25,35,44,Ezri Konsa Ngoyo,DEF,Aston Villa,2,9,1,2025-05-03T11:30:00Z,90,6,0,0,1,0,0,27,17.4,0.9,0.0,1.8,0.0,0.01,0.01,0.85,1,44
2024-25,35,45,Ian Maatsen,DEF,Aston Villa,2,9,1,2025-05-03T11:30:00Z,70,6,0,0,1,0,0,23,6.2,2.1,4.0,1.2,0.04,0.0,0.04,0.7,1,45
2024-25,35,46,Filip Marschall,GK,Aston Villa,2,9,1,2025-05-03T11:30:00Z,0,0,0,0,0,0,0,0,0.0,0.0,0.0,0.0,0.0,0.0,0.0,0.0,0,40
2024-25,35,47,Emiliano Martínez Romero,GK,Aston Villa,2,9,1,2025-05-03T11:30:00Z,90,9,0,0,1,0,2,30,26.4,0.0,0.0,2.6,0.0,0.0,0.0,0.85,1,50
2024-25,35,48,John McGinn,MID,Aston Villa,2,9,1,2025-05-03T11:30:00Z,60,6,0,1,1,0,0,25,23.8,34.4,0.0,5.8,0.0,0.08,0.08,0.62,1,52
2024-25,35,49,Tyrone Mings,DEF,Aston Villa,2,9,1,2025-05-03T11:30:00Z,0,0,0,0,0,0,0,0,0.0,0.0,0.0,0.0,0.0,0.0,0.0,0.0,0,44
2024-25,35,50,Kosta Nedeljković,DEF,Aston Villa,2,9,1,2025-05-03T11:30:00Z,0,0,0,0,0,0,0,0,0.0,0.0,0.0,0.0,0.0,0.0,0.0,0.0,0,39
2024-25,35,51,Robin Olsen,GK,Aston Villa,2,9,1,2025-05-03T11:30:00Z,0,0,0,0,0,0,0,0,0.0,0.0,0.0,0.0,0.0,0.0,0.0,0.0,0,45
2024-25,35,52,Pau Torres,DEF,Aston Villa,2,9,1,2025-05-03T11:30:00Z,90,6,0,0,1,0,0,23,11.2,0.5,2.0,1.4,0.0,0.01,0.01,0.85,1,42
2024-25,35,53,Jacob Ramsey,MID,Aston Villa,2,9,1,2025-05-03T11:30:00Z,30,1,0,0,0,0,0,10,6.6,21.8,4.0,3.2,0.04,0.02,0.06,0.23,0,54
2024-25,35,54,Morgan Rogers,MID,Aston Villa,2,9,1,2025-05-03T11:30:00Z,90,3,0,0,1,0,0,19,14.6,43.8,6.0,6.4,0.08,0.71,0.79,0.85,1,57
2024-25,35,55,Viljami Sinisalo,GK,Aston Villa,2,9,1,2025-05-03T11:30:00Z,0,0,0,0,0,0,0,0,0.0,0.0,0.0,0.0,0.0,0.0,0.0,0.0,0,40
2024-25,35,56,Lino da Cruz Sousa,DEF,Aston Villa,2,9,1,2025-05-03T11:30:00Z,0,0,0,0,0,0,0,0,0.0,0.0,0.0,0.0,0.0,0.0,0.0,0.0,0,40
2024-25,35,57,Youri Tielemans,MID,Aston Villa,2,9,1,2025-05-03T11:30:00Z,82,11,1,0,1,0,3,36,40.4,7.7,18.0,6.6,0.09,0.03,0.12,0.76,1,55
2024-25,35,58,Ollie Watkins,FWD,Aston Villa,2,9,1,2025-05-03T11:30:00Z,70,2,0,0,1,0,0,1,5.4,11.0,21.0,3.7,0.21,0.01,0.22,0.7,1,89
2024-25,35,59,Max Aarons,DEF,Bournemouth,3,1,0,2025-05-03T16:30:00Z,0,0,0,0,0,0,0,0,0.0,0.0,0.0,0.0,0.0,0.0,0.0,0.0,0,43
2024-25,35,60,Tyler Adams,MID,Bournemouth,3,1,0,2025-05-03T16:30:00Z,90,2,0,0,0,1,0,14,9.0,13.8,0.0,2.3,0.0,0.02,0.02,1.42,1,49
2024-25,35,61,Jaidon Anthony,MID,Bournemouth,3,1,0,2025-05-03T16:30:00Z,0,0,0,0,0,0,0,0,0.0,0.0,0.0,0.0,0.0,0.0,0.0,0.0,0,45
2024-25,35,62,David Brooks,MID,Bournemouth,3,1,0,2025-05-03T16:30:00Z,16,1,0,0,0,0,0,1,1.0,0.5,0.0,0.2,0.0,0.0,0.0,0.12,0,49
2024-25,35,63,Ryan Christie,MID,Bournemouth,3,1,0,2025-05-03T16:30:00Z,0,0,0,0,0,0,0,0,0.0,0.0,0.0,0.0,0.0,0.0,0.0,0.0,0,49
2024-25,35,64,Lewis Cook,MID,Bournemouth,3,1,0,2025-05-03T16:30:00Z,90,2,0,0,0,1,0,10,19.4,15.4,0.0,3.5,0.0,0.05,0.05,1.42,1,50
2024-25,35,65,Enes Ünal,FWD,Bournemouth,3,1,0,2025-05-03T16:30:00Z,0,0,0,0,0,0,0,0,0.0,0.0,0.0,0.0,0.0,0.0,0.0,0.0,0,54
2024-25,35,66,Romain Faivre,MID,Bournemouth,3,1,0,2025-05-03T16:30:00Z,0,0,0,0,0,0,0,0,0.0,0.0,0.0,0.0,0.0,0.0,0.0,0.0,0,50
2024-25,35,67,Hamed Traorè,MID,Bournemouth,3,1,0,2025-05-03T16:30:00Z,0,0,0,0,0,0,0,0,0.0,0.0,0.0,0.0,0.0,0.0,0.0,0.0,0,45
2024-25,35,68,James Hill,DEF,Bournemouth,3,1,0,2025-05-03T16:30:00Z,0,0,0,0,0,0,0,0,0.0,0.0,0.0,0.0,0.0,0.0,0.0,0.0,0,39
2024-25,35,69,Daniel Jebbison,FWD,Bournemouth,3,1,0,2025-05-03T16:30:00Z,3,1,0,0,0,0,0,5,2.0,0.0,0.0,0.2,0.0,0.0,0.0,0.12,0,45
2024-25,35,70,Milos Kerkez,DEF,Bournemouth,3,1,0,2025-05-03T16:30:00Z,90,2,0,0,0,1,0,10,8.2,20.9,2.0,3.1,0.0,0.13,0.13,1.42,1,53
2024-25,35,71,Justin Kluivert,MID,Bournemouth,3,1,0,2025-05-03T16:30:00Z,64,2,0,0,0,1,0,1,0.0,2.2,3.0,0.1,0.13,0.0,0.13,1.3,1,60
2024-25,35,72,Chris Mepham,DEF,Bournemouth,3,1,0,2025-05-03T16:30:00Z,0,0,0,0,0,0,0,0,0.0,0.0,0.0,0.0,0.0,0.0,0.0,0.0,0,44
2024-25,35,73,Norberto Murara Neto,GK,Arsenal,1,3,1,2025-05-03T16:30:00Z,0,0,0,0,0,0,0,0,0.0,0.0,0.0,0.0,0.0,0.0,0.0,0.0,0,41
2024-25,35,74,Dango Ouattara,MID,Bournemouth,3,1,0,2025-05-03T16:30:00Z,73,1,0,0,0,1,0,11,17.6,36.0,2.0,5.6,0.0,0.03,0.03,1.3,1,47
2024-25,35,75,Alex Paulsen,GK,Bournemouth,3,1,0,2025-05-03T16:30:00Z,0,0,0,0,0,0,0,0,0.0,0.0,0.0,0.0,0.0,0.0,0.0,0.0,0,40
2024-25,35,76,Philip Billing,MID,Bournemouth,3,1,0,2025-05-03T16:30:00Z,0,0,0,0,0,0,0,0,0.0,0.0,0.0,0.0,0.0,0.0,0.0,0.0,0,48
2024-25,35,77,Alex Scott,MID,Bournemouth,3,1,0,2025-05-03T16:30:00Z,25,1,0,0,0,0,0,4,7.6,15.2,2.0,2.5,0.0,0.12,0.12,0.12,0,47
2024-25,35,78,Antoine Semenyo,MID,Bournemouth,3,1,0,2025-05-03T16:30:00Z,25,4,0,1,0,0,0,13,16.2,11.6,2.0,3.0,0.0,0.06,0.06,0.12,0,57
2024-25,35,79,Marcos Senesi,DEF,Bournemouth,3,1,0,2025-05-03T16:30:00Z,0,0,0,0,0,0,0,0,0.0,0.0,0.0,0.0,0.0,0.0,0.0,0.0,0,46
2024-25,35,80,Luis Sinisterra,MID,Bournemouth,3,1,0,2025-05-03T16:30:00Z,0,0,0,0,0,0,0,0,0.0,0.0,0.0,0.0,0.0,0.0,0.0,0.0,0,48
2024-25,35,81,Adam Smith,DEF,Bournemouth,3,1,0,2025-05-03T16:30:00Z,0,0,0,0,0,0,0,0,0.0,0.0,0.0,0.0,0.0,0.0,0.0,0.0,0,44
2024-25,35,82,Dominic Solanke-Mitchell,FWD,Spurs,18,19,0,2025-05-04T13:00:00Z,0,0,0,0,0,0,0,0,0.0,0.0,0.0,0.0,0.0,0.0,0.0,0.0,0,73
2024-25,35,83,Marcus Tavernier,MID,Bournemouth,3,1,0,2025-05-03T16:30:00Z,90,5,0,1,0,1,0,16,4.0,9.8,9.0,2.3,0.1,0.27,0.37,1.42,1,54
2024-25,35,84,Mark Travers,GK,Bournemouth,3,1,0,2025-05-03T16:30:00Z,0,0,0,0,0,0,0,0,0.0,0.0,0.0,0.0,0.0,0.0,0.0,0.0,0,44
2024-25,35,85,Illia Zabarnyi,DEF,Bournemouth,3,1,0,2025-05-03T16:30:00Z,90,2,0,0,0,1,0,12,17.2,4.4,0.0,2.2,0.0,0.01,0.01,1.42,1,44
2024-25,35,86,Kristoffer Ajer,DEF,Brentford,4,14,1,2025-05-04T13:00:00Z,9,0,0,0,0,2,0,-5,0.6,0.7,0.0,0.1,0.0,0.0,0.0,0.26,0,44
2024-25,35,87,Ethan Brierley,MID,Brentford,4,14,1,2025-05-04T13:00:00Z,0,0,0,0,0,0,0,0,0.0,0.0,0.0,0.0,0.0,0.0,0.0,0.0,0,44
2024-25,35,88,Nathan Collins,DEF,Brentford,4,14,1,2025-05-04T13:00:00Z,90,1,0,0,0,3,0,6,23.6,1.2,2.0,2.7,0.0,0.01,0.01,1.56,1,45
2024-25,35,89,Mikkel Damsgaard,MID,Brentford,4,14,1,2025-05-04T13:00:00Z,80,5,0,1,0,1,0,24,15.4,26.7,4.0,4.6,0.0,0.29,0.29,1.3,1,49
2024-25,35,90,Josh Dasilva,MID,Brentford,4,14,1,2025-05-04T13:00:00Z,0,0,0,0,0,0,0,0,0.0,0.0,0.0,0.0,0.0,0.0,0.0,0.0,0,48
2024-25,35,91,Mark Flekken,GK,Brentford,4,14,1,2025-05-04T13:00:00Z,90,1,0,0,0,3,0,-1,16.2,0.0,0.0,1.6,0.0,0.0,0.0,1.56,1,44
2024-25,35,92,Rico Henry,DEF,Brentford,4,14,1,2025-05-04T13:00:00Z,18,0,0,0,0,2,0,-4,4.0,0.3,0.0,0.4,0.0,0.0,0.0,0.26,0,43
2024-25,35,93,Aaron Hickey,DEF,Brentford,4,14,1,2025-05-04T13:00:00Z,0,0,0,0,0,0,0,0,0.0,0.0,0.0,0.0,0.0,0.0,0.0,0.0,0,43
2024-25,35,94,Vitaly Janelt,MID,Brentford,4,14,1,2025-05-04T13:00:00Z,0,0,0,0,0,0,0,0,0.0,0.0,0.0,0.0,0.0,0.0,0.0,0.0,0,48
2024-25,35,95,Mathias Jensen,MID,Brentford,4,14,1,2025-05-04T13:00:00Z,22,1,0,0,0,2,0,3,1.6,4.3,0.0,0.6,0.0,0.26,0.26,0.26,0,53
2024-25,35,96,Kim Ji-soo,DEF,Brentford,4,14,1,2025-05-04T13:00:00Z,0,0,0,0,0,0,0,0,0.0,0.0,0.0,0.0,0.0,0.0,0.0,0.0,0,39
2024-25,35,97,Yunus Emre Konak,MID,Brentford,4,14,1,2025-05-04T13:00:00Z,0,0,0,0,0,0,0,0,0.0,0.0,0.0,0.0,0.0,0.0,0.0,0.0,0,44
2024-25,35,98,Keane Lewis-Potter,MID,Brentford,4,14,1,2025-05-04T13:00:00Z,80,2,0,0,0,1,0,11,3.4,14.1,0.0,1.8,0.0,0.01,0.01,1.3,1,50
2024-25,35,99,Bryan Mbeumo,MID,Brentford,4,14,1,2025-05-04T13:00:00Z,90,5,0,1,0,3,0,19,10.0,17.8,15.0,4.3,0.06,0.12,0.18,1.56,1,81
2024-25,35,100,Ben Mee,DEF,Brentford,4,14,1,2025-05-04T13:00:00Z,0,0,0,0,0,0,0,0,0.0,0.0,0.0,0.0,0.0,0.0,0.0,0.0,0,42
2024-25,35,101,Christian Nørgaard,MID,Brentford,4,14,1,2025-05-04T13:00:00Z,90,5,0,1,0,3,0,23,37.0,20.8,33.0,9.1,0.23,0.28,0.51,1.56,1,48
2024-25,35,102,Frank Onyeka,MID,Brentford,4,14,1,2025-05-04T13:00:00Z,0,0,0,0,0,0,0,0,0.0,0.0,0.0,0.0,0.0,0.0,0.0,0.0,0,49
2024-25,35,103,Myles Peart-Harris,MID,Brentford,4,14,1,2025-05-04T13:00:00Z,0,0,0,0,0,0,0,0,0.0,0.0,0.0,0.0,0.0,0.0,0.0,0.0,0,45
2024-25,35,104,Ethan Pinnock,DEF,Brentford,4,14,1,2025-05-04T13:00:00Z,0,0,0,0,0,0,0,0,0.0,0.0,0.0,0.0,0.0,0.0,0.0,0.0,0,44
2024-25,35,105,Mads Roerslev Rasmussen,DEF,Brentford,4,14,1,2025-05-04T13:00:00Z,0,0,0,0,0,0,0,0,0.0,0.0,0.0,0.0,0.0,0.0,0.0,0.0,0,43
2024-25,35,106,Kevin Schade,MID,Brentford,4,14,1,2025-05-04T13:00:00Z,71,14,2,0,0,1,2,41,67.0,1.3,89.0,15.7,1.21,0.0,1.21,1.3,1,51
2024-25,35,107,Igor Thiago Nascimento Rodrigues,FWD,Brentford,4,14,1,2025-05-04T13:00:00Z,9,1,0,0,0,2,0,4,3.0,0.3,2.0,0.5,0.0,0.01,0.01,0.26,0,59
2024-25,35,108,Ivan Toney,FWD,Brentford,4,14,1,2025-05-04T13:00:00Z,0,0,0,0,0,0,0,0,0.0,0.0,0.0,0.0,0.0,0.0,0.0,0.0,0,73
2024-25,35,109,Hákon Valdimarsson,GK,Brentford,4,14,1,2025-05-04T13:00:00Z,0,0,0,0,0,0,0,0,0.0,0.0,0.0,0.0,0.0,0.0,0.0,0.0,0,39
2024-25,35,110,Yoane Wissa,FWD,Brentford,4,14,1,2025-05-04T13:00:00Z,90,7,1,0,0,3,1,33,37.2,1.9,51.0,9.0,1.2,0.01,1.21,1.56,1,66
2024-25,35,111,Yehor Yarmoliuk,MID,Brentford,4,14,1,2025-05-04T13:00:00Z,67,2,0,0,0,1,0,15,15.2,18.3,0.0,3.4,0.0,0.23,0.23,1.3,1,43
2024-25,35,112,Mathias Jorgensen,DEF,Brentford,4,14,1,2025-05-04T13:00:00Z,0,0,0,0,0,0,0,0,0.0,0.0,0.0,0.0,0.0,0.0,0.0,0.0,0,45
2024-25,35,113,Simon Adingra,MID,Brighton,5,15,1,2025-05-04T13:00:00Z,68,3,0,0,1,0,0,6,4.6,6.2,4.0,1.5,0.0,0.03,0.03,0.81,1,51
2024-25,35,114,Benicio Baker-Boaitey,MID,Brighton,5,15,1,2025-05-04T13:00:00Z,0,0,0,0,0,0,0,0,0.0,0.0,0.0,0.0,0.0,0.0,0.0,0.0,0,45
2024-25,35,115,Carlos Baleba,MID,Brighton,5,15,1,2025-05-04T13:00:00Z,90,2,0,0,0,1,0,11,7.2,4.8,4.0,1.6,0.02,0.02,0.04,1.87,1,50
2024-25,35,116,Valentín Barco,DEF,Brighton,5,15,1,2025-05-04T13:00:00Z,0,0,0,0,0,0,0,0,0.0,0.0,0.0,0.0,0.0,0.0,0.0,0.0,0,40
2024-25,35,117,Facundo Buonanotte,MID,Leicester,11,17,1,2025-05-03T14:00:00Z,0,0,0,0,0,0,0,0,0.0,0.0,0.0,0.0,0.0,0.0,0.0,0.0,0,45
2024-25,35,118,Amario Cozier-Duberry,MID,Brighton,5,15,1,2025-05-04T13:00:00Z,0,0,0,0,0,0,0,0,0.0,0.0,0.0,0.0,0.0,0.0,0.0,0.0,0,45
2024-25,35,119,Mahmoud Dahoud,MID,Brighton,5,15,1,2025-05-04T13:00:00Z,0,0,0,0,0,0,0,0,0.0,0.0,0.0,0.0,0.0,0.0,0.0,0.0,0,49
2024-25,35,120,Lewis Dunk,DEF,Brighton,5,15,1,2025-05-04T13:00:00Z,90,2,0,0,0,1,0,12,19.0,1.4,0.0,2.0,0.0,0.01,0.01,1.87,1,42
2024-25,35,121,Julio Enciso,MID,Ipswich,10,8,0,2025-05-03T14:00:00Z,90,9,1,0,0,2,2,28,36.4,16.1,44.0,9.7,0.33,0.02,0.35,0.55,1,54
2024-25,35,122,Pervis Estupiñán,DEF,Brighton,5,15,1,2025-05-04T13:00:00Z,90,2,0,0,0,1,0,11,16.0,3.2,6.0,2.5,0.14,0.02,0.16,1.87,1,49
2024-25,35,123,Evan Ferguson,FWD,West Ham,19,18,1,2025-05-04T13:00:00Z,10,1,0,0,0,0,0,5,2.2,0.3,0.0,0.3,0.0,0.0,0.0,0.0,0,55
2024-25,35,124,Billy Gilmour,MID,Brighton,5,15,1,2025-05-04T13:00:00Z,0,0,0,0,0,0,0,0,0.0,0.0,0.0,0.0,0.0,0.0,0.0,0.0,0,50
2024-25,35,125,Pascal Groß,MID,Brighton,5,15,1,2025-05-04T13:00:00Z,0,0,0,0,0,0,0,0,0.0,0.0,0.0,0.0,0.0,0.0,0.0,0.0,0,65
2024-25,35,126,Jack Hinshelwood,MID,Brighton,5,15,1,2025-05-04T13:00:00Z,68,3,0,0,1,0,0,11,1.8,4.4,4.0,1.0,0.0,0.01,0.01,0.81,1,49
2024-25,35,127,Ibrahim Osman,MID,Brighton,5,15,1,2025-05-04T13:00:00Z,0,0,0,0,0,0,0,0,0.0,0.0,0.0,0.0,0.0,0.0,0.0,0.0,0,50
2024-25,35,128,Igor Julio dos Santos de Paulo,DEF,Brighton,5,15,1,2025-05-04T13:00:00Z,0,0,0,0,0,0,0,0,0.0,0.0,0.0,0.0,0.0,0.0,0.0,0.0,0,43
2024-25,35,129,João Pedro Junqueira de Jesus,FWD,Brighton,5,15,1,2025-05-04T13:00:00Z,0,0,0,0,0,0,0,0,0.0,0.0,0.0,0.0,0.0,0.0,0.0,0.0,0,55
2024-25,35,130,Kacper Kozłowski,MID,Brighton,5,15,1,2025-05-04T13:00:00Z,0,0,0,0,0,0,0,0,0.0,0.0,0.0,0.0,0.0,0.0,0.0,0.0,0,45
2024-25,35,131,Tariq Lamptey,DEF,Brighton,5,15,1,2025-05-04T13:00:00Z,36,1,0,0,0,1,0,-2,11.4,0.6,4.0,1.6,0.0,0.18,0.18,1.62,0,44
2024-25,35,132,Solly March,MID,Brighton,5,15,1,2025-05-04T13:00:00Z,0,0,0,0,0,0,0,0,0.0,0.0,0.0,0.0,0.0,0.0,0.0,0.0,0,65
2024-25,35,133,Adrian Mazilu,MID,Brighton,5,15,1,2025-05-04T13:00:00Z,0,0,0,0,0,0,0,0,0.0,0.0,0.0,0.0,0.0,0.0,0.0,0.0,0,45
2024-25,35,134,James Milner,MID,Brighton,5,15,1,2025-05-04T13:00:00Z,0,0,0,0,0,0,0,0,0.0,0.0,0.0,0.0,0.0,0.0,0.0,0.0,0,50
2024-25,35,135,Yankuba Minteh,MID,Brighton,5,15,1,2025-05-04T13:00:00Z,90,9,1,0,0,1,2,28,45.2,5.5,38.0,8.9,0.25,0.03,0.28,1.83,1,49
2024-25,35,136,Mitoma Kaoru,MID,Brighton,5,15,1,2025-05-04T13:00:00Z,0,0,0,0,0,0,0,0,0.0,0.0,0.0,0.0,0.0,0.0,0.0,0.0,0,64
2024-25,35,137,Jakub Moder,MID,Brighton,5,15,1,2025-05-04T13:00:00Z,0,0,0,0,0,0,0,0,0.0,0.0,0.0,0.0,0.0,0.0,0.0,0.0,0,44
2024-25,35,138,Mark O’Mahony,FWD,Brighton,5,15,1,2025-05-04T13:00:00Z,0,0,0,0,0,0,0,0,0.0,0.0,0.0,0.0,0.0,0.0,0.0,0.0,0,45
2024-25,35,139,Odeluga Offiah,DEF,Brighton,5,15,1,2025-05-04T13:00:00Z,0,0,0,0,0,0,0,0,0.0,0.0,0.0,0.0,0.0,0.0,0.0,0.0,0,40
2024-25,35,140,Cameron Peupion,MID,Brighton,5,15,1,2025-05-04T13:00:00Z,0,0,0,0,0,0,0,0,0.0,0.0,0.0,0.0,0.0,0.0,0.0,0.0,0,44
2024-25,35,141,Jeremy Sarmiento Morante,MID,Brighton,5,15,1,2025-05-04T13:00:00Z,0,0,0,0,0,0,0,0,0.0,0.0,0.0,0.0,0.0,0.0,0.0,0.0,0,49
2024-25,35,142,Jason Steele,GK,Brighton,5,15,1,2025-05-04T13:00:00Z,0,0,0,0,0,0,0,0,0.0,0.0,0.0,0.0,0.0,0.0,0.0,0.0,0,40
2024-25,35,143,Deniz Undav,FWD,Brighton,5,15,1,2025-05-04T13:00:00Z,0,0,0,0,0,0,0,0,0.0,0.0,0.0,0.0,0.0,0.0,0.0,0.0,0,55
2024-25,35,144,Jan Paul van Hecke,DEF,Brighton,5,15,1,2025-05-04T13:00:00Z,90,2,0,0,0,1,0,11,14.6,1.3,0.0,1.6,0.0,0.01,0.01,1.87,1,45
2024-25,35,145,Joël Veltman,DEF,Brighton,5,15,1,2025-05-04T13:00:00Z,21,1,0,0,0,1,0,-2,0.0,0.1,0.0,0.0,0.0,0.0,0.0,1.05,0,43
2024-25,35,146,Bart Verbruggen,GK,Brighton,5,15,1,2025-05-04T13:00:00Z,90,3,0,0,0,1,0,14,33.0,0.0,0.0,3.3,0.0,0.0,0.0,1.87,1,46
2024-25,35,147,Adam Webster,DEF,Brighton,5,15,1,2025-05-04T13:00:00Z,0,0,0,0,0,0,0,0,0.0,0.0,0.0,0.0,0.0,0.0,0.0,0.0,0,43
2024-25,35,148,Danny Welbeck,FWD,Brighton,5,15,1,2025-05-04T13:00:00Z,90,1,0,0,0,1,0,6,7.0,24.3,0.0,3.1,0.0,0.02,0.02,1.87,1,55
2024-25,35,149,Mats Wieffer,MID,Brighton,5,15,1,2025-05-04T13:00:00Z,53,3,0,1,0,0,0,14,24.2,11.3,0.0,3.6,0.0,0.01,0.01,0.25,1,47
2024-25,35,150,Andrey Nascimento dos Santos,MID,Chelsea,6,12,1,2025-05-04T15:30:00Z,0,0,0,0,0,0,0,0,0.0,0.0,0.0,0.0,0.0,0.0,0.0,0.0,0,45
2024-25,35,151,Ângelo Gabriel Borges Damaceno,MID,Chelsea,6,12,1,2025-05-04T15:30:00Z,0,0,0,0,0,0,0,0,0.0,0.0,0.0,0.0,0.0,0.0,0.0,0.0,0,45
2024-25,35,152,Kepa Arrizabalaga,GK,Bournemouth,3,1,0,2025-05-03T16:30:00Z,90,3,0,0,0,1,0,12,31.6,0.0,0.0,3.2,0.0,0.0,0.0,1.42,1,46
2024-25,35,153,Benoît Badiashile,DEF,Chelsea,6,12,1,2025-05-04T15:30:00Z,0,0,0,0,0,0,0,0,0.0,0.0,0.0,0.0,0.0,0.0,0.0,0.0,0,42
2024-25,35,154,Lucas Bergström,GK,Chelsea,6,12,1,2025-05-04T15:30:00Z,0,0,0,0,0,0,0,0,0.0,0.0,0.0,0.0,0.0,0.0,0.0,0.0,0,39
2024-25,35,155,Marcus Bettinelli,GK,Chelsea,6,12,1,2025-05-04T15:30:00Z,0,0,0,0,0,0,0,0,0.0,0.0,0.0,0.0,0.0,0.0,0.0,0.0,0,39
2024-25,35,156,Armando Broja,FWD,Everton,8,10,1,2025-05-03T14:00:00Z,0,0,0,0,0,0,0,0,0.0,0.0,0.0,0.0,0.0,0.0,0.0,0.0,0,53
2024-25,35,157,Moisés Caicedo Corozo,MID,Chelsea,6,12,1,2025-05-04T15:30:00Z,90,6,0,1,0,1,1,27,25.6,12.9,10.0,4.9,0.0,0.02,0.02,1.05,1,49
2024-25,35,158,Cesare Casadei,MID,Chelsea,6,12,1,2025-05-04T15:30:00Z,0,0,0,0,0,0,0,0,0.0,0.0,0.0,0.0,0.0,0.0,0.0,0.0,0,44
2024-25,35,159,Trevoh Chalobah,DEF,Chelsea,6,12,1,2025-05-04T15:30:00Z,90,1,0,0,0,1,0,8,17.4,0.2,0.0,1.8,0.0,0.0,0.0,1.05,1,44
2024-25,35,160,Ben Chilwell,DEF,Crystal Palace,7,16,1,2025-05-05T19:00:00Z,0,0,0,0,0,0,0,0,0.0,0.0,0.0,0.0,0.0,0.0,0.0,0.0,0,46
2024-25,35,161,Carney Chukwuemeka,MID,Chelsea,6,12,1,2025-05-04T15:30:00Z,0,0,0,0,0,0,0,0,0.0,0.0,0.0,0.0,0.0,0.0,0.0,0.0,0,47
2024-25,35,162,Levi Colwill,DEF,Chelsea,6,12,1,2025-05-04T15:30:00Z,90,2,0,0,0,1,0,14,16.0,0.3,0.0,1.6,0.0,0.0,0.0,1.05,1,44
2024-25,35,163,Marc Cucurella Saseta,DEF,Chelsea,6,12,1,2025-05-04T15:30:00Z,90,2,0,0,0,1,0,17,25.4,11.0,2.0,3.8,0.0,0.11,0.11,1.05,1,54
2024-25,35,164,David Datro Fofana,FWD,Chelsea,6,12,1,2025-05-04T15:30:00Z,0,0,0,0,0,0,0,0,0.0,0.0,0.0,0.0,0.0,0.0,0.0,0.0,0,54
2024-25,35,165,Deivid Washington de Souza Eugênio,FWD,Chelsea,6,12,1,2025-05-04T15:30:00Z,0,0,0,0,0,0,0,0,0.0,0.0,0.0,0.0,0.0,0.0,0.0,0.0,0,49
2024-25,35,166,Kiernan Dewsbury-Hall,MID,Chelsea,6,12,1,2025-05-04T15:30:00Z,0,0,0,0,0,0,0,0,0.0,0.0,0.0,0.0,0.0,0.0,0.0,0.0,0,55
2024-25,35,167,Axel Disasi,DEF,Aston Villa,2,9,1,2025-05-03T11:30:00Z,0,0,0,0,0,0,0,0,0.0,0.0,0.0,0.0,0.0,0.0,0.0,0.0,0,42
2024-25,35,168,Enzo Fernández,MID,Chelsea,6,12,1,2025-05-04T15:30:00Z,87,9,1,0,0,1,2,41,51.0,22.6,23.0,9.7,0.65,0.06,0.71,1.05,1,47
2024-25,35,169,Conor Gallagher,MID,Chelsea,6,12,1,2025-05-04T15:30:00Z,0,0,0,0,0,0,0,0,0.0,0.0,0.0,0.0,0.0,0.0,0.0,0.0,0,59
2024-25,35,170,Alfie Gilchrist,DEF,Chelsea,6,12,1,2025-05-04T15:30:00Z,0,0,0,0,0,0,0,0,0.0,0.0,0.0,0.0,0.0,0.0,0.0,0.0,0,40
2024-25,35,171,Malo Gusto,DEF,Chelsea,6,12,1,2025-05-04T15:30:00Z,12,1,0,0,0,1,0,1,5.8,11.0,2.0,1.9,0.0,0.01,0.01,0.15,0,49
2024-25,35,172,Reece James,DEF,Chelsea,6,12,1,2025-05-04T15:30:00Z,2,1,0,0,0,0,0,3,0.0,0.8,0.0,0.1,0.0,0.0,0.0,0.0,0,48
2024-25,35,173,Omari Kellyman,MID,Chelsea,6,12,1,2025-05-04T15:30:00Z,0,0,0,0,0,0,0,0,0.0,0.0,0.0,0.0,0.0,0.0,0.0,0.0,0,43
2024-25,35,174,Roméo Lavia,MID,Chelsea,6,12,1,2025-05-04T15:30:00Z,77,3,0,0,1,0,0,13,7.0,0.6,0.0,0.8,0.0,0.01,0.01,0.9,1,45
2024-25,35,175,Romelu Lukaku Bolingoli,FWD,Chelsea,6,12,1,2025-05-04T15:30:00Z,0,0,0,0,0,0,0,0,0.0,0.0,0.0,0.0,0.0,0.0,0.0,0.0,0,63
2024-25,35,176,Malang Sarr,DEF,Chelsea,6,12,1,2025-05-04T15:30:00Z,0,0,0,0,0,0,0,0,0.0,0.0,0.0,0.0,0.0,0.0,0.0,0.0,0,45
2024-25,35,177,Noni Madueke,MID,Chelsea,6,12,1,2025-05-04T15:30:00Z,90,2,0,0,0,1,0,9,8.0,25.0,32.0,6.5,0.86,0.09,0.95,1.05,1,60
2024-25,35,178,Marc Guiu Paz,FWD,Chelsea,6,12,1,2025-05-04T15:30:00Z,0,0,0,0,0,0,0,0,0.0,0.0,0.0,0.0,0.0,0.0,0.0,0.0,0,47
2024-25,35,179,Mykhailo Mudryk,MID,Chelsea,6,12,1,2025-05-04T15:30:00Z,0,0,0,0,0,0,0,0,0.0,0.0,0.0,0.0,0.0,0.0,0.0,0.0,0,61
2024-25,35,180,Nicolas Jackson,FWD,Chelsea,6,12,1,2025-05-04T15:30:00Z,71,2,0,0,1,0,0,5,10.4,1.7,36.0,4.8,0.12,0.01,0.13,0.8,1,77
2024-25,35,181,Christopher Nkunku,MID,Chelsea,6,12,1,2025-05-04T15:30:00Z,0,0,0,0,0,0,0,0,0.0,0.0,0.0,0.0,0.0,0.0,0.0,0.0,0,57
2024-25,35,182,Cole Palmer,MID,Chelsea,6,12,1,2025-05-04T15:30:00Z,90,10,1,0,0,1,3,42,52.6,44.8,48.0,14.5,1.12,0.55,1.67,1.05,1,105
2024-25,35,183,Đorđe Petrović,GK,Chelsea,6,12,1,2025-05-04T15:30:00Z,0,0,0,0,0,0,0,0,0.0,0.0,0.0,0.0,0.0,0.0,0.0,0.0,0,44
2024-25,35,184,Renato Palma Veiga,MID,Chelsea,6,12,1,2025-05-04T15:30:00Z,0,0,0,0,0,0,0,0,0.0,0.0,0.0,0.0,0.0,0.0,0.0,0.0,0,44
2024-25,35,185,Robert Sánchez,GK,Chelsea,6,12,1,2025-05-04T15:30:00Z,90,2,0,0,0,1,0,6,10.6,0.0,0.0,1.1,0.0,0.0,0.0,1.05,1,45
2024-25,35,186,Raheem Sterling,MID,Arsenal,1,3,1,2025-05-03T16:30:00Z,4,1,0,0,0,0,0,3,0.2,0.8,4.0,0.5,0.0,0.01,0.01,0.0,0,67
2024-25,35,187,Tosin Adarabioyo,DEF,Chelsea,6,12,1,2025-05-04T15:30:00Z,0,0,0,0,0,0,0,0,0.0,0.0,0.0,0.0,0.0,0.0,0.0,0.0,0,42
2024-25,35,188,Lesley Ugochukwu,MID,Southampton,17,11,0,2025-05-03T14:00:00Z,78,1,0,0,0,2,0,7,5.8,3.8,7.0,1.7,0.06,0.01,0.07,1.29,1,44
2024-25,35,189,Wesley Fofana,DEF,Chelsea,6,12,1,2025-05-04T15:30:00Z,0,0,0,0,0,0,0,0,0.0,0.0,0.0,0.0,0.0,0.0,0.0,0.0,0,43
2024-25,35,190,Naouirou Ahamada,MID,Crystal Palace,7,16,1,2025-05-05T19:00:00Z,0,0,0,0,0,0,0,0,0.0,0.0,0.0,0.0,0.0,0.0,0.0,0.0,0,45
2024-25,35,191,Joachim Andersen,DEF,Fulham,9,2,0,2025-05-03T11:30:00Z,90,2,0,0,0,1,0,10,17.0,2.3,8.0,2.7,0.06,0.01,0.07,0.96,1,42
2024-25,35,192,Jordan Ayew,MID,Leicester,11,17,1,2025-05-03T14:00:00Z,69,8,1,0,1,0,0,26,35.8,23.8,9.0,6.9,0.12,0.07,0.19,0.5,1,51
2024-25,35,193,Cheick Doucouré,MID,Crystal Palace,7,16,1,2025-05-05T19:00:00Z,0,0,0,0,0,0,0,0,0.0,0.0,0.0,0.0,0.0,0.0,0.0,0.0,0,48
2024-25,35,194,Chris Richards,DEF,Crystal Palace,7,16,1,2025-05-05T19:00:00Z,90,2,0,0,0,1,0,5,12.2,4.6,9.0,2.6,0.07,0.01,0.08,0.71,1,44
2024-25,35,195,Chadi Riad Dnanou,DEF,Crystal Palace,7,16,1,2025-05-05T19:00:00Z,0,0,0,0,0,0,0,0,0.0,0.0,0.0,0.0,0.0,0.0,0.0,0.0,0,43
2024-25,35,196,Nathaniel Clyne,DEF,Crystal Palace,7,16,1,2025-05-05T19:00:00Z,0,0,0,0,0,0,0,0,0.0,0.0,0.0,0.0,0.0,0.0,0.0,0.0,0,43
2024-25,35,197,Malcolm Ebiowei,MID,Crystal Palace,7,16,1,2025-05-05T19:00:00Z,0,0,0,0,0,0,0,0,0.0,0.0,0.0,0.0,0.0,0.0,0.0,0.0,0,45
2024-25,35,198,Odsonne Edouard,FWD,Leicester,11,17,1,2025-05-03T14:00:00Z,0,0,0,0,0,0,0,0,0.0,0.0,0.0,0.0,0.0,0.0,0.0,0.0,0,51
2024-25,35,199,Eberechi Eze,MID,Crystal Palace,7,16,1,2025-05-05T19:00:00Z,90,10,1,0,0,1,3,35,40.0,22.3,26.0,8.8,0.98,0.07,1.05,0.71,1,69
2024-25,35,200,Marc Guéhi,DEF,Crystal Palace,7,16,1,2025-05-05T19:00:00Z,90,2,0,0,0,1,0,12,22.4,30.9,17.0,7.0,0.11,0.55,0.66,0.71,1,47
2024-25,35,201,Dean Henderson,GK,Crystal Palace,7,16,1,2025-05-05T19:00:00Z,90,3,0,0,0,1,0,12,21.6,0.0,0.0,2.2,0.0,0.0,0.0,0.71,1,46
2024-25,35,202,Rob Holding,DEF,Crystal Palace,7,16,1,2025-05-05T19:00:00Z,0,0,0,0,0,0,0,0,0.0,0.0,0.0,0.0,0.0,0.0,0.0,0.0,0,42
2024-25,35,203,Will Hughes,MID,Crystal Palace,7,16,1,2025-05-05T19:00:00Z,29,1,0,0,0,1,0,3,0.0,1.0,3.0,0.4,0.01,0.01,0.02,0.18,0,49
2024-25,35,204,Sam Johnstone,GK,Wolves,20,13,0,2025-05-02T19:00:00Z,0,0,0,0,0,0,0,0,0.0,0.0,0.0,0.0,0.0,0.0,0.0,0.0,0,41
2024-25,35,205,Daichi Kamada,MID,Crystal Palace,7,16,1,2025-05-05T19:00:00Z,86,1,0,0,0,1,0,16,9.2,2.0,12.0,2.3,0.13,0.02,0.15,0.71,1,51
2024-25,35,206,Jefferson Lerma Solís,MID,Crystal Palace,7,16,1,2025-05-05T19:00:00Z,3,1,0,0,0,0,0,4,1.2,0.5,2.0,0.4,0.0,0.02,0.02,0.0,0,48
2024-25,35,207,Jean-Philippe Mateta,FWD,Crystal Palace,7,16,1,2025-05-05T19:00:00Z,75,2,0,0,0,1,0,7,0.2,1.8,4.0,0.6,0.04,0.01,0.05,0.71,1,77
2024-25,35,208,Matheus França de Oliveira,MID,Crystal Palace,7,16,1,2025-05-05T19:00:00Z,0,0,0,0,0,0,0,0,0.0,0.0,0.0,0.0,0.0,0.0,0.0,0.0,0,44
2024-25,35,209,Remi Matthews,GK,Crystal Palace,7,16,1,2025-05-05T19:00:00Z,0,0,0,0,0,0,0,0,0.0,0.0,0.0,0.0,0.0,0.0,0.0,0.0,0,39
2024-25,35,210,Tyrick Mitchell,DEF,Crystal Palace,7,16,1,2025-05-05T19:00:00Z,90,5,0,1,0,1,0,18,10.2,15.0,2.0,2.7,0.0,0.05,0.05,0.71,1,48
2024-25,35,211,Daniel Muñoz,DEF,Crystal Palace,7,16,1,2025-05-05T19:00:00Z,90,1,0,0,0,1,0,12,32.0,28.3,27.0,8.7,0.11,0.1,0.21,0.71,1,53
2024-25,35,212,David Ozoh,MID,Crystal Palace,7,16,1,2025-05-05T19:00:00Z,0,0,0,0,0,0,0,0,0.0,0.0,0.0,0.0,0.0,0.0,0.0,0.0,0,45
2024-25,35,213,Jesurun Rak-Sakyi,MID,Crystal Palace,7,16,1,2025-05-05T19:00:00Z,0,0,0,0,0,0,0,0,0.0,0.0,0.0,0.0,0.0,0.0,0.0,0.0,0,45
2024-25,35,214,Jeffrey Schlupp,MID,Crystal Palace,7,16,1,2025-05-05T19:00:00Z,0,0,0,0,0,0,0,0,0.0,0.0,0.0,0.0,0.0,0.0,0.0,0.0,0,46
2024-25,35,215,Joel Ward,DEF,Crystal Palace,7,16,1,2025-05-05T19:00:00Z,0,0,0,0,0,0,0,0,0.0,0.0,0.0,0.0,0.0,0.0,0.0,0.0,0,43
2024-25,35,216,Adam Wharton,MID,Crystal Palace,7,16,1,2025-05-05T19:00:00Z,60,3,0,0,1,0,0,14,5.8,17.0,3.0,2.6,0.03,0.05,0.08,0.54,1,47
2024-25,35,217,Abdoulaye Doucouré,MID,Everton,8,10,1,2025-05-03T14:00:00Z,0,0,0,0,0,0,0,0,0.0,0.0,0.0,0.0,0.0,0.0,0.0,0.0,0,51
2024-25,35,218,Norberto Bercique Gomes Betuncal,FWD,Everton,8,10,1,2025-05-03T14:00:00Z,76,6,1,0,0,1,0,26,32.2,1.6,66.0,10.0,0.45,0.02,0.47,0.56,1,48
2024-25,35,219,Jarrad Branthwaite,DEF,Everton,8,10,1,2025-05-03T14:00:00Z,90,1,0,0,0,2,0,12,18.2,11.8,2.0,3.2,0.0,0.15,0.15,0.85,1,48
2024-25,35,220,Dominic Calvert-Lewin,FWD,Everton,8,10,1,2025-05-03T14:00:00Z,13,1,0,0,0,1,0,2,0.0,1.3,4.0,0.5,0.05,0.0,0.05,0.29,0,54
2024-25,35,221,Séamus Coleman,DEF,Everton,8,10,1,2025-05-03T14:00:00Z,0,0,0,0,0,0,0,0,0.0,0.0,0.0,0.0,0.0,0.0,0.0,0.0,0,43
2024-25,35,222,Idrissa Gueye,MID,Everton,8,10,1,2025-05-03T14:00:00Z,89,2,0,0,0,2,0,14,9.6,5.9,2.0,1.8,0.0,0.03,0.03,0.84,1,48
2024-25,35,223,James Garner,MID,Everton,8,10,1,2025-05-03T14:00:00Z,90,2,0,0,0,2,0,24,18.2,19.9,0.0,3.8,0.0,0.09,0.09,0.85,1,49
2024-25,35,224,Jack Harrison,MID,Everton,8,10,1,2025-05-03T14:00:00Z,12,1,0,0,0,1,0,5,3.0,4.8,0.0,0.8,0.0,0.04,0.04,0.29,0,52
2024-25,35,225,Mason Holgate,DEF,Everton,8,10,1,2025-05-03T14:00:00Z,0,0,0,0,0,0,0,0,0.0,0.0,0.0,0.0,0.0,0.0,0.0,0.0,0,40
2024-25,35,226,Tim Iroegbunam,MID,Everton,8,10,1,2025-05-03T14:00:00Z,1,1,0,0,0,0,0,4,2.2,0.0,0.0,0.2,0.0,0.0,0.0,0.01,0,43
2024-25,35,227,João Neves Virgínia,GK,Everton,8,10,1,2025-05-03T14:00:00Z,0,0,0,0,0,0,0,0,0.0,0.0,0.0,0.0,0.0,0.0,0.0,0.0,0,39
2024-25,35,228,Michael Keane,DEF,Everton,8,10,1,2025-05-03T14:00:00Z,0,0,0,0,0,0,0,0,0.0,0.0,0.0,0.0,0.0,0.0,0.0,0.0,0,38
2024-25,35,229,Neal Maupay,FWD,Everton,8,10,1,2025-05-03T14:00:00Z,0,0,0,0,0,0,0,0,0.0,0.0,0.0,0.0,0.0,0.0,0.0,0.0,0,49
2024-25,35,230,Dwight McNeil,MID,Everton,8,10,1,2025-05-03T14:00:00Z,77,10,1,0,0,1,3,31,34.0,11.3,11.0,5.6,0.03,0.03,0.06,0.56,1,51
2024-25,35,231,Vitalii Mykolenko,DEF,Everton,8,10,1,2025-05-03T14:00:00Z,90,0,0,0,0,2,0,3,8.2,3.7,8.0,2.0,0.0,0.08,0.08,0.85,1,43
2024-25,35,232,Iliman Ndiaye,FWD,Everton,8,10,1,2025-05-03T14:00:00Z,90,2,0,0,0,2,0,8,10.6,4.4,12.0,2.7,0.03,0.03,0.06,0.85,1,52
2024-25,35,233,Amadou Onana,MID,Aston Villa,2,9,1,2025-05-03T11:30:00Z,29,1,0,0,0,0,0,5,8.0,15.8,2.0,2.6,0.0,0.1,0.1,0.23,0,48
2024-25,35,234,Nathan Patterson,DEF,Everton,8,10,1,2025-05-03T14:00:00Z,81,3,0,1,0,2,0,14,31.6,31.2,2.0,6.5,0.0,0.07,0.07,0.84,1,44
2024-25,35,235,Jordan Pickford,GK,Everton,8,10,1,2025-05-03T14:00:00Z,90,2,0,0,0,2,0,8,21.4,0.0,0.0,2.1,0.0,0.0,0.0,0.85,1,51
2024-25,35,236,James Tarkowski,DEF,Everton,8,10,1,2025-05-03T14:00:00Z,0,0,0,0,0,0,0,0,0.0,0.0,0.0,0.0,0.0,0.0,0.0,0.0,0,48
2024-25,35,237,Youssef Ramalho Chermiti,FWD,Everton,8,10,1,2025-05-03T14:00:00Z,1,1,0,0,0,0,0,3,0.2,0.1,0.0,0.0,0.0,0.0,0.0,0.01,0,49
2024-25,35,238,Ashley Young,DEF,Everton,8,10,1,2025-05-03T14:00:00Z,8,1,0,0,0,0,0,5,1.4,0.2,0.0,0.2,0.0,0.0,0.0,0.01,0,43
2024-25,35,239,Adama Traoré,MID,Fulham,9,2,0,2025-05-03T11:30:00Z,23,0,0,0,0,0,0,0,4.0,14.3,6.0,2.4,0.06,0.1,0.16,0.54,0,45
2024-25,35,240,Andreas Hoelgebaum Pereira,MID,Fulham,9,2,0,2025-05-03T11:30:00Z,0,0,0,0,0,0,0,0,0.0,0.0,0.0,0.0,0.0,0.0,0.0,0.0,0,49
2024-25,35,241,Calvin Bassey,DEF,Fulham,9,2,0,2025-05-03T11:30:00Z,90,1,0,0,0,1,0,10,16.4,16.1,2.0,3.5,0.0,0.07,0.07,0.96,1,45
2024-25,35,242,Steven Benda,GK,Fulham,9,2,0,2025-05-03T11:30:00Z,0,0,0,0,0,0,0,0,0.0,0.0,0.0,0.0,0.0,0.0,0.0,0.0,0,39
2024-25,35,243,Tom Cairney,MID,Fulham,9,2,0,2025-05-03T11:30:00Z,0,0,0,0,0,0,0,0,0.0,0.0,0.0,0.0,0.0,0.0,0.0,0.0,0,48
2024-25,35,244,Timothy Castagne,DEF,Fulham,9,2,0,2025-05-03T11:30:00Z,23,1,0,0,0,0,0,3,1.8,0.8,0.0,0.3,0.0,0.0,0.0,0.54,0,42
2024-25,35,245,Issa Diop,DEF,Fulham,9,2,0,2025-05-03T11:30:00Z,0,0,0,0,0,0,0,0,0.0,0.0,0.0,0.0,0.0,0.0,0.0,0.0,0,43
2024-25,35,246,Luke Harris,MID,Fulham,9,2,0,2025-05-03T11:30:00Z,0,0,0,0,0,0,0,0,0.0,0.0,0.0,0.0,0.0,0.0,0.0,0.0,0,45
2024-25,35,247,Alex Iwobi,MID,Fulham,9,2,0,2025-05-03T11:30:00Z,75,2,0,0,0,1,0,20,16.0,39.4,21.0,7.6,0.08,0.19,0.27,0.46,1,56
2024-25,35,248,Bernd Leno,GK,Fulham,9,2,0,2025-05-03T11:30:00Z,90,2,0,0,0,1,0,9,21.2,0.0,0.0,2.1,0.0,0.01,0.01,0.96,1,50
2024-25,35,249,Saša Lukić,MID,Fulham,9,2,0,2025-05-03T11:30:00Z,90,2,0,0,0,1,0,7,8.4,7.4,13.0,2.9,0.14,0.04,0.18,0.96,1,48
2024-25,35,250,Kevin Mbabu,DEF,Fulham,9,2,0,2025-05-03T11:30:00Z,0,0,0,0,0,0,0,0,0.0,0.0,0.0,0.0,0.0,0.0,0.0,0.0,0,40
2024-25,35,251,Rodrigo Muniz Carvalho,FWD,Fulham,9,2,0,2025-05-03T11:30:00Z,0,0,0,0,0,0,0,0,0.0,0.0,0.0,0.0,0.0,0.0,0.0,0.0,0,55
2024-25,35,252,Raúl Jiménez,FWD,Fulham,9,2,0,2025-05-03T11:30:00Z,90,2,0,0,0,1,0,17,15.2,33.4,13.0,6.2,0.02,0.06,0.08,0.96,1,53
2024-25,35,253,Tim Ream,DEF,Fulham,9,2,0,2025-05-03T11:30:00Z,0,0,0,0,0,0,0,0,0.0,0.0,0.0,0.0,0.0,0.0,0.0,0.0,0,45
2024-25,35,254,Harrison Reed,MID,Fulham,9,2,0,2025-05-03T11:30:00Z,15,1,0,0,0,0,0,3,0.0,0.0,0.0,0.0,0.0,0.0,0.0,0.26,0,47
2024-25,35,255,Antonee Robinson,DEF,Fulham,9,2,0,2025-05-03T11:30:00Z,90,2,0,0,0,1,0,15,37.6,27.2,4.0,6.9,0.0,0.26,0.26,0.96,1,48
2024-25,35,256,Jay Stansfield,FWD,Fulham,9,2,0,2025-05-03T11:30:00Z,0,0,0,0,0,0,0,0,0.0,0.0,0.0,0.0,0.0,0.0,0.0,0.0,0,50
2024-25,35,257,Kenny Tete,DEF,Fulham,9,2,0,2025-05-03T11:30:00Z,66,1,0,0,0,1,0,-2,3.8,5.5,0.0,0.9,0.0,0.04,0.04,0.42,1,44
2024-25,35,258,Carlos Vinícius Alves Morais,FWD,Fulham,9,2,0,2025-05-03T11:30:00Z,0,0,0,0,0,0,0,0,0.0,0.0,0.0,0.0,0.0,0.0,0.0,0.0,0,50
2024-25,35,259,Harry Wilson,MID,Fulham,9,2,0,2025-05-03T11:30:00Z,66,2,0,0,0,1,0,14,11.2,3.3,31.0,4.6,0.46,0.01,0.47,0.42,1,52
2024-25,35,260,Ali Al-Hamadi,FWD,Ipswich,10,8,0,2025-05-03T14:00:00Z,0,0,0,0,0,0,0,0,0.0,0.0,0.0,0.0,0.0,0.0,0.0,0.0,0,47
2024-25,35,261,Elkan Baggott,DEF,Ipswich,10,8,0,2025-05-03T14:00:00Z,0,0,0,0,0,0,0,0,0.0,0.0,0.0,0.0,0.0,0.0,0.0,0.0,0,40
2024-25,35,262,Nathan Broadhead,MID,Ipswich,10,8,0,2025-05-03T14:00:00Z,0,0,0,0,0,0,0,0,0.0,0.0,0.0,0.0,0.0,0.0,0.0,0.0,0,49
2024-25,35,263,Cameron Burgess,DEF,Ipswich,10,8,0,2025-05-03T14:00:00Z,90,4,0,1,0,2,0,19,40.4,12.3,4.0,5.7,0.0,0.0,0.0,0.55,1,38
2024-25,35,264,Wes Burns,MID,Ipswich,10,8,0,2025-05-03T14:00:00Z,0,0,0,0,0,0,0,0,0.0,0.0,0.0,0.0,0.0,0.0,0.0,0.0,0,47
2024-25,35,265,Conor Chaplin,MID,Ipswich,10,8,0,2025-05-03T14:00:00Z,67,1,0,0,0,2,0,6,3.8,20.5,0.0,2.4,0.0,0.01,0.01,0.51,1,51
2024-25,35,266,Harry Clarke,DEF,Ipswich,10,8,0,2025-05-03T14:00:00Z,0,0,0,0,0,0,0,0,0.0,0.0,0.0,0.0,0.0,0.0,0.0,0.0,0,40
2024-25,35,267,Leif Davis,DEF,Ipswich,10,8,0,2025-05-03T14:00:00Z,0,0,0,0,0,0,0,0,0.0,0.0,0.0,0.0,0.0,0.0,0.0,0.0,0,42
2024-25,35,268,Liam Delap,FWD,Ipswich,10,8,0,2025-05-03T14:00:00Z,67,1,0,0,0,2,0,2,0.2,10.3,13.0,2.4,0.17,0.04,0.21,0.51,1,56
2024-25,35,269,George Edmundson,DEF,Ipswich,10,8,0,2025-05-03T14:00:00Z,0,0,0,0,0,0,0,0,0.0,0.0,0.0,0.0,0.0,0.0,0.0,0.0,0,40
2024-25,35,270,Jacob Greaves,DEF,Ipswich,10,8,0,2025-05-03T14:00:00Z,90,1,0,0,0,2,0,17,26.4,0.9,6.0,3.3,0.0,0.01,0.01,0.55,1,38
2024-25,35,271,Marcus Myers-Harness,MID,Ipswich,10,8,0,2025-05-03T14:00:00Z,0,0,0,0,0,0,0,0,0.0,0.0,0.0,0.0,0.0,0.0,0.0,0.0,0,49
2024-25,35,272,George Hirst,FWD,Ipswich,10,8,0,2025-05-03T14:00:00Z,22,5,1,0,0,0,1,27,35.2,10.8,35.0,8.1,0.28,0.12,0.4,0.05,0,54
2024-25,35,273,Cameron Humphreys,MID,Ipswich,10,8,0,2025-05-03T14:00:00Z,0,0,0,0,0,0,0,0,0.0,0.0,0.0,0.0,0.0,0.0,0.0,0.0,0,45
2024-25,35,274,Omari Giraud-Hutchinson,MID,Ipswich,10,8,0,2025-05-03T14:00:00Z,90,5,0,1,0,2,0,19,9.0,28.3,6.0,4.3,0.04,0.12,0.16,0.55,1,52
2024-25,35,275,Ben Johnson,DEF,Ipswich,10,8,0,2025-05-03T14:00:00Z,0,0,0,0,0,0,0,0,0.0,0.0,0.0,0.0,0.0,0.0,0.0,0.0,0,38
2024-25,35,276,Freddie Ladapo,FWD,Ipswich,10,8,0,2025-05-03T14:00:00Z,0,0,0,0,0,0,0,0,0.0,0.0,0.0,0.0,0.0,0.0,0.0,0.0,0,45
2024-25,35,277,Massimo Luongo,MID,Ipswich,10,8,0,2025-05-03T14:00:00Z,0,0,0,0,0,0,0,0,0.0,0.0,0.0,0.0,0.0,0.0,0.0,0.0,0,43
2024-25,35,278,Sam Morsy,MID,Ipswich,10,8,0,2025-05-03T14:00:00Z,67,1,0,0,0,2,0,6,4.8,2.1,0.0,0.7,0.0,0.01,0.01,0.51,1,48
2024-25,35,279,Corrie Ndaba,DEF,Ipswich,10,8,0,2025-05-03T14:00:00Z,0,0,0,0,0,0,0,0,0.0,0.0,0.0,0.0,0.0,0.0,0.0,0.0,0,40
2024-25,35,280,Cieran Slicker,GK,Ipswich,10,8,0,2025-05-03T14:00:00Z,0,0,0,0,0,0,0,0,0.0,0.0,0.0,0.0,0.0,0.0,0.0,0.0,0,39
2024-25,35,281,Jack Taylor,MID,Ipswich,10,8,0,2025-05-03T14:00:00Z,81,2,0,0,0,2,0,14,13.2,2.9,0.0,1.6,0.0,0.0,0.0,0.51,1,48
2024-25,35,282,Axel Tuanzebe,DEF,Ipswich,10,8,0,2025-05-03T14:00:00Z,1,1,0,0,0,0,0,2,0.0,0.6,0.0,0.0,0.0,0.01,0.01,0.0,0,39
2024-25,35,283,Christian Walton,GK,Ipswich,10,8,0,2025-05-03T14:00:00Z,0,0,0,0,0,0,0,0,0.0,0.0,0.0,0.0,0.0,0.0,0.0,0.0,0,43
2024-25,35,284,Luke Woolfenden,DEF,Ipswich,10,8,0,2025-05-03T14:00:00Z,90,1,0,0,0,2,0,8,17.0,0.6,0.0,1.8,0.0,0.0,0.0,0.55,1,39
2024-25,35,285,Boubakary Soumaré,MID,Leicester,11,17,1,2025-05-03T14:00:00Z,6,1,0,0,0,0,0,4,7.2,0.0,0.0,0.7,0.0,0.0,0.0,0.03,0,44
2024-25,35,286,Tom Cannon,FWD,Leicester,11,17,1,2025-05-03T14:00:00Z,0,0,0,0,0,0,0,0,0.0,0.0,0.0,0.0,0.0,0.0,0.0,0.0,0,45
2024-25,35,287,Hamza Choudhury,MID,Leicester,11,17,1,2025-05-03T14:00:00Z,0,0,0,0,0,0,0,0,0.0,0.0,0.0,0.0,0.0,0.0,0.0,0.0,0,44
2024-25,35,288,Conor Coady,DEF,Leicester,11,17,1,2025-05-03T14:00:00Z,90,8,0,0,1,0,2,29,25.0,0.5,0.0,2.6,0.0,0.0,0.0,0.53,1,40
2024-25,35,289,Patson Daka,FWD,Leicester,11,17,1,2025-05-03T14:00:00Z,5,1,0,0,0,0,0,3,2.0,0.0,2.0,0.4,0.0,0.0,0.0,0.03,0,48
2024-25,35,290,Bobby De Cordova-Reid,MID,Leicester,11,17,1,2025-05-03T14:00:00Z,0,0,0,0,0,0,0,0,0.0,0.0,0.0,0.0,0.0,0.0,0.0,0.0,0,52
2024-25,35,291,Wout Faes,DEF,Leicester,11,17,1,2025-05-03T14:00:00Z,90,7,0,0,1,0,1,27,16.4,0.5,0.0,1.7,0.0,0.0,0.0,0.53,1,38
2024-25,35,292,Michael Golding,MID,Leicester,11,17,1,2025-05-03T14:00:00Z,1,1,0,0,0,0,0,3,0.0,0.0,0.0,0.0,0.0,0.0,0.0,0.0,0,44
2024-25,35,293,Mads Hermansen,GK,Leicester,11,17,1,2025-05-03T14:00:00Z,0,0,0,0,0,0,0,0,0.0,0.0,0.0,0.0,0.0,0.0,0.0,0.0,0,44
2024-25,35,294,Daniel Iversen,GK,Leicester,11,17,1,2025-05-03T14:00:00Z,0,0,0,0,0,0,0,0,0.0,0.0,0.0,0.0,0.0,0.0,0.0,0.0,0,39
2024-25,35,295,James Justin,DEF,Leicester,11,17,1,2025-05-03T14:00:00Z,90,7,0,0,1,0,1,27,17.0,1.6,0.0,1.9,0.0,0.01,0.01,0.53,1,41
2024-25,35,296,Victor Kristiansen,DEF,Leicester,11,17,1,2025-05-03T14:00:00Z,0,0,0,0,0,0,0,0,0.0,0.0,0.0,0.0,0.0,0.0,0.0,0.0,0,44
2024-25,35,297,Wanya Marçal-Madivádua,MID,Leicester,11,17,1,2025-05-03T14:00:00Z,0,0,0,0,0,0,0,0,0.0,0.0,0.0,0.0,0.0,0.0,0.0,0.0,0,45
2024-25,35,298,Stephy Mavididi,MID,Leicester,11,17,1,2025-05-03T14:00:00Z,0,0,0,0,0,0,0,0,0.0,0.0,0.0,0.0,0.0,0.0,0.0,0.0,0,50
2024-25,35,299,Kasey McAteer,MID,Leicester,11,17,1,2025-05-03T14:00:00Z,83,3,0,0,1,0,0,12,10.0,22.6,21.0,5.4,0.06,0.01,0.07,0.5,1,47
2024-25,35,300,Wilfred Ndidi,MID,Leicester,11,17,1,2025-05-03T14:00:00Z,90,3,0,0,1,0,0,22,14.4,2.8,12.0,2.9,0.22,0.01,0.23,0.53,1,49
2024-25,35,301,Caleb Okoli,DEF,Leicester,11,17,1,2025-05-03T14:00:00Z,0,0,0,0,0,0,0,0,0.0,0.0,0.0,0.0,0.0,0.0,0.0,0.0,0,40
2024-25,35,302,Ricardo Barbosa Pereira,DEF,Leicester,11,17,1,2025-05-03T14:00:00Z,0,0,0,0,0,0,0,0,0.0,0.0,0.0,0.0,0.0,0.0,0.0,0.0,0,41
2024-25,35,303,Harry Souttar,DEF,Leicester,11,17,1,2025-05-03T14:00:00Z,0,0,0,0,0,0,0,0,0.0,0.0,0.0,0.0,0.0,0.0,0.0,0.0,0,40
2024-25,35,304,Jakub Stolarczyk,GK,Leicester,11,17,1,2025-05-03T14:00:00Z,90,6,0,0,1,0,0,23,20.0,0.0,0.0,2.0,0.0,0.0,0.0,0.53,1,40
2024-25,35,305,Luke Thomas,DEF,Leicester,11,17,1,2025-05-03T14:00:00Z,90,6,0,0,1,0,0,25,13.8,37.6,10.0,6.1,0.24,0.04,0.28,0.53,1,39
2024-25,35,306,Jamie Vardy,FWD,Leicester,11,17,1,2025-05-03T14:00:00Z,84,9,1,0,1,0,3,38,36.2,0.9,30.0,6.7,0.48,0.07,0.55,0.5,1,53
2024-25,35,307,Jannik Vestergaard,DEF,Leicester,11,17,1,2025-05-03T14:00:00Z,0,0,0,0,0,0,0,0,0.0,0.0,0.0,0.0,0.0,0.0,0.0,0.0,0,39
2024-25,35,308,Danny Ward,GK,Leicester,11,17,1,2025-05-03T14:00:00Z,0,0,0,0,0,0,0,0,0.0,0.0,0.0,0.0,0.0,0.0,0.0,0.0,0,39
2024-25,35,309,Harry Winks,MID,Leicester,11,17,1,2025-05-03T14:00:00Z,0,0,0,0,0,0,0,0,0.0,0.0,0.0,0.0,0.0,0.0,0.0,0.0,0,43
2024-25,35,310,Alisson Ramses Becker,GK,Liverpool,12,6,0,2025-05-04T15:30:00Z,90,2,0,0,0,3,0,11,39.0,0.0,0.0,3.9,0.0,0.0,0.0,3.13,1,55
2024-25,35,311,Trent Alexander-Arnold,DEF,Liverpool,12,6,0,2025-05-04T15:30:00Z,56,0,0,0,0,2,0,-1,10.4,8.3,7.0,2.6,0.04,0.24,0.28,1.68,1,72
2024-25,35,312,Stefan Bajčetić Maquieira,MID,Liverpool,12,6,0,2025-05-04T15:30:00Z,0,0,0,0,0,0,0,0,0.0,0.0,0.0,0.0,0.0,0.0,0.0,0.0,0,45
2024-25,35,313,Conor Bradley,DEF,Liverpool,12,6,0,2025-05-04T15:30:00Z,33,1,0,0,0,1,0,1,2.6,1.7,6.0,1.0,0.0,0.01,0.01,1.46,0,47
2024-25,35,314,Fábio Freitas Gouveia Carvalho,MID,Brentford,4,14,1,2025-05-04T13:00:00Z,0,0,0,0,0,0,0,0,0.0,0.0,0.0,0.0,0.0,0.0,0.0,0.0,0,45
2024-25,35,315,Bobby Clark,MID,Liverpool,12,6,0,2025-05-04T15:30:00Z,0,0,0,0,0,0,0,0,0.0,0.0,0.0,0.0,0.0,0.0,0.0,0.0,0,45
2024-25,35,316,Darwin Núñez Ribeiro,FWD,Liverpool,12,6,0,2025-05-04T15:30:00Z,32,1,0,0,0,1,0,-1,0.0,0.8,10.0,1.1,0.3,0.02,0.32,1.46,0,70
2024-25,35,317,Diogo Teixeira da Silva,MID,Liverpool,12,6,0,2025-05-04T15:30:00Z,57,1,0,0,0,2,0,-2,0.0,1.6,13.0,0.8,0.18,0.0,0.18,1.68,1,72
2024-25,35,318,Ben Doak,MID,Liverpool,12,6,0,2025-05-04T15:30:00Z,0,0,0,0,0,0,0,0,0.0,0.0,0.0,0.0,0.0,0.0,0.0,0.0,0,45
2024-25,35,319,Harvey Elliott,MID,Liverpool,12,6,0,2025-05-04T15:30:00Z,68,2,0,0,0,2,0,11,1.6,4.1,10.0,1.6,0.1,0.04,0.14,1.69,1,52
2024-25,35,320,Endo Wataru,MID,Liverpool,12,6,0,2025-05-04T15:30:00Z,68,2,0,0,0,2,0,19,16.4,17.7,2.0,3.6,0.0,0.04,0.04,1.69,1,46
2024-25,35,321,Cody Gakpo,FWD,Liverpool,12,6,0,2025-05-04T15:30:00Z,90,2,0,0,0,3,0,12,7.2,12.8,21.0,4.1,0.06,0.25,0.31,3.13,1,72
2024-25,35,322,Joe Gomez,DEF,Liverpool,12,6,0,2025-05-04T15:30:00Z,0,0,0,0,0,0,0,0,0.0,0.0,0.0,0.0,0.0,0.0,0.0,0.0,0,47
2024-25,35,323,Ryan Gravenberch,MID,Liverpool,12,6,0,2025-05-04T15:30:00Z,0,0,0,0,0,0,0,0,0.0,0.0,0.0,0.0,0.0,0.0,0.0,0.0,0,50
2024-25,35,324,Curtis Jones,MID,Liverpool,12,6,0,2025-05-04T15:30:00Z,90,2,0,0,0,3,0,13,10.4,6.4,4.0,2.1,0.0,0.04,0.04,3.13,1,53
2024-25,35,325,Caoimhin Kelleher,GK,Liverpool,12,6,0,2025-05-04T15:30:00Z,0,0,0,0,0,0,0,0,0.0,0.0,0.0,0.0,0.0,0.0,0.0,0.0,0,40
2024-25,35,326,Ibrahima Konaté,DEF,Liverpool,12,6,0,2025-05-04T15:30:00Z,0,0,0,0,0,0,0,0,0.0,0.0,0.0,0.0,0.0,0.0,0.0,0.0,0,53
2024-25,35,327,Luis Díaz,MID,Liverpool,12,6,0,2025-05-04T15:30:00Z,0,0,0,0,0,0,0,0,0.0,0.0,0.0,0.0,0.0,0.0,0.0,0.0,0,76
2024-25,35,328,Mohamed Salah,MID,Liverpool,12,6,0,2025-05-04T15:30:00Z,90,2,0,0,0,3,0,9,5.8,28.4,16.0,5.0,0.09,0.31,0.4,3.13,1,138
2024-25,35,329,Alexis Mac Allister,MID,Liverpool,12,6,0,2025-05-04T15:30:00Z,21,4,0,1,0,1,0,16,17.2,15.6,0.0,3.3,0.0,0.06,0.06,1.44,0,62
2024-25,35,330,James McConnell,MID,Liverpool,12,6,0,2025-05-04T15:30:00Z,0,0,0,0,0,0,0,0,0.0,0.0,0.0,0.0,0.0,0.0,0.0,0.0,0,43
2024-25,35,331,Tyler Morton,MID,Liverpool,12,6,0,2025-05-04T15:30:00Z,0,0,0,0,0,0,0,0,0.0,0.0,0.0,0.0,0.0,0.0,0.0,0.0,0,44
2024-25,35,332,Nathaniel Phillips,DEF,Liverpool,12,6,0,2025-05-04T15:30:00Z,0,0,0,0,0,0,0,0,0.0,0.0,0.0,0.0,0.0,0.0,0.0,0.0,0,40
2024-25,35,333,Jarell Quansah,DEF,Liverpool,12,6,0,2025-05-04T15:30:00Z,90,-2,0,0,0,3,0,-8,8.2,1.3,0.0,1.0,0.0,0.01,0.01,3.13,1,39
2024-25,35,334,Rhys Williams,DEF,Liverpool,12,6,0,2025-05-04T15:30:00Z,0,0,0,0,0,0,0,0,0.0,0.0,0.0,0.0,0.0,0.0,0.0,0.0,0,40
2024-25,35,335,Andrew Robertson,DEF,Liverpool,12,6,0,2025-05-04T15:30:00Z,0,0,0,0,0,0,0,0,0.0,0.0,0.0,0.0,0.0,0.0,0.0,0.0,0,58
2024-25,35,336,Dominik Szoboszlai,MID,Liverpool,12,6,0,2025-05-04T15:30:00Z,21,1,0,0,0,1,0,2,1.2,0.8,0.0,0.2,0.0,0.01,0.01,1.44,0,62
2024-25,35,337,Konstantinos Tsimikas,DEF,Liverpool,12,6,0,2025-05-04T15:30:00Z,81,1,0,0,0,2,0,11,23.8,69.0,2.0,9.5,0.0,0.27,0.27,2.23,1,46
2024-25,35,338,Sepp van den Berg,DEF,Brentford,4,14,1,2025-05-04T13:00:00Z,90,1,0,0,0,3,0,6,20.4,10.5,4.0,3.5,0.1,0.0,0.1,1.56,1,41
2024-25,35,339,Virgil van Dijk,DEF,Liverpool,12,6,0,2025-05-04T15:30:00Z,90,6,1,0,0,3,0,11,48.8,2.5,27.0,7.8,0.28,0.01,0.29,3.13,1,67
2024-25,35,340,Manuel Akanji,DEF,Man City,13,20,1,2025-05-02T19:00:00Z,32,1,0,0,0,0,0,13,9.6,1.0,0.0,1.1,0.0,0.01,0.01,0.0,0,53
2024-25,35,341,Nathan Aké,DEF,Man City,13,20,1,2025-05-02T19:00:00Z,0,0,0,0,0,0,0,0,0.0,0.0,0.0,0.0,0.0,0.0,0.0,0.0,0,53
2024-25,35,342,Bernardo Veiga de Carvalho e Silva,MID,Man City,13,20,1,2025-05-02T19:00:00Z,90,3,0,0,1,0,0,21,25.8,40.9,8.0,7.5,0.0,0.1,0.1,0.4,1,61
2024-25,35,343,Oscar Bobb,MID,Man City,13,20,1,2025-05-02T19:00:00Z,0,0,0,0,0,0,0,0,0.0,0.0,0.0,0.0,0.0,0.0,0.0,0.0,0,47
2024-25,35,344,Scott Carson,GK,Man City,13,20,1,2025-05-02T19:00:00Z,0,0,0,0,0,0,0,0,0.0,0.0,0.0,0.0,0.0,0.0,0.0,0.0,0,39
2024-25,35,345,Kevin De Bruyne,MID,Man City,13,20,1,2025-05-02T19:00:00Z,83,11,1,0,1,0,3,33,40.8,19.3,25.0,8.5,0.38,0.09,0.47,0.4,1,94
2024-25,35,346,Jérémy Doku,MID,Man City,13,20,1,2025-05-02T19:00:00Z,90,6,0,1,1,0,0,21,26.4,39.8,36.0,10.2,0.0,0.15,0.15,0.4,1,62
2024-25,35,347,Ederson Santana de Moraes,GK,Man City,13,20,1,2025-05-02T19:00:00Z,90,6,0,0,1,0,0,23,5.8,0.0,0.0,0.6,0.0,0.0,0.0,0.4,1,53
2024-25,35,348,Phil Foden,MID,Man City,13,20,1,2025-05-02T19:00:00Z,6,1,0,0,0,0,0,4,0.0,1.3,0.0,0.1,0.0,0.0,0.0,0.0,0,91
2024-25,35,349,Jack Grealish,MID,Man City,13,20,1,2025-05-02T19:00:00Z,0,0,0,0,0,0,0,0,0.0,0.0,0.0,0.0,0.0,0.0,0.0,0.0,0,64
2024-25,35,350,Joško Gvardiol,DEF,Man City,13,20,1,2025-05-02T19:00:00Z,90,8,0,0,1,0,2,31,18.2,5.3,0.0,2.4,0.0,0.04,0.04,0.4,1,63
2024-25,35,351,Erling Haaland,FWD,Man City,13,20,1,2025-05-02T19:00:00Z,0,0,0,0,0,0,0,0,0.0,0.0,0.0,0.0,0.0,0.0,0.0,0.0,0,148
2024-25,35,352,Julián Álvarez,FWD,Man City,13,20,1,2025-05-02T19:00:00Z,0,0,0,0,0,0,0,0,0.0,0.0,0.0,0.0,0.0,0.0,0.0,0.0,0,70
2024-25,35,353,João Cavaco Cancelo,DEF,Man City,13,20,1,2025-05-02T19:00:00Z,0,0,0,0,0,0,0,0,0.0,0.0,0.0,0.0,0.0,0.0,0.0,0.0,0,53
2024-25,35,354,Mateo Kovačić,MID,Man City,13,20,1,2025-05-02T19:00:00Z,90,3,0,0,1,0,0,12,16.8,21.6,5.0,4.3,0.06,0.06,0.12,0.4,1,54
2024-25,35,355,Rico Lewis,DEF,Man City,13,20,1,2025-05-02T19:00:00Z,7,1,0,0,0,0,0,2,0.0,1.3,0.0,0.1,0.0,0.01,0.01,0.0,0,43
2024-25,35,356,Matheus Luiz Nunes,MID,Man City,13,20,1,2025-05-02T19:00:00Z,90,3,0,0,1,0,0,18,15.6,8.6,2.0,2.6,0.0,0.03,0.03,0.4,1,49
2024-25,35,357,James McAtee,MID,Man City,13,20,1,2025-05-02T19:00:00Z,6,1,0,0,0,0,0,4,0.0,1.1,2.0,0.3,0.0,0.0,0.0,0.0,0,46
2024-25,35,358,Stefan Ortega Moreno,GK,Man City,13,20,1,2025-05-02T19:00:00Z,0,0,0,0,0,0,0,0,0.0,0.0,0.0,0.0,0.0,0.0,0.0,0.0,0,52
2024-25,35,359,Kalvin Phillips,MID,Ipswich,10,8,0,2025-05-03T14:00:00Z,22,1,0,0,0,0,0,4,2.6,1.5,4.0,0.8,0.01,0.0,0.01,0.05,0,48
2024-25,35,360,Rodrigo 'Rodri' Hernandez,MID,Man City,13,20,1,2025-05-02T19:00:00Z,0,0,0,0,0,0,0,0,0.0,0.0,0.0,0.0,0.0,0.0,0.0,0.0,0,62
2024-25,35,361,Rúben Gato Alves Dias,DEF,Man City,13,20,1,2025-05-02T19:00:00Z,90,7,0,0,1,0,1,26,11.6,2.8,1.0,1.5,0.02,0.01,0.03,0.4,1,54
2024-25,35,362,John Stones,DEF,Man City,13,20,1,2025-05-02T19:00:00Z,0,0,0,0,0,0,0,0,0.0,0.0,0.0,0.0,0.0,0.0,0.0,0.0,0,53
2024-25,35,363,Kyle Walker,DEF,Man City,13,20,1,2025-05-02T19:00:00Z,0,0,0,0,0,0,0,0,0.0,0.0,0.0,0.0,0.0,0.0,0.0,0.0,0,51
2024-25,35,364,Amad Diallo,MID,Man Utd,14,4,0,2025-05-04T13:00:00Z,45,6,1,0,0,2,0,30,41.8,16.7,27.0,8.6,0.1,0.07,0.17,1.76,0,53
2024-25,35,365,Antony Matheus dos Santos,MID,Man Utd,14,4,0,2025-05-04T13:00:00Z,0,0,0,0,0,0,0,0,0.0,0.0,0.0,0.0,0.0,0.0,0.0,0.0,0,57
2024-25,35,366,Bruno Borges Fernandes,MID,Man Utd,14,4,0,2025-05-04T13:00:00Z,0,0,0,0,0,0,0,0,0.0,0.0,0.0,0.0,0.0,0.0,0.0,0.0,0,85
2024-25,35,367,Altay Bayindir,GK,Man Utd,14,4,0,2025-05-04T13:00:00Z,90,1,0,0,0,4,0,0,29.4,0.0,0.0,2.9,0.0,0.0,0.0,2.8,1,43
2024-25,35,368,Carlos Henrique Casimiro,MID,Man Utd,14,4,0,2025-05-04T13:00:00Z,0,0,0,0,0,0,0,0,0.0,0.0,0.0,0.0,0.0,0.0,0.0,0.0,0,46
2024-25,35,369,Diogo Dalot Teixeira,DEF,Man Utd,14,4,0,2025-05-04T13:00:00Z,0,0,0,0,0,0,0,0,0.0,0.0,0.0,0.0,0.0,0.0,0.0,0.0,0,50
2024-25,35,370,Christian Eriksen,MID,Man Utd,14,4,0,2025-05-04T13:00:00Z,33,4,0,1,0,2,0,17,27.8,60.6,8.0,9.6,0.07,0.1,0.17,1.76,0,52
2024-25,35,371,Jonny Evans,DEF,Man Utd,14,4,0,2025-05-04T13:00:00Z,0,0,0,0,0,0,0,0,0.0,0.0,0.0,0.0,0.0,0.0,0.0,0.0,0,44
2024-25,35,372,Alejandro Garnacho,MID,Man Utd,14,4,0,2025-05-04T13:00:00Z,90,12,1,1,0,4,3,43,61.6,60.3,22.0,14.4,0.15,0.39,0.54,2.8,1,59
2024-25,35,373,Hannibal Mejbri,MID,Man Utd,14,4,0,2025-05-04T13:00:00Z,0,0,0,0,0,0,0,0,0.0,0.0,0.0,0.0,0.0,0.0,0.0,0.0,0,45
2024-25,35,374,Tom Heaton,GK,Man Utd,14,4,0,2025-05-04T13:00:00Z,0,0,0,0,0,0,0,0,0.0,0.0,0.0,0.0,0.0,0.0,0.0,0.0,0,39
2024-25,35,375,Rasmus Højlund,FWD,Man Utd,14,4,0,2025-05-04T13:00:00Z,0,0,0,0,0,0,0,0,0.0,0.0,0.0,0.0,0.0,0.0,0.0,0.0,0,69
2024-25,35,376,Victor Lindelöf,DEF,Man Utd,14,4,0,2025-05-04T13:00:00Z,14,1,0,0,0,0,0,3,2.8,0.7,0.0,0.4,0.0,0.0,0.0,0.1,0,43
2024-25,35,377,Harry Maguire,DEF,Man Utd,14,4,0,2025-05-04T13:00:00Z,55,0,0,0,0,2,0,-3,3.6,0.5,2.0,0.6,0.0,0.01,0.01,2.03,0,49
2024-25,35,378,Kobbie Mainoo,MID,Man Utd,14,4,0,2025-05-04T13:00:00Z,90,2,0,0,0,4,0,8,15.0,5.7,2.0,2.3,0.0,0.02,0.02,2.8,1,52
2024-25,35,379,Tyrell Malacia,DEF,Man Utd,14,4,0,2025-05-04T13:00:00Z,0,0,0,0,0,0,0,0,0.0,0.0,0.0,0.0,0.0,0.0,0.0,0.0,0,44
2024-25,35,380,Lisandro Martínez,DEF,Man Utd,14,4,0,2025-05-04T13:00:00Z,0,0,0,0,0,0,0,0,0.0,0.0,0.0,0.0,0.0,0.0,0.0,0.0,0,43
2024-25,35,381,Scott McTominay,MID,Man Utd,14,4,0,2025-05-04T13:00:00Z,0,0,0,0,0,0,0,0,0.0,0.0,0.0,0.0,0.0,0.0,0.0,0.0,0,49
2024-25,35,382,Mason Mount,MID,Man Utd,14,4,0,2025-05-04T13:00:00Z,56,6,1,0,0,2,0,29,41.0,6.8,36.0,8.4,0.83,0.05,0.88,1.04,1,63
2024-25,35,383,André Onana,GK,Man Utd,14,4,0,2025-05-04T13:00:00Z,0,0,0,0,0,0,0,0,0.0,0.0,0.0,0.0,0.0,0.0,0.0,0.0,0,49
2024-25,35,384,Facundo Pellistri Rebollo,MID,Man Utd,14,4,0,2025-05-04T13:00:00Z,0,0,0,0,0,0,0,0,0.0,0.0,0.0,0.0,0.0,0.0,0.0,0.0,0,50
2024-25,35,385,Marcus Rashford,MID,Aston Villa,2,9,1,2025-05-03T11:30:00Z,0,0,0,0,0,0,0,0,0.0,0.0,0.0,0.0,0.0,0.0,0.0,0.0,0,67
2024-25,35,386,Jadon Sancho,MID,Chelsea,6,12,1,2025-05-04T15:30:00Z,18,0,0,0,0,1,0,2,4.4,11.2,21.0,3.7,0.21,0.06,0.27,0.25,0,62
2024-25,35,387,Luke Shaw,DEF,Man Utd,14,4,0,2025-05-04T13:00:00Z,45,-2,0,0,0,2,0,-8,0.8,0.3,0.0,0.1,0.0,0.0,0.0,1.04,1,49
2024-25,35,388,Aaron Wan-Bissaka,DEF,West Ham,19,18,1,2025-05-04T13:00:00Z,90,7,0,1,0,1,2,23,30.4,16.8,11.0,5.8,0.04,0.07,0.11,0.77,1,44
2024-25,35,389,Joshua Zirkzee,FWD,Man Utd,14,4,0,2025-05-04T13:00:00Z,0,0,0,0,0,0,0,0,0.0,0.0,0.0,0.0,0.0,0.0,0.0,0.0,0,65
2024-25,35,390,Alex Murphy,DEF,Newcastle,15,5,0,2025-05-04T13:00:00Z,0,0,0,0,0,0,0,0,0.0,0.0,0.0,0.0,0.0,0.0,0.0,0.0,0,40
2024-25,35,391,Miguel Almirón Rejala,MID,Newcastle,15,5,0,2025-05-04T13:00:00Z,0,0,0,0,0,0,0,0,0.0,0.0,0.0,0.0,0.0,0.0,0.0,0.0,0,54
2024-25,35,392,Harvey Barnes,MID,Newcastle,15,5,0,2025-05-04T13:00:00Z,90,2,0,0,0,1,0,11,11.6,23.7,48.0,8.3,0.26,0.22,0.48,0.69,1,60
2024-25,35,393,Sven Botman,DEF,Newcastle,15,5,0,2025-05-04T13:00:00Z,1,1,0,0,0,0,0,4,5.0,0.0,0.0,0.5,0.0,0.0,0.0,0.0,0,44
2024-25,35,394,Bruno Guimarães Rodriguez Moura,MID,Newcastle,15,5,0,2025-05-04T13:00:00Z,90,2,0,0,0,1,0,11,14.0,23.3,13.0,5.0,0.07,0.09,0.16,0.69,1,62
2024-25,35,395,Dan Burn,DEF,Newcastle,15,5,0,2025-05-04T13:00:00Z,90,2,0,0,0,1,0,7,20.8,1.1,6.0,2.8,0.0,0.0,0.0,0.69,1,45
2024-25,35,396,Martin Dúbravka,GK,Newcastle,15,5,0,2025-05-04T13:00:00Z,0,0,0,0,0,0,0,0,0.0,0.0,0.0,0.0,0.0,0.0,0.0,0.0,0,40
2024-25,35,397,Ryan Fraser,MID,Southampton,17,11,0,2025-05-03T14:00:00Z,0,0,0,0,0,0,0,0,0.0,0.0,0.0,0.0,0.0,0.0,0.0,0.0,0,48
2024-25,35,398,Anthony Gordon,MID,Newcastle,15,5,0,2025-05-04T13:00:00Z,34,1,0,0,0,0,0,7,2.8,9.4,1.0,1.3,0.04,0.03,0.07,0.52,0,74
2024-25,35,399,Lewis Hall,DEF,Newcastle,15,5,0,2025-05-04T13:00:00Z,0,0,0,0,0,0,0,0,0.0,0.0,0.0,0.0,0.0,0.0,0.0,0.0,0,47
2024-25,35,400,Isaac Hayden,MID,Newcastle,15,5,0,2025-05-04T13:00:00Z,0,0,0,0,0,0,0,0,0.0,0.0,0.0,0.0,0.0,0.0,0.0,0.0,0,44
2024-25,35,401,Alexander Isak,FWD,Newcastle,15,5,0,2025-05-04T13:00:00Z,90,9,1,0,0,1,3,32,38.2,35.3,23.0,9.7,0.91,0.04,0.95,0.69,1,96
2024-25,35,402,Jacob Murphy,MID,Newcastle,15,5,0,2025-05-04T13:00:00Z,55,1,0,0,0,1,0,2,0.6,3.1,11.0,1.5,0.09,0.02,0.11,0.17,1,53
2024-25,35,403,Joelinton Cássio Apolinário de Lira,MID,Newcastle,15,5,0,2025-05-04T13:00:00Z,0,0,0,0,0,0,0,0,0.0,0.0,0.0,0.0,0.0,0.0,0.0,0.0,0,60
2024-25,35,404,Lloyd Kelly,DEF,Newcastle,15,5,0,2025-05-04T13:00:00Z,0,0,0,0,0,0,0,0,0.0,0.0,0.0,0.0,0.0,0.0,0.0,0.0,0,42
2024-25,35,405,Emil Krafth,DEF,Newcastle,15,5,0,2025-05-04T13:00:00Z,1,1,0,0,0,0,0,3,0.0,0.0,0.0,0.0,0.0,0.0,0.0,0.0,0,43
2024-25,35,406,Garang Kuol,MID,Newcastle,15,5,0,2025-05-04T13:00:00Z,0,0,0,0,0,0,0,0,0.0,0.0,0.0,0.0,0.0,0.0,0.0,0.0,0,44
2024-25,35,407,Jamaal Lascelles,DEF,Newcastle,15,5,0,2025-05-04T13:00:00Z,0,0,0,0,0,0,0,0,0.0,0.0,0.0,0.0,0.0,0.0,0.0,0.0,0,45
2024-25,35,408,Jamal Lewis,DEF,Newcastle,15,5,0,2025-05-04T13:00:00Z,0,0,0,0,0,0,0,0,0.0,0.0,0.0,0.0,0.0,0.0,0.0,0.0,0,40
2024-25,35,409,Tino Livramento,DEF,Newcastle,15,5,0,2025-05-04T13:00:00Z,90,2,0,0,0,1,0,10,12.2,5.8,2.0,2.0,0.0,0.02,0.02,0.69,1,46
2024-25,35,410,Sean Longstaff,MID,Newcastle,15,5,0,2025-05-04T13:00:00Z,0,0,0,0,0,0,0,0,0.0,0.0,0.0,0.0,0.0,0.0,0.0,0.0,0,44
2024-25,35,411,Lewis Miley,MID,Newcastle,15,5,0,2025-05-04T13:00:00Z,0,0,0,0,0,0,0,0,0.0,0.0,0.0,0.0,0.0,0.0,0.0,0.0,0,50
2024-25,35,412,Odysseas Vlachodimos,GK,Newcastle,15,5,0,2025-05-04T13:00:00Z,0,0,0,0,0,0,0,0,0.0,0.0,0.0,0.0,0.0,0.0,0.0,0.0,0,42
2024-25,35,413,Nick Pope,GK,Newcastle,15,5,0,2025-05-04T13:00:00Z,90,2,0,0,0,1,0,7,11.2,0.0,0.0,1.1,0.0,0.0,0.0,0.69,1,50
2024-25,35,414,John Ruddy,GK,Newcastle,15,5,0,2025-05-04T13:00:00Z,0,0,0,0,0,0,0,0,0.0,0.0,0.0,0.0,0.0,0.0,0.0,0.0,0,39
2024-25,35,415,Fabian Schär,DEF,Newcastle,15,5,0,2025-05-04T13:00:00Z,90,6,0,1,0,1,1,20,16.6,1.9,12.0,3.1,0.3,0.09,0.39,0.69,1,56
2024-25,35,416,Matt Targett,DEF,Newcastle,15,5,0,2025-05-04T13:00:00Z,0,0,0,0,0,0,0,0,0.0,0.0,0.0,0.0,0.0,0.0,0.0,0.0,0,39
2024-25,35,417,Sandro Tonali,MID,Newcastle,15,5,0,2025-05-04T13:00:00Z,90,2,0,0,0,1,0,17,8.2,4.8,4.0,1.7,0.04,0.03,0.07,0.69,1,55
2024-25,35,418,Kieran Trippier,DEF,Newcastle,15,5,0,2025-05-04T13:00:00Z,90,2,0,0,0,1,0,12,17.4,7.9,0.0,2.5,0.0,0.04,0.04,0.69,1,57
2024-25,35,419,Joe White,MID,Newcastle,15,5,0,2025-05-04T13:00:00Z,0,0,0,0,0,0,0,0,0.0,0.0,0.0,0.0,0.0,0.0,0.0,0.0,0,45
2024-25,35,420,Joe Willock,MID,Newcastle,15,5,0,2025-05-04T13:00:00Z,73,1,0,0,0,1,0,4,8.2,1.9,12.0,2.2,0.11,0.02,0.13,0.17,1,47
2024-25,35,421,Callum Wilson,FWD,Newcastle,15,5,0,2025-05-04T13:00:00Z,16,1,0,0,0,0,0,3,2.0,0.0,17.0,1.9,0.03,0.0,0.03,0.52,0,69
2024-25,35,422,Ola Aina,DEF,Nott'm Forest,16,7,0,2025-05-05T19:00:00Z,90,1,0,0,0,1,0,7,13.8,25.5,2.0,4.1,0.01,0.06,0.07,2.56,1,52
2024-25,35,423,Elliot Anderson,MID,Nott'm Forest,16,7,0,2025-05-05T19:00:00Z,90,2,0,0,0,1,0,7,21.4,4.1,13.0,3.9,0.1,0.05,0.15,2.56,1,50
2024-25,35,424,Taiwo Awoniyi,FWD,Nott'm Forest,16,7,0,2025-05-05T19:00:00Z,0,0,0,0,0,0,0,0,0.0,0.0,0.0,0.0,0.0,0.0,0.0,0.0,0,55
2024-25,35,425,Willy Boly,DEF,Nott'm Forest,16,7,0,2025-05-05T19:00:00Z,0,0,0,0,0,0,0,0,0.0,0.0,0.0,0.0,0.0,0.0,0.0,0.0,0,42
2024-25,35,426,Josh Bowler,MID,Nott'm Forest,16,7,0,2025-05-05T19:00:00Z,0,0,0,0,0,0,0,0,0.0,0.0,0.0,0.0,0.0,0.0,0.0,0.0,0,45
2024-25,35,427,Carlos Miguel dos Santos Pereira,GK,Nott'm Forest,16,7,0,2025-05-05T19:00:00Z,0,0,0,0,0,0,0,0,0.0,0.0,0.0,0.0,0.0,0.0,0.0,0.0,0,41
2024-25,35,428,Eric da Silva Moreira,MID,Nott'm Forest,16,7,0,2025-05-05T19:00:00Z,0,0,0,0,0,0,0,0,0.0,0.0,0.0,0.0,0.0,0.0,0.0,0.0,0,43
2024-25,35,429,Danilo dos Santos de Oliveira,MID,Nott'm Forest,16,7,0,2025-05-05T19:00:00Z,0,0,0,0,0,0,0,0,0.0,0.0,0.0,0.0,0.0,0.0,0.0,0.0,0,47
2024-25,35,430,Emmanuel Dennis,FWD,Nott'm Forest,16,7,0,2025-05-05T19:00:00Z,0,0,0,0,0,0,0,0,0.0,0.0,0.0,0.0,0.0,0.0,0.0,0.0,0,49
2024-25,35,431,Nicolás Domínguez,MID,Nott'm Forest,16,7,0,2025-05-05T19:00:00Z,65,1,0,0,0,1,0,2,4.6,5.3,2.0,1.2,0.0,0.15,0.15,1.94,1,48
2024-25,35,432,Anthony Elanga,MID,Nott'm Forest,16,7,0,2025-05-05T19:00:00Z,90,2,0,0,0,1,0,15,11.8,20.7,30.0,6.3,0.18,0.08,0.26,2.56,1,54
2024-25,35,433,Morgan Gibbs-White,MID,Nott'm Forest,16,7,0,2025-05-05T19:00:00Z,90,1,0,0,0,1,0,14,11.0,31.3,0.0,4.2,0.0,0.03,0.03,2.56,1,64
2024-25,35,434,Callum Hudson-Odoi,MID,Nott'm Forest,16,7,0,2025-05-05T19:00:00Z,0,0,0,0,0,0,0,0,0.0,0.0,0.0,0.0,0.0,0.0,0.0,0.0,0,51
2024-25,35,435,Alex Mighten,MID,Nott'm Forest,16,7,0,2025-05-05T19:00:00Z,0,0,0,0,0,0,0,0,0.0,0.0,0.0,0.0,0.0,0.0,0.0,0.0,0,45
2024-25,35,436,Murillo Santiago Costa dos Santos,DEF,Nott'm Forest,16,7,0,2025-05-05T19:00:00Z,80,10,1,0,0,1,2,31,62.0,1.3,19.0,8.2,0.07,0.02,0.09,2.02,1,48
2024-25,35,437,Neco Williams,DEF,Nott'm Forest,16,7,0,2025-05-05T19:00:00Z,90,5,0,1,0,1,1,22,41.4,19.2,18.0,7.9,0.11,0.19,0.3,2.56,1,45
2024-25,35,438,Omar Richards,DEF,Nott'm Forest,16,7,0,2025-05-05T19:00:00Z,0,0,0,0,0,0,0,0,0.0,0.0,0.0,0.0,0.0,0.0,0.0,0.0,0,45
2024-25,35,439,Lewis O'Brien,MID,Nott'm Forest,16,7,0,2025-05-05T19:00:00Z,0,0,0,0,0,0,0,0,0.0,0.0,0.0,0.0,0.0,0.0,0.0,0.0,0,50
2024-25,35,440,Andrew Omobamidele,DEF,Nott'm Forest,16,7,0,2025-05-05T19:00:00Z,0,0,0,0,0,0,0,0,0.0,0.0,0.0,0.0,0.0,0.0,0.0,0.0,0,42
2024-25,35,441,Jonathan Panzo,DEF,Nott'm Forest,16,7,0,2025-05-05T19:00:00Z,0,0,0,0,0,0,0,0,0.0,0.0,0.0,0.0,0.0,0.0,0.0,0.0,0,40
2024-25,35,442,Ibrahim Sangaré,MID,Nott'm Forest,16,7,0,2025-05-05T19:00:00Z,75,1,0,0,0,1,0,8,15.4,4.0,0.0,1.9,0.0,0.01,0.01,1.98,1,43
2024-25,35,443,Matz Sels,GK,Nott'm Forest,16,7,0,2025-05-05T19:00:00Z,90,1,0,0,0,1,0,0,13.0,0.0,0.0,1.3,0.0,0.01,0.01,2.56,1,51
2024-25,35,444,Harry Toffolo,DEF,Nott'm Forest,16,7,0,2025-05-05T19:00:00Z,0,0,0,0,0,0,0,0,0.0,0.0,0.0,0.0,0.0,0.0,0.0,0.0,0,42
2024-25,35,445,Matt Turner,GK,Crystal Palace,7,16,1,2025-05-05T19:00:00Z,0,0,0,0,0,0,0,0,0.0,0.0,0.0,0.0,0.0,0.0,0.0,0.0,0,39
2024-25,35,446,Hwang Ui-jo,FWD,Nott'm Forest,16,7,0,2025-05-05T19:00:00Z,0,0,0,0,0,0,0,0,0.0,0.0,0.0,0.0,0.0,0.0,0.0,0.0,0,45
2024-25,35,447,Chris Wood,FWD,Nott'm Forest,16,7,0,2025-05-05T19:00:00Z,90,2,0,0,0,1,0,9,10.6,14.6,16.0,4.1,0.24,0.05,0.29,2.56,1,70
2024-25,35,448,Joe Worrall,DEF,Nott'm Forest,16,7,0,2025-05-05T19:00:00Z,0,0,0,0,0,0,0,0,0.0,0.0,0.0,0.0,0.0,0.0,0.0,0.0,0,45
2024-25,35,449,Ryan Yates,MID,Nott'm Forest,16,7,0,2025-05-05T19:00:00Z,14,0,0,0,0,0,0,1,2.4,0.3,0.0,0.3,0.0,0.0,0.0,0.59,0,48
2024-25,35,450,Carlos Alcaraz Durán,MID,Everton,8,10,1,2025-05-03T14:00:00Z,89,4,0,1,0,2,0,24,19.4,20.7,2.0,4.2,0.0,0.13,0.13,0.84,1,47
2024-25,35,451,Samuel Amo-Ameyaw,MID,Southampton,17,11,0,2025-05-03T14:00:00Z,0,0,0,0,0,0,0,0,0.0,0.0,0.0,0.0,0.0,0.0,0.0,0.0,0,44
2024-25,35,452,Joe Aribo,MID,Southampton,17,11,0,2025-05-03T14:00:00Z,0,0,0,0,0,0,0,0,0.0,0.0,0.0,0.0,0.0,0.0,0.0,0.0,0,49
2024-25,35,453,Adam Armstrong,FWD,Southampton,17,11,0,2025-05-03T14:00:00Z,0,0,0,0,0,0,0,0,0.0,0.0,0.0,0.0,0.0,0.0,0.0,0.0,0,51
2024-25,35,454,Gavin Bazunu,GK,Southampton,17,11,0,2025-05-03T14:00:00Z,0,0,0,0,0,0,0,0,0.0,0.0,0.0,0.0,0.0,0.0,0.0,0.0,0,43
2024-25,35,455,Jan Bednarek,DEF,Southampton,17,11,0,2025-05-03T14:00:00Z,90,1,0,0,0,2,0,8,16.8,0.5,0.0,1.7,0.0,0.0,0.0,1.4,1,40
2024-25,35,456,Armel Bella-Kotchap,DEF,Southampton,17,11,0,2025-05-03T14:00:00Z,0,0,0,0,0,0,0,0,0.0,0.0,0.0,0.0,0.0,0.0,0.0,0.0,0,39
2024-25,35,457,James Bree,DEF,Southampton,17,11,0,2025-05-03T14:00:00Z,0,0,0,0,0,0,0,0,0.0,0.0,0.0,0.0,0.0,0.0,0.0,0.0,0,39
2024-25,35,458,Shea Charles,MID,Southampton,17,11,0,2025-05-03T14:00:00Z,0,0,0,0,0,0,0,0,0.0,0.0,0.0,0.0,0.0,0.0,0.0,0.0,0,45
2024-25,35,459,Samuel Edozie,MID,Southampton,17,11,0,2025-05-03T14:00:00Z,0,0,0,0,0,0,0,0,0.0,0.0,0.0,0.0,0.0,0.0,0.0,0.0,0,49
2024-25,35,460,Ronnie Edwards,DEF,Southampton,17,11,0,2025-05-03T14:00:00Z,0,0,0,0,0,0,0,0,0.0,0.0,0.0,0.0,0.0,0.0,0.0,0.0,0,39
2024-25,35,461,Taylor Harwood-Bellis,DEF,Southampton,17,11,0,2025-05-03T14:00:00Z,90,0,0,0,0,2,0,4,18.0,5.1,19.0,4.2,0.04,0.01,0.05,1.4,1,40
2024-25,35,462,Kamaldeen Sulemana,MID,Southampton,17,11,0,2025-05-03T14:00:00Z,56,0,0,0,0,2,0,3,1.4,16.1,6.0,2.4,0.02,0.16,0.18,0.97,1,50
2024-25,35,463,Adam Lallana,MID,Southampton,17,11,0,2025-05-03T14:00:00Z,0,0,0,0,0,0,0,0,0.0,0.0,0.0,0.0,0.0,0.0,0.0,0.0,0,50
2024-25,35,464,Juan Larios López,DEF,Southampton,17,11,0,2025-05-03T14:00:00Z,0,0,0,0,0,0,0,0,0.0,0.0,0.0,0.0,0.0,0.0,0.0,0.0,0,39
2024-25,35,465,Mateusz Lis,GK,Southampton,17,11,0,2025-05-03T14:00:00Z,0,0,0,0,0,0,0,0,0.0,0.0,0.0,0.0,0.0,0.0,0.0,0.0,0,40
2024-25,35,466,Joe Lumley,GK,Southampton,17,11,0,2025-05-03T14:00:00Z,0,0,0,0,0,0,0,0,0.0,0.0,0.0,0.0,0.0,0.0,0.0,0.0,0,40
2024-25,35,467,Ryan Manning,DEF,Southampton,17,11,0,2025-05-03T14:00:00Z,90,1,0,0,0,2,0,7,20.6,55.1,4.0,8.0,0.0,0.11,0.11,1.4,1,43
2024-25,35,468,Sékou Mara,FWD,Southampton,17,11,0,2025-05-03T14:00:00Z,0,0,0,0,0,0,0,0,0.0,0.0,0.0,0.0,0.0,0.0,0.0,0.0,0,50
2024-25,35,469,Alex McCarthy,GK,Southampton,17,11,0,2025-05-03T14:00:00Z,0,0,0,0,0,0,0,0,0.0,0.0,0.0,0.0,0.0,0.0,0.0,0.0,0,42
2024-25,35,470,Paul Onuachu,FWD,Southampton,17,11,0,2025-05-03T14:00:00Z,45,1,0,0,0,0,0,2,8.2,1.6,30.0,4.0,0.31,0.0,0.31,0.5,0,49
2024-25,35,471,Will Smallbone,MID,Southampton,17,11,0,2025-05-03T14:00:00Z,33,1,0,0,0,0,0,3,2.2,1.5,0.0,0.4,0.0,0.01,0.01,0.44,0,50
2024-25,35,472,Jack Stephens,DEF,Southampton,17,11,0,2025-05-03T14:00:00Z,45,0,0,0,0,2,0,3,9.0,1.9,0.0,1.1,0.0,0.01,0.01,0.9,1,40
2024-25,35,473,Ross Stewart,FWD,Southampton,17,11,0,2025-05-03T14:00:00Z,45,1,0,0,0,2,0,2,0.0,1.5,5.0,0.5,0.06,0.0,0.06,0.9,1,44
2024-25,35,474,Sugawara Yukinari,DEF,Southampton,17,11,0,2025-05-03T14:00:00Z,0,0,0,0,0,0,0,0,0.0,0.0,0.0,0.0,0.0,0.0,0.0,0.0,0,42
2024-25,35,475,Charlie Taylor,DEF,Southampton,17,11,0,2025-05-03T14:00:00Z,0,0,0,0,0,0,0,0,0.0,0.0,0.0,0.0,0.0,0.0,0.0,0.0,0,39
2024-25,35,476,Kyle Walker-Peters,DEF,Southampton,17,11,0,2025-05-03T14:00:00Z,90,1,0,0,0,2,0,12,15.0,13.3,2.0,3.0,0.0,0.02,0.02,1.4,1,42
2024-25,35,477,Nathan Wood-Gordon,DEF,Southampton,17,11,0,2025-05-03T14:00:00Z,0,0,0,0,0,0,0,0,0.0,0.0,0.0,0.0,0.0,0.0,0.0,0.0,0,40
2024-25,35,478,Ashley Phillips,DEF,Spurs,18,19,0,2025-05-04T13:00:00Z,0,0,0,0,0,0,0,0,0.0,0.0,0.0,0.0,0.0,0.0,0.0,0.0,0,40
2024-25,35,479,Brandon Austin,GK,Spurs,18,19,0,2025-05-04T13:00:00Z,0,0,0,0,0,0,0,0,0.0,0.0,0.0,0.0,0.0,0.0,0.0,0.0,0,40
2024-25,35,480,Rodrigo Bentancur,MID,Spurs,18,19,0,2025-05-04T13:00:00Z,0,0,0,0,0,0,0,0,0.0,0.0,0.0,0.0,0.0,0.0,0.0,0.0,0,49
2024-25,35,481,Lucas Bergvall,MID,Spurs,18,19,0,2025-05-04T13:00:00Z,0,0,0,0,0,0,0,0,0.0,0.0,0.0,0.0,0.0,0.0,0.0,0.0,0,44
2024-25,35,482,Yves Bissouma,MID,Spurs,18,19,0,2025-05-04T13:00:00Z,90,2,0,0,0,1,0,7,19.0,0.6,1.0,2.1,0.04,0.0,0.04,0.84,1,48
2024-25,35,483,Bryan Gil Salvatierra,MID,Spurs,18,19,0,2025-05-04T13:00:00Z,0,0,0,0,0,0,0,0,0.0,0.0,0.0,0.0,0.0,0.0,0.0,0.0,0,50
2024-25,35,484,Ben Davies,DEF,Spurs,18,19,0,2025-05-04T13:00:00Z,90,1,0,0,0,1,0,4,16.2,0.6,0.0,1.7,0.0,0.0,0.0,0.84,1,43
2024-25,35,485,Alfie Devine,MID,Spurs,18,19,0,2025-05-04T13:00:00Z,0,0,0,0,0,0,0,0,0.0,0.0,0.0,0.0,0.0,0.0,0.0,0.0,0,45
2024-25,35,486,Radu Drăgușin,DEF,Spurs,18,19,0,2025-05-04T13:00:00Z,0,0,0,0,0,0,0,0,0.0,0.0,0.0,0.0,0.0,0.0,0.0,0.0,0,43
2024-25,35,487,Emerson Leite de Souza Junior,DEF,Spurs,18,19,0,2025-05-04T13:00:00Z,0,0,0,0,0,0,0,0,0.0,0.0,0.0,0.0,0.0,0.0,0.0,0.0,0,45
2024-25,35,488,Fraser Forster,GK,Spurs,18,19,0,2025-05-04T13:00:00Z,0,0,0,0,0,0,0,0,0.0,0.0,0.0,0.0,0.0,0.0,0.0,0.0,0,43
2024-25,35,489,Archie Gray,MID,Spurs,18,19,0,2025-05-04T13:00:00Z,90,2,0,0,0,1,0,11,9.4,1.1,0.0,1.1,0.0,0.01,0.01,0.84,1,46
2024-25,35,490,Pierre-Emile Højbjerg,MID,Spurs,18,19,0,2025-05-04T13:00:00Z,0,0,0,0,0,0,0,0,0.0,0.0,0.0,0.0,0.0,0.0,0.0,0.0,0,50
2024-25,35,491,Brennan Johnson,MID,Spurs,18,19,0,2025-05-04T13:00:00Z,0,0,0,0,0,0,0,0,0.0,0.0,0.0,0.0,0.0,0.0,0.0,0.0,0,62
2024-25,35,492,Dejan Kulusevski,MID,Spurs,18,19,0,2025-05-04T13:00:00Z,90,2,0,0,0,1,0,5,9.8,15.8,8.0,3.4,0.0,0.06,0.06,0.84,1,62
2024-25,35,493,Giovani Lo Celso,MID,Spurs,18,19,0,2025-05-04T13:00:00Z,0,0,0,0,0,0,0,0,0.0,0.0,0.0,0.0,0.0,0.0,0.0,0.0,0,49
2024-25,35,494,James Maddison,MID,Spurs,18,19,0,2025-05-04T13:00:00Z,0,0,0,0,0,0,0,0,0.0,0.0,0.0,0.0,0.0,0.0,0.0,0.0,0,74
2024-25,35,495,Pedro Porro,DEF,Spurs,18,19,0,2025-05-04T13:00:00Z,0,0,0,0,0,0,0,0,0.0,0.0,0.0,0.0,0.0,0.0,0.0,0.0,0,53
2024-25,35,496,Sergio Reguilón,DEF,Spurs,18,19,0,2025-05-04T13:00:00Z,0,0,0,0,0,0,0,0,0.0,0.0,0.0,0.0,0.0,0.0,0.0,0.0,0,41
2024-25,35,497,Richarlison de Andrade,FWD,Spurs,18,19,0,2025-05-04T13:00:00Z,67,2,0,0,0,1,0,3,0.0,0.3,10.0,0.6,0.14,0.0,0.14,0.47,1,68
2024-25,35,498,Cristian Romero,DEF,Spurs,18,19,0,2025-05-04T13:00:00Z,0,0,0,0,0,0,0,0,0.0,0.0,0.0,0.0,0.0,0.0,0.0,0.0,0,49
2024-25,35,499,Pape Matar Sarr,MID,Spurs,18,19,0,2025-05-04T13:00:00Z,90,2,0,0,0,1,0,13,9.8,16.1,1.0,2.7,0.02,0.1,0.12,0.84,1,47
2024-25,35,500,Dane Scarlett,FWD,Spurs,18,19,0,2025-05-04T13:00:00Z,0,0,0,0,0,0,0,0,0.0,0.0,0.0,0.0,0.0,0.0,0.0,0.0,0,44
2024-25,35,501,Oliver Skipp,MID,Leicester,11,17,1,2025-05-03T14:00:00Z,90,2,0,0,1,0,0,9,11.0,6.7,0.0,1.8,0.0,0.02,0.02,0.53,1,47
2024-25,35,502,Manor Solomon,MID,Spurs,18,19,0,2025-05-04T13:00:00Z,0,0,0,0,0,0,0,0,0.0,0.0,0.0,0.0,0.0,0.0,0.0,0.0,0,54
2024-25,35,503,Son Heung-min,MID,Spurs,18,19,0,2025-05-04T13:00:00Z,0,0,0,0,0,0,0,0,0.0,0.0,0.0,0.0,0.0,0.0,0.0,0.0,0,97
2024-25,35,504,Djed Spence,DEF,Spurs,18,19,0,2025-05-04T13:00:00Z,90,2,0,0,0,1,0,9,21.8,15.9,2.0,4.0,0.0,0.02,0.02,0.84,1,44
2024-25,35,505,Destiny Udogie,DEF,Spurs,18,19,0,2025-05-04T13:00:00Z,0,0,0,0,0,0,0,0,0.0,0.0,0.0,0.0,0.0,0.0,0.0,0.0,0,48
2024-25,35,506,Micky van de Ven,DEF,Spurs,18,19,0,2025-05-04T13:00:00Z,0,0,0,0,0,0,0,0,0.0,0.0,0.0,0.0,0.0,0.0,0.0,0.0,0,45
2024-25,35,507,Alejo Véliz,FWD,Spurs,18,19,0,2025-05-04T13:00:00Z,0,0,0,0,0,0,0,0,0.0,0.0,0.0,0.0,0.0,0.0,0.0,0.0,0,50
2024-25,35,508,Guglielmo Vicario,GK,Spurs,18,19,0,2025-05-04T13:00:00Z,90,2,0,0,0,1,0,4,9.0,0.0,0.0,0.9,0.0,0.0,0.0,0.84,1,48
2024-25,35,509,Timo Werner,MID,Spurs,18,19,0,2025-05-04T13:00:00Z,0,0,0,0,0,0,0,0,0.0,0.0,0.0,0.0,0.0,0.0,0.0,0.0,0,62
2024-25,35,510,Alfie Whiteman,GK,Spurs,18,19,0,2025-05-04T13:00:00Z,0,0,0,0,0,0,0,0,0.0,0.0,0.0,0.0,0.0,0.0,0.0,0.0,0,39
2024-25,35,511,Edson Álvarez Velázquez,MID,West Ham,19,18,1,2025-05-04T13:00:00Z,0,0,0,0,0,0,0,0,0.0,0.0,0.0,0.0,0.0,0.0,0.0,0.0,0,50
2024-25,35,512,Michail Antonio,FWD,West Ham,19,18,1,2025-05-04T13:00:00Z,0,0,0,0,0,0,0,0,0.0,0.0,0.0,0.0,0.0,0.0,0.0,0.0,0,52
2024-25,35,513,Alphonse Areola,GK,West Ham,19,18,1,2025-05-04T13:00:00Z,90,2,0,0,0,1,0,5,11.2,0.0,0.0,1.1,0.0,0.0,0.0,0.77,1,42
2024-25,35,514,Jarrod Bowen,MID,West Ham,19,18,1,2025-05-04T13:00:00Z,90,9,1,0,0,1,2,23,35.4,1.8,72.0,10.9,0.53,0.05,0.58,0.77,1,76
2024-25,35,515,Maxwel Cornet,MID,Southampton,17,11,0,2025-05-03T14:00:00Z,0,0,0,0,0,0,0,0,0.0,0.0,0.0,0.0,0.0,0.0,0.0,0.0,0,47
2024-25,35,516,Vladimír Coufal,DEF,West Ham,19,18,1,2025-05-04T13:00:00Z,10,1,0,0,0,0,0,3,0.6,0.3,0.0,0.1,0.0,0.0,0.0,0.0,0,41
2024-25,35,517,Aaron Cresswell,DEF,West Ham,19,18,1,2025-05-04T13:00:00Z,87,2,0,0,0,1,0,13,13.0,5.3,0.0,1.8,0.0,0.1,0.1,0.77,1,39
2024-25,35,518,Flynn Downes,MID,Southampton,17,11,0,2025-05-03T14:00:00Z,90,2,0,0,0,2,0,16,7.2,7.7,2.0,1.7,0.0,0.15,0.15,1.4,1,47
2024-25,35,519,George Earthy,MID,West Ham,19,18,1,2025-05-04T13:00:00Z,0,0,0,0,0,0,0,0,0.0,0.0,0.0,0.0,0.0,0.0,0.0,0.0,0,45
2024-25,35,520,Emerson Palmieri dos Santos,DEF,West Ham,19,18,1,2025-05-04T13:00:00Z,90,2,0,0,0,1,0,8,8.4,2.7,2.0,1.3,0.0,0.01,0.01,0.77,1,44
2024-25,35,521,Łukasz Fabiański,GK,West Ham,19,18,1,2025-05-04T13:00:00Z,0,0,0,0,0,0,0,0,0.0,0.0,0.0,0.0,0.0,0.0,0.0,0.0,0,40
2024-25,35,522,Wes Foderingham,GK,West Ham,19,18,1,2025-05-04T13:00:00Z,0,0,0,0,0,0,0,0,0.0,0.0,0.0,0.0,0.0,0.0,0.0,0.0,0,42
2024-25,35,523,Danny Ings,FWD,West Ham,19,18,1,2025-05-04T13:00:00Z,0,0,0,0,0,0,0,0,0.0,0.0,0.0,0.0,0.0,0.0,0.0,0.0,0,49
2024-25,35,524,Max Kilman,DEF,West Ham,19,18,1,2025-05-04T13:00:00Z,90,2,0,0,0,1,0,7,7.4,0.7,5.0,1.3,0.02,0.0,0.02,0.77,1,43
2024-25,35,525,Mohammed Kudus,MID,West Ham,19,18,1,2025-05-04T13:00:00Z,90,1,0,0,0,1,0,13,13.4,33.4,6.0,5.3,0.04,0.11,0.15,0.77,1,62
2024-25,35,526,Luis Guilherme Lira dos Santos,MID,West Ham,19,18,1,2025-05-04T13:00:00Z,0,0,0,0,0,0,0,0,0.0,0.0,0.0,0.0,0.0,0.0,0.0,0.0,0,46
2024-25,35,527,Lucas Tolentino Coelho de Lima,MID,West Ham,19,18,1,2025-05-04T13:00:00Z,79,1,0,0,0,1,0,14,14.0,15.8,2.0,3.2,0.0,0.03,0.03,0.77,1,57
2024-25,35,528,Konstantinos Mavropanos,DEF,West Ham,19,18,1,2025-05-04T13:00:00Z,2,1,0,0,0,0,0,3,0.4,0.0,0.0,0.0,0.0,0.0,0.0,0.0,0,43
2024-25,35,529,Nayef Aguerd,DEF,West Ham,19,18,1,2025-05-04T13:00:00Z,0,0,0,0,0,0,0,0,0.0,0.0,0.0,0.0,0.0,0.0,0.0,0.0,0,44
2024-25,35,530,Tomáš Souček,MID,West Ham,19,18,1,2025-05-04T13:00:00Z,79,2,0,0,0,1,0,2,0.2,2.3,7.0,1.0,0.05,0.02,0.07,0.77,1,48
2024-25,35,531,James Ward-Prowse,MID,West Ham,19,18,1,2025-05-04T13:00:00Z,10,1,0,0,0,0,0,8,5.6,28.5,3.0,3.7,0.09,0.38,0.47,0.0,0,61
2024-25,35,532,Kurt Zouma,DEF,West Ham,19,18,1,2025-05-04T13:00:00Z,0,0,0,0,0,0,0,0,0.0,0.0,0.0,0.0,0.0,0.0,0.0,0.0,0,44
2024-25,35,533,Rayan Aït-Nouri,DEF,Wolves,20,13,0,2025-05-02T19:00:00Z,90,2,0,0,0,1,0,-1,5.2,2.6,11.0,1.9,0.22,0.01,0.23,0.71,1,50
2024-25,35,534,Boubacar Traoré,MID,Wolves,20,13,0,2025-05-02T19:00:00Z,0,0,0,0,0,0,0,0,0.0,0.0,0.0,0.0,0.0,0.0,0.0,0.0,0,48
2024-25,35,535,Jean-Ricner Bellegarde,MID,Wolves,20,13,0,2025-05-02T19:00:00Z,65,2,0,0,0,1,0,16,16.0,15.1,8.0,3.9,0.0,0.06,0.06,0.6,1,49
2024-25,35,536,Daniel Bentley,GK,Wolves,20,13,0,2025-05-02T19:00:00Z,0,0,0,0,0,0,0,0,0.0,0.0,0.0,0.0,0.0,0.0,0.0,0.0,0,39
2024-25,35,537,Francisco Jorge Tomás Oliveira,MID,Wolves,20,13,0,2025-05-02T19:00:00Z,0,0,0,0,0,0,0,0,0.0,0.0,0.0,0.0,0.0,0.0,0.0,0.0,0,45
2024-25,35,538,Tawanda Chirewa,MID,Wolves,20,13,0,2025-05-02T19:00:00Z,0,0,0,0,0,0,0,0,0.0,0.0,0.0,0.0,0.0,0.0,0.0,0.0,0,45
2024-25,35,539,Leon Chiwome,FWD,Wolves,20,13,0,2025-05-02T19:00:00Z,0,0,0,0,0,0,0,0,0.0,0.0,0.0,0.0,0.0,0.0,0.0,0.0,0,44
2024-25,35,540,Luke Cundle,MID,Wolves,20,13,0,2025-05-02T19:00:00Z,0,0,0,0,0,0,0,0,0.0,0.0,0.0,0.0,0.0,0.0,0.0,0.0,0,45
2024-25,35,541,Matheus Santos Carneiro Da Cunha,FWD,Wolves,20,13,0,2025-05-02T19:00:00Z,84,2,0,0,0,1,0,1,0.0,8.6,13.0,1.8,0.08,0.1,0.18,0.71,1,70
2024-25,35,542,Craig Dawson,DEF,Wolves,20,13,0,2025-05-02T19:00:00Z,0,0,0,0,0,0,0,0,0.0,0.0,0.0,0.0,0.0,0.0,0.0,0.0,0,42
2024-25,35,543,Matt Doherty,DEF,Wolves,20,13,0,2025-05-02T19:00:00Z,64,2,0,0,0,1,0,7,7.8,0.2,0.0,0.8,0.0,0.0,0.0,0.6,1,43
2024-25,35,544,Tommy Doyle,MID,Wolves,20,13,0,2025-05-02T19:00:00Z,0,0,0,0,0,0,0,0,0.0,0.0,0.0,0.0,0.0,0.0,0.0,0.0,0,47
2024-25,35,545,Fábio Silva,FWD,Wolves,20,13,0,2025-05-02T19:00:00Z,0,0,0,0,0,0,0,0,0.0,0.0,0.0,0.0,0.0,0.0,0.0,0.0,0,50
2024-25,35,546,Nathan Fraser,FWD,Wolves,20,13,0,2025-05-02T19:00:00Z,0,0,0,0,0,0,0,0,0.0,0.0,0.0,0.0,0.0,0.0,0.0,0.0,0,45
2024-25,35,547,Enso González,MID,Wolves,20,13,0,2025-05-02T19:00:00Z,0,0,0,0,0,0,0,0,0.0,0.0,0.0,0.0,0.0,0.0,0.0,0.0,0,44
2024-25,35,548,Gonçalo Manuel Ganchinho Guedes,MID,Wolves,20,13,0,2025-05-02T19:00:00Z,10,1,0,0,0,0,0,3,0.6,0.6,0.0,0.1,0.0,0.01,0.01,0.0,0,53
2024-25,35,549,Hugo Bueno López,DEF,Wolves,20,13,0,2025-05-02T19:00:00Z,0,0,0,0,0,0,0,0,0.0,0.0,0.0,0.0,0.0,0.0,0.0,0.0,0,45
2024-25,35,550,Hwang Hee-chan,MID,Wolves,20,13,0,2025-05-02T19:00:00Z,5,1,0,0,0,0,0,2,0.0,0.0,2.0,0.2,0.0,0.0,0.0,0.0,0,61
2024-25,35,551,Joe Hodge,MID,Wolves,20,13,0,2025-05-02T19:00:00Z,0,0,0,0,0,0,0,0,0.0,0.0,0.0,0.0,0.0,0.0,0.0,0.0,0,45
2024-25,35,552,Ki-Jana Hoever,DEF,Wolves,20,13,0,2025-05-02T19:00:00Z,0,0,0,0,0,0,0,0,0.0,0.0,0.0,0.0,0.0,0.0,0.0,0.0,0,40
2024-25,35,553,João Victor Gomes da Silva,MID,Wolves,20,13,0,2025-05-02T19:00:00Z,90,2,0,0,0,1,0,14,21.4,13.0,2.0,3.6,0.0,0.01,0.01,0.71,1,49
2024-25,35,554,José Malheiro de Sá,GK,Wolves,20,13,0,2025-05-02T19:00:00Z,90,2,0,0,0,1,0,6,11.0,0.0,0.0,1.1,0.0,0.0,0.0,0.71,1,44
2024-25,35,555,Saša Kalajdžić,FWD,Wolves,20,13,0,2025-05-02T19:00:00Z,0,0,0,0,0,0,0,0,0.0,0.0,0.0,0.0,0.0,0.0,0.0,0.0,0,48
2024-25,35,556,Tom King,GK,Wolves,20,13,0,2025-05-02T19:00:00Z,0,0,0,0,0,0,0,0,0.0,0.0,0.0,0.0,0.0,0.0,0.0,0.0,0,40
2024-25,35,557,Mario Lemina,MID,Wolves,20,13,0,2025-05-02T19:00:00Z,0,0,0,0,0,0,0,0,0.0,0.0,0.0,0.0,0.0,0.0,0.0,0.0,0,48
2024-25,35,558,Yerson Mosquera,DEF,Wolves,20,13,0,2025-05-02T19:00:00Z,0,0,0,0,0,0,0,0,0.0,0.0,0.0,0.0,0.0,0.0,0.0,0.0,0,38
2024-25,35,559,Nélson Cabral Semedo,DEF,Wolves,20,13,0,2025-05-02T19:00:00Z,85,2,0,0,0,1,0,9,8.2,0.2,5.0,1.3,0.08,0.0,0.08,0.71,1,45
2024-25,35,560,Pedro Lomba Neto,MID,Chelsea,6,12,1,2025-05-04T15:30:00Z,90,5,0,1,0,1,0,19,22.6,26.8,17.0,6.6,0.18,0.41,0.59,1.05,1,61
2024-25,35,561,Pedro Cardoso de Lima,DEF,Wolves,20,13,0,2025-05-02T19:00:00Z,0,0,0,0,0,0,0,0,0.0,0.0,0.0,0.0,0.0,0.0,0.0,0.0,0,39
2024-25,35,562,Daniel Castelo Podence,MID,Wolves,20,13,0,2025-05-02T19:00:00Z,0,0,0,0,0,0,0,0,0.0,0.0,0.0,0.0,0.0,0.0,0.0,0.0,0,55
2024-25,35,563,Rodrigo Martins Gomes,MID,Wolves,20,13,0,2025-05-02T19:00:00Z,24,1,0,0,0,0,0,2,4.2,0.8,0.0,0.5,0.0,0.0,0.0,0.12,0,51
2024-25,35,564,Santiago Bueno,DEF,Wolves,20,13,0,2025-05-02T19:00:00Z,4,1,0,0,0,0,0,3,2.4,1.1,0.0,0.4,0.0,0.0,0.0,0.0,0,43
2024-25,35,565,Pablo Sarabia,MID,Wolves,20,13,0,2025-05-02T19:00:00Z,25,1,0,0,0,0,0,4,4.0,1.3,0.0,0.5,0.0,0.01,0.01,0.12,0,50
2024-25,35,566,Jørgen Strand Larsen,FWD,Wolves,20,13,0,2025-05-02T19:00:00Z,0,0,0,0,0,0,0,0,0.0,0.0,0.0,0.0,0.0,0.0,0.0,0.0,0,54
2024-25,35,567,Toti António Gomes,DEF,Wolves,20,13,0,2025-05-02T19:00:00Z,90,2,0,0,0,1,0,10,15.8,1.0,0.0,1.7,0.0,0.0,0.0,0.71,1,43
2024-25,35,568,Arijanet Muric,GK,Ipswich,10,8,0,2025-05-03T14:00:00Z,0,0,0,0,0,0,0,0,0.0,0.0,0.0,0.0,0.0,0.0,0.0,0.0,0,44
2024-25,35,569,Jaden Philogene,MID,Ipswich,10,8,0,2025-05-03T14:00:00Z,0,0,0,0,0,0,0,0,0.0,0.0,0.0,0.0,0.0,0.0,0.0,0.0,0,53
2024-25,35,570,Abdul Fatawu,MID,Leicester,11,17,1,2025-05-03T14:00:00Z,0,0,0,0,0,0,0,0,0.0,0.0,0.0,0.0,0.0,0.0,0.0,0.0,0,51
2024-25,35,571,Sávio 'Savinho' Moreira de Oliveira,MID,Man City,13,20,1,2025-05-02T19:00:00Z,0,0,0,0,0,0,0,0,0.0,0.0,0.0,0.0,0.0,0.0,0.0,0.0,0,62
2024-25,35,572,Leny Yoro,DEF,Man Utd,14,4,0,2025-05-04T13:00:00Z,45,0,0,0,0,2,0,0,12.6,11.7,0.0,2.4,0.0,0.02,0.02,1.76,0,43
2024-25,35,573,Nikola Milenković,DEF,Nott'm Forest,16,7,0,2025-05-05T19:00:00Z,90,2,0,0,0,1,0,9,26.4,0.1,0.0,2.7,0.0,0.0,0.0,2.56,1,52
2024-25,35,574,Miodrag Pivaš,DEF,Newcastle,15,5,0,2025-05-04T13:00:00Z,0,0,0,0,0,0,0,0,0.0,0.0,0.0,0.0,0.0,0.0,0.0,0.0,0,40
2024-25,35,575,Caleb Wiley,DEF,Chelsea,6,12,1,2025-05-04T15:30:00Z,0,0,0,0,0,0,0,0,0.0,0.0,0.0,0.0,0.0,0.0,0.0,0.0,0,40
2024-25,35,576,Andy Irving,MID,West Ham,19,18,1,2025-05-04T13:00:00Z,0,0,0,0,0,0,0,0,0.0,0.0,0.0,0.0,0.0,0.0,0.0,0.0,0,47
2024-25,35,577,Jesper Lindstrøm,MID,Everton,8,10,1,2025-05-03T14:00:00Z,0,0,0,0,0,0,0,0,0.0,0.0,0.0,0.0,0.0,0.0,0.0,0.0,0,50
2024-25,35,578,Riccardo Calafiori,DEF,Arsenal,1,3,1,2025-05-03T16:30:00Z,0,0,0,0,0,0,0,0,0.0,0.0,0.0,0.0,0.0,0.0,0.0,0.0,0,58
2024-25,35,579,Ryan Sessegnon,DEF,Fulham,9,2,0,2025-05-03T11:30:00Z,56,0,0,0,0,1,0,-7,3.8,12.1,6.0,2.2,0.0,0.08,0.08,0.21,1,42
2024-25,35,580,Dean Huijsen,DEF,Bournemouth,3,1,0,2025-05-03T16:30:00Z,90,8,1,0,0,1,0,21,47.4,2.6,33.0,8.3,0.15,0.02,0.17,1.42,1,45
2024-25,35,581,Filip Jørgensen,GK,Chelsea,6,12,1,2025-05-04T15:30:00Z,0,0,0,0,0,0,0,0,0.0,0.0,0.0,0.0,0.0,0.0,0.0,0.0,0,42
2024-25,35,582,Jake O'Brien,DEF,Everton,8,10,1,2025-05-03T14:00:00Z,90,0,0,0,0,2,0,0,12.8,1.0,0.0,1.4,0.0,0.01,0.01,0.85,1,45
2024-25,35,583,Conor Townsend,DEF,Ipswich,10,8,0,2025-05-03T14:00:00Z,0,0,0,0,0,0,0,0,0.0,0.0,0.0,0.0,0.0,0.0,0.0,0.0,0,39
2024-25,35,584,Ben Brereton Díaz,MID,Southampton,17,11,0,2025-05-03T14:00:00Z,0,0,0,0,0,0,0,0,0.0,0.0,0.0,0.0,0.0,0.0,0.0,0.0,0,48
2024-25,35,585,Ismaïla Sarr,MID,Crystal Palace,7,16,1,2025-05-05T19:00:00Z,90,2,0,0,0,1,0,11,18.8,30.7,31.0,8.1,0.6,0.41,1.01,0.71,1,57
2024-25,35,586,Jorge Cuenca Barreno,DEF,Fulham,9,2,0,2025-05-03T11:30:00Z,0,0,0,0,0,0,0,0,0.0,0.0,0.0,0.0,0.0,0.0,0.0,0.0,0,44
2024-25,35,587,Crysencio Summerville,MID,West Ham,19,18,1,2025-05-04T13:00:00Z,0,0,0,0,0,0,0,0,0.0,0.0,0.0,0.0,0.0,0.0,0.0,0.0,0,55
2024-25,35,588,Guido Rodríguez,MID,West Ham,19,18,1,2025-05-04T13:00:00Z,0,0,0,0,0,0,0,0,0.0,0.0,0.0,0.0,0.0,0.0,0.0,0.0,0,48
2024-25,35,589,Niclas Füllkrug,FWD,West Ham,19,18,1,2025-05-04T13:00:00Z,79,2,0,0,0,1,0,1,0.0,4.3,8.0,0.8,0.07,0.04,0.11,0.77,1,67
2024-25,35,590,William Osula,FWD,Newcastle,15,5,0,2025-05-04T13:00:00Z,0,0,0,0,0,0,0,0,0.0,0.0,0.0,0.0,0.0,0.0,0.0,0.0,0,49
2024-25,35,591,Jean-Clair Todibo,DEF,West Ham,19,18,1,2025-05-04T13:00:00Z,79,2,0,0,0,1,0,4,10.8,0.4,2.0,1.3,0.0,0.0,0.0,0.77,1,42
2024-25,35,592,Julián Araujo Zúñiga,DEF,Bournemouth,3,1,0,2025-05-03T16:30:00Z,64,2,0,0,0,1,0,3,6.2,1.0,0.0,0.7,0.0,0.0,0.0,1.3,1,43
2024-25,35,593,Matthijs de Ligt,DEF,Man Utd,14,4,0,2025-05-04T13:00:00Z,34,0,0,0,0,2,0,-3,6.8,0.1,0.0,0.7,0.0,0.0,0.0,0.77,1,48
2024-25,35,594,Noussair Mazraoui,DEF,Man Utd,14,4,0,2025-05-04T13:00:00Z,0,0,0,0,0,0,0,0,0.0,0.0,0.0,0.0,0.0,0.0,0.0,0.0,0,42
2024-25,35,595,Brajan Gruda,MID,Brighton,5,15,1,2025-05-04T13:00:00Z,1,1,0,0,0,0,0,8,2.0,14.0,0.0,1.6,0.0,0.21,0.21,0.03,0,54
2024-25,35,596,João Pedro Ferreira Silva,MID,Nott'm Forest,16,7,0,2025-05-05T19:00:00Z,0,0,0,0,0,0,0,0,0.0,0.0,0.0,0.0,0.0,0.0,0.0,0.0,0,59
2024-25,35,597,Myles Lewis-Skelly,MID,Arsenal,1,3,1,2025-05-03T16:30:00Z,90,2,0,0,0,2,0,18,15.4,14.0,0.0,2.9,0.0,0.03,0.03,0.97,1,45
2024-25,35,598,Lamare Bogarde,DEF,Aston Villa,2,9,1,2025-05-03T11:30:00Z,0,0,0,0,0,0,0,0,0.0,0.0,0.0,0.0,0.0,0.0,0.0,0.0,0,39
2024-25,35,599,Will Dennis,GK,Bournemouth,3,1,0,2025-05-03T16:30:00Z,0,0,0,0,0,0,0,0,0.0,0.0,0.0,0.0,0.0,0.0,0.0,0.0,0,39
2024-25,35,600,Yasin Ayari,MID,Brighton,5,15,1,2025-05-04T13:00:00Z,21,1,0,0,0,1,0,-2,0.0,0.6,0.0,0.0,0.0,0.01,0.01,1.05,0,50
2024-25,35,601,Andrew Moran,MID,Brighton,5,15,1,2025-05-04T13:00:00Z,0,0,0,0,0,0,0,0,0.0,0.0,0.0,0.0,0.0,0.0,0.0,0.0,0,50
2024-25,35,602,Ryan Trevitt,MID,Brentford,4,14,1,2025-05-04T13:00:00Z,0,0,0,0,0,0,0,0,0.0,0.0,0.0,0.0,0.0,0.0,0.0,0.0,0,44
2024-25,35,603,Harrison Armstrong,MID,Everton,8,10,1,2025-05-03T14:00:00Z,0,0,0,0,0,0,0,0,0.0,0.0,0.0,0.0,0.0,0.0,0.0,0.0,0,44
2024-25,35,604,Josh King,MID,Fulham,9,2,0,2025-05-03T11:30:00Z,0,0,0,0,0,0,0,0,0.0,0.0,0.0,0.0,0.0,0.0,0.0,0.0,0,44
2024-25,35,605,Martial Godo,MID,Fulham,9,2,0,2025-05-03T11:30:00Z,0,0,0,0,0,0,0,0,0.0,0.0,0.0,0.0,0.0,0.0,0.0,0.0,0,44
2024-25,35,606,Will Alves,MID,Leicester,11,17,1,2025-05-03T14:00:00Z,0,0,0,0,0,0,0,0,0.0,0.0,0.0,0.0,0.0,0.0,0.0,0.0,0,44
2024-25,35,607,Nico O'Reilly,MID,Man City,13,20,1,2025-05-02T19:00:00Z,57,1,0,0,0,0,0,-1,14.2,2.7,25.0,4.2,0.14,0.01,0.15,0.4,1,49
2024-25,35,608,Tyler Dibling,MID,Southampton,17,11,0,2025-05-03T14:00:00Z,45,1,0,0,0,0,0,4,1.2,1.7,2.0,0.5,0.0,0.01,0.01,0.5,0,43
2024-25,35,609,Will Lankshear,FWD,Spurs,18,19,0,2025-05-04T13:00:00Z,0,0,0,0,0,0,0,0,0.0,0.0,0.0,0.0,0.0,0.0,0.0,0.0,0,45
2024-25,35,610,Mikey Moore,MID,Spurs,18,19,0,2025-05-04T13:00:00Z,22,1,0,0,0,0,0,3,0.2,0.3,0.0,0.1,0.0,0.0,0.0,0.37,0,45
2024-25,35,611,Sam Szmodics,MID,Ipswich,10,8,0,2025-05-03T14:00:00Z,0,0,0,0,0,0,0,0,0.0,0.0,0.0,0.0,0.0,0.0,0.0,0.0,0,57
2024-25,35,612,Wilson Odobert,MID,Spurs,18,19,0,2025-05-04T13:00:00Z,90,10,1,0,0,1,3,26,37.0,0.7,17.0,5.5,0.47,0.01,0.48,0.84,1,53
2024-25,35,613,Toby Collyer,MID,Man Utd,14,4,0,2025-05-04T13:00:00Z,0,0,0,0,0,0,0,0,0.0,0.0,0.0,0.0,0.0,0.0,0.0,0.0,0,45
2024-25,35,614,Jenson Metcalfe,MID,Everton,8,10,1,2025-05-03T14:00:00Z,0,0,0,0,0,0,0,0,0.0,0.0,0.0,0.0,0.0,0.0,0.0,0.0,0,45
2024-25,35,615,Carl Rushworth,GK,Brighton,5,15,1,2025-05-04T13:00:00Z,0,0,0,0,0,0,0,0,0.0,0.0,0.0,0.0,0.0,0.0,0.0,0.0,0,39
2024-25,35,616,Ben Nelson,DEF,Leicester,11,17,1,2025-05-03T14:00:00Z,0,0,0,0,0,0,0,0,0.0,0.0,0.0,0.0,0.0,0.0,0.0,0.0,0,40
2024-25,35,617,Francisco Evanilson de Lima Barbosa,FWD,Bournemouth,3,1,0,2025-05-03T16:30:00Z,86,6,1,0,0,1,1,27,30.4,1.9,42.0,7.4,0.59,0.01,0.6,1.3,1,58
2024-25,35,618,Georginio Rutter,MID,Brighton,5,15,1,2025-05-04T13:00:00Z,0,0,0,0,0,0,0,0,0.0,0.0,0.0,0.0,0.0,0.0,0.0,0.0,0,50
2024-25,35,619,Jens Cajuste,MID,Ipswich,10,8,0,2025-05-03T14:00:00Z,8,1,0,0,0,0,0,4,2.0,0.3,0.0,0.2,0.0,0.01,0.01,0.05,0,45
2024-25,35,620,Ramón Sosa,MID,Nott'm Forest,16,7,0,2025-05-05T19:00:00Z,24,1,0,0,0,0,0,4,3.2,0.3,0.0,0.4,0.0,0.0,0.0,0.62,0,55
2024-25,35,621,João Félix Sequeira,MID,Chelsea,6,12,1,2025-05-04T15:30:00Z,0,0,0,0,0,0,0,0,0.0,0.0,0.0,0.0,0.0,0.0,0.0,0.0,0,59
2024-25,35,622,Sander Berge,MID,Fulham,9,2,0,2025-05-03T11:30:00Z,74,1,0,0,0,1,0,7,0.4,4.2,0.0,0.5,0.0,0.01,0.01,0.46,1,50
2024-25,35,623,Mateus Gonçalo Espanha Fernandes,MID,Southampton,17,11,0,2025-05-03T14:00:00Z,56,1,0,0,0,2,0,6,18.4,18.1,7.0,4.4,0.04,0.08,0.12,0.97,1,50
2024-25,35,624,Asmir Begovic,GK,Everton,8,10,1,2025-05-03T14:00:00Z,0,0,0,0,0,0,0,0,0.0,0.0,0.0,0.0,0.0,0.0,0.0,0.0,0,40
2024-25,35,625,Ilkay Gündogan,MID,Man City,13,20,1,2025-05-02T19:00:00Z,83,3,0,0,1,0,0,11,2.2,19.1,8.0,2.9,0.0,0.15,0.15,0.4,1,63
2024-25,35,626,Issa Kaboré,DEF,Man City,13,20,1,2025-05-02T19:00:00Z,0,0,0,0,0,0,0,0,0.0,0.0,0.0,0.0,0.0,0.0,0.0,0.0,0,45
2024-25,35,627,Roman Dixon,DEF,Everton,8,10,1,2025-05-03T14:00:00Z,0,0,0,0,0,0,0,0,0.0,0.0,0.0,0.0,0.0,0.0,0.0,0.0,0,40
2024-25,35,628,Ferdi Kadioglu,DEF,Brighton,5,15,1,2025-05-04T13:00:00Z,0,0,0,0,0,0,0,0,0.0,0.0,0.0,0.0,0.0,0.0,0.0,0.0,0,44
2024-25,35,629,Matt O'Riley,MID,Brighton,5,15,1,2025-05-04T13:00:00Z,90,2,0,0,0,1,0,7,2.8,13.2,8.0,2.4,0.0,0.01,0.01,1.83,1,55
2024-25,35,630,Dara O'Shea,DEF,Ipswich,10,8,0,2025-05-03T14:00:00Z,90,1,0,0,0,2,0,4,12.6,0.8,5.0,1.8,0.02,0.0,0.02,0.55,1,39
2024-25,35,631,Jack Clarke,MID,Ipswich,10,8,0,2025-05-03T14:00:00Z,22,1,0,0,0,0,0,0,0.6,1.1,2.0,0.4,0.0,0.0,0.0,0.05,0,54
2024-25,35,632,Chiedozie Ogbene,MID,Ipswich,10,8,0,2025-05-03T14:00:00Z,0,0,0,0,0,0,0,0,0.0,0.0,0.0,0.0,0.0,0.0,0.0,0.0,0,48
2024-25,35,633,Mikel Merino,MID,Arsenal,1,3,1,2025-05-03T16:30:00Z,16,1,0,0,0,1,0,2,1.6,1.8,0.0,0.3,0.0,0.01,0.01,0.2,0,61
2024-25,35,634,Gustavo Nunes Fernandes Gomes,MID,Brentford,4,14,1,2025-05-04T13:00:00Z,9,1,0,0,0,2,0,5,8.0,0.3,2.0,1.0,0.0,0.0,0.0,0.26,0,49
2024-25,35,635,Bilal El Khannouss,MID,Leicester,11,17,1,2025-05-03T14:00:00Z,83,6,0,1,1,0,0,20,23.6,64.9,26.0,11.5,0.28,0.11,0.39,0.5,1,48
2024-25,35,636,Federico Chiesa,MID,Liverpool,12,6,0,2025-05-04T15:30:00Z,8,1,0,0,0,1,0,2,0.0,0.3,0.0,0.0,0.0,0.0,0.0,0.9,0,68
2024-25,35,637,Bastien Meupiyou,DEF,Wolves,20,13,0,2025-05-02T19:00:00Z,0,0,0,0,0,0,0,0,0.0,0.0,0.0,0.0,0.0,0.0,0.0,0.0,0,39
2024-25,35,638,Salah-Eddine Oulad M'hand,MID,Arsenal,1,3,1,2025-05-03T16:30:00Z,0,0,0,0,0,0,0,0,0.0,0.0,0.0,0.0,0.0,0.0,0.0,0.0,0,45
2024-25,35,639,Tommy Setford,GK,Arsenal,1,3,1,2025-05-03T16:30:00Z,0,0,0,0,0,0,0,0,0.0,0.0,0.0,0.0,0.0,0.0,0.0,0.0,0,45
2024-25,35,640,Sil Swinkels,DEF,Aston Villa,2,9,1,2025-05-03T11:30:00Z,0,0,0,0,0,0,0,0,0.0,0.0,0.0,0.0,0.0,0.0,0.0,0.0,0,40
2024-25,35,641,Oliwier Zych,GK,Aston Villa,2,9,1,2025-05-03T11:30:00Z,0,0,0,0,0,0,0,0,0.0,0.0,0.0,0.0,0.0,0.0,0.0,0.0,0,40
2024-25,35,642,André Trindade da Costa Neto,MID,Wolves,20,13,0,2025-05-02T19:00:00Z,79,2,0,0,0,1,0,12,10.6,10.9,1.0,2.3,0.04,0.01,0.05,0.71,1,50
2024-25,35,643,Kaelan Casey,DEF,West Ham,19,18,1,2025-05-04T13:00:00Z,0,0,0,0,0,0,0,0,0.0,0.0,0.0,0.0,0.0,0.0,0.0,0.0,0,40
2024-25,35,644,Franco Umeh-Chibueze,MID,Crystal Palace,7,16,1,2025-05-05T19:00:00Z,0,0,0,0,0,0,0,0,0.0,0.0,0.0,0.0,0.0,0.0,0.0,0.0,0,44
2024-25,35,645,Justin Devenny,MID,Crystal Palace,7,16,1,2025-05-05T19:00:00Z,0,0,0,0,0,0,0,0,0.0,0.0,0.0,0.0,0.0,0.0,0.0,0.0,0,45
2024-25,35,646,Asher Agbinone,MID,Crystal Palace,7,16,1,2025-05-05T19:00:00Z,0,0,0,0,0,0,0,0,0.0,0.0,0.0,0.0,0.0,0.0,0.0,0.0,0,45
2024-25,35,647,Kaden Rodney,MID,Crystal Palace,7,16,1,2025-05-05T19:00:00Z,0,0,0,0,0,0,0,0,0.0,0.0,0.0,0.0,0.0,0.0,0.0,0.0,0,45
2024-25,35,648,Ethan Wheatley,FWD,Man Utd,14,4,0,2025-05-04T13:00:00Z,0,0,0,0,0,0,0,0,0.0,0.0,0.0,0.0,0.0,0.0,0.0,0.0,0,45
2024-25,35,649,Jayden Meghoma,DEF,Brentford,4,14,1,2025-05-04T13:00:00Z,0,0,0,0,0,0,0,0,0.0,0.0,0.0,0.0,0.0,0.0,0.0,0.0,0,40
2024-25,35,650,Maxence Lacroix,DEF,Crystal Palace,7,16,1,2025-05-05T19:00:00Z,90,2,0,0,0,1,0,4,22.0,0.6,30.0,5.3,0.28,0.01,0.29,0.71,1,45
2024-25,35,651,Orel Mangala,MID,Everton,8,10,1,2025-05-03T14:00:00Z,0,0,0,0,0,0,0,0,0.0,0.0,0.0,0.0,0.0,0.0,0.0,0.0,0,50
2024-25,35,652,Manuel Ugarte,MID,Man Utd,14,4,0,2025-05-04T13:00:00Z,90,4,0,1,0,4,0,27,35.6,16.6,17.0,6.9,0.05,0.02,0.07,2.8,1,49
2024-25,35,653,Felipe Rodrigues da Silva,DEF,Nott'm Forest,16,7,0,2025-05-05T19:00:00Z,9,0,0,0,0,0,0,0,0.0,0.1,0.0,0.0,0.0,0.0,0.0,0.54,0,45
2024-25,35,654,Carlos Soler,MID,West Ham,19,18,1,2025-05-04T13:00:00Z,10,1,0,0,0,0,0,4,4.4,0.2,2.0,0.7,0.0,0.0,0.0,0.0,0,50
2024-25,35,655,Carlos Roberto Forbs Borges,MID,Wolves,20,13,0,2025-05-02T19:00:00Z,0,0,0,0,0,0,0,0,0.0,0.0,0.0,0.0,0.0,0.0,0.0,0.0,0,54
2024-25,35,656,Kadan Young,MID,Aston Villa,2,9,1,2025-05-03T11:30:00Z,0,0,0,0,0,0,0,0,0.0,0.0,0.0,0.0,0.0,0.0,0.0,0.0,0,44
2024-25,35,657,Maldini Kacurri,DEF,Arsenal,1,3,1,2025-05-03T16:30:00Z,0,0,0,0,0,0,0,0,0.0,0.0,0.0,0.0,0.0,0.0,0.0,0.0,0,40
2024-25,35,658,Ayden Heaven,DEF,Man Utd,14,4,0,2025-05-04T13:00:00Z,0,0,0,0,0,0,0,0,0.0,0.0,0.0,0.0,0.0,0.0,0.0,0.0,0,40
2024-25,35,659,Ismeal Kabia,MID,Arsenal,1,3,1,2025-05-03T16:30:00Z,0,0,0,0,0,0,0,0,0.0,0.0,0.0,0.0,0.0,0.0,0.0,0.0,0,45
2024-25,35,660,Vítezslav Jaros,GK,Liverpool,12,6,0,2025-05-04T15:30:00Z,0,0,0,0,0,0,0,0,0.0,0.0,0.0,0.0,0.0,0.0,0.0,0.0,0,40
2024-25,35,661,Tony Yogane,MID,Brentford,4,14,1,2025-05-04T13:00:00Z,0,0,0,0,0,0,0,0,0.0,0.0,0.0,0.0,0.0,0.0,0.0,0.0,0,45
2024-25,35,662,Josh Nichols,DEF,Arsenal,1,3,1,2025-05-03T16:30:00Z,0,0,0,0,0,0,0,0,0.0,0.0,0.0,0.0,0.0,0.0,0.0,0.0,0,40
2024-25,35,663,Imari Samuels,DEF,Brighton,5,15,1,2025-05-04T13:00:00Z,0,0,0,0,0,0,0,0,0.0,0.0,0.0,0.0,0.0,0.0,0.0,0.0,0,40
2024-25,35,664,Alfie Pond,DEF,Wolves,20,13,0,2025-05-02T19:00:00Z,0,0,0,0,0,0,0,0,0.0,0.0,0.0,0.0,0.0,0.0,0.0,0.0,0,39
2024-25,35,665,Nathan Butler-Oyedeji,FWD,Arsenal,1,3,1,2025-05-03T16:30:00Z,0,0,0,0,0,0,0,0,0.0,0.0,0.0,0.0,0.0,0.0,0.0,0.0,0,45
2024-25,35,666,Caleb Kporha,DEF,Crystal Palace,7,16,1,2025-05-05T19:00:00Z,0,0,0,0,0,0,0,0,0.0,0.0,0.0,0.0,0.0,0.0,0.0,0.0,0,40
2024-25,35,667,Jack Fletcher,MID,Man Utd,14,4,0,2025-05-04T13:00:00Z,0,0,0,0,0,0,0,0,0.0,0.0,0.0,0.0,0.0,0.0,0.0,0.0,0,45
2024-25,35,668,Killian Cahill,GK,Brighton,5,15,1,2025-05-04T13:00:00Z,0,0,0,0,0,0,0,0,0.0,0.0,0.0,0.0,0.0,0.0,0.0,0.0,0,39
2024-25,35,669,Harvey Davies,GK,Liverpool,12,6,0,2025-05-04T15:30:00Z,0,0,0,0,0,0,0,0,0.0,0.0,0.0,0.0,0.0,0.0,0.0,0.0,0,40
2024-25,35,670,Harry Amass,DEF,Man Utd,14,4,0,2025-05-04T13:00:00Z,90,0,0,0,0,4,0,-4,13.6,4.1,6.0,2.4,0.02,0.01,0.03,2.8,1,40
2024-25,35,671,Jacob Wright,MID,Man City,13,20,1,2025-05-02T19:00:00Z,0,0,0,0,0,0,0,0,0.0,0.0,0.0,0.0,0.0,0.0,0.0,0.0,0,45
2024-25,35,672,Jahmai Simpson-Pusey,DEF,Man City,13,20,1,2025-05-02T19:00:00Z,0,0,0,0,0,0,0,0,0.0,0.0,0.0,0.0,0.0,0.0,0.0,0.0,0,40
2024-25,35,673,Jayce Fitzgerald,MID,Man Utd,14,4,0,2025-05-04T13:00:00Z,0,0,0,0,0,0,0,0,0.0,0.0,0.0,0.0,0.0,0.0,0.0,0.0,0,45
2024-25,35,674,Paris Maghoma,MID,Brentford,4,14,1,2025-05-04T13:00:00Z,0,0,0,0,0,0,0,0,0.0,0.0,0.0,0.0,0.0,0.0,0.0,0.0,0,45
2024-25,35,675,Josh Wilson-Esbrand,DEF,Man City,13,20,1,2025-05-02T19:00:00Z,0,0,0,0,0,0,0,0,0.0,0.0,0.0,0.0,0.0,0.0,0.0,0.0,0,40
2024-25,35,676,Zach Marsh,FWD,Crystal Palace,7,16,1,2025-05-05T19:00:00Z,0,0,0,0,0,0,0,0,0.0,0.0,0.0,0.0,0.0,0.0,0.0,0.0,0,45
2024-25,35,677,Ollie Scarles,DEF,West Ham,19,18,1,2025-05-04T13:00:00Z,0,0,0,0,0,0,0,0,0.0,0.0,0.0,0.0,0.0,0.0,0.0,0.0,0,40
2024-25,35,678,Callum Bates,MID,Everton,8,10,1,2025-05-03T14:00:00Z,0,0,0,0,0,0,0,0,0.0,0.0,0.0,0.0,0.0,0.0,0.0,0.0,0,45
2024-25,35,679,Ben Broggio,MID,Aston Villa,2,9,1,2025-05-03T11:30:00Z,0,0,0,0,0,0,0,0,0.0,0.0,0.0,0.0,0.0,0.0,0.0,0.0,0,45
2024-25,35,680,Max Kinsey,DEF,Bournemouth,3,1,0,2025-05-03T16:30:00Z,0,0,0,0,0,0,0,0,0.0,0.0,0.0,0.0,0.0,0.0,0.0,0.0,0,40
2024-25,35,681,Ruairi McConville,DEF,Brighton,5,15,1,2025-05-04T13:00:00Z,0,0,0,0,0,0,0,0,0.0,0.0,0.0,0.0,0.0,0.0,0.0,0.0,0,40
2024-25,35,682,Tom Edozie,MID,Wolves,20,13,0,2025-05-02T19:00:00Z,0,0,0,0,0,0,0,0,0.0,0.0,0.0,0.0,0.0,0.0,0.0,0.0,0,45
2024-25,35,683,Callum Olusesi,MID,Spurs,18,19,0,2025-05-04T13:00:00Z,0,0,0,0,0,0,0,0,0.0,0.0,0.0,0.0,0.0,0.0,0.0,0.0,0,45
2024-25,35,684,Malachi Hardy,DEF,Spurs,18,19,0,2025-05-04T13:00:00Z,0,0,0,0,0,0,0,0,0.0,0.0,0.0,0.0,0.0,0.0,0.0,0.0,0,40
2024-25,35,685,Jacob Slater,DEF,Brighton,5,15,1,2025-05-04T13:00:00Z,0,0,0,0,0,0,0,0,0.0,0.0,0.0,0.0,0.0,0.0,0.0,0.0,0,40
2024-25,35,686,Ezra Mayers,DEF,West Ham,19,18,1,2025-05-04T13:00:00Z,0,0,0,0,0,0,0,0,0.0,0.0,0.0,0.0,0.0,0.0,0.0,0.0,0,40
2024-25,35,687,Ben Winterburn,MID,Bournemouth,3,1,0,2025-05-03T16:30:00Z,0,0,0,0,0,0,0,0,0.0,0.0,0.0,0.0,0.0,0.0,0.0,0.0,0,45
2024-25,35,688,Treymaurice Nyoni,MID,Liverpool,12,6,0,2025-05-04T15:30:00Z,0,0,0,0,0,0,0,0,0.0,0.0,0.0,0.0,0.0,0.0,0.0,0.0,0,45
2024-25,35,689,Luca Williams-Barnett,MID,Spurs,18,19,0,2025-05-04T13:00:00Z,0,0,0,0,0,0,0,0,0.0,0.0,0.0,0.0,0.0,0.0,0.0,0.0,0,45
2024-25,35,690,Samuel Amissah,DEF,Fulham,9,2,0,2025-05-03T11:30:00Z,0,0,0,0,0,0,0,0,0.0,0.0,0.0,0.0,0.0,0.0,0.0,0.0,0,40
2024-25,35,691,Godwill Kukonki,DEF,Man Utd,14,4,0,2025-05-04T13:00:00Z,0,0,0,0,0,0,0,0,0.0,0.0,0.0,0.0,0.0,0.0,0.0,0.0,0,40
2024-25,35,692,Amara Nallo,DEF,Liverpool,12,6,0,2025-05-04T15:30:00Z,0,0,0,0,0,0,0,0,0.0,0.0,0.0,0.0,0.0,0.0,0.0,0.0,0,40
2024-25,35,693,Joseph O'Brien-Whitmarsh,MID,Southampton,17,11,0,2025-05-03T14:00:00Z,0,0,0,0,0,0,0,0,0.0,0.0,0.0,0.0,0.0,0.0,0.0,0.0,0,45
2024-25,35,694,Henry Cartwright,MID,Leicester,11,17,1,2025-05-03T14:00:00Z,0,0,0,0,0,0,0,0,0.0,0.0,0.0,0.0,0.0,0.0,0.0,0.0,0,45
2024-25,35,695,Samuel Rak-Sakyi,MID,Chelsea,6,12,1,2025-05-04T15:30:00Z,0,0,0,0,0,0,0,0,0.0,0.0,0.0,0.0,0.0,0.0,0.0,0.0,0,45
2024-25,35,696,Tyrique George,MID,Chelsea,6,12,1,2025-05-04T15:30:00Z,0,0,0,0,0,0,0,0,0.0,0.0,0.0,0.0,0.0,0.0,0.0,0.0,0,45
2024-25,35,697,Josh Acheampong,DEF,Chelsea,6,12,1,2025-05-04T15:30:00Z,0,0,0,0,0,0,0,0,0.0,0.0,0.0,0.0,0.0,0.0,0.0,0.0,0,40
2024-25,35,698,Divin Mubama,FWD,Man City,13,20,1,2025-05-02T19:00:00Z,0,0,0,0,0,0,0,0,0.0,0.0,0.0,0.0,0.0,0.0,0.0,0.0,0,45
2024-25,35,699,Alfie Dorrington,DEF,Spurs,18,19,0,2025-05-04T13:00:00Z,0,0,0,0,0,0,0,0,0.0,0.0,0.0,0.0,0.0,0.0,0.0,0.0,0,40
2024-25,35,700,Maeson King,DEF,Spurs,18,19,0,2025-05-04T13:00:00Z,0,0,0,0,0,0,0,0,0.0,0.0,0.0,0.0,0.0,0.0,0.0,0.0,0,40
2024-25,35,701,Lewis Orford,MID,West Ham,19,18,1,2025-05-04T13:00:00Z,0,0,0,0,0,0,0,0,0.0,0.0,0.0,0.0,0.0,0.0,0.0,0.0,0,45
2024-25,35,702,Archie Harris,DEF,Bournemouth,3,1,0,2025-05-03T16:30:00Z,0,0,0,0,0,0,0,0,0.0,0.0,0.0,0.0,0.0,0.0,0.0,0.0,0,40
2024-25,35,703,Max Alleyne,DEF,Man City,13,20,1,2025-05-02T19:00:00Z,0,0,0,0,0,0,0,0,0.0,0.0,0.0,0.0,0.0,0.0,0.0,0.0,0,40
2024-25,35,704,Spike Brits,GK,Man City,13,20,1,2025-05-02T19:00:00Z,0,0,0,0,0,0,0,0,0.0,0.0,0.0,0.0,0.0,0.0,0.0,0.0,0,40
2024-25,35,705,Benjamin Arthur,DEF,Brentford,4,14,1,2025-05-04T13:00:00Z,0,0,0,0,0,0,0,0,0.0,0.0,0.0,0.0,0.0,0.0,0.0,0.0,0,40
2024-25,35,706,Zach Abbott,DEF,Nott'm Forest,16,7,0,2025-05-05T19:00:00Z,0,0,0,0,0,0,0,0,0.0,0.0,0.0,0.0,0.0,0.0,0.0,0.0,0,40
2024-25,35,707,Remy Rees-Dottin,FWD,Bournemouth,3,1,0,2025-05-03T16:30:00Z,0,0,0,0,0,0,0,0,0.0,0.0,0.0,0.0,0.0,0.0,0.0,0.0,0,45
2024-25,35,708,Thomas Wilson-Brown,DEF,Leicester,11,17,1,2025-05-03T14:00:00Z,0,0,0,0,0,0,0,0,0.0,0.0,0.0,0.0,0.0,0.0,0.0,0.0,0,40
2024-25,35,709,Jayden Danns,FWD,Liverpool,12,6,0,2025-05-04T15:30:00Z,0,0,0,0,0,0,0,0,0.0,0.0,0.0,0.0,0.0,0.0,0.0,0.0,0,45
2024-25,35,710,Jamaldeen Jimoh,MID,Aston Villa,2,9,1,2025-05-03T11:30:00Z,0,0,0,0,0,0,0,0,0.0,0.0,0.0,0.0,0.0,0.0,0.0,0.0,0,45
2024-25,35,711,Wes Okoduwa,DEF,Wolves,20,13,0,2025-05-02T19:00:00Z,0,0,0,0,0,0,0,0,0.0,0.0,0.0,0.0,0.0,0.0,0.0,0.0,0,40
2024-25,35,712,Matai Akinmboni,DEF,Bournemouth,3,1,0,2025-05-03T16:30:00Z,0,0,0,0,0,0,0,0,0.0,0.0,0.0,0.0,0.0,0.0,0.0,0.0,0,40
2024-25,35,713,Julio Soler,DEF,Bournemouth,3,1,0,2025-05-03T16:30:00Z,0,0,0,0,0,0,0,0,0.0,0.0,0.0,0.0,0.0,0.0,0.0,0.0,0,39
2024-25,35,714,Diego Gómez,MID,Brighton,5,15,1,2025-05-04T13:00:00Z,1,1,0,0,0,0,0,-1,0.0,0.0,4.0,0.2,0.28,0.0,0.28,0.03,0,55
2024-25,35,715,Ben Godfrey,DEF,Ipswich,10,8,0,2025-05-03T14:00:00Z,0,0,0,0,0,0,0,0,0.0,0.0,0.0,0.0,0.0,0.0,0.0,0.0,0,40
2024-25,35,716,Antonín Kinsky,GK,Spurs,18,19,0,2025-05-04T13:00:00Z,0,0,0,0,0,0,0,0,0.0,0.0,0.0,0.0,0.0,0.0,0.0,0.0,0,41
2024-25,35,717,Min-Hyeok Yang,MID,Spurs,18,19,0,2025-05-04T13:00:00Z,0,0,0,0,0,0,0,0,0.0,0.0,0.0,0.0,0.0,0.0,0.0,0.0,0,45
2024-25,35,718,Welington Damascena Santos,DEF,Southampton,17,11,0,2025-05-03T14:00:00Z,0,0,0,0,0,0,0,0,0.0,0.0,0.0,0.0,0.0,0.0,0.0,0.0,0,40
2024-25,35,719,Joachim Kayi-Sanda,DEF,Southampton,17,11,0,2025-05-03T14:00:00Z,0,0,0,0,0,0,0,0,0.0,0.0,0.0,0.0,0.0,0.0,0.0,0.0,0,40
2024-25,35,720,Emmanuel Agbadou,DEF,Wolves,20,13,0,2025-05-02T19:00:00Z,90,2,0,0,0,1,0,11,19.2,1.3,0.0,2.1,0.0,0.01,0.01,0.71,1,40
2024-25,35,721,Wayne Hennessey,GK,Nott'm Forest,16,7,0,2025-05-05T19:00:00Z,0,0,0,0,0,0,0,0,0.0,0.0,0.0,0.0,0.0,0.0,0.0,0.0,0,40
2024-25,35,722,Daniel Adu-Adjei,FWD,Bournemouth,3,1,0,2025-05-03T16:30:00Z,0,0,0,0,0,0,0,0,0.0,0.0,0.0,0.0,0.0,0.0,0.0,0.0,0,45
2024-25,35,723,Dominic Sadi,MID,Bournemouth,3,1,0,2025-05-03T16:30:00Z,0,0,0,0,0,0,0,0,0.0,0.0,0.0,0.0,0.0,0.0,0.0,0.0,0,45
2024-25,35,724,Martin Sherif,FWD,Everton,8,10,1,2025-05-03T14:00:00Z,0,0,0,0,0,0,0,0,0.0,0.0,0.0,0.0,0.0,0.0,0.0,0.0,0,45
2024-25,35,725,Donyell Malen,MID,Aston Villa,2,9,1,2025-05-03T11:30:00Z,19,1,0,0,0,0,0,-3,0.0,0.3,45.0,4.4,0.5,0.0,0.5,0.15,0,53
2024-25,35,726,Woyo Coulibaly,DEF,Leicester,11,17,1,2025-05-03T14:00:00Z,0,0,0,0,0,0,0,0,0.0,0.0,0.0,0.0,0.0,0.0,0.0,0.0,0,40
2024-25,35,727,Callan McKenna,GK,Bournemouth,3,1,0,2025-05-03T16:30:00Z,0,0,0,0,0,0,0,0,0.0,0.0,0.0,0.0,0.0,0.0,0.0,0.0,0,40
2024-25,35,728,Zain Silcott-Duberry,MID,Bournemouth,3,1,0,2025-05-03T16:30:00Z,0,0,0,0,0,0,0,0,0.0,0.0,0.0,0.0,0.0,0.0,0.0,0.0,0,45
2024-25,35,729,Damola Ajayi,MID,Spurs,18,19,0,2025-05-04T13:00:00Z,0,0,0,0,0,0,0,0,0.0,0.0,0.0,0.0,0.0,0.0,0.0,0.0,0,45
2024-25,35,730,Romain Esse,MID,Crystal Palace,7,16,1,2025-05-05T19:00:00Z,0,0,0,0,0,0,0,0,0.0,0.0,0.0,0.0,0.0,0.0,0.0,0.0,0,47
2024-25,35,731,Andrés García,DEF,Aston Villa,2,9,1,2025-05-03T11:30:00Z,0,0,0,0,0,0,0,0,0.0,0.0,0.0,0.0,0.0,0.0,0.0,0.0,0,45
2024-25,35,732,Abdukodir Khusanov,DEF,Man City,13,20,1,2025-05-02T19:00:00Z,0,0,0,0,0,0,0,0,0.0,0.0,0.0,0.0,0.0,0.0,0.0,0.0,0,50
2024-25,35,733,Vitor de Oliveira Nunes dos Reis,DEF,Man City,13,20,1,2025-05-02T19:00:00Z,0,0,0,0,0,0,0,0,0.0,0.0,0.0,0.0,0.0,0.0,0.0,0.0,0,45
2024-25,35,734,Albert Grønbæk,MID,Southampton,17,11,0,2025-05-03T14:00:00Z,0,0,0,0,0,0,0,0,0.0,0.0,0.0,0.0,0.0,0.0,0.0,0.0,0,49
2024-25,35,735,Mikel Arteta,AM,Arsenal,1,3,1,2025-05-03T16:30:00Z,0,1,0,0,0,0,0,0,0.0,0.0,0.0,0.0,0.0,0.0,0.0,0.0,0,15
2024-25,35,736,Pep Guardiola,AM,Man City,13,20,1,2025-05-02T19:00:00Z,0,9,0,0,0,0,0,0,0.0,0.0,0.0,0.0,0.0,0.0,0.0,0.0,0,15
2024-25,35,737,Unai Emery,AM,Aston Villa,2,9,1,2025-05-03T11:30:00Z,0,9,0,0,0,0,0,0,0.0,0.0,0.0,0.0,0.0,0.0,0.0,0.0,0,8
2024-25,35,738,Andoni Iraola,AM,Bournemouth,3,1,0,2025-05-03T16:30:00Z,0,18,0,0,0,0,0,0,0.0,0.0,0.0,0.0,0.0,0.0,0.0,0.0,0,11
2024-25,35,739,Fabian Hürzeler,AM,Brighton,5,15,1,2025-05-04T13:00:00Z,0,9,0,0,0,0,0,0,0.0,0.0,0.0,0.0,0.0,0.0,0.0,0.0,0,11
2024-25,35,740,Enzo Maresca,AM,Chelsea,6,12,1,2025-05-04T15:30:00Z,0,9,0,0,0,0,0,0,0.0,0.0,0.0,0.0,0.0,0.0,0.0,0.0,0,15
2024-25,35,741,Oliver Glasner,AM,Crystal Palace,7,16,1,2025-05-05T19:00:00Z,0,9,0,0,0,0,0,0,0.0,0.0,0.0,0.0,0.0,0.0,0.0,0.0,0,8
2024-25,35,742,David Moyes,AM,Everton,8,10,1,2025-05-03T14:00:00Z,0,5,0,0,0,0,0,0,0.0,0.0,0.0,0.0,0.0,0.0,0.0,0.0,0,5
2024-25,35,743,Kieran McKenna,AM,Ipswich,10,8,0,2025-05-03T14:00:00Z,0,5,0,0,0,0,0,0,0.0,0.0,0.0,0.0,0.0,0.0,0.0,0.0,0,5
2024-25,35,744,Arne Slot,AM,Liverpool,12,6,0,2025-05-04T15:30:00Z,0,1,0,0,0,0,0,0,0.0,0.0,0.0,0.0,0.0,0.0,0.0,0.0,0,15
2024-25,35,745,Ruben Filipe Marques Diogo Amorim,AM,Man Utd,14,4,0,2025-05-04T13:00:00Z,0,3,0,0,0,0,0,0,0.0,0.0,0.0,0.0,0.0,0.0,0.0,0.0,0,8
2024-25,35,746,Eddie Howe,AM,Newcastle,15,5,0,2025-05-04T13:00:00Z,0,4,0,0,0,0,0,0,0.0,0.0,0.0,0.0,0.0,0.0,0.0,0.0,0,15
2024-25,35,747,Nuno Herlander Simões Espírito Santo,AM,Nott'm Forest,16,7,0,2025-05-05T19:00:00Z,0,4,0,0,0,0,0,0,0.0,0.0,0.0,0.0,0.0,0.0,0.0,0.0,0,11
2024-25,35,748,Simon Rusk,AM,Southampton,17,11,0,2025-05-03T14:00:00Z,0,0,0,0,0,0,0,0,0.0,0.0,0.0,0.0,0.0,0.0,0.0,0.0,0,5
2024-25,35,749,Ange Postecoglou,AM,Spurs,18,19,0,2025-05-04T13:00:00Z,0,4,0,0,0,0,0,0,0.0,0.0,0.0,0.0,0.0,0.0,0.0,0.0,0,11
2024-25,35,750,Graham Potter,AM,West Ham,19,18,1,2025-05-04T13:00:00Z,0,4,0,0,0,0,0,0,0.0,0.0,0.0,0.0,0.0,0.0,0.0,0.0,0,5
2024-25,35,751,Vítor Manuel de Oliveira Lopes Pereira,AM,Wolves,20,13,0,2025-05-02T19:00:00Z,0,0,0,0,0,0,0,0,0.0,0.0,0.0,0.0,0.0,0.0,0.0,0.0,0,8
2024-25,35,752,Thomas Frank,AM,Brentford,4,14,1,2025-05-04T13:00:00Z,0,10,0,0,0,0,0,0,0.0,0.0,0.0,0.0,0.0,0.0,0.0,0.0,0,8
2024-25,35,753,Marco Alexandre Saraiva da Silva,AM,Fulham,9,2,0,2025-05-03T11:30:00Z,0,0,0,0,0,0,0,0,0.0,0.0,0.0,0.0,0.0,0.0,0.0,0.0,0,11
2024-25,35,754,Ruud van Nistelrooij,AM,Leicester,11,17,1,2025-05-03T14:00:00Z,0,10,0,0,0,0,0,0,0.0,0.0,0.0,0.0,0.0,0.0,0.0,0.0,0,5
2024-25,35,755,Omar Marmoush,FWD,Man City,13,20,1,2025-05-02T19:00:00Z,82,2,0,0,1,0,0,4,0.0,2.3,12.0,1.2,0.12,0.03,0.15,0.4,1,76
2024-25,35,756,Jack Porter,GK,Arsenal,1,3,1,2025-05-03T16:30:00Z,0,0,0,0,0,0,0,0,0.0,0.0,0.0,0.0,0.0,0.0,0.0,0.0,0,40
2024-25,35,757,Michael Kayode,DEF,Brentford,4,14,1,2025-05-04T13:00:00Z,80,5,0,1,0,1,0,27,34.8,23.7,6.0,6.5,0.0,0.29,0.29,1.3,1,45
2024-25,35,758,Joe Knight,MID,Brighton,5,15,1,2025-05-04T13:00:00Z,0,0,0,0,0,0,0,0,0.0,0.0,0.0,0.0,0.0,0.0,0.0,0.0,0,45
2024-25,35,759,Julian Eyestone,GK,Brentford,4,14,1,2025-05-04T13:00:00Z,0,0,0,0,0,0,0,0,0.0,0.0,0.0,0.0,0.0,0.0,0.0,0.0,0,40
2024-25,35,760,Dante Cassanova,DEF,Spurs,18,19,0,2025-05-04T13:00:00Z,0,0,0,0,0,0,0,0,0.0,0.0,0.0,0.0,0.0,0.0,0.0,0.0,0,40
2024-25,35,761,Elyh Harrison,GK,Man Utd,14,4,0,2025-05-04T13:00:00Z,0,0,0,0,0,0,0,0,0.0,0.0,0.0,0.0,0.0,0.0,0.0,0.0,0,40
2024-25,35,762,Marco Asensio,MID,Aston Villa,2,9,1,2025-05-03T11:30:00Z,59,1,0,0,0,0,0,5,3.6,15.5,4.0,2.3,0.0,0.11,0.11,0.62,1,62
2024-25,35,763,Eiran Cashin,DEF,Brighton,5,15,1,2025-05-04T13:00:00Z,0,0,0,0,0,0,0,0,0.0,0.0,0.0,0.0,0.0,0.0,0.0,0.0,0,45
2024-25,35,764,Alex Palmer,GK,Ipswich,10,8,0,2025-05-03T14:00:00Z,90,1,0,0,0,2,0,9,13.2,0.0,0.0,1.3,0.0,0.0,0.0,0.55,1,45
2024-25,35,765,Nico González,MID,Man City,13,20,1,2025-05-02T19:00:00Z,1,1,0,0,0,0,0,4,3.0,0.0,0.0,0.3,0.0,0.0,0.0,0.0,0,60
2024-25,35,766,Patrick Dorgu,DEF,Man Utd,14,4,0,2025-05-04T13:00:00Z,45,0,0,0,0,2,0,-5,1.8,1.0,0.0,0.3,0.0,0.01,0.01,1.04,1,45
2024-25,35,767,Kevin Danso,DEF,Spurs,18,19,0,2025-05-04T13:00:00Z,90,2,0,0,0,1,0,13,24.2,0.3,0.0,2.5,0.0,0.0,0.0,0.84,1,44
2024-25,35,768,Mathys Tel,MID,Spurs,18,19,0,2025-05-04T13:00:00Z,90,4,0,1,0,1,0,9,21.4,16.3,20.0,5.8,0.1,0.28,0.38,0.84,1,58
2024-25,35,769,Nasser Djiga,DEF,Wolves,20,13,0,2025-05-02T19:00:00Z,0,0,0,0,0,0,0,0,0.0,0.0,0.0,0.0,0.0,0.0,0.0,0.0,0,45
2024-25,35,770,Marshall Munetsi,MID,Wolves,20,13,0,2025-05-02T19:00:00Z,90,2,0,0,0,1,0,1,8.0,5.7,0.0,1.4,0.0,0.02,0.02,0.71,1,50
2024-25,35,771,Mathis Amougou,MID,Chelsea,6,12,1,2025-05-04T15:30:00Z,0,0,0,0,0,0,0,0,0.0,0.0,0.0,0.0,0.0,0.0,0.0,0.0,0,45
2024-25,35,772,Willian Borges da Silva,MID,Fulham,9,2,0,2025-05-03T11:30:00Z,14,1,0,0,0,0,0,4,3.8,5.4,0.0,0.9,0.0,0.01,0.01,0.5,0,50
2024-25,35,773,Isaac Heath,MID,Everton,8,10,1,2025-05-03T14:00:00Z,0,0,0,0,0,0,0,0,0.0,0.0,0.0,0.0,0.0,0.0,0.0,0.0,0,45
2024-25,35,774,Aaron Anselmino,DEF,Chelsea,6,12,1,2025-05-04T15:30:00Z,0,0,0,0,0,0,0,0,0.0,0.0,0.0,0.0,0.0,0.0,0.0,0.0,0,40
2024-25,35,775,Coby Ebere,MID,Everton,8,10,1,2025-05-03T14:00:00Z,0,0,0,0,0,0,0,0,0.0,0.0,0.0,0.0,0.0,0.0,0.0,0.0,0,45
2024-25,35,776,Chido Obi-Martin,FWD,Man Utd,14,4,0,2025-05-04T13:00:00Z,90,2,0,0,0,4,0,4,0.0,0.8,14.0,1.3,0.34,0.0,0.34,2.8,1,45
2024-25,35,777,Tyler Fredricson,DEF,Man Utd,14,4,0,2025-05-04T13:00:00Z,76,0,0,0,0,4,0,1,15.8,1.4,0.0,1.7,0.0,0.0,0.0,2.69,1,40
2024-25,35,778,Jack Moorhouse,MID,Man Utd,14,4,0,2025-05-04T13:00:00Z,0,0,0,0,0,0,0,0,0.0,0.0,0.0,0.0,0.0,0.0,0.0,0.0,0,45
2024-25,35,779,Sékou Koné,MID,Man Utd,14,4,0,2025-05-04T13:00:00Z,0,0,0,0,0,0,0,0,0.0,0.0,0.0,0.0,0.0,0.0,0.0,0.0,0,45
2024-25,35,780,Iwan Morgan,FWD,Brentford,4,14,1,2025-05-04T13:00:00Z,0,0,0,0,0,0,0,0,0.0,0.0,0.0,0.0,0.0,0.0,0.0,0.0,0,45
2024-25,35,781,Shumaira Mheuka,FWD,Chelsea,6,12,1,2025-05-04T15:30:00Z,0,0,0,0,0,0,0,0,0.0,0.0,0.0,0.0,0.0,0.0,0.0,0.0,0,45
2024-25,35,782,Ishé Samuels-Smith,DEF,Chelsea,6,12,1,2025-05-04T15:30:00Z,0,0,0,0,0,0,0,0,0.0,0.0,0.0,0.0,0.0,0.0,0.0,0.0,0,40
2024-25,35,783,Hubert Graczyk,GK,Man Utd,14,4,0,2025-05-04T13:00:00Z,0,0,0,0,0,0,0,0,0.0,0.0,0.0,0.0,0.0,0.0,0.0,0.0,0,40
2024-25,35,784,Mateus Mané,FWD,Wolves,20,13,0,2025-05-02T19:00:00Z,0,0,0,0,0,0,0,0,0.0,0.0,0.0,0.0,0.0,0.0,0.0,0.0,0,45
2024-25,35,785,Claudio Echeverri,MID,Man City,13,20,1,2025-05-02T19:00:00Z,0,0,0,0,0,0,0,0,0.0,0.0,0.0,0.0,0.0,0.0,0.0,0.0,0,58
2024-25,35,786,Benjamin Fredrick,DEF,Brentford,4,14,1,2025-05-04T13:00:00Z,0,0,0,0,0,0,0,0,0.0,0.0,0.0,0.0,0.0,0.0,0.0,0.0,0,40
2024-25,35,787,Genesis Antwi,DEF,Chelsea,6,12,1,2025-05-04T15:30:00Z,0,0,0,0,0,0,0,0,0.0,0.0,0.0,0.0,0.0,0.0,0.0,0.0,0,40
2024-25,35,788,Dermot Mee,GK,Man Utd,14,4,0,2025-05-04T13:00:00Z,0,0,0,0,0,0,0,0,0.0,0.0,0.0,0.0,0.0,0.0,0.0,0.0,0,40
2024-25,35,789,Sean Neave,FWD,Newcastle,15,5,0,2025-05-04T13:00:00Z,0,0,0,0,0,0,0,0,0.0,0.0,0.0,0.0,0.0,0.0,0.0,0.0,0,45
2024-25,35,790,Jimi Gower,MID,Arsenal,1,3,1,2025-05-03T16:30:00Z,0,0,0,0,0,0,0,0,0.0,0.0,0.0,0.0,0.0,0.0,0.0,0.0,0,45
2024-25,35,791,Charlie Tasker,DEF,Brighton,5,15,1,2025-05-04T13:00:00Z,0,0,0,0,0,0,0,0,0.0,0.0,0.0,0.0,0.0,0.0,0.0,0.0,0,40
2024-25,35,792,Jeremy Monga,MID,Leicester,11,17,1,2025-05-03T14:00:00Z,20,1,0,0,0,0,0,8,9.2,0.8,2.0,1.2,0.0,0.0,0.0,0.04,0,45
2024-25,35,793,Jack Henry-Francis,MID,Arsenal,1,3,1,2025-05-03T16:30:00Z,0,0,0,0,0,0,0,0,0.0,0.0,0.0,0.0,0.0,0.0,0.0,0.0,0,45
2024-25,35,794,Freddie Simmonds,DEF,Brighton,5,15,1,2025-05-04T13:00:00Z,0,0,0,0,0,0,0,0,0.0,0.0,0.0,0.0,0.0,0.0,0.0,0.0,0,40
2024-25,35,795,Harry Howell,MID,Brighton,5,15,1,2025-05-04T13:00:00Z,0,0,0,0,0,0,0,0,0.0,0.0,0.0,0.0,0.0,0.0,0.0,0.0,0,45
2024-25,35,796,Olabade Aluko,DEF,Leicester,11,17,1,2025-05-03T14:00:00Z,0,0,0,0,0,0,0,0,0.0,0.0,0.0,0.0,0.0,0.0,0.0,0.0,0,40
2024-25,35,797,Jake Evans,MID,Leicester,11,17,1,2025-05-03T14:00:00Z,6,1,0,0,0,0,0,3,1.0,0.1,0.0,0.1,0.0,0.0,0.0,0.03,0,45
2024-25,35,798,Jay Robinson,FWD,Southampton,17,11,0,2025-05-03T14:00:00Z,33,1,0,0,0,0,0,6,4.0,10.8,2.0,1.7,0.0,0.0,0.0,0.44,0,45
2024-25,35,799,Somto Boniface,DEF,Ipswich,10,8,0,2025-05-03T14:00:00Z,0,0,0,0,0,0,0,0,0.0,0.0,0.0,0.0,0.0,0.0,0.0,0.0,0,40
2024-25,35,800,Tom Taylor,MID,Ipswich,10,8,0,2025-05-03T14:00:00Z,0,0,0,0,0,0,0,0,0.0,0.0,0.0,0.0,0.0,0.0,0.0,0.0,0,45
2024-25,35,801,Brayden Clarke,DEF,Arsenal,1,3,1,2025-05-03T16:30:00Z,0,0,0,0,0,0,0,0,0.0,0.0,0.0,0.0,0.0,0.0,0.0,0.0,0,40
