season,gw,fixture,element,name,position,team,team_id,opponent_team,was_home,kickoff_time,minutes,total_points,goals_scored,assists,clean_sheets,goals_conceded,bonus,bps,influence,creativity,threat,ict_index,expected_goals,expected_assists,expected_goal_involvements,expected_goals_conceded,starts,value
2024-25,36,354,1,Fábio Ferreira Vieira,MID,Arsenal,1,12,0,2025-05-11T15:30:00Z,0,0,0,0,0,0,0,0,0.0,0.0,0.0,0.0,0.0,0.0,0.0,0.0,0,54
2024-25,36,354,2,Gabriel Fernando de Jesus,FWD,Arsenal,1,12,0,2025-05-11T15:30:00Z,0,0,0,0,0,0,0,0,0.0,0.0,0.0,0.0,0.0,0.0,0.0,0.0,0,65
2024-25,36,354,3,Gabriel dos Santos Magalhães,DEF,Arsenal,1,12,0,2025-05-11T15:30:00Z,0,0,0,0,0,0,0,0,0.0,0.0,0.0,0.0,0.0,0.0,0.0,0.0,0,62
2024-25,36,354,4,Kai Havertz,FWD,Arsenal,1,12,0,2025-05-11T15:30:00Z,0,0,0,0,0,0,0,0,0.0,0.0,0.0,0.0,0.0,0.0,0.0,0.0,0,77
2024-25,36,354,5,Karl Hein,GK,Arsenal,1,12,0,2025-05-11T15:30:00Z,0,0,0,0,0,0,0,0,0.0,0.0,0.0,0.0,0.0,0.0,0.0,0.0,0,40
2024-25,36,354,6,Jurriën Timber,DEF,Arsenal,1,12,0,2025-05-11T15:30:00Z,0,0,0,0,0,0,0,0,0.0,0.0,0.0,0.0,0.0,0.0,0.0,0.0,0,56
2024-25,36,354,7,Jorge Luiz Frello Filho,MID,Arsenal,1,12,0,2025-05-11T15:30:00Z,0,0,0,0,0,0,0,0,0.0,0.0,0.0,0.0,0.0,0.0,0.0,0.0,0,46
2024-25,36,354,8,Jakub Kiwior,DEF,Arsenal,1,12,0,2025-05-11T15:30:00Z,90,1,0,0,0,2,0,7,14.4,1.2,0.0,1.6,0.0,0.01,0.01,2.56,1,48
2024-25,36,354,9,Gabriel Martinelli Silva,MID,Arsenal,1,12,0,2025-05-11T15:30:00Z,90,7,1,0,0,2,0,27,37.6,2.6,40.0,8.0,0.4,0.03,0.43,2.56,1,65
2024-25,36,352,10,Reiss Nelson,MID,Fulham,9,8,1,2025-05-10T14:00:00Z,0,0,0,0,0,0,0,0,0.0,0.0,0.0,0.0,0.0,0.0,0.0,0.0,0,50
2024-25,36,359,11,Eddie Nketiah,FWD,Crystal Palace,7,18,0,2025-05-11T13:15:00Z,30,1,0,0,0,0,0,-2,1.0,0.1,26.0,2.7,0.28,0.0,0.28,0.16,0,59
2024-25,36,354,12,Ethan Nwaneri,MID,Arsenal,1,12,0,2025-05-11T15:30:00Z,0,0,0,0,0,0,0,0,0.0,0.0,0.0,0.0,0.0,0.0,0.0,0.0,0,44
2024-25,36,354,13,Martin Ødegaard,MID,Arsenal,1,12,0,2025-05-11T15:30:00Z,90,5,0,1,0,2,0,26,11.8,39.5,23.0,7.4,0.16,0.16,0.32,2.56,1,82
2024-25,36,358,14,Aaron Ramsdale,GK,Southampton,17,13,1,2025-05-10T14:00:00Z,90,10,0,0,1,0,3,31,31.8,0.0,0.0,3.2,0.0,0.0,0.0,1.82,1,44
2024-25,36,354,15,David Raya Martin,GK,Arsenal,1,12,0,2025-05-11T15:30:00Z,90,2,0,0,0,2,0,7,25.8,0.0,0.0,2.6,0.0,0.0,0.0,2.56,1,56
2024-25,36,354,16,Declan Rice,MID,Arsenal,1,12,0,2025-05-11T15:30:00Z,0,0,0,0,0,0,0,0,0.0,0.0,0.0,0.0,0.0,0.0,0.0,0.0,0,62
2024-25,36,354,17,Bukayo Saka,MID,Arsenal,1,12,0,2025-05-11T15:30:00Z,87,2,0,0,0,2,0,9,11.4,49.2,28.0,8.9,0.38,0.18,0.56,2.34,1,103
2024-25,36,354,18,William Saliba,DEF,Arsenal,1,12,0,2025-05-11T15:30:00Z,90,1,0,0,0,2,0,6,16.2,1.2,0.0,1.7,0.0,0.01,0.01,2.56,1,65
2024-25,36,352,19,Emile Smith Rowe,MID,Fulham,9,8,1,2025-05-10T14:00:00Z,62,5,0,1,0,1,0,28,23.0,41.9,4.0,6.9,0.0,0.19,0.19,0.82,1,51
2024-25,36,354,20,Thomas Partey,MID,Arsenal,1,12,0,2025-05-11T15:30:00Z,90,2,0,0,0,2,0,14,14.8,15.3,4.0,3.4,0.0,0.23,0.23,2.56,1,49
2024-25,36,354,21,Kieran Tierney,DEF,Arsenal,1,12,0,2025-05-11T15:30:00Z,12,1,0,0,0,0,0,5,2.0,0.0,0.0,0.2,0.0,0.0,0.0,0.37,0,43
2024-25,36,354,22,Tomiyasu Takehiro,DEF,Arsenal,1,12,0,2025-05-11T15:30:00Z,0,0,0,0,0,0,0,0,0.0,0.0,0.0,0.0,0.0,0.0,0.0,0.0,0,48
2024-25,36,354,23,Leandro Trossard,MID,Arsenal,1,12,0,2025-05-11T15:30:00Z,77,7,0,1,0,2,2,31,27.0,29.8,25.0,8.2,0.3,0.37,0.67,2.19,1,68
2024-25,36,354,24,Benjamin White,DEF,Arsenal,1,12,0,2025-05-11T15:30:00Z,77,1,0,0,0,2,0,9,19.8,16.3,19.0,5.5,0.04,0.01,0.05,2.19,1,61
2024-25,36,354,25,Oleksandr Zinchenko,DEF,Arsenal,1,12,0,2025-05-11T15:30:00Z,2,1,0,0,0,0,0,3,5.2,0.0,0.0,0.5,0.0,0.0,0.0,0.22,0,48
2024-25,36,357,26,Álex Moreno Lopera,DEF,Nott'm Forest,16,11,1,2025-05-11T13:15:00Z,0,0,0,0,0,0,0,0,0.0,0.0,0.0,0.0,0.0,0.0,0.0,0.0,0,42
2024-25,36,358,27,Cameron Archer,FWD,Southampton,17,13,1,2025-05-10T14:00:00Z,25,1,0,0,0,0,0,2,3.0,10.5,2.0,1.6,0.0,0.11,0.11,0.72,0,48
2024-25,36,351,28,Leon Bailey,MID,Aston Villa,2,3,0,2025-05-10T16:30:00Z,0,0,0,0,0,0,0,0,0.0,0.0,0.0,0.0,0.0,0.0,0.0,0.0,0,62
2024-25,36,351,29,Ross Barkley,MID,Aston Villa,2,3,0,2025-05-10T16:30:00Z,0,0,0,0,0,0,0,0,0.0,0.0,0.0,0.0,0.0,0.0,0.0,0.0,0,52
2024-25,36,351,30,Enzo Barrenechea,MID,Aston Villa,2,3,0,2025-05-10T16:30:00Z,0,0,0,0,0,0,0,0,0.0,0.0,0.0,0.0,0.0,0.0,0.0,0.0,0,49
2024-25,36,351,31,Emiliano Buendía Stati,MID,Aston Villa,2,3,0,2025-05-10T16:30:00Z,0,0,0,0,0,0,0,0,0.0,0.0,0.0,0.0,0.0,0.0,0.0,0.0,0,51
2024-25,36,351,32,Matty Cash,DEF,Aston Villa,2,3,0,2025-05-10T16:30:00Z,90,6,0,0,1,0,0,26,20.2,0.6,17.0,3.8,0.04,0.0,0.04,0.8,1,44
2024-25,36,351,33,Leander Dendoncker,MID,Aston Villa,2,3,0,2025-05-10T16:30:00Z,0,0,0,0,0,0,0,0,0.0,0.0,0.0,0.0,0.0,0.0,0.0,0.0,0,45
2024-25,36,351,34,Moussa Diaby,MID,Aston Villa,2,3,0,2025-05-10T16:30:00Z,0,0,0,0,0,0,0,0,0.0,0.0,0.0,0.0,0.0,0.0,0.0,0.0,0,65
2024-25,36,351,35,Diego Carlos Santos Silva,DEF,Aston Villa,2,3,0,2025-05-10T16:30:00Z,0,0,0,0,0,0,0,0,0.0,0.0,0.0,0.0,0.0,0.0,0.0,0.0,0,45
2024-25,36,351,36,Lucas Digne,DEF,Aston Villa,2,3,0,2025-05-10T16:30:00Z,90,7,0,0,1,0,1,27,16.0,15.2,0.0,3.1,0.0,0.13,0.13,0.8,1,44
2024-25,36,351,37,Lewis Dobbin,MID,Aston Villa,2,3,0,2025-05-10T16:30:00Z,0,0,0,0,0,0,0,0,0.0,0.0,0.0,0.0,0.0,0.0,0.0,0.0,0,50
2024-25,36,351,38,Jhon Durán,FWD,Aston Villa,2,3,0,2025-05-10T16:30:00Z,0,0,0,0,0,0,0,0,0.0,0.0,0.0,0.0,0.0,0.0,0.0,0.0,0,57
2024-25,36,351,39,Joe Gauci,GK,Aston Villa,2,3,0,2025-05-10T16:30:00Z,0,0,0,0,0,0,0,0,0.0,0.0,0.0,0.0,0.0,0.0,0.0,0.0,0,40
2024-25,36,351,40,Kortney Hause,DEF,Aston Villa,2,3,0,2025-05-10T16:30:00Z,0,0,0,0,0,0,0,0,0.0,0.0,0.0,0.0,0.0,0.0,0.0,0.0,0,39
2024-25,36,351,41,Samuel Iling-Junior,MID,Aston Villa,2,3,0,2025-05-10T16:30:00Z,0,0,0,0,0,0,0,0,0.0,0.0,0.0,0.0,0.0,0.0,0.0,0.0,0,54
2024-25,36,351,42,Boubacar Kamara,MID,Aston Villa,2,3,0,2025-05-10T16:30:00Z,90,3,0,0,1,0,0,2,5.0,1.3,18.0,2.4,0.41,0.01,0.42,0.8,1,50
2024-25,36,351,43,Kaine Kesler-Hayden,DEF,Aston Villa,2,3,0,2025-05-10T16:30:00Z,0,0,0,0,0,0,0,0,0.0,0.0,0.0,0.0,0.0,0.0,0.0,0.0,0,40
2024-25,36,351,44,Ezri Konsa Ngoyo,DEF,Aston Villa,2,3,0,2025-05-10T16:30:00Z,90,5,0,0,1,0,0,21,9.8,0.2,0.0,1.0,0.0,0.0,0.0,0.8,1,44
2024-25,36,351,45,Ian Maatsen,DEF,Aston Villa,2,3,0,2025-05-10T16:30:00Z,1,1,0,0,0,0,0,3,1.0,0.0,0.0,0.1,0.0,0.0,0.0,0.55,0,45
2024-25,36,351,46,Filip Marschall,GK,Aston Villa,2,3,0,2025-05-10T16:30:00Z,0,0,0,0,0,0,0,0,0.0,0.0,0.0,0.0,0.0,0.0,0.0,0.0,0,40
2024-25,36,351,47,Emiliano Martínez Romero,GK,Aston Villa,2,3,0,2025-05-10T16:30:00Z,90,8,0,0,1,0,2,28,34.6,0.0,0.0,3.5,0.0,0.01,0.01,0.8,1,50
2024-25,36,351,48,John McGinn,MID,Aston Villa,2,3,0,2025-05-10T16:30:00Z,20,1,0,0,0,0,0,1,1.6,0.3,0.0,0.2,0.0,0.01,0.01,0.72,0,52
2024-25,36,351,49,Tyrone Mings,DEF,Aston Villa,2,3,0,2025-05-10T16:30:00Z,69,6,0,0,1,0,0,22,5.8,0.7,4.0,1.1,0.0,0.03,0.03,0.08,1,44
2024-25,36,351,50,Kosta Nedeljković,DEF,Aston Villa,2,3,0,2025-05-10T16:30:00Z,0,0,0,0,0,0,0,0,0.0,0.0,0.0,0.0,0.0,0.0,0.0,0.0,0,39
2024-25,36,351,51,Robin Olsen,GK,Aston Villa,2,3,0,2025-05-10T16:30:00Z,0,0,0,0,0,0,0,0,0.0,0.0,0.0,0.0,0.0,0.0,0.0,0.0,0,45
2024-25,36,351,52,Pau Torres,DEF,Aston Villa,2,3,0,2025-05-10T16:30:00Z,20,1,0,0,0,0,0,3,2.0,0.0,0.0,0.2,0.0,0.0,0.0,0.72,0,42
2024-25,36,351,53,Jacob Ramsey,MID,Aston Villa,2,3,0,2025-05-10T16:30:00Z,79,0,0,0,1,0,0,-1,2.0,11.8,12.0,2.6,0.11,0.01,0.12,0.08,1,54
2024-25,36,351,54,Morgan Rogers,MID,Aston Villa,2,3,0,2025-05-10T16:30:00Z,88,6,0,1,1,0,0,20,27.2,14.5,2.0,4.4,0.0,0.28,0.28,0.26,1,57
2024-25,36,351,55,Viljami Sinisalo,GK,Aston Villa,2,3,0,2025-05-10T16:30:00Z,0,0,0,0,0,0,0,0,0.0,0.0,0.0,0.0,0.0,0.0,0.0,0.0,0,40
2024-25,36,351,56,Lino da Cruz Sousa,DEF,Aston Villa,2,3,0,2025-05-10T16:30:00Z,0,0,0,0,0,0,0,0,0.0,0.0,0.0,0.0,0.0,0.0,0.0,0.0,0,40
2024-25,36,351,57,Youri Tielemans,MID,Aston Villa,2,3,0,2025-05-10T16:30:00Z,0,0,0,0,0,0,0,0,0.0,0.0,0.0,0.0,0.0,0.0,0.0,0.0,0,55
2024-25,36,351,58,Ollie Watkins,FWD,Aston Villa,2,3,0,2025-05-10T16:30:00Z,90,9,1,0,1,0,3,34,34.6,1.7,37.0,7.3,0.36,0.02,0.38,0.8,1,89
2024-25,36,351,59,Max Aarons,DEF,Bournemouth,3,2,1,2025-05-10T16:30:00Z,0,0,0,0,0,0,0,0,0.0,0.0,0.0,0.0,0.0,0.0,0.0,0.0,0,43
2024-25,36,351,60,Tyler Adams,MID,Bournemouth,3,2,1,2025-05-10T16:30:00Z,75,2,0,0,0,1,0,15,14.4,15.2,0.0,3.0,0.0,0.02,0.02,0.98,1,49
2024-25,36,351,61,Jaidon Anthony,MID,Bournemouth,3,2,1,2025-05-10T16:30:00Z,0,0,0,0,0,0,0,0,0.0,0.0,0.0,0.0,0.0,0.0,0.0,0.0,0,45
2024-25,36,351,62,David Brooks,MID,Bournemouth,3,2,1,2025-05-10T16:30:00Z,20,1,0,0,0,0,0,8,10.8,30.5,4.0,4.5,0.0,0.14,0.14,0.0,0,49
2024-25,36,351,63,Ryan Christie,MID,Bournemouth,3,2,1,2025-05-10T16:30:00Z,0,0,0,0,0,0,0,0,0.0,0.0,0.0,0.0,0.0,0.0,0.0,0.0,0,49
2024-25,36,351,64,Lewis Cook,MID,Bournemouth,3,2,1,2025-05-10T16:30:00Z,90,2,0,0,0,1,0,10,6.2,3.0,2.0,1.1,0.0,0.03,0.03,0.98,1,50
2024-25,36,351,65,Enes Ünal,FWD,Bournemouth,3,2,1,2025-05-10T16:30:00Z,0,0,0,0,0,0,0,0,0.0,0.0,0.0,0.0,0.0,0.0,0.0,0.0,0,54
2024-25,36,351,66,Romain Faivre,MID,Bournemouth,3,2,1,2025-05-10T16:30:00Z,0,0,0,0,0,0,0,0,0.0,0.0,0.0,0.0,0.0,0.0,0.0,0.0,0,50
2024-25,36,351,67,Hamed Traorè,MID,Bournemouth,3,2,1,2025-05-10T16:30:00Z,0,0,0,0,0,0,0,0,0.0,0.0,0.0,0.0,0.0,0.0,0.0,0.0,0,45
2024-25,36,351,68,James Hill,DEF,Bournemouth,3,2,1,2025-05-10T16:30:00Z,0,0,0,0,0,0,0,0,0.0,0.0,0.0,0.0,0.0,0.0,0.0,0.0,0,39
2024-25,36,351,69,Daniel Jebbison,FWD,Bournemouth,3,2,1,2025-05-10T16:30:00Z,2,1,0,0,0,0,0,-1,0.0,0.0,7.0,0.5,0.46,0.0,0.46,0.0,0,45
2024-25,36,351,70,Milos Kerkez,DEF,Bournemouth,3,2,1,2025-05-10T16:30:00Z,87,2,0,0,0,1,0,11,13.4,22.8,11.0,4.7,0.03,0.03,0.06,0.98,1,53
2024-25,36,351,71,Justin Kluivert,MID,Bournemouth,3,2,1,2025-05-10T16:30:00Z,45,1,0,0,0,0,0,6,2.2,6.9,14.0,2.3,0.0,0.03,0.03,0.06,0,60
2024-25,36,351,72,Chris Mepham,DEF,Bournemouth,3,2,1,2025-05-10T16:30:00Z,0,0,0,0,0,0,0,0,0.0,0.0,0.0,0.0,0.0,0.0,0.0,0.0,0,44
2024-25,36,354,73,Norberto Murara Neto,GK,Arsenal,1,12,0,2025-05-11T15:30:00Z,0,0,0,0,0,0,0,0,0.0,0.0,0.0,0.0,0.0,0.0,0.0,0.0,0,41
2024-25,36,351,74,Dango Ouattara,MID,Bournemouth,3,2,1,2025-05-10T16:30:00Z,0,0,0,0,0,0,0,0,0.0,0.0,0.0,0.0,0.0,0.0,0.0,0.0,0,46
2024-25,36,351,75,Alex Paulsen,GK,Bournemouth,3,2,1,2025-05-10T16:30:00Z,0,0,0,0,0,0,0,0,0.0,0.0,0.0,0.0,0.0,0.0,0.0,0.0,0,40
2024-25,36,351,76,Philip Billing,MID,Bournemouth,3,2,1,2025-05-10T16:30:00Z,0,0,0,0,0,0,0,0,0.0,0.0,0.0,0.0,0.0,0.0,0.0,0.0,0,48
2024-25,36,351,77,Alex Scott,MID,Bournemouth,3,2,1,2025-05-10T16:30:00Z,45,0,0,0,0,1,0,1,4.6,17.5,2.0,2.4,0.03,0.11,0.14,0.92,1,47
2024-25,36,351,78,Antoine Semenyo,MID,Bournemouth,3,2,1,2025-05-10T16:30:00Z,90,2,0,0,0,1,0,5,5.8,19.5,41.0,6.6,0.13,0.07,0.2,0.98,1,57
2024-25,36,351,79,Marcos Senesi,DEF,Bournemouth,3,2,1,2025-05-10T16:30:00Z,14,1,0,0,0,0,0,2,2.8,0.4,4.0,0.7,0.03,0.0,0.03,0.0,0,46
2024-25,36,351,80,Luis Sinisterra,MID,Bournemouth,3,2,1,2025-05-10T16:30:00Z,0,0,0,0,0,0,0,0,0.0,0.0,0.0,0.0,0.0,0.0,0.0,0.0,0,48
2024-25,36,351,81,Adam Smith,DEF,Bournemouth,3,2,1,2025-05-10T16:30:00Z,69,1,0,0,0,1,0,-4,0.2,1.8,0.0,0.2,0.0,0.01,0.01,0.98,1,44
2024-25,36,359,82,Dominic Solanke-Mitchell,FWD,Spurs,18,7,1,2025-05-11T13:15:00Z,0,0,0,0,0,0,0,0,0.0,0.0,0.0,0.0,0.0,0.0,0.0,0.0,0,73
2024-25,36,351,83,Marcus Tavernier,MID,Bournemouth,3,2,1,2025-05-10T16:30:00Z,90,2,0,0,0,1,0,17,9.0,20.6,4.0,3.4,0.01,0.09,0.1,0.98,1,54
2024-25,36,351,84,Mark Travers,GK,Bournemouth,3,2,1,2025-05-10T16:30:00Z,0,0,0,0,0,0,0,0,0.0,0.0,0.0,0.0,0.0,0.0,0.0,0.0,0,44
2024-25,36,351,85,Illia Zabarnyi,DEF,Bournemouth,3,2,1,2025-05-10T16:30:00Z,87,1,0,0,0,1,0,12,23.6,1.1,17.0,4.2,0.03,0.05,0.08,0.98,1,44
2024-25,36,353,86,Kristoffer Ajer,DEF,Brentford,4,10,0,2025-05-10T14:00:00Z,0,0,0,0,0,0,0,0,0.0,0.0,0.0,0.0,0.0,0.0,0.0,0.0,0,44
2024-25,36,353,87,Ethan Brierley,MID,Brentford,4,10,0,2025-05-10T14:00:00Z,0,0,0,0,0,0,0,0,0.0,0.0,0.0,0.0,0.0,0.0,0.0,0.0,0,44
2024-25,36,353,88,Nathan Collins,DEF,Brentford,4,10,0,2025-05-10T14:00:00Z,90,8,0,0,1,0,2,27,17.0,1.4,2.0,2.0,0.0,0.01,0.01,0.93,1,46
2024-25,36,353,89,Mikkel Damsgaard,MID,Brentford,4,10,0,2025-05-10T14:00:00Z,84,3,0,0,1,0,0,10,7.6,23.3,8.0,3.9,0.12,0.05,0.17,0.4,1,49
2024-25,36,353,90,Josh Dasilva,MID,Brentford,4,10,0,2025-05-10T14:00:00Z,0,0,0,0,0,0,0,0,0.0,0.0,0.0,0.0,0.0,0.0,0.0,0.0,0,48
2024-25,36,353,91,Mark Flekken,GK,Brentford,4,10,0,2025-05-10T14:00:00Z,90,9,0,0,1,0,2,27,35.6,0.0,0.0,3.6,0.0,0.0,0.0,0.93,1,44
2024-25,36,353,92,Rico Henry,DEF,Brentford,4,10,0,2025-05-10T14:00:00Z,0,0,0,0,0,0,0,0,0.0,0.0,0.0,0.0,0.0,0.0,0.0,0.0,0,43
2024-25,36,353,93,Aaron Hickey,DEF,Brentford,4,10,0,2025-05-10T14:00:00Z,0,0,0,0,0,0,0,0,0.0,0.0,0.0,0.0,0.0,0.0,0.0,0.0,0,43
2024-25,36,353,94,Vitaly Janelt,MID,Brentford,4,10,0,2025-05-10T14:00:00Z,0,0,0,0,0,0,0,0,0.0,0.0,0.0,0.0,0.0,0.0,0.0,0.0,0,48
2024-25,36,353,95,Mathias Jensen,MID,Brentford,4,10,0,2025-05-10T14:00:00Z,18,1,0,0,0,0,0,4,2.2,0.0,0.0,0.2,0.0,0.0,0.0,0.84,0,53
2024-25,36,353,96,Kim Ji-soo,DEF,Brentford,4,10,0,2025-05-10T14:00:00Z,0,0,0,0,0,0,0,0,0.0,0.0,0.0,0.0,0.0,0.0,0.0,0.0,0,39
2024-25,36,353,97,Yunus Emre Konak,MID,Brentford,4,10,0,2025-05-10T14:00:00Z,1,1,0,0,0,0,0,3,0.0,0.1,0.0,0.0,0.0,0.0,0.0,0.17,0,44
2024-25,36,353,98,Keane Lewis-Potter,MID,Brentford,4,10,0,2025-05-10T14:00:00Z,90,3,0,0,1,0,0,12,15.2,29.6,4.0,4.9,0.0,0.21,0.21,0.93,1,50
2024-25,36,353,99,Bryan Mbeumo,MID,Brentford,4,10,0,2025-05-10T14:00:00Z,90,6,0,1,1,0,0,24,33.2,18.5,46.0,9.8,0.18,0.23,0.41,0.93,1,82
2024-25,36,353,100,Ben Mee,DEF,Brentford,4,10,0,2025-05-10T14:00:00Z,0,0,0,0,0,0,0,0,0.0,0.0,0.0,0.0,0.0,0.0,0.0,0.0,0,42
2024-25,36,353,101,Christian Nørgaard,MID,Brentford,4,10,0,2025-05-10T14:00:00Z,90,2,0,0,1,0,0,6,5.0,3.7,0.0,0.9,0.0,0.03,0.03,0.93,1,48
2024-25,36,353,102,Frank Onyeka,MID,Brentford,4,10,0,2025-05-10T14:00:00Z,0,0,0,0,0,0,0,0,0.0,0.0,0.0,0.0,0.0,0.0,0.0,0.0,0,49
2024-25,36,353,103,Myles Peart-Harris,MID,Brentford,4,10,0,2025-05-10T14:00:00Z,0,0,0,0,0,0,0,0,0.0,0.0,0.0,0.0,0.0,0.0,0.0,0.0,0,45
2024-25,36,353,104,Ethan Pinnock,DEF,Brentford,4,10,0,2025-05-10T14:00:00Z,0,0,0,0,0,0,0,0,0.0,0.0,0.0,0.0,0.0,0.0,0.0,0.0,0,44
2024-25,36,353,105,Mads Roerslev Rasmussen,DEF,Brentford,4,10,0,2025-05-10T14:00:00Z,0,0,0,0,0,0,0,0,0.0,0.0,0.0,0.0,0.0,0.0,0.0,0.0,0,43
2024-25,36,353,106,Kevin Schade,MID,Brentford,4,10,0,2025-05-10T14:00:00Z,71,11,1,0,1,0,3,31,42.2,21.8,64.0,12.8,0.32,0.07,0.39,0.09,1,52
2024-25,36,353,107,Igor Thiago Nascimento Rodrigues,FWD,Brentford,4,10,0,2025-05-10T14:00:00Z,5,1,0,0,0,0,0,5,2.2,0.3,0.0,0.3,0.0,0.0,0.0,0.53,0,59
2024-25,36,353,108,Ivan Toney,FWD,Brentford,4,10,0,2025-05-10T14:00:00Z,0,0,0,0,0,0,0,0,0.0,0.0,0.0,0.0,0.0,0.0,0.0,0.0,0,73
2024-25,36,353,109,Hákon Valdimarsson,GK,Brentford,4,10,0,2025-05-10T14:00:00Z,0,0,0,0,0,0,0,0,0.0,0.0,0.0,0.0,0.0,0.0,0.0,0.0,0,39
2024-25,36,353,110,Yoane Wissa,FWD,Brentford,4,10,0,2025-05-10T14:00:00Z,90,1,0,0,1,0,0,7,2.4,13.4,36.0,5.2,0.55,0.08,0.63,0.76,1,68
2024-25,36,353,111,Yehor Yarmoliuk,MID,Brentford,4,10,0,2025-05-10T14:00:00Z,90,2,0,0,1,0,0,9,7.8,2.3,0.0,1.0,0.0,0.02,0.02,0.93,1,43
2024-25,36,353,112,Mathias Jorgensen,DEF,Brentford,4,10,0,2025-05-10T14:00:00Z,0,0,0,0,0,0,0,0,0.0,0.0,0.0,0.0,0.0,0.0,0.0,0.0,0,45
2024-25,36,360,113,Simon Adingra,MID,Brighton,5,20,0,2025-05-10T14:00:00Z,31,4,0,1,0,0,0,14,13.6,15.3,4.0,3.3,0.06,0.01,0.07,0.08,0,51
2024-25,36,360,114,Benicio Baker-Boaitey,MID,Brighton,5,20,0,2025-05-10T14:00:00Z,0,0,0,0,0,0,0,0,0.0,0.0,0.0,0.0,0.0,0.0,0.0,0.0,0,45
2024-25,36,360,115,Carlos Baleba,MID,Brighton,5,20,0,2025-05-10T14:00:00Z,78,3,0,0,1,0,0,16,11.8,5.6,0.0,1.7,0.0,0.01,0.01,0.83,1,50
2024-25,36,360,116,Valentín Barco,DEF,Brighton,5,20,0,2025-05-10T14:00:00Z,0,0,0,0,0,0,0,0,0.0,0.0,0.0,0.0,0.0,0.0,0.0,0.0,0,40
2024-25,36,357,117,Facundo Buonanotte,MID,Leicester,11,16,0,2025-05-11T13:15:00Z,29,7,1,0,0,0,2,27,38.8,11.5,38.0,8.8,0.13,0.01,0.14,0.08,0,45
2024-25,36,360,118,Amario Cozier-Duberry,MID,Brighton,5,20,0,2025-05-10T14:00:00Z,0,0,0,0,0,0,0,0,0.0,0.0,0.0,0.0,0.0,0.0,0.0,0.0,0,45
2024-25,36,360,119,Mahmoud Dahoud,MID,Brighton,5,20,0,2025-05-10T14:00:00Z,0,0,0,0,0,0,0,0,0.0,0.0,0.0,0.0,0.0,0.0,0.0,0.0,0,49
2024-25,36,360,120,Lewis Dunk,DEF,Brighton,5,20,0,2025-05-10T14:00:00Z,0,0,0,0,0,0,0,0,0.0,0.0,0.0,0.0,0.0,0.0,0.0,0.0,0,42
2024-25,36,353,121,Julio Enciso,MID,Ipswich,10,4,1,2025-05-10T14:00:00Z,90,2,0,0,0,1,0,14,14.2,14.3,9.0,3.8,0.03,0.02,0.05,1.41,1,54
2024-25,36,360,122,Pervis Estupiñán,DEF,Brighton,5,20,0,2025-05-10T14:00:00Z,90,7,0,0,1,0,1,28,25.6,3.7,2.0,3.1,0.0,0.02,0.02,0.91,1,49
2024-25,36,355,123,Evan Ferguson,FWD,West Ham,19,14,0,2025-05-11T13:15:00Z,0,0,0,0,0,0,0,0,0.0,0.0,0.0,0.0,0.0,0.0,0.0,0.0,0,55
2024-25,36,360,124,Billy Gilmour,MID,Brighton,5,20,0,2025-05-10T14:00:00Z,0,0,0,0,0,0,0,0,0.0,0.0,0.0,0.0,0.0,0.0,0.0,0.0,0,50
2024-25,36,360,125,Pascal Groß,MID,Brighton,5,20,0,2025-05-10T14:00:00Z,0,0,0,0,0,0,0,0,0.0,0.0,0.0,0.0,0.0,0.0,0.0,0.0,0,65
2024-25,36,360,126,Jack Hinshelwood,MID,Brighton,5,20,0,2025-05-10T14:00:00Z,1,1,0,0,0,0,0,3,0.2,0.0,0.0,0.0,0.0,0.0,0.0,0.0,0,49
2024-25,36,360,127,Ibrahim Osman,MID,Brighton,5,20,0,2025-05-10T14:00:00Z,0,0,0,0,0,0,0,0,0.0,0.0,0.0,0.0,0.0,0.0,0.0,0.0,0,50
2024-25,36,360,128,Igor Julio dos Santos de Paulo,DEF,Brighton,5,20,0,2025-05-10T14:00:00Z,0,0,0,0,0,0,0,0,0.0,0.0,0.0,0.0,0.0,0.0,0.0,0.0,0,43
2024-25,36,360,129,João Pedro Junqueira de Jesus,FWD,Brighton,5,20,0,2025-05-10T14:00:00Z,0,0,0,0,0,0,0,0,0.0,0.0,0.0,0.0,0.0,0.0,0.0,0.0,0,55
2024-25,36,360,130,Kacper Kozłowski,MID,Brighton,5,20,0,2025-05-10T14:00:00Z,0,0,0,0,0,0,0,0,0.0,0.0,0.0,0.0,0.0,0.0,0.0,0.0,0,45
2024-25,36,360,131,Tariq Lamptey,DEF,Brighton,5,20,0,2025-05-10T14:00:00Z,58,1,0,0,0,0,0,2,10.2,5.3,0.0,1.6,0.0,0.09,0.09,0.83,1,44
2024-25,36,360,132,Solly March,MID,Brighton,5,20,0,2025-05-10T14:00:00Z,0,0,0,0,0,0,0,0,0.0,0.0,0.0,0.0,0.0,0.0,0.0,0.0,0,65
2024-25,36,360,133,Adrian Mazilu,MID,Brighton,5,20,0,2025-05-10T14:00:00Z,0,0,0,0,0,0,0,0,0.0,0.0,0.0,0.0,0.0,0.0,0.0,0.0,0,45
2024-25,36,360,134,James Milner,MID,Brighton,5,20,0,2025-05-10T14:00:00Z,0,0,0,0,0,0,0,0,0.0,0.0,0.0,0.0,0.0,0.0,0.0,0.0,0,50
2024-25,36,360,135,Yankuba Minteh,MID,Brighton,5,20,0,2025-05-10T14:00:00Z,79,3,0,0,1,0,0,8,7.4,26.8,7.0,4.1,0.02,0.04,0.06,0.83,1,48
2024-25,36,360,136,Mitoma Kaoru,MID,Brighton,5,20,0,2025-05-10T14:00:00Z,10,1,0,0,0,0,0,4,3.8,3.3,4.0,1.1,0.0,0.0,0.0,0.08,0,64
2024-25,36,360,137,Jakub Moder,MID,Brighton,5,20,0,2025-05-10T14:00:00Z,0,0,0,0,0,0,0,0,0.0,0.0,0.0,0.0,0.0,0.0,0.0,0.0,0,44
2024-25,36,360,138,Mark O’Mahony,FWD,Brighton,5,20,0,2025-05-10T14:00:00Z,0,0,0,0,0,0,0,0,0.0,0.0,0.0,0.0,0.0,0.0,0.0,0.0,0,45
2024-25,36,360,139,Odeluga Offiah,DEF,Brighton,5,20,0,2025-05-10T14:00:00Z,0,0,0,0,0,0,0,0,0.0,0.0,0.0,0.0,0.0,0.0,0.0,0.0,0,40
2024-25,36,360,140,Cameron Peupion,MID,Brighton,5,20,0,2025-05-10T14:00:00Z,0,0,0,0,0,0,0,0,0.0,0.0,0.0,0.0,0.0,0.0,0.0,0.0,0,44
2024-25,36,360,141,Jeremy Sarmiento Morante,MID,Brighton,5,20,0,2025-05-10T14:00:00Z,0,0,0,0,0,0,0,0,0.0,0.0,0.0,0.0,0.0,0.0,0.0,0.0,0,49
2024-25,36,360,142,Jason Steele,GK,Brighton,5,20,0,2025-05-10T14:00:00Z,0,0,0,0,0,0,0,0,0.0,0.0,0.0,0.0,0.0,0.0,0.0,0.0,0,40
2024-25,36,360,143,Deniz Undav,FWD,Brighton,5,20,0,2025-05-10T14:00:00Z,0,0,0,0,0,0,0,0,0.0,0.0,0.0,0.0,0.0,0.0,0.0,0.0,0,55
2024-25,36,360,144,Jan Paul van Hecke,DEF,Brighton,5,20,0,2025-05-10T14:00:00Z,90,7,0,0,1,0,1,28,18.8,0.8,0.0,2.0,0.0,0.0,0.0,0.91,1,45
2024-25,36,360,145,Joël Veltman,DEF,Brighton,5,20,0,2025-05-10T14:00:00Z,0,0,0,0,0,0,0,0,0.0,0.0,0.0,0.0,0.0,0.0,0.0,0.0,0,43
2024-25,36,360,146,Bart Verbruggen,GK,Brighton,5,20,0,2025-05-10T14:00:00Z,90,8,0,0,1,0,1,28,26.4,0.0,0.0,2.6,0.0,0.0,0.0,0.91,1,46
2024-25,36,360,147,Adam Webster,DEF,Brighton,5,20,0,2025-05-10T14:00:00Z,90,8,0,0,1,0,2,29,16.4,0.7,0.0,1.7,0.0,0.01,0.01,0.91,1,43
2024-25,36,360,148,Danny Welbeck,FWD,Brighton,5,20,0,2025-05-10T14:00:00Z,90,9,1,0,1,0,3,44,45.8,17.6,21.0,8.4,0.79,0.01,0.8,0.91,1,55
2024-25,36,360,149,Mats Wieffer,MID,Brighton,5,20,0,2025-05-10T14:00:00Z,90,5,0,1,1,0,0,23,32.2,2.6,2.0,3.7,0.0,0.08,0.08,0.91,1,47
2024-25,36,356,150,Andrey Nascimento dos Santos,MID,Chelsea,6,15,0,2025-05-11T11:00:00Z,0,0,0,0,0,0,0,0,0.0,0.0,0.0,0.0,0.0,0.0,0.0,0.0,0,45
2024-25,36,356,151,Ângelo Gabriel Borges Damaceno,MID,Chelsea,6,15,0,2025-05-11T11:00:00Z,0,0,0,0,0,0,0,0,0.0,0.0,0.0,0.0,0.0,0.0,0.0,0.0,0,45
2024-25,36,351,152,Kepa Arrizabalaga,GK,Bournemouth,3,2,1,2025-05-10T16:30:00Z,90,2,0,0,0,1,0,9,21.4,0.0,0.0,2.1,0.0,0.0,0.0,0.98,1,46
2024-25,36,356,153,Benoît Badiashile,DEF,Chelsea,6,15,0,2025-05-11T11:00:00Z,0,0,0,0,0,0,0,0,0.0,0.0,0.0,0.0,0.0,0.0,0.0,0.0,0,42
2024-25,36,356,154,Lucas Bergström,GK,Chelsea,6,15,0,2025-05-11T11:00:00Z,0,0,0,0,0,0,0,0,0.0,0.0,0.0,0.0,0.0,0.0,0.0,0.0,0,39
2024-25,36,356,155,Marcus Bettinelli,GK,Chelsea,6,15,0,2025-05-11T11:00:00Z,0,0,0,0,0,0,0,0,0.0,0.0,0.0,0.0,0.0,0.0,0.0,0.0,0,39
2024-25,36,352,156,Armando Broja,FWD,Everton,8,9,0,2025-05-10T14:00:00Z,0,0,0,0,0,0,0,0,0.0,0.0,0.0,0.0,0.0,0.0,0.0,0.0,0,53
2024-25,36,356,157,Moisés Caicedo Corozo,MID,Chelsea,6,15,0,2025-05-11T11:00:00Z,90,2,0,0,0,2,0,19,17.4,16.7,1.0,3.5,0.03,0.03,0.06,1.57,1,49
2024-25,36,356,158,Cesare Casadei,MID,Chelsea,6,15,0,2025-05-11T11:00:00Z,0,0,0,0,0,0,0,0,0.0,0.0,0.0,0.0,0.0,0.0,0.0,0.0,0,44
2024-25,36,356,159,Trevoh Chalobah,DEF,Chelsea,6,15,0,2025-05-11T11:00:00Z,74,2,0,0,0,1,0,12,10.6,2.2,4.0,1.7,0.05,0.01,0.06,1.55,1,44
2024-25,36,359,160,Ben Chilwell,DEF,Crystal Palace,7,18,0,2025-05-11T13:15:00Z,29,1,0,0,0,0,0,10,12.6,16.1,2.0,3.1,0.0,0.48,0.48,0.16,0,46
2024-25,36,356,161,Carney Chukwuemeka,MID,Chelsea,6,15,0,2025-05-11T11:00:00Z,0,0,0,0,0,0,0,0,0.0,0.0,0.0,0.0,0.0,0.0,0.0,0.0,0,47
2024-25,36,356,162,Levi Colwill,DEF,Chelsea,6,15,0,2025-05-11T11:00:00Z,90,0,0,0,0,2,0,4,19.8,1.0,0.0,2.1,0.0,0.0,0.0,1.57,1,44
2024-25,36,356,163,Marc Cucurella Saseta,DEF,Chelsea,6,15,0,2025-05-11T11:00:00Z,90,1,0,0,0,2,0,6,16.6,4.4,17.0,3.8,0.04,0.02,0.06,1.57,1,54
2024-25,36,356,164,David Datro Fofana,FWD,Chelsea,6,15,0,2025-05-11T11:00:00Z,0,0,0,0,0,0,0,0,0.0,0.0,0.0,0.0,0.0,0.0,0.0,0.0,0,54
2024-25,36,356,165,Deivid Washington de Souza Eugênio,FWD,Chelsea,6,15,0,2025-05-11T11:00:00Z,0,0,0,0,0,0,0,0,0.0,0.0,0.0,0.0,0.0,0.0,0.0,0.0,0,49
2024-25,36,356,166,Kiernan Dewsbury-Hall,MID,Chelsea,6,15,0,2025-05-11T11:00:00Z,0,0,0,0,0,0,0,0,0.0,0.0,0.0,0.0,0.0,0.0,0.0,0.0,0,55
2024-25,36,351,167,Axel Disasi,DEF,Aston Villa,2,3,0,2025-05-10T16:30:00Z,0,0,0,0,0,0,0,0,0.0,0.0,0.0,0.0,0.0,0.0,0.0,0.0,0,42
2024-25,36,356,168,Enzo Fernández,MID,Chelsea,6,15,0,2025-05-11T11:00:00Z,90,1,0,0,0,2,0,18,15.2,42.7,23.0,8.1,0.02,0.1,0.12,1.57,1,47
2024-25,36,356,169,Conor Gallagher,MID,Chelsea,6,15,0,2025-05-11T11:00:00Z,0,0,0,0,0,0,0,0,0.0,0.0,0.0,0.0,0.0,0.0,0.0,0.0,0,59
2024-25,36,356,170,Alfie Gilchrist,DEF,Chelsea,6,15,0,2025-05-11T11:00:00Z,0,0,0,0,0,0,0,0,0.0,0.0,0.0,0.0,0.0,0.0,0.0,0.0,0,40
2024-25,36,356,171,Malo Gusto,DEF,Chelsea,6,15,0,2025-05-11T11:00:00Z,15,1,0,0,0,1,0,4,8.2,15.9,0.0,2.4,0.0,0.09,0.09,0.01,0,49
2024-25,36,356,172,Reece James,DEF,Chelsea,6,15,0,2025-05-11T11:00:00Z,45,1,0,0,0,1,0,0,2.4,4.8,6.0,1.3,0.11,0.02,0.13,0.09,0,48
2024-25,36,356,173,Omari Kellyman,MID,Chelsea,6,15,0,2025-05-11T11:00:00Z,0,0,0,0,0,0,0,0,0.0,0.0,0.0,0.0,0.0,0.0,0.0,0.0,0,43
2024-25,36,356,174,Roméo Lavia,MID,Chelsea,6,15,0,2025-05-11T11:00:00Z,74,2,0,0,0,1,0,12,3.6,6.3,0.0,1.0,0.0,0.04,0.04,1.55,1,45
2024-25,36,356,175,Romelu Lukaku Bolingoli,FWD,Chelsea,6,15,0,2025-05-11T11:00:00Z,0,0,0,0,0,0,0,0,0.0,0.0,0.0,0.0,0.0,0.0,0.0,0.0,0,63
2024-25,36,356,176,Malang Sarr,DEF,Chelsea,6,15,0,2025-05-11T11:00:00Z,0,0,0,0,0,0,0,0,0.0,0.0,0.0,0.0,0.0,0.0,0.0,0.0,0,45
2024-25,36,356,177,Noni Madueke,MID,Chelsea,6,15,0,2025-05-11T11:00:00Z,45,1,0,0,0,1,0,2,0.0,12.0,4.0,1.6,0.0,0.15,0.15,1.48,1,60
2024-25,36,356,178,Marc Guiu Paz,FWD,Chelsea,6,15,0,2025-05-11T11:00:00Z,0,0,0,0,0,0,0,0,0.0,0.0,0.0,0.0,0.0,0.0,0.0,0.0,0,47
2024-25,36,356,179,Mykhailo Mudryk,MID,Chelsea,6,15,0,2025-05-11T11:00:00Z,0,0,0,0,0,0,0,0,0.0,0.0,0.0,0.0,0.0,0.0,0.0,0.0,0,61
2024-25,36,356,180,Nicolas Jackson,FWD,Chelsea,6,15,0,2025-05-11T11:00:00Z,35,-2,0,0,0,2,0,-9,0.0,1.3,4.0,0.0,0.0,0.0,0.0,1.0,1,77
2024-25,36,356,181,Christopher Nkunku,MID,Chelsea,6,15,0,2025-05-11T11:00:00Z,0,0,0,0,0,0,0,0,0.0,0.0,0.0,0.0,0.0,0.0,0.0,0.0,0,57
2024-25,36,356,182,Cole Palmer,MID,Chelsea,6,15,0,2025-05-11T11:00:00Z,90,2,0,0,0,2,0,11,9.4,18.3,21.0,4.9,0.23,0.04,0.27,1.57,1,105
2024-25,36,356,183,Đorđe Petrović,GK,Chelsea,6,15,0,2025-05-11T11:00:00Z,0,0,0,0,0,0,0,0,0.0,0.0,0.0,0.0,0.0,0.0,0.0,0.0,0,44
2024-25,36,356,184,Renato Palma Veiga,MID,Chelsea,6,15,0,2025-05-11T11:00:00Z,0,0,0,0,0,0,0,0,0.0,0.0,0.0,0.0,0.0,0.0,0.0,0.0,0,44
2024-25,36,356,185,Robert Sánchez,GK,Chelsea,6,15,0,2025-05-11T11:00:00Z,90,2,0,0,0,2,0,10,37.6,0.0,0.0,3.8,0.0,0.0,0.0,1.57,1,45
2024-25,36,354,186,Raheem Sterling,MID,Arsenal,1,12,0,2025-05-11T15:30:00Z,0,0,0,0,0,0,0,0,0.0,0.0,0.0,0.0,0.0,0.0,0.0,0.0,0,67
2024-25,36,356,187,Tosin Adarabioyo,DEF,Chelsea,6,15,0,2025-05-11T11:00:00Z,0,0,0,0,0,0,0,0,0.0,0.0,0.0,0.0,0.0,0.0,0.0,0.0,0,42
2024-25,36,358,188,Lesley Ugochukwu,MID,Southampton,17,13,1,2025-05-10T14:00:00Z,45,0,0,0,0,0,0,-2,0.4,0.0,0.0,0.0,0.0,0.0,0.0,0.65,1,44
2024-25,36,356,189,Wesley Fofana,DEF,Chelsea,6,15,0,2025-05-11T11:00:00Z,0,0,0,0,0,0,0,0,0.0,0.0,0.0,0.0,0.0,0.0,0.0,0.0,0,43
2024-25,36,359,190,Naouirou Ahamada,MID,Crystal Palace,7,18,0,2025-05-11T13:15:00Z,0,0,0,0,0,0,0,0,0.0,0.0,0.0,0.0,0.0,0.0,0.0,0.0,0,45
2024-25,36,352,191,Joachim Andersen,DEF,Fulham,9,8,1,2025-05-10T14:00:00Z,90,1,0,0,0,3,0,4,26.6,2.3,4.0,3.3,0.02,0.02,0.04,1.12,1,42
2024-25,36,357,192,Jordan Ayew,MID,Leicester,11,16,0,2025-05-11T13:15:00Z,60,2,0,0,0,2,0,7,11.6,16.0,0.0,2.8,0.0,0.04,0.04,1.23,1,51
2024-25,36,359,193,Cheick Doucouré,MID,Crystal Palace,7,18,0,2025-05-11T13:15:00Z,0,0,0,0,0,0,0,0,0.0,0.0,0.0,0.0,0.0,0.0,0.0,0.0,0,48
2024-25,36,359,194,Chris Richards,DEF,Crystal Palace,7,18,0,2025-05-11T13:15:00Z,90,6,0,0,1,0,0,24,16.0,0.5,33.0,5.0,0.04,0.0,0.04,0.68,1,44
2024-25,36,359,195,Chadi Riad Dnanou,DEF,Crystal Palace,7,18,0,2025-05-11T13:15:00Z,0,0,0,0,0,0,0,0,0.0,0.0,0.0,0.0,0.0,0.0,0.0,0.0,0,43
2024-25,36,359,196,Nathaniel Clyne,DEF,Crystal Palace,7,18,0,2025-05-11T13:15:00Z,0,0,0,0,0,0,0,0,0.0,0.0,0.0,0.0,0.0,0.0,0.0,0.0,0,43
2024-25,36,359,197,Malcolm Ebiowei,MID,Crystal Palace,7,18,0,2025-05-11T13:15:00Z,0,0,0,0,0,0,0,0,0.0,0.0,0.0,0.0,0.0,0.0,0.0,0.0,0,45
2024-25,36,357,198,Odsonne Edouard,FWD,Leicester,11,16,0,2025-05-11T13:15:00Z,0,0,0,0,0,0,0,0,0.0,0.0,0.0,0.0,0.0,0.0,0.0,0.0,0,51
2024-25,36,359,199,Eberechi Eze,MID,Crystal Palace,7,18,0,2025-05-11T13:15:00Z,90,16,2,0,1,0,3,52,70.4,28.9,39.0,13.8,1.16,0.2,1.36,0.68,1,69
2024-25,36,359,200,Marc Guéhi,DEF,Crystal Palace,7,18,0,2025-05-11T13:15:00Z,90,7,0,0,1,0,1,35,33.0,14.1,2.0,4.9,0.0,0.14,0.14,0.68,1,47
2024-25,36,359,201,Dean Henderson,GK,Crystal Palace,7,18,0,2025-05-11T13:15:00Z,90,6,0,0,1,0,0,23,14.0,0.0,0.0,1.4,0.0,0.0,0.0,0.68,1,46
2024-25,36,359,202,Rob Holding,DEF,Crystal Palace,7,18,0,2025-05-11T13:15:00Z,0,0,0,0,0,0,0,0,0.0,0.0,0.0,0.0,0.0,0.0,0.0,0.0,0,42
2024-25,36,359,203,Will Hughes,MID,Crystal Palace,7,18,0,2025-05-11T13:15:00Z,86,3,0,0,1,0,0,13,10.0,41.4,2.0,5.3,0.04,0.28,0.32,0.58,1,49
2024-25,36,360,204,Sam Johnstone,GK,Wolves,20,5,1,2025-05-10T14:00:00Z,0,0,0,0,0,0,0,0,0.0,0.0,0.0,0.0,0.0,0.0,0.0,0.0,0,41
2024-25,36,359,205,Daichi Kamada,MID,Crystal Palace,7,18,0,2025-05-11T13:15:00Z,29,1,0,0,0,0,0,10,7.8,14.8,2.0,2.5,0.0,0.11,0.11,0.16,0,51
2024-25,36,359,206,Jefferson Lerma Solís,MID,Crystal Palace,7,18,0,2025-05-11T13:15:00Z,60,2,0,0,1,0,0,7,17.4,14.4,20.0,5.2,0.07,0.13,0.2,0.52,1,48
2024-25,36,359,207,Jean-Philippe Mateta,FWD,Crystal Palace,7,18,0,2025-05-11T13:15:00Z,59,1,0,0,0,0,0,7,16.2,22.3,62.0,10.1,0.58,0.02,0.6,0.52,1,76
2024-25,36,359,208,Matheus França de Oliveira,MID,Crystal Palace,7,18,0,2025-05-11T13:15:00Z,0,0,0,0,0,0,0,0,0.0,0.0,0.0,0.0,0.0,0.0,0.0,0.0,0,44
2024-25,36,359,209,Remi Matthews,GK,Crystal Palace,7,18,0,2025-05-11T13:15:00Z,0,0,0,0,0,0,0,0,0.0,0.0,0.0,0.0,0.0,0.0,0.0,0.0,0,39
2024-25,36,359,210,Tyrick Mitchell,DEF,Crystal Palace,7,18,0,2025-05-11T13:15:00Z,60,6,0,0,1,0,0,22,12.6,24.8,33.0,7.0,0.08,0.05,0.13,0.52,1,48
2024-25,36,359,211,Daniel Muñoz,DEF,Crystal Palace,7,18,0,2025-05-11T13:15:00Z,90,11,0,1,1,0,2,39,35.0,35.8,31.0,10.2,0.2,0.24,0.44,0.68,1,52
2024-25,36,359,212,David Ozoh,MID,Crystal Palace,7,18,0,2025-05-11T13:15:00Z,0,0,0,0,0,0,0,0,0.0,0.0,0.0,0.0,0.0,0.0,0.0,0.0,0,45
2024-25,36,359,213,Jesurun Rak-Sakyi,MID,Crystal Palace,7,18,0,2025-05-11T13:15:00Z,0,0,0,0,0,0,0,0,0.0,0.0,0.0,0.0,0.0,0.0,0.0,0.0,0,45
2024-25,36,359,214,Jeffrey Schlupp,MID,Crystal Palace,7,18,0,2025-05-11T13:15:00Z,0,0,0,0,0,0,0,0,0.0,0.0,0.0,0.0,0.0,0.0,0.0,0.0,0,46
2024-25,36,359,215,Joel Ward,DEF,Crystal Palace,7,18,0,2025-05-11T13:15:00Z,0,0,0,0,0,0,0,0,0.0,0.0,0.0,0.0,0.0,0.0,0.0,0.0,0,43
2024-25,36,359,216,Adam Wharton,MID,Crystal Palace,7,18,0,2025-05-11T13:15:00Z,0,0,0,0,0,0,0,0,0.0,0.0,0.0,0.0,0.0,0.0,0.0,0.0,0,47
2024-25,36,352,217,Abdoulaye Doucouré,MID,Everton,8,9,0,2025-05-10T14:00:00Z,60,5,0,1,0,1,0,18,20.0,11.8,2.0,3.4,0.0,0.02,0.02,0.64,1,51
2024-25,36,352,218,Norberto Bercique Gomes Betuncal,FWD,Everton,8,9,0,2025-05-10T14:00:00Z,90,8,1,0,0,1,2,34,40.4,11.8,58.0,11.0,0.46,0.05,0.51,0.66,1,48
2024-25,36,352,219,Jarrad Branthwaite,DEF,Everton,8,9,0,2025-05-10T14:00:00Z,90,2,0,0,0,1,0,9,20.0,0.1,9.0,2.9,0.07,0.01,0.08,0.79,1,48
2024-25,36,352,220,Dominic Calvert-Lewin,FWD,Everton,8,9,0,2025-05-10T14:00:00Z,1,1,0,0,0,0,0,2,3.0,0.0,19.0,2.2,0.1,0.0,0.1,0.13,0,54
2024-25,36,352,221,Séamus Coleman,DEF,Everton,8,9,0,2025-05-10T14:00:00Z,1,1,0,0,0,0,0,5,4.2,0.3,0.0,0.5,0.0,0.0,0.0,0.13,0,43
2024-25,36,352,222,Idrissa Gueye,MID,Everton,8,9,0,2025-05-10T14:00:00Z,90,2,0,0,0,1,0,12,6.4,5.0,0.0,1.1,0.0,0.01,0.01,0.66,1,48
2024-25,36,352,223,James Garner,MID,Everton,8,9,0,2025-05-10T14:00:00Z,90,2,0,0,0,1,0,9,12.2,5.1,0.0,1.7,0.0,0.03,0.03,0.79,1,49
2024-25,36,352,224,Jack Harrison,MID,Everton,8,9,0,2025-05-10T14:00:00Z,60,2,0,0,0,1,0,7,10.0,20.3,23.0,5.3,0.16,0.03,0.19,0.64,1,52
2024-25,36,352,225,Mason Holgate,DEF,Everton,8,9,0,2025-05-10T14:00:00Z,0,0,0,0,0,0,0,0,0.0,0.0,0.0,0.0,0.0,0.0,0.0,0.0,0,40
2024-25,36,352,226,Tim Iroegbunam,MID,Everton,8,9,0,2025-05-10T14:00:00Z,6,1,0,0,0,0,0,7,4.6,0.2,0.0,0.5,0.0,0.0,0.0,0.13,0,43
2024-25,36,352,227,João Neves Virgínia,GK,Everton,8,9,0,2025-05-10T14:00:00Z,0,0,0,0,0,0,0,0,0.0,0.0,0.0,0.0,0.0,0.0,0.0,0.0,0,38
2024-25,36,352,228,Michael Keane,DEF,Everton,8,9,0,2025-05-10T14:00:00Z,90,9,1,0,0,1,1,29,49.2,0.1,37.0,8.6,0.18,0.0,0.18,0.79,1,38
2024-25,36,352,229,Neal Maupay,FWD,Everton,8,9,0,2025-05-10T14:00:00Z,0,0,0,0,0,0,0,0,0.0,0.0,0.0,0.0,0.0,0.0,0.0,0.0,0,49
2024-25,36,352,230,Dwight McNeil,MID,Everton,8,9,0,2025-05-10T14:00:00Z,29,4,0,1,0,0,0,21,20.6,15.3,0.0,3.6,0.0,0.07,0.07,0.15,0,51
2024-25,36,352,231,Vitalii Mykolenko,DEF,Everton,8,9,0,2025-05-10T14:00:00Z,90,8,1,0,0,1,0,17,40.6,1.2,7.0,4.9,0.03,0.01,0.04,0.79,1,43
2024-25,36,352,232,Iliman Ndiaye,FWD,Everton,8,9,0,2025-05-10T14:00:00Z,29,1,0,0,0,0,0,4,0.8,0.3,0.0,0.1,0.0,0.0,0.0,0.15,0,52
2024-25,36,351,233,Amadou Onana,MID,Aston Villa,2,3,0,2025-05-10T16:30:00Z,90,3,0,0,1,0,0,16,18.8,5.3,2.0,2.6,0.0,0.02,0.02,0.8,1,48
2024-25,36,352,234,Nathan Patterson,DEF,Everton,8,9,0,2025-05-10T14:00:00Z,0,0,0,0,0,0,0,0,0.0,0.0,0.0,0.0,0.0,0.0,0.0,0.0,0,44
2024-25,36,352,235,Jordan Pickford,GK,Everton,8,9,0,2025-05-10T14:00:00Z,90,3,0,0,0,1,0,14,33.2,0.0,0.0,3.3,0.0,0.0,0.0,0.79,1,51
2024-25,36,352,236,James Tarkowski,DEF,Everton,8,9,0,2025-05-10T14:00:00Z,0,0,0,0,0,0,0,0,0.0,0.0,0.0,0.0,0.0,0.0,0.0,0.0,0,48
2024-25,36,352,237,Youssef Ramalho Chermiti,FWD,Everton,8,9,0,2025-05-10T14:00:00Z,0,0,0,0,0,0,0,0,0.0,0.0,0.0,0.0,0.0,0.0,0.0,0.0,0,49
2024-25,36,352,238,Ashley Young,DEF,Everton,8,9,0,2025-05-10T14:00:00Z,90,2,0,0,0,1,0,18,29.8,46.0,0.0,7.6,0.0,0.58,0.58,0.79,1,42
2024-25,36,352,239,Adama Traoré,MID,Fulham,9,8,1,2025-05-10T14:00:00Z,27,1,0,0,0,2,0,5,4.8,14.7,0.0,2.0,0.0,0.03,0.03,0.3,0,45
2024-25,36,352,240,Andreas Hoelgebaum Pereira,MID,Fulham,9,8,1,2025-05-10T14:00:00Z,73,2,0,0,0,3,0,9,0.6,2.5,7.0,1.0,0.02,0.02,0.04,1.03,1,49
2024-25,36,352,241,Calvin Bassey,DEF,Fulham,9,8,1,2025-05-10T14:00:00Z,90,1,0,0,0,3,0,5,21.8,3.3,0.0,2.5,0.0,0.02,0.02,1.12,1,45
2024-25,36,352,242,Steven Benda,GK,Fulham,9,8,1,2025-05-10T14:00:00Z,0,0,0,0,0,0,0,0,0.0,0.0,0.0,0.0,0.0,0.0,0.0,0.0,0,39
2024-25,36,352,243,Tom Cairney,MID,Fulham,9,8,1,2025-05-10T14:00:00Z,16,1,0,0,0,0,0,4,1.2,8.3,8.0,1.8,0.05,0.04,0.09,0.1,0,48
2024-25,36,352,244,Timothy Castagne,DEF,Fulham,9,8,1,2025-05-10T14:00:00Z,0,0,0,0,0,0,0,0,0.0,0.0,0.0,0.0,0.0,0.0,0.0,0.0,0,42
2024-25,36,352,245,Issa Diop,DEF,Fulham,9,8,1,2025-05-10T14:00:00Z,0,0,0,0,0,0,0,0,0.0,0.0,0.0,0.0,0.0,0.0,0.0,0.0,0,43
2024-25,36,352,246,Luke Harris,MID,Fulham,9,8,1,2025-05-10T14:00:00Z,0,0,0,0,0,0,0,0,0.0,0.0,0.0,0.0,0.0,0.0,0.0,0.0,0,45
2024-25,36,352,247,Alex Iwobi,MID,Fulham,9,8,1,2025-05-10T14:00:00Z,90,2,0,0,0,3,0,19,21.4,48.3,20.0,9.0,0.09,0.19,0.28,1.12,1,56
2024-25,36,352,248,Bernd Leno,GK,Fulham,9,8,1,2025-05-10T14:00:00Z,90,2,0,0,0,3,0,3,32.8,0.0,0.0,3.3,0.0,0.0,0.0,1.12,1,50
2024-25,36,352,249,Saša Lukić,MID,Fulham,9,8,1,2025-05-10T14:00:00Z,0,0,0,0,0,0,0,0,0.0,0.0,0.0,0.0,0.0,0.0,0.0,0.0,0,48
2024-25,36,352,250,Kevin Mbabu,DEF,Fulham,9,8,1,2025-05-10T14:00:00Z,0,0,0,0,0,0,0,0,0.0,0.0,0.0,0.0,0.0,0.0,0.0,0.0,0,40
2024-25,36,352,251,Rodrigo Muniz Carvalho,FWD,Fulham,9,8,1,2025-05-10T14:00:00Z,0,0,0,0,0,0,0,0,0.0,0.0,0.0,0.0,0.0,0.0,0.0,0.0,0,55
2024-25,36,352,252,Raúl Jiménez,FWD,Fulham,9,8,1,2025-05-10T14:00:00Z,90,9,1,0,0,3,3,35,37.0,32.5,27.0,9.7,0.2,0.06,0.26,1.12,1,53
2024-25,36,352,253,Tim Ream,DEF,Fulham,9,8,1,2025-05-10T14:00:00Z,0,0,0,0,0,0,0,0,0.0,0.0,0.0,0.0,0.0,0.0,0.0,0.0,0,45
2024-25,36,352,254,Harrison Reed,MID,Fulham,9,8,1,2025-05-10T14:00:00Z,0,0,0,0,0,0,0,0,0.0,0.0,0.0,0.0,0.0,0.0,0.0,0.0,0,47
2024-25,36,352,255,Antonee Robinson,DEF,Fulham,9,8,1,2025-05-10T14:00:00Z,0,0,0,0,0,0,0,0,0.0,0.0,0.0,0.0,0.0,0.0,0.0,0.0,0,48
2024-25,36,352,256,Jay Stansfield,FWD,Fulham,9,8,1,2025-05-10T14:00:00Z,0,0,0,0,0,0,0,0,0.0,0.0,0.0,0.0,0.0,0.0,0.0,0.0,0,50
2024-25,36,352,257,Kenny Tete,DEF,Fulham,9,8,1,2025-05-10T14:00:00Z,90,1,0,0,0,3,0,1,18.0,22.8,0.0,4.1,0.0,0.02,0.02,1.12,1,44
2024-25,36,352,258,Carlos Vinícius Alves Morais,FWD,Fulham,9,8,1,2025-05-10T14:00:00Z,0,0,0,0,0,0,0,0,0.0,0.0,0.0,0.0,0.0,0.0,0.0,0.0,0,50
2024-25,36,352,259,Harry Wilson,MID,Fulham,9,8,1,2025-05-10T14:00:00Z,73,2,0,0,0,3,0,15,8.2,11.3,51.0,7.1,0.3,0.03,0.33,1.03,1,52
2024-25,36,353,260,Ali Al-Hamadi,FWD,Ipswich,10,4,1,2025-05-10T14:00:00Z,0,0,0,0,0,0,0,0,0.0,0.0,0.0,0.0,0.0,0.0,0.0,0.0,0,47
2024-25,36,353,261,Elkan Baggott,DEF,Ipswich,10,4,1,2025-05-10T14:00:00Z,0,0,0,0,0,0,0,0,0.0,0.0,0.0,0.0,0.0,0.0,0.0,0.0,0,40
2024-25,36,353,262,Nathan Broadhead,MID,Ipswich,10,4,1,2025-05-10T14:00:00Z,0,0,0,0,0,0,0,0,0.0,0.0,0.0,0.0,0.0,0.0,0.0,0.0,0,49
2024-25,36,353,263,Cameron Burgess,DEF,Ipswich,10,4,1,2025-05-10T14:00:00Z,90,2,0,0,0,1,0,16,38.4,0.3,17.0,5.6,0.36,0.0,0.36,1.41,1,38
2024-25,36,353,264,Wes Burns,MID,Ipswich,10,4,1,2025-05-10T14:00:00Z,0,0,0,0,0,0,0,0,0.0,0.0,0.0,0.0,0.0,0.0,0.0,0.0,0,47
2024-25,36,353,265,Conor Chaplin,MID,Ipswich,10,4,1,2025-05-10T14:00:00Z,56,1,0,0,0,1,0,2,0.0,4.8,2.0,0.7,0.0,0.01,0.01,0.66,1,51
2024-25,36,353,266,Harry Clarke,DEF,Ipswich,10,4,1,2025-05-10T14:00:00Z,0,0,0,0,0,0,0,0,0.0,0.0,0.0,0.0,0.0,0.0,0.0,0.0,0,40
2024-25,36,353,267,Leif Davis,DEF,Ipswich,10,4,1,2025-05-10T14:00:00Z,0,0,0,0,0,0,0,0,0.0,0.0,0.0,0.0,0.0,0.0,0.0,0.0,0,42
2024-25,36,353,268,Liam Delap,FWD,Ipswich,10,4,1,2025-05-10T14:00:00Z,61,2,0,0,0,1,0,9,4.2,0.3,17.0,2.2,0.03,0.0,0.03,0.78,1,56
2024-25,36,353,269,George Edmundson,DEF,Ipswich,10,4,1,2025-05-10T14:00:00Z,0,0,0,0,0,0,0,0,0.0,0.0,0.0,0.0,0.0,0.0,0.0,0.0,0,40
2024-25,36,353,270,Jacob Greaves,DEF,Ipswich,10,4,1,2025-05-10T14:00:00Z,90,2,0,0,0,1,0,10,24.0,21.4,8.0,5.3,0.04,0.02,0.06,1.41,1,38
2024-25,36,353,271,Marcus Myers-Harness,MID,Ipswich,10,4,1,2025-05-10T14:00:00Z,0,0,0,0,0,0,0,0,0.0,0.0,0.0,0.0,0.0,0.0,0.0,0.0,0,49
2024-25,36,353,272,George Hirst,FWD,Ipswich,10,4,1,2025-05-10T14:00:00Z,29,0,0,0,0,0,0,1,2.0,0.2,18.0,2.0,0.32,0.0,0.32,0.63,0,54
2024-25,36,353,273,Cameron Humphreys,MID,Ipswich,10,4,1,2025-05-10T14:00:00Z,0,0,0,0,0,0,0,0,0.0,0.0,0.0,0.0,0.0,0.0,0.0,0.0,0,45
2024-25,36,353,274,Omari Giraud-Hutchinson,MID,Ipswich,10,4,1,2025-05-10T14:00:00Z,90,2,0,0,0,1,0,18,16.4,44.0,23.0,8.3,0.03,0.42,0.45,1.41,1,52
2024-25,36,353,275,Ben Johnson,DEF,Ipswich,10,4,1,2025-05-10T14:00:00Z,5,1,0,0,0,0,0,3,0.4,0.1,0.0,0.1,0.0,0.0,0.0,0.0,0,38
2024-25,36,353,276,Freddie Ladapo,FWD,Ipswich,10,4,1,2025-05-10T14:00:00Z,0,0,0,0,0,0,0,0,0.0,0.0,0.0,0.0,0.0,0.0,0.0,0.0,0,45
2024-25,36,353,277,Massimo Luongo,MID,Ipswich,10,4,1,2025-05-10T14:00:00Z,0,0,0,0,0,0,0,0,0.0,0.0,0.0,0.0,0.0,0.0,0.0,0.0,0,43
2024-25,36,353,278,Sam Morsy,MID,Ipswich,10,4,1,2025-05-10T14:00:00Z,90,2,0,0,0,1,0,17,14.6,24.2,1.0,4.0,0.07,0.02,0.09,1.41,1,48
2024-25,36,353,279,Corrie Ndaba,DEF,Ipswich,10,4,1,2025-05-10T14:00:00Z,0,0,0,0,0,0,0,0,0.0,0.0,0.0,0.0,0.0,0.0,0.0,0.0,0,40
2024-25,36,353,280,Cieran Slicker,GK,Ipswich,10,4,1,2025-05-10T14:00:00Z,0,0,0,0,0,0,0,0,0.0,0.0,0.0,0.0,0.0,0.0,0.0,0.0,0,39
2024-25,36,353,281,Jack Taylor,MID,Ipswich,10,4,1,2025-05-10T14:00:00Z,60,1,0,0,0,1,0,3,0.0,2.5,3.0,0.5,0.04,0.01,0.05,0.78,1,48
2024-25,36,353,282,Axel Tuanzebe,DEF,Ipswich,10,4,1,2025-05-10T14:00:00Z,84,2,0,0,0,1,0,8,7.0,2.2,0.0,0.9,0.0,0.01,0.01,1.41,1,39
2024-25,36,353,283,Christian Walton,GK,Ipswich,10,4,1,2025-05-10T14:00:00Z,0,0,0,0,0,0,0,0,0.0,0.0,0.0,0.0,0.0,0.0,0.0,0.0,0,43
2024-25,36,353,284,Luke Woolfenden,DEF,Ipswich,10,4,1,2025-05-10T14:00:00Z,0,0,0,0,0,0,0,0,0.0,0.0,0.0,0.0,0.0,0.0,0.0,0.0,0,39
2024-25,36,357,285,Boubakary Soumaré,MID,Leicester,11,16,0,2025-05-11T13:15:00Z,30,1,0,0,0,0,0,4,12.0,1.0,2.0,1.5,0.0,0.01,0.01,0.08,0,44
2024-25,36,357,286,Tom Cannon,FWD,Leicester,11,16,0,2025-05-11T13:15:00Z,0,0,0,0,0,0,0,0,0.0,0.0,0.0,0.0,0.0,0.0,0.0,0.0,0,45
2024-25,36,357,287,Hamza Choudhury,MID,Leicester,11,16,0,2025-05-11T13:15:00Z,0,0,0,0,0,0,0,0,0.0,0.0,0.0,0.0,0.0,0.0,0.0,0.0,0,44
2024-25,36,357,288,Conor Coady,DEF,Leicester,11,16,0,2025-05-11T13:15:00Z,90,7,1,0,0,2,0,18,43.2,0.2,35.0,7.8,0.41,0.0,0.41,1.31,1,40
2024-25,36,357,289,Patson Daka,FWD,Leicester,11,16,0,2025-05-11T13:15:00Z,0,0,0,0,0,0,0,0,0.0,0.0,0.0,0.0,0.0,0.0,0.0,0.0,0,48
2024-25,36,357,290,Bobby De Cordova-Reid,MID,Leicester,11,16,0,2025-05-11T13:15:00Z,0,0,0,0,0,0,0,0,0.0,0.0,0.0,0.0,0.0,0.0,0.0,0.0,0,52
2024-25,36,357,291,Wout Faes,DEF,Leicester,11,16,0,2025-05-11T13:15:00Z,90,1,0,0,0,2,0,9,17.8,0.3,7.0,2.5,0.17,0.0,0.17,1.31,1,38
2024-25,36,357,292,Michael Golding,MID,Leicester,11,16,0,2025-05-11T13:15:00Z,0,0,0,0,0,0,0,0,0.0,0.0,0.0,0.0,0.0,0.0,0.0,0.0,0,44
2024-25,36,357,293,Mads Hermansen,GK,Leicester,11,16,0,2025-05-11T13:15:00Z,0,0,0,0,0,0,0,0,0.0,0.0,0.0,0.0,0.0,0.0,0.0,0.0,0,44
2024-25,36,357,294,Daniel Iversen,GK,Leicester,11,16,0,2025-05-11T13:15:00Z,0,0,0,0,0,0,0,0,0.0,0.0,0.0,0.0,0.0,0.0,0.0,0.0,0,39
2024-25,36,357,295,James Justin,DEF,Leicester,11,16,0,2025-05-11T13:15:00Z,90,0,0,0,0,2,0,-1,6.0,5.4,4.0,1.5,0.02,0.02,0.04,1.31,1,41
2024-25,36,357,296,Victor Kristiansen,DEF,Leicester,11,16,0,2025-05-11T13:15:00Z,13,1,0,0,0,0,0,0,0.4,0.5,0.0,0.1,0.0,0.0,0.0,0.08,0,44
2024-25,36,357,297,Wanya Marçal-Madivádua,MID,Leicester,11,16,0,2025-05-11T13:15:00Z,0,0,0,0,0,0,0,0,0.0,0.0,0.0,0.0,0.0,0.0,0.0,0.0,0,45
2024-25,36,357,298,Stephy Mavididi,MID,Leicester,11,16,0,2025-05-11T13:15:00Z,0,0,0,0,0,0,0,0,0.0,0.0,0.0,0.0,0.0,0.0,0.0,0.0,0,50
2024-25,36,357,299,Kasey McAteer,MID,Leicester,11,16,0,2025-05-11T13:15:00Z,76,2,0,0,0,2,0,11,18.6,16.4,39.0,7.4,0.15,0.01,0.16,1.23,1,47
2024-25,36,357,300,Wilfred Ndidi,MID,Leicester,11,16,0,2025-05-11T13:15:00Z,90,2,0,0,0,2,0,14,17.6,12.2,2.0,3.2,0.0,0.0,0.0,1.31,1,49
2024-25,36,357,301,Caleb Okoli,DEF,Leicester,11,16,0,2025-05-11T13:15:00Z,1,1,0,0,0,0,0,3,0.0,0.0,0.0,0.0,0.0,0.0,0.0,0.02,0,40
2024-25,36,357,302,Ricardo Barbosa Pereira,DEF,Leicester,11,16,0,2025-05-11T13:15:00Z,0,0,0,0,0,0,0,0,0.0,0.0,0.0,0.0,0.0,0.0,0.0,0.0,0,41
2024-25,36,357,303,Harry Souttar,DEF,Leicester,11,16,0,2025-05-11T13:15:00Z,0,0,0,0,0,0,0,0,0.0,0.0,0.0,0.0,0.0,0.0,0.0,0.0,0,40
2024-25,36,357,304,Jakub Stolarczyk,GK,Leicester,11,16,0,2025-05-11T13:15:00Z,90,1,0,0,0,2,0,5,20.2,0.0,0.0,2.0,0.0,0.0,0.0,1.31,1,40
2024-25,36,357,305,Luke Thomas,DEF,Leicester,11,16,0,2025-05-11T13:15:00Z,76,0,0,0,0,2,0,-5,5.6,14.9,4.0,2.5,0.0,0.17,0.17,1.23,1,39
2024-25,36,357,306,Jamie Vardy,FWD,Leicester,11,16,0,2025-05-11T13:15:00Z,90,5,0,1,0,2,0,17,17.4,14.3,12.0,4.4,0.01,0.02,0.03,1.31,1,53
2024-25,36,357,307,Jannik Vestergaard,DEF,Leicester,11,16,0,2025-05-11T13:15:00Z,0,0,0,0,0,0,0,0,0.0,0.0,0.0,0.0,0.0,0.0,0.0,0.0,0,39
2024-25,36,357,308,Danny Ward,GK,Leicester,11,16,0,2025-05-11T13:15:00Z,0,0,0,0,0,0,0,0,0.0,0.0,0.0,0.0,0.0,0.0,0.0,0.0,0,39
2024-25,36,357,309,Harry Winks,MID,Leicester,11,16,0,2025-05-11T13:15:00Z,0,0,0,0,0,0,0,0,0.0,0.0,0.0,0.0,0.0,0.0,0.0,0.0,0,43
2024-25,36,354,310,Alisson Ramses Becker,GK,Liverpool,12,1,1,2025-05-11T15:30:00Z,90,2,0,0,0,2,0,9,27.8,0.0,0.0,2.8,0.0,0.0,0.0,2.31,1,55
2024-25,36,354,311,Trent Alexander-Arnold,DEF,Liverpool,12,1,1,2025-05-11T15:30:00Z,23,1,0,0,0,1,0,0,2.2,1.4,1.0,0.5,0.05,0.09,0.14,0.85,0,72
2024-25,36,354,312,Stefan Bajčetić Maquieira,MID,Liverpool,12,1,1,2025-05-11T15:30:00Z,0,0,0,0,0,0,0,0,0.0,0.0,0.0,0.0,0.0,0.0,0.0,0.0,0,45
2024-25,36,354,313,Conor Bradley,DEF,Liverpool,12,1,1,2025-05-11T15:30:00Z,66,1,0,0,0,1,0,3,8.0,0.0,0.0,0.8,0.0,0.0,0.0,1.46,1,47
2024-25,36,353,314,Fábio Freitas Gouveia Carvalho,MID,Brentford,4,10,0,2025-05-10T14:00:00Z,0,0,0,0,0,0,0,0,0.0,0.0,0.0,0.0,0.0,0.0,0.0,0.0,0,45
2024-25,36,354,315,Bobby Clark,MID,Liverpool,12,1,1,2025-05-11T15:30:00Z,0,0,0,0,0,0,0,0,0.0,0.0,0.0,0.0,0.0,0.0,0.0,0.0,0,45
2024-25,36,354,316,Darwin Núñez Ribeiro,FWD,Liverpool,12,1,1,2025-05-11T15:30:00Z,23,1,0,0,0,1,0,4,4.2,10.6,6.0,2.1,0.0,0.01,0.01,0.85,0,70
2024-25,36,354,317,Diogo Teixeira da Silva,MID,Liverpool,12,1,1,2025-05-11T15:30:00Z,11,1,0,0,0,0,0,2,0.0,0.5,4.0,0.3,0.09,0.0,0.09,0.1,0,72
2024-25,36,354,318,Ben Doak,MID,Liverpool,12,1,1,2025-05-11T15:30:00Z,0,0,0,0,0,0,0,0,0.0,0.0,0.0,0.0,0.0,0.0,0.0,0.0,0,45
2024-25,36,354,319,Harvey Elliott,MID,Liverpool,12,1,1,2025-05-11T15:30:00Z,7,1,0,0,0,0,0,1,0.0,0.8,4.0,0.0,0.05,0.02,0.07,0.1,0,52
2024-25,36,354,320,Endo Wataru,MID,Liverpool,12,1,1,2025-05-11T15:30:00Z,0,0,0,0,0,0,0,0,0.0,0.0,0.0,0.0,0.0,0.0,0.0,0.0,0,46
2024-25,36,354,321,Cody Gakpo,FWD,Liverpool,12,1,1,2025-05-11T15:30:00Z,65,9,1,0,0,1,3,33,33.8,10.8,43.0,8.8,0.57,0.01,0.58,1.46,1,72
2024-25,36,354,322,Joe Gomez,DEF,Liverpool,12,1,1,2025-05-11T15:30:00Z,0,0,0,0,0,0,0,0,0.0,0.0,0.0,0.0,0.0,0.0,0.0,0.0,0,47
2024-25,36,354,323,Ryan Gravenberch,MID,Liverpool,12,1,1,2025-05-11T15:30:00Z,82,2,0,0,0,2,0,3,0.2,0.8,6.0,0.7,0.08,0.01,0.09,2.21,1,50
2024-25,36,354,324,Curtis Jones,MID,Liverpool,12,1,1,2025-05-11T15:30:00Z,66,2,0,0,0,1,0,17,20.4,12.1,21.0,5.4,0.1,0.03,0.13,1.46,1,53
2024-25,36,354,325,Caoimhin Kelleher,GK,Liverpool,12,1,1,2025-05-11T15:30:00Z,0,0,0,0,0,0,0,0,0.0,0.0,0.0,0.0,0.0,0.0,0.0,0.0,0,40
2024-25,36,354,326,Ibrahima Konaté,DEF,Liverpool,12,1,1,2025-05-11T15:30:00Z,90,1,0,0,0,2,0,5,7.8,0.1,4.0,1.2,0.1,0.0,0.1,2.31,1,53
2024-25,36,354,327,Luis Díaz,MID,Liverpool,12,1,1,2025-05-11T15:30:00Z,78,8,1,0,0,2,1,29,41.8,11.0,56.0,10.9,1.28,0.04,1.32,2.21,1,75
2024-25,36,354,328,Mohamed Salah,MID,Liverpool,12,1,1,2025-05-11T15:30:00Z,90,2,0,0,0,2,0,7,4.0,30.4,20.0,5.4,0.0,0.39,0.39,2.31,1,137
2024-25,36,354,329,Alexis Mac Allister,MID,Liverpool,12,1,1,2025-05-11T15:30:00Z,24,1,0,0,0,1,0,3,2.0,15.8,0.0,1.8,0.0,0.14,0.14,0.85,0,62
2024-25,36,354,330,James McConnell,MID,Liverpool,12,1,1,2025-05-11T15:30:00Z,0,0,0,0,0,0,0,0,0.0,0.0,0.0,0.0,0.0,0.0,0.0,0.0,0,43
2024-25,36,354,331,Tyler Morton,MID,Liverpool,12,1,1,2025-05-11T15:30:00Z,0,0,0,0,0,0,0,0,0.0,0.0,0.0,0.0,0.0,0.0,0.0,0.0,0,44
2024-25,36,354,332,Nathaniel Phillips,DEF,Liverpool,12,1,1,2025-05-11T15:30:00Z,0,0,0,0,0,0,0,0,0.0,0.0,0.0,0.0,0.0,0.0,0.0,0.0,0,40
2024-25,36,354,333,Jarell Quansah,DEF,Liverpool,12,1,1,2025-05-11T15:30:00Z,0,0,0,0,0,0,0,0,0.0,0.0,0.0,0.0,0.0,0.0,0.0,0.0,0,39
2024-25,36,354,334,Rhys Williams,DEF,Liverpool,12,1,1,2025-05-11T15:30:00Z,0,0,0,0,0,0,0,0,0.0,0.0,0.0,0.0,0.0,0.0,0.0,0.0,0,40
2024-25,36,354,335,Andrew Robertson,DEF,Liverpool,12,1,1,2025-05-11T15:30:00Z,90,4,0,1,0,2,0,13,26.6,25.0,7.0,5.9,0.17,0.27,0.44,2.31,1,58
2024-25,36,354,336,Dominik Szoboszlai,MID,Liverpool,12,1,1,2025-05-11T15:30:00Z,90,5,0,1,0,2,0,23,27.8,29.8,15.0,7.3,0.06,0.63,0.69,2.31,1,62
2024-25,36,354,337,Konstantinos Tsimikas,DEF,Liverpool,12,1,1,2025-05-11T15:30:00Z,0,0,0,0,0,0,0,0,0.0,0.0,0.0,0.0,0.0,0.0,0.0,0.0,0,46
2024-25,36,353,338,Sepp van den Berg,DEF,Brentford,4,10,0,2025-05-10T14:00:00Z,90,6,0,0,1,0,0,26,12.4,0.6,4.0,1.7,0.11,0.01,0.12,0.93,1,41
2024-25,36,354,339,Virgil van Dijk,DEF,Liverpool,12,1,1,2025-05-11T15:30:00Z,90,1,0,0,0,2,0,5,22.0,0.6,0.0,2.3,0.0,0.03,0.03,2.31,1,67
2024-25,36,358,340,Manuel Akanji,DEF,Man City,13,17,0,2025-05-10T14:00:00Z,90,6,0,0,1,0,0,26,17.2,12.2,33.0,6.2,0.46,0.18,0.64,0.1,1,53
2024-25,36,358,341,Nathan Aké,DEF,Man City,13,17,0,2025-05-10T14:00:00Z,0,0,0,0,0,0,0,0,0.0,0.0,0.0,0.0,0.0,0.0,0.0,0.0,0,53
2024-25,36,358,342,Bernardo Veiga de Carvalho e Silva,MID,Man City,13,17,0,2025-05-10T14:00:00Z,90,3,0,0,1,0,0,18,11.2,31.9,19.0,6.2,0.36,0.21,0.57,0.1,1,61
2024-25,36,358,343,Oscar Bobb,MID,Man City,13,17,0,2025-05-10T14:00:00Z,0,0,0,0,0,0,0,0,0.0,0.0,0.0,0.0,0.0,0.0,0.0,0.0,0,47
2024-25,36,358,344,Scott Carson,GK,Man City,13,17,0,2025-05-10T14:00:00Z,0,0,0,0,0,0,0,0,0.0,0.0,0.0,0.0,0.0,0.0,0.0,0.0,0,39
2024-25,36,358,345,Kevin De Bruyne,MID,Man City,13,17,0,2025-05-10T14:00:00Z,90,3,0,0,1,0,0,20,18.0,80.6,25.0,12.4,0.37,0.81,1.18,0.1,1,96
2024-25,36,358,346,Jérémy Doku,MID,Man City,13,17,0,2025-05-10T14:00:00Z,45,1,0,0,0,0,0,12,15.2,39.8,38.0,9.3,0.0,0.2,0.2,0.07,0,62
2024-25,36,358,347,Ederson Santana de Moraes,GK,Man City,13,17,0,2025-05-10T14:00:00Z,90,6,0,0,1,0,0,19,2.0,0.0,0.0,0.2,0.0,0.0,0.0,0.1,1,53
2024-25,36,358,348,Phil Foden,MID,Man City,13,17,0,2025-05-10T14:00:00Z,75,3,0,0,1,0,0,14,5.4,29.7,9.0,4.4,0.04,0.2,0.24,0.1,1,91
2024-25,36,358,349,Jack Grealish,MID,Man City,13,17,0,2025-05-10T14:00:00Z,0,0,0,0,0,0,0,0,0.0,0.0,0.0,0.0,0.0,0.0,0.0,0.0,0,64
2024-25,36,358,350,Joško Gvardiol,DEF,Man City,13,17,0,2025-05-10T14:00:00Z,90,6,0,0,1,0,0,24,10.2,10.9,26.0,4.7,0.07,0.08,0.15,0.1,1,64
2024-25,36,358,351,Erling Haaland,FWD,Man City,13,17,0,2025-05-10T14:00:00Z,90,2,0,0,1,0,0,6,3.4,22.6,24.0,5.0,0.05,0.21,0.26,0.1,1,148
2024-25,36,358,352,Julián Álvarez,FWD,Man City,13,17,0,2025-05-10T14:00:00Z,0,0,0,0,0,0,0,0,0.0,0.0,0.0,0.0,0.0,0.0,0.0,0.0,0,70
2024-25,36,358,353,João Cavaco Cancelo,DEF,Man City,13,17,0,2025-05-10T14:00:00Z,0,0,0,0,0,0,0,0,0.0,0.0,0.0,0.0,0.0,0.0,0.0,0.0,0,53
2024-25,36,358,354,Mateo Kovačić,MID,Man City,13,17,0,2025-05-10T14:00:00Z,83,3,0,0,1,0,0,17,13.8,30.4,8.0,5.2,0.11,0.11,0.22,0.1,1,54
2024-25,36,358,355,Rico Lewis,DEF,Man City,13,17,0,2025-05-10T14:00:00Z,75,6,0,0,1,0,0,22,4.8,11.4,8.0,2.4,0.0,0.06,0.06,0.1,1,43
2024-25,36,358,356,Matheus Luiz Nunes,MID,Man City,13,17,0,2025-05-10T14:00:00Z,0,0,0,0,0,0,0,0,0.0,0.0,0.0,0.0,0.0,0.0,0.0,0.0,0,49
2024-25,36,358,357,James McAtee,MID,Man City,13,17,0,2025-05-10T14:00:00Z,45,1,0,0,0,0,0,4,4.4,17.8,2.0,2.4,0.0,0.17,0.17,0.03,1,46
2024-25,36,358,358,Stefan Ortega Moreno,GK,Man City,13,17,0,2025-05-10T14:00:00Z,0,0,0,0,0,0,0,0,0.0,0.0,0.0,0.0,0.0,0.0,0.0,0.0,0,52
2024-25,36,353,359,Kalvin Phillips,MID,Ipswich,10,4,1,2025-05-10T14:00:00Z,0,0,0,0,0,0,0,0,0.0,0.0,0.0,0.0,0.0,0.0,0.0,0.0,0,48
2024-25,36,358,360,Rodrigo 'Rodri' Hernandez,MID,Man City,13,17,0,2025-05-10T14:00:00Z,0,0,0,0,0,0,0,0,0.0,0.0,0.0,0.0,0.0,0.0,0.0,0.0,0,62
2024-25,36,358,361,Rúben Gato Alves Dias,DEF,Man City,13,17,0,2025-05-10T14:00:00Z,90,9,0,0,1,0,3,31,32.6,12.4,30.0,7.5,0.09,0.16,0.25,0.1,1,55
2024-25,36,358,362,John Stones,DEF,Man City,13,17,0,2025-05-10T14:00:00Z,0,0,0,0,0,0,0,0,0.0,0.0,0.0,0.0,0.0,0.0,0.0,0.0,0,53
2024-25,36,358,363,Kyle Walker,DEF,Man City,13,17,0,2025-05-10T14:00:00Z,0,0,0,0,0,0,0,0,0.0,0.0,0.0,0.0,0.0,0.0,0.0,0.0,0,51
2024-25,36,355,364,Amad Diallo,MID,Man Utd,14,19,1,2025-05-11T13:15:00Z,82,2,0,0,0,2,0,27,18.4,61.3,33.0,11.3,0.03,0.15,0.18,1.28,1,53
2024-25,36,355,365,Antony Matheus dos Santos,MID,Man Utd,14,19,1,2025-05-11T13:15:00Z,0,0,0,0,0,0,0,0,0.0,0.0,0.0,0.0,0.0,0.0,0.0,0.0,0,57
2024-25,36,355,366,Bruno Borges Fernandes,MID,Man Utd,14,19,1,2025-05-11T13:15:00Z,90,2,0,0,0,2,0,19,19.6,65.4,8.0,9.3,0.14,0.42,0.56,1.56,1,85
2024-25,36,355,367,Altay Bayindir,GK,Man Utd,14,19,1,2025-05-11T13:15:00Z,90,1,0,0,0,2,0,4,19.4,0.0,0.0,1.9,0.0,0.0,0.0,1.56,1,43
2024-25,36,355,368,Carlos Henrique Casimiro,MID,Man Utd,14,19,1,2025-05-11T13:15:00Z,0,0,0,0,0,0,0,0,0.0,0.0,0.0,0.0,0.0,0.0,0.0,0.0,0,46
2024-25,36,355,369,Diogo Dalot Teixeira,DEF,Man Utd,14,19,1,2025-05-11T13:15:00Z,0,0,0,0,0,0,0,0,0.0,0.0,0.0,0.0,0.0,0.0,0.0,0.0,0,50
2024-25,36,355,370,Christian Eriksen,MID,Man Utd,14,19,1,2025-05-11T13:15:00Z,7,1,0,0,0,0,0,5,7.2,18.6,2.0,2.8,0.07,0.31,0.38,0.29,0,52
2024-25,36,355,371,Jonny Evans,DEF,Man Utd,14,19,1,2025-05-11T13:15:00Z,0,0,0,0,0,0,0,0,0.0,0.0,0.0,0.0,0.0,0.0,0.0,0.0,0,44
2024-25,36,355,372,Alejandro Garnacho,MID,Man Utd,14,19,1,2025-05-11T13:15:00Z,31,1,0,0,0,0,0,2,6.2,29.8,15.0,5.1,0.12,0.03,0.15,0.29,0,59
2024-25,36,355,373,Hannibal Mejbri,MID,Man Utd,14,19,1,2025-05-11T13:15:00Z,0,0,0,0,0,0,0,0,0.0,0.0,0.0,0.0,0.0,0.0,0.0,0.0,0,45
2024-25,36,355,374,Tom Heaton,GK,Man Utd,14,19,1,2025-05-11T13:15:00Z,0,0,0,0,0,0,0,0,0.0,0.0,0.0,0.0,0.0,0.0,0.0,0.0,0,39
2024-25,36,355,375,Rasmus Højlund,FWD,Man Utd,14,19,1,2025-05-11T13:15:00Z,90,2,0,0,0,2,0,-4,0.0,3.3,70.0,7.2,1.31,0.01,1.32,1.56,1,69
2024-25,36,355,376,Victor Lindelöf,DEF,Man Utd,14,19,1,2025-05-11T13:15:00Z,38,1,0,0,0,1,0,0,6.6,1.4,2.0,1.0,0.0,0.01,0.01,0.64,0,43
2024-25,36,355,377,Harry Maguire,DEF,Man Utd,14,19,1,2025-05-11T13:15:00Z,38,1,0,0,0,1,0,3,11.2,10.7,28.0,5.0,0.36,0.01,0.37,0.64,0,49
2024-25,36,355,378,Kobbie Mainoo,MID,Man Utd,14,19,1,2025-05-11T13:15:00Z,90,2,0,0,0,2,0,13,7.0,8.0,8.0,2.3,0.17,0.09,0.26,1.56,1,52
2024-25,36,355,379,Tyrell Malacia,DEF,Man Utd,14,19,1,2025-05-11T13:15:00Z,0,0,0,0,0,0,0,0,0.0,0.0,0.0,0.0,0.0,0.0,0.0,0.0,0,44
2024-25,36,355,380,Lisandro Martínez,DEF,Man Utd,14,19,1,2025-05-11T13:15:00Z,0,0,0,0,0,0,0,0,0.0,0.0,0.0,0.0,0.0,0.0,0.0,0.0,0,43
2024-25,36,355,381,Scott McTominay,MID,Man Utd,14,19,1,2025-05-11T13:15:00Z,0,0,0,0,0,0,0,0,0.0,0.0,0.0,0.0,0.0,0.0,0.0,0.0,0,49
2024-25,36,355,382,Mason Mount,MID,Man Utd,14,19,1,2025-05-11T13:15:00Z,58,1,0,0,0,2,0,6,14.0,27.8,19.0,6.1,0.06,0.2,0.26,1.28,1,63
2024-25,36,355,383,André Onana,GK,Man Utd,14,19,1,2025-05-11T13:15:00Z,0,0,0,0,0,0,0,0,0.0,0.0,0.0,0.0,0.0,0.0,0.0,0.0,0,49
2024-25,36,355,384,Facundo Pellistri Rebollo,MID,Man Utd,14,19,1,2025-05-11T13:15:00Z,0,0,0,0,0,0,0,0,0.0,0.0,0.0,0.0,0.0,0.0,0.0,0.0,0,50
2024-25,36,351,385,Marcus Rashford,MID,Aston Villa,2,3,0,2025-05-10T16:30:00Z,0,0,0,0,0,0,0,0,0.0,0.0,0.0,0.0,0.0,0.0,0.0,0.0,0,66
2024-25,36,356,386,Jadon Sancho,MID,Chelsea,6,15,0,2025-05-11T11:00:00Z,15,1,0,0,0,1,0,5,4.6,12.8,4.0,2.1,0.0,0.04,0.04,0.01,0,62
2024-25,36,355,387,Luke Shaw,DEF,Man Utd,14,19,1,2025-05-11T13:15:00Z,51,1,0,0,0,1,0,4,3.0,1.3,0.0,0.4,0.0,0.01,0.01,0.92,1,49
2024-25,36,355,388,Aaron Wan-Bissaka,DEF,West Ham,19,14,0,2025-05-11T13:15:00Z,90,12,0,1,1,0,3,36,33.4,23.8,6.0,6.3,0.0,0.22,0.22,2.28,1,44
2024-25,36,355,389,Joshua Zirkzee,FWD,Man Utd,14,19,1,2025-05-11T13:15:00Z,0,0,0,0,0,0,0,0,0.0,0.0,0.0,0.0,0.0,0.0,0.0,0.0,0,65
2024-25,36,356,390,Alex Murphy,DEF,Newcastle,15,6,1,2025-05-11T11:00:00Z,0,0,0,0,0,0,0,0,0.0,0.0,0.0,0.0,0.0,0.0,0.0,0.0,0,40
2024-25,36,356,391,Miguel Almirón Rejala,MID,Newcastle,15,6,1,2025-05-11T11:00:00Z,0,0,0,0,0,0,0,0,0.0,0.0,0.0,0.0,0.0,0.0,0.0,0.0,0,54
2024-25,36,356,392,Harvey Barnes,MID,Newcastle,15,6,1,2025-05-11T11:00:00Z,90,3,0,0,1,0,0,6,12.2,29.7,48.0,9.0,0.37,0.14,0.51,0.69,1,60
2024-25,36,356,393,Sven Botman,DEF,Newcastle,15,6,1,2025-05-11T11:00:00Z,54,1,0,0,0,0,0,17,25.2,10.8,2.0,3.8,0.0,0.03,0.03,0.52,1,44
2024-25,36,356,394,Bruno Guimarães Rodriguez Moura,MID,Newcastle,15,6,1,2025-05-11T11:00:00Z,90,7,1,0,1,0,0,27,40.6,19.8,17.0,7.7,0.1,0.07,0.17,0.69,1,62
2024-25,36,356,395,Dan Burn,DEF,Newcastle,15,6,1,2025-05-11T11:00:00Z,90,11,0,1,1,0,2,38,36.6,11.8,21.0,6.9,0.08,0.01,0.09,0.69,1,45
2024-25,36,356,396,Martin Dúbravka,GK,Newcastle,15,6,1,2025-05-11T11:00:00Z,0,0,0,0,0,0,0,0,0.0,0.0,0.0,0.0,0.0,0.0,0.0,0.0,0,40
2024-25,36,358,397,Ryan Fraser,MID,Southampton,17,13,1,2025-05-10T14:00:00Z,0,0,0,0,0,0,0,0,0.0,0.0,0.0,0.0,0.0,0.0,0.0,0.0,0,48
2024-25,36,356,398,Anthony Gordon,MID,Newcastle,15,6,1,2025-05-11T11:00:00Z,64,3,0,0,1,0,0,7,0.0,2.9,6.0,0.8,0.0,0.02,0.02,0.55,1,74
2024-25,36,356,399,Lewis Hall,DEF,Newcastle,15,6,1,2025-05-11T11:00:00Z,0,0,0,0,0,0,0,0,0.0,0.0,0.0,0.0,0.0,0.0,0.0,0.0,0,47
2024-25,36,356,400,Isaac Hayden,MID,Newcastle,15,6,1,2025-05-11T11:00:00Z,0,0,0,0,0,0,0,0,0.0,0.0,0.0,0.0,0.0,0.0,0.0,0.0,0,44
2024-25,36,356,401,Alexander Isak,FWD,Newcastle,15,6,1,2025-05-11T11:00:00Z,90,2,0,0,1,0,0,6,1.6,3.4,66.0,7.1,0.32,0.03,0.35,0.69,1,96
2024-25,36,356,402,Jacob Murphy,MID,Newcastle,15,6,1,2025-05-11T11:00:00Z,90,5,0,1,1,0,0,24,38.8,43.9,9.0,9.2,0.03,0.82,0.85,0.69,1,53
2024-25,36,356,403,Joelinton Cássio Apolinário de Lira,MID,Newcastle,15,6,1,2025-05-11T11:00:00Z,0,0,0,0,0,0,0,0,0.0,0.0,0.0,0.0,0.0,0.0,0.0,0.0,0,60
2024-25,36,356,404,Lloyd Kelly,DEF,Newcastle,15,6,1,2025-05-11T11:00:00Z,0,0,0,0,0,0,0,0,0.0,0.0,0.0,0.0,0.0,0.0,0.0,0.0,0,42
2024-25,36,356,405,Emil Krafth,DEF,Newcastle,15,6,1,2025-05-11T11:00:00Z,25,0,0,0,0,0,0,0,2.4,0.8,0.0,0.3,0.0,0.01,0.01,0.14,0,43
2024-25,36,356,406,Garang Kuol,MID,Newcastle,15,6,1,2025-05-11T11:00:00Z,0,0,0,0,0,0,0,0,0.0,0.0,0.0,0.0,0.0,0.0,0.0,0.0,0,44
2024-25,36,356,407,Jamaal Lascelles,DEF,Newcastle,15,6,1,2025-05-11T11:00:00Z,0,0,0,0,0,0,0,0,0.0,0.0,0.0,0.0,0.0,0.0,0.0,0.0,0,45
2024-25,36,356,408,Jamal Lewis,DEF,Newcastle,15,6,1,2025-05-11T11:00:00Z,0,0,0,0,0,0,0,0,0.0,0.0,0.0,0.0,0.0,0.0,0.0,0.0,0,40
2024-25,36,356,409,Tino Livramento,DEF,Newcastle,15,6,1,2025-05-11T11:00:00Z,90,7,0,0,1,0,1,33,19.6,35.8,6.0,6.1,0.0,0.34,0.34,0.69,1,46
2024-25,36,356,410,Sean Longstaff,MID,Newcastle,15,6,1,2025-05-11T11:00:00Z,1,1,0,0,0,0,0,3,0.2,0.0,0.0,0.0,0.0,0.0,0.0,0.0,0,44
2024-25,36,356,411,Lewis Miley,MID,Newcastle,15,6,1,2025-05-11T11:00:00Z,35,1,0,0,0,0,0,5,2.8,1.0,2.0,0.6,0.0,0.01,0.01,0.17,0,50
2024-25,36,356,412,Odysseas Vlachodimos,GK,Newcastle,15,6,1,2025-05-11T11:00:00Z,0,0,0,0,0,0,0,0,0.0,0.0,0.0,0.0,0.0,0.0,0.0,0.0,0,42
2024-25,36,356,413,Nick Pope,GK,Newcastle,15,6,1,2025-05-11T11:00:00Z,90,7,0,0,1,0,0,27,22.6,0.0,0.0,2.3,0.0,0.0,0.0,0.69,1,50
2024-25,36,356,414,John Ruddy,GK,Newcastle,15,6,1,2025-05-11T11:00:00Z,0,0,0,0,0,0,0,0,0.0,0.0,0.0,0.0,0.0,0.0,0.0,0.0,0,39
2024-25,36,356,415,Fabian Schär,DEF,Newcastle,15,6,1,2025-05-11T11:00:00Z,90,5,0,0,1,0,0,21,18.6,1.8,2.0,2.2,0.0,0.02,0.02,0.69,1,56
2024-25,36,356,416,Matt Targett,DEF,Newcastle,15,6,1,2025-05-11T11:00:00Z,0,0,0,0,0,0,0,0,0.0,0.0,0.0,0.0,0.0,0.0,0.0,0.0,0,39
2024-25,36,356,417,Sandro Tonali,MID,Newcastle,15,6,1,2025-05-11T11:00:00Z,90,11,1,0,1,0,3,41,44.0,35.2,35.0,11.4,0.67,0.17,0.84,0.69,1,55
2024-25,36,356,418,Kieran Trippier,DEF,Newcastle,15,6,1,2025-05-11T11:00:00Z,0,0,0,0,0,0,0,0,0.0,0.0,0.0,0.0,0.0,0.0,0.0,0.0,0,57
2024-25,36,356,419,Joe White,MID,Newcastle,15,6,1,2025-05-11T11:00:00Z,0,0,0,0,0,0,0,0,0.0,0.0,0.0,0.0,0.0,0.0,0.0,0.0,0,45
2024-25,36,356,420,Joe Willock,MID,Newcastle,15,6,1,2025-05-11T11:00:00Z,0,0,0,0,0,0,0,0,0.0,0.0,0.0,0.0,0.0,0.0,0.0,0.0,0,47
2024-25,36,356,421,Callum Wilson,FWD,Newcastle,15,6,1,2025-05-11T11:00:00Z,1,1,0,0,0,0,0,3,0.0,1.0,0.0,0.1,0.0,0.0,0.0,0.0,0,69
2024-25,36,357,422,Ola Aina,DEF,Nott'm Forest,16,11,1,2025-05-11T13:15:00Z,90,0,0,0,0,2,0,6,8.6,2.3,0.0,1.1,0.0,0.03,0.03,1.07,1,52
2024-25,36,357,423,Elliot Anderson,MID,Nott'm Forest,16,11,1,2025-05-11T13:15:00Z,90,1,0,0,0,2,0,4,12.2,13.9,5.0,3.1,0.06,0.02,0.08,0.92,1,50
2024-25,36,357,424,Taiwo Awoniyi,FWD,Nott'm Forest,16,11,1,2025-05-11T13:15:00Z,7,1,0,0,0,0,0,3,0.0,0.0,0.0,0.0,0.0,0.0,0.0,0.15,0,55
2024-25,36,357,425,Willy Boly,DEF,Nott'm Forest,16,11,1,2025-05-11T13:15:00Z,0,0,0,0,0,0,0,0,0.0,0.0,0.0,0.0,0.0,0.0,0.0,0.0,0,42
2024-25,36,357,426,Josh Bowler,MID,Nott'm Forest,16,11,1,2025-05-11T13:15:00Z,0,0,0,0,0,0,0,0,0.0,0.0,0.0,0.0,0.0,0.0,0.0,0.0,0,45
2024-25,36,357,427,Carlos Miguel dos Santos Pereira,GK,Nott'm Forest,16,11,1,2025-05-11T13:15:00Z,0,0,0,0,0,0,0,0,0.0,0.0,0.0,0.0,0.0,0.0,0.0,0.0,0,41
2024-25,36,357,428,Eric da Silva Moreira,MID,Nott'm Forest,16,11,1,2025-05-11T13:15:00Z,0,0,0,0,0,0,0,0,0.0,0.0,0.0,0.0,0.0,0.0,0.0,0.0,0,43
2024-25,36,357,429,Danilo dos Santos de Oliveira,MID,Nott'm Forest,16,11,1,2025-05-11T13:15:00Z,0,0,0,0,0,0,0,0,0.0,0.0,0.0,0.0,0.0,0.0,0.0,0.0,0,47
2024-25,36,357,430,Emmanuel Dennis,FWD,Nott'm Forest,16,11,1,2025-05-11T13:15:00Z,0,0,0,0,0,0,0,0,0.0,0.0,0.0,0.0,0.0,0.0,0.0,0.0,0,49
2024-25,36,357,431,Nicolás Domínguez,MID,Nott'm Forest,16,11,1,2025-05-11T13:15:00Z,73,2,0,0,0,1,0,11,12.8,4.7,38.0,5.6,0.18,0.04,0.22,0.68,1,48
2024-25,36,357,432,Anthony Elanga,MID,Nott'm Forest,16,11,1,2025-05-11T13:15:00Z,90,7,0,1,0,2,2,27,27.8,53.0,8.0,8.9,0.03,0.34,0.37,1.07,1,55
2024-25,36,357,433,Morgan Gibbs-White,MID,Nott'm Forest,16,11,1,2025-05-11T13:15:00Z,90,13,1,1,0,2,3,43,54.0,30.8,38.0,12.3,0.28,0.13,0.41,1.07,1,64
2024-25,36,357,434,Callum Hudson-Odoi,MID,Nott'm Forest,16,11,1,2025-05-11T13:15:00Z,0,0,0,0,0,0,0,0,0.0,0.0,0.0,0.0,0.0,0.0,0.0,0.0,0,51
2024-25,36,357,435,Alex Mighten,MID,Nott'm Forest,16,11,1,2025-05-11T13:15:00Z,0,0,0,0,0,0,0,0,0.0,0.0,0.0,0.0,0.0,0.0,0.0,0.0,0,45
2024-25,36,357,436,Murillo Santiago Costa dos Santos,DEF,Nott'm Forest,16,11,1,2025-05-11T13:15:00Z,0,0,0,0,0,0,0,0,0.0,0.0,0.0,0.0,0.0,0.0,0.0,0.0,0,48
2024-25,36,357,437,Neco Williams,DEF,Nott'm Forest,16,11,1,2025-05-11T13:15:00Z,90,1,0,0,0,2,0,6,14.4,13.3,4.0,3.2,0.0,0.03,0.03,1.07,1,45
2024-25,36,357,438,Omar Richards,DEF,Nott'm Forest,16,11,1,2025-05-11T13:15:00Z,0,0,0,0,0,0,0,0,0.0,0.0,0.0,0.0,0.0,0.0,0.0,0.0,0,45
2024-25,36,357,439,Lewis O'Brien,MID,Nott'm Forest,16,11,1,2025-05-11T13:15:00Z,0,0,0,0,0,0,0,0,0.0,0.0,0.0,0.0,0.0,0.0,0.0,0.0,0,50
2024-25,36,357,440,Andrew Omobamidele,DEF,Nott'm Forest,16,11,1,2025-05-11T13:15:00Z,0,0,0,0,0,0,0,0,0.0,0.0,0.0,0.0,0.0,0.0,0.0,0.0,0,42
2024-25,36,357,441,Jonathan Panzo,DEF,Nott'm Forest,16,11,1,2025-05-11T13:15:00Z,0,0,0,0,0,0,0,0,0.0,0.0,0.0,0.0,0.0,0.0,0.0,0.0,0,40
2024-25,36,357,442,Ibrahim Sangaré,MID,Nott'm Forest,16,11,1,2025-05-11T13:15:00Z,82,2,0,0,0,2,0,20,20.0,20.1,0.0,4.0,0.0,0.02,0.02,0.92,1,43
2024-25,36,357,443,Matz Sels,GK,Nott'm Forest,16,11,1,2025-05-11T13:15:00Z,90,2,0,0,0,2,0,8,28.2,0.0,0.0,2.8,0.0,0.0,0.0,1.07,1,52
2024-25,36,357,444,Harry Toffolo,DEF,Nott'm Forest,16,11,1,2025-05-11T13:15:00Z,0,0,0,0,0,0,0,0,0.0,0.0,0.0,0.0,0.0,0.0,0.0,0.0,0,42
2024-25,36,359,445,Matt Turner,GK,Crystal Palace,7,18,0,2025-05-11T13:15:00Z,0,0,0,0,0,0,0,0,0.0,0.0,0.0,0.0,0.0,0.0,0.0,0.0,0,39
2024-25,36,357,446,Hwang Ui-jo,FWD,Nott'm Forest,16,11,1,2025-05-11T13:15:00Z,0,0,0,0,0,0,0,0,0.0,0.0,0.0,0.0,0.0,0.0,0.0,0.0,0,45
2024-25,36,357,447,Chris Wood,FWD,Nott'm Forest,16,11,1,2025-05-11T13:15:00Z,90,8,1,0,0,2,2,27,29.2,10.7,39.0,7.9,0.74,0.0,0.74,1.07,1,71
2024-25,36,357,448,Joe Worrall,DEF,Nott'm Forest,16,11,1,2025-05-11T13:15:00Z,0,0,0,0,0,0,0,0,0.0,0.0,0.0,0.0,0.0,0.0,0.0,0.0,0,45
2024-25,36,357,449,Ryan Yates,MID,Nott'm Forest,16,11,1,2025-05-11T13:15:00Z,16,1,0,0,0,1,0,4,4.6,10.6,2.0,1.7,0.05,0.01,0.06,0.39,0,48
2024-25,36,352,450,Carlos Alcaraz Durán,MID,Everton,8,9,0,2025-05-10T14:00:00Z,83,5,0,1,0,1,0,19,26.2,24.3,22.0,7.3,0.12,0.03,0.15,0.66,1,47
2024-25,36,358,451,Samuel Amo-Ameyaw,MID,Southampton,17,13,1,2025-05-10T14:00:00Z,0,0,0,0,0,0,0,0,0.0,0.0,0.0,0.0,0.0,0.0,0.0,0.0,0,44
2024-25,36,358,452,Joe Aribo,MID,Southampton,17,13,1,2025-05-10T14:00:00Z,45,1,0,0,0,0,0,10,17.0,0.8,0.0,1.8,0.0,0.01,0.01,1.17,0,49
2024-25,36,358,453,Adam Armstrong,FWD,Southampton,17,13,1,2025-05-10T14:00:00Z,0,0,0,0,0,0,0,0,0.0,0.0,0.0,0.0,0.0,0.0,0.0,0.0,0,51
2024-25,36,358,454,Gavin Bazunu,GK,Southampton,17,13,1,2025-05-10T14:00:00Z,0,0,0,0,0,0,0,0,0.0,0.0,0.0,0.0,0.0,0.0,0.0,0.0,0,43
2024-25,36,358,455,Jan Bednarek,DEF,Southampton,17,13,1,2025-05-10T14:00:00Z,90,7,0,0,1,0,1,30,40.2,0.2,0.0,4.0,0.0,0.0,0.0,1.82,1,40
2024-25,36,358,456,Armel Bella-Kotchap,DEF,Southampton,17,13,1,2025-05-10T14:00:00Z,0,0,0,0,0,0,0,0,0.0,0.0,0.0,0.0,0.0,0.0,0.0,0.0,0,39
2024-25,36,358,457,James Bree,DEF,Southampton,17,13,1,2025-05-10T14:00:00Z,90,6,0,0,1,0,0,28,15.2,4.3,0.0,2.0,0.0,0.03,0.03,1.82,1,39
2024-25,36,358,458,Shea Charles,MID,Southampton,17,13,1,2025-05-10T14:00:00Z,0,0,0,0,0,0,0,0,0.0,0.0,0.0,0.0,0.0,0.0,0.0,0.0,0,45
2024-25,36,358,459,Samuel Edozie,MID,Southampton,17,13,1,2025-05-10T14:00:00Z,0,0,0,0,0,0,0,0,0.0,0.0,0.0,0.0,0.0,0.0,0.0,0.0,0,49
2024-25,36,358,460,Ronnie Edwards,DEF,Southampton,17,13,1,2025-05-10T14:00:00Z,0,0,0,0,0,0,0,0,0.0,0.0,0.0,0.0,0.0,0.0,0.0,0.0,0,39
2024-25,36,358,461,Taylor Harwood-Bellis,DEF,Southampton,17,13,1,2025-05-10T14:00:00Z,90,6,0,0,1,0,0,22,19.6,0.3,0.0,2.0,0.0,0.01,0.01,1.82,1,39
2024-25,36,358,462,Kamaldeen Sulemana,MID,Southampton,17,13,1,2025-05-10T14:00:00Z,87,3,0,0,1,0,0,7,16.2,1.0,9.0,2.6,0.03,0.01,0.04,1.71,1,50
2024-25,36,358,463,Adam Lallana,MID,Southampton,17,13,1,2025-05-10T14:00:00Z,0,0,0,0,0,0,0,0,0.0,0.0,0.0,0.0,0.0,0.0,0.0,0.0,0,50
2024-25,36,358,464,Juan Larios López,DEF,Southampton,17,13,1,2025-05-10T14:00:00Z,0,0,0,0,0,0,0,0,0.0,0.0,0.0,0.0,0.0,0.0,0.0,0.0,0,39
2024-25,36,358,465,Mateusz Lis,GK,Southampton,17,13,1,2025-05-10T14:00:00Z,0,0,0,0,0,0,0,0,0.0,0.0,0.0,0.0,0.0,0.0,0.0,0.0,0,40
2024-25,36,358,466,Joe Lumley,GK,Southampton,17,13,1,2025-05-10T14:00:00Z,0,0,0,0,0,0,0,0,0.0,0.0,0.0,0.0,0.0,0.0,0.0,0.0,0,40
2024-25,36,358,467,Ryan Manning,DEF,Southampton,17,13,1,2025-05-10T14:00:00Z,2,1,0,0,0,0,0,3,3.0,0.0,0.0,0.3,0.0,0.0,0.0,0.11,0,43
2024-25,36,358,468,Sékou Mara,FWD,Southampton,17,13,1,2025-05-10T14:00:00Z,0,0,0,0,0,0,0,0,0.0,0.0,0.0,0.0,0.0,0.0,0.0,0.0,0,50
2024-25,36,358,469,Alex McCarthy,GK,Southampton,17,13,1,2025-05-10T14:00:00Z,0,0,0,0,0,0,0,0,0.0,0.0,0.0,0.0,0.0,0.0,0.0,0.0,0,42
2024-25,36,358,470,Paul Onuachu,FWD,Southampton,17,13,1,2025-05-10T14:00:00Z,0,0,0,0,0,0,0,0,0.0,0.0,0.0,0.0,0.0,0.0,0.0,0.0,0,49
2024-25,36,358,471,Will Smallbone,MID,Southampton,17,13,1,2025-05-10T14:00:00Z,1,1,0,0,0,0,0,3,0.0,0.0,0.0,0.0,0.0,0.0,0.0,0.0,0,50
2024-25,36,358,472,Jack Stephens,DEF,Southampton,17,13,1,2025-05-10T14:00:00Z,90,6,0,0,1,0,0,25,24.6,0.5,0.0,2.5,0.0,0.0,0.0,1.82,1,40
2024-25,36,358,473,Ross Stewart,FWD,Southampton,17,13,1,2025-05-10T14:00:00Z,2,1,0,0,0,0,0,3,0.2,0.1,0.0,0.0,0.0,0.0,0.0,0.11,0,44
2024-25,36,358,474,Sugawara Yukinari,DEF,Southampton,17,13,1,2025-05-10T14:00:00Z,0,0,0,0,0,0,0,0,0.0,0.0,0.0,0.0,0.0,0.0,0.0,0.0,0,42
2024-25,36,358,475,Charlie Taylor,DEF,Southampton,17,13,1,2025-05-10T14:00:00Z,0,0,0,0,0,0,0,0,0.0,0.0,0.0,0.0,0.0,0.0,0.0,0.0,0,39
2024-25,36,358,476,Kyle Walker-Peters,DEF,Southampton,17,13,1,2025-05-10T14:00:00Z,0,0,0,0,0,0,0,0,0.0,0.0,0.0,0.0,0.0,0.0,0.0,0.0,0,42
2024-25,36,358,477,Nathan Wood-Gordon,DEF,Southampton,17,13,1,2025-05-10T14:00:00Z,0,0,0,0,0,0,0,0,0.0,0.0,0.0,0.0,0.0,0.0,0.0,0.0,0,40
2024-25,36,359,478,Ashley Phillips,DEF,Spurs,18,7,1,2025-05-11T13:15:00Z,0,0,0,0,0,0,0,0,0.0,0.0,0.0,0.0,0.0,0.0,0.0,0.0,0,40
2024-25,36,359,479,Brandon Austin,GK,Spurs,18,7,1,2025-05-11T13:15:00Z,0,0,0,0,0,0,0,0,0.0,0.0,0.0,0.0,0.0,0.0,0.0,0.0,0,40
2024-25,36,359,480,Rodrigo Bentancur,MID,Spurs,18,7,1,2025-05-11T13:15:00Z,45,0,0,0,0,1,0,1,1.4,0.2,0.0,0.2,0.0,0.0,0.0,2.02,1,49
2024-25,36,359,481,Lucas Bergvall,MID,Spurs,18,7,1,2025-05-11T13:15:00Z,0,0,0,0,0,0,0,0,0.0,0.0,0.0,0.0,0.0,0.0,0.0,0.0,0,44
2024-25,36,359,482,Yves Bissouma,MID,Spurs,18,7,1,2025-05-11T13:15:00Z,45,1,0,0,0,1,0,3,5.8,0.8,0.0,0.7,0.0,0.0,0.0,1.37,0,48
2024-25,36,359,483,Bryan Gil Salvatierra,MID,Spurs,18,7,1,2025-05-11T13:15:00Z,0,0,0,0,0,0,0,0,0.0,0.0,0.0,0.0,0.0,0.0,0.0,0.0,0,50
2024-25,36,359,484,Ben Davies,DEF,Spurs,18,7,1,2025-05-11T13:15:00Z,90,1,0,0,0,2,0,4,26.8,0.9,2.0,3.0,0.0,0.0,0.0,3.39,1,43
2024-25,36,359,485,Alfie Devine,MID,Spurs,18,7,1,2025-05-11T13:15:00Z,0,0,0,0,0,0,0,0,0.0,0.0,0.0,0.0,0.0,0.0,0.0,0.0,0,45
2024-25,36,359,486,Radu Drăgușin,DEF,Spurs,18,7,1,2025-05-11T13:15:00Z,0,0,0,0,0,0,0,0,0.0,0.0,0.0,0.0,0.0,0.0,0.0,0.0,0,43
2024-25,36,359,487,Emerson Leite de Souza Junior,DEF,Spurs,18,7,1,2025-05-11T13:15:00Z,0,0,0,0,0,0,0,0,0.0,0.0,0.0,0.0,0.0,0.0,0.0,0.0,0,45
2024-25,36,359,488,Fraser Forster,GK,Spurs,18,7,1,2025-05-11T13:15:00Z,0,0,0,0,0,0,0,0,0.0,0.0,0.0,0.0,0.0,0.0,0.0,0.0,0,43
2024-25,36,359,489,Archie Gray,MID,Spurs,18,7,1,2025-05-11T13:15:00Z,90,2,0,0,0,2,0,8,4.6,3.6,0.0,0.8,0.0,0.01,0.01,3.39,1,46
2024-25,36,359,490,Pierre-Emile Højbjerg,MID,Spurs,18,7,1,2025-05-11T13:15:00Z,0,0,0,0,0,0,0,0,0.0,0.0,0.0,0.0,0.0,0.0,0.0,0.0,0,50
2024-25,36,359,491,Brennan Johnson,MID,Spurs,18,7,1,2025-05-11T13:15:00Z,0,0,0,0,0,0,0,0,0.0,0.0,0.0,0.0,0.0,0.0,0.0,0.0,0,62
2024-25,36,359,492,Dejan Kulusevski,MID,Spurs,18,7,1,2025-05-11T13:15:00Z,18,1,0,0,0,0,0,1,0.0,0.0,5.0,0.3,0.04,0.0,0.04,0.18,1,62
2024-25,36,359,493,Giovani Lo Celso,MID,Spurs,18,7,1,2025-05-11T13:15:00Z,0,0,0,0,0,0,0,0,0.0,0.0,0.0,0.0,0.0,0.0,0.0,0.0,0,49
2024-25,36,359,494,James Maddison,MID,Spurs,18,7,1,2025-05-11T13:15:00Z,0,0,0,0,0,0,0,0,0.0,0.0,0.0,0.0,0.0,0.0,0.0,0.0,0,74
2024-25,36,359,495,Pedro Porro,DEF,Spurs,18,7,1,2025-05-11T13:15:00Z,57,0,0,0,0,2,0,3,8.4,29.0,8.0,4.5,0.08,0.38,0.46,2.51,1,53
2024-25,36,359,496,Sergio Reguilón,DEF,Spurs,18,7,1,2025-05-11T13:15:00Z,0,0,0,0,0,0,0,0,0.0,0.0,0.0,0.0,0.0,0.0,0.0,0.0,0,41
2024-25,36,359,497,Richarlison de Andrade,FWD,Spurs,18,7,1,2025-05-11T13:15:00Z,0,0,0,0,0,0,0,0,0.0,0.0,0.0,0.0,0.0,0.0,0.0,0.0,0,68
2024-25,36,359,498,Cristian Romero,DEF,Spurs,18,7,1,2025-05-11T13:15:00Z,0,0,0,0,0,0,0,0,0.0,0.0,0.0,0.0,0.0,0.0,0.0,0.0,0,49
2024-25,36,359,499,Pape Matar Sarr,MID,Spurs,18,7,1,2025-05-11T13:15:00Z,90,2,0,0,0,2,0,11,14.6,1.9,12.0,2.9,0.39,0.0,0.39,3.39,1,47
2024-25,36,359,500,Dane Scarlett,FWD,Spurs,18,7,1,2025-05-11T13:15:00Z,0,0,0,0,0,0,0,0,0.0,0.0,0.0,0.0,0.0,0.0,0.0,0.0,0,44
2024-25,36,357,501,Oliver Skipp,MID,Leicester,11,16,0,2025-05-11T13:15:00Z,59,1,0,0,0,2,0,2,10.8,1.3,2.0,1.4,0.0,0.0,0.0,1.23,1,47
2024-25,36,359,502,Manor Solomon,MID,Spurs,18,7,1,2025-05-11T13:15:00Z,0,0,0,0,0,0,0,0,0.0,0.0,0.0,0.0,0.0,0.0,0.0,0.0,0,54
2024-25,36,359,503,Son Heung-min,MID,Spurs,18,7,1,2025-05-11T13:15:00Z,32,1,0,0,0,0,0,-1,0.0,1.7,11.0,1.3,0.11,0.01,0.12,0.88,0,97
2024-25,36,359,504,Djed Spence,DEF,Spurs,18,7,1,2025-05-11T13:15:00Z,90,1,0,0,0,2,0,6,20.4,2.0,0.0,2.2,0.0,0.0,0.0,3.39,1,44
2024-25,36,359,505,Destiny Udogie,DEF,Spurs,18,7,1,2025-05-11T13:15:00Z,0,0,0,0,0,0,0,0,0.0,0.0,0.0,0.0,0.0,0.0,0.0,0.0,0,48
2024-25,36,359,506,Micky van de Ven,DEF,Spurs,18,7,1,2025-05-11T13:15:00Z,0,0,0,0,0,0,0,0,0.0,0.0,0.0,0.0,0.0,0.0,0.0,0.0,0,45
2024-25,36,359,507,Alejo Véliz,FWD,Spurs,18,7,1,2025-05-11T13:15:00Z,0,0,0,0,0,0,0,0,0.0,0.0,0.0,0.0,0.0,0.0,0.0,0.0,0,50
2024-25,36,359,508,Guglielmo Vicario,GK,Spurs,18,7,1,2025-05-11T13:15:00Z,0,0,0,0,0,0,0,0,0.0,0.0,0.0,0.0,0.0,0.0,0.0,0.0,0,48
2024-25,36,359,509,Timo Werner,MID,Spurs,18,7,1,2025-05-11T13:15:00Z,0,0,0,0,0,0,0,0,0.0,0.0,0.0,0.0,0.0,0.0,0.0,0.0,0,62
2024-25,36,359,510,Alfie Whiteman,GK,Spurs,18,7,1,2025-05-11T13:15:00Z,0,0,0,0,0,0,0,0,0.0,0.0,0.0,0.0,0.0,0.0,0.0,0.0,0,39
2024-25,36,355,511,Edson Álvarez Velázquez,MID,West Ham,19,14,0,2025-05-11T13:15:00Z,26,1,0,0,0,0,0,2,1.6,1.4,0.0,0.3,0.0,0.0,0.0,1.7,0,50
2024-25,36,355,512,Michail Antonio,FWD,West Ham,19,14,0,2025-05-11T13:15:00Z,0,0,0,0,0,0,0,0,0.0,0.0,0.0,0.0,0.0,0.0,0.0,0.0,0,52
2024-25,36,355,513,Alphonse Areola,GK,West Ham,19,14,0,2025-05-11T13:15:00Z,90,8,0,0,1,0,1,30,44.0,0.0,0.0,4.4,0.0,0.0,0.0,2.28,1,42
2024-25,36,355,514,Jarrod Bowen,MID,West Ham,19,14,0,2025-05-11T13:15:00Z,72,8,1,0,1,0,0,25,36.2,4.8,21.0,6.2,0.29,0.01,0.3,0.73,1,77
2024-25,36,358,515,Maxwel Cornet,MID,Southampton,17,13,1,2025-05-10T14:00:00Z,0,0,0,0,0,0,0,0,0.0,0.0,0.0,0.0,0.0,0.0,0.0,0.0,0,47
2024-25,36,355,516,Vladimír Coufal,DEF,West Ham,19,14,0,2025-05-11T13:15:00Z,82,6,0,0,1,0,0,18,6.8,2.1,8.0,1.7,0.06,0.02,0.08,1.78,1,41
2024-25,36,355,517,Aaron Cresswell,DEF,West Ham,19,14,0,2025-05-11T13:15:00Z,90,5,0,0,1,0,0,28,10.4,15.3,0.0,2.6,0.0,0.18,0.18,2.28,1,39
2024-25,36,358,518,Flynn Downes,MID,Southampton,17,13,1,2025-05-10T14:00:00Z,90,2,0,0,1,0,0,6,15.4,1.5,0.0,1.7,0.0,0.0,0.0,1.82,1,47
2024-25,36,355,519,George Earthy,MID,West Ham,19,14,0,2025-05-11T13:15:00Z,0,0,0,0,0,0,0,0,0.0,0.0,0.0,0.0,0.0,0.0,0.0,0.0,0,45
2024-25,36,355,520,Emerson Palmieri dos Santos,DEF,West Ham,19,14,0,2025-05-11T13:15:00Z,7,1,0,0,0,0,0,3,0.2,0.1,0.0,0.0,0.0,0.0,0.0,0.5,0,44
2024-25,36,355,521,Łukasz Fabiański,GK,West Ham,19,14,0,2025-05-11T13:15:00Z,0,0,0,0,0,0,0,0,0.0,0.0,0.0,0.0,0.0,0.0,0.0,0.0,0,40
2024-25,36,355,522,Wes Foderingham,GK,West Ham,19,14,0,2025-05-11T13:15:00Z,0,0,0,0,0,0,0,0,0.0,0.0,0.0,0.0,0.0,0.0,0.0,0.0,0,42
2024-25,36,355,523,Danny Ings,FWD,West Ham,19,14,0,2025-05-11T13:15:00Z,0,0,0,0,0,0,0,0,0.0,0.0,0.0,0.0,0.0,0.0,0.0,0.0,0,48
2024-25,36,355,524,Max Kilman,DEF,West Ham,19,14,0,2025-05-11T13:15:00Z,90,6,0,0,1,0,0,26,23.6,0.3,4.0,2.8,0.08,0.0,0.08,2.28,1,43
2024-25,36,355,525,Mohammed Kudus,MID,West Ham,19,14,0,2025-05-11T13:15:00Z,72,6,0,1,1,0,0,11,11.6,14.2,16.0,4.2,0.13,0.02,0.15,0.73,1,62
2024-25,36,355,526,Luis Guilherme Lira dos Santos,MID,West Ham,19,14,0,2025-05-11T13:15:00Z,0,0,0,0,0,0,0,0,0.0,0.0,0.0,0.0,0.0,0.0,0.0,0.0,0,46
2024-25,36,355,527,Lucas Tolentino Coelho de Lima,MID,West Ham,19,14,0,2025-05-11T13:15:00Z,0,0,0,0,0,0,0,0,0.0,0.0,0.0,0.0,0.0,0.0,0.0,0.0,0,57
2024-25,36,355,528,Konstantinos Mavropanos,DEF,West Ham,19,14,0,2025-05-11T13:15:00Z,7,1,0,0,0,0,0,4,6.0,0.1,0.0,0.6,0.0,0.0,0.0,0.5,0,43
2024-25,36,355,529,Nayef Aguerd,DEF,West Ham,19,14,0,2025-05-11T13:15:00Z,0,0,0,0,0,0,0,0,0.0,0.0,0.0,0.0,0.0,0.0,0.0,0.0,0,44
2024-25,36,355,530,Tomáš Souček,MID,West Ham,19,14,0,2025-05-11T13:15:00Z,90,10,1,0,1,0,2,34,61.8,1.3,37.0,10.0,0.59,0.0,0.59,2.28,1,48
2024-25,36,355,531,James Ward-Prowse,MID,West Ham,19,14,0,2025-05-11T13:15:00Z,90,3,0,0,1,0,0,23,21.8,26.1,36.0,8.4,0.4,0.13,0.53,2.28,1,61
2024-25,36,355,532,Kurt Zouma,DEF,West Ham,19,14,0,2025-05-11T13:15:00Z,0,0,0,0,0,0,0,0,0.0,0.0,0.0,0.0,0.0,0.0,0.0,0.0,0,44
2024-25,36,360,533,Rayan Aït-Nouri,DEF,Wolves,20,5,1,2025-05-10T14:00:00Z,90,1,0,0,0,2,0,16,25.8,24.7,27.0,7.8,0.02,0.04,0.06,1.57,1,51
2024-25,36,360,534,Boubacar Traoré,MID,Wolves,20,5,1,2025-05-10T14:00:00Z,0,0,0,0,0,0,0,0,0.0,0.0,0.0,0.0,0.0,0.0,0.0,0.0,0,48
2024-25,36,360,535,Jean-Ricner Bellegarde,MID,Wolves,20,5,1,2025-05-10T14:00:00Z,30,1,0,0,0,1,0,5,2.2,4.4,4.0,1.1,0.08,0.0,0.08,0.66,0,49
2024-25,36,360,536,Daniel Bentley,GK,Wolves,20,5,1,2025-05-10T14:00:00Z,0,0,0,0,0,0,0,0,0.0,0.0,0.0,0.0,0.0,0.0,0.0,0.0,0,39
2024-25,36,360,537,Francisco Jorge Tomás Oliveira,MID,Wolves,20,5,1,2025-05-10T14:00:00Z,0,0,0,0,0,0,0,0,0.0,0.0,0.0,0.0,0.0,0.0,0.0,0.0,0,45
2024-25,36,360,538,Tawanda Chirewa,MID,Wolves,20,5,1,2025-05-10T14:00:00Z,0,0,0,0,0,0,0,0,0.0,0.0,0.0,0.0,0.0,0.0,0.0,0.0,0,45
2024-25,36,360,539,Leon Chiwome,FWD,Wolves,20,5,1,2025-05-10T14:00:00Z,0,0,0,0,0,0,0,0,0.0,0.0,0.0,0.0,0.0,0.0,0.0,0.0,0,44
2024-25,36,360,540,Luke Cundle,MID,Wolves,20,5,1,2025-05-10T14:00:00Z,0,0,0,0,0,0,0,0,0.0,0.0,0.0,0.0,0.0,0.0,0.0,0.0,0,45
2024-25,36,360,541,Matheus Santos Carneiro Da Cunha,FWD,Wolves,20,5,1,2025-05-10T14:00:00Z,58,0,0,0,0,1,0,2,0.0,28.6,16.0,4.4,0.11,0.16,0.27,0.91,1,71
2024-25,36,360,542,Craig Dawson,DEF,Wolves,20,5,1,2025-05-10T14:00:00Z,0,0,0,0,0,0,0,0,0.0,0.0,0.0,0.0,0.0,0.0,0.0,0.0,0,42
2024-25,36,360,543,Matt Doherty,DEF,Wolves,20,5,1,2025-05-10T14:00:00Z,58,1,0,0,0,1,0,5,8.8,1.3,2.0,1.2,0.0,0.02,0.02,0.91,1,43
2024-25,36,360,544,Tommy Doyle,MID,Wolves,20,5,1,2025-05-10T14:00:00Z,0,0,0,0,0,0,0,0,0.0,0.0,0.0,0.0,0.0,0.0,0.0,0.0,0,47
2024-25,36,360,545,Fábio Silva,FWD,Wolves,20,5,1,2025-05-10T14:00:00Z,0,0,0,0,0,0,0,0,0.0,0.0,0.0,0.0,0.0,0.0,0.0,0.0,0,50
2024-25,36,360,546,Nathan Fraser,FWD,Wolves,20,5,1,2025-05-10T14:00:00Z,0,0,0,0,0,0,0,0,0.0,0.0,0.0,0.0,0.0,0.0,0.0,0.0,0,45
2024-25,36,360,547,Enso González,MID,Wolves,20,5,1,2025-05-10T14:00:00Z,0,0,0,0,0,0,0,0,0.0,0.0,0.0,0.0,0.0,0.0,0.0,0.0,0,44
2024-25,36,360,548,Gonçalo Manuel Ganchinho Guedes,MID,Wolves,20,5,1,2025-05-10T14:00:00Z,58,1,0,0,0,1,0,-2,0.0,2.1,13.0,1.2,0.52,0.01,0.53,0.91,1,53
2024-25,36,360,549,Hugo Bueno López,DEF,Wolves,20,5,1,2025-05-10T14:00:00Z,0,0,0,0,0,0,0,0,0.0,0.0,0.0,0.0,0.0,0.0,0.0,0.0,0,45
2024-25,36,360,550,Hwang Hee-chan,MID,Wolves,20,5,1,2025-05-10T14:00:00Z,0,0,0,0,0,0,0,0,0.0,0.0,0.0,0.0,0.0,0.0,0.0,0.0,0,61
2024-25,36,360,551,Joe Hodge,MID,Wolves,20,5,1,2025-05-10T14:00:00Z,0,0,0,0,0,0,0,0,0.0,0.0,0.0,0.0,0.0,0.0,0.0,0.0,0,45
2024-25,36,360,552,Ki-Jana Hoever,DEF,Wolves,20,5,1,2025-05-10T14:00:00Z,0,0,0,0,0,0,0,0,0.0,0.0,0.0,0.0,0.0,0.0,0.0,0.0,0,40
2024-25,36,360,553,João Victor Gomes da Silva,MID,Wolves,20,5,1,2025-05-10T14:00:00Z,59,1,0,0,0,1,0,10,0.0,3.7,0.0,0.4,0.0,0.02,0.02,0.91,1,49
2024-25,36,360,554,José Malheiro de Sá,GK,Wolves,20,5,1,2025-05-10T14:00:00Z,90,1,0,0,0,2,0,2,4.8,0.0,0.0,0.5,0.0,0.0,0.0,1.57,1,44
2024-25,36,360,555,Saša Kalajdžić,FWD,Wolves,20,5,1,2025-05-10T14:00:00Z,0,0,0,0,0,0,0,0,0.0,0.0,0.0,0.0,0.0,0.0,0.0,0.0,0,48
2024-25,36,360,556,Tom King,GK,Wolves,20,5,1,2025-05-10T14:00:00Z,0,0,0,0,0,0,0,0,0.0,0.0,0.0,0.0,0.0,0.0,0.0,0.0,0,40
2024-25,36,360,557,Mario Lemina,MID,Wolves,20,5,1,2025-05-10T14:00:00Z,0,0,0,0,0,0,0,0,0.0,0.0,0.0,0.0,0.0,0.0,0.0,0.0,0,48
2024-25,36,360,558,Yerson Mosquera,DEF,Wolves,20,5,1,2025-05-10T14:00:00Z,0,0,0,0,0,0,0,0,0.0,0.0,0.0,0.0,0.0,0.0,0.0,0.0,0,38
2024-25,36,360,559,Nélson Cabral Semedo,DEF,Wolves,20,5,1,2025-05-10T14:00:00Z,90,1,0,0,0,2,0,5,14.6,30.2,4.0,4.9,0.0,0.19,0.19,1.57,1,45
2024-25,36,356,560,Pedro Lomba Neto,MID,Chelsea,6,15,0,2025-05-11T11:00:00Z,90,2,0,0,0,2,0,16,6.6,9.3,14.0,3.0,0.2,0.06,0.26,1.57,1,61
2024-25,36,360,561,Pedro Cardoso de Lima,DEF,Wolves,20,5,1,2025-05-10T14:00:00Z,0,0,0,0,0,0,0,0,0.0,0.0,0.0,0.0,0.0,0.0,0.0,0.0,0,39
2024-25,36,360,562,Daniel Castelo Podence,MID,Wolves,20,5,1,2025-05-10T14:00:00Z,0,0,0,0,0,0,0,0,0.0,0.0,0.0,0.0,0.0,0.0,0.0,0.0,0,55
2024-25,36,360,563,Rodrigo Martins Gomes,MID,Wolves,20,5,1,2025-05-10T14:00:00Z,31,1,0,0,0,1,0,2,0.2,1.2,2.0,0.3,0.0,0.0,0.0,0.66,0,51
2024-25,36,360,564,Santiago Bueno,DEF,Wolves,20,5,1,2025-05-10T14:00:00Z,0,0,0,0,0,0,0,0,0.0,0.0,0.0,0.0,0.0,0.0,0.0,0.0,0,43
2024-25,36,360,565,Pablo Sarabia,MID,Wolves,20,5,1,2025-05-10T14:00:00Z,31,1,0,0,0,1,0,0,0.6,2.8,0.0,0.3,0.0,0.01,0.01,0.66,0,50
2024-25,36,360,566,Jørgen Strand Larsen,FWD,Wolves,20,5,1,2025-05-10T14:00:00Z,31,1,0,0,0,1,0,4,2.2,1.5,0.0,0.4,0.0,0.01,0.01,0.66,0,53
2024-25,36,360,567,Toti António Gomes,DEF,Wolves,20,5,1,2025-05-10T14:00:00Z,90,1,0,0,0,2,0,12,28.6,2.9,0.0,3.2,0.0,0.03,0.03,1.57,1,43
2024-25,36,353,568,Arijanet Muric,GK,Ipswich,10,4,1,2025-05-10T14:00:00Z,0,0,0,0,0,0,0,0,0.0,0.0,0.0,0.0,0.0,0.0,0.0,0.0,0,44
2024-25,36,353,569,Jaden Philogene,MID,Ipswich,10,4,1,2025-05-10T14:00:00Z,0,0,0,0,0,0,0,0,0.0,0.0,0.0,0.0,0.0,0.0,0.0,0.0,0,53
2024-25,36,357,570,Abdul Fatawu,MID,Leicester,11,16,0,2025-05-11T13:15:00Z,0,0,0,0,0,0,0,0,0.0,0.0,0.0,0.0,0.0,0.0,0.0,0.0,0,51
2024-25,36,358,571,Sávio 'Savinho' Moreira de Oliveira,MID,Man City,13,17,0,2025-05-10T14:00:00Z,14,1,0,0,0,0,0,5,5.0,22.7,10.0,3.8,0.15,0.06,0.21,0.0,0,61
2024-25,36,355,572,Leny Yoro,DEF,Man Utd,14,19,1,2025-05-11T13:15:00Z,51,1,0,0,0,1,0,5,7.8,0.8,0.0,0.9,0.0,0.0,0.0,0.92,1,43
2024-25,36,357,573,Nikola Milenković,DEF,Nott'm Forest,16,11,1,2025-05-11T13:15:00Z,90,1,0,0,0,2,0,5,10.4,0.7,0.0,1.1,0.0,0.0,0.0,1.07,1,52
2024-25,36,356,574,Miodrag Pivaš,DEF,Newcastle,15,6,1,2025-05-11T11:00:00Z,0,0,0,0,0,0,0,0,0.0,0.0,0.0,0.0,0.0,0.0,0.0,0.0,0,40
2024-25,36,356,575,Caleb Wiley,DEF,Chelsea,6,15,0,2025-05-11T11:00:00Z,0,0,0,0,0,0,0,0,0.0,0.0,0.0,0.0,0.0,0.0,0.0,0.0,0,40
2024-25,36,355,576,Andy Irving,MID,West Ham,19,14,0,2025-05-11T13:15:00Z,0,0,0,0,0,0,0,0,0.0,0.0,0.0,0.0,0.0,0.0,0.0,0.0,0,47
2024-25,36,352,577,Jesper Lindstrøm,MID,Everton,8,9,0,2025-05-10T14:00:00Z,0,0,0,0,0,0,0,0,0.0,0.0,0.0,0.0,0.0,0.0,0.0,0.0,0,50
2024-25,36,354,578,Riccardo Calafiori,DEF,Arsenal,1,12,0,2025-05-11T15:30:00Z,12,1,0,0,0,0,0,3,0.2,0.0,0.0,0.0,0.0,0.0,0.0,0.37,0,58
2024-25,36,352,579,Ryan Sessegnon,DEF,Fulham,9,8,1,2025-05-10T14:00:00Z,82,1,0,0,0,3,0,-1,28.0,3.5,23.0,5.5,0.04,0.03,0.07,1.03,1,42
2024-25,36,351,580,Dean Huijsen,DEF,Bournemouth,3,2,1,2025-05-10T16:30:00Z,90,1,0,0,0,1,0,14,31.0,3.7,0.0,3.5,0.0,0.02,0.02,0.98,1,45
2024-25,36,356,581,Filip Jørgensen,GK,Chelsea,6,15,0,2025-05-11T11:00:00Z,0,0,0,0,0,0,0,0,0.0,0.0,0.0,0.0,0.0,0.0,0.0,0.0,0,42
2024-25,36,352,582,Jake O'Brien,DEF,Everton,8,9,0,2025-05-10T14:00:00Z,0,0,0,0,0,0,0,0,0.0,0.0,0.0,0.0,0.0,0.0,0.0,0.0,0,45
2024-25,36,353,583,Conor Townsend,DEF,Ipswich,10,4,1,2025-05-10T14:00:00Z,0,0,0,0,0,0,0,0,0.0,0.0,0.0,0.0,0.0,0.0,0.0,0.0,0,39
2024-25,36,358,584,Ben Brereton Díaz,MID,Southampton,17,13,1,2025-05-10T14:00:00Z,0,0,0,0,0,0,0,0,0.0,0.0,0.0,0.0,0.0,0.0,0.0,0.0,0,48
2024-25,36,359,585,Ismaïla Sarr,MID,Crystal Palace,7,18,0,2025-05-11T13:15:00Z,77,6,0,1,1,0,0,18,17.2,34.1,23.0,7.4,0.63,0.33,0.96,0.58,1,57
2024-25,36,352,586,Jorge Cuenca Barreno,DEF,Fulham,9,8,1,2025-05-10T14:00:00Z,0,0,0,0,0,0,0,0,0.0,0.0,0.0,0.0,0.0,0.0,0.0,0.0,0,44
2024-25,36,355,587,Crysencio Summerville,MID,West Ham,19,14,0,2025-05-11T13:15:00Z,0,0,0,0,0,0,0,0,0.0,0.0,0.0,0.0,0.0,0.0,0.0,0.0,0,55
2024-25,36,355,588,Guido Rodríguez,MID,West Ham,19,14,0,2025-05-11T13:15:00Z,63,3,0,0,1,0,0,10,6.0,2.4,2.0,1.0,0.0,0.01,0.01,0.58,1,48
2024-25,36,355,589,Niclas Füllkrug,FWD,West Ham,19,14,0,2025-05-11T13:15:00Z,17,1,0,0,0,0,0,-1,0.2,0.1,0.0,0.0,0.0,0.0,0.0,1.55,0,67
2024-25,36,356,590,William Osula,FWD,Newcastle,15,6,1,2025-05-11T11:00:00Z,0,0,0,0,0,0,0,0,0.0,0.0,0.0,0.0,0.0,0.0,0.0,0.0,0,49
2024-25,36,355,591,Jean-Clair Todibo,DEF,West Ham,19,14,0,2025-05-11T13:15:00Z,82,6,0,0,1,0,0,26,10.6,0.3,0.0,1.1,0.0,0.0,0.0,1.78,1,42
2024-25,36,351,592,Julián Araujo Zúñiga,DEF,Bournemouth,3,2,1,2025-05-10T16:30:00Z,2,1,0,0,0,0,0,3,0.0,0.3,0.0,0.0,0.0,0.0,0.0,0.0,0,43
2024-25,36,355,593,Matthijs de Ligt,DEF,Man Utd,14,19,1,2025-05-11T13:15:00Z,0,0,0,0,0,0,0,0,0.0,0.0,0.0,0.0,0.0,0.0,0.0,0.0,0,48
2024-25,36,355,594,Noussair Mazraoui,DEF,Man Utd,14,19,1,2025-05-11T13:15:00Z,90,1,0,0,0,2,0,8,26.6,7.9,2.0,3.7,0.0,0.03,0.03,1.56,1,42
2024-25,36,360,595,Brajan Gruda,MID,Brighton,5,20,0,2025-05-10T14:00:00Z,31,6,1,0,0,0,0,21,32.6,3.6,18.0,5.4,0.6,0.01,0.61,0.08,0,54
2024-25,36,357,596,João Pedro Ferreira Silva,MID,Nott'm Forest,16,11,1,2025-05-11T13:15:00Z,1,1,0,0,0,0,0,3,0.0,0.0,0.0,0.0,0.0,0.0,0.0,0.15,0,59
2024-25,36,354,597,Myles Lewis-Skelly,MID,Arsenal,1,12,0,2025-05-11T15:30:00Z,90,1,0,0,0,2,0,15,3.8,3.3,0.0,0.7,0.0,0.02,0.02,2.56,1,45
2024-25,36,351,598,Lamare Bogarde,DEF,Aston Villa,2,3,0,2025-05-10T16:30:00Z,0,0,0,0,0,0,0,0,0.0,0.0,0.0,0.0,0.0,0.0,0.0,0.0,0,39
2024-25,36,351,599,Will Dennis,GK,Bournemouth,3,2,1,2025-05-10T16:30:00Z,0,0,0,0,0,0,0,0,0.0,0.0,0.0,0.0,0.0,0.0,0.0,0.0,0,39
2024-25,36,360,600,Yasin Ayari,MID,Brighton,5,20,0,2025-05-10T14:00:00Z,90,3,0,0,1,0,0,11,3.6,2.6,4.0,1.0,0.03,0.01,0.04,0.91,1,50
2024-25,36,360,601,Andrew Moran,MID,Brighton,5,20,0,2025-05-10T14:00:00Z,0,0,0,0,0,0,0,0,0.0,0.0,0.0,0.0,0.0,0.0,0.0,0.0,0,50
2024-25,36,353,602,Ryan Trevitt,MID,Brentford,4,10,0,2025-05-10T14:00:00Z,0,0,0,0,0,0,0,0,0.0,0.0,0.0,0.0,0.0,0.0,0.0,0.0,0,44
2024-25,36,352,603,Harrison Armstrong,MID,Everton,8,9,0,2025-05-10T14:00:00Z,0,0,0,0,0,0,0,0,0.0,0.0,0.0,0.0,0.0,0.0,0.0,0.0,0,44
2024-25,36,352,604,Josh King,MID,Fulham,9,8,1,2025-05-10T14:00:00Z,7,1,0,0,0,0,0,3,1.6,4.9,5.0,1.2,0.05,0.01,0.06,0.1,0,44
2024-25,36,352,605,Martial Godo,MID,Fulham,9,8,1,2025-05-10T14:00:00Z,7,1,0,0,0,0,0,3,2.4,11.5,8.0,2.2,0.0,0.07,0.07,0.1,0,44
2024-25,36,357,606,Will Alves,MID,Leicester,11,16,0,2025-05-11T13:15:00Z,0,0,0,0,0,0,0,0,0.0,0.0,0.0,0.0,0.0,0.0,0.0,0.0,0,44
2024-25,36,358,607,Nico O'Reilly,MID,Man City,13,17,0,2025-05-10T14:00:00Z,14,1,0,0,0,0,0,0,0.0,0.0,2.0,0.2,0.0,0.0,0.0,0.0,0,49
2024-25,36,358,608,Tyler Dibling,MID,Southampton,17,13,1,2025-05-10T14:00:00Z,64,3,0,0,1,0,0,5,0.0,2.6,0.0,0.3,0.0,0.01,0.01,1.1,1,43
2024-25,36,359,609,Will Lankshear,FWD,Spurs,18,7,1,2025-05-11T13:15:00Z,0,0,0,0,0,0,0,0,0.0,0.0,0.0,0.0,0.0,0.0,0.0,0.0,0,45
2024-25,36,359,610,Mikey Moore,MID,Spurs,18,7,1,2025-05-11T13:15:00Z,71,2,0,0,0,2,0,5,4.2,1.2,4.0,0.9,0.0,0.01,0.01,3.21,0,45
2024-25,36,353,611,Sam Szmodics,MID,Ipswich,10,4,1,2025-05-10T14:00:00Z,0,0,0,0,0,0,0,0,0.0,0.0,0.0,0.0,0.0,0.0,0.0,0.0,0,57
2024-25,36,359,612,Wilson Odobert,MID,Spurs,18,7,1,2025-05-11T13:15:00Z,90,2,0,0,0,2,0,2,6.8,3.8,7.0,1.8,0.05,0.02,0.07,3.39,1,53
2024-25,36,355,613,Toby Collyer,MID,Man Utd,14,19,1,2025-05-11T13:15:00Z,0,0,0,0,0,0,0,0,0.0,0.0,0.0,0.0,0.0,0.0,0.0,0.0,0,45
2024-25,36,352,614,Jenson Metcalfe,MID,Everton,8,9,0,2025-05-10T14:00:00Z,0,0,0,0,0,0,0,0,0.0,0.0,0.0,0.0,0.0,0.0,0.0,0.0,0,45
2024-25,36,360,615,Carl Rushworth,GK,Brighton,5,20,0,2025-05-10T14:00:00Z,0,0,0,0,0,0,0,0,0.0,0.0,0.0,0.0,0.0,0.0,0.0,0.0,0,39
2024-25,36,357,616,Ben Nelson,DEF,Leicester,11,16,0,2025-05-11T13:15:00Z,0,0,0,0,0,0,0,0,0.0,0.0,0.0,0.0,0.0,0.0,0.0,0.0,0,40
2024-25,36,351,617,Francisco Evanilson de Lima Barbosa,FWD,Bournemouth,3,2,1,2025-05-10T16:30:00Z,90,2,0,0,0,1,0,10,4.2,2.8,40.0,4.7,0.12,0.01,0.13,0.98,1,58
2024-25,36,360,618,Georginio Rutter,MID,Brighton,5,20,0,2025-05-10T14:00:00Z,0,0,0,0,0,0,0,0,0.0,0.0,0.0,0.0,0.0,0.0,0.0,0.0,0,50
2024-25,36,353,619,Jens Cajuste,MID,Ipswich,10,4,1,2025-05-10T14:00:00Z,29,1,0,0,0,0,0,1,5.2,0.5,0.0,0.6,0.0,0.0,0.0,0.63,0,45
2024-25,36,357,620,Ramón Sosa,MID,Nott'm Forest,16,11,1,2025-05-11T13:15:00Z,0,0,0,0,0,0,0,0,0.0,0.0,0.0,0.0,0.0,0.0,0.0,0.0,0,55
2024-25,36,356,621,João Félix Sequeira,MID,Chelsea,6,15,0,2025-05-11T11:00:00Z,0,0,0,0,0,0,0,0,0.0,0.0,0.0,0.0,0.0,0.0,0.0,0.0,0,59
2024-25,36,352,622,Sander Berge,MID,Fulham,9,8,1,2025-05-10T14:00:00Z,82,1,0,0,0,3,0,11,4.4,13.9,0.0,1.8,0.0,0.02,0.02,1.03,1,50
2024-25,36,358,623,Mateus Gonçalo Espanha Fernandes,MID,Southampton,17,13,1,2025-05-10T14:00:00Z,90,3,0,0,1,0,0,11,11.0,1.9,7.0,2.0,0.07,0.12,0.19,1.82,1,50
2024-25,36,352,624,Asmir Begovic,GK,Everton,8,9,0,2025-05-10T14:00:00Z,0,0,0,0,0,0,0,0,0.0,0.0,0.0,0.0,0.0,0.0,0.0,0.0,0,40
2024-25,36,358,625,Ilkay Gündogan,MID,Man City,13,17,0,2025-05-10T14:00:00Z,0,0,0,0,0,0,0,0,0.0,0.0,0.0,0.0,0.0,0.0,0.0,0.0,0,63
2024-25,36,358,626,Issa Kaboré,DEF,Man City,13,17,0,2025-05-10T14:00:00Z,0,0,0,0,0,0,0,0,0.0,0.0,0.0,0.0,0.0,0.0,0.0,0.0,0,45
2024-25,36,352,627,Roman Dixon,DEF,Everton,8,9,0,2025-05-10T14:00:00Z,0,0,0,0,0,0,0,0,0.0,0.0,0.0,0.0,0.0,0.0,0.0,0.0,0,39
2024-25,36,360,628,Ferdi Kadioglu,DEF,Brighton,5,20,0,2025-05-10T14:00:00Z,0,0,0,0,0,0,0,0,0.0,0.0,0.0,0.0,0.0,0.0,0.0,0.0,0,44
2024-25,36,360,629,Matt O'Riley,MID,Brighton,5,20,0,2025-05-10T14:00:00Z,58,1,0,0,0,0,0,6,6.6,25.1,5.0,3.7,0.07,0.03,0.1,0.83,1,55
2024-25,36,353,630,Dara O'Shea,DEF,Ipswich,10,4,1,2025-05-10T14:00:00Z,90,2,0,0,0,1,0,11,25.6,0.2,0.0,2.6,0.0,0.0,0.0,1.41,1,39
2024-25,36,353,631,Jack Clarke,MID,Ipswich,10,4,1,2025-05-10T14:00:00Z,33,1,0,0,0,0,0,5,5.0,21.6,0.0,2.7,0.0,0.02,0.02,0.76,0,54
2024-25,36,353,632,Chiedozie Ogbene,MID,Ipswich,10,4,1,2025-05-10T14:00:00Z,0,0,0,0,0,0,0,0,0.0,0.0,0.0,0.0,0.0,0.0,0.0,0.0,0,48
2024-25,36,354,633,Mikel Merino,MID,Arsenal,1,12,0,2025-05-11T15:30:00Z,78,4,1,0,0,2,0,18,38.6,12.1,44.0,9.5,1.04,0.02,1.06,2.19,1,61
2024-25,36,353,634,Gustavo Nunes Fernandes Gomes,MID,Brentford,4,10,0,2025-05-10T14:00:00Z,0,0,0,0,0,0,0,0,0.0,0.0,0.0,0.0,0.0,0.0,0.0,0.0,0,49
2024-25,36,357,635,Bilal El Khannouss,MID,Leicester,11,16,0,2025-05-11T13:15:00Z,90,5,0,1,0,2,0,24,11.6,27.6,7.0,4.6,0.07,0.12,0.19,1.29,1,48
2024-25,36,354,636,Federico Chiesa,MID,Liverpool,12,1,1,2025-05-11T15:30:00Z,0,0,0,0,0,0,0,0,0.0,0.0,0.0,0.0,0.0,0.0,0.0,0.0,0,68
2024-25,36,360,637,Bastien Meupiyou,DEF,Wolves,20,5,1,2025-05-10T14:00:00Z,0,0,0,0,0,0,0,0,0.0,0.0,0.0,0.0,0.0,0.0,0.0,0.0,0,39
2024-25,36,354,638,Salah-Eddine Oulad M'hand,MID,Arsenal,1,12,0,2025-05-11T15:30:00Z,0,0,0,0,0,0,0,0,0.0,0.0,0.0,0.0,0.0,0.0,0.0,0.0,0,45
2024-25,36,354,639,Tommy Setford,GK,Arsenal,1,12,0,2025-05-11T15:30:00Z,0,0,0,0,0,0,0,0,0.0,0.0,0.0,0.0,0.0,0.0,0.0,0.0,0,45
2024-25,36,351,640,Sil Swinkels,DEF,Aston Villa,2,3,0,2025-05-10T16:30:00Z,0,0,0,0,0,0,0,0,0.0,0.0,0.0,0.0,0.0,0.0,0.0,0.0,0,40
2024-25,36,351,641,Oliwier Zych,GK,Aston Villa,2,3,0,2025-05-10T16:30:00Z,0,0,0,0,0,0,0,0,0.0,0.0,0.0,0.0,0.0,0.0,0.0,0.0,0,40
2024-25,36,360,642,André Trindade da Costa Neto,MID,Wolves,20,5,1,2025-05-10T14:00:00Z,88,2,0,0,0,2,0,20,28.8,16.3,0.0,4.5,0.0,0.02,0.02,1.57,1,50
2024-25,36,355,643,Kaelan Casey,DEF,West Ham,19,14,0,2025-05-11T13:15:00Z,0,0,0,0,0,0,0,0,0.0,0.0,0.0,0.0,0.0,0.0,0.0,0.0,0,40
2024-25,36,359,644,Franco Umeh-Chibueze,MID,Crystal Palace,7,18,0,2025-05-11T13:15:00Z,0,0,0,0,0,0,0,0,0.0,0.0,0.0,0.0,0.0,0.0,0.0,0.0,0,44
2024-25,36,359,645,Justin Devenny,MID,Crystal Palace,7,18,0,2025-05-11T13:15:00Z,3,1,0,0,0,0,0,3,0.8,0.4,0.0,0.1,0.0,0.0,0.0,0.11,0,45
2024-25,36,359,646,Asher Agbinone,MID,Crystal Palace,7,18,0,2025-05-11T13:15:00Z,0,0,0,0,0,0,0,0,0.0,0.0,0.0,0.0,0.0,0.0,0.0,0.0,0,45
2024-25,36,359,647,Kaden Rodney,MID,Crystal Palace,7,18,0,2025-05-11T13:15:00Z,0,0,0,0,0,0,0,0,0.0,0.0,0.0,0.0,0.0,0.0,0.0,0.0,0,45
2024-25,36,355,648,Ethan Wheatley,FWD,Man Utd,14,19,1,2025-05-11T13:15:00Z,0,0,0,0,0,0,0,0,0.0,0.0,0.0,0.0,0.0,0.0,0.0,0.0,0,45
2024-25,36,353,649,Jayden Meghoma,DEF,Brentford,4,10,0,2025-05-10T14:00:00Z,0,0,0,0,0,0,0,0,0.0,0.0,0.0,0.0,0.0,0.0,0.0,0.0,0,40
2024-25,36,359,650,Maxence Lacroix,DEF,Crystal Palace,7,18,0,2025-05-11T13:15:00Z,90,6,0,0,1,0,0,22,10.4,10.7,14.0,3.5,0.3,0.13,0.43,0.68,1,45
2024-25,36,352,651,Orel Mangala,MID,Everton,8,9,0,2025-05-10T14:00:00Z,0,0,0,0,0,0,0,0,0.0,0.0,0.0,0.0,0.0,0.0,0.0,0.0,0,50
2024-25,36,355,652,Manuel Ugarte,MID,Man Utd,14,19,1,2025-05-11T13:15:00Z,58,1,0,0,0,2,0,5,1.8,2.5,0.0,0.4,0.0,0.02,0.02,1.28,1,49
2024-25,36,357,653,Felipe Rodrigues da Silva,DEF,Nott'm Forest,16,11,1,2025-05-11T13:15:00Z,90,0,0,0,0,2,0,3,13.2,1.0,0.0,1.4,0.0,0.01,0.01,1.07,1,45
2024-25,36,355,654,Carlos Soler,MID,West Ham,19,14,0,2025-05-11T13:15:00Z,17,1,0,0,0,0,0,3,0.4,1.1,0.0,0.2,0.0,0.01,0.01,1.55,0,50
2024-25,36,360,655,Carlos Roberto Forbs Borges,MID,Wolves,20,5,1,2025-05-10T14:00:00Z,0,0,0,0,0,0,0,0,0.0,0.0,0.0,0.0,0.0,0.0,0.0,0.0,0,54
2024-25,36,351,656,Kadan Young,MID,Aston Villa,2,3,0,2025-05-10T16:30:00Z,0,0,0,0,0,0,0,0,0.0,0.0,0.0,0.0,0.0,0.0,0.0,0.0,0,44
2024-25,36,354,657,Maldini Kacurri,DEF,Arsenal,1,12,0,2025-05-11T15:30:00Z,0,0,0,0,0,0,0,0,0.0,0.0,0.0,0.0,0.0,0.0,0.0,0.0,0,40
2024-25,36,355,658,Ayden Heaven,DEF,Man Utd,14,19,1,2025-05-11T13:15:00Z,0,0,0,0,0,0,0,0,0.0,0.0,0.0,0.0,0.0,0.0,0.0,0.0,0,40
2024-25,36,354,659,Ismeal Kabia,MID,Arsenal,1,12,0,2025-05-11T15:30:00Z,0,0,0,0,0,0,0,0,0.0,0.0,0.0,0.0,0.0,0.0,0.0,0.0,0,45
2024-25,36,354,660,Vítezslav Jaros,GK,Liverpool,12,1,1,2025-05-11T15:30:00Z,0,0,0,0,0,0,0,0,0.0,0.0,0.0,0.0,0.0,0.0,0.0,0.0,0,40
2024-25,36,353,661,Tony Yogane,MID,Brentford,4,10,0,2025-05-10T14:00:00Z,0,0,0,0,0,0,0,0,0.0,0.0,0.0,0.0,0.0,0.0,0.0,0.0,0,45
2024-25,36,354,662,Josh Nichols,DEF,Arsenal,1,12,0,2025-05-11T15:30:00Z,0,0,0,0,0,0,0,0,0.0,0.0,0.0,0.0,0.0,0.0,0.0,0.0,0,40
2024-25,36,360,663,Imari Samuels,DEF,Brighton,5,20,0,2025-05-10T14:00:00Z,0,0,0,0,0,0,0,0,0.0,0.0,0.0,0.0,0.0,0.0,0.0,0.0,0,40
2024-25,36,360,664,Alfie Pond,DEF,Wolves,20,5,1,2025-05-10T14:00:00Z,0,0,0,0,0,0,0,0,0.0,0.0,0.0,0.0,0.0,0.0,0.0,0.0,0,39
2024-25,36,354,665,Nathan Butler-Oyedeji,FWD,Arsenal,1,12,0,2025-05-11T15:30:00Z,0,0,0,0,0,0,0,0,0.0,0.0,0.0,0.0,0.0,0.0,0.0,0.0,0,45
2024-25,36,359,666,Caleb Kporha,DEF,Crystal Palace,7,18,0,2025-05-11T13:15:00Z,0,0,0,0,0,0,0,0,0.0,0.0,0.0,0.0,0.0,0.0,0.0,0.0,0,40
2024-25,36,355,667,Jack Fletcher,MID,Man Utd,14,19,1,2025-05-11T13:15:00Z,0,0,0,0,0,0,0,0,0.0,0.0,0.0,0.0,0.0,0.0,0.0,0.0,0,45
2024-25,36,360,668,Killian Cahill,GK,Brighton,5,20,0,2025-05-10T14:00:00Z,0,0,0,0,0,0,0,0,0.0,0.0,0.0,0.0,0.0,0.0,0.0,0.0,0,39
2024-25,36,354,669,Harvey Davies,GK,Liverpool,12,1,1,2025-05-11T15:30:00Z,0,0,0,0,0,0,0,0,0.0,0.0,0.0,0.0,0.0,0.0,0.0,0.0,0,40
2024-25,36,355,670,Harry Amass,DEF,Man Utd,14,19,1,2025-05-11T13:15:00Z,90,1,0,0,0,2,0,-1,3.4,3.5,4.0,1.1,0.02,0.02,0.04,1.56,1,40
2024-25,36,358,671,Jacob Wright,MID,Man City,13,17,0,2025-05-10T14:00:00Z,0,0,0,0,0,0,0,0,0.0,0.0,0.0,0.0,0.0,0.0,0.0,0.0,0,45
2024-25,36,358,672,Jahmai Simpson-Pusey,DEF,Man City,13,17,0,2025-05-10T14:00:00Z,0,0,0,0,0,0,0,0,0.0,0.0,0.0,0.0,0.0,0.0,0.0,0.0,0,40
2024-25,36,355,673,Jayce Fitzgerald,MID,Man Utd,14,19,1,2025-05-11T13:15:00Z,0,0,0,0,0,0,0,0,0.0,0.0,0.0,0.0,0.0,0.0,0.0,0.0,0,45
2024-25,36,353,674,Paris Maghoma,MID,Brentford,4,10,0,2025-05-10T14:00:00Z,0,0,0,0,0,0,0,0,0.0,0.0,0.0,0.0,0.0,0.0,0.0,0.0,0,45
2024-25,36,358,675,Josh Wilson-Esbrand,DEF,Man City,13,17,0,2025-05-10T14:00:00Z,0,0,0,0,0,0,0,0,0.0,0.0,0.0,0.0,0.0,0.0,0.0,0.0,0,40
2024-25,36,359,676,Zach Marsh,FWD,Crystal Palace,7,18,0,2025-05-11T13:15:00Z,0,0,0,0,0,0,0,0,0.0,0.0,0.0,0.0,0.0,0.0,0.0,0.0,0,45
2024-25,36,355,677,Ollie Scarles,DEF,West Ham,19,14,0,2025-05-11T13:15:00Z,0,0,0,0,0,0,0,0,0.0,0.0,0.0,0.0,0.0,0.0,0.0,0.0,0,40
2024-25,36,352,678,Callum Bates,MID,Everton,8,9,0,2025-05-10T14:00:00Z,0,0,0,0,0,0,0,0,0.0,0.0,0.0,0.0,0.0,0.0,0.0,0.0,0,45
2024-25,36,351,679,Ben Broggio,MID,Aston Villa,2,3,0,2025-05-10T16:30:00Z,0,0,0,0,0,0,0,0,0.0,0.0,0.0,0.0,0.0,0.0,0.0,0.0,0,45
2024-25,36,351,680,Max Kinsey,DEF,Bournemouth,3,2,1,2025-05-10T16:30:00Z,0,0,0,0,0,0,0,0,0.0,0.0,0.0,0.0,0.0,0.0,0.0,0.0,0,40
2024-25,36,360,681,Ruairi McConville,DEF,Brighton,5,20,0,2025-05-10T14:00:00Z,0,0,0,0,0,0,0,0,0.0,0.0,0.0,0.0,0.0,0.0,0.0,0.0,0,40
2024-25,36,360,682,Tom Edozie,MID,Wolves,20,5,1,2025-05-10T14:00:00Z,0,0,0,0,0,0,0,0,0.0,0.0,0.0,0.0,0.0,0.0,0.0,0.0,0,45
2024-25,36,359,683,Callum Olusesi,MID,Spurs,18,7,1,2025-05-11T13:15:00Z,0,0,0,0,0,0,0,0,0.0,0.0,0.0,0.0,0.0,0.0,0.0,0.0,0,45
2024-25,36,359,684,Malachi Hardy,DEF,Spurs,18,7,1,2025-05-11T13:15:00Z,0,0,0,0,0,0,0,0,0.0,0.0,0.0,0.0,0.0,0.0,0.0,0.0,0,40
2024-25,36,360,685,Jacob Slater,DEF,Brighton,5,20,0,2025-05-10T14:00:00Z,0,0,0,0,0,0,0,0,0.0,0.0,0.0,0.0,0.0,0.0,0.0,0.0,0,40
2024-25,36,355,686,Ezra Mayers,DEF,West Ham,19,14,0,2025-05-11T13:15:00Z,0,0,0,0,0,0,0,0,0.0,0.0,0.0,0.0,0.0,0.0,0.0,0.0,0,40
2024-25,36,351,687,Ben Winterburn,MID,Bournemouth,3,2,1,2025-05-10T16:30:00Z,0,0,0,0,0,0,0,0,0.0,0.0,0.0,0.0,0.0,0.0,0.0,0.0,0,45
2024-25,36,354,688,Treymaurice Nyoni,MID,Liverpool,12,1,1,2025-05-11T15:30:00Z,0,0,0,0,0,0,0,0,0.0,0.0,0.0,0.0,0.0,0.0,0.0,0.0,0,45
2024-25,36,359,689,Luca Williams-Barnett,MID,Spurs,18,7,1,2025-05-11T13:15:00Z,0,0,0,0,0,0,0,0,0.0,0.0,0.0,0.0,0.0,0.0,0.0,0.0,0,45
2024-25,36,352,690,Samuel Amissah,DEF,Fulham,9,8,1,2025-05-10T14:00:00Z,0,0,0,0,0,0,0,0,0.0,0.0,0.0,0.0,0.0,0.0,0.0,0.0,0,40
2024-25,36,355,691,Godwill Kukonki,DEF,Man Utd,14,19,1,2025-05-11T13:15:00Z,0,0,0,0,0,0,0,0,0.0,0.0,0.0,0.0,0.0,0.0,0.0,0.0,0,40
2024-25,36,354,692,Amara Nallo,DEF,Liverpool,12,1,1,2025-05-11T15:30:00Z,0,0,0,0,0,0,0,0,0.0,0.0,0.0,0.0,0.0,0.0,0.0,0.0,0,40
2024-25,36,358,693,Joseph O'Brien-Whitmarsh,MID,Southampton,17,13,1,2025-05-10T14:00:00Z,0,0,0,0,0,0,0,0,0.0,0.0,0.0,0.0,0.0,0.0,0.0,0.0,0,45
2024-25,36,357,694,Henry Cartwright,MID,Leicester,11,16,0,2025-05-11T13:15:00Z,0,0,0,0,0,0,0,0,0.0,0.0,0.0,0.0,0.0,0.0,0.0,0.0,0,45
2024-25,36,356,695,Samuel Rak-Sakyi,MID,Chelsea,6,15,0,2025-05-11T11:00:00Z,0,0,0,0,0,0,0,0,0.0,0.0,0.0,0.0,0.0,0.0,0.0,0.0,0,45
2024-25,36,356,696,Tyrique George,MID,Chelsea,6,15,0,2025-05-11T11:00:00Z,0,0,0,0,0,0,0,0,0.0,0.0,0.0,0.0,0.0,0.0,0.0,0.0,0,45
2024-25,36,356,697,Josh Acheampong,DEF,Chelsea,6,15,0,2025-05-11T11:00:00Z,0,0,0,0,0,0,0,0,0.0,0.0,0.0,0.0,0.0,0.0,0.0,0.0,0,40
2024-25,36,358,698,Divin Mubama,FWD,Man City,13,17,0,2025-05-10T14:00:00Z,0,0,0,0,0,0,0,0,0.0,0.0,0.0,0.0,0.0,0.0,0.0,0.0,0,45
2024-25,36,359,699,Alfie Dorrington,DEF,Spurs,18,7,1,2025-05-11T13:15:00Z,0,0,0,0,0,0,0,0,0.0,0.0,0.0,0.0,0.0,0.0,0.0,0.0,0,40
2024-25,36,359,700,Maeson King,DEF,Spurs,18,7,1,2025-05-11T13:15:00Z,0,0,0,0,0,0,0,0,0.0,0.0,0.0,0.0,0.0,0.0,0.0,0.0,0,40
2024-25,36,355,701,Lewis Orford,MID,West Ham,19,14,0,2025-05-11T13:15:00Z,0,0,0,0,0,0,0,0,0.0,0.0,0.0,0.0,0.0,0.0,0.0,0.0,0,45
2024-25,36,351,702,Archie Harris,DEF,Bournemouth,3,2,1,2025-05-10T16:30:00Z,0,0,0,0,0,0,0,0,0.0,0.0,0.0,0.0,0.0,0.0,0.0,0.0,0,40
2024-25,36,358,703,Max Alleyne,DEF,Man City,13,17,0,2025-05-10T14:00:00Z,0,0,0,0,0,0,0,0,0.0,0.0,0.0,0.0,0.0,0.0,0.0,0.0,0,40
2024-25,36,358,704,Spike Brits,GK,Man City,13,17,0,2025-05-10T14:00:00Z,0,0,0,0,0,0,0,0,0.0,0.0,0.0,0.0,0.0,0.0,0.0,0.0,0,40
2024-25,36,353,705,Benjamin Arthur,DEF,Brentford,4,10,0,2025-05-10T14:00:00Z,0,0,0,0,0,0,0,0,0.0,0.0,0.0,0.0,0.0,0.0,0.0,0.0,0,40
2024-25,36,357,706,Zach Abbott,DEF,Nott'm Forest,16,11,1,2025-05-11T13:15:00Z,0,0,0,0,0,0,0,0,0.0,0.0,0.0,0.0,0.0,0.0,0.0,0.0,0,40
2024-25,36,351,707,Remy Rees-Dottin,FWD,Bournemouth,3,2,1,2025-05-10T16:30:00Z,0,0,0,0,0,0,0,0,0.0,0.0,0.0,0.0,0.0,0.0,0.0,0.0,0,45
2024-25,36,357,708,Thomas Wilson-Brown,DEF,Leicester,11,16,0,2025-05-11T13:15:00Z,0,0,0,0,0,0,0,0,0.0,0.0,0.0,0.0,0.0,0.0,0.0,0.0,0,40
2024-25,36,354,709,Jayden Danns,FWD,Liverpool,12,1,1,2025-05-11T15:30:00Z,0,0,0,0,0,0,0,0,0.0,0.0,0.0,0.0,0.0,0.0,0.0,0.0,0,45
2024-25,36,351,710,Jamaldeen Jimoh,MID,Aston Villa,2,3,0,2025-05-10T16:30:00Z,0,0,0,0,0,0,0,0,0.0,0.0,0.0,0.0,0.0,0.0,0.0,0.0,0,45
2024-25,36,360,711,Wes Okoduwa,DEF,Wolves,20,5,1,2025-05-10T14:00:00Z,0,0,0,0,0,0,0,0,0.0,0.0,0.0,0.0,0.0,0.0,0.0,0.0,0,40
2024-25,36,351,712,Matai Akinmboni,DEF,Bournemouth,3,2,1,2025-05-10T16:30:00Z,0,0,0,0,0,0,0,0,0.0,0.0,0.0,0.0,0.0,0.0,0.0,0.0,0,40
2024-25,36,351,713,Julio Soler,DEF,Bournemouth,3,2,1,2025-05-10T16:30:00Z,0,0,0,0,0,0,0,0,0.0,0.0,0.0,0.0,0.0,0.0,0.0,0.0,0,39
2024-25,36,360,714,Diego Gómez,MID,Brighton,5,20,0,2025-05-10T14:00:00Z,11,1,0,0,0,0,0,3,1.8,3.3,0.0,0.5,0.0,0.16,0.16,0.08,0,55
2024-25,36,353,715,Ben Godfrey,DEF,Ipswich,10,4,1,2025-05-10T14:00:00Z,0,0,0,0,0,0,0,0,0.0,0.0,0.0,0.0,0.0,0.0,0.0,0.0,0,40
2024-25,36,359,716,Antonín Kinsky,GK,Spurs,18,7,1,2025-05-11T13:15:00Z,90,3,0,0,0,2,0,20,65.2,0.0,0.0,6.5,0.0,0.0,0.0,3.39,1,41
2024-25,36,359,717,Min-Hyeok Yang,MID,Spurs,18,7,1,2025-05-11T13:15:00Z,0,0,0,0,0,0,0,0,0.0,0.0,0.0,0.0,0.0,0.0,0.0,0.0,0,45
2024-25,36,358,718,Welington Damascena Santos,DEF,Southampton,17,13,1,2025-05-10T14:00:00Z,87,6,0,0,1,0,0,22,27.0,10.9,2.0,4.0,0.0,0.01,0.01,1.71,1,40
2024-25,36,358,719,Joachim Kayi-Sanda,DEF,Southampton,17,13,1,2025-05-10T14:00:00Z,0,0,0,0,0,0,0,0,0.0,0.0,0.0,0.0,0.0,0.0,0.0,0.0,0,40
2024-25,36,360,720,Emmanuel Agbadou,DEF,Wolves,20,5,1,2025-05-10T14:00:00Z,90,1,0,0,0,2,0,9,23.8,1.0,0.0,2.5,0.0,0.01,0.01,1.57,1,40
2024-25,36,357,721,Wayne Hennessey,GK,Nott'm Forest,16,11,1,2025-05-11T13:15:00Z,0,0,0,0,0,0,0,0,0.0,0.0,0.0,0.0,0.0,0.0,0.0,0.0,0,40
2024-25,36,351,722,Daniel Adu-Adjei,FWD,Bournemouth,3,2,1,2025-05-10T16:30:00Z,0,0,0,0,0,0,0,0,0.0,0.0,0.0,0.0,0.0,0.0,0.0,0.0,0,45
2024-25,36,351,723,Dominic Sadi,MID,Bournemouth,3,2,1,2025-05-10T16:30:00Z,0,0,0,0,0,0,0,0,0.0,0.0,0.0,0.0,0.0,0.0,0.0,0.0,0,45
2024-25,36,352,724,Martin Sherif,FWD,Everton,8,9,0,2025-05-10T14:00:00Z,0,0,0,0,0,0,0,0,0.0,0.0,0.0,0.0,0.0,0.0,0.0,0.0,0,45
2024-25,36,351,725,Donyell Malen,MID,Aston Villa,2,3,0,2025-05-10T16:30:00Z,0,0,0,0,0,0,0,0,0.0,0.0,0.0,0.0,0.0,0.0,0.0,0.0,0,53
2024-25,36,357,726,Woyo Coulibaly,DEF,Leicester,11,16,0,2025-05-11T13:15:00Z,0,0,0,0,0,0,0,0,0.0,0.0,0.0,0.0,0.0,0.0,0.0,0.0,0,40
2024-25,36,351,727,Callan McKenna,GK,Bournemouth,3,2,1,2025-05-10T16:30:00Z,0,0,0,0,0,0,0,0,0.0,0.0,0.0,0.0,0.0,0.0,0.0,0.0,0,40
2024-25,36,351,728,Zain Silcott-Duberry,MID,Bournemouth,3,2,1,2025-05-10T16:30:00Z,0,0,0,0,0,0,0,0,0.0,0.0,0.0,0.0,0.0,0.0,0.0,0.0,0,45
2024-25,36,359,729,Damola Ajayi,MID,Spurs,18,7,1,2025-05-11T13:15:00Z,0,0,0,0,0,0,0,0,0.0,0.0,0.0,0.0,0.0,0.0,0.0,0.0,0,45
2024-25,36,359,730,Romain Esse,MID,Crystal Palace,7,18,0,2025-05-11T13:15:00Z,12,1,0,0,0,0,0,1,1.4,1.1,4.0,0.7,0.0,0.03,0.03,0.11,0,47
2024-25,36,351,731,Andrés García,DEF,Aston Villa,2,3,0,2025-05-10T16:30:00Z,0,0,0,0,0,0,0,0,0.0,0.0,0.0,0.0,0.0,0.0,0.0,0.0,0,45
2024-25,36,358,732,Abdukodir Khusanov,DEF,Man City,13,17,0,2025-05-10T14:00:00Z,0,0,0,0,0,0,0,0,0.0,0.0,0.0,0.0,0.0,0.0,0.0,0.0,0,50
2024-25,36,358,733,Vitor de Oliveira Nunes dos Reis,DEF,Man City,13,17,0,2025-05-10T14:00:00Z,0,0,0,0,0,0,0,0,0.0,0.0,0.0,0.0,0.0,0.0,0.0,0.0,0,45
2024-25,36,358,734,Albert Grønbæk,MID,Southampton,17,13,1,2025-05-10T14:00:00Z,0,0,0,0,0,0,0,0,0.0,0.0,0.0,0.0,0.0,0.0,0.0,0.0,0,49
2024-25,36,354,735,Mikel Arteta,AM,Arsenal,1,12,0,2025-05-11T15:30:00Z,0,5,0,0,0,0,0,0,0.0,0.0,0.0,0.0,0.0,0.0,0.0,0.0,0,15
2024-25,36,358,736,Pep Guardiola,AM,Man City,13,17,0,2025-05-10T14:00:00Z,0,5,0,0,0,0,0,0,0.0,0.0,0.0,0.0,0.0,0.0,0.0,0.0,0,15
2024-25,36,351,737,Unai Emery,AM,Aston Villa,2,3,0,2025-05-10T16:30:00Z,0,9,0,0,0,0,0,0,0.0,0.0,0.0,0.0,0.0,0.0,0.0,0.0,0,8
2024-25,36,351,738,Andoni Iraola,AM,Bournemouth,3,2,1,2025-05-10T16:30:00Z,0,0,0,0,0,0,0,0,0.0,0.0,0.0,0.0,0.0,0.0,0.0,0.0,0,11
2024-25,36,360,739,Fabian Hürzeler,AM,Brighton,5,20,0,2025-05-10T14:00:00Z,0,10,0,0,0,0,0,0,0.0,0.0,0.0,0.0,0.0,0.0,0.0,0.0,0,11
2024-25,36,356,740,Enzo Maresca,AM,Chelsea,6,15,0,2025-05-11T11:00:00Z,0,0,0,0,0,0,0,0,0.0,0.0,0.0,0.0,0.0,0.0,0.0,0.0,0,15
2024-25,36,359,741,Oliver Glasner,AM,Crystal Palace,7,18,0,2025-05-11T13:15:00Z,0,10,0,0,0,0,0,0,0.0,0.0,0.0,0.0,0.0,0.0,0.0,0.0,0,8
2024-25,36,352,742,David Moyes,AM,Everton,8,9,0,2025-05-10T14:00:00Z,0,9,0,0,0,0,0,0,0.0,0.0,0.0,0.0,0.0,0.0,0.0,0.0,0,5
2024-25,36,353,743,Kieran McKenna,AM,Ipswich,10,4,1,2025-05-10T14:00:00Z,0,0,0,0,0,0,0,0,0.0,0.0,0.0,0.0,0.0,0.0,0.0,0.0,0,5
2024-25,36,354,744,Arne Slot,AM,Liverpool,12,1,1,2025-05-11T15:30:00Z,0,5,0,0,0,0,0,0,0.0,0.0,0.0,0.0,0.0,0.0,0.0,0.0,0,15
2024-25,36,355,745,Ruben Filipe Marques Diogo Amorim,AM,Man Utd,14,19,1,2025-05-11T13:15:00Z,0,0,0,0,0,0,0,0,0.0,0.0,0.0,0.0,0.0,0.0,0.0,0.0,0,8
2024-25,36,356,746,Eddie Howe,AM,Newcastle,15,6,1,2025-05-11T11:00:00Z,0,10,0,0,0,0,0,0,0.0,0.0,0.0,0.0,0.0,0.0,0.0,0.0,0,15
2024-25,36,357,747,Nuno Herlander Simões Espírito Santo,AM,Nott'm Forest,16,11,1,2025-05-11T13:15:00Z,0,5,0,0,0,0,0,0,0.0,0.0,0.0,0.0,0.0,0.0,0.0,0.0,0,11
2024-25,36,358,748,Simon Rusk,AM,Southampton,17,13,1,2025-05-10T14:00:00Z,0,10,0,0,0,0,0,0,0.0,0.0,0.0,0.0,0.0,0.0,0.0,0.0,0,5
2024-25,36,359,749,Ange Postecoglou,AM,Spurs,18,7,1,2025-05-11T13:15:00Z,0,0,0,0,0,0,0,0,0.0,0.0,0.0,0.0,0.0,0.0,0.0,0.0,0,11
2024-25,36,355,750,Graham Potter,AM,West Ham,19,14,0,2025-05-11T13:15:00Z,0,10,0,0,0,0,0,0,0.0,0.0,0.0,0.0,0.0,0.0,0.0,0.0,0,5
2024-25,36,360,751,Vítor Manuel de Oliveira Lopes Pereira,AM,Wolves,20,5,1,2025-05-10T14:00:00Z,0,0,0,0,0,0,0,0,0.0,0.0,0.0,0.0,0.0,0.0,0.0,0.0,0,8
2024-25,36,353,752,Thomas Frank,AM,Brentford,4,10,0,2025-05-10T14:00:00Z,0,9,0,0,0,0,0,0,0.0,0.0,0.0,0.0,0.0,0.0,0.0,0.0,0,8
2024-25,36,352,753,Marco Alexandre Saraiva da Silva,AM,Fulham,9,8,1,2025-05-10T14:00:00Z,0,1,0,0,0,0,0,0,0.0,0.0,0.0,0.0,0.0,0.0,0.0,0.0,0,11
2024-25,36,357,754,Ruud van Nistelrooij,AM,Leicester,11,16,0,2025-05-11T13:15:00Z,0,10,0,0,0,0,0,0,0.0,0.0,0.0,0.0,0.0,0.0,0.0,0.0,0,5
2024-25,36,358,755,Omar Marmoush,FWD,Man City,13,17,0,2025-05-10T14:00:00Z,6,1,0,0,0,0,0,3,0.0,0.0,15.0,1.5,0.13,0.0,0.13,0.0,0,76
2024-25,36,354,756,Jack Porter,GK,Arsenal,1,12,0,2025-05-11T15:30:00Z,0,0,0,0,0,0,0,0,0.0,0.0,0.0,0.0,0.0,0.0,0.0,0.0,0,40
2024-25,36,353,757,Michael Kayode,DEF,Brentford,4,10,0,2025-05-10T14:00:00Z,90,5,0,0,1,0,0,26,10.0,26.5,6.0,4.3,0.13,0.2,0.33,0.93,1,45
2024-25,36,360,758,Joe Knight,MID,Brighton,5,20,0,2025-05-10T14:00:00Z,0,0,0,0,0,0,0,0,0.0,0.0,0.0,0.0,0.0,0.0,0.0,0.0,0,45
2024-25,36,353,759,Julian Eyestone,GK,Brentford,4,10,0,2025-05-10T14:00:00Z,0,0,0,0,0,0,0,0,0.0,0.0,0.0,0.0,0.0,0.0,0.0,0.0,0,40
2024-25,36,359,760,Dante Cassanova,DEF,Spurs,18,7,1,2025-05-11T13:15:00Z,0,0,0,0,0,0,0,0,0.0,0.0,0.0,0.0,0.0,0.0,0.0,0.0,0,40
2024-25,36,355,761,Elyh Harrison,GK,Man Utd,14,19,1,2025-05-11T13:15:00Z,0,0,0,0,0,0,0,0,0.0,0.0,0.0,0.0,0.0,0.0,0.0,0.0,0,40
2024-25,36,351,762,Marco Asensio,MID,Aston Villa,2,3,0,2025-05-10T16:30:00Z,69,2,0,0,1,0,0,0,0.0,1.3,3.0,0.0,0.08,0.03,0.11,0.08,1,61
2024-25,36,360,763,Eiran Cashin,DEF,Brighton,5,20,0,2025-05-10T14:00:00Z,0,0,0,0,0,0,0,0,0.0,0.0,0.0,0.0,0.0,0.0,0.0,0.0,0,45
2024-25,36,353,764,Alex Palmer,GK,Ipswich,10,4,1,2025-05-10T14:00:00Z,90,3,0,0,0,1,0,15,36.0,0.0,0.0,3.6,0.0,0.0,0.0,1.41,1,45
2024-25,36,358,765,Nico González,MID,Man City,13,17,0,2025-05-10T14:00:00Z,0,0,0,0,0,0,0,0,0.0,0.0,0.0,0.0,0.0,0.0,0.0,0.0,0,60
2024-25,36,355,766,Patrick Dorgu,DEF,Man Utd,14,19,1,2025-05-11T13:15:00Z,31,1,0,0,0,0,0,11,7.0,13.9,2.0,2.3,0.0,0.03,0.03,0.29,0,45
2024-25,36,359,767,Kevin Danso,DEF,Spurs,18,7,1,2025-05-11T13:15:00Z,90,1,0,0,0,2,0,8,29.8,0.7,17.0,4.8,0.02,0.0,0.02,3.39,1,44
2024-25,36,359,768,Mathys Tel,MID,Spurs,18,7,1,2025-05-11T13:15:00Z,90,2,0,0,0,2,0,15,23.8,23.1,2.0,4.9,0.0,0.11,0.11,3.39,1,58
2024-25,36,360,769,Nasser Djiga,DEF,Wolves,20,5,1,2025-05-10T14:00:00Z,0,0,0,0,0,0,0,0,0.0,0.0,0.0,0.0,0.0,0.0,0.0,0.0,0,45
2024-25,36,360,770,Marshall Munetsi,MID,Wolves,20,5,1,2025-05-10T14:00:00Z,90,2,0,0,0,2,0,5,2.4,10.6,34.0,4.7,0.19,0.01,0.2,1.57,1,50
2024-25,36,356,771,Mathis Amougou,MID,Chelsea,6,15,0,2025-05-11T11:00:00Z,0,0,0,0,0,0,0,0,0.0,0.0,0.0,0.0,0.0,0.0,0.0,0.0,0,45
2024-25,36,352,772,Willian Borges da Silva,MID,Fulham,9,8,1,2025-05-10T14:00:00Z,16,1,0,0,0,0,0,6,6.8,26.3,2.0,3.5,0.0,0.07,0.07,0.1,0,50
2024-25,36,352,773,Isaac Heath,MID,Everton,8,9,0,2025-05-10T14:00:00Z,0,0,0,0,0,0,0,0,0.0,0.0,0.0,0.0,0.0,0.0,0.0,0.0,0,45
2024-25,36,356,774,Aaron Anselmino,DEF,Chelsea,6,15,0,2025-05-11T11:00:00Z,0,0,0,0,0,0,0,0,0.0,0.0,0.0,0.0,0.0,0.0,0.0,0.0,0,40
2024-25,36,352,775,Coby Ebere,MID,Everton,8,9,0,2025-05-10T14:00:00Z,0,0,0,0,0,0,0,0,0.0,0.0,0.0,0.0,0.0,0.0,0.0,0.0,0,45
2024-25,36,355,776,Chido Obi-Martin,FWD,Man Utd,14,19,1,2025-05-11T13:15:00Z,0,0,0,0,0,0,0,0,0.0,0.0,0.0,0.0,0.0,0.0,0.0,0.0,0,45
2024-25,36,355,777,Tyler Fredricson,DEF,Man Utd,14,19,1,2025-05-11T13:15:00Z,0,0,0,0,0,0,0,0,0.0,0.0,0.0,0.0,0.0,0.0,0.0,0.0,0,40
2024-25,36,355,778,Jack Moorhouse,MID,Man Utd,14,19,1,2025-05-11T13:15:00Z,0,0,0,0,0,0,0,0,0.0,0.0,0.0,0.0,0.0,0.0,0.0,0.0,0,45
2024-25,36,355,779,Sékou Koné,MID,Man Utd,14,19,1,2025-05-11T13:15:00Z,0,0,0,0,0,0,0,0,0.0,0.0,0.0,0.0,0.0,0.0,0.0,0.0,0,45
2024-25,36,353,780,Iwan Morgan,FWD,Brentford,4,10,0,2025-05-10T14:00:00Z,0,0,0,0,0,0,0,0,0.0,0.0,0.0,0.0,0.0,0.0,0.0,0.0,0,45
2024-25,36,356,781,Shumaira Mheuka,FWD,Chelsea,6,15,0,2025-05-11T11:00:00Z,0,0,0,0,0,0,0,0,0.0,0.0,0.0,0.0,0.0,0.0,0.0,0.0,0,45
2024-25,36,356,782,Ishé Samuels-Smith,DEF,Chelsea,6,15,0,2025-05-11T11:00:00Z,0,0,0,0,0,0,0,0,0.0,0.0,0.0,0.0,0.0,0.0,0.0,0.0,0,40
2024-25,36,355,783,Hubert Graczyk,GK,Man Utd,14,19,1,2025-05-11T13:15:00Z,0,0,0,0,0,0,0,0,0.0,0.0,0.0,0.0,0.0,0.0,0.0,0.0,0,40
2024-25,36,360,784,Mateus Mané,FWD,Wolves,20,5,1,2025-05-10T14:00:00Z,1,1,0,0,0,0,0,3,0.0,0.3,0.0,0.0,0.0,0.0,0.0,0.0,0,45
2024-25,36,358,785,Claudio Echeverri,MID,Man City,13,17,0,2025-05-10T14:00:00Z,0,0,0,0,0,0,0,0,0.0,0.0,0.0,0.0,0.0,0.0,0.0,0.0,0,58
2024-25,36,353,786,Benjamin Fredrick,DEF,Brentford,4,10,0,2025-05-10T14:00:00Z,0,0,0,0,0,0,0,0,0.0,0.0,0.0,0.0,0.0,0.0,0.0,0.0,0,40
2024-25,36,356,787,Genesis Antwi,DEF,Chelsea,6,15,0,2025-05-11T11:00:00Z,0,0,0,0,0,0,0,0,0.0,0.0,0.0,0.0,0.0,0.0,0.0,0.0,0,40
2024-25,36,355,788,Dermot Mee,GK,Man Utd,14,19,1,2025-05-11T13:15:00Z,0,0,0,0,0,0,0,0,0.0,0.0,0.0,0.0,0.0,0.0,0.0,0.0,0,40
2024-25,36,356,789,Sean Neave,FWD,Newcastle,15,6,1,2025-05-11T11:00:00Z,0,0,0,0,0,0,0,0,0.0,0.0,0.0,0.0,0.0,0.0,0.0,0.0,0,45
2024-25,36,354,790,Jimi Gower,MID,Arsenal,1,12,0,2025-05-11T15:30:00Z,0,0,0,0,0,0,0,0,0.0,0.0,0.0,0.0,0.0,0.0,0.0,0.0,0,45
2024-25,36,360,791,Charlie Tasker,DEF,Brighton,5,20,0,2025-05-10T14:00:00Z,0,0,0,0,0,0,0,0,0.0,0.0,0.0,0.0,0.0,0.0,0.0,0.0,0,40
2024-25,36,357,792,Jeremy Monga,MID,Leicester,11,16,0,2025-05-11T13:15:00Z,13,1,0,0,0,0,0,6,1.0,0.1,8.0,0.9,0.15,0.0,0.15,0.08,0,45
2024-25,36,354,793,Jack Henry-Francis,MID,Arsenal,1,12,0,2025-05-11T15:30:00Z,0,0,0,0,0,0,0,0,0.0,0.0,0.0,0.0,0.0,0.0,0.0,0.0,0,45
2024-25,36,360,794,Freddie Simmonds,DEF,Brighton,5,20,0,2025-05-10T14:00:00Z,0,0,0,0,0,0,0,0,0.0,0.0,0.0,0.0,0.0,0.0,0.0,0.0,0,40
2024-25,36,360,795,Harry Howell,MID,Brighton,5,20,0,2025-05-10T14:00:00Z,0,0,0,0,0,0,0,0,0.0,0.0,0.0,0.0,0.0,0.0,0.0,0.0,0,45
2024-25,36,357,796,Olabade Aluko,DEF,Leicester,11,16,0,2025-05-11T13:15:00Z,0,0,0,0,0,0,0,0,0.0,0.0,0.0,0.0,0.0,0.0,0.0,0.0,0,40
2024-25,36,357,797,Jake Evans,MID,Leicester,11,16,0,2025-05-11T13:15:00Z,0,0,0,0,0,0,0,0,0.0,0.0,0.0,0.0,0.0,0.0,0.0,0.0,0,45
2024-25,36,358,798,Jay Robinson,FWD,Southampton,17,13,1,2025-05-10T14:00:00Z,0,0,0,0,0,0,0,0,0.0,0.0,0.0,0.0,0.0,0.0,0.0,0.0,0,44
2024-25,36,353,799,Somto Boniface,DEF,Ipswich,10,4,1,2025-05-10T14:00:00Z,0,0,0,0,0,0,0,0,0.0,0.0,0.0,0.0,0.0,0.0,0.0,0.0,0,40
2024-25,36,353,800,Tom Taylor,MID,Ipswich,10,4,1,2025-05-10T14:00:00Z,0,0,0,0,0,0,0,0,0.0,0.0,0.0,0.0,0.0,0.0,0.0,0.0,0,45
2024-25,36,354,801,Brayden Clarke,DEF,Arsenal,1,12,0,2025-05-11T15:30:00Z,0,0,0,0,0,0,0,0,0.0,0.0,0.0,0.0,0.0,0.0,0.0,0.0,0,40
