season,gw,fixture,element,name,position,team,team_id,opponent_team,was_home,kickoff_time,minutes,total_points,goals_scored,assists,clean_sheets,goals_conceded,bonus,bps,influence,creativity,threat,ict_index,expected_goals,expected_assists,expected_goal_involvements,expected_goals_conceded,starts,value
2024-25,37,361,1,Fábio Ferreira Vieira,MID,Arsenal,1,15,1,2025-05-18T15:30:00Z,0,0,0,0,0,0,0,0,0.0,0.0,0.0,0.0,0.0,0.0,0.0,0.0,0,54
2024-25,37,361,2,Gabriel Fernando de Jesus,FWD,Arsenal,1,15,1,2025-05-18T15:30:00Z,0,0,0,0,0,0,0,0,0.0,0.0,0.0,0.0,0.0,0.0,0.0,0.0,0,65
2024-25,37,361,3,Gabriel dos Santos Magalhães,DEF,Arsenal,1,15,1,2025-05-18T15:30:00Z,0,0,0,0,0,0,0,0,0.0,0.0,0.0,0.0,0.0,0.0,0.0,0.0,0,62
2024-25,37,361,4,Kai Havertz,FWD,Arsenal,1,15,1,2025-05-18T15:30:00Z,14,0,0,0,0,0,0,0,0.2,0.1,2.0,0.2,0.0,0.01,0.01,0.32,0,77
2024-25,37,361,5,Karl Hein,GK,Arsenal,1,15,1,2025-05-18T15:30:00Z,0,0,0,0,0,0,0,0,0.0,0.0,0.0,0.0,0.0,0.0,0.0,0.0,0,40
2024-25,37,361,6,Jurriën Timber,DEF,Arsenal,1,15,1,2025-05-18T15:30:00Z,0,0,0,0,0,0,0,0,0.0,0.0,0.0,0.0,0.0,0.0,0.0,0.0,0,56
2024-25,37,361,7,Jorge Luiz Frello Filho,MID,Arsenal,1,15,1,2025-05-18T15:30:00Z,1,1,0,0,0,0,0,3,0.2,0.0,0.0,0.0,0.0,0.0,0.0,0.22,0,46
2024-25,37,361,8,Jakub Kiwior,DEF,Arsenal,1,15,1,2025-05-18T15:30:00Z,90,7,0,0,1,0,2,30,44.2,25.3,2.0,7.2,0.0,0.02,0.02,1.86,1,48
2024-25,37,361,9,Gabriel Martinelli Silva,MID,Arsenal,1,15,1,2025-05-18T15:30:00Z,90,3,0,0,1,0,0,3,4.6,2.1,18.0,2.5,0.12,0.05,0.17,1.86,1,65
2024-25,37,363,10,Reiss Nelson,MID,Fulham,9,4,0,2025-05-18T14:00:00Z,0,0,0,0,0,0,0,0,0.0,0.0,0.0,0.0,0.0,0.0,0.0,0.0,0,50
2024-25,37,366,11,Eddie Nketiah,FWD,Crystal Palace,7,20,1,2025-05-20T19:00:00Z,80,13,2,0,0,2,3,57,72.0,10.8,34.0,11.7,0.63,0.02,0.65,1.35,1,59
2024-25,37,361,12,Ethan Nwaneri,MID,Arsenal,1,15,1,2025-05-18T15:30:00Z,0,0,0,0,0,0,0,0,0.0,0.0,0.0,0.0,0.0,0.0,0.0,0.0,0,43
2024-25,37,361,13,Martin Ødegaard,MID,Arsenal,1,15,1,2025-05-18T15:30:00Z,90,6,0,1,1,0,0,21,24.6,46.1,9.0,8.0,0.03,0.04,0.07,1.64,1,82
2024-25,37,367,14,Aaron Ramsdale,GK,Southampton,17,8,0,2025-05-18T11:00:00Z,90,1,0,0,0,2,0,3,17.0,0.0,0.0,1.7,0.0,0.0,0.0,2.73,1,44
2024-25,37,361,15,David Raya Martin,GK,Arsenal,1,15,1,2025-05-18T15:30:00Z,90,7,0,0,1,0,1,28,31.0,10.0,0.0,4.1,0.0,0.01,0.01,1.86,1,55
2024-25,37,361,16,Declan Rice,MID,Arsenal,1,15,1,2025-05-18T15:30:00Z,90,11,1,0,1,0,3,36,52.2,5.5,14.0,7.2,0.09,0.02,0.11,1.86,1,62
2024-25,37,361,17,Bukayo Saka,MID,Arsenal,1,15,1,2025-05-18T15:30:00Z,75,3,0,0,1,0,0,17,17.8,32.8,31.0,8.2,0.06,0.28,0.34,1.54,1,103
2024-25,37,361,18,William Saliba,DEF,Arsenal,1,15,1,2025-05-18T15:30:00Z,45,1,0,0,0,0,0,10,2.2,1.5,0.0,0.4,0.0,0.0,0.0,1.46,1,65
2024-25,37,363,19,Emile Smith Rowe,MID,Fulham,9,4,0,2025-05-18T14:00:00Z,65,1,0,0,0,2,0,2,3.0,12.4,11.0,2.6,0.1,0.06,0.16,2.61,1,51
2024-25,37,361,20,Thomas Partey,MID,Arsenal,1,15,1,2025-05-18T15:30:00Z,90,3,0,0,1,0,0,13,20.6,13.0,40.0,7.4,0.24,0.02,0.26,1.86,1,49
2024-25,37,361,21,Kieran Tierney,DEF,Arsenal,1,15,1,2025-05-18T15:30:00Z,2,1,0,0,0,0,0,3,0.0,0.0,0.0,0.0,0.0,0.0,0.0,0.22,0,43
2024-25,37,361,22,Tomiyasu Takehiro,DEF,Arsenal,1,15,1,2025-05-18T15:30:00Z,0,0,0,0,0,0,0,0,0.0,0.0,0.0,0.0,0.0,0.0,0.0,0.0,0,48
2024-25,37,361,23,Leandro Trossard,MID,Arsenal,1,15,1,2025-05-18T15:30:00Z,87,3,0,0,1,0,0,11,12.4,15.8,11.0,3.9,0.05,0.05,0.1,1.64,1,68
2024-25,37,361,24,Benjamin White,DEF,Arsenal,1,15,1,2025-05-18T15:30:00Z,90,6,0,0,1,0,0,24,15.2,3.2,9.0,2.7,0.02,0.02,0.04,1.86,1,61
2024-25,37,361,25,Oleksandr Zinchenko,DEF,Arsenal,1,15,1,2025-05-18T15:30:00Z,0,0,0,0,0,0,0,0,0.0,0.0,0.0,0.0,0.0,0.0,0.0,0.0,0,48
2024-25,37,370,26,Álex Moreno Lopera,DEF,Nott'm Forest,16,19,0,2025-05-18T13:15:00Z,0,0,0,0,0,0,0,0,0.0,0.0,0.0,0.0,0.0,0.0,0.0,0.0,0,42
2024-25,37,367,27,Cameron Archer,FWD,Southampton,17,8,0,2025-05-18T11:00:00Z,30,1,0,0,0,0,0,4,6.4,11.0,33.0,5.0,0.62,0.02,0.64,0.03,0,48
2024-25,37,362,28,Leon Bailey,MID,Aston Villa,2,18,1,2025-05-16T18:30:00Z,1,1,0,0,0,0,0,5,2.0,1.0,2.0,0.5,0.0,0.0,0.0,0.0,0,62
2024-25,37,362,29,Ross Barkley,MID,Aston Villa,2,18,1,2025-05-16T18:30:00Z,2,1,0,0,0,0,0,4,1.4,0.2,0.0,0.2,0.0,0.0,0.0,0.0,0,52
2024-25,37,362,30,Enzo Barrenechea,MID,Aston Villa,2,18,1,2025-05-16T18:30:00Z,0,0,0,0,0,0,0,0,0.0,0.0,0.0,0.0,0.0,0.0,0.0,0.0,0,49
2024-25,37,362,31,Emiliano Buendía Stati,MID,Aston Villa,2,18,1,2025-05-16T18:30:00Z,0,0,0,0,0,0,0,0,0.0,0.0,0.0,0.0,0.0,0.0,0.0,0.0,0,51
2024-25,37,362,32,Matty Cash,DEF,Aston Villa,2,18,1,2025-05-16T18:30:00Z,90,5,0,0,1,0,0,24,9.8,4.8,5.0,2.0,0.06,0.02,0.08,0.51,1,44
2024-25,37,362,33,Leander Dendoncker,MID,Aston Villa,2,18,1,2025-05-16T18:30:00Z,0,0,0,0,0,0,0,0,0.0,0.0,0.0,0.0,0.0,0.0,0.0,0.0,0,45
2024-25,37,362,34,Moussa Diaby,MID,Aston Villa,2,18,1,2025-05-16T18:30:00Z,0,0,0,0,0,0,0,0,0.0,0.0,0.0,0.0,0.0,0.0,0.0,0.0,0,65
2024-25,37,362,35,Diego Carlos Santos Silva,DEF,Aston Villa,2,18,1,2025-05-16T18:30:00Z,0,0,0,0,0,0,0,0,0.0,0.0,0.0,0.0,0.0,0.0,0.0,0.0,0,45
2024-25,37,362,36,Lucas Digne,DEF,Aston Villa,2,18,1,2025-05-16T18:30:00Z,0,0,0,0,0,0,0,0,0.0,0.0,0.0,0.0,0.0,0.0,0.0,0.0,0,44
2024-25,37,362,37,Lewis Dobbin,MID,Aston Villa,2,18,1,2025-05-16T18:30:00Z,0,0,0,0,0,0,0,0,0.0,0.0,0.0,0.0,0.0,0.0,0.0,0.0,0,50
2024-25,37,362,38,Jhon Durán,FWD,Aston Villa,2,18,1,2025-05-16T18:30:00Z,0,0,0,0,0,0,0,0,0.0,0.0,0.0,0.0,0.0,0.0,0.0,0.0,0,57
2024-25,37,362,39,Joe Gauci,GK,Aston Villa,2,18,1,2025-05-16T18:30:00Z,0,0,0,0,0,0,0,0,0.0,0.0,0.0,0.0,0.0,0.0,0.0,0.0,0,40
2024-25,37,362,40,Kortney Hause,DEF,Aston Villa,2,18,1,2025-05-16T18:30:00Z,0,0,0,0,0,0,0,0,0.0,0.0,0.0,0.0,0.0,0.0,0.0,0.0,0,39
2024-25,37,362,41,Samuel Iling-Junior,MID,Aston Villa,2,18,1,2025-05-16T18:30:00Z,0,0,0,0,0,0,0,0,0.0,0.0,0.0,0.0,0.0,0.0,0.0,0.0,0,54
2024-25,37,362,42,Boubacar Kamara,MID,Aston Villa,2,18,1,2025-05-16T18:30:00Z,90,10,1,0,1,0,2,33,39.8,15.1,23.0,7.8,0.04,0.14,0.18,0.51,1,50
2024-25,37,362,43,Kaine Kesler-Hayden,DEF,Aston Villa,2,18,1,2025-05-16T18:30:00Z,0,0,0,0,0,0,0,0,0.0,0.0,0.0,0.0,0.0,0.0,0.0,0.0,0,40
2024-25,37,362,44,Ezri Konsa Ngoyo,DEF,Aston Villa,2,18,1,2025-05-16T18:30:00Z,90,15,1,0,1,0,3,46,57.6,14.1,50.0,12.2,0.35,0.12,0.47,0.51,1,44
2024-25,37,362,45,Ian Maatsen,DEF,Aston Villa,2,18,1,2025-05-16T18:30:00Z,90,6,0,0,1,0,0,25,10.2,18.8,14.0,4.3,0.08,0.13,0.21,0.51,1,45
2024-25,37,362,46,Filip Marschall,GK,Aston Villa,2,18,1,2025-05-16T18:30:00Z,0,0,0,0,0,0,0,0,0.0,0.0,0.0,0.0,0.0,0.0,0.0,0.0,0,40
2024-25,37,362,47,Emiliano Martínez Romero,GK,Aston Villa,2,18,1,2025-05-16T18:30:00Z,90,6,0,0,1,0,0,23,12.4,0.0,0.0,1.2,0.0,0.0,0.0,0.51,1,50
2024-25,37,362,48,John McGinn,MID,Aston Villa,2,18,1,2025-05-16T18:30:00Z,89,3,0,0,1,0,0,16,6.6,34.6,15.0,5.6,0.11,0.15,0.26,0.51,1,52
2024-25,37,362,49,Tyrone Mings,DEF,Aston Villa,2,18,1,2025-05-16T18:30:00Z,0,0,0,0,0,0,0,0,0.0,0.0,0.0,0.0,0.0,0.0,0.0,0.0,0,44
2024-25,37,362,50,Kosta Nedeljković,DEF,Aston Villa,2,18,1,2025-05-16T18:30:00Z,0,0,0,0,0,0,0,0,0.0,0.0,0.0,0.0,0.0,0.0,0.0,0.0,0,39
2024-25,37,362,51,Robin Olsen,GK,Aston Villa,2,18,1,2025-05-16T18:30:00Z,0,0,0,0,0,0,0,0,0.0,0.0,0.0,0.0,0.0,0.0,0.0,0.0,0,45
2024-25,37,362,52,Pau Torres,DEF,Aston Villa,2,18,1,2025-05-16T18:30:00Z,90,7,0,0,1,0,1,30,18.6,16.9,2.0,3.8,0.0,0.07,0.07,0.51,1,42
2024-25,37,362,53,Jacob Ramsey,MID,Aston Villa,2,18,1,2025-05-16T18:30:00Z,0,0,0,0,0,0,0,0,0.0,0.0,0.0,0.0,0.0,0.0,0.0,0.0,0,54
2024-25,37,362,54,Morgan Rogers,MID,Aston Villa,2,18,1,2025-05-16T18:30:00Z,90,6,0,1,1,0,0,23,27.4,27.8,27.0,8.2,0.36,0.08,0.44,0.51,1,57
2024-25,37,362,55,Viljami Sinisalo,GK,Aston Villa,2,18,1,2025-05-16T18:30:00Z,0,0,0,0,0,0,0,0,0.0,0.0,0.0,0.0,0.0,0.0,0.0,0.0,0,40
2024-25,37,362,56,Lino da Cruz Sousa,DEF,Aston Villa,2,18,1,2025-05-16T18:30:00Z,0,0,0,0,0,0,0,0,0.0,0.0,0.0,0.0,0.0,0.0,0.0,0.0,0,40
2024-25,37,362,57,Youri Tielemans,MID,Aston Villa,2,18,1,2025-05-16T18:30:00Z,0,0,0,0,0,0,0,0,0.0,0.0,0.0,0.0,0.0,0.0,0.0,0.0,0,55
2024-25,37,362,58,Ollie Watkins,FWD,Aston Villa,2,18,1,2025-05-16T18:30:00Z,85,5,0,1,1,0,0,21,22.2,14.1,51.0,8.7,0.22,0.37,0.59,0.51,1,90
2024-25,37,369,59,Max Aarons,DEF,Bournemouth,3,13,0,2025-05-20T19:00:00Z,0,0,0,0,0,0,0,0,0.0,0.0,0.0,0.0,0.0,0.0,0.0,0.0,0,43
2024-25,37,369,60,Tyler Adams,MID,Bournemouth,3,13,0,2025-05-20T19:00:00Z,90,2,0,0,0,3,0,9,9.8,3.0,2.0,1.5,0.0,0.03,0.03,1.6,1,49
2024-25,37,369,61,Jaidon Anthony,MID,Bournemouth,3,13,0,2025-05-20T19:00:00Z,0,0,0,0,0,0,0,0,0.0,0.0,0.0,0.0,0.0,0.0,0.0,0.0,0,45
2024-25,37,369,62,David Brooks,MID,Bournemouth,3,13,0,2025-05-20T19:00:00Z,45,1,0,0,0,1,0,4,3.8,2.8,2.0,0.9,0.0,0.03,0.03,0.27,0,49
2024-25,37,369,63,Ryan Christie,MID,Bournemouth,3,13,0,2025-05-20T19:00:00Z,0,0,0,0,0,0,0,0,0.0,0.0,0.0,0.0,0.0,0.0,0.0,0.0,0,48
2024-25,37,369,64,Lewis Cook,MID,Bournemouth,3,13,0,2025-05-20T19:00:00Z,72,-1,0,0,0,3,0,3,0.4,2.7,0.0,0.3,0.0,0.01,0.01,1.44,1,50
2024-25,37,369,65,Enes Ünal,FWD,Bournemouth,3,13,0,2025-05-20T19:00:00Z,0,0,0,0,0,0,0,0,0.0,0.0,0.0,0.0,0.0,0.0,0.0,0.0,0,54
2024-25,37,369,66,Romain Faivre,MID,Bournemouth,3,13,0,2025-05-20T19:00:00Z,0,0,0,0,0,0,0,0,0.0,0.0,0.0,0.0,0.0,0.0,0.0,0.0,0,50
2024-25,37,369,67,Hamed Traorè,MID,Bournemouth,3,13,0,2025-05-20T19:00:00Z,0,0,0,0,0,0,0,0,0.0,0.0,0.0,0.0,0.0,0.0,0.0,0.0,0,45
2024-25,37,369,68,James Hill,DEF,Bournemouth,3,13,0,2025-05-20T19:00:00Z,0,0,0,0,0,0,0,0,0.0,0.0,0.0,0.0,0.0,0.0,0.0,0.0,0,39
2024-25,37,369,69,Daniel Jebbison,FWD,Bournemouth,3,13,0,2025-05-20T19:00:00Z,7,6,1,0,0,1,1,29,33.0,0.5,17.0,5.1,0.29,0.0,0.29,0.08,0,45
2024-25,37,369,70,Milos Kerkez,DEF,Bournemouth,3,13,0,2025-05-20T19:00:00Z,82,1,0,0,0,2,0,7,5.2,20.9,2.0,2.8,0.0,0.08,0.08,1.51,1,53
2024-25,37,369,71,Justin Kluivert,MID,Bournemouth,3,13,0,2025-05-20T19:00:00Z,45,1,0,0,0,2,0,3,0.2,0.8,30.0,3.1,0.25,0.02,0.27,1.33,1,60
2024-25,37,369,72,Chris Mepham,DEF,Bournemouth,3,13,0,2025-05-20T19:00:00Z,0,0,0,0,0,0,0,0,0.0,0.0,0.0,0.0,0.0,0.0,0.0,0.0,0,44
2024-25,37,361,73,Norberto Murara Neto,GK,Arsenal,1,15,1,2025-05-18T15:30:00Z,0,0,0,0,0,0,0,0,0.0,0.0,0.0,0.0,0.0,0.0,0.0,0.0,0,41
2024-25,37,369,74,Dango Ouattara,MID,Bournemouth,3,13,0,2025-05-20T19:00:00Z,0,0,0,0,0,0,0,0,0.0,0.0,0.0,0.0,0.0,0.0,0.0,0.0,0,46
2024-25,37,369,75,Alex Paulsen,GK,Bournemouth,3,13,0,2025-05-20T19:00:00Z,0,0,0,0,0,0,0,0,0.0,0.0,0.0,0.0,0.0,0.0,0.0,0.0,0,40
2024-25,37,369,76,Philip Billing,MID,Bournemouth,3,13,0,2025-05-20T19:00:00Z,0,0,0,0,0,0,0,0,0.0,0.0,0.0,0.0,0.0,0.0,0.0,0.0,0,48
2024-25,37,369,77,Alex Scott,MID,Bournemouth,3,13,0,2025-05-20T19:00:00Z,0,0,0,0,0,0,0,0,0.0,0.0,0.0,0.0,0.0,0.0,0.0,0.0,0,47
2024-25,37,369,78,Antoine Semenyo,MID,Bournemouth,3,13,0,2025-05-20T19:00:00Z,90,2,0,0,0,3,0,3,8.2,5.0,5.0,1.8,0.08,0.01,0.09,1.6,1,57
2024-25,37,369,79,Marcos Senesi,DEF,Bournemouth,3,13,0,2025-05-20T19:00:00Z,0,0,0,0,0,0,0,0,0.0,0.0,0.0,0.0,0.0,0.0,0.0,0.0,0,46
2024-25,37,369,80,Luis Sinisterra,MID,Bournemouth,3,13,0,2025-05-20T19:00:00Z,0,0,0,0,0,0,0,0,0.0,0.0,0.0,0.0,0.0,0.0,0.0,0.0,0,48
2024-25,37,369,81,Adam Smith,DEF,Bournemouth,3,13,0,2025-05-20T19:00:00Z,21,1,0,0,0,1,0,-2,0.0,1.2,0.0,0.1,0.0,0.0,0.0,0.16,0,44
2024-25,37,362,82,Dominic Solanke-Mitchell,FWD,Spurs,18,2,0,2025-05-16T18:30:00Z,16,1,0,0,0,0,0,3,1.4,0.4,0.0,0.2,0.0,0.0,0.0,0.1,0,73
2024-25,37,369,83,Marcus Tavernier,MID,Bournemouth,3,13,0,2025-05-20T19:00:00Z,90,1,0,0,0,3,0,9,6.4,23.4,6.0,3.6,0.02,0.06,0.08,1.6,1,54
2024-25,37,369,84,Mark Travers,GK,Bournemouth,3,13,0,2025-05-20T19:00:00Z,0,0,0,0,0,0,0,0,0.0,0.0,0.0,0.0,0.0,0.0,0.0,0.0,0,44
2024-25,37,369,85,Illia Zabarnyi,DEF,Bournemouth,3,13,0,2025-05-20T19:00:00Z,90,1,0,0,0,3,0,4,15.8,4.2,2.0,2.2,0.0,0.01,0.01,1.6,1,44
2024-25,37,363,86,Kristoffer Ajer,DEF,Brentford,4,9,1,2025-05-18T14:00:00Z,27,0,0,0,0,2,0,-4,2.4,0.9,4.0,0.7,0.0,0.01,0.01,0.22,0,44
2024-25,37,363,87,Ethan Brierley,MID,Brentford,4,9,1,2025-05-18T14:00:00Z,0,0,0,0,0,0,0,0,0.0,0.0,0.0,0.0,0.0,0.0,0.0,0.0,0,44
2024-25,37,363,88,Nathan Collins,DEF,Brentford,4,9,1,2025-05-18T14:00:00Z,90,1,0,0,0,3,0,0,28.6,0.6,2.0,3.1,0.0,0.0,0.0,0.99,1,46
2024-25,37,363,89,Mikkel Damsgaard,MID,Brentford,4,9,1,2025-05-18T14:00:00Z,90,2,0,0,0,3,0,16,8.4,24.3,6.0,3.9,0.1,0.31,0.41,0.99,1,49
2024-25,37,363,90,Josh Dasilva,MID,Brentford,4,9,1,2025-05-18T14:00:00Z,0,0,0,0,0,0,0,0,0.0,0.0,0.0,0.0,0.0,0.0,0.0,0.0,0,48
2024-25,37,363,91,Mark Flekken,GK,Brentford,4,9,1,2025-05-18T14:00:00Z,90,2,0,0,0,3,0,5,26.6,0.0,0.0,2.7,0.0,0.0,0.0,0.99,1,45
2024-25,37,363,92,Rico Henry,DEF,Brentford,4,9,1,2025-05-18T14:00:00Z,14,1,0,0,0,0,0,7,4.0,1.3,2.0,0.7,0.0,0.01,0.01,0.07,0,43
2024-25,37,363,93,Aaron Hickey,DEF,Brentford,4,9,1,2025-05-18T14:00:00Z,0,0,0,0,0,0,0,0,0.0,0.0,0.0,0.0,0.0,0.0,0.0,0.0,0,43
2024-25,37,363,94,Vitaly Janelt,MID,Brentford,4,9,1,2025-05-18T14:00:00Z,0,0,0,0,0,0,0,0,0.0,0.0,0.0,0.0,0.0,0.0,0.0,0.0,0,48
2024-25,37,363,95,Mathias Jensen,MID,Brentford,4,9,1,2025-05-18T14:00:00Z,15,1,0,0,0,0,0,3,5.2,15.0,0.0,2.0,0.0,0.09,0.09,0.07,0,53
2024-25,37,363,96,Kim Ji-soo,DEF,Brentford,4,9,1,2025-05-18T14:00:00Z,0,0,0,0,0,0,0,0,0.0,0.0,0.0,0.0,0.0,0.0,0.0,0.0,0,39
2024-25,37,363,97,Yunus Emre Konak,MID,Brentford,4,9,1,2025-05-18T14:00:00Z,0,0,0,0,0,0,0,0,0.0,0.0,0.0,0.0,0.0,0.0,0.0,0.0,0,44
2024-25,37,363,98,Keane Lewis-Potter,MID,Brentford,4,9,1,2025-05-18T14:00:00Z,75,1,0,0,0,3,0,4,7.6,5.3,2.0,1.5,0.0,0.03,0.03,0.93,1,50
2024-25,37,363,99,Bryan Mbeumo,MID,Brentford,4,9,1,2025-05-18T14:00:00Z,90,5,1,0,0,3,0,20,44.6,18.8,52.0,11.5,0.99,0.09,1.08,0.99,1,83
2024-25,37,363,100,Ben Mee,DEF,Brentford,4,9,1,2025-05-18T14:00:00Z,0,0,0,0,0,0,0,0,0.0,0.0,0.0,0.0,0.0,0.0,0.0,0.0,0,42
2024-25,37,363,101,Christian Nørgaard,MID,Brentford,4,9,1,2025-05-18T14:00:00Z,90,4,0,1,0,3,0,18,15.2,3.4,27.0,4.6,0.32,0.04,0.36,0.99,1,48
2024-25,37,363,102,Frank Onyeka,MID,Brentford,4,9,1,2025-05-18T14:00:00Z,0,0,0,0,0,0,0,0,0.0,0.0,0.0,0.0,0.0,0.0,0.0,0.0,0,49
2024-25,37,363,103,Myles Peart-Harris,MID,Brentford,4,9,1,2025-05-18T14:00:00Z,0,0,0,0,0,0,0,0,0.0,0.0,0.0,0.0,0.0,0.0,0.0,0.0,0,45
2024-25,37,363,104,Ethan Pinnock,DEF,Brentford,4,9,1,2025-05-18T14:00:00Z,0,0,0,0,0,0,0,0,0.0,0.0,0.0,0.0,0.0,0.0,0.0,0.0,0,44
2024-25,37,363,105,Mads Roerslev Rasmussen,DEF,Brentford,4,9,1,2025-05-18T14:00:00Z,0,0,0,0,0,0,0,0,0.0,0.0,0.0,0.0,0.0,0.0,0.0,0.0,0,43
2024-25,37,363,106,Kevin Schade,MID,Brentford,4,9,1,2025-05-18T14:00:00Z,75,2,0,0,0,3,0,8,12.4,1.6,18.0,3.2,0.12,0.01,0.13,0.93,1,52
2024-25,37,363,107,Igor Thiago Nascimento Rodrigues,FWD,Brentford,4,9,1,2025-05-18T14:00:00Z,14,1,0,0,0,0,0,3,2.2,0.8,0.0,0.3,0.0,0.01,0.01,0.07,0,59
2024-25,37,363,108,Ivan Toney,FWD,Brentford,4,9,1,2025-05-18T14:00:00Z,0,0,0,0,0,0,0,0,0.0,0.0,0.0,0.0,0.0,0.0,0.0,0.0,0,73
2024-25,37,363,109,Hákon Valdimarsson,GK,Brentford,4,9,1,2025-05-18T14:00:00Z,0,0,0,0,0,0,0,0,0.0,0.0,0.0,0.0,0.0,0.0,0.0,0.0,0,39
2024-25,37,363,110,Yoane Wissa,FWD,Brentford,4,9,1,2025-05-18T14:00:00Z,90,10,1,1,0,3,2,35,52.6,17.9,60.0,13.1,1.25,0.06,1.31,0.99,1,68
2024-25,37,363,111,Yehor Yarmoliuk,MID,Brentford,4,9,1,2025-05-18T14:00:00Z,74,2,0,0,0,3,0,16,17.0,4.4,0.0,2.1,0.0,0.16,0.16,0.93,1,43
2024-25,37,363,112,Mathias Jorgensen,DEF,Brentford,4,9,1,2025-05-18T14:00:00Z,0,0,0,0,0,0,0,0,0.0,0.0,0.0,0.0,0.0,0.0,0.0,0.0,0,45
2024-25,37,364,113,Simon Adingra,MID,Brighton,5,12,1,2025-05-19T19:00:00Z,64,2,0,0,0,2,0,10,7.8,27.1,40.0,7.5,0.12,0.4,0.52,1.85,1,51
2024-25,37,364,114,Benicio Baker-Boaitey,MID,Brighton,5,12,1,2025-05-19T19:00:00Z,0,0,0,0,0,0,0,0,0.0,0.0,0.0,0.0,0.0,0.0,0.0,0.0,0,45
2024-25,37,364,115,Carlos Baleba,MID,Brighton,5,12,1,2025-05-19T19:00:00Z,90,2,0,0,0,2,0,10,15.2,7.1,0.0,2.2,0.0,0.02,0.02,2.24,1,50
2024-25,37,364,116,Valentín Barco,DEF,Brighton,5,12,1,2025-05-19T19:00:00Z,0,0,0,0,0,0,0,0,0.0,0.0,0.0,0.0,0.0,0.0,0.0,0.0,0,40
2024-25,37,368,117,Facundo Buonanotte,MID,Leicester,11,10,1,2025-05-18T14:00:00Z,0,0,0,0,0,0,0,0,0.0,0.0,0.0,0.0,0.0,0.0,0.0,0.0,0,45
2024-25,37,364,118,Amario Cozier-Duberry,MID,Brighton,5,12,1,2025-05-19T19:00:00Z,0,0,0,0,0,0,0,0,0.0,0.0,0.0,0.0,0.0,0.0,0.0,0.0,0,45
2024-25,37,364,119,Mahmoud Dahoud,MID,Brighton,5,12,1,2025-05-19T19:00:00Z,0,0,0,0,0,0,0,0,0.0,0.0,0.0,0.0,0.0,0.0,0.0,0.0,0,49
2024-25,37,364,120,Lewis Dunk,DEF,Brighton,5,12,1,2025-05-19T19:00:00Z,0,0,0,0,0,0,0,0,0.0,0.0,0.0,0.0,0.0,0.0,0.0,0.0,0,42
2024-25,37,368,121,Julio Enciso,MID,Ipswich,10,11,0,2025-05-18T14:00:00Z,70,2,0,0,0,2,0,5,6.0,22.6,30.0,5.9,0.21,0.02,0.23,0.74,1,54
2024-25,37,364,122,Pervis Estupiñán,DEF,Brighton,5,12,1,2025-05-19T19:00:00Z,90,1,0,0,0,2,0,14,36.6,24.0,24.0,8.5,0.11,0.19,0.3,2.24,1,49
2024-25,37,370,123,Evan Ferguson,FWD,West Ham,19,16,1,2025-05-18T13:15:00Z,0,0,0,0,0,0,0,0,0.0,0.0,0.0,0.0,0.0,0.0,0.0,0.0,0,55
2024-25,37,364,124,Billy Gilmour,MID,Brighton,5,12,1,2025-05-19T19:00:00Z,0,0,0,0,0,0,0,0,0.0,0.0,0.0,0.0,0.0,0.0,0.0,0.0,0,50
2024-25,37,364,125,Pascal Groß,MID,Brighton,5,12,1,2025-05-19T19:00:00Z,0,0,0,0,0,0,0,0,0.0,0.0,0.0,0.0,0.0,0.0,0.0,0.0,0,65
2024-25,37,364,126,Jack Hinshelwood,MID,Brighton,5,12,1,2025-05-19T19:00:00Z,6,6,1,0,0,0,0,27,35.4,10.5,35.0,8.1,0.62,0.01,0.63,0.0,0,49
2024-25,37,364,127,Ibrahim Osman,MID,Brighton,5,12,1,2025-05-19T19:00:00Z,0,0,0,0,0,0,0,0,0.0,0.0,0.0,0.0,0.0,0.0,0.0,0.0,0,50
2024-25,37,364,128,Igor Julio dos Santos de Paulo,DEF,Brighton,5,12,1,2025-05-19T19:00:00Z,0,0,0,0,0,0,0,0,0.0,0.0,0.0,0.0,0.0,0.0,0.0,0.0,0,43
2024-25,37,364,129,João Pedro Junqueira de Jesus,FWD,Brighton,5,12,1,2025-05-19T19:00:00Z,0,0,0,0,0,0,0,0,0.0,0.0,0.0,0.0,0.0,0.0,0.0,0.0,0,55
2024-25,37,364,130,Kacper Kozłowski,MID,Brighton,5,12,1,2025-05-19T19:00:00Z,0,0,0,0,0,0,0,0,0.0,0.0,0.0,0.0,0.0,0.0,0.0,0.0,0,45
2024-25,37,364,131,Tariq Lamptey,DEF,Brighton,5,12,1,2025-05-19T19:00:00Z,0,0,0,0,0,0,0,0,0.0,0.0,0.0,0.0,0.0,0.0,0.0,0.0,0,44
2024-25,37,364,132,Solly March,MID,Brighton,5,12,1,2025-05-19T19:00:00Z,0,0,0,0,0,0,0,0,0.0,0.0,0.0,0.0,0.0,0.0,0.0,0.0,0,65
2024-25,37,364,133,Adrian Mazilu,MID,Brighton,5,12,1,2025-05-19T19:00:00Z,0,0,0,0,0,0,0,0,0.0,0.0,0.0,0.0,0.0,0.0,0.0,0.0,0,45
2024-25,37,364,134,James Milner,MID,Brighton,5,12,1,2025-05-19T19:00:00Z,0,0,0,0,0,0,0,0,0.0,0.0,0.0,0.0,0.0,0.0,0.0,0.0,0,50
2024-25,37,364,135,Yankuba Minteh,MID,Brighton,5,12,1,2025-05-19T19:00:00Z,83,2,0,0,0,2,0,5,0.0,3.4,26.0,2.9,0.02,0.05,0.07,2.24,1,48
2024-25,37,364,136,Mitoma Kaoru,MID,Brighton,5,12,1,2025-05-19T19:00:00Z,25,6,1,0,0,0,0,25,36.8,16.2,40.0,9.3,0.4,0.25,0.65,0.38,0,63
2024-25,37,364,137,Jakub Moder,MID,Brighton,5,12,1,2025-05-19T19:00:00Z,0,0,0,0,0,0,0,0,0.0,0.0,0.0,0.0,0.0,0.0,0.0,0.0,0,44
2024-25,37,364,138,Mark O’Mahony,FWD,Brighton,5,12,1,2025-05-19T19:00:00Z,0,0,0,0,0,0,0,0,0.0,0.0,0.0,0.0,0.0,0.0,0.0,0.0,0,45
2024-25,37,364,139,Odeluga Offiah,DEF,Brighton,5,12,1,2025-05-19T19:00:00Z,0,0,0,0,0,0,0,0,0.0,0.0,0.0,0.0,0.0,0.0,0.0,0.0,0,40
2024-25,37,364,140,Cameron Peupion,MID,Brighton,5,12,1,2025-05-19T19:00:00Z,0,0,0,0,0,0,0,0,0.0,0.0,0.0,0.0,0.0,0.0,0.0,0.0,0,44
2024-25,37,364,141,Jeremy Sarmiento Morante,MID,Brighton,5,12,1,2025-05-19T19:00:00Z,0,0,0,0,0,0,0,0,0.0,0.0,0.0,0.0,0.0,0.0,0.0,0.0,0,49
2024-25,37,364,142,Jason Steele,GK,Brighton,5,12,1,2025-05-19T19:00:00Z,0,0,0,0,0,0,0,0,0.0,0.0,0.0,0.0,0.0,0.0,0.0,0.0,0,40
2024-25,37,364,143,Deniz Undav,FWD,Brighton,5,12,1,2025-05-19T19:00:00Z,0,0,0,0,0,0,0,0,0.0,0.0,0.0,0.0,0.0,0.0,0.0,0.0,0,55
2024-25,37,364,144,Jan Paul van Hecke,DEF,Brighton,5,12,1,2025-05-19T19:00:00Z,90,1,0,0,0,2,0,8,27.8,24.7,0.0,5.3,0.0,0.01,0.01,2.24,1,45
2024-25,37,364,145,Joël Veltman,DEF,Brighton,5,12,1,2025-05-19T19:00:00Z,0,0,0,0,0,0,0,0,0.0,0.0,0.0,0.0,0.0,0.0,0.0,0.0,0,43
2024-25,37,364,146,Bart Verbruggen,GK,Brighton,5,12,1,2025-05-19T19:00:00Z,90,2,0,0,0,2,0,7,24.4,0.0,0.0,2.4,0.0,0.0,0.0,2.24,1,46
2024-25,37,364,147,Adam Webster,DEF,Brighton,5,12,1,2025-05-19T19:00:00Z,90,0,0,0,0,2,0,4,13.6,2.2,0.0,1.6,0.0,0.02,0.02,2.24,1,43
2024-25,37,364,148,Danny Welbeck,FWD,Brighton,5,12,1,2025-05-19T19:00:00Z,83,5,0,1,0,2,0,21,21.6,34.7,62.0,11.8,0.66,0.08,0.74,2.24,1,55
2024-25,37,364,149,Mats Wieffer,MID,Brighton,5,12,1,2025-05-19T19:00:00Z,90,2,0,0,0,2,0,15,23.0,12.3,10.0,4.5,0.0,0.02,0.02,2.24,1,47
2024-25,37,365,150,Andrey Nascimento dos Santos,MID,Chelsea,6,14,1,2025-05-16T19:15:00Z,0,0,0,0,0,0,0,0,0.0,0.0,0.0,0.0,0.0,0.0,0.0,0.0,0,45
2024-25,37,365,151,Ângelo Gabriel Borges Damaceno,MID,Chelsea,6,14,1,2025-05-16T19:15:00Z,0,0,0,0,0,0,0,0,0.0,0.0,0.0,0.0,0.0,0.0,0.0,0.0,0,45
2024-25,37,369,152,Kepa Arrizabalaga,GK,Bournemouth,3,13,0,2025-05-20T19:00:00Z,90,1,0,0,0,3,0,1,15.6,0.0,0.0,1.6,0.0,0.0,0.0,1.6,1,46
2024-25,37,365,153,Benoît Badiashile,DEF,Chelsea,6,14,1,2025-05-16T19:15:00Z,0,0,0,0,0,0,0,0,0.0,0.0,0.0,0.0,0.0,0.0,0.0,0.0,0,42
2024-25,37,365,154,Lucas Bergström,GK,Chelsea,6,14,1,2025-05-16T19:15:00Z,0,0,0,0,0,0,0,0,0.0,0.0,0.0,0.0,0.0,0.0,0.0,0.0,0,39
2024-25,37,365,155,Marcus Bettinelli,GK,Chelsea,6,14,1,2025-05-16T19:15:00Z,0,0,0,0,0,0,0,0,0.0,0.0,0.0,0.0,0.0,0.0,0.0,0.0,0,39
2024-25,37,367,156,Armando Broja,FWD,Everton,8,17,1,2025-05-18T11:00:00Z,0,0,0,0,0,0,0,0,0.0,0.0,0.0,0.0,0.0,0.0,0.0,0.0,0,53
2024-25,37,365,157,Moisés Caicedo Corozo,MID,Chelsea,6,14,1,2025-05-16T19:15:00Z,90,3,0,0,1,0,0,19,11.0,8.6,2.0,2.2,0.02,0.07,0.09,0.29,1,49
2024-25,37,365,158,Cesare Casadei,MID,Chelsea,6,14,1,2025-05-16T19:15:00Z,0,0,0,0,0,0,0,0,0.0,0.0,0.0,0.0,0.0,0.0,0.0,0.0,0,44
2024-25,37,365,159,Trevoh Chalobah,DEF,Chelsea,6,14,1,2025-05-16T19:15:00Z,0,0,0,0,0,0,0,0,0.0,0.0,0.0,0.0,0.0,0.0,0.0,0.0,0,44
2024-25,37,366,160,Ben Chilwell,DEF,Crystal Palace,7,20,1,2025-05-20T19:00:00Z,90,7,1,0,0,2,0,23,50.0,25.5,25.0,10.1,0.17,0.12,0.29,1.52,1,46
2024-25,37,365,161,Carney Chukwuemeka,MID,Chelsea,6,14,1,2025-05-16T19:15:00Z,0,0,0,0,0,0,0,0,0.0,0.0,0.0,0.0,0.0,0.0,0.0,0.0,0,47
2024-25,37,365,162,Levi Colwill,DEF,Chelsea,6,14,1,2025-05-16T19:15:00Z,90,6,0,0,1,0,0,26,13.2,1.3,0.0,1.5,0.0,0.01,0.01,0.29,1,44
2024-25,37,365,163,Marc Cucurella Saseta,DEF,Chelsea,6,14,1,2025-05-16T19:15:00Z,90,15,1,0,1,0,3,45,44.8,3.5,17.0,6.5,0.16,0.01,0.17,0.29,1,54
2024-25,37,365,164,David Datro Fofana,FWD,Chelsea,6,14,1,2025-05-16T19:15:00Z,0,0,0,0,0,0,0,0,0.0,0.0,0.0,0.0,0.0,0.0,0.0,0.0,0,54
2024-25,37,365,165,Deivid Washington de Souza Eugênio,FWD,Chelsea,6,14,1,2025-05-16T19:15:00Z,0,0,0,0,0,0,0,0,0.0,0.0,0.0,0.0,0.0,0.0,0.0,0.0,0,49
2024-25,37,365,166,Kiernan Dewsbury-Hall,MID,Chelsea,6,14,1,2025-05-16T19:15:00Z,0,0,0,0,0,0,0,0,0.0,0.0,0.0,0.0,0.0,0.0,0.0,0.0,0,55
2024-25,37,362,167,Axel Disasi,DEF,Aston Villa,2,18,1,2025-05-16T18:30:00Z,0,0,0,0,0,0,0,0,0.0,0.0,0.0,0.0,0.0,0.0,0.0,0.0,0,42
2024-25,37,365,168,Enzo Fernández,MID,Chelsea,6,14,1,2025-05-16T19:15:00Z,90,3,0,0,1,0,0,7,3.0,2.5,5.0,1.1,0.02,0.01,0.03,0.29,1,47
2024-25,37,365,169,Conor Gallagher,MID,Chelsea,6,14,1,2025-05-16T19:15:00Z,0,0,0,0,0,0,0,0,0.0,0.0,0.0,0.0,0.0,0.0,0.0,0.0,0,59
2024-25,37,365,170,Alfie Gilchrist,DEF,Chelsea,6,14,1,2025-05-16T19:15:00Z,0,0,0,0,0,0,0,0,0.0,0.0,0.0,0.0,0.0,0.0,0.0,0.0,0,40
2024-25,37,365,171,Malo Gusto,DEF,Chelsea,6,14,1,2025-05-16T19:15:00Z,1,1,0,0,0,0,0,6,4.2,0.0,0.0,0.4,0.0,0.0,0.0,0.0,0,49
2024-25,37,365,172,Reece James,DEF,Chelsea,6,14,1,2025-05-16T19:15:00Z,90,10,0,1,1,0,1,34,25.8,13.5,5.0,4.4,0.06,0.24,0.3,0.29,1,48
2024-25,37,365,173,Omari Kellyman,MID,Chelsea,6,14,1,2025-05-16T19:15:00Z,0,0,0,0,0,0,0,0,0.0,0.0,0.0,0.0,0.0,0.0,0.0,0.0,0,43
2024-25,37,365,174,Roméo Lavia,MID,Chelsea,6,14,1,2025-05-16T19:15:00Z,9,1,0,0,0,0,0,2,0.0,0.3,0.0,0.0,0.0,0.0,0.0,0.0,0,45
2024-25,37,365,175,Romelu Lukaku Bolingoli,FWD,Chelsea,6,14,1,2025-05-16T19:15:00Z,0,0,0,0,0,0,0,0,0.0,0.0,0.0,0.0,0.0,0.0,0.0,0.0,0,63
2024-25,37,365,176,Malang Sarr,DEF,Chelsea,6,14,1,2025-05-16T19:15:00Z,0,0,0,0,0,0,0,0,0.0,0.0,0.0,0.0,0.0,0.0,0.0,0.0,0,45
2024-25,37,365,177,Noni Madueke,MID,Chelsea,6,14,1,2025-05-16T19:15:00Z,90,3,0,0,1,0,0,0,4.4,16.9,20.0,4.1,0.45,0.02,0.47,0.29,1,60
2024-25,37,365,178,Marc Guiu Paz,FWD,Chelsea,6,14,1,2025-05-16T19:15:00Z,0,0,0,0,0,0,0,0,0.0,0.0,0.0,0.0,0.0,0.0,0.0,0.0,0,47
2024-25,37,365,179,Mykhailo Mudryk,MID,Chelsea,6,14,1,2025-05-16T19:15:00Z,0,0,0,0,0,0,0,0,0.0,0.0,0.0,0.0,0.0,0.0,0.0,0.0,0,61
2024-25,37,365,180,Nicolas Jackson,FWD,Chelsea,6,14,1,2025-05-16T19:15:00Z,0,0,0,0,0,0,0,0,0.0,0.0,0.0,0.0,0.0,0.0,0.0,0.0,0,77
2024-25,37,365,181,Christopher Nkunku,MID,Chelsea,6,14,1,2025-05-16T19:15:00Z,0,0,0,0,0,0,0,0,0.0,0.0,0.0,0.0,0.0,0.0,0.0,0.0,0,57
2024-25,37,365,182,Cole Palmer,MID,Chelsea,6,14,1,2025-05-16T19:15:00Z,90,2,0,0,1,0,0,17,14.6,27.6,11.0,5.3,0.06,0.27,0.33,0.29,1,105
2024-25,37,365,183,Đorđe Petrović,GK,Chelsea,6,14,1,2025-05-16T19:15:00Z,0,0,0,0,0,0,0,0,0.0,0.0,0.0,0.0,0.0,0.0,0.0,0.0,0,44
2024-25,37,365,184,Renato Palma Veiga,MID,Chelsea,6,14,1,2025-05-16T19:15:00Z,0,0,0,0,0,0,0,0,0.0,0.0,0.0,0.0,0.0,0.0,0.0,0.0,0,44
2024-25,37,365,185,Robert Sánchez,GK,Chelsea,6,14,1,2025-05-16T19:15:00Z,90,6,0,0,1,0,0,22,10.2,0.0,0.0,1.0,0.0,0.0,0.0,0.29,1,45
2024-25,37,361,186,Raheem Sterling,MID,Arsenal,1,15,1,2025-05-18T15:30:00Z,0,0,0,0,0,0,0,0,0.0,0.0,0.0,0.0,0.0,0.0,0.0,0.0,0,67
2024-25,37,365,187,Tosin Adarabioyo,DEF,Chelsea,6,14,1,2025-05-16T19:15:00Z,90,8,0,0,1,0,2,35,15.4,0.3,4.0,2.0,0.03,0.0,0.03,0.29,1,42
2024-25,37,367,188,Lesley Ugochukwu,MID,Southampton,17,8,0,2025-05-18T11:00:00Z,0,0,0,0,0,0,0,0,0.0,0.0,0.0,0.0,0.0,0.0,0.0,0.0,0,44
2024-25,37,365,189,Wesley Fofana,DEF,Chelsea,6,14,1,2025-05-16T19:15:00Z,0,0,0,0,0,0,0,0,0.0,0.0,0.0,0.0,0.0,0.0,0.0,0.0,0,43
2024-25,37,366,190,Naouirou Ahamada,MID,Crystal Palace,7,20,1,2025-05-20T19:00:00Z,0,0,0,0,0,0,0,0,0.0,0.0,0.0,0.0,0.0,0.0,0.0,0.0,0,45
2024-25,37,363,191,Joachim Andersen,DEF,Fulham,9,4,0,2025-05-18T14:00:00Z,90,0,0,0,0,2,0,-1,11.2,1.9,5.0,1.8,0.02,0.01,0.03,2.87,1,42
2024-25,37,368,192,Jordan Ayew,MID,Leicester,11,10,1,2025-05-18T14:00:00Z,63,3,0,0,1,0,0,14,8.2,11.4,5.0,2.5,0.13,0.01,0.14,0.98,1,51
2024-25,37,366,193,Cheick Doucouré,MID,Crystal Palace,7,20,1,2025-05-20T19:00:00Z,0,0,0,0,0,0,0,0,0.0,0.0,0.0,0.0,0.0,0.0,0.0,0.0,0,48
2024-25,37,366,194,Chris Richards,DEF,Crystal Palace,7,20,1,2025-05-20T19:00:00Z,90,1,0,0,0,2,0,6,27.4,0.1,0.0,2.8,0.0,0.0,0.0,1.52,1,44
2024-25,37,366,195,Chadi Riad Dnanou,DEF,Crystal Palace,7,20,1,2025-05-20T19:00:00Z,0,0,0,0,0,0,0,0,0.0,0.0,0.0,0.0,0.0,0.0,0.0,0.0,0,43
2024-25,37,366,196,Nathaniel Clyne,DEF,Crystal Palace,7,20,1,2025-05-20T19:00:00Z,0,0,0,0,0,0,0,0,0.0,0.0,0.0,0.0,0.0,0.0,0.0,0.0,0,43
2024-25,37,366,197,Malcolm Ebiowei,MID,Crystal Palace,7,20,1,2025-05-20T19:00:00Z,0,0,0,0,0,0,0,0,0.0,0.0,0.0,0.0,0.0,0.0,0.0,0.0,0,45
2024-25,37,368,198,Odsonne Edouard,FWD,Leicester,11,10,1,2025-05-18T14:00:00Z,0,0,0,0,0,0,0,0,0.0,0.0,0.0,0.0,0.0,0.0,0.0,0.0,0,51
2024-25,37,366,199,Eberechi Eze,MID,Crystal Palace,7,20,1,2025-05-20T19:00:00Z,9,6,1,0,0,0,0,24,37.4,20.5,19.0,7.7,0.21,0.06,0.27,0.17,0,70
2024-25,37,366,200,Marc Guéhi,DEF,Crystal Palace,7,20,1,2025-05-20T19:00:00Z,0,0,0,0,0,0,0,0,0.0,0.0,0.0,0.0,0.0,0.0,0.0,0.0,0,47
2024-25,37,366,201,Dean Henderson,GK,Crystal Palace,7,20,1,2025-05-20T19:00:00Z,90,1,0,0,0,2,0,2,10.0,0.0,0.0,1.0,0.0,0.0,0.0,1.52,1,46
2024-25,37,366,202,Rob Holding,DEF,Crystal Palace,7,20,1,2025-05-20T19:00:00Z,0,0,0,0,0,0,0,0,0.0,0.0,0.0,0.0,0.0,0.0,0.0,0.0,0,42
2024-25,37,366,203,Will Hughes,MID,Crystal Palace,7,20,1,2025-05-20T19:00:00Z,45,1,0,0,0,1,0,3,0.2,0.5,0.0,0.1,0.0,0.01,0.01,0.69,1,49
2024-25,37,366,204,Sam Johnstone,GK,Wolves,20,7,0,2025-05-20T19:00:00Z,0,0,0,0,0,0,0,0,0.0,0.0,0.0,0.0,0.0,0.0,0.0,0.0,0,41
2024-25,37,366,205,Daichi Kamada,MID,Crystal Palace,7,20,1,2025-05-20T19:00:00Z,19,1,0,0,0,0,0,4,2.8,4.3,0.0,0.7,0.0,0.02,0.02,0.3,0,51
2024-25,37,366,206,Jefferson Lerma Solís,MID,Crystal Palace,7,20,1,2025-05-20T19:00:00Z,90,2,0,0,0,2,0,12,20.8,0.9,0.0,2.2,0.0,0.01,0.01,1.52,1,48
2024-25,37,366,207,Jean-Philippe Mateta,FWD,Crystal Palace,7,20,1,2025-05-20T19:00:00Z,9,1,0,0,0,0,0,3,3.2,0.3,17.0,2.1,0.2,0.03,0.23,0.17,0,76
2024-25,37,366,208,Matheus França de Oliveira,MID,Crystal Palace,7,20,1,2025-05-20T19:00:00Z,27,1,0,0,0,0,0,5,11.8,0.3,25.0,3.7,0.07,0.01,0.08,0.33,0,44
2024-25,37,366,209,Remi Matthews,GK,Crystal Palace,7,20,1,2025-05-20T19:00:00Z,0,0,0,0,0,0,0,0,0.0,0.0,0.0,0.0,0.0,0.0,0.0,0.0,0,39
2024-25,37,366,210,Tyrick Mitchell,DEF,Crystal Palace,7,20,1,2025-05-20T19:00:00Z,0,0,0,0,0,0,0,0,0.0,0.0,0.0,0.0,0.0,0.0,0.0,0.0,0,48
2024-25,37,366,211,Daniel Muñoz,DEF,Crystal Palace,7,20,1,2025-05-20T19:00:00Z,90,1,0,0,0,2,0,0,14.2,22.5,14.0,5.1,0.05,0.05,0.1,1.52,1,52
2024-25,37,366,212,David Ozoh,MID,Crystal Palace,7,20,1,2025-05-20T19:00:00Z,0,0,0,0,0,0,0,0,0.0,0.0,0.0,0.0,0.0,0.0,0.0,0.0,0,45
2024-25,37,366,213,Jesurun Rak-Sakyi,MID,Crystal Palace,7,20,1,2025-05-20T19:00:00Z,0,0,0,0,0,0,0,0,0.0,0.0,0.0,0.0,0.0,0.0,0.0,0.0,0,45
2024-25,37,366,214,Jeffrey Schlupp,MID,Crystal Palace,7,20,1,2025-05-20T19:00:00Z,0,0,0,0,0,0,0,0,0.0,0.0,0.0,0.0,0.0,0.0,0.0,0.0,0,46
2024-25,37,366,215,Joel Ward,DEF,Crystal Palace,7,20,1,2025-05-20T19:00:00Z,70,0,0,0,0,2,0,-6,5.8,10.3,0.0,1.6,0.0,0.01,0.01,1.22,1,43
2024-25,37,366,216,Adam Wharton,MID,Crystal Palace,7,20,1,2025-05-20T19:00:00Z,0,0,0,0,0,0,0,0,0.0,0.0,0.0,0.0,0.0,0.0,0.0,0.0,0,47
2024-25,37,367,217,Abdoulaye Doucouré,MID,Everton,8,17,1,2025-05-18T11:00:00Z,64,3,0,0,1,0,0,7,5.2,16.8,16.0,3.8,0.27,0.17,0.44,0.35,1,51
2024-25,37,367,218,Norberto Bercique Gomes Betuncal,FWD,Everton,8,17,1,2025-05-18T11:00:00Z,90,2,0,0,1,0,0,6,8.8,11.8,43.0,6.4,1.03,0.12,1.15,1.21,1,48
2024-25,37,367,219,Jarrad Branthwaite,DEF,Everton,8,17,1,2025-05-18T11:00:00Z,73,6,0,0,1,0,0,23,6.6,1.4,9.0,1.7,0.05,0.01,0.06,0.35,1,49
2024-25,37,367,220,Dominic Calvert-Lewin,FWD,Everton,8,17,1,2025-05-18T11:00:00Z,15,1,0,0,0,0,0,5,4.2,0.1,2.0,0.6,0.0,0.0,0.0,0.87,0,54
2024-25,37,367,221,Séamus Coleman,DEF,Everton,8,17,1,2025-05-18T11:00:00Z,17,1,0,0,0,0,0,3,0.2,1.6,2.0,0.4,0.0,0.02,0.02,0.0,1,43
2024-25,37,367,222,Idrissa Gueye,MID,Everton,8,17,1,2025-05-18T11:00:00Z,90,3,0,0,1,0,0,19,21.8,5.8,2.0,3.0,0.0,0.02,0.02,1.21,1,48
2024-25,37,367,223,James Garner,MID,Everton,8,17,1,2025-05-18T11:00:00Z,90,2,0,0,1,0,0,10,13.0,18.5,28.0,6.0,0.28,0.09,0.37,1.21,1,49
2024-25,37,367,224,Jack Harrison,MID,Everton,8,17,1,2025-05-18T11:00:00Z,25,1,0,0,0,0,0,3,2.2,0.1,2.0,0.4,0.0,0.0,0.0,0.87,0,52
2024-25,37,367,225,Mason Holgate,DEF,Everton,8,17,1,2025-05-18T11:00:00Z,0,0,0,0,0,0,0,0,0.0,0.0,0.0,0.0,0.0,0.0,0.0,0.0,0,40
2024-25,37,367,226,Tim Iroegbunam,MID,Everton,8,17,1,2025-05-18T11:00:00Z,0,0,0,0,0,0,0,0,0.0,0.0,0.0,0.0,0.0,0.0,0.0,0.0,0,43
2024-25,37,367,227,João Neves Virgínia,GK,Everton,8,17,1,2025-05-18T11:00:00Z,0,0,0,0,0,0,0,0,0.0,0.0,0.0,0.0,0.0,0.0,0.0,0.0,0,38
2024-25,37,367,228,Michael Keane,DEF,Everton,8,17,1,2025-05-18T11:00:00Z,16,1,0,0,0,0,0,7,9.8,0.1,2.0,1.2,0.0,0.0,0.0,0.87,0,38
2024-25,37,367,229,Neal Maupay,FWD,Everton,8,17,1,2025-05-18T11:00:00Z,0,0,0,0,0,0,0,0,0.0,0.0,0.0,0.0,0.0,0.0,0.0,0.0,0,49
2024-25,37,367,230,Dwight McNeil,MID,Everton,8,17,1,2025-05-18T11:00:00Z,64,6,0,1,1,0,0,18,21.8,36.1,4.0,6.2,0.0,0.38,0.38,0.35,1,51
2024-25,37,367,231,Vitalii Mykolenko,DEF,Everton,8,17,1,2025-05-18T11:00:00Z,90,8,0,0,1,0,2,41,27.8,23.3,6.0,5.7,0.02,0.04,0.06,1.21,1,44
2024-25,37,367,232,Iliman Ndiaye,FWD,Everton,8,17,1,2025-05-18T11:00:00Z,74,13,2,0,1,0,3,74,74.0,16.2,56.0,14.6,1.0,0.12,1.12,0.35,1,52
2024-25,37,362,233,Amadou Onana,MID,Aston Villa,2,18,1,2025-05-16T18:30:00Z,87,3,0,0,1,0,0,26,16.2,19.8,0.0,3.6,0.0,0.17,0.17,0.51,1,48
2024-25,37,367,234,Nathan Patterson,DEF,Everton,8,17,1,2025-05-18T11:00:00Z,0,0,0,0,0,0,0,0,0.0,0.0,0.0,0.0,0.0,0.0,0.0,0.0,0,44
2024-25,37,367,235,Jordan Pickford,GK,Everton,8,17,1,2025-05-18T11:00:00Z,90,6,0,0,1,0,0,23,21.4,0.0,0.0,2.1,0.0,0.0,0.0,1.21,1,51
2024-25,37,367,236,James Tarkowski,DEF,Everton,8,17,1,2025-05-18T11:00:00Z,0,0,0,0,0,0,0,0,0.0,0.0,0.0,0.0,0.0,0.0,0.0,0.0,0,48
2024-25,37,367,237,Youssef Ramalho Chermiti,FWD,Everton,8,17,1,2025-05-18T11:00:00Z,0,0,0,0,0,0,0,0,0.0,0.0,0.0,0.0,0.0,0.0,0.0,0.0,0,49
2024-25,37,367,238,Ashley Young,DEF,Everton,8,17,1,2025-05-18T11:00:00Z,72,7,0,0,1,0,1,26,11.6,33.4,0.0,4.5,0.0,0.35,0.35,1.21,0,42
2024-25,37,363,239,Adama Traoré,MID,Fulham,9,4,0,2025-05-18T14:00:00Z,79,9,0,2,0,2,1,30,27.0,40.8,17.0,8.5,0.06,0.09,0.15,2.73,1,45
2024-25,37,363,240,Andreas Hoelgebaum Pereira,MID,Fulham,9,4,0,2025-05-18T14:00:00Z,0,0,0,0,0,0,0,0,0.0,0.0,0.0,0.0,0.0,0.0,0.0,0.0,0,49
2024-25,37,363,241,Calvin Bassey,DEF,Fulham,9,4,0,2025-05-18T14:00:00Z,90,1,0,0,0,2,0,10,16.6,0.7,0.0,1.7,0.0,0.0,0.0,2.87,1,45
2024-25,37,363,242,Steven Benda,GK,Fulham,9,4,0,2025-05-18T14:00:00Z,0,0,0,0,0,0,0,0,0.0,0.0,0.0,0.0,0.0,0.0,0.0,0.0,0,39
2024-25,37,363,243,Tom Cairney,MID,Fulham,9,4,0,2025-05-18T14:00:00Z,45,6,1,0,0,0,0,26,40.6,4.3,26.0,7.1,0.29,0.03,0.32,0.26,0,48
2024-25,37,363,244,Timothy Castagne,DEF,Fulham,9,4,0,2025-05-18T14:00:00Z,0,0,0,0,0,0,0,0,0.0,0.0,0.0,0.0,0.0,0.0,0.0,0.0,0,42
2024-25,37,363,245,Issa Diop,DEF,Fulham,9,4,0,2025-05-18T14:00:00Z,0,0,0,0,0,0,0,0,0.0,0.0,0.0,0.0,0.0,0.0,0.0,0.0,0,43
2024-25,37,363,246,Luke Harris,MID,Fulham,9,4,0,2025-05-18T14:00:00Z,0,0,0,0,0,0,0,0,0.0,0.0,0.0,0.0,0.0,0.0,0.0,0.0,0,45
2024-25,37,363,247,Alex Iwobi,MID,Fulham,9,4,0,2025-05-18T14:00:00Z,65,2,0,0,0,2,0,6,0.6,2.1,5.0,0.8,0.04,0.02,0.06,2.61,1,55
2024-25,37,363,248,Bernd Leno,GK,Fulham,9,4,0,2025-05-18T14:00:00Z,90,6,0,0,0,2,0,13,47.2,0.0,0.0,4.7,0.0,0.0,0.0,2.87,1,50
2024-25,37,363,249,Saša Lukić,MID,Fulham,9,4,0,2025-05-18T14:00:00Z,90,2,0,0,0,2,0,14,8.0,38.2,6.0,5.2,0.01,0.08,0.09,2.87,1,48
2024-25,37,363,250,Kevin Mbabu,DEF,Fulham,9,4,0,2025-05-18T14:00:00Z,0,0,0,0,0,0,0,0,0.0,0.0,0.0,0.0,0.0,0.0,0.0,0.0,0,40
2024-25,37,363,251,Rodrigo Muniz Carvalho,FWD,Fulham,9,4,0,2025-05-18T14:00:00Z,0,0,0,0,0,0,0,0,0.0,0.0,0.0,0.0,0.0,0.0,0.0,0.0,0,55
2024-25,37,363,252,Raúl Jiménez,FWD,Fulham,9,4,0,2025-05-18T14:00:00Z,90,9,1,0,0,2,3,36,47.2,11.9,46.0,10.5,0.37,0.04,0.41,2.87,1,53
2024-25,37,363,253,Tim Ream,DEF,Fulham,9,4,0,2025-05-18T14:00:00Z,0,0,0,0,0,0,0,0,0.0,0.0,0.0,0.0,0.0,0.0,0.0,0.0,0,45
2024-25,37,363,254,Harrison Reed,MID,Fulham,9,4,0,2025-05-18T14:00:00Z,0,0,0,0,0,0,0,0,0.0,0.0,0.0,0.0,0.0,0.0,0.0,0.0,0,47
2024-25,37,363,255,Antonee Robinson,DEF,Fulham,9,4,0,2025-05-18T14:00:00Z,88,1,0,0,0,2,0,22,30.4,16.1,2.0,4.9,0.0,0.11,0.11,2.84,1,47
2024-25,37,363,256,Jay Stansfield,FWD,Fulham,9,4,0,2025-05-18T14:00:00Z,0,0,0,0,0,0,0,0,0.0,0.0,0.0,0.0,0.0,0.0,0.0,0.0,0,50
2024-25,37,363,257,Kenny Tete,DEF,Fulham,9,4,0,2025-05-18T14:00:00Z,90,0,0,0,0,2,0,-2,21.0,7.7,11.0,4.0,0.08,0.03,0.11,2.87,1,44
2024-25,37,363,258,Carlos Vinícius Alves Morais,FWD,Fulham,9,4,0,2025-05-18T14:00:00Z,0,0,0,0,0,0,0,0,0.0,0.0,0.0,0.0,0.0,0.0,0.0,0.0,0,50
2024-25,37,363,259,Harry Wilson,MID,Fulham,9,4,0,2025-05-18T14:00:00Z,24,6,1,0,0,0,0,27,38.2,2.5,13.0,5.4,0.01,0.03,0.04,0.26,0,52
2024-25,37,368,260,Ali Al-Hamadi,FWD,Ipswich,10,11,0,2025-05-18T14:00:00Z,0,0,0,0,0,0,0,0,0.0,0.0,0.0,0.0,0.0,0.0,0.0,0.0,0,47
2024-25,37,368,261,Elkan Baggott,DEF,Ipswich,10,11,0,2025-05-18T14:00:00Z,0,0,0,0,0,0,0,0,0.0,0.0,0.0,0.0,0.0,0.0,0.0,0.0,0,40
2024-25,37,368,262,Nathan Broadhead,MID,Ipswich,10,11,0,2025-05-18T14:00:00Z,19,1,0,0,0,0,0,2,0.0,1.4,4.0,0.5,0.1,0.0,0.1,0.07,0,49
2024-25,37,368,263,Cameron Burgess,DEF,Ipswich,10,11,0,2025-05-18T14:00:00Z,0,0,0,0,0,0,0,0,0.0,0.0,0.0,0.0,0.0,0.0,0.0,0.0,0,38
2024-25,37,368,264,Wes Burns,MID,Ipswich,10,11,0,2025-05-18T14:00:00Z,0,0,0,0,0,0,0,0,0.0,0.0,0.0,0.0,0.0,0.0,0.0,0.0,0,47
2024-25,37,368,265,Conor Chaplin,MID,Ipswich,10,11,0,2025-05-18T14:00:00Z,19,1,0,0,0,0,0,2,4.2,0.7,7.0,1.2,0.1,0.0,0.1,0.07,0,51
2024-25,37,368,266,Harry Clarke,DEF,Ipswich,10,11,0,2025-05-18T14:00:00Z,0,0,0,0,0,0,0,0,0.0,0.0,0.0,0.0,0.0,0.0,0.0,0.0,0,40
2024-25,37,368,267,Leif Davis,DEF,Ipswich,10,11,0,2025-05-18T14:00:00Z,90,1,0,0,0,2,0,6,17.0,55.4,11.0,8.3,0.09,0.44,0.53,0.8,1,42
2024-25,37,368,268,Liam Delap,FWD,Ipswich,10,11,0,2025-05-18T14:00:00Z,19,1,0,0,0,0,0,1,0.0,0.0,0.0,0.0,0.0,0.0,0.0,0.07,0,56
2024-25,37,368,269,George Edmundson,DEF,Ipswich,10,11,0,2025-05-18T14:00:00Z,0,0,0,0,0,0,0,0,0.0,0.0,0.0,0.0,0.0,0.0,0.0,0.0,0,40
2024-25,37,368,270,Jacob Greaves,DEF,Ipswich,10,11,0,2025-05-18T14:00:00Z,90,1,0,0,0,2,0,5,20.2,11.4,2.0,3.4,0.0,0.01,0.01,0.8,1,38
2024-25,37,368,271,Marcus Myers-Harness,MID,Ipswich,10,11,0,2025-05-18T14:00:00Z,0,0,0,0,0,0,0,0,0.0,0.0,0.0,0.0,0.0,0.0,0.0,0.0,0,49
2024-25,37,368,272,George Hirst,FWD,Ipswich,10,11,0,2025-05-18T14:00:00Z,70,2,0,0,0,2,0,2,0.0,2.4,21.0,2.3,0.24,0.0,0.24,0.74,1,54
2024-25,37,368,273,Cameron Humphreys,MID,Ipswich,10,11,0,2025-05-18T14:00:00Z,0,0,0,0,0,0,0,0,0.0,0.0,0.0,0.0,0.0,0.0,0.0,0.0,0,45
2024-25,37,368,274,Omari Giraud-Hutchinson,MID,Ipswich,10,11,0,2025-05-18T14:00:00Z,90,2,0,0,0,2,0,16,14.0,36.8,19.0,7.0,0.27,0.22,0.49,0.8,1,52
2024-25,37,368,275,Ben Johnson,DEF,Ipswich,10,11,0,2025-05-18T14:00:00Z,0,0,0,0,0,0,0,0,0.0,0.0,0.0,0.0,0.0,0.0,0.0,0.0,0,38
2024-25,37,368,276,Freddie Ladapo,FWD,Ipswich,10,11,0,2025-05-18T14:00:00Z,0,0,0,0,0,0,0,0,0.0,0.0,0.0,0.0,0.0,0.0,0.0,0.0,0,45
2024-25,37,368,277,Massimo Luongo,MID,Ipswich,10,11,0,2025-05-18T14:00:00Z,2,1,0,0,0,0,0,5,2.2,0.0,0.0,0.2,0.0,0.0,0.0,0.04,0,43
2024-25,37,368,278,Sam Morsy,MID,Ipswich,10,11,0,2025-05-18T14:00:00Z,87,2,0,0,0,2,0,22,16.8,53.1,5.0,7.5,0.01,0.29,0.3,0.76,1,48
2024-25,37,368,279,Corrie Ndaba,DEF,Ipswich,10,11,0,2025-05-18T14:00:00Z,0,0,0,0,0,0,0,0,0.0,0.0,0.0,0.0,0.0,0.0,0.0,0.0,0,40
2024-25,37,368,280,Cieran Slicker,GK,Ipswich,10,11,0,2025-05-18T14:00:00Z,0,0,0,0,0,0,0,0,0.0,0.0,0.0,0.0,0.0,0.0,0.0,0.0,0,39
2024-25,37,368,281,Jack Taylor,MID,Ipswich,10,11,0,2025-05-18T14:00:00Z,19,1,0,0,0,0,0,3,1.0,0.9,0.0,0.2,0.0,0.0,0.0,0.07,0,48
2024-25,37,368,282,Axel Tuanzebe,DEF,Ipswich,10,11,0,2025-05-18T14:00:00Z,90,1,0,0,0,2,0,5,10.0,2.5,0.0,1.3,0.0,0.02,0.02,0.8,1,39
2024-25,37,368,283,Christian Walton,GK,Ipswich,10,11,0,2025-05-18T14:00:00Z,0,0,0,0,0,0,0,0,0.0,0.0,0.0,0.0,0.0,0.0,0.0,0.0,0,43
2024-25,37,368,284,Luke Woolfenden,DEF,Ipswich,10,11,0,2025-05-18T14:00:00Z,0,0,0,0,0,0,0,0,0.0,0.0,0.0,0.0,0.0,0.0,0.0,0.0,0,39
2024-25,37,368,285,Boubakary Soumaré,MID,Leicester,11,10,1,2025-05-18T14:00:00Z,90,3,0,0,1,0,0,16,9.8,7.1,0.0,1.7,0.0,0.01,0.01,1.41,1,44
2024-25,37,368,286,Tom Cannon,FWD,Leicester,11,10,1,2025-05-18T14:00:00Z,0,0,0,0,0,0,0,0,0.0,0.0,0.0,0.0,0.0,0.0,0.0,0.0,0,45
2024-25,37,368,287,Hamza Choudhury,MID,Leicester,11,10,1,2025-05-18T14:00:00Z,0,0,0,0,0,0,0,0,0.0,0.0,0.0,0.0,0.0,0.0,0.0,0.0,0,44
2024-25,37,368,288,Conor Coady,DEF,Leicester,11,10,1,2025-05-18T14:00:00Z,90,7,0,0,1,0,1,30,31.0,0.3,0.0,3.1,0.0,0.0,0.0,1.41,1,40
2024-25,37,368,289,Patson Daka,FWD,Leicester,11,10,1,2025-05-18T14:00:00Z,10,1,0,0,0,0,0,2,1.0,0.0,0.0,0.1,0.0,0.0,0.0,0.08,0,48
2024-25,37,368,290,Bobby De Cordova-Reid,MID,Leicester,11,10,1,2025-05-18T14:00:00Z,0,0,0,0,0,0,0,0,0.0,0.0,0.0,0.0,0.0,0.0,0.0,0.0,0,52
2024-25,37,368,291,Wout Faes,DEF,Leicester,11,10,1,2025-05-18T14:00:00Z,90,7,0,0,1,0,1,30,17.6,0.4,0.0,1.8,0.0,0.0,0.0,1.41,1,38
2024-25,37,368,292,Michael Golding,MID,Leicester,11,10,1,2025-05-18T14:00:00Z,0,0,0,0,0,0,0,0,0.0,0.0,0.0,0.0,0.0,0.0,0.0,0.0,0,44
2024-25,37,368,293,Mads Hermansen,GK,Leicester,11,10,1,2025-05-18T14:00:00Z,0,0,0,0,0,0,0,0,0.0,0.0,0.0,0.0,0.0,0.0,0.0,0.0,0,44
2024-25,37,368,294,Daniel Iversen,GK,Leicester,11,10,1,2025-05-18T14:00:00Z,0,0,0,0,0,0,0,0,0.0,0.0,0.0,0.0,0.0,0.0,0.0,0.0,0,39
2024-25,37,368,295,James Justin,DEF,Leicester,11,10,1,2025-05-18T14:00:00Z,63,12,0,1,1,0,3,37,39.4,11.6,0.0,5.1,0.0,0.08,0.08,0.98,1,41
2024-25,37,368,296,Victor Kristiansen,DEF,Leicester,11,10,1,2025-05-18T14:00:00Z,0,0,0,0,0,0,0,0,0.0,0.0,0.0,0.0,0.0,0.0,0.0,0.0,0,44
2024-25,37,368,297,Wanya Marçal-Madivádua,MID,Leicester,11,10,1,2025-05-18T14:00:00Z,0,0,0,0,0,0,0,0,0.0,0.0,0.0,0.0,0.0,0.0,0.0,0.0,0,45
2024-25,37,368,298,Stephy Mavididi,MID,Leicester,11,10,1,2025-05-18T14:00:00Z,0,0,0,0,0,0,0,0,0.0,0.0,0.0,0.0,0.0,0.0,0.0,0.0,0,50
2024-25,37,368,299,Kasey McAteer,MID,Leicester,11,10,1,2025-05-18T14:00:00Z,79,7,1,0,1,0,0,23,38.8,1.8,27.0,6.8,0.17,0.01,0.18,1.33,1,47
2024-25,37,368,300,Wilfred Ndidi,MID,Leicester,11,10,1,2025-05-18T14:00:00Z,87,6,0,1,1,0,0,22,31.2,15.8,0.0,4.7,0.0,0.02,0.02,1.33,1,49
2024-25,37,368,301,Caleb Okoli,DEF,Leicester,11,10,1,2025-05-18T14:00:00Z,0,0,0,0,0,0,0,0,0.0,0.0,0.0,0.0,0.0,0.0,0.0,0.0,0,40
2024-25,37,368,302,Ricardo Barbosa Pereira,DEF,Leicester,11,10,1,2025-05-18T14:00:00Z,26,1,0,0,0,0,0,7,11.4,3.0,0.0,1.4,0.0,0.0,0.0,0.42,0,41
2024-25,37,368,303,Harry Souttar,DEF,Leicester,11,10,1,2025-05-18T14:00:00Z,0,0,0,0,0,0,0,0,0.0,0.0,0.0,0.0,0.0,0.0,0.0,0.0,0,40
2024-25,37,368,304,Jakub Stolarczyk,GK,Leicester,11,10,1,2025-05-18T14:00:00Z,90,6,0,0,1,0,0,22,16.0,0.0,0.0,1.6,0.0,0.0,0.0,1.41,1,40
2024-25,37,368,305,Luke Thomas,DEF,Leicester,11,10,1,2025-05-18T14:00:00Z,90,6,0,0,1,0,0,28,15.0,1.0,0.0,1.6,0.0,0.0,0.0,1.41,1,39
2024-25,37,368,306,Jamie Vardy,FWD,Leicester,11,10,1,2025-05-18T14:00:00Z,79,8,1,0,1,0,2,32,28.2,0.3,28.0,5.7,0.45,0.0,0.45,1.33,1,53
2024-25,37,368,307,Jannik Vestergaard,DEF,Leicester,11,10,1,2025-05-18T14:00:00Z,0,0,0,0,0,0,0,0,0.0,0.0,0.0,0.0,0.0,0.0,0.0,0.0,0,39
2024-25,37,368,308,Danny Ward,GK,Leicester,11,10,1,2025-05-18T14:00:00Z,0,0,0,0,0,0,0,0,0.0,0.0,0.0,0.0,0.0,0.0,0.0,0.0,0,39
2024-25,37,368,309,Harry Winks,MID,Leicester,11,10,1,2025-05-18T14:00:00Z,0,0,0,0,0,0,0,0,0.0,0.0,0.0,0.0,0.0,0.0,0.0,0.0,0,43
2024-25,37,364,310,Alisson Ramses Becker,GK,Liverpool,12,5,0,2025-05-19T19:00:00Z,90,4,0,0,0,3,0,17,62.4,0.0,0.0,6.2,0.0,0.0,0.0,2.2,1,55
2024-25,37,364,311,Trent Alexander-Arnold,DEF,Liverpool,12,5,0,2025-05-19T19:00:00Z,0,0,0,0,0,0,0,0,0.0,0.0,0.0,0.0,0.0,0.0,0.0,0.0,0,72
2024-25,37,364,312,Stefan Bajčetić Maquieira,MID,Liverpool,12,5,0,2025-05-19T19:00:00Z,0,0,0,0,0,0,0,0,0.0,0.0,0.0,0.0,0.0,0.0,0.0,0.0,0,45
2024-25,37,364,313,Conor Bradley,DEF,Liverpool,12,5,0,2025-05-19T19:00:00Z,76,4,0,1,0,2,0,17,36.0,21.2,14.0,7.1,0.11,0.82,0.93,1.35,1,47
2024-25,37,363,314,Fábio Freitas Gouveia Carvalho,MID,Brentford,4,9,1,2025-05-18T14:00:00Z,0,0,0,0,0,0,0,0,0.0,0.0,0.0,0.0,0.0,0.0,0.0,0.0,0,45
2024-25,37,364,315,Bobby Clark,MID,Liverpool,12,5,0,2025-05-19T19:00:00Z,0,0,0,0,0,0,0,0,0.0,0.0,0.0,0.0,0.0,0.0,0.0,0.0,0,45
2024-25,37,364,316,Darwin Núñez Ribeiro,FWD,Liverpool,12,5,0,2025-05-19T19:00:00Z,27,1,0,0,0,2,0,0,0.0,1.4,8.0,0.9,0.0,0.04,0.04,1.19,0,70
2024-25,37,364,317,Diogo Teixeira da Silva,MID,Liverpool,12,5,0,2025-05-19T19:00:00Z,0,0,0,0,0,0,0,0,0.0,0.0,0.0,0.0,0.0,0.0,0.0,0.0,0,72
2024-25,37,364,318,Ben Doak,MID,Liverpool,12,5,0,2025-05-19T19:00:00Z,0,0,0,0,0,0,0,0,0.0,0.0,0.0,0.0,0.0,0.0,0.0,0.0,0,45
2024-25,37,364,319,Harvey Elliott,MID,Liverpool,12,5,0,2025-05-19T19:00:00Z,90,13,1,1,0,3,3,47,70.2,48.2,47.0,16.5,0.9,0.04,0.94,2.2,1,52
2024-25,37,364,320,Endo Wataru,MID,Liverpool,12,5,0,2025-05-19T19:00:00Z,13,1,0,0,0,1,0,3,1.6,0.8,0.0,0.2,0.0,0.0,0.0,0.85,0,46
2024-25,37,364,321,Cody Gakpo,FWD,Liverpool,12,5,0,2025-05-19T19:00:00Z,62,2,0,0,0,1,0,6,5.8,11.1,15.0,3.2,0.09,0.37,0.46,1.01,1,72
2024-25,37,364,322,Joe Gomez,DEF,Liverpool,12,5,0,2025-05-19T19:00:00Z,0,0,0,0,0,0,0,0,0.0,0.0,0.0,0.0,0.0,0.0,0.0,0.0,0,47
2024-25,37,364,323,Ryan Gravenberch,MID,Liverpool,12,5,0,2025-05-19T19:00:00Z,90,2,0,0,0,3,0,15,10.8,6.2,2.0,1.9,0.03,0.01,0.04,2.2,1,50
2024-25,37,364,324,Curtis Jones,MID,Liverpool,12,5,0,2025-05-19T19:00:00Z,27,1,0,0,0,2,0,4,3.4,11.9,11.0,2.6,0.06,0.02,0.08,1.19,0,53
2024-25,37,364,325,Caoimhin Kelleher,GK,Liverpool,12,5,0,2025-05-19T19:00:00Z,0,0,0,0,0,0,0,0,0.0,0.0,0.0,0.0,0.0,0.0,0.0,0.0,0,39
2024-25,37,364,326,Ibrahima Konaté,DEF,Liverpool,12,5,0,2025-05-19T19:00:00Z,90,1,0,0,0,3,0,1,9.6,0.8,0.0,1.0,0.0,0.02,0.02,2.2,1,53
2024-25,37,364,327,Luis Díaz,MID,Liverpool,12,5,0,2025-05-19T19:00:00Z,27,1,0,0,0,2,0,1,0.4,1.3,12.0,1.4,0.02,0.04,0.06,1.19,0,75
2024-25,37,364,328,Mohamed Salah,MID,Liverpool,12,5,0,2025-05-19T19:00:00Z,90,2,0,0,0,3,0,-1,10.0,23.4,68.0,10.1,0.83,0.06,0.89,2.2,1,136
2024-25,37,364,329,Alexis Mac Allister,MID,Liverpool,12,5,0,2025-05-19T19:00:00Z,0,0,0,0,0,0,0,0,0.0,0.0,0.0,0.0,0.0,0.0,0.0,0.0,0,62
2024-25,37,364,330,James McConnell,MID,Liverpool,12,5,0,2025-05-19T19:00:00Z,0,0,0,0,0,0,0,0,0.0,0.0,0.0,0.0,0.0,0.0,0.0,0.0,0,43
2024-25,37,364,331,Tyler Morton,MID,Liverpool,12,5,0,2025-05-19T19:00:00Z,0,0,0,0,0,0,0,0,0.0,0.0,0.0,0.0,0.0,0.0,0.0,0.0,0,44
2024-25,37,364,332,Nathaniel Phillips,DEF,Liverpool,12,5,0,2025-05-19T19:00:00Z,0,0,0,0,0,0,0,0,0.0,0.0,0.0,0.0,0.0,0.0,0.0,0.0,0,40
2024-25,37,364,333,Jarell Quansah,DEF,Liverpool,12,5,0,2025-05-19T19:00:00Z,90,1,0,0,0,3,0,6,24.2,10.7,2.0,3.7,0.0,0.0,0.0,2.2,1,39
2024-25,37,364,334,Rhys Williams,DEF,Liverpool,12,5,0,2025-05-19T19:00:00Z,0,0,0,0,0,0,0,0,0.0,0.0,0.0,0.0,0.0,0.0,0.0,0.0,0,40
2024-25,37,364,335,Andrew Robertson,DEF,Liverpool,12,5,0,2025-05-19T19:00:00Z,0,0,0,0,0,0,0,0,0.0,0.0,0.0,0.0,0.0,0.0,0.0,0.0,0,58
2024-25,37,364,336,Dominik Szoboszlai,MID,Liverpool,12,5,0,2025-05-19T19:00:00Z,63,7,1,0,0,1,0,23,41.2,13.3,21.0,7.6,0.11,0.02,0.13,1.01,1,61
2024-25,37,364,337,Konstantinos Tsimikas,DEF,Liverpool,12,5,0,2025-05-19T19:00:00Z,90,1,0,0,0,3,0,6,9.6,2.3,2.0,1.4,0.0,0.02,0.02,2.2,1,46
2024-25,37,363,338,Sepp van den Berg,DEF,Brentford,4,9,1,2025-05-18T14:00:00Z,90,0,0,0,0,3,0,1,8.0,10.8,10.0,2.9,0.1,0.0,0.1,0.99,1,41
2024-25,37,364,339,Virgil van Dijk,DEF,Liverpool,12,5,0,2025-05-19T19:00:00Z,0,0,0,0,0,0,0,0,0.0,0.0,0.0,0.0,0.0,0.0,0.0,0.0,0,67
2024-25,37,369,340,Manuel Akanji,DEF,Man City,13,3,1,2025-05-20T19:00:00Z,90,2,0,0,0,1,0,11,11.4,2.0,2.0,1.5,0.0,0.01,0.01,1.06,1,53
2024-25,37,369,341,Nathan Aké,DEF,Man City,13,3,1,2025-05-20T19:00:00Z,0,0,0,0,0,0,0,0,0.0,0.0,0.0,0.0,0.0,0.0,0.0,0.0,0,53
2024-25,37,369,342,Bernardo Veiga de Carvalho e Silva,MID,Man City,13,3,1,2025-05-20T19:00:00Z,90,11,1,0,1,0,3,39,44.6,18.8,19.0,8.2,0.3,0.28,0.58,0.78,1,61
2024-25,37,369,343,Oscar Bobb,MID,Man City,13,3,1,2025-05-20T19:00:00Z,1,1,0,0,0,1,0,3,0.2,0.2,0.0,0.0,0.0,0.0,0.0,0.29,0,47
2024-25,37,369,344,Scott Carson,GK,Man City,13,3,1,2025-05-20T19:00:00Z,0,0,0,0,0,0,0,0,0.0,0.0,0.0,0.0,0.0,0.0,0.0,0.0,0,39
2024-25,37,369,345,Kevin De Bruyne,MID,Man City,13,3,1,2025-05-20T19:00:00Z,68,3,0,0,1,0,0,5,1.8,36.5,15.0,5.3,0.91,0.16,1.07,0.78,1,96
2024-25,37,369,346,Jérémy Doku,MID,Man City,13,3,1,2025-05-20T19:00:00Z,1,1,0,0,0,1,0,3,0.0,0.3,0.0,0.0,0.0,0.0,0.0,0.29,0,62
2024-25,37,369,347,Ederson Santana de Moraes,GK,Man City,13,3,1,2025-05-20T19:00:00Z,90,1,0,0,0,1,0,5,10.0,0.0,0.0,1.0,0.0,0.0,0.0,1.06,1,53
2024-25,37,369,348,Phil Foden,MID,Man City,13,3,1,2025-05-20T19:00:00Z,0,0,0,0,0,0,0,0,0.0,0.0,0.0,0.0,0.0,0.0,0.0,0.0,0,91
2024-25,37,369,349,Jack Grealish,MID,Man City,13,3,1,2025-05-20T19:00:00Z,1,1,0,0,0,1,0,3,2.0,0.0,0.0,0.2,0.0,0.0,0.0,0.29,0,64
2024-25,37,369,350,Joško Gvardiol,DEF,Man City,13,3,1,2025-05-20T19:00:00Z,90,2,0,0,0,1,0,8,13.0,2.8,0.0,1.6,0.0,0.01,0.01,1.06,1,65
2024-25,37,369,351,Erling Haaland,FWD,Man City,13,3,1,2025-05-20T19:00:00Z,82,2,0,0,1,0,0,10,7.0,2.4,43.0,5.2,0.11,0.06,0.17,0.78,1,149
2024-25,37,369,352,Julián Álvarez,FWD,Man City,13,3,1,2025-05-20T19:00:00Z,0,0,0,0,0,0,0,0,0.0,0.0,0.0,0.0,0.0,0.0,0.0,0.0,0,70
2024-25,37,369,353,João Cavaco Cancelo,DEF,Man City,13,3,1,2025-05-20T19:00:00Z,0,0,0,0,0,0,0,0,0.0,0.0,0.0,0.0,0.0,0.0,0.0,0.0,0,53
2024-25,37,369,354,Mateo Kovačić,MID,Man City,13,3,1,2025-05-20T19:00:00Z,66,2,0,1,0,1,0,15,27.6,25.3,1.0,5.4,0.04,0.08,0.12,0.78,1,54
2024-25,37,369,355,Rico Lewis,DEF,Man City,13,3,1,2025-05-20T19:00:00Z,0,0,0,0,0,0,0,0,0.0,0.0,0.0,0.0,0.0,0.0,0.0,0.0,0,43
2024-25,37,369,356,Matheus Luiz Nunes,MID,Man City,13,3,1,2025-05-20T19:00:00Z,90,5,0,1,0,1,0,18,21.0,18.2,3.0,4.2,0.02,0.16,0.18,1.06,1,49
2024-25,37,369,357,James McAtee,MID,Man City,13,3,1,2025-05-20T19:00:00Z,0,0,0,0,0,0,0,0,0.0,0.0,0.0,0.0,0.0,0.0,0.0,0.0,0,46
2024-25,37,369,358,Stefan Ortega Moreno,GK,Man City,13,3,1,2025-05-20T19:00:00Z,0,0,0,0,0,0,0,0,0.0,0.0,0.0,0.0,0.0,0.0,0.0,0.0,0,52
2024-25,37,368,359,Kalvin Phillips,MID,Ipswich,10,11,0,2025-05-18T14:00:00Z,0,0,0,0,0,0,0,0,0.0,0.0,0.0,0.0,0.0,0.0,0.0,0.0,0,48
2024-25,37,369,360,Rodrigo 'Rodri' Hernandez,MID,Man City,13,3,1,2025-05-20T19:00:00Z,7,1,0,0,0,1,0,3,1.4,0.4,0.0,0.2,0.0,0.0,0.0,0.29,0,62
2024-25,37,369,361,Rúben Gato Alves Dias,DEF,Man City,13,3,1,2025-05-20T19:00:00Z,90,2,0,0,0,1,0,12,16.0,2.8,2.0,2.1,0.0,0.01,0.01,1.06,1,55
2024-25,37,369,362,John Stones,DEF,Man City,13,3,1,2025-05-20T19:00:00Z,0,0,0,0,0,0,0,0,0.0,0.0,0.0,0.0,0.0,0.0,0.0,0.0,0,53
2024-25,37,369,363,Kyle Walker,DEF,Man City,13,3,1,2025-05-20T19:00:00Z,0,0,0,0,0,0,0,0,0.0,0.0,0.0,0.0,0.0,0.0,0.0,0.0,0,51
2024-25,37,365,364,Amad Diallo,MID,Man Utd,14,6,0,2025-05-16T19:15:00Z,90,1,0,0,0,1,0,4,13.2,24.4,29.0,6.7,0.05,0.15,0.2,0.82,1,53
2024-25,37,365,365,Antony Matheus dos Santos,MID,Man Utd,14,6,0,2025-05-16T19:15:00Z,0,0,0,0,0,0,0,0,0.0,0.0,0.0,0.0,0.0,0.0,0.0,0.0,0,57
2024-25,37,365,366,Bruno Borges Fernandes,MID,Man Utd,14,6,0,2025-05-16T19:15:00Z,80,1,0,0,0,1,0,4,5.6,5.7,6.0,1.7,0.03,0.04,0.07,0.82,1,84
2024-25,37,365,367,Altay Bayindir,GK,Man Utd,14,6,0,2025-05-16T19:15:00Z,0,0,0,0,0,0,0,0,0.0,0.0,0.0,0.0,0.0,0.0,0.0,0.0,0,43
2024-25,37,365,368,Carlos Henrique Casimiro,MID,Man Utd,14,6,0,2025-05-16T19:15:00Z,69,2,0,0,1,0,0,10,10.4,1.6,0.0,1.2,0.0,0.01,0.01,0.55,1,46
2024-25,37,365,369,Diogo Dalot Teixeira,DEF,Man Utd,14,6,0,2025-05-16T19:15:00Z,0,0,0,0,0,0,0,0,0.0,0.0,0.0,0.0,0.0,0.0,0.0,0.0,0,50
2024-25,37,365,370,Christian Eriksen,MID,Man Utd,14,6,0,2025-05-16T19:15:00Z,0,0,0,0,0,0,0,0,0.0,0.0,0.0,0.0,0.0,0.0,0.0,0.0,0,52
2024-25,37,365,371,Jonny Evans,DEF,Man Utd,14,6,0,2025-05-16T19:15:00Z,0,0,0,0,0,0,0,0,0.0,0.0,0.0,0.0,0.0,0.0,0.0,0.0,0,44
2024-25,37,365,372,Alejandro Garnacho,MID,Man Utd,14,6,0,2025-05-16T19:15:00Z,20,1,0,0,0,1,0,4,2.2,0.3,2.0,0.5,0.0,0.02,0.02,0.26,0,59
2024-25,37,365,373,Hannibal Mejbri,MID,Man Utd,14,6,0,2025-05-16T19:15:00Z,0,0,0,0,0,0,0,0,0.0,0.0,0.0,0.0,0.0,0.0,0.0,0.0,0,45
2024-25,37,365,374,Tom Heaton,GK,Man Utd,14,6,0,2025-05-16T19:15:00Z,0,0,0,0,0,0,0,0,0.0,0.0,0.0,0.0,0.0,0.0,0.0,0.0,0,39
2024-25,37,365,375,Rasmus Højlund,FWD,Man Utd,14,6,0,2025-05-16T19:15:00Z,90,2,0,0,0,1,0,0,0.0,3.8,0.0,0.2,0.0,0.0,0.0,0.82,1,69
2024-25,37,365,376,Victor Lindelöf,DEF,Man Utd,14,6,0,2025-05-16T19:15:00Z,90,2,0,0,0,1,0,10,17.6,0.3,0.0,1.8,0.0,0.0,0.0,0.82,1,43
2024-25,37,365,377,Harry Maguire,DEF,Man Utd,14,6,0,2025-05-16T19:15:00Z,90,2,0,0,0,1,0,7,11.2,10.3,2.0,2.4,0.0,0.0,0.0,0.82,1,49
2024-25,37,365,378,Kobbie Mainoo,MID,Man Utd,14,6,0,2025-05-16T19:15:00Z,9,1,0,0,0,0,0,5,3.0,0.0,0.0,0.3,0.0,0.0,0.0,0.0,0,52
2024-25,37,365,379,Tyrell Malacia,DEF,Man Utd,14,6,0,2025-05-16T19:15:00Z,0,0,0,0,0,0,0,0,0.0,0.0,0.0,0.0,0.0,0.0,0.0,0.0,0,44
2024-25,37,365,380,Lisandro Martínez,DEF,Man Utd,14,6,0,2025-05-16T19:15:00Z,0,0,0,0,0,0,0,0,0.0,0.0,0.0,0.0,0.0,0.0,0.0,0.0,0,43
2024-25,37,365,381,Scott McTominay,MID,Man Utd,14,6,0,2025-05-16T19:15:00Z,0,0,0,0,0,0,0,0,0.0,0.0,0.0,0.0,0.0,0.0,0.0,0.0,0,49
2024-25,37,365,382,Mason Mount,MID,Man Utd,14,6,0,2025-05-16T19:15:00Z,69,3,0,0,1,0,0,4,3.0,1.5,8.0,1.3,0.21,0.01,0.22,0.55,1,63
2024-25,37,365,383,André Onana,GK,Man Utd,14,6,0,2025-05-16T19:15:00Z,90,2,0,0,0,1,0,13,18.6,0.0,0.0,1.9,0.0,0.01,0.01,0.82,1,49
2024-25,37,365,384,Facundo Pellistri Rebollo,MID,Man Utd,14,6,0,2025-05-16T19:15:00Z,0,0,0,0,0,0,0,0,0.0,0.0,0.0,0.0,0.0,0.0,0.0,0.0,0,50
2024-25,37,362,385,Marcus Rashford,MID,Aston Villa,2,18,1,2025-05-16T18:30:00Z,0,0,0,0,0,0,0,0,0.0,0.0,0.0,0.0,0.0,0.0,0.0,0.0,0,66
2024-25,37,365,386,Jadon Sancho,MID,Chelsea,6,14,1,2025-05-16T19:15:00Z,0,0,0,0,0,0,0,0,0.0,0.0,0.0,0.0,0.0,0.0,0.0,0.0,0,62
2024-25,37,365,387,Luke Shaw,DEF,Man Utd,14,6,0,2025-05-16T19:15:00Z,80,2,0,0,0,1,0,9,0.6,0.8,0.0,0.1,0.0,0.0,0.0,0.82,1,49
2024-25,37,370,388,Aaron Wan-Bissaka,DEF,West Ham,19,16,1,2025-05-18T13:15:00Z,90,1,0,0,0,2,0,8,25.0,5.3,2.0,3.2,0.0,0.02,0.02,1.96,1,44
2024-25,37,365,389,Joshua Zirkzee,FWD,Man Utd,14,6,0,2025-05-16T19:15:00Z,0,0,0,0,0,0,0,0,0.0,0.0,0.0,0.0,0.0,0.0,0.0,0.0,0,65
2024-25,37,361,390,Alex Murphy,DEF,Newcastle,15,1,0,2025-05-18T15:30:00Z,0,0,0,0,0,0,0,0,0.0,0.0,0.0,0.0,0.0,0.0,0.0,0.0,0,40
2024-25,37,361,391,Miguel Almirón Rejala,MID,Newcastle,15,1,0,2025-05-18T15:30:00Z,0,0,0,0,0,0,0,0,0.0,0.0,0.0,0.0,0.0,0.0,0.0,0.0,0,54
2024-25,37,361,392,Harvey Barnes,MID,Newcastle,15,1,0,2025-05-18T15:30:00Z,75,2,0,0,0,1,0,4,4.4,1.5,13.0,1.9,0.21,0.03,0.24,0.59,1,59
2024-25,37,361,393,Sven Botman,DEF,Newcastle,15,1,0,2025-05-18T15:30:00Z,63,2,0,0,0,1,0,7,11.0,13.8,7.0,3.2,0.15,0.17,0.32,0.57,1,44
2024-25,37,361,394,Bruno Guimarães Rodriguez Moura,MID,Newcastle,15,1,0,2025-05-18T15:30:00Z,90,2,0,0,0,1,0,14,24.0,26.3,30.0,8.0,0.29,0.14,0.43,0.64,1,62
2024-25,37,361,395,Dan Burn,DEF,Newcastle,15,1,0,2025-05-18T15:30:00Z,90,1,0,0,0,1,0,11,18.2,1.9,33.0,5.3,0.18,0.02,0.2,0.64,1,45
2024-25,37,361,396,Martin Dúbravka,GK,Newcastle,15,1,0,2025-05-18T15:30:00Z,0,0,0,0,0,0,0,0,0.0,0.0,0.0,0.0,0.0,0.0,0.0,0.0,0,40
2024-25,37,367,397,Ryan Fraser,MID,Southampton,17,8,0,2025-05-18T11:00:00Z,0,0,0,0,0,0,0,0,0.0,0.0,0.0,0.0,0.0,0.0,0.0,0.0,0,48
2024-25,37,361,398,Anthony Gordon,MID,Newcastle,15,1,0,2025-05-18T15:30:00Z,90,2,0,0,0,1,0,6,2.2,16.5,6.0,2.5,0.0,0.15,0.15,0.64,1,74
2024-25,37,361,399,Lewis Hall,DEF,Newcastle,15,1,0,2025-05-18T15:30:00Z,0,0,0,0,0,0,0,0,0.0,0.0,0.0,0.0,0.0,0.0,0.0,0.0,0,47
2024-25,37,361,400,Isaac Hayden,MID,Newcastle,15,1,0,2025-05-18T15:30:00Z,0,0,0,0,0,0,0,0,0.0,0.0,0.0,0.0,0.0,0.0,0.0,0.0,0,44
2024-25,37,361,401,Alexander Isak,FWD,Newcastle,15,1,0,2025-05-18T15:30:00Z,0,0,0,0,0,0,0,0,0.0,0.0,0.0,0.0,0.0,0.0,0.0,0.0,0,95
2024-25,37,361,402,Jacob Murphy,MID,Newcastle,15,1,0,2025-05-18T15:30:00Z,62,2,0,0,0,1,0,13,15.8,11.6,0.0,2.7,0.0,0.03,0.03,0.57,1,52
2024-25,37,361,403,Joelinton Cássio Apolinário de Lira,MID,Newcastle,15,1,0,2025-05-18T15:30:00Z,0,0,0,0,0,0,0,0,0.0,0.0,0.0,0.0,0.0,0.0,0.0,0.0,0,60
2024-25,37,361,404,Lloyd Kelly,DEF,Newcastle,15,1,0,2025-05-18T15:30:00Z,0,0,0,0,0,0,0,0,0.0,0.0,0.0,0.0,0.0,0.0,0.0,0.0,0,42
2024-25,37,361,405,Emil Krafth,DEF,Newcastle,15,1,0,2025-05-18T15:30:00Z,26,0,0,0,0,0,0,2,4.0,4.8,0.0,0.9,0.0,0.0,0.0,0.07,0,43
2024-25,37,361,406,Garang Kuol,MID,Newcastle,15,1,0,2025-05-18T15:30:00Z,0,0,0,0,0,0,0,0,0.0,0.0,0.0,0.0,0.0,0.0,0.0,0.0,0,44
2024-25,37,361,407,Jamaal Lascelles,DEF,Newcastle,15,1,0,2025-05-18T15:30:00Z,0,0,0,0,0,0,0,0,0.0,0.0,0.0,0.0,0.0,0.0,0.0,0.0,0,45
2024-25,37,361,408,Jamal Lewis,DEF,Newcastle,15,1,0,2025-05-18T15:30:00Z,0,0,0,0,0,0,0,0,0.0,0.0,0.0,0.0,0.0,0.0,0.0,0.0,0,40
2024-25,37,361,409,Tino Livramento,DEF,Newcastle,15,1,0,2025-05-18T15:30:00Z,90,2,0,0,0,1,0,12,17.2,12.4,23.0,5.3,0.07,0.05,0.12,0.64,1,46
2024-25,37,361,410,Sean Longstaff,MID,Newcastle,15,1,0,2025-05-18T15:30:00Z,0,0,0,0,0,0,0,0,0.0,0.0,0.0,0.0,0.0,0.0,0.0,0.0,0,44
2024-25,37,361,411,Lewis Miley,MID,Newcastle,15,1,0,2025-05-18T15:30:00Z,27,1,0,0,0,0,0,3,4.8,2.0,0.0,0.7,0.0,0.01,0.01,0.07,0,50
2024-25,37,361,412,Odysseas Vlachodimos,GK,Newcastle,15,1,0,2025-05-18T15:30:00Z,0,0,0,0,0,0,0,0,0.0,0.0,0.0,0.0,0.0,0.0,0.0,0.0,0,42
2024-25,37,361,413,Nick Pope,GK,Newcastle,15,1,0,2025-05-18T15:30:00Z,90,3,0,0,0,1,0,11,22.4,0.0,0.0,2.2,0.0,0.0,0.0,0.64,1,50
2024-25,37,361,414,John Ruddy,GK,Newcastle,15,1,0,2025-05-18T15:30:00Z,0,0,0,0,0,0,0,0,0.0,0.0,0.0,0.0,0.0,0.0,0.0,0.0,0,39
2024-25,37,361,415,Fabian Schär,DEF,Newcastle,15,1,0,2025-05-18T15:30:00Z,90,2,0,0,0,1,0,8,33.8,1.3,54.0,8.9,0.92,0.01,0.93,0.64,1,55
2024-25,37,361,416,Matt Targett,DEF,Newcastle,15,1,0,2025-05-18T15:30:00Z,0,0,0,0,0,0,0,0,0.0,0.0,0.0,0.0,0.0,0.0,0.0,0.0,0,39
2024-25,37,361,417,Sandro Tonali,MID,Newcastle,15,1,0,2025-05-18T15:30:00Z,90,2,0,0,0,1,0,18,15.0,31.9,2.0,4.9,0.03,0.33,0.36,0.64,1,55
2024-25,37,361,418,Kieran Trippier,DEF,Newcastle,15,1,0,2025-05-18T15:30:00Z,0,0,0,0,0,0,0,0,0.0,0.0,0.0,0.0,0.0,0.0,0.0,0.0,0,57
2024-25,37,361,419,Joe White,MID,Newcastle,15,1,0,2025-05-18T15:30:00Z,0,0,0,0,0,0,0,0,0.0,0.0,0.0,0.0,0.0,0.0,0.0,0.0,0,45
2024-25,37,361,420,Joe Willock,MID,Newcastle,15,1,0,2025-05-18T15:30:00Z,14,0,0,0,0,0,0,3,1.6,10.6,10.0,2.2,0.05,0.0,0.05,0.05,0,47
2024-25,37,361,421,Callum Wilson,FWD,Newcastle,15,1,0,2025-05-18T15:30:00Z,63,2,0,0,0,1,0,2,2.2,22.6,8.0,3.3,0.0,0.03,0.03,0.57,1,69
2024-25,37,370,422,Ola Aina,DEF,Nott'm Forest,16,19,0,2025-05-18T13:15:00Z,90,2,0,0,0,1,0,7,12.2,0.9,0.0,1.3,0.0,0.01,0.01,1.13,1,52
2024-25,37,370,423,Elliot Anderson,MID,Nott'm Forest,16,19,0,2025-05-18T13:15:00Z,82,2,0,0,1,0,0,11,16.6,22.2,6.0,4.5,0.0,0.24,0.24,0.95,1,50
2024-25,37,370,424,Taiwo Awoniyi,FWD,Nott'm Forest,16,19,0,2025-05-18T13:15:00Z,0,0,0,0,0,0,0,0,0.0,0.0,0.0,0.0,0.0,0.0,0.0,0.0,0,55
2024-25,37,370,425,Willy Boly,DEF,Nott'm Forest,16,19,0,2025-05-18T13:15:00Z,0,0,0,0,0,0,0,0,0.0,0.0,0.0,0.0,0.0,0.0,0.0,0.0,0,42
2024-25,37,370,426,Josh Bowler,MID,Nott'm Forest,16,19,0,2025-05-18T13:15:00Z,0,0,0,0,0,0,0,0,0.0,0.0,0.0,0.0,0.0,0.0,0.0,0.0,0,45
2024-25,37,370,427,Carlos Miguel dos Santos Pereira,GK,Nott'm Forest,16,19,0,2025-05-18T13:15:00Z,0,0,0,0,0,0,0,0,0.0,0.0,0.0,0.0,0.0,0.0,0.0,0.0,0,41
2024-25,37,370,428,Eric da Silva Moreira,MID,Nott'm Forest,16,19,0,2025-05-18T13:15:00Z,0,0,0,0,0,0,0,0,0.0,0.0,0.0,0.0,0.0,0.0,0.0,0.0,0,43
2024-25,37,370,429,Danilo dos Santos de Oliveira,MID,Nott'm Forest,16,19,0,2025-05-18T13:15:00Z,6,1,0,0,0,1,0,2,4.4,0.3,0.0,0.5,0.0,0.0,0.0,0.18,0,47
2024-25,37,370,430,Emmanuel Dennis,FWD,Nott'm Forest,16,19,0,2025-05-18T13:15:00Z,0,0,0,0,0,0,0,0,0.0,0.0,0.0,0.0,0.0,0.0,0.0,0.0,0,49
2024-25,37,370,431,Nicolás Domínguez,MID,Nott'm Forest,16,19,0,2025-05-18T13:15:00Z,90,2,0,0,0,1,0,14,20.8,5.6,6.0,3.2,0.01,0.02,0.03,1.11,1,48
2024-25,37,370,432,Anthony Elanga,MID,Nott'm Forest,16,19,0,2025-05-18T13:15:00Z,90,5,0,1,0,1,0,18,23.6,38.0,27.0,8.9,0.18,0.44,0.62,1.11,1,55
2024-25,37,370,433,Morgan Gibbs-White,MID,Nott'm Forest,16,19,0,2025-05-18T13:15:00Z,83,11,1,0,1,0,3,34,46.8,28.3,40.0,11.5,1.14,0.23,1.37,0.95,1,64
2024-25,37,370,434,Callum Hudson-Odoi,MID,Nott'm Forest,16,19,0,2025-05-18T13:15:00Z,7,1,0,0,0,1,0,7,6.0,3.4,0.0,0.9,0.0,0.0,0.0,0.18,0,51
2024-25,37,370,435,Alex Mighten,MID,Nott'm Forest,16,19,0,2025-05-18T13:15:00Z,0,0,0,0,0,0,0,0,0.0,0.0,0.0,0.0,0.0,0.0,0.0,0.0,0,45
2024-25,37,370,436,Murillo Santiago Costa dos Santos,DEF,Nott'm Forest,16,19,0,2025-05-18T13:15:00Z,90,1,0,0,0,1,0,10,26.6,0.7,2.0,2.9,0.0,0.01,0.01,1.13,1,48
2024-25,37,370,437,Neco Williams,DEF,Nott'm Forest,16,19,0,2025-05-18T13:15:00Z,90,4,0,0,0,1,2,25,39.8,16.0,8.0,6.4,0.0,0.14,0.14,1.13,1,45
2024-25,37,370,438,Omar Richards,DEF,Nott'm Forest,16,19,0,2025-05-18T13:15:00Z,0,0,0,0,0,0,0,0,0.0,0.0,0.0,0.0,0.0,0.0,0.0,0.0,0,45
2024-25,37,370,439,Lewis O'Brien,MID,Nott'm Forest,16,19,0,2025-05-18T13:15:00Z,0,0,0,0,0,0,0,0,0.0,0.0,0.0,0.0,0.0,0.0,0.0,0.0,0,50
2024-25,37,370,440,Andrew Omobamidele,DEF,Nott'm Forest,16,19,0,2025-05-18T13:15:00Z,0,0,0,0,0,0,0,0,0.0,0.0,0.0,0.0,0.0,0.0,0.0,0.0,0,42
2024-25,37,370,441,Jonathan Panzo,DEF,Nott'm Forest,16,19,0,2025-05-18T13:15:00Z,0,0,0,0,0,0,0,0,0.0,0.0,0.0,0.0,0.0,0.0,0.0,0.0,0,40
2024-25,37,370,442,Ibrahim Sangaré,MID,Nott'm Forest,16,19,0,2025-05-18T13:15:00Z,82,3,0,0,1,0,0,15,15.4,4.1,0.0,2.0,0.0,0.08,0.08,0.95,1,43
2024-25,37,370,443,Matz Sels,GK,Nott'm Forest,16,19,0,2025-05-18T13:15:00Z,90,3,0,0,0,1,0,10,33.8,0.0,0.0,3.4,0.0,0.0,0.0,1.13,1,52
2024-25,37,370,444,Harry Toffolo,DEF,Nott'm Forest,16,19,0,2025-05-18T13:15:00Z,0,0,0,0,0,0,0,0,0.0,0.0,0.0,0.0,0.0,0.0,0.0,0.0,0,42
2024-25,37,366,445,Matt Turner,GK,Crystal Palace,7,20,1,2025-05-20T19:00:00Z,0,0,0,0,0,0,0,0,0.0,0.0,0.0,0.0,0.0,0.0,0.0,0.0,0,39
2024-25,37,370,446,Hwang Ui-jo,FWD,Nott'm Forest,16,19,0,2025-05-18T13:15:00Z,0,0,0,0,0,0,0,0,0.0,0.0,0.0,0.0,0.0,0.0,0.0,0.0,0,45
2024-25,37,370,447,Chris Wood,FWD,Nott'm Forest,16,19,0,2025-05-18T13:15:00Z,90,2,0,0,0,1,0,3,10.2,27.8,22.0,6.0,0.21,0.12,0.33,1.13,1,72
2024-25,37,370,448,Joe Worrall,DEF,Nott'm Forest,16,19,0,2025-05-18T13:15:00Z,0,0,0,0,0,0,0,0,0.0,0.0,0.0,0.0,0.0,0.0,0.0,0.0,0,45
2024-25,37,370,449,Ryan Yates,MID,Nott'm Forest,16,19,0,2025-05-18T13:15:00Z,1,1,0,0,0,0,0,3,0.4,0.3,0.0,0.1,0.0,0.0,0.0,0.01,0,48
2024-25,37,367,450,Carlos Alcaraz Durán,MID,Everton,8,17,1,2025-05-18T11:00:00Z,25,1,0,0,0,0,0,3,0.4,0.3,0.0,0.1,0.0,0.0,0.0,0.87,0,47
2024-25,37,367,451,Samuel Amo-Ameyaw,MID,Southampton,17,8,0,2025-05-18T11:00:00Z,0,0,0,0,0,0,0,0,0.0,0.0,0.0,0.0,0.0,0.0,0.0,0.0,0,44
2024-25,37,367,452,Joe Aribo,MID,Southampton,17,8,0,2025-05-18T11:00:00Z,59,1,0,0,0,2,0,10,7.8,3.3,0.0,1.1,0.0,0.0,0.0,2.7,1,49
2024-25,37,367,453,Adam Armstrong,FWD,Southampton,17,8,0,2025-05-18T11:00:00Z,0,0,0,0,0,0,0,0,0.0,0.0,0.0,0.0,0.0,0.0,0.0,0.0,0,51
2024-25,37,367,454,Gavin Bazunu,GK,Southampton,17,8,0,2025-05-18T11:00:00Z,0,0,0,0,0,0,0,0,0.0,0.0,0.0,0.0,0.0,0.0,0.0,0.0,0,43
2024-25,37,367,455,Jan Bednarek,DEF,Southampton,17,8,0,2025-05-18T11:00:00Z,0,0,0,0,0,0,0,0,0.0,0.0,0.0,0.0,0.0,0.0,0.0,0.0,0,40
2024-25,37,367,456,Armel Bella-Kotchap,DEF,Southampton,17,8,0,2025-05-18T11:00:00Z,0,0,0,0,0,0,0,0,0.0,0.0,0.0,0.0,0.0,0.0,0.0,0.0,0,39
2024-25,37,367,457,James Bree,DEF,Southampton,17,8,0,2025-05-18T11:00:00Z,90,1,0,0,0,2,0,4,4.4,2.7,2.0,0.9,0.0,0.01,0.01,2.73,1,39
2024-25,37,367,458,Shea Charles,MID,Southampton,17,8,0,2025-05-18T11:00:00Z,0,0,0,0,0,0,0,0,0.0,0.0,0.0,0.0,0.0,0.0,0.0,0.0,0,45
2024-25,37,367,459,Samuel Edozie,MID,Southampton,17,8,0,2025-05-18T11:00:00Z,0,0,0,0,0,0,0,0,0.0,0.0,0.0,0.0,0.0,0.0,0.0,0.0,0,49
2024-25,37,367,460,Ronnie Edwards,DEF,Southampton,17,8,0,2025-05-18T11:00:00Z,0,0,0,0,0,0,0,0,0.0,0.0,0.0,0.0,0.0,0.0,0.0,0.0,0,39
2024-25,37,367,461,Taylor Harwood-Bellis,DEF,Southampton,17,8,0,2025-05-18T11:00:00Z,81,1,0,0,0,2,0,10,28.6,1.2,4.0,3.4,0.0,0.01,0.01,2.73,1,39
2024-25,37,367,462,Kamaldeen Sulemana,MID,Southampton,17,8,0,2025-05-18T11:00:00Z,59,1,0,0,0,2,0,-1,2.2,1.4,0.0,0.4,0.0,0.0,0.0,2.7,1,50
2024-25,37,367,463,Adam Lallana,MID,Southampton,17,8,0,2025-05-18T11:00:00Z,0,0,0,0,0,0,0,0,0.0,0.0,0.0,0.0,0.0,0.0,0.0,0.0,0,50
2024-25,37,367,464,Juan Larios López,DEF,Southampton,17,8,0,2025-05-18T11:00:00Z,0,0,0,0,0,0,0,0,0.0,0.0,0.0,0.0,0.0,0.0,0.0,0.0,0,39
2024-25,37,367,465,Mateusz Lis,GK,Southampton,17,8,0,2025-05-18T11:00:00Z,0,0,0,0,0,0,0,0,0.0,0.0,0.0,0.0,0.0,0.0,0.0,0.0,0,40
2024-25,37,367,466,Joe Lumley,GK,Southampton,17,8,0,2025-05-18T11:00:00Z,0,0,0,0,0,0,0,0,0.0,0.0,0.0,0.0,0.0,0.0,0.0,0.0,0,40
2024-25,37,367,467,Ryan Manning,DEF,Southampton,17,8,0,2025-05-18T11:00:00Z,0,0,0,0,0,0,0,0,0.0,0.0,0.0,0.0,0.0,0.0,0.0,0.0,0,43
2024-25,37,367,468,Sékou Mara,FWD,Southampton,17,8,0,2025-05-18T11:00:00Z,0,0,0,0,0,0,0,0,0.0,0.0,0.0,0.0,0.0,0.0,0.0,0.0,0,50
2024-25,37,367,469,Alex McCarthy,GK,Southampton,17,8,0,2025-05-18T11:00:00Z,0,0,0,0,0,0,0,0,0.0,0.0,0.0,0.0,0.0,0.0,0.0,0.0,0,42
2024-25,37,367,470,Paul Onuachu,FWD,Southampton,17,8,0,2025-05-18T11:00:00Z,0,0,0,0,0,0,0,0,0.0,0.0,0.0,0.0,0.0,0.0,0.0,0.0,0,49
2024-25,37,367,471,Will Smallbone,MID,Southampton,17,8,0,2025-05-18T11:00:00Z,30,1,0,0,0,0,0,5,6.0,14.3,8.0,2.8,0.14,0.11,0.25,0.03,0,50
2024-25,37,367,472,Jack Stephens,DEF,Southampton,17,8,0,2025-05-18T11:00:00Z,90,1,0,0,0,2,0,5,18.6,1.5,0.0,2.0,0.0,0.01,0.01,2.73,1,40
2024-25,37,367,473,Ross Stewart,FWD,Southampton,17,8,0,2025-05-18T11:00:00Z,30,1,0,0,0,0,0,4,6.0,0.4,34.0,4.0,0.51,0.0,0.51,0.03,0,44
2024-25,37,367,474,Sugawara Yukinari,DEF,Southampton,17,8,0,2025-05-18T11:00:00Z,0,0,0,0,0,0,0,0,0.0,0.0,0.0,0.0,0.0,0.0,0.0,0.0,0,42
2024-25,37,367,475,Charlie Taylor,DEF,Southampton,17,8,0,2025-05-18T11:00:00Z,0,0,0,0,0,0,0,0,0.0,0.0,0.0,0.0,0.0,0.0,0.0,0.0,0,39
2024-25,37,367,476,Kyle Walker-Peters,DEF,Southampton,17,8,0,2025-05-18T11:00:00Z,0,0,0,0,0,0,0,0,0.0,0.0,0.0,0.0,0.0,0.0,0.0,0.0,0,42
2024-25,37,367,477,Nathan Wood-Gordon,DEF,Southampton,17,8,0,2025-05-18T11:00:00Z,59,0,0,0,0,2,0,4,17.0,0.3,0.0,1.7,0.0,0.0,0.0,2.7,1,39
2024-25,37,362,478,Ashley Phillips,DEF,Spurs,18,2,0,2025-05-16T18:30:00Z,0,0,0,0,0,0,0,0,0.0,0.0,0.0,0.0,0.0,0.0,0.0,0.0,0,40
2024-25,37,362,479,Brandon Austin,GK,Spurs,18,2,0,2025-05-16T18:30:00Z,0,0,0,0,0,0,0,0,0.0,0.0,0.0,0.0,0.0,0.0,0.0,0.0,0,40
2024-25,37,362,480,Rodrigo Bentancur,MID,Spurs,18,2,0,2025-05-16T18:30:00Z,16,1,0,0,0,0,0,5,2.6,0.3,0.0,0.3,0.0,0.0,0.0,0.1,0,49
2024-25,37,362,481,Lucas Bergvall,MID,Spurs,18,2,0,2025-05-16T18:30:00Z,0,0,0,0,0,0,0,0,0.0,0.0,0.0,0.0,0.0,0.0,0.0,0.0,0,44
2024-25,37,362,482,Yves Bissouma,MID,Spurs,18,2,0,2025-05-16T18:30:00Z,37,1,0,0,0,2,0,3,5.6,1.4,0.0,0.7,0.0,0.0,0.0,0.71,0,48
2024-25,37,362,483,Bryan Gil Salvatierra,MID,Spurs,18,2,0,2025-05-16T18:30:00Z,0,0,0,0,0,0,0,0,0.0,0.0,0.0,0.0,0.0,0.0,0.0,0.0,0,50
2024-25,37,362,484,Ben Davies,DEF,Spurs,18,2,0,2025-05-16T18:30:00Z,90,1,0,0,0,2,0,5,17.2,0.3,0.0,1.8,0.0,0.0,0.0,1.39,1,43
2024-25,37,362,485,Alfie Devine,MID,Spurs,18,2,0,2025-05-16T18:30:00Z,0,0,0,0,0,0,0,0,0.0,0.0,0.0,0.0,0.0,0.0,0.0,0.0,0,45
2024-25,37,362,486,Radu Drăgușin,DEF,Spurs,18,2,0,2025-05-16T18:30:00Z,0,0,0,0,0,0,0,0,0.0,0.0,0.0,0.0,0.0,0.0,0.0,0.0,0,43
2024-25,37,362,487,Emerson Leite de Souza Junior,DEF,Spurs,18,2,0,2025-05-16T18:30:00Z,0,0,0,0,0,0,0,0,0.0,0.0,0.0,0.0,0.0,0.0,0.0,0.0,0,45
2024-25,37,362,488,Fraser Forster,GK,Spurs,18,2,0,2025-05-16T18:30:00Z,0,0,0,0,0,0,0,0,0.0,0.0,0.0,0.0,0.0,0.0,0.0,0.0,0,43
2024-25,37,362,489,Archie Gray,MID,Spurs,18,2,0,2025-05-16T18:30:00Z,90,1,0,0,0,2,0,5,5.8,0.8,2.0,0.9,0.0,0.0,0.0,1.39,1,46
2024-25,37,362,490,Pierre-Emile Højbjerg,MID,Spurs,18,2,0,2025-05-16T18:30:00Z,0,0,0,0,0,0,0,0,0.0,0.0,0.0,0.0,0.0,0.0,0.0,0.0,0,50
2024-25,37,362,491,Brennan Johnson,MID,Spurs,18,2,0,2025-05-16T18:30:00Z,3,1,0,0,0,0,0,2,0.0,0.0,2.0,0.2,0.0,0.0,0.0,0.06,0,62
2024-25,37,362,492,Dejan Kulusevski,MID,Spurs,18,2,0,2025-05-16T18:30:00Z,0,0,0,0,0,0,0,0,0.0,0.0,0.0,0.0,0.0,0.0,0.0,0.0,0,62
2024-25,37,362,493,Giovani Lo Celso,MID,Spurs,18,2,0,2025-05-16T18:30:00Z,0,0,0,0,0,0,0,0,0.0,0.0,0.0,0.0,0.0,0.0,0.0,0.0,0,49
2024-25,37,362,494,James Maddison,MID,Spurs,18,2,0,2025-05-16T18:30:00Z,0,0,0,0,0,0,0,0,0.0,0.0,0.0,0.0,0.0,0.0,0.0,0.0,0,74
2024-25,37,362,495,Pedro Porro,DEF,Spurs,18,2,0,2025-05-16T18:30:00Z,0,0,0,0,0,0,0,0,0.0,0.0,0.0,0.0,0.0,0.0,0.0,0.0,0,52
2024-25,37,362,496,Sergio Reguilón,DEF,Spurs,18,2,0,2025-05-16T18:30:00Z,73,1,0,0,0,2,0,3,12.6,5.0,2.0,2.0,0.05,0.0,0.05,1.29,1,41
2024-25,37,362,497,Richarlison de Andrade,FWD,Spurs,18,2,0,2025-05-16T18:30:00Z,3,1,0,0,0,0,0,3,0.0,0.0,0.0,0.0,0.0,0.0,0.0,0.06,0,68
2024-25,37,362,498,Cristian Romero,DEF,Spurs,18,2,0,2025-05-16T18:30:00Z,0,0,0,0,0,0,0,0,0.0,0.0,0.0,0.0,0.0,0.0,0.0,0.0,0,49
2024-25,37,362,499,Pape Matar Sarr,MID,Spurs,18,2,0,2025-05-16T18:30:00Z,52,1,0,0,0,0,0,6,7.2,0.4,0.0,0.8,0.0,0.0,0.0,0.68,1,47
2024-25,37,362,500,Dane Scarlett,FWD,Spurs,18,2,0,2025-05-16T18:30:00Z,0,0,0,0,0,0,0,0,0.0,0.0,0.0,0.0,0.0,0.0,0.0,0.0,0,44
2024-25,37,368,501,Oliver Skipp,MID,Leicester,11,10,1,2025-05-18T14:00:00Z,2,1,0,0,0,0,0,3,0.0,0.0,0.0,0.0,0.0,0.0,0.0,0.08,0,47
2024-25,37,362,502,Manor Solomon,MID,Spurs,18,2,0,2025-05-16T18:30:00Z,0,0,0,0,0,0,0,0,0.0,0.0,0.0,0.0,0.0,0.0,0.0,0.0,0,54
2024-25,37,362,503,Son Heung-min,MID,Spurs,18,2,0,2025-05-16T18:30:00Z,73,2,0,0,0,2,0,4,1.0,3.3,8.0,1.2,0.06,0.01,0.07,1.29,1,97
2024-25,37,362,504,Djed Spence,DEF,Spurs,18,2,0,2025-05-16T18:30:00Z,90,1,0,0,0,2,0,-3,11.4,2.1,0.0,1.4,0.0,0.01,0.01,1.39,1,44
2024-25,37,362,505,Destiny Udogie,DEF,Spurs,18,2,0,2025-05-16T18:30:00Z,0,0,0,0,0,0,0,0,0.0,0.0,0.0,0.0,0.0,0.0,0.0,0.0,0,48
2024-25,37,362,506,Micky van de Ven,DEF,Spurs,18,2,0,2025-05-16T18:30:00Z,0,0,0,0,0,0,0,0,0.0,0.0,0.0,0.0,0.0,0.0,0.0,0.0,0,45
2024-25,37,362,507,Alejo Véliz,FWD,Spurs,18,2,0,2025-05-16T18:30:00Z,0,0,0,0,0,0,0,0,0.0,0.0,0.0,0.0,0.0,0.0,0.0,0.0,0,50
2024-25,37,362,508,Guglielmo Vicario,GK,Spurs,18,2,0,2025-05-16T18:30:00Z,0,0,0,0,0,0,0,0,0.0,0.0,0.0,0.0,0.0,0.0,0.0,0.0,0,48
2024-25,37,362,509,Timo Werner,MID,Spurs,18,2,0,2025-05-16T18:30:00Z,0,0,0,0,0,0,0,0,0.0,0.0,0.0,0.0,0.0,0.0,0.0,0.0,0,62
2024-25,37,362,510,Alfie Whiteman,GK,Spurs,18,2,0,2025-05-16T18:30:00Z,0,0,0,0,0,0,0,0,0.0,0.0,0.0,0.0,0.0,0.0,0.0,0.0,0,39
2024-25,37,370,511,Edson Álvarez Velázquez,MID,West Ham,19,16,1,2025-05-18T13:15:00Z,32,0,0,0,0,1,0,0,7.4,11.8,0.0,1.9,0.0,0.01,0.01,0.55,0,50
2024-25,37,370,512,Michail Antonio,FWD,West Ham,19,16,1,2025-05-18T13:15:00Z,0,0,0,0,0,0,0,0,0.0,0.0,0.0,0.0,0.0,0.0,0.0,0.0,0,52
2024-25,37,370,513,Alphonse Areola,GK,West Ham,19,16,1,2025-05-18T13:15:00Z,90,2,0,0,0,2,0,4,18.4,0.0,0.0,1.8,0.0,0.0,0.0,1.96,1,42
2024-25,37,370,514,Jarrod Bowen,MID,West Ham,19,16,1,2025-05-18T13:15:00Z,90,8,1,0,0,2,1,23,38.6,3.3,41.0,8.3,0.16,0.03,0.19,1.96,1,78
2024-25,37,367,515,Maxwel Cornet,MID,Southampton,17,8,0,2025-05-18T11:00:00Z,0,0,0,0,0,0,0,0,0.0,0.0,0.0,0.0,0.0,0.0,0.0,0.0,0,47
2024-25,37,370,516,Vladimír Coufal,DEF,West Ham,19,16,1,2025-05-18T13:15:00Z,90,0,0,0,0,2,0,6,18.0,32.0,23.0,7.3,0.04,0.05,0.09,1.96,1,41
2024-25,37,370,517,Aaron Cresswell,DEF,West Ham,19,16,1,2025-05-18T13:15:00Z,57,1,0,0,0,1,0,6,9.0,16.8,9.0,3.5,0.12,0.39,0.51,1.41,1,39
2024-25,37,367,518,Flynn Downes,MID,Southampton,17,8,0,2025-05-18T11:00:00Z,90,1,0,0,0,2,0,14,11.4,3.9,0.0,1.5,0.0,0.01,0.01,2.73,1,47
2024-25,37,370,519,George Earthy,MID,West Ham,19,16,1,2025-05-18T13:15:00Z,0,0,0,0,0,0,0,0,0.0,0.0,0.0,0.0,0.0,0.0,0.0,0.0,0,45
2024-25,37,370,520,Emerson Palmieri dos Santos,DEF,West Ham,19,16,1,2025-05-18T13:15:00Z,0,0,0,0,0,0,0,0,0.0,0.0,0.0,0.0,0.0,0.0,0.0,0.0,0,44
2024-25,37,370,521,Łukasz Fabiański,GK,West Ham,19,16,1,2025-05-18T13:15:00Z,0,0,0,0,0,0,0,0,0.0,0.0,0.0,0.0,0.0,0.0,0.0,0.0,0,39
2024-25,37,370,522,Wes Foderingham,GK,West Ham,19,16,1,2025-05-18T13:15:00Z,0,0,0,0,0,0,0,0,0.0,0.0,0.0,0.0,0.0,0.0,0.0,0.0,0,42
2024-25,37,370,523,Danny Ings,FWD,West Ham,19,16,1,2025-05-18T13:15:00Z,0,0,0,0,0,0,0,0,0.0,0.0,0.0,0.0,0.0,0.0,0.0,0.0,0,48
2024-25,37,370,524,Max Kilman,DEF,West Ham,19,16,1,2025-05-18T13:15:00Z,90,1,0,0,0,2,0,10,23.6,1.5,0.0,2.5,0.0,0.01,0.01,1.96,1,43
2024-25,37,370,525,Mohammed Kudus,MID,West Ham,19,16,1,2025-05-18T13:15:00Z,78,2,0,0,0,2,0,6,8.0,24.5,16.0,4.9,0.15,0.1,0.25,1.88,1,62
2024-25,37,370,526,Luis Guilherme Lira dos Santos,MID,West Ham,19,16,1,2025-05-18T13:15:00Z,11,1,0,0,0,0,0,3,3.0,2.0,5.0,1.0,0.13,0.01,0.14,0.08,0,46
2024-25,37,370,527,Lucas Tolentino Coelho de Lima,MID,West Ham,19,16,1,2025-05-18T13:15:00Z,32,0,0,0,0,1,0,4,4.0,3.6,7.0,1.5,0.14,0.04,0.18,0.55,0,57
2024-25,37,370,528,Konstantinos Mavropanos,DEF,West Ham,19,16,1,2025-05-18T13:15:00Z,0,0,0,0,0,0,0,0,0.0,0.0,0.0,0.0,0.0,0.0,0.0,0.0,0,43
2024-25,37,370,529,Nayef Aguerd,DEF,West Ham,19,16,1,2025-05-18T13:15:00Z,0,0,0,0,0,0,0,0,0.0,0.0,0.0,0.0,0.0,0.0,0.0,0.0,0,44
2024-25,37,370,530,Tomáš Souček,MID,West Ham,19,16,1,2025-05-18T13:15:00Z,57,1,0,0,0,1,0,3,11.8,0.3,17.0,2.9,0.04,0.0,0.04,1.41,1,48
2024-25,37,370,531,James Ward-Prowse,MID,West Ham,19,16,1,2025-05-18T13:15:00Z,58,1,0,0,0,1,0,14,10.4,17.0,0.0,2.7,0.0,0.15,0.15,1.41,1,61
2024-25,37,370,532,Kurt Zouma,DEF,West Ham,19,16,1,2025-05-18T13:15:00Z,0,0,0,0,0,0,0,0,0.0,0.0,0.0,0.0,0.0,0.0,0.0,0.0,0,44
2024-25,37,366,533,Rayan Aït-Nouri,DEF,Wolves,20,7,0,2025-05-20T19:00:00Z,90,0,0,0,0,4,0,4,20.2,64.1,2.0,8.6,0.0,0.26,0.26,1.69,1,51
2024-25,37,366,534,Boubacar Traoré,MID,Wolves,20,7,0,2025-05-20T19:00:00Z,0,0,0,0,0,0,0,0,0.0,0.0,0.0,0.0,0.0,0.0,0.0,0.0,0,48
2024-25,37,366,535,Jean-Ricner Bellegarde,MID,Wolves,20,7,0,2025-05-20T19:00:00Z,90,5,0,1,0,4,0,26,19.6,20.7,6.0,4.6,0.12,0.15,0.27,1.69,1,49
2024-25,37,366,536,Daniel Bentley,GK,Wolves,20,7,0,2025-05-20T19:00:00Z,90,2,0,0,0,4,0,5,48.6,0.0,0.0,4.9,0.0,0.0,0.0,1.69,1,39
2024-25,37,366,537,Francisco Jorge Tomás Oliveira,MID,Wolves,20,7,0,2025-05-20T19:00:00Z,0,0,0,0,0,0,0,0,0.0,0.0,0.0,0.0,0.0,0.0,0.0,0.0,0,45
2024-25,37,366,538,Tawanda Chirewa,MID,Wolves,20,7,0,2025-05-20T19:00:00Z,0,0,0,0,0,0,0,0,0.0,0.0,0.0,0.0,0.0,0.0,0.0,0.0,0,45
2024-25,37,366,539,Leon Chiwome,FWD,Wolves,20,7,0,2025-05-20T19:00:00Z,0,0,0,0,0,0,0,0,0.0,0.0,0.0,0.0,0.0,0.0,0.0,0.0,0,44
2024-25,37,366,540,Luke Cundle,MID,Wolves,20,7,0,2025-05-20T19:00:00Z,0,0,0,0,0,0,0,0,0.0,0.0,0.0,0.0,0.0,0.0,0.0,0.0,0,45
2024-25,37,366,541,Matheus Santos Carneiro Da Cunha,FWD,Wolves,20,7,0,2025-05-20T19:00:00Z,23,1,0,0,0,1,0,8,7.4,25.3,21.0,5.4,0.21,0.03,0.24,0.56,0,71
2024-25,37,366,542,Craig Dawson,DEF,Wolves,20,7,0,2025-05-20T19:00:00Z,0,0,0,0,0,0,0,0,0.0,0.0,0.0,0.0,0.0,0.0,0.0,0.0,0,42
2024-25,37,366,543,Matt Doherty,DEF,Wolves,20,7,0,2025-05-20T19:00:00Z,0,0,0,0,0,0,0,0,0.0,0.0,0.0,0.0,0.0,0.0,0.0,0.0,0,43
2024-25,37,366,544,Tommy Doyle,MID,Wolves,20,7,0,2025-05-20T19:00:00Z,0,0,0,0,0,0,0,0,0.0,0.0,0.0,0.0,0.0,0.0,0.0,0.0,0,47
2024-25,37,366,545,Fábio Silva,FWD,Wolves,20,7,0,2025-05-20T19:00:00Z,0,0,0,0,0,0,0,0,0.0,0.0,0.0,0.0,0.0,0.0,0.0,0.0,0,50
2024-25,37,366,546,Nathan Fraser,FWD,Wolves,20,7,0,2025-05-20T19:00:00Z,0,0,0,0,0,0,0,0,0.0,0.0,0.0,0.0,0.0,0.0,0.0,0.0,0,45
2024-25,37,366,547,Enso González,MID,Wolves,20,7,0,2025-05-20T19:00:00Z,0,0,0,0,0,0,0,0,0.0,0.0,0.0,0.0,0.0,0.0,0.0,0.0,0,44
2024-25,37,366,548,Gonçalo Manuel Ganchinho Guedes,MID,Wolves,20,7,0,2025-05-20T19:00:00Z,90,2,0,0,0,4,0,7,6.4,5.6,27.0,3.9,0.17,0.12,0.29,1.69,1,53
2024-25,37,366,549,Hugo Bueno López,DEF,Wolves,20,7,0,2025-05-20T19:00:00Z,0,0,0,0,0,0,0,0,0.0,0.0,0.0,0.0,0.0,0.0,0.0,0.0,0,45
2024-25,37,366,550,Hwang Hee-chan,MID,Wolves,20,7,0,2025-05-20T19:00:00Z,9,1,0,0,0,1,0,4,0.4,0.7,0.0,0.1,0.0,0.0,0.0,0.49,0,61
2024-25,37,366,551,Joe Hodge,MID,Wolves,20,7,0,2025-05-20T19:00:00Z,0,0,0,0,0,0,0,0,0.0,0.0,0.0,0.0,0.0,0.0,0.0,0.0,0,45
2024-25,37,366,552,Ki-Jana Hoever,DEF,Wolves,20,7,0,2025-05-20T19:00:00Z,0,0,0,0,0,0,0,0,0.0,0.0,0.0,0.0,0.0,0.0,0.0,0.0,0,40
2024-25,37,366,553,João Victor Gomes da Silva,MID,Wolves,20,7,0,2025-05-20T19:00:00Z,45,1,0,0,0,2,0,18,10.0,4.1,0.0,1.4,0.0,0.02,0.02,0.59,0,49
2024-25,37,366,554,José Malheiro de Sá,GK,Wolves,20,7,0,2025-05-20T19:00:00Z,0,0,0,0,0,0,0,0,0.0,0.0,0.0,0.0,0.0,0.0,0.0,0.0,0,44
2024-25,37,366,555,Saša Kalajdžić,FWD,Wolves,20,7,0,2025-05-20T19:00:00Z,0,0,0,0,0,0,0,0,0.0,0.0,0.0,0.0,0.0,0.0,0.0,0.0,0,48
2024-25,37,366,556,Tom King,GK,Wolves,20,7,0,2025-05-20T19:00:00Z,0,0,0,0,0,0,0,0,0.0,0.0,0.0,0.0,0.0,0.0,0.0,0.0,0,40
2024-25,37,366,557,Mario Lemina,MID,Wolves,20,7,0,2025-05-20T19:00:00Z,0,0,0,0,0,0,0,0,0.0,0.0,0.0,0.0,0.0,0.0,0.0,0.0,0,48
2024-25,37,366,558,Yerson Mosquera,DEF,Wolves,20,7,0,2025-05-20T19:00:00Z,0,0,0,0,0,0,0,0,0.0,0.0,0.0,0.0,0.0,0.0,0.0,0.0,0,38
2024-25,37,366,559,Nélson Cabral Semedo,DEF,Wolves,20,7,0,2025-05-20T19:00:00Z,45,0,0,0,0,2,0,-1,5.8,2.3,0.0,0.8,0.0,0.01,0.01,0.59,0,45
2024-25,37,365,560,Pedro Lomba Neto,MID,Chelsea,6,14,1,2025-05-16T19:15:00Z,90,3,0,0,1,0,0,5,5.8,18.5,19.0,4.3,0.02,0.05,0.07,0.29,1,61
2024-25,37,366,561,Pedro Cardoso de Lima,DEF,Wolves,20,7,0,2025-05-20T19:00:00Z,0,0,0,0,0,0,0,0,0.0,0.0,0.0,0.0,0.0,0.0,0.0,0.0,0,39
2024-25,37,366,562,Daniel Castelo Podence,MID,Wolves,20,7,0,2025-05-20T19:00:00Z,0,0,0,0,0,0,0,0,0.0,0.0,0.0,0.0,0.0,0.0,0.0,0.0,0,55
2024-25,37,366,563,Rodrigo Martins Gomes,MID,Wolves,20,7,0,2025-05-20T19:00:00Z,80,2,0,0,0,3,0,9,2.8,2.2,7.0,1.2,0.14,0.05,0.19,1.2,1,51
2024-25,37,366,564,Santiago Bueno,DEF,Wolves,20,7,0,2025-05-20T19:00:00Z,0,0,0,0,0,0,0,0,0.0,0.0,0.0,0.0,0.0,0.0,0.0,0.0,0,43
2024-25,37,366,565,Pablo Sarabia,MID,Wolves,20,7,0,2025-05-20T19:00:00Z,66,2,0,0,0,3,0,7,7.6,28.7,2.0,3.8,0.0,0.06,0.06,1.13,1,50
2024-25,37,366,566,Jørgen Strand Larsen,FWD,Wolves,20,7,0,2025-05-20T19:00:00Z,66,11,1,1,0,3,2,47,51.6,16.1,39.0,10.7,0.24,0.01,0.25,1.13,1,52
2024-25,37,366,567,Toti António Gomes,DEF,Wolves,20,7,0,2025-05-20T19:00:00Z,90,-1,0,0,0,4,0,-4,27.0,2.1,2.0,3.1,0.0,0.01,0.01,1.69,1,43
2024-25,37,368,568,Arijanet Muric,GK,Ipswich,10,11,0,2025-05-18T14:00:00Z,0,0,0,0,0,0,0,0,0.0,0.0,0.0,0.0,0.0,0.0,0.0,0.0,0,44
2024-25,37,368,569,Jaden Philogene,MID,Ipswich,10,11,0,2025-05-18T14:00:00Z,0,0,0,0,0,0,0,0,0.0,0.0,0.0,0.0,0.0,0.0,0.0,0.0,0,53
2024-25,37,368,570,Abdul Fatawu,MID,Leicester,11,10,1,2025-05-18T14:00:00Z,0,0,0,0,0,0,0,0,0.0,0.0,0.0,0.0,0.0,0.0,0.0,0.0,0,51
2024-25,37,369,571,Sávio 'Savinho' Moreira de Oliveira,MID,Man City,13,3,1,2025-05-20T19:00:00Z,0,0,0,0,0,0,0,0,0.0,0.0,0.0,0.0,0.0,0.0,0.0,0.0,0,61
2024-25,37,365,572,Leny Yoro,DEF,Man Utd,14,6,0,2025-05-16T19:15:00Z,0,0,0,0,0,0,0,0,0.0,0.0,0.0,0.0,0.0,0.0,0.0,0.0,0,43
2024-25,37,370,573,Nikola Milenković,DEF,Nott'm Forest,16,19,0,2025-05-18T13:15:00Z,90,8,1,0,0,1,0,22,52.0,0.4,39.0,9.1,0.35,0.01,0.36,1.13,1,52
2024-25,37,361,574,Miodrag Pivaš,DEF,Newcastle,15,1,0,2025-05-18T15:30:00Z,0,0,0,0,0,0,0,0,0.0,0.0,0.0,0.0,0.0,0.0,0.0,0.0,0,40
2024-25,37,365,575,Caleb Wiley,DEF,Chelsea,6,14,1,2025-05-16T19:15:00Z,0,0,0,0,0,0,0,0,0.0,0.0,0.0,0.0,0.0,0.0,0.0,0.0,0,40
2024-25,37,370,576,Andy Irving,MID,West Ham,19,16,1,2025-05-18T13:15:00Z,0,0,0,0,0,0,0,0,0.0,0.0,0.0,0.0,0.0,0.0,0.0,0.0,0,47
2024-25,37,367,577,Jesper Lindstrøm,MID,Everton,8,17,1,2025-05-18T11:00:00Z,0,0,0,0,0,0,0,0,0.0,0.0,0.0,0.0,0.0,0.0,0.0,0.0,0,50
2024-25,37,361,578,Riccardo Calafiori,DEF,Arsenal,1,15,1,2025-05-18T15:30:00Z,45,1,0,0,0,0,0,6,2.8,2.0,2.0,0.7,0.0,0.01,0.01,0.4,0,58
2024-25,37,363,579,Ryan Sessegnon,DEF,Fulham,9,4,0,2025-05-18T14:00:00Z,10,1,0,0,0,0,0,4,3.2,0.3,0.0,0.4,0.0,0.0,0.0,0.14,0,42
2024-25,37,369,580,Dean Huijsen,DEF,Bournemouth,3,13,0,2025-05-20T19:00:00Z,90,0,0,0,0,3,0,2,26.0,5.3,0.0,3.1,0.0,0.02,0.02,1.6,1,45
2024-25,37,365,581,Filip Jørgensen,GK,Chelsea,6,14,1,2025-05-16T19:15:00Z,0,0,0,0,0,0,0,0,0.0,0.0,0.0,0.0,0.0,0.0,0.0,0.0,0,42
2024-25,37,367,582,Jake O'Brien,DEF,Everton,8,17,1,2025-05-18T11:00:00Z,90,7,0,0,1,0,1,26,13.2,0.6,11.0,2.5,0.08,0.01,0.09,1.21,1,45
2024-25,37,368,583,Conor Townsend,DEF,Ipswich,10,11,0,2025-05-18T14:00:00Z,0,0,0,0,0,0,0,0,0.0,0.0,0.0,0.0,0.0,0.0,0.0,0.0,0,39
2024-25,37,367,584,Ben Brereton Díaz,MID,Southampton,17,8,0,2025-05-18T11:00:00Z,0,0,0,0,0,0,0,0,0.0,0.0,0.0,0.0,0.0,0.0,0.0,0.0,0,48
2024-25,37,366,585,Ismaïla Sarr,MID,Crystal Palace,7,20,1,2025-05-20T19:00:00Z,62,5,0,1,0,2,0,18,22.8,14.3,40.0,7.7,0.33,0.33,0.66,1.18,1,56
2024-25,37,363,586,Jorge Cuenca Barreno,DEF,Fulham,9,4,0,2025-05-18T14:00:00Z,1,1,0,0,0,0,0,3,0.0,0.0,0.0,0.0,0.0,0.0,0.0,0.03,0,44
2024-25,37,370,587,Crysencio Summerville,MID,West Ham,19,16,1,2025-05-18T13:15:00Z,0,0,0,0,0,0,0,0,0.0,0.0,0.0,0.0,0.0,0.0,0.0,0.0,0,55
2024-25,37,370,588,Guido Rodríguez,MID,West Ham,19,16,1,2025-05-18T13:15:00Z,58,0,0,0,0,1,0,1,9.2,3.9,2.0,1.5,0.0,0.02,0.02,1.41,1,48
2024-25,37,370,589,Niclas Füllkrug,FWD,West Ham,19,16,1,2025-05-18T13:15:00Z,32,1,0,0,0,1,0,5,6.2,1.7,21.0,2.9,0.01,0.01,0.02,0.55,0,67
2024-25,37,361,590,William Osula,FWD,Newcastle,15,1,0,2025-05-18T15:30:00Z,26,1,0,0,0,0,0,2,1.0,1.5,4.0,0.7,0.0,0.01,0.01,0.07,0,49
2024-25,37,370,591,Jean-Clair Todibo,DEF,West Ham,19,16,1,2025-05-18T13:15:00Z,90,0,0,0,0,2,0,8,18.2,0.9,7.0,2.6,0.21,0.0,0.21,1.96,1,42
2024-25,37,369,592,Julián Araujo Zúñiga,DEF,Bournemouth,3,13,0,2025-05-20T19:00:00Z,68,0,0,0,0,2,0,0,8.8,19.1,0.0,2.8,0.0,0.05,0.05,1.44,1,43
2024-25,37,365,593,Matthijs de Ligt,DEF,Man Utd,14,6,0,2025-05-16T19:15:00Z,0,0,0,0,0,0,0,0,0.0,0.0,0.0,0.0,0.0,0.0,0.0,0.0,0,48
2024-25,37,365,594,Noussair Mazraoui,DEF,Man Utd,14,6,0,2025-05-16T19:15:00Z,90,1,0,0,0,1,0,4,17.8,1.8,0.0,2.0,0.0,0.01,0.01,0.82,1,42
2024-25,37,364,595,Brajan Gruda,MID,Brighton,5,12,1,2025-05-19T19:00:00Z,72,6,0,1,0,2,1,29,30.8,59.4,43.0,13.3,0.14,0.53,0.67,2.03,1,54
2024-25,37,370,596,João Pedro Ferreira Silva,MID,Nott'm Forest,16,19,0,2025-05-18T13:15:00Z,1,1,0,0,0,0,0,3,4.0,0.0,5.0,0.9,0.08,0.0,0.08,0.01,0,59
2024-25,37,361,597,Myles Lewis-Skelly,MID,Arsenal,1,15,1,2025-05-18T15:30:00Z,90,3,0,0,1,0,0,18,12.6,22.9,7.0,4.3,0.04,0.03,0.07,1.86,1,45
2024-25,37,362,598,Lamare Bogarde,DEF,Aston Villa,2,18,1,2025-05-16T18:30:00Z,0,0,0,0,0,0,0,0,0.0,0.0,0.0,0.0,0.0,0.0,0.0,0.0,0,39
2024-25,37,369,599,Will Dennis,GK,Bournemouth,3,13,0,2025-05-20T19:00:00Z,0,0,0,0,0,0,0,0,0.0,0.0,0.0,0.0,0.0,0.0,0.0,0.0,0,39
2024-25,37,364,600,Yasin Ayari,MID,Brighton,5,12,1,2025-05-19T19:00:00Z,73,9,1,0,0,2,2,34,39.2,24.4,7.0,7.1,0.17,0.08,0.25,2.03,1,50
2024-25,37,364,601,Andrew Moran,MID,Brighton,5,12,1,2025-05-19T19:00:00Z,0,0,0,0,0,0,0,0,0.0,0.0,0.0,0.0,0.0,0.0,0.0,0.0,0,50
2024-25,37,363,602,Ryan Trevitt,MID,Brentford,4,9,1,2025-05-18T14:00:00Z,0,0,0,0,0,0,0,0,0.0,0.0,0.0,0.0,0.0,0.0,0.0,0.0,0,44
2024-25,37,367,603,Harrison Armstrong,MID,Everton,8,17,1,2025-05-18T11:00:00Z,0,0,0,0,0,0,0,0,0.0,0.0,0.0,0.0,0.0,0.0,0.0,0.0,0,44
2024-25,37,363,604,Josh King,MID,Fulham,9,4,0,2025-05-18T14:00:00Z,24,1,0,0,0,0,0,4,2.8,2.3,0.0,0.5,0.0,0.01,0.01,0.26,0,44
2024-25,37,363,605,Martial Godo,MID,Fulham,9,4,0,2025-05-18T14:00:00Z,0,0,0,0,0,0,0,0,0.0,0.0,0.0,0.0,0.0,0.0,0.0,0.0,0,44
2024-25,37,368,606,Will Alves,MID,Leicester,11,10,1,2025-05-18T14:00:00Z,0,0,0,0,0,0,0,0,0.0,0.0,0.0,0.0,0.0,0.0,0.0,0.0,0,44
2024-25,37,369,607,Nico O'Reilly,MID,Man City,13,3,1,2025-05-20T19:00:00Z,0,0,0,0,0,0,0,0,0.0,0.0,0.0,0.0,0.0,0.0,0.0,0.0,0,49
2024-25,37,367,608,Tyler Dibling,MID,Southampton,17,8,0,2025-05-18T11:00:00Z,67,2,0,0,0,2,0,1,0.0,2.8,0.0,0.2,0.0,0.01,0.01,2.73,1,43
2024-25,37,362,609,Will Lankshear,FWD,Spurs,18,2,0,2025-05-16T18:30:00Z,0,0,0,0,0,0,0,0,0.0,0.0,0.0,0.0,0.0,0.0,0.0,0.0,0,45
2024-25,37,362,610,Mikey Moore,MID,Spurs,18,2,0,2025-05-16T18:30:00Z,86,2,0,0,0,2,0,6,5.4,1.0,0.0,0.6,0.0,0.0,0.0,1.33,1,45
2024-25,37,368,611,Sam Szmodics,MID,Ipswich,10,11,0,2025-05-18T14:00:00Z,0,0,0,0,0,0,0,0,0.0,0.0,0.0,0.0,0.0,0.0,0.0,0.0,0,57
2024-25,37,362,612,Wilson Odobert,MID,Spurs,18,2,0,2025-05-16T18:30:00Z,86,2,0,0,0,2,0,5,9.8,10.8,17.0,3.8,0.41,0.03,0.44,1.33,1,53
2024-25,37,365,613,Toby Collyer,MID,Man Utd,14,6,0,2025-05-16T19:15:00Z,0,0,0,0,0,0,0,0,0.0,0.0,0.0,0.0,0.0,0.0,0.0,0.0,0,45
2024-25,37,367,614,Jenson Metcalfe,MID,Everton,8,17,1,2025-05-18T11:00:00Z,0,0,0,0,0,0,0,0,0.0,0.0,0.0,0.0,0.0,0.0,0.0,0.0,0,45
2024-25,37,364,615,Carl Rushworth,GK,Brighton,5,12,1,2025-05-19T19:00:00Z,0,0,0,0,0,0,0,0,0.0,0.0,0.0,0.0,0.0,0.0,0.0,0.0,0,39
2024-25,37,368,616,Ben Nelson,DEF,Leicester,11,10,1,2025-05-18T14:00:00Z,0,0,0,0,0,0,0,0,0.0,0.0,0.0,0.0,0.0,0.0,0.0,0.0,0,40
2024-25,37,369,617,Francisco Evanilson de Lima Barbosa,FWD,Bournemouth,3,13,0,2025-05-20T19:00:00Z,82,2,0,0,0,2,0,4,0.6,21.3,8.0,3.0,0.42,0.02,0.44,1.51,1,58
2024-25,37,364,618,Georginio Rutter,MID,Brighton,5,12,1,2025-05-19T19:00:00Z,0,0,0,0,0,0,0,0,0.0,0.0,0.0,0.0,0.0,0.0,0.0,0.0,0,50
2024-25,37,368,619,Jens Cajuste,MID,Ipswich,10,11,0,2025-05-18T14:00:00Z,70,2,0,0,0,2,0,11,4.8,16.8,13.0,3.5,0.17,0.08,0.25,0.74,1,45
2024-25,37,370,620,Ramón Sosa,MID,Nott'm Forest,16,19,0,2025-05-18T13:15:00Z,0,0,0,0,0,0,0,0,0.0,0.0,0.0,0.0,0.0,0.0,0.0,0.0,0,55
2024-25,37,365,621,João Félix Sequeira,MID,Chelsea,6,14,1,2025-05-16T19:15:00Z,0,0,0,0,0,0,0,0,0.0,0.0,0.0,0.0,0.0,0.0,0.0,0.0,0,59
2024-25,37,363,622,Sander Berge,MID,Fulham,9,4,0,2025-05-18T14:00:00Z,45,1,0,0,0,2,0,9,7.4,1.4,0.0,0.9,0.0,0.01,0.01,2.61,1,50
2024-25,37,367,623,Mateus Gonçalo Espanha Fernandes,MID,Southampton,17,8,0,2025-05-18T11:00:00Z,90,2,0,0,0,2,0,8,10.0,7.8,1.0,1.9,0.03,0.12,0.15,2.73,1,50
2024-25,37,367,624,Asmir Begovic,GK,Everton,8,17,1,2025-05-18T11:00:00Z,0,0,0,0,0,0,0,0,0.0,0.0,0.0,0.0,0.0,0.0,0.0,0.0,0,40
2024-25,37,369,625,Ilkay Gündogan,MID,Man City,13,3,1,2025-05-20T19:00:00Z,90,6,0,1,1,0,0,27,25.8,21.7,11.0,5.9,0.01,0.09,0.1,0.78,1,63
2024-25,37,369,626,Issa Kaboré,DEF,Man City,13,3,1,2025-05-20T19:00:00Z,0,0,0,0,0,0,0,0,0.0,0.0,0.0,0.0,0.0,0.0,0.0,0.0,0,45
2024-25,37,367,627,Roman Dixon,DEF,Everton,8,17,1,2025-05-18T11:00:00Z,0,0,0,0,0,0,0,0,0.0,0.0,0.0,0.0,0.0,0.0,0.0,0.0,0,39
2024-25,37,364,628,Ferdi Kadioglu,DEF,Brighton,5,12,1,2025-05-19T19:00:00Z,0,0,0,0,0,0,0,0,0.0,0.0,0.0,0.0,0.0,0.0,0.0,0.0,0,44
2024-25,37,364,629,Matt O'Riley,MID,Brighton,5,12,1,2025-05-19T19:00:00Z,17,4,0,1,0,0,0,15,18.6,15.0,8.0,4.2,0.0,0.41,0.41,0.21,0,55
2024-25,37,368,630,Dara O'Shea,DEF,Ipswich,10,11,0,2025-05-18T14:00:00Z,90,1,0,0,0,2,0,6,14.6,0.9,12.0,2.8,0.11,0.0,0.11,0.8,1,39
2024-25,37,368,631,Jack Clarke,MID,Ipswich,10,11,0,2025-05-18T14:00:00Z,70,2,0,0,0,2,0,7,6.2,24.1,9.0,3.9,0.1,0.05,0.15,0.74,1,54
2024-25,37,368,632,Chiedozie Ogbene,MID,Ipswich,10,11,0,2025-05-18T14:00:00Z,0,0,0,0,0,0,0,0,0.0,0.0,0.0,0.0,0.0,0.0,0.0,0.0,0,48
2024-25,37,361,633,Mikel Merino,MID,Arsenal,1,15,1,2025-05-18T15:30:00Z,0,0,0,0,0,0,0,0,0.0,0.0,0.0,0.0,0.0,0.0,0.0,0.0,0,60
2024-25,37,363,634,Gustavo Nunes Fernandes Gomes,MID,Brentford,4,9,1,2025-05-18T14:00:00Z,0,0,0,0,0,0,0,0,0.0,0.0,0.0,0.0,0.0,0.0,0.0,0.0,0,49
2024-25,37,368,635,Bilal El Khannouss,MID,Leicester,11,10,1,2025-05-18T14:00:00Z,90,3,0,0,1,0,0,17,16.6,47.5,8.0,7.2,0.04,0.09,0.13,1.41,1,48
2024-25,37,364,636,Federico Chiesa,MID,Liverpool,12,5,0,2025-05-19T19:00:00Z,62,2,0,0,0,1,0,6,5.6,20.8,2.0,2.8,0.09,0.06,0.15,1.01,1,68
2024-25,37,366,637,Bastien Meupiyou,DEF,Wolves,20,7,0,2025-05-20T19:00:00Z,0,0,0,0,0,0,0,0,0.0,0.0,0.0,0.0,0.0,0.0,0.0,0.0,0,39
2024-25,37,361,638,Salah-Eddine Oulad M'hand,MID,Arsenal,1,15,1,2025-05-18T15:30:00Z,0,0,0,0,0,0,0,0,0.0,0.0,0.0,0.0,0.0,0.0,0.0,0.0,0,45
2024-25,37,361,639,Tommy Setford,GK,Arsenal,1,15,1,2025-05-18T15:30:00Z,0,0,0,0,0,0,0,0,0.0,0.0,0.0,0.0,0.0,0.0,0.0,0.0,0,45
2024-25,37,362,640,Sil Swinkels,DEF,Aston Villa,2,18,1,2025-05-16T18:30:00Z,0,0,0,0,0,0,0,0,0.0,0.0,0.0,0.0,0.0,0.0,0.0,0.0,0,40
2024-25,37,362,641,Oliwier Zych,GK,Aston Villa,2,18,1,2025-05-16T18:30:00Z,0,0,0,0,0,0,0,0,0.0,0.0,0.0,0.0,0.0,0.0,0.0,0.0,0,40
2024-25,37,366,642,André Trindade da Costa Neto,MID,Wolves,20,7,0,2025-05-20T19:00:00Z,45,1,0,0,0,2,0,6,4.0,3.5,0.0,0.8,0.0,0.01,0.01,1.1,1,50
2024-25,37,370,643,Kaelan Casey,DEF,West Ham,19,16,1,2025-05-18T13:15:00Z,0,0,0,0,0,0,0,0,0.0,0.0,0.0,0.0,0.0,0.0,0.0,0.0,0,40
2024-25,37,366,644,Franco Umeh-Chibueze,MID,Crystal Palace,7,20,1,2025-05-20T19:00:00Z,0,0,0,0,0,0,0,0,0.0,0.0,0.0,0.0,0.0,0.0,0.0,0.0,0,44
2024-25,37,366,645,Justin Devenny,MID,Crystal Palace,7,20,1,2025-05-20T19:00:00Z,45,4,0,1,0,1,0,15,26.2,10.7,7.0,4.4,0.04,0.01,0.05,0.83,0,45
2024-25,37,366,646,Asher Agbinone,MID,Crystal Palace,7,20,1,2025-05-20T19:00:00Z,0,0,0,0,0,0,0,0,0.0,0.0,0.0,0.0,0.0,0.0,0.0,0.0,0,45
2024-25,37,366,647,Kaden Rodney,MID,Crystal Palace,7,20,1,2025-05-20T19:00:00Z,0,0,0,0,0,0,0,0,0.0,0.0,0.0,0.0,0.0,0.0,0.0,0.0,0,45
2024-25,37,365,648,Ethan Wheatley,FWD,Man Utd,14,6,0,2025-05-16T19:15:00Z,0,0,0,0,0,0,0,0,0.0,0.0,0.0,0.0,0.0,0.0,0.0,0.0,0,45
2024-25,37,363,649,Jayden Meghoma,DEF,Brentford,4,9,1,2025-05-18T14:00:00Z,0,0,0,0,0,0,0,0,0.0,0.0,0.0,0.0,0.0,0.0,0.0,0.0,0,40
2024-25,37,366,650,Maxence Lacroix,DEF,Crystal Palace,7,20,1,2025-05-20T19:00:00Z,90,1,0,0,0,2,0,5,14.0,0.2,0.0,1.4,0.0,0.0,0.0,1.52,1,45
2024-25,37,367,651,Orel Mangala,MID,Everton,8,17,1,2025-05-18T11:00:00Z,0,0,0,0,0,0,0,0,0.0,0.0,0.0,0.0,0.0,0.0,0.0,0.0,0,50
2024-25,37,365,652,Manuel Ugarte,MID,Man Utd,14,6,0,2025-05-16T19:15:00Z,20,0,0,0,0,1,0,2,1.4,1.5,0.0,0.3,0.0,0.01,0.01,0.26,0,49
2024-25,37,370,653,Felipe Rodrigues da Silva,DEF,Nott'm Forest,16,19,0,2025-05-18T13:15:00Z,7,0,0,0,0,1,0,-1,8.8,0.3,0.0,0.9,0.0,0.0,0.0,0.18,0,45
2024-25,37,370,654,Carlos Soler,MID,West Ham,19,16,1,2025-05-18T13:15:00Z,31,0,0,0,0,1,0,5,12.2,46.5,21.0,8.0,0.12,0.63,0.75,0.55,0,50
2024-25,37,366,655,Carlos Roberto Forbs Borges,MID,Wolves,20,7,0,2025-05-20T19:00:00Z,0,0,0,0,0,0,0,0,0.0,0.0,0.0,0.0,0.0,0.0,0.0,0.0,0,54
2024-25,37,362,656,Kadan Young,MID,Aston Villa,2,18,1,2025-05-16T18:30:00Z,0,0,0,0,0,0,0,0,0.0,0.0,0.0,0.0,0.0,0.0,0.0,0.0,0,44
2024-25,37,361,657,Maldini Kacurri,DEF,Arsenal,1,15,1,2025-05-18T15:30:00Z,0,0,0,0,0,0,0,0,0.0,0.0,0.0,0.0,0.0,0.0,0.0,0.0,0,40
2024-25,37,365,658,Ayden Heaven,DEF,Man Utd,14,6,0,2025-05-16T19:15:00Z,9,0,0,0,0,0,0,-3,0.0,0.0,0.0,0.0,0.0,0.0,0.0,0.0,0,40
2024-25,37,361,659,Ismeal Kabia,MID,Arsenal,1,15,1,2025-05-18T15:30:00Z,0,0,0,0,0,0,0,0,0.0,0.0,0.0,0.0,0.0,0.0,0.0,0.0,0,45
2024-25,37,364,660,Vítezslav Jaros,GK,Liverpool,12,5,0,2025-05-19T19:00:00Z,0,0,0,0,0,0,0,0,0.0,0.0,0.0,0.0,0.0,0.0,0.0,0.0,0,40
2024-25,37,363,661,Tony Yogane,MID,Brentford,4,9,1,2025-05-18T14:00:00Z,0,0,0,0,0,0,0,0,0.0,0.0,0.0,0.0,0.0,0.0,0.0,0.0,0,45
2024-25,37,361,662,Josh Nichols,DEF,Arsenal,1,15,1,2025-05-18T15:30:00Z,0,0,0,0,0,0,0,0,0.0,0.0,0.0,0.0,0.0,0.0,0.0,0.0,0,40
2024-25,37,364,663,Imari Samuels,DEF,Brighton,5,12,1,2025-05-19T19:00:00Z,0,0,0,0,0,0,0,0,0.0,0.0,0.0,0.0,0.0,0.0,0.0,0.0,0,40
2024-25,37,366,664,Alfie Pond,DEF,Wolves,20,7,0,2025-05-20T19:00:00Z,0,0,0,0,0,0,0,0,0.0,0.0,0.0,0.0,0.0,0.0,0.0,0.0,0,39
2024-25,37,361,665,Nathan Butler-Oyedeji,FWD,Arsenal,1,15,1,2025-05-18T15:30:00Z,0,0,0,0,0,0,0,0,0.0,0.0,0.0,0.0,0.0,0.0,0.0,0.0,0,45
2024-25,37,366,666,Caleb Kporha,DEF,Crystal Palace,7,20,1,2025-05-20T19:00:00Z,0,0,0,0,0,0,0,0,0.0,0.0,0.0,0.0,0.0,0.0,0.0,0.0,0,40
2024-25,37,365,667,Jack Fletcher,MID,Man Utd,14,6,0,2025-05-16T19:15:00Z,0,0,0,0,0,0,0,0,0.0,0.0,0.0,0.0,0.0,0.0,0.0,0.0,0,45
2024-25,37,364,668,Killian Cahill,GK,Brighton,5,12,1,2025-05-19T19:00:00Z,0,0,0,0,0,0,0,0,0.0,0.0,0.0,0.0,0.0,0.0,0.0,0.0,0,39
2024-25,37,364,669,Harvey Davies,GK,Liverpool,12,5,0,2025-05-19T19:00:00Z,0,0,0,0,0,0,0,0,0.0,0.0,0.0,0.0,0.0,0.0,0.0,0.0,0,40
2024-25,37,365,670,Harry Amass,DEF,Man Utd,14,6,0,2025-05-16T19:15:00Z,0,0,0,0,0,0,0,0,0.0,0.0,0.0,0.0,0.0,0.0,0.0,0.0,0,40
2024-25,37,369,671,Jacob Wright,MID,Man City,13,3,1,2025-05-20T19:00:00Z,0,0,0,0,0,0,0,0,0.0,0.0,0.0,0.0,0.0,0.0,0.0,0.0,0,45
2024-25,37,369,672,Jahmai Simpson-Pusey,DEF,Man City,13,3,1,2025-05-20T19:00:00Z,0,0,0,0,0,0,0,0,0.0,0.0,0.0,0.0,0.0,0.0,0.0,0.0,0,40
2024-25,37,365,673,Jayce Fitzgerald,MID,Man Utd,14,6,0,2025-05-16T19:15:00Z,0,0,0,0,0,0,0,0,0.0,0.0,0.0,0.0,0.0,0.0,0.0,0.0,0,45
2024-25,37,363,674,Paris Maghoma,MID,Brentford,4,9,1,2025-05-18T14:00:00Z,0,0,0,0,0,0,0,0,0.0,0.0,0.0,0.0,0.0,0.0,0.0,0.0,0,45
2024-25,37,369,675,Josh Wilson-Esbrand,DEF,Man City,13,3,1,2025-05-20T19:00:00Z,0,0,0,0,0,0,0,0,0.0,0.0,0.0,0.0,0.0,0.0,0.0,0.0,0,40
2024-25,37,366,676,Zach Marsh,FWD,Crystal Palace,7,20,1,2025-05-20T19:00:00Z,0,0,0,0,0,0,0,0,0.0,0.0,0.0,0.0,0.0,0.0,0.0,0.0,0,45
2024-25,37,370,677,Ollie Scarles,DEF,West Ham,19,16,1,2025-05-18T13:15:00Z,0,0,0,0,0,0,0,0,0.0,0.0,0.0,0.0,0.0,0.0,0.0,0.0,0,40
2024-25,37,367,678,Callum Bates,MID,Everton,8,17,1,2025-05-18T11:00:00Z,0,0,0,0,0,0,0,0,0.0,0.0,0.0,0.0,0.0,0.0,0.0,0.0,0,45
2024-25,37,362,679,Ben Broggio,MID,Aston Villa,2,18,1,2025-05-16T18:30:00Z,0,0,0,0,0,0,0,0,0.0,0.0,0.0,0.0,0.0,0.0,0.0,0.0,0,45
2024-25,37,369,680,Max Kinsey,DEF,Bournemouth,3,13,0,2025-05-20T19:00:00Z,0,0,0,0,0,0,0,0,0.0,0.0,0.0,0.0,0.0,0.0,0.0,0.0,0,40
2024-25,37,364,681,Ruairi McConville,DEF,Brighton,5,12,1,2025-05-19T19:00:00Z,0,0,0,0,0,0,0,0,0.0,0.0,0.0,0.0,0.0,0.0,0.0,0.0,0,40
2024-25,37,366,682,Tom Edozie,MID,Wolves,20,7,0,2025-05-20T19:00:00Z,0,0,0,0,0,0,0,0,0.0,0.0,0.0,0.0,0.0,0.0,0.0,0.0,0,45
2024-25,37,362,683,Callum Olusesi,MID,Spurs,18,2,0,2025-05-16T18:30:00Z,0,0,0,0,0,0,0,0,0.0,0.0,0.0,0.0,0.0,0.0,0.0,0.0,0,45
2024-25,37,362,684,Malachi Hardy,DEF,Spurs,18,2,0,2025-05-16T18:30:00Z,0,0,0,0,0,0,0,0,0.0,0.0,0.0,0.0,0.0,0.0,0.0,0.0,0,40
2024-25,37,364,685,Jacob Slater,DEF,Brighton,5,12,1,2025-05-19T19:00:00Z,0,0,0,0,0,0,0,0,0.0,0.0,0.0,0.0,0.0,0.0,0.0,0.0,0,40
2024-25,37,370,686,Ezra Mayers,DEF,West Ham,19,16,1,2025-05-18T13:15:00Z,0,0,0,0,0,0,0,0,0.0,0.0,0.0,0.0,0.0,0.0,0.0,0.0,0,40
2024-25,37,369,687,Ben Winterburn,MID,Bournemouth,3,13,0,2025-05-20T19:00:00Z,0,0,0,0,0,0,0,0,0.0,0.0,0.0,0.0,0.0,0.0,0.0,0.0,0,45
2024-25,37,364,688,Treymaurice Nyoni,MID,Liverpool,12,5,0,2025-05-19T19:00:00Z,0,0,0,0,0,0,0,0,0.0,0.0,0.0,0.0,0.0,0.0,0.0,0.0,0,45
2024-25,37,362,689,Luca Williams-Barnett,MID,Spurs,18,2,0,2025-05-16T18:30:00Z,0,0,0,0,0,0,0,0,0.0,0.0,0.0,0.0,0.0,0.0,0.0,0.0,0,45
2024-25,37,363,690,Samuel Amissah,DEF,Fulham,9,4,0,2025-05-18T14:00:00Z,0,0,0,0,0,0,0,0,0.0,0.0,0.0,0.0,0.0,0.0,0.0,0.0,0,40
2024-25,37,365,691,Godwill Kukonki,DEF,Man Utd,14,6,0,2025-05-16T19:15:00Z,0,0,0,0,0,0,0,0,0.0,0.0,0.0,0.0,0.0,0.0,0.0,0.0,0,40
2024-25,37,364,692,Amara Nallo,DEF,Liverpool,12,5,0,2025-05-19T19:00:00Z,0,0,0,0,0,0,0,0,0.0,0.0,0.0,0.0,0.0,0.0,0.0,0.0,0,40
2024-25,37,367,693,Joseph O'Brien-Whitmarsh,MID,Southampton,17,8,0,2025-05-18T11:00:00Z,0,0,0,0,0,0,0,0,0.0,0.0,0.0,0.0,0.0,0.0,0.0,0.0,0,45
2024-25,37,368,694,Henry Cartwright,MID,Leicester,11,10,1,2025-05-18T14:00:00Z,0,0,0,0,0,0,0,0,0.0,0.0,0.0,0.0,0.0,0.0,0.0,0.0,0,45
2024-25,37,365,695,Samuel Rak-Sakyi,MID,Chelsea,6,14,1,2025-05-16T19:15:00Z,0,0,0,0,0,0,0,0,0.0,0.0,0.0,0.0,0.0,0.0,0.0,0.0,0,45
2024-25,37,365,696,Tyrique George,MID,Chelsea,6,14,1,2025-05-16T19:15:00Z,80,3,0,0,1,0,0,4,1.4,10.5,2.0,1.4,0.0,0.0,0.0,0.29,1,45
2024-25,37,365,697,Josh Acheampong,DEF,Chelsea,6,14,1,2025-05-16T19:15:00Z,0,0,0,0,0,0,0,0,0.0,0.0,0.0,0.0,0.0,0.0,0.0,0.0,0,40
2024-25,37,369,698,Divin Mubama,FWD,Man City,13,3,1,2025-05-20T19:00:00Z,0,0,0,0,0,0,0,0,0.0,0.0,0.0,0.0,0.0,0.0,0.0,0.0,0,45
2024-25,37,362,699,Alfie Dorrington,DEF,Spurs,18,2,0,2025-05-16T18:30:00Z,0,0,0,0,0,0,0,0,0.0,0.0,0.0,0.0,0.0,0.0,0.0,0.0,0,40
2024-25,37,362,700,Maeson King,DEF,Spurs,18,2,0,2025-05-16T18:30:00Z,0,0,0,0,0,0,0,0,0.0,0.0,0.0,0.0,0.0,0.0,0.0,0.0,0,40
2024-25,37,370,701,Lewis Orford,MID,West Ham,19,16,1,2025-05-18T13:15:00Z,0,0,0,0,0,0,0,0,0.0,0.0,0.0,0.0,0.0,0.0,0.0,0.0,0,45
2024-25,37,369,702,Archie Harris,DEF,Bournemouth,3,13,0,2025-05-20T19:00:00Z,0,0,0,0,0,0,0,0,0.0,0.0,0.0,0.0,0.0,0.0,0.0,0.0,0,40
2024-25,37,369,703,Max Alleyne,DEF,Man City,13,3,1,2025-05-20T19:00:00Z,0,0,0,0,0,0,0,0,0.0,0.0,0.0,0.0,0.0,0.0,0.0,0.0,0,40
2024-25,37,369,704,Spike Brits,GK,Man City,13,3,1,2025-05-20T19:00:00Z,0,0,0,0,0,0,0,0,0.0,0.0,0.0,0.0,0.0,0.0,0.0,0.0,0,40
2024-25,37,363,705,Benjamin Arthur,DEF,Brentford,4,9,1,2025-05-18T14:00:00Z,0,0,0,0,0,0,0,0,0.0,0.0,0.0,0.0,0.0,0.0,0.0,0.0,0,40
2024-25,37,370,706,Zach Abbott,DEF,Nott'm Forest,16,19,0,2025-05-18T13:15:00Z,0,0,0,0,0,0,0,0,0.0,0.0,0.0,0.0,0.0,0.0,0.0,0.0,0,40
2024-25,37,369,707,Remy Rees-Dottin,FWD,Bournemouth,3,13,0,2025-05-20T19:00:00Z,0,0,0,0,0,0,0,0,0.0,0.0,0.0,0.0,0.0,0.0,0.0,0.0,0,45
2024-25,37,368,708,Thomas Wilson-Brown,DEF,Leicester,11,10,1,2025-05-18T14:00:00Z,0,0,0,0,0,0,0,0,0.0,0.0,0.0,0.0,0.0,0.0,0.0,0.0,0,40
2024-25,37,364,709,Jayden Danns,FWD,Liverpool,12,5,0,2025-05-19T19:00:00Z,0,0,0,0,0,0,0,0,0.0,0.0,0.0,0.0,0.0,0.0,0.0,0.0,0,45
2024-25,37,362,710,Jamaldeen Jimoh,MID,Aston Villa,2,18,1,2025-05-16T18:30:00Z,0,0,0,0,0,0,0,0,0.0,0.0,0.0,0.0,0.0,0.0,0.0,0.0,0,45
2024-25,37,366,711,Wes Okoduwa,DEF,Wolves,20,7,0,2025-05-20T19:00:00Z,0,0,0,0,0,0,0,0,0.0,0.0,0.0,0.0,0.0,0.0,0.0,0.0,0,40
2024-25,37,369,712,Matai Akinmboni,DEF,Bournemouth,3,13,0,2025-05-20T19:00:00Z,0,0,0,0,0,0,0,0,0.0,0.0,0.0,0.0,0.0,0.0,0.0,0.0,0,40
2024-25,37,369,713,Julio Soler,DEF,Bournemouth,3,13,0,2025-05-20T19:00:00Z,7,1,0,0,0,1,0,-1,0.2,1.8,0.0,0.2,0.0,0.0,0.0,0.08,0,39
2024-25,37,364,714,Diego Gómez,MID,Brighton,5,12,1,2025-05-19T19:00:00Z,16,1,0,0,0,0,0,5,8.4,1.1,2.0,1.2,0.0,0.06,0.06,0.21,0,55
2024-25,37,368,715,Ben Godfrey,DEF,Ipswich,10,11,0,2025-05-18T14:00:00Z,0,0,0,0,0,0,0,0,0.0,0.0,0.0,0.0,0.0,0.0,0.0,0.0,0,40
2024-25,37,362,716,Antonín Kinsky,GK,Spurs,18,2,0,2025-05-16T18:30:00Z,90,2,0,0,0,2,0,14,40.4,0.0,0.0,4.0,0.0,0.0,0.0,1.39,1,41
2024-25,37,362,717,Min-Hyeok Yang,MID,Spurs,18,2,0,2025-05-16T18:30:00Z,0,0,0,0,0,0,0,0,0.0,0.0,0.0,0.0,0.0,0.0,0.0,0.0,0,45
2024-25,37,367,718,Welington Damascena Santos,DEF,Southampton,17,8,0,2025-05-18T11:00:00Z,90,1,0,0,0,2,0,10,22.2,3.3,0.0,2.6,0.0,0.01,0.01,2.73,1,40
2024-25,37,367,719,Joachim Kayi-Sanda,DEF,Southampton,17,8,0,2025-05-18T11:00:00Z,8,1,0,0,0,0,0,4,2.8,0.0,2.0,0.5,0.0,0.0,0.0,0.0,0,40
2024-25,37,366,720,Emmanuel Agbadou,DEF,Wolves,20,7,0,2025-05-20T19:00:00Z,90,5,1,0,0,4,0,6,44.4,1.4,35.0,8.1,0.61,0.02,0.63,1.69,1,40
2024-25,37,370,721,Wayne Hennessey,GK,Nott'm Forest,16,19,0,2025-05-18T13:15:00Z,0,0,0,0,0,0,0,0,0.0,0.0,0.0,0.0,0.0,0.0,0.0,0.0,0,40
2024-25,37,369,722,Daniel Adu-Adjei,FWD,Bournemouth,3,13,0,2025-05-20T19:00:00Z,0,0,0,0,0,0,0,0,0.0,0.0,0.0,0.0,0.0,0.0,0.0,0.0,0,45
2024-25,37,369,723,Dominic Sadi,MID,Bournemouth,3,13,0,2025-05-20T19:00:00Z,0,0,0,0,0,0,0,0,0.0,0.0,0.0,0.0,0.0,0.0,0.0,0.0,0,45
2024-25,37,367,724,Martin Sherif,FWD,Everton,8,17,1,2025-05-18T11:00:00Z,0,0,0,0,0,0,0,0,0.0,0.0,0.0,0.0,0.0,0.0,0.0,0.0,0,45
2024-25,37,362,725,Donyell Malen,MID,Aston Villa,2,18,1,2025-05-16T18:30:00Z,4,1,0,0,0,0,0,2,0.2,0.5,2.0,0.3,0.0,0.0,0.0,0.0,0,53
2024-25,37,368,726,Woyo Coulibaly,DEF,Leicester,11,10,1,2025-05-18T14:00:00Z,0,0,0,0,0,0,0,0,0.0,0.0,0.0,0.0,0.0,0.0,0.0,0.0,0,40
2024-25,37,369,727,Callan McKenna,GK,Bournemouth,3,13,0,2025-05-20T19:00:00Z,0,0,0,0,0,0,0,0,0.0,0.0,0.0,0.0,0.0,0.0,0.0,0.0,0,40
2024-25,37,369,728,Zain Silcott-Duberry,MID,Bournemouth,3,13,0,2025-05-20T19:00:00Z,0,0,0,0,0,0,0,0,0.0,0.0,0.0,0.0,0.0,0.0,0.0,0.0,0,45
2024-25,37,362,729,Damola Ajayi,MID,Spurs,18,2,0,2025-05-16T18:30:00Z,0,0,0,0,0,0,0,0,0.0,0.0,0.0,0.0,0.0,0.0,0.0,0.0,0,45
2024-25,37,366,730,Romain Esse,MID,Crystal Palace,7,20,1,2025-05-20T19:00:00Z,80,9,0,2,0,2,1,33,32.4,23.8,0.0,5.6,0.0,0.28,0.28,1.35,1,47
2024-25,37,362,731,Andrés García,DEF,Aston Villa,2,18,1,2025-05-16T18:30:00Z,0,0,0,0,0,0,0,0,0.0,0.0,0.0,0.0,0.0,0.0,0.0,0.0,0,45
2024-25,37,369,732,Abdukodir Khusanov,DEF,Man City,13,3,1,2025-05-20T19:00:00Z,0,0,0,0,0,0,0,0,0.0,0.0,0.0,0.0,0.0,0.0,0.0,0.0,0,50
2024-25,37,369,733,Vitor de Oliveira Nunes dos Reis,DEF,Man City,13,3,1,2025-05-20T19:00:00Z,0,0,0,0,0,0,0,0,0.0,0.0,0.0,0.0,0.0,0.0,0.0,0.0,0,45
2024-25,37,367,734,Albert Grønbæk,MID,Southampton,17,8,0,2025-05-18T11:00:00Z,0,0,0,0,0,0,0,0,0.0,0.0,0.0,0.0,0.0,0.0,0.0,0.0,0,49
2024-25,37,361,735,Mikel Arteta,AM,Arsenal,1,15,1,2025-05-18T15:30:00Z,0,9,0,0,0,0,0,0,0.0,0.0,0.0,0.0,0.0,0.0,0.0,0.0,0,15
2024-25,37,369,736,Pep Guardiola,AM,Man City,13,3,1,2025-05-20T19:00:00Z,0,9,0,0,0,0,0,0,0.0,0.0,0.0,0.0,0.0,0.0,0.0,0.0,0,15
2024-25,37,362,737,Unai Emery,AM,Aston Villa,2,18,1,2025-05-16T18:30:00Z,0,10,0,0,0,0,0,0,0.0,0.0,0.0,0.0,0.0,0.0,0.0,0.0,0,8
2024-25,37,369,738,Andoni Iraola,AM,Bournemouth,3,13,0,2025-05-20T19:00:00Z,0,1,0,0,0,0,0,0,0.0,0.0,0.0,0.0,0.0,0.0,0.0,0.0,0,11
2024-25,37,364,739,Fabian Hürzeler,AM,Brighton,5,12,1,2025-05-19T19:00:00Z,0,19,0,0,0,0,0,0,0.0,0.0,0.0,0.0,0.0,0.0,0.0,0.0,0,11
2024-25,37,365,740,Enzo Maresca,AM,Chelsea,6,14,1,2025-05-16T19:15:00Z,0,9,0,0,0,0,0,0,0.0,0.0,0.0,0.0,0.0,0.0,0.0,0.0,0,15
2024-25,37,366,741,Oliver Glasner,AM,Crystal Palace,7,20,1,2025-05-20T19:00:00Z,0,10,0,0,0,0,0,0,0.0,0.0,0.0,0.0,0.0,0.0,0.0,0.0,0,8
2024-25,37,367,742,David Moyes,AM,Everton,8,17,1,2025-05-18T11:00:00Z,0,10,0,0,0,0,0,0,0.0,0.0,0.0,0.0,0.0,0.0,0.0,0.0,0,5
2024-25,37,368,743,Kieran McKenna,AM,Ipswich,10,11,0,2025-05-18T14:00:00Z,0,0,0,0,0,0,0,0,0.0,0.0,0.0,0.0,0.0,0.0,0.0,0.0,0,5
2024-25,37,364,744,Arne Slot,AM,Liverpool,12,5,0,2025-05-19T19:00:00Z,0,2,0,0,0,0,0,0,0.0,0.0,0.0,0.0,0.0,0.0,0.0,0.0,0,15
2024-25,37,365,745,Ruben Filipe Marques Diogo Amorim,AM,Man Utd,14,6,0,2025-05-16T19:15:00Z,0,0,0,0,0,0,0,0,0.0,0.0,0.0,0.0,0.0,0.0,0.0,0.0,0,8
2024-25,37,361,746,Eddie Howe,AM,Newcastle,15,1,0,2025-05-18T15:30:00Z,0,0,0,0,0,0,0,0,0.0,0.0,0.0,0.0,0.0,0.0,0.0,0.0,0,15
2024-25,37,370,747,Nuno Herlander Simões Espírito Santo,AM,Nott'm Forest,16,19,0,2025-05-18T13:15:00Z,0,8,0,0,0,0,0,0,0.0,0.0,0.0,0.0,0.0,0.0,0.0,0.0,0,11
2024-25,37,367,748,Simon Rusk,AM,Southampton,17,8,0,2025-05-18T11:00:00Z,0,0,0,0,0,0,0,0,0.0,0.0,0.0,0.0,0.0,0.0,0.0,0.0,0,5
2024-25,37,362,749,Ange Postecoglou,AM,Spurs,18,2,0,2025-05-16T18:30:00Z,0,0,0,0,0,0,0,0,0.0,0.0,0.0,0.0,0.0,0.0,0.0,0.0,0,11
2024-25,37,370,750,Graham Potter,AM,West Ham,19,16,1,2025-05-18T13:15:00Z,0,1,0,0,0,0,0,0,0.0,0.0,0.0,0.0,0.0,0.0,0.0,0.0,0,5
2024-25,37,366,751,Vítor Manuel de Oliveira Lopes Pereira,AM,Wolves,20,7,0,2025-05-20T19:00:00Z,0,2,0,0,0,0,0,0,0.0,0.0,0.0,0.0,0.0,0.0,0.0,0.0,0,8
2024-25,37,363,752,Thomas Frank,AM,Brentford,4,9,1,2025-05-18T14:00:00Z,0,2,0,0,0,0,0,0,0.0,0.0,0.0,0.0,0.0,0.0,0.0,0.0,0,8
2024-25,37,363,753,Marco Alexandre Saraiva da Silva,AM,Fulham,9,4,0,2025-05-18T14:00:00Z,0,9,0,0,0,0,0,0,0.0,0.0,0.0,0.0,0.0,0.0,0.0,0.0,0,11
2024-25,37,368,754,Ruud van Nistelrooij,AM,Leicester,11,10,1,2025-05-18T14:00:00Z,0,10,0,0,0,0,0,0,0.0,0.0,0.0,0.0,0.0,0.0,0.0,0.0,0,5
2024-25,37,369,755,Omar Marmoush,FWD,Man City,13,3,1,2025-05-20T19:00:00Z,90,8,1,0,1,0,2,38,33.2,15.4,14.0,6.3,0.12,0.24,0.36,0.78,1,75
2024-25,37,361,756,Jack Porter,GK,Arsenal,1,15,1,2025-05-18T15:30:00Z,0,0,0,0,0,0,0,0,0.0,0.0,0.0,0.0,0.0,0.0,0.0,0.0,0,40
2024-25,37,363,757,Michael Kayode,DEF,Brentford,4,9,1,2025-05-18T14:00:00Z,62,2,0,0,0,1,0,3,8.2,15.0,0.0,2.3,0.0,0.01,0.01,0.77,1,45
2024-25,37,364,758,Joe Knight,MID,Brighton,5,12,1,2025-05-19T19:00:00Z,0,0,0,0,0,0,0,0,0.0,0.0,0.0,0.0,0.0,0.0,0.0,0.0,0,45
2024-25,37,363,759,Julian Eyestone,GK,Brentford,4,9,1,2025-05-18T14:00:00Z,0,0,0,0,0,0,0,0,0.0,0.0,0.0,0.0,0.0,0.0,0.0,0.0,0,40
2024-25,37,362,760,Dante Cassanova,DEF,Spurs,18,2,0,2025-05-16T18:30:00Z,0,0,0,0,0,0,0,0,0.0,0.0,0.0,0.0,0.0,0.0,0.0,0.0,0,40
2024-25,37,365,761,Elyh Harrison,GK,Man Utd,14,6,0,2025-05-16T19:15:00Z,0,0,0,0,0,0,0,0,0.0,0.0,0.0,0.0,0.0,0.0,0.0,0.0,0,40
2024-25,37,362,762,Marco Asensio,MID,Aston Villa,2,18,1,2025-05-16T18:30:00Z,90,3,0,0,1,0,0,17,14.6,30.2,22.0,6.7,0.17,0.16,0.33,0.51,1,61
2024-25,37,364,763,Eiran Cashin,DEF,Brighton,5,12,1,2025-05-19T19:00:00Z,0,0,0,0,0,0,0,0,0.0,0.0,0.0,0.0,0.0,0.0,0.0,0.0,0,45
2024-25,37,368,764,Alex Palmer,GK,Ipswich,10,11,0,2025-05-18T14:00:00Z,90,1,0,0,0,2,0,4,7.8,0.0,0.0,0.8,0.0,0.0,0.0,0.8,1,45
2024-25,37,369,765,Nico González,MID,Man City,13,3,1,2025-05-20T19:00:00Z,21,6,1,0,0,1,0,24,36.8,1.0,19.0,5.7,0.08,0.01,0.09,0.29,0,60
2024-25,37,365,766,Patrick Dorgu,DEF,Man Utd,14,6,0,2025-05-16T19:15:00Z,90,2,0,0,0,1,0,15,15.2,13.3,2.0,3.1,0.0,0.05,0.05,0.82,1,45
2024-25,37,362,767,Kevin Danso,DEF,Spurs,18,2,0,2025-05-16T18:30:00Z,90,1,0,0,0,2,0,9,26.2,0.8,0.0,2.7,0.0,0.0,0.0,1.39,1,44
2024-25,37,362,768,Mathys Tel,MID,Spurs,18,2,0,2025-05-16T18:30:00Z,90,1,0,0,0,2,0,3,3.8,11.6,4.0,1.9,0.0,0.15,0.15,1.39,1,58
2024-25,37,366,769,Nasser Djiga,DEF,Wolves,20,7,0,2025-05-20T19:00:00Z,45,0,0,0,0,2,0,0,2.0,0.9,0.0,0.3,0.0,0.01,0.01,1.1,1,45
2024-25,37,366,770,Marshall Munetsi,MID,Wolves,20,7,0,2025-05-20T19:00:00Z,23,1,0,0,0,1,0,3,2.2,1.6,4.0,0.8,0.04,0.01,0.05,0.56,0,50
2024-25,37,365,771,Mathis Amougou,MID,Chelsea,6,14,1,2025-05-16T19:15:00Z,0,0,0,0,0,0,0,0,0.0,0.0,0.0,0.0,0.0,0.0,0.0,0.0,0,45
2024-25,37,363,772,Willian Borges da Silva,MID,Fulham,9,4,0,2025-05-18T14:00:00Z,0,0,0,0,0,0,0,0,0.0,0.0,0.0,0.0,0.0,0.0,0.0,0.0,0,50
2024-25,37,367,773,Isaac Heath,MID,Everton,8,17,1,2025-05-18T11:00:00Z,0,0,0,0,0,0,0,0,0.0,0.0,0.0,0.0,0.0,0.0,0.0,0.0,0,45
2024-25,37,365,774,Aaron Anselmino,DEF,Chelsea,6,14,1,2025-05-16T19:15:00Z,0,0,0,0,0,0,0,0,0.0,0.0,0.0,0.0,0.0,0.0,0.0,0.0,0,40
2024-25,37,367,775,Coby Ebere,MID,Everton,8,17,1,2025-05-18T11:00:00Z,0,0,0,0,0,0,0,0,0.0,0.0,0.0,0.0,0.0,0.0,0.0,0.0,0,45
2024-25,37,365,776,Chido Obi-Martin,FWD,Man Utd,14,6,0,2025-05-16T19:15:00Z,0,0,0,0,0,0,0,0,0.0,0.0,0.0,0.0,0.0,0.0,0.0,0.0,0,45
2024-25,37,365,777,Tyler Fredricson,DEF,Man Utd,14,6,0,2025-05-16T19:15:00Z,0,0,0,0,0,0,0,0,0.0,0.0,0.0,0.0,0.0,0.0,0.0,0.0,0,40
2024-25,37,365,778,Jack Moorhouse,MID,Man Utd,14,6,0,2025-05-16T19:15:00Z,0,0,0,0,0,0,0,0,0.0,0.0,0.0,0.0,0.0,0.0,0.0,0.0,0,45
2024-25,37,365,779,Sékou Koné,MID,Man Utd,14,6,0,2025-05-16T19:15:00Z,0,0,0,0,0,0,0,0,0.0,0.0,0.0,0.0,0.0,0.0,0.0,0.0,0,45
2024-25,37,363,780,Iwan Morgan,FWD,Brentford,4,9,1,2025-05-18T14:00:00Z,0,0,0,0,0,0,0,0,0.0,0.0,0.0,0.0,0.0,0.0,0.0,0.0,0,45
2024-25,37,365,781,Shumaira Mheuka,FWD,Chelsea,6,14,1,2025-05-16T19:15:00Z,0,0,0,0,0,0,0,0,0.0,0.0,0.0,0.0,0.0,0.0,0.0,0.0,0,45
2024-25,37,365,782,Ishé Samuels-Smith,DEF,Chelsea,6,14,1,2025-05-16T19:15:00Z,0,0,0,0,0,0,0,0,0.0,0.0,0.0,0.0,0.0,0.0,0.0,0.0,0,40
2024-25,37,365,783,Hubert Graczyk,GK,Man Utd,14,6,0,2025-05-16T19:15:00Z,0,0,0,0,0,0,0,0,0.0,0.0,0.0,0.0,0.0,0.0,0.0,0.0,0,40
2024-25,37,366,784,Mateus Mané,FWD,Wolves,20,7,0,2025-05-20T19:00:00Z,0,0,0,0,0,0,0,0,0.0,0.0,0.0,0.0,0.0,0.0,0.0,0.0,0,45
2024-25,37,369,785,Claudio Echeverri,MID,Man City,13,3,1,2025-05-20T19:00:00Z,0,0,0,0,0,0,0,0,0.0,0.0,0.0,0.0,0.0,0.0,0.0,0.0,0,58
2024-25,37,363,786,Benjamin Fredrick,DEF,Brentford,4,9,1,2025-05-18T14:00:00Z,0,0,0,0,0,0,0,0,0.0,0.0,0.0,0.0,0.0,0.0,0.0,0.0,0,40
2024-25,37,365,787,Genesis Antwi,DEF,Chelsea,6,14,1,2025-05-16T19:15:00Z,0,0,0,0,0,0,0,0,0.0,0.0,0.0,0.0,0.0,0.0,0.0,0.0,0,40
2024-25,37,365,788,Dermot Mee,GK,Man Utd,14,6,0,2025-05-16T19:15:00Z,0,0,0,0,0,0,0,0,0.0,0.0,0.0,0.0,0.0,0.0,0.0,0.0,0,40
2024-25,37,361,789,Sean Neave,FWD,Newcastle,15,1,0,2025-05-18T15:30:00Z,0,0,0,0,0,0,0,0,0.0,0.0,0.0,0.0,0.0,0.0,0.0,0.0,0,45
2024-25,37,361,790,Jimi Gower,MID,Arsenal,1,15,1,2025-05-18T15:30:00Z,0,0,0,0,0,0,0,0,0.0,0.0,0.0,0.0,0.0,0.0,0.0,0.0,0,45
2024-25,37,364,791,Charlie Tasker,DEF,Brighton,5,12,1,2025-05-19T19:00:00Z,0,0,0,0,0,0,0,0,0.0,0.0,0.0,0.0,0.0,0.0,0.0,0.0,0,40
2024-25,37,368,792,Jeremy Monga,MID,Leicester,11,10,1,2025-05-18T14:00:00Z,26,1,0,0,0,0,0,5,2.4,1.0,7.0,1.0,0.02,0.01,0.03,0.42,0,45
2024-25,37,361,793,Jack Henry-Francis,MID,Arsenal,1,15,1,2025-05-18T15:30:00Z,0,0,0,0,0,0,0,0,0.0,0.0,0.0,0.0,0.0,0.0,0.0,0.0,0,45
2024-25,37,364,794,Freddie Simmonds,DEF,Brighton,5,12,1,2025-05-19T19:00:00Z,0,0,0,0,0,0,0,0,0.0,0.0,0.0,0.0,0.0,0.0,0.0,0.0,0,40
2024-25,37,364,795,Harry Howell,MID,Brighton,5,12,1,2025-05-19T19:00:00Z,6,1,0,0,0,0,0,5,2.0,0.9,6.0,0.9,0.0,0.05,0.05,0.0,0,45
2024-25,37,368,796,Olabade Aluko,DEF,Leicester,11,10,1,2025-05-18T14:00:00Z,0,0,0,0,0,0,0,0,0.0,0.0,0.0,0.0,0.0,0.0,0.0,0.0,0,40
2024-25,37,368,797,Jake Evans,MID,Leicester,11,10,1,2025-05-18T14:00:00Z,10,1,0,0,0,0,0,4,2.2,0.1,0.0,0.2,0.0,0.0,0.0,0.08,0,45
2024-25,37,367,798,Jay Robinson,FWD,Southampton,17,8,0,2025-05-18T11:00:00Z,22,1,0,0,0,0,0,3,6.4,11.2,4.0,2.2,0.0,0.52,0.52,0.0,0,44
2024-25,37,368,799,Somto Boniface,DEF,Ipswich,10,11,0,2025-05-18T14:00:00Z,0,0,0,0,0,0,0,0,0.0,0.0,0.0,0.0,0.0,0.0,0.0,0.0,0,40
2024-25,37,368,800,Tom Taylor,MID,Ipswich,10,11,0,2025-05-18T14:00:00Z,0,0,0,0,0,0,0,0,0.0,0.0,0.0,0.0,0.0,0.0,0.0,0.0,0,45
2024-25,37,361,801,Brayden Clarke,DEF,Arsenal,1,15,1,2025-05-18T15:30:00Z,0,0,0,0,0,0,0,0,0.0,0.0,0.0,0.0,0.0,0.0,0.0,0.0,0,40
